[{"uid": "373951", "content": "好听"}, {"uid": "2501226", "content": "雄狮变奶狮"}, {"uid": "343216594", "content": "我对你敬礼啊，撒露"}, {"uid": "382478337", "content": "鸡皮疙瘩"}, {"uid": "490598436", "content": "全损音质"}, {"uid": "631787567", "content": "这个声音太酥了吧"}, {"uid": "227767271", "content": "雀食害怕"}, {"uid": "1292519", "content": "优点：咬字清晰"}, {"uid": "95437622", "content": "巴巴尔你个小可爱"}, {"uid": "158623758", "content": "阴间声带"}, {"uid": "443196565", "content": "L77又双叒叕炸啦！"}, {"uid": "29649080", "content": "雷欧！"}, {"uid": "7172219", "content": "我直呼好家伙！"}, {"uid": "490598436", "content": "好听是好听但全损音质"}, {"uid": "398270709", "content": "雷欧～～～"}, {"uid": "316189152", "content": "开口脆"}, {"uid": "499547425", "content": "L77又炸了？"}, {"uid": "112075", "content": "233"}, {"uid": "28972973", "content": "好听~"}, {"uid": "17193", "content": "你这个封面构图跟瞳瞳那个简直如出一辙…"}, {"uid": "43745293", "content": "哈哈哈"}, {"uid": "286621735", "content": "草"}, {"uid": "192897364", "content": "就我自己觉得好听吗？"}, {"uid": "4210033", "content": "..."}, {"uid": "29649080", "content": "雷欧！"}, {"uid": "4156027", "content": "说了是翻唱啊，唱的挺好的"}, {"uid": "85695333", "content": "头皮发麻"}, {"uid": "91219481", "content": "？"}, {"uid": "69168862", "content": "雷欧！"}, {"uid": "7895366", "content": "这有三十年的历史了吧"}, {"uid": "235074683", "content": "害怕"}, {"uid": "929253", "content": "hahahahahaha"}, {"uid": "31903720", "content": "好耶"}, {"uid": "41959223", "content": "雷欧放弃了拯救地球的想法，去河南吃胡辣汤了"}, {"uid": "38826760", "content": "雷欧！雷欧！雷欧！雷欧！雷欧！"}, {"uid": "31280607", "content": "啥玩意"}, {"uid": "298656151", "content": "？？？？？？？？？？？？？？？？？？？？？？？？？？？？？？？？？？？？？？？？？？？？？？？？？？？？？？？？？、"}]