[{"uid": "13606645", "content": "好强啊"}, {"uid": "340961822", "content": "世界名画"}, {"uid": "482626835", "content": "太赞了"}, {"uid": "492685668", "content": "好好好好好好好好好好好"}, {"uid": "492685668", "content": "好"}, {"uid": "492685668", "content": "好"}, {"uid": "2045176702", "content": "恩，针不戳"}, {"uid": "648980641", "content": "不错不错！"}, {"uid": "593664170", "content": "超好听"}, {"uid": "37887879", "content": "╮艾瑞思╭ ╮艾瑞思╭ ╮艾瑞思╭ "}]