[{"uid": "24046430", "content": "奇特的泳姿"}, {"uid": "437786939", "content": "草"}, {"uid": "12184508", "content": "会了，但没有完全会"}, {"uid": "437786939", "content": "草"}, {"uid": "437786939", "content": "我猜园长想说前爪"}, {"uid": "1958934", "content": "草"}, {"uid": "44127617", "content": "草"}, {"uid": "197471427", "content": "草"}, {"uid": "197471427", "content": "群里面哈哈哈"}, {"uid": "49715169", "content": "前手？！莫非园长还有后手？！"}]