[{"uid": "37055", "content": "哈哈哈哈"}, {"uid": "37055", "content": "哈哈哈哈哈"}, {"uid": "37055", "content": "666666"}, {"uid": "37055", "content": "哈哈哈哈哈"}, {"uid": "11159746", "content": "笑死"}, {"uid": "11159746", "content": "草"}, {"uid": "1552896542", "content": "针不戳"}, {"uid": "1552896542", "content": "防水也防不了主板进水潮湿"}, {"uid": "1552896542", "content": "厉害啊"}, {"uid": "8221334", "content": "噗嗤"}, {"uid": "8221334", "content": "这谁能想到啊"}, {"uid": "8221334", "content": "防水也不是这么个防法呀"}, {"uid": "356854986", "content": "哈哈哈"}, {"uid": "437786939", "content": "好家伙"}, {"uid": "49715169", "content": "洗澡玩手机？"}, {"uid": "49715169", "content": "好家伙"}]