[{"uid": "1429532560", "content": "2"}, {"uid": "128458483", "content": "嗯，肥宅应该跑不过我这个阿宅"}, {"uid": "128458483", "content": "2"}, {"uid": "38952807", "content": "1"}, {"uid": "172900043", "content": "对不起，我没得选"}, {"uid": "172900043", "content": "2"}, {"uid": "27422453", "content": "2"}, {"uid": "14564070", "content": "B啊老师说过不能以貌取人"}, {"uid": "449735433", "content": "2"}, {"uid": "2784733", "content": "2"}, {"uid": "145057682", "content": "2"}, {"uid": "23794774", "content": "2"}, {"uid": "33012093", "content": "2"}, {"uid": "39711657", "content": "1"}, {"uid": "619489", "content": "2"}, {"uid": "1087801936", "content": "1"}, {"uid": "241774213", "content": "1"}, {"uid": "523804389", "content": "1"}, {"uid": "74034613", "content": "1"}, {"uid": "201151972", "content": "2"}, {"uid": "366606288", "content": "2"}, {"uid": "688640635", "content": "2"}, {"uid": "36180732", "content": "竟无言以对"}, {"uid": "27620715", "content": "2"}, {"uid": "383208929", "content": "2"}, {"uid": "42479113", "content": "2"}, {"uid": "543753082", "content": "2"}, {"uid": "37055", "content": "说的有道理啊"}, {"uid": "37055", "content": "肯定选老婆问啊"}, {"uid": "37055", "content": "a"}, {"uid": "37055", "content": "1"}, {"uid": "20150921", "content": "2"}, {"uid": "26002622", "content": "？？？"}, {"uid": "26002622", "content": "1"}, {"uid": "342342798", "content": "2"}, {"uid": "1825150", "content": "2"}, {"uid": "437786939", "content": "简单"}, {"uid": "33074917", "content": "2"}, {"uid": "430552726", "content": "你有大问题"}, {"uid": "430552726", "content": "？？？？？"}, {"uid": "13345404", "content": "2"}, {"uid": "430552726", "content": "果断A"}, {"uid": "430552726", "content": "D！都可以D！"}, {"uid": "456278309", "content": "2"}, {"uid": "129336906", "content": "2"}, {"uid": "18872533", "content": "？？？？？"}, {"uid": "18872533", "content": "2"}, {"uid": "152744", "content": "???"}, {"uid": "1921751", "content": "2"}, {"uid": "179819290", "content": "1"}, {"uid": "8072230", "content": "2"}, {"uid": "380086122", "content": "我选择D（ead"}, {"uid": "6069349", "content": "？？？？？？？？"}, {"uid": "18928807", "content": "果断A"}, {"uid": "13345404", "content": "B"}, {"uid": "510535", "content": "3"}]