[{"uid": "37430985", "content": "拔网线"}, {"uid": "1933", "content": "老妹儿实在，加油"}, {"uid": "9230021", "content": "已经很可爱了，角色也是，可能有些人听不懂生肉"}, {"uid": "9230021", "content": "可能是没字幕有些人听不懂吧，部分人都会双语或者三语"}, {"uid": "37141131", "content": "关注她"}, {"uid": "7473228", "content": "【拜托了说真的，一次也好】"}, {"uid": "13640031", "content": "醒一醒，你播的是ff14啊hhhh"}, {"uid": "3296857", "content": "顺带一提，虽然没法发出像其他v一样的可爱的声音，但我不是男生哦"}, {"uid": "3296857", "content": "平时会玩ff14和做杂谈，看到这个视频的你们，可以成为我的粉丝嘛"}, {"uid": "3296857", "content": "我虽然已经活动了三个月了，但完全没怎么涨粉呢"}, {"uid": "3296857", "content": "其他的日本vtb来b站活动后大概一天或一周就有1w到3w的粉丝了"}, {"uid": "3296857", "content": "虽然在b站活动了三个月了，但完全没怎么涨粉丝呢"}, {"uid": "3296857", "content": "bilibili的大家初次见面，我是来自日本的vtb火羽"}, {"uid": "1360954", "content": "以后她回头看自己的介绍会是什么感觉呢"}, {"uid": "1933", "content": "哈哈哈"}, {"uid": "7473228", "content": "【能不能来看看我直播哇】"}, {"uid": "1360954", "content": "一本正经的再见，然后立马拔网线"}, {"uid": "742286", "content": "红包元素好多"}, {"uid": "6753", "content": "加上你这个视频才2个……"}, {"uid": "7473228", "content": "【想说的就这些，再见~】"}, {"uid": "2513089", "content": "好快啊，昨晚说完就发了"}, {"uid": "10812336", "content": "哈哈哈 太惨了"}, {"uid": "9230021", "content": "亿哟"}, {"uid": "742286", "content": "已经开始笑了"}, {"uid": "1828506816", "content": "直球草"}, {"uid": "9570361", "content": "梦开始的地方"}, {"uid": "7473228", "content": "【真的拜托嘞】"}, {"uid": "3296857", "content": "【bilibili的各位大家初次见面，我是来自日本的vtb火羽】"}, {"uid": "366134", "content": "直球過ぎるwww"}, {"uid": "354112", "content": "草"}, {"uid": "1431674", "content": "お前らw"}, {"uid": "1360954", "content": "耿直太草"}, {"uid": "37430985", "content": "再来亿遍"}, {"uid": "1933", "content": "达麦？"}, {"uid": "587140", "content": "草"}, {"uid": "6753", "content": "活动了三个月都没有一个视频吗……"}, {"uid": "8571970", "content": "（bilibili的大家你们好）"}, {"uid": "2437955", "content": "哈哈哈"}, {"uid": "313897", "content": "草"}, {"uid": "522144861", "content": "ww"}, {"uid": "37430985", "content": "拔网线"}, {"uid": "9230021", "content": "残念"}, {"uid": "945802", "content": "www"}, {"uid": "3560230", "content": "FF14"}, {"uid": "88916", "content": "お前ら"}, {"uid": "8540019", "content": "不是八美肉没有精神"}, {"uid": "1364458855", "content": "对线型v"}, {"uid": "1360954", "content": "加油哦"}, {"uid": "589879888", "content": "草"}, {"uid": "29449543", "content": "草"}, {"uid": "2023792", "content": "草"}, {"uid": "3560230", "content": "wwww"}, {"uid": "106568309", "content": "awsl"}, {"uid": "50646321", "content": "草"}, {"uid": "4354256", "content": "渣麦"}]