[{"uid": "1933", "content": "好家伙"}, {"uid": "4066072", "content": "旁边的是面包啦"}, {"uid": "24564034", "content": "DIO哈哈哈哈哈哈"}, {"uid": "3296857", "content": "【确认幻化中】"}, {"uid": "3296857", "content": "【啊这个，这是DIO大人啊】"}, {"uid": "3296857", "content": "【啊等等，有个H打扮的人】"}, {"uid": "3296857", "content": "【啊，悲】"}, {"uid": "3296857", "content": "【旁边有个H打扮的人】"}, {"uid": "6955", "content": "wryyyyyyyyyyy"}, {"uid": "3296857", "content": "【adyu】"}, {"uid": "106568309", "content": "哈哈哈哈"}, {"uid": "62786", "content": "吸血鬼白天打伞 2333"}, {"uid": "3333400", "content": "草"}, {"uid": "15533658", "content": "UP是用13寸的笔记本玩的吗？"}, {"uid": "106568309", "content": "dio"}, {"uid": "10688332", "content": "胡说，明明是猴哥"}]