[{"uid": "1835009201", "content": "太草了"}, {"uid": "1835009201", "content": "wwwwww"}, {"uid": "1835009201", "content": "wwwwwww"}, {"uid": "2513089", "content": "太臭了"}, {"uid": "382910589", "content": "草"}, {"uid": "14177198", "content": "草"}, {"uid": "32139273", "content": "草"}, {"uid": "9972335", "content": "臭死了"}, {"uid": "9972335", "content": "草"}, {"uid": "179162519", "content": "草"}, {"uid": "3102591", "content": "草"}, {"uid": "642368", "content": "草"}, {"uid": "2023792", "content": "太臭了"}, {"uid": "4656", "content": "太臭了"}, {"uid": "10688332", "content": "好诶是片头"}, {"uid": "4324179", "content": "草"}, {"uid": "112776970", "content": "这是一个有味道的视频2333"}, {"uid": "112776970", "content": "哈哈哈哈哈哈哈哈"}, {"uid": "8387458", "content": "草"}, {"uid": "660971", "content": "草！好臭啊"}, {"uid": "16339361", "content": "草"}, {"uid": "1360954", "content": "吓我一跳"}, {"uid": "4897960", "content": "安"}, {"uid": "1360954", "content": "片头来了"}, {"uid": "921924", "content": "草"}, {"uid": "107160", "content": "安"}, {"uid": "4656", "content": "草"}, {"uid": "1835009201", "content": "好臭"}, {"uid": "11692311", "content": "好臭的直播间"}]