[{"uid": "12347968", "content": "认错肥了还行"}, {"uid": "4714076", "content": "回过头看真是缘分啊 那个肥就在火羽前面排着"}, {"uid": "9847316", "content": "草"}, {"uid": "15533658", "content": "看到一只鸡"}, {"uid": "15533658", "content": "我都看到了hhhh"}, {"uid": "99726307", "content": "13 fps"}, {"uid": "8279137", "content": "13帧？？？？"}, {"uid": "7393469", "content": "老朽草"}, {"uid": "4561867", "content": "私聊的名字选中啊 急"}, {"uid": "4450118", "content": "哈哈哈哈哈"}, {"uid": "16339361", "content": "？？？"}, {"uid": "24564034", "content": "↓脸色铁青"}, {"uid": "24564034", "content": "首  尾  呼  应"}, {"uid": "2274799", "content": "个头太低看不到"}, {"uid": "5755955", "content": "没带水晶，是弓箭手"}, {"uid": "808813", "content": "场面一度十分尴尬哈哈哈哈哈哈哈"}, {"uid": "280798", "content": "哈哈哈哈"}, {"uid": "10688332", "content": "草"}, {"uid": "3553991", "content": "草啊"}, {"uid": "2906472", "content": "哈哈哈哈哈肥肥太小了看不到"}, {"uid": "263154", "content": "哈哈哈哈哈开始笑了"}, {"uid": "106568309", "content": "awsl"}, {"uid": "3560230", "content": "wwwww"}, {"uid": "910080", "content": "草"}, {"uid": "360569", "content": "koko哈哈哈"}, {"uid": "259410709", "content": "哈哈哈哈哈哈哈哈哈哈"}, {"uid": "259410709", "content": "场面一度十分尴尬"}, {"uid": "422435", "content": "老朽草啊"}, {"uid": "24564034", "content": "瞅给孩子开心的"}, {"uid": "745330", "content": "尴尬了"}, {"uid": "15533658", "content": "禁止呐"}, {"uid": "263154", "content": "哈哈哈哈哈哈哈"}]