[{"uid": "7361692", "content": "乃老师经典贼眉鼠眼"}, {"uid": "4897423", "content": "乃琳别偷作业了"}, {"uid": "4897423", "content": "暴露年龄系列"}, {"uid": "24105560", "content": "晚指导和嘉指导都有点拉"}, {"uid": "28968388", "content": "晚指导又拉了啊"}, {"uid": "446450045", "content": "珈乐也不错"}, {"uid": "22440001", "content": "我去第一次知道这首歌的歌名"}, {"uid": "1634591", "content": "批评碗指导拉跨的人有难了"}, {"uid": "14106209", "content": "这个晚指导！！！！"}, {"uid": "22233475", "content": "真有你的晚指导"}, {"uid": "13318315", "content": "冲冲"}, {"uid": "1410026", "content": "贝拉跟不愧是舞旦"}, {"uid": "600234913", "content": "哈哈哈，其实就嘉然跟上了队长，你们就盯着碗指导看23333"}, {"uid": "1410026", "content": "老年迪斯科"}, {"uid": "39071559", "content": "什么郭富城"}, {"uid": "64910999", "content": "第一次知道歌名←_←"}, {"uid": "37565122", "content": "暴露年龄"}, {"uid": "14106209", "content": "晚指导这个拉垮也太明显了"}, {"uid": "13474987", "content": "乖乖隆地咚"}, {"uid": "1170862", "content": "就好这口"}, {"uid": "4193922", "content": "sing也跳过这个"}, {"uid": "482455864", "content": "贝拉珈乐一眼练习生"}, {"uid": "3398035", "content": "晚指导开头就拉胯，就好这口"}, {"uid": "107942400", "content": "哈哈哈哈"}, {"uid": "52676512", "content": "衣服好看"}, {"uid": "482626835", "content": "贝拉 跳的好帅"}, {"uid": "14106209", "content": "不拉不看-= ="}, {"uid": "3008344", "content": "天天说拉胯的晚指导拉胯的人你没有心"}, {"uid": "902909", "content": "潮潮潮！！！"}, {"uid": "5067377", "content": "不拉胯不爱"}, {"uid": "700565027", "content": "狗都不看"}]