[{"uid": "1693088", "content": "全世界最有礼貌的工作室"}, {"uid": "122529987", "content": "我怎么想起了:这个好诶"}, {"uid": "33930313", "content": "来，小然你给他整个活，草！走！忽略！"}, {"uid": "280580523", "content": "來，小然，給大家整個活"}, {"uid": "410675350", "content": "团宠嘉然"}, {"uid": "501178013", "content": "来，小然你给他整个活，草！走！忽略！"}, {"uid": "8434387", "content": "小然，给大伙整个活"}, {"uid": "1548838842", "content": "真的铸币我都不知道怎么说了这工具人"}, {"uid": "49546170", "content": "嘉然给他整个活儿！"}, {"uid": "1536774", "content": "我不高考但我也收到收到收到"}, {"uid": "35740522", "content": "小然你先整个活"}, {"uid": "3846919", "content": "来！小然给他整个活！草！走！忽略！"}, {"uid": "36019242", "content": "拜  大  年"}, {"uid": "22985378", "content": "来！小然给他整个活！草！走！忽略！"}, {"uid": "375781822", "content": "小然给他整个活"}, {"uid": "9581788", "content": "然然  给带伙整个活！"}, {"uid": "11561054", "content": "字幕又错了是吧铸币工具人"}, {"uid": "30855961", "content": "连字幕都能打错的铸币工具人"}, {"uid": "218492845", "content": "拼搏一天，我要去枝江大学"}, {"uid": "97102036", "content": "一      个     魂"}, {"uid": "40033562", "content": "小嘴拍肿了"}, {"uid": "394878316", "content": "6324抽象工作室"}, {"uid": "22016278", "content": "6324抽象工作室给大家拜年啦"}, {"uid": "85971430", "content": "高考还在看a手的真的寄了"}, {"uid": "285130460", "content": "珈乐从小黑屋出来了?"}, {"uid": "32683257", "content": "卧槽，乐！！！！！！！"}, {"uid": "33236004", "content": "铸币工具人可以414了"}, {"uid": "519804", "content": "这下写的都不对了"}, {"uid": "18665801", "content": "铸币工具人打错了是吧"}, {"uid": "208228765", "content": "就这几句话，字幕也能打错，工具人铸币了属于是"}, {"uid": "349191566", "content": "兄弟们，等我9号考完化学引波大的"}, {"uid": "286893", "content": "小亮 给大家整个活！"}, {"uid": "1762193", "content": "这就复读考枝江大学！"}, {"uid": "11081434", "content": "小然给大家整个活"}, {"uid": "13017687", "content": "小然给他整个活"}, {"uid": "345991793", "content": "然然可爱捏"}, {"uid": "1662392", "content": "小然给他整个活儿"}, {"uid": "5683348", "content": "小然给他整个活儿"}, {"uid": "5965860", "content": "然 我的嘉然！"}, {"uid": "3971724", "content": "蒙的都对"}, {"uid": "5534610", "content": "卧槽 乐！"}, {"uid": "13720945", "content": "工具人可以414了"}, {"uid": "34423646", "content": "卧槽，乐！"}, {"uid": "18064749", "content": "卧槽！乐！"}, {"uid": "19889135", "content": "卧槽，然"}, {"uid": "6499682", "content": "什么诈骗！"}, {"uid": "345991793", "content": "然然可爱捏"}, {"uid": "18665801", "content": "卧槽，乐！"}, {"uid": "8434387", "content": "草走忽略"}, {"uid": "391304", "content": "欧泡时间到"}, {"uid": "110525267", "content": "草，走，忽略！"}, {"uid": "4216840", "content": "我槽，乐！！！！！！"}, {"uid": "341946088", "content": "收到收到收到"}, {"uid": "2259632", "content": "然，吻我"}, {"uid": "4645504", "content": "乐你说话啊乐"}, {"uid": "22126112", "content": "拉姐我的拉姐"}, {"uid": "21485662", "content": "欧内的手好汉"}, {"uid": "35390604", "content": "收到收到收到"}, {"uid": "554888017", "content": "卧槽，乐！"}, {"uid": "71094546", "content": "卧槽，乐"}, {"uid": "12796304", "content": "收到收到收到"}, {"uid": "14651140", "content": "收到收到收到"}, {"uid": "7817787", "content": "拉姐，嘿嘿"}, {"uid": "555074480", "content": "收到收到收到"}, {"uid": "1796555", "content": "这几个高考过嘛"}, {"uid": "24850798", "content": "乐  我的珈乐！"}, {"uid": "6701599", "content": "卧槽，乐！"}, {"uid": "104267317", "content": "收到收到收到"}, {"uid": "441923614", "content": "卧槽，乐！"}, {"uid": "93677040", "content": "卧槽，乐！"}, {"uid": "23742926", "content": "收到收到收到"}, {"uid": "13563637", "content": "收到收到收到"}, {"uid": "10980713", "content": "无敌了"}, {"uid": "6232496", "content": "收到收到"}, {"uid": "128544929", "content": "送欧透"}, {"uid": "32657647", "content": "咋又5个"}, {"uid": "1326052726", "content": "欧内的手，好汉！"}, {"uid": "325338800", "content": "然，我的然"}, {"uid": "34566104", "content": "我超，乐！"}, {"uid": "12181159", "content": "6324抽象工作室"}, {"uid": "33321197", "content": "乐，我的乐"}, {"uid": "2786625", "content": "mua时间到"}, {"uid": "12532666", "content": "乐，我的乐"}, {"uid": "200704338", "content": "收到收到"}, {"uid": "15162788", "content": "卧槽，乐！"}, {"uid": "73442635", "content": "收到收到收到"}, {"uid": "35342449", "content": "收到收到收到"}, {"uid": "22865705", "content": "欧西给"}, {"uid": "34958531", "content": "这下写不对了"}, {"uid": "6683714", "content": "高考考生 加油！"}, {"uid": "93046564", "content": "收到收到收到"}, {"uid": "73416011", "content": "就是不让蒙是吧"}, {"uid": "34180864", "content": "oh！我的乐！"}, {"uid": "73686904", "content": "图图吧"}, {"uid": "156797469", "content": "收到收到"}, {"uid": "23742926", "content": "收到收到收到"}, {"uid": "519804", "content": "卧槽乐"}, {"uid": "27184741", "content": "wc乐！"}, {"uid": "53013787", "content": "乐，我的乐"}, {"uid": "20866534", "content": "可爱捏"}, {"uid": "1548838842", "content": "卧槽乐！"}, {"uid": "183023943", "content": "欧洗给"}, {"uid": "15354354", "content": "收到收到"}, {"uid": "5470648", "content": "珈乐，我的珈乐"}, {"uid": "490871957", "content": "珈乐！你带我走吧！"}, {"uid": "4775549", "content": "忽略！"}, {"uid": "1478643333", "content": "送哦西给"}, {"uid": "11332236", "content": "可爱可爱"}, {"uid": "130172816", "content": "嗷"}, {"uid": "93432557", "content": "好好好"}, {"uid": "17581662", "content": "可爱捏"}, {"uid": "183652567", "content": "好多v啊"}, {"uid": "219565977", "content": "收到收到"}, {"uid": "162699201", "content": "乐！"}, {"uid": "674235102", "content": "恶心心"}, {"uid": "1258750178", "content": "整活"}, {"uid": "19921075", "content": "伞兵"}, {"uid": "2436125", "content": "乐！"}, {"uid": "35805786", "content": "今天考完"}, {"uid": "109644245", "content": "鬼！"}, {"uid": "410675350", "content": "哇哦"}, {"uid": "179071057", "content": "不是送欧透？"}, {"uid": "9023824", "content": "收到收到收到"}, {"uid": "35617510", "content": "寄了"}, {"uid": "13551715", "content": "我超乐！"}, {"uid": "22865705", "content": "骗人是吧"}, {"uid": "22865705", "content": "不是拜年？"}, {"uid": "22646692", "content": "送i"}, {"uid": "276453911", "content": "乐。我的乐"}, {"uid": "13825853", "content": "蚌埠住了"}, {"uid": "14564173", "content": "嗷"}, {"uid": "489612735", "content": "可爱捏"}, {"uid": "303362196", "content": "考完了"}, {"uid": "11537945", "content": "然然给大伙整个活"}, {"uid": "36891534", "content": "收到收到收到"}, {"uid": "33926213", "content": "高中生加油嗷"}, {"uid": "360267048", "content": "恶心心"}, {"uid": "32993520", "content": "乐！"}, {"uid": "7076885", "content": "在哪儿看过，抖音？"}, {"uid": "73442635", "content": "好好好好好"}, {"uid": "23370533", "content": "收到收到收到"}, {"uid": "22865705", "content": "珈乐我的珈乐"}, {"uid": "13792415", "content": "高考加油！"}, {"uid": "21517486", "content": "就几句话，字幕都能错，工具人重开吧"}, {"uid": "1662392", "content": "乐！"}, {"uid": "5683348", "content": "这下杨超越了"}, {"uid": "90916860", "content": "猪鼻吧"}, {"uid": "480915234", "content": "我然呢？"}, {"uid": "1400595165", "content": "溜！"}, {"uid": "109644245", "content": "乐！！！"}, {"uid": "593802439", "content": "借你吉言"}, {"uid": "15621504", "content": "寄！"}, {"uid": "147086388", "content": "送欧西给"}, {"uid": "92762565", "content": "看家勾"}, {"uid": "21190769", "content": "鹿哥是吧"}, {"uid": "609757740", "content": "乐！"}, {"uid": "4796983", "content": "珈乐听起来像录音后期配的"}, {"uid": "12793865", "content": "乐！"}, {"uid": "8247274", "content": "乐"}, {"uid": "173526481", "content": "乐乐乐乐乐乐乐乐乐乐"}, {"uid": "100791715", "content": "瞎B答答"}, {"uid": "4268746", "content": "乐！"}, {"uid": "13303705", "content": "什么封建迷信"}, {"uid": "487080522", "content": "6324"}, {"uid": "126783684", "content": "乐"}, {"uid": "1211337111", "content": "不转发就收不到是吧 诅咒?"}, {"uid": "11828853", "content": "嘉然yyds"}, {"uid": "82658096", "content": "乐！"}, {"uid": "26580930", "content": "高考加油！高考胜利"}, {"uid": "511125575", "content": "草走"}, {"uid": "106380513", "content": "乐！"}, {"uid": "23370533", "content": "收到收到收到"}, {"uid": "14416275", "content": "乐乐乐"}, {"uid": "22646692", "content": "送欧洗给"}, {"uid": "174834356", "content": "真的吗"}, {"uid": "62994992", "content": "乐！"}, {"uid": "14599924", "content": "6324"}, {"uid": "2246886", "content": "这下得去枝江大学了"}, {"uid": "3026798", "content": "这下得去枝江大学了"}, {"uid": "147086388", "content": "a手？欧内的手！"}, {"uid": "414911599", "content": "好好好好好好好好好好好好好好好"}]