[{"uid": "5846522", "content": "小的挠脸了"}, {"uid": "82395101", "content": "我重伤倒地"}, {"uid": "692127297", "content": "还好哈哈哈防伪认证"}, {"uid": "24812866", "content": "↑行走的50万是吧"}, {"uid": "88094386", "content": "收下乃老师的wink！！！"}, {"uid": "11454650", "content": "这个转头就拉姐转的行"}, {"uid": "351237959", "content": "说七十亿的，世界大同了属于是"}, {"uid": "30354581", "content": "一直在看乐 太对味了"}, {"uid": "11690745", "content": "战术后仰"}, {"uid": "9031407", "content": "工具人事顶碗人吗，只给晚晚特写"}, {"uid": "370863437", "content": "天上怎么用五个太阳（"}, {"uid": "57729555", "content": "嘉然这几跳都很有力度很好看"}, {"uid": "310581509", "content": "晚晚一如既往的拉哈哈哈哈哈不愧是你"}, {"uid": "482455864", "content": "这里乃琳队形站错了，但镜头切的好"}, {"uid": "30952081", "content": "嘉心糖集合！！！"}, {"uid": "1706522", "content": "珈乐这个跳好可爱！！！"}, {"uid": "10255726", "content": "一脚踢出五学家是吧（"}, {"uid": "395846532", "content": "哇  这高音   乃琳！！"}, {"uid": "635702563", "content": "晚指导拉了"}, {"uid": "3265897", "content": "投到网易云上的也是“过过过”"}, {"uid": "37881530", "content": "这里是wink+踢腿欸，还有wink的"}, {"uid": "37881530", "content": "说实话，两个版本，这一段的歌词听起来都像是“过过过”而不是“啵啵啵”呀"}, {"uid": "432908008", "content": "乃琳转圈还是转右边了好好好"}, {"uid": "107710409", "content": "otto，又是他！"}, {"uid": "4271451", "content": "才发现这个爱心特效"}, {"uid": "8284979", "content": "哈哈哈够不到可太可爱了"}, {"uid": "8096631", "content": "防伪认证"}, {"uid": "23802946", "content": "底下的人感觉起码有50W"}, {"uid": "3472152", "content": "一个魂！！！"}, {"uid": "8865140", "content": "向晚防伪认证"}, {"uid": "8865140", "content": "诶！够不到捏"}, {"uid": "22600392", "content": "拉姐不愧是舞担啊，大家都好棒"}, {"uid": "233472752", "content": "然然的声音爱了"}, {"uid": "2063062", "content": "十万甚至九万"}, {"uid": "72346355", "content": "防伪认证"}, {"uid": "27210562", "content": "梅奔的格局小了，下一站鸟巢"}, {"uid": "1212875486", "content": "从这个视角看才知道原来身后还有那么多人"}, {"uid": "19200768", "content": "乃老师感觉跳不起来"}, {"uid": "18276097", "content": "在现场，真的在现场"}, {"uid": "416599377", "content": "晚晚那是防伪标签，不是拉"}, {"uid": "416599377", "content": "如果她们真开演唱会那可要好好的去现场支持"}, {"uid": "28604312", "content": "晚晚经典防伪认证"}, {"uid": "145761258", "content": "五个阿草的哈哈哈哈哈哈"}, {"uid": "31190554", "content": "hhhhh 想起晚指导那阵动图"}, {"uid": "130283246", "content": "这能看成150个人的我建议remake  "}, {"uid": "46412720", "content": "然然可爱可爱可爱捏"}, {"uid": "11094881", "content": "第一眼还以为是5个阿草"}, {"uid": "50334696", "content": "战术后仰"}, {"uid": "50334696", "content": "战术后仰"}, {"uid": "74362490", "content": "然然本音就是这样捏"}, {"uid": "17944858", "content": "雷达全开这一段的编舞太好了捏"}, {"uid": "12530649", "content": "诶，够不到捏"}, {"uid": "284297798", "content": "晚指导小拉不算拉"}, {"uid": "29240676", "content": "别说，晚指导拉的不明显"}, {"uid": "35511514", "content": "乃琳的wink是我的_"}, {"uid": "77641108", "content": "台词固定的"}, {"uid": "95310174", "content": "乃琳你把我也带走吧！"}, {"uid": "11727145", "content": "珈乐怎么像个瓷瓶"}, {"uid": "23132883", "content": "小的也太可爱了！！"}, {"uid": "23132883", "content": "小的也太可爱了"}, {"uid": "23648014", "content": "晚晚哈哈哈哈哈好可爱"}, {"uid": "400787054", "content": "拉姐以前是专业芭蕾舞演员，要受伤了才退役来当偶像的"}, {"uid": "58735620", "content": "够不到哈哈哈"}, {"uid": "23067543", "content": "一排目测40个人，多少排自己想想"}, {"uid": "88458985", "content": "嘉然本音真的好听"}, {"uid": "687018484", "content": "炊事班报告，是黑色捏"}, {"uid": "11628888", "content": "感觉拉姐就是说不出的专业"}, {"uid": "635702563", "content": "贝拉声音好苏"}, {"uid": "2666458", "content": "每次来都有人，六天了才9万播放吗·"}, {"uid": "37296411", "content": "乃老师被贝拉铁棍安排了"}, {"uid": "37881530", "content": "不愧是队长，节奏刚刚好"}, {"uid": "30511582", "content": "《各跳各的》"}, {"uid": "4745501", "content": "雷达全开这段，然然跳的最棒啊"}, {"uid": "22600392", "content": "这就是大公司的编舞吗"}, {"uid": "22600392", "content": "线下又赢又输"}, {"uid": "301469344", "content": "摩托姐姐来支持一下师妹"}, {"uid": "499838024", "content": "贝拉真的舞担+指导啊  不愧是队长"}, {"uid": "157340391", "content": "晚晚小拉也是可爱捏"}, {"uid": "65884069", "content": "超级的敏感，超级不平淡"}, {"uid": "13977951", "content": "还有85个魂儿在溜捏"}, {"uid": "1636834", "content": "杜向晚是吧，每次c位都特写"}, {"uid": "13977951", "content": "拉姐踹我！"}, {"uid": "300924126", "content": "都非常棒"}, {"uid": "96635332", "content": "乃老师这样转圈练了好多遍 可爱"}, {"uid": "65884069", "content": "线下卡炸了，气氛超级好，后来就全在rnm退钱哈哈哈哈哈哈"}, {"uid": "160031771", "content": "就在今天！！！"}, {"uid": "160031771", "content": "就在今天！"}, {"uid": "12006638", "content": "忠！诚！"}, {"uid": "328982013", "content": "台下的黑影总有一天会成真"}, {"uid": "1496355494", "content": "这是嘉然声音？？好御啊"}, {"uid": "50334696", "content": "战术后仰"}, {"uid": "11136710", "content": "这里线下超卡，但都好好打call了"}, {"uid": "382830198", "content": "卧槽！手！"}, {"uid": "91901784", "content": "加油捏！"}, {"uid": "7087139", "content": "有人拉了我不说是谁"}, {"uid": "6477174", "content": "拉姐拉姐呜呜呜呜"}, {"uid": "30354581", "content": "忠诚！"}, {"uid": "86108357", "content": "乃琳这里没转对哈～"}, {"uid": "23648014", "content": "拉姐nb！"}, {"uid": "399778415", "content": "紫色钻头故意拉跨破坏企划乐属于是"}, {"uid": "3060084", "content": "哈哈哈，经典防伪"}, {"uid": "5264919", "content": "带我走吧拉姐"}, {"uid": "3060084", "content": "经典各跳各的"}, {"uid": "342505438", "content": "小矮子太可爱了"}, {"uid": "13587839", "content": "乃老师太大了，当然跳不起来"}, {"uid": "57729555", "content": "但是拉胯晚真的很可爱，唉，难以取舍的两种晚"}, {"uid": "3828667", "content": "就在今天！"}, {"uid": "7503494", "content": "然然本音也太御了吧"}, {"uid": "12463004", "content": "按mv来看的话这一段是奶0哦"}, {"uid": "37881530", "content": "贝拉跳地真好"}, {"uid": "233472752", "content": "然然的声音爱了"}, {"uid": "13013181", "content": "这首歌越听越好听"}, {"uid": "500481301", "content": "帅帅帅帅帅"}, {"uid": "3144448", "content": "就在今天！"}, {"uid": "809867", "content": "晚晚 我的晚晚 "}, {"uid": "13300180", "content": "晚晚的防伪标识"}, {"uid": "7581154", "content": "太棒了！"}, {"uid": "89028195", "content": "小拉不算拉"}, {"uid": "85776107", "content": "溜了十几遍了"}, {"uid": "100954", "content": "给乃琳做个适合跳这种舞的衣服吧"}, {"uid": "296346430", "content": "赶紧上传网易云音乐！！！！！"}, {"uid": "242245", "content": "拉姐跳的好认真"}, {"uid": "659955", "content": "拉姐踢到我心里了"}, {"uid": "285745719", "content": "好踹！"}, {"uid": "11047175", "content": "就在今天！"}, {"uid": "359687", "content": "线下人回来看录播了呜呜呜"}, {"uid": "19131355", "content": "承包乐的这个跳！"}, {"uid": "14392718", "content": "怕是每一排都有50个了"}, {"uid": "2613723", "content": "禁止家虎"}, {"uid": "12663834", "content": "就在今天"}, {"uid": "7025880", "content": "贝极星在吗？给你一脚！！"}, {"uid": "12006638", "content": "一刻都不想离开"}, {"uid": "6779193", "content": "线下输麻了 在现场看线上直播"}, {"uid": "50318245", "content": "刚刚那句是嘉然？"}, {"uid": "8329240", "content": "晚指导"}, {"uid": "12622707", "content": "这一腿我死了 忠！诚！"}, {"uid": "491312123", "content": "我的评价是，神回！"}, {"uid": "1929127570", "content": "神龙摆尾！"}, {"uid": "296558958", "content": "珈乐的身材也太好了吧"}, {"uid": "25285866", "content": "拉姐这节奏太好了"}, {"uid": "20228958", "content": "哈哈哈经典拉胯"}, {"uid": "11690745", "content": "就在今天！"}, {"uid": "19597066", "content": "骑士集合！"}, {"uid": "35371207", "content": "台下少说得14亿人吧"}, {"uid": "4844772", "content": "乃琳转对了哈～"}, {"uid": "29368516", "content": "每日一溜"}, {"uid": "82039096", "content": "这是乃琳声音"}, {"uid": "10255726", "content": "够不到哈哈"}, {"uid": "12859070", "content": "镜头差点意思"}, {"uid": "107710409", "content": "otto，又是他！"}, {"uid": "35590677", "content": "不是3800万个魂"}, {"uid": "8865140", "content": "向晚的防伪小拉"}, {"uid": "8865140", "content": "小拉的晚晚不算拉"}, {"uid": "1855335", "content": "就在今天！"}, {"uid": "617569972", "content": "原来是下雨了"}, {"uid": "3265897", "content": "能看成十万的我建议也remake"}, {"uid": "2038787", "content": "otto 是你！"}, {"uid": "22650744", "content": "拉姐好帅"}, {"uid": "290855032", "content": "otto是你！"}, {"uid": "22865705", "content": "卧槽，果丹皮"}, {"uid": "349988564", "content": "那个本人肯定是最郁闷"}, {"uid": "13882645", "content": "喜欢跳跳的那部分"}, {"uid": "85776107", "content": "快传到网易云"}, {"uid": "43891045", "content": "毕竟乃老师太大了"}, {"uid": "7744570", "content": "贝极星在看吗？给你一脚"}, {"uid": "6738538", "content": "没想到一个魂尽然有这么多人去了  "}, {"uid": "65884069", "content": "刚从线下回来，看一下线上的"}, {"uid": "2517615", "content": "然然声音也太顶了"}, {"uid": "5830272", "content": "这歌是真好听啊"}, {"uid": "663041565", "content": "雷达全开这段编舞有点像这是我梦里到过的地方？？？"}, {"uid": "5641399", "content": "看右下角大概150左右吧"}, {"uid": "25582968", "content": "我受伤了"}, {"uid": "291355453", "content": "就在今天！"}, {"uid": "12663834", "content": "就在今天！"}, {"uid": "28079051", "content": "小拉不算拉"}, {"uid": "38413064", "content": "拉姐踢我！"}, {"uid": "436371859", "content": "摸一下是乃林啦"}, {"uid": "38523561", "content": "拉姐！！！！"}, {"uid": "39502363", "content": "大概是70亿个"}, {"uid": "169213579", "content": "这段是乃琳唱的"}, {"uid": "399778415", "content": "不许说向晚！她是我爹！"}, {"uid": "902909", "content": "哈哈哈笑死了"}, {"uid": "10022963", "content": "等MSI"}, {"uid": "432881029", "content": "小拉不算拉"}, {"uid": "57729555", "content": "这一跳太好了"}, {"uid": "38129740", "content": "乃琳的wink！！"}, {"uid": "19680501", "content": "那个紫色钻头怎么总慢一拍啊"}, {"uid": "211035565", "content": "一帮宅男是吧"}, {"uid": "4745501", "content": "小的跟拉姐都跳挺好的"}, {"uid": "77641108", "content": "真听不出嘉然的声音"}, {"uid": "504504407", "content": "就在今天"}, {"uid": "247894089", "content": "300人左右吧，参考高中做操那种队形，这个甚至更挤一点"}, {"uid": "228397533", "content": "贝拉跳的是真的好"}, {"uid": "4455634", "content": "小拉不算拉"}, {"uid": "7503494", "content": "谁c谁唱是吧，我爱了"}, {"uid": "319441715", "content": "跳的其实还是蛮齐的"}, {"uid": "4271451", "content": "这个应该是嘉然唱的"}, {"uid": "12272031", "content": "150的怕是没见过世面"}, {"uid": "9023824", "content": "就在今天！"}, {"uid": "15299820", "content": "就在今天！"}, {"uid": "13013181", "content": "贝拉跳得是真好啊"}, {"uid": "12622707", "content": "忠！诚！"}, {"uid": "263764164", "content": "太帅了贝爷"}, {"uid": "483063281", "content": "卧槽 然！"}, {"uid": "300924126", "content": "都非常棒"}, {"uid": "416599377", "content": "忠诚"}, {"uid": "80435457", "content": "可爱捏"}, {"uid": "21028665", "content": "晚指导小拉了。"}, {"uid": "21028665", "content": "俺指导又拉了。"}, {"uid": "31190554", "content": "我们是冠军"}, {"uid": "31190554", "content": "好好好"}, {"uid": "13103667", "content": "开门！"}, {"uid": "291406638", "content": "乐!!!!!"}, {"uid": "37798688", "content": "这是然然的声音？"}, {"uid": "1668309158", "content": "跳的不错"}, {"uid": "38413064", "content": "贝拉我的贝拉"}, {"uid": "15116045", "content": "哈哈哈"}, {"uid": "4701456", "content": "乃琳刚刚没转对哈"}, {"uid": "6651035", "content": "小拉不算拉"}, {"uid": "366914995", "content": "↑ 300万？14亿！"}, {"uid": "520696911", "content": "卧槽！然"}, {"uid": "1001994793", "content": "贝拉好可爱捏"}, {"uid": "95310174", "content": "乃琳臭宝爱你"}, {"uid": "23156775", "content": "小拉不算拉"}, {"uid": "6165391", "content": "踢到我心里了"}, {"uid": "26573385", "content": "yeahtiger"}, {"uid": "4343574", "content": "溜"}, {"uid": "40770599", "content": "嘉然"}, {"uid": "33641524", "content": "矮的好突出"}, {"uid": "432881029", "content": "爹"}, {"uid": "400847680", "content": "然然不唱是吧"}, {"uid": "291406638", "content": "乐!!!"}, {"uid": "29152944", "content": "珈乐好喜欢你"}, {"uid": "282775305", "content": "这是嘉然"}, {"uid": "395846532", "content": "这里是乃琳的捏～"}, {"uid": "2666458", "content": "晚晚小拉不算拉"}, {"uid": "635702563", "content": "贝拉舞力全开"}, {"uid": "18562558", "content": "乃老师跳的就很僵硬"}, {"uid": "15730133", "content": "这不是嘉然的声音啦"}, {"uid": "638927", "content": "难道不是剥剥剥一半？"}, {"uid": "482789034", "content": "爹!"}, {"uid": "2305653", "content": "这段肯定奶琳啊"}, {"uid": "404920080", "content": "otto是你"}, {"uid": "162231260", "content": "拉姐替踢我"}, {"uid": "35590677", "content": "经典"}, {"uid": "8096631", "content": "这得有是几个人吧"}, {"uid": "677133419", "content": "这矮子谁啊"}, {"uid": "21557250", "content": "小溜一下"}, {"uid": "158538442", "content": "一亿五千万！"}, {"uid": "213827292", "content": "拉姐踢我！"}, {"uid": "300924126", "content": "就在今天"}, {"uid": "250853798", "content": "忽然有点鼻酸"}, {"uid": "31190554", "content": "就在今天！"}, {"uid": "24842392", "content": "wink！"}, {"uid": "30573361", "content": "应该是谁C位谁的声音吧"}, {"uid": "22865705", "content": "武圣！"}, {"uid": "3066071", "content": "这是第二遍的"}, {"uid": "16982084", "content": "神回？圣回!"}, {"uid": "1496355494", "content": "拉姐踢我！"}, {"uid": "1793036", "content": "乐爷！！！！！"}, {"uid": "449218071", "content": "棒棒棒"}, {"uid": "68010785", "content": "反正是满满的"}, {"uid": "1909279", "content": "错过直播了  呜呜"}, {"uid": "11332236", "content": "就在今天！"}, {"uid": "16891710", "content": "谁知道现场大概多少人啊？？"}, {"uid": "472137392", "content": "好好好"}, {"uid": "105417605", "content": "乐乐乐乐乐乐乐乐乐乐乐乐"}, {"uid": "350937374", "content": "团结"}, {"uid": "399764559", "content": "就在今天！"}, {"uid": "399764559", "content": "拉姐舞蹈担当"}, {"uid": "399764559", "content": "拉姐踢我！"}, {"uid": "473798573", "content": "好想去看"}, {"uid": "95720223", "content": "好好好好好好好"}, {"uid": "7689124", "content": "嘉门"}, {"uid": "317036544", "content": "小拉不算拉"}, {"uid": "30354581", "content": "小拉不算拉"}, {"uid": "23132883", "content": "然然可爱捏"}, {"uid": "11011750", "content": "拉姐踢我！"}, {"uid": "11690745", "content": "乐！我的乐！"}, {"uid": "43243191", "content": "这是乃琳"}, {"uid": "34944229", "content": "珈乐，我的珈乐"}, {"uid": "11992857", "content": "然然然然然然然然然然然然然然"}, {"uid": "32925509", "content": "溜"}, {"uid": "57729555", "content": "晚晚小拉不算拉"}, {"uid": "635702563", "content": "啊 我被踹死了"}, {"uid": "12076459", "content": "拉姐跳的真棒"}, {"uid": "15973686", "content": "为啥韩华没这么勤劳，放假比公务员还准时"}, {"uid": "4210801", "content": "0!"}, {"uid": "3144448", "content": "乐声音真好听"}, {"uid": "482789034", "content": "——_——"}, {"uid": "7675765", "content": "早该踢踢了"}, {"uid": "14791198", "content": "晚指导小拉不算拉嗷"}, {"uid": "6165391", "content": "珈乐，我的珈乐"}, {"uid": "83539662", "content": "otto"}, {"uid": "100420053", "content": "小拉不算拉"}, {"uid": "22865705", "content": "好小的然"}, {"uid": "325612058", "content": "150？你一个顶别人十个是吧"}, {"uid": "400935", "content": "Otto是吧"}, {"uid": "17373860", "content": "下雨了"}, {"uid": "2230640", "content": "演唱会我必去"}, {"uid": "424541", "content": "经典拉跨"}, {"uid": "4127122", "content": "晚晚小拉"}, {"uid": "22038062", "content": "确实有点麻"}, {"uid": "695698501", "content": "晚晚慢了"}, {"uid": "65884069", "content": "刚从线下"}, {"uid": "12602539", "content": "好听"}, {"uid": "162304832", "content": "这里是乃琳哦"}, {"uid": "174563082", "content": "晚！"}, {"uid": "436371859", "content": "然然！"}, {"uid": "399764559", "content": "拉！"}, {"uid": "399764559", "content": "拉姐！"}, {"uid": "459321", "content": "然然老婆！！！！！！"}, {"uid": "103413694", "content": "这跳的也不齐吧"}, {"uid": "487003978", "content": "otto是你"}, {"uid": "36809142", "content": "拉姐踢我"}, {"uid": "402384825", "content": "液泰尬！"}, {"uid": "166902126", "content": "otto"}, {"uid": "432881029", "content": "爹！"}, {"uid": "13103266", "content": "不拉不看"}, {"uid": "65565998", "content": "四万万！"}, {"uid": "57729555", "content": "我的魂!"}, {"uid": "635702563", "content": "这至少千人"}, {"uid": "13977951", "content": "小拉不算拉"}, {"uid": "35327513", "content": "这部分是乃琳，看网易云的歌词"}, {"uid": "13831849", "content": "拉姐踢我"}, {"uid": "4210801", "content": "爹！"}, {"uid": "635702563", "content": "左边拉了还是右边拉了 这是个问题"}, {"uid": "635702563", "content": "拉！"}, {"uid": "635702563", "content": "快踢我"}, {"uid": "39468720", "content": "这个有录播吗"}, {"uid": "3484010", "content": "这么多人.."}, {"uid": "2086926", "content": "イェッタイガー"}, {"uid": "4045754", "content": "000"}, {"uid": "3144448", "content": "乐！！！"}, {"uid": "35590677", "content": "确实"}, {"uid": "12272031", "content": "150的建议回炉重造"}, {"uid": "13410402", "content": "好"}, {"uid": "486764194", "content": "好踢"}, {"uid": "19143791", "content": "好踢"}, {"uid": "347908659", "content": "这得有一二十吧"}, {"uid": "172742006", "content": "otto"}, {"uid": "82658096", "content": "乐！"}, {"uid": "1829115374", "content": "好踢！"}, {"uid": "12530649", "content": "够不到捏"}, {"uid": "38871894", "content": "好棒好棒"}, {"uid": "31190554", "content": "乐"}, {"uid": "31304910", "content": "很难不喜欢捏"}, {"uid": "184461408", "content": "乐乐乐乐乐乐乐乐乐"}, {"uid": "33159674", "content": "我也错过了"}, {"uid": "97749657", "content": "说什么来什么"}, {"uid": "399764559", "content": "拉"}, {"uid": "473798573", "content": "在哪里看"}, {"uid": "1001994793", "content": "踢嘻我吧拉"}, {"uid": "1001994793", "content": "在呢在呢"}, {"uid": "351237959", "content": "shh"}, {"uid": "121852572", "content": "乐乐乐！"}, {"uid": "427285225", "content": "珈乐"}, {"uid": "471643", "content": "小拉不算拉"}, {"uid": "225555149", "content": "踹我"}, {"uid": "471390593", "content": "0000000"}, {"uid": "10022963", "content": "溜"}, {"uid": "635702563", "content": "某人又拉了"}, {"uid": "29368516", "content": "溜"}, {"uid": "1525926", "content": "好踢"}, {"uid": "635702563", "content": "踢我"}, {"uid": "635702563", "content": "这就是贝拉"}, {"uid": "635702563", "content": "贝拉！"}, {"uid": "68010785", "content": "↑说少了，300万个，我数过了"}, {"uid": "7503494", "content": "拉了"}, {"uid": "4897423", "content": "琳！！！"}, {"uid": "12034", "content": "小拉不算拉！"}, {"uid": "453701", "content": "老婆！"}, {"uid": "23151665", "content": "拉夸"}, {"uid": "22865705", "content": "好踢"}, {"uid": "214032325", "content": "好跳"}, {"uid": "27287422", "content": "溜大了捏"}, {"uid": "74414309", "content": "老哥们说去就去 咋了？"}, {"uid": "391435658", "content": "踢到我心里了属于是"}, {"uid": "7704529", "content": "毕竟大的"}, {"uid": "3239115", "content": "又拉了"}, {"uid": "374069500", "content": "还有160的人在溜？"}, {"uid": "167299440", "content": "下一站，冰岛！"}, {"uid": "2817387", "content": "然然好听捏"}, {"uid": "205471560", "content": "开心"}, {"uid": "20731247", "content": "otto！"}, {"uid": "2916193", "content": "琳~~"}, {"uid": "61949110", "content": "晚"}, {"uid": "13103667", "content": "150？1500吧"}, {"uid": "8879373", "content": "然然"}, {"uid": "18932105", "content": "？一个弹幕都没有"}, {"uid": "7466646", "content": "入脑了"}, {"uid": "20423320", "content": "kksk"}, {"uid": "257575729", "content": "好好好"}, {"uid": "82393380", "content": "好踢"}, {"uid": "112913653", "content": "好踢"}, {"uid": "399764559", "content": "贝拉我永远爱你"}, {"uid": "399764559", "content": "贝拉"}, {"uid": "314557465", "content": "remake"}, {"uid": "57134752", "content": "乐！"}, {"uid": "635702563", "content": "好踢"}, {"uid": "282775305", "content": "这个是乃琳"}, {"uid": "376812401", "content": "搞点歌词吧求求了"}, {"uid": "348673890", "content": "晚！"}, {"uid": "4271451", "content": "400+"}, {"uid": "35590677", "content": "好踢"}, {"uid": "5106279", "content": "13e"}, {"uid": "22865705", "content": "小拉"}, {"uid": "325612058", "content": "矮的太矮了"}, {"uid": "189079179", "content": "好踢"}, {"uid": "13882645", "content": "晚晚啊"}, {"uid": "622542310", "content": "乐！"}, {"uid": "7744570", "content": "好跳"}, {"uid": "2940927", "content": "イエッタイーガー！"}, {"uid": "14007888", "content": "0000000"}, {"uid": "483056440", "content": "乐！"}, {"uid": "16891710", "content": "好"}, {"uid": "20780960", "content": "otto！"}, {"uid": "25264625", "content": "武圣！"}, {"uid": "1808735", "content": "好看"}, {"uid": "1808735", "content": "刚来"}, {"uid": "14369557", "content": "不是，网抑云有标谁声音的，这是乃琳"}, {"uid": "37802412", "content": "\\珈乐/\\珈乐/\\珈乐/\\珈乐/\\珈乐/\\珈乐/\\珈乐/\\珈乐/"}, {"uid": "1671073372", "content": "嘉然嘉然嘉然嘉然嘉然嘉然嘉然嘉然嘉然嘉然"}, {"uid": "9402893", "content": "爹！！！！！！！！！！！！！！！！"}, {"uid": "11084542", "content": "150人？一个魂以一敌百是吧"}, {"uid": "68010785", "content": "\\A-SOUL/\\A-SOUL/\\A-SOUL/\\A-SOUL/\\A-SOUL/"}]