[{"uid": "62924887", "content": "乃0姐姐太帅了"}, {"uid": "346371476", "content": "众所周知，高三是发情的时候[doge]"}, {"uid": "20329316", "content": "乘着没人承包这个wink！"}, {"uid": "273092915", "content": "便销得这沧桑 你还在我的心上"}, {"uid": "273092915", "content": "一身霜 谁提笔只两行"}, {"uid": "273092915", "content": "便销得这沧桑 你还在我的心上"}, {"uid": "273092915", "content": "一身霜 谁提笔只两行"}, {"uid": "273092915", "content": "一生长 重寄一段过往"}, {"uid": "273092915", "content": "隔却山海 转身 从容煎茶"}, {"uid": "273092915", "content": "难免疏漏儿时檐下 莫测变化"}, {"uid": "273092915", "content": "眉目刚烈拟作妆嫁"}, {"uid": "273092915", "content": "春风绕过发梢红纱 刺绣赠他"}, {"uid": "273092915", "content": "刀锋千转蜿蜒成画"}, {"uid": "273092915", "content": "手中雕刻生花"}, {"uid": "273092915", "content": "换一隅你安康"}, {"uid": "273092915", "content": "轰烈流沙枕上白发 杯中酒比划"}, {"uid": "482626835", "content": "然然 可爱"}, {"uid": "22650744", "content": "还就那个群魔乱舞"}, {"uid": "2109937", "content": "风情"}, {"uid": "273092915", "content": "一生长 重寄一段过往"}, {"uid": "273092915", "content": "可曾添些荒唐 才记得你的模样"}, {"uid": "273092915", "content": "年少风雅鲜衣怒马 也不过一刹那"}, {"uid": "6343502", "content": "音质诉讼"}, {"uid": "273092915", "content": "可曾添些荒唐 才记得你的模样"}, {"uid": "273092915", "content": "盛名功德塔"}, {"uid": "232061329", "content": "太风情了"}, {"uid": "135075", "content": "风情"}, {"uid": "6026344", "content": "全损音质"}, {"uid": "23152662", "content": "风情 风情 风情"}, {"uid": "273092915", "content": "将希冀都流放"}, {"uid": "25007802", "content": "乃琳！乃琳！"}, {"uid": "13316532", "content": "风情"}, {"uid": "4314216", "content": "音质诉讼"}, {"uid": "14701898", "content": "这么糊？"}, {"uid": "273092915", "content": "换一隅你安康"}, {"uid": "807708", "content": "耳朵麻了"}, {"uid": "3935190", "content": "烧"}, {"uid": "277058340", "content": "烧"}, {"uid": "696288833", "content": "ooooo"}, {"uid": "696288833", "content": "乃琳"}, {"uid": "696288833", "content": "然然，然然"}, {"uid": "7084817", "content": "来了"}, {"uid": "273092915", "content": "将希冀都流放"}, {"uid": "696288833", "content": "珈乐"}, {"uid": "21293931", "content": "好喜欢"}, {"uid": "13977951", "content": "电得麻麻的"}, {"uid": "16882969", "content": "00000000"}, {"uid": "696288833", "content": "嘉然"}, {"uid": "16882969", "content": "晚指导把音质搞拉胯了"}, {"uid": "14824525", "content": "这还群魔乱舞？你是没见过跳舞是吧"}, {"uid": "85227375", "content": "烧"}]