[{"uid": "10160945", "content": "阿草的银臀嘿嘿嘿"}, {"uid": "23176930", "content": "一把抓住"}, {"uid": "1852299", "content": "一把抓住"}, {"uid": "12573483", "content": "一把抓住"}, {"uid": "163582", "content": "一把抓住"}, {"uid": "28011758", "content": "狠狠的入！"}, {"uid": "456754", "content": "一把抓住"}, {"uid": "35223688", "content": "一把抓住"}, {"uid": "526182", "content": "一把抓住阿草"}, {"uid": "1920643", "content": "我已经溜了一晚上了"}, {"uid": "7220395", "content": "卧槽，这旋律真的好听啊"}, {"uid": "12573483", "content": "一把抓住"}, {"uid": "867682", "content": "梗百科:什么是银屯"}, {"uid": "263764164", "content": "等出来我要溜100遍"}, {"uid": "2373567", "content": "一把抓住"}, {"uid": "10396314", "content": "严抓狠查"}, {"uid": "12034", "content": "一把抓住"}, {"uid": "2394797", "content": "一把抓住"}, {"uid": "22375100", "content": "一把抓住"}, {"uid": "22375100", "content": "一把抓住"}, {"uid": "299411310", "content": "一把抓住"}, {"uid": "23054318", "content": "给我狠狠的入！"}, {"uid": "5899086", "content": "一把抓住"}, {"uid": "176110571", "content": "我一把抓住…阿草的耳朵"}, {"uid": "219027836", "content": "一把抓住？一把米诺！"}, {"uid": "214032325", "content": "一眼向晚"}, {"uid": "263764164", "content": "我一把抓住阿草给晚晚吃"}, {"uid": "15152296", "content": "狠狠的抓！"}, {"uid": "495857", "content": "想到晚指导现场版跳这个单腿站就绷不住了"}, {"uid": "4704849", "content": "狠狠的入！"}, {"uid": "434417527", "content": "一把抓住"}, {"uid": "151308700", "content": "一把抓住"}, {"uid": "12046070", "content": "我的评价是：比kira强"}, {"uid": "24864066", "content": "一把抓住"}, {"uid": "11995420", "content": "一把抓住"}, {"uid": "2479196", "content": "一把抓住"}, {"uid": "11136710", "content": "一把抓住阿草的银屯"}, {"uid": "7414416", "content": "一把抓住"}, {"uid": "36109749", "content": "一把抓住"}, {"uid": "16116408", "content": "还就那个一把抓住"}, {"uid": "32411808", "content": "这是什么梗：一把抓住"}, {"uid": "16116408", "content": "一把抓住"}, {"uid": "24174072", "content": "卧槽 草！"}, {"uid": "1941773", "content": "一把抓住"}, {"uid": "15473543", "content": "一把抓住"}, {"uid": "355643755", "content": "一把抓住"}, {"uid": "15299820", "content": "一把抓住"}, {"uid": "70557572", "content": "一把抓住"}, {"uid": "36340482", "content": "一把抓住"}, {"uid": "349791288", "content": "一把抓住"}, {"uid": "3485400", "content": "一把抓住"}, {"uid": "12573483", "content": "一把抓住"}, {"uid": "3359412", "content": "一把抓住"}, {"uid": "315698342", "content": "一把抓住"}, {"uid": "434318712", "content": "一把抓住"}, {"uid": "61111849", "content": "一把抓住"}, {"uid": "22272356", "content": "一把抓主"}, {"uid": "202593632", "content": "一把抓住"}, {"uid": "594222", "content": "一把抓住"}, {"uid": "472137392", "content": "一把抓住"}, {"uid": "8668667", "content": "一把抓住"}, {"uid": "23054318", "content": "一把抓住！"}, {"uid": "85576916", "content": "一把抓住！"}, {"uid": "4697314", "content": "狠狠地入！"}, {"uid": "35087861", "content": "一把抓住"}, {"uid": "37668944", "content": "一把抓住"}, {"uid": "828351", "content": "一把抓住"}, {"uid": "562642957", "content": "一把抓住"}, {"uid": "13579790", "content": "一把抓住"}, {"uid": "197713286", "content": "一把抓住"}, {"uid": "7477105", "content": "一把抓住"}, {"uid": "286784436", "content": "一把抓住"}, {"uid": "1741364", "content": "一把抓住"}, {"uid": "97023554", "content": "一把抓住"}, {"uid": "22865705", "content": "我可太想抓住了"}, {"uid": "281117378", "content": "一把抓住"}, {"uid": "7542893", "content": "一把抓住"}, {"uid": "10034871", "content": "一把抓住"}, {"uid": "6876272", "content": "一把抓住"}, {"uid": "62080209", "content": "一把抓住"}, {"uid": "35664179", "content": "我超，银屯！"}, {"uid": "26641851", "content": "一把抓住"}, {"uid": "1540548", "content": "一把抓住"}, {"uid": "30740317", "content": "挖槽，银屯！"}, {"uid": "439360854", "content": "一把抓住"}, {"uid": "5048459", "content": "卧槽！草！"}, {"uid": "20233779", "content": "一把抓住"}, {"uid": "13317291", "content": "一把抓住"}, {"uid": "30423874", "content": "一把抓住"}, {"uid": "34078806", "content": "一把抓住"}, {"uid": "16918335", "content": "一把抓住"}, {"uid": "22936257", "content": "一把抓住"}, {"uid": "22936257", "content": "一把抓住"}, {"uid": "22936257", "content": "一把抓住"}, {"uid": "434071353", "content": "一把抓住"}, {"uid": "12573483", "content": "阿草的银屯"}, {"uid": "14013585", "content": "一把抓住"}, {"uid": "83539662", "content": "一把抓住"}, {"uid": "341424290", "content": "一把抓住"}, {"uid": "8011470", "content": "一把抓住"}, {"uid": "2416243", "content": "一把抓住"}, {"uid": "12883962", "content": "狠狠得入"}, {"uid": "232227", "content": "一把抓住"}, {"uid": "14662501", "content": "一把抓住"}, {"uid": "28761321", "content": "卧槽，屯！"}, {"uid": "244114560", "content": "一把抓住"}, {"uid": "167342", "content": "一把抓住"}, {"uid": "16936865", "content": "一把抓住"}, {"uid": "16188528", "content": "试图把我激怒"}, {"uid": "15178681", "content": "一把抓住"}, {"uid": "238614616", "content": "一把抓住!"}, {"uid": "28382324", "content": "一把抓住"}, {"uid": "4208930", "content": "一把抓住"}, {"uid": "7451126", "content": "一把抓住"}, {"uid": "39141888", "content": "一把抓住"}, {"uid": "5380782", "content": "一把抓住"}, {"uid": "27591330", "content": "一把抓住"}, {"uid": "7388254", "content": "一把抓住"}, {"uid": "22543896", "content": "一把抓住"}, {"uid": "810208", "content": "一把抓住"}, {"uid": "37418049", "content": "哈哈哈哈哈哈"}, {"uid": "229775300", "content": "阿草，我着火了"}, {"uid": "27163918", "content": "一把抓住"}, {"uid": "530545461", "content": "所以阿草是谁跳的"}, {"uid": "360774791", "content": "可可爱爱"}, {"uid": "37791431", "content": "一把米诺"}, {"uid": "23176930", "content": "一把抓住"}, {"uid": "628876920", "content": "抓住阿草银屯"}, {"uid": "32201637", "content": "一把抓住"}, {"uid": "104537542", "content": "一把抓住"}, {"uid": "597925609", "content": "玩一把抓住"}, {"uid": "3359412", "content": "woc！草！"}, {"uid": "22650744", "content": "一把抓住"}, {"uid": "580004", "content": "一把抓住"}, {"uid": "3315802", "content": "一把抓住"}, {"uid": "6478274", "content": "一把抓住"}, {"uid": "5453972", "content": "一把抓住"}, {"uid": "32060357", "content": "流汗红豆"}, {"uid": "36837429", "content": "一把抓住"}, {"uid": "2230640", "content": "一把抓住"}, {"uid": "493009", "content": "yibazhuazhu"}, {"uid": "6509829", "content": "一把米诺"}, {"uid": "3344949", "content": "一把抓住"}, {"uid": "19573533", "content": "一把抓住"}, {"uid": "86684923", "content": "一把抓住"}, {"uid": "6206284", "content": "一把抓住"}, {"uid": "1111150", "content": "一把抓住"}, {"uid": "6099760", "content": "一把抓住"}, {"uid": "2960218", "content": "我一直都是福瑞控啊"}, {"uid": "315367", "content": "一把抓住"}, {"uid": "846239", "content": "一把抓住"}, {"uid": "408817718", "content": "一把抓住"}, {"uid": "4162406", "content": "我一把抓住"}, {"uid": "677333425", "content": "一把抓住"}, {"uid": "2341431", "content": "一把抓住"}, {"uid": "9023824", "content": "一把抓住"}, {"uid": "22510038", "content": "一把抓住、"}, {"uid": "12077003", "content": "一把抓住"}, {"uid": "12179753", "content": "一把抓住"}, {"uid": "35770891", "content": "永远喜欢阿草捏"}, {"uid": "32343351", "content": "我一把抓住"}, {"uid": "109097619", "content": "糙撕拟"}, {"uid": "481175625", "content": "我一把抓住​"}, {"uid": "299727433", "content": "一把抓住__"}, {"uid": "205471560", "content": "这个大屁股"}, {"uid": "27177874", "content": "阿草可爱捏"}, {"uid": "2259632", "content": "狂暴轰入"}, {"uid": "3190850", "content": "一把抓住"}, {"uid": "263764164", "content": "性感阿草"}, {"uid": "11275925", "content": "一把抓住"}, {"uid": "2684884", "content": "一把米诺！"}, {"uid": "164128139", "content": "我的银屯回来啦！"}, {"uid": "389016059", "content": "一把米诺阿斯"}, {"uid": "1920643", "content": "卧槽 草"}, {"uid": "12211729", "content": "很难不是furry控"}, {"uid": "2394476", "content": "我一把抓住"}, {"uid": "2230640", "content": "银屯呵呵银屯"}, {"uid": "8189646", "content": "我一把抓住"}, {"uid": "180148901", "content": "一把抓住"}, {"uid": "98449135", "content": "烧！该轰入了"}, {"uid": "56394446", "content": "我一把抓住"}, {"uid": "102275810", "content": "一把米诺！"}, {"uid": "353022", "content": "一把抓住"}, {"uid": "214032325", "content": "一把抓住"}, {"uid": "5632629", "content": "我一把抓住"}, {"uid": "27763834", "content": "一把抓住"}, {"uid": "3732514", "content": "一把抓住"}, {"uid": "432424613", "content": "嘉步！！！"}, {"uid": "1751396", "content": "一把抓住"}, {"uid": "153544252", "content": "流汗红豆"}, {"uid": "8488235", "content": "我一把抓住"}, {"uid": "4950321", "content": "阿草的银屯"}, {"uid": "11401017", "content": "一把抓住"}, {"uid": "32170555", "content": "我一把抓住"}, {"uid": "15520297", "content": "我一把抓住"}, {"uid": "36883561", "content": "一把米诺"}, {"uid": "12062459", "content": "我一把抓住"}, {"uid": "22925429", "content": "我一把抓住"}, {"uid": "244177668", "content": "狂暴轰入"}, {"uid": "29019273", "content": "我一把抓住"}, {"uid": "12730153", "content": "一把米诺"}, {"uid": "327386401", "content": "一把抓住"}, {"uid": "2788235", "content": "一眼然"}, {"uid": "530153", "content": "我一把抓住"}, {"uid": "24626999", "content": "烧"}, {"uid": "36264372", "content": "可爱捏"}, {"uid": "30792572", "content": "一把米诺！"}, {"uid": "30792572", "content": "一把米诺！"}, {"uid": "83539662", "content": "我一把抓住"}, {"uid": "11829272", "content": "我一把抓住"}, {"uid": "372367238", "content": "我一把抓住"}, {"uid": "599747", "content": "我一把抓住"}, {"uid": "10923698", "content": "一把米诺"}, {"uid": "886394", "content": "银屯！"}, {"uid": "15157442", "content": "我起了"}, {"uid": "2376783", "content": "我一把抓住"}, {"uid": "32949545", "content": "我一把抓住"}, {"uid": "496161", "content": "一把米诺！"}, {"uid": "409206746", "content": "我一把抓住"}, {"uid": "56394446", "content": "我一把抓住"}, {"uid": "107710409", "content": "一把米诺！"}, {"uid": "36207946", "content": "我一把抓住"}, {"uid": "10946806", "content": "这下不入不行了！"}, {"uid": "95059979", "content": "我一把抓住"}, {"uid": "4929259", "content": "我一把抓住"}, {"uid": "434417527", "content": "胤屯"}, {"uid": "153544252", "content": "我一把抓住"}, {"uid": "1170862", "content": "我一把抓住"}, {"uid": "4440421", "content": "我一把抓住"}, {"uid": "23934724", "content": "我的银屯！"}, {"uid": "1628088", "content": "一把抓住"}, {"uid": "10034871", "content": "可爱捏"}, {"uid": "136620", "content": "可可爱爱"}, {"uid": "692127297", "content": "ohhhhhhhhhhhh"}, {"uid": "10160945", "content": "阿草的银臀嘿嘿嘿"}, {"uid": "3103029", "content": "烧"}, {"uid": "10160945", "content": "好可爱~"}, {"uid": "471506125", "content": "好活好活"}, {"uid": "20233779", "content": "注满！"}, {"uid": "90844", "content": "风情"}, {"uid": "83045813", "content": "我一把抓住"}, {"uid": "8809035", "content": "烧"}, {"uid": "27826419", "content": "一把抓住阿草的银屯"}, {"uid": "164655088", "content": "口水黄豆"}, {"uid": "15477257", "content": "我一把抓住"}, {"uid": "91422387", "content": "一把米诺"}, {"uid": "30792572", "content": "我一把米诺"}, {"uid": "439360854", "content": "狂暴轰入"}, {"uid": "5312877", "content": "笑死"}, {"uid": "19922336", "content": "我一把抓住"}, {"uid": "112555303", "content": "我一把抓住"}, {"uid": "12573483", "content": "烧"}, {"uid": "493144221", "content": "一把抓住"}, {"uid": "10695565", "content": "我一把抓住"}, {"uid": "86647544", "content": "我一把抓住"}, {"uid": "97988", "content": "一把米诺"}, {"uid": "7792227", "content": "我一把抓住"}, {"uid": "83539662", "content": "晚晚别装了"}, {"uid": "64964536", "content": "我一把抓住"}, {"uid": "545162007", "content": "一把米诺"}, {"uid": "36837429", "content": "烧!"}, {"uid": "22375100", "content": "笑死，根本站不稳"}, {"uid": "6494421", "content": "我一把抓住"}, {"uid": "2289044", "content": "好Q弹"}, {"uid": "4697314", "content": "我一把抓住"}, {"uid": "332982014", "content": "笑死，根本站不稳"}, {"uid": "874910", "content": "我一把抓住"}, {"uid": "238614616", "content": "受不了，滑了"}, {"uid": "12322134", "content": "我一把抓住"}, {"uid": "163218", "content": "可爱捏"}, {"uid": "25461984", "content": "我一把抓住"}, {"uid": "370196193", "content": "我一把抓住"}, {"uid": "2523474", "content": "怪"}, {"uid": "293944006", "content": "盲猜贝拉"}, {"uid": "1377695271", "content": "伞兵"}, {"uid": "1473547399", "content": "我笑了"}, {"uid": "14435964", "content": "滑"}, {"uid": "52580609", "content": "我杀了你杀了你！"}, {"uid": "16116408", "content": "可爱"}, {"uid": "285974739", "content": "卧槽，草！"}, {"uid": "67110681", "content": "一把米诺"}, {"uid": "34441868", "content": "烧"}, {"uid": "1840351213", "content": "一把米诺"}, {"uid": "2977316", "content": "是小一吗"}, {"uid": "25026651", "content": "晚晚跳得好啊"}, {"uid": "49693995", "content": "hso"}, {"uid": "313620388", "content": "就好这口"}, {"uid": "5469122", "content": "福瑞控是吧"}, {"uid": "8809035", "content": "银屯！"}, {"uid": "12573483", "content": "我一把抓住"}, {"uid": "13017687", "content": "银臀"}, {"uid": "66795888", "content": "我一把抓住"}, {"uid": "26005277", "content": "早该轰轰了"}, {"uid": "2796679", "content": "胸襟"}, {"uid": "476992271", "content": "一把米诺"}, {"uid": "18241852", "content": "烧"}, {"uid": "56296039", "content": "我一把抓住"}, {"uid": "886394", "content": "我一把抓住"}, {"uid": "7327185", "content": "太怪了"}, {"uid": "11379542", "content": "下一站：银屯"}, {"uid": "89310221", "content": "我一把抓住"}, {"uid": "19094820", "content": "我一把抓住"}, {"uid": "6886382", "content": "歌还不错"}, {"uid": "31903720", "content": "一把"}, {"uid": "286900299", "content": "可爱捏"}, {"uid": "32730187", "content": "笑死"}, {"uid": "2372206", "content": "烧"}, {"uid": "8227075", "content": "好"}, {"uid": "96411455", "content": "我一把抓住"}, {"uid": "13195576", "content": "王一博抓住"}, {"uid": "17491550", "content": "？"}, {"uid": "100796", "content": "抓住"}, {"uid": "1928359", "content": "1"}, {"uid": "505940434", "content": "逆天"}, {"uid": "660389764", "content": "狂暴鸿儒"}, {"uid": "270325639", "content": "烧货"}, {"uid": "495776932", "content": "这个是贝拉吗"}, {"uid": "233179689", "content": "烧"}, {"uid": "22845377", "content": "风情"}, {"uid": "4598089", "content": "烧"}, {"uid": "67487208", "content": "一把"}, {"uid": "1621230", "content": "烧"}, {"uid": "86684923", "content": "可爱"}, {"uid": "9963240", "content": "这下furry了"}, {"uid": "8757847", "content": "该轰入了"}, {"uid": "36040054", "content": "狂轰爆入！"}, {"uid": "15085888", "content": "烧"}, {"uid": "92088206", "content": "福瑞控是吧"}, {"uid": "334382", "content": "银屯"}, {"uid": "20057843", "content": "？？？？"}, {"uid": "130654", "content": "银屯呢"}, {"uid": "40749783", "content": "烧"}, {"uid": "279421876", "content": "烧"}, {"uid": "5928992", "content": "燒"}, {"uid": "15258476", "content": "狂轰爆入！"}, {"uid": "335158478", "content": "烧"}, {"uid": "53119023", "content": "？？？？"}, {"uid": "5106279", "content": "小罗，我的小罗"}, {"uid": "25630548", "content": "可爱捏"}, {"uid": "353022", "content": "然然是你吗"}, {"uid": "15949815", "content": "烧"}, {"uid": "3515946", "content": "烧"}, {"uid": "414094", "content": "啊笑死"}, {"uid": "46412720", "content": "我记得绿色蝴蝶结是然然吧"}, {"uid": "35371248", "content": "烧！"}, {"uid": "8360214", "content": "什么晚晚"}, {"uid": "1762167", "content": "烧"}, {"uid": "625862", "content": "烧"}, {"uid": "576464064", "content": "然然跳的好"}, {"uid": "28727451", "content": "狂暴轰入"}, {"uid": "450124218", "content": "阿*"}, {"uid": "151216764", "content": "好可爱哦"}, {"uid": "37267273", "content": "烧"}, {"uid": "194091080", "content": "银屯"}, {"uid": "35841672", "content": "？"}, {"uid": "2977316", "content": "我觉得是小一"}, {"uid": "10130565", "content": "烧"}, {"uid": "36040054", "content": "烧"}, {"uid": "280985276", "content": "福瑞控是吧？"}, {"uid": "23225959", "content": "早该抓抓了！"}]