[{"uid": "76070967", "content": "鸟巢！"}, {"uid": "16104881", "content": "我带来了生命和希望"}, {"uid": "3226459", "content": "拉姐生日快乐！"}, {"uid": "30479335", "content": "您的事业像一条腾飞的巨龙！！"}, {"uid": "551943", "content": "老板讲话我喝水，队友鞠躬我ok。[嘉然_吓人]​"}, {"uid": "5664346", "content": "老板讲话我喝水"}, {"uid": "583639845", "content": "想开ASOUL自己的演唱会！"}, {"uid": "178531154", "content": "我带来了生命与希望"}, {"uid": "178531154", "content": "更是重量级！"}, {"uid": "10009384", "content": "这位更是重量级"}, {"uid": "27329603", "content": "鸟巢！"}, {"uid": "15257111", "content": "鸟巢！"}, {"uid": "46588412", "content": "鸟巢！"}, {"uid": "87679707", "content": "这位更是重量级"}, {"uid": "22542160", "content": "试图突破次元壁"}, {"uid": "53900804", "content": "晚指导：OK"}, {"uid": "46588412", "content": "鸟巢！"}, {"uid": "10900523", "content": "n70式转场"}, {"uid": "284932391", "content": "这位更是重量级"}, {"uid": "10472", "content": "她太冷静了吧"}, {"uid": "313122230", "content": "这位更是重量级"}, {"uid": "19466708", "content": "鸟巢"}, {"uid": "30670230", "content": "万人？鸟巢！"}, {"uid": "127280014", "content": "收到收到收到！"}, {"uid": "178962895", "content": "收到收拾的"}, {"uid": "8029093", "content": "你们立字据！！"}, {"uid": "2858225", "content": "我带来了生命与希望"}, {"uid": "8163013", "content": "巨龙：啊笑死"}, {"uid": "8264545", "content": "晚指导这镇定的样子我超我真不敢想"}, {"uid": "2060984", "content": "言语不起作用，想看到具体行动"}, {"uid": "31008627", "content": "鸟巢!!!!"}, {"uid": "396694506", "content": "鸟巢！！！"}, {"uid": "98651964", "content": "晚晚好淡定捏！"}, {"uid": "30354581", "content": "真正的第六人"}, {"uid": "30354581", "content": "你立字据！"}, {"uid": "32221181", "content": "这位更是重量级"}, {"uid": "30354581", "content": "这位更是重量级"}, {"uid": "180833838", "content": "鸟巢！"}, {"uid": "275380573", "content": "好冷静的ok啊"}, {"uid": "203487157", "content": "这位更是重量级"}, {"uid": "2441292", "content": "总有一天！"}, {"uid": "6285989", "content": "总有一天！"}, {"uid": "11757704", "content": "我爹好冷静的ok"}, {"uid": "40487850", "content": "这位更是重量级"}, {"uid": "27726741", "content": "鸟巢"}, {"uid": "33122647", "content": "鸟巢!"}, {"uid": "33122647", "content": "想开A-SOUL自己的演唱会!"}, {"uid": "33122647", "content": "贝拉生日快乐!"}, {"uid": "127280014", "content": "收到收到收到！"}, {"uid": "13259834", "content": "鸟巢见"}, {"uid": "415398961", "content": "好冷静的ok啊"}, {"uid": "4004345", "content": "这位更是重量级"}, {"uid": "13259834", "content": "巨龙腾飞"}, {"uid": "1467237", "content": "好好好爱好好"}, {"uid": "1826255", "content": "你立字据！！！"}, {"uid": "278012506", "content": "鸟巢"}, {"uid": "60157519", "content": "好好好好好好好！ ！！"}, {"uid": "22900901", "content": "她好冷静啊"}, {"uid": "14446581", "content": "我带来了生命和希望！"}, {"uid": "17026311", "content": "自己的演唱会！"}, {"uid": "66838090", "content": "这位更是重量级"}, {"uid": "38739838", "content": "这也太有排面了吧！"}, {"uid": "21533351", "content": "suohaihai是吧"}, {"uid": "98220321", "content": "鸟巢！"}, {"uid": "43662375", "content": "好好好，巨龙！"}, {"uid": "2276288", "content": "这位更是重量级"}, {"uid": "104941790", "content": "这位更是一条巨龙"}, {"uid": "12795017", "content": "我爹好冷静啊"}, {"uid": "8292245", "content": "我超，重量级！！"}, {"uid": "12904798", "content": "超级的敏感，全与你有关！"}, {"uid": "511216722", "content": "这位更是重量级！我超！"}, {"uid": "33122647", "content": "贝拉生日快乐!"}, {"uid": "49843175", "content": "您的事业像一条腾飞的巨龙！！！"}, {"uid": "49843175", "content": "我超，龙"}, {"uid": "20147790", "content": "我超，她太冷静了"}, {"uid": "20147790", "content": "她太冷静了"}, {"uid": "22094556", "content": "好冷静的提醒"}, {"uid": "15204898", "content": "拉姐生日快乐！"}, {"uid": "45134078", "content": "鸟巢"}, {"uid": "286505491", "content": "生命的轮回重新开始！"}, {"uid": "35907886", "content": "收到收到收到"}, {"uid": "35907886", "content": "我们共同奔赴！"}, {"uid": "35907886", "content": "晚指导积极"}, {"uid": "2436125", "content": "谢谢巨龙"}, {"uid": "19946559", "content": "收到收到收到收到！！！！！"}, {"uid": "31752306", "content": "向晚在喝水是吧"}, {"uid": "4276795", "content": "腾飞的巨龙"}, {"uid": "357482488", "content": "总有一天的！"}, {"uid": "6163712", "content": "杜向晚好冷静啊"}, {"uid": "179091063", "content": "收到收到收到收到"}, {"uid": "5890027", "content": "您的事业犹如腾飞的巨龙！！"}, {"uid": "1478064", "content": "万人？鸟巢！"}, {"uid": "87146130", "content": "鸟巢"}, {"uid": "8173214", "content": "鸟巢"}, {"uid": "492099165", "content": "这位更是重量级"}, {"uid": "127280014", "content": "她好冷静啊！"}, {"uid": "8917411", "content": "鸟巢"}, {"uid": "127280014", "content": "总有一天！"}, {"uid": "77712008", "content": "这位更是重量级"}, {"uid": "34779398", "content": "拉姐生日快乐！！"}, {"uid": "33042346", "content": "这位更是重量级"}, {"uid": "12622650", "content": "这位更是重量级"}, {"uid": "13312003", "content": "杜妈：蚌埠住了"}, {"uid": "435200064", "content": "自己都绷不住了"}, {"uid": "21920055", "content": "晚太冷静了吧"}, {"uid": "66092242", "content": "贝拉生日快乐"}, {"uid": "2158117", "content": "又狂又好！"}, {"uid": "334149369", "content": "总有一天!"}, {"uid": "22583986", "content": "卧槽，龙"}, {"uid": "156717921", "content": "队长真的我哭死"}, {"uid": "13728614", "content": "绷不住了"}, {"uid": "2684839", "content": "收到收到收到"}, {"uid": "5173923", "content": "我超，龙妈"}, {"uid": "302351390", "content": "好好好好好好啊"}, {"uid": "11777681", "content": "鸟巢"}, {"uid": "2229208", "content": "重量级！"}, {"uid": "14766535", "content": "卧槽，华！"}, {"uid": "34951989", "content": "收到收到收到"}, {"uid": "30354581", "content": "好冷静的OK啊"}, {"uid": "181428098", "content": "我超，龙"}, {"uid": "284932391", "content": "收到收到收到"}, {"uid": "1835205116", "content": "哼"}, {"uid": "476461564", "content": "鸟巢！"}, {"uid": "8134210", "content": "卧槽，龙！"}, {"uid": "6409556", "content": "lyuu！"}, {"uid": "282496494", "content": "我带来了生命和希望"}, {"uid": "178962895", "content": "聚龙！"}, {"uid": "289038855", "content": "拉姐生日快乐！"}, {"uid": "86656118", "content": "我超，龙！"}, {"uid": "2956665", "content": "大聪明"}, {"uid": "162835871", "content": "快快快快快快快！"}, {"uid": "20511540", "content": "腾飞的巨龙！"}, {"uid": "11561054", "content": "好好好！！！！！！！"}, {"uid": "267710", "content": "收到收到收到"}, {"uid": "24864066", "content": "我超，龙！"}, {"uid": "39371973", "content": "我超龙"}, {"uid": "98651964", "content": "我超，好冷静的OK！"}, {"uid": "32221181", "content": "好好好好好好哈好"}, {"uid": "32221181", "content": "我超，杜！"}, {"uid": "18773940", "content": "重量级！"}, {"uid": "35535905", "content": "绷不住了"}, {"uid": "35535905", "content": "绷不住了"}, {"uid": "14130500", "content": "这位更是重量级"}, {"uid": "10909284", "content": "晚晚太狂了"}, {"uid": "5915675", "content": "好冷静的OK"}, {"uid": "13014285", "content": "收到收到收到"}, {"uid": "50043628", "content": "你们立字据！"}, {"uid": "2441292", "content": "好好好好好收到收到收到"}, {"uid": "20228958", "content": "贝拉生日快乐！"}, {"uid": "19603803", "content": "拉姐生日快乐"}, {"uid": "87664077", "content": "我带来了生命和希望!"}, {"uid": "130185202", "content": "好好好好好好"}, {"uid": "14516923", "content": "拉姐生日快乐！"}, {"uid": "22900901", "content": "好冷静的ok"}, {"uid": "60157519", "content": "我超重量级"}, {"uid": "400344817", "content": "拉姐，生日快乐"}, {"uid": "38739838", "content": "太有排面了吧我超"}, {"uid": "456754", "content": "好好好好好好好好好好好好"}, {"uid": "12046070", "content": "我带来了生命和希望"}, {"uid": "44772350", "content": "拉姐生日快乐"}, {"uid": "405588607", "content": "这到底谁啊"}, {"uid": "12220832", "content": "这位更是重量级"}, {"uid": "7021907", "content": "收到收到收到"}, {"uid": "27078893", "content": "我超"}, {"uid": "362763364", "content": "好！！！！！"}, {"uid": "44713072", "content": "好好好好好好！"}, {"uid": "23309624", "content": "收到收到"}, {"uid": "272861009", "content": "收到收到!"}, {"uid": "283096004", "content": "速度速度速度"}, {"uid": "352325501", "content": "这位更是重量级"}, {"uid": "104941790", "content": "我超，龙！"}, {"uid": "144735713", "content": "收到收到收到"}, {"uid": "18276097", "content": "收到收到收到"}, {"uid": "5224342", "content": "贝拉生日快乐"}, {"uid": "12918311", "content": "我绷不住了"}, {"uid": "35907886", "content": "谢谢你，杜华"}, {"uid": "233121351", "content": "收到收到收到"}, {"uid": "2084904", "content": "遭到次元壁阻挡了"}, {"uid": "20369475", "content": "收到收到收到"}, {"uid": "20369475", "content": "我带来了生命和希望"}, {"uid": "106366098", "content": "我带来了生命和希望"}, {"uid": "18723248", "content": "万人？十万人！"}, {"uid": "180173396", "content": "神秘嘉宾？神嘉宾！"}, {"uid": "85692577", "content": "巨龙传说"}, {"uid": "8452361", "content": "狂？好！"}, {"uid": "8452361", "content": "我带来了生命和希望！"}, {"uid": "1622611", "content": "收到收到收到"}, {"uid": "15116045", "content": "万人？十万人！"}, {"uid": "61949110", "content": "拉姐生日快乐"}, {"uid": "15116045", "content": "这位更是重量级"}, {"uid": "12622650", "content": "收到收到收到"}, {"uid": "21920055", "content": "这下第六人了"}, {"uid": "285298998", "content": "好好好好好好！"}, {"uid": "38915829", "content": "好好好好好！"}, {"uid": "4063814", "content": "我超，龙！"}, {"uid": "334149369", "content": "卧槽，龙"}, {"uid": "20355063", "content": "这位更是重量级"}, {"uid": "288601824", "content": "收到收到"}, {"uid": "95963691", "content": "好好好好好好好好好好好"}, {"uid": "5664346", "content": "好冷静的ok啊"}, {"uid": "95154620", "content": "好好好好好好好好好"}, {"uid": "356423021", "content": "好好好好好好好"}, {"uid": "2018167", "content": "龙！"}, {"uid": "10009384", "content": "好好好好好好好好好好好好好"}, {"uid": "26074271", "content": "次元壁是吧"}, {"uid": "520218394", "content": "生日快乐!(^O^)y"}, {"uid": "77959993", "content": "排面"}, {"uid": "61171527", "content": "收到收到收到"}, {"uid": "1787680", "content": "收到收到收到"}, {"uid": "2284802", "content": "我超"}, {"uid": "14817", "content": "卧槽"}, {"uid": "89646952", "content": "我超"}, {"uid": "399392977", "content": "收到收到收到"}, {"uid": "672390116", "content": "鸟巢"}, {"uid": "284932391", "content": "好好好好好好好好好好"}, {"uid": "287164403", "content": "绷不住了"}, {"uid": "313122230", "content": "蚌埠住了"}, {"uid": "19466708", "content": "好好好好好好好好好好"}, {"uid": "178962895", "content": "狂！好！"}, {"uid": "674823023", "content": "生日快乐"}, {"uid": "580347", "content": "我超 好冷静的ok啊"}, {"uid": "31008627", "content": "拉姐生日快乐"}, {"uid": "425387785", "content": "好好好好好好好好好"}, {"uid": "29016700", "content": "蚌埠住了"}, {"uid": "40186205", "content": "woc，巨龙"}, {"uid": "9859710", "content": "我超，龙息"}, {"uid": "88673319", "content": "好好好好好好好好好好好好"}, {"uid": "98651964", "content": "？！"}, {"uid": "6413166", "content": "好好好好好好好好"}, {"uid": "24850798", "content": "好好好好好好好好好"}, {"uid": "24850798", "content": "拉姐生日快乐！！"}, {"uid": "79896279", "content": "卧槽，龙"}, {"uid": "484729459", "content": "卧槽龙"}, {"uid": "389638287", "content": "到时候一定来"}, {"uid": "315981860", "content": "鸟巢"}, {"uid": "315981860", "content": "woc，杜"}, {"uid": "175539657", "content": "绷不住了"}, {"uid": "60157519", "content": "卧槽"}, {"uid": "60157519", "content": "拉姐生日快乐捏"}, {"uid": "22900901", "content": "好好好好好好好好好"}, {"uid": "3876606", "content": "好好好！"}, {"uid": "24617617", "content": "不敢不开心"}, {"uid": "66838090", "content": "好好好好好好好好好"}, {"uid": "32201637", "content": "好冷静的OK啊"}, {"uid": "83539662", "content": "拉姐生日快乐！"}, {"uid": "39301892", "content": "龙！"}, {"uid": "2266822", "content": "好好好！"}, {"uid": "457222525", "content": "卧槽"}, {"uid": "100611041", "content": "收到收到收到"}, {"uid": "14072230", "content": "收到收到"}, {"uid": "23309624", "content": "收到收到"}, {"uid": "351975302", "content": "卧槽，杜"}, {"uid": "3749274", "content": "我超，龙"}, {"uid": "511216722", "content": "好好好好啊好好好"}, {"uid": "7690551", "content": "拉姐生日快乐"}, {"uid": "21170885", "content": "卧槽，牌面"}, {"uid": "108725624", "content": "AU，不错哟"}, {"uid": "1741767", "content": "好好好好好好"}, {"uid": "37928592", "content": "我超！"}, {"uid": "2059172", "content": "好好好好好好"}, {"uid": "2059172", "content": "wo"}, {"uid": "2436125", "content": "惹啊"}, {"uid": "40629640", "content": "卧槽"}, {"uid": "18208757", "content": "大聪明"}, {"uid": "85692577", "content": "好好好好好好好"}, {"uid": "143352462", "content": "好好好好好好好好好好好好"}, {"uid": "198687468", "content": "好冷静的ok啊"}, {"uid": "321919006", "content": "我超，龙！"}, {"uid": "430370668", "content": "惹啊"}, {"uid": "322321198", "content": "我超，华！"}, {"uid": "663072713", "content": "巨龙级"}, {"uid": "1478064", "content": "我超！龙！"}, {"uid": "10036038", "content": "惹啊"}, {"uid": "26097505", "content": "笑死了"}, {"uid": "89323492", "content": "好好好好好好好好好好好好好好"}, {"uid": "38869947", "content": "卧槽"}, {"uid": "101276953", "content": "绷不住了"}, {"uid": "15116045", "content": "好好好！！"}, {"uid": "13353793", "content": "卧槽，华！"}, {"uid": "434247622", "content": "拉姐生日快乐"}, {"uid": "15116045", "content": "卧槽，杜"}, {"uid": "8015053", "content": "收到收到收到"}, {"uid": "13312003", "content": "好冷静的ok啊"}, {"uid": "103297037", "content": "巨龙第六人"}, {"uid": "4892096", "content": "她ok的好冷静啊"}, {"uid": "4359895", "content": "哼？"}, {"uid": "318097308", "content": "收到收到收到收到收到"}, {"uid": "386196168", "content": "好好好好好"}, {"uid": "53962104", "content": "拉姐生日快乐"}, {"uid": "17414683", "content": "收到收到收到"}, {"uid": "31726350", "content": "一定会有的"}, {"uid": "207419901", "content": "好冷静的ok啊"}, {"uid": "31726350", "content": "拉姐生日快乐"}, {"uid": "9841106", "content": "好好好好好好好"}, {"uid": "101334676", "content": "好好好好好好好好好"}, {"uid": "52513220", "content": "好好好好"}, {"uid": "2449429", "content": "好红好"}, {"uid": "178096878", "content": "拉姐生日快乐"}, {"uid": "302264481", "content": "好好好好好好好好"}, {"uid": "275423255", "content": "拉姐生日快乐"}, {"uid": "520218394", "content": "蚌埠住了"}, {"uid": "14766535", "content": "鸟巢！"}, {"uid": "87679707", "content": "蚌埠住了"}, {"uid": "2284802", "content": "拉姐生日快乐"}, {"uid": "399746589", "content": "好好好好好好好"}, {"uid": "173544726", "content": "好好好好好好好"}, {"uid": "19118746", "content": "哼"}, {"uid": "13095901", "content": "好好好好好好好好好"}, {"uid": "86656118", "content": "贝拉生日快乐！！"}, {"uid": "28784881", "content": "生日快乐拉姐！"}, {"uid": "147941780", "content": "好好好好好好好"}, {"uid": "98651964", "content": "拉姐生日快乐捏"}, {"uid": "225294068", "content": "好好好好好好好"}, {"uid": "225294068", "content": "拉姐生日快乐"}, {"uid": "201417117", "content": "蚌埠住了"}, {"uid": "156717921", "content": "贝拉生日快乐！"}, {"uid": "315698342", "content": "哼"}, {"uid": "499213480", "content": "拉姐生日快乐"}, {"uid": "2221401", "content": "好好好好好好好"}, {"uid": "107654711", "content": "拉姐生日快乐！"}, {"uid": "31204080", "content": "好好好好好好好好"}, {"uid": "97707992", "content": "好好好好好好"}, {"uid": "19603803", "content": "笑死"}, {"uid": "27726741", "content": "好好好好好好好好好"}, {"uid": "354951470", "content": "好好好！"}, {"uid": "95721210", "content": "好好好好好好"}, {"uid": "12899168", "content": "我超"}, {"uid": "1299026", "content": "好好好好好好好好好"}, {"uid": "17026311", "content": "蚌埠住了"}, {"uid": "17026311", "content": "拉姐生日快乐！"}, {"uid": "362557637", "content": "生日快乐拉姐"}, {"uid": "13108311", "content": "好好好好好好"}, {"uid": "92502632", "content": "好好好好好好好好"}, {"uid": "27078893", "content": "蚌埠住了"}, {"uid": "68113655", "content": "好好好好好好好"}, {"uid": "107643165", "content": "1"}, {"uid": "351975302", "content": "好好好好好好好"}, {"uid": "24487561", "content": "好好好好好好"}, {"uid": "148967449", "content": "好好好好好好好"}, {"uid": "18276097", "content": "好好好好好好"}, {"uid": "6701318", "content": "蚌埠住了"}, {"uid": "38641193", "content": "蚌埠住了"}, {"uid": "286483995", "content": "好好好好好好好好"}, {"uid": "20225658", "content": "拉姐生日快乐"}, {"uid": "20369475", "content": "拉姐生日快乐"}, {"uid": "6163712", "content": "好好好好好好好好好好"}, {"uid": "84051092", "content": "蚌埠住了"}, {"uid": "148967449", "content": "好好好好好好好"}, {"uid": "17155646", "content": "蚌埠住了"}, {"uid": "26026830", "content": "拉姐生日快乐"}, {"uid": "346325823", "content": "我超"}, {"uid": "39311414", "content": "拉姐生日快乐"}, {"uid": "11527604", "content": "拉姐生日快乐"}, {"uid": "1478064", "content": "安排！"}, {"uid": "8452361", "content": "拉姐生日快乐"}, {"uid": "42894844", "content": "开团！"}, {"uid": "13904236", "content": "狂"}, {"uid": "59395406", "content": "好好好好好好好"}, {"uid": "10980713", "content": "我超，华！"}, {"uid": "52761175", "content": "好好好好好好好好好"}, {"uid": "1624443", "content": "好好好好好好"}, {"uid": "8102251", "content": "好冷静的ok"}, {"uid": "1624443", "content": "拉姐生日快乐"}, {"uid": "65627185", "content": "好好好好好好"}, {"uid": "74193226", "content": "ok是吧，狂小晚"}, {"uid": "583639845", "content": "好好好好好好好好好"}, {"uid": "34806833", "content": "好好好好好好好"}, {"uid": "1402799815", "content": "我超，布尔乔亚"}, {"uid": "307449509", "content": "好好好好"}, {"uid": "11777681", "content": "好好好好好好好"}, {"uid": "29893286", "content": "绝了"}, {"uid": "162233941", "content": "好好好好好好好好好"}, {"uid": "2284802", "content": "好好好好好"}, {"uid": "399392977", "content": "笑死"}, {"uid": "33103768", "content": "好好好"}, {"uid": "15208052", "content": "好好好好好好好"}, {"uid": "4154226", "content": "好好好"}, {"uid": "19118746", "content": "不一定是杜华哦"}, {"uid": "9090693", "content": "好好好好好好"}, {"uid": "6498383", "content": "这下杜向晚了"}, {"uid": "33998605", "content": "好好好"}, {"uid": "30354581", "content": "好好好好好好好好"}, {"uid": "180833838", "content": "好好好好好"}, {"uid": "10913494", "content": "好好好好好"}, {"uid": "12295040", "content": "拉结生日快乐！"}, {"uid": "30313839", "content": "生日快乐"}, {"uid": "31803455", "content": "好好好好好好好好"}, {"uid": "10702665", "content": "巨龍！"}, {"uid": "33903319", "content": "笑死"}, {"uid": "315981860", "content": "拉姐生日快乐"}, {"uid": "1467237", "content": "蚌埠住了"}, {"uid": "402949207", "content": "好好好啊好"}, {"uid": "12670277", "content": "好好好好好好"}, {"uid": "12670277", "content": "蚌埠住了"}, {"uid": "1299026", "content": "好好好好好好好好"}, {"uid": "5792740", "content": "好好好好好好好"}, {"uid": "700597638", "content": "生日快乐"}, {"uid": "38739838", "content": "好好好好好好好"}, {"uid": "12953452", "content": "好好好好好好好"}, {"uid": "400733709", "content": "我超有代"}, {"uid": "37887730", "content": "拉姐生日快乐"}, {"uid": "13984286", "content": "生日快乐！"}, {"uid": "10133117", "content": "好好好好好好"}, {"uid": "100611041", "content": "生日快乐"}, {"uid": "21170885", "content": "狂"}, {"uid": "336179078", "content": "OK捏"}, {"uid": "6777327", "content": "好好好好好好好好"}, {"uid": "96484288", "content": "生日快乐！"}, {"uid": "34697477", "content": "生日快乐"}, {"uid": "36496292", "content": "好好好"}, {"uid": "4040233", "content": "狂"}, {"uid": "20369475", "content": "好好好好好好好"}, {"uid": "123382142", "content": "好好好好好好好好"}, {"uid": "1478064", "content": "OK～"}, {"uid": "16107669", "content": "安排"}, {"uid": "11829272", "content": "OK"}, {"uid": "8173214", "content": "好好好好"}, {"uid": "220016788", "content": "狂小贝"}, {"uid": "13904236", "content": "狂"}, {"uid": "59395406", "content": "牛啊"}, {"uid": "61949110", "content": "好好好"}, {"uid": "155936372", "content": "OK"}, {"uid": "21920055", "content": "生日快乐！"}, {"uid": "1624443", "content": "下雨了"}, {"uid": "4892096", "content": "好好好好好好好"}, {"uid": "186749962", "content": "好好好"}, {"uid": "184505363", "content": "好好好"}, {"uid": "692127297", "content": "生日快乐"}, {"uid": "14326381", "content": "好！"}, {"uid": "14766535", "content": "好好好"}, {"uid": "87679707", "content": "OK是吧"}, {"uid": "258975231", "content": "ok"}, {"uid": "12207742", "content": "狂"}, {"uid": "504453907", "content": "生日快乐"}, {"uid": "345048695", "content": "生日快乐"}, {"uid": "287164403", "content": "OK"}, {"uid": "605522", "content": "好好好好"}, {"uid": "188146744", "content": "好好好好好"}, {"uid": "29963588", "content": "好好好好好"}, {"uid": "33998605", "content": "生日快乐"}, {"uid": "31008627", "content": "好好好好好"}, {"uid": "2090410410", "content": "生日快乐！"}, {"uid": "24864066", "content": "狂！"}, {"uid": "587416512", "content": "生日快乐！"}, {"uid": "360214751", "content": "好！！！！！"}, {"uid": "40175461", "content": "好好好好"}, {"uid": "34871965", "content": "好好好"}, {"uid": "85813791", "content": "好好好"}, {"uid": "2057526717", "content": "好！！！"}, {"uid": "10702665", "content": "巨龍！"}, {"uid": "33903319", "content": "好好好"}, {"uid": "37122997", "content": "好好好"}, {"uid": "164664500", "content": "好好好好好"}, {"uid": "22900901", "content": "好！"}, {"uid": "12584124", "content": "好好好"}, {"uid": "1914375", "content": "好好好好"}, {"uid": "1601743119", "content": "好好好"}, {"uid": "1590890", "content": "生日快乐"}, {"uid": "51747295", "content": "好好好"}, {"uid": "27086592", "content": "好好好"}, {"uid": "11023115", "content": "好好好"}, {"uid": "175949399", "content": "生日快乐！"}, {"uid": "100611041", "content": "好好好好好好"}, {"uid": "4130065", "content": "hhh"}, {"uid": "12795017", "content": "生日快乐！"}, {"uid": "21605587", "content": "好好好好"}, {"uid": "50798634", "content": "好好好好"}, {"uid": "46380035", "content": "好！"}, {"uid": "140564642", "content": "狂"}, {"uid": "167980859", "content": "OK是吧"}, {"uid": "18208757", "content": "生日快乐！"}, {"uid": "29504561", "content": "狂小贝"}, {"uid": "8297400", "content": "好好好"}, {"uid": "3179697", "content": "狂小a！"}, {"uid": "61949110", "content": "好好好"}, {"uid": "61949110", "content": "好好好好好好"}, {"uid": "3486938", "content": "好好好"}, {"uid": "103297037", "content": "Ok"}, {"uid": "3660170", "content": "好好好好好"}, {"uid": "21165345", "content": "好好好"}, {"uid": "32188778", "content": "好好好好好"}, {"uid": "318097308", "content": "好好好好好"}, {"uid": "318097308", "content": "生日快乐"}, {"uid": "85622795", "content": "好好好"}, {"uid": "31726350", "content": "好好好好好好"}, {"uid": "322320822", "content": "好！"}, {"uid": "13728614", "content": "狂"}, {"uid": "354544398", "content": "ok"}, {"uid": "23764427", "content": "狂"}, {"uid": "292984822", "content": "狂！"}, {"uid": "507765438", "content": "好！"}, {"uid": "10856031", "content": "狂"}, {"uid": "87679707", "content": "第六人！"}, {"uid": "87679707", "content": "好好好"}, {"uid": "258975231", "content": "ok"}, {"uid": "40816573", "content": "狂！"}, {"uid": "11148831", "content": "狂！"}, {"uid": "14817", "content": "好好好好好"}, {"uid": "1448968", "content": "狂"}, {"uid": "1835205116", "content": "ok"}, {"uid": "8252906", "content": "OK"}, {"uid": "651609943", "content": "生日快乐"}, {"uid": "86108357", "content": "ok"}, {"uid": "86656118", "content": "好好好"}, {"uid": "8264545", "content": "我超ok"}, {"uid": "40186205", "content": "狂！"}, {"uid": "60503761", "content": "好好好好"}, {"uid": "98651964", "content": "第六人！"}, {"uid": "614591586", "content": "好好好"}, {"uid": "3366602", "content": "狂"}, {"uid": "13153673", "content": "好！"}, {"uid": "14130500", "content": "狂小贝"}, {"uid": "22571897", "content": "好好好好好"}, {"uid": "30313839", "content": "好好好"}, {"uid": "19603803", "content": "收到"}, {"uid": "19603803", "content": "好好好"}, {"uid": "333538670", "content": "好！"}, {"uid": "415398961", "content": "ok我超"}, {"uid": "5312877", "content": "好！"}, {"uid": "85338692", "content": "狂！"}, {"uid": "125186979", "content": "好好好好好"}, {"uid": "45979570", "content": "狂！"}, {"uid": "83539662", "content": "好好好"}, {"uid": "1602053", "content": "呜呜呜"}, {"uid": "39301892", "content": "第六人！"}, {"uid": "33590041", "content": "狂"}, {"uid": "13301620", "content": "狂！"}, {"uid": "27078893", "content": "生日快乐！"}, {"uid": "12795017", "content": "第六人！"}, {"uid": "12795017", "content": "好！"}, {"uid": "3190850", "content": "好好好"}, {"uid": "39310955", "content": "生日快乐"}, {"uid": "3056750", "content": "狂"}, {"uid": "11153492", "content": "好！！！！"}, {"uid": "90394513", "content": "生日快乐"}, {"uid": "17155646", "content": "第六人"}, {"uid": "346325823", "content": "狂！"}, {"uid": "444971519", "content": "好好好好"}, {"uid": "663072713", "content": "好好好"}, {"uid": "76880871", "content": "好好好好好"}, {"uid": "339568955", "content": "狂！"}, {"uid": "3864159", "content": "狂！"}, {"uid": "61949110", "content": "好好好"}, {"uid": "396795880", "content": "生日快乐"}, {"uid": "103297037", "content": "好！"}, {"uid": "447354518", "content": "生日快乐"}, {"uid": "40854511", "content": "好！"}, {"uid": "80110854", "content": "狂！"}, {"uid": "594222", "content": "狂"}, {"uid": "520218394", "content": "好！"}, {"uid": "520218394", "content": "狂！"}, {"uid": "180885245", "content": "好！"}, {"uid": "424174935", "content": "狂！"}, {"uid": "36257412", "content": "狂"}, {"uid": "367694697", "content": "狂！"}, {"uid": "484774843", "content": "生日快乐!"}, {"uid": "27892390", "content": "好！"}, {"uid": "287164403", "content": "狂！"}, {"uid": "476461564", "content": "生日快乐"}, {"uid": "125186979", "content": "好好好好好"}, {"uid": "471425486", "content": "什么魔兽世界"}, {"uid": "33998605", "content": "狂"}, {"uid": "36727099", "content": "好!"}, {"uid": "743597", "content": "好！"}, {"uid": "130135953", "content": "好！"}, {"uid": "21718391", "content": "好好好"}, {"uid": "32221181", "content": "狂！"}, {"uid": "21733137", "content": "好！"}, {"uid": "14130500", "content": "好好好"}, {"uid": "13014285", "content": "生日快乐"}, {"uid": "315981860", "content": "好好好"}, {"uid": "259520889", "content": "狂！"}, {"uid": "3993600", "content": "好！"}, {"uid": "365211848", "content": "好！"}, {"uid": "13459578", "content": "狂"}, {"uid": "34647634", "content": "好好好"}, {"uid": "442416485", "content": "好！"}, {"uid": "2788454", "content": "狂！"}, {"uid": "15195763", "content": "狂"}, {"uid": "8456186", "content": "好！"}, {"uid": "9097551", "content": "好！"}, {"uid": "36197455", "content": "h'h'h'h'h'h"}, {"uid": "27210882", "content": "狂"}, {"uid": "79896279", "content": "狂！"}, {"uid": "434850387", "content": "生日快乐"}, {"uid": "166030929", "content": "生日快乐"}, {"uid": "6187207", "content": "狂！"}, {"uid": "10980713", "content": "中中"}, {"uid": "68087321", "content": "狂！"}, {"uid": "11594526", "content": "狂！"}, {"uid": "321919006", "content": "好！"}, {"uid": "73374100", "content": "好好好"}, {"uid": "3226459", "content": "好！"}, {"uid": "279476388", "content": "狂"}, {"uid": "258975231", "content": "狂"}, {"uid": "196713318", "content": "狂！"}, {"uid": "196669869", "content": "好！"}, {"uid": "3573980", "content": "!"}, {"uid": "18276097", "content": "狂"}, {"uid": "23440", "content": "狂"}]