[{"uid": "583639845", "content": "A-soul的时代！"}, {"uid": "365736226", "content": "梦开始的地方"}, {"uid": "3359218", "content": "哈哈哈这弹幕太经典了，保护文物"}, {"uid": "348109021", "content": "团  队  血  袋"}, {"uid": "348109021", "content": "手  柄  氪  金"}, {"uid": "348109021", "content": "实  力  派  主  唱"}, {"uid": "348109021", "content": "十  秒  四  首  歌"}, {"uid": "622906303", "content": "古战场一溜"}, {"uid": "147017172", "content": "好耶！然然爱你呀"}, {"uid": "348109021", "content": "抽  象  公  主"}, {"uid": "348109021", "content": "歌  力  巅  峰"}, {"uid": "39098391", "content": "我的清楚系然然已经无了，呜呜呜"}, {"uid": "380368027", "content": "好耶!"}, {"uid": "147017172", "content": "拉姐！mua你一下"}, {"uid": "252640523", "content": "嘉然！嘉然！嘉然！"}, {"uid": "434239412", "content": "差不多得了"}, {"uid": "8350379", "content": "期待"}, {"uid": "348109021", "content": "v  o  c  a  l  担  当"}, {"uid": "348109021", "content": "v  吧  吧  主"}, {"uid": "90135004", "content": "哇，这个腰身~"}, {"uid": "482626835", "content": "来了来了"}, {"uid": "2812703", "content": "好好好好好好好 我们都是kira人"}, {"uid": "24227247", "content": "嘉然！嘉然！嘉然！"}, {"uid": "94787916", "content": "溜"}, {"uid": "7689124", "content": "嘉门"}, {"uid": "29152944", "content": "珈乐万岁！！！"}, {"uid": "474139413", "content": "差不多得了"}, {"uid": "485037709", "content": "冲"}, {"uid": "2850911", "content": "就嗯饥饿营销是吧"}, {"uid": "148174077", "content": "珈乐，我的珈乐"}, {"uid": "5106279", "content": "快快快快快快快快快"}, {"uid": "1514114", "content": "愛了愛了"}, {"uid": "2247634", "content": "差不多得了"}, {"uid": "368352822", "content": "差不多得了"}, {"uid": "240449109", "content": "支持黑转粉"}, {"uid": "554442010", "content": "可爱捏"}, {"uid": "147017172", "content": "乐！乐我好想你！"}, {"uid": "485037709", "content": "还蛮好听"}, {"uid": "33220221", "content": "期待"}, {"uid": "24227247", "content": "动起来啊！"}, {"uid": "74216133", "content": "快快快快"}, {"uid": "104881800", "content": "弹幕救一下啊家人们"}, {"uid": "104881800", "content": "弹幕救一下啊家人们"}, {"uid": "89833650", "content": "差不多得了"}, {"uid": "399990718", "content": "然然，丑哥支持你"}, {"uid": "31889437", "content": "差不多得了"}, {"uid": "31889437", "content": "差不多得了"}, {"uid": "368352822", "content": "差不多得了"}, {"uid": "368352822", "content": "差不多得了"}, {"uid": "474139413", "content": "差不多得了"}, {"uid": "29174171", "content": "期待"}, {"uid": "104881800", "content": "弹幕救一下啊家人们"}, {"uid": "348109021", "content": "游  戏  蝗  虫"}, {"uid": "485037709", "content": "加油"}, {"uid": "28979381", "content": "dddddddd"}, {"uid": "96492236", "content": "古战场开溜"}, {"uid": "1752374198", "content": "赶紧滚吧"}, {"uid": "24227247", "content": "嘉然我爱你啊！"}, {"uid": "691046666", "content": "差不多得了"}]