[{"uid": "470381009", "content": "阿伟，你又在打电动哦"}, {"uid": "99696907", "content": "阿伟，你又在打电动哦"}, {"uid": "645933348", "content": "爹，收到收到收到！"}, {"uid": "6168719", "content": "小向晚很担心你"}, {"uid": "154089086", "content": "这下真成爹了"}, {"uid": "5683348", "content": "慈父"}, {"uid": "11332236", "content": "好干脆的wink啊"}, {"uid": "12181159", "content": "小向晚很担心你"}, {"uid": "194370032", "content": "爹，我考完就来陪你"}, {"uid": "21331110", "content": "爹非常担心你们"}, {"uid": "567299", "content": "小向晚很担心你.gif"}, {"uid": "93652677", "content": "知道了，爹"}, {"uid": "303430", "content": "我爹会wink了！"}, {"uid": "439306887", "content": "再溜一遍"}, {"uid": "21880199", "content": "可以说是严父了"}, {"uid": "13363540", "content": "小向晚很担心你"}, {"uid": "6168719", "content": "小向晚很担心你"}, {"uid": "12181159", "content": "小向晚很担心你"}, {"uid": "342561098", "content": "骗我不会wink是吧"}, {"uid": "48173486", "content": "收到，爹"}, {"uid": "263739926", "content": "小向晚很担心你"}, {"uid": "70557572", "content": "好的，爹"}, {"uid": "56525567", "content": "收到收到收到"}, {"uid": "6168719", "content": "小向晚很担心你"}, {"uid": "26249803", "content": "子不教父之过"}, {"uid": "19922336", "content": "小向晚很担心你"}, {"uid": "13095901", "content": "收到收到收到"}, {"uid": "439306887", "content": "晚晚，嘿嘿，晚晚"}, {"uid": "4162483", "content": "收到收到收到收到收到"}, {"uid": "517056", "content": "收到收到"}, {"uid": "4960353", "content": "收到收到收到"}, {"uid": "34871965", "content": "收到收到收到"}, {"uid": "48173486", "content": "收到收到收到"}, {"uid": "21799358", "content": "收到收到收到"}, {"uid": "14978035", "content": "收到收到收到"}, {"uid": "1339850", "content": "收到收到收到"}, {"uid": "86976622", "content": "收到收到收到"}, {"uid": "11081434", "content": "收到收到收到"}, {"uid": "7503494", "content": "收到收到收到"}, {"uid": "23373910", "content": "收到收到收到"}, {"uid": "27217564", "content": "收到收到收到"}, {"uid": "32145038", "content": "收到收到收到"}, {"uid": "32145038", "content": "晚晚，我的晚晚"}, {"uid": "1524001", "content": "爹！"}, {"uid": "104267317", "content": "收到收到收到"}, {"uid": "361752256", "content": "爹爹爹"}, {"uid": "6206284", "content": "收到收到"}, {"uid": "131771332", "content": "爹！"}, {"uid": "244928639", "content": "收到收到收到"}, {"uid": "23811570", "content": "晚晚的？？"}, {"uid": "609291511", "content": "收到收到收到"}, {"uid": "60004620", "content": "晚晚我的晚晚"}, {"uid": "13664266", "content": "爹！"}, {"uid": "8136631", "content": "爹！"}, {"uid": "325298561", "content": "爹"}, {"uid": "37955115", "content": "爹！"}, {"uid": "8184884", "content": "好的爹"}, {"uid": "8923906", "content": "爹！"}, {"uid": "354913466", "content": "收到"}, {"uid": "14917508", "content": "晚晚"}, {"uid": "379450545", "content": "好的好的好的"}, {"uid": "22095347", "content": "无所谓的"}, {"uid": "437278931", "content": "收到收到收到，啊，我大一了，那没事了"}, {"uid": "46675752", "content": "寄！"}, {"uid": "694287457", "content": "张旭你怎么还在看啊"}, {"uid": "1558030", "content": "早就是社畜了捏"}, {"uid": "9849637", "content": "死了啦，都怪你"}, {"uid": "211290105", "content": "。。。"}, {"uid": "243248861", "content": "收到收到"}, {"uid": "10833800", "content": "杜向晚"}, {"uid": "261163137", "content": "收到收到收到收到收到收到收到收到"}, {"uid": "349378756", "content": "爹，我中考回来就来养你"}, {"uid": "130744622", "content": "六一有没有节目六一有没有节目六一有没有节目六一有没有节目六一有没有节目六一有没有节目六一有没有节目六一有没有节目六一有没有节目六一有没有节目六一有没有节目六一有没有节目"}, {"uid": "347350456", "content": "好的，爹"}]