[{"uid": "163582", "content": "一把抓住"}, {"uid": "21895169", "content": "贝拉我的贝拉"}, {"uid": "28591655", "content": "然然好可爱"}, {"uid": "90417236", "content": "狗耳朵，我的狗耳朵"}, {"uid": "8552835", "content": "经典孕妇装"}, {"uid": "81532015", "content": "泥个看一眼4k+"}, {"uid": "35586962", "content": "我一把抓住阿草的（）"}, {"uid": "35586962", "content": "我一直都是铁血贝极星啊（口水黄豆）"}, {"uid": "244928639", "content": "泥哥看一眼(      )+"}, {"uid": "25352637", "content": "顶碗人，集合！"}, {"uid": "219281677", "content": "顶碗人集合"}, {"uid": "4193922", "content": "懒洋洋太乖了"}, {"uid": "487825", "content": "我想当向晚小姐的狗"}, {"uid": "522628769", "content": "向晚向晚向晚"}, {"uid": "522628769", "content": "手 柄 氪 金"}, {"uid": "348109021", "content": "歌  力  巅  峰"}, {"uid": "503380483", "content": "今天开始我就是嘉然的狗！"}, {"uid": "12614174", "content": "质量相当高啊"}, {"uid": "2259806", "content": "嘉然太可爱了~"}, {"uid": "28591655", "content": "然然好可爱"}, {"uid": "272861009", "content": "贝拉我的贝拉"}, {"uid": "2719127", "content": "简简单单投个降"}, {"uid": "102571912", "content": "古早版本"}, {"uid": "34906079", "content": "卧槽！！乐！！！"}, {"uid": "1478064", "content": "很难不入脑"}, {"uid": "70557572", "content": "简简单单投个降"}, {"uid": "247973680", "content": "很难不投降"}, {"uid": "5865427", "content": "泥哥泥哥看一眼4k+"}, {"uid": "5865427", "content": "泥哥泥哥看一眼4k+"}, {"uid": "159081833", "content": "简简单单投个降"}, {"uid": "98405556", "content": "孕妇装"}, {"uid": "616349829", "content": "我一直都是嘉然毒唯啊"}, {"uid": "400520882", "content": "差不多得了"}, {"uid": "617168536", "content": "嘉然妹妹万岁！"}, {"uid": "8255791", "content": "很难不投降"}, {"uid": "482626835", "content": "贝拉好可爱"}, {"uid": "487680781", "content": "技术很强"}, {"uid": "33585328", "content": "嘉然，我能当你的狗吗"}, {"uid": "38286816", "content": "可爱可爱可爱"}, {"uid": "102571912", "content": "拉姐嘿嘿"}, {"uid": "345991793", "content": "然然可爱捏"}, {"uid": "32698740", "content": "然然你带我走吧"}, {"uid": "604208879", "content": "然然可爱捏"}, {"uid": "14700260", "content": "投降投降投降"}, {"uid": "1841852", "content": "可爱可爱"}, {"uid": "452782071", "content": "嘉然！万碎！嘉然！万碎！"}, {"uid": "617168536", "content": "嘉然妹妹万岁！"}, {"uid": "260399605", "content": "差不多得了"}, {"uid": "2271768", "content": "可爱"}, {"uid": "434138392", "content": "贝拉11000舰时期回来考古"}, {"uid": "487482494", "content": "爹"}, {"uid": "244397553", "content": "可爱捏"}, {"uid": "947020", "content": "可爱捏"}, {"uid": "21895169", "content": "珈乐我的珈乐"}, {"uid": "32698740", "content": "可爱捏"}, {"uid": "19968383", "content": "可爱捏"}, {"uid": "29152944", "content": "珈乐万岁！！！"}, {"uid": "8309066", "content": "可爱捏"}, {"uid": "233918796", "content": "投降投降"}, {"uid": "1852299", "content": "很难不gachi"}, {"uid": "31494740", "content": "差不多得了"}, {"uid": "6206284", "content": "真有钱"}, {"uid": "248283", "content": "差不多得了"}, {"uid": "41333102", "content": "差不多得了"}, {"uid": "293992529", "content": "反转了"}, {"uid": "53962104", "content": "然然！"}, {"uid": "943110", "content": "爹！"}, {"uid": "1493157", "content": "爹！"}, {"uid": "7503494", "content": "卧槽乐"}, {"uid": "8309066", "content": "可爱捏"}, {"uid": "25387531", "content": "可爱捏"}, {"uid": "352162379", "content": "差不多得了"}, {"uid": "51230824", "content": "孝子的sc準備好了！"}, {"uid": "277703750", "content": "差不多得了"}, {"uid": "277703750", "content": "差不多得了"}, {"uid": "32500646", "content": "差不多得了"}, {"uid": "32500646", "content": "差不多得了"}, {"uid": "259340358", "content": "差不多得了"}, {"uid": "237759315", "content": "差不多得了啊"}, {"uid": "399217957", "content": "差不多得了"}, {"uid": "1478064", "content": "爆杀！"}, {"uid": "254559153", "content": "投了"}, {"uid": "29152944", "content": "珈乐万岁！！！"}, {"uid": "159335599", "content": "可爱"}, {"uid": "15354354", "content": "圣嘉然"}, {"uid": "32980365", "content": "可爱"}, {"uid": "123323777", "content": "差不多得了"}, {"uid": "732692", "content": "差不多得了"}, {"uid": "18332447", "content": "差不多得了"}, {"uid": "266666993", "content": "妈妈妈妈妈妈妈妈"}, {"uid": "3553991", "content": "差不多得了"}, {"uid": "25561404", "content": "差不多得了"}, {"uid": "32735006", "content": "妈妈妈妈妈"}, {"uid": "3553991", "content": "差不多得了"}, {"uid": "32500646", "content": "差不多得了"}, {"uid": "32500646", "content": "差不多得了"}, {"uid": "5661351", "content": "差不多得了"}, {"uid": "479259470", "content": "拉门"}, {"uid": "437977366", "content": "爹wwwwww"}, {"uid": "25383550", "content": "爹"}, {"uid": "686694072", "content": "可爱"}, {"uid": "148174077", "content": "珈乐，我的珈乐"}, {"uid": "3089435", "content": "消灭泥哥"}, {"uid": "230263702", "content": "可爱"}, {"uid": "833821", "content": "可爱"}, {"uid": "64193777", "content": "差不多得了"}, {"uid": "295677243", "content": "差不多得了"}, {"uid": "18796657", "content": "差不多得了"}, {"uid": "25379657", "content": "差不多得了"}, {"uid": "487680781", "content": "可爱"}, {"uid": "32500646", "content": "差不多得了"}, {"uid": "7997059", "content": "差不多得了"}, {"uid": "26531484", "content": "贝拉11000舰考古"}, {"uid": "143794295", "content": "wwwdd"}, {"uid": "170878885", "content": "上古战场"}, {"uid": "334120", "content": "反转了"}, {"uid": "670329859", "content": "反转力"}, {"uid": "38505387", "content": "跌！"}, {"uid": "1113047", "content": "泥哥泥哥4k+"}, {"uid": "318148788", "content": "差不多得了"}]