[{"uid": "2917592", "content": "会好起来的"}, {"uid": "52676512", "content": "珈乐solo time"}, {"uid": "52676512", "content": "衣服好看哦"}, {"uid": "29152944", "content": "好少的弹幕"}, {"uid": "30233268", "content": "两个小孩子自己玩？"}, {"uid": "108186385", "content": "贝拉贝拉贝拉！"}, {"uid": "482626835", "content": "这弹幕量就不科学"}, {"uid": "17731363", "content": "乃林也太美了"}, {"uid": "1634591", "content": "左边两个什么幼儿园"}, {"uid": "291170690", "content": "然然爱你鹅"}, {"uid": "4897423", "content": "0000"}, {"uid": "12896089", "content": "666"}, {"uid": "388097798", "content": "然然"}, {"uid": "37802412", "content": "\\王加乐/\\王加乐/\\王加乐/\\王加乐/\\王加乐/\\王加乐/\\王加乐/\\王加乐/\\王加乐/\\王加乐/\\王加乐/\\王加乐/"}, {"uid": "11086789", "content": "爱你爱你爱你爱你爱你爱你爱你爱你爱你爱你爱你爱你爱你爱你爱你爱你爱你爱你爱你爱你爱你爱你爱你爱你爱你爱你爱你爱你爱你爱你爱你爱你爱你爱你爱你爱你爱你爱你爱你爱你"}]