[{"uid": "29747760", "content": "你两喜剧人，是吧"}, {"uid": "28803932", "content": "试图把我激怒"}, {"uid": "32240477", "content": "奶0她太大了"}, {"uid": "44140758", "content": "试图把我激怒"}, {"uid": "352429164", "content": "咒术"}, {"uid": "145084111", "content": "什么搞笑艺人"}, {"uid": "247092353", "content": "怎么大伙儿都挺猛，到你这就拉了胯了啊"}, {"uid": "32936905", "content": "啊我的好女人"}, {"uid": "7331613", "content": "小朋友闭嘴"}, {"uid": "102665004", "content": "胳膊细的人表示受到冒犯"}, {"uid": "4000857", "content": "晚指导无处安放的小手"}, {"uid": "663041565", "content": "不愧为奶0"}, {"uid": "663041565", "content": "两个沙雕哈哈哈哈"}, {"uid": "663041565", "content": "新年愿望是娶到贝拉"}, {"uid": "356006366", "content": "这两个拿着锅的给我看笑了"}, {"uid": "68010785", "content": "贝拉真的会跳"}, {"uid": "13474987", "content": "摇不动了，贝拉，我的天使"}, {"uid": "153738755", "content": "考古发现梦幻联动"}, {"uid": "37695172", "content": "风情风情风情"}, {"uid": "37695172", "content": "风情"}, {"uid": "456087652", "content": "皇家骑士在此！"}, {"uid": "7331613", "content": "小朋友别上大人的舞台！"}, {"uid": "11849888", "content": "出道即巅峰"}, {"uid": "15107866", "content": "气氛组"}, {"uid": "111459857", "content": "画风突变"}, {"uid": "68010785", "content": "搞笑艺人组"}, {"uid": "4897423", "content": "乃琳啊啊啊啊"}, {"uid": "84070216", "content": "5图"}, {"uid": "25007802", "content": "贝拉！贝拉！"}, {"uid": "7514527", "content": "画风一转"}, {"uid": "1676895", "content": "OHHHHHHHHHHHH"}, {"uid": "2651016", "content": "皇珈骑士团！"}, {"uid": "24563436", "content": "珈乐珈乐珈乐"}, {"uid": "12372903", "content": "平底锅是认真的吗？"}, {"uid": "12372903", "content": "真是一群宝藏女孩啊，会的歌舞真多"}, {"uid": "97072726", "content": "珈乐跳舞太好看了"}, {"uid": "56805943", "content": "红红火火恍恍惚惚哈哈"}, {"uid": "29152944", "content": "珈乐万岁！！！"}, {"uid": "84070216", "content": "5t5"}, {"uid": "37862183", "content": "绷不住了"}, {"uid": "44140758", "content": "师徒把我激怒"}, {"uid": "1676895", "content": "什么小朋友"}, {"uid": "1737650", "content": "哈哈哈哈哈哈哈"}, {"uid": "43891045", "content": "绷不住了"}, {"uid": "6455", "content": "绷不住了"}, {"uid": "33209530", "content": "这胳膊就细的离谱？能不能改改？"}, {"uid": "81529048", "content": "我喜欢这个"}, {"uid": "225833350", "content": "绷不住了"}, {"uid": "17771572", "content": "贝拉贝拉贝拉贝拉贝拉贝拉贝拉"}, {"uid": "89387089", "content": "怎么还有两个小孩？"}, {"uid": "284157238", "content": "哈哈哈哈哈"}, {"uid": "4193922", "content": "双厨喜起来了嗷"}, {"uid": "79854503", "content": "笑出来了"}, {"uid": "24564629", "content": "哈哈哈"}, {"uid": "77457928", "content": "老婆！"}, {"uid": "77457928", "content": "23333"}, {"uid": "142853852", "content": "奶0奶0奶0"}, {"uid": "4974177", "content": "风情"}, {"uid": "1869006", "content": "坏女人"}, {"uid": "287915162", "content": "把我气笑了"}, {"uid": "6455", "content": "好耶！"}, {"uid": "1634591", "content": "狂小贝"}, {"uid": "100989153", "content": "专业"}, {"uid": "456430805", "content": "绷不住了"}, {"uid": "5380782", "content": "两个锅？"}, {"uid": "4267841", "content": "绷不住了"}, {"uid": "142853852", "content": "绷不住了"}, {"uid": "142853852", "content": "贝拉贝拉贝拉贝拉"}, {"uid": "8419937", "content": "搞笑呢"}, {"uid": "1776349", "content": "？"}, {"uid": "396804", "content": "草"}, {"uid": "94121781", "content": "这么大"}, {"uid": "796514", "content": "不垮不看"}, {"uid": "17771572", "content": "草"}, {"uid": "287915162", "content": "右边怎么有小孩？"}, {"uid": "4193922", "content": "好起来了"}, {"uid": "23135750", "content": "孤立我奶0是吧 蒸发四个人还是很容易的"}, {"uid": "303251231", "content": "这不是咒术回战的ED？？？"}, {"uid": "67068304", "content": "聪明"}, {"uid": "145791066", "content": "爹"}, {"uid": "287915162", "content": "两"}, {"uid": "439684858", "content": "双厨狂喜"}, {"uid": "39929149", "content": "烧"}, {"uid": "6455", "content": "好看 ！"}, {"uid": "323959293", "content": "烧"}, {"uid": "11338985", "content": "蚌埠住了"}, {"uid": "1634591", "content": "搞笑艺人是吧"}, {"uid": "2550281", "content": "乱跳是吧"}, {"uid": "4494836", "content": "2333"}, {"uid": "23765040", "content": "乐乐乐乐乐乐乐乐乐乐乐乐"}, {"uid": "24174072", "content": "顶"}, {"uid": "1869006", "content": "草"}, {"uid": "18681989", "content": "乃琳乃琳"}, {"uid": "5307500", "content": "不垮不看"}, {"uid": "323959293", "content": "贝拉！"}, {"uid": "481362703", "content": "啊这"}, {"uid": "17439030", "content": "贴贴捏"}, {"uid": "284123193", "content": "厉害"}, {"uid": "80435457", "content": "啊这"}, {"uid": "174533993", "content": "？？？？？"}, {"uid": "7905734", "content": "蚌埠住了"}, {"uid": "15405146", "content": "老驴"}, {"uid": "8160296", "content": "蚌埠住了"}, {"uid": "17771572", "content": "烧"}, {"uid": "323959293", "content": "玩尬的"}, {"uid": "22440001", "content": "awsl"}, {"uid": "796514", "content": "老婆老婆老婆老婆老婆老婆老婆老婆老婆老婆"}, {"uid": "450193111", "content": "\\嘉然/\\嘉然/\\嘉然/\\嘉然/\\嘉然/\\嘉然/\\嘉然/"}, {"uid": "450193111", "content": "\\嘉然/\\嘉然/\\嘉然/\\嘉然/\\嘉然/"}]