[{"uid": "20075509", "content": "大家注意保护文物！"}, {"uid": "86877930", "content": "A-SOUL时代，沸腾期待！"}, {"uid": "86877930", "content": "A-SOUL时代，沸腾期待！"}, {"uid": "86877930", "content": "A-SOUL时代，沸腾期待！"}, {"uid": "86877930", "content": "A-SOUL时代，沸腾期待！"}, {"uid": "86877930", "content": "A-SOUL时代，沸腾期待！"}, {"uid": "86877930", "content": "A-SOUL时代，沸腾期待！"}, {"uid": "86877930", "content": "A-SOUL时代，沸腾期待！"}, {"uid": "23306111", "content": "古战场巡礼"}, {"uid": "13742770", "content": "古 战 场"}, {"uid": "87897178", "content": "世 界 历 史 遗 迹"}, {"uid": "87897178", "content": "反 转 了"}, {"uid": "81766602", "content": "梦开始的地方"}, {"uid": "442802549", "content": "古 战 场 遗 迹"}, {"uid": "35907886", "content": "梦开始的地方，我一直都是一个魂"}, {"uid": "67909844", "content": "ASOUL时代，沸腾期待！"}, {"uid": "67909844", "content": "圣嘉然会原谅你们的"}, {"uid": "365736226", "content": "梦开始的地方！！！！"}, {"uid": "450708094", "content": " 吊 古 战 场 文 "}, {"uid": "12729453", "content": "梦开始的地方！"}, {"uid": "7475023", "content": "反转了，我成嘉心糖了"}, {"uid": "198286116", "content": "然然你带我走吧"}, {"uid": "348425215", "content": "中国v圈崛起的新时代由asoul开启"}, {"uid": "43599807", "content": "梦开始的地方"}, {"uid": "21895169", "content": "上  古  战  场"}, {"uid": "21895169", "content": "圣嘉然会原谅过去无知的人们犯下的过错的，嘉门"}, {"uid": "19118746", "content": "#战神遗迹"}, {"uid": "21177155", "content": "《傲慢与偏见》"}, {"uid": "33122647", "content": "梦开始的地方"}, {"uid": "396885492", "content": "大家注意保护历史文物哈哈。"}, {"uid": "110525267", "content": "梦开始的地方"}, {"uid": "20523658", "content": "梦开始的地方"}, {"uid": "37768262", "content": "Love You And Never Go Away​"}, {"uid": "429080", "content": "梦开始的地方"}, {"uid": "10523551", "content": "哈哈哈哈哈哈哈时空警察来看真的节目效果曝炸"}, {"uid": "322342", "content": "20210521，终于活成了自己讨厌的模样(爱心黄豆)"}, {"uid": "2912902", "content": "FK you and never come back"}, {"uid": "430516464", "content": "梦开始的地方"}, {"uid": "244397553", "content": "反转了，我是嘉心糖"}, {"uid": "500442", "content": "古 战 场 遗 迹"}, {"uid": "170237424", "content": "好时代要来了！！！"}, {"uid": "1475519", "content": "圣地巡礼"}, {"uid": "55945151", "content": "时刻回应爱"}, {"uid": "214379269", "content": "傲  慢  与  偏  见"}, {"uid": "5634224", "content": "名 胜 古 迹"}, {"uid": "46450375", "content": "最好的时代到来了"}, {"uid": "84375558", "content": "宦官们好呀～湫眯"}, {"uid": "5608665", "content": "笑死，出动了！！"}, {"uid": "27177874", "content": "晚指导能跳这么好我是不信的"}, {"uid": "486790", "content": "感慨破深，成见与破除"}, {"uid": "170237424", "content": "V 圈 的 希 望"}, {"uid": "499856663", "content": "fk you and never come back"}, {"uid": "24472548", "content": "Fk u and never come back"}, {"uid": "34724686", "content": "机 械 降 神"}, {"uid": "17612650", "content": "戳啦 剂霸茅嘛"}, {"uid": "399990718", "content": "专业，专业的的团队来了，"}, {"uid": "399990718", "content": "嘉然姐姐:塌得好，塌得妙呀！"}, {"uid": "4838709", "content": "小姐姐好可爱"}, {"uid": "583639845", "content": "A-SOUL的时代！"}, {"uid": "157626751", "content": "战神遗迹"}, {"uid": "21485662", "content": "历史的重大转折来临了！"}, {"uid": "1359202", "content": "光明降临"}, {"uid": "8432856", "content": "战神遗迹"}, {"uid": "13233610", "content": "古战场遗址"}, {"uid": "662922436", "content": "梦开始的地方"}, {"uid": "29721445", "content": "然然你带我走吧"}, {"uid": "5106279", "content": "战神遗迹"}, {"uid": "21617558", "content": "然然你带我走吧"}, {"uid": "2515986", "content": "历史遗迹了属于是"}, {"uid": "245795831", "content": "反转的有多少让我看看"}, {"uid": "33122647", "content": "asoul时代 沸腾期待"}, {"uid": "519670769", "content": "亡灵天灾"}, {"uid": "34951989", "content": "Asoul时代，沸腾期待！"}, {"uid": "281763976", "content": "Love You And Never Go Away​"}, {"uid": "396918498", "content": "反转了 嘉门"}, {"uid": "15405855", "content": "战神遗迹"}, {"uid": "5265713", "content": "就在今天！"}, {"uid": "351018385", "content": "就在今天"}, {"uid": "34571311", "content": "嘉门（双手合十）"}, {"uid": "234501049", "content": "反转了！"}, {"uid": "24842392", "content": "战 神 遗 迹"}, {"uid": "110909850", "content": "好像做嘉然小姐的狗啊"}, {"uid": "702885332", "content": "梦开始的地方"}, {"uid": "164664500", "content": "Asoul时代，沸腾期待！"}, {"uid": "3392150", "content": "有你的陪伴，全不会孤单"}, {"uid": "2110333", "content": "好时代的开始"}, {"uid": "364144", "content": "两级反转"}, {"uid": "364144", "content": "两级反转"}, {"uid": "372738769", "content": "我要创造一个没有泥哥的世界"}, {"uid": "379491", "content": "属于是朝圣了"}, {"uid": "29721445", "content": "看国V扬国威"}, {"uid": "28393187", "content": "好时代来临力！"}, {"uid": "129978746", "content": "芜湖，诶嘿，啊哈"}, {"uid": "36222966", "content": "A-SOUL！asoul！"}, {"uid": "143286393", "content": "好时代来临力"}, {"uid": "39637999", "content": "嘉门！！！！！！"}, {"uid": "23218380", "content": "把差不多和扫黄都叉出去"}, {"uid": "352985388", "content": "晚晚对不起"}, {"uid": "9493", "content": "就在今天！"}, {"uid": "98449135", "content": "圣地巡礼，太乐了"}, {"uid": "250162373", "content": "圣地巡游"}, {"uid": "1809333", "content": "做女团死路一条啊"}, {"uid": "84375558", "content": "yhm 摆烂的时代，结束力！"}, {"uid": "13334795", "content": "反转了，兄弟们"}, {"uid": "455108870", "content": "名胜古迹乐死我了"}, {"uid": "327140", "content": "2021年回来看看，兄弟萌好时代来了"}, {"uid": "34403192", "content": "傻孩子们，快跑啊"}, {"uid": "416517955", "content": "哈哈哈哈哈哈哈哈哈哈哈"}, {"uid": "285224034", "content": "fk u and never come back"}, {"uid": "504139774", "content": "死神永生"}, {"uid": "153993119", "content": "快塌快塌"}, {"uid": "400520882", "content": "差不多的了"}, {"uid": "4088148", "content": "我惦记您这C位怎么还是TDA式脸模，没钱做模型？"}, {"uid": "501706549", "content": "加油٩(๑^o^๑)۶"}, {"uid": "7200185", "content": "净化净化"}, {"uid": "272293", "content": "好时代来临辣"}, {"uid": "322320822", "content": "看国v扬国威"}, {"uid": "39119598", "content": "梦开始的地方"}, {"uid": "269987235", "content": "时间警察来了"}, {"uid": "351018385", "content": "好的来了"}, {"uid": "392805543", "content": "反转了，就好这口"}, {"uid": "519670769", "content": "然然带我走吧"}, {"uid": "646476037", "content": "古战场遗迹"}, {"uid": "4705478", "content": "好时代终于来临了！"}, {"uid": "163582", "content": "嘉门"}, {"uid": "5265713", "content": "嘉门"}, {"uid": "10097298", "content": "差不多反转了"}, {"uid": "129482283", "content": "净化净化"}, {"uid": "29721445", "content": "我已经是嘉然小姐的狗了"}, {"uid": "262899995", "content": "好起来了"}, {"uid": "255583266", "content": "嘉门"}, {"uid": "49546170", "content": "啊啊啊啊啊啊贝拉我喜欢你啊"}, {"uid": "484616014", "content": "反转了 国V站起来！"}, {"uid": "32302729", "content": "好好好好好好好"}, {"uid": "372738769", "content": "asouo冲压！"}, {"uid": "372738769", "content": "向晚加油！"}, {"uid": "2441292", "content": "反 转 了"}, {"uid": "74196438", "content": "嘉门"}, {"uid": "147062709", "content": "梦开始的地方"}, {"uid": "147062709", "content": "梦开始的地方"}, {"uid": "352871138", "content": "泥哥不能处！"}, {"uid": "343615283", "content": "爱心黄豆"}, {"uid": "110474823", "content": "好好好好好好好好好好"}, {"uid": "319348498", "content": "名胜古迹哈哈哈"}, {"uid": "7417935", "content": "Love u and never leave me"}, {"uid": "98449135", "content": "考 古 学"}, {"uid": "1478064", "content": "反转了！！"}, {"uid": "221169958", "content": "开幕雷击"}, {"uid": "152226026", "content": "草笑嘻我了"}, {"uid": "1540548", "content": "2021年，第一次认识你们，给你们点个赞！打败偏见，相信自己！"}, {"uid": "22327105", "content": "就在今天！"}, {"uid": "4778202", "content": "嘉门～"}, {"uid": "349541570", "content": "值得纪念的弹幕"}, {"uid": "244928639", "content": "这下反转了"}, {"uid": "196669479", "content": "LOVE YOU AND NEVER GO AWAY"}, {"uid": "590190732", "content": "好时代来了"}, {"uid": "10463435", "content": "影临赛季？黎明赛季！"}, {"uid": "378892397", "content": "乐华！V之光！"}, {"uid": "378892397", "content": "国V！雄起！"}, {"uid": "8232415", "content": "弹幕太有意思了"}, {"uid": "378892397", "content": "然起来了！"}, {"uid": "1920643", "content": "对不起对不起"}, {"uid": "274595667", "content": "国V的崛起开始了！"}, {"uid": "274595667", "content": "yhm摆烂收租的日子到头了！"}, {"uid": "38983723", "content": "名胜古迹"}, {"uid": "351395420", "content": "呀咩咯。亚达呦"}, {"uid": "2544259", "content": "好时代来临了"}, {"uid": "131579879", "content": "差不多得了"}, {"uid": "90377510", "content": "fk you and never come back"}, {"uid": "46897144", "content": "差不多得了"}, {"uid": "52822082", "content": "差不多得了"}, {"uid": "583639845", "content": "梦开始的地方"}, {"uid": "299727433", "content": "战神遗迹"}, {"uid": "104860784", "content": "好时代，来了"}, {"uid": "9033866", "content": "我宣布现在是asoul时代！"}, {"uid": "6671616", "content": "嘉门"}, {"uid": "10041897", "content": "战神遗迹"}, {"uid": "10738391", "content": "嘉门！"}, {"uid": "3876455", "content": "真的是梁木"}, {"uid": "52652807", "content": "神 圣 庄 严 的 古 战 场"}, {"uid": "5312877", "content": "好时代，来临了"}, {"uid": "322320822", "content": "爹！"}, {"uid": "524524407", "content": "看看这里有没有遍地冤魂"}, {"uid": "4732849", "content": "爹爹！"}, {"uid": "38517522", "content": "嘉门"}, {"uid": "85118054", "content": "嘉门"}, {"uid": "29766736", "content": "古战场遗迹"}, {"uid": "404287512", "content": "反转了xdm"}, {"uid": "1843465", "content": "扎西德勒"}, {"uid": "276169778", "content": "嘉门"}, {"uid": "372738769", "content": "珈乐加油！"}, {"uid": "372738769", "content": "嘉然加油！"}, {"uid": "372738769", "content": "贝拉加油！"}, {"uid": "10160945", "content": "嘉门"}, {"uid": "515829589", "content": "还有关注晚，没有伤害她们"}, {"uid": "288041548", "content": "嘉门"}, {"uid": "37866725", "content": "好时代要来了！"}, {"uid": "21837771", "content": "v圈美梦"}, {"uid": "74196438", "content": "嘉然！！！！！！"}, {"uid": "12655340", "content": "好起来了"}, {"uid": "95954437", "content": "嘉门"}, {"uid": "430728834", "content": "太平洋没加盖，日本海没上锁"}, {"uid": "198312805", "content": "\\向晚/"}, {"uid": "293481881", "content": "嘉门"}, {"uid": "525395754", "content": "嘉门"}, {"uid": "33157105", "content": "4月23日回来，我已经是嘉然小姐的狗了"}, {"uid": "196669479", "content": "LOVE YOU AND NEVER GO AWAY"}, {"uid": "28661137", "content": "贝拉！"}, {"uid": "478154", "content": "好好好好好"}, {"uid": "223601630", "content": "反转了！"}, {"uid": "161647562", "content": "前排提醒，一定要开启弹幕观看！"}, {"uid": "170237424", "content": "嘉然加油"}, {"uid": "178134982", "content": "差不多得了"}, {"uid": "28026321", "content": "差不多得了"}, {"uid": "4757347", "content": "差不多得了"}, {"uid": "732692", "content": "差不多得了"}, {"uid": "37939142", "content": "差不多得了"}, {"uid": "1720300", "content": "差不多得了l"}, {"uid": "173845979", "content": "Fk u and never come back"}, {"uid": "583639845", "content": "群星！！！"}, {"uid": "114042736", "content": "嘉门"}, {"uid": "5312877", "content": "好时代，来临了"}, {"uid": "690117318", "content": "我第一个投降"}, {"uid": "49688825", "content": "好时代，要来了"}, {"uid": "150268854", "content": "嘉门"}, {"uid": "1562425789", "content": "古战场遗迹"}, {"uid": "519670769", "content": "然然我的然然"}, {"uid": "8427531", "content": "反转了"}, {"uid": "348677203", "content": "好时代来啦！"}, {"uid": "436146949", "content": "差不多得嘞"}, {"uid": "12483422", "content": "好好好好好好好"}, {"uid": "107710409", "content": "笑嘻了"}, {"uid": "31221760", "content": "嘉门"}, {"uid": "5121910", "content": "反转了，家人们"}, {"uid": "38010434", "content": "好时代要来了"}, {"uid": "93432557", "content": "反转了!"}, {"uid": "37866725", "content": "干烂樱花妹！"}, {"uid": "10900523", "content": "古战场一日游"}, {"uid": "5590751", "content": "就好这口捏~"}, {"uid": "13312003", "content": "反转了"}, {"uid": "6490851", "content": "反转了"}, {"uid": "149775438", "content": "嘉门"}, {"uid": "20629891", "content": "反转了！"}, {"uid": "8825072", "content": "嘉门"}, {"uid": "244928639", "content": "这下反转了"}, {"uid": "7123150", "content": "嘉门"}, {"uid": "29162863", "content": "嘉门"}, {"uid": "198312805", "content": "\\乃琳/"}, {"uid": "198312805", "content": "\\嘉然/"}, {"uid": "25608564", "content": "嘉门"}, {"uid": "129280819", "content": "嘉门"}, {"uid": "16551946", "content": "嘉门"}, {"uid": "241661624", "content": "嘉门"}, {"uid": "409367257", "content": "嘉门"}, {"uid": "1575379", "content": "嘉门"}, {"uid": "8309066", "content": "可爱捏"}, {"uid": "50223927", "content": "反转了"}, {"uid": "28661137", "content": "反转了兄弟萌"}, {"uid": "81891977", "content": "好时代要来了"}, {"uid": "277703750", "content": "差不多得了"}, {"uid": "161714912", "content": "差不多得了"}, {"uid": "60500346", "content": "差不多得了"}, {"uid": "228568760", "content": "差不多得了"}, {"uid": "266666993", "content": "基地爆炸"}, {"uid": "4228880", "content": "差不多得了"}, {"uid": "166209441", "content": "差不多得了"}, {"uid": "5837320", "content": "差不多得了"}, {"uid": "299727433", "content": "嘉门"}, {"uid": "396415882", "content": "反转辣"}, {"uid": "224540193", "content": "嘉门"}, {"uid": "7200185", "content": "嘉门"}, {"uid": "22658848", "content": "嘉门"}, {"uid": "235673044", "content": "嘉门"}, {"uid": "348710320", "content": "嘉门"}, {"uid": "24203976", "content": "古战场"}, {"uid": "178972442", "content": "反转了"}, {"uid": "67909844", "content": "很难不支持"}, {"uid": "94787916", "content": "嘉门"}, {"uid": "13579790", "content": "反转了"}, {"uid": "374069500", "content": "2021 6.1 回来宽恕自己"}, {"uid": "29721445", "content": "反转了"}, {"uid": "1826479896", "content": "战神遗迹"}, {"uid": "427285225", "content": "珈乐"}, {"uid": "7689124", "content": "嘉门"}, {"uid": "13324509", "content": "然然，我的然然"}, {"uid": "3913379", "content": "嘉门"}, {"uid": "255220656", "content": "名胜古迹"}, {"uid": "35907089", "content": "反转了"}, {"uid": "35907089", "content": "嘉门"}, {"uid": "282584626", "content": "1123事变"}, {"uid": "353342458", "content": "反转咯～"}, {"uid": "110531514", "content": "嘉门"}, {"uid": "1714892", "content": "反转了"}, {"uid": "1714892", "content": "反转了"}, {"uid": "2684884", "content": "反转了！"}, {"uid": "6953231", "content": "嘉门"}, {"uid": "23272111", "content": "时空jc来了！"}, {"uid": "74625460", "content": "名胜古迹"}, {"uid": "6985374", "content": "蚌埠住了"}, {"uid": "14059527", "content": "期待起来了"}, {"uid": "10720936", "content": "这下乐了"}, {"uid": "473526323", "content": "差不多得了"}, {"uid": "423674284", "content": "差不多得了"}, {"uid": "33501156", "content": "差不多得了"}, {"uid": "90377510", "content": "fk you and never come backfk you and never come back"}, {"uid": "482626835", "content": "关注啦 "}, {"uid": "15233725", "content": "差不多得了"}, {"uid": "261783974", "content": "差不多得了"}, {"uid": "1329044", "content": "差不多得了"}, {"uid": "39538868", "content": "差不多得了"}, {"uid": "2436125", "content": "反转了"}, {"uid": "26531484", "content": "嘉门"}, {"uid": "302171392", "content": "嘉门"}, {"uid": "2213490", "content": "拉姐！！"}, {"uid": "11303739", "content": "嘉门"}, {"uid": "2017807", "content": "反转了"}, {"uid": "352101084", "content": "嘉门"}, {"uid": "183023943", "content": "机械降神"}, {"uid": "305843019", "content": "反转了"}, {"uid": "13579790", "content": "嘉门"}, {"uid": "34871965", "content": "嘉门"}, {"uid": "355643755", "content": "反转了"}, {"uid": "29766736", "content": "反转了"}, {"uid": "12627133", "content": "嘉门"}, {"uid": "23813654", "content": "嘉门"}, {"uid": "605957", "content": "嘉门"}, {"uid": "372738769", "content": "好好好"}, {"uid": "8154320", "content": "好好好"}, {"uid": "37915018", "content": "笑死我了"}, {"uid": "18673733", "content": "嘉门"}, {"uid": "327186457", "content": "嘉门"}, {"uid": "223601630", "content": "嘉门"}, {"uid": "35907089", "content": "反转了"}, {"uid": "35907089", "content": "反转了"}, {"uid": "22600392", "content": "反转了"}, {"uid": "343615283", "content": "然然我的然然"}, {"uid": "343615283", "content": "嘉门"}, {"uid": "20933349", "content": "反转力"}, {"uid": "243660235", "content": "嘉门"}, {"uid": "525395754", "content": "嘉门"}, {"uid": "28525258", "content": "嘉门"}, {"uid": "175343754", "content": "然然我爱你"}, {"uid": "13951792", "content": "反转了"}, {"uid": "1113047", "content": "嘉门"}, {"uid": "9887267", "content": "差不多得了"}, {"uid": "396609326", "content": "差不多得了"}, {"uid": "1537504", "content": "差不多得了"}, {"uid": "21374533", "content": "差不多得了"}, {"uid": "327248756", "content": "差不多得了"}, {"uid": "399990718", "content": "hhhhhh，搞笑"}, {"uid": "11549314", "content": "差不多得了"}, {"uid": "94600252", "content": "差不多得了"}, {"uid": "26133160", "content": "差不多得了"}, {"uid": "5312877", "content": "反转了"}, {"uid": "567299", "content": "反转了"}, {"uid": "405519621", "content": "古战场来喽"}, {"uid": "475972019", "content": "反转了"}, {"uid": "1563961183", "content": "嘉门"}, {"uid": "31428714", "content": "反转了"}, {"uid": "111068261", "content": "反转了"}]