[{"uid": "3638936", "content": "索尔捷特光线"}, {"uid": "22646444", "content": "然然的大手"}, {"uid": "8555290", "content": "人生有梦，各自精彩！"}, {"uid": "619503", "content": "我的世界听不到声音，但是我依然爱你"}, {"uid": "619503", "content": "关爱残障人群，共享美好蓝天"}, {"uid": "453544416", "content": "asoul全新团队，单曲"}, {"uid": "33081844", "content": "奥特五大誓言"}, {"uid": "2200997", "content": "狗耳朵；我的狗耳朵"}, {"uid": "75926613", "content": "欧内的手，好汉!"}, {"uid": "34450576", "content": " 如 来 神 掌"}, {"uid": "12474467", "content": "迎接崭新的未来"}, {"uid": "12474467", "content": "嘉然:我们的故事告一段落，但你要打开心扉向前看"}, {"uid": "12474467", "content": "珈乐:我长存你心间"}, {"uid": "12474467", "content": "乃琳:不要忘记我"}, {"uid": "12474467", "content": "向晚:我们也到此为止了"}, {"uid": "12474467", "content": "贝拉:我与你到此为止了"}, {"uid": "358146", "content": "泽斯帝姆光线"}, {"uid": "358146", "content": "斯派修姆光线"}, {"uid": "34968199", "content": "然的大手"}, {"uid": "18736139", "content": "握草，然！！！！！！"}, {"uid": "18736139", "content": "握草，乐！！！"}, {"uid": "18736139", "content": "握草，0！！！"}, {"uid": "18736139", "content": "握草，贝！"}, {"uid": "178240160", "content": "爹！"}, {"uid": "619503", "content": "有你的陪伴不觉孤单"}, {"uid": "18750910", "content": "拉鸡桶在那边"}, {"uid": "290507504", "content": "卧槽是动画"}, {"uid": "26754794", "content": "卧槽，乐！"}, {"uid": "84511415", "content": "嘉门"}, {"uid": "32197940", "content": "贝拉:达咩"}, {"uid": "67538939", "content": "卧槽动画！"}, {"uid": "297488043", "content": "简简单单开个盒"}, {"uid": "588485", "content": "卧槽，然！！！！"}, {"uid": "35931402", "content": "然的大手！"}, {"uid": "5106279", "content": "狗耳朵，我的狗耳朵"}, {"uid": "17410820", "content": "爱乐，信乐，等乐！"}, {"uid": "174834356", "content": "发量惊人"}, {"uid": "18736139", "content": "握草，晚！！！"}, {"uid": "22865705", "content": "卧槽，二次元"}, {"uid": "11829272", "content": "欧内的手！好汉！"}, {"uid": "10673290", "content": "然然的手，好汉！"}, {"uid": "3582753", "content": "欧内的手，好汉！"}, {"uid": "14357432", "content": "珈乐拖把头呢"}, {"uid": "350949", "content": "卧槽，大！"}, {"uid": "24324131", "content": "然然的大手"}, {"uid": "6957304", "content": "这也太二次元了"}, {"uid": "577368", "content": "这个OF光是怎么回事"}, {"uid": "1946904", "content": "卧槽，二次元！"}, {"uid": "64648508", "content": "好好好好好好好好好好好好"}, {"uid": "11992845", "content": "卧槽 乐！"}, {"uid": "19922336", "content": "一切以实物为准"}, {"uid": "32170555", "content": "卧槽，二！"}, {"uid": "6778903", "content": "拉姐美美美！"}, {"uid": "6114978", "content": "这个头发太大了"}, {"uid": "337268", "content": "新歌：慢慢慢慢慢慢"}, {"uid": "26754794", "content": "卧槽，乐！！"}, {"uid": "11940056", "content": "然然可爱捏"}, {"uid": "20981292", "content": "卧槽，二！"}, {"uid": "19094820", "content": "然然可爱捏"}, {"uid": "11489557", "content": "嘉门"}, {"uid": "8232415", "content": "然的大手"}, {"uid": "580004", "content": "然的大手"}, {"uid": "2190587", "content": "好好好好好！"}, {"uid": "4070504", "content": "晚晚好美！"}, {"uid": "2776570", "content": "就爱狗耳朵 就爱狗耳朵"}, {"uid": "5269035", "content": "然然可爱捏"}, {"uid": "28108146", "content": "然的大手！"}, {"uid": "76576218", "content": "嘉门"}, {"uid": "7636721", "content": "终于来了"}, {"uid": "3935190", "content": "地爆天星"}, {"uid": "21888412", "content": "卧槽乐！"}, {"uid": "176711022", "content": "乐 我好想你"}, {"uid": "195802929", "content": "然的大手"}, {"uid": "3285673", "content": "卧槽动画"}, {"uid": "278463751", "content": "可爱捏"}, {"uid": "96411455", "content": "然的大手"}, {"uid": "1279148361", "content": "就好，二次元这口"}, {"uid": "97250", "content": "卧槽，动画"}, {"uid": "521126588", "content": "然然可爱捏"}, {"uid": "2133613", "content": "卧槽，动画"}, {"uid": "440522200", "content": "酷酷的"}, {"uid": "5794227", "content": "新成员有点多"}, {"uid": "1751396", "content": "然的大手"}, {"uid": "94742925", "content": "尸鬼封尽"}, {"uid": "27177874", "content": "乐爷好好看"}, {"uid": "65246620", "content": "爹！"}, {"uid": "5634224", "content": "早该二二了！"}, {"uid": "88104670", "content": "新番预告是吧"}, {"uid": "19094820", "content": "好好好好好"}, {"uid": "11136710", "content": "2D好啊好啊"}, {"uid": "11489557", "content": "woc，2d"}, {"uid": "124746783", "content": "大呼好耶"}, {"uid": "481747", "content": "子供向是吧"}, {"uid": "3061972", "content": "地爆天星"}, {"uid": "10779343", "content": "嘉门"}, {"uid": "37618387", "content": "然然！"}, {"uid": "153544252", "content": "就好二次元这口"}, {"uid": "96635332", "content": "地爆天星"}, {"uid": "33159698", "content": "然然然然然"}, {"uid": "62069736", "content": "为什么马尾这么大"}, {"uid": "22936257", "content": "好好好好"}, {"uid": "486764194", "content": "好好好好"}, {"uid": "4887156", "content": "爹！"}, {"uid": "413022391", "content": "献出心脏"}, {"uid": "10681891", "content": "好好好"}, {"uid": "10923698", "content": "嘉门"}, {"uid": "87888290", "content": "好"}, {"uid": "8452361", "content": "嘉门"}, {"uid": "1448968", "content": "嘉门"}, {"uid": "427564553", "content": "四月新番是吧"}, {"uid": "1368755970", "content": "欧内的手"}, {"uid": "521126588", "content": "然然，嘿嘿"}, {"uid": "521126588", "content": "卧槽，然"}, {"uid": "5106279", "content": "这下二了"}, {"uid": "521126588", "content": "然的大手"}, {"uid": "12217196", "content": "好酷啊"}, {"uid": "17410820", "content": "珈乐啊！！！"}, {"uid": "472137392", "content": "好好好"}, {"uid": "62069736", "content": "?可爱捏"}, {"uid": "214032325", "content": "嘉门"}]