[{"uid": "55396505", "content": "还是经典的各跳各的"}, {"uid": "2485665", "content": "背景故事里阿草就是羊驼，不过是被嘉然带来的神秘两脚羊驼"}, {"uid": "15599787", "content": "经典 各跳各的"}, {"uid": "8809109", "content": "一把抓住"}, {"uid": "8809035", "content": "就好这一口"}, {"uid": "13741949", "content": "极 速 咏 唱"}, {"uid": "4267841", "content": "绷不住了"}, {"uid": "38871894", "content": "这是真的可爱啊，好萌啊"}, {"uid": "273092915", "content": "来来 深呼吸 晨跑夜跑游几米"}, {"uid": "273092915", "content": "来来 后转体 高温瑜伽仰卧起"}, {"uid": "273092915", "content": "拜拜 甜甜圈 珍珠奶茶方便面"}, {"uid": "273092915", "content": "动感单车普拉提 保温杯里泡枸杞"}, {"uid": "273092915", "content": "来来 后转体 高温瑜伽仰卧起"}, {"uid": "273092915", "content": "拜拜 甜甜圈 珍珠奶茶方便面"}, {"uid": "66159697", "content": "阿草是羊驼又名草泥马所以叫阿草"}, {"uid": "453139948", "content": "其实我好奇很久了阿草到底是什么动物"}, {"uid": "453139948", "content": "啊！我忍不住冲上去了，太可耐了吧，阿草"}, {"uid": "3278631", "content": "太憨了哈哈哈"}, {"uid": "7998198", "content": "草生出来了"}, {"uid": "21920055", "content": "最右边跳的机械舞吗"}, {"uid": "57474887", "content": "经典各跳各"}, {"uid": "1961342", "content": "太可爱了笑死我了"}, {"uid": "484774843", "content": "最拉的那个一看就是晚晚。"}, {"uid": "1920643", "content": "可爱捏"}, {"uid": "273092915", "content": "沙发外卖玩游戏 别再熬夜伤身体"}, {"uid": "273092915", "content": "火锅米饭大盘鸡 拿走拿走别客气"}, {"uid": "273092915", "content": "来来 深呼吸 晨跑夜跑游几米"}, {"uid": "273092915", "content": "拿走拿走别客气"}, {"uid": "273092915", "content": "火锅米饭大盘鸡"}, {"uid": "81529048", "content": "这么可爱的吗"}, {"uid": "1299026", "content": "后面猜人的环节其实也挺有节目效果的"}, {"uid": "279298574", "content": "真的好可爱"}, {"uid": "36067452", "content": "一眼看出最右的是机械琳"}, {"uid": "40759951", "content": "貂！是雪貂！"}, {"uid": "284637063", "content": "经典跳不齐"}, {"uid": "199347", "content": "太可爱了"}, {"uid": "85522238", "content": "变身啊草了都不整齐是吧"}, {"uid": "111720994", "content": "可爱捏"}, {"uid": "273092915", "content": "平板哑铃划船机 不达目的不放弃"}, {"uid": "273092915", "content": "动感单车普拉提 保温杯里泡枸杞"}, {"uid": "273092915", "content": "平板哑铃划船机 不达目的不放弃"}, {"uid": "273092915", "content": "燃烧我的卡路里"}, {"uid": "41670640", "content": "从今天开始单推阿草了"}, {"uid": "3314355", "content": "的确有点可爱"}, {"uid": "396371108", "content": "我的前戏呢"}, {"uid": "7119219", "content": "阿草羊驼"}, {"uid": "3091193", "content": "太可爱了吧"}, {"uid": "3091193", "content": "哈哈哈"}, {"uid": "13112989", "content": "跳过吟唱是吧"}, {"uid": "1366262", "content": "好活2333"}, {"uid": "51202585", "content": "有人很硬啊"}, {"uid": "16523456", "content": "乃琳经典乱跳"}, {"uid": "11086924", "content": "可爱捏"}, {"uid": "22565995", "content": "羊驼为啥会有猫耳啊"}, {"uid": "1540548", "content": "单推阿草"}, {"uid": "1540548", "content": "大草原"}, {"uid": "402954513", "content": "哈喽，ab哇"}, {"uid": "20226072", "content": "太搞笑了哈哈哈哈"}, {"uid": "1555086", "content": "全员阿草"}, {"uid": "1536205576", "content": "哈哈哈哈哈"}, {"uid": "19554194", "content": "哈哈哈"}, {"uid": "29238695", "content": "好可爱！"}, {"uid": "43901147", "content": "2333"}, {"uid": "52584700", "content": "中间那只是贝拉吧"}, {"uid": "36934757", "content": "看得出黑色的笨拙"}, {"uid": "22028993", "content": "经典各跳各的"}, {"uid": "22642822", "content": "好可爱"}, {"uid": "202652", "content": "？？？？？？？"}, {"uid": "14599924", "content": "好活，就是有点烂，但还是挺好的"}, {"uid": "163582", "content": "可爱捏"}, {"uid": "286744513", "content": "我DNA动了"}, {"uid": "13338458", "content": "可爱！！"}, {"uid": "47950", "content": "好可爱"}, {"uid": "1299026", "content": "真的挺好玩的呀"}, {"uid": "500725226", "content": "阿草是羊驼吧"}, {"uid": "34301271", "content": "哈哈笑死"}, {"uid": "13459244", "content": "绝了"}, {"uid": "4668065", "content": "群魔乱舞"}, {"uid": "438176908", "content": "哈哈"}, {"uid": "89796624", "content": "蚌埠住了"}, {"uid": "597961519", "content": "晚指导没有拉跨怎么说？"}, {"uid": "22610559", "content": "好活"}, {"uid": "16891710", "content": "hahaha"}, {"uid": "390943564", "content": "大白耗子"}, {"uid": "163582", "content": "可爱捏"}, {"uid": "282515064", "content": "好可爱"}, {"uid": "273092915", "content": "燃烧我的卡路里"}, {"uid": "47950", "content": "笑死我了"}, {"uid": "231039258", "content": "好家伙"}, {"uid": "1299026", "content": "可爱"}, {"uid": "7377824", "content": "可爱"}, {"uid": "231089238", "content": "黄色的那只是然然的阿草"}, {"uid": "21293931", "content": "羊驼"}, {"uid": "1555086", "content": "根本分不清是谁是谁"}, {"uid": "34357325", "content": "哈哈哈哈"}, {"uid": "482626835", "content": "好多阿草"}, {"uid": "15634438", "content": "草"}, {"uid": "10160945", "content": "就喜欢看阿草"}, {"uid": "12173845", "content": "可爱"}, {"uid": "37666816", "content": "烧！"}, {"uid": "14336522", "content": "这啥动物"}, {"uid": "326329775", "content": "好好好好好好"}, {"uid": "3314355", "content": "草"}, {"uid": "14568589", "content": "可爱"}, {"uid": "4593708", "content": "好活"}, {"uid": "398335548", "content": "蚌埠住了"}, {"uid": "3002664", "content": "草"}, {"uid": "16882969", "content": "觉得发可爱是运营的，什么人↑人"}, {"uid": "34357325", "content": "？？"}, {"uid": "200801934", "content": "一点也不整齐"}, {"uid": "1540548", "content": "谁是谁啊"}, {"uid": "37862183", "content": "？？？？？"}, {"uid": "5312877", "content": "可爱捏"}, {"uid": "13338458", "content": "好活"}, {"uid": "8347963", "content": "铸币吧"}, {"uid": "47950", "content": "笑死"}, {"uid": "238603697", "content": "？"}, {"uid": "24946398", "content": "弹幕给清了"}, {"uid": "7625481", "content": "？"}, {"uid": "2035655107", "content": "我寄吧谁啊"}, {"uid": "11131826", "content": "烂中烂"}, {"uid": "442296796", "content": "羊驼"}, {"uid": "23139177", "content": "这弹幕?"}, {"uid": "124746783", "content": "草"}, {"uid": "35852618", "content": "好活"}, {"uid": "26493595", "content": "草"}, {"uid": "17871903", "content": "？"}, {"uid": "56362035", "content": "属鼠"}, {"uid": "14599924", "content": "阿草泥"}, {"uid": "52355441", "content": "有意思"}, {"uid": "30604320", "content": "？"}, {"uid": "5057489", "content": "烧"}, {"uid": "5833525", "content": "草"}, {"uid": "47950", "content": "可爱"}, {"uid": "82661894", "content": "这……"}, {"uid": "500725226", "content": "这还烂啊，什么人啊"}, {"uid": "44996524", "content": "摆烂是吧"}, {"uid": "9847999", "content": "？？？？？"}, {"uid": "397250899", "content": "草"}, {"uid": "291048814", "content": "？"}, {"uid": "22440001", "content": "xswl"}, {"uid": "29531975", "content": "草"}, {"uid": "53934811", "content": "?"}, {"uid": "27830314", "content": "晚指导没拉"}, {"uid": "47950", "content": "笑死"}, {"uid": "11718465", "content": "想吃阿草"}, {"uid": "1531751578", "content": "草"}, {"uid": "248428", "content": "烧"}, {"uid": "45624376", "content": "哈哈"}, {"uid": "391793592", "content": "？？？"}, {"uid": "4975497", "content": "？？？？？"}, {"uid": "20286252", "content": "弹幕？"}, {"uid": "1902084", "content": "你寄吧谁啊"}, {"uid": "364443", "content": "好好好好好好好好好好好好好好好好好好"}, {"uid": "342037395", "content": "你觉得不可爱，所以发可爱的就是运营？"}, {"uid": "14640213", "content": "就差一人说一句你寄吧谁啊了"}]