[{"uid": "11561054", "content": "卧槽，拉拉人破防了"}, {"uid": "88536103", "content": "拉拉人落泪"}, {"uid": "273092915", "content": "即将开始的那份悸动"}, {"uid": "273092915", "content": "凭借着那宽大强韧的翅膀高飞"}, {"uid": "12930892", "content": "这里真的太喜欢了"}, {"uid": "6473336", "content": "缪斯佛诶吧是吧"}, {"uid": "21997479", "content": "之前贝拉和嘉然宅舞battle，嘉然赢了，给贝拉的惩罚是下次五人直播头上顶个锅"}, {"uid": "20466092", "content": "为什么贝拉头上有个锅"}, {"uid": "96411455", "content": "我一直是拉拉人啊"}, {"uid": "273092915", "content": "始まりの鼓動"}, {"uid": "273092915", "content": "いつか空に羽ばたく"}, {"uid": "14493102", "content": "浓度拉满"}, {"uid": "104382744", "content": "不是，谁能解释一下这个锅是怎么回事"}, {"uid": "173926237", "content": "这锅就顶起来了"}, {"uid": "273092915", "content": "その日が絶対來る"}, {"uid": "273092915", "content": "总有天有能展开羽翼"}, {"uid": "14452847", "content": "开场震撼ll人"}, {"uid": "103081753", "content": "开场破防"}, {"uid": "16882969", "content": "开幕雷击"}, {"uid": "273092915", "content": "试着改变未来吧"}, {"uid": "273092915", "content": "うぶ毛の小鳥たちも"}, {"uid": "273092915", "content": "就算是新生的雏鸟"}, {"uid": "1439652", "content": "拉拉人来了!"}, {"uid": "273092915", "content": "成功之日定会来临"}, {"uid": "273092915", "content": "大きな強い翼で飛ぶ"}, {"uid": "42989614", "content": "可爱捏"}, {"uid": "151667", "content": "拉拉人狂喜"}, {"uid": "273092915", "content": "绝不能轻言放弃"}, {"uid": "135075", "content": "不是吧 居然有这个 拉拉人狂喜"}, {"uid": "12711781", "content": "开幕雷击"}, {"uid": "13172201", "content": "双厨狂喜"}, {"uid": "436689910", "content": "好怀念啊这首歌。"}, {"uid": "13977951", "content": "什么平底锅"}, {"uid": "273092915", "content": "諦めちゃダメなんだ"}, {"uid": "108186385", "content": "爷爱了呀！"}, {"uid": "482626835", "content": "可爱可爱"}, {"uid": "273092915", "content": "君も感じてるよね"}, {"uid": "108186385", "content": "ll永不过气"}, {"uid": "40330421", "content": "？？？？？"}, {"uid": "273092915", "content": "你也感觉到了吧"}, {"uid": "23119988", "content": "害怕日語"}, {"uid": "24350577", "content": "拉拉人狂喜"}, {"uid": "495670924", "content": "顶锅人是吧"}, {"uid": "1378242", "content": "运营你是GG还是MM?"}, {"uid": "20877484", "content": "LL人狂喜"}]