[{"uid": "286188703", "content": "？？纸片人居然有人真情实感"}, {"uid": "171409928", "content": "原来是gamer吗？我差点忘了"}, {"uid": "508054536", "content": "天线宝宝即视感"}, {"uid": "222653823", "content": "靠杯啦"}, {"uid": "107995458", "content": "乃琳手穿模了"}, {"uid": "10464263", "content": "华姐   巨龙"}, {"uid": "608375569", "content": "拉跨担当哈哈哈"}, {"uid": "15116045", "content": "卧槽，给我整紧张了"}, {"uid": "1399214", "content": "好的kira"}, {"uid": "594282241", "content": "呜呜然然吃货担当还是这么矮"}, {"uid": "8865140", "content": "团舞跳齐就算成功"}, {"uid": "660932599", "content": "好家伙，糖果超甜"}, {"uid": "662574334", "content": "首先是犯下首先的！"}, {"uid": "2135438", "content": "温暖大家庭捏"}, {"uid": "7929294", "content": "哈  人"}, {"uid": "24483644", "content": "卧槽！！！！！惊了"}, {"uid": "57474887", "content": "关注嘉然，顿顿解馋"}, {"uid": "29368516", "content": "宝贝小美人担当"}, {"uid": "474015115", "content": "团舞跳齐就算成功！"}, {"uid": "122690840", "content": "坏了，我比她们还紧张"}, {"uid": "173823714", "content": "乃老师的担当呢？？？"}, {"uid": "475360003", "content": "这里是A-SOUL的吉祥物   DOG"}, {"uid": "142731646", "content": "我比她们还紧张是怎么回事"}, {"uid": "437455299", "content": "乃琳是凶凶担当捏"}, {"uid": "1362400", "content": "肉眼可见的紧张"}, {"uid": "74193226", "content": "队长的含金量是吧"}, {"uid": "74193226", "content": "队长的含金量是吧"}, {"uid": "6886382", "content": "这个哈哈哈麻了"}, {"uid": "5199068", "content": "胆小好色担当！！！！"}, {"uid": "53900804", "content": "队长的含金量，特写！"}, {"uid": "53900804", "content": "坏了，我比她们还要紧张"}, {"uid": "53900804", "content": "大家好，我们是A-SOUL！"}, {"uid": "630596048", "content": "关注嘉然，顿顿解馋"}, {"uid": "474107507", "content": "gamer担当！！！晚晚！！！！"}, {"uid": "110525267", "content": "你们要加油啊！别太紧张！"}, {"uid": "15962978", "content": "你是asoul的MC担当！乃琳！"}, {"uid": "88753034", "content": "蚌埠住了说实话。我听着都紧张"}, {"uid": "14878226", "content": "乃宝你是A-SOUL不可或缺的MC啊！"}, {"uid": "19143791", "content": "队长特写的含金量！"}, {"uid": "11944718", "content": "紧张到声音都变了"}, {"uid": "3348473", "content": "卧槽。感觉要自己上台一样紧张。QAQ"}, {"uid": "59662", "content": "关注嘉然顿顿解馋"}, {"uid": "395846532", "content": "MC担当乃老师"}, {"uid": "2229208", "content": "肉眼可见的紧张哈哈哈"}, {"uid": "99736056", "content": "我还以为念le（乐）"}, {"uid": "18225385", "content": "鸟巢真人演唱会的时候就不尬了捏"}, {"uid": "173294802", "content": "哈哈，晚晚好憨的样子。"}, {"uid": "89369301", "content": "乃琳担当整个ASOUL"}, {"uid": "7869913", "content": "乐 你带我走吧"}, {"uid": "272401922", "content": "肉眼可见的紧张"}, {"uid": "4382568", "content": "我的评价：尬"}, {"uid": "95896643", "content": "真就跟着紧张，加油啊"}, {"uid": "2523474", "content": "属于是绷住了"}, {"uid": "15962978", "content": "你是Asoul不可缺少的MC！"}, {"uid": "3328377", "content": "这营业声线是拉满了"}, {"uid": "34837071", "content": "是我们最甜甜甜甜甜的小草莓"}, {"uid": "2005955", "content": "乃琳是硬度担当"}, {"uid": "15962978", "content": "你是asoul的MC担当！"}, {"uid": "498131538", "content": "裙子穿模了"}, {"uid": "1483417", "content": "经典各摆各的"}, {"uid": "416547919", "content": "卧槽！乐！"}, {"uid": "279232343", "content": "罕见是吧"}, {"uid": "40838292", "content": "绷不住了"}, {"uid": "192885461", "content": "肉眼可见的紧张"}, {"uid": "29095282", "content": "含金量"}, {"uid": "33599614", "content": "什么地狱绘图"}, {"uid": "11846193", "content": "流汗黄豆"}, {"uid": "500330326", "content": "卧槽！乐！"}, {"uid": "314805534", "content": "嘉然你带我走吧嘉然"}, {"uid": "3858982", "content": "ciao bella"}, {"uid": "452613058", "content": "营业味太浓了"}, {"uid": "98847394", "content": "嗷，我们是乐华娱乐A-SOUL！"}, {"uid": "295363945", "content": "乃琳，演两个角色，很累吧"}, {"uid": "2065699275", "content": "守护全世界最好的圣嘉然"}, {"uid": "10475841", "content": "坏了，又是各跳各的呗"}, {"uid": "21987323", "content": "晚晚你好可爱"}, {"uid": "1478064", "content": "卧槽！A！"}, {"uid": "3484679", "content": "指四保一"}, {"uid": "57474887", "content": "又开始紧张了"}, {"uid": "12312664", "content": "哈哈哈哈"}, {"uid": "3933567", "content": "0.4kd担当是吧"}, {"uid": "9121652", "content": "希望a s能有更好更大的舞台，不像今天这么卡，我超"}, {"uid": "10610995", "content": "bella这个长的也太像了吧"}, {"uid": "162541775", "content": "跳齐就算齐全"}, {"uid": "12164180", "content": "绷不住了"}, {"uid": "403256552", "content": "卧槽，a手！"}, {"uid": "1762193", "content": "卧槽 乐！"}, {"uid": "2190714", "content": "然然绷得好紧啊"}, {"uid": "657704", "content": "憋紧张憋紧张"}, {"uid": "19073947", "content": "我都紧张了"}, {"uid": "37881530", "content": "贝拉~！！！！！！！"}, {"uid": "6071825", "content": "从小的开始"}, {"uid": "584374560", "content": "啊这，似乎只有乃琳啥头衔都没有？"}, {"uid": "2289044", "content": "营业声线"}, {"uid": "5264919", "content": "拉姐muamuamua"}, {"uid": "14127353", "content": "原来乐华读yue吗，我一直le来着"}, {"uid": "12843523", "content": "绷不住了"}, {"uid": "2332636", "content": "欧内的手！"}, {"uid": "2332636", "content": "感觉很紧张的样子"}, {"uid": "404885", "content": "晕3Dgamer"}, {"uid": "95896643", "content": "乃琳和贝拉中间的是？"}, {"uid": "4552614", "content": "面捕跟声音比有点延迟了"}, {"uid": "24231932", "content": "硬度担当"}, {"uid": "74086612", "content": "巨龙，后面忘了"}, {"uid": "942204", "content": "这声音，你谁？"}, {"uid": "23313118", "content": "人间小草莓"}, {"uid": "73235199", "content": "就乃老师没个担当是吧"}, {"uid": "7283254", "content": "经典痴呆"}, {"uid": "244236693", "content": "乃琳是风情担当"}, {"uid": "15962978", "content": "Asoul的金牌MC乃琳！"}, {"uid": "28595204", "content": "我蝶怎么嘴型都不对了"}, {"uid": "8226304", "content": "然然没脖子"}, {"uid": "1603419588", "content": "我去yk看一眼"}, {"uid": "38825691", "content": "儿童频道？"}, {"uid": "94731706", "content": "卧槽！乐！"}, {"uid": "10472", "content": "别紧张"}, {"uid": "12830383", "content": "好紧张www"}, {"uid": "37363629", "content": "逆天"}, {"uid": "32154984", "content": "你要紧张啊别太加油"}, {"uid": "70557572", "content": "卧槽，乐！"}, {"uid": "443053398", "content": "芭乐"}, {"uid": "8865140", "content": "1.0夹然是吧"}, {"uid": "99645279", "content": "哦~芭芭拉"}, {"uid": "49804675", "content": "挖槽 然"}, {"uid": "39969955", "content": "卧槽，乐"}, {"uid": "37550710", "content": "卧槽，乐！"}, {"uid": "81599107", "content": "卧槽，乐！"}, {"uid": "8137009", "content": "尴尬的要命，蚌埠住了"}, {"uid": "85440872", "content": "卧槽，乐！"}, {"uid": "12882256", "content": "卧槽 乐！"}, {"uid": "2761517", "content": "乐，我的乐！乐，我的乐！"}, {"uid": "20981292", "content": "能跳齐就算成功"}, {"uid": "8548576", "content": "卧槽，乐！"}, {"uid": "240539", "content": "哈哈哈"}, {"uid": "32013706", "content": "卧槽！乐！"}, {"uid": "12613951", "content": "很普通，但很适合"}, {"uid": "28238197", "content": "欧内的手，好汉！"}, {"uid": "345991793", "content": "然然别紧张"}, {"uid": "340981398", "content": "握草，乐"}, {"uid": "433443970", "content": "卧槽 乐！"}, {"uid": "21231715", "content": "粉色小矮子"}, {"uid": "578118", "content": "绷不住了"}, {"uid": "8029093", "content": "巨龙"}, {"uid": "2899289", "content": "吃好喝好"}, {"uid": "274729820", "content": "她自己说的"}, {"uid": "34439669", "content": "拉姐我的拉姐"}, {"uid": "6740813", "content": "跳齐就算成功"}, {"uid": "3305453", "content": "巨龙！巨龙！"}, {"uid": "1483265", "content": "座无虚席！"}, {"uid": "26954120", "content": "乐乐乐乐了乐乐乐乐了了"}, {"uid": "67110681", "content": "绷不住了"}, {"uid": "1659137", "content": "卧槽 乐！"}, {"uid": "18993352", "content": "卧槽，乐！"}, {"uid": "3308992", "content": "什么罕见"}, {"uid": "4611817", "content": "下一站，鸟巢"}, {"uid": "4383785", "content": "gamer，我的gamer"}, {"uid": "145929", "content": "我们是A手捏"}, {"uid": "520696911", "content": "这也太紧张了我都紧张了"}, {"uid": "22971330", "content": "乐，我的乐！"}, {"uid": "73385953", "content": "尊尼获加！"}, {"uid": "37302574", "content": "卧槽，龙！"}, {"uid": "1649145", "content": "拉姐嘿嘿拉姐嘿嘿嘿嘿"}, {"uid": "16799624", "content": "扒拉"}, {"uid": "14430997", "content": "紧张捏"}, {"uid": "395414850", "content": "\\A-SOUL时代，沸腾期待！/"}, {"uid": "474452676", "content": "乐我的乐"}, {"uid": "244092484", "content": "欧内的手，好汉！"}, {"uid": "28573281", "content": "憋紧张"}, {"uid": "478024865", "content": "最矮的那个"}, {"uid": "52761175", "content": "卧槽我的乐"}, {"uid": "60153960", "content": "哈哈哈哈哈哈哈哈哈哈哈哈"}, {"uid": "16489682", "content": "上Diana"}, {"uid": "627462181", "content": "温暖大家庭是吧"}, {"uid": "444291076", "content": "憋啦"}, {"uid": "161090334", "content": "卧槽，乐"}, {"uid": "261163137", "content": "我超，乐！！"}, {"uid": "15366192", "content": "卧槽，乐"}, {"uid": "249941908", "content": "卧槽，乐！"}, {"uid": "129191152", "content": "？？？？？？？？？？？？？？"}, {"uid": "3705098", "content": "卧槽 乐"}, {"uid": "27403925", "content": "我好紧张啊xdm"}, {"uid": "73438649", "content": "woc，乐"}, {"uid": "244386436", "content": "卧槽，然"}, {"uid": "162699201", "content": "woc乐！"}, {"uid": "173823714", "content": "绷不住了"}, {"uid": "35974039", "content": "阿巴巴阿巴"}, {"uid": "21231715", "content": "贝拉不堪"}, {"uid": "3366602", "content": "这下晚了"}, {"uid": "10506505", "content": "woc 乐"}, {"uid": "8264775", "content": "卧槽，琳！"}, {"uid": "11185344", "content": "蚌埠住了"}, {"uid": "27182919", "content": "向晚晚"}, {"uid": "87679707", "content": "太紧张了"}, {"uid": "12829979", "content": "巨龙"}, {"uid": "23617835", "content": "卧槽，乐"}, {"uid": "34439669", "content": "巨龙！"}, {"uid": "5711287", "content": "好的扒拉"}, {"uid": "4621427", "content": "武打担当"}, {"uid": "18197670", "content": "beeeeeeeeeeeeella"}, {"uid": "24850798", "content": "欧内得手！"}, {"uid": "24850798", "content": "我超  我的乐！"}, {"uid": "34073760", "content": "绷不住了"}, {"uid": "8001031", "content": "痴呆丹娜"}, {"uid": "80692320", "content": "逆天"}, {"uid": "51302800", "content": "感觉都好紧张"}, {"uid": "1503920", "content": "卧槽，乐"}, {"uid": "242074", "content": "我的乐"}, {"uid": "286523514", "content": "哈哈哈"}, {"uid": "350577200", "content": "蚌埠住了"}, {"uid": "23274079", "content": "欧内得手"}, {"uid": "87722817", "content": "卧槽，乐"}, {"uid": "3128348", "content": "rp起来了"}, {"uid": "22875236", "content": "卧槽，乐！"}, {"uid": "34871965", "content": "卧槽，乐"}, {"uid": "15116045", "content": "紧张捏"}, {"uid": "30792572", "content": "就好这口"}, {"uid": "30792572", "content": "大的要来了"}, {"uid": "12843523", "content": "声音不对劲"}, {"uid": "14108590", "content": "贝拉贝拉"}, {"uid": "4067061", "content": "巴～拉"}, {"uid": "695088033", "content": "拉跨担当"}, {"uid": "2080718", "content": "卧槽 乐"}, {"uid": "77898899", "content": "乐，我的乐！"}, {"uid": "3414086", "content": "卧槽，乐！"}, {"uid": "591998925", "content": "欧内的手"}, {"uid": "172469008", "content": "别紧张别紧张！"}, {"uid": "31989448", "content": "乐 我的乐"}, {"uid": "123786364", "content": "紧张完了"}, {"uid": "352347509", "content": "尬尬尬"}, {"uid": "40110610", "content": "爹！"}, {"uid": "434632949", "content": "乐我的乐"}, {"uid": "97634870", "content": "口水黄豆"}, {"uid": "518038011", "content": "然然带我走吧"}, {"uid": "416462921", "content": "哈哈哈哈哈"}, {"uid": "64964536", "content": "卧槽，乐"}, {"uid": "13661980", "content": "大的要来了"}, {"uid": "400310224", "content": "尬住了"}, {"uid": "25630862", "content": "卧槽，乐"}, {"uid": "128544929", "content": "欧～透～"}, {"uid": "326695135", "content": "尬"}, {"uid": "291210014", "content": "卧槽，乃琳"}, {"uid": "402261980", "content": "绷不住了"}, {"uid": "477242678", "content": "什么罕见"}, {"uid": "261163137", "content": "拉胯担当是吧"}, {"uid": "34836491", "content": "欧内的手"}, {"uid": "484704146", "content": "然然！！！"}, {"uid": "4657681", "content": "卧槽 乐"}, {"uid": "442726822", "content": "扒拉"}, {"uid": "2800262", "content": "乐，我的乐"}, {"uid": "496424859", "content": "beeeeeeeeeeeeeela"}, {"uid": "21895169", "content": "卧槽，乐"}, {"uid": "8029093", "content": "天无二日"}, {"uid": "221169958", "content": "开幕雷击"}, {"uid": "2665184", "content": "乐，我的乐"}, {"uid": "221940206", "content": "蚌埠住了"}, {"uid": "27182919", "content": "嘉然然"}, {"uid": "347446442", "content": "巨龙！"}, {"uid": "426284", "content": "gamer是吧"}, {"uid": "81621195", "content": "尊尼获加"}, {"uid": "38096641", "content": "乐 我的乐"}, {"uid": "28613079", "content": "乐我的乐！！！！"}, {"uid": "27081447", "content": "好僵硬hhhh"}, {"uid": "59662", "content": "拉了"}, {"uid": "5173923", "content": "巨龙！"}, {"uid": "6427936", "content": "我好紧张啊！"}, {"uid": "7503494", "content": "酷盖是吧"}, {"uid": "279677853", "content": "啊啊啊我的乐"}, {"uid": "669845", "content": "巨龙"}, {"uid": "23274079", "content": "好好好好"}, {"uid": "87722817", "content": "gamer是吧"}, {"uid": "627040582", "content": "紧张炸了"}, {"uid": "104537542", "content": "紧张了"}, {"uid": "93683668", "content": "我糙，乐"}, {"uid": "7869913", "content": "卧槽 乐"}, {"uid": "2775064", "content": "绷不住了"}, {"uid": "30792572", "content": "卧槽，乐"}, {"uid": "1597446", "content": "beeeeeeeeeeeeeeeeeeeeeeeeella"}, {"uid": "11820157", "content": "乐，我的乐"}, {"uid": "350890536", "content": "卧槽，乐"}, {"uid": "35930752", "content": "乃琳啥都不担当是吧"}, {"uid": "762206", "content": "什么大团体"}, {"uid": "24231932", "content": "gamer是吧"}, {"uid": "35360073", "content": "好好好好好"}, {"uid": "341670365", "content": "。。。"}, {"uid": "616343480", "content": "然然我的然然"}, {"uid": "507765438", "content": "尬住了"}, {"uid": "13194949", "content": "尬死人"}, {"uid": "57589907", "content": "ceeeeeeeeeeeeeeeeeeb"}, {"uid": "71275534", "content": "不拉不看"}, {"uid": "280985276", "content": "加油别紧张"}, {"uid": "8792940", "content": "蚌埠住了"}, {"uid": "33599614", "content": "尬死人"}, {"uid": "630468974", "content": "经典丹娜"}, {"uid": "10042517", "content": "ass hole？"}, {"uid": "498216515", "content": "逆天"}, {"uid": "360616093", "content": "崇洋媚外？拉了"}, {"uid": "1399214", "content": "嘉然打哪？"}, {"uid": "356099454", "content": "gamer是吧"}, {"uid": "8306934", "content": "嘉然打哪"}, {"uid": "20981292", "content": "我超，乐！"}, {"uid": "1794477222", "content": "扒拉"}, {"uid": "71094546", "content": "卧槽，乐"}, {"uid": "12519387", "content": "多拉贡！"}, {"uid": "32071473", "content": "balla"}, {"uid": "400805", "content": "尬住了"}, {"uid": "80110854", "content": "尬"}, {"uid": "1712354479", "content": "好甜"}, {"uid": "30783218", "content": "尬住了"}, {"uid": "23132883", "content": "我好紧张呜呜"}, {"uid": "93531395", "content": "阿巴巴阿巴！"}, {"uid": "244138518", "content": "Asoul加油！"}, {"uid": "28613079", "content": "乐带我走吧！"}, {"uid": "3305453", "content": "巨龙"}, {"uid": "22792401", "content": "惹啊"}, {"uid": "26954120", "content": "乐乐乐乐乐乐乐乐"}, {"uid": "87711200", "content": "、？？？？"}, {"uid": "479302649", "content": "黑手"}, {"uid": "7503494", "content": "卧槽，乐"}, {"uid": "23132883", "content": "好紧张呜呜"}, {"uid": "170176324", "content": "heil diana"}, {"uid": "520696911", "content": "乐华巨龙！"}, {"uid": "352918267", "content": "卧槽 乐"}, {"uid": "15116045", "content": "别紧张"}, {"uid": "15307432", "content": "欧内的手好汉"}, {"uid": "564419125", "content": "尬聊起来了，是吧"}, {"uid": "13300180", "content": "蚌埠住了"}, {"uid": "119880936", "content": "你谁？"}, {"uid": "591998925", "content": "经典丹娜"}, {"uid": "16116408", "content": "痴呆"}, {"uid": "98603148", "content": "嘉心糖屁用没有"}, {"uid": "289547653", "content": "嘉然"}, {"uid": "13747859", "content": "黑手"}, {"uid": "553892680", "content": "爹!"}, {"uid": "402531889", "content": "爹！"}, {"uid": "177269877", "content": "别紧张！"}, {"uid": "400310224", "content": "痴呆"}, {"uid": "400310224", "content": "黑手"}, {"uid": "15112995", "content": "Balla"}, {"uid": "2007004499", "content": "尬"}, {"uid": "74948168", "content": "乃0主c"}, {"uid": "13825853", "content": "蚌埠住了"}, {"uid": "2474165", "content": "heil diana"}, {"uid": "484704146", "content": "最爱然然"}, {"uid": "15116045", "content": "好紧张"}, {"uid": "275857121", "content": "好尬"}, {"uid": "95458052", "content": "卧槽，樂！"}, {"uid": "234339624", "content": "尬"}, {"uid": "160830", "content": "诶哇哇诶哇"}, {"uid": "50401412", "content": "乐！！！"}, {"uid": "32013706", "content": "乐乐乐乐乐乐乐乐乐乐乐乐乐"}, {"uid": "12613951", "content": "声音不对？？？？"}, {"uid": "32863028", "content": "蚌埠住了"}, {"uid": "32071473", "content": "嗯！"}, {"uid": "9809991", "content": "拉了"}, {"uid": "26075843", "content": "woc乐"}, {"uid": "13251424", "content": "不是拉垮担当吗"}, {"uid": "180885245", "content": "排面c位"}, {"uid": "14642042", "content": "逆天"}, {"uid": "274729820", "content": "我们是a手"}, {"uid": "27182919", "content": "贝拉拉"}]