[{"uid": "247464", "content": "向晚生日来考古，当时可曾想到能火成这样"}, {"uid": "622906303", "content": "古战场一溜"}, {"uid": "48173486", "content": "我已经是我爹的顶碗人了"}, {"uid": "36884172", "content": "奶0经典贼眉鼠眼"}, {"uid": "82395101", "content": "喜欢懒羊羊是吧"}, {"uid": "47759263", "content": "猪鼻切镜"}, {"uid": "24850798", "content": "皇珈骑士来考古了捏"}, {"uid": "174533993", "content": "在哪里能看到首播的完整录播啊"}, {"uid": "402088862", "content": "要来立"}, {"uid": "27830314", "content": "已经很齐"}, {"uid": "45282317", "content": "都没有来考古的吗？"}, {"uid": "12462684", "content": "顶碗人不是一般人能当的 自带雨伞的"}, {"uid": "327386401", "content": "这时候的嘉然能放开，然然可爱捏"}, {"uid": "300979", "content": "这个姐唱的可以啊"}, {"uid": "10682960", "content": "晚指导斜眼瞟谁呢"}, {"uid": "111912626", "content": "晚晚唱歌我挺喜欢的"}, {"uid": "8306660", "content": "c位晚指导 笑嘻了"}, {"uid": "8306660", "content": "最开始设定说明白就是偷加缝的隔壁"}, {"uid": "1636834", "content": "模型肯定是根据机师的身材制作的，不然动补对不上"}, {"uid": "7386719", "content": "而且嘉然很可能真的是那么小只而不是模型，因为大家都低头看她"}, {"uid": "7386719", "content": "原来晚指导没有安全裤"}, {"uid": "663041565", "content": "前面的兄弟，贝拉是舞担，颜值也出众，考虑入股一下？"}, {"uid": "1634591", "content": "模型动捕有丶强"}, {"uid": "497042891", "content": "这个建模真的很需要优化"}, {"uid": "1303344", "content": "挺棒得，"}, {"uid": "1420847", "content": "虽然我很想拒绝，但这模型太香了"}, {"uid": "1879767", "content": "贝拉跳舞可以"}, {"uid": "6886382", "content": "淡定，应该是安全裤"}, {"uid": "35696576", "content": "不过模型细节有些没做好，能优化就好了"}, {"uid": "49853747", "content": "歪歪歪歪歪歪歪歪"}, {"uid": "82395101", "content": "以前的脸建模看着就便宜"}, {"uid": "36400646", "content": "顶碗人点名批评！"}, {"uid": "301479296", "content": "a。。。这技术和乐元素不能比啊"}, {"uid": "12382517", "content": "来看看我早期的贝拉老公"}, {"uid": "266897494", "content": "有啊怎么没有"}, {"uid": "3250116", "content": "来了来了"}, {"uid": "8306660", "content": "晚指导真有你的"}, {"uid": "432517211", "content": "这样的技术中v前两年就有了，而且比这还好"}, {"uid": "13551035", "content": "这个模型……"}, {"uid": "663041565", "content": "有好心人可以告诉我哪里直播吗？"}, {"uid": "347390292", "content": "讲真这主打比zhe"}, {"uid": "345094639", "content": "感觉整首歌这段比较好听"}, {"uid": "8845819", "content": "浅蓝色的"}, {"uid": "1879767", "content": "嘉然可爱可爱"}, {"uid": "2917592", "content": "笑死我了懒羊羊哈哈哈"}, {"uid": "48173486", "content": "晚晚贼眉鼠眼"}, {"uid": "402088862", "content": "快快快快快快快快快快快快快"}, {"uid": "39310955", "content": "有没有完整版录播"}, {"uid": "359408251", "content": "这个贝拉的建模和乐元素的李清歌好像"}, {"uid": "40645934", "content": "确实乐元素技术更好....但2021的告诉你歌姬全体毕业了"}, {"uid": "3432909", "content": "这跳的太不齐了"}, {"uid": "17771572", "content": "晚指导！"}, {"uid": "282663288", "content": "很难不是嘉人"}, {"uid": "7876656", "content": "嘉然矮的出众"}, {"uid": "22815594", "content": "卧槽，乐！"}, {"uid": "622906303", "content": "我的嘉然啊"}, {"uid": "48173486", "content": "向晚这人能行，能处"}, {"uid": "8409689", "content": "乐乐乐乐乐乐"}, {"uid": "6486104", "content": "快快快快快快快快快快快快快快"}, {"uid": "701900745", "content": "这镜头太拉了"}, {"uid": "104228519", "content": "看着好像在玩跳舞音游"}, {"uid": "49974141", "content": "我也觉得动捕比较厉害"}, {"uid": "11552956", "content": "歪歪歪歪歪歪歪歪歪歪歪歪歪歪"}, {"uid": "48173486", "content": "快快快快快快快快快快"}, {"uid": "2119731", "content": "这跳的不比现在好了"}, {"uid": "9900667", "content": "只有80条弹幕唉"}, {"uid": "15346358", "content": "+1考古"}, {"uid": "22130305", "content": "很难不是贝极星"}, {"uid": "40739482", "content": "我摊牌了，我就是mmr"}, {"uid": "8151525", "content": "我已经是夹心糖的形状了"}, {"uid": "40551187", "content": "草这样好吗"}, {"uid": "4720953", "content": "贝拉无敌"}, {"uid": "37440959", "content": "啊这"}, {"uid": "7745140", "content": "嘉然好小一只"}, {"uid": "482626835", "content": "我要看嘉然嘉然嘉然嘉然"}, {"uid": "22815594", "content": "好好好好好"}, {"uid": "11552956", "content": "快快快快快快快快快快快快快快"}, {"uid": "6517534", "content": "快快快快快快快快快快"}, {"uid": "8409689", "content": "乐乐乐乐乐乐乐"}, {"uid": "2462187", "content": "拉跨帕瓦！！"}, {"uid": "277700920", "content": "来了"}, {"uid": "27830314", "content": "考古学家"}, {"uid": "175970992", "content": "珈乐"}, {"uid": "1371969694", "content": "说清歌的，确实很像"}, {"uid": "36400646", "content": "顶碗人不香吗？"}, {"uid": "14004176", "content": "awsl"}, {"uid": "5000075", "content": "1:54"}, {"uid": "17224002", "content": "不敢做动作可不行啊"}, {"uid": "5659151", "content": "口型有点问题"}, {"uid": "28613079", "content": "考古"}, {"uid": "170345521", "content": "乃琳是代吧"}, {"uid": "1842429366", "content": "乃0！！"}, {"uid": "225833350", "content": "这个运镜 佛了"}, {"uid": "32925509", "content": "快快快快快快"}, {"uid": "27830314", "content": "晚指导是不是没啦 这趴"}, {"uid": "40739482", "content": "嘉人们，冲啊！"}, {"uid": "9528811", "content": "芜湖"}, {"uid": "20226072", "content": "可以啊"}, {"uid": "22815594", "content": "kkkkkkkk"}, {"uid": "13103667", "content": "乐乐乐乐乐乐"}, {"uid": "353541239", "content": "快快快快快快"}, {"uid": "245282649", "content": "乃琳乃琳"}, {"uid": "481075614", "content": "考古"}, {"uid": "36884172", "content": "现在都开始摆烂了是吧"}, {"uid": "449218071", "content": "来考古"}, {"uid": "174533993", "content": "考古"}, {"uid": "482455864", "content": "字幕太丑了……"}, {"uid": "35696576", "content": "挺好听"}, {"uid": "2899289", "content": "晚晚小抖腿哈哈哈哈哈哈哈哈哈哈"}, {"uid": "48173486", "content": "\\向晚/\\向晚/\\向晚/\\向晚/\\向晚/\\向晚/\\向晚/\\向晚/\\向晚/\\向晚/\\向晚/\\向晚/\\向晚/"}, {"uid": "8151525", "content": "\\嘉然/\\嘉然/\\嘉然/\\嘉然/\\嘉然/\\嘉然/\\嘉然/\\嘉然/"}, {"uid": "8151525", "content": "\\嘉然/\\嘉然/\\嘉然/\\嘉然/\\嘉然/\\嘉然/\\嘉然/\\嘉然/"}, {"uid": "8151525", "content": "\\嘉然/\\嘉然/\\嘉然/\\嘉然/\\嘉然/\\嘉然/\\嘉然/\\嘉然/"}, {"uid": "21997479", "content": "\\向晚/\\向晚/\\向晚/\\向晚/\\向晚/\\向晚/\\向晚/\\向晚/\\向晚/\\向晚/\\向晚/\\向晚/\\向晚/"}, {"uid": "82506180", "content": "抖音"}, {"uid": "1462435", "content": "快快快快快快快快快快快快快快快快快快快快快"}, {"uid": "351395420", "content": "\\向晚/\\向晚/\\向晚/\\向晚/\\向晚/\\向晚/\\向晚/\\向晚/"}, {"uid": "351395420", "content": "\\乃琳/\\乃琳/\\乃琳/\\乃琳/\\乃琳/\\乃琳/\\乃琳/\\乃琳/"}]