[{"uid": "480858722", "content": "嘉然赛高"}, {"uid": "350438441", "content": "嘉然像个憨憨"}, {"uid": "273092915", "content": "相聚就要举起杯 你看这面又长又宽"}, {"uid": "273092915", "content": "何必针锋相对 你看这碗又大又圆"}, {"uid": "273092915", "content": "人生能有几次机会 相聚甚是少"}, {"uid": "273092915", "content": "我这一生漂泊四海 看淡了今朝"}, {"uid": "273092915", "content": "真心话 这大碗宽面也很贵"}, {"uid": "273092915", "content": "这碗大 千万别虚荣心作祟"}, {"uid": "273092915", "content": "像儿时的回忆"}, {"uid": "273092915", "content": "面长 消失"}, {"uid": "6776203", "content": "这么看这舞然然跳的最好"}, {"uid": "290507504", "content": "你咋就惦记你这投票"}, {"uid": "24138050", "content": "你们好吵啊kk"}, {"uid": "273092915", "content": "碗大 宽无影"}, {"uid": "273092915", "content": "情谊别轻易忘掉"}, {"uid": "1662392", "content": "skr"}, {"uid": "32197940", "content": "能不能别投了，太阴间了，搞什么窝里斗"}, {"uid": "4258657", "content": "能不能把这投票撤了"}, {"uid": "273092915", "content": "就散了吧 听完这首歌就洗洗睡"}, {"uid": "273092915", "content": "先别说话 不想给你机会先别怼"}, {"uid": "16328529", "content": "？？？"}, {"uid": "35289117", "content": "大碗宽面"}, {"uid": "273092915", "content": "月高高的挂无暇"}, {"uid": "24766414", "content": "乃琳划水"}]