[{"uid": "8731269", "content": "一把抓住？一把米诺！"}, {"uid": "4040233", "content": "抓住"}, {"uid": "261163137", "content": "收到收到收到收到收到"}, {"uid": "323167849", "content": "怎么回事呢？"}, {"uid": "38739838", "content": "一把抓住银屯"}, {"uid": "38739838", "content": "一把米诺"}, {"uid": "25630548", "content": "好可爱的阿草"}, {"uid": "11829272", "content": "今天就是开始！"}, {"uid": "9119972", "content": "不像今天这么卡，卧槽"}, {"uid": "35087861", "content": "青浦也太远了"}, {"uid": "281361", "content": "一眼乐"}, {"uid": "378823", "content": "不像今天这么卡，卧槽"}, {"uid": "487636159", "content": "下一站，银屯"}, {"uid": "59861632", "content": "不像今天这么卡，卧槽"}, {"uid": "102571912", "content": "不像今天这么卡卧槽"}, {"uid": "38739838", "content": "不想今天这么卡卧槽"}, {"uid": "15088567", "content": "一把米诺"}, {"uid": "105298708", "content": "这个抱枕可爱"}, {"uid": "87922393", "content": "开局经典"}, {"uid": "3308138", "content": "不像今天这个那么卡，卧槽"}, {"uid": "107824458", "content": "阿草可爱"}, {"uid": "350314863", "content": "不像今天这个那么卡，卧槽"}, {"uid": "305776308", "content": "午睡毯！！！！"}, {"uid": "7751180", "content": "一眼然"}, {"uid": "101202498", "content": "一把米诺"}, {"uid": "220236033", "content": "不想接今天这么卡，wc！"}, {"uid": "220236033", "content": "woc，怎么还这么小"}, {"uid": "162541775", "content": "卧槽，午睡毯！！！！！！！"}, {"uid": "15621752", "content": "萤火虫这一场直播的时候又感动又兴奋"}, {"uid": "15621752", "content": "当时的直播不论是线下还是线上都热情高涨，毕竟是初舞台，气氛起来了"}, {"uid": "15621752", "content": "当时是太卡了，观众只能看到待机界面但依旧喊出自己的肺腑之言"}, {"uid": "476992271", "content": "不像今天怎么卡，卧槽！"}, {"uid": "1974292", "content": "一把米诺！"}, {"uid": "696699115", "content": "一把抓住！狂暴鸿儒！"}, {"uid": "473377515", "content": "一把米诺抓住糯米"}, {"uid": "8180467", "content": "wcw，c"}, {"uid": "90006672", "content": "别想今天这么卡卧槽"}, {"uid": "65246620", "content": "发热红豆"}, {"uid": "1903945", "content": "不像今天这么卡，卧槽"}, {"uid": "169152422", "content": "一眼然"}, {"uid": "347446442", "content": "我超，好长一条"}, {"uid": "1516718", "content": "阿草可爱捏"}, {"uid": "291406638", "content": "最强偶像！！！"}, {"uid": "1936814", "content": "woc，套皮羊驼！"}, {"uid": "93206913", "content": "一把米诺"}, {"uid": "72620625", "content": "一眼然"}, {"uid": "122141340", "content": "好好好好好好好好好"}, {"uid": "353521482", "content": "阿草君"}, {"uid": "4040233", "content": "抓住"}, {"uid": "229296527", "content": "魂沌"}, {"uid": "509524", "content": "收到收到收到"}, {"uid": "5683348", "content": "贝贝珈，嘉晚饭！"}, {"uid": "36297070", "content": "就在今天！"}, {"uid": "38739838", "content": "嗨呀，是我吗？"}, {"uid": "169241413", "content": "超市你"}, {"uid": "170780", "content": "不像今天这么卡，woc！"}, {"uid": "209774628", "content": "银屯呢"}, {"uid": "626875906", "content": "不像今天这么卡，卧槽！"}, {"uid": "388550", "content": "不像今天这么卡卧槽"}, {"uid": "129295298", "content": "就在今天！"}, {"uid": "1662392", "content": "不像今天这么卡，卧槽"}, {"uid": "38739838", "content": "一把米诺"}, {"uid": "5564358", "content": "不像今天这么卡卧槽"}, {"uid": "7388254", "content": "不像今天这么卡卧槽"}, {"uid": "30912627", "content": "收到收到收到"}, {"uid": "22389", "content": "然然是吧"}, {"uid": "3200708", "content": "线下是真的燃"}, {"uid": "22650744", "content": "就在今天！"}, {"uid": "399845826", "content": "不像今天这个这么卡卧槽"}, {"uid": "1840351213", "content": "一把米诺"}, {"uid": "24280452", "content": "不像今天这么卡，我超！！！"}, {"uid": "696699115", "content": "一把抓住！！！狂暴鸿儒！"}, {"uid": "16882969", "content": "我超，大银屯"}, {"uid": "353022", "content": "只记得不像今天这么卡了"}, {"uid": "33872557", "content": "不像今天这么卡，卧槽"}, {"uid": "23440899", "content": "这个一个魂好会说"}, {"uid": "8227075", "content": "抓住！"}, {"uid": "5582312", "content": "买了票结果去不了了，我紫砂了"}, {"uid": "45499213", "content": "你给我下来"}, {"uid": "13606645", "content": "好好好"}, {"uid": "85386961", "content": "不像今天这么卡，卧槽"}, {"uid": "887304", "content": "大头蚌埠住了"}, {"uid": "284932391", "content": "收到收到收到"}, {"uid": "82658096", "content": "不像今天那么卡，卧槽"}, {"uid": "88709781", "content": "5"}, {"uid": "2925136", "content": "不像今天这么卡，卧槽"}, {"uid": "18752407", "content": "绷不住了"}, {"uid": "12188257", "content": "一把米诺！"}, {"uid": "1284494", "content": "233"}, {"uid": "4350709", "content": "不像今天这么卡，卧槽"}, {"uid": "3259786", "content": "我全都要！"}, {"uid": "2266822", "content": "不像今天这么卡，woc"}, {"uid": "2776570", "content": "不像今天这么卡，卧槽"}, {"uid": "20981358", "content": "一眼然"}, {"uid": "6413166", "content": "阿草抱枕！！！！！！"}, {"uid": "293589790", "content": "不像今天这么卡，woc"}, {"uid": "22650744", "content": "大头魔法是吧"}, {"uid": "434518151", "content": "就在今天！"}, {"uid": "61111849", "content": "阿草！"}, {"uid": "4066475", "content": "不像今天这么卡，woc"}, {"uid": "3363777", "content": "就在今天！！"}, {"uid": "86218484", "content": "不像今天这么卡，卧槽"}, {"uid": "687018484", "content": "我超，银屯！"}, {"uid": "34414290", "content": "就在今天！！"}, {"uid": "5626414", "content": "A手！"}, {"uid": "2147152", "content": "起飞"}, {"uid": "4065052", "content": "不像今天这么卡，卧槽"}, {"uid": "336463458", "content": "asoul时代，沸腾期待!"}, {"uid": "439031292", "content": "好好好好好好好好好好好"}, {"uid": "7850333", "content": "珈乐是吧"}, {"uid": "14421539", "content": "起飞"}, {"uid": "38018436", "content": "好好好好好好"}, {"uid": "92106623", "content": "收到收到收到"}, {"uid": "7492152", "content": "好好好好好好好好好好！！！"}, {"uid": "1290421", "content": "不像今天这么卡，woc"}, {"uid": "74420928", "content": "今天就是开始！"}, {"uid": "24238193", "content": "嗨呀，是我吗"}, {"uid": "6239176", "content": "不像今天这么卡，卧槽"}, {"uid": "45011435", "content": "好好好"}, {"uid": "452613058", "content": "嗨呀，是我吗"}, {"uid": "416535604", "content": "就在今天！"}, {"uid": "10403735", "content": "就在今天！"}, {"uid": "20959663", "content": "不想今天这么卡卧槽"}, {"uid": "11136710", "content": "就在今天！"}, {"uid": "2447714", "content": "乐，是乐"}, {"uid": "6827480", "content": "不像今天这么快"}, {"uid": "51940753", "content": "就在今天！"}, {"uid": "2521275", "content": "抓住诺米"}, {"uid": "4271451", "content": "我擦"}, {"uid": "99322", "content": "A手"}, {"uid": "19603803", "content": "收到收到"}, {"uid": "18194898", "content": "我真的哭死"}, {"uid": "162541775", "content": "梦回！"}, {"uid": "696699115", "content": "就在今天！！！"}, {"uid": "13563637", "content": "不像今天这么卡卧槽"}, {"uid": "18209909", "content": "不像今天这么卡，woc"}, {"uid": "34086977", "content": "不像今天这么卡，WC"}, {"uid": "395414850", "content": "就在今天！"}, {"uid": "36882026", "content": "好好好好好好好好"}, {"uid": "1416624", "content": "就在今天！！"}, {"uid": "72620625", "content": "好好好好好"}, {"uid": "2460003", "content": "好好好好好好好"}, {"uid": "496527371", "content": "蚌埠住了"}, {"uid": "430370668", "content": "典"}, {"uid": "319660010", "content": "我超"}, {"uid": "84375558", "content": "我擦"}, {"uid": "99322", "content": "下雨了下雨了下雨了"}, {"uid": "20803583", "content": "典！"}, {"uid": "5078478", "content": "燃起来了"}, {"uid": "1706522", "content": "卧槽！"}, {"uid": "8180467", "content": "我真的哭死"}, {"uid": "352918267", "content": "卧槽"}, {"uid": "13743139", "content": "好好好好好"}, {"uid": "12449044", "content": "下次别这么卡了"}, {"uid": "347446442", "content": "好好好"}, {"uid": "5181978", "content": "呜呜呜呜"}, {"uid": "45435317", "content": "卧槽"}, {"uid": "10160945", "content": "好耶"}, {"uid": "35930752", "content": "典！"}, {"uid": "4600917", "content": "泪目"}, {"uid": "792319250", "content": "泪目"}, {"uid": "15962978", "content": "AS！"}, {"uid": "1513082", "content": "好！！！！！！"}, {"uid": "286784436", "content": "好好好"}, {"uid": "13492705", "content": "好好好"}, {"uid": "2685592", "content": "一把抓住"}, {"uid": "158538442", "content": "少儿频道"}, {"uid": "2468806", "content": "经典"}, {"uid": "179457482", "content": "下一站 银屯"}, {"uid": "32377160", "content": "不是特别理解"}, {"uid": "266871038", "content": "我的草"}, {"uid": "262894156", "content": "一把抓住"}, {"uid": "28968388", "content": "一把抓住！"}, {"uid": "163582", "content": "一把抓住"}, {"uid": "36598952", "content": "一把抓住"}, {"uid": "49865255", "content": "鸿儒"}, {"uid": "54174450", "content": "上面印的珈乐泳装吗"}, {"uid": "3274529", "content": "一把抓住"}, {"uid": "3486938", "content": "一把抓住"}, {"uid": "334382", "content": "还有一段呢 播播嘛没事的"}, {"uid": "1170862", "content": "一把抓住"}, {"uid": "348882501", "content": "一把抓住"}, {"uid": "2859464", "content": "早该饭饭了！"}, {"uid": "270672910", "content": "一把抓住"}, {"uid": "302644", "content": "狂暴鸿儒"}, {"uid": "9067870", "content": "不像今天这么卡 卧槽"}, {"uid": "35070307", "content": "一把抓住"}, {"uid": "336190187", "content": "一把抓住"}, {"uid": "14624072", "content": "一把抓住"}, {"uid": "12795017", "content": "一把抓住"}, {"uid": "607082893", "content": "圣经"}, {"uid": "247972282", "content": "一把抓住"}, {"uid": "496527371", "content": "什么中二病"}, {"uid": "1555086", "content": "一把抓住"}, {"uid": "30280984", "content": "一把抓住"}, {"uid": "33129496", "content": "一把抓住，狂暴鸿儒"}, {"uid": "2441292", "content": "一把抓住"}, {"uid": "6840143", "content": "一把抓住"}, {"uid": "32070299", "content": "一把抓住嘿嘿嘿嘿"}, {"uid": "32070299", "content": "一把抓住"}, {"uid": "64964536", "content": "一把抓住"}, {"uid": "7690551", "content": "就在今天"}, {"uid": "802554642", "content": "一把抓住"}, {"uid": "38859447", "content": "一把抓住"}, {"uid": "496457032", "content": "乐"}, {"uid": "430370668", "content": "糙似倪"}, {"uid": "18752407", "content": "阿草嘿嘿阿草嘿嘿"}, {"uid": "13193506", "content": "一把抓住"}, {"uid": "157237561", "content": "一把抓住"}, {"uid": "1786037", "content": "什么默片"}, {"uid": "363848491", "content": "一把抓住"}, {"uid": "4555430", "content": "一把抓住"}, {"uid": "84375558", "content": "有没有福瑞控?"}, {"uid": "101673684", "content": "黄色的蝴蝶结是然然么"}, {"uid": "2244887", "content": "福瑞控是吧"}, {"uid": "2244887", "content": "一把抓住"}, {"uid": "171021705", "content": "一把抓住"}, {"uid": "20803583", "content": "一把抓住！"}, {"uid": "8096631", "content": "一把抓住"}, {"uid": "2523474", "content": "一把抓住"}, {"uid": "209774628", "content": "狂暴鸿儒"}, {"uid": "3886909", "content": "一把抓住！"}, {"uid": "3886909", "content": "下一站：银屯"}, {"uid": "626875906", "content": "一把抓住"}, {"uid": "160449659", "content": "狂暴鸿儒"}, {"uid": "10738391", "content": "不像今天这么卡woca\\"}, {"uid": "43856792", "content": "一把抓住"}, {"uid": "13095901", "content": "一把抓住"}, {"uid": "12745024", "content": "15点结束刚好能收拾好东西赶去bml"}, {"uid": "355643755", "content": "一把抓住"}, {"uid": "102571912", "content": "一把抓住"}, {"uid": "102571912", "content": "一把抓住"}, {"uid": "33143404", "content": "一把抓住"}, {"uid": "19603803", "content": "一把抓住"}, {"uid": "4929259", "content": "一把抓住"}, {"uid": "22375100", "content": "一把抓住"}, {"uid": "399328322", "content": "一把抓住"}, {"uid": "10050640", "content": "不像今天这么卡"}, {"uid": "2259806", "content": "这也太小了"}, {"uid": "1662392", "content": "？"}, {"uid": "1493157", "content": "阿草嘿嘿嘿阿草"}, {"uid": "3190850", "content": "我急了我急了"}, {"uid": "3190850", "content": "一把抓住！"}, {"uid": "205471560", "content": "一把捏住"}, {"uid": "191819557", "content": "一把抓住"}, {"uid": "4419121", "content": "阿草你带我走吧"}, {"uid": "2688595", "content": "狂暴鸿儒"}, {"uid": "2688595", "content": "一把抓住"}, {"uid": "34439669", "content": "一把抓住"}, {"uid": "297727075", "content": "一把抓住"}, {"uid": "232227", "content": "一把抓住"}, {"uid": "366914995", "content": "不像今天这么卡，我超"}, {"uid": "29601638", "content": "啊草可爱捏"}, {"uid": "1391868", "content": "不像今天这么卡 我超！"}, {"uid": "242519147", "content": "一把抓住"}, {"uid": "170916136", "content": "草"}, {"uid": "181428098", "content": "草草草草草草草草草草草草"}, {"uid": "120349404", "content": "doki doki？"}, {"uid": "688700551", "content": "一把抓住"}, {"uid": "3959184", "content": "蹭热点呗"}, {"uid": "2776570", "content": "一把抓住"}, {"uid": "174285263", "content": "一把抓住"}, {"uid": "174285263", "content": "一把抓住"}, {"uid": "400507", "content": "一把抓住"}, {"uid": "85353230", "content": "一把抓住！"}, {"uid": "7388254", "content": "一把抓住"}, {"uid": "356686738", "content": "一把抓住"}, {"uid": "7388254", "content": "展台太小了吧"}, {"uid": "7388254", "content": "一把抓住"}, {"uid": "173531368", "content": "就在今天"}, {"uid": "12062459", "content": "一把抓住"}, {"uid": "23300930", "content": "一把抓住"}, {"uid": "10936988", "content": "不想今天这么卡WOC"}, {"uid": "3071410", "content": "我超，泳装乐"}, {"uid": "23464821", "content": "一把抓住"}, {"uid": "482626835", "content": "a手"}, {"uid": "8909952", "content": "一把抓住"}, {"uid": "37881530", "content": "这下饭了"}, {"uid": "31097370", "content": "一把抓住"}, {"uid": "184461408", "content": "怎么还是这么小"}, {"uid": "3628602", "content": "这么小挤得下AU吗"}, {"uid": "23720897", "content": "我急了"}, {"uid": "8865140", "content": "不像今天这么卡，握草"}, {"uid": "2932835", "content": "一把抓住！"}, {"uid": "1843465", "content": "不像今天这么卡 卧槽"}, {"uid": "3510653", "content": "一把抓住"}, {"uid": "1843465", "content": "鸿儒"}, {"uid": "283909612", "content": "一把抓住"}, {"uid": "3484679", "content": "阿草的银臀"}, {"uid": "318097308", "content": "一把抓住"}, {"uid": "27600617", "content": "一把抓住！！"}, {"uid": "27600617", "content": "一把抓住"}, {"uid": "163218", "content": "阿草 可爱捏"}, {"uid": "391392151", "content": "一把抓住"}, {"uid": "16247672", "content": "就在今天"}, {"uid": "382104509", "content": "我超 乐的泳装！"}, {"uid": "39179146", "content": "一把抓住"}, {"uid": "296469559", "content": "狂暴鸿儒"}, {"uid": "97158401", "content": "一把抓住"}, {"uid": "9823736", "content": "流汗黄豆了"}, {"uid": "86108357", "content": "不像今天这么卡，握草"}, {"uid": "35371248", "content": "一把抓住"}, {"uid": "305776308", "content": "这个桌垫呜呜呜太好看了"}, {"uid": "305776308", "content": "我趣"}, {"uid": "9850657", "content": "一把抓住"}, {"uid": "11638484", "content": "一把抓住​"}, {"uid": "2979309", "content": "不像今天这么卡 woc"}, {"uid": "14671484", "content": "一把抓住"}, {"uid": "21952806", "content": "这么羞耻的吗"}, {"uid": "6239176", "content": "下一站 银屯"}, {"uid": "420288112", "content": "此阿草非比阿草"}, {"uid": "91688982", "content": "一把抓住"}, {"uid": "1753529", "content": "一把抓住"}, {"uid": "23725703", "content": "午睡毯正反面有心了。。嘿嘿。。午睡毯"}, {"uid": "5079941", "content": "不像今天这么卡 wc"}, {"uid": "28180818", "content": "一把抓住"}, {"uid": "26531484", "content": "能线上卖吗求求了"}, {"uid": "318148788", "content": "一把抓住"}, {"uid": "83045813", "content": "我一把抓住"}, {"uid": "472900038", "content": "无声系vtb"}, {"uid": "32725925", "content": "一把抓住"}, {"uid": "66795434", "content": "虽然很燃，但我是说不出口，但还是很燃。"}, {"uid": "633171", "content": "不像今天这么卡"}, {"uid": "455244", "content": "我急了我急了"}, {"uid": "1823568274", "content": "一把抓住"}, {"uid": "690117318", "content": "我超，草！"}, {"uid": "1314798363", "content": "一把抓住"}, {"uid": "10803409", "content": "一把抓住"}, {"uid": "80693847", "content": "一把抓住"}, {"uid": "39990716", "content": "一把抓住"}, {"uid": "30926567", "content": "不像今天这么卡woc"}, {"uid": "436584233", "content": "下一站 紫砂"}, {"uid": "3968098", "content": "一把抓住"}, {"uid": "3968098", "content": "不像今天这么卡 卧槽"}, {"uid": "492936641", "content": "一把抓住"}, {"uid": "696699115", "content": "不像今天那么卡，草！"}, {"uid": "2711162", "content": "好"}, {"uid": "2416243", "content": "我一把抓住！"}, {"uid": "3722998", "content": "就在今天，就在今天"}, {"uid": "350875050", "content": "不像今天这么卡woc"}, {"uid": "400717688", "content": "一把抓住"}, {"uid": "121852572", "content": "桌垫贝贝珈是吧"}, {"uid": "2259632", "content": "不像今天这么卡"}, {"uid": "2875412", "content": "一把抓住"}, {"uid": "34871965", "content": "我急了我急了"}, {"uid": "4707654", "content": "喜欢我阿草吗"}, {"uid": "1319407", "content": "a手"}, {"uid": "8180467", "content": "我超，草"}, {"uid": "7076885", "content": "一把抓住"}, {"uid": "53900804", "content": "我超这个桌垫！"}, {"uid": "163218", "content": "下一站：银屯"}, {"uid": "5310055", "content": "我急了我急了我急了我急了"}, {"uid": "22653970", "content": "阿草抱枕我寄了"}, {"uid": "481738844", "content": "我擦，可以摸"}, {"uid": "143794295", "content": "一把抓住"}, {"uid": "481738844", "content": "尬你麻，看不惯别看"}, {"uid": "917033", "content": "把我们珈乐高兴坏了"}, {"uid": "24481663", "content": "啥都尬你紫砂吧"}, {"uid": "18209909", "content": "一把抓住"}, {"uid": "291015679", "content": "就在今天"}, {"uid": "4478586", "content": "下一站 银屯"}, {"uid": "917033", "content": "一给我下来"}, {"uid": "547270611", "content": "阿草，嘿嘿阿草"}, {"uid": "7025606", "content": "下一站：银屯！"}, {"uid": "12048736", "content": "这有啥尬的，当时现场可热闹了"}, {"uid": "13931257", "content": "我力反馈手套呢"}, {"uid": "341615644", "content": "我急了"}, {"uid": "16247672", "content": "什么卡通台"}, {"uid": "196268349", "content": "不像今天这么卡 woc"}, {"uid": "6827480", "content": "一把抓住"}, {"uid": "34086977", "content": "一把抓住"}, {"uid": "5312877", "content": "我急了我急了"}, {"uid": "34086977", "content": "阿草阿草"}, {"uid": "50055460", "content": "鲜"}, {"uid": "8961353", "content": "一把抓住"}, {"uid": "34086977", "content": "一把抓住"}, {"uid": "97002382", "content": "不像今天这么卡woc"}, {"uid": "84375558", "content": "狂暴鸿儒"}, {"uid": "8227075", "content": "专业"}, {"uid": "633229187", "content": "我一把抓住"}, {"uid": "23645622", "content": "狂暴鸿儒阿草"}, {"uid": "8227075", "content": "早该抓抓了"}, {"uid": "2341431", "content": "一把抓住"}, {"uid": "11136710", "content": "一把抓住"}, {"uid": "13308393", "content": "不像今天这么卡"}, {"uid": "1762193", "content": "一把抓住！"}, {"uid": "4697314", "content": "一把抓住"}, {"uid": "23557816", "content": "一把抓住"}, {"uid": "1403562226", "content": "一把抓住"}, {"uid": "8028564", "content": "鸿儒阿草"}, {"uid": "1903945", "content": "说尬的是没有看到现场的氛围"}, {"uid": "123786364", "content": "下一站：紫砂"}, {"uid": "17684502", "content": "一把抓住"}, {"uid": "97142128", "content": "一把抓住"}, {"uid": "74623878", "content": "一把抓住！"}, {"uid": "7751180", "content": "一把抓住"}, {"uid": "318922530", "content": "一把抓住"}, {"uid": "225166364", "content": "一把米诺"}, {"uid": "15962978", "content": "？"}, {"uid": "192911", "content": "一把抓住"}, {"uid": "47247970", "content": "不像今天这么卡 卧槽"}, {"uid": "12691651", "content": "不像今天这么卡woc"}, {"uid": "2094924039", "content": "草！"}, {"uid": "468163", "content": "一把抓住"}, {"uid": "258253", "content": "狂暴鸿儒阿草"}, {"uid": "5163477", "content": "大白蛆"}, {"uid": "48153444", "content": "阿草抱枕，我一把抓住！"}, {"uid": "3432207", "content": "下一站"}, {"uid": "15440963", "content": "不像今天这么卡"}, {"uid": "34571311", "content": "一把抓住"}, {"uid": "1628088", "content": "一把抓住"}, {"uid": "397085804", "content": "一把抓住"}, {"uid": "5235763", "content": "我一把抓住"}, {"uid": "13063731", "content": "一把抓住"}, {"uid": "389230439", "content": "可惜，去不了"}, {"uid": "1628088", "content": "就在今天"}, {"uid": "5181978", "content": "一把抓住"}, {"uid": "150175", "content": "下一站：银屯"}, {"uid": "33815925", "content": "我不想今天这么卡呢?"}, {"uid": "599580550", "content": "一把抓住"}, {"uid": "177607438", "content": "我一把抓住"}, {"uid": "291406638", "content": "冲冲冲"}, {"uid": "11266075", "content": "一把抓住！"}, {"uid": "1416624", "content": "一把抓住"}, {"uid": "2276288", "content": "一把抓住"}, {"uid": "110525267", "content": "一把抓住！一把抓住！一把抓住！一把抓住！一把抓住！一把抓住！"}, {"uid": "1829271", "content": "珈乐的泳装？？！！！！！？？！？！？！啊啊啊啊"}]