[{"uid": "39798537", "content": "正在载入游戏"}, {"uid": "318638194", "content": "歪歪歪歪歪歪歪歪"}, {"uid": "35907886", "content": "一直都是性感女王！"}, {"uid": "8684471", "content": "歪歪歪"}, {"uid": "278351756", "content": "歪歪歪歪歪歪歪歪歪歪歪歪"}, {"uid": "278351756", "content": "歪歪歪歪歪歪歪歪"}, {"uid": "7089537", "content": "歪歪歪歪歪歪"}, {"uid": "7089537", "content": "歪歪歪歪歪歪"}, {"uid": "8548576", "content": "卧槽，乐！"}, {"uid": "302171392", "content": "枝江小狼王，东北大甜妹"}, {"uid": "8409689", "content": "逐渐逐渐沸腾期待"}, {"uid": "3020006", "content": "古 战 场"}, {"uid": "1989332", "content": "向晚双钻，我的老伴"}, {"uid": "17072202", "content": "歪歪歪歪歪歪"}, {"uid": "22177191", "content": "卧槽，乐！"}, {"uid": "283763842", "content": "快快快快快快大脑在牵引"}, {"uid": "313122230", "content": "卧槽卧槽我的琳！"}, {"uid": "14243186", "content": "歪歪歪歪歪歪歪歪"}, {"uid": "179256615", "content": "贝贝珈是真的"}, {"uid": "13848360", "content": "捏麻麻滴，换个这样制作的扔音乐区都估摸是百万级别了 一个魂屁用没有"}, {"uid": "22433711", "content": "只有一遍，我就上瘾"}, {"uid": "285876160", "content": "控场的神"}, {"uid": "293691881", "content": "梦开始的地方"}, {"uid": "32698740", "content": "歪歪歪歪歪歪歪歪歪"}, {"uid": "89114533", "content": "控场大师乃琳"}, {"uid": "151412556", "content": "卧槽，乐！"}, {"uid": "8206554", "content": "每日一溜"}, {"uid": "35551056", "content": "歪歪歪歪歪歪歪歪歪歪歪"}, {"uid": "9212251", "content": "ASOUL时代，沸腾期待"}, {"uid": "9212251", "content": "ASOUL时代，沸腾期待"}, {"uid": "9212251", "content": "ASOUL时代，沸腾期待"}, {"uid": "120539296", "content": "工具人应该竭尽全力，奈何没有素材，来回切几张图"}, {"uid": "2485665", "content": "逐渐逐渐沸腾期待（沸血之矛）"}, {"uid": "34906079", "content": "卧槽！！乐！！！"}, {"uid": "22190120", "content": "疯狂的着迷"}, {"uid": "244088587", "content": "啊烧烧烧烧烧烧烧"}, {"uid": "7878068", "content": "歪歪歪歪"}, {"uid": "23055724", "content": "5张图能做这么厉害，真的绝了"}, {"uid": "12311639", "content": "大家好，我叫电棍"}, {"uid": "21377954", "content": "歪歪歪歪"}, {"uid": "170193602", "content": "woc 乐"}, {"uid": "21377954", "content": "再溜一遍"}, {"uid": "520696911", "content": "歪歪歪歪歪歪"}, {"uid": "184461408", "content": "woc乐"}, {"uid": "369558973", "content": "呜呜呜我真的要上头了"}, {"uid": "13014376", "content": "我的原子弹！"}, {"uid": "52590240", "content": "佳乐这段是真的可以"}, {"uid": "22195469", "content": "歪 歪歪歪 歪歪 疯狂地逃离"}, {"uid": "104331620", "content": "快快快快快 大脑在牵引"}, {"uid": "285745719", "content": "歪歪歪歪歪歪歪歪歪歪歪歪"}, {"uid": "285745719", "content": "歪歪歪歪歪歪歪歪歪歪歪歪歪"}, {"uid": "283334975", "content": "卧槽，乐！"}, {"uid": "13866525", "content": "出不去了"}, {"uid": "226374039", "content": "歪歪歪"}, {"uid": "26535938", "content": "快快快快快快快快快快快快快快"}, {"uid": "1354510", "content": "然然本音杀疯了"}, {"uid": "29560405", "content": "若子  喂喂喂"}, {"uid": "835410", "content": "想看到具体行动！！！"}, {"uid": "471900382", "content": "梦开始的地方"}, {"uid": "42798074", "content": "前方高能!"}, {"uid": "42798074", "content": "前方高能!"}, {"uid": "42798074", "content": "前方高能!"}, {"uid": "42798074", "content": "前方高能"}, {"uid": "8131449", "content": "I said keep quiet quietquietquiet quietquiet  It will be all right"}, {"uid": "8131449", "content": "向晚：清楚听 世界的变化  逐渐 逐渐沸腾期待"}, {"uid": "8131449", "content": "贝拉：仔细看 肢体的表达  将心门 打开"}, {"uid": "8131449", "content": "珈乐：想哄我愉快 你得送我rose  迎合我期待 变成我beloved"}, {"uid": "8131449", "content": "I said keep quiet quietquietquiet quietquiet  It will be all right"}, {"uid": "8131449", "content": "Why whywhy whywhy whywhy  疯狂地着迷  荷尔蒙陷阱 请带我逃离"}, {"uid": "8131449", "content": "向晚：清楚听（在烙印） 世界的变化  逐渐 逐渐沸腾期待"}, {"uid": "8131449", "content": "I said you’ll love me, boy  It’s killing me killing me"}, {"uid": "8131449", "content": "When you laugh，ah  悸动 停不下来  嘘 keep it quiet"}, {"uid": "8131449", "content": "珈乐：Time’s up  别避开 炽热的眼神"}, {"uid": "8131449", "content": "I wanna be your girl Tell me then"}, {"uid": "8131449", "content": "嘉然：那就 心动中感受  管它有没有 用"}, {"uid": "8131449", "content": "嘉然：快要 发不出声音  该如何回应"}, {"uid": "8131449", "content": "向晚：当迷离 的瞳孔  习惯 捕捉你触碰"}, {"uid": "8131449", "content": "贝拉：言语 不起作用  想看到 具体行动"}, {"uid": "8131449", "content": "Right Now 开启进攻  快靠近我"}, {"uid": "8131449", "content": "贝拉：言语 不起作用  想看到 具体行动"}, {"uid": "8042157", "content": "再来亿遍"}, {"uid": "8131449", "content": "快 快快快 快快 大脑在牵引"}, {"uid": "8131449", "content": "突然性感起来了"}, {"uid": "8131449", "content": "我一直都是贝极星啊"}, {"uid": "22202210", "content": "快快 快快快块 大脑在牵引"}, {"uid": "439684858", "content": "你也是悸动战士？"}, {"uid": "13066178", "content": "时刻回应爱！"}, {"uid": "411375585", "content": "来了来了吼吼"}, {"uid": "14835453", "content": "梦开始的地方"}, {"uid": "84375558", "content": "单杀宦官"}, {"uid": "870956", "content": "已经刻进DNA里啦！"}, {"uid": "870956", "content": "Y1S1，这首歌作为首个单曲很稳，特点很明显，也很上头"}, {"uid": "89369470", "content": "前方高能！"}, {"uid": "89369470", "content": "前方高能！"}, {"uid": "89369470", "content": "前方高能！"}, {"uid": "27401985", "content": "快快快快快快快快快快快快快快"}, {"uid": "33356479", "content": "拉 胯 担 当"}, {"uid": "79454", "content": "几个月下来，这才是V圈最V的"}, {"uid": "351395420", "content": "a-soul在，一个魂永远在"}, {"uid": "351395420", "content": "a-soul在，一个魂永远在"}, {"uid": "351395420", "content": "a-soul在，一个魂永远在"}, {"uid": "351395420", "content": "乃琳 深藏不露"}, {"uid": "351395420", "content": "会唱会跳 团里唱见"}, {"uid": "351395420", "content": "可爱担当 宅舞二十连跳"}, {"uid": "351395420", "content": "嘉然 吃货担当"}, {"uid": "351395420", "content": "向晚 人间可爱 (带资进组)"}, {"uid": "351395420", "content": "实力舞担 二次元浓度高"}, {"uid": "18750910", "content": "快快快 快快快 大脑在牵引"}, {"uid": "351395420", "content": "对不起，我也上瘾了"}, {"uid": "455108870", "content": "活泼有梗向晚晚"}, {"uid": "455108870", "content": "实力舞担贝贝拉"}, {"uid": "522628769", "content": "游 戏 达 人"}, {"uid": "255886329", "content": "这mv做的挺好的呀 "}, {"uid": "10988301", "content": "君の帧率not good"}, {"uid": "32735006", "content": "集美们干活"}, {"uid": "32735006", "content": "奥利安费！"}, {"uid": "50021589", "content": "像在看PPT"}, {"uid": "291170690", "content": "嘉然的衣柜 女神的选择"}, {"uid": "348109021", "content": "舞  蹈  担  当"}, {"uid": "348109021", "content": "天  道  酬  勤"}, {"uid": "348109021", "content": "十  秒  四  首  歌"}, {"uid": "348109021", "content": "实  力  大  主  唱"}, {"uid": "348109021", "content": "歌  力  巅  峰"}, {"uid": "23286756", "content": "天生丽质嘉然然（*/∇＼*）"}, {"uid": "102304929", "content": "要是一起跳舞就好了"}, {"uid": "23286756", "content": "哔哩女神嘉然然(๑°3°๑)"}, {"uid": "82174646", "content": "每日一溜"}, {"uid": "421802529", "content": "歪歪歪歪歪歪歪歪歪歪歪"}, {"uid": "35907886", "content": "我超，太飒了"}, {"uid": "23650138", "content": "歪歪歪歪歪歪"}, {"uid": "35907886", "content": "快快快快快快快快"}, {"uid": "35907886", "content": "乃琳！my queen！"}, {"uid": "352651915", "content": "asoul时代 沸腾期待！！"}, {"uid": "99974944", "content": "快快快快快快快快快快"}, {"uid": "2476421", "content": "卧槽，乐！"}, {"uid": "487326108", "content": "快快快快快快快快快快快快"}, {"uid": "2406446", "content": "歪歪歪"}, {"uid": "8409689", "content": "歪歪歪歪歪了"}, {"uid": "8409689", "content": "清楚听世界的变化"}, {"uid": "86621415", "content": "大的要来了"}, {"uid": "13252829", "content": "歪歪歪歪歪"}, {"uid": "692043767", "content": "收到收到收到"}, {"uid": "34423646", "content": "芜！"}, {"uid": "22612678", "content": "快 快快 快快 快快"}, {"uid": "588792290", "content": "每日亿遍"}, {"uid": "14243186", "content": "歪歪歪歪歪歪歪歪歪歪"}, {"uid": "336463458", "content": "ASOUL时代，沸腾期待"}, {"uid": "99997333", "content": "我的乐，我的乐"}, {"uid": "485562234", "content": "雀食"}, {"uid": "494853908", "content": "i said 快快快快快快"}, {"uid": "6477174", "content": "贝拉！贝拉！啊啊啊啊！"}, {"uid": "341399103", "content": "我超，琳！"}, {"uid": "358852370", "content": "Never gonna let you down!"}, {"uid": "1707596", "content": "卧槽！乐！"}, {"uid": "16008810", "content": "卧槽！！乐！！！"}, {"uid": "19118746", "content": "快快快快快快快快快快快快"}, {"uid": "403440689", "content": "哈哈哈"}, {"uid": "244491242", "content": "逆天"}, {"uid": "22170670", "content": "卧槽！乐！"}, {"uid": "66517624", "content": "帅，好冷静啊乐"}, {"uid": "2485665", "content": "将心门打开（摧心掌）"}, {"uid": "23648014", "content": "我的拉姐！！！！"}, {"uid": "22371528", "content": "歪歪歪歪歪歪歪歪歪歪歪"}, {"uid": "93683668", "content": "很难不tom"}, {"uid": "8519791", "content": "诶挖挖诶挖，向晚~"}, {"uid": "444319940", "content": "握草，乐！！"}, {"uid": "22190120", "content": "仔细看肢体的表达 将心门打开"}, {"uid": "22190120", "content": "每天一遍"}, {"uid": "444319940", "content": "握草，乐！"}, {"uid": "22190120", "content": "逐渐 沸腾期待"}, {"uid": "29279022", "content": "乐 我滴乐"}, {"uid": "481075614", "content": "就是因为这段粉的"}, {"uid": "170193602", "content": "乃琳带我走吧！！！！"}, {"uid": "23204322", "content": "woc，乐！"}, {"uid": "244491242", "content": "辣个吕人"}, {"uid": "388584944", "content": "晚晚你带我走吧"}, {"uid": "232988695", "content": "歪歪"}, {"uid": "36506467", "content": "每日一溜"}, {"uid": "4521983", "content": "呜呜 乐 我的乐"}, {"uid": "1937123", "content": "乃琳乃琳，你带我走吧"}, {"uid": "315981860", "content": "贝拉，我的贝拉"}, {"uid": "89796624", "content": "每日一溜"}, {"uid": "279824387", "content": "竟然还有9个人在溜"}, {"uid": "34806833", "content": "我的乃琳"}, {"uid": "15105467", "content": "哈 哈 哈 哈 哈 哈比下！"}, {"uid": "341738649", "content": "歪歪歪歪"}, {"uid": "626912341", "content": "男音是otto"}, {"uid": "32203081", "content": "快 快快 快 快快"}, {"uid": "1478064", "content": "小溜一下"}, {"uid": "323020058", "content": "姐姐唱歌好听！！！！！"}, {"uid": "519804", "content": "歪歪歪歪歪歪歪歪歪歪"}, {"uid": "7699988", "content": "嘉然歌声好时髦啊"}, {"uid": "13606645", "content": "凯南开大啊"}, {"uid": "2119731", "content": "每日一溜！"}, {"uid": "304779394", "content": "草！"}, {"uid": "90006672", "content": "凯南开大呀！"}, {"uid": "273129125", "content": "冰！"}, {"uid": "22142388", "content": "古战场"}, {"uid": "463602", "content": "很难不入脑"}, {"uid": "26535938", "content": "这个画面很不对劲"}, {"uid": "249081275", "content": "这就是百大高校校花吗？"}, {"uid": "414470812", "content": "圣地巡游"}, {"uid": "37425537", "content": "歪歪歪歪歪歪歪歪歪"}, {"uid": "1285697", "content": "纯路人，热评把我看懵了"}, {"uid": "28625593", "content": "抬杠有什么意义吗？（灵魂拷问"}, {"uid": "484774843", "content": "好听！"}, {"uid": "835410", "content": "言语不起作用！"}, {"uid": "8309066", "content": "快快快快快快快快快快快快"}, {"uid": "42798074", "content": "前方高能"}, {"uid": "403093124", "content": "快快块块块快快快快快"}, {"uid": "323953409", "content": "快快快快快快快快快！！！"}, {"uid": "8131449", "content": "向晚：no no"}, {"uid": "8131449", "content": "贝拉：oh oh"}, {"uid": "8131449", "content": "So 我们一起 云端漫游"}, {"uid": "462249", "content": "傲娇双钻！ 我的老伴！"}, {"uid": "38983723", "content": "嘉门"}, {"uid": "8277019", "content": "卧槽！晚！"}, {"uid": "8131449", "content": "贝拉好女人！"}, {"uid": "8131449", "content": "贝拉贝拉贝拉贝拉贝拉贝拉"}, {"uid": "36544452", "content": "歪歪歪歪歪歪歪歪歪歪歪"}, {"uid": "8377079", "content": "卧槽，琳！"}, {"uid": "299398863", "content": "快快快快快快快快快快快快快快"}, {"uid": "8601187", "content": "快靠近哇↑↓"}, {"uid": "8317069", "content": "铁棍铁棍铁棍"}, {"uid": "84375558", "content": "嘉然！"}, {"uid": "219456", "content": "珈乐在这里扭的好棒(¯﹃¯)"}, {"uid": "13970608", "content": "快 快快 快快"}, {"uid": "89369470", "content": "前方高能"}, {"uid": "27401985", "content": "快快快快快快快快快快快快快快"}, {"uid": "93764344", "content": "快快快快快快快快快快快"}, {"uid": "34357325", "content": "前方高能"}, {"uid": "351395420", "content": "游戏gamer"}, {"uid": "455108870", "content": "性感女神乃琳琳"}, {"uid": "455108870", "content": "天使驾到嘉然然"}, {"uid": "93805129", "content": "投降了，投降了（迫真）"}, {"uid": "522628769", "content": "A-SOUL！"}, {"uid": "522628769", "content": "向晚向晚向晚向晚向晚向晚"}, {"uid": "522628769", "content": "向晚向晚向晚向晚向晚向晚"}, {"uid": "522628769", "content": "手柄氪金向晚"}, {"uid": "233918796", "content": "嘶溜"}, {"uid": "12978147", "content": "讲道理做得挺好"}, {"uid": "673912537", "content": "发个弹幕以此为敬"}, {"uid": "29792622", "content": "3d模型呢？"}, {"uid": "114143780", "content": "这是PPT你也给我搞一个？"}, {"uid": "263780", "content": "这个珈乐还行，比短视频唱的好听"}, {"uid": "11348715", "content": "Queen！Queen！Queen！"}, {"uid": "23286756", "content": "天生丽质嘉然然（*/∇＼*）"}, {"uid": "482626835", "content": "和嘉然贴贴"}, {"uid": "352180128", "content": "每日一溜"}, {"uid": "2436125", "content": "快快快确实好听"}, {"uid": "15477257", "content": "支持正义刷屏"}, {"uid": "318638194", "content": "快快快快快快"}, {"uid": "304057944", "content": "快快快快快快快快快快快快"}, {"uid": "490871957", "content": "乐！你带我走吧！"}, {"uid": "474107507", "content": "高能高能"}, {"uid": "99747922", "content": "快快快快快快快快快"}, {"uid": "16955242", "content": "芜！"}, {"uid": "249238810", "content": "快快快快快快快快快快"}, {"uid": "107942400", "content": "开溜"}, {"uid": "14882399", "content": "快快快快快快快快快快"}, {"uid": "383983116", "content": "快快快快快快快快"}, {"uid": "7089537", "content": "快快快快快快快"}, {"uid": "5664346", "content": "快快快快快快"}, {"uid": "2478776", "content": "这特写麻了"}, {"uid": "292748387", "content": "快快快快快快快"}, {"uid": "107537606", "content": "收到收到收到"}, {"uid": "60157519", "content": "快快快快快快快快快快"}, {"uid": "49711882", "content": "快快快快快快"}, {"uid": "13517713", "content": "拉姐！！！"}, {"uid": "336463458", "content": "真正的Queen"}, {"uid": "13979451", "content": "快快快快快快快快快"}, {"uid": "99997333", "content": "我的乐，我的乐"}, {"uid": "99997333", "content": "卧槽，我的乐"}, {"uid": "161090334", "content": "我一直都是乃淇淋啊"}, {"uid": "628910957", "content": "嘉门"}, {"uid": "74899351", "content": "快快快快快快快"}, {"uid": "7689124", "content": "快快快快快快"}, {"uid": "7689124", "content": "嘉门"}, {"uid": "13464407", "content": "快快快快快快快快快快快快"}, {"uid": "2104814101", "content": "乃琳唱得也挺好听"}, {"uid": "156149558", "content": "风情"}, {"uid": "3818934", "content": "卧槽 乐"}, {"uid": "65347616", "content": "快快快快快快"}, {"uid": "407269281", "content": "每日一溜"}, {"uid": "34122140", "content": "快快快快快快快快"}, {"uid": "36756551", "content": "收到收到收到"}, {"uid": "120539296", "content": "实在是图太少了"}, {"uid": "21056332", "content": "快快快快快快！！！！"}, {"uid": "355643755", "content": "快快快快快"}, {"uid": "7021907", "content": "风情 风情 风情"}, {"uid": "85110524", "content": "没有你我可怎么活啊"}, {"uid": "13579305", "content": "我曹 0！"}, {"uid": "7878068", "content": "风！情！"}, {"uid": "7878068", "content": "风情！"}, {"uid": "443243771", "content": "乃琳你带我走吧"}, {"uid": "434200246", "content": "溜溜溜"}, {"uid": "272376077", "content": "向晚向晚"}, {"uid": "170193602", "content": "woc 琳！"}, {"uid": "505064978", "content": "每日一溜"}, {"uid": "26643291", "content": "我一直都是贝极星啊"}, {"uid": "26643291", "content": "幽默钻头"}, {"uid": "357584780", "content": "嘉门"}, {"uid": "13233016", "content": "骑士团，冲锋！"}, {"uid": "14878226", "content": "我的琳！"}, {"uid": "37272446", "content": "忠诚"}, {"uid": "11654765", "content": "woc，乐！"}, {"uid": "8622578", "content": "快靠近沃！"}, {"uid": "184461408", "content": "快快快块快快快块"}, {"uid": "20861706", "content": "快快快快快快快快快快快快"}, {"uid": "1865431920", "content": "二甲的含金量！"}, {"uid": "1478064", "content": "反转了！"}, {"uid": "11493876", "content": "酷盖珈乐"}, {"uid": "33426670", "content": "快快快快快"}, {"uid": "73956205", "content": "小遛一下"}, {"uid": "5062604", "content": "枝江小狼王！"}, {"uid": "38647328", "content": "快快快快快快快"}, {"uid": "15118976", "content": "卧槽，0！"}, {"uid": "3392150", "content": "乃琳，我的乃琳"}, {"uid": "11113394", "content": "寄了兄弟们"}, {"uid": "305776308", "content": "女王女王女王"}, {"uid": "635702563", "content": "承包这个拉"}, {"uid": "323020058", "content": "乐爷给我冲！！！帅爆了好吗"}, {"uid": "40111311", "content": "赞赞赞！"}, {"uid": "544103372", "content": "下一站，银屯"}, {"uid": "25630548", "content": "软妹"}, {"uid": "351086015", "content": "快快快快快快快快"}, {"uid": "12051048", "content": "快快快快快快快快快快快快快"}, {"uid": "7562518", "content": "然然本音好听捏"}, {"uid": "474245480", "content": "我的乐"}, {"uid": "474245480", "content": "乐乐乐乐乐乐乐乐乐乐乐"}, {"uid": "765721", "content": "nice！支持正义刷屏！！！"}, {"uid": "321960478", "content": "快快快快快快"}, {"uid": "23765040", "content": "Woc乐"}, {"uid": "13930847", "content": "我喜欢A-SOUL，你们可以打我了"}, {"uid": "8309066", "content": "快快快快快快快快快快快快快快"}, {"uid": "604208879", "content": "溜溜溜溜溜"}, {"uid": "2057526717", "content": "I do！！！！！"}, {"uid": "72331764", "content": "然然！"}, {"uid": "1662392", "content": "快快快快快快快快快快快快"}, {"uid": "5106279", "content": "小溜"}, {"uid": "10966601", "content": "卧槽，琳！"}, {"uid": "439382207", "content": "这个bgm真好听"}, {"uid": "310151363", "content": "嘉然嘉然"}, {"uid": "310151363", "content": "我的嘉然"}, {"uid": "267380313", "content": "大的来了"}, {"uid": "347151007", "content": "快快快快快快快快快快快"}, {"uid": "8277019", "content": "卧槽！晚！"}, {"uid": "8131449", "content": "贝拉好女人！我爱你"}, {"uid": "23206697", "content": "乃0！乃0！"}, {"uid": "23206697", "content": "王加乐！王加乐！"}, {"uid": "435406058", "content": "快快快快快快快快快快快快"}, {"uid": "8317069", "content": "烧烧烧"}, {"uid": "8317069", "content": "哈哈哈哈哈啊哈哈"}, {"uid": "17099347", "content": "快 快快 "}, {"uid": "7361692", "content": "骑士团，冲！锋！"}, {"uid": "84375558", "content": "珈乐！"}, {"uid": "84375558", "content": "嘉然来了！"}, {"uid": "18681989", "content": "乃琳！！"}, {"uid": "394894848", "content": "前方高能"}, {"uid": "16121147", "content": "快快快快块快快快块"}, {"uid": "11047175", "content": "握草！然！"}, {"uid": "34357325", "content": "这是嘉然本音吗"}, {"uid": "299374019", "content": "快快快快快快快快快快快快快快"}, {"uid": "14824525", "content": "快快快快快快快快快"}, {"uid": "8706562", "content": "快快快快快快快快快快快快快"}, {"uid": "23880843", "content": "抬烧了woc"}, {"uid": "8409269", "content": "嘉门"}, {"uid": "89369470", "content": "好听的好听的"}, {"uid": "89369470", "content": "起飞！"}, {"uid": "33356479", "content": "快快快快快快快快快快快快"}, {"uid": "34357325", "content": "快 快快 快快 快快 大脑在牵引歪 歪歪 歪歪 歪歪疯狂的着迷 荷尔蒙陷阱 请带我逃离"}, {"uid": "351395420", "content": "快 快快 快快 快快 大脑在牵引歪 歪歪 歪歪 歪歪疯狂的着迷 荷尔蒙陷阱 请带我逃离"}, {"uid": "7331613", "content": "明明就很好"}, {"uid": "198220938", "content": "快 快快快 快快 大脑在牵引歪 歪歪歪 歪歪疯狂的着迷 荷尔蒙陷阱 请带我逃离"}, {"uid": "20294039", "content": "快 快快 快快 快快 大脑在牵引歪 歪歪 歪歪 歪歪疯狂的着迷 荷尔蒙陷阱 请带我逃离"}, {"uid": "7514006", "content": "快快"}, {"uid": "482626835", "content": "快 快快 快快"}, {"uid": "12659322", "content": "woc 这段是然然？"}, {"uid": "522628769", "content": "人间富婆！"}, {"uid": "522628769", "content": "向晚！向晚！向晚！"}, {"uid": "65330134", "content": "我天 奈斯啊"}, {"uid": "668976921", "content": "得，我弹幕没了，真会"}, {"uid": "33220221", "content": "挺好听"}, {"uid": "482626835", "content": "我爱贝拉"}, {"uid": "7547311", "content": "太闪耀了 这眼睛疼"}, {"uid": "91462702", "content": "然然然然然然"}, {"uid": "23286756", "content": "哔哩女神嘉然然(๑°3°๑)"}, {"uid": "7424960", "content": "嘉然嘉然嘉然嘉然"}, {"uid": "104190648", "content": "嘉然嘉然嘉然嘉然斯哈斯哈"}, {"uid": "52656474", "content": "快快快快快快快快快快快快"}, {"uid": "180173396", "content": "风情"}, {"uid": "1840351213", "content": "快快快快快快快快快快快"}, {"uid": "27485635", "content": "快快快快快快快快快"}, {"uid": "249838335", "content": "快快快快快快"}, {"uid": "34414290", "content": "快快快快快快"}, {"uid": "67909844", "content": "古战场遗址"}, {"uid": "2895214", "content": "快快快快快快"}, {"uid": "92106623", "content": "快快快快快快快快快快"}, {"uid": "278351756", "content": "快快快快快快快快快"}, {"uid": "170345521", "content": "差不多入脑了"}, {"uid": "7062686", "content": "快快快快快快快快快快"}, {"uid": "5664346", "content": "快快快快快快"}, {"uid": "4597648", "content": "快快快快快快快快"}, {"uid": "77352720", "content": "快快快快快快快"}, {"uid": "8409689", "content": "快快快快快快"}, {"uid": "13252829", "content": "快快快快快"}, {"uid": "5539440", "content": "快快快快快快"}, {"uid": "1989332", "content": "我的乃琳"}, {"uid": "594282241", "content": "欢迎回来"}, {"uid": "353541239", "content": "快快快快快快快快快"}, {"uid": "283763842", "content": "收到收到收到！"}, {"uid": "14243186", "content": "快快快快快快快快快"}, {"uid": "411196210", "content": "风情"}, {"uid": "198286116", "content": "开溜"}, {"uid": "316395501", "content": "rap担"}, {"uid": "242519147", "content": "快快快快快快"}, {"uid": "632689926", "content": "每日小遛"}, {"uid": "19118746", "content": "#战神遗迹"}, {"uid": "89114533", "content": "老哥！"}, {"uid": "198286116", "content": "快快快快快快快快快快快快"}, {"uid": "156149558", "content": "大的来了"}, {"uid": "212513008", "content": "珈乐珈乐"}, {"uid": "2104814101", "content": "珈乐！"}, {"uid": "249207438", "content": "弹幕冲压"}, {"uid": "346440182", "content": "乃琳乃琳乃琳乃琳乃琳"}, {"uid": "346440182", "content": "乃琳老公"}, {"uid": "327280149", "content": "逆天"}, {"uid": "56309004", "content": "乐乐乐乐乐乐乐"}, {"uid": "48173486", "content": "快快快快快快快快快快"}, {"uid": "48173486", "content": "风情"}, {"uid": "501320013", "content": "好听好听好听"}, {"uid": "1794501", "content": "风情"}, {"uid": "95192736", "content": "大的要来了"}, {"uid": "355643755", "content": "快快快快快"}, {"uid": "5563962", "content": "快快快快快"}, {"uid": "414911599", "content": "帅！珈乐"}, {"uid": "9194575", "content": "每日一溜"}, {"uid": "4048640", "content": "快快快快快"}, {"uid": "20421274", "content": "爹"}, {"uid": "21377954", "content": "快快快快快快"}, {"uid": "7878068", "content": "快快快快快"}, {"uid": "23824325", "content": "快快快快快"}, {"uid": "12206780", "content": "快快快快快快快快快快快"}, {"uid": "34439669", "content": "快快快快快快快"}, {"uid": "434639736", "content": "快快快快快快"}, {"uid": "176747980", "content": "快快快快快快快"}, {"uid": "148174077", "content": "珈乐，我的珈乐"}, {"uid": "36185504", "content": "快快快快快快快快快"}, {"uid": "181663821", "content": "爹！！！！"}, {"uid": "243778288", "content": "快快快快快快快快快快"}, {"uid": "87823543", "content": "乐!乐!乐!乐!乐!乐!乐!"}, {"uid": "22642822", "content": "好家伙"}, {"uid": "291406638", "content": "乐!!!!!"}, {"uid": "34806833", "content": "乃琳乃琳55555"}, {"uid": "17841655", "content": "乐爷！"}, {"uid": "35012229", "content": "快快快快快"}, {"uid": "184461408", "content": "乐！！！！！"}, {"uid": "184461408", "content": "开溜"}, {"uid": "28991704", "content": "每日一溜"}, {"uid": "7503494", "content": "溜大了是吧"}, {"uid": "67632", "content": "歌曲挺好听的，很动感"}, {"uid": "37296411", "content": "要来了"}, {"uid": "244928639", "content": "梗天使"}, {"uid": "15211408", "content": "乃琳，我的神"}, {"uid": "250162373", "content": "卧槽，然！！！！！！！！"}, {"uid": "11113394", "content": "卧槽然呢"}, {"uid": "42322851", "content": "快快快快块"}, {"uid": "347745477", "content": "小的要来了"}, {"uid": "3298988", "content": "我的乃琳5555!"}, {"uid": "3481303", "content": "风情！"}, {"uid": "82654704", "content": "快快快快快快"}, {"uid": "244928639", "content": "快快快快快快快快快快"}, {"uid": "225339852", "content": ".."}, {"uid": "25630548", "content": "风情"}, {"uid": "8178507", "content": "快快快快快快快快快快快快快"}, {"uid": "351086015", "content": "快快快快快快"}, {"uid": "5380782", "content": "泥哥泥哥快离开"}, {"uid": "8809035", "content": "这是然然的声音？"}, {"uid": "11212988", "content": "快快快快快快快快快快"}, {"uid": "38842221", "content": "凯南开大啊"}, {"uid": "477082455", "content": "快快快快快快快快快"}, {"uid": "5480484", "content": "大的要来了"}, {"uid": "485161572", "content": "卧槽 乃"}, {"uid": "290537570", "content": "快快快"}, {"uid": "23765040", "content": "快快快快快快快快快快快"}, {"uid": "5006598", "content": "快快快快快快快快快快快"}, {"uid": "17129845", "content": "上头上头"}, {"uid": "1662392", "content": "快快快快快快快快快"}, {"uid": "42798074", "content": "快 快快 快快 快快 大脑在牵引 歪 歪歪 歪歪 歪歪疯狂的着迷 荷尔蒙陷阱 请带我逃离"}, {"uid": "3378246", "content": "乐爷！"}, {"uid": "3378246", "content": "嘉然！"}, {"uid": "326184642", "content": "卧槽！晚！"}, {"uid": "28661137", "content": "本音suki"}, {"uid": "10966601", "content": "琳你带我走吧"}, {"uid": "15299820", "content": "快快快快快快快快快快快快快快"}, {"uid": "3732514", "content": "乐爷给我冲"}, {"uid": "12237757", "content": "快快快快快快快快快"}, {"uid": "30951447", "content": "嘉门"}, {"uid": "8131449", "content": "每日一遍"}, {"uid": "34426511", "content": "准备~"}, {"uid": "1575379", "content": "快快快快快快快快快快"}, {"uid": "8131449", "content": "贝拉贝拉贝拉贝拉贝拉贝拉贝拉"}, {"uid": "8131449", "content": "快快快快快快快快快快快快"}, {"uid": "8131449", "content": "乃琳！"}, {"uid": "440522200", "content": "快快快快"}, {"uid": "30849701", "content": "芜湖！"}, {"uid": "16116408", "content": "gachi了"}, {"uid": "39098650", "content": "马戏团，冲锋！"}, {"uid": "8317069", "content": "哈人"}, {"uid": "83148453", "content": "快快快"}, {"uid": "37791431", "content": "快快快快快快快"}, {"uid": "356174967", "content": "快快快快快快快快快快快快"}, {"uid": "17771572", "content": "晚指导！"}, {"uid": "27465308", "content": "好听！"}, {"uid": "33356479", "content": "快 快快 快快 快快 大脑在牵引歪 歪歪 歪歪 歪歪疯狂的着迷 荷尔蒙陷阱 请带我逃离"}, {"uid": "351395420", "content": "快 快快 快快 快快 大脑在牵引歪 歪歪 歪歪 歪歪疯狂的着迷 荷尔蒙陷阱 请带我逃离"}, {"uid": "351395420", "content": "快 快快 快快 快快 大脑在牵引歪 歪歪 歪歪 歪歪疯狂的着迷 荷尔蒙陷阱 请带我逃离"}, {"uid": "1270185", "content": "快快快快快快快快快快快快快快"}, {"uid": "273092915", "content": "这PPT有点卡"}, {"uid": "455108870", "content": "快快快快快快 大脑在牵引 歪歪歪歪歪歪 疯狂地着迷"}, {"uid": "5882303", "content": "快 快快 快快 快快 大脑在牵引 歪 歪歪 歪歪 歪歪疯狂的着迷 荷尔蒙陷阱 请带我逃离"}, {"uid": "33593708", "content": "嘉人们，集合！！！！！！"}, {"uid": "1874703376", "content": "啊啊啊啊，贝拉"}, {"uid": "11348715", "content": "乃琳！乃琳！乃琳！"}, {"uid": "11348715", "content": "乃琳姐姐我喜欢你！"}, {"uid": "102304929", "content": "哈哈哈哈哈我是第一个！！！"}, {"uid": "399606952", "content": "我超，0"}, {"uid": "474107507", "content": "然然！然然！"}, {"uid": "1840351213", "content": "快快快快快快快快快快"}, {"uid": "550984173", "content": "快快快快快快快"}, {"uid": "35907886", "content": "快快快快快快快快快"}, {"uid": "34414290", "content": "快快快快快快"}, {"uid": "54962755", "content": "乐爷!"}, {"uid": "5310055", "content": "快快快快快快快快快快快快"}, {"uid": "7089537", "content": "快快快快快快快"}, {"uid": "2515986", "content": "御琳军，集合"}, {"uid": "249238810", "content": "快快快快快快卡卡"}, {"uid": "23306111", "content": "然然！"}, {"uid": "13252829", "content": "快快快快快快快"}, {"uid": "357249875", "content": "奶宝！！"}, {"uid": "17072202", "content": "快快快快快快快"}, {"uid": "5515215", "content": "乐啊啊啊啊啊啊"}, {"uid": "354087804", "content": "快快快快快快快快快快快快"}, {"uid": "692127297", "content": "卧槽，晚！"}, {"uid": "245684907", "content": "快快快快快快快快快快快快快快"}, {"uid": "1939473139", "content": "快快快快快快快快快"}, {"uid": "19118746", "content": "快快快快快快快快快"}, {"uid": "3586880", "content": "快快快快快快"}, {"uid": "686694072", "content": "乃琳乃琳"}, {"uid": "943110", "content": "快快快"}, {"uid": "10618060", "content": "晚晚 玩哇。"}, {"uid": "8554135", "content": "快快快快快快快快快快快快快快"}, {"uid": "33892992", "content": "快快快快快快快快"}, {"uid": "314108144", "content": "快快快快快快快快快快快快快"}, {"uid": "4713866", "content": "快快快快快快快"}, {"uid": "346440182", "content": "乃琳老婆老婆老婆老婆"}, {"uid": "23132883", "content": "嘉人集合！！"}, {"uid": "37914740", "content": "快快快快快快快快快快快快快快"}, {"uid": "372738769", "content": "风情"}, {"uid": "197474224", "content": "然然然然然然"}, {"uid": "778679", "content": "烧"}, {"uid": "23132883", "content": "很难不是嘉心糖"}, {"uid": "23132883", "content": "嘉门！"}, {"uid": "66517624", "content": "帅！乐乐乐乐乐乐乐乐！"}, {"uid": "175095091", "content": "快快快快快"}, {"uid": "7021907", "content": "珈乐 珈乐 珈乐"}, {"uid": "37979250", "content": "酷盖"}, {"uid": "112404560", "content": "快快快快快快快快快快"}, {"uid": "7055465", "content": "我的乐"}, {"uid": "3598749", "content": "kksk"}, {"uid": "405506898", "content": "乃琳！！！"}, {"uid": "7878068", "content": "快快快快！"}, {"uid": "89551128", "content": "溜大发了"}, {"uid": "34439669", "content": "快快快快快快快"}, {"uid": "520696911", "content": "拉姐！"}, {"uid": "520696911", "content": "快快快快快快"}, {"uid": "434639736", "content": "快快快快快"}, {"uid": "166902126", "content": "快快快快快快快快快快快快"}, {"uid": "255156230", "content": "啊啊啊啊啊"}, {"uid": "54387737", "content": "乃琳带我走吧"}, {"uid": "3660170", "content": "快快快快快快"}, {"uid": "2453394", "content": "烧！"}, {"uid": "12953778", "content": "快快快快快快"}, {"uid": "32910480", "content": "快快快"}, {"uid": "13014376", "content": "草！"}, {"uid": "108171925", "content": "快快快快快快快快快快快快"}, {"uid": "53218186", "content": "快快快块"}, {"uid": "14436849", "content": "入脑"}, {"uid": "5062604", "content": "快快快快快快快快快快快快快快"}, {"uid": "15105467", "content": "小溜一下"}, {"uid": "24236028", "content": "快快快"}, {"uid": "15211408", "content": "琳杀我"}, {"uid": "152226026", "content": "快快快快快块"}, {"uid": "25991225", "content": "快快快快快快快快快快快"}, {"uid": "244928639", "content": "收到收到"}, {"uid": "244928639", "content": "快快快快快快快快快快"}, {"uid": "1478064", "content": "卧槽！晚！"}, {"uid": "126521", "content": "草！"}, {"uid": "14105426", "content": "快快快快快快快快快快快快快"}, {"uid": "645933348", "content": "快快快快快"}, {"uid": "323020058", "content": "乐爷的弹幕由我守护！！1"}, {"uid": "9023824", "content": "快快快快快快快快"}, {"uid": "1662392", "content": "快快快快快快快快快快"}, {"uid": "12655340", "content": "快快快快快"}, {"uid": "7075521", "content": "快快快快快快快快"}, {"uid": "244928639", "content": "快快快快快快快快快"}, {"uid": "81422649", "content": "快快快快快快"}, {"uid": "87888290", "content": "快快快快快快快快快快快"}, {"uid": "28238197", "content": "快快快快快快快"}, {"uid": "15299820", "content": "快快快快快快快快快快快快快快"}, {"uid": "482319117", "content": "快快快"}, {"uid": "26535938", "content": "我的琳"}, {"uid": "4792281", "content": "快快快快快快快"}, {"uid": "8129799", "content": "快快快快快快"}, {"uid": "351764301", "content": "40000"}, {"uid": "28625593", "content": "*嘟嘟嘟嘟——*"}, {"uid": "163582", "content": "快快快快快快快快快快快快"}, {"uid": "8071301", "content": "快快快快快快快快快快快快"}, {"uid": "14599924", "content": "快快快快快快快"}, {"uid": "297488043", "content": "乐乐乐乐乐乐乐乐"}, {"uid": "351710023", "content": "乐乐乐乐乐乐"}, {"uid": "261138277", "content": "快快快快快快快快"}, {"uid": "252311948", "content": "大的来了"}, {"uid": "267380313", "content": "欧西给"}, {"uid": "23054318", "content": "卧槽，然"}, {"uid": "34426511", "content": "快快快快快快快快快快"}, {"uid": "20497475", "content": "快快快快快快快快"}, {"uid": "35059915", "content": "快快快"}, {"uid": "8277019", "content": "卧槽！晚！"}, {"uid": "8131449", "content": "我一直都是嘉人啊"}, {"uid": "1664351", "content": "快快快快快快快快"}, {"uid": "36544452", "content": "快快快快快快快快快快快快"}, {"uid": "30360575", "content": "快快快快"}, {"uid": "137548078", "content": "quiet"}, {"uid": "16104881", "content": "嘉然"}, {"uid": "8317069", "content": "炫炫炫"}, {"uid": "40147896", "content": "快快快快快快 大脑在牵引 歪歪歪歪歪歪 疯狂地着迷"}, {"uid": "34146958", "content": "快快快快快快快"}, {"uid": "478154", "content": "圣嘉然"}, {"uid": "3378246", "content": "快快快快快"}, {"uid": "14824525", "content": "卧槽！晚！"}, {"uid": "9036616", "content": "快快快快快快快快"}, {"uid": "351395420", "content": "贝拉，yyds"}, {"uid": "13312003", "content": "大的来了！"}, {"uid": "2508491", "content": "快快快快快快快快快快快快快快"}, {"uid": "6455", "content": "可爱"}, {"uid": "1270185", "content": "快快快快快快快"}, {"uid": "20294039", "content": "快 快快 快快 快快 大脑在牵引歪 歪歪 歪歪 歪歪疯狂的着迷 荷尔蒙陷阱 请带我逃离"}, {"uid": "4326816", "content": "快 快快 快快 快快 大脑在牵引歪 歪歪 歪歪 歪歪疯狂的着迷 荷尔蒙陷阱 请带我逃离"}, {"uid": "278586403", "content": "快快快快快快快快"}, {"uid": "455108870", "content": "快快快快快快 大脑在牵引 歪歪歪歪歪歪 疯狂地着迷"}, {"uid": "7514006", "content": "可爱"}, {"uid": "89664439", "content": "嘉然嘉然嘉然嘉然"}, {"uid": "39331826", "content": "停不下来"}, {"uid": "215021", "content": "牛逼"}, {"uid": "4646239", "content": "我投降了"}, {"uid": "1634591", "content": "我投降了"}, {"uid": "216958085", "content": "高情商"}, {"uid": "138140242", "content": "离KDA"}, {"uid": "2812703", "content": "kirakirakira"}, {"uid": "8494818", "content": "快快快快快快"}, {"uid": "95117943", "content": "什么口水歌"}, {"uid": "355643755", "content": "快快快快快快"}, {"uid": "14703219", "content": "快快快快快快快快快快快快"}, {"uid": "402949207", "content": "乐乐乐乐乐乐乐乐乐乐乐乐"}, {"uid": "8708646", "content": "快快快快快"}, {"uid": "14394862", "content": "老公"}, {"uid": "47171747", "content": "爹！！"}, {"uid": "324305329", "content": "快快快快快快快快快"}, {"uid": "314003468", "content": "乐是什么酷哥啊啊啊啊啊！！我死了"}, {"uid": "67909844", "content": "烧"}, {"uid": "278351756", "content": "快快快快快快快快快快快"}, {"uid": "278351756", "content": "乃琳！"}, {"uid": "278351756", "content": "快快快快快快快快快快快"}, {"uid": "244491242", "content": "好好汀"}, {"uid": "7089537", "content": "快快快快快快"}, {"uid": "456554213", "content": "快快快快快快快"}, {"uid": "6239176", "content": "快快快快快快快快快快快快"}, {"uid": "244213035", "content": "快快快快快快快快快快快快快"}, {"uid": "18773940", "content": "快快快快快快快快快"}, {"uid": "348677203", "content": "快快快快快快快"}, {"uid": "94787916", "content": "大的要来了"}, {"uid": "292748387", "content": "乐乐乐乐乐乐乐乐乐乐乐乐"}, {"uid": "305381099", "content": "快快快快快"}, {"uid": "5564358", "content": "快快快快快快快快快"}, {"uid": "87295910", "content": "乐乐乐乐乐乐乐"}, {"uid": "6931504", "content": "橘子焦糖是吧"}, {"uid": "28659841", "content": "爹"}, {"uid": "313122230", "content": "乃琳我的乃琳"}, {"uid": "29601638", "content": "快快快快快"}, {"uid": "14243186", "content": "快快快快快快快快快快快快快快"}, {"uid": "13517713", "content": "快快快快快快快快快"}, {"uid": "336463458", "content": "贝拉！"}, {"uid": "355643755", "content": "快快快快快快"}, {"uid": "355643755", "content": "快快快快快"}, {"uid": "354087804", "content": "快快快快快快快快快"}, {"uid": "628910957", "content": "嘉门"}, {"uid": "168026610", "content": "快快快快快快快快快"}, {"uid": "62257584", "content": "然然你带我走吧"}, {"uid": "409786996", "content": "快快快快快快"}, {"uid": "619151", "content": "快快快快快快"}, {"uid": "31262503", "content": "快快快快快快快快快快"}, {"uid": "32698740", "content": "老婆老婆"}, {"uid": "156149558", "content": "卧槽，琳"}, {"uid": "32093041", "content": "快快快快快快"}, {"uid": "20885904", "content": "快快快快快快快快快快快快快快"}, {"uid": "240449109", "content": "拉！"}, {"uid": "8082348", "content": " 快 快快快 快快"}, {"uid": "48173486", "content": "卧槽，晚！"}, {"uid": "93683668", "content": "乐乐乐乐乐乐乐乐乐乐"}, {"uid": "129166785", "content": "快快快快快快快快快快快快快快"}, {"uid": "3305453", "content": "快快快快快快快快快快快"}, {"uid": "372738769", "content": "vocal"}, {"uid": "287957887", "content": "快快快"}, {"uid": "355643755", "content": "快快快快快K"}, {"uid": "2018167", "content": "快快快快快快快快"}, {"uid": "140415409", "content": "快快快快快快快快快快快快快快"}, {"uid": "38812188", "content": "快快快快快快"}, {"uid": "353541239", "content": "快快快快快快快快快快快"}, {"uid": "312730449", "content": "快快快快快快快快大脑在牵引，歪歪歪歪歪歪疯狂的着迷"}, {"uid": "36809142", "content": "快快快快快快快快快快快"}, {"uid": "13939965", "content": "快快快快快快快快快快快快快"}, {"uid": "28573281", "content": "快快快快快快快快快"}, {"uid": "7878068", "content": "快快快！"}, {"uid": "37019330", "content": "otto"}, {"uid": "121882620", "content": "快快快快快快"}, {"uid": "28116613", "content": "快快快快快快快快"}, {"uid": "517222813", "content": "然然我爱你"}, {"uid": "184461408", "content": "乐！"}, {"uid": "39712507", "content": "回去抱着你爹的腿魂"}, {"uid": "434184533", "content": "快快快"}, {"uid": "403256552", "content": "烧"}, {"uid": "434639736", "content": "快快快快快快快快快快"}, {"uid": "255156230", "content": "啊啊啊啊啊啊我来了"}, {"uid": "198312805", "content": "然然然然然然"}, {"uid": "132410718", "content": "快快快快快快"}, {"uid": "433947494", "content": "珈乐你带我走吧"}, {"uid": "37768967", "content": "快快快快"}, {"uid": "80619967", "content": "awsl"}, {"uid": "11614026", "content": "快快快快快快快快快快快快快"}, {"uid": "291406638", "content": "乐乐乐乐乐乐乐乐乐乐"}, {"uid": "289375592", "content": "快快快快快快快快快"}, {"uid": "542508396", "content": "快快快快快快快快"}, {"uid": "17841655", "content": "乐爷！"}, {"uid": "18665801", "content": "好好好好好好好好"}, {"uid": "635702563", "content": "贝拉"}, {"uid": "244928639", "content": "快快快快快快"}, {"uid": "70557572", "content": "快快快块"}, {"uid": "347745477", "content": "快快快快快快"}, {"uid": "33027796", "content": "风情"}, {"uid": "33027796", "content": "风情"}, {"uid": "82654704", "content": "快快快快快快快快"}, {"uid": "81422649", "content": "快快快快快快快快快快快快"}, {"uid": "302667498", "content": "快快快"}, {"uid": "37425537", "content": "晚晚！我的晚晚！！！"}, {"uid": "128567493", "content": "乃琳！！！！！！！！！"}, {"uid": "26535938", "content": "我的0！"}, {"uid": "171021705", "content": "快快快快快快快快"}, {"uid": "87888290", "content": "快快快快快快快快"}, {"uid": "42973464", "content": "嘉然嘉然嘉然"}, {"uid": "1845753", "content": "快快快快快快快快快快快"}, {"uid": "8309066", "content": "然然然然然然然然然然然然然"}, {"uid": "8309066", "content": "卧槽，晚!"}, {"uid": "11528851", "content": "快快快快快快"}, {"uid": "223601630", "content": "快快快快快快快快快快快快！"}, {"uid": "290537570", "content": "掉帧了"}, {"uid": "8131449", "content": "别假装 别过问 别表现陌生  冷漠的口吻 未免太残忍"}, {"uid": "95967442", "content": "快快快快快快"}, {"uid": "310151363", "content": "快快快快快快快快快"}, {"uid": "28095715", "content": "准备"}, {"uid": "1372626016", "content": "快快快"}, {"uid": "22906125", "content": "KIRAKIRA"}, {"uid": "114020830", "content": "快快快快快"}, {"uid": "7675765", "content": "快快快快快快快快快"}, {"uid": "6486104", "content": "嘉门"}, {"uid": "4057069", "content": "快快快快快快"}, {"uid": "18758147", "content": "嘉门"}, {"uid": "435406058", "content": "快快快快快快快快快快快快"}, {"uid": "5866474", "content": "快快快快快快"}, {"uid": "11212988", "content": "快快快快快快 大脑在牵引 歪歪歪歪歪歪 疯狂地着迷"}, {"uid": "7361692", "content": "皇珈骑士团，集！合！"}, {"uid": "228401162", "content": "快快快快快快快快快快快快快"}, {"uid": "228401162", "content": "乃琳"}, {"uid": "37791431", "content": "快快快快快快快快"}, {"uid": "5845869", "content": "大的来了"}, {"uid": "15132621", "content": "很难不是顶碗人"}, {"uid": "14824525", "content": "大的要来了"}, {"uid": "34922359", "content": "好听好听好听"}, {"uid": "130935382", "content": "经典偷懒"}, {"uid": "5726175", "content": "快快快快快快快快快"}, {"uid": "9036616", "content": "快快快快快快快"}, {"uid": "228401162", "content": "快快快快快快快快快快快快快"}, {"uid": "631270178", "content": "快快快快快快快快快快快快"}, {"uid": "46412720", "content": "快快快快快快快快快快快快"}, {"uid": "13063185", "content": "狂小碗!"}, {"uid": "669233563", "content": "坚如磐石"}, {"uid": "35586962", "content": "好女人"}, {"uid": "482626835", "content": "圣嘉然冲冲冲"}, {"uid": "1462435", "content": "欧西给欧西给欧西给"}, {"uid": "34242918", "content": "快 快快 快快 快快"}, {"uid": "27694266", "content": "麻了"}, {"uid": "193269306", "content": "不喜欢饭圈，就改造他嘛，像kDA不一个个喊得叫老婆"}, {"uid": "254178650", "content": "能不能别一个劲儿的镜头往乃琳的胸上怼"}, {"uid": "23286756", "content": "阿哲"}, {"uid": "8723233", "content": "清歌是你吗？"}, {"uid": "416231700", "content": "歌有点一般，mv挺有意思"}, {"uid": "355643755", "content": "快快快快快快"}, {"uid": "474107507", "content": "快快快快快快快快快快快快"}, {"uid": "1363722388", "content": "杜向晚"}, {"uid": "14394862", "content": "我超 乐"}, {"uid": "2515986", "content": "快快快快快快"}, {"uid": "1929290", "content": "快快快快快快快快快快快"}, {"uid": "87562827", "content": "快快快快快"}, {"uid": "5563962", "content": "大的要来了"}, {"uid": "13252829", "content": "快快快快快快快快快"}, {"uid": "292748387", "content": "然然然然然然然然然然然然"}, {"uid": "384798368", "content": "yyds"}, {"uid": "51531016", "content": "快快快快快快快快快快"}, {"uid": "8809035", "content": "大"}, {"uid": "163582", "content": "快快快快快快快快快"}, {"uid": "37607857", "content": "别把摄影机往我老婆胸上顶"}, {"uid": "269375031", "content": "快快快快快快快快快快"}, {"uid": "310047543", "content": "00000000"}, {"uid": "384030299", "content": "然然然然"}, {"uid": "148983517", "content": "快快快快快"}, {"uid": "521083531", "content": "快快快快快快快快快"}, {"uid": "87146130", "content": "快快快快快快快快快"}, {"uid": "354087804", "content": "快快快快快快快"}, {"uid": "167800059", "content": "乐乐乐"}, {"uid": "11386656", "content": "草！"}, {"uid": "85440872", "content": "嘉门"}, {"uid": "367694697", "content": "快快快快快快快快快快"}, {"uid": "32698740", "content": "快快快快快快快"}, {"uid": "354087804", "content": "快快快快快快快快快快快快"}, {"uid": "354087804", "content": "快快快快快快快快快快快快"}, {"uid": "354087804", "content": "好听好听好听"}, {"uid": "427285225", "content": "珈乐"}, {"uid": "7689124", "content": "嘉门"}, {"uid": "20885904", "content": "快快快快快快快快快快快快快快"}, {"uid": "702228259", "content": "快快快"}, {"uid": "15116045", "content": "快快快快快快快快快快快快"}, {"uid": "356937990", "content": "快快快快快快快快快快快快"}, {"uid": "19522944", "content": "乐—！！！！！"}, {"uid": "34122140", "content": "快快快快快快快快"}, {"uid": "30280984", "content": "快快快快快快快快快"}, {"uid": "2844514", "content": "快快快快快快快快快快"}, {"uid": "258856825", "content": "快快快快快快快快快快快快"}, {"uid": "12042919", "content": "快快快快快"}, {"uid": "48173486", "content": "快快快快快快快快快快快"}, {"uid": "22371528", "content": "快快快快快快快快快快快"}, {"uid": "355643755", "content": "快快快快快"}, {"uid": "91031435", "content": "烧！"}, {"uid": "255163551", "content": "快快快快快"}, {"uid": "5154735", "content": "乐乐乐乐乐乐乐乐乐！"}, {"uid": "175620813", "content": "快快快快快快快快快快快快"}, {"uid": "414911599", "content": "好！"}, {"uid": "85110524", "content": "好好好好"}, {"uid": "39736293", "content": "快快快快快快快快快"}, {"uid": "244491242", "content": "好听"}, {"uid": "351074620", "content": "快快快快快快快"}, {"uid": "180403289", "content": "快快快快快快快"}, {"uid": "32764965", "content": "快快快快快快快快"}, {"uid": "54153367", "content": "风情"}, {"uid": "20660642", "content": "快快快快快快快快快快快"}, {"uid": "9988308", "content": "快快快快快快"}, {"uid": "66070572", "content": "乃乃乃"}, {"uid": "32925509", "content": "乃淇琳集合"}, {"uid": "26643291", "content": "多刷点弹幕，把泥哥的弹幕刷下去"}, {"uid": "406256597", "content": "快快快快快快快快快快快快快快"}, {"uid": "302271731", "content": "快快快快快快"}, {"uid": "7537591", "content": "快快快快快快快快快快快快快快"}, {"uid": "42865217", "content": "快快快快快快快快快"}, {"uid": "6668820", "content": "快快快快快快快"}, {"uid": "1828244", "content": "快快快快快快"}, {"uid": "14662501", "content": "00000"}, {"uid": "407548172", "content": "快快快快快快快快快"}, {"uid": "424174935", "content": "快快快快快快快快快快快快"}, {"uid": "14105426", "content": "乐乐乐乐乐乐乐"}, {"uid": "285745719", "content": "快快快快快快快快快快快"}, {"uid": "9023824", "content": "快快快快快快快"}, {"uid": "11060668", "content": "0000"}, {"uid": "8175732", "content": "快快快"}, {"uid": "426891735", "content": "快快快快快快快"}, {"uid": "258900743", "content": "Lelele"}, {"uid": "8232415", "content": "快快快快快快快快快快快"}, {"uid": "328207799", "content": "草"}, {"uid": "15299820", "content": "快快快快快快快快快快快快快快"}, {"uid": "474245480", "content": "乐乐乐乐乐乐乐"}, {"uid": "11217861", "content": "快快快快快"}, {"uid": "5878918", "content": "好酬我勤"}, {"uid": "7660203", "content": "快快快快快快"}, {"uid": "87888290", "content": "快快快快快快快快"}, {"uid": "14432544", "content": "快快快快快快"}, {"uid": "2483181", "content": "快快快快快快快快"}, {"uid": "23765040", "content": "乐乐乐乐乐乐乐乐乐乐乐"}, {"uid": "28669422", "content": "快快快快快快快快快快"}, {"uid": "28625593", "content": "队友呢？救一下！"}, {"uid": "16843406", "content": "快快快快快快快快快快快快"}, {"uid": "21594909", "content": "快快快快快快快快快"}, {"uid": "421211447", "content": "这位更是重量级"}, {"uid": "14599924", "content": "快快快快快快快快"}, {"uid": "1662392", "content": "快快快快快快快快快快快快"}, {"uid": "3378246", "content": "乃琳！"}, {"uid": "3378246", "content": "晚晚！"}, {"uid": "15982522", "content": "快 快快 快快 快快 "}, {"uid": "173994384", "content": "快 快快 快快 快快 大脑在牵引歪 歪歪 歪歪 歪歪疯狂的着迷 荷尔蒙陷阱 请带我逃离"}, {"uid": "323953409", "content": "快快快快快快快快快"}, {"uid": "8131449", "content": "It’s killing me killing me  When you laugh，ah  悸动 停不下来  嘘 keep it quiet"}, {"uid": "310151363", "content": "快快快快快快快快快快快快"}, {"uid": "140225478", "content": "？"}, {"uid": "32242563", "content": "快快快快快快快快快"}, {"uid": "1372626016", "content": "快快快快快快"}, {"uid": "86713495", "content": "快快快快快快快快快"}, {"uid": "30604320", "content": "快快快快快快快快快快快快"}, {"uid": "9538185", "content": "快快快快快"}, {"uid": "9538185", "content": "珈乐我的珈乐！"}, {"uid": "6486104", "content": "快快快快快快快快快快快快快快"}, {"uid": "15299820", "content": "快快快快快快快"}, {"uid": "34171613", "content": "快快快快快快快快"}, {"uid": "89369301", "content": "要来力"}, {"uid": "478154", "content": "快快快快快快快快"}, {"uid": "6065870", "content": "快快快快快快快快快快快"}, {"uid": "2837298", "content": "快快快快快快快"}, {"uid": "11047175", "content": "好好好好"}, {"uid": "33250929", "content": "快快快快快快快快快"}, {"uid": "3378246", "content": "乃琳，我爱你"}, {"uid": "16121147", "content": "快快快块快快快块"}, {"uid": "9036616", "content": "快快快快快快"}, {"uid": "46412720", "content": "快快快快快快快快快快快快"}, {"uid": "669233563", "content": "坚如磐石"}, {"uid": "293548627", "content": "泥哥别带节奏了"}, {"uid": "29231184", "content": "快快快快快快快快快快快快快快"}, {"uid": "22227723", "content": "快快快快快快快快快快快快"}, {"uid": "45624376", "content": "好"}, {"uid": "455108870", "content": "声乐担当珈乐乐"}, {"uid": "455108870", "content": "能不能净化下弹幕 嘉人们"}, {"uid": "1951353635", "content": "嘉然嘉然嘉然嘉然嘉然"}, {"uid": "11354521", "content": "快 快快 快快 快快 大脑在牵引歪 歪歪 歪歪 歪歪疯狂的着迷 荷尔蒙陷阱 请带我逃离"}, {"uid": "44602891", "content": "很难不支持"}, {"uid": "12602242", "content": "快 快快 快快 快快"}, {"uid": "296757530", "content": "嘉然"}, {"uid": "484188238", "content": "很难不支持"}, {"uid": "138140242", "content": "PPT"}, {"uid": "7547311", "content": "突然说唱 吓到我了"}, {"uid": "7547311", "content": "？？？"}, {"uid": "482626835", "content": "嘉然yyds"}, {"uid": "353541239", "content": "快快快快快快快快快"}, {"uid": "2919999", "content": "快快快快快快快快快快快快"}, {"uid": "238702042", "content": "快快快快快快快快快快快快快"}, {"uid": "1363722388", "content": "快快快快快快"}, {"uid": "1363722388", "content": "快快快快快快"}, {"uid": "35907886", "content": "确实，素材太少了。"}, {"uid": "35907886", "content": "？工具人什么邪恶特写"}, {"uid": "475749336", "content": "乐！"}, {"uid": "13259834", "content": "快快快快快快快快"}, {"uid": "434728336", "content": "快快快快快快快"}, {"uid": "300547391", "content": "然然"}, {"uid": "145922259", "content": "快快快快快快快快快快"}, {"uid": "5664346", "content": "快快快快快快快"}, {"uid": "26417662", "content": "低配版ae?"}, {"uid": "17072202", "content": "快快快快快快快快快"}, {"uid": "354087804", "content": "弹幕怎么没了那么多"}, {"uid": "354087804", "content": "前方高能"}, {"uid": "291295293", "content": "快快快快快快快快快快"}, {"uid": "355643755", "content": "快快快快快"}, {"uid": "102571912", "content": "快快快快快快快快快"}, {"uid": "485562234", "content": "芜湖"}, {"uid": "49754694", "content": "快快快快快"}, {"uid": "244928639", "content": "快快快快快快快快快"}, {"uid": "345713622", "content": "乐！！"}, {"uid": "367694697", "content": "快快快快快快"}, {"uid": "141436440", "content": "快快快快快快快快快快快快快"}, {"uid": "353541239", "content": "快快快快快快快快快快快"}, {"uid": "16531126", "content": "快快快快快快快快快快"}, {"uid": "240449109", "content": "拉！！"}, {"uid": "34122140", "content": "快 快快 快快快"}, {"uid": "28687365", "content": "0"}, {"uid": "32518868", "content": "0我的0"}, {"uid": "48173486", "content": "快快快快快快快快快"}, {"uid": "6413166", "content": "快快快快快"}, {"uid": "355643755", "content": "快快快快快K"}, {"uid": "3852464", "content": "快 快快快 快快"}, {"uid": "172469008", "content": "快快快快快快快"}, {"uid": "46750401", "content": "0000"}, {"uid": "1465841", "content": "快快快快快快"}, {"uid": "189079179", "content": "快快快快快快快快快快"}, {"uid": "85110524", "content": "leleleeleleleleele"}, {"uid": "66070572", "content": "乐！"}, {"uid": "10504284", "content": "快快快快快快"}, {"uid": "34439669", "content": "快快快快快快快"}, {"uid": "517222813", "content": "珈乐我爱你"}, {"uid": "39811370", "content": "0000000"}, {"uid": "56315684", "content": "欧洗给欧洗给欧洗给"}, {"uid": "5293059", "content": "快快快快快快快快快"}, {"uid": "11995420", "content": "快快快快快快快"}, {"uid": "315981860", "content": "pooo"}, {"uid": "7075521", "content": "乐乐乐乐乐乐乐乐乐乐"}, {"uid": "633229187", "content": "乐乐乐乐乐乐乐乐乐乐乐乐乐乐"}, {"uid": "391287009", "content": "贝拉"}, {"uid": "37296411", "content": "准备"}, {"uid": "244928639", "content": "快快快快快快快快快"}, {"uid": "244928639", "content": "快快快快快快快快快"}, {"uid": "8045710", "content": "快快快快快快快快快快快快快"}, {"uid": "594367832", "content": "风情"}, {"uid": "27584578", "content": "快快快快快快快快快快快快"}, {"uid": "8045710", "content": "坎坎坷坷看坎坎坷坷"}, {"uid": "357891900", "content": "快快快"}, {"uid": "8175732", "content": "乐乐乐乐"}, {"uid": "11468296", "content": "皇珈骑士冲冲冲"}, {"uid": "1448968", "content": "快快快"}, {"uid": "285745719", "content": "快快快快快快快快快快快"}, {"uid": "233564689", "content": "00000"}, {"uid": "489513034", "content": "快快快快"}, {"uid": "34204687", "content": "泥哥泥哥快走开"}, {"uid": "506795601", "content": "快快快快快快快快"}, {"uid": "28625593", "content": "好汉 好汉 欧内的手"}, {"uid": "28625593", "content": "不必要的事发生 欧西给"}, {"uid": "28625593", "content": "（来来）"}, {"uid": "28625593", "content": "铸币"}, {"uid": "8232415", "content": "快快快快快快"}, {"uid": "731348", "content": "快 快快快 快快"}, {"uid": "11212988", "content": "快快快快快快快快快"}, {"uid": "11212988", "content": "快快快快快快快快快"}, {"uid": "11212988", "content": "快快快快快快快快快"}, {"uid": "390129737", "content": "溜大了"}, {"uid": "186678547", "content": "快快快快快快快"}, {"uid": "7551988", "content": "乐乐乐乐乐乐乐"}, {"uid": "16843406", "content": "快快快快快快快快快快快快快"}, {"uid": "72331764", "content": "0000000"}, {"uid": "42798074", "content": "快 快快 快快 快快 大脑在牵引 歪 歪歪 歪歪 歪歪疯狂的着迷 荷尔蒙陷阱 请带我逃离"}, {"uid": "3378246", "content": "珈乐！"}, {"uid": "252398045", "content": "快快快快快快"}, {"uid": "34585310", "content": "快快快快快快快快快快快快快"}, {"uid": "604208879", "content": "溜大了"}, {"uid": "1714743", "content": "快快快快快"}, {"uid": "13970608", "content": "快快快快快快块"}, {"uid": "95967442", "content": "快快快快快"}, {"uid": "310151363", "content": "嘉然"}, {"uid": "158783", "content": "快快快快快快快快快快快快"}, {"uid": "1372626016", "content": "抚媚"}, {"uid": "34426511", "content": "快快快快快快快快快快"}, {"uid": "12359882", "content": "快快快快快"}, {"uid": "440522200", "content": "快快快"}, {"uid": "45934163", "content": "快快快快快"}, {"uid": "67068304", "content": "这个是谁啊？"}, {"uid": "435406058", "content": "快快快快快快快快快快快快"}, {"uid": "9341319", "content": "快快快快快快 大脑在牵引 歪歪歪歪歪歪 疯狂地着迷"}, {"uid": "284153694", "content": "听着挺好的呀，是弹幕眼光高，还是我低了"}, {"uid": "291433595", "content": "快快快快快快"}, {"uid": "595423469", "content": "嘉门"}, {"uid": "228401162", "content": "快快快快快快快快快快快快快"}, {"uid": "9280162", "content": "快快快快快快 大脑在牵引 歪歪歪歪歪歪 疯狂地着迷"}, {"uid": "89369301", "content": "珈乐好耶"}, {"uid": "7361692", "content": "皇珈骑士团，冲锋！"}, {"uid": "299374019", "content": "快快快快快快快快快快快快快快"}, {"uid": "14824525", "content": "快快快快快快快快快"}, {"uid": "5866474", "content": "快快快快快快快快快快快快"}, {"uid": "3749274", "content": "快快快快"}, {"uid": "34357325", "content": "净化弹幕"}, {"uid": "28587428", "content": "珈乐"}, {"uid": "38859447", "content": "快快快快快"}, {"uid": "351395420", "content": "老婆老婆老婆"}, {"uid": "170237424", "content": "快快快块"}, {"uid": "1270185", "content": "快快快快快快快"}, {"uid": "95949451", "content": "快快快快快快快快快快快"}, {"uid": "13474987", "content": "快快快快快快快"}, {"uid": "13120138", "content": "快 快快 快快 快快 大脑在牵引 歪 歪歪 歪歪 歪歪疯狂的着迷 荷尔蒙陷阱 请带我逃离"}, {"uid": "13120138", "content": "快 快快 快快 快快 大脑在牵引 歪 歪歪 歪歪 歪歪疯狂的着迷 荷尔蒙陷阱 请带我逃离"}, {"uid": "13120138", "content": "快 快快 快快 快快 大脑在牵引 歪 歪歪 歪歪 歪歪疯狂的着迷 荷尔蒙陷阱 请带我逃离"}, {"uid": "482626835", "content": "快 快快快 快快"}, {"uid": "482626835", "content": "快快快块快"}, {"uid": "482626835", "content": "快快快快快"}, {"uid": "409244810", "content": "找不到啊"}, {"uid": "255886329", "content": "爱了"}, {"uid": "1634591", "content": "我投降了我投降了"}, {"uid": "60516674", "content": "冲冲冲"}, {"uid": "407545634", "content": "就这"}, {"uid": "23286756", "content": "然然姐姐未来可期(●✿∀✿●)"}, {"uid": "23286756", "content": "愿以温柔岁月赴你梦想之约┴┴~(≧▽≦)/~┴┴"}, {"uid": "23286756", "content": "嘉然是我女神，媚眼含羞合丹唇逐笑开(ღ˘⌣˘ღ)"}, {"uid": "23286756", "content": "虚拟天使嘉然然(๑• . •๑)"}, {"uid": "7975839", "content": "这段不错"}, {"uid": "7640031", "content": "快快快快快快"}, {"uid": "30812368", "content": "乐乐乐乐乐乐乐乐乐乐乐乐乐乐"}, {"uid": "201170009", "content": "快快快快快快"}, {"uid": "355643755", "content": "快快快快快快"}, {"uid": "1363722388", "content": "快快快快快快"}, {"uid": "1363722388", "content": "困"}, {"uid": "27542639", "content": "快快快快快快快"}, {"uid": "23650138", "content": "快快快快快快快快快"}, {"uid": "37408926", "content": "快快快快快快"}, {"uid": "37408926", "content": "快快快快快快"}, {"uid": "35907886", "content": "快快快快快！"}, {"uid": "33749463", "content": "快快快快快快快快快快快"}, {"uid": "481392215", "content": "快快快快快快"}, {"uid": "435707811", "content": "50w记录"}, {"uid": "402949207", "content": "啊啊啊啊啊啊啊啊"}, {"uid": "491547191", "content": "快快快"}, {"uid": "1766742010", "content": "琳！"}, {"uid": "282641827", "content": "快快快快快快快快快快快快"}, {"uid": "87888290", "content": "00000000"}, {"uid": "351134103", "content": "老婆老婆老婆"}, {"uid": "278351756", "content": "快快快快快快快快快"}, {"uid": "7089537", "content": "快快快快快快快"}, {"uid": "487326108", "content": "快快快快快快快快快快快快快快"}, {"uid": "34425969", "content": "快快快快快快"}, {"uid": "9497342", "content": "快快快快快快快快"}, {"uid": "20665350", "content": "快快快快快快快"}, {"uid": "63446403", "content": "快快快快快快快快快快快"}, {"uid": "649843455", "content": "快快快快快快"}, {"uid": "434598305", "content": "快快快快快快"}, {"uid": "336463458", "content": "快快快快快快快快快快快快快快"}, {"uid": "148983517", "content": "快快快快快"}, {"uid": "6478274", "content": "快快快快快快快快快快快快"}, {"uid": "1559172", "content": "快快快快快快快快快快"}, {"uid": "402261980", "content": "啊啊啊啊"}, {"uid": "354087804", "content": "歪歪歪歪歪歪歪歪歪歪歪歪"}, {"uid": "354087804", "content": "每日一溜"}, {"uid": "8082348", "content": "快 快快 快快 快快"}, {"uid": "227273", "content": "快快快快快快快快快快"}, {"uid": "159102855", "content": "快快快快快快"}, {"uid": "383386266", "content": "战神遗迹"}, {"uid": "65347616", "content": "快快快快"}, {"uid": "37597613", "content": "靠靠靠靠靠靠靠靠靠靠靠靠靠"}, {"uid": "456204568", "content": "快快快快快快快快快快"}, {"uid": "37339443", "content": "乐乐乐乐乐乐乐乐乐"}, {"uid": "479830570", "content": "珈乐珈乐珈乐珈乐"}, {"uid": "365736226", "content": "好好好好好好好好"}, {"uid": "151308964", "content": "快快快快快快快快快快快快"}, {"uid": "13353793", "content": "乐！"}, {"uid": "3486938", "content": "快快快快快"}, {"uid": "35551056", "content": "快快快快快快快快快快"}, {"uid": "433121051", "content": "快快快快快"}, {"uid": "200676164", "content": "乃老师的独唱！"}, {"uid": "160170682", "content": "快快快快快快快快"}, {"uid": "15064707", "content": "快快快快快快快快快"}, {"uid": "355909425", "content": "快快快快快"}, {"uid": "29418567", "content": "快快快快快快快"}, {"uid": "1965112303", "content": "kksk"}, {"uid": "3585598", "content": "快快快快快快"}, {"uid": "15485359", "content": "快快快快快快快快快"}, {"uid": "85110524", "content": "珈乐你带我走把珈乐你带我走吧"}, {"uid": "647008336", "content": "风情"}, {"uid": "240358737", "content": "快快快快快快快快快"}, {"uid": "79896279", "content": "快快快快快快快快快快快快快快"}, {"uid": "79896279", "content": "快快快快快快快快快快快快快快"}, {"uid": "13906526", "content": "快快快"}, {"uid": "434639736", "content": "快快快快快快快"}, {"uid": "281419668", "content": "快快快快快快快快快快快"}, {"uid": "50520176", "content": "乐乐乐乐乐！"}, {"uid": "27009358", "content": "珈乐！"}, {"uid": "385196837", "content": "快快快快快快"}, {"uid": "347745477", "content": "快快快快快快快"}, {"uid": "5726175", "content": "泥哥泥哥快走开"}, {"uid": "26578436", "content": "歌还行啊"}, {"uid": "7075521", "content": "乐乐乐乐乐乐"}, {"uid": "17911694", "content": "快快快快"}, {"uid": "7503494", "content": "乐"}, {"uid": "15211408", "content": "快快快快"}, {"uid": "4897423", "content": "琳琳琳琳琳琳琳琳琳琳"}, {"uid": "900940", "content": "快快快快快快快"}, {"uid": "168918743", "content": "快快快快快快快"}, {"uid": "37252851", "content": "烧"}, {"uid": "12177851", "content": "乐乐乐乐乐乐"}, {"uid": "81422649", "content": "快快快快快快快快快快快快"}, {"uid": "81422649", "content": "快快快快快快快快快快快快"}, {"uid": "81422649", "content": "快快快快快快"}, {"uid": "5755152", "content": "什么cool girl"}, {"uid": "22142388", "content": "爆杀泥哥"}, {"uid": "226374039", "content": "拉姐"}, {"uid": "26535938", "content": "嘘！keep it quiet"}, {"uid": "302271731", "content": "虚空虚空虚空虚空"}, {"uid": "26535938", "content": "00000"}, {"uid": "353253406", "content": "快快快快快快快快"}, {"uid": "37425537", "content": "快快快快快快快快快快"}, {"uid": "75589312", "content": "快快快快快快"}, {"uid": "28625593", "content": "冲纳尔 冲纳尔"}, {"uid": "16918335", "content": "泥哥泥哥泥!"}, {"uid": "23336925", "content": "快快快快快快快快快快快快快"}, {"uid": "232988103", "content": "快快快快快快快快快快"}, {"uid": "11621965", "content": "快快快快快快快快"}, {"uid": "21594909", "content": "快快快快快快快快快快快快"}, {"uid": "478154", "content": "快快快快快"}, {"uid": "351710023", "content": "快快快快快快快快快快快"}, {"uid": "323953409", "content": "快快快快快快快快快"}, {"uid": "12885285", "content": "快看"}, {"uid": "8131449", "content": "调整呼吸 Like ah ah  卸下防备 Like I AM In your heart  光怪陆离冒险 精彩不断上演"}, {"uid": "15299820", "content": "快快快快快快快快快快快快快快"}, {"uid": "440522200", "content": "快快快快快快快快"}, {"uid": "95949451", "content": "快快快快快快快快快快快快"}, {"uid": "274595667", "content": "真不错啊真不错"}, {"uid": "310151363", "content": "快快快快快快快快快快快快"}, {"uid": "255455626", "content": "快快快快快"}, {"uid": "8306660", "content": "晚指导这修了多少啊 普通话都整出来了"}, {"uid": "39098650", "content": "快快快快快快快快快"}, {"uid": "86713495", "content": "快快快"}, {"uid": "14824525", "content": "快快快快快快快快快"}, {"uid": "435562691", "content": "炫神归位！"}, {"uid": "228401162", "content": "快快快快快快快快快快快快快"}, {"uid": "351395420", "content": "vocal担当 珈乐"}]