[{"uid": "19918098", "content": "联盟号舱内实况"}, {"uid": "109136770", "content": "经典各跳各的"}, {"uid": "37862183", "content": "暂停成功"}, {"uid": "3472152", "content": "日常想成为阿草"}, {"uid": "14631158", "content": "好耶！"}, {"uid": "273092915", "content": "像这样大家一起跳舞吧！"}, {"uid": "273092915", "content": "偶尔也要不那么依赖哥哥哟"}, {"uid": "273092915", "content": "幸せの秘訣 それは笑顔でしょ !"}, {"uid": "273092915", "content": "幸福的秘诀就是一直绽开笑颜吧"}, {"uid": "273092915", "content": "舒缓表情 放松全身"}, {"uid": "273092915", "content": "日頃の事情も伏すのに"}, {"uid": "273092915", "content": "それじゃあ まずはこうして ハムスターのポーズ"}, {"uid": "273092915", "content": "首先像这样做个仓鼠的姿势"}, {"uid": "286511873", "content": "来了"}, {"uid": "273092915", "content": "たまにはね お兄ちゃんのぽっぽ見てないでさあ"}, {"uid": "273092915", "content": "把今天的事情都先忘记"}, {"uid": "62032750", "content": "风情"}, {"uid": "120539296", "content": "黑暗森林了属于是"}, {"uid": "13479883", "content": "烧"}, {"uid": "273092915", "content": "こうして 一緒に踊ろうよ !"}, {"uid": "273092915", "content": "表情 緩めて 全身 力を抜いて"}, {"uid": "273092915", "content": "次は決めポーズ さあ行きますわよ！"}, {"uid": "7021907", "content": "好大的邪恶"}, {"uid": "5202249", "content": "就好这口"}, {"uid": "138572478", "content": "？？？？？"}, {"uid": "7273283", "content": "冲了"}, {"uid": "36654432", "content": "这太燃了"}, {"uid": "108186385", "content": "感谢底下字幕"}, {"uid": "108186385", "content": "没人？"}, {"uid": "273092915", "content": "接下来要做的姿势，要开始了哟！"}, {"uid": "83148453", "content": "好耶"}, {"uid": "37222406", "content": "不许好"}, {"uid": "13028363", "content": "好晃啊好"}, {"uid": "273092915", "content": "不开心吗？怎么可能不开心呢！"}, {"uid": "409244810", "content": "？？"}, {"uid": "242486201", "content": "感谢字幕君"}, {"uid": "255162301", "content": "反转了，我不爱看开播，我就爱看前面的内容！"}, {"uid": "166667414", "content": "没人？"}, {"uid": "90266357", "content": "好耶"}, {"uid": "273092915", "content": "楽しくない ? 楽しくなくなくない"}]