[{"uid": "26060216", "content": "现在去结婚还来得及吗"}, {"uid": "13013181", "content": "贝拉真的太有范了"}, {"uid": "1785767", "content": "这个BGM选择很有心了，当初魔力红也是在婚礼上给人惊喜"}, {"uid": "37767423", "content": "贝拉衣服后面原来长这样 金闪闪的"}, {"uid": "13120138", "content": "时  刻  回  应  爱"}, {"uid": "1541289", "content": "时刻回应爱！！"}, {"uid": "50318245", "content": "晚指导跳舞不会拉"}, {"uid": "27387292", "content": "时刻回应爱！"}, {"uid": "7720483", "content": "这个贝拉的腿比直播的时候要细呀"}, {"uid": "6455", "content": "贝拉衣服后面原来长这样 金闪闪的"}, {"uid": "219456", "content": "晚晚表现的这么好，说明没少挨铁棍"}, {"uid": "37102171", "content": "我遭不住了，偶像是干这个的？"}, {"uid": "6477174", "content": "时刻回应爱"}, {"uid": "36197099", "content": "经典手忙脚乱"}, {"uid": "616769", "content": "时刻回应爱"}, {"uid": "3610156", "content": "时刻回应爱！！！！！！！！"}, {"uid": "60208382", "content": "什么婚庆公司"}, {"uid": "482626835", "content": "时刻回应爱"}, {"uid": "7331613", "content": "再跳乃琳就窒息了"}, {"uid": "421468000", "content": "这才是时刻回应爱！"}, {"uid": "35509911", "content": "什么宠粉v"}, {"uid": "21619509", "content": "时刻回应爱是吧"}, {"uid": "583639845", "content": "时刻回应爱"}, {"uid": "357934523", "content": "我急了"}, {"uid": "1478689", "content": "我不能接受！"}, {"uid": "104592622", "content": "等我葬礼我也整一个"}, {"uid": "113699232", "content": "原来大家都是叛忍"}, {"uid": "1329793", "content": "胸是会摇的！！"}, {"uid": "6475466", "content": "时刻回应爱！"}, {"uid": "219456", "content": "时刻回应爱"}, {"uid": "171477172", "content": "时刻回应爱"}, {"uid": "32170555", "content": "我急了，手机电脑全砸了"}, {"uid": "367944", "content": "辰太太麻了"}, {"uid": "33334726", "content": "麻了"}, {"uid": "19872737", "content": "绷不住了"}, {"uid": "19603803", "content": "时刻回应爱"}, {"uid": "14106209", "content": "晚晚的拉太明显了"}, {"uid": "429080", "content": "战斗吧asoul,时刻回应爱!"}, {"uid": "7388254", "content": "4k好清楚"}, {"uid": "22615999", "content": "时刻回应爱！"}, {"uid": "175529337", "content": "呜呜呜 我好酸 你们五个谁和我结婚可以吗"}, {"uid": "31233746", "content": "时刻回应爱！！"}, {"uid": "27599260", "content": "我急了我急了我急了"}, {"uid": "290833688", "content": "我急了我酸了"}, {"uid": "89369470", "content": "我酸了"}, {"uid": "482626835", "content": "时刻回应爱"}, {"uid": "227753164", "content": "时刻回应爱"}, {"uid": "40979553", "content": "我酸了我酸了"}, {"uid": "4843657", "content": "贝拉 艾拉"}, {"uid": "1319407", "content": "我急了"}, {"uid": "55727021", "content": "削个，椰子皮"}, {"uid": "35947452", "content": "我不能接受"}, {"uid": "7579719", "content": "时刻回应爱！"}, {"uid": "572191", "content": "我破防了"}, {"uid": "34480645", "content": "真给我急了"}, {"uid": "7326777", "content": "时刻回应爱！"}, {"uid": "35509911", "content": "好，我gachi了"}, {"uid": "8208411", "content": "向晚好起来了？"}, {"uid": "21619509", "content": "???????????"}, {"uid": "4193922", "content": "晚指导怎么不拉了呜呜呜"}, {"uid": "2436125", "content": "晚指导这也能拉啊"}, {"uid": "86647544", "content": "我不能接受"}, {"uid": "95059979", "content": "我急了"}, {"uid": "22829803", "content": "我急了"}, {"uid": "55727021", "content": "削个，椰子皮"}, {"uid": "305824151", "content": "珈乐太A了"}, {"uid": "9036616", "content": "感动"}, {"uid": "482626835", "content": "时刻回应爱"}, {"uid": "11613319", "content": "好看！"}, {"uid": "4843657", "content": "贝拉 ❤️"}, {"uid": "26249803", "content": "各跳各的"}, {"uid": "16892903", "content": "我不能接受"}, {"uid": "19438288", "content": "经典个跳个"}, {"uid": "449218071", "content": "跳得好好哦"}, {"uid": "470347705", "content": "封面第二个是板鸭吗"}, {"uid": "257303", "content": "晚指导拉都是pr，还没看出来么？"}, {"uid": "21610165", "content": "乃琳向晚该挨棍了"}, {"uid": "185503508", "content": "麻了"}, {"uid": "18750910", "content": "我酸了xdm"}, {"uid": "15730133", "content": "帅帅帅帅帅帅"}, {"uid": "662922436", "content": "牛！"}, {"uid": "35327513", "content": "我急了"}, {"uid": "74193226", "content": "麻了"}, {"uid": "481986390", "content": "？？？"}, {"uid": "50318245", "content": "辰先生呢"}, {"uid": "205272521", "content": "好看"}, {"uid": "7975839", "content": "时刻回应薆！"}, {"uid": "24350577", "content": "嘉门"}, {"uid": "40979553", "content": "？？？？？？"}, {"uid": "663041565", "content": "好丝滑"}, {"uid": "1210142043", "content": "我接受不了"}, {"uid": "701995841", "content": "然然"}, {"uid": "9036616", "content": "呜呜呜"}, {"uid": "50318245", "content": "柠檬柠檬柠檬柠檬"}, {"uid": "35696576", "content": "真好啊"}, {"uid": "455071182", "content": "币有"}, {"uid": "427218", "content": "？？？？？？？？？？？？？？？？？？？？？？？？？？？？？？？"}]