[{"uid": "18343394", "content": "拜拜拜拜"}, {"uid": "698355368", "content": "好好休息"}, {"uid": "34836755", "content": "拜拜"}, {"uid": "18343394", "content": "刚回来就拜拜？"}, {"uid": "698355368", "content": "师姐拜拜"}, {"uid": "9119045", "content": "888"}, {"uid": "7833978", "content": "拜拜拜拜"}, {"uid": "1457515", "content": "拜拜"}, {"uid": "1457515", "content": "混沌大姐頭"}, {"uid": "34836755", "content": "初见，这就是清楚师姐吗，单推了"}, {"uid": "12046530", "content": "妈耶"}, {"uid": "1457515", "content": "媽耶。。。"}, {"uid": "698355368", "content": "日常阿巴阿巴"}, {"uid": "1457515", "content": "剛才是不是嘴糊了一下？"}, {"uid": "1457515", "content": "？"}, {"uid": "18058907", "content": "好家伙"}, {"uid": "450245822", "content": "划水还划错地方！"}, {"uid": "18343394", "content": "发东西手抖了"}, {"uid": "7833978", "content": "扔了吧"}, {"uid": "7833978", "content": "这仓鼠不能要了"}, {"uid": "18058907", "content": "好听啊"}, {"uid": "34836755", "content": "好听"}, {"uid": "698355368", "content": "hhhhh"}, {"uid": "18343394", "content": "了淦"}, {"uid": "18343394", "content": "发错来"}, {"uid": "18343394", "content": "ohhhhhhhhh"}, {"uid": "18343394", "content": "我是来免费听歌的"}, {"uid": "18343394", "content": "笑死"}, {"uid": "18343394", "content": "好家伙"}, {"uid": "18343394", "content": "师姐唱的好棒"}, {"uid": "18343394", "content": "谦虚了谦虚了"}, {"uid": "18343394", "content": "好强"}, {"uid": "18343394", "content": "好家伙"}, {"uid": "7833978", "content": "？？？"}, {"uid": "18343394", "content": "笑死"}, {"uid": "18343394", "content": "饮茶吧"}, {"uid": "9119045", "content": "三点几了"}, {"uid": "7833978", "content": "饮茶先"}, {"uid": "7833978", "content": "三点几了"}, {"uid": "18343394", "content": "笑死"}, {"uid": "7833978", "content": "只要思想不滑坡想法总比困难多"}, {"uid": "76745726", "content": "笑死"}, {"uid": "7833978", "content": "草"}, {"uid": "450245822", "content": "替身？"}, {"uid": "18343394", "content": "上面的是驾驶员下面的是机体"}, {"uid": "34836755", "content": "这么可爱的小白怜可以带回家吗"}, {"uid": "18343394", "content": "那个是替身"}, {"uid": "7833978", "content": "垫子？"}, {"uid": "18343394", "content": "好家伙"}, {"uid": "363422598", "content": "头上那个屑是本体吧"}, {"uid": "7833978", "content": "爱新觉罗五阿哥"}, {"uid": "18343394", "content": "好强"}, {"uid": "18343394", "content": "怎么就变了？"}, {"uid": "7833978", "content": "你别动！"}, {"uid": "17376964", "content": "师姐会唱冠世一战吗"}, {"uid": "34836755", "content": "这个猫耳朵可以拆卸吗"}, {"uid": "18343394", "content": "好家伙"}, {"uid": "7833978", "content": "头上"}, {"uid": "7833978", "content": "是小白怜！"}, {"uid": "18343394", "content": "师姐好甜"}, {"uid": "18343394", "content": "我要得糖尿病了"}, {"uid": "1270376867", "content": "好听好听好听"}, {"uid": "18343394", "content": "好甜救命"}, {"uid": "524947577", "content": "哇"}, {"uid": "18343394", "content": "什么嘛这不是唱的超好麻"}, {"uid": "18343394", "content": "蜜雪冰城"}, {"uid": "7833978", "content": "开大声"}, {"uid": "18343394", "content": "冰雪蜜城"}, {"uid": "18343394", "content": "甜蜜蜜"}, {"uid": "18343394", "content": "甜！"}, {"uid": "76745726", "content": "阿里嘎多裹扎伊马斯"}, {"uid": "13781140", "content": " \\师姐/\\师姐/\\师姐/\\师姐/\\师姐/"}, {"uid": "18343394", "content": "我笑死了"}, {"uid": "7833978", "content": "决定给仓鼠续一下"}, {"uid": "7833978", "content": "大家都笑了"}, {"uid": "18343394", "content": "刚说不笑"}, {"uid": "7833978", "content": "让我复制一下"}, {"uid": "7833978", "content": "来点打call的"}, {"uid": "76745726", "content": "十分钟"}, {"uid": "18343394", "content": "我恨啊啊啊啊啊"}, {"uid": "18343394", "content": "啊啊啊啊啊"}, {"uid": "76745726", "content": "仓鼠想听"}, {"uid": "18343394", "content": "又开始了是吗"}, {"uid": "76745726", "content": "师姐可不可以笑笑"}, {"uid": "18343394", "content": "？？？"}, {"uid": "7833978", "content": "？？？"}, {"uid": "7833978", "content": "笑死"}, {"uid": "325384143", "content": "天变了，师姐直播不水群了"}, {"uid": "7833978", "content": "笑死"}, {"uid": "34836755", "content": "师姐声音好听"}, {"uid": "34836755", "content": "师姐这是在说自己吗"}, {"uid": "18343394", "content": "好家伙"}, {"uid": "248562629", "content": "度仙门白师姐"}, {"uid": "7833978", "content": "拼一个一百级"}, {"uid": "7833978", "content": "师姐我开几个小号"}, {"uid": "7833978", "content": "好家伙"}, {"uid": "450245822", "content": "貌似是天尊来着"}, {"uid": "8205417", "content": "在？师姐看看道韵？"}, {"uid": "248562629", "content": "天生圣人胜天半子白怜帝君"}, {"uid": "18343394", "content": "笑死"}, {"uid": "34836755", "content": "这就是三年元婴的大师姐吗"}, {"uid": "450245822", "content": "天尊？"}, {"uid": "698355368", "content": "什么，不是天尊吗？"}, {"uid": "1704410", "content": "明明是转世大帝"}, {"uid": "7833978", "content": "普普通通天生圣人"}, {"uid": "18343394", "content": "妖魔鬼怪他怎么就那么多！"}, {"uid": "8205417", "content": "啊？天生圣人来直播了？^^"}, {"uid": "450245822", "content": "？"}, {"uid": "76745726", "content": "？"}, {"uid": "698355368", "content": "导师开会，偷看师姐直播"}, {"uid": "76745726", "content": "但我就是不走"}, {"uid": "76745726", "content": "任务结束了"}, {"uid": "23015177", "content": "？仓鼠你闭嘴"}, {"uid": "67843445", "content": "自己人自己人，"}, {"uid": "18343394", "content": "灵堂混响没开？"}, {"uid": "18343394", "content": "好家伙"}, {"uid": "7833978", "content": "笑死"}, {"uid": "7833978", "content": "晒个衣服"}, {"uid": "18343394", "content": "笑死"}, {"uid": "437891653", "content": "任务完成，溜了溜了，师姐拜拜"}, {"uid": "18343394", "content": "金毛扭头珍奶加冰"}, {"uid": "7833978", "content": "这奶茶不喝也罢"}, {"uid": "325384143", "content": "那，给我一杯你说的那qq捏捏好喝到乜铺茶"}, {"uid": "34836755", "content": "师姐提醒我该点奶茶了"}, {"uid": "7833978", "content": "笑死"}, {"uid": "1457515", "content": "天天哭金毛╮(￣▽￣)╭(〜￣△￣)〜"}, {"uid": "18343394", "content": "好家伙"}, {"uid": "18343394", "content": "珍珠奶茶"}, {"uid": "7833978", "content": "她说记得我最喜欢吃的就是珍珠"}, {"uid": "325384143", "content": "三点給下播去买奶茶吗"}, {"uid": "18343394", "content": "有珍珠有奶茶所以"}, {"uid": "7833978", "content": "加珍珠"}, {"uid": "7833978", "content": "我不喝珍珠，我姐上次给我点了一杯珍珠奶茶"}, {"uid": "1704410", "content": "羊奶有吗"}, {"uid": "1457515", "content": "什麼時候有小白"}, {"uid": "18343394", "content": "珍奶加冰"}, {"uid": "7833978", "content": "来一杯珍珠奶茶不要珍珠三分去冰"}, {"uid": "7833978", "content": "他们那是大乱斗"}, {"uid": "18343394", "content": "这龙井味道好浓阿"}, {"uid": "7833978", "content": "他们那是打牌么"}, {"uid": "7833978", "content": "要看小白怜"}, {"uid": "7833978", "content": "整明白了"}, {"uid": "18343394", "content": "想下班直说"}, {"uid": "34836755", "content": "想溜了"}, {"uid": "18343394", "content": "要"}, {"uid": "7833978", "content": "没人看就可以下播了"}, {"uid": "450245822", "content": "哈哈"}, {"uid": "7833978", "content": "师姐是想下播了吧"}, {"uid": "18343394", "content": "我就有水"}, {"uid": "18343394", "content": "笑死"}, {"uid": "698355368", "content": "播猫和老鼠也没事"}, {"uid": "7833978", "content": "可以暗杀了"}, {"uid": "7833978", "content": "小夜出门了？"}, {"uid": "18343394", "content": "我们任务做完了"}, {"uid": "698355368", "content": "那睡会"}, {"uid": "18343394", "content": "睡吧"}, {"uid": "20826133", "content": "。"}, {"uid": "7833978", "content": "困了睡吧"}, {"uid": "12864846", "content": "我有事先走了，师姐拜拜"}, {"uid": "18343394", "content": "五星级小区模拟器"}, {"uid": "7833978", "content": "一键清空（一键删除愿望单"}, {"uid": "18343394", "content": "好家伙"}, {"uid": "7833978", "content": "万w限定回"}, {"uid": "1704410", "content": "附议"}, {"uid": "34836755", "content": "好友那边找到的"}, {"uid": "7833978", "content": "随机找一个舰长清空愿望单"}, {"uid": "7833978", "content": "还没更新"}, {"uid": "7833978", "content": "epic"}, {"uid": "7833978", "content": "这周送的什么啊"}, {"uid": "18343394", "content": "刚开始直接大鱼吃小鱼"}, {"uid": "7833978", "content": "所以没有人有"}, {"uid": "7833978", "content": "仓鼠不是人"}, {"uid": "18343394", "content": "我epic有来着"}, {"uid": "18343394", "content": "有点无聊"}, {"uid": "1704410", "content": "鲨鱼模拟器？"}, {"uid": "18343394", "content": "食人鲨一般"}, {"uid": "7833978", "content": "任务做完了下播打游戏"}, {"uid": "7833978", "content": "根据爱好推荐"}, {"uid": "67843445", "content": "缘分啊"}, {"uid": "67843445", "content": "达成成就下午两点逮到白姐"}, {"uid": "7833978", "content": "龙王"}, {"uid": "1704410", "content": "仓鼠啥都有"}, {"uid": "1704410", "content": "什么名字"}, {"uid": "18343394", "content": "水货？"}, {"uid": "34836755", "content": "不愧是仓鼠"}, {"uid": "76745726", "content": "直播间直播间注意注意"}, {"uid": "7833978", "content": "吃点好的吧"}, {"uid": "18343394", "content": "？？？"}, {"uid": "7833978", "content": "这仓鼠"}, {"uid": "7833978", "content": "擅自让大家坐大牢"}, {"uid": "76745726", "content": "笑死"}, {"uid": "495707763", "content": "柠檬"}, {"uid": "495707763", "content": "酸"}, {"uid": "495707763", "content": "嫉妒"}, {"uid": "12864846", "content": "挂路灯下面"}, {"uid": "18343394", "content": "买"}, {"uid": "12864846", "content": "恐怖游戏吗"}, {"uid": "18343394", "content": "笑死"}, {"uid": "1704410", "content": "把月月挂旗杆上？"}, {"uid": "7833978", "content": "师姐救我！"}, {"uid": "7833978", "content": "？？？"}, {"uid": "7833978", "content": "快进到圣女睡田里"}, {"uid": "18343394", "content": "还有天神镇师姐可以看看"}, {"uid": "495707763", "content": "我可以保护你的田"}, {"uid": "495707763", "content": "懂了 师姐想和我培养感情"}, {"uid": "7833978", "content": "结什么婚"}, {"uid": "76745726", "content": "可以在等你一会"}, {"uid": "7833978", "content": "刀了圣女"}, {"uid": "76745726", "content": "笑死"}, {"uid": "18343394", "content": "我有来着"}, {"uid": "18058907", "content": "农场？"}, {"uid": "495707763", "content": "种田 懂了 师姐想和我结婚"}, {"uid": "18343394", "content": "那个游戏一般"}, {"uid": "325384143", "content": "你们难道把年画我猜忘了吗"}, {"uid": "18343394", "content": "斩了朗基努斯"}, {"uid": "7833978", "content": "卤独角红烧六翼清蒸大仓鼠"}, {"uid": "23015177", "content": "笑死"}, {"uid": "9119045", "content": "steam版能联机吧"}, {"uid": "23015177", "content": "好耶"}, {"uid": "23015177", "content": "可以吗"}, {"uid": "23015177", "content": "！"}, {"uid": "18343394", "content": "过关只能两个人"}, {"uid": "18343394", "content": "四个人是互相伤害的"}, {"uid": "7833978", "content": "红烧独角六翼大仓鼠"}, {"uid": "7833978", "content": "今晚给圣女尝尝琼明峰的特色"}, {"uid": "18343394", "content": "你们森林冰火人把"}, {"uid": "34836755", "content": "师姐上热门了好耶"}, {"uid": "18343394", "content": "今年大概能出大概"}, {"uid": "18343394", "content": "明年是上Xbox来着"}, {"uid": "325384143", "content": "那要不你俩比试冰与火之歌(doge)"}, {"uid": "495707763", "content": "查查"}, {"uid": "18343394", "content": "笑死"}, {"uid": "495707763", "content": "不是明年吗"}, {"uid": "9119045", "content": "我和室友在寝室打，全班男生都在后面看"}, {"uid": "7833978", "content": "我先拖出去鲨了"}, {"uid": "7833978", "content": "这仓鼠不能要了"}, {"uid": "18343394", "content": "动物派对大概九月？"}, {"uid": "9119045", "content": "是"}, {"uid": "18343394", "content": "月月直接登飞师姐"}, {"uid": "1704410", "content": "考验友情做好的游戏"}, {"uid": "7833978", "content": "快进到线下pk"}, {"uid": "9119045", "content": "主要是直播效果"}, {"uid": "6682515", "content": "super bunny man?"}, {"uid": "18343394", "content": "笑死"}, {"uid": "1704410", "content": "super Rabit"}, {"uid": "31873815", "content": "hhhhh"}, {"uid": "18343394", "content": "超级兔子人"}, {"uid": "495707763", "content": "黄色？"}, {"uid": "1704410", "content": "双人成行有打地鼠游戏"}, {"uid": "7833978", "content": "两只兔子爱跳舞？"}, {"uid": "31873815", "content": "超级兔子"}, {"uid": "7833978", "content": "月月弯刀"}, {"uid": "143562334", "content": "月月负责厨房，师姐负责分手"}, {"uid": "325384143", "content": "两只兔子的那个是什么游戏？"}, {"uid": "495707763", "content": "你的存在就是这个游戏最大的风险"}, {"uid": "1704410", "content": "火？"}, {"uid": "18343394", "content": "可以让师姐砸月月头"}, {"uid": "495707763", "content": "男友力upup"}, {"uid": "143562334", "content": "月月一个人抗下所有"}, {"uid": "18343394", "content": "双人成行不错"}, {"uid": "7833978", "content": "一个人负责分手"}, {"uid": "495707763", "content": "我还负责保护你"}, {"uid": "34836755", "content": "在座的都跑不了"}, {"uid": "18343394", "content": "金毛快跑把"}, {"uid": "34836755", "content": "月月杀疯了"}, {"uid": "18343394", "content": "好家伙"}, {"uid": "143562334", "content": "危 金毛 危"}, {"uid": "450245822", "content": "笑(⌒▽⌒)"}, {"uid": "495707763", "content": "我带飞师姐"}, {"uid": "7833978", "content": "圣女为何标记我"}, {"uid": "325384143", "content": "分手厨房好耶"}, {"uid": "31873815", "content": "hhhh"}, {"uid": "76745726", "content": "笑死"}, {"uid": "7833978", "content": "？？？"}, {"uid": "1704410", "content": "双人成行"}, {"uid": "495707763", "content": "标记了 金毛"}, {"uid": "143562334", "content": "haha，绝了"}, {"uid": "1704410", "content": "分手厨房"}, {"uid": "7833978", "content": "是分手厨房啊"}, {"uid": "437891653", "content": "直接决斗吗？"}, {"uid": "7833978", "content": "分手厨房"}, {"uid": "7833978", "content": "他的每一个翅膀都是一段故事"}, {"uid": "495707763", "content": "不不 是我们一起玩恋爱的那种"}, {"uid": "143562334", "content": "今天师姐月月必须死一个"}, {"uid": "7833978", "content": "找六翼独角仓鼠吧"}, {"uid": "7833978", "content": "重拳出击了已经是"}, {"uid": "23015177", "content": "笑死"}, {"uid": "495707763", "content": "有没有懂哥推荐下阳间的恋爱游戏"}, {"uid": "1704410", "content": "月月没死师姐就是狼"}, {"uid": "7833978", "content": "好家伙"}, {"uid": "18343394", "content": "直接开启大逃杀"}, {"uid": "143562334", "content": "二刀流的桐谷"}, {"uid": "34836755", "content": "先票月月"}, {"uid": "34836755", "content": "师姐没死内鬼就是月月"}, {"uid": "18343394", "content": "保护师姐先刀师姐"}, {"uid": "1704410", "content": "和同伴一起双刀船员？"}, {"uid": "325384143", "content": "双狼连体，刀了师姐和圣女"}, {"uid": "495707763", "content": "师姐想被刀 悟了"}, {"uid": "18343394", "content": "笑死"}, {"uid": "7833978", "content": "先把师姐刀了 防止师姐紧张"}, {"uid": "34836755", "content": "把月月和师姐一起刀了（贴贴）"}, {"uid": "143562334", "content": "只要把所有人都刀了，师姐就安全了"}, {"uid": "7833978", "content": "输入法问题！"}, {"uid": "495707763", "content": "你打字不严谨啊 给我加title"}, {"uid": "7833978", "content": "为了保护师姐把神圣女刀了"}, {"uid": "1704410", "content": "双刀狼"}, {"uid": "143562334", "content": "直到其中一个人成了内鬼……"}, {"uid": "18343394", "content": "爱之深恨之切"}, {"uid": "495707763", "content": "对 我们当连体婴"}, {"uid": "7833978", "content": "保护师姐"}, {"uid": "18343394", "content": "笑死"}, {"uid": "7833978", "content": "先刀圣女"}, {"uid": "495707763", "content": "no 这种坏人就要cck"}, {"uid": "1704410", "content": "先刀圣人"}, {"uid": "7833978", "content": "笑死"}, {"uid": "34836755", "content": "我可以"}, {"uid": "495707763", "content": "刀你先刀我！"}, {"uid": "18343394", "content": "实际上背后捅刀子"}, {"uid": "34836755", "content": "好耶"}, {"uid": "7833978", "content": "我不在啊"}, {"uid": "18343394", "content": "我保护金毛"}, {"uid": "6682515", "content": "是联动 好耶"}, {"uid": "18343394", "content": "那次我都来"}, {"uid": "495707763", "content": "不会的 我保护你"}, {"uid": "7833978", "content": "我装的"}, {"uid": "7833978", "content": "保护师姐"}, {"uid": "495707763", "content": "愿意 就说近距离d师姐"}, {"uid": "18343394", "content": "我来我来"}, {"uid": "1704410", "content": "来"}, {"uid": "495707763", "content": "够用"}, {"uid": "9055146", "content": "手机端怎么是广告"}, {"uid": "495707763", "content": "很多"}, {"uid": "7833978", "content": "？？？"}, {"uid": "495707763", "content": "不用再打mod了 更新了"}, {"uid": "18343394", "content": "16个把"}, {"uid": "1704410", "content": "10？"}, {"uid": "437891653", "content": "15个"}, {"uid": "495707763", "content": "16个了吧"}, {"uid": "2224038", "content": "今天封面怎么变的抽象了"}, {"uid": "325384143", "content": "天堂"}, {"uid": "143562334", "content": "acgn线下联动现场：吃我一剑华夏第一剑"}, {"uid": "34836755", "content": "四字提督肯定在"}, {"uid": "450245822", "content": "在里面扔几个内鬼"}, {"uid": "7833978", "content": "这些全是师姐d的时候抓到的"}, {"uid": "6682515", "content": "笑死 我打我自己"}, {"uid": "1704410", "content": "金毛"}, {"uid": "7833978", "content": "思迈尔维尔"}, {"uid": "495707763", "content": "臣附议"}, {"uid": "7833978", "content": "天堂"}, {"uid": "7833978", "content": "桐谷"}, {"uid": "7833978", "content": "仓鼠"}, {"uid": "7833978", "content": "笑死"}, {"uid": "495707763", "content": "桐谷让你整明白了"}, {"uid": "34836755", "content": "我觉得可以"}, {"uid": "1704410", "content": "？？？"}, {"uid": "143562334", "content": "桐谷：她俩想打我，她们心里有我！"}, {"uid": "1704410", "content": "我不是，我没有，别瞎说"}, {"uid": "495707763", "content": "他不说话 可能是已经期待了"}, {"uid": "437891653", "content": "好！"}, {"uid": "7833978", "content": "两边都在的打就好"}, {"uid": "7833978", "content": "取中间吧"}, {"uid": "18343394", "content": "笑死"}, {"uid": "495707763", "content": "要不我和师姐打你吧"}, {"uid": "495707763", "content": "联动让你整明白了"}, {"uid": "1704410", "content": "圣女代表师姐，师姐代表圣女吧"}, {"uid": "437891653", "content": "好！"}, {"uid": "325384143", "content": "我们的舰长反水"}, {"uid": "18343394", "content": "好家伙"}, {"uid": "2737171", "content": "任务做完了，溜了溜了"}, {"uid": "495707763", "content": "师姐：我打我自己"}, {"uid": "7833978", "content": "我们派出独角六翼大仓鼠"}, {"uid": "143562334", "content": "传下去，师姐教唆舰长打架"}, {"uid": "18343394", "content": "金毛去打架"}, {"uid": "18343394", "content": "笑死"}, {"uid": "7833978", "content": "？？？"}, {"uid": "495707763", "content": "笑死 我也是啊"}, {"uid": "6682515", "content": "打起来打起来"}, {"uid": "495707763", "content": "谁赢了听谁的"}, {"uid": "6682515", "content": "好"}, {"uid": "495707763", "content": "建议双方舰长派出代表先打一架"}, {"uid": "1704410", "content": "不是因为你？！"}, {"uid": "6682515", "content": "确实"}, {"uid": "5684520", "content": "这是高仿"}, {"uid": "2737171", "content": "？？？"}, {"uid": "7833978", "content": "？？？"}, {"uid": "2737171", "content": "这不是圣女么"}, {"uid": "1704410", "content": "送晓月一首错位时空吧"}, {"uid": "495707763", "content": "守望 达咩"}, {"uid": "1457515", "content": "大姐頭你完了（￣▽￣）"}, {"uid": "100456250", "content": "贴贴"}, {"uid": "495707763", "content": "笑死 我带师姐俯冲500分"}, {"uid": "7833978", "content": "来个小白怜"}, {"uid": "7833978", "content": "好哇，等会就去看录播"}, {"uid": "5684520", "content": "月月带师姐上分"}, {"uid": "6682515", "content": "师姐贴贴"}, {"uid": "7833978", "content": "？？？"}, {"uid": "450245822", "content": "……"}, {"uid": "495707763", "content": "师姐贴贴"}, {"uid": "7833978", "content": "是你！"}, {"uid": "37746038", "content": "左边这个是活动啊，我还以为是修仙等级呢"}, {"uid": "7833978", "content": "下星期"}, {"uid": "7833978", "content": "说播半小时做任务的不是师姐么？"}, {"uid": "76745726", "content": "他想和你ow了"}, {"uid": "7833978", "content": "？？？"}, {"uid": "7833978", "content": "师姐下播吧"}, {"uid": "7833978", "content": "好了，任务做完了"}, {"uid": "1457515", "content": "你這樣好嗎？（￣▽￣）（￣▽￣）"}, {"uid": "143562334", "content": "你信我嘛"}, {"uid": "15469971", "content": "快，大家快狡辩一下"}, {"uid": "143562334", "content": "我们在说的是千秋"}, {"uid": "7833978", "content": "都有错觉了"}, {"uid": "7833978", "content": "晓月你是打牌打多了吧"}, {"uid": "108360811", "content": "晓月：我们都变成了我们不想变成的人"}, {"uid": "7833978", "content": "你的错觉"}, {"uid": "37746038", "content": "晓月表示：不我不想"}, {"uid": "2737171", "content": "我感觉你们在说我坏话"}, {"uid": "2737171", "content": "是上班时间啊"}, {"uid": "1704410", "content": "禁音能看弹幕啊"}, {"uid": "76745726", "content": "不是加班"}, {"uid": "2737171", "content": "？？？"}, {"uid": "76745726", "content": "现在是上班时间"}, {"uid": "23015177", "content": "晓月：？"}, {"uid": "108360811", "content": "别说了，突然之间感觉晓月老社畜了"}, {"uid": "23015177", "content": "我笑死"}, {"uid": "15469971", "content": "除非我们中，出了一个叛徒"}, {"uid": "7833978", "content": "什么都没有发生哦"}, {"uid": "7833978", "content": "晓月你来辣"}, {"uid": "37746038", "content": "现在是上班时间！"}, {"uid": "7833978", "content": "？？？"}, {"uid": "143562334", "content": "山上的笋都被夺完了"}, {"uid": "7833978", "content": "晓月最喜欢的娱乐项目就是三点起来打牌！"}, {"uid": "1457515", "content": "大姐頭太壞了。。。"}, {"uid": "18343394", "content": "还喜欢被窝放屁捂着头"}, {"uid": "76745726", "content": "笑死"}, {"uid": "18343394", "content": "笑死"}, {"uid": "2737171", "content": "？？？"}, {"uid": "37746038", "content": "小风车，大脑虎，阿巴阿巴阿巴巴"}, {"uid": "18058907", "content": "？"}, {"uid": "1457515", "content": "媽耶。。。。"}, {"uid": "23015177", "content": "哈哈哈哈哈哈哈哈"}, {"uid": "7833978", "content": "晓月最喜欢加班了！"}, {"uid": "23015177", "content": "夺笋那"}, {"uid": "23015177", "content": "笑死"}, {"uid": "76745726", "content": "悄悄说坏话"}, {"uid": "15469971", "content": "笑死"}, {"uid": "7833978", "content": "三点加班打牌人-晓月"}, {"uid": "9119045", "content": "草"}, {"uid": "1457515", "content": "這樣是不對的哦"}, {"uid": "76745726", "content": "笑死"}, {"uid": "1457515", "content": "嘴巴憨不就是你憨嗎？╮(￣▽￣)╭"}, {"uid": "12864846", "content": "笑死"}, {"uid": "7833978", "content": "晓月你不是要加班么"}, {"uid": "18343394", "content": "给你杨了"}, {"uid": "18343394", "content": "不像"}, {"uid": "7833978", "content": "必加班"}, {"uid": "7833978", "content": "你的小风车和小月一桌"}, {"uid": "1457515", "content": "？嘴巴不是你的？"}, {"uid": "12864846", "content": "啊咧哇，哒咧哒~哒咧哒~哒咧哒"}, {"uid": "37746038", "content": "这不是昨天过生日的晓月大哥吗"}, {"uid": "1457515", "content": "裝瘋賣傻"}, {"uid": "7833978", "content": "不知道哦"}, {"uid": "1704410", "content": "师姐的嘴巴特别憨"}, {"uid": "12864846", "content": "笑死"}, {"uid": "7833978", "content": "喜欢和脑髓的那位"}, {"uid": "7833978", "content": "小夜已经不正常了"}, {"uid": "12864846", "content": "哒咧哒，哒咧哒，哒咧哒"}, {"uid": "1457515", "content": "憨憨也是被大姐頭帶憨的（￣▽￣）"}, {"uid": "7833978", "content": "上一个监督的已经没了"}, {"uid": "2737171", "content": "笑死，真实"}, {"uid": "12864846", "content": "佛系了"}, {"uid": "1457515", "content": "？大姐頭再說什麼？"}, {"uid": "18343394", "content": "我通行证都是买了然后过几天不玩了"}, {"uid": "18343394", "content": "根本打不过"}, {"uid": "76745726", "content": "没看懂这个"}, {"uid": "18343394", "content": "笑死"}, {"uid": "7833978", "content": "笑死"}, {"uid": "12864846", "content": "换装游戏毕竟是"}, {"uid": "12864846", "content": "我玩板车都玩的比他们好"}, {"uid": "12864846", "content": "后面我不想搞了直接就果断放弃这个游戏"}, {"uid": "7833978", "content": "笑死"}, {"uid": "12864846", "content": "我也是，我也想搞那个衣服"}, {"uid": "7833978", "content": "秋秋飞切？"}, {"uid": "2045342061", "content": "高达seed基拉"}, {"uid": "12864846", "content": "通行证真的是强行增加游戏时间（悲）"}, {"uid": "7833978", "content": "红蜘蛛是你么"}, {"uid": "12864846", "content": "麻了"}, {"uid": "2045342061", "content": "有的还能变飞机"}, {"uid": "7833978", "content": "笑死   每个游戏的通行证来一个"}, {"uid": "18343394", "content": "大部分都不行"}, {"uid": "18343394", "content": "有的高达能变形的"}, {"uid": "2045342061", "content": "这不就是变形金刚"}, {"uid": "1704410", "content": "我现在用的颜色"}, {"uid": "7833978", "content": "汽车人变形？"}, {"uid": "355615726", "content": "来了"}, {"uid": "7833978", "content": "？？？"}, {"uid": "7833978", "content": "来点经验卡"}, {"uid": "2045342061", "content": "我的是rg"}, {"uid": "1704410", "content": "抽高级的"}, {"uid": "18343394", "content": "普通的我都得拼一个下午"}, {"uid": "18343394", "content": "我我拼大概要一下午？"}, {"uid": "2045342061", "content": "是00高达"}, {"uid": "2045342061", "content": "还要自己拼了"}, {"uid": "2045342061", "content": "我今天哪也没去就在家里我高达手办回来了"}, {"uid": "1704410", "content": "一次性的任务不考虑"}, {"uid": "7833978", "content": "换个声控的"}, {"uid": "34836755", "content": "抽经验卡"}, {"uid": "34836755", "content": "第一天最高有18级的"}, {"uid": "7833978", "content": "独角？角都给他撇咯"}, {"uid": "1704410", "content": "多了溢出"}, {"uid": "12864846", "content": "hhhh"}, {"uid": "1704410", "content": "一天15满"}, {"uid": "7833978", "content": "仓鼠的翅膀多，我拆点仓鼠的翅膀给师姐"}, {"uid": "12864846", "content": "我也是，我只知道刷礼物就可以了，麻了"}, {"uid": "108360811", "content": "一股游戏手册的味道"}, {"uid": "12864846", "content": "心有余而力不足"}, {"uid": "23015177", "content": "玩不明白这些活动"}, {"uid": "12864846", "content": "感觉我比较佛了对这种活动"}, {"uid": "1704410", "content": "仓鼠两天任务全满。。。"}, {"uid": "18343394", "content": "不29"}, {"uid": "12211886", "content": "仓鼠的目标是150"}, {"uid": "7833978", "content": "来给我的号充吧"}, {"uid": "28516025", "content": "jl"}, {"uid": "143562334", "content": "这就30级了？"}, {"uid": "2737171", "content": "好家伙"}, {"uid": "2737171", "content": "？？？"}, {"uid": "18343394", "content": "但是我还要！"}, {"uid": "1704410", "content": "(〜￣△￣)〜"}, {"uid": "7833978", "content": "仓鼠有了"}, {"uid": "7833978", "content": "我们就是为了抱枕"}, {"uid": "12211886", "content": "冰箱的隔层不是可以抽出来吗"}, {"uid": "18058907", "content": "啊这"}, {"uid": "12864846", "content": "放雪糕那种冰柜就放的下hhhhhh"}, {"uid": "7833978", "content": "只吸脑髓"}, {"uid": "108360811", "content": "5升的大缸可乐"}, {"uid": "143562334", "content": "“吃人”的直播间（指吸食脑髓）"}, {"uid": "18343394", "content": "远程吸食脑髓"}, {"uid": "12211886", "content": "第三次发言……寺"}, {"uid": "7833978", "content": "果然"}, {"uid": "7833978", "content": "吸脑髓"}, {"uid": "9119045", "content": "怎么看直播也有战令了"}, {"uid": "12864846", "content": "大瓶吧"}, {"uid": "18343394", "content": "整个软管吸着喝把"}, {"uid": "18343394", "content": "就超市里的1.5l的大桶可乐"}, {"uid": "12864846", "content": "思想拐了个弯"}, {"uid": "12864846", "content": "想到在嘴里泡面的名场面"}, {"uid": "18343394", "content": "笑死"}, {"uid": "212137298", "content": "啊这"}, {"uid": "12211886", "content": "握着我的抱枕≈"}, {"uid": "108360811", "content": "在梦里也被师姐迫害着"}, {"uid": "12864846", "content": "为了抱枕"}, {"uid": "18343394", "content": "抱着喝"}, {"uid": "18343394", "content": "整个大可乐桶把"}, {"uid": "143562334", "content": "直接换个暖瓶吧"}, {"uid": "12864846", "content": "大缸杯吗"}, {"uid": "7833978", "content": "泡桶茶吧"}, {"uid": "36329344", "content": "摸鱼"}, {"uid": "18343394", "content": "我在梦里都在师姐直播间做任务"}, {"uid": "7833978", "content": "笑死"}, {"uid": "1704410", "content": "23333"}, {"uid": "7833978", "content": "我梦到师姐开播了"}, {"uid": "18343394", "content": "好家伙"}, {"uid": "36329344", "content": "233"}, {"uid": "7833978", "content": "垂死病中惊坐起"}, {"uid": "12211886", "content": "来了"}, {"uid": "23015177", "content": "笑死"}, {"uid": "12864846", "content": "越来越摸"}, {"uid": "7833978", "content": "每天半小时"}, {"uid": "143562334", "content": "立体直播理论"}, {"uid": "108360811", "content": "凌晨好师姐"}, {"uid": "7833978", "content": "谁还敢说师姐摸了"}, {"uid": "484325305", "content": "签到"}, {"uid": "7833978", "content": "播了还没摸"}, {"uid": "18343394", "content": "任务发布NPC白怜"}, {"uid": "7833978", "content": "每天半小时"}, {"uid": "7833978", "content": "这也在你的计算之中么"}, {"uid": "552461", "content": "被迫堇业"}, {"uid": "282845389", "content": "早上好"}, {"uid": "7833978", "content": "好家伙"}, {"uid": "7833978", "content": "笑死"}, {"uid": "7833978", "content": "高兴不知愁来到"}, {"uid": "12864846", "content": "师姐好"}, {"uid": "2737171", "content": "变相的摸了"}, {"uid": "2737171", "content": "每天半小时吧"}, {"uid": "552461", "content": "笑死"}, {"uid": "2737171", "content": "笑死"}, {"uid": "9119045", "content": "xs"}, {"uid": "7833978", "content": "谁惨啊"}, {"uid": "7833978", "content": "笑死"}, {"uid": "34836755", "content": "惊觉（师姐限定）"}, {"uid": "18343394", "content": "笑死"}, {"uid": "2737171", "content": "所以你一天都不能摸"}, {"uid": "18343394", "content": "谢谢师姐让我们做任务"}, {"uid": "7833978", "content": "我都要摸"}, {"uid": "23015177", "content": "哈哈哈哈哈哈哈哈哈哈"}, {"uid": "2737171", "content": "对啊"}, {"uid": "552461", "content": "好家伙"}, {"uid": "7833978", "content": "我们自己做任务"}, {"uid": "7833978", "content": "挂着去上课"}, {"uid": "2737171", "content": "笑死，眼里只有任务"}, {"uid": "18343394", "content": "好啊好啊"}, {"uid": "7833978", "content": "看什么看什么 做任务了"}, {"uid": "1704410", "content": "来了"}, {"uid": "18343394", "content": "听得见"}, {"uid": "18343394", "content": "来了来了"}, {"uid": "698355368", "content": "\\师姐/\\师姐/\\师姐/\\师姐/\\师姐/"}, {"uid": "18343394", "content": "\\师姐/\\师姐/\\师姐/\\师姐/\\师姐/"}, {"uid": "13781140", "content": "\\师姐/\\师姐/\\师姐/\\师姐/\\师姐/"}, {"uid": "18343394", "content": "\\师姐/\\师姐/\\师姐/\\师姐/\\师姐/"}, {"uid": "37746038", "content": "\\大师姐/\\大师姐/\\大师姐/\\大师姐/"}, {"uid": "18343394", "content": "\\师姐/\\师姐/\\师姐/\\师姐/\\师姐/"}, {"uid": "698355368", "content": "\\师姐/\\师姐/\\师姐/\\师姐/\\师姐/"}, {"uid": "18343394", "content": "\\师姐/\\师姐/\\师姐/\\师姐/\\师姐/"}, {"uid": "7833978", "content": "\\师姐/\\师姐/\\师姐/\\师姐/\\师姐/"}, {"uid": "2228007", "content": "\\师姐/\\师姐/\\师姐/\\师姐/\\师姐/"}, {"uid": "18343394", "content": "\\师姐/\\师姐/\\师姐/\\师姐/\\师姐/"}, {"uid": "698355368", "content": "\\师姐/\\师姐/\\师姐/\\师姐/\\师姐/"}, {"uid": "18343394", "content": "\\师姐/\\师姐/\\师姐/\\师姐/\\师姐/"}, {"uid": "18343394", "content": "\\师姐/\\师姐/\\师姐/\\师姐/\\师姐/"}, {"uid": "18343394", "content": "\\师姐/\\师姐/\\师姐/\\师姐/\\师姐/"}, {"uid": "18343394", "content": "\\师姐/\\师姐/\\师姐/\\师姐/\\师姐/"}, {"uid": "18343394", "content": "\\师姐/\\师姐/\\师姐/\\师姐/\\师姐/"}, {"uid": "18343394", "content": "\\师姐/\\师姐/\\师姐/\\师姐/\\师姐/"}, {"uid": "9119045", "content": "\\师姐/\\师姐/\\师姐/\\师姐/\\师姐/"}, {"uid": "18343394", "content": "\\师姐/\\师姐/\\师姐/\\师姐/\\师姐/"}, {"uid": "7833978", "content": "\\师姐/\\师姐/\\师姐/\\师姐/\\师姐/"}, {"uid": "18343394", "content": "\\师姐/\\师姐/\\师姐/\\师姐/\\师姐/"}, {"uid": "18343394", "content": "\\师姐/\\师姐/\\师姐/\\师姐/\\师姐/"}, {"uid": "7833978", "content": "\\师姐/\\师姐/\\师姐/\\师姐/\\师姐/"}, {"uid": "18343394", "content": "\\师姐/\\师姐/\\师姐/\\师姐/\\师姐/"}, {"uid": "18343394", "content": "\\师姐/\\师姐/\\师姐/\\师姐/\\师姐/"}, {"uid": "7833978", "content": "\\师姐/\\师姐/\\师姐/\\师姐/\\师姐/"}, {"uid": "18343394", "content": "\\师姐/\\师姐/\\师姐/\\师姐/\\师姐/"}, {"uid": "18343394", "content": "\\师姐/\\师姐/\\师姐/\\师姐/\\师姐/"}, {"uid": "18343394", "content": "\\师姐/\\师姐/\\师姐/\\师姐/"}, {"uid": "7833978", "content": "\\师姐/\\师姐/\\师姐/\\师姐/\\师姐/"}, {"uid": "18343394", "content": "\\师姐/\\师姐/\\师姐/\\师姐/"}, {"uid": "18343394", "content": "\\师姐/\\师姐/\\师姐/\\师姐/"}, {"uid": "7833978", "content": "\\师姐/\\师姐/\\师姐/\\师姐/\\师姐/"}, {"uid": "18343394", "content": "\\师姐/\\师姐/\\师姐/\\师姐/"}, {"uid": "698355368", "content": "\\师姐/\\师姐/\\师姐/\\师姐/\\师姐/"}, {"uid": "18343394", "content": "\\师姐/\\师姐/\\师姐/\\师姐/"}, {"uid": "7833978", "content": "\\师姐/\\师姐/\\师姐/\\师姐/\\师姐/"}, {"uid": "18343394", "content": "\\师姐/\\师姐/\\师姐/\\师姐/"}, {"uid": "18343394", "content": "\\师姐/\\师姐/\\师姐/\\师姐/"}, {"uid": "7833978", "content": "\\师姐/\\师姐/\\师姐/\\师姐/\\师姐/"}, {"uid": "18343394", "content": "\\师姐/\\师姐/\\师姐/\\师姐/"}, {"uid": "37746038", "content": "\\大师姐/\\大师姐/\\大师姐/\\大师姐/"}, {"uid": "37746038", "content": "\\大师姐/\\大师姐/\\大师姐/\\大师姐/"}, {"uid": "698355368", "content": "\\师姐/\\师姐/\\师姐/\\师姐/\\师姐/"}, {"uid": "18343394", "content": "\\师姐/\\师姐/\\师姐/\\师姐/"}, {"uid": "7833978", "content": "\\师姐/\\师姐/\\师姐/\\师姐/\\师姐/"}, {"uid": "37746038", "content": "\\大师姐/\\大师姐/\\大师姐/\\大师姐/"}, {"uid": "18343394", "content": "\\师姐/\\师姐/\\师姐/\\师姐/"}, {"uid": "7833978", "content": "\\师姐/\\师姐/\\师姐/\\师姐/\\师姐/"}, {"uid": "18343394", "content": "\\师姐/\\师姐/\\师姐/\\师姐/"}, {"uid": "698355368", "content": "\\师姐/\\师姐/\\师姐/\\师姐/\\师姐/"}, {"uid": "7833978", "content": "\\师姐/\\师姐/\\师姐/\\师姐/\\师姐/"}, {"uid": "18343394", "content": "\\师姐/\\师姐/\\师姐/\\师姐/"}, {"uid": "7833978", "content": "\\师姐/\\师姐/\\师姐/\\师姐/\\师姐/"}, {"uid": "18343394", "content": "\\师姐/\\师姐/\\师姐/\\师姐/"}, {"uid": "698355368", "content": "\\师姐/\\师姐/\\师姐/\\师姐/\\师姐/"}, {"uid": "7833978", "content": "\\师姐/\\师姐/\\师姐/\\师姐/\\师姐/"}, {"uid": "7833978", "content": "\\师姐/\\师姐/\\师姐/\\师姐/\\师姐/"}, {"uid": "18343394", "content": "\\师姐/\\师姐/\\师姐/\\师姐/"}, {"uid": "7833978", "content": "\\师姐/\\师姐/\\师姐/\\师姐/\\师姐/"}, {"uid": "18343394", "content": "\\师姐/\\师姐/\\师姐/\\师姐/"}, {"uid": "18343394", "content": "\\师姐/\\师姐/\\师姐/\\师姐/"}, {"uid": "18343394", "content": "\\师姐/\\师姐/\\师姐/\\师姐/"}, {"uid": "13781140", "content": "\\师姐/\\师姐/\\师姐/\\师姐/\\师姐/"}, {"uid": "18343394", "content": "\\师姐/\\师姐/\\师姐/\\师姐/"}, {"uid": "23015177", "content": "\\师姐/\\师姐/\\师姐/\\师姐/\\师姐/"}, {"uid": "698355368", "content": "\\师姐/\\师姐/\\师姐/\\师姐/\\师姐/"}, {"uid": "23015177", "content": "\\师姐/\\师姐/\\师姐/\\师姐/\\师姐/"}, {"uid": "108360811", "content": "仓鼠嘿嘿嘿，仓鼠嘿嘿嘿，仓鼠嘿嘿嘿"}]