[{"uid": "20712259", "content": "在？看个道韵【滑稽】"}, {"uid": "259495440", "content": "下次一定"}, {"uid": "6992479", "content": "高修为...？御个剑来看看（滑稽）"}, {"uid": "4261112", "content": "白妈妈"}, {"uid": "39995573", "content": "？"}, {"uid": "678014579", "content": "围观 重点圈起来"}, {"uid": "10232289", "content": "????????????"}, {"uid": "1704410", "content": "高质量粉丝（:-D）"}, {"uid": "18343394", "content": "指让我康康你奇怪的xp系统"}]