[{"uid": "7355011", "content": "白妈妈"}, {"uid": "23144248", "content": "云裳吧，紫色老污女了"}, {"uid": "260363927", "content": "确认是本人了哈哈哈"}, {"uid": "23366055", "content": "你说话好慢"}, {"uid": "7897590", "content": "白怜本人"}, {"uid": "7897590", "content": "仙子？"}, {"uid": "67730575", "content": "真的能在脸上画十颗星啊2333"}, {"uid": "204583669", "content": "这个是佟瑶"}, {"uid": "224639849", "content": "好家伙瞬间知道是谁了"}, {"uid": "26221520", "content": "这是陈露（滑稽）"}, {"uid": "47706557", "content": "哈哈哈哈哈哈哈哈哈哈哈哈"}, {"uid": "47706557", "content": "造谣头子：？"}, {"uid": "47706557", "content": "这个肯定是本人23333"}, {"uid": "34440189", "content": "白师姐头号单推人"}, {"uid": "61132763", "content": "是白师姐本人了"}, {"uid": "31609601", "content": "本人"}, {"uid": "173823714", "content": "双马尾，造谣头子"}, {"uid": "2705197", "content": "这双马尾一看就知道白门头子佟姚"}, {"uid": "345071000", "content": "好家伙 白妈妈 大部分事情都是你传出去 "}, {"uid": "435768770", "content": "这个画风着实有些潦草"}, {"uid": "238159512", "content": "童谣"}, {"uid": "12499760", "content": "来了来了"}, {"uid": "143562334", "content": "佟瑶！不信谣不传谣"}, {"uid": "162974754", "content": "来了来了"}, {"uid": "54761631", "content": "好家伙"}, {"uid": "66434251", "content": "来了，白妈妈"}, {"uid": "163922002", "content": "肯定是本人了"}, {"uid": "2201619", "content": "好家伙，这段话够你直接渡劫期了"}, {"uid": "87968642", "content": "胜天半子白怜帝君"}, {"uid": "3992835", "content": "白师姐后援团造谣头头（笑）"}, {"uid": "95297039", "content": "问到本人了把"}, {"uid": "433955889", "content": "白师姐本人"}, {"uid": "23438796", "content": "是本人没错了XD"}, {"uid": "23438796", "content": "柊师妹"}, {"uid": "220762325", "content": "被绑架了你就眨眨眼"}, {"uid": "627124774", "content": "师姐胸这么平，不对呀"}, {"uid": "345071000", "content": "好家伙白妈妈大部分事情都是你传的"}, {"uid": "388268703", "content": "没剪掉，全部给迷糊掉了"}, {"uid": "41870923", "content": "粉丝头子:佟谣"}, {"uid": "67730575", "content": "这个特征就很明显了嘛，紫色双马尾 佟谣"}, {"uid": "49824791", "content": "白妈妈！！！"}, {"uid": "47706557", "content": "白道道主造谣头子23333"}, {"uid": "37228211", "content": "白怜本人了"}, {"uid": "12499760", "content": "白妈妈"}, {"uid": "12499760", "content": "不信谣不传谣"}, {"uid": "143562334", "content": "造谣头子佟师妹"}, {"uid": "12303137", "content": "这就是白怜吧2333"}, {"uid": "627124774", "content": "紫发绝对是佟傜"}, {"uid": "47706557", "content": "绝了，佟瑶？？？？？"}, {"uid": "643439982", "content": "佟（赵）瑶无疑"}, {"uid": "35729399", "content": "冲了"}, {"uid": "12451264", "content": "不信谣，不传谣"}, {"uid": "238159512", "content": "脸上有十颗星，好家伙，这是陈露"}, {"uid": "10450324", "content": "白妈妈"}, {"uid": "26221520", "content": "赵瑶√"}, {"uid": "49824791", "content": "是本人了"}, {"uid": "100811734", "content": "佟（赵）遥"}, {"uid": "345071000", "content": "233白妈妈是你吗 "}, {"uid": "345071000", "content": "但是会加速 "}, {"uid": "90651397", "content": "不信谣，不传谣"}, {"uid": "13088394", "content": "第一白吹"}, {"uid": "142423563", "content": "冲冲冲"}, {"uid": "7897590", "content": "佟瑶无疑"}, {"uid": "27406125", "content": "怕不是安岚师傅"}, {"uid": "139295924", "content": "白怜本怜了"}, {"uid": "47706557", "content": "懂了，这是白怜本人，就她自己不会自吹"}, {"uid": "47706557", "content": "紫色衣服……"}, {"uid": "34440189", "content": "造谣"}, {"uid": "173823714", "content": "本人"}, {"uid": "7643107", "content": "赵谣2333"}, {"uid": "89036790", "content": "白怜本怜"}, {"uid": "345071000", "content": "啊 这个改编有点大呀 明明是女生 结果变成男声了 "}, {"uid": "433955889", "content": "白师姐单推人"}, {"uid": "81595555", "content": "怕不是本人"}, {"uid": "7897590", "content": "踢ngyao"}, {"uid": "356597003", "content": "来了"}, {"uid": "19656448", "content": "啊这，，这是模糊处理？？不是换声？hhhhhh"}, {"uid": "6395221", "content": "本人无疑了"}, {"uid": "47706557", "content": "靠"}, {"uid": "100811734", "content": "是本人"}, {"uid": "299394949", "content": "懂了，是陈露("}, {"uid": "12499760", "content": "白师姐就是yyds"}, {"uid": "3992835", "content": "佟师妹，这都不用遮"}, {"uid": "82820294", "content": "是本人了"}, {"uid": "59512549", "content": "赵谣"}, {"uid": "49824791", "content": "哈哈哈"}, {"uid": "2705197", "content": "佟瑶"}, {"uid": "1704410", "content": "赵瑶"}, {"uid": "3992835", "content": "白怜本人（笑）"}, {"uid": "39703983", "content": "白怜本怜"}, {"uid": "39703983", "content": "这是造谣吧"}, {"uid": "47706557", "content": "啊这，这个是佟瑶，那紫衣的是谁来着？"}, {"uid": "64072", "content": "佟怜"}, {"uid": "11080060", "content": "这是本人吧"}, {"uid": "496564731", "content": "本人"}, {"uid": "352039963", "content": "赵瑶"}, {"uid": "41870923", "content": "绝对是佟谣"}, {"uid": "403512369", "content": "赵摇"}, {"uid": "81595555", "content": "佟谣吧"}]