[{"uid": "471069463", "content": "笑死"}, {"uid": "12864846", "content": "我笑死"}, {"uid": "325384143", "content": "拜拜"}, {"uid": "552461", "content": "拜拜"}, {"uid": "18343394", "content": "拜拜"}, {"uid": "698355368", "content": "拜拜"}, {"uid": "8138686", "content": "提前为电闸哀悼"}, {"uid": "15469971", "content": "拜拜"}, {"uid": "12046530", "content": "拜拜~"}, {"uid": "4577251", "content": "师姐拜拜（暴怒"}, {"uid": "12864846", "content": "拜拜拜拜"}, {"uid": "232931669", "content": "拜拜"}, {"uid": "12864846", "content": "师姐拜拜"}, {"uid": "8138686", "content": "赶紧拜拜"}, {"uid": "8138686", "content": "拜拜"}, {"uid": "18343394", "content": "拜拜拜拜"}, {"uid": "12864846", "content": "这个额笑死"}, {"uid": "8138686", "content": "草"}, {"uid": "471069463", "content": "师姐拜拜"}, {"uid": "325384143", "content": "拜拜"}, {"uid": "12864846", "content": "好汀"}, {"uid": "11458802", "content": "一进来就被单杀了，这法强开挂了"}, {"uid": "282845389", "content": "猝不及防"}, {"uid": "5684520", "content": "好耶 强啊师姐"}, {"uid": "232931669", "content": "混沌了"}, {"uid": "8138686", "content": "草hhhhhh"}, {"uid": "471069463", "content": "害怕"}, {"uid": "12046530", "content": "好耶~"}, {"uid": "471069463", "content": "好耶"}, {"uid": "325384143", "content": "吹梦到西洲？"}, {"uid": "8138686", "content": "赐毒酒"}, {"uid": "8138686", "content": "斩了"}, {"uid": "18343394", "content": "笑死"}, {"uid": "325384143", "content": "拜拜"}, {"uid": "18343394", "content": "拜拜"}, {"uid": "8138686", "content": "入脑幻听"}, {"uid": "8138686", "content": "来去春秋的师姐？"}, {"uid": "8138686", "content": "(･∀･)"}, {"uid": "12864846", "content": "上了，没完全上"}, {"uid": "411922107", "content": "，"}, {"uid": "8138686", "content": "蓄力师姐"}, {"uid": "53586353", "content": "好"}, {"uid": "8138686", "content": " \\师姐/\\师姐/\\师姐/\\师姐/\\师姐/"}, {"uid": "12864846", "content": "对"}, {"uid": "8138686", "content": "早茶（指9，10点的那种吗？"}, {"uid": "12864846", "content": "kksk"}, {"uid": "12864846", "content": "牵丝戏！！"}, {"uid": "12864846", "content": "好突然"}, {"uid": "12864846", "content": "明天和家里人喝早茶"}, {"uid": "12864846", "content": "弹射是什么鬼"}, {"uid": "4577251", "content": "乍一听还以为师姐在弹射"}, {"uid": "325384143", "content": "左手指月算吗"}, {"uid": "12046530", "content": "来一首牵丝戏？"}, {"uid": "18343394", "content": "唱"}, {"uid": "471069463", "content": "好耶"}, {"uid": "4577251", "content": "的"}, {"uid": "4577251", "content": "唱古风耳朵"}, {"uid": "23015177", "content": "来都来了哈哈哈哈哈哈"}, {"uid": "12864846", "content": "好耶！！"}, {"uid": "23015177", "content": "笑死"}, {"uid": "12864846", "content": "免除鼠疫"}, {"uid": "18343394", "content": "？？？"}, {"uid": "12864846", "content": "笑死"}, {"uid": "12864846", "content": "小说"}, {"uid": "12864846", "content": "只为了那个妃子报仇"}, {"uid": "12864846", "content": "想到一个皇子害死了皇妃，皇妃下毒暗鲨皇子"}, {"uid": "325384143", "content": "请安？"}, {"uid": "12864846", "content": "福德真好"}, {"uid": "12864846", "content": "青梅竹马大胜利！！！"}, {"uid": "12864846", "content": "这个好康"}, {"uid": "325384143", "content": "赐毒酒"}, {"uid": "8138686", "content": "休了"}, {"uid": "8138686", "content": "敬酒不吃吃罚酒"}, {"uid": "23015177", "content": "哈哈哈哈哈哈哈"}, {"uid": "698355368", "content": "师姐金钱上300了"}, {"uid": "23015177", "content": "人家才15岁啊！！"}, {"uid": "23015177", "content": "钦天监呢"}, {"uid": "18343394", "content": "笑死"}, {"uid": "8138686", "content": "脸有点怪"}, {"uid": "325384143", "content": "新白发魔女"}, {"uid": "23015177", "content": "白毛控....不起来了"}, {"uid": "12864846", "content": "麻了"}, {"uid": "12864846", "content": "脸应该是一样的"}, {"uid": "23015177", "content": "？"}, {"uid": "402409856", "content": "将军的女儿不能这样吗我就要这个师姐送给我"}, {"uid": "8138686", "content": "知道了"}, {"uid": "15469971", "content": "这不是网红脸吗"}, {"uid": "23015177", "content": "读档吧"}, {"uid": "471069463", "content": "可还行"}, {"uid": "23015177", "content": "花楼来的吧"}, {"uid": "402409856", "content": "师姐现在什么职位"}, {"uid": "698355368", "content": "五品好像"}, {"uid": "471069463", "content": "hhh"}, {"uid": "12046530", "content": "师姐晚上好喵~"}, {"uid": "232931669", "content": "能当洗发露用的沐浴露是真的好啊"}, {"uid": "698355368", "content": "师姐游戏里现在有孩子了吗？"}, {"uid": "552461", "content": "皇后贪财失德，随意苛罚后宫，请斩诸葛福德"}, {"uid": "402409856", "content": "现代绿茶教协带回古代就是神书"}, {"uid": "325384143", "content": "存个档先"}, {"uid": "698355368", "content": "针不戳"}, {"uid": "8138686", "content": "种田玩家"}, {"uid": "471069463", "content": "hhh"}, {"uid": "402409856", "content": "师姐穿越回古代一定是奸妃"}, {"uid": "18343394", "content": "笑死"}, {"uid": "471069463", "content": "笑死"}, {"uid": "325384143", "content": "户部尚书报忧不报喜，请斩户部尚书"}, {"uid": "552461", "content": "因为你还没祭过"}, {"uid": "325384143", "content": "王彩彩走了吗"}, {"uid": "4577251", "content": "比王彩彩好看"}, {"uid": "552461", "content": "今天的奏折还没批呢"}, {"uid": "12864846", "content": "不愧是师姐"}, {"uid": "698355368", "content": "不愧是师姐"}, {"uid": "471069463", "content": "好家伙"}, {"uid": "18343394", "content": "看！看！就！走！"}, {"uid": "471069463", "content": "笑死"}, {"uid": "23015177", "content": "把整个花楼搬回宫里去"}, {"uid": "18343394", "content": "笑死"}, {"uid": "12864846", "content": "我笑死"}, {"uid": "12864846", "content": "想去百花巷很久了师姐"}, {"uid": "325384143", "content": "假话哪有野花香"}, {"uid": "18343394", "content": "直接去花楼"}, {"uid": "698355368", "content": "好家伙"}, {"uid": "18343394", "content": "好家伙"}, {"uid": "325384143", "content": "下次在出宫前存个档吧"}, {"uid": "18343394", "content": "笑死"}, {"uid": "18343394", "content": "你回去！！！"}, {"uid": "12864846", "content": "我笑死"}, {"uid": "698355368", "content": "az"}, {"uid": "552461", "content": "笑死"}, {"uid": "325384143", "content": "梅开三度"}, {"uid": "18343394", "content": "你回来！！！"}, {"uid": "18343394", "content": "笑死"}, {"uid": "698355368", "content": "这不是将军模板？"}, {"uid": "325384143", "content": "开始了"}, {"uid": "471069463", "content": "请斩仓鼠老板"}, {"uid": "471069463", "content": "笑死"}, {"uid": "18343394", "content": "笑死"}, {"uid": "12864846", "content": "这是什么神奇的地方"}, {"uid": "12864846", "content": "师姐出门就去小巷子吧！！！"}, {"uid": "18343394", "content": "笑死"}, {"uid": "12864846", "content": "我笑死"}, {"uid": "23015177", "content": "我笑死"}, {"uid": "12864846", "content": "这叫头发稀少！！！"}, {"uid": "552461", "content": "桃常在名字冒犯天子，请逐出宫外"}, {"uid": "12864846", "content": "小巷子里的美女！！！"}, {"uid": "18343394", "content": "逃罢"}, {"uid": "325384143", "content": "逃吧"}, {"uid": "18343394", "content": "桃吧"}, {"uid": "23015177", "content": "哈哈哈哈哈哈哈哈"}, {"uid": "12864846", "content": "好家伙"}, {"uid": "12864846", "content": "？？？"}, {"uid": "18343394", "content": "没声音了？"}, {"uid": "698355368", "content": "？"}, {"uid": "12864846", "content": "王彩彩！！！！"}, {"uid": "12864846", "content": "我笑死"}, {"uid": "325384143", "content": "已经用上了霸王"}, {"uid": "552461", "content": "聆安隔绝内外，请斩聆安"}, {"uid": "18343394", "content": "好家伙"}, {"uid": "698355368", "content": "哈哈哈"}, {"uid": "23015177", "content": "好家伙"}, {"uid": "325384143", "content": "可怜的仓鼠"}, {"uid": "23015177", "content": "办法不会是入宫吧"}, {"uid": "18343394", "content": "是霸王我用霸王"}, {"uid": "12864846", "content": "就离谱"}, {"uid": "29107366", "content": "开幕就给我尬住了"}, {"uid": "12864846", "content": "小巷子是什么神奇的地方"}, {"uid": "325384143", "content": "每次出宫必出事，每次进巷必遇女"}, {"uid": "18343394", "content": "娘娘被受大惊，请斩隆基努斯"}, {"uid": "522160362", "content": "想白嫖小说，可以吗？"}, {"uid": "552461", "content": "吃头发，补头发（）"}, {"uid": "23015177", "content": "我也想问"}, {"uid": "23015177", "content": "哈哈哈哈哈哈哈哈"}, {"uid": "325384143", "content": "臣复议"}, {"uid": "471069463", "content": "hhh"}, {"uid": "552461", "content": "请斩聆安"}, {"uid": "325384143", "content": "好家伙"}, {"uid": "26643678", "content": "师姐下一部要穿越这个游戏"}, {"uid": "357637145", "content": "打卡"}, {"uid": "18343394", "content": "看看指去花楼"}, {"uid": "552461", "content": "现在已经是下午了，该批奏折了"}, {"uid": "325384143", "content": "耳浊目燃？斩了"}, {"uid": "552461", "content": "白怜花"}, {"uid": "18343394", "content": "斩了！"}, {"uid": "18343394", "content": "出宫去花楼"}, {"uid": "232931669", "content": "今天一家人出去吃饭了"}, {"uid": "325384143", "content": "教坊司就是官方青楼耶"}, {"uid": "232931669", "content": "我回来了"}, {"uid": "18343394", "content": "笑死"}, {"uid": "325384143", "content": "有教坊司你不去，去青楼？"}, {"uid": "12864846", "content": "中国好老板"}, {"uid": "12864846", "content": "大费周章的祈雨只为让仓鼠加班"}, {"uid": "12864846", "content": "哈哈哈哈哈哈哈哈哈"}, {"uid": "18343394", "content": "？？？"}, {"uid": "12864846", "content": "我笑死"}, {"uid": "23015177", "content": "笑死"}, {"uid": "552461", "content": "？？？"}, {"uid": "23015177", "content": "？？"}, {"uid": "18343394", "content": "恐怖"}, {"uid": "23015177", "content": "这什么娇笑，这是催命"}, {"uid": "471069463", "content": "我害怕"}, {"uid": "471069463", "content": "啊这"}, {"uid": "23015177", "content": "救命"}, {"uid": "12864846", "content": "笑容逐渐猖狂了起来"}, {"uid": "12864846", "content": "哈哈哈哈哈哈哈哈哈"}, {"uid": "18343394", "content": "笑死"}, {"uid": "23015177", "content": "临安好上道"}, {"uid": "23015177", "content": "哈哈哈哈哈哈哈哈哈哈"}, {"uid": "18343394", "content": "好家伙"}, {"uid": "18343394", "content": "这不值两块"}, {"uid": "12864846", "content": "好家伙"}, {"uid": "552461", "content": "推进后宫末位淘汰制度刻不容缓"}, {"uid": "18343394", "content": "好家伙"}, {"uid": "23015177", "content": "好家伙"}, {"uid": "23015177", "content": "哈哈哈哈哈哈哈哈"}, {"uid": "18343394", "content": "王彩彩二代？？"}, {"uid": "18343394", "content": "还热乎"}, {"uid": "12864846", "content": "笑死"}, {"uid": "18343394", "content": "笑死"}, {"uid": "18343394", "content": "都怪王彩彩"}, {"uid": "552461", "content": "斩了聆安"}, {"uid": "12864846", "content": "这个扣分项真的笑死"}, {"uid": "18343394", "content": "笑死"}, {"uid": "552461", "content": "笑死"}, {"uid": "18343394", "content": "好家伙"}, {"uid": "23015177", "content": "哈哈哈哈哈哈哈哈"}, {"uid": "12864846", "content": "笑死"}, {"uid": "23015177", "content": "哈哈哈哈哈哈"}, {"uid": "1248083811", "content": "师姐晚上好美女"}, {"uid": "12864846", "content": "孝死"}, {"uid": "18343394", "content": "宫殿漏水有失体统，请斩诸葛福德"}, {"uid": "18343394", "content": "好家伙"}, {"uid": "552461", "content": "盛嫔妃有失体统，请斩诸葛福德"}, {"uid": "23015177", "content": "哈哈哈哈哈哈哈哈哈哈"}, {"uid": "552461", "content": "现在还不能休息"}, {"uid": "12864846", "content": "hhhhhhhhhhh"}, {"uid": "12864846", "content": "笑死"}, {"uid": "23015177", "content": "哈哈哈哈哈哈哈"}, {"uid": "15469971", "content": "这就是说不喜欢就是喜欢吗"}, {"uid": "18343394", "content": "好家伙"}, {"uid": "552461", "content": "聆安无能，请夷聆安三族"}, {"uid": "18343394", "content": "笑死"}, {"uid": "12864846", "content": "笑死"}, {"uid": "12864846", "content": "还好存了档"}, {"uid": "18343394", "content": "笑死"}, {"uid": "18343394", "content": "不得赔王彩彩"}, {"uid": "12864846", "content": "《哪来这么标致的闺女》"}, {"uid": "552461", "content": "也没有宫廷的人"}, {"uid": "8138686", "content": "刻在DNA里了"}, {"uid": "552461", "content": "街上真是安静啊"}, {"uid": "12864846", "content": "这个太好笑了"}, {"uid": "15469971", "content": "《哪来这么标致的闺女》"}, {"uid": "18343394", "content": "笑死"}, {"uid": "471069463", "content": "我不该切进来的"}, {"uid": "15469971", "content": "有立绘不亏"}, {"uid": "471069463", "content": "一起受伤吧"}, {"uid": "4577251", "content": "读档吧"}, {"uid": "23015177", "content": "哈哈哈哈哈哈哈哈哈"}, {"uid": "23015177", "content": "读档吧"}, {"uid": "471069463", "content": "我裂开了"}, {"uid": "698355368", "content": "九折"}, {"uid": "12864846", "content": "蚌埠住了"}, {"uid": "471069463", "content": "妈耶"}, {"uid": "18343394", "content": "一块钱呢！！"}, {"uid": "23015177", "content": "哈哈哈哈哈哈哈哈哈哈哈哈哈"}, {"uid": "23015177", "content": "怪不得不给看呢"}, {"uid": "698355368", "content": "笑死"}, {"uid": "12864846", "content": "救命我要笑死了"}, {"uid": "552461", "content": "打入冷宫"}, {"uid": "15469971", "content": "这就是消费诈骗吗"}, {"uid": "18343394", "content": "笑死"}, {"uid": "12864846", "content": "简约色彩"}, {"uid": "12864846", "content": "我要笑死了"}, {"uid": "552461", "content": "简约色彩"}, {"uid": "96683768", "content": "打入冷宫吧"}, {"uid": "18343394", "content": "斩了吧！！！！！！"}, {"uid": "12864846", "content": "哈哈哈哈哈哈哈哈哈哈哈哈哈"}, {"uid": "4577251", "content": "笑喷了"}, {"uid": "23015177", "content": "白给了"}, {"uid": "18343394", "content": "哈哈哈哈哈哈"}, {"uid": "23015177", "content": "右下角"}, {"uid": "23015177", "content": "最下面"}, {"uid": "23015177", "content": "咕"}, {"uid": "18343394", "content": "斩了！！"}, {"uid": "15469971", "content": "有BGM？我一直脑补斗地主BGM的"}, {"uid": "23015177", "content": "那你能买208个"}, {"uid": "18343394", "content": "你甚至有208呢"}, {"uid": "23015177", "content": "一块钱一个老婆"}, {"uid": "18343394", "content": "这不是白送的丫鬟"}, {"uid": "23015177", "content": "姑娘娶回去"}, {"uid": "471069463", "content": "hhh"}, {"uid": "18343394", "content": "笑死"}, {"uid": "552461", "content": "大哥大嫂过年好，_______"}, {"uid": "23015177", "content": "一看就不是好人"}, {"uid": "524947577", "content": "芜湖"}, {"uid": "18343394", "content": "全都康康"}, {"uid": "23015177", "content": "给我康康"}, {"uid": "18343394", "content": "笑死"}, {"uid": "23015177", "content": "收入后宫"}, {"uid": "12864846", "content": "这个变装真的太震撼了"}, {"uid": "15469971", "content": "寡人与民同乐，皇后又如何管得"}, {"uid": "18343394", "content": "直奔主题"}, {"uid": "18343394", "content": "好家伙"}, {"uid": "18343394", "content": "离谱"}, {"uid": "8138686", "content": "=幻想药水"}, {"uid": "12864846", "content": "我笑死了"}, {"uid": "12864846", "content": "公公变成男的了"}, {"uid": "23015177", "content": "哈哈哈哈哈哈哈哈哈"}, {"uid": "12864846", "content": "这是连性别都变了"}, {"uid": "8138686", "content": "？"}, {"uid": "23015177", "content": "击剑吧"}, {"uid": "12864846", "content": "？？？？"}, {"uid": "18343394", "content": "斩了！"}, {"uid": "23015177", "content": "果然"}, {"uid": "4577251", "content": "握草"}, {"uid": "23015177", "content": "？？？？？"}, {"uid": "23015177", "content": "笑死"}, {"uid": "18343394", "content": "助助兴"}, {"uid": "18343394", "content": "斩几个"}, {"uid": "18343394", "content": "好家伙过年了开心"}, {"uid": "552461", "content": "樱国菌获得弱宣称"}, {"uid": "18343394", "content": "斩了！"}, {"uid": "18343394", "content": "不能当老婆？"}, {"uid": "471069463", "content": "笑死"}, {"uid": "23015177", "content": "灭他国抢他老婆！"}, {"uid": "18343394", "content": "笑死"}, {"uid": "12864846", "content": "我笑死"}, {"uid": "23015177", "content": "哈哈哈哈哈哈哈哈哈"}, {"uid": "18343394", "content": "斩了！"}, {"uid": "12864846", "content": "感觉是宫斗里第一个被鲨的"}, {"uid": "23015177", "content": "这娘们不是好人那"}, {"uid": "12864846", "content": "emmm"}, {"uid": "18343394", "content": "斩了！"}, {"uid": "8138686", "content": "歪 幺幺零吗"}, {"uid": "12864846", "content": "好家伙"}, {"uid": "8138686", "content": "？15岁"}, {"uid": "23015177", "content": "真不是人"}, {"uid": "471069463", "content": "好家伙"}, {"uid": "23015177", "content": "好家伙"}, {"uid": "8138686", "content": "重罚！"}, {"uid": "18343394", "content": "让我康康"}, {"uid": "12864846", "content": "之前看的一个小说"}, {"uid": "12864846", "content": "宫女和皇子结婚，结婚之后是为了皇子的母后"}, {"uid": "23015177", "content": "新的老婆增加了"}, {"uid": "471069463", "content": "学校食堂已经关门了"}, {"uid": "471069463", "content": "好悲伤啊"}, {"uid": "18343394", "content": "本性暴露"}, {"uid": "23015177", "content": "两千人太多了"}, {"uid": "8138686", "content": "仓鼠残忍"}, {"uid": "18343394", "content": "斩了！"}, {"uid": "8138686", "content": "脱下来击剑"}, {"uid": "23015177", "content": "笑死"}, {"uid": "18343394", "content": "孜然？什么孜然？"}, {"uid": "8138686", "content": "懂了 道德：无"}, {"uid": "23015177", "content": "去"}, {"uid": "8138686", "content": "怎么没有道德属性？"}, {"uid": "18343394", "content": "好家伙"}, {"uid": "8138686", "content": "？"}, {"uid": "23015177", "content": "重罚"}, {"uid": "18343394", "content": "笑死"}, {"uid": "18343394", "content": "去花楼朝政"}, {"uid": "23015177", "content": "什么的"}, {"uid": "23015177", "content": "提拔个仓鼠太监"}, {"uid": "8138686", "content": "花楼好家伙"}, {"uid": "23015177", "content": "能不能提拔太监的"}, {"uid": "18343394", "content": "好家伙"}, {"uid": "18343394", "content": "？？？"}, {"uid": "12864846", "content": "想到之前看的一个晋江的小说"}, {"uid": "8138686", "content": "？"}, {"uid": "18343394", "content": "去橘子里捞人？"}, {"uid": "4577251", "content": "频妃（消音"}, {"uid": "12864846", "content": "（狗头）"}, {"uid": "12864846", "content": "直接阉了吧，当个公公"}, {"uid": "12864846", "content": "孩子都死于后宫斗争了"}, {"uid": "23015177", "content": "太子打工，师姐找老婆"}, {"uid": "23015177", "content": "笑死"}, {"uid": "12864846", "content": "死于后宫斗争了都"}, {"uid": "12864846", "content": "笑死"}, {"uid": "23015177", "content": "直接撂挑子"}, {"uid": "4577251", "content": "在谦虚还是在白……（改口"}, {"uid": "12864846", "content": "谦虚"}, {"uid": "2175498", "content": "茶，茶起来了。"}, {"uid": "8138686", "content": "？"}, {"uid": "12864846", "content": "刚刚去吃饭了，这个是新的妃子吗"}, {"uid": "8138686", "content": "玛丽苏"}, {"uid": "23015177", "content": "？"}, {"uid": "552461", "content": "选毛子还行"}, {"uid": "597131316", "content": "师姐晚上好"}, {"uid": "23015177", "content": "懂了"}, {"uid": "23015177", "content": "金毛代餐"}, {"uid": "552461", "content": "金毛的毛吗"}, {"uid": "8138686", "content": "师姐 选择题了解一下"}, {"uid": "545549120", "content": "人可以 至少该试试"}, {"uid": "552461", "content": "今天子无德，请斩诸葛福德"}, {"uid": "8138686", "content": "师姐：我可以的"}, {"uid": "545549120", "content": "？？？？"}, {"uid": "23015177", "content": "人不能至少不该"}, {"uid": "23015177", "content": "？？？？"}, {"uid": "471069463", "content": "出去买个晚饭"}, {"uid": "23015177", "content": "哈哈哈哈哈哈哈哈哈哈、"}, {"uid": "23015177", "content": "做个人"}, {"uid": "23015177", "content": "？？"}, {"uid": "471069463", "content": "hhh"}, {"uid": "8138686", "content": "来了！"}, {"uid": "23015177", "content": "我就说"}, {"uid": "23015177", "content": "好家伙"}, {"uid": "471069463", "content": "好家伙"}, {"uid": "23015177", "content": "师姐别是看上别人老婆了吧"}, {"uid": "22880267", "content": "！"}, {"uid": "471069463", "content": "母后大人"}, {"uid": "1457515", "content": "？？"}, {"uid": "1457515", "content": "大姐頭是什麼？"}, {"uid": "474245653", "content": "突然想起父子孙三辈武状元，这比将军少见"}, {"uid": "18343394", "content": "下班了上班了"}, {"uid": "23015177", "content": "我笑死"}, {"uid": "4577251", "content": "毕竟把自己赔给师姐了"}, {"uid": "18343394", "content": "这公公怎么yue了怀了？"}, {"uid": "18343394", "content": "好家伙"}, {"uid": "18343394", "content": "笑死"}, {"uid": "12864846", "content": "我笑死"}, {"uid": "545549120", "content": "啊给我！"}, {"uid": "23015177", "content": "师姐：怎么也不知道给我带一个"}, {"uid": "474245653", "content": "参谋的将军(～￣△￣)～？"}, {"uid": "360774137", "content": "参将军"}, {"uid": "12864846", "content": "参谋吗"}, {"uid": "23015177", "content": "哈哈哈哈哈"}, {"uid": "76745726", "content": "公公：也不是不可以老臣以身饲君"}, {"uid": "4577251", "content": "他把自己赔给师姐"}, {"uid": "4577251", "content": "肾宝妃"}, {"uid": "474245653", "content": "肾宝妃？"}, {"uid": "23015177", "content": "今天麻将必清一色"}, {"uid": "12864846", "content": "笑死"}, {"uid": "23015177", "content": "下是可以下一页吧"}, {"uid": "23015177", "content": "哈哈哈哈哈哈哈哈哈哈哈"}, {"uid": "18343394", "content": "找1？"}, {"uid": "12864846", "content": "笑死"}, {"uid": "4577251", "content": "孝昭仪"}, {"uid": "23015177", "content": "打麻将"}, {"uid": "23015177", "content": "荣和"}, {"uid": "12864846", "content": "还珠格格"}, {"uid": "23015177", "content": "你是不是也拿了哈哈哈哈哈哈哈"}, {"uid": "471069463", "content": "（￣▽￣）"}, {"uid": "567399024", "content": "好形象，哈哈哈哈"}, {"uid": "18343394", "content": "换成辟谷把"}, {"uid": "23015177", "content": "真的好喵喵"}, {"uid": "213008607", "content": "吃完了走人"}, {"uid": "23015177", "content": "好家伙"}, {"uid": "12864846", "content": "剧情扭曲了起来，太草了"}, {"uid": "552461", "content": "草"}, {"uid": "12864846", "content": "hhhhhhhhhhhhhhhh"}, {"uid": "23015177", "content": "哈哈哈哈哈哈哈哈哈哈哈哈"}, {"uid": "12864846", "content": "笑死"}, {"uid": "12864846", "content": "私生女"}, {"uid": "213008607", "content": "开始下饭"}, {"uid": "23015177", "content": "这个名字好太监"}, {"uid": "4577251", "content": "像个太监名字（不是"}, {"uid": "12864846", "content": "字孔福德"}, {"uid": "552461", "content": "好家伙"}, {"uid": "12864846", "content": "笑死"}, {"uid": "471069463", "content": "hhh"}, {"uid": "23015177", "content": "喵喵国"}, {"uid": "552461", "content": "笑死"}, {"uid": "12864846", "content": "什么名字"}, {"uid": "23015177", "content": "哈哈哈哈哈哈哈哈哈哈哈哈哈哈"}, {"uid": "12864846", "content": "笑死"}, {"uid": "12864846", "content": "个人觉得圈地最好重罚，毕竟是重罪"}, {"uid": "73775799", "content": "白妈妈，晚上好"}, {"uid": "23015177", "content": "笑死"}, {"uid": "65240577", "content": "晚安"}, {"uid": "12864846", "content": "hhhhh"}, {"uid": "471069463", "content": "hhh"}, {"uid": "552461", "content": "师姐可以唱一首喵喵之歌吗"}, {"uid": "12864846", "content": "奇妙的比喻但是非常贴切"}, {"uid": "23015177", "content": "哈哈哈哈哈哈哈哈哈"}, {"uid": "23015177", "content": "这个声音好像神奇宝贝喵喵的声音"}, {"uid": "4577251", "content": "传神了这个太监配音"}, {"uid": "552461", "content": "本色配音"}, {"uid": "12864846", "content": "神奇的配音"}, {"uid": "12864846", "content": "笑死"}, {"uid": "12864846", "content": "在选宫女前卡住了"}, {"uid": "4577251", "content": "宏大起来了"}, {"uid": "12864846", "content": "这个是之前玩的那个宫廷游戏吗"}, {"uid": "12864846", "content": "哦哦"}, {"uid": "12864846", "content": "笑死"}, {"uid": "23015177", "content": "哇哦"}, {"uid": "4577251", "content": "开跑巨震"}, {"uid": "12864846", "content": "想到我在群里发的那个视频"}, {"uid": "12864846", "content": "蜜蜜蜜蜜蜜蜜蜜蜜蜜蜜蜜蜜蜜蜜"}, {"uid": "18343394", "content": "那奶茶呐"}, {"uid": "471069463", "content": "蜜雪冰城~~~"}, {"uid": "226773352", "content": "啊 笑死"}, {"uid": "7698443", "content": "什么时候出游戏"}, {"uid": "7833978", "content": "笑死"}, {"uid": "12864846", "content": "我们知道的太多了"}, {"uid": "7833978", "content": "知道的太多的已经没了"}, {"uid": "545549120", "content": "笑死"}, {"uid": "7833978", "content": "笑死"}, {"uid": "398683342", "content": "(°∀°)ﾉ"}, {"uid": "18343394", "content": "笑死"}, {"uid": "4577251", "content": "师姐本色出演的游戏"}, {"uid": "12864846", "content": "今晚的游戏是什么类型的"}, {"uid": "12864846", "content": "下班了"}, {"uid": "12864846", "content": "笑死"}, {"uid": "18343394", "content": "好家伙"}, {"uid": "12864846", "content": "师姐晚上好啊，这几天上班没来看"}, {"uid": "552461", "content": "晚上好"}, {"uid": "545549120", "content": "师姐已经播了一分钟了 师姐累了"}, {"uid": "37184242", "content": "来了来了"}, {"uid": "18343394", "content": "晚上好师姐"}, {"uid": "471069463", "content": "晚上好~"}, {"uid": "545549120", "content": "嗨师姐"}, {"uid": "545549120", "content": "晚上好"}, {"uid": "4577251", "content": "师姐晚上好"}, {"uid": "471069463", "content": "晚上好~"}, {"uid": "12864846", "content": "\\师姐/\\师姐/\\师姐/\\师姐/\\师姐/"}, {"uid": "12864846", "content": "\\师姐/\\师姐/\\师姐/\\师姐/\\师姐/"}, {"uid": "12864846", "content": "\\师姐/\\师姐/\\师姐/\\师姐/\\师姐/"}, {"uid": "18343394", "content": "\\白翼德/\\白翼德/\\白翼德/\\白翼德/"}, {"uid": "12864846", "content": "\\师姐/\\师姐/\\师姐/\\师姐/\\师姐/"}, {"uid": "12864846", "content": "\\师姐/\\师姐/\\师姐/\\师姐/\\师姐/"}, {"uid": "282845389", "content": "\\师姐/\\师姐/\\师姐/\\师姐/\\师姐/"}, {"uid": "698355368", "content": "\\师姐/\\师姐/\\师姐/\\师姐/\\师姐/"}, {"uid": "12864846", "content": "\\师姐/\\师姐/\\师姐/\\师姐/\\师姐/"}, {"uid": "18343394", "content": "\\白翼德/\\白翼德/\\白翼德/\\白翼德/"}, {"uid": "8138686", "content": "\\白翼德/\\白翼德/\\白翼德/\\白翼德/"}, {"uid": "325384143", "content": "\\白翼德/\\白翼德/\\白翼德/\\白翼德/"}, {"uid": "698355368", "content": "\\师姐/\\师姐/\\师姐/\\师姐/\\师姐/"}, {"uid": "325384143", "content": "\\师姐/\\师姐/\\师姐/\\师姐/\\师姐/"}, {"uid": "18343394", "content": "\\师姐/\\师姐/\\师姐/\\师姐/\\师姐/"}, {"uid": "282845389", "content": "\\师姐/\\师姐/\\师姐/\\师姐/\\师姐/"}, {"uid": "18343394", "content": "\\师姐/\\师姐/\\师姐/\\师姐/\\师姐/"}, {"uid": "12864846", "content": "\\师姐/\\师姐/\\师姐/\\师姐/\\师姐/"}, {"uid": "18343394", "content": "\\师姐/\\师姐/\\师姐/\\师姐/\\师姐/"}, {"uid": "12864846", "content": "\\师姐/\\师姐/\\师姐/\\师姐/\\师姐/"}, {"uid": "698355368", "content": "\\师姐/\\师姐/\\师姐/\\师姐/\\师姐/"}, {"uid": "552461", "content": "\\师姐/\\师姐/\\师姐/\\师姐/\\师姐/"}, {"uid": "325384143", "content": "\\师姐/\\师姐/\\师姐/\\师姐/\\师姐/"}, {"uid": "552461", "content": "\\师姐/\\师姐/\\师姐/\\师姐/\\师姐/"}, {"uid": "12046530", "content": "\\师姐/\\师姐/\\师姐/\\师姐/\\师姐/"}, {"uid": "8138686", "content": "\\师姐/\\师姐/\\师姐/\\师姐/\\师姐/"}, {"uid": "698355368", "content": "\\师姐/\\师姐/\\师姐/\\师姐/\\师姐/"}, {"uid": "552461", "content": "\\师姐/\\师姐/\\师姐/\\师姐/\\师姐/"}, {"uid": "12864846", "content": "\\师姐/\\师姐/\\师姐/\\师姐/\\师姐/"}, {"uid": "282845389", "content": "\\师姐/\\师姐/\\师姐/\\师姐/\\师姐/"}, {"uid": "12864846", "content": "\\师姐/\\师姐/\\师姐/\\师姐/\\师姐/"}, {"uid": "12864846", "content": "\\师姐/\\师姐/\\师姐/\\师姐/\\师姐/"}, {"uid": "12864846", "content": "\\师姐/\\师姐/\\师姐/\\师姐/\\师姐/"}, {"uid": "12864846", "content": "\\师姐/\\师姐/\\师姐/\\师姐/\\师姐/"}, {"uid": "18343394", "content": "\\师姐/\\师姐/\\师姐/\\师姐/\\师姐/"}, {"uid": "282845389", "content": "\\师姐/\\师姐/\\师姐/\\师姐/\\师姐/"}, {"uid": "8138686", "content": "\\师姐/\\师姐/\\师姐/\\师姐/\\师姐/"}, {"uid": "12864846", "content": "\\师姐/\\师姐/\\师姐/\\师姐/\\师姐/"}, {"uid": "18343394", "content": "\\师姐/\\师姐/\\师姐/\\师姐/\\师姐/"}, {"uid": "698355368", "content": "\\师姐/\\师姐/\\师姐/\\师姐/\\师姐/"}, {"uid": "12864846", "content": "\\师姐/\\师姐/\\师姐/\\师姐/\\师姐/"}, {"uid": "12864846", "content": "\\师姐/\\师姐/\\师姐/\\师姐/\\师姐/"}, {"uid": "12864846", "content": "\\师姐/\\师姐/\\师姐/\\师姐/\\师姐/"}, {"uid": "18343394", "content": "\\师姐/\\师姐/\\师姐/\\师姐/\\师姐/"}, {"uid": "23015177", "content": "救了命了哈哈哈哈哈哈哈哈哈哈哈哈"}, {"uid": "23015177", "content": "哈哈哈哈哈哈哈哈哈哈哈哈哈哈哈"}, {"uid": "23015177", "content": "吼吼吼吼吼吼吼吼吼吼吼吼吼吼吼吼"}, {"uid": "12864846", "content": "笑死哈哈哈哈哈哈哈哈哈哈哈哈哈"}]