[{"uid": "1704410", "content": "拜拜"}, {"uid": "471069463", "content": "师姐拜拜"}, {"uid": "7833978", "content": "咕咕咕"}, {"uid": "14227544", "content": "88888"}, {"uid": "398683342", "content": "拜拜"}, {"uid": "96683768", "content": "好家伙，我来道个别。。。"}, {"uid": "18343394", "content": "拜拜拜拜"}, {"uid": "398683342", "content": "谢谢师姐一上午的陪伴"}, {"uid": "12028662", "content": "888"}, {"uid": "18343394", "content": "好家伙"}, {"uid": "2881166", "content": "辛苦啦"}, {"uid": "354725743", "content": "886"}, {"uid": "2836088", "content": "唱出了得不到的心碎"}, {"uid": "102804423", "content": "有考虑参加下一届死亡行军吗"}, {"uid": "8945018", "content": "害怕"}, {"uid": "2836088", "content": "这应该是代入周迅了"}, {"uid": "354725743", "content": "好听"}, {"uid": "2881166", "content": "初见 可爱 脑瓜子炸了"}, {"uid": "354725743", "content": "886"}, {"uid": "18343394", "content": "我耳机要飞来"}, {"uid": "7833978", "content": "脑瓜子嗡嗡的"}, {"uid": "1704410", "content": "狂鼠病"}, {"uid": "471069463", "content": "好活！！！"}, {"uid": "354725743", "content": "哈哈哈哈哈"}, {"uid": "1704410", "content": "？？？"}, {"uid": "354725743", "content": "哈哈哈哈哈哈哈"}, {"uid": "12028662", "content": "发病了捏"}, {"uid": "18343394", "content": "？？？？"}, {"uid": "1704410", "content": "这是下班开心的？"}, {"uid": "398683342", "content": "hhhhhh"}, {"uid": "18343394", "content": "？"}, {"uid": "1704410", "content": "？？？"}, {"uid": "277979070", "content": "？"}, {"uid": "14227544", "content": "？"}, {"uid": "7833978", "content": "要下班就这么敷衍"}, {"uid": "12028662", "content": "惦记着下班是吧"}, {"uid": "7833978", "content": "干什么干什么"}, {"uid": "354725743", "content": "好耶"}, {"uid": "7833978", "content": "？？？"}, {"uid": "471069463", "content": "好诶"}, {"uid": "354725743", "content": "哈哈哈哈哈哈哈"}, {"uid": "12028662", "content": "公务员石锤了"}, {"uid": "2881166", "content": "师姐要去修炼啦"}, {"uid": "354725743", "content": "886"}, {"uid": "18343394", "content": "好家伙"}, {"uid": "2881166", "content": "要下班啦"}, {"uid": "7833978", "content": "十一点了！下班了！"}, {"uid": "18343394", "content": "发病了？"}, {"uid": "18343394", "content": "？？？？"}, {"uid": "7833978", "content": "？？？"}, {"uid": "471069463", "content": "？？？？？？"}, {"uid": "18343394", "content": "笑死"}, {"uid": "471069463", "content": "好诶"}, {"uid": "2836088", "content": "陈坤是厂花←_←"}, {"uid": "2836088", "content": "唱唱花海？"}, {"uid": "7833978", "content": "师姐触电了"}, {"uid": "18343394", "content": "笑死"}, {"uid": "18343394", "content": "是电影好看还是陈坤好看"}, {"uid": "2836088", "content": "有胡万"}, {"uid": "471069463", "content": "嗯嗯，接下来就去看"}, {"uid": "18343394", "content": "摇起来了！"}, {"uid": "481605717", "content": "你们是怎么打call的"}, {"uid": "471069463", "content": "最近在听画心，不知道电影怎么样"}, {"uid": "18343394", "content": "好家伙"}, {"uid": "481605717", "content": "白嫖大师姐"}, {"uid": "18343394", "content": "套蚊子的小风车"}, {"uid": "2836088", "content": "？又躲汉子"}, {"uid": "7833978", "content": "已经拷走了"}, {"uid": "11458802", "content": "那我也好耶，可爱"}, {"uid": "2836088", "content": "来一首套马杆"}, {"uid": "471069463", "content": "www为什么，我永远喜欢师姐"}, {"uid": "481605717", "content": "针不戳"}, {"uid": "7833978", "content": "打的就是小风车！"}, {"uid": "471069463", "content": "好诶，可爱"}, {"uid": "18343394", "content": "你是蚊子"}, {"uid": "7833978", "content": "你是小风车"}, {"uid": "481605717", "content": "嘶"}, {"uid": "481605717", "content": "ling"}, {"uid": "471069463", "content": "www，不要"}, {"uid": "481605717", "content": "嗯……确实大"}, {"uid": "18343394", "content": "拷起来关起来"}, {"uid": "471069463", "content": "可以每天d师姐了，好诶"}, {"uid": "7833978", "content": "拷起来了"}, {"uid": "471069463", "content": "拷完咯"}, {"uid": "7833978", "content": "摇起来了"}, {"uid": "471069463", "content": "我回来啦"}, {"uid": "18343394", "content": "笑死"}, {"uid": "481605717", "content": "你这名字跟我有缘分"}, {"uid": "7833978", "content": "笑死"}, {"uid": "7833978", "content": "好怪啊"}, {"uid": "481605717", "content": "我觉得吧"}, {"uid": "18343394", "content": "抗门当～～"}, {"uid": "2881166", "content": "好灵活的师姐"}, {"uid": "18343394", "content": "吸溜吸溜"}, {"uid": "18343394", "content": "战术口胡"}, {"uid": "18343394", "content": "喝饱为止"}, {"uid": "18343394", "content": "外洗内服"}, {"uid": "18343394", "content": "那你拿风油精洗澡阿"}, {"uid": "18058907", "content": "很离谱好嘛"}, {"uid": "11458802", "content": "快喝点六神花露水精清醒一下"}, {"uid": "102804423", "content": "溜了溜了，蚌埠住了"}, {"uid": "2881166", "content": "师姐变师妹了"}, {"uid": "7833978", "content": "谢谢师姐  猝死了"}, {"uid": "2881166", "content": "架子音哈哈哈哈哈"}, {"uid": "18343394", "content": "我直接给你拿风油精给你洗澡"}, {"uid": "7833978", "content": "怎么没把你吸干！"}, {"uid": "102804423", "content": "嘴里含着东西，可以理解"}, {"uid": "14227544", "content": " 笑声suki"}, {"uid": "7833978", "content": "可恶啊  吐字清楚一点啊！"}, {"uid": "1704410", "content": "？"}, {"uid": "398683342", "content": "人没了"}, {"uid": "18343394", "content": "啊啊啊啊啊"}, {"uid": "102804423", "content": "阿巴阿巴阿巴"}, {"uid": "18343394", "content": "我先把火点起来"}, {"uid": "18343394", "content": "我们又要烧什么了"}, {"uid": "7833978", "content": "住手！"}, {"uid": "7833978", "content": "我不看！"}, {"uid": "18058907", "content": "(〜￣△￣)〜"}, {"uid": "18343394", "content": "你看看我手里的像不像被烧成灰的风车"}, {"uid": "7833978", "content": "一拳一个小风车"}, {"uid": "18343394", "content": "噗噜噜噜～"}, {"uid": "18343394", "content": "不像风车"}, {"uid": "7833978", "content": "你再说！"}, {"uid": "7833978", "content": "不像！"}, {"uid": "7833978", "content": "好家伙"}, {"uid": "672453003", "content": "你好喔"}, {"uid": "18343394", "content": "先参加了再说笑死"}, {"uid": "18343394", "content": "好家伙"}, {"uid": "7833978", "content": "懂了但没完全懂"}, {"uid": "1704410", "content": "好名字"}, {"uid": "7833978", "content": "笑死"}, {"uid": "12028662", "content": "♪师姐♪师姐♪师姐♪师姐♪"}, {"uid": "7833978", "content": "就一口"}, {"uid": "18343394", "content": "吸溜～"}, {"uid": "12028662", "content": "♪师姐♪师姐♪师姐♪师姐♪"}, {"uid": "7833978", "content": "趁机吃一口"}, {"uid": "398683342", "content": "打call打call"}, {"uid": "33027049", "content": "师姐唱什么都好听！"}, {"uid": "2881166", "content": "师姐适合唱 化做孤岛的鲸"}, {"uid": "1704410", "content": "好家伙"}, {"uid": "18343394", "content": "好家伙"}, {"uid": "7833978", "content": "好家伙"}, {"uid": "18343394", "content": "师姐双点医院怎么样了"}, {"uid": "33027049", "content": "感觉师姐的声线很适合唱大鱼"}, {"uid": "14227544", "content": "豉（chi)第三声"}, {"uid": "18343394", "content": "我都PTSD了"}, {"uid": "1704410", "content": "？？？"}, {"uid": "18343394", "content": "还来？"}, {"uid": "18343394", "content": "？？？"}, {"uid": "7833978", "content": "我给他一拳"}, {"uid": "1704410", "content": "没有吗"}, {"uid": "18343394", "content": "摸了吧"}, {"uid": "7833978", "content": "笑死"}, {"uid": "1704410", "content": "皮"}, {"uid": "18343394", "content": "跐溜～"}, {"uid": "1457515", "content": "大姐頭晚上好"}, {"uid": "498268348", "content": "生草"}, {"uid": "18343394", "content": "吸溜～"}, {"uid": "18343394", "content": "还好"}, {"uid": "14020669", "content": "走了走了"}, {"uid": "18343394", "content": "阿不我只会ABCD那个"}, {"uid": "14020669", "content": "我不会唱歌"}, {"uid": "7833978", "content": "打扰了 都不会唱歌"}, {"uid": "7833978", "content": "隐藏大佬"}, {"uid": "7833978", "content": "笑死"}, {"uid": "18343394", "content": "随机挑一个"}, {"uid": "18343394", "content": "扔骰子把"}, {"uid": "7833978", "content": "笑死"}, {"uid": "18343394", "content": "好家伙"}, {"uid": "7833978", "content": "笑死"}, {"uid": "14020669", "content": "剩下的是礼物会标拼音和弹幕姬的"}, {"uid": "14020669", "content": "3个真会的"}, {"uid": "398683342", "content": "i了i了"}, {"uid": "65419045", "content": "葬爱文艺复兴了"}, {"uid": "14020669", "content": "不过还是会有会念的"}, {"uid": "14020669", "content": "尾巴已经没了"}, {"uid": "597131316", "content": "这首歌啊"}, {"uid": "14020669", "content": "我就喜欢看你们不会念名字时的反应"}, {"uid": "14020669", "content": "我故意的"}, {"uid": "597131316", "content": "师姐早上好( ^_^)／"}, {"uid": "482240831", "content": "来了"}, {"uid": "1704410", "content": "来了"}, {"uid": "7833978", "content": "建议删除队友"}, {"uid": "7833978", "content": "笑死"}, {"uid": "7833978", "content": "烦了 毁灭吧"}, {"uid": "18343394", "content": "无喜无悲遁入智瞳了已经"}, {"uid": "7833978", "content": "瞎了但没完全瞎"}, {"uid": "18343394", "content": "美好的一天从队友不管后排结束"}, {"uid": "18343394", "content": "局外奶"}, {"uid": "36172775", "content": "蜡烛人"}, {"uid": "18343394", "content": "笑死"}, {"uid": "1329612", "content": "好～"}, {"uid": "7833978", "content": "笑死"}, {"uid": "1329612", "content": "师姐加油加油，师妹睡了"}, {"uid": "36172775", "content": "奶妈之间的战斗"}, {"uid": "18343394", "content": "互相睡针"}, {"uid": "1329612", "content": "好～那我去了～我乖"}, {"uid": "402409856", "content": "就是玩天使"}, {"uid": "1329612", "content": "嘛，没事没事师姐抱抱...一定会好起来的"}, {"uid": "402409856", "content": "师姐要不玩一下奶妈"}, {"uid": "18343394", "content": "好弟弟"}, {"uid": "1329612", "content": "师姐快使用你的绝门绝招，弹指一挥间敌人全灭"}, {"uid": "18343394", "content": "玩其他的把笑死"}, {"uid": "402409856", "content": "哦你们都摆烂"}, {"uid": "509828039", "content": "想看师姐玩恐怖游戏"}, {"uid": "18343394", "content": "心如止水"}, {"uid": "1329612", "content": "抱抱～～师姐辛苦啦"}, {"uid": "402409856", "content": "师姐不反抗的吗人家都摆烂了"}, {"uid": "1329612", "content": "师姐是不是心态有点炸，感觉不太高兴的样子"}, {"uid": "1329612", "content": "听着师姐睡觉觉～"}, {"uid": "36946401", "content": "(⌒▽⌒)"}, {"uid": "1329612", "content": "蹭蹭"}, {"uid": "402409856", "content": "练功练到走火入魔了他"}, {"uid": "18343394", "content": "快进到下一把"}, {"uid": "1329612", "content": "播了18小时"}, {"uid": "383190889", "content": "坏女人"}, {"uid": "402409856", "content": "源示的大果然好帅"}, {"uid": "383190889", "content": "坏"}, {"uid": "1329612", "content": "师姐～我已经快飘起来了～"}, {"uid": "383190889", "content": "下饭～"}, {"uid": "36172775", "content": "看得我想早上开一把坐牢了"}, {"uid": "1329612", "content": "贴贴"}, {"uid": "1329612", "content": "师姐～～"}, {"uid": "402409856", "content": "刚睡醒不是清醒"}, {"uid": "383190889", "content": "草"}, {"uid": "383190889", "content": "6"}, {"uid": "402409856", "content": "就是天使不做人师姐好头痛"}, {"uid": "39096217", "content": "hahaha"}, {"uid": "402409856", "content": "听到啊"}, {"uid": "383190889", "content": "6"}, {"uid": "402409856", "content": "不是师姐的问题吗"}, {"uid": "18343394", "content": "摄像头拿去做监控来"}, {"uid": "18343394", "content": "笑死"}, {"uid": "39096217", "content": "wo~~~"}, {"uid": "36172775", "content": "这模式想赢的人更少了，都去杀人"}, {"uid": "2881166", "content": "师姐不气不气 "}, {"uid": "504043099", "content": "师姐早上好"}, {"uid": "36172775", "content": "他不想赢的，只想杀一个人就够了"}, {"uid": "18343394", "content": "六个人个打个的笑死"}, {"uid": "39096217", "content": "哈哈哈哈哈"}, {"uid": "307330509", "content": "笑死了哈哈哈"}, {"uid": "36172775", "content": "被系统安排平衡胜率没办法的"}, {"uid": "18343394", "content": "早上卸载晚上下回来"}, {"uid": "2881166", "content": "师姐怒气值上涨中"}, {"uid": "39096217", "content": "哈哈啥"}, {"uid": "18343394", "content": "好家伙"}, {"uid": "307330509", "content": "寄！"}, {"uid": "307330509", "content": "确实"}, {"uid": "2881166", "content": "师姐 快用你天资聪慧得水灵根想想办法"}, {"uid": "307330509", "content": "哈哈哈哈"}, {"uid": "36172775", "content": "是紧张吗，枪晃得很"}, {"uid": "2881166", "content": "师姐突突突"}, {"uid": "2881166", "content": "师姐ow强耶～"}, {"uid": "351279149", "content": "下午考试了，师姐再见（‵□′）。"}, {"uid": "18058907", "content": "心态发生了变化"}, {"uid": "39096217", "content": "哈哈哈"}, {"uid": "39096217", "content": "崩溃了要"}, {"uid": "39096217", "content": "这铁拳"}, {"uid": "39096217", "content": "哈哈哈"}, {"uid": "39096217", "content": "啊嘛里~"}, {"uid": "39096217", "content": "哈哈哈"}, {"uid": "39096217", "content": "芜湖"}, {"uid": "7833978", "content": "安娜：大风大浪我都经历过"}, {"uid": "39096217", "content": "笑死"}, {"uid": "18343394", "content": "笑死"}, {"uid": "7833978", "content": "笑死"}, {"uid": "5705647", "content": "睡觉了，师姐晚安"}, {"uid": "39096217", "content": "哈哈哈"}, {"uid": "5705647", "content": "好睡"}, {"uid": "5705647", "content": "巴西拳王来咯"}, {"uid": "5705647", "content": "生怕奶不看我"}, {"uid": "698355368", "content": "这两天考试，师姐后天以后见"}, {"uid": "5705647", "content": "我玩t的时候，只要血不是满的就把x键按烂"}, {"uid": "7833978", "content": "偷哎呀"}, {"uid": "277792661", "content": "好家伙师姐一开始擦玻璃我就卡了"}, {"uid": "18343394", "content": "笑死"}, {"uid": "23075066", "content": "拔剑四顾心茫然"}, {"uid": "13156008", "content": "谦虚了这是"}, {"uid": "13156008", "content": "不打竞技吗？"}, {"uid": "5705647", "content": "笑死"}, {"uid": "23075066", "content": "好家伙，回合制游戏"}, {"uid": "18343394", "content": "笑死"}, {"uid": "23075066", "content": "师姐快跑，俩苟位保不住你的"}, {"uid": "18343394", "content": "我看不懂但我大受震撼"}, {"uid": "5705647", "content": "都没什么参与感"}, {"uid": "7833978", "content": "光速占两个点"}, {"uid": "5705647", "content": "这把局外人一样"}, {"uid": "18343394", "content": "笑死"}, {"uid": "7833978", "content": "笑死"}, {"uid": "5705647", "content": "不是，对面啥啊"}, {"uid": "76745726", "content": "你被强化了，我举盾"}, {"uid": "5705647", "content": "赢了这把"}, {"uid": "23075066", "content": "对面毛妹不踩点，绝了"}, {"uid": "277792661", "content": "我一进来就听到了，你被强化了，快送"}, {"uid": "5705647", "content": "麻了"}, {"uid": "5705647", "content": "对面还没把他杀掉"}, {"uid": "5705647", "content": "不是，这个大锤身后没奶，一个人站在那个位置"}, {"uid": "7833978", "content": "和尚在门口就点死两个"}, {"uid": "7833978", "content": "开局就掉了两个"}, {"uid": "23075066", "content": "对面直接一波没我是没想到的"}, {"uid": "5705647", "content": "是不是对面太菜了"}, {"uid": "18805678", "content": "早上好，师姐"}, {"uid": "7833978", "content": "不是赢过了嘛"}, {"uid": "5947555", "content": "全员针对师姐"}, {"uid": "5705647", "content": "怎么老是你"}, {"uid": "5705647", "content": "how old are you？"}, {"uid": "7833978", "content": "花里胡哨的追这么久"}, {"uid": "18343394", "content": "笑死"}, {"uid": "7833978", "content": "笑死"}, {"uid": "12864846", "content": "上班了，拜拜师姐"}, {"uid": "5705647", "content": "试图和堡垒对枪"}, {"uid": "23075066", "content": "有啊，这不是整活游戏吗"}, {"uid": "1532153", "content": "师姐早啊"}, {"uid": "7833978", "content": "灵性堡垒"}, {"uid": "5705647", "content": "我还以为自己家的，一看是对面的"}, {"uid": "5705647", "content": "头上跳下个堡垒"}, {"uid": "5705647", "content": "笑死"}, {"uid": "12864846", "content": "折磨"}, {"uid": "18343394", "content": "当即失去梦想"}, {"uid": "7833978", "content": "猝死了"}, {"uid": "1859653", "content": "哈哈哈，一发弹夹中一发"}, {"uid": "5705647", "content": "为什么一个半藏敢冲到脸上来啊"}, {"uid": "18343394", "content": "好家伙"}, {"uid": "7833978", "content": "戴个战术目镜"}, {"uid": "12864846", "content": "师姐戴眼镜"}, {"uid": "291392982", "content": "正常来讲，有人先手锁个t，情况会好很多"}, {"uid": "5705647", "content": "都是排不到c位，又想过c瘾"}, {"uid": "23075066", "content": "你不是奶兵吗（滑稽）"}, {"uid": "7833978", "content": "医疗兵76"}, {"uid": "1859653", "content": "六c才配赢游戏"}, {"uid": "18343394", "content": "笑死"}, {"uid": "7833978", "content": "6c"}, {"uid": "12864846", "content": "昨天这个图被对面百合狙麻了"}, {"uid": "23075066", "content": "今天能看到师姐拔刀吗（）"}, {"uid": "5947555", "content": "金毛仓鼠一起转生"}, {"uid": "1859653", "content": "早呀师姐"}, {"uid": "7833978", "content": "今天才刷吧"}, {"uid": "18343394", "content": "？？？"}, {"uid": "7833978", "content": "转生吧"}, {"uid": "7833978", "content": "仓鼠！"}, {"uid": "291392982", "content": "长痛"}, {"uid": "12864846", "content": "堵了半天车，终于快了起来"}, {"uid": "5705647", "content": "这个莫姨喜欢绕屁股切人，没拿到狗位有当狗的心"}, {"uid": "291392982", "content": "啊这"}, {"uid": "18343394", "content": "好家伙"}, {"uid": "12864846", "content": "直接麻了"}, {"uid": "12864846", "content": "两个大招打师姐"}, {"uid": "7833978", "content": "两个大"}, {"uid": "7833978", "content": "堡垒在起来晚点就被炸死了"}, {"uid": "291392982", "content": "别说，对面再乱一会没准真能赢。。"}, {"uid": "18343394", "content": "笑死"}, {"uid": "698355368", "content": "hhhh"}, {"uid": "5705647", "content": "笑岔气了"}, {"uid": "5705647", "content": "哈哈哈哈哈哈哈"}, {"uid": "4577251", "content": "呐呐，多系哟？"}, {"uid": "7833978", "content": "笑死"}, {"uid": "12864846", "content": "没人管"}, {"uid": "18343394", "content": "都是无情的左键机器罢了"}, {"uid": "5705647", "content": "师姐没在整活，活找上了师姐"}, {"uid": "12864846", "content": "想起来昨天晚上的金毛，也是这个位置"}, {"uid": "18343394", "content": "笑死座脸上扫"}, {"uid": "5705647", "content": "这个堡垒"}, {"uid": "5705647", "content": "哈哈哈哈哈哈"}, {"uid": "18058907", "content": "癫疯状态实锤了"}, {"uid": "5705647", "content": "这都什么跟什么啊，笑死"}, {"uid": "7833978", "content": "莫伊拉还给了个大"}, {"uid": "5705647", "content": "这些队友和对手，给我看傻了知道吧"}, {"uid": "18343394", "content": "笑死"}, {"uid": "4577251", "content": "惊了，师姐早上好"}, {"uid": "5705647", "content": "憋了那么久不开枪"}, {"uid": "18343394", "content": "我想到昨晚的那局了"}, {"uid": "12864846", "content": "就站在你后面"}, {"uid": "12864846", "content": "笑死"}, {"uid": "7833978", "content": "笑死"}, {"uid": "5705647", "content": "笑死"}, {"uid": "18343394", "content": "t去做小车了"}, {"uid": "291392982", "content": "谁会玩给谁"}, {"uid": "18058907", "content": "黑百合当没技能的76玩，xs"}, {"uid": "7833978", "content": "笑死"}, {"uid": "7833978", "content": "队友都死完了"}, {"uid": "5705647", "content": "t迷路了"}, {"uid": "18343394", "content": "地百合"}, {"uid": "12864846", "content": "点里有人"}, {"uid": "18058907", "content": "点"}, {"uid": "7833978", "content": "点里有人"}, {"uid": "291392982", "content": "点"}, {"uid": "291392982", "content": "师姐站位比以前好很多了"}, {"uid": "7833978", "content": "士兵77"}, {"uid": "18343394", "content": "没人能让我从车上下来"}, {"uid": "12864846", "content": "还在坐车过来看一下"}, {"uid": "18343394", "content": "车车好玩"}, {"uid": "12864846", "content": "师姐早"}, {"uid": "18343394", "content": "笑死"}, {"uid": "5705647", "content": "我都怀疑大早上的排的是不是人机了"}, {"uid": "291392982", "content": "只能说对面离大谱"}, {"uid": "5705647", "content": "对面也奇奇怪怪的"}, {"uid": "18343394", "content": "但就莫名其妙赢了"}, {"uid": "18343394", "content": "笑死"}, {"uid": "5705647", "content": "这个大锤，不是"}, {"uid": "5705647", "content": "笑死"}, {"uid": "718173", "content": "早上好"}, {"uid": "31147719", "content": "游戏不易师姐叹气"}, {"uid": "5705647", "content": "赛 马 娘"}, {"uid": "291392982", "content": "对马"}, {"uid": "18343394", "content": "笑死"}, {"uid": "5705647", "content": "你用屁股都能想明白的，他们想不明白"}, {"uid": "5705647", "content": "就是经典的队友玩不明白游戏"}, {"uid": "291392982", "content": "很多人打游戏不想动脑子的"}, {"uid": "18343394", "content": "莱因哈特能冲"}, {"uid": "5705647", "content": "队友都不看你位置的，笑死"}, {"uid": "18343394", "content": "笑死"}, {"uid": "7833978", "content": "堵门的全死了"}, {"uid": "291392982", "content": "队友离谱"}, {"uid": "18343394", "content": "都是队友的问题"}, {"uid": "7833978", "content": "笑死"}, {"uid": "18343394", "content": "笑死"}, {"uid": "18343394", "content": "巴黎进攻狗都不玩"}, {"uid": "7833978", "content": "笑死"}, {"uid": "10412397", "content": "师姐早上好"}, {"uid": "5705647", "content": "就确实是半藏不如不换"}, {"uid": "18343394", "content": "鲨掉鲨掉全部要鲨掉"}, {"uid": "5705647", "content": "送终鸡了属于是"}, {"uid": "354779026", "content": "法鸡yyds"}, {"uid": "5705647", "content": "笑死"}, {"uid": "5705647", "content": "经典和c对枪"}, {"uid": "108360811", "content": "突然想起以前玩76治疗金牌"}, {"uid": "5705647", "content": "你在暗示刺猬猫技术部？（"}, {"uid": "108360811", "content": "不都是上班的时候看直播或者玩游戏吗"}, {"uid": "31147719", "content": "上班怎么能不摸鱼呢？"}, {"uid": "108360811", "content": "正经人谁认真上班"}, {"uid": "398683342", "content": "奶妈就不能c嘛（气抖冷）"}, {"uid": "18343394", "content": "什么薛定谔，那不是缘分没到嘛"}, {"uid": "31147719", "content": "展示一下"}, {"uid": "354779026", "content": "选个源氏，资源拉满，拔刀0杀"}, {"uid": "31147719", "content": "薛定谔可还行"}, {"uid": "5705647", "content": "我打亚服排c位排十分钟进不去很正常"}, {"uid": "31147719", "content": "你这的来一局C啊"}, {"uid": "5705647", "content": "（排的快）"}, {"uid": "31147719", "content": "从来不能相信别人的C位"}, {"uid": "31147719", "content": "所以说嘛，C位害得自己玩"}, {"uid": "5705647", "content": "结果一开打他人跳没了"}, {"uid": "5705647", "content": "有大锤在前面冲了，猩猩在奶旁边等铁拳过来就行了"}, {"uid": "5705647", "content": "这个猩猩不会"}, {"uid": "31147719", "content": "打得好就浪了"}, {"uid": "5705647", "content": "笑死，好撞"}, {"uid": "5705647", "content": "我玩乃位，对面狗多，坦又不保我，我就选莫姨"}, {"uid": "354779026", "content": "这t也太能冲了）"}, {"uid": "354779026", "content": "奶位一倒，正面全崩"}, {"uid": "31147719", "content": "太惨了"}, {"uid": "354779026", "content": "疯狂曹飞"}, {"uid": "5705647", "content": "母堡垒（bushi"}, {"uid": "212137298", "content": "好家伙"}, {"uid": "232931669", "content": "天天突击"}, {"uid": "354779026", "content": "居然打排位了（狗头）"}, {"uid": "5705647", "content": "除非他是末日铁拳"}, {"uid": "5705647", "content": "玩t偶尔回头看一眼奶位，对面的狗位就很难受"}, {"uid": "108360811", "content": "危仓鼠危"}, {"uid": "108360811", "content": "仓鼠在不在"}, {"uid": "351279149", "content": "早安师姐。"}, {"uid": "31147719", "content": "说实话，玩这么久没玩明白奶"}, {"uid": "18343394", "content": "我亏了好多"}, {"uid": "5705647", "content": "玩t保住奶，玩乃保住t，游戏就赢三分"}, {"uid": "18343394", "content": "震惊我不知道"}, {"uid": "31147719", "content": "玩多了什么游戏走两步一定要跳两下"}, {"uid": "18343394", "content": "我天天被赞赏"}, {"uid": "18343394", "content": "？赞赏还要回的麻"}, {"uid": "31147719", "content": "不跳就难受"}, {"uid": "7833978", "content": "烫jio"}, {"uid": "5705647", "content": "很多人就是玩不明白"}, {"uid": "550687606", "content": "早上好"}, {"uid": "5705647", "content": "我喜欢玩t和奶"}, {"uid": "31147719", "content": "被大了"}, {"uid": "108360811", "content": "早上突击！"}, {"uid": "31147719", "content": "哈哈哈哈"}, {"uid": "108360811", "content": "哈？"}, {"uid": "4394876", "content": "师姐早上好"}, {"uid": "357637145", "content": "打卡"}, {"uid": "31147719", "content": "MT不适合我"}, {"uid": "31147719", "content": "对呀，我玩C"}, {"uid": "471069463", "content": "师姐早吖"}, {"uid": "354725743", "content": "打卡"}, {"uid": "31147719", "content": "玩十局杀十个平均一局一个"}, {"uid": "282845389", "content": "早啊师姐"}, {"uid": "5705647", "content": "这把t没玩明白了属于是"}, {"uid": "31147719", "content": "是啊"}, {"uid": "18343394", "content": "上班了上班了师姐回见"}, {"uid": "31147719", "content": "玩不动了"}, {"uid": "31147719", "content": "自己太菜了"}, {"uid": "31147719", "content": "一年不玩的我前段时间回归一次被强制退游了"}, {"uid": "76745726", "content": "我没看到你"}, {"uid": "18343394", "content": "我之前打了下安娜笑死根本打不中"}, {"uid": "76745726", "content": "早"}, {"uid": "496992109", "content": "早早早(⌒▽⌒)"}, {"uid": "18343394", "content": "来了来了"}, {"uid": "400360694", "content": "早，师姐"}, {"uid": "5705647", "content": "早"}, {"uid": "400360694", "content": "(〜￣△￣)〜"}, {"uid": "18343394", "content": "\\师姐/\\师姐/\\师姐/\\师姐/"}, {"uid": "2881166", "content": "\\帅师姐/\\帅师姐/\\帅师姐/\\帅师姐/"}, {"uid": "7833978", "content": "\\师姐/\\师姐/\\师姐/\\师姐/ \\师姐"}, {"uid": "18343394", "content": "\\师姐/\\师姐/\\师姐/\\师姐/"}, {"uid": "2881166", "content": "\\帅师姐/\\帅师姐/\\帅师姐/\\帅师姐/"}, {"uid": "18343394", "content": "\\师姐/\\师姐/\\师姐/\\师姐/"}, {"uid": "14227544", "content": "\\师姐/\\师姐/\\师姐/\\师姐/"}, {"uid": "18343394", "content": "\\师姐/\\师姐/\\师姐/\\师姐/"}, {"uid": "2881166", "content": "\\帅师姐/\\帅师姐/\\帅师姐/\\帅师姐/"}, {"uid": "2881166", "content": "\\帅师姐/\\帅师姐/\\帅师姐/\\帅师姐/"}, {"uid": "18343394", "content": "\\师姐/\\师姐/\\师姐/\\师姐/"}, {"uid": "18343394", "content": "\\师姐/\\师姐/\\师姐/\\师姐/"}, {"uid": "471069463", "content": "\\师姐/\\师姐/\\师姐/\\师姐/ \\师姐"}, {"uid": "7833978", "content": "\\师姐/\\师姐/\\师姐/\\师姐/ \\师姐"}, {"uid": "2881166", "content": "\\帅师姐/\\帅师姐/\\帅师姐/\\帅师姐/"}, {"uid": "2881166", "content": "\\帅师姐/\\帅师姐/\\帅师姐/\\帅师姐/"}, {"uid": "18343394", "content": "\\师姐/\\师姐/\\师姐/\\师姐/"}, {"uid": "18343394", "content": "\\师姐/\\师姐/\\师姐/\\师姐/"}, {"uid": "18343394", "content": "\\师姐/\\师姐/\\师姐/\\师姐/"}, {"uid": "18343394", "content": "\\师姐/\\师姐/\\师姐/\\师姐/"}, {"uid": "18343394", "content": "\\师姐/\\师姐/\\师姐/\\师姐/"}, {"uid": "7833978", "content": "\\师姐/\\师姐/\\师姐/\\师姐/ \\师姐"}, {"uid": "18343394", "content": "\\师姐/\\师姐/\\师姐/\\师姐/"}, {"uid": "18343394", "content": "\\师姐/\\师姐/\\师姐/\\师姐/"}, {"uid": "18343394", "content": "\\师姐/\\师姐/\\师姐/\\师姐/"}, {"uid": "7833978", "content": "\\师姐/\\师姐/\\师姐/\\师姐/ \\师姐"}, {"uid": "18343394", "content": "\\师姐/\\师姐/\\师姐/\\师姐/"}, {"uid": "7833978", "content": "\\师姐/\\师姐/\\师姐/\\师姐/ \\师姐"}, {"uid": "18343394", "content": "\\师姐/\\师姐/\\师姐/\\师姐/"}, {"uid": "18343394", "content": "\\师姐/\\师姐/\\师姐/\\师姐/"}, {"uid": "18343394", "content": "\\师姐/\\师姐/\\师姐/\\师姐/"}, {"uid": "18343394", "content": "\\师姐/\\师姐/\\师姐/\\师姐/"}, {"uid": "18343394", "content": "\\师姐/\\师姐/\\师姐/\\师姐/"}, {"uid": "18343394", "content": "\\师姐/\\师姐/\\师姐/\\师姐/"}, {"uid": "7833978", "content": "\\师姐/\\师姐/\\师姐/\\师姐/ \\师姐"}, {"uid": "18343394", "content": "\\师姐/\\师姐/\\师姐/\\师姐/"}, {"uid": "7833978", "content": "\\师姐/\\师姐/\\师姐/\\师姐/ \\师姐"}, {"uid": "18343394", "content": "\\师姐/\\师姐/\\师姐/\\师姐/"}, {"uid": "18343394", "content": "\\师姐/\\师姐/\\师姐/\\师姐/"}, {"uid": "7833978", "content": "\\师姐/\\师姐/\\师姐/\\师姐/ \\师姐"}, {"uid": "18343394", "content": "\\师姐/\\师姐/\\师姐/\\师姐/"}, {"uid": "18343394", "content": "\\师姐/\\师姐/\\师姐/\\师姐/"}, {"uid": "18343394", "content": "\\师姐/\\师姐/\\师姐/\\师姐/"}, {"uid": "18343394", "content": "\\师姐/\\师姐/\\师姐/\\师姐/"}, {"uid": "2881166", "content": "\\帅师姐/\\帅师姐/\\帅师姐/\\帅师姐/"}, {"uid": "7833978", "content": "\\师姐/\\师姐/\\师姐/\\师姐/ \\师姐"}, {"uid": "18343394", "content": "\\师姐/\\师姐/\\师姐/\\师姐/"}, {"uid": "18343394", "content": "\\师姐/\\师姐/\\师姐/\\师姐/"}, {"uid": "18343394", "content": "\\师姐/\\师姐/\\师姐/\\师姐/"}, {"uid": "18343394", "content": "\\师姐/\\师姐/\\师姐/\\师姐/ \\师姐"}, {"uid": "18343394", "content": "\\师姐/\\师姐/\\师姐/\\师姐/ \\师姐"}, {"uid": "18343394", "content": "\\师姐/\\师姐/\\师姐/\\师姐/ \\师姐"}, {"uid": "18343394", "content": "\\师姐/\\师姐/\\师姐/\\师姐/ \\师姐"}, {"uid": "18343394", "content": "\\师姐/\\师姐/\\师姐/\\师姐/"}]