[{"uid": "1269725649", "content": "拜"}, {"uid": "552461", "content": "拜拜"}, {"uid": "13781140", "content": "拜拜~"}, {"uid": "471069463", "content": "ptsd"}, {"uid": "220762377", "content": "拜拜"}, {"uid": "170796926", "content": "88"}, {"uid": "698355368", "content": "拜拜"}, {"uid": "471069463", "content": "师姐拜拜"}, {"uid": "8138686", "content": "师姐拜拜"}, {"uid": "15469971", "content": "拜拜"}, {"uid": "170796926", "content": "今天光遇托梦给我了摸一天"}, {"uid": "23788930", "content": "拜拜"}, {"uid": "12864846", "content": "师姐拜拜"}, {"uid": "7833978", "content": "拜拜拜拜"}, {"uid": "170796926", "content": "懂了，师姐以后有错都有借口了"}, {"uid": "12864846", "content": "笑死了"}, {"uid": "1269725649", "content": "有必要这样推卸责任吗"}, {"uid": "12864846", "content": "师姐现在不画画怎么想都是光遇的错"}, {"uid": "12864846", "content": "快乐的游戏玩家，被快乐的社交玩家缠住了"}, {"uid": "1269725649", "content": "吗"}, {"uid": "1269725649", "content": "这不很简单"}, {"uid": "12864846", "content": "坏女人！！！"}, {"uid": "170796926", "content": "怕不是大佬装萌新"}, {"uid": "7833978", "content": "离谱"}, {"uid": "12864846", "content": "hhhhhhhhh"}, {"uid": "170796926", "content": "hhhhhhhhh"}, {"uid": "12864846", "content": "这比追星还夸张"}, {"uid": "12864846", "content": "好夸张"}, {"uid": "12864846", "content": "论我保持单纯的原因"}, {"uid": "474245653", "content": "《论我单纯的原因》"}, {"uid": "471069463", "content": "当场弃游删号"}, {"uid": "170796926", "content": "师姐见得都是粉丝师妹（确信）"}, {"uid": "1269725649", "content": "你还有别的话题吗？"}, {"uid": "471069463", "content": "天，要疯了"}, {"uid": "7833978", "content": "好家伙"}, {"uid": "12864846", "content": "听着和追星差不多"}, {"uid": "471069463", "content": "？？？"}, {"uid": "170796926", "content": "懂了懂了"}, {"uid": "12864846", "content": "饭圈吗笑死"}, {"uid": "471069463", "content": "笑死"}, {"uid": "12864846", "content": "录播有素材了"}, {"uid": "18805678", "content": "不对劲"}, {"uid": "12864846", "content": "害怕"}, {"uid": "232931669", "content": "害怕害怕"}, {"uid": "12864846", "content": "好形象"}, {"uid": "7833978", "content": "快跑"}, {"uid": "7833978", "content": "师姐别玩了"}, {"uid": "1269725649", "content": "你疯了"}, {"uid": "552461", "content": "绘声绘色"}, {"uid": "471069463", "content": "这突然怎么了"}, {"uid": "698355368", "content": "？？？？？"}, {"uid": "474245653", "content": "（￣▽￣）"}, {"uid": "23788930", "content": "太可怕惹"}, {"uid": "12864846", "content": "救命我要笑死了"}, {"uid": "8138686", "content": "？？？？？？"}, {"uid": "471069463", "content": "？？？？？？？？？？？？？"}, {"uid": "7833978", "content": "草"}, {"uid": "12864846", "content": "笑死"}, {"uid": "12864846", "content": "？？？？？？"}, {"uid": "23015177", "content": "万里挑1"}, {"uid": "552461", "content": "？？？"}, {"uid": "9119045", "content": "xs"}, {"uid": "7833978", "content": "？？？？"}, {"uid": "471069463", "content": "？？？？"}, {"uid": "8138686", "content": "？？？？？？？"}, {"uid": "170796926", "content": "??????"}, {"uid": "12864846", "content": "hhhhhhhhhh"}, {"uid": "12864846", "content": "笑死"}, {"uid": "12864846", "content": "毕竟是社交游戏"}, {"uid": "12864846", "content": "In? Run?"}, {"uid": "471069463", "content": "怕了怕了，被纠缠上了"}, {"uid": "18805678", "content": "2333333"}, {"uid": "170796926", "content": "有奖励啥都干"}, {"uid": "12864846", "content": "在？跑？"}, {"uid": "170796926", "content": "全都奔着收集啥的去"}, {"uid": "7833978", "content": "在？跑？"}, {"uid": "12864846", "content": "笑死"}, {"uid": "12864846", "content": "hhhhhhhh"}, {"uid": "170796926", "content": "师姐一看就是真游戏玩家"}, {"uid": "8138686", "content": "跑完这图就散伙"}, {"uid": "12864846", "content": "低龄化的"}, {"uid": "12864846", "content": "所以还是有点"}, {"uid": "12864846", "content": "还有堂弟高二"}, {"uid": "12864846", "content": "我堂妹初三的也在玩这个"}, {"uid": "552461", "content": "笑死"}, {"uid": "170796926", "content": "师姐：我怎么感觉跟你们有代沟"}, {"uid": "1269725649", "content": "直女"}, {"uid": "12864846", "content": "笑死"}, {"uid": "1269725649", "content": "笑死"}, {"uid": "15469971", "content": "就像小时候短头发的是男生的判断方式"}, {"uid": "7833978", "content": "这人穿的好看我们把他冲了"}, {"uid": "12864846", "content": "霸道师姐爱上我"}, {"uid": "8138686", "content": "师姐老实人"}, {"uid": "18805678", "content": "帅就完事了"}, {"uid": "8138686", "content": "那没办法"}, {"uid": "1269725649", "content": "我过去就是一脚一脚踢"}, {"uid": "18805678", "content": "不愧是霸道师姐"}, {"uid": "12864846", "content": "斩首后仰.jpg"}, {"uid": "15469971", "content": "www。"}, {"uid": "12864846", "content": "什么叫人靠衣装，佛靠金装"}, {"uid": "474245653", "content": "拉拉匪？"}, {"uid": "23015177", "content": "想↑"}, {"uid": "23015177", "content": "我好像逃——"}, {"uid": "3063452", "content": "女孩子？"}, {"uid": "170796926", "content": "触及师姐的盲区给师姐整不会了"}, {"uid": "23015177", "content": "笑死"}, {"uid": "12864846", "content": "我牵你的手只是交流的方式，女人"}, {"uid": "8138686", "content": "社会学研究+1"}, {"uid": "1269725649", "content": "我牵手就是为了蹭图"}, {"uid": "15469971", "content": "欧墨西落依的好男人"}, {"uid": "12864846", "content": "妹妹想和你谈恋爱了"}, {"uid": "8138686", "content": "说话好听"}, {"uid": "12864846", "content": "老亚撒西了"}, {"uid": "15469971", "content": "之后：斯巴拉西的好男人"}, {"uid": "8138686", "content": "高情商"}, {"uid": "15469971", "content": "之前：亚萨西的好男人"}, {"uid": "474245653", "content": "老社交人咯"}, {"uid": "471069463", "content": "高情商"}, {"uid": "12864846", "content": "高情商"}, {"uid": "1269725649", "content": "这就是你装逼的后果"}, {"uid": "12864846", "content": "不需要逗人家，人家自己上钩了"}, {"uid": "23788930", "content": "还好  我妹妹不是这么玩光遇的"}, {"uid": "15469971", "content": "在之前你是怎么逗人家的"}, {"uid": "8138686", "content": "数值玩家.jpg"}, {"uid": "698355368", "content": "还不如找个只想跑图的工具人"}, {"uid": "8138686", "content": "有经验加成"}, {"uid": "12864846", "content": "hhhhhhhhh"}, {"uid": "23015177", "content": "笑死"}, {"uid": "170796926", "content": "(･∀･)"}, {"uid": "471069463", "content": "孩子太年轻了"}, {"uid": "23788930", "content": "这种人烧了吧"}, {"uid": "12864846", "content": "笑死"}, {"uid": "7833978", "content": "烧死了吧"}, {"uid": "12864846", "content": "我们是好友，我们一起一定有光明的未来"}, {"uid": "471069463", "content": "笑死"}, {"uid": "23015177", "content": "玛丽苏小说看多了吧"}, {"uid": "1269725649", "content": "笑死我，全部好友都不这样"}, {"uid": "12864846", "content": "恋爱脑"}, {"uid": "552461", "content": "哈哈哈哈"}, {"uid": "170796926", "content": "怕不是妹妹看穿师姐的身份了想直接篡位当2师妹"}, {"uid": "23015177", "content": "高冷帅哥谁能不爱呢哈哈哈哈哈哈哈哈哈哈哈"}, {"uid": "12864846", "content": "无法用正常语言沟通"}, {"uid": "471069463", "content": "哈哈哈哈哈哈"}, {"uid": "8138686", "content": "它把师姐玩穿了"}, {"uid": "170796926", "content": "师姐感觉跟个育儿保姆一样"}, {"uid": "12864846", "content": "心理学带师"}, {"uid": "170796926", "content": "笑死了"}, {"uid": "698355368", "content": "妈耶"}, {"uid": "552461", "content": "？？？"}, {"uid": "8138686", "content": "怪起来了"}, {"uid": "12864846", "content": "听着像小孩子笑死了"}, {"uid": "8138686", "content": "？？？？？"}, {"uid": "23015177", "content": "。。。。"}, {"uid": "12864846", "content": "笑死"}, {"uid": "12864846", "content": "让我一个人玩好吗"}, {"uid": "8138686", "content": "“让我一个人”"}, {"uid": "1269725649", "content": "游戏"}, {"uid": "471069463", "content": "我也被一个女的这么纠缠过，害怕极了"}, {"uid": "552461", "content": "笑死"}, {"uid": "1269725649", "content": "在学校玩"}, {"uid": "23015177", "content": "我笑死"}, {"uid": "12864846", "content": "倒吸一口凉气"}, {"uid": "471069463", "content": "哈哈哈哈哈，太恐怖了"}, {"uid": "12864846", "content": "不用上学吗"}, {"uid": "12864846", "content": "好家伙"}, {"uid": "12864846", "content": "我22级牌子了不容易"}, {"uid": "2881166", "content": "自我感觉极其良好"}, {"uid": "7833978", "content": "没读书"}, {"uid": "7833978", "content": "妹读书"}, {"uid": "12864846", "content": "有"}, {"uid": "23788930", "content": "太强了...."}, {"uid": "23015177", "content": "妹妹多大了，可曾读过书"}, {"uid": "1269725649", "content": "我就没有遇到"}, {"uid": "698355368", "content": "这也太。。。"}, {"uid": "12864846", "content": "会自我感动太恐怖了"}, {"uid": "1269725649", "content": "怎么我就没有遇到？"}, {"uid": "12864846", "content": "最怕就是这种了"}, {"uid": "471069463", "content": "学到了学到了，给想谈恋爱的男生推荐这个"}, {"uid": "552461", "content": "好家伙"}, {"uid": "12864846", "content": "笑死"}, {"uid": "12864846", "content": "好家伙"}, {"uid": "232931669", "content": "所以应该穿乞丐服"}, {"uid": "2881166", "content": "哇 网络的凯子"}, {"uid": "2481910", "content": "冲鸭"}, {"uid": "170796926", "content": "好家伙这一会给我笑个不停"}, {"uid": "7833978", "content": "笑死"}, {"uid": "8138686", "content": "网上太怪了"}, {"uid": "471069463", "content": "哈哈哈哈哈哈"}, {"uid": "471069463", "content": "冲！"}, {"uid": "1269725649", "content": "没有妹妹"}, {"uid": "2881166", "content": "女孩子不是你这么说话的人"}, {"uid": "12864846", "content": "我怎么说话还要教我太离谱了"}, {"uid": "416031948", "content": "草，开幕雷击"}, {"uid": "698355368", "content": "奇怪的见识增加了"}, {"uid": "15469971", "content": "能说出这种话的难道不是男的吗"}, {"uid": "1269725649", "content": "说话的你别说，你说的我都有点想卸载"}, {"uid": "12864846", "content": "这个还要学的吗"}, {"uid": "12864846", "content": "笑死"}, {"uid": "7833978", "content": "大为震惊"}, {"uid": "170796926", "content": "hhhhhhhhhhhh"}, {"uid": "15469971", "content": "然后遇到个喜欢“有趣的男人”的"}, {"uid": "23015177", "content": "就没有人能追上我"}, {"uid": "23015177", "content": "只要我跑的够快"}, {"uid": "1269725649", "content": "你有"}, {"uid": "698355368", "content": "师姐只是想要个工具人罢了"}, {"uid": "23015177", "content": "我都不和人点火"}, {"uid": "12864846", "content": "我不是，我没有啊"}, {"uid": "170796926", "content": "....."}, {"uid": "698355368", "content": "？？？？"}, {"uid": "23788930", "content": "2333"}, {"uid": "23788930", "content": "师姐有多余的心思的话头上会有一个危字"}, {"uid": "2881166", "content": "师姐哈哈哈哈哈哈"}, {"uid": "23015177", "content": "。。。"}, {"uid": "8138686", "content": "草"}, {"uid": "8138686", "content": "？？？？？"}, {"uid": "1269725649", "content": "但是我们全部都想泡你"}, {"uid": "170796926", "content": "好家伙师姐怕不是在妹妹眼中是个钢铁直男"}, {"uid": "8138686", "content": "莫挨老子"}, {"uid": "474245653", "content": "这些纸箱人是什么？"}, {"uid": "8138686", "content": "“你又懂什么！”"}, {"uid": "7833978", "content": "好家伙 我们频道喇叭都不敢这么喊"}, {"uid": "1269725649", "content": "对对我来讲就是个工具的，你带我跑图就这样"}, {"uid": "23015177", "content": "我说你是充电宝，而你只认得一个字"}, {"uid": "2881166", "content": "师姐激动了"}, {"uid": "2881166", "content": "世界激动"}, {"uid": "471069463", "content": "哈哈哈哈哈哈"}, {"uid": "471069463", "content": "“直男”"}, {"uid": "1269725649", "content": "不能"}, {"uid": "15469971", "content": "果然，想你这样的男生就是说不通的"}, {"uid": "23015177", "content": "我只是想要个充电宝"}, {"uid": "232931669", "content": "哈哈哈哈"}, {"uid": "23015177", "content": "哈哈哈哈哈哈哈哈哈"}, {"uid": "9119045", "content": "痛风了已经"}, {"uid": "698355368", "content": "奇怪的见识增加了"}, {"uid": "170796926", "content": "好家伙，师姐经验丰富"}, {"uid": "471069463", "content": "哈哈哈哈哈哈"}, {"uid": "1269725649", "content": "小矮人，龙骨"}, {"uid": "23015177", "content": "好家伙"}, {"uid": "9055146", "content": "对面男通"}, {"uid": "12864846", "content": "hhhhh"}, {"uid": "23015177", "content": "男的"}, {"uid": "23015177", "content": "我之前玩，我以为对面是女的对面以为我是"}, {"uid": "1269725649", "content": "那你用的装扮肯定是男的"}, {"uid": "15469971", "content": "说不定对面是男的呢"}, {"uid": "12864846", "content": "说着说着就想发展更进一步的关系"}, {"uid": "8138686", "content": "纯 友 谊 "}, {"uid": "170796926", "content": "师姐培养师妹原来早就开始从路人开始了"}, {"uid": "32042454", "content": "高冷师姐俏师妹"}, {"uid": "1269725649", "content": "有点自恋哦"}, {"uid": "474245653", "content": "汉子气质"}, {"uid": "1269725649", "content": "不是你想多了"}, {"uid": "2881166", "content": "师姐哈哈哈哈哈"}, {"uid": "698355368", "content": "笑死"}, {"uid": "23015177", "content": "她年纪有我巴掌大吗"}, {"uid": "2881166", "content": "高冷师姐哈哈哈哈哈"}, {"uid": "471069463", "content": "笑死"}, {"uid": "32042454", "content": "笑死了"}, {"uid": "32042454", "content": "你不觉得寂寞吗姐姐"}, {"uid": "12864846", "content": "笑死了"}, {"uid": "12864846", "content": "救命，好奇怪的搭讪"}, {"uid": "471069463", "content": "hhhhhhh"}, {"uid": "23015177", "content": "我乐意哈哈哈哈哈哈"}, {"uid": "1269725649", "content": "还可以串台的"}, {"uid": "12864846", "content": "hhhhhhhhhh"}, {"uid": "23015177", "content": "白色的"}, {"uid": "23015177", "content": "情人节那个吗"}, {"uid": "32042454", "content": "快进到都变成师妹"}, {"uid": "2481910", "content": "不愧是白师姐"}, {"uid": "170796926", "content": "不愧是我们的师姐"}, {"uid": "8138686", "content": "草"}, {"uid": "12864846", "content": "好家伙"}, {"uid": "471069463", "content": "那我喜欢玩女号的...阿巴阿巴"}, {"uid": "32042454", "content": "笑死"}, {"uid": "232931669", "content": "？"}, {"uid": "170796926", "content": "?????"}, {"uid": "23015177", "content": "我笑死"}, {"uid": "2881166", "content": "我的天啊 这有点离谱了"}, {"uid": "1269725649", "content": "诶，我就是光遇的男的"}, {"uid": "1269725649", "content": "还是打王者吧"}, {"uid": "23015177", "content": "真的很离谱"}, {"uid": "8138686", "content": "什么玩意？？？"}, {"uid": "471069463", "content": "哈哈哈哈哈哈"}, {"uid": "12864846", "content": "太离谱了"}, {"uid": "8138686", "content": "？？？？？？？"}, {"uid": "2881166", "content": "要我我就卸载了"}, {"uid": "12864846", "content": "hhhhhh"}, {"uid": "170796926", "content": "hhhhh"}, {"uid": "1269725649", "content": "笑死"}, {"uid": "32042454", "content": "草 好好笑"}, {"uid": "474245653", "content": "厕所什么时候修好了？"}, {"uid": "7833978", "content": "恨不得长两个身子"}, {"uid": "1269725649", "content": "难看"}, {"uid": "8138686", "content": "哎"}, {"uid": "2737171", "content": "好家伙"}, {"uid": "32042454", "content": "姐姐看我我开屏"}, {"uid": "1269725649", "content": "额，在我看来那是在那抽风"}, {"uid": "7833978", "content": "？？？"}, {"uid": "170796926", "content": "hhhhh有画面感了感觉有点可爱"}, {"uid": "32042454", "content": "全 都 穿 在 身 上"}, {"uid": "12864846", "content": "笑死了"}, {"uid": "12864846", "content": "孔雀"}, {"uid": "1269725649", "content": "的"}, {"uid": "1269725649", "content": "我感觉安卓挺好"}, {"uid": "12864846", "content": "如果是社交游戏的话有这种就等于宣判死刑了"}, {"uid": "32042454", "content": "黄牛或成最大赢家"}, {"uid": "1269725649", "content": "对"}, {"uid": "1269725649", "content": "的"}, {"uid": "170796926", "content": "还能这么找cp的"}, {"uid": "1269725649", "content": "，其实你不用看成这么乱"}, {"uid": "170796926", "content": "??月听越怪"}, {"uid": "32042454", "content": "草 这好恐怖"}, {"uid": "8138686", "content": "内容突变！？"}, {"uid": "471069463", "content": "阿巴阿巴"}, {"uid": "12864846", "content": "救命，居然还能这样"}, {"uid": "1269725649", "content": "雨妈"}, {"uid": "8138686", "content": "？？？？"}, {"uid": "23015177", "content": "挺救命的"}, {"uid": "23015177", "content": "发性恋"}, {"uid": "12864846", "content": "我堂弟就玩的"}, {"uid": "12864846", "content": "好家伙，小孩子确实很多都玩的"}, {"uid": "1269725649", "content": "有这样的很少"}, {"uid": "32042454", "content": "草 好好笑"}, {"uid": "471069463", "content": "hhh"}, {"uid": "170796926", "content": "算看热闹的"}, {"uid": "1269725649", "content": "我是直接去牵手就行"}, {"uid": "32042454", "content": "算 云"}, {"uid": "2881166", "content": "请问我这种看同事玩的算哪类呢^_^"}, {"uid": "1269725649", "content": "孤寡人"}, {"uid": "1269725649", "content": "我也找，监护人，然后把它当成工具"}, {"uid": "471069463", "content": "emmm"}, {"uid": "23015177", "content": "借游戏组cp"}, {"uid": "2481910", "content": "社交性太强了（"}, {"uid": "1269725649", "content": "专业的"}, {"uid": "2881166", "content": "跑来跑去的"}, {"uid": "2881166", "content": "那不就是个跑图游戏吗"}, {"uid": "1269725649", "content": "嗯，蹭图"}, {"uid": "32042454", "content": "有点迷路就离开了（？"}, {"uid": "32042454", "content": "我在国服还没开的时候玩了一下..."}, {"uid": "1269725649", "content": "一直在玩"}, {"uid": "1269725649", "content": "安卓"}, {"uid": "474245653", "content": "光遇是什么？就叫这个吗？"}, {"uid": "32042454", "content": "所以说爱会消失是吗（不）"}, {"uid": "1269725649", "content": "我开服玩家"}, {"uid": "12864846", "content": "这几个人在这里聊了多少天了"}, {"uid": "474245653", "content": "塞满了"}, {"uid": "23015177", "content": "好家伙，这个厕所坏了冒绿光"}, {"uid": "2881166", "content": "师姐原本很清楚的"}, {"uid": "1269725649", "content": "我感觉，光遇挺香的"}, {"uid": "12864846", "content": "我还以为生气会把门砸了"}, {"uid": "8138686", "content": "这人为什么没被关进去？"}, {"uid": "471069463", "content": "hhh"}, {"uid": "1269725649", "content": "是喜欢看你，但是你稍微有点自恋"}, {"uid": "474245653", "content": "个个都要撅屁股"}, {"uid": "170796926", "content": "??好家伙今天是大师姐的黑怜形态"}, {"uid": "8138686", "content": "草"}, {"uid": "1269725649", "content": "有趣吗？"}, {"uid": "474245653", "content": "看别人玩就是快乐"}, {"uid": "1269725649", "content": "我感觉就是你不知道玩什么，打发时间"}, {"uid": "474245653", "content": "丧失危机"}, {"uid": "1269725649", "content": "这游戏好玩吗，感觉不怎么好玩"}, {"uid": "12505357", "content": "没有厨房"}, {"uid": "170796926", "content": "他可能觉得这几个关在外面的人有趣一直在外面看"}, {"uid": "698355368", "content": "免费保安？"}, {"uid": "474245653", "content": "我看到了一滩……"}, {"uid": "552461", "content": "非法监禁"}, {"uid": "474245653", "content": "咦，可以直接出去啊"}, {"uid": "170796926", "content": "hhhhhh"}, {"uid": "226964539", "content": "这是被关在里面了吗"}, {"uid": "226964539", "content": "？？？"}, {"uid": "2737171", "content": "草"}, {"uid": "474245653", "content": "还是自己有吃的"}, {"uid": "226964539", "content": "晚上好师姐"}, {"uid": "474245653", "content": "门锁了去厕所吃吗"}, {"uid": "552461", "content": "？？？"}, {"uid": "170796926", "content": "??"}, {"uid": "2481910", "content": "大 善 人"}, {"uid": "15469971", "content": "家人没回去出来找的吧"}, {"uid": "2737171", "content": "笑死"}, {"uid": "7833978", "content": "笑死"}, {"uid": "471069463", "content": "笑死"}, {"uid": "23015177", "content": "笑死，客人当场报警"}, {"uid": "7833978", "content": "八点啦！加班啦！"}, {"uid": "8138686", "content": "冰雪节？蜜雪冰城？"}, {"uid": "2881166", "content": "师姐得邪恶.jpg"}, {"uid": "34440189", "content": "你才是真正的混沌恶"}, {"uid": "8138686", "content": "仓鼠乌托邦？"}, {"uid": "12505357", "content": "完了，出不去了"}, {"uid": "552461", "content": "还说不是鬼子的碉楼"}, {"uid": "8138686", "content": "？？？"}, {"uid": "12864846", "content": "我懂了，这个房子吃人"}, {"uid": "474245653", "content": "我悟了"}, {"uid": "552461", "content": "马桶水洗澡"}, {"uid": "12864846", "content": "完全没问题"}, {"uid": "8138686", "content": "？？？？？"}, {"uid": "12864846", "content": "笑死了"}, {"uid": "8138686", "content": "桌边马桶"}, {"uid": "2881166", "content": "痛苦面具"}, {"uid": "12864846", "content": "小白鼠"}, {"uid": "12505357", "content": "这个信箱邮递员怎么送进去"}, {"uid": "504043099", "content": "放心，好好劳改，一定要活下去？？？"}, {"uid": "18805678", "content": "进步很大（doge）"}, {"uid": "12864846", "content": "电视剧越狱"}, {"uid": "12864846", "content": "笑死"}, {"uid": "7833978", "content": "进监狱啦！"}, {"uid": "7833978", "content": "厕所连成一条线"}, {"uid": "2881166", "content": "请受害者 闪亮登场"}, {"uid": "8138686", "content": "不过u1s1 师姐建筑力明显提升了"}, {"uid": "8138686", "content": "厕所对线"}, {"uid": "471069463", "content": "（￣▽￣）"}, {"uid": "474245653", "content": "天堂地狱一人一间厕所"}, {"uid": "23015177", "content": "非法获取钱财"}, {"uid": "23015177", "content": "原来这就是他们的入狱原因"}, {"uid": "8138686", "content": "安排一下"}, {"uid": "7833978", "content": "天堂要和地狱一起入住"}, {"uid": "8138686", "content": "草"}, {"uid": "8138686", "content": "地狱"}, {"uid": "504043099", "content": "是人间“天堂”"}, {"uid": "471069463", "content": "（￣へ￣）"}, {"uid": "12864846", "content": "师姐的表情病娇起来了"}, {"uid": "8138686", "content": "回来一看 这是最严密的孤岛监狱吧？"}, {"uid": "12864846", "content": "为什么这个要收这么多钱"}, {"uid": "12864846", "content": "笑死了"}, {"uid": "7833978", "content": "我笑死了了"}, {"uid": "12864846", "content": "监狱家族"}, {"uid": "15469971", "content": "海扁王"}, {"uid": "7833978", "content": "傻瓜侠"}, {"uid": "700436732", "content": "只有3本小说吗？"}, {"uid": "15469971", "content": "身材不错哦，最近有在健身嘛"}, {"uid": "2881166", "content": "都是高考落榜的"}, {"uid": "12864846", "content": "虽然不懂，但是我大受震撼"}, {"uid": "15469971", "content": "可能想表达闪电，但是我一眼看见个m"}, {"uid": "552461", "content": "监狱继续教育"}, {"uid": "7833978", "content": "使他们犯罪"}, {"uid": "471069463", "content": "网炸了，呜呜"}, {"uid": "471069463", "content": "师姐什么时候捏我们吖"}, {"uid": "23015177", "content": "果然很罪犯"}, {"uid": "2881166", "content": "这是第几位受害者请问"}, {"uid": "474245653", "content": "我微了"}, {"uid": "552461", "content": "正在捏的就是食物"}, {"uid": "471069463", "content": "师姐在捏谁啊"}, {"uid": "2881166", "content": "不然会被关进陵园豪宅的"}, {"uid": "49569332", "content": "能不能捏几个食物"}, {"uid": "2881166", "content": "我决定了 一定不能惹师姐生气"}, {"uid": "471069463", "content": "出来了，游戏no，师姐yes"}, {"uid": "2881166", "content": "罪犯哈哈哈"}, {"uid": "12864846", "content": "随机捏几个罪犯"}, {"uid": "12864846", "content": "笑死了"}, {"uid": "23015177", "content": "明白了"}, {"uid": "23015177", "content": "随机捏几个罪犯"}, {"uid": "471069463", "content": "我还是看师姐直播吧"}, {"uid": "471069463", "content": "呜呜呜"}, {"uid": "552461", "content": "暴露本性了"}, {"uid": "23015177", "content": "现在是在捏谁"}, {"uid": "1340985", "content": "另送抬棺天团专业接送"}, {"uid": "700436732", "content": "作者都有啥作品来着？"}, {"uid": "23015177", "content": "高情商：你是不是遇到了什么困难"}, {"uid": "474245653", "content": "《自我评价良好》"}, {"uid": "23015177", "content": "低情商：你是不是脑子有问题"}, {"uid": "2881166", "content": "五米挑高 超大空间"}, {"uid": "23015177", "content": "哈哈哈哈哈哈哈哈"}, {"uid": "2881166", "content": "陵园豪宅 给您 最封闭的感受"}, {"uid": "12864846", "content": "陵园豪宅笑死了"}, {"uid": "504043099", "content": "师姐，我小学快毕业了，可以入住宿舍吗？"}, {"uid": "12505357", "content": "笑死了"}, {"uid": "23015177", "content": "笑死"}, {"uid": "12864846", "content": "hhhhhhh"}, {"uid": "2881166", "content": "coming soon"}, {"uid": "552461", "content": "陵园豪宅"}, {"uid": "2881166", "content": "金蝉脱壳4 师姐制造 在劫难逃"}, {"uid": "1340985", "content": "在？短篇啥时候上映"}, {"uid": "474245653", "content": "《精致》"}, {"uid": "2881166", "content": "电影短篇我已经想好了"}, {"uid": "28481187", "content": "灯塔"}, {"uid": "2881166", "content": "金蝉脱壳4 师姐出品 在劫难逃"}, {"uid": "12864846", "content": "笑死"}, {"uid": "474245653", "content": "怕教学楼里的野人"}, {"uid": "1340985", "content": "不止安心，兼职安息"}, {"uid": "32311666", "content": "树太高了，现在房子里连光线都没了hhh"}, {"uid": "474245653", "content": "鲁滨逊"}, {"uid": "552461", "content": "越来越像防御工事"}, {"uid": "23015177", "content": "一个都跑不了"}, {"uid": "2481910", "content": "神神秘秘的感觉"}, {"uid": "12505357", "content": "人造盆地"}, {"uid": "23015177", "content": "更像监狱了呢"}, {"uid": "552461", "content": "鬼子炮楼"}, {"uid": "23015177", "content": "这些树，完美挡住了窗口"}, {"uid": "12505357", "content": "校园主题监狱让你梦回学生时代"}, {"uid": "23015177", "content": "原来不是吗"}, {"uid": "12864846", "content": "养蛊"}, {"uid": "12864846", "content": "笑死"}, {"uid": "2175498", "content": "我觉得我来住不了两天就疯了"}, {"uid": "552461", "content": "只有强者才能活着出来"}, {"uid": "2175498", "content": "粉色监   牢"}, {"uid": "28481187", "content": "师姐辛苦的设计度仙门宿舍。感动！"}, {"uid": "2881166", "content": "一般监狱得哨塔都长这样"}, {"uid": "23015177", "content": "这个顶，夏天会起火的吧"}, {"uid": "552461", "content": "隔这烤蚂蚁呢"}, {"uid": "2175498", "content": "指被热死"}, {"uid": "552461", "content": "这层在夏天一定很温暖"}, {"uid": "28481187", "content": "采光好X隐私全无.job"}, {"uid": "2881166", "content": "师姐墙上应该写几个大字 回头是岸"}, {"uid": "2881166", "content": "实际上是改造中心"}, {"uid": "2881166", "content": "外表他是个大学宿舍"}, {"uid": "552461", "content": "这里是阿卡姆精神治疗中心吗"}, {"uid": "504043099", "content": "夜间援课的地方有吗？？？"}, {"uid": "8138686", "content": "请问这是监狱模拟器吗？"}, {"uid": "8138686", "content": "挺好的"}, {"uid": "23015177", "content": "完全明白了呢"}, {"uid": "12864846", "content": "竟然寻求刺激，那就贯彻到底.jpg"}, {"uid": "23015177", "content": "这个是戒网瘾中心始吧"}, {"uid": "12864846", "content": "可以在地下室设一个禁闭室"}, {"uid": "170796926", "content": "师姐晚上好(･∀･)"}, {"uid": "2881166", "content": "果然时监狱 还有禁闭室哈哈哈哈"}, {"uid": "108360811", "content": "吓的半死"}, {"uid": "23015177", "content": "上下铺但是只有一张桌子，桌面还那么空"}, {"uid": "108360811", "content": "疼的清醒了"}, {"uid": "108360811", "content": "直接一拳打了过去，然后疼的"}, {"uid": "545549120", "content": "如果这是度仙门宿舍..."}, {"uid": "108360811", "content": "我就上次把衣服挂再床边，半夜醒来"}, {"uid": "12864846", "content": "不会"}, {"uid": "471069463", "content": "cao"}, {"uid": "12864846", "content": "笑死"}, {"uid": "108360811", "content": "床边上挂衣服不会吓死吗"}, {"uid": "23015177", "content": "我笑死"}, {"uid": "471069463", "content": "这是给谁住的"}, {"uid": "7833978", "content": "熏的话上别人的厕所不就好了"}, {"uid": "12864846", "content": "师姐也不是什么魔鬼"}, {"uid": "15469971", "content": "有独卫的大学宿舍其实不多的，多好的条件啊"}, {"uid": "7833978", "content": "笑死"}, {"uid": "12864846", "content": "魔鬼想法"}, {"uid": "12505357", "content": "人性化"}, {"uid": "23015177", "content": "晚上睡觉不会熏得慌吗"}, {"uid": "12864846", "content": "拽衣服擦屁股笑死"}, {"uid": "28481187", "content": "方便、合理"}, {"uid": "28481187", "content": "厕所旁放衣服.job"}, {"uid": "2175498", "content": "如果这是我的大学宿舍，我选择出去租房"}, {"uid": "108360811", "content": "没上过大学，哭了"}, {"uid": "2737171", "content": "免了"}, {"uid": "23015177", "content": "突然觉得我大学真好"}, {"uid": "108360811", "content": "别人睡不睡得着我也不知道，我肯定能睡着"}, {"uid": "23015177", "content": "好家伙"}, {"uid": "23015177", "content": "给水住的啊"}, {"uid": "23015177", "content": "现在在搭的是什么"}, {"uid": "32311666", "content": "奇怪的知识增加了（宇宙 猫猫头"}, {"uid": "17588966", "content": "琼明峰的宿舍吗  爱了爱了"}, {"uid": "8138686", "content": "（￣▽￣）"}, {"uid": "108360811", "content": "上完厕所直接吃饭（震惊猫猫头"}, {"uid": "2737171", "content": " 后 街 女 孩"}, {"uid": "12864846", "content": "笑死"}, {"uid": "32311666", "content": "后 街 少 女"}, {"uid": "108360811", "content": "只要我一直"}, {"uid": "12505357", "content": "哈哈哈"}, {"uid": "325384143", "content": "不洗了"}, {"uid": "108360811", "content": "想要我一直点关注"}, {"uid": "504043099", "content": "学生全是美少女不就好了"}, {"uid": "2737171", "content": "这两在一起，我ptsd了想起了师姐的监狱"}, {"uid": "325384143", "content": "啊这"}, {"uid": "108360811", "content": "（￣▽￣）"}, {"uid": "12864846", "content": "笑死"}, {"uid": "23015177", "content": "这个bgm听着风水不太好的样子"}, {"uid": "12505357", "content": "直接监狱式马桶"}, {"uid": "12864846", "content": "厕所去楼下上"}, {"uid": "108360811", "content": "有味道的宿舍"}, {"uid": "108360811", "content": "所以，是在厕所睡觉吗"}, {"uid": "2737171", "content": "眺望风景—窗户锁死根本看不到外面"}, {"uid": "108360811", "content": "放师姐的画"}, {"uid": "17588966", "content": "这是什么新型戒网瘾吗？"}, {"uid": "108360811", "content": "更厉害了"}, {"uid": "108360811", "content": "一说近视，我今天突然发现自己近视的更厉害"}, {"uid": "2737171", "content": "《用品》指53"}, {"uid": "2737171", "content": "魔鬼啊"}, {"uid": "2175498", "content": "吃什么饭，看书去！"}, {"uid": "471069463", "content": "(;¬_¬)"}, {"uid": "28481187", "content": "不是画画吗"}, {"uid": "12864846", "content": "书香气"}, {"uid": "7833978", "content": "离谱"}, {"uid": "7833978", "content": "？？？"}, {"uid": "325384143", "content": "监狱"}, {"uid": "325384143", "content": "师姐在监狱模拟器里造宿舍，在模拟人生里造"}, {"uid": "12864846", "content": "在饭桌前摆书架"}, {"uid": "108360811", "content": "有集体监狱那味了，而且还是住50人的那种"}, {"uid": "2737171", "content": "笑死"}, {"uid": "2481910", "content": "学生可以吃外卖w"}, {"uid": "325384143", "content": "想了好久终于想起来了"}, {"uid": "108360811", "content": "感觉有那种化工厂油桶的味了"}, {"uid": "12864846", "content": "《 师 姐 的 慈 悲 》"}, {"uid": "325384143", "content": "我是说整个建筑像化工厂储油桶"}, {"uid": "12864846", "content": "笑死"}, {"uid": "2881166", "content": "下一季金蝉脱壳就在这拍了"}, {"uid": "2881166", "content": "师姐就是 监狱探索家"}, {"uid": "325384143", "content": "化工厂储油桶"}, {"uid": "12864846", "content": "我想的效果是在室外做ti子走上去的"}, {"uid": "108360811", "content": "请问，师姐造的是监狱吗"}, {"uid": "325384143", "content": "贴着内壁"}, {"uid": "108360811", "content": "直的？我觉得可以掰弯（滑稽）"}, {"uid": "504043099", "content": "猪娘可以入住"}, {"uid": "471069463", "content": "看师姐直播"}, {"uid": "108360811", "content": "我家猪住的都比这好"}, {"uid": "8138686", "content": "那就是 精致的猪圈plus"}, {"uid": "471069463", "content": "提前交卷了，不能提前走，还有22分钟"}, {"uid": "15469971", "content": "建议台灯换成蜡烛"}, {"uid": "12864846", "content": "没装门"}, {"uid": "2481910", "content": "小学集体宿舍，正常"}, {"uid": "471069463", "content": "还在烤场"}, {"uid": "8138686", "content": "猪圈"}, {"uid": "108360811", "content": "住这个房间时间太长肯定会疯的"}, {"uid": "8138686", "content": "草"}, {"uid": "471069463", "content": "来了，呜呜"}, {"uid": "325384143", "content": "真的要画画了。。"}, {"uid": "474245653", "content": "我有个小学宿舍最大一个房间33人"}, {"uid": "32311666", "content": "金属地板洗热水烫jio"}, {"uid": "474245653", "content": "那不妨以最少的经费做出最贵的特效（￣▽￣"}, {"uid": "108360811", "content": "初中一个房间住18人，高中12人"}, {"uid": "7833978", "content": "只有精英中的精英才能入住"}, {"uid": "9119045", "content": "不是画画吗，完事了？"}, {"uid": "7833978", "content": "985宿舍"}, {"uid": "108360811", "content": "你的床有我学校的风格了"}, {"uid": "108360811", "content": "有我当年学校的风格了"}, {"uid": "15469971", "content": "咒术师学院"}, {"uid": "474245653", "content": "我突然想起来造（和）桥（珅）模拟器"}, {"uid": "504043099", "content": "好方便的监狱（宿舍）"}, {"uid": "32311666", "content": "师姐怎么会觉得奇怪，师姐不对劲"}, {"uid": "12864846", "content": "装上去感觉完全符合这个房间的设计"}, {"uid": "108360811", "content": "这房间不击剑都对不起这个房间把"}, {"uid": "32311666", "content": "反正师姐没道德，雷劈也没事"}, {"uid": "474245653", "content": "甚至在掉下去的时候还能来二次伤害(･∀･"}, {"uid": "2175498", "content": "仓鼠狂喜"}, {"uid": "12864846", "content": "仓鼠狂喜"}, {"uid": "4577251", "content": "这个房间好方便击剑"}, {"uid": "108360811", "content": "从我多年撞鬼的经历，床头装镜子八成撞鬼"}, {"uid": "4577251", "content": "师姐修真大师姐不可以不信风水（不是）"}, {"uid": "108360811", "content": "师姐晚上好"}, {"uid": "325384143", "content": "从风水上说，镜子不能对着床"}, {"uid": "474245653", "content": "好高啊，防越越狱的"}, {"uid": "32311666", "content": "这个房间没通风，臭起来了"}, {"uid": "2881166", "content": "外边的生活是多么精彩啊"}, {"uid": "325384143", "content": "如果风刚好从厕所的窗吹进来……"}, {"uid": "2881166", "content": "手扶着铁窗我望外边"}, {"uid": "4577251", "content": "威胁:你们最好是这样"}, {"uid": "2881166", "content": "铁门啊 铁窗啊 铁锁链"}, {"uid": "18805678", "content": "我已经唱起了铁窗泪"}, {"uid": "474245653", "content": "舍友的能力超乎你想象"}, {"uid": "325384143", "content": "厕所的窗，唯一的窗"}, {"uid": "15469971", "content": "铁（划掉）寒窗泪"}, {"uid": "12864846", "content": "小小的宿舍面积在被利用的明明白白"}, {"uid": "4577251", "content": "《监狱》"}, {"uid": "474245653", "content": "可以排油烟"}, {"uid": "698355368", "content": "有监狱馁味了嗷"}, {"uid": "32311666", "content": "这个窗户更像监狱了"}, {"uid": "12864846", "content": "《 监 狱 学 园 》"}, {"uid": "7833978", "content": "舍友的味道你知道？"}, {"uid": "474245653", "content": "厕所不是出入的必经之路吗？(〜￣△￣)〜"}, {"uid": "32311666", "content": "舍友半夜拉完臭臭就开门了(〜￣△￣)〜"}, {"uid": "2881166", "content": "凿壁偷光"}, {"uid": "32311666", "content": "笑死，半夜臭的睡不着_(:3」∠)_"}, {"uid": "325384143", "content": "这就是师瓦辛格·罗姐大学吗"}, {"uid": "15469971", "content": "好家伙，抢着住上铺"}, {"uid": "474245653", "content": "这个大学在哪里，等我犯事了一定进去"}, {"uid": "12864846", "content": "笑死"}, {"uid": "2370010", "content": "我的照片就挂在床头上的那个框里吧"}, {"uid": "12864846", "content": "师姐太棒了"}, {"uid": "2881166", "content": "师姐 咱们学校的毕业率是多少呀^_^"}, {"uid": "474245653", "content": "洗漱器一样宽的床"}, {"uid": "12864846", "content": "床头柜"}, {"uid": "2881166", "content": "师姐大学^_^"}, {"uid": "2881166", "content": "敢问这是什么大学"}, {"uid": "12864846", "content": "要设置一个吃饭的地方吗"}, {"uid": "474245653", "content": "这是大学宿舍？可怕"}, {"uid": "12864846", "content": "魔鬼大学宿舍"}, {"uid": "12505357", "content": "哈哈哈"}, {"uid": "2881166", "content": "我还以为这是蛋壳公寓"}, {"uid": "32311666", "content": "饮水机放门外╮(￣▽￣)╭"}, {"uid": "2881166", "content": "这是什么深仇大恨 水都么的盒"}, {"uid": "12505357", "content": "这是搭了个宿舍"}, {"uid": "12864846", "content": "阿这"}, {"uid": "2881166", "content": "师姐 饮水机放在哪比较好"}, {"uid": "474245653", "content": "马桶和洗手盂应该换一下"}, {"uid": "2881166", "content": "这孩子睡在厕所里边"}, {"uid": "32311666", "content": "这个马桶不是*壶吧？（划去）"}, {"uid": "12864846", "content": "在这里寒窗苦读几载，就是为了逃离这里"}, {"uid": "2881166", "content": "师姐是恶魔"}, {"uid": "2175498", "content": "这么小的马桶  真的能用么。。"}, {"uid": "12864846", "content": "笑死"}, {"uid": "15469971", "content": "你拉臭臭我洗澡"}, {"uid": "325384143", "content": "落地窗分开"}, {"uid": "32311666", "content": "进门恶臭"}, {"uid": "12864846", "content": "做个人吧！！！"}, {"uid": "20557963", "content": "绝对是吧"}, {"uid": "12864846", "content": "笑死"}, {"uid": "4577251", "content": "澡  堂"}, {"uid": "12864846", "content": "《 寒 窗 苦 读 》"}, {"uid": "15469971", "content": "一张书桌、一张床、一个马桶，公共淋浴间"}, {"uid": "7833978", "content": "手里捧着窝窝头，铁门铁窗铁锁链"}, {"uid": "12864846", "content": "要在外面做个阳台和门"}, {"uid": "7833978", "content": "笑死"}, {"uid": "20557963", "content": "在关BOW"}, {"uid": "20557963", "content": "这个啊"}, {"uid": "7833978", "content": "厕所里面放四张床"}, {"uid": "4577251", "content": "师姐为什么头上一直有愤怒符号（泪目）"}, {"uid": "174539645", "content": "谷仓"}, {"uid": "325384143", "content": "立个牌子:有序参观，投喂可耻"}, {"uid": "325384143", "content": "请勿投喂"}, {"uid": "504043099", "content": "？？？跟“学霸”学白门的……"}, {"uid": "18805678", "content": "观光笼"}, {"uid": "12864846", "content": "笑死，牢门"}, {"uid": "20557963", "content": "您好  请问是在建动物园笼子吗？"}, {"uid": "698355368", "content": "师姐说出了内心的话"}, {"uid": "545549120", "content": "坐 牢"}, {"uid": "7833978", "content": "好的"}, {"uid": "7833978", "content": "师姐我恰完了"}, {"uid": "12864846", "content": "可以在塔外面设个ti子"}, {"uid": "32311666", "content": "黄师姐的地下室是想做些什么“好事情”吗"}, {"uid": "12864846", "content": "最好可以锻炼身体"}, {"uid": "18343394", "content": "溜了溜了"}, {"uid": "15469971", "content": "次回 仓鼠君の死"}, {"uid": "18343394", "content": "要不你哭两声？"}, {"uid": "2175498", "content": "最后的晚餐？？？"}, {"uid": "18343394", "content": "？？？"}, {"uid": "12505357", "content": "太狠了"}, {"uid": "12864846", "content": "笑死"}, {"uid": "12864846", "content": "拜拜仓鼠"}, {"uid": "18343394", "content": "我走了师姐拜拜"}, {"uid": "18343394", "content": "笑死"}, {"uid": "2175498", "content": "牛头食人树是个什么奇怪的物种。。。"}, {"uid": "18343394", "content": "复刻2w那个吧"}, {"uid": "2175498", "content": "这叫吓你吃饭"}, {"uid": "18343394", "content": "大概再吃饭"}, {"uid": "8138686", "content": "---“真正的下饭视频”---"}, {"uid": "18343394", "content": "师姐再帮我们减肥对嘛"}, {"uid": "18805678", "content": "还好我没吃饭"}, {"uid": "545549120", "content": "师姐平时都看这种东西下饭吗"}, {"uid": "18343394", "content": "谢谢我不想吃饭了"}, {"uid": "12864846", "content": "地狱绘图"}, {"uid": "232931669", "content": "晚上好"}, {"uid": "2175498", "content": "救救我救救我！"}, {"uid": "12864846", "content": "魔鬼"}, {"uid": "12864846", "content": "这个太离谱了"}, {"uid": "18343394", "content": "阿巴阿巴阿巴阿巴。。。。。"}, {"uid": "8138686", "content": "？？？"}, {"uid": "12864846", "content": "有那种在旁边躲着看怪物聊天的感觉了"}, {"uid": "18343394", "content": "求求你放过我吧"}, {"uid": "2175498", "content": "我已经疯了。。"}, {"uid": "18343394", "content": "这里是地狱吧"}, {"uid": "12864846", "content": "好恐怖"}, {"uid": "12864846", "content": "no！！！"}, {"uid": "12864846", "content": "好难受"}, {"uid": "260363927", "content": "(°∀°)ﾉ"}, {"uid": "12864846", "content": "穿模了笑死"}, {"uid": "8138686", "content": "臀臀之家草"}, {"uid": "12864846", "content": "《 地 狱 绘 图 》"}, {"uid": "8138686", "content": "大头头"}, {"uid": "12864846", "content": "没有正常人的模拟人生"}, {"uid": "12864846", "content": "看的好难受"}, {"uid": "18343394", "content": "虚拟外星人生"}, {"uid": "12864846", "content": "纸片人笑死"}, {"uid": "12864846", "content": "这个比斗鸡眼还斗鸡眼"}, {"uid": "325384143", "content": "眼睛"}, {"uid": "325384143", "content": "求一双干净的眼镜"}, {"uid": "18343394", "content": "离谱"}, {"uid": "484325305", "content": "？"}, {"uid": "12864846", "content": "阴间起来了"}, {"uid": "18343394", "content": "？？？"}, {"uid": "12864846", "content": "这个mod好吓人"}, {"uid": "8138686", "content": "？？？？？"}, {"uid": "12864846", "content": "裂开了"}, {"uid": "18343394", "content": "出来挨打"}, {"uid": "18343394", "content": "是谁"}, {"uid": "12864846", "content": "喝水呛到了"}, {"uid": "18343394", "content": "吧"}, {"uid": "18343394", "content": "要不你闭麦咳一下"}, {"uid": "2175498", "content": "这个求三连也是土到  吓人。。"}, {"uid": "1532153", "content": "土到"}, {"uid": "18343394", "content": "喝点水吧"}, {"uid": "18343394", "content": "笑死"}, {"uid": "12864846", "content": "以及充满土味的求三连"}, {"uid": "1457515", "content": "。。"}, {"uid": "12864846", "content": "温馨的家"}, {"uid": "18343394", "content": "看起来很温馨"}, {"uid": "18343394", "content": "不过我觉得你第一个搭的大棚不错"}, {"uid": "8138686", "content": "是呀hhhhh"}, {"uid": "8138686", "content": "我觉得还好啊"}, {"uid": "8138686", "content": "？"}, {"uid": "18343394", "content": "四个小时没有顶"}, {"uid": "18343394", "content": "简陋"}, {"uid": "18343394", "content": "我感觉天堂住的好"}, {"uid": "8138686", "content": "好家伙"}, {"uid": "18343394", "content": "继续发扬你的个人特色吧"}, {"uid": "8138686", "content": "草"}, {"uid": "67843445", "content": "？？？"}, {"uid": "12864846", "content": "好有空间感"}, {"uid": "18343394", "content": "？外面那半截不是墙么"}, {"uid": "12864846", "content": "高级感"}, {"uid": "411922107", "content": "，"}, {"uid": "2737171", "content": "土木，从入门到跑路"}, {"uid": "8138686", "content": "高档独栋"}, {"uid": "18343394", "content": "个人特色"}, {"uid": "18343394", "content": "从某种角度来说你搭的也很有特色"}, {"uid": "8138686", "content": "细节"}, {"uid": "8138686", "content": "woc"}, {"uid": "8138686", "content": "天窗"}, {"uid": "18343394", "content": "笑死"}, {"uid": "18343394", "content": "我们的大棚多少钱来着"}, {"uid": "8138686", "content": "？？？？"}, {"uid": "18805678", "content": "晚上好，师姐"}, {"uid": "8138686", "content": "全是蛇皮操作"}, {"uid": "698355368", "content": "突然发现这个游戏自己好像什么都不懂"}, {"uid": "18343394", "content": "这是原力！"}, {"uid": "18343394", "content": "离谱"}, {"uid": "18343394", "content": "好家伙"}, {"uid": "8138686", "content": "还能这样浮空的吗"}, {"uid": "8138686", "content": "？？？？？"}, {"uid": "2737171", "content": "晚上好"}, {"uid": "18343394", "content": "比如没有底的地下室"}, {"uid": "12864846", "content": "开发新的房型"}, {"uid": "17336749", "content": "。"}, {"uid": "702740334", "content": "师姐吃了吗→_→"}, {"uid": "18343394", "content": "可以让舰长们住更奇怪的房子了！"}, {"uid": "12864846", "content": "看别人的一瞬间觉得自己好像不会玩了"}, {"uid": "7833978", "content": "还差一个菜"}, {"uid": "220762377", "content": "来了"}, {"uid": "7833978", "content": "笑死"}, {"uid": "12864846", "content": "饿了"}, {"uid": "1624418", "content": "穴居人"}, {"uid": "7833978", "content": "有话好说!怎么一言不合就吸脑髓"}, {"uid": "12864846", "content": "脑髓舔舐"}, {"uid": "1624418", "content": "所以我开始就不玩了，哈哈哈"}, {"uid": "18343394", "content": "是不是我们的大棚要没有顶了是吗"}, {"uid": "1624418", "content": "这游戏开始就是先建房子"}, {"uid": "698355368", "content": "笑死"}, {"uid": "7833978", "content": "笑死"}, {"uid": "8138686", "content": "瞳孔地震"}, {"uid": "399811804", "content": "师姐没玩糖豆人，没饭吃"}, {"uid": "1624418", "content": "听说这里管饭"}, {"uid": "363689062", "content": "做直播能月入过万吗？"}, {"uid": "8138686", "content": "搭房子教程！？"}, {"uid": "363689062", "content": "哇，姐姐你好大"}, {"uid": "1704410", "content": "吃播？"}, {"uid": "12046530", "content": "师姐晚上好喵~"}, {"uid": "1704410", "content": "不画画了？"}, {"uid": "282845389", "content": "晚上好啊"}, {"uid": "143562334", "content": "（哎？谁拿的香炉？）"}, {"uid": "143562334", "content": "放手机支架上，摆上几盘菜，和师姐一起吃"}, {"uid": "5684520", "content": "我给师姐夹鸡腿"}, {"uid": "18343394", "content": "四舍五入和师姐云约会"}, {"uid": "18343394", "content": "离谱"}, {"uid": "7833978", "content": "和师姐云吃饭"}, {"uid": "18343394", "content": "好像回家打游戏"}, {"uid": "18343394", "content": "要被迫聚餐了呜呜呜"}, {"uid": "7833978", "content": "笑死"}, {"uid": "8138686", "content": "roll一个晚饭"}, {"uid": "39096217", "content": "好的"}, {"uid": "7833978", "content": "师姐我准备吃饭辣"}, {"uid": "552461", "content": "吃师妹的脑髓吗"}, {"uid": "5684520", "content": "没想到吧 我脑袋里根本没东西可以吸"}, {"uid": "143562334", "content": "好呀好呀！师姐好呀！"}, {"uid": "5684520", "content": "ow好耶"}, {"uid": "18343394", "content": "脑子里面已经空空如也了"}, {"uid": "18343394", "content": "已经被吸干净了"}, {"uid": "39096217", "content": "师姐！"}, {"uid": "698355368", "content": "师姐晚上好"}, {"uid": "20557963", "content": "惊了"}, {"uid": "8138686", "content": "师姐晚上好"}, {"uid": "7833978", "content": "一来就先吸取脑髓？"}, {"uid": "18343394", "content": "？？？"}, {"uid": "552461", "content": "晚上好"}, {"uid": "18343394", "content": "师姐晚上好"}, {"uid": "7833978", "content": "？？？"}, {"uid": "12864846", "content": "来了师姐"}, {"uid": "8138686", "content": "这个背景！好康！"}, {"uid": "5684520", "content": "空调晚上好呀"}, {"uid": "90601538", "content": "师姐背景好漂亮"}, {"uid": "212137298", "content": "来了来了"}]