[{"uid": "18343394", "content": "我要水群"}, {"uid": "23015177", "content": "拜拜"}, {"uid": "4577251", "content": "拜拜"}, {"uid": "552461", "content": "拜拜"}, {"uid": "18343394", "content": "给我解开"}, {"uid": "325384143", "content": "拜拜"}, {"uid": "18343394", "content": "拜拜拜拜"}, {"uid": "18343394", "content": "孩子爱听"}, {"uid": "4577251", "content": "救命"}, {"uid": "18343394", "content": "继续"}, {"uid": "18343394", "content": "多好啊"}, {"uid": "7833978", "content": "？？？"}, {"uid": "18343394", "content": "qb扔了他"}, {"uid": "18343394", "content": "老离谱了"}, {"uid": "18343394", "content": "我好像在跨平行宇宙和你们聊天一样"}, {"uid": "7833978", "content": "笑死"}, {"uid": "7833978", "content": "我刚到家"}, {"uid": "89283862", "content": "师姐加班了开心"}, {"uid": "18343394", "content": "谐音梗"}, {"uid": "18343394", "content": "扣鸡腿"}, {"uid": "552461", "content": "没点数吗"}, {"uid": "12864846", "content": "没点数吗！"}, {"uid": "18343394", "content": "复读的都禁了啊啊啊啊"}, {"uid": "12864846", "content": "你什么都别说了"}, {"uid": "12864846", "content": "仓鼠罪该万死，师姐做什么都是对的"}, {"uid": "23015177", "content": "你什么都说了"}, {"uid": "18343394", "content": "我什么都没说啊啊啊啊啊"}, {"uid": "552461", "content": "笑死"}, {"uid": "18343394", "content": "？？？？？"}, {"uid": "18343394", "content": "？？？？？？"}, {"uid": "7833978", "content": "仓鼠今天不想说话"}, {"uid": "18343394", "content": "我不会被打死"}, {"uid": "552461", "content": "笑死"}, {"uid": "18343394", "content": "我没水群"}, {"uid": "18343394", "content": "笑死"}, {"uid": "7833978", "content": "笑死"}, {"uid": "18343394", "content": "师姐请斩隆基努斯"}, {"uid": "552461", "content": "仓鼠你在群里说句话啊"}, {"uid": "18343394", "content": "都！得！死！"}, {"uid": "7833978", "content": "关我什么事"}, {"uid": "7833978", "content": "？？？"}, {"uid": "18343394", "content": "我刀了你金毛"}, {"uid": "23015177", "content": "那继续禁把"}, {"uid": "7833978", "content": "丘比啊"}, {"uid": "18343394", "content": "我撤的了吗我"}, {"uid": "7833978", "content": "带头撤回的是你吧"}, {"uid": "12211886", "content": "不心虚"}, {"uid": "18343394", "content": "都在苟命罢了"}, {"uid": "18058907", "content": "啊这，清醒梦"}, {"uid": "7833978", "content": "笑死  等会不得打起来"}, {"uid": "545549120", "content": "斩了隆基努斯斩了隆基努斯"}, {"uid": "7833978", "content": "今天直接开启大乱斗"}, {"uid": "7833978", "content": "笑死"}, {"uid": "18343394", "content": "没有歌词斩了隆基努斯"}, {"uid": "552461", "content": "仓鼠保护不佳，请割了仓鼠"}, {"uid": "23015177", "content": "清君侧，斩隆基努斯"}, {"uid": "325384143", "content": "师姐唱歌时笑了，请斩隆基努斯"}, {"uid": "7833978", "content": "笑死"}, {"uid": "18343394", "content": "斩了他"}, {"uid": "89283862", "content": "师姐今天不是电音"}, {"uid": "698355368", "content": "蚌埠住了"}, {"uid": "18343394", "content": "斩了他！！！！！！！！"}, {"uid": "325384143", "content": "哈哈哈哈"}, {"uid": "552461", "content": "还是笑了"}, {"uid": "18343394", "content": "说好的不笑呢！！！！！！！！！！！！"}, {"uid": "23015177", "content": "笑得好大声"}, {"uid": "545549120", "content": "哈哈哈哈哈哈哈哈"}, {"uid": "23015177", "content": "哈哈哈哈哈哈哈哈"}, {"uid": "90933643", "content": "这么刺激的吗"}, {"uid": "18343394", "content": "大人我冤枉啊啊啊"}, {"uid": "90933643", "content": "？？？"}, {"uid": "89283862", "content": "师姐我来晚了最近工作太忙了"}, {"uid": "7833978", "content": "没有一只仓鼠是无辜的"}, {"uid": "18343394", "content": "我是无辜的！！"}, {"uid": "18343394", "content": "放我出去放我出去！！！！"}, {"uid": "23015177", "content": "？"}, {"uid": "23015177", "content": "本人已死有事烧纸"}, {"uid": "7833978", "content": "他们喊你啊"}, {"uid": "23015177", "content": "突然喊我做什么"}, {"uid": "18343394", "content": "言寺言寺!!!!"}, {"uid": "23015177", "content": "？"}, {"uid": "7833978", "content": "言寺两票 晓月一票"}, {"uid": "4577251", "content": "只有仓鼠受伤的世界"}, {"uid": "4577251", "content": "笑喷了"}, {"uid": "7833978", "content": "这是暴露仇恨了么"}, {"uid": "18343394", "content": "好家伙"}, {"uid": "18343394", "content": "新型网络暴力"}, {"uid": "7833978", "content": "笑死了"}, {"uid": "471069463", "content": "言寺言寺言寺"}, {"uid": "552461", "content": "晓月"}, {"uid": "12864846", "content": "笑死"}, {"uid": "12864846", "content": "言寺吗"}, {"uid": "7833978", "content": "笑死"}, {"uid": "18343394", "content": "河里嘛这河里嘛"}, {"uid": "552461", "content": "好耶"}, {"uid": "9119045", "content": "好！"}, {"uid": "552461", "content": "笑死"}, {"uid": "12864846", "content": "笑死"}, {"uid": "18343394", "content": "？？？？？？？？？"}, {"uid": "18343394", "content": "？？？？"}, {"uid": "552461", "content": "我在"}, {"uid": "545549120", "content": "快进到群友替师姐直播"}, {"uid": "23015177", "content": "笑死"}, {"uid": "7833978", "content": "水直播啊！"}, {"uid": "18343394", "content": "肯定没有我"}, {"uid": "12211886", "content": "撒子？"}, {"uid": "18343394", "content": "我看啊"}, {"uid": "12211886", "content": "？"}, {"uid": "552461", "content": "直播间会吞弹幕"}, {"uid": "545549120", "content": "直播间没有表情包"}, {"uid": "18343394", "content": "笑死"}, {"uid": "7833978", "content": "两个半小时"}, {"uid": "7833978", "content": "晓月要用一生来治愈这两个小时"}, {"uid": "552461", "content": "师姐做罗马音战士吧"}, {"uid": "18343394", "content": "师姐学吧"}, {"uid": "18343394", "content": "确实"}, {"uid": "18343394", "content": "好家伙"}, {"uid": "7833978", "content": "晓月太开心了还在昏迷呢"}, {"uid": "23015177", "content": "哈哈哈哈哈哈哈哈哈"}, {"uid": "7833978", "content": "？？？"}, {"uid": "18343394", "content": "？？？"}, {"uid": "552461", "content": "今天是个好日子"}, {"uid": "18058907", "content": "爱我中华"}, {"uid": "18343394", "content": "凤舞九天"}, {"uid": "7833978", "content": "好运来"}, {"uid": "545549120", "content": "三天三夜！"}, {"uid": "18343394", "content": "好家伙"}, {"uid": "18343394", "content": "你是白怜"}, {"uid": "545549120", "content": "我是白0"}, {"uid": "7833978", "content": "好家伙"}, {"uid": "18343394", "content": "好家伙"}, {"uid": "18343394", "content": "嘟噜嘟噜嘟噜嘟噜"}, {"uid": "23015177", "content": "晓月你来啦"}, {"uid": "23015177", "content": "笑死"}, {"uid": "4577251", "content": "晓月回来发现牌子还在"}, {"uid": "18058907", "content": "真就high歌"}, {"uid": "1457515", "content": "感覺大姐頭心不甘情不願（￣▽￣）"}, {"uid": "2737171", "content": "就离谱，网课错过了"}, {"uid": "501368372", "content": "好耶"}, {"uid": "8138686", "content": "就离谱"}, {"uid": "18343394", "content": "挼！"}, {"uid": "552461", "content": "就离谱"}, {"uid": "471069463", "content": "www"}, {"uid": "545549120", "content": "就离谱"}, {"uid": "18058907", "content": "就离谱"}, {"uid": "12864846", "content": "GB"}, {"uid": "23015177", "content": "师姐打游戏被安利游戏，师姐唱歌被安利到歌"}, {"uid": "4577251", "content": "好耶！！！1w粉了！！！"}, {"uid": "23015177", "content": "好耶！！"}, {"uid": "23015177", "content": "w了！！！"}, {"uid": "552461", "content": "恭喜1万粉"}, {"uid": "4067813", "content": "黄龄的，《醉》"}, {"uid": "34836755", "content": "恭喜师姐1w粉"}, {"uid": "4067813", "content": "好听诶~，加油"}, {"uid": "34836755", "content": "好耶"}, {"uid": "4577251", "content": "好想要师姐唱禁区的mp3"}, {"uid": "12864846", "content": "仓鼠：没问题，我先自宫"}, {"uid": "23015177", "content": "哈哈哈哈哈哈哈"}, {"uid": "552461", "content": "好家伙"}, {"uid": "23015177", "content": "仓鼠：我愿意"}, {"uid": "18343394", "content": "来"}, {"uid": "18343394", "content": "我豁出去了"}, {"uid": "18343394", "content": "？？？"}, {"uid": "471069463", "content": "好"}, {"uid": "552461", "content": "哈哈哈"}, {"uid": "23015177", "content": "让仓鼠当太监"}, {"uid": "471069463", "content": "哈哈哈哈哈"}, {"uid": "4577251", "content": "潜水主题是白怜全程用气泡音说话吗？"}, {"uid": "552461", "content": "好家伙"}, {"uid": "23015177", "content": "也行"}, {"uid": "18058907", "content": "一起唱好运来"}, {"uid": "23015177", "content": "哈哈哈哈哈哈哈哈哈哈哈哈"}, {"uid": "471069463", "content": "好家伙"}, {"uid": "23015177", "content": "好家伙"}, {"uid": "2737171", "content": "正常点吧"}, {"uid": "552461", "content": "天堂的主题"}, {"uid": "18343394", "content": "毕竟阴间人"}, {"uid": "23015177", "content": "有没有很富贵的主题"}, {"uid": "18343394", "content": "阴间的主题"}, {"uid": "4577251", "content": "可以看录播"}, {"uid": "450245822", "content": "直接安排上"}, {"uid": "23015177", "content": "这就请假"}, {"uid": "4577251", "content": "没能逃过一劫，言寺gg"}, {"uid": "23015177", "content": "我生日那天来不了了"}, {"uid": "552461", "content": "安排上"}, {"uid": "471069463", "content": "哈哈哈哈哈"}, {"uid": "471069463", "content": "下一个是谁呢"}, {"uid": "450245822", "content": "哈哈"}, {"uid": "12864846", "content": "我也想过过师姐的生日"}, {"uid": "4577251", "content": "笑死"}, {"uid": "471069463", "content": "笑死"}, {"uid": "18343394", "content": "那就补一个"}, {"uid": "18058907", "content": "唱海绵宝宝"}, {"uid": "552461", "content": "笑死"}, {"uid": "18343394", "content": "笑死"}, {"uid": "18343394", "content": "唱！"}, {"uid": "248562629", "content": "琼明师妹向你致敬"}, {"uid": "663285731", "content": "变少"}, {"uid": "23015177", "content": "听听这个屁声，一听就知道师姐肠胃很好"}, {"uid": "18343394", "content": "黑猫队长直接把你逮起来"}, {"uid": "471069463", "content": "笑死"}, {"uid": "552461", "content": "黑猫警长听了想给你一枪"}, {"uid": "18058907", "content": "吹的太超前了，超过我们欣赏的等级太多了"}, {"uid": "18343394", "content": "言寺快跑！！！"}, {"uid": "248562629", "content": "白鸽警探"}, {"uid": "23015177", "content": "我来了我来了我来了"}, {"uid": "5684520", "content": "再见 I'm晓月.jpg"}, {"uid": "18343394", "content": "金毛队长"}, {"uid": "552461", "content": "火星5G建设刻不容缓"}, {"uid": "18343394", "content": "大概信号不好"}, {"uid": "471069463", "content": "晓月~"}, {"uid": "18058907", "content": "晓月被送走了"}, {"uid": "698355368", "content": "反咬一口"}, {"uid": "18343394", "content": "天外晓月可能已经跑到火星了"}, {"uid": "12864846", "content": "已经到火星了没信号"}, {"uid": "552461", "content": "晓月已经麻了"}, {"uid": "552461", "content": "笑死"}, {"uid": "18058907", "content": "啊这"}, {"uid": "20557963", "content": "被送走了"}, {"uid": "471069463", "content": "hhh"}, {"uid": "663285731", "content": "再吹就被送走了"}, {"uid": "18058907", "content": "这是拿啥吹的啊"}, {"uid": "248562629", "content": "白精灵"}, {"uid": "20557963", "content": "这段烤出来会不会被灭口"}, {"uid": "12681894", "content": "蚌埠住了"}, {"uid": "20557963", "content": "＝（"}, {"uid": "18058907", "content": "吹唢呐"}, {"uid": "18343394", "content": "好家伙"}, {"uid": "663285731", "content": "全损音质"}, {"uid": "663285731", "content": "？？？"}, {"uid": "11458802", "content": "我血条空了"}, {"uid": "13781140", "content": "卡祖笛！好耶！"}, {"uid": "18343394", "content": "我的青春回来了"}, {"uid": "483003102", "content": "我又被送走了"}, {"uid": "698355368", "content": "回来了，都回来了"}, {"uid": "2079822", "content": "我又进ICU了"}, {"uid": "4577251", "content": "影流之白"}, {"uid": "18343394", "content": "天外晓月！！！生日快乐！！！"}, {"uid": "450245822", "content": "？"}, {"uid": "2228007", "content": "？？？"}, {"uid": "34836755", "content": "？"}, {"uid": "552461", "content": "卡祖笛，好久不见"}, {"uid": "18343394", "content": "摇！"}, {"uid": "12864846", "content": "来了"}, {"uid": "1704410", "content": "来了"}, {"uid": "15248244", "content": "？？？"}, {"uid": "471069463", "content": "来了"}, {"uid": "483003102", "content": "你会不会爱我～～～"}, {"uid": "2079822", "content": "如果让你重新爱我~~~"}, {"uid": "11458802", "content": "味对了"}, {"uid": "12864846", "content": "hhhhhhhhhh"}, {"uid": "12864846", "content": "我笑死"}, {"uid": "34836755", "content": "有味了"}, {"uid": "698355368", "content": "对味了"}, {"uid": "483003102", "content": "会～"}, {"uid": "18343394", "content": "有内味了"}, {"uid": "552461", "content": "有那味了"}, {"uid": "552461", "content": "影流之主"}, {"uid": "545549120", "content": "味对了"}, {"uid": "471069463", "content": "好家伙，来了"}, {"uid": "483003102", "content": "说不出口～"}, {"uid": "2079822", "content": "哦为什么~"}, {"uid": "18343394", "content": "好家伙"}, {"uid": "11458802", "content": "影流之姐"}, {"uid": "294163039", "content": "影流之姐"}, {"uid": "471069463", "content": "影流师姐"}, {"uid": "552461", "content": "三个一起摇"}, {"uid": "552461", "content": "师姐应该左右再各放个自己"}, {"uid": "2079822", "content": "变成痛苦的爱河~~~"}, {"uid": "2079822", "content": "也会带来折磨~~~"}, {"uid": "552461", "content": "就会这一句"}, {"uid": "545549120", "content": "难道这就是你分手的借口"}, {"uid": "2079822", "content": "你会不会爱~我~~"}, {"uid": "2737171", "content": "你就是想摇是吧"}, {"uid": "471069463", "content": "其实挺好听的hhh"}, {"uid": "2737171", "content": "笑死"}, {"uid": "2079822", "content": "如果让你重新来过~"}, {"uid": "552461", "content": "摇起来"}, {"uid": "545549120", "content": "摇！摇！摇！摇！"}, {"uid": "18343394", "content": "摇！摇！摇！摇！"}, {"uid": "471069463", "content": "影流之主吧"}, {"uid": "663285731", "content": "影流之月"}, {"uid": "471069463", "content": "上次被拉去跳这个舞了"}, {"uid": "552461", "content": "就是原版啊"}, {"uid": "545549120", "content": "其实这才是原唱"}, {"uid": "545549120", "content": "好耶"}, {"uid": "12864846", "content": "太土了"}, {"uid": "12864846", "content": "晓月已经在地心了"}, {"uid": "2079822", "content": "有卡祖笛吗"}, {"uid": "36329344", "content": "怪起来了(･∀･)"}, {"uid": "18343394", "content": "笑死"}, {"uid": "471069463", "content": "hhh印象深刻"}, {"uid": "450245822", "content": "笑容止不住"}, {"uid": "2079822", "content": " \\师姐/\\师姐/\\师姐/\\师姐/\\师姐/"}, {"uid": "552461", "content": "笑死"}, {"uid": "2737171", "content": "？？？"}, {"uid": "18343394", "content": "天外晓月！！生日快乐！"}, {"uid": "325384143", "content": "花花的师姐"}, {"uid": "450245822", "content": "好家伙"}, {"uid": "552461", "content": "好家伙"}, {"uid": "2737171", "content": "好家伙"}, {"uid": "18343394", "content": "好家伙"}, {"uid": "73366855", "content": "好家伙"}, {"uid": "471069463", "content": "cao"}, {"uid": "12864846", "content": "kksk"}, {"uid": "545549120", "content": "师姐我想听爱河"}, {"uid": "18343394", "content": "天外晓月三点半的神"}, {"uid": "11458802", "content": "晓月获得了替身，天堂制造"}, {"uid": "12211886", "content": "晓月不能到仓鼠等你搞"}, {"uid": "2737171", "content": "(╯°口°)╯(┴—┴]"}, {"uid": "18343394", "content": "对阿"}, {"uid": "7833978", "content": "不然以后三点半叫谁打牌"}, {"uid": "7833978", "content": "晓月不能倒"}, {"uid": "18343394", "content": "\\天外/\\晓月/\\天外/\\晓月/"}, {"uid": "7833978", "content": "笑死"}, {"uid": "2737171", "content": "？？？"}, {"uid": "34836755", "content": "天堂晓月，磕到了"}, {"uid": "8138686", "content": "晓月生日快乐"}, {"uid": "311511865", "content": "我是看着视频进来的，我是被直播吓出去的"}, {"uid": "2737171", "content": "就离谱"}, {"uid": "11458802", "content": "卖身葬xx"}, {"uid": "18343394", "content": "我现在控制不住自己一直再晃"}, {"uid": "23697326", "content": "卧槽整土味"}, {"uid": "11458802", "content": "看起来就像是那种，古代xx亲戚去世了"}, {"uid": "545549120", "content": "(･∀･)"}, {"uid": "18343394", "content": "\\天外/\\晓月/\\天外/\\晓月/"}, {"uid": "11458802", "content": "我进来又出去，出去又进来。"}, {"uid": "311511865", "content": "今天是土味，怕告诉你下一次就是：来啦铁汁"}, {"uid": "471069463", "content": "过生日绝不能告诉师姐"}, {"uid": "2045342061", "content": "我变身离开了姐姐，拜拜"}, {"uid": "2737171", "content": "喜欢（可以把剑放下了么？"}, {"uid": "698355368", "content": "我明白了，过生日绝对不能告诉师姐"}, {"uid": "552461", "content": "对吧（把刀对准晓月）"}, {"uid": "15469971", "content": "天外晓月怕是离开地球了"}, {"uid": "73366855", "content": "土中土中土"}, {"uid": "2045342061", "content": "没错"}, {"uid": "311511865", "content": "别人过生日是祝福，到你这成土味了"}, {"uid": "18343394", "content": "晓月！晓月！晓月！"}, {"uid": "8138686", "content": "晓月"}, {"uid": "2045342061", "content": "原来如此！晓月生日快乐"}, {"uid": "14930372", "content": "几天不见，师姐已经放飞自我了吗"}, {"uid": "311511865", "content": "进来就听到土味"}, {"uid": "12864846", "content": "好家伙，师姐玩明白土味了"}, {"uid": "2045342061", "content": "北京欢乐谷的网络"}, {"uid": "14930372", "content": "笑死"}, {"uid": "552461", "content": "笑死"}, {"uid": "2045342061", "content": "我现在在外面用的这里网络"}, {"uid": "14930372", "content": "233333"}, {"uid": "2737171", "content": "是谁拯救了我，是移动那时好时坏的网络"}, {"uid": "2045342061", "content": "我不晕"}, {"uid": "12864846", "content": "赏仓鼠最喜欢的大嘴巴子"}, {"uid": "4577251", "content": "要被送走了"}, {"uid": "2045342061", "content": "变身高斯奥特曼，来踩我吧"}, {"uid": "663285731", "content": "麻了麻了"}, {"uid": "15469971", "content": "果然打针后反应因人而异"}, {"uid": "18343394", "content": "\\天外/\\晓月/\\天外/\\晓月/"}, {"uid": "471069463", "content": "？？？？"}, {"uid": "552461", "content": "狂"}, {"uid": "14930372", "content": "开幕雷击"}, {"uid": "14930372", "content": "？？"}, {"uid": "12864846", "content": "我笑死"}, {"uid": "2045342061", "content": "我克服了过山车的恐惧"}, {"uid": "2045342061", "content": "今天我刚刚过来在北京欢乐谷坐过山车"}, {"uid": "325384143", "content": "生日"}, {"uid": "325384143", "content": "师姐:即使是第二针后，我依然全力为晓月过"}, {"uid": "1749817", "content": "好的一定不告诉师姐"}, {"uid": "552461", "content": "晓月激动的流下了悔恨的眼泪"}, {"uid": "471069463", "content": "hhh那必不可能"}, {"uid": "18343394", "content": "笑死我了"}, {"uid": "12864846", "content": "怪起来了"}, {"uid": "608634619", "content": "哈哈哈哈哈"}, {"uid": "552461", "content": "笑死"}, {"uid": "1749817", "content": "笑死哈哈哈哈哈"}, {"uid": "12864846", "content": "我笑死hhhhhhhh"}, {"uid": "552461", "content": "晓月麻了"}, {"uid": "32311666", "content": "草，一进来就听到白师姐的天籁之音"}, {"uid": "471069463", "content": "三连安排上"}, {"uid": "325384143", "content": "晓月:爱麻没麻我不知道，但我麻了"}, {"uid": "325384143", "content": "哈哈哈哈"}, {"uid": "7833978", "content": "我要看录播"}, {"uid": "513719722", "content": "哈哈哈哈哈"}, {"uid": "7833978", "content": "不行"}, {"uid": "471069463", "content": "哈哈哈哈哈哈"}, {"uid": "2737171", "content": "今天的录播删了吧"}, {"uid": "37746038", "content": "你们说，晓月在不在看直播？-？"}, {"uid": "12864846", "content": "v"}, {"uid": "7355011", "content": "今天师傅不在师门？"}, {"uid": "2737171", "content": "不，师姐是"}, {"uid": "18343394", "content": "牌面！！！！"}, {"uid": "545549120", "content": "师姐在给土灵根的晓月补课 我懂了"}, {"uid": "18058907", "content": "金木水火白"}, {"uid": "12864846", "content": "hhhhhhhhh"}, {"uid": "18343394", "content": "琼明峰扛把子给晓月庆生"}, {"uid": "12681894", "content": "刚来，请问刮沙尘暴了吗？撒我一身土"}, {"uid": "545549120", "content": "晓月是土灵根吗"}, {"uid": "37746038", "content": "嚣张，"}, {"uid": "37746038", "content": "仙门，"}, {"uid": "36329344", "content": "怪起来了(･∀･)"}, {"uid": "7355011", "content": ".........."}, {"uid": "4577251", "content": "仓鼠:来和晓月击剑"}, {"uid": "34836755", "content": "不是土星吗"}, {"uid": "552461", "content": "晓月，车已经准备好了"}, {"uid": "36329344", "content": "2333"}, {"uid": "471069463", "content": "哈哈哈哈哈"}, {"uid": "2737171", "content": "我期待着下一个过生日的"}, {"uid": "12211886", "content": "\\晓月/\\晓月/\\晓月/"}, {"uid": "471069463", "content": "晓月出来吧"}, {"uid": "12864846", "content": "事到如今，晓月你就接受了吧"}, {"uid": "552461", "content": "事到如此还想跑"}, {"uid": "13781140", "content": " \\晓月/\\晓月/\\晓月/\\晓月/\\晓月/"}, {"uid": "325384143", "content": "晓月"}, {"uid": "2737171", "content": "没有发言，只想跑路"}, {"uid": "39870299", "content": "这能生产阳光吗"}, {"uid": "325384143", "content": "药药药药药，天外晓月生日快乐"}, {"uid": "18343394", "content": "\\天外/\\晓月/\\天外/\\晓月/"}, {"uid": "12864846", "content": "hhhhhhhhhhh"}, {"uid": "39870299", "content": "为啥你们这里的向日葵是黑色的"}, {"uid": "450245822", "content": "笑死"}, {"uid": "7833978", "content": "那么大个晓月呢"}, {"uid": "545549120", "content": "\\晓月/\\晓月/\\晓月/"}, {"uid": "7833978", "content": "？？？"}, {"uid": "552461", "content": "笑死"}, {"uid": "471069463", "content": "\\晓月/\\晓月/\\晓月/"}, {"uid": "36329344", "content": "阿哲"}, {"uid": "37746038", "content": "（摇起来）"}, {"uid": "39870299", "content": "命名日快乐"}, {"uid": "552461", "content": "经典dj：凤舞九天，冰河世纪"}, {"uid": "12864846", "content": "我笑死了"}, {"uid": "73366855", "content": "摇起来了"}, {"uid": "12211886", "content": "恭祝你生辰快乐"}, {"uid": "18343394", "content": "凤舞九天够土"}, {"uid": "12211886", "content": "祝你福寿与天齐"}, {"uid": "37746038", "content": "这不是公开消费晓月大哥吗？"}, {"uid": "1704410", "content": "师姐不来个卡祖笛的生日快乐"}, {"uid": "34836755", "content": "直接抬走吧"}, {"uid": "18058907", "content": "这核里吗"}, {"uid": "4577251", "content": "离谱，真的开始抖腿了"}, {"uid": "18343394", "content": "带带我"}, {"uid": "294163039", "content": "自己选个doge"}, {"uid": "552461", "content": "村口集合，自带水泥"}, {"uid": "18343394", "content": "晓月大哥"}, {"uid": "12864846", "content": "晓月连夜离开了这个星系"}, {"uid": "18058907", "content": "很离谱"}, {"uid": "18343394", "content": "笑死"}, {"uid": "294163039", "content": "中古战锤，战锤40k，克苏鲁"}, {"uid": "2737171", "content": "？？？？？？"}, {"uid": "12864846", "content": "我笑死"}, {"uid": "294163039", "content": "晓月给你推荐几个转生的世界吧"}, {"uid": "37746038", "content": "左边这个段位都是什么啊？筑基，结单，飞升"}, {"uid": "294163039", "content": "走的很安详"}, {"uid": "18343394", "content": "诸位村口集合水泥自带"}, {"uid": "325384143", "content": "非常美满"}, {"uid": "294163039", "content": "该回故乡了各位doge"}, {"uid": "471069463", "content": "晓月：我去找天堂了"}, {"uid": "15469971", "content": "天外晓月一定很后悔透露了自己的生日"}, {"uid": "73366855", "content": "惊了"}, {"uid": "471069463", "content": "hhh"}, {"uid": "18343394", "content": "开始舞动"}, {"uid": "18343394", "content": "谢谢师姐我这就去带水泥"}, {"uid": "37746038", "content": "公开处刑，你看这刑部刑，晓月。"}, {"uid": "552461", "content": "晓月，地球还适应吗"}, {"uid": "471069463", "content": "给你体验一次不同寻常的生日"}, {"uid": "2737171", "content": "直接让人想逃离地球"}, {"uid": "4577251", "content": "献上经典的卡祖笛"}, {"uid": "325384143", "content": "晓月"}, {"uid": "471069463", "content": "手动@晓月"}, {"uid": "2737171", "content": "这效果比卡祖笛还强"}, {"uid": "7833978", "content": "晓月！"}, {"uid": "8955118", "content": "(°∀°)ﾉ"}, {"uid": "1704410", "content": "老dj了"}, {"uid": "511552493", "content": "笑嘻了"}, {"uid": "471069463", "content": "hhh晓月尬死"}, {"uid": "552461", "content": "笑死"}, {"uid": "18343394", "content": "笑死"}, {"uid": "12864846", "content": "笑死hhhhhhhhh"}, {"uid": "325384143", "content": "仓鼠快摇沙锤"}, {"uid": "471069463", "content": "但因为有了晓月的生日而不普通"}, {"uid": "12681894", "content": "草"}, {"uid": "73366855", "content": "老DJ了"}, {"uid": "1704410", "content": "迪厅生日会"}, {"uid": "471069463", "content": "啊这"}, {"uid": "18343394", "content": "嘣沙卡拉卡蹦沙卡拉卡"}, {"uid": "294163039", "content": "斯卡文风格的（bushi）"}, {"uid": "73366855", "content": "星令是啥"}, {"uid": "18343394", "content": "天外晓月再酒吧一边蹦迪一边打牌"}, {"uid": "325384143", "content": "配合右下角食用更佳"}, {"uid": "1704410", "content": "啊这"}, {"uid": "5684520", "content": "眼镜瞎了"}, {"uid": "294163039", "content": "有赛博朋克的吗"}, {"uid": "471069463", "content": "害怕"}, {"uid": "73366855", "content": "已经开始蹦了"}, {"uid": "325384143", "content": "啊这"}, {"uid": "545549120", "content": "帅啊"}, {"uid": "37746038", "content": "大~师姐，你这自适应滤镜针不错"}, {"uid": "73366855", "content": "什么阴间滤镜"}, {"uid": "552461", "content": "白怜（RGB）"}, {"uid": "1704410", "content": "rbg直播间"}, {"uid": "325384143", "content": "LED转灯"}, {"uid": "18343394", "content": "下班了下班了师姐回见"}, {"uid": "12864846", "content": "像蒸汽波"}, {"uid": "325384143", "content": "有闪光吗"}, {"uid": "34836755", "content": "好耶"}, {"uid": "552461", "content": "水底特效"}, {"uid": "18343394", "content": "这个是重温xp系统"}, {"uid": "325384143", "content": "妄图刷新"}, {"uid": "660515078", "content": "好了"}, {"uid": "660515078", "content": "没声音，还是蓝屏"}, {"uid": "2737171", "content": "我也是"}, {"uid": "18058907", "content": "蓝屏了离谱"}, {"uid": "18343394", "content": "师姐！！蓝屏了！！！"}, {"uid": "450245822", "content": "...."}, {"uid": "660515078", "content": "我也是"}, {"uid": "18343394", "content": "好家伙"}, {"uid": "552461", "content": "白怜bb剧场"}, {"uid": "1704410", "content": "？？？"}, {"uid": "660515078", "content": "？"}, {"uid": "513719722", "content": "？"}, {"uid": "545549120", "content": "是我最爱的电音"}, {"uid": "471069463", "content": "hhh"}, {"uid": "471069463", "content": "早7人上班www"}, {"uid": "471069463", "content": "www明天不知道什么时候回来"}, {"uid": "18343394", "content": "\\天外/\\晓月/\\天外/\\晓月/"}, {"uid": "2737171", "content": "好家伙"}, {"uid": "31873815", "content": "hhhhhhhhhhhh"}, {"uid": "2737171", "content": "没，网卡断了"}, {"uid": "552461", "content": "笑死"}, {"uid": "18343394", "content": "好家伙"}, {"uid": "471069463", "content": "hhh"}, {"uid": "545549120", "content": "这是通行证？"}, {"uid": "21437722", "content": "星令是什么？"}, {"uid": "495707763", "content": "免费星令的记得开一下 每天领取可以抽奖"}, {"uid": "2737171", "content": "？？？牌子"}, {"uid": "495707763", "content": "八月结束"}, {"uid": "12211886", "content": "20天"}, {"uid": "15874213", "content": "剪耳朵？"}, {"uid": "552461", "content": "小白怜，我的小白怜"}, {"uid": "2737171", "content": "小白怜，好耶"}, {"uid": "325384143", "content": "被剪耳朵的那个?"}, {"uid": "5684520", "content": "Q版师姐抱枕？？ 是小白怜的那个吗"}, {"uid": "34836755", "content": "精神小伙好"}, {"uid": "34836755", "content": "啊这"}, {"uid": "552461", "content": "就是"}, {"uid": "12864846", "content": "就是那种"}, {"uid": "294163039", "content": "仓鼠啊快点用你的次元石（doge）"}, {"uid": "12864846", "content": "我放了一个链接在群里"}, {"uid": "495707763", "content": "摇花手2333"}, {"uid": "18343394", "content": "我立定跳远进来的"}, {"uid": "12864846", "content": "就两个人举着牌子的那种"}, {"uid": "34836755", "content": "今天是右脚先迈的怎么办"}, {"uid": "545549120", "content": "你滴师姐"}, {"uid": "2737171", "content": "yamero"}, {"uid": "12864846", "content": "给晓月做一个土味祝贺"}, {"uid": "552461", "content": "嘟嘟嘟直接送走"}, {"uid": "2737171", "content": "好家伙"}, {"uid": "18343394", "content": "有错麻"}, {"uid": "108360811", "content": "咔咔嘟嘟"}, {"uid": "18343394", "content": "庆祝重生"}, {"uid": "12864846", "content": "hhhhhhh晓月直接送走笑死"}, {"uid": "108360811", "content": "我在后面再吹个唢呐"}, {"uid": "12864846", "content": "被输入法背刺了"}, {"uid": "552461", "content": "离谱"}, {"uid": "471069463", "content": "等会都被送走了"}, {"uid": "12864846", "content": "笑死"}, {"uid": "12864846", "content": "像是"}, {"uid": "12864846", "content": "仓鼠这个太魔鬼了"}, {"uid": "2737171", "content": "离谱"}, {"uid": "18343394", "content": "建议电音加灵堂回响吹卡祖笛生日快乐"}, {"uid": "2737171", "content": "不打"}, {"uid": "4577251", "content": "等回家做个动态卡祖笛贴图给师姐"}, {"uid": "2737171", "content": "？？？"}, {"uid": "471069463", "content": "hhh"}, {"uid": "5684520", "content": "动态卡祖笛？？"}, {"uid": "325384143", "content": "晓月今晚打牌吗(doge)"}, {"uid": "108360811", "content": "然后把自己变成卡祖笛"}, {"uid": "108360811", "content": "静止卡祖笛"}, {"uid": "325384143", "content": "卡祖笛生日快乐歌"}, {"uid": "5684520", "content": "好久没听到卡祖笛了我浑身难受"}, {"uid": "4577251", "content": "师姐吹卡祖笛生日快乐"}, {"uid": "437891653", "content": "什么？"}, {"uid": "5684520", "content": "卡祖笛好耶"}, {"uid": "552461", "content": "用卡祖笛给晓月助助兴"}, {"uid": "108360811", "content": "晓月生日快乐"}, {"uid": "471069463", "content": "迫害晓月吗hhh"}, {"uid": "4783386", "content": "师姐！"}, {"uid": "325384143", "content": "师姐快掏出卡祖笛"}, {"uid": "2737171", "content": "是啊"}, {"uid": "5684520", "content": "晓月生日快乐"}, {"uid": "18343394", "content": "给他卡祖笛"}, {"uid": "471069463", "content": "群里好像说过"}, {"uid": "18343394", "content": "是的"}, {"uid": "495707763", "content": "晓月生日快乐！"}, {"uid": "2737171", "content": "没加班，已经跑路了"}, {"uid": "12864846", "content": "晓月生日快乐"}, {"uid": "5684520", "content": "好好休息"}, {"uid": "5684520", "content": "头疼就早点睡吧"}, {"uid": "18343394", "content": "呜呜呜"}, {"uid": "471069463", "content": "今天没加班"}, {"uid": "18343394", "content": "晓月生日快乐"}, {"uid": "437891653", "content": "月月强啊"}, {"uid": "2737171", "content": "师姐，今天我生日，来个惯例吧"}, {"uid": "31873815", "content": "月月牛蛙"}, {"uid": "108360811", "content": "睡觉睡得头疼"}, {"uid": "34836755", "content": "月月大气"}, {"uid": "108360811", "content": "在家了"}, {"uid": "34836755", "content": "感谢月月的礼花"}, {"uid": "495707763", "content": "月月大气"}, {"uid": "5684520", "content": "月月大气"}, {"uid": "12864846", "content": "萌萌辛苦了"}, {"uid": "34836755", "content": "感谢雪月月的舰长"}, {"uid": "108360811", "content": "工丶地丶停丶工了，好耶！终于可以休息了！"}, {"uid": "12864846", "content": "感觉像是被风扇吹太久了"}, {"uid": "294163039", "content": "有群吗？"}, {"uid": "5684520", "content": "你们不要试着试着复读我的话"}, {"uid": "294163039", "content": "人类的本质"}, {"uid": "12864846", "content": "麻了"}, {"uid": "12864846", "content": "现在感觉我一晃头整个脑袋都在摇，好痛"}, {"uid": "294163039", "content": "不要复读我的话的复读（doge）"}, {"uid": "545549120", "content": "不要复读我的话"}, {"uid": "471069463", "content": "害怕"}, {"uid": "294163039", "content": "仓鼠yesyes,"}, {"uid": "552461", "content": "啊这"}, {"uid": "5684520", "content": "不要复读我的话"}, {"uid": "545549120", "content": "都是什么成分啊"}, {"uid": "437891653", "content": "额…"}, {"uid": "34836755", "content": "啊这"}, {"uid": "294163039", "content": "仓鼠被混沌腐蚀了不能要了（悲）"}, {"uid": "495707763", "content": "我真聪明"}, {"uid": "495707763", "content": "我qq发给你师姐"}, {"uid": "12864846", "content": "把仓鼠ban了吧"}, {"uid": "545549120", "content": "到底许不许？！"}, {"uid": "495707763", "content": "达咩达咩达咩达咩达咩"}, {"uid": "355615726", "content": "师姐吃饭了吗"}, {"uid": "294163039", "content": "（doge）"}, {"uid": "294163039", "content": "老中医"}, {"uid": "66751643", "content": "晚上好"}, {"uid": "12864846", "content": "禁止套娃"}, {"uid": "471069463", "content": "禁止套娃"}, {"uid": "545549120", "content": "不许套娃"}, {"uid": "5684520", "content": "你搁这搁哪搁这搁那搁这搁这呢"}, {"uid": "18343394", "content": "禁止禁止禁止禁止禁止禁止禁止"}, {"uid": "7833978", "content": "我恨"}, {"uid": "471069463", "content": "在上面礼物右边"}, {"uid": "294163039", "content": "斯卡文腐蚀进一步加强（bushi）"}, {"uid": "7833978", "content": "麻上加麻"}, {"uid": "495707763", "content": "电脑端自己寻找一下"}, {"uid": "545549120", "content": "禁止禁止"}, {"uid": "471069463", "content": "电脑端不在右下角。。"}, {"uid": "294163039", "content": "哈哈"}, {"uid": "108360811", "content": "您搁哪搁哪搁哪搁哪搁哪那？"}, {"uid": "495707763", "content": "可以免费开通的 就在右下角"}, {"uid": "8138686", "content": "好家伙 这就下班！"}, {"uid": "355615726", "content": "好耶"}, {"uid": "31873815", "content": "hhhhh"}, {"uid": "495707763", "content": "可以每天领取奖品用星芒抽奖的 "}, {"uid": "325384143", "content": "把直播间交给月月"}, {"uid": "545549120", "content": "来个双簧？"}, {"uid": "5684520", "content": "听君一席话如听一席话"}, {"uid": "552461", "content": "套娃是吧"}, {"uid": "294163039", "content": "我很好奇"}, {"uid": "294163039", "content": "俄罗斯的师姐吗"}, {"uid": "12864846", "content": "你搁着搁着呢"}, {"uid": "4577251", "content": "！？让我康康"}, {"uid": "5684520", "content": "今晚杂谈"}, {"uid": "545549120", "content": "今天师姐播师姐"}, {"uid": "12046530", "content": "妙啊~"}, {"uid": "4577251", "content": "今天师姐播什么呀"}, {"uid": "108360811", "content": "过两天我就变成一个酷酷的师妹了"}, {"uid": "34836755", "content": "不是我——"}, {"uid": "319774776", "content": "贴贴"}, {"uid": "495707763", "content": "坑货我标记你了"}, {"uid": "294163039", "content": "或者大角鼠娘化"}, {"uid": "495707763", "content": " 在我爱的女人面前揭短我"}, {"uid": "5684520", "content": "坑货糊涂啊"}, {"uid": "108360811", "content": "月月也在！"}, {"uid": "12864846", "content": "那个坑货我笑死"}, {"uid": "108360811", "content": "胃疼，饿的了，所以要吃饭"}, {"uid": "5684520", "content": "你被嘎吃了"}, {"uid": "471069463", "content": "仓鼠用仓鼠皮hhh"}, {"uid": "4577251", "content": "师姐晚上好"}, {"uid": "495707763", "content": "心碎离开"}, {"uid": "18343394", "content": "我出去一下发生什么了"}, {"uid": "18343394", "content": "？？"}, {"uid": "545549120", "content": "晚上好"}, {"uid": "495707763", "content": "快进到仓鼠出道"}, {"uid": "294163039", "content": "仓鼠"}, {"uid": "471069463", "content": "hhh"}, {"uid": "12864846", "content": "hhhhhhhh"}, {"uid": "495707763", "content": "师姐别听他们说的"}, {"uid": "800847", "content": "好看，关注了"}, {"uid": "31147719", "content": "反正你就别想着它就好了"}, {"uid": "437387251", "content": "_(:3」∠)_"}, {"uid": "34836755", "content": "月月都还完了（在梦里）"}, {"uid": "12864846", "content": "击剑粉"}, {"uid": "495707763", "content": "聊点别的"}, {"uid": "471069463", "content": "萌萌好像是仓鼠的头号粉丝？"}, {"uid": "6682515", "content": "你把健身环给我还了再计划"}, {"uid": "31147719", "content": "我也不知道他咋的了"}, {"uid": "495707763", "content": "ez 一切尽在我的计划中"}, {"uid": "471069463", "content": "圣女的突击的确猝不及防"}, {"uid": "108360811", "content": "胃疼"}, {"uid": "495707763", "content": "师姐咕的算我的！"}, {"uid": "7833978", "content": "好家伙"}, {"uid": "12864846", "content": "打完的时候我也有冷汗，就感觉不太舒服"}, {"uid": "495707763", "content": "阳光 让她咕！"}, {"uid": "471069463", "content": "马上就万粉了"}, {"uid": "18343394", "content": "难受归难受吃归吃"}, {"uid": "495707763", "content": "直接请假！"}, {"uid": "2737171", "content": "好家伙"}, {"uid": "34836755", "content": "我第一针打完也是一直犯困"}, {"uid": "471069463", "content": "笑死"}, {"uid": "18343394", "content": "笑死"}, {"uid": "495707763", "content": "咕了三天 满满的幸福"}, {"uid": "325384143", "content": "有，我那栋楼有人打完发高烧的"}, {"uid": "34836755", "content": "打瞌睡是真的"}, {"uid": "31147719", "content": "不要慌两三天就好了"}, {"uid": "18343394", "content": "好家伙"}, {"uid": "18343394", "content": "我是啥感觉没有"}, {"uid": "471069463", "content": "第二天胃口好了（doge）"}, {"uid": "513719722", "content": "啊"}, {"uid": "31147719", "content": "你明天可能胳膊抬不起来"}, {"uid": "1457515", "content": "大姐頭腫麼了？"}, {"uid": "2737171", "content": "那半个小时一点事都没有，第二天爆发的"}, {"uid": "325384143", "content": "我只是手臂有点痛，有点乏力罢了"}, {"uid": "18343394", "content": "好家伙"}, {"uid": "31147719", "content": "赶走了"}, {"uid": "300082426", "content": "小月这种问题你要跟他们反馈吧"}, {"uid": "18343394", "content": "不过不是需要在那里观察30分钟么"}, {"uid": "471069463", "content": "酸的话是肌肉痛？"}, {"uid": "6682515", "content": "叠词词 恶心心"}, {"uid": "31147719", "content": "只要你特别难受就去医院看看"}, {"uid": "300082426", "content": "哦"}, {"uid": "18343394", "content": "好家伙"}, {"uid": "300082426", "content": "我这里好像不用打第三针"}, {"uid": "108360811", "content": "师姐晚上好"}, {"uid": "2737171", "content": "头晕，想吐，乏力，肌肉痛，轻微感冒症状"}, {"uid": "495707763", "content": "惊奇又痛痛但很安心"}, {"uid": "300082426", "content": "用打第三针吗？"}, {"uid": "31147719", "content": "每个人都不一样"}, {"uid": "325384143", "content": "doge"}, {"uid": "31147719", "content": "这玩意因人而异"}, {"uid": "18343394", "content": "第二针是他们打电话催我去我才去的"}, {"uid": "325384143", "content": "我的那种只用打两针，我已经打完了(do)"}, {"uid": "300082426", "content": "体质心态吧"}, {"uid": "495707763", "content": "第一针就像第一次认识师姐的感觉"}, {"uid": "552461", "content": "打针前先吃止痛药"}, {"uid": "18343394", "content": "哦我是两针也没排队"}, {"uid": "31147719", "content": "那你第三针会更难受反正你做好心理准备"}, {"uid": "2737171", "content": "第一针老严重了"}, {"uid": "300082426", "content": "我打都没有感觉"}, {"uid": "2737171", "content": "我只有第二针没感觉"}, {"uid": "9055146", "content": "心理问题"}, {"uid": "12864846", "content": "打同一只手就会的"}, {"uid": "471069463", "content": "打完就很酸啊"}, {"uid": "31147719", "content": "第二针？"}, {"uid": "18343394", "content": "玩"}, {"uid": "34836755", "content": "我们这边已经约不了第一针了"}, {"uid": "18343394", "content": "玩一二针都没反应"}, {"uid": "12864846", "content": "现在可以约了"}, {"uid": "34836755", "content": "现在还可以约第一针吗"}, {"uid": "12864846", "content": "我是第二针才会疼的"}, {"uid": "18343394", "content": "好家伙"}, {"uid": "17376964", "content": "嗯聊吗"}, {"uid": "18343394", "content": "第二针么？"}, {"uid": "495707763", "content": "今天好好休息哦 第二针吗"}, {"uid": "12864846", "content": "第二针吗"}, {"uid": "495707763", "content": "我又活了"}, {"uid": "495707763", "content": "狠狠的受伤了"}, {"uid": "12211886", "content": "晚上好"}, {"uid": "495707763", "content": "原来只是让你做任务"}, {"uid": "2737171", "content": "好家伙"}, {"uid": "495707763", "content": "我还以为你会说 会让你爱上我"}, {"uid": "34836755", "content": "师姐晚上好"}, {"uid": "12864846", "content": "师姐晚上好"}, {"uid": "294163039", "content": "帝国猎巫人呢（doge）"}, {"uid": "495707763", "content": "我要把师姐的任务做完！"}, {"uid": "552461", "content": "把仓鼠清理了就好了"}, {"uid": "18343394", "content": "好家伙"}, {"uid": "2737171", "content": "好家伙"}, {"uid": "495707763", "content": "我起不来QAQ"}, {"uid": "471069463", "content": "hh"}, {"uid": "294163039", "content": "斯卡文腐蚀度+3（doge）"}, {"uid": "495707763", "content": "不播了 住在这里"}, {"uid": "351279149", "content": "坐火车，信号不好，师姐，我先走了，拜拜("}, {"uid": "2737171", "content": "晚上好"}, {"uid": "18343394", "content": "好家伙"}, {"uid": "552461", "content": "给仓鼠烧把火暖和暖和"}, {"uid": "294163039", "content": "这里是斯卡文魔都（doge）"}, {"uid": "4134946", "content": "师姐好久不见，您还是那么美丽"}, {"uid": "31147719", "content": "不是都是一样的就是横屏没法滑动。。。"}, {"uid": "325384143", "content": "给，仓鼠，你的木屑"}, {"uid": "31147719", "content": "哇，用pad看星令我好难受啊"}, {"uid": "294163039", "content": "懂了"}, {"uid": "65240577", "content": "来了"}, {"uid": "18343394", "content": "给我递床被子谢谢"}, {"uid": "18343394", "content": "我直接睡在师姐直播间"}, {"uid": "552461", "content": "茶起来了"}, {"uid": "18343394", "content": "笑死"}, {"uid": "471069463", "content": "开好了~"}, {"uid": "5684520", "content": "阳光dd掱"}, {"uid": "5684520", "content": "阳光掱"}, {"uid": "96658167", "content": "对啊"}, {"uid": "495707763", "content": "师姐贴贴"}, {"uid": "495707763", "content": "nice啊月月你做到了"}, {"uid": "325384143", "content": "用小号开一个"}, {"uid": "5684520", "content": "好耶"}, {"uid": "96658167", "content": "好耶，我考完回来了"}, {"uid": "325384143", "content": "好家伙"}, {"uid": "18343394", "content": "好家伙"}, {"uid": "7833978", "content": "好家伙"}, {"uid": "294163039", "content": "这就去D其他女人（doge）"}, {"uid": "294163039", "content": "明白"}, {"uid": "12046530", "content": "开惹~"}, {"uid": "471069463", "content": "在哪吖"}, {"uid": "495707763", "content": "每天看直播满30分钟可以抽奖"}, {"uid": "495707763", "content": "大家在师姐直播间开一下免费星令"}, {"uid": "495707763", "content": "我来做任务！！"}, {"uid": "495707763", "content": "让我d！！"}, {"uid": "325384143", "content": "可怜的官方，到达不了全员填表的真实"}, {"uid": "471069463", "content": "好耶"}, {"uid": "18343394", "content": "可不是十分钟"}, {"uid": "18343394", "content": "二十分钟阿"}, {"uid": "40596208", "content": "您需要白怜疫苗"}, {"uid": "12046530", "content": "师姐晚上好喵~"}, {"uid": "552461", "content": "？！"}, {"uid": "1704410", "content": "今天师姐好早"}, {"uid": "40596208", "content": "你吃了什么"}, {"uid": "1704410", "content": "挂着去吃饭了"}, {"uid": "73775799", "content": "白妈妈晚上好( ^_^)／"}, {"uid": "18343394", "content": "没有师姐我要死了"}, {"uid": "18343394", "content": "甚至没下班"}, {"uid": "495707763", "content": "打卡"}, {"uid": "18343394", "content": "没"}, {"uid": "31147719", "content": "看会师姐再看LPL"}, {"uid": "552461", "content": "晚上好"}, {"uid": "40596208", "content": "来了"}, {"uid": "282845389", "content": "晚上好"}, {"uid": "471069463", "content": "来了~"}, {"uid": "18343394", "content": "晚上好"}, {"uid": "18343394", "content": "来了来了"}, {"uid": "87989916", "content": "。。"}, {"uid": "18343394", "content": "\\师姐/\\师姐/\\师姐/\\师姐/\\师姐/"}, {"uid": "23015177", "content": "\\师姐/\\师姐/\\师姐/\\师姐/\\师姐/"}, {"uid": "18343394", "content": "\\师姐/\\师姐/\\师姐/\\师姐/\\师姐/"}, {"uid": "23015177", "content": "\\师姐/\\师姐/\\师姐/\\师姐/\\师姐/"}, {"uid": "552461", "content": "\\师姐/\\师姐/\\师姐/\\师姐/\\师姐/"}, {"uid": "18343394", "content": "\\师姐/\\师姐/\\师姐/\\师姐/\\师姐/"}, {"uid": "12864846", "content": "\\师姐/\\师姐/\\师姐/\\师姐/\\师姐/"}, {"uid": "23015177", "content": "\\师姐/\\师姐/\\师姐/\\师姐/\\师姐/"}, {"uid": "12864846", "content": "\\师姐/\\师姐/\\师姐/\\师姐/\\师姐/"}, {"uid": "12864846", "content": "\\师姐/\\师姐/\\师姐/\\师姐/\\师姐/"}, {"uid": "552461", "content": "\\师姐/\\师姐/\\师姐/\\师姐/\\师姐/"}, {"uid": "12864846", "content": "\\师姐/\\师姐/\\师姐/\\师姐/\\师姐/"}, {"uid": "12864846", "content": "\\师姐/\\师姐/\\师姐/\\师姐/\\师姐/"}, {"uid": "12864846", "content": "\\师姐/\\师姐/\\师姐/\\师姐/\\师姐/"}, {"uid": "12864846", "content": "\\师姐/\\师姐/\\师姐/\\师姐/\\师姐/"}, {"uid": "12864846", "content": "\\师姐/\\师姐/\\师姐/\\师姐/\\师姐/"}, {"uid": "12864846", "content": "\\师姐/\\师姐/\\师姐/\\师姐/\\师姐/"}, {"uid": "18343394", "content": "\\师姐/\\师姐/\\师姐/\\师姐/\\师姐/"}, {"uid": "552461", "content": "\\师姐/\\师姐/\\师姐/\\师姐/\\师姐/"}, {"uid": "23015177", "content": "\\师姐/\\师姐/\\师姐/\\师姐/\\师姐/"}, {"uid": "18343394", "content": "\\师姐/\\师姐/\\师姐/\\师姐/\\师姐/"}, {"uid": "18343394", "content": "\\师姐/\\师姐/\\师姐/\\师姐/\\师姐/"}, {"uid": "18343394", "content": "\\师姐/\\师姐/\\师姐/\\师姐/\\师姐/"}, {"uid": "552461", "content": "\\师姐/\\师姐/\\师姐/\\师姐/\\师姐/"}, {"uid": "18343394", "content": "\\师姐/\\师姐/\\师姐/\\师姐/\\师姐/"}, {"uid": "23015177", "content": "\\师姐/\\师姐/\\师姐/\\师姐/\\师姐/"}, {"uid": "18343394", "content": "\\师姐/\\师姐/\\师姐/\\师姐/\\师姐/"}, {"uid": "18343394", "content": "\\师姐/\\师姐/\\师姐/\\师姐/\\师姐/"}, {"uid": "552461", "content": "\\师姐/\\师姐/\\师姐/\\师姐/\\师姐/"}, {"uid": "18343394", "content": "\\师姐/\\师姐/\\师姐/\\师姐/\\师姐/"}, {"uid": "552461", "content": "\\师姐/\\师姐/\\师姐/\\师姐/\\师姐/"}, {"uid": "18343394", "content": "\\师姐/\\师姐/\\师姐/\\师姐/\\师姐/"}, {"uid": "18343394", "content": "\\师姐/\\师姐/\\师姐/\\师姐/\\师姐/"}, {"uid": "18343394", "content": "\\师姐/\\师姐/\\师姐/\\师姐/\\师姐/"}, {"uid": "552461", "content": "\\师姐/\\师姐/\\师姐/\\师姐/\\师姐/"}, {"uid": "552461", "content": "\\师姐/\\师姐/\\师姐/\\师姐/\\师姐/"}, {"uid": "552461", "content": "\\师姐/\\师姐/\\师姐/\\师姐/\\师姐/"}, {"uid": "552461", "content": "\\师姐/\\师姐/\\师姐/\\师姐/\\师姐/"}, {"uid": "552461", "content": "\\师姐/\\师姐/\\师姐/\\师姐/\\师姐/\\师姐/"}, {"uid": "18343394", "content": "\\师姐/\\师姐/\\师姐/\\师姐/\\师姐/"}, {"uid": "698355368", "content": "\\师姐/\\师姐/\\师姐/\\师姐/\\师姐/"}, {"uid": "23015177", "content": "\\师姐/\\师姐/\\师姐/\\师姐/\\师姐/"}, {"uid": "325384143", "content": "\\师姐/\\师姐/\\师姐/\\师姐/\\师姐/"}, {"uid": "18343394", "content": "\\师姐/\\师姐/\\师姐/\\师姐/\\师姐/"}, {"uid": "18343394", "content": "\\师姐/\\师姐/\\师姐/\\师姐/\\师姐/"}, {"uid": "698355368", "content": "\\师姐/\\师姐/\\师姐/\\师姐/\\师姐/"}, {"uid": "18343394", "content": "\\师姐/\\师姐/\\师姐/\\师姐/\\师姐/"}, {"uid": "12864846", "content": "\\师姐/\\师姐/\\师姐/\\师姐/\\师姐/"}, {"uid": "18343394", "content": "\\师姐/\\师姐/\\师姐/\\师姐/\\师姐/"}, {"uid": "698355368", "content": "\\师姐/\\师姐/\\师姐/\\师姐/\\师姐/"}, {"uid": "18343394", "content": "\\师姐/\\师姐/\\师姐/\\师姐/\\师姐/"}, {"uid": "12864846", "content": "\\师姐/\\师姐/\\师姐/\\师姐/\\师姐/"}, {"uid": "12864846", "content": "\\师姐/\\师姐/\\师姐/\\师姐/\\师姐/"}, {"uid": "18343394", "content": "\\师姐/\\师姐/\\师姐/\\师姐/\\师姐/"}, {"uid": "12864846", "content": "\\师姐/\\师姐/\\师姐/\\师姐/\\师姐/"}, {"uid": "23015177", "content": "\\师姐/\\师姐/\\师姐/\\师姐/\\师姐/"}, {"uid": "18343394", "content": "\\师姐/\\师姐/\\师姐/\\师姐/\\师姐/"}, {"uid": "23015177", "content": "\\师姐/\\师姐/\\师姐/\\师姐/\\师姐/"}, {"uid": "12864846", "content": "\\师姐/\\师姐/\\师姐/\\师姐/\\师姐/"}, {"uid": "12864846", "content": "\\师姐/\\师姐/\\师姐/\\师姐/\\师姐/"}, {"uid": "18343394", "content": "\\师姐/\\师姐/\\师姐/\\师姐/\\师姐/"}, {"uid": "18343394", "content": "\\师姐/\\师姐/\\师姐/\\师姐/\\师姐/"}, {"uid": "698355368", "content": "\\师姐/\\师姐/\\师姐/\\师姐/\\师姐/"}, {"uid": "12864846", "content": "\\师姐/\\师姐/\\师姐/\\师姐/\\师姐/"}, {"uid": "495707763", "content": "\\师姐/\\师姐/\\师姐/\\师姐/\\师姐/"}, {"uid": "12864846", "content": "\\师姐/\\师姐/\\师姐/\\师姐/\\师姐/"}, {"uid": "12864846", "content": "\\师姐/\\师姐/\\师姐/\\师姐/\\师姐/"}, {"uid": "698355368", "content": "\\师姐/\\师姐/\\师姐/\\师姐/\\师姐/"}, {"uid": "12864846", "content": "\\师姐/\\师姐/\\师姐/\\师姐/\\师姐/"}, {"uid": "12864846", "content": "\\师姐/\\师姐/\\师姐/\\师姐/\\师姐/"}, {"uid": "12864846", "content": "\\师姐/\\师姐/\\师姐/\\师姐/\\师姐/"}, {"uid": "18343394", "content": "\\师姐/\\师姐/\\师姐/\\师姐/\\师姐/"}, {"uid": "12864846", "content": "\\师姐/\\师姐/\\师姐/\\师姐/\\师姐/"}, {"uid": "12864846", "content": "\\师姐/\\师姐/\\师姐/\\师姐/\\师姐/"}, {"uid": "12864846", "content": "\\师姐/\\师姐/\\师姐/\\师姐/\\师姐/"}, {"uid": "12864846", "content": "\\师姐/\\师姐/\\师姐/\\师姐/\\师姐/"}, {"uid": "12864846", "content": "\\师姐/\\师姐/\\师姐/\\师姐/\\师姐/"}, {"uid": "23015177", "content": "\\师姐/\\师姐/\\师姐/\\师姐/\\师姐/"}, {"uid": "12864846", "content": "\\师姐/\\师姐/\\师姐/\\师姐/\\师姐/"}, {"uid": "698355368", "content": "\\师姐/\\师姐/\\师姐/\\师姐/\\师姐/"}, {"uid": "12864846", "content": "\\师姐/\\师姐/\\师姐/\\师姐/\\师姐/"}, {"uid": "12864846", "content": "\\师姐/\\师姐/\\师姐/\\师姐/\\师姐/"}, {"uid": "12864846", "content": "\\师姐/\\师姐/\\师姐/\\师姐/\\师姐/"}, {"uid": "12864846", "content": "\\师姐/\\师姐/\\师姐/\\师姐/\\师姐/"}, {"uid": "248562629", "content": "啊啊啊----啊啊啊白怜师姐------"}, {"uid": "18343394", "content": "\\师姐/\\师姐/\\师姐/\\师姐/\\师姐/"}, {"uid": "325384143", "content": "\\晓月/\\晓月/\\晓月/\\晓月/\\晓月/"}, {"uid": "552461", "content": "\\晓月/\\晓月/\\晓月/\\晓月/\\晓月/"}, {"uid": "698355368", "content": "\\师姐/\\师姐/\\师姐/\\师姐/\\师姐/"}, {"uid": "12864846", "content": "\\晓月/\\晓月/\\晓月/\\晓月/\\晓月/"}, {"uid": "18343394", "content": "\\师姐/\\师姐/\\师姐/\\师姐/\\师姐/"}, {"uid": "15248244", "content": "\\师姐/\\师姐/\\师姐/\\师姐/\\师姐/"}, {"uid": "698355368", "content": "\\师姐/\\师姐/\\师姐/\\师姐/\\师姐/"}, {"uid": "471069463", "content": "\\师姐/\\师姐/\\师姐/\\师姐/\\师姐/"}, {"uid": "325384143", "content": "\\师姐/\\师姐/\\师姐/\\师姐/\\师姐/"}, {"uid": "18343394", "content": "\\师姐/\\师姐/\\师姐/\\师姐/\\师姐/"}, {"uid": "8138686", "content": "\\师姐/ \\师姐/ \\师姐/ \\师姐/"}, {"uid": "12864846", "content": "\\晓月/\\晓月/\\晓月/\\晓月/\\晓月/"}, {"uid": "12864846", "content": "\\晓月/\\晓月/\\晓月/\\晓月/\\晓月/"}, {"uid": "471069463", "content": "\\晓月/\\晓月/\\晓月/\\晓月/\\晓月/"}, {"uid": "325384143", "content": "\\晓月/\\晓月/\\晓月/\\晓月/\\晓月/"}, {"uid": "12864846", "content": "\\晓月/\\晓月/\\晓月/\\晓月/\\晓月/"}, {"uid": "552461", "content": "\\晓月/\\晓月/\\晓月/\\晓月/\\晓月/"}, {"uid": "12864846", "content": "\\晓月/\\晓月/\\晓月/\\晓月/\\晓月/"}, {"uid": "325384143", "content": "\\晓月/\\晓月/\\晓月/\\晓月/\\晓月/"}, {"uid": "545549120", "content": "\\晓月/\\晓月/\\晓月/\\晓月/\\晓月/"}, {"uid": "552461", "content": "\\晓月/\\晓月/\\晓月/\\晓月/\\晓月/"}, {"uid": "12864846", "content": "\\晓月/\\晓月/\\晓月/\\晓月/\\晓月/"}, {"uid": "12864846", "content": "\\晓月/\\晓月/\\晓月/\\晓月/\\晓月/"}, {"uid": "12864846", "content": "\\晓月/\\晓月/\\晓月/\\晓月/\\晓月/"}, {"uid": "12864846", "content": "\\晓月/\\晓月/\\晓月/\\晓月/\\晓月/"}, {"uid": "552461", "content": "\\晓月/\\晓月/\\晓月/\\晓月/\\晓月/"}, {"uid": "12864846", "content": "\\晓月/\\晓月/\\晓月/\\晓月/\\晓月/"}, {"uid": "12864846", "content": "\\晓月/\\晓月/\\晓月/\\晓月/\\晓月/"}, {"uid": "325384143", "content": "\\晓月/\\晓月/\\晓月/\\晓月/\\晓月/"}, {"uid": "552461", "content": "\\晓月/\\晓月/\\晓月/\\晓月/\\晓月/"}, {"uid": "12864846", "content": "\\晓月/\\晓月/\\晓月/\\晓月/\\晓月/"}, {"uid": "15248244", "content": "\\晓月/\\晓月/\\晓月/\\晓月/\\晓月/"}, {"uid": "12864846", "content": "\\晓月/\\晓月/\\晓月/\\晓月/\\晓月/"}, {"uid": "12864846", "content": "\\晓月/\\晓月/\\晓月/\\晓月/\\晓月/"}, {"uid": "552461", "content": "\\晓月/\\晓月/\\晓月/\\晓月/\\晓月/"}, {"uid": "12864846", "content": "\\晓月/\\晓月/\\晓月/\\晓月/\\晓月/"}, {"uid": "12864846", "content": "\\晓月/\\晓月/\\晓月/\\晓月/\\晓月/"}, {"uid": "471069463", "content": "\\晓月/\\晓月/\\晓月/\\晓月/\\晓月/"}, {"uid": "552461", "content": "\\晓月/\\晓月/\\晓月/\\晓月/\\晓月/"}, {"uid": "12864846", "content": "\\晓月/\\晓月/\\晓月/\\晓月/\\晓月/"}, {"uid": "552461", "content": "\\晓月/\\晓月/\\晓月/\\晓月/\\晓月/"}, {"uid": "1704410", "content": "\\晓月/\\晓月/\\晓月/\\晓月/\\晓月/"}, {"uid": "1704410", "content": "\\晓月/\\晓月/\\晓月/\\晓月/\\晓月/"}, {"uid": "108360811", "content": "仓鼠嘿嘿嘿，仓鼠嘿嘿嘿，仓鼠嘿嘿嘿"}, {"uid": "108360811", "content": "吸溜吸溜吸溜吸溜吸溜吸溜吸溜吸溜吸溜"}, {"uid": "18343394", "content": "不许不许不许不许不许不许不许不许不许不许"}]