[{"uid": "8138686", "content": "电闸"}, {"uid": "9119045", "content": "88"}, {"uid": "67843445", "content": "hhh"}, {"uid": "18058907", "content": "师姐晚安"}, {"uid": "2175498", "content": "88"}, {"uid": "67843445", "content": "半夜见"}, {"uid": "89283862", "content": "88"}, {"uid": "12211886", "content": "拜拜"}, {"uid": "66810307", "content": "一来就说再见"}, {"uid": "698355368", "content": "拜拜"}, {"uid": "545549120", "content": "拜拜"}, {"uid": "8138686", "content": "(°∀°)ﾉ"}, {"uid": "23015177", "content": "么么么"}, {"uid": "325384143", "content": "拜拜"}, {"uid": "4577251", "content": "师姐拜拜"}, {"uid": "552461", "content": "拜拜"}, {"uid": "18343394", "content": "师姐拜拜拜拜拜拜拜拜"}, {"uid": "471069463", "content": "拜拜"}, {"uid": "18058907", "content": "拜拜"}, {"uid": "8138686", "content": "师姐拜拜"}, {"uid": "23015177", "content": "师姐拜拜"}, {"uid": "18343394", "content": "拜拜拜拜拜拜拜拜"}, {"uid": "19147255", "content": "这是西瓜爆头特效么"}, {"uid": "18343394", "content": "白亿首上线"}, {"uid": "8138686", "content": "好耶"}, {"uid": "8138686", "content": "hhhhhhh"}, {"uid": "67843445", "content": "那半夜还能看到白姐嘛？"}, {"uid": "18343394", "content": "好耶！！！！！！！"}, {"uid": "67843445", "content": "啊？"}, {"uid": "8138686", "content": " \\师姐/\\师姐/\\师姐/\\师姐/\\师姐/"}, {"uid": "4151632", "content": "阿巴阿巴"}, {"uid": "23015177", "content": "师姐 嘿嘿 师姐"}, {"uid": "18343394", "content": "那你打伞啊"}, {"uid": "471069463", "content": "emm"}, {"uid": "18343394", "content": "好家伙"}, {"uid": "698355368", "content": "忠诚从鼻子里流出来了"}, {"uid": "23015177", "content": "小白怜！！！妈妈爱你！！！！！！"}, {"uid": "4577251", "content": "救命，师姐（一边流泪一边鼓掌）"}, {"uid": "8138686", "content": "什么叫师姐的完全体嘛"}, {"uid": "23015177", "content": "！！！！"}, {"uid": "18343394", "content": "好耶！！！！！！！"}, {"uid": "8138686", "content": "好耶"}, {"uid": "12211886", "content": "sjsjsj"}, {"uid": "12211886", "content": "1"}, {"uid": "8138686", "content": "草"}, {"uid": "8138686", "content": "好家伙"}, {"uid": "18343394", "content": "好家伙"}, {"uid": "471069463", "content": "这首歌叫什么吖"}, {"uid": "18343394", "content": "学！"}, {"uid": "12864846", "content": "好汀"}, {"uid": "1248083811", "content": "好听好听(⌒▽⌒)"}, {"uid": "8161805", "content": "\\师姐/"}, {"uid": "18343394", "content": "笑死"}, {"uid": "18343394", "content": "齁得慌"}, {"uid": "18343394", "content": "师姐也好甜"}, {"uid": "12864846", "content": "可爱"}, {"uid": "471069463", "content": "师姐师姐师姐"}, {"uid": "471069463", "content": "冰与火那个都挺好听的"}, {"uid": "23015177", "content": "救了命了"}, {"uid": "23015177", "content": "这个前奏想到了冰与火之舞"}, {"uid": "67843445", "content": "八点上线逮住白姐"}, {"uid": "18343394", "content": "真好听"}, {"uid": "18343394", "content": "好听"}, {"uid": "471069463", "content": "啊这"}, {"uid": "18343394", "content": "还被噎到了"}, {"uid": "4577251", "content": "多吃点药"}, {"uid": "18343394", "content": "吃了吃了"}, {"uid": "18343394", "content": "师姐下播我去睡觉"}, {"uid": "8138686", "content": "好耶"}, {"uid": "471069463", "content": "可以的"}, {"uid": "4577251", "content": "我现在就要用，速发"}, {"uid": "471069463", "content": "笑死"}, {"uid": "483003102", "content": "现在改名一条龙还能领管理吗？"}, {"uid": "2079822", "content": "诸位有没有什么想法？"}, {"uid": "483003102", "content": "群里管理都是动物"}, {"uid": "23015177", "content": "都是动物哈哈哈哈哈哈哈哈"}, {"uid": "483003102", "content": "反正都是动物 谁出道一样的"}, {"uid": "23015177", "content": "兔兔和一锅萌"}, {"uid": "259495440", "content": "有人要出道？"}, {"uid": "483003102", "content": "我就记得哪位管理在群里说想出道的"}, {"uid": "471069463", "content": "仓鼠出道？gkd"}, {"uid": "23015177", "content": "仓鼠没有风评啊，那没事了"}, {"uid": "23015177", "content": "仓鼠风评被害"}, {"uid": "23015177", "content": "不是仓鼠哈哈哈哈哈"}, {"uid": "18343394", "content": "？？？"}, {"uid": "2079822", "content": "我记得仓鼠也准备VUP来着"}, {"uid": "23015177", "content": "可爱"}, {"uid": "2079822", "content": "仓鼠什么时候直播呢"}, {"uid": "2079822", "content": "你还要一飞冲天那"}, {"uid": "4577251", "content": "迫害现场极其残忍"}, {"uid": "471069463", "content": "晓月终于不用加班了ohhhhh"}, {"uid": "2079822", "content": "还不能休息哦 仓鼠君"}, {"uid": "23015177", "content": "我截个图"}, {"uid": "23015177", "content": "在座各位都画十个师姐谢谢"}, {"uid": "12864846", "content": "阿墨下班了吗画画还没画完还不能休息哦"}, {"uid": "18343394", "content": "感觉有看不清"}, {"uid": "23015177", "content": "阿摸加油"}, {"uid": "23015177", "content": "笑死"}, {"uid": "2079822", "content": "确定没被四川省拒绝入境吗？"}, {"uid": "4577251", "content": "魔鬼在直播间"}, {"uid": "18343394", "content": "阿莫加完班别忘了十张画"}, {"uid": "18058907", "content": "这个好耶"}, {"uid": "18343394", "content": "好耶！！！！！！！"}, {"uid": "4577251", "content": "因为晚上客户才回复我这边（泪目）"}, {"uid": "18343394", "content": "师姐那边的画面嘛"}, {"uid": "4577251", "content": "麻了，开始在家办公（泪目）"}, {"uid": "18343394", "content": "我直接把内存条插嘴里能感受到"}, {"uid": "483003102", "content": "绝了"}, {"uid": "483003102", "content": "直接把流量开了"}, {"uid": "18343394", "content": "好家伙"}, {"uid": "12864846", "content": "事半功倍"}, {"uid": "12864846", "content": "我画五角星都是画完连笔的在上色的"}, {"uid": "471069463", "content": "好耶"}, {"uid": "18343394", "content": "师姐活辣！！！"}, {"uid": "18343394", "content": "四角半星"}, {"uid": "34836755", "content": "明明是散华你跟踪我"}, {"uid": "34836755", "content": "？"}, {"uid": "394088043", "content": "这是云吗"}, {"uid": "1859653", "content": "坑货你是不是跟踪我"}, {"uid": "40596208", "content": "小白怜还活着？"}, {"uid": "34836755", "content": "散华晚上好"}, {"uid": "18058907", "content": "把板甲做成输入法"}, {"uid": "1859653", "content": "还是啥"}, {"uid": "1859653", "content": "画头像吗？"}, {"uid": "1859653", "content": "晚上好师姐"}, {"uid": "4247234", "content": "我是来看板甲的"}, {"uid": "4577251", "content": "要有输入法了！"}, {"uid": "2079822", "content": "我是瓜贩子啊喂"}, {"uid": "4247234", "content": "亡者的板甲呢"}, {"uid": "12864846", "content": "不动的师姐也非常美丽"}, {"uid": "40596208", "content": "什么透明底，是图片还是文件？"}, {"uid": "12864846", "content": "师姐在做什么"}, {"uid": "4577251", "content": "SAI2欢迎师姐"}, {"uid": "18343394", "content": "这色彩平衡到居然都是白色好强"}, {"uid": "40596208", "content": "师姐早"}, {"uid": "2079822", "content": "时好时坏的"}, {"uid": "483003102", "content": "难受诶 这网络真不行"}, {"uid": "2079822", "content": "难受"}, {"uid": "4577251", "content": "迫害者被迫害得身心巨震"}, {"uid": "2079822", "content": "手机又断网了"}, {"uid": "18343394", "content": "笑死"}, {"uid": "4577251", "content": "？？"}, {"uid": "18343394", "content": "？阿莫画多少了还在这放肆"}, {"uid": "471069463", "content": "仓鼠怎么迫害都不过分"}, {"uid": "2079822", "content": "我也想要"}, {"uid": "12864846", "content": "回来了师姐"}, {"uid": "4577251", "content": "把有钥匙扣的仓鼠叉出去吧"}, {"uid": "471069463", "content": "我也要"}, {"uid": "18343394", "content": "我！！有！！！"}, {"uid": "483003102", "content": "+1 没拿到过"}, {"uid": "4577251", "content": "这次我必须拿到"}, {"uid": "12046530", "content": "有判头了啊"}, {"uid": "18058907", "content": "输入法好耶"}, {"uid": "12046530", "content": "刑啊，舰长群里的各位就要有小白怜了，"}, {"uid": "18343394", "content": "好耶！！！！"}, {"uid": "545549120", "content": "那么怎么样才能拿到这个钥匙扣呢"}, {"uid": "471069463", "content": "www以前的没拿到"}, {"uid": "34836755", "content": "那么怎么样才能拿到这个钥匙扣呢"}, {"uid": "471069463", "content": "怎么样才能拿到钥匙扣呢"}, {"uid": "18343394", "content": "好耶"}, {"uid": "4577251", "content": "异议阿里！"}, {"uid": "471069463", "content": "好耶"}, {"uid": "18343394", "content": "异议阿里！！！！"}, {"uid": "4577251", "content": "Q版衣服竟然也有细节刻画，教我"}, {"uid": "18343394", "content": "反对无效"}, {"uid": "1704410", "content": "附议"}, {"uid": "34836755", "content": "我同意"}, {"uid": "4577251", "content": "我反对（泪目）"}, {"uid": "28481187", "content": "我同意"}, {"uid": "23015177", "content": "我同意"}, {"uid": "4577251", "content": "迫害者反被迫害，这好吗？"}, {"uid": "18343394", "content": "我同意"}, {"uid": "18343394", "content": "出不完不准睡"}, {"uid": "18058907", "content": "画两个橘子"}, {"uid": "18343394", "content": "今晚群里人监督阿莫出十张"}, {"uid": "28481187", "content": "哈哈hiahiahia"}, {"uid": "4577251", "content": "阿摸没有，阿摸是亲妈粉"}, {"uid": "471069463", "content": "全鲨了"}, {"uid": "18343394", "content": "叉出去吧"}, {"uid": "471069463", "content": "hhh"}, {"uid": "18343394", "content": "笑死"}, {"uid": "11437333", "content": "╮(￣▽￣)╭"}, {"uid": "4577251", "content": "？这就开始迫害了（泪目）"}, {"uid": "89283862", "content": "40米长的大刀"}, {"uid": "437891653", "content": "笑死，我根本不会画画…"}, {"uid": "18343394", "content": "阿莫快画今晚出十张"}, {"uid": "12046530", "content": "说！师姐去哪儿了？"}, {"uid": "89283862", "content": "众所周知师姐见到小白怜的第一反应就是抽出"}, {"uid": "471069463", "content": "hhh"}, {"uid": "12046530", "content": "懂了，你还狡辩你不是小白怜变的，"}, {"uid": "4577251", "content": "？快画阿！！！！（无能狂怒）"}, {"uid": "18343394", "content": "合理摸鱼"}, {"uid": "18343394", "content": "笑死"}, {"uid": "12046530", "content": "那小白怜可以被师姐养嘛？"}, {"uid": "28481187", "content": "大白怜己经由灰灰头养了"}, {"uid": "18343394", "content": "那可以放养嘛"}, {"uid": "4577251", "content": "（泪目）"}, {"uid": "4577251", "content": "师姐在画画那阿摸不画了，阿摸要看师姐画"}, {"uid": "471069463", "content": "都可以都可以~"}, {"uid": "34836755", "content": "那大白怜可以养吗"}, {"uid": "12211886", "content": "其实现在被吊起来的那个才是师姐。"}, {"uid": "4577251", "content": "阿摸:今天摸了"}, {"uid": "18058907", "content": "什么时候大白怜也有猫耳啊，炼起来"}, {"uid": "18343394", "content": "让阿莫彻底摸了"}, {"uid": "12046530", "content": "那就是说小白怜可以当猫养咯~"}, {"uid": "18343394", "content": "把阿莫叉出去把"}, {"uid": "4577251", "content": "是阳间问题（纯善"}, {"uid": "12046530", "content": "那为什么师姐没有猫耳和猫尾呢？"}, {"uid": "2737171", "content": "好耶"}, {"uid": "18343394", "content": "好耶！！！！！"}, {"uid": "471069463", "content": "好耶"}, {"uid": "483003102", "content": "喵怜"}, {"uid": "437891653", "content": "师姐什么都会画吗？"}, {"uid": "12046530", "content": "所以这到底是什么?白怜喵嘛？"}, {"uid": "18343394", "content": "笑死"}, {"uid": "18343394", "content": "监督师姐开播我辈义不容辞"}, {"uid": "483003102", "content": "把这只抱走下一秒就被师妹们给砍了"}, {"uid": "18058907", "content": "撒点孜然又是一条好汉"}, {"uid": "18343394", "content": "笑死"}, {"uid": "7833978", "content": "麻了"}, {"uid": "7833978", "content": "一点电都没有"}, {"uid": "4577251", "content": "听成金毛终于麻了，没想到真的是麻了"}, {"uid": "7833978", "content": "才找到充电宝"}, {"uid": "18343394", "content": "笑死"}, {"uid": "18343394", "content": "毛～～～"}, {"uid": "18343394", "content": "阿毛～～～"}, {"uid": "47706557", "content": "养不动啊，太多了"}, {"uid": "7833978", "content": "麻了"}, {"uid": "12046530", "content": "怕不是抱走身火就有判头了"}, {"uid": "47706557", "content": "不过基本都送人了"}, {"uid": "483003102", "content": "有没有橘怜啊 想吸"}, {"uid": "437891653", "content": "超可爱的有没有…"}, {"uid": "47706557", "content": "我姨妈家里养的母猫每年能生五六只"}, {"uid": "18343394", "content": "你先往这走再往那走再往那走就到了"}, {"uid": "4577251", "content": "教我画画，我只要学亿点点细节"}, {"uid": "8138686", "content": "赛博师妹能吸到二维小白怜猫吗"}, {"uid": "437891653", "content": "好想抱抱…"}, {"uid": "47706557", "content": "好怀念老家的大橘啊"}, {"uid": "8138686", "content": "亿点点细节"}, {"uid": "18058907", "content": "下面在画个火取暖（"}, {"uid": "47706557", "content": "想吸猫了……"}, {"uid": "545549120", "content": "就是这样 然后这样 再加亿点点细节"}, {"uid": "4577251", "content": "怎么画的怎么画的，抬头看一眼屏幕就会流泪"}, {"uid": "471069463", "content": "笑死"}, {"uid": "18343394", "content": "￼QQ"}, {"uid": "76745726", "content": "我去忙了"}, {"uid": "76745726", "content": "师姐再见"}, {"uid": "18343394", "content": "笑死"}, {"uid": "4577251", "content": "甜的（慈祥"}, {"uid": "545549120", "content": "高情商：不需要太多细节"}, {"uid": "545549120", "content": "低情商：偷懒"}, {"uid": "18343394", "content": "笑死"}, {"uid": "4577251", "content": "在喝coco的莓莓果茶"}, {"uid": "12864846", "content": "没电了，晚一点再来师姐"}, {"uid": "4577251", "content": "（泪目）"}, {"uid": "4577251", "content": "前面好像还有一张，师姐已经画完一张了吗"}, {"uid": "76745726", "content": " 好厉害！师姐画画好厉害"}, {"uid": "437891653", "content": "好厉害！师姐画画好厉害"}, {"uid": "12864846", "content": "兔兔好好看"}, {"uid": "47706557", "content": "师姐什么时候搓一张琼明峰全家福啊？"}, {"uid": "4577251", "content": "哦哦！？！前面那是什么"}, {"uid": "18058907", "content": "把水印p掉"}, {"uid": "12864846", "content": "不法分子盗图"}, {"uid": "240358045", "content": "把耳朵一换，变成师姐猴 滑稽"}, {"uid": "437891653", "content": "那有师姐汪吗？"}, {"uid": "12864846", "content": "木大木大"}, {"uid": "76745726", "content": "我的弹幕被吃了"}, {"uid": "4577251", "content": "不存自己图的师姐是屑"}, {"uid": "23015177", "content": "师姐猫有了，师姐兔还会远吗"}, {"uid": "47706557", "content": "会不会画成驴2333"}, {"uid": "240358045", "content": "好厉害"}, {"uid": "18343394", "content": "师姐传授我百分之一的画工把"}, {"uid": "47706557", "content": "我很好奇师姐画师姐兔的话"}, {"uid": "76745726", "content": "阿？"}, {"uid": "12864846", "content": "我画画要是有师姐一半好就满足了"}, {"uid": "240358045", "content": "师姐这是用sai画的吗"}, {"uid": "4577251", "content": "我画画有师姐二十分之一好我就满足了"}, {"uid": "471069463", "content": "笑死"}, {"uid": "23015177", "content": "我画画有师姐一半好就好了"}, {"uid": "12046530", "content": "笑死~"}, {"uid": "12046530", "content": "刑啊，这充满希望的身火真是越来越有判头了"}, {"uid": "437891653", "content": "我画画有师姐的一半好就好了"}, {"uid": "28481187", "content": "画师姐的师姐也很可爱"}, {"uid": "12046530", "content": "师姐晚上好喵~"}, {"uid": "12864846", "content": "日子越来越有判头了"}, {"uid": "437891653", "content": "师姐画的好可爱"}, {"uid": "23015177", "content": "天天在师姐这蹲饭"}, {"uid": "28481187", "content": "prprprpr"}, {"uid": "4577251", "content": "师姐我永远的妈咪"}, {"uid": "12864846", "content": "看谁粉丝多就去谁那"}, {"uid": "23015177", "content": "我滴衣食父母"}, {"uid": "18343394", "content": "片哥也要冲业绩的麻"}, {"uid": "47706557", "content": "笑"}, {"uid": "23015177", "content": "师姐我永远的妈咪"}, {"uid": "47706557", "content": "假的"}, {"uid": "12864846", "content": "挑人的"}, {"uid": "47706557", "content": "师姐火了.jpg"}, {"uid": "471069463", "content": "一直很多来着"}, {"uid": "437891653", "content": "师姐画的好好"}, {"uid": "28481187", "content": "来点阴间的bgm   例如  阴阳先生"}, {"uid": "552461", "content": "新的片哥已经出现"}, {"uid": "259495440", "content": "片哥...."}, {"uid": "18343394", "content": "禁了"}, {"uid": "18058907", "content": "片鸽好家伙"}, {"uid": "73366855", "content": "师姐会御剑吗？"}, {"uid": "1704410", "content": "仓鼠！"}, {"uid": "12864846", "content": "房管"}, {"uid": "47706557", "content": "绝了"}, {"uid": "76745726", "content": "片哥上个总督"}, {"uid": "47706557", "content": "片哥？"}, {"uid": "47706557", "content": "……"}, {"uid": "437891653", "content": "师姐好厉害！"}, {"uid": "471069463", "content": "房管"}, {"uid": "76745726", "content": "阴乐"}, {"uid": "437891653", "content": "师姐会画画？"}, {"uid": "12864846", "content": "阴间"}, {"uid": "4577251", "content": "不要说出来，只要我没想到我就是快乐的"}, {"uid": "437891653", "content": "师姐晚上好"}, {"uid": "12864846", "content": "好惨啊"}, {"uid": "4577251", "content": "因为出外勤的地方好远"}, {"uid": "4577251", "content": "下班了，今天出外勤力"}, {"uid": "12864846", "content": "凶凶的应该是嗷呜！"}, {"uid": "47706557", "content": "什么时候大只的师姐猫上镜一下？"}, {"uid": "76745726", "content": "然后三重奏不会会吧吧"}, {"uid": "18343394", "content": "？？？"}, {"uid": "4577251", "content": "这也太可爱了！！！！"}, {"uid": "471069463", "content": "仓鼠做的挺好的"}, {"uid": "4577251", "content": "开屏瞳孔地震"}, {"uid": "76745726", "content": "我刚刚开了三个师姐的直播间"}, {"uid": "76745726", "content": "救命"}, {"uid": "47706557", "content": "师姐猫到时候会挂动态吗？"}, {"uid": "12864846", "content": "（笑）"}, {"uid": "12864846", "content": "推V那是养女人"}, {"uid": "47706557", "content": "笑"}, {"uid": "73366855", "content": "师姐喵一下"}, {"uid": "47706557", "content": "猫排还没好吗？"}, {"uid": "5684520", "content": "仓鼠卡机了 炖了吧"}, {"uid": "47706557", "content": "师姐我洗完碗筷了，继续吸猫.jpg"}, {"uid": "28481187", "content": "互相伤害不好！我们来伤害师姐吧！"}, {"uid": "545549120", "content": "不要啊——"}, {"uid": "5684520", "content": "你爱我 啊我爱你"}, {"uid": "12864846", "content": "还下暴雨了"}, {"uid": "12864846", "content": "下班点了杯蜜雪冰城"}, {"uid": "545549120", "content": "这好吗 这不好"}, {"uid": "76745726", "content": "收获师姐双倍关爱"}, {"uid": "76745726", "content": "也不是不可以"}, {"uid": "325384143", "content": "把头像是猫的猪做了，猪蹄和猫排都有了"}, {"uid": "28481187", "content": "口水"}, {"uid": "28481187", "content": "这只猪没救了，拖下去做排骨汤吧"}, {"uid": "545549120", "content": "都去找半城吧"}, {"uid": "471069463", "content": "笑死"}, {"uid": "76745726", "content": "这头猪病了不如我们"}, {"uid": "545549120", "content": "我是半城小号"}, {"uid": "18343394", "content": "我开始生火了"}, {"uid": "12864846", "content": "很快就把猪做成料理"}, {"uid": "34836755", "content": "有内鬼，停止水群"}, {"uid": "450245822", "content": "打小报告貌似会被打来着！"}, {"uid": "1704410", "content": "猪猪拖人下水"}, {"uid": "76745726", "content": "亏我辛辛苦苦帮你打掩护"}, {"uid": "471069463", "content": "现在是内鬼时间"}, {"uid": "1704410", "content": "快去看看吧"}, {"uid": "76745726", "content": "什么人阿看错你了"}, {"uid": "471069463", "content": "哈哈哈哈"}, {"uid": "34836755", "content": "你们有问题"}, {"uid": "545549120", "content": "@半城 说你呢"}, {"uid": "76745726", "content": "猪猪卖队友？"}, {"uid": "325384143", "content": "猪啊，且行且珍惜吧"}, {"uid": "18343394", "content": "你们不要打扰师姐画画阿"}, {"uid": "2175498", "content": "笑死，内鬼这就冒出来了"}, {"uid": "12864846", "content": "草（中日双译）"}, {"uid": "24822777", "content": "是China的草"}, {"uid": "545549120", "content": "快看精华 这次不是我"}, {"uid": "5684520", "content": "写个汪"}, {"uid": "24822777", "content": "这图，左下角或许能写个草"}, {"uid": "12864846", "content": "吃猫排的请你善良"}, {"uid": "18343394", "content": "黑猫警长来逮你了"}, {"uid": "5684520", "content": "什么蜘蛛"}, {"uid": "450245822", "content": "现在小白怜这是在哪个地方瞄着呀"}, {"uid": "259495440", "content": "确实像猪蹄"}, {"uid": "545549120", "content": "？？？？？"}, {"uid": "17376964", "content": "肉球"}, {"uid": "12864846", "content": "好怪"}, {"uid": "17376964", "content": "只有猫爪"}, {"uid": "76745726", "content": "@一大猪猪猪猪"}, {"uid": "12864846", "content": "笑死"}, {"uid": "5684520", "content": "不要香菜"}, {"uid": "18343394", "content": "好家伙"}, {"uid": "47706557", "content": "Hhhhhh"}, {"uid": "2175498", "content": "？更怪了？"}, {"uid": "12864846", "content": "冒牌是什么"}, {"uid": "76745726", "content": "有一整只猪"}, {"uid": "471069463", "content": "hhhhhh"}, {"uid": "47706557", "content": "猫排，嘶溜"}, {"uid": "471069463", "content": "可惜我不吃猪蹄www"}, {"uid": "28481187", "content": "馋了"}, {"uid": "47706557", "content": "可以可以"}, {"uid": "2175498", "content": "？？？这是准备做炖排骨吧"}, {"uid": "12864846", "content": "做酱肘子"}, {"uid": "545549120", "content": "我会在琼明峰外解决的 不会弄脏山门的"}, {"uid": "471069463", "content": "hhh"}, {"uid": "47706557", "content": "师姐能送我一只这样的猫猫吗？"}, {"uid": "471069463", "content": "做猪蹄"}, {"uid": "471069463", "content": "做猪"}, {"uid": "76745726", "content": "？？"}, {"uid": "12864846", "content": "加盐，加八角，加酱油，加生姜去腥"}, {"uid": "24822777", "content": "那现在就给他一刀吧"}, {"uid": "5684520", "content": "和三天之内心想事成好押韵啊"}, {"uid": "47706557", "content": "这只师姐猫养废了，叫师乎来好好管教（笑）"}, {"uid": "76745726", "content": "好队友"}, {"uid": "545549120", "content": "三天之内杀了半城"}, {"uid": "12864846", "content": "这不就有了.jpg"}, {"uid": "325384143", "content": "眼睛那里要加点眼泪吗（doge）"}, {"uid": "471069463", "content": "笑死"}, {"uid": "76745726", "content": "因为我两次帮你掩护了阿"}, {"uid": "18343394", "content": "逮到"}, {"uid": "18343394", "content": "还是被同一个人"}, {"uid": "23015177", "content": "笑死"}, {"uid": "18343394", "content": "对啊对啊"}, {"uid": "28481187", "content": "眼中加点泪水.job"}, {"uid": "12864846", "content": "猪你太皮"}, {"uid": "545549120", "content": "怎么会有人两次说坏话被逮到呢"}, {"uid": "471069463", "content": "是他，是他，就是一只猪"}, {"uid": "12864846", "content": "耳朵那里要加点毛毛吗"}, {"uid": "18343394", "content": "琼明峰特别物种师姐猫"}, {"uid": "12864846", "content": "怪起来了"}, {"uid": "545549120", "content": "呜呜呜"}, {"uid": "471069463", "content": "hhh"}, {"uid": "12864846", "content": "流量我一个月30g用不完"}, {"uid": "47706557", "content": "那么，这样的师姐猫要在哪里买呢？"}, {"uid": "76745726", "content": "经常看不太好"}, {"uid": "89283862", "content": "师姐你也可以变成这样吗"}, {"uid": "18343394", "content": "什么逮我"}, {"uid": "18343394", "content": "老鼠啊老鼠"}, {"uid": "18805678", "content": "喵师姐"}, {"uid": "5684520", "content": "猫师妹"}, {"uid": "18343394", "content": "你说这只小白怜能逮老鼠吗"}, {"uid": "47706557", "content": "进来就看见师姐猫，好诶"}, {"uid": "12864846", "content": "可爱斯哈斯哈～prprprpr"}, {"uid": "47706557", "content": "????"}, {"uid": "28481187", "content": "大头大头，下雨不愁.job"}, {"uid": "73366855", "content": "可可爱爱没有脑袋"}, {"uid": "28481187", "content": "弱小无助，奶凶奶凶的"}, {"uid": "12864846", "content": "看饿笑死"}, {"uid": "2175498", "content": "别说了 我已经看饿了（笑死"}, {"uid": "76745726", "content": "不多不少刚好两个"}, {"uid": "12864846", "content": "宇宙无敌美少女画的画都给我夸！"}, {"uid": "18343394", "content": "把无念叉出去！"}, {"uid": "76745726", "content": "特别可爱尤其是这眼睛"}, {"uid": "450245822", "content": "非常白嫩，非常下饭"}, {"uid": "325384143", "content": "可爱是可爱就是看着有点饿"}, {"uid": "12864846", "content": "车上看直播好卡麻了"}, {"uid": "698355368", "content": "世界第一可爱"}, {"uid": "23015177", "content": "我的童养媳谢谢"}, {"uid": "73366855", "content": "超级无敌非常可爱"}, {"uid": "18343394", "content": "一点缺点都没有"}, {"uid": "18805678", "content": "虽然看着很可爱，但是更想吃"}, {"uid": "23015177", "content": "超级可爱！"}, {"uid": "18343394", "content": "怎么是有点的"}, {"uid": "325384143", "content": "所以还是猪蹄是吗"}, {"uid": "18343394", "content": "那是非常可爱"}, {"uid": "18805678", "content": "回不去了"}, {"uid": "18805678", "content": "草"}, {"uid": "698355368", "content": "挺可爱的"}, {"uid": "73366855", "content": "有点小可爱"}, {"uid": "325384143", "content": "游刃有余：刀刃运转于骨节缝隙中，仍有回旋"}, {"uid": "12864846", "content": "笑死"}, {"uid": "18058907", "content": "白猪"}, {"uid": "18343394", "content": "笑死"}, {"uid": "350216106", "content": "(▔□▔)/(▔□▔)/"}, {"uid": "18343394", "content": "笑死"}, {"uid": "350216106", "content": "记住啦！"}, {"uid": "18058907", "content": "笑死"}, {"uid": "450245822", "content": "白毛？"}, {"uid": "23015177", "content": "这个钥匙扣能不能双面，另一面白发（扭捏）"}, {"uid": "12864846", "content": "笑死"}, {"uid": "179471776", "content": "杀气！"}, {"uid": "350216106", "content": "(〜￣△￣)〜(〜￣△￣)〜因为你没有回"}, {"uid": "18343394", "content": "笑死"}, {"uid": "76745726", "content": "笑死哈哈哈"}, {"uid": "12864846", "content": "得罪画师只有一个死字笑死"}, {"uid": "18343394", "content": "自裁吧！！"}, {"uid": "76745726", "content": "我感觉不像"}, {"uid": "350216106", "content": "为什么师姐不是封面白发啊！！！！"}, {"uid": "76745726", "content": "说像的是想象力太丰富了"}, {"uid": "18343394", "content": "谁说像猪蹄的紫菜吧"}, {"uid": "12864846", "content": "太太的游刃有余"}, {"uid": "18343394", "content": "快把他们叉出去！！！"}, {"uid": "545549120", "content": "一点也不像！"}, {"uid": "450245822", "content": "不说看不出来，一说直接不忍直视"}, {"uid": "2175498", "content": "越看越想吃猪脚饭了（笑死"}, {"uid": "102972934", "content": "真的有点像唉"}, {"uid": "34836755", "content": "饿了"}, {"uid": "34836755", "content": "确实像"}, {"uid": "471069463", "content": "真的像诶"}, {"uid": "18343394", "content": "想吃猪脚饭"}, {"uid": "23015177", "content": "想要钥匙扣呜呜"}, {"uid": "76745726", "content": "猪蹄阿"}, {"uid": "102972934", "content": "小猫～这儿有猫粮额～来～看这儿(･∀･)"}, {"uid": "471069463", "content": "笑死"}, {"uid": "9119045", "content": "馋了，该点外卖了"}, {"uid": "15248244", "content": "打卡"}, {"uid": "552461", "content": "笑死"}, {"uid": "18343394", "content": "笑死"}, {"uid": "325384143", "content": "好耶"}, {"uid": "545549120", "content": "笑死"}, {"uid": "76745726", "content": "好像"}, {"uid": "76745726", "content": "猪蹄"}, {"uid": "698355368", "content": "哈哈哈"}, {"uid": "18343394", "content": "这爪爪看着更想猪蹄了"}, {"uid": "545549120", "content": "←◡←"}, {"uid": "76745726", "content": "笑死了"}, {"uid": "471069463", "content": "hhh"}, {"uid": "18343394", "content": "笑死"}, {"uid": "698355368", "content": "想要"}, {"uid": "28481187", "content": "好耶"}, {"uid": "698355368", "content": "突然奇怪了起来"}, {"uid": "12864846", "content": "kawai，喜欢"}, {"uid": "12864846", "content": "刚下班，在等车"}, {"uid": "471069463", "content": "hhh"}, {"uid": "12864846", "content": "师姐晚上好"}, {"uid": "2737171", "content": "突然SE气"}, {"uid": "2737171", "content": "好家伙"}, {"uid": "18343394", "content": "笑死"}, {"uid": "552461", "content": "好家伙"}, {"uid": "28481187", "content": "这是被师傅吊起来的吗？"}, {"uid": "471069463", "content": "磕到了"}, {"uid": "76745726", "content": "误会了"}, {"uid": "76745726", "content": "我没有这样的儿子"}, {"uid": "2175498", "content": "磕到了磕到了"}, {"uid": "545549120", "content": "网上抢的"}, {"uid": "2175498", "content": "？？？？好家伙，我突然羡慕了"}, {"uid": "23015177", "content": "谢谢"}, {"uid": "23015177", "content": "磕到了"}, {"uid": "471069463", "content": "笑死"}, {"uid": "18343394", "content": "好家伙"}, {"uid": "545549120", "content": "是半城抢了我的手机发的"}, {"uid": "18343394", "content": "这样小白怜就可以翻白眼了"}, {"uid": "545549120", "content": "呜呜呜"}, {"uid": "23015177", "content": "？我不是一直发言大叔吗"}, {"uid": "471069463", "content": "哈哈哈哈"}, {"uid": "2175498", "content": "言寺逐渐变成了小姐姐（笑死）"}, {"uid": "8138686", "content": "（￣▽￣）"}, {"uid": "2175498", "content": "是的。。"}, {"uid": "8138686", "content": "手机链"}, {"uid": "8138686", "content": "新钥匙扣？！"}, {"uid": "2737171", "content": "言寺自从开麦之后，发言逐渐大叔"}, {"uid": "471069463", "content": "笑死"}, {"uid": "23015177", "content": "母爱到处变质"}, {"uid": "76745726", "content": "千万别看"}, {"uid": "76745726", "content": "师姐别看群尤其是精华消息"}, {"uid": "450245822", "content": "花的挺可爱的"}, {"uid": "23015177", "content": "？"}, {"uid": "23015177", "content": "太可爱了，过来让姐姐亲亲(=3=)"}, {"uid": "2737171", "content": "企业级理解"}, {"uid": "18343394", "content": "好家伙"}, {"uid": "345241915", "content": "啊这"}, {"uid": "92374046", "content": "师姐被吊着 我兴奋的"}, {"uid": "76745726", "content": "笑死"}, {"uid": "471069463", "content": "无情刷任务机器"}, {"uid": "450245822", "content": "怎么突然画起小白怜了？"}, {"uid": "471069463", "content": "好家伙"}, {"uid": "18343394", "content": "多画几个造型吧笑死"}, {"uid": "36329344", "content": "任务做完了，我走了(･∀･)"}, {"uid": "545549120", "content": "这么快 那多画几张吧（不是）"}, {"uid": "1704410", "content": "先走了喵"}, {"uid": "18343394", "content": "师姐好强"}, {"uid": "18343394", "content": "笑死"}, {"uid": "18343394", "content": "师姐让小白怜穿什么他就得穿什么"}, {"uid": "18058907", "content": "白猫卷"}, {"uid": "23015177", "content": "可爱嘿嘿可爱"}, {"uid": "18343394", "content": "好耶！！！"}, {"uid": "450245822", "content": "好家伙"}, {"uid": "474245653", "content": "白师傅＝神＝以一敌十"}, {"uid": "545549120", "content": "晓月加班快乐"}, {"uid": "76745726", "content": "笑死"}, {"uid": "18343394", "content": "笑死"}, {"uid": "471069463", "content": "hhh"}, {"uid": "18343394", "content": "这得让小白怜给钱啊"}, {"uid": "474245653", "content": "yyds是啥？以一敌十？"}, {"uid": "2737171", "content": "耳机明天晚上才到，还得静音看2天"}, {"uid": "8138686", "content": "小白怜yyds"}, {"uid": "1704410", "content": "世界名画：晓月在加班"}, {"uid": "18058907", "content": "（￣▽￣）"}, {"uid": "2737171", "content": "不可能了，已经燃尽了"}, {"uid": "18058907", "content": "猫耳师姐我爱了"}, {"uid": "2175498", "content": "建议永远加班（笑死"}, {"uid": "18805678", "content": "爱了爱了"}, {"uid": "545549120", "content": "晓——月——"}, {"uid": "2175498", "content": "呜呜呜，晓月好惨。"}, {"uid": "471069463", "content": "社会我晓月大哥"}, {"uid": "18805678", "content": "猫耳"}, {"uid": "18058907", "content": "师姐晚上好"}, {"uid": "18343394", "content": "呜呜呜晓月大哥"}, {"uid": "471069463", "content": "哈哈哈哈"}, {"uid": "2737171", "content": "实名羡慕"}, {"uid": "471069463", "content": "带起来的"}, {"uid": "2175498", "content": "好家伙  原来还有一个跟我一样的"}, {"uid": "18343394", "content": "还是五光十色的白"}, {"uid": "36329344", "content": "黄色和绿色（￣▽￣）"}, {"uid": "18343394", "content": "师姐是五彩斑斓的黑？？"}, {"uid": "2175498", "content": "好家伙~"}, {"uid": "1704410", "content": "油漆桶？"}, {"uid": "18343394", "content": "好家伙"}, {"uid": "545549120", "content": "师姐是什么颜色的"}, {"uid": "18343394", "content": "好的"}, {"uid": "18343394", "content": "这个绳子就当穿绳子的地方吧"}, {"uid": "524947577", "content": "打卡"}, {"uid": "522160362", "content": "什么叫骗哥？我还没怎么看出来？"}, {"uid": "18343394", "content": "拿小白怜当鱼饵钓鲨鱼"}, {"uid": "9119045", "content": "真被拎起来了？"}, {"uid": "36329344", "content": "网站打在sc里(･∀･)"}, {"uid": "76745726", "content": "片哥上个总督我们帮你一起发"}, {"uid": "522160362", "content": "这是我们看的吗？"}, {"uid": "1704410", "content": "片哥上个总督吧"}, {"uid": "34836755", "content": "感谢片哥的总督"}, {"uid": "18343394", "content": "禁了"}, {"uid": "552461", "content": "片哥上个提督吧"}, {"uid": "1704410", "content": "仓鼠该做事了"}, {"uid": "1704410", "content": "这bgm这么这么mc呢"}, {"uid": "661590187", "content": "吾腾蓝的时頻 BX4＇me"}, {"uid": "1418768644", "content": "吾腾蓝的时頻 BX4＇me"}, {"uid": "1413505314", "content": "吾腾蓝的时頻 BX4＇me"}, {"uid": "1740015089", "content": "吾腾蓝的时頻 BX4＇me"}, {"uid": "1406352778", "content": "吾腾蓝的时頻 BX4＇me"}, {"uid": "1220377508", "content": "吾腾蓝的时頻 BX4＇me"}, {"uid": "28481187", "content": "可爱"}, {"uid": "471069463", "content": "用腰带绑起来，笑死"}, {"uid": "18343394", "content": "被自己的腰带捆起来了？"}, {"uid": "76745726", "content": "她的，，吖我的"}, {"uid": "89283862", "content": "兽耳娘师姐"}, {"uid": "18343394", "content": "笑死"}, {"uid": "76745726", "content": "我出一块"}, {"uid": "18343394", "content": "我出五毛"}, {"uid": "76745726", "content": "笑死"}, {"uid": "474245653", "content": "这是……？"}, {"uid": "471069463", "content": "笑死"}, {"uid": "76745726", "content": "弹幕又卡了"}, {"uid": "76745726", "content": "为什么我手机bug这么多"}, {"uid": "18343394", "content": "捏住后颈提起来"}, {"uid": "9119045", "content": "哭的声音一定很甜吧（"}, {"uid": "545549120", "content": "师姐举高高"}, {"uid": "471069463", "content": "因为是猫啊"}, {"uid": "471069463", "content": "hhh"}, {"uid": "552461", "content": "那么可爱的小白怜，拎着手感一定很好"}, {"uid": "18343394", "content": "好耶！！！！！！！！！！！"}, {"uid": "34836755", "content": "这么可爱的小白怜哪里领呢"}, {"uid": "545549120", "content": "师姐是猫猫吗"}, {"uid": "76745726", "content": "我画面刚刚一直是等待中"}, {"uid": "76745726", "content": "原来是我卡了"}, {"uid": "18343394", "content": "好耶！！"}, {"uid": "18343394", "content": "可以有猫尾巴嘛！！"}, {"uid": "23015177", "content": "可爱"}, {"uid": "10412397", "content": "师姐晚上好"}, {"uid": "471069463", "content": "好家伙"}, {"uid": "23015177", "content": "好欸"}, {"uid": "18343394", "content": "好耶"}, {"uid": "18343394", "content": "我句句属实啊大人"}, {"uid": "18343394", "content": "？？？"}, {"uid": "23015177", "content": "我滴老婆"}, {"uid": "23015177", "content": "都是麦外敷"}, {"uid": "18343394", "content": "我都喜欢"}, {"uid": "18343394", "content": "笑死"}, {"uid": "471069463", "content": "要"}, {"uid": "1704410", "content": "要要要要要"}, {"uid": "36329344", "content": "来做任务，顺便看师姐"}, {"uid": "18343394", "content": "肯定要啊"}, {"uid": "18343394", "content": "要啊"}, {"uid": "5684520", "content": "当然要猫耳朵"}, {"uid": "1704410", "content": "猫耳要"}, {"uid": "18343394", "content": "小白怜???"}, {"uid": "552461", "content": "有耳朵"}, {"uid": "545549120", "content": "我要猫耳（不是）"}, {"uid": "5684520", "content": "要猫耳朵"}, {"uid": "1704410", "content": "没有"}, {"uid": "471069463", "content": "有叭，也许小一点的？"}, {"uid": "1704410", "content": "好耶"}, {"uid": "18343394", "content": "好耶！！！"}, {"uid": "5684520", "content": "张了 但没完完全张"}, {"uid": "18343394", "content": "懂了意念说话"}, {"uid": "552461", "content": "好家伙"}, {"uid": "2737171", "content": "继续加班"}, {"uid": "2737171", "content": "麻了"}, {"uid": "23015177", "content": "好耶"}, {"uid": "2737171", "content": "来了来了，师姐晚上好（静音"}, {"uid": "552461", "content": "麦克风有了自己的想法"}, {"uid": "5684520", "content": "晚上好"}, {"uid": "18343394", "content": "换了吧"}, {"uid": "18343394", "content": "听到了"}, {"uid": "18343394", "content": "好家伙"}, {"uid": "471069463", "content": "听得到"}, {"uid": "76745726", "content": "不知道"}, {"uid": "23015177", "content": "来啦"}, {"uid": "89283862", "content": "师姐这是要画自画像吗"}, {"uid": "471069463", "content": "可能画画？"}, {"uid": "5684520", "content": "好上晚姐师"}, {"uid": "89283862", "content": "师姐早上好"}, {"uid": "18343394", "content": "这是要干嘛"}, {"uid": "7355011", "content": "晚上好"}, {"uid": "18343394", "content": "师姐晚上好"}, {"uid": "471069463", "content": "晚上好吖"}, {"uid": "552461", "content": "晚上好"}, {"uid": "248562629", "content": "晚上好"}, {"uid": "1704410", "content": "晚上好"}, {"uid": "471069463", "content": "师姐晚上好"}, {"uid": "76745726", "content": "晚上好"}, {"uid": "36329344", "content": "晚上好"}, {"uid": "65240577", "content": "晚安"}, {"uid": "36329344", "content": "来了"}, {"uid": "8138686", "content": "师姐晚上好（继续干活555"}, {"uid": "471069463", "content": "来了"}, {"uid": "18343394", "content": "\\师姐/\\师姐/\\师姐/\\师姐/\\师姐/"}, {"uid": "18343394", "content": "\\师姐/\\师姐/\\师姐/\\师姐/\\师姐/"}, {"uid": "18343394", "content": "\\师姐/\\师姐/\\师姐/\\师姐/\\师姐/"}, {"uid": "8138686", "content": "\\师姐/\\师姐/\\师姐/\\师姐/\\师姐/"}, {"uid": "18343394", "content": "\\师姐/\\师姐/\\师姐/\\师姐/\\师姐/"}, {"uid": "18343394", "content": "\\师姐/\\师姐/\\师姐/\\师姐/\\师姐/"}, {"uid": "18343394", "content": "\\师姐/\\师姐/\\师姐/\\师姐/\\师姐/"}, {"uid": "4577251", "content": "\\师姐/\\师姐/\\师姐/\\师姐/\\师姐/"}, {"uid": "18343394", "content": "\\师姐/\\师姐/\\师姐/\\师姐/\\师姐/"}, {"uid": "23015177", "content": "\\师姐/\\师姐/\\师姐/\\师姐/\\师姐/"}, {"uid": "471069463", "content": "\\师姐/\\师姐/\\师姐/\\师姐/\\师姐/"}, {"uid": "8138686", "content": "\\师姐/\\师姐/\\师姐/\\师姐/\\师姐/"}, {"uid": "18343394", "content": "\\师姐/\\师姐/\\师姐/\\师姐/\\师姐/"}, {"uid": "18343394", "content": "\\师姐/\\师姐/\\师姐/\\师姐/\\师姐/"}, {"uid": "471069463", "content": "\\师姐/\\师姐/\\师姐/\\师姐/\\师姐/"}, {"uid": "18343394", "content": "\\师姐/\\师姐/\\师姐/\\师姐/\\师姐/"}, {"uid": "18343394", "content": "\\师姐/\\师姐/\\师姐/\\师姐/\\师姐/"}, {"uid": "23015177", "content": "\\师姐/\\师姐/\\师姐/\\师姐/\\师姐/"}, {"uid": "698355368", "content": "\\师姐/\\师姐/\\师姐/\\师姐/\\师姐/"}, {"uid": "2079822", "content": "\\师姐/\\师姐/\\师姐/\\师姐/\\师姐/"}, {"uid": "18343394", "content": "\\师姐/\\师姐/\\师姐/\\师姐/\\师姐/"}, {"uid": "13781140", "content": "\\师姐/\\师姐/\\师姐/\\师姐/\\师姐/"}, {"uid": "18343394", "content": "\\师姐/\\师姐/\\师姐/\\师姐/\\师姐/"}, {"uid": "18343394", "content": "\\师姐/\\师姐/\\师姐/\\师姐/\\师姐/"}, {"uid": "18343394", "content": "\\师姐/\\师姐/\\师姐/\\师姐/\\师姐/"}, {"uid": "698355368", "content": "\\师姐/\\师姐/\\师姐/\\师姐/\\师姐/"}, {"uid": "18343394", "content": "\\师姐/\\师姐/\\师姐/\\师姐/\\师姐/"}, {"uid": "698355368", "content": "\\师姐/\\师姐/\\师姐/\\师姐/\\师姐/"}, {"uid": "8138686", "content": "\\师姐/\\师姐/\\师姐/\\师姐/\\师姐/"}, {"uid": "2079822", "content": "\\师姐/\\师姐/\\师姐/\\师姐/\\师姐/"}, {"uid": "23015177", "content": "\\师姐/\\师姐/\\师姐/\\师姐/\\师姐/"}, {"uid": "471069463", "content": "\\师姐/\\师姐/\\师姐/\\师姐/\\师姐/"}, {"uid": "18343394", "content": "\\师姐/\\师姐/\\师姐/\\师姐/\\师姐/"}, {"uid": "4577251", "content": "\\师姐/\\师姐/\\师姐/\\师姐/\\师姐/"}, {"uid": "23015177", "content": "\\师姐/\\师姐/\\师姐/\\师姐/\\师姐/"}, {"uid": "471069463", "content": "\\师姐/\\师姐/\\师姐/\\师姐/\\师姐/"}, {"uid": "2079822", "content": "\\师姐/\\师姐/\\师姐/\\师姐/\\师姐/"}, {"uid": "18343394", "content": "\\师姐/\\师姐/\\师姐/\\师姐/\\师姐/"}, {"uid": "18343394", "content": "\\师姐/\\师姐/\\师姐/\\师姐/\\师姐/"}, {"uid": "8138686", "content": "\\师姐/\\师姐/\\师姐/\\师姐/\\师姐/"}, {"uid": "15248244", "content": "\\师姐/\\师姐/\\师姐/\\师姐/\\师姐/"}, {"uid": "248562629", "content": "\\师姐/\\师姐/\\师姐/\\师姐/\\师姐/"}, {"uid": "471069463", "content": "\\师姐/\\师姐/\\师姐/\\师姐/\\师姐/"}, {"uid": "15248244", "content": "\\师姐/\\师姐/\\师姐/\\师姐/\\师姐/"}, {"uid": "18343394", "content": "\\师姐/\\师姐/\\师姐/\\师姐/\\师姐/"}, {"uid": "8138686", "content": "\\师姐/\\师姐/\\师姐/\\师姐/\\师姐/"}, {"uid": "18343394", "content": "\\师姐/\\师姐/\\师姐/\\师姐/\\师姐/"}, {"uid": "12864846", "content": "\\师姐/\\师姐/\\师姐/\\师姐/\\师姐/"}, {"uid": "18343394", "content": "\\师姐/\\师姐/\\师姐/\\师姐/\\师姐/"}, {"uid": "248562629", "content": "\\师姐/\\师姐/\\师姐/\\师姐/\\师姐/"}, {"uid": "18343394", "content": "\\师姐/\\师姐/\\师姐/\\师姐/\\师姐/"}, {"uid": "12864846", "content": "\\师姐/\\师姐/\\师姐/\\师姐/\\师姐/"}, {"uid": "471069463", "content": "师姐/\\师姐/\\师姐/\\师姐/"}, {"uid": "18343394", "content": "\\师姐/\\师姐/\\师姐/\\师姐/\\师姐/"}, {"uid": "18343394", "content": "\\师姐/\\师姐/\\师姐/\\师姐/\\师姐/"}, {"uid": "18343394", "content": "\\师姐/\\师姐/\\师姐/\\师姐/\\师姐/"}, {"uid": "18343394", "content": "\\师姐/\\师姐/\\师姐/\\师姐/\\师姐/"}, {"uid": "18343394", "content": "\\师姐/\\师姐/\\师姐/\\师姐/\\师姐/"}, {"uid": "23015177", "content": "\\师姐/\\师姐/\\师姐/\\师姐/\\师姐/"}, {"uid": "18343394", "content": "蜜蜜蜜蜜蜜蜜蜜蜜蜜蜜蜜蜜蜜蜜蜜"}]