[{"uid": "471069463", "content": "www"}, {"uid": "471069463", "content": "师姐晚上见"}, {"uid": "12864846", "content": "师姐拜拜"}, {"uid": "18343394", "content": "拜拜拜拜"}, {"uid": "226964539", "content": "这个声音好像"}, {"uid": "18343394", "content": "wc刚刚声音好像"}, {"uid": "1704410", "content": "？"}, {"uid": "108360811", "content": "只要我先承认我不是人，人类的法律就管不住"}, {"uid": "18343394", "content": "我翻译一下师姐刚刚的话是：＃；＆＃％＄＃"}, {"uid": "12864846", "content": "机枪"}, {"uid": "12864846", "content": "笑死"}, {"uid": "108360811", "content": "自豪"}, {"uid": "108360811", "content": "师姐是不是人我还不知道反正我不是人"}, {"uid": "18343394", "content": "不拉不拉不拉"}, {"uid": "18343394", "content": "白两首？"}, {"uid": "471069463", "content": "？"}, {"uid": "18343394", "content": "你就是白一首的妹妹"}, {"uid": "18343394", "content": "？你就是个抱枕？"}, {"uid": "18343394", "content": "呜啊！"}, {"uid": "513719722", "content": "好耶"}, {"uid": "18343394", "content": "打咩得死"}, {"uid": "18343394", "content": "多细带"}, {"uid": "18343394", "content": "开局就呐呐呐"}, {"uid": "108360811", "content": "自豪"}, {"uid": "108360811", "content": "那就是我自己"}, {"uid": "108360811", "content": "对付BT要用更加BT的方法"}, {"uid": "18343394", "content": "嘟噜噜嘟嘟"}, {"uid": "108360811", "content": "为什么不叫改名啊"}, {"uid": "18343394", "content": "是你自己沉迷ow放弃音乐的"}, {"uid": "108360811", "content": "笑死"}, {"uid": "108360811", "content": "长沙女王：我为了你放弃了整个长沙！"}, {"uid": "471069463", "content": "一切都是仓鼠的错~"}, {"uid": "18343394", "content": "的"}, {"uid": "18343394", "content": "是你自己要打ow点"}, {"uid": "108360811", "content": "师姐这句话我突然想到一个新闻"}, {"uid": "18343394", "content": "我不是我没有"}, {"uid": "471069463", "content": "hhhhh"}, {"uid": "18343394", "content": "今天没有开嗓麻"}, {"uid": "18343394", "content": "光速神言"}, {"uid": "108360811", "content": "从师姐刚开始就筹，到现在还没有够嘛"}, {"uid": "108360811", "content": "众筹道韵！"}, {"uid": "108360811", "content": "师姐我突然想起一个很重要的事情"}, {"uid": "18343394", "content": "无情的拉哒哒机器"}, {"uid": "108360811", "content": "一瞬间变成痛苦面具"}, {"uid": "108360811", "content": "原本还可以维持住表情"}, {"uid": "18343394", "content": "突然想到拿不拿破轮"}, {"uid": "108360811", "content": "然后她说拉一下就可以了，然后一拉更疼了"}, {"uid": "76745726", "content": "续了"}, {"uid": "108360811", "content": "然后我老婆看着我笑了半天"}, {"uid": "18343394", "content": "日常口胡"}, {"uid": "597131316", "content": "现在在学麦克雷"}, {"uid": "108360811", "content": "到现在小腿肚子还疼"}, {"uid": "108360811", "content": "昨天晚上看师姐直播然后腿抽筋了"}, {"uid": "108360811", "content": "问腿抽筋了怎么办"}, {"uid": "108360811", "content": "高强度击剑"}, {"uid": "108360811", "content": "然后你还不让看"}, {"uid": "471069463", "content": "hhh"}, {"uid": "108360811", "content": "我看白怜直播间就是为了看仓鼠"}, {"uid": "108360811", "content": "老是想着仓鼠"}, {"uid": "597131316", "content": "然后就是和尚"}, {"uid": "597131316", "content": "球球，Dva，源氏我玩得多"}, {"uid": "108360811", "content": "仓鼠和法鸡是我最拿手的"}, {"uid": "36172775", "content": "有很多期，都很好笑的"}, {"uid": "597131316", "content": "dva玩的有点魔怔"}, {"uid": "18343394", "content": "玩！"}, {"uid": "12864846", "content": "这个铁拳我笑死，掉坑里动作姿势很帅"}, {"uid": "18343394", "content": "全空了"}, {"uid": "108360811", "content": "然后各种跳，然后出其不意拉个滚筒"}, {"uid": "18343394", "content": "好家伙"}, {"uid": "18343394", "content": "电子竞技不需要视力"}, {"uid": "597131316", "content": "球球是真舒服"}, {"uid": "7833978", "content": "毛妹是内鬼"}, {"uid": "597131316", "content": "我200多场球球"}, {"uid": "108360811", "content": "以前把狂鼠当枪神纪的榴弹"}, {"uid": "18343394", "content": "好家伙"}, {"uid": "12864846", "content": "送回去了哈哈哈哈哈哈哈哈"}, {"uid": "7833978", "content": "螺旋升天"}, {"uid": "597131316", "content": "什么鬼"}, {"uid": "12864846", "content": "hhhhhhhhh"}, {"uid": "18343394", "content": "一边电一边笑好鬼畜"}, {"uid": "18343394", "content": "延迟打击"}, {"uid": "597131316", "content": "师姐~~~"}, {"uid": "12864846", "content": "笑死"}, {"uid": "12864846", "content": "好臭啊！！！！"}, {"uid": "18343394", "content": "跐溜"}, {"uid": "12864846", "content": "吸溜"}, {"uid": "18343394", "content": "笑死"}, {"uid": "18343394", "content": "好家伙"}, {"uid": "7833978", "content": "你的头会准确的找到我的箭"}, {"uid": "108360811", "content": "仓鼠嘿嘿嘿"}, {"uid": "12505357", "content": "昨天也是早上播的"}, {"uid": "108360811", "content": "今天是世界末日吗"}, {"uid": "108360811", "content": "不是，师姐怎么在直播"}, {"uid": "18343394", "content": "失去梦想的球"}, {"uid": "7833978", "content": "传来送死"}, {"uid": "18343394", "content": "一命换一命"}, {"uid": "18343394", "content": "笑死"}, {"uid": "18343394", "content": "下次带我"}, {"uid": "18343394", "content": "金毛学着点"}, {"uid": "36172775", "content": "欢乐秀是俄罗斯的人做的，欢乐时刻是国人的"}, {"uid": "7833978", "content": "脑子：我学会了  手：你学会个屁"}, {"uid": "36172775", "content": "欢乐时刻有看吗，纯欢乐"}, {"uid": "18343394", "content": "鲍勃！学着点！"}, {"uid": "18343394", "content": "笑死"}, {"uid": "7833978", "content": "牛蛙牛蛙"}, {"uid": "12505357", "content": "哈哈哈"}, {"uid": "18343394", "content": "然后光速回家"}, {"uid": "89283862", "content": "我只会随缘闪光"}, {"uid": "36172775", "content": "Dva受伤的世界"}, {"uid": "18343394", "content": "瞄的准不如接的好"}, {"uid": "7833978", "content": "笑死"}, {"uid": "12864846", "content": "被他装到了可恶"}, {"uid": "18343394", "content": "我是缘分鼠"}, {"uid": "12864846", "content": "刚刚好帅的，被闪光弹睡了笑死"}, {"uid": "18343394", "content": "笑死"}, {"uid": "7833978", "content": "几何鼠"}, {"uid": "36172775", "content": "欢乐时刻更有意思"}, {"uid": "7833978", "content": "仓鼠学一下"}, {"uid": "7833978", "content": "空中接力"}, {"uid": "12864846", "content": "这个好秀"}, {"uid": "12864846", "content": "这个艾什笑死"}, {"uid": "18343394", "content": "好家伙"}, {"uid": "12864846", "content": "hhhhhhhhh"}, {"uid": "12864846", "content": "我笑死，这么小个地方跑不掉"}, {"uid": "28516025", "content": "不是，他打的时候，枪口每次都会微调。"}, {"uid": "18343394", "content": "笑死"}, {"uid": "18343394", "content": "所以我决定下次奥丽莎开金身出去近战锤人"}, {"uid": "28516025", "content": "感觉这个百合好像开了"}, {"uid": "226964539", "content": "牛的"}, {"uid": "18343394", "content": "从此意识到近战重要性"}, {"uid": "18343394", "content": "被我一拳锤死"}, {"uid": "18343394", "content": "在我身边跳来跳去"}, {"uid": "18343394", "content": "我想起来我上次奥丽莎对面残血源氏开e"}, {"uid": "8055772", "content": "(°∀°)ﾉ"}, {"uid": "226964539", "content": "梅开二度"}, {"uid": "8055772", "content": "首页通知书"}, {"uid": "226964539", "content": "同归于尽"}, {"uid": "18343394", "content": "好家伙"}, {"uid": "23788930", "content": "好秀.."}, {"uid": "18343394", "content": "我是看缘分"}, {"uid": "18343394", "content": "他们说睡针索头"}, {"uid": "12864846", "content": "笑死，学不来的睡针"}, {"uid": "80544807", "content": "？？？"}, {"uid": "226964539", "content": "啧啧啧"}, {"uid": "471069463", "content": "(苦笑)"}, {"uid": "18343394", "content": "笑死"}, {"uid": "226964539", "content": "真爱捏"}, {"uid": "18343394", "content": "好家伙"}, {"uid": "18343394", "content": "我回来了"}, {"uid": "226964539", "content": "我超，挡掉了"}, {"uid": "226964539", "content": "有基佬开我裤链！"}, {"uid": "28516025", "content": "鬼畜到退十年。"}, {"uid": "62788734", "content": "上古鬼畜"}, {"uid": "28516025", "content": "绝了"}, {"uid": "226964539", "content": "啊这，半藏"}, {"uid": "226964539", "content": "绝了啊"}, {"uid": "226964539", "content": "这形状哈哈哈哈哈"}, {"uid": "28516025", "content": "这个库伊拉发色简直绝了"}, {"uid": "226964539", "content": "这是啥？？"}, {"uid": "2737171", "content": "？？？？"}, {"uid": "226964539", "content": "好耶"}, {"uid": "226964539", "content": "开麦了咩"}, {"uid": "89283862", "content": "睡觉睡到自然醒然后逮到师姐开播，双倍的快"}, {"uid": "67843445", "content": "怎么大早上也能逮到白姐开播？"}, {"uid": "67843445", "content": "？？"}, {"uid": "36946401", "content": "(⌒▽⌒)"}, {"uid": "232931669", "content": "早"}, {"uid": "602627721", "content": "嗯！！！！圣女大人也来了吗？？"}, {"uid": "96752149", "content": "坏了（￣▽￣）这歌单咋和咱的那么契合"}, {"uid": "471069463", "content": "圣女也来了吖"}, {"uid": "495707763", "content": "师姐贴贴"}, {"uid": "28726275", "content": "( ﹡ˆoˆ﹡ )"}, {"uid": "471069463", "content": "来惹"}, {"uid": "12864846", "content": "师姐又捏了吸血鬼吗"}, {"uid": "18343394", "content": "僵尸？"}, {"uid": "18343394", "content": "这是什么声音"}, {"uid": "597131316", "content": "师姐早上好"}, {"uid": "12046530", "content": "师姐早上好喵～"}, {"uid": "402409856", "content": "师姐在抖什么冷吗要不要我给你点温暖"}, {"uid": "402409856", "content": "我们就在这坐等10点半"}, {"uid": "7833978", "content": "笑死"}, {"uid": "18343394", "content": "我"}, {"uid": "18343394", "content": "我们不是听到了模拟人生"}, {"uid": "96752149", "content": "真放松捏（￣▽￣）"}, {"uid": "479089998", "content": "C语言理论考完发现师姐居然还在，惊喜"}, {"uid": "226964539", "content": "早上好"}, {"uid": "495943133", "content": "吱吱吱"}, {"uid": "2737171", "content": "这个人声，吓我一大跳"}, {"uid": "4656058", "content": "播了，但也没怎么播"}, {"uid": "31147719", "content": "走啦走啦，我去考试了，拜拜"}, {"uid": "40596208", "content": "那么晚安"}, {"uid": "31147719", "content": "哈哈哈"}, {"uid": "31147719", "content": "我直接就退了"}, {"uid": "31147719", "content": "结果服务器害关了"}, {"uid": "31147719", "content": "等着等着不想玩了"}, {"uid": "40596208", "content": "早师姐"}, {"uid": "31147719", "content": "就一直等着"}, {"uid": "31147719", "content": "当时觉得好贵"}, {"uid": "31147719", "content": "哈哈哈哈】"}, {"uid": "31147719", "content": "确实，可玩度不算太高，跟电脑比起来"}, {"uid": "31147719", "content": "178年苹果就已经停服了不能更新不能充值"}, {"uid": "12864846", "content": " 全部木大"}, {"uid": "31147719", "content": "之前的好像都白费了"}, {"uid": "31147719", "content": "手机版重新调整了好像"}, {"uid": "31147719", "content": "EA从做了"}, {"uid": "31147719", "content": "现在好像服务器换了吧"}, {"uid": "31147719", "content": "手机版我记得之前好像还停服了"}, {"uid": "31147719", "content": "这都被你听出来了"}, {"uid": "96752149", "content": "（￣▽￣）"}, {"uid": "12864846", "content": "师姐在玩模拟人生"}, {"uid": "12864846", "content": "嘛，我倒是没什么所谓，有地铁坐"}, {"uid": "31147719", "content": "岂不是不用放了？"}, {"uid": "12864846", "content": "机构要把课全部上完才放假的"}, {"uid": "31147719", "content": "难搞哦"}, {"uid": "12864846", "content": "机构不放假呀"}, {"uid": "31147719", "content": "大学不应该已经放假了吗"}, {"uid": "12864846", "content": "我都麻了"}, {"uid": "12864846", "content": "我笑死，昨天从金毛头上路过hhhhhhh"}, {"uid": "18343394", "content": "嘿嘿嘿捉迷藏真会玩下次还玩"}, {"uid": "96752149", "content": "这样啊（￣▽￣）"}, {"uid": "12864846", "content": "类似以艺术鉴赏，很大一本书"}, {"uid": "96752149", "content": "艺术概论是啥呀(￣3￣)"}, {"uid": "31147719", "content": "啥课啊，专业课？"}, {"uid": "12864846", "content": "仓鼠熬夜了吗"}, {"uid": "18343394", "content": "麻了现在精神恍惚"}, {"uid": "31147719", "content": "上课睡觉不都是常规操作了吗"}, {"uid": "31147719", "content": "为什么不上课睡呢？"}, {"uid": "12864846", "content": "机构的课也差不多要放假了"}, {"uid": "12864846", "content": "我中午也会睡一下的，毕竟要上课"}, {"uid": "31147719", "content": "那可以"}, {"uid": "31147719", "content": "我睡考试就没了啊"}, {"uid": "31147719", "content": "别睡到100了╮(￣▽￣)╭"}, {"uid": "31147719", "content": "啊这"}, {"uid": "212137298", "content": "来了"}, {"uid": "12864846", "content": "等等下播再睡一午觉"}, {"uid": "2737171", "content": "来了来了"}, {"uid": "31147719", "content": "啊这"}, {"uid": "12864846", "content": "看写的多快了"}, {"uid": "31147719", "content": "我估计我答完还能睡一觉"}, {"uid": "12864846", "content": "低情商：D其他女人 高情商：虚拟区历练"}, {"uid": "18343394", "content": "来了来了"}, {"uid": "96752149", "content": "(刷刷刷御剑走了)"}, {"uid": "31147719", "content": "难哦"}, {"uid": "96752149", "content": "我且去虚拟区历练很快就回来勿念"}, {"uid": "31147719", "content": "一会12:30～16:10"}, {"uid": "12864846", "content": "学的专业原因"}, {"uid": "1704410", "content": "拜拜"}, {"uid": "12864846", "content": "病娇脸"}, {"uid": "12864846", "content": "我除了zz是闭卷的其他大部分都是开卷的"}, {"uid": "31147719", "content": "就像动漫里遇到人渣啊之类的那种表情"}, {"uid": "12864846", "content": "哦哦，考试诶"}, {"uid": "96752149", "content": "早啊（￣▽￣）"}, {"uid": "31147719", "content": "一会还要去考试"}, {"uid": "31147719", "content": "最近，一直在考试"}, {"uid": "31147719", "content": "就像看到那种人一样→_→"}, {"uid": "31147719", "content": "我说师姐刚刚那个表情"}, {"uid": "1704410", "content": "片假名没看懂"}, {"uid": "31147719", "content": "啊这"}, {"uid": "12864846", "content": "笑死"}, {"uid": "1704410", "content": "什么东西最低这个价"}, {"uid": "31147719", "content": "じゃあ中国語を話しましょう"}, {"uid": "12864846", "content": "日本語が話せません"}, {"uid": "518993915", "content": "？"}, {"uid": "31147719", "content": "このバッカモの前、最低このぐらい"}, {"uid": "356329704", "content": "这个表情，欲言又止～(￣▽￣～)"}, {"uid": "40773082", "content": "师姐不开麦，早上播啥？"}, {"uid": "356329704", "content": "大师姐再现实世界里玩修仙那点事"}, {"uid": "8138686", "content": "师姐早上好！"}, {"uid": "356329704", "content": "师姐播一播修仙类的游戏感觉会更好"}, {"uid": "522125337", "content": "初见，可爱，单推"}, {"uid": "397520148", "content": "。。。。。。。"}, {"uid": "12864846", "content": "低情商：阴间      高情商：弹性工作"}, {"uid": "12864846", "content": "作息时间逐渐阳间了起来"}, {"uid": "12864846", "content": " 正在吃，师姐这么早就醒来吃早餐了呀"}, {"uid": "12864846", "content": "师姐吃了早餐了吗"}, {"uid": "96050525", "content": "师姐早"}, {"uid": "96050525", "content": "啊啊啊啊啊啊啊啊啊啊啊啊，真的是度仙门的"}, {"uid": "96050525", "content": "是我想的那个吗？"}, {"uid": "96050525", "content": "白怜??大师姐???啊吧吧"}, {"uid": "12864846", "content": "师姐早啊"}, {"uid": "73366855", "content": "哈哈，好，可爱"}, {"uid": "7034608", "content": "这白开水怎么没味啊"}, {"uid": "18343394", "content": "\\师姐/\\师姐/\\师姐/\\师姐/"}, {"uid": "226964539", "content": "＼师姐/＼师姐/＼师姐/＼师姐/＼师姐/＼师姐/"}, {"uid": "18343394", "content": "\\师姐/\\师姐/\\师姐/\\师姐/"}, {"uid": "18343394", "content": "\\师姐/\\师姐/\\师姐/\\师姐/"}, {"uid": "12864846", "content": "不拉不拉不拉嘟噜嘟噜~~~~~~~~"}, {"uid": "18343394", "content": "\\师姐/\\师姐/\\师姐/\\师姐/"}, {"uid": "18343394", "content": "\\师姐/\\师姐/\\师姐/\\师姐/"}, {"uid": "18343394", "content": "\\师姐/\\师姐/\\师姐/\\师姐/"}, {"uid": "18343394", "content": "\\师姐/\\师姐/\\师姐/\\师姐/"}, {"uid": "471069463", "content": "\\师姐/\\师姐/\\师姐/\\师姐/"}, {"uid": "18343394", "content": "\\师姐/\\师姐/\\师姐/\\师姐/"}, {"uid": "18343394", "content": "\\师姐/\\师姐/\\师姐/\\师姐/"}, {"uid": "18343394", "content": "\\师姐/\\师姐/\\师姐/\\师姐/"}, {"uid": "282845389", "content": "\\师姐/\\师姐/\\师姐/\\师姐/\\师姐/"}, {"uid": "18343394", "content": "\\师姐/\\师姐/\\师姐/\\师姐/"}]