[{"uid": "4577251", "content": "再来一首"}, {"uid": "12864846", "content": "师姐拜拜"}, {"uid": "698355368", "content": "拜拜"}, {"uid": "1248083811", "content": "再来一首"}, {"uid": "8138686", "content": "提前电闸警告"}, {"uid": "18343394", "content": "拜拜拜拜"}, {"uid": "18343394", "content": "笑死"}, {"uid": "8138686", "content": "拜拜师姐"}, {"uid": "23015177", "content": "师姐拜拜"}, {"uid": "23015177", "content": "笑死"}, {"uid": "4577251", "content": "多唱点"}, {"uid": "18343394", "content": "唱"}, {"uid": "18343394", "content": "左右封死那种"}, {"uid": "18343394", "content": "丁字路口的感觉"}, {"uid": "8138686", "content": "暗恋的感觉！"}, {"uid": "1248083811", "content": "好汀好汀（￣▽￣）"}, {"uid": "12864846", "content": "妈妈我恋爱了.jpg"}, {"uid": "8138686", "content": "分手的感觉》"}, {"uid": "23015177", "content": "《真的最后一首》"}, {"uid": "18343394", "content": "白一定"}, {"uid": "12864846", "content": "Chinglish"}, {"uid": "18343394", "content": "工地化"}, {"uid": "18343394", "content": "好家伙"}, {"uid": "12864846", "content": "中式化"}, {"uid": "8138686", "content": "17年？"}, {"uid": "13781140", "content": " \\师姐/\\师姐/\\师姐/\\师姐/\\师姐/"}, {"uid": "12864846", "content": "笑死"}, {"uid": "12864846", "content": "烤全猪的制作材料"}, {"uid": "13781140", "content": " \\师姐/\\师姐/\\师姐/\\师姐/\\师姐/"}, {"uid": "8138686", "content": "(°∀°)ﾉ"}, {"uid": "504043099", "content": "好听"}, {"uid": "18343394", "content": "谢谢姜鹤冷走的很安详"}, {"uid": "18343394", "content": "好家伙"}, {"uid": "8138686", "content": " \\师姐/\\师姐/\\师姐/\\师姐/\\师姐/"}, {"uid": "18343394", "content": "要下播了言寺"}, {"uid": "23015177", "content": "我下个楼回来发生了什么"}, {"uid": "12864846", "content": "顶级颤音"}, {"uid": "23015177", "content": "好家伙"}, {"uid": "18343394", "content": "好家伙"}, {"uid": "1457515", "content": "補不出來怎麼辦？"}, {"uid": "18343394", "content": "笑死"}, {"uid": "73366855", "content": "wellerman"}, {"uid": "18343394", "content": "笑死"}, {"uid": "8138686", "content": "凉凉好耶"}, {"uid": "8138686", "content": "下播偷偷玩的师姐是屑"}, {"uid": "1457515", "content": "恰獨食不好哦"}, {"uid": "18343394", "content": "送姜鹤冷一首凉凉"}, {"uid": "12864846", "content": "下班了吗师姐"}, {"uid": "471069463", "content": "拜拜？"}, {"uid": "4577251", "content": "师姐拜拜"}, {"uid": "1457515", "content": "吵人家睡不著覺（￣▽￣）"}, {"uid": "18343394", "content": "拜拜拜拜拜拜"}, {"uid": "90397606", "content": "拜拜"}, {"uid": "73366855", "content": "下播偷偷玩是吧，恰独食"}, {"uid": "18343394", "content": "笑死"}, {"uid": "698355368", "content": "师姐晚上好，还是答应吗？"}, {"uid": "73366855", "content": "？"}, {"uid": "471069463", "content": "hhh"}, {"uid": "1457515", "content": "大姐頭想幹壞事"}, {"uid": "1457515", "content": "一進來就看到"}, {"uid": "471069463", "content": "好家伙"}, {"uid": "18343394", "content": "笑死"}, {"uid": "18343394", "content": "笑死"}, {"uid": "73366855", "content": "你就会快乐了吗？"}, {"uid": "18343394", "content": "第一个傻子要出师了"}, {"uid": "18343394", "content": "笑死"}, {"uid": "90397606", "content": "那个是金的音乐"}, {"uid": "73366855", "content": "一会没看，怎么这么多钱了"}, {"uid": "18343394", "content": "笑死"}, {"uid": "18343394", "content": "小说"}, {"uid": "90397606", "content": "全借了不要还可以解锁商店"}, {"uid": "90397606", "content": "一共借300两呢"}, {"uid": "18343394", "content": "搞不好是月姑姑的前置任务吧"}, {"uid": "73366855", "content": "ATM竟然会说话"}, {"uid": "73366855", "content": "哈哈哈"}, {"uid": "8138686", "content": "笑死"}, {"uid": "8138686", "content": "消息贩子"}, {"uid": "18343394", "content": "笑死"}, {"uid": "471069463", "content": "笑死"}, {"uid": "4577251", "content": "师姐见一个爱一个.jpg"}, {"uid": "18343394", "content": "好家伙"}, {"uid": "18343394", "content": "笑死"}, {"uid": "18343394", "content": "对方以为你有钱"}, {"uid": "18343394", "content": "笑死"}, {"uid": "18343394", "content": "笑死"}, {"uid": "18343394", "content": "日常任务摧毁姜鹤冷"}, {"uid": "18343394", "content": "笑死"}, {"uid": "1457515", "content": "？"}, {"uid": "11542952", "content": "深宫曲诶！好耶！"}, {"uid": "18343394", "content": "好家伙"}, {"uid": "18343394", "content": "一石二鸟？"}, {"uid": "18343394", "content": "开杀"}, {"uid": "471069463", "content": "笑死"}, {"uid": "18343394", "content": "喝完看看体质"}, {"uid": "18343394", "content": "小心太后"}, {"uid": "471069463", "content": "笑死"}, {"uid": "18343394", "content": "笑死"}, {"uid": "18343394", "content": "钮钴禄.白怜花"}, {"uid": "4577251", "content": "可以杀光吗"}, {"uid": "7833978", "content": "笑死"}, {"uid": "7833978", "content": "直接成为毒王"}, {"uid": "18343394", "content": "这不得毒药点满"}, {"uid": "18343394", "content": "笑死"}, {"uid": "18343394", "content": "笑死"}, {"uid": "504043099", "content": "随便逛逛，也许就遇上了呢"}, {"uid": "8138686", "content": "心在流血的师姐"}, {"uid": "471069463", "content": "光绪的鸡蛋吗hhh"}, {"uid": "18343394", "content": "不能自己贪了！？"}, {"uid": "9119045", "content": "xs"}, {"uid": "8138686", "content": "打卡4"}, {"uid": "248562629", "content": "打卡3"}, {"uid": "248562629", "content": "打卡2"}, {"uid": "248562629", "content": "打卡1"}, {"uid": "36338493", "content": "太难了"}, {"uid": "18343394", "content": "笑死"}, {"uid": "18343394", "content": "笑死"}, {"uid": "12864846", "content": "多了好多银两"}, {"uid": "12864846", "content": "我去倒了杯水发生了什么"}, {"uid": "7833978", "content": "已经疯了"}, {"uid": "7833978", "content": "笑死了"}, {"uid": "8138686", "content": "等我出来把你们都鲨了"}, {"uid": "18343394", "content": "笑死"}, {"uid": "23015177", "content": "看不上这五两了哈哈哈哈"}, {"uid": "18343394", "content": "笑死"}, {"uid": "5684520", "content": "请问刚刚出现了几种声线"}, {"uid": "325384143", "content": "她在狂喜"}, {"uid": "7833978", "content": "开杀"}, {"uid": "18343394", "content": "猖狂了起来"}, {"uid": "89283862", "content": "不对劲师姐突然这么有钱"}, {"uid": "18343394", "content": "快去找神棍"}, {"uid": "18343394", "content": "笑死"}, {"uid": "23015177", "content": "白穷一年"}, {"uid": "18343394", "content": "好家伙"}, {"uid": "23015177", "content": "哈哈哈哈哈哈哈哈哈"}, {"uid": "23015177", "content": "好家伙"}, {"uid": "7833978", "content": "恶魔低语"}, {"uid": "5351049", "content": "我看召见宫女每天可以领1000两银子"}, {"uid": "18343394", "content": "好家伙"}, {"uid": "18343394", "content": "笑死"}, {"uid": "18343394", "content": "白怜花日常 睡觉搞钱摧毁姜鹤冷"}, {"uid": "18343394", "content": "懂了给我四十w"}, {"uid": "8138686", "content": "富婆 饿饿  饭饭 给我1k"}, {"uid": "4577251", "content": "感受到师姐喜欢红色系的了"}, {"uid": "12864846", "content": "富婆，饭饭，饿饿"}, {"uid": "18343394", "content": "到处骂人"}, {"uid": "4577251", "content": "能生吗"}, {"uid": "12864846", "content": "好的师姐"}, {"uid": "4577251", "content": "这个剧情长吗"}, {"uid": "8138686", "content": "都阴阳怪气了 "}, {"uid": "89283862", "content": "师姐现实点点了你也买不起"}, {"uid": "7833978", "content": "她已经是个合格的勺子了"}, {"uid": "2881166", "content": "师姐沉迷女色"}, {"uid": "8138686", "content": "师姐，行走的游戏安利器"}, {"uid": "23015177", "content": "师姐，行走的游戏安利器"}, {"uid": "2881166", "content": "师姐带入感极强"}, {"uid": "23015177", "content": "笑死我也"}, {"uid": "73366855", "content": "搞得我也想玩这个游戏了233"}, {"uid": "2881166", "content": "师姐晚上好呀～"}, {"uid": "2881166", "content": "师姐玩这个好有代入感啊"}, {"uid": "2045342061", "content": "我是之前那个高斯奥特曼我改名字了"}, {"uid": "8138686", "content": "拿捏"}, {"uid": "8138686", "content": "巴结"}, {"uid": "2045342061", "content": "姐姐晚上好"}, {"uid": "12864846", "content": "1000两你怎么不去抢！！！"}, {"uid": "18343394", "content": "怎么不去枪啊"}, {"uid": "12864846", "content": "得加钱.jpg"}, {"uid": "73366855", "content": "得加钱哈哈"}, {"uid": "18343394", "content": "怎么都在针对白怜花啊"}, {"uid": "12864846", "content": "笑死"}, {"uid": "18343394", "content": "笑死"}, {"uid": "18343394", "content": "威胁"}, {"uid": "18343394", "content": "神棍"}, {"uid": "8138686", "content": "逼王"}, {"uid": "18343394", "content": "白怜花谢的七零八落"}, {"uid": "12864846", "content": "好硬核这个"}, {"uid": "18343394", "content": "快去问贵妃要点"}, {"uid": "18058907", "content": "笑死"}, {"uid": "73366855", "content": "哈哈哈"}, {"uid": "8138686", "content": "笑死"}, {"uid": "73366855", "content": "尚时樱属于降维打击了"}, {"uid": "18343394", "content": "好家伙"}, {"uid": "325384143", "content": "那个，万一毒涂在碗壁上……"}, {"uid": "73366855", "content": "太后不会随便毒人得吧，太掉价了"}, {"uid": "18343394", "content": "笑死"}, {"uid": "18058907", "content": "吃饭去了（￣▽￣）"}, {"uid": "18343394", "content": "两个npc之间的回合制游戏"}, {"uid": "73366855", "content": "师姐在这里就是个小白233"}, {"uid": "7833978", "content": "师姐笑的可开心了"}, {"uid": "4577251", "content": "擦，看白答应还以为是白怜，没想到是白怜花"}, {"uid": "12864846", "content": "好像就几天"}, {"uid": "18343394", "content": "摧毁！！！"}, {"uid": "18343394", "content": "笑死"}, {"uid": "18343394", "content": "笑死"}, {"uid": "325384143", "content": "住口，你只是馋她银子"}, {"uid": "73366855", "content": "你只是一个小小的答应，敢自称妃子？拖出去斩了"}, {"uid": "7833978", "content": "不找事（贵妃我是你的炮台啊！"}, {"uid": "18343394", "content": "笑死"}, {"uid": "18343394", "content": "都是他们自己过来挨骂的"}, {"uid": "7833978", "content": "直接开启后宫大乱斗"}, {"uid": "18343394", "content": "过来挨骂"}, {"uid": "7833978", "content": "直接开启奢侈生活"}, {"uid": "18343394", "content": "了"}, {"uid": "18343394", "content": "苟男人鲨看"}, {"uid": "12864846", "content": "笑死"}, {"uid": "12864846", "content": "师姐饶了贵妃一命"}, {"uid": "18343394", "content": "笑死"}, {"uid": "89283862", "content": "师姐绕她一命"}, {"uid": "12864846", "content": "贵妃是好人啊"}, {"uid": "89283862", "content": "好人啊"}, {"uid": "89283862", "content": "终于有钱了"}, {"uid": "12864846", "content": "我笑死hhhhhh"}, {"uid": "18343394", "content": "新的赚钱方法"}, {"uid": "7833978", "content": "有钱了"}, {"uid": "73366855", "content": "哈哈哈"}, {"uid": "18343394", "content": "笑死"}, {"uid": "18343394", "content": "笑死"}, {"uid": "12864846", "content": "惊了"}, {"uid": "12864846", "content": "这个威望按千算的"}, {"uid": "18343394", "content": "笑死"}, {"uid": "18343394", "content": "怕和傻子打输"}, {"uid": "325384143", "content": "她预料到了你没钱"}, {"uid": "7833978", "content": "太冷了不想起"}, {"uid": "18343394", "content": "笑死"}, {"uid": "18343394", "content": "打工吧"}, {"uid": "7833978", "content": "笑死"}, {"uid": "12864846", "content": "笑死"}, {"uid": "12864846", "content": "太过奢侈的结果"}, {"uid": "9119045", "content": "xs"}, {"uid": "12864846", "content": "笑死"}, {"uid": "18343394", "content": "甚至不发工资"}, {"uid": "73366855", "content": "哈哈哈哈哈-7了"}, {"uid": "18343394", "content": "好家伙"}, {"uid": "115174622", "content": "师姐实属带恶人"}, {"uid": "7833978", "content": "笑死"}, {"uid": "18343394", "content": "后宫傻子培训中心导师白怜花"}, {"uid": "7833978", "content": "开局不利 重开"}, {"uid": "698355368", "content": "重开"}, {"uid": "73366855", "content": "麻了，打不过一个傻子"}, {"uid": "18058907", "content": "笑死"}, {"uid": "18343394", "content": "笑死"}, {"uid": "18343394", "content": "要输了"}, {"uid": "18343394", "content": "笑死"}, {"uid": "8138686", "content": "师姐晚上好！"}, {"uid": "357637145", "content": "打卡"}, {"uid": "18343394", "content": "笑死"}, {"uid": "7833978", "content": "两个我都要，拿来吧你"}, {"uid": "18343394", "content": "降智指茶杯砸头上"}, {"uid": "7833978", "content": "提升骂人技巧"}, {"uid": "7833978", "content": "研读诗书"}, {"uid": "7833978", "content": "直接打傻了"}, {"uid": "471069463", "content": "hhh"}, {"uid": "7833978", "content": "形同末路"}, {"uid": "18343394", "content": "笑死"}, {"uid": "89671191", "content": "哟西"}, {"uid": "89283862", "content": "师姐家里都揭不开锅了也不忘去挑衅"}, {"uid": "18343394", "content": "好家伙"}, {"uid": "18343394", "content": "破口大骂可以升级成阴阳怪气嘛"}, {"uid": "73366855", "content": "师姐疯了"}, {"uid": "7833978", "content": "你正常一点啊！"}, {"uid": "18343394", "content": "然后墙他钱？？"}, {"uid": "7833978", "content": "？？？"}, {"uid": "7833978", "content": "你这核保比脸还干净"}, {"uid": "471069463", "content": "笑死"}, {"uid": "18343394", "content": "甚至欠了钱"}, {"uid": "12864846", "content": "好惨"}, {"uid": "73366855", "content": "你这也太惨了，穷B"}, {"uid": "18058907", "content": "暴脾气（"}, {"uid": "12864846", "content": "笑死"}, {"uid": "9119045", "content": "xs"}, {"uid": "471069463", "content": "西内！"}, {"uid": "73366855", "content": "哈哈哈"}, {"uid": "18343394", "content": "背后来一刀？？？"}, {"uid": "18343394", "content": "0"}, {"uid": "18343394", "content": "何德何能"}, {"uid": "73366855", "content": "乃伊组特"}, {"uid": "18058907", "content": "这不直接酱紫"}, {"uid": "73366855", "content": "这不直接降智"}, {"uid": "23015177", "content": "将其心智啊！让他阿巴阿巴"}, {"uid": "7833978", "content": "师姐你正常一点啊"}, {"uid": "18343394", "content": "笑死"}, {"uid": "11061402", "content": "卧龙凤雏"}, {"uid": "18805678", "content": "笑死"}, {"uid": "23015177", "content": "互相给对方送经验"}, {"uid": "7833978", "content": "草"}, {"uid": "12864846", "content": "hhhhhhhhh"}, {"uid": "18343394", "content": "好家伙什么慈善争锋"}, {"uid": "12864846", "content": "这个我笑死"}, {"uid": "23015177", "content": "红红火火恍恍惚惚"}, {"uid": "73366855", "content": "笑死我了"}, {"uid": "73366855", "content": "哈哈哈哈"}, {"uid": "18805678", "content": "你这不是欺负老实人吗"}, {"uid": "18058907", "content": "很真实"}, {"uid": "18058907", "content": "打不过就读档"}, {"uid": "12864846", "content": "淑子给我拿梳子梳头"}, {"uid": "7833978", "content": "来个叉子"}, {"uid": "1859653", "content": "这是橙光的游戏？"}, {"uid": "18343394", "content": "笑死"}, {"uid": "18343394", "content": "梳子"}, {"uid": "18058907", "content": "凶神恶煞离谱"}, {"uid": "1859653", "content": "师姐"}, {"uid": "18058907", "content": "你这爹19的外貌"}, {"uid": "1859653", "content": "早上好"}, {"uid": "18343394", "content": "外貌71岁笑死"}, {"uid": "12864846", "content": "我笑死"}, {"uid": "7833978", "content": "笑死"}, {"uid": "18343394", "content": "笑死"}, {"uid": "9119045", "content": "不愧是你"}, {"uid": "12864846", "content": "能一拳把师姐打倒了"}, {"uid": "12864846", "content": "591的体质"}, {"uid": "7833978", "content": "天梯啊  不能打怎么上分"}, {"uid": "18058907", "content": "绝了"}, {"uid": "18343394", "content": "你怎么敢是个人的"}, {"uid": "18343394", "content": "笑死"}, {"uid": "471069463", "content": "hhhhh"}, {"uid": "73366855", "content": "哈哈哈"}, {"uid": "7833978", "content": "？？？"}, {"uid": "12864846", "content": "我笑死"}, {"uid": "18343394", "content": "战斗力评级心计"}, {"uid": "18343394", "content": "好家伙"}, {"uid": "9119045", "content": "草"}, {"uid": "18058907", "content": "还有100天必定寝室吗"}, {"uid": "18343394", "content": "打鸣了？"}, {"uid": "12864846", "content": "笑死"}, {"uid": "12864846", "content": "左边吧"}, {"uid": "4577251", "content": "好好看这个，女主角怎么回事"}, {"uid": "358064041", "content": "快去请不朽天尊"}, {"uid": "12864846", "content": "好好看这个"}, {"uid": "18343394", "content": "笑死"}, {"uid": "7833978", "content": "搏斗？"}, {"uid": "4577251", "content": "？还有这种事？"}, {"uid": "4577251", "content": "这个女主角竟然算好看的"}, {"uid": "7833978", "content": "上11"}, {"uid": "18058907", "content": "好家伙"}, {"uid": "12864846", "content": "你有礼貌吗.jpg"}, {"uid": "18343394", "content": "三十年河东三十年河西莫欺白怜穷"}, {"uid": "89283862", "content": "明显看不起师姐"}, {"uid": "358064041", "content": "ohhhh"}, {"uid": "7833978", "content": "难道不是因为一开始就准备鲨掉所有人么"}, {"uid": "89283862", "content": "鲨了吧"}, {"uid": "18343394", "content": "好家伙"}, {"uid": "545549120", "content": "黑怜"}, {"uid": "28516025", "content": "我下班了，然而师姐还在上班"}, {"uid": "36338493", "content": "雀实"}, {"uid": "698355368", "content": "刀了他"}, {"uid": "12864846", "content": "笑死"}, {"uid": "89283862", "content": "鲨了吧"}, {"uid": "358064041", "content": "白师姐宫斗了"}, {"uid": "73366855", "content": "蝼蚁了属于是"}, {"uid": "18058907", "content": "我笑死了"}, {"uid": "471069463", "content": "hhh"}, {"uid": "7833978", "content": "今天的师姐抑扬顿挫的"}, {"uid": "7833978", "content": "笑死了"}, {"uid": "23015177", "content": "说好的三点好感了哈哈哈哈哈哈"}, {"uid": "4577251", "content": "下班到家了"}, {"uid": "12864846", "content": "白怜，你坐啊"}, {"uid": "7833978", "content": "女官：你在放什么洋屁"}, {"uid": "89283862", "content": "后宫人均比师姐漂亮"}, {"uid": "471069463", "content": "好家伙，立绘都这么好看"}, {"uid": "23015177", "content": "确实"}, {"uid": "36338493", "content": "晚上好"}, {"uid": "23015177", "content": "能不能打出女皇结局的"}, {"uid": "36329344", "content": "发现隐藏剧情hhh"}, {"uid": "12864846", "content": "笑死"}, {"uid": "12864846", "content": "现在进度到哪了。"}, {"uid": "7833978", "content": "企图造反"}, {"uid": "12864846", "content": "回来了师姐"}, {"uid": "7833978", "content": "笑死 一路开无双上皇后"}, {"uid": "471069463", "content": "9999hhhh"}, {"uid": "7833978", "content": "天梯排行"}, {"uid": "18343394", "content": "你看看那个池子里缺不缺什么死r什么的"}, {"uid": "7833978", "content": "笑死这名字一直听成上11"}, {"uid": "7833978", "content": "心肌梗塞"}, {"uid": "7833978", "content": "确认过眼神，是要暗杀的人"}, {"uid": "89283862", "content": "塑料姐妹情"}, {"uid": "552461", "content": "十三太保"}, {"uid": "18343394", "content": "笑死物理走着瞧"}, {"uid": "125920955", "content": "全杀了"}, {"uid": "18343394", "content": "狗男人"}, {"uid": "36329344", "content": "如数家珍"}, {"uid": "18058907", "content": "我觉得吧是睡了然后把你丢冷宫了"}, {"uid": "125920955", "content": "狗男人"}, {"uid": "18343394", "content": "好家伙"}, {"uid": "18805678", "content": "害怕"}, {"uid": "23015177", "content": "笑死"}, {"uid": "18343394", "content": "她在狂笑阿"}, {"uid": "18805678", "content": "这反派的笑声"}, {"uid": "18343394", "content": "笑死"}, {"uid": "18343394", "content": "以理服人(物理)"}, {"uid": "36329344", "content": "武林要以和为贵，不要被窝里斗"}, {"uid": "19147255", "content": "二五宰"}, {"uid": "1704410", "content": "师姐迫害别人的时候是最开心的"}, {"uid": "19147255", "content": "被收买，好家伙脑子里有画面了"}, {"uid": "73366855", "content": "二五仔？直接宰了（"}, {"uid": "23015177", "content": "二五仔哈哈哈哈哈哈或"}, {"uid": "125920955", "content": "师姐笑得真好听"}, {"uid": "1704410", "content": "道德无"}, {"uid": "73366855", "content": "好家伙"}, {"uid": "29872401", "content": "大杀四方"}, {"uid": "19147255", "content": "有道理啊"}, {"uid": "471069463", "content": "茶艺+1"}, {"uid": "545549120", "content": "道德：0"}, {"uid": "552461", "content": "三年之后，宫廷无一活人"}, {"uid": "7833978", "content": "三年之期已到"}, {"uid": "471069463", "content": "噗，为什么还对自己有伤害"}, {"uid": "471069463", "content": "点技能了"}, {"uid": "698355368", "content": "贵妃也行"}, {"uid": "471069463", "content": "好家伙"}, {"uid": "7833978", "content": "全闲妃"}, {"uid": "545549120", "content": "你可以把她拉下马"}, {"uid": "125920955", "content": "是说不好上位"}, {"uid": "552461", "content": "外戚是皇后的亲戚"}, {"uid": "1704410", "content": "大乱斗没有了？"}, {"uid": "29872401", "content": "早点做掉"}, {"uid": "471069463", "content": "要背刺了"}, {"uid": "18343394", "content": "笑死"}, {"uid": "325384143", "content": "做了她"}, {"uid": "325384143", "content": "她肯定想要上位"}, {"uid": "29872401", "content": "两个宫女都很那个"}, {"uid": "89283862", "content": "好善妒的师姐"}, {"uid": "11313169", "content": "笑死"}, {"uid": "325384143", "content": "看我扎不扎你"}, {"uid": "12864846", "content": "笑死"}, {"uid": "23015177", "content": "笑死"}, {"uid": "18343394", "content": "已经记仇了"}, {"uid": "12864846", "content": "我去吃饭了，等一会再回来"}, {"uid": "471069463", "content": "hhh"}, {"uid": "18343394", "content": "笑死"}, {"uid": "36329344", "content": "多音字"}, {"uid": "325384143", "content": "女红(gong)"}, {"uid": "36329344", "content": "女gong"}, {"uid": "7833978", "content": "好家伙"}, {"uid": "7833978", "content": "？？？"}, {"uid": "698355368", "content": "存个档吧"}, {"uid": "12864846", "content": "笑死"}, {"uid": "12211886", "content": "……"}, {"uid": "698355368", "content": "笑死"}, {"uid": "29872401", "content": "要不要存档"}, {"uid": "471069463", "content": "笑死"}, {"uid": "89283862", "content": "瞧我发现了什么，可乐也在"}, {"uid": "29872401", "content": "打算大杀四方"}, {"uid": "325384143", "content": "三年来如梦一场"}, {"uid": "76745726", "content": "师姐再见"}, {"uid": "12864846", "content": "三年之期已到"}, {"uid": "23015177", "content": "好好看哦"}, {"uid": "23015177", "content": "这个脸"}, {"uid": "552461", "content": "从零开始的后gong生活"}, {"uid": "471069463", "content": "支棱起来啊！"}, {"uid": "325384143", "content": "好家伙"}, {"uid": "76745726", "content": "确实狗男人"}, {"uid": "698355368", "content": "刀了他"}, {"uid": "18805678", "content": "太可怜了，哈哈哈"}, {"uid": "471069463", "content": "hhh"}, {"uid": "220631262", "content": "晚上好"}, {"uid": "325384143", "content": "三年之约已到，三十年河东三十年河西"}, {"uid": "89283862", "content": "你好惨"}, {"uid": "164738907", "content": "经典恶毒反派"}, {"uid": "325384143", "content": "黑衣姐姐我可以"}, {"uid": "76745726", "content": "不能倒拔垂杨柳"}, {"uid": "76745726", "content": "另一个世界线的林黛玉"}, {"uid": "89283862", "content": "感觉蛮好玩的样子"}, {"uid": "76745726", "content": "林黛玉"}, {"uid": "325384143", "content": "高情商:柔弱  低情商:容易碰瓷"}, {"uid": "18058907", "content": "阿这"}, {"uid": "471069463", "content": "啊这"}, {"uid": "259495440", "content": "页游"}, {"uid": "325384143", "content": "碰瓷"}, {"uid": "76745726", "content": "笑死"}, {"uid": "471069463", "content": "笑死"}, {"uid": "18058907", "content": "（￣▽￣）"}, {"uid": "76745726", "content": "页游"}, {"uid": "18343394", "content": "你唱安眠曲睡他们阿"}, {"uid": "36329344", "content": "体质整好点呗"}, {"uid": "164738907", "content": "不假时日，父亲便被贬职了"}, {"uid": "89283862", "content": "这是端游还是手游阿师姐"}, {"uid": "545549120", "content": "带孝女"}, {"uid": "36329344", "content": "有道德没有(･∀･)"}, {"uid": "164738907", "content": "妨碍公务"}, {"uid": "325384143", "content": "白师姐夺舍了林妹妹"}, {"uid": "471069463", "content": "笑死"}, {"uid": "504043099", "content": "在白师姐的引导下，白莲花成功的转世了"}, {"uid": "325384143", "content": "开始了，林妹妹"}, {"uid": "325384143", "content": "柔弱"}, {"uid": "164738907", "content": "白光消失了"}, {"uid": "164738907", "content": "李公公眼前一白，只见刚出冷宫的白主子化作"}, {"uid": "12864846", "content": "从冷宫接出来吃席"}, {"uid": "76745726", "content": "李"}, {"uid": "325384143", "content": "师姐因为出冷宫，高兴过度"}, {"uid": "29872401", "content": "李公公：？"}, {"uid": "76745726", "content": "笑死"}, {"uid": "29872401", "content": "笑飞了"}, {"uid": "18805678", "content": "请问这就是昙花麽"}, {"uid": "12864846", "content": "人物穿越了"}, {"uid": "552461", "content": "白怜的痛，你感受到了吗"}, {"uid": "18343394", "content": "白怜花谢了"}, {"uid": "29872401", "content": "它在挑战你"}, {"uid": "325384143", "content": "白屏意味着师姐光彩照人"}, {"uid": "552461", "content": "有自我的版权意识"}, {"uid": "18343394", "content": "笑死"}, {"uid": "18805678", "content": "笑死"}, {"uid": "12864846", "content": "我笑死"}, {"uid": "12864846", "content": "周庶人"}, {"uid": "18058907", "content": "笑死"}, {"uid": "471069463", "content": "？？？"}, {"uid": "471069463", "content": "仓鼠学着点hhh"}, {"uid": "552461", "content": "庶人"}, {"uid": "471069463", "content": "hhh"}, {"uid": "12864846", "content": "从小入宫的太监眉清目秀"}, {"uid": "76745726", "content": "叫她仓鼠就好了"}, {"uid": "164738907", "content": "勾搭你"}, {"uid": "18805678", "content": "白起可还行"}, {"uid": "12864846", "content": "白起"}, {"uid": "12864846", "content": "张飞之女gusha"}, {"uid": "76745726", "content": "白起"}, {"uid": "325384143", "content": "武将回家时，妻子难产而死，留下早产的女儿"}, {"uid": "164738907", "content": "白起之女"}, {"uid": "545549120", "content": "白张飞"}, {"uid": "471069463", "content": "笑死"}, {"uid": "698355368", "content": "好家伙"}, {"uid": "76745726", "content": "倒拔垂杨柳？"}, {"uid": "164738907", "content": "林黛玉倒拔垂杨柳"}, {"uid": "23620591", "content": "倒拔垂杨柳草"}, {"uid": "76745726", "content": "？"}, {"uid": "552461", "content": "知道了，是张飞之女"}, {"uid": "18058907", "content": "确实"}, {"uid": "504043099", "content": "师姐，武将家的女儿体质不应该很好吗？"}, {"uid": "164738907", "content": "笑死"}, {"uid": "552461", "content": "东亚邪术"}, {"uid": "698355368", "content": "武将之女娇弱吗？"}, {"uid": "12864846", "content": "笑死"}, {"uid": "545549120", "content": "笑死"}, {"uid": "12864846", "content": "hhhhhhh"}, {"uid": "12864846", "content": "然后妈妈会教女儿这些的"}, {"uid": "471069463", "content": "武力充沛"}, {"uid": "18058907", "content": "你还有10多个技能点呢"}, {"uid": "12864846", "content": "武将家的妻子都是琴棋书画样样精通"}, {"uid": "325384143", "content": "高情商:我家里连仓鼠都击剑"}, {"uid": "18343394", "content": "？？白刀子进红刀子出？"}, {"uid": "76745726", "content": "你家里的男人是仓鼠？"}, {"uid": "18058907", "content": "笑死"}, {"uid": "325384143", "content": "笑死"}, {"uid": "552461", "content": "笑死"}, {"uid": "471069463", "content": "笑死"}, {"uid": "12864846", "content": "笑死"}, {"uid": "698355368", "content": "歪嘴师姐.jpg"}, {"uid": "325384143", "content": "好家伙，一进宫就进冷宫"}, {"uid": "76745726", "content": "28岁古代不年轻了"}, {"uid": "12864846", "content": "三年之期已到"}, {"uid": "76745726", "content": "差不多"}, {"uid": "18058907", "content": "武将：指派你出去送"}, {"uid": "12864846", "content": "我也是hhhhhhhh"}, {"uid": "76745726", "content": "你爸把你情敌杀了直接"}, {"uid": "325384143", "content": "建议把年龄改改"}, {"uid": "23015177", "content": "我也哈哈哈哈哈哈"}, {"uid": "504043099", "content": "师姐晚上好"}, {"uid": "7833978", "content": "让他抓到机会了"}, {"uid": "7833978", "content": "一品药业"}, {"uid": "325384143", "content": "王彩彩！"}, {"uid": "18343394", "content": "笑死"}, {"uid": "294163039", "content": "师姐晚上好"}, {"uid": "471069463", "content": "hhh"}, {"uid": "12864846", "content": "我逐渐理解一切"}, {"uid": "12864846", "content": "我之间理解一切"}, {"uid": "552461", "content": "理解的透透的"}, {"uid": "325384143", "content": "格调高"}, {"uid": "471069463", "content": "好家伙"}, {"uid": "504043099", "content": "。"}, {"uid": "76745726", "content": "笑死"}, {"uid": "698355368", "content": "太子妃？"}, {"uid": "12864846", "content": " Roguelike吗"}, {"uid": "471069463", "content": "刀来！"}, {"uid": "325384143", "content": "从始而终"}, {"uid": "2881166", "content": "师姐晚上好呀～"}, {"uid": "7833978", "content": "达成成就：逃离冷宫"}, {"uid": "471069463", "content": "hhh"}, {"uid": "552461", "content": "任务：活下去"}, {"uid": "18058907", "content": "好家伙"}, {"uid": "471069463", "content": "熟悉的bgm"}, {"uid": "7833978", "content": "能睡得别怕"}, {"uid": "18058907", "content": "啊这"}, {"uid": "18343394", "content": "只是偶尔打"}, {"uid": "18343394", "content": "我不是高强度打ow阿"}, {"uid": "12864846", "content": "刚刚点了杯瑞幸"}, {"uid": "12864846", "content": "明天还要上班"}, {"uid": "12864846", "content": "我现在睡的话晚上就睡不着了"}, {"uid": "18343394", "content": "我只有1k阿"}, {"uid": "552461", "content": "晚上好"}, {"uid": "18343394", "content": "你家开银行的把"}, {"uid": "18343394", "content": "好家伙1w"}, {"uid": "7833978", "content": "笑死"}, {"uid": "18343394", "content": "确实"}, {"uid": "12864846", "content": "师姐昨天好好休息了吗"}, {"uid": "18343394", "content": "笑死我也想看妃子动手杀人"}, {"uid": "471069463", "content": "先去煮个饭，白天忙的都忘记时间了"}, {"uid": "23015177", "content": "来了"}, {"uid": "18058907", "content": "好家伙啊"}, {"uid": "18343394", "content": "动手杀人？？"}, {"uid": "18058907", "content": "？"}, {"uid": "471069463", "content": "好家伙"}, {"uid": "18343394", "content": "？？？"}, {"uid": "18343394", "content": "好家伙"}, {"uid": "18343394", "content": "刚看到的"}, {"uid": "37746038", "content": "忘了？给我现编一个"}, {"uid": "18343394", "content": "好家伙"}, {"uid": "471069463", "content": "emmm好家伙，六点了"}, {"uid": "76745726", "content": "早早早"}, {"uid": "18058907", "content": "晚上好啊师姐"}, {"uid": "2737171", "content": "晚上好呀"}, {"uid": "12864846", "content": "师姐晚上好"}, {"uid": "18343394", "content": "来了来了师姐晚上好"}, {"uid": "37746038", "content": "这师姐跟我抢小妹妹，就是屑拉"}, {"uid": "471069463", "content": "琼仙峰开门"}, {"uid": "37746038", "content": "开门"}, {"uid": "18058907", "content": "(〜￣△￣)〜"}, {"uid": "260363927", "content": "好耶"}, {"uid": "18058907", "content": "(⌒▽⌒)"}, {"uid": "524947577", "content": "打卡"}, {"uid": "1704410", "content": "(〜￣△￣)〜"}, {"uid": "36329344", "content": "hhhhhh"}, {"uid": "36329344", "content": "我又来了"}, {"uid": "76745726", "content": "晚上好"}, {"uid": "471069463", "content": "哈哈哈哈哈哈"}, {"uid": "76745726", "content": "早上好"}, {"uid": "2737171", "content": "要加班"}, {"uid": "1704410", "content": "看看就去吃晚饭了"}, {"uid": "2737171", "content": "还没开始"}, {"uid": "282845389", "content": "晚上好"}, {"uid": "471069463", "content": "晓月不加班吗"}, {"uid": "1704410", "content": "晚上好"}, {"uid": "76745726", "content": "早"}, {"uid": "2737171", "content": "师姐晚上好"}, {"uid": "471069463", "content": "坏女人"}, {"uid": "34836755", "content": "师姐晚上好"}, {"uid": "12864846", "content": "\\师姐/\\师姐/\\师姐/\\师姐/\\师姐/"}, {"uid": "8138686", "content": "\\师姐/\\师姐/\\师姐/\\师姐/\\师姐/"}, {"uid": "698355368", "content": "\\师姐/\\师姐/\\师姐/\\师姐/\\师姐/"}, {"uid": "18343394", "content": "\\师姐/\\师姐/\\师姐/\\师姐/\\师姐/"}, {"uid": "12864846", "content": "\\师姐/\\师姐/\\师姐/\\师姐/\\师姐/"}, {"uid": "12864846", "content": "\\师姐/\\师姐/\\师姐/\\师姐/\\师姐/"}, {"uid": "18343394", "content": "\\师姐/\\师姐/\\师姐/\\师姐/\\师姐/"}, {"uid": "698355368", "content": "\\师姐/\\师姐/\\师姐/\\师姐/\\师姐/"}, {"uid": "18343394", "content": "\\师姐/\\师姐/\\师姐/\\师姐/\\师姐/"}, {"uid": "12864846", "content": "\\师姐/\\师姐/\\师姐/\\师姐/\\师姐/"}, {"uid": "18343394", "content": "\\师姐/\\师姐/\\师姐/\\师姐/\\师姐/"}, {"uid": "698355368", "content": "\\师姐/\\师姐/\\师姐/\\师姐/\\师姐/"}, {"uid": "8138686", "content": "\\师姐/\\师姐/\\师姐/\\师姐/\\师姐/"}, {"uid": "12864846", "content": "\\师姐/\\师姐/\\师姐/\\师姐/\\师姐/"}, {"uid": "18343394", "content": "\\师姐/\\师姐/\\师姐/\\师姐/\\师姐/"}, {"uid": "18343394", "content": "\\师姐/\\师姐/\\师姐/\\师姐/\\师姐/"}, {"uid": "12864846", "content": "\\师姐/\\师姐/\\师姐/\\师姐/\\师姐/"}, {"uid": "12864846", "content": "\\师姐/\\师姐/\\师姐/\\师姐/\\师姐/"}, {"uid": "8138686", "content": "\\师姐/\\师姐/\\师姐/\\师姐/\\师姐/"}, {"uid": "698355368", "content": "\\师姐/\\师姐/\\师姐/\\师姐/\\师姐/"}, {"uid": "18343394", "content": "\\师姐/\\师姐/\\师姐/\\师姐/\\师姐/"}, {"uid": "12864846", "content": "\\师姐/\\师姐/\\师姐/\\师姐/\\师姐/"}, {"uid": "12864846", "content": "\\师姐/\\师姐/\\师姐/\\师姐/\\师姐/"}, {"uid": "12864846", "content": "\\师姐/\\师姐/\\师姐/\\师姐/\\师姐/"}, {"uid": "698355368", "content": "\\师姐/\\师姐/\\师姐/\\师姐/\\师姐/"}, {"uid": "12864846", "content": "\\师姐/\\师姐/\\师姐/\\师姐/\\师姐/"}, {"uid": "18343394", "content": "\\师姐/\\师姐/\\师姐/\\师姐/\\师姐/"}, {"uid": "12864846", "content": "\\师姐/\\师姐/\\师姐/\\师姐/\\师姐/"}, {"uid": "12864846", "content": "\\师姐/\\师姐/\\师姐/\\师姐/\\师姐/"}, {"uid": "12864846", "content": "\\师姐/\\师姐/\\师姐/\\师姐/\\师姐/"}, {"uid": "12864846", "content": "\\师姐/\\师姐/\\师姐/\\师姐/\\师姐/"}, {"uid": "12864846", "content": "\\师姐/\\师姐/\\师姐/\\师姐/\\师姐/"}, {"uid": "12864846", "content": "\\师姐/\\师姐/\\师姐/\\师姐/\\师姐/"}, {"uid": "18058907", "content": "\\师姐/\\师姐/\\师姐/\\师姐/\\师姐/"}, {"uid": "18343394", "content": "\\师姐/\\师姐/\\师姐/\\师姐/\\师姐/"}, {"uid": "282845389", "content": "\\师姐/\\师姐/\\师姐/\\师姐/\\师姐/"}, {"uid": "698355368", "content": "\\师姐/\\师姐/\\师姐/\\师姐/\\师姐/"}, {"uid": "18343394", "content": "\\师姐/\\师姐/\\师姐/\\师姐/\\师姐/"}, {"uid": "18343394", "content": "\\师姐/\\师姐/\\师姐/\\师姐/\\师姐/"}, {"uid": "12864846", "content": "\\师姐/\\师姐/\\师姐/\\师姐/\\师姐/"}, {"uid": "8138686", "content": "\\师姐/\\师姐/\\师姐/\\师姐/\\师姐/"}, {"uid": "18343394", "content": "\\师姐/\\师姐/\\师姐/\\师姐/\\师姐/"}, {"uid": "12864846", "content": "\\师姐/\\师姐/\\师姐/\\师姐/\\师姐/"}, {"uid": "18343394", "content": "\\师姐/\\师姐/\\师姐/\\师姐/\\师姐/"}, {"uid": "18343394", "content": "\\师姐/\\师姐/\\师姐/\\师姐/\\师姐/"}, {"uid": "18343394", "content": "\\师姐/\\师姐/\\师姐/\\师姐/\\师姐/"}, {"uid": "12864846", "content": "\\师姐/\\师姐/\\师姐/\\师姐/\\师姐/"}, {"uid": "12864846", "content": "\\师姐/\\师姐/\\师姐/\\师姐/\\师姐/"}, {"uid": "12864846", "content": "\\师姐/\\师姐/\\师姐/\\师姐/\\师姐/"}, {"uid": "18343394", "content": "\\师姐/\\师姐/\\师姐/\\师姐/\\师姐/"}, {"uid": "18343394", "content": "\\师姐/\\师姐/\\师姐/\\师姐/\\师姐/"}, {"uid": "18343394", "content": "\\师姐/\\师姐/\\师姐/\\师姐/\\师姐/"}, {"uid": "36338493", "content": "可以玩玩《梦回南朝》，可以玩破解的哈哈哈"}]