[{"uid": "12864846", "content": "拜拜师姐"}, {"uid": "2737171", "content": "拜拜"}, {"uid": "354725743", "content": "我还好"}, {"uid": "325384143", "content": "拜拜"}, {"uid": "18343394", "content": "拜拜拜拜"}, {"uid": "471069463", "content": "师姐拜拜"}, {"uid": "23015177", "content": "师姐拜拜"}, {"uid": "354725743", "content": "8886"}, {"uid": "232931669", "content": "拜拜"}, {"uid": "282845389", "content": "\\"}, {"uid": "18343394", "content": "拜拜拜拜"}, {"uid": "354725743", "content": "哈哈哈哈"}, {"uid": "471069463", "content": "嘶"}, {"uid": "7833978", "content": "已经背好了行囊"}, {"uid": "8138686", "content": "星间"}, {"uid": "299424301", "content": "进来吓我一跳"}, {"uid": "7833978", "content": "我们很正常"}, {"uid": "8784032", "content": "师姐…我喇叭好像劈了…"}, {"uid": "325384143", "content": "/\\/\\/\\/\\/\\/\\"}, {"uid": "7833978", "content": "泰罗师姐你说什么呢"}, {"uid": "504043099", "content": "师姐！？？？"}, {"uid": "8138686", "content": "师妹们 我已经100°C要想开了"}, {"uid": "18343394", "content": "我家开水壶可不会啊~~啊~~的叫"}, {"uid": "8784032", "content": "师姐要吃人啦！"}, {"uid": "8138686", "content": "\\师姐/\\师姐/"}, {"uid": "325384143", "content": "土拨鼠！！！"}, {"uid": "18343394", "content": "？？？？？？？？？？？"}, {"uid": "7833978", "content": "我就不该打开手机   我真傻 真的"}, {"uid": "7833978", "content": "今夜我就要连夜逃跑了"}, {"uid": "23015177", "content": "倒也不用这么客气"}, {"uid": "471069463", "content": "师姐bye~"}, {"uid": "282845389", "content": "/          \\"}, {"uid": "325384143", "content": "逮你哥逮你哥逮你哥呦"}, {"uid": "232931669", "content": "赶紧走吧"}, {"uid": "471069463", "content": "头皮发麻"}, {"uid": "698355368", "content": "师姐拜拜"}, {"uid": "232931669", "content": "拜拜"}, {"uid": "8784032", "content": "真棒"}, {"uid": "8138686", "content": "（￣▽￣）"}, {"uid": "7833978", "content": "谢谢你泰罗"}, {"uid": "7833978", "content": "就在家里人面前"}, {"uid": "7833978", "content": "谢谢师姐   我开的最大声外放"}, {"uid": "8784032", "content": "争取笑出肌肉金轮"}, {"uid": "18343394", "content": "打咩打咩打咩打咩打咩得死"}, {"uid": "325384143", "content": "哒咩呦哒咩呦"}, {"uid": "232931669", "content": "腹肌都笑的大了"}, {"uid": "325384143", "content": "哒咩嘚哒咩咦"}, {"uid": "8784032", "content": "刚刚隔壁来敲我门了"}, {"uid": "18343394", "content": "你弟大受震撼"}, {"uid": "471069463", "content": "hhh"}, {"uid": "8784032", "content": "唱的太好了！"}, {"uid": "23015177", "content": "就是一句啊啊啊啊啊啊啊"}, {"uid": "552461", "content": "我没听懂，但我大受震撼"}, {"uid": "23015177", "content": "刚打完电话外放"}, {"uid": "23015177", "content": "？"}, {"uid": "325384143", "content": "哒咩呦哒咩呦"}, {"uid": "18343394", "content": "金毛快跑！！！！！"}, {"uid": "7833978", "content": "谢谢你泰罗"}, {"uid": "282845389", "content": "\\"}, {"uid": "7833978", "content": "？？？"}, {"uid": "552461", "content": "谢谢，已经忘了原版了"}, {"uid": "325384143", "content": "打灭打咩"}, {"uid": "18343394", "content": "打咩得是"}, {"uid": "325384143", "content": "？？？"}, {"uid": "18343394", "content": "大咩"}, {"uid": "8784032", "content": "还有她做的车的忐忑"}, {"uid": "471069463", "content": "？？？"}, {"uid": "8784032", "content": "这首歌充分的唱出了歌手心中的忐忑"}, {"uid": "18343394", "content": "你骂我们呆？？"}, {"uid": "354725743", "content": "哈哈哈哈哈"}, {"uid": "8784032", "content": "师姐今天的状态适合唱今天没吃药"}, {"uid": "18343394", "content": "龚丽娜老师小号开直播了？？"}, {"uid": "354725743", "content": "刚进来"}, {"uid": "354725743", "content": "刺激"}, {"uid": "8138686", "content": "草哈哈哈哈"}, {"uid": "354725743", "content": "哈哈哈哈哈哈哈"}, {"uid": "354725743", "content": "打卡"}, {"uid": "471069463", "content": "嘶"}, {"uid": "18343394", "content": "我付钱折磨自己？"}, {"uid": "552461", "content": "师姐唱个忐忑吧"}, {"uid": "5947555", "content": "师姐是喝了假酒么"}, {"uid": "18343394", "content": "这是我不付钱就能听的吗"}, {"uid": "8784032", "content": "窝听着嗓子疼"}, {"uid": "8784032", "content": "不是"}, {"uid": "471069463", "content": "我又是谁"}, {"uid": "1457515", "content": "這是故意的嗎？"}, {"uid": "325384143", "content": "有种八十岁老太撕扯着喉咙的感觉"}, {"uid": "18805678", "content": "高音哥 性转了？"}, {"uid": "8784032", "content": "你是师妹啊"}, {"uid": "698355368", "content": "师姐喝醉了？"}, {"uid": "282845389", "content": "我是谁"}, {"uid": "8784032", "content": "明天不会是手语直播吧"}, {"uid": "8784032", "content": "师姐明天还能说话吗"}, {"uid": "325384143", "content": "李逵笑"}, {"uid": "282845389", "content": "\\    / \\"}, {"uid": "8138686", "content": "我听不懂，但我大受震撼"}, {"uid": "325384143", "content": "我听不懂，但我大受震撼"}, {"uid": "8138686", "content": "被师姐虐泉了"}, {"uid": "8784032", "content": "得清唱"}, {"uid": "471069463", "content": "老家（）"}, {"uid": "11458802", "content": "一进来就被送回泉水了"}, {"uid": "8784032", "content": "有伴奏没灵魂"}, {"uid": "325384143", "content": "？？？？"}, {"uid": "18343394", "content": "？？"}, {"uid": "1704410", "content": "？？？？"}, {"uid": "471069463", "content": "？？？"}, {"uid": "8138686", "content": "？？？？？？？"}, {"uid": "8784032", "content": "快乐老家（指地府）"}, {"uid": "12864846", "content": "听完我们被送回快乐老家了"}, {"uid": "471069463", "content": "试试就逝世"}, {"uid": "18343394", "content": "问就是想家了"}, {"uid": "552461", "content": "那样唱怕不是直接送回家"}, {"uid": "12864846", "content": "喝口茶，咕噜咕噜，咳一下痰"}, {"uid": "8138686", "content": "？"}, {"uid": "18343394", "content": "耶i！"}, {"uid": "12864846", "content": "唱！！！"}, {"uid": "471069463", "content": "？那是什么"}, {"uid": "18343394", "content": "唱！"}, {"uid": "8138686", "content": "快乐老家？"}, {"uid": "18343394", "content": "欸！！"}, {"uid": "471069463", "content": "这个好耶"}, {"uid": "18343394", "content": "？？？"}, {"uid": "18343394", "content": "八哥？？？"}, {"uid": "8784032", "content": "惊了 这啥声啊"}, {"uid": "18343394", "content": "鹦鹉？？？"}, {"uid": "325384143", "content": "可怜的狂鼠就这样被迫害了"}, {"uid": "471069463", "content": "hhhh"}, {"uid": "12864846", "content": "狂鼠hhhhhhh"}, {"uid": "12864846", "content": "笑死"}, {"uid": "8138686", "content": "狂鼠.jpg"}, {"uid": "8138686", "content": "仓鼠发疯是什么？"}, {"uid": "8138686", "content": "我见过羊癫疯 我见过疯牛病"}, {"uid": "18343394", "content": "阿卡姆伙食很好"}, {"uid": "1704410", "content": "切片预定"}, {"uid": "18343394", "content": "谢谢已经疯了"}, {"uid": "471069463", "content": "我已经疯了"}, {"uid": "8784032", "content": "好啊"}, {"uid": "8138686", "content": "极致的混沌后就是极致的清楚"}, {"uid": "18343394", "content": "你刚刚就有！"}, {"uid": "18343394", "content": "我被吓到了"}, {"uid": "12864846", "content": "rua！！！！！"}, {"uid": "1704410", "content": "草"}, {"uid": "8138686", "content": "RUA"}, {"uid": "471069463", "content": "rua！"}, {"uid": "18343394", "content": "？？？"}, {"uid": "12864846", "content": "而且很容易饱"}, {"uid": "12864846", "content": "汤泡饭虽然很好下口，但是没什么营养"}, {"uid": "8138686", "content": "吃了什么"}, {"uid": "12864846", "content": "师姐吃了什么"}, {"uid": "8138686", "content": "(⌒▽⌒)"}, {"uid": "8784032", "content": "不对 师姐现真身了"}, {"uid": "12864846", "content": "《 失 了 疯 我 的 师 妹 》"}, {"uid": "8784032", "content": "师姐已经被天外邪魔感染了"}, {"uid": "12864846", "content": "这个师妹已经神志不清了"}, {"uid": "18343394", "content": "现在医生都是师姐的信徒了"}, {"uid": "471069463", "content": "医生救我！！！"}, {"uid": "12864846", "content": "啊吧吧吧吧吧吧吧吧吧吧吧吧吧"}, {"uid": "8784032", "content": "好听！"}, {"uid": "18343394", "content": "？？？"}, {"uid": "18343394", "content": "%@%#%￥%@%@"}, {"uid": "12864846", "content": "开始口胡了"}, {"uid": "18343394", "content": "恶魔低语"}, {"uid": "12864846", "content": "高速咏唱"}, {"uid": "8138686", "content": "混沌阵营九宫格"}, {"uid": "18343394", "content": "那个小盒是你永远的家"}, {"uid": "40596208", "content": "我等会直播说一下康复感"}, {"uid": "12864846", "content": "听完卡祖笛大家又疯了"}, {"uid": "232931669", "content": "只不过是装盒里的"}, {"uid": "8138686", "content": "出院目的地：太平间"}, {"uid": "12864846", "content": "跑不掉了"}, {"uid": "73366855", "content": "魔音灌耳，不愧是大师姐，我魔怔了"}, {"uid": "2881166", "content": "师姐练的功是狮子吼"}, {"uid": "40596208", "content": "害怕"}, {"uid": "73366855", "content": "害怕"}, {"uid": "15745872", "content": "病情交流中心"}, {"uid": "552461", "content": "师姐该吃药了"}, {"uid": "8138686", "content": "魔音灌耳"}, {"uid": "40596208", "content": "精神园的医生怎么说"}, {"uid": "282845389", "content": "古神的低语"}, {"uid": "18343394", "content": "哈哈哈哈哈哈哈哈"}, {"uid": "18343394", "content": "我爱死卡祖笛了！！！！"}, {"uid": "2737171", "content": "？？？"}, {"uid": "18343394", "content": "哈哈哈哈"}, {"uid": "15745872", "content": "大失败"}, {"uid": "1704410", "content": "单位，戴着耳机，我死了"}, {"uid": "8784032", "content": "虽然我听不到了 但是我觉得一定很好听！"}, {"uid": "18343394", "content": "真好听！！！"}, {"uid": "15745872", "content": "过一个灵视"}, {"uid": "15745872", "content": "我的san值啊"}, {"uid": "8784032", "content": "好听！"}, {"uid": "8784032", "content": "这段感觉好像缸中之脑啊"}, {"uid": "23788930", "content": "我的耳朵(\"▔□▔)/"}, {"uid": "18343394", "content": "卡祖笛功力更强了"}, {"uid": "12864846", "content": "师姐的卡祖笛已经出神入化了"}, {"uid": "471069463", "content": "我好像在笛声中听到师姐在笑"}, {"uid": "12864846", "content": "传神的卡祖笛"}, {"uid": "23788930", "content": "刚刚发生了什么？"}, {"uid": "9119045", "content": "师姐收了神通吧"}, {"uid": "23015177", "content": "怎么一进来就是卡祖笛"}, {"uid": "23015177", "content": "？？？"}, {"uid": "8784032", "content": "好兄弟们我先静音了 吹完记得叫我"}, {"uid": "698355368", "content": "好像的确比以前好听了"}, {"uid": "8138686", "content": "等等 你们没发现 师姐吹卡祖笛功力精进了吗"}, {"uid": "18343394", "content": "谢谢师姐让我想起我还有icu年卡"}, {"uid": "12864846", "content": "卡祖笛yyds"}, {"uid": "40596208", "content": "？？？？？"}, {"uid": "471069463", "content": "救命"}, {"uid": "282845389", "content": "好耶"}, {"uid": "1704410", "content": "？？？"}, {"uid": "4577251", "content": "？"}, {"uid": "8784032", "content": "卡祖笛永远滴神！"}, {"uid": "12864846", "content": "？？？？？？"}, {"uid": "471069463", "content": "要被送走了"}, {"uid": "282845389", "content": "？"}, {"uid": "552461", "content": "？？？"}, {"uid": "18343394", "content": "？？？？？？"}, {"uid": "8138686", "content": "混沌半小时"}, {"uid": "8138686", "content": "芜湖"}, {"uid": "1704410", "content": "你这样是要被切的"}, {"uid": "18343394", "content": "送医生进耳科的医生进精神科了"}, {"uid": "1704410", "content": "我来了，开幕雷击？？？"}, {"uid": "8784032", "content": "声音好像电子歌姬 连口齿不清都模仿的很到位"}, {"uid": "12864846", "content": "医生被送进耳科了"}, {"uid": "40596208", "content": "师姐，医生怎么说"}, {"uid": "18343394", "content": "治不了了"}, {"uid": "18343394", "content": "医生说我这种情况是听觉神经坏死了"}, {"uid": "8138686", "content": "不要的耳朵可以分给师妹们"}, {"uid": "8138686", "content": "耳朵会掉"}, {"uid": "40596208", "content": "师姐可唱大悲咒吗"}, {"uid": "12864846", "content": "不愧是师姐，轻易做到了其他v做不到的事情"}, {"uid": "12864846", "content": "她太懂直播了"}, {"uid": "356329704", "content": "(;¬_¬)"}, {"uid": "12864846", "content": "老营销号了"}, {"uid": "8138686", "content": "草"}, {"uid": "8784032", "content": "师姐再见"}, {"uid": "552461", "content": "洛天依听了想给你一拳"}, {"uid": "18343394", "content": "那就打"}, {"uid": "12864846", "content": "唱完歌要直播打ow吗"}, {"uid": "8784032", "content": "师姐！"}, {"uid": "23788930", "content": "干脆叫白三封吧？"}, {"uid": "18343394", "content": "刚刚隔壁来敲门了以为发生了什么惨案"}, {"uid": "18805678", "content": "好家伙，我怎么回来师姐就疯了"}, {"uid": "18805678", "content": "？？？"}, {"uid": "40596208", "content": "久违的疯了？"}, {"uid": "23015177", "content": "好家伙"}, {"uid": "18343394", "content": "刚刚选的风水宝地开了下外放直接被变成凶地"}, {"uid": "552461", "content": "又摆烂，又摆烂"}, {"uid": "2737171", "content": "音乐可以接地气，但是请不要接地府"}, {"uid": "698355368", "content": "师姐歇会吧"}, {"uid": "12864846", "content": "混沌起来了师姐"}, {"uid": "698355368", "content": "？？？？？"}, {"uid": "12864846", "content": "我笑死hhhhhhhhh"}, {"uid": "2737171", "content": "？？？"}, {"uid": "552461", "content": "？？？"}, {"uid": "18343394", "content": "？？？"}, {"uid": "4577251", "content": "师姐吸溜笑喷了"}, {"uid": "23015177", "content": "已经预判到下半首不会正常了"}, {"uid": "18343394", "content": "吸溜"}, {"uid": "18343394", "content": "被一起吸取灵魂"}, {"uid": "18343394", "content": "笑死"}, {"uid": "23015177", "content": "已经清楚师姐的尿性了"}, {"uid": "8138686", "content": "（￣▽￣）"}, {"uid": "23015177", "content": "好家伙，我弟旁听了十分钟"}, {"uid": "18343394", "content": "战术破音"}, {"uid": "12864846", "content": "我下午也吃了冰淇淋"}, {"uid": "4577251", "content": "在吃冰淇淋"}, {"uid": "18343394", "content": "争取诈尸回来继续听"}, {"uid": "18343394", "content": "谢谢已经在选风水好的地方了"}, {"uid": "12864846", "content": "师姐的艺术引人入土"}, {"uid": "698355368", "content": "这个可以做起床铃，我一定起得来"}, {"uid": "2737171", "content": "？"}, {"uid": "18343394", "content": "？"}, {"uid": "8138686", "content": "？"}, {"uid": "282845389", "content": "这是，超现代艺术"}, {"uid": "23015177", "content": "感谢师姐百忙之中抽空敷衍我们"}, {"uid": "18343394", "content": "好听但又不完全好听"}, {"uid": "12864846", "content": "笑死"}, {"uid": "12864846", "content": "唱法逐渐敷衍"}, {"uid": "18343394", "content": "姑娘刚刚被吸脑髓了？？"}, {"uid": "4577251", "content": "笑喷了"}, {"uid": "552461", "content": "一个字都不在调上也是一种天赋"}, {"uid": "18343394", "content": "？"}, {"uid": "8138686", "content": "师姐处刑曲？"}, {"uid": "23015177", "content": "姑娘这就去泰国"}, {"uid": "18343394", "content": "姑娘听了连夜跑了"}, {"uid": "552461", "content": "？"}, {"uid": "23015177", "content": "离谱"}, {"uid": "2737171", "content": "？"}, {"uid": "698355368", "content": "？"}, {"uid": "23015177", "content": "好家伙"}, {"uid": "23015177", "content": "？"}, {"uid": "76745726", "content": "？？"}, {"uid": "18343394", "content": "？"}, {"uid": "18343394", "content": "这个声音很适合单挑"}, {"uid": "698355368", "content": "还可爱吗兄弟"}, {"uid": "2737171", "content": "笑死"}, {"uid": "698355368", "content": "？"}, {"uid": "23015177", "content": "好家伙"}, {"uid": "18343394", "content": "？"}, {"uid": "16872400", "content": "初见，可爱，单推了"}, {"uid": "471069463", "content": "hhh"}, {"uid": "18343394", "content": "笑死"}, {"uid": "232931669", "content": "阿巴阿巴阿巴"}, {"uid": "8138686", "content": "有一种差叫做师姐觉得自己状态差"}, {"uid": "99986", "content": "不去写书，摸鱼怪"}, {"uid": "18343394", "content": "我脑子又那个图了"}, {"uid": "23015177", "content": "我笑死"}, {"uid": "2737171", "content": "草"}, {"uid": "552461", "content": "？？？"}, {"uid": "23015177", "content": "状态哪里差了！！"}, {"uid": "18343394", "content": "？？"}, {"uid": "23015177", "content": "唱！！！"}, {"uid": "23015177", "content": "谁家的唢呐响了"}, {"uid": "39096217", "content": "哈~回头"}, {"uid": "39096217", "content": "哈~哈·~"}, {"uid": "39096217", "content": "啊吧啊吧"}, {"uid": "18343394", "content": "啊~~啊·~~~"}, {"uid": "96683768", "content": "阿巴阿巴阿巴"}, {"uid": "232931669", "content": "一回来耳朵就聋了"}, {"uid": "35879120", "content": "唱戏？"}, {"uid": "18343394", "content": "大雁？"}, {"uid": "8138686", "content": "师姐心声呐喊"}, {"uid": "8138686", "content": "强 师姐 强"}, {"uid": "471069463", "content": "好诶"}, {"uid": "39096217", "content": "hahah"}, {"uid": "23015177", "content": "我来了！！！"}, {"uid": "8138686", "content": "试试就是逝逝"}, {"uid": "18343394", "content": "可！！！好！！！"}, {"uid": "39096217", "content": "哈哈哈"}, {"uid": "8138686", "content": "强 师姐 强"}, {"uid": "471069463", "content": "好耶"}, {"uid": "39096217", "content": "师姐好厉害~"}, {"uid": "18343394", "content": "主要是得开"}, {"uid": "39096217", "content": "ahaha"}, {"uid": "18343394", "content": "笑死"}, {"uid": "8138686", "content": "《忘了》"}, {"uid": "39096217", "content": "笑岔气了"}, {"uid": "39096217", "content": "啊哈哈哈哈"}, {"uid": "8138686", "content": "我以为是自己卡了"}, {"uid": "39096217", "content": "哈哈哈"}, {"uid": "471069463", "content": "\\忆红莲/\\忆红莲/"}, {"uid": "39096217", "content": "饭一定要吃饱啊"}, {"uid": "12864846", "content": "吃完饭回来了师姐"}, {"uid": "232931669", "content": "看我歌单"}, {"uid": "39096217", "content": "好厉害~"}, {"uid": "39096217", "content": "好听~"}, {"uid": "4577251", "content": "纯路人，师姐是电子歌姬？"}, {"uid": "12864846", "content": "大晚上看完满脑子都在震"}, {"uid": "12864846", "content": "后劲很大主要是"}, {"uid": "388064", "content": "没觉得"}, {"uid": "12864846", "content": "蜜蜜蜜蜜蜜蜜蜜蜜蜜蜜蜜蜜蜜蜜"}, {"uid": "18343394", "content": "我现在满脑子都那个蜜蜜蜜蜜蜜蜜蜜蜜蜜蜜蜜"}, {"uid": "39096217", "content": "哈哈哈哈哈"}, {"uid": "8138686", "content": "蜜雪冰城甜蜜蜜"}, {"uid": "248924748", "content": "？？"}, {"uid": "18343394", "content": "？？？"}, {"uid": "4577251", "content": "？"}, {"uid": "18343394", "content": "下班了下班了师姐回见"}, {"uid": "402409856", "content": "多临岩浆"}, {"uid": "18343394", "content": "在喝了在喝了"}, {"uid": "4577251", "content": "多喝热水"}, {"uid": "53586353", "content": "妳好漂亮妹纸 晚上好"}, {"uid": "2737171", "content": "师姐晚上好"}, {"uid": "18343394", "content": "但是好听"}, {"uid": "18343394", "content": "开始诗朗诵了"}, {"uid": "471069463", "content": "emmm哎"}, {"uid": "402409856", "content": "老实人最后都不老实"}, {"uid": "232931669", "content": "那就啦啦啦版或嗯嗯嗯版"}, {"uid": "471069463", "content": "都可以唱，想听"}, {"uid": "18343394", "content": "唱都可以唱"}, {"uid": "18343394", "content": "好耶！"}, {"uid": "10412397", "content": "师姐晚上好"}, {"uid": "471069463", "content": "老实人很乖巧，没毛病叭"}, {"uid": "18343394", "content": "笑死"}, {"uid": "471069463", "content": "我怎么是小孩了"}, {"uid": "39096217", "content": "哈哈哈"}, {"uid": "471069463", "content": "？？？"}, {"uid": "18343394", "content": "笑死"}, {"uid": "18343394", "content": "我是纯gachi"}, {"uid": "471069463", "content": "还有我"}, {"uid": "18343394", "content": "有阿我阿"}, {"uid": "4577251", "content": "可以去棉花糖表白（？"}, {"uid": "18343394", "content": "让大家投gachi小作文把"}, {"uid": "18343394", "content": "因为放假大家都出去玩了把"}, {"uid": "471069463", "content": "emm"}, {"uid": "39096217", "content": "最近好冷清啊"}, {"uid": "8138686", "content": "师姐晚上好"}, {"uid": "232931669", "content": "晚上好"}, {"uid": "18343394", "content": "嘟嘟嘟嘟嘟嘟嘟嘟嘟"}, {"uid": "471069463", "content": "（￣▽￣）"}, {"uid": "39096217", "content": "汤泡饭还挺适合夏天吃的"}, {"uid": "18805678", "content": "汤泡饭我的最爱"}, {"uid": "7833978", "content": "下饭"}, {"uid": "7833978", "content": "笑死"}, {"uid": "4577251", "content": "听醒了（？"}, {"uid": "18343394", "content": "阻眠电台"}, {"uid": "39096217", "content": "哈哈哈"}, {"uid": "7833978", "content": "笑醒"}, {"uid": "18343394", "content": "笑死"}, {"uid": "4577251", "content": "因为我和师姐贴贴（泪目）"}, {"uid": "7833978", "content": "笑死"}, {"uid": "7833978", "content": "？？？为什么要抽你"}, {"uid": "4577251", "content": "抽我抽我，我和师姐贴"}, {"uid": "402409856", "content": "你会舔就行"}, {"uid": "7833978", "content": "随机抽一个师妹代玩"}, {"uid": "7833978", "content": "笑死"}, {"uid": "4577251", "content": "抽盲盒歌曲xxx"}, {"uid": "7833978", "content": "蜜雪冰城甜蜜蜜"}, {"uid": "39096217", "content": "不能睡回笼觉"}, {"uid": "4577251", "content": "距离师姐起床几个小了？"}, {"uid": "18343394", "content": "然后就可以仔细思考然后去ow"}, {"uid": "39096217", "content": "【贴心】"}, {"uid": "18343394", "content": "笑死"}, {"uid": "4577251", "content": "。。。？"}, {"uid": "4577251", "content": "双点医院好玩吗"}, {"uid": "12095344", "content": "啊？"}, {"uid": "7833978", "content": "播个吃饭吧"}, {"uid": "7833978", "content": "师姐速来"}, {"uid": "8526068", "content": "师姐晚上好！"}, {"uid": "7833978", "content": "好家伙  还有忘崽牛奶"}, {"uid": "471069463", "content": "来了来了"}, {"uid": "4577251", "content": "师姐不能再吃了！！（悲痛"}, {"uid": "7833978", "content": "今天没买可乐"}, {"uid": "220762377", "content": "来了"}, {"uid": "7833978", "content": "椰汁"}, {"uid": "18343394", "content": "可以想阿，但是不可以吃"}, {"uid": "7833978", "content": "饮料都倒好了"}, {"uid": "7833978", "content": "速来"}, {"uid": "7833978", "content": "还差个粉丝"}, {"uid": "7833978", "content": "炒的菜哦"}, {"uid": "12864846", "content": "ow吧"}, {"uid": "12864846", "content": "笑死"}, {"uid": "18343394", "content": "ow把"}, {"uid": "18343394", "content": "笑死"}, {"uid": "7833978", "content": "甚至还没有吃饭"}, {"uid": "39096217", "content": "啊哈哈哈"}, {"uid": "7833978", "content": "？？？"}, {"uid": "4577251", "content": "因为买了一百多的冰淇淋觉得很罪恶"}, {"uid": "4577251", "content": "是各种粗粮+蔬菜（泪目）"}, {"uid": "18343394", "content": "再喝西北风"}, {"uid": "4577251", "content": "杂粮饭"}, {"uid": "18343394", "content": "打"}, {"uid": "4577251", "content": "再吃"}, {"uid": "39096217", "content": "晚上好！"}, {"uid": "597131316", "content": "师姐晚上好"}, {"uid": "64168519", "content": "昨天好"}, {"uid": "278467101", "content": "晚上好师姐"}, {"uid": "18343394", "content": "感觉师姐没啥精神"}, {"uid": "12864846", "content": "晚上好呀师姐"}, {"uid": "552461", "content": "晚上好"}, {"uid": "4577251", "content": "师姐晚上好"}, {"uid": "18343394", "content": "晚上好"}, {"uid": "28481187", "content": "晚上好"}, {"uid": "1749817", "content": "晚上好"}, {"uid": "65240577", "content": "啊这"}, {"uid": "1749817", "content": "开门啊"}, {"uid": "481596551", "content": "正片2:00"}, {"uid": "23015177", "content": "\\师姐/\\师姐/\\师姐/\\师姐/\\师姐/"}, {"uid": "8784032", "content": "\\师姐/\\师姐/\\师姐/\\师姐/\\师姐/\\师姐/\\师姐/"}, {"uid": "325384143", "content": "/师姐\\/师姐\\/师姐\\/师姐\\"}, {"uid": "18343394", "content": "\\师姐/\\师姐/\\师姐/\\师姐/\\师姐/"}, {"uid": "7833978", "content": "\\师姐/\\师姐/\\师姐/\\师姐/\\师姐/"}, {"uid": "282845389", "content": "\\师姐/\\师姐/\\师姐/\\师姐/\\师姐/"}, {"uid": "282845389", "content": "\\师姐/\\师姐/\\      /\\师姐/"}, {"uid": "18343394", "content": "\\师姐/\\师姐/\\师姐/\\师姐/\\师姐/"}, {"uid": "23015177", "content": "\\师姐/\\师姐/\\师姐/\\师姐/\\师姐/"}, {"uid": "7833978", "content": "\\师姐/\\师姐/\\师姐/\\师姐/\\师姐/"}, {"uid": "8784032", "content": "\\师姐/\\师姐/\\师姐/\\师姐/\\师姐/\\师姐/\\师姐/"}, {"uid": "7833978", "content": "\\师姐/\\师姐/\\师姐/\\师姐/\\师姐/"}, {"uid": "698355368", "content": "\\师姐/\\师姐/\\师姐/\\师姐/\\师姐/"}, {"uid": "282845389", "content": "\\师姐/\\师姐/\\师姐/\\师姐/\\师姐/"}, {"uid": "7833978", "content": "\\师姐/\\师姐/\\师姐/\\师姐/\\师姐/"}, {"uid": "18343394", "content": "\\师姐/\\师姐/\\师姐/\\师姐/\\师姐/"}, {"uid": "8784032", "content": "\\师姐/\\师姐/\\师姐/\\师姐/\\师姐/\\师姐/\\师姐/"}, {"uid": "282845389", "content": "\\      /\\      /\\"}, {"uid": "8138686", "content": "？？？？？？？？？？？？？？？？？"}, {"uid": "8784032", "content": "\\师姐/\\师姐/\\师姐/\\师姐/\\师姐/\\师姐/\\师姐/"}, {"uid": "282845389", "content": "\\   /\\   /\\   /\\   /"}, {"uid": "282845389", "content": "\\师姐/\\ 帀姐/\\  姐/\\帀 \\师"}, {"uid": "282845389", "content": "\\师姐/\\ 帀姐/\\  姐/\\帀 \\师"}, {"uid": "12864846", "content": "\\师姐/\\师姐/\\师姐/\\师姐/\\师姐/"}, {"uid": "471069463", "content": "师姐/\\师姐/\\师姐/\\师姐/\\师姐/"}, {"uid": "282845389", "content": "\\师姐/\\师姐/\\师姐/\\师姐/\\师姐/"}, {"uid": "12864846", "content": "\\师姐/\\师姐/\\师姐/\\师姐/\\师姐/"}, {"uid": "8784032", "content": "\\师姐/\\师姐/\\师姐/\\师姐/\\师姐/\\师姐/\\师姐/"}, {"uid": "8784032", "content": "\\师姐/\\师姐/\\师姐/\\师姐/\\师姐/\\师姐/\\师姐/"}, {"uid": "282845389", "content": "\\师姐/\\师姐/\\师姐/\\师姐/\\师姐/"}, {"uid": "18343394", "content": "\\师姐/\\师姐/\\师姐/\\师姐/\\师姐/"}, {"uid": "12864846", "content": "\\师姐/\\师姐/\\师姐/\\师姐/\\师姐/"}, {"uid": "18343394", "content": "\\师姐/\\师姐/\\师姐/\\师姐/\\师姐/"}, {"uid": "8138686", "content": "\\师姐/\\师姐/\\师姐/\\师姐/\\师姐/"}, {"uid": "12864846", "content": "\\师姐/\\师姐/\\师姐/\\师姐/\\师姐/"}, {"uid": "12864846", "content": "\\师姐/\\师姐/\\师姐/\\师姐/\\师姐/"}, {"uid": "232931669", "content": "\\师姐/\\师姐/\\师姐/\\师姐/"}, {"uid": "12864846", "content": "\\师姐/\\师姐/\\师姐/\\师姐/\\师姐/"}, {"uid": "12864846", "content": "\\师姐/\\师姐/\\师姐/\\师姐/\\师姐/"}, {"uid": "12864846", "content": "\\师姐/\\师姐/\\师姐/\\师姐/\\师姐/"}, {"uid": "18343394", "content": "\\师姐/\\师姐/\\师姐/\\师姐/\\师姐/"}, {"uid": "12864846", "content": "\\师姐/\\师姐/\\师姐/\\师姐/\\师姐/"}, {"uid": "18343394", "content": "\\师姐/\\师姐/\\师姐/\\师姐/\\师姐/"}, {"uid": "18343394", "content": "\\师姐/\\师姐/\\师姐/\\师姐/\\师姐/"}, {"uid": "18343394", "content": "\\师姐/\\师姐/\\师姐/\\师姐/\\师姐/"}, {"uid": "12864846", "content": "\\师姐/\\师姐/\\师姐/\\师姐/\\师姐/"}, {"uid": "18343394", "content": "\\师姐/\\师姐/\\师姐/\\师姐/\\师姐/"}, {"uid": "12864846", "content": "\\师姐/\\师姐/\\师姐/\\师姐/\\师姐/"}, {"uid": "12864846", "content": "\\师姐/\\师姐/\\师姐/\\师姐/\\师姐/"}, {"uid": "12864846", "content": "\\卡祖笛/\\卡祖笛/\\卡祖笛/"}, {"uid": "282845389", "content": "\\师姐/\\师姐/\\师姐/\\师姐/\\师姐/"}, {"uid": "471069463", "content": "\\师姐/\\师姐/\\师姐/\\师姐/\\师姐/"}, {"uid": "12864846", "content": "\\师姐/\\师姐/\\师姐/\\师姐/\\师姐/"}, {"uid": "23015177", "content": "\\师姐/\\师姐/\\师姐/\\师姐/\\师姐/"}, {"uid": "18343394", "content": "\\师姐/\\师姐/\\师姐/\\师姐/\\师姐/"}, {"uid": "282845389", "content": "\\师姐/\\师姐/\\师姐/\\师姐/\\师姐/"}, {"uid": "282845389", "content": "\\师姐/\\师姐/\\师姐/\\师姐/\\师姐/"}, {"uid": "698355368", "content": "\\师姐/\\师姐/\\师姐/\\师姐/\\师姐/"}, {"uid": "18343394", "content": "\\师姐/\\师姐/\\师姐/\\师姐/\\师姐/"}, {"uid": "23015177", "content": "\\师姐/\\师姐/\\师姐/\\师姐/\\师姐/"}, {"uid": "18343394", "content": "\\师姐/\\师姐/\\师姐/\\师姐/\\师姐/"}, {"uid": "23015177", "content": "\\师姐/\\师姐/\\师姐/\\师姐/\\师姐/"}, {"uid": "39096217", "content": " \\师姐/\\师姐/\\师姐/\\师姐/"}, {"uid": "471069463", "content": "\\师姐/\\师姐/\\师姐/\\师姐/\\师姐/"}, {"uid": "18343394", "content": "\\师姐/\\师姐/\\师姐/\\师姐/\\师姐/"}, {"uid": "23015177", "content": "\\师姐/\\师姐/\\师姐/\\师姐/\\师姐/"}, {"uid": "18343394", "content": "\\师姐/\\师姐/\\师姐/\\师姐/\\师姐/"}, {"uid": "698355368", "content": "\\师姐/\\师姐/\\师姐/\\师姐/\\师姐/"}, {"uid": "18343394", "content": "\\师姐/\\师姐/\\师姐/\\师姐/\\师姐/"}, {"uid": "232931669", "content": "\\师姐/\\师姐/\\师姐/\\师姐/"}, {"uid": "39096217", "content": " \\师姐/\\师姐/\\师姐/\\师姐/"}, {"uid": "18343394", "content": "\\师姐/\\师姐/\\师姐/\\师姐/\\师姐/"}, {"uid": "698355368", "content": "\\师姐/\\师姐/\\师姐/\\师姐/"}, {"uid": "8138686", "content": "\\师姐/\\师姐/\\师姐/\\师姐/"}, {"uid": "18343394", "content": "\\师姐/\\师姐/\\师姐/\\师姐/"}, {"uid": "39096217", "content": " \\师姐/\\师姐/\\师姐/\\师姐/"}, {"uid": "471069463", "content": " \\师姐/\\师姐/\\师姐/\\师姐/"}, {"uid": "18343394", "content": "\\师姐/\\师姐/\\师姐/\\师姐/"}, {"uid": "18343394", "content": "\\师姐/\\师姐/\\师姐/\\师姐/"}, {"uid": "39096217", "content": " \\师姐/\\师姐/\\师姐/\\师姐/"}, {"uid": "471069463", "content": "\\师姐/\\师姐/\\师姐/\\师姐/"}, {"uid": "39096217", "content": " \\师姐/\\师姐/\\师姐/\\师姐/"}, {"uid": "282845389", "content": "\\师姐/\\师姐/\\师姐/\\师姐/\\师姐/"}, {"uid": "18343394", "content": "\\师姐/\\师姐/\\师姐/\\师姐/"}, {"uid": "471069463", "content": "\\师姐/\\师姐/\\师姐/\\师姐/"}, {"uid": "18343394", "content": "\\师姐/\\师姐/\\师姐/\\师姐/"}, {"uid": "10412397", "content": "\\师姐/\\师姐/\\师姐/\\师姐/"}, {"uid": "18343394", "content": "\\师姐/\\师姐/\\师姐/\\师姐/"}, {"uid": "282845389", "content": "\\师姐/\\师姐/\\师姐/\\师姐/\\师姐/"}, {"uid": "471069463", "content": "\\师姐/\\师姐/\\师姐/\\师姐/"}, {"uid": "18343394", "content": "\\师姐/\\师姐/\\师姐/\\师姐/"}]