[{"uid": "8138686", "content": "不拜拜就没得拜拜了"}, {"uid": "552461", "content": "拜拜"}, {"uid": "4577251", "content": "师姐拜拜"}, {"uid": "18343394", "content": " 拜拜拜拜拜拜拜拜拜拜"}, {"uid": "8138686", "content": "师姐拜拜"}, {"uid": "325384143", "content": "拜拜"}, {"uid": "232931669", "content": "拜拜"}, {"uid": "8138686", "content": "拜拜"}, {"uid": "8784032", "content": "师姐晚安"}, {"uid": "18343394", "content": "拜拜拜拜拜拜拜拜拜拜"}, {"uid": "4577251", "content": "天堂魔鬼"}, {"uid": "18343394", "content": " 劝人画画，必不出货"}, {"uid": "8138686", "content": "“千刀万剐”"}, {"uid": "4577251", "content": "不允许你这么说（泪目）"}, {"uid": "8138686", "content": "劝人画画，________"}, {"uid": "8784032", "content": "缺氧了"}, {"uid": "18343394", "content": "睡吧"}, {"uid": "8784032", "content": "瞎说什么大实话"}, {"uid": "18343394", "content": "果然已经厌烦我们了吗"}, {"uid": "8784032", "content": "今天师姐下播好早啊"}, {"uid": "18343394", "content": "冷漠无情白师姐"}, {"uid": "8784032", "content": "今天还是练歌吗"}, {"uid": "8784032", "content": "师姐！"}, {"uid": "15469971", "content": "那再见"}, {"uid": "2737171", "content": "再来亿首"}, {"uid": "2737171", "content": "笑死"}, {"uid": "18343394", "content": "笑死"}, {"uid": "7833978", "content": "走了但没完全走"}, {"uid": "18343394", "content": "白两手上线"}, {"uid": "18343394", "content": "咧咧咧~~"}, {"uid": "59766416", "content": "好听"}, {"uid": "8138686", "content": "仙门莺歌烈狮"}, {"uid": "2737171", "content": "笑死"}, {"uid": "325384143", "content": "color"}, {"uid": "18343394", "content": "卡卡le"}, {"uid": "8138686", "content": "卡卡卡lo"}, {"uid": "12864846", "content": "我先去吃饭了师姐"}, {"uid": "18343394", "content": "阿~~哈~~"}, {"uid": "18343394", "content": "阿~~·哈~~"}, {"uid": "23015177", "content": "所以打游戏去吧"}, {"uid": "23015177", "content": "不要画画，会变得不幸"}, {"uid": "4577251", "content": "师姐：不会"}, {"uid": "18343394", "content": "那有没有脑血栓"}, {"uid": "2737171", "content": "？？？"}, {"uid": "2737171", "content": "笑死，问仓鼠还行。"}, {"uid": "12211886", "content": "仓鼠仓鼠，今天金毛睡了吗(°∀°)ﾉ"}, {"uid": "7833978", "content": "睡了"}, {"uid": "18343394", "content": "睡了吧"}, {"uid": "8138686", "content": "(°∀°)ﾉ"}, {"uid": "2737171", "content": "金毛说它刚醒"}, {"uid": "12864846", "content": "坐牢坐一晚上！！"}, {"uid": "12864846", "content": "金毛你疯了！！！"}, {"uid": "12864846", "content": "晚上真的没睡着"}, {"uid": "7833978", "content": "通宵上分"}, {"uid": "7833978", "content": "睡什么觉"}, {"uid": "12864846", "content": "以前晚上和同学出去喝咖啡我真的是疯了"}, {"uid": "2737171", "content": "笑死，我越喝越困"}, {"uid": "12864846", "content": "提升"}, {"uid": "12864846", "content": "茶多酚"}, {"uid": "325384143", "content": "。。。。"}, {"uid": "12864846", "content": "师姐思考中"}, {"uid": "12864846", "content": "晚上又不用睡觉了"}, {"uid": "12864846", "content": "下班买了杯茶喝"}, {"uid": "325384143", "content": "丑八怪！"}, {"uid": "65240577", "content": "晚安，师姐"}, {"uid": "18343394", "content": "小学数学题"}, {"uid": "2737171", "content": "说是水库就是这个原理"}, {"uid": "65240577", "content": "晚安"}, {"uid": "12864846", "content": "师姐打一下紧张刺激的ow"}, {"uid": "7833978", "content": "要下班了"}, {"uid": "2737171", "content": "之前有人说一边放水一边接水其实是真的有用"}, {"uid": "18343394", "content": "摸了把"}, {"uid": "12864846", "content": "8个小时左右"}, {"uid": "12864846", "content": "类似于万达那种大商场"}, {"uid": "12864846", "content": "对"}, {"uid": "325384143", "content": "数学题还有边放边排呢"}, {"uid": "12864846", "content": "今天开放堂食了，客流量一下变高，好忙"}, {"uid": "18343394", "content": "？正常人会放一浴缸水然后放掉麻"}, {"uid": "2737171", "content": "笑死"}, {"uid": "12864846", "content": "金毛发现了盲点"}, {"uid": "325384143", "content": "隆基努斯好啊"}, {"uid": "12864846", "content": "笑死"}, {"uid": "7833978", "content": "还在这出问题呢 言寺都跑了"}, {"uid": "552461", "content": "言寺，你还年轻，还有机会治好"}, {"uid": "12864846", "content": "言寺直接躺倒水里"}, {"uid": "325384143", "content": "怎么才能最快地把浴缸里的水放掉"}, {"uid": "12864846", "content": "这个问题也太经典了吧"}, {"uid": "12864846", "content": "笑死"}, {"uid": "325384143", "content": "言寺，这有一浴缸的水，一个碗和一个脸盆"}, {"uid": "2737171", "content": "上拘束带"}, {"uid": "2737171", "content": "加大药量，怎么让病人跑出来了呢"}, {"uid": "28481187", "content": "ICU准备"}, {"uid": "325384143", "content": "那我考你个问题"}, {"uid": "12864846", "content": "乖。赶紧吃药！！"}, {"uid": "18343394", "content": "给言寺开瓢把"}, {"uid": "12864846", "content": "每个没有病的人都这么说的"}, {"uid": "23015177", "content": "我没病，不要扒拉我！我不吃药！！"}, {"uid": "12864846", "content": "ゴゴゴゴゴゴゴゴゴゴゴゴゴゴ"}, {"uid": "7833978", "content": "言寺已经"}, {"uid": "2737171", "content": "下一句就是，这里已经满员了"}, {"uid": "23015177", "content": "毕竟我有百八十个老婆（不是"}, {"uid": "12864846", "content": "开心最重要"}, {"uid": "12864846", "content": "太真实了"}, {"uid": "23015177", "content": "那我能怎么办呢，当然是选择原谅她"}, {"uid": "2737171", "content": "笑死"}, {"uid": "2737171", "content": "突然感觉拉远了看着好像师姐从井里探头"}, {"uid": "12864846", "content": "人体美型最重要"}, {"uid": "12864846", "content": "听我朋友说画画到后面都不在乎涩不涩了"}, {"uid": "12864846", "content": "对于没有手的我来说都好看"}, {"uid": "28481187", "content": "那是我老婆，你们去吃桃子去"}, {"uid": "2737171", "content": "给一个2d脸上了一张3d嘴的感觉"}, {"uid": "552461", "content": "又是你老婆了"}, {"uid": "23015177", "content": "是我老婆，长得好看的都是我老婆"}, {"uid": "2737171", "content": "言寺你正常点"}, {"uid": "12864846", "content": "是个女人就是你的老婆吗.jpg"}, {"uid": "28481187", "content": "有点···怪？"}, {"uid": "23015177", "content": "对老婆的表白要每天坚持"}, {"uid": "23015177", "content": "我很清醒"}, {"uid": "12864846", "content": "？"}, {"uid": "12864846", "content": "言寺逐渐丧失理智"}, {"uid": "23015177", "content": "我的老婆画我的老婆"}, {"uid": "12864846", "content": "我也感觉嘴巴有点怪"}, {"uid": "2737171", "content": "扭曲？"}, {"uid": "2737171", "content": "总感觉这张脸的嘴有点"}, {"uid": "23015177", "content": "摸鱼不画稿，老板两行泪"}, {"uid": "325384143", "content": "这个......好怪。嘴好长"}, {"uid": "2737171", "content": "这些是师姐的生命线"}, {"uid": "12864846", "content": "从小到大就喜欢那种英气十足的女生，太帅了"}, {"uid": "23015177", "content": "我到底有多少个老婆被你鸽了.jpg"}, {"uid": "7833978", "content": "好家伙 言寺不是找老公就是找老婆"}, {"uid": "23015177", "content": "我被帅哥美女勾引的神志不清"}, {"uid": "23015177", "content": "你放我老婆出来"}, {"uid": "23015177", "content": "是我的老婆吗"}, {"uid": "23015177", "content": "刚刚那个闪现的"}, {"uid": "23015177", "content": "！"}, {"uid": "12864846", "content": "不画画就打ow吧！"}, {"uid": "7833978", "content": "海言？"}, {"uid": "471069463", "content": "hhh"}, {"uid": "12864846", "content": "笑死"}, {"uid": "23015177", "content": "？我不许你骂我老公"}, {"uid": "12864846", "content": "角度：蔑视"}, {"uid": "4577251", "content": "救命好帅的脸"}, {"uid": "23015177", "content": "谢谢，我的新老公出现了"}, {"uid": "23015177", "content": "好帅"}, {"uid": "18343394", "content": "我的错觉麻"}, {"uid": "18343394", "content": "我怎么感觉有点像哈迪斯的主角"}, {"uid": "479089998", "content": "原来师姐喜欢这种类型的"}, {"uid": "12864846", "content": "嗯"}, {"uid": "471069463", "content": "改旧冬了"}, {"uid": "12864846", "content": "来买衣服的还是都是穿这种类型的"}, {"uid": "471069463", "content": "好家伙"}, {"uid": "12864846", "content": "现在流行穿宽松的"}, {"uid": "18343394", "content": "懂了师姐厌烦我们了"}, {"uid": "545549120", "content": "师姐想和我们睡觉"}, {"uid": "325384143", "content": "？"}, {"uid": "4577251", "content": "这个鼻梁，非要我好的不行吗？（再放送"}, {"uid": "325384143", "content": "感觉像一个只能穿m码的穿了一个xxl的"}, {"uid": "4577251", "content": "是带着仓鼠的一份唱歌"}, {"uid": "18343394", "content": "带着我的一份"}, {"uid": "18343394", "content": "摸鱼"}, {"uid": "18343394", "content": "唱歌"}, {"uid": "4577251", "content": "想唱歌"}, {"uid": "545549120", "content": "直播睡觉？"}, {"uid": "325384143", "content": "感觉里面的衣服好大"}, {"uid": "18343394", "content": "带着我的一份"}, {"uid": "18343394", "content": "打游戏吧"}, {"uid": "545549120", "content": "hso"}, {"uid": "18343394", "content": "这不代表他们不穿裤头阿"}, {"uid": "18343394", "content": "当着老板面玩手机"}, {"uid": "325384143", "content": "加班摸鱼"}, {"uid": "18343394", "content": "还在加班"}, {"uid": "12864846", "content": "加班归来的仓鼠"}, {"uid": "12864846", "content": "仓鼠来了"}, {"uid": "18343394", "content": "得到温暖？"}, {"uid": "35879120", "content": "可以参考"}, {"uid": "8138686", "content": "坐着好累哦->再坐会歇一下"}, {"uid": "232931669", "content": "我相比坐着更喜欢站在"}, {"uid": "12864846", "content": "笑死"}, {"uid": "8138686", "content": "好累哦->坐会歇一下"}, {"uid": "8138686", "content": "会的"}, {"uid": "12864846", "content": "天天在上课坐着"}, {"uid": "12864846", "content": "高中之后就很僵硬"}, {"uid": "12864846", "content": "学跳舞的时候身体协调性还不错"}, {"uid": "12864846", "content": "死线！！！"}, {"uid": "12864846", "content": "笑死"}, {"uid": "12864846", "content": "自己在那画画还是很开心的"}, {"uid": "4577251", "content": "去学魔法，让笔自己画画"}, {"uid": "12864846", "content": "初中还有在临摹的，后面中考就没学了"}, {"uid": "8138686", "content": "赛博磨墨？"}, {"uid": "4577251", "content": "我也要学，等我知道怎么那笔我就给师姐画画"}, {"uid": "12864846", "content": "魅惑"}, {"uid": "12864846", "content": "笑死"}, {"uid": "12864846", "content": "板画想去网上学"}, {"uid": "4577251", "content": "师姐多画点，这座城多了个幸福的人"}, {"uid": "12864846", "content": "手机弹幕好慢"}, {"uid": "12864846", "content": "褶皱"}, {"uid": "12864846", "content": "根据体型来画就好画很多"}, {"uid": "4577251", "content": "这肌肉我直接泪目"}, {"uid": "12864846", "content": "先画肌肉在画衣服"}, {"uid": "12864846", "content": "看到好康的就想击剑"}, {"uid": "12864846", "content": "仓鼠后遗症"}, {"uid": "4577251", "content": "笔挺的鼻梁，非要我好的不行吗？"}, {"uid": "12864846", "content": "坚毅的眼神"}, {"uid": "12864846", "content": "简易的眼神"}, {"uid": "12864846", "content": "好适合军帽"}, {"uid": "4577251", "content": "请师姐喝可乐"}, {"uid": "4577251", "content": "师姐好温柔，感动了（泪目）"}, {"uid": "12864846", "content": "给师姐买一根快"}, {"uid": "4577251", "content": "友友们，我这样做对吗？"}, {"uid": "4577251", "content": "吃了一根巧乐兹，还想吃一支可爱多"}, {"uid": "12864846", "content": "这个弹幕表情好离谱笑死"}, {"uid": "12864846", "content": "牛排头（笑）"}, {"uid": "12864846", "content": "以为是仗助"}, {"uid": "12864846", "content": "有一瞬间以为说仗助"}, {"uid": "4577251", "content": "高马尾DNA动了"}, {"uid": "220762377", "content": "来了"}, {"uid": "12864846", "content": "这个腿直接两米起步"}, {"uid": "4577251", "content": "很难说没有两米"}, {"uid": "4577251", "content": "（泪目）"}, {"uid": "4577251", "content": "师姐画画阿摸死"}, {"uid": "1624418", "content": "画的不错也"}, {"uid": "18343394", "content": "呜呜呜啊啊啊啊啊当时就哭了"}, {"uid": "28481187", "content": "工具仓鼠"}, {"uid": "4577251", "content": "摸の寿命：8小时"}, {"uid": "18343394", "content": "麻了半路被喊回去加班了"}, {"uid": "4577251", "content": "我让我爹妈把我的板子寄给我了（自寻死路"}, {"uid": "17376964", "content": "一边吃师姐，一边看冰淇淋"}, {"uid": "28481187", "content": "晓月吃的好快"}, {"uid": "4577251", "content": "一边看吃一边师姐冰淇淋了"}, {"uid": "2737171", "content": "一本满足"}, {"uid": "2737171", "content": "探店结束"}, {"uid": "545549120", "content": "一边看冰淇淋一边吃师姐了"}, {"uid": "4577251", "content": "一边看师姐一边吃冰淇淋了"}, {"uid": "67843445", "content": "这腿拉的是真长"}, {"uid": "67843445", "content": "画画也开美颜可太过分了"}, {"uid": "17376964", "content": "话说，啥时候拉师父来直播啊"}, {"uid": "2737171", "content": "你在别的直播间看到师姐的时候"}, {"uid": "545549120", "content": "你的心里被师姐装满了"}, {"uid": "17376964", "content": "他的意思可能想见其他师妹了"}, {"uid": "4577251", "content": "摸了（消音"}, {"uid": "67843445", "content": "问下白姐你啥时候不在啊？"}, {"uid": "67843445", "content": "问题是我怎么几点上b站都能逮到白姐"}, {"uid": "2737171", "content": "绘画区up——单子的ddl近了"}, {"uid": "345241915", "content": "这就是绘画点满的大师姐吗"}, {"uid": "12505357", "content": "原来师姐还会画画"}, {"uid": "545549120", "content": "全能师姐"}, {"uid": "345241915", "content": "鼠绘吗"}, {"uid": "67843445", "content": "怎么变成绘画区up了"}, {"uid": "67843445", "content": "！"}, {"uid": "345241915", "content": "可还行"}, {"uid": "471069463", "content": "是回家了，没带笔记本，家里的台式"}, {"uid": "471069463", "content": "www"}, {"uid": "471069463", "content": "突然想起来电脑音响坏了"}, {"uid": "471069463", "content": "来了来了"}, {"uid": "179471776", "content": "但没完全懂"}, {"uid": "179471776", "content": "懂了"}, {"uid": "232931669", "content": "味道有什么区别吗"}, {"uid": "232931669", "content": "晚上吃油焖大虾的时候在想这合普通的做法"}, {"uid": "2737171", "content": "狗金毛"}, {"uid": "28481187", "content": "9609了"}, {"uid": "1704410", "content": "点仓鼠可以吗"}, {"uid": "2737171", "content": "已经下班了"}, {"uid": "4577251", "content": "突然想起我上次在广州吃的假肠粉（泪目"}, {"uid": "18343394", "content": "晓月你今晚必加班"}, {"uid": "179471776", "content": "好狠心的师姐"}, {"uid": "18343394", "content": "下班了下班了跑路了"}, {"uid": "23015177", "content": "教我画画教我画画教我画画"}, {"uid": "2737171", "content": "晚上探店吃肠粉去"}, {"uid": "2737171", "content": "到店了"}, {"uid": "179471776", "content": "（￣▽￣）"}, {"uid": "179471776", "content": "懂了，总督才行"}, {"uid": "18343394", "content": "你不能"}, {"uid": "108360811", "content": "我能点仓鼠吗"}, {"uid": "28481187", "content": "加油"}, {"uid": "4577251", "content": "懂了，攒钱上提督就可以点画了（开始努力"}, {"uid": "1704410", "content": "(◦˙▽˙◦)"}, {"uid": "23015177", "content": "笑死"}, {"uid": "18343394", "content": "笑死"}, {"uid": "28481187", "content": "五师妹呢，可以画吗"}, {"uid": "18343394", "content": "中午？"}, {"uid": "12505357", "content": "中午？"}, {"uid": "17376964", "content": "画个jojo立"}, {"uid": "108360811", "content": "下个月把，等工资发下来"}, {"uid": "108360811", "content": "圣女变魔女，魔女传圣女"}, {"uid": "28481187", "content": "师姐画只小白怜吧"}, {"uid": "108360811", "content": "像要一个魔女再加一个圣女的立绘"}, {"uid": "108360811", "content": "电脑在老家，配置还很好"}, {"uid": "181028", "content": "感觉一股JO味"}, {"uid": "28481187", "content": "师姐再练人体结构吗"}, {"uid": "181028", "content": "画的什么"}, {"uid": "23015177", "content": "约立绘不用时间，只要有钱.jpg"}, {"uid": "23015177", "content": "好家伙"}, {"uid": "108360811", "content": "先约4张立绘区"}, {"uid": "108360811", "content": "年底看看有没有时间"}, {"uid": "28481187", "content": "今天的萌萌也在和仓鼠愉快的击剑呢"}, {"uid": "23015177", "content": "痛什么"}, {"uid": "23015177", "content": "师姐就是很清楚啊"}, {"uid": "1704410", "content": "说清楚的你良心不痛吗"}, {"uid": "108360811", "content": "仓鼠嘿嘿嘿"}, {"uid": "232931669", "content": "我想当白嫖怪"}, {"uid": "23015177", "content": "可是你很会和仓鼠击剑"}, {"uid": "545549120", "content": "你看师姐从不整活 清纯可爱"}, {"uid": "108360811", "content": "没电脑"}, {"uid": "28481187", "content": "我家有，我开桃园养你.job"}, {"uid": "108360811", "content": "师姐，我突然相当vup怎么办"}, {"uid": "108360811", "content": "师姐在画谁啊"}, {"uid": "108360811", "content": "桃子？我要吃桃子，哪里有"}, {"uid": "28481187", "content": "仓鼠因非法贩卖桃子，导致一车桃子被没收"}, {"uid": "552461", "content": "晚上好"}, {"uid": "545549120", "content": "桃园三结义"}, {"uid": "108360811", "content": "师姐晚上好"}, {"uid": "18343394", "content": "我桃子呢？？？那一整车桃子呢？？？"}, {"uid": "28481187", "content": "笑死，我开桃园的"}, {"uid": "28481187", "content": "请言寺不要有多余的幻想.job"}, {"uid": "23015177", "content": "灰灰头你桃子也没少吃"}, {"uid": "28481187", "content": "师姐是我的.job"}, {"uid": "28481187", "content": "请言寺自觉领取今天的桃子"}, {"uid": "23015177", "content": "也不是不行"}, {"uid": "23015177", "content": "彩虹屁第二弹吗"}, {"uid": "18343394", "content": "今天出第二版把"}, {"uid": "18343394", "content": "上次师姐画画言寺出了圣经"}, {"uid": "28481187", "content": "桃树"}, {"uid": "8138686", "content": "lei了~"}, {"uid": "23015177", "content": "我和师姐贴贴"}, {"uid": "4577251", "content": "妈咪师姐"}, {"uid": "545549120", "content": "妈咪师姐"}, {"uid": "23015177", "content": "是画画回的妈咪师姐"}, {"uid": "18343394", "content": "好家伙"}, {"uid": "92850461", "content": "bgm声音有点大"}, {"uid": "232931669", "content": "晚上好"}, {"uid": "28481187", "content": "这是要画什么"}, {"uid": "35016811", "content": "师姐好"}, {"uid": "18343394", "content": "看着不错的样子"}, {"uid": "18343394", "content": "西装还是校服？"}, {"uid": "4577251", "content": "师姐吃了吗"}, {"uid": "282845389", "content": "早上好"}, {"uid": "18343394", "content": "我很正常谢谢"}, {"uid": "28481187", "content": "晚上好师姐"}, {"uid": "82607122", "content": "可把你盼来了"}, {"uid": "2737171", "content": "晚上好呀"}, {"uid": "398683342", "content": "来了来了"}, {"uid": "18343394", "content": "晚上好"}, {"uid": "76745726", "content": "早早早"}, {"uid": "4577251", "content": "师姐晚上好"}, {"uid": "398683342", "content": "打卡"}, {"uid": "374740963", "content": "(打卡，溜)"}, {"uid": "18343394", "content": "\\师姐/\\师姐/\\师姐/\\师姐/\\师姐/"}, {"uid": "18343394", "content": "\\师姐/\\师姐/\\师姐/\\师姐/\\师姐/"}, {"uid": "18343394", "content": "\\师姐/\\师姐/\\师姐/\\师姐/\\师姐/"}, {"uid": "282845389", "content": "\\师姐/\\师姐/\\师姐/\\师姐/\\师姐/"}, {"uid": "8138686", "content": "\\师姐/\\师姐/\\师姐/\\师姐/\\师姐/"}, {"uid": "18343394", "content": "\\师姐/\\师姐/\\师姐/\\师姐/\\师姐/"}, {"uid": "18343394", "content": "\\师姐/\\师姐/\\师姐/\\师姐/\\师姐/"}, {"uid": "18343394", "content": "\\师姐/\\师姐/\\师姐/\\师姐/\\师姐/"}, {"uid": "18343394", "content": "\\师姐/\\师姐/\\师姐/\\师姐/\\师姐/"}, {"uid": "18343394", "content": "\\师姐/\\师姐/\\师姐/\\师姐/\\师姐/"}, {"uid": "18343394", "content": "\\师姐/\\师姐/\\师姐/\\师姐/\\师姐/"}, {"uid": "23015177", "content": "\\师姐/\\师姐/\\师姐/\\师姐/"}, {"uid": "18343394", "content": "\\师姐/\\师姐/\\师姐/\\师姐/\\师姐/"}, {"uid": "18343394", "content": "\\师姐/\\师姐/\\师姐/\\师姐/\\师姐/"}, {"uid": "18343394", "content": "\\师姐/\\师姐/\\师姐/\\师姐/\\师姐/"}, {"uid": "23015177", "content": "\\师姐/\\师姐/\\师姐/\\师姐/"}, {"uid": "8138686", "content": "\\师姐/\\师姐/\\师姐/\\师姐/\\师姐/"}, {"uid": "18343394", "content": "\\师姐/\\师姐/\\师姐/\\师姐/\\师姐/"}, {"uid": "2737171", "content": "\\师姐/\\师姐/\\师姐/\\师姐/"}, {"uid": "18343394", "content": "\\师姐/\\师姐/\\师姐/\\师姐/\\师姐/"}, {"uid": "18343394", "content": "\\师姐/\\师姐/\\师姐/\\师姐/\\师姐/"}, {"uid": "18343394", "content": "\\师姐/\\师姐/\\师姐/\\师姐/\\师姐/"}, {"uid": "18343394", "content": "\\师姐/\\师姐/\\师姐/\\师姐/"}, {"uid": "23015177", "content": "\\师姐/\\师姐/\\师姐/\\师姐/"}, {"uid": "18343394", "content": "\\师姐/\\师姐/\\师姐/\\师姐/"}, {"uid": "18343394", "content": "\\师姐/\\师姐/\\师姐/\\师姐/"}, {"uid": "18343394", "content": "\\师姐/\\师姐/\\师姐/\\师姐/"}, {"uid": "18343394", "content": "\\师姐/\\师姐/\\师姐/\\师姐/"}, {"uid": "8138686", "content": "\\师姐/\\师姐/\\师姐/\\师姐/"}, {"uid": "2737171", "content": "\\师姐/\\师姐/\\师姐/\\师姐/"}, {"uid": "18343394", "content": "师姐师姐嘶哈嘶哈prprprprpr"}]