[{"uid": "698355368", "content": "每日吸脑髓"}, {"uid": "89283862", "content": "光速拉闸"}, {"uid": "2737171", "content": "好家伙"}, {"uid": "18343394", "content": "？？？"}, {"uid": "232931669", "content": "薛定谔的明天"}, {"uid": "89283862", "content": "拜拜"}, {"uid": "471069463", "content": "拜拜"}, {"uid": "37746038", "content": "拜拜"}, {"uid": "325384143", "content": "拜拜"}, {"uid": "552461", "content": "拜拜"}, {"uid": "23015177", "content": "拜拜"}, {"uid": "23015177", "content": "再见"}, {"uid": "259495440", "content": "拜拜"}, {"uid": "698355368", "content": "拜拜"}, {"uid": "2737171", "content": "拜拜拜拜拜拜"}, {"uid": "12864846", "content": "师姐拜拜"}, {"uid": "89283862", "content": "加班吧师姐看看道韵"}, {"uid": "7833978", "content": "拜拜拜拜雷师姐"}, {"uid": "18343394", "content": "拜拜拜拜拜拜拜拜"}, {"uid": "18343394", "content": "下班了下班了"}, {"uid": "232931669", "content": "拜拜了宁雷"}, {"uid": "7833978", "content": "丢的垃圾自己带走"}, {"uid": "7833978", "content": "大家都散了吧"}, {"uid": "31147719", "content": "猝不及防"}, {"uid": "698355368", "content": "师姐歇会儿吧，到下班点了"}, {"uid": "31147719", "content": "突然背刺"}, {"uid": "7833978", "content": "原来是已经下播了"}, {"uid": "7833978", "content": "背刺？"}, {"uid": "7833978", "content": "回手掏？"}, {"uid": "698355368", "content": "？"}, {"uid": "7833978", "content": "？？？"}, {"uid": "552461", "content": "八点了，师姐歇了吧"}, {"uid": "23015177", "content": "？"}, {"uid": "7833978", "content": "痉挛了还没缓过来"}, {"uid": "89283862", "content": "我感觉我灵根升级了"}, {"uid": "12864846", "content": "阿巴阿巴阿巴"}, {"uid": "7833978", "content": "\\阿巴姐/\\师姐/\\师姐/\\师姐/"}, {"uid": "12864846", "content": "只是想到一个视频在想要不要试试的"}, {"uid": "89283862", "content": "还是满脑子电音"}, {"uid": "7833978", "content": "\\师姐/\\师姐/\\师姐/\\阿巴姐/"}, {"uid": "89283862", "content": "完了师姐正常了我正常不了了"}, {"uid": "7833978", "content": "\\师姐/\\师姐/\\阿巴姐/\\师姐/"}, {"uid": "12864846", "content": "我没错！！！！"}, {"uid": "18343394", "content": "正义的群殴"}, {"uid": "12864846", "content": "我对不起！！！！"}, {"uid": "7833978", "content": "我们决斗小夜"}, {"uid": "698355368", "content": "ohhhhhhhh！！"}, {"uid": "7833978", "content": "我们一群人打小夜一个"}, {"uid": "18343394", "content": "耳科医生在路上了"}, {"uid": "7833978", "content": "唱完来决斗吧"}, {"uid": "12864846", "content": "听到一半我直接聋了"}, {"uid": "7833978", "content": "他还么开声音！！！！"}, {"uid": "7833978", "content": "是他说的！！！"}, {"uid": "12864846", "content": "我今晚将被追杀"}, {"uid": "18343394", "content": "？？你说啥听不太清"}, {"uid": "7833978", "content": "那不是小夜么！！！"}, {"uid": "7833978", "content": "你们？？？"}, {"uid": "7833978", "content": "？？？"}, {"uid": "12864846", "content": "我笑死"}, {"uid": "7833978", "content": "拳头捏紧了"}, {"uid": "89283862", "content": "燃起来了"}, {"uid": "1624418", "content": "晚上好"}, {"uid": "7833978", "content": "漫长三分钟"}, {"uid": "7833978", "content": "？？？"}, {"uid": "12864846", "content": "没声音了！！！"}, {"uid": "18343394", "content": "\\@￥#%/\\@￥#%/"}, {"uid": "12864846", "content": "我手机坏了！！！"}, {"uid": "12864846", "content": "我只能看到师姐的歌词在变！！！师姐！！"}, {"uid": "89283862", "content": "拉满才带劲"}, {"uid": "7833978", "content": "我37的音量"}, {"uid": "2737171", "content": "泻药，已经聋了"}, {"uid": "7833978", "content": "？？？"}, {"uid": "18343394", "content": "\\雷公电母/\\风伯雨师/"}, {"uid": "12864846", "content": "我手机没声音了！！！！"}, {"uid": "12864846", "content": "师姐唱了什么吗"}, {"uid": "7833978", "content": "？？？"}, {"uid": "18343394", "content": "\\雷公电母/\\风伯雨师/"}, {"uid": "2737171", "content": "谢谢师姐，开会很开心"}, {"uid": "12864846", "content": "前方高能，请把音量调低"}, {"uid": "698355368", "content": "师姐再见"}, {"uid": "89283862", "content": "带电的天堂开水吧"}, {"uid": "698355368", "content": "？？？"}, {"uid": "7833978", "content": "网线！断！"}, {"uid": "12864846", "content": "都来吧！！"}, {"uid": "7833978", "content": "怎么都是死是吧！"}, {"uid": "23015177", "content": "我们决定替你拉闸"}, {"uid": "7833978", "content": "横竖都是死"}, {"uid": "89283862", "content": "双倍的快乐行不行"}, {"uid": "18343394", "content": "两个一起吧"}, {"uid": "663285731", "content": "电母"}, {"uid": "12864846", "content": "天堂开水"}, {"uid": "4945682", "content": "灵力发电站是吧？"}, {"uid": "4945682", "content": "？"}, {"uid": "12864846", "content": "天 竺 电 音"}, {"uid": "23015177", "content": "哈哈哈哈哈哈哈哈"}, {"uid": "18343394", "content": "谢谢你雷震子"}, {"uid": "89283862", "content": "灯都烧坏了"}, {"uid": "7833978", "content": "你就是小电人？"}, {"uid": "282845389", "content": "\\     /\\     /"}, {"uid": "23015177", "content": "我被抓住研究了，因为我现在浑身过电"}, {"uid": "7833978", "content": "我已经在给全城供电了"}, {"uid": "698355368", "content": "不要去，里面全是师姐"}, {"uid": "18343394", "content": "我要去供电局上班了"}, {"uid": "7833978", "content": "是电线送你来到我身边"}, {"uid": "89283862", "content": "她又摇起来了"}, {"uid": "37746038", "content": "感谢充电，感谢充电"}, {"uid": "7833978", "content": "我真是嗨到不行啊，电多了"}, {"uid": "282845389", "content": "\\"}, {"uid": "12864846", "content": "手机没电的时候就可以看一下录播了"}, {"uid": "18343394", "content": "谢谢电池炸了"}, {"uid": "7833978", "content": "师姐不会看录播"}, {"uid": "23015177", "content": "是手机都没电了吗"}, {"uid": "282845389", "content": "\\"}, {"uid": "23015177", "content": "又涨两个"}, {"uid": "282845389", "content": "\\"}, {"uid": "12864846", "content": "师姐看完录播直接离开了地球"}, {"uid": "7833978", "content": "这刺上可是通了电的"}, {"uid": "186355496", "content": "你在对我放电"}, {"uid": "23015177", "content": "原来漂亮的女人不止带刺还带电"}, {"uid": "186355496", "content": "？？？"}, {"uid": "89283862", "content": "来一起愉快的电疗"}, {"uid": "7833978", "content": "这里的女儿都带电"}, {"uid": "23015177", "content": "就别走了把"}, {"uid": "23015177", "content": "来都来了"}, {"uid": "23015177", "content": "你来啦"}, {"uid": "2737171", "content": "再见，打扰了"}, {"uid": "2737171", "content": "晚上好，听说有歌……"}, {"uid": "23015177", "content": "因为对象都给你电死了"}, {"uid": "18343394", "content": "还会唱歌"}, {"uid": "7355011", "content": "师虎.师虎！白师姐她......漏电了。"}, {"uid": "89283862", "content": "留下来天天电疗吗"}, {"uid": "7833978", "content": "你再说我要打你了"}, {"uid": "19129038", "content": "哇，这个电音好带劲"}, {"uid": "7833978", "content": "不待也罢"}, {"uid": "545549120", "content": "谢谢你给我的爱"}, {"uid": "7833978", "content": "看我打烂她"}, {"uid": "7833978", "content": "？这女儿国"}, {"uid": "19129038", "content": "我爱你"}, {"uid": "19129038", "content": "师姐"}, {"uid": "37746038", "content": "怎么没人打call a"}, {"uid": "7833978", "content": "致命打击"}, {"uid": "37746038", "content": "不错不错针不搓 "}, {"uid": "7833978", "content": "这开水又烫还漏电"}, {"uid": "37746038", "content": "她摇起来了"}, {"uid": "7833978", "content": "电尊是你么电尊"}, {"uid": "37746038", "content": "学的歌都是这样的歌吗？真帅"}, {"uid": "7833978", "content": "绝缘胶带！来！！！"}, {"uid": "698355368", "content": "听完师姐的歌，钢铁侠都不用充电了"}, {"uid": "12864846", "content": "天生电人"}, {"uid": "7355011", "content": "绝了"}, {"uid": "37746038", "content": "我手机点满了，hh"}, {"uid": "18343394", "content": "漏电的高质量雌性人类你喜欢吗"}, {"uid": "23015177", "content": "好家伙"}, {"uid": "37746038", "content": "这就是死线赶稿子的状态吗？xs"}, {"uid": "7833978", "content": "好想打一拳啊"}, {"uid": "7833978", "content": "怎么办"}, {"uid": "7355011", "content": "这就是天生圣人的道韵嘛！"}, {"uid": "232931669", "content": "一群怪人"}, {"uid": "23015177", "content": "你们自己把师姐拖下去听好吧"}, {"uid": "89283862", "content": "隔壁华农兄弟直呼内行"}, {"uid": "7833978", "content": "电峰！"}, {"uid": "23015177", "content": "好怪，但是我尊重你们"}, {"uid": "7833978", "content": "咱们峰通电了"}, {"uid": "23015177", "content": "大家都喜欢这样的吗"}, {"uid": "23015177", "content": "好家伙甚至涨粉十几个"}, {"uid": "12864846", "content": "电种！！！"}, {"uid": "76745726", "content": "电动农业"}, {"uid": "7833978", "content": "快跑！"}, {"uid": "7833978", "content": "别回头"}, {"uid": "7833978", "content": "快跑！"}, {"uid": "18343394", "content": "盲电"}, {"uid": "7833978", "content": "乱中"}, {"uid": "11458802", "content": "喝，都可以喝"}, {"uid": "23015177", "content": "我在啊"}, {"uid": "23015177", "content": "？"}, {"uid": "12864846", "content": "一夜之间多了许多闪电侠"}, {"uid": "7833978", "content": "太吓人走过不见旧言寺"}, {"uid": "18343394", "content": "\\/\\/\\/\\/\\/"}, {"uid": "7833978", "content": "师姐/师姐/"}, {"uid": "18343394", "content": "不是活人是被电死的人"}, {"uid": "7833978", "content": "都给我喝"}, {"uid": "7833978", "content": "是喝人！"}, {"uid": "76745726", "content": "漏电赤伶"}, {"uid": "1749817", "content": "给我也接个地线"}, {"uid": "7833978", "content": "太吓人走过不见尸体"}, {"uid": "3931917", "content": "这咋还唱出电音了"}, {"uid": "7833978", "content": "赤电"}, {"uid": "18343394", "content": "电赤伶"}, {"uid": "89283862", "content": "等我接个地"}, {"uid": "7833978", "content": "送走带二次暴击加超级加倍的师姐你喜欢吗？"}, {"uid": "1749817", "content": "没准备好"}, {"uid": "18343394", "content": "电热壶"}, {"uid": "1557026", "content": "师姐看看道韵"}, {"uid": "259495440", "content": "大悲咒？"}, {"uid": "18343394", "content": "来来1来"}, {"uid": "89283862", "content": "要的硬是要的"}, {"uid": "7833978", "content": "大慈大悲独食人"}, {"uid": "1749817", "content": "直接飞升了雷劫都不用度了"}, {"uid": "12864846", "content": "电音京腔好魔性"}, {"uid": "18343394", "content": "飞升大电音菩萨"}, {"uid": "7833978", "content": "喝电水"}, {"uid": "7833978", "content": "大王直接生吃电鳗"}, {"uid": "698355368", "content": "新刽狒醉酒"}, {"uid": "18343394", "content": "报告大王，贵妃抱着俩电鳗冲进来了"}, {"uid": "7833978", "content": "渡仙门发电厂琼明分机"}, {"uid": "325384143", "content": "新硅肺醉酒"}, {"uid": "1749817", "content": "草"}, {"uid": "545549120", "content": "整个渡仙门的护山阵法都靠师姐发电"}, {"uid": "18343394", "content": "发电机过载了"}, {"uid": "8138686", "content": "发电机草"}, {"uid": "18343394", "content": "新发电机醉酒"}, {"uid": "1749817", "content": "不是新电鳗醉酒吗"}, {"uid": "23015177", "content": "带了耳机直接猝死"}, {"uid": "232931669", "content": "我在外面不带耳机直接社死"}, {"uid": "23015177", "content": "蹲一个师姐的变声器"}, {"uid": "552461", "content": "???"}, {"uid": "18343394", "content": "新娃娃鱼醉酒"}, {"uid": "8138686", "content": "请问直播间是在放恐怖游戏嘛？"}, {"uid": "89283862", "content": "师姐秒变天山童姥"}, {"uid": "698355368", "content": "？"}, {"uid": "1749817", "content": "？？？？？？"}, {"uid": "7833978", "content": "一拳一个天堂，一jio一个小夜"}, {"uid": "18343394", "content": "娃娃鱼？？？"}, {"uid": "23015177", "content": "还好我摘耳机了"}, {"uid": "89283862", "content": "妈妈问我为啥抽抽的像得了羊癫疯"}, {"uid": "18343394", "content": "您就是大名鼎鼎的v？"}, {"uid": "232931669", "content": "嘿嘿阿巴阿巴"}, {"uid": "7833978", "content": "不是天堂就是电音"}, {"uid": "18343394", "content": "哈"}, {"uid": "18343394", "content": "嘿"}, {"uid": "8138686", "content": "哈"}, {"uid": "8138686", "content": "嘿"}, {"uid": "18343394", "content": "风驰的骏马像鸡疯一样"}, {"uid": "18343394", "content": "这是在天堂的灵堂"}, {"uid": "7833978", "content": "以报昨天的仇"}, {"uid": "18343394", "content": "天堂快跑"}, {"uid": "89283862", "content": "师姐放飞在天堂了"}, {"uid": "8138686", "content": "化了"}, {"uid": "1756957", "content": "还是灵堂吧"}, {"uid": "7833978", "content": "我直接打死天堂"}, {"uid": "8138686", "content": "瑟瑟发抖"}, {"uid": "7833978", "content": "熔化了"}, {"uid": "18343394", "content": "嘿哈嘿哈嘿哈"}, {"uid": "545549120", "content": "我愿融化在你宽阔的胸膛"}, {"uid": "7833978", "content": "？？？"}, {"uid": "18343394", "content": "师姐骑马套我们脖子拖着走？？？"}, {"uid": "545549120", "content": "狂鼠病病源"}, {"uid": "23015177", "content": "听师姐一首歌，胜生十年病"}, {"uid": "7833978", "content": "站远一点好套绳子？"}, {"uid": "18343394", "content": "我汉子呢？？"}, {"uid": "698355368", "content": "是把人送上天堂吗？"}, {"uid": "7833978", "content": "？？？"}, {"uid": "23015177", "content": "我脑子已经胀得晕了"}, {"uid": "89283862", "content": "带劲"}, {"uid": "89283862", "content": "师姐要套马了"}, {"uid": "18343394", "content": "你也要躲汉子？？？"}, {"uid": "545549120", "content": "师姐累了"}, {"uid": "18343394", "content": "小夜想起金毛的话，闪闪的泪光鲁冰花"}, {"uid": "23015177", "content": "不行我遭不住了"}, {"uid": "7833978", "content": "时间真快啊"}, {"uid": "7833978", "content": "这么快就八点了"}, {"uid": "7833978", "content": "这个卤冰花它好吃么"}, {"uid": "18343394", "content": "天上的星星不说话，地上的娃娃参北斗啊"}, {"uid": "89283862", "content": "就是这个感觉"}, {"uid": "7833978", "content": "天上的星星参北斗啊"}, {"uid": "18343394", "content": "我知道半夜的星星还会放电"}, {"uid": "232931669", "content": "本人已死，有事烧纸"}, {"uid": "89283862", "content": "这魔性的笑声"}, {"uid": "7833978", "content": "做了但是没做全"}, {"uid": "545549120", "content": "你还想做什么啊——"}, {"uid": "18343394", "content": "要死了嘿嘿嘿"}, {"uid": "18343394", "content": "嘿嘿嘿"}, {"uid": "18343394", "content": "没跟线路有他的脾气"}, {"uid": "7833978", "content": "今晚大家都是电机师妹"}, {"uid": "18343394", "content": "电击没有那么容易"}, {"uid": "89283862", "content": "师姐这迷离的小眼神也在放电"}, {"uid": "698355368", "content": "一进来就看见师姐把麦克风玩出花了"}, {"uid": "12864846", "content": "电没那么简单"}, {"uid": "65240577", "content": "早上好"}, {"uid": "18343394", "content": "都开始电人了"}, {"uid": "18343394", "content": "师姐你麦克风正负极接反了"}, {"uid": "545549120", "content": "师姐能带着电音笑一会吗"}, {"uid": "7833978", "content": "把你电线掐咯"}, {"uid": "89283862", "content": "怎么感觉声音抖起来了"}, {"uid": "18343394", "content": "自带颤音"}, {"uid": "89283862", "content": "不过意外的挺带感"}, {"uid": "8138686", "content": "我的大脑已经bilibili哒"}, {"uid": "1704410", "content": "灵堂混响再现？"}, {"uid": "12864846", "content": "耳机真的是混响脑子开始被电了"}, {"uid": "23015177", "content": "大概是共振了（）"}, {"uid": "7833978", "content": "吃我一拳！"}, {"uid": "7833978", "content": "？？？"}, {"uid": "23015177", "content": "脑袋胀胀的"}, {"uid": "7833978", "content": "你们？？？？"}, {"uid": "23015177", "content": "我开始头晕了，物理"}, {"uid": "7833978", "content": "？？？"}, {"uid": "107662352", "content": "阿巴阿巴"}, {"uid": "18343394", "content": "哈哈哈哈哈哈哈哈哈真好听"}, {"uid": "89283862", "content": "我音箱忘记调了"}, {"uid": "7833978", "content": "言寺！！！"}, {"uid": "107662352", "content": "这么恐怖？"}, {"uid": "23015177", "content": "哈哈哈哈哈哈哈哈哈哈"}, {"uid": "89283862", "content": "我开的外放"}, {"uid": "89283862", "content": "我外甥被师姐一嗓子吓哭了"}, {"uid": "18343394", "content": "这1不得给印尼宽带带个言"}, {"uid": "7833978", "content": "献上师妹们的生命"}, {"uid": "89283862", "content": "是在哪做了电疗"}, {"uid": "232931669", "content": "电满了都溢出来了"}, {"uid": "89283862", "content": "师姐今天电信味道这么重"}, {"uid": "12864846", "content": "电量满了"}, {"uid": "31147719", "content": "不行了我要笑死了"}, {"uid": "23015177", "content": "开始头晕了"}, {"uid": "7833978", "content": "站近一点说啊"}, {"uid": "12864846", "content": "今天手机都不用充电了"}, {"uid": "7833978", "content": "你站那么远干什么"}, {"uid": "31147719", "content": "哈哈哈哈哈"}, {"uid": "18343394", "content": "等一下谁电我"}, {"uid": "12864846", "content": "kksk"}, {"uid": "12864846", "content": "好听好听！！！"}, {"uid": "492725248", "content": "好阴间"}, {"uid": "107662352", "content": "QAQ"}, {"uid": "8138686", "content": "魔音贯耳"}, {"uid": "107662352", "content": "一天不听难受，听了难受一天"}, {"uid": "29193009", "content": "？"}, {"uid": "31147719", "content": "哈哈哈哈哈哈哈哈哈哈哈哈哈哈"}, {"uid": "552461", "content": "师姐，可以吃我一拳吗"}, {"uid": "31147719", "content": "为什么我越听越想笑啊"}, {"uid": "18343394", "content": "红红火火恍恍惚惚真好听嘿嘿嘿阿巴阿巴阿巴"}, {"uid": "12864846", "content": "师姐！！金毛打我！！！"}, {"uid": "411922107", "content": "，"}, {"uid": "4577251", "content": "甚至好听起来了"}, {"uid": "7833978", "content": "还想打我！吃我一jio！"}, {"uid": "29193009", "content": "(╯°口°)╯(┴—┴"}, {"uid": "31147719", "content": "刻进灵魂的声音了"}, {"uid": "7833978", "content": "？？？"}, {"uid": "12864846", "content": "金毛！！铁咩！！你也吃我一拳！！"}, {"uid": "107662352", "content": "好听好听，阿巴阿巴阿巴"}, {"uid": "12864846", "content": "挺好听的呀！！"}, {"uid": "31147719", "content": "大好き"}, {"uid": "31147719", "content": "大爱"}, {"uid": "31147719", "content": "我真是太喜欢了"}, {"uid": "107662352", "content": "QAQ"}, {"uid": "107662352", "content": "开幕雷击"}, {"uid": "7833978", "content": "这仓鼠最速疯癫传说"}, {"uid": "471069463", "content": "疯了，一进来就疯了"}, {"uid": "18343394", "content": "阿巴阿巴阿巴阿巴"}, {"uid": "7833978", "content": "疯了一个"}, {"uid": "18343394", "content": "嘿嘿嘿"}, {"uid": "7833978", "content": "好家伙"}, {"uid": "18343394", "content": "嘿嘿嘿好听嘿嘿嘿好听"}, {"uid": "12864846", "content": "铁咩！！！"}, {"uid": "7833978", "content": "吃我一拳！"}, {"uid": "7833978", "content": "小夜！"}, {"uid": "12864846", "content": "女子口斤"}, {"uid": "23015177", "content": "言寺退出直播间"}, {"uid": "18343394", "content": "上阿！！！"}, {"uid": "18343394", "content": "战神线！！！"}, {"uid": "4577251", "content": "有点印度味"}, {"uid": "7833978", "content": "拔一下网线"}, {"uid": "7833978", "content": "来个师妹"}, {"uid": "4577251", "content": "这是什么阿！！！！"}, {"uid": "18343394", "content": "妖魔鬼怪快离开！！妖魔鬼怪快离开！！"}, {"uid": "259495440", "content": "师傅别念了"}, {"uid": "31147719", "content": "我一个人有点怕"}, {"uid": "7833978", "content": "没救了"}, {"uid": "7833978", "content": "都躺好吧"}, {"uid": "31147719", "content": "阴间"}, {"uid": "7833978", "content": "这波是梦幻联动"}, {"uid": "23015177", "content": "别念了别念了别念了"}, {"uid": "18343394", "content": "妖魔鬼怪快离开！妖魔鬼怪快离开！"}, {"uid": "7833978", "content": "这波"}, {"uid": "29193009", "content": "师姐这是渡劫失败转鬼修了嘛"}, {"uid": "31147719", "content": "这还是混响吗？？？"}, {"uid": "232931669", "content": "我没了"}, {"uid": "7833978", "content": "斩杀妖魔鬼怪"}, {"uid": "12864846", "content": "这个混响太阴间了hhhhhhh"}, {"uid": "7833978", "content": "白帝圣剑御剑跟着我"}, {"uid": "4577251", "content": "甚至有点好听"}, {"uid": "18343394", "content": "刀来！"}, {"uid": "23015177", "content": "脑子里都是回声"}, {"uid": "31147719", "content": "谢谢大家，已经被送走了"}, {"uid": "7833978", "content": "剑来！！！！"}, {"uid": "29193009", "content": "(\"▔□▔)"}, {"uid": "7833978", "content": "？？？"}, {"uid": "23015177", "content": "草"}, {"uid": "18343394", "content": "更阴间了"}, {"uid": "23015177", "content": "脑瓜子嗡嗡的"}, {"uid": "7833978", "content": "我已经躺好了"}, {"uid": "7833978", "content": "救不了了"}, {"uid": "18343394", "content": "五个黑人来抬的"}, {"uid": "7833978", "content": "没有一个小夜是无辜的"}, {"uid": "18343394", "content": "谢谢已经被送走了"}, {"uid": "18343394", "content": "？？？"}, {"uid": "31147719", "content": "XSWL"}, {"uid": "12864846", "content": "对不起"}, {"uid": "7833978", "content": "不准少打了"}, {"uid": "7833978", "content": "一人一拳"}, {"uid": "7833978", "content": "小夜的建议"}, {"uid": "18343394", "content": "小夜谢罪把"}, {"uid": "12864846", "content": "hhhhhhh"}, {"uid": "7833978", "content": "听到了吧"}, {"uid": "18343394", "content": "回去加班了"}, {"uid": "12864846", "content": "啊？我怎么了"}, {"uid": "4577251", "content": "？？？"}, {"uid": "31147719", "content": "好家伙"}, {"uid": "7833978", "content": "出来吃我一拳"}, {"uid": "23015177", "content": "不必"}, {"uid": "7833978", "content": "小夜"}, {"uid": "23015177", "content": "？？"}, {"uid": "7833978", "content": "怎么越来越怪了"}, {"uid": "7833978", "content": "？？？"}, {"uid": "18343394", "content": "好家伙？？？"}, {"uid": "12864846", "content": "没有罗马音看吗"}, {"uid": "259495440", "content": "c"}, {"uid": "23015177", "content": "好家伙"}, {"uid": "18343394", "content": "好家伙"}, {"uid": "23015177", "content": "？"}, {"uid": "7833978", "content": "游戏启动？"}, {"uid": "31147719", "content": "这个太快了"}, {"uid": "12864846", "content": "也不算老歌"}, {"uid": "4577251", "content": "一边吃雪糕一边看师姐"}, {"uid": "18343394", "content": "在线指导舰长歌回"}, {"uid": "7833978", "content": "仓鼠听到了吧"}, {"uid": "18343394", "content": "好家伙"}, {"uid": "7833978", "content": "???"}, {"uid": "12864846", "content": "画到麻木了"}, {"uid": "7833978", "content": "下班了"}, {"uid": "7833978", "content": " 深吸一口气"}, {"uid": "4577251", "content": "没想到师姐还能画完"}, {"uid": "18343394", "content": "好家伙"}, {"uid": "12864846", "content": "好强"}, {"uid": "4577251", "content": "你画完了"}, {"uid": "7833978", "content": "好家伙"}, {"uid": "7833978", "content": "？？？"}, {"uid": "23015177", "content": "好快"}, {"uid": "23015177", "content": "？"}, {"uid": "325384143", "content": "怀念当当老实老师"}, {"uid": "325384143", "content": "金乘五"}, {"uid": "18343394", "content": "是的谐音梗"}, {"uid": "12864846", "content": "金城武谐音"}, {"uid": "7833978", "content": "金x5"}, {"uid": "325384143", "content": "当时小学，看到9点，作业没写完"}, {"uid": "18343394", "content": "这老师叫金乘五来着"}, {"uid": "325384143", "content": "而且看了好几遍"}, {"uid": "325384143", "content": "我写作业的时候看漫画"}, {"uid": "7833978", "content": "笑死"}, {"uid": "23015177", "content": "他是怎么当上老师的"}, {"uid": "18343394", "content": "我的也是搬家的时候闲麻烦给卖了"}, {"uid": "325384143", "content": "我的被家里人撕"}, {"uid": "23015177", "content": "？？？"}, {"uid": "12864846", "content": "没地方放了"}, {"uid": "18805678", "content": "开幕雷击"}, {"uid": "7833978", "content": "我还留着"}, {"uid": "7833978", "content": "笑死"}, {"uid": "12864846", "content": "哭死"}, {"uid": "12864846", "content": "以前买了阿衰好多漫画被我家里人卖掉了"}, {"uid": "545549120", "content": "那是加班的晓月"}, {"uid": "7833978", "content": "那是加班的晓月"}, {"uid": "23015177", "content": "好家伙、"}, {"uid": "12864846", "content": "恶心心"}, {"uid": "18343394", "content": "好家伙"}, {"uid": "7833978", "content": "空股夺白刃"}, {"uid": "23015177", "content": "哈哈哈哈哈哈哈哈哈哈哈哈"}, {"uid": "18343394", "content": "四瓣"}, {"uid": "7833978", "content": "言寺干什么"}, {"uid": "12864846", "content": "切到老师了hhhhhhhhh"}, {"uid": "4577251", "content": "分腚行动"}, {"uid": "12864846", "content": "笑死"}, {"uid": "7833978", "content": "笑死"}, {"uid": "12864846", "content": "请师姐和可乐"}, {"uid": "545549120", "content": "般配"}, {"uid": "325384143", "content": "分手厨房"}, {"uid": "23015177", "content": "好家伙"}, {"uid": "4577251", "content": "电眼美女"}, {"uid": "7833978", "content": "没收车牌"}, {"uid": "23015177", "content": "哈哈哈哈哈哈哈哈哈哈哈"}, {"uid": "7034608", "content": "。。。"}, {"uid": "483003102", "content": "师姐思路清奇"}, {"uid": "8138686", "content": "来了"}, {"uid": "7833978", "content": "好家伙"}, {"uid": "7833978", "content": "？？？"}, {"uid": "23015177", "content": "他这么一个废人哈哈哈哈哈哈"}, {"uid": "23015177", "content": "哈哈哈哈哈哈哈哈"}, {"uid": "483003102", "content": "前排出售西瓜"}, {"uid": "12864846", "content": "我笑死"}, {"uid": "7833978", "content": "吃瓜吃到我自己"}, {"uid": "597131316", "content": "晚上好"}, {"uid": "12864846", "content": "出口全是成语笑死"}, {"uid": "545549120", "content": "阿衰不考试的时候上知天文下知地理"}, {"uid": "12864846", "content": "阿衰文化水平比我想象中的要好"}, {"uid": "34440189", "content": "师姐不是在赶稿吗"}, {"uid": "545549120", "content": "太监总管笑死"}, {"uid": "12864846", "content": "笑死"}, {"uid": "7833978", "content": "笑死"}, {"uid": "51717454", "content": "标题不是赶稿嘛。"}, {"uid": "12864846", "content": "哈人"}, {"uid": "23015177", "content": "？"}, {"uid": "11610945", "content": "师姐好"}, {"uid": "12864846", "content": "不是画画吗，惊了"}, {"uid": "12864846", "content": "笑死"}, {"uid": "12864846", "content": "师姐我下班了"}, {"uid": "23015177", "content": "？？？？？？？？？"}, {"uid": "23015177", "content": "哈哈哈哈哈哈惨"}, {"uid": "23015177", "content": "臭豆腐文化"}, {"uid": "7833978", "content": "你在说什么啊！"}, {"uid": "232931669", "content": "真准"}, {"uid": "23015177", "content": "哈哈哈哈哈哈哈哈哈"}, {"uid": "4577251", "content": "在吗？半个小时了，还画画吗？"}, {"uid": "18343394", "content": "下班了下班了回见师姐"}, {"uid": "226773352", "content": "龙井不是绿茶吗？怎么做茶叶蛋"}, {"uid": "7833978", "content": "笑死"}, {"uid": "23015177", "content": "大户人家"}, {"uid": "23015177", "content": "好家伙"}, {"uid": "18343394", "content": "笑死"}, {"uid": "18343394", "content": "我有这个集的漫画"}, {"uid": "7833978", "content": "龙井茶叶蛋"}, {"uid": "23015177", "content": "你们记好清楚"}, {"uid": "7833978", "content": "笑死"}, {"uid": "7833978", "content": "金龙鱼"}, {"uid": "18343394", "content": "是的"}, {"uid": "23015177", "content": "我也第一次看"}, {"uid": "7833978", "content": "这是16本的内容吧"}, {"uid": "18343394", "content": "谢谢吐了"}, {"uid": "23015177", "content": "草"}, {"uid": "18343394", "content": "我小时可多阿衰的漫画了"}, {"uid": "7833978", "content": "有的啊"}, {"uid": "18343394", "content": "我看师姐就可以一点都不寂寞"}, {"uid": "7833978", "content": "阿衰"}, {"uid": "23015177", "content": "阿衰原来有动画的吗"}, {"uid": "7833978", "content": "好家伙"}, {"uid": "4577251", "content": "防止我们太寂寞的话就不要画了。。。（泪）"}, {"uid": "23015177", "content": "笑死"}, {"uid": "15874213", "content": "不过说起来，前几个星期的凌晨有不少直播是播猫和老鼠的"}, {"uid": "7833978", "content": "我看我自己"}, {"uid": "220762377", "content": "好家伙"}, {"uid": "18343394", "content": "师姐教我们宫斗是吧"}, {"uid": "220762377", "content": "宫斗剧"}, {"uid": "7833978", "content": "开始宫斗？"}, {"uid": "18343394", "content": "好家伙"}, {"uid": "7833978", "content": "？？？"}, {"uid": "15874213", "content": "好康？是新游戏哦"}, {"uid": "18343394", "content": "大概是想看鲨旋风4"}, {"uid": "7833978", "content": "科有可能是想看海绵宝宝"}, {"uid": "12046530", "content": "师姐晚上好喵~"}, {"uid": "552461", "content": "叫你睡觉可能是想看猫和老鼠了"}, {"uid": "232931669", "content": "不知道啊"}, {"uid": "232931669", "content": "晚上吃饭只能用碟子"}, {"uid": "232931669", "content": "我家的碗突然全部消失了"}, {"uid": "4577251", "content": "下班了"}, {"uid": "226773352", "content": "别挣扎了，快睡觉吧"}, {"uid": "232931669", "content": "晚上好"}, {"uid": "18343394", "content": "那可真是了不得，得赶紧休息一会"}, {"uid": "4577251", "content": "画到哪里了？画完眼睛了吗？"}, {"uid": "4577251", "content": "。。多看点稿子。师姐开心我就满足了。。"}, {"uid": "7833978", "content": "好家伙"}, {"uid": "18343394", "content": "好家伙"}, {"uid": "4577251", "content": "是稿子太好看了吗？"}, {"uid": "18343394", "content": "众"}, {"uid": "18343394", "content": "那个大家好我是一名高质量的成熟人类男性观"}, {"uid": "4577251", "content": "是稿子吗？"}, {"uid": "4577251", "content": "师姐看什么能看到眼睛发光"}, {"uid": "545549120", "content": "顺子"}, {"uid": "18343394", "content": "笑死"}, {"uid": "552461", "content": "不要"}, {"uid": "545549120", "content": "抢地主？"}, {"uid": "18343394", "content": "师姐看到了什么！！！"}, {"uid": "552461", "content": "我们已经成熟的观众了，要学会自己在直播间聊天"}, {"uid": "18343394", "content": "师姐眼睛发光了！！！"}, {"uid": "4577251", "content": "别画了（悲）唱歌吧。。"}, {"uid": "102972934", "content": "有点好奇"}, {"uid": "102972934", "content": "师姐，看看你的稿子呗(･∀･)"}, {"uid": "18343394", "content": "你是个成熟的数位屏了你要学会自己画画"}, {"uid": "545549120", "content": "呜呜呜"}, {"uid": "18343394", "content": "今天只是努力一下(摸鱼)"}, {"uid": "1704410", "content": "今天能见证奇迹吗"}, {"uid": "1704410", "content": "估计没"}, {"uid": "18343394", "content": "还需要开么"}, {"uid": "18343394", "content": "话说大乱斗开了吗"}, {"uid": "40596208", "content": "哦"}, {"uid": "1457515", "content": "大姐頭腫麼了？"}, {"uid": "40596208", "content": "话说是可以向师姐约稿的啊"}, {"uid": "40596208", "content": "师姐晚上好"}, {"uid": "545549120", "content": "(<_<)"}, {"uid": "4577251", "content": "师姐晚上好"}, {"uid": "18343394", "content": "死线奇迹回"}, {"uid": "18343394", "content": "好家伙"}, {"uid": "325384143", "content": "快，天堂，出来打个招呼"}, {"uid": "552461", "content": "晚上好"}, {"uid": "325384143", "content": "晚上好"}, {"uid": "18343394", "content": "晚上好晚上好"}, {"uid": "9055146", "content": "宁刚刚再次点亮了粉丝勋章"}, {"uid": "552461", "content": "(°∀°)ﾉ"}, {"uid": "18343394", "content": "师姐开门阿"}, {"uid": "9055146", "content": "╮(￣▽￣)╭"}, {"uid": "18343394", "content": "？？？"}, {"uid": "282845389", "content": "晚上好"}, {"uid": "1704410", "content": "(°∀°)ﾉ"}, {"uid": "357637145", "content": "打卡"}, {"uid": "325384143", "content": "来了"}, {"uid": "282845389", "content": "\\皮卡皮卡/\\皮卡皮卡/\\皮卡皮卡/"}, {"uid": "12864846", "content": "\\师姐/\\师姐/\\师姐/\\师姐/\\师姐/"}, {"uid": "12864846", "content": "\\师姐/\\师姐/\\师姐/\\师姐/\\师姐/"}, {"uid": "7833978", "content": "\\师姐/\\师姐/\\师姐/\\师姐/\\师姐/"}, {"uid": "18343394", "content": "\\师姐/\\师姐/\\师姐/\\师姐/\\师姐/"}, {"uid": "698355368", "content": "\\师姐/\\师姐/\\师姐/\\师姐/\\师姐/"}, {"uid": "18343394", "content": "\\师姐/\\师姐/\\师姐/\\师姐/\\师姐/"}, {"uid": "7833978", "content": "\\师姐/\\师姐/\\师姐/\\师姐/\\师姐/"}, {"uid": "7833978", "content": "\\师姐/\\师姐/\\师姐/\\师姐/\\师姐/"}, {"uid": "18343394", "content": "\\师姐/\\师姐/\\师姐/\\师姐/\\师姐/"}, {"uid": "232931669", "content": "\\师姐/\\师姐/\\师姐/\\师姐/\\师姐/"}, {"uid": "698355368", "content": "\\师姐/\\师姐/\\师姐/\\师姐/\\师姐/"}, {"uid": "23015177", "content": "\\师姐/\\师姐/\\师姐/\\师姐/\\师姐/"}, {"uid": "282845389", "content": "\\师姐/\\师姐/\\师姐/\\师姐/\\师姐/"}, {"uid": "7833978", "content": "\\师姐/\\师姐/\\师姐/\\师姐/\\师姐/"}, {"uid": "23015177", "content": "\\师姐/\\师姐/\\师姐/\\师姐/\\师姐/"}, {"uid": "7833978", "content": "\\师姐/\\师姐/\\师姐/\\师姐/\\师姐/"}, {"uid": "18343394", "content": "\\师姐/\\师姐/\\师姐/\\师姐/\\师姐/"}, {"uid": "18343394", "content": "\\师姐/\\师姐/\\师姐/\\师姐/\\师姐/"}, {"uid": "698355368", "content": "\\师姐/\\师姐/\\师姐/\\师姐/\\师姐/"}, {"uid": "7833978", "content": "\\漏电姐/\\漏电姐/\\漏电姐/\\漏电姐/"}, {"uid": "545549120", "content": "\\雷震子/\\雷震子/\\雷震子/\\雷震子/"}, {"uid": "18343394", "content": "\\雷震子/\\雷震子/\\雷震子/\\雷震子/"}, {"uid": "18343394", "content": "\\雷震子/\\雷震子/\\雷震子/\\雷震子/"}, {"uid": "23015177", "content": "救救我救救我救救我救救我救救我救救我"}, {"uid": "23015177", "content": "救救我救救我救救我救救我救救我救救我"}, {"uid": "18343394", "content": "\\师姐/\\师姐/\\师姐/\\师姐/\\师姐/"}, {"uid": "12864846", "content": "好听嘿嘿嘿.....好听嘿嘿....好听"}, {"uid": "18343394", "content": "嘿嘿嘿嘿嘿嘿嘿嘿嘿嘿嘿嘿真好听"}, {"uid": "18343394", "content": "嘿嘿嘿嘿嘿嘿嘿嘿嘿嘿嘿嘿嘿嘿嘿嘿嘿嘿"}, {"uid": "18343394", "content": "\\白混沌/\\白混沌/\\白混沌/\\白混沌/"}, {"uid": "18343394", "content": "\\白混沌/\\白混沌/\\白混沌/\\白混沌/"}, {"uid": "18343394", "content": "嘿嘿嘿真好听真好听嘿嘿嘿嘿嘿嘿阿巴阿巴"}, {"uid": "282845389", "content": "\\     /\\    /\\     /"}, {"uid": "23015177", "content": "救救我救救我救救我救救我救救我救救我"}, {"uid": "23015177", "content": "救救我救救我救救我救救我救救我"}]