[{"uid": "471069463", "content": "拜拜"}, {"uid": "453118002", "content": "拜拜"}, {"uid": "552461", "content": "拜拜"}, {"uid": "15469971", "content": "拜拜"}, {"uid": "9119045", "content": "拜拜拜拜"}, {"uid": "23015177", "content": "拜拜"}, {"uid": "698355368", "content": "拜拜"}, {"uid": "12864846", "content": "师姐再见"}, {"uid": "18343394", "content": "拜拜拜拜拜拜拜拜"}, {"uid": "325384143", "content": "拜拜"}, {"uid": "18343394", "content": "该下班了"}, {"uid": "12864846", "content": "比博燃"}, {"uid": "12864846", "content": "我看你是完全不管法鸡哦.jpg"}, {"uid": "18343394", "content": "好家伙"}, {"uid": "18343394", "content": "这是加了滤镜？？"}, {"uid": "698355368", "content": "人在路上走，祸从天上来"}, {"uid": "18343394", "content": "还在试图挣扎"}, {"uid": "18343394", "content": "笑死"}, {"uid": "12864846", "content": "惊了"}, {"uid": "437387251", "content": "hhhh"}, {"uid": "325384143", "content": "西格玛投篮吗"}, {"uid": "18343394", "content": "妙不可言"}, {"uid": "437387251", "content": "wcnb啊"}, {"uid": "18343394", "content": "缘分"}, {"uid": "18343394", "content": "开始了"}, {"uid": "18343394", "content": "笑死"}, {"uid": "18343394", "content": "小夜快学"}, {"uid": "12864846", "content": "好强这个仓鼠球"}, {"uid": "18343394", "content": "好家伙"}, {"uid": "12864846", "content": "惊了这个偷车"}, {"uid": "18343394", "content": "好家伙"}, {"uid": "698355368", "content": "快乐起来了"}, {"uid": "18343394", "content": "笑死"}, {"uid": "23015177", "content": "笑死"}, {"uid": "12864846", "content": "太热血了，然后开了一局10分钟后回来了"}, {"uid": "18343394", "content": "好准恐怖"}, {"uid": "23015177", "content": "队友如果没奶成这样就骂他"}, {"uid": "23015177", "content": "师姐看得叹为观止，并决定"}, {"uid": "18343394", "content": "好家伙"}, {"uid": "36172775", "content": "有缘千里来接针"}, {"uid": "471069463", "content": "emmm"}, {"uid": "7833978", "content": "我先回家"}, {"uid": "7833978", "content": "好家伙"}, {"uid": "18343394", "content": "麦克娜"}, {"uid": "12864846", "content": "安娜鲨疯了"}, {"uid": "5705647", "content": "？？？这是安娜当狗玩？？"}, {"uid": "18343394", "content": "离谱"}, {"uid": "12864846", "content": "好强"}, {"uid": "7833978", "content": "学什么"}, {"uid": "7833978", "content": "？？？"}, {"uid": "18343394", "content": "金毛快更上一层楼"}, {"uid": "18343394", "content": "金毛快学！！！"}, {"uid": "12864846", "content": "努巴尼欢乐 秀"}, {"uid": "18343394", "content": "好家伙"}, {"uid": "12864846", "content": "笑死"}, {"uid": "18343394", "content": "好家伙"}, {"uid": "12864846", "content": "惊了这个钩"}, {"uid": "18343394", "content": "好家伙"}, {"uid": "545549120", "content": "什么"}, {"uid": "18343394", "content": "笑死"}, {"uid": "36172775", "content": "欢乐秀还是没那么合口味"}, {"uid": "18343394", "content": "好家伙"}, {"uid": "18343394", "content": "好家伙"}, {"uid": "18343394", "content": "真就没有视力"}, {"uid": "18343394", "content": "好家伙"}, {"uid": "18343394", "content": "笑死"}, {"uid": "18343394", "content": "红红火火恍恍惚惚或"}, {"uid": "698355368", "content": "hhh"}, {"uid": "18343394", "content": "笑死"}, {"uid": "18343394", "content": "？？？"}, {"uid": "698355368", "content": "好家伙"}, {"uid": "18343394", "content": "好家伙"}, {"uid": "325384143", "content": "存起来下次用也一样"}, {"uid": "7833978", "content": "可恶啊"}, {"uid": "7833978", "content": "献祭晚了"}, {"uid": "5705647", "content": "光荣下播"}, {"uid": "7833978", "content": "献祭一个仓鼠"}, {"uid": "18343394", "content": "笑死"}, {"uid": "18343394", "content": "被伤到了"}, {"uid": "18343394", "content": "地追"}, {"uid": "18343394", "content": "甚至还赢了"}, {"uid": "18343394", "content": "笑死"}, {"uid": "18343394", "content": "离谱1就"}, {"uid": "18343394", "content": "还有打不过就炸房的"}, {"uid": "18343394", "content": "确实"}, {"uid": "18343394", "content": "好家伙"}, {"uid": "18343394", "content": "笑死"}, {"uid": "18343394", "content": "让你捏到过年"}, {"uid": "18343394", "content": "笑死"}, {"uid": "18343394", "content": "笑死防御降临"}, {"uid": "18343394", "content": "笑死"}, {"uid": "1704410", "content": "黑听了一会画质这么拉了？"}, {"uid": "12864846", "content": "对面黑百合狙麻了"}, {"uid": "12864846", "content": "好机车诶"}, {"uid": "18343394", "content": "有奶就不错了还要什么自行车"}, {"uid": "7833978", "content": "这源氏笑死了"}, {"uid": "18343394", "content": "笑死天使都蓝线牵你了"}, {"uid": "5705647", "content": "经典莫姨当狗玩"}, {"uid": "18343394", "content": "喝点茶吧"}, {"uid": "12864846", "content": "跨时空对话"}, {"uid": "18343394", "content": "虚空对话"}, {"uid": "18343394", "content": "笑死"}, {"uid": "12864846", "content": "源氏好强"}, {"uid": "545549120", "content": "（￣へ￣）"}, {"uid": "18343394", "content": "笑死"}, {"uid": "18343394", "content": "笑死"}, {"uid": "18343394", "content": "你睡你的我打我的我回头看你一眼算我输"}, {"uid": "18343394", "content": "我甚至都不打你激素了"}, {"uid": "18343394", "content": "我怎么可能演你"}, {"uid": "76745726", "content": "师姐再见"}, {"uid": "76745726", "content": "溜了啊"}, {"uid": "7833978", "content": "我怀疑仓鼠在演我"}, {"uid": "18343394", "content": "你不会玩的快乐"}, {"uid": "18343394", "content": "开心打游戏就值辣笑死"}, {"uid": "12864846", "content": "未知的快乐"}, {"uid": "12864846", "content": "笑死"}, {"uid": "471069463", "content": "hhh"}, {"uid": "7833978", "content": "我先把仓鼠鲨了再来解释这个问题"}, {"uid": "76745726", "content": "gdx还有别的意思吗"}, {"uid": "76745726", "content": "搞对象"}, {"uid": "12864846", "content": "师姐好强"}, {"uid": "7833978", "content": "我直接打星号"}, {"uid": "12864846", "content": "hhhhhhhhhhh"}, {"uid": "294163039", "content": "师姐晚上好"}, {"uid": "18343394", "content": "金毛gdx"}, {"uid": "18343394", "content": "笑死"}, {"uid": "12864846", "content": "我见过打字全是星号的，我甚至想知道说什么"}, {"uid": "36172775", "content": "该杀他了"}, {"uid": "76745726", "content": "儒雅随和"}, {"uid": "76745726", "content": "和我一样瑞亚随和"}, {"uid": "325384143", "content": "就开始学阴阳怪气了"}, {"uid": "471069463", "content": "金毛你开麦啊"}, {"uid": "325384143", "content": "我初中是感觉说脏话好不文明"}, {"uid": "7833978", "content": "开麦你就得死了"}, {"uid": "18343394", "content": "gdx不是吗"}, {"uid": "1704410", "content": "金毛你开麦啊"}, {"uid": "7833978", "content": "打字我还能控制"}, {"uid": "18343394", "content": "那金毛你开麦啊啊"}, {"uid": "12864846", "content": "金毛金牌打字员"}, {"uid": "18343394", "content": "也就是脱口wc罢了"}, {"uid": "7833978", "content": "笑死"}, {"uid": "471069463", "content": "hhhh"}, {"uid": "7833978", "content": "我骂人超猛的"}, {"uid": "12864846", "content": "hhhhhhh"}, {"uid": "18343394", "content": "真的脏话也不太多吧"}, {"uid": "7833978", "content": "笑死"}, {"uid": "325384143", "content": "阴阳怪气倒是学起来了"}, {"uid": "325384143", "content": "我到现在脏话没学多少"}, {"uid": "5705647", "content": "奶妈呢奶妈呢救一下"}, {"uid": "18343394", "content": "笑死"}, {"uid": "471069463", "content": "不过后面自己基本不会说脏话"}, {"uid": "7833978", "content": "黑恶势力？"}, {"uid": "471069463", "content": "学了脏话"}, {"uid": "12864846", "content": "笑死"}, {"uid": "471069463", "content": "我也有过，很小的时候，还在学说话，学了."}, {"uid": "471069463", "content": "hhh"}, {"uid": "12864846", "content": "小时候学了一句粗口被妈妈打了"}, {"uid": "9119045", "content": "/mute all"}, {"uid": "471069463", "content": "直接不玩了，不过如果是朋友骂的话就很心累"}, {"uid": "12864846", "content": "长这么大都很少骂人的"}, {"uid": "22810727", "content": "吃鸡找固定队友在低端局乱玩倒是挺有意思的"}, {"uid": "12864846", "content": "我都听不下去了"}, {"uid": "7833978", "content": "视频看多了吧"}, {"uid": "12864846", "content": "脏字"}, {"uid": "12864846", "content": "有些小孩子骂人也好夸张的，全是那种离谱的"}, {"uid": "36172775", "content": "奶兵76，唯一指定奶妈"}, {"uid": "12864846", "content": "太可怕了"}, {"uid": "18343394", "content": "移动回血站"}, {"uid": "18343394", "content": "笑死"}, {"uid": "18343394", "content": "下次就不会在玩了"}, {"uid": "12864846", "content": "游戏玩家一多什么成分都有的"}, {"uid": "698355368", "content": "这种人开口就已经没了马了"}, {"uid": "18343394", "content": "想想还是ow好玩"}, {"uid": "12864846", "content": "好讨厌这种的，有一些直接就开门见马了"}, {"uid": "471069463", "content": "不是朋友骂你www"}, {"uid": "18343394", "content": "这种是真离谱"}, {"uid": "325384143", "content": "师姐可以换个区"}, {"uid": "9119045", "content": "离谱"}, {"uid": "471069463", "content": "好家伙，王者氛围不行"}, {"uid": "18343394", "content": "确实"}, {"uid": "325384143", "content": "貂蝉一件血书其他全肉就好"}, {"uid": "18343394", "content": "那还玩什么"}, {"uid": "698355368", "content": "这种很恶心的"}, {"uid": "18343394", "content": "离谱"}, {"uid": "12864846", "content": "好讨厌这种的"}, {"uid": "471069463", "content": "好家伙"}, {"uid": "12864846", "content": "野王giegie"}, {"uid": "18343394", "content": "好家伙"}, {"uid": "471069463", "content": "是的"}, {"uid": "36172775", "content": "不如看看努巴尼找回下这个游戏的快乐"}, {"uid": "12864846", "content": "师姐没血一下就锁住了"}, {"uid": "18343394", "content": "好家伙"}, {"uid": "12864846", "content": "南方的蟑螂吗"}, {"uid": "12864846", "content": "岛田蟑螂hhhhhhh"}, {"uid": "38184044", "content": "互相ob 以示敬意"}, {"uid": "12864846", "content": "我笑死对面铁拳和这几个人打了半天了"}, {"uid": "12864846", "content": "所有的努力全部木大"}, {"uid": "12864846", "content": "笑死"}, {"uid": "8784032", "content": "当奶救不了守望先锋！"}, {"uid": "38184044", "content": "奶妈 可以打死敌人.jpg"}, {"uid": "698355368", "content": "师姐：奶妈拯救不了队友"}, {"uid": "76745726", "content": "说完她就被狂鼠打死了"}, {"uid": "36172775", "content": "中文语音就是原语音的翻译版吧"}, {"uid": "471069463", "content": "我回来了"}, {"uid": "12864846", "content": "丈育了"}, {"uid": "12864846", "content": "我听了仓鼠说了介是嘛旋律我才知道是中文"}, {"uid": "12864846", "content": "我以为是英文"}, {"uid": "9119045", "content": "点进直播间就是一局EZWIN"}, {"uid": "12864846", "content": "我玩的时候我其实没听懂西格玛大招在说什么"}, {"uid": "76745726", "content": "这个堡垒坐着了"}, {"uid": "18343394", "content": "好家伙"}, {"uid": "12864846", "content": "介是嘛旋律"}, {"uid": "9119045", "content": "晚上好"}, {"uid": "545549120", "content": "我笑了"}, {"uid": "18343394", "content": "笑死"}, {"uid": "8784032", "content": "狂暴补师白师姐"}, {"uid": "12864846", "content": "队友打字质疑C位"}, {"uid": "7833978", "content": "堡垒睡得很安详"}, {"uid": "12864846", "content": "我笑死，被反弹回来了睡针"}, {"uid": "18343394", "content": "笑死"}, {"uid": "8784032", "content": "还说你不是魔修"}, {"uid": "8784032", "content": "召唤来外神了"}, {"uid": "18343394", "content": "喝可乐"}, {"uid": "12864846", "content": "喝奶茶！"}, {"uid": "616737", "content": "铁拳没码哈哈哈哈哈哈哈哈哈"}, {"uid": "12864846", "content": "笑死"}, {"uid": "18343394", "content": "笑死"}, {"uid": "616737", "content": "牛蛙"}, {"uid": "616737", "content": "好睡"}, {"uid": "12864846", "content": "安娜可是妈妈"}, {"uid": "8784032", "content": "安娜是奶奶？"}, {"uid": "616737", "content": "坐等下局 铁拳：狙谁呢妹妹？"}, {"uid": "8784032", "content": "把对面都杀了就可以安心的奶了"}, {"uid": "8784032", "content": "还好我还没奶到可还行"}, {"uid": "7833978", "content": "安娜偷偷嘬一口激素不过分吧"}, {"uid": "12864846", "content": "源氏是怎么摔下去的"}, {"uid": "8784032", "content": "您好 可以不在别人技能下奶人吗"}, {"uid": "36172775", "content": "核弹降临到我身边"}, {"uid": "2737171", "content": "笑死"}, {"uid": "18343394", "content": "回头一个硬霸"}, {"uid": "18343394", "content": "笑死"}, {"uid": "12864846", "content": "师姐！！！！"}, {"uid": "7833978", "content": "加班吧"}, {"uid": "616737", "content": "出去一看路霸奶量金【"}, {"uid": "7833978", "content": "晓月别喂经验卡了"}, {"uid": "12864846", "content": "笑死"}, {"uid": "18343394", "content": "笑死"}, {"uid": "545549120", "content": "谁准备好了 我准备好了"}, {"uid": "7833978", "content": "枪抖术"}, {"uid": "7833978", "content": "这就是"}, {"uid": "12864846", "content": "笑死"}, {"uid": "7833978", "content": "唱的越抖输出越狠"}, {"uid": "12864846", "content": "hhhhhhh"}, {"uid": "12864846", "content": "ow帕瓦罗蒂"}, {"uid": "12211886", "content": "来了"}, {"uid": "7833978", "content": "抖起来了"}, {"uid": "18343394", "content": "你也是迪士尼公主？动不动就唱歌？"}, {"uid": "8784032", "content": "惊出美声"}, {"uid": "12864846", "content": "顶级美声"}, {"uid": "325384143", "content": "抽到的"}, {"uid": "12864846", "content": "ow帕瓦罗蒂"}, {"uid": "7833978", "content": "高起来了"}, {"uid": "616737", "content": "hhhh"}, {"uid": "18058907", "content": "超"}, {"uid": "18343394", "content": "笑死"}, {"uid": "325384143", "content": "我安娜只有一个戴防毒面具的那个，好丑"}, {"uid": "12864846", "content": "安娜妈妈夏日那个"}, {"uid": "7833978", "content": "一听就是老死神了"}, {"uid": "23015177", "content": "没有金毛我不玩"}, {"uid": "18343394", "content": "笑死"}, {"uid": "12864846", "content": "呜呜呜"}, {"uid": "7833978", "content": "笑死"}, {"uid": "12864846", "content": "这个皮肤好看，我一直没抽到"}, {"uid": "18343394", "content": "笑死"}, {"uid": "18343394", "content": "那是炮台长腿开始跑了"}, {"uid": "36172775", "content": "玩玩英雄对决吗，很刺激的喔"}, {"uid": "12864846", "content": "hhhhhhhh"}, {"uid": "7833978", "content": "托比昂长高了 站起来了"}, {"uid": "12864846", "content": "笑死"}, {"uid": "18343394", "content": "学医救不了队友"}, {"uid": "12864846", "content": "死啦死啦地"}, {"uid": "8784032", "content": "师姐"}, {"uid": "12864846", "content": "师姐不玩别的模式拿箱子吗"}, {"uid": "545549120", "content": "妈咪！"}, {"uid": "8784032", "content": "师姐！"}, {"uid": "12864846", "content": "开口就是大佐级的了笑死"}, {"uid": "18343394", "content": "笑死"}, {"uid": "36172775", "content": "久违的ow"}, {"uid": "7833978", "content": "一来就听到   芜湖~"}, {"uid": "7833978", "content": "笑死"}, {"uid": "12864846", "content": "我看你是完全不切法鸡哦.jpg"}, {"uid": "12864846", "content": "长枪的作用"}, {"uid": "698355368", "content": "笑死"}, {"uid": "12864846", "content": "hhhhhhhhh"}, {"uid": "12864846", "content": "这个emjoy表情笑死"}, {"uid": "18343394", "content": "猪猪紫菜把"}, {"uid": "12864846", "content": "猪猪红烧了吧（笑）"}, {"uid": "545549120", "content": "不许献祭"}, {"uid": "12864846", "content": "笑死"}, {"uid": "12864846", "content": "天使切一下法鸡！！！"}, {"uid": "18343394", "content": "还是五个串在一起的"}, {"uid": "18343394", "content": "我路上看到了小风车"}, {"uid": "12864846", "content": "鲍勃hhhhhhh"}, {"uid": "5684520", "content": "闪 雷公助我"}, {"uid": "12864846", "content": "甚至一个人没砍到笑死"}, {"uid": "4394876", "content": "摸鱼一时爽，一直摸鱼一直爽"}, {"uid": "12864846", "content": "拔剑四顾心茫然"}, {"uid": "4394876", "content": "师姐晚上好"}, {"uid": "5684520", "content": "我来做任务啦"}, {"uid": "12864846", "content": "hhhhhhh太草了"}, {"uid": "5684520", "content": "师姐晚上好"}, {"uid": "18343394", "content": "高情商师姐的天使有76的输出水平"}, {"uid": "18343394", "content": "低情商76的输出好水"}, {"uid": "18343394", "content": "笑死队友根本看不到"}, {"uid": "12864846", "content": "笑死"}, {"uid": "15469971", "content": "摔死的都是会飞的"}, {"uid": "40825865", "content": "天使被地形杀了"}, {"uid": "12864846", "content": "刚好队友不在飞不上去"}, {"uid": "12864846", "content": "师姐！！！！"}, {"uid": "23015177", "content": "太恐怖了"}, {"uid": "15469971", "content": "不要卷"}, {"uid": "12864846", "content": "这就是高产太太吗"}, {"uid": "12864846", "content": "可怕"}, {"uid": "471069463", "content": "去吃饭啦，bye"}, {"uid": "7355011", "content": "日常打卡(〜￣△￣)〜"}, {"uid": "108360811", "content": "答：师姐：开播了"}, {"uid": "108360811", "content": "问：师姐都这么叫宠物"}, {"uid": "18058907", "content": "对面跑了"}, {"uid": "12864846", "content": "回来了师姐"}, {"uid": "73366855", "content": "惨"}, {"uid": "18343394", "content": "下班了下班了黑听开始"}, {"uid": "325384143", "content": "师姐叫宠物过来都是嘶吼这喊名字的"}, {"uid": "108360811", "content": "然后我就进来了"}, {"uid": "545549120", "content": "师姐：开播了"}, {"uid": "108360811", "content": "师姐：开播了"}, {"uid": "18343394", "content": "好家伙你在暗示什么"}, {"uid": "73366855", "content": "以后宠物以为自己叫过来"}, {"uid": "1704410", "content": "握草"}, {"uid": "325384143", "content": "直接嘶吼喊名字"}, {"uid": "18343394", "content": "握草"}, {"uid": "18343394", "content": "握草"}, {"uid": "18343394", "content": "还是要感冒了"}, {"uid": "18343394", "content": "这不得喝口茶润润"}, {"uid": "18343394", "content": "笑死"}, {"uid": "23015177", "content": "那师姐不是能赢到退游？"}, {"uid": "18343394", "content": "笑死"}, {"uid": "524947577", "content": "打卡"}, {"uid": "73366855", "content": "印度走位"}, {"uid": "23015177", "content": "原来下饭是因为d的女人太多"}, {"uid": "18343394", "content": "小房间里的猪"}, {"uid": "96050525", "content": "感谢师姐"}, {"uid": "18343394", "content": "好家伙恐怖游戏"}, {"uid": "1859653", "content": "好了，又没完全好"}, {"uid": "18343394", "content": "笑死"}, {"uid": "96050525", "content": "师姐，这什么游戏？"}, {"uid": "18058907", "content": "好了"}, {"uid": "18343394", "content": "好了"}, {"uid": "1704410", "content": "现在超流畅"}, {"uid": "1859653", "content": "怕什么铁拳"}, {"uid": "1704410", "content": "一开团就卡"}, {"uid": "471069463", "content": "我也卡了。。？"}, {"uid": "1859653", "content": "你可是巴西拳皇"}, {"uid": "23788930", "content": "？？？？"}, {"uid": "18343394", "content": "炸房？"}, {"uid": "23788930", "content": "超卡"}, {"uid": "7833978", "content": "我以为是我卡了"}, {"uid": "325384143", "content": "逐帧动画"}, {"uid": "1704410", "content": "我掉帧了？"}, {"uid": "18343394", "content": "突然好卡"}, {"uid": "23788930", "content": "+1"}, {"uid": "18058907", "content": "突然卡了起来"}, {"uid": "7833978", "content": "上"}, {"uid": "7833978", "content": "还有可能是在鲨你的路人"}, {"uid": "1704410", "content": "不用，我马上回来下饭"}, {"uid": "18343394", "content": "金毛不是在吃饭就是在吃饭的路上"}, {"uid": "1704410", "content": "我去称晚饭"}, {"uid": "18058907", "content": "下饭"}, {"uid": "7833978", "content": "好家伙"}, {"uid": "7833978", "content": "又吃饭？？"}, {"uid": "552461", "content": "挺想看决赛会卷成什么样"}, {"uid": "7833978", "content": "？？？"}, {"uid": "18343394", "content": "好家伙"}, {"uid": "437891653", "content": "师姐强啊！"}, {"uid": "18343394", "content": "鲨了他们把"}, {"uid": "7833978", "content": "吃饭了"}, {"uid": "7833978", "content": "笑死"}, {"uid": "552461", "content": "笑死"}, {"uid": "18343394", "content": "好家伙"}, {"uid": "18343394", "content": "笑死"}, {"uid": "1704410", "content": "这么快没了！"}, {"uid": "18058907", "content": "第一把就这么结束了"}, {"uid": "18343394", "content": "妄图睡队友"}, {"uid": "18343394", "content": "笑死"}, {"uid": "7833978", "content": "光速占点"}, {"uid": "12864846", "content": "操作逐渐下饭hhhhhhh"}, {"uid": "67843445", "content": "！"}, {"uid": "18058907", "content": "这个源氏开局暴毙好家伙"}, {"uid": "12864846", "content": "笑死源氏被打掉了"}, {"uid": "1704410", "content": "瞬间死一个"}, {"uid": "18343394", "content": "笑死"}, {"uid": "18343394", "content": "好耶！！！！！"}, {"uid": "12864846", "content": "美人！！！！"}, {"uid": "437891653", "content": "师姐强啊！"}, {"uid": "18343394", "content": "好好看看师姐的睡针是这么被打醒的阿"}, {"uid": "311511865", "content": "唉？你是谁啊？土味师姐去哪了"}, {"uid": "34836755", "content": "做任务顺便diss天堂"}, {"uid": "8138686", "content": "好好看师姐单排啊"}, {"uid": "18343394", "content": "笑死"}, {"uid": "23788930", "content": "把天堂送回老家.jpg"}, {"uid": "8138686", "content": "？"}, {"uid": "2045342061", "content": "我入群给各位看"}, {"uid": "18058907", "content": "好家伙"}, {"uid": "18058907", "content": "？"}, {"uid": "2045342061", "content": "各位要不要看看我拼好00高达"}, {"uid": "2737171", "content": "直接社死"}, {"uid": "12864846", "content": "笑死"}, {"uid": "2737171", "content": "笑死"}, {"uid": "12864846", "content": "那个1800的手办吗"}, {"uid": "2045342061", "content": "给他送百变小樱手办，姐姐你知不知道"}, {"uid": "12864846", "content": "但凡你不小心在海底捞说了一句生日快乐"}, {"uid": "34836755", "content": "我就在吃海底捞"}, {"uid": "34836755", "content": "好家伙"}, {"uid": "12864846", "content": "海底捞的社死生日祝福"}, {"uid": "471069463", "content": "hhh"}, {"uid": "1704410", "content": "天堂就该在天堂啊"}, {"uid": "12864846", "content": "hhhhhhhh"}, {"uid": "2737171", "content": "？？？"}, {"uid": "23015177", "content": "给他海底捞的待遇"}, {"uid": "23015177", "content": "就当今天天堂生日吧"}, {"uid": "12864846", "content": "忌日快乐笑死，好像是有这个电影的"}, {"uid": "8138686", "content": "再见了 民那 我穿越去度仙门了"}, {"uid": "4577251", "content": "怎么匹配不到大乱斗了"}, {"uid": "23788930", "content": "复读机吓到开口说话"}, {"uid": "2175498", "content": "笑死 忌日快乐（）"}, {"uid": "552461", "content": "择日不如撞日，就今天办了吧"}, {"uid": "108360811", "content": "师姐晚上好"}, {"uid": "471069463", "content": "笑死"}, {"uid": "8138686", "content": "(°∀°)ﾉ"}, {"uid": "23015177", "content": "笑死"}, {"uid": "1704410", "content": "送天堂走吧"}, {"uid": "18343394", "content": "送天堂到天堂"}, {"uid": "23788930", "content": "开张可还行.."}, {"uid": "7833978", "content": "天堂吓到说话"}, {"uid": "8138686", "content": "师姐差点帮我预定了忌日"}, {"uid": "18343394", "content": "笑死"}, {"uid": "12864846", "content": "开张笑死hhhhhh"}, {"uid": "18343394", "content": "天堂不就是复读机嘛"}, {"uid": "552461", "content": "天堂居然不是黑听"}, {"uid": "23015177", "content": "复读机生日"}, {"uid": "471069463", "content": "hhh"}, {"uid": "8138686", "content": "不是我生日"}, {"uid": "8138686", "content": "复读机生日"}, {"uid": "2737171", "content": "天堂居然不是黑听？"}, {"uid": "18343394", "content": "天堂不黑听了"}, {"uid": "7833978", "content": "暑假了，你还不能休息啊晓月"}, {"uid": "18343394", "content": "震惊"}, {"uid": "2737171", "content": "对吼，暑假了"}, {"uid": "8138686", "content": "真当我是黑听的啊"}, {"uid": "8138686", "content": "滚"}, {"uid": "18343394", "content": "祝天堂生日快乐把笑死"}, {"uid": "12864846", "content": "笑死"}, {"uid": "7833978", "content": "早上去小夜的店里，反复折磨小夜"}, {"uid": "12864846", "content": "在商城里面的"}, {"uid": "7833978", "content": "好家伙"}, {"uid": "12864846", "content": "很多人，暑假到了好多人来的"}, {"uid": "12864846", "content": "会累死的"}, {"uid": "2737171", "content": "笑死"}, {"uid": "1704410", "content": "我来做任务了^v^"}, {"uid": "7833978", "content": "？？？"}, {"uid": "76745726", "content": "笑死"}, {"uid": "18343394", "content": "呜呜呜金毛要自己赚狗粮了"}, {"uid": "2175498", "content": "摸金毛吧（"}, {"uid": "7833978", "content": "？？？"}, {"uid": "12864846", "content": "笑死"}, {"uid": "7833978", "content": "摸了吧"}, {"uid": "2737171", "content": "晚上好"}, {"uid": "7833978", "content": "上什么班"}, {"uid": "76745726", "content": "每天50块钱啊"}, {"uid": "12864846", "content": "店里搞活动"}, {"uid": "2737171", "content": "来了来了"}, {"uid": "18343394", "content": "今天能到70"}, {"uid": "12864846", "content": "下个星期要上6天早班，要死了"}, {"uid": "7833978", "content": "你们怎么这么快"}, {"uid": "7833978", "content": "好家伙"}, {"uid": "76745726", "content": "100还远吗"}, {"uid": "76745726", "content": "49级了"}, {"uid": "12864846", "content": "不清楚"}, {"uid": "2175498", "content": "不知道（"}, {"uid": "23788930", "content": "所以说这个大乱斗到底干啥的.."}, {"uid": "4577251", "content": "笑死，我是全自动大乱斗提醒机器人"}, {"uid": "552461", "content": "笑死"}, {"uid": "4577251", "content": "大乱斗吗师姐"}, {"uid": "18343394", "content": "ow启动！"}, {"uid": "12864846", "content": "笑死"}, {"uid": "18343394", "content": "笑死"}, {"uid": "7833978", "content": "笑死"}, {"uid": "545549120", "content": "笑死"}, {"uid": "8138686", "content": "笑死"}, {"uid": "4577251", "content": "晚上好"}, {"uid": "76745726", "content": "晚上好啊"}, {"uid": "552461", "content": "晚上好"}, {"uid": "18343394", "content": "哦哦哦师姐晚上好"}, {"uid": "12864846", "content": "晚上好师姐"}, {"uid": "471069463", "content": "师姐晚上好"}, {"uid": "76745726", "content": "开门了"}, {"uid": "7833978", "content": "等会就把你鲨了"}, {"uid": "18343394", "content": "师姐开门阿"}, {"uid": "18343394", "content": "呜呜呜师姐我的师姐呜呜呜"}, {"uid": "76745726", "content": "早"}, {"uid": "552461", "content": "来了来了"}, {"uid": "545549120", "content": "采野花的屑师姐"}, {"uid": "36329344", "content": "采野花的屑师姐"}, {"uid": "4577251", "content": "来了来了"}, {"uid": "36329344", "content": "？？？"}, {"uid": "36329344", "content": "来了"}, {"uid": "76745726", "content": "早"}, {"uid": "471069463", "content": "？你们什么时候刷礼物了吗"}, {"uid": "282845389", "content": "晚上好"}, {"uid": "8138686", "content": "师姐晚上好"}, {"uid": "545549120", "content": "1111"}, {"uid": "471069463", "content": "1111"}]