[{"uid": "8138686", "content": "筛糠草"}, {"uid": "8138686", "content": "笑死"}, {"uid": "8138686", "content": "草"}, {"uid": "8138686", "content": "无念 我要杀了你！"}, {"uid": "8138686", "content": "笑死 前菜已经拉满了"}, {"uid": "8138686", "content": "hhhhhhhhhhhhh"}, {"uid": "8138686", "content": "笑死"}, {"uid": "39503333", "content": "挺可爱的，虽然有点怪"}, {"uid": "398928249", "content": "白妈妈，我想看师妹们！"}, {"uid": "398928249", "content": "这是推销自己啊？"}, {"uid": "398928249", "content": "白妈妈，你啥时候口吃了"}, {"uid": "15874213", "content": "看水无月吧"}, {"uid": "325384143", "content": "拜拜"}, {"uid": "96752149", "content": "掰掰(°∀°)ﾉ"}, {"uid": "4577251", "content": "师姐拜拜"}, {"uid": "220762377", "content": "拜拜"}, {"uid": "8138686", "content": "拜拜"}, {"uid": "471069463", "content": "拜拜"}, {"uid": "698355368", "content": "拜拜"}, {"uid": "95297039", "content": "拜拜"}, {"uid": "18343394", "content": "拜拜"}, {"uid": "2737171", "content": "拜拜"}, {"uid": "12864846", "content": "师姐拜拜"}, {"uid": "399811804", "content": "拜拜捏"}, {"uid": "18343394", "content": "拜拜拜拜"}, {"uid": "18343394", "content": "笑死"}, {"uid": "18343394", "content": "还有师姐"}, {"uid": "552461", "content": "拜拜"}, {"uid": "2737171", "content": "胡说八道还是得看我们大师姐"}, {"uid": "8138686", "content": "刀擦亮了"}, {"uid": "18343394", "content": "我不是我没有"}, {"uid": "15874213", "content": "拍打肚皮？"}, {"uid": "8138686", "content": "后台猖狂草"}, {"uid": "552461", "content": "论胡说八道还是师姐比较强"}, {"uid": "8138686", "content": " 论胡说八道还是师姐比较强"}, {"uid": "552461", "content": "白怜说"}, {"uid": "4577251", "content": "在舰长群有发"}, {"uid": "12864846", "content": "论胡说八道还是师姐比较强"}, {"uid": "399811804", "content": "《白经》"}, {"uid": "8138686", "content": "无念死（无慈悲"}, {"uid": "8138686", "content": "草"}, {"uid": "18343394", "content": "论胡说八道还是师姐比较强"}, {"uid": "8138686", "content": "论胡说八道还是师姐比较强"}, {"uid": "17376964", "content": "论胡说八道还是师姐比较强"}, {"uid": "4577251", "content": "有的，甚至还有这个的输入法"}, {"uid": "15874213", "content": "大家能在书群里发给我吗"}, {"uid": "18343394", "content": "笑死"}, {"uid": "8138686", "content": "无念：我承受了太多太多"}, {"uid": "15874213", "content": "我想要右下角的这个"}, {"uid": "471069463", "content": "无念hhh"}, {"uid": "2737171", "content": "一本正经的胡说八道"}, {"uid": "4577251", "content": "蚌住了！！（感动）"}, {"uid": "325384143", "content": "我谢谢你"}, {"uid": "552461", "content": "蚌埠住了"}, {"uid": "12864846", "content": "我也蚌埠住了哈哈哈哈哈哈哈"}, {"uid": "8138686", "content": "蚌埠住了hhhhh"}, {"uid": "471069463", "content": "晓月hhh"}, {"uid": "4577251", "content": "是另外几个参赛选手做的PPT！"}, {"uid": "18343394", "content": "泪目"}, {"uid": "15874213", "content": "ppt"}, {"uid": "325384143", "content": "泪目"}, {"uid": "552461", "content": "笑死"}, {"uid": "15874213", "content": "什么内容的ptt都行吗"}, {"uid": "8138686", "content": "泪目"}, {"uid": "471069463", "content": "笑死"}, {"uid": "4577251", "content": "在讲之前根本不知道你会抽到谁做的什么东西"}, {"uid": "12864846", "content": "笑死"}, {"uid": "18343394", "content": "笑死"}, {"uid": "15874213", "content": "这都能盲盒？"}, {"uid": "89283862", "content": "今天亏了感觉末班车都没赶上"}, {"uid": "15874213", "content": "？"}, {"uid": "4577251", "content": "是PPT抽奖盲盒"}, {"uid": "95297039", "content": "送走，黑人抬棺套餐四位！"}, {"uid": "454061005", "content": "舰长走好！"}, {"uid": "15874213", "content": "话说这个活动是做什么的"}, {"uid": "12864846", "content": "哈哈哈哈哈哈哈我笑麻了"}, {"uid": "95297039", "content": "好应景2333"}, {"uid": "454061005", "content": "难忘今宵呵呵哈哈"}, {"uid": "325384143", "content": "再见了妈妈，今晚我就要远航"}, {"uid": "8138686", "content": "笑死hhhhhhh"}, {"uid": "325384143", "content": "师姐来首《月亮船》"}, {"uid": "545549120", "content": "老板糊涂啊"}, {"uid": "325384143", "content": "月亮船"}, {"uid": "15874213", "content": "确实"}, {"uid": "8138686", "content": "老板糊涂笑死"}, {"uid": "12864846", "content": "难忘今宵"}, {"uid": "12864846", "content": "hhhhhhhhh笑死了"}, {"uid": "17376964", "content": "老板糊涂啊"}, {"uid": "18343394", "content": "笑死"}, {"uid": "6038210", "content": "（￣▽￣）"}, {"uid": "698355368", "content": "笑死了"}, {"uid": "2737171", "content": "笑死"}, {"uid": "18343394", "content": "笑死"}, {"uid": "4577251", "content": "笑喷了"}, {"uid": "12864846", "content": "hhhhh"}, {"uid": "8138686", "content": "hhhhhhh"}, {"uid": "8138686", "content": "？？？"}, {"uid": "552461", "content": "用意大利语唱吧"}, {"uid": "399811804", "content": "坏事"}, {"uid": "552461", "content": "？？？"}, {"uid": "698355368", "content": "好活"}, {"uid": "399811804", "content": "草"}, {"uid": "18343394", "content": "笑死"}, {"uid": "12864846", "content": "hhhhhhhhh"}, {"uid": "12864846", "content": "开头笑到结尾"}, {"uid": "325384143", "content": "下次人类一败涂地，我要把仓鼠抓住不放"}, {"uid": "8138686", "content": "笑死hhhhhh"}, {"uid": "12864846", "content": "笑死，全是笑点"}, {"uid": "2737171", "content": "社死回（划掉）你死我活回"}, {"uid": "18343394", "content": "很应景"}, {"uid": "18343394", "content": "来一首朋友再见"}, {"uid": "4577251", "content": "结仇回笑死"}, {"uid": "12864846", "content": "今天是舰长结仇回"}, {"uid": "18343394", "content": "鲨"}, {"uid": "18343394", "content": "无念被被天堂追啥"}, {"uid": "8138686", "content": "次元遁术 3w灵石一本 过了这村就没了这店"}, {"uid": "12864846", "content": "笑死"}, {"uid": "4577251", "content": "不要想不开阿"}, {"uid": "552461", "content": "仓鼠必被无念追杀"}, {"uid": "18343394", "content": "笑死"}, {"uid": "1704410", "content": "降智"}, {"uid": "8138686", "content": "摄魂魔音"}, {"uid": "8138686", "content": "仓鼠退群吧"}, {"uid": "12864846", "content": "笑死，都是南桐"}, {"uid": "95297039", "content": "笑死"}, {"uid": "95297039", "content": "仓鼠：不要南通"}, {"uid": "2737171", "content": "你就是最大的南桐"}, {"uid": "552461", "content": "仓鼠退群把"}, {"uid": "2737171", "content": "笑死"}, {"uid": "399811804", "content": "师姐摇"}, {"uid": "12864846", "content": "笑死了"}, {"uid": "8138686", "content": "仓鼠击剑大师"}, {"uid": "1704410", "content": "你带的"}, {"uid": "95297039", "content": "仓鼠：群里风气非常不好"}, {"uid": "552461", "content": "那是谁污染了风气"}, {"uid": "545549120", "content": "师姐摇起来了"}, {"uid": "8138686", "content": "输了就是仓鼠全锅"}, {"uid": "17376964", "content": "师姐摇摆起来了"}, {"uid": "12864846", "content": "笑死"}, {"uid": "95297039", "content": "剑魔仓鼠"}, {"uid": "12864846", "content": "hhhhhhhh"}, {"uid": "95297039", "content": "贱圣阿天"}, {"uid": "2737171", "content": "你明明就是主修击剑的"}, {"uid": "4577251", "content": "仓鼠击剑"}, {"uid": "8138686", "content": "修贱"}, {"uid": "8138686", "content": "仓鼠击剑"}, {"uid": "8138686", "content": "水多"}, {"uid": "1704410", "content": "我不是，我没有，别瞎说"}, {"uid": "175631993", "content": "？"}, {"uid": "8138686", "content": "龙王hhhhhhh"}, {"uid": "175631993", "content": "？"}, {"uid": "12864846", "content": "笑死"}, {"uid": "325384143", "content": "中间的圣女加师姐。。。。"}, {"uid": "8138686", "content": "茶道"}, {"uid": "12864846", "content": "hhhhhhhhhhhhhhhhhhhh"}, {"uid": "8138686", "content": "hhhhh"}, {"uid": "22049844", "content": "好家伙"}, {"uid": "95297039", "content": "今晚吃狗肉火锅"}, {"uid": "28481187", "content": "→←击剑"}, {"uid": "8138686", "content": "金毛hhhhhhhh"}, {"uid": "8138686", "content": "师尊剑断"}, {"uid": "95297039", "content": "仓鼠你注意点"}, {"uid": "552461", "content": "仓鼠与师傅击剑（）"}, {"uid": "95297039", "content": "？？？"}, {"uid": "4577251", "content": "这是加分赛吗"}, {"uid": "471069463", "content": "抬走抬走"}, {"uid": "12864846", "content": "hhhhhhhh"}, {"uid": "8138686", "content": "hhhhhhh"}, {"uid": "12864846", "content": "处刑曲开始了"}, {"uid": "8138686", "content": "草"}, {"uid": "471069463", "content": "hhh"}, {"uid": "95297039", "content": "来吧仓鼠，读吧"}, {"uid": "28481187", "content": "想"}, {"uid": "552461", "content": "想"}, {"uid": "4577251", "content": "复读无念PPT"}, {"uid": "12864846", "content": "想"}, {"uid": "471069463", "content": "想"}, {"uid": "2737171", "content": "可以有，来就最后这个"}, {"uid": "8138686", "content": "想hhhhh"}, {"uid": "325384143", "content": "想"}, {"uid": "2737171", "content": "笑死"}, {"uid": "95297039", "content": "仓鼠可能没讲过瘾"}, {"uid": "2737171", "content": "复读？"}, {"uid": "18343394", "content": "是的是的"}, {"uid": "95297039", "content": "很强"}, {"uid": "7833978", "content": "追杀专用砍刀"}, {"uid": "18343394", "content": "舰长"}, {"uid": "18343394", "content": "建筑劫仇"}, {"uid": "65240577", "content": "早上好"}, {"uid": "8138686", "content": "笑死"}, {"uid": "28481187", "content": "私货里夹ppt"}, {"uid": "552461", "content": "麻了"}, {"uid": "95297039", "content": "笑死"}, {"uid": "18343394", "content": "好家伙"}, {"uid": "18343394", "content": "好机会"}, {"uid": "471069463", "content": "夹杂私货"}, {"uid": "18343394", "content": "合金环"}, {"uid": "7833978", "content": "今晚冠军恐被追杀"}, {"uid": "8138686", "content": "笑死hhhhhh"}, {"uid": "471069463", "content": "毫无悬念hhh"}, {"uid": "95297039", "content": "10.1"}, {"uid": "545549120", "content": "9.9"}, {"uid": "7833978", "content": "9.8"}, {"uid": "95297039", "content": "10"}, {"uid": "325384143", "content": "我的算善良的吧"}, {"uid": "28481187", "content": "10"}, {"uid": "8138686", "content": "10分满分笑死"}, {"uid": "4577251", "content": "这个一看就是专业讲师，10分"}, {"uid": "471069463", "content": "10"}, {"uid": "12864846", "content": "10"}, {"uid": "95297039", "content": "战术沉默"}, {"uid": "8138686", "content": "hhhhhhh"}, {"uid": "18343394", "content": "哈哈哈哈哈"}, {"uid": "7833978", "content": "一度沉默"}, {"uid": "95297039", "content": "天堂还活着吗"}, {"uid": "18343394", "content": "会有复读环节吗"}, {"uid": "8138686", "content": "hhhhh"}, {"uid": "28481187", "content": "10"}, {"uid": "12864846", "content": "隆基努斯辛苦了"}, {"uid": "12864846", "content": "hhhhhhhhh"}, {"uid": "7833978", "content": "9.8"}, {"uid": "8138686", "content": "hhhhhhhhhh"}, {"uid": "2737171", "content": "天堂快跑"}, {"uid": "325384143", "content": "追杀循环"}, {"uid": "18343394", "content": "天堂跑吧"}, {"uid": "7833978", "content": "今晚赢了比赛，输了生命"}, {"uid": "7833978", "content": "跑吧"}, {"uid": "471069463", "content": "道侣hhh"}, {"uid": "8138686", "content": "hhhhh"}, {"uid": "7833978", "content": "天堂别笑了"}, {"uid": "18343394", "content": "笑死"}, {"uid": "18343394", "content": "战术沉默"}, {"uid": "95297039", "content": "宗门繁衍可还行"}, {"uid": "7833978", "content": "笑死了"}, {"uid": "8138686", "content": "hhhhhhh"}, {"uid": "12864846", "content": "蚌埠住了hhhhhhh"}, {"uid": "2737171", "content": "隆基努斯你坐啊"}, {"uid": "8138686", "content": "hhhhhh"}, {"uid": "7833978", "content": "你要活下去！"}, {"uid": "18343394", "content": "已经准备追杀天堂了"}, {"uid": "12864846", "content": "做个人！！！！"}, {"uid": "4577251", "content": "一片沉默"}, {"uid": "12864846", "content": "天堂！！！！！"}, {"uid": "2737171", "content": "笑死"}, {"uid": "471069463", "content": "沉默了"}, {"uid": "12864846", "content": "hhhhhhh这个直接暴击"}, {"uid": "1704410", "content": "天堂！"}, {"uid": "18343394", "content": "笑死"}, {"uid": "471069463", "content": "hhh"}, {"uid": "8138686", "content": "隆基努斯不要打我hhhhhhh"}, {"uid": "545549120", "content": "怎么bgm就来了"}, {"uid": "1704410", "content": "怀疑师姐笑到闭麦了"}, {"uid": "8138686", "content": "笑死"}, {"uid": "7833978", "content": "隆基努斯你说话啊！"}, {"uid": "8138686", "content": "单人宿舍分配百兆灵脉hhhhh"}, {"uid": "2737171", "content": "草"}, {"uid": "1704410", "content": "草"}, {"uid": "12864846", "content": "hhhhhhhh"}, {"uid": "8138686", "content": "hhhhhhhhh"}, {"uid": "434251112", "content": "全损音质"}, {"uid": "2737171", "content": "那么风铃月影功法上那里领？"}, {"uid": "8138686", "content": "笑死"}, {"uid": "8138686", "content": "上网课模拟器hhhhhhh"}, {"uid": "1704410", "content": "蚌住啊"}, {"uid": "18343394", "content": "笑死"}, {"uid": "2737171", "content": "原来我们是魔门啊（确信"}, {"uid": "18343394", "content": "为什么没到我读这两个"}, {"uid": "4577251", "content": "蚌住啊！！"}, {"uid": "2737171", "content": "哈哈哈哈哈哈哈"}, {"uid": "18343394", "content": "哈哈哈哈哈哈哈哈哈哈哈哈哈哈"}, {"uid": "8138686", "content": "hhhhhhhh"}, {"uid": "18343394", "content": "天堂yyds"}, {"uid": "1704410", "content": "师姐，飞剑怎么装护栏"}, {"uid": "8138686", "content": "hhhhhhh"}, {"uid": "12864846", "content": "绝杀了这个我要笑死"}, {"uid": "7833978", "content": "我愿称天堂为最强"}, {"uid": "2737171", "content": "《灵活的夜间授课》从不加班"}, {"uid": "8138686", "content": "你是个P"}, {"uid": "471069463", "content": "hhh"}, {"uid": "8138686", "content": "hhhhhh"}, {"uid": "7833978", "content": "今晚不用比了"}, {"uid": "12864846", "content": "笑死了"}, {"uid": "12864846", "content": "仓鼠我这个要笑hhhhhhhh"}, {"uid": "7833978", "content": "太草了"}, {"uid": "12864846", "content": "哈哈哈哈哈哈哈哈哈哈哈哈哈"}, {"uid": "4577251", "content": "怎么还打自己了笑喷了"}, {"uid": "18343394", "content": "哈哈哈哈哈哈哈哈哈哈哈哈哈"}, {"uid": "2737171", "content": "哈哈哈哈哈哈"}, {"uid": "18343394", "content": "笑死"}, {"uid": "12864846", "content": "hhhhhhhhhh"}, {"uid": "471069463", "content": "hhh"}, {"uid": "8138686", "content": "我做的金毛hhhhhh"}, {"uid": "2737171", "content": "仓鼠把师傅的剑击断了（重点）"}, {"uid": "7833978", "content": "我鲨了他！"}, {"uid": "8138686", "content": "hhhhhhhhhhh"}, {"uid": "7833978", "content": "这是谁做的！"}, {"uid": "28481187", "content": "蚌埠住了"}, {"uid": "12864846", "content": "隆基努斯蚌埠住了"}, {"uid": "7833978", "content": "为什么是我的两条消息"}, {"uid": "1704410", "content": "蚌埠住了"}, {"uid": "18343394", "content": "绷不住了"}, {"uid": "7833978", "content": "等等"}, {"uid": "545549120", "content": "这声叹气 笑死我了"}, {"uid": "12864846", "content": "蚌埠住了"}, {"uid": "8138686", "content": "我的PPT"}, {"uid": "9119045", "content": "蚌埠住了"}, {"uid": "2737171", "content": "hhhhhhhhh"}, {"uid": "8138686", "content": "hhhhhh"}, {"uid": "7833978", "content": "这是谁"}, {"uid": "7833978", "content": "等等"}, {"uid": "7833978", "content": "草啊！"}, {"uid": "1704410", "content": "这麦喷的"}, {"uid": "7833978", "content": "演讲不易，隆基努斯叹气"}, {"uid": "9119045", "content": "草"}, {"uid": "9119045", "content": "？"}, {"uid": "8138686", "content": "这个声音我可以"}, {"uid": "4577251", "content": "卧槽，这个厉害了"}, {"uid": "18343394", "content": "经验丰富"}, {"uid": "18343394", "content": "好家伙"}, {"uid": "471069463", "content": "满分！！！"}, {"uid": "8138686", "content": "hhhhhh"}, {"uid": "12864846", "content": "我也跟着在笑笑死"}, {"uid": "471069463", "content": "先笑起来了"}, {"uid": "7833978", "content": "这是谁做的"}, {"uid": "471069463", "content": "hh"}, {"uid": "18343394", "content": "笑死"}, {"uid": "7833978", "content": "草"}, {"uid": "2737171", "content": "笑死"}, {"uid": "8138686", "content": "hhhhhhhhh"}, {"uid": "18343394", "content": "好家伙"}, {"uid": "12864846", "content": "hhhhhhh草"}, {"uid": "28481187", "content": "有请最后一位.job"}, {"uid": "8138686", "content": "提前感谢我隆基努斯"}, {"uid": "1704410", "content": "冲这痛感就该要10分"}, {"uid": "1704410", "content": "10"}, {"uid": "7833978", "content": "今晚是谁最速逃离地球"}, {"uid": "2737171", "content": "10分"}, {"uid": "4577251", "content": "10分"}, {"uid": "8138686", "content": "无念你死了"}, {"uid": "12864846", "content": "麻了"}, {"uid": "28481187", "content": "9.5"}, {"uid": "12864846", "content": "9"}, {"uid": "8138686", "content": "有被麻到"}, {"uid": "552461", "content": "10"}, {"uid": "18343394", "content": "笑死"}, {"uid": "4577251", "content": "笑喷了"}, {"uid": "8138686", "content": "我麻了"}, {"uid": "2737171", "content": "10分，不能少"}, {"uid": "2737171", "content": "hhhhhhhhhhh"}, {"uid": "18805678", "content": "哈哈哈 "}, {"uid": "12864846", "content": "hhhhhhhh"}, {"uid": "471069463", "content": "hhh"}, {"uid": "4577251", "content": "升华了，感动"}, {"uid": "4577251", "content": "点题了"}, {"uid": "18343394", "content": "好家伙"}, {"uid": "12864846", "content": "？？？"}, {"uid": "2737171", "content": "好家伙"}, {"uid": "325384143", "content": "？？？"}, {"uid": "4577251", "content": "生而为讲ppt人，我很抱歉"}, {"uid": "325384143", "content": "单纯是复制粘贴后忘改字体了"}, {"uid": "12864846", "content": "hhhhhhhh麻了"}, {"uid": "2737171", "content": "没法总结，已经麻了"}, {"uid": "325384143", "content": "复制时忘改了"}, {"uid": "294163039", "content": "笑死"}, {"uid": "552461", "content": "笑死"}, {"uid": "325384143", "content": "不不不"}, {"uid": "325384143", "content": "对的"}, {"uid": "1704410", "content": "最后一句也可以拉了"}, {"uid": "294163039", "content": "权力的游戏"}, {"uid": "325384143", "content": "我吃饭去了再见"}, {"uid": "294163039", "content": "佩恩"}, {"uid": "399811804", "content": "快跑"}, {"uid": "294163039", "content": "守夜人"}, {"uid": "28481187", "content": "请深情郎读"}, {"uid": "12864846", "content": "救命啊，我要笑死了"}, {"uid": "12864846", "content": "我要笑死了"}, {"uid": "18343394", "content": "哈哈哈哈哈哈哈哈哈哈哈哈"}, {"uid": "12864846", "content": "hhhhhhhhhhh"}, {"uid": "4577251", "content": "白怜:？"}, {"uid": "1704410", "content": "我看到了龙背上的骑兵的名言"}, {"uid": "2737171", "content": "hhhhhhh"}, {"uid": "12864846", "content": "请深情的朗读！！！"}, {"uid": "471069463", "content": "hhh"}, {"uid": "325384143", "content": "？？？？？？？？"}, {"uid": "12864846", "content": "hhhhhhhhh"}, {"uid": "294163039", "content": "xs"}, {"uid": "12864846", "content": "笑死"}, {"uid": "12864846", "content": "中二浓度爆表"}, {"uid": "18343394", "content": "笑死"}, {"uid": "12864846", "content": "中二浓度报表"}, {"uid": "325384143", "content": "不，我去网上找的"}, {"uid": "552461", "content": "笑死"}, {"uid": "2737171", "content": "笑死"}, {"uid": "12864846", "content": "蚌埠住了"}, {"uid": "4577251", "content": "蚌埠住了"}, {"uid": "294163039", "content": "帝皇（doge）"}, {"uid": "2737171", "content": "我没改过"}, {"uid": "2737171", "content": "笑死"}, {"uid": "12864846", "content": "笑死"}, {"uid": "325384143", "content": "我20"}, {"uid": "294163039", "content": "（doge）"}, {"uid": "294163039", "content": "暗黑天使の秘密"}, {"uid": "2737171", "content": "妙啊！先生大才！"}, {"uid": "28677724", "content": "好哎，饿了"}, {"uid": "325384143", "content": "每两行一段，不要联想"}, {"uid": "399811804", "content": "好！"}, {"uid": "12864846", "content": "蚌埠住了"}, {"uid": "294163039", "content": "笑死"}, {"uid": "12864846", "content": "隔壁小孩都馋哭了"}, {"uid": "2737171", "content": "好！"}, {"uid": "399811804", "content": "升华主题！"}, {"uid": "4577251", "content": "好！"}, {"uid": "2737171", "content": "笑死"}, {"uid": "18343394", "content": "笑死"}, {"uid": "399811804", "content": "好！"}, {"uid": "4577251", "content": "白怜:？"}, {"uid": "294163039", "content": "盛世白莲"}, {"uid": "12864846", "content": "hhhhhhh"}, {"uid": "108360811", "content": "吸溜"}, {"uid": "2737171", "content": "笑死"}, {"uid": "108360811", "content": "这个声音我可以"}, {"uid": "18343394", "content": "？？？？？"}, {"uid": "12864846", "content": "hhhhhhhh"}, {"uid": "28481187", "content": "不要停下来呀！指中二"}, {"uid": "18343394", "content": "hhhhhh"}, {"uid": "4577251", "content": "师姐:认真听课"}, {"uid": "1457515", "content": "？"}, {"uid": "294163039", "content": "这个仓鼠很yes,yes"}, {"uid": "552461", "content": "首尾呼应好评"}, {"uid": "108360811", "content": "仓鼠在不在"}, {"uid": "28677724", "content": "(°∀°)ﾉ好耶"}, {"uid": "2737171", "content": "麻了"}, {"uid": "12864846", "content": "救命，太中二了哈哈哈哈哈哈哈哈"}, {"uid": "2737171", "content": "共感性羞耻"}, {"uid": "4577251", "content": "师姐还没裂开天堂先裂开了"}, {"uid": "471069463", "content": "hhhh"}, {"uid": "12864846", "content": "hhhhhhhhhh"}, {"uid": "18343394", "content": "笑死"}, {"uid": "294163039", "content": "（doge）"}, {"uid": "294163039", "content": "奸奇的腐化"}, {"uid": "2737171", "content": "哈哈哈哈"}, {"uid": "325384143", "content": "深情深情"}, {"uid": "12864846", "content": "不够深情！！！重来！！！！"}, {"uid": "18343394", "content": "禁止下一页"}, {"uid": "2737171", "content": "蚌埠住了"}, {"uid": "28677724", "content": "（￣▽￣）"}, {"uid": "552461", "content": "起点玄幻榜没有你我不看"}, {"uid": "294163039", "content": "哈哈"}, {"uid": "4577251", "content": "感情上来了"}, {"uid": "1704410", "content": "天堂你痛吗"}, {"uid": "12864846", "content": "蚌埠住了"}, {"uid": "1704410", "content": "太痛了"}, {"uid": "4577251", "content": "蚌埠住了"}, {"uid": "2737171", "content": "这个光念出来就已经死了"}, {"uid": "18343394", "content": "笑死"}, {"uid": "12864846", "content": "hhhhhhhhhh"}, {"uid": "12864846", "content": "请天堂深情的朗读！！！！"}, {"uid": "552461", "content": "笑死"}, {"uid": "471069463", "content": "hhh笑死"}, {"uid": "18343394", "content": "笑死"}, {"uid": "294163039", "content": "yes.yes"}, {"uid": "12864846", "content": "笑死"}, {"uid": "12864846", "content": "不行了"}, {"uid": "325384143", "content": "小学一年级不懂事"}, {"uid": "2737171", "content": "笑死"}, {"uid": "325384143", "content": "那你念完啊"}, {"uid": "1704410", "content": "好痛吗"}, {"uid": "28481187", "content": "深度解读"}, {"uid": "2737171", "content": "笑死"}, {"uid": "18343394", "content": "笑死"}, {"uid": "12864846", "content": "中二感爆棚，已经开始在扣地板了"}, {"uid": "12864846", "content": "你写吗？"}, {"uid": "325384143", "content": "快啊，念啊"}, {"uid": "2737171", "content": "正经人谁写日记啊"}, {"uid": "12864846", "content": "笑死hhhhhhhh"}, {"uid": "1704410", "content": "好痛啊"}, {"uid": "4577251", "content": "天堂:在共情，等我缓缓"}, {"uid": "12864846", "content": "hhhhhhhhhh"}, {"uid": "12864846", "content": "我不行了"}, {"uid": "18343394", "content": "投入感情阿"}, {"uid": "552461", "content": "无念，你的ppt好啊"}, {"uid": "18343394", "content": "笑死"}, {"uid": "1704410", "content": "谁的"}, {"uid": "2737171", "content": "头皮发麻"}, {"uid": "2737171", "content": "笑死"}, {"uid": "552461", "content": "hhhh"}, {"uid": "12864846", "content": "hhhhhhhh"}, {"uid": "5684520", "content": "为什么不是0和1"}, {"uid": "18343394", "content": "我现在看下面那四个黑影跟钥匙扣是的"}, {"uid": "471069463", "content": "有请天堂"}, {"uid": "552461", "content": "笑死"}, {"uid": "8138686", "content": "？？？"}, {"uid": "8138686", "content": "都在颤抖笑死"}, {"uid": "325384143", "content": "紧张到抖腿"}, {"uid": "325384143", "content": "我边说还边抖腿呢"}, {"uid": "2737171", "content": "过于掺杂私货"}, {"uid": "4577251", "content": "10分讲解-5分ppt分（？）"}, {"uid": "226964539", "content": "噗嗤"}, {"uid": "471069463", "content": "hhh"}, {"uid": "2737171", "content": "不行只能给3分"}, {"uid": "226964539", "content": "6"}, {"uid": "471069463", "content": "7"}, {"uid": "8138686", "content": "本来想打10分 但一想到式仓鼠就是0分笑死"}, {"uid": "5684520", "content": "10"}, {"uid": "1704410", "content": "9"}, {"uid": "28481187", "content": "9"}, {"uid": "325384143", "content": "6"}, {"uid": "12864846", "content": "8"}, {"uid": "12864846", "content": "仓鼠的ppt是最大赢家"}, {"uid": "552461", "content": "7"}, {"uid": "18343394", "content": "1000000"}, {"uid": "8138686", "content": "高下立判"}, {"uid": "325384143", "content": "还是仓鼠比较不要脸"}, {"uid": "325384143", "content": "哭了"}, {"uid": "8138686", "content": "不会有比仓鼠PPT更阴间的了"}, {"uid": "18343394", "content": "笑死"}, {"uid": "12864846", "content": "无念吐了口痰笑死"}, {"uid": "552461", "content": "一定赶尽杀绝"}, {"uid": "8138686", "content": "hhhhhhh"}, {"uid": "325384143", "content": "呸"}, {"uid": "12864846", "content": "笑死"}, {"uid": "12864846", "content": "做好了但没完全做好"}, {"uid": "8138686", "content": "hhhhhhhh"}, {"uid": "8138686", "content": "虽然不知道PPT上在写什么但是仓鼠很会讲"}, {"uid": "12864846", "content": "hhhhhhhh"}, {"uid": "4577251", "content": "虽然不知道仓鼠在说什么但是仓鼠很会讲"}, {"uid": "226964539", "content": "挺离谱哈"}, {"uid": "23015177", "content": "细说"}, {"uid": "226964539", "content": "噗嗤"}, {"uid": "8138686", "content": "细嗦"}, {"uid": "325384143", "content": "细说"}, {"uid": "4577251", "content": "可以详细说说"}, {"uid": "226964539", "content": "晚上好师姐"}, {"uid": "552461", "content": "可以详细说说"}, {"uid": "12864846", "content": "草hhhhhhhhhh"}, {"uid": "552461", "content": "你怎么知道的"}, {"uid": "8138686", "content": "草hhhhhhhhhh"}, {"uid": "8138686", "content": "这都是啥呀"}, {"uid": "552461", "content": "一共十三页"}, {"uid": "8138686", "content": "人均痛苦面具"}, {"uid": "8138686", "content": "哈哈哈哈哈"}, {"uid": "12864846", "content": "我笑死"}, {"uid": "12864846", "content": " hhhhhhhh"}, {"uid": "23015177", "content": "大角鼠万岁"}, {"uid": "552461", "content": "你对大角鼠不敬，diedie"}, {"uid": "1704410", "content": "大角鼠万岁"}, {"uid": "8138686", "content": "盖格计数器响了啊哈哈哈哈哈"}, {"uid": "325384143", "content": "我还想看看狂鼠呢，结果我天真了"}, {"uid": "1704410", "content": "俺寻思仓鼠很能讲，yesyes"}, {"uid": "23015177", "content": "仓鼠，一种精通胡说八道的种族"}, {"uid": "8138686", "content": "仓鼠坚挺啊"}, {"uid": "12864846", "content": "不愧是话痨鼠"}, {"uid": "4577251", "content": "仓鼠，一种精通胡说八道的种族"}, {"uid": "12864846", "content": "仓鼠好强"}, {"uid": "552461", "content": "俺寻思可以翻页了"}, {"uid": "1704410", "content": "暴风鼠"}, {"uid": "1704410", "content": "暴风叔"}, {"uid": "552461", "content": "玩锤战"}, {"uid": "8138686", "content": "白毛鼠"}, {"uid": "23015177", "content": "仓鼠是真能唠"}, {"uid": "1704410", "content": "你玩战锤？"}, {"uid": "552461", "content": "我做的"}, {"uid": "1704410", "content": "谁做的战锤ppt啊"}, {"uid": "12864846", "content": "仓鼠不是本地人"}, {"uid": "1704410", "content": "diedie"}, {"uid": "325384143", "content": "brbrbr"}, {"uid": "2737171", "content": "笑死"}, {"uid": "8138686", "content": "仓鼠方言"}, {"uid": "8138686", "content": "duadua语"}, {"uid": "8138686", "content": "duadua"}, {"uid": "23015177", "content": "哈哈哈哈哈哈哈哈哈哈哈"}, {"uid": "23015177", "content": "？"}, {"uid": "325384143", "content": "我还是天真了"}, {"uid": "8138686", "content": "ttk ttk"}, {"uid": "552461", "content": "仓鼠也是鼠"}, {"uid": "8138686", "content": "一个单词（构成复杂"}, {"uid": "325384143", "content": "仓鼠加强了对陈述地强调"}, {"uid": "8138686", "content": "鼠臭"}, {"uid": "23015177", "content": "吗"}, {"uid": "23015177", "content": "因为有鼠臭骂"}, {"uid": "8138686", "content": "草"}, {"uid": "552461", "content": "仓鼠不禁重复了几次"}, {"uid": "2737171", "content": "笑死"}, {"uid": "28481187", "content": "hhhhhhhhhh"}, {"uid": "12864846", "content": "笑死"}, {"uid": "12864846", "content": "biabiabia"}, {"uid": "4577251", "content": "好家伙"}, {"uid": "2737171", "content": "好家伙"}, {"uid": "8138686", "content": "下油锅"}, {"uid": "12864846", "content": "笑死"}, {"uid": "325384143", "content": "建议烤仓鼠进入必胜客豪华午餐"}, {"uid": "8138686", "content": "同类相食"}, {"uid": "552461", "content": "仓鼠该进锅了"}, {"uid": "8138686", "content": "以身饲鼠"}, {"uid": "23015177", "content": "你可快拉到吧"}, {"uid": "12864846", "content": "hhhhhhh"}, {"uid": "8138686", "content": "草"}, {"uid": "8138686", "content": "老师 我想拷一下课件"}, {"uid": "12864846", "content": "hhhhhhhhhh"}, {"uid": "23015177", "content": "？"}, {"uid": "4577251", "content": "这ppt比仓鼠的内容多多了，笑死我了"}, {"uid": "8138686", "content": "hhhhhhhhh"}, {"uid": "8138686", "content": "草"}, {"uid": "399811804", "content": "同学们听懂了吗，没听懂课后再看"}, {"uid": "325384143", "content": "换个ppt吧"}, {"uid": "552461", "content": "全是私货，没有半点内容"}, {"uid": "1879026525", "content": "什么游戏"}, {"uid": "12864846", "content": "太草了"}, {"uid": "12864846", "content": "hhhhhh"}, {"uid": "8138686", "content": "草"}, {"uid": "8138686", "content": "“好的 下一页”"}, {"uid": "325384143", "content": "一点ppt内容都没有"}, {"uid": "8138686", "content": "笑死"}, {"uid": "23015177", "content": "？"}, {"uid": "325384143", "content": "全是私活"}, {"uid": "552461", "content": "仓鼠讲啊"}, {"uid": "471069463", "content": "cao hhhh"}, {"uid": "2737171", "content": "《善良》"}, {"uid": "12864846", "content": "我笑死hhhhhhhhh"}, {"uid": "8138686", "content": "仓鼠也是杂交和次元石技术的产物"}, {"uid": "23015177", "content": "你给我整无语了"}, {"uid": "12864846", "content": "hhhhhhhh"}, {"uid": "8138686", "content": "懂了"}, {"uid": "552461", "content": "仓鼠暴露了"}, {"uid": "23015177", "content": "反了！"}, {"uid": "23015177", "content": "卡维扎尔！"}, {"uid": "8138686", "content": "hhhhhhhh"}, {"uid": "7833978", "content": "是耗子吧 无脸无皮"}, {"uid": "12864846", "content": "全是私货笑死"}, {"uid": "325384143", "content": "很锰很可碍"}, {"uid": "7833978", "content": "太无耻了！"}, {"uid": "2737171", "content": "脸呢？"}, {"uid": "8138686", "content": "欺诈hhhh"}, {"uid": "28481187", "content": "要深情朗诵"}, {"uid": "399811804", "content": "反转了，仓鼠根本没脸"}, {"uid": "7833978", "content": "让他下一张！"}, {"uid": "399811804", "content": "？"}, {"uid": "23015177", "content": "脸都不要"}, {"uid": "23015177", "content": "？"}, {"uid": "471069463", "content": "？？？？"}, {"uid": "8138686", "content": "要深入hhhhhhh"}, {"uid": "325384143", "content": "能深情并茂地读吗"}, {"uid": "8138686", "content": "笑死"}, {"uid": "8138686", "content": "“下一张”"}, {"uid": "12864846", "content": "仓鼠请不要夹带私活"}, {"uid": "7833978", "content": "这位演讲者请不要夹杂私货"}, {"uid": "8138686", "content": "师姐：？"}, {"uid": "12864846", "content": "我笑死"}, {"uid": "7833978", "content": "大耗子"}, {"uid": "8138686", "content": "hhhhhh"}, {"uid": "23015177", "content": "哈哈哈哈哈哈哈"}, {"uid": "12864846", "content": "hhhhhhhh"}, {"uid": "8138686", "content": "笑死hhhhhh"}, {"uid": "552461", "content": "仓鼠，好好讲讲"}, {"uid": "8138686", "content": "好下一张"}, {"uid": "399811804", "content": "过于硬核"}, {"uid": "7833978", "content": "仓鼠：好家伙"}, {"uid": "4577251", "content": "仓鼠:沉默了"}, {"uid": "23015177", "content": "你做的真用工哈哈哈哈哈哈哈哈"}, {"uid": "12864846", "content": "好宏大的世界观我笑死"}, {"uid": "7833978", "content": "笑死了"}, {"uid": "2737171", "content": "草，四川人狂怒"}, {"uid": "23015177", "content": "好家伙"}, {"uid": "28481187", "content": "是仓鼠"}, {"uid": "2737171", "content": "？？？"}, {"uid": "7833978", "content": "草"}, {"uid": "12864846", "content": "hhhhhhhhhhh"}, {"uid": "7833978", "content": "是仓鼠"}, {"uid": "471069463", "content": "cao"}, {"uid": "12864846", "content": "太草了"}, {"uid": "28481187", "content": "hhhhhhhhhhhhhhhh"}, {"uid": "7833978", "content": "太草了"}, {"uid": "12864846", "content": "hhhhhhh我笑死"}, {"uid": "2737171", "content": "哈哈哈哈哈哈"}, {"uid": "7833978", "content": "我笑死了"}, {"uid": "8138686", "content": "来了来了"}, {"uid": "8138686", "content": "hhhhhhhhhhhhh"}, {"uid": "552461", "content": "我认领"}, {"uid": "23015177", "content": "哈哈哈哈哈哈哈哈哈哈哈哈哈哈"}, {"uid": "399811804", "content": "“嘘——”"}, {"uid": "2737171", "content": "开口跪"}, {"uid": "8138686", "content": "直播间仓鼠窝"}, {"uid": "4577251", "content": "是幼儿园老师吗"}, {"uid": "2737171", "content": "笑死"}, {"uid": "325384143", "content": "仓鼠还债"}, {"uid": "12864846", "content": "hhhhhhhhh"}, {"uid": "471069463", "content": "苍天饶过谁"}, {"uid": "12864846", "content": "我听到仓鼠的声音就想笑了"}, {"uid": "7833978", "content": "笑死了"}, {"uid": "12864846", "content": "仓鼠还债！！！"}, {"uid": "8138686", "content": "天道好轮回嗷"}, {"uid": "12864846", "content": "仓鼠！！！！！"}, {"uid": "23015177", "content": "轮到你了"}, {"uid": "8138686", "content": "仓鼠还债"}, {"uid": "23015177", "content": "哈哈哈哈哈哈哈哈哈哈哈哈"}, {"uid": "7833978", "content": "笑死"}, {"uid": "552461", "content": "好耶"}, {"uid": "471069463", "content": "好耶"}, {"uid": "325384143", "content": "这会对我二次处刑的1"}, {"uid": "8138686", "content": "笑死hhh"}, {"uid": "12864846", "content": "发工资可以开舰长了"}, {"uid": "325384143", "content": "我不想被读ppt了"}, {"uid": "18805678", "content": "笑死"}, {"uid": "471069463", "content": "hhh"}, {"uid": "7833978", "content": "快进到仓鼠读无念ppt"}, {"uid": "12864846", "content": "hhhhhhhh"}, {"uid": "8138686", "content": "医疗费笑死"}, {"uid": "23015177", "content": "哈哈哈哈哈哈哈哈哈哈"}, {"uid": "399811804", "content": "9"}, {"uid": "28481187", "content": "9"}, {"uid": "4577251", "content": "5分+5分医疗费"}, {"uid": "28481187", "content": "无念对仓鼠敌对+10"}, {"uid": "2737171", "content": "9"}, {"uid": "8138686", "content": "本来想打5分，但一想这是仓鼠的ppt，10分啊"}, {"uid": "552461", "content": "9"}, {"uid": "471069463", "content": "hhh9"}, {"uid": "2737171", "content": "蚌埠住了"}, {"uid": "545549120", "content": "满分不够用"}, {"uid": "7833978", "content": "9"}, {"uid": "23015177", "content": "9"}, {"uid": "7833978", "content": "无念下去已经准备车票去烹饪仓鼠了"}, {"uid": "12864846", "content": "10"}, {"uid": "18343394", "content": "10"}, {"uid": "12864846", "content": "蚌埠住了"}, {"uid": "8138686", "content": "反杀仓鼠"}, {"uid": "28481187", "content": "hhhh"}, {"uid": "8138686", "content": "笑死"}, {"uid": "12864846", "content": "我要笑死了"}, {"uid": "552461", "content": "没见到吃螃蟹，只看到了吃仓鼠"}, {"uid": "545549120", "content": "《吃螃蟹》"}, {"uid": "7833978", "content": "老板大气"}, {"uid": "471069463", "content": "hhh"}, {"uid": "8138686", "content": "痛苦面具hhhhhh"}, {"uid": "12864846", "content": "连夜离开这个地球"}, {"uid": "471069463", "content": "无念疯了"}, {"uid": "7833978", "content": "已经疯了"}, {"uid": "23015177", "content": "可喜可贺可喜可贺"}, {"uid": "552461", "content": "笑死"}, {"uid": "471069463", "content": "hhh"}, {"uid": "18343394", "content": "谢谢孩子饿了"}, {"uid": "8138686", "content": "105°蒸馏水"}, {"uid": "23015177", "content": "开始变调"}, {"uid": "23015177", "content": "无念已经疯掉了"}, {"uid": "23015177", "content": "哈哈哈哈哈哈哈"}, {"uid": "8138686", "content": "竹炭烤鼠"}, {"uid": "12864846", "content": "孩子都馋了"}, {"uid": "7833978", "content": "腌透了"}, {"uid": "12864846", "content": "孩子凑馋了"}, {"uid": "399811804", "content": "裹上金毛"}, {"uid": "471069463", "content": "福建烤仓鼠"}, {"uid": "552461", "content": "首先把仓鼠剁成小粒"}, {"uid": "7833978", "content": "下锅"}, {"uid": "7833978", "content": "姜葱蒜油"}, {"uid": "12864846", "content": "去腥"}, {"uid": "23015177", "content": "哈哈哈哈哈哈哈哈"}, {"uid": "552461", "content": "宽油"}, {"uid": "23015177", "content": "去腥"}, {"uid": "23015177", "content": "料酒"}, {"uid": "7833978", "content": "结束了痛苦的一生"}, {"uid": "23015177", "content": "脱毛哈哈哈哈哈哈哈"}, {"uid": "8138686", "content": "热油！"}, {"uid": "4577251", "content": "哈哈哈哈哈哈"}, {"uid": "8138686", "content": "滑锅！"}, {"uid": "18343394", "content": "好家伙"}, {"uid": "23015177", "content": "哈哈哈哈哈哈哈哈哈哈哈哈"}, {"uid": "12864846", "content": "蚌埠住了"}, {"uid": "8138686", "content": "蚌埠住了"}, {"uid": "552461", "content": "用仓鼠做药可以治无念"}, {"uid": "23015177", "content": "啊"}, {"uid": "23015177", "content": "你编安安"}, {"uid": "8138686", "content": "hhhhhhhh"}, {"uid": "8138686", "content": "无念你说话呀"}, {"uid": "23015177", "content": "哈哈哈哈哈哈哈哈哈哈"}, {"uid": "12864846", "content": "hhhhhhhh"}, {"uid": "7833978", "content": "医疗班人呢"}, {"uid": "7833978", "content": "医疗班"}, {"uid": "28481187", "content": "无念已经疯了"}, {"uid": "4577251", "content": "终于san值归零了"}, {"uid": "2881166", "content": "师姐笑的好开心呀"}, {"uid": "8138686", "content": "地府活"}, {"uid": "7833978", "content": "已经疯了"}, {"uid": "12864846", "content": "仓鼠的ppt比我想象中的阴间多了"}, {"uid": "552461", "content": "无念疯了"}, {"uid": "7833978", "content": "怎么还有下一页"}, {"uid": "7833978", "content": "哀嚎"}, {"uid": "471069463", "content": "hhh"}, {"uid": "28481187", "content": "不愧是仓鼠的ppt"}, {"uid": "8138686", "content": "痛苦面具hhhhhhh"}, {"uid": "552461", "content": "笑死"}, {"uid": "12864846", "content": "hhhhhhhh"}, {"uid": "7833978", "content": "仓鼠告诉大家，这不得仓鼠来说？"}, {"uid": "18343394", "content": "我要笑死了"}, {"uid": "8138686", "content": "hhhhhhhhhhhh"}, {"uid": "8138686", "content": "就让仓鼠告诉大家吧"}, {"uid": "23015177", "content": "师姐天下第一是什么意思呢"}, {"uid": "8138686", "content": "头条小编体笑死"}, {"uid": "23015177", "content": "来了，小编体"}, {"uid": "552461", "content": "语文老师震怒"}, {"uid": "471069463", "content": "hhh无念心态崩了"}, {"uid": "8138686", "content": "师爷 翻译翻译"}, {"uid": "8138686", "content": "文言文翻译gkd"}, {"uid": "12864846", "content": "文言文"}, {"uid": "7833978", "content": "笑死了"}, {"uid": "28481187", "content": "？？？？"}, {"uid": "2737171", "content": "？？？"}, {"uid": "399811804", "content": "？"}, {"uid": "2737171", "content": "？？？"}, {"uid": "2737171", "content": "？？？"}, {"uid": "12864846", "content": "hhhhhhhh"}, {"uid": "552461", "content": "hhhhhh"}, {"uid": "471069463", "content": "hhh"}, {"uid": "2881166", "content": "师姐好呀"}, {"uid": "7833978", "content": "晓月！"}, {"uid": "8138686", "content": "hhhhhhh"}, {"uid": "8138686", "content": "打牌"}, {"uid": "7833978", "content": "笑死了"}, {"uid": "4577251", "content": "蚌埠住了"}, {"uid": "552461", "content": "绷不住了"}, {"uid": "18343394", "content": "我们火星见"}, {"uid": "23015177", "content": "四合院初见雏形了"}, {"uid": "7833978", "content": "无念今晚定要仓鼠魂飞魄散"}, {"uid": "8138686", "content": "东京湾"}, {"uid": "23015177", "content": "好家伙"}, {"uid": "552461", "content": "仓鼠想好埋在哪了吗"}, {"uid": "471069463", "content": "社死"}, {"uid": "471069463", "content": "cao来了"}, {"uid": "18343394", "content": "笑死了"}, {"uid": "12864846", "content": "这不是社不社死的问题这是要鲨了ppt作者"}, {"uid": "18343394", "content": "消失了"}, {"uid": "1704410", "content": "暗杀仓鼠"}, {"uid": "28481187", "content": "早期舰长失智视频.job"}, {"uid": "552461", "content": "好"}, {"uid": "8138686", "content": "无念：还有下一页啊？？？"}, {"uid": "1704410", "content": "仓鼠"}, {"uid": "7833978", "content": "不知道无愧"}, {"uid": "471069463", "content": "仓鼠西内！！！！"}, {"uid": "4577251", "content": "读伤没错的"}, {"uid": "1704410", "content": "就读商"}, {"uid": "552461", "content": "熵不可逆"}, {"uid": "12864846", "content": "hhhhhhhh"}, {"uid": "8138686", "content": "危 仓鼠 危"}, {"uid": "7833978", "content": "笑死了"}, {"uid": "76745726", "content": "shang"}, {"uid": "1704410", "content": "shang"}, {"uid": "4577251", "content": "熵增"}, {"uid": "76745726", "content": "hhhh"}, {"uid": "1704410", "content": "屁啊"}, {"uid": "23015177", "content": "像极了毕业答辩买的论文自己看不懂"}, {"uid": "21376079", "content": "不行了，要乐死了"}, {"uid": "8138686", "content": "笑死hhhhhhhh"}, {"uid": "8138686", "content": "氮氧！！！"}, {"uid": "12864846", "content": "工具人"}, {"uid": "8138686", "content": "屁动力！"}, {"uid": "8138686", "content": "就是屁啊！"}, {"uid": "1704410", "content": "其他三位之一"}, {"uid": "23015177", "content": "仓鼠做的"}, {"uid": "28481187", "content": "加油呀！无念"}, {"uid": "12864846", "content": "让无念缓一缓"}, {"uid": "4577251", "content": "草，这个PPT是谁做的"}, {"uid": "28481187", "content": "师姐快笑死了"}, {"uid": "552461", "content": "生物知识已经还给老师了"}, {"uid": "1704410", "content": "无念把师姐讲哭了"}, {"uid": "18343394", "content": "哈哈哈哈哈哈哈"}, {"uid": "8138686", "content": "哈哈哈哈哈哈"}, {"uid": "7833978", "content": "老师还总问奇怪的点"}, {"uid": "7833978", "content": "像极了小组成员做的ppt抽到自己讲"}, {"uid": "545549120", "content": "师姐抱着剑飞 比飞剑快"}, {"uid": "1704410", "content": "蚌埠住了"}, {"uid": "545549120", "content": "哈哈哈哈哈哈哈哈哈哈"}, {"uid": "4577251", "content": "有的人讲PPT讲哭了"}, {"uid": "12864846", "content": "hhhhhhhhh蚌埠住了"}, {"uid": "8138686", "content": "蚌埠住了笑死"}, {"uid": "552461", "content": "已经编不下去了"}, {"uid": "18343394", "content": "笑死"}, {"uid": "18343394", "content": "笑死"}, {"uid": "7833978", "content": "食物——仓鼠"}, {"uid": "552461", "content": "仓鼠想好遗言了吗，无念已经按不住了"}, {"uid": "8138686", "content": "哀悼仓鼠"}, {"uid": "545549120", "content": "蚌埠住了"}, {"uid": "12864846", "content": "仓鼠连夜被无念追杀"}, {"uid": "8138686", "content": "我听到了hhhhhh"}, {"uid": "4577251", "content": "怎么感觉完全没匹配到大乱斗"}, {"uid": "8138686", "content": "碳基生物"}, {"uid": "545549120", "content": "你要支棱起来！"}, {"uid": "23015177", "content": "我绷不住啦！！！！"}, {"uid": "7833978", "content": "刀已经提了起来"}, {"uid": "18343394", "content": "哈哈哈哈哈"}, {"uid": "28481187", "content": "蚌埠住了"}, {"uid": "552461", "content": "哈哈哈哈"}, {"uid": "4577251", "content": "第一位受害者要蚌埠住了"}, {"uid": "12864846", "content": "救命，笑死了"}, {"uid": "8138686", "content": "绳命"}, {"uid": "7833978", "content": "笑死"}, {"uid": "471069463", "content": "hhh"}, {"uid": "399811804", "content": "呐呐呐"}, {"uid": "399811804", "content": "乐死"}, {"uid": "12864846", "content": "hhhhhhhhh"}, {"uid": "552461", "content": "建议马上鲨了仓鼠"}, {"uid": "471069463", "content": "哈哈哈哈哈哈"}, {"uid": "8138686", "content": "哈哈哈哈哈哈哈哈"}, {"uid": "7833978", "content": "你工人爷爷来了"}, {"uid": "4577251", "content": "讲的和PPT没有关联，很有老板风范"}, {"uid": "8138686", "content": "沉江警告"}, {"uid": "23015177", "content": "无念立马鲨了仓鼠"}, {"uid": "12864846", "content": "不愧是仓鼠"}, {"uid": "552461", "content": "无念下播立刻买仓鼠手脚"}, {"uid": "18343394", "content": "笑死"}, {"uid": "23015177", "content": "笑死"}, {"uid": "18343394", "content": "是我的"}, {"uid": "471069463", "content": "先谢谢仓鼠"}, {"uid": "8138686", "content": "hhhhhhhhh"}, {"uid": "471069463", "content": "笑死"}, {"uid": "8138686", "content": "这是仓鼠的吧"}, {"uid": "8138686", "content": "笑死了"}, {"uid": "545549120", "content": "无念直播间在哪 我要去关注了"}, {"uid": "552461", "content": "笑死"}, {"uid": "7833978", "content": "笑死"}, {"uid": "12864846", "content": "草"}, {"uid": "23015177", "content": "来了"}, {"uid": "8138686", "content": "草"}, {"uid": "4577251", "content": "有内味了"}, {"uid": "8138686", "content": "菜"}, {"uid": "18343394", "content": "笑死"}, {"uid": "545549120", "content": "谜语人滚啊"}, {"uid": "18343394", "content": "hhhhhhh"}, {"uid": "18343394", "content": "笑死"}, {"uid": "8138686", "content": "hhhhhhh"}, {"uid": "2737171", "content": "哈哈哈哈哈"}, {"uid": "552461", "content": "仓鼠，你好好反省一下自己"}, {"uid": "471069463", "content": "仓鼠啊"}, {"uid": "8138686", "content": "hhhhhhhhh"}, {"uid": "8138686", "content": "？？？？？"}, {"uid": "96683768", "content": "(;¬_¬)"}, {"uid": "28481187", "content": "有那味了"}, {"uid": "2737171", "content": "来了来了，晚上hao"}, {"uid": "471069463", "content": "hhh"}, {"uid": "552461", "content": "笑死"}, {"uid": "12864846", "content": "hhhhhhhh"}, {"uid": "18343394", "content": "这样会不会有延迟阿"}, {"uid": "8138686", "content": "hhhhhhh"}, {"uid": "8138686", "content": "笑死"}, {"uid": "471069463", "content": "无念加油！！！"}, {"uid": "12864846", "content": "右下角有一个幻灯片放映"}, {"uid": "471069463", "content": "好家伙"}, {"uid": "399811804", "content": "胜天半子以前都是意念投影"}, {"uid": "13985605", "content": "这就是戴师姐吗"}, {"uid": "552461", "content": "好家伙"}, {"uid": "18343394", "content": "阿是我的"}, {"uid": "4577251", "content": "老板一般都不知道操作的"}, {"uid": "11458802", "content": "绝"}, {"uid": "8138686", "content": "老板不会放ppt"}, {"uid": "28481187", "content": "菜师姐"}, {"uid": "552461", "content": "恭喜第一位被试验对象"}, {"uid": "226773352", "content": "啊笑死"}, {"uid": "545549120", "content": "节目效果爆炸"}, {"uid": "18343394", "content": "老板不会放ppt"}, {"uid": "545549120", "content": "笑死"}, {"uid": "18343394", "content": "笑死"}, {"uid": "552461", "content": "hhh"}, {"uid": "28481187", "content": "hhhh"}, {"uid": "18343394", "content": "开始社死"}, {"uid": "7833978", "content": "闭麦（防止笑的太大声了）"}, {"uid": "226773352", "content": "喂？（cool"}, {"uid": "471069463", "content": "hhhh"}, {"uid": "13985605", "content": "有请第一位受害人"}, {"uid": "28481187", "content": "社死开始.job"}, {"uid": "545549120", "content": "笑死"}, {"uid": "226773352", "content": "啊笑死"}, {"uid": "8138686", "content": "进去啦"}, {"uid": "18343394", "content": "好家伙"}, {"uid": "8138686", "content": "来了"}, {"uid": "4577251", "content": "四位受害者笑死我了"}, {"uid": "545549120", "content": "四位受害者"}, {"uid": "471069463", "content": "笑死"}, {"uid": "552461", "content": "笑死"}, {"uid": "325384143", "content": "笑死"}, {"uid": "12864846", "content": "笑死"}, {"uid": "18343394", "content": "笑死"}, {"uid": "471069463", "content": "互相伤害了"}, {"uid": "7833978", "content": "打破最快逃离地球的速度"}, {"uid": "12864846", "content": "盲盒"}, {"uid": "12864846", "content": "想看一下谁是最快社死"}, {"uid": "524947577", "content": "晚好"}, {"uid": "399811804", "content": "加油天堂"}, {"uid": "4577251", "content": "大乱斗又开始匹配不到人了吗"}, {"uid": "12864846", "content": "加油仓鼠"}, {"uid": "552461", "content": "笑死"}, {"uid": "325384143", "content": " 蚌埠住了"}, {"uid": "4577251", "content": "师姐:完全的不正常师姐做出的正常行为"}, {"uid": "471069463", "content": "蚌埠住了"}, {"uid": "325384143", "content": "求偶。。。"}, {"uid": "7833978", "content": "笑死"}, {"uid": "399811804", "content": "太怪了"}, {"uid": "2481910", "content": "太可怕了hh"}, {"uid": "18343394", "content": "谢谢完全理解了"}, {"uid": "4577251", "content": "师姐今天开大乱斗吗"}, {"uid": "552461", "content": "晚上好"}, {"uid": "12864846", "content": "晚上好师姐"}, {"uid": "325384143", "content": "绷不住了"}, {"uid": "28481187", "content": "麻了"}, {"uid": "12864846", "content": "我逐渐理解一切"}, {"uid": "18343394", "content": "晚上好师姐"}, {"uid": "471069463", "content": "麻了麻了"}, {"uid": "18343394", "content": "笑死"}, {"uid": "21376079", "content": "我还纳闷师姐的新视频是个啥，现在明白了"}, {"uid": "399811804", "content": "原来如此，师姐这是高雅二创"}, {"uid": "28481187", "content": "..."}, {"uid": "471069463", "content": "cao，回杭州了"}, {"uid": "325384143", "content": "阿这"}, {"uid": "18343394", "content": "已经开始尴尬了"}, {"uid": "399811804", "content": "下一站，彭埠到了"}, {"uid": "21376079", "content": "开幕雷击"}, {"uid": "471069463", "content": "原来如此"}, {"uid": "18343394", "content": "原来有对标"}, {"uid": "471069463", "content": "？？？"}, {"uid": "2481910", "content": "草"}, {"uid": "8784032", "content": "你确定这不是相亲视频？"}, {"uid": "552461", "content": "好家伙"}, {"uid": "399811804", "content": "？"}, {"uid": "18343394", "content": "好家伙"}, {"uid": "17336749", "content": "。"}, {"uid": "4577251", "content": "刚刚才从师姐投稿看完一遍"}, {"uid": "471069463", "content": "没毛病"}, {"uid": "4577251", "content": "开屏瞳孔地震"}, {"uid": "8784032", "content": "师姐这是在整活吗"}, {"uid": "8784032", "content": "？？？宾馆？"}, {"uid": "28481187", "content": "笑死"}, {"uid": "399811804", "content": "《特长》"}, {"uid": "471069463", "content": "笑死"}, {"uid": "18343394", "content": "笑死"}, {"uid": "28481187", "content": "666"}, {"uid": "325384143", "content": "这种有些像招聘的视频。。。。"}, {"uid": "471069463", "content": "hhh"}, {"uid": "471069463", "content": "来了来了"}, {"uid": "552461", "content": "好家伙"}, {"uid": "325384143", "content": "好家伙"}, {"uid": "18343394", "content": "好家伙"}, {"uid": "698355368", "content": "\\师姐/\\师姐/\\师姐/\\师姐/\\师姐/"}, {"uid": "18343394", "content": "\\师姐/\\师姐/\\师姐/\\师姐/\\师姐/"}, {"uid": "399811804", "content": "\\师姐/\\师姐/\\师姐/\\师姐/\\师姐/"}, {"uid": "325384143", "content": "\\师姐/\\师姐/\\师姐/\\师姐/\\师姐/"}, {"uid": "8138686", "content": "\\师姐/\\师姐/\\师姐/\\师姐/\\师姐/"}, {"uid": "18343394", "content": "\\师姐/\\师姐/\\师姐/\\师姐/\\师姐/"}, {"uid": "282845389", "content": "\\师姐/\\师姐/\\师姐/\\师姐/\\师姐/"}, {"uid": "545549120", "content": "想想想想想想想想想想想想想想想想"}, {"uid": "23015177", "content": "哈哈哈哈哈哈哈哈哈哈哈哈哈哈哈哈哈哈"}, {"uid": "23015177", "content": "哈哈哈哈哈哈哈哈哈哈哈哈哈哈哈哈"}]