[{"uid": "325384143", "content": "明天见"}, {"uid": "2881166", "content": "没关系的师姐"}, {"uid": "12211886", "content": "那就吹卡祖笛是吗"}, {"uid": "12864846", "content": "好听"}, {"uid": "18343394", "content": "师姐超棒的"}, {"uid": "698355368", "content": "很好听"}, {"uid": "12864846", "content": "没关系师姐"}, {"uid": "18343394", "content": "没关系哦"}, {"uid": "73366855", "content": "8888"}, {"uid": "2881166", "content": "师姐 我修炼天灵根啦"}, {"uid": "1704410", "content": "拜拜"}, {"uid": "8138686", "content": "对电闸好点"}, {"uid": "7833978", "content": "鲍勃拜拜"}, {"uid": "5705647", "content": "888888"}, {"uid": "8138686", "content": "师姐拜拜"}, {"uid": "2881166", "content": "拜拜呢师姐"}, {"uid": "34836755", "content": "师姐拜拜"}, {"uid": "2881166", "content": "师姐拜拜啦"}, {"uid": "325384143", "content": "拜拜"}, {"uid": "12046530", "content": "拜拜~师姐晚安喵~"}, {"uid": "5947555", "content": "师姐拜拜"}, {"uid": "2881166", "content": "拜拜啦"}, {"uid": "325384143", "content": "师姐放寒王吗"}, {"uid": "2175498", "content": "拜拜~"}, {"uid": "220762377", "content": "师姐拜拜师姐"}, {"uid": "552461", "content": "拜拜"}, {"uid": "698355368", "content": "拜拜"}, {"uid": "2737171", "content": "拜拜"}, {"uid": "12864846", "content": "师姐再见"}, {"uid": "18058907", "content": "88"}, {"uid": "12211886", "content": "拜拜"}, {"uid": "325384143", "content": "拜拜"}, {"uid": "18343394", "content": "拜拜"}, {"uid": "18343394", "content": "师姐拜拜"}, {"uid": "8138686", "content": "都是内鬼"}, {"uid": "7833978", "content": "拜拜拜拜"}, {"uid": "23015177", "content": "师姐拜拜"}, {"uid": "18058907", "content": "＼师姐/＼师姐/"}, {"uid": "2881166", "content": "\\师姐/yyds \\师姐/yyds"}, {"uid": "2881166", "content": "\\师姐/yyds"}, {"uid": "2881166", "content": "师姐 不哭"}, {"uid": "1248083811", "content": "好汀好汀(⌒▽⌒)(⌒▽⌒)"}, {"uid": "325384143", "content": "先看寒王吧"}, {"uid": "1704410", "content": "永无止境的加班"}, {"uid": "7833978", "content": "直接下"}, {"uid": "18343394", "content": "白一定"}, {"uid": "7833978", "content": "别唱了"}, {"uid": "2881166", "content": "加班啦"}, {"uid": "18343394", "content": "？？？"}, {"uid": "1340985", "content": "索命梵音！"}, {"uid": "12864846", "content": "kksk"}, {"uid": "5947555", "content": "师姐吹完一地尸体"}, {"uid": "12046530", "content": "师姐晚上好喵~"}, {"uid": "23015177", "content": "翻了"}, {"uid": "698355368", "content": "好像是比以前好听了"}, {"uid": "220762377", "content": "好听！！！"}, {"uid": "325384143", "content": "师姐，把仓鼠的投稿看了吧"}, {"uid": "18343394", "content": "好听就是坏耳朵"}, {"uid": "1704410", "content": "好不好听不知道但是是好笛子"}, {"uid": "8138686", "content": "所以好听！"}, {"uid": "18343394", "content": "不对"}, {"uid": "12211886", "content": "好……好订"}, {"uid": "8138686", "content": "好不好听不知道但是是好笛子"}, {"uid": "18343394", "content": "好听就是好耳朵"}, {"uid": "12864846", "content": "好听！！！！"}, {"uid": "18343394", "content": "保洁扫下地，最后走的扔垃圾"}, {"uid": "260975118", "content": "？"}, {"uid": "18343394", "content": "收一收桌子板凳，垃圾自觉带走"}, {"uid": "5947555", "content": "记得收拾好自己的垃圾"}, {"uid": "36338493", "content": "全损音质hhhh"}, {"uid": "5947555", "content": "散了散了"}, {"uid": "7833978", "content": "不然等会打扫起来麻烦"}, {"uid": "5947555", "content": "集体失聪"}, {"uid": "7833978", "content": "垃圾记得带走"}, {"uid": "18058907", "content": "拜拜师姐"}, {"uid": "23015177", "content": "赶紧走吧"}, {"uid": "545549120", "content": "师姐累了快休息吧"}, {"uid": "23015177", "content": "没有"}, {"uid": "23015177", "content": "没有彩蛋"}, {"uid": "23015177", "content": "散场了散场了"}, {"uid": "5947555", "content": "师姐拜拜"}, {"uid": "325384143", "content": "拜拜师姐"}, {"uid": "248562629", "content": "加班开始了"}, {"uid": "552461", "content": "拜拜"}, {"uid": "12211886", "content": "在……再来一首"}, {"uid": "2175498", "content": "拜拜~"}, {"uid": "73366855", "content": "晚安捏"}, {"uid": "28481187", "content": "拜拜"}, {"uid": "23015177", "content": "脚收一下"}, {"uid": "325384143", "content": "师姐拜拜"}, {"uid": "23015177", "content": "瓜子饮料垃圾壳记得带走啊"}, {"uid": "18343394", "content": "拉闸吧拉闸吧"}, {"uid": "28481187", "content": "再见"}, {"uid": "76745726", "content": "qq了"}, {"uid": "76745726", "content": "下播"}, {"uid": "2737171", "content": "拜拜拜拜拜拜"}, {"uid": "325384143", "content": "拜拜"}, {"uid": "73366855", "content": "害怕"}, {"uid": "18343394", "content": "八点了"}, {"uid": "18343394", "content": "下播了下播了"}, {"uid": "7833978", "content": "不要乱扔"}, {"uid": "2737171", "content": "聋了"}, {"uid": "28481187", "content": "88888888"}, {"uid": "5705647", "content": "粉丝突破两万，因为粉丝都裂开了"}, {"uid": "7833978", "content": "在座的师妹记得把辣鸡带走"}, {"uid": "5947555", "content": "来自师姐的暗杀"}, {"uid": "325384143", "content": "等等，这是卡祖笛？"}, {"uid": "23015177", "content": "真的难忘哈哈哈哈哈哈或"}, {"uid": "552461", "content": "全是感情，没有一丝技巧"}, {"uid": "76745726", "content": "再见"}, {"uid": "7833978", "content": "下播了"}, {"uid": "7833978", "content": "八点了"}, {"uid": "698355368", "content": "真的忘不了了"}, {"uid": "23015177", "content": "我带的耳机"}, {"uid": "2881166", "content": "哈哈哈哈哈哈哈"}, {"uid": "18058907", "content": "被暗算了"}, {"uid": "248562629", "content": "？"}, {"uid": "325384143", "content": "线啊"}, {"uid": "18343394", "content": "我回去加班了再见1"}, {"uid": "73366855", "content": "龟龟"}, {"uid": "545549120", "content": "注入灵魂"}, {"uid": "18058907", "content": "我超"}, {"uid": "7833978", "content": "你暗算我！"}, {"uid": "5947555", "content": "突然卡祖笛"}, {"uid": "9119045", "content": "哈哈哈哈哈哈"}, {"uid": "23015177", "content": "？？？？"}, {"uid": "5705647", "content": "？？？"}, {"uid": "18343394", "content": "？？？"}, {"uid": "76745726", "content": "？？？"}, {"uid": "18343394", "content": "难忘夜宵"}, {"uid": "7833978", "content": "？？？"}, {"uid": "36338493", "content": "好久不见(⌒▽⌒)"}, {"uid": "325384143", "content": "我先拜为敬"}, {"uid": "18343394", "content": "笑死"}, {"uid": "7833978", "content": "一首难忘今宵收尾"}, {"uid": "12864846", "content": "."}, {"uid": "2881166", "content": "\\师姐/yyds \\师姐/yyds"}, {"uid": "471069463", "content": "有事先出去啦，师姐bye"}, {"uid": "471069463", "content": ":\\师姐/\\师姐/\\师姐/"}, {"uid": "76745726", "content": "\\师姐/\\师姐/\\师姐/"}, {"uid": "18343394", "content": "这叫不会？？？？"}, {"uid": "18058907", "content": "(⌒▽⌒)"}, {"uid": "325384143", "content": "唱明天会更好"}, {"uid": "18058907", "content": "青花瓷"}, {"uid": "18343394", "content": "直接阿巴阿巴"}, {"uid": "545549120", "content": "想了十分钟 想到下播"}, {"uid": "28481187", "content": "唱 明天你好"}, {"uid": "437891653", "content": "还没有…"}, {"uid": "1704410", "content": "天堂？"}, {"uid": "545549120", "content": "鸡腿！"}, {"uid": "76745726", "content": "唱天堂"}, {"uid": "7833978", "content": "仓鼠哪来填充地面"}, {"uid": "1704410", "content": "九儿？"}, {"uid": "7833978", "content": "你笑什么"}, {"uid": "437891653", "content": "师姐吃饭了吗？"}, {"uid": "18343394", "content": "笑死"}, {"uid": "7833978", "content": "把你们这群人都扫出去"}, {"uid": "437891653", "content": "师姐晚上好"}, {"uid": "7833978", "content": "我来打扫师姐的直播间"}, {"uid": "18343394", "content": "准备让金毛吃垃圾"}, {"uid": "9119045", "content": "难忘今宵（卡祖笛版）"}, {"uid": "7833978", "content": "？？？"}, {"uid": "325384143", "content": "我先来\\师姐/\\师姐/\\师姐/\\师姐/"}, {"uid": "18058907", "content": "唱点新歌"}, {"uid": "28481187", "content": "加个班吧！"}, {"uid": "76745726", "content": "天堂"}, {"uid": "18343394", "content": "啊咩里"}, {"uid": "2175498", "content": "准备让金毛收垃圾了（"}, {"uid": "552461", "content": "渴望下班到说不出话"}, {"uid": "5705647", "content": "明天一万零一万粉纪念回"}, {"uid": "1704410", "content": "绝对会加班的"}, {"uid": "2175498", "content": "笑死。"}, {"uid": "2737171", "content": "笑死"}, {"uid": "76745726", "content": "秒速拉闸"}, {"uid": "471069463", "content": "笑死"}, {"uid": "18343394", "content": "笑死"}, {"uid": "9119045", "content": "说都不会话了"}, {"uid": "2881166", "content": "师姐要做公务员哈哈哈哈哈"}, {"uid": "23015177", "content": "笑死"}, {"uid": "76745726", "content": "笑死"}, {"uid": "2881166", "content": "师姐准时下班"}, {"uid": "28481187", "content": "天堂喜欢卡祖笛"}, {"uid": "8138686", "content": "鸳鸯奶茶"}, {"uid": "28481187", "content": "对"}, {"uid": "7833978", "content": "续杯"}, {"uid": "18343394", "content": "懂了给天堂独奏卡祖笛"}, {"uid": "8138686", "content": "这怎么能叫劫难呢"}, {"uid": "18058907", "content": "愿天堂有师姐"}, {"uid": "8138686", "content": "O"}, {"uid": "34836755", "content": "希望天堂没事"}, {"uid": "8138686", "content": "好耶"}, {"uid": "1457515", "content": "？"}, {"uid": "76745726", "content": "天堂:好耶"}, {"uid": "471069463", "content": "安排了"}, {"uid": "8138686", "content": "都可以安排"}, {"uid": "552461", "content": "天堂，快表现出你想听卡祖笛的样子"}, {"uid": "8138686", "content": "好有道理"}, {"uid": "7833978", "content": "天堂刚刚还好耶"}, {"uid": "8138686", "content": "确实"}, {"uid": "18343394", "content": "天堂在天堂看天堂唱天堂"}, {"uid": "8138686", "content": "草"}, {"uid": "2175498", "content": "建议现在就吹给天堂听（"}, {"uid": "2737171", "content": "天堂直接报警"}, {"uid": "471069463", "content": "笑死"}, {"uid": "8138686", "content": "啊这"}, {"uid": "8138686", "content": "啊"}, {"uid": "2737171", "content": "天堂：？？。"}, {"uid": "7833978", "content": "天堂直接改名地狱"}, {"uid": "325384143", "content": "天堂，羡慕"}, {"uid": "8138686", "content": "安排什么？"}, {"uid": "28481187", "content": "鹅？好吃吗？"}, {"uid": "1704410", "content": "天堂安排起来"}, {"uid": "8138686", "content": "好耶！"}, {"uid": "23015177", "content": "笑死"}, {"uid": "471069463", "content": "笑死"}, {"uid": "552461", "content": "天堂：？"}, {"uid": "5947555", "content": "啊这"}, {"uid": "471069463", "content": "天堂安排起来"}, {"uid": "7833978", "content": "？？？"}, {"uid": "5705647", "content": "黄鹅娘，什么黄鹅娘"}, {"uid": "23015177", "content": "妈咪！！"}, {"uid": "76745726", "content": "？？"}, {"uid": "5947555", "content": "愿天堂没有师姐的卡祖笛.pg"}, {"uid": "18343394", "content": "笑死"}, {"uid": "23015177", "content": "还有半城，阿摸，霖，小夜和"}, {"uid": "471069463", "content": "好家伙"}, {"uid": "12864846", "content": "要反过来看，他说不要就是要，说要就是真的"}, {"uid": "2737171", "content": "笑死"}, {"uid": "1704410", "content": "仓鼠公公 确信"}, {"uid": "28481187", "content": "冷宫"}, {"uid": "545549120", "content": "后宫佳丽三千 只宠师姐一人。jpg"}, {"uid": "7833978", "content": "不是只有仓鼠么"}, {"uid": "18343394", "content": "震惊言寺才是最大南通"}, {"uid": "2737171", "content": "好家伙"}, {"uid": "23015177", "content": "这些南通统统当太监"}, {"uid": "2881166", "content": "师姐 最高指令～"}, {"uid": "28481187", "content": "我希望我生日时，世上没有卡祖笛"}, {"uid": "552461", "content": "又想水群是吧"}, {"uid": "545549120", "content": "(￣3￣)"}, {"uid": "2175498", "content": "你看看猪猪的牌子  懂了吗（笑死"}, {"uid": "325384143", "content": "再见了妈妈今晚我就要远航"}, {"uid": "545549120", "content": "我不在"}, {"uid": "18343394", "content": "走的很仓促"}, {"uid": "325384143", "content": "啊这"}, {"uid": "7833978", "content": "年"}, {"uid": "5705647", "content": "连夜逃离地球是吧"}, {"uid": "7833978", "content": "晓月都哭了十年八年，明年这不得哭个二十几"}, {"uid": "2737171", "content": "好的，没问题，给它安排上"}, {"uid": "5947555", "content": "离开地球可还行"}, {"uid": "471069463", "content": "笑死"}, {"uid": "2175498", "content": "笑死，当场送走"}, {"uid": "28481187", "content": "哈哈"}, {"uid": "23015177", "content": "这些cue我的，统统当太监"}, {"uid": "9119045", "content": "还发问号，这不安排上"}, {"uid": "552461", "content": "言寺，准备好了吗"}, {"uid": "7833978", "content": "跑吧"}, {"uid": "7833978", "content": "言寺"}, {"uid": "12864846", "content": "晓月永生难忘，已经刻入DNA了"}, {"uid": "325384143", "content": "开心"}, {"uid": "1704410", "content": "言寺你期待吗"}, {"uid": "7355011", "content": "..........."}, {"uid": "23015177", "content": "？"}, {"uid": "471069463", "content": "期待"}, {"uid": "18343394", "content": "笑死"}, {"uid": "7833978", "content": "人都哭成残月了"}, {"uid": "2737171", "content": "下一个是言寺，期待下一个"}, {"uid": "7833978", "content": "晓月的泪都流了个十年八年"}, {"uid": "9119045", "content": "被安排的明明白白"}, {"uid": "471069463", "content": "笑死"}, {"uid": "2175498", "content": "笑死。"}, {"uid": "1704410", "content": "安排"}, {"uid": "471069463", "content": "安排了hhh"}, {"uid": "698355368", "content": "笑死"}, {"uid": "471069463", "content": "？？？"}, {"uid": "23015177", "content": "笑死"}, {"uid": "7833978", "content": "今天请了保洁仓鼠，大家不用在意"}, {"uid": "28481187", "content": "不"}, {"uid": "18343394", "content": "笑死"}, {"uid": "28481187", "content": "No"}, {"uid": "2175498", "content": "心理阴影沉重（"}, {"uid": "2737171", "content": "谢邀，确实永生难忘（）"}, {"uid": "7833978", "content": "收到收到"}, {"uid": "7833978", "content": "什么？提前下播了？"}, {"uid": "2175498", "content": "永生难忘，指心理医生沉重！"}, {"uid": "552461", "content": "晓月流下了开心的泪水"}, {"uid": "325384143", "content": "晓月开心地离开地球了"}, {"uid": "5705647", "content": "这辈子过不了，下辈子过"}, {"uid": "28481187", "content": "抽卡祖笛，我们就信你！"}, {"uid": "18343394", "content": "恨不得普天同庆"}, {"uid": "7833978", "content": "晓月开心的去加班了"}, {"uid": "2175498", "content": "白师姐倒拔垂杨柳？"}, {"uid": "12211886", "content": "师姐，他们一直提卡祖笛其实就是想听了"}, {"uid": "18343394", "content": "晓月:????"}, {"uid": "7833978", "content": "卡祖笛哪有倒拔垂杨柳"}, {"uid": "65240577", "content": "晚安"}, {"uid": "23015177", "content": "你们已经是成熟的师妹了，要学会自己找乐子"}, {"uid": "1704410", "content": "比如迫害师姐？"}, {"uid": "2737171", "content": "相当自在（指各种迫害"}, {"uid": "2175498", "content": "建议早点儿把卡祖笛扔了（求求了）"}, {"uid": "325384143", "content": "森怕森抖怜"}, {"uid": "552461", "content": "挺开心的"}, {"uid": "7833978", "content": "开心（物理"}, {"uid": "1704410", "content": "抽了卡祖笛就开心"}, {"uid": "18343394", "content": "105%的白怜"}, {"uid": "18343394", "content": "谢谢很开心"}, {"uid": "34836755", "content": "得1000%自在"}, {"uid": "7833978", "content": "100%怜"}, {"uid": "18343394", "content": "那你们给我ke头啊"}, {"uid": "7833978", "content": "就是在杀仓鼠"}, {"uid": "325384143", "content": "我更喜欢做PPT"}, {"uid": "7833978", "content": "不是在骂仓鼠"}, {"uid": "5705647", "content": "我也是师妹，你也是师妹，我们贴贴"}, {"uid": "23015177", "content": "？不能呜呜呜呜呜呜"}, {"uid": "1704410", "content": "1依赖99迫害？"}, {"uid": "545549120", "content": "无念 讲ppt滴神"}, {"uid": "471069463", "content": "笑死"}, {"uid": "552461", "content": "知道了，就一点点（）"}, {"uid": "7833978", "content": "不可以哦"}, {"uid": "23015177", "content": "笑死"}, {"uid": "23015177", "content": "那师姐能和我贴贴吗"}, {"uid": "18343394", "content": "笑死"}, {"uid": "325384143", "content": "什么PPT啊那是"}, {"uid": "325384143", "content": "打死仓鼠"}, {"uid": "28481187", "content": "有一点"}, {"uid": "552461", "content": "笑死"}, {"uid": "23015177", "content": "笑死"}, {"uid": "18343394", "content": "你别加疑问句啊啊"}, {"uid": "2175498", "content": "心里有仓鼠，指想迫害仓鼠"}, {"uid": "7833978", "content": "摸鱼有一套的"}, {"uid": "28481187", "content": "弟位"}, {"uid": "34836755", "content": "群牛头人不请自来"}, {"uid": "325384143", "content": "师姐，看寒王吧"}, {"uid": "1704410", "content": "仓鼠《弟位》"}, {"uid": "2737171", "content": "笑死"}, {"uid": "28481187", "content": "弟位"}, {"uid": "552461", "content": "会默哀两秒"}, {"uid": "9119045", "content": "《弟位》"}, {"uid": "1704410", "content": "选几张能发的发群里"}, {"uid": "18343394", "content": "？？？"}, {"uid": "7833978", "content": "备用食物"}, {"uid": "4577251", "content": "仓鼠 群菩萨.jpg"}, {"uid": "7833978", "content": "？？？"}, {"uid": "2175498", "content": "仓鼠送我的那个游戏我甚至没下（"}, {"uid": "325384143", "content": "选几张可以发的"}, {"uid": "274631591", "content": "那到时候QQ私发给你得了"}, {"uid": "2737171", "content": "来来来，仓鼠说说的的获奖感言"}, {"uid": "5705647", "content": "笑死"}, {"uid": "471069463", "content": "还是不发群好"}, {"uid": "274631591", "content": "好的，反正我留着也没用"}, {"uid": "471069463", "content": "hhh"}, {"uid": "9119045", "content": "说起来上次抽的witch it我还没打开"}, {"uid": "471069463", "content": "笑死"}, {"uid": "274631591", "content": "送你"}, {"uid": "552461", "content": "把白和甜去了"}, {"uid": "2737171", "content": "笑死"}, {"uid": "1704410", "content": "你永远可以向仓鼠要游戏"}, {"uid": "18343394", "content": " 冲这你们给我ke个头不过分吧"}, {"uid": "2175498", "content": "那种  一个死傲娇，一个舔着脸的一对CP"}, {"uid": "471069463", "content": "每个群必不可缺的人物"}, {"uid": "5705647", "content": "一听就知道是老龙王了"}, {"uid": "7833978", "content": "仓鼠：全群届敌"}, {"uid": "5947555", "content": "金毛仓鼠"}, {"uid": "2175498", "content": "仓鼠跟金毛属于是。。。"}, {"uid": "23015177", "content": "仓鼠，活跃工具人"}, {"uid": "40869044", "content": "整点同人志"}, {"uid": "2737171", "content": "磕到了，磕到了"}, {"uid": "9119045", "content": "现在还是地下阶段吗（"}, {"uid": "2881166", "content": "师姐原来在磕cp啦"}, {"uid": "2175498", "content": "磕到了磕到了（"}, {"uid": "23015177", "content": "笑死"}, {"uid": "28481187", "content": "磕！"}, {"uid": "471069463", "content": "好有文采"}, {"uid": "40869044", "content": "师姐喜欢黄毛"}, {"uid": "23015177", "content": "谢谢"}, {"uid": "23015177", "content": "刚进来就磕到粮了"}, {"uid": "40869044", "content": "仓鼠，金毛，都是黄的"}, {"uid": "1704410", "content": "天天磕cp"}, {"uid": "28481187", "content": "哈哈哈哈"}, {"uid": "545549120", "content": "磕到了"}, {"uid": "2737171", "content": "笑死"}, {"uid": "2881166", "content": "还有爱的比喻啊"}, {"uid": "552461", "content": "宠物是吧"}, {"uid": "23015177", "content": "磕到了"}, {"uid": "2881166", "content": "哈哈哈哈哈哈"}, {"uid": "18343394", "content": "？？？"}, {"uid": "552461", "content": "笑死"}, {"uid": "7833978", "content": "？？？"}, {"uid": "9119045", "content": "磕到了"}, {"uid": "40869044", "content": "金轮"}, {"uid": "2175498", "content": "然后，现在变成南桐之源（"}, {"uid": "471069463", "content": "hhh"}, {"uid": "28481187", "content": "好仓鼠.job"}, {"uid": "552461", "content": "纯真，指南桐浓度"}, {"uid": "2881166", "content": "一口美味 一口纯真"}, {"uid": "40869044", "content": "纯真的眼神"}, {"uid": "1704410", "content": "现在都成永世龙王了"}, {"uid": "552461", "content": "笑死"}, {"uid": "40869044", "content": "天赋被动"}, {"uid": "7833978", "content": "因为仓鼠不太聪明的样子"}, {"uid": "18343394", "content": "好家伙"}, {"uid": "40869044", "content": "仓鼠飞轮"}, {"uid": "2737171", "content": "笑死"}, {"uid": "12864846", "content": "八点好像就我和金毛在"}, {"uid": "28481187", "content": "？？？"}, {"uid": "325384143", "content": "到处击剑鼠"}, {"uid": "471069463", "content": "仓鼠做什么了"}, {"uid": "18343394", "content": "我不是我没有"}, {"uid": "28481187", "content": "确实"}, {"uid": "2737171", "content": "仓鼠，污染之源"}, {"uid": "7833978", "content": "上次还骗我八点在漓江塔！"}, {"uid": "552461", "content": "仓鼠，你想想你自己"}, {"uid": "2737171", "content": "笑死"}, {"uid": "2175498", "content": "群里变成南桐的多数原因是因为仓鼠（真的"}, {"uid": "1704410", "content": "明明是仓鼠污染的"}, {"uid": "7833978", "content": "你敷衍我！"}, {"uid": "18343394", "content": "好敷衍"}, {"uid": "28481187", "content": "金毛委屈限定.job"}, {"uid": "18343394", "content": "笑死"}, {"uid": "325384143", "content": "！"}, {"uid": "40869044", "content": "D不动了？吃点六味地黄丸吧"}, {"uid": "471069463", "content": "单推师姐"}, {"uid": "7833978", "content": "我一直都在的好吧!"}, {"uid": "12864846", "content": "仓鼠来了之后吸引了好多南通"}, {"uid": "2737171", "content": "现在D不动了，已经是单推的形状了"}, {"uid": "7833978", "content": "什么时候！"}, {"uid": "7833978", "content": "？？？"}, {"uid": "18343394", "content": "笑死"}, {"uid": "5947555", "content": "晓月599的关注"}, {"uid": "2175498", "content": "我现在都是跟着师姐到处D（"}, {"uid": "2737171", "content": "真就搭讪少女呗"}, {"uid": "40869044", "content": "审讯室了属于是"}, {"uid": "7833978", "content": "？？？"}, {"uid": "2737171", "content": "笑死"}, {"uid": "34836755", "content": "卑微师姐"}, {"uid": "552461", "content": "金毛美少女并感"}, {"uid": "1704410", "content": "笑死"}, {"uid": "40869044", "content": "经典层层盘问"}, {"uid": "18343394", "content": "笑死"}, {"uid": "2737171", "content": "师姐刚出道的时候我还D的到处都是"}, {"uid": "545549120", "content": "金毛:我愿意"}, {"uid": "18343394", "content": "笑死"}, {"uid": "7833978", "content": "？？？"}, {"uid": "1704410", "content": "金毛（哭）"}, {"uid": "18343394", "content": "呜呜呜金毛好可怜呜呜呜"}, {"uid": "28481187", "content": "调戏对象-1"}, {"uid": "18343394", "content": "？？？"}, {"uid": "325384143", "content": "金毛，可怜的金毛，被仓鼠，被仓鼠……可怜"}, {"uid": "28481187", "content": "兔兔现在很少冒头了"}, {"uid": "2737171", "content": "一定是仓鼠带坏的"}, {"uid": "2175498", "content": "金毛现在不开麦了，越来越觉得她是美少女了"}, {"uid": "2737171", "content": "仓鼠（确信"}, {"uid": "18343394", "content": "真奇怪"}, {"uid": "552461", "content": "被认为是美少女的金毛"}, {"uid": "18343394", "content": "是谁带坏的呢"}, {"uid": "10412397", "content": "师姐晚上好"}, {"uid": "1704410", "content": "毒奶？师姐你就是"}, {"uid": "7833978", "content": "我不是！我没有！你别乱说"}, {"uid": "28481187", "content": "泪目"}, {"uid": "18343394", "content": "最后一个站160分"}, {"uid": "325384143", "content": "舰前考察"}, {"uid": "7833978", "content": "不是我！"}, {"uid": "12864846", "content": "呜呜呜师姐"}, {"uid": "2737171", "content": "你说呢？凌晨三点打牌毛"}, {"uid": "18343394", "content": "好家伙"}, {"uid": "7833978", "content": "晓月什么仇"}, {"uid": "7833978", "content": "？？？"}, {"uid": "2737171", "content": "金毛一定不要加班哦（等会就去找毒奶"}, {"uid": "7833978", "content": "下星期吧"}, {"uid": "552461", "content": "这是师姐给你的期待"}, {"uid": "18343394", "content": "金毛充不加班！！"}, {"uid": "552461", "content": "金毛，一定不要加班哦"}, {"uid": "471069463", "content": "金毛：永不加班！"}, {"uid": "7833978", "content": "？？？"}, {"uid": "325384143", "content": "金毛快去上班吧"}, {"uid": "7833978", "content": "你们开始了是吧！"}, {"uid": "7833978", "content": "？？？"}, {"uid": "545549120", "content": "金毛也要加班了吗"}, {"uid": "471069463", "content": "可能这个暑假以后吧，笑死"}, {"uid": "12211886", "content": "丧尸冲进直播间那叫开盲盒"}, {"uid": "2737171", "content": "查询金毛简历，失望的走了"}, {"uid": "1704410", "content": "金毛该上班了"}, {"uid": "2175498", "content": "金毛 你该上班了（"}, {"uid": "7833978", "content": "快了！"}, {"uid": "5705647", "content": "僵尸打得过师姐吗"}, {"uid": "7833978", "content": "我杀了你们"}, {"uid": "552461", "content": "金毛，该上班了"}, {"uid": "2175498", "content": "阿巴阿巴阿巴（"}, {"uid": "7833978", "content": "？？？"}, {"uid": "18343394", "content": "金毛你去上班啊啊啊"}, {"uid": "552461", "content": "僵尸打开了师姐的脑袋，失望的走了"}, {"uid": "1704410", "content": "不用动脑子"}, {"uid": "9119045", "content": "查询直播间平均学历"}, {"uid": "7833978", "content": "？？？"}, {"uid": "7833978", "content": "都不上班的是吧"}, {"uid": "18343394", "content": "笑死"}, {"uid": "4577251", "content": "不过能看到小作文师姐也很开心（？？"}, {"uid": "1704410", "content": "附议"}, {"uid": "18343394", "content": "笑死"}, {"uid": "2737171", "content": "真实，我们应该送上一场盛大的迫害"}, {"uid": "7833978", "content": "你再骂！"}, {"uid": "18343394", "content": "师姐暗示我们没文化"}, {"uid": "7833978", "content": "骗我的小作文？"}, {"uid": "2737171", "content": "阿紫限定"}, {"uid": "5947555", "content": "哒咩desu"}, {"uid": "2175498", "content": "懒得找（"}, {"uid": "2737171", "content": "羁绊任务与心爱的卡祖笛行至世界尽头"}, {"uid": "545549120", "content": "卡紫笛"}, {"uid": "18343394", "content": "卡紫笛"}, {"uid": "7833978", "content": "紫祖笛"}, {"uid": "28481187", "content": "哒咩！"}, {"uid": "2175498", "content": "哒咩！！！！"}, {"uid": "552461", "content": "度仙门白师姐，把卡祖笛给我扔了.jpg"}, {"uid": "12211886", "content": "甚至仓鼠自己买了一个卡祖笛"}, {"uid": "18343394", "content": "懂了啊紫就是卡祖笛"}, {"uid": "545549120", "content": "他和卡祖笛灵魂绑定了"}, {"uid": "18343394", "content": "？？？"}, {"uid": "2737171", "content": "笑死，更本不可能"}, {"uid": "5947555", "content": "懂了阿紫想听卡祖笛"}, {"uid": "471069463", "content": "扔了必不可能"}, {"uid": "1704410", "content": "不要浪费了，抽了吧"}, {"uid": "18343394", "content": "我灵魂绑定了根本走不了"}, {"uid": "28481187", "content": "珍惜X迫害√"}, {"uid": "39096217", "content": "哈哈哈"}, {"uid": "450245822", "content": "突然想笑"}, {"uid": "2737171", "content": "笑死"}, {"uid": "471069463", "content": "笑死"}, {"uid": "552461", "content": "笑死，三天能憋出五个字"}, {"uid": "18343394", "content": "笑死"}, {"uid": "18343394", "content": "笑死我没文采码不了"}, {"uid": "12864846", "content": "你要什么奶茶"}, {"uid": "1704410", "content": "仓鼠代表作《游戏库》"}, {"uid": "325384143", "content": "晓月代表作不是《打牌》吗"}, {"uid": "471069463", "content": "我已经鸽了三天了hhh"}, {"uid": "471069463", "content": "是的，好多人码字"}, {"uid": "545549120", "content": "晓月代表作《加班》"}, {"uid": "552461", "content": "确实"}, {"uid": "2737171", "content": "写过的，鸽了"}, {"uid": "9119045", "content": "草"}, {"uid": "12211886", "content": "什么叫摸鱼，这叫闲庭世外"}, {"uid": "7833978", "content": "是加班啊！"}, {"uid": "28481187", "content": "探头"}, {"uid": "7833978", "content": "晓月是谁？"}, {"uid": "471069463", "content": "笑死"}, {"uid": "325384143", "content": "那我呢？"}, {"uid": "7833978", "content": "打我太狠了"}, {"uid": "7833978", "content": "死"}, {"uid": "2175498", "content": "笑死，我是对不起战神（）"}, {"uid": "471069463", "content": "只是暂时没想到喜欢的名字和头像罢了"}, {"uid": "471069463", "content": "emm旧冬还会改的"}, {"uid": "28481187", "content": "师姐的梦想(摸鱼)"}, {"uid": "12211886", "content": "没错没错，旧冬的数字名辨识度太低了"}, {"uid": "4577251", "content": "仓鼠发言味道出来了"}, {"uid": "7833978", "content": "好家伙"}, {"uid": "552461", "content": "笑死"}, {"uid": "7833978", "content": "你们都小作文"}, {"uid": "471069463", "content": "然后就给师姐留下孩子的印象了"}, {"uid": "7833978", "content": "？？？"}, {"uid": "8138686", "content": "请斩隆基努斯！"}, {"uid": "7833978", "content": "师姐！"}, {"uid": "7833978", "content": "我没说师姐啊"}, {"uid": "325384143", "content": "请斩隆基努斯！"}, {"uid": "471069463", "content": "开了就不想关续了"}, {"uid": "7833978", "content": "指架在脖子上的刀"}, {"uid": "7833978", "content": "随身带刀的隆基努斯"}, {"uid": "18343394", "content": "笑死"}, {"uid": "2737171", "content": "自闭儿童（确信"}, {"uid": "12864846", "content": "道路就会不断的延伸"}, {"uid": "325384143", "content": "而现在的隆基努斯……"}, {"uid": "552461", "content": "早就没了还行"}, {"uid": "32019227", "content": "不要迷茫，只要不停下，道路就会不断延伸"}, {"uid": "552461", "content": "群里发了"}, {"uid": "7833978", "content": "你不哭是吧，我帮你哭"}, {"uid": "698355368", "content": "没听过"}, {"uid": "471069463", "content": "隆基努斯～"}, {"uid": "325384143", "content": "不是，是看见别人哭就会很急，急到想哭"}, {"uid": "18343394", "content": "好家伙"}, {"uid": "2881166", "content": "师姐轻轻松松的就好～～"}, {"uid": "7833978", "content": "隆基努斯想了这么久？"}, {"uid": "18343394", "content": "多闭一会就进小盒了"}, {"uid": "12864846", "content": "干嘛！"}, {"uid": "2881166", "content": "师姐一觉睡到天亮还是当中会醒过来几次呀"}, {"uid": "7833978", "content": "小夜！"}, {"uid": "12864846", "content": "有时候眼睛一睁一闭就天亮了"}, {"uid": "7833978", "content": "昏厥"}, {"uid": "325384143", "content": "因为不常哭所以看见别人哭就受不了"}, {"uid": "471069463", "content": "真好诶"}, {"uid": "18058907", "content": "挂机吃饭去_(:3」∠)_"}, {"uid": "18343394", "content": "好家伙我几乎天天做梦的"}, {"uid": "2881166", "content": "师姐睡得香呀"}, {"uid": "18343394", "content": "师姐好梦中流泪"}, {"uid": "2737171", "content": "内心毫无波动"}, {"uid": "18343394", "content": "做梦会哭吗"}, {"uid": "7833978", "content": "吵架的时候就是啊"}, {"uid": "7833978", "content": "哭都可以哭"}, {"uid": "471069463", "content": "笑死"}, {"uid": "12211886", "content": "让我感觉面对的不是白怜而是白怜"}, {"uid": "274631591", "content": "我就怕你生气把我黑名单"}, {"uid": "12864846", "content": "共情能力较强，容易陷入别人的痛苦之中"}, {"uid": "7833978", "content": "我先把你鲨了"}, {"uid": "12211886", "content": "但我喜欢的就是这种真实感"}, {"uid": "18343394", "content": "懂了金毛要一个人杀穿"}, {"uid": "274631591", "content": "结果现在弄巧成拙了"}, {"uid": "471069463", "content": "ow启动"}, {"uid": "471069463", "content": "笑死"}, {"uid": "698355368", "content": "那ow吧"}, {"uid": "274631591", "content": "想画个同人给你鼓励"}, {"uid": "7833978", "content": "上线上分！"}, {"uid": "18343394", "content": "笑死"}, {"uid": "7833978", "content": "多说无益"}, {"uid": "18343394", "content": "做自己就好"}, {"uid": "274631591", "content": "我就是觉得你哭的时候太难受"}, {"uid": "18343394", "content": "笑死"}, {"uid": "7833978", "content": "师姐是师姐就好了"}, {"uid": "471069463", "content": "还好"}, {"uid": "2881166", "content": "师姐任性 但是真实呀"}, {"uid": "698355368", "content": "确实，混沌的师姐才是看着最舒服的"}, {"uid": "325384143", "content": "叉出去"}, {"uid": "28481187", "content": "叉出去"}, {"uid": "545549120", "content": "我永远喜欢晓月（加班的样子）"}, {"uid": "12864846", "content": "叉出去"}, {"uid": "7833978", "content": "前几天你可不是这么说的"}, {"uid": "471069463", "content": "hhh"}, {"uid": "2737171", "content": "好的"}, {"uid": "18343394", "content": "叉出去吧"}, {"uid": "7833978", "content": "晓月"}, {"uid": "2881166", "content": "一万粉 40舰啦～"}, {"uid": "2881166", "content": "恭喜师姐！！"}, {"uid": "259495440", "content": "明白"}, {"uid": "2737171", "content": "我永远（）喜欢师姐（混沌的样子）"}, {"uid": "12864846", "content": "呜呜呜师姐，我永远喜欢师姐"}, {"uid": "698355368", "content": "师姐世界第一可爱"}, {"uid": "7833978", "content": "仓鼠叉出去鲨了吧"}, {"uid": "18343394", "content": "明白明白"}, {"uid": "18343394", "content": "我永远喜欢师姐！！！！"}, {"uid": "2737171", "content": "吃个饭回来，突然情感电台"}, {"uid": "7833978", "content": "我超喜欢师姐的"}, {"uid": "7833978", "content": "开玩笑"}, {"uid": "18343394", "content": "没关系的师姐"}, {"uid": "471069463", "content": "？"}, {"uid": "18343394", "content": "好家伙"}, {"uid": "2045342061", "content": "我进入你们群给姐姐还有各位看我拼好高达"}, {"uid": "12864846", "content": "会有不同的感觉"}, {"uid": "2045342061", "content": "姐姐晚上好"}, {"uid": "12864846", "content": "小说和V分开感受的"}, {"uid": "471069463", "content": "我那时候就是这样的"}, {"uid": "12864846", "content": "小说和V"}, {"uid": "18343394", "content": "已经有固有印象了？"}, {"uid": "7833978", "content": "晚睡的师妹有师姐看"}, {"uid": "471069463", "content": "好家伙"}, {"uid": "274631591", "content": "就是画个同人结果变成18警告的漫画了"}, {"uid": "12211886", "content": "当初还通了一回"}, {"uid": "471069463", "content": "哈哈哈哈哈哈哈"}, {"uid": "471069463", "content": "可乐妈妈"}, {"uid": "7833978", "content": "我超勇的！"}, {"uid": "325384143", "content": "真·随机掉落"}, {"uid": "274631591", "content": "现在回过神，多四五张草稿"}, {"uid": "18343394", "content": "有点亏"}, {"uid": "18343394", "content": "那时候我应该不在"}, {"uid": "471069463", "content": "hhh"}, {"uid": "7833978", "content": "当时熬死的师妹可多了"}, {"uid": "18343394", "content": "好家伙"}, {"uid": "29872401", "content": "qian哇^^"}, {"uid": "274631591", "content": "结果画上头了"}, {"uid": "274631591", "content": "结果想改一下"}, {"uid": "274631591", "content": "画第一张后感觉不够妩媚"}, {"uid": "18058907", "content": "╮(￣▽￣)╭"}, {"uid": "18058907", "content": "要不是在首页看到我都忘了还有刺猬猫这玩意"}, {"uid": "274631591", "content": "额关于你的同人二创的"}, {"uid": "2175498", "content": "我是混沌信徒（"}, {"uid": "471069463", "content": "还行"}, {"uid": "18343394", "content": "我也是v粉"}, {"uid": "274631591", "content": "不知道要不要跟师姐坦白"}, {"uid": "12211886", "content": "这才叫个人魅力"}, {"uid": "73366855", "content": "我只是V粉，没看过小说"}, {"uid": "18343394", "content": "懂了师姐想被骂"}, {"uid": "698355368", "content": "很真实其实就很舒服的"}, {"uid": "274631591", "content": "说实话一件事我也挺纠结"}, {"uid": "73366855", "content": "哈哈"}, {"uid": "471069463", "content": "hhh"}, {"uid": "18343394", "content": "笑死"}, {"uid": "23015177", "content": "哭了"}, {"uid": "7833978", "content": "先上个五百强吧"}, {"uid": "23015177", "content": "我开不了声音"}, {"uid": "552461", "content": "2w粉"}, {"uid": "471069463", "content": "下一个目标"}, {"uid": "18343394", "content": "空虚了"}, {"uid": "23015177", "content": "我来了"}, {"uid": "7833978", "content": "每个月小目标都超级加倍了"}, {"uid": "552461", "content": "笑死"}, {"uid": "18343394", "content": "好家伙"}, {"uid": "471069463", "content": "暑假好好吸粉吖"}, {"uid": "545549120", "content": "这么苍白。好可怜 就叫你白怜吧"}, {"uid": "34440189", "content": "这么屑的白师姐还是扔了吧"}, {"uid": "18343394", "content": "10w"}, {"uid": "73366855", "content": "已经开始摆烂了是吧"}, {"uid": "18343394", "content": "比如下个月10粉"}, {"uid": "7833978", "content": "摸鱼越来越丝滑了"}, {"uid": "12211886", "content": "拱卒"}, {"uid": "7833978", "content": "摸鱼的借口有了"}, {"uid": "32019227", "content": "万粉纪念棋牌室"}, {"uid": "18343394", "content": "笑死"}, {"uid": "4577251", "content": "尊重万粉.jpg"}, {"uid": "7833978", "content": "亿点点"}, {"uid": "18058907", "content": "王炸"}, {"uid": "325384143", "content": "王炸"}, {"uid": "2175498", "content": "可以跟弹幕 打斗地主"}, {"uid": "325384143", "content": "飞机"}, {"uid": "7833978", "content": "4个2带一对鬼"}, {"uid": "325384143", "content": "明牌"}, {"uid": "325384143", "content": "不加倍"}, {"uid": "7833978", "content": "？？？"}, {"uid": "4577251", "content": "刚刚点了外卖和奶茶"}, {"uid": "2175498", "content": "加倍（"}, {"uid": "471069463", "content": "就刚刚到港式奶茶吧"}, {"uid": "4577251", "content": "玩游戏太快乐所以忘了点外卖"}, {"uid": "545549120", "content": "抢地主"}, {"uid": "7833978", "content": "来个外卖"}, {"uid": "18343394", "content": "笑死"}, {"uid": "471069463", "content": "直接外卖啊，笑死"}, {"uid": "18343394", "content": "我还在找上传的封面"}, {"uid": "12864846", "content": "懒得下去买菜煮东西"}, {"uid": "7833978", "content": "？？？"}, {"uid": "18343394", "content": "笑死"}, {"uid": "12864846", "content": "在纠结吃什么，家里没人没菜"}, {"uid": "471069463", "content": "嗯聊两小时"}, {"uid": "18343394", "content": "加一块聊到下播"}, {"uid": "12211886", "content": "没什么事"}, {"uid": "471069463", "content": "师姐百舰不聊了吗"}, {"uid": "552461", "content": "马上第一个字就出来了"}, {"uid": "471069463", "content": "（￣▽￣）"}, {"uid": "7833978", "content": "努力了，努力了"}, {"uid": "552461", "content": "在想了，在想了"}, {"uid": "7833978", "content": "和阿莫一桌啊"}, {"uid": "552461", "content": "一听就不能食用"}, {"uid": "18343394", "content": "？？？"}, {"uid": "34440189", "content": "太屑了"}, {"uid": "7833978", "content": "特色菜moba鼠"}, {"uid": "32019227", "content": "就像是喝醉的茶遇到了失恋的奶"}, {"uid": "7833978", "content": "今晚阿莫和仓鼠一桌"}, {"uid": "2175498", "content": "好的，我先点一杯奶茶（"}, {"uid": "12864846", "content": "笑死，一开门掉地上了"}, {"uid": "552461", "content": "把奶茶挂师姐门把手上"}, {"uid": "4577251", "content": "为了防止师姐下播，阿摸只能代替师姐喝奶茶"}, {"uid": "2175498", "content": "谢谢师姐给医院创收"}, {"uid": "7833978", "content": "从窗子给师姐扔进去！"}, {"uid": "18343394", "content": "好家伙"}, {"uid": "471069463", "content": "不要停尸房hhh"}, {"uid": "12864846", "content": "港式奶茶好好喝的，那种奶香和茶香好棒的"}, {"uid": "7833978", "content": "小夜来点奶茶"}, {"uid": "28481187", "content": "不要卡祖笛，不要ICU"}, {"uid": "4577251", "content": "因为师姐要直播所以拿不了外卖"}, {"uid": "12864846", "content": "师姐喝过港式奶茶吗"}, {"uid": "18343394", "content": "叉出去！！"}, {"uid": "7833978", "content": "想打游戏"}, {"uid": "545549120", "content": "卡祖笛yyds"}, {"uid": "471069463", "content": "笑死"}, {"uid": "4577251", "content": "师姐万粉回阿摸奖励自己喝奶茶"}, {"uid": "18343394", "content": "？？？"}, {"uid": "7833978", "content": "鲨了吧"}, {"uid": "12211886", "content": "尤克里里可以用卡祖笛配乐"}, {"uid": "7833978", "content": "仓鼠的问题"}, {"uid": "552461", "content": "先把仓鼠处理了给言寺生日助兴"}, {"uid": "7833978", "content": "？？？"}, {"uid": "95297039", "content": "卡林巴呢？要试试吗"}, {"uid": "7833978", "content": "言寺已经跑路了"}, {"uid": "12211886", "content": "我最近在学尤克里里"}, {"uid": "2175498", "content": "好听是好听，就是有点儿废师妹 "}, {"uid": "12864846", "content": "好听！！！"}, {"uid": "552461", "content": "好听，就是废师妹"}, {"uid": "7833978", "content": "就是有点费耳朵"}, {"uid": "471069463", "content": "还有几天是言寺的了吧"}, {"uid": "95297039", "content": "半城被仓鼠吃了，这个是仓鼠找人假冒的"}, {"uid": "7833978", "content": "好听是好听"}, {"uid": "12864846", "content": "全城"}, {"uid": "471069463", "content": "笑死"}, {"uid": "76745726", "content": "新人报道"}, {"uid": "2175498", "content": "指我生日的时候，给我吹卡祖笛的师姐（"}, {"uid": "95297039", "content": "我不仅被送走了，还社死了"}, {"uid": "471069463", "content": "什么时候哇"}, {"uid": "18058907", "content": "刚才声音开到了最大，差点给我送走了"}, {"uid": "450245822", "content": "这是？"}, {"uid": "524947577", "content": "xiazhule "}, {"uid": "76745726", "content": "笑死"}, {"uid": "450245822", "content": "哈哈"}, {"uid": "12864846", "content": "蚌埠住了"}, {"uid": "18058907", "content": "蒸牛蛙"}, {"uid": "2175498", "content": "你说到生日回，我就想起我那次的忌日快乐了"}, {"uid": "545549120", "content": "你滴师姐"}, {"uid": "220762377", "content": "哈哈哈哈"}, {"uid": "95297039", "content": "我带着耳机偷偷听，一下子给我送走了"}, {"uid": "4577251", "content": "谢邀，被送走了"}, {"uid": "1704410", "content": "我们有"}, {"uid": "259495440", "content": "笑死"}, {"uid": "18058907", "content": "牛蛙"}, {"uid": "12864846", "content": "太草了哈哈哈哈哈哈哈哈"}, {"uid": "18343394", "content": "笑死"}, {"uid": "913047", "content": "哈哈"}, {"uid": "7833978", "content": "草"}, {"uid": "698355368", "content": "笑死"}, {"uid": "18058907", "content": "离谱"}, {"uid": "45848547", "content": "草笑死"}, {"uid": "552461", "content": "笑死"}, {"uid": "471069463", "content": "笑死"}, {"uid": "7833978", "content": "今天的任务就做完了"}, {"uid": "76745726", "content": "晚上好"}, {"uid": "12864846", "content": "笑死"}, {"uid": "1704410", "content": "把仓鼠的视频下载下来"}, {"uid": "7833978", "content": "明年今年w粉纪念回？"}, {"uid": "1704410", "content": "找到了，添加媒体源"}, {"uid": "545549120", "content": "明年见？"}, {"uid": "28481187", "content": "不至于"}, {"uid": "95297039", "content": "被推倒的都是运气超级好的人哦"}, {"uid": "7833978", "content": "多裂几次"}, {"uid": "471069463", "content": "？2w？"}, {"uid": "552461", "content": "晓月，呜呜呜，晓月"}, {"uid": "95297039", "content": "晓月发生了什么？"}, {"uid": "96683768", "content": "恭喜"}, {"uid": "96683768", "content": "师姐2w粉了"}, {"uid": "35001339", "content": "怎么我看个小说都能这么推"}, {"uid": "18343394", "content": "呜呜呜晓月哥"}, {"uid": "471069463", "content": "hhh"}, {"uid": "18343394", "content": "被叫去加班了把"}, {"uid": "35001339", "content": "这大数据就离谱"}, {"uid": "7833978", "content": "去看心理医生了"}, {"uid": "552461", "content": "可是心理阴影难以消除"}, {"uid": "12864846", "content": "应该是走不出来了"}, {"uid": "471069463", "content": "hhh"}, {"uid": "7833978", "content": "人都没了！"}, {"uid": "7833978", "content": "还在致郁"}, {"uid": "1704410", "content": "晓月出来"}, {"uid": "471069463", "content": "笑死，还在迫害晓月大哥"}, {"uid": "18343394", "content": "开十个然后全上供给师姐"}, {"uid": "7833978", "content": "晓月人呢"}, {"uid": "471069463", "content": "晓月，三点来打牌"}, {"uid": "552461", "content": "晓月，工作还没有做完哦"}, {"uid": "1704410", "content": "。。。直接拖到捕捉的屏幕啊"}, {"uid": "2175498", "content": "晓月，你还不能休息哦（"}, {"uid": "7833978", "content": "晓月生日回啊"}, {"uid": "325384143", "content": "前几天的晓月生日"}, {"uid": "471069463", "content": "吃一口桃子"}, {"uid": "7833978", "content": "要脸"}, {"uid": "7833978", "content": "前几天的晓月哥"}, {"uid": "95297039", "content": "两个显示器"}, {"uid": "7833978", "content": "晓月哥"}, {"uid": "552461", "content": "笑死"}, {"uid": "7833978", "content": "不都是听了么"}, {"uid": "28481187", "content": "事故系"}, {"uid": "471069463", "content": "刚开始那天"}, {"uid": "7833978", "content": "想想前几天晓月吧"}, {"uid": "1704410", "content": "看群，现在这个应该行"}, {"uid": "95297039", "content": "那个也就是听声音的"}, {"uid": "471069463", "content": "笑死"}, {"uid": "552461", "content": "梦开始的地方"}, {"uid": "7833978", "content": "笑死"}, {"uid": "95297039", "content": "要不就只放声音吧"}, {"uid": "28481187", "content": "突然温柔"}, {"uid": "95297039", "content": "仓鼠加急投稿吧"}, {"uid": "2175498", "content": "哭了（"}, {"uid": "4577251", "content": "第一份小作文出现了"}, {"uid": "18343394", "content": "忘了忘了马上投"}, {"uid": "18058907", "content": "放声音也行"}, {"uid": "552461", "content": "仓鼠快投稿"}, {"uid": "7833978", "content": "放声音吧"}, {"uid": "18058907", "content": "泪目"}, {"uid": "552461", "content": "泪目"}, {"uid": "4577251", "content": "（泪目）"}, {"uid": "7833978", "content": "三年之期已到"}, {"uid": "1704410", "content": "直接捕捉桌面"}, {"uid": "28481187", "content": "真的吗"}, {"uid": "1704410", "content": "投吧"}, {"uid": "28481187", "content": "一起看看"}, {"uid": "18058907", "content": "(°∀°)ﾉ"}, {"uid": "18058907", "content": "师姐投屏一起看"}, {"uid": "450245822", "content": "快放出来看看"}, {"uid": "7833978", "content": "师姐！"}, {"uid": "7833978", "content": "快快快"}, {"uid": "450245822", "content": "什么？"}, {"uid": "12864846", "content": "hhhhhhhhhh"}, {"uid": "4577251", "content": "让大家一起看看嘛"}, {"uid": "471069463", "content": "哦，快递站关门了，不用拿了"}, {"uid": "698355368", "content": "没事，大家一起看"}, {"uid": "552461", "content": "师姐，别怕，视频不咬人"}, {"uid": "28481187", "content": "看！一起看！"}, {"uid": "18058907", "content": "一起看啊"}, {"uid": "45848547", "content": "草"}, {"uid": "2175498", "content": "别害怕师姐，你这样没事儿的"}, {"uid": "18058907", "content": "直接投屏一看"}, {"uid": "7833978", "content": "笑死了"}, {"uid": "18343394", "content": "我们想的词呢"}, {"uid": "1704410", "content": "那是仓鼠的一片真心"}, {"uid": "7833978", "content": "直接投出来吧"}, {"uid": "12864846", "content": "太草了"}, {"uid": "28481187", "content": "快放"}, {"uid": "18058907", "content": "好家伙"}, {"uid": "471069463", "content": "师姐，我去拿个快递"}, {"uid": "4577251", "content": "让大家一起看看"}, {"uid": "12864846", "content": "我看完了hhhhhh"}, {"uid": "545549120", "content": "玩尬的"}, {"uid": "18058907", "content": "寒王？"}, {"uid": "1704410", "content": "打开看看吧"}, {"uid": "7833978", "content": "大家一起看看啊"}, {"uid": "1704410", "content": "那个寒王？"}, {"uid": "471069463", "content": "笑死"}, {"uid": "18343394", "content": "是阿"}, {"uid": "7833978", "content": "昨天"}, {"uid": "28481187", "content": "你们说是吧"}, {"uid": "18343394", "content": "我摊牌了我上妹妹"}, {"uid": "325384143", "content": "南通勿扰，没这欲望"}, {"uid": "28481187", "content": "我们那么爱师姐！怎么会抹黑呢？"}, {"uid": "18343394", "content": "群文件阿"}, {"uid": "45848547", "content": "要妹妹"}, {"uid": "2175498", "content": "南桐呢，怎么都是妹妹？"}, {"uid": "545549120", "content": "妹妹呢怎么都是男桐"}, {"uid": "1704410", "content": "我证明是师姐先动的手"}, {"uid": "450245822", "content": "被乱杀吗？"}, {"uid": "9119045", "content": "男留ID女自强"}, {"uid": "2175498", "content": "你带我们乱鲨师妹？"}, {"uid": "1704410", "content": "被乱杀"}, {"uid": "2737171", "content": "《女人的嘴》"}, {"uid": "698355368", "content": "这么屑，你确定？"}, {"uid": "18343394", "content": "我发土味祝福了！！！"}, {"uid": "7833978", "content": "那被切的都是我啊1"}, {"uid": "545549120", "content": "《不要相信女人》"}, {"uid": "663285731", "content": "DD斩首"}, {"uid": "471069463", "content": "懂了，晚上就去学ow"}, {"uid": "552461", "content": "是在手心里，就是手心朝下"}, {"uid": "7833978", "content": "被切的不是我么"}, {"uid": "28481187", "content": "希望师姐反省一下.job"}, {"uid": "2175498", "content": "金毛 你反省下吧你笑死"}, {"uid": "2737171", "content": "先刀师姐"}, {"uid": "1704410", "content": "师姐斩首"}, {"uid": "7833978", "content": "？？？"}, {"uid": "1704410", "content": "我又来了"}, {"uid": "471069463", "content": "仓鼠在表现他的情感和文章hhh"}, {"uid": "698355368", "content": "加班加班"}, {"uid": "32019227", "content": "呜呜呜泪目万粉太感动了"}, {"uid": "552461", "content": "用过的可以吗"}, {"uid": "2737171", "content": "笑死"}, {"uid": "471069463", "content": "笑死"}, {"uid": "18343394", "content": "可以了麻"}, {"uid": "18343394", "content": "我的师姐呜呜呜呜呜呜呜呜"}, {"uid": "28481187", "content": "加班！！！！！！！！！！"}, {"uid": "18343394", "content": "师姐呜呜呜呜呜呜呜呜"}, {"uid": "73366855", "content": "小作文太长不看"}, {"uid": "7355011", "content": "来了来了"}, {"uid": "12864846", "content": "级长就差没把刀架在我脖子上了"}, {"uid": "18343394", "content": "呜呜呜呜呜呜呜呜"}, {"uid": "7833978", "content": "师姐"}, {"uid": "7833978", "content": "我给大家起个头"}, {"uid": "36329344", "content": "师姐直播写小作文吧"}, {"uid": "7833978", "content": "一人一句"}, {"uid": "6682515", "content": "恭喜师姐万分 我哭了呜呜呜"}, {"uid": "2175498", "content": "你好，没有的（笑死"}, {"uid": "471069463", "content": "我想仓鼠的高质量文章"}, {"uid": "2737171", "content": "师姐，你多加会班吧"}, {"uid": "552461", "content": "小作文环节已经被师姐遗忘了的"}, {"uid": "32019227", "content": "泪目呜呜呜"}, {"uid": "28481187", "content": "对呀！"}, {"uid": "471069463", "content": "笑死"}, {"uid": "73366855", "content": "想看小作文是吧"}, {"uid": "18343394", "content": "懂了这就去写"}, {"uid": "7833978", "content": "平平淡淡才是真"}, {"uid": "95297039", "content": "我说，我爱你，我说完了"}, {"uid": "18343394", "content": "太突然想不出来啊啊啊"}, {"uid": "12864846", "content": "想起初中的自愿参加晚修"}, {"uid": "7833978", "content": "不是师姐说的普通直播的么！"}, {"uid": "545549120", "content": "我只看师姐（）"}, {"uid": "12864846", "content": "hhhhhh"}, {"uid": "18343394", "content": "你敢拿风车我就敢点火烧"}, {"uid": "7833978", "content": "小风车（X）小板斧（√）"}, {"uid": "18343394", "content": "不必谢谢"}, {"uid": "2737171", "content": "笑死"}, {"uid": "552461", "content": "太对了，可以把刀放下了吗"}, {"uid": "698355368", "content": "师姐：你最好不会"}, {"uid": "95297039", "content": "这声金毛喊得好酥，金毛你不表示表示"}, {"uid": "12864846", "content": "笑死"}, {"uid": "36329344", "content": "这个就是典型的直男"}, {"uid": "28481187", "content": "哈哈"}, {"uid": "450245822", "content": "笑"}, {"uid": "7833978", "content": "骂你！"}, {"uid": "471069463", "content": "笑死"}, {"uid": "2175498", "content": "建议鲨了仓鼠给师姐助兴（笑死"}, {"uid": "45848547", "content": "笑死"}, {"uid": "471069463", "content": "金毛！"}, {"uid": "18343394", "content": "笑死"}, {"uid": "552461", "content": "恶心心"}, {"uid": "7833978", "content": "？？？"}, {"uid": "4577251", "content": "多画点（泪目）"}, {"uid": "18343394", "content": "金毛我们打！"}, {"uid": "7833978", "content": "谁勾引你了！"}, {"uid": "12864846", "content": "把我鲨了给师姐万粉助兴！！"}, {"uid": "7833978", "content": "笑死"}, {"uid": "7833978", "content": "晚上打游戏么"}, {"uid": "552461", "content": "晓月加班到失去意识"}, {"uid": "471069463", "content": "好家伙"}, {"uid": "18343394", "content": "一口奶都不给小夜"}, {"uid": "2737171", "content": "对吼，今天还是万粉纪念会"}, {"uid": "7833978", "content": "今晚就把小夜鲨了"}, {"uid": "95297039", "content": "小夜不是美少女吗？美少女做什么都可以被原谅"}, {"uid": "12864846", "content": "你不相信我"}, {"uid": "12864846", "content": "我开了可恶"}, {"uid": "18343394", "content": "小夜紫菜把！！！"}, {"uid": "7833978", "content": "上次都要的是你！不开声音的也是你！"}, {"uid": "73366855", "content": "竟然万粉了"}, {"uid": "471069463", "content": "刚刚就想问的，师姐一般什么时候开大乱斗"}, {"uid": "1859653", "content": "哈哈哈哈"}, {"uid": "12864846", "content": "我做了什么！！"}, {"uid": "76745726", "content": "笑死"}, {"uid": "18343394", "content": "笑死"}, {"uid": "1859653", "content": "好家伙"}, {"uid": "45848547", "content": "草"}, {"uid": "9119045", "content": "笑死"}, {"uid": "1859653", "content": "师姐乱斗"}, {"uid": "7833978", "content": "结果不开声音"}, {"uid": "471069463", "content": "做了什么？"}, {"uid": "12864846", "content": "笑死"}, {"uid": "7833978", "content": "都要"}, {"uid": "4577251", "content": "那要不要开大乱斗"}, {"uid": "18058907", "content": "我差点以为师姐今天摸了"}, {"uid": "7833978", "content": "想想小夜原来的所作所为"}, {"uid": "18343394", "content": "笑死"}, {"uid": "7833978", "content": "师姐你别信小夜"}, {"uid": "552461", "content": "令人怀念的上舰10分钟清楚环节"}, {"uid": "32019227", "content": "就像是在游乐园大摆锤最顶端时想叫却叫不出"}, {"uid": "7833978", "content": "小夜？"}, {"uid": "95297039", "content": "要顺应本心"}, {"uid": "471069463", "content": "挺好的"}, {"uid": "18343394", "content": "只能清楚一点点"}, {"uid": "450245822", "content": "时间长了，可能会变成鸽子"}, {"uid": "45848547", "content": "不信谣不传谣"}, {"uid": "698355368", "content": "确实"}, {"uid": "12864846", "content": "现在就这个样子就很喜欢"}, {"uid": "2737171", "content": "笑死，装不下去，来对线"}, {"uid": "12864846", "content": "完美就会感觉很奇怪了"}, {"uid": "7833978", "content": "需要8848"}, {"uid": "545549120", "content": "天生圣人是吧"}, {"uid": "18343394", "content": "笑死"}, {"uid": "7833978", "content": "晓月你说穿了，以后必加班"}, {"uid": "2737171", "content": "太熟了，只完全不去掩饰混沌"}, {"uid": "545549120", "content": "我不装了。我摊牌了"}, {"uid": "12211886", "content": "4月10号，我的起点，好快鸭"}, {"uid": "471069463", "content": "hhh"}, {"uid": "7833978", "content": "谁敢说啊"}, {"uid": "18343394", "content": "笑死"}, {"uid": "7833978", "content": "血的教训"}, {"uid": "2175498", "content": "怕不是没有清楚过（"}, {"uid": "18343394", "content": "你解释你的我们看情况听不听"}, {"uid": "552461", "content": "声音清楚（）"}, {"uid": "12864846", "content": "换了手机看"}, {"uid": "95297039", "content": "一发不可收拾"}, {"uid": "7833978", "content": "我不听"}, {"uid": "698355368", "content": "混沌的师姐才是正常的师姐啊"}, {"uid": "95297039", "content": "从第二天的象棋开始"}, {"uid": "76745726", "content": "混沌达咩"}, {"uid": "76745726", "content": "笑死"}, {"uid": "471069463", "content": "（￣▽￣）"}, {"uid": "7833978", "content": "随便吃了点"}, {"uid": "552461", "content": "懒得掩饰混沌了"}, {"uid": "18343394", "content": "我下班黑听了"}, {"uid": "28481187", "content": "除了第一天一直混沌"}, {"uid": "7833978", "content": "吃完了"}, {"uid": "18343394", "content": "笑死"}, {"uid": "7833978", "content": "总体就混沌了"}, {"uid": "7833978", "content": "？？？"}, {"uid": "545549120", "content": "慢慢变得混沌"}, {"uid": "95297039", "content": "至少挂着陪你"}, {"uid": "2175498", "content": "我的舰长已经过去了两个多月快三个月了（）"}, {"uid": "95297039", "content": "啊我好卡"}, {"uid": "18343394", "content": "笑死慢慢来"}, {"uid": "484325305", "content": "噫"}, {"uid": "18343394", "content": "失去意识聊到昏厥？"}, {"uid": "95297039", "content": "失去理智"}, {"uid": "28481187", "content": "师姐声音好可爱"}, {"uid": "552461", "content": "笑死"}, {"uid": "471069463", "content": "昨天有个v好像直接万舰了，直接被刷屏"}, {"uid": "2737171", "content": "你自己想想你上次联动什么情况"}, {"uid": "76745726", "content": "在做饭挂着了"}, {"uid": "18343394", "content": "来给晓月加个班"}, {"uid": "552461", "content": "真实自闭人"}, {"uid": "471069463", "content": "hhh"}, {"uid": "95297039", "content": "网好差，但我要挂到它自己断线"}, {"uid": "2737171", "content": "笑死，师姐根本不敢跟人联动聊天"}, {"uid": "471069463", "content": "emmm有录播吗"}, {"uid": "2175498", "content": "两个多月了吧。。"}, {"uid": "18343394", "content": "笑死"}, {"uid": "545549120", "content": "我是一个月 今天舰长到期（）"}, {"uid": "18343394", "content": "是的"}, {"uid": "36329344", "content": "师姐都有一座山的老婆了"}, {"uid": "484325305", "content": "什么时候有联动回"}, {"uid": "18343394", "content": "两个月把"}, {"uid": "2737171", "content": "大佬又在装菜鸟"}, {"uid": "471069463", "content": "好家伙，仓鼠一个月吗"}, {"uid": "28481187", "content": "我想说:师姐和我结婚吧！.job"}, {"uid": "4577251", "content": "师姐可不可以开班教我"}, {"uid": "471069463", "content": "救救孩子们，赐予我们一双手，一只也行啊！"}, {"uid": "18343394", "content": "？你好敷衍"}, {"uid": "18058907", "content": "hhh"}, {"uid": "524947577", "content": "打卡"}, {"uid": "471069463", "content": "师姐画画开班吗"}, {"uid": "18343394", "content": "师姐我是你的头号gachi啊啊啊啊啊啊"}, {"uid": "18343394", "content": "确实"}, {"uid": "18343394", "content": "好家伙"}, {"uid": "484325305", "content": "安排：摸了"}, {"uid": "18343394", "content": "cheng经"}, {"uid": "484325305", "content": "pome炸了能用addbox"}, {"uid": "545549120", "content": "我想说 师姐鸡腿给我吃一口"}, {"uid": "28481187", "content": "师姐！结婚！和我！.job"}, {"uid": "259495440", "content": "炸了"}, {"uid": "5684520", "content": "明天出道第100天"}, {"uid": "18058907", "content": "好家伙"}, {"uid": "7833978", "content": "？？？"}, {"uid": "28481187", "content": "金毛……"}, {"uid": "471069463", "content": "笑死"}, {"uid": "7833978", "content": "我看录播！"}, {"uid": "18343394", "content": "笑死"}, {"uid": "7833978", "content": "？？？"}, {"uid": "698355368", "content": "百日？"}, {"uid": "7833978", "content": "笑死"}, {"uid": "2737171", "content": "笑死"}, {"uid": "484325305", "content": "文化沙漠经典复刻"}, {"uid": "471069463", "content": "hhh"}, {"uid": "18058907", "content": "啊这"}, {"uid": "18343394", "content": "聊一杯奶茶点"}, {"uid": "7833978", "content": "17"}, {"uid": "7833978", "content": "0.9"}, {"uid": "280682804", "content": "←v"}, {"uid": "18058907", "content": "师姐晚上好~"}, {"uid": "18343394", "content": "聊"}, {"uid": "2737171", "content": "笑死"}, {"uid": "471069463", "content": "笑死"}, {"uid": "2175498", "content": "笑死"}, {"uid": "18343394", "content": "笑死"}, {"uid": "1704410", "content": "来了，走了"}, {"uid": "7833978", "content": "漏网之鱼？"}, {"uid": "6877524", "content": "草"}, {"uid": "18343394", "content": "好家伙"}, {"uid": "7833978", "content": "不加班的晓月毫无迫害意义"}, {"uid": "18343394", "content": "又是辣的？"}, {"uid": "4577251", "content": "小白怜的动图好可爱啊！"}, {"uid": "220762377", "content": "晚上好"}, {"uid": "450245822", "content": "师姐晚上好"}, {"uid": "2737171", "content": "不，摸了"}, {"uid": "18343394", "content": "晓月大哥难得休息"}, {"uid": "2737171", "content": "先把任务做了"}, {"uid": "545549120", "content": "晓月=加班"}, {"uid": "7833978", "content": "笑死"}, {"uid": "471069463", "content": "晓月大哥今天不加班！！！"}, {"uid": "7833978", "content": "不加"}, {"uid": "2737171", "content": "师姐晚上好"}, {"uid": "2737171", "content": "来了来了"}, {"uid": "471069463", "content": "hhh"}, {"uid": "18343394", "content": "笑死"}, {"uid": "471069463", "content": "好像叫麦香堡？"}, {"uid": "545549120", "content": "这就去买鸡腿"}, {"uid": "4577251", "content": "我也去点个外卖（泪目）"}, {"uid": "545549120", "content": "我也想吃鸡腿"}, {"uid": "4577251", "content": "吃的辣堡吗"}, {"uid": "28481187", "content": "师姐喜欢吃辣吗？"}, {"uid": "18343394", "content": "还要什么自行车！"}, {"uid": "18343394", "content": "师姐能播就应该感激聆涕了"}, {"uid": "471069463", "content": "hhh"}, {"uid": "45848547", "content": "都可以延期！"}, {"uid": "28481187", "content": "prprprpr"}, {"uid": "545549120", "content": "没活整了"}, {"uid": "18343394", "content": "笑死"}, {"uid": "45848547", "content": "延期！"}, {"uid": "45848547", "content": "好耶"}, {"uid": "34836755", "content": "师姐晚上好"}, {"uid": "471069463", "content": "笑死，阿紫又是挂着狒狒"}, {"uid": "18343394", "content": "给我原图我给你做"}, {"uid": "12864846", "content": "哦哦"}, {"uid": "36329344", "content": "233"}, {"uid": "18343394", "content": "我还在晚上吃什么"}, {"uid": "12864846", "content": "师姐晚上吃什么"}, {"uid": "18343394", "content": "师姐吃的什么阿"}, {"uid": "47706557", "content": "什么时候下面搓师姐的师姐换成昨天的猫师姐"}, {"uid": "28481187", "content": "可爱"}, {"uid": "18343394", "content": "吃完即下播"}, {"uid": "12864846", "content": "师姐的任务罢了"}, {"uid": "18343394", "content": "笑死"}, {"uid": "7833978", "content": "吃完聊完就下播了"}, {"uid": "36329344", "content": "一听说师姐开播了，我立马赶来做任务"}, {"uid": "545549120", "content": "吃！"}, {"uid": "18343394", "content": "没"}, {"uid": "18343394", "content": "好耶！！！！！"}, {"uid": "7833978", "content": "吃"}, {"uid": "471069463", "content": "吃完了，甚至还吃了个桃子"}, {"uid": "28481187", "content": "prprprpr"}, {"uid": "12864846", "content": "师姐晚好"}, {"uid": "45848547", "content": "师姐晚上好"}, {"uid": "9119045", "content": "晚上好"}, {"uid": "28481187", "content": "晚上好，师姐！"}, {"uid": "18343394", "content": "晚上好师姐"}, {"uid": "4577251", "content": "师姐晚上好"}, {"uid": "698355368", "content": "好耶"}, {"uid": "471069463", "content": "师姐晚上好"}, {"uid": "36329344", "content": "来了"}, {"uid": "471069463", "content": "来了"}, {"uid": "471069463", "content": "ohhh"}, {"uid": "47706557", "content": "想看撸猫"}, {"uid": "471069463", "content": "笑死"}, {"uid": "325384143", "content": "\\师姐/\\师姐/\\师姐/\\师姐/\\师姐/"}, {"uid": "12864846", "content": "\\师姐/\\师姐/\\师姐/\\师姐/\\师姐/"}, {"uid": "2881166", "content": "\\师姐/yyds \\师姐/yyds \\师姐/yyd"}, {"uid": "552461", "content": "\\师姐/\\师姐/\\师姐/\\师姐/\\师姐/"}, {"uid": "2881166", "content": "\\师姐/yyds \\师姐/yyds \\师姐/yyds"}, {"uid": "698355368", "content": "\\师姐/\\师姐/\\师姐/\\师姐/\\师姐/"}, {"uid": "2881166", "content": "\\师姐/yyds \\师姐/yyds \\师姐/yyd"}, {"uid": "8138686", "content": "\\师姐/yyds \\师姐/yyds \\师姐/yyds"}, {"uid": "18343394", "content": "\\师姐/\\师姐/\\师姐/\\师姐/\\师姐/"}, {"uid": "2881166", "content": "\\师姐/yyds \\师姐/yyds \\师姐/yyds"}, {"uid": "2881166", "content": "\\师姐/yyds \\师姐/yyds \\师姐/yyd"}, {"uid": "7833978", "content": "\\师姐/\\师姐/\\师姐/\\师姐/\\师姐/"}, {"uid": "2881166", "content": "\\师姐/yyds \\师姐/yyds \\师姐/yyds"}, {"uid": "325384143", "content": "\\师姐/\\师姐/\\师姐/\\师姐/\\师姐/"}, {"uid": "12864846", "content": "\\师姐/\\师姐/\\师姐/\\师姐/\\师姐/"}, {"uid": "7833978", "content": "\\师姐/\\师姐/\\师姐/\\师姐/\\师姐/"}, {"uid": "18343394", "content": "\\师姐/\\师姐/\\师姐/\\师姐/\\师姐/"}, {"uid": "552461", "content": "\\师姐/\\师姐/\\师姐/\\师姐/\\师姐/"}, {"uid": "23015177", "content": "\\师姐/\\师姐/\\师姐/\\师姐/\\师姐/"}, {"uid": "18343394", "content": "\\师姐/\\师姐/\\师姐/\\师姐/\\师姐/"}, {"uid": "12864846", "content": "\\师姐/\\师姐/\\师姐/\\师姐/\\师姐/"}, {"uid": "552461", "content": "\\师姐/\\师姐/\\师姐/\\师姐/\\师姐/"}, {"uid": "18343394", "content": "\\师姐/\\师姐/\\师姐/\\师姐/\\师姐/"}, {"uid": "7833978", "content": "\\师姐/\\师姐/\\师姐/\\师姐/\\师姐/"}, {"uid": "23015177", "content": "\\师姐/\\师姐/\\师姐/\\师姐/\\师姐/"}, {"uid": "18343394", "content": "\\师姐/\\师姐/\\师姐/\\师姐/\\师姐/"}, {"uid": "12864846", "content": "\\师姐/\\师姐/\\师姐/\\师姐/\\师姐/"}, {"uid": "325384143", "content": "\\师姐/\\师姐/\\师姐/\\师姐/\\师姐/"}, {"uid": "698355368", "content": "\\师姐/\\师姐/\\师姐/\\师姐/\\师姐/"}, {"uid": "552461", "content": "\\师姐/\\师姐/\\师姐/\\师姐/\\师姐/"}, {"uid": "325384143", "content": "\\师姐/\\师姐/\\师姐/\\师姐/\\师姐/"}, {"uid": "12864846", "content": "\\师姐/\\师姐/\\师姐/\\师姐/\\师姐/"}, {"uid": "7833978", "content": "\\师姐/\\师姐/\\师姐/\\师姐/\\师姐/"}, {"uid": "552461", "content": "\\师姐/\\师姐/\\师姐/\\师姐/\\师姐/"}, {"uid": "698355368", "content": "\\师姐/\\师姐/\\师姐/\\师姐/\\师姐/"}, {"uid": "18343394", "content": "\\师姐/\\师姐/\\师姐/\\师姐/\\师姐/"}, {"uid": "12864846", "content": "\\师姐/\\师姐/\\师姐/\\师姐/\\师姐/"}, {"uid": "18343394", "content": "\\师姐/\\师姐/\\师姐/\\师姐/\\师姐/"}, {"uid": "8138686", "content": "\\师姐/\\师姐/\\师姐/\\师姐/\\师姐/"}, {"uid": "7833978", "content": "\\师姐/\\师姐/\\师姐/\\师姐/\\师姐/"}, {"uid": "12864846", "content": "\\师姐/\\师姐/\\师姐/\\师姐/\\师姐/"}, {"uid": "325384143", "content": "\\师姐/\\师姐/\\师姐/\\师姐/\\师姐/"}, {"uid": "23015177", "content": "\\师姐/\\师姐/\\师姐/\\师姐/\\师姐/"}, {"uid": "18343394", "content": "\\师姐/\\师姐/\\师姐/\\师姐/\\师姐/"}, {"uid": "7833978", "content": "\\师姐/\\师姐/\\师姐/\\师姐/\\师姐/"}, {"uid": "2881166", "content": "\\师姐/yyds \\师姐/yyds \\师姐/yyds"}, {"uid": "12864846", "content": "\\师姐/\\师姐/\\师姐/\\师姐/\\师姐/"}, {"uid": "12864846", "content": "\\师姐/\\师姐/\\师姐/\\师姐/\\师姐/"}, {"uid": "12864846", "content": "\\师姐/\\师姐/\\师姐/\\师姐/\\师姐/"}, {"uid": "12864846", "content": "\\师姐/\\师姐/\\师姐/\\师姐/\\师姐/"}, {"uid": "8138686", "content": "\\师姐/\\师姐/\\师姐/\\师姐/\\师姐/"}, {"uid": "12864846", "content": "\\师姐/\\师姐/\\师姐/\\师姐/\\师姐/"}, {"uid": "8138686", "content": "\\师姐/\\师姐/\\师姐/\\师姐/\\师姐/"}, {"uid": "282845389", "content": "\\师姐/\\师姐/\\师姐/\\师姐/\\师姐/"}, {"uid": "12864846", "content": "\\师姐/\\师姐/\\师姐/\\师姐/\\师姐/"}, {"uid": "12864846", "content": "\\师姐/\\师姐/\\师姐/\\师姐/\\师姐/"}, {"uid": "12864846", "content": "\\师姐/\\师姐/\\师姐/\\师姐/\\师姐/"}, {"uid": "12864846", "content": "\\师姐/\\师姐/\\师姐/\\师姐/\\师姐/"}, {"uid": "12864846", "content": "\\师姐/\\师姐/\\师姐/\\师姐/\\师姐/"}, {"uid": "18343394", "content": "\\师姐/\\师姐/\\师姐/\\师姐/\\师姐/"}, {"uid": "7833978", "content": "\\师姐/\\师姐/\\师姐/\\师姐/\\师姐/"}, {"uid": "12864846", "content": "\\师姐/\\师姐/\\师姐/\\师姐/\\师姐/"}, {"uid": "7833978", "content": "\\师姐/\\师姐/\\师姐/\\师姐/\\师姐/"}, {"uid": "18343394", "content": "\\师姐/\\师姐/\\师姐/\\师姐/\\师姐/"}, {"uid": "12864846", "content": "\\师姐/\\师姐/\\师姐/\\师姐/\\师姐/"}, {"uid": "12864846", "content": "\\师姐/\\师姐/\\师姐/\\师姐/\\师姐/"}, {"uid": "698355368", "content": "\\师姐/\\师姐/\\师姐/\\师姐/\\师姐/"}, {"uid": "7833978", "content": "\\师姐/\\师姐/\\师姐/\\师姐/\\师姐/"}, {"uid": "18343394", "content": "\\师姐/\\师姐/\\师姐/\\师姐/\\师姐/"}, {"uid": "7833978", "content": "\\师姐/\\师姐/\\师姐/\\师姐/\\师姐/"}, {"uid": "18343394", "content": "\\师姐/\\师姐/\\师姐/\\师姐/\\师姐/"}, {"uid": "2737171", "content": "\\师姐/\\师姐/\\师姐/\\师姐/"}, {"uid": "8138686", "content": "\\师姐/\\师姐/\\师姐/\\师姐/\\师姐/"}, {"uid": "325384143", "content": "\\师姐/\\师姐/\\师姐/\\师姐/\\师姐/"}, {"uid": "7833978", "content": "\\师姐/\\师姐/\\师姐/\\师姐/\\师姐/"}, {"uid": "18343394", "content": "\\师姐/\\师姐/\\师姐/\\师姐/\\师姐/"}, {"uid": "18343394", "content": "\\师姐/\\师姐/\\师姐/\\师姐/\\师姐/"}, {"uid": "7833978", "content": "\\师姐/\\师姐/\\师姐/\\师姐/\\师姐/"}, {"uid": "325384143", "content": "\\师姐/\\师姐/\\师姐/\\师姐/\\师姐/"}, {"uid": "23015177", "content": "\\师姐/\\师姐/\\师姐/\\师姐/\\师姐/"}, {"uid": "7833978", "content": "\\师姐/\\师姐/\\师姐/\\师姐/\\师姐/"}, {"uid": "18343394", "content": "\\师姐/\\师姐/\\师姐/\\师姐/\\师姐/"}, {"uid": "4577251", "content": "\\师姐/\\师姐/\\师姐/\\师姐/\\师姐/"}, {"uid": "7833978", "content": "\\师姐/\\师姐/\\师姐/\\师姐/\\师姐/"}, {"uid": "698355368", "content": "\\师姐/\\师姐/\\师姐/\\师姐/\\师姐/"}, {"uid": "325384143", "content": "\\师姐/\\师姐/\\师姐/\\师姐/\\师姐/"}, {"uid": "7833978", "content": "师姐/\\师姐/\\师姐/\\师姐/\\师姐/"}, {"uid": "18343394", "content": "\\师姐/\\师姐/\\师姐/\\师姐/\\师姐/"}, {"uid": "18343394", "content": "\\师姐/\\师姐/\\师姐/\\师姐/\\师姐/"}, {"uid": "28481187", "content": "万粉加班回！！！！！！！！！！！！！！！"}]