[{"uid": "678014579", "content": "拜拜"}, {"uid": "539341", "content": "886"}, {"uid": "12701202", "content": "师姐拜拜"}, {"uid": "678014579", "content": "刚来"}, {"uid": "2881166", "content": "师姐辛苦啦"}, {"uid": "2881166", "content": " 886"}, {"uid": "698355368", "content": "师姐拜拜"}, {"uid": "2881166", "content": "辛苦啦"}, {"uid": "678014579", "content": "我还在更新电脑系统 "}, {"uid": "7833978", "content": "拜拜拜拜"}, {"uid": "5705647", "content": "对面也是逆大天"}, {"uid": "7833978", "content": "打得准不如接的准"}, {"uid": "12701202", "content": "除了奶线 都可以接到"}, {"uid": "7833978", "content": "你的头会找到我的子弹"}, {"uid": "169557749", "content": "哈哈哈"}, {"uid": "7833978", "content": "一点半了！下班了！"}, {"uid": "169557749", "content": "哈哈哈，我需要治疗"}, {"uid": "12701202", "content": "可以躲过自己家所有奶线但是躲不过对面枪线"}, {"uid": "5705647", "content": "笑死，看都不看后面"}, {"uid": "2881166", "content": "吃饭第一名 干活就发呆"}, {"uid": "7833978", "content": "发我需要治疗倒是挺熟练的"}, {"uid": "7833978", "content": "干啥啥不行"}, {"uid": "7833978", "content": "笑死"}, {"uid": "5705647", "content": "楼上的猩猩：对面奶位呢？"}, {"uid": "169557749", "content": "乐"}, {"uid": "2881166", "content": "治好了"}, {"uid": "7833978", "content": "毫无感觉"}, {"uid": "5705647", "content": "这都能赢"}, {"uid": "7833978", "content": "笑死"}, {"uid": "5705647", "content": "？"}, {"uid": "2881166", "content": "感觉 还是用铁拳好哈哈哈哈"}, {"uid": "5705647", "content": "亚服打快速的队友没国服那么脑淤血"}, {"uid": "5705647", "content": "前天早上看了直播，昨天我去打了一天亚服"}, {"uid": "5705647", "content": "家乡の小曲"}, {"uid": "169557749", "content": "师姐の感动"}, {"uid": "182624657", "content": "你被强化了，快送"}, {"uid": "7833978", "content": "师姐感冒了嘛"}, {"uid": "7833978", "content": "他一出去他就睡着了！"}, {"uid": "7833978", "content": "鲍勃抢劫怎么看都有不太聪明吧"}, {"uid": "2881166", "content": "师姐是外国师姐（￣▽￣）"}, {"uid": "18343394", "content": "好家伙"}, {"uid": "7833978", "content": "平平淡淡才是真"}, {"uid": "7833978", "content": "铁拳：等死"}, {"uid": "7833978", "content": "你在等什么"}, {"uid": "12701202", "content": "我怀疑你给激素的时候他刚打完一套（"}, {"uid": "7833978", "content": "笑死"}, {"uid": "12701202", "content": "铁拳的命不是命"}, {"uid": "7833978", "content": "笑死  和尚脸上就写着两个字 无敌"}, {"uid": "12701202", "content": "大灯泡"}, {"uid": "7833978", "content": "激素圣"}, {"uid": "12701202", "content": "不知道怎么赢的 也不知道怎么输的"}, {"uid": "354725743", "content": "哈哈哈哈"}, {"uid": "7833978", "content": "好家伙"}, {"uid": "96658167", "content": "下了，下午还有课"}, {"uid": "96658167", "content": "。。。。。。"}, {"uid": "169557749", "content": "还有初中生看师姐"}, {"uid": "96658167", "content": "我后天中考，祝福我吧"}, {"uid": "102804423", "content": "没有激情对喷环节"}, {"uid": "102804423", "content": "你按e可以拉人，怕你不知道"}, {"uid": "102804423", "content": "开大跑路"}, {"uid": "7833978", "content": "手滑.jpg"}, {"uid": "7833978", "content": "笑死"}, {"uid": "102804423", "content": "流眼泪了，师姐知道激素救人了"}, {"uid": "7833978", "content": "笑死"}, {"uid": "169557749", "content": "你这不玩一把猪（￣▽￣）"}, {"uid": "7833978", "content": "上什么班 摸了"}, {"uid": "471069463", "content": "师姐我走了，上班www"}, {"uid": "471069463", "content": "气死了"}, {"uid": "12701202", "content": "一直被抓可以换8d或者莫伊拉"}, {"uid": "169557749", "content": "感化他"}, {"uid": "169557749", "content": "你回他/她一句，真可爱"}, {"uid": "2881166", "content": "师姐气死了"}, {"uid": "169557749", "content": "哈哈，这个源氏无意间躲了你多少奶"}, {"uid": "88255962", "content": "刚刚是不是有个摸墙跑了？"}, {"uid": "169557749", "content": "好点"}, {"uid": "471069463", "content": "死光了hhh"}, {"uid": "471069463", "content": "游戏体验感极差"}, {"uid": "7833978", "content": "笑死"}, {"uid": "2881166", "content": "师姐的暴怒ow回～"}, {"uid": "1457515", "content": "又輸了？"}, {"uid": "27138969", "content": "可能是师姐等级低的问题吧(;¬_¬)"}, {"uid": "12701202", "content": "不看后排还要奶"}, {"uid": "76745726", "content": "拿自己睡了"}, {"uid": "471069463", "content": "反弹给自己了hhh"}, {"uid": "402409856", "content": "拿狙击枪奶人是个狠人"}, {"uid": "18343394", "content": "？？？"}, {"uid": "12701202", "content": "好针"}, {"uid": "7833978", "content": "？？？"}, {"uid": "471069463", "content": "www快到公司了"}, {"uid": "169557749", "content": "加入他们"}, {"uid": "18343394", "content": "笑死"}, {"uid": "169557749", "content": "你直接切小锤往前一起冲"}, {"uid": "402409856", "content": "源氏的龙真的帅"}, {"uid": "7833978", "content": "你那边的啊！"}, {"uid": "169557749", "content": "确实，走这么前面干嘛"}, {"uid": "169557749", "content": "托比昂：你觉得这样很对是吗"}, {"uid": "18343394", "content": "笑死"}, {"uid": "76745726", "content": "xs"}, {"uid": "7833978", "content": "笑死"}, {"uid": "402409856", "content": "师姐加油我先去睡觉了"}, {"uid": "169557749", "content": "奶麻了直接换dj自己滑墙快乐"}, {"uid": "402409856", "content": "不容易啊师姐"}, {"uid": "18343394", "content": "源氏没拔过刀是吧"}, {"uid": "169557749", "content": "这图第二个点确实能"}, {"uid": "18343394", "content": "笑死"}, {"uid": "18343394", "content": "好不容易"}, {"uid": "18343394", "content": "好家伙"}, {"uid": "18343394", "content": "源氏做慈善呢吧"}, {"uid": "169557749", "content": "猪猪爱你"}, {"uid": "169557749", "content": "被对面带走也是一种带走"}, {"uid": "18343394", "content": "好家伙"}, {"uid": "11388323", "content": "正好到饭点了"}, {"uid": "402409856", "content": "完全还有这样的道理"}, {"uid": "18343394", "content": "源氏好码"}, {"uid": "169557749", "content": "噗"}, {"uid": "18343394", "content": "好家伙"}, {"uid": "11388323", "content": "强啊"}, {"uid": "18343394", "content": "日常不会念"}, {"uid": "402409856", "content": "靠自己C不香？"}, {"uid": "169557749", "content": "进攻方火速跑路"}, {"uid": "169557749", "content": "居然是这个地图"}, {"uid": "18343394", "content": "不想打直接退就是了"}, {"uid": "18343394", "content": "确实离谱"}, {"uid": "402409856", "content": "要不师姐打C位"}, {"uid": "11388323", "content": "小霸王玩家"}, {"uid": "18343394", "content": "离谱"}, {"uid": "18343394", "content": "好家伙"}, {"uid": "169557749", "content": "在玩ow哇"}, {"uid": "76745726", "content": "西格玛最好的医生"}, {"uid": "18343394", "content": "离谱"}, {"uid": "402409856", "content": "师姐快来击剑"}, {"uid": "18343394", "content": "这不是日常么"}, {"uid": "18343394", "content": "笑死"}, {"uid": "18343394", "content": "原来玩安娜要跑那么后面麻"}, {"uid": "76745726", "content": "你会没事的"}, {"uid": "83492145", "content": "喝猹（"}, {"uid": "18343394", "content": "有点感冒麻多喝水"}, {"uid": "18343394", "content": "甚至还在吃东西"}, {"uid": "402409856", "content": "师姐和我击剑"}, {"uid": "18343394", "content": "笑死直接ow"}, {"uid": "698355368", "content": "手：你不行"}, {"uid": "698355368", "content": "脑子：我可以"}, {"uid": "11388323", "content": "没有思路和目标"}, {"uid": "76745726", "content": "做功课？"}, {"uid": "18343394", "content": "回头进修"}, {"uid": "18343394", "content": "笑死"}, {"uid": "18343394", "content": "是不是沙盒不好上手"}, {"uid": "18343394", "content": "好家伙"}, {"uid": "18343394", "content": "真就人扮的？"}, {"uid": "18343394", "content": "？猫科动物走员工通道"}, {"uid": "11388323", "content": "蛇蛇又好吃又好看"}, {"uid": "76745726", "content": "WBX我不喜欢蛇别瞎说"}, {"uid": "18343394", "content": "摸黑看动物"}, {"uid": "18343394", "content": "又是蛇"}, {"uid": "11388323", "content": "能让人走得动道就得呗"}, {"uid": "18343394", "content": "把顾客都鲨了把从根源解决问题"}, {"uid": "1704410", "content": "不做立体的动物园吗"}, {"uid": "18343394", "content": "好家伙"}, {"uid": "18343394", "content": "？？？"}, {"uid": "18343394", "content": "噫我最怕蛇了"}, {"uid": "18343394", "content": "笑死了"}, {"uid": "18343394", "content": "好家伙"}, {"uid": "398683342", "content": "墙上那个？"}, {"uid": "18343394", "content": "没有动物都是人的动物园"}, {"uid": "7833978", "content": "留了下阿巴阿巴的眼泪"}, {"uid": "698355368", "content": "考完试复活了"}, {"uid": "18343394", "content": "修仙灯"}, {"uid": "18343394", "content": "不会少喂我们一顿"}, {"uid": "18343394", "content": "笑死"}, {"uid": "471069463", "content": "我真的要去了"}, {"uid": "471069463", "content": "www我也当社畜了"}, {"uid": "18343394", "content": "建议进修"}, {"uid": "18343394", "content": "好家伙"}, {"uid": "18343394", "content": "笑死"}, {"uid": "471069463", "content": "原生态草坪吧，笑死"}, {"uid": "18343394", "content": "从零开始的动物园破产生活"}, {"uid": "7833978", "content": "开始了么？已经结束了"}, {"uid": "399811804", "content": "蒜了蒜了"}, {"uid": "18343394", "content": "甚至无法选中"}, {"uid": "471069463", "content": "hhh"}, {"uid": "18343394", "content": "极具师姐个人特色"}, {"uid": "471069463", "content": "好家伙，还弄不掉了"}, {"uid": "18343394", "content": "人间不值得的"}, {"uid": "471069463", "content": "不要地板了"}, {"uid": "7833978", "content": "笑死"}, {"uid": "7833978", "content": "不应该"}, {"uid": "18343394", "content": "笑死"}, {"uid": "1842443", "content": "蚌埠住了"}, {"uid": "76745726", "content": "自信点房子也差不多"}, {"uid": "4151632", "content": "(滑稽)盲猜师姐用墙把门堵上"}, {"uid": "471069463", "content": "笑死"}, {"uid": "18343394", "content": "阿"}, {"uid": "18343394", "content": "这地板怎么跟公厕的地板差不多"}, {"uid": "471069463", "content": "我回来了"}, {"uid": "4151632", "content": "做了功课又没完全做"}, {"uid": "18343394", "content": "建议重修"}, {"uid": "399811804", "content": "？"}, {"uid": "76745726", "content": "做过功课"}, {"uid": "7833978", "content": "笑死"}, {"uid": "4151632", "content": "触手形状扭曲的道路(震惊)"}, {"uid": "18343394", "content": "这叫有特色"}, {"uid": "1704410", "content": "准备下班去吃饭了，拜拜"}, {"uid": "18343394", "content": "施工队再铺路时较为随意"}, {"uid": "4151632", "content": "好耶，师姐还是这么憨，放心了"}, {"uid": "483003102", "content": "果然山里网还是太卡了。。。"}, {"uid": "1704410", "content": "明明没搞事却效果十足"}, {"uid": "350207230", "content": "这路怎么和鼻涕泡似的"}, {"uid": "18343394", "content": "这算包分配把"}, {"uid": "18343394", "content": "你还要卖掉我们甚至还要配种"}, {"uid": "18343394", "content": "等一下这里是师妹养殖基地"}, {"uid": "18343394", "content": "自产自销？"}, {"uid": "18343394", "content": "动物园放动物交易中心？"}, {"uid": "282845389", "content": "早"}, {"uid": "18343394", "content": "按住旋转试试？"}, {"uid": "18343394", "content": "这不是乱搭"}, {"uid": "7833978", "content": "白怜花的怜"}, {"uid": "76745726", "content": "xs"}, {"uid": "399811804", "content": "草，原来里面不一样"}, {"uid": "350207230", "content": "请问是刺猬猫的白莲师姐吗（dog）"}, {"uid": "67843445", "content": "早上也能逮到白姐？？？"}, {"uid": "67843445", "content": "？"}, {"uid": "399811804", "content": "为什么都是一样的房子()"}, {"uid": "1704410", "content": "不就是字面意思吗"}, {"uid": "18343394", "content": "不是玩人"}, {"uid": "18343394", "content": "毕竟这次是玩动物"}, {"uid": "1704410", "content": "充分利用地下空间"}, {"uid": "385602993", "content": "集装箱？"}, {"uid": "18343394", "content": "大型师妹养殖基地"}, {"uid": "385602993", "content": "抓捕野生师妹"}, {"uid": "471069463", "content": "文明观师妹"}, {"uid": "18343394", "content": "建几十个猴园？"}, {"uid": "1704410", "content": "我说那些陷阱已经拆了，你信吗"}, {"uid": "12505357", "content": "师姐早上好"}, {"uid": "1624418", "content": "早上好"}, {"uid": "385602993", "content": "哈哈哈哈哈"}, {"uid": "399811804", "content": "确实都是动物，已经没多少人类了()"}, {"uid": "18343394", "content": "暗示我们都是动物"}, {"uid": "471069463", "content": "笑死"}, {"uid": "471069463", "content": "琼明峰师妹养殖基地"}, {"uid": "1457515", "content": "大姐頭早上好（￣▽￣）"}, {"uid": "18343394", "content": "？？？"}, {"uid": "402409856", "content": "那不会淹死吗"}, {"uid": "471069463", "content": "笑死，好奇怪的发型"}, {"uid": "402409856", "content": "感智，我用我的气感智到师姐的XP"}, {"uid": "1704410", "content": "可乐都写出来了"}, {"uid": "7833978", "content": "快处快赔"}, {"uid": "76745726", "content": "御剑飞行对面急刹车我追尾了怎么办"}, {"uid": "402409856", "content": "主要是师姐的XP有点怪"}, {"uid": "399811804", "content": "感情淡了"}, {"uid": "1842443", "content": "师姐：那我走?"}, {"uid": "385602993", "content": "看一眼就很满足了"}, {"uid": "89283862", "content": "所以今天决定播一天补回来吗"}, {"uid": "402409856", "content": "师姐要是我御剑飞行光速行驶中着火怎么办"}, {"uid": "471069463", "content": "这emmm"}, {"uid": "7833978", "content": "摸都可以摸"}, {"uid": "1704410", "content": "拜拜"}, {"uid": "385602993", "content": "问题不大"}, {"uid": "399811804", "content": "大家午安捏"}, {"uid": "1704410", "content": "没事"}, {"uid": "18343394", "content": "拜拜拜拜"}, {"uid": "65240577", "content": "好诶"}, {"uid": "385602993", "content": "今天的吃播就到这里"}, {"uid": "399811804", "content": "摸了"}, {"uid": "7833978", "content": "吃完了下播了"}, {"uid": "1842443", "content": "师姐的眉毛动起来好喜感"}, {"uid": "18343394", "content": "师姐说我们介意我们必须介意"}, {"uid": "51717454", "content": "rua一下"}, {"uid": "1704410", "content": "不介意，甚至还会切片"}, {"uid": "89283862", "content": "甚至还想从师姐那里抢两口来吃"}, {"uid": "399811804", "content": "咝溜~"}, {"uid": "89283862", "content": "师姐我们不介意的"}, {"uid": "12052839", "content": "没事，我们喜欢"}, {"uid": "385602993", "content": "刺溜，吧唧吧唧"}, {"uid": "471069463", "content": "可还行"}, {"uid": "385602993", "content": "吃播哈哈哈"}, {"uid": "1704410", "content": "吃播吧"}, {"uid": "91670284", "content": "早"}, {"uid": "698030663", "content": "在干啥？"}, {"uid": "471069463", "content": "来偷袭 "}, {"uid": "27010327", "content": "师姐好"}, {"uid": "7833978", "content": "笑死"}, {"uid": "1842443", "content": "师姐早"}, {"uid": "1704410", "content": "黑听开始"}, {"uid": "1704410", "content": "(〜￣△￣)〜"}, {"uid": "385602993", "content": "刚消化"}, {"uid": "399811804", "content": "吃晚饭了"}, {"uid": "18343394", "content": "早上好"}, {"uid": "76745726", "content": "吃了"}, {"uid": "399811804", "content": "晚上好"}, {"uid": "76745726", "content": "早早早"}, {"uid": "14227544", "content": "早上好"}]