[{"uid": "325384143", "content": "拜拜"}, {"uid": "232931669", "content": "拜拜"}, {"uid": "18343394", "content": "笑死"}, {"uid": "18343394", "content": "简单的"}, {"uid": "552461", "content": "拜拜"}, {"uid": "18343394", "content": "拜拜拜拜"}, {"uid": "1704410", "content": "素材有了(＾－＾)V"}, {"uid": "698355368", "content": "拜拜"}, {"uid": "12864846", "content": "拜拜拜拜"}, {"uid": "12864846", "content": "师姐拜拜"}, {"uid": "18343394", "content": "拜拜"}, {"uid": "18343394", "content": "拜拜拜拜"}, {"uid": "1704410", "content": "拜拜"}, {"uid": "471069463", "content": "师姐拜拜"}, {"uid": "1704410", "content": "耻辱下播？"}, {"uid": "18343394", "content": "呜呜呜"}, {"uid": "7833978", "content": "拜拜拜拜"}, {"uid": "18343394", "content": "该下班了"}, {"uid": "1704410", "content": "加班了？"}, {"uid": "18343394", "content": "收手吧"}, {"uid": "698355368", "content": "师姐到下班点了"}, {"uid": "1704410", "content": "头上放一个？"}, {"uid": "471069463", "content": "hhh"}, {"uid": "18343394", "content": "离谱"}, {"uid": "7833978", "content": "收手吧！"}, {"uid": "76745726", "content": "笑死、"}, {"uid": "698355368", "content": "这？"}, {"uid": "1704410", "content": "笑"}, {"uid": "471069463", "content": "ohhhhhhhh"}, {"uid": "1704410", "content": "退款吧"}, {"uid": "20712259", "content": "不至于真的不至于"}, {"uid": "1704410", "content": "笑死"}, {"uid": "698355368", "content": "退款吧师姐"}, {"uid": "325384143", "content": "大蛇归来"}, {"uid": "12864846", "content": "笑死"}, {"uid": "698355368", "content": "笑死"}, {"uid": "471069463", "content": "hhh"}, {"uid": "7833978", "content": "笑死"}, {"uid": "18343394", "content": "笑死"}, {"uid": "18343394", "content": "听够了"}, {"uid": "18343394", "content": "笑死"}, {"uid": "12864846", "content": "快退款！！！"}, {"uid": "698355368", "content": "师姐好强"}, {"uid": "471069463", "content": "ohhhh"}, {"uid": "89283862", "content": "感谢师姐让我吃饭"}, {"uid": "698355368", "content": "ohhhhhhhh！"}, {"uid": "23048148", "content": "建议退款"}, {"uid": "7833978", "content": "过了！"}, {"uid": "545549120", "content": "收手吧师姐 可以退款了"}, {"uid": "7833978", "content": "收手吧师姐 可以退款了"}, {"uid": "67843445", "content": "进来看白姐挨打"}, {"uid": "12864846", "content": "师姐先喝点水吧"}, {"uid": "12864846", "content": "思维逐渐混乱"}, {"uid": "89283862", "content": "等师姐过了这关我就去吃晚饭"}, {"uid": "7833978", "content": "放弃思考"}, {"uid": "89283862", "content": "师姐怕不是加班到周一"}, {"uid": "325384143", "content": "准点退款吧"}, {"uid": "471069463", "content": "唱歌"}, {"uid": "18343394", "content": "笑死"}, {"uid": "89283862", "content": "师姐无能狂怒"}, {"uid": "471069463", "content": "hhh"}, {"uid": "18343394", "content": "到点准时下班"}, {"uid": "7833978", "content": "笑死"}, {"uid": "7833978", "content": "过了这里就下班吧"}, {"uid": "12864846", "content": "这个拐角好难受"}, {"uid": "12864846", "content": "师姐加油"}, {"uid": "43861004", "content": "但是白师姐是天尊啊（？）"}, {"uid": "12864846", "content": "我连球都看不到了（仰天）"}, {"uid": "698355368", "content": "太离谱了"}, {"uid": "18343394", "content": "这是人类能打出来的操作？？？"}, {"uid": "12864846", "content": "比我想象中的要夸张多了"}, {"uid": "12864846", "content": "后面才恐怖"}, {"uid": "325384143", "content": "是什么模糊了师姐的视线"}, {"uid": "18343394", "content": " 笑死今晚还能下班？？"}, {"uid": "7833978", "content": "打完就下班？"}, {"uid": "260363053", "content": "师姐此时眼神失去高光好吧"}, {"uid": "12864846", "content": "师姐失去了梦想"}, {"uid": "18343394", "content": "变成大鸡腿"}, {"uid": "260363053", "content": "疯了疯了"}, {"uid": "18343394", "content": "失去梦想"}, {"uid": "95297039", "content": "这个女人疯掉了"}, {"uid": "12864846", "content": "我看麻了"}, {"uid": "12864846", "content": "师姐我发了个视频在群里建议看一下"}, {"uid": "260363053", "content": "笑死，根本笑不死"}, {"uid": "7833978", "content": "快乐喝口茶"}, {"uid": "95297039", "content": "你已经好厉害了"}, {"uid": "698355368", "content": "哈哈哈"}, {"uid": "18343394", "content": "笑死"}, {"uid": "18343394", "content": "好家伙"}, {"uid": "260363053", "content": "差一个"}, {"uid": "7833978", "content": "81！"}, {"uid": "471069463", "content": "www"}, {"uid": "260363053", "content": "死之正方形"}, {"uid": "76745726", "content": "死亡菱形区域"}, {"uid": "471069463", "content": "害怕"}, {"uid": "698355368", "content": "师姐加油"}, {"uid": "76745726", "content": "手忙脚乱乱点"}, {"uid": "260363053", "content": "差一点"}, {"uid": "260363053", "content": "师姐太南了"}, {"uid": "260363053", "content": "真就是玩会了负的亿点点"}, {"uid": "76745726", "content": "试了试还是空格键最响"}, {"uid": "260363053", "content": "玩会了负的一点点"}, {"uid": "87671899", "content": "前面新手村"}, {"uid": "76745726", "content": "和我一样hhh"}, {"uid": "260363053", "content": "玩会了-"}, {"uid": "87671899", "content": "世界6之后是开始"}, {"uid": "76745726", "content": "师姐按什么键的？"}, {"uid": "260363053", "content": "看来没机会听完了"}, {"uid": "12864846", "content": "你将永远无法到达彼岸的真实"}, {"uid": "325384143", "content": "回头客"}, {"uid": "18343394", "content": "永远回不了家的火车司机"}, {"uid": "12864846", "content": "无限列车"}, {"uid": "12864846", "content": "我笑死"}, {"uid": "7833978", "content": "下播及退款"}, {"uid": "325384143", "content": "5—X 永夜列车"}, {"uid": "7833978", "content": "笑死了"}, {"uid": "412971715", "content": "师姐也玩这个吗"}, {"uid": "4577251", "content": "还有机会听完这首歌吗？"}, {"uid": "4577251", "content": "这个歌真的好好听"}, {"uid": "698355368", "content": "看会别的吧"}, {"uid": "698355368", "content": "快四然后快二好像"}, {"uid": "18343394", "content": "希望师姐让我听完呜呜呜"}, {"uid": "18343394", "content": "确实好听"}, {"uid": "12864846", "content": "玩这个要喝水"}, {"uid": "12864846", "content": "我也花了"}, {"uid": "18343394", "content": "笑死"}, {"uid": "18343394", "content": "火车甚至倒回去了"}, {"uid": "7833978", "content": "笑死"}, {"uid": "18343394", "content": "真蛇形"}, {"uid": "12864846", "content": "我卡关了"}, {"uid": "18343394", "content": "好家伙"}, {"uid": "12864846", "content": "蛇形好折磨"}, {"uid": "698355368", "content": "好家伙"}, {"uid": "18343394", "content": "笑死"}, {"uid": "698355368", "content": "一命通关！！！"}, {"uid": "12046530", "content": "一遍过诶，师姐好强~"}, {"uid": "545549120", "content": "师姐擅长写情书？"}, {"uid": "325384143", "content": "一次过"}, {"uid": "18343394", "content": "一遍就过了"}, {"uid": "76745726", "content": "感谢仓鼠一口毒奶"}, {"uid": "7833978", "content": "一把过了"}, {"uid": "545549120", "content": "好厉害"}, {"uid": "7833978", "content": "笑死"}, {"uid": "18343394", "content": "好强"}, {"uid": "7833978", "content": "好长"}, {"uid": "18343394", "content": "我有预感这关会非常难"}, {"uid": "76745726", "content": "我终于过了第一关"}, {"uid": "345241915", "content": "有笑到"}, {"uid": "7833978", "content": "开始受苦"}, {"uid": "7833978", "content": "笑死"}, {"uid": "18343394", "content": "？？"}, {"uid": "698355368", "content": "好强啊师姐"}, {"uid": "32019227", "content": "暴风雨前的平静"}, {"uid": "18343394", "content": "已经感觉离谱了"}, {"uid": "471069463", "content": "ohhhhh！！！"}, {"uid": "325384143", "content": "过了！！！！"}, {"uid": "12864846", "content": "过了！！！！"}, {"uid": "698355368", "content": "师姐好强"}, {"uid": "12864846", "content": "好强师姐！！！！！"}, {"uid": "7833978", "content": "过了！"}, {"uid": "32019227", "content": "ohhhhhhhhhhh"}, {"uid": "18343394", "content": "ohhhhhhhhhhhhhh"}, {"uid": "698355368", "content": "666"}, {"uid": "76745726", "content": "恭喜"}, {"uid": "76745726", "content": "这个仓鼠就是逊啦"}, {"uid": "18343394", "content": " 打了教程放弃了"}, {"uid": "32019227", "content": "大家记得吃饭哦"}, {"uid": "76745726", "content": "如果是金银铺子的老爷子一定很快就通关了吧"}, {"uid": "7833978", "content": "笑死"}, {"uid": "411922107", "content": "，"}, {"uid": "76745726", "content": "第一个关96那个是什么a "}, {"uid": "7833978", "content": "笑死 差一点"}, {"uid": "7833978", "content": "消息"}, {"uid": "698355368", "content": "哈哈哈"}, {"uid": "7833978", "content": "笑死"}, {"uid": "18343394", "content": "一紧张就瞎按"}, {"uid": "18343394", "content": "挺好玩的就是过不去"}, {"uid": "2175498", "content": "笑死。"}, {"uid": "471069463", "content": "hhh"}, {"uid": "76745726", "content": "准备准备退款删游戏了"}, {"uid": "76745726", "content": "我还在第一关卡着"}, {"uid": "76745726", "content": "WWW"}, {"uid": "18343394", "content": "笑死"}, {"uid": "18343394", "content": "好可惜"}, {"uid": "21376079", "content": "可惜影响不到师姐了_(:3」∠)_"}, {"uid": "4577251", "content": "师姐：我有罪（然后继续关着"}, {"uid": "698355368", "content": "师姐好强"}, {"uid": "4577251", "content": "差点就过了"}, {"uid": "421784949", "content": "66666"}, {"uid": "4577251", "content": "面捕帮大忙了"}, {"uid": "18343394", "content": "好家伙"}, {"uid": "12046530", "content": "师姐晚上好喵~"}, {"uid": "421784949", "content": "左右手交替玩"}, {"uid": "18805678", "content": "经典单线程"}, {"uid": "10977493", "content": "已经很强了"}, {"uid": "18343394", "content": "音乐会影响你"}, {"uid": "471069463", "content": "hhh"}, {"uid": "18343394", "content": "会的"}, {"uid": "18343394", "content": "要是我已经再看新键盘了"}, {"uid": "18343394", "content": "师姐好强"}, {"uid": "18805678", "content": "晚上好 师姐"}, {"uid": "421784949", "content": "竟然有播冰与火的"}, {"uid": "12864846", "content": "折磨起来了"}, {"uid": "12864846", "content": "好难"}, {"uid": "32019227", "content": "这是个考验记忆力的小游戏"}, {"uid": "2175498", "content": "多少钱  我也买一个（笑死"}, {"uid": "12864846", "content": "我麻了"}, {"uid": "12864846", "content": "我自己玩老是太快了"}, {"uid": "232931669", "content": "师姐你这下饭菜哪买的这么下饭"}, {"uid": "2175498", "content": "晚上好"}, {"uid": "108360811", "content": "师姐晚上好"}, {"uid": "15328609", "content": "这不是偏差过大直接死吗。。"}, {"uid": "87671899", "content": "这个游戏的容错是最小的"}, {"uid": "87671899", "content": "只能错一次"}, {"uid": "37746038", "content": "没事，慢慢来，我不着急"}, {"uid": "32019227", "content": "它甚至不愿意给你多条命"}, {"uid": "12864846", "content": "找到了，但没完全找到"}, {"uid": "37746038", "content": "跟着就走鼓点走"}, {"uid": "18343394", "content": "已经疯魔了"}, {"uid": "87671899", "content": "看节奏的 快不一定简单啊"}, {"uid": "325384143", "content": "3—X 发疯"}, {"uid": "12864846", "content": "感觉快一点的反而容易掌握节奏"}, {"uid": "87671899", "content": "开始折磨"}, {"uid": "545549120", "content": "好强"}, {"uid": "87671899", "content": "过了。"}, {"uid": "12864846", "content": "好耶"}, {"uid": "37746038", "content": "加油啊，一定不要败给一个区区game啊！"}, {"uid": "18343394", "content": "删游退款一气呵成"}, {"uid": "1457515", "content": "大姐頭腫麼了？"}, {"uid": "32019227", "content": "阴油"}, {"uid": "1457515", "content": "?"}, {"uid": "4577251", "content": "突然想起今天还没吃冰淇淋"}, {"uid": "37746038", "content": "真，被音游打，（）"}, {"uid": "87671899", "content": "心里默数就行"}, {"uid": "87671899", "content": "过回头弯按三下"}, {"uid": "89671191", "content": "我为什么要说又？"}, {"uid": "471069463", "content": "笑死"}, {"uid": "12864846", "content": "笑死"}, {"uid": "545549120", "content": "《清楚系师姐》"}, {"uid": "89671191", "content": "完了，又疯一个"}, {"uid": "87671899", "content": "简单来说前面都是训练关"}, {"uid": "275406328", "content": "加油，师姐一定能过"}, {"uid": "87671899", "content": "最后一关是前面所有的总结"}, {"uid": "89671191", "content": "好游戏"}, {"uid": "12864846", "content": "师姐好强"}, {"uid": "12864846", "content": "好耶！！！！！"}, {"uid": "12864846", "content": "晚上ow吗师姐"}, {"uid": "18343394", "content": "更多折折折折折磨"}, {"uid": "28466391", "content": "好游戏"}, {"uid": "32019227", "content": "好游戏"}, {"uid": "12864846", "content": "笑死"}, {"uid": "89671191", "content": "开玩笑根本就没有谱子"}, {"uid": "12864846", "content": "读谱都不能读"}, {"uid": "12864846", "content": "不能背谱才是最难受的"}, {"uid": "18343394", "content": "终极折磨"}, {"uid": "89283862", "content": "师姐整个人都不好了"}, {"uid": "89671191", "content": "要跟着节奏卡点"}, {"uid": "4577251", "content": " 师姐：沉默了"}, {"uid": "12864846", "content": "这个要连按两下"}, {"uid": "12864846", "content": "笑死"}, {"uid": "32019227", "content": "好"}, {"uid": "89671191", "content": "反正我是觉得这游戏，没个十年脑血栓做不出"}, {"uid": "87671899", "content": "听节拍"}, {"uid": "12864846", "content": "仓鼠下班了呀"}, {"uid": "12864846", "content": "说的好简单，可恶，这就是大佬吗，慕了"}, {"uid": "18343394", "content": "下班了师姐回见"}, {"uid": "89671191", "content": "其音游都能靠反应这玩意儿只能靠卡点"}, {"uid": "65240577", "content": "好耶"}, {"uid": "87671899", "content": "音游都是有简单的有难得  没什么变态的"}, {"uid": "87671899", "content": "注意一下过弯速度"}, {"uid": "89671191", "content": "冰与火，这游戏挺变态的"}, {"uid": "87671899", "content": "这个挺简单的  别慌"}, {"uid": "12864846", "content": "加油师姐"}, {"uid": "12864846", "content": "好难"}, {"uid": "12864846", "content": "我回来了师姐"}, {"uid": "18343394", "content": "谢谢师姐圆我梦想"}, {"uid": "87671899", "content": "11的赫拉克勒斯挺好听的"}, {"uid": "89671191", "content": "师姐真可爱(￣▽￣)╭"}, {"uid": "87671899", "content": "冰与火之舞 这个好"}, {"uid": "49163503", "content": "师姐晚上好"}, {"uid": "18343394", "content": "无话可说"}, {"uid": "4577251", "content": "总感觉今天大乱斗很延迟，好久没看到匹配了"}, {"uid": "18343394", "content": "怒退游戏"}, {"uid": "89671191", "content": "哟西"}, {"uid": "471069463", "content": "我也想"}, {"uid": "18343394", "content": "呜呜呜我好想听完整首曲子阿"}, {"uid": "232931669", "content": "去借一双手就可以了"}, {"uid": "232931669", "content": "晚上好"}, {"uid": "18343394", "content": "笑死"}, {"uid": "32721948", "content": "绝了"}, {"uid": "4577251", "content": "我们看不全了阿师姐！！（呐喊"}, {"uid": "471069463", "content": "好诶"}, {"uid": "4577251", "content": "完了师姐把弹幕关了"}, {"uid": "18343394", "content": "大乱斗阿师姐"}, {"uid": "4577251", "content": "大乱斗是自动停止吗"}, {"uid": "18343394", "content": "我体会到了"}, {"uid": "29193009", "content": "瞎了"}, {"uid": "276883880", "content": "肯定是眼睛瞟了"}, {"uid": "18343394", "content": "笑死"}, {"uid": "39096217", "content": "哈哈哈哈"}, {"uid": "282845389", "content": "晚上好"}, {"uid": "39096217", "content": "哈哈哈"}, {"uid": "18343394", "content": "让神自己回来！"}, {"uid": "18343394", "content": "不过音乐好带感"}, {"uid": "4577251", "content": "永远也无法突破的转角.jpg"}, {"uid": "471069463", "content": "点外卖了www"}, {"uid": "471069463", "content": "太过分了，断网断水现在断饭"}, {"uid": "471069463", "content": "www六点就没饭菜了"}, {"uid": "4577251", "content": "猜到了今天肯定会播这个哈哈哈"}, {"uid": "18343394", "content": "笑死"}, {"uid": "2045342061", "content": "怎么全是奥特曼啊就我一个奥特曼"}, {"uid": "4577251", "content": "完成：6%恭喜突破！"}, {"uid": "18343394", "content": "姐姐好我是泽塔奥特曼刚刚关注请多关照"}, {"uid": "276883880", "content": "那个节奏医生才是最折磨人的"}, {"uid": "545549120", "content": "这游戏看着好难"}, {"uid": "12864846", "content": "笑死"}, {"uid": "2045342061", "content": "你就叫高斯吧"}, {"uid": "76745726", "content": " 姐姐好，我是迪迦奥特曼刚关注请多多关照"}, {"uid": "12864846", "content": "加油！！！！"}, {"uid": "2045342061", "content": "我是上午把数学暑假写完了只有语文了"}, {"uid": "2045342061", "content": "姐姐好，我是高斯奥特曼刚关注请多多关照"}, {"uid": "76745726", "content": "好强"}, {"uid": "12864846", "content": "好强！！！！不愧是师姐！！！！"}, {"uid": "18343394", "content": "好耶！！！"}, {"uid": "12864846", "content": "ohhhhhhhhhhhhhhhhh"}, {"uid": "524947577", "content": "(⌒▽⌒)"}, {"uid": "4577251", "content": "谢谢阿摸的提醒"}, {"uid": "18343394", "content": "笑死"}, {"uid": "545549120", "content": "哒哒哒哒哒哒"}, {"uid": "4577251", "content": "今天不开大乱斗吗？"}, {"uid": "276883880", "content": "咚咚咚"}, {"uid": "18343394", "content": "笑死"}, {"uid": "1704410", "content": "下饭"}, {"uid": "18343394", "content": "要是我第一个连续拐角都过不去"}, {"uid": "1704410", "content": "来看看，出去买东西了"}, {"uid": "1749817", "content": "呜呜呜苦呀洗"}, {"uid": "96752149", "content": "（￣▽￣）"}, {"uid": "12864846", "content": "这样的话比喵斯难"}, {"uid": "18343394", "content": "哒哒哒哒哒哒"}, {"uid": "12864846", "content": "我也感觉"}, {"uid": "18343394", "content": "感觉好需要节奏感阿"}, {"uid": "12864846", "content": "好叭.."}, {"uid": "12864846", "content": "差一点了！！！"}, {"uid": "12864846", "content": "师姐今天摸了狗狗感觉治愈了吗"}, {"uid": "8784032", "content": "师姐早"}, {"uid": "12864846", "content": "我以为是按两个键的抱歉"}, {"uid": "18343394", "content": "好家伙"}, {"uid": "12864846", "content": "懂了"}, {"uid": "12864846", "content": "哦哦"}, {"uid": "10412397", "content": "音游狗狂喜"}, {"uid": "12864846", "content": "左 右 左 右 这样"}, {"uid": "89283862", "content": "看师姐玩挺简单我自己买一个的话就是悲剧了"}, {"uid": "12864846", "content": "我也去买一个！！！！"}, {"uid": "10412397", "content": "师姐晚上好"}, {"uid": "12864846", "content": "想玩"}, {"uid": "18343394", "content": "看着好强"}, {"uid": "12864846", "content": "感觉好不错"}, {"uid": "18343394", "content": "好家伙"}, {"uid": "12864846", "content": "哦哦"}, {"uid": "18343394", "content": "音游永远都痛"}, {"uid": "12095344", "content": "啊这"}, {"uid": "12864846", "content": "喵斯快跑，也是音游"}, {"uid": "12864846", "content": "直接掰断"}, {"uid": "18343394", "content": "快进到怒极掰键盘"}, {"uid": "12864846", "content": "哭了，喵斯也是在折磨我"}, {"uid": "12864846", "content": "手残"}, {"uid": "18343394", "content": "好家伙"}, {"uid": "471069463", "content": "www马上回来"}, {"uid": "12095344", "content": "饭点了，有无下饭"}, {"uid": "471069463", "content": "师姐晚上好"}, {"uid": "471069463", "content": "刚刚打算出去吃饭"}, {"uid": "18343394", "content": "晚上好晚上好"}, {"uid": "12864846", "content": "师姐晚上好"}, {"uid": "89283862", "content": "师姐我来体验双倍快乐了"}, {"uid": "18343394", "content": "来了来了"}]