[{"uid": "471069463", "content": "师姐师姐师姐"}, {"uid": "471069463", "content": "好耶"}, {"uid": "18343394", "content": "好家伙"}, {"uid": "4577251", "content": "好好听suki"}, {"uid": "18343394", "content": "摇起来了！"}, {"uid": "698355368", "content": "师姐好强"}, {"uid": "7833978", "content": "笑死"}, {"uid": "7833978", "content": "要下班了"}, {"uid": "18343394", "content": "这也太快了"}, {"uid": "12864846", "content": "师姐好强"}, {"uid": "2079822", "content": " \\师姐/\\师姐/\\师姐/\\师姐/\\师姐/"}, {"uid": "2079822", "content": " \\师姐/\\师姐/\\师姐/\\师姐/\\师姐/"}, {"uid": "471069463", "content": "师姐师姐师姐"}, {"uid": "351430336", "content": "中之人是作者本人对吧？"}, {"uid": "12864846", "content": "嗯"}, {"uid": "18343394", "content": "好家伙师姐好强"}, {"uid": "504043099", "content": "。"}, {"uid": "18343394", "content": "vprk"}, {"uid": "18343394", "content": "感觉出来了这歌有点慢"}, {"uid": "471069463", "content": "师姐师姐师姐"}, {"uid": "12864846", "content": "阿巴阿巴的师姐我也很喜欢"}, {"uid": "2737171", "content": "好耶"}, {"uid": "698355368", "content": "师姐好强"}, {"uid": "18343394", "content": "好强"}, {"uid": "18343394", "content": "这么快？"}, {"uid": "18343394", "content": "好家伙"}, {"uid": "325384143", "content": "太难了，我们换一首吧(doge)"}, {"uid": "18343394", "content": "学会了直接说绕口令？"}, {"uid": "18343394", "content": "下次在学吧笑死"}, {"uid": "18343394", "content": "阿巴阿巴"}, {"uid": "18343394", "content": "笑死"}, {"uid": "18343394", "content": "好家伙"}, {"uid": "18343394", "content": "笑死没关系哦"}, {"uid": "7833978", "content": "笑死"}, {"uid": "15469971", "content": "师姐爱唱啥唱啥吧，反正都好听"}, {"uid": "12864846", "content": "回来了"}, {"uid": "18343394", "content": "那你随便吧"}, {"uid": "18343394", "content": "笑死"}, {"uid": "18343394", "content": "可吗"}, {"uid": "18343394", "content": "Hurricane"}, {"uid": "18343394", "content": "我要dian"}, {"uid": "471069463", "content": "好家伙"}, {"uid": "545549120", "content": "rapgod"}, {"uid": "5684520", "content": "好喜欢师姐rap这段"}, {"uid": "5684520", "content": "好耶"}, {"uid": "7833978", "content": "笑死"}, {"uid": "4577251", "content": "想要禁区的mp3（泪目）"}, {"uid": "18343394", "content": "远行去餐桌"}, {"uid": "7833978", "content": "叫的起来算你狠好吧"}, {"uid": "18343394", "content": "笑死"}, {"uid": "7833978", "content": "远行去哪"}, {"uid": "7833978", "content": "今晚？？？"}, {"uid": "2737171", "content": "好，我三点半必叫你打牌"}, {"uid": "5684520", "content": "师姐师姐 我想点一首红昭愿"}, {"uid": "2737171", "content": "今晚金毛就要远行"}, {"uid": "12864846", "content": "笑死"}, {"uid": "2737171", "content": "笑死"}, {"uid": "7833978", "content": "晓月八月底跑路了不会三点半叫人打牌吧"}, {"uid": "7833978", "content": "好家伙"}, {"uid": "18343394", "content": "快进到金毛顶替晓月加班"}, {"uid": "5684520", "content": "好耶"}, {"uid": "12864846", "content": "笑死"}, {"uid": "7833978", "content": "打工人永不加班"}, {"uid": "7833978", "content": "只可能是晓月"}, {"uid": "7833978", "content": "加班人只有一个"}, {"uid": "18343394", "content": "笑死"}, {"uid": "7833978", "content": "怎么可能"}, {"uid": "471069463", "content": "笑死"}, {"uid": "7833978", "content": "小鸠"}, {"uid": "12864846", "content": "快进到晓月和金毛在同一个办公室里"}, {"uid": "7833978", "content": "干什么干什么你们"}, {"uid": "18343394", "content": "去上班换电脑啊"}, {"uid": "2737171", "content": "金毛快上班"}, {"uid": "18343394", "content": "都要八月了金毛要上班了"}, {"uid": "545549120", "content": "金毛快上班"}, {"uid": "7833978", "content": "可恶啊"}, {"uid": "7833978", "content": "要上班了"}, {"uid": "545549120", "content": "好快啊"}, {"uid": "7833978", "content": "都要八月了"}, {"uid": "7833978", "content": "好快啊"}, {"uid": "5684520", "content": "师姐师姐 八月钥匙扣是小白怜的吗"}, {"uid": "76745726", "content": "他在你背后举盾"}, {"uid": "18343394", "content": "好家伙"}, {"uid": "7833978", "content": "这是飞到房顶了吧"}, {"uid": "7833978", "content": "笑死"}, {"uid": "76745726", "content": "飞过去吃龙"}, {"uid": "325384143", "content": "千里送人头"}, {"uid": "18343394", "content": "笑死"}, {"uid": "39870299", "content": "biubiubiu"}, {"uid": "18343394", "content": "笑死这是抢激素了？"}, {"uid": "7833978", "content": "真快啊"}, {"uid": "7833978", "content": "好家伙"}, {"uid": "4577251", "content": "云梦"}, {"uid": "39870299", "content": "改狂鼠吧"}, {"uid": "2737171", "content": "我粉都嗦完了"}, {"uid": "2737171", "content": "跑了啊"}, {"uid": "524947577", "content": "打卡"}, {"uid": "18343394", "content": "师姐被紫菜了"}, {"uid": "39870299", "content": "修仙怎么能有牧师"}, {"uid": "7833978", "content": "晓月还不跑路"}, {"uid": "39870299", "content": "师姐这不务正业啊"}, {"uid": "18343394", "content": "笑死"}, {"uid": "545549120", "content": "师姐你紫菜吧"}, {"uid": "7833978", "content": "笑死"}, {"uid": "4577251", "content": "告诉所有人这是半城唱的"}, {"uid": "18343394", "content": "呜呜呜晓月大哥三点半打牌吧"}, {"uid": "76745726", "content": "一地尸体"}, {"uid": "325384143", "content": "师姐已经以死谢罪了"}, {"uid": "76745726", "content": "笑死"}, {"uid": "4577251", "content": "好家伙，在把半城的歌放出来之后"}, {"uid": "2737171", "content": "金毛你几个意思？"}, {"uid": "76745726", "content": "无事发生"}, {"uid": "7833978", "content": "就当无事发生"}, {"uid": "7833978", "content": "加班吧"}, {"uid": "7833978", "content": "晓月"}, {"uid": "12864846", "content": "笑死"}, {"uid": "12864846", "content": "好听"}, {"uid": "2737171", "content": "半城唱的？好家伙"}, {"uid": "552461", "content": "笑死"}, {"uid": "4577251", "content": "好家伙，是半城唱的吗"}, {"uid": "18343394", "content": "笑死"}, {"uid": "2737171", "content": "大意了"}, {"uid": "10212337", "content": "。。。"}, {"uid": "18343394", "content": "谢罪吧"}, {"uid": "325384143", "content": "这谁的梦回环"}, {"uid": "4577251", "content": "好家伙那是什么"}, {"uid": "2737171", "content": "笑死"}, {"uid": "18343394", "content": "我们听得到啊"}, {"uid": "18343394", "content": "好家伙公开处刑"}, {"uid": "7833978", "content": "好家伙"}, {"uid": "18343394", "content": "笑死"}, {"uid": "7833978", "content": "笑死"}, {"uid": "2737171", "content": "笑死"}, {"uid": "18343394", "content": "传说中的激光雨？"}, {"uid": "12864846", "content": "危重病房乱斗"}, {"uid": "325384143", "content": "蹦蹦床战争"}, {"uid": "18343394", "content": "迪斯科毛妹笑死"}, {"uid": "437891653", "content": "师姐好强啊"}, {"uid": "18343394", "content": "又开始了"}, {"uid": "7833978", "content": "怕我奶到你是吧"}, {"uid": "437891653", "content": "师姐吃了吗？"}, {"uid": "4577251", "content": "师姐晚上好"}, {"uid": "12864846", "content": "I C U 乱 战"}, {"uid": "325384143", "content": "不要怪我奶不到，是你自己乱跳的"}, {"uid": "18343394", "content": "笑死"}, {"uid": "12864846", "content": "icu乱斗"}, {"uid": "7833978", "content": "后视镜你也不看啊"}, {"uid": "12864846", "content": "解锁竞技模式要考完科目四"}, {"uid": "4577251", "content": "笑喷了"}, {"uid": "12864846", "content": "考科目二吗"}, {"uid": "18343394", "content": "ow加入后视镜吧qq；"}, {"uid": "12864846", "content": "笑死"}, {"uid": "2737171", "content": "笑死"}, {"uid": "18343394", "content": "笑死看谁都是炸鱼"}, {"uid": "7833978", "content": "甚至听不到"}, {"uid": "12864846", "content": "星际玩家"}, {"uid": "76745726", "content": "电子竞技"}, {"uid": "325384143", "content": "堵在小角落"}, {"uid": "4577251", "content": "师姐:yue yue yue"}, {"uid": "7833978", "content": "笑死"}, {"uid": "18343394", "content": "小房间惨案"}, {"uid": "18343394", "content": "好家伙"}, {"uid": "325384143", "content": "当知道真相时我感觉我幼小的心灵受到了欺骗"}, {"uid": "7833978", "content": "鸡蛋羹这种么"}, {"uid": "12864846", "content": "小鲤鱼历险记吗"}, {"uid": "357637145", "content": "哦哦哦"}, {"uid": "2737171", "content": "煲蛇羹"}, {"uid": "12864846", "content": "笑死"}, {"uid": "12864846", "content": "不是蛇"}, {"uid": "18343394", "content": "迪斯科毛妹"}, {"uid": "325384143", "content": "说起来我原本还以为蛇胆真像小说里那么神"}, {"uid": "18343394", "content": "好家伙"}, {"uid": "12864846", "content": "冲上去送人头"}, {"uid": "357637145", "content": "黄鳝算不算蛇啊"}, {"uid": "12864846", "content": "我也想知道"}, {"uid": "7833978", "content": "蛇羹是个什么"}, {"uid": "12864846", "content": "晓月好强"}, {"uid": "7833978", "content": "笑死"}, {"uid": "357637145", "content": "我这里最出名的是海底捞2233"}, {"uid": "2737171", "content": "很香"}, {"uid": "2737171", "content": "烤蛇，炒蛇段，蛇羹"}, {"uid": "76745726", "content": "我吃过"}, {"uid": "76745726", "content": "笑死"}, {"uid": "7833978", "content": "吃不来"}, {"uid": "7833978", "content": "打扰了"}, {"uid": "18343394", "content": "好家伙"}, {"uid": "12864846", "content": "广door人是笑死"}, {"uid": "4577251", "content": "蛇好吃的，长沙的口味蛇很不错"}, {"uid": "7833978", "content": "晓月是加班人！"}, {"uid": "325384143", "content": "切开来一定要去腥"}, {"uid": "18343394", "content": "了’"}, {"uid": "18343394", "content": "我开始发麻；1"}, {"uid": "7833978", "content": "晓月"}, {"uid": "7833978", "content": "笑死"}, {"uid": "18343394", "content": "好家伙"}, {"uid": "2737171", "content": "我只能接受作为食物端上桌的蛇"}, {"uid": "12864846", "content": "笑死"}, {"uid": "325384143", "content": "我这里的蛇没毒，就是腥味太重了"}, {"uid": "7833978", "content": "笑死"}, {"uid": "7833978", "content": "我们请的工人直接说下次看到记得喊他们"}, {"uid": "12864846", "content": "不过我不敢去抓"}, {"uid": "18343394", "content": "关键他也不怕"}, {"uid": "12864846", "content": "抓过两条"}, {"uid": "18343394", "content": "就离谱"}, {"uid": "18343394", "content": "以前去河边的时候朋友摸鱼摸到一条蛇"}, {"uid": "7833978", "content": "笑死"}, {"uid": "7833978", "content": "可以聊个复活了"}, {"uid": "12864846", "content": "笑死"}, {"uid": "12864846", "content": "师姐专心打游戏吧"}, {"uid": "7833978", "content": "我们是进山的时候踩到的"}, {"uid": "12864846", "content": "然后就是去荷塘边游泳了"}, {"uid": "12864846", "content": "我老家在乡下玩都是这样玩的"}, {"uid": "4577251", "content": "其实我们都是野人"}, {"uid": "7833978", "content": "直接分头行动"}, {"uid": "18343394", "content": "你们好恐怖"}, {"uid": "12864846", "content": "笑死"}, {"uid": "18343394", "content": "笑死"}, {"uid": "7833978", "content": "原来一脚踩出来好长一条"}, {"uid": "7833978", "content": "笑死"}, {"uid": "4577251", "content": "红伞伞"}, {"uid": "12864846", "content": "拿一个长一点的夹夹起来玩"}, {"uid": "7833978", "content": "草丛里的才刺激啊"}, {"uid": "18343394", "content": "又粗又长的野生蛇就老吓人了"}, {"uid": "325384143", "content": "各位蛆，师姐怕你们"}, {"uid": "12864846", "content": "蛇好玩"}, {"uid": "12864846", "content": "真的"}, {"uid": "7833978", "content": "笑死"}, {"uid": "18343394", "content": "我也是特别害怕"}, {"uid": "7833978", "content": "还是蟑螂恐怖"}, {"uid": "18343394", "content": "蛇老可怕了"}, {"uid": "12864846", "content": "小时候和我哥一起去打蛇"}, {"uid": "7833978", "content": "蛇还行"}, {"uid": "36172775", "content": "对面武僧好可怕"}, {"uid": "12864846", "content": "还有蛇"}, {"uid": "12864846", "content": "蜈蚣抓起来泡酒"}, {"uid": "18343394", "content": "0螂满目"}, {"uid": "7833978", "content": "打扰了打扰了"}, {"uid": "18343394", "content": "谢谢已经被恶心到来"}, {"uid": "325384143", "content": "琳螂满目"}, {"uid": "12864846", "content": "笑死，师姐的后花园五毒俱全"}, {"uid": "500195588", "content": "细思极恐"}, {"uid": "7833978", "content": "好家伙"}, {"uid": "18343394", "content": "噫我特别怕那种长长的虫子"}, {"uid": "7833978", "content": "？？？"}, {"uid": "12864846", "content": "全是水蚁"}, {"uid": "11313169", "content": "一楼的房子就是昆虫记"}, {"uid": "7833978", "content": "最麻的就是蟑螂"}, {"uid": "2737171", "content": "南方大蟑螂突脸巨恐怖"}, {"uid": "4577251", "content": "我不信，除非你到我家来帮我和蟑螂一绝死战"}, {"uid": "7833978", "content": "蟑螂什么时候灭绝"}, {"uid": "12864846", "content": "我也不怕，但是会飞到脸上还是被吓一跳的"}, {"uid": "18343394", "content": "甚至爆浆"}, {"uid": "325384143", "content": "我也怕会飞的虫子……"}, {"uid": "18343394", "content": "笑死"}, {"uid": "2737171", "content": "我不信"}, {"uid": "7833978", "content": "打扰了"}, {"uid": "7833978", "content": "你家这蟑螂变异了？"}, {"uid": "12864846", "content": "会飞的！！！"}, {"uid": "12864846", "content": "主要是会飞"}, {"uid": "12864846", "content": "笑死"}, {"uid": "325384143", "content": "广东蟑螂有多大?"}, {"uid": "18343394", "content": "快进到被蟑螂锤晕"}, {"uid": "7833978", "content": "笑死"}, {"uid": "12864846", "content": "师姐安逸的被铁拳打死"}, {"uid": "4577251", "content": "今天买了蟑螂药，决定跟广东蟑螂一绝死战"}, {"uid": "36172775", "content": "师姐，队伍最安心的辅助"}, {"uid": "18343394", "content": "笑死"}, {"uid": "7833978", "content": "抓紧时间"}, {"uid": "4577251", "content": "笑死"}, {"uid": "18343394", "content": "对阿刚换的笑死"}, {"uid": "7833978", "content": "手来"}, {"uid": "12864846", "content": "笑死"}, {"uid": "4577251", "content": "我们自己谢自己笑喷了"}, {"uid": "357637145", "content": "建议直接当个石油佬"}, {"uid": "7833978", "content": "笑死"}, {"uid": "18343394", "content": "我们自己谢自己"}, {"uid": "12864846", "content": "建议直接sc"}, {"uid": "18343394", "content": "笑死"}, {"uid": "7833978", "content": "上桌吧你"}, {"uid": "545549120", "content": "我不是再问你 我是在求你"}, {"uid": "545549120", "content": "师姐能和我贴贴吗 "}, {"uid": "357637145", "content": "一时语塞"}, {"uid": "18343394", "content": "师姐的技术万年不变已经达到巅峰了"}, {"uid": "357637145", "content": "你个修仙的连时间单位都不清楚？？doge"}, {"uid": "325384143", "content": "画风换了"}, {"uid": "545549120", "content": "我们修仙的 一万年很快就过去啦"}, {"uid": "357637145", "content": "这。。。。"}, {"uid": "11313169", "content": "不是换过吗"}, {"uid": "357637145", "content": "师姐的直播封面万年不变"}, {"uid": "1859653", "content": "学医救不了队友"}, {"uid": "1859653", "content": "冲"}, {"uid": "1859653", "content": "chong"}, {"uid": "357637145", "content": "daka"}, {"uid": "12864846", "content": "源氏对着天使隔着一道墙：我需要治疗"}, {"uid": "545549120", "content": "鱼怜"}, {"uid": "7833978", "content": "笑死"}, {"uid": "7833978", "content": "有阴影了"}, {"uid": "325384143", "content": "往前嗯冲"}, {"uid": "12864846", "content": "铁拳玩家还不西内(╯°口°)╯(┴—┴]"}, {"uid": "7833978", "content": "笑死"}, {"uid": "18343394", "content": "没有家人"}, {"uid": "18343394", "content": "黑心卤蛋"}, {"uid": "18343394", "content": "好家伙"}, {"uid": "12864846", "content": "笑死"}, {"uid": "36172775", "content": "轮胎会自己找妈妈"}, {"uid": "18343394", "content": "笑死"}, {"uid": "7833978", "content": "笑死"}, {"uid": "36172775", "content": "冰箱可以自己解除的，不一定睡得到"}, {"uid": "12864846", "content": "等公交车"}, {"uid": "12864846", "content": "加班都是资本的谎言"}, {"uid": "11313169", "content": "加班是不可能加班的√"}, {"uid": "12864846", "content": "笑死"}, {"uid": "18343394", "content": "笑死"}, {"uid": "18343394", "content": "和我一样"}, {"uid": "18343394", "content": "只有下班特别准时"}, {"uid": "4577251", "content": "回了的，今天光速准时下班了"}, {"uid": "7833978", "content": "莱因哈特能冲"}, {"uid": "4577251", "content": "哇外面下雨了"}, {"uid": "9119045", "content": "xs"}, {"uid": "1704410", "content": "进攻方从来不管奶妈"}, {"uid": "12864846", "content": "笑死"}, {"uid": "12864846", "content": "被输入法背刺了"}, {"uid": "12864846", "content": "师姐晚上好"}, {"uid": "12864846", "content": "师姐晚上吧"}, {"uid": "9119045", "content": "不让车进出了"}, {"uid": "9119045", "content": "我家小区门口水太深把正门封了"}, {"uid": "1704410", "content": "我甚至希望河南能分点雨过来"}, {"uid": "1704410", "content": "我感觉你在给晓月立旗"}, {"uid": "2737171", "content": "没，今天活动没我"}, {"uid": "545549120", "content": "晓月没加班吗"}, {"uid": "1704410", "content": "怎么感觉要输了？"}, {"uid": "2737171", "content": "下班！探店！"}, {"uid": "11313169", "content": "师姐晚上好"}, {"uid": "10412397", "content": "师姐晚上好"}, {"uid": "18058907", "content": "吃饭去了(〜￣△￣)〜"}, {"uid": "55096752", "content": " 师姐晚上好"}, {"uid": "8138686", "content": "师姐晚上好"}, {"uid": "55096752", "content": "(°∀°)ﾉ"}, {"uid": "471069463", "content": "晚上几个人ow啊"}, {"uid": "9119045", "content": "昨天那个游戏不玩了吗"}, {"uid": "18343394", "content": "鲍勃在堵车笑死"}, {"uid": "76745726", "content": "走了"}, {"uid": "18058907", "content": "对面堡垒杀封了"}, {"uid": "76745726", "content": "笑死"}, {"uid": "7833978", "content": "笑死"}, {"uid": "18058907", "content": "╮(￣▽￣)╭"}, {"uid": "18058907", "content": "房管还能开机我去敲了敲使用方法"}, {"uid": "18343394", "content": "笑死"}, {"uid": "18343394", "content": "跑路型艾什"}, {"uid": "36338493", "content": "发生什么事了"}, {"uid": "18343394", "content": "关了"}, {"uid": "18058907", "content": "开机"}, {"uid": "5684520", "content": "啊这"}, {"uid": "12956954", "content": "我想静静,静静…… [已关机]"}, {"uid": "18343394", "content": "关闭"}, {"uid": "545549120", "content": "关闭"}, {"uid": "18343394", "content": "好家伙"}, {"uid": "73366855", "content": "现在在测试"}, {"uid": "5684520", "content": "大家四分钟不发弹幕试试"}, {"uid": "76745726", "content": "什么东西？"}, {"uid": "7833978", "content": "来个鲍勃"}, {"uid": "12956954", "content": "这是秘密"}, {"uid": "73366855", "content": "我看了下好像是个人开发的弹幕机器人"}, {"uid": "12956954", "content": "@秋风化煞小爱与你同在"}, {"uid": "73366855", "content": "野生机器人"}, {"uid": "18058907", "content": "好家伙"}, {"uid": "5684520", "content": "？"}, {"uid": "5684520", "content": "好像要四分钟没人发弹幕才走"}, {"uid": "18343394", "content": "双双把家还"}, {"uid": "12956954", "content": "欢迎舰长>星野馨灵进入直播间"}, {"uid": "18343394", "content": "笑死"}, {"uid": "73366855", "content": "理解理解"}, {"uid": "18343394", "content": "好的"}, {"uid": "18343394", "content": "笑死"}, {"uid": "12956954", "content": "接龙长度【0】,已主动结束接龙"}, {"uid": "73366855", "content": "昨天的白莲花还有续集嘛？"}, {"uid": "18058907", "content": "接龙结束"}, {"uid": "12956954", "content": "关于小爱的玩法介绍,请在主页动态查看"}, {"uid": "73366855", "content": "麻了"}, {"uid": "5684520", "content": "小爱可以上个总督吗"}, {"uid": "73366855", "content": "小爱？"}, {"uid": "12956954", "content": "请接-飞扬跋扈,【扈】放弃可发,接龙结束"}, {"uid": "18058907", "content": "成语接龙"}, {"uid": "90397606", "content": "好像是大佬的作品"}, {"uid": "12956954", "content": "@秋风化煞小时候被猪亲过吧"}, {"uid": "73366855", "content": "小爱"}, {"uid": "12956954", "content": "不要走啊！！！！"}, {"uid": "18343394", "content": "再见小爱"}, {"uid": "18058907", "content": "我试试能不能玩"}, {"uid": "12956954", "content": "88"}, {"uid": "545549120", "content": "再见小爱"}, {"uid": "12956954", "content": "@小鸠公主Channel梦想要伟大,欲望"}, {"uid": "5684520", "content": "野生机器人"}, {"uid": "545549120", "content": "笑死"}, {"uid": "12956954", "content": "@霜与月与梦中人 欢迎来到直播间"}, {"uid": "90397606", "content": "今天只有ow吗师姐"}, {"uid": "18058907", "content": "能互动好家伙"}, {"uid": "12956954", "content": "关于小爱的玩法介绍,请在主页动态查看"}, {"uid": "12956954", "content": "还行就OK拉~~~"}, {"uid": "18058907", "content": "野生的机器人可还行"}, {"uid": "76745726", "content": "折磨起来了"}, {"uid": "12956954", "content": "故事就是故乡的事"}, {"uid": "5684520", "content": "这个小爱是野生机器人吗"}, {"uid": "76745726", "content": "笑死"}, {"uid": "76745726", "content": "哈哈哈哈"}, {"uid": "76745726", "content": "早早早"}, {"uid": "545549120", "content": "你完了！"}, {"uid": "12956954", "content": "@千羽辉 欢迎来到直播间"}, {"uid": "65240577", "content": "竟然是ow"}, {"uid": "7833978", "content": "加班吧你"}, {"uid": "36329344", "content": "有绿帽吗"}, {"uid": "5684520", "content": "进来啥也不干 先抢个ash"}, {"uid": "7833978", "content": "你看什么！"}, {"uid": "2737171", "content": "快！让我看看"}, {"uid": "5684520", "content": "被水友狙击了"}, {"uid": "18058907", "content": "黄怜"}, {"uid": "36329344", "content": "nice"}, {"uid": "67843445", "content": "白姐已经傻掉了"}, {"uid": "545549120", "content": "看看俺路霸"}, {"uid": "7833978", "content": "笑死"}, {"uid": "7833978", "content": "根本停不下来"}, {"uid": "2737171", "content": "好家伙"}, {"uid": "545549120", "content": "师姐你克制一下！"}, {"uid": "5684520", "content": "-750"}, {"uid": "36329344", "content": "哇"}, {"uid": "5684520", "content": "这么可爱 烤熟了肯定很香"}, {"uid": "2737171", "content": "好家伙"}, {"uid": "18343394", "content": "好家伙想要"}, {"uid": "18343394", "content": "笑死"}, {"uid": "5684520", "content": "我喜欢仓鼠的腿"}, {"uid": "1704410", "content": ":-D"}, {"uid": "18343394", "content": "肌肉线条老顶来"}, {"uid": "7833978", "content": "笑死"}, {"uid": "23015177", "content": "进来就是腿腿"}, {"uid": "18058907", "content": "这玩意能从箱子开出来啊"}, {"uid": "67843445", "content": "口水滴下来了！"}, {"uid": "23015177", "content": "好家伙、"}, {"uid": "67843445", "content": "白姐你控制一下你自己"}, {"uid": "7833978", "content": "先开箱子啊"}, {"uid": "23015177", "content": "www"}, {"uid": "7833978", "content": "笑死"}, {"uid": "23015177", "content": "来啦"}, {"uid": "18058907", "content": "啊这，"}, {"uid": "108360811", "content": "在现场我是火烈鸟"}, {"uid": "2737171", "content": "建模和设计图就没一致过"}, {"uid": "108360811", "content": "老SP了"}, {"uid": "7833978", "content": "笑死"}, {"uid": "18058907", "content": "超，好快，直接就买了"}, {"uid": "7833978", "content": "还有三个箱子啊"}, {"uid": "7833978", "content": "这才活动开始啊！"}, {"uid": "1704410", "content": "又能下饭了？"}, {"uid": "2737171", "content": "看着都热"}, {"uid": "4577251", "content": "水猴子哈哈哈哈哈哈哈哈"}, {"uid": "18343394", "content": "水猴子"}, {"uid": "18343394", "content": "笑死"}, {"uid": "67843445", "content": "来晚了吗？"}, {"uid": "108360811", "content": "师姐晚上好"}, {"uid": "18343394", "content": "我要看奥丽莎"}, {"uid": "7833978", "content": "艾什的可以"}, {"uid": "4577251", "content": "蓝天白云无事发生"}, {"uid": "2737171", "content": "蓝天白云"}, {"uid": "698355368", "content": "这不献祭一波仓鼠？<・)))><<"}, {"uid": "18343394", "content": "肌肉线条也是"}, {"uid": "2737171", "content": "迷惑xp"}, {"uid": "18343394", "content": "是吧腹肌好棒"}, {"uid": "4577251", "content": "是作者的女儿.jpg"}, {"uid": "18343394", "content": "玩"}, {"uid": "18058907", "content": "师姐入迷了"}, {"uid": "4577251", "content": "玩，玩大口的"}, {"uid": "26575740", "content": "up是作者么"}, {"uid": "7833978", "content": "笑死"}, {"uid": "7833978", "content": "更新了"}, {"uid": "18343394", "content": "笑死"}, {"uid": "4577251", "content": "也有可能是比较无语→（。"}, {"uid": "18343394", "content": "在偷吃东西没咽"}, {"uid": "18058907", "content": "神TM打了一拳"}, {"uid": "4577251", "content": "括号笑喷了"}, {"uid": "7833978", "content": "笑死"}, {"uid": "18343394", "content": "艾什的皮肤好棒的"}, {"uid": "18058907", "content": "肝活动(･∀･)"}, {"uid": "4577251", "content": "今天ow？"}, {"uid": "18343394", "content": "游戏名字还没改"}, {"uid": "4577251", "content": "直播直播间"}, {"uid": "552461", "content": "今天直播看小丸子？"}, {"uid": "4577251", "content": "套娃了套娃了"}, {"uid": "471069463", "content": "只能暂停刷任务了"}, {"uid": "471069463", "content": "今天看不了www"}, {"uid": "471069463", "content": "？"}, {"uid": "4577251", "content": "完了完了，师姐不会看小丸子忘了开播了吧"}, {"uid": "4577251", "content": "我也想看美女梳子"}, {"uid": "7833978", "content": "笑死"}, {"uid": "282845389", "content": "晚上好"}, {"uid": "552461", "content": "樱桃小丸子是吧"}, {"uid": "14227544", "content": "【问号】"}, {"uid": "18343394", "content": "樱桃小丸子？"}, {"uid": "552461", "content": "？？？"}, {"uid": "14227544", "content": "？"}, {"uid": "18343394", "content": "这是在看什么"}, {"uid": "7833978", "content": "？？？"}, {"uid": "4577251", "content": "？开屏暴击"}, {"uid": "5684520", "content": "师姐晚上好"}, {"uid": "552461", "content": "笑死"}, {"uid": "18058907", "content": "\\师姐/\\师姐/\\师姐/\\师姐/\\师姐/"}, {"uid": "15469971", "content": "\\师姐/\\师姐/\\师姐/\\师姐/\\师姐/"}, {"uid": "7833978", "content": "\\师姐/\\师姐/\\师姐/\\师姐/\\师姐/"}, {"uid": "18343394", "content": "\\师姐/\\师姐/\\师姐/\\师姐/\\师姐/"}, {"uid": "698355368", "content": "\\师姐/\\师姐/\\师姐/\\师姐/\\师姐/"}, {"uid": "18343394", "content": "\\师姐/\\师姐/\\师姐/\\师姐/\\师姐/"}, {"uid": "18058907", "content": "\\师姐/\\师姐/\\师姐/\\师姐/\\师姐/"}, {"uid": "325384143", "content": "\\师姐/\\师姐/\\师姐/\\师姐/\\师姐/"}, {"uid": "18343394", "content": "\\师姐/\\师姐/\\师姐/\\师姐/\\师姐/"}, {"uid": "18343394", "content": "\\师姐/\\师姐/\\师姐/\\师姐/\\师姐/"}, {"uid": "698355368", "content": "\\师姐/\\师姐/\\师姐/\\师姐/\\师姐/"}, {"uid": "12864846", "content": "\\师姐/\\师姐/\\师姐/\\师姐/\\师姐/"}, {"uid": "12864846", "content": "\\师姐/\\师姐/\\师姐/\\师姐/\\师姐/"}, {"uid": "18343394", "content": "\\师姐/\\师姐/\\师姐/\\师姐/\\师姐/"}, {"uid": "18343394", "content": "\\师姐/\\师姐/\\师姐/\\师姐/\\师姐/"}, {"uid": "12864846", "content": "\\师姐/\\师姐/\\师姐/\\师姐/\\师姐/"}, {"uid": "7833978", "content": "\\师姐/\\师姐/\\师姐/\\师姐/\\师姐/"}, {"uid": "18058907", "content": "\\师姐/\\师姐/\\师姐/\\师姐/\\师姐/"}, {"uid": "18343394", "content": "\\师姐/\\师姐/\\师姐/\\师姐/\\师姐/"}, {"uid": "12864846", "content": "\\师姐/\\师姐/\\师姐/\\师姐/\\师姐/"}, {"uid": "18343394", "content": "\\师姐/\\师姐/\\师姐/\\师姐/\\师姐/"}, {"uid": "12864846", "content": "\\师姐/\\师姐/\\师姐/\\师姐/\\师姐/"}, {"uid": "18343394", "content": "\\师姐/\\师姐/\\师姐/\\师姐/\\师姐/"}, {"uid": "18058907", "content": "\\师姐/\\师姐/\\师姐/\\师姐/\\师姐/"}, {"uid": "15469971", "content": "\\师姐/\\师姐/\\师姐/\\师姐/\\师姐/"}, {"uid": "12864846", "content": "\\师姐/\\师姐/\\师姐/\\师姐/\\师姐/"}, {"uid": "698355368", "content": "\\师姐/\\师姐/\\师姐/\\师姐/\\师姐/"}, {"uid": "8784032", "content": "\\师姐/\\师姐/\\师姐/\\师姐/\\师姐/\\师姐/\\师姐/\\师"}, {"uid": "12864846", "content": "\\师姐/\\师姐/\\师姐/\\师姐/\\师姐/"}, {"uid": "7833978", "content": "\\师姐/\\师姐/\\师姐/\\师姐/\\师姐/"}, {"uid": "18343394", "content": "\\师姐/\\师姐/\\师姐/\\师姐/\\师姐/"}, {"uid": "12864846", "content": "\\师姐/\\师姐/\\师姐/\\师姐/\\师姐/"}, {"uid": "18343394", "content": "\\师姐/\\师姐/\\师姐/\\师姐/\\师姐/"}, {"uid": "12864846", "content": "\\师姐/\\师姐/\\师姐/\\师姐/\\师姐/"}, {"uid": "12864846", "content": "\\师姐/\\师姐/\\师姐/\\师姐/\\师姐/"}, {"uid": "8784032", "content": "\\师姐/\\师姐/\\师姐/\\师姐/\\师姐/\\师姐/\\师姐/"}, {"uid": "698355368", "content": "\\师姐/\\师姐/\\师姐/\\师姐/\\师姐/"}, {"uid": "18343394", "content": "\\师姐/\\师姐/\\师姐/\\师姐/\\师姐/"}, {"uid": "7833978", "content": "\\师姐/\\师姐/\\师姐/\\师姐/\\师姐/"}, {"uid": "698355368", "content": "\\师姐/\\师姐/\\师姐/\\师姐/\\师姐/"}, {"uid": "2737171", "content": "\\师姐/\\师姐/\\师姐/\\师姐/"}, {"uid": "18343394", "content": "\\师姐/\\师姐/\\师姐/\\师姐/\\师姐/"}, {"uid": "15469971", "content": "\\师姐/\\师姐/\\师姐/\\师姐/\\师姐/"}, {"uid": "18343394", "content": "\\师姐/\\师姐/\\师姐/\\师姐/\\师姐/"}, {"uid": "7833978", "content": "\\师姐/\\师姐/\\师姐/\\师姐/\\师姐/"}, {"uid": "18343394", "content": "\\师姐/\\师姐/\\师姐/\\师姐/\\师姐/"}, {"uid": "7833978", "content": "\\师姐/\\师姐/\\师姐/\\师姐/\\师姐/"}, {"uid": "18343394", "content": "\\师姐/\\师姐/\\师姐/\\师姐/\\师姐/"}, {"uid": "545549120", "content": "\\师姐/\\师姐/\\师姐/\\师姐/\\师姐/"}, {"uid": "18343394", "content": "\\师姐/\\师姐/\\师姐/\\师姐/\\师姐/"}, {"uid": "7833978", "content": "\\师姐/\\师姐/\\师姐/\\师姐/\\师姐/"}, {"uid": "4577251", "content": "\\师姐/\\师姐/\\师姐/\\师姐/\\师姐/"}, {"uid": "76745726", "content": "啊啊啊啊啊啊啊啊啊啊啊啊啊啊啊"}]