[{"uid": "175631993", "content": "爱了爱了"}, {"uid": "4577251", "content": "声音太好听太温柔了吧（泪目）"}, {"uid": "35670459", "content": "第一！我爱大师姐！"}, {"uid": "521217685", "content": "嘿嘿"}, {"uid": "2611467", "content": "师姐~~(づ｡◕‿‿◕｡)づ"}, {"uid": "5880390", "content": "\\师姐/\\师姐/\\师姐/\\师姐/\\师姐/"}, {"uid": "4577251", "content": "\\师姐/\\师姐/\\师姐/\\师姐/"}, {"uid": "23015177", "content": "\\师姐/\\师姐/\\师姐/\\师姐/\\师姐/"}]