[{"uid": "1628416420", "content": "我连你到大腿根的道韵都知道"}, {"uid": "7355011", "content": "白妈妈 (づ′▽`)づ "}, {"uid": "178355097", "content": "师姐师姐，我能找你看道韵吗"}, {"uid": "220762325", "content": "换新衣服了，说是和隔壁XX圣地圣女一起在炼宝阁花了多少灵石买的顶级法宝（塑造人设）"}, {"uid": "220762325", "content": "建议多些和其他门派的玩梗互动，比如刚刚又和XX门派圣子打架导致上班迟到了"}, {"uid": "220762325", "content": "建议多些玩梗动作，比如加入些画符、施法或者御剑的动作"}, {"uid": "220762325", "content": "对于修仙门派人设还是没有塑造好啊"}, {"uid": "10232289", "content": "白妈妈哄你睡觉"}, {"uid": "1433327730", "content": "rycfg"}, {"uid": "27406125", "content": "玩《诸神之战》，这可是官方认定"}, {"uid": "20712259", "content": "师妹？【警觉】"}, {"uid": "20712259", "content": "恐怖游戏"}, {"uid": "20712259", "content": "擅长:冲师灭祖"}, {"uid": "29195175", "content": "看道芸"}, {"uid": "162682610", "content": "白妈妈呜呜呜"}, {"uid": "99018727", "content": "白毛版本的"}, {"uid": "7063688", "content": "男妈妈o(≧v≦)o"}, {"uid": "4577251", "content": "师姐：简单说两点"}, {"uid": "26221520", "content": "死亡板甲不够厚啊"}, {"uid": "356597003", "content": "我想看道韵白妈妈"}, {"uid": "356597003", "content": "我要看道韵"}, {"uid": "356597003", "content": "白师姐好，我和白师姐贴贴"}, {"uid": "47706557", "content": "性趣安岚，爱好安岚23333"}, {"uid": "277695287", "content": "白妈妈(๑˙―˙๑)"}, {"uid": "8823831", "content": "擅长给人看道韵"}, {"uid": "143562334", "content": "那…那…授课环节能观察道韵吗（脸红）"}, {"uid": "382395639", "content": "要看幼妻白怜"}, {"uid": "8955118", "content": "那么白师姐，能给我们展示一下秘药吗"}, {"uid": "438546698", "content": "白妈妈～～"}, {"uid": "21182923", "content": "茶道，棋艺……"}, {"uid": "12864846", "content": "白师姐我们想看看道韵！"}, {"uid": "401252711", "content": "在，诸神之战整一个"}, {"uid": "479089998", "content": "巫师三"}, {"uid": "587451754", "content": "白妈妈，我要看储物袋"}, {"uid": "37915897", "content": "令人震撼的胸前装甲，草还会动"}, {"uid": "7002359", "content": "骑师蔑祖"}, {"uid": "40651500", "content": "所以这就是昨天只有1章的原因？"}, {"uid": "21182923", "content": "师姐我修炼高等数学遇到了瓶颈也可以找你吗"}, {"uid": "12451264", "content": "白妈妈，上夜课"}, {"uid": "20712259", "content": "擅长冲师"}, {"uid": "336688390", "content": "白妈妈！"}, {"uid": "336688390", "content": "死亡甲板"}, {"uid": "26221520", "content": "茶道+2"}, {"uid": "10450324", "content": "白妈妈"}, {"uid": "8823831", "content": "很草，兄弟"}, {"uid": "362209445", "content": "麻烦白师姐亮出道韵让我康康，我也想修仙(kan tui)"}, {"uid": "362209445", "content": "白师姐令人动容的琼明峰QwQ"}, {"uid": "13257215", "content": "以撒的结合挺有趣的，推荐玩ab+"}, {"uid": "220762325", "content": "然和公司如果有可能的话，多出几个VTB（修仙人设互动）打造一个修仙世界"}, {"uid": "1433327730", "content": "我要看师傅"}, {"uid": "12303137", "content": "白妈妈"}, {"uid": "160187677", "content": "有问题，我想看储物袋=v="}, {"uid": "20712259", "content": "说好的道德0的白师姐【狗头】"}, {"uid": "49824791", "content": "带孩子？"}, {"uid": "356597003", "content": "胜天半子~"}, {"uid": "47706557", "content": "往下看不到脚？"}, {"uid": "389609943", "content": "白妈妈～"}, {"uid": "400995885", "content": "绝地求生、糖豆人"}, {"uid": "382395639", "content": "在，看看道韵"}, {"uid": "6416123", "content": "那不是更好吗？"}, {"uid": "10249290", "content": "规避风险"}, {"uid": "49824791", "content": "白妈妈"}, {"uid": "8823831", "content": "玩黄油"}, {"uid": "14366695", "content": "白妈妈"}, {"uid": "21182923", "content": "茶道"}, {"uid": "434224681", "content": "可恶啊，师弟什么时候才能站起来"}, {"uid": "587451754", "content": "换个声音"}, {"uid": "130560907", "content": "死亡板甲"}, {"uid": "27545514", "content": "晃动"}, {"uid": "345026245", "content": "跳 订"}, {"uid": "36730852", "content": "明人不说暗话，我想参悟道韵"}, {"uid": "220762377", "content": "我也想"}, {"uid": "47706557", "content": "白妈妈把师妹们还有道韵给我们看看呗（笑）"}, {"uid": "27227752", "content": "懂了，死亡空间安排上"}, {"uid": "12019532", "content": "如何冲师"}, {"uid": "61132763", "content": "茶道"}, {"uid": "252332276", "content": "头发特长"}, {"uid": "6498610", "content": "白妈妈"}, {"uid": "4247234", "content": "亡者板甲呢"}, {"uid": "220762325", "content": "会画符吗？"}, {"uid": "1433327730", "content": "安岚呢？"}, {"uid": "19129038", "content": "老婆"}, {"uid": "38184044", "content": "帝君吾辈想观摩道韵"}, {"uid": "130560907", "content": "在？看看道韵"}, {"uid": "345026245", "content": "妈！"}, {"uid": "99018727", "content": "跳跳跳跳跳跳"}, {"uid": "85904062", "content": "白妈妈"}, {"uid": "41870923", "content": "只狼，黑魂，血缘"}, {"uid": "41870923", "content": "茶道"}, {"uid": "38133049", "content": "看看道韵"}, {"uid": "87968642", "content": "跳～跳～跳～"}, {"uid": "385193300", "content": "白怜帝君("}, {"uid": "457669936", "content": "白帝圣君"}, {"uid": "36286289", "content": "诸神之战！"}, {"uid": "345026245", "content": "茶道+2"}, {"uid": "67676541", "content": "帝君大人！！"}, {"uid": "2185951", "content": "白练"}, {"uid": "143562334", "content": "茶道（绿茶专精）"}, {"uid": "193563709", "content": "鬼谷八荒（即答）"}, {"uid": "2201619", "content": "死死死死死死死死（手动组成亡者板甲）"}, {"uid": "2594923", "content": "白师姐？批师姐！"}, {"uid": "1433327730", "content": "我要悟道"}, {"uid": "4584751", "content": "白妈妈？"}, {"uid": "104387812", "content": "鬼泣5"}, {"uid": "213421", "content": "在？看看道韵"}, {"uid": "17783190", "content": "传说之下()"}, {"uid": "13257215", "content": "白怜帝君！"}, {"uid": "14366695", "content": "白怜帝君"}, {"uid": "21182923", "content": "多娜多娜"}, {"uid": "21071", "content": "白怜帝君"}, {"uid": "702740334", "content": "头发确实"}, {"uid": "29195175", "content": "死死死死死死死死死死死死死死死死死死死死死死"}, {"uid": "20718757", "content": "快进到渡仙门全灭～"}]