[{"uid": "179471776", "content": "晚安师姐"}, {"uid": "15469971", "content": "周一"}, {"uid": "18343394", "content": "拜拜师姐"}, {"uid": "698355368", "content": "师姐拜拜，早点休息"}, {"uid": "18343394", "content": "拜拜"}, {"uid": "2737171", "content": "拜拜"}, {"uid": "1749817", "content": "晚安师姐"}, {"uid": "39096217", "content": "师姐拜拜~"}, {"uid": "5565138", "content": "88888"}, {"uid": "15469971", "content": "拜拜"}, {"uid": "232931669", "content": "拜拜ﾉBye~"}, {"uid": "7833978", "content": "拜拜拜拜~"}, {"uid": "7833978", "content": "拜拜拜拜"}, {"uid": "39096217", "content": "哈哈哈"}, {"uid": "11458802", "content": "经典队友是对面的～(￣▽￣～)"}, {"uid": "102804423", "content": "他不知道左右键举盾也可以拉视角"}, {"uid": "11458802", "content": "偏了一下把你露出来"}, {"uid": "232931669", "content": "西格玛"}, {"uid": "232931669", "content": "你很礼貌吗？"}, {"uid": "18343394", "content": "吃西北风"}, {"uid": "18343394", "content": "笑死"}, {"uid": "5565138", "content": "西——格——玛——！"}, {"uid": "7833978", "content": "换后排"}, {"uid": "39096217", "content": "哈哈哈"}, {"uid": "698355368", "content": "笑死"}, {"uid": "7833978", "content": "笑死"}, {"uid": "232931669", "content": "哈哈哈"}, {"uid": "18343394", "content": "笑死"}, {"uid": "7833978", "content": "笑死"}, {"uid": "232931669", "content": "恐怖游戏"}, {"uid": "2737171", "content": "笑死"}, {"uid": "232931669", "content": "从一个角落给你一拳就没了"}, {"uid": "39096217", "content": "哈哈哈哈"}, {"uid": "18343394", "content": "亲兄弟"}, {"uid": "7833978", "content": "互相睡眠以示友好"}, {"uid": "232931669", "content": "右键……没了"}, {"uid": "18343394", "content": "双胞胎"}, {"uid": "18343394", "content": "笑死"}, {"uid": "102804423", "content": "看你好欺负~"}, {"uid": "102804423", "content": "别问，问就是上勾拳"}, {"uid": "232931669", "content": "反弹"}, {"uid": "5565138", "content": "各位ow玩家晚上好（铁拳玩家除外）"}, {"uid": "232931669", "content": "午时已到～当…额"}, {"uid": "102804423", "content": "我玩铁拳（"}, {"uid": "5565138", "content": "该熄灯了"}, {"uid": "232931669", "content": "有基佬…额"}, {"uid": "1704410", "content": "期待师姐拿铁人的那一刻"}, {"uid": "102804423", "content": "笑死"}, {"uid": "7833978", "content": "团队套餐"}, {"uid": "232931669", "content": "笑死根本不可能拔出刀"}, {"uid": "18343394", "content": "然后开到一半裤链死了"}, {"uid": "5565138", "content": "英雄阵亡"}, {"uid": "1704410", "content": "师姐真就要补两天了www"}, {"uid": "8138686", "content": "什么都要"}, {"uid": "18343394", "content": "笑死"}, {"uid": "8138686", "content": "这算谁声音难听谁尴尬嘛？"}, {"uid": "7833978", "content": "笑死"}, {"uid": "5565138", "content": "龙刃准备出鞘了（疯狂发信号）"}, {"uid": "8138686", "content": "hhhhhh"}, {"uid": "95297039", "content": "我要去洗澡了，你也早点休息"}, {"uid": "2737171", "content": "好家伙"}, {"uid": "179471776", "content": "哈哈哈哈哈哈哈哈哈哈哈嗝"}, {"uid": "8138686", "content": "裂开了"}, {"uid": "2881166", "content": "师姐播了五个小时(·∀·)"}, {"uid": "232931669", "content": "这可能是再打英雄联盟"}, {"uid": "18343394", "content": "笑死"}, {"uid": "2881166", "content": "哇 师姐还在播呀"}, {"uid": "8138686", "content": "死在奇奇怪怪的位置"}, {"uid": "102804423", "content": "弹幕全是喷mr的"}, {"uid": "5565138", "content": "小奶妈在干啥呢？（铁拳凝视.jpg）"}, {"uid": "7833978", "content": "只要不是故意恶心人就还好啊"}, {"uid": "8138686", "content": "hhhhh"}, {"uid": "102804423", "content": "就是你要是去济南屁王这种直播间"}, {"uid": "179471776", "content": "？"}, {"uid": "5565138", "content": "OW女生感觉还挺多的"}, {"uid": "102804423", "content": "感觉到处都是攻击女玩家的"}, {"uid": "232931669", "content": "确实我朋友带我打我根本看不到人"}, {"uid": "95297039", "content": "确实，玩游戏除非带妹子不然没见过妹子"}, {"uid": "8138686", "content": "请两个陪练"}, {"uid": "5565138", "content": "反向上分！"}, {"uid": "232931669", "content": "兄弟不这样这游戏不可能有女的"}, {"uid": "18343394", "content": "对面会不会直接送"}, {"uid": "7833978", "content": "触及到只是盲区了"}, {"uid": "18343394", "content": "开公共麦给对面说一声"}, {"uid": "11458802", "content": "直接开骂"}, {"uid": "179471776", "content": "上分密码"}, {"uid": "11458802", "content": "这就是妹子的力量"}, {"uid": "8138686", "content": "这才是现实"}, {"uid": "18343394", "content": "笑死"}, {"uid": "11458802", "content": "笑死"}, {"uid": "2737171", "content": "笑死"}, {"uid": "179471776", "content": "哈哈哈哈哈嗝"}, {"uid": "7833978", "content": "认真制定战术"}, {"uid": "8138686", "content": "“兄弟 变声器关一下”"}, {"uid": "102804423", "content": "还好，我一般不怎么进麦"}, {"uid": "18343394", "content": "真实"}, {"uid": "7833978", "content": "真实"}, {"uid": "8138686", "content": "直接对线"}, {"uid": "18343394", "content": "直接闭环"}, {"uid": "95297039", "content": "力气大？砸键盘？"}, {"uid": "232931669", "content": "c我只会堡垒"}, {"uid": "18343394", "content": "笑死"}, {"uid": "7833978", "content": "笑死"}, {"uid": "18343394", "content": "笑死t真好玩"}, {"uid": "7833978", "content": "团队语音直接开骂"}, {"uid": "95297039", "content": "你去500分炸鱼"}, {"uid": "357637145", "content": "哟哟哟，这不是师姐吗？几天不见这么拉了？"}, {"uid": "102804423", "content": "你拿个和尚巴蒂点完就是啦"}, {"uid": "232931669", "content": "我玩坦的"}, {"uid": "179471776", "content": "哈哈哈哈哈舰长们不行"}, {"uid": "232931669", "content": "我电脑k"}, {"uid": "18343394", "content": "？？？"}, {"uid": "8138686", "content": "自己单排吧"}, {"uid": "357637145", "content": "hhhhhhhh"}, {"uid": "232931669", "content": "辅助对最高境界就是把对面全杀了就可以保护"}, {"uid": "18343394", "content": "让队友把对面全鲨了"}, {"uid": "7833978", "content": "笑死"}, {"uid": "8138686", "content": "hhhhhhh"}, {"uid": "102804423", "content": "我以为你舰长带你打的定级"}, {"uid": "102804423", "content": "不是舰长可以上车吗"}, {"uid": "18343394", "content": "确实"}, {"uid": "102804423", "content": "我要带你打个1600还是很轻松的。。。"}, {"uid": "7833978", "content": "游戏体验极差"}, {"uid": "7833978", "content": "排位是这样的"}, {"uid": "95297039", "content": "你把对面打死不就等于奶了队友"}, {"uid": "7833978", "content": "笑死"}, {"uid": "18343394", "content": "金毛奶我！！！"}, {"uid": "7833978", "content": "学医救不了队友"}, {"uid": "232931669", "content": "医"}, {"uid": "18343394", "content": "笑死"}, {"uid": "102804423", "content": "你让人带你当然打不过咯"}, {"uid": "232931669", "content": "师姐：我觉得学医赢不了，但没办法我只能学"}, {"uid": "7833978", "content": "笑死"}, {"uid": "698355368", "content": "哈哈哈哈"}, {"uid": "11458802", "content": "建议自己玩C位"}, {"uid": "95297039", "content": "奶有伤害技能吗"}, {"uid": "18343394", "content": "麻木我箱子还没打"}, {"uid": "11458802", "content": "赢不了，莓办法"}, {"uid": "179471776", "content": "我已经全拿到了"}, {"uid": "179471776", "content": "哈哈哈哈哈哈"}, {"uid": "232931669", "content": "哈哈哈"}, {"uid": "8138686", "content": "ow了 师姐到点了"}, {"uid": "8138686", "content": "tnnd"}, {"uid": "18343394", "content": "笑死"}, {"uid": "7833978", "content": "现在就挺好啊"}, {"uid": "8138686", "content": "安定下来就挺好"}, {"uid": "232931669", "content": "555师姐不要我们了"}, {"uid": "179471776", "content": "师姐不要我们了"}, {"uid": "95297039", "content": "其实可以依赖下我们"}, {"uid": "18343394", "content": "师姐不要离开我们阿"}, {"uid": "2737171", "content": "呜呜呜"}, {"uid": "18343394", "content": "呜呜呜"}, {"uid": "8138686", "content": "师姐：笑死 根本没熟人"}, {"uid": "232931669", "content": "不过我还是喜欢一个人"}, {"uid": "18343394", "content": "我也不行"}, {"uid": "698355368", "content": "确实"}, {"uid": "18343394", "content": "确实"}, {"uid": "232931669", "content": "我一个人可以开心一群人也可以开心"}, {"uid": "8138686", "content": "心如止水"}, {"uid": "18343394", "content": "平平淡淡才是真？"}, {"uid": "7833978", "content": "已经看开了"}, {"uid": "8138686", "content": "一人独行侠"}, {"uid": "18343394", "content": "嘛"}, {"uid": "18343394", "content": "开心最重要吗"}, {"uid": "18343394", "content": "师姐开心就好"}, {"uid": "2737171", "content": "快飞仙了"}, {"uid": "232931669", "content": "这是要飞升了吗师姐"}, {"uid": "1749817", "content": "师姐对我来说很重要"}, {"uid": "2737171", "content": "好家伙"}, {"uid": "179471776", "content": "孑然一身"}, {"uid": "18343394", "content": "可以的"}, {"uid": "7833978", "content": "每日反思"}, {"uid": "11458802", "content": "当场把电脑硬盘放进澡盆直接硬核毁灭尸体"}, {"uid": "179471776", "content": "我去，你越说我越信了"}, {"uid": "8138686", "content": "一直开同步 真的会好很多"}, {"uid": "232931669", "content": "可以对烤"}, {"uid": "18343394", "content": "重要的备份一下吧"}, {"uid": "7833978", "content": "好家伙"}, {"uid": "8138686", "content": "第一次冲击"}, {"uid": "18343394", "content": "加个移动硬盘吧"}, {"uid": "698355368", "content": "可以多准备一个U盘"}, {"uid": "7833978", "content": "就离谱"}, {"uid": "8138686", "content": "可怕"}, {"uid": "357637145", "content": "妈耶"}, {"uid": "2737171", "content": "离谱"}, {"uid": "8138686", "content": "裂开了"}, {"uid": "698355368", "content": "裂开"}, {"uid": "18343394", "content": "离谱"}, {"uid": "8138686", "content": "裂开了"}, {"uid": "8138686", "content": "草"}, {"uid": "18343394", "content": "没带过来？？"}, {"uid": "8138686", "content": "资料外泄？"}, {"uid": "2737171", "content": "好家伙"}, {"uid": "357637145", "content": "师姐，bgm是什么"}, {"uid": "179471776", "content": "？？？"}, {"uid": "18343394", "content": "离谱"}, {"uid": "7833978", "content": "好家伙"}, {"uid": "18343394", "content": "？？？"}, {"uid": "8138686", "content": "可怕"}, {"uid": "18343394", "content": "好家伙"}, {"uid": "8138686", "content": "woc"}, {"uid": "8138686", "content": "互舔hhhh"}, {"uid": "11458802", "content": "互相舔狗"}, {"uid": "159592438", "content": "哦某系内"}, {"uid": "18343394", "content": "我们现在在丁字路口"}, {"uid": "2737171", "content": "你追他，他追她，然后你拿钱是吧"}, {"uid": "8138686", "content": "师姐 我们给你订一张南极的机票的"}, {"uid": "7833978", "content": "甚至有定位"}, {"uid": "8138686", "content": "你所在的北方"}, {"uid": "102804423", "content": "你就不能找一个持之以恒的舔狗嘛"}, {"uid": "18343394", "content": "笑死"}, {"uid": "95297039", "content": "但给钱可以指引"}, {"uid": "15469971", "content": "算是最后和霸道总裁坠入爱河吗"}, {"uid": "95297039", "content": "命运，不可更改"}, {"uid": "7833978", "content": "笑死"}, {"uid": "7833978", "content": "我也需要一个指引"}, {"uid": "159592438", "content": "大师姐能主动告诉我后来的剧情吗？"}, {"uid": "159592438", "content": "暂时没钱追小说了，所以"}, {"uid": "18343394", "content": "本心：只拿钱 不恋爱"}, {"uid": "8138686", "content": "草逆天改命"}, {"uid": "7833978", "content": "还有固定的么"}, {"uid": "7833978", "content": "好家伙"}, {"uid": "76745726", "content": "+2"}, {"uid": "8138686", "content": "想测+1"}, {"uid": "18343394", "content": "我也想测"}, {"uid": "8138686", "content": "啊还能补抽的吗？"}, {"uid": "95297039", "content": "推荐下，我也要找他测测"}, {"uid": "10513761", "content": "自己给自己上舰(●￣(ｴ)￣●)"}, {"uid": "325384143", "content": "可能是欺骗父母，你们假装结婚"}, {"uid": "2737171", "content": "《爱情》"}, {"uid": "5565138", "content": "我只是爱钱.jpg"}, {"uid": "18343394", "content": "她在狂笑"}, {"uid": "18343394", "content": "笑死"}, {"uid": "325384143", "content": "看看她笑得多开心啊"}, {"uid": "7833978", "content": "好家伙"}, {"uid": "7833978", "content": "笑死"}, {"uid": "8138686", "content": "蚌埠住了"}, {"uid": "95297039", "content": "瞬间脑补百万字小说"}, {"uid": "8138686", "content": "hhhhh"}, {"uid": "95297039", "content": "射手座可以凑活吗？"}, {"uid": "325384143", "content": "女人你每月给我五十万，让我自己玩吧"}, {"uid": "8138686", "content": "师姐我们想成为你们的表面宠物，每个月给我们50w！"}, {"uid": "18343394", "content": "你希望的带你上分的海王来了"}, {"uid": "698355368", "content": "？"}, {"uid": "2737171", "content": "笑死"}, {"uid": "95297039", "content": "霸总藏娇"}, {"uid": "8138686", "content": "！？"}, {"uid": "18343394", "content": "笑死"}, {"uid": "95297039", "content": "笑死"}, {"uid": "8138686", "content": "有所追求可海信 这波一口气测了两个人"}, {"uid": "102804423", "content": "简单地说你比较作"}, {"uid": "95297039", "content": "我也测测"}, {"uid": "232931669", "content": "看看能不能单身一辈子"}, {"uid": "18343394", "content": "让我也测测"}, {"uid": "232931669", "content": "我也要测"}, {"uid": "8138686", "content": "准嘛 我也测测"}, {"uid": "7833978", "content": "准嘛 我也测测"}, {"uid": "8138686", "content": "好可怕"}, {"uid": "179471776", "content": "上舰xdm"}, {"uid": "2737171", "content": "怪起来了"}, {"uid": "2737171", "content": "草"}, {"uid": "95297039", "content": "那必不是我，因为我不会骗你"}, {"uid": "8138686", "content": "草"}, {"uid": "5947555", "content": "试着扩大至全国"}, {"uid": "8138686", "content": "？？？？？"}, {"uid": "2737171", "content": "你飘向北方～"}, {"uid": "8138686", "content": "恰桃！"}, {"uid": "8138686", "content": "开始了开始了"}, {"uid": "95297039", "content": "啊这"}, {"uid": "8138686", "content": "“不完美”"}, {"uid": "95297039", "content": "我在北方！"}, {"uid": "18343394", "content": "扩大到全市"}, {"uid": "2737171", "content": "笑死"}, {"uid": "95297039", "content": "呜呜呜不是我的星座"}, {"uid": "7833978", "content": "扩大还行"}, {"uid": "11458802", "content": "妥，可以，可以康"}, {"uid": "18343394", "content": "笑死"}, {"uid": "11458802", "content": "我明白了，是有女孩子喜欢上白师姐了"}, {"uid": "232931669", "content": "师姐不要我们了"}, {"uid": "7833978", "content": "有瑕疵"}, {"uid": "5565138", "content": "桃花？师傅提着加特林冲下山来了！"}, {"uid": "18343394", "content": "万恶之源"}, {"uid": "18343394", "content": "笑死"}, {"uid": "95297039", "content": "笑死"}, {"uid": "7833978", "content": "万恶之源皮卡堂"}, {"uid": "7833978", "content": "笑死"}, {"uid": "8138686", "content": "羞愧？"}, {"uid": "95297039", "content": "这叫触类旁通"}, {"uid": "179471776", "content": "歪的有点狠哦"}, {"uid": "2737171", "content": "笑死"}, {"uid": "5565138", "content": "花几块钱和算命先生唠嗑，我们社恐就是这样"}, {"uid": "179471776", "content": "哈哈啊哈哈隔"}, {"uid": "179471776", "content": "？"}, {"uid": "7833978", "content": "这也歪过了吧"}, {"uid": "18343394", "content": "笑死"}, {"uid": "8138686", "content": "歪了些hhhhh"}, {"uid": "7833978", "content": "笑死"}, {"uid": "7833978", "content": "笑死"}, {"uid": "7833978", "content": "没有准过！"}, {"uid": "18343394", "content": "说的我也想测了"}, {"uid": "95297039", "content": "确实，我也算过命，不用全信"}, {"uid": "2737171", "content": "好家伙"}, {"uid": "7833978", "content": "就是看看"}, {"uid": "5565138", "content": "师姐晚上好呀~今天播得好晚啊"}, {"uid": "8138686", "content": "塔罗牌：你在想桃？"}, {"uid": "7833978", "content": "这是真桃花么"}, {"uid": "8138686", "content": "吃桃"}, {"uid": "7833978", "content": "笑死"}, {"uid": "325384143", "content": "桃花来了，桃子还会远吗"}, {"uid": "8138686", "content": "把你的桃花的所有信息告诉师妹们"}, {"uid": "18343394", "content": "自带音响？？？"}, {"uid": "95297039", "content": "我的天"}, {"uid": "95297039", "content": "桃花很快就会来"}, {"uid": "8138686", "content": "啊这？？？"}, {"uid": "8138686", "content": "啊者 ？"}, {"uid": "8138686", "content": "师姐"}, {"uid": "7833978", "content": "唱爽了"}, {"uid": "7833978", "content": "笑死"}, {"uid": "95297039", "content": "个人演唱会"}, {"uid": "8138686", "content": "挂后台玩家好多"}, {"uid": "8138686", "content": "强 师姐 强"}, {"uid": "1704410", "content": "不再补一天？"}, {"uid": "8138686", "content": "“破防了”"}, {"uid": "441956118", "content": "破功了"}, {"uid": "8138686", "content": "！？"}, {"uid": "441956118", "content": "你这个胸，Q弹"}, {"uid": "8138686", "content": "K T V 战 神 "}, {"uid": "8138686", "content": "？？？"}, {"uid": "18343394", "content": "？？？"}, {"uid": "7833978", "content": "？？？"}, {"uid": "8138686", "content": "好家伙"}, {"uid": "7833978", "content": "笑死"}, {"uid": "7833978", "content": "还有一首、"}, {"uid": "8138686", "content": "师姐是想抢红包了吧？"}, {"uid": "8138686", "content": "草"}, {"uid": "7833978", "content": "笑死"}, {"uid": "8138686", "content": "(⌒▽⌒)"}, {"uid": "23015177", "content": "那我走了，师姐记得想我呜呜"}, {"uid": "18343394", "content": "考完再来"}, {"uid": "18343394", "content": "走把言寺"}, {"uid": "23015177", "content": "笑死，都不配挂着"}, {"uid": "23015177", "content": "我就挂着"}, {"uid": "23015177", "content": "在背了在背了"}, {"uid": "8138686", "content": "师姐要是毒奶 琼明峰就是香火庙了hhhhh"}, {"uid": "8138686", "content": "不要让师姐成为毒奶啊言寺"}, {"uid": "179471776", "content": "哈哈隔"}, {"uid": "1704410", "content": "师姐还打算补一天？"}, {"uid": "8138686", "content": "走吧 莫回头"}, {"uid": "18343394", "content": "走把"}, {"uid": "18343394", "content": "言寺啊"}, {"uid": "23015177", "content": "好耶！"}, {"uid": "95297039", "content": "言寺：等到下播"}, {"uid": "7833978", "content": "言亿首"}, {"uid": "7833978", "content": "笑死"}, {"uid": "23015177", "content": "反正也快了（）"}, {"uid": "8138686", "content": "言寺我们才说你几句你就烦"}, {"uid": "23015177", "content": "那我就再听两首"}, {"uid": "18343394", "content": "言寺走把"}, {"uid": "7833978", "content": "下坡？"}, {"uid": "7833978", "content": "确实"}, {"uid": "23015177", "content": "好家伙"}, {"uid": "8138686", "content": "不要让师姐变成毒奶阿hhhh"}, {"uid": "15469971", "content": "我们只希望你好好用功读书"}, {"uid": "8138686", "content": "hh"}, {"uid": "2737171", "content": "笑死"}, {"uid": "95297039", "content": "言寺你走吧（无慈悲）"}, {"uid": "23015177", "content": "你赶我走！！"}, {"uid": "23015177", "content": "你赶我走呜呜呜"}, {"uid": "95297039", "content": "笑死"}, {"uid": "23015177", "content": "？"}, {"uid": "7833978", "content": "笑死"}, {"uid": "18343394", "content": "言寺准备走把"}, {"uid": "23015177", "content": "我好喜欢这首歌哦呜呜"}, {"uid": "325384143", "content": "一条毛会哭的哟"}, {"uid": "8138686", "content": "(°∀°)ﾉ"}, {"uid": "15469971", "content": "没关系的，一餐没喂当减肥了"}, {"uid": "325384143", "content": "可怜的一条毛"}, {"uid": "95297039", "content": "进击的一条毛"}, {"uid": "8138686", "content": " 一条毛！！！"}, {"uid": "325384143", "content": "一条毛暴走"}, {"uid": "95297039", "content": "一条毛！！！"}, {"uid": "18343394", "content": "一条毛！！！"}, {"uid": "7833978", "content": "一条毛：饭呢？"}, {"uid": "18343394", "content": "笑死"}, {"uid": "7833978", "content": "笑死"}, {"uid": "12864846", "content": "再听亿首"}, {"uid": "7833978", "content": "？"}, {"uid": "7833978", "content": "言亿首"}, {"uid": "18343394", "content": "笑死"}, {"uid": "23015177", "content": "我发誓"}, {"uid": "23015177", "content": "在听一首，就一首"}, {"uid": "7833978", "content": "哭了"}, {"uid": "7833978", "content": "抽卡无事发生"}, {"uid": "357637145", "content": "好喜感啊"}, {"uid": "2737171", "content": "好耶"}, {"uid": "179471776", "content": "/师女且/\\师女且\\"}, {"uid": "357637145", "content": "笑死"}, {"uid": "23015177", "content": "好耶！"}, {"uid": "7833978", "content": "沉了 无事发生"}, {"uid": "12864846", "content": "虽然听腻了，这首歌还是好听的"}, {"uid": "23015177", "content": "呜呜呜"}, {"uid": "23015177", "content": "谢谢师姐，我爱你师姐"}, {"uid": "357637145", "content": "莫名的喜感"}, {"uid": "8138686", "content": "好家伙"}, {"uid": "357637145", "content": "哈哈哈哈哈哈哈哈哈"}, {"uid": "23015177", "content": "好耶"}, {"uid": "232931669", "content": "我先干一杯祝各位旗开得胜"}, {"uid": "95297039", "content": "祝半城言寺考试顺利"}, {"uid": "2737171", "content": "好家伙"}, {"uid": "18343394", "content": "抽个幻卡"}, {"uid": "7833978", "content": "抽一下卡"}, {"uid": "357637145", "content": "自己人，别开腔"}, {"uid": "95297039", "content": "蒙的全对"}, {"uid": "18343394", "content": "蒙进大学"}, {"uid": "12864846", "content": "来了"}, {"uid": "18343394", "content": "笑死"}, {"uid": "23015177", "content": "好耶！"}, {"uid": "8138686", "content": "哈哈哈哈哈"}, {"uid": "12864846", "content": "笑死"}, {"uid": "7833978", "content": "你是全靠蒙？"}, {"uid": "7833978", "content": "？？？"}, {"uid": "325384143", "content": "言寺竟然来了"}, {"uid": "23015177", "content": "要不唱好运来吧（不是"}, {"uid": "18343394", "content": "师姐快奶言寺！！"}, {"uid": "23015177", "content": "好！！"}, {"uid": "12864846", "content": "言寺！！！"}, {"uid": "18343394", "content": "言寺！！！"}, {"uid": "95297039", "content": "言寺出现了"}, {"uid": "7833978", "content": "言寺来了"}, {"uid": "23015177", "content": "！！"}, {"uid": "23015177", "content": "我来了@@"}, {"uid": "23015177", "content": "！！！"}, {"uid": "325384143", "content": "我怀念的是无话不说_(:3」∠)_"}, {"uid": "7833978", "content": "笑死"}, {"uid": "18343394", "content": "懂了"}, {"uid": "12864846", "content": "麻了"}, {"uid": "12864846", "content": "我都插不上话，我玩不来"}, {"uid": "95297039", "content": "笑死"}, {"uid": "8138686", "content": "笑死"}, {"uid": "12864846", "content": "笑死"}, {"uid": "18343394", "content": "要考试啊"}, {"uid": "2737171", "content": "笑死"}, {"uid": "12864846", "content": "吸食"}, {"uid": "18343394", "content": "笑死"}, {"uid": "7833978", "content": "笑死"}, {"uid": "95297039", "content": "快奶她们"}, {"uid": "95297039", "content": "明天早上半城言寺都考试"}, {"uid": "8138686", "content": "鉴定一下奶的成分"}, {"uid": "8138686", "content": "师姐奶言寺一口"}, {"uid": "12864846", "content": "飞舞~~~rua"}, {"uid": "12046530", "content": "灵魂虹吸"}, {"uid": "95297039", "content": "注意下身体"}, {"uid": "18343394", "content": "还有半城"}, {"uid": "478418", "content": "无尽的8点"}, {"uid": "1749817", "content": "你好酬勤"}, {"uid": "95297039", "content": "不会真要补四天吧"}, {"uid": "8138686", "content": "师姐 燃尽了"}, {"uid": "18343394", "content": "师姐师姐言寺明天考试给个祝福吧"}, {"uid": "1749817", "content": "师姐我的师姐"}, {"uid": "1704410", "content": "脑髓吸食？"}, {"uid": "1704410", "content": "师姐补上了一天的直播"}, {"uid": "12864846", "content": "kksk"}, {"uid": "357637145", "content": "不是八点师姐就溜了吗"}, {"uid": "7833978", "content": "笑死"}, {"uid": "478418", "content": "《天赋》"}, {"uid": "18343394", "content": "要被吸走惹"}, {"uid": "8138686", "content": "剔骨吸髓"}, {"uid": "12864846", "content": "脑髓吸食"}, {"uid": "478418", "content": "生命虹吸"}, {"uid": "12864846", "content": "唱歌技巧好难学的"}, {"uid": "2881166", "content": "老板霸气"}, {"uid": "95297039", "content": "给老板拜个晚年"}, {"uid": "8138686", "content": "老板大气"}, {"uid": "12864846", "content": "我唱歌单纯发声"}, {"uid": "95297039", "content": "老板大气"}, {"uid": "12864846", "content": "哦哦"}, {"uid": "478418", "content": "老板大气"}, {"uid": "12864846", "content": "老板大气"}, {"uid": "1704410", "content": "老板大气"}, {"uid": "7833978", "content": "老板大气"}, {"uid": "95297039", "content": "我怀疑你的老师在看你的直播"}, {"uid": "12864846", "content": "美化一下说实话比较模糊"}, {"uid": "7833978", "content": "打个mod"}, {"uid": "8138686", "content": "老师：美化一下 加点魔法"}, {"uid": "1704410", "content": "可以期待翻唱了？"}, {"uid": "18343394", "content": "直接摸了了"}, {"uid": "7833978", "content": "这周的声乐课不会摸了吧"}, {"uid": "18343394", "content": "小夜还在上课？"}, {"uid": "12864846", "content": "手滑手机摔地上了，我麻了"}, {"uid": "478418", "content": "鸟德"}, {"uid": "12864846", "content": "灵魂尖啸"}, {"uid": "22049844", "content": "晚上好"}, {"uid": "18343394", "content": "吸了不干净的yue了"}, {"uid": "18343394", "content": "要被吸走惹！！"}, {"uid": "11458802", "content": "灵魂吮吸"}, {"uid": "7833978", "content": "一拳一个不正常"}, {"uid": "8138686", "content": "吸髓"}, {"uid": "18343394", "content": "吸溜吸溜"}, {"uid": "179471776", "content": "师姐好疯。好爱"}, {"uid": "7833978", "content": "阿巴阿巴？"}, {"uid": "232931669", "content": "早弃疗了师姐"}, {"uid": "232931669", "content": "没救了"}, {"uid": "7833978", "content": "干什么"}, {"uid": "7833978", "content": "？？？、"}, {"uid": "8138686", "content": "nice"}, {"uid": "2881166", "content": "师姐0延迟变声器"}, {"uid": "95297039", "content": "白怜竟然是变声器成精"}, {"uid": "18343394", "content": "白茶"}, {"uid": "179471776", "content": "？"}, {"uid": "18343394", "content": "白智深"}, {"uid": "95297039", "content": "我刚才去看那个视频了"}, {"uid": "232931669", "content": "让你嘿嘿嘿"}, {"uid": "179471776", "content": "张口就来？"}, {"uid": "232931669", "content": "给你抓进幼儿园里去"}, {"uid": "179471776", "content": "师姐你夹子音好熟练"}, {"uid": "18343394", "content": "风车给你烧了"}, {"uid": "7833978", "content": "这风车点了复活是吧"}, {"uid": "18343394", "content": "我直接锤你"}, {"uid": "18343394", "content": "啊啊啊"}, {"uid": "7833978", "content": "嗦粉"}, {"uid": "8138686", "content": "一步之遥"}, {"uid": "102804423", "content": "你在嗦什么"}, {"uid": "179471776", "content": "？"}, {"uid": "28481187", "content": "？？"}, {"uid": "18343394", "content": "？？？"}, {"uid": "95297039", "content": "我看不懂了"}, {"uid": "95297039", "content": "？？？"}, {"uid": "7833978", "content": "放心吧师姐死的只会是风车"}, {"uid": "552461", "content": "？？？"}, {"uid": "15469971", "content": "好耶"}, {"uid": "179471776", "content": "师姐你好专业"}, {"uid": "232931669", "content": "给你把风车抢过来给别的女人"}, {"uid": "698355368", "content": "？？？"}, {"uid": "7833978", "content": "我打风车"}, {"uid": "18343394", "content": "直接捶死"}, {"uid": "179471776", "content": "？"}, {"uid": "8138686", "content": "？？？？？"}, {"uid": "18343394", "content": "离谱"}, {"uid": "7833978", "content": "吃我一拳！"}, {"uid": "7833978", "content": "给我死！"}, {"uid": "18343394", "content": "？？？"}, {"uid": "8138686", "content": "夹子音"}, {"uid": "7833978", "content": "风车都给你磨灭！"}, {"uid": "8138686", "content": "呼呼呼..."}, {"uid": "95297039", "content": "我没get到笑点"}, {"uid": "8138686", "content": "那个表情包hhhhh"}, {"uid": "95297039", "content": "怎么了"}, {"uid": "95297039", "content": "？？"}, {"uid": "18343394", "content": "离谱"}, {"uid": "232931669", "content": "打到灰都不剩"}, {"uid": "7833978", "content": "风车都给你打烂"}, {"uid": "7833978", "content": "有问题的是他们！"}, {"uid": "95297039", "content": "渣的"}, {"uid": "7833978", "content": "正常"}, {"uid": "95297039", "content": "被染成了白怜的颜色"}, {"uid": "478418", "content": "白怜色的你"}, {"uid": "102804423", "content": "太好听了，排了"}, {"uid": "18343394", "content": "yue！"}, {"uid": "8138686", "content": "(°∀°)ﾉ"}, {"uid": "95297039", "content": "绿一把"}, {"uid": "95297039", "content": "天堂绿了（）"}, {"uid": "18343394", "content": "不得绿光？？？"}, {"uid": "179471776", "content": "？？？"}, {"uid": "8138686", "content": "绿一把"}, {"uid": "7833978", "content": "？？？"}, {"uid": "95297039", "content": "白怜一般不开嗓唱是99分，开了嗓怕分数爆表"}, {"uid": "8138686", "content": "绿色阿"}, {"uid": "15469971", "content": "我的拉是垃圾的拉，师姐的拉是卡拉OK的拉"}, {"uid": "18343394", "content": "啊~~~"}, {"uid": "232931669", "content": "555"}, {"uid": "7833978", "content": "以后开完嗓再来"}, {"uid": "18343394", "content": "我就不"}, {"uid": "18343394", "content": "你赶我们走呜呜呜我"}, {"uid": "95297039", "content": "白怜专辑第二首：我没有开嗓"}, {"uid": "179471776", "content": "哈哈哈哈嗝"}, {"uid": "18343394", "content": "？？？"}, {"uid": "7833978", "content": "不是你说的要离开这里么"}, {"uid": "18343394", "content": "拜拜"}, {"uid": "7833978", "content": "？？？"}, {"uid": "7833978", "content": "拜拜拜拜"}, {"uid": "2881166", "content": "师姐好听 师姐好听 "}, {"uid": "8138686", "content": "没用“真身”上去"}, {"uid": "18343394", "content": "师姐好听"}, {"uid": "179471776", "content": "师姐好疯"}, {"uid": "18343394", "content": "师姐好看"}, {"uid": "95297039", "content": "来吧"}, {"uid": "95297039", "content": "你唱的了"}, {"uid": "18343394", "content": "tu"}, {"uid": "18343394", "content": "ba"}, {"uid": "2881166", "content": "师姐 好听"}, {"uid": "18343394", "content": "阿巴阿巴阿巴"}, {"uid": "8138686", "content": "ruaruarua dadada"}, {"uid": "18343394", "content": "荡随便荡"}, {"uid": "8138686", "content": "可以hhhhh"}, {"uid": "18343394", "content": "打梅得死"}, {"uid": "18343394", "content": "叉出去"}, {"uid": "18343394", "content": "谁说师姐拉"}, {"uid": "8138686", "content": "好起来了"}, {"uid": "2881166", "content": "出道单曲 师姐拉"}, {"uid": "95297039", "content": "以后给白怜写首歌叫做：我好拉"}, {"uid": "8138686", "content": "参考猫和老鼠"}, {"uid": "7833978", "content": "hetui~"}, {"uid": "18343394", "content": "猫猫炸毛"}, {"uid": "18343394", "content": "饿啊啊啊"}, {"uid": "8138686", "content": "猫猫生气"}, {"uid": "179471776", "content": "？"}, {"uid": "18343394", "content": "拉了拉了"}, {"uid": "96683768", "content": "……"}, {"uid": "8138686", "content": "拉了"}, {"uid": "8138686", "content": "啦啦啦啦啦"}, {"uid": "18343394", "content": "好辣呀"}, {"uid": "2881166", "content": "好听好听"}, {"uid": "2881166", "content": "师姐练功累了～"}, {"uid": "232931669", "content": "不播不给饭吃"}, {"uid": "232931669", "content": "把师姐绑起来关进小黑屋"}, {"uid": "8138686", "content": "师姐用一周耐久还"}, {"uid": "8138686", "content": "给师姐放1个月假"}, {"uid": "232931669", "content": "我要去埋伏师姐"}, {"uid": "8138686", "content": "透支！"}, {"uid": "18343394", "content": "都可以摸、"}, {"uid": "8138686", "content": "一天更比四天长哈哈哈哈"}, {"uid": "232931669", "content": "好家伙"}, {"uid": "18343394", "content": "摸"}, {"uid": "95297039", "content": "一天更比四天长"}, {"uid": "7833978", "content": "我突然发现摸四天播一天好像也不是不行"}, {"uid": "18343394", "content": "略略略"}, {"uid": "95297039", "content": "好棒！"}, {"uid": "7833978", "content": "草"}, {"uid": "95297039", "content": "如听仙乐耳暂明"}, {"uid": "95297039", "content": "我心爱的你呀～～"}, {"uid": "2881166", "content": "好听耶师姐"}, {"uid": "179471776", "content": "多方便"}, {"uid": "179471776", "content": "到时候我直接带师姐去吃不就行了"}, {"uid": "232931669", "content": "快回来击剑"}, {"uid": "232931669", "content": "不行仓鼠你是大家的"}, {"uid": "18343394", "content": "冲！！！！"}, {"uid": "2881166", "content": "好听"}, {"uid": "698355368", "content": "tql"}, {"uid": "18343394", "content": "可以啊"}, {"uid": "8138686", "content": "woc"}, {"uid": "7833978", "content": "冲啊！"}, {"uid": "8138686", "content": "那也可以！！！"}, {"uid": "12046530", "content": "伤心的人别听慢歌"}, {"uid": "8138686", "content": "？？？？？？？"}, {"uid": "95297039", "content": "情歌王来一个"}, {"uid": "18343394", "content": "师姐是我女朋友师姐请我吃饭"}, {"uid": "7833978", "content": "一首凉凉送给在座的各位"}, {"uid": "8138686", "content": "？"}, {"uid": "7833978", "content": "好家伙"}, {"uid": "232931669", "content": "我拿手机看得你怎么知道的"}, {"uid": "8138686", "content": "叉出去"}, {"uid": "18343394", "content": "笑死"}, {"uid": "95297039", "content": "巧了，你也在"}, {"uid": "7833978", "content": "这不得叉出去来鲨了"}, {"uid": "7833978", "content": "这也能抓到的"}, {"uid": "18343394", "content": "想吃炸鸡了"}, {"uid": "7833978", "content": "？？？"}, {"uid": "8138686", "content": "草hhhhhh"}, {"uid": "232931669", "content": "床上躺着"}, {"uid": "8138686", "content": "你在"}, {"uid": "232931669", "content": "冻啥啊傻起来"}, {"uid": "232931669", "content": "燃起了了"}, {"uid": "7833978", "content": "冻住！不许傻！"}, {"uid": "8138686", "content": "小白怜并感+1"}, {"uid": "12046530", "content": "惊现小白怜声线"}, {"uid": "8138686", "content": "？？"}, {"uid": "18343394", "content": "冻住不许燃"}, {"uid": "232931669", "content": "抱歉我错了"}, {"uid": "7833978", "content": "没有开"}, {"uid": "7833978", "content": "对不起"}, {"uid": "232931669", "content": "师姐幼年音——（限定）"}, {"uid": "7833978", "content": "我已经火力全开了"}, {"uid": "8138686", "content": "好耶！"}, {"uid": "8138686", "content": "琼明白怜蛇草水"}, {"uid": "49569332", "content": "热爱105度的你"}, {"uid": "232931669", "content": "ohhhhhhhhhhhhhhhhhh！"}, {"uid": "8138686", "content": "？？？"}, {"uid": "232931669", "content": "ohhhhhhhhhhhhhhhhhh"}, {"uid": "18343394", "content": "呼~~~~~~~"}, {"uid": "8138686", "content": "hoho"}, {"uid": "2881166", "content": "油腻的师姐 在哪里"}, {"uid": "18343394", "content": "好耶！！！！"}, {"uid": "8138686", "content": "lei了"}, {"uid": "18343394", "content": "张信哲啊"}, {"uid": "8138686", "content": "(･∀･)"}, {"uid": "18343394", "content": "笑死"}, {"uid": "2881166", "content": "好听耶"}, {"uid": "18343394", "content": "容我拒绝"}, {"uid": "8138686", "content": "对~欸~"}, {"uid": "8138686", "content": "便乘师兄"}, {"uid": "2881166", "content": "好听 好听"}, {"uid": "8138686", "content": "强 师姐 强"}, {"uid": "232931669", "content": "）滑稽"}, {"uid": "232931669", "content": "们"}, {"uid": "232931669", "content": "当然叫老婆"}, {"uid": "232931669", "content": "叫啥？"}, {"uid": "8138686", "content": "师姐：都叫"}, {"uid": "89283862", "content": "我还在犹豫外面是叫红烧肉还是卤肉饭"}, {"uid": "12046530", "content": "搞一首伤心的人别听慢歌？"}, {"uid": "89283862", "content": "胡歌"}, {"uid": "8138686", "content": "快进到张信哲.jpg"}, {"uid": "89283862", "content": "薛之谦"}, {"uid": "8138686", "content": "hhhh"}, {"uid": "232931669", "content": "薛之谦"}, {"uid": "18343394", "content": "张信哲吧"}, {"uid": "8138686", "content": "林俊杰？"}, {"uid": "18343394", "content": "tui~~~~"}, {"uid": "89283862", "content": "他就是在针对你"}, {"uid": "2881166", "content": "师姐 爱了爱了"}, {"uid": "8138686", "content": "(°∀°)ﾉ"}, {"uid": "232931669", "content": "好家伙爱了爱了"}, {"uid": "18343394", "content": "呱~~"}, {"uid": "1704410", "content": "呱？"}, {"uid": "2737171", "content": "？？？"}, {"uid": "7833978", "content": "呱~"}, {"uid": "8138686", "content": "什么叫清楚师姐的完全体嘛（战术后仰"}, {"uid": "1248083811", "content": "好汀好汀师姐，猴赛雷！(⌒▽⌒)"}, {"uid": "12046530", "content": "总感觉师姐这声音不多唱唱歌怪可惜的"}, {"uid": "18343394", "content": "奇迹再现"}, {"uid": "18343394", "content": "笑死"}, {"uid": "7833978", "content": "奇迹再现"}, {"uid": "18343394", "content": "拉了"}, {"uid": "18343394", "content": "师姐好强"}, {"uid": "18343394", "content": "为什么妈妈没有徒弟"}, {"uid": "7833978", "content": "灵 魂 汲 取！"}, {"uid": "12864846", "content": "脑髓舔舐"}, {"uid": "18343394", "content": "我们坐在高高的顾辉旁边是那首歌来着"}, {"uid": "698355368", "content": "好像确实没听过后面的"}, {"uid": "232931669", "content": "害怕害怕害怕害怕"}, {"uid": "325384143", "content": "滑稽"}, {"uid": "325384143", "content": "当初唱的好听多了"}, {"uid": "18343394", "content": "来着"}, {"uid": "7833978", "content": "总感觉哪里不对"}, {"uid": "8138686", "content": "嘿～"}, {"uid": "7833978", "content": "？？？"}, {"uid": "89283862", "content": "口胡师姐"}, {"uid": "18343394", "content": "小夜你怎么看"}, {"uid": "8138686", "content": "想得美"}, {"uid": "18343394", "content": "？？？"}, {"uid": "232931669", "content": "可以唱黑白世界吗滑稽"}, {"uid": "8138686", "content": "啊啊啊啊啊～"}, {"uid": "8138686", "content": "师姐：我不会"}, {"uid": "325384143", "content": "那师姐可以唱鲁冰花吗"}, {"uid": "18343394", "content": "滋溜"}, {"uid": "12046530", "content": "下一首能听师姐唱radio嘛"}, {"uid": "37746038", "content": "滋流"}, {"uid": "232931669", "content": "害怕害怕害怕害怕"}, {"uid": "1704410", "content": "大概b站要出来挨打了"}, {"uid": "12046530", "content": "好怪哦，高清会卡，但是原画却不会"}, {"uid": "18343394", "content": "我换原画好了"}, {"uid": "325384143", "content": "我这边卡的可以上鬼畜区了_(:3」∠)_"}, {"uid": "18343394", "content": "换画质试试"}, {"uid": "12864846", "content": "没卡"}, {"uid": "2737171", "content": "好卡"}, {"uid": "18343394", "content": "我没卡"}, {"uid": "1704410", "content": "卡了？"}, {"uid": "18343394", "content": "？？？"}, {"uid": "18343394", "content": "一定是师姐能量充满了谢谢师姐呜呜呜"}, {"uid": "8138686", "content": "我们有问题 自裁"}, {"uid": "2737171", "content": "卡了"}, {"uid": "232931669", "content": "我没有啊"}, {"uid": "18343394", "content": "现在好了"}, {"uid": "325384143", "content": "一卡一卡的"}, {"uid": "1704410", "content": "切线就好了"}, {"uid": "2051420077", "content": "卡卡卡"}, {"uid": "18343394", "content": "卡了？？？"}, {"uid": "8138686", "content": "我卡了？"}, {"uid": "2051420077", "content": "我来了"}, {"uid": "8138686", "content": "实力唱歌"}, {"uid": "8138686", "content": "师姐！强！"}, {"uid": "2881166", "content": "师姐棒棒哒"}, {"uid": "2881166", "content": "老板霸气"}, {"uid": "12046530", "content": "老板大气"}, {"uid": "18343394", "content": "呃啊啊啊啊啊啊啊啊啊啊啊"}, {"uid": "8138686", "content": "老板大气"}, {"uid": "325384143", "content": "老板大气"}, {"uid": "11458802", "content": "支援p社玩家的舰长╮(￣▽￣)╭"}, {"uid": "2737171", "content": "老板大气"}, {"uid": "7833978", "content": "老板大气"}, {"uid": "471069463", "content": "欢迎新舰长"}, {"uid": "18343394", "content": "我是仓鼠二号"}, {"uid": "18343394", "content": "真的可以把人送走的"}, {"uid": "8138686", "content": "肥音"}, {"uid": "49569332", "content": "天堂福音"}, {"uid": "18343394", "content": "这就去投胎"}, {"uid": "12046530", "content": "唱大悲咒吧"}, {"uid": "552461", "content": "这是肥音"}, {"uid": "8138686", "content": "（￣▽￣）"}, {"uid": "8138686", "content": "唱ECHO吧"}, {"uid": "232931669", "content": "可以可以"}, {"uid": "7833978", "content": "笑死 被迫下班"}, {"uid": "18343394", "content": "这个混响适合念大悲咒"}, {"uid": "49569332", "content": "回音壁必有回音"}, {"uid": "11458802", "content": "有p社玩家的味道了"}, {"uid": "12046530", "content": "有内味儿了"}, {"uid": "8138686", "content": "瑟瑟发抖"}, {"uid": "325384143", "content": "大反派的笑声"}, {"uid": "552461", "content": "害怕"}, {"uid": "471069463", "content": "保护保护保护"}, {"uid": "471069463", "content": "害怕"}, {"uid": "18343394", "content": "师姐在教堂给我们唱歌"}, {"uid": "2737171", "content": "澡堂效果"}, {"uid": "12046530", "content": "灵堂混响"}, {"uid": "7833978", "content": "有原来学校大礼堂开会的感觉了"}, {"uid": "552461", "content": "澡堂直播？"}, {"uid": "18343394", "content": "好耶"}, {"uid": "698355368", "content": "？"}, {"uid": "8138686", "content": "！？"}, {"uid": "552461", "content": "？？？"}, {"uid": "1704410", "content": "？？？"}, {"uid": "232931669", "content": "害怕害怕害怕害怕"}, {"uid": "471069463", "content": "好家伙"}, {"uid": "7833978", "content": "？？？"}, {"uid": "1704410", "content": "可以切出来当证据"}, {"uid": "12046530", "content": "不信一会去康录播呀"}, {"uid": "18343394", "content": "可清楚了"}, {"uid": "18343394", "content": "谢谢天轮的摩天堂"}, {"uid": "8138686", "content": "突击检查师姐语文成绩"}, {"uid": "1704410", "content": "摩天堂"}, {"uid": "12046530", "content": "世界说的不是啊"}, {"uid": "232931669", "content": "老丈育了"}, {"uid": "7833978", "content": "请收看今晚十点的天堂背后的青冥"}, {"uid": "552461", "content": "真的"}, {"uid": "232931669", "content": "有"}, {"uid": "18343394", "content": "你说的啊摩天堂"}, {"uid": "8138686", "content": "皮卡堂"}, {"uid": "325384143", "content": "加班！"}, {"uid": "7833978", "content": "谢谢青冥的摩天堂"}, {"uid": "18343394", "content": "笑死"}, {"uid": "8138686", "content": "4小时师姐要燃尽了"}, {"uid": "18343394", "content": "摩天堂"}, {"uid": "325384143", "content": "吧前几天的补回来吧"}, {"uid": "18343394", "content": "好像很好吃的样子"}, {"uid": "232931669", "content": "最一天好波25个小时"}, {"uid": "18343394", "content": "师姐再次什么"}, {"uid": "1704410", "content": "怎么也得加班4小时吧"}, {"uid": "2737171", "content": "那就再续几个小时吧"}, {"uid": "8138686", "content": "会愧疚的师姐？"}, {"uid": "471069463", "content": "停了三天，两小时不太够"}, {"uid": "7833978", "content": "师姐什么时候来的道德"}, {"uid": "698355368", "content": "我现在不想动"}, {"uid": "18343394", "content": "那就拜拜"}, {"uid": "12046530", "content": "能听到师姐唱歌嘛？"}, {"uid": "18343394", "content": "拜拜"}, {"uid": "232931669", "content": "有吗不知道耶"}, {"uid": "18343394", "content": "笑死"}, {"uid": "471069463", "content": "摇起来~"}, {"uid": "552461", "content": "这不显你拉闸快吗"}, {"uid": "8138686", "content": "不提前拜拜的话拉闸的时候就拜不了了"}, {"uid": "89283862", "content": "我好饿"}, {"uid": "1704410", "content": "拜拜"}, {"uid": "2737171", "content": "这不是预判你的拉闸么"}, {"uid": "18343394", "content": "聊五毛的"}, {"uid": "2175498", "content": "我看着八点了。"}, {"uid": "471069463", "content": "快停下"}, {"uid": "471069463", "content": "啊这"}, {"uid": "12046530", "content": "终于可以回家了"}, {"uid": "18343394", "content": "聊聊聊"}, {"uid": "89283862", "content": "师姐加班了"}, {"uid": "7833978", "content": "都给我聊天"}, {"uid": "220762377", "content": "拜拜"}, {"uid": "2175498", "content": "88"}, {"uid": "7833978", "content": "都给我别拜了"}, {"uid": "12046530", "content": "喵呜~"}, {"uid": "7833978", "content": "笑死"}, {"uid": "7833978", "content": "拜拜拜拜"}, {"uid": "471069463", "content": "师姐拜拜"}, {"uid": "552461", "content": "拜拜"}, {"uid": "325384143", "content": "拜拜"}, {"uid": "2737171", "content": "师姐拜拜"}, {"uid": "552461", "content": "准时下班"}, {"uid": "8138686", "content": "存两遍更安心"}, {"uid": "18343394", "content": "师姐拜拜"}, {"uid": "232931669", "content": "我觉得可以"}, {"uid": "18343394", "content": "笑死"}, {"uid": "2737171", "content": "懂了，该摸了"}, {"uid": "18343394", "content": "改名叫哥谭吧"}, {"uid": "18343394", "content": "警铃震天响"}, {"uid": "18343394", "content": "懂了"}, {"uid": "18343394", "content": "单推人不配拥有光明"}, {"uid": "42063090", "content": "肥沃的黑土地，适合种田"}, {"uid": "18343394", "content": "？？？、"}, {"uid": "18343394", "content": "去收废品？？？"}, {"uid": "18343394", "content": "什么豪情壮志"}, {"uid": "7833978", "content": "八点啦"}, {"uid": "18343394", "content": "暗示我们是垃圾"}, {"uid": "2737171", "content": "绝了"}, {"uid": "18343394", "content": "这里就叫秋名山吧"}, {"uid": "387926108", "content": "绝了"}, {"uid": "471069463", "content": "有山有江"}, {"uid": "18343394", "content": "干净无污染"}, {"uid": "18343394", "content": "全市全改人行道"}, {"uid": "387926108", "content": "然后开始卷.jpg"}, {"uid": "387926108", "content": "直接建设高楼大厦，吸引外来资本"}, {"uid": "18343394", "content": "建工作区吧"}, {"uid": "18343394", "content": "工作使他们快乐"}, {"uid": "2737171", "content": "就这周围大片的空地，公园的意义？"}, {"uid": "7833978", "content": "人间极乐"}, {"uid": "11458802", "content": "卷起来，卷起来"}, {"uid": "387926108", "content": "开始卷了麻"}, {"uid": "2737171", "content": "口里说着dd，公园建在单推"}, {"uid": "2737171", "content": "《那么近》"}, {"uid": "18343394", "content": "不会是小区里的人吧"}, {"uid": "2737171", "content": "仓鼠！！！仓鼠跳进火力发电厂了"}, {"uid": "42063090", "content": "比博人传还燃（狗头）"}, {"uid": "387926108", "content": "阿哲"}, {"uid": "18343394", "content": "燃起来了所以要灭火"}, {"uid": "18343394", "content": "笑死"}, {"uid": "7833978", "content": "我燃起来了！"}, {"uid": "7833978", "content": "笑死"}, {"uid": "387926108", "content": "以达到卷的可持续利用.jpg"}, {"uid": "387926108", "content": "光内卷还不行还得让他们生.jpg"}, {"uid": "11458802", "content": "饱和了之后就可以让他们内卷了（不是）"}, {"uid": "387926108", "content": "阿哲"}, {"uid": "18343394", "content": "防止人员流失"}, {"uid": "18343394", "content": "建议吧上面的大桥炸了"}, {"uid": "18343394", "content": "会不会人员流失啊"}, {"uid": "2737171", "content": "这在dd区的旁边，当然是dd监控室拉"}, {"uid": "11458802", "content": "叫单推行政区吧"}, {"uid": "2737171", "content": "yssy，qs"}, {"uid": "65240577", "content": "这种艺术是不是对人类来说太早了呢"}, {"uid": "12046530", "content": "临江工业区"}, {"uid": "325384143", "content": "垃圾场旁边建火化场"}, {"uid": "18343394", "content": "你这个城市布局好像数位板"}, {"uid": "11458802", "content": "宣战理由:国家版图边界不平整"}, {"uid": "11458802", "content": "你完了"}, {"uid": "11458802", "content": "你住的地方使我的城市不美观"}, {"uid": "12046530", "content": "汽 车 旅 馆"}, {"uid": "18343394", "content": "更孤独"}, {"uid": "471069463", "content": "笑死"}, {"uid": "18343394", "content": "现在家没了"}, {"uid": "18343394", "content": "孤独"}, {"uid": "18343394", "content": "涂绿油漆将就下吧"}, {"uid": "12046530", "content": "舰长下山啦！！！"}, {"uid": "325384143", "content": "给舰长找座山住"}, {"uid": "12046530", "content": "咱是单推，师姐信嘛~"}, {"uid": "7833978", "content": "直接叉出去"}, {"uid": "18343394", "content": "鲨了8"}, {"uid": "232931669", "content": "我们那来的房子只有山洞给你住"}, {"uid": "12046530", "content": "全是dd"}, {"uid": "12046530", "content": "笑死，没人住说明根本没有单推"}, {"uid": "18343394", "content": "太好了不敢住"}, {"uid": "471069463", "content": "那个还好的"}, {"uid": "12046530", "content": "独栋三层小楼可还行"}, {"uid": "2737171", "content": "直接用江水吧"}, {"uid": "12046530", "content": "与其拉电线，不如在中间直接建电站"}, {"uid": "2737171", "content": "暗示dd没小孩"}, {"uid": "471069463", "content": "hhh"}, {"uid": "471069463", "content": "一条龙服务"}, {"uid": "471069463", "content": "小初中大一体算了"}, {"uid": "18343394", "content": "笑死"}, {"uid": "325384143", "content": "学校是小学吗"}, {"uid": "12046530", "content": "少数人口掌握大多数资本"}, {"uid": "2737171", "content": "单推人，稀少的幻兽种，只流传在传说之中"}, {"uid": "325384143", "content": "走的人多了，就成了路"}, {"uid": "12046530", "content": "《单推人监狱》"}, {"uid": "11458802", "content": "你这城市规划"}, {"uid": "18343394", "content": "让他们荒野探险过去吧"}, {"uid": "12046530", "content": "多留点地拿来健身多好~"}, {"uid": "12046530", "content": "毕竟单推人少嘛"}, {"uid": "471069463", "content": "田，机场，运动场"}, {"uid": "12046530", "content": "上班要走一个小时"}, {"uid": "8068520", "content": "田"}, {"uid": "12046530", "content": "远离城市的单推人"}, {"uid": "411922107", "content": "，"}, {"uid": "8138686", "content": "沙俄草"}, {"uid": "2737171", "content": "在洗不起澡的这里"}, {"uid": "12864846", "content": "建个医院，然后隔壁建个火葬场"}, {"uid": "12046530", "content": "沙俄模式"}, {"uid": "2737171", "content": "莫名联想：油腻的师姐在哪里？"}, {"uid": "18343394", "content": "交水费的路上建收费站"}, {"uid": "2737171", "content": "大家都不洗澡了，水管白拉了"}, {"uid": "2737171", "content": "笑死"}, {"uid": "545549120", "content": "不如和师姐一起洗澡 省水"}, {"uid": "18343394", "content": "给他接一条污水管道"}, {"uid": "12864846", "content": "冻住，不洗澡！！"}, {"uid": "2737171", "content": "不对，这是狱警点号"}, {"uid": "12046530", "content": "《常回家看看》"}, {"uid": "18343394", "content": "参观还得收费"}, {"uid": "2737171", "content": "每天过来看看资本打手"}, {"uid": "42063090", "content": "光速出警doge"}, {"uid": "12046530", "content": "师姐看了热泪盈眶，吃下八碗炒饭"}, {"uid": "303629967", "content": "旁边再建个医院罢（恳求）"}, {"uid": "12046530", "content": "下饭"}, {"uid": "12864846", "content": "下饭"}, {"uid": "12046530", "content": "要奇观，就游乐场"}, {"uid": "303629967", "content": "满足这些就可以看到游街了（"}, {"uid": "18343394", "content": "那个建筑的名字叫《那个》"}, {"uid": "325384143", "content": "游乐园耶"}, {"uid": "303629967", "content": "街道够宽，人员够多，民生够差"}, {"uid": "12046530", "content": "哪个？"}, {"uid": "18343394", "content": "《那个》"}, {"uid": "545549120", "content": "哇哦"}, {"uid": "12046530", "content": "奇 观"}, {"uid": "18343394", "content": "我们不过是提前他们的生命循环罢了"}, {"uid": "2737171", "content": "《我也没有到那个程度》———还能更狠"}, {"uid": "12046530", "content": "白怜大师姐"}, {"uid": "12046530", "content": "修仙界资本大家"}, {"uid": "471069463", "content": "hhh"}, {"uid": "5155884", "content": "合格的P社玩家（"}, {"uid": "12046530", "content": "恐怖如斯"}, {"uid": "12864846", "content": "一条龙服务的重要性"}, {"uid": "303629967", "content": "等到流感致死人员流失你就笑不起来了"}, {"uid": "12046530", "content": "速 生 速 死"}, {"uid": "325384143", "content": "医疗保健?告诉他们旧的不去新的不来"}, {"uid": "7833978", "content": "忍住！自愈"}, {"uid": "471069463", "content": "是小镇了"}, {"uid": "12046530", "content": "医 疗 崩 溃"}, {"uid": "76745726", "content": "小粉车还行"}, {"uid": "18343394", "content": "出现了棋盘式住宅区"}, {"uid": "7833978", "content": "只是卖第一批师妹的钱但是第一批师妹已经无"}, {"uid": "12046530", "content": "名为商场的收费站"}, {"uid": "18343394", "content": "只不过出门走三步一个收费站罢了"}, {"uid": "471069463", "content": "一条街"}, {"uid": "12046530", "content": "欢迎你们来我家玩，玩累了就直接睡觉"}, {"uid": "7833978", "content": "理直气壮"}, {"uid": "12046530", "content": "我家里还蛮大的"}, {"uid": "12046530", "content": "住商场？"}, {"uid": "303629967", "content": "没有停车场么（"}, {"uid": "22017278", "content": "小师妹"}, {"uid": "303629967", "content": "民心-20，稳定度-50"}, {"uid": "12046530", "content": "不演了"}, {"uid": "7833978", "content": "懂得都懂"}, {"uid": "325384143", "content": "能建个游乐园吗"}, {"uid": "545549120", "content": "《压榨》"}, {"uid": "12046530", "content": "压 榨"}, {"uid": "303629967", "content": "地区建设不都是永远亏钱的么（"}, {"uid": "7833978", "content": "雨 好大的雨"}, {"uid": "18343394", "content": "省"}, {"uid": "12046530", "content": "出工厂回家睡觉，放假直接消费回收，"}, {"uid": "18343394", "content": "还能剩电费"}, {"uid": "18343394", "content": "没钱治病的右转火力发电"}, {"uid": "232931669", "content": "不他们需要收费站更多的收费站"}, {"uid": "303629967", "content": "给国家省省子弹吧你们"}, {"uid": "325384143", "content": "生病的直接拿去捐器官"}, {"uid": "18343394", "content": "拉一条路直通医院收费站"}, {"uid": "7833978", "content": "听上去怪吓人，在吃一口（脑髓"}, {"uid": "18343394", "content": "垃圾场直接盖着住宅区旁边围十个"}, {"uid": "11458802", "content": "放弃医院，直接火葬场"}, {"uid": "7833978", "content": "劳动致死最光荣？"}, {"uid": "303629967", "content": "快进到黑死病"}, {"uid": "2737171", "content": "不会生病，要么死要么劳动"}, {"uid": "303629967", "content": "快进到大流感"}, {"uid": "18343394", "content": "建一个医院旁边50个收费站"}, {"uid": "12046530", "content": "不要，只要师姐！！"}, {"uid": "471069463", "content": "笑死，都飞升了"}, {"uid": "11458802", "content": "城市天际线，Steam游戏"}, {"uid": "1749817", "content": "生病了师姐救我"}, {"uid": "7833978", "content": "生病的做不了007直接处理了"}, {"uid": "7833978", "content": "你们做个人啊！"}, {"uid": "297231399", "content": "唔，这是什么呢？我看不懂……"}, {"uid": "325384143", "content": "建个观光城市，仓鼠的设想就可以实现～(￣"}, {"uid": "303629967", "content": "空气质量差，水质劣五类（环保局饼干）"}, {"uid": "232931669", "content": "这样只能去公共厕所了"}, {"uid": "7833978", "content": "你们为什么这么恐怖！"}, {"uid": "11458802", "content": "这叫逼迫全城人飞升"}, {"uid": "18343394", "content": "回家上罚钱！"}, {"uid": "232931669", "content": "一度电100刀一立方水1000刀"}, {"uid": "18343394", "content": "禁止回家上厕所！！"}, {"uid": "545549120", "content": "太急了"}, {"uid": "12864846", "content": "公共厕所收个100刀太恐怖了"}, {"uid": "7833978", "content": "这是拉的钻石么"}, {"uid": "18343394", "content": "全市仅有一个的公共厕所被收费站团团围住"}, {"uid": "232931669", "content": "公共厕所一次100刀"}, {"uid": "479089998", "content": "无恒产则无恒心啊"}, {"uid": "12864846", "content": "你工人爷爷来了！"}, {"uid": "226964539", "content": "晚上好师姐"}, {"uid": "7833978", "content": "你工人爷爷来了！"}, {"uid": "471069463", "content": "笑死"}, {"uid": "7833978", "content": "你就是资本仓鼠？"}, {"uid": "18343394", "content": "公共厕所"}, {"uid": "18343394", "content": "特别是公共场所建10个"}, {"uid": "11458802", "content": "一定是税收拉得不够高"}, {"uid": "18343394", "content": "建议所有出口入口全部建收费站"}, {"uid": "11458802", "content": "什么，他们居然还有钱反白师姐"}, {"uid": "325384143", "content": "按每两公里收一次的频率建收费站"}, {"uid": "11458802", "content": "叛乱度提升"}, {"uid": "12046530", "content": "这样来回出小区还能收渡河费"}, {"uid": "12046530", "content": "干脆直接把小区大门建河上吧"}, {"uid": "479089998", "content": "额"}, {"uid": "7833978", "content": "回家都得收四次费用"}, {"uid": "232931669", "content": "一格一个收费站"}, {"uid": "303629967", "content": "收入+5000  稳定度-1000"}, {"uid": "18343394", "content": "能不能直接睡大街？"}, {"uid": "12046530", "content": "税 收 过 高"}, {"uid": "11458802", "content": "第一个刮出场了"}, {"uid": "7833978", "content": "在小区里在建一点死胡同"}, {"uid": "232931669", "content": "收费站"}, {"uid": "7833978", "content": "这是双向收费"}, {"uid": "232931669", "content": "摆十个散发着"}, {"uid": "303629967", "content": "停 车 费"}, {"uid": "18343394", "content": "？？？"}, {"uid": "698355368", "content": "好家伙"}, {"uid": "18343394", "content": "楚街汉道"}, {"uid": "7833978", "content": "回家收费？"}, {"uid": "471069463", "content": "hhh"}, {"uid": "545549120", "content": "我想起了p城"}, {"uid": "11458802", "content": "人力资源提升中"}, {"uid": "12046530", "content": "非 封 闭 式 监 狱"}, {"uid": "303629967", "content": "不过有一说一这种房子确实挺好的"}, {"uid": "18343394", "content": "师姐先吃把"}, {"uid": "2737171", "content": "监狱风云3:资本的崛起"}, {"uid": "18343394", "content": "现在改象棋棋盘了是麻"}, {"uid": "12046530", "content": "这是一条神奇的天路诶~~"}, {"uid": "303629967", "content": "起码不要迫害（悲）"}, {"uid": "7833978", "content": "仓鼠三星你值得拥有（轮胎"}, {"uid": "303629967", "content": "明明我们比单推人还要辛苦啊（指四处奔波"}, {"uid": "232931669", "content": "太惨了"}, {"uid": "7833978", "content": "住出来？？？"}, {"uid": "12864846", "content": "渡仙门繁荣昌盛全靠师妹996"}, {"uid": "18343394", "content": "你现在建的是国际象棋棋盘吧"}, {"uid": "7833978", "content": "？？？"}, {"uid": "303629967", "content": "这么密集，生活环境质量完蛋"}, {"uid": "18343394", "content": "还要天天人口普查"}, {"uid": "18343394", "content": "师姐好辛苦"}, {"uid": "504043099", "content": "师姐，学生宿舍呢？"}, {"uid": "303629967", "content": "高 一 下 学 期 地 理"}, {"uid": "12046530", "content": "干脆直接建在河上吧"}, {"uid": "18343394", "content": "？？没水没电的那种麻"}, {"uid": "2737171", "content": "懂了，舰长有两套房子"}, {"uid": "12864846", "content": "师姐是神不和我们住的"}, {"uid": "18343394", "content": "火葬场 火力发电 化肥厂 帮小夜补全"}, {"uid": "357637145", "content": "可以，我住你隔壁"}, {"uid": "12046530", "content": "一条龙服务"}, {"uid": "12864846", "content": "工厂 住宅区 医院 火葬场一条龙服务"}, {"uid": "12046530", "content": "从入厂到入土"}, {"uid": "303629967", "content": "听你这么说，我就放心了（指准备挂路灯"}, {"uid": "11458802", "content": "再火力发电"}, {"uid": "357637145", "content": "名字叫相亲相爱一家人"}, {"uid": "11458802", "content": "人得病没关系，直接在宿舍旁边建火葬场"}, {"uid": "18343394", "content": "要什么医院"}, {"uid": "18343394", "content": "火葬场连火力发电"}, {"uid": "303629967", "content": "我们要955和6000+工资（"}, {"uid": "18343394", "content": "对了顺便再工业区附近建火葬场"}, {"uid": "303629967", "content": "8小时工作制，请（恳求）"}, {"uid": "12046530", "content": "回宿舍就睡觉，起来就工作"}, {"uid": "357637145", "content": "不会有病的，人估计都没了"}, {"uid": "18343394", "content": "要什么电"}, {"uid": "11458802", "content": "逐渐泯灭人性"}, {"uid": "18343394", "content": "让他们点蜡烛！！！"}, {"uid": "232931669", "content": "住一年什么病都来了"}, {"uid": "12864846", "content": "996变007"}, {"uid": "303629967", "content": "←_→"}, {"uid": "12864846", "content": "住宅区=员工宿舍"}, {"uid": "2737171", "content": "鳄鱼的眼泪"}, {"uid": "18343394", "content": "下班即回家"}, {"uid": "2737171", "content": "儿童节那场你也没录"}, {"uid": "12864846", "content": "员工宿舍"}, {"uid": "18343394", "content": "直接把居民区建再工作区门口"}, {"uid": "12864846", "content": "达咩哒！！！"}, {"uid": "1749817", "content": "带我走吧"}, {"uid": "1749817", "content": "呜呜呜师姐我的师姐"}, {"uid": "12046530", "content": "5.1 发 起 人"}, {"uid": "12864846", "content": "如同污水倒灌一样"}, {"uid": "12864846", "content": "师姐对师妹的爱已经泛滥了"}, {"uid": "357637145", "content": "当个dd好累啊，d那么多人（￣▽￣）"}, {"uid": "18343394", "content": "小车有工作但上面的人就不一定来"}, {"uid": "18343394", "content": "大家都只想摸鱼罢了"}, {"uid": "39870299", "content": "阿库娅给她上的花鸟水月"}, {"uid": "357637145", "content": "师姐是的话我不嫌弃"}, {"uid": "18343394", "content": "笑死"}, {"uid": "12046530", "content": "真的吗？我不信！"}, {"uid": "18343394", "content": "这"}, {"uid": "8138686", "content": "祖传变声器"}, {"uid": "881525", "content": "质量这么好的变声器哪买的"}, {"uid": "357637145", "content": "⊙∀⊙！"}, {"uid": "2737171", "content": "都是变声器，师姐传下来的"}, {"uid": "39870299", "content": "那师姐是糙汉子"}, {"uid": "881525", "content": "大师姐弃疗了我怎么记得是变百"}, {"uid": "357637145", "content": "(°∀°)ﾉ都是糙汉子，算了算了"}, {"uid": "2737171", "content": "好家伙"}, {"uid": "18343394", "content": "搁着人口普查呢"}, {"uid": "11458802", "content": "p社玩家狂喜"}, {"uid": "18343394", "content": "？？？"}, {"uid": "881525", "content": "居然是联动刺猬猫→_→"}, {"uid": "357637145", "content": "来了你能把我介绍给师妹吗(⌒▽⌒)"}, {"uid": "12046530", "content": "让你睡工位，别不知好歹"}, {"uid": "232931669", "content": "太客气了不来"}, {"uid": "39870299", "content": "我们白师姐真是太厉害了"}, {"uid": "357637145", "content": "师姐人呢"}, {"uid": "357637145", "content": "(°∀°)ﾉ"}, {"uid": "2737171", "content": "《非静止画面》"}, {"uid": "12046530", "content": "应酬太无聊了，只能看看师姐缓解了~"}, {"uid": "12046530", "content": "工人直接建个睡工位也不是不行"}, {"uid": "2737171", "content": "早上好，打工人，今天也是被车床的噪音叫醒"}, {"uid": "12046530", "content": "感觉还好，师妹们是有房子住的"}, {"uid": "1704410", "content": "再往前一格"}, {"uid": "1704410", "content": "路没连上"}, {"uid": "232931669", "content": "住宅区旁边全是重工业"}, {"uid": "1704410", "content": "不是事实？"}, {"uid": "8138686", "content": "草"}, {"uid": "12046530", "content": "知道知道,但感觉师姐是下意识的诶~"}, {"uid": "416031948", "content": "没有人行就很蠢"}, {"uid": "416031948", "content": "0他必须要靠着路"}, {"uid": "357637145", "content": "师姐还是八点下播吗"}, {"uid": "12046530", "content": "喵啊~"}, {"uid": "2737171", "content": "不能住"}, {"uid": "12046530", "content": "住 工 业 区"}, {"uid": "232931669", "content": "我觉得住这里房子对我这个凡人还为时过早"}, {"uid": "357637145", "content": "想也没有，我已经住到师姐隔壁了╮(￣▽￣"}, {"uid": "12046530", "content": "对啊，对啊"}, {"uid": "89283862", "content": "众所周知师妹们都想和师姐住一起"}, {"uid": "12046530", "content": "那要不直接建个棚户区"}, {"uid": "357637145", "content": "建议改成美食一条街"}, {"uid": "232931669", "content": "我还年轻"}, {"uid": "545549120", "content": "我要和师姐住一个"}, {"uid": "232931669", "content": "我不要"}, {"uid": "416031948", "content": "工业区"}, {"uid": "1457515", "content": "又在建監獄嗎？（￣▽￣）"}, {"uid": "1457515", "content": "？"}, {"uid": "416031948", "content": "还是没接上"}, {"uid": "416031948", "content": "管道没接"}, {"uid": "416031948", "content": "管道没链接"}, {"uid": "232931669", "content": "师妹惨"}, {"uid": "416031948", "content": "没电"}, {"uid": "1624418", "content": "它们是日本人"}, {"uid": "8138686", "content": "师姐感冒了？"}, {"uid": "8138686", "content": "是师姐想法不对劲"}, {"uid": "42063090", "content": "才发现（捂脸），星际不该免费的"}, {"uid": "8138686", "content": "？？？"}, {"uid": "8138686", "content": "草"}, {"uid": "12864846", "content": "天际线"}, {"uid": "416031948", "content": "可爱"}, {"uid": "42063090", "content": "大师姐玩的什么啊"}, {"uid": "12864846", "content": "魔鬼玩法"}, {"uid": "23788930", "content": "没有接到蓝色区域吧？"}, {"uid": "12864846", "content": "笑死"}, {"uid": "42063090", "content": "火烧馍好像是农家特色食品，不知道哪里来的"}, {"uid": "232931669", "content": "房管先请"}, {"uid": "12864846", "content": "住户要遭殃了"}, {"uid": "89283862", "content": "我尺呆毛就是这么来的"}, {"uid": "232931669", "content": "再来献祭还有7次"}, {"uid": "232931669", "content": "好啥都没有献祭失败"}, {"uid": "1340985", "content": "嗷呜"}, {"uid": "232931669", "content": "献祭群友十年寿命出货吧"}, {"uid": "42063090", "content": "其实也不是正宗的火烧馍，就是烤的馅饼"}, {"uid": "2881166", "content": "我们思悠悠在一起~~"}, {"uid": "2737171", "content": "你问我是什么，我只能说这个很难解释"}, {"uid": "2881166", "content": "下辈子如果我还记得你"}, {"uid": "18343394", "content": "下班了下班了师姐回见"}, {"uid": "232931669", "content": "师姐还没吃饭吗"}, {"uid": "2737171", "content": "桂林米粉"}, {"uid": "42063090", "content": "恰火烧馍ing"}, {"uid": "18343394", "content": "在线乞讨"}, {"uid": "18343394", "content": "笑死"}, {"uid": "416031948", "content": "工业区，住宅区一弄全没了"}, {"uid": "2737171", "content": "晚上好，吃完饭了"}, {"uid": "416031948", "content": "其实后面会感觉不大的"}, {"uid": "18343394", "content": "我们只能住在犄角旮旯"}, {"uid": "18343394", "content": "度假"}, {"uid": "18343394", "content": "自己去自己家渡家？"}, {"uid": "1704410", "content": "右"}, {"uid": "416031948", "content": "靠右"}, {"uid": "18343394", "content": "我们不是住在琼明峰么"}, {"uid": "232931669", "content": "右‘"}, {"uid": "232931669", "content": "ohhhhh"}, {"uid": "18343394", "content": "笑死"}, {"uid": "232931669", "content": "晚上好"}, {"uid": "416031948", "content": "自带的"}, {"uid": "1704410", "content": "今天能下饭吗"}, {"uid": "416031948", "content": "里面有一个无限金钱"}, {"uid": "18343394", "content": "师姐看看群"}, {"uid": "7833978", "content": "笑死吃饭时看手机被锤了好几次了"}, {"uid": "416031948", "content": "是这些"}, {"uid": "12864846", "content": "给我加一双吧，我还没吃饭"}, {"uid": "7833978", "content": "加双筷子？"}, {"uid": "7833978", "content": "给师姐拿个碗？"}, {"uid": "416031948", "content": "主页面右边"}, {"uid": "12864846", "content": "笑死"}, {"uid": "416031948", "content": "右边"}, {"uid": "7833978", "content": "笑死"}, {"uid": "8138686", "content": "这哪叫阴间，弹性制上班"}, {"uid": "7833978", "content": "最开始熬死了多少师妹"}, {"uid": "12864846", "content": "癌症起步"}, {"uid": "8138686", "content": "给康康"}, {"uid": "7833978", "content": "笑死"}, {"uid": "7833978", "content": "半夜阴间时间突击"}, {"uid": "12046530", "content": "师姐！！晚上好喵！！"}, {"uid": "7833978", "content": "笑死"}, {"uid": "67843445", "content": "我就是因为半夜老刷到才关注的"}, {"uid": "18343394", "content": "网上看的"}, {"uid": "18343394", "content": "游戏主菜单，选项，左边找 模组里面有沙盒"}, {"uid": "416031948", "content": "来个无限金钱（就不会破产了"}, {"uid": "7833978", "content": "熬死了多少师妹"}, {"uid": "7833978", "content": "老阴间了"}, {"uid": "281408113", "content": "没流量了，溜了溜了"}, {"uid": "416031948", "content": "加MOD啊"}, {"uid": "67843445", "content": "总觉得今晚半夜还能刷到白姐"}, {"uid": "18343394", "content": "玩都可以玩"}, {"uid": "416031948", "content": "好耶"}, {"uid": "416031948", "content": "天际线？？"}, {"uid": "18343394", "content": "笑死"}, {"uid": "7833978", "content": "两t打两奶和两c两t打两c两奶"}, {"uid": "18343394", "content": "笑死"}, {"uid": "18343394", "content": "离谱"}, {"uid": "7833978", "content": "两奶牵制住了两个t"}, {"uid": "18343394", "content": "笑死"}, {"uid": "7833978", "content": "经典被切后排"}, {"uid": "7833978", "content": "笑死"}, {"uid": "281408113", "content": "不输出的奶妈不是好奶妈(⌒▽⌒)"}, {"uid": "18343394", "content": "安娜见了直接给天使激素"}, {"uid": "12864846", "content": "然后安娜妈妈给个激素"}, {"uid": "7833978", "content": "甚至不敢掏枪"}, {"uid": "7833978", "content": "我奶人的！"}, {"uid": "18343394", "content": "会玩的把把最佳"}, {"uid": "281408113", "content": "下回试一下狙位死神"}, {"uid": "18343394", "content": "最早的天使还强"}, {"uid": "12864846", "content": "好强"}, {"uid": "7833978", "content": "现在都是战斗天使啊"}, {"uid": "18343394", "content": "好强"}, {"uid": "12864846", "content": "蜜雪冰城好家伙"}, {"uid": "18343394", "content": "好家伙"}, {"uid": "7833978", "content": "我去吃饭了"}, {"uid": "18343394", "content": "笑死"}, {"uid": "7833978", "content": "嗯？"}, {"uid": "18343394", "content": "到手"}, {"uid": "18343394", "content": "嘴上叼着烟，抄出小手枪，哔哔哔哔哔，五杀"}, {"uid": "7833978", "content": "蜜雪冰城甜蜜蜜"}, {"uid": "7833978", "content": "你爱我 我爱你"}, {"uid": "7833978", "content": "嗯？"}, {"uid": "7833978", "content": "笑死"}, {"uid": "12864846", "content": "到退飞有点难的"}, {"uid": "102972934", "content": "师姐，我爱你"}, {"uid": "7833978", "content": "两百个小时不会在这一直飞吧"}, {"uid": "12864846", "content": "（狗头）"}, {"uid": "18343394", "content": "抽烟的老天使？"}, {"uid": "7833978", "content": "飞的像个鬼一样"}, {"uid": "212137298", "content": "来了"}, {"uid": "12864846", "content": "笑死"}, {"uid": "18343394", "content": "笑死"}, {"uid": "7833978", "content": "笑死"}, {"uid": "471069463", "content": "师姐直播也没第一时间来"}, {"uid": "471069463", "content": "打本打了一小时，饭没吃，"}, {"uid": "7833978", "content": "笑死"}, {"uid": "8138686", "content": "？？？"}, {"uid": "471069463", "content": "来了，呜呜呜呜"}, {"uid": "12864846", "content": "流落凡间的师姐"}, {"uid": "18343394", "content": "上面一个黑蛋等你呢"}, {"uid": "18343394", "content": "笑死"}, {"uid": "7833978", "content": "你明明没有飞上来！"}, {"uid": "17068511", "content": "手机供起来，放师姐直播，每天拜拜"}, {"uid": "8138686", "content": "（￣▽￣）"}, {"uid": "12864846", "content": "半夜突击的时候，顺便@"}, {"uid": "281408113", "content": "全程右下角"}, {"uid": "7833978", "content": "上一个恰独食的已经被推下悬崖了！"}, {"uid": "12864846", "content": "半夜突击魔鬼"}, {"uid": "18343394", "content": "那就一直上班吧"}, {"uid": "18343394", "content": "既然觉得摸鱼累"}, {"uid": "7833978", "content": "高情商：有突击了"}, {"uid": "7833978", "content": "低情商：阴间"}, {"uid": "12864846", "content": "回归阴间的作息"}, {"uid": "89283862", "content": "世界不愧是渡劫大佬"}, {"uid": "18343394", "content": "师姐既然觉得累"}, {"uid": "504043099", "content": "那上夜间授课"}, {"uid": "7833978", "content": "回归本我了"}, {"uid": "12864846", "content": "突然变成阴间人了"}, {"uid": "504043099", "content": "4天没看了"}, {"uid": "7833978", "content": "给我打！"}, {"uid": "7833978", "content": "打！"}, {"uid": "18343394", "content": "都是大头菜罢了"}, {"uid": "7833978", "content": "你再说！"}, {"uid": "281408113", "content": "要看师姐道韵"}, {"uid": "7833978", "content": "笑死"}, {"uid": "12864846", "content": "笑死"}, {"uid": "12864846", "content": "可回收，想到转生的金毛"}, {"uid": "18343394", "content": "笑死"}, {"uid": "7833978", "content": "这批师妹成熟了，该卖掉了"}, {"uid": "89283862", "content": "养家糊口大师姐"}, {"uid": "18343394", "content": "好感动"}, {"uid": "12864846", "content": "消耗品笑死"}, {"uid": "18343394", "content": "呜呜呜"}, {"uid": "18343394", "content": "师姐养我们对么"}, {"uid": "8138686", "content": "赚来的w给师妹们"}, {"uid": "7833978", "content": "师妹（消耗品"}, {"uid": "8138686", "content": "(°∀°)ﾉ"}, {"uid": "12864846", "content": "都是sp"}, {"uid": "7833978", "content": "笑死了"}, {"uid": "504043099", "content": "可落妈妈"}, {"uid": "7833978", "content": "笑死"}, {"uid": "357637145", "content": "小白怜yyds"}, {"uid": "32946644", "content": "师妹们；这就送你走（狗头"}, {"uid": "17068511", "content": "这就把手里供起来"}, {"uid": "2175498", "content": "师姐负责亲手送走仓鼠（笑死"}, {"uid": "12864846", "content": "笑死"}, {"uid": "357637145", "content": "那你能把直播间让出去吗（￣▽￣）"}, {"uid": "8138686", "content": "毒奶师姐？"}, {"uid": "8138686", "content": "请问这里是香火庙吗？"}, {"uid": "325384143", "content": "师姐负责给你去精神科的建议"}, {"uid": "552461", "content": "好家伙"}, {"uid": "281408113", "content": "师姐，保佑我不掉档被本科录取"}, {"uid": "7833978", "content": "好家伙"}, {"uid": "18343394", "content": "师姐得负责"}, {"uid": "17068511", "content": "师姐您好"}, {"uid": "18343394", "content": "这是看不到师姐后遗症"}, {"uid": "1704410", "content": "仓鼠去精神科看看"}, {"uid": "18343394", "content": "？？？"}, {"uid": "357637145", "content": "师姐，你师妹有开直播吗。我想d一下"}, {"uid": "7833978", "content": "直接精神科吧"}, {"uid": "7833978", "content": "笑死"}, {"uid": "357637145", "content": "⊙∀⊙！"}, {"uid": "18343394", "content": "我路上随便看什么东西都是师姐"}, {"uid": "32946644", "content": "摸鱼这话含人量极低。不愧是是屑师姐"}, {"uid": "12864846", "content": "被ow气到出走"}, {"uid": "7833978", "content": "公园八点的太极"}, {"uid": "8138686", "content": "师姐管管吧"}, {"uid": "89283862", "content": "忙着摸鱼"}, {"uid": "12211886", "content": "早"}, {"uid": "18343394", "content": "我天天再想师姐"}, {"uid": "7833978", "content": "忙着摸了！"}, {"uid": "18343394", "content": "你知道我这四天怎么过的嘛"}, {"uid": "357637145", "content": "师姐以后能多加班吗"}, {"uid": "12864846", "content": "师姐这几天忙什么"}, {"uid": "8138686", "content": "3+1"}, {"uid": "7833978", "content": "四天"}, {"uid": "552461", "content": "住户就是消耗品"}, {"uid": "18343394", "content": "师姐给我选一个吃的吧"}, {"uid": "89283862", "content": "几天没见师姐主要是"}, {"uid": "7833978", "content": "直接吃饭"}, {"uid": "18343394", "content": "不晓得吃啥"}, {"uid": "21581963", "content": "刚醒"}, {"uid": "7833978", "content": "吃饭"}, {"uid": "18343394", "content": "我要师姐能量呜呜呜"}, {"uid": "545549120", "content": "师姐做饭给我吃"}, {"uid": "7833978", "content": "炒菜吃"}, {"uid": "8138686", "content": "吃师姐"}, {"uid": "18343394", "content": "是师姐没有师姐我要死了"}, {"uid": "281408113", "content": "刚恰完饭"}, {"uid": "552461", "content": "没吃"}, {"uid": "7833978", "content": "准备吃"}, {"uid": "12864846", "content": "斯哈斯哈，师姐，我的师姐"}, {"uid": "18343394", "content": "呜呜呜"}, {"uid": "8138686", "content": "师姐晚上好"}, {"uid": "698355368", "content": "晚上好"}, {"uid": "292993873", "content": "好久不见师姐"}, {"uid": "281408113", "content": "师姐晚上好"}, {"uid": "8138686", "content": "喂喂喂喂喂"}, {"uid": "552461", "content": "晚上好"}, {"uid": "545549120", "content": "是师姐 ！"}, {"uid": "12864846", "content": "师姐晚上好"}, {"uid": "7833978", "content": "是师姐 ！"}, {"uid": "281408113", "content": "大师姐！"}, {"uid": "8138686", "content": "师姐抛瓦"}, {"uid": "18343394", "content": "我要补充师姐能量"}, {"uid": "38768869", "content": "来了来了0"}, {"uid": "545549120", "content": "呜呜呜"}, {"uid": "18343394", "content": "师姐我好想你"}, {"uid": "18343394", "content": "呜呜呜"}, {"uid": "21581963", "content": "睡一觉刚醒就赶上了好耶！"}, {"uid": "282845389", "content": "好耶"}, {"uid": "8138686", "content": "lei了lei了"}, {"uid": "698355368", "content": "好耶"}, {"uid": "5684520", "content": "好耶"}, {"uid": "18343394", "content": "\\师姐/\\师姐/\\师姐/\\师姐/\\师姐/"}, {"uid": "18343394", "content": "\\师姐/\\师姐/\\师姐/\\师姐/\\师姐/"}, {"uid": "7833978", "content": "\\师姐/\\师姐/\\师姐/\\师姐/\\师姐/"}, {"uid": "18343394", "content": "\\师姐/\\师姐/\\师姐/\\师姐/\\师姐/"}, {"uid": "18343394", "content": "\\师姐/\\师姐/\\师姐/\\师姐/\\师姐/"}, {"uid": "8138686", "content": "\\师姐/\\师姐/\\师姐/\\师姐/\\师姐/"}, {"uid": "7833978", "content": "\\师姐/\\师姐/\\师姐/\\师姐/\\师姐/"}, {"uid": "18343394", "content": "\\师姐/\\师姐/\\师姐/\\师姐/\\师姐/"}, {"uid": "7833978", "content": "\\师姐/\\师姐/\\师姐/\\师姐/\\师姐/"}, {"uid": "7833978", "content": "\\师姐/\\师姐/\\师姐/\\师姐/\\师姐/"}, {"uid": "18343394", "content": "\\师姐/\\师姐/\\师姐/\\师姐/\\师姐/"}, {"uid": "39096217", "content": "\\师姐/\\师姐/\\师姐/\\师姐/\\师姐/"}, {"uid": "7833978", "content": "\\师姐/\\师姐/\\师姐/\\师姐/\\师姐/"}, {"uid": "7833978", "content": "\\师姐/\\师姐/\\师姐/\\师姐/\\师姐/"}, {"uid": "18343394", "content": "\\师姐/\\师姐/\\师姐/\\师姐/\\师姐/"}, {"uid": "7833978", "content": "\\师姐/\\师姐/\\师姐/\\师姐/\\师姐/"}, {"uid": "39096217", "content": "\\师姐/\\师姐/\\师姐/\\师姐/\\师姐/"}, {"uid": "23015177", "content": "\\师姐/\\师姐/\\师姐/\\师姐/\\师姐/"}, {"uid": "8138686", "content": "\\师姐/\\师姐/\\师姐/\\师姐/\\师姐/"}, {"uid": "12864846", "content": "\\师姐/\\师姐/\\师姐/\\师姐/\\师姐/"}, {"uid": "325384143", "content": "\\师姐/\\师姐/\\师姐/\\师姐/\\师姐/"}, {"uid": "15469971", "content": "\\师姐/\\师姐/\\师姐/\\师姐/\\师姐/"}, {"uid": "23015177", "content": "\\师姐/\\师姐/\\师姐/\\师姐/\\师姐/"}, {"uid": "7833978", "content": "\\师姐/\\师姐/\\师姐/\\师姐/\\师姐/"}, {"uid": "18343394", "content": "\\师姐/\\师姐/\\师姐/\\师姐/\\师姐/"}, {"uid": "12864846", "content": "\\师姐/\\师姐/\\师姐/\\师姐/\\师姐/"}, {"uid": "23015177", "content": "\\师姐/\\师姐/\\师姐/\\师姐/\\师姐/"}, {"uid": "12864846", "content": "\\师姐/\\师姐/\\师姐/\\师姐/\\师姐/"}, {"uid": "18343394", "content": "\\师姐/\\师姐/\\师姐/\\师姐/\\师姐/"}, {"uid": "7833978", "content": "\\师姐/\\师姐/\\师姐/\\师姐/\\师姐/"}, {"uid": "12864846", "content": "\\师姐/\\师姐/\\师姐/\\师姐/\\师姐/"}, {"uid": "15469971", "content": "\\师姐/\\师姐/\\师姐/\\师姐/\\师姐/"}, {"uid": "12864846", "content": "\\师姐/\\师姐/\\师姐/\\师姐/\\师姐/"}, {"uid": "698355368", "content": "\\师姐/\\师姐/\\师姐/\\师姐/\\师姐/"}, {"uid": "12864846", "content": "\\师姐/\\师姐/\\师姐/\\师姐/\\师姐/"}, {"uid": "23015177", "content": "\\师姐/\\师姐/\\师姐/\\师姐/\\师姐/"}, {"uid": "12864846", "content": "\\师姐/\\师姐/\\师姐/\\师姐/\\师姐/"}, {"uid": "7833978", "content": "\\师姐/\\师姐/\\师姐/\\师姐/\\师姐/"}, {"uid": "12864846", "content": "\\师姐/\\师姐/\\师姐/\\师姐/\\师姐/"}, {"uid": "12864846", "content": "\\师姐/\\师姐/\\师姐/\\师姐/\\师姐/"}, {"uid": "12864846", "content": "\\师姐/\\师姐/\\师姐/\\师姐/\\师姐/"}, {"uid": "12864846", "content": "\\师姐/\\师姐/\\师姐/\\师姐/\\师姐/"}, {"uid": "7833978", "content": "\\师姐/\\师姐/\\师姐/\\师姐/\\师姐/"}, {"uid": "18343394", "content": "\\师姐/\\师姐/\\师姐/\\师姐/\\师姐/"}, {"uid": "12864846", "content": "\\师姐/\\师姐/\\师姐/\\师姐/\\师姐/"}, {"uid": "12864846", "content": "\\师姐/\\师姐/\\师姐/\\师姐/\\师姐/"}, {"uid": "13781140", "content": "\\师姐/\\师姐/\\师姐/\\师姐/\\师姐/"}, {"uid": "12864846", "content": "\\师姐/\\师姐/\\师姐/\\师姐/\\师姐/"}, {"uid": "8138686", "content": "\\师姐/\\师姐/\\师姐/\\师姐/\\师姐/"}, {"uid": "7833978", "content": "\\师姐/\\师姐/\\师姐/\\师姐/\\师姐/"}, {"uid": "18343394", "content": "\\师姐/\\师姐/\\师姐/\\师姐/\\师姐/"}, {"uid": "12864846", "content": "\\师姐/\\师姐/\\师姐/\\师姐/\\师姐/"}, {"uid": "7833978", "content": "\\师姐/\\师姐/\\师姐/\\师姐/\\师姐/"}, {"uid": "7833978", "content": "\\师姐/\\师姐/\\师姐/\\师姐/\\师姐/"}, {"uid": "13781140", "content": "\\师姐/\\师姐/\\师姐/\\师姐/\\师姐/"}, {"uid": "7833978", "content": "\\师姐/\\师姐/\\师姐/\\师姐/\\师姐/"}, {"uid": "12864846", "content": "\\师姐/\\师姐/\\师姐/\\师姐/\\师姐/"}, {"uid": "1704410", "content": " \\师姐/\\师姐/\\师姐/\\师姐/\\师姐/"}, {"uid": "698355368", "content": "\\师姐/\\师姐/\\师姐/\\师姐/\\师姐/"}, {"uid": "18343394", "content": "\\师姐/\\师姐/\\师姐/\\师姐/\\师姐/"}, {"uid": "12864846", "content": "\\师姐/\\师姐/\\师姐/\\师姐/\\师姐/"}, {"uid": "7833978", "content": "\\师姐/\\师姐/\\师姐/\\师姐/\\师姐/"}, {"uid": "12864846", "content": "\\师姐/\\师姐/\\师姐/\\师姐/\\师姐/"}, {"uid": "13781140", "content": "\\师姐/\\师姐/\\师姐/\\师姐/\\师姐/"}, {"uid": "12864846", "content": "\\师姐/\\师姐/\\师姐/\\师姐/\\师姐/"}, {"uid": "8138686", "content": "\\师姐/\\师姐/\\师姐/\\师姐/\\师姐/"}, {"uid": "18343394", "content": "\\师姐/\\师姐/\\师姐/\\师姐/\\师姐/"}, {"uid": "7833978", "content": "\\师姐/\\师姐/\\师姐/\\师姐/\\师姐/"}, {"uid": "12864846", "content": "\\师姐/\\师姐/\\师姐/\\师姐/\\师姐/"}, {"uid": "12864846", "content": "\\师姐/\\师姐/\\师姐/\\师姐/\\师姐/"}, {"uid": "12864846", "content": "\\师姐/\\师姐/\\师姐/\\师姐/\\师姐/"}, {"uid": "18343394", "content": "\\师姐/\\师姐/\\师姐/\\师姐/\\师姐/"}, {"uid": "12864846", "content": "\\师姐/\\师姐/\\师姐/\\师姐/\\师姐/"}, {"uid": "7833978", "content": "\\师姐/\\师姐/\\师姐/\\师姐/\\师姐/"}, {"uid": "7833978", "content": "\\师姐/\\师姐/\\师姐/\\师姐/\\师姐/"}, {"uid": "18343394", "content": "\\师姐/\\师姐/\\师姐/\\师姐/\\师姐/"}, {"uid": "12864846", "content": "\\师姐/\\师姐/\\师姐/\\师姐/\\师姐/"}, {"uid": "7833978", "content": "\\师姐/\\师姐/\\师姐/\\师姐/\\师姐/"}, {"uid": "12864846", "content": "\\师姐/\\师姐/\\师姐/\\师姐/\\师姐/"}, {"uid": "13781140", "content": "\\师姐/\\师姐/\\师姐/\\师姐/\\师姐/"}, {"uid": "232931669", "content": "\\师姐/\\师姐/\\师姐/\\师姐/\\师姐/"}, {"uid": "7833978", "content": "\\师姐/\\师姐/\\师姐/\\师姐/\\师姐/"}, {"uid": "698355368", "content": "\\师姐/\\师姐/\\师姐/\\师姐/\\师姐/"}, {"uid": "18343394", "content": "\\师姐/\\师姐/\\师姐/\\师姐/\\师姐/"}, {"uid": "7833978", "content": "\\师姐/\\师姐/\\师姐/\\师姐/\\师姐/"}, {"uid": "7833978", "content": "\\师姐/\\师姐/\\师姐/\\师姐/\\师姐/"}, {"uid": "18343394", "content": "\\师姐/\\师姐/\\师姐/\\师姐/\\师姐/"}, {"uid": "7833978", "content": "\\师姐/\\师姐/\\师姐/\\师姐/\\师姐/"}, {"uid": "7833978", "content": "\\师姐/\\师姐/\\师姐/\\师姐/\\师姐/"}, {"uid": "18343394", "content": "\\师姐/\\师姐/\\师姐/\\师姐/\\师姐/"}, {"uid": "7833978", "content": "\\师姐/\\师姐/\\师姐/\\师姐/\\师姐/"}, {"uid": "18343394", "content": "\\师姐/\\师姐/\\师姐/\\师姐/\\师姐/"}, {"uid": "7833978", "content": "\\师姐/\\师姐/\\师姐/\\师姐/\\师姐/"}, {"uid": "232931669", "content": "\\师姐/\\师姐/\\师姐/\\师姐/\\师姐/"}, {"uid": "698355368", "content": "\\师姐/\\师姐/\\师姐/\\师姐/\\师姐/"}, {"uid": "7833978", "content": "\\师姐/\\师姐/\\师姐/\\师姐/\\师姐/"}, {"uid": "232931669", "content": "\\师姐/\\师姐/\\师姐/\\师姐/\\师姐/"}, {"uid": "18343394", "content": "\\师姐/\\师姐/\\师姐/\\师姐/\\师姐/"}, {"uid": "7833978", "content": "\\师姐/\\师姐/\\师姐/\\师姐/\\师姐/"}, {"uid": "7833978", "content": "\\师姐/\\师姐/\\师姐/\\师姐/\\师姐/"}, {"uid": "7833978", "content": "\\师姐/\\师姐/\\师姐/\\师姐/\\师姐/"}, {"uid": "18343394", "content": "\\师姐/\\师姐/\\师姐/\\师姐/\\师姐/"}, {"uid": "7833978", "content": "\\师姐/\\师姐/\\师姐/\\师姐/\\师姐/"}, {"uid": "698355368", "content": "\\师姐/\\师姐/\\师姐/\\师姐/\\师姐/"}, {"uid": "18343394", "content": "\\师姐/\\师姐/\\师姐/\\师姐/\\师姐/"}, {"uid": "8138686", "content": "\\师姐/\\师姐/\\师姐/\\师姐/\\师姐/"}, {"uid": "13781140", "content": "\\师姐/\\师姐/\\师姐/\\师姐/\\师姐/"}, {"uid": "7833978", "content": "\\师姐/\\师姐/\\师姐/\\师姐/\\师姐/"}, {"uid": "18343394", "content": "\\师姐/\\师姐/\\师姐/\\师姐/\\师姐/"}, {"uid": "7833978", "content": "\\师姐/\\师姐/\\师姐/\\师姐/\\师姐/"}, {"uid": "18343394", "content": "\\师姐/\\师姐/\\师姐/\\师姐/\\师姐/"}, {"uid": "698355368", "content": "\\师姐/\\师姐/\\师姐/\\师姐/\\师姐/"}, {"uid": "232931669", "content": "\\师姐/\\师姐/\\师姐/\\师姐/\\师姐/"}, {"uid": "13781140", "content": "\\师姐/\\师姐/\\师姐/\\师姐/\\师姐/"}, {"uid": "7833978", "content": "\\师姐/\\师姐/\\师姐/\\师姐/\\师姐/"}, {"uid": "8138686", "content": "\\师姐/\\师姐/\\师姐/\\师姐/\\师姐/"}, {"uid": "8138686", "content": "\\师姐/\\师姐/\\师姐/\\师姐/\\师姐/"}, {"uid": "18343394", "content": "\\师姐/\\师姐/\\师姐/\\师姐/\\师姐/"}, {"uid": "7833978", "content": "\\师姐/\\师姐/\\师姐/\\师姐/\\师姐/"}, {"uid": "18343394", "content": "\\师姐/\\师姐/\\师姐/\\师姐/\\师姐/"}, {"uid": "698355368", "content": "\\师姐/\\师姐/\\师姐/\\师姐/\\师姐/"}, {"uid": "8138686", "content": "\\师姐/\\师姐/\\师姐/\\师姐/\\师姐/"}, {"uid": "7833978", "content": "\\师姐/\\师姐/\\师姐/\\师姐/\\师姐/"}, {"uid": "7833978", "content": "\\师姐/\\师姐/\\师姐/\\师姐/\\师姐/"}, {"uid": "18343394", "content": "\\师姐/\\师姐/\\师姐/\\师姐/\\师姐/"}, {"uid": "698355368", "content": "\\师姐/\\师姐/\\师姐/\\师姐/\\师姐/"}, {"uid": "7833978", "content": "\\师姐/\\师姐/\\师姐/\\师姐/\\师姐/"}, {"uid": "13781140", "content": "\\师姐/\\师姐/\\师姐/\\师姐/\\师姐/"}, {"uid": "698355368", "content": "\\师姐/\\师姐/\\师姐/\\师姐/\\师姐/"}, {"uid": "18343394", "content": "\\师姐/\\师姐/\\师姐/\\师姐/\\师姐/"}, {"uid": "698355368", "content": "\\师姐/\\师姐/\\师姐/\\师姐/\\师姐/"}, {"uid": "232931669", "content": "\\师姐/\\师姐/\\师姐/\\师姐/\\师姐/"}, {"uid": "18343394", "content": "\\师姐/\\师姐/\\师姐/\\师姐/\\师姐/"}, {"uid": "8138686", "content": "\\师姐/\\师姐/\\师姐/\\师姐/\\师姐/"}, {"uid": "698355368", "content": "\\师姐/\\师姐/\\师姐/\\师姐/\\师姐/"}, {"uid": "7833978", "content": "\\师姐/\\师姐/\\师姐/\\师姐/\\师姐/"}, {"uid": "18343394", "content": "\\师姐/\\师姐/\\师姐/\\师姐/\\师姐/"}, {"uid": "7833978", "content": "\\师姐/\\师姐/\\师姐/\\师姐/\\师姐/"}, {"uid": "18343394", "content": "\\师姐/\\师姐/\\师姐/\\师姐/\\师姐/"}, {"uid": "13781140", "content": "\\师姐/\\师姐/\\师姐/\\师姐/\\师姐/"}, {"uid": "7833978", "content": "\\师姐/\\师姐/\\师姐/\\师姐/\\师姐/"}, {"uid": "18343394", "content": "\\师姐/\\师姐/\\师姐/\\师姐/\\师姐/"}, {"uid": "698355368", "content": "\\师姐/\\师姐/\\师姐/\\师姐/\\师姐/"}, {"uid": "7833978", "content": "\\师姐/\\师姐/\\师姐/\\师姐/\\师姐/"}, {"uid": "18343394", "content": "\\师姐/\\师姐/\\师姐/\\师姐/\\师姐/"}, {"uid": "18343394", "content": "\\师姐/\\师姐/\\师姐/\\师姐/\\师姐/"}, {"uid": "325384143", "content": "\\师姐/\\师姐/\\师姐/\\师姐/\\师姐/"}, {"uid": "7833978", "content": "\\师姐/\\师姐/\\师姐/\\师姐/\\师姐/"}, {"uid": "8138686", "content": "\\师姐/\\师姐/\\师姐/\\师姐/\\师姐/"}, {"uid": "18343394", "content": "\\师姐/\\师姐/\\师姐/\\师姐/\\师姐/"}, {"uid": "232931669", "content": "\\师姐/\\师姐/\\师姐/\\师姐/\\师姐/"}, {"uid": "13781140", "content": "\\师姐/\\师姐/\\师姐/\\师姐/\\师姐/"}, {"uid": "7833978", "content": "\\师姐/\\师姐/\\师姐/\\师姐/\\师姐/"}, {"uid": "232931669", "content": "\\师姐/\\师姐/\\师姐/\\师姐/\\师姐/"}, {"uid": "698355368", "content": "\\师姐/\\师姐/\\师姐/\\师姐/\\师姐/"}, {"uid": "18343394", "content": "\\师姐/\\师姐/\\师姐/\\师姐/\\师姐/"}, {"uid": "325384143", "content": "\\师姐/\\师姐/\\师姐/\\师姐/\\师姐/"}, {"uid": "232931669", "content": "\\师姐/\\师姐/\\师姐/\\师姐/\\师姐/"}, {"uid": "13781140", "content": "\\师姐/\\师姐/\\师姐/\\师姐/\\师姐/"}, {"uid": "12864846", "content": "\\师姐/\\师姐/\\师姐/\\师姐/\\师姐/"}, {"uid": "8138686", "content": " \\师姐/\\师姐/\\师姐/\\师姐/\\师姐/"}, {"uid": "232931669", "content": "\\师姐/\\师姐/\\师姐/\\师姐/\\师姐/"}, {"uid": "12864846", "content": "\\师姐/\\师姐/\\师姐/\\师姐/\\师姐/"}, {"uid": "15469971", "content": "\\师姐/\\师姐/\\师姐/\\师姐/\\师姐/"}, {"uid": "232931669", "content": "\\师姐/\\师姐/\\师姐/\\师姐/\\师姐/"}, {"uid": "12864846", "content": "\\师姐/\\师姐/\\师姐/\\师姐/\\师姐/"}, {"uid": "232931669", "content": "\\师姐/\\师姐/\\师姐/\\师姐/\\师姐/"}, {"uid": "12864846", "content": "\\师姐/\\师姐/\\师姐/\\师姐/\\师姐/"}, {"uid": "7833978", "content": "\\师姐/\\师姐/\\师姐/\\师姐/\\师姐/"}, {"uid": "232931669", "content": "\\师姐/\\师姐/\\师姐/\\师姐/\\师姐/"}, {"uid": "12864846", "content": "\\师姐/\\师姐/\\师姐/\\师姐/\\师姐/"}, {"uid": "13781140", "content": "\\师姐/\\师姐/\\师姐/\\师姐/\\师姐/"}, {"uid": "12864846", "content": "\\师姐/\\师姐/\\师姐/\\师姐/\\师姐/"}, {"uid": "12864846", "content": "\\师姐/\\师姐/\\师姐/\\师姐/\\师姐/"}, {"uid": "12864846", "content": "\\师姐/\\师姐/\\师姐/\\师姐/\\师姐/"}, {"uid": "7833978", "content": "\\师姐/\\师姐/\\师姐/\\师姐/\\师姐/"}, {"uid": "15469971", "content": "\\师姐/\\师姐/\\师姐/\\师姐/\\师姐/"}, {"uid": "18343394", "content": "\\师姐/\\师姐/\\师姐/\\师姐/\\师姐/"}, {"uid": "232931669", "content": "\\师姐/\\师姐/\\师姐/\\师姐/\\师姐/"}, {"uid": "8138686", "content": "\\师姐/\\师姐/\\师姐/\\师姐/\\师姐/"}, {"uid": "13781140", "content": " \\师姐/\\师姐/\\师姐/\\师姐/\\师姐/"}, {"uid": "232931669", "content": "\\师姐/\\师姐/\\师姐/\\师姐/\\师姐/"}, {"uid": "18343394", "content": "\\师姐/\\师姐/\\师姐/\\师姐/\\师姐/"}, {"uid": "18343394", "content": "\\师姐/\\师姐/\\师姐/\\师姐/\\师姐/"}, {"uid": "232931669", "content": "\\师姐/\\师姐/\\师姐/\\师姐/\\师姐/"}, {"uid": "8138686", "content": "\\师姐/\\师姐/\\师姐/\\师姐/\\师姐/"}, {"uid": "18343394", "content": "\\师姐/\\师姐/\\师姐/\\师姐/\\师姐/"}, {"uid": "13781140", "content": "\\师姐/\\师姐/\\师姐/\\师姐/\\师姐/"}, {"uid": "18343394", "content": "\\师姐/\\师姐/\\师姐/\\师姐/\\师姐/"}, {"uid": "18343394", "content": "\\师姐/\\师姐/\\师姐/\\师姐/\\师姐/"}, {"uid": "18343394", "content": "\\师姐/\\师姐/\\师姐/\\师姐/\\师姐/"}, {"uid": "18343394", "content": "\\师姐/\\师姐/\\师姐/\\师姐/\\师姐/"}, {"uid": "13781140", "content": "\\师姐/\\师姐/\\师姐/\\师姐/\\师姐/"}, {"uid": "18343394", "content": "\\师姐/\\师姐/\\师姐/\\师姐/\\师姐/"}, {"uid": "18343394", "content": "\\师姐/\\师姐/\\师姐/\\师姐/\\师姐/"}, {"uid": "18343394", "content": "\\师姐/\\师姐/\\师姐/\\师姐/\\师姐/"}, {"uid": "7833978", "content": "\\师姐/\\师姐/\\师姐/\\师姐/\\师姐/"}, {"uid": "18343394", "content": "\\师姐/\\师姐/\\师姐/\\师姐/\\师姐/"}, {"uid": "18343394", "content": "\\师姐/\\师姐/\\师姐/\\师姐/\\师姐/"}, {"uid": "7833978", "content": "\\师姐/\\师姐/\\师姐/\\师姐/\\师姐/"}, {"uid": "18343394", "content": "\\师姐/\\师姐/\\师姐/\\师姐/\\师姐/"}, {"uid": "13781140", "content": "\\师姐/\\师姐/\\师姐/\\师姐/\\师姐/"}, {"uid": "18343394", "content": "\\师姐/\\师姐/\\师姐/\\师姐/\\师姐/"}, {"uid": "18343394", "content": "\\师姐/\\师姐/\\师姐/\\师姐/\\师姐/"}, {"uid": "7833978", "content": "\\师姐/\\师姐/\\师姐/\\师姐/\\师姐/"}, {"uid": "8138686", "content": "\\师姐/\\师姐/\\师姐/\\师姐/\\师姐/"}, {"uid": "18343394", "content": "\\师姐/\\师姐/\\师姐/\\师姐/\\师姐/"}, {"uid": "7833978", "content": "\\师姐/\\师姐/\\师姐/\\师姐/\\师姐/"}, {"uid": "12864846", "content": "\\师姐/\\师姐/\\师姐/\\师姐/\\师姐/"}, {"uid": "18343394", "content": "\\师姐/\\师姐/\\师姐/\\师姐/\\师姐/"}, {"uid": "698355368", "content": "\\师姐/\\师姐/\\师姐/\\师姐/\\师姐/"}, {"uid": "325384143", "content": "\\师姐/\\师姐/\\师姐/\\师姐/\\师姐/"}, {"uid": "13781140", "content": "\\师姐/\\师姐/\\师姐/\\师姐/\\师姐/"}, {"uid": "18343394", "content": "\\师姐/\\师姐/\\师姐/\\师姐/\\师姐/"}, {"uid": "7833978", "content": "\\师姐/\\师姐/\\师姐/\\师姐/\\师姐/"}, {"uid": "325384143", "content": "\\师姐/\\师姐/\\师姐/\\师姐/\\师姐/"}, {"uid": "7833978", "content": "\\师姐/\\师姐/\\师姐/\\师姐/\\师姐/"}, {"uid": "7833978", "content": "\\师姐/\\师姐/\\师姐/\\师姐/\\师姐/"}, {"uid": "18343394", "content": "\\师姐/\\师姐/\\师姐/\\师姐/\\师姐/"}, {"uid": "18343394", "content": "\\师姐/\\师姐/\\师姐/\\师姐/\\师姐/"}, {"uid": "18343394", "content": "\\师姐/\\师姐/\\师姐/\\师姐/\\师姐/"}, {"uid": "18343394", "content": "\\师姐/\\师姐/\\师姐/\\师姐/\\师姐/"}, {"uid": "698355368", "content": "\\师姐/\\师姐/\\师姐/\\师姐/\\师姐/"}, {"uid": "12864846", "content": "\\师姐/\\师姐/\\师姐/\\师姐/\\师姐/"}, {"uid": "18343394", "content": "\\师姐/\\师姐/\\师姐/\\师姐/\\师姐/"}, {"uid": "12864846", "content": "\\师姐/\\师姐/\\师姐/\\师姐/\\师姐/"}, {"uid": "12864846", "content": "\\师姐/\\师姐/\\师姐/\\师姐/\\师姐/"}, {"uid": "12864846", "content": "\\师姐/\\师姐/\\师姐/\\师姐/\\师姐/"}, {"uid": "18343394", "content": "\\师姐/\\师姐/\\师姐/\\师姐/\\师姐/"}, {"uid": "13781140", "content": "\\师姐/\\师姐/\\师姐/\\师姐/\\师姐/"}, {"uid": "232931669", "content": "\\师姐/\\师姐/\\师姐/\\师姐/\\师姐/"}, {"uid": "7833978", "content": "\\师姐/\\师姐/\\师姐/\\师姐/\\师姐/"}, {"uid": "7833978", "content": "\\师姐/\\师姐/\\师姐/\\师姐/\\师姐/"}, {"uid": "232931669", "content": "\\师姐/\\师姐/\\师姐/\\师姐/\\师姐/"}, {"uid": "18343394", "content": "\\师姐/\\师姐/\\师姐/\\师姐/\\师姐/"}, {"uid": "232931669", "content": "\\师姐/\\师姐/\\师姐/\\师姐/\\师姐/"}, {"uid": "7833978", "content": "\\师姐/\\师姐/\\师姐/\\师姐/\\师姐/"}, {"uid": "13781140", "content": "\\师姐/\\师姐/\\师姐/\\师姐/\\师姐/"}, {"uid": "325384143", "content": "\\师姐/\\师姐/\\师姐/\\师姐/\\师姐/"}, {"uid": "232931669", "content": "\\师姐/\\师姐/\\师姐/\\师姐/\\师姐/"}, {"uid": "18343394", "content": "\\师姐/\\师姐/\\师姐/\\师姐/\\师姐/"}, {"uid": "1704410", "content": " \\师姐/\\师姐/\\师姐/\\师姐/\\师姐/"}, {"uid": "18343394", "content": "\\师姐/\\师姐/\\师姐/\\师姐/\\师姐/"}, {"uid": "18343394", "content": "\\师姐/\\师姐/\\师姐/\\师姐/\\师姐/"}, {"uid": "7833978", "content": "\\师姐/\\师姐/\\师姐/\\师姐/\\师姐/"}, {"uid": "325384143", "content": "\\师姐/\\师姐/\\师姐/\\师姐/\\师姐/"}, {"uid": "18343394", "content": "\\师姐/\\师姐/\\师姐/\\师姐/\\师姐/"}, {"uid": "18343394", "content": "\\师姐/\\师姐/\\师姐/\\师姐/\\师姐/"}]