[{"uid": "7833978", "content": "拜拜拜拜"}, {"uid": "193271645", "content": "88"}, {"uid": "698355368", "content": "师姐拜拜"}, {"uid": "8526068", "content": "白白~"}, {"uid": "1704410", "content": "8888"}, {"uid": "18343394", "content": "拜拜拜拜"}, {"uid": "552461", "content": "拜拜"}, {"uid": "18343394", "content": "关掉关掉一定要关掉"}, {"uid": "18343394", "content": "笑死"}, {"uid": "7833978", "content": "你真快啊"}, {"uid": "7833978", "content": "天堂"}, {"uid": "8138686", "content": "师姐突击偷袭我！"}, {"uid": "698355368", "content": "生气下播.jpg"}, {"uid": "65240577", "content": "打开"}, {"uid": "28481187", "content": "探头"}, {"uid": "1704410", "content": "？？？"}, {"uid": "7833978", "content": "你跑完了？"}, {"uid": "18343394", "content": "亿亿会"}, {"uid": "205072", "content": "积极加班，员工楷模"}, {"uid": "7833978", "content": "亿会"}, {"uid": "51170866", "content": "(〜￣△￣)〜"}, {"uid": "51170866", "content": "不到12点都是早"}, {"uid": "108360811", "content": "比我还勤奋"}, {"uid": "108360811", "content": "师姐不下班吗"}, {"uid": "108360811", "content": "都快12丶了"}, {"uid": "51170866", "content": "早啊"}, {"uid": "108360811", "content": "师妹都老了的时候，师姐还是年轻的"}, {"uid": "7833978", "content": "原地回城？"}, {"uid": "108360811", "content": "突然想到一个问题"}, {"uid": "18343394", "content": "再喝一口逃离地球的票不用买了"}, {"uid": "7833978", "content": "再喝一口以毒攻毒吧"}, {"uid": "18343394", "content": "跑路了跑路了"}, {"uid": "18343394", "content": "我的肚子反应过来那口酸咖啡了"}, {"uid": "278467101", "content": "老好听了"}, {"uid": "33027049", "content": "师姐音域保守估计三个八度起步"}, {"uid": "552461", "content": "好家伙"}, {"uid": "18343394", "content": "好家伙"}, {"uid": "28481187", "content": "好听"}, {"uid": "275970795", "content": "有点东西"}, {"uid": "28481187", "content": "握住我的抱枕"}, {"uid": "275970795", "content": "这嗓子  "}, {"uid": "698355368", "content": "整活带师"}, {"uid": "12864846", "content": "这个oh↑"}, {"uid": "12864846", "content": "hhhhhhhhhh"}, {"uid": "12864846", "content": "笑死"}, {"uid": "18343394", "content": "？？？？"}, {"uid": "1704410", "content": "不妙的吟唱"}, {"uid": "18343394", "content": "笑死"}, {"uid": "18343394", "content": "这样对吧"}, {"uid": "18343394", "content": "有烧零麻"}, {"uid": "108360811", "content": "所以师姐是零还一"}, {"uid": "18343394", "content": "零眼旁观，一言难尽"}, {"uid": "7833978", "content": "太草了"}, {"uid": "18343394", "content": "零琅满目 无处可逃"}, {"uid": "75876482", "content": "？？？"}, {"uid": "205072", "content": "我看不懂，但大受震撼"}, {"uid": "1704410", "content": "烧中饭去了，拜拜"}, {"uid": "32042454", "content": "笑死"}, {"uid": "108360811", "content": "别念了师傅"}, {"uid": "2737171", "content": "？？？？"}, {"uid": "28481187", "content": "？？？"}, {"uid": "698355368", "content": "？？？"}, {"uid": "18343394", "content": "？？？"}, {"uid": "7833978", "content": "？？？"}, {"uid": "18343394", "content": "笑死怎么可能有南通"}, {"uid": "108360811", "content": "直播间全是南通"}, {"uid": "205072", "content": "好怪哦"}, {"uid": "32042454", "content": "笑死"}, {"uid": "205072", "content": "什么叫处处零"}, {"uid": "32042454", "content": "其实也还好诶！韵脚好多都能对上！"}, {"uid": "32042454", "content": "处处0（不）"}, {"uid": "18343394", "content": "请欣赏诗朗诵  朗读者白怜"}, {"uid": "7833978", "content": "不愧是你"}, {"uid": "7833978", "content": "好家伙"}, {"uid": "18343394", "content": "麻了"}, {"uid": "18343394", "content": "刚刚喝了一大口酸了的咖啡"}, {"uid": "18343394", "content": "好家伙"}, {"uid": "32042454", "content": "Love is open door↑"}, {"uid": "18343394", "content": "并且很熟练"}, {"uid": "28481187", "content": "prprprpr"}, {"uid": "18343394", "content": "但是你可以唱两句吸我们脑髓几次"}, {"uid": "33027049", "content": "prprprpr "}, {"uid": "28481187", "content": "喜欢你    邓紫棋"}, {"uid": "205072", "content": "什么还有婚纱"}, {"uid": "23048148", "content": "好康的"}, {"uid": "108360811", "content": "想看可以去我动态看"}, {"uid": "108360811", "content": "师姐的婚纱图我发我动态了"}, {"uid": "23048148", "content": "这个视频我看过啦"}, {"uid": "108360811", "content": "问师姐背刺多少师妹了"}, {"uid": "108360811", "content": "请问这是师妹收割机的直播间吗"}, {"uid": "18343394", "content": "？？？？"}, {"uid": "18343394", "content": "白一首上线了"}, {"uid": "1704410", "content": "阿紫阿婆们"}, {"uid": "32042454", "content": "红豆哒！"}, {"uid": "32042454", "content": "哈哈哈没有！当然要这么叫！！"}, {"uid": "5947555", "content": "是鸟"}, {"uid": "1704410", "content": "青鸟？"}, {"uid": "205072", "content": "阿兹阿婆嗯"}, {"uid": "108360811", "content": "不是啊紫是卡兹！"}, {"uid": "18343394", "content": "啊婆次得？"}, {"uid": "32042454", "content": "不是单词desu"}, {"uid": "18343394", "content": "阿巴阿巴？"}, {"uid": "5947555", "content": "读字母吧"}, {"uid": "32042454", "content": "啊 啊"}, {"uid": "18343394", "content": "笑死"}, {"uid": "5947555", "content": "师姐为什么要记住这首歌啊"}, {"uid": "1704410", "content": "单个念"}, {"uid": "47706557", "content": "那来一首我在东北玩泥巴吧"}, {"uid": "18343394", "content": "唱的那么熟练你到底循环了多少遍阿"}, {"uid": "28481187", "content": "菜师姐.job"}, {"uid": "18343394", "content": "师姐日常丈育"}, {"uid": "698355368", "content": "师姐:奇怪的技能增加了"}, {"uid": "108360811", "content": "我是不是在异闻带！师姐居然说话了"}, {"uid": "47706557", "content": "多才多艺的师姐.jpg"}, {"uid": "108360811", "content": "师姐居然能说话了！"}, {"uid": "2737171", "content": "好家伙"}, {"uid": "32042454", "content": "师姐狂笑"}, {"uid": "5947555", "content": "？？？？"}, {"uid": "28481187", "content": "爷青回"}, {"uid": "18343394", "content": "好家伙"}, {"uid": "205072", "content": "好像在我不是药神播过？"}, {"uid": "33027049", "content": "听过"}, {"uid": "18343394", "content": "就是那种很耳熟但就是想不起来那种"}, {"uid": "28481187", "content": "听过"}, {"uid": "1842443", "content": "没听过  我只听过hop"}, {"uid": "18343394", "content": "很耳熟"}, {"uid": "18343394", "content": "笑死"}, {"uid": "5947555", "content": "哈哈哈哈哈"}, {"uid": "205072", "content": "印度语也会"}, {"uid": "18343394", "content": "好家伙"}, {"uid": "15556667", "content": "年龄上来了"}, {"uid": "28481187", "content": "爷青回"}, {"uid": "15556667", "content": "上来了"}, {"uid": "5947555", "content": "师姐这么晃的时候让咱想起了金轮"}, {"uid": "1842443", "content": "《 我的心里只有你没有他》"}, {"uid": "28481187", "content": "没关注的小伙伴可以顺手点个关注哦"}, {"uid": "1842443", "content": "师姐扭脖子的时候好魔性"}, {"uid": "1842443", "content": "圣疗术.jpg"}, {"uid": "28481187", "content": "好听"}, {"uid": "39096217", "content": "hahaha"}, {"uid": "23048148", "content": "她可不是乱唱的啊，是有备而来"}, {"uid": "32042454", "content": "师姐好会唱！！！！"}, {"uid": "28481187", "content": "好听"}, {"uid": "159538304", "content": "好汀"}, {"uid": "28481187", "content": "prprprpr"}, {"uid": "39096217", "content": "好听~"}, {"uid": "205072", "content": "TQL"}, {"uid": "23048148", "content": "上班啦！！"}, {"uid": "28481187", "content": "好耶"}, {"uid": "18343394", "content": "ns"}, {"uid": "18343394", "content": "不应该叫SN嘛"}, {"uid": "12864846", "content": "丈育了"}, {"uid": "205072", "content": "一般叫NS"}, {"uid": "1704410", "content": "没问题"}, {"uid": "28481187", "content": "switch"}, {"uid": "18343394", "content": "师姐牌双缸发动机"}, {"uid": "7833978", "content": "干什么干什么"}, {"uid": "28481187", "content": "再飞行"}, {"uid": "2737171", "content": "狗金毛"}, {"uid": "2737171", "content": "淦"}, {"uid": "698355368", "content": "师姐开始吸脑髓了，爷青回"}, {"uid": "7833978", "content": "笑死"}, {"uid": "18343394", "content": "唱 唱什么呀"}, {"uid": "12864846", "content": "开始吃中午饭了，舔舐脑髓"}, {"uid": "39096217", "content": "复读姬"}, {"uid": "7833978", "content": "一首凉凉送给周末加班的师妹们"}, {"uid": "12864846", "content": "唱咩呀"}, {"uid": "28481187", "content": "大喜"}, {"uid": "1842443", "content": "你知道什么是当当当当当吗"}, {"uid": "698355368", "content": "rua！"}, {"uid": "39096217", "content": "咩！~！"}, {"uid": "18343394", "content": "嗷～～～"}, {"uid": "18343394", "content": "嚯～～～"}, {"uid": "12505357", "content": "哈～"}, {"uid": "18343394", "content": "哈～～～～"}, {"uid": "1704410", "content": "开幕雷击"}, {"uid": "28481187", "content": "是那～"}, {"uid": "18343394", "content": "是谁送你来到我身边"}, {"uid": "28481187", "content": "泪目！爷青结"}, {"uid": "18343394", "content": "嚯哈嚯哈"}, {"uid": "698355368", "content": "只能说一模一样"}, {"uid": "7833978", "content": "你还说你不会"}, {"uid": "2737171", "content": "你也开始了是么"}, {"uid": "28481187", "content": "师姐出声了"}, {"uid": "2737171", "content": "笑死"}, {"uid": "28481187", "content": "震惊"}, {"uid": "39096217", "content": "哈~!"}, {"uid": "7833978", "content": "？？？"}, {"uid": "18343394", "content": "现场版"}, {"uid": "18343394", "content": "笑死"}, {"uid": "1842443", "content": "师姐 清楚限定版"}, {"uid": "39096217", "content": "师姐每天一定要开开心心的啊"}, {"uid": "2737171", "content": "可不么"}, {"uid": "1842443", "content": "看把孩子乐的"}, {"uid": "18343394", "content": "我都PTSD了"}, {"uid": "698355368", "content": "？"}, {"uid": "39096217", "content": "哈哈哈哈哈哈"}, {"uid": "7833978", "content": "笑死"}, {"uid": "18343394", "content": "又开盲盒？"}, {"uid": "7833978", "content": "？？？"}, {"uid": "12505357", "content": "师姐早上好呀"}, {"uid": "39096217", "content": "师姐~"}, {"uid": "1842443", "content": "摇起来了"}, {"uid": "39096217", "content": "好看~"}, {"uid": "245760755", "content": "啊"}, {"uid": "1842443", "content": "肘  师姐跟我肘"}, {"uid": "18343394", "content": "金毛你走阿"}, {"uid": "39096217", "content": "哈哈哈"}, {"uid": "39096217", "content": "师姐摇起来了好耶~"}, {"uid": "28481187", "content": "拆家"}, {"uid": "18343394", "content": "开始同步"}, {"uid": "696912131", "content": "（￣▽￣）"}, {"uid": "12864846", "content": "笑死"}, {"uid": "12864846", "content": "拆家"}, {"uid": "36946401", "content": "(⌒▽⌒)"}, {"uid": "39096217", "content": "哈哈哈"}, {"uid": "12864846", "content": "BGM逐渐缺德了起来"}, {"uid": "18343394", "content": "一看就是惯犯"}, {"uid": "12864846", "content": "叼着人家手机跑了"}, {"uid": "18343394", "content": "手法娴熟"}, {"uid": "12864846", "content": "这个鸵鸟笑死"}, {"uid": "18343394", "content": "笑死"}, {"uid": "39096217", "content": "我不行了"}, {"uid": "39096217", "content": "哈哈哈哈哈哈"}, {"uid": "12864846", "content": "hhhhhh"}, {"uid": "18343394", "content": "笑死"}, {"uid": "39096217", "content": "hahahah"}, {"uid": "12864846", "content": "看这个我要笑死了"}, {"uid": "12864846", "content": "hhhhhhh"}, {"uid": "18343394", "content": "指鹿为妈"}, {"uid": "39096217", "content": "哈哈哈"}, {"uid": "39096217", "content": "哈哈哈"}, {"uid": "18343394", "content": "笑死"}, {"uid": "18343394", "content": "顺拐"}, {"uid": "28481187", "content": "虽然师姐设开麦，但可以看出她笑的很开心"}, {"uid": "39096217", "content": "摇来摇去"}, {"uid": "18343394", "content": "娴熟"}, {"uid": "39096217", "content": "喜欢看师姐摇"}, {"uid": "18343394", "content": "推拿哈师傅"}, {"uid": "33514257", "content": "摇起来了"}, {"uid": "205072", "content": "有开，听到她绷不住了"}, {"uid": "18343394", "content": "师姐没开麦哦"}, {"uid": "18343394", "content": "笑死"}, {"uid": "18343394", "content": "牛步"}, {"uid": "12431278", "content": "古德"}, {"uid": "205072", "content": "好家伙，自习室外放沙雕视频"}, {"uid": "28481187", "content": "这是要刷b站？"}, {"uid": "18343394", "content": "直接沙雕视频还行"}, {"uid": "39096217", "content": "hahaha"}, {"uid": "18343394", "content": "好家伙"}, {"uid": "12864846", "content": "笑死"}, {"uid": "28481187", "content": "接着prprprpr师姐"}, {"uid": "28481187", "content": "早上好"}, {"uid": "35879120", "content": "早上好，刚起床"}, {"uid": "698355368", "content": "唔，谢谢师姐"}, {"uid": "12864846", "content": "是我们要凿洞逃跑"}, {"uid": "18343394", "content": "玩直接把你船凿沉"}, {"uid": "18343394", "content": "笑死"}, {"uid": "7833978", "content": "多累决定了今晚能远航多远"}, {"uid": "28481187", "content": "师姐还找折磨人的Ppt"}, {"uid": "13987308", "content": "早！！！"}, {"uid": "8526068", "content": "师姐早上好"}, {"uid": "28481187", "content": "师姐爱的鞭挞.job"}, {"uid": "698355368", "content": "灰灰头绝对已经被记在小本本上了"}, {"uid": "28481187", "content": "伤心心"}, {"uid": "1457515", "content": "今天怎麼這麼早？"}, {"uid": "357637145", "content": "⊙∀⊙！"}, {"uid": "12864846", "content": "我还以为师姐会玩ow的"}, {"uid": "5947555", "content": "师姐早啊"}, {"uid": "28481187", "content": "什么叫道德:无.job"}, {"uid": "1457515", "content": "大姐頭嘛，折磨妹正常的（￣▽￣）"}, {"uid": "108360811", "content": "你滴，开播，良民滴干活"}, {"uid": "1457515", "content": "哈哈哈哈哈，就沒一個正面的嗎？（￣▽￣）"}, {"uid": "1457515", "content": "哈哈哈，被烏雲覆蓋可還行"}, {"uid": "28481187", "content": "师姐，我滴雷雨天.job"}, {"uid": "1457515", "content": "大姐頭吃早餐沒？（￣▽￣）"}, {"uid": "108360811", "content": "只从看了师姐我觉得我的世界被乌云覆盖了"}, {"uid": "28481187", "content": "趁没人prprprpr师姐"}, {"uid": "12864846", "content": "（狗头）"}, {"uid": "437450945", "content": "懂了"}, {"uid": "437450945", "content": "右下角是什么鬼啊哈哈哈哈哈哈哈哈哈哈哈"}, {"uid": "28481187", "content": "找刑具.job"}, {"uid": "28481187", "content": "_(:3」∠)_"}, {"uid": "28481187", "content": "单推人.job"}, {"uid": "547076075", "content": "一个个这么好看，单推+1"}, {"uid": "226964539", "content": "早上好师姐"}, {"uid": "12864846", "content": "xp过于奇怪"}, {"uid": "28481187", "content": "诸位对这个屑师姐不心动吗.job"}, {"uid": "28481187", "content": "随机抽取一名舰长进行社死"}, {"uid": "4151632", "content": "Wwwww"}, {"uid": "28481187", "content": "六点"}, {"uid": "552461", "content": "只是操作不来"}, {"uid": "402409856", "content": "几点开始"}, {"uid": "552461", "content": "我来看"}, {"uid": "552461", "content": "不来就折磨"}, {"uid": "402409856", "content": "几点开始啊我来抢个头位"}, {"uid": "28481187", "content": "师姐果然黑切黑"}, {"uid": "28481187", "content": "折磨！"}, {"uid": "402409856", "content": "我觉的我都能用师姐的经历写成小说了"}, {"uid": "402409856", "content": "现在功力大涨"}, {"uid": "402409856", "content": "师姐刚吃了仙桃"}, {"uid": "698355368", "content": "哈哈哈，师姐次了没？"}, {"uid": "402409856", "content": "师姐什么时候用剑了师姐把枪收一下有话好说"}, {"uid": "23950541", "content": "噔！"}, {"uid": "28481187", "content": "上的剑收起来吗"}, {"uid": "28481187", "content": "师姐是个好人.job师姐可以把架在我脖子"}, {"uid": "402409856", "content": "师姐我们最好了"}, {"uid": "402409856", "content": "好"}, {"uid": "108360811", "content": "了解了师姐之后：师妹收割机"}, {"uid": "402409856", "content": "第二眼呢楼上的仁兄"}, {"uid": "108360811", "content": "熟悉了一段时间后：南通直播间"}, {"uid": "40596208", "content": "还用什么御剑飞行啊"}, {"uid": "108360811", "content": "第一次看师姐的印象：道韵"}, {"uid": "40596208", "content": "传送魔法"}, {"uid": "402409856", "content": "扎心了师姐"}, {"uid": "40596208", "content": "？"}, {"uid": "28481187", "content": "这个月还没到吃土的时候！所以我拒绝"}, {"uid": "2737171", "content": "从零开始种植桃树"}, {"uid": "402409856", "content": "如何在御剑飞行中光速飞行还能保持身体平衡"}, {"uid": "108360811", "content": "我要和师姐结婚。JPG"}, {"uid": "2737171", "content": "张嘴，直接喂你桃子太便宜你了，先吃土"}, {"uid": "28481187", "content": "笑死，这就种桃树"}, {"uid": "402409856", "content": "师姐中了我的葵花点穴手12时辰都说不了话"}, {"uid": "28481187", "content": "大家学废了吗"}, {"uid": "28481187", "content": "（￣▽￣）"}, {"uid": "28481187", "content": "所以师姐和我结婚吧！你不回答我就当默认了"}, {"uid": "402409856", "content": "不用假装了师姐真是说不了话"}, {"uid": "28481187", "content": "就可以当师姐默认"}, {"uid": "28481187", "content": "旁边的回复"}, {"uid": "552461", "content": "不懂就问，御剑飞行如何在高空保持发型"}, {"uid": "28481187", "content": "师姐不说话，就无法拒绝！只要我假装看不到"}, {"uid": "402409856", "content": "高情商呢雷兄"}, {"uid": "28481187", "content": "我悟了！"}, {"uid": "23950541", "content": "低情商：摸鱼混时长"}, {"uid": "28481187", "content": "师姐疲懒限定.job"}, {"uid": "1624418", "content": "师姐麦坏啦？"}, {"uid": "28481187", "content": "师姐的迷之突击.job"}, {"uid": "1624418", "content": "早上好"}, {"uid": "108360811", "content": "哦，都是魂魄，那没事了"}, {"uid": "12046530", "content": "大师姐~早安喵~"}, {"uid": "108360811", "content": "但是我我们没有看见大家"}, {"uid": "13638707", "content": "怎么一大清早在直播"}, {"uid": "18154089", "content": "不会说话"}, {"uid": "402409856", "content": "(～￣△￣)～"}, {"uid": "23950541", "content": "劝你惊言慎行好像动了"}, {"uid": "108360811", "content": "师姐是爱大家的，师姐向大家交换戒指了"}, {"uid": "23015177", "content": "笑死，劝你，好自为之"}, {"uid": "28481187", "content": "离谱"}, {"uid": "23950541", "content": "啊这"}, {"uid": "552461", "content": "离谱"}, {"uid": "402409856", "content": "众所周知师姐的那个肾不太好"}, {"uid": "23015177", "content": "笑死"}, {"uid": "28516025", "content": "切前列腺的那个就离谱。"}, {"uid": "28481187", "content": "她谢我了，她心里有我.job"}, {"uid": "23015177", "content": "？"}, {"uid": "108360811", "content": "老板糊涂"}, {"uid": "402409856", "content": "师姐应该切前列线"}, {"uid": "28516025", "content": "老板糊涂啊！"}, {"uid": "28481187", "content": "～(￣▽￣～)"}, {"uid": "7833978", "content": "？？？"}, {"uid": "402409856", "content": "我发动速攻魔法卡超融合"}, {"uid": "552461", "content": "笑死，根本切不开"}, {"uid": "2737171", "content": "表里如一好吧，道德无"}, {"uid": "355395159", "content": "这模型好漂亮"}, {"uid": "28516025", "content": "我负责抢绑架犯。"}, {"uid": "2737171", "content": "笑死，师姐有什么切的必要么？"}, {"uid": "28481187", "content": "我负责抢小白怜.job"}, {"uid": "2737171", "content": "醒醒，那是对面场的，你需要超融合"}, {"uid": "108360811", "content": "别人都是白切黑粉切黑，师姐是黑切黑"}, {"uid": "524947577", "content": "无声直播间 i了"}, {"uid": "402409856", "content": "师姐一定是被人持劫了大家快去把师姐抢回来"}, {"uid": "108360811", "content": "师姐是黑切黑"}, {"uid": "28516025", "content": "现金，你场上的王炸，召唤出我最强的仆人。"}, {"uid": "28516025", "content": "黑红渐变岂不是更香？"}, {"uid": "402409856", "content": "4个2加4个1"}, {"uid": "23015177", "content": "？这点牌都给你算计完了"}, {"uid": "12864846", "content": "要不起"}, {"uid": "108360811", "content": "师妹全被背刺了"}, {"uid": "2737171", "content": "红的，师妹的血染红的"}, {"uid": "108360811", "content": "白色的，让师妹的血染红了"}, {"uid": "402409856", "content": "师姐什么时候染个红毛了"}, {"uid": "28516025", "content": "师姐穿的话应该是红色的嫁衣吧。"}, {"uid": "28481187", "content": "是道德无.job"}, {"uid": "108360811", "content": "全是师妹染红的"}, {"uid": "12864846", "content": "人不能至少不该"}, {"uid": "14060494", "content": "大师姐？是那位天生圣人吗？"}, {"uid": "12864846", "content": "笑死"}, {"uid": "28481187", "content": "那抱走小白怜也行"}, {"uid": "108360811", "content": "然后师姐就会让你知道为什么师姐婚纱是红的"}, {"uid": "20280814", "content": "早啊"}, {"uid": "12864846", "content": "反手就是一刀"}, {"uid": "28516025", "content": "有这种好事，代仓鼠一个，谢谢！"}, {"uid": "23015177", "content": "师姐不迷糊并反手给了你一拳"}, {"uid": "28481187", "content": "不如趁师姐迷糊偷偷抱走"}, {"uid": "28516025", "content": "那颗泪痣好漂亮啊！"}, {"uid": "108360811", "content": "你看师姐一副睡不醒的鸭子"}, {"uid": "28481187", "content": "在大家心里.job"}, {"uid": "28481187", "content": "prprprpr不说话的师姐也很可爱"}, {"uid": "108360811", "content": "拜拜，师姐，我是单推白怜去了"}, {"uid": "28516025", "content": "个人倒是喜欢肉夹馍配碗面。"}, {"uid": "12864846", "content": "早茶我也想喝，现在还不能堂食，没法去"}, {"uid": "2737171", "content": "可惜没时间"}, {"uid": "174539645", "content": "刚醒，还想再睡一觉"}, {"uid": "2737171", "content": "m记早餐还行，但是个人来说更想去喝早茶"}, {"uid": "12864846", "content": "重温一遍"}, {"uid": "12864846", "content": "在看哈利波特"}, {"uid": "108360811", "content": "师姐一副没有睡醒的样子"}, {"uid": "552461", "content": "早"}, {"uid": "232931669", "content": "言寺终于赶上了ohhhh"}, {"uid": "12864846", "content": "好久没吃M记了"}, {"uid": "23015177", "content": "师姐早上好！！我赶上突击勒！！！！"}, {"uid": "174539645", "content": "师姐早上好"}, {"uid": "18343394", "content": "就吃了两根"}, {"uid": "28516025", "content": "师姐早上好"}, {"uid": "187698813", "content": "师姐早呀"}, {"uid": "2737171", "content": "过期了还行"}, {"uid": "18343394", "content": "别通宵慢慢调阿"}, {"uid": "18343394", "content": "笑死"}, {"uid": "28481187", "content": "笑死"}, {"uid": "2737171", "content": "笑死"}, {"uid": "1704410", "content": "拜拜，继续睡觉去了"}, {"uid": "1704410", "content": "自习室？"}, {"uid": "108360811", "content": "也可以"}, {"uid": "108360811", "content": "我什么时候也记忆像师姐那样一顿饭吃一小时"}, {"uid": "25629042", "content": "草"}, {"uid": "18343394", "content": "好的慢慢吃"}, {"uid": "232931669", "content": "好家伙"}, {"uid": "18343394", "content": "冲冲冲"}, {"uid": "18343394", "content": "还是紧张刺激的ow"}, {"uid": "18343394", "content": "模拟人生捏人？天际线？"}, {"uid": "18343394", "content": "要玩什么麻"}, {"uid": "108360811", "content": "早上上班突击，罕见"}, {"uid": "702740334", "content": "早上罕见"}, {"uid": "2737171", "content": "早啊"}, {"uid": "2737171", "content": "好家伙，突击了"}, {"uid": "21542346", "content": "早"}, {"uid": "108360811", "content": "溜了溜了"}, {"uid": "108360811", "content": "有这种事？"}, {"uid": "108360811", "content": "来了来了"}, {"uid": "18343394", "content": "早上好"}, {"uid": "12864846", "content": "早上好师姐"}, {"uid": "32407926", "content": "早安我的小师妹们"}, {"uid": "8138686", "content": "\\师姐/\\师姐/\\师姐/\\师姐/"}, {"uid": "698355368", "content": "\\师姐/\\师姐/\\师姐/\\师姐/\\师姐/"}, {"uid": "18343394", "content": "\\师姐/\\师姐/\\师姐/\\师姐/"}, {"uid": "18343394", "content": "\\师姐/\\师姐/\\师姐/\\师姐/"}, {"uid": "18343394", "content": "\\师姐/\\师姐/\\师姐/\\师姐/"}, {"uid": "698355368", "content": "\\师姐/\\师姐/\\师姐/\\师姐/\\师姐/"}, {"uid": "18343394", "content": "\\师姐/\\师姐/\\师姐/\\师姐/"}, {"uid": "18343394", "content": "\\师姐/\\师姐/\\师姐/\\师姐/"}, {"uid": "18343394", "content": "\\师姐/\\师姐/\\师姐/\\师姐/"}, {"uid": "698355368", "content": "\\师姐/\\师姐/\\师姐/\\师姐/\\师姐/"}, {"uid": "18343394", "content": "\\师姐/\\师姐/\\师姐/\\师姐/"}, {"uid": "7833978", "content": "\\师姐/\\师姐/\\师姐/\\师姐/\\师姐/"}, {"uid": "18343394", "content": "\\师姐/\\师姐/\\师姐/\\师姐/"}, {"uid": "18343394", "content": "\\师姐/\\师姐/\\师姐/\\师姐/"}, {"uid": "18343394", "content": "\\师姐/\\师姐/\\师姐/\\师姐/"}, {"uid": "18343394", "content": "\\师姐/\\师姐/\\师姐/\\师姐/"}, {"uid": "18343394", "content": "\\师姐/\\师姐/\\师姐/\\师姐/"}, {"uid": "7833978", "content": "\\师姐/\\师姐/\\师姐/\\师姐/\\师姐/"}, {"uid": "18343394", "content": "\\师姐/\\师姐/\\师姐/\\师姐/"}, {"uid": "18343394", "content": "\\师姐/\\师姐/\\师姐/\\师姐/"}, {"uid": "1704410", "content": " \\师姐/\\师姐/\\师姐/\\师姐/\\师姐/"}, {"uid": "1704410", "content": " \\师姐/\\师姐/\\师姐/\\师姐/\\师姐/"}, {"uid": "698355368", "content": "\\师姐/\\师姐/\\师姐/\\师姐/\\师姐/"}, {"uid": "18343394", "content": "\\师姐/\\师姐/\\师姐/\\师姐/"}, {"uid": "7833978", "content": "\\师姐/\\师姐/\\师姐/\\师姐/\\师姐/"}, {"uid": "18343394", "content": "\\师姐/\\师姐/\\师姐/\\师姐/"}, {"uid": "39096217", "content": "\\师姐/\\师姐/\\师姐/!!!"}, {"uid": "18343394", "content": "\\师姐/\\师姐/\\师姐/\\师姐/"}, {"uid": "39096217", "content": " \\师姐/\\师姐/\\师姐/\\师姐/"}, {"uid": "698355368", "content": "\\师姐/\\师姐/\\师姐/\\师姐/\\师姐/"}, {"uid": "39096217", "content": " \\师姐/\\师姐/\\师姐/\\师姐/"}, {"uid": "18343394", "content": "\\师姐/\\师姐/\\师姐/\\师姐/"}, {"uid": "18343394", "content": "\\师姐/\\师姐/\\师姐/\\师姐/"}, {"uid": "698355368", "content": "\\师姐/\\师姐/\\师姐/\\师姐/\\师姐/"}, {"uid": "18343394", "content": "\\师姐/\\师姐/\\师姐/\\师姐/"}, {"uid": "18343394", "content": "\\师姐/\\师姐/\\师姐/\\师姐/"}]