[{"uid": "2051420077", "content": "？"}, {"uid": "552461", "content": "拜拜"}, {"uid": "28481187", "content": "88888888"}, {"uid": "7833978", "content": "笑死"}, {"uid": "2737171", "content": "拜拜"}, {"uid": "18805678", "content": "拜拜"}, {"uid": "471069463", "content": "拜拜"}, {"uid": "23015177", "content": "师姐拜拜"}, {"uid": "11458802", "content": "拜拜"}, {"uid": "471069463", "content": "呜呜呜"}, {"uid": "28481187", "content": "光速拉闸"}, {"uid": "698355368", "content": "师姐拜拜"}, {"uid": "12864846", "content": "拜拜师姐"}, {"uid": "471069463", "content": "天天考试"}, {"uid": "18343394", "content": "拜拜拜拜"}, {"uid": "232931669", "content": "拜拜"}, {"uid": "7833978", "content": "明天见"}, {"uid": "7833978", "content": "拜拜拜拜"}, {"uid": "28481187", "content": "溜了溜了"}, {"uid": "11458802", "content": "死歌开大啦"}, {"uid": "23015177", "content": "今天没有歌吗"}, {"uid": "2737171", "content": "拉闸了？拜拜"}, {"uid": "18805678", "content": "拉闸"}, {"uid": "698355368", "content": "吸脑髓"}, {"uid": "11458802", "content": "快跑，快跑阿"}, {"uid": "18343394", "content": "拜拜"}, {"uid": "7833978", "content": "八点03分又称吸食脑髓时间"}, {"uid": "471069463", "content": "ptsd"}, {"uid": "471069463", "content": "拉闸了"}, {"uid": "12864846", "content": "开始舔舐脑髓"}, {"uid": "18343394", "content": "吸溜吸溜"}, {"uid": "2737171", "content": "多喝热水"}, {"uid": "2737171", "content": "笑死"}, {"uid": "12864846", "content": "生病全靠被子捂着"}, {"uid": "7833978", "content": "你太毒了吧"}, {"uid": "28481187", "content": "拆迁"}, {"uid": "18343394", "content": "笑死我感个冒要打七天针就离谱、1"}, {"uid": "7833978", "content": "要靠自愈了"}, {"uid": "12864846", "content": "现在都不敢生病，一生病花钱太多了"}, {"uid": "7833978", "content": "都愣着干嘛，上学啊"}, {"uid": "11458802", "content": "我就知道诊所建了没用2333"}, {"uid": "18343394", "content": "当事人现在很安详"}, {"uid": "7833978", "content": "当事人已经没了"}, {"uid": "18343394", "content": "暗示以后会有"}, {"uid": "18343394", "content": "还没有“过”"}, {"uid": "7833978", "content": "笑死了"}, {"uid": "12864846", "content": "病死可太哈人了"}, {"uid": "18805678", "content": "下刀子也温柔"}, {"uid": "7833978", "content": "只有上班"}, {"uid": "12864846", "content": "蔡徐坤吗"}, {"uid": "7833978", "content": "他们就适合在孤岛的工厂上班"}, {"uid": "11458802", "content": "绝中绝"}, {"uid": "18343394", "content": "万一他的工作就是打篮球呢"}, {"uid": "2737171", "content": "好家伙"}, {"uid": "2737171", "content": "笑死"}, {"uid": "7833978", "content": "笑死"}, {"uid": "18343394", "content": "要罚球的"}, {"uid": "18343394", "content": "请公民不要死在路上，以免造成交通堵塞"}, {"uid": "7833978", "content": "这不是在夸你啊！"}, {"uid": "471069463", "content": "hhh"}, {"uid": "7833978", "content": "直接左转到墓园"}, {"uid": "28481187", "content": "病死在路上"}, {"uid": "11458802", "content": "不要慌，这是“必要的牺牲”"}, {"uid": "28481187", "content": "可能因为收费站太多人都穷死了"}, {"uid": "18343394", "content": "笑死"}, {"uid": "18343394", "content": "建议加几个健身区"}, {"uid": "18343394", "content": "那是他们身体不好脆弱"}, {"uid": "18343394", "content": "笑死"}, {"uid": "18343394", "content": "为了师姐不在亏损"}, {"uid": "7833978", "content": "小卖部收费是外面的三倍"}, {"uid": "18343394", "content": "建个小卖部吧"}, {"uid": "2881166", "content": "摩尔庄园在哪呀"}, {"uid": "2881166", "content": "市中心哈哈哈哈哈"}, {"uid": "18343394", "content": "直通摩尔庄园？？？"}, {"uid": "2881166", "content": "原来这里是DD魔改区呀"}, {"uid": "18343394", "content": "为了弥补你的亏损阿师姐"}, {"uid": "28481187", "content": "在舰长小区门前建一条收费站组成的路"}, {"uid": "18343394", "content": "然后建更多的收费站"}, {"uid": "2881166", "content": "指标 多么让人害怕的词呀"}, {"uid": "28481187", "content": "毕竟师姐也不是什么魔鬼.job"}, {"uid": "11458802", "content": "绝活"}, {"uid": "2881166", "content": "哦 公路呀 我听成了公墓 吓我一天"}, {"uid": "18343394", "content": "能不能拿收费站建一条路"}, {"uid": "2881166", "content": "这是师姐的监狱城市吗^_^"}, {"uid": "18343394", "content": "父母奔向美好明天了"}, {"uid": "552461", "content": "父母双亡，有妹有房"}, {"uid": "28481187", "content": "拆"}, {"uid": "18343394", "content": "看来还是收费站不够多"}, {"uid": "28481187", "content": "折了吧.job"}, {"uid": "18343394", "content": "他们还有钱升级房子？？"}, {"uid": "22017278", "content": "师姐好"}, {"uid": "11458802", "content": "美好明天收费站"}, {"uid": "18343394", "content": "还不少"}, {"uid": "552461", "content": "一起奔向美好的明天，那工人呢"}, {"uid": "18343394", "content": "奔向美好明天的路上也有收费站"}, {"uid": "28481187", "content": "天堂收费站.job"}, {"uid": "18343394", "content": "笑死"}, {"uid": "552461", "content": "指风力发电机"}, {"uid": "11458802", "content": "甚至拆了两个"}, {"uid": "28481187", "content": "阿巴巴巴"}, {"uid": "7833978", "content": "文化人了"}, {"uid": "18343394", "content": "进来光鲜亮丽出去衣不蔽体"}, {"uid": "18343394", "content": "出口塞慢收费站"}, {"uid": "18343394", "content": "想搬走？？？"}, {"uid": "552461", "content": "渴望工作"}, {"uid": "7833978", "content": "不够007"}, {"uid": "28481187", "content": "每天18小时的充实工作"}, {"uid": "11458802", "content": "工作到死(･∀･)"}, {"uid": "29107366", "content": "可以重工业连民居，民居连医院接坟地吗"}, {"uid": "411922107", "content": "，"}, {"uid": "11458802", "content": "？？？？？？"}, {"uid": "18343394", "content": "来了就想走也走不了"}, {"uid": "28481187", "content": "只想收钱不想修电的屑师姐"}, {"uid": "11458802", "content": "刚刚那个车子还没过去，暂停，收费站直接出"}, {"uid": "18343394", "content": "收费站可以连着建ma1"}, {"uid": "552461", "content": "0园"}, {"uid": "7833978", "content": "叉出去鲨了吧"}, {"uid": "7833978", "content": "这仓鼠有问题"}, {"uid": "18343394", "content": "这是个0公园吧"}, {"uid": "18343394", "content": "一个路口是一个站"}, {"uid": "11458802", "content": "差不多是时候进入堵车时间了"}, {"uid": "18343394", "content": "到一个地方转一次站"}, {"uid": "18343394", "content": "让他们转站收钱阿"}, {"uid": "7833978", "content": "连连看"}, {"uid": "18343394", "content": "师姐阿多建几个线路阿"}, {"uid": "11458802", "content": "恒河里"}, {"uid": "28481187", "content": "每一个风车内，都有一只仓鼠在跑，所以才转"}, {"uid": "552461", "content": "丈育需要图书馆？"}, {"uid": "18343394", "content": "直接扔焚化炉"}, {"uid": "18343394", "content": "我给你杨了信不信"}, {"uid": "7833978", "content": "不像"}, {"uid": "552461", "content": "河里不都是水吗（）"}, {"uid": "23015177", "content": "呼呼呼"}, {"uid": "7833978", "content": "我直接一拳把风车打烂"}, {"uid": "18343394", "content": "？？？"}, {"uid": "18343394", "content": "还得收闹钟费"}, {"uid": "18343394", "content": "吵什么这是叫他们起床呢"}, {"uid": "28481187", "content": "dd血汗工厂"}, {"uid": "7833978", "content": "dd们都进厂"}, {"uid": "28481187", "content": "笑死"}, {"uid": "552461", "content": "城中村"}, {"uid": "4577251", "content": "程序员笑话笑死我了"}, {"uid": "65240577", "content": "打卡"}, {"uid": "18343394", "content": "像极了你写的代码乱七八糟但就是能跑的样子"}, {"uid": "28481187", "content": "失去理智，逐渐暴躁"}, {"uid": "552461", "content": "俺寻思这个车站能通"}, {"uid": "7833978", "content": "突然顺畅了"}, {"uid": "552461", "content": "笑死"}, {"uid": "18343394", "content": "笑死"}, {"uid": "18343394", "content": "看看群师姐"}, {"uid": "7833978", "content": "笑死"}, {"uid": "7833978", "content": "整不会了"}, {"uid": "7833978", "content": "好家伙"}, {"uid": "552461", "content": "然后把市中心的税拉满"}, {"uid": "552461", "content": "把养老院都放在工业区，只在市中心留一所"}, {"uid": "7833978", "content": "好的真好"}, {"uid": "7355011", "content": "白师姐格局太小"}, {"uid": "18343394", "content": "是不是要把公交车路线形成闭环？？"}, {"uid": "1457515", "content": "醫院在哪？"}, {"uid": "7355011", "content": "消防局呢"}, {"uid": "552461", "content": "直接放工业区，防止人口老龄化"}, {"uid": "12864846", "content": "007健康生活"}, {"uid": "23015177", "content": "实际上：买新土地啦"}, {"uid": "1457515", "content": "大姐頭你的jcj 消防和醫院在哪？"}, {"uid": "12864846", "content": "笑死"}, {"uid": "4577251", "content": "成年人的崩溃从算了开始"}, {"uid": "12864846", "content": "票价拉满"}, {"uid": "18343394", "content": "票价拉满"}, {"uid": "1457515", "content": "信不信十分鐘之內就出事"}, {"uid": "18343394", "content": "是不是消防栓阿"}, {"uid": "12864846", "content": "设置一个公交车总站"}, {"uid": "102804423", "content": "这个游戏的公交站很难搞"}, {"uid": "2737171", "content": "师姐晚上好"}, {"uid": "12864846", "content": "公交线路掉个头笑死"}, {"uid": "1457515", "content": "一切資源。建築圍繞著收費站。。。"}, {"uid": "7833978", "content": "知识是有偿的"}, {"uid": "1457515", "content": "能不能活都不好說，還年終獎想屁吃呢。。"}, {"uid": "11458802", "content": "火葬，然后旁边再建发电厂"}, {"uid": "7833978", "content": "笑死"}, {"uid": "552461", "content": "就近火化"}, {"uid": "7833978", "content": "你还说不是鬼片"}, {"uid": "23015177", "content": "破案了，工厂纳鞋底的原因是大家都走路上班"}, {"uid": "18805678", "content": "年终奖不应该是公交全勤卡麽"}, {"uid": "7833978", "content": "？？？灵车"}, {"uid": "1457515", "content": "愛 民 如 子 大姐頭"}, {"uid": "18343394", "content": "年终奖就是一双鞋子是吗"}, {"uid": "23015177", "content": "师姐别称：民"}, {"uid": "7833978", "content": "可以做工厂的交通车"}, {"uid": "18805678", "content": "《便民》"}, {"uid": "11458802", "content": "一天工作的钱都被收费站薅走了"}, {"uid": "7833978", "content": "快进到进厂？"}, {"uid": "552461", "content": "城门税"}, {"uid": "23015177", "content": "快收公交车的费"}, {"uid": "1457515", "content": "敲骨吸髓"}, {"uid": "4577251", "content": "只有上班人受伤的世界出现了"}, {"uid": "1457515", "content": "掉錢眼了。。"}, {"uid": "18805678", "content": "吸血鬼"}, {"uid": "1457515", "content": "這話說的，比周扒皮還周扒皮。。。"}, {"uid": "18343394", "content": "收的多拿的多"}, {"uid": "11458802", "content": "设卡收费，拦路抢劫，雁过拔毛"}, {"uid": "552461", "content": "快进到师姐半夜起来叫全城工人上班"}, {"uid": "18343394", "content": "收费站收的钱留十分之一给员工吃饭喝水"}, {"uid": "1457515", "content": "不吃不喝是吧？"}, {"uid": "552461", "content": "难道etc是人工的吗"}, {"uid": "23015177", "content": "白扒皮"}, {"uid": "18805678", "content": "好家伙，这就是资本麽"}, {"uid": "1457515", "content": "度仙門遊樂園？"}, {"uid": "552461", "content": "路不够宽"}, {"uid": "18805678", "content": "收费站是高速公路的"}, {"uid": "552461", "content": "雁过拔毛"}, {"uid": "11458802", "content": "这你就错了，只有被打败的才是战犯"}, {"uid": "96683768", "content": "你这颇有p社战犯的气势啊"}, {"uid": "96683768", "content": "……"}, {"uid": "11458802", "content": "这是21世纪度仙门特别行政区"}, {"uid": "18805678", "content": "欣慰？安详"}, {"uid": "552461", "content": "所以这真不是18世纪伦敦东区吗"}, {"uid": "18805678", "content": "笑死"}, {"uid": "12864846", "content": "工人爷爷逐渐暴躁了起来"}, {"uid": "552461", "content": "童工是吧"}, {"uid": "18805678", "content": "太近了，不可以啦"}, {"uid": "4577251", "content": "纳鞋底笑死我了，这是什么乡村纪实小说吗"}, {"uid": "11458802", "content": "场面红色了起来"}, {"uid": "11458802", "content": "都是工人"}, {"uid": "23015177", "content": "垃圾桶"}, {"uid": "23015177", "content": "看到了吗？这就是妈妈逛公园的时候捡到你的"}, {"uid": "18805678", "content": "拾荒者狂喜"}, {"uid": "18805678", "content": "公园？垃圾园"}, {"uid": "552461", "content": "儿童可以兼职拾荒"}, {"uid": "18805678", "content": "？"}, {"uid": "552461", "content": "有河，有雾，高犯罪率，论证完成"}, {"uid": "11458802", "content": "打工人:？？？"}, {"uid": "18805678", "content": "？？？"}, {"uid": "102804423", "content": "绿了绿了"}, {"uid": "552461", "content": "这么大的雾，这里就是伦敦吗"}, {"uid": "18805678", "content": "有没有空中花园"}, {"uid": "102804423", "content": "有条件的话把工业区和住宅区隔远点"}, {"uid": "96683768", "content": "我要住河里"}, {"uid": "4577251", "content": "很好:指一格的房子"}, {"uid": "4577251", "content": "海景房爱了爱了"}, {"uid": "232931669", "content": "我要住山洞"}, {"uid": "11458802", "content": "这就跳船入海"}, {"uid": "23015177", "content": "我又多个冢？"}, {"uid": "552461", "content": "望海崖"}, {"uid": "18805678", "content": "别野区是吧"}, {"uid": "545549120", "content": "这就跳船"}, {"uid": "23015177", "content": "？"}, {"uid": "102804423", "content": "等玩个几天估计就要开始整雪漫城了"}, {"uid": "11458802", "content": "污水倒灌，快进到被翔淹没，不知所措"}, {"uid": "552461", "content": "直接就近排放"}, {"uid": "552461", "content": "工业在上游区"}, {"uid": "552461", "content": "大学城"}, {"uid": "18805678", "content": "后面"}, {"uid": "18805678", "content": "大房子是可以升级的"}, {"uid": "18343394", "content": "笑死"}, {"uid": "96683768", "content": "天际线可还行，建议下次播群星"}, {"uid": "18343394", "content": "噢噢噢噢"}, {"uid": "504043099", "content": "……"}, {"uid": "18343394", "content": "真就棋盘？"}, {"uid": "18343394", "content": "为什么要一个一个呢"}, {"uid": "504043099", "content": "单推人小区需要多少级的牌子才可以入住"}, {"uid": "1842443", "content": "没事...我音响坏了"}, {"uid": "1842443", "content": "？ 声音怎么变了 "}, {"uid": "18805678", "content": "我住村头（doge）"}, {"uid": "18805678", "content": "前期用火力发电太奢侈了"}, {"uid": "18343394", "content": "我来了！"}, {"uid": "552461", "content": "西方小孟买"}, {"uid": "18805678", "content": "笑死"}, {"uid": "18805678", "content": "那些住户多一些啊"}, {"uid": "552461", "content": "筒子楼"}, {"uid": "18805678", "content": "不愧是你师姐"}, {"uid": "18805678", "content": "一个一个点，精打细算"}, {"uid": "19220889", "content": "可能她们需要娱乐设施"}, {"uid": "19220889", "content": "这样么"}, {"uid": "18805678", "content": "师姐晚上好"}, {"uid": "19220889", "content": "一直在亏损"}, {"uid": "19220889", "content": "先按暂停"}, {"uid": "232931669", "content": "要不直接往秋名山建吧"}, {"uid": "19220889", "content": "隔着盖的房子"}, {"uid": "226964539", "content": "这是路啊原来"}, {"uid": "232931669", "content": "确实很像秋名山"}, {"uid": "19220889", "content": "可能是砍了树"}, {"uid": "552461", "content": "道路如此清奇，这里就是秋名山吗"}, {"uid": "7833978", "content": "这就要放弃了么"}, {"uid": "19220889", "content": "这样么"}, {"uid": "19220889", "content": "这么密集，以后会大塞车"}, {"uid": "7833978", "content": "下去直接上网冲浪"}, {"uid": "19220889", "content": "-资产了"}, {"uid": "4577251", "content": "艺 术 品"}, {"uid": "552461", "content": "丑陋的版图 -100"}, {"uid": "19220889", "content": "开那么多路"}, {"uid": "19220889", "content": "还以为卡住了"}, {"uid": "255777162", "content": "25%"}, {"uid": "23015177", "content": "关注了"}, {"uid": "23015177", "content": "爱了"}, {"uid": "7833978", "content": "笑死"}, {"uid": "92374046", "content": "师姐 傍晚好"}, {"uid": "232931669", "content": "返璞归真"}, {"uid": "7833978", "content": "三花聚顶，在学校里打架"}, {"uid": "232931669", "content": "感觉药丸"}, {"uid": "23015177", "content": "笑死大人读小学"}, {"uid": "7833978", "content": "为了好看"}, {"uid": "7833978", "content": "笑死"}, {"uid": "23015177", "content": "好家伙"}, {"uid": "23015177", "content": "？？"}, {"uid": "23015177", "content": "我觉得你想我当场秃头"}, {"uid": "552461", "content": "底特律：变人"}, {"uid": "23015177", "content": "？"}, {"uid": "232931669", "content": "有信心满分1吗"}, {"uid": "232931669", "content": "考的怎么样"}, {"uid": "23015177", "content": "hhhhhhhh是的"}, {"uid": "7833978", "content": "言寺考完了吧"}, {"uid": "23015177", "content": "我考完啦!"}, {"uid": "23015177", "content": "师姐啵啵啵"}, {"uid": "23015177", "content": "我吃完饭回来啦！"}, {"uid": "552461", "content": "城 市 空 心 化"}, {"uid": "552461", "content": "强迫症震怒"}, {"uid": "4577251", "content": "bgm把城市建出了古战场的感觉"}, {"uid": "4577251", "content": "天际线玩法和模拟人生有什么大区别莫"}, {"uid": "4577251", "content": "富 一 代"}, {"uid": "18343394", "content": "下班了溜了溜了回见"}, {"uid": "18343394", "content": "你这片地区很适合拍鬼片呢"}, {"uid": "12864846", "content": "都是鬼"}, {"uid": "12864846", "content": "繁华的空城"}, {"uid": "18343394", "content": "繁荣指没人住"}, {"uid": "7833978", "content": "这是别具一格"}, {"uid": "18343394", "content": "把"}, {"uid": "18343394", "content": "这一定不知火舞的弟弟不知好歹写的"}, {"uid": "7833978", "content": "笑死"}, {"uid": "7833978", "content": "师姐你的被子呢！"}, {"uid": "18343394", "content": "笑死"}, {"uid": "7833978", "content": "笑死"}, {"uid": "12864846", "content": "可恶，我打字就是打缩写的，你再骂"}, {"uid": "12864846", "content": "儿化音"}, {"uid": "552461", "content": "师姐：道德无"}, {"uid": "7833978", "content": "笑死"}, {"uid": "7833978", "content": "太草了"}, {"uid": "5684520", "content": "这个师妹们擅长"}, {"uid": "18343394", "content": "我要死了"}, {"uid": "18343394", "content": "hhhhhhhhhh"}, {"uid": "12864846", "content": "活活笑死hhhhhhhh"}, {"uid": "18343394", "content": "金毛快回去"}, {"uid": "18343394", "content": "笑死出院"}, {"uid": "18343394", "content": "成人之美罢了"}, {"uid": "7833978", "content": "？？？"}, {"uid": "18343394", "content": "hhhhhhhh"}, {"uid": "18343394", "content": "笑死"}, {"uid": "7833978", "content": "你可以！"}, {"uid": "18343394", "content": "我不能谢谢"}, {"uid": "12864846", "content": "仓鼠快！！！"}, {"uid": "7833978", "content": "仓鼠"}, {"uid": "4577251", "content": "0.5怎么办"}, {"uid": "18343394", "content": "？？？"}, {"uid": "7833978", "content": "摸都可以摸"}, {"uid": "12864846", "content": "仓鼠"}, {"uid": "7833978", "content": "笑死"}, {"uid": "357637145", "content": "22333333"}, {"uid": "18343394", "content": "笑死"}, {"uid": "12864846", "content": "不可燃物笑死"}, {"uid": "7833978", "content": "草"}, {"uid": "18343394", "content": "笑死博人传"}, {"uid": "7833978", "content": "这就是精选么"}, {"uid": "316050827", "content": "那你别笑啊"}, {"uid": "10135430", "content": "打卡打卡"}, {"uid": "18343394", "content": "笑死"}, {"uid": "157306986", "content": "笑死"}, {"uid": "357637145", "content": "⊙∀⊙！"}, {"uid": "7833978", "content": "草"}, {"uid": "500526", "content": "孩子色盲了，妈妈救救我"}, {"uid": "545549120", "content": "孩子色盲了 好心人救救孩子"}, {"uid": "18343394", "content": "救救仓鼠"}, {"uid": "18343394", "content": "笑死"}, {"uid": "357637145", "content": "阿巴阿巴"}, {"uid": "7833978", "content": "不想做人了吧"}, {"uid": "545549120", "content": "草 有毒"}, {"uid": "18343394", "content": "凉白开"}, {"uid": "500526", "content": "这就叫敌我同源"}, {"uid": "18343394", "content": "所以叫"}, {"uid": "18343394", "content": "白开了就凉了"}, {"uid": "500526", "content": "这女人感觉很好骗的样子"}, {"uid": "4577251", "content": "（关怀的眼神）"}, {"uid": "7833978", "content": "已经把风扇关了"}, {"uid": "18343394", "content": "笑死白开"}, {"uid": "7833978", "content": "草"}, {"uid": "18343394", "content": "银杏树我笑死了"}, {"uid": "5705647", "content": "你有什么不开心的，说出来给大家开心开心（"}, {"uid": "500526", "content": "师姐比笑话好笑"}, {"uid": "500526", "content": "每次心情低落只要看师姐我就开心起来了"}, {"uid": "18343394", "content": "？？？"}, {"uid": "7833978", "content": "暗指仓鼠"}, {"uid": "7833978", "content": "离谱"}, {"uid": "12864846", "content": "南通，仓鼠狂喜"}, {"uid": "4577251", "content": "这师姐比笑话好笑多了（不是）"}, {"uid": "500526", "content": "来看肌肉金轮吧"}, {"uid": "18343394", "content": "笑死"}, {"uid": "500526", "content": "士大夫"}, {"uid": "545549120", "content": "东北笑话"}, {"uid": "18343394", "content": "笑死"}, {"uid": "7833978", "content": "笑死"}, {"uid": "500526", "content": "bgm才发现是二妹的曲子"}, {"uid": "12864846", "content": "降智吧"}, {"uid": "18343394", "content": "好冷我去穿件棉衣"}, {"uid": "500526", "content": "刷碗太真实了"}, {"uid": "18343394", "content": "笑死"}, {"uid": "18343394", "content": "不应该喊打没得死麻"}, {"uid": "500526", "content": "笑点太低了"}, {"uid": "7833978", "content": "笑死"}, {"uid": "500526", "content": "感觉哄学姐好像很容易的样子"}, {"uid": "18343394", "content": "笑死"}, {"uid": "4577251", "content": "直播师姐被陈年冷笑话笑死"}, {"uid": "500526", "content": "舒适圈笑到了"}, {"uid": "18343394", "content": "笑死"}, {"uid": "500526", "content": "2021年冷笑话"}, {"uid": "545549120", "content": "很冷"}, {"uid": "7833978", "content": "草"}, {"uid": "18343394", "content": "笑死"}, {"uid": "7833978", "content": "放大镜了"}, {"uid": "7833978", "content": "？？？"}, {"uid": "18343394", "content": "看不全阿"}, {"uid": "500526", "content": "配上bgm师姐就变成有趣的女人了"}, {"uid": "4577251", "content": "师姐怪叫帮大忙了"}, {"uid": "7833978", "content": "活学活用"}, {"uid": "7833978", "content": "笑死"}, {"uid": "18343394", "content": "笑死bgm也要开盲盒了"}, {"uid": "545549120", "content": "师姐也转身 哈！"}, {"uid": "18343394", "content": "月球背面！"}, {"uid": "1624418", "content": "晚上好"}, {"uid": "12864846", "content": "雅俗共赏"}, {"uid": "545549120", "content": "师姐有背面吗"}, {"uid": "7833978", "content": "师姐这就学到了。"}, {"uid": "1704410", "content": "猴子？"}, {"uid": "500526", "content": "师姐发病了"}, {"uid": "7833978", "content": "笑死"}, {"uid": "4577251", "content": "这是什么女团，笑死我了"}, {"uid": "1704410", "content": "？？？"}, {"uid": "12864846", "content": "高情商：草   低情商：草"}, {"uid": "18343394", "content": "？？？"}, {"uid": "12864846", "content": "太草了"}, {"uid": "18343394", "content": "无缝连接"}, {"uid": "7833978", "content": "太草了"}, {"uid": "12864846", "content": "师姐的盲盒直播间"}, {"uid": "4577251", "content": "魔鬼吧"}, {"uid": "232931669", "content": "太草了"}, {"uid": "545549120", "content": "我要喝大力"}, {"uid": "12864846", "content": "太草了这个"}, {"uid": "1752955", "content": "哈"}, {"uid": "18343394", "content": "狒狒叫"}, {"uid": "18343394", "content": "笑死"}, {"uid": "220762377", "content": "来了"}, {"uid": "232931669", "content": "晚上好"}, {"uid": "7833978", "content": "笑死"}, {"uid": "18343394", "content": "我今天要笑死了就全怪你"}, {"uid": "12864846", "content": "笑死"}, {"uid": "12864846", "content": "hhhhhhh"}, {"uid": "7833978", "content": "笑死"}, {"uid": "18343394", "content": "hhhhhhhh"}, {"uid": "7833978", "content": "草"}, {"uid": "18343394", "content": "笑死"}, {"uid": "12864846", "content": "笑死"}, {"uid": "18343394", "content": "笑死金馆长"}, {"uid": "7833978", "content": "？？？"}, {"uid": "12864846", "content": "师姐要试一下那个“哈！”吗"}, {"uid": "18343394", "content": "这里就是盲盒直播间麻爱了爱了"}, {"uid": "12864846", "content": "笑死"}, {"uid": "18343394", "content": "？？？"}, {"uid": "4577251", "content": "师姐晚上好"}, {"uid": "7833978", "content": "六点一分"}, {"uid": "12864846", "content": "师姐晚上好"}, {"uid": "18343394", "content": "晚上好晚上好"}, {"uid": "18343394", "content": "别开盲盒了"}, {"uid": "545549120", "content": "(･∀･)"}, {"uid": "18343394", "content": "到点了"}, {"uid": "18343394", "content": "？？？"}, {"uid": "18343394", "content": "？？"}, {"uid": "18343394", "content": "我之前开了三天的盲盒要死来"}, {"uid": "12864846", "content": "？？？"}, {"uid": "7833978", "content": "？？？"}, {"uid": "12864846", "content": "又来"}, {"uid": "12864846", "content": "笑死"}, {"uid": "18343394", "content": "我不想开盲盒了！！！！"}, {"uid": "18343394", "content": "别我想起这个啊啊啊啊啊"}, {"uid": "12864846", "content": "我笑死"}, {"uid": "12864846", "content": "师姐在看什么"}, {"uid": "18343394", "content": "？？？"}, {"uid": "698355368", "content": "好耶"}, {"uid": "504043099", "content": "。"}]