[{"uid": "102804423", "content": "88888888"}, {"uid": "89283862", "content": "光速拉闸警告"}, {"uid": "471069463", "content": "拜拜"}, {"uid": "9119045", "content": "8888"}, {"uid": "102804423", "content": "今天居然不是破防下播"}, {"uid": "7833978", "content": "拜拜拜拜"}, {"uid": "232931669", "content": "拜拜"}, {"uid": "18343394", "content": "拜拜拜拜"}, {"uid": "18343394", "content": "笑死"}, {"uid": "12095344", "content": "注意力已经转到唱歌上了，不如开歌回罢"}, {"uid": "12095344", "content": "大招小手枪，嘶——"}, {"uid": "8138686", "content": "先走一步.jpg"}, {"uid": "102804423", "content": "你可以拉那个西格玛啊"}, {"uid": "12095344", "content": "这大锤不值得，弃了吧"}, {"uid": "12095344", "content": "确实出乎预料"}, {"uid": "102804423", "content": "问他柱子和墙能奶你吗！"}, {"uid": "12095344", "content": "这图不都是12个退出么"}, {"uid": "102804423", "content": "这个图和巴黎一样笨比"}, {"uid": "18343394", "content": "笑死不得再来个会玩的堡垒"}, {"uid": "1859653", "content": "我竟然没狙击到，但是却在月球基地"}, {"uid": "471069463", "content": "hhh"}, {"uid": "1859653", "content": "月球基地吗"}, {"uid": "12095344", "content": "要是对面两个c再来死神铁拳，就这队友可以宣布寄了（全麻）"}, {"uid": "7833978", "content": "八点几了"}, {"uid": "232931669", "content": "队友全是小龙虾"}, {"uid": "12095344", "content": "对面的两个t还挺会这个图的"}, {"uid": "471069463", "content": "金毛不上线吗"}, {"uid": "7833978", "content": "点里还有、"}, {"uid": "12095344", "content": "DJ对狙时间"}, {"uid": "102804423", "content": "主要是大家都喜欢走桥，走小房间没那么多事"}, {"uid": "8138686", "content": "师姐晚上好"}, {"uid": "12095344", "content": "所以说这个图我不喜欢地推"}, {"uid": "7833978", "content": "店里有人"}, {"uid": "12095344", "content": "太无情了"}, {"uid": "12095344", "content": "双方卢西奥一起在点里二人转"}, {"uid": "102804423", "content": "奥丽莎背靠角落开个金身简直无情"}, {"uid": "12095344", "content": "我猜很难"}, {"uid": "1859653", "content": "我能狙击到你吗（）"}, {"uid": "12095344", "content": "那就巴蒂（）"}, {"uid": "18343394", "content": "t有多好来不"}, {"uid": "18343394", "content": "现在明白有一个守空房的他、"}, {"uid": "12095344", "content": "当成t打就不菜（确信）"}, {"uid": "18343394", "content": "笑死"}, {"uid": "12095344", "content": "该换个小锤告诉队友谁是输出了"}, {"uid": "12095344", "content": "好急，守点战dj手里有大可是点里没队友"}, {"uid": "7833978", "content": "欲言又止 笑死"}, {"uid": "7833978", "content": "永久去掉一下"}, {"uid": "18343394", "content": "我是永久型可消耗出金工具罢了"}, {"uid": "102804423", "content": "血 腥 白 怜"}, {"uid": "7833978", "content": "大锤！"}, {"uid": "7833978", "content": "仓鼠首当其冲"}, {"uid": "12095344", "content": "师姐要吃不饱惹"}, {"uid": "12095344", "content": "只有31个，泪目"}, {"uid": "102804423", "content": "之前的师妹都被采补了"}, {"uid": "12095344", "content": "呜呜呜，师妹这么少的吗？"}, {"uid": "7833978", "content": "0031号师妹"}, {"uid": "12095344", "content": "我怀疑q键被人偷偷扣掉了"}, {"uid": "12095344", "content": "师姐，我能够看看你的键盘长什么样吗？"}, {"uid": "102804423", "content": "师姐，你按q可以捶一下地板，很好看的"}, {"uid": "89283862", "content": "感谢师姐我中了"}, {"uid": "7833978", "content": "点啊"}, {"uid": "12864846", "content": "开个大助兴"}, {"uid": "12095344", "content": "好准的枪，不够下饭"}, {"uid": "102804423", "content": "你们半藏开了"}, {"uid": "7833978", "content": "托比昂撞墙撞死了"}, {"uid": "12530779", "content": "两个颜色太近了"}, {"uid": "12095344", "content": "q（"}, {"uid": "12864846", "content": "一时之间看不明白队友是什么颜色的"}, {"uid": "102804423", "content": "星际就不该免费"}, {"uid": "102804423", "content": "我以为你看到枪线了……"}, {"uid": "12095344", "content": "但是不推人为什么要选dj呢？"}, {"uid": "7833978", "content": "点 啊"}, {"uid": "12095344", "content": "第一个点推人很难（"}, {"uid": "12095344", "content": "饭来了哦～"}, {"uid": "102804423", "content": "ana死斗可以给自己激素（"}, {"uid": "18343394", "content": "我需要治疗！！！！"}, {"uid": "7833978", "content": "可恶啊 安娜什么时候可以自己打激素"}, {"uid": "18343394", "content": "hp-1"}, {"uid": "12095344", "content": "合格的t就不该一直举着盾"}, {"uid": "12701202", "content": "i need healing！"}, {"uid": "325384143", "content": "我皮破了，我需要治疗"}, {"uid": "102804423", "content": "也可能是觉得外源性激素有害健康"}, {"uid": "12095344", "content": "卖血给奶妈回能量"}, {"uid": "12530779", "content": "师姐激素留了一局"}, {"uid": "232931669", "content": "你还想有下次的机会？"}, {"uid": "12864846", "content": "笑死"}, {"uid": "12864846", "content": "大招留到过年了"}, {"uid": "12095344", "content": "他可能以为奶妈没大吧"}, {"uid": "18343394", "content": "对不起我有罪下次还敢"}, {"uid": "102804423", "content": "说不定给老鼠就反杀了嘛"}, {"uid": "12095344", "content": "他毕竟只是一直猪"}, {"uid": "12864846", "content": "你为什么只是看着！！！！"}, {"uid": "12095344", "content": "你指望楼上的猪猪能做什么呢？"}, {"uid": "7833978", "content": "鲨了"}, {"uid": "102804423", "content": "这种情况你可以给激素保人的"}, {"uid": "1310351", "content": "一起睡觉"}, {"uid": "12864846", "content": "仓鼠你有罪"}, {"uid": "7833978", "content": "睡了一个激素仓鼠把他打醒了算恶劣么？"}, {"uid": "89283862", "content": "师姐保佑我出懿妹"}, {"uid": "18343394", "content": "你正睡觉然后一个铁拳给你一个上勾拳算恶劣"}, {"uid": "12095344", "content": "我拿出饭了！"}, {"uid": "12095344", "content": "什么，又是ow时间"}, {"uid": "102804423", "content": "没有起床气吗"}, {"uid": "325384143", "content": "游戏就要啸着玩"}, {"uid": "18343394", "content": "笑出益达"}, {"uid": "325384143", "content": "快！师姐，啸出强大"}, {"uid": "96683768", "content": "……这咋还声控呢"}, {"uid": "102804423", "content": "我现在在打国服，之前是美服的"}, {"uid": "7833978", "content": "这奶是有毒的"}, {"uid": "36172775", "content": "队友打不过死神，只好闭眼不见"}, {"uid": "102804423", "content": "哈哈哈哈哈哈哈哈哈"}, {"uid": "102804423", "content": "就算师姐有99%的问题队友就没有1%吗！"}, {"uid": "7833978", "content": "除非队友出门刚好看见绕后"}, {"uid": "7833978", "content": "死神绕后永远看不见"}, {"uid": "7833978", "content": "、笑死"}, {"uid": "12864846", "content": "怎么可能是师姐的问题呢，都是队友的问题"}, {"uid": "325384143", "content": "没赢过"}, {"uid": "102804423", "content": "蚌埠住了"}, {"uid": "12530779", "content": "？？？"}, {"uid": "36172775", "content": "蚌埠住了"}, {"uid": "96683768", "content": "绯红之王"}, {"uid": "28516025", "content": "这是什么狼虎之词"}, {"uid": "102804423", "content": "渣女"}, {"uid": "7833978", "content": "打在盾上了"}, {"uid": "28516025", "content": "全部都是资深的星际玩家。"}, {"uid": "12530779", "content": "队友全员盲人"}, {"uid": "7833978", "content": "龙中做自己 笑死"}, {"uid": "232931669", "content": "电子竞技不需要视力"}, {"uid": "28516025", "content": "缺一只蜘蛛和一只蝎子"}, {"uid": "232931669", "content": "都是星际玩家"}, {"uid": "7833978", "content": "？？？"}, {"uid": "7833978", "content": "蟑螂恶霸"}, {"uid": "102804423", "content": "你们死神是那个红头吕布皮"}, {"uid": "102804423", "content": "你就开麦：舅！"}, {"uid": "28516025", "content": "师姐，这个枪法好准啊！"}, {"uid": "102804423", "content": "弹幕延时了，是你上次被砸到的那会儿发的"}, {"uid": "102804423", "content": "兄弟，激素"}, {"uid": "12701202", "content": "究极大乱斗"}, {"uid": "102804423", "content": "你们都不打星际的吗"}, {"uid": "102804423", "content": "这么害怕的吗"}, {"uid": "102804423", "content": "暗示你给他激素"}, {"uid": "7833978", "content": "这个源氏好像不太聪明的样子"}, {"uid": "12701202", "content": "这个赛季还两天"}, {"uid": "28516025", "content": "⊙∀⊙！"}, {"uid": "7833978", "content": "排位结算点数换"}, {"uid": "7833978", "content": "打排位"}, {"uid": "28516025", "content": "那个怎么搞"}, {"uid": "28516025", "content": "请问一下我朋友玩守望时角色手上拿的是金枪"}, {"uid": "102804423", "content": "晚饭环节"}, {"uid": "471069463", "content": "仓鼠又被献祭了"}, {"uid": "21302694", "content": "原来琼明峰也有网"}, {"uid": "18343394", "content": "？？？"}, {"uid": "7833978", "content": "年"}, {"uid": "7833978", "content": "仓鼠十连没了"}, {"uid": "18343394", "content": "可以吃一口饭了"}, {"uid": "7833978", "content": "仓鼠装几个摄像头吧"}, {"uid": "28516025", "content": "小手枪拯救世界。"}, {"uid": "18343394", "content": "加入左视镜和右视镜"}, {"uid": "28516025", "content": "一个队伍，六个人，两个内鬼。"}, {"uid": "7833978", "content": "视线盲区怎么办"}, {"uid": "18343394", "content": "建议ow加入后视镜"}, {"uid": "28516025", "content": "说了多少次了星际不能免费"}, {"uid": "18343394", "content": "然后就阿巴阿巴了"}, {"uid": "232931669", "content": "极限1换n"}, {"uid": "12701202", "content": "没资源还先手开 直播暴毙了"}, {"uid": "28516025", "content": "黑影的话只要不被控住怎么样都能跑掉吧"}, {"uid": "98815027", "content": "哈哈哈哈一套技能打完回不来"}, {"uid": "7833978", "content": "笑死"}, {"uid": "28516025", "content": "谢谢"}, {"uid": "12701202", "content": "色盲选项"}, {"uid": "7833978", "content": "这个铁拳不太聪明的样子"}, {"uid": "98815027", "content": "快速还是快乐的"}, {"uid": "698355368", "content": "看师姐队友下饭不是更香吗"}, {"uid": "12701202", "content": "球和黑影自己打自己的"}, {"uid": "18343394", "content": "各位别说这些来"}, {"uid": "12701202", "content": "这阵容也太阴间了"}, {"uid": "28516025", "content": "现在b站屁股都坐歪了，还能好到哪里去？"}, {"uid": "98815027", "content": "都1202年了还有带节奏的好家伙"}, {"uid": "18343394", "content": "快要死球了"}, {"uid": "232931669", "content": "还是以前的b站好啊虽然人少"}, {"uid": "7833978", "content": "死球了"}, {"uid": "7833978", "content": "大可不必"}, {"uid": "9055146", "content": "居然有带节奏的 "}, {"uid": "471069463", "content": "奇奇怪怪的，不用管"}, {"uid": "18343394", "content": "打游戏把"}, {"uid": "18343394", "content": "消消火把"}, {"uid": "18343394", "content": "算了算了"}, {"uid": "28516025", "content": "还真不认识这个人"}, {"uid": "28516025", "content": "不认识"}, {"uid": "18343394", "content": "希望大家友好交流好吧"}, {"uid": "28516025", "content": "来了，来了经典的天使，小手枪，杀穿"}, {"uid": "18343394", "content": "？？？"}, {"uid": "7833978", "content": "扑棱蛾子笑死"}, {"uid": "1310351", "content": "激素白莲圣车，跟大锤冲锋竞速"}, {"uid": "18343394", "content": "但是快乐"}, {"uid": "18343394", "content": "给和尚让和尚开圣出去乱跑"}, {"uid": "7833978", "content": "激素圣"}, {"uid": "28516025", "content": "你被强化了快送"}, {"uid": "28516025", "content": "⊙∀⊙！"}, {"uid": "28516025", "content": "那个空调啊"}, {"uid": "28516025", "content": "对了怎么没有见师姐本体呢"}, {"uid": "28516025", "content": "好霸道的师姐，爱了爱了。"}, {"uid": "28516025", "content": "仓鼠君欢迎回来"}, {"uid": "18343394", "content": "回来了"}, {"uid": "28516025", "content": "斯卡文的话，看氏族吧。"}, {"uid": "399811804", "content": "甜糯仓鼠，那斯卡文是甜是咸（）"}, {"uid": "28516025", "content": "只要好用小手枪一v六。"}, {"uid": "12864846", "content": "莫伊拉开大鲨人"}, {"uid": "28516025", "content": "玩天使你会发现学医救不了这些啦"}, {"uid": "7833978", "content": "没有一个队友是无辜的"}, {"uid": "220762377", "content": "师姐晚上好"}, {"uid": "28516025", "content": "师姐晚上好～"}, {"uid": "11458802", "content": "发现学医确实救不了这些中国人"}, {"uid": "12864846", "content": "闪光弹yyds"}, {"uid": "12864846", "content": "管裂空还是麦克雷好管"}, {"uid": "11458802", "content": "你被强化了，快站起来送"}, {"uid": "232931669", "content": "爷的少女心爆发了"}, {"uid": "12864846", "content": "师姐界面设置的好粉"}, {"uid": "89283862", "content": "师姐又在守望屁股了"}, {"uid": "11458802", "content": "實櫗䫒（shimeimen）"}, {"uid": "232931669", "content": "太草了"}, {"uid": "18836125", "content": "你被强化快送！"}, {"uid": "18343394", "content": "下班了溜了溜了回见"}, {"uid": "232931669", "content": "这把渡劫局吗"}, {"uid": "357637145", "content": "解密，恐怖的"}, {"uid": "357637145", "content": "其他的单机之类的"}, {"uid": "357637145", "content": "师姐除了ow以后会玩玩其他的吗"}, {"uid": "522160362", "content": "晚上好，白嫖怪来了"}, {"uid": "232931669", "content": "晚上好"}, {"uid": "357637145", "content": "加班快乐！"}, {"uid": "15469971", "content": "如果不是喜欢，又怎么会装gachi"}, {"uid": "471069463", "content": "仓鼠居然加班了"}, {"uid": "357637145", "content": "作为一个gachi，我都喜欢"}, {"uid": "18343394", "content": "老鼠喜欢夹子把"}, {"uid": "11458802", "content": "爱好不同"}, {"uid": "18343394", "content": "求求你放过我"}, {"uid": "357637145", "content": "师姐没吃饭不饿吗"}, {"uid": "18343394", "content": "？？？"}, {"uid": "18343394", "content": "我甚至还在加班"}, {"uid": "179471776", "content": "没呢"}, {"uid": "357637145", "content": "这孩子，睡啥了吧"}, {"uid": "357637145", "content": "歪比巴卜"}, {"uid": "357637145", "content": "歪比歪比"}, {"uid": "357637145", "content": "阿巴阿巴"}, {"uid": "12864846", "content": "艾什这个皮肤好看"}, {"uid": "12864846", "content": "笑死"}, {"uid": "12864846", "content": "然后仓鼠打醒了"}, {"uid": "18343394", "content": "自己去找奶"}, {"uid": "12864846", "content": "刚吃完来晚了"}, {"uid": "12864846", "content": "师姐晚上好"}, {"uid": "4577251", "content": "师姐唱歌阿摸死"}, {"uid": "18343394", "content": "笑死队友从不回头看"}, {"uid": "226964539", "content": "晚上好师姐"}, {"uid": "471069463", "content": "www"}, {"uid": "471069463", "content": "我今天到现在还没吃过一点东西，胃病犯了"}, {"uid": "471069463", "content": "怎么了，一来就烦死了"}, {"uid": "471069463", "content": "来了"}, {"uid": "325384143", "content": "我是鼻窦炎，可以抑制"}, {"uid": "11458802", "content": "慢性鼻炎挺难搞的"}, {"uid": "4577251", "content": "what the …烦死了（消音"}, {"uid": "325384143", "content": "我的鼻炎总是反反复复"}, {"uid": "357637145", "content": "难受╯﹏╰的一批"}, {"uid": "357637145", "content": "巧了，我也是"}, {"uid": "4577251", "content": "？！通宵了吗"}, {"uid": "357637145", "content": "感冒了好像"}, {"uid": "4577251", "content": "师姐今天声音好清冷"}, {"uid": "357637145", "content": "师姐那本小说叫啥？哪里看呀"}, {"uid": "4577251", "content": "师姐:清纯圣人但没完全清纯"}, {"uid": "4577251", "content": "师姐:没玩（但是知道是消消乐）"}, {"uid": "4577251", "content": "师姐晚上好"}, {"uid": "357637145", "content": "师姐有玩过mirror吗dige"}, {"uid": "357637145", "content": "师姐没怎么玩LOL吗"}, {"uid": "18343394", "content": "现在累积到1200年后了"}, {"uid": "18343394", "content": "？？？"}, {"uid": "23015177", "content": "针不戳"}, {"uid": "23015177", "content": "仓鼠十几年"}, {"uid": "357637145", "content": "什么球？"}, {"uid": "18343394", "content": "铁拳"}, {"uid": "325384143", "content": "球？"}, {"uid": "2737171", "content": "师姐晚上好啊"}, {"uid": "357637145", "content": "ow有什么可爱的角色吗"}, {"uid": "18343394", "content": "捏着大留给下一代"}, {"uid": "325384143", "content": "师姐无敌的西格玛战败了"}, {"uid": "357637145", "content": "笑死"}, {"uid": "23015177", "content": "就奶奶的很可爱"}, {"uid": "23015177", "content": "有点鼻音"}, {"uid": "357637145", "content": "拜托，你很弱了啦(･∀･)"}, {"uid": "23015177", "content": "师姐是还没睡醒吗还是感冒了"}, {"uid": "23015177", "content": "谢谢妈妈哈哈哈哈可爱"}, {"uid": "18343394", "content": "笑死"}, {"uid": "1704410", "content": "没伤害的就是自己人"}, {"uid": "34836755", "content": "晚上要控制碳水，看直播就够了"}, {"uid": "18343394", "content": "笑死师姐赢一次吃一口"}, {"uid": "357637145", "content": "懂了，这就点外卖"}, {"uid": "18343394", "content": "好家伙"}, {"uid": "357637145", "content": "师姐你要是还看弹幕，指定白给(°∀°)ﾉ"}, {"uid": "357637145", "content": "少侠好身体"}, {"uid": "18343394", "content": "真的睡迷糊了把"}, {"uid": "18343394", "content": "笑死"}, {"uid": "11458802", "content": "那倒不会，不要喝太多就好，还蛮劲的"}, {"uid": "1457515", "content": "大姐頭要不要試試，聽說這白花蛇草（￣▽￣"}, {"uid": "357637145", "content": "多半要"}, {"uid": "357637145", "content": "妈耶，不怕出事吗"}, {"uid": "11458802", "content": "一次喝不完，拿家里碗，每样放一点进去"}, {"uid": "23015177", "content": "来了"}, {"uid": "11458802", "content": "小时候很喜欢各种饮料，就每样买了好几瓶"}, {"uid": "96683768", "content": "崂山蛇草水"}, {"uid": "357637145", "content": "樱桃味简直止咳糖浆"}, {"uid": "325384143", "content": "凉茶加可乐？嗯....可以试试奶茶加橙汁"}, {"uid": "18343394", "content": "一步到，位板蓝根味可乐"}, {"uid": "87827948", "content": "好像有樱桃味的可乐"}, {"uid": "357637145", "content": "以前试过，直接难受半天"}, {"uid": "11458802", "content": "我这么喝没拉肚子"}, {"uid": "95297039", "content": "以后出个抹茶味可乐"}, {"uid": "357637145", "content": "我的经验告诉我这么做拉肚子贼难受"}, {"uid": "18343394", "content": "一口茶一口可乐中和一下正负相抵"}, {"uid": "357637145", "content": "那叫茶几(⌒▽⌒)"}, {"uid": "325384143", "content": "凉茶不是茶吗（滑稽）"}, {"uid": "34836755", "content": "乌龙茶"}, {"uid": "357637145", "content": "傻傻分不清，感觉不出来"}, {"uid": "11458802", "content": "王老吉已经变成加多宝了"}, {"uid": "18343394", "content": "这两个是一家吧"}, {"uid": "11458802", "content": "左上角记得改一下游戏名字2333"}, {"uid": "95297039", "content": "但因为好喝，所以流传了下来"}, {"uid": "325384143", "content": "那不是王老吉吗"}, {"uid": "95297039", "content": "可乐是配错了的药"}, {"uid": "357637145", "content": "师姐的ow菜吗"}, {"uid": "11458802", "content": "炼丹给他们吃吃"}, {"uid": "18343394", "content": "忘记了"}, {"uid": "18343394", "content": "我记得最开始可乐也是药是吧"}, {"uid": "95297039", "content": "我刚才想到了一个很好的吐槽，结果看了你一眼给忘记了，呜呜呜"}, {"uid": "357637145", "content": "龟苓膏算不算药哦"}, {"uid": "325384143", "content": "枇杷露不算药吗"}, {"uid": "18343394", "content": "我怎么想到了急支糖浆？？"}, {"uid": "357637145", "content": "汇仁肾宝片？"}, {"uid": "11458802", "content": "主要是小时候经常咳嗽，劲凉就喝了就不咳嗽"}, {"uid": "357637145", "content": "师姐，动态里的v是同门的吗"}, {"uid": "95297039", "content": "那是人间之屑"}, {"uid": "363689062", "content": "你好好看"}, {"uid": "11458802", "content": "名字叫劲凉"}, {"uid": "363689062", "content": "好好看"}, {"uid": "11458802", "content": "我记得我以前喜欢喝一种冰红茶的变体"}, {"uid": "95297039", "content": "人间之鉴"}, {"uid": "95297039", "content": "好敬业"}, {"uid": "18343394", "content": "好家伙"}, {"uid": "95297039", "content": "纯茶，东方树叶？"}, {"uid": "18343394", "content": "算饮料把"}, {"uid": "11458802", "content": "经典冰红茶"}, {"uid": "66810307", "content": "热带冰红茶"}, {"uid": "11458802", "content": "悄悄喝饮料"}, {"uid": "18343394", "content": "让我们喝水，却自己喝饮料"}, {"uid": "4783386", "content": "可以加一下群噢"}, {"uid": "212137298", "content": "来了来了"}, {"uid": "18343394", "content": "含恨上班"}, {"uid": "1704410", "content": "震惊"}, {"uid": "4783386", "content": "师姐刚睡醒，我也刚睡醒，我和师姐贴贴"}, {"uid": "95297039", "content": "听起来你有些感冒？"}, {"uid": "11458802", "content": "闭上眼睛，开始睡播"}, {"uid": "18343394", "content": "震惊刚睡醒"}, {"uid": "552461", "content": "那就摸了吧"}, {"uid": "4783386", "content": "（￣▽￣）"}, {"uid": "1704410", "content": "今天玩什么啊"}, {"uid": "95297039", "content": "早上好"}, {"uid": "18343394", "content": "来了来了"}]