[{"uid": "698355368", "content": "师姐拜拜"}, {"uid": "8138686", "content": "拜拜"}, {"uid": "8138686", "content": "我以为ppt结束了"}, {"uid": "8138686", "content": "草"}, {"uid": "13781140", "content": "拜拜"}, {"uid": "2737171", "content": "拜拜"}, {"uid": "17336749", "content": "。"}, {"uid": "8138686", "content": "拜拜"}, {"uid": "232931669", "content": "拜拜"}, {"uid": "325384143", "content": "拜拜"}, {"uid": "471069463", "content": "师姐拜拜"}, {"uid": "18343394", "content": "拜拜"}, {"uid": "4577251", "content": "师姐拜拜！"}, {"uid": "552461", "content": "拜拜"}, {"uid": "17336749", "content": "。"}, {"uid": "8138686", "content": "刚来哭了"}, {"uid": "18343394", "content": "拜拜拜拜"}, {"uid": "8138686", "content": "？？？"}, {"uid": "7833978", "content": "拜拜拜拜"}, {"uid": "325384143", "content": "抓住了未来"}, {"uid": "28481187", "content": "仓鼠重拉我一下"}, {"uid": "7833978", "content": "下播了！"}, {"uid": "7833978", "content": "什么？过关了？"}, {"uid": "12864846", "content": "我去买东西，师姐你们先玩一会"}, {"uid": "89283862", "content": "最后的结论是我脑子摸了"}, {"uid": "23015177", "content": "时间暂停"}, {"uid": "23015177", "content": "笑死"}, {"uid": "12864846", "content": "我挂一下机"}, {"uid": "89283862", "content": "我以为师姐今天摸了"}, {"uid": "325384143", "content": "我好不容易扭好"}, {"uid": "28481187", "content": "一次一人"}, {"uid": "28481187", "content": "？"}, {"uid": "7833978", "content": "鲨了他"}, {"uid": "7833978", "content": "不下播了吗？"}, {"uid": "23015177", "content": "今天下播不了了哈哈哈哈哈"}, {"uid": "23015177", "content": "断链游戏"}, {"uid": "2737171", "content": "笑死"}, {"uid": "23015177", "content": "笑死"}, {"uid": "7833978", "content": "笑死"}, {"uid": "23015177", "content": "好救命"}, {"uid": "7833978", "content": "笑死"}, {"uid": "23015177", "content": "笑死"}, {"uid": "12864846", "content": "笑死"}, {"uid": "12864846", "content": "hhhhhh"}, {"uid": "7833978", "content": "笑死"}, {"uid": "23015177", "content": "我出十块"}, {"uid": "23015177", "content": "好喏"}, {"uid": "7833978", "content": "师姐让小夜撒手"}, {"uid": "177289146", "content": "可还行"}, {"uid": "552461", "content": "笑死"}, {"uid": "504043099", "content": "？"}, {"uid": "7833978", "content": "小夜！撒手！"}, {"uid": "1340985", "content": "B站四大工业喜加一，成了五大工业"}, {"uid": "7833978", "content": "笑死"}, {"uid": "23015177", "content": "快把mm声音拉大！！！！！"}, {"uid": "177289146", "content": "晚上好"}, {"uid": "23015177", "content": "打不动"}, {"uid": "11458802", "content": "众南铜把唯一的灯泡踢出房间，做着自己的事"}, {"uid": "7833978", "content": "言寺你倒是来啊"}, {"uid": "23015177", "content": "我要听美女开麦"}, {"uid": "23015177", "content": "师姐快把mm声音拉大！"}, {"uid": "7833978", "content": "笑死"}, {"uid": "23015177", "content": "听到mm的声音了！"}, {"uid": "7833978", "content": "重来了吧"}, {"uid": "1340985", "content": "师姐，冲鸭"}, {"uid": "12864846", "content": "我这么努力在过关"}, {"uid": "12864846", "content": "呜呜呜"}, {"uid": "23015177", "content": "笑死"}, {"uid": "23015177", "content": "好家伙"}, {"uid": "23015177", "content": "？"}, {"uid": "15469971", "content": "哪个地方出问题不算事故？"}, {"uid": "698355368", "content": "事故系vtb"}, {"uid": "23015177", "content": "笑死"}, {"uid": "4394876", "content": "（￣▽￣）"}, {"uid": "11458802", "content": "和师姐结婚就不能当南铜了，不妥"}, {"uid": "108360811", "content": "我不认识"}, {"uid": "108360811", "content": "溜了，找老婆玩去了，仓鼠是谁"}, {"uid": "2737171", "content": "？？？"}, {"uid": "552461", "content": "该怎么形容你最贴切"}, {"uid": "698355368", "content": "笑死"}, {"uid": "552461", "content": "好家伙"}, {"uid": "2737171", "content": "笑死"}, {"uid": "23015177", "content": "mm发了，仓鼠记得拉"}, {"uid": "108360811", "content": "但是仓鼠符合我的XP"}, {"uid": "552461", "content": "只是把师姐对金毛做的复刻到师姐身上"}, {"uid": "23015177", "content": "我刀呢"}, {"uid": "23015177", "content": "仓鼠好恶心哦"}, {"uid": "108360811", "content": "我要脚"}, {"uid": "2737171", "content": "笑死"}, {"uid": "108360811", "content": "然后被叫了一下"}, {"uid": "108360811", "content": "刚才听仓鼠声音太入迷买东西忘记付钱了"}, {"uid": "7833978", "content": "不是来呗追杀的！"}, {"uid": "7833978", "content": "我是来过关的！"}, {"uid": "2737171", "content": "笑死，根本不在意主线"}, {"uid": "23015177", "content": "《美色》当前"}, {"uid": "552461", "content": "不堪受辱的金毛"}, {"uid": "23015177", "content": "？？"}, {"uid": "2737171", "content": "《追杀》"}, {"uid": "108360811", "content": "我可以试试！"}, {"uid": "108360811", "content": "刚才是谁喊的金毛！那么长劲有力"}, {"uid": "86689955", "content": "形 象 崩 坏"}, {"uid": "552461", "content": "金毛：弱小且无助"}, {"uid": "23015177", "content": "金毛为了躲你们，很努力了"}, {"uid": "7833978", "content": "不敢动"}, {"uid": "86689955", "content": "这是白怜？"}, {"uid": "23015177", "content": "笑死"}, {"uid": "552461", "content": "曾经以为徇情只是古老的传言"}, {"uid": "18805678", "content": "绷不住了"}, {"uid": "86689955", "content": "开幕雷击"}, {"uid": "4577251", "content": "草"}, {"uid": "86689955", "content": "草"}, {"uid": "399580643", "content": "节奏还对上了"}, {"uid": "552461", "content": "确实，力的作用是相互的"}, {"uid": "399580643", "content": "这是人能整出来的活？"}, {"uid": "23015177", "content": "这个bgm很合适"}, {"uid": "23015177", "content": "笑死"}, {"uid": "4577251", "content": "为了装模拟人生全都卸载了"}, {"uid": "4577251", "content": "我重新下载一下（泪目）"}, {"uid": "108360811", "content": "我作为一个男人找一个男朋友很正常把"}, {"uid": "2737171", "content": "守不了，守不了"}, {"uid": "23015177", "content": "飞机票吧"}, {"uid": "23015177", "content": "看大家玩的这么开心，一人一张离开群的吧"}, {"uid": "108360811", "content": "有仓鼠想去，但是又没有电脑"}, {"uid": "552461", "content": "晕视角变化太快"}, {"uid": "552461", "content": "晕视角"}, {"uid": "552461", "content": "直播间公然拉拉扯扯"}, {"uid": "23015177", "content": "我笑死"}, {"uid": "552461", "content": "笑死"}, {"uid": "108360811", "content": "抛弃仓鼠"}, {"uid": "23015177", "content": "？"}, {"uid": "108360811", "content": "仓鼠是谁？我不知道"}, {"uid": "2737171", "content": "笑死"}, {"uid": "108360811", "content": "溜了溜了，到家了，和老婆玩去了"}, {"uid": "483003102", "content": "好诶 击剑"}, {"uid": "23015177", "content": "他逃，她追，他插翅难飞"}, {"uid": "552461", "content": "什么人体蜈蚣"}, {"uid": "23015177", "content": "一锅萌"}, {"uid": "2737171", "content": "经典鹅叫"}, {"uid": "23015177", "content": "那你去和他们一起玩"}, {"uid": "23015177", "content": "他想你死哈哈哈哈哈哈哈哈"}, {"uid": "108360811", "content": "我要和仓鼠击剑"}, {"uid": "23015177", "content": "隆基努斯：谁造谣我"}, {"uid": "552461", "content": "让仓鼠和金毛贴吧"}, {"uid": "483003102", "content": "人活着就是为了仓鼠"}, {"uid": "2737171", "content": "？？！"}, {"uid": "23015177", "content": "笑死"}, {"uid": "552461", "content": "？？？？？？？"}, {"uid": "23015177", "content": "心理准备"}, {"uid": "23015177", "content": "好家伙"}, {"uid": "552461", "content": "笑死"}, {"uid": "12864846", "content": "笑死hhhhhhhh"}, {"uid": "108360811", "content": "吸溜"}, {"uid": "108360811", "content": "我是仓鼠头号南通"}, {"uid": "552461", "content": "又到了耐久回"}, {"uid": "471069463", "content": "师妹们，支棱起来"}, {"uid": "7833978", "content": "我直接下播"}, {"uid": "108360811", "content": "让仓鼠说话"}, {"uid": "12864846", "content": "笑死"}, {"uid": "108360811", "content": "仓鼠一说话我就觉得碰见对的人了！心动"}, {"uid": "4577251", "content": "师姐:精准辨认师妹"}, {"uid": "7833978", "content": "笑死"}, {"uid": "471069463", "content": "三千化身"}, {"uid": "36329344", "content": "度仙门只有蓝酮和铝酮"}, {"uid": "23015177", "content": "我也分不出来"}, {"uid": "11458802", "content": "不用在意，都是你的身外化身"}, {"uid": "12864846", "content": "仓鼠是南桐的事实"}, {"uid": "552461", "content": "仓鼠是白怜的化身之一（确信）"}, {"uid": "7833978", "content": "渡仙门第一山宠代播"}, {"uid": "12864846", "content": "藏不住了"}, {"uid": "108360811", "content": "仓鼠，嘿嘿嘿，仓鼠嘿嘿嘿"}, {"uid": "23015177", "content": "谋权篡位"}, {"uid": "23015177", "content": "我笑死"}, {"uid": "552461", "content": "笑死"}, {"uid": "12864846", "content": "笑死"}, {"uid": "108360811", "content": "结果你还不如听！"}, {"uid": "108360811", "content": "我不要！我看白怜直播间就是为了看仓鼠"}, {"uid": "12864846", "content": "笑死"}, {"uid": "12864846", "content": "hhhhhhhhhh"}, {"uid": "11458802", "content": "BGM都不用配了"}, {"uid": "108360811", "content": "我可以！"}, {"uid": "552461", "content": "检测直播间南桐浓度#"}, {"uid": "23015177", "content": "人不能，至少不该"}, {"uid": "108360811", "content": "哦吼吼吼"}, {"uid": "23015177", "content": "？？？？？"}, {"uid": "7833978", "content": "叉出去"}, {"uid": "552461", "content": "好家伙"}, {"uid": "2737171", "content": "是南桐"}, {"uid": "2737171", "content": "这是仓鼠"}, {"uid": "108360811", "content": "这是谁的声音！我boke了！"}, {"uid": "2737171", "content": "淦，给我上第二盅了"}, {"uid": "1457515", "content": "我喜歡混沌的大姐頭（￣▽￣）"}, {"uid": "108360811", "content": "我要和仓鼠击剑，你说仓鼠水仙了"}, {"uid": "23015177", "content": "我都再的"}, {"uid": "18343394", "content": "我干啥了"}, {"uid": "18343394", "content": "？？？？"}, {"uid": "1457515", "content": "改成大姐頭一敗塗地"}, {"uid": "23015177", "content": "师姐，麦外敷"}, {"uid": "7833978", "content": "我永远喜欢师姐"}, {"uid": "23015177", "content": "我不喜欢师姐，我爱师姐"}, {"uid": "108360811", "content": "点名批评仓鼠"}, {"uid": "479089998", "content": "传下去，师姐可以自花授粉"}, {"uid": "36329344", "content": "哪个女孩子会不喜欢师姐"}, {"uid": "2737171", "content": "不可能的，我很有原则的"}, {"uid": "483003102", "content": "师姐五亿化身，自己就可以当自己老婆"}, {"uid": "552461", "content": "应该说有多少不是师姐老婆"}, {"uid": "479089998", "content": "师姐无论到哪都是后宫王"}, {"uid": "1457515", "content": "懂了，大姐頭花心蘿蔔"}, {"uid": "108360811", "content": "师姐我是不是你老婆"}, {"uid": "483003102", "content": "不怕，师姐道德无"}, {"uid": "2737171", "content": "？？？？？？"}, {"uid": "1457515", "content": "你到底有多少老婆？"}, {"uid": "2737171", "content": "挡住道路"}, {"uid": "108360811", "content": "所以不怕"}, {"uid": "23015177", "content": "笑死"}, {"uid": "698355368", "content": "这不是对线直播间吗"}, {"uid": "2737171", "content": "请舰长们不要笑死在直播间里"}, {"uid": "483003102", "content": "我要师姐的金轮装"}, {"uid": "18343394", "content": "笑死了"}, {"uid": "18343394", "content": "高情商回复"}, {"uid": "483003102", "content": "我要搞击剑"}, {"uid": "1457515", "content": "你不是說你男的嗎？兩個男人結？"}, {"uid": "7833978", "content": "我不是我没有你别乱说"}, {"uid": "18805678", "content": "笑死"}, {"uid": "7833978", "content": "走 这就走"}, {"uid": "18343394", "content": "笑死"}, {"uid": "232931669", "content": "不会笑死那回什么"}, {"uid": "108360811", "content": "我对金毛有兴趣了。"}, {"uid": "483003102", "content": "金轮，我的金轮，嘿嘿嘿。。。"}, {"uid": "36329344", "content": "拿户口本出国"}, {"uid": "552461", "content": "笑死"}, {"uid": "2737171", "content": "笑死"}, {"uid": "4577251", "content": "笑死"}, {"uid": "483003102", "content": "师姐，我的师姐"}, {"uid": "2737171", "content": "金毛居然这么小"}, {"uid": "15469971", "content": "已经表明态度了，她听完都笑死了"}, {"uid": "7833978", "content": "我不是 我没有 你别乱说、"}, {"uid": "552461", "content": "毕竟同性别不能结婚"}, {"uid": "2737171", "content": "好家伙"}, {"uid": "18343394", "content": "我也带户口本了金毛我们走"}, {"uid": "7833978", "content": "？？？"}, {"uid": "1457515", "content": "大姐頭你到底什麼成分？"}, {"uid": "483003102", "content": "爷好这口！"}, {"uid": "325384143", "content": "满腹金轮"}, {"uid": "479089998", "content": "大佬们，有素材了，把师姐头p到金轮上"}, {"uid": "18343394", "content": "？？哪有金轮？？"}, {"uid": "7833978", "content": "我带户口本了！"}, {"uid": "483003102", "content": "给爷看金轮！"}, {"uid": "483003102", "content": "我要看金轮！"}, {"uid": "15469971", "content": "金轮不好康吗"}, {"uid": "108360811", "content": "师姐请和我结婚！拿出户口本"}, {"uid": "552461", "content": "要是金轮那不是更好"}, {"uid": "18343394", "content": "金毛反思一下阿"}, {"uid": "18343394", "content": "笑死"}, {"uid": "7833978", "content": "我带户口本了啊"}, {"uid": "2737171", "content": "笑死"}, {"uid": "552461", "content": "？？？"}, {"uid": "483003102", "content": "师姐是金轮（#精神错乱）"}, {"uid": "7833978", "content": "？？？"}, {"uid": "23015177", "content": "把我吓一跳"}, {"uid": "12864846", "content": "不服现实碰一碰"}, {"uid": "23015177", "content": "bgm"}, {"uid": "1457515", "content": "你是男人那還不是南通？"}, {"uid": "4577251", "content": "击剑浓度超标（x"}, {"uid": "23015177", "content": "这个帮个忙"}, {"uid": "2737171", "content": "没事，都是LGBT"}, {"uid": "7833978", "content": "笑死"}, {"uid": "12864846", "content": "仓鼠：线下硬碰硬"}, {"uid": "36329344", "content": "师姐不是南桐，师姐是铝桐"}, {"uid": "108360811", "content": "JOJO：这个我熟"}, {"uid": "12864846", "content": "笑死"}, {"uid": "12864846", "content": "hhhhhhhhh"}, {"uid": "479089998", "content": "床搬来了"}, {"uid": "12864846", "content": "我也喜欢欣赏漂漂亮亮的女孩子"}, {"uid": "2737171", "content": "笑死"}, {"uid": "479089998", "content": "我要和师姐击剑"}, {"uid": "18343394", "content": "？？？"}, {"uid": "471069463", "content": "hhh"}, {"uid": "552461", "content": "南桐之间是会相互吸引的"}, {"uid": "483003102", "content": "我们要金轮"}, {"uid": "479089998", "content": "师姐你面对现实吧"}, {"uid": "12864846", "content": "师姐的直播间有了仓鼠之后南桐指数直线上升"}, {"uid": "483003102", "content": "师姐快点放点金轮"}, {"uid": "108360811", "content": "所以dd都是南通那么vup也是南通"}, {"uid": "108360811", "content": "什么样的vup有什么样的dd"}, {"uid": "7833978", "content": "笑死"}, {"uid": "7833978", "content": "加班啊"}, {"uid": "7833978", "content": "晓月喝麻了"}, {"uid": "552461", "content": "澄清一下，这不是造谣，这是事实"}, {"uid": "2737171", "content": "你看看你的舰长，都开始南桐了"}, {"uid": "483003102", "content": "金轮，我的金轮。。。嘿嘿嘿。。。"}, {"uid": "2737171", "content": "一直以来都致力于传播混沌"}, {"uid": "108360811", "content": "嘿嘿嘿（流口水）南通……嘿嘿嘿（流口水）"}, {"uid": "552461", "content": "这就是七月份的笑话吗"}, {"uid": "483003102", "content": "至于嘛你们"}, {"uid": "4577251", "content": "笑死我了"}, {"uid": "483003102", "content": "我不就是当了一次狼吗"}, {"uid": "108360811", "content": "后面看直播间是这样的"}, {"uid": "108360811", "content": "嘿嘿嘿（流口水）道韵……嘿嘿嘿（流口水）"}, {"uid": "108360811", "content": "我第一次看直播间是这样的"}, {"uid": "12864846", "content": "笑死"}, {"uid": "12864846", "content": "hhhhhhhh"}, {"uid": "479089998", "content": "师姐以一己之力污染了所有的师妹们"}, {"uid": "7833978", "content": "？？？"}, {"uid": "483003102", "content": "我想再保护师姐一次"}, {"uid": "2737171", "content": "好0啊"}, {"uid": "483003102", "content": "好想再玩一次太空杀"}, {"uid": "18343394", "content": "也不腼腆"}, {"uid": "12864846", "content": "腼腆的像一个第一次见到陌生人的小孩"}, {"uid": "483003102", "content": "我摊牌了 我是gachi头子"}, {"uid": "18343394", "content": "笑死他鲨我的时候可不清楚"}, {"uid": "4577251", "content": "师姐笑得搓碟"}, {"uid": "108360811", "content": "我是人类恶"}, {"uid": "552461", "content": "你把师姐都逗乐了。jpg"}, {"uid": "2737171", "content": "笑死，变着法子骂金毛0"}, {"uid": "20576137", "content": "清(hun)楚(dun)"}, {"uid": "12864846", "content": "笑死"}, {"uid": "232931669", "content": "全是大恶人"}, {"uid": "325384143", "content": "馄饨饿"}, {"uid": "18343394", "content": "大恶！！！"}, {"uid": "18343394", "content": "金毛混沌恶！！！！"}, {"uid": "108360811", "content": "一丝可怜"}, {"uid": "483003102", "content": "师姐不是道德无天尊吗？"}, {"uid": "2737171", "content": "那完了，直播没了"}, {"uid": "479089998", "content": "混沌魔王的低语"}, {"uid": "20576137", "content": "什么样的v，什么样的d"}, {"uid": "7833978", "content": "混沌恶的叉出去"}, {"uid": "479089998", "content": "只有像素够清楚"}, {"uid": "108360811", "content": "师姐可是混沌恶"}, {"uid": "552461", "content": "像素挺清楚的"}, {"uid": "4577251", "content": "师姐的声音可塑性真的很强（泪目）"}, {"uid": "2737171", "content": "确实，没毛病，那个进度条很清楚"}, {"uid": "483003102", "content": "溜了溜了 莫得小钱钱了"}, {"uid": "483003102", "content": "差点被对面翻盘"}, {"uid": "479089998", "content": "诶，师姐不是混沌系的吗"}, {"uid": "23015177", "content": "我信了.jpg"}, {"uid": "108360811", "content": "造谣头子再次"}, {"uid": "552461", "content": "是上面的大乱斗进度条吗"}, {"uid": "7833978", "content": "清楚的都没了 诶嘿~"}, {"uid": "20576137", "content": "声音好像柯南里的吉田步美啊"}, {"uid": "483003102", "content": "天天想着如何送走师妹的屑师姐"}, {"uid": "7833978", "content": "你们有把我放在眼里嘛"}, {"uid": "552461", "content": "我们清不清楚不知道，但是师姐肯定不清楚"}, {"uid": "108360811", "content": "古神之语也不过如此"}, {"uid": "2737171", "content": "我们可真是太清楚了"}, {"uid": "483003102", "content": "非常屑的一个人"}, {"uid": "4577251", "content": "师姐什么时候换剧本的？"}, {"uid": "483003102", "content": "开始屑的师姐"}, {"uid": "7833978", "content": "师妹们满脸写着高兴"}, {"uid": "552461", "content": "关照（）"}, {"uid": "7833978", "content": "都是”自愿“"}, {"uid": "2737171", "content": "给仓鼠用吧"}, {"uid": "2737171", "content": "没事，这个年卡可以给别人用的"}, {"uid": "483003102", "content": "后续都不用交钱的"}, {"uid": "232931669", "content": "那可真是谢谢师姐了"}, {"uid": "12864846", "content": "笑死"}, {"uid": "18343394", "content": "这不是为了你办的吗"}, {"uid": "18343394", "content": "？？"}, {"uid": "7833978", "content": "让我来看看是卡祖笛硬还是仓鼠的脑壳硬"}, {"uid": "108360811", "content": "医生！36号病床该吃药了！"}, {"uid": "483003102", "content": "所以大师姐弃疗了"}, {"uid": "483003102", "content": "因为这个师姐经常把师妹们送进ICU"}, {"uid": "12864846", "content": "大型连续剧，《卡祖笛传奇》"}, {"uid": "7833978", "content": "卡祖笛传奇"}, {"uid": "7833978", "content": "大型连续剧"}, {"uid": "18343394", "content": "80集起播"}, {"uid": "483003102", "content": "可以多多关注这个+20茶道的师姐哦"}, {"uid": "18343394", "content": "笑死"}, {"uid": "18343394", "content": "甚至自己还有"}, {"uid": "483003102", "content": "是的 茶道+20的那个师姐"}, {"uid": "4577251", "content": "师姐我们今天演什么"}, {"uid": "7833978", "content": "我来的时候师姐还没有卡祖笛"}, {"uid": "18343394", "content": "我喜欢"}, {"uid": "108360811", "content": "师姐什么时候不疯了艾特我一下"}, {"uid": "2737171", "content": "你们就离谱"}, {"uid": "7833978", "content": "仓鼠补铁用的"}, {"uid": "93535191", "content": "刺猬猫来的这是大师姐弃疗了的白师姐吗？"}, {"uid": "18343394", "content": "金毛可喜欢听了"}, {"uid": "4577251", "content": "直播间重金属超标"}, {"uid": "7833978", "content": "重金属的"}, {"uid": "18343394", "content": "金属的"}, {"uid": "7833978", "content": "仓鼠和卡祖笛贴"}, {"uid": "12864846", "content": "hhhhhh"}, {"uid": "12864846", "content": "师姐你好屑啊"}, {"uid": "2737171", "content": "但是，我拒绝"}, {"uid": "18343394", "content": "我也有卡祖笛我和师姐贴贴"}, {"uid": "20576137", "content": "怎么一种港味和日漫国配的味道"}, {"uid": "471069463", "content": "啊，师姐。"}, {"uid": "23015177", "content": "清醒一点"}, {"uid": "8161805", "content": "好怪哦"}, {"uid": "552461", "content": "又开始了吗"}, {"uid": "4577251", "content": "师  姐  在  笑"}, {"uid": "18805678", "content": "害怕"}, {"uid": "7833978", "content": "迟早把你的卡祖笛和风车给你砸咯"}, {"uid": "226964539", "content": "这个声音有点秀逗了"}, {"uid": "36329344", "content": "经典配音"}, {"uid": "2737171", "content": "没事，仓鼠喜欢"}, {"uid": "226964539", "content": "？？？"}, {"uid": "18343394", "content": "笑死"}, {"uid": "108360811", "content": "所以，我买个瓜吃"}, {"uid": "7833978", "content": "？？？"}, {"uid": "2737171", "content": "打扰了"}, {"uid": "2737171", "content": "笑死"}, {"uid": "7833978", "content": "打扰了哦~"}, {"uid": "23015177", "content": "笑死"}, {"uid": "12864846", "content": "笑死】"}, {"uid": "12864846", "content": "晚上好师姐"}, {"uid": "15745872", "content": "快跑，师傅正在窥屏"}, {"uid": "2737171", "content": "《怎么敢的》"}, {"uid": "23015177", "content": "怎么敢的"}, {"uid": "2737171", "content": "笑死"}, {"uid": "23015177", "content": "笑死"}, {"uid": "7833978", "content": "师妹：阿巴阿巴"}, {"uid": "15745872", "content": "琼明峰交际花，白师姐"}, {"uid": "7833978", "content": "嗯？"}, {"uid": "23015177", "content": "笑死"}, {"uid": "2737171", "content": "这是师妹和师姐对唱，实锤了"}, {"uid": "7833978", "content": "笑死"}, {"uid": "23015177", "content": "好强"}, {"uid": "23015177", "content": "居然不会口胡"}, {"uid": "15745872", "content": "这歌唱给自己听的吧2333"}, {"uid": "4577251", "content": "好家伙"}, {"uid": "23015177", "content": "好家伙"}, {"uid": "232931669", "content": "我又回来了"}, {"uid": "11458802", "content": "吃点甜的东西可能好点"}, {"uid": "20576137", "content": "困了再喝没效果的"}, {"uid": "4577251", "content": "这里的人很好，说话又好听，超喜欢这里的"}, {"uid": "11458802", "content": "感觉已经回光返照了"}, {"uid": "20576137", "content": "咖啡要在不困的时候喝才有用"}, {"uid": "18343394", "content": "好家伙"}, {"uid": "7833978", "content": "控制不了哎呀"}, {"uid": "226964539", "content": "那玩玩吧"}, {"uid": "18805678", "content": "哈哈哈"}, {"uid": "20576137", "content": "感觉断气了"}, {"uid": "4577251", "content": "好好听（泪目）"}, {"uid": "226964539", "content": "蚌埠住了哈哈"}, {"uid": "4577251", "content": "（歌声已经恐怖起来了）"}, {"uid": "4577251", "content": "师姐玩吧（恐游）"}, {"uid": "4577251", "content": "说起来这个歌是班迪和他的墨水机器的同人曲"}, {"uid": "7833978", "content": "假身代唱"}, {"uid": "1704410", "content": "明天就切"}, {"uid": "4577251", "content": "师姐唱这个歌太好听了（泪目）（泪目）"}, {"uid": "15745872", "content": "这摇摆好鬼畜啊"}, {"uid": "226964539", "content": "晚上好师姐"}, {"uid": "4577251", "content": "吃冰淇淋（泪目）"}, {"uid": "1704410", "content": "切片警告"}, {"uid": "4577251", "content": "这个歌好好听"}, {"uid": "11458802", "content": "点开周杰伦系列"}, {"uid": "4577251", "content": "唱伤心的人别听慢歌（不是）"}, {"uid": "21302694", "content": "唱宝宝巴士"}, {"uid": "23015177", "content": "来啦"}, {"uid": "11458802", "content": "本来刚下班有点困，现在已经醒了"}, {"uid": "4577251", "content": "唱会唱的快歌（？？）"}, {"uid": "21302694", "content": "原来师姐也不是什么都会啊（"}, {"uid": "698355368", "content": "已经彻底清醒了"}, {"uid": "108360811", "content": "仓鼠快跑！这里不是家"}, {"uid": "552461", "content": "具有感染力的歌声"}, {"uid": "4577251", "content": "师姐醒神唱法"}, {"uid": "108360811", "content": "我的耳朵成功dio了"}, {"uid": "4577251", "content": "唱点炸裂的（？）"}, {"uid": "18343394", "content": "已经跑到新加坡了"}, {"uid": "325384143", "content": "好拉"}, {"uid": "18343394", "content": "死亡跑调"}, {"uid": "12152981", "content": "开始奇怪起来了"}, {"uid": "471069463", "content": "唱起来了"}, {"uid": "28481187", "content": "？"}, {"uid": "471069463", "content": "www"}, {"uid": "471069463", "content": "自己配着伴奏唱还好，清唱就裂开了"}, {"uid": "4577251", "content": "师姐是3S大户"}, {"uid": "483003102", "content": "我能唱武器A（#雾）"}, {"uid": "108360811", "content": "我常年e"}, {"uid": "325384143", "content": "sss是最高的"}, {"uid": "18343394", "content": "好家伙"}, {"uid": "325384143", "content": "我唱歌软件常年只唱个A"}, {"uid": "483003102", "content": "什么时候卡祖笛批发下"}, {"uid": "108360811", "content": "为什么师姐不如主持一个跑团呢"}, {"uid": "4577251", "content": "师姐灵宠:卡祖笛"}, {"uid": "28481187", "content": "不要卡祖笛"}, {"uid": "471069463", "content": "都太谦虚了"}, {"uid": "552461", "content": "这份信任到底还是错付了"}, {"uid": "18343394", "content": "都可以唱"}, {"uid": "1704410", "content": "w粉能送卡祖笛吗"}, {"uid": "18343394", "content": "唱"}, {"uid": "4577251", "content": "吃一根冰淇淋（泪目）"}, {"uid": "11458802", "content": "其实那时候带着耳机听已经被击毙了"}, {"uid": "698355368", "content": "睡！！！"}, {"uid": "1704410", "content": "？？？"}, {"uid": "483003102", "content": "我可以唱歌把师姐送走"}, {"uid": "108360811", "content": "反正不会唱歌"}, {"uid": "232931669", "content": "编继续编"}, {"uid": "11458802", "content": "洗完大伙人就没了╮(￣▽￣)╭"}, {"uid": "108360811", "content": "我可，只要不嫌弃我声音要命就可以"}, {"uid": "28481187", "content": "出个新服装"}, {"uid": "471069463", "content": "不会唱歌www"}, {"uid": "18343394", "content": "让大家去世就不会审美疲劳了"}, {"uid": "4577251", "content": "《为了大家》"}, {"uid": "483003102", "content": "我们又没有迫害师姐过，师姐何必如此？"}, {"uid": "325384143", "content": "我是路人粉耶"}, {"uid": "28481187", "content": "五言不全，会要人命"}, {"uid": "18343394", "content": "第一届死亡音波回响会？"}, {"uid": "2737171", "content": "都是迫害舰长"}, {"uid": "2737171", "content": "为什么师姐所有能想到的活动"}, {"uid": "125980051", "content": "好摸"}, {"uid": "1704410", "content": "想让星间出道"}, {"uid": "232931669", "content": "我可以污染各位的耳朵"}, {"uid": "28481187", "content": "但是我拒绝"}, {"uid": "4577251", "content": "师姐传统舰长歌会:舰长唱歌"}, {"uid": "471069463", "content": "咳咳咳"}, {"uid": "108360811", "content": "感觉师姐的路人粉好少"}, {"uid": "2737171", "content": "？？？"}, {"uid": "11458802", "content": "摸，就硬摸"}, {"uid": "402409856", "content": "现在师姐只想岁月静好"}, {"uid": "28481187", "content": "搞个活动"}, {"uid": "2737171", "content": "摸，都可以摸"}, {"uid": "4577251", "content": "十分之一笑死了"}, {"uid": "28481187", "content": "万粉庆祝！！！"}, {"uid": "552461", "content": "这个月已经过去十分之一了"}, {"uid": "18343394", "content": "懂了明天就是八月"}, {"uid": "483003102", "content": "不值得吗"}, {"uid": "28481187", "content": "值得"}, {"uid": "125980051", "content": "羡慕"}, {"uid": "18343394", "content": "？这次月初阿"}, {"uid": "11458802", "content": "两眼一闭，全看天意"}, {"uid": "4577251", "content": "1w粉活动有无！"}, {"uid": "2737171", "content": "都是平台的黑听dd"}, {"uid": "108360811", "content": "一堆都是直播平台的死人"}, {"uid": "108360811", "content": "天天来看的也就几百个人"}, {"uid": "471069463", "content": "对了，师姐1w粉的时候有什么打算吗"}, {"uid": "108360811", "content": "一年半时间3w粉，一个月才7k到9k"}, {"uid": "552461", "content": "继续看猫和老鼠吧"}, {"uid": "402409856", "content": "这还不到12个时辰师姐怎么解开我的点穴"}, {"uid": "2737171", "content": "晚上好"}, {"uid": "552461", "content": "睡吧"}, {"uid": "108360811", "content": "差不多，因为实在不赚钱，就被赶出来了"}, {"uid": "100156586", "content": "初见可爱单推"}, {"uid": "108360811", "content": "我以前播单机游戏的"}, {"uid": "28481187", "content": "懂了，这就创小号，再初见单推"}, {"uid": "325384143", "content": "创建vtb身份"}, {"uid": "4577251", "content": "舰长里好多前辈，惊了"}, {"uid": "11458802", "content": "因为不想和他击剑"}, {"uid": "100156586", "content": "单推"}, {"uid": "325384143", "content": "明白了，现在就去创建"}, {"uid": "28481187", "content": "初见单推"}, {"uid": "108360811", "content": "明白了，马上换号"}, {"uid": "100156586", "content": "初见可爱"}, {"uid": "11458802", "content": "明白了，这就换vtb皮上去代播"}, {"uid": "325384143", "content": "只是出手的话是做不到跳宅舞的"}, {"uid": "108360811", "content": "感情深我们就干了这杯摩丶格丶托夫鸡尾丶酒"}, {"uid": "4577251", "content": "直播间:舰长代播跳宅舞"}, {"uid": "232931669", "content": "直接让椅子代播吧"}, {"uid": "471069463", "content": "   ？？？"}, {"uid": "108360811", "content": "师姐我们感情深不深"}, {"uid": "325384143", "content": "代播摸鱼不也是代播吗（doge"}, {"uid": "471069463", "content": "聊会天？"}, {"uid": "232931669", "content": "吃饭"}, {"uid": "220762377", "content": "来了"}, {"uid": "1704410", "content": "能播但不干"}, {"uid": "108360811", "content": "安利一波莫丶洛丶托丶夫丶鸡丶尾丶酒"}, {"uid": "4577251", "content": "让舰长代播唱歌"}, {"uid": "18343394", "content": "能代播摸鱼"}, {"uid": "28481187", "content": "无"}, {"uid": "4577251", "content": "让舰长代播（不是）"}, {"uid": "471069463", "content": "好的呢"}, {"uid": "4577251", "content": "说唱歌我就不困了"}, {"uid": "76745726", "content": "早上好师姐"}, {"uid": "18343394", "content": "喝肾宝把"}, {"uid": "471069463", "content": "来了来了"}, {"uid": "18343394", "content": "喝肾宝把"}, {"uid": "4577251", "content": "喝伏特加"}, {"uid": "11458802", "content": "今天播睡觉（不是）"}, {"uid": "108360811", "content": "安利一波喝了3杯之后三天三夜很精神的咖啡"}, {"uid": "212137298", "content": "晚上好"}, {"uid": "212137298", "content": "来了"}, {"uid": "28481187", "content": "师姐晚上好"}, {"uid": "4577251", "content": "没睡吗（瞳孔地震）"}, {"uid": "4577251", "content": "草"}, {"uid": "232931669", "content": "晚上好"}, {"uid": "108360811", "content": "师姐又是没有睡醒的一天"}, {"uid": "552461", "content": "晚上好"}, {"uid": "4577251", "content": "这个待机画面好好看"}, {"uid": "108360811", "content": "师姐凌晨好"}, {"uid": "4577251", "content": "师姐晚上好！"}, {"uid": "18343394", "content": "\\师姐/\\师姐/\\师姐/\\师姐/\\师姐/"}, {"uid": "7833978", "content": "\\师姐/\\师姐/\\师姐/\\师姐/\\师姐/"}, {"uid": "23788930", "content": "\\师姐/\\师姐/\\师姐/\\师姐/\\师姐/"}, {"uid": "18343394", "content": "\\师姐/\\师姐/\\师姐/\\师姐/\\师姐/"}, {"uid": "7833978", "content": "\\师姐/\\师姐/\\师姐/\\师姐/\\师姐/"}, {"uid": "18343394", "content": "\\师姐/\\师姐/\\师姐/\\师姐/"}, {"uid": "7833978", "content": "\\师姐/\\师姐/\\师姐/\\师姐/\\师姐/"}, {"uid": "23015177", "content": "\\师姐/\\师姐/\\师姐/\\师姐/\\师姐/"}, {"uid": "23015177", "content": "\\师姐/\\师姐/\\师姐/\\师姐/\\师姐/"}]