[{"uid": "270378069", "content": "非常可爱"}, {"uid": "370313042", "content": "居然是草。。。"}, {"uid": "11933330", "content": "晚期就是植物人"}, {"uid": "1543550802", "content": "我猜出上面几个留言分别是谁了"}, {"uid": "253499835", "content": "好活"}, {"uid": "35177495", "content": "哈哈哈哈"}, {"uid": "489030876", "content": "草？"}, {"uid": "39547622", "content": "随妹"}, {"uid": "149504877", "content": "在人群中钻出一个，光头"}, {"uid": "4792886", "content": "？"}, {"uid": "33845724", "content": "可爱"}, {"uid": "454433905", "content": "沉默乐团出逃（幻视）"}, {"uid": "33786253", "content": "草"}, {"uid": "251129323", "content": "魔法少女枫糖（雾）"}, {"uid": "8053519", "content": "先记一笔经常唱歌"}, {"uid": "36874254", "content": "散装相声"}, {"uid": "35912745", "content": "散装歌剧"}, {"uid": "35912745", "content": "还有散装相声"}, {"uid": "451909151", "content": "不可以"}, {"uid": "35912745", "content": "哈哈哈哈哈哈哈哈哈哈"}, {"uid": "549108", "content": "植物人 嗯"}, {"uid": "37055", "content": "这草这么能活的?"}, {"uid": "1543550802", "content": "我又来了"}, {"uid": "30336682", "content": "啊这"}, {"uid": "1543550802", "content": "我来了"}, {"uid": "524586935", "content": "好耶"}, {"uid": "35912745", "content": "笑死"}]