[{"uid": "23171345", "content": "御音放送"}, {"uid": "129929628", "content": "好听"}, {"uid": "526498003", "content": "好听"}, {"uid": "36810930", "content": "谢谢已经睡着了"}, {"uid": "396180877", "content": "芜湖"}, {"uid": "97721", "content": "梦里也有debubu"}, {"uid": "6784932", "content": "好耶"}, {"uid": "1225424888", "content": "弹幕"}, {"uid": "28298271", "content": "好耶"}, {"uid": "28298271", "content": "好耶"}, {"uid": "406150757", "content": "好耶"}, {"uid": "33213333", "content": "嘶呀"}, {"uid": "30607234", "content": "睡吧铃宝"}, {"uid": "5661239", "content": "睡吧睡吧我亲爱的零宝"}, {"uid": "1305734", "content": "?"}]