[{"uid": "3597942", "content": "BOEING部，造飞机的"}, {"uid": "20193333", "content": "ohhhhhhh！"}, {"uid": "25607010", "content": "啧，那味重了"}, {"uid": "255153016", "content": "空客部"}, {"uid": "480044813", "content": "一块钱，买不了吃亏，买不了上当"}, {"uid": "85495889", "content": "哇，笑声好可爱啊啊啊啊啊啊"}, {"uid": "433427836", "content": "这雨刷器之歌太出味了"}, {"uid": "22810596", "content": "我去好像啊 而且很温柔的感觉"}, {"uid": "27101074", "content": "一模一样"}, {"uid": "441320361", "content": "一模一樣"}, {"uid": "226156418", "content": "耳伞伞"}, {"uid": "27301097", "content": "回收，彩电，电脑，冰箱，空调，热水器～"}, {"uid": "34005584", "content": "Boing~boom"}, {"uid": "35682348", "content": "味儿太浓了哈哈哈哈"}, {"uid": "163633", "content": "收破烂的吧哈哈哈哈哈或"}, {"uid": "277664089", "content": "猫猫的中文好好！"}, {"uid": "325038236", "content": "腔调有了，声线不太对"}, {"uid": "24992120", "content": "这商场播这个瞬间变地摊233"}, {"uid": "156951744", "content": "boing部？我老懂了"}, {"uid": "33335465", "content": "一模一样"}, {"uid": "328318938", "content": "DNA動了"}, {"uid": "328318938", "content": "剛想說友都八喜，各種中文播音"}, {"uid": "403272990", "content": "《现在都不会啦》"}, {"uid": "40874464", "content": "bo音部"}, {"uid": "1017075360", "content": "报菜名"}, {"uid": "1225424888", "content": "轻音部（幻听）doge"}, {"uid": "4583498", "content": "回收旧电视，旧电脑。。。。。"}, {"uid": "23872532", "content": "嗯！有全场十元今日清仓那味了"}, {"uid": "2405004", "content": "来一段电车的"}, {"uid": "8116446", "content": "收旧电视旧冰箱旧彩电洗衣机"}, {"uid": "33188186", "content": "声音好像贝法啊"}, {"uid": "33569154", "content": "倒背如流草"}, {"uid": "349229621", "content": "可以，这味有了"}, {"uid": "475880385", "content": "卧槽，爱了爱了"}, {"uid": "244418948", "content": "味儿太重了"}, {"uid": "186815", "content": "Boing~boom"}, {"uid": "1451236", "content": "全场10元，走过路过不要错过"}, {"uid": "3207714", "content": "刚刚打开电梯的观众"}, {"uid": "156951744", "content": "收破烂拉"}, {"uid": "44737079", "content": "蒸牛蛙"}, {"uid": "24940", "content": "DNA动了"}, {"uid": "503487797", "content": "为何如此生草"}, {"uid": "5972885", "content": "草"}, {"uid": "499299092", "content": "建议来的江南皮革厂"}, {"uid": "1944151", "content": "boing部"}, {"uid": "2705066", "content": "可以去高铁播音了"}, {"uid": "702466514", "content": "专业"}, {"uid": "43909", "content": "boing部（"}, {"uid": "290851429", "content": "突然想到街边2元店。。。"}, {"uid": "15811101", "content": "哈哈哈"}, {"uid": "32872999", "content": "我是空客部的"}, {"uid": "282203617", "content": "boing不"}, {"uid": "19845476", "content": "草"}, {"uid": "6931450", "content": "忍不住想笑"}, {"uid": "328318938", "content": "什麼時候wactor和友都八喜合作？"}, {"uid": "13980930", "content": "专业啊"}, {"uid": "273344006", "content": "我的玲宝太厉害了"}, {"uid": "32147060", "content": "梦回2008年"}, {"uid": "29461825", "content": "不错，不是这个感觉，我都觉得是国v了"}, {"uid": "357136156", "content": "归家部"}, {"uid": "33289985", "content": "电子游戏我爱了"}, {"uid": "18194985", "content": "草"}, {"uid": "13024389", "content": "boing部"}, {"uid": "53305", "content": "好厉害。。。"}, {"uid": "14563167", "content": "Boing部？Boing～Boing～我懂，我懂的，很好的部"}, {"uid": "44737079", "content": "boing部（"}, {"uid": "194049856", "content": "牛的"}, {"uid": "1474544", "content": "好强"}, {"uid": "17440726", "content": "回收，旧手电，旧手机，洗衣机，冰箱，电热水器。回收，DD，整活的DD，爱迫害的DD。"}, {"uid": "25115", "content": "草"}, {"uid": "18891492", "content": "这是友都八喜吗？"}, {"uid": "19845476", "content": "suki"}, {"uid": "319720", "content": "好耶"}, {"uid": "24599051", "content": "boing"}, {"uid": "7934663", "content": "boing"}, {"uid": "364687", "content": "播什么玩意?!"}, {"uid": "176608574", "content": "哈哈哈哈哈哈哈"}, {"uid": "283790533", "content": "666"}, {"uid": "263259", "content": "草"}, {"uid": "13024389", "content": "boing"}, {"uid": "36401197", "content": "！"}, {"uid": "7942705", "content": "收破烂还行"}, {"uid": "319720", "content": "好！"}, {"uid": "156951744", "content": "收买烂野，收买旧电视，电脑，冰箱，冷气，洗衣机，热水器，煤气瓶"}, {"uid": "341466035", "content": "有点感觉了"}, {"uid": "307992580", "content": "好耶"}, {"uid": "273344006", "content": "后面尾... 雨刷抢眼"}, {"uid": "349229621", "content": "woc"}, {"uid": "1708776", "content": "66666"}, {"uid": "90511466", "content": "表情很迷"}, {"uid": "23567044", "content": "草"}, {"uid": "40656961", "content": "这很中国"}, {"uid": "32191148", "content": "？？？啥玩意？"}, {"uid": "8810406", "content": "草"}, {"uid": "90511466", "content": "boing"}, {"uid": "341466035", "content": "草"}, {"uid": "14317069", "content": "感觉有点病句"}, {"uid": "1878282", "content": "草"}, {"uid": "7735805", "content": "就是boing boing的那种嘛"}, {"uid": "403133993", "content": "离谱"}, {"uid": "5789408", "content": "怕不就是你录的 哈哈"}]