[{"uid": "163633", "content": "语言模块切换中..."}, {"uid": "12051528", "content": "日语模块载入中......"}, {"uid": "1463090", "content": "卧槽 哈哈哈哈哈"}, {"uid": "499216594", "content": "卡哇伊(￣∀￣)"}, {"uid": "354289570", "content": "草"}, {"uid": "142252343", "content": "主 场 作 战"}, {"uid": "22161804", "content": "战术摇摆"}, {"uid": "5027019", "content": "草"}, {"uid": "10890200", "content": "对了，但没有完全对"}, {"uid": "5732820", "content": "gaygay"}, {"uid": "401008839", "content": "沉默.jpg"}, {"uid": "878808", "content": "草"}, {"uid": "171454512", "content": "去掉“老君曰：”就是江山雪的歌词了"}, {"uid": "1225424888", "content": "洒家要和你结为兄弟"}, {"uid": "550286855", "content": "胃泰充"}, {"uid": "12784318", "content": "味不够冲，建议“哥哥”也用日语"}, {"uid": "25607010", "content": "回收开始"}, {"uid": "85558633", "content": "吓出一身鸡皮旮瘩"}, {"uid": "365074206", "content": "哈哈哈"}, {"uid": "37789894", "content": "你可太会了"}, {"uid": "483723801", "content": "叫你模仿没叫你超越"}, {"uid": "17547106", "content": "giegie~"}, {"uid": "351449139", "content": "一开口就是老二次元了"}, {"uid": "27301097", "content": "gaygay～"}, {"uid": "228814122", "content": "你是不是对好玩有什么误解？"}, {"uid": "23813771", "content": "死 亡 混 响~"}, {"uid": "256112469", "content": "这个日语也太有内味儿了吧喂"}, {"uid": "687358551", "content": "失去灵魂"}, {"uid": "219634577", "content": "经典自己逗自己"}, {"uid": "219634577", "content": "老二次元了"}, {"uid": "5834208", "content": "？？？？让你模仿没说让你超越"}, {"uid": "25545324", "content": "笑到失声"}, {"uid": "623297694", "content": "啊这，官方整活"}, {"uid": "1401221", "content": "战术吸气"}, {"uid": "493325261", "content": "幸好我带耳机了"}, {"uid": "1933425249", "content": "对哥哥起痰了"}, {"uid": "1933425249", "content": "哈，很多有括的都直接使用中文了"}, {"uid": "197871677", "content": "笑到眼睛睁不开"}, {"uid": "13249996", "content": "哥        哥！！！"}, {"uid": "14234692", "content": "卧槽。。这味太冲了"}, {"uid": "23576276", "content": "不能说很像，简直就是一模一样"}, {"uid": "246633442", "content": "草。。"}, {"uid": "10800228", "content": "对，但是不对"}, {"uid": "3933373", "content": "味太冲了"}, {"uid": "178418126", "content": "不行了，笑岔气了，我需要急救。"}, {"uid": "17547106", "content": "满分"}, {"uid": "5336683", "content": "哥哥，反了吧！"}, {"uid": "197871677", "content": "笑岔气了"}, {"uid": "315236706", "content": "不愧是你"}, {"uid": "35836407", "content": "二次元拉满了"}, {"uid": "354289570", "content": "这味也太冲了"}, {"uid": "3060084", "content": "草。。"}, {"uid": "2335812", "content": "对，但完全不对"}, {"uid": "1512927", "content": "最后那句真的萌到了"}, {"uid": "31452053", "content": "风暴吸入"}, {"uid": "2698239", "content": "这不够味儿啊"}, {"uid": "3579588", "content": "完了，回不去了"}, {"uid": "519455086", "content": "？？？？？？"}, {"uid": "8393994", "content": "味太冲"}, {"uid": "7964873", "content": "对，但是不完全对"}, {"uid": "225188507", "content": "对，但不完全对"}, {"uid": "87395583", "content": "语言模块转换中"}, {"uid": "319284", "content": "还是日语听着更舒服"}, {"uid": "163633", "content": "味太冲了"}, {"uid": "28620672", "content": "心疼gie gie"}, {"uid": "394845", "content": "草"}, {"uid": "2636039", "content": "这也太可怕了。。"}, {"uid": "12745615", "content": "绝了"}, {"uid": "132658618", "content": "完了回不去了"}, {"uid": "14287015", "content": "不行了哈哈哈哈哈哈 太好笑了"}, {"uid": "228071194", "content": "浓度过高"}, {"uid": "74511795", "content": "哈哈哈哈哈哈哈"}, {"uid": "23302326", "content": "2333333"}, {"uid": "85124576", "content": "味太冲了"}, {"uid": "40656961", "content": "协和语"}, {"uid": "23212791", "content": "写作与翻译（"}, {"uid": "214869704", "content": "草"}, {"uid": "52949924", "content": "哈哈哈哈哈"}, {"uid": "26198373", "content": "草、"}, {"uid": "276855542", "content": "草"}, {"uid": "25545324", "content": "可太会了"}, {"uid": "11417362", "content": "4分钟热热还可以食用"}, {"uid": "76082557", "content": "草"}, {"uid": "25770572", "content": "23333"}, {"uid": "345883969", "content": "好生草"}, {"uid": "82638265", "content": "我艹，味太正了"}, {"uid": "286195639", "content": "味儿太冲了"}, {"uid": "349954998", "content": "嘟 嘟嘟嘟嘟 嘟 嘟嘟嘟嘟"}, {"uid": "362252193", "content": "不会生气，因为他瞎的"}, {"uid": "229161758", "content": "不对，是giegie～"}, {"uid": "248829272", "content": "太会整活了"}, {"uid": "291738", "content": "精髓"}, {"uid": "4663919", "content": "giegie"}, {"uid": "21550586", "content": "giegie"}, {"uid": "10420596", "content": "草笑死www"}, {"uid": "33426521", "content": "草"}, {"uid": "139889", "content": "寄存器写入中…"}, {"uid": "354289570", "content": "哈哈哈哈"}, {"uid": "9568304", "content": "味太冲了"}, {"uid": "149135535", "content": "協和語"}, {"uid": "15601032", "content": "giegie"}, {"uid": "36212699", "content": "笑死"}, {"uid": "23373092", "content": "giegie"}, {"uid": "286195639", "content": "giegie"}, {"uid": "86428991", "content": "莫名狗子味"}, {"uid": "11308341", "content": "哈哈哈"}, {"uid": "11308341", "content": "草"}, {"uid": "34767049", "content": "？？？"}, {"uid": "399816", "content": "吸气注入灵魂"}, {"uid": "3933373", "content": "草"}, {"uid": "42504408", "content": "笑死，根本"}, {"uid": "237253590", "content": "giegie"}, {"uid": "1863879", "content": "有内味了"}, {"uid": "2634396", "content": "好活"}, {"uid": "73675208", "content": "草"}, {"uid": "13284227", "content": "wwwww"}, {"uid": "623297694", "content": "草"}, {"uid": "25545324", "content": "太会了"}, {"uid": "16355589", "content": "哈哈哈"}, {"uid": "193460002", "content": "太冲了"}, {"uid": "868161", "content": "草"}, {"uid": "141262511", "content": "满分了"}, {"uid": "289417961", "content": "草"}, {"uid": "15138435", "content": "麻了"}, {"uid": "358008197", "content": "太会了"}, {"uid": "358008197", "content": "草"}, {"uid": "10201951", "content": "我女朋友不是你吗"}, {"uid": "605467360", "content": "对，但不完全对。"}, {"uid": "34744267", "content": "有内味了"}, {"uid": "82639629", "content": "草"}, {"uid": "291738", "content": "币有了"}, {"uid": "8358593", "content": "可以的"}, {"uid": "1468948292", "content": "铃铃处刑曲"}, {"uid": "85824643", "content": "www"}, {"uid": "76082557", "content": "不对"}, {"uid": "430387338", "content": "啊这"}, {"uid": "281763976", "content": "离谱"}, {"uid": "1017075360", "content": "模块崩坏"}, {"uid": "74216835", "content": "啊这"}, {"uid": "552586", "content": "太冲了"}, {"uid": "3579588", "content": "草"}, {"uid": "449227526", "content": "牙白...社会性死亡"}, {"uid": "1394267", "content": "草"}, {"uid": "246633442", "content": "感觉就像我说话一样，尴尬死"}, {"uid": "17988864", "content": "心疼giegie，是giegie知道伐?"}, {"uid": "163633", "content": "草"}, {"uid": "32423963", "content": "草"}, {"uid": "73478180", "content": "在现场"}, {"uid": "219634577", "content": "giegie"}, {"uid": "10420596", "content": "wwww"}, {"uid": "151501142", "content": "好活"}, {"uid": "693777931", "content": "草"}, {"uid": "627295179", "content": "味太冲"}, {"uid": "138811503", "content": "应该是giegie（doge）"}, {"uid": "78091670", "content": "草"}, {"uid": "23576276", "content": "wwwwwwww"}, {"uid": "1050910780", "content": "哈哈哈哈哈"}, {"uid": "607257", "content": "这是个婊妹"}, {"uid": "449227526", "content": "...wtf"}, {"uid": "39322853", "content": "草"}, {"uid": "6981020", "content": "？？？？"}, {"uid": "241290421", "content": "awsl"}, {"uid": "6486338", "content": "没有灵魂"}, {"uid": "13578855", "content": "草"}, {"uid": "20735135", "content": "哈哈"}, {"uid": "419254483", "content": "第一第一"}, {"uid": "476410092", "content": "草"}, {"uid": "33224269", "content": "www"}, {"uid": "437005774", "content": "草"}, {"uid": "1050910780", "content": "草"}, {"uid": "8393994", "content": "？"}, {"uid": "10899709", "content": "草"}, {"uid": "9412762", "content": "有点像李逵喊宋江"}, {"uid": "9412762", "content": "有点像李逵"}, {"uid": "149135535", "content": "教日本人日語"}]