[{"uid": "519165114", "content": "哈哈唉"}, {"uid": "434860269", "content": "众所周知，狸猫也是一种猫 "}, {"uid": "434860269", "content": "众所周知 ，猫耳也算猫 "}, {"uid": "520018131", "content": "很少吧。猫能抓老鼠，一般都不吃的"}, {"uid": "86963067", "content": "吃（各种意义上）"}, {"uid": "85285428", "content": "饿了的时候（）"}, {"uid": "1996416114", "content": "想吃"}, {"uid": "89543", "content": "老广 吃点正常的吧"}, {"uid": "482577692", "content": "DD实锤"}, {"uid": "159572949", "content": "没想到我提的问题，开启了话题，惊吓到铃宝了"}, {"uid": "160338267", "content": "看星奈的时候是要流口水的"}, {"uid": "597131316", "content": "铃老师竟然知道猫耳朵"}, {"uid": "86625937", "content": "想试试猫猫头。dog"}, {"uid": "296576822", "content": "两条腿的不吃人，四条腿的不吃桌子"}, {"uid": "404333864", "content": "“又吃人的”"}, {"uid": "7554731", "content": "哈哈哈哈哈哈笑死我了"}, {"uid": "23016122", "content": "绷不住了"}, {"uid": "401099828", "content": "你看我还有机会吗"}, {"uid": "8123513", "content": "吓坏猫猫了"}, {"uid": "42803736", "content": "吃过，以前下夹子想夹个野兔野鸡结果夹了一个野猫"}, {"uid": "14983365", "content": "连狗都没得吃了就只好吃猫了"}, {"uid": "306245184", "content": "猫不是零食吗（狗头）"}, {"uid": "421048578", "content": "没有没有，绝对没有（擦口水"}, {"uid": "2288947", "content": "极少一部分地方真的吃"}, {"uid": "4868640", "content": "是！（即答）"}, {"uid": "35100478", "content": "这个笑死我了"}, {"uid": "16796381", "content": "猫咪营养煲"}, {"uid": "82789576", "content": "既可爱，又可口"}, {"uid": "731501", "content": "小时候吃过一次龙虎凤，味道有点怪"}, {"uid": "357776728", "content": "看看她笑的多开心doge"}, {"uid": "4154559", "content": "翻译错误：是养胖了吃掉，不是炸了吃掉"}, {"uid": "3207714", "content": "吃穿山甲的都有"}, {"uid": "2362109", "content": "应 急 食 品"}, {"uid": "296904187", "content": "震撼猫猫"}, {"uid": "430542569", "content": "顶级理解"}, {"uid": "430542569", "content": "派蒙：没事，习惯了"}, {"uid": "1808632", "content": "有有有"}, {"uid": "17378970", "content": "真有，猫肉交易可不少"}, {"uid": "484688840", "content": "我不知道我为什么流口水了"}, {"uid": "308880301", "content": "早年听说过用猫肉冒充羊肉的，只是听说"}, {"uid": "520714129", "content": "中国连吃蝙蝠的伞兵都有（但大多数人还是正常的）"}, {"uid": "277568786", "content": "吃龙虎凤"}, {"uid": "22534652", "content": "别怕，隔壁还有好几只兔子"}, {"uid": "160338267", "content": "家常便饭"}, {"uid": "516320802", "content": "好草啊"}, {"uid": "11904950", "content": "我们这有说法吃了猫肉以后不能过河"}, {"uid": "506332", "content": "实际上是两种，一种点心一种面食"}, {"uid": "476196093", "content": "应急食品"}, {"uid": "202688667", "content": "龙虎，猫和蛇，听说有这个"}, {"uid": "7735805", "content": "眼泪从嘴角流了下来"}, {"uid": "392138787", "content": "我要吃铃猫猫的耳朵!"}, {"uid": "395125718", "content": "有，但是我不次"}, {"uid": "89543", "content": "都是广东人"}, {"uid": "57884729", "content": "名菜龙虎凤的虎就是猫"}, {"uid": "401223547", "content": "龙虎凤了解一下"}, {"uid": "29361205", "content": "绷不住了"}, {"uid": "84908819", "content": "龙虎凤，大补。。"}, {"uid": "33383830", "content": "看把孩子吓得"}, {"uid": "401099828", "content": "派蒙（有端联想）"}, {"uid": "304260958", "content": "震惊猫猫"}, {"uid": "1730240", "content": "不要男妈妈"}, {"uid": "453354575", "content": "派蒙行为"}, {"uid": "4122995", "content": "猫耳朵可好吃了"}, {"uid": "11268825", "content": "猫肉酸的"}, {"uid": "2362109", "content": "猫娘不是这样吃的"}, {"uid": "48929", "content": "这都被你发现了"}, {"uid": "291659647", "content": "哈哈哈，吃的"}, {"uid": "413182963", "content": "不会吃猫猫"}, {"uid": "286612478", "content": "猫仔粥"}, {"uid": "5998391", "content": "虽然少，但不是没有"}, {"uid": "225988449", "content": "啊好可怕…多放孜然"}, {"uid": "482577692", "content": "应急食品"}, {"uid": "114522730", "content": "还真有！"}, {"uid": "171293783", "content": "牙白辣"}, {"uid": "411533378", "content": "我吃派蒙"}, {"uid": "23187652", "content": "都会流口水"}, {"uid": "45348721", "content": "sodayo（即答）"}, {"uid": "20261384", "content": "应急食品"}, {"uid": "159572949", "content": "这都被你发现了"}, {"uid": "347134006", "content": "馋猫猫"}, {"uid": "36101496", "content": "有地方会吃吧。。我记得在哪里看过 南方吗？"}, {"uid": "317033127", "content": "语言中枢都要烧坏看了wwwwww"}, {"uid": "80803200", "content": "有，但不多"}, {"uid": "7928879", "content": "应急食品"}, {"uid": "355211351", "content": "猫耳朵你都知道"}, {"uid": "32056848", "content": "反正我没见过"}, {"uid": "31933237", "content": "害怕jpg"}, {"uid": "301678161", "content": "草"}, {"uid": "455040052", "content": "应急食品"}, {"uid": "29361205", "content": "哈哈哈哈哈哈哈"}, {"uid": "15328777", "content": "哪里有吃猫的？反正湖北没有"}, {"uid": "8423909", "content": "可能是其他意义上的吃掉"}, {"uid": "173530634", "content": "腌制去腥再油炸"}, {"uid": "15400087", "content": "龙虎汤了解一下"}, {"uid": "290851429", "content": "想吃.gif"}, {"uid": "16459989", "content": "应急食物"}, {"uid": "33505777", "content": "我吃过 肉有点酸"}, {"uid": "881529", "content": "龙凤虎，广西特色传统名菜，广东也吃倒是真的"}, {"uid": "3186754", "content": "猫肉很香"}, {"uid": "22731580", "content": "H意味的吃"}, {"uid": "24182984", "content": "龙虎凤"}, {"uid": "230559262", "content": "有"}, {"uid": "44147771", "content": "应急食品"}, {"uid": "11744356", "content": "有"}, {"uid": "2809134", "content": "也不一定非要炸"}, {"uid": "2705066", "content": "草"}, {"uid": "389603893", "content": "确实吃过猫肉"}, {"uid": "176608574", "content": "龙虎炖"}, {"uid": "352411", "content": "哈哈哈哈哈哈"}, {"uid": "438404494", "content": "兔兔那么可爱，红烧兔那么好吃，那铃宝那么可爱，那味道尝起来会会更好"}, {"uid": "11251908", "content": "一穷二白的时候啥没吃过"}, {"uid": "438404494", "content": "储备食物"}, {"uid": "4154559", "content": "中国没有不吃的，让不让吃又是另外一回事了"}, {"uid": "295686339", "content": "哈哈哈哈哈哈哈"}, {"uid": "32078876", "content": "猫不好吃"}, {"uid": "15399775", "content": "当laopo看"}, {"uid": "295686339", "content": "把铃宝吃干抹净"}, {"uid": "13386410", "content": "为什么不吃"}, {"uid": "1467025491", "content": "卡哇伊"}, {"uid": "214869704", "content": "草"}, {"uid": "24182984", "content": "广东人什么都吃吧"}, {"uid": "345075613", "content": "2233"}, {"uid": "18452145", "content": "确实吃过，不然怎么知道猫肉发酸呢"}, {"uid": "21601666", "content": "广东人无所畏惧"}, {"uid": "32714495", "content": "突然饿了"}, {"uid": "113856774", "content": "吃fn"}, {"uid": "10986324", "content": "草"}, {"uid": "2430134", "content": "指每天"}, {"uid": "2430134", "content": "好想吃"}, {"uid": "2430134", "content": "吃啊"}, {"uid": "433863003", "content": "没吃过也没见过但听说不好吃"}, {"uid": "19845476", "content": "王牌机师"}, {"uid": "179575228", "content": "Sodayo （）"}, {"uid": "37479066", "content": "这她都知道？"}, {"uid": "355211351", "content": "小时候冬至吃过一次猫肉，两次狗肉- -不过都是亲戚给的，然而并不好吃"}, {"uid": "516320802", "content": "是的！"}, {"uid": "33569261", "content": "不然呢"}, {"uid": "26412760", "content": "泪目"}, {"uid": "41056185", "content": "sodayo"}, {"uid": "496472633", "content": "肉是酸的 "}, {"uid": "475360", "content": "煲铃饭"}, {"uid": "17784712", "content": "有"}, {"uid": "149135535", "content": "猫耳朵"}, {"uid": "22431089", "content": "山西人狂喜"}, {"uid": "48929", "content": "铃煲"}, {"uid": "179575228", "content": "不仅有吃猫猫的还有吃熊猫的（）"}, {"uid": "9111145", "content": "笑死"}, {"uid": "10356132", "content": "猫肉太难吃了，不会有人去吃的"}, {"uid": "23307954", "content": "啊这"}, {"uid": "34726538", "content": "别什么都扯到老广啊kora我在广州没听说过吃猫的老一辈也说没有的"}, {"uid": "471430096", "content": "山西人快乐"}, {"uid": "11018482", "content": "我这边没听说过"}, {"uid": "93014061", "content": "有，而且我觉得没什么我们不吃的（狗头）"}, {"uid": "273344006", "content": "啊哈哈哈哈哈哈哈"}, {"uid": "349229621", "content": "不吃"}, {"uid": "17784712", "content": "有"}, {"uid": "290851429", "content": "草"}, {"uid": "476196093", "content": "铃煲"}, {"uid": "4154559", "content": "危"}, {"uid": "295686339", "content": "好吃"}, {"uid": "231335910", "content": "少数地方确实会吃，但是因为猫肉，不好吃，所以不是主流也不是主食"}, {"uid": "19845476", "content": "sodayo"}, {"uid": "95310198", "content": "确实"}, {"uid": "96964692", "content": "难吃"}, {"uid": "4468336", "content": "有"}, {"uid": "674264043", "content": "龙虎凤"}, {"uid": "4912018", "content": "草"}, {"uid": "39662", "content": "是的"}, {"uid": "274388692", "content": "山西人狂喜"}, {"uid": "24992120", "content": "猫肉，狗肉建议大家最好不要吃"}]