[{"uid": "227751411", "content": "这个是小熊猫啦，大熊猫都是精通中英日韩德俄语的"}, {"uid": "154093980", "content": "草大只说四川话那个给我站住"}, {"uid": "331153", "content": "成年熊猫叫起来其实也差不多，声音粗一点。"}, {"uid": "365880285", "content": "大的熊猫：干嘛？"}, {"uid": "14362084", "content": "这就是发熊猫的现场了"}, {"uid": "433863003", "content": "限于小的大了声音就不一样了"}, {"uid": "433863003", "content": "你也是蚩尤?哈哈"}, {"uid": "13691080", "content": "熊猫就是传说中的嘤嘤怪"}, {"uid": "286195639", "content": "马上到你家门口"}, {"uid": "286195639", "content": "哈哈哈哈哈哈哈"}, {"uid": "315481582", "content": "眼睛里有爱心可不是什么好事哦"}, {"uid": "421329865", "content": "这都是地上的草再叫"}, {"uid": "21144230", "content": "坏了给她发现熊猫都是人穿皮套演的了"}, {"uid": "4663919", "content": "繁育基地在B站有号了才知道"}, {"uid": "337395835", "content": "想再看一遍就直说啦——"}, {"uid": "12006179", "content": "幼崽限定语音包"}, {"uid": "159316815", "content": "我都骑着熊猫上班的"}, {"uid": "365074206", "content": "倒吸一口凉气"}, {"uid": "457812459", "content": "该信的不信，不该信的信了233333"}, {"uid": "429764889", "content": "是的，我家有俩呢，才下了崽（doge）"}, {"uid": "456629910", "content": "小熊猫才会这么叫。"}, {"uid": "382044079", "content": "直接说大熊猫幼崽好了，免得误会"}, {"uid": "418420482", "content": "刚才那人是蚩尤吗（）"}, {"uid": "12647005", "content": "我们家那儿都是御剑飞行的"}, {"uid": "286108818", "content": "战忽局上线"}, {"uid": "33213126", "content": "一人一只，牢底坐穿"}, {"uid": "21043082", "content": "我家有蟑螂，车一样大还能飞，上班下班买菜出游都靠它"}, {"uid": "95310198", "content": "想摸摸铃的尾巴"}, {"uid": "34775370", "content": "应该是的，限于小熊猫"}, {"uid": "34775370", "content": "这个“家”不太一样，是在自个家可能就要坐牢了"}, {"uid": "454119302", "content": "一人一只不要抢）"}, {"uid": "18693177", "content": "被铃发现了熊猫最大的秘密"}, {"uid": "14362084", "content": "长大了就说四川话了"}, {"uid": "11691053", "content": "人均骑熊猫出门"}, {"uid": "13374707", "content": "震撼我妈"}, {"uid": "702466514", "content": "四川人都住在动物园"}, {"uid": "158221654", "content": "经典家里有熊猫"}, {"uid": "34775370", "content": "应该只有小熊猫是这个声音"}, {"uid": "34775370", "content": "应该只有小的这么叫"}, {"uid": "34775370", "content": "应该只有小熊猫是这样叫的"}, {"uid": "650320874", "content": "哈哈哈忽悠人"}, {"uid": "520714129", "content": "在？发个熊猫？（虽然在重庆，但离四川不远）"}, {"uid": "1596728", "content": "熊猫种植基地"}, {"uid": "49161040", "content": "蚩尤在世"}, {"uid": "72153677", "content": "被发现了（"}, {"uid": "361127880", "content": "四川人都是蚩尤"}, {"uid": "17378970", "content": "人均蚩尤"}, {"uid": "286195639", "content": "哈哈哈哈哈"}, {"uid": "261082746", "content": "大的一天到晚都在吃竹子"}, {"uid": "163281432", "content": "旅美瞩目"}, {"uid": "359735604", "content": "牢底坐穿兽"}, {"uid": "99213586", "content": "熊猫被我们祖先炎黄一代称作食铁兽，非常凶悍 一般人难以驾驭，是蚩尤的坐骑。"}, {"uid": "316581087", "content": "（四川人惊醒！！！）"}, {"uid": "421329865", "content": "在四川熊猫都是下酒菜（doge）"}, {"uid": "29553256", "content": "群嘤荟萃"}, {"uid": "39905015", "content": "明明是新人，却已经学会看视频水时间了"}, {"uid": "238567937", "content": "贞德"}, {"uid": "52453166", "content": "大的也是，只是大的很少会叫了"}, {"uid": "39662", "content": "完了 被骗到了"}, {"uid": "692106442", "content": "天天带着去吃火锅"}, {"uid": "291738", "content": "牢底坐穿兽"}, {"uid": "286720632", "content": "坐骑食铁兽"}, {"uid": "391248336", "content": "绝大部分动物都是嘤嘤怪"}, {"uid": "74100381", "content": "噗哈哈哈哈哈哈哈"}, {"uid": "52453166", "content": "有的有的"}, {"uid": "2048186", "content": "好怪哦，再看一遍"}, {"uid": "34775370", "content": "应该只有小xm这么叫"}, {"uid": "394698", "content": "莫名色气"}, {"uid": "36060864", "content": "震惊铃宝"}, {"uid": "6820165", "content": "论箱卖"}, {"uid": "871090", "content": "熊猫老嘤嘤怪了"}, {"uid": "3207714", "content": "大只的熊猫说四川话"}, {"uid": "365074206", "content": "好可爱"}, {"uid": "199743763", "content": "玲宝配色也像熊猫"}, {"uid": "280166015", "content": "回收开头"}, {"uid": "365074206", "content": "诶～诶～～？"}, {"uid": "28486282", "content": "你抢它竹笋你看它叫不叫"}, {"uid": "11804369", "content": "这句好标准"}, {"uid": "14769282", "content": "人家不上当"}, {"uid": "52453166", "content": "经典老番了，看来这个lia她们还没教过"}, {"uid": "165455", "content": "大的熊猫也能嘤嘤嘤的"}, {"uid": "34775370", "content": "应该就小的这么叫"}, {"uid": "34775370", "content": "应该只有小panda这么叫"}, {"uid": "2288947", "content": "emmm我怎么也觉得像人声"}, {"uid": "256104315", "content": "哈哈哈"}, {"uid": "17378970", "content": "小的熊猫是这样的"}, {"uid": "286195639", "content": "哈哈哈哈哈哈"}, {"uid": "365074206", "content": "好可爱"}, {"uid": "30070144", "content": "那可能成都不在四川吧"}, {"uid": "430542569", "content": "红豆哒！"}, {"uid": "365074206", "content": "好可爱"}, {"uid": "365074206", "content": "经典倒吸一口凉气"}, {"uid": "13702754", "content": "虽然不懂但大为震撼"}, {"uid": "42195795", "content": "cool China"}, {"uid": "344706631", "content": "经典老番"}, {"uid": "29553256", "content": "看logo啊，这个logo可不会骗人"}, {"uid": "22061585", "content": "大的熊猫也能发出这种嘤嘤嘤"}, {"uid": "6486338", "content": "嘤嘤怪"}, {"uid": "1821119", "content": "这个pandatv关注不亏"}, {"uid": "6814454", "content": "哥哥！"}, {"uid": "40613413", "content": "大的熊猫其实也差不多"}, {"uid": "358008197", "content": "哈哈哈哈哈"}, {"uid": "11763894", "content": "姨～"}, {"uid": "1837471", "content": "小大熊猫"}, {"uid": "202170084", "content": "このpandaだ!"}, {"uid": "3935190", "content": "草"}, {"uid": "74207297", "content": "牢底坐穿"}, {"uid": "99213586", "content": "小熊猫是另一个品种啦！ 这是小大熊猫"}, {"uid": "365074206", "content": "哈哈哈哈"}, {"uid": "83733562", "content": "四川人都是熊猫"}, {"uid": "16076021", "content": "嘶哈嘶哈"}, {"uid": "165664", "content": "真的"}, {"uid": "314199304", "content": "蚩尤"}, {"uid": "535164403", "content": "进局子"}, {"uid": "33213126", "content": "FBI"}, {"uid": "22534652", "content": "大熊猫其实也很尖，只是不怎么叫"}, {"uid": "513449401", "content": "一群嘤嘤怪 哈哈哈哈哈"}, {"uid": "8246132", "content": "是真的，我没考上清华就是熊猫骑行科目拉分了"}, {"uid": "321927982", "content": "经典骗局"}, {"uid": "16054897", "content": "铃宝比熊猫好看www"}, {"uid": "14078631", "content": "老骗子了"}, {"uid": "11783944", "content": "哈哈哈嗝"}, {"uid": "365074206", "content": "欸～"}, {"uid": "375527823", "content": "都在嘤嘤嘤"}, {"uid": "90371281", "content": "真的"}, {"uid": "457132992", "content": "Awsl "}, {"uid": "269818639", "content": "经典"}, {"uid": "3077215", "content": "真的，我们苗族人的远祖就是骑熊猫打仗的，后来可惨了"}, {"uid": "8355537", "content": "是的我们家里都是熊猫"}, {"uid": "427563571", "content": "一地团子！"}, {"uid": "1821119", "content": "嘤嘤嘤"}, {"uid": "1821119", "content": "我也没听过"}, {"uid": "3841005", "content": "嘤嘤怪"}, {"uid": "5151610", "content": "哈哈哈"}, {"uid": "123263801", "content": "别人呢"}, {"uid": "365074206", "content": "诶～"}, {"uid": "12188476", "content": "前面黄字去听一下长大之后的，其实差不了太多"}, {"uid": "99213586", "content": "大熊猫是单独一个品种 是大熊猫 简称熊猫"}, {"uid": "400327421", "content": "人也这也叫的嘛？なるほど。"}, {"uid": "354108830", "content": "小的也叫大熊猫，小熊猫不是同一种生物。"}, {"uid": "46782757", "content": "人扮演的"}, {"uid": "6819689", "content": "妈呀！草地里长出熊猫了！"}, {"uid": "33505777", "content": "嘤嘤嘤嘤"}, {"uid": "497893", "content": "草"}, {"uid": "9028227", "content": "小熊猫是另一个物种了......."}, {"uid": "95310198", "content": "可爱"}, {"uid": "266812299", "content": "在现场"}, {"uid": "20619959", "content": "可爱"}, {"uid": "85824643", "content": "嘤嘤嘤"}, {"uid": "26631", "content": "嘤嘤怪"}, {"uid": "419371", "content": "嘤嘤怪"}, {"uid": "109107768", "content": "嘤嘤怪"}, {"uid": "286195639", "content": "笑拉了"}, {"uid": "147123", "content": "草"}, {"uid": "35280525", "content": "我也"}, {"uid": "11691053", "content": "是的"}]