[{"uid": "349725288", "content": "剃须，然后捡到猫猫"}, {"uid": "128657854", "content": "日本语本当上手"}, {"uid": "23111281", "content": "草，首月百舰"}, {"uid": "23111281", "content": "耳机党当场去世。"}, {"uid": "13787793", "content": "这叫之内"}, {"uid": "29430477", "content": "woc，巧了上面的，也是我生日"}, {"uid": "76708156", "content": "已经成功了"}, {"uid": "6065317", "content": "最高指令"}, {"uid": "295686339", "content": "发展速度已经相当快了"}, {"uid": "807315", "content": "我也认识一只被捡回来的猫，金毛大橘"}, {"uid": "5833488", "content": "突然听出了西南口音，哈哈哈哈哈哈"}, {"uid": "198558568", "content": "现在5.31还差20舰"}, {"uid": "783927", "content": "好耶"}, {"uid": "478829676", "content": "在哪可以捡 还有的捡吗"}, {"uid": "141573558", "content": "已经百舰了"}, {"uid": "105153041", "content": "骗钱的猫"}, {"uid": "35746706", "content": "就去考上清华"}, {"uid": "10821614", "content": "啪叽啪叽"}, {"uid": "57589744", "content": "中国语本当上手"}, {"uid": "1522907", "content": "我也想捡"}, {"uid": "1371808", "content": "看了眼直播间 现在66"}, {"uid": "32742699", "content": "最高指令"}, {"uid": "25261693", "content": "加油啊！希望能达成！"}, {"uid": "2368840", "content": "哟哟哟"}, {"uid": "399624058", "content": "好家伙，我生日"}, {"uid": "426290510", "content": "日本人"}, {"uid": "702466514", "content": "好耶"}, {"uid": "281774190", "content": "akb48的套路了"}, {"uid": "640652657", "content": "雨刷器喵"}, {"uid": "426290510", "content": "哦"}, {"uid": "433427836", "content": "嘟嘟嘟嘟嘟嘟嘟嘟嘟嘟嘟"}, {"uid": "82373094", "content": "好耶"}, {"uid": "383074963", "content": "台湾人？"}, {"uid": "37054257", "content": "高考"}, {"uid": "74173597", "content": "好耶"}, {"uid": "347134006", "content": "凑DD们加油啊"}, {"uid": "702466514", "content": "好耶"}, {"uid": "35648793", "content": "ohhhhhhhhhhhhhhhhhh"}, {"uid": "466446823", "content": "黄色字幕，不对劲"}, {"uid": "313217802", "content": "可爱"}, {"uid": "98258", "content": "那不是4月9日吗？"}, {"uid": "38502766", "content": "来考古的，已经111舰了"}, {"uid": "20369025", "content": "牙白牙白啦！"}, {"uid": "640872197", "content": "好耶"}, {"uid": "222293677", "content": "u咩u咩"}, {"uid": "4326899", "content": "想屁吃"}, {"uid": "3841005", "content": "是之内吧"}, {"uid": "480044813", "content": "实现啦！！！！"}, {"uid": "52247454", "content": "噢"}, {"uid": "86006122", "content": "6.4 111舰了"}, {"uid": "702466514", "content": "我宣布个事！"}, {"uid": "351507904", "content": "我我我"}, {"uid": "22173552", "content": "啪叽啪叽啪叽啪叽啪叽"}]