[{"uid": "39357594", "content": "太棒了！！！"}, {"uid": "13215498", "content": "花花die"}, {"uid": "27101074", "content": "！！"}, {"uid": "299352426", "content": "滑滑蛋"}, {"uid": "365074206", "content": "好可爱啊啊啊"}, {"uid": "365074206", "content": "好可爱"}, {"uid": "365074206", "content": "啊咧，轻音的歌"}, {"uid": "281078446", "content": "滑滑蛋～"}, {"uid": "219634577", "content": "滑滑蛋"}, {"uid": "2893549", "content": "滑滑蛋~滑滑蛋~"}, {"uid": "28298271", "content": "滑滑蛋"}, {"uid": "11691053", "content": "很可爱"}, {"uid": "7535331", "content": "www"}, {"uid": "6965758", "content": "滑滑蛋"}, {"uid": "199820419", "content": "双厨狂喜！"}, {"uid": "39357594", "content": "！！！"}, {"uid": "1225424888", "content": "轻音永不毕业！！"}, {"uid": "299352426", "content": "滑滑蛋"}, {"uid": "179259008", "content": "双厨狂喜"}, {"uid": "1547794", "content": "滑滑蛋"}, {"uid": "365074206", "content": "挺好听的"}, {"uid": "219634577", "content": "滑滑蛋"}, {"uid": "350617420", "content": "流水的轻音部铁打的滑滑蛋   律队天下第一"}]