[{"uid": "352648504", "content": "她太会了"}, {"uid": "442599788", "content": "请立即停止你的屑女仆行为"}, {"uid": "8810406", "content": "警惕新型网络诈骗"}, {"uid": "442599788", "content": "请立即停止你的屑女仆行为"}, {"uid": "442599788", "content": "不，我喜欢钢板(doge)"}, {"uid": "3838978", "content": "草 目 的 明 确"}, {"uid": "35976958", "content": "新型网络诈骗"}, {"uid": "94589800", "content": "我是你失散的老公，老婆你不记得我了吗！"}, {"uid": "22937268", "content": "莉亚她们都教了些什么啊（绝望）"}, {"uid": "702466514", "content": "刚出道就危险发言"}, {"uid": "623297694", "content": "喵~"}, {"uid": "623297694", "content": "初见，单推，结婚了"}, {"uid": "623297694", "content": "密码正确"}, {"uid": "50780987", "content": "有内鬼！终止交易"}, {"uid": "29381261", "content": "招财猫，草"}, {"uid": "78091670", "content": "你的目标已经完成啦！"}, {"uid": "78091670", "content": "完了完了！完全暴露了……"}, {"uid": "394117368", "content": "DD（指驱逐舰）"}, {"uid": "308730591", "content": "不，你不是白毛（直球）"}, {"uid": "27073454", "content": "新型网络诈骗"}, {"uid": "434678865", "content": "我不是！我没有！你别乱说！（擦口水）"}, {"uid": "3078826", "content": "师 出 有 名"}, {"uid": "554274242", "content": "你为什么这么熟练啊！"}, {"uid": "247173893", "content": "初见 可爱 单杀"}, {"uid": "497037779", "content": "那你会心疼我吗（bushi"}, {"uid": "559420", "content": "好家伙，直接明抢了"}, {"uid": "5843049", "content": "棒读指数超标"}, {"uid": "5843049", "content": "卧槽，别这么直白啊，我会害羞的"}, {"uid": "2032313", "content": "来骗，来偷袭2333333"}, {"uid": "39416347", "content": "草。你居然都知道了"}, {"uid": "12204388", "content": "公然抢钱（狗头）"}, {"uid": "81011164", "content": "初见，可爱，对线，单杀"}, {"uid": "293324303", "content": "都老夫老妻了"}, {"uid": "359923075", "content": "b站风评被害（草）"}, {"uid": "88011221", "content": "？？机 密 泄 露？ ？"}, {"uid": "453567653", "content": "初见 可爱 单推 结婚"}, {"uid": "5903881", "content": "仙贝们都教了什么啊【摔"}, {"uid": "91735847", "content": "还是病娇，太好惹"}, {"uid": "472273245", "content": "中文水平好棒。。。"}, {"uid": "29338168", "content": "直球大凶，草"}, {"uid": "33298616", "content": "好直的球，我拦不住了"}, {"uid": "494647086", "content": "疯狂明示"}, {"uid": "494647086", "content": "初见，可爱，单推，结婚"}, {"uid": "393900044", "content": "好 前 辈"}, {"uid": "66063753", "content": "这好像凯露啊  腹黑傲娇点就更喜欢了"}, {"uid": "1541803", "content": "你错了，我没这癖好（哧溜～）"}, {"uid": "1558824630", "content": "你怎么这么熟练啊OwO"}, {"uid": "19174622", "content": "尾巴可行性好强"}, {"uid": "14375462", "content": "我没有，跟你不需要初见单推直接结婚（doge）"}, {"uid": "14375462", "content": "还腹黑 关注了"}, {"uid": "3657234", "content": "莉亚他们都教了些什么2333"}, {"uid": "34959019", "content": "过于直球诉讼"}, {"uid": "85824643", "content": "我虽然是舰长，但是我希望铃酱对我粗暴一点"}, {"uid": "80265646", "content": "不要长相可爱的说出很恐怖的话啊。。。"}, {"uid": "74173597", "content": "前辈，你都教了些什么啊前辈"}, {"uid": "6601684", "content": "我是你失散多年的老公啊"}, {"uid": "195343161", "content": "挺实诚的hhh"}, {"uid": "101236175", "content": "初见 可爱 单推 结婚"}, {"uid": "519455086", "content": "神乐七乃行为"}, {"uid": "442599788", "content": "对不起我喜欢钢板"}, {"uid": "23302326", "content": "直接明示"}, {"uid": "6413166", "content": "我是你哥哥！（药水脸"}, {"uid": "7619447", "content": "玩明白了属于是"}, {"uid": "172966214", "content": "不，前缀应该是白发"}, {"uid": "2288947", "content": "またこんど"}, {"uid": "11000914", "content": "初建，单腿，解混！"}, {"uid": "623297694", "content": "不行了，她真的太会了"}, {"uid": "67959847", "content": "我就是你失散多年的亲哥哥"}, {"uid": "5805711", "content": "你到底有几个好哥哥？"}, {"uid": "480602538", "content": "初见，单推，结婚"}, {"uid": "14372141", "content": "B站网友风评被害"}, {"uid": "277218584", "content": "初见，可爱，单挑"}, {"uid": "90556256", "content": "她太会了"}, {"uid": "3333545", "content": "突然病嬌"}, {"uid": "35144692", "content": "你这不是白发啊（恼）"}, {"uid": "2549576", "content": "直球发言suki"}, {"uid": "52453166", "content": "？？？？叠buff呢"}, {"uid": "74100381", "content": "不是噢！他们在骗你啦，我们都是单推人（确信"}, {"uid": "17506325", "content": "你给我整不会了。。。。"}, {"uid": "2444453", "content": "不，还缺个白毛，红瞳"}, {"uid": "8732645", "content": "初见 单推 结婚！！！"}, {"uid": "57454702", "content": "这雨刮器怎么毛茸茸的"}, {"uid": "329359452", "content": "没有姐姐，只有女giegie"}, {"uid": "343060626", "content": "好，我专门开个小号单推"}, {"uid": "702466514", "content": "草，在哪可以捡"}, {"uid": "359923075", "content": "草（大声）"}, {"uid": "8540019", "content": "这小嘴真甜"}, {"uid": "742286", "content": "你不心疼哥哥"}, {"uid": "508302414", "content": "完了，她都知道"}, {"uid": "470594319", "content": "你是中国人吧姐妹哈哈哈"}, {"uid": "40999501", "content": "尾巴是雨刮器……"}, {"uid": "65211099", "content": "做招财猫，让我康康你强壮的右手！！！"}, {"uid": "356587438", "content": "你们都教了后辈什么奇奇怪怪的东西"}, {"uid": "32735006", "content": "这压嗓子压的我就觉得离谱"}, {"uid": "1626312220", "content": "初见，可爱，单推www"}, {"uid": "494647086", "content": "这么直接的吗"}, {"uid": "12891523", "content": "少了白毛"}, {"uid": "265501", "content": "初见单推怀孕"}, {"uid": "19174622", "content": "全程棒读草"}, {"uid": "506844272", "content": "好家伙太会说话了"}, {"uid": "772867", "content": "草，直球"}, {"uid": "35453783", "content": "你别乱说，我我可喜欢小的"}, {"uid": "23008620", "content": "giegie~"}, {"uid": "62395511", "content": "提督：？总督：？"}, {"uid": "12144301", "content": "如果还是白毛，那对冲国dd将是绝杀"}, {"uid": "398385272", "content": "白毛就完美了"}, {"uid": "105153041", "content": "初见，可爱，单推，结婚"}, {"uid": "85927292", "content": "初见 单挑 反杀"}, {"uid": "15812077", "content": "坏了被她整明白了"}, {"uid": "32139273", "content": "我不是，我没有"}, {"uid": "6601684", "content": "已经找到了"}, {"uid": "12898454", "content": "你说话好机车哦"}, {"uid": "12898454", "content": "我不是我没有斯哈斯哈"}, {"uid": "1631568449", "content": "初见，可爱，拜把子("}, {"uid": "172880314", "content": "骗吃骗喝"}, {"uid": "519455086", "content": "等一下，你怎么知道的，难道你是在我家安了监控"}, {"uid": "519455086", "content": "等一下我不是，你别听他们的话"}, {"uid": "11579795", "content": "草，这前辈不能要"}, {"uid": "53742903", "content": "窝嫩爹"}, {"uid": "442599788", "content": "其实舰长也不可以相信"}, {"uid": "1333107399", "content": "初见，可爱，单推，结婚"}, {"uid": "179259008", "content": "初见，单推，结婚"}, {"uid": "35501873", "content": "叠buff！"}, {"uid": "315526379", "content": "低情商：只对W温柔了 高情商：只对舰长温柔"}, {"uid": "22937268", "content": "我是你哥哥！"}, {"uid": "476817", "content": "草"}, {"uid": "198286116", "content": "？？？牙白"}, {"uid": "12745615", "content": "那你会心疼我吗"}, {"uid": "13546740", "content": "初见，单推，结婚"}, {"uid": "702466514", "content": "新型诈骗"}, {"uid": "67959847", "content": "初见，可爱，群推，结婚"}, {"uid": "175984748", "content": "我的房子还蛮大的"}, {"uid": "256104315", "content": "你监视我?"}, {"uid": "405235860", "content": "DD（指异次元）"}, {"uid": "483596115", "content": "心理学max"}, {"uid": "394117368", "content": "DD（指驱逐舰）"}, {"uid": "8101295", "content": "不你不是白发"}, {"uid": "85401958", "content": "你不心疼哥哥嘛"}, {"uid": "85401958", "content": "还要加上白毛"}, {"uid": "214869704", "content": "不是看了其他视频还以为是国v"}, {"uid": "8732645", "content": "关注了关注了"}, {"uid": "146811820", "content": "初见，单推，结婚"}, {"uid": "97167601", "content": "bilibili风评被害"}, {"uid": "9900903", "content": "莉亚都教你了谁啥啊！"}, {"uid": "39332484", "content": "哪里捡到的，我也去碰碰运气"}, {"uid": "8355537", "content": "初见，DD，后宫"}, {"uid": "7610685", "content": "我不是，我没有"}, {"uid": "2510885", "content": "你少个白发"}, {"uid": "6849104", "content": "vtb这块算是让你玩明白了"}, {"uid": "302351390", "content": "初见，单推，结婚"}, {"uid": "9343497", "content": "初見，可愛，單推，重婚"}, {"uid": "636171817", "content": "可以绝育吗"}, {"uid": "23928017", "content": "如果是白毛，那将是绝杀"}, {"uid": "14489909", "content": "她太会了"}, {"uid": "732142", "content": "会会会！好好好！"}, {"uid": "337358511", "content": "我不是我没有你不要乱说"}, {"uid": "9276970", "content": "初见 单推 结婚"}, {"uid": "17481667", "content": "爷也想捡一个"}, {"uid": "17481667", "content": "直球诉讼"}, {"uid": "9131508", "content": "不是白毛-100分doge"}, {"uid": "494117615", "content": "捧读v 爱了爱了"}, {"uid": "229095718", "content": "草直球"}, {"uid": "5919330", "content": "直奔主题"}, {"uid": "527440137", "content": "初见，战书，决斗"}, {"uid": "1110444", "content": "初见，单挑，爆杀"}, {"uid": "297778899", "content": "草斩首x233"}, {"uid": "67393034", "content": "初见，单推，结婚"}, {"uid": "31286105", "content": "我没有，你不要乱说"}, {"uid": "26429699", "content": "初见，单推，结婚"}, {"uid": "26429699", "content": "草"}, {"uid": "36077451", "content": "对不起，你不是白毛。"}, {"uid": "185872154", "content": "明示草"}, {"uid": "2023792", "content": "她太懂了"}, {"uid": "74173597", "content": "初见  单推  结婚"}, {"uid": "347816451", "content": "草"}, {"uid": "11001602", "content": "你好会哦"}, {"uid": "3885523", "content": "草"}, {"uid": "73051", "content": "初见 单挑 决斗"}, {"uid": "26594262", "content": "初见，单推，可爱，结婚"}, {"uid": "34832700", "content": "但大家喜欢白毛（"}, {"uid": "11579795", "content": "草，太营业了"}, {"uid": "11579795", "content": "《wactor的前辈》"}, {"uid": "19688577", "content": "我没有，你别乱说"}, {"uid": "19519724", "content": "兀那妖怪，你孙爷爷在此"}, {"uid": "44477862", "content": "初见，可爱，单挑"}, {"uid": "2553950", "content": "不，我是你弟弟"}, {"uid": "343693451", "content": "我没有，你不要乱说啊"}, {"uid": "365074206", "content": "。。。"}, {"uid": "163633", "content": "密码正确"}, {"uid": "279597602", "content": "腹黑好耶"}, {"uid": "90371281", "content": "太会了"}, {"uid": "25711410", "content": "初见，单推，结婚"}, {"uid": "303138146", "content": "初见，单推，结婚"}, {"uid": "673798892", "content": "在我认识的人中，白嫖的手法没有比你更优秀，我愿成你为最强"}, {"uid": "3333545", "content": "真直接"}, {"uid": "39905015", "content": "还有白毛"}, {"uid": "35144692", "content": "我对别的男人也说这个"}, {"uid": "896086", "content": "初见，单推，重婚"}, {"uid": "6824701", "content": "初见 单推 结婚"}, {"uid": "11182645", "content": "直接要钱"}, {"uid": "30035523", "content": "初见，单推，DD斩首"}, {"uid": "10579112", "content": "草"}, {"uid": "554274242", "content": "少了白毛"}, {"uid": "10900072", "content": "《预判》"}, {"uid": "516032227", "content": "草"}, {"uid": "559420", "content": "不，我没有"}, {"uid": "1394267", "content": "风评被害"}, {"uid": "306402704", "content": "我是你哥哥"}, {"uid": "2014713", "content": "口音挺有意思的"}, {"uid": "5293170", "content": "？？？？？"}, {"uid": "35552949", "content": "直奔主题"}, {"uid": "51202585", "content": "就好这口嘿嘿"}, {"uid": "13542638", "content": "不，你并不心疼giegie"}, {"uid": "13780867", "content": "初见 单推 结婚"}, {"uid": "42951907", "content": "可别乱说啊，我不是"}, {"uid": "388280251", "content": "好直球"}, {"uid": "241668981", "content": "最爱giegie啦！"}, {"uid": "391512871", "content": "， "}, {"uid": "37659877", "content": "少了白毛（"}, {"uid": "39733854", "content": "要是白毛就更好了"}, {"uid": "10911420", "content": "不，我不是"}, {"uid": "2156511", "content": "你就是个妹妹"}, {"uid": "5941850", "content": "初见，可爱，单杀了"}, {"uid": "107050785", "content": "草"}, {"uid": "1081196291", "content": "缺一个白毛"}, {"uid": "488787381", "content": "我喜欢平的"}, {"uid": "8207690", "content": "可你不是白毛欸"}, {"uid": "10450805", "content": "警惕消费陷阱"}, {"uid": "34347755", "content": "你不是白毛"}, {"uid": "551194", "content": "已交关注ww"}, {"uid": "14489909", "content": "她太会了"}, {"uid": "31452053", "content": "giegie"}, {"uid": "98535250", "content": "风评被害"}, {"uid": "32698740", "content": "初见，单推，结婚"}, {"uid": "481362703", "content": "直奔主题"}, {"uid": "105153041", "content": "我不是我没有你别乱说"}, {"uid": "26429699", "content": "不，我不是"}, {"uid": "10474110", "content": "初见，单推，结婚"}, {"uid": "559807", "content": "初见，单推，结婚"}, {"uid": "6601684", "content": "快跟我回家吧"}, {"uid": "43807952", "content": "骗钱系vup"}, {"uid": "3885523", "content": "来了来了来了"}, {"uid": "25545324", "content": "心疼哥哥"}, {"uid": "25545324", "content": "初见，单推，结婚"}, {"uid": "12898454", "content": "初见，单推，结婚"}, {"uid": "151458", "content": "我不是 我没有（"}, {"uid": "17386808", "content": "阿这 确实"}, {"uid": "455575585", "content": "明抢了"}, {"uid": "519455086", "content": "密码错误"}, {"uid": "23302326", "content": "啊这，确实"}, {"uid": "439135427", "content": "cao暴露了"}, {"uid": "441320361", "content": "心疼giegie"}, {"uid": "480953883", "content": "啊这，我不是我没有你别乱说啊"}, {"uid": "321590336", "content": "台湾腔"}, {"uid": "65583695", "content": "都是驱逐舰"}, {"uid": "38274277", "content": "草"}, {"uid": "2368840", "content": "初见，单推，结婚"}, {"uid": "172966214", "content": "是啊，白毛就更好了"}, {"uid": "365074206", "content": "好可爱"}, {"uid": "3932835", "content": "giegie"}, {"uid": "365074206", "content": "哈哈哈哈"}, {"uid": "125720", "content": "好家伙"}, {"uid": "702466514", "content": "？？？"}, {"uid": "399816", "content": "你再骂！"}, {"uid": "4805097", "content": "懂了"}, {"uid": "90371281", "content": "就差白毛"}, {"uid": "121276470", "content": "你不是白毛"}, {"uid": "2316613", "content": "确实（"}, {"uid": "18194985", "content": "好家伙"}, {"uid": "52453166", "content": "不，我是你爸爸（"}, {"uid": "112356192", "content": "有加幻视"}, {"uid": "10579112", "content": "初见单推结婚"}, {"uid": "44977420", "content": "懂了懂了"}, {"uid": "17989357", "content": "中文这么好?"}, {"uid": "2014713", "content": "小猫还乡？"}, {"uid": "389431", "content": "U1s1 qs"}, {"uid": "13542638", "content": "明示是吧"}, {"uid": "43030402", "content": "giegie"}, {"uid": "88011221", "content": "下次一定"}, {"uid": "402376864", "content": "哈哈哈哈"}, {"uid": "7610685", "content": "？？？？？？？？？？"}, {"uid": "518556458", "content": "这来中国欲望直接说白了"}, {"uid": "32742699", "content": "来抢来骗是吧"}, {"uid": "8540019", "content": "你再骂！"}, {"uid": "293319188", "content": "？"}, {"uid": "38049359", "content": "直奔主题"}, {"uid": "12768046", "content": "都被她懂完了"}, {"uid": "387300966", "content": "初见，合葬"}, {"uid": "23928017", "content": "初见，单推，结婚"}, {"uid": "21448557", "content": "太直接了"}, {"uid": "349487338", "content": "少了白毛"}, {"uid": "17481667", "content": "我不是我没有"}, {"uid": "488787381", "content": "这是被谁教的啊？？"}, {"uid": "23684952", "content": "我不是，我没有"}, {"uid": "36058", "content": "初见，单推，结婚"}, {"uid": "3657234", "content": "233选的几号"}, {"uid": "473016565", "content": "初见，单推，结婚"}, {"uid": "125059326", "content": "我只会心疼giegie"}, {"uid": "125059326", "content": "giegie"}, {"uid": "459476", "content": "白毛！"}, {"uid": "494595850", "content": "初见，单推，结婚"}, {"uid": "347816451", "content": "awsl"}, {"uid": "434211960", "content": "初见，单推，"}, {"uid": "34682928", "content": "初见单挑结婚"}, {"uid": "25545324", "content": "开始了"}, {"uid": "25545324", "content": "我不是，我没有"}, {"uid": "4080892", "content": "白毛红瞳呢…"}, {"uid": "17499117", "content": "现在的v都这么功利的吗，，，"}, {"uid": "319284", "content": "草"}, {"uid": "20865617", "content": "初见单推结婚"}, {"uid": "55071452", "content": "草"}, {"uid": "417826", "content": "女仆出来挨打"}, {"uid": "175355743", "content": "少了白毛"}, {"uid": "3284828", "content": "初见单推结婚"}, {"uid": "516819405", "content": "初见，目害了"}, {"uid": "11685519", "content": "台妹吗？"}, {"uid": "441320361", "content": "giegie"}, {"uid": "451352", "content": "？？？？？？？？？？？？？"}, {"uid": "61005915", "content": "初见，DD，结婚"}, {"uid": "3838978", "content": "草"}, {"uid": "702466514", "content": "懂了"}, {"uid": "2368840", "content": "强迫DD?"}, {"uid": "11000914", "content": "giegie"}, {"uid": "11000914", "content": "啊？."}, {"uid": "11000914", "content": "啊？"}, {"uid": "11000914", "content": "???"}, {"uid": "399816", "content": "坏女人！"}, {"uid": "76368773", "content": "？？？？"}, {"uid": "30115344", "content": "白毛就更好了"}, {"uid": "141658", "content": "giegie"}, {"uid": "55090289", "content": "快松口啊"}, {"uid": "89073038", "content": "好耶"}, {"uid": "25911875", "content": "别乱说啊妹妹"}, {"uid": "96794504", "content": "你来斩我吧，"}, {"uid": "10900072", "content": "初见 害怕 溜了"}, {"uid": "609278760", "content": "这就关注"}, {"uid": "2014713", "content": "？？？？？？"}, {"uid": "11184670", "content": "Giegie"}, {"uid": "51202585", "content": "无感情"}, {"uid": "34020199", "content": "草"}, {"uid": "3841005", "content": "我是你哥哥"}, {"uid": "43030402", "content": "？？"}, {"uid": "34959019", "content": "明抢"}, {"uid": "257505842", "content": "？？？？？？？你们教了什么啊老婆们"}, {"uid": "343923467", "content": "还是天曰小雏可爱"}, {"uid": "247062392", "content": "明示？"}, {"uid": "5903881", "content": "草"}, {"uid": "91735847", "content": "大橘已定"}, {"uid": "59355", "content": "初，单，婚"}, {"uid": "49445862", "content": "哈？"}, {"uid": "4530797", "content": "草"}, {"uid": "11946192", "content": "哈哈哈哈哈哈哈哈哈"}, {"uid": "185430222", "content": "哈哈"}, {"uid": "17481667", "content": "初见单推结婚"}, {"uid": "1466343906", "content": "这都教了些什么呀？"}, {"uid": "328318938", "content": "女僕，哪兒撿的？？？"}, {"uid": "313583219", "content": "我不是我没有别瞎说"}, {"uid": "9131508", "content": "？？？？？"}, {"uid": "506844272", "content": "这……"}, {"uid": "43027646", "content": "看着真想我老婆"}, {"uid": "297778899", "content": "TMD离谱"}, {"uid": "357381660", "content": "坏了坏了"}, {"uid": "32742699", "content": "还有白毛呢？"}, {"uid": "16096557", "content": "只会心疼giegie"}, {"uid": "481362703", "content": "好家伙"}, {"uid": "459476", "content": "都教了些什么啊"}, {"uid": "5969776", "content": "giegie"}, {"uid": "2130977", "content": "这中文，台湾口音"}, {"uid": "500651356", "content": "草"}, {"uid": "1880697", "content": "希儿(幻视)"}, {"uid": "8540019", "content": "草"}, {"uid": "105153041", "content": "你不是被丢的吗？"}, {"uid": "10397933", "content": "钉钉？？？"}, {"uid": "25545324", "content": "ohhhhhhhhhhh"}, {"uid": "906340", "content": "gie gie"}, {"uid": "204454496", "content": "awsl"}, {"uid": "20122020", "content": "百贱！"}, {"uid": "17386808", "content": "初见 单推"}, {"uid": "17386808", "content": "DD斩首www"}, {"uid": "10700132", "content": "我没有………我呸。我有，我喜欢"}, {"uid": "179259008", "content": "叉出去"}, {"uid": "12408245", "content": "????"}, {"uid": "37825567", "content": "哈哈哈哈哈"}, {"uid": "702466514", "content": "好家伙"}, {"uid": "702466514", "content": "有内鬼"}, {"uid": "439154558", "content": "单推，"}, {"uid": "2368840", "content": "草"}, {"uid": "297517147", "content": "我不是我没有"}, {"uid": "7428076", "content": "草"}, {"uid": "279597602", "content": "迎娶"}, {"uid": "245199603", "content": "草"}, {"uid": "90371281", "content": "清楚"}, {"uid": "6931450", "content": "姐姐爱你"}, {"uid": "44977420", "content": "哈哈哈哈哈"}, {"uid": "199548107", "content": "老婆"}, {"uid": "385339683", "content": "草"}, {"uid": "9373340", "content": "？"}, {"uid": "312291719", "content": "？？？"}, {"uid": "446822074", "content": "哈哈哈哈"}, {"uid": "305643246", "content": "你们都是我的羽毛"}, {"uid": "221082931", "content": "好"}, {"uid": "1496761", "content": "我不是，我没有别瞎说"}, {"uid": "11184670", "content": "Giegie"}, {"uid": "24871527", "content": "？？？？？"}, {"uid": "38494675", "content": "秀"}, {"uid": "633393206", "content": "好可爱"}, {"uid": "359923075", "content": "草"}, {"uid": "1911240", "content": "姐姐不行吗"}, {"uid": "470322561", "content": "草"}, {"uid": "376115", "content": "大什么"}, {"uid": "577287656", "content": "狮子大开口"}, {"uid": "493325261", "content": "爷单推"}, {"uid": "33289985", "content": "？"}, {"uid": "5903881", "content": "草"}, {"uid": "598860423", "content": "蟹前辈"}, {"uid": "91735847", "content": "我事姐姐uu"}, {"uid": "11491610", "content": "好耶"}, {"uid": "37437481", "content": "鬼！"}, {"uid": "1467133", "content": "？？？？"}, {"uid": "2156511", "content": "还不像台妹的口音"}, {"uid": "21448557", "content": "都教了啥啊"}, {"uid": "383915019", "content": "我………没有…"}, {"uid": "393900044", "content": "草草草草"}, {"uid": "393900044", "content": "？"}, {"uid": "432479531", "content": "草"}, {"uid": "355933339", "content": "啊这？"}, {"uid": "266667409", "content": "那是谣言"}, {"uid": "36294254", "content": "好耶"}, {"uid": "43027646", "content": "这只猫好欠打"}, {"uid": "1776874", "content": "？"}, {"uid": "14062932", "content": "初见，结婚"}, {"uid": "62395511", "content": "giegie"}, {"uid": "34959019", "content": "？？？？？？"}, {"uid": "2007142", "content": "复见，双推，再……好像不太对？"}, {"uid": "328318938", "content": "真的嗎？！"}, {"uid": "26631", "content": "草"}, {"uid": "431671807", "content": "这破直播间就靠我来丢人了"}, {"uid": "132755", "content": "草"}, {"uid": "351328719", "content": "草"}, {"uid": "74173597", "content": "啊这"}, {"uid": "6820165", "content": "？"}, {"uid": "3885523", "content": "还差白毛"}, {"uid": "91662266", "content": "臭鼬"}, {"uid": "2026319", "content": "谢谢打赏喵"}, {"uid": "508865411", "content": "初见 可爱 结婚是没错的，但是初见 可爱 单推要换成初见 可爱 D了"}, {"uid": "440847351", "content": "是我"}, {"uid": "702466514", "content": "giegie"}, {"uid": "702466514", "content": "好家伙"}, {"uid": "399177758", "content": "我没有（大声）"}, {"uid": "175355743", "content": "哈哈哈"}, {"uid": "37825567", "content": "草"}, {"uid": "29594293", "content": "？"}, {"uid": "702466514", "content": "giegie"}, {"uid": "702466514", "content": "草"}, {"uid": "262525769", "content": "？"}, {"uid": "13787793", "content": "？"}, {"uid": "13787793", "content": "？"}, {"uid": "21037542", "content": "？？？？？？？？？/"}, {"uid": "73159560", "content": "初见，结婚"}, {"uid": "198286116", "content": "啊这"}, {"uid": "41269087", "content": "giegie"}, {"uid": "13308876", "content": "突然台湾风"}, {"uid": "49457975", "content": "没有白毛"}, {"uid": "702466514", "content": "我会收留你"}, {"uid": "8162313", "content": "草"}, {"uid": "3333545", "content": "。。。。。"}, {"uid": "8808083", "content": "？"}, {"uid": "23512845", "content": "？？？？"}, {"uid": "81486880", "content": "草"}, {"uid": "31804554", "content": "好"}, {"uid": "52453166", "content": "不要听lia的！！她才是不对劲的那个！"}, {"uid": "8969800", "content": "草"}, {"uid": "21799358", "content": "？"}, {"uid": "10900072", "content": "舰长不都是anti吗"}, {"uid": "67369443", "content": "我不是我没有别胡说"}, {"uid": "499668391", "content": "抱歉，没说过。"}, {"uid": "443846347", "content": "我的目标是：击剑"}, {"uid": "5293170", "content": "别骂了别骂啦"}, {"uid": "52241984", "content": "草"}, {"uid": "702466514", "content": "草"}, {"uid": "564976972", "content": "。。。。。。"}, {"uid": "202593782", "content": "？"}, {"uid": "409480473", "content": "草"}, {"uid": "65196390", "content": "不够大"}, {"uid": "359923075", "content": "草"}, {"uid": "503542784", "content": "希儿？"}, {"uid": "1681165", "content": "草"}, {"uid": "293319188", "content": "草"}, {"uid": "508302414", "content": "草"}, {"uid": "10090059", "content": "?"}, {"uid": "454124146", "content": "初见，叫人，运动，完事，埋了，走人"}, {"uid": "9276970", "content": "好"}, {"uid": "345640540", "content": "剃须，然后捡到女高中生"}, {"uid": "297778899", "content": "斩首"}, {"uid": "36058", "content": "草"}, {"uid": "503282003", "content": "草"}, {"uid": "190739140", "content": "不是吧"}, {"uid": "226163238", "content": "初见"}, {"uid": "98941576", "content": "？？？"}, {"uid": "349722897", "content": "全懂完了"}, {"uid": "351328719", "content": "老婆我来了！！！"}, {"uid": "37055", "content": "是啊"}, {"uid": "185872154", "content": "草"}, {"uid": "74173597", "content": "好家伙"}, {"uid": "25545324", "content": "是啊是啊"}, {"uid": "9189943", "content": "我不是。别瞎说"}, {"uid": "94350235", "content": "giegie"}, {"uid": "1592759", "content": "初见，DD,结婚"}, {"uid": "22330990", "content": "坏了"}, {"uid": "17386808", "content": "草"}, {"uid": "22008355", "content": "确实"}, {"uid": "2962668", "content": "草www"}, {"uid": "484225234", "content": "暴露了啊，都传日本去了，搞不好全世界都已经知道了"}, {"uid": "349559573", "content": "草"}, {"uid": "4494836", "content": "草"}, {"uid": "4494836", "content": "？？？？"}, {"uid": "2368840", "content": "卧槽"}, {"uid": "34880930", "content": "草"}, {"uid": "471235226", "content": "草"}, {"uid": "702466514", "content": "不，我没有"}, {"uid": "702466514", "content": "？？？？？"}, {"uid": "23589187", "content": "草"}, {"uid": "438412889", "content": "草"}, {"uid": "4588266", "content": "xsl"}, {"uid": "673798892", "content": "DD啥意思啊"}, {"uid": "3333545", "content": "nope"}, {"uid": "440136614", "content": "谁说的?"}, {"uid": "440136614", "content": "?"}, {"uid": "90559342", "content": "初见"}, {"uid": "8808083", "content": "草"}, {"uid": "415177404", "content": "麻了"}, {"uid": "20654785", "content": "你这个残忍的人类你这个恶魔的使徒"}, {"uid": "554274242", "content": "我是giegie"}, {"uid": "44977420", "content": "我是你爸爸（dog）"}, {"uid": "44977420", "content": "草"}, {"uid": "146811820", "content": "草"}, {"uid": "349432927", "content": "你骂谁舰长呢！"}, {"uid": "202593782", "content": "初见，单推，合葬[doge][OK][OK][OK]​"}, {"uid": "428226410", "content": "草"}, {"uid": "33873049", "content": "百歼"}, {"uid": "2510885", "content": "？"}, {"uid": "518556458", "content": "草"}, {"uid": "293319188", "content": "草"}, {"uid": "97167601", "content": "？"}, {"uid": "11365047", "content": "结果"}, {"uid": "59759516", "content": "草"}, {"uid": "181647898", "content": "？？？？？？？？？"}, {"uid": "108200634", "content": "DD特色"}, {"uid": "35374982", "content": "我冲了"}, {"uid": "22151750", "content": "sodayo"}, {"uid": "38715743", "content": "？？？"}, {"uid": "2156511", "content": "我是你爸爸"}, {"uid": "383915019", "content": "不会"}, {"uid": "9276970", "content": "？"}, {"uid": "265501", "content": "？"}, {"uid": "1466343906", "content": "？？？？？？？？？？？？"}, {"uid": "3989219", "content": "草"}, {"uid": "430905027", "content": "我老婆"}, {"uid": "32191148", "content": "？？？"}, {"uid": "25269308", "content": "新老婆"}, {"uid": "16096557", "content": "麻吉？"}, {"uid": "86814859", "content": "草"}, {"uid": "185872154", "content": "草"}, {"uid": "74173597", "content": "？？？？"}, {"uid": "74173597", "content": "草"}, {"uid": "293349718", "content": "没有哦ww"}, {"uid": "35835725", "content": "好"}, {"uid": "105153041", "content": "哇，初见，单推，结婚了，其他的v别来了"}, {"uid": "221683881", "content": "凯露？"}, {"uid": "499709677", "content": "我只喜欢白嫖"}, {"uid": "17499117", "content": "上不起舰长我不配看直播 5555555"}, {"uid": "371036656", "content": "Gie Gie"}, {"uid": "105153041", "content": "本以为你是来骗感情的，原来你是来骗钱的，我直接举报三连，哼！"}, {"uid": "1284494", "content": "加油"}, {"uid": "4915405", "content": "然而并不是"}, {"uid": "11579795", "content": "草"}, {"uid": "702466514", "content": "草"}, {"uid": "37825567", "content": "草"}, {"uid": "537314", "content": "草"}, {"uid": "2368840", "content": "草"}, {"uid": "393628466", "content": "说句日语不然都不信你是日本的"}, {"uid": "36941623", "content": "mua"}, {"uid": "648238933", "content": "欢乐KTV"}, {"uid": "25141075", "content": "草"}, {"uid": "7995579", "content": "你不关注，我会被斩首 or 你不关注我，会被斩首？"}, {"uid": "6825148", "content": "草"}, {"uid": "673798892", "content": "我愿趁你"}, {"uid": "673798892", "content": "抢钱？"}, {"uid": "673798892", "content": "？？？？？？"}, {"uid": "3333545", "content": "咋魔界來的越來越傻，貓娘缺是越來越成熟？"}, {"uid": "288452344", "content": "草"}, {"uid": "364425309", "content": "单推"}, {"uid": "2316613", "content": "这腔调好像是台湾那边的？"}, {"uid": "274708232", "content": "草"}, {"uid": "4639965", "content": "？？？？"}, {"uid": "406934614", "content": "草"}, {"uid": "20654785", "content": "，"}, {"uid": "20157703", "content": "？？？？？？？？？"}, {"uid": "14438146", "content": "草"}, {"uid": "390168014", "content": "初见，D了，击剑"}, {"uid": "349765207", "content": "？"}, {"uid": "2820980", "content": "awsl"}, {"uid": "8355537", "content": "我没有别乱说"}, {"uid": "503391695", "content": "我不是，我没有 "}, {"uid": "453567653", "content": "初见"}, {"uid": "5612900", "content": "？？？？？"}, {"uid": "577287656", "content": "驱 逐 舰"}, {"uid": "72301814", "content": "草"}, {"uid": "85567019", "content": "结婚"}, {"uid": "304104155", "content": "草"}, {"uid": "384423249", "content": "？？？？？？？？。"}, {"uid": "1798659407", "content": "声音好虚"}, {"uid": "11651598", "content": "？？？"}, {"uid": "4204823", "content": "呃呃"}, {"uid": "13234278", "content": "草"}, {"uid": "262562160", "content": "就是我"}, {"uid": "393900044", "content": "草"}, {"uid": "27714666", "content": "草"}, {"uid": "81791633", "content": "草"}, {"uid": "498665", "content": "草"}, {"uid": "37561674", "content": "啊这"}, {"uid": "1087801936", "content": "不，我是妳媽媽"}, {"uid": "772867", "content": "草"}, {"uid": "1110444", "content": "？？？"}, {"uid": "356547403", "content": "孤儿"}, {"uid": "31286105", "content": "草"}, {"uid": "363608694", "content": "凯露吗"}, {"uid": "450274", "content": "草"}, {"uid": "185872154", "content": "草"}, {"uid": "18745037", "content": "单挑"}, {"uid": "204454496", "content": "密 码 正 确  ！"}, {"uid": "151458", "content": "确实"}, {"uid": "2772816", "content": "害怕"}, {"uid": "2243953", "content": "草"}, {"uid": "1284494", "content": "233"}, {"uid": "8792647", "content": "??????????????????????"}, {"uid": "532606295", "content": "您就是懂王？"}, {"uid": "23240663", "content": "上来就骗钱"}, {"uid": "345640540", "content": "打你脑阔"}]