[{"uid": "1518008178", "content": "来了"}, {"uid": "1518008178", "content": "dododo"}, {"uid": "1518008178", "content": "有有有"}, {"uid": "339788001", "content": "不会是都在听吧"}, {"uid": "339788001", "content": "6人同时观看"}, {"uid": "352648504", "content": "也就我一个闲人看一个小时"}, {"uid": "352648504", "content": "勇闯无人区"}, {"uid": "404380642", "content": "(￣▽￣)"}, {"uid": "404380642", "content": "－O－"}, {"uid": "404380642", "content": "(๑＞ڡ＜)☆"}, {"uid": "404380642", "content": "(๑• . •๑)"}, {"uid": "404380642", "content": "(●—●)"}, {"uid": "404380642", "content": "要数弹幕吗"}, {"uid": "404380642", "content": "估计已经没人了"}, {"uid": "404380642", "content": "坚持"}, {"uid": "404380642", "content": "加油"}, {"uid": "404380642", "content": "恭喜你"}, {"uid": "404380642", "content": "挑战快结束了"}, {"uid": "404380642", "content": "加油"}, {"uid": "404380642", "content": "在？"}, {"uid": "404380642", "content": "无人深空"}, {"uid": "404380642", "content": "HP：0.01"}, {"uid": "404380642", "content": "扛住"}, {"uid": "404380642", "content": "还在"}, {"uid": "404380642", "content": "存活量：1"}, {"uid": "404380642", "content": "证明活着"}, {"uid": "404380642", "content": "勇闯无人区"}, {"uid": "404380642", "content": "勇闯无人区"}, {"uid": "2283377", "content": "循环3遍啦"}, {"uid": "2283377", "content": "确认存活.jpg"}, {"uid": "1442848996", "content": "有"}, {"uid": "15771322", "content": "确认存活"}, {"uid": "39357594", "content": "好想抓尾巴"}, {"uid": "456987611", "content": "勇闯无人区"}, {"uid": "86500853", "content": "听完了"}, {"uid": "73859864", "content": "莫名好听"}, {"uid": "73859864", "content": "在"}, {"uid": "10986324", "content": "de~bubudebu~de~bubudebu~debubudebu~debu~debu"}, {"uid": "32399408", "content": "催眠曲可以的"}, {"uid": "32399408", "content": "-_-||"}, {"uid": "172791931", "content": "听完了"}, {"uid": "51202585", "content": "一把抓住"}, {"uid": "52580241", "content": "还有人吗～"}, {"uid": "178698845", "content": "有点东西"}, {"uid": "246633442", "content": "想抓住这条尾巴"}, {"uid": "18218712", "content": "有种想薅这尾巴的冲动"}, {"uid": "221482752", "content": "有没有人坚持听完的？"}, {"uid": "364351596", "content": "终于要听完了。"}, {"uid": "157870440", "content": "有人在听吗"}, {"uid": "482577692", "content": "拖了我20分钟，哈哈哈"}, {"uid": "491385371", "content": "有点催眠"}, {"uid": "702466514", "content": "1小时wwww"}, {"uid": "286294624", "content": "上头了"}, {"uid": "246633442", "content": "谁来抓住它！"}, {"uid": "375119434", "content": "1个小时就离谱"}, {"uid": "311883024", "content": "该来的还是来了，好耶"}, {"uid": "349954998", "content": "上头"}, {"uid": "82173871", "content": "这雨刮器"}, {"uid": "702466514", "content": "debubu dubu debubu debu"}, {"uid": "2019473", "content": "de~bubububu~de~bubububu~debubububu~debu~debu"}, {"uid": "53605610", "content": "可以rua吗？"}, {"uid": "207057758", "content": "bu bubububu"}, {"uid": "169270129", "content": "草"}, {"uid": "702466514", "content": "草"}, {"uid": "30152025", "content": "好耶"}, {"uid": "416084", "content": "好耶"}, {"uid": "229161758", "content": "好耶"}, {"uid": "12176889", "content": "嘟 嘟嘟嘟嘟   嘟 嘟嘟嘟嘟   嘟 嘟嘟嘟嘟 嘟嘟 嘟 嘟"}]