[{"uid": "4850149", "content": "卡！哇！伊！"}, {"uid": "31347272", "content": "第一反应就是羽川"}, {"uid": "19174622", "content": "你也是凸守"}, {"uid": "525888706", "content": "up是语言系的嘛"}, {"uid": "23302326", "content": "哇哦，有，有点厉害"}, {"uid": "14597675", "content": "？wtf is this"}, {"uid": "173530634", "content": "全是片假名谁看得懂啊"}, {"uid": "3500192", "content": "逐渐恢复的日语模块"}, {"uid": "163633", "content": "事实证明，安装汉语模块有可能损伤日语模块及喵语模块"}, {"uid": "9540498", "content": "心疼老板的打工猫猫ww"}, {"uid": "453354575", "content": "完全回复日语模块"}, {"uid": "501230", "content": "阿拉良良良良良木觉得很赞"}, {"uid": "364101754", "content": "awsl"}, {"uid": "64496509", "content": "75度"}, {"uid": "11158731", "content": "大和田！！！！"}, {"uid": "328318938", "content": "這就是專業的貓！"}, {"uid": "7757452", "content": "  正 道 的 光"}, {"uid": "222293677", "content": "语言天赋"}, {"uid": "32926397", "content": "啊，可以啊"}, {"uid": "314166353", "content": "语言天赋爆表好嘛"}, {"uid": "219634577", "content": "可爱，单挑"}, {"uid": "115678", "content": "他给的实在是太多了"}, {"uid": "24836377", "content": "不对，你是故意的"}, {"uid": "630666745", "content": "啊！kuyako dollar （幻听"}, {"uid": "2430134", "content": "终临之death"}, {"uid": "240511602", "content": "反正也听不懂(=_=)"}, {"uid": "91845657", "content": "厉害"}, {"uid": "97272007", "content": "我擦 awsl"}, {"uid": "365074206", "content": "好可爱好可爱好可爱好可爱"}, {"uid": "21096820", "content": "绕口令本身就是物语梗啊kora"}, {"uid": "24836377", "content": "我就知道是这个"}, {"uid": "2829992", "content": "草，没汉字读不了..."}, {"uid": "19845476", "content": "可爱"}, {"uid": "1730240", "content": "好猫"}, {"uid": "4639965", "content": "hahah1"}, {"uid": "365074206", "content": "好可爱啊啊啊啊"}, {"uid": "11186884", "content": "下次就打500日元吧www"}, {"uid": "86458", "content": "可爱啊啊啊啊a"}, {"uid": "81875714", "content": "&%￥￥%￥#？？"}, {"uid": "6172177", "content": "好厉害"}, {"uid": "12672555", "content": "打多了还不高兴了"}, {"uid": "312291719", "content": "nanannanana。。。"}, {"uid": "12784318", "content": "awsl"}, {"uid": "23445392", "content": "泪目了"}, {"uid": "106780549", "content": "泪目 现在还能见到物语梗"}, {"uid": "328318938", "content": "天才貓咪"}, {"uid": "12709504", "content": "niang niang め niang niang じゅう"}, {"uid": "10153736", "content": "班长！！！！！！"}, {"uid": "10201951", "content": "可爱！！"}, {"uid": "702466514", "content": "叔叔狂喜"}, {"uid": "259124291", "content": "奈何给的实在是太多了！"}, {"uid": "30372104", "content": "有内味了"}, {"uid": "365074206", "content": "好厉害"}, {"uid": "365074206", "content": "好厉害"}, {"uid": "24836377", "content": "好耶"}, {"uid": "549108", "content": "哈哈哈哈哈哈哈 物语梗"}, {"uid": "84855667", "content": "2333"}, {"uid": "30458596", "content": "这是哪首歌呀？"}, {"uid": "5216933", "content": "石油佬"}, {"uid": "325038236", "content": "ohhhhhhhhhhhhnn"}, {"uid": "11202855", "content": "好啊"}, {"uid": "11738304", "content": "故意的！"}, {"uid": "33270469", "content": "awsl"}, {"uid": "365074206", "content": "鼓掌"}, {"uid": "11000914", "content": "up在中国生活过吗还是啥"}, {"uid": "2923832", "content": "ohhhhhhhhhh"}, {"uid": "24836377", "content": "看来不光是日语模块需要修复，喵语模块也要修复了"}, {"uid": "20619959", "content": "かわいいいいいいいいいいいい"}, {"uid": "6752087", "content": "草"}, {"uid": "284813337", "content": "hhhh"}, {"uid": "19909984", "content": "草"}, {"uid": "90511466", "content": "热乎！"}, {"uid": "81258970", "content": "如果给你一篇文章，很好念，给你很多汉语拼音，不给汉字，反而不好念"}, {"uid": "272390273", "content": "awsl"}, {"uid": "301810190", "content": "？"}, {"uid": "20619959", "content": "わざっとだ！"}, {"uid": "19146830", "content": "全是片假名日本也就最开始小学用吧，好像"}, {"uid": "454119302", "content": "草"}, {"uid": "256104315", "content": "牛"}, {"uid": "83704752", "content": "好可爱"}, {"uid": "85374874", "content": "awsl"}, {"uid": "15328777", "content": "whl"}, {"uid": "121493", "content": "awsl"}, {"uid": "31347272", "content": "物语梗！！！"}, {"uid": "23506796", "content": "awsl"}, {"uid": "30731859", "content": "awsl"}, {"uid": "269479718", "content": "赛高"}]