[{"uid": "454562724", "content": "老子"}, {"uid": "12942718", "content": "这教的是什么鬼？？？"}, {"uid": "12942718", "content": "？？？？？？？？？？？？？"}, {"uid": "407029906", "content": "你来推我  我来扶你"}, {"uid": "407029906", "content": "臭臭虫"}, {"uid": "407029906", "content": "我不是很清楚有点混沌"}, {"uid": "407029906", "content": "老板脚气"}, {"uid": "407029906", "content": "这个是成语吧   不像人名"}, {"uid": "407029906", "content": "希拉里"}, {"uid": "124663640", "content": "你是个好人"}, {"uid": "124663640", "content": "才八点"}, {"uid": "358008197", "content": "哈哈哈哈哈"}, {"uid": "185150216", "content": "是mea名句啦"}, {"uid": "349189", "content": "草"}, {"uid": "30316605", "content": "给她玩明白了哈哈哈"}, {"uid": "30316605", "content": "憨憨牛可爱啊"}, {"uid": "6526223", "content": "打架好"}, {"uid": "475247176", "content": "欢迎收看骡子的直播..."}, {"uid": "475247176", "content": "螺丝~"}, {"uid": "475247176", "content": "啊哈哈哈哈哈哈哈"}, {"uid": "42323719", "content": "清亏窝钱"}, {"uid": "12822464", "content": "你在教什么啊！！！"}, {"uid": "287029079", "content": "DD斩首"}, {"uid": "287029079", "content": "传统艺能"}, {"uid": "89323389", "content": "李在赣神魔"}, {"uid": "32116769", "content": "字正腔圆"}, {"uid": "16705311", "content": "草"}, {"uid": "503498354", "content": "狗妈名言"}, {"uid": "1596728", "content": "哈哈哈哈哈"}, {"uid": "1596728", "content": "营业用语"}, {"uid": "1596728", "content": "重要的话要认真学习"}, {"uid": "2430134", "content": "老板断气"}, {"uid": "402482140", "content": "拉裤里那个笑死我了"}, {"uid": "1318353", "content": "dd斩首的清楚vtb"}, {"uid": "1318353", "content": "骡子"}, {"uid": "5115380", "content": "草 "}, {"uid": "84994303", "content": "额……"}, {"uid": "11067552", "content": "香香铃酱，臭臭铃宝"}, {"uid": "49998877", "content": "草"}, {"uid": "38147679", "content": "DD做错了什么ヽ（・＿・；)ノ"}, {"uid": "264375160", "content": "拉裤里"}, {"uid": "7912506", "content": "清亏我拳"}, {"uid": "7912506", "content": "老mea了"}, {"uid": "527659640", "content": "草"}, {"uid": "527659640", "content": "草"}, {"uid": "246633442", "content": "这。。"}, {"uid": "6359419", "content": "咦？不好好解释在中文里的清楚和日语里的区别真的好吗？"}, {"uid": "6359419", "content": "教坏外国人系列~"}, {"uid": "33823593", "content": "老板断气"}, {"uid": "1878282", "content": "草"}, {"uid": "12784318", "content": "？"}, {"uid": "12784318", "content": "？"}, {"uid": "28956823", "content": "感觉这个和你是个好人是一整句"}, {"uid": "91024974", "content": "你都教了些什么啊"}, {"uid": "342032633", "content": "君的中国语本当上手"}, {"uid": "934499", "content": "才八点"}, {"uid": "23296123", "content": "《关于我在B站看日本up主教中文这档子事》"}, {"uid": "5302969", "content": "有点佐仓啊，可爱"}, {"uid": "2405004", "content": "完了，被她玩明白了"}, {"uid": "2405004", "content": "哈哈哈哈"}, {"uid": "25590357", "content": "好家伙这ppt做的让我有种周一开ゼミ的感觉了"}, {"uid": "2405004", "content": "哈哈哈，草"}, {"uid": "756304", "content": "完啦！！DD暴露了！！！全让猫猫给整明白了"}, {"uid": "756304", "content": "ww"}, {"uid": "686630521", "content": "0宝（另一只）持续风评被害wwwwww"}, {"uid": "686630521", "content": "前方持续高能"}, {"uid": "686630521", "content": "论五语大佬莱拉的余裕，一下子就说准了（wow"}, {"uid": "8016649", "content": "生々しい話になっている"}, {"uid": "8016649", "content": "直球"}, {"uid": "8016649", "content": "真实"}, {"uid": "1253551186", "content": "这教的啥"}, {"uid": "407968", "content": "打架好"}, {"uid": "22383026", "content": "草"}, {"uid": "22383026", "content": "屑教育"}, {"uid": "22383026", "content": "你在教什么啊喂"}, {"uid": "22383026", "content": "草"}, {"uid": "3608339", "content": "你看你都教了点啥"}, {"uid": "355211351", "content": "这都教了啥！"}, {"uid": "355211351", "content": "！！！"}, {"uid": "5812307", "content": "欢迎说看"}, {"uid": "33810660", "content": "草"}, {"uid": "158048683", "content": "太难了哈哈哈，别说霓虹金，南方人也很难说清楚"}, {"uid": "357701417", "content": "离谱"}, {"uid": "357701417", "content": "这太c了"}, {"uid": "702466514", "content": "哈哈"}, {"uid": "702466514", "content": "草"}, {"uid": "2368840", "content": "草"}, {"uid": "1512927", "content": "大根可还行"}, {"uid": "30806902", "content": "今天的嘉宾是……"}, {"uid": "389431", "content": "一点也不清楚啊哈哈哈哈哈"}, {"uid": "702466514", "content": "草"}, {"uid": "931478", "content": "P家文化输出"}, {"uid": "3566667", "content": "传 统 艺 能"}, {"uid": "321596361", "content": "草"}, {"uid": "508732965", "content": "强"}, {"uid": "508732965", "content": "这孩子声音有点甜甜，憨憨的"}, {"uid": "508732965", "content": "骡子"}, {"uid": "4324179", "content": "草"}, {"uid": "29338168", "content": "草"}, {"uid": "7261729", "content": "草，怎么哪里都有mea的名言"}, {"uid": "756304", "content": "明抢发言~！"}, {"uid": "756304", "content": "wwwww"}, {"uid": "12172047", "content": "好女人教学（不是）"}, {"uid": "34767049", "content": "六级满分学中文哈哈哈"}, {"uid": "143507513", "content": "2：27"}, {"uid": "319720", "content": "好耶"}, {"uid": "25269308", "content": "星奈铃是我老婆，哦对不起，四个都是"}]