[{"uid": "2634396", "content": "88888888"}, {"uid": "2634396", "content": "哇哦，好听"}, {"uid": "85768621", "content": "77的歌，好耶"}, {"uid": "45946295", "content": "白一的歌"}, {"uid": "365074206", "content": "真的很不错"}, {"uid": "365074206", "content": "诶，挺厉害的"}, {"uid": "343060408", "content": "kksk"}, {"uid": "1933425249", "content": "哈，很不错呢"}, {"uid": "4006277", "content": "ohhhhh"}, {"uid": "482577692", "content": "可以哦"}, {"uid": "285226079", "content": "好听好听"}, {"uid": "10308659", "content": "唱的不错啊！"}, {"uid": "382935386", "content": "凉白开"}, {"uid": "255253592", "content": "好强好强"}, {"uid": "365074206", "content": "诶，不错耶"}, {"uid": "427266653", "content": "白学家猫猫！"}]