[{"uid": "196705046", "content": "你搁这搁这呢？"}, {"uid": "169535984", "content": "蚌埠住了"}, {"uid": "17841282", "content": "母语羞涩哈哈哈，用母语的时候你更能体会到其中的情感色彩"}, {"uid": "281690343", "content": "这眼睛真是牙白呢"}, {"uid": "43671706", "content": "取你首级（"}, {"uid": "2826213", "content": "草"}, {"uid": "1957464", "content": "土味文化先行者"}, {"uid": "85401958", "content": "哎~"}, {"uid": "401099828", "content": "好家伙，举一反三"}, {"uid": "401099828", "content": "这猫在三次元是不是做翻译的？？？"}, {"uid": "2307060", "content": "宝我今天去输液了，什么液，想你的液"}, {"uid": "221482752", "content": "因为要给份子钱"}, {"uid": "24655235", "content": "我们这边刚好反过来呢（"}, {"uid": "16044637", "content": "土味情话情商高笑死我了"}, {"uid": "404741957", "content": "因为看到你，我会有安全感"}, {"uid": "45263301", "content": "u咩拿喇叭！"}, {"uid": "336241969", "content": "娶り"}, {"uid": "432135", "content": "病娇感来了"}, {"uid": "33556516", "content": "哈哈哈自己都受不了了"}, {"uid": "26996107", "content": "完全莫得灵魂"}, {"uid": "29461825", "content": "糟糕，给她玩明白了"}, {"uid": "37561674", "content": "鸡皮疙瘩速起术(doge)"}, {"uid": "98831315", "content": "这么尬的东西等于情商可还行。"}, {"uid": "29489005", "content": "谁家水开了"}, {"uid": "16684710", "content": "是因为日语本身就是个含蓄的语言，做不到中文如此直球的表达"}, {"uid": "186815", "content": "她是真的可爱"}, {"uid": "16684710", "content": "居然还真能谐音起来，这个单词记住了"}, {"uid": "88659", "content": "这猫的中文力已经强到能够熟练使用中日谐音梗了，恐怖如斯"}, {"uid": "122476", "content": "这就是传说中的母语羞耻"}, {"uid": "1984003", "content": "受不了了，玲宝太可爱了！！！"}, {"uid": "36401197", "content": "要坏掉了（"}, {"uid": "34005584", "content": "她会了"}, {"uid": "1933425249", "content": "今晚的月色真美"}, {"uid": "4501418", "content": "眼睛很漂亮，里面全是桃树"}, {"uid": "35100478", "content": "简称：我坏掉了"}, {"uid": "433863003", "content": "哦~这眼睛可不是好事"}, {"uid": "8311786", "content": "这笑得好憨啊(*^_^*)"}, {"uid": "334926483", "content": "她真可爱"}, {"uid": "2430134", "content": "这也能叫情话？？"}, {"uid": "10723919", "content": "明天天气不错，上班吧"}, {"uid": "38878743", "content": "用中文也很牙白啊cora"}, {"uid": "12541106", "content": "谐音梗，扣钱"}, {"uid": "352337431", "content": "太开心了！"}, {"uid": "346421914", "content": "没有感情重来"}, {"uid": "6594189", "content": "巴 尔 坦 星 人"}, {"uid": "516320802", "content": "这眼睛。。。。。"}, {"uid": "12709504", "content": "满堕值"}, {"uid": "482577692", "content": "歪这个真的灵魂"}, {"uid": "2067873", "content": "百万军中娶上将首级"}, {"uid": "274829702", "content": "受不了 这个女人太会了"}, {"uid": "325038236", "content": "日常抠地下室"}, {"uid": "229116793", "content": "古神低语"}, {"uid": "387095641", "content": "kksk！！！"}, {"uid": "15138435", "content": "混响女孩"}, {"uid": "639989", "content": "谐音梗冷笑话，扣钱"}, {"uid": "2008817", "content": "注入灵魂"}, {"uid": "26147017", "content": "母语羞涩"}, {"uid": "33556516", "content": "太会了"}, {"uid": "702466514", "content": "这句话感觉喜欢是很累的工作一样"}, {"uid": "21833396", "content": "起飞~"}, {"uid": "10171147", "content": "草，还有滤镜"}, {"uid": "404741957", "content": "取你狗命（doge）"}, {"uid": "440847351", "content": "突突突"}, {"uid": "519455086", "content": "好油啊"}, {"uid": "1017075360", "content": "土味情话"}, {"uid": "26085400", "content": "这一段有周淑怡那味了"}, {"uid": "12417427", "content": "a w s l"}, {"uid": "26147017", "content": "我只看到了爱心"}, {"uid": "49783379", "content": "龟龟，第一次听说中文不含蓄的。"}, {"uid": "8387458", "content": "听得懂的话日语好带感"}, {"uid": "35361547", "content": "被击沉"}, {"uid": "201300", "content": "中文也已经很那啥了"}, {"uid": "3842999", "content": "精 通 双 语"}, {"uid": "32746006", "content": "哇啊啊啊，我心化了"}, {"uid": "702466514", "content": "心心眼"}, {"uid": "5115380", "content": "母语过敏"}, {"uid": "325038236", "content": "脑子要坏掉了"}, {"uid": "2430134", "content": "扣钱"}, {"uid": "3527088", "content": "最甜不过星奈铃！"}, {"uid": "1017075360", "content": "突然怪兽化"}, {"uid": "76996595", "content": "这里在读弹幕www"}, {"uid": "328318938", "content": "求一個完整版"}, {"uid": "1808632", "content": "mua"}, {"uid": "34317326", "content": "初见 单推 结婚"}, {"uid": "7029126", "content": "写轻小说呢"}, {"uid": "440847351", "content": "哈哈哈哈"}, {"uid": "348165336", "content": "歪"}, {"uid": "4296067", "content": "去输液了？"}, {"uid": "15138435", "content": "草"}, {"uid": "15138435", "content": "卧槽，太强了"}, {"uid": "24871527", "content": "这也太直球了吧"}, {"uid": "401099828", "content": "狗命"}, {"uid": "23880917", "content": "想起了徐良的《犯贱》"}, {"uid": "432135", "content": "押一付七啊"}, {"uid": "674264043", "content": "土土土土土"}, {"uid": "349559573", "content": "还中日一起谐音了，真恐怖"}, {"uid": "66647303", "content": "快蚌埠住了，兄弟们"}, {"uid": "6580771", "content": "土翻了属于是"}, {"uid": "11866045", "content": "爱心眼hso"}, {"uid": "49664239", "content": "日本人全是亚撒西的直男，有情话才怪呢"}, {"uid": "1501697", "content": "母语听起来会更亚白"}, {"uid": "325038236", "content": "坏掉了"}, {"uid": "325038236", "content": "哈哈哈哈哈哈哈"}, {"uid": "310348", "content": "喜欢我，让你感到很累吗（"}, {"uid": "440847351", "content": "坏掉了"}, {"uid": "494285357", "content": "A"}, {"uid": "255153016", "content": "wwwwwwwwwwwww"}, {"uid": "26085400", "content": "遭不住了"}, {"uid": "273344006", "content": "我喜欢阿铃"}, {"uid": "2004720", "content": "歪233"}, {"uid": "13559164", "content": "土土土土土土土"}, {"uid": "14921040", "content": "不是翻译成日语就羞耻，是中文意思本来就很羞耻"}, {"uid": "283242677", "content": "母语羞耻"}, {"uid": "6100479", "content": "土土土土"}, {"uid": "33556516", "content": "这个可以"}, {"uid": "31997012", "content": "寝取"}, {"uid": "44147771", "content": "mua"}, {"uid": "11160179", "content": "哈哈哈"}, {"uid": "8587169", "content": "日语这二字谐音一样吗"}, {"uid": "11866045", "content": "电满了"}, {"uid": "21550586", "content": "扣钱"}, {"uid": "44885734", "content": "牙白"}, {"uid": "1017075360", "content": "土的蚌埠住了"}, {"uid": "480044813", "content": "kksk"}, {"uid": "123120140", "content": "取你首级"}, {"uid": "16044637", "content": "妙啊"}, {"uid": "3579588", "content": "草"}, {"uid": "1536472", "content": "昨今明月色真美"}, {"uid": "184752", "content": "起飞"}, {"uid": "8311786", "content": "草"}, {"uid": "15328777", "content": "？？"}, {"uid": "38467178", "content": "whl xdm"}, {"uid": "2572719", "content": "不够土"}, {"uid": "273344006", "content": "口水黄豆"}, {"uid": "37637815", "content": "好傻"}, {"uid": "4962133", "content": "好！"}, {"uid": "8147774", "content": "我来寝とる了"}, {"uid": "33556516", "content": "歪"}, {"uid": "13215498", "content": "汪汪汪汪汪汪汪汪汪汪汪汪"}, {"uid": "37561674", "content": "？"}, {"uid": "2732940", "content": "break！"}, {"uid": "33335465", "content": "草"}, {"uid": "3427373", "content": "母语就会感觉很羞耻"}, {"uid": "21550586", "content": "土土土土"}, {"uid": "11941997", "content": "日本是英文的吧"}, {"uid": "6580771", "content": "玩尬的是吧"}]