[{"uid": "520714129", "content": "和生物老师对线去了"}, {"uid": "26412760", "content": "B B A"}, {"uid": "3207714", "content": "中国现在变严格了点 不能有监护关系"}, {"uid": "310810338", "content": "你就是大胆想法的产物？"}, {"uid": "6486338", "content": "马德强迫症这尾巴好想把它抓住"}, {"uid": "19845476", "content": "所以折中一下38岁「doge」"}, {"uid": "236329456", "content": "自助银行"}, {"uid": "3083838", "content": "15岁可不能直播哦，起码在中国"}, {"uid": "86814859", "content": "好的老婆"}, {"uid": "3500192", "content": "15岁不能直播更不能收益化"}, {"uid": "1933425249", "content": "猪走屋"}, {"uid": "1547794", "content": "疫情期间的时间"}, {"uid": "645471253", "content": "买个早餐店拿来吃"}, {"uid": "34372369", "content": "那就打个折  38岁"}, {"uid": "34767049", "content": "是老妈子了哈哈"}, {"uid": "228783717", "content": "生殖隔离被突破了？!"}, {"uid": "30618031", "content": "更加奇怪了草"}, {"uid": "24412020", "content": "欧巴桑"}, {"uid": "171293783", "content": "出大事了"}, {"uid": "53605610", "content": "这尾巴我好爱"}, {"uid": "756304", "content": "人对猫做了什么？！？！"}, {"uid": "401099828", "content": "生物老师震怒"}, {"uid": "36487758", "content": "撸      猫"}, {"uid": "8572268", "content": "便利店有便当"}, {"uid": "240511602", "content": "你这是15，确定不是50"}, {"uid": "53605610", "content": "想rua尾巴"}, {"uid": "23070351", "content": "童工?"}, {"uid": "27301097", "content": "居……煮……猪"}, {"uid": "40613413", "content": "大问题了  父母是雌猫还是雄猫"}, {"uid": "84879074", "content": "生殖隔离"}, {"uid": "158221654", "content": "两亲必有一方不对劲(~_~;)"}, {"uid": "520714129", "content": "15岁在这里直播？（超g"}, {"uid": "346312304", "content": "？双亲必有一方不对劲"}, {"uid": "7051627", "content": "？给我变"}, {"uid": "13542638", "content": "牢记设定"}, {"uid": "201270351", "content": "好奇怪哟，太奇怪了！"}, {"uid": "4118296", "content": "只有atm机，不是银行啦"}, {"uid": "520714129", "content": "超管当时在干嘛呢？"}, {"uid": "14024601", "content": "现在24小时便利店挺多的啊"}, {"uid": "36810930", "content": "某用品店？细说"}, {"uid": "36810930", "content": "牢记设定"}, {"uid": "19845476", "content": "坚持设定"}, {"uid": "44147771", "content": "不对劲"}, {"uid": "269479533", "content": "更奇怪了"}, {"uid": "263259", "content": "猫也可以"}, {"uid": "256139613", "content": "好可爱"}, {"uid": "21108955", "content": "虚拟fg是吧 口吃"}, {"uid": "3500192", "content": "牢记设定"}, {"uid": "12954523", "content": "给我变"}, {"uid": "33531752", "content": "其实不论是中国还是日本，15岁都是合法的"}, {"uid": "85636727", "content": "很奇怪的说"}, {"uid": "175679844", "content": "人不能"}, {"uid": "85272393", "content": "是吗？我看有些up主深夜也出去吃东西啊，就是不知道那是什么店，反正是吃饭的就是了"}, {"uid": "12546088", "content": "哈？"}, {"uid": "51208176", "content": "狂喜"}, {"uid": "92972864", "content": "这是人和臭鼬！"}, {"uid": "29721445", "content": "肯德基"}, {"uid": "103739", "content": "？？"}, {"uid": "77533522", "content": "？"}, {"uid": "4615777", "content": "日语真好"}, {"uid": "645471253", "content": "不对劲啊这"}, {"uid": "16355043", "content": "便利店不是也24小时吗？"}, {"uid": "74173597", "content": "太怪了"}, {"uid": "3933373", "content": "？"}, {"uid": "43783608", "content": "？"}]