[{"uid": "20636075", "content": "高兴的拍起了肚皮"}, {"uid": "39208504", "content": "比我好……hhh"}, {"uid": "255872659", "content": "你知道的太多了(doge)"}, {"uid": "1328068", "content": "小丑竟是我自己！"}, {"uid": "1328068", "content": "好家伙"}, {"uid": "611469", "content": "国民性存疑（指我自己）"}, {"uid": "431876068", "content": "我在怀疑人生"}, {"uid": "89543", "content": "国民性存疑"}, {"uid": "147123", "content": "哈哈哈哈哈"}, {"uid": "472410360", "content": "在 日 中 国 人"}, {"uid": "472410360", "content": "难度：简单→难度：地狱"}, {"uid": "480044813", "content": "强强铃宝"}, {"uid": "603874", "content": "小丑竟是我自己"}, {"uid": "241354606", "content": "跟日语人的同事（狗头）"}, {"uid": "2514520", "content": "学霸呀！厉害厉害"}, {"uid": "421048578", "content": "隔壁某犬科甚至还能飙粤语的，淡定"}, {"uid": "361047150", "content": "已经变成中文的形状了（"}, {"uid": "286195639", "content": "自律的猫有多可怕？"}, {"uid": "68443755", "content": "握草，我特喵丢。一定满分"}, {"uid": "10447009", "content": "可以开始背唐诗三百首了（"}, {"uid": "92141719", "content": "只有这个程度了（不屑"}, {"uid": "38794541", "content": "该学方言了（"}, {"uid": "33024843", "content": "ohhhhhhh"}, {"uid": "281078446", "content": "说真的我本人做一些病语都看不出来"}, {"uid": "30731859", "content": "我人傻啦，我暂停看题，有些我都不会"}, {"uid": "439033113", "content": "让我想起了三种语言混乱到Nyanners"}, {"uid": "50314633", "content": "悲 日语模块 悲"}, {"uid": "78091670", "content": "卧槽！！我特么都不敢说能满分！"}, {"uid": "182409478", "content": "牙白了太草"}, {"uid": "227673245", "content": "我靠我都做不了全对"}, {"uid": "10608750", "content": "内心语言，这可不得了"}, {"uid": "368079074", "content": "自律的猫猫"}, {"uid": "26550021", "content": "本当哈哈哈哈"}, {"uid": "702466514", "content": "这猫这么厉害吗"}, {"uid": "20619959", "content": "卧槽…我肯定不能满分…"}, {"uid": "6931450", "content": "朋友间互相教日语汉语，就这样铃喵逐渐对中文感兴趣然后开始自学"}, {"uid": "645357", "content": "《降 临》"}, {"uid": "107800445", "content": "卧槽 我都不一定能全对"}, {"uid": "13105146", "content": "居然是只学霸猫"}, {"uid": "25545324", "content": "震惊"}, {"uid": "22303363", "content": "我竟然不会"}, {"uid": "493961680", "content": "你已经完全掌握汉语了，那么开始学习方言吧！ 就先从温州话学起好了[doge]"}, {"uid": "346303328", "content": "ohhhhhhhhhhhhhhhhhh"}, {"uid": "31640910", "content": "卧槽！"}, {"uid": "19962246", "content": "ohhhhhhhhhhhh"}, {"uid": "99453925", "content": "握草！比我都强？"}, {"uid": "353312401", "content": "练中文练魔怔了属于是"}, {"uid": "33213126", "content": "内存不足，只能删一些"}, {"uid": "33233247", "content": "高兴到拍肚皮"}, {"uid": "76922955", "content": "注入灵魂的中文"}, {"uid": "4868640", "content": "卧槽！！！！！"}, {"uid": "100721955", "content": "牙白  了可还行"}, {"uid": "54975870", "content": "发音也特别准"}, {"uid": "10263745", "content": "她会文言文的"}, {"uid": "31868152", "content": "ohhhhhhhhhhhhhhh"}, {"uid": "164134287", "content": "同化成功？！"}, {"uid": "20157703", "content": "ohhhhhhhhhhhhhhh"}, {"uid": "325038236", "content": "ohhhhhhhhhhhhh"}, {"uid": "323953409", "content": "ohhhhhhhh"}, {"uid": "3186450", "content": "尾巴好可爱"}, {"uid": "500787617", "content": "退化的人竟是我自己"}, {"uid": "48677", "content": "学霸"}, {"uid": "147123", "content": "毕竟中文信息量大，用来思考确实会便捷"}, {"uid": "23111281", "content": "搁这高考语文语言文字运用呢"}, {"uid": "316929569", "content": "？？？？？？"}, {"uid": "515727752", "content": "原来我中文在六级一下"}, {"uid": "13934200", "content": "这已经上升到了另一个境界"}, {"uid": "2634396", "content": "就她这个水平很明显已经可以顺利交流了"}, {"uid": "379650", "content": "卷舌音发的很不错了"}, {"uid": "1394267", "content": "？？？？？卧槽"}, {"uid": "6716984", "content": "中国通了属于是"}, {"uid": "13893362", "content": "这也太强了"}, {"uid": "15138435", "content": "本当上手www"}, {"uid": "38274277", "content": "草？！@"}, {"uid": "6096799", "content": "坏了日语模块撑不住了"}, {"uid": "87159285", "content": "高中的时候老师也说英语到一定程度要学会用英语思考"}, {"uid": "74511795", "content": "太强了吧！！"}, {"uid": "9218472", "content": "言语，日语词汇啊"}, {"uid": "11843927", "content": "草，日语模块彻底崩坏了"}, {"uid": "10708661", "content": "卧槽好强"}, {"uid": "90806961", "content": "我也觉的我也拿不到满分"}, {"uid": "6931450", "content": " 和不清楚的观众说下，铃酱真的是日本猫猫哦，中文这么好是因为小时候有个中国玩伴，"}, {"uid": "31298127", "content": "我上次做了一次都没有满分。。。"}, {"uid": "227530491", "content": "woc这都是高中的题目"}, {"uid": "485047039", "content": "数据已覆盖，加载错误"}, {"uid": "349954998", "content": "语言成分逐渐混乱"}, {"uid": "55950", "content": "HSK6 100分！？！？！？"}, {"uid": "807315", "content": "没关系，咱这里有日语说得太好被怀疑是日V的，你们中和一下"}, {"uid": "13103456", "content": "卧槽！"}, {"uid": "389431", "content": "这比我语文好啊"}, {"uid": "14161933", "content": "强!"}, {"uid": "339216816", "content": "我都做不到满分"}, {"uid": "8833062", "content": "离大谱"}, {"uid": "38517030", "content": "多语言的后果就是想东西会优先选择对自己最方便的，比如谢谢简单过arigato还要加敬语"}, {"uid": "181666", "content": "模块都认识有点东西啊"}, {"uid": "89543", "content": "可以去外务省报道了www"}, {"uid": "27164642", "content": "？？"}, {"uid": "318161777", "content": "卧槽"}, {"uid": "66427926", "content": "居然能读出ri"}, {"uid": "130866939", "content": "up开心地拍起了肚皮"}, {"uid": "23576276", "content": "叠词词"}, {"uid": "161946312", "content": "原来我还不到六级"}, {"uid": "173051300", "content": "卧槽"}, {"uid": "29487697", "content": "卧槽？离开学校我都不敢说语文没问题了"}, {"uid": "38242335", "content": "中文好标准哦"}, {"uid": "33902337", "content": "nb！"}, {"uid": "36982671", "content": "语言小天才"}, {"uid": "32349341", "content": "好标准的r"}, {"uid": "13159942", "content": "woc"}, {"uid": "693929898", "content": "中文短啊，思维快，会多门语言思维肯定会偏向最有效率的"}, {"uid": "5785365", "content": "那就开始学文言文吧"}, {"uid": "472282164", "content": "！！！"}, {"uid": "338466389", "content": "别说，这样有助于中文学习"}, {"uid": "81237099", "content": "牙白了草"}, {"uid": "402121695", "content": "每一题都暂停看了，我看过的应该都是对的"}, {"uid": "245004918", "content": "我尼玛第一题就错了"}, {"uid": "10604595", "content": "应该……真的比我的分高"}, {"uid": "85374874", "content": "笑死 我学日语也是这样www"}, {"uid": "303138146", "content": "比我第一言语还熟练，草"}, {"uid": "328318938", "content": "十萬播放了！！！"}, {"uid": "3925965", "content": "可以开始学习文言文和古诗了呢，太好啦"}, {"uid": "32685505", "content": "搞忘记了噻"}, {"uid": "550702818", "content": "woc"}, {"uid": "2766392", "content": "？？？这么厉害的吗？"}, {"uid": "355211351", "content": "上手天才"}, {"uid": "32353719", "content": "《就是》好家伙中文语癖..."}, {"uid": "23155980", "content": "牙白了 23333333"}, {"uid": "14968438", "content": "卧槽"}, {"uid": "106369222", "content": "牛蛙牛蛙"}, {"uid": "843137", "content": "我觉得我拿不到满分。。。"}, {"uid": "3674812", "content": "模块逐渐分解融入中文"}, {"uid": "28003764", "content": "离谱"}, {"uid": "473357618", "content": "卧槽，真的假的"}, {"uid": "91845657", "content": "ohhhhhh"}, {"uid": "437260255", "content": "哎哟不错哦"}, {"uid": "846091", "content": "卧槽！"}, {"uid": "501114473", "content": "草"}, {"uid": "98098637", "content": "nb"}, {"uid": "66307075", "content": "卧槽"}, {"uid": "11475790", "content": "离谱"}, {"uid": "181666", "content": "谢谢茄子（）"}, {"uid": "36118032", "content": "？？？？？"}, {"uid": "11323850", "content": "草"}, {"uid": "7879129", "content": "牙白了草"}, {"uid": "54975870", "content": "题目有点难度"}, {"uid": "204324850", "content": "本当大草"}, {"uid": "158134", "content": "哈啊氿"}, {"uid": "325038236", "content": "前方高能"}, {"uid": "325038236", "content": "前方高能"}, {"uid": "85390691", "content": "厉害厉害"}, {"uid": "2602123", "content": "牛逼"}, {"uid": "439024658", "content": "ohhhhhhhhhhhh"}, {"uid": "39970002", "content": "普通话二乙"}, {"uid": "13855992", "content": "好家伙"}, {"uid": "3083838", "content": "打工的话肯定不是15岁了吧"}, {"uid": "287316153", "content": "不应该红豆饺子吗草"}, {"uid": "344670905", "content": "好可爱哦"}, {"uid": "86437493", "content": "厉害哈哈哈哈"}, {"uid": "4332235", "content": "离谱"}, {"uid": "1630430", "content": "牙白了"}, {"uid": "505988807", "content": "我自己都选不过来"}, {"uid": "32974265", "content": "关注了、"}, {"uid": "2030002", "content": "声线很好听"}, {"uid": "95450449", "content": "公务员考试是吧"}, {"uid": "9218472", "content": "表现哈哈哈哈"}, {"uid": "410666348", "content": "。。。熟悉的剧情"}, {"uid": "3970880", "content": "就离谱"}, {"uid": "128541", "content": "就跟我想事情都是用日语想一样"}, {"uid": "443187053", "content": "《日本人》"}, {"uid": "19864512", "content": "后面是装了个雨刮吗www"}, {"uid": "32353719", "content": "《好耶》"}, {"uid": "14968438", "content": "我靠太牛啦"}, {"uid": "1502692", "content": " 好家伙 和老大哥是相反的存在 "}, {"uid": "2391679", "content": "腻害了"}, {"uid": "493961680", "content": "？？？？？？我被开除国籍了呜呜呜呜"}, {"uid": "19238142", "content": "这就是日本通么？"}, {"uid": "466472643", "content": "你在考个日语试一下"}, {"uid": "520911496", "content": "!!!"}, {"uid": "512841818", "content": "我说不定不是中国人（）"}, {"uid": "299834911", "content": "我不配当中国人"}, {"uid": "501051848", "content": "这不比中国人学的好"}, {"uid": "1913480847", "content": "卧槽"}, {"uid": "79121034", "content": "ohhhhhhh"}, {"uid": "6101656", "content": "小丑竟是我自己"}, {"uid": "29287117", "content": "叠词是吧"}, {"uid": "70329136", "content": "？？？"}, {"uid": "21308794", "content": "？？？"}, {"uid": "4108568", "content": "国民性存疑"}, {"uid": "159297971", "content": "中国人としてはもう失格だ"}, {"uid": "21246943", "content": "卧槽"}, {"uid": "38242335", "content": "哈哈哈哈哈哈哈哈哈"}, {"uid": "25970926", "content": "这个发音可以啊"}, {"uid": "480105619", "content": "握草"}, {"uid": "94075089", "content": "？？？？？"}, {"uid": "286195639", "content": "？？？"}, {"uid": "3254961", "content": "覆盖了草"}, {"uid": "261538165", "content": "竟然说成了しえしえ"}, {"uid": "159605225", "content": "好帅的剪"}, {"uid": "86449989", "content": "文言文的你是魔鬼吗！？"}, {"uid": "1394267", "content": "表现哈哈哈"}, {"uid": "559422", "content": "?"}, {"uid": "11157021", "content": "卧槽"}, {"uid": "3432207", "content": "？"}, {"uid": "448252042", "content": "母语崩坏"}, {"uid": "285826982", "content": "阿巴阿巴阿巴"}, {"uid": "2121334", "content": "翻译官级别的口语"}, {"uid": "24958315", "content": "卧槽"}, {"uid": "343071873", "content": "好家伙"}, {"uid": "269818639", "content": "草？！"}, {"uid": "11843927", "content": "卧槽！？"}, {"uid": "355211351", "content": "nb"}, {"uid": "14968438", "content": "语言天才"}, {"uid": "14968438", "content": "太厉害了太厉害了"}, {"uid": "401402", "content": "下一步就是唐诗宋词元曲然后史书列传再孙子兵法道德经最后左传春秋"}, {"uid": "5903881", "content": "剪辑的好流畅哈哈哈"}, {"uid": "2907196", "content": "《不妙》"}, {"uid": "3674812", "content": "牛逼"}, {"uid": "12566120", "content": "加载了错误模块"}, {"uid": "11323170", "content": "666"}, {"uid": "8988076", "content": "模块逐渐错误"}, {"uid": "522144861", "content": "太强了吧"}, {"uid": "232069840", "content": "？？？？？"}, {"uid": "266767146", "content": "草"}, {"uid": "505652163", "content": "我现在在怀疑我的国籍"}, {"uid": "202741218", "content": "中午思维"}, {"uid": "40302543", "content": "本当wwwww"}, {"uid": "645416104", "content": "你已经是中国人了"}, {"uid": "23307954", "content": "草"}, {"uid": "72153677", "content": "草"}, {"uid": "702466514", "content": "日语模块"}, {"uid": "702466514", "content": "哈哈"}, {"uid": "19962246", "content": "草"}, {"uid": "87788355", "content": "我觉得我是没戏"}, {"uid": "434385782", "content": "古代汉语欢迎你"}, {"uid": "2288947", "content": "す不すごい？ず不ずよい？"}, {"uid": "484225234", "content": "我是没办法"}, {"uid": "2381269", "content": "中文熵值大，用中文想东西没毛病"}, {"uid": "29552145", "content": "我不能接受"}, {"uid": "54975870", "content": "我不能"}, {"uid": "24888633", "content": "串味了"}, {"uid": "32016551", "content": "这已经大佬级别了"}, {"uid": "17378970", "content": "日语模块卸载进行中"}, {"uid": "343616", "content": "草"}, {"uid": "298087162", "content": "？？"}, {"uid": "96741646", "content": "开始中文地方方言学习吧，就从闽南语开始吧"}, {"uid": "5892082", "content": "dd语言"}, {"uid": "11308341", "content": "牛蛙"}, {"uid": "12745615", "content": "太强了"}, {"uid": "110513672", "content": "所以说了屑？"}, {"uid": "371846757", "content": "?????????"}, {"uid": "11571469", "content": "国民性存疑"}, {"uid": "247947848", "content": "woc!"}, {"uid": "180348371", "content": "草"}, {"uid": "441968013", "content": "woc?"}, {"uid": "559422", "content": "覆盖了"}, {"uid": "727769", "content": "好家伙"}, {"uid": "33270469", "content": "卧槽"}, {"uid": "349559573", "content": "？这中文水平好像超过我了？"}, {"uid": "8187543", "content": "亚哒那"}, {"uid": "27636715", "content": "牛"}, {"uid": "88035250", "content": "？？"}, {"uid": "7467228", "content": "哈哈哈哈哈哈"}, {"uid": "283411656", "content": "后面那个是雨刷器吗"}, {"uid": "3046859", "content": "牛牛牛！"}, {"uid": "104660622", "content": "厉害"}, {"uid": "90806961", "content": "OHOHOHOOH"}, {"uid": "25262699", "content": "awsl"}, {"uid": "2444453", "content": "up主，日语在哪里学的啊"}, {"uid": "3078826", "content": "厉害厉害"}, {"uid": "349954998", "content": "1A2B"}, {"uid": "549108", "content": "卧槽 "}, {"uid": "33707835", "content": "牙白了草"}, {"uid": "1834800", "content": "离谱"}, {"uid": "228968166", "content": "牛哇"}, {"uid": "260422750", "content": "想起了郭杰瑞拍视频，在美国快餐店买东西跟人家墨西哥小哥来了句“谢谢”hhh"}, {"uid": "7934663", "content": "该试一下考N1了"}, {"uid": "347630443", "content": "？？？？？？？？？"}, {"uid": "3497822", "content": "ohhhhhhhhhhh"}, {"uid": "431797926", "content": "？？？？？？？？？？？"}, {"uid": "11160179", "content": "龟龟"}, {"uid": "22380295", "content": "这边建议开始文言文的学习"}, {"uid": "594750", "content": "2】‘’"}, {"uid": "302575467", "content": "？"}, {"uid": "400555720", "content": "ybb"}, {"uid": "548598279", "content": "卧槽"}, {"uid": "9661453", "content": "牛蛙"}, {"uid": "16586347", "content": "草"}, {"uid": "288263627", "content": "nb"}, {"uid": "19962246", "content": "ybb"}, {"uid": "522609920", "content": "可以，厉害了"}, {"uid": "1283303149", "content": "我都自愧不如"}, {"uid": "19499319", "content": "卧槽"}, {"uid": "369626841", "content": "本当哈哈哈哈哈"}, {"uid": "86918711", "content": "草"}, {"uid": "3646273", "content": "绷不住了"}, {"uid": "368772743", "content": "牛批牛批！"}, {"uid": "7345392", "content": "握草"}, {"uid": "5523073", "content": "卧槽"}, {"uid": "19931951", "content": "？？？"}, {"uid": "38147679", "content": "太强了"}, {"uid": "13625416", "content": "？！"}, {"uid": "92141719", "content": "牛蛙"}, {"uid": "7428076", "content": "中文比我好。。"}, {"uid": "3838978", "content": "卧槽"}, {"uid": "40408076", "content": "...."}, {"uid": "344670905", "content": "哇啊啊啊啊啊"}, {"uid": "30665287", "content": "牛啊"}, {"uid": "357790236", "content": "谢谢茄子"}, {"uid": "22767497", "content": "我发现不了语病 我不是中国人555"}, {"uid": "261135555", "content": "感觉日语说出来的音节好多，中文俩音节，日语就可能会4音节"}, {"uid": "1933425249", "content": "牙白"}, {"uid": "214869704", "content": "卧槽"}, {"uid": "24958315", "content": "言语哈哈哈看来确实是日本人了）"}, {"uid": "89580291", "content": "ohhh"}, {"uid": "30572987", "content": "ybb"}, {"uid": "481625242", "content": "？？？？"}, {"uid": "12740702", "content": "强强"}, {"uid": "431257023", "content": "草"}, {"uid": "3841005", "content": "草"}, {"uid": "62867013", "content": "????"}, {"uid": "17887038", "content": "？？"}, {"uid": "4270565", "content": "呀败啦"}, {"uid": "4270565", "content": "不得了啊"}, {"uid": "128226022", "content": "日本人?"}, {"uid": "359113171", "content": "已经是中文的形状了（）"}, {"uid": "32394859", "content": "6级是比一般中国人都懂中文了吧"}, {"uid": "19824161", "content": "强啊"}, {"uid": "20022534", "content": "卧槽"}, {"uid": "4912018", "content": "牙白了草"}, {"uid": "6819689", "content": "厉害"}, {"uid": "3574525", "content": "我都做不到"}, {"uid": "61173934", "content": "立语"}, {"uid": "31706698", "content": "表现草"}, {"uid": "228041648", "content": "？？？？"}, {"uid": "181666", "content": "实在不行就冒充中国留学生吧（）"}, {"uid": "358008197", "content": "卧槽"}, {"uid": "10908755", "content": "让我想起EVA 明日香初登场 思考语言换成日语那段"}, {"uid": "375968392", "content": "？"}, {"uid": "1607780", "content": "卧槽"}, {"uid": "325695292", "content": "？"}, {"uid": "23302326", "content": "6666666"}, {"uid": "32359426", "content": "？"}, {"uid": "170541997", "content": "草"}, {"uid": "13013181", "content": "草"}, {"uid": "37780308", "content": "哇 どうしよう"}, {"uid": "234584532", "content": "京华六千"}, {"uid": "501096", "content": "草"}, {"uid": "231033", "content": "ybb"}, {"uid": "5450078", "content": "草"}, {"uid": "15233575", "content": "草"}, {"uid": "515727752", "content": "？我比不上日本人"}, {"uid": "352411", "content": "草"}, {"uid": "10476965", "content": "？？？？？"}, {"uid": "11000914", "content": "这个中文能力考试最高等级也就相当于小升初的中文考试"}, {"uid": "74156621", "content": "离谱"}, {"uid": "33741261", "content": "ybb"}, {"uid": "412915139", "content": "她的视频真的还需要烤吗。。"}, {"uid": "416136106", "content": "考个n1试试吧"}, {"uid": "65387072", "content": "草hhhh"}, {"uid": "32685505", "content": "快进到中国国籍"}, {"uid": "11073362", "content": "厉害啊"}, {"uid": "357248", "content": "草"}, {"uid": "10253982", "content": "耶"}, {"uid": "7051627", "content": "?????"}, {"uid": "87446834", "content": "niuwa"}, {"uid": "458181976", "content": "厉害啊"}, {"uid": "286551541", "content": "文化输出"}, {"uid": "481625242", "content": "咱俩到底谁是中国人？？？"}, {"uid": "900640", "content": "君中国语本当上手"}, {"uid": "37331047", "content": "那就直播学日语吧"}, {"uid": "3841005", "content": "草"}, {"uid": "10579112", "content": "草"}, {"uid": "803900", "content": "还说不是中国人("}, {"uid": "312291719", "content": "离谱"}, {"uid": "49531935", "content": "牙白了草"}, {"uid": "31452053", "content": "ohhhhhhhh"}, {"uid": "20865617", "content": "好厉害"}, {"uid": "415276081", "content": "谁说日本人发不出r这个音的"}, {"uid": "518444", "content": "BIAO XIAN"}, {"uid": "455722183", "content": "该改国籍了"}, {"uid": "31640910", "content": "魔怔了"}, {"uid": "520714129", "content": "卧槽"}, {"uid": "4231485", "content": "我说不定不是中国人"}, {"uid": "702466514", "content": "牛逼"}, {"uid": "147123", "content": "tql"}, {"uid": "147123", "content": "卧槽"}, {"uid": "401099828", "content": "离谱"}, {"uid": "2962668", "content": "草"}, {"uid": "26433738", "content": "糟了呀"}, {"uid": "642368", "content": "这真的是学中文直播？这是教我中文直播"}, {"uid": "5628938", "content": "草"}, {"uid": "302209620", "content": "……？"}, {"uid": "152115", "content": "厉害啊"}, {"uid": "334926483", "content": "nb"}, {"uid": "1624443", "content": "六级已经挂了"}, {"uid": "430295127", "content": "大意了。"}, {"uid": "11308341", "content": "草"}, {"uid": "316929569", "content": "建议找某条小银龙中和一下"}, {"uid": "316929569", "content": "中国人做HSK都不一定能满分啊哈哈哈"}, {"uid": "10447009", "content": "快要恶堕了（"}, {"uid": "603723175", "content": "来中国吧"}, {"uid": "109191721", "content": "绝了"}, {"uid": "179879152", "content": "草"}, {"uid": "11000914", "content": "！！？？"}, {"uid": "86449989", "content": "你真的是日本人吗！。"}, {"uid": "139120437", "content": "草"}, {"uid": "6221030", "content": "卧槽"}, {"uid": "12784318", "content": "卧槽"}, {"uid": "382499559", "content": "卧槽"}, {"uid": "11110574", "content": "理解读到的汉语？来人，上阅读理解蓝色窗帘的作用"}, {"uid": "285826982", "content": "草"}, {"uid": "17384264", "content": "1D2B"}, {"uid": "31407261", "content": "Ybb"}, {"uid": "2508784", "content": "biao xian する"}, {"uid": "297778899", "content": "草"}, {"uid": "25105473", "content": "草"}, {"uid": "10608750", "content": "竟然不是红豆，看来日语模块真的退化了"}, {"uid": "30335145", "content": "草"}, {"uid": "4168741", "content": "那就快来中国吧"}, {"uid": "488518", "content": "社死"}, {"uid": "36283238", "content": "草"}, {"uid": "45927838", "content": "声音跟因果好像"}, {"uid": "702466514", "content": "厉害"}, {"uid": "189175945", "content": "离谱"}, {"uid": "8087553", "content": "学了这个简单的(中文)你就会忘记那些东西(日语)了哦"}, {"uid": "473357618", "content": "语文比我都好"}, {"uid": "23182332", "content": "卧槽"}, {"uid": "37036", "content": "？？？？？？"}, {"uid": "248829272", "content": "wwwwww"}, {"uid": "5791350", "content": "ybb"}, {"uid": "261868774", "content": "语病题中国人都不一定能拿满分"}, {"uid": "37825567", "content": "卧槽"}, {"uid": "227751411", "content": "ohhhhhhhhhhhhhhhhhhhhhhhhhhhhhhhhhhhhhh"}, {"uid": "455722183", "content": "也不是不能理解，学过中文的外国人大多都是这样的感受。"}, {"uid": "295665999", "content": "woc"}, {"uid": "403270508", "content": "离谱"}, {"uid": "180969346", "content": "中日双语混杂"}, {"uid": "1959898128", "content": "woc"}, {"uid": "358008197", "content": "卧槽"}, {"uid": "434568665", "content": "ohhhhhhhhhhhhhhhhhhhhhhhhhhhhhhhhhh"}, {"uid": "108022017", "content": "厉害了"}, {"uid": "402461219", "content": "快中式日语了"}, {"uid": "81576113", "content": "卧槽"}, {"uid": "2424470", "content": "？？？"}, {"uid": "358008197", "content": "草"}, {"uid": "326081815", "content": "？？？？？"}, {"uid": "1698839938", "content": "草"}, {"uid": "202153649", "content": "厉害"}, {"uid": "325038236", "content": "我有时候想东西也喜欢用外语想不用母语想，这样可以更加冷静下来"}, {"uid": "23070322", "content": "日本好像要学文雅we"}, {"uid": "143124393", "content": "好家伙"}, {"uid": "311605221", "content": "？"}, {"uid": "147305", "content": "真牛逼"}, {"uid": "235617022", "content": "草"}, {"uid": "1267006031", "content": "没有问题，邀请你来中国发展发展"}, {"uid": "228138596", "content": "wc"}, {"uid": "352411", "content": "草草"}, {"uid": "179879152", "content": "牙白了的了就很灵性哈哈哈哈哈哈哈哈哈"}, {"uid": "358496160", "content": "握草"}, {"uid": "42504408", "content": "hhh"}, {"uid": "42195795", "content": "我超"}, {"uid": "15138435", "content": "可爱www"}, {"uid": "10253982", "content": "牛哇"}, {"uid": "38274277", "content": "离谱"}, {"uid": "2176897", "content": "？？？"}, {"uid": "1474940764", "content": "逼逼哒"}, {"uid": "26550021", "content": "牛逼"}, {"uid": "5496003", "content": "卧槽"}, {"uid": "4912018", "content": "太强了"}, {"uid": "8530749", "content": "ybb"}, {"uid": "6819689", "content": "厉害"}, {"uid": "23506796", "content": "OHHHHHHHHHHHHHHHHH"}, {"uid": "15282277", "content": "ohhhhhhhhhhhh"}, {"uid": "50314633", "content": "所以咱们到底谁是中国人。。。。。。"}, {"uid": "90511466", "content": "这猫中文比我好"}, {"uid": "110922837", "content": "我有点怀疑我是假的中国人。。。。。"}]