[{"uid": "215909376", "content": "我只想摸头杀……"}, {"uid": "305756979", "content": "眼睛里面有爱心可不是件好事哦"}, {"uid": "306453054", "content": "我也睡不着！！"}, {"uid": "501761214", "content": "啊这……"}, {"uid": "10830153", "content": "四川人哭了，翘舌好难"}, {"uid": "356730340", "content": "以为日语确实没有翘舌，体验很新鲜吧"}, {"uid": "2931349", "content": "太懂了"}, {"uid": "503506755", "content": "金 钱 的 力 量"}, {"uid": "1808632", "content": "更睡不着了"}, {"uid": "315983630", "content": "好的玲酱"}, {"uid": "89543", "content": "猫薄荷"}, {"uid": "127876", "content": "皇女并感"}, {"uid": "36401197", "content": "《学着学着》"}, {"uid": "202239958", "content": "？"}, {"uid": "23576276", "content": "真 学霸"}, {"uid": "10274831", "content": "wwww"}, {"uid": "17378970", "content": "不是只有一张嘴就不是特近，都可以大胆点"}, {"uid": "22824668", "content": "皇女kana？"}, {"uid": "17547106", "content": "粉丝清空（物理"}, {"uid": "702466514", "content": "猫猫后宫团"}, {"uid": "122476", "content": "日本人能精通翘舌音可不是一件容易的事  努力可想而知"}, {"uid": "11476465", "content": "坏了，还让她发现了"}, {"uid": "23111281", "content": "她太懂了"}, {"uid": "23111281", "content": "草"}, {"uid": "631018782", "content": "铃酱的腿腿好美味啊！(๑＞ڡ＜)"}, {"uid": "631018782", "content": "铃酱都被你们搞坏坏了辣๑乛v乛๑"}, {"uid": "110513672", "content": "多谢夸奖"}, {"uid": "22244688", "content": "靠近一点，再靠近一点！"}, {"uid": "40691747", "content": "？"}, {"uid": "474239996", "content": "特有假笑，感觉不舒服"}, {"uid": "12784318", "content": "？？？"}, {"uid": "22008355", "content": "逻辑清晰"}, {"uid": "55950", "content": "噔噔咚"}, {"uid": "623297694", "content": "我也睡不着！"}, {"uid": "623297694", "content": "她太会了"}, {"uid": "286256646", "content": "我也想这样"}, {"uid": "84023392", "content": "哈哈哈"}, {"uid": "13940884", "content": "哇 她真的好模糊"}, {"uid": "6819689", "content": "舒服的点有些独特啊"}, {"uid": "511967", "content": "算是让她玩明白了"}, {"uid": "8173237", "content": "？？？"}, {"uid": "19262716", "content": "好的玲子，那么伶酱下次我来prprpr"}, {"uid": "90511466", "content": "妙哇"}, {"uid": "90511466", "content": "好！"}, {"uid": "90511466", "content": "23333"}, {"uid": "90511466", "content": "？？？"}, {"uid": "214869704", "content": "prprprprprprprprpr prprprprprprprprpr prprprprprprprprpr"}, {"uid": "442021709", "content": "靠近点，再近点，燃烧吧！"}, {"uid": "33531752", "content": "这不是更睡不着了吗？！"}, {"uid": "3373296", "content": "宠粉max"}, {"uid": "12840237", "content": "为什么我不能"}, {"uid": "13506128", "content": "王德法"}, {"uid": "95450449", "content": "彻底玩明白了"}, {"uid": "95450449", "content": "言听计从了属于是"}, {"uid": "147063", "content": "小心御剑莉亚 哈哈"}, {"uid": "22008355", "content": "铃抄千"}, {"uid": "345075613", "content": "2233"}, {"uid": "5545211", "content": "都变混沌了"}, {"uid": "19165001", "content": "hso"}, {"uid": "131962", "content": "lia：？"}, {"uid": "349954998", "content": "“给他脑袋一棍就好了”"}, {"uid": "349954998", "content": "学术奇迹"}, {"uid": "349954998", "content": "又一个打错名字的可还行"}, {"uid": "349954998", "content": "嚯，向我靠近了吗，没有逃跑反而向我靠近了吗"}, {"uid": "217418046", "content": "先喝牛奶"}, {"uid": "325038236", "content": "实在是非常日本人的动力呢"}, {"uid": "416226", "content": "啊，被发现了"}, {"uid": "1326322", "content": "？"}, {"uid": "369374026", "content": "还？"}, {"uid": "149334710", "content": "一点？"}, {"uid": "1360954", "content": "奇怪的动力"}, {"uid": "105153041", "content": "腿只有一半吗"}, {"uid": "36060864", "content": "不要迫害莉亚仙贝啊（）"}, {"uid": "20576137", "content": "都懂"}, {"uid": "5903881", "content": "草 奇怪的理由"}, {"uid": "237664240", "content": "她好会啊"}, {"uid": "15811101", "content": "懂了，上舰长就可以喊老婆了"}, {"uid": "24878714", "content": "《一 点》"}, {"uid": "235933362", "content": "老公断气"}, {"uid": "702466514", "content": "哈哈哈"}, {"uid": "503614458", "content": "兄弟们，我屏幕有点脏"}, {"uid": "8022028", "content": "你不对啊"}, {"uid": "22771293", "content": "完蛋 这回合能消灭所有dd"}, {"uid": "36810930", "content": "你再骂"}, {"uid": "549108", "content": "中文好好哦"}, {"uid": "406067408", "content": "awsl"}, {"uid": "82136000", "content": "她太懂直播了"}, {"uid": "214869704", "content": "你很勇哦w"}, {"uid": "3773507", "content": "好耶"}, {"uid": "30819396", "content": "学了亿点点"}, {"uid": "622404101", "content": "能pr，只能pr一点。"}, {"uid": "98814148", "content": "哟你脸红啦？让我看看！"}, {"uid": "266224203", "content": "谨防电信诈骗"}, {"uid": "13275923", "content": "哈哈哈哈哈哈"}, {"uid": "3732733", "content": "莉泽同班同学可能性微存("}, {"uid": "22981898", "content": "prprprpr"}, {"uid": "12784318", "content": "草"}, {"uid": "693929898", "content": "学着学着6级就100分了"}, {"uid": "1488811078", "content": "不懂就问prprpr是啥意思？"}, {"uid": "21043082", "content": "prpr"}, {"uid": "1631568449", "content": "好的玲酱凌酱零酱doge"}, {"uid": "346695005", "content": "眼冒爱心可不是啥好事"}, {"uid": "347134006", "content": "高清糊图"}, {"uid": "691577204", "content": "小心"}, {"uid": "51364855", "content": "你再骂！"}, {"uid": "350202675", "content": "草"}, {"uid": "67660308", "content": "她好宠啊呜呜呜"}, {"uid": "347814694", "content": "逻辑思维强啊"}, {"uid": "355927848", "content": "你很勇哦"}, {"uid": "868161", "content": "草"}, {"uid": "5533382", "content": "明着来?"}, {"uid": "82567160", "content": "明 示"}, {"uid": "36308288", "content": "铃抄千"}, {"uid": "431326953", "content": "あなたは本当に変態ですね"}, {"uid": "431326953", "content": "老公氮气"}, {"uid": "702466514", "content": "www"}, {"uid": "11476465", "content": "坏了，他玩明白了"}, {"uid": "34744267", "content": "这还有做字幕的必要？"}, {"uid": "254699985", "content": "5:01"}, {"uid": "214869704", "content": "hso"}, {"uid": "36810930", "content": "草"}, {"uid": "66785847", "content": "kksk"}, {"uid": "90371281", "content": "awsl"}, {"uid": "8173237", "content": "亿点点"}, {"uid": "12140928", "content": "铃抄千"}, {"uid": "182021204", "content": "都去日本了也不可能一点体育都不会吧"}, {"uid": "284776534", "content": "一个不会日语一个不会中文是怎么做到互相教导的？学术奇迹0.0"}, {"uid": "237843336", "content": "是恋爱的感觉"}, {"uid": "5903881", "content": "哈哈哈哈"}, {"uid": "527264907", "content": "勇一点，鼠标向上奋力一划"}, {"uid": "399282911", "content": "舰长不要啊，不要啊"}, {"uid": "88245459", "content": "草"}, {"uid": "1501697", "content": "@lize"}, {"uid": "256013183", "content": "草"}, {"uid": "702466514", "content": "不够"}, {"uid": "210095989", "content": "？？？"}, {"uid": "549108", "content": "牛啊"}, {"uid": "693929898", "content": "哈哈哈哈 中文学的不错 不好糊弄了"}, {"uid": "623297694", "content": "老婆好~"}, {"uid": "623297694", "content": "prprprprprprprprprrprprprprprprprpr"}, {"uid": "364687", "content": "哈哈哈哈"}, {"uid": "13940884", "content": "我近视了？？"}, {"uid": "4061372", "content": "是你克里丹"}, {"uid": "6065317", "content": "牙白"}, {"uid": "28298271", "content": "可以prpr一点，不能prpr多啦"}, {"uid": "2031152", "content": "？"}, {"uid": "192146232", "content": "hhhh"}, {"uid": "5785365", "content": "prprprprprprpr"}, {"uid": "37141131", "content": "草"}, {"uid": "3838978", "content": "口语厉害"}, {"uid": "693929898", "content": "青梅竹马系"}, {"uid": "623297694", "content": "prprprprprprprprprprprprpr"}, {"uid": "34317326", "content": "老婆"}, {"uid": "6819689", "content": "我要一舌头舔穿电路板！"}, {"uid": "62619900", "content": "我一时分不清是日本妹子还是中国妹子"}, {"uid": "3773507", "content": "prprprpr"}, {"uid": "1730240", "content": "好耶"}, {"uid": "90139515", "content": "刑"}, {"uid": "31546332", "content": "太会了"}, {"uid": "99144156", "content": "你们都是大便态"}, {"uid": "23191099", "content": "草"}, {"uid": "702466514", "content": "hso"}, {"uid": "702466514", "content": "不够"}, {"uid": "11186884", "content": "谢谢"}]