[{"uid": "407029906", "content": "666"}, {"uid": "10102397", "content": "一把捉住尾巴（"}, {"uid": "13244516", "content": "我的眼睛一直都离不开她背后的雨刷器"}, {"uid": "2634396", "content": "厉害了铃宝"}, {"uid": "855779", "content": "不要切=必须切"}, {"uid": "34836447", "content": "严肃猫猫脸"}, {"uid": "407029906", "content": "唱歌声音略微低沉"}, {"uid": "3527088", "content": "\\铃宝/\\铃宝/\\铃宝/"}, {"uid": "2388821", "content": "沙发"}]