[{"uid": "3500192", "content": "过于真实哈哈哈哈"}, {"uid": "426042364", "content": "刑啊，这小日子越来越有判头了"}, {"uid": "215909376", "content": "但是生化习惯不同，要互相包容磨合很长时间"}, {"uid": "415355440", "content": "刑啊，这种可狱不可的事，真是让我的日子越来越有判头了！"}, {"uid": "441951863", "content": "太刑了，日子越来越有判头了"}, {"uid": "441951863", "content": "刑啊。盼头老大了"}, {"uid": "315256041", "content": "喜羊羊:嗯?"}, {"uid": "202092992", "content": "刑啊，这日子可太有判头了"}, {"uid": "481222504", "content": "我是大聪明逼"}, {"uid": "394684905", "content": "我就是个好人啊"}, {"uid": "39172766", "content": "转 移 话 题"}, {"uid": "1459089596", "content": "我喜欢搞比利「doge」"}, {"uid": "433863003", "content": "刑啊，堡友!"}, {"uid": "459321", "content": "她太会了！"}, {"uid": "358462155", "content": "来人，把朕的桃子端上来与诸君一起享用"}, {"uid": "478096953", "content": "那可太刑了"}, {"uid": "261710111", "content": "我刑，我可以！"}, {"uid": "489699196", "content": "中文好标准"}, {"uid": "141573558", "content": "我就是好人（震声）！"}, {"uid": "490487279", "content": "好人在这里~"}, {"uid": "17989357", "content": "这中文，对头?"}, {"uid": "2705066", "content": "草，太真实了"}, {"uid": "25729003", "content": "好人的话不就回去了吗(P)"}, {"uid": "1363022", "content": "懂了，你喜欢女生（滑稽）"}, {"uid": "23187652", "content": "所以市dd也没关系是吗？www"}, {"uid": "297271078", "content": "朔  夜  玲"}, {"uid": "458113715", "content": "我是个聪明人，考虑一下我"}, {"uid": "100607010", "content": "我是好人，女生经常这么说我"}, {"uid": "296601936", "content": "感觉像是一个人问的"}, {"uid": "308921413", "content": "以前我没得选  现在我想当一个好人"}, {"uid": "6068411", "content": "《也可以说这样》"}, {"uid": "396149514", "content": "《十五岁》"}, {"uid": "32471267", "content": "这次越来越有盼头了。"}, {"uid": "361064022", "content": "这也太刑了"}, {"uid": "513220946", "content": "15岁？那可太刑了，那种可狱不可囚能斩心身活就在眼前了"}, {"uid": "86963067", "content": "完了，这不是除了我以外就没有别的选择了吗，我得对你负责罢（doge）"}, {"uid": "640872197", "content": "听见没 叫我呢（雾）"}, {"uid": "188050024", "content": "我只喜欢金轮哥哥"}, {"uid": "12829448", "content": "别人都说我是个好人啊"}, {"uid": "27232502", "content": "帕里桑大胜利？？？？"}, {"uid": "49462172", "content": "我是大聪明"}, {"uid": "22085074", "content": "她太会了"}, {"uid": "160093430", "content": "15岁？那也太刑了。"}, {"uid": "102857079", "content": "太会了，有一群老公养着"}, {"uid": "16096557", "content": "做人要乘十"}, {"uid": "43077580", "content": "《好人》"}, {"uid": "300175", "content": "百合狂猫"}, {"uid": "334926483", "content": "橘势大好"}, {"uid": "1637509", "content": "好人遍地，都是好人"}, {"uid": "8192659", "content": "？？？？我机会了？不我去泰国"}, {"uid": "23506796", "content": "我就是那个好人！！！"}, {"uid": "17378970", "content": "太真实了"}, {"uid": "673940358", "content": "我就是天下最好的好人"}, {"uid": "519455086", "content": "。。。这孩子，比我们还懂"}, {"uid": "173020776", "content": "她太会了"}, {"uid": "9232275", "content": "她太温柔了"}, {"uid": "65206418", "content": "15可太刑了！"}, {"uid": "427507373", "content": "滴，好人卡+1"}, {"uid": "38084937", "content": "这也太刑了"}, {"uid": "19238142", "content": "她太会了"}, {"uid": "106627867", "content": "她叫我老公，她心里有我"}, {"uid": "521155069", "content": "你是个好人↑"}, {"uid": "91485244", "content": "我养你！"}, {"uid": "253008018", "content": "这就去泰国"}, {"uid": "640872197", "content": "刑 太刑了 "}, {"uid": "18753222", "content": "刑啊 这日子越来越有判头了 我拷"}, {"uid": "311045757", "content": "若得遇良人。"}, {"uid": "65211099", "content": "我喜欢聪明金轮"}, {"uid": "267484627", "content": "大聪明"}, {"uid": "503487797", "content": "我可太好人了"}, {"uid": "6526223", "content": "突然想起设定的铃宝"}, {"uid": "34824370", "content": "隔着相亲呢……"}, {"uid": "403773525", "content": "可爱的女生谁会不喜欢呢"}, {"uid": "43030402", "content": "为什么女vtb都喜欢女生"}, {"uid": "803900", "content": "太真实了"}, {"uid": "22607260", "content": "这是高级版的好人卡！"}, {"uid": "1610964", "content": "她太会了"}, {"uid": "241395", "content": "俺也一样！"}, {"uid": "262525769", "content": "我就是好人!!"}, {"uid": "2608934", "content": "巧了我也喜欢"}, {"uid": "402615077", "content": "当兄弟吧"}, {"uid": "402615077", "content": "嗯？巧了，我也15"}, {"uid": "7647826", "content": "星奈之后绝对是个臭dd"}, {"uid": "404605654", "content": "我喜欢男生"}, {"uid": "7884038", "content": "她太会了"}, {"uid": "91485244", "content": "我老婆当然没问题啦"}, {"uid": "404260757", "content": "算了我没救了"}, {"uid": "404260757", "content": "邢啊兄弟们"}, {"uid": "26550021", "content": "对不起，你们都是好人"}, {"uid": "401314172", "content": "没错，就是我了"}, {"uid": "8810406", "content": "对  太对了"}, {"uid": "375968392", "content": "刑"}, {"uid": "10890200", "content": "我是好愣啊"}, {"uid": "97167601", "content": "对唔住，我系好人"}, {"uid": "102857079", "content": "我们这选择太多了。"}, {"uid": "204474459", "content": "她太会了"}, {"uid": "623297694", "content": "别看了，猫猫已经和我结婚了"}, {"uid": "442912095", "content": "我是好人！！"}, {"uid": "21550586", "content": "暗示帕里"}, {"uid": "433863003", "content": "哎~~~~~~~~~~~~"}, {"uid": "21625408", "content": "暗示帕里？？"}, {"uid": "4912018", "content": "我马上学日语！！！！"}, {"uid": "519455086", "content": "欢迎来到这"}, {"uid": "98863421", "content": "大橘已定"}, {"uid": "43886115", "content": "刑啊！"}, {"uid": "94666", "content": "太真实了"}, {"uid": "905306", "content": "太惨了"}, {"uid": "53806905", "content": "15岁啊，刑啊"}, {"uid": "27300023", "content": "你是个好人"}, {"uid": "53693502", "content": "好的老婆"}, {"uid": "2019988", "content": "帕里好人"}, {"uid": "50250146", "content": "我去洗桃"}, {"uid": "25911875", "content": "百合猫是吧？"}, {"uid": "4456826", "content": "神龙尊者"}, {"uid": "14458029", "content": "你是个（）"}, {"uid": "4205225", "content": "好的老婆"}, {"uid": "21550586", "content": "我喜欢至高之拳"}, {"uid": "269479533", "content": "我来，我是好人"}, {"uid": "39275328", "content": "我有机会了"}, {"uid": "296601936", "content": "那必须是我了"}, {"uid": "352411", "content": "童工"}, {"uid": "673940358", "content": "24分钟，凉透了"}, {"uid": "519455086", "content": "DD？？？？？"}, {"uid": "29796293", "content": "确实"}, {"uid": "2608934", "content": "好人 草"}, {"uid": "4607071", "content": "想吃桃"}, {"uid": "33388705", "content": "好的老婆"}, {"uid": "74346208", "content": "草"}, {"uid": "424687618", "content": "我叫好人"}, {"uid": "106627867", "content": "我就是好人！"}, {"uid": "401625775", "content": "百合！！！！！"}, {"uid": "23302326", "content": "俺也一样"}, {"uid": "45263301", "content": "快去请钱赞企！"}, {"uid": "176855226", "content": "我16，我刑"}, {"uid": "3773507", "content": "mua"}, {"uid": "501761214", "content": "我是个好人"}, {"uid": "501761214", "content": "刑啊"}, {"uid": "366510398", "content": "我是个好人"}, {"uid": "495016404", "content": "刑啊"}, {"uid": "8116446", "content": "我十世善人"}, {"uid": "72072555", "content": "真实"}, {"uid": "315617017", "content": "好耶！"}, {"uid": "37837123", "content": "呀！！"}, {"uid": "383355698", "content": "那就是我了"}, {"uid": "16104560", "content": "喜欢女生"}, {"uid": "5972885", "content": "mua"}, {"uid": "512014695", "content": "我想要极主夫道"}, {"uid": "301810190", "content": "太棒了"}, {"uid": "87626445", "content": "那必定是我"}, {"uid": "4014815", "content": "我是帕里，嫁给我吧"}, {"uid": "2429782", "content": "你喜欢什么 怎么样的盲僧"}, {"uid": "871090", "content": "俺也一样"}, {"uid": "519455086", "content": "停停，别说了昂"}, {"uid": "53806905", "content": "刑啊"}, {"uid": "314030418", "content": "我看刑"}, {"uid": "35310740", "content": "build！ Genius"}, {"uid": "50265077", "content": "我是好人！"}, {"uid": "608454510", "content": "？？？？"}, {"uid": "23302326", "content": "我是好人!"}, {"uid": "404260757", "content": "草？"}, {"uid": "3933373", "content": "没有问题"}, {"uid": "13980930", "content": "老婆老婆老婆老婆"}, {"uid": "419069140", "content": "我是个好人"}, {"uid": "3841005", "content": "草"}, {"uid": "2249988", "content": "桃子"}, {"uid": "9276970", "content": "可爱"}, {"uid": "1017075360", "content": "坚持设定"}, {"uid": "401424170", "content": "继续说呀"}, {"uid": "43783608", "content": "有好人就可以"}, {"uid": "512014695", "content": "谁不呢"}, {"uid": "803900", "content": "也可以"}, {"uid": "17408538", "content": "明白了"}, {"uid": "12672555", "content": "我是好楞我是好楞"}, {"uid": "458181976", "content": "我是好人"}, {"uid": "396149514", "content": "我是好人"}, {"uid": "155793676", "content": "啊我死了"}, {"uid": "2608934", "content": "热乎"}, {"uid": "177783314", "content": "好诶"}, {"uid": "210303752", "content": "我是好人"}, {"uid": "106627867", "content": "不是国V"}, {"uid": "687788834", "content": "刑"}, {"uid": "3589672", "content": "快跑"}, {"uid": "6784932", "content": "老婆！"}, {"uid": "493325261", "content": "刑"}, {"uid": "39652600", "content": "兄弟们没戏了"}, {"uid": "43783608", "content": "老婆"}, {"uid": "5972885", "content": "我是好人"}, {"uid": "35641505", "content": "俺也一样"}, {"uid": "397800614", "content": "活的）"}, {"uid": "4356638", "content": "泪了"}, {"uid": "8808083", "content": "草"}, {"uid": "1637509", "content": "我8岁"}, {"uid": "21550586", "content": "谁不是这样"}, {"uid": "352462376", "content": "我是好人"}, {"uid": "458181976", "content": "老婆木阿"}, {"uid": "8277051", "content": "好耶"}, {"uid": "30845", "content": "hhhh"}, {"uid": "7114614", "content": "我就是好人"}, {"uid": "10723919", "content": "好！"}, {"uid": "12140928", "content": "我是好人"}, {"uid": "1821119", "content": "mua"}, {"uid": "412268932", "content": "？"}, {"uid": "412651329", "content": "好耶"}, {"uid": "434860269", "content": "弹幕一群好人卡 "}, {"uid": "302371093", "content": "我是好人"}, {"uid": "354376478", "content": "诶"}, {"uid": "17865514", "content": "我是好人"}, {"uid": "736932", "content": "这不是国v？"}, {"uid": "432083859", "content": "？邢啊"}, {"uid": "701870521", "content": "老婆"}, {"uid": "8540019", "content": "@帕里"}, {"uid": "8929233", "content": "我是好人"}, {"uid": "2732940", "content": "想桃子"}, {"uid": "387095641", "content": "哎"}, {"uid": "11337444", "content": "我才不信 再说15真的没有嘛"}, {"uid": "454119302", "content": "草"}, {"uid": "11848994", "content": "谁不喜欢呢？"}, {"uid": "89543", "content": "击剑佬不喜欢"}, {"uid": "2571678", "content": "我IQ250，我我我"}, {"uid": "407029906", "content": "6666"}, {"uid": "345356708", "content": "？"}, {"uid": "9025420", "content": "？"}, {"uid": "519455086", "content": "ohhhhhhhhhhhhhhhhhhhhhhhhhhhhhhhhh"}, {"uid": "41001864", "content": "我是好人"}, {"uid": "702466514", "content": "mua"}, {"uid": "645619952", "content": "我是好人"}, {"uid": "3500192", "content": "@帕里"}, {"uid": "86648542", "content": "雨刮器成精喜欢人了是吧"}, {"uid": "31835458", "content": "好"}, {"uid": "485737800", "content": "我"}, {"uid": "302371093", "content": "老婆"}, {"uid": "290496453", "content": "来"}, {"uid": "476219210", "content": "我是进来泼冷水的。肯 嫁 也 轮 不 到 我"}, {"uid": "100695733", "content": "@paryi"}, {"uid": "8937535", "content": "？"}, {"uid": "290005134", "content": "搁这相亲呢"}, {"uid": "1043813723", "content": "铃喜欢可爱的女孩子，我喜欢可爱的女孩子，我＝铃，我和铃贴贴"}, {"uid": "3838978", "content": "666"}, {"uid": "16104560", "content": "老婆！"}, {"uid": "35641505", "content": "我是好人"}, {"uid": "36810930", "content": "？"}, {"uid": "33747466", "content": "懂了，不喜欢男的"}, {"uid": "4912018", "content": "草"}, {"uid": "76958508", "content": "铃宝不嫁给中国人，中文岂不是白学"}, {"uid": "23506796", "content": "诶~~~~~~~~~~~~~~~~~~~~~"}, {"uid": "69579630", "content": "中国没好人吗"}]