[{"uid": "85285428", "content": "雨刷器之歌（即答）"}, {"uid": "109915675", "content": "这是没水了吗"}, {"uid": "442599788", "content": "这真的是日本人说出来的中文吗"}, {"uid": "11830867", "content": "今后的某一天：以前的猫猫真清楚"}, {"uid": "5958466", "content": "猫舌头"}, {"uid": "518444", "content": "日本也是110呀"}, {"uid": "308161296", "content": "突然真实"}, {"uid": "308161296", "content": "110都知道吗"}, {"uid": "308161296", "content": "草，自卖自夸"}, {"uid": "346283420", "content": "太痛了"}, {"uid": "10986324", "content": "痛起来了"}, {"uid": "84576486", "content": "耳朵i了"}, {"uid": "33531752", "content": "etc=et cetera=and so on"}, {"uid": "1451236", "content": "周杰伦的歌你能听懂？中国人都听不懂"}, {"uid": "22769981", "content": "知道了，零宝（滑稽）"}, {"uid": "456926", "content": "你好我就是王酸奶"}, {"uid": "3207714", "content": "一条一条念 真的是素人啊w"}, {"uid": "450092679", "content": "空降3:15"}, {"uid": "649148", "content": "狗才不能？"}, {"uid": "365074206", "content": "好可爱"}, {"uid": "365074206", "content": "社恐猫猫"}, {"uid": "365074206", "content": "好可爱"}, {"uid": "11227170", "content": "草"}, {"uid": "489590776", "content": "女生15岁1.5米啊，你发育阿不良了朋友"}, {"uid": "34103434", "content": "草，为什么中文反而会弄错，这里不应该是听得见吗大家嘛"}, {"uid": "2705066", "content": "学猫叫"}, {"uid": "156419943", "content": "每一个对的草"}, {"uid": "22008355", "content": "好家伙，三语同框"}, {"uid": "22008355", "content": "什么东东好可爱"}, {"uid": "22008355", "content": "不听也可以的啦"}, {"uid": "82173871", "content": "雨刷器关一下"}, {"uid": "305968088", "content": "哈哈哈哈"}, {"uid": "10070903", "content": "请收下我的膝盖"}, {"uid": "32399408", "content": "笑声太傻了-_-||  但是还想听"}, {"uid": "23175233", "content": "草，真强"}, {"uid": "10114365", "content": "王酸奶"}, {"uid": "1730240", "content": "好可爱"}, {"uid": "475849202", "content": "太紧张了"}, {"uid": "475849202", "content": "哈哈哈"}, {"uid": "482577692", "content": "这首唱得更好听拉"}, {"uid": "295686339", "content": "国v？"}, {"uid": "13103456", "content": "hhhh"}, {"uid": "702466514", "content": "哈哈哈哈"}, {"uid": "702466514", "content": "草"}, {"uid": "702466514", "content": "哈哈"}, {"uid": "702466514", "content": "太紧张了"}, {"uid": "702466514", "content": "太可爱了"}, {"uid": "5843049", "content": "尊重设定呀"}, {"uid": "458181976", "content": "尾巴好长啊"}, {"uid": "474239996", "content": "强"}, {"uid": "32277138", "content": "是霓虹猫"}, {"uid": "3885523", "content": "Ｏ(≧▽≦)Ｏ "}, {"uid": "3885523", "content": "来了来了来了"}, {"uid": "400650665", "content": "我来证明你开了弹幕"}, {"uid": "10660499", "content": "好耶"}, {"uid": "85824643", "content": "声音微微颤抖www"}, {"uid": "49872695", "content": "可爱啊啊啊啊啊啊啊啊啊啊啊啊啊啊啊啊啊啊啊啊啊"}]