[{"uid": "532554", "content": "安产型"}, {"uid": "1459424620", "content": "超管警告"}, {"uid": "1459424620", "content": "超管警告"}, {"uid": "87557467", "content": "危"}, {"uid": "276102497", "content": "小？也就好这一口"}, {"uid": "457419677", "content": "开始吟唱"}, {"uid": "213292913", "content": "屁股好大"}, {"uid": "213292913", "content": "hso"}, {"uid": "31563937", "content": "这不比羊大"}, {"uid": "356351029", "content": "这个眼睛向上就很灵性"}, {"uid": "103311079", "content": "这个肩跨比。。"}, {"uid": "3285476", "content": "把外套脱了有点草ww"}, {"uid": "483122401", "content": "没人？"}, {"uid": "235617022", "content": "斯哈"}, {"uid": "24772543", "content": "——"}, {"uid": "79511885", "content": "..........."}, {"uid": "2485837", "content": "好耶  多来点"}, {"uid": "1459424620", "content": "之前被打脸了现在估计又要打脸，啦"}, {"uid": "1459424620", "content": "哪两"}, {"uid": "3285476", "content": "bgm？？"}]