[{"uid": "7643731", "content": "噗哈哈哈哈"}, {"uid": "55894406", "content": "混沌歌姬"}, {"uid": "3285476", "content": "这是口水还是饭粒呀哈哈哈哈"}, {"uid": "3285476", "content": "试图用屁底唱出粤语（doge"}, {"uid": "3285476", "content": "哈哈哈哈"}, {"uid": "3285476", "content": "可爱"}, {"uid": "3285476", "content": "怎么人都集中在评论区了。。"}, {"uid": "84133111", "content": "口胡的king"}, {"uid": "314081019", "content": "草"}, {"uid": "2060486", "content": "草"}, {"uid": "702296714", "content": "芜湖"}, {"uid": "4337349", "content": "可爱~~·"}, {"uid": "2485837", "content": "口胡了   好可爱"}]