[{"uid": "289989224", "content": "离谱"}, {"uid": "180224231", "content": "ko～ko～da～yo～"}, {"uid": "1344912316", "content": "老伊蕾娜了"}, {"uid": "11208176", "content": "川哥的脚是香的"}, {"uid": "11208176", "content": "片哥都来了还行"}, {"uid": "11208176", "content": "我也爱你"}, {"uid": "3285476", "content": "脚气好耶"}, {"uid": "3285476", "content": "www"}, {"uid": "3285476", "content": "xswl哈哈哈哈"}, {"uid": "343306311", "content": "我也爱你"}, {"uid": "17637149", "content": "香香脚气"}, {"uid": "17637149", "content": "勇闯无人区"}, {"uid": "17637149", "content": "已经在看了"}, {"uid": "17637149", "content": "蠕动"}, {"uid": "17637149", "content": "好耶"}, {"uid": "343306311", "content": "我也爱你"}, {"uid": "17637149", "content": "密密麻麻"}]