[{"uid": "1934694", "content": "可爱"}, {"uid": "1934694", "content": "？？"}, {"uid": "1934694", "content": "hso"}, {"uid": "1934694", "content": "好耶"}, {"uid": "1934694", "content": "肚兜"}, {"uid": "1934694", "content": "可可爱爱"}, {"uid": "3285476", "content": "不管衣服怎么变，头依旧是那么大（好萌"}, {"uid": "650069402", "content": "是什么蒙蔽了我的双眼"}, {"uid": "446673817", "content": "这么大，这河里吗"}, {"uid": "446673817", "content": "prprpr"}, {"uid": "1859182", "content": "最爱jiojio"}, {"uid": "268056083", "content": "可以踩我吗"}, {"uid": "268056083", "content": "一成不变的大脑阔"}]