[{"uid": "701797186", "content": "我来证明你开了弹幕"}, {"uid": "431109754", "content": "哈哈哈"}, {"uid": "431109754", "content": "哈哈哈"}, {"uid": "527544498", "content": "哈哈"}, {"uid": "232853358", "content": "啊这"}, {"uid": "485443154", "content": "啊这"}, {"uid": "25041741", "content": "哈哈哈哈哈哈哈"}, {"uid": "26944429", "content": "草"}, {"uid": "13742821", "content": "小电视牛逼"}, {"uid": "13742821", "content": "还好不是在你整活的时候过来"}, {"uid": "13742821", "content": "现在都学会打钱了 笑死"}, {"uid": "13742821", "content": "合理质问"}, {"uid": "13742821", "content": "迷之沉默"}, {"uid": "9250409", "content": "反客为主"}, {"uid": "13742821", "content": "妈咪（颤抖）"}, {"uid": "21165317", "content": "money（幻听"}, {"uid": "9250409", "content": "凡客位置"}]