[{"uid": "487015780", "content": "井野川歌"}, {"uid": "493618513", "content": "我分了"}, {"uid": "52840327", "content": "此时需要一个我不听我不听"}, {"uid": "625862", "content": "？"}, {"uid": "369082", "content": "我究竟在看什么"}, {"uid": "424229770", "content": "hso"}, {"uid": "18049921", "content": "《追求刺激！就要贯彻到底啊！》"}, {"uid": "18049921", "content": "《奶茶≈柠檬茶》"}, {"uid": "18049921", "content": "《呼叫酱油！mo！mo！jio！》"}, {"uid": "17637149", "content": "这，给我哭"}, {"uid": "17637149", "content": "蚌埠住了"}, {"uid": "17637149", "content": "好家伙，入戏了"}, {"uid": "17637149", "content": "好笑"}, {"uid": "1718428848", "content": "wwwwwwwwwwwwwwwwwwwwwwwwwwwwwwwwwwwwwwwwwwwwwwwwwwwwwwwwwwwwwwww"}]