[{"uid": "522397861", "content": "上 舰 找 骂"}, {"uid": "522397861", "content": "不好看？原来你看过了"}, {"uid": "522397861", "content": "这么说，你看过了"}, {"uid": "420467499", "content": "专业"}, {"uid": "644996124", "content": "？？？？？"}, {"uid": "143564249", "content": "合情合理（）"}, {"uid": "143564249", "content": "草"}, {"uid": "12038865", "content": "你很懂嘛"}, {"uid": "409540159", "content": "草"}, {"uid": "191502", "content": "哈哈哈哈"}, {"uid": "121308397", "content": "重点：不好看"}, {"uid": "75377", "content": "我还以为当场吃掉这个屏幕呢(doge)"}, {"uid": "3120173", "content": "草"}, {"uid": "3285476", "content": "一时没反应过来是冲还是充。。"}, {"uid": "2193162", "content": "你好懂啊"}, {"uid": "475684835", "content": "草"}, {"uid": "75377", "content": "片哥真的不是人（？）"}]