[{"uid": "259130167", "content": "松垮垮的线 低声细语"}, {"uid": "259130167", "content": "已经受够了"}, {"uid": "259130167", "content": "swipe swipe swipe swipe"}, {"uid": "259130167", "content": "swipe tap swipe tap 「A.R→T」"}, {"uid": "259130167", "content": "除去那个 除去这个 如此一来"}, {"uid": "259130167", "content": "回过神来很在意的画面"}, {"uid": "259130167", "content": "然而 说不定我 永远永远都会喜欢你呢"}, {"uid": "259130167", "content": "如此 不被发现的话"}, {"uid": "259130167", "content": "大概 一定 一定 并非什么要紧事来的"}, {"uid": "259130167", "content": "若是如此 永不改变的话"}, {"uid": "259130167", "content": "解开了这条绳低声细语"}, {"uid": "259130167", "content": "ding dong ding dong 那 再见了"}, {"uid": "259130167", "content": "tick tack tick tack 画出圆形"}, {"uid": "259130167", "content": "只是将这条线切成小段"}, {"uid": "259130167", "content": "将这条线切成小段"}, {"uid": "259130167", "content": "只是拼凑与你在一起的时光"}, {"uid": "259130167", "content": "你呀 干脆 干脆 消失掉吧"}, {"uid": "259130167", "content": "呐 算了 算了 放弃就好了"}, {"uid": "259130167", "content": "也该差不多做个了断吧"}, {"uid": "259130167", "content": "会很无聊的吧 会很没趣的吧"}, {"uid": "259130167", "content": "也差不多看的厌倦了"}, {"uid": "259130167", "content": "这样会感到 有点痛苦的吧"}, {"uid": "259130167", "content": "你呀 干脆 干脆 消失掉吧"}, {"uid": "259130167", "content": "ding dong ding dong来游玩吧"}, {"uid": "259130167", "content": "真不工整呢 不禁笑了起来吧"}, {"uid": "259130167", "content": "累积起来的 白过的时间"}, {"uid": "259130167", "content": "呐 看吧 那时候的那句话"}, {"uid": "17637149", "content": "今天币投完了，明天再三连"}, {"uid": "259130167", "content": "只是稍微变得轻松一点而已"}, {"uid": "1859182", "content": "卡哇伊捏!"}, {"uid": "259130167", "content": "已经受够了"}]