[{"uid": "92823212", "content": "炊事班报告"}, {"uid": "53173256", "content": "狙击报告，白色偏灰"}, {"uid": "87364764", "content": "尾巴呢尾巴呢！！！"}, {"uid": "289989224", "content": "好可爱"}, {"uid": "21165317", "content": "太怪了，再看一眼"}, {"uid": "17637149", "content": "这肩膀憨憨的，跳舞需要努力"}, {"uid": "17637149", "content": "收藏怎么这么少"}, {"uid": "17637149", "content": "希望后面来首姐就是女王"}, {"uid": "9382181", "content": "草= ="}, {"uid": "471381164", "content": "太草了，再看一眼"}, {"uid": "9539078", "content": "好涩好涩！"}, {"uid": "424229770", "content": "美得离谱"}, {"uid": "3285476", "content": "大yi巴没了哭"}, {"uid": "15439462", "content": "哈哈哈"}, {"uid": "26944429", "content": "草"}, {"uid": "8307918", "content": "好耶"}, {"uid": "2428216", "content": "想吃雪糕"}, {"uid": "10973753", "content": "阿巴阿巴"}, {"uid": "9818725", "content": "？？？"}, {"uid": "375232", "content": "草"}, {"uid": "471381164", "content": "草"}]