[{"uid": "1718428848", "content": "别哭啊，你哭我也想哭啊【QAQ】"}, {"uid": "650069402", "content": "当然喜欢呀，会一直喜欢的"}, {"uid": "650069402", "content": "加油鸭"}, {"uid": "1859182", "content": "鼠鼠daisuki"}, {"uid": "94736232", "content": "看哭了"}, {"uid": "1859182", "content": "鼠鼠加油冲冲冲"}, {"uid": "135725158", "content": "发现还是没有几个正常的舰长（doge）"}, {"uid": "135725158", "content": "泪目了"}, {"uid": "2256688", "content": "鼠鼠不哭QAQ"}, {"uid": "1859182", "content": "鼠鼠冲起来啊!"}]