[{"uid": "179162519", "content": "可爱≧∇≦"}, {"uid": "179162519", "content": "可爱可爱！！"}, {"uid": "24847798", "content": "ヽ(✿ﾟ▽ﾟ)ノ"}, {"uid": "3885523", "content": "♪⸜(๑ ॑꒳ ॑๑)⸝♪✰"}, {"uid": "3885523", "content": "来了来了来了"}, {"uid": "2779275", "content": "好听"}, {"uid": "179162519", "content": "好听！！"}, {"uid": "179162519", "content": "好可爱"}, {"uid": "16633967", "content": "原来翻唱得日语版啊"}, {"uid": "179162519", "content": "好听好听≧∇≦"}, {"uid": "430552726", "content": "\\美琴/\\美琴/\\美琴/\\美琴/"}]