[{"uid": "1309696", "content": "被黑暗吞噬了！"}, {"uid": "265959", "content": "危"}, {"uid": "24393", "content": "ここが一番難しいね"}, {"uid": "1309696", "content": "这边已经跑过了吧w"}, {"uid": "1309696", "content": "还好hp很多"}, {"uid": "1309696", "content": "还剩一个在地下了"}, {"uid": "628379220", "content": "偵察"}, {"uid": "326439212", "content": "(￣∇￣ﾉﾉ\"ﾊﾟﾁﾊﾟﾁﾊﾟﾁ!!"}, {"uid": "24393", "content": "88888"}, {"uid": "1309696", "content": "孤独"}, {"uid": "24393", "content": "残酷だ"}, {"uid": "5220145", "content": "元々悪い子ではないね"}, {"uid": "628379220", "content": "悲しい音楽"}, {"uid": "25992336", "content": "生き残ったのは強っ"}, {"uid": "83194", "content": "8888888"}, {"uid": "5220145", "content": "やった！"}, {"uid": "1309696", "content": "nani？！"}, {"uid": "265959", "content": "鱼的记忆"}, {"uid": "265959", "content": "草"}, {"uid": "83194", "content": "草"}, {"uid": "620071921", "content": "精灵好强！"}, {"uid": "1309696", "content": "以为要一命过了！"}, {"uid": "83194", "content": "wwww"}, {"uid": "18785523", "content": "草"}, {"uid": "265959", "content": "run！"}, {"uid": "1309696", "content": "要到惯例的逃亡了"}, {"uid": "326439212", "content": "ｷﾀ━(ﾟ∀ﾟ)━!"}, {"uid": "1667344980", "content": "wwwwwwww"}, {"uid": "1309696", "content": "无情角斗士拉拉"}, {"uid": "25992336", "content": "結局また詰まったｗｗｗ"}, {"uid": "18785523", "content": "草"}, {"uid": "1309696", "content": "怎么钻进去的"}, {"uid": "5220145", "content": "草"}, {"uid": "628379220", "content": "照れる"}, {"uid": "326439212", "content": "（￣▽￣）"}, {"uid": "1309696", "content": "痛苦w"}, {"uid": "5220145", "content": "一旦火を消してみ"}, {"uid": "1309696", "content": "连续跳跃地狱"}, {"uid": "1309696", "content": "恢复下吧"}, {"uid": "628379220", "content": "ラーさんは泳ぐのが得意ですね"}, {"uid": "1309696", "content": "还是靠火球往上飞吧w"}, {"uid": "5220145", "content": "左の門壊れる"}, {"uid": "5220145", "content": "ランタン必要かな"}, {"uid": "25992336", "content": "あ！火を冷やす？"}, {"uid": "1309696", "content": "这里可以打破"}, {"uid": "28684501", "content": "w"}, {"uid": "1309696", "content": "要机关呢"}, {"uid": "25992336", "content": "水の中から上にダッシュかも？"}, {"uid": "1309696", "content": "手忙脚乱！"}, {"uid": "25992336", "content": "罠だ"}, {"uid": "1309696", "content": "哈哈哈哈"}, {"uid": "25992336", "content": "ｗｗｗ"}, {"uid": "5220145", "content": "変なオートセーブ"}, {"uid": "628379220", "content": "草"}, {"uid": "1309696", "content": "草"}, {"uid": "25992336", "content": "多分ダッシュだけで届ける？"}, {"uid": "265959", "content": "www"}, {"uid": "1309696", "content": "要冲刺的嘛"}, {"uid": "265959", "content": "坏孩子拉拉"}, {"uid": "25992336", "content": "ひどいｗｗ"}, {"uid": "265959", "content": "草"}, {"uid": "326439212", "content": "草"}, {"uid": "1309696", "content": "该去把熊热醒了"}, {"uid": "1309696", "content": "恢复下hp吧ww"}, {"uid": "1015025460", "content": "888888"}, {"uid": "628379220", "content": "ないすうう"}, {"uid": "25992336", "content": "ohhh"}, {"uid": "265959", "content": "nice！！！"}, {"uid": "1309696", "content": "8888888wow"}, {"uid": "326439212", "content": "(￣∇￣ﾉﾉ\"ﾊﾟﾁﾊﾟﾁﾊﾟﾁ!!"}, {"uid": "628379220", "content": "無駄な努力だと？ｗ"}, {"uid": "1309696", "content": "滑翔到正下方再往上冲刺"}, {"uid": "18785523", "content": "加油"}, {"uid": "1309696", "content": "拉拉的冲刺特训"}, {"uid": "265959", "content": "wwww"}, {"uid": "25992336", "content": "1番上の雪まで焦らないで、羽を使ってて"}, {"uid": "5220145", "content": "打撃も雪の下に向けた方が"}, {"uid": "1309696", "content": "冲的太急了"}, {"uid": "1309696", "content": "运气游戏！"}, {"uid": "5220145", "content": "触ったら雪が一旦消える"}, {"uid": "5220145", "content": "下からダッシュした方が"}, {"uid": "1309696", "content": "拉拉可以滑翔到积雪下面呀"}, {"uid": "265959", "content": "自暴自弃www"}, {"uid": "430552726", "content": "危"}, {"uid": "24412020", "content": "哈？"}, {"uid": "1309696", "content": "不落地积雪不会恢复的w"}, {"uid": "24412020", "content": "完了"}, {"uid": "1309696", "content": "急"}, {"uid": "265959", "content": "wwwww"}, {"uid": "326439212", "content": "がんばえー"}, {"uid": "430552726", "content": "可惜了"}, {"uid": "24412020", "content": "可惜"}, {"uid": "24412020", "content": "wwww"}, {"uid": "1309696", "content": "落地了积雪才会恢复"}, {"uid": "24412020", "content": "╮(￣▽￣)╭"}, {"uid": "24412020", "content": "跳慢了"}, {"uid": "326439212", "content": "（￣▽￣）"}, {"uid": "430552726", "content": "www"}, {"uid": "24412020", "content": "欢迎回来"}, {"uid": "1309696", "content": "回到起点w"}, {"uid": "1309696", "content": "沙子下面可以往上冲呀"}, {"uid": "25992336", "content": "雪の下からダッシュ"}, {"uid": "24412020", "content": "哈哈哈哈哈哈哈"}, {"uid": "1309696", "content": "大锤拉拉"}, {"uid": "620071921", "content": "了解"}, {"uid": "236494", "content": "Ori2"}, {"uid": "24412020", "content": "or2"}, {"uid": "1309696", "content": "ori2"}, {"uid": "620071921", "content": "话说这是什么游戏？"}, {"uid": "620071921", "content": "好家伙，有一个可以用翻译的"}, {"uid": "1309696", "content": "应该是想拿上面的矿石"}, {"uid": "24412020", "content": "迷路了"}, {"uid": "1309696", "content": "我已经天下无敌了"}, {"uid": "1309696", "content": "可以反射自己的火球"}, {"uid": "1309696", "content": "火焰！"}, {"uid": "265959", "content": "88888888"}, {"uid": "1309696", "content": "8888"}, {"uid": "13175", "content": "天才天才"}, {"uid": "1309696", "content": "右边右边"}, {"uid": "265959", "content": "危"}, {"uid": "1309696", "content": "右边有一块呃呃"}, {"uid": "1309696", "content": "刚才那块算没拿到"}, {"uid": "13175", "content": "好受苦的游戏"}, {"uid": "1309696", "content": "杆子右边还有一块哦"}, {"uid": "1309696", "content": "登瀑！"}, {"uid": "479702505", "content": "超5分钟被闲置,小爱主动退出直播间"}, {"uid": "1309696", "content": "需要从沙子下面冲上去"}, {"uid": "12869156", "content": "要从下面冲沙子"}, {"uid": "71957927", "content": "战力拉满，冲"}, {"uid": "479702505", "content": "关于小爱的玩法介绍,请在主页动态查看"}, {"uid": "1309696", "content": "天才"}, {"uid": "71957927", "content": "飞起来"}, {"uid": "479702505", "content": "@蟹蟹茄子 欢迎来到直播间"}, {"uid": "1309696", "content": "锤子可以破坏盾牌"}, {"uid": "1309696", "content": "好吃"}, {"uid": "25992336", "content": "今壊れないから"}, {"uid": "1309696", "content": "这里需要机关把下面打开吧"}, {"uid": "479702505", "content": "[系统]已连接到 UTAGOE放送部官方"}, {"uid": "1309696", "content": "扇风可没有伤害哦"}, {"uid": "326439212", "content": "yaruyan"}, {"uid": "265959", "content": "88888"}, {"uid": "1309696", "content": "88888"}, {"uid": "265959", "content": "好难"}, {"uid": "1309696", "content": "可以冲刺追上去"}, {"uid": "1309696", "content": "www"}, {"uid": "265959", "content": "え？"}, {"uid": "1309696", "content": "需要接力两次w"}, {"uid": "1667344980", "content": "ｗｗｗｗｗｗｗｗ"}, {"uid": "326439212", "content": "遠いなあ"}, {"uid": "25992336", "content": "1番右にある、こたつ"}, {"uid": "1249628350", "content": "w"}, {"uid": "628379220", "content": "美味しそうです"}, {"uid": "1309696", "content": "拉拉好吃"}, {"uid": "1309696", "content": "还不够热w"}, {"uid": "357724792", "content": "(￣3￣)"}, {"uid": "1309696", "content": "还是要用锅"}, {"uid": "1309696", "content": "反射上去"}, {"uid": "12869156", "content": "上去"}, {"uid": "15436414", "content": "拉拉加油！拉拉suki！"}, {"uid": "326439212", "content": "(￣∇￣ﾉﾉ\"ﾊﾟﾁﾊﾟﾁﾊﾟﾁ!!"}, {"uid": "1309696", "content": "再抬高一点"}, {"uid": "12869156", "content": "用X"}, {"uid": "1309696", "content": "砸到熊就不好了w"}, {"uid": "1249628350", "content": "おー"}, {"uid": "35410756", "content": "推石头"}, {"uid": "145087", "content": "www"}, {"uid": "1309696", "content": "这里需要火焰的技能来解冻"}, {"uid": "1309696", "content": "蜂巢可以破坏"}, {"uid": "1309696", "content": "太滑了抓不住"}, {"uid": "326439212", "content": "…zzZ"}, {"uid": "1309696", "content": "zzz"}, {"uid": "118268", "content": "www"}, {"uid": "1309696", "content": "冬眠醒了"}, {"uid": "1309696", "content": "www"}, {"uid": "1309696", "content": "雪山"}, {"uid": "479702505", "content": "超5分钟被闲置,小爱主动退出直播间"}, {"uid": "479702505", "content": "@一只屑的一批的臭DD 欢迎来到直播间"}, {"uid": "479702505", "content": "欢迎舰长>kelleus进入直播间"}, {"uid": "479702505", "content": "关于小爱的玩法介绍,请在主页动态查看"}, {"uid": "1309696", "content": "就是这里"}, {"uid": "479702505", "content": "@淡定的白鼠 欢迎来到直播间"}, {"uid": "1309696", "content": "左上那里一段白色的通道"}, {"uid": "479702505", "content": "@無名の後宮番男主 欢迎来到直播间"}, {"uid": "1309696", "content": "现在是正上"}, {"uid": "1309696", "content": "这里的大地图右上"}, {"uid": "265959", "content": "关机"}, {"uid": "479702505", "content": "关于小爱的玩法介绍,请在主页动态查看"}, {"uid": "479702505", "content": "欢迎舰长>Legenda...进入直播间"}, {"uid": "1309696", "content": "水源地右边一点点"}, {"uid": "479702505", "content": "@猫九虫虫 欢迎来到直播间"}, {"uid": "479702505", "content": "@開始游戏 欢迎来到直播间"}, {"uid": "1309696", "content": "大地图左边吧应该"}, {"uid": "503049070", "content": "！"}, {"uid": "479702505", "content": "@aLmIGHti 欢迎来到直播间"}, {"uid": "1309696", "content": "记得是在左边"}, {"uid": "479702505", "content": "[系统]已连接到 UTAGOE放送部官方"}, {"uid": "1309696", "content": "去雪山应该是从一个熊那里过去的"}, {"uid": "628379220", "content": "バグのトラウマ"}, {"uid": "1309696", "content": "储存点吧？"}, {"uid": "628379220", "content": "天才"}, {"uid": "1309696", "content": "先四处看看吧"}, {"uid": "2045342061", "content": "姐姐好我刚刚关注请多多关照"}, {"uid": "407217061", "content": "(O∆O)"}, {"uid": "35410756", "content": "羽毛扇炉子"}, {"uid": "21968408", "content": "午安"}, {"uid": "628379220", "content": "草"}, {"uid": "50366573", "content": "天才"}, {"uid": "265959", "content": "经典长手打短手"}, {"uid": "326439212", "content": "おっ"}, {"uid": "141338", "content": "(°∀°)ﾉ"}, {"uid": "24412020", "content": "不清楚，我没玩过"}, {"uid": "24412020", "content": "继续受苦"}, {"uid": "326439212", "content": "良かた良かた"}, {"uid": "1309696", "content": "复活"}, {"uid": "326439212", "content": "袜子"}, {"uid": "24412020", "content": "ok"}, {"uid": "24412020", "content": "可以了"}, {"uid": "628379220", "content": "吃瘪"}, {"uid": "265959", "content": "测试"}, {"uid": "24412020", "content": "弹幕测试"}, {"uid": "628379220", "content": "冷静下来"}, {"uid": "24412020", "content": "说明拉拉拉夸（）"}, {"uid": "628379220", "content": "そこからなのねｗ"}, {"uid": "258333514", "content": "对不起 xdm 我给B友丢脸了"}, {"uid": "1309696", "content": "昨天佑子那里翻译机还是正常的"}, {"uid": "258333514", "content": "牙白 听不懂"}, {"uid": "326439212", "content": "袜子"}, {"uid": "628379220", "content": "されてないですねえ..."}, {"uid": "24412020", "content": "拉拉拉了"}, {"uid": "1309696", "content": "对火堆扇风好像会生成风场"}, {"uid": "628379220", "content": "吃瘪"}, {"uid": "1309696", "content": "翻译机又摸了"}, {"uid": "1309696", "content": "还剩地下和雪山两个地方"}, {"uid": "5261058", "content": "そこそこレアの機能"}, {"uid": "628379220", "content": "ラーさん用の機能"}, {"uid": "628119262", "content": "草"}, {"uid": "628379220", "content": "本人、ヤバい所カットする言ってたのにｗ"}, {"uid": "5261058", "content": "申請取ったな"}, {"uid": "628379220", "content": "あれ自動でアップされたのですかｗ"}, {"uid": "326439212", "content": "草"}, {"uid": "628119262", "content": "ｗ"}, {"uid": "628119262", "content": "おｋ"}, {"uid": "5261058", "content": "おはララ"}, {"uid": "326439212", "content": "おはララ〜"}, {"uid": "628119262", "content": "録画"}, {"uid": "628379220", "content": "おはララ～今日は画面無しですか？"}, {"uid": "628119262", "content": "おはララ〜"}, {"uid": "628119262", "content": "待機"}, {"uid": "1309696", "content": "拉！"}, {"uid": "2243953", "content": "待机"}]