[{"uid": "615353", "content": "初代拉拉好清楚"}, {"uid": "23070996", "content": "你好呀"}, {"uid": "450327392", "content": "留名留名！"}, {"uid": "453342855", "content": "额。。。这用变声器了吗还是原声"}, {"uid": "437643163", "content": "哇！嗨多磨"}, {"uid": "28208659", "content": "Vtuber ≠Vsinger "}, {"uid": "324260964", "content": "awsl"}, {"uid": "73539089", "content": "啧，所以先唱一波"}, {"uid": "9385576", "content": "DD驾到"}, {"uid": "419492005", "content": "這聲音好可愛呀"}, {"uid": "243707757", "content": "awsl"}, {"uid": "5877152", "content": "可愛い"}, {"uid": "13319319", "content": "ようこそ！"}, {"uid": "366100853", "content": "就决定是你了，老婆！"}, {"uid": "39645668", "content": "awsl"}, {"uid": "440816479", "content": "呆毛卡顿是什么操作"}, {"uid": "12561999", "content": "よろしく！"}, {"uid": "615353", "content": "上手上手"}, {"uid": "13319319", "content": "かわいい"}, {"uid": "5529326", "content": "除了自我介绍就没后续了（悲）"}, {"uid": "341728738", "content": "awsl"}, {"uid": "36049077", "content": "awsl"}, {"uid": "16549633", "content": "awsl"}, {"uid": "225494145", "content": "先辈  你是魔鬼吧"}, {"uid": "23070996", "content": "可爱死了"}, {"uid": "83388846", "content": "可耐"}, {"uid": "228457442", "content": "来了"}, {"uid": "86607889", "content": "可愛"}, {"uid": "294915446", "content": "标准发音"}, {"uid": "326409213", "content": "666"}, {"uid": "559422", "content": "可爱"}, {"uid": "10343349", "content": "ww"}, {"uid": "176856902", "content": "kawaii 单推 结婚"}, {"uid": "168579724", "content": "欢迎来到BILIBILI"}, {"uid": "600990", "content": "这孩子可爱啊"}, {"uid": "2248943", "content": "上手"}, {"uid": "16549633", "content": "欢迎——"}, {"uid": "30476736", "content": "我又多了一个老婆"}, {"uid": "30476736", "content": "我又多了一个老婆"}, {"uid": "33778771", "content": "可爱！！！！"}, {"uid": "151428979", "content": "豫章+1"}, {"uid": "320866415", "content": "有点可爱WWW"}, {"uid": "4320138", "content": "英语拉拉"}, {"uid": "106102725", "content": "我是键盘侠"}, {"uid": "26099413", "content": "好可爱呀！"}, {"uid": "8576355", "content": "可爱"}, {"uid": "401115141", "content": "欢迎欢迎"}, {"uid": "401115141", "content": "还是欢迎欢迎吧。"}, {"uid": "12716769", "content": "先辈？ 只有红茶可以吗？"}, {"uid": "167823052", "content": "英语？"}, {"uid": "326555189", "content": "Hi"}, {"uid": "37353576", "content": "拉拉"}, {"uid": "306123483", "content": "啊是个小天使"}, {"uid": "283420913", "content": "不容易啊"}, {"uid": "4005775", "content": "还行还行"}, {"uid": "288891841", "content": "大舌头？"}, {"uid": "1853691", "content": "你就是键盘侠吗"}, {"uid": "169617529", "content": "中国語は本当上手だね"}, {"uid": "169617529", "content": "中国語本当上手だね"}, {"uid": "477720252", "content": "突然想起豫章……（特别学校"}, {"uid": "558579", "content": "来了来了"}, {"uid": "348878885", "content": "英语？"}, {"uid": "38482470", "content": "英语啦啦"}, {"uid": "27893253", "content": "大舌头？"}, {"uid": "348903444", "content": "英语啦啦"}, {"uid": "17234592", "content": "你好"}, {"uid": "17234592", "content": "？？"}, {"uid": "308684225", "content": "来了"}, {"uid": "141283704", "content": "拉拉"}, {"uid": "30065032", "content": "抱走"}, {"uid": "253807367", "content": "可爱啊啊啊啊"}, {"uid": "10230444", "content": "小可爱"}, {"uid": "111089647", "content": "全 日 制"}, {"uid": "1306048", "content": "胸裂了条缝？"}, {"uid": "292079800", "content": "kawaii"}, {"uid": "25225255", "content": "声音很棒"}, {"uid": "26527134", "content": "awsl"}, {"uid": "566123", "content": "是个天使！"}, {"uid": "88787562", "content": "听不懂"}, {"uid": "11089064", "content": "看画风识画师"}, {"uid": "935664", "content": "可爱"}, {"uid": "600990", "content": "おはララ！"}, {"uid": "12257131", "content": "好"}, {"uid": "12327077", "content": "是学妹系嘛awsl"}, {"uid": "910494", "content": "来了"}, {"uid": "437420962", "content": "Hello hello"}, {"uid": "2541248", "content": "理解理解"}, {"uid": "328306802", "content": "（其实我们能听懂日语"}, {"uid": "3191808", "content": "上手"}, {"uid": "3191808", "content": "awsl"}, {"uid": "4839799", "content": "键盘手"}, {"uid": "1326479", "content": "是天使啊！！！！！！"}, {"uid": "372285930", "content": "上手上手中文"}, {"uid": "5056459", "content": "awsl"}, {"uid": "10979361", "content": "大家好 这个拉拉酱我抱走了"}]