[{"uid": "3159839", "content": "wwwwww"}, {"uid": "3159839", "content": "草"}, {"uid": "430552726", "content": "wwwww"}, {"uid": "118268", "content": "233333"}, {"uid": "118268", "content": "www"}, {"uid": "179162519", "content": "可爱可爱"}, {"uid": "2691200", "content": "草"}, {"uid": "2691200", "content": "嗷呜"}, {"uid": "2492789", "content": "Smooth criminal?"}, {"uid": "495535", "content": "我已经开始笑了"}, {"uid": "99039478", "content": "在现场"}, {"uid": "1522907", "content": "23333333"}, {"uid": "521402", "content": "经典英语拿手"}, {"uid": "3885523", "content": "Ｏ(≧▽≦)Ｏ "}, {"uid": "1522907", "content": "hhhhhh"}]