[{"uid": "7658855", "content": "日本兄贵達もお疲れ様でした"}, {"uid": "5261058", "content": "日本兄貴達もお疲れ様でした"}, {"uid": "628379220", "content": "中国兄貴達もミューズ"}, {"uid": "20410512", "content": "8888888"}, {"uid": "326439212", "content": "おつメシアユッコ〜"}, {"uid": "4422575", "content": "晚安"}, {"uid": "188931", "content": "おつメシアユッコ～"}, {"uid": "4270844", "content": "8888888"}, {"uid": "2243953", "content": "晚安"}, {"uid": "7658855", "content": "おつメシアユッコ～"}, {"uid": "628112001", "content": "おつメシアユッコ〜"}, {"uid": "50366573", "content": "晚安"}, {"uid": "1522907", "content": "辛苦了~"}, {"uid": "1309696", "content": "辛苦啦"}, {"uid": "5261058", "content": "【明早是拉拉，晚上美琴】"}, {"uid": "628379220", "content": "おつメシアユッコ～"}, {"uid": "1249628350", "content": "おつメシアユッコ～"}, {"uid": "628339039", "content": "おつメシアユッコ～"}, {"uid": "7658855", "content": "辛苦了"}, {"uid": "628119262", "content": "おつメシアユッコ～"}, {"uid": "5261058", "content": "今后也请多关照】"}, {"uid": "5261058", "content": "【谢谢大家的应援】"}, {"uid": "628119262", "content": "がんばれ！"}, {"uid": "3885523", "content": "加油"}, {"uid": "1522907", "content": "加油~"}, {"uid": "628339039", "content": "編集はだめ"}, {"uid": "641647", "content": "会的  主要不想给小陈"}, {"uid": "548593", "content": "加油!"}, {"uid": "5261058", "content": "【中文版计划应该也差不多出来了吧】"}, {"uid": "628379220", "content": "アーカイブ残せって圧ですね？ｗ"}, {"uid": "5261058", "content": "【那个计划还请B站诸君支援】"}, {"uid": "1522907", "content": "嗯？剪辑man赶紧安排"}, {"uid": "5261058", "content": "【我还以为是50呢】"}, {"uid": "4270844", "content": "30！強い！"}, {"uid": "5261058", "content": "【24曲！】"}, {"uid": "628379220", "content": "すごい"}, {"uid": "5261058", "content": "【不要剪那首拉胯啊】"}, {"uid": "1309696", "content": "细说"}, {"uid": "628379220", "content": "ﾋｴｯ"}, {"uid": "628119262", "content": "それ御褒美だよ"}, {"uid": "628339039", "content": "フリっぽい"}, {"uid": "2243953", "content": "草"}, {"uid": "326439212", "content": "鬼畜"}, {"uid": "5261058", "content": "【读SC】"}, {"uid": "628339039", "content": "さすが"}, {"uid": "5261058", "content": "【还有很多礼物 sc谢谢】"}, {"uid": "628119262", "content": "ｗ"}, {"uid": "1249628350", "content": "www"}, {"uid": "326439212", "content": "しゅごい"}, {"uid": "5261058", "content": "【今晚是全LL】"}, {"uid": "1249628350", "content": "セフセフ"}, {"uid": "326439212", "content": "(￣∇￣ﾉﾉ\"ﾊﾟﾁﾊﾟﾁﾊﾟﾁ!!"}, {"uid": "628379220", "content": "セーフでしたか？ｗ"}, {"uid": "1309696", "content": " \\小雏/\\小雏/\\小雏/\\小雏/\\小雏/\\小"}, {"uid": "1309696", "content": "佑子加油！"}, {"uid": "1309696", "content": "累昏了要"}, {"uid": "3437728", "content": "想哭了"}, {"uid": "628379220", "content": "いいぞ！"}, {"uid": "20036", "content": "可爱"}, {"uid": "265959", "content": "wwww"}, {"uid": "628379220", "content": "草"}, {"uid": "265959", "content": "强强"}, {"uid": "326439212", "content": "(￣∇￣ﾉﾉ\"ﾊﾟﾁﾊﾟﾁﾊﾟﾁ!!"}, {"uid": "3437728", "content": "8888"}, {"uid": "1249628350", "content": "8888888"}, {"uid": "628339039", "content": "88888888"}, {"uid": "628379220", "content": "耐えた？！"}, {"uid": "1309696", "content": "88888888"}, {"uid": "3437728", "content": "来首仆光"}, {"uid": "424700", "content": "\\佑子/\\佑子/\\佑子/"}, {"uid": "628379220", "content": "へい！へい！"}, {"uid": "265959", "content": "经典来了"}, {"uid": "326439212", "content": "(￣∇￣ﾉﾉ\"ﾊﾟﾁﾊﾟﾁﾊﾟﾁ!!"}, {"uid": "4422575", "content": "888888"}, {"uid": "628379220", "content": "ｶﾞﾀｯ"}, {"uid": "265959", "content": "88888888"}, {"uid": "4422575", "content": "佑子强强"}, {"uid": "4017646", "content": "お久しぶりです。三拍子"}, {"uid": "5261058", "content": "【虽然缪斯的大部分都知道】"}, {"uid": "3437728", "content": "(●￣(ｴ)￣●)"}, {"uid": "5261058", "content": "【sunshine只知道一曲】"}, {"uid": "326439212", "content": "(￣∇￣ﾉﾉ\"ﾊﾟﾁﾊﾟﾁﾊﾟﾁ!!"}, {"uid": "2205854", "content": "8888"}, {"uid": "1309696", "content": "感动"}, {"uid": "360196979", "content": "\\佑子/\\佑子/\\佑子/"}, {"uid": "360196979", "content": "\\佑子/\\佑子/\\佑子/"}, {"uid": "360196979", "content": "\\佑子/\\佑子/\\佑子/"}, {"uid": "5261058", "content": "【来首慢歌吧】"}, {"uid": "13780867", "content": "水团的歌倒是一首不知道"}, {"uid": "5261058", "content": "【所以一辈子不会唱的】"}, {"uid": "5261058", "content": "【感觉会拉胯】"}, {"uid": "628339039", "content": "だからこそ！"}, {"uid": "5261058", "content": "【要是唱我们是一束光】"}, {"uid": "3437728", "content": "更喜欢sunshine的歌"}, {"uid": "628379220", "content": "うたいましょう！！！"}, {"uid": "5261058", "content": "【都是那么好的歌呢】"}, {"uid": "628379220", "content": "こんなに沢山あるのにｗ"}, {"uid": "13780867", "content": "音游启蒙"}, {"uid": "5261058", "content": "【只知道snow？】"}, {"uid": "265959", "content": "V圈金曲了属于是"}, {"uid": "13780867", "content": "因为玩过游戏所以基本都知道（）"}, {"uid": "265959", "content": "确实"}, {"uid": "5261058", "content": "【但是没办法】"}, {"uid": "628119262", "content": "勉強になった"}, {"uid": "5261058", "content": "【我想今天应该有一曲都不认识的人吧】"}, {"uid": "1309696", "content": "至少snow halation是认识的"}, {"uid": "5261058", "content": "【我懂 她很可爱呢】"}, {"uid": "5261058", "content": "【喜欢小鸟？】"}, {"uid": "326439212", "content": "ノ"}, {"uid": "628379220", "content": "スノーハレーションが唯一しってたｗ"}, {"uid": "5261058", "content": "【感觉又今天一曲都不认识的吗】"}, {"uid": "3437728", "content": "小鳥好き"}, {"uid": "13780867", "content": "老板大气"}, {"uid": "265959", "content": "老板大气"}, {"uid": "2205854", "content": "8888888"}, {"uid": "5261058", "content": "【谢谢舰长】"}, {"uid": "9826153", "content": "8888888"}, {"uid": "326439212", "content": "(￣∇￣ﾉﾉ\"ﾊﾟﾁﾊﾟﾁﾊﾟﾁ!!"}, {"uid": "7658855", "content": "8888888"}, {"uid": "1249628350", "content": "888888"}, {"uid": "2243953", "content": " ＼佑子／＼佑子／＼佑子／＼佑子／"}, {"uid": "1309696", "content": "今天好持久"}, {"uid": "326439212", "content": "(￣∇￣ﾉﾉ\"ﾊﾟﾁﾊﾟﾁﾊﾟﾁ!!"}, {"uid": "1249628350", "content": "888888"}, {"uid": "1332", "content": "(￣△￣)"}, {"uid": "326439212", "content": "草"}, {"uid": "628379220", "content": "あぶないのでお願いします"}, {"uid": "326439212", "content": "(￣∇￣ﾉﾉ\"ﾊﾟﾁﾊﾟﾁﾊﾟﾁ!!"}, {"uid": "1249628350", "content": "88888"}, {"uid": "4422575", "content": "www"}, {"uid": "360196979", "content": "\\佑子/\\佑子/\\佑子/"}, {"uid": "20036", "content": "(･∀･)"}, {"uid": "2205854", "content": "ちゅ！"}, {"uid": "628379220", "content": "かわいい"}, {"uid": "4422575", "content": "8888"}, {"uid": "503049070", "content": "！"}, {"uid": "1249628350", "content": "8888888"}, {"uid": "360196979", "content": "8888888"}, {"uid": "1309696", "content": "8888888"}, {"uid": "360196979", "content": "\\佑子/\\佑子/\\佑子/"}, {"uid": "1309696", "content": "damedame"}, {"uid": "2205854", "content": "(O∆O)"}, {"uid": "326439212", "content": "好きなのね"}, {"uid": "628379220", "content": "どんな思い入れがあるか気になるんですがｗ"}, {"uid": "326439212", "content": "(￣∇￣ﾉﾉ\"ﾊﾟﾁﾊﾟﾁﾊﾟﾁ!!"}, {"uid": "628379220", "content": "sodane"}, {"uid": "265959", "content": "88888888"}, {"uid": "1249628350", "content": "888888"}, {"uid": "7658855", "content": "88888888"}, {"uid": "1309696", "content": "yaho"}, {"uid": "5261058", "content": "【来点换快点的曲子吧】"}, {"uid": "628379220", "content": "よろしいですよ？"}, {"uid": "1309696", "content": "8888888"}, {"uid": "9826153", "content": "88888"}, {"uid": "5261058", "content": "【谢谢舰长】"}, {"uid": "1249628350", "content": "888888"}, {"uid": "326439212", "content": "(￣∇￣ﾉﾉ\"ﾊﾟﾁﾊﾟﾁﾊﾟﾁ!!"}, {"uid": "357724792", "content": "(￣3￣)"}, {"uid": "13780867", "content": "DNA动了"}, {"uid": "13780867", "content": "我错过了好多_(:3」∠)_"}, {"uid": "1309696", "content": "经典来了"}, {"uid": "13780867", "content": "今天是LL回啊"}, {"uid": "54810", "content": "真是首好歌"}, {"uid": "5261058", "content": "【还有什么大家会知道的曲子嘛】"}, {"uid": "1309696", "content": "最高指令"}, {"uid": "548593", "content": "www"}, {"uid": "628379220", "content": "草"}, {"uid": "2205854", "content": "切出来是吧"}, {"uid": "5261058", "content": "【不是切片啊】"}, {"uid": "5261058", "content": "【不是要你们剪出来啊】"}, {"uid": "2205854", "content": "www"}, {"uid": "265959", "content": "剪出来，知道了"}, {"uid": "628119262", "content": "ｗ"}, {"uid": "5261058", "content": "【拉胯了 录播剪掉吧】"}, {"uid": "5261058", "content": "【刚才的要剪掉啊】"}, {"uid": "50366573", "content": "88888888"}, {"uid": "174867", "content": "8888888"}, {"uid": "628379220", "content": "カットとは切り抜けって事ですか？"}, {"uid": "1309696", "content": "颤抖"}, {"uid": "265959", "content": "88888"}, {"uid": "360196979", "content": "8888888"}, {"uid": "477457046", "content": "888"}, {"uid": "326439212", "content": "(￣∇￣ﾉﾉ\"ﾊﾟﾁﾊﾟﾁﾊﾟﾁ!!"}, {"uid": "360196979", "content": "\\佑子/\\佑子/\\佑子/"}, {"uid": "360196979", "content": "\\佑子/\\佑子/\\佑子/"}, {"uid": "13780867", "content": "虽然晚了但是还是晚上好"}, {"uid": "628379220", "content": "がんばれ！"}, {"uid": "2205854", "content": "全是感情"}, {"uid": "628379220", "content": "かわいい"}, {"uid": "1249628350", "content": "（￣▽￣）"}, {"uid": "628339039", "content": "ｗ"}, {"uid": "628379220", "content": "えｗ"}, {"uid": "1309696", "content": "www"}, {"uid": "424700", "content": "\\佑子/\\佑子/\\佑子/"}, {"uid": "1249628350", "content": "8888888"}, {"uid": "1309696", "content": "蟹蟹"}, {"uid": "1249628350", "content": "はい！はい！はい！はい！"}, {"uid": "265959", "content": "大好き！"}, {"uid": "1249628350", "content": "(〜￣△￣)〜"}, {"uid": "2263935", "content": "www"}, {"uid": "5261058", "content": "【停一下】"}, {"uid": "174867", "content": "wwww"}, {"uid": "628119262", "content": "すとーっぷ"}, {"uid": "628379220", "content": "踊ってもろてｗ"}, {"uid": "174867", "content": "88888888"}, {"uid": "1309696", "content": "daisuki"}, {"uid": "326439212", "content": "(￣∇￣ﾉﾉ\"ﾊﾟﾁﾊﾟﾁﾊﾟﾁ!!"}, {"uid": "1309696", "content": "8888888"}, {"uid": "1249628350", "content": "888888"}, {"uid": "5261058", "content": "【谢谢导弹】"}, {"uid": "1309696", "content": "88888888"}, {"uid": "326439212", "content": "(￣∇￣ﾉﾉ\"ﾊﾟﾁﾊﾟﾁﾊﾟﾁ!!"}, {"uid": "628376148", "content": "姫～"}, {"uid": "4270844", "content": "遅かったwww"}, {"uid": "2205854", "content": "演技力max"}, {"uid": "2205854", "content": "www"}, {"uid": "2263935", "content": "ww"}, {"uid": "628379220", "content": "草"}, {"uid": "2205854", "content": "www"}, {"uid": "5261058", "content": "【怪诶】"}, {"uid": "2205854", "content": "www"}, {"uid": "5261058", "content": "【没有 为啥】"}, {"uid": "628119262", "content": "ぴろーん"}, {"uid": "628379220", "content": "ペローンってのもセリフですか？"}, {"uid": "2205854", "content": "私も"}, {"uid": "326439212", "content": "(￣∇￣ﾉﾉ\"ﾊﾟﾁﾊﾟﾁﾊﾟﾁ!!"}, {"uid": "1309696", "content": "88888888"}, {"uid": "4270844", "content": "声めっちゃ似ている！"}, {"uid": "1309696", "content": "kksk"}, {"uid": "265959", "content": "强强"}, {"uid": "5261058", "content": "【糟糕 这个好像不怎么熟】"}, {"uid": "628119262", "content": "ｗ"}, {"uid": "5261058", "content": "【之前完全不知道啊】"}, {"uid": "5261058", "content": "【居然有这么多吗】"}, {"uid": "1249628350", "content": "それだけラブライブ好きなんですねー"}, {"uid": "2243953", "content": "草"}, {"uid": "265959", "content": "一瞬のかっこいい声"}, {"uid": "1309696", "content": "偶像佑子"}, {"uid": "628379220", "content": "なぜ言い直した"}, {"uid": "265959", "content": "草"}, {"uid": "628119262", "content": "ぱーりー！！"}, {"uid": "326439212", "content": "(￣∇￣ﾉﾉ\"ﾊﾟﾁﾊﾟﾁﾊﾟﾁ!!"}, {"uid": "1309696", "content": "88888888"}, {"uid": "4270844", "content": "カッコイイ"}, {"uid": "5261058", "content": "【交给我吧】"}, {"uid": "5261058", "content": "【好怀念啊】"}, {"uid": "5261058", "content": "【A rise的曲子我知道倒是知道】"}, {"uid": "413302566", "content": "おはメシアユッコ！"}, {"uid": "5261058", "content": "【应该不知道吧】"}, {"uid": "2205854", "content": "初见  单推   结婚   离婚"}, {"uid": "265959", "content": "初见，好可爱的女孩子"}, {"uid": "5261058", "content": "【大家知道吗】"}, {"uid": "628119262", "content": "初見"}, {"uid": "628376148", "content": "are?"}, {"uid": "5261058", "content": "【我是歌部的三拍佑子】"}, {"uid": "2205854", "content": "初见！"}, {"uid": "5261058", "content": "【晚安救世主佑子】"}, {"uid": "1249628350", "content": "!?"}, {"uid": "628119262", "content": "おかえり"}, {"uid": "2205854", "content": "お帰りなさいwww"}, {"uid": "5261058", "content": "【诸君 好久不见】"}, {"uid": "265959", "content": "おかえり"}, {"uid": "628379220", "content": "久しぶりじゃーん"}, {"uid": "7658855", "content": "欢迎回来"}, {"uid": "1309696", "content": "欢迎回来"}, {"uid": "1249628350", "content": "おかえり～"}, {"uid": "2205854", "content": "かわいい"}, {"uid": "628379220", "content": "おかえりなさーい"}, {"uid": "5261058", "content": "【我去拿杯水】"}, {"uid": "5261058", "content": "【“A rise的曲子”？不知道行不行】"}, {"uid": "5261058", "content": "【我去拿杯水】"}, {"uid": "5261058", "content": "【还有很多曲子呢】"}, {"uid": "5261058", "content": "【虽然要休息一下】"}, {"uid": "5261058", "content": "【到这个地步感觉剩下的都可以吧】"}, {"uid": "24412020", "content": "喝水"}, {"uid": "628379220", "content": "お水もってきてもろて"}, {"uid": "5261058", "content": "【初期LL连发】"}, {"uid": "628376148", "content": "最高に可愛い"}, {"uid": "4270844", "content": "A-riseの歌も待ってるぞw"}, {"uid": "5261058", "content": "【哇 不带停的】"}, {"uid": "628379220", "content": "今日はすごい沢山うたってるｗ"}, {"uid": "1249628350", "content": "888888"}, {"uid": "326439212", "content": "(￣∇￣ﾉﾉ\"ﾊﾟﾁﾊﾟﾁﾊﾟﾁ!!"}, {"uid": "7658855", "content": "8888888"}, {"uid": "24509316", "content": "佑子"}, {"uid": "4422575", "content": "\\佑子/"}, {"uid": "24412020", "content": "加油(〜￣△￣)〜"}, {"uid": "13059738", "content": "（￣▽￣）"}, {"uid": "7289871", "content": "来了"}, {"uid": "5261058", "content": "【大家知道这个吗】"}, {"uid": "1309696", "content": "佑子的耐力增强了"}, {"uid": "5261058", "content": "【这个是啥】"}, {"uid": "326439212", "content": "いっぱいあるのねぇ"}, {"uid": "5261058", "content": "【还有致死量份量的歌呢】"}, {"uid": "628379220", "content": "アニソンは？ｗ"}, {"uid": "5261058", "content": "【谢谢气球礼物】"}, {"uid": "1249628350", "content": "888888"}, {"uid": "7658855", "content": "8888888"}, {"uid": "2205854", "content": "88888888"}, {"uid": "326439212", "content": "(￣∇￣ﾉﾉ\"ﾊﾟﾁﾊﾟﾁﾊﾟﾁ!!"}, {"uid": "20832060", "content": "(°∀°)ﾉ"}, {"uid": "326439212", "content": "(￣∇￣ﾉﾉ\"ﾊﾟﾁﾊﾟﾁﾊﾟﾁ!!"}, {"uid": "1249628350", "content": "8888888"}, {"uid": "7658855", "content": "888888"}, {"uid": "714506", "content": "好听好听"}, {"uid": "714506", "content": " ＼佑子／＼佑子／＼佑子／＼佑子／"}, {"uid": "628379220", "content": "どんな思い出話よｗ"}, {"uid": "5261058", "content": "【我记得这个的曲子谱面非常难】"}, {"uid": "1249628350", "content": "ほー"}, {"uid": "50366573", "content": "(⌒▽⌒)"}, {"uid": "5261058", "content": "【这是LL的手游的】"}, {"uid": "5261058", "content": "【可爱啊 缪斯的曲子】"}, {"uid": "1249628350", "content": "888888"}, {"uid": "628379220", "content": "いけてるいけてる"}, {"uid": "265959", "content": "かわいい！！"}, {"uid": "1309696", "content": "88888888"}, {"uid": "326439212", "content": "(￣∇￣ﾉﾉ\"ﾊﾟﾁﾊﾟﾁﾊﾟﾁ!!"}, {"uid": "7658855", "content": "88888888"}, {"uid": "628379220", "content": "ﾍｲﾍｲ"}, {"uid": "1309696", "content": "嘿嘿"}, {"uid": "628379220", "content": "ﾍｲﾍｲ"}, {"uid": "1249628350", "content": "草"}, {"uid": "24412020", "content": "噗"}, {"uid": "265959", "content": "www"}, {"uid": "628379220", "content": "草"}, {"uid": "5261058", "content": "【读SC】"}, {"uid": "5261058", "content": "【能唱到什么地步呢 继续吧】"}, {"uid": "5261058", "content": "【可爱可爱】"}, {"uid": "265959", "content": "かわいい！！"}, {"uid": "5261058", "content": "【好可耐！】"}, {"uid": "628379220", "content": "草"}, {"uid": "21770250", "content": "88888888"}, {"uid": "1249628350", "content": "888888"}, {"uid": "628379220", "content": "かわいい"}, {"uid": "424700", "content": "\\佑子/\\佑子/\\佑子/"}, {"uid": "628379220", "content": "まだ舞える"}, {"uid": "1309696", "content": "嗯？"}, {"uid": "333011", "content": "这些都是op吗"}, {"uid": "50646321", "content": "8888888"}, {"uid": "5261058", "content": "【还有哦】"}, {"uid": "5261058", "content": "【感觉好像失误了】"}, {"uid": "21770250", "content": "888888"}, {"uid": "1249628350", "content": "888888"}, {"uid": "326439212", "content": "(￣∇￣ﾉﾉ\"ﾊﾟﾁﾊﾟﾁﾊﾟﾁ!!"}, {"uid": "628339039", "content": "88888888"}, {"uid": "1309696", "content": "88888888"}, {"uid": "424700", "content": "\\佑子/\\佑子/\\佑子/"}, {"uid": "5261058", "content": "【感觉不知道】"}, {"uid": "5261058", "content": "【这个感觉诸君肯定不知道】"}, {"uid": "5261058", "content": "【意外的有些不是很清楚的歌呢】"}, {"uid": "600058889", "content": "大丈夫"}, {"uid": "5261058", "content": "【但是没有一首是动漫歌】"}, {"uid": "265959", "content": "かわいい"}, {"uid": "2205854", "content": "想抱回家"}, {"uid": "5261058", "content": "【还有呢】"}, {"uid": "2205854", "content": "太可爱了"}, {"uid": "463955", "content": "8888888"}, {"uid": "14618300", "content": "888888"}, {"uid": "628379220", "content": "今日の姫はかわいい"}, {"uid": "2205854", "content": "Cool！"}, {"uid": "1309696", "content": "8888888"}, {"uid": "1249628350", "content": "888888"}, {"uid": "2205854", "content": "888888"}, {"uid": "326439212", "content": "(￣∇￣ﾉﾉ\"ﾊﾟﾁﾊﾟﾁﾊﾟﾁ!!"}, {"uid": "701832366", "content": "晚上好佑子"}, {"uid": "1309696", "content": "w'w'w\\佑子/\\佑子/\\佑子/\\佑子/\\佑子/"}, {"uid": "34930340", "content": "晚上好"}, {"uid": "424700", "content": "\\佑子/\\佑子/\\佑子/"}, {"uid": "14618300", "content": "ヾ(❀╹◡╹)ﾉ~"}, {"uid": "5261058", "content": "【来点更可爱的曲子吧】"}, {"uid": "1249628350", "content": "╮(￣▽￣)╭"}, {"uid": "5261058", "content": "【有这么可爱嘛？】"}, {"uid": "5261058", "content": "【我很cool才对啊】"}, {"uid": "5261058", "content": "【诸君怎么了？】"}, {"uid": "5261058", "content": "【有这么可爱？】"}, {"uid": "24412020", "content": "女子力？不存在的"}, {"uid": "2205854", "content": "MAX  MAX"}, {"uid": "5261058", "content": "【帅气的我呢】"}, {"uid": "628379220", "content": "クールじゃなくてキュートですね"}, {"uid": "5261058", "content": "【“今天的佑子很可爱”】"}, {"uid": "5261058", "content": "【我平时的女子力都很高啊】"}, {"uid": "615353", "content": "草"}, {"uid": "1249628350", "content": "草"}, {"uid": "151389", "content": "www"}, {"uid": "326439212", "content": "はて"}, {"uid": "265959", "content": "wwww"}, {"uid": "24412020", "content": "大概今天身体差了"}, {"uid": "628379220", "content": "草"}, {"uid": "83194", "content": "wwww"}, {"uid": "5261058", "content": "【读SC】"}, {"uid": "5261058", "content": "【是我这边看不到嘛？】"}, {"uid": "5261058", "content": "【欸 文字消失了？】"}, {"uid": "2205854", "content": "今天的佑子特别可爱w"}, {"uid": "5261058", "content": "【试试吧】"}, {"uid": "5261058", "content": "【虽然不知道能不能常昊】"}, {"uid": "24412020", "content": "什么歌都可以的"}, {"uid": "5261058", "content": "【那个能唱好嘛】"}, {"uid": "628339039", "content": "おかしいなー"}, {"uid": "628379220", "content": "あれれー？"}, {"uid": "5261058", "content": "【完全没唱动漫歌啊】"}, {"uid": "151389", "content": "88888888"}, {"uid": "1249628350", "content": "8888888"}, {"uid": "628339039", "content": "88888888"}, {"uid": "1309696", "content": "8888888"}, {"uid": "2205854", "content": "8888888"}, {"uid": "326439212", "content": "(￣∇￣ﾉﾉ\"ﾊﾟﾁﾊﾟﾁﾊﾟﾁ!!"}, {"uid": "265959", "content": " \\佑子/\\佑子/\\佑子/\\佑子/\\佑子/"}, {"uid": "424700", "content": "\\佑子/\\佑子/\\佑子/"}, {"uid": "1249628350", "content": "ほう"}, {"uid": "5261058", "content": "【还有呢】"}, {"uid": "1249628350", "content": "8888888"}, {"uid": "628339039", "content": "88888888"}, {"uid": "265959", "content": "thank you！"}, {"uid": "326439212", "content": "(￣∇￣ﾉﾉ\"ﾊﾟﾁﾊﾟﾁﾊﾟﾁ!!"}, {"uid": "628379220", "content": "セクシー"}, {"uid": "5261058", "content": "【感觉好难啊 要唱嘛？】"}, {"uid": "5261058", "content": "【还没有把】"}, {"uid": "265959", "content": "看不到礼物名字了www"}, {"uid": "5261058", "content": "【“感觉已经被甩下了”】"}, {"uid": "7934663", "content": "眼花看成两根筷子了("}, {"uid": "1309696", "content": "佑子的浓度太高了"}, {"uid": "628379220", "content": "もうとっくに置いてかれてますｗ"}, {"uid": "11182453", "content": "8888"}, {"uid": "5261058", "content": "【我还有很多诸君不知道的曲子呢】"}, {"uid": "628339039", "content": "88888888"}, {"uid": "5261058", "content": "【氧气不足！】"}, {"uid": "5261058", "content": "【氧气】"}, {"uid": "1249628350", "content": "888888"}, {"uid": "265959", "content": "完璧！"}, {"uid": "326439212", "content": "(￣∇￣ﾉﾉ\"ﾊﾟﾁﾊﾟﾁﾊﾟﾁ!!"}, {"uid": "9826153", "content": "88888888"}, {"uid": "16007417", "content": "(°∀°)ﾉ(°∀°)ﾉ"}, {"uid": "13864368", "content": "(°∀°)ﾉ"}, {"uid": "5261058", "content": "【试试能唱多少吧】"}, {"uid": "628379220", "content": "縛ってくれてもよろしくってよ"}, {"uid": "5261058", "content": "【喝口水】"}, {"uid": "5261058", "content": "【还是说不太行】"}, {"uid": "5261058", "content": "【感觉全部都能唱啊】"}, {"uid": "5261058", "content": "【早知道就做一下主题限制了】"}, {"uid": "50366573", "content": "88888888"}, {"uid": "5261058", "content": "【好久没听过】"}, {"uid": "14618300", "content": "8888888"}, {"uid": "628379220", "content": "ｾﾝｷｭｰ"}, {"uid": "265959", "content": "thank you！"}, {"uid": "2205854", "content": "8888888！"}, {"uid": "64926301", "content": "╮(￣▽￣)╭"}, {"uid": "424700", "content": "\\佑子/\\佑子/\\佑子/"}, {"uid": "1309696", "content": "组曲？w"}, {"uid": "50366573", "content": "(°∀°)ﾉ"}, {"uid": "265959", "content": "连唱suki"}, {"uid": "326439212", "content": "(￣∇￣ﾉﾉ\"ﾊﾟﾁﾊﾟﾁﾊﾟﾁ!!"}, {"uid": "35419878", "content": "8888888"}, {"uid": "2205854", "content": "8888888"}, {"uid": "7658855", "content": "88888888"}, {"uid": "424700", "content": "\\佑子/\\佑子/\\佑子/"}, {"uid": "1309696", "content": "kksk"}, {"uid": "4270844", "content": "ライライブ歌回かな"}, {"uid": "628376148", "content": "ちゃんとレパートリーあるなら"}, {"uid": "424700", "content": "\\佑子/\\佑子/\\佑子/"}, {"uid": "5261058", "content": "【大家准备好了嘛？】"}, {"uid": "5261058", "content": "【现在开始要越来越偏门了哦】"}, {"uid": "2205854", "content": "114"}, {"uid": "628376148", "content": "偏りすぎるアニソン"}, {"uid": "5261058", "content": "【今晚是偏门的动漫歌】"}, {"uid": "628379220", "content": "今日は？"}, {"uid": "24393", "content": "草"}, {"uid": "424700", "content": "佑子晚上好~"}, {"uid": "1866299626", "content": "すげえ詳しいな"}, {"uid": "326439212", "content": "なるほど"}, {"uid": "628379220", "content": "さすがに詳しいｗ"}, {"uid": "265959", "content": "第一次听"}, {"uid": "2205854", "content": "知道噢"}, {"uid": "628376148", "content": "初めて聴いた"}, {"uid": "107820302", "content": "你好"}, {"uid": "463955", "content": "88888888"}, {"uid": "326439212", "content": "(￣∇￣ﾉﾉ\"ﾊﾟﾁﾊﾟﾁﾊﾟﾁ!!"}, {"uid": "628376148", "content": "8888"}, {"uid": "259382", "content": "88888"}, {"uid": "2205854", "content": "888888"}, {"uid": "265959", "content": " \\佑子/\\佑子/\\佑子/\\佑子/\\佑子/"}, {"uid": "214869704", "content": "可爱"}, {"uid": "407217061", "content": "佑子"}, {"uid": "2205854", "content": "www"}, {"uid": "628379220", "content": "草"}, {"uid": "265959", "content": "好きよ"}, {"uid": "2205854", "content": "好き！"}, {"uid": "1309696", "content": "佑子lovelove"}, {"uid": "5261058", "content": "【好】"}, {"uid": "2205854", "content": "急に可愛いww"}, {"uid": "5261058", "content": "【唱什么好呢】"}, {"uid": "326439212", "content": "可愛ﾖ"}, {"uid": "628379220", "content": "かわいい"}, {"uid": "88548530", "content": "8888"}, {"uid": "265959", "content": "泪目"}, {"uid": "2205854", "content": "佑子万岁！"}, {"uid": "600058889", "content": "いい歌声だ"}, {"uid": "2205854", "content": "www"}, {"uid": "326439212", "content": "(￣∇￣ﾉﾉ\"ﾊﾟﾁﾊﾟﾁﾊﾟﾁ!!"}, {"uid": "1309696", "content": "8888888"}, {"uid": "628376148", "content": "888"}, {"uid": "2205854", "content": "8888"}, {"uid": "600058889", "content": "大好きで万歳"}, {"uid": "145087", "content": "www"}, {"uid": "17396845", "content": "！"}, {"uid": "2205854", "content": "www"}, {"uid": "326439212", "content": "草"}, {"uid": "233579332", "content": "晚上好"}, {"uid": "628379220", "content": "エコーおっけい"}, {"uid": "236494", "content": "最高じゃないかニートな生活ｗｗｗ"}, {"uid": "933693", "content": "晚上好！"}, {"uid": "2205854", "content": "佑子晚上好~"}, {"uid": "265959", "content": "gachi距离suki"}, {"uid": "236494", "content": "gachi距离"}, {"uid": "326439212", "content": "すこ"}, {"uid": "945841", "content": "晚上好"}, {"uid": "8872050", "content": "可爱，关注"}, {"uid": "628379220", "content": "いつか話がまとまったら聞かせてください"}, {"uid": "265959", "content": "美琴写作文一定很厉害"}, {"uid": "628376148", "content": "ｆｍ"}, {"uid": "2243953", "content": "不愧是现充"}, {"uid": "236494", "content": "晚上好"}, {"uid": "628379220", "content": "口滑らせないのかあ"}, {"uid": "600058889", "content": "聞こえたよ"}, {"uid": "306797", "content": "来了来了"}, {"uid": "1309696", "content": "耳朵坏掉了"}, {"uid": "628379220", "content": "かわいい"}, {"uid": "463955", "content": "晚上好"}, {"uid": "628376148", "content": "ネタや"}, {"uid": "600058889", "content": "こんばんは"}, {"uid": "628379220", "content": "わざとダブリングしてるのかとｗ"}, {"uid": "628339039", "content": "ですね"}, {"uid": "186748", "content": "晚上好"}, {"uid": "628379220", "content": "次のコラボの予定ありますが何するのですか？"}, {"uid": "2243953", "content": "晚上好"}, {"uid": "326439212", "content": "（￣▽￣）"}, {"uid": "265959", "content": "有去看哦，佑子很帅"}, {"uid": "14618300", "content": "こんばんは祐子です"}, {"uid": "265959", "content": "忘词了"}, {"uid": "265959", "content": "wwww"}, {"uid": "265959", "content": "888888"}, {"uid": "326439212", "content": "(＾o＾)ﾉ ｲｴｰ!"}, {"uid": "18785523", "content": "晚上好"}, {"uid": "1309696", "content": "佑子刚才变大了吗"}, {"uid": "628376148", "content": "良かったね"}, {"uid": "7658855", "content": "88888888"}, {"uid": "628379220", "content": "まさか寝起きですか"}, {"uid": "265959", "content": "翻译机复活啦！"}, {"uid": "35419878", "content": "晚上好"}, {"uid": "628376148", "content": "おメユ"}, {"uid": "326439212", "content": "おはメシアユッコ〜"}, {"uid": "24393", "content": "こんばんわ"}, {"uid": "1309696", "content": "佑子晚上好"}, {"uid": "265959", "content": "晚上好~"}, {"uid": "326439212", "content": "晚上好"}, {"uid": "628112001", "content": "おはメシアユッコ〜"}, {"uid": "628379220", "content": "おはメシアユッコ～"}, {"uid": "7658855", "content": "晚上好"}, {"uid": "628339039", "content": "おはメシアユッコ〜"}, {"uid": "628376148", "content": "はじまった"}, {"uid": "265959", "content": "(°∀°)ﾉ"}, {"uid": "7658855", "content": "＼佑子／＼佑子／＼佑子／＼佑子／"}, {"uid": "1309696", "content": "＼佑子／＼佑子／＼佑子／＼佑子／"}, {"uid": "615353", "content": "＼佑子／＼佑子／＼佑子／＼佑子／"}, {"uid": "1249628350", "content": "＼佑子／＼佑子／＼佑子／＼佑子／"}, {"uid": "20036", "content": "＼佑子／＼佑子／＼佑子／＼佑子／"}, {"uid": "628379220", "content": "＼佑子／＼佑子／＼佑子／＼佑子／"}, {"uid": "628339039", "content": "＼佑子／＼佑子／＼佑子／＼佑子／"}, {"uid": "265959", "content": "＼佑子／＼佑子／＼佑子／＼佑子／"}, {"uid": "628112001", "content": "\\佑子/\\佑子/\\佑子/\\佑子/\\佑子/"}, {"uid": "13780867", "content": "\\佑子/\\佑子/\\佑子/\\佑子/\\佑子/"}, {"uid": "628379220", "content": "＼佑子／＼佑子／＼佑子／＼佑子／"}, {"uid": "628339039", "content": "＼佑子／＼佑子／＼佑子／＼佑子／"}, {"uid": "326439212", "content": "\\佑子/\\佑子/\\佑子/\\佑子/\\佑子/"}, {"uid": "13780867", "content": "\\佑子/\\佑子/\\佑子/\\佑子/\\佑子/"}, {"uid": "265959", "content": "\\佑子/\\佑子/\\佑子/\\佑子/\\佑子/"}, {"uid": "20036", "content": "＼佑子／＼佑子／＼佑子／＼佑子／"}, {"uid": "7658855", "content": "＼佑子／＼佑子／＼佑子／＼佑子／"}, {"uid": "628379220", "content": "＼佑子／＼佑子／＼佑子／＼佑子／"}, {"uid": "265959", "content": "\\佑子/\\佑子/\\佑子/\\佑子/\\佑子/"}, {"uid": "3885523", "content": "/ / / / / / / / / / / / / / /"}, {"uid": "1309696", "content": "\\佑子/\\佑子/\\佑子/\\佑子/\\佑子/"}, {"uid": "628379220", "content": "＼佑子／＼佑子／＼佑子／＼佑子／"}, {"uid": "265959", "content": "\\佑子/\\佑子/\\佑子/\\佑子/\\佑子/"}, {"uid": "13780867", "content": "\\佑子/\\佑子/\\佑子/\\佑子/\\佑子/"}, {"uid": "326439212", "content": "\\佑子/\\佑子/\\佑子/\\佑子/\\佑子/"}, {"uid": "628379220", "content": "＼佑子／＼佑子／＼佑子／＼佑子／"}, {"uid": "628339039", "content": "＼佑子／＼佑子／＼佑子／＼佑子／"}, {"uid": "3885523", "content": "/ / / / / / / / / / / / / / /"}, {"uid": "326439212", "content": "\\佑子/\\佑子/\\佑子/\\佑子/\\佑子/"}, {"uid": "265959", "content": "\\佑子/\\佑子/\\佑子/\\佑子/\\佑子/"}, {"uid": "628379220", "content": "＼佑子／＼佑子／＼佑子／＼佑子／"}, {"uid": "3437728", "content": "(°∀°)ﾉ(°∀°)ﾉ(°∀°)ﾉ"}, {"uid": "494345064", "content": "\\佑子/\\佑子/\\佑子/\\佑子/\\佑子/"}, {"uid": "494345064", "content": "\\佑子/\\佑子/\\佑子/\\佑子/\\佑子/"}, {"uid": "20036", "content": "＼佑子／＼佑子／＼佑子／＼佑子／"}, {"uid": "628379220", "content": "＼佑子／＼佑子／＼佑子／＼佑子／"}, {"uid": "7658855", "content": "＼佑子／＼佑子／＼佑子／＼佑子／"}, {"uid": "265959", "content": "\\佑子/\\佑子/\\佑子/\\佑子/\\佑子/"}, {"uid": "3885523", "content": "/ / / / / / / / / / / / / / /"}, {"uid": "326439212", "content": "\\佑子/\\佑子/\\佑子/\\佑子/\\佑子/"}, {"uid": "628339039", "content": "＼佑子／＼佑子／＼佑子／＼佑子／"}, {"uid": "628379220", "content": "＼佑子／＼佑子／＼佑子／＼佑子／"}, {"uid": "1249628350", "content": "＼佑子／＼佑子／＼佑子／＼佑子／"}, {"uid": "628379220", "content": "＼佑子／＼佑子／＼佑子／＼佑子／"}, {"uid": "1309696", "content": "\\佑子/\\佑子/\\佑子/\\佑子/\\佑子/"}, {"uid": "7658855", "content": "＼佑子／＼佑子／＼佑子／＼佑子／"}, {"uid": "628339039", "content": "＼佑子／＼佑子／＼佑子／＼佑子／"}, {"uid": "326439212", "content": "\\佑子/\\佑子/\\佑子/\\佑子/\\佑子/"}, {"uid": "265959", "content": "＼佑子／＼佑子／＼佑子／＼佑子／"}, {"uid": "628379220", "content": "＼佑子／＼佑子／＼佑子／＼佑子／"}, {"uid": "1249628350", "content": "＼佑子／＼佑子／＼佑子／＼佑子／"}, {"uid": "1309696", "content": "\\佑子/\\佑子/\\佑子/\\佑子/\\佑子/"}, {"uid": "2243953", "content": "＼佑子／＼佑子／＼佑子／＼佑子／"}, {"uid": "7658855", "content": "＼佑子／＼佑子／＼佑子／＼佑子／"}, {"uid": "1309696", "content": "\\佑子/\\佑子/\\佑子/\\佑子/\\佑子/"}, {"uid": "265959", "content": "\\佑子/\\佑子/\\佑子/\\佑子/"}, {"uid": "628339039", "content": "＼佑子／＼佑子／＼佑子／＼佑子／"}, {"uid": "265959", "content": "＼佑子／＼佑子／＼佑子／＼佑子／"}, {"uid": "326439212", "content": "\\佑子/\\佑子/\\佑子/\\佑子/\\佑子/"}, {"uid": "7658855", "content": "＼佑子／＼佑子／＼佑子／＼佑子／"}, {"uid": "1249628350", "content": "＼佑子／＼佑子／＼佑子／＼佑子／"}, {"uid": "1522907", "content": "＼佑子／＼佑子／＼佑子／＼佑子／"}, {"uid": "7658855", "content": "＼佑子／＼佑子／＼佑子／＼佑子／"}, {"uid": "628339039", "content": "＼佑子／＼佑子／＼佑子／＼佑子／"}, {"uid": "628379220", "content": "＼佑子／＼佑子／＼佑子／＼佑子／"}, {"uid": "7658855", "content": "＼佑子／＼佑子／＼佑子／＼佑子／"}, {"uid": "1249628350", "content": "＼佑子／＼佑子／＼佑子／＼佑子／"}, {"uid": "1309696", "content": "\\佑子/\\佑子/\\佑子/\\佑子/\\佑子/"}, {"uid": "628379220", "content": "＼佑子／＼佑子／＼佑子／＼佑子／"}, {"uid": "628119262", "content": "\\佑子/\\佑子/\\佑子/\\佑子/"}, {"uid": "3885523", "content": "/ / / / / / / / / / / / / / /"}, {"uid": "326439212", "content": "\\佑子/\\佑子/\\佑子/\\佑子/\\佑子/"}, {"uid": "628339039", "content": "＼佑子／＼佑子／＼佑子／＼佑子／"}, {"uid": "7658855", "content": "＼佑子／＼佑子／＼佑子／＼佑子／"}, {"uid": "20036", "content": "＼佑子／＼佑子／＼佑子／＼佑子／"}, {"uid": "20036", "content": "＼佑子／＼佑子／＼佑子／＼佑子／"}, {"uid": "265959", "content": "＼佑子／＼佑子／＼佑子／＼佑子／"}, {"uid": "13780867", "content": "\\佑子/\\佑子/\\佑子/\\佑子/\\佑子/"}, {"uid": "326439212", "content": "\\佑子/\\佑子/\\佑子/\\佑子/\\佑子/"}, {"uid": "265959", "content": "＼佑子／＼佑子／＼佑子／＼佑子／"}, {"uid": "628379220", "content": "＼佑子／＼佑子／＼佑子／＼佑子／"}, {"uid": "628339039", "content": "＼佑子／＼佑子／＼佑子／＼佑子／"}, {"uid": "20036", "content": "＼佑子／＼佑子／＼佑子／＼佑子／"}, {"uid": "1309696", "content": "\\佑子/\\佑子/\\佑子/\\佑子/\\佑子/"}, {"uid": "628379220", "content": "＼佑子／＼佑子／＼佑子／＼佑子／"}, {"uid": "7658855", "content": "＼佑子／＼佑子／＼佑子／＼佑子／"}, {"uid": "628339039", "content": "＼佑子／＼佑子／＼佑子／＼佑子／"}, {"uid": "20036", "content": "＼佑子／＼佑子／＼佑子／＼佑子／"}, {"uid": "1309696", "content": "\\佑子/\\佑子/\\佑子/\\佑子/\\佑子/"}, {"uid": "326439212", "content": "\\佑子/\\佑子/\\佑子/\\佑子/\\佑子/"}, {"uid": "628379220", "content": "＼佑子／＼佑子／＼佑子／＼佑子／"}, {"uid": "265959", "content": "＼佑子／＼佑子／＼佑子／＼佑子／"}, {"uid": "9826153", "content": "＼佑子／＼佑子／＼佑子／＼佑子／"}, {"uid": "1309696", "content": "\\佑子/\\佑子/\\佑子/\\佑子/\\佑子/"}, {"uid": "628379220", "content": "＼佑子／＼佑子／＼佑子／＼佑子／"}, {"uid": "628339039", "content": "＼佑子／＼佑子／＼佑子／＼佑子／"}, {"uid": "628119262", "content": "\\佑子/\\佑子/\\佑子/\\佑子/"}, {"uid": "20036", "content": "＼佑子／＼佑子／＼佑子／＼佑子／"}, {"uid": "1249628350", "content": "＼佑子／＼佑子／＼佑子／＼佑子／"}, {"uid": "13780867", "content": "\\佑子/\\佑子/\\佑子/\\佑子/\\佑子/"}, {"uid": "628379220", "content": "＼佑子／＼佑子／＼佑子／＼佑子／"}, {"uid": "265959", "content": "＼佑子／＼佑子／＼佑子／＼佑子／"}, {"uid": "628379220", "content": "＼佑子／＼佑子／＼佑子／＼佑子／"}, {"uid": "1309696", "content": "\\佑子/\\佑子/\\佑子/\\佑子/\\佑子/"}, {"uid": "265959", "content": "＼佑子／＼佑子／＼佑子／＼佑子／"}, {"uid": "7658855", "content": "＼佑子／＼佑子／＼佑子／＼佑子／"}, {"uid": "628379220", "content": "＼佑子／＼佑子／＼佑子／＼佑子／"}, {"uid": "9826153", "content": "＼佑子／＼佑子／＼佑子／＼佑子／"}, {"uid": "20036", "content": "＼佑子／＼佑子／＼佑子／＼佑子／"}, {"uid": "1249628350", "content": "＼佑子／＼佑子／＼佑子／＼佑子／"}, {"uid": "326439212", "content": "\\佑子/\\佑子/\\佑子/\\佑子/\\佑子/"}, {"uid": "265959", "content": "＼佑子／＼佑子／＼佑子／＼佑子／"}, {"uid": "2263935", "content": "＼佑子／＼佑子／＼佑子／＼佑子／"}, {"uid": "628339039", "content": "＼佑子／＼佑子／＼佑子／＼佑子／"}, {"uid": "628379220", "content": "＼佑子／＼佑子／＼佑子／＼佑子／"}, {"uid": "13780867", "content": "\\佑子/\\佑子/\\佑子/\\佑子/\\佑子/"}, {"uid": "265959", "content": "＼佑子／＼佑子／＼佑子／＼佑子／"}, {"uid": "265959", "content": "＼佑子／＼佑子／＼佑子／＼佑子／"}, {"uid": "628112001", "content": "\\佑子/\\佑子/\\佑子/\\佑子/\\佑子/"}, {"uid": "1249628350", "content": "＼佑子／＼佑子／＼佑子／＼佑子／"}, {"uid": "628339039", "content": "＼佑子／＼佑子／＼佑子／＼佑子／"}, {"uid": "265959", "content": "＼佑子／＼佑子／＼佑子／＼佑子／"}, {"uid": "326439212", "content": "\\佑子/\\佑子/\\佑子/\\佑子/\\佑子/"}, {"uid": "7658855", "content": "＼佑子／＼佑子／＼佑子／＼佑子／"}, {"uid": "1309696", "content": "\\佑子/\\佑子/\\佑子/\\佑子/\\佑子/"}, {"uid": "628379220", "content": "＼佑子／＼佑子／＼佑子／＼佑子／"}, {"uid": "1249628350", "content": "＼佑子／＼佑子／＼佑子／＼佑子／"}, {"uid": "20036", "content": "＼佑子／＼佑子／＼佑子／＼佑子／"}, {"uid": "13780867", "content": "\\佑子/\\佑子/\\佑子/\\佑子/\\佑子/"}, {"uid": "628379220", "content": "＼佑子／＼佑子／＼佑子／＼佑子／"}, {"uid": "265959", "content": "\\佑子/\\佑子/\\佑子/\\佑子/"}, {"uid": "628339039", "content": "＼佑子／＼佑子／＼佑子／＼佑子／"}, {"uid": "13780867", "content": "\\佑子/\\佑子/\\佑子/\\佑子/\\佑子/"}, {"uid": "20036", "content": "＼佑子／＼佑子／＼佑子／＼佑子／"}, {"uid": "7658855", "content": "＼佑子／＼佑子／＼佑子／＼佑子／"}, {"uid": "628339039", "content": "＼佑子／＼佑子／＼佑子／＼佑子／"}, {"uid": "1249628350", "content": "＼佑子／＼佑子／＼佑子／＼佑子／"}, {"uid": "20036", "content": "＼佑子／＼佑子／＼佑子／＼佑子／"}, {"uid": "13780867", "content": "\\佑子/\\佑子/\\佑子/\\佑子/\\佑子/"}, {"uid": "1249628350", "content": "＼佑子／＼佑子／＼佑子／＼佑子／"}, {"uid": "628379220", "content": "＼佑子／＼佑子／＼佑子／＼佑子／"}, {"uid": "7658855", "content": "＼佑子／＼佑子／＼佑子／＼佑子／"}, {"uid": "326439212", "content": "\\佑子/\\佑子/\\佑子/\\佑子/\\佑子/"}, {"uid": "188931", "content": "＼佑子／＼佑子／＼佑子／＼佑子／"}, {"uid": "1309696", "content": "\\佑子/\\佑子/\\佑子/\\佑子/\\佑子/"}, {"uid": "628379220", "content": "＼佑子／＼佑子／＼佑子／＼佑子／"}, {"uid": "20036", "content": "＼佑子／＼佑子／＼佑子／＼佑子／"}, {"uid": "265959", "content": "\\佑子/\\佑子/\\佑子/\\佑子/"}, {"uid": "628339039", "content": "＼佑子／＼佑子／＼佑子／＼佑子／"}, {"uid": "7658855", "content": "＼佑子／＼佑子／＼佑子／＼佑子／"}, {"uid": "1249628350", "content": "＼佑子／＼佑子／＼佑子／＼佑子／"}, {"uid": "265959", "content": "\\佑子/\\佑子/\\佑子/\\佑子/"}, {"uid": "628379220", "content": "＼佑子／＼佑子／＼佑子／＼佑子／"}, {"uid": "628339039", "content": "＼佑子／＼佑子／＼佑子／＼佑子／"}, {"uid": "265959", "content": "\\佑子/\\佑子/\\佑子/\\佑子/"}, {"uid": "7658855", "content": "＼佑子／＼佑子／＼佑子／＼佑子／"}, {"uid": "188931", "content": "＼佑子／＼佑子／＼佑子／＼佑子／"}, {"uid": "20036", "content": "＼佑子／＼佑子／＼佑子／＼佑子／"}, {"uid": "628379220", "content": "＼佑子／＼佑子／＼佑子／＼佑子／"}, {"uid": "265959", "content": "\\佑子/\\佑子/\\佑子/\\佑子/"}, {"uid": "9826153", "content": "＼佑子／＼佑子／＼佑子／＼佑子／"}, {"uid": "628112001", "content": "\\佑子/\\佑子/\\佑子/\\佑子/\\佑子/"}, {"uid": "628339039", "content": "＼佑子／＼佑子／＼佑子／＼佑子／"}, {"uid": "628379220", "content": "＼佑子／＼佑子／＼佑子／＼佑子／"}, {"uid": "265959", "content": "\\佑子/\\佑子/\\佑子/\\佑子/"}, {"uid": "265959", "content": "\\佑子/\\佑子/\\佑子/\\佑子/"}, {"uid": "1309696", "content": "\\佑子/\\佑子/\\佑子/\\佑子/\\佑子/"}, {"uid": "9826153", "content": "＼佑子／＼佑子／＼佑子／＼佑子／"}, {"uid": "20036", "content": "＼佑子／＼佑子／＼佑子／＼佑子／"}, {"uid": "628339039", "content": "＼佑子／＼佑子／＼佑子／＼佑子／"}, {"uid": "7658855", "content": "＼佑子／＼佑子／＼佑子／＼佑子／"}, {"uid": "1249628350", "content": "＼佑子／＼佑子／＼佑子／＼佑子／"}, {"uid": "265959", "content": "\\佑子/\\佑子/\\佑子/\\佑子/"}, {"uid": "2205854", "content": "\\佑子/\\佑子/\\佑子/\\佑子/\\佑子/"}, {"uid": "628379220", "content": "＼佑子／＼佑子／＼佑子／＼佑子／"}, {"uid": "628339039", "content": "＼佑子／＼佑子／＼佑子／＼佑子／"}, {"uid": "628379220", "content": "＼佑子／＼佑子／＼佑子／＼佑子／"}, {"uid": "2205854", "content": "\\佑子/\\佑子/\\佑子/\\佑子/\\佑子/"}, {"uid": "7658855", "content": "＼佑子／＼佑子／＼佑子／＼佑子／"}, {"uid": "628339039", "content": "＼佑子／＼佑子／＼佑子／＼佑子／"}, {"uid": "628112001", "content": "\\佑子/\\佑子/\\佑子/\\佑子/\\佑子/"}, {"uid": "20036", "content": "＼佑子／＼佑子／＼佑子／＼佑子／"}, {"uid": "628379220", "content": "＼佑子／＼佑子／＼佑子／＼佑子／"}, {"uid": "9826153", "content": "＼佑子／＼佑子／＼佑子／＼佑子／"}, {"uid": "326439212", "content": "\\佑子/\\佑子/\\佑子/\\佑子/\\佑子/"}, {"uid": "7658855", "content": "＼佑子／＼佑子／＼佑子／＼佑子／"}, {"uid": "628379220", "content": "＼佑子／＼佑子／＼佑子／＼佑子／"}, {"uid": "13780867", "content": "\\佑子/\\佑子/\\佑子/\\佑子/\\佑子/"}, {"uid": "20036", "content": "＼佑子／＼佑子／＼佑子／＼佑子／"}, {"uid": "628119262", "content": "\\佑子/\\佑子/\\佑子/\\佑子/"}, {"uid": "628339039", "content": "＼佑子／＼佑子／＼佑子／＼佑子／"}, {"uid": "2263935", "content": "＼佑子／＼佑子／＼佑子／＼佑子／"}, {"uid": "7658855", "content": "＼佑子／＼佑子／＼佑子／＼佑子／"}, {"uid": "628379220", "content": "＼佑子／＼佑子／＼佑子／＼佑子／"}, {"uid": "615353", "content": "＼佑子／＼佑子／＼佑子／＼佑子／"}, {"uid": "1249628350", "content": "＼佑子／＼佑子／＼佑子／＼佑子／"}, {"uid": "265959", "content": "\\佑子/\\佑子/\\佑子/\\佑子/"}, {"uid": "20036", "content": "＼佑子／＼佑子／＼佑子／＼佑子／"}, {"uid": "7658855", "content": "＼佑子／＼佑子／＼佑子／＼佑子／"}, {"uid": "326439212", "content": "\\佑子/\\佑子/\\佑子/\\佑子/\\佑子/"}, {"uid": "628339039", "content": "＼佑子／＼佑子／＼佑子／＼佑子／"}, {"uid": "628379220", "content": "＼佑子／＼佑子／＼佑子／＼佑子／"}, {"uid": "7658855", "content": "＼佑子／＼佑子／＼佑子／＼佑子／"}, {"uid": "188931", "content": "＼佑子／＼佑子／＼佑子／＼佑子／"}, {"uid": "326439212", "content": "\\佑子/\\佑子/\\佑子/\\佑子/\\佑子/"}, {"uid": "628379220", "content": "＼佑子／＼佑子／＼佑子／＼佑子／"}, {"uid": "1249628350", "content": "＼佑子／＼佑子／＼佑子／＼佑子／"}, {"uid": "7658855", "content": "＼佑子／＼佑子／＼佑子／＼佑子／"}, {"uid": "265959", "content": "\\佑子/\\佑子/\\佑子/\\佑子/"}, {"uid": "265959", "content": "\\佑子/\\佑子/\\佑子/\\佑子/"}, {"uid": "628379220", "content": "＼佑子／＼佑子／＼佑子／＼佑子／"}, {"uid": "2205854", "content": "\\佑子/\\佑子/\\佑子/\\佑子/\\佑子/"}, {"uid": "265959", "content": "\\佑子/\\佑子/\\佑子/\\佑子/"}, {"uid": "7658855", "content": "＼佑子／＼佑子／＼佑子／＼佑子／"}, {"uid": "628379220", "content": "＼佑子／＼佑子／＼佑子／＼佑子／"}, {"uid": "1249628350", "content": "＼佑子／＼佑子／＼佑子／＼佑子／"}, {"uid": "20036", "content": "＼佑子／＼佑子／＼佑子／＼佑子／"}, {"uid": "628339039", "content": "＼佑子／＼佑子／＼佑子／＼佑子／"}, {"uid": "326439212", "content": "\\佑子/\\佑子/\\佑子/\\佑子/\\佑子/"}, {"uid": "7658855", "content": "＼佑子／＼佑子／＼佑子／＼佑子／"}, {"uid": "16492446", "content": "＼佑子／＼佑子／＼佑子／＼佑子／"}, {"uid": "7658855", "content": "＼佑子／＼佑子／＼佑子／＼佑子／"}, {"uid": "628379220", "content": "＼佑子／＼佑子／＼佑子／＼佑子／"}, {"uid": "265959", "content": "＼佑子／＼佑子／＼佑子／＼佑子／"}, {"uid": "628379220", "content": "＼佑子／＼佑子／＼佑子／＼佑子／"}, {"uid": "628339039", "content": "＼佑子／＼佑子／＼佑子／＼佑子／"}, {"uid": "628112001", "content": "\\佑子/\\佑子/\\佑子/\\佑子/\\佑子/"}, {"uid": "628379220", "content": "＼佑子／＼佑子／＼佑子／＼佑子／"}, {"uid": "265959", "content": "＼佑子／＼佑子／＼佑子／＼佑子／"}, {"uid": "7658855", "content": "＼佑子／＼佑子／＼佑子／＼佑子／"}, {"uid": "1309696", "content": "\\佑子/\\佑子/\\佑子/\\佑子/\\佑子/"}, {"uid": "265959", "content": "＼佑子／＼佑子／＼佑子／＼佑子／"}, {"uid": "1249628350", "content": "＼佑子／＼佑子／＼佑子／＼佑子／"}, {"uid": "326439212", "content": "\\佑子/\\佑子/\\佑子/\\佑子/\\佑子/"}, {"uid": "628339039", "content": "＼佑子／＼佑子／＼佑子／＼佑子／"}, {"uid": "628379220", "content": "＼佑子／＼佑子／＼佑子／＼佑子／"}, {"uid": "7658855", "content": "＼佑子／＼佑子／＼佑子／＼佑子／"}, {"uid": "628119262", "content": "\\佑子/\\佑子/\\佑子/\\佑子/"}, {"uid": "265959", "content": "＼佑子／＼佑子／＼佑子／＼佑子／"}, {"uid": "1249628350", "content": "＼佑子／＼佑子／＼佑子／＼佑子／"}, {"uid": "1309696", "content": "\\佑子/\\佑子/\\佑子/\\佑子/\\佑子/"}, {"uid": "7658855", "content": "＼佑子／＼佑子／＼佑子／＼佑子／"}, {"uid": "265959", "content": "＼佑子／＼佑子／＼佑子／＼佑子／"}, {"uid": "1309696", "content": "\\佑子/\\佑子/\\佑子/\\佑子/\\佑子/"}, {"uid": "628379220", "content": "＼佑子／＼佑子／＼佑子／＼佑子／"}, {"uid": "7658855", "content": "＼佑子／＼佑子／＼佑子／＼佑子／"}, {"uid": "628339039", "content": "＼佑子／＼佑子／＼佑子／＼佑子／"}, {"uid": "548593", "content": "＼佑子／＼佑子／＼佑子／＼佑子／"}, {"uid": "628379220", "content": "＼佑子／＼佑子／＼佑子／＼佑子／"}, {"uid": "1309696", "content": "\\佑子/\\佑子/\\佑子/\\佑子/\\佑子/"}, {"uid": "615353", "content": "＼佑子／＼佑子／＼佑子／＼佑子／"}, {"uid": "265959", "content": "＼佑子／＼佑子／＼佑子／＼佑子／"}, {"uid": "1541289", "content": "\\佑子/\\佑子/\\佑子/\\佑子/\\佑子/"}, {"uid": "326439212", "content": "\\佑子/\\佑子/\\佑子/\\佑子/\\佑子/"}, {"uid": "628379220", "content": "＼佑子／＼佑子／＼佑子／＼佑子／"}, {"uid": "7658855", "content": "＼佑子／＼佑子／＼佑子／＼佑子／"}, {"uid": "628339039", "content": "＼佑子／＼佑子／＼佑子／＼佑子／"}, {"uid": "265959", "content": "＼佑子／＼佑子／＼佑子／＼佑子／"}, {"uid": "628379220", "content": "＼佑子／＼佑子／＼佑子／＼佑子／"}, {"uid": "7658855", "content": "＼佑子／＼佑子／＼佑子／＼佑子／"}, {"uid": "1309696", "content": "\\佑子/\\佑子/\\佑子/\\佑子/\\佑子/"}, {"uid": "265959", "content": "＼佑子／＼佑子／＼佑子／＼佑子／"}, {"uid": "326439212", "content": "\\佑子/\\佑子/\\佑子/\\佑子/\\佑子/"}, {"uid": "628379220", "content": "＼佑子／＼佑子／＼佑子／＼佑子／"}, {"uid": "7658855", "content": "＼佑子／＼佑子／＼佑子／＼佑子／"}, {"uid": "628339039", "content": "＼佑子／＼佑子／＼佑子／＼佑子／"}, {"uid": "265959", "content": "＼佑子／＼佑子／＼佑子／＼佑子／"}, {"uid": "2263935", "content": "＼佑子／＼佑子／＼佑子／＼佑子／"}, {"uid": "1309696", "content": "\\佑子/\\佑子/\\佑子/\\佑子/\\佑子/"}, {"uid": "265959", "content": "＼佑子／＼佑子／＼佑子／＼佑子／"}, {"uid": "628339039", "content": "＼佑子／＼佑子／＼佑子／＼佑子／"}, {"uid": "628119262", "content": "\\佑子/\\佑子/\\佑子/\\佑子/"}, {"uid": "628112001", "content": "\\佑子/\\佑子/\\佑子/\\佑子/\\佑子/"}, {"uid": "20036", "content": "＼佑子／＼佑子／＼佑子／＼佑子／"}, {"uid": "628379220", "content": "＼佑子／＼佑子／＼佑子／＼佑子／"}, {"uid": "7658855", "content": "＼佑子／＼佑子／＼佑子／＼佑子／"}, {"uid": "7658855", "content": "＼佑子／＼佑子／＼佑子／＼佑子／"}, {"uid": "326439212", "content": "\\佑子/\\佑子/\\佑子/\\佑子/\\佑子/"}, {"uid": "628119262", "content": "\\佑子/\\佑子/\\佑子/\\佑子/"}, {"uid": "265959", "content": "＼佑子／＼佑子／＼佑子／＼佑子／"}, {"uid": "628379220", "content": "＼佑子／＼佑子／＼佑子／＼佑子／"}, {"uid": "628379220", "content": "＼佑子／＼佑子／＼佑子／＼佑子／"}, {"uid": "628379220", "content": "＼佑子／＼佑子／＼佑子／＼佑子／"}, {"uid": "326439212", "content": "\\佑子/\\佑子/\\佑子/\\佑子/\\佑子/"}, {"uid": "7658855", "content": "＼佑子／＼佑子／＼佑子／＼佑子／"}, {"uid": "2263935", "content": "＼佑子／＼佑子／＼佑子／＼佑子／"}, {"uid": "628119262", "content": "\\佑子/\\佑子/\\佑子/\\佑子/"}, {"uid": "265959", "content": "＼佑子／＼佑子／＼佑子／＼佑子／"}, {"uid": "1309696", "content": "\\佑子/\\佑子/\\佑子/\\佑子/\\佑子/"}, {"uid": "628339039", "content": "＼佑子／＼佑子／＼佑子／＼佑子／"}, {"uid": "628112001", "content": "\\佑子/\\佑子/\\佑子/\\佑子/\\佑子/"}, {"uid": "188931", "content": "＼佑子／＼佑子／＼佑子／＼佑子／"}, {"uid": "7658855", "content": "＼佑子／＼佑子／＼佑子／＼佑子／"}, {"uid": "628379220", "content": "＼佑子／＼佑子／＼佑子／＼佑子／"}, {"uid": "326439212", "content": "\\佑子/\\佑子/\\佑子/\\佑子/\\佑子/"}, {"uid": "7658855", "content": "＼佑子／＼佑子／＼佑子／＼佑子／"}, {"uid": "265959", "content": "＼佑子／＼佑子／＼佑子／＼佑子／"}, {"uid": "2263935", "content": "＼佑子／＼佑子／＼佑子／＼佑子／"}, {"uid": "628379220", "content": "＼佑子／＼佑子／＼佑子／＼佑子／"}, {"uid": "628119262", "content": "\\佑子/\\佑子/\\佑子/\\佑子/"}, {"uid": "2263935", "content": "＼佑子／＼佑子／＼佑子／＼佑子／"}, {"uid": "265959", "content": "＼佑子／＼佑子／＼佑子／＼佑子／"}, {"uid": "1309696", "content": "\\佑子/\\佑子/\\佑子/\\佑子/\\佑子/"}, {"uid": "7658855", "content": "＼佑子／＼佑子／＼佑子／＼佑子／"}, {"uid": "628119262", "content": "\\佑子/\\佑子/\\佑子/\\佑子/"}, {"uid": "628379220", "content": "＼佑子／＼佑子／＼佑子／＼佑子／"}, {"uid": "1249628350", "content": "＼佑子／＼佑子／＼佑子／＼佑子／"}, {"uid": "326439212", "content": "\\佑子/\\佑子/\\佑子/\\佑子/\\佑子/"}, {"uid": "4270844", "content": "＼佑子／＼佑子／＼佑子／＼佑子／"}, {"uid": "7658855", "content": "＼佑子／＼佑子／＼佑子／＼佑子／"}, {"uid": "265959", "content": "＼佑子／＼佑子／＼佑子／＼佑子／"}, {"uid": "35419878", "content": "\\佑子/\\佑子/\\佑子/\\佑子/\\佑子/"}, {"uid": "7658855", "content": "＼佑子／＼佑子／＼佑子／＼佑子／"}, {"uid": "628339039", "content": "＼佑子／＼佑子／＼佑子／＼佑子／"}, {"uid": "628119262", "content": "\\佑子/\\佑子/\\佑子/\\佑子/"}, {"uid": "628379220", "content": "＼佑子／＼佑子／＼佑子／＼佑子／"}, {"uid": "628119262", "content": "\\佑子/\\佑子/\\佑子/\\佑子/"}, {"uid": "24412020", "content": "\\佑子/\\佑子/\\佑子/\\佑子/\\佑子/\\佑子/"}, {"uid": "326439212", "content": "\\佑子/\\佑子/\\佑子/\\佑子/\\佑子/"}, {"uid": "7658855", "content": "\\佑子/\\佑子/\\佑子/\\佑子/\\佑子/"}, {"uid": "24412020", "content": "\\佑子/\\佑子/\\佑子/\\佑子/\\佑子/\\佑子/"}, {"uid": "628339039", "content": "＼佑子／＼佑子／＼佑子／＼佑子／"}, {"uid": "1249628350", "content": "＼佑子／＼佑子／＼佑子／＼佑子／"}, {"uid": "628379220", "content": "＼佑子／＼佑子／＼佑子／＼佑子／"}, {"uid": "24412020", "content": "\\佑子/\\佑子/\\佑子/\\佑子/\\佑子/\\佑子/"}, {"uid": "1309696", "content": "\\佑子/\\佑子/\\佑子/\\佑子/\\佑子/"}, {"uid": "24412020", "content": "\\佑子/\\佑子/\\佑子/\\佑子/\\佑子/\\佑子/"}, {"uid": "7658855", "content": "\\佑子/\\佑子/\\佑子/\\佑子/\\佑子/"}, {"uid": "628379220", "content": "＼佑子／＼佑子／＼佑子／＼佑子／"}, {"uid": "265959", "content": "\\佑子/\\佑子/\\佑子/\\佑子/\\佑子/"}, {"uid": "326439212", "content": "\\佑子/\\佑子/\\佑子/\\佑子/\\佑子/"}, {"uid": "7658855", "content": "\\佑子/\\佑子/\\佑子/\\佑子/\\佑子/"}, {"uid": "24412020", "content": "\\佑子/\\佑子/\\佑子/\\佑子/\\佑子/\\佑子/"}, {"uid": "628339039", "content": "＼佑子／＼佑子／＼佑子／＼佑子／"}, {"uid": "628119262", "content": "\\佑子/\\佑子/\\佑子/\\佑子/"}, {"uid": "24412020", "content": "\\佑子/\\佑子/\\佑子/\\佑子/\\佑子/\\佑子/"}, {"uid": "628379220", "content": "＼佑子／＼佑子／＼佑子／＼佑子／"}, {"uid": "24412020", "content": "\\佑子/\\佑子/\\佑子/\\佑子/\\佑子/\\佑子/"}, {"uid": "7658855", "content": "\\佑子/\\佑子/\\佑子/\\佑子/\\佑子/"}, {"uid": "3509963", "content": "\\佑子/\\佑子/\\佑子/\\佑子/\\佑子/"}, {"uid": "1309696", "content": "\\佑子/\\佑子/\\佑子/\\佑子/\\佑子/"}, {"uid": "24412020", "content": "\\佑子/\\佑子/\\佑子/\\佑子/\\佑子/\\佑子/"}, {"uid": "1249628350", "content": "＼佑子／＼佑子／＼佑子／＼佑子／"}, {"uid": "7658855", "content": "\\佑子/\\佑子/\\佑子/\\佑子/\\佑子/"}, {"uid": "326439212", "content": "\\佑子/\\佑子/\\佑子/\\佑子/\\佑子/"}, {"uid": "628339039", "content": "＼佑子／＼佑子／＼佑子／＼佑子／"}, {"uid": "628379220", "content": "＼佑子／＼佑子／＼佑子／＼佑子／"}, {"uid": "24412020", "content": "\\筷子/\\筷子/\\筷子/\\筷子/\\筷子/\\筷子/"}, {"uid": "265959", "content": "＼佑子／＼佑子／＼佑子／＼佑子／"}, {"uid": "628379220", "content": "＼佑子／＼佑子／＼佑子／＼佑子／"}, {"uid": "628339039", "content": "＼佑子／＼佑子／＼佑子／＼佑子／"}, {"uid": "1249628350", "content": "＼佑子／＼佑子／＼佑子／＼佑子／"}, {"uid": "265959", "content": "\\佑子/\\佑子/\\佑子/\\佑子/\\佑子/"}, {"uid": "628112001", "content": "\\佑子/\\佑子/\\佑子/\\佑子/\\佑子/"}, {"uid": "7658855", "content": "\\佑子/\\佑子/\\佑子/\\佑子/\\佑子/"}, {"uid": "24412020", "content": "\\筷子/\\筷子/\\筷子/\\筷子/\\筷子/\\筷子/\\筷子/\\筷"}, {"uid": "1309696", "content": "\\佑子/\\佑子/\\佑子/\\佑子/\\佑子/"}, {"uid": "24412020", "content": "\\佑子/\\佑子/\\佑子/\\佑子/\\佑子/"}, {"uid": "1249628350", "content": "＼佑子／＼佑子／＼佑子／＼佑子／"}, {"uid": "24412020", "content": "\\佑子/\\佑子/\\佑子/\\佑子/\\佑子/"}, {"uid": "94128501", "content": "\\佑子/\\佑子/\\佑子/\\佑子/\\佑子/"}, {"uid": "265959", "content": "\\佑子/\\佑子/\\佑子/\\佑子/\\佑子/"}, {"uid": "628379220", "content": "＼佑子／＼佑子／＼佑子／＼佑子／"}, {"uid": "326439212", "content": "\\佑子/\\佑子/\\佑子/\\佑子/\\佑子/"}, {"uid": "7658855", "content": "\\佑子/\\佑子/\\佑子/\\佑子/\\佑子/"}, {"uid": "265959", "content": "\\佑子/\\佑子/\\佑子/\\佑子/\\佑子/"}, {"uid": "7658855", "content": "\\佑子/\\佑子/\\佑子/\\佑子/\\佑子/"}, {"uid": "628379220", "content": "＼佑子／＼佑子／＼佑子／＼佑子／"}, {"uid": "265959", "content": "\\佑子/\\佑子/\\佑子/\\佑子/\\佑子/"}, {"uid": "1309696", "content": "\\佑子/\\佑子/\\佑子/\\佑子/\\佑子/"}, {"uid": "628339039", "content": "＼佑子／＼佑子／＼佑子／＼佑子／"}, {"uid": "7658855", "content": "\\佑子/\\佑子/\\佑子/\\佑子/\\佑子/"}, {"uid": "188931", "content": "＼佑子／＼佑子／＼佑子／＼佑子／"}, {"uid": "7658855", "content": "\\佑子/\\佑子/\\佑子/\\佑子/\\佑子/"}, {"uid": "628379220", "content": "＼佑子／＼佑子／＼佑子／＼佑子／"}, {"uid": "265959", "content": "＼佑子／＼佑子／＼佑子／＼佑子／"}, {"uid": "628379220", "content": "＼佑子／＼佑子／＼佑子／＼佑子／"}, {"uid": "628339039", "content": "＼佑子／＼佑子／＼佑子／＼佑子／"}, {"uid": "265959", "content": "\\佑子/\\佑子/\\佑子/\\佑子/\\佑子/"}, {"uid": "326439212", "content": "\\佑子/\\佑子/\\佑子/\\佑子/\\佑子/"}, {"uid": "628379220", "content": "＼佑子／＼佑子／＼佑子／＼佑子／"}, {"uid": "7658855", "content": "\\佑子/\\佑子/\\佑子/\\佑子/\\佑子/"}, {"uid": "1309696", "content": "\\佑子/\\佑子/\\佑子/\\佑子/\\佑子/"}, {"uid": "265959", "content": "＼佑子／＼佑子／＼佑子／＼佑子／"}, {"uid": "628379220", "content": "＼佑子／＼佑子／＼佑子／＼佑子／"}, {"uid": "628339039", "content": "＼佑子／＼佑子／＼佑子／＼佑子／"}, {"uid": "7658855", "content": "\\佑子/\\佑子/\\佑子/\\佑子/\\佑子/"}, {"uid": "326439212", "content": "\\佑子/\\佑子/\\佑子/\\佑子/\\佑子/"}, {"uid": "265959", "content": "＼佑子／＼佑子／＼佑子／＼佑子／"}, {"uid": "628379220", "content": "＼佑子／＼佑子／＼佑子／＼佑子／"}, {"uid": "7658855", "content": "\\佑子/\\佑子/\\佑子/\\佑子/\\佑子/"}, {"uid": "628339039", "content": "＼佑子／＼佑子／＼佑子／＼佑子／"}, {"uid": "628379220", "content": "＼佑子／＼佑子／＼佑子／＼佑子／"}, {"uid": "1309696", "content": "\\佑子/\\佑子/\\佑子/\\佑子/\\佑子/"}, {"uid": "7658855", "content": "\\佑子/\\佑子/\\佑子/\\佑子/\\佑子/"}, {"uid": "1249628350", "content": "＼佑子／＼佑子／＼佑子／＼佑子／"}, {"uid": "7658855", "content": "\\佑子/\\佑子/\\佑子/\\佑子/\\佑子/"}, {"uid": "326439212", "content": "\\佑子/\\佑子/\\佑子/\\佑子/\\佑子/"}, {"uid": "628339039", "content": "＼佑子／＼佑子／＼佑子／＼佑子／"}, {"uid": "1249628350", "content": "＼佑子／＼佑子／＼佑子／＼佑子／"}, {"uid": "7658855", "content": "\\佑子/\\佑子/\\佑子/\\佑子/\\佑子/"}, {"uid": "628379220", "content": "＼佑子／＼佑子／＼佑子／＼佑子／"}, {"uid": "265959", "content": "＼佑子／＼佑子／＼佑子／＼佑子／"}, {"uid": "265959", "content": "＼佑子／＼佑子／＼佑子／＼佑子／"}, {"uid": "7658855", "content": "\\佑子/\\佑子/\\佑子/\\佑子/\\佑子/"}, {"uid": "628379220", "content": "＼佑子／＼佑子／＼佑子／＼佑子／"}, {"uid": "7658855", "content": "\\佑子/\\佑子/\\佑子/\\佑子/\\佑子/"}, {"uid": "326439212", "content": "\\佑子/\\佑子/\\佑子/\\佑子/\\佑子/"}, {"uid": "628339039", "content": "＼佑子／＼佑子／＼佑子／＼佑子／"}, {"uid": "1309696", "content": "\\佑子/\\佑子/\\佑子/\\佑子/\\佑子/"}, {"uid": "628379220", "content": "＼佑子／＼佑子／＼佑子／＼佑子／"}, {"uid": "7658855", "content": "\\佑子/\\佑子/\\佑子/\\佑子/\\佑子/"}, {"uid": "265959", "content": "＼佑子／＼佑子／＼佑子／＼佑子／"}, {"uid": "628339039", "content": "＼佑子／＼佑子／＼佑子／＼佑子／"}, {"uid": "17988864", "content": "\\佑子/\\佑子/\\佑子/\\佑子/\\佑子/"}, {"uid": "7658855", "content": "\\佑子/\\佑子/\\佑子/\\佑子/\\佑子/"}, {"uid": "1249628350", "content": "＼佑子／＼佑子／＼佑子／＼佑子／"}, {"uid": "628112001", "content": "\\佑子/\\佑子/\\佑子/\\佑子/\\佑子/"}, {"uid": "628379220", "content": "＼佑子／＼佑子／＼佑子／＼佑子／"}, {"uid": "326439212", "content": "\\佑子/\\佑子/\\佑子/\\佑子/\\佑子/"}, {"uid": "265959", "content": "＼佑子／＼佑子／＼佑子／＼佑子／"}, {"uid": "628379220", "content": "＼佑子／＼佑子／＼佑子／＼佑子／"}, {"uid": "1541289", "content": "\\佑子/\\佑子/\\佑子/\\佑子/\\佑子/"}, {"uid": "1309696", "content": "\\佑子/\\佑子/\\佑子/\\佑子/\\佑子/"}, {"uid": "7658855", "content": "\\佑子/\\佑子/\\佑子/\\佑子/\\佑子/"}, {"uid": "265959", "content": "＼佑子／＼佑子／＼佑子／＼佑子／"}, {"uid": "628379220", "content": "＼佑子／＼佑子／＼佑子／＼佑子／"}, {"uid": "7658855", "content": "\\佑子/\\佑子/\\佑子/\\佑子/\\佑子/"}, {"uid": "326439212", "content": "\\佑子/\\佑子/\\佑子/\\佑子/\\佑子/"}, {"uid": "1309696", "content": "\\佑子/\\佑子/\\佑子/\\佑子/\\佑子/"}, {"uid": "122134", "content": "\\佑子/\\佑子/\\佑子/\\佑子/\\佑子/"}, {"uid": "628379220", "content": "＼佑子／＼佑子／＼佑子／＼佑子／"}, {"uid": "265959", "content": "\\佑子/\\佑子/\\佑子/\\佑子/\\佑子/"}, {"uid": "265959", "content": "＼佑子／＼佑子／＼佑子／＼佑子／"}, {"uid": "628379220", "content": "＼佑子／＼佑子／＼佑子／＼佑子／"}, {"uid": "188931", "content": "＼佑子／＼佑子／＼佑子／＼佑子／"}, {"uid": "7658855", "content": "\\佑子/\\佑子/\\佑子/\\佑子/\\佑子/"}, {"uid": "628339039", "content": "＼佑子／＼佑子／＼佑子／＼佑子／"}, {"uid": "326439212", "content": "\\佑子/\\佑子/\\佑子/\\佑子/\\佑子/"}, {"uid": "7658855", "content": "\\佑子/\\佑子/\\佑子/\\佑子/\\佑子/"}, {"uid": "1249628350", "content": "＼佑子／＼佑子／＼佑子／＼佑子／"}, {"uid": "265959", "content": "＼佑子／＼佑子／＼佑子／＼佑子／"}, {"uid": "628379220", "content": "＼佑子／＼佑子／＼佑子／＼佑子／"}, {"uid": "7658855", "content": "\\佑子/\\佑子/\\佑子/\\佑子/\\佑子/"}, {"uid": "1249628350", "content": "＼佑子／＼佑子／＼佑子／＼佑子／"}, {"uid": "326439212", "content": "\\佑子/\\佑子/\\佑子/\\佑子/\\佑子/"}, {"uid": "1309696", "content": "\\佑子/\\佑子/\\佑子/\\佑子/\\佑子/"}, {"uid": "628379220", "content": "＼佑子／＼佑子／＼佑子／＼佑子／"}, {"uid": "628339039", "content": "＼佑子／＼佑子／＼佑子／＼佑子／"}, {"uid": "7658855", "content": "\\佑子/\\佑子/\\佑子/\\佑子/\\佑子/"}, {"uid": "265959", "content": "\\佑子/\\佑子/\\佑子/\\佑子/\\佑子/"}, {"uid": "628379220", "content": "＼佑子／＼佑子／＼佑子／＼佑子／"}, {"uid": "7658855", "content": "\\佑子/\\佑子/\\佑子/\\佑子/\\佑子/"}, {"uid": "265959", "content": "\\佑子/\\佑子/\\佑子/\\佑子/\\佑子/"}, {"uid": "628379220", "content": "＼佑子／＼佑子／＼佑子／＼佑子／"}, {"uid": "628339039", "content": "＼佑子／＼佑子／＼佑子／＼佑子／"}, {"uid": "326439212", "content": "\\佑子/\\佑子/\\佑子/\\佑子/\\佑子/"}, {"uid": "7658855", "content": "\\佑子/\\佑子/\\佑子/\\佑子/\\佑子/"}, {"uid": "1249628350", "content": "＼佑子／＼佑子／＼佑子／＼佑子／"}, {"uid": "265959", "content": "\\佑子/\\佑子/\\佑子/\\佑子/\\佑子/"}, {"uid": "7658855", "content": "\\佑子/\\佑子/\\佑子/\\佑子/\\佑子/"}, {"uid": "628339039", "content": "＼佑子／＼佑子／＼佑子／＼佑子／"}, {"uid": "628379220", "content": "＼佑子／＼佑子／＼佑子／＼佑子／"}, {"uid": "35419878", "content": "\\佑子/\\佑子/\\佑子/\\佑子/\\佑子/"}, {"uid": "7658855", "content": "\\佑子/\\佑子/\\佑子/\\佑子/\\佑子/"}, {"uid": "1249628350", "content": "＼佑子／＼佑子／＼佑子／＼佑子／"}, {"uid": "628379220", "content": "＼佑子／＼佑子／＼佑子／＼佑子／"}, {"uid": "7658855", "content": "\\佑子/\\佑子/\\佑子/\\佑子/\\佑子/"}, {"uid": "326439212", "content": "\\佑子/\\佑子/\\佑子/\\佑子/\\佑子/"}, {"uid": "7658855", "content": "\\佑子/\\佑子/\\佑子/\\佑子/\\佑子/"}, {"uid": "628339039", "content": "＼佑子／＼佑子／＼佑子／＼佑子／"}, {"uid": "628379220", "content": "＼佑子／＼佑子／＼佑子／＼佑子／"}, {"uid": "265959", "content": "\\佑子/\\佑子/\\佑子/\\佑子/\\佑子/"}, {"uid": "1309696", "content": "\\佑子/\\佑子/\\佑子/\\佑子/\\佑子/"}, {"uid": "326439212", "content": "\\佑子/\\佑子/\\佑子/\\佑子/\\佑子/"}, {"uid": "628379220", "content": "＼佑子／＼佑子／＼佑子／＼佑子／"}, {"uid": "2205854", "content": "\\佑子/\\佑子/\\佑子/\\佑子/\\佑子/"}, {"uid": "628339039", "content": "＼佑子／＼佑子／＼佑子／＼佑子／"}, {"uid": "7658855", "content": "\\佑子/\\佑子/\\佑子/\\佑子/\\佑子/"}, {"uid": "628112001", "content": "\\佑子/\\佑子/\\佑子/\\佑子/\\佑子/"}, {"uid": "265959", "content": "＼佑子／＼佑子／＼佑子／＼佑子／"}, {"uid": "1249628350", "content": "＼佑子／＼佑子／＼佑子／＼佑子／"}, {"uid": "628339039", "content": "＼佑子／＼佑子／＼佑子／＼佑子／"}, {"uid": "326439212", "content": "\\佑子/\\佑子/\\佑子/\\佑子/\\佑子/"}, {"uid": "628379220", "content": "＼佑子／＼佑子／＼佑子／＼佑子／"}, {"uid": "7658855", "content": "\\佑子/\\佑子/\\佑子/\\佑子/\\佑子/"}, {"uid": "265959", "content": "\\佑子/\\佑子/\\佑子/\\佑子/\\佑子/"}, {"uid": "1309696", "content": "\\佑子/\\佑子/\\佑子/\\佑子/\\佑子/"}, {"uid": "7658855", "content": "\\佑子/\\佑子/\\佑子/\\佑子/\\佑子/"}, {"uid": "326439212", "content": "\\佑子/\\佑子/\\佑子/\\佑子/\\佑子/"}, {"uid": "628339039", "content": "＼佑子／＼佑子／＼佑子／＼佑子／"}, {"uid": "628112001", "content": "\\佑子/\\佑子/\\佑子/\\佑子/\\佑子/"}, {"uid": "628379220", "content": "＼佑子／＼佑子／＼佑子／＼佑子／"}, {"uid": "1249628350", "content": "＼佑子／＼佑子／＼佑子／＼佑子／"}, {"uid": "7658855", "content": "\\佑子/\\佑子/\\佑子/\\佑子/\\佑子/"}, {"uid": "326439212", "content": "\\佑子/\\佑子/\\佑子/\\佑子/\\佑子/"}, {"uid": "548593", "content": "＼佑子／＼佑子／＼佑子／＼佑子／"}, {"uid": "628379220", "content": "＼佑子／＼佑子／＼佑子／＼佑子／"}, {"uid": "35419878", "content": "\\佑子/\\佑子/\\佑子/\\佑子/\\佑子/"}, {"uid": "7658855", "content": "\\佑子/\\佑子/\\佑子/\\佑子/\\佑子/"}, {"uid": "628339039", "content": "＼佑子／＼佑子／＼佑子／＼佑子／"}, {"uid": "24412020", "content": "\\佑子/\\佑子/\\佑子/\\佑子/\\佑子/\\佑子/\\佑子/"}, {"uid": "1309696", "content": "\\佑子/\\佑子/\\佑子/\\佑子/\\佑子/"}, {"uid": "7658855", "content": "\\佑子/\\佑子/\\佑子/\\佑子/\\佑子/"}, {"uid": "188931", "content": "＼佑子／＼佑子／＼佑子／＼佑子／"}, {"uid": "326439212", "content": "\\佑子/\\佑子/\\佑子/\\佑子/\\佑子/"}, {"uid": "7658855", "content": "\\佑子/\\佑子/\\佑子/\\佑子/\\佑子/"}, {"uid": "628379220", "content": "＼佑子／＼佑子／＼佑子／＼佑子／"}, {"uid": "628379220", "content": "＼佑子／＼佑子／＼佑子／＼佑子／"}, {"uid": "265959", "content": "\\佑子/\\佑子/\\佑子/\\佑子/\\佑子/"}, {"uid": "7658855", "content": "\\佑子/\\佑子/\\佑子/\\佑子/\\佑子/"}, {"uid": "1309696", "content": "\\佑子/\\佑子/\\佑子/\\佑子/\\佑子/"}, {"uid": "628339039", "content": "＼佑子／＼佑子／＼佑子／＼佑子／"}, {"uid": "265959", "content": "\\佑子/\\佑子/\\佑子/\\佑子/\\佑子/"}, {"uid": "628379220", "content": "＼佑子／＼佑子／＼佑子／＼佑子／"}, {"uid": "7658855", "content": "\\佑子/\\佑子/\\佑子/\\佑子/\\佑子/"}, {"uid": "188931", "content": "＼佑子／＼佑子／＼佑子／＼佑子／"}, {"uid": "1249628350", "content": "＼佑子／＼佑子／＼佑子／＼佑子／"}, {"uid": "1309696", "content": "\\佑子/\\佑子/\\佑子/\\佑子/\\佑子/"}, {"uid": "7658855", "content": "\\佑子/\\佑子/\\佑子/\\佑子/\\佑子/"}, {"uid": "628339039", "content": "＼佑子／＼佑子／＼佑子／＼佑子／"}, {"uid": "7658855", "content": "\\佑子/\\佑子/\\佑子/\\佑子/\\佑子/"}, {"uid": "628379220", "content": "＼佑子／＼佑子／＼佑子／＼佑子／"}, {"uid": "265959", "content": "\\佑子/\\佑子/\\佑子/\\佑子/\\佑子/"}, {"uid": "7658855", "content": "\\佑子/\\佑子/\\佑子/\\佑子/\\佑子/"}, {"uid": "326439212", "content": "\\佑子/\\佑子/\\佑子/\\佑子/\\佑子/"}, {"uid": "1309696", "content": "\\佑子/\\佑子/\\佑子/\\佑子/\\佑子/"}, {"uid": "628379220", "content": "＼佑子／＼佑子／＼佑子／＼佑子／"}, {"uid": "628112001", "content": "\\佑子/\\佑子/\\佑子/\\佑子/\\佑子/"}, {"uid": "265959", "content": "\\佑子/\\佑子/\\佑子/\\佑子/\\佑子/"}, {"uid": "35419878", "content": "\\佑子/\\佑子/\\佑子/\\佑子/\\佑子/"}, {"uid": "7658855", "content": "\\佑子/\\佑子/\\佑子/\\佑子/\\佑子/"}, {"uid": "7658855", "content": "\\佑子/\\佑子/\\佑子/\\佑子/\\佑子/"}, {"uid": "1309696", "content": "\\佑子/\\佑子/\\佑子/\\佑子/\\佑子/"}, {"uid": "628379220", "content": "＼佑子／＼佑子／＼佑子／＼佑子／"}, {"uid": "265959", "content": "\\佑子/\\佑子/\\佑子/\\佑子/\\佑子/"}, {"uid": "7658855", "content": "\\佑子/\\佑子/\\佑子/\\佑子/\\佑子/"}, {"uid": "628379220", "content": "＼佑子／＼佑子／＼佑子／＼佑子／"}, {"uid": "1309696", "content": "\\佑子/\\佑子/\\佑子/\\佑子/\\佑子/"}, {"uid": "35419878", "content": "\\佑子/\\佑子/\\佑子/\\佑子/\\佑子/"}, {"uid": "326439212", "content": "\\佑子/\\佑子/\\佑子/\\佑子/\\佑子/"}, {"uid": "628379220", "content": "＼佑子／＼佑子／＼佑子／＼佑子／"}, {"uid": "628339039", "content": "＼佑子／＼佑子／＼佑子／＼佑子／"}, {"uid": "7658855", "content": "\\佑子/\\佑子/\\佑子/\\佑子/\\佑子/"}, {"uid": "265959", "content": "＼佑子／＼佑子／＼佑子／＼佑子／"}, {"uid": "7658855", "content": "\\佑子/\\佑子/\\佑子/\\佑子/\\佑子/"}, {"uid": "7658855", "content": "\\佑子/\\佑子/\\佑子/\\佑子/\\佑子/"}, {"uid": "628379220", "content": "＼佑子／＼佑子／＼佑子／＼佑子／"}, {"uid": "265959", "content": "＼佑子／＼佑子／＼佑子／＼佑子／"}, {"uid": "7658855", "content": "\\佑子/\\佑子/\\佑子/\\佑子/\\佑子/"}, {"uid": "307315372", "content": "\\佑子/\\佑子/\\佑子/\\佑子/\\佑子/"}, {"uid": "628112001", "content": "\\佑子/\\佑子/\\佑子/\\佑子/\\佑子/"}, {"uid": "628379220", "content": "＼佑子／＼佑子／＼佑子／＼佑子／"}, {"uid": "7658855", "content": "\\佑子/\\佑子/\\佑子/\\佑子/\\佑子/"}, {"uid": "265959", "content": "＼佑子／＼佑子／＼佑子／＼佑子／"}, {"uid": "1309696", "content": "\\佑子/\\佑子/\\佑子/\\佑子/\\佑子/"}, {"uid": "628339039", "content": "＼佑子／＼佑子／＼佑子／＼佑子／"}, {"uid": "326439212", "content": "\\佑子/\\佑子/\\佑子/\\佑子/\\佑子/"}, {"uid": "7658855", "content": "\\佑子/\\佑子/\\佑子/\\佑子/\\佑子/"}, {"uid": "628379220", "content": "＼佑子／＼佑子／＼佑子／＼佑子／"}, {"uid": "265959", "content": "＼佑子／＼佑子／＼佑子／＼佑子／"}, {"uid": "265959", "content": "＼佑子／＼佑子／＼佑子／＼佑子／"}, {"uid": "35419878", "content": "\\佑子/\\佑子/\\佑子/\\佑子/\\佑子/"}, {"uid": "628379220", "content": "＼佑子／＼佑子／＼佑子／＼佑子／"}, {"uid": "628339039", "content": "＼佑子／＼佑子／＼佑子／＼佑子／"}, {"uid": "7658855", "content": "\\佑子/\\佑子/\\佑子/\\佑子/\\佑子/"}, {"uid": "7658855", "content": "\\佑子/\\佑子/\\佑子/\\佑子/\\佑子/"}, {"uid": "7658855", "content": "\\佑子/\\佑子/\\佑子/\\佑子/\\佑子/"}, {"uid": "628379220", "content": "＼佑子／＼佑子／＼佑子／＼佑子／"}, {"uid": "9826153", "content": "＼佑子／＼佑子／＼佑子／＼佑子／"}, {"uid": "628339039", "content": "＼佑子／＼佑子／＼佑子／＼佑子／"}, {"uid": "7658855", "content": "\\佑子/\\佑子/\\佑子/\\佑子/\\佑子/"}, {"uid": "326439212", "content": "\\佑子/\\佑子/\\佑子/\\佑子/\\佑子/"}, {"uid": "1309696", "content": "\\佑子/\\佑子/\\佑子/\\佑子/\\佑子/"}, {"uid": "628379220", "content": "＼佑子／＼佑子／＼佑子／＼佑子／"}, {"uid": "48559", "content": "\\佑子/\\佑子/\\佑子/\\佑子/\\佑子/"}, {"uid": "7658855", "content": "\\佑子/\\佑子/\\佑子/\\佑子/\\佑子/"}, {"uid": "628339039", "content": "＼佑子／＼佑子／＼佑子／＼佑子／"}, {"uid": "628112001", "content": "\\佑子/\\佑子/\\佑子/\\佑子/\\佑子/"}, {"uid": "265959", "content": "\\佑子/\\佑子/\\佑子/\\佑子/\\佑子/"}, {"uid": "326439212", "content": "\\佑子/\\佑子/\\佑子/\\佑子/\\佑子/"}, {"uid": "1309696", "content": "\\佑子/\\佑子/\\佑子/\\佑子/\\佑子/"}, {"uid": "628379220", "content": "＼佑子／＼佑子／＼佑子／＼佑子／"}, {"uid": "7658855", "content": "\\佑子/\\佑子/\\佑子/\\佑子/\\佑子/"}, {"uid": "265959", "content": "＼佑子／＼佑子／＼佑子／＼佑子／"}, {"uid": "1866299626", "content": "\\佑子/\\佑子/\\佑子/\\佑子/\\佑子/"}, {"uid": "326439212", "content": "\\佑子/\\佑子/\\佑子/\\佑子/\\佑子/"}, {"uid": "628339039", "content": "＼佑子／＼佑子／＼佑子／＼佑子／"}, {"uid": "1309696", "content": "\\佑子/\\佑子/\\佑子/\\佑子/\\佑子/"}, {"uid": "628379220", "content": "＼佑子／＼佑子／＼佑子／＼佑子／"}, {"uid": "7658855", "content": "\\佑子/\\佑子/\\佑子/\\佑子/\\佑子/"}, {"uid": "265959", "content": "\\佑子/\\佑子/\\佑子/\\佑子/\\佑子/"}, {"uid": "2205854", "content": "\\佑子/\\佑子/\\佑子/\\佑子/\\佑子/"}, {"uid": "1866299626", "content": "\\佑子/\\佑子/\\佑子/\\佑子/\\佑子/"}, {"uid": "628112001", "content": "\\佑子/\\佑子/\\佑子/\\佑子/\\佑子/"}, {"uid": "7658855", "content": "\\佑子/\\佑子/\\佑子/\\佑子/\\佑子/"}, {"uid": "628379220", "content": "＼佑子／＼佑子／＼佑子／＼佑子／"}, {"uid": "1309696", "content": "\\佑子/\\佑子/\\佑子/\\佑子/\\佑子/"}, {"uid": "9826153", "content": "＼佑子／＼佑子／＼佑子／＼佑子／"}, {"uid": "2205854", "content": "\\佑子/\\佑子/\\佑子/\\佑子/\\佑子/"}, {"uid": "628339039", "content": "＼佑子／＼佑子／＼佑子／＼佑子／"}, {"uid": "7658855", "content": "\\佑子/\\佑子/\\佑子/\\佑子/\\佑子/"}, {"uid": "7658855", "content": "\\佑子/\\佑子/\\佑子/\\佑子/\\佑子/"}, {"uid": "628379220", "content": "＼佑子／＼佑子／＼佑子／＼佑子／"}, {"uid": "265959", "content": "\\佑子/\\佑子/\\佑子/\\佑子/\\佑子/"}, {"uid": "2205854", "content": "\\佑子/\\佑子/\\佑子/\\佑子/\\佑子/"}, {"uid": "326439212", "content": "\\佑子/\\佑子/\\佑子/\\佑子/\\佑子/"}, {"uid": "7658855", "content": "\\佑子/\\佑子/\\佑子/\\佑子/\\佑子/"}, {"uid": "494345064", "content": "\\佑子/\\佑子/\\佑子/\\佑子/\\佑子/"}, {"uid": "628339039", "content": "＼佑子／＼佑子／＼佑子／＼佑子／"}, {"uid": "628379220", "content": "＼佑子／＼佑子／＼佑子／＼佑子／"}, {"uid": "628112001", "content": "\\佑子/\\佑子/\\佑子/\\佑子/\\佑子/"}, {"uid": "265959", "content": "＼佑子／＼佑子／＼佑子／＼佑子／"}, {"uid": "1866299626", "content": "\\佑子/\\佑子/\\佑子/\\佑子/\\佑子/"}, {"uid": "7658855", "content": "\\佑子/\\佑子/\\佑子/\\佑子/\\佑子/"}, {"uid": "35419878", "content": "\\佑子/\\佑子/\\佑子/\\佑子/\\佑子/"}, {"uid": "265959", "content": "＼佑子／＼佑子／＼佑子／＼佑子／"}, {"uid": "326439212", "content": "\\佑子/\\佑子/\\佑子/\\佑子/\\佑子/"}, {"uid": "7658855", "content": "\\佑子/\\佑子/\\佑子/\\佑子/\\佑子/"}, {"uid": "628379220", "content": "＼佑子／＼佑子／＼佑子／＼佑子／"}, {"uid": "265959", "content": "＼佑子／＼佑子／＼佑子／＼佑子／"}, {"uid": "628379220", "content": "＼佑子／＼佑子／＼佑子／＼佑子／"}, {"uid": "7658855", "content": "\\佑子/\\佑子/\\佑子/\\佑子/\\佑子/"}, {"uid": "7658855", "content": "\\佑子/\\佑子/\\佑子/\\佑子/\\佑子/"}, {"uid": "265959", "content": "\\佑子/\\佑子/\\佑子/\\佑子/\\佑子/"}, {"uid": "7658855", "content": "\\佑子/\\佑子/\\佑子/\\佑子/\\佑子/"}, {"uid": "628379220", "content": "＼佑子／＼佑子／＼佑子／＼佑子／"}, {"uid": "326439212", "content": "\\佑子/\\佑子/\\佑子/\\佑子/\\佑子/"}, {"uid": "628112001", "content": "\\佑子/\\佑子/\\佑子/\\佑子/\\佑子/"}, {"uid": "265959", "content": "\\佑子/\\佑子/\\佑子/\\佑子/\\佑子/"}, {"uid": "7658855", "content": "\\佑子/\\佑子/\\佑子/\\佑子/\\佑子/"}, {"uid": "628379220", "content": "＼佑子／＼佑子／＼佑子／＼佑子／"}, {"uid": "7658855", "content": "\\佑子/\\佑子/\\佑子/\\佑子/\\佑子/"}, {"uid": "2205854", "content": "\\佑子/\\佑子/\\佑子/\\佑子/\\佑子/"}, {"uid": "265959", "content": "\\佑子/\\佑子/\\佑子/\\佑子/\\佑子/"}, {"uid": "326439212", "content": "\\佑子/\\佑子/\\佑子/\\佑子/\\佑子/"}, {"uid": "1309696", "content": "\\佑子/\\佑子/\\佑子/\\佑子/\\佑子/"}, {"uid": "628379220", "content": "＼佑子／＼佑子／＼佑子／＼佑子／"}, {"uid": "7658855", "content": "\\佑子/\\佑子/\\佑子/\\佑子/\\佑子/"}, {"uid": "265959", "content": "\\佑子/\\佑子/\\佑子/\\佑子/\\佑子/"}, {"uid": "628112001", "content": "\\佑子/\\佑子/\\佑子/\\佑子/\\佑子/"}, {"uid": "265959", "content": "\\佑子/\\佑子/\\佑子/\\佑子/\\佑子/"}, {"uid": "2205854", "content": "\\佑子/\\佑子/\\佑子/\\佑子/\\佑子/"}, {"uid": "628379220", "content": "＼佑子／＼佑子／＼佑子／＼佑子／"}, {"uid": "9826153", "content": "\\佑子/\\佑子/\\佑子/\\佑子/\\佑子/"}, {"uid": "7658855", "content": "\\佑子/\\佑子/\\佑子/\\佑子/\\佑子/"}, {"uid": "1309696", "content": "\\佑子/\\佑子/\\佑子/\\佑子/\\佑子/"}, {"uid": "35419878", "content": "\\佑子/\\佑子/\\佑子/\\佑子/\\佑子/"}, {"uid": "265959", "content": "\\佑子/\\佑子/\\佑子/\\佑子/\\佑子/"}, {"uid": "2205854", "content": "\\佑子/\\佑子/\\佑子/\\佑子/\\佑子/"}, {"uid": "7658855", "content": "\\佑子/\\佑子/\\佑子/\\佑子/\\佑子/"}, {"uid": "326439212", "content": "\\佑子/\\佑子/\\佑子/\\佑子/\\佑子/"}, {"uid": "628112001", "content": "\\佑子/\\佑子/\\佑子/\\佑子/\\佑子/"}, {"uid": "7658855", "content": "\\佑子/\\佑子/\\佑子/\\佑子/\\佑子/"}, {"uid": "628379220", "content": "＼佑子／＼佑子／＼佑子／＼佑子／"}]