[{"uid": "12410369", "content": "奇怪的笑点"}, {"uid": "16494438", "content": "可爱w"}, {"uid": "3168522", "content": "草，可爱死了"}, {"uid": "13603730", "content": "haha"}, {"uid": "12410369", "content": "草"}, {"uid": "3210557", "content": "加油加油！！！加油加油！！！"}, {"uid": "3210557", "content": "加油加油！！！"}, {"uid": "3210557", "content": "希望拉拉她们可以越来越好，越来越多人喜欢她们"}, {"uid": "11088183", "content": "听哭了"}, {"uid": "11088183", "content": "唱的太好了！"}, {"uid": "9713141", "content": "眼泪掉下来了"}, {"uid": "9713141", "content": "草"}, {"uid": "9713141", "content": "草"}, {"uid": "9713141", "content": "好听的"}, {"uid": "9713141", "content": "哦～"}, {"uid": "3885523", "content": "来了来了来了"}, {"uid": "4530797", "content": "sukisuki"}, {"uid": "11088183", "content": "应援拉拉！！！"}]