[{"uid": "521083531", "content": "摆烂是吧"}, {"uid": "482636149", "content": "妹唱对调啊美眉"}, {"uid": "4936297", "content": "我转音呢？"}, {"uid": "280186526", "content": "那一句不敢唱是吧"}, {"uid": "280186526", "content": "眠眠，我的眠～"}, {"uid": "277773034", "content": "点个KFC附赠银手镯一对"}, {"uid": "111940", "content": "多溜几遍，声音真的甜"}, {"uid": "24512163", "content": "不唱摆烂是吧？"}, {"uid": "2185038", "content": "眠眠~~嘿嘿"}, {"uid": "22272356", "content": "泪目"}, {"uid": "66081997", "content": "我不直播我干嘛"}, {"uid": "316320811", "content": "音容笑貌今犹在"}, {"uid": "66081997", "content": "眠眠，你带我去局子里吧眠眠"}, {"uid": "66081997", "content": "开门！kfc宅急送"}, {"uid": "17818715", "content": "岚，我给你点了肯德基外卖，等下记得开门"}, {"uid": "7002883", "content": "好唱"}, {"uid": "9186113", "content": "纯属逆天了属于是"}, {"uid": "10270421", "content": "摆了是吧"}, {"uid": "101694321", "content": "逆天"}, {"uid": "66081997", "content": "眠眠！"}, {"uid": "287911135", "content": "我超，岚子姐！"}, {"uid": "73855791", "content": "我超！岚！"}, {"uid": "2320965", "content": "多唱点，快出来了"}, {"uid": "1739457323", "content": "像变声器夹子是真滴离谱"}, {"uid": "488646981", "content": "眠你带我走吧"}, {"uid": "7955096", "content": "精华不唱是吧"}, {"uid": "99778952", "content": "没有灵魂了好吧"}, {"uid": "12459081", "content": "府系v团建是吧"}, {"uid": "500517599", "content": "逆天"}, {"uid": "176047062", "content": "好活"}, {"uid": "22570530", "content": "卧槽，好炒"}, {"uid": "4010454", "content": "高烧！"}, {"uid": "1739457323", "content": "夹住"}, {"uid": "483472977", "content": "好好好"}, {"uid": "493657677", "content": "反噬"}, {"uid": "38103023", "content": "拉胯"}, {"uid": "6619232", "content": "尼获嘉"}, {"uid": "250169138", "content": "开摆"}, {"uid": "22220116", "content": "溜"}, {"uid": "65412071", "content": "？"}, {"uid": "208248221", "content": "眠眠，你带我走吧"}, {"uid": "66081997", "content": "！"}, {"uid": "220944363", "content": "人傻了"}, {"uid": "527840", "content": "逆大天"}, {"uid": "480165234", "content": "草啊真不错"}, {"uid": "8069431", "content": "还有这种事?"}, {"uid": "40406343", "content": "ybb"}, {"uid": "12379583", "content": "没那味"}, {"uid": "19545510", "content": "不敢放开唱就别唱"}, {"uid": "7267567", "content": "好夹"}, {"uid": "259804918", "content": "？"}, {"uid": "687006929", "content": "哈哈哈哈哈"}, {"uid": "46996051", "content": "？？"}, {"uid": "945841", "content": "逆天"}, {"uid": "651637394", "content": "岚姐！"}, {"uid": "14599924", "content": "？"}, {"uid": "185882516", "content": "ybb"}, {"uid": "94276572", "content": "？"}, {"uid": "22046873", "content": "??"}, {"uid": "124700783", "content": "?"}, {"uid": "391417863", "content": "拙劣的模仿！"}, {"uid": "1143849981", "content": "＼眠眠／＼眠眠／＼眠眠／＼眠眠／＼眠眠／＼眠眠／＼眠眠／"}]