[{"uid": "8605613", "content": "吸血鬼啄米"}, {"uid": "136043", "content": "试图挣扎"}, {"uid": "41100313", "content": "傻了傻了"}, {"uid": "4106927", "content": "密码正确"}, {"uid": "8605613", "content": "真就开机密码hhhhh"}, {"uid": "8605613", "content": "hhhhhhhhhhhhhhh"}, {"uid": "8605613", "content": "直播时候睡着的话...."}, {"uid": "8605613", "content": "完 全 入 睡"}, {"uid": "695807450", "content": "#社起"}, {"uid": "7698080", "content": "逐渐犯困"}, {"uid": "21781204", "content": "可爱"}, {"uid": "9227657", "content": "草"}, {"uid": "8455365", "content": "擤鼻涕的动作都有"}, {"uid": "8202738", "content": "孩子困了"}, {"uid": "11700926", "content": "《嘴硬》"}, {"uid": "15854982", "content": "已经昏昏欲睡了2333"}, {"uid": "9892542", "content": "首页通知"}, {"uid": "407969", "content": "哈哈哈哈"}, {"uid": "5166", "content": "这声笑声太可爱了"}, {"uid": "1659011", "content": "呆滞"}, {"uid": "355307887", "content": "《我没有》"}, {"uid": "136043", "content": "这个睡眼惺忪的憨笑wsl"}, {"uid": "136043", "content": "睡着了就很优雅"}, {"uid": "59035", "content": "DNA动了"}, {"uid": "53223895", "content": "哈哈哈哈"}, {"uid": "400940990", "content": "垂死病中惊坐起"}, {"uid": "1425459", "content": "说起来日本还有一小时时差，虽然莱宝经常凌晨三点活动"}, {"uid": "363742424", "content": "你说这个我可就不困了（"}, {"uid": "363742424", "content": "《莱宝在睡觉》"}, {"uid": "20799297", "content": "嗦口水部分呢"}, {"uid": "3985607", "content": "哈哈哈哈哈哈哈"}, {"uid": "3985607", "content": "安详.jpg"}, {"uid": "187570", "content": "运营为什么你只是看着"}, {"uid": "10567655", "content": "2333333"}, {"uid": "13585557", "content": "哈哈哈哈像极了上课瞌睡的我面部表情呆滞突然惊醒"}, {"uid": "31714116", "content": "困了"}, {"uid": "49997464", "content": "昏昏欲睡↓"}, {"uid": "302293119", "content": "草"}, {"uid": "1791955", "content": "困起来了"}, {"uid": "305329", "content": "这个睡颜，太可爱了"}, {"uid": "1644648", "content": "传 世 经 典"}, {"uid": "66744611", "content": "密码正确"}, {"uid": "6294682", "content": "眼皮子确实有点打架的感觉了～哈哈哈哈哈哈"}, {"uid": "11331084", "content": "莱宝开始点头哈哈哈哈哈哈"}, {"uid": "12973689", "content": "又新又好"}, {"uid": "12554087", "content": "要 睡 了"}, {"uid": "185872154", "content": "草"}, {"uid": "8605613", "content": "渐渐撑不住了233"}, {"uid": "3462116", "content": "安详"}, {"uid": "15854982", "content": "仿佛听课困了的我"}, {"uid": "380086122", "content": "眼皮子打架"}, {"uid": "8123188", "content": "草"}, {"uid": "53223895", "content": "这音乐挺催眠了"}, {"uid": "7585861654", "content": "张嘴打哈欠"}, {"uid": "74146255", "content": "孩子困了"}, {"uid": "1776874", "content": "逐渐犯困"}, {"uid": "37288520", "content": "笑死了这个表情"}, {"uid": "4776000", "content": "太憨了"}, {"uid": "3434119", "content": "睡着了，好看"}, {"uid": "407737", "content": "睡美人"}, {"uid": "7585861654", "content": "半睁眼太可爱了"}, {"uid": "193086", "content": "哈欠连天.jpg"}, {"uid": "3985607", "content": "草"}, {"uid": "3985607", "content": "这表情笑死了"}, {"uid": "10567655", "content": "好耶"}, {"uid": "13585557", "content": "已经睡着了"}, {"uid": "2021775", "content": "半张脸都瘫了啊！"}, {"uid": "13953912", "content": "草"}, {"uid": "20671819", "content": "贵族没落？莱宝惊醒"}, {"uid": "3365464", "content": "kksk"}, {"uid": "17365452", "content": "一周目切片"}, {"uid": "8605613", "content": "眼皮打架"}, {"uid": "184946", "content": "溜了"}, {"uid": "2931119", "content": "好活"}, {"uid": "1570297", "content": "莱宝：zzzZZZZ"}, {"uid": "292065147", "content": "孩子困了"}, {"uid": "485646", "content": "眼睛睁不开了"}, {"uid": "227593069", "content": "o▽0"}, {"uid": "8244866", "content": "kksk"}, {"uid": "286659008", "content": "睡着啦"}, {"uid": "3657234", "content": "开始了"}, {"uid": "487446531", "content": "草"}, {"uid": "8605613", "content": "眼皮打架了hhhhhhhhhhhhh"}]