[{"uid": "136043", "content": "好憨"}, {"uid": "14191135", "content": "草"}, {"uid": "8052485", "content": "祖 国 人"}, {"uid": "4270565", "content": "哈哈哈哈哈哈哈哈哈哈哈"}, {"uid": "474039836", "content": "草，左下角的POPO猫"}, {"uid": "29579992", "content": "老工科男了23333"}, {"uid": "2655419", "content": "你好懂哦~"}, {"uid": "22674080", "content": "操"}, {"uid": "2471425", "content": "怎么莱宝还去过牛郎店啊"}, {"uid": "8069431", "content": "专业的"}, {"uid": "101193063", "content": "香bang》"}, {"uid": "101193063", "content": "好羞耻啊"}, {"uid": "190650", "content": "被迫还行"}, {"uid": "436386297", "content": "你谁"}, {"uid": "108745999", "content": "草死了"}, {"uid": "108745999", "content": "草 绝活"}, {"uid": "812617", "content": "控制功率和走速的话可以用激光刻图案"}, {"uid": "3872811", "content": "好家伙"}, {"uid": "8605613", "content": "hhhhhhhhh"}, {"uid": "231667339", "content": "啊这"}, {"uid": "13047177", "content": "太职业了"}, {"uid": "886523", "content": "太草了"}, {"uid": "1570297", "content": "草 职业"}, {"uid": "23762888", "content": "草"}, {"uid": "1776874", "content": "amazing"}, {"uid": "7408363", "content": "好羞耻啊卧槽"}, {"uid": "32423963", "content": "草"}, {"uid": "4501418", "content": "草"}, {"uid": "19506352", "content": "香槟call！"}, {"uid": "161491", "content": "还真是职业的"}, {"uid": "161491", "content": "这个味儿可太正了"}, {"uid": "19506352", "content": "整挺好"}, {"uid": "19506352", "content": "这个好诶"}, {"uid": "102099100", "content": "awsl"}, {"uid": "14199490", "content": "好家伙，你咋知道的"}, {"uid": "441353269", "content": "哈哈哈哈哈哈"}, {"uid": "9227657", "content": "草"}, {"uid": "503894", "content": "草"}, {"uid": "8605613", "content": "绝了"}, {"uid": "105159", "content": "你好懂哦"}, {"uid": "5661432", "content": "懒得x 还能√"}, {"uid": "168692501", "content": "草"}, {"uid": "512770", "content": "awsl"}, {"uid": "1825150", "content": "cao"}, {"uid": "38063411", "content": "超人必姆"}, {"uid": "1607603", "content": "太草了"}, {"uid": "7585861654", "content": "哈哈哈哈哈"}, {"uid": "29877960", "content": "你为什么会知道啊"}, {"uid": "886523", "content": "草"}, {"uid": "11661512", "content": "专业"}, {"uid": "34481368", "content": "香槟塔来啦～"}, {"uid": "12891523", "content": "awsl"}, {"uid": "8069431", "content": "我羞耻炸了"}, {"uid": "14339722", "content": "好活"}, {"uid": "8605613", "content": "woc有点羞耻"}, {"uid": "13047177", "content": "草"}, {"uid": "1570297", "content": "无慈悲啊"}, {"uid": "14191135", "content": "专业"}, {"uid": "14216863", "content": "草"}, {"uid": "13609100", "content": "草"}, {"uid": "14199490", "content": "专业"}, {"uid": "85886878", "content": "草"}, {"uid": "1570297", "content": "草"}, {"uid": "18208014", "content": "草"}, {"uid": "2078024", "content": "草"}, {"uid": "8069431", "content": "已经社死了"}, {"uid": "14199490", "content": "草"}, {"uid": "25790805", "content": "whl"}, {"uid": "78817", "content": "不错不错"}, {"uid": "14838593", "content": "wwwww"}, {"uid": "8605613", "content": "味有点冲啊"}, {"uid": "25873203", "content": "开幕暴击！！！！！AWSL！！！！！"}]