[{"uid": "22765357", "content": "莱宝算数居然还是背的乘法表。。。"}, {"uid": "150359020", "content": "我乐"}, {"uid": "88936852", "content": "卧龙雏凤"}, {"uid": "88936852", "content": "草"}, {"uid": "88936852", "content": "草"}, {"uid": "8069431", "content": "哈哈哈哈"}, {"uid": "32423963", "content": "233"}, {"uid": "1425459", "content": "莱布尼兹说的对"}, {"uid": "6071825", "content": "莱宝眼睛好红"}, {"uid": "66744611", "content": "哈哈哈哈哈哈哈"}, {"uid": "383084364", "content": "草"}, {"uid": "34296140", "content": "卧龙凤雏"}, {"uid": "189865", "content": "kksk"}]