[{"uid": "5409323", "content": "莱宝武德充沛"}, {"uid": "3434119", "content": "杀戮的欲望正在高涨"}, {"uid": "108745999", "content": "这设定好中二"}, {"uid": "108745999", "content": "中二死了wwww"}, {"uid": "108745999", "content": "文学人"}, {"uid": "108745999", "content": "原来就是你写了德语酱"}, {"uid": "351731484", "content": "我不会就这样轻易地狗带（无端联想）"}, {"uid": "32423963", "content": "草"}, {"uid": "75083634", "content": "离谱"}, {"uid": "22798829", "content": "草"}, {"uid": "14362084", "content": "上  门  推  销"}, {"uid": "88936852", "content": "草"}]