[{"uid": "450195770", "content": "好家伙！居然还是双声道的"}, {"uid": "5752743", "content": "欲言又止"}, {"uid": "239773266", "content": "我听到了，你“吸溜”了一声对吧！！！"}, {"uid": "4985413", "content": "绝对是静音笑去了"}, {"uid": "13056314", "content": "好乖哦，再看一眼.jpg"}, {"uid": "81614539", "content": "为啥找得的是360°环绕啊"}, {"uid": "136043", "content": "又惊又喜"}, {"uid": "104665125", "content": "嘴上说着“等一下 太糟糕了吧”，身体确诚实的跟着节奏摇了起来"}, {"uid": "249397570", "content": "【感谢三位浓浓的蛋】"}, {"uid": "249397570", "content": "【李云龙，你就是那老shi蛋】"}, {"uid": "249397570", "content": "【f**ker】"}, {"uid": "4099499", "content": "逐渐认真欣赏甚至还摇了起来"}, {"uid": "37903465", "content": "魔音绕梁"}, {"uid": "324489", "content": "欲言又止.."}, {"uid": "131652679", "content": "已经完全被吸引了"}, {"uid": "6071825", "content": "我只是一只小菜包啊，我怎么懂这个啊.jpg"}, {"uid": "121888415", "content": "这环绕音也太折磨了吧"}, {"uid": "2365228", "content": "这BGM，我DNA动了"}, {"uid": "921754", "content": "欲 言 又 止"}, {"uid": "375667", "content": "疑惑——惊恐张嘴——豁然开朗的谜之笑容"}, {"uid": "306797", "content": "震惊莱宝"}, {"uid": "677346847", "content": "眉毛一皱，发现事情并不简单"}, {"uid": "2470863", "content": "你脸红啦?让我康康!"}, {"uid": "6759353", "content": "他从头到尾都出大问题"}, {"uid": "80803200", "content": "线代？线代不会（"}, {"uid": "184946", "content": "全神贯注"}, {"uid": "8095580", "content": "惊恐.jpg"}, {"uid": "10810480", "content": "表情逐渐僵硬"}, {"uid": "8171899", "content": "逐渐沉迷的莱宝"}, {"uid": "16129797", "content": "震撼莱宝一整年"}, {"uid": "350697", "content": "深 陷 其 中"}, {"uid": "19506352", "content": "你们啊，尽教莱宝些坏东西。"}, {"uid": "43584977", "content": "翻译：妖"}, {"uid": "35356138", "content": "我们也几乎听不懂，但是我们有空耳"}, {"uid": "8988076", "content": "震撼莱宝"}, {"uid": "47223115", "content": "性感"}, {"uid": "11778532", "content": "痛苦面具"}, {"uid": "7698080", "content": "莱宝人傻了都"}, {"uid": "29395165", "content": "莱宝停止了思考"}, {"uid": "389603893", "content": "脸部表情错乱"}, {"uid": "249397570", "content": "【hop！一起上帮老E拔毛】"}, {"uid": "249397570", "content": "【baby，你就是那老shi蛋儿】"}, {"uid": "82348329", "content": "停  止  思  考"}, {"uid": "326753738", "content": "《性感》"}, {"uid": "8605613", "content": "一脸惊恐"}, {"uid": "1955634", "content": "环 绕 魔 音"}, {"uid": "22262491", "content": "一边嫌弃，一边坚持看完（笑哭）"}, {"uid": "136043", "content": "脸部地震hhhhhh"}, {"uid": "161319149", "content": "过于刺激的内容给幼小的心灵造成了严重的冲击"}, {"uid": "25826651", "content": "我已迷上门口的老头"}, {"uid": "187889", "content": "余 音 绕 梁"}, {"uid": "69703", "content": "这不知所措的小表情"}, {"uid": "5538612", "content": "可爱"}, {"uid": "1641562524", "content": "脑子里已经有画面了（ DNA疯狂反应 )"}, {"uid": "6486338", "content": "欲笑而止"}, {"uid": "661119872", "content": "上头了可还行"}, {"uid": "841775", "content": "听不见！"}, {"uid": "22765357", "content": "草什么环绕音"}, {"uid": "249397570", "content": "【lover】"}, {"uid": "690614195", "content": "你的这个bgm更有可能被ban"}, {"uid": "229272", "content": "思维控制中"}, {"uid": "3970880", "content": "很性感"}, {"uid": "19506352", "content": "蚌埠住了"}, {"uid": "422518053", "content": "开始上头了"}, {"uid": "5061778", "content": "眉头一皱"}, {"uid": "11924509", "content": "高技术力同步视听"}, {"uid": "44678312", "content": "细   品"}, {"uid": "3036408", "content": "刻在DNA里的画面"}, {"uid": "7941811", "content": "笑容逐渐变态"}, {"uid": "419033", "content": "环绕声就离谱"}, {"uid": "2182394", "content": "环绕音草"}, {"uid": "196856", "content": "HOP原歌的歌词挺糟糕的，还不如听不懂wwww"}, {"uid": "485943116", "content": "歌词"}, {"uid": "37104054", "content": "斯溜（吸口水）"}, {"uid": "416981534", "content": "hh"}, {"uid": "324489", "content": "止言又欲.."}, {"uid": "324489", "content": "组织语言.."}, {"uid": "33660", "content": "哎哟，你脸红啦"}, {"uid": "135390287", "content": "哟 你害羞了"}, {"uid": "7939428", "content": "怎么还摇起来了"}, {"uid": "922885", "content": "母语吓出来了"}, {"uid": "630855010", "content": "目 不 转 睛"}, {"uid": "81314010", "content": "解锁新表情"}, {"uid": "224657804", "content": "逐渐上头"}, {"uid": "25826651", "content": "一起上帮老e拔毛"}, {"uid": "34764024", "content": "一脸惊恐"}, {"uid": "198345176", "content": "不知所措.jpg"}, {"uid": "69703", "content": "越看越上头"}, {"uid": "34535303", "content": "3 6 0 °立 体 环 绕 音 效"}, {"uid": "504502211", "content": "RNA逆转录中～～"}, {"uid": "136043", "content": "《目不转睛》"}, {"uid": "526336454", "content": "嘴角微微的上扬了起来。"}, {"uid": "12667449", "content": "震撼菜宝"}, {"uid": "8605613", "content": "这个震惊的小表情hhhhh"}, {"uid": "7153723", "content": "逐渐沉迷"}, {"uid": "11453613", "content": "你xp有点怪啊"}, {"uid": "588910661", "content": "停不下来了....."}, {"uid": "693958593", "content": "看完了听完了就离谱。。。。"}, {"uid": "524777082", "content": "很抱歉，以这样方式认识你"}, {"uid": "22987058", "content": "左下角节奏对上了"}, {"uid": "13975206", "content": "这表情笑死我了"}, {"uid": "6329996", "content": "好怪哦，再看一眼"}, {"uid": "511631144", "content": "AV170001"}, {"uid": "193978638", "content": "面露男色"}, {"uid": "314166353", "content": "万华镜……"}, {"uid": "5752743", "content": "啊…它本身就是问题"}, {"uid": "12554087", "content": "左右声道草"}, {"uid": "29100300", "content": "hhhc"}, {"uid": "534939578", "content": "逐渐不知所措"}, {"uid": "90676169", "content": "想停下来，又不想停下来"}, {"uid": "231667339", "content": "立体声就尼玛离谱！"}, {"uid": "354392040", "content": "面露难色"}, {"uid": "2264478", "content": "撸不断"}, {"uid": "271952359", "content": "环绕音草"}, {"uid": "279597602", "content": "好听啊！"}, {"uid": "224657804", "content": "草"}, {"uid": "105091348", "content": "震撼莱宝"}, {"uid": "161319149", "content": "阿巴阿巴"}, {"uid": "19165001", "content": "污染完成"}, {"uid": "193978638", "content": "面 露 男 色"}, {"uid": "95335980", "content": "欲言又止.jpg"}, {"uid": "95335980", "content": "目不转睛"}, {"uid": "287768226", "content": "一只年幼的吸血鬼仰望着大人的世界。jpg"}, {"uid": "702629491", "content": "杰哥，这是什么啊"}, {"uid": "35801886", "content": "不玩了，我DNA动了"}, {"uid": "498199352", "content": "别挡住我看hop↓"}, {"uid": "144833473", "content": "好看吧 没看过吧"}, {"uid": "85897754", "content": "这个不带耳机都环绕啊"}, {"uid": "6486338", "content": "真好看啊"}, {"uid": "32004631", "content": "上头了"}, {"uid": "1328864", "content": "上头了"}, {"uid": "131652679", "content": "不知所措jpg"}, {"uid": "7359933", "content": "坏了"}, {"uid": "32742699", "content": "好听"}, {"uid": "52453166", "content": "终于轮到莱宝了吗"}, {"uid": "43153345", "content": "环绕声就离谱"}, {"uid": "868719", "content": "虽然没有画面，但我有画面"}, {"uid": "49622129", "content": "品鉴起来啦"}, {"uid": "5061778", "content": "止言又欲"}, {"uid": "2264478", "content": "我不信"}, {"uid": "812617", "content": "HOP时代妖王身材是真的棒"}, {"uid": "20646493", "content": "我的耳朵被强暴了"}, {"uid": "33417534", "content": "性感"}, {"uid": "8244866", "content": "进化失败的大嘴蝠"}, {"uid": "9892542", "content": "这也不算3D环绕，就是个pingpong音效而已"}, {"uid": "95335980", "content": "闭麦狂笑嘛！"}, {"uid": "143275225", "content": "嗷嗷嗷嗷"}, {"uid": "435283627", "content": "咖喱棒砍了很辣的孩子"}, {"uid": "485943116", "content": "性♂感"}, {"uid": "1519594", "content": "谁告诉你刚才那个钢琴曲是万华镜的，只不过是万华镜使用了这首曲子"}, {"uid": "81614539", "content": "嘴巴rua rua的，kawaii"}, {"uid": "30107921", "content": "意犹未尽"}, {"uid": "416981534", "content": "危危危"}, {"uid": "105979654", "content": "压力马斯内"}, {"uid": "42995805", "content": "好家伙 "}, {"uid": "34164126", "content": "草"}, {"uid": "1464060", "content": "一脸懵逼"}, {"uid": "353113011", "content": "已经入迷"}, {"uid": "5061778", "content": "加上莱宝的钢琴bgm太上流了"}, {"uid": "90676169", "content": "辣妹儿～法克儿～"}, {"uid": "2264478", "content": "mother fucxer！"}, {"uid": "8095580", "content": "好怪哦，再看一眼"}, {"uid": "136043", "content": "全 神 贯 注"}, {"uid": "105091348", "content": "草"}, {"uid": "455710024", "content": "津津有味"}, {"uid": "59849266", "content": "w"}, {"uid": "393558085", "content": "魔 音 贯 耳 ， 三 日 不 绝"}, {"uid": "412862201", "content": "环绕声起飞"}, {"uid": "1821645980", "content": "有画面了"}, {"uid": "81614539", "content": "嘴巴rua  rua的，kawaii"}, {"uid": "131652679", "content": "目不转睛"}, {"uid": "43853924", "content": "漫长的五分钟"}, {"uid": "13226799", "content": "nm还是环绕音"}, {"uid": "546479218", "content": "凯露可以接头了"}, {"uid": "662365", "content": "看的也太认真了"}, {"uid": "2408625", "content": "23333嗝"}, {"uid": "76774705", "content": "笑得好开心"}, {"uid": "37051501", "content": "确实好听"}, {"uid": "136043", "content": "菜宝可爱"}, {"uid": "33417534", "content": "涩"}, {"uid": "76082817", "content": "环绕音?"}, {"uid": "13530387", "content": "草哈哈哈哈哈哈哈哈哈"}, {"uid": "29579992", "content": "欲拒还迎"}, {"uid": "362582150", "content": "有画面了"}, {"uid": "23762888", "content": "哈哈哈哈哈哈哈"}, {"uid": "33207753", "content": "面露难色"}, {"uid": "29395165", "content": "？"}, {"uid": "485943116", "content": "哦让我看看"}, {"uid": "249397570", "content": "【梁非凡，梁非凡，der der der】"}, {"uid": "231667339", "content": "草"}, {"uid": "39692712", "content": "好憨啊。。。。"}, {"uid": "136043", "content": "目不转睛草"}, {"uid": "88399895", "content": "哈哈哈"}, {"uid": "666859490", "content": "♂ ♂ ♂ ♂ ♂ ♂ ♂ ♂"}, {"uid": "22798829", "content": "非   静    止     画     面"}]