[{"uid": "3434119", "content": "说完憨，人没了"}, {"uid": "4313978", "content": "草"}, {"uid": "34061899", "content": "提桶跑路"}, {"uid": "32423963", "content": "草"}, {"uid": "235617022", "content": "经典永流传"}, {"uid": "235617022", "content": "《我记住了》"}, {"uid": "235617022", "content": "连夜跑路"}, {"uid": "23762888", "content": "哈哈哈"}, {"uid": "336289132", "content": "不要停下来啊"}, {"uid": "336289132", "content": "？？？草"}, {"uid": "325181", "content": "草"}, {"uid": "235617022", "content": "草"}, {"uid": "11952703", "content": "？"}]