[{"uid": "49445862", "content": "草"}, {"uid": "335267629", "content": "a'wsl"}, {"uid": "8244866", "content": "莱宝憋笑了"}, {"uid": "87134545", "content": "你在干什么"}, {"uid": "436505325", "content": "草"}, {"uid": "440599321", "content": "草"}, {"uid": "136043", "content": "又新又好"}, {"uid": "635587", "content": "封印解除（棒读）"}, {"uid": "7359933", "content": "草"}, {"uid": "19506352", "content": "哈哈哈哈哈哈"}, {"uid": "268599", "content": "封面离谱"}, {"uid": "24234281", "content": "不要笑场啊"}, {"uid": "37479986", "content": "中二感爆炸"}, {"uid": "114964846", "content": "好憨"}, {"uid": "32423963", "content": "草"}, {"uid": "31407261", "content": "Ybb"}, {"uid": "584656", "content": "草"}, {"uid": "306797", "content": "草"}, {"uid": "1297394", "content": "好憨"}, {"uid": "88399895", "content": "好活"}, {"uid": "23550209", "content": "想想就觉得好羞耻"}]