[{"uid": "336289132", "content": "莱宝 ！莱宝！"}, {"uid": "143275225", "content": "誰だ?"}, {"uid": "112407603", "content": "kksk"}, {"uid": "33902337", "content": "好傻（"}, {"uid": "12667449", "content": "就是本人"}, {"uid": "19506352", "content": "帅"}, {"uid": "936060", "content": "憨起来了草"}, {"uid": "8011435", "content": "？？？这谁？"}, {"uid": "29100300", "content": "帅炸ww"}, {"uid": "29100300", "content": "wwwwww"}, {"uid": "13785689", "content": "\\莱宝/\\莱宝/\\莱宝/\\莱宝/\\莱宝/\\莱宝/​"}]