[{"uid": "494073316", "content": "莱宝，你坐啊"}, {"uid": "158200059", "content": "棉条（"}, {"uid": "624652", "content": "暗示自己是美少女"}, {"uid": "22798829", "content": "右下角内衣大盗"}, {"uid": "22798829", "content": "更离谱了呀"}, {"uid": "22798829", "content": "？？？"}, {"uid": "1425459", "content": "缺少灵魂"}, {"uid": "32423963", "content": "？"}, {"uid": "9227657", "content": "？？？？"}, {"uid": "7585861654", "content": "小心莱宝"}, {"uid": "136043", "content": "草"}, {"uid": "334926483", "content": "？？？"}, {"uid": "900537", "content": "？？？"}, {"uid": "8155769", "content": "萊了萊了"}, {"uid": "476817", "content": "草"}, {"uid": "205471175", "content": "字幕是不是有问题"}, {"uid": "13047177", "content": "？？？"}, {"uid": "3254961", "content": "草"}, {"uid": "78817", "content": "？？？"}, {"uid": "6071825", "content": "？"}, {"uid": "49530456", "content": "？？？"}, {"uid": "6071825", "content": "？？"}, {"uid": "3872811", "content": "？？？"}, {"uid": "23762888", "content": "？？"}]