[{"uid": "153378969", "content": "憋笑（草）"}, {"uid": "477178469", "content": "这是hanser的那个吗，没感觉啊"}, {"uid": "6847880", "content": "这回听懂了"}, {"uid": "7787601", "content": "可以做莱宝的家畜吗"}, {"uid": "86007751", "content": "你再骂！（恳求）"}, {"uid": "35378424", "content": "杀人诛心"}, {"uid": "838885", "content": "数学可以拿满分，有本事你语文也拿满分啊（"}, {"uid": "4904828", "content": "憨气外漏"}, {"uid": "136043", "content": "我这是笑啊 合不拢嘴的那种"}, {"uid": "136043", "content": "？？？一转调研"}, {"uid": "277771451", "content": "看法外狂徒张三"}, {"uid": "14010477", "content": "卡其脱离太（幻听"}, {"uid": "26267535", "content": "我想起高兴的事情，"}, {"uid": "26267535", "content": "你的感情，我听出来了，这就够了。"}, {"uid": "161319149", "content": "草 事到如今才一转傲娇会不会太晚了些？"}, {"uid": "161319149", "content": "看罗翔老师 不行吗？"}, {"uid": "405305223", "content": "|会守到莱宝结婚的|"}, {"uid": "33147", "content": "我喜欢梶浦由记和平泽进("}, {"uid": "1425459", "content": "kksk"}, {"uid": "88399895", "content": "莱宝会"}, {"uid": "240882152", "content": "扎心了，数学考了满分，她却喜欢语文好的男生2333"}, {"uid": "6639288", "content": "笑场了啊喂！"}, {"uid": "55950", "content": "调研任务"}, {"uid": "686247030", "content": "你别笑啊"}, {"uid": "596430", "content": "莱宝会养我的（确信"}, {"uid": "49483764", "content": "蚌埠住了"}, {"uid": "8221334", "content": "还有草"}, {"uid": "11768608", "content": "不学习长大会成为vtb。。"}, {"uid": "33147", "content": "那就只能成为vtb了！！"}, {"uid": "74670019", "content": "我听的懂诶"}, {"uid": "32894404", "content": "绷不住了"}, {"uid": "294606", "content": "要忍不住笑场了吧"}, {"uid": "88399895", "content": "憨气外泄"}, {"uid": "5662342", "content": "别笑得太过分了，吸血鬼！"}, {"uid": "7655982", "content": "不要太过分了，吸血鬼，认真点念啊"}, {"uid": "8605613", "content": "不够狠啊"}, {"uid": "114964846", "content": "好憨"}, {"uid": "216039", "content": "说的好"}, {"uid": "13753527", "content": "好家伙"}, {"uid": "32894404", "content": "啊不会太憨了"}, {"uid": "74670019", "content": "我已经工作了"}, {"uid": "18208014", "content": "等等，我好像在哪里听过"}, {"uid": "7787601", "content": "会养我"}, {"uid": "101665385", "content": "我说我是来看游戏你信吗？"}, {"uid": "158150949", "content": "？"}, {"uid": "78965", "content": "家畜还能被吃，废人毫无用处"}, {"uid": "476817", "content": "awsl"}, {"uid": "91161977", "content": "哈哈哈"}, {"uid": "485646", "content": "再骂"}, {"uid": "108215584", "content": "AWSL"}, {"uid": "438705391", "content": "能"}, {"uid": "354513902", "content": "那时候雷姆也欧巴桑了"}, {"uid": "9227657", "content": "草"}, {"uid": "430280963", "content": "淦"}, {"uid": "430280963", "content": "草"}, {"uid": "43584977", "content": "草"}, {"uid": "121493", "content": "忍笑wwwww"}, {"uid": "136043", "content": "草"}, {"uid": "353306582", "content": "草"}, {"uid": "33147", "content": "你这日语怎么这么别扭呢("}, {"uid": "32423963", "content": "你别笑啊"}, {"uid": "59849266", "content": "草"}, {"uid": "6639288", "content": "憨憨憨憨憨憨憨憨憨憨憨憨憨憨"}, {"uid": "6639288", "content": "会"}, {"uid": "1540843", "content": "草"}, {"uid": "11331084", "content": "别笑出声来啊！！！！！！！！！！"}]