[{"uid": "226027197", "content": "好喜欢中文这段呜呜"}, {"uid": "594912018", "content": "这声音也太像A了！"}, {"uid": "400288610", "content": "人间毫无留恋"}, {"uid": "35117838", "content": "灵魂落入寂静"}, {"uid": "40301857", "content": "这里什么都没有，那也就没什么好想的了"}, {"uid": "13602975", "content": "很好听嘛！"}, {"uid": "520633405", "content": "我在人间凑数的日子"}, {"uid": "191951757", "content": "这是情感褪去了欲望的声音…​"}, {"uid": "12489326", "content": "終わりだね　ははは"}, {"uid": "12489326", "content": "息が詰まりそう(好像快要窒息)"}, {"uid": "12489326", "content": "誰か助けて(谁能救救我)"}, {"uid": "12489326", "content": "どうしよう、どうしよう(怎么办、怎么办)"}, {"uid": "12489326", "content": "止めない涙(眼泪止不住)"}, {"uid": "12489326", "content": "どうしよう、どうしよう(怎么办、怎么办)"}, {"uid": "12489326", "content": "泣いちゃダメよ(不可以哭呢)"}, {"uid": "12489326", "content": "霊が静かになったしまう(灵魂重归寂静)"}, {"uid": "12489326", "content": "零れ落ちる月明かり(月光散落)"}, {"uid": "12489326", "content": "押したいんだよ(也要将你推回)"}, {"uid": "12489326", "content": "身を濡れても(浑身湿透)"}, {"uid": "12489326", "content": "逃げ走るよ(遁无踪迹)"}, {"uid": "12489326", "content": "曇りにも(透过云层)"}, {"uid": "522388340", "content": "夜深人静，听着真的舒服，入魂"}, {"uid": "97462612", "content": "人间毫无留恋"}, {"uid": "97462612", "content": "我在寂静的海底泪流满面"}, {"uid": "97462612", "content": "我是谁"}, {"uid": "97462612", "content": "人世间最好的终点，莫过于在睡梦中永远沉寂，再也不用醒来面对第二天的雨"}, {"uid": "515125341", "content": "99好温柔"}, {"uid": "3092938", "content": "好喜欢这段吟唱"}, {"uid": "2990694", "content": "开头见"}, {"uid": "2990694", "content": "好棒！"}, {"uid": "7324197", "content": "这是神迹吗……"}, {"uid": "8890998", "content": "好听"}, {"uid": "406552160", "content": "看懂了，但没完全听懂"}, {"uid": "189073207", "content": "朕的野生字幕君在哪里？"}, {"uid": "527399223", "content": "建议1.25倍速"}, {"uid": "401101882", "content": "怎么有一股藏语味"}, {"uid": "12489326", "content": "曇りにも(透过云层)"}, {"uid": "12489326", "content": "霊が静かになってしまう(灵魂重归寂静)"}, {"uid": "12489326", "content": "奥に聞いても(往海的深处听）"}, {"uid": "12489326", "content": "溢れ落ちる　月明かり(月光散落）"}, {"uid": "12489326", "content": "零れ落ちる　月明かり(月光洒落)"}, {"uid": "37323600", "content": "必火"}, {"uid": "229415380", "content": "，草，我以为是专门拍摄海底 视频的那种"}, {"uid": "241342872", "content": "我是只海底的小鱼"}, {"uid": "13602975", "content": "感觉还差点味道的感觉 可以在想办法钻深一点 "}, {"uid": "12489326", "content": "海に逃げそう(躲进大海)"}, {"uid": "12489326", "content": "何も届かない(无声无讯)"}, {"uid": "12489326", "content": "温めそう(也要留住温存)"}, {"uid": "489910677", "content": "爱你"}, {"uid": "14353127", "content": "whl"}, {"uid": "297027127", "content": "海底是日文歌吗"}, {"uid": "146141742", "content": "日语"}, {"uid": "287982178", "content": "怪怪的，感觉失去了灵魂"}, {"uid": "64494880", "content": "66"}, {"uid": "12489326", "content": "血を洗っても(洗净血迹)"}, {"uid": "12489326", "content": "溢れ落ちる　月明かり(月光散落）"}, {"uid": "97462612", "content": "多的是无聊的重复，和努力睁眼的勉强"}, {"uid": "146141742", "content": "有内味了"}, {"uid": "39858023", "content": "好奇怪的感觉"}, {"uid": "282014168", "content": "Amer"}, {"uid": "387925083", "content": "表白底端字幕啊！！！！"}, {"uid": "12489326", "content": "どうしよう、どうしよう(怎么办、怎么办)"}, {"uid": "12489326", "content": "温めそう(也要留住温存)"}, {"uid": "97462612", "content": "我在哪儿"}, {"uid": "2990694", "content": "呜呜呜呜开口跪"}, {"uid": "9448798", "content": "好听"}, {"uid": "626996942", "content": "好漂亮"}, {"uid": "30031970", "content": "不是"}, {"uid": "1743485391", "content": "有人吗"}, {"uid": "234109309", "content": "很好的，加油"}, {"uid": "2990694", "content": "kksk"}, {"uid": "2990694", "content": "趁没人先承包"}, {"uid": "2990694", "content": "好耶！新投稿"}, {"uid": "7405415", "content": "太好听了"}, {"uid": "440655266", "content": "我要干什么"}, {"uid": "518028416", "content": "就让我沉的在深些吧.........."}, {"uid": "622550012", "content": "下方字幕好评"}, {"uid": "165573093", "content": "开口跪"}, {"uid": "474986844", "content": "挺好听的"}, {"uid": "12489326", "content": "血を洗っても(清洗血迹)"}, {"uid": "522388340", "content": "aimer"}, {"uid": "97462612", "content": "欢乐总是短暂"}, {"uid": "2990694", "content": "好美啊"}, {"uid": "13351312", "content": "赞"}, {"uid": "74172761", "content": "这是孟加拉语？"}, {"uid": "1146564521", "content": "“翻唱”"}, {"uid": "215583938", "content": "这最多水底吧"}, {"uid": "316742172", "content": "包了"}, {"uid": "396114278", "content": "好美啊"}, {"uid": "349515859", "content": "深海恐惧症"}, {"uid": "400433690", "content": "不仅到过那片深不见底 还把一切都交代在那里了"}, {"uid": "104438259", "content": "凤凰传奇是真天神下凡，这歌一听就是那味了"}]