[{"uid": "34960453", "content": "姐姐给个姬会"}, {"uid": "2244178", "content": "即便如此也对落魄潦倒感到后悔的话那就强迫自己"}, {"uid": "2244178", "content": "高尚的爱情也只是随意的丢在一边"}, {"uid": "2244178", "content": "即便如此也对落魄潦倒感到后悔的话那就强迫自己"}, {"uid": "2244178", "content": "被剥落下来的重要的记忆"}, {"uid": "2244178", "content": "高尚的爱情也只是随意的丢在一边"}, {"uid": "2244178", "content": "逐渐崩坏、乖离与解脱"}, {"uid": "2244178", "content": "为了让那个日子不要到来      故意出了差错"}, {"uid": "2244178", "content": "干脆彻底消失不见就好了的YELLOW"}, {"uid": "2244178", "content": "「透过窗户所看到的景色我还没有忘记」"}, {"uid": "2244178", "content": "持续索求着的"}, {"uid": "2244178", "content": "在衣柜中等待着的今天也      只有一个人的话也就那么回事吧"}, {"uid": "2244178", "content": "即便如此也对落魄潦倒感到后悔的话那就强迫自己"}, {"uid": "2244178", "content": "高尚的爱情也只是随意的丢在一边"}, {"uid": "2244178", "content": "想要让它继续保持着天真无邪的样子啊"}, {"uid": "2244178", "content": "趁着黑夜收拾好的玩具"}, {"uid": "2244178", "content": "浑浊的原形睁开了迟钝的眼"}, {"uid": "2244178", "content": "「我不是个聪明的孩子，请不要离开此处」"}, {"uid": "181614371", "content": "好听"}, {"uid": "399742099", "content": "这MV和歌全是神山羊的呀"}, {"uid": "442524607", "content": "两只老虎爱跳舞"}, {"uid": "439772207", "content": "姐姐给个姬会"}, {"uid": "686355678", "content": "好听"}, {"uid": "477065960", "content": "姐姐声音好听我死"}, {"uid": "312184820", "content": "好耶"}, {"uid": "477132963", "content": "你的封面怎么会动"}, {"uid": "413023036", "content": "最近一直单曲循环这首！"}, {"uid": "30856797", "content": "为什么你的封面会动！"}, {"uid": "157673461", "content": "吗耶  评论区不敢去了  一个个的"}, {"uid": "34960453", "content": "姐姐给个姬会"}, {"uid": "660517759", "content": "这一段也就看了十几遍吧，太丝滑太帅了！"}, {"uid": "2244178", "content": "逐渐逼近的秒针"}, {"uid": "2244178", "content": "将对着不可能发生的事许愿的夏天"}, {"uid": "2244178", "content": "好耶"}, {"uid": "78978058", "content": "愣是唱出Aimer的感觉"}, {"uid": "28613079", "content": "可以啊"}, {"uid": "404421807", "content": "好听的！"}, {"uid": "437042437", "content": "感谢野生字幕君"}, {"uid": "90860381", "content": "感谢弹幕"}, {"uid": "2244178", "content": "为何？为什么？你看，变得模糊不清的透明"}, {"uid": "2244178", "content": "让人抬不起头的那样的行为      带着满脸的笑容歌唱着"}, {"uid": "2244178", "content": "被剥落下来的重要的记忆"}, {"uid": "2244178", "content": "总之已经被好奇心所困住了      重要的东西早已破坏掉了"}, {"uid": "22969072", "content": "姐姐好攻啊"}, {"uid": "239127479", "content": "wasl"}, {"uid": "50750599", "content": "会动的封面"}, {"uid": "638638574", "content": "3"}, {"uid": "701935949", "content": "好好听喔喔"}, {"uid": "309621948", "content": "好帅wwwww"}, {"uid": "2020218158", "content": "好棒"}, {"uid": "2990694", "content": "趁没人偷偷表白99"}, {"uid": "2990694", "content": "姐姐好飒！"}, {"uid": "2244178", "content": "为了让救赎不再存在而有了限制什么的"}, {"uid": "2244178", "content": "想要使其终结需要将天地颠倒"}, {"uid": "2244178", "content": "在衣柜中等待着的今天也     只有依偎在一起的小小的身体"}, {"uid": "480572147", "content": "黄色！"}, {"uid": "515125341", "content": "这段改的好好听"}, {"uid": "357518796", "content": "在2021年还能看到yellow，呜呜呜呜"}, {"uid": "1951549936", "content": "好好听"}, {"uid": "1951549936", "content": "卧槽"}, {"uid": "498483263", "content": "好汀"}, {"uid": "694805308", "content": "太好听了！！！"}, {"uid": "305242253", "content": "这里风格绝了"}, {"uid": "166566477", "content": "开口跪"}, {"uid": "2990694", "content": "再来一遍！"}, {"uid": "484317763", "content": "好棒"}, {"uid": "434532628", "content": "网易云没有嘛？"}, {"uid": "471553507", "content": "好汀"}, {"uid": "34136101", "content": "！！！！！"}, {"uid": "334939904", "content": "awsl"}, {"uid": "403955066", "content": "哈哈哈"}, {"uid": "388801410", "content": "1"}, {"uid": "400606435", "content": "好棒"}, {"uid": "446698451", "content": "啊啊啊啊啊"}, {"uid": "21538799", "content": "99999999"}, {"uid": "22342292", "content": "ao听！"}, {"uid": "1294706392", "content": "好听"}, {"uid": "2244178", "content": "被剥落下来的重要的记忆"}, {"uid": "2244178", "content": "将对着不可能发生的事许愿的夏天"}, {"uid": "2244178", "content": "仍然温热的思念"}, {"uid": "2244178", "content": "卷起更多，罪孽变得深重"}, {"uid": "2244178", "content": "总归要改变的，总归要结束的，肯定"}, {"uid": "2244178", "content": "那家伙好像已经被好奇心所杀死了      狡猾的方法已经尝试过了"}, {"uid": "471553507", "content": "十五万冲！"}, {"uid": "239127479", "content": "我太爱了"}, {"uid": "401110854", "content": "野生字幕君在哪里？"}, {"uid": "16494649", "content": "好好好听！！"}, {"uid": "511583185", "content": "啊啊啊啊！"}, {"uid": "281148414", "content": "好棒！"}, {"uid": "515125341", "content": "99老公！！！"}, {"uid": "128471", "content": "好改"}, {"uid": "2990694", "content": "99太帅了"}, {"uid": "2990694", "content": "kksk"}, {"uid": "1352843", "content": "woooo"}, {"uid": "199420595", "content": "kksk"}, {"uid": "488522765", "content": "ohhhhh太帅了！！"}, {"uid": "2244178", "content": "总归要入睡的，总归要改变的，想象着唾手可得的安全"}, {"uid": "444297654", "content": "好听"}, {"uid": "490532065", "content": "真心好听"}, {"uid": "565017361", "content": "已三连，已加关注"}, {"uid": "12217356", "content": "whl"}, {"uid": "33435616", "content": "我可以啊啊啊啊啊啊"}, {"uid": "37198192", "content": "kksk"}, {"uid": "500227581", "content": "动漫是哪来的"}, {"uid": "96450392", "content": "芜湖！！"}, {"uid": "407268383", "content": "我天，好好听"}, {"uid": "252898704", "content": "太帅了！！！！"}, {"uid": "309621948", "content": "！"}, {"uid": "309621948", "content": "！！！"}, {"uid": "37072362", "content": "999999我的神仙！"}, {"uid": "1294706392", "content": "kksk"}, {"uid": "2244178", "content": "无法点亮光明的整个蛋糕       与木质的你一同起舞"}, {"uid": "1951549936", "content": "音色好好听！"}, {"uid": "32255419", "content": "好棒"}, {"uid": "255043417", "content": "稀饭"}, {"uid": "442511038", "content": "ohhhh！"}, {"uid": "81547332", "content": "嗨 老公"}, {"uid": "390967697", "content": "真不错"}, {"uid": "2278297", "content": "喜欢"}, {"uid": "21435722", "content": "耶！"}, {"uid": "82301137", "content": "这也太帅了！！！"}, {"uid": "363920175", "content": "上头"}, {"uid": "1793253", "content": "好好听啊啊啊啊啊"}, {"uid": "23360122", "content": "好听！！！"}, {"uid": "423095096", "content": "好听！"}, {"uid": "649242299", "content": "神山羊的"}, {"uid": "698754323", "content": "2！！！！"}, {"uid": "382109760", "content": "啊啊啊姐姐给个姬会！"}, {"uid": "5594970", "content": "太适合了！！"}, {"uid": "2990694", "content": "ah～oh～"}, {"uid": "2990694", "content": "帅！"}, {"uid": "28626881", "content": "ohhhhhhhhhhhhhhhhhhhhhhhhhhhhhhhhhhhh"}, {"uid": "1948601", "content": "帅炸了！！！"}, {"uid": "1951549936", "content": "牛逼"}, {"uid": "524430450", "content": "真的好好听啊"}, {"uid": "480578217", "content": "给个姬会"}, {"uid": "531431963", "content": "好帅！"}, {"uid": "309621948", "content": "woc神！"}, {"uid": "2244178", "content": "价值      价值      价值"}, {"uid": "28339656", "content": "给个基会！！！！！！！！！！！！！！！"}]