[{"uid": "22342292", "content": "kksk"}, {"uid": "30268391", "content": "这个新人不得了"}, {"uid": "446698451", "content": "好牛"}, {"uid": "307343425", "content": "太酷了"}, {"uid": "181996174", "content": "这个好诶"}, {"uid": "13203122", "content": "好听，单推了"}, {"uid": "2182403", "content": "喜欢这首！"}, {"uid": "186732388", "content": "发歌了好耶！"}, {"uid": "22342292", "content": "好汀"}, {"uid": "105717077", "content": "！！"}, {"uid": "19042194", "content": "开口跪"}, {"uid": "47950", "content": "姐姐！"}, {"uid": "105717077", "content": "好帅啊啊啊啊啊啊"}]