[{"uid": "7799245", "content": "好歌"}, {"uid": "1367653", "content": "谁还不喜欢弹丸呢"}, {"uid": "367190", "content": "???"}, {"uid": "451537575", "content": "好好听"}, {"uid": "8221334", "content": "ohhhhhhhhhhhhh"}, {"uid": "4761312", "content": "99"}, {"uid": "4761312", "content": "拽啊姐姐！"}, {"uid": "341742442", "content": "姐姐好帅"}, {"uid": "341742442", "content": "帅！"}, {"uid": "4761312", "content": "99踩我！"}, {"uid": "4761312", "content": "帅啊！"}]