[{"uid": "15938706", "content": "55真好听"}, {"uid": "505038278", "content": "靓仔，你是路过人间的天使吗"}, {"uid": "283720299", "content": "哥哥，想你"}, {"uid": "2990694", "content": "99唱得好棒"}, {"uid": "22534652", "content": "超爱的一首"}, {"uid": "550831334", "content": "每年4.1 都会听一遍哥哥的歌"}, {"uid": "6694776", "content": "kksk"}, {"uid": "5426610", "content": "呜呜呜，99唱的真的太好了，怀念哥哥"}, {"uid": "7324197", "content": "哭出来了。。。。"}, {"uid": "7324197", "content": "是哥哥。。。。"}, {"uid": "196368729", "content": "好诶"}, {"uid": "9219923", "content": "当年情啊啊啊啊啊"}, {"uid": "7028542", "content": "霸王别姬啊"}, {"uid": "7269129", "content": "经典的霸王别姬啊"}, {"uid": "301365030", "content": "哥哥"}, {"uid": "505038278", "content": "哥哥"}]