[{"uid": "241813008", "content": "哇好有感觉"}, {"uid": "404680962", "content": "耳机党阵亡"}, {"uid": "601388744", "content": "呀卡吗洗"}, {"uid": "455533617", "content": "帥"}, {"uid": "400076357", "content": "野！"}, {"uid": "499416738", "content": "你要这么燃我可就关注了"}, {"uid": "498941411", "content": "呀卡吗洗"}, {"uid": "694197287", "content": "希望麦没事"}, {"uid": "367204868", "content": "好帅！！！！"}, {"uid": "492870005", "content": "姐姐快踢我一脚"}, {"uid": "426361196", "content": "直接自信hi老婆"}, {"uid": "6714479", "content": "kksk"}, {"uid": "1793253", "content": "好强啊啊啊帅！！"}, {"uid": "137215513", "content": "好酷"}, {"uid": "3796713", "content": "帅死了！！！"}, {"uid": "3796713", "content": "好帅啊啊啊啊"}, {"uid": "33709590", "content": "kksk"}, {"uid": "620831948", "content": "帅姐姐！！！！！"}, {"uid": "2990694", "content": "帅啊！！"}, {"uid": "2990694", "content": "姐姐太A了！我可以！！！"}, {"uid": "36289642", "content": "太酷了呜呜姐姐好飒"}, {"uid": "2182403", "content": "好A！suki！！"}, {"uid": "5594970", "content": "好听好听！"}, {"uid": "14910449", "content": "有点被涩到是怎么回事"}, {"uid": "431819367", "content": "呀卡吗洗无路赛"}, {"uid": "406328684", "content": "太帅了啊"}, {"uid": "28155632", "content": "亚卡马西！"}, {"uid": "446107011", "content": "嗨！老公"}, {"uid": "40631445", "content": "姐姐踩我"}, {"uid": "677886199", "content": "呀卡马西！"}, {"uid": "256320331", "content": "呀卡吗洗！！"}, {"uid": "448240106", "content": "这贝斯好炸"}, {"uid": "627444955", "content": "哈哈"}, {"uid": "21419062", "content": "太帅了"}, {"uid": "281180675", "content": "啊啊啊啊啊啊啊啊啊"}, {"uid": "37460205", "content": "姐姐踩我"}, {"uid": "687493252", "content": "你三连有了"}, {"uid": "456551265", "content": "呀卡吗洗！"}, {"uid": "430835292", "content": "火钳刘明"}, {"uid": "675208876", "content": "呀卡吗洗"}, {"uid": "7324197", "content": "我直接，嗨！老公！！！！"}, {"uid": "515603512", "content": "呀卡吗洗！"}, {"uid": "31532779", "content": "求求你了，嫁给我！！！！"}, {"uid": "39014042", "content": "摩多摩多"}, {"uid": "8221334", "content": "劲啊"}, {"uid": "35440151", "content": "姐姐踩我！"}, {"uid": "314848417", "content": "呀卡马西"}, {"uid": "1238555008", "content": "鸭咔妈洗"}, {"uid": "28691965", "content": "九妈好强！"}, {"uid": "451232533", "content": "好帅"}, {"uid": "1793253", "content": "99999999"}, {"uid": "281180675", "content": "帅气姐姐娶我！"}, {"uid": "1570297", "content": "姐姐好酷"}, {"uid": "36065815", "content": "哇哇哇哇，好a！"}, {"uid": "1860143502", "content": "社会人？"}, {"uid": "174610977", "content": "呀卡吗洗的老承太郎了"}, {"uid": "177955635", "content": "啊啊啊啊"}, {"uid": "24739403", "content": "好帅！！！"}, {"uid": "677781962", "content": "哇好帅"}, {"uid": "318226967", "content": "姐姐好帅！！！我好爱！！！"}, {"uid": "8787188", "content": "姐姐好帅！"}, {"uid": "677921335", "content": "嗨老婆"}, {"uid": "411516897", "content": "呀卡吗洗"}, {"uid": "28819918", "content": "好帅"}, {"uid": "73609534", "content": "哇、"}, {"uid": "426361196", "content": "自信，hi老婆"}, {"uid": "407801777", "content": "你是卡欧斯的姐姐吗"}, {"uid": "15391087", "content": "哈哈哈哈"}, {"uid": "381453995", "content": "嗨老婆"}, {"uid": "299664747", "content": "呀卡玛洗"}, {"uid": "446568946", "content": "呀卡吗洗！"}, {"uid": "426361196", "content": "自信hi老婆"}, {"uid": "1428596011", "content": "姐姐好帅！！我好爱"}, {"uid": "1793253", "content": "太帅了吧！！！"}, {"uid": "446698451", "content": "啊啊啊，啊啊啊啊啊"}, {"uid": "26628187", "content": "好飒！！！！！"}, {"uid": "281180675", "content": "啊啊啊啊啊啊啊啊啊啊啊啊啊啊啊啊啊啊啊啊啊啊啊啊啊啊啊"}, {"uid": "281180675", "content": "啊啊啊啊啊啊啊啊啊啊啊啊啊啊啊啊啊啊啊啊"}, {"uid": "23026909", "content": "姐姐踩我！！！！！！！！！！！！"}, {"uid": "23026909", "content": "姐姐好帅！！！！！！！！！！！！！！！！！！！！"}, {"uid": "26628187", "content": "高个子姐姐！！！！！！！！！！我的爱！！！！"}, {"uid": "12207030", "content": "好帅！！！！妈妈咪！！！！！！"}]