[{"uid": "20334945", "content": "！！！！！！"}, {"uid": "157672336", "content": "太强了"}, {"uid": "520726427", "content": "这里莫名清爽！"}, {"uid": "34597811", "content": "有被狂到"}, {"uid": "499297253", "content": "好耶"}, {"uid": "6694776", "content": "kksk"}, {"uid": "122637674", "content": "帅！"}, {"uid": "24398044", "content": "姐姐好帅！！"}, {"uid": "498700441", "content": "好听"}, {"uid": "171969", "content": "开口跪"}, {"uid": "7205227", "content": "好耶！！！！！"}, {"uid": "475778642", "content": "阿伟反复去世"}, {"uid": "8110593", "content": "您"}, {"uid": "2658192", "content": "阿伟咋啥都去世？"}, {"uid": "85778526", "content": "玉帝音"}, {"uid": "506220243", "content": "绝"}, {"uid": "23467339", "content": "好嫩"}, {"uid": "89612381", "content": "帅"}]