[{"uid": "304180291", "content": "完蛋跟着晃起来了"}, {"uid": "98604797", "content": "这么丝滑这么丝滑的吗"}, {"uid": "40763702", "content": "后面的那段好爽"}, {"uid": "11457439", "content": "卧槽带感！！"}, {"uid": "2990694", "content": "这段好棒"}, {"uid": "452233313", "content": "老公呜呜呜"}, {"uid": "410624764", "content": "你别摇了啊啊啊好可爱"}, {"uid": "613561964", "content": "这声音嘶哈嘶哈好帅"}, {"uid": "32296277", "content": "太好听了"}, {"uid": "7272195", "content": "头好魔性 ww"}, {"uid": "4042413", "content": "我直接喊老公"}, {"uid": "34597811", "content": "多谢款待"}, {"uid": "28691965", "content": "老公好厉害！"}, {"uid": "70251165", "content": "太帅了！！！"}, {"uid": "291421688", "content": "摇起来"}, {"uid": "78526962", "content": "哇这bass"}, {"uid": "272256173", "content": "英语念白太苏了！"}, {"uid": "257307433", "content": "可可爱爱大脑袋"}, {"uid": "291131363", "content": "这声笑wsl"}, {"uid": "8053519", "content": "可爱"}, {"uid": "336496", "content": "好q弹，摇来晃去的"}, {"uid": "35440151", "content": "老公我来了！"}, {"uid": "33257707", "content": "来了来了！"}, {"uid": "485742582", "content": "这只99好魔性hhhhh"}, {"uid": "8634751", "content": "一分钟⊙▽⊙"}, {"uid": "272256173", "content": "好可爱啊哈哈哈哈哈"}, {"uid": "25459946", "content": "好可爱"}, {"uid": "2990694", "content": "awsl"}, {"uid": "10160551", "content": "快跑啊影魔开大啦"}, {"uid": "353975782", "content": "老公好可爱"}, {"uid": "291131363", "content": "我直接     嗨，老公"}, {"uid": "322358640", "content": "好可爱啊啊啊啊啊啊"}, {"uid": "171409747", "content": "好可爱"}, {"uid": "106049050", "content": "妹妹好A阿，我喜欢"}, {"uid": "40763702", "content": "好可爱"}, {"uid": "131453599", "content": "我死了"}, {"uid": "28544524", "content": "笑死太晃了"}, {"uid": "4556743", "content": "老公好帅！"}, {"uid": "116133672", "content": "摇摆带感"}, {"uid": "104377234", "content": "kksk"}, {"uid": "61261", "content": "哈哈~"}, {"uid": "35938985", "content": "这个尾音！！这个气息！！我可！！"}, {"uid": "20476133", "content": "摇摇晃晃好可爱"}, {"uid": "17464288", "content": "好憨憨"}, {"uid": "2990694", "content": "我也摇起来了"}, {"uid": "10004969", "content": "好可爱"}, {"uid": "14214630", "content": "好可爱！！！"}, {"uid": "4556743", "content": "awsl"}, {"uid": "7324197", "content": "QQ弹弹"}, {"uid": "25459946", "content": "suki"}]