[{"uid": "329524", "content": "小橘猫 好可爱！"}, {"uid": "4456782", "content": "昂~"}, {"uid": "88895411", "content": "哈哈哈哈哈哈"}, {"uid": "11569217", "content": "绯红之王太草了"}, {"uid": "374374149", "content": "草"}, {"uid": "10543269", "content": "可爱"}, {"uid": "313008836", "content": "这句话什么意思？？？"}, {"uid": "37253718", "content": "awsl"}, {"uid": "37253718", "content": "超可爱橘猫！"}, {"uid": "13575070", "content": "火"}, {"uid": "3008017", "content": "晨哥！！！！！"}, {"uid": "3008017", "content": "Killer Queen！！！"}, {"uid": "70818", "content": "再放送"}, {"uid": "493801947", "content": "哈哈哈"}, {"uid": "493801947", "content": "awsl"}]