[{"uid": "442285568", "content": "kksk"}, {"uid": "37253718", "content": "猫猫超可爱！"}, {"uid": "169523006", "content": "噢"}, {"uid": "85353372", "content": "啾啾"}, {"uid": "23838334", "content": "啾~"}, {"uid": "130554", "content": "可爱"}, {"uid": "240838691", "content": "啊（捂住心脏）"}, {"uid": "458402", "content": "可爱"}, {"uid": "70818", "content": "啾~"}, {"uid": "11691053", "content": "chuchu"}, {"uid": "1246838", "content": "Awsl"}, {"uid": "4265939", "content": "啾~"}, {"uid": "5106993", "content": "那边的考生！赶紧撂下手机滚去复习！"}, {"uid": "37253718", "content": "可爱猫猫！"}, {"uid": "29156166", "content": "kksk"}, {"uid": "506425", "content": "mua"}, {"uid": "240838691", "content": "可爱"}, {"uid": "231601", "content": "草"}, {"uid": "11691053", "content": "suki"}, {"uid": "464076", "content": "kawaii"}, {"uid": "240838691", "content": "suki"}, {"uid": "248988567", "content": "suki"}, {"uid": "1295863", "content": "233333"}, {"uid": "296757530", "content": "Milky可爱"}, {"uid": "169523006", "content": "啊啊啊啊"}, {"uid": "452861", "content": "suki"}, {"uid": "240838691", "content": "awsl"}, {"uid": "37253718", "content": "www"}, {"uid": "248988567", "content": "mua"}, {"uid": "470053315", "content": "ZBC"}, {"uid": "1339040", "content": "chuchu Milky"}, {"uid": "3102591", "content": "好耶"}, {"uid": "1535619", "content": "日本也是六月高考？"}]