[{"uid": "419011607", "content": "太可爱啦www"}, {"uid": "490216", "content": "哈哈哈哈哈哈"}, {"uid": "2956619", "content": "奇怪的口语，很可爱www"}, {"uid": "2017973", "content": "头上暴扣～"}, {"uid": "23838334", "content": "一听见这味的日语就想起可怜酱了"}, {"uid": "21610865", "content": "逐渐变歪"}, {"uid": "15784954", "content": "捕捉野生橘猫"}, {"uid": "70818", "content": "不仅拿在手上，甚至还装进了兜里"}, {"uid": "70818", "content": "美国口音的日语橘猫"}, {"uid": "15098364", "content": "外语语调卡哇伊"}, {"uid": "32407447", "content": "kawaiiiii~"}, {"uid": "11780146", "content": "橘猫这个调调说得越来越熟练了。"}, {"uid": "11780146", "content": "令人安心的bgm"}, {"uid": "37253718", "content": "SUKI"}, {"uid": "37253718", "content": "橘猫超可爱！"}, {"uid": "44977420", "content": "？？？？？？？？？？？？？？"}]