[{"uid": "179162519", "content": "好可爱"}, {"uid": "70930206", "content": "可爱！"}, {"uid": "240838691", "content": "awsl"}, {"uid": "240838691", "content": "太可爱啦"}, {"uid": "3008017", "content": "可爱！！！！"}, {"uid": "375160", "content": "wwwwww"}, {"uid": "11691053", "content": "好听好听"}, {"uid": "38292977", "content": "可爱"}, {"uid": "179162519", "content": "可爱可爱"}, {"uid": "162297586", "content": "可爱猫猫！"}, {"uid": "240838691", "content": "可爱"}, {"uid": "3008017", "content": "我爱你，你爱我"}, {"uid": "403274", "content": "你爱我 我爱你 蜜雪冰城milky"}, {"uid": "240838691", "content": "来了来了"}]