[{"uid": "11691053", "content": "好耶"}, {"uid": "11691053", "content": "好耶"}, {"uid": "13586167", "content": "帅"}, {"uid": "38365307", "content": "草哈哈哈哈哈哈哈"}, {"uid": "37913832", "content": "菲利普：你怎么把我猫杀了"}, {"uid": "7787601", "content": "希望の花~~"}, {"uid": "2635209", "content": "好耶"}, {"uid": "1279679", "content": "爽朗的笑容"}, {"uid": "15098364", "content": "谢谢烤肉"}, {"uid": "15098364", "content": "笑果拉满"}, {"uid": "15098364", "content": "rua橘猫"}, {"uid": "240233810", "content": "你听她笑的多开心啊"}, {"uid": "130554", "content": "烤肉完毕"}, {"uid": "3885523", "content": "好耶"}, {"uid": "9064735", "content": "笑着笑着就哭了"}, {"uid": "3589672", "content": "开始吟唱"}, {"uid": "407217061", "content": "？"}, {"uid": "3008017", "content": "大伙给个三连吧~~"}, {"uid": "3008017", "content": "好气好气~"}, {"uid": "3008017", "content": "草草草草草草草"}, {"uid": "3008017", "content": "要来了！"}, {"uid": "13278447", "content": "大意了，没有闪"}, {"uid": "165890139", "content": "Cyclone Effect！是刀"}, {"uid": "305617742", "content": "草"}, {"uid": "11691053", "content": "ohhhh"}, {"uid": "66809708", "content": "草"}, {"uid": "214869704", "content": "哈哈哈哈哈哈哈哈"}, {"uid": "4178231", "content": "恍恍惚惚"}, {"uid": "3008017", "content": "哈哈哈哈哈哈哈"}, {"uid": "214869704", "content": "www"}, {"uid": "406322329", "content": "大家都会好耶了"}, {"uid": "37253718", "content": "草"}, {"uid": "37253718", "content": "可爱橘猫！"}, {"uid": "130554", "content": "看过了 但还想再笑一次"}, {"uid": "1616572", "content": "哈哈哈哈哈哈哈哈"}, {"uid": "24425071", "content": "哈哈哈哈"}, {"uid": "11691053", "content": "ohhh"}, {"uid": "495535", "content": "草"}, {"uid": "24412020", "content": "哈哈哈哈哈哈哈"}, {"uid": "407217061", "content": " ？？？？？？？？？？？"}, {"uid": "37253718", "content": "开心橘猫"}, {"uid": "11691053", "content": "hhhhh"}, {"uid": "11691053", "content": "kksk"}, {"uid": "3066249", "content": "好耶！"}, {"uid": "15098364", "content": "wwwwww"}, {"uid": "339779116", "content": "wwww"}, {"uid": "41287274", "content": "？？？"}, {"uid": "21820", "content": "好吃1！"}, {"uid": "419011607", "content": "好耶！"}, {"uid": "46518093", "content": "233333"}, {"uid": "11691053", "content": "草"}, {"uid": "22135939", "content": "草"}, {"uid": "1616435", "content": "哈哈哈"}, {"uid": "22914853", "content": "草"}, {"uid": "8530749", "content": "卧槽，炫狗？"}]