[{"uid": "3992443", "content": "令人安心"}, {"uid": "37039593", "content": "\\橘猫/\\橘猫/\\橘猫/"}, {"uid": "171982195", "content": "kksk"}, {"uid": "493801947", "content": "听成“好人”草"}, {"uid": "3589672", "content": "wsl"}, {"uid": "1268314", "content": "好听"}, {"uid": "12283027", "content": "好耶"}, {"uid": "12283027", "content": "橘猫天下第一可爱"}, {"uid": "12283027", "content": "老婆啊啊啊啊啊"}, {"uid": "15098364", "content": "好耶！"}, {"uid": "15098364", "content": "suki！"}, {"uid": "37253718", "content": "宇宙橘猫"}, {"uid": "37253718", "content": "可爱橘猫！"}, {"uid": "74984427", "content": "这是现场改词了吗"}, {"uid": "3008017", "content": "我爱你！！！"}, {"uid": "3008017", "content": "无处安放的双手wwwwww"}, {"uid": "3008017", "content": "橘猫好温柔啊！！"}, {"uid": "13813138", "content": "好耶ヾ(✿ﾟ▽ﾟ)ノ"}]