[{"uid": "279824387", "content": "甚至还有余裕唱歌"}, {"uid": "920135", "content": "义父，卡他跳斩蹭刀就行了，别的时候格挡"}, {"uid": "46518093", "content": "她好可爱"}, {"uid": "29127157", "content": "好活"}, {"uid": "413612", "content": "可爱小橘猫"}, {"uid": "1616572", "content": "爱了爱了，milky太可爱了"}, {"uid": "2595249", "content": "橘猫用道具了！ 好耶！"}, {"uid": "2595249", "content": "这剪辑。。"}, {"uid": "37253718", "content": "可爱小橘猫"}, {"uid": "366027774", "content": "架势槽怎么突然就满了"}, {"uid": "872047", "content": "草"}, {"uid": "24425071", "content": "强啊"}, {"uid": "24425071", "content": "哈哈哈哈哈"}, {"uid": "12283027", "content": "888"}, {"uid": "26981151", "content": "进来之前我以为橘猫要受苦，没想到橘猫不进秀了义父，还秀了我"}, {"uid": "26981151", "content": "好家伙，药都白喝了"}, {"uid": "22135939", "content": "nya"}, {"uid": "88596436", "content": "nya"}, {"uid": "3008017", "content": "wwwww"}, {"uid": "3008017", "content": "要来了～"}, {"uid": "15098364", "content": "谢谢烤肉！"}, {"uid": "15098364", "content": "JK Team 哈哈哈哈哈"}, {"uid": "15098364", "content": "Nya~"}, {"uid": "15098364", "content": "偷亲橘猫！"}, {"uid": "70818", "content": "好耶"}, {"uid": "88596436", "content": "awsl"}, {"uid": "17634247", "content": "可爱"}, {"uid": "413612", "content": "好耶"}, {"uid": "88596436", "content": "好耶"}, {"uid": "37253718", "content": "www"}, {"uid": "13278447", "content": "←休想！"}]