[{"uid": "3093093", "content": "一如既往的萌"}, {"uid": "343565", "content": "啊 熊的力量"}, {"uid": "361031242", "content": "爱了爱了"}, {"uid": "41287274", "content": "猫猫又哭了"}, {"uid": "41287274", "content": "|"}, {"uid": "2839030", "content": "超可愛いいいい"}, {"uid": "8605613", "content": "变白猫了！"}, {"uid": "179162519", "content": "太可爱了"}, {"uid": "37253718", "content": "可爱"}, {"uid": "37253718", "content": "橘猫超棒！"}, {"uid": "78965", "content": "2333333"}, {"uid": "78965", "content": "可动图层好细"}, {"uid": "78965", "content": "黑色剪影的橘猫的耳朵好抢眼"}, {"uid": "872047", "content": "很快啊，我一进来就快进到了流泪猫猫头了"}, {"uid": "78965", "content": "治愈人的笑声~"}, {"uid": "78965", "content": "来看橘（白）猫"}, {"uid": "3008017", "content": "老婆！！！！"}, {"uid": "3008017", "content": "白猫我来了！！"}]