[{"uid": "88895411", "content": "现在的耳朵还不会动……"}, {"uid": "42297731", "content": "出了2一定第一时间买  绝不想再被剧透了"}, {"uid": "42297731", "content": "wwwww"}, {"uid": "42297731", "content": "太美了！！！！！"}, {"uid": "42297731", "content": "羡慕~~~"}, {"uid": "2956619", "content": "游戏场景超美"}, {"uid": "2956619", "content": "羡慕了"}, {"uid": "291297399", "content": "如此橘猫怎能不爱"}, {"uid": "34997354", "content": "这个声音wwww"}, {"uid": "354200415", "content": "哦呦"}, {"uid": "37253718", "content": "可爱"}, {"uid": "32004914", "content": "wwww"}, {"uid": "42297731", "content": "wwwww可爱的橘猫"}, {"uid": "42297731", "content": "好怀念的场景！！"}, {"uid": "42297731", "content": "前方高能！！！"}, {"uid": "3008017", "content": "橘猫1.0也是很可爱的！"}, {"uid": "872047", "content": "吃灰草"}, {"uid": "872047", "content": "真香"}, {"uid": "872047", "content": "世界那么大我橘猫也想去看看"}, {"uid": "872047", "content": "惊了还有里字幕w"}, {"uid": "872047", "content": "草，当众炫耀"}, {"uid": "313008836", "content": "爱哭猫ww"}, {"uid": "872047", "content": "前排搓搓橘猫"}, {"uid": "13215498", "content": "任天堂警告"}, {"uid": "37253718", "content": "可爱橘猫"}, {"uid": "3008017", "content": "橘猫1."}]