[{"uid": "188937869", "content": "好听！"}, {"uid": "188937869", "content": "awsl"}, {"uid": "188937869", "content": "kksk"}, {"uid": "37253718", "content": "可爱"}, {"uid": "37253718", "content": "SUKI"}, {"uid": "37253718", "content": "可爱橘猫"}, {"uid": "11627097", "content": "milky"}, {"uid": "14824525", "content": "kksk"}, {"uid": "2374463", "content": "awsl"}, {"uid": "12334884", "content": "来了来了"}, {"uid": "188937869", "content": "\\Milky/\\Milky/\\Milky/\\Milky/\\Milky/"}]