[{"uid": "4792886", "content": "草 有点涩啊"}, {"uid": "11691053", "content": "mua"}, {"uid": "179162519", "content": "好可爱哈哈哈哈"}, {"uid": "179162519", "content": "太可爱了！！！"}, {"uid": "179162519", "content": "可爱可爱≧∇≦"}, {"uid": "179162519", "content": "prprpr"}, {"uid": "179162519", "content": "hso"}, {"uid": "179162519", "content": "prprprprpr"}, {"uid": "10481048", "content": "太可爱了"}, {"uid": "22960929", "content": "可爱"}, {"uid": "12383802", "content": "whl"}, {"uid": "275633904", "content": "hso！"}, {"uid": "11691053", "content": "应援！"}, {"uid": "11691053", "content": "chu～"}, {"uid": "11691053", "content": "晚上好！"}, {"uid": "3008017", "content": "好耶！！！"}]