[{"uid": "5377902", "content": "菲利普，我们变身"}, {"uid": "5377902", "content": "事到如今还数的清嘛"}, {"uid": "479539882", "content": "さあ、お前の罪を数えろ！！"}, {"uid": "116791", "content": "啾啾橘猫~"}, {"uid": "3008017", "content": "さあ、お前の罪を数えろ！！"}, {"uid": "3008017", "content": "爷青回"}, {"uid": "3008017", "content": "さあ、お前の罪を数えろ！！！"}, {"uid": "37253718", "content": "www"}, {"uid": "37253718", "content": "摸摸耳朵"}, {"uid": "762428", "content": "事到如今还数的清吗"}, {"uid": "37253718", "content": "可爱橘猫"}, {"uid": "165890139", "content": "撒，来细数你的罪恶吧！"}, {"uid": "165890139", "content": "撒，来细数你的罪恶吧！"}, {"uid": "165890139", "content": "撒，来细数你的罪恶吧！"}, {"uid": "165890139", "content": "撒，来细数你的罪恶吧！"}, {"uid": "165890139", "content": "撒，来细数你的罪恶吧！"}, {"uid": "165890139", "content": "撒，来细数你的罪恶吧！"}, {"uid": "46411311", "content": "夜店销魂曲"}, {"uid": "677376085", "content": "可爱"}]