[{"uid": "10978422", "content": "折磨王"}, {"uid": "10978422", "content": "hhhhhhhh"}, {"uid": "515295548", "content": "我今天就要撞死这个boss"}, {"uid": "1821770", "content": "下落速度太快了"}, {"uid": "26002622", "content": "强"}, {"uid": "26002622", "content": "kksk"}, {"uid": "26002622", "content": "草"}, {"uid": "26002622", "content": "这橘猫爱了爱了"}, {"uid": "403701580", "content": "折磨王"}, {"uid": "18693177", "content": "太鬼畜了"}, {"uid": "2686093", "content": "草？"}, {"uid": "2686093", "content": "草"}, {"uid": "2686093", "content": "kksk"}, {"uid": "2686093", "content": "草"}, {"uid": "35772192", "content": "十倍的加速度（"}, {"uid": "130554", "content": "看上去操作手感不太好。。。"}, {"uid": "36102778", "content": "非静止画面"}, {"uid": "12649805", "content": "这个跳太快了啊"}, {"uid": "12649805", "content": "啊这"}, {"uid": "35649585", "content": "街上也没有贾拉尔号角"}, {"uid": "18734008", "content": "气  哭  了（狗头）"}, {"uid": "18734008", "content": "ut草"}, {"uid": "18734008", "content": "草"}, {"uid": "18734008", "content": "awsl"}, {"uid": "18734008", "content": "jump king？"}, {"uid": "30260685", "content": "草"}, {"uid": "262514956", "content": "哈哈才"}, {"uid": "161236898", "content": "这是火星重力吧"}, {"uid": "8640711", "content": "点一哈玩一年哈哈"}, {"uid": "366027774", "content": "翻译错了吧，第二个和第三个反了"}, {"uid": "7313649", "content": "milky唱歌milky死"}, {"uid": "112776970", "content": "橘猫这表情很到位啊2333"}, {"uid": "112776970", "content": "哈哈哈哈哈哈"}, {"uid": "73797342", "content": "ohhhhhhhhhhhhhh"}, {"uid": "73797342", "content": "草"}, {"uid": "11627250", "content": "沉默www"}, {"uid": "11627250", "content": "猫里奥"}, {"uid": "73797342", "content": "草"}, {"uid": "73797342", "content": "难受"}, {"uid": "52937131", "content": "承包这片弹幕"}, {"uid": "3008017", "content": "wwwww期待下半部！！！！"}, {"uid": "3008017", "content": "我爱橘猫！"}, {"uid": "379238900", "content": "草"}, {"uid": "70818", "content": "草"}, {"uid": "70818", "content": "希望之花"}, {"uid": "2956619", "content": "kuso game确信"}, {"uid": "2956619", "content": "草"}, {"uid": "2956619", "content": "rua"}, {"uid": "2956619", "content": "生日那天被拉去当测试员的橘猫草"}, {"uid": "2956619", "content": "天才"}, {"uid": "2956619", "content": "草"}, {"uid": "2956619", "content": "草，怎么还带陷阱的"}, {"uid": "2956619", "content": "太胖了（"}, {"uid": "2956619", "content": "看名单的目的变了（"}, {"uid": "2956619", "content": "草"}, {"uid": "5353777", "content": "这个而游戏操作很难呀"}, {"uid": "2956619", "content": "掉落速度慢一点其实会简单很多"}, {"uid": "2956619", "content": "生日礼物却这么难，太屑了"}, {"uid": "2956619", "content": "太屑了，这个游戏"}, {"uid": "2956619", "content": "刺杀名单预定"}, {"uid": "15098364", "content": "震惊猫猫"}, {"uid": "37543583", "content": "震撼橘猫"}, {"uid": "17365035", "content": "加把劲骑士的预感"}, {"uid": "484970667", "content": "刻在DNA的套路"}, {"uid": "484970667", "content": "ohhhhhhhhhhhhhhh"}, {"uid": "484970667", "content": "ohhhhhhhhhhhhhh"}, {"uid": "250220267", "content": "刻进dna（"}, {"uid": "11579863", "content": "ohhhhhhhh"}, {"uid": "500393", "content": "这个跳跃下落速度是不是有点快啊……感觉是最高点-最低点直接判定了啊"}, {"uid": "22085230", "content": "怀疑猫生"}, {"uid": "401831833", "content": "怀疑人生"}, {"uid": "26631", "content": "看右下"}, {"uid": "26631", "content": "wwwww"}, {"uid": "401831833", "content": "突然沉默"}, {"uid": "26631", "content": "前一个门没看到草"}, {"uid": "26631", "content": "www"}, {"uid": "33779152", "content": "草"}, {"uid": "26631", "content": "气出猫叫"}, {"uid": "26631", "content": "这里躲过了一发子弹"}, {"uid": "26631", "content": "wwwwww"}, {"uid": "26631", "content": "冲！"}, {"uid": "26631", "content": "neeeeeeeee"}, {"uid": "26631", "content": "2333"}, {"uid": "88895411", "content": "细心！"}, {"uid": "26631", "content": "www"}, {"uid": "88895411", "content": "milky"}, {"uid": "26631", "content": "wwww"}, {"uid": "10053460", "content": "看到我发的kksk了哈哈哈"}, {"uid": "26631", "content": "草"}, {"uid": "2701524", "content": "ohhhhhhh"}, {"uid": "2472947", "content": "ut草"}, {"uid": "88895411", "content": "惨的"}, {"uid": "314889", "content": "不要停下来啊橘猫！"}, {"uid": "872047", "content": "草过于熟练"}, {"uid": "2701524", "content": "草，这游戏"}, {"uid": "872047", "content": "wryyyyyyyyyyyyyyyyy"}, {"uid": "37253718", "content": "可爱橘猫"}, {"uid": "872047", "content": "胖橘重力加速"}, {"uid": "2701524", "content": "草"}, {"uid": "37253718", "content": "www"}, {"uid": "872047", "content": "这就是为什么橘猫之所以爱宅在家玩游戏的原因所在了啊"}, {"uid": "2701524", "content": "草"}, {"uid": "872047", "content": "《精准》"}, {"uid": "3008017", "content": "橘猫不哭~"}, {"uid": "2701524", "content": "草"}, {"uid": "872047", "content": "有点期待（待会统统写进死亡笔记"}, {"uid": "2701524", "content": "草"}, {"uid": "3008017", "content": "来了，老anti了！"}, {"uid": "11145624", "content": "缺了个全部木大啊"}, {"uid": "12334884", "content": "孩子要疯了ww"}, {"uid": "37253718", "content": "超可爱橘猫猫"}, {"uid": "341143536", "content": "888888"}, {"uid": "2374463", "content": "草，n2考题"}, {"uid": "354200415", "content": "可爱 亲亲抱抱举高高"}, {"uid": "3008017", "content": "终于来了！！！！！"}, {"uid": "8423199", "content": "アンチ藤雨"}, {"uid": "872047", "content": "哈哈哈哈哈哈哈哈哈哈哈哈哈哈哈哈哈哈哈"}]