[{"uid": "15098364", "content": "nya!"}, {"uid": "15098364", "content": "铃铛+猫，milky就是哆啦M"}, {"uid": "65762246", "content": "天使！！"}, {"uid": "65762246", "content": "超好听"}, {"uid": "37606677", "content": "suki"}, {"uid": "37253718", "content": "橘猫超可爱！"}, {"uid": "88895411", "content": "kawaii"}, {"uid": "3214219", "content": "太可爱了"}, {"uid": "22135939", "content": "milky是天使"}, {"uid": "403701580", "content": "可爱"}, {"uid": "872047", "content": "草爽到了"}, {"uid": "448736000", "content": "橘猫 suki"}, {"uid": "872047", "content": "打响指！"}, {"uid": "13890836", "content": "她真可爱"}, {"uid": "493801947", "content": "23333"}, {"uid": "238186341", "content": "suki"}, {"uid": "100427", "content": "哆啦milky"}, {"uid": "493801947", "content": "✨milky✨milky✨milky✨"}, {"uid": "238186341", "content": "✨milky✨milky✨milky✨"}]