[{"uid": "130957373", "content": "太可爱了"}, {"uid": "231601", "content": "暂停成功！"}, {"uid": "169523006", "content": "哈哈哈哈哈哈哈"}, {"uid": "202517", "content": "太生动了"}, {"uid": "34612827", "content": "milky天下第一可爱"}, {"uid": "3218583", "content": "好活儿"}, {"uid": "920135", "content": "这段爱了"}, {"uid": "26631", "content": "やだちょっと待て"}, {"uid": "872047", "content": "不要救！我要看猫猫跳舞！"}, {"uid": "6664981", "content": "wwww"}, {"uid": "403274", "content": "跳起了奇怪的舞蹈"}, {"uid": "23838334", "content": "kawaii"}, {"uid": "11691053", "content": "wwww"}, {"uid": "231601", "content": "你看她，笑的多开心~"}, {"uid": "24425071", "content": "虫噬之刑！"}, {"uid": "24425071", "content": "蛋白质而已  不可怕啊"}, {"uid": "3008017", "content": "新片头！！！"}, {"uid": "3008017", "content": "kawaiiiiiii~~~"}, {"uid": "872047", "content": "见过南方大蠊的表示，都是小case啦（"}, {"uid": "3008017", "content": "你剪的好啊！！！"}, {"uid": "375160", "content": "wwwwwww"}, {"uid": "71118856", "content": "wwwwww"}, {"uid": "23838334", "content": "WWWWW"}, {"uid": "659209", "content": "这是整的什么活"}, {"uid": "179162519", "content": "太可爱了"}, {"uid": "37253718", "content": "www"}, {"uid": "10978422", "content": "wwwww"}, {"uid": "11691053", "content": "hhhh"}, {"uid": "91497430", "content": "草"}, {"uid": "22271897", "content": "草"}]