[{"uid": "3008017", "content": "mirumiru！！！！！"}, {"uid": "872047", "content": "吸吸！让我吸吸！！！"}, {"uid": "37253718", "content": "猫猫超可爱！"}, {"uid": "240838691", "content": "来了来了"}, {"uid": "179162519", "content": "prprpr"}, {"uid": "309425785", "content": "可爱milky"}, {"uid": "6754619", "content": "好耶"}, {"uid": "1616572", "content": "好耶"}, {"uid": "76788762", "content": "好耶"}, {"uid": "375160", "content": "橘猫终于回来了！！！！！！！！！！"}]