[{"uid": "12285338", "content": "他雷反了你的雷反！"}, {"uid": "934786", "content": "嗯？"}, {"uid": "934786", "content": "道歉剑法"}, {"uid": "934786", "content": "我水开了"}, {"uid": "117565740", "content": "好气哦"}, {"uid": "117565740", "content": "草"}, {"uid": "117565740", "content": "哈哈哈哈"}, {"uid": "2941201", "content": "好吃！"}, {"uid": "2595249", "content": "hhhhhhhhhh"}, {"uid": "2595249", "content": "www"}, {"uid": "275633904", "content": "橘猫脾气真好"}, {"uid": "275633904", "content": "哈哈哈"}, {"uid": "15098364", "content": "字幕组皮"}, {"uid": "1824878", "content": "这BGM草"}, {"uid": "872047", "content": "《她同意了》"}, {"uid": "872047", "content": "一洗？！"}, {"uid": "872047", "content": "社长赢得了尊重（暂时"}, {"uid": "872047", "content": "可恶，JK组偷懒动用了谷歌老师"}, {"uid": "2350991", "content": "惨遭绝杀"}, {"uid": "2350991", "content": "好吵啊，我喜欢"}, {"uid": "370367506", "content": "紧贴时代的翻译"}, {"uid": "70818", "content": "盖帽"}, {"uid": "3008017", "content": "干杯！"}, {"uid": "3008017", "content": "橘猫尖叫合辑"}, {"uid": "3008017", "content": "不讲武德草"}, {"uid": "37253718", "content": "www"}, {"uid": "78965", "content": "橘猫的尖叫合集（爱了）"}, {"uid": "374374149", "content": "anti封面"}, {"uid": "2350991", "content": "弦酱"}, {"uid": "434408610", "content": "可可爱爱"}, {"uid": "37253718", "content": "可爱橘猫！"}]