[{"uid": "4784719", "content": "像素太少了。。"}, {"uid": "413612", "content": "wwww"}, {"uid": "1318353", "content": "草"}, {"uid": "174866061", "content": "这样的猫猫，谁不爱呢？(ღ˘⌣˘ღ)"}, {"uid": "24412020", "content": "Milky就是个爱哭鬼wwwwwwwww"}, {"uid": "493801947", "content": "清楚"}, {"uid": "158538735", "content": "羞耻"}, {"uid": "65762246", "content": "天使！"}, {"uid": "2472947", "content": "摘眼镜自动编码"}, {"uid": "37253718", "content": "www"}, {"uid": "37253718", "content": "橘猫真可爱啊"}, {"uid": "112776970", "content": "完全一致2333"}, {"uid": "22618168", "content": "milky太可爱了～"}, {"uid": "240838691", "content": "橘猫赛高"}, {"uid": "37253718", "content": "橘猫猫赛高"}, {"uid": "493801947", "content": "kawayi"}, {"uid": "1339040", "content": "H!"}, {"uid": "3623038", "content": "こちらこそ よろしく"}, {"uid": "3623038", "content": "天使"}, {"uid": "10841139", "content": "禁忌 二重哭泣"}, {"uid": "15098364", "content": "kawaii"}, {"uid": "3008017", "content": "双重哭泣"}, {"uid": "11925947", "content": "么么哒"}, {"uid": "240838691", "content": "来了来了"}, {"uid": "493801947", "content": "dd？？？"}]