[{"uid": "493801947", "content": "谢谢夸奖"}, {"uid": "493801947", "content": "谢谢夸奖"}, {"uid": "329524", "content": "可爱的橘猫！"}, {"uid": "222672387", "content": "AWSL"}, {"uid": "15115681", "content": "你好，是的"}, {"uid": "518234176", "content": "你再骂（恳求）"}, {"uid": "35772192", "content": "形变拉伸草"}, {"uid": "35682111", "content": "想(即答)"}, {"uid": "37253718", "content": "官方鬼畜www"}, {"uid": "37253718", "content": "awsl"}, {"uid": "4113427", "content": "草"}, {"uid": "3008017", "content": "双厨狂喜！！！！！"}, {"uid": "376953", "content": "好活"}, {"uid": "88895411", "content": "谢谢夸奖"}, {"uid": "30481096", "content": "草，八音盒？"}, {"uid": "15115681", "content": "果然是橘猫不错了"}, {"uid": "472308867", "content": "yesyes"}, {"uid": "3573980", "content": "kimoji"}, {"uid": "354200415", "content": "嘿嘿嘿"}, {"uid": "279386143", "content": "草"}, {"uid": "2221743", "content": "◐▂◐你在骂"}, {"uid": "37253718", "content": "可爱橘猫！"}, {"uid": "12334884", "content": "多来点~~~"}, {"uid": "872047", "content": "？？？？？"}, {"uid": "325257", "content": "是~（直球"}, {"uid": "493801947", "content": "kawaii"}, {"uid": "26895586", "content": "草"}, {"uid": "5339693", "content": "？？？"}, {"uid": "342759061", "content": "谢谢款待"}, {"uid": "493801947", "content": "谢谢夸奖。"}, {"uid": "493801947", "content": "谢谢夸奖"}, {"uid": "354200415", "content": "yes"}, {"uid": "8013974", "content": "摩多摩多"}, {"uid": "398875315", "content": "Yes"}, {"uid": "398875315", "content": "AWSL"}, {"uid": "240838691", "content": "wwwwww"}, {"uid": "1522907", "content": "whl"}, {"uid": "158538735", "content": "？？？"}, {"uid": "413612", "content": "请多来点"}]