[{"uid": "188937869", "content": "一起加油吧"}, {"uid": "188937869", "content": "好可爱啊啊啊啊啊啊啊"}, {"uid": "188937869", "content": "我是lsp我骄傲"}, {"uid": "188937869", "content": "心痛"}, {"uid": "188937869", "content": "可可爱爱"}, {"uid": "188937869", "content": "要一直加油哇"}, {"uid": "11691053", "content": "好！"}, {"uid": "11691053", "content": "二周年恭喜"}, {"uid": "11691053", "content": "chuchu～"}, {"uid": "11691053", "content": "hso"}, {"uid": "11691053", "content": "wwww"}, {"uid": "11691053", "content": "好耶！"}, {"uid": "11691053", "content": "ohhh"}, {"uid": "11691053", "content": "ohhhhhh"}, {"uid": "11691053", "content": "kawaii"}, {"uid": "12383802", "content": "我永远喜欢橘猫！！！！！！"}, {"uid": "73797342", "content": "kksk"}, {"uid": "174220030", "content": "二周年快乐"}, {"uid": "2560615", "content": "加油啊！"}, {"uid": "1279679", "content": "高技术力"}, {"uid": "8633100", "content": "一起加油吧"}, {"uid": "1616572", "content": "88888888"}, {"uid": "786526", "content": "工毛"}, {"uid": "13278447", "content": "BV1Ei4y157ez"}, {"uid": "13278447", "content": "【诶哆，以上是雪之华】"}, {"uid": "13278447", "content": "【晚上好miru~】"}, {"uid": "13278447", "content": "【有点...哦呀~】"}, {"uid": "13278447", "content": "【不好意思啊...啾】"}, {"uid": "13278447", "content": "【（打喷嚏）】"}, {"uid": "13278447", "content": "【啊是这么回事啊】"}, {"uid": "13278447", "content": "【啊，多适合一场生日派对啊（读画面的字）】"}, {"uid": "13278447", "content": "【谢谢棉花糖，真的很开心】"}, {"uid": "13278447", "content": "【啊，选桃子做名字的人好多，压倒性地多呢】"}, {"uid": "13278447", "content": "【啊原来是我的错么www】"}, {"uid": "13278447", "content": "【因为miru酱H所以大家才会H？】"}, {"uid": "13278447", "content": "【可以和我交往么...】"}, {"uid": "13278447", "content": "【我一直都一直都喜欢着你】"}, {"uid": "13278447", "content": "【怎么样呀~怎么样呀~】"}, {"uid": "13278447", "content": "【大家终于能看见啦】"}, {"uid": "13278447", "content": "【没有モ】"}, {"uid": "13278447", "content": "【啊，标题还没换】"}, {"uid": "13278447", "content": "【继续唱名曲啦】"}, {"uid": "37253718", "content": "可爱猫猫"}, {"uid": "24412020", "content": "TAT"}, {"uid": "440628", "content": "橘猫，加油"}, {"uid": "872047", "content": "底边的翻译好评！"}, {"uid": "11691053", "content": "我可以！"}, {"uid": "361031242", "content": "泪目"}, {"uid": "15098364", "content": "天使猫"}, {"uid": "15098364", "content": "可爱，结婚"}, {"uid": "13278447", "content": "（此为读弹幕）"}, {"uid": "13278447", "content": "【这种的...怎么忍得住啊...】"}, {"uid": "13278447", "content": "【那就选桃子】"}, {"uid": "110336", "content": "可爱"}, {"uid": "11691053", "content": "泪目"}, {"uid": "73797342", "content": "我永远喜欢milky"}, {"uid": "34507923", "content": "泪目"}, {"uid": "179162519", "content": "可爱可爱"}, {"uid": "13278447", "content": "【所以...】"}, {"uid": "11691053", "content": "hwww"}, {"uid": "11691053", "content": "可以"}, {"uid": "73797342", "content": "感谢陪伴"}, {"uid": "15098364", "content": "好耶"}, {"uid": "786526", "content": "草"}, {"uid": "13278447", "content": "BV1gC4y1W7FU"}, {"uid": "13278447", "content": "BV1d5411x74W  p4"}, {"uid": "11691053", "content": "ohhhhh"}, {"uid": "91497430", "content": "(  ･᷄ὢ･᷅)"}, {"uid": "73797342", "content": "kawaii"}, {"uid": "13278447", "content": "【啊嘞，小眼睛也...小...小眼睛也...啊嘞】"}]