[{"uid": "7313649", "content": "milky会弹琴吗?"}, {"uid": "37253718", "content": "橘猫最棒！"}, {"uid": "2595249", "content": "意味わかんない"}, {"uid": "37253718", "content": "SUKI"}, {"uid": "37253718", "content": "橘猫超可爱！"}, {"uid": "37253718", "content": "可爱橘猫！"}, {"uid": "70818", "content": "橘猫好兴奋"}, {"uid": "88895411", "content": "憨憨可还行，调皮的字幕组"}, {"uid": "88895411", "content": "1小时的熟肉啊！爱了"}, {"uid": "35972949", "content": "逃票实锤"}, {"uid": "3008017", "content": "wwwwwwww"}, {"uid": "2956619", "content": "明明是什么都没做的新人，却这么嚣张的出场www"}, {"uid": "3008017", "content": "可爱的橘猫，可爱的爱丽丝"}, {"uid": "2956619", "content": "重制版好厉害"}, {"uid": "2956619", "content": "草www"}, {"uid": "1760934", "content": "草"}, {"uid": "872047", "content": "哔——"}, {"uid": "240838691", "content": "太厉害了字幕组，之前还以为是剪辑熟肉呢"}, {"uid": "240838691", "content": "好大的烤肉！！！"}, {"uid": "240838691", "content": "wwwwww"}, {"uid": "240838691", "content": "哈哈哈"}, {"uid": "43320", "content": "逃票"}, {"uid": "188937869", "content": "哈哈哈哈哈"}, {"uid": "3573980", "content": "2333"}]