[{"uid": "23088362", "content": "哦豁~~~"}, {"uid": "3008017", "content": "橘猫唱歌，我来死"}, {"uid": "99943402", "content": "朕的皇家翻译呢，怎么还不出来"}, {"uid": "3008017", "content": "这高度不知道能摔死多少猎魔人"}, {"uid": "1460525", "content": "近距离装逼系统，启动！"}, {"uid": "872047", "content": "suki！！！"}, {"uid": "872047", "content": "直播时总是犹豫看橘猫还是游戏，现在好了嘿嘿嘿"}, {"uid": "3008017", "content": "来了来了"}, {"uid": "32021142", "content": "草"}]