[{"uid": "2648536", "content": "绝了"}, {"uid": "65150177", "content": "笑死"}, {"uid": "4178231", "content": "红红火火恍恍惚惚"}, {"uid": "4178231", "content": "前方高能"}, {"uid": "13299794", "content": "这笑声对劲"}, {"uid": "374374149", "content": "草"}, {"uid": "130554", "content": "掉崖二度"}, {"uid": "171982195", "content": "这方天画戟有点水啊"}, {"uid": "2350991", "content": "2333"}, {"uid": "2350991", "content": "自己笑死了"}, {"uid": "5377902", "content": "萝卜头——"}, {"uid": "366027774", "content": "毫无剪辑痕迹"}, {"uid": "1339040", "content": "施主有何事想不开啊"}, {"uid": "2324613", "content": "草"}, {"uid": "2966752", "content": "kksk"}, {"uid": "37253718", "content": "又跑下去了哈哈哈"}, {"uid": "37253718", "content": "快乐小橘猫"}, {"uid": "15098364", "content": "燕归来"}, {"uid": "15098364", "content": "不准涩！"}, {"uid": "37253718", "content": "wwwww"}, {"uid": "15098364", "content": "笑到肚子痛哈哈哈哈"}, {"uid": "15098364", "content": "wwwww"}, {"uid": "37253718", "content": "www"}, {"uid": "872047", "content": "草"}, {"uid": "872047", "content": "失去同步（指橘猫真·笑翻了"}, {"uid": "872047", "content": "卧槽这里突然有点涩起来了"}, {"uid": "872047", "content": "确实是看破了，不过是看破红尘自我极乐去了w"}, {"uid": "2030305", "content": "红红火火恍恍惚惚哈哈哈"}, {"uid": "26981151", "content": "跳的愈发熟练"}, {"uid": "3008017", "content": "太草了！！！"}, {"uid": "3008017", "content": "草草草草草"}, {"uid": "3008017", "content": "草，根本停不下来！！"}, {"uid": "3008017", "content": "啊哈哈哈哈哈哈哈哈"}, {"uid": "53571375", "content": "草"}, {"uid": "375160", "content": "wwwwwwwww"}, {"uid": "24425071", "content": "这视角看不到后面啊   怪不得疯狂跳崖"}, {"uid": "24425071", "content": "啊 这"}, {"uid": "413612", "content": "哈哈哈哈哈哈哈"}, {"uid": "202517", "content": "这段剪出来了哈哈哈"}, {"uid": "24425071", "content": "wwwwwwwwww"}, {"uid": "3225349", "content": "草"}, {"uid": "24412020", "content": "草"}, {"uid": "17454580", "content": "首发一楼"}, {"uid": "214869704", "content": "草"}, {"uid": "88895411", "content": "发生什么事了"}, {"uid": "4178231", "content": "橘——猫——"}, {"uid": "31311", "content": "此地可是白门楼"}, {"uid": "2030305", "content": "kksj"}, {"uid": "493801947", "content": "掉下去可还行"}, {"uid": "493801947", "content": "草"}, {"uid": "53571375", "content": "www"}, {"uid": "37253718", "content": "可爱小橘猫！"}, {"uid": "872047", "content": "让我揉揉猫肚子！！！"}, {"uid": "2648536", "content": "草"}, {"uid": "24412020", "content": "宁死不屈"}, {"uid": "215227426", "content": "wwwwww"}]