[{"uid": "37407703", "content": "要来力"}, {"uid": "3121318", "content": "要来了"}, {"uid": "288136880", "content": "舒服了"}, {"uid": "288136880", "content": "来了来了"}, {"uid": "22366346", "content": "kksk"}, {"uid": "313008836", "content": "前方高能"}, {"uid": "29788914", "content": "whl"}, {"uid": "2324613", "content": "kksk"}, {"uid": "279386143", "content": "wwwwwwwwwww"}, {"uid": "349789152", "content": "用的是触摸板吗?"}, {"uid": "37253718", "content": "可爱"}, {"uid": "37253718", "content": "suki"}, {"uid": "37253718", "content": "www"}, {"uid": "37253718", "content": "可爱"}, {"uid": "3008017", "content": "这个步伐wwwww"}, {"uid": "379238900", "content": "要来了"}, {"uid": "3008017", "content": "前方橘猫叫声高能"}, {"uid": "3008017", "content": "啾啾橘猫！！"}, {"uid": "4113427", "content": "天罚还行"}, {"uid": "4113427", "content": "斩首吧"}, {"uid": "13575070", "content": "草"}, {"uid": "32021142", "content": "真是不自然的便利店"}, {"uid": "38856435", "content": "wwwwwwwwwwww"}, {"uid": "872047", "content": "舒服了"}, {"uid": "37253718", "content": "可爱橘猫！"}]