[{"uid": "366027774", "content": "有卖的啊（商人视角）"}, {"uid": "11461408211", "content": "hahahah"}, {"uid": "374374149", "content": "好家伙，封面一看就是老anti了"}, {"uid": "2941201", "content": "越买钱越多www"}, {"uid": "130554", "content": "哈哈哈"}, {"uid": "171829694", "content": "是welcome的发音噢"}, {"uid": "1616572", "content": "hhhh太可爱了"}, {"uid": "3992443", "content": "？"}, {"uid": "4122205", "content": "老陆行鸟了"}, {"uid": "65762246", "content": "草啊www"}, {"uid": "65762246", "content": "草"}, {"uid": "339779116", "content": "wwww"}, {"uid": "12283027", "content": "wwwwww"}, {"uid": "12283027", "content": "草wwww"}, {"uid": "6752", "content": "23333"}, {"uid": "493801947", "content": "wwwww"}, {"uid": "493801947", "content": "草"}, {"uid": "5301621", "content": "？？？？"}, {"uid": "37253718", "content": "kawaii"}, {"uid": "37253718", "content": "www"}, {"uid": "10891682", "content": "very come 草"}, {"uid": "2740553", "content": "23333333"}, {"uid": "3008017", "content": "miru！"}, {"uid": "3008017", "content": "橘猫骂自己的时候真可爱wwww"}, {"uid": "16508396", "content": "www"}, {"uid": "12383802", "content": "太可爱了我死了"}, {"uid": "16508396", "content": "草"}, {"uid": "9064735", "content": "kawaiiiiiiiiiiiii"}, {"uid": "96120774", "content": "草"}, {"uid": "7818369", "content": "片尾suki"}, {"uid": "2691200", "content": "草"}, {"uid": "37253718", "content": "可爱橘猫！"}, {"uid": "3008017", "content": "草草草草草"}, {"uid": "1501699", "content": "哈哈哈哈"}, {"uid": "493801947", "content": "kawaii"}, {"uid": "91497430", "content": "哈哈哈"}, {"uid": "4122205", "content": "草"}]