[{"uid": "169523006", "content": "泪，奔了出来"}, {"uid": "169523006", "content": "milky太可爱了"}, {"uid": "1867181", "content": "阿尔伯特的台词啊这是...."}, {"uid": "11691053", "content": "我也是"}, {"uid": "2935232", "content": "太可爱了"}, {"uid": "215227426", "content": "我也爱你啊！"}, {"uid": "215227426", "content": "好喜欢橘猫啊！"}, {"uid": "38292977", "content": "摸摸橘猫"}, {"uid": "37253718", "content": "猫猫加油！"}, {"uid": "37253718", "content": "猫猫超可爱！"}, {"uid": "65762246", "content": "哈哈哈"}, {"uid": "19146769", "content": "加油加油要一直開心的活動下去 "}, {"uid": "180835", "content": "进社会后只会打键盘了，字写的和鸡爪一样"}, {"uid": "180835", "content": "每天都直播。。。。太拼了吧"}, {"uid": "920135", "content": "永远喜欢猫猫"}, {"uid": "3221058", "content": "自己居然知道"}, {"uid": "2350991", "content": "摸摸"}, {"uid": "2350991", "content": "写的很漂亮啊"}, {"uid": "2350991", "content": "居然中文写的"}, {"uid": "99094467", "content": "啊~~~好想抱她"}, {"uid": "424404792", "content": "摸摸猫头，不哭不哭"}, {"uid": "34997354", "content": "字比我好看多了"}, {"uid": "8633100", "content": "字确实很好看啊，比我好多了"}, {"uid": "3008017", "content": "永远单推橘猫！！"}, {"uid": "3008017", "content": "抱抱橘猫！！！"}, {"uid": "3008017", "content": "来了来了！！！"}, {"uid": "110336", "content": "字写得不错啊"}, {"uid": "629897419", "content": "破防了"}, {"uid": "275633904", "content": "流泪猫猫头什么的，最可爱了"}, {"uid": "872047", "content": "草，不哭就脸红了"}, {"uid": "872047", "content": "kksk"}, {"uid": "10891682", "content": "谢谢！"}, {"uid": "10891682", "content": "哇！！！！谢谢橘猫"}, {"uid": "78965", "content": "Milky~好きです~"}, {"uid": "242200699", "content": "op技术满满车车佬tql！"}, {"uid": "6719923", "content": "橘猫贴贴"}, {"uid": "78965", "content": "开心的泪水~都是好事儿"}, {"uid": "78965", "content": "摸摸头~"}, {"uid": "15098364", "content": "搓搓猫猫，不哭不哭"}, {"uid": "15098364", "content": "我也爱你"}, {"uid": "179162519", "content": "可爱可爱"}, {"uid": "99094467", "content": "字好看"}, {"uid": "11691053", "content": "ohhhhhhsuki"}, {"uid": "3885523", "content": "来了来了来了"}, {"uid": "11691053", "content": "毕竟是gamer橘猫wwwww"}, {"uid": "34507923", "content": "来了来了"}, {"uid": "78965", "content": "Milky~"}, {"uid": "15098364", "content": "我永远喜欢Milky"}, {"uid": "18672429", "content": "芜湖"}]