[{"uid": "4255222", "content": "WOC 粉上了"}, {"uid": "6742807", "content": "为何弹幕这么少"}, {"uid": "6742807", "content": "好听"}, {"uid": "19845348", "content": "suki"}, {"uid": "37253718", "content": "SUKI"}, {"uid": "37253718", "content": "可爱milky"}, {"uid": "7298615", "content": "好可爱啊啊啊"}, {"uid": "26898155", "content": "虽然这首歌蛮老的，但橘猫唱得很好听"}, {"uid": "128059192", "content": "88888888"}, {"uid": "128059192", "content": "很好听，Milky赛高"}, {"uid": "128059192", "content": "我来听歌了"}, {"uid": "11126066", "content": "MilkyO(∩_∩)O"}]