[{"uid": "11691053", "content": "好耶wwww"}, {"uid": "11691053", "content": "我也爱你～"}, {"uid": "11691053", "content": "加油"}, {"uid": "11691053", "content": "suki"}, {"uid": "41287274", "content": "哦，她说爱我！"}, {"uid": "40895075", "content": "一只猫"}, {"uid": "37253718", "content": "橘猫猫加油！"}, {"uid": "412686894", "content": "可爱"}, {"uid": "11098522", "content": "鸣人"}, {"uid": "214869704", "content": "awsl"}, {"uid": "151389", "content": "ww"}, {"uid": "400359440", "content": "suki"}, {"uid": "1795457", "content": "唱功感觉还是要练啊。。"}, {"uid": "3627897", "content": "爷青回"}, {"uid": "265994554", "content": "开心到鼻子发光"}, {"uid": "366027774", "content": "拜↓拜↓"}, {"uid": "9064735", "content": "sukisukidaisuki"}, {"uid": "20614140", "content": "脸上冒了个大白头，看着好疼"}, {"uid": "14441702", "content": "贴！"}, {"uid": "26002622", "content": "mua"}, {"uid": "26002622", "content": "awsk"}, {"uid": "26002622", "content": "suki"}, {"uid": "26002622", "content": "awsl"}, {"uid": "37253718", "content": "kawaii"}, {"uid": "37253718", "content": "超可爱橘猫！"}, {"uid": "493801947", "content": "妈妈？？？"}, {"uid": "42297731", "content": "真的可爱 哈哈哈哈"}, {"uid": "42297731", "content": "sukisuki"}, {"uid": "1616435", "content": "mua"}, {"uid": "157847", "content": "awsl"}, {"uid": "3008017", "content": "suki~~~~~"}, {"uid": "3008017", "content": "mua~~~~~~~~"}, {"uid": "3008017", "content": "gachi距离~~~~~~~"}, {"uid": "3008017", "content": "脸红的橘猫最可爱了！！！！！"}, {"uid": "15098364", "content": "她真可爱，不是吗"}, {"uid": "15098364", "content": "SUKI!"}, {"uid": "15098364", "content": "Milky⭐Milky⭐Milky⭐"}, {"uid": "15098364", "content": "SUKIIIIIIIII"}, {"uid": "3259054", "content": "可爱"}, {"uid": "3008017", "content": "加油啊橘猫！！！！！"}, {"uid": "3066249", "content": "mua"}, {"uid": "13278447", "content": "あああ恥ずかしいwww"}, {"uid": "11691053", "content": "贴贴！"}, {"uid": "151389", "content": "可爱橘猫"}, {"uid": "26002622", "content": "awsl"}, {"uid": "2966752", "content": "mua"}, {"uid": "279386143", "content": "贴"}, {"uid": "214869704", "content": "kksk"}, {"uid": "73797342", "content": "✨Milky✨Milky✨Milky✨Milky✨Milky✨"}, {"uid": "3008017", "content": "最喜欢橘猫了！！！！！！！！！！"}]