[{"uid": "108616189", "content": "啾"}, {"uid": "65762246", "content": "milu大家族~"}, {"uid": "65762246", "content": "milky真可爱！"}, {"uid": "32021142", "content": "啾"}, {"uid": "26002622", "content": "awsl"}, {"uid": "2168552", "content": "啾啾miru"}, {"uid": "493801947", "content": "suki~！"}, {"uid": "1616435", "content": "mua"}, {"uid": "15098364", "content": "天使猫猫suki"}, {"uid": "3008017", "content": "太可爱了！！！！！！"}, {"uid": "3008017", "content": "mua~~~~"}, {"uid": "3008017", "content": "睡着了睡着了"}, {"uid": "3008017", "content": "你脸红了耶"}, {"uid": "91497430", "content": "团子 团子 团子~"}, {"uid": "1412039", "content": "awsl"}, {"uid": "26002622", "content": "mua"}, {"uid": "37253718", "content": "橘猫超可爱！"}]