[{"uid": "10525562", "content": "橘猫太可爱了"}, {"uid": "478243077", "content": "上才艺"}, {"uid": "3461094", "content": "橘猫少年音也很好听"}, {"uid": "13215498", "content": "蜡笔小猫"}, {"uid": "440897518", "content": "稳的"}, {"uid": "440897518", "content": "awsl"}, {"uid": "21455366", "content": "kksk"}, {"uid": "203821", "content": "好帅啊！"}, {"uid": "493801947", "content": "kawaii"}, {"uid": "65888827", "content": "可爱 橘猫 可爱"}, {"uid": "65888827", "content": "awsl"}, {"uid": "37253718", "content": "橘猫超可爱"}, {"uid": "11412920", "content": "来了来了、"}, {"uid": "33430415", "content": "开幕累计"}]