[{"uid": "511989072", "content": "我也爱你"}, {"uid": "22135939", "content": "suki"}, {"uid": "7313649", "content": "awsl"}, {"uid": "130554", "content": "我爱你~"}, {"uid": "374374149", "content": "我也爱你"}, {"uid": "255103485", "content": "wooooooo"}, {"uid": "5353777", "content": "感觉milky的动捕细节很多"}, {"uid": "21610865", "content": "中午的我爱你"}, {"uid": "32457369", "content": "awsl"}, {"uid": "37253718", "content": "88888888"}, {"uid": "37253718", "content": "suki"}, {"uid": "37253718", "content": "可爱橘猫！"}, {"uid": "70818", "content": "阿姨洗铁路"}, {"uid": "70818", "content": "我爱你"}, {"uid": "305617742", "content": "我爱你"}, {"uid": "4792886", "content": "刚刚那句是不是有点不一样？？？"}, {"uid": "366027774", "content": "害怕"}]