[{"uid": "1535619", "content": "真正看见了反而不怕"}, {"uid": "34711952", "content": "可爱"}, {"uid": "1616572", "content": "太可爱了"}, {"uid": "23106059", "content": "起伏起伏"}, {"uid": "214869704", "content": "拜拜"}, {"uid": "179162519", "content": "可爱可爱"}, {"uid": "444297493", "content": "可爱+1"}, {"uid": "3789279", "content": "直接溜"}, {"uid": "3789279", "content": "深蹲可还行"}, {"uid": "3789279", "content": "草"}, {"uid": "3789279", "content": "这是靠吼给自己壮胆吗"}, {"uid": "46518093", "content": "233333"}, {"uid": "10424479", "content": "可爱"}, {"uid": "2688", "content": "好家伙 老板大气都会"}, {"uid": "2688", "content": "吓到大笑"}, {"uid": "313008836", "content": "这该死的安全感，柜子永远滴神"}, {"uid": "97110170", "content": "前方高能"}, {"uid": "97110170", "content": "危"}, {"uid": "3221058", "content": "吓傻了哈哈哈哈哈哈"}, {"uid": "3221058", "content": "哈哈哈哈"}, {"uid": "33748174", "content": "要  来  力"}, {"uid": "768171", "content": "完全没在怕"}, {"uid": "872047", "content": "看，你又在笑，还在笑怪物"}, {"uid": "872047", "content": "哈哈哈哈哈哈哈"}, {"uid": "872047", "content": "那是比猫猫更需要妈妈的声音（"}, {"uid": "872047", "content": "还舒服的笑声"}, {"uid": "872047", "content": "？？？你想干嘛"}, {"uid": "872047", "content": "嚟了嚟了"}, {"uid": "366027774", "content": "草"}, {"uid": "1616572", "content": "这里milky倒吸一口凉气，真是笑死我了"}, {"uid": "36800", "content": "看她多高兴啊"}, {"uid": "413612", "content": "哈哈哈哈哈哈哈哈哈"}, {"uid": "3008017", "content": "猫叫猫叫"}, {"uid": "375160", "content": "这是狂笑不是惨叫wwww"}, {"uid": "12307194", "content": "hhh"}]