[{"uid": "195217", "content": "ok"}, {"uid": "1497133", "content": "精神"}, {"uid": "419011607", "content": "ok！"}, {"uid": "1268314", "content": "耳朵"}, {"uid": "674833", "content": "一声OK瞬间清醒。。"}, {"uid": "13215498", "content": "蜡笔小猫"}, {"uid": "37253718", "content": "8888888"}, {"uid": "3008017", "content": "每日补充橘猫能量！"}, {"uid": "7437350", "content": "耳朵好可爱"}, {"uid": "24307055", "content": "OK！"}, {"uid": "440897518", "content": "来啦来啦"}, {"uid": "37253718", "content": "可爱小橘猫"}]