[{"uid": "178540616", "content": "H？？？？"}, {"uid": "7437350", "content": "草"}, {"uid": "36277250", "content": "本来我觉得不吓人的"}, {"uid": "12283027", "content": "美味"}, {"uid": "65888827", "content": "第二次被树枝吓到了2333"}, {"uid": "65888827", "content": "这哪里是惨叫啊，明明那么可爱~"}, {"uid": "214869704", "content": "慘"}, {"uid": "231601", "content": "Oh No Oh No Oh No No No"}, {"uid": "1616572", "content": "Awsl,太可爱了"}, {"uid": "130554", "content": "h 还行 哈哈哈"}, {"uid": "1421435", "content": "好切"}, {"uid": "3928751", "content": "被树枝吓到我是没想到的哈哈哈"}, {"uid": "13172285", "content": "吓我一跳"}, {"uid": "23426483", "content": "awsl"}, {"uid": "366027774", "content": "老爷爷—————"}, {"uid": "366027774", "content": "才发现是生肉"}, {"uid": "13099787", "content": "她在笑"}, {"uid": "286230", "content": "一边喊着牡蛎一边神格挡的猫猫"}, {"uid": "3221058", "content": "牡蛎~~~"}, {"uid": "15098364", "content": "猫叫suki"}, {"uid": "110087", "content": "啊啊啊啊啊啊啊啊啊啊啊啊啊啊啊啊啊啊啊啊啊啊啊啊啊啊"}, {"uid": "179162519", "content": "可爱可爱"}, {"uid": "248988567", "content": "猫猫可爱"}, {"uid": "37253718", "content": "猫猫超可爱"}]