[{"uid": "37475140", "content": "橘猫太可爱了！"}, {"uid": "188937869", "content": "motto!"}, {"uid": "188937869", "content": "motto"}, {"uid": "188937869", "content": "她好可爱！"}, {"uid": "188937869", "content": "AWSL"}, {"uid": "37253718", "content": "可爱橘猫！"}, {"uid": "810838", "content": "もっと！"}, {"uid": "14620968", "content": "suki"}, {"uid": "11691053", "content": "fans好耶"}, {"uid": "188937869", "content": "\\milky/\\milky/\\milky/\\milky/\\milky/"}, {"uid": "810838", "content": "もっと！もっと！もっと！もっと！"}]