[{"uid": "202517", "content": "这个池面音我可以了"}, {"uid": "24425071", "content": "眼睛要瞎了wwwwww"}, {"uid": "24425071", "content": "wwwwwwwwwwww"}, {"uid": "4792886", "content": "100W岁哈哈哈哈哈"}, {"uid": "34549543", "content": "草"}, {"uid": "22960929", "content": "我裂开了"}, {"uid": "351716191", "content": "草"}, {"uid": "8640711", "content": "裂开了"}, {"uid": "8640711", "content": "奥义。。max一瞬千击"}, {"uid": "14948369", "content": "草"}, {"uid": "12283027", "content": "wwwwww"}, {"uid": "493801947", "content": "我裂开"}, {"uid": "379238900", "content": "草w"}, {"uid": "70818", "content": "裂开了"}, {"uid": "42297731", "content": "草草草"}, {"uid": "1824878", "content": "电 眼 逼 人"}, {"uid": "22271897", "content": "草"}, {"uid": "20807149", "content": "bgm搞事啊"}, {"uid": "37253718", "content": "橘猫真可爱"}, {"uid": "37253718", "content": "milu小可爱"}, {"uid": "3008017", "content": "草"}, {"uid": "3008017", "content": "脸红的橘猫好可爱啊啊！！！！"}, {"uid": "3008017", "content": "开幕雷击！"}, {"uid": "24412020", "content": "可怕哈哈哈哈哈哈哈"}, {"uid": "71560519", "content": "开 幕 雷 击"}, {"uid": "366027774", "content": "草"}, {"uid": "366027774", "content": "草"}, {"uid": "2956619", "content": "草"}, {"uid": "872047", "content": "让我康康（振声"}, {"uid": "37253718", "content": "草"}, {"uid": "8640711", "content": "阿这"}, {"uid": "42297731", "content": "好可爱"}, {"uid": "1583098", "content": "快看啊，是冲国人喜欢的白毛啊"}, {"uid": "3008017", "content": "草草草草草"}, {"uid": "14948369", "content": "草"}, {"uid": "34549543", "content": "草"}]