[{"uid": "5241086", "content": "Wei"}, {"uid": "226547534", "content": "混入其中"}, {"uid": "366267", "content": "?"}, {"uid": "938224", "content": "而我，能活到第二年机票"}, {"uid": "342803", "content": "?"}, {"uid": "400544", "content": "动啊"}, {"uid": "400544", "content": "憋多了一次性腹泻？？？"}, {"uid": "225509640", "content": "混入其中"}, {"uid": "1876139", "content": "弹幕好大"}, {"uid": "405977728", "content": "差  不  多"}, {"uid": "2545390", "content": "右下角一堆缝合怪"}]