[{"uid": "3447737", "content": "5小时?真一刀不剪啊"}, {"uid": "43905831", "content": "机载音响（有端）"}, {"uid": "2748219", "content": "？"}, {"uid": "4018086", "content": "？大方啊"}, {"uid": "4018086", "content": "剪掉了什么"}, {"uid": "1974540", "content": "600RMB三发十连属实是亏了"}, {"uid": "3295728", "content": "你完了"}, {"uid": "7096971", "content": "好"}, {"uid": "1613238", "content": "好"}, {"uid": "1613238", "content": "千年日常"}, {"uid": "13048926", "content": "好！"}, {"uid": "52743396", "content": "开幕雷击是吧"}, {"uid": "37487432", "content": "目力"}]