[{"uid": "22224545", "content": "整挺好"}, {"uid": "352964", "content": "硬亏一个22"}, {"uid": "352964", "content": "逆天"}, {"uid": "11394601", "content": "这个东西，根本没人看得完啊（全恼）"}, {"uid": "8076965", "content": "鸭儿诶，你这样我们很为难的"}, {"uid": "257826454", "content": "吐了"}, {"uid": "9272540", "content": "wei，zaima？"}, {"uid": "290052562", "content": "八个小时，真有你的鸭，爽爽子"}, {"uid": "9187065", "content": "怎么up不说话？"}, {"uid": "89941", "content": "赞美爽爽"}]