[{"uid": "5075840", "content": "爽爽子的录像这个卡啊"}, {"uid": "1570316", "content": "对面的咕咕加农哪挖出来的"}, {"uid": "780877", "content": "哑巴在说话"}, {"uid": "19731845", "content": "因为你没买海盗船"}, {"uid": "58291128", "content": "罪 魁 祸首"}, {"uid": "2074327", "content": "不厚道乐声了"}, {"uid": "375199", "content": "bgm听着肝痛"}, {"uid": "4932862", "content": "caijikabaozhale"}, {"uid": "310951", "content": "芙蓉鸭"}, {"uid": "1282406", "content": "日常队友不行"}, {"uid": "16886286", "content": "ywwuyi卒業しろ！（doge"}, {"uid": "7557001", "content": "【我也不想】"}, {"uid": "7557001", "content": "【过年批事实在太多了】"}, {"uid": "7557001", "content": "【诶唷，过年这几天都在喝，喝得人喉咙都哑了】"}, {"uid": "7557001", "content": "【应该有声音吧】"}, {"uid": "7557001", "content": "【喂】"}, {"uid": "4329930", "content": "混入其中"}, {"uid": "400544", "content": "大声点"}, {"uid": "5819579", "content": "说明爽哥录播不行"}, {"uid": "1632489", "content": "魂！"}, {"uid": "371152", "content": "草"}, {"uid": "371152", "content": "鸭之轮回"}, {"uid": "371152", "content": "爽哥发声了"}, {"uid": "40231494", "content": "？"}, {"uid": "89514622", "content": "草，视频哪有弹幕好看"}, {"uid": "390957", "content": "弹幕这么奇怪的吗"}, {"uid": "390957", "content": "怪东西"}, {"uid": "1670338", "content": "中華兄貴車止めろ（"}, {"uid": "304026", "content": "双倍的弹幕，双倍的乳爽"}, {"uid": "3305145", "content": "经典第一个丢"}, {"uid": "2392732", "content": "草  到底是爽哥卡还是我卡  我一时间甚至没辨认出来"}, {"uid": "8169094", "content": "在哪报名。JPG"}, {"uid": "71993", "content": "经典赖队友"}, {"uid": "22620455", "content": "录播都能卡啊，麻了"}, {"uid": "4927133", "content": "还有独轮车，草"}, {"uid": "88941", "content": "来了来了"}, {"uid": "1473814", "content": "无法独立完成直播"}, {"uid": "32326385", "content": "菜b对狙爽哥没了"}, {"uid": "13968492", "content": "爽炸了"}, {"uid": "5310319", "content": "怎么会卡啊"}, {"uid": "4261796", "content": "请问我音箱坏了该换什么牌子"}, {"uid": "2102978", "content": "hhh"}, {"uid": "5924965", "content": "ka...."}, {"uid": "5776771", "content": "?什么拉胯录播这么卡"}, {"uid": "3814055", "content": "芙蓉，我的芙蓉"}, {"uid": "22096469", "content": "？医学奇迹！"}, {"uid": "564102", "content": "？？？！"}, {"uid": "5186082", "content": "哑巴说话了"}, {"uid": "484953613", "content": "完美融合"}, {"uid": "290258342", "content": "哦吼"}, {"uid": "166190", "content": "自带弹幕草"}, {"uid": "582833", "content": "爽哥过年这几天在干嘛啊，感觉声音不对"}, {"uid": "89978", "content": "怎么自带弹幕的 草"}, {"uid": "1559589165", "content": "狗怎么换成鸭子了"}, {"uid": "245335", "content": "还自带弹幕，厉害了"}, {"uid": "251269663", "content": "有声音了！！"}, {"uid": "49451", "content": "自带弹幕可还行"}, {"uid": "8550573", "content": "？"}, {"uid": "3252909", "content": "这是在洗米？"}, {"uid": "60893", "content": "无法独立完成直播"}, {"uid": "32798260", "content": "医学奇迹"}, {"uid": "13246047", "content": "医学奇迹"}, {"uid": "8083482", "content": "惊了，还带弹幕的"}, {"uid": "2425256", "content": "？？？？"}, {"uid": "29395919", "content": "怪东西"}, {"uid": "94039439", "content": "惊了"}, {"uid": "11268580", "content": "惊了"}, {"uid": "48153444", "content": "不是哑巴喝到会说话了？"}, {"uid": "48153444", "content": "果然爽哥的录屏得有直播时的弹幕"}, {"uid": "249592", "content": "混入其中"}, {"uid": "89813104", "content": "？"}, {"uid": "4753177", "content": "播这么多就传个30分钟的？"}, {"uid": "499281", "content": "非静止画面"}, {"uid": "8373285", "content": "好家伙 自带弹幕"}, {"uid": "582833", "content": "wei，zaima"}, {"uid": "194232", "content": "？？？？+"}, {"uid": "21687955", "content": "今天该片鸭了，GBO2吧"}, {"uid": "2978109", "content": "惊了"}, {"uid": "202486", "content": "？？？"}, {"uid": "32419102", "content": "？"}, {"uid": "1871661", "content": "双倍弹幕可还行"}, {"uid": "51876761", "content": "草"}, {"uid": "1733384", "content": "ohhhhh"}, {"uid": "828095", "content": "?"}, {"uid": "828227", "content": "鸭了"}, {"uid": "400544", "content": "钢之魂独立上传"}, {"uid": "16755851", "content": "？"}, {"uid": "3458930", "content": "zaima？"}, {"uid": "1404989", "content": "自带弹幕，您不对劲"}, {"uid": "19994416", "content": "？？"}, {"uid": "838885", "content": "buzai, cmn"}, {"uid": "4261796", "content": "wtf？"}, {"uid": "421936", "content": "爽哥的弹幕字体好怪哦"}, {"uid": "17085456", "content": "？"}, {"uid": "123180188", "content": "混入其中"}, {"uid": "1614719", "content": "？？？"}, {"uid": "8089300", "content": "会说话啊"}, {"uid": "58291128", "content": "khs"}, {"uid": "58291128", "content": "zz还是帅啊"}, {"uid": "6651235", "content": "？这人不是哑巴吗"}, {"uid": "109389235", "content": "ohhhhhhhhhh"}, {"uid": "397070", "content": "wei？在吗"}, {"uid": "545162007", "content": "怎么还自带弹幕的？"}, {"uid": "2294330", "content": "喉咙都鸭了"}, {"uid": "163938960", "content": "草"}, {"uid": "8641760", "content": "怎么没有切片man"}, {"uid": "11374", "content": "完美的60帧"}, {"uid": "1967931", "content": "怎么录播还带弹幕的？"}, {"uid": "294091600", "content": "？"}, {"uid": "6588708", "content": "？"}, {"uid": "14134189", "content": "好活"}, {"uid": "45343222", "content": "?"}, {"uid": "35879520", "content": "怎么回事？"}, {"uid": "24720222", "content": "？"}, {"uid": "1742133", "content": "钢之魂？"}, {"uid": "2748219", "content": "？"}, {"uid": "13055464", "content": "?"}, {"uid": "9319886", "content": "buzai，CNM"}, {"uid": "2566049", "content": "7 - 1"}, {"uid": "45343222", "content": "wei?zaima?"}, {"uid": "2670810", "content": "？"}, {"uid": "14058655", "content": "？"}, {"uid": "4383356", "content": "wei"}, {"uid": "8606952", "content": "好怪呀"}, {"uid": "8641760", "content": "？"}, {"uid": "9571090", "content": "？"}, {"uid": "15069346", "content": "这弹幕好真啊"}, {"uid": "109389235", "content": "oh"}, {"uid": "679595", "content": "很怪"}, {"uid": "27632311", "content": "好"}, {"uid": "828095", "content": "这就是养成系的吸引力吗？未来可期 未来可期"}]