[{"uid": "13012572", "content": "诺夫啊"}, {"uid": "13012572", "content": "搁这跳舞呢"}, {"uid": "71279791", "content": "好"}, {"uid": "3109519", "content": "哈哈哈"}, {"uid": "2014651", "content": "哈哈哈哈哈哈哈哈哈哈哈"}, {"uid": "1586594", "content": "给拉个做任务"}, {"uid": "1586594", "content": "金"}, {"uid": "73710581", "content": "？"}, {"uid": "73710581", "content": "真不愧是鸭子，太强了"}, {"uid": "11962639", "content": "108留着干什么"}, {"uid": "11962639", "content": "阿古斯"}, {"uid": "11962639", "content": "乐了"}, {"uid": "11962639", "content": "跳槽？"}, {"uid": "11962639", "content": "哦"}, {"uid": "6340742", "content": "草啊，我也听，怎么就年代了"}, {"uid": "126758366", "content": "不把弹幕录上去了吗（）"}, {"uid": "3742054", "content": "氪起来了"}, {"uid": "12761591", "content": "？"}, {"uid": "1815928", "content": "好"}, {"uid": "351485", "content": "钻石裂痕啊"}, {"uid": "507362", "content": "？"}, {"uid": "19777123", "content": "诶？"}, {"uid": "19777123", "content": "过几天就和天哥玩了"}, {"uid": "13899495", "content": "好"}, {"uid": "12021746", "content": "草"}, {"uid": "413135", "content": "激情刮痧"}, {"uid": "400544", "content": "又是终极拉稀式更新吗？"}, {"uid": "12021746", "content": "自带弹幕还挺好"}, {"uid": "314312900", "content": "?"}, {"uid": "640926", "content": "对象（指白鸡熊）"}, {"uid": "8076965", "content": "鸭 子 在 说 话"}, {"uid": "400544", "content": "快乐筒"}, {"uid": "12317120", "content": "zz性感哦"}]