[{"uid": "29472336", "content": "但是可以无脑电锯，甚至gp充瓶"}, {"uid": "105568217", "content": "《惩  罚》"}, {"uid": "5428877", "content": "没有斩斧轻弩吗"}, {"uid": "230234118", "content": "双刀永远滴神"}, {"uid": "21242624", "content": "众所周知，怪物猎人只有一把武器——太刀，跟十一把太刀派生武器"}, {"uid": "2061309218", "content": "双刀呢？"}, {"uid": "58437481", "content": "澡门"}, {"uid": "475959688", "content": "锤子和轻弩日常没排面"}, {"uid": "25792725", "content": "飞天登龙解"}, {"uid": "25792725", "content": "超姐就是爽 一直超姐一直爽！"}, {"uid": "24135791", "content": "我不知道但是他好帅虽然我好菜"}, {"uid": "7712997", "content": "红斗罗"}, {"uid": "101663409", "content": "世界不是就有了吗"}, {"uid": "3078373", "content": "进行一个福音的传"}, {"uid": "202339134", "content": "回头超姐 完了猫车"}, {"uid": "28492383", "content": "崛起是个武器都能空战"}, {"uid": "392472", "content": "你是神，比我更神"}, {"uid": "10682359", "content": "太门"}, {"uid": "290963", "content": "亿刀亿刀"}, {"uid": "93534502", "content": "光明内外"}, {"uid": "12489187", "content": "不是先变得特别低所以才磕药的吗"}, {"uid": "12489187", "content": "《恶 行》"}, {"uid": "364760772", "content": "轻弩没得排面吗"}, {"uid": "3508443", "content": "输在不够帅"}, {"uid": "28294531", "content": "不是太门？不是太门？"}, {"uid": "172344439", "content": "《高动作值》"}, {"uid": "495802353", "content": "现在是被小怪和卡肉荼毒"}, {"uid": "266894900", "content": "就突出一个你打你的 我打我的"}, {"uid": "354881", "content": "最早最早，远超就是防御屑"}, {"uid": "414683683", "content": "卡普空:等下就削你"}, {"uid": "414683683", "content": "卡普空:你放屁，没有老子哪来的你"}, {"uid": "414683683", "content": "《她》"}, {"uid": "414683683", "content": "草，电锯人"}, {"uid": "303004182", "content": "草"}, {"uid": "347412977", "content": "从容不迫指登空咂键盘"}, {"uid": "265123235", "content": "无敌的锤子 依然是地上最强的证明  或许只有铳枪才能让他们知道大人时代变了"}, {"uid": "87001308", "content": "？恁这是惩罚还是加强"}, {"uid": "6015234", "content": "决斗姻缘一线牵！"}, {"uid": "3237319", "content": "babayetu歌词是吧"}, {"uid": "68408387", "content": "双刀：？"}, {"uid": "446631138", "content": "受不了这委屈"}, {"uid": "161203163", "content": "澡门"}, {"uid": "161203163", "content": "澡门"}, {"uid": "6472464", "content": "可是，背景是铳枪鸭（小声）"}, {"uid": "646017573", "content": "铳枪？"}, {"uid": "28757351", "content": "神不能飞只是它对虫棍的慈悲"}, {"uid": "40341679", "content": "双刀依旧与世无争"}, {"uid": "445165", "content": "大锤依旧与世无争"}, {"uid": "13070232", "content": "这几刀把我鼻涕泡都笑出来了"}, {"uid": "6300321", "content": "扩散弓手路过"}, {"uid": "96399893", "content": "轻弩？"}, {"uid": "171724567", "content": "确实"}, {"uid": "337915058", "content": "太刀是这代崛起才强势，主要是会用居合基本无敌"}, {"uid": "168727041", "content": "爷的大锤呢"}, {"uid": "871357", "content": "笛子：一不小心就成了第一"}, {"uid": "12294453", "content": "炎喵泪目"}, {"uid": "86415200", "content": "《完美武器》"}, {"uid": "233665738", "content": "大剑:所以，那关我什么事？！"}, {"uid": "348809138", "content": "锤子甚至不配被提起"}, {"uid": "97135752", "content": "大剑玩家：我迅龙大剑用到3.0了啊喂"}, {"uid": "97135752", "content": "重弩：不好意思，现在我榴弹照样制霸"}, {"uid": "234765267", "content": "灰心哥: 我带你们打"}, {"uid": "234324965", "content": "蚌埠住了"}, {"uid": "5058160", "content": "不应该是女孩子对男孩子做的事情吗"}, {"uid": "34307991", "content": "新建号的默认武器都是太刀"}, {"uid": "4520787", "content": "想知道贪食好色是谁"}, {"uid": "70901785", "content": "麻了"}, {"uid": "293456", "content": "崛起超解好用啊，冰原才是强迫电锯"}, {"uid": "36837403", "content": "你的意思是神的旨意不落地喽，亵渎！"}, {"uid": "33010781", "content": "所以盾斧也能登龙了"}, {"uid": "29311627", "content": "狩猎笛单天彗能进3分台了"}, {"uid": "29311627", "content": "《一分台》"}, {"uid": "11816061", "content": "澡门"}, {"uid": "11816061", "content": "不是澡门？不是澡门？"}, {"uid": "511642763", "content": "妹子湖南人吧哈哈"}, {"uid": "17723137", "content": "寺界"}, {"uid": "481140352", "content": "笑死"}, {"uid": "2447733", "content": "蚌埠不住了hhhhhhhhh"}, {"uid": "22635200", "content": "这画面里面不是铳枪，你不要骗我"}, {"uid": "531540", "content": "太门！"}, {"uid": "22666", "content": "铁虫丝跳跃"}, {"uid": "6525052", "content": "草，唐突可爱"}, {"uid": "318944592", "content": "近战武器之神（大嘘）"}, {"uid": "1311689", "content": "失去高光的斩斧"}, {"uid": "35431736", "content": "我赌五毛钱，这个笛声是库姬吹的"}, {"uid": "38734554", "content": "教父！！！"}, {"uid": "34215878", "content": "盾斧才是王道，太刀算什么"}, {"uid": "346296903", "content": "大锤玩家探头"}, {"uid": "318596656", "content": "野猪才是永远的神"}, {"uid": "284050808", "content": "所以是在“钓鱼”啊"}, {"uid": "86464536", "content": "太刀也放弃了XX的勇气GP"}, {"uid": "29311627", "content": "血量低于1.3万弓怼不过雷狼速射"}, {"uid": "35431736", "content": "姬宝的口音我爱了"}, {"uid": "36571106", "content": "这玩意八倍散弹，河狸吗？"}, {"uid": "10481952", "content": "蓄力太到你"}, {"uid": "9020027", "content": "魔鬼队绷不住了"}, {"uid": "494210059", "content": "纯纯的"}, {"uid": "8429565", "content": "那不还是很强吗草"}, {"uid": "457636", "content": "语速突然加快，草"}, {"uid": "414683683", "content": "神是卡普空"}, {"uid": "414683683", "content": "狩猎笛:都没人用老子"}, {"uid": "414683683", "content": "这是新武器吗？"}, {"uid": "669515677", "content": "@TDS"}, {"uid": "172468384", "content": "回枪啊"}, {"uid": "8318074", "content": "建议改成比霸龙还要厚的盾牌"}, {"uid": "265123235", "content": "大剑 锁头 不解释"}, {"uid": "1509651540", "content": "还有冰原虫炮"}, {"uid": "16944966", "content": "片手不敢说话"}, {"uid": "101134913", "content": "毕竟猎猫在xx是实打实按武器算的"}, {"uid": "36837403", "content": "帅"}, {"uid": "6525052", "content": "金狮纸"}, {"uid": "472260465", "content": "突然反差"}, {"uid": "9420201", "content": "草"}, {"uid": "13237497", "content": "铳枪钓鱼是吧"}, {"uid": "10549533", "content": "空姐我也爽"}, {"uid": "1461926830", "content": "电锯人"}, {"uid": "327519155", "content": "居登复读嘛。。。"}, {"uid": "8914969", "content": "笑死，rise电锯卡肉卡的飞起"}, {"uid": "10695274", "content": "UZI加入了直播。"}, {"uid": "14442303", "content": "我宁愿不要这替换技，还我疾翔突刺"}, {"uid": "231903375", "content": "要素过多"}, {"uid": "26285275", "content": "还联动上了?"}, {"uid": "66767496", "content": "一把弓 一面墙 打的飞龙直骂娘"}, {"uid": "350046941", "content": "你才"}, {"uid": "59782304", "content": "听到这儿终于听出bgm是啥了"}, {"uid": "39404685", "content": "蚌埠住了草"}, {"uid": "871357", "content": "花里胡哨"}, {"uid": "529254", "content": "感觉这里的音效用无敌的ding会更喜感哈哈哈"}, {"uid": "24934921", "content": "这口音让我笑了"}, {"uid": "473011930", "content": "狩猎笛为什么是神"}, {"uid": "35712523", "content": "红斗罗"}, {"uid": "36032333", "content": "完美武器永不言弃！"}, {"uid": "106069582", "content": "牙猎犬没有排面"}, {"uid": "234000120", "content": "铁山靠就完事了！"}, {"uid": "420198585", "content": "first"}, {"uid": "584511", "content": "逆天"}, {"uid": "626430040", "content": "不应该是斩斧吗"}, {"uid": "40000398", "content": "真男人就应该玩大剑！"}, {"uid": "80272262", "content": "说牙猎的，曾经猎猫是可以给玩家操作的"}, {"uid": "11816061", "content": "完美武器"}, {"uid": "481140352", "content": "帅"}, {"uid": "35431736", "content": "可爱"}, {"uid": "10504789", "content": "我斩斧没有排面咯"}, {"uid": "171622712", "content": "奶笛:？"}, {"uid": "23206211", "content": "啥你开红刃了？我弓已经在在结算界面领奖励了"}, {"uid": "10481952", "content": "蓄力太刀？"}, {"uid": "37150197", "content": "大逆天"}, {"uid": "38205231", "content": "主要是帅"}, {"uid": "4092502", "content": "双刀走了"}, {"uid": "282893161", "content": "这我得说两句"}, {"uid": "104220213", "content": "我斩斧呢？我斩斧呢？"}, {"uid": "38112806", "content": "盾斧玩家泪目"}, {"uid": "403417052", "content": "姐他马得"}, {"uid": "8056353", "content": "金系几的西头"}, {"uid": "390395165", "content": "封面离谱"}, {"uid": "172468384", "content": "？？？"}, {"uid": "1509651540", "content": "然而冰原抱脸重弩一发就是1000多"}, {"uid": "374730570", "content": "首先是"}, {"uid": "86464536", "content": "还有刚三刚三动作值可不低"}, {"uid": "39404685", "content": "道理我都懂，但是你这长枪放个铳枪钓鱼图属实给我整不会了"}, {"uid": "16027089", "content": "？"}, {"uid": "25440786", "content": "卡肉卡的你生活不能自理"}, {"uid": "146667721", "content": "《只能》"}, {"uid": "4520787", "content": "有什么武器跳舞跳的过长枪？"}, {"uid": "31047060", "content": "4届"}, {"uid": "401422136", "content": "前列？第一！"}, {"uid": "39806557", "content": "舞姿"}, {"uid": "10504789", "content": "教父"}, {"uid": "198628321", "content": "哈哈哈哈哈哈"}, {"uid": "37850158", "content": "盾斧yyds！！！！盾斧盾斧盾斧"}, {"uid": "269837125", "content": "我怀疑你在黑太刀"}, {"uid": "131608929", "content": "帅"}, {"uid": "24135791", "content": "解"}, {"uid": "110895343", "content": "折叠太刀"}, {"uid": "2746036", "content": "4的棍子高动作值有什么问题吗？"}, {"uid": "402392052", "content": "草"}, {"uid": "6153196", "content": "不是前列，是第一，而且超第二好多"}, {"uid": "6153196", "content": "盾斧缺的是伤害"}, {"uid": "6153196", "content": "挨打也是赚的，无所谓"}, {"uid": "26218613", "content": "铁虫丝跳跃"}, {"uid": "35468782", "content": "那不都是太刀吗 doge"}, {"uid": "1988597", "content": "虹斗罗"}, {"uid": "302196815", "content": "盾斧直接gp超解，无脑解爆"}, {"uid": "181472552", "content": "重弩还是爹"}, {"uid": "76602580", "content": "ahhhhhhhhh 菜的离谱"}, {"uid": "26012923", "content": "拿铳枪画面说长枪是几份意思？"}, {"uid": "1429867", "content": "锤子是弱势群体"}, {"uid": "28702915", "content": "太刀已经很强了，这次已经能尝试和弓弩比比了"}, {"uid": "146667721", "content": "连携指居登复读（大嘘）"}, {"uid": "70901785", "content": "YYDS!!!!!"}, {"uid": "15448938", "content": "冰原就不太好用了"}, {"uid": "35431736", "content": "希希！"}, {"uid": "35431736", "content": "宝，怎么这么会玩了"}, {"uid": "24135791", "content": "永远都是我的回合"}, {"uid": "160297677", "content": "这出场的不是铳枪吗"}, {"uid": "299879235", "content": "轻弩震怒"}, {"uid": "160170682", "content": "逆天"}, {"uid": "2130375", "content": "首先是"}, {"uid": "1712419936", "content": "所以神是卡普空"}, {"uid": "8162535", "content": "没明白这都是反话吗"}, {"uid": "203496206", "content": "站起来啊"}, {"uid": "456324481", "content": "太刀自发明以来，热度就没低过"}, {"uid": "286311365", "content": "离谱"}, {"uid": "1790065", "content": "大锤呢"}, {"uid": "28392387", "content": "确实很安全"}, {"uid": "89582582", "content": "没想到美国这种新药这么厉害"}, {"uid": "9036381", "content": "四界"}, {"uid": "198628321", "content": "虫棍yyds"}, {"uid": "295605604", "content": "斩斧真爷们"}, {"uid": "11438757", "content": "鬼人大硬化大强走怪力种子鬼人粉怪力药丸"}, {"uid": "435735784", "content": "笑死，从来没遇过女猎人"}, {"uid": "111055346", "content": "背景里放个铳枪什么意思"}, {"uid": "11465068", "content": "我觉得是把吸血去了"}, {"uid": "34008928", "content": "锄地蚌埠住了"}, {"uid": "34008928", "content": "首先是"}, {"uid": "51490828", "content": "草"}, {"uid": "513829282", "content": "铳枪呢？？？？​"}, {"uid": "20708945", "content": "绷不住了"}, {"uid": "531540", "content": "串味了草"}, {"uid": "120275518", "content": "希希"}, {"uid": "384824554", "content": "草"}]