[{"uid": "15749868", "content": "莱纳，你坐啊"}, {"uid": "4459284", "content": "血压上来了"}, {"uid": "40469596", "content": "哈哈哈居然是拍的"}, {"uid": "17887720", "content": "这里收刀好一点"}, {"uid": "17887720", "content": "这个登是赌的还是算刀的落地见切好像来不及"}, {"uid": "175763345", "content": "替换bgm好评"}, {"uid": "7418548", "content": "帅帅帅"}, {"uid": "3305550", "content": "打得比我还好，厉害啊"}, {"uid": "289298424", "content": "企业级的录屏"}, {"uid": "16162506", "content": "全损画质"}]