[{"uid": "299834019", "content": "瞎说啥呢，霸主没有御龙"}, {"uid": "116960582", "content": "太强了呜呜呜呜呜呜"}, {"uid": "74308890", "content": "我个人喜欢不换区有更多时间原地输出"}, {"uid": "74308890", "content": "想不换区直接丢闪光弹原地跟他打"}, {"uid": "74308890", "content": "当然其实主要是想秀"}, {"uid": "74308890", "content": "阿婆主的打法是纯粹以猎人战力为主 "}, {"uid": "74308890", "content": "找另外一条龙冲撞他然后把那条龙玉了打输出"}, {"uid": "74308890", "content": "御龙千万不要浪费时间兄弟们"}, {"uid": "74308890", "content": "他怎么还没火的第一天"}, {"uid": "535042582", "content": "tql"}, {"uid": "163823852", "content": "稍微长了点。你还是个人"}, {"uid": "4316718", "content": "哈哈，别演了"}, {"uid": "20331065", "content": "居合完接一文字有时可以躲第二拍"}, {"uid": "3975225", "content": "哈哈哈"}, {"uid": "2588458", "content": "世界冰原随便滚的，到了崛起滚不过去了，醉了"}, {"uid": "4449936", "content": "各位可要想明白，登龙成了他坠机，不成没翔虫基本上就是猫了"}, {"uid": "4449936", "content": "这个居合说多了都是泪啊，太刀侠几乎全部死在居合上了"}, {"uid": "324029264", "content": "金雷公不会吼吗"}, {"uid": "411268274", "content": "该配合你演出的我演视而不见"}, {"uid": "874170", "content": "语速好快"}, {"uid": "284582566", "content": "为什么我觉得太刀这么简单了是不是我飘了"}, {"uid": "1605104", "content": "为啥我的电子狗直接后跳躲掉了"}, {"uid": "1605104", "content": "娘亲你说的太快了，无忌不懂"}, {"uid": "142115754", "content": "t q l"}, {"uid": "142115754", "content": "r q l"}, {"uid": "7418548", "content": "牛蛙牛蛙"}, {"uid": "1667749", "content": "金雷公想打得快就得居合赌他出好招"}, {"uid": "15986624", "content": "这护石牛"}, {"uid": "8911836", "content": "居登复读"}, {"uid": "40272007", "content": "太吓人了，我们玩的不是同一个游戏"}, {"uid": "143047", "content": "位置好也没虫登"}, {"uid": "143047", "content": "这个位置登不到头可以考虑打后腿起码不是白字"}, {"uid": "4498304", "content": "打点"}, {"uid": "12777197", "content": "无回滚牛啊"}, {"uid": "35431736", "content": "好！等到了！"}, {"uid": "535042582", "content": "强"}, {"uid": "472260465", "content": "哈哈哈哈哈可爱！"}, {"uid": "283473776", "content": "去"}]