[{"uid": "16553950", "content": "金狮几"}, {"uid": "8384253", "content": "今天打了下，猫了"}, {"uid": "28301227", "content": "厉害了"}, {"uid": "28301227", "content": "怎么回事"}, {"uid": "20016699", "content": "操龙"}, {"uid": "446984202", "content": "中路对居"}, {"uid": "442292045", "content": "强啊"}, {"uid": "113434192", "content": "居它的地板"}, {"uid": "4520787", "content": "泡狐套进泡沫就不是无回了"}, {"uid": "5649335", "content": "昂神老婆"}, {"uid": "12670170", "content": "这里感觉拔刀二连然后见切处理会好点"}, {"uid": "699172158", "content": "这和冰原不一样呢"}, {"uid": "503135137", "content": "居地板哈哈哈哈哈哈哈"}, {"uid": "549108", "content": "新年快乐还行hhh"}, {"uid": "48493772", "content": "帅啊"}, {"uid": "26941394", "content": "tql"}, {"uid": "57504346", "content": "好家伙，这一段烫嘴"}, {"uid": "5657661", "content": "好家伙我以为竞速是指打怪，没想到竞的是语速"}, {"uid": "1746467", "content": "太强了"}, {"uid": "15884790", "content": "好快的语速，滑稽.jpg"}, {"uid": "76554189", "content": "up是感冒了吗，鼻子囔囔的"}, {"uid": "8626571", "content": "内华达句式？"}, {"uid": "5182448", "content": "出了个塞尔达"}, {"uid": "2390305", "content": "老山东人了"}, {"uid": "2390305", "content": "屁股的登"}, {"uid": "272429354", "content": "他出了个塞尔达"}, {"uid": "100650", "content": "这一段口技max"}, {"uid": "6330648", "content": "发动泡沫之舞了，不是无回哦"}, {"uid": "73828498", "content": "强啊"}, {"uid": "66744560", "content": "语速max哈哈哈"}, {"uid": "598352", "content": "语速哈快"}, {"uid": "281739718", "content": "红红火火过大年啊！！新年快乐！！"}, {"uid": "485869054", "content": "这恐怕是嘴炮吧"}, {"uid": "352755124", "content": "哈哈哈哈好可爱"}, {"uid": "307522878", "content": "文化不高，只懂一个词，牛逼"}, {"uid": "236696", "content": "祝大家晚年幸福"}, {"uid": "35431736", "content": "可以可以"}, {"uid": "2504898", "content": "烫嘴普通话关注了"}, {"uid": "8384253", "content": "把声音关了也差不多，哈哈哈"}, {"uid": "431583", "content": "金茜几"}, {"uid": "6777652", "content": "派生了个塞尔达"}, {"uid": "277804788", "content": "嘴比刀快"}, {"uid": "648301791", "content": "hhhh"}, {"uid": "12986223", "content": "呐呐呐"}, {"uid": "292545115", "content": "金xiji"}, {"uid": "662371", "content": "帅帅帅"}, {"uid": "411268274", "content": "不知道该说啥了哈哈"}, {"uid": "39015116", "content": "哈哈哈，"}, {"uid": "2840404", "content": "太厉害了"}, {"uid": "108448515", "content": "？？？"}, {"uid": "66829964", "content": "金西子的讲解"}]