[{"uid": "55464111", "content": "我又觉得我行了"}, {"uid": "3863107", "content": "女侠好身手"}, {"uid": "164140958", "content": "泡狐龙感觉是最好用的"}, {"uid": "10453242", "content": "扔粑粑呀"}, {"uid": "218413579", "content": "不过没有关西"}, {"uid": "32094315", "content": "好家伙，浪费了三四十分钟，你骑着妃蜘蛛旅游去了吧"}, {"uid": "1800381932", "content": "随便砍了几刀。。咱们对这句话理解可能不一样"}, {"uid": "636828320", "content": "一俄刀怎样才有230攻击？"}, {"uid": "12837885", "content": "御龙最爽的就是金狮子和飞雷龙，伤害高还0后摇"}, {"uid": "197877", "content": "这不是ta，ta禁猫狗的"}, {"uid": "343970312", "content": "温柔点吧头都吐露皮了"}, {"uid": "26266447", "content": "细细细"}, {"uid": "7193737", "content": "开完刃了？这个时候我TM可能还在白刃"}, {"uid": "236973", "content": "拔刀二连还空了"}, {"uid": "236973", "content": "这里第二次吸气的时候注意不能登头"}, {"uid": "866075", "content": "毕竟一分钟里面有三四十分钟"}, {"uid": "273619870", "content": "御龙撞那个岩浆墙 好像有额外伤害吧"}, {"uid": "350295544", "content": "你视频卡了"}, {"uid": "154104000", "content": "你也被打坠机了"}, {"uid": "167982471", "content": "卧槽，强啊"}, {"uid": "2648355", "content": "gank"}, {"uid": "1940969", "content": "拔刀那个不是算连携态吗"}, {"uid": "51311555", "content": "比雪鬼兽好多了"}, {"uid": "2504898", "content": "疯狂暗示"}, {"uid": "21278972", "content": "爽"}, {"uid": "21278972", "content": "强大"}, {"uid": "280694964", "content": "直接纳刀等居"}, {"uid": "94727448", "content": "hhhh"}, {"uid": "94727448", "content": "三连暗示了哈哈哈"}, {"uid": "94727448", "content": "我系裤姬"}, {"uid": "12986223", "content": "又强又可爱"}, {"uid": "12986223", "content": "惹"}, {"uid": "12986223", "content": "没错，你卡了"}, {"uid": "9067930", "content": "广普，哈哈"}, {"uid": "495249144", "content": "还有人说御龙效率很高的呢，真的无语"}, {"uid": "369220", "content": "黄刃都行，太刀输出这么高的吗？三炸起码要1500伤害呀"}, {"uid": "3611103", "content": "妃蜘蛛超勇的啦～"}, {"uid": "3992443", "content": "小委屈 哈哈哈"}, {"uid": "5034250", "content": "打架惹（可爱）"}, {"uid": "100772989", "content": "我系库姬"}, {"uid": "472260465", "content": "专业"}, {"uid": "250225", "content": "直接撞就完事了"}, {"uid": "369220", "content": "要刷下图，这个出生点必要妃蜘蛛……"}, {"uid": "3974334", "content": "会打的话可以在刷一个出来"}, {"uid": "112836", "content": "三四十分钟草"}, {"uid": "13468374", "content": "生气气！哎呀，气炸了"}, {"uid": "38911709", "content": "居合小爆弹开红刃，御龙前也可以这样蹭血，"}, {"uid": "3974334", "content": "三四十秒夸张了"}, {"uid": "1729011", "content": "点赞啊 我都没考虑过接翻滚"}, {"uid": "199374", "content": "你敢说惹？"}, {"uid": "30602042", "content": "浪费三四十分钟"}, {"uid": "1605104", "content": "黄刃强登可以炸膛"}, {"uid": "45452619", "content": "66666666"}, {"uid": "347732227", "content": "天这点时间已经打死我2次了"}, {"uid": "107345224", "content": "学废了，学废了"}, {"uid": "8936741", "content": "草"}, {"uid": "68079298", "content": "ta好像不能撞岩浆"}, {"uid": "2659065", "content": "三四十  分钟"}, {"uid": "19273878", "content": "我系酷鸡"}, {"uid": "17987866", "content": "撞龙下地啊！！"}, {"uid": "62649951", "content": "这里为什么2砸没打到"}, {"uid": "31139570", "content": "tql！"}, {"uid": "19824918", "content": "可以一文字接无双"}, {"uid": "62840187", "content": "牛的"}, {"uid": "14155246", "content": "怨虎龙 最好用"}, {"uid": "197335056", "content": "细呀"}, {"uid": "245788640", "content": "tql"}, {"uid": "1850145", "content": "可爱"}, {"uid": "457673923", "content": "好强"}, {"uid": "88235095", "content": "惹"}, {"uid": "2958267", "content": "tql"}, {"uid": "94727448", "content": "牛"}, {"uid": "4772623", "content": "细啊"}, {"uid": "1522031090", "content": "大姐姐的实力吗，感觉自己好废"}, {"uid": "10079491", "content": "666"}]