[{"uid": "1481623", "content": "这么强的吗"}, {"uid": "525432436", "content": "我相信这是未来一年的素材 dog"}, {"uid": "525432436", "content": "推荐了"}, {"uid": "228151966", "content": "好的，人鱼"}, {"uid": "50969072", "content": "好的鱼人，人鱼"}, {"uid": "13885487", "content": "厉害，不过露露哪里领"}, {"uid": "298347246", "content": "好的鱼人"}, {"uid": "455711090", "content": "好家伙"}, {"uid": "50969072", "content": "那鱼人行吗"}, {"uid": "150397260", "content": "璐璐牛逼"}, {"uid": "7020335", "content": "摄——影——师——"}, {"uid": "636258557", "content": "啊这啊这"}, {"uid": "35431736", "content": "这个性格我爱了"}, {"uid": "35431736", "content": "。。。"}, {"uid": "106069582", "content": "初见 推倒"}, {"uid": "472260465", "content": "强的一批"}]