[{"uid": "11186884", "content": "有点厉害"}, {"uid": "328039751", "content": "明明是正经解说 怎么感觉像是大忽悠呢 哈哈哈"}, {"uid": "32926492", "content": "没有追身猫猫拳"}, {"uid": "361490905", "content": "莫得感情的杀手"}, {"uid": "606786", "content": "为什么会有这么叼的护石"}, {"uid": "28392387", "content": "纳刀三还利刃，还二级孔"}, {"uid": "28392387", "content": "护石很离谱"}, {"uid": "256742677", "content": "纳刀三的护石我也好想要啊！"}, {"uid": "4479025", "content": "脂肪记忆"}, {"uid": "2504898", "content": "害羞的解说"}, {"uid": "35431736", "content": "感情丰富"}, {"uid": "35431736", "content": "专业"}, {"uid": "420291235", "content": "不会直播的时候都是消音字吧"}, {"uid": "6888298", "content": "胖定"}, {"uid": "6888298", "content": "真实"}]