[{"uid": "53006104", "content": "捕获啊。。。"}, {"uid": "309981385", "content": "招牌龙，怎么能不花"}, {"uid": "137647900", "content": "太真实了，我把怪打僵直之后也打空气干着急"}, {"uid": "14824722", "content": "？"}, {"uid": "475727627", "content": "+1"}, {"uid": "30980710", "content": "尾刺"}, {"uid": "243790762", "content": "姬宝你们有猎人群吗，拯救一下孤独猎人吧"}, {"uid": "321943503", "content": "这水平咋进的5分我郁闷啊"}, {"uid": "106069582", "content": "ohhhhhhhh"}, {"uid": "2840181", "content": "骑舰长草"}]