[{"uid": "434495813", "content": "瞧瞧我刷到了什么！"}, {"uid": "414958416", "content": "UP主你真TM是个天才"}, {"uid": "434508773", "content": "b站品质最高的系列~"}, {"uid": "360113874", "content": "果断投币"}, {"uid": "360232649", "content": "有生之年系列"}, {"uid": "434439603", "content": "真的好棒！！！"}, {"uid": "360087397", "content": "全线承包"}, {"uid": "434463704", "content": "每天一遍"}, {"uid": "414956363", "content": "还有彩蛋呀"}, {"uid": "434504862", "content": "肯定到"}, {"uid": "257588991", "content": "收藏大于弹幕系列"}, {"uid": "434362349", "content": "不投都不行啊"}, {"uid": "433453272", "content": "不就是要硬币吗。。给你"}, {"uid": "407041813", "content": "up主可以吃咩"}, {"uid": "433374788", "content": "可爱"}, {"uid": "434061332", "content": "收藏收藏"}, {"uid": "434509063", "content": "差一点第一- --- -"}, {"uid": "406893687", "content": "开启无脑循环"}, {"uid": "434509295", "content": "终于等到了"}, {"uid": "298523", "content": "不知道不知道！"}, {"uid": "366621021", "content": "前500！！\r"}, {"uid": "366527703", "content": "哦喲"}, {"uid": "434356760", "content": "生日快乐"}, {"uid": "1678955", "content": "周二?5月25，怎么了？"}, {"uid": "369172078", "content": "更新了！"}, {"uid": "414866957", "content": "摇人"}, {"uid": "240387627", "content": "踩点"}, {"uid": "434384789", "content": "报道"}, {"uid": "298523", "content": "不知道不知道"}, {"uid": "434413836", "content": "蠢柚子"}, {"uid": "434431579", "content": "来了"}, {"uid": "407204669", "content": "好棒"}, {"uid": "434509704", "content": "三连了"}, {"uid": "434508501", "content": "必不到"}]