[{"uid": "1543594285", "content": "博士:？？？"}, {"uid": "74522011", "content": "海猫跑出来了"}, {"uid": "1430630878", "content": "鷹語十級"}, {"uid": "268082562", "content": "鹰语带史"}, {"uid": "819237622", "content": "呼啸守卫，狂风也将臣服于你"}, {"uid": "1948760691", "content": "笑死我了"}, {"uid": "1182282597", "content": "代理首次未失误"}, {"uid": "476631943", "content": "在这里卡顿"}, {"uid": "1189482872", "content": "這押運也太厲害"}, {"uid": "799573644", "content": "力 的 分 解 与 合 成"}, {"uid": "1290465753", "content": "为斯卡迪线上心脏"}, {"uid": "35368606", "content": "再听亿边"}, {"uid": "1820720680", "content": "卧槽我特么也还没年？！"}, {"uid": "1388970018", "content": "理智归0"}, {"uid": "1847015973", "content": "好有感觉的填词"}, {"uid": "403957305", "content": "莫名的好听"}, {"uid": "1658229747", "content": "太真实了"}, {"uid": "1855759352", "content": "这是什么哈哈哈哈哈"}, {"uid": "1049054486", "content": "注入灵魂"}, {"uid": "1991242395", "content": "动手动手！！"}, {"uid": "1878455179", "content": "歪到不能天使"}, {"uid": "1593899383", "content": "氪蒂蒂又不亏"}, {"uid": "1964305790", "content": "代理作战正常运行"}, {"uid": "1523423820", "content": "龙门粗口"}, {"uid": "2140040257", "content": "我们联合！！"}, {"uid": "1490396191", "content": "哥伦布，我笑裂了。麦哲伦"}, {"uid": "123946002", "content": "心脏骤停"}, {"uid": "298417359", "content": "老板大气"}, {"uid": "592471517", "content": "完全一致啊"}, {"uid": "732863113", "content": "有内卫了"}, {"uid": "1071026573", "content": "听懂三连"}, {"uid": "967811047", "content": "我直呼内行"}, {"uid": "1915336648", "content": "#卡兹戴尔粗口#"}, {"uid": "1516269439", "content": "30分钟热热还能"}, {"uid": "1581829819", "content": "过于真实"}, {"uid": "173792151", "content": "预言家"}, {"uid": "2115818074", "content": "沉船人痛哭"}, {"uid": "1884213334", "content": "离大谱"}, {"uid": "5596522", "content": "有柚子非嘛"}, {"uid": "2116210689", "content": "熟悉的感觉"}, {"uid": "1769287898", "content": "hhc"}, {"uid": "1806547408", "content": "有内味了"}, {"uid": "1214846419", "content": "牛啊"}, {"uid": "1208006042", "content": "右下角"}, {"uid": "1048803205", "content": "两个硬币充作军费"}, {"uid": "473814507", "content": "好强"}, {"uid": "1603837894", "content": "这段好"}, {"uid": "1822378917", "content": "火钳刘明"}, {"uid": "1334685671", "content": "绝了"}, {"uid": "1110173362", "content": "厉害还有第二段"}, {"uid": "1782632568", "content": "百万填词"}, {"uid": "1617807246", "content": "开幕高音"}, {"uid": "610874563", "content": "有那味了"}, {"uid": "298417359", "content": "下次一定"}, {"uid": "1641643014", "content": "带师我悟了"}, {"uid": "1260389478", "content": "笑死了已经"}, {"uid": "1112824340", "content": "啊吧啊吧"}, {"uid": "1354249286", "content": "燃起来了"}, {"uid": "1838147411", "content": "上头了"}, {"uid": "1315407083", "content": "13分钟热乎的"}, {"uid": "1474907406", "content": "kksk"}, {"uid": "1812053948", "content": "上头了"}, {"uid": "1456740394", "content": "越来越离谱"}, {"uid": "2051256425", "content": "我裂开了"}, {"uid": "608035603", "content": "有内味了"}, {"uid": "1463553273", "content": "下次丕定"}, {"uid": "1189039207", "content": "重铸未来，方舟启航"}, {"uid": "1043875230", "content": "kokodayo"}, {"uid": "2059918076", "content": "啊啊啊啊啊啊啊啊啊啊"}, {"uid": "1578735563", "content": "哈哈哈哈哈哈哈哈"}, {"uid": "354730375", "content": "不对劲"}, {"uid": "1202888942", "content": "标妈谱"}, {"uid": "1151375333", "content": "掘了"}, {"uid": "607835026", "content": "但我懒得肝"}, {"uid": "688003202", "content": "卄"}, {"uid": "1704381124", "content": "海猫：以后你主笔"}, {"uid": "1627324344", "content": "博士：……（好像没毛病）"}, {"uid": "1675923250", "content": "味太重了"}, {"uid": "181224361", "content": "地  外  语  言"}, {"uid": "2046780578", "content": "大师 我悟了"}, {"uid": "423795006", "content": "内彳亍"}, {"uid": "522358077", "content": "一针见血"}, {"uid": "1410386188", "content": "草 太对了弟"}, {"uid": "708214047", "content": "有味了"}, {"uid": "1678214634", "content": "建议录入网易云"}, {"uid": "2076836170", "content": "這白开水怎么没味啊？！"}, {"uid": "1892445609", "content": "同 步 完 成"}, {"uid": "501568171", "content": "好活当赏"}, {"uid": "2111886427", "content": "我往手机上撒把米，鸡的走位都比你好"}, {"uid": "1533156931", "content": "生活必需品"}, {"uid": "1036324102", "content": "不准乳羊"}, {"uid": "1861109418", "content": "海猫，rua牛你得给劲啊"}, {"uid": "160488785", "content": "再起不能"}, {"uid": "2106127702", "content": "好活当赏"}, {"uid": "134419154", "content": "恶魔低语"}, {"uid": "291270332", "content": "奸商眼里只有龙门币"}, {"uid": "1530829885", "content": "别骂了别骂了"}, {"uid": "497608256", "content": "你别骂"}, {"uid": "1311492293", "content": "你再骂"}, {"uid": "1223102328", "content": "泥岩出泳装"}, {"uid": "1825451763", "content": "在这明确说一句，你在想桃子吃↑"}, {"uid": "2092585950", "content": "真实"}, {"uid": "232826513", "content": "非战斗人员请撤离"}, {"uid": "1701608873", "content": "草"}, {"uid": "298417359", "content": "你这个非酋"}]