[{"uid": "400158705", "content": "开幕就笑了，现在还没停"}, {"uid": "2462637", "content": "我学海鸥争施肥"}, {"uid": "2462637", "content": "前面没笑 bgm这里笑了"}, {"uid": "2462637", "content": "这树不能要了"}, {"uid": "22053155", "content": "想吃竹鼠"}, {"uid": "377745", "content": "真不错"}, {"uid": "494654521", "content": "我将用一生来治愈这一分三十八秒[笑哭][笑哭][笑哭]​"}, {"uid": "494654521", "content": "我将用一生来治愈这一分三十八秒"}, {"uid": "435920251", "content": "好活儿！"}, {"uid": "2462637", "content": "？"}]