[{"uid": "515799093", "content": "笨比柚叽"}, {"uid": "17785335", "content": "没人"}, {"uid": "41583316", "content": "卧槽"}, {"uid": "454944841", "content": "宝宝巴士好耶！"}, {"uid": "2462637", "content": "你看猫猫还想清楚？"}, {"uid": "2462637", "content": "㙓耶，让我往视频里注点水吧"}, {"uid": "24039566", "content": "只要我关注的早我就是老粉（"}, {"uid": "432766006", "content": "2333"}, {"uid": "454944841", "content": "《清楚下去》"}, {"uid": "377745", "content": "dadadadada"}, {"uid": "14100112", "content": "不要把原唱放出来啊喂！"}, {"uid": "491155380", "content": "什么时候成人？"}, {"uid": "30417885", "content": "最重要的是喜欢土味！"}, {"uid": "8205983", "content": "啪啪啪啪"}, {"uid": "22053155", "content": "成语挺溜"}, {"uid": "22053155", "content": "大头！是你！"}, {"uid": "15639061", "content": "爱了爱了"}, {"uid": "15639061", "content": "《清 楚》"}, {"uid": "197534495", "content": "表演自己上厕所"}, {"uid": "610677350", "content": "有身体了，不是大头柚子了"}, {"uid": "403352765", "content": "你喜欢学习吗"}, {"uid": "403352765", "content": "你说啥都对"}, {"uid": "403352765", "content": "对"}, {"uid": "30417885", "content": "哎呀知道了知道了，土味女王"}, {"uid": "2462637", "content": "没有"}, {"uid": "88524607", "content": "游戏菜算不算（狗头）"}, {"uid": "2462637", "content": "喜欢土和水"}, {"uid": "403352765", "content": "唱跳rap篮球"}, {"uid": "403352765", "content": "有"}, {"uid": "34783925", "content": "真的清楚吗"}, {"uid": "403352765", "content": "深     藏    不    露"}]