[{"uid": "501509466", "content": "我去我耳机的电流声差点给我带走"}, {"uid": "617582582", "content": "我还是听《葬歌》入睡吧……"}, {"uid": "272838351", "content": "你这样我可就睡不着了"}, {"uid": "525466898", "content": "诸君，我好兴奋啊！"}, {"uid": "87771272", "content": "蟠桃大会"}, {"uid": "682094236", "content": "阿伟乱葬岗"}, {"uid": "492209755", "content": "这怎么可能睡的着啊喂"}, {"uid": "472762057", "content": "要是这样的话，那我可不困了噢"}, {"uid": "476213190", "content": "我超喜欢她，可我就是不关注"}, {"uid": "379175246", "content": "左右声道好评"}, {"uid": "178886668", "content": "这个呢，这个手指头也要摸"}, {"uid": "525216030", "content": "有点萝妈内味儿啊～（doge）"}, {"uid": "197859197", "content": "摸头村村民震怒"}, {"uid": "446074088", "content": "头朝下的哦"}, {"uid": "190028557", "content": "这个标题让我想到了吉良吉影的名场面"}, {"uid": "516801578", "content": "让我承受这份痛苦"}, {"uid": "446064670", "content": "不困了诸君！"}, {"uid": "226924848", "content": "呀，妈妈她在撩我"}, {"uid": "491902942", "content": "我淦，睡不着了"}, {"uid": "345064686", "content": "完了手机摔碎了"}, {"uid": "518235298", "content": "巫沐使用了“魅惑”，对方中招了，损失了2个硬币"}, {"uid": "26360360", "content": "我可以趴着睡觉吗？"}, {"uid": "432028332", "content": "哟西！(大佐声)"}, {"uid": "398181302", "content": "长眠不起"}, {"uid": "443233657", "content": "就这样睡去，永生……"}, {"uid": "156937877", "content": "你在这我怎么睡得着啊"}, {"uid": "34973378", "content": "激动的心，颤抖的手"}, {"uid": "407404432", "content": "关上两小时的大门"}, {"uid": "400979976", "content": "你这一哄我可就来精神了"}, {"uid": "221977342", "content": "要膝盖撞击的老哥，我欣赏你"}, {"uid": "1844369459", "content": "不听还好，一听更睡不着了。"}, {"uid": "524875425", "content": "你就直说好了~"}, {"uid": "442998925", "content": "这只会更兴奋吧"}, {"uid": "87771272", "content": "凌晨一点看，Awsl"}, {"uid": "671970266", "content": "你敢摸？我刀你（摸头村村民）"}, {"uid": "508132295", "content": "这我还怎么睡得着"}, {"uid": "1214866131", "content": "反思一下，你们为什么会点进来!"}, {"uid": "452515102", "content": "很好，很精神。，"}, {"uid": "285755902", "content": "这就是巫女吗？爱了爱了"}, {"uid": "503150587", "content": "啥都不说了，阿伟走流程"}, {"uid": "234937245", "content": "啊这根本睡不着啊！"}, {"uid": "14692634", "content": "DNA动了!不睡了!"}, {"uid": "561609454", "content": "Z！（doge）"}, {"uid": "431671807", "content": "太会了太会了我走不了了"}, {"uid": "10417817", "content": "我想摸你的头发只是简单的试探啊~"}, {"uid": "277711374", "content": "恥ずかしくないよ"}, {"uid": "51775288", "content": "完蛋，我睡不着了"}, {"uid": "687503664", "content": "耳机党狂喜"}, {"uid": "475548137", "content": "声音好可爱"}, {"uid": "193103442", "content": "可爱，单推了"}, {"uid": "403500991", "content": "awsl"}, {"uid": "285848502", "content": "建议睡觉听，容易吃桃子"}, {"uid": "65389670", "content": "双声道好评"}, {"uid": "651996039", "content": "耳机党好评"}, {"uid": "483327331", "content": "糟了…睡不着了…"}, {"uid": "24971117", "content": "初见，可爱，单推，结婚"}, {"uid": "100954887", "content": "这表情真像某薾微"}, {"uid": "524875425", "content": "卧槽我耳朵？？"}, {"uid": "26250255", "content": "耳机党好评"}, {"uid": "331381035", "content": "啊这啊这啊这好像有点可爱"}, {"uid": "507228917", "content": "突然就困了"}, {"uid": "442165749", "content": "诸君，我好兴奋啊！"}, {"uid": "106627867", "content": "好可爱啊！！！"}, {"uid": "424889244", "content": "请务必做我老婆"}, {"uid": "595596008", "content": "耳机党原地升天"}, {"uid": "516801578", "content": "好！"}, {"uid": "95157820", "content": "kksk"}, {"uid": "670988946", "content": "为什么我的是晚上刷到的？"}, {"uid": "571652286", "content": "这睡得着才怪呢"}, {"uid": "30641220", "content": "看完直播后，我立马就过来"}, {"uid": "131652679", "content": "zzzzzz"}, {"uid": "2284847", "content": "awsl"}, {"uid": "87364764", "content": "啊啊啊啊suki"}, {"uid": "484860410", "content": "睡不着了"}, {"uid": "436045854", "content": "越听越精神，怎么办"}, {"uid": "107939016", "content": "好可爱啊！！！"}, {"uid": "372770838", "content": "又来一遍"}, {"uid": "9029875", "content": "旁边那只狗真可爱"}, {"uid": "21215989", "content": "awsl"}, {"uid": "481091257", "content": "你可别比我先睡着了"}, {"uid": "65389670", "content": "想要巫沐给我一肘击"}, {"uid": "177902674", "content": "脸红细节"}, {"uid": "219858211", "content": "我可以不要膝枕，要膝盖撞击吗？"}, {"uid": "494789446", "content": "已经睡着了(-_-) zzz"}, {"uid": "438976420", "content": "幸好晚上有事，还没睡"}, {"uid": "26250255", "content": "Zzzzzz"}, {"uid": "1651709806", "content": "这叫人怎么睡觉啊 "}, {"uid": "617582582", "content": "这是……在日本被带坏了？"}, {"uid": "492209755", "content": "请务必和我结婚"}, {"uid": "491902942", "content": "好耶！！！"}, {"uid": "398871107", "content": "真的睡不着了"}, {"uid": "297599187", "content": "初见可爱单推结婚"}, {"uid": "475548137", "content": "wow"}, {"uid": "454308731", "content": "再来亿遍"}, {"uid": "501638041", "content": "诸君，我好兴奋"}, {"uid": "166730839", "content": "啊我睡了awsl"}, {"uid": "484926552", "content": "睡不着了"}, {"uid": "662698962", "content": "直接爱了"}, {"uid": "31804733", "content": "舒服多了"}, {"uid": "215119999", "content": "do de mo ka wa yi ko do"}, {"uid": "690823746", "content": "awsl"}, {"uid": "485886411", "content": "睡着了草"}, {"uid": "27612717", "content": "awsl"}, {"uid": "295958708", "content": "你脸红个泡泡茶壶"}, {"uid": "12182340", "content": "哎哟 你脸红拉"}, {"uid": "621506574", "content": "有那么一点点可爱"}, {"uid": "85682797", "content": "awsl"}, {"uid": "14493716", "content": "感觉你在哄哈喽"}, {"uid": "552465", "content": "kksk"}, {"uid": "481708116", "content": "啊哈哈"}, {"uid": "437797525", "content": "awsl"}, {"uid": "499935001", "content": "好死苟洗弄"}, {"uid": "320327069", "content": "那是草泥马！草泥马！()"}, {"uid": "359394202", "content": "awsl"}, {"uid": "343108615", "content": "这不是我家么"}, {"uid": "403522288", "content": "awsl"}, {"uid": "189684295", "content": "西内"}, {"uid": "230875919", "content": "awsl"}, {"uid": "1302560486", "content": "她自己快睡了吧"}, {"uid": "290494144", "content": "这怎么睡啊"}, {"uid": "487375402", "content": "zzzzzzzz"}, {"uid": "623733969", "content": "你这样，我怎么睡得着"}, {"uid": "475548137", "content": "我更精神了"}, {"uid": "663077287", "content": "好羞耻啊"}, {"uid": "432272298", "content": "好喔"}, {"uid": "442134630", "content": "好耶！"}, {"uid": "429519887", "content": "好耶"}, {"uid": "22390536", "content": "Zzzzzzz"}, {"uid": "342776407", "content": "好耶"}, {"uid": "166730839", "content": "(º﹃º )"}, {"uid": "1457815", "content": "我也不要膝枕，请踩我"}, {"uid": "22306190", "content": "awsl"}, {"uid": "30273262", "content": "请务必和我结婚"}, {"uid": "637854501", "content": "请务必跟我结婚"}, {"uid": "452486254", "content": "热乎的巫沫"}, {"uid": "367862419", "content": "睡不着了"}, {"uid": "484936131", "content": "我血压动了，我不看了"}, {"uid": "620667258", "content": "。。。。。"}, {"uid": "334390477", "content": "我也想你了"}, {"uid": "516801578", "content": "awsl"}, {"uid": "516801578", "content": "awsl"}, {"uid": "353464699", "content": "阿瓦死了"}, {"uid": "439055783", "content": "好耶"}, {"uid": "394084663", "content": "屏幕前姨妈笑的你闭嘴"}, {"uid": "28131564", "content": "请务必！"}, {"uid": "497096105", "content": "是非私と結婚してください"}, {"uid": "295670858", "content": "awsl（啊我睡了）"}, {"uid": "372770838", "content": "每天一遍"}, {"uid": "82139346", "content": "哟西哟西哟西哟西哟西哟西"}, {"uid": "56875725", "content": "好耶"}, {"uid": "178397951", "content": "唔啊啊啊啊啊啊啊啊啊"}, {"uid": "35026748", "content": "damedesu"}, {"uid": "651996039", "content": "結婚してください。"}, {"uid": "517157949", "content": "刚好听着睡觉"}, {"uid": "637854501", "content": "不热乎了"}, {"uid": "506770640", "content": "awsl"}, {"uid": "349203265", "content": "好耶"}, {"uid": "412942990", "content": "awsl"}, {"uid": "412942990", "content": "awsl"}, {"uid": "4464632", "content": "zzzzzzz"}, {"uid": "4464632", "content": "嗯"}, {"uid": "496169918", "content": "啊，这声道"}, {"uid": "85674649", "content": "我第一个点赞的 嘻嘻"}, {"uid": "1844369459", "content": "算了，较真我就输了。"}, {"uid": "403785695", "content": "好耶"}, {"uid": "512090922", "content": "awsl"}, {"uid": "1214866131", "content": "睡不着了"}, {"uid": "349132936", "content": "a w s l"}, {"uid": "482049455", "content": "遭不住了xdm"}, {"uid": "1676694", "content": "但愿长醉不复醒"}, {"uid": "398871107", "content": "鼻血？，！"}, {"uid": "398871107", "content": "az"}, {"uid": "1408017908", "content": "爱了"}, {"uid": "413764823", "content": "卡哇伊"}, {"uid": "483761466", "content": "awsl"}, {"uid": "556729183", "content": "什么一点点可爱  明明是亿点点好吗"}, {"uid": "327936050", "content": "初见单挑"}, {"uid": "166730839", "content": "awsl"}, {"uid": "497218051", "content": "好耶"}, {"uid": "65419959", "content": "awsl"}, {"uid": "473575141", "content": "会的"}, {"uid": "490846439", "content": "好耶！！！"}, {"uid": "651996039", "content": "我最快"}, {"uid": "517157949", "content": "热乎的啊"}, {"uid": "1236632545", "content": "不要停下来啊！"}, {"uid": "400846075", "content": "awsl"}, {"uid": "241155365", "content": "37分钟热热还可以吃"}, {"uid": "631410945", "content": "awsl"}, {"uid": "437992251", "content": "乔克拉特"}, {"uid": "128760397", "content": "这个好哎"}, {"uid": "1940714808", "content": "awsl"}, {"uid": "1214866131", "content": "wsl"}, {"uid": "352035155", "content": "她太会了"}, {"uid": "475159786", "content": "好耶"}, {"uid": "137054839", "content": "哟西哟西"}, {"uid": "561609454", "content": "欧斯！"}, {"uid": "625236955", "content": "awsl"}, {"uid": "543324506", "content": "耳朵怀孕了"}, {"uid": "414766658", "content": "好耶"}, {"uid": "30641220", "content": "看完直播，继续看"}, {"uid": "206084443", "content": "一觉不起"}, {"uid": "166730839", "content": "awsl"}, {"uid": "497218051", "content": "awsl"}, {"uid": "423347063", "content": "啊我睡了"}, {"uid": "471952275", "content": "好耶！"}, {"uid": "177902674", "content": "awsl"}, {"uid": "36554047", "content": "已经睡了"}, {"uid": "93446214", "content": "请和我结婚！"}, {"uid": "45008792", "content": "awsl"}, {"uid": "490186856", "content": "awsl"}, {"uid": "509712496", "content": "awsl"}, {"uid": "307027026", "content": "好耶"}, {"uid": "4464632", "content": "我可以"}, {"uid": "434907354", "content": "awsl"}, {"uid": "35763225", "content": "awsl"}, {"uid": "253724307", "content": "awsl"}, {"uid": "476483327", "content": "ko no dio da ！"}, {"uid": "442998925", "content": "啊啊啊我怀孕了"}, {"uid": "325830551", "content": "斯哈斯哈斯哈斯哈"}, {"uid": "392323368", "content": "哇塞！妈妈快看！车车！好快的车车！"}, {"uid": "448153814", "content": "耳机党死了"}, {"uid": "321891775", "content": "我睡意来了"}, {"uid": "445526788", "content": "这个好欸"}, {"uid": "6603876", "content": "哟西哟西"}, {"uid": "435912569", "content": "啊这"}, {"uid": "630689963", "content": "啊啊啊啊啊啊啊啊啊啊！"}, {"uid": "219610285", "content": "循环就很奈斯"}, {"uid": "660883029", "content": "我可！"}, {"uid": "516320802", "content": "可爱"}, {"uid": "600397433", "content": "整个人都不好了啊！"}, {"uid": "437161433", "content": "よし"}, {"uid": "398871107", "content": "睡不着了"}, {"uid": "414766658", "content": "Zzzzzzzzzzzzzzzzzzzzzzzzzzzzzz"}, {"uid": "588690415", "content": "awsl"}, {"uid": "195593830", "content": "直入主题"}, {"uid": "498444451", "content": "awsl"}, {"uid": "413178993", "content": "awsl"}, {"uid": "87355646", "content": "立马嘶哑"}, {"uid": "31804733", "content": "爱了爱了"}, {"uid": "426870901", "content": "18个小时了 挺冷了 "}, {"uid": "481252992", "content": "好好好"}, {"uid": "378967927", "content": "awsl"}, {"uid": "323953409", "content": "awsl"}, {"uid": "35763225", "content": "suki"}, {"uid": "1214866131", "content": "wsl"}, {"uid": "519914467", "content": "闭嘴啊，宰种，让不让人睡觉了"}, {"uid": "395492260", "content": "酥了"}, {"uid": "285383848", "content": "好耶"}, {"uid": "519932113", "content": "脸朝下"}, {"uid": "514615889", "content": "好耶！"}, {"uid": "508708438", "content": "爱了爱了"}, {"uid": "22562583", "content": "我直接秒睡"}, {"uid": "8239318", "content": "awsl"}, {"uid": "495246966", "content": "awsl"}, {"uid": "556729183", "content": "这我能睡着"}, {"uid": "497096105", "content": "awsl"}, {"uid": "142677193", "content": "结婚吧！老婆"}, {"uid": "454729212", "content": "awsl"}, {"uid": "102836833", "content": "好耶"}, {"uid": "131652679", "content": "whl"}, {"uid": "305617742", "content": "好耶"}, {"uid": "101146340", "content": "我困了"}, {"uid": "506770640", "content": "嗯呢"}, {"uid": "506770640", "content": "awsl"}, {"uid": "39607002", "content": "呦西呦西呦西呦西呦西呦西呦西呦西呦西呦西呦西呦西呦西呦西"}, {"uid": "454292171", "content": "哟西哟西哟西哟西哟西哟西 两块够吗"}, {"uid": "249642628", "content": "我看1.31号上午还是4.9万粉丝现在晚上8点变5.3了"}, {"uid": "438415436", "content": "哇，双声道，真的治愈，suki !"}]