[{"uid": "524875425", "content": "你再骂！（跪求）"}, {"uid": "95855725", "content": "你与那曹贼何疑?"}, {"uid": "29222620", "content": "嘶～兴奋了"}, {"uid": "687594056", "content": "幸好有翻译不然我靠自己蒙也能蒙对（doge）"}, {"uid": "475082995", "content": "你再骂（恳求"}, {"uid": "484474757", "content": "默默的掏出了耳机。"}, {"uid": "1269310625", "content": "爷推定了，天王老子也管不着，爷说的"}, {"uid": "4494381", "content": "这是要让钉宫的力量继承到未来吗"}, {"uid": "102359811", "content": "好家伙，我tm直接好家伙"}, {"uid": "178886668", "content": "踩一脚，给颗糖~"}, {"uid": "26132697", "content": "你再骂(恳求)"}, {"uid": "454815402", "content": "你们这群人真的是！八嘎x3"}, {"uid": "422630954", "content": "你再骂（兴奋）"}, {"uid": "186441360", "content": "诸君，我好兴奋啊"}, {"uid": "495126118", "content": "你再骂（恳求）"}, {"uid": "351688264", "content": "兄弟们，音量外放开始"}, {"uid": "208677486", "content": "明明没有烤肉我却听懂了，我懂了，这就是爱！"}, {"uid": "561609454", "content": "诸君，我好兴奋"}, {"uid": "518961211", "content": "你脸红个泡泡茶壶"}, {"uid": "518961211", "content": "继续继续，别停，骂我，用劲"}, {"uid": "516801578", "content": "不愧是你"}, {"uid": "365200791", "content": "听到没有 她心里有我"}, {"uid": "597958177", "content": "诸位，我好兴奋啊怎么办"}, {"uid": "144715017", "content": "上头了上头了"}, {"uid": "509716170", "content": "朕的皇家翻译官呢？"}, {"uid": "482195465", "content": "变态、笨蛋这几个我听懂了"}, {"uid": "508870026", "content": "啊……！！酥了，整个人"}, {"uid": "14985171", "content": "诸君，我好兴奋啊"}, {"uid": "20405762", "content": "才出道三天就被我发现了（兴奋）"}, {"uid": "16164627", "content": "嘶～～"}, {"uid": "162376125", "content": "就这样？等我去擦个鼻血再回来"}, {"uid": "455292728", "content": "我嘴角tm疯狂上扬"}, {"uid": "349213556", "content": "你再骂（兴奋）"}, {"uid": "37136982", "content": "所以说lsp是第一生产力"}, {"uid": "436606445", "content": "不愧是你们"}, {"uid": "441381268", "content": "诸君！太棒了！我现在好兴奋！"}, {"uid": "35722791", "content": "这么小声没吃饭吗"}, {"uid": "414766658", "content": "你再骂！（恳求）"}, {"uid": "32281440", "content": "诸君，我好兴奋"}, {"uid": "319167250", "content": "你再骂！（请求）"}, {"uid": "341833324", "content": "阿偉:死了啦，都是妳害得"}, {"uid": "478335496", "content": "好家伙不愧是你"}, {"uid": "429496179", "content": "好家伙，喜欢我听见了"}, {"uid": "697803962", "content": "完了，我好兴奋！！！！"}, {"uid": "508140574", "content": "暂停带耳机ヾ(✿ﾟ▽ﾟ)ノ"}, {"uid": "350839855", "content": "人工翻译器何在"}, {"uid": "472583896", "content": "好家伙，不愧是你们"}, {"uid": "755531", "content": "好！很有精神！重来！！"}, {"uid": "394078288", "content": "诸君，我好快乐，好兴奋！！"}, {"uid": "49032243", "content": "请务必加大力度骂我"}, {"uid": "229020484", "content": "肩上的羊好可爱是新vtub吗？爱了爱了！"}, {"uid": "650472277", "content": "抖S实锤了"}, {"uid": "650472277", "content": "有野生的翻译君吗？我想知道她骂了什么（痴汉笑）"}, {"uid": "51771159", "content": "诸君 我就听懂了变态和笨蛋.."}, {"uid": "457284201", "content": "阿伟你是自己来还是我动手"}, {"uid": "19165001", "content": "我才发现这玩意是生肉"}, {"uid": "16017224", "content": "（雾）"}, {"uid": "244222395", "content": "你在骂 ！（追求）"}, {"uid": "410686868", "content": "我靠这个表情，awsl"}, {"uid": "104353618", "content": "工地日语渣翻见谅"}, {"uid": "104353618", "content": "你现在的样子、和我一点关系都没有"}, {"uid": "88228073", "content": "自己是喜欢白色过膝袜的变态这种事这么轻易的就从嘴里说出来了"}, {"uid": "104353618", "content": "居然把自己是喜欢白色过膝袜的变态的事这么简单地说出口"}, {"uid": "88228073", "content": "到底在想些什么呢"}, {"uid": "104353618", "content": "真的是在想什么啊"}, {"uid": "104353618", "content": "【等等 你在用下流的眼神看我吧】"}, {"uid": "397638549", "content": "朱军，我好兴奋"}, {"uid": "475082995", "content": "你再骂（哀求"}, {"uid": "502557116", "content": "好家伙，不愧是你们"}, {"uid": "97382891", "content": "喂！你是不是在用下流的视线看我？"}, {"uid": "525527671", "content": "爷耳机找不到了"}, {"uid": "110703014", "content": "朕的皇家翻译呢"}, {"uid": "701673452", "content": "反手一个三连"}, {"uid": "490406468", "content": "她太会了，我玩不过她"}, {"uid": "1120597754", "content": "我起了，一枪秒，没什么好说的"}, {"uid": "34337444", "content": "摩多摩多"}, {"uid": "9040330", "content": "你再骂!(恳求)"}, {"uid": "21480523", "content": "你再骂！（恳求）"}, {"uid": "97927920", "content": "我反手给一个关注，很快啊"}, {"uid": "37923306", "content": "你再骂！（恳求）"}, {"uid": "145697643", "content": "呵，不过如此（提起裤子）"}, {"uid": "22724867", "content": "刻入DNA的语句要什么翻译"}, {"uid": "11320809", "content": "左边那个是雷电球?"}, {"uid": "79593367", "content": "声微，饭否"}, {"uid": "347790795", "content": "多谢款待"}, {"uid": "177731140", "content": "这么小声还想开军舰，重来"}, {"uid": "188690055", "content": "诸君我好兴奋(*˘︶˘*).｡.:*♡"}, {"uid": "66897054", "content": "我好担心你会咬到舌头啊"}, {"uid": "516801578", "content": "啊哈哈哈～"}, {"uid": "650473885", "content": "诸君，我好兴奋"}, {"uid": "411513518", "content": "你再骂"}, {"uid": "57592223", "content": "我朋友叫你骂大声点"}, {"uid": "629703582", "content": "请加大力度"}, {"uid": "65592551", "content": "好家伙三天就几万粉了"}, {"uid": "431671807", "content": "我变态不是一年两年了啊"}, {"uid": "34613222", "content": "你再骂！（恳求）"}, {"uid": "504560558", "content": "最TM熟悉的"}, {"uid": "362034116", "content": "啊，请务必再来一遍"}, {"uid": "143340108", "content": "这熟悉的话语"}, {"uid": "414766658", "content": "你再骂！（恳求）"}, {"uid": "88882115", "content": "你再骂！（兴奋）"}, {"uid": "96871893", "content": "听不见！多骂点！"}, {"uid": "278967457", "content": "足袋吗，我死了"}, {"uid": "478335496", "content": "不愧是你"}, {"uid": "412691459", "content": "你脸红个泡泡茶壶啊"}, {"uid": "30141514", "content": "诸君，我好兴奋"}, {"uid": "4312018", "content": "DNA已经在翻译了，不用字幕"}, {"uid": "327567429", "content": "真是，啊，你这家伙真的是"}, {"uid": "6352024", "content": "巫女必须和触手有关"}, {"uid": "451818850", "content": "诸君，我好兴奋……"}, {"uid": "21215989", "content": "多谢款待"}, {"uid": "57387299", "content": "她太会了，我不行"}, {"uid": "18504750", "content": "初见，可爱，单推"}, {"uid": "456840939", "content": "你再骂（恳求）"}, {"uid": "505493366", "content": "你脸红个泡泡茶壶"}, {"uid": "415581495", "content": "声微，饭否？"}, {"uid": "98959659", "content": "各位，我好兴奋啊！"}, {"uid": "357479141", "content": "你再骂，我浑身舒服"}, {"uid": "627329262", "content": "你再骂！（恳求）"}, {"uid": "457284201", "content": "我朋友说她听不见"}, {"uid": "463690196", "content": "听不见！（半脑）"}, {"uid": "402736037", "content": "你再骂！（渴求）"}, {"uid": "91984657", "content": "好家伙，肉都不考了"}, {"uid": "98854609", "content": "诸君，我好兴奋啊"}, {"uid": "104353618", "content": "完全不明白"}, {"uid": "104353618", "content": "巫女和触手有什么关系吗"}, {"uid": "386808555", "content": "你在骂（渴求）"}, {"uid": "137056272", "content": "巫沐频道"}, {"uid": "435725186", "content": "我tm听懂了"}, {"uid": "524875425", "content": "哟西~"}, {"uid": "277467851", "content": "她心里还是有我的"}, {"uid": "359947901", "content": "好家伙我直接耳机"}, {"uid": "514999647", "content": "这么小声，也想开军舰"}, {"uid": "474874789", "content": "阿伟你走一下流程。"}, {"uid": "32648817", "content": "woc，绝杀"}, {"uid": "73608251", "content": "爷卡了"}, {"uid": "12754387", "content": "今天的b站就。。。"}, {"uid": "387749079", "content": "孩子人傻了"}, {"uid": "1681441925", "content": "不需要翻译，早就在DNA了"}, {"uid": "442165749", "content": "快把朕杀了，给诸位助助兴"}, {"uid": "442165749", "content": "诸君，我好兴奋啊"}, {"uid": "132388365", "content": "声微，饭否"}, {"uid": "478925375", "content": "能把中间的位置让给翻译菌吗？"}, {"uid": "473418986", "content": "初见   可爱    单推"}, {"uid": "15138435", "content": "我也不懂啊，巫女和触手什么的！！！"}, {"uid": "8478955", "content": "完全能听懂，我没救了"}, {"uid": "483343517", "content": "好可爱好可爱"}, {"uid": "479021946", "content": "不愧是你们"}, {"uid": "492433474", "content": "诸君，我好兴奋"}, {"uid": "57592223", "content": "不愧是你们"}, {"uid": "23451883", "content": "加大力度"}, {"uid": "443233657", "content": "诸君我好兴奋啊"}, {"uid": "387318117", "content": "诸君，我好兴奋"}, {"uid": "398001997", "content": "太喜欢了！啊啊啊啊啊啊啊啊~"}, {"uid": "450798026", "content": "我不行了，一笑死"}, {"uid": "503826913", "content": "lsp竟是我自己"}, {"uid": "295179800", "content": "她太会了"}, {"uid": "513711069", "content": "我停不住姨妈笑"}, {"uid": "2967118", "content": "多谢款待！"}, {"uid": "414766658", "content": "这么小声没吃饭吗？！"}, {"uid": "35722791", "content": "你再骂"}, {"uid": "556729183", "content": "每天亿次"}, {"uid": "2319507", "content": "你再骂!（恳求）"}, {"uid": "11183508", "content": "XP这块捏的死死的"}, {"uid": "35135200", "content": "明明没有翻译。。。都听懂了"}, {"uid": "510604685", "content": "喝口茶冷静一下"}, {"uid": "1831109329", "content": "我耳机带好了，开始吧"}, {"uid": "509870226", "content": "感谢翻译君"}, {"uid": "98852304", "content": "又过了三天，3.5万了"}, {"uid": "7468229", "content": "爽 一天一遍"}, {"uid": "308661388", "content": "mirror？？？？"}, {"uid": "490846439", "content": "你再骂！（"}, {"uid": "354929908", "content": "你再骂（乞求）"}, {"uid": "434907354", "content": "初见 可爱 单推 结婚"}, {"uid": "699479", "content": "我竟然看了3遍……"}, {"uid": "32487745", "content": "白毛  我死了"}, {"uid": "35784689", "content": "好舒服啊在多骂点"}, {"uid": "400122086", "content": "她太会了"}, {"uid": "152369637", "content": "同步眨眼"}, {"uid": "35763225", "content": "音量拉满"}, {"uid": "2249493", "content": "爱了爱了，再骂，再骂"}, {"uid": "131652679", "content": "她太会了"}, {"uid": "375216750", "content": "有本事骂我就是我说的，哈哈"}, {"uid": "12885942", "content": "她太会了"}, {"uid": "3331834", "content": "哦～浑身舒畅"}, {"uid": "91316236", "content": "她太会了"}, {"uid": "104353618", "content": "真的是 你们这些人 真的"}, {"uid": "104353618", "content": "你们到底想做什么啊"}, {"uid": "88228073", "content": "才出道三天就有一万粉丝了？"}, {"uid": "104353618", "content": "才出道三天就一万关注了？"}, {"uid": "1844369459", "content": "才发现你没见都是一些都斗m"}, {"uid": "416033838", "content": "我猥琐地笑了"}, {"uid": "668618290", "content": "dd是老婆的意思"}, {"uid": "433240035", "content": "爱惜特鲁"}, {"uid": "481875949", "content": "开始了开始了"}, {"uid": "449726915", "content": "多谢款待"}, {"uid": "667591004", "content": "非静止画面"}, {"uid": "496011653", "content": "诸君我好兴奋"}, {"uid": "617582582", "content": "我只能表示无语(扶着额头)"}, {"uid": "417392533", "content": "诸君，我好兴奋"}, {"uid": "671180566", "content": "请加大力度！"}, {"uid": "97382891", "content": "你到底在想什么？"}, {"uid": "1214866131", "content": "你再骂(请求)"}, {"uid": "393210984", "content": "好幸福请继续骂我"}, {"uid": "33537431", "content": "已经。。不需要翻译了！"}, {"uid": "495901055", "content": "最喜欢我了吗"}, {"uid": "509927571", "content": "直接爱掉"}, {"uid": "33567403", "content": "好家伙，一群lsp"}, {"uid": "341391619", "content": "DD快乐"}, {"uid": "341391619", "content": "快乐DD"}, {"uid": "490866949", "content": "Dd"}, {"uid": "474040262", "content": "不愧是你们"}, {"uid": "623733969", "content": "诸君我好兴奋啊"}, {"uid": "310908833", "content": "笑容突然变态"}, {"uid": "378114951", "content": "谢谢，有被冒犯到"}, {"uid": "519578865", "content": "我好兴奋啊！"}, {"uid": "376246346", "content": "多谢款待！"}, {"uid": "513755017", "content": "触手?↓"}, {"uid": "500084060", "content": "翻译官辛苦了"}, {"uid": "376246346", "content": "能再多骂我几局吗？"}, {"uid": "2760146", "content": "嫌弃颜"}, {"uid": "65407078", "content": "啊(▼皿▼#)"}, {"uid": "295911261", "content": "她好会！"}, {"uid": "629474112", "content": "可爱，单推了"}, {"uid": "438376968", "content": "摩多摩多摩多摩多"}, {"uid": "1249564286", "content": "每天亿遍"}, {"uid": "34973378", "content": "DNA动了"}, {"uid": "475215902", "content": "初见 可爱 单推"}, {"uid": "40488236", "content": "不用翻译了，DNA里有"}, {"uid": "499240783", "content": "诸君，我好兴奋啊"}, {"uid": "57387299", "content": "多谢款待！"}, {"uid": "81662068", "content": "绝，真的绝"}, {"uid": "473813796", "content": "兴奋"}, {"uid": "638674310", "content": "虽然听不懂但是很好听"}, {"uid": "325383354", "content": "感谢野生烤肉君"}, {"uid": "364546607", "content": "骂的也太温柔"}, {"uid": "12858483", "content": "我居然听懂了…"}, {"uid": "8310704", "content": "她太懂了"}, {"uid": "4632246", "content": "白毛的天生优势"}, {"uid": "25399128", "content": "我擦，好起来了"}, {"uid": "27043689", "content": "疯狂锤床"}, {"uid": "16017224", "content": "多骂点"}, {"uid": "1866922", "content": "音量拉满"}, {"uid": "252416357", "content": "多谢款待"}, {"uid": "106946615", "content": "你脸红个泡泡茶壶"}, {"uid": "503342806", "content": "这位DD很有精神"}, {"uid": "87355646", "content": "我朋友说他好了"}, {"uid": "105979654", "content": "很好，很有精神"}, {"uid": "438976420", "content": "万粉了，庆祝！"}, {"uid": "104353618", "content": "最喜欢了哟"}, {"uid": "104353618", "content": "我的错？才不是！"}, {"uid": "35026748", "content": "我还以为我在墨西哥"}, {"uid": "1368845705", "content": "感谢野生字幕君"}, {"uid": "12397731", "content": "多谢款待"}, {"uid": "198286116", "content": "多谢款待"}, {"uid": "240782681", "content": "我好幸福"}, {"uid": "406029864", "content": "翻译君何在？"}, {"uid": "630034922", "content": "哈哈，我他妈太开心了"}, {"uid": "28401266", "content": "多谢款待"}, {"uid": "177192647", "content": "你怎么知道？"}, {"uid": "439418496", "content": "爱了爱了"}, {"uid": "1055380439", "content": "你再骂，多骂点"}, {"uid": "35020094", "content": "你再骂"}, {"uid": "525466898", "content": "这个好欸"}, {"uid": "39387839", "content": "这就是rap。"}, {"uid": "470772203", "content": "哈哈哈哈哈"}, {"uid": "477359779", "content": "爱了爱了"}, {"uid": "521433330", "content": "声微饭否！"}, {"uid": "480070497", "content": "声微饭否？"}, {"uid": "285808911", "content": "多骂点"}, {"uid": "365745244", "content": "她爱我"}, {"uid": "231632947", "content": "你再骂！"}, {"uid": "27817170", "content": "一群抖……"}, {"uid": "175325", "content": "就这？"}, {"uid": "436520554", "content": "好兴奋"}, {"uid": "516801578", "content": "awsl"}, {"uid": "290494144", "content": "多谢款待"}, {"uid": "475297376", "content": "声微饭否"}, {"uid": "34613222", "content": "我好兴奋"}, {"uid": "378114951", "content": "？？？？？？翻译官呢"}, {"uid": "436606445", "content": "你再骂，再来点"}, {"uid": "29020591", "content": "建议下次换背景音乐"}, {"uid": "436606445", "content": "ohhhhhhhhhhhhhhhh"}, {"uid": "98535250", "content": "居然挺像钉宫"}, {"uid": "408931130", "content": "我好兴奋"}, {"uid": "30141514", "content": "再来一遍"}, {"uid": "473182815", "content": "多谢款待"}, {"uid": "166730839", "content": "多谢款待"}, {"uid": "454624870", "content": "多谢款待"}, {"uid": "143922706", "content": "多谢款待"}, {"uid": "690823746", "content": "多谢款待"}, {"uid": "34973378", "content": "吃生肉"}, {"uid": "157315244", "content": "太会了"}, {"uid": "506235120", "content": "骂我！"}, {"uid": "482159183", "content": "好爽"}, {"uid": "630737873", "content": "听不见"}, {"uid": "211694817", "content": "但是，喜欢你"}, {"uid": "12786280", "content": "你是萨摩藩的么 八嘎都是马路"}, {"uid": "14614164", "content": "大声点"}, {"uid": "104349408", "content": "听不见！！！！"}, {"uid": "35763225", "content": "多谢款待"}, {"uid": "495630086", "content": "你再驾"}, {"uid": "285766314", "content": "ohhhhhhhh！"}, {"uid": "131652679", "content": "提前你再骂！"}, {"uid": "5319979", "content": "会骂人？关注了关注了"}, {"uid": "830472", "content": "你再骂！"}, {"uid": "343693451", "content": "変態だから"}, {"uid": "35527914", "content": "钉宫既视感"}, {"uid": "104353618", "content": "但是"}, {"uid": "306903058", "content": "这声音好像七七"}, {"uid": "416033838", "content": "忍不住投币了"}, {"uid": "493750964", "content": "哈啊？这样骂你感觉很舒服？"}, {"uid": "448677371", "content": "爽"}, {"uid": "275398735", "content": "声微饭否"}, {"uid": "695365586", "content": "使劲骂"}, {"uid": "240782681", "content": "我不行了"}, {"uid": "98320657", "content": "有点像伊蕾娜啊"}, {"uid": "228302475", "content": "到底打算干什么?"}, {"uid": "102359811", "content": "棒读"}, {"uid": "688905115", "content": "没吃饭吗？"}, {"uid": "359806404", "content": "awsl"}, {"uid": "349132902", "content": "。。。。。"}, {"uid": "453984782", "content": "多谢款待"}, {"uid": "473632148", "content": "没吃饭？"}, {"uid": "68024162", "content": "老婆骂我好吗？"}, {"uid": "1681441925", "content": "awsl，awsl"}, {"uid": "431737449", "content": "还是看弹幕最有意思"}, {"uid": "9968369", "content": "啊啊啊啊啊啊！！呢！呢！"}, {"uid": "444117600", "content": "好爽啊～"}, {"uid": "498104396", "content": "呦西"}, {"uid": "318610723", "content": "好幸福"}, {"uid": "175325", "content": "哈哈哈哈"}, {"uid": "220675260", "content": "你再骂    继续"}, {"uid": "516801578", "content": "踩我！"}, {"uid": "281266659", "content": "我好兴奋"}, {"uid": "99094467", "content": "kimoji~~~~"}, {"uid": "669735720", "content": "我真是high到不行啊！"}, {"uid": "28704270", "content": "BGM搞事"}, {"uid": "520024924", "content": "m魂觉醒了你们？"}, {"uid": "623733969", "content": "抱歉，骂了什么"}, {"uid": "439055783", "content": "在多骂点"}, {"uid": "434167101", "content": "可爱！！！"}, {"uid": "497096105", "content": "来来来，快骂我！"}, {"uid": "349187955", "content": "舒服了"}, {"uid": "601432128", "content": "你骂谁了"}, {"uid": "98535250", "content": "音量最大"}, {"uid": "228477892", "content": "整不戳"}, {"uid": "497218051", "content": "dasiki"}, {"uid": "690823746", "content": "可爱"}, {"uid": "390128428", "content": "舒服"}, {"uid": "32914673", "content": "长筒足袋踩我"}, {"uid": "57387299", "content": "Ohhhhh"}, {"uid": "454428073", "content": "好起来了"}, {"uid": "390974405", "content": "已经好了"}, {"uid": "40351963", "content": "一天一w粉"}, {"uid": "474894315", "content": "大点声"}, {"uid": "300732051", "content": "背景音乐？"}, {"uid": "424157708", "content": "你再骂！"}, {"uid": "5312877", "content": "你再骂！"}, {"uid": "5312877", "content": "你们都是变态吧"}, {"uid": "35763225", "content": "awsl"}, {"uid": "50258975", "content": ".............."}, {"uid": "131652679", "content": "whl"}, {"uid": "174952927", "content": "开头见"}, {"uid": "233263519", "content": "你脸红什么"}, {"uid": "93799307", "content": "好的，这就关注"}, {"uid": "251296915", "content": "多谢款待"}, {"uid": "4578180", "content": "骂的我头皮发麻"}, {"uid": "105979654", "content": "提前听不见"}, {"uid": "438976420", "content": "万粉庆祝，"}, {"uid": "170204766", "content": "你再骂！"}, {"uid": "88228073", "content": "真是的，你们这些人，真的是…"}, {"uid": "88228073", "content": "真是的，你们这些人，真的是…"}, {"uid": "37239786", "content": "awsl"}, {"uid": "404692525", "content": "推了"}, {"uid": "628651169", "content": "感谢弹幕菌"}, {"uid": "493750964", "content": "马鹿马鹿马鹿马鹿马鹿马鹿"}, {"uid": "630034922", "content": "哎呀哎呀哎呀"}, {"uid": "1914886274", "content": "好兴致"}, {"uid": "1071499598", "content": "我只知道变态"}, {"uid": "89073038", "content": "好爽"}, {"uid": "349132902", "content": "生肉？？？"}, {"uid": "601593461", "content": "听不见，根本听不见！这么小的声音还想开军舰！"}, {"uid": "482563714", "content": "完全都不知道，完全是变态"}, {"uid": "491865555", "content": "请继续"}, {"uid": "19272063", "content": "这脸怎么一股八才味"}, {"uid": "499418556", "content": "动不了了"}, {"uid": "328528471", "content": "撕"}, {"uid": "286113291", "content": "耳机党极度舒适"}, {"uid": "33336289", "content": "骂我"}, {"uid": "14543482", "content": "好耶！！！"}, {"uid": "671952272", "content": "好嗨"}, {"uid": "371780246", "content": "好Q弹"}, {"uid": "518235298", "content": "what"}, {"uid": "1669730998", "content": "好家伙"}, {"uid": "473129599", "content": "？"}, {"uid": "672579586", "content": "阿伟乱葬岗"}, {"uid": "35013144", "content": "nice"}, {"uid": "490024397", "content": "舒服"}, {"uid": "472523264", "content": "你在骂?"}, {"uid": "690160559", "content": "26w了lsp们"}, {"uid": "311144326", "content": "朱军我好兴奋啊"}, {"uid": "398001997", "content": "啊啊啊啊啊啊啊啊~"}, {"uid": "362868621", "content": "你再骂！"}, {"uid": "473239783", "content": "流批"}, {"uid": "436606445", "content": "ohhhhhhhhhhhhhhhh"}, {"uid": "85924415", "content": "八嘎家来一咯"}, {"uid": "82622146", "content": "awsl"}, {"uid": "306327120", "content": "骂我！"}, {"uid": "435912569", "content": "啊这"}, {"uid": "473182815", "content": "awsl"}, {"uid": "494910002", "content": "连一个合格的字幕都没有，你这样要如何宽展业务，如何做大做强，如何从地区走向世界。难道你就没有一点梦想？"}, {"uid": "86495752", "content": "这这这"}, {"uid": "642747505", "content": "多谢款待！"}, {"uid": "227000402", "content": "谢谢"}, {"uid": "426849990", "content": "只听懂了混蛋变态就没了"}, {"uid": "506235120", "content": "骂我"}, {"uid": "415335807", "content": "我听懂了"}, {"uid": "48746732", "content": "舒服了"}, {"uid": "687359320", "content": "？？？？？日文"}, {"uid": "2019817", "content": "木大木大木大木大"}, {"uid": "675804015", "content": "最喜欢你了"}, {"uid": "236925007", "content": "没吃饭吗这么小声"}, {"uid": "642747505", "content": "骂我"}, {"uid": "607880121", "content": "我推"}, {"uid": "175037969", "content": "没吃饭？骂大声点"}, {"uid": "9239056", "content": "awsl"}, {"uid": "474894315", "content": "你再骂"}, {"uid": "231341623", "content": "？？？？？"}, {"uid": "5150486", "content": "？？？？？"}, {"uid": "5150486", "content": "？？？？"}, {"uid": "7590031", "content": "ohhhhhhhhhhhhh"}, {"uid": "5788806", "content": "草"}, {"uid": "28864786", "content": "助かる"}, {"uid": "289063570", "content": "骂我"}, {"uid": "702849747", "content": "你再骂！"}, {"uid": "45009343", "content": "噢噢噢哦哦"}, {"uid": "400846075", "content": "凉了"}, {"uid": "482295624", "content": "?"}, {"uid": "155931883", "content": "卡西拉？"}, {"uid": "610599607", "content": "。。。"}, {"uid": "449726915", "content": "好爽"}, {"uid": "100468360", "content": "fw"}, {"uid": "554456758", "content": "debu？肥猪"}, {"uid": "282081480", "content": "啊啊啊啊啊~"}, {"uid": "85276137", "content": "23333"}, {"uid": "511097629", "content": "awsl"}, {"uid": "650288411", "content": "多谢多谢"}, {"uid": "51892873", "content": "你再骂!"}, {"uid": "418674370", "content": "太棒了"}, {"uid": "429566453", "content": "你再骂"}, {"uid": "442833351", "content": "你再骂"}, {"uid": "349737174", "content": "你再骂？"}, {"uid": "349737174", "content": "你在"}, {"uid": "341009421", "content": "awsl"}, {"uid": "341009421", "content": "好家伙"}, {"uid": "1214866131", "content": "翻译君在哪？"}, {"uid": "1214866131", "content": "好哎"}, {"uid": "418674370", "content": "这么小声还想开军舰?"}, {"uid": "385486222", "content": "坚守阵地！"}, {"uid": "115316750", "content": "awsl"}, {"uid": "500018405", "content": "八嘎八嘎八嘎"}, {"uid": "299557049", "content": "你再罵！（懇求）"}, {"uid": "220675260", "content": "爽飞了"}, {"uid": "516320802", "content": "继续继续，别停"}, {"uid": "484754204", "content": "因为看不懂默默的把赞取消"}, {"uid": "484754204", "content": "？？？"}, {"uid": "432040528", "content": "爱了爱了"}, {"uid": "21339379", "content": "爽"}, {"uid": "447400787", "content": "BGM是啥啊"}, {"uid": "431671807", "content": "我真是爽到不行了啊哈哈哈呵呵呵"}, {"uid": "336398202", "content": " nb我就想问一下你是怎么一口气说出这么多日语的？"}, {"uid": "20097922", "content": "骂死我"}, {"uid": "20097922", "content": "单推"}, {"uid": "286694573", "content": "好耶"}, {"uid": "94112200", "content": "awsl"}, {"uid": "386586357", "content": "哇哦"}, {"uid": "31440195", "content": "不像东京口音"}, {"uid": "289462814", "content": "你再骂"}, {"uid": "408931130", "content": "那是看垃圾的眼神吧"}, {"uid": "306327120", "content": "我也喜欢"}, {"uid": "473182815", "content": "卡哇伊"}, {"uid": "429659920", "content": "啥意思"}, {"uid": "30068300", "content": "awsl"}, {"uid": "21215989", "content": "awsl"}, {"uid": "255528800", "content": "awsl"}, {"uid": "395951598", "content": "你再骂"}, {"uid": "675804015", "content": "但是"}, {"uid": "1910973", "content": "そだよ"}, {"uid": "7468229", "content": "啊啊啊啊啊  好爽"}, {"uid": "11334989", "content": "你再骂？"}, {"uid": "88022303", "content": "はい"}, {"uid": "85646911", "content": "谢谢"}, {"uid": "251296915", "content": "多谢款待"}, {"uid": "446215849", "content": "骂我"}, {"uid": "104353618", "content": "最差劲了"}, {"uid": "289063570", "content": "可爱"}, {"uid": "289063570", "content": "可爱"}, {"uid": "517950339", "content": "再来再来"}, {"uid": "437922763", "content": "？？？？？？？？？？？？？？"}, {"uid": "521582046", "content": "木大木大木大木大木大"}, {"uid": "688492875", "content": "你再骂"}, {"uid": "426243856", "content": "？？？"}, {"uid": "100468360", "content": "fw"}, {"uid": "100468360", "content": "fw"}, {"uid": "650288411", "content": "再来一次"}, {"uid": "701673452", "content": "绝了"}, {"uid": "165499260", "content": "？？？？？？？？"}, {"uid": "233641922", "content": "没听懂"}, {"uid": "1605499530", "content": "啊啊斯巴拉西"}, {"uid": "404728358", "content": "你再骂"}, {"uid": "4780694", "content": "彳亍"}, {"uid": "33336289", "content": "舒服了"}, {"uid": "397282208", "content": "今天的b"}, {"uid": "66759951", "content": "2月4小年期间前来报道"}, {"uid": "114355584", "content": "快快快"}, {"uid": "518235298", "content": "？？？what"}, {"uid": "27001381", "content": "啊啊啊啊啊啊"}, {"uid": "689291246", "content": "1"}, {"uid": "647511082", "content": "初见，可爱，单推"}, {"uid": "388445833", "content": "我可"}, {"uid": "499205874", "content": "舒服"}, {"uid": "1408017908", "content": "爱了爱了"}, {"uid": "311144326", "content": "你再骂"}, {"uid": "20221797", "content": "关注了"}, {"uid": "496809150", "content": "変態だ"}, {"uid": "435544940", "content": "好！"}, {"uid": "439055783", "content": "对我就是变态"}, {"uid": "1079626970", "content": "xswl"}, {"uid": "643899547", "content": "好兴奋啊"}, {"uid": "413260302", "content": "你在骂"}, {"uid": "900640", "content": "啊这"}, {"uid": "439481064", "content": "我真是嗨到不行"}, {"uid": "266672804", "content": "舒服了"}, {"uid": "502365516", "content": "awsl"}, {"uid": "12666800", "content": "不行，她好会阿，告诉团长，窝暂时不回去了"}, {"uid": "429519887", "content": "好耶"}, {"uid": "22390536", "content": "好耶！"}, {"uid": "690823746", "content": "awsl"}, {"uid": "690823746", "content": "hhhh"}, {"uid": "13032240", "content": "awsl"}, {"uid": "418055326", "content": "好棒"}, {"uid": "486988992", "content": "声音小了，根本听不见"}, {"uid": "504819008", "content": " 你再骂！"}, {"uid": "400843414", "content": "你再骂"}, {"uid": "454428073", "content": "啊！！！！！"}, {"uid": "325829769", "content": "你再骂？（恳求）"}, {"uid": "67862810", "content": "woc"}, {"uid": "362297431", "content": "骂我"}, {"uid": "498463749", "content": "真好听"}, {"uid": "693159826", "content": "老m了"}, {"uid": "403255037", "content": "hantai"}, {"uid": "376246346", "content": "舒服了"}, {"uid": "6692338", "content": "好耶"}, {"uid": "7214597", "content": "你脸红个泡泡茶壶"}, {"uid": "354370691", "content": "awsl"}, {"uid": "104353618", "content": "吵死了"}, {"uid": "104353618", "content": "变态"}, {"uid": "289063570", "content": "大好き"}, {"uid": "494789446", "content": "好耶"}, {"uid": "650321707", "content": "在我们海军学校，四年级学生说听不见，就是听不见。这么小声音还想开军舰！"}, {"uid": "524875425", "content": "怎样？"}, {"uid": "493750964", "content": "马鹿马鹿马鹿"}, {"uid": "447228118", "content": "这个好诶"}, {"uid": "12603840", "content": "？"}, {"uid": "170756326", "content": "你没吃饭吗?这么小声"}, {"uid": "1071499598", "content": "啊哈哈哈哈哈哈哈哈"}, {"uid": "472457556", "content": "変態は私だ"}, {"uid": "35798345", "content": "你再骂"}, {"uid": "285383848", "content": "噢耶"}, {"uid": "81849053", "content": "一群变态"}, {"uid": "289662041", "content": "？"}, {"uid": "233641922", "content": "下次可以加字幕吗？"}, {"uid": "1512870", "content": "没吃饭吗"}, {"uid": "7243799", "content": "わたしは変態です。"}, {"uid": "441194070", "content": "舒服了"}, {"uid": "400275913", "content": "awsl"}, {"uid": "498094802", "content": "听不见听不见！这么小声还想开军舰？！"}, {"uid": "31876947", "content": "舒服了"}, {"uid": "490024397", "content": "真不错"}, {"uid": "486372612", "content": "我不行了"}, {"uid": "472523264", "content": "。？？"}, {"uid": "483761466", "content": "舒服了"}, {"uid": "20221797", "content": "爽了"}, {"uid": "128795287", "content": "芜湖"}, {"uid": "29020591", "content": "嘶～"}, {"uid": "669531193", "content": "你再骂"}, {"uid": "13397729", "content": "awsl"}, {"uid": "409644641", "content": "kksk"}, {"uid": "429545374", "content": "下次一定"}, {"uid": "545432838", "content": "真不错"}, {"uid": "660231154", "content": "awsl"}, {"uid": "158221682", "content": "awsl"}, {"uid": "453177887", "content": "呀咧呀咧"}, {"uid": "22390536", "content": "好耶！"}, {"uid": "41461913", "content": "ごちらとず"}, {"uid": "32555006", "content": "awsl"}, {"uid": "442699039", "content": "啊，不好意思，刚刚看评论"}, {"uid": "400846075", "content": "3W粉贺电"}, {"uid": "8288952", "content": "建议看医生"}]