[{"uid": "475082995", "content": "打卡、口投挖路！"}, {"uid": "46868571", "content": "不是，你打错了(doge)"}, {"uid": "405299775", "content": "不，这里是派大星"}, {"uid": "33327221", "content": "马上就到你家门口"}, {"uid": "57796003", "content": "刚挨了个巴掌回来"}, {"uid": "43845631", "content": "嘿嘿，看我找到了什么好东西"}, {"uid": "475082995", "content": "不是，你打错了"}, {"uid": "387226840", "content": "克里斯关一下楼下的门"}, {"uid": "361794060", "content": "不，这里是派大星"}, {"uid": "85450071", "content": "不是，打错了，这不是先辈"}, {"uid": "489673931", "content": "不，这里是派大星"}, {"uid": "525682047", "content": "你不要进来啊！～"}, {"uid": "490846439", "content": "看，我发现了什么？"}, {"uid": "278127097", "content": "我家现在正在下雨，回去吧，别淋着了"}, {"uid": "450674961", "content": "我是巫沐第一次？"}, {"uid": "27817170", "content": "旺旺前辈"}, {"uid": "73356582", "content": "楼下铁门关一下"}, {"uid": "397698233", "content": "仙贝（"}, {"uid": "637619370", "content": "一分钟的烫嘴"}, {"uid": "649195351", "content": "再来亿遍"}, {"uid": "485986529", "content": "再来一次"}, {"uid": "321891775", "content": "我第一？？"}, {"uid": "406100581", "content": "巫沐加油！"}, {"uid": "157211300", "content": "早早早！"}, {"uid": "497096105", "content": "热乎热乎。"}, {"uid": "518579678", "content": "好耶"}, {"uid": "428455696", "content": "热乎"}, {"uid": "515369074", "content": "七分钟！"}, {"uid": "252511269", "content": "热乎的！"}, {"uid": "646560752", "content": "好耶"}, {"uid": "240636362", "content": "不开"}]