[{"uid": "21098678", "content": "umo吃桃"}, {"uid": "277534779", "content": "好家伙"}, {"uid": "379841421", "content": "啊这"}, {"uid": "298046994", "content": "原来他是傲娇！！！！！"}, {"uid": "449150482", "content": "取关了"}, {"uid": "13775854", "content": "？？？？"}, {"uid": "62145276", "content": "吃桃"}, {"uid": "435912569", "content": "？？？？"}, {"uid": "34312751", "content": "？"}, {"uid": "34312751", "content": "啊这"}, {"uid": "600274002", "content": "草"}, {"uid": "600274002", "content": "初号机好家伙"}, {"uid": "699754567", "content": "一小时，大伊万热热还能吃"}, {"uid": "50005456", "content": "是松岗"}, {"uid": "161072911", "content": "啊这"}, {"uid": "4883965", "content": "bgm恰到好处"}, {"uid": "9267767", "content": "这天聊的就离谱"}, {"uid": "375472340", "content": "找帝君寻求意见啊"}, {"uid": "15403006", "content": "吃桃子"}, {"uid": "673817190", "content": "所以看完之后我得出结论，为毛是男主？！"}, {"uid": "481245631", "content": "三十分钟，热的"}, {"uid": "35166118", "content": "是冈！"}, {"uid": "123736448", "content": "阿巴阿巴"}, {"uid": "34617662", "content": "看到我你就不是第一了"}, {"uid": "448541328", "content": "1小时，热乎"}]