[{"uid": "404692525", "content": "社死瞬间，啊哈哈"}, {"uid": "2025990401", "content": "夹  吃  灰"}, {"uid": "403685871", "content": "请务必这么做！"}, {"uid": "499179187", "content": "音响外放的现在还好吗"}, {"uid": "667811558", "content": "次不次棒棒糖，爆浆的"}, {"uid": "629921676", "content": "有谁注意到旁边的衣服？"}, {"uid": "399035945", "content": "指定有点基础"}, {"uid": "98851184", "content": "兄弟们我朋友说他好了"}, {"uid": "499179187", "content": "耳机党极度享受时间"}, {"uid": "499179187", "content": "耳机党极度舒适"}, {"uid": "477944474", "content": "直男发言：我被吓到了啊啊！！"}, {"uid": "454727500", "content": "那你想让我干什么？光合作用吗？"}, {"uid": "455353460", "content": "我爸在旁边问我在看什么"}, {"uid": "161226312", "content": "快救我狗子！！！"}, {"uid": "528860567", "content": "我是个盲人我的面前出现了什么"}, {"uid": "501497974", "content": "冰箱里有派蒙，你去吃点吧先"}, {"uid": "501497974", "content": "冰箱里不是有派蒙吗，你先去吃点（doge）"}, {"uid": "513625632", "content": "给 她 做 饭 ！！！！！"}, {"uid": "492209755", "content": "给个早安吻吧，保证马上起床"}, {"uid": "453495965", "content": "兄弟们，我看掉了一个“起”我还有救吗？"}, {"uid": "349550899", "content": "你脸红个泡泡茶壶"}, {"uid": "468785385", "content": "啊可恶我在做什么"}, {"uid": "173522635", "content": "好的 主人这就把其他主人做给你吃（错乱"}, {"uid": "490406468", "content": "她太会了，我玩不过她"}, {"uid": "475159786", "content": "好家伙我外放社会性死亡"}, {"uid": "400881421", "content": "手术很成功"}, {"uid": "400881421", "content": "手术很成功"}, {"uid": "553194978", "content": "你还真是怠惰呢"}, {"uid": "87613644", "content": "企业加翔鹤，太有才了，hhh"}, {"uid": "690910595", "content": "我家老皮叫我去吃东西了。阿伟就在这里给饿死吧"}, {"uid": "690910595", "content": "你别嗷了，我快忍不了了"}, {"uid": "94871752", "content": "下面这个魔鬼"}, {"uid": "94871752", "content": "⬇️魔鬼"}, {"uid": "224730802", "content": "外放我直接曝炸"}, {"uid": "543285997", "content": "屏幕前的各位弟弟注意下自己的表情啊"}, {"uid": "280451468", "content": "耳机党好了"}, {"uid": "122420269", "content": "这声音听着有点麻呀....."}, {"uid": "20359659", "content": "亚卡马西索！阔诺巴扒！"}, {"uid": "1317819392", "content": "时无暇:谢谢，有被冒犯到"}, {"uid": "516801578", "content": "阿伟：救我！"}, {"uid": "240083801", "content": "不小心点关注了，很抱歉以这样的方式认识你"}, {"uid": "224730802", "content": "我朋友说他起来了"}, {"uid": "224730802", "content": "快点步入正题！"}, {"uid": "412677129", "content": "听到前面那一个空耳“欧拉”瞬间精神。"}, {"uid": "542044997", "content": "除了做饭几乎全能的男人……"}, {"uid": "204966161", "content": "你再骂（恳求）"}, {"uid": "473207885", "content": "我那个很大(错乱)"}, {"uid": "34775244", "content": "耳机党狂笑喜"}, {"uid": "26614874", "content": "我被床封印了，要亲亲才能起来"}, {"uid": "1236632545", "content": "再睡五分钟＝睡到天荒地老"}, {"uid": "384445279", "content": "爹妈闻见打系列"}, {"uid": "535544136", "content": "可爱的女孩子和我一起睡才会心动"}, {"uid": "535544136", "content": "打算睡到你和我一起睡的时候"}, {"uid": "141721463", "content": "爸拿棍子，妈听解释"}, {"uid": "431671807", "content": "我哥一脸奇怪的看着我"}, {"uid": "5078473", "content": "我直接用音响外放，兄弟萌我做得对吗(doge）"}, {"uid": "14985171", "content": "我兄弟起来了"}, {"uid": "67815308", "content": "先吃个夹心棒棒糖"}, {"uid": "497668956", "content": "睡着五分钟等于穿越时空"}, {"uid": "179074449", "content": "是高蛋白食品吗"}, {"uid": "438659335", "content": "我爸叫我到房间里看"}, {"uid": "348679080", "content": "企业加翔鹤笑死哈哈哈"}, {"uid": "369595744", "content": "外放的我慌的一匹，甚至爸妈就坐在旁边。"}, {"uid": "35503862", "content": "我家里人都看着我..."}, {"uid": "86814859", "content": "不起，要亲亲才能起来（"}, {"uid": "13627772", "content": "怎么还喘上了？"}, {"uid": "379306315", "content": "求  之  不  得"}, {"uid": "454133290", "content": "我  不  会  做  饭"}, {"uid": "473182815", "content": "哇，太可爱了吧，爱了爱了"}, {"uid": "179458284", "content": "啪一下就进来了，很快啊"}, {"uid": "43828547", "content": "巫沐也太懂了吧"}, {"uid": "21098678", "content": "快进到敲锣打鼓（"}, {"uid": "287943799", "content": "两分钟！烫喉咙！"}, {"uid": "1027264537", "content": "这个点不去看颁奖典礼？【doge】"}, {"uid": "411268940", "content": "请务必再骂我几句"}, {"uid": "487518014", "content": "翔鹤！！！？？"}, {"uid": "390528112", "content": "直接社会性死亡"}, {"uid": "352450898", "content": "左边的球是本体"}, {"uid": "1753624", "content": "在你踩我之前我是绝对不会起来的"}, {"uid": "26665994", "content": "给爷抱抱qwq"}, {"uid": "518154210", "content": "妈见打，爸放棍"}, {"uid": "442604830", "content": "你再骂（恳求）"}, {"uid": "273855188", "content": "肩膀上的是什么生物"}, {"uid": "98851184", "content": "请务必继续"}, {"uid": "385463399", "content": "我没起床弟弟先起了"}, {"uid": "508570340", "content": "耳机太牛逼了"}, {"uid": "512090922", "content": "姐姐踩我～"}, {"uid": "647679896", "content": "妈听解爸放棍"}, {"uid": "441150668", "content": "此物会社死的，但我还要"}, {"uid": "38517111", "content": "老奸巨猾"}, {"uid": "71101243", "content": "昨晚是我动又不是你动，我累"}, {"uid": "528860567", "content": "必须得封我是个盲人"}, {"uid": "97233727", "content": "开启深度催眠"}, {"uid": "508684337", "content": "巫沐牌抱枕，你值得拥有！"}, {"uid": "19512630", "content": "哎呦，你脸红了"}, {"uid": "32118017", "content": "外放社会性死亡"}, {"uid": "630689963", "content": "诸君，我好兴奋啊！"}, {"uid": "409671358", "content": "请务必用力踩我"}, {"uid": "74157095", "content": "企业 确信"}, {"uid": "20088230", "content": "好可爱的巫沐酱"}, {"uid": "409166531", "content": "等等，这好像是她房间"}, {"uid": "690910595", "content": "哥们真有毒啊，我要回家。"}, {"uid": "690910595", "content": "你跟我说我啥时候了？"}, {"uid": "391382416", "content": "脚下亡魂"}, {"uid": "516320802", "content": "请您务必这样对我"}, {"uid": "661205481", "content": "旁边那个是神奇宝贝球吗？"}, {"uid": "407386989", "content": "我外放贼大声， "}, {"uid": "224730802", "content": "再睡5分钟"}, {"uid": "78974563", "content": "我养了只派蒙，你吃吗"}, {"uid": "309882501", "content": "好家伙，又骗我吃牢饭"}, {"uid": "693981791", "content": "11点半起床不晚吧"}, {"uid": "389118148", "content": "我不对劲"}, {"uid": "344246865", "content": "我硬是直接起来了"}, {"uid": "694798655", "content": "开始不对劲了"}, {"uid": "224730802", "content": "撒撒撒！快猜，"}, {"uid": "224730802", "content": "您真是怠惰呢"}, {"uid": "511487228", "content": "诸君，我好兴奋啊"}, {"uid": "161127522", "content": "我外放我超勇"}, {"uid": "384445279", "content": "爹妈闻见打系列"}, {"uid": "397875382", "content": "企业加翔鹤c哈哈哈哈哈哈哈"}, {"uid": "508491596", "content": "给我一个早安吻，我立刻起来"}, {"uid": "6130115", "content": "求 之 不 得 "}, {"uid": "344483075", "content": "我看漏了个“起”字"}, {"uid": "25184876", "content": "膝枕が欲しい"}, {"uid": "46677249", "content": "应该反手抱着一起睡"}, {"uid": "423848836", "content": "不是应该你去做早餐吗"}, {"uid": "28704270", "content": "还好载着耳机 不然完蛋了"}, {"uid": "1676977", "content": "这绝对起不来了吧"}, {"uid": "647343580", "content": "请务必这样对我"}, {"uid": "18416307", "content": "我 起 了"}, {"uid": "20310408", "content": "粘液饭"}, {"uid": "26440795", "content": "企业（大雾）"}, {"uid": "399758400", "content": "我那个最大～～"}, {"uid": "508491596", "content": "woc，当场开车"}, {"uid": "493241490", "content": "你脸红个泡泡茶壶"}, {"uid": "363914919", "content": "刚出道就整活 我喜欢"}, {"uid": "474517573", "content": "热一下还能吃"}, {"uid": "509696473", "content": "我起了一到秒了有什么好说的"}, {"uid": "227544757", "content": "你不是不上学吗我也不去啊（滑稽）"}, {"uid": "398581947", "content": "热一下，还能吃"}, {"uid": "280577875", "content": "请务必这样对我"}, {"uid": "544322442", "content": "读书人杨某答复：おはようございました"}, {"uid": "1400489", "content": "大脑在颤抖"}, {"uid": "544322442", "content": "太真实了"}, {"uid": "97125666", "content": "不愧是我"}, {"uid": "652490208", "content": "停止思考"}, {"uid": "34179798", "content": "这不带耳机谁受得了？"}, {"uid": "289078787", "content": "卧槽，我外放"}, {"uid": "480333229", "content": "去找耳机（慌乱的我"}, {"uid": "9099060", "content": "奇怪的声音"}, {"uid": "39165213", "content": "不需要翻译，都能听懂"}, {"uid": "475082995", "content": "我叫你和我一起睡"}, {"uid": "687594056", "content": "我不行了我忍不了了我先。。。"}, {"uid": "698030663", "content": "真男人从不关注"}, {"uid": "189096412", "content": "又是白毛爱了爱了"}, {"uid": "172326200", "content": "还有这种好事？"}, {"uid": "455353460", "content": "请务必踩我"}, {"uid": "441150668", "content": "现以三连"}, {"uid": "151184150", "content": "请务必这样对我"}, {"uid": "106841677", "content": "我直接搂着睡"}, {"uid": "528860567", "content": " 我是个盲人这吃啥"}, {"uid": "508684337", "content": "肚子饿了？滑稽"}, {"uid": "379010059", "content": "在……在晃……那个……"}, {"uid": "492209755", "content": "记得穿上过膝白袜踩我"}, {"uid": "527010658", "content": "我真是怠惰"}, {"uid": "448085974", "content": "0.5倍你值得拥有"}, {"uid": "490406468", "content": "她太会了"}, {"uid": "690910595", "content": "♂♂♂♂懂的都懂。"}, {"uid": "690910595", "content": "我怀疑我不是男的。"}, {"uid": "678541014", "content": "月亮晒屁股就起床啦"}, {"uid": "94085358", "content": "要亲亲才起"}, {"uid": "661205481", "content": "你肩上的东西国家难道不允许吃吗？"}, {"uid": "224730802", "content": "萨萨萨！快踩！！"}, {"uid": "415177570", "content": "还有人压得住枪吗"}, {"uid": "15138435", "content": "请问这个galgame什么时候出，我要买爆"}, {"uid": "27817170", "content": "当场去世"}, {"uid": "224730802", "content": "别推我，我要继续"}, {"uid": "455264368", "content": "我没起来，牛牛起来了"}, {"uid": "457557437", "content": "伊蕾娜太好了"}, {"uid": "453363178", "content": "起来了就是起来的地方有点怪"}, {"uid": "166891713", "content": "这不直接用野兽前辈做闹钟"}, {"uid": "238810938", "content": "DNA动了"}, {"uid": "27261611", "content": "这个鼻音好喜欢"}, {"uid": "306370160", "content": "有这种好事"}, {"uid": "36438715", "content": "闭嘴！自己不会做吗！（狗头）"}, {"uid": "90371281", "content": "太懂了"}, {"uid": "437766947", "content": "让我再睡5……百年"}, {"uid": "431671807", "content": "打死我也要赖在你床上不起来"}, {"uid": "672493982", "content": "好球[doge]"}, {"uid": "614168857", "content": "你压到我枪了"}, {"uid": "411260410", "content": "我起了，一枪秒了，有什么好说的"}, {"uid": "9212109", "content": "还有个悄悄话的频道"}, {"uid": "543109922", "content": "我现在是半夜十二点，没有太阳"}, {"uid": "504123226", "content": "你再骂"}, {"uid": "82635537", "content": "我外放"}, {"uid": "490846439", "content": "是抱枕哦"}, {"uid": "21098678", "content": "不仅不想起，甚至想被踩"}, {"uid": "628343190", "content": "才几天，就不清楚了（doge）"}, {"uid": "475993472", "content": "奇奇怪怪的话增加了"}, {"uid": "388377858", "content": "请务再这样对我"}, {"uid": "398181302", "content": "快进到吃你（"}, {"uid": "341135453", "content": "大力点"}, {"uid": "439055783", "content": "热一下还能用。"}, {"uid": "503216144", "content": "时间不对啊歪"}, {"uid": "400613816", "content": "为什么要我紧起来"}, {"uid": "438976420", "content": "我不起床！除非骂我！"}, {"uid": "629850447", "content": "还有这种好事"}, {"uid": "30605981", "content": "好的这就一起睡"}, {"uid": "280577875", "content": "第一次那么前"}, {"uid": "44996996", "content": "可怜的Tom"}, {"uid": "1403075944", "content": "我姐刚才看了我一眼"}, {"uid": "652490208", "content": "妈听解，爸放棍"}, {"uid": "33035194", "content": "外放等于社死"}, {"uid": "535995349", "content": "思想有点动摇了"}, {"uid": "420869073", "content": "我朋友说他好了"}, {"uid": "636003408", "content": "这搞得我怎么醒啊"}, {"uid": "23134800", "content": "awsl！！！"}, {"uid": "475082995", "content": "快快快，踩我吧"}, {"uid": "508570340", "content": "建议带上耳机"}, {"uid": "34447691", "content": "我请你吃糖"}, {"uid": "478656297", "content": "家法伺候"}, {"uid": "482173720", "content": "给你做个乌龟脑袋"}, {"uid": "423580832", "content": "NO！NO！NO!"}, {"uid": "437587853", "content": "外放就直接社死了"}, {"uid": "156850356", "content": "不好，我能感受到我的鼻腔里涌动着一股洪荒之力"}, {"uid": "51268683", "content": "女的哪有睡觉有意思"}, {"uid": "481831583", "content": "闭嘴，让我解释"}, {"uid": "456061405", "content": "呀卡马西！你这个臭娘们！"}, {"uid": "690910595", "content": "哎呀，我的妈呀，我要死的。"}, {"uid": "400588334", "content": "奇怪的声音"}, {"uid": "630924613", "content": "我硬是直接起来了"}, {"uid": "22093138", "content": "好耶！请务必！"}, {"uid": "348002857", "content": "握着我的抱枕"}, {"uid": "485892999", "content": "再来亿边"}, {"uid": "442428918", "content": "我的头已经转了360度了"}, {"uid": "696187313", "content": "你可真是怠惰啊"}, {"uid": "473558569", "content": "压卡马西可嗦叭叭"}, {"uid": "194773738", "content": "欧啦欧啦"}, {"uid": "1317819392", "content": "我老婆时无暇的房间？（doge ）"}, {"uid": "695538569", "content": "搭嘎，抠图哇路"}, {"uid": "509420942", "content": "我求之不得"}, {"uid": "224730802", "content": "我起来了"}, {"uid": "495433164", "content": "好像球抖了"}, {"uid": "504967767", "content": "看到这我直接三连加关注"}, {"uid": "30196314", "content": "我好兴奋啊"}, {"uid": "166730839", "content": "我好兴奋啊"}, {"uid": "178325154", "content": "我弟起来了"}, {"uid": "448606964", "content": "不对劲"}, {"uid": "14338602", "content": "好家伙"}, {"uid": "21555034", "content": "亚卡马西"}, {"uid": "258004567", "content": "来看老婆了"}, {"uid": "521954486", "content": "下次否定"}, {"uid": "391382416", "content": "啊这！不会做饭这就去学"}, {"uid": "475548137", "content": "真实"}, {"uid": "402418275", "content": "啊哈？今天是阴天多云"}, {"uid": "418055326", "content": "前面的外放？是个大佬"}, {"uid": "436606445", "content": "务必"}, {"uid": "163995191", "content": "企业+翔鹤？"}, {"uid": "37767774", "content": "这辈子我都不起来了"}, {"uid": "692106442", "content": "晚上看的时候会觉得莫名其妙。。。"}, {"uid": "131652679", "content": "我又会来了"}, {"uid": "407723314", "content": "¿¿¿"}, {"uid": "357927529", "content": "一件四连不客气"}, {"uid": "198730699", "content": "请务必这样对我！"}, {"uid": "439055783", "content": "请务必这样对我"}, {"uid": "86038228", "content": "好的，加把劲"}, {"uid": "172906565", "content": "17分钟烫手"}, {"uid": "450632656", "content": "请务必这样做"}, {"uid": "447897081", "content": "戴耳机听"}, {"uid": "512687242", "content": "重新定义  早上"}, {"uid": "37248434", "content": "这个略略略我死了"}, {"uid": "378902483", "content": "声音真好听"}, {"uid": "452486254", "content": "好奇怪的声音（dog）"}, {"uid": "544322442", "content": "真实"}, {"uid": "35362366", "content": "求之不得"}, {"uid": "543983314", "content": "ほどにばがだよ"}, {"uid": "433517456", "content": "欢迎回来"}, {"uid": "513007318", "content": "？？？？？？？？？？？？？"}, {"uid": "26250255", "content": "耳机党好评"}, {"uid": "350898998", "content": "她太会了"}, {"uid": "312907276", "content": "建议先吃瓜"}, {"uid": "98851184", "content": "我动了"}, {"uid": "494775094", "content": "不对劲啊"}, {"uid": "37325399", "content": "我在巫沐床上"}, {"uid": "19605780", "content": "？？？？"}, {"uid": "508570340", "content": "耳机无敌啊"}, {"uid": "484449616", "content": "我还妹睡呢"}, {"uid": "447737803", "content": "我那个最大～"}, {"uid": "516757382", "content": "ki莫级～～"}, {"uid": "328028912", "content": "踩我求你了"}, {"uid": "1296533271", "content": "Can you  speak  chinese  ?"}, {"uid": "414425570", "content": "马上"}, {"uid": "593040007", "content": "太阳晒屁股了。，起来干啥，进行光合作用吗？"}, {"uid": "85806586", "content": "hold up   hold  up"}, {"uid": "492209755", "content": "请对准我的脸踩我"}, {"uid": "398871107", "content": "我是硬起来了"}, {"uid": "1496627606", "content": "嘴角勾起"}, {"uid": "12784318", "content": "噢耶！"}, {"uid": "496902311", "content": "睡到着床"}, {"uid": "341009421", "content": "白毛嘶哈嘶哈"}, {"uid": "156850356", "content": "MD，我不行了，兄弟们，hold住，我先去厕所洗洗鼻血"}, {"uid": "86457870", "content": "我起来了"}, {"uid": "121314557", "content": "给我听困了，我还有救嘛"}, {"uid": "701932959", "content": "我起了"}, {"uid": "690910595", "content": "说实话我就是来学日语的。"}, {"uid": "94085358", "content": "嚯啦嚯啦"}, {"uid": "234632978", "content": "见封进"}, {"uid": "561609454", "content": "搭噶，口头哇路"}, {"uid": "411496684", "content": "早起看看阿婆主"}, {"uid": "245383970", "content": " 诸君我心动了"}, {"uid": "245383970", "content": "诸君我心动了"}, {"uid": "494986944", "content": "bo   ke"}, {"uid": "3798398", "content": "久等了"}, {"uid": "516801578", "content": "哎嘿嘿～"}, {"uid": "516801578", "content": "awsl"}, {"uid": "440882951", "content": "我起来了"}, {"uid": "346303328", "content": "我好勇啊！！"}, {"uid": "446598312", "content": "我只想要快乐"}, {"uid": "85918046", "content": "我起来了"}, {"uid": "438772710", "content": "？喘？"}, {"uid": "497162714", "content": "她好会啊,xdm"}, {"uid": "48752852", "content": "kksk"}, {"uid": "487170585", "content": "外放走起"}, {"uid": "489056924", "content": "点赞了"}, {"uid": "535304196", "content": "正好我现在熬夜看看"}, {"uid": "426270738", "content": "一会就好"}, {"uid": "426270738", "content": "再睡一会"}, {"uid": "475139961", "content": "我不行了……"}, {"uid": "475139961", "content": "哈哈哈"}, {"uid": "4632246", "content": "请务必踩我"}, {"uid": "131652679", "content": "巫女=污女"}, {"uid": "131652679", "content": "两小时的视频"}, {"uid": "412910924", "content": "热乎的"}, {"uid": "25509628", "content": "搭嘎抠图哇路！"}, {"uid": "430052147", "content": "真的有那么Q弹吗"}, {"uid": "301140935", "content": "不愧是我"}, {"uid": "587162384", "content": "双声道？"}, {"uid": "21098678", "content": "没错，我起了"}, {"uid": "13961000", "content": "起了起了我起了"}, {"uid": "347850750", "content": "我不起来了"}, {"uid": "411268940", "content": "血包血包"}, {"uid": "178632255", "content": "？？？？？？？？"}, {"uid": "128760397", "content": "？？？？？？？"}, {"uid": "544172208", "content": "我喜欢"}, {"uid": "482160938", "content": "我的耳朵"}, {"uid": "636003408", "content": "差点ohaiyo～"}, {"uid": "637847476", "content": "？？？？？？？？"}, {"uid": "424385634", "content": "下次一定"}, {"uid": "1210407539", "content": "哦哈哟哦咧"}, {"uid": "520156155", "content": "我不行了，我不行啦"}, {"uid": "1154910187", "content": "乌拉乌拉！！"}, {"uid": "339809411", "content": "我养你"}, {"uid": "627319691", "content": "长得很像企业"}, {"uid": "359292988", "content": "请务必这样对我"}, {"uid": "168912290", "content": "我起了"}, {"uid": "702802484", "content": "这里是不是有两个声音"}, {"uid": "331833066", "content": "求之不得"}, {"uid": "277703283", "content": "呀卡吗西！kono阿ma"}, {"uid": "453095669", "content": "うるさい!"}, {"uid": "94085358", "content": "那就吃我吧"}, {"uid": "701921432", "content": "龙阳一针挺！！！"}, {"uid": "309425785", "content": "awsl"}, {"uid": "405990773", "content": "别吓我啊"}, {"uid": "309882501", "content": "这声音。。。。"}, {"uid": "1779702969", "content": "不，这不可能是男配音"}, {"uid": "245383970", "content": "早就已经有了"}, {"uid": "3798398", "content": "？？？？？"}, {"uid": "394668536", "content": "是是是对对我是"}, {"uid": "518235298", "content": "卧擦"}, {"uid": "477837602", "content": "awsl"}, {"uid": "384445279", "content": "搭嘎，口头哇路"}, {"uid": "410774179", "content": "木大木大"}, {"uid": "663077287", "content": "awsl"}, {"uid": "1730240", "content": "awsl"}, {"uid": "513487116", "content": "工具人"}, {"uid": "432040528", "content": "吓死我了"}, {"uid": "77195420", "content": "感觉哈子卡西"}, {"uid": "9212109", "content": "下下次一定"}, {"uid": "352352426", "content": "对不起呀  现在的我只有雷姆能让我心动"}, {"uid": "440855044", "content": "嗷呜～"}, {"uid": "85909782", "content": "我起了"}, {"uid": "478967018", "content": "快踩我"}, {"uid": "548103377", "content": "喝牛奶吗？"}, {"uid": "1639320631", "content": "下次一定（骗你的）"}, {"uid": "426270738", "content": "？？？？？？？？？"}, {"uid": "498444451", "content": "不愧是我"}, {"uid": "18416307", "content": "awsl"}, {"uid": "12694232", "content": "好家伙"}, {"uid": "348008170", "content": "有gal那味了"}, {"uid": "19165001", "content": "求之不得"}, {"uid": "319299218", "content": "？？？？？？"}, {"uid": "1857805229", "content": "前面的 你是魔鬼吗"}, {"uid": "21098678", "content": "做做做，都可以做"}, {"uid": "131652679", "content": "？？？？？？"}, {"uid": "131652679", "content": "我先提前好了"}, {"uid": "1258285825", "content": "but 中国是晚上8点啊喂"}, {"uid": "90241092", "content": "两个小时"}, {"uid": "334609204", "content": "不对劲"}, {"uid": "421412909", "content": "我起不来了"}, {"uid": "406255966", "content": "一个小时哦"}, {"uid": "23362230", "content": "awsl"}, {"uid": "369233181", "content": "18分钟烫手"}, {"uid": "40659199", "content": "？？？？？？？？？？？"}, {"uid": "452626938", "content": "再来亿遍"}, {"uid": "403500991", "content": "awsl"}, {"uid": "496118528", "content": "是抱枕哦"}, {"uid": "46854192", "content": "awsl"}, {"uid": "347850750", "content": "？？？"}, {"uid": "447558178", "content": "热乎"}, {"uid": "34617662", "content": "这个床我赖定了，求踩"}, {"uid": "30342074", "content": "awsl"}, {"uid": "507133964", "content": "妈听解"}, {"uid": "617598128", "content": "我在晚上看"}, {"uid": "259200872", "content": "ciallo~"}, {"uid": "350898998", "content": "好家伙"}, {"uid": "406100581", "content": "巫沐加油！"}, {"uid": "637847476", "content": "这。。！？"}, {"uid": "128795287", "content": "prprprprpr"}, {"uid": "92103714", "content": "狗子快来"}, {"uid": "12027273", "content": "不起！"}, {"uid": "651487366", "content": "我不行了！awsl"}, {"uid": "502859732", "content": "0.5倍新世界"}, {"uid": "478656297", "content": "请用力"}, {"uid": "629068155", "content": "我今天就算是死也不起"}, {"uid": "452371814", "content": "awsl"}, {"uid": "472979693", "content": "0.2"}, {"uid": "506124428", "content": "踩我(求了)"}, {"uid": "341009421", "content": "hso"}, {"uid": "383982709", "content": "一起来击剑"}, {"uid": "442428918", "content": "？？？？？？？？？？？"}, {"uid": "435805527", "content": "呀卡吗洗！"}, {"uid": "645908372", "content": "搭嘎，口头哇路"}, {"uid": "631151169", "content": "不会是翔鹤吧"}, {"uid": "494986944", "content": "bo   ke"}, {"uid": "512009069", "content": "全部木大"}, {"uid": "516801578", "content": "awsl"}, {"uid": "516801578", "content": "awsl"}, {"uid": "348705043", "content": "心跳加速。。。"}, {"uid": "95157820", "content": "kksk"}, {"uid": "439342742", "content": "これ何 ネコ?"}, {"uid": "161127522", "content": "看得我面红耳赤"}, {"uid": "488158371", "content": "？？？"}, {"uid": "410774179", "content": "木大木大"}, {"uid": "457243553", "content": "。。"}, {"uid": "1927678", "content": "awsl"}, {"uid": "31704419", "content": "awsl"}, {"uid": "1528283490", "content": "一年后~~~~~"}, {"uid": "80015977", "content": "起！"}, {"uid": "123157071", "content": "awsl"}, {"uid": "2006823958", "content": "外放不慌"}, {"uid": "25184876", "content": "チューでは起きる"}, {"uid": "436606445", "content": "好的"}, {"uid": "475053080", "content": "我起了"}, {"uid": "419144609", "content": "简介"}, {"uid": "31997012", "content": "功放"}, {"uid": "30141514", "content": "awsl"}, {"uid": "14584934", "content": "我动了"}, {"uid": "35668874", "content": "？？？？？？？？？？？？"}, {"uid": "8673972", "content": "你再骂"}, {"uid": "508491596", "content": "不过我喜欢"}, {"uid": "437993552", "content": "做做 必须做！"}, {"uid": "12700753", "content": "awsl"}, {"uid": "32690462", "content": "才八点"}, {"uid": "32904162", "content": "我起了"}, {"uid": "443379223", "content": "起来了"}, {"uid": "439055783", "content": "时间对不上"}, {"uid": "85479187", "content": "kksk"}, {"uid": "21098678", "content": "睬我睬我"}, {"uid": "628629582", "content": "踩我前请先洗脚"}, {"uid": "13652346", "content": "请务必踩我！"}, {"uid": "552465", "content": "kksk"}, {"uid": "102060175", "content": "扣多哇路"}, {"uid": "26203194", "content": "？？？？？？"}, {"uid": "393873162", "content": "来了"}, {"uid": "552465", "content": "好耶！"}, {"uid": "509712496", "content": "很快啊"}, {"uid": "35919537", "content": "awsl"}, {"uid": "628396945", "content": "‰"}, {"uid": "544172208", "content": "wc"}, {"uid": "1548184760", "content": "鸭"}, {"uid": "482160938", "content": "啊"}, {"uid": "416033838", "content": "我……快不行了"}, {"uid": "522881904", "content": "呀洗吧咧！臭婆娘"}, {"uid": "497359906", "content": "。。？"}, {"uid": "1097266121", "content": "逐渐变色"}, {"uid": "478656297", "content": "呼吸作用"}, {"uid": "401426459", "content": "卡哇伊"}, {"uid": "32987526", "content": "？？"}, {"uid": "528860567", "content": "吓死我了"}, {"uid": "492209755", "content": "吃我吧那就"}, {"uid": "1408017908", "content": "好喜欢umo"}, {"uid": "440468873", "content": "雾草"}, {"uid": "228289458", "content": "呀卡吗洗"}, {"uid": "701921432", "content": "卧槽"}, {"uid": "348002857", "content": "快点踩我"}, {"uid": "513779412", "content": "叫声"}, {"uid": "249056856", "content": "耳机狂喜"}, {"uid": "18646987", "content": "木大木大"}, {"uid": "93663240", "content": "求好吧"}, {"uid": "194773738", "content": "欧拉欧拉"}, {"uid": "695538569", "content": "鸭卡马西"}, {"uid": "95157820", "content": "kksk"}, {"uid": "80015977", "content": "我起"}, {"uid": "434646921", "content": "????????"}, {"uid": "14924018", "content": "awsl"}, {"uid": "412942990", "content": "略略略"}, {"uid": "474089007", "content": "早上好"}, {"uid": "508491596", "content": "awsl"}, {"uid": "693836563", "content": "别踩了别踩了，再踩就窒息了（doge）"}, {"uid": "614168857", "content": "三连"}, {"uid": "475864528", "content": "欧拉欧拉"}, {"uid": "436264861", "content": "咋瓦鲁多"}, {"uid": "391382416", "content": "12点叫我"}, {"uid": "411473156", "content": "awsl"}, {"uid": "415331330", "content": "你刚才说了dokidoki对吧"}, {"uid": "305617742", "content": "awsl"}, {"uid": "627224355", "content": "????????"}, {"uid": "21215989", "content": "awsl"}, {"uid": "475379064", "content": "这就来"}, {"uid": "475139961", "content": "？？？"}, {"uid": "487118753", "content": "没太阳"}, {"uid": "497387272", "content": "求之不得"}, {"uid": "518150659", "content": "？？？"}, {"uid": "401150178", "content": "？？"}, {"uid": "436305141", "content": "？？？？？"}, {"uid": "131652679", "content": "我心动了"}, {"uid": "16164627", "content": "木大木大"}, {"uid": "296634922", "content": "hso"}, {"uid": "18230783", "content": "awsl"}, {"uid": "673638145", "content": "起来了"}, {"uid": "8431694", "content": "热乎的"}, {"uid": "360411852", "content": "亿分钟"}, {"uid": "443379223", "content": "起来了"}, {"uid": "398385272", "content": "请踩我"}, {"uid": "91462702", "content": "啊哈"}, {"uid": "10282149", "content": "踩我求你了"}, {"uid": "501351320", "content": "好耶"}, {"uid": "13096227", "content": "那玩意有什么好看的"}, {"uid": "396080790", "content": "好耶"}, {"uid": "399467208", "content": "好耶！"}, {"uid": "647155145", "content": "Prprprprprprpr"}, {"uid": "148967449", "content": "awsl"}, {"uid": "15931184", "content": "好耶！"}, {"uid": "1548184760", "content": "木大木大木大木大"}, {"uid": "513007318", "content": "砸瓦鲁多"}, {"uid": "26250255", "content": "你币有了"}, {"uid": "667102669", "content": "？？？？？？？"}, {"uid": "606351763", "content": "欧拉欧拉"}, {"uid": "38425301", "content": "???"}, {"uid": "39149997", "content": "踩我"}, {"uid": "478656297", "content": "不要"}, {"uid": "34832218", "content": "好耶"}, {"uid": "106841677", "content": "请务必使劲踩"}, {"uid": "508684337", "content": "加油诞下后代？"}, {"uid": "508684337", "content": "已经中午了"}, {"uid": "508684337", "content": "斯巴拉西"}, {"uid": "472279303", "content": "？？？？？"}, {"uid": "406061378", "content": "emmm"}, {"uid": "430075787", "content": "三连就算了吧"}, {"uid": "519325083", "content": "起！"}, {"uid": "519325083", "content": "我"}, {"uid": "359874408", "content": "好耶"}, {"uid": "56782006", "content": "我不行了"}, {"uid": "37328285", "content": "木大木大木大木大"}, {"uid": "690910595", "content": "这个女的一定是个男的，没什么好说的。"}, {"uid": "690910595", "content": "又"}, {"uid": "690910595", "content": "这哥们儿这是配音吧，一帮人都说不出。"}, {"uid": "1779702969", "content": "啊啊啊"}, {"uid": "325418404", "content": "男的不更棒？⬇️"}, {"uid": "1779702969", "content": "啊啊啊啊受不了"}, {"uid": "94722542", "content": "???"}, {"uid": "436388060", "content": "木大木大"}, {"uid": "600397433", "content": "〒▽〒"}, {"uid": "30196314", "content": "再骂"}, {"uid": "489807101", "content": "你再骂"}, {"uid": "491877987", "content": "0.44"}, {"uid": "519915405", "content": "这是什么？"}, {"uid": "277711374", "content": "踩我"}, {"uid": "339224955", "content": "？"}, {"uid": "389132969", "content": "欧拉欧拉"}, {"uid": "478967018", "content": "这"}, {"uid": "12891523", "content": "好耶"}, {"uid": "5561657", "content": "务必踩我"}, {"uid": "426270738", "content": "啊这"}, {"uid": "474752958", "content": "呃呃呃呃"}, {"uid": "413267176", "content": "不瞒你说，我外放的"}, {"uid": "475053080", "content": "？？？"}, {"uid": "414699949", "content": "AWSL"}, {"uid": "498444451", "content": "！"}, {"uid": "25842159", "content": "那个欧拉欧拉的，我套你猴子"}, {"uid": "397397793", "content": "贴！"}, {"uid": "623733969", "content": "awsl"}, {"uid": "456159007", "content": "？？？？？"}, {"uid": "296634922", "content": "hso"}, {"uid": "296634922", "content": "hso"}, {"uid": "527595710", "content": "???"}, {"uid": "30808222", "content": "好耶"}, {"uid": "32904162", "content": "？？？"}, {"uid": "443522982", "content": "务必"}, {"uid": "37051501", "content": "好耶"}]