[{"uid": "443233657", "content": "优点：喜欢多份兼职，被刺"}, {"uid": "437173802", "content": "初见，可爱，单手扔进下水道"}, {"uid": "212499775", "content": "你再骂（恳求）"}, {"uid": "409677791", "content": "需要补魔吗"}, {"uid": "392323368", "content": "变态竟是你自己"}, {"uid": "392323368", "content": "哎哎哎，骂人就是你的不对了（doge）"}, {"uid": "108226030", "content": "=-=(凶神恶煞)"}, {"uid": "245149197", "content": "アルパカ（羊驼）"}, {"uid": "289115025", "content": "DD就是驱逐舰（确定）"}, {"uid": "627683066", "content": "《很凶》"}, {"uid": "477211367", "content": "我很强，比你们所有人都强（bushi）"}, {"uid": "478977459", "content": "在呢，亲！"}, {"uid": "478977459", "content": "草"}, {"uid": "478977459", "content": "初见，可爱，单推（这下总该相信是初见了吧）"}, {"uid": "637619370", "content": "梦开始的地方"}, {"uid": "22769892", "content": "这设定瞬间爱了"}, {"uid": "11774475", "content": "声音好可爱"}, {"uid": "484310359", "content": "我隐藏的这么深，还是被老婆你发现了呢"}, {"uid": "229811336", "content": "我要与神交流"}, {"uid": "456061405", "content": "常磐ソウゴ"}, {"uid": "409544634", "content": "你脸红个泡泡茶壶"}, {"uid": "71556403", "content": "可爱，"}, {"uid": "517899480", "content": "初见 可爱 单杀 殉情"}, {"uid": "517899480", "content": "初见 可爱 单杀 殉情"}, {"uid": "493848265", "content": "怎么小声还想开军舰！"}, {"uid": "407386989", "content": "是呢，亲"}, {"uid": "407386989", "content": "初见   可爱   单推"}, {"uid": "433857665", "content": "秒懂"}, {"uid": "170216850", "content": "她太会了"}, {"uid": "501860639", "content": "细节  后面有炭之郎和祢豆子"}, {"uid": "35701496", "content": "白鹰联邦所属航母，CV6 企业！"}, {"uid": "433979839", "content": "异世界恶魔（DD）"}, {"uid": "280497076", "content": "雷电球！"}, {"uid": "352002175", "content": "好快好快"}, {"uid": "383177852", "content": "初见，可爱，单推。老DD了"}, {"uid": "512880473", "content": "总之就是非常可爱"}, {"uid": "174419841", "content": "点进来以为自己网易没关╭(°A°`)╮"}, {"uid": "350919678", "content": "24岁，是学生"}, {"uid": "391382416", "content": "他太会了我整不过他"}, {"uid": "437508547", "content": "初见 可爱 单挑 医院 下葬"}, {"uid": "80015977", "content": "初见 可爱 单推"}, {"uid": "216198402", "content": "跟在下单挑击剑如何"}, {"uid": "249683196", "content": "D了D了"}, {"uid": "452269162", "content": "十年单推，不请自来"}, {"uid": "472797256", "content": "这是嘟嘟可，不要再叫他你肩上的玩偶了（doge）"}, {"uid": "501957962", "content": "正是在下！！！"}, {"uid": "36525666", "content": "初见  可爱  单推"}, {"uid": "65533769", "content": "想说:营养真的很重要（狗头）"}, {"uid": "515972299", "content": "@咩栗"}, {"uid": "394084663", "content": "这骄傲的眼神是什么，害怕"}, {"uid": "427329630", "content": "对，这是在下!"}, {"uid": "586311646", "content": "前面那个说是替身的可太草了"}, {"uid": "586311646", "content": "巫女？阿瓦达啃大瓜都不会，算什么巫女？建议再去霍格沃兹学点不可饶恕咒"}, {"uid": "2744395", "content": "银发！！！声音好可爱！！！"}, {"uid": "104658009", "content": "哈罗，请问他能驾驶力天使吗。"}, {"uid": "85589641", "content": "初见 可爱 单推"}, {"uid": "100651006", "content": "哈哈哈"}, {"uid": "490186856", "content": "梦开始的地方"}, {"uid": "42864459", "content": "           s o d a y o   (震声！！！)"}, {"uid": "42864459", "content": "“我很强 比你们 都强”"}, {"uid": "455252670", "content": "初见，可爱，喜欢，单推"}, {"uid": "424157708", "content": "这么小声还想当vup？"}, {"uid": "1519459", "content": "初见，恋，俺の嫁"}, {"uid": "661588595", "content": "这声音awsl"}, {"uid": "5445287", "content": "草。我懂了"}, {"uid": "5445287", "content": "噢~(看来有欺负一下的必要(狗头))"}, {"uid": "17805173", "content": "（嚣张）"}, {"uid": "629093112", "content": "我绝对不是因为祢豆子卖萌才来三连的！"}, {"uid": "178886668", "content": "可恶！可恶啊！"}, {"uid": "150077031", "content": "科教兴国懂的都懂"}, {"uid": "7943842", "content": "世界最强职业日本高中生"}, {"uid": "470330028", "content": "你打游戏像时雨妈妈（doge）"}, {"uid": "126024849", "content": "背后有学栗山妹哎"}, {"uid": "472979693", "content": "0.5倍速，起飞"}, {"uid": "637619370", "content": "梦开始的地方"}, {"uid": "27665405", "content": "比我强？火影上号，劳资锤爆你[doge]"}, {"uid": "454815402", "content": "16岁 是学生"}, {"uid": "450190488", "content": "好家伙"}, {"uid": "21419870", "content": "今日单推（bushi）"}, {"uid": "359178034", "content": "想暴打一顿(▼皿▼#)"}, {"uid": "75531531", "content": "初见，可爱，单推，结婚"}, {"uid": "400799068", "content": "她太会了"}, {"uid": "28173091", "content": "没错，正是在下"}, {"uid": "270857574", "content": "这是DIO哒"}, {"uid": "270857574", "content": "所以DD是什么意思？"}, {"uid": "255642162", "content": "上十个这么说的已经。。。"}, {"uid": "390128428", "content": "初见  可爱  D了"}, {"uid": "121901896", "content": "你再骂？（"}, {"uid": "473941585", "content": "就我一个人注意到了后面那个球了吗"}, {"uid": "516801578", "content": "正是在下"}, {"uid": "39441394", "content": "你这哈啰，可以扫单车吗"}, {"uid": "208189493", "content": "69岁   是武德人"}, {"uid": "7175995", "content": "人设就是用来推翻的（）"}, {"uid": "343473052", "content": "正是在下！！！！"}, {"uid": "292061768", "content": "大切"}, {"uid": "179944982", "content": "初见 可爱 结婚"}, {"uid": "439108308", "content": "可爱，单推了"}, {"uid": "497387272", "content": "变态竟是我自己"}, {"uid": "483761466", "content": "正是在下"}, {"uid": "480048354", "content": "bgm好评！！！！"}, {"uid": "510098006", "content": "变态竟是我自己"}, {"uid": "501957962", "content": "正是在下"}, {"uid": "524049763", "content": "背后有君名的海报"}, {"uid": "556729183", "content": "是的正是在下"}, {"uid": "53728904", "content": "是白毛呢，我上钩了（流下口水"}, {"uid": "36319534", "content": "看完直播再看这段哈哈哈"}, {"uid": "394084663", "content": "？？？？！"}, {"uid": "381814755", "content": "初见 可爱 单推"}, {"uid": "454476341", "content": "没错，就是我"}, {"uid": "498779131", "content": "应急食品"}, {"uid": "319471308", "content": "背后的炎柱好评。"}, {"uid": "57387299", "content": "初见，可爱，单推"}, {"uid": "441855457", "content": "！！！YOASOBI的怪物"}, {"uid": "340587365", "content": "桌面君名诶"}, {"uid": "189369164", "content": "トニカクカワイイ"}, {"uid": "457284201", "content": "阿伟出来走流程"}, {"uid": "210194987", "content": "肉眼可见"}, {"uid": "524754607", "content": "听你们这么说，你很勇哦"}, {"uid": "286647134", "content": "你很勇哦?（杰哥脸）"}, {"uid": "25769723", "content": "背后小樱的魔法棒"}, {"uid": "109107768", "content": "眼睛不许往别处看！不准东张西望！你那是立正的姿势吗！？"}, {"uid": "277426955", "content": "awsl"}, {"uid": "174313690", "content": "YOASOBI !!!!!"}, {"uid": "5445287", "content": "三连了三连了"}, {"uid": "668180693", "content": "草"}, {"uid": "266100132", "content": "是的呢亲。"}, {"uid": "516320802", "content": "没错，正是在下！！！"}, {"uid": "150077031", "content": "请务必和我结婚"}, {"uid": "288198882", "content": "24岁，是学生"}, {"uid": "383278072", "content": "三十三岁  是普通上班族"}, {"uid": "27977765", "content": "这么点声音还相当VTB？（）"}, {"uid": "165499260", "content": "什么？我要与你一决高下"}, {"uid": "1779702969", "content": "变态竟是我自己"}, {"uid": "523020035", "content": "哇达西哇变态哒！"}, {"uid": "526432826", "content": "怪物，好耶！"}, {"uid": "14245607", "content": "你脸红个泡泡茶壶"}, {"uid": "353240451", "content": "过膝袜yyds~"}, {"uid": "106627867", "content": "SODAYO！！！！！！！"}, {"uid": "106627867", "content": "可爱 结婚！！！"}, {"uid": "299718231", "content": "背后海报栗山未来好评"}, {"uid": "516801578", "content": "哎嘿嘿～"}, {"uid": "15138435", "content": "哈哈哈哈"}, {"uid": "21098678", "content": "豆芽脸suki"}, {"uid": "145696731", "content": "哈哈哈哈哈哈哈哈哈"}, {"uid": "603898496", "content": "气得我秒开王者打了六分钟，回来了。"}, {"uid": "243888594", "content": "咩栗（doge）"}, {"uid": "291264798", "content": "要来了（狂喜）"}, {"uid": "672181016", "content": "四年级学生这么小声还想当vup？"}, {"uid": "363690223", "content": "YES！I"}, {"uid": "483460301", "content": "好可爱"}, {"uid": "432040528", "content": "好萌啊～"}, {"uid": "114382546", "content": "对就是我"}, {"uid": "663077287", "content": "硬币保不住了"}, {"uid": "510098006", "content": "变态竟在我身边"}, {"uid": "4356300", "content": "卧槽卧槽卧槽！"}, {"uid": "591295375", "content": "前面提前考古的非法穿越者我以维度使的名义警告你请立刻返回你的时间线"}, {"uid": "41378930", "content": "初级 可爱 单推"}, {"uid": "306327120", "content": "awsl"}, {"uid": "327016949", "content": "对对对，是我是我"}, {"uid": "484926552", "content": "是的是的是的！！！"}, {"uid": "491527826", "content": "声音这么小还想当up？！"}, {"uid": "476124314", "content": "听不见！重来！重来！"}, {"uid": "183505950", "content": "awsl"}, {"uid": "430740264", "content": "初见 可爱 单推 结婚"}, {"uid": "240826092", "content": "初见 可爱 单推!"}, {"uid": "22053155", "content": "嗯嗯 知道你是国V"}, {"uid": "100651006", "content": "嘻嘻嘻下次1定"}, {"uid": "82081381", "content": "YES!YES!YES!YES!YES!"}, {"uid": "470306789", "content": "あなたもガンダム"}, {"uid": "98854609", "content": "初见，可爱，单推"}, {"uid": "290244", "content": "敢不敢来比划比划！"}, {"uid": "474894315", "content": "哈哈哈"}, {"uid": "1734919", "content": "YES!I AM!"}, {"uid": "456327519", "content": "我懂了"}, {"uid": "308043773", "content": "应急食品"}, {"uid": "796345", "content": "這聲音D了D了！"}, {"uid": "36554047", "content": "卡哇伊！单推，结婚"}, {"uid": "37412782", "content": "混沌系！！！"}, {"uid": "318631992", "content": "に好可爱呀╮"}, {"uid": "149231839", "content": "很凶"}, {"uid": "177931413", "content": "草"}, {"uid": "470330028", "content": "真的好像白"}, {"uid": "297968777", "content": "24岁，是学生"}, {"uid": "75925171", "content": "小羊是咩栗"}, {"uid": "397858149", "content": "初見，可愛，結婚"}, {"uid": "353240451", "content": "是是是，就是我\r"}, {"uid": "352300347", "content": "你复合弓舰装呢"}, {"uid": "291245322", "content": "来击剑啊"}, {"uid": "285860389", "content": "はい、俺わ変態です"}, {"uid": "219383708", "content": "llama"}, {"uid": "516801578", "content": "awsl"}, {"uid": "32477108", "content": "魔卡少女樱，夏目友人帐"}, {"uid": "176042146", "content": "正是在下"}, {"uid": "25174716", "content": "没错，说的就是我"}, {"uid": "179944982", "content": "yasobi的怪物？"}, {"uid": "1248769379", "content": "kou   no   爷   da"}, {"uid": "280497076", "content": "雷电球！"}, {"uid": "618518055", "content": "かわいいっすね "}, {"uid": "75808324", "content": "初见 可爱 单推"}, {"uid": "91402924", "content": "艾雅法拉"}, {"uid": "510320392", "content": "ぜひ私と結婚してください"}, {"uid": "379306315", "content": "YES！I AM！"}, {"uid": "92948708", "content": "这可太棒了"}, {"uid": "23146566", "content": "没错正是在下"}, {"uid": "22390536", "content": "初见，可爱，单挑"}, {"uid": "494910002", "content": "啊，终于有字幕了？"}, {"uid": "586311646", "content": "魔力?フェンシングができますか。"}, {"uid": "249381582", "content": "yes!yes"}, {"uid": "687359320", "content": "十级日文，"}, {"uid": "426870901", "content": "你很勇哦 "}, {"uid": "611053100", "content": "草"}, {"uid": "40010469", "content": "有点可爱，推了推了"}, {"uid": "215119999", "content": "太可爱了吧"}, {"uid": "20088230", "content": "是的我就是"}, {"uid": "409590352", "content": "是！！！"}, {"uid": "19165001", "content": "草"}, {"uid": "3092562", "content": "唔姆"}, {"uid": "33842632", "content": "夜路死酷"}, {"uid": "85646911", "content": "你很勇？"}, {"uid": "99809531", "content": "草"}, {"uid": "489858941", "content": "初见，可爱，单推"}, {"uid": "176914844", "content": "初见，可爱，单挑"}, {"uid": "95415367", "content": "初见，可爱，单推"}, {"uid": "15224120", "content": "应急粮"}, {"uid": "43681035", "content": "初见，可爱，单推"}, {"uid": "474894315", "content": "よろしくお願いします "}, {"uid": "3557504", "content": "这么说你很勇哦？"}, {"uid": "286771373", "content": "初见 可爱 单推 结婚"}, {"uid": "39662", "content": "初见 可爱 单挑"}, {"uid": "289063570", "content": "初见，可爱，单推，结婚"}, {"uid": "7775751", "content": "草"}, {"uid": "28864786", "content": "草"}, {"uid": "6486338", "content": "你再骂"}, {"uid": "425938664", "content": "ぺ好可爱呀◆"}, {"uid": "425938664", "content": "ら好可爱呀╮"}, {"uid": "1754834398", "content": "つ好可爱呀→"}, {"uid": "402192439", "content": "正是在下"}, {"uid": "399084768", "content": "正是在下"}, {"uid": "523020035", "content": "没错，就是我。"}, {"uid": "1216858931", "content": "是本体"}, {"uid": "1681441925", "content": "awsl"}, {"uid": "482213346", "content": "好快"}, {"uid": "499420581", "content": "awsl"}, {"uid": "480067640", "content": "水濑祈（雾）"}, {"uid": "516801578", "content": "hhhhh"}, {"uid": "426434245", "content": "正是在下"}, {"uid": "98705630", "content": "白直呼内行"}, {"uid": "57592223", "content": "巫女也能打工"}, {"uid": "417247591", "content": "听不见！重来！"}, {"uid": "355765425", "content": "正是在下"}, {"uid": "179944982", "content": "DD是啥意思啊"}, {"uid": "587682366", "content": "是你吗伊蕾娜"}, {"uid": "475139961", "content": "哈哈哈"}, {"uid": "418037323", "content": "所以三连就免了奥"}, {"uid": "31665053", "content": "Niko？我幻听了？"}, {"uid": "697680678", "content": "妈妈我恋爱了"}, {"uid": "435912569", "content": "？？？？？？"}, {"uid": "354293575", "content": "挺嚣张啊"}, {"uid": "37152321", "content": "上杉绘梨衣"}, {"uid": "441968013", "content": "，"}, {"uid": "629379075", "content": "背景可是罪恶王冠"}, {"uid": "400860879", "content": "初见，可爱，单推"}, {"uid": "57387299", "content": "正是在下"}, {"uid": "28613366", "content": "天才gamer M前来挑战"}, {"uid": "456840939", "content": "初见  可爱  单推"}, {"uid": "29292025", "content": "单推了"}, {"uid": "405168981", "content": "你很勇哦"}, {"uid": "510875041", "content": "猫咪老师？你怎么在这？"}, {"uid": "11251908", "content": "初见 可爱 solo"}, {"uid": "413178993", "content": "初见 可爱 单推"}, {"uid": "627974821", "content": "想问有没有女DD? (反正是我了)"}, {"uid": "489858941", "content": "爱了爱了"}, {"uid": "176914844", "content": "正是在下"}, {"uid": "36187374", "content": "草"}, {"uid": "396871989", "content": "初见 可爱 单推​"}, {"uid": "4065191", "content": "初见 可爱 结婚"}, {"uid": "470306789", "content": "你也是高达？"}, {"uid": "474894315", "content": "爱了爱了"}, {"uid": "474894315", "content": "你在骂"}, {"uid": "349157744", "content": "哈哈哈"}, {"uid": "86808339", "content": "咳咳咳……节制是美德……这我知道……"}, {"uid": "3153180", "content": "？？草"}, {"uid": "1754834398", "content": "ロ好可爱呀▃"}, {"uid": "1150150378", "content": "ぱ好可爱呀▆"}, {"uid": "259105128", "content": "！来击剑！"}, {"uid": "182567786", "content": "动物狂想曲!!"}, {"uid": "501509466", "content": "啥意思啊"}, {"uid": "44111943", "content": "啊，确实"}, {"uid": "471530192", "content": "正是在下"}, {"uid": "18745037", "content": "sodayo"}, {"uid": "627683066", "content": "对正是在下"}, {"uid": "35798345", "content": "这么小还想"}, {"uid": "256332103", "content": "草"}, {"uid": "485436316", "content": "永远滴神"}, {"uid": "272371529", "content": "你也是唔姆?"}, {"uid": "507281158", "content": "中国死宅，日本高中生，美国流浪汉……"}, {"uid": "451788696", "content": "正是在下"}, {"uid": "603898496", "content": "游戏ing"}, {"uid": "523663385", "content": "我TM直接关注"}, {"uid": "243888594", "content": "初见 可爱 单推"}, {"uid": "57592223", "content": "单挑！"}, {"uid": "157251354", "content": "高达？？？"}, {"uid": "3168739", "content": "？？？？？？"}, {"uid": "1849593811", "content": "听不见，重来"}, {"uid": "151516718", "content": "sodayo！"}, {"uid": "296634922", "content": "hso"}, {"uid": "384039076", "content": "日语真好(✪▽✪)"}, {"uid": "435912569", "content": "猝不及防"}, {"uid": "524049763", "content": "草泥马真的是动物"}, {"uid": "486662335", "content": "果断D了"}, {"uid": "403500991", "content": "草"}, {"uid": "398403428", "content": "DD斩首"}, {"uid": "160500494", "content": "草"}, {"uid": "10034871", "content": "多多指教"}, {"uid": "394084663", "content": "草"}, {"uid": "394084663", "content": "结婚的过了"}, {"uid": "34913881", "content": "猫咪三三"}, {"uid": "441968013", "content": "yes"}, {"uid": "22390536", "content": "sodayo"}, {"uid": "362297431", "content": "娘口三三"}, {"uid": "586311646", "content": "はあげない、むかむかするあなた"}, {"uid": "6669583", "content": "哦吼"}, {"uid": "6669583", "content": "啊我死了"}, {"uid": "1062664882", "content": "初见可爱单推"}, {"uid": "92409984", "content": "没错！"}, {"uid": "347835615", "content": "草"}, {"uid": "524754607", "content": "草草"}, {"uid": "492648840", "content": "没错，就是我"}, {"uid": "413178993", "content": "爱了"}, {"uid": "380461359", "content": "初见可爱单推"}, {"uid": "490186856", "content": "初见  可爱  单推"}, {"uid": "35135200", "content": "关注了！"}, {"uid": "131506244", "content": "bgm好评，yoasobi yyds"}, {"uid": "272215848", "content": "单推了"}, {"uid": "111199504", "content": "一切jk终成js"}, {"uid": "6389192", "content": "你也是个罗马人？（无端联想）"}, {"uid": "126783684", "content": "草"}, {"uid": "109107768", "content": "没有劲！听不见！声音太小！这么小声还想当VUP？！"}, {"uid": "661588595", "content": "我是变态"}, {"uid": "661588595", "content": "关注了关注了"}, {"uid": "456327519", "content": "多多指教"}, {"uid": "313654837", "content": "来击剑"}, {"uid": "504113438", "content": "现在d了就是老粉了"}, {"uid": "4464632", "content": "对对对"}, {"uid": "38380899", "content": "?"}, {"uid": "1150150378", "content": "で好可爱呀◆"}, {"uid": "2092319041", "content": "ェ好可爱呀※"}, {"uid": "680287567", "content": "お好可爱呀〇"}, {"uid": "395228", "content": "可爱"}, {"uid": "531203058", "content": "好可爱"}, {"uid": "543774033", "content": "嗯呐"}, {"uid": "650321707", "content": "街霸"}, {"uid": "245149197", "content": "ファン(粉丝)(DD)"}, {"uid": "86249690", "content": "初见 可爱 结婚"}, {"uid": "90827973", "content": "草"}, {"uid": "642492885", "content": "海军四年级学生说听不见就是听不见"}, {"uid": "73863997", "content": "？"}, {"uid": "397069363", "content": "推了推了"}, {"uid": "170216850", "content": "草"}, {"uid": "515088560", "content": "正是在下"}, {"uid": "23191099", "content": "老梗了"}, {"uid": "516801578", "content": "hhhh"}, {"uid": "379841421", "content": "啊这"}, {"uid": "524858332", "content": "没错？"}, {"uid": "432040528", "content": "嚣张～"}, {"uid": "309425785", "content": "awsl"}, {"uid": "163174331", "content": "awsl"}, {"uid": "11333742", "content": "是是是"}, {"uid": "32477108", "content": "楪祈"}, {"uid": "442416291", "content": "卡哇伊涅！"}, {"uid": "663077287", "content": "卡哇伊阔多"}, {"uid": "307732861", "content": "斯巴拉西"}, {"uid": "662564723", "content": "正是在下"}, {"uid": "315538281", "content": "初见 可爱 单退了"}, {"uid": "510098006", "content": "鬼灭老粉了"}, {"uid": "96243155", "content": "请务必做我老婆"}, {"uid": "556729183", "content": "请骂我"}, {"uid": "563435893", "content": "草泥马真可爱，单推了"}, {"uid": "2051112302", "content": "就是在下"}, {"uid": "505844247", "content": "看你视频的不都是bt嘛"}, {"uid": "379267698", "content": "よろしくお願いします"}, {"uid": "349187955", "content": "没错"}, {"uid": "586311646", "content": "所以三连就免了奥"}, {"uid": "249381582", "content": "社恐"}, {"uid": "48746732", "content": "草"}, {"uid": "517157949", "content": "啊这"}, {"uid": "6669583", "content": "啊"}, {"uid": "605863850", "content": "初见 可爱 结婚 "}, {"uid": "475696050", "content": "可爱，关注了"}, {"uid": "302673087", "content": "ちょ可愛"}, {"uid": "30371129", "content": "娘口三三"}, {"uid": "21912948", "content": "是的"}, {"uid": "294524214", "content": "嚣张"}, {"uid": "35080575", "content": "哦哟？"}, {"uid": "163250735", "content": "yoasobi！"}, {"uid": "44958962", "content": "gundam的哈罗啊"}, {"uid": "359113171", "content": "草"}, {"uid": "31488762", "content": "祥鹤……祥鹤……"}, {"uid": "456327519", "content": "草"}, {"uid": "23775201", "content": "草"}, {"uid": "34505775", "content": "草"}, {"uid": "46966348", "content": "我不信"}, {"uid": "343693451", "content": "哪里凶了"}, {"uid": "2135464961", "content": "ば好可爱呀█"}, {"uid": "680287567", "content": "ズ好可爱呀▅"}, {"uid": "2135464961", "content": "ポ好可爱呀▄"}, {"uid": "554500302", "content": "我爱你，结婚吧！！！"}, {"uid": "1844369459", "content": "吃鸡王者还是说其他的随便选。"}, {"uid": "1844369459", "content": "哼，别的不敢说。就当了游戏这一块儿。我绝不认输。"}, {"uid": "1844369459", "content": "不擅长与人说话吗？和我一样。"}, {"uid": "91510644", "content": "好耶(✪▽✪)！"}, {"uid": "650321707", "content": "我们都是小怪兽"}, {"uid": "284864230", "content": "草"}, {"uid": "302224021", "content": "初见  可爱  单推"}, {"uid": "602131029", "content": "哦豁？"}, {"uid": "277376907", "content": "那必不可能"}, {"uid": "466446823", "content": "当然是我"}, {"uid": "1681441925", "content": "awsl"}, {"uid": "63068810", "content": "比划比划？？？"}, {"uid": "455596179", "content": "正是在下"}, {"uid": "121901896", "content": "？？？"}, {"uid": "449285488", "content": "初见  结婚"}, {"uid": "603898496", "content": "游戏ing"}, {"uid": "57592223", "content": "wk爱了"}, {"uid": "479875063", "content": "没有劲！"}, {"uid": "376381163", "content": "推就完了"}, {"uid": "1408017908", "content": "是在下"}, {"uid": "1408017908", "content": "唔姆"}, {"uid": "296634922", "content": "推"}, {"uid": "307732861", "content": "斯巴拉西"}, {"uid": "1027264537", "content": "这台词？游戏人生？"}, {"uid": "372770838", "content": "什么变态我这叫尊重女权"}, {"uid": "437235905", "content": "sodayo"}, {"uid": "2319507", "content": "单推"}, {"uid": "497096105", "content": "かわいい!"}, {"uid": "299306492", "content": "嗯嗯没问题"}, {"uid": "403586366", "content": "草"}, {"uid": "486128171", "content": "我是BT"}, {"uid": "387807196", "content": "这……"}, {"uid": "228269315", "content": "夏目友人帐"}, {"uid": "586311646", "content": "卡哇伊内"}, {"uid": "44925972", "content": "确实"}, {"uid": "57387299", "content": "草"}, {"uid": "687359320", "content": "我去"}, {"uid": "690823746", "content": "草"}, {"uid": "689390135", "content": "WC"}, {"uid": "266116380", "content": "草"}, {"uid": "319167250", "content": "我是变态"}, {"uid": "34854740", "content": "sodayo"}, {"uid": "8174419", "content": "好像可可萝"}, {"uid": "43681035", "content": "草"}, {"uid": "661588595", "content": "果断关注"}, {"uid": "456327519", "content": "我是变态"}, {"uid": "39662", "content": "好棒"}, {"uid": "39662", "content": "草"}, {"uid": "126054679", "content": "？？？"}, {"uid": "9852628", "content": "我不信"}, {"uid": "318631992", "content": "ャ好可爱呀※"}, {"uid": "25188318", "content": "当然可以啦"}, {"uid": "400846075", "content": "凉了"}, {"uid": "39405981", "content": "神职人员呀"}, {"uid": "432963824", "content": "未来，火柱，楪祈，kiminoname"}, {"uid": "702802484", "content": "境界的彼方，鬼灭之刃，罪恶王冠，你的名字。"}, {"uid": "46712404", "content": "？"}, {"uid": "466446823", "content": "一群麻瓜"}, {"uid": "1342546725", "content": "阿伟出来"}, {"uid": "297968777", "content": "苏西"}, {"uid": "297241401", "content": "好耶"}, {"uid": "484901044", "content": "椰羊"}, {"uid": "415204781", "content": "好耶"}, {"uid": "229811336", "content": "境界的彼方，鬼灭之刃，你的名字，哆啦a梦，夏目友人帐，魔法少女小樱，罪恶王冠，神奇宝贝，（龙猫）"}, {"uid": "66957047", "content": "wwwwww"}, {"uid": "583000073", "content": "."}, {"uid": "92021105", "content": "是我"}, {"uid": "106627867", "content": "？？？？"}, {"uid": "627583204", "content": "骂骂我"}, {"uid": "444488154", "content": "吼吼吼"}, {"uid": "341518907", "content": "好耶"}, {"uid": "163174331", "content": "是我"}, {"uid": "488158371", "content": "看到鬼灭之刃了"}, {"uid": "76996595", "content": "你好是的会骂就多骂几句谢谢！！！"}, {"uid": "3168739", "content": "？？？"}, {"uid": "453114437", "content": "我淦"}, {"uid": "453114437", "content": "。。。。"}, {"uid": "32659237", "content": "jk"}, {"uid": "603727294", "content": "好快"}, {"uid": "188551401", "content": "可爱，D了"}, {"uid": "403586366", "content": "我笑了"}, {"uid": "286958538", "content": "认真"}, {"uid": "489264534", "content": "."}, {"uid": "441968013", "content": "草"}, {"uid": "430209317", "content": "yes"}, {"uid": "497218051", "content": "草"}, {"uid": "37628238", "content": "楪祈赛高"}, {"uid": "586311646", "content": "这不是清纯美少女，这是茄子，开了变声器的茄子!快点刀了他"}, {"uid": "48746732", "content": "舒服了"}, {"uid": "687359320", "content": "我靠"}, {"uid": "21436631", "content": "よろしくお願いします"}, {"uid": "79338680", "content": "草"}, {"uid": "438509587", "content": "老婆"}, {"uid": "87646724", "content": "草"}, {"uid": "690823746", "content": "哦豁？"}, {"uid": "280110598", "content": "提前考古"}, {"uid": "199548107", "content": "老婆"}, {"uid": "12891523", "content": "草"}, {"uid": "512315295", "content": "草"}, {"uid": "389867350", "content": "唔姆唔姆"}, {"uid": "2498195", "content": "sdy"}, {"uid": "474894315", "content": "d了d了"}, {"uid": "456327519", "content": "不信"}, {"uid": "454729212", "content": "i了i了"}, {"uid": "8337878", "content": "sodayo"}, {"uid": "39547622", "content": "是的！"}, {"uid": "351701651", "content": "？？？"}, {"uid": "137056272", "content": "好耶"}, {"uid": "25188318", "content": "哇哦"}, {"uid": "629093112", "content": "完了，，，祢豆子一卖萌我受不了了"}, {"uid": "44111943", "content": "对对对"}, {"uid": "177931413", "content": "草"}, {"uid": "409739083", "content": "正是在下"}, {"uid": "415509106", "content": "请和我结婚，谢谢"}, {"uid": "630689963", "content": "证是在下"}, {"uid": "76696937", "content": "白发 巫女 高中生——  朝武芳乃"}, {"uid": "514137280", "content": "awsl"}, {"uid": "109385022", "content": "草"}, {"uid": "407386989", "content": "初见   可爱   单推   结婚。"}, {"uid": "454051910", "content": "七七"}, {"uid": "702466514", "content": "是的"}, {"uid": "500382500", "content": "awsl"}, {"uid": "548562537", "content": "墙上的大哥没有书墙上的大哥没有输！"}, {"uid": "432040528", "content": "唔姆得斯"}, {"uid": "455943502", "content": "开玩笑"}, {"uid": "378991186", "content": "就是我"}, {"uid": "429478195", "content": "可愛いですね..."}, {"uid": "663077287", "content": "awsl"}, {"uid": "92040307", "content": "你再骂！（恳求）"}, {"uid": "11137753", "content": "单挑了"}, {"uid": "92948708", "content": "嗯？"}, {"uid": "13452086", "content": "不可能，绝对不可能，我二弟天下无敌"}, {"uid": "456364027", "content": "舒服了"}, {"uid": "32313324", "content": "草"}, {"uid": "166730839", "content": "是我"}, {"uid": "400860879", "content": "草"}, {"uid": "38122473", "content": "呜姆"}, {"uid": "23595906", "content": "？？？？"}, {"uid": "228757509", "content": "sodayo"}, {"uid": "690823746", "content": "诶嘿"}, {"uid": "67956627", "content": "是的没错就是小爷"}, {"uid": "67956627", "content": "早就戒了"}, {"uid": "400083357", "content": "唔姆"}, {"uid": "289453950", "content": "小羊才是本体吧，这个女孩子是谁？？"}, {"uid": "661588595", "content": "こちらこそよろしくお願いします"}, {"uid": "456327519", "content": "草"}, {"uid": "606940993", "content": "欢迎"}, {"uid": "4464632", "content": "不可能"}, {"uid": "3153180", "content": "草"}, {"uid": "436963332", "content": "有趣"}, {"uid": "1213810945", "content": "ぉ你好可爱呀◥"}, {"uid": "410441114", "content": "加油哦"}, {"uid": "210678", "content": "我不信"}, {"uid": "22336304", "content": "是wtm"}, {"uid": "452930311", "content": "所以DD到底是什么意思？"}, {"uid": "484901044", "content": "比划比划？"}, {"uid": "572128260", "content": "呵呵"}, {"uid": "228269315", "content": "罪恶王冠"}, {"uid": "228269315", "content": "境界的彼方，鬼灭之刃，你的名字"}, {"uid": "491527826", "content": "听不见！听不见！就是听不见！观众说听不见就是听不见！"}, {"uid": "206305337", "content": "白毛   紫曈   三无    天然呆   巫女"}, {"uid": "376224328", "content": "后面是楪祈嘛"}]