[{"uid": "381628475", "content": "看到封面就来了"}, {"uid": "443628271", "content": "标题出大问题"}, {"uid": "291223880", "content": "我竟然没有听出不一样。"}, {"uid": "470213686", "content": "很快啊，一下就点进来了"}, {"uid": "482173720", "content": "身 体 痛"}, {"uid": "351565113", "content": "好家伙，完全一致"}, {"uid": "200582352", "content": "不装了，其实我小名就叫搜啦达"}, {"uid": "645908372", "content": "真·完全一致"}, {"uid": "434321225", "content": "趁umo睡着偷偷亲一口没人发现吧（"}, {"uid": "262124547", "content": "一开始就觉得巫沐和真白很像了"}, {"uid": "131652679", "content": "太可爱了"}, {"uid": "261704975", "content": "两个老婆都在这，狂喜"}, {"uid": "381385040", "content": "不装了，我干的"}, {"uid": "282263772", "content": "原声大碟"}, {"uid": "631530328", "content": "真.完全一致"}, {"uid": "9086989", "content": "俺也一样要白给（狗头）"}, {"uid": "497096105", "content": "来晚了，来晚了没抢到楼。"}, {"uid": "36319534", "content": "哈哈哈巫沐笑得好像很开心"}, {"uid": "392083589", "content": "宠物女孩双推"}, {"uid": "354247071", "content": "名场面"}, {"uid": "273114238", "content": "真白是我的"}, {"uid": "366078551", "content": "我承认是我干的，我自首"}, {"uid": "115097522", "content": " 原 声 大 碟 "}, {"uid": "621612267", "content": "我立马就点进来了"}, {"uid": "35211228", "content": "啊这……标题不对劲（doge）"}, {"uid": "527355497", "content": "少拿原声骗我"}, {"uid": "421936448", "content": "真白哎"}, {"uid": "474517573", "content": "少拿原声骗我"}, {"uid": "37989306", "content": "原声大碟"}, {"uid": "543983314", "content": "BGM是什么"}, {"uid": "628715754", "content": "后宫加一"}, {"uid": "367484809", "content": "16号的xdm都来到这了嘛。"}, {"uid": "22644407", "content": "声音在尽量模仿可惜语气不行"}, {"uid": "407386989", "content": "完全一致"}, {"uid": "167875396", "content": "太可爱"}, {"uid": "687503664", "content": "不装了，其实我小名叫空太"}, {"uid": "470942158", "content": "别拿原声屏骗我"}, {"uid": "310568022", "content": "开口跪"}, {"uid": "479053030", "content": "完全一致"}, {"uid": "397875382", "content": "少拿原声骗我"}, {"uid": "353241785", "content": "来啦"}, {"uid": "476410550", "content": "不要拿原声骗我"}, {"uid": "430075787", "content": "最喜欢真白了"}, {"uid": "309425785", "content": "声音好听啊"}, {"uid": "399958569", "content": "是我干的"}, {"uid": "450126474", "content": "真黑"}, {"uid": "439419477", "content": "对不起，我干的"}, {"uid": "392603439", "content": "烫手"}, {"uid": "497096105", "content": "这部动漫的作者没请你真是可惜了呀"}, {"uid": "497096105", "content": "神同步！"}, {"uid": "623733969", "content": "完全一致"}, {"uid": "284998823", "content": "两分钟"}, {"uid": "173824757", "content": "一分钟"}, {"uid": "614743", "content": "小时候我明明还看不懂这段"}, {"uid": "342735393", "content": "哈哈哈哈哈哈哈哈哈"}, {"uid": "420869073", "content": "好家伙"}, {"uid": "18688173", "content": "我去一模一样"}, {"uid": "354370691", "content": "太像了吧"}, {"uid": "1039787744", "content": "等一下，我去拿个手机"}, {"uid": "431671807", "content": "很不对劲"}, {"uid": "568315251", "content": "冥场面"}, {"uid": "319299218", "content": "三小时，，凉了啊！"}, {"uid": "284109669", "content": "热乎的"}, {"uid": "479053030", "content": "呜呼呼"}, {"uid": "314325715", "content": "原声大碟"}, {"uid": "500030580", "content": "我叫空太"}, {"uid": "427570377", "content": "最喜欢真白了"}, {"uid": "1857174372", "content": "真白真白"}, {"uid": "434321225", "content": "←因为她可污了"}, {"uid": "443981601", "content": "我…………我可以接受，而且我可以当第二"}, {"uid": "145696731", "content": "啊啊啊啊啊awsl"}, {"uid": "630491414", "content": "四小时，晚了。。"}, {"uid": "282263772", "content": "奇奇怪怪"}, {"uid": "36400646", "content": "完全一致"}, {"uid": "36400646", "content": "Awsl"}, {"uid": "90674073", "content": "我刚好在追这部番"}, {"uid": "431838557", "content": "卡哇伊～"}, {"uid": "1248769379", "content": "来啦!"}, {"uid": "497096105", "content": "卡哇伊"}, {"uid": "406100581", "content": "巫沐加油！"}, {"uid": "343171775", "content": "这是真像。。。"}, {"uid": "527133563", "content": "我就说有点怪怪的啊！！"}, {"uid": "352761166", "content": "真白我老婆，拔刀吧"}, {"uid": "489601966", "content": "下次一定"}, {"uid": "322900746", "content": "完全一致"}, {"uid": "12891523", "content": "awsl"}, {"uid": "21730779", "content": "双厨狂喜"}, {"uid": "431838557", "content": "对不起，是我干的"}, {"uid": "1248769379", "content": "芜湖"}, {"uid": "92416231", "content": "真白中之人umo说"}, {"uid": "284998823", "content": "两分钟"}, {"uid": "37989306", "content": "老婆！"}, {"uid": "4986127", "content": "白毛赛高"}, {"uid": "11774475", "content": "好像"}, {"uid": "433857665", "content": "哇哦"}, {"uid": "609808869", "content": "妈嘞，真像"}, {"uid": "495159540", "content": "？？？"}, {"uid": "411300988", "content": "やれやれだぜ​"}, {"uid": "449206083", "content": "好家伙"}, {"uid": "30105962", "content": "可爱"}, {"uid": "673798892", "content": "漂亮"}, {"uid": "484926552", "content": "一致"}, {"uid": "34452372", "content": "六分钟"}, {"uid": "415333086", "content": "芜湖"}, {"uid": "560204146", "content": "好家伙"}, {"uid": "514497696", "content": "好怀念"}, {"uid": "514427936", "content": "有一点不一样"}, {"uid": "1204388884", "content": "名场面"}, {"uid": "88022195", "content": "老婆"}, {"uid": "301140935", "content": "热乎"}, {"uid": "23928017", "content": "Umo中之人真白说"}, {"uid": "481252992", "content": "24分钟"}, {"uid": "421332011", "content": "老婆"}, {"uid": "521841634", "content": "12分钟"}, {"uid": "484926552", "content": "一致"}, {"uid": "679145198", "content": "awsl"}, {"uid": "472177969", "content": "真白是我老婆，你们一边去，就知道看我老婆"}, {"uid": "420869073", "content": "啊这"}, {"uid": "188654356", "content": "awsl"}, {"uid": "314879942", "content": "叫老婆的举报了！！！umo是我的"}, {"uid": "452948359", "content": "？？？？？？？？？？？？？？？？？？？？？"}]