[{"uid": "27817170", "content": "这句“啊”，把我击碎了"}, {"uid": "444327327", "content": "爷DNA动了！“希腊奶 希腊奶”"}, {"uid": "522673027", "content": "这  个  好  欸"}, {"uid": "492209755", "content": "听到了最后，好耶"}, {"uid": "493941811", "content": "我的天，上头"}, {"uid": "1779702969", "content": "耳朵想被天使轻吻"}, {"uid": "329513808", "content": "由于字幕君首次加载字幕，不熟练，导致部分字幕缺失，望诸君见谅"}, {"uid": "329513808", "content": "为了能够守护你"}, {"uid": "329513808", "content": "渴望让自己变得更强大"}, {"uid": "329513808", "content": "为了让谁也不必再哭泣"}, {"uid": "329513808", "content": "无论多少次 也要把懦弱的自己"}, {"uid": "329513808", "content": "因为想和你一起欢笑"}, {"uid": "329513808", "content": "但我想要永远和你在一起"}, {"uid": "329513808", "content": "今天也在没有答案的世界里"}, {"uid": "329513808", "content": "我到底是什么人"}, {"uid": "329513808", "content": "我应该存在的姿态是什么"}, {"uid": "329513808", "content": "不会让谁悲伤的活着"}, {"uid": "329513808", "content": "渗透着的永不散去的味道"}, {"uid": "329513808", "content": "回响起脚步声的目的地是"}, {"uid": "329513808", "content": "只要我能够变得更加强大"}, {"uid": "329513808", "content": "只为让你保持微笑"}, {"uid": "329513808", "content": "不论多少次    也要紧咬住我所期望的未来"}, {"uid": "329513808", "content": "令人头晕目眩的诱人味道"}, {"uid": "367964253", "content": "为了让我保持我自己"}, {"uid": "367964253", "content": "我要变得更强"}, {"uid": "367964253", "content": "没有任何人能伤害你"}, {"uid": "367964253", "content": "在这世上我希望你能一直笑着"}, {"uid": "367964253", "content": "在这世上又能做些什么"}, {"uid": "367964253", "content": "放任本能觉醒  今天又轮到谁呢？"}, {"uid": "367964253", "content": "强烈刺鸡着鼻腔深处"}, {"uid": "367964253", "content": "令人失心癫狂头晕目眩的香气"}, {"uid": "367964253", "content": "城市中此起彼伏的欢笑声"}, {"uid": "27551965", "content": "好听"}, {"uid": "409644641", "content": "ilil"}, {"uid": "342776407", "content": "啊啊，刚刚阿草说话了"}, {"uid": "476912188", "content": "7小时，看来只能用岩浆热了"}, {"uid": "277703283", "content": "一小时，烫手"}, {"uid": "478112617", "content": "18分钟"}, {"uid": "483327331", "content": "是是是，你们都快（doge）"}, {"uid": "21098678", "content": "好撩人啊这个声音"}, {"uid": "49862355", "content": "这歌男声部分总让我想到雪辉"}, {"uid": "433468325", "content": "BV11h411C7Gz"}, {"uid": "329513808", "content": "灰黑色字幕加载完成"}, {"uid": "329513808", "content": "我也装作不知道的样子转移了视线"}, {"uid": "329513808", "content": "美好的世界今天也一切安泰"}, {"uid": "329513808", "content": "为了让我能够成为真正的自己"}, {"uid": "329513808", "content": "刺入我的鼻腔深处"}, {"uid": "367964253", "content": "一次次对向往的未来"}, {"uid": "367964253", "content": "只愿你那漆黑的眼眸中"}, {"uid": "367964253", "content": "我又能做些什么？"}, {"uid": "13196831", "content": "好家伙，好厉害"}, {"uid": "690160559", "content": "耳机党表示好棒啊"}, {"uid": "237518089", "content": "ohhhhh这段绝了"}, {"uid": "602984710", "content": "我好快"}, {"uid": "1956707", "content": "一小时还能热热"}, {"uid": "131652679", "content": "《奶音》"}, {"uid": "27817170", "content": "这声啊，把我……"}, {"uid": "401779088", "content": "阿草声音真好听！！！"}, {"uid": "23362230", "content": "ohhhhhh"}, {"uid": "12891523", "content": "awsl"}, {"uid": "329513808", "content": "奔跑吧 奔跑吧"}, {"uid": "329513808", "content": "为了能够守护你"}, {"uid": "329513808", "content": "吞噬殆尽"}, {"uid": "329513808", "content": "让我颤抖着 呐喊"}, {"uid": "329513808", "content": "虽然我没有用"}, {"uid": "329513808", "content": "今天也在没有答案的世界里"}, {"uid": "329513808", "content": "假装很认真的前行"}, {"uid": "329513808", "content": "我只愿你那漆黑的眼眸"}, {"uid": "329513808", "content": "我能够做到的有什么"}, {"uid": "329513808", "content": "我也只是装作看不见的样子 仅此而已"}, {"uid": "400362321", "content": "草泥马你怎么了！要是被绑架了就眨眨眼"}, {"uid": "367964253", "content": "不会有眼泪滴落"}, {"uid": "367964253", "content": "（字打错了，见谅）"}, {"uid": "367964253", "content": "今天也为这美好的世界干杯"}, {"uid": "35919537", "content": "太好听了吧"}, {"uid": "505813583", "content": "7小时，知道就不睡觉了"}, {"uid": "509455211", "content": "6小时了，放岩浆热热吧"}, {"uid": "477575984", "content": "阿草去哪了"}, {"uid": "30917050", "content": "wwwwww"}, {"uid": "34170832", "content": "我还是挺快的嘛"}, {"uid": "430437301", "content": "什么吗，我还挺快的吗"}, {"uid": "1153736815", "content": "差个中文翻译"}, {"uid": "486176868", "content": "日语高手 "}, {"uid": "293747480", "content": "我也就听了亿遍而已"}, {"uid": "329513808", "content": "在街道上席卷而来的坏消息"}, {"uid": "329513808", "content": "不会有泪水溢出"}, {"uid": "329513808", "content": "唤醒了我的本能      今天又轮到谁了"}, {"uid": "329513808", "content": "今天也为美好的世界干杯"}, {"uid": "246007982", "content": "强啊"}, {"uid": "35110586", "content": "来了来了"}, {"uid": "494855526", "content": "好家伙"}, {"uid": "352038679", "content": "不是，这怎么那么像啊。"}, {"uid": "1956707", "content": "好听"}, {"uid": "470368728", "content": "我直接D了（doge）"}, {"uid": "516474343", "content": "热乎的"}, {"uid": "33327221", "content": "suki!!!"}, {"uid": "19165001", "content": "9.2w。。。这是要明日破10w啊"}, {"uid": "694719701", "content": "深夜党狂喜"}, {"uid": "9572492", "content": "阿草说话了"}, {"uid": "305805062", "content": "让我看看有几个熬夜的"}, {"uid": "349497343", "content": "表白野生字幕君"}, {"uid": "480070100", "content": "nice"}, {"uid": "476083549", "content": "灰色字幕君好评"}, {"uid": "148270039", "content": "好听"}, {"uid": "456263114", "content": "՞快՞快՞快՞快"}, {"uid": "493941811", "content": "鹅鹅鹅"}, {"uid": "329513808", "content": "现在开始行动吧"}, {"uid": "22207796", "content": "这么好听的嘛！"}, {"uid": "178886668", "content": "前方大好听"}, {"uid": "660883029", "content": "哇呜"}, {"uid": "293747480", "content": "D爆了"}, {"uid": "472107780", "content": "热乎!"}, {"uid": "174717576", "content": "耶！"}, {"uid": "200627809", "content": "Umo好帅"}, {"uid": "550022629", "content": "原来我这么快的嘛"}, {"uid": "651487366", "content": "好听诶*罒▽罒*"}, {"uid": "617582582", "content": "还可以吧"}, {"uid": "161127522", "content": "太厉害了"}, {"uid": "494267741", "content": "感谢字幕"}, {"uid": "413101154", "content": "好耶"}, {"uid": "403046239", "content": "好棒！"}, {"uid": "329513808", "content": "在这个错误百出的世界里    只为让你保持微笑"}, {"uid": "329513808", "content": "跳动的心脏"}, {"uid": "329513808", "content": "我祈祷着"}, {"uid": "329513808", "content": "实事求是的活着是正义吗"}, {"uid": "329513808", "content": "要不越矩直率的活着"}, {"uid": "329513808", "content": "想要清白正确的活着"}, {"uid": "329513808", "content": "背面的世界"}, {"uid": "453420824", "content": "あああああああああああ"}, {"uid": "457071671", "content": "三连了"}, {"uid": "481252992", "content": "好耶"}, {"uid": "409644641", "content": "awsl"}, {"uid": "539641404", "content": "呦西"}, {"uid": "349939206", "content": "赞啊"}, {"uid": "290579915", "content": "先赞后看已成。。"}, {"uid": "649905567", "content": "8小时,热一热还能吃。"}, {"uid": "289978623", "content": "好听！"}, {"uid": "415204781", "content": "太棒了"}, {"uid": "505813583", "content": "好听！！！！"}, {"uid": "295356284", "content": "umo！！！"}, {"uid": "516474343", "content": "爱了爱了"}, {"uid": "516474343", "content": "嘟嘟嘟，我出息了"}, {"uid": "320830110", "content": "通宵党的胜利！！"}, {"uid": "99068779", "content": "kksk"}, {"uid": "161127522", "content": "好棒！"}, {"uid": "160213825", "content": "好耶"}, {"uid": "329513808", "content": "绝不松口   在这个错误百出的世界里"}, {"uid": "319409732", "content": "已投币"}, {"uid": "122347978", "content": "喜欢"}, {"uid": "256799", "content": "我好兴奋。。"}, {"uid": "2218934", "content": "好听"}, {"uid": "414766658", "content": "\\Umo/"}, {"uid": "3313183", "content": "好听好听"}, {"uid": "415204781", "content": "ohhhhhhhh"}, {"uid": "252618651", "content": "6小时还能吃"}, {"uid": "237518089", "content": "确实好听"}, {"uid": "306973215", "content": "来啦"}, {"uid": "20411167", "content": "淦"}, {"uid": "31374926", "content": "kksk"}, {"uid": "498092170", "content": "还热乎的"}, {"uid": "10114066", "content": "who"}, {"uid": "702086652", "content": "半小时的烫死了"}, {"uid": "478112617", "content": "我这么快？"}, {"uid": "543739338", "content": "来了来了"}, {"uid": "35607283", "content": "热乎"}, {"uid": "32555006", "content": "suki"}, {"uid": "443198724", "content": "i了i了"}, {"uid": "91510644", "content": "好耶(✪▽✪)！"}, {"uid": "91510644", "content": "哦吼"}, {"uid": "398871107", "content": "awa"}, {"uid": "493941811", "content": "我直接自信，老婆～"}, {"uid": "493941811", "content": "上头了呀"}, {"uid": "329513808", "content": "以欺骗谋生活下去才是正义吗"}, {"uid": "329513808", "content": "要正确不犯错的活着"}, {"uid": "329513808", "content": "在这个世界能做些什么"}, {"uid": "84066117", "content": "儿歌王"}, {"uid": "451106422", "content": "好耶"}, {"uid": "35211228", "content": "红豆泥斯巴拉西～"}, {"uid": "178886668", "content": "开头这个 啊—— 我循环了几遍了我不知道，只知道阿伟的骨灰都被扬了"}, {"uid": "14235972", "content": "烫手"}, {"uid": "95157820", "content": "三连走起"}, {"uid": "282263772", "content": "阴间发布时间"}, {"uid": "362706173", "content": "嚯嚯"}, {"uid": "30917050", "content": "这怎么能没有弹幕"}, {"uid": "648505698", "content": "awsl"}, {"uid": "431347016", "content": "芜湖"}, {"uid": "694719701", "content": "教えてくれよ"}, {"uid": "497945258", "content": "喂！喂！听——不——懂——~（记得下次翻译一下）"}, {"uid": "527550316", "content": "好耶"}, {"uid": "400335421", "content": "很好听，唔"}, {"uid": "31696968", "content": "路转粉"}, {"uid": "455719517", "content": "这个好耶"}, {"uid": "4986127", "content": "这个好耶"}, {"uid": "329513808", "content": "一点也不正常"}, {"uid": "11828505", "content": "好耶！"}, {"uid": "367964253", "content": "也终究竟只是装作视而不见    而造就的虚伪产物"}, {"uid": "457071671", "content": "芜湖"}, {"uid": "414766658", "content": "\\umo/"}, {"uid": "527221114", "content": "来晚了"}, {"uid": "489056924", "content": "真好听"}, {"uid": "339224955", "content": "早啊"}, {"uid": "396080790", "content": "好听"}, {"uid": "405069962", "content": "早"}, {"uid": "1277186638", "content": "ohhh"}, {"uid": "499420581", "content": "awsl"}, {"uid": "499420581", "content": "好听啊"}, {"uid": "86575255", "content": "好耶"}, {"uid": "406100581", "content": "巫沐加油！"}, {"uid": "511359418", "content": "字幕君辛苦了"}, {"uid": "480070100", "content": "求歌名"}, {"uid": "398871107", "content": "awa"}, {"uid": "286694573", "content": "好耶"}, {"uid": "489056924", "content": "我来了"}, {"uid": "260746572", "content": "好耶"}, {"uid": "153439832", "content": "好耶"}, {"uid": "38615747", "content": "阴间发布时间"}, {"uid": "157211300", "content": "早！"}, {"uid": "60003846", "content": "这句特别像 狛枝凪斗"}, {"uid": "87771272", "content": "\\umo/\\umo/\\umo/\\umo/"}, {"uid": "237518089", "content": "\\umo/\\umo/\\umo/\\umo/\\umo/\\umo/\\umo/"}, {"uid": "234026190", "content": "我听着少了点力量感，多了几丝rouyuo"}, {"uid": "188652171", "content": "\\umo/\\umo/\\umo/\\umo/\\umo/\\umo/\\umo/"}, {"uid": "508775287", "content": "\\umo/\\umo/\\umo/\\umo/\\umo/\\umo/\\umo/"}, {"uid": "508775287", "content": "\\umo/\\umo/\\umo/\\umo/\\umo/\\umo/\\umo/"}, {"uid": "508775287", "content": "\\umo/\\umo/\\umo/\\umo/\\umo/\\umo/\\umo/"}]