[{"uid": "12878988", "content": "外地输入，赶紧隔离2333"}, {"uid": "156850356", "content": "都放开那个妹子，让我来！"}, {"uid": "430425791", "content": "AWSL"}, {"uid": "157713006", "content": "好好好好好，不走不走"}, {"uid": "157713006", "content": "睡得着的话就睡吧"}, {"uid": "157713006", "content": "啊~猜意识到呢"}, {"uid": "157713006", "content": "一起睡觉"}, {"uid": "157713006", "content": "抱这么紧还咳嗽，传染给我怎么办？"}, {"uid": "157713006", "content": "您还想传染我？"}, {"uid": "694765920", "content": "好啊"}, {"uid": "694765920", "content": "我不怕"}, {"uid": "516801578", "content": "不会的！！"}, {"uid": "516801578", "content": "我要枯辽"}, {"uid": "516801578", "content": "我死了"}, {"uid": "526336454", "content": "有生之年不容易呀。"}, {"uid": "178982075", "content": "好家伙"}, {"uid": "37879269", "content": "欢迎回来，注意身体健康"}, {"uid": "402527939", "content": "真正的有生之年，淦"}, {"uid": "430075787", "content": "多休息会，照顾好自己"}, {"uid": "450674961", "content": "用嘴喂"}, {"uid": "242183901", "content": "多喝热水"}, {"uid": "543046704", "content": "这怎么好意思呢？"}, {"uid": "543046704", "content": "有生之年至上。"}, {"uid": "488445933", "content": "爷不怕"}, {"uid": "346704196", "content": "张嘴，啊"}, {"uid": "434131763", "content": "哦豁好耶终于等到人了"}, {"uid": "485745565", "content": "好耶"}, {"uid": "479056988", "content": "才怪"}, {"uid": "510098006", "content": "不容易，有生之年还可以看到你"}, {"uid": "489538668", "content": "保重身体"}, {"uid": "500673466", "content": "大家好"}, {"uid": "516801578", "content": "早点休息！！"}, {"uid": "286314695", "content": "有生之年"}, {"uid": "89206182", "content": "好耶"}, {"uid": "12634280", "content": "生离死别"}, {"uid": "91449533", "content": "好久不见"}, {"uid": "524984715", "content": "懂了，好的"}, {"uid": "358768944", "content": "闭眼新世界"}, {"uid": "1599179238", "content": "9999999"}, {"uid": "505564278", "content": "受不了了，awsl"}, {"uid": "339954264", "content": "嗨，老婆"}, {"uid": "487146839", "content": "花粉过敏一般是眼睛吧……"}, {"uid": "485745565", "content": "热乎"}, {"uid": "172543125", "content": "欢迎回来"}, {"uid": "431209427", "content": "欢迎回来"}, {"uid": "511061536", "content": "呼叫四番队"}, {"uid": "516801578", "content": "awsl"}, {"uid": "648491072", "content": "好啊"}, {"uid": "505564278", "content": "受不了了"}, {"uid": "84507723", "content": "欢迎回来"}, {"uid": "694765920", "content": "Awsl"}, {"uid": "524858332", "content": "吃桃～"}, {"uid": "402527939", "content": "我终于等到你"}, {"uid": "267550406", "content": "欢迎"}, {"uid": "156850356", "content": "乜姐姐姐。。。。"}, {"uid": "12634280", "content": "生离死别"}, {"uid": "340596896", "content": "你可真是个秀儿"}, {"uid": "157713006", "content": "还有什么需要做的吗？"}, {"uid": "157713006", "content": "既然这样，那就好吧"}, {"uid": "694765920", "content": "好啊"}, {"uid": "406945825", "content": "欢乐回来"}, {"uid": "516801578", "content": "awsl"}, {"uid": "516801578", "content": "awsl"}, {"uid": "516801578", "content": "ohhhhhh"}, {"uid": "513518488", "content": "没评论？"}, {"uid": "35228712", "content": "awsl"}, {"uid": "289419959", "content": "你来啦"}, {"uid": "478112617", "content": "大丈夫"}, {"uid": "505564278", "content": "受不了了"}, {"uid": "494855526", "content": "好耶"}, {"uid": "41387551", "content": "多注意身体哇！"}, {"uid": "631529067", "content": "12分钟"}, {"uid": "516474343", "content": "出息了"}, {"uid": "41583316", "content": "爱了"}, {"uid": "403046239", "content": "有生之年"}, {"uid": "320904581", "content": "多喝热水"}, {"uid": "178445390", "content": "有生之年"}, {"uid": "617598128", "content": "不应该是咳嗽吗"}, {"uid": "267550406", "content": "好久不见"}, {"uid": "627075126", "content": "隔离隔离"}, {"uid": "28792946", "content": "真的好久不见哦"}, {"uid": "516474343", "content": "六分钟"}, {"uid": "674081571", "content": "好疼苦"}, {"uid": "157713006", "content": "受不了了"}, {"uid": "594723085", "content": "晚安"}, {"uid": "516801578", "content": "我来！"}, {"uid": "511061536", "content": "！"}, {"uid": "174939891", "content": "欢迎回来"}, {"uid": "21360893", "content": "好耶 我也想和污沐约会！！！！！！"}, {"uid": "618431796", "content": "今生有巫沐umo真好"}, {"uid": "454266357", "content": "多多休息"}, {"uid": "594723085", "content": "好"}, {"uid": "626793450", "content": "我喂我喂！在喂了在喂了！来~张嘴，啊~"}, {"uid": "516801578", "content": "我来！"}, {"uid": "50981571", "content": "欢迎回家"}, {"uid": "52989307", "content": "haoye"}, {"uid": "39019039", "content": "五分钟"}, {"uid": "360609313", "content": "两分钟"}, {"uid": "8922628", "content": "花粉？"}]