[{"uid": "289433609", "content": "好家伙跑打"}, {"uid": "289433609", "content": "是我手机问题还是他设备问题怎么感觉这么卡"}, {"uid": "340484819", "content": "好可爱啊omo"}, {"uid": "8032776", "content": "跑打的神"}, {"uid": "154089446", "content": "经典跑打（"}, {"uid": "298006403", "content": "ohhhhhhhhh"}, {"uid": "16626182", "content": "反应倒蛮快的"}, {"uid": "45496029", "content": "经典跑打"}, {"uid": "29073198", "content": "跑打ＡＫ"}, {"uid": "30605981", "content": "对胃了"}, {"uid": "308485532", "content": "这枪看起来后坐力怎么这么大"}, {"uid": "89722729", "content": "热身里超帅击杀锦集"}, {"uid": "88212624", "content": "燃起来了"}, {"uid": "282118071", "content": "热身运动可还行"}, {"uid": "213958927", "content": "热乎"}, {"uid": "505754233", "content": "▬▬▬▬.◙.▬▬▬▬    ▂▄▄▓▄▄▂◢◤ █▀▀████▄▄▄▄◢◤█ 白嫖专用逃跑机[doge] █▀……╬    ◥██████◤   ══╩══╩══↓贵宾登机处​"}]