[{"uid": "29501090", "content": "考完了，芜湖呼呼呼"}, {"uid": "105776298", "content": "同样考完两天才看"}, {"uid": "392880920", "content": "感谢巫沫！"}, {"uid": "156850356", "content": "老婆真可爱"}, {"uid": "435264271", "content": "谢谢"}, {"uid": "357868168", "content": "谢谢"}, {"uid": "101126363", "content": "谢谢，高考已成过去式了"}, {"uid": "413349356", "content": "在下明年的，请今年的各位努力呀！"}, {"uid": "450674961", "content": "谢谢巫沐"}, {"uid": "111237035", "content": "考前放飞自我"}, {"uid": "27103975", "content": "好耶，要高考了（我大二doge）"}, {"uid": "449206083", "content": "好耶，没错，我就是今年高考"}, {"uid": "341626053", "content": "高考xdm，大专的二货给各位加油了"}, {"uid": "499352096", "content": "为了看你"}, {"uid": "34617662", "content": "看见我你就不是第一了"}, {"uid": "344129441", "content": "考完第2天看到这个。"}, {"uid": "27470325", "content": "看到我你已经不是第二了"}, {"uid": "24907582", "content": "你脸红个泡泡茶壶"}, {"uid": "519527029", "content": "那我还可以是第三"}, {"uid": "519527029", "content": "还可以是第二"}, {"uid": "289462814", "content": "考完了"}, {"uid": "357868168", "content": "谢谢"}, {"uid": "448541328", "content": "谢谢巫沫"}, {"uid": "59271271", "content": "谢谢应援"}, {"uid": "23786623", "content": "你在骂？"}, {"uid": "204385000", "content": "蓝翔等着我"}, {"uid": "500673466", "content": "啊这……"}, {"uid": "486372612", "content": "没有"}, {"uid": "331238539", "content": "嗯那"}, {"uid": "10316905", "content": "谢谢"}, {"uid": "70890032", "content": "好耶"}, {"uid": "499352096", "content": "热乎"}]