[{"uid": "618431796", "content": "哎呦妈啊 差点给我送去给umo结婚了"}, {"uid": "516801578", "content": "hhhhc"}, {"uid": "516320802", "content": "这还算热乎"}, {"uid": "1231072215", "content": "OHHHHH失踪人口回归"}, {"uid": "488445933", "content": "草，中日语混合还行"}, {"uid": "375560230", "content": "嗷呜嗷呜"}, {"uid": "32210065", "content": "awsl"}, {"uid": "3800738", "content": "不客气，但是买完了【滑稽】"}, {"uid": "434194170", "content": "社死现场"}, {"uid": "4335644", "content": "awsl"}, {"uid": "20812391", "content": "七分钟，出息了"}, {"uid": "344438701", "content": "哈哈哈哈哈"}, {"uid": "47193960", "content": "纯度过高"}, {"uid": "516801578", "content": "哈哈哈哈哈哈哈哈哈哈哈"}, {"uid": "13643857", "content": "卖完了，明天再来吧"}, {"uid": "47193960", "content": "？？？"}, {"uid": "494855526", "content": "声音太小了"}, {"uid": "509696151", "content": "热乎的"}, {"uid": "40407785", "content": "啊啊啊啊啊"}, {"uid": "449206083", "content": "屑污沐"}, {"uid": "34270664", "content": "带耳机。"}, {"uid": "32210065", "content": "sikiski"}, {"uid": "512833641", "content": "还热乎呢"}, {"uid": "40407785", "content": "烫手"}, {"uid": "516801578", "content": "awsl"}, {"uid": "41583316", "content": "啊啊啊啊啊"}, {"uid": "400335421", "content": "?"}, {"uid": "398495933", "content": "工地日语？"}, {"uid": "360320221", "content": "awsl"}, {"uid": "99052537", "content": "好耶"}, {"uid": "40407785", "content": "我没了"}, {"uid": "487375402", "content": "？？？"}]