[{"uid": "349756142", "content": "为什么我会点进来呢，要反思一下"}, {"uid": "507112405", "content": "反思一下为什么自己会点进来"}, {"uid": "402963661", "content": "草哈哈哈哈哈，受不了"}, {"uid": "524875425", "content": "我！是爷！老子就是变态！"}, {"uid": "30433140", "content": "哎呀，我突然就兴奋了"}, {"uid": "237638028", "content": "你们的xp都这么奇怪的嘛（doge）"}, {"uid": "13601080", "content": "这是实时对话？"}, {"uid": "604869665", "content": "我不对劲"}, {"uid": "42864459", "content": "再见 雨音真白 海鲜台也会帮你科普背景故事的"}, {"uid": "475082995", "content": "我在床上扭的像条蛆一样"}, {"uid": "475082995", "content": "你再骂（哀求"}, {"uid": "475082995", "content": "本帅哥吗「doge」"}, {"uid": "400843414", "content": "我讨厌秒懂的生活！！！"}, {"uid": "542044997", "content": "请再来一遍（跪求）"}, {"uid": "617582582", "content": "有点莫名的想笑……这是又遇见傲娇了？差点习惯性的说抱抱……"}, {"uid": "32771318", "content": "v 界 钉 宫 理 惠"}, {"uid": "37513210", "content": "您好，不记得（）"}, {"uid": "468785385", "content": "我啪的一下就进来了，很快啊"}, {"uid": "521866437", "content": "你叫我起床的时候可不是这样"}, {"uid": "96019506", "content": "亲爱的把摄像头关了"}, {"uid": "95734560", "content": "看到这个标题，我啪一下就进来了，好快啊"}, {"uid": "628959270", "content": "真快啊，这么快就十万粉了"}, {"uid": "90310791", "content": "淦，被发现了"}, {"uid": "42222106", "content": "老婆把摄像头拆一下"}, {"uid": "350898998", "content": "老傲娇了"}, {"uid": "34816817", "content": "懂了，这就再点一遍关注给你涨粉【doge】"}, {"uid": "178886668", "content": "谁学了那个“嘿嘿”的（"}, {"uid": "178886668", "content": "只要变态长得可爱也会关注吧（"}, {"uid": "507301564", "content": "你再骂（请求）"}, {"uid": "12754387", "content": "帮大忙了"}, {"uid": "803437305", "content": "啪的一下点进来很快啊"}, {"uid": "282263772", "content": "听不见听不见这么小声还想开军舰"}, {"uid": "33112357", "content": "懂了，马上取关跑路"}, {"uid": "186675440", "content": "在？摄像头拆一下"}, {"uid": "234692918", "content": "笑容逐渐变态"}, {"uid": "456623267", "content": "这么小声也想开军舰"}, {"uid": "87892875", "content": "越来越兴奋了"}, {"uid": "109401785", "content": "搭葛，口头哇路"}, {"uid": "479053030", "content": "遵命，女王大人"}, {"uid": "1844369459", "content": "这下我懂了那三个词的意思。"}, {"uid": "535995349", "content": "车轱辘都扎到我脸上了"}, {"uid": "119549842", "content": "刚吃完新瓜。再见了umo"}, {"uid": "693517403", "content": "你介个不行，看我这个小蓝花，得劲"}, {"uid": "693517403", "content": "没有啊，我在打音游，无人区完事了，转战小蓝花了"}, {"uid": "151503167", "content": "你再骂！"}, {"uid": "149246553", "content": "摄像头拆了谢谢"}, {"uid": "475082995", "content": "但我很兴奋啊"}, {"uid": "475082995", "content": "懂了，这就取关跑路"}, {"uid": "43427634", "content": "好快的车车"}, {"uid": "443655570", "content": "只怕你活不到那个时候"}, {"uid": "426319185", "content": "这个眼神，直接雾枝"}, {"uid": "283445946", "content": "懂了，这就取关"}, {"uid": "351583467", "content": "摄像头拆一下"}, {"uid": "1202072983", "content": "老婆把摄像头拆一下"}, {"uid": "698030663", "content": "我只是来确认一下为何点赞飙升"}, {"uid": "37513210", "content": "白毛丫头人长的俊俏嘴放不干净"}, {"uid": "286090013", "content": "把摄像头拆了"}, {"uid": "16357229", "content": "六小时，迟到了（快骂我"}, {"uid": "492209755", "content": "不，被过膝白袜踩着应该会很舒服"}, {"uid": "96019506", "content": "摄像头拆一下靠"}, {"uid": "244272865", "content": "我特么直接挨骂！"}, {"uid": "403046239", "content": "你再骂（恳求"}, {"uid": "1676977", "content": "你再骂(加大力度)!!"}, {"uid": "247509573", "content": "什么时候装的摄像头？"}, {"uid": "33604087", "content": "忍不了，就别忍，快骂我"}, {"uid": "349656751", "content": "多谢款待~"}, {"uid": "702466514", "content": "看到怒骂，啪一下我就进来了，很快啊"}, {"uid": "12784318", "content": "你再骂（恳求）"}, {"uid": "52045861", "content": "你再骂！（恳求）"}, {"uid": "23234718", "content": "我火速从群里赶来"}, {"uid": "294723825", "content": "力度不够，台词浮躁，声音太小，没有气势，重来！"}, {"uid": "1548184760", "content": "嫖之呼吸，二之行，马上取关"}, {"uid": "451496566", "content": "我是来看阿伟反复去世的"}, {"uid": "524875425", "content": "骂我！使劲骂！"}, {"uid": "513487116", "content": "你挡着我看字幕"}, {"uid": "442998925", "content": "请把摄像头拆一下谢谢老婆"}, {"uid": "514552649", "content": "搭嘎，口头哇路"}, {"uid": "341391619", "content": "DD狂喜"}, {"uid": "456061405", "content": "！！！强手裂颅！！！"}, {"uid": "94803774", "content": "嘿嘿！"}, {"uid": "2066803158", "content": "大卡，口头挖路"}, {"uid": "523243927", "content": "接着来别停（跪求）"}, {"uid": "325719005", "content": "十万了wdm"}, {"uid": "475082995", "content": "没错就是我"}, {"uid": "33567403", "content": "摄像机拆一下，谢谢"}, {"uid": "454308731", "content": "巫沐……被爆破了"}, {"uid": "437381306", "content": "好香啊"}, {"uid": "403088604", "content": "不对劲"}, {"uid": "512880473", "content": "Umo酱没喽"}, {"uid": "697739450", "content": "摄像头拆一下"}, {"uid": "88237687", "content": "三小时 还能热"}, {"uid": "516320802", "content": "多谢款待～"}, {"uid": "516320802", "content": "你再骂（再骂狠一点）"}, {"uid": "352470098", "content": "来了"}, {"uid": "24097963", "content": "请在摄像头里多看几眼"}, {"uid": "82796890", "content": "嘶～"}, {"uid": "182337185", "content": "你再骂（恳求）"}, {"uid": "477211367", "content": "请务必多踩我"}, {"uid": "383118912", "content": "你在吗"}, {"uid": "480226377", "content": "遵命，女王大人！"}, {"uid": "153439832", "content": "最后的笑容i了i了"}, {"uid": "153439832", "content": "声音这么小，还想开军舰?没有气势！"}, {"uid": "441984457", "content": "在？摄像头拆一下"}, {"uid": "507301564", "content": "30分钟"}, {"uid": "397069363", "content": "太兴奋了"}, {"uid": "490799688", "content": "好家伙我直接好家伙"}, {"uid": "454520076", "content": "摄像头拆了"}, {"uid": "20699143", "content": "DNA有反应了"}, {"uid": "33112357", "content": "懂了，马上取关跑路"}, {"uid": "401434701", "content": "很快啊，啪的就点了进来"}, {"uid": "455943502", "content": "哈哈哈，不到10w了"}, {"uid": "1113543", "content": "换个皮套继续吧"}, {"uid": "291529112", "content": "我承认我兴奋啦"}, {"uid": "174872030", "content": "我笑的很扭曲（"}, {"uid": "400335421", "content": "没错，就是你们！"}, {"uid": "237804341", "content": "你可真明白"}, {"uid": "376246346", "content": "嘿嘿嘿，乐在其中"}, {"uid": "431838557", "content": "好耶！"}, {"uid": "434112306", "content": "快乐"}, {"uid": "403271500", "content": "真舒服"}, {"uid": "259180", "content": "好快好快"}, {"uid": "70868281", "content": "摩多摩多哦～"}, {"uid": "492209755", "content": "果断的嘿嘿的两声"}, {"uid": "369693382", "content": "好家伙"}, {"uid": "314325715", "content": "在？摄！拆"}, {"uid": "86038228", "content": "多谢招待"}, {"uid": "350898998", "content": "懂了下次不来了"}, {"uid": "482332508", "content": "被骂的莫名舒服"}, {"uid": "92948708", "content": "我确实笑出来了"}, {"uid": "247509573", "content": "好的老婆～"}, {"uid": "162785191", "content": "在？摄？拆？"}, {"uid": "542368119", "content": "好诶"}, {"uid": "571652286", "content": "37分钟还热乎呢。"}, {"uid": "450272839", "content": "好家伙"}, {"uid": "480287133", "content": "哈哈哈哈哈哈哈哈哈"}, {"uid": "323953409", "content": "没错是我！！！"}, {"uid": "422890031", "content": "ohhhhhhh"}, {"uid": "452547312", "content": "啊，我不行了"}, {"uid": "35190955", "content": "芜湖"}, {"uid": "435991800", "content": "热乎的！"}, {"uid": "269548170", "content": "我会很舒服"}, {"uid": "73861320", "content": "嘿嘿(º﹃º )"}, {"uid": "55396505", "content": "信不信举报一手"}, {"uid": "39607002", "content": "嘿嘿"}, {"uid": "430954389", "content": "啊"}, {"uid": "535995349", "content": "卧槽，牛逼"}, {"uid": "535995349", "content": "不愧是你"}, {"uid": "518668694", "content": "如你所愿"}, {"uid": "94803774", "content": "嘿嘿"}, {"uid": "351690693", "content": "来了"}, {"uid": "269758712", "content": "谢谢夸奖"}, {"uid": "286631110", "content": "嘿嘿"}, {"uid": "161127522", "content": "知道了"}, {"uid": "431838557", "content": "好耶~"}, {"uid": "35478542", "content": "懂了，这就取关。"}, {"uid": "35478542", "content": "熬"}, {"uid": "13493604", "content": "什么?我关注的v还会骂人?好耶"}, {"uid": "627772210", "content": "？嘿嘿"}, {"uid": "496754340", "content": "不说还好这一说我就开始了"}, {"uid": "403271500", "content": "你再骂？"}, {"uid": "38656714", "content": "没错，就是我！"}, {"uid": "37513210", "content": "我确信不是我"}, {"uid": "23092947", "content": "多谢款待"}, {"uid": "445526788", "content": "红豆泥，赛高！!！"}, {"uid": "510098006", "content": "热乎"}, {"uid": "295944918", "content": "热乎的"}, {"uid": "662144", "content": "并没有（震声）"}, {"uid": "2028912171", "content": "懂了，这就去取关"}, {"uid": "346704196", "content": "多谢款待"}, {"uid": "562655486", "content": "烫手"}, {"uid": "349656751", "content": "umo赛高！！！"}, {"uid": "494776675", "content": "多谢款待"}, {"uid": "399229098", "content": "请务必骂我一生"}, {"uid": "422653946", "content": "我好兴奋啊"}, {"uid": "6292524", "content": "热乎乎"}, {"uid": "95656769", "content": "我是第一，一分钟！！"}, {"uid": "36192165", "content": "为啥掉到9.9w了"}, {"uid": "668634401", "content": "awsl"}, {"uid": "93453560", "content": "千本樱好评"}, {"uid": "436047697", "content": "quguan"}, {"uid": "406100581", "content": "巫沐加油！"}, {"uid": "71341394", "content": "冲吧"}, {"uid": "553947305", "content": "？？？？"}, {"uid": "3627897", "content": "10小时减2.2万粉不得了"}, {"uid": "35478542", "content": "我不对劲。"}, {"uid": "23362230", "content": "你再骂！"}, {"uid": "651197789", "content": "这个台词总像在哪里听过"}, {"uid": "92104585", "content": "会很爽"}, {"uid": "475872275", "content": "嘿嘿（"}, {"uid": "516801578", "content": "awsl"}, {"uid": "517574092", "content": "哟西哟西"}, {"uid": "76996595", "content": "嘿嘿嘿嘿嘿"}, {"uid": "478977459", "content": "热乎"}, {"uid": "396933077", "content": "好耶"}, {"uid": "166730839", "content": "我要进来了（"}, {"uid": "86038228", "content": "被踩才好啊"}, {"uid": "524858332", "content": "你再骂你再骂"}, {"uid": "403046239", "content": "好耶！"}, {"uid": "21098678", "content": "嘿嘿嘿嘿（"}, {"uid": "74157095", "content": "捏捏"}, {"uid": "450124879", "content": "我不是我没有"}, {"uid": "160213825", "content": "是我是我，是你老公"}, {"uid": "249596556", "content": "热乎"}, {"uid": "220944363", "content": "啊我好高兴"}, {"uid": "99037803", "content": "ko no wo le da "}, {"uid": "503156489", "content": "热乎"}, {"uid": "266652151", "content": "太爽啦！"}, {"uid": "518150659", "content": "？？？？？"}, {"uid": "441753091", "content": "明白"}, {"uid": "349620798", "content": "热乎的"}, {"uid": "2006823958", "content": "初见，可爱，取关"}, {"uid": "499420581", "content": "awsl"}, {"uid": "656848792", "content": "你再骂！！！"}, {"uid": "400335421", "content": "？？？？？"}, {"uid": "490846439", "content": "千本樱好评！"}, {"uid": "366496731", "content": "嘿嘿"}, {"uid": "34613222", "content": "嘿嘿嘿嘿嘿嘿"}, {"uid": "640618504", "content": "嘿嘿"}, {"uid": "415204781", "content": "好耶"}, {"uid": "1226328847", "content": "懂了取关。"}, {"uid": "679375840", "content": "知道了"}, {"uid": "306327120", "content": "嘿嘿嘿"}, {"uid": "512329734", "content": "嘿嘿"}, {"uid": "437381306", "content": "诶嘿嘿"}, {"uid": "690225465", "content": "懂了这叫取关"}, {"uid": "178445390", "content": "是我了"}, {"uid": "631593815", "content": "热乎"}, {"uid": "495159540", "content": "？？？？？？？？？？"}, {"uid": "500904714", "content": "热乎"}, {"uid": "244272865", "content": "四哈斯哈"}, {"uid": "702849747", "content": "对"}, {"uid": "403046239", "content": "热乎"}, {"uid": "86175667", "content": "热乎"}, {"uid": "96667807", "content": "哈哈哈"}, {"uid": "527133563", "content": "是我啊！！"}, {"uid": "266792882", "content": "爱了"}, {"uid": "543916776", "content": "好的老婆"}, {"uid": "485713812", "content": "热乎"}, {"uid": "12784318", "content": "？？？？？"}, {"uid": "406255966", "content": "九分钟"}, {"uid": "490833153", "content": "热乎"}, {"uid": "551246774", "content": "啊～～"}, {"uid": "456840939", "content": "我来了"}, {"uid": "435726623", "content": "4分钟"}, {"uid": "399229098", "content": "明白了"}, {"uid": "454783859", "content": "嘿嘿嘿嘿嘿"}, {"uid": "151503167", "content": "up主这么爱骂人嘛？取关了"}, {"uid": "501413981", "content": "开学"}, {"uid": "400335421", "content": "哇嘎奈！"}, {"uid": "490846439", "content": "啊，爽"}, {"uid": "215031729", "content": "这就取关 不用谢 瓜够了"}, {"uid": "516320802", "content": "热乎的"}, {"uid": "481232980", "content": "？？"}, {"uid": "526253408", "content": "取关吧，"}, {"uid": "225960410", "content": "根本听不见，这么小声还想骂DD？"}, {"uid": "674636976", "content": "bgm？"}, {"uid": "403271500", "content": "是的"}, {"uid": "403271500", "content": "好的好的"}, {"uid": "512329734", "content": "嘿嘿"}, {"uid": "426920312", "content": "你再骂"}, {"uid": "362714009", "content": "嘿嘿嘿"}, {"uid": "428455696", "content": "热乎"}, {"uid": "66985200", "content": "懂了这就取关"}, {"uid": "556537717", "content": "懂了,这就去取关"}, {"uid": "259272749", "content": "懂了，这就取关"}, {"uid": "400540529", "content": "好耶！"}, {"uid": "235890141", "content": "懂了这就取关"}, {"uid": "494693483", "content": "好耶"}, {"uid": "515088560", "content": "太爽啦"}, {"uid": "297310122", "content": "取关了"}, {"uid": "40407785", "content": "热乎"}, {"uid": "88700247", "content": "哑巴里"}, {"uid": "293747480", "content": "Umo赛高！！！"}, {"uid": "349656751", "content": "好耶！"}, {"uid": "353654983", "content": "awsl"}, {"uid": "13198149", "content": "？？？？？"}, {"uid": "352105834", "content": "正是在下，你的老公（doge）"}, {"uid": "272792913", "content": "舒服"}, {"uid": "483549275", "content": "热乎"}, {"uid": "73861320", "content": "好耶"}, {"uid": "477458038", "content": "恶心"}, {"uid": "651487366", "content": "哇咔哒！"}, {"uid": "1910685899", "content": "你再来一遍"}, {"uid": "360320221", "content": "嘿嘿"}, {"uid": "366496731", "content": "嘿嘿"}, {"uid": "456336352", "content": "你还有脸来？"}, {"uid": "509726608", "content": "是我"}, {"uid": "647141104", "content": "我没有嘿嘿嘿。"}, {"uid": "479990785", "content": "真就迷你乔碧萝呗"}, {"uid": "627724950", "content": "qie！"}, {"uid": "594723085", "content": "懂了这就取关"}, {"uid": "365880285", "content": "就是我"}, {"uid": "87701528", "content": "最高"}, {"uid": "234359814", "content": "热乎"}, {"uid": "621412388", "content": "快？"}, {"uid": "426920312", "content": "请踩我"}, {"uid": "178445390", "content": "好耶"}, {"uid": "191139180", "content": "嘿嘿"}, {"uid": "697739450", "content": "懂王"}, {"uid": "556537717", "content": "你再骂"}, {"uid": "95999697", "content": "草"}, {"uid": "252373", "content": "？？？？"}, {"uid": "123152898", "content": "✓"}, {"uid": "520367146", "content": "烫手"}, {"uid": "359923075", "content": "？？？"}, {"uid": "452868", "content": "懂了 这就取关"}, {"uid": "490799688", "content": "？？？"}, {"uid": "446764834", "content": "好耶"}, {"uid": "1973047143", "content": "你再骂"}, {"uid": "33112357", "content": "热乎"}, {"uid": "21926792", "content": "好的！"}, {"uid": "352105834", "content": "不，我会很舒服"}, {"uid": "346054531", "content": "四分钟！"}, {"uid": "345541766", "content": "懂了这就取关"}, {"uid": "268646417", "content": "是我"}, {"uid": "438186316", "content": "好耶！您在骂！（恳求）[doge][doge][doge]​"}, {"uid": "205646658", "content": "嘿嘿"}, {"uid": "693517403", "content": "懂了，这就取关"}, {"uid": "114103542", "content": "害怕"}, {"uid": "348062555", "content": "嘿嘿"}, {"uid": "490024397", "content": "啊这"}, {"uid": "490024397", "content": "好耶"}, {"uid": "360320221", "content": "嘿嘿"}, {"uid": "19965098", "content": "取关了"}, {"uid": "35478542", "content": "好耶"}, {"uid": "511625834", "content": "嘿嘿"}, {"uid": "1779702969", "content": "嘿嘿"}, {"uid": "678837143", "content": " 正是如此"}, {"uid": "87701528", "content": "好耶"}, {"uid": "357109178", "content": "好的"}, {"uid": "502859732", "content": "阿伟死了"}, {"uid": "426920312", "content": "？？？"}, {"uid": "426920312", "content": "awsl"}, {"uid": "489601966", "content": "热乎"}, {"uid": "99225674", "content": "取关"}, {"uid": "252511269", "content": "热乎的！"}, {"uid": "481300981", "content": "热乎"}, {"uid": "497127251", "content": "热乎"}, {"uid": "95157820", "content": "好！"}, {"uid": "293747480", "content": "确实"}, {"uid": "353654983", "content": "踩我"}, {"uid": "518150659", "content": "？？？？"}, {"uid": "62882127", "content": "我没笑，真的"}, {"uid": "352105834", "content": "老婆摄像头拆了"}, {"uid": "352105834", "content": "你再骂！（跪求）"}, {"uid": "475082995", "content": "你们不会真取关了吧……"}, {"uid": "43681035", "content": "？？？？？？？？？？？？？？？？？？？？？？？？？？？？？？？？？？？？？？？？？？？？？？？？？？？？？？？"}]