[{"uid": "37431436", "content": "业 界 传 统"}, {"uid": "432284566", "content": "露出了（）般的笑容"}, {"uid": "636003408", "content": "失踪人口回归"}, {"uid": "341391619", "content": "巫沐也整这个了！哈哈"}, {"uid": "454266357", "content": "好耶"}, {"uid": "432703901", "content": "等了你好久啊"}, {"uid": "400403461", "content": "这。。。原唱？"}, {"uid": "543983314", "content": "好耶！"}, {"uid": "543983314", "content": "失踪人口回归！"}, {"uid": "402527939", "content": "慢慢回来，我们支持你"}, {"uid": "31002564", "content": "要不是更新我都忘了我关注了这个该“该死”的女人"}, {"uid": "496148186", "content": "突然想吃人了怎么办"}, {"uid": "258726587", "content": "一个小时 热乎的"}, {"uid": "495384937", "content": "痴汉似的笑容情不自禁地出来了"}, {"uid": "396807673", "content": "啊啊啊啊啊"}, {"uid": "472307897", "content": "又一位vtb加入抠牙大队（狗头）"}, {"uid": "174939891", "content": "上面说互联网没有记忆的，你什么意思"}, {"uid": "498092170", "content": "热乎"}, {"uid": "517277353", "content": "失踪人口回归"}, {"uid": "2105315672", "content": "好耶！"}, {"uid": "40407785", "content": "终于回来了"}, {"uid": "517652619", "content": "失踪人口回归"}, {"uid": "83619922", "content": "4分钟"}, {"uid": "342776407", "content": "好耶"}, {"uid": "495384937", "content": "我露出了ch"}, {"uid": "149205732", "content": "奶味十足"}, {"uid": "11774475", "content": "太可爱了"}, {"uid": "403046239", "content": "嗨，老婆"}, {"uid": "28631165", "content": "热乎～"}, {"uid": "400706413", "content": "好耶！"}, {"uid": "636003408", "content": "好耶"}, {"uid": "646560752", "content": "好耶"}, {"uid": "96019506", "content": "好耶"}, {"uid": "419100807", "content": "烫手"}, {"uid": "34110508", "content": "好耶"}, {"uid": "402963661", "content": "互联网没有记忆，，，，，"}, {"uid": "40407785", "content": "好耶"}, {"uid": "496597597", "content": "九分钟，烫死了"}, {"uid": "50981571", "content": "好耶"}, {"uid": "104667268", "content": "awsl"}, {"uid": "245183892", "content": "好耶"}, {"uid": "450263956", "content": "热乎"}, {"uid": "442365464", "content": "1分钟热乎"}, {"uid": "1549234830", "content": "一分钟，好耶！"}, {"uid": "519919125", "content": "每个V必整的活"}, {"uid": "516801578", "content": "ohhhhhhh"}, {"uid": "432284566", "content": "好诶"}, {"uid": "248596729", "content": "kksk"}, {"uid": "39616261", "content": "awsl"}, {"uid": "307992580", "content": "好耶"}, {"uid": "2881638", "content": "可爱"}, {"uid": "21081157", "content": "棒棒棒"}, {"uid": "32368526", "content": "好耶"}, {"uid": "95807716", "content": "好耶！"}, {"uid": "516280194", "content": "烫"}, {"uid": "25788923", "content": "kksk"}, {"uid": "350811936", "content": "好耶！！！！！！"}, {"uid": "41387551", "content": "来晚了，淦"}, {"uid": "297241401", "content": "好耶"}, {"uid": "623733969", "content": "好棒"}, {"uid": "34019162", "content": "好耶"}, {"uid": "343391108", "content": "好耶"}, {"uid": "28662020", "content": "kksk"}, {"uid": "543916776", "content": "好听"}, {"uid": "24920316", "content": "好耶"}, {"uid": "516320802", "content": "真热乎"}, {"uid": "407052999", "content": "好耶！"}, {"uid": "40407785", "content": "热乎"}, {"uid": "642747505", "content": "老婆呜呜呜呜"}, {"uid": "326046966", "content": "热乎"}, {"uid": "454422079", "content": "好耶"}, {"uid": "108860450", "content": "好耶！"}, {"uid": "516320802", "content": "好耶！"}, {"uid": "637854501", "content": "24分钟，热乎"}, {"uid": "501494794", "content": "好耶"}, {"uid": "636003408", "content": "好耶"}, {"uid": "327184652", "content": "好耶"}, {"uid": "285752223", "content": "热乎"}, {"uid": "635883802", "content": "好耶"}]