[{"uid": "1844369459", "content": "巫女在日本是被视为侍奉神名的高洁的存在。所以禁止结婚是为了保持呃什么贞洁。"}, {"uid": "34179798", "content": "不是，你们平时都看的吗？"}, {"uid": "515141436", "content": "奇怪的巫女增加了"}, {"uid": "604869665", "content": "原来我们都是变态"}, {"uid": "650321707", "content": "我们都是小怪兽"}, {"uid": "27817170", "content": "你是否有很多问号"}, {"uid": "450599242", "content": "好家伙，我也是触手怪，班里同学有俩捆绑怪"}, {"uid": "151184150", "content": "加入我们（bushi）"}, {"uid": "103872302", "content": "很遗憾以这种方式认识你"}, {"uid": "272038446", "content": "不是，你们平时都不看的吗？（doge）"}, {"uid": "87126373", "content": "《我 也 很 想 要》"}, {"uid": "53128870", "content": "好家伙我怎么变色了"}, {"uid": "39703771", "content": "你有信心帮我穿好巫女服吗（bushi）"}, {"uid": "470685877", "content": "［你们平时都不看的吗］"}, {"uid": "590645440", "content": "同 性 相 吸"}, {"uid": "12784318", "content": "你的XP系统暴露了"}, {"uid": "21391540", "content": "相互吸引的变态"}, {"uid": "11568073", "content": "好家伙，我直接好家伙"}, {"uid": "156206474", "content": "今天就去把所有神社给拆了"}, {"uid": "362180503", "content": "没有。。我们学校另一个变态和我同性相斥"}, {"uid": "52113160", "content": "你为什么这么熟练啊"}, {"uid": "12754387", "content": "摊牌了，给个链接（）"}, {"uid": "498104396", "content": "《单挑》or《群殴》"}, {"uid": "498104396", "content": "读书人的事怎么能说是变态呢"}, {"uid": "415408541", "content": "《单挑》"}, {"uid": "415408541", "content": "《懂王》"}, {"uid": "415408541", "content": "《我看我自己》"}, {"uid": "415408541", "content": "变态竟是我自己"}, {"uid": "415408541", "content": "《诚实》"}, {"uid": "14689729", "content": "绅士间的事怎么能算变态你"}, {"uid": "435912569", "content": "你终于发现了"}, {"uid": "178886668", "content": "只要喜欢，即使长的可爱我也变态"}, {"uid": "178886668", "content": "（很高兴以这种方式认识你"}, {"uid": "178886668", "content": "不算，加入我们吧（"}, {"uid": "294611633", "content": "好家伙我也喜欢触手"}, {"uid": "90371281", "content": "你好懂啊"}, {"uid": "90371281", "content": "变态竟是我自己"}, {"uid": "391476749", "content": "少女你真是好懂啊～"}, {"uid": "516801578", "content": "？？？不愧是你"}, {"uid": "516801578", "content": "你在骂！（恳求）"}, {"uid": "589746006", "content": "原产地的女孩子能不懂吗？（doge）"}, {"uid": "160213825", "content": "一起看一起看，高呼：好耶"}, {"uid": "489719587", "content": "只要长得可爱，即使是变态我也喜欢"}, {"uid": "95803238", "content": "草，她好懂"}, {"uid": "438030211", "content": "lsp实锤了！！！！"}, {"uid": "507228917", "content": "炸神社！！！"}, {"uid": "76996595", "content": "不要暴露我的xp（✓）"}, {"uid": "26068454", "content": "不清楚了（悲）"}, {"uid": "294242309", "content": "秘密（xp"}, {"uid": "451585840", "content": "开屏雷击"}, {"uid": "407386989", "content": "lsp，投缘"}, {"uid": "52707308", "content": "你在骂（恳求）"}, {"uid": "54065087", "content": "你们平时都不看的吗"}, {"uid": "54065087", "content": "不是，你们平时都不看的吗？"}, {"uid": "452253547", "content": "纱雾点了个赞"}, {"uid": "285860389", "content": "二十九分钟，热的"}, {"uid": "514615889", "content": "首尾呼应"}, {"uid": "514615889", "content": "好家伙，不愧是你"}, {"uid": "84050920", "content": "来了来了，热乎的"}, {"uid": "295356284", "content": "同类相互吸引"}, {"uid": "102836833", "content": "《物以类聚人以群分》"}, {"uid": "400530195", "content": "评论炸了 hhhhhh↓"}, {"uid": "412423149", "content": "中文说的比我还溜我裂开"}, {"uid": "364457508", "content": "帮穿巫女服真秀啊"}, {"uid": "34179798", "content": "卧槽，这个很强"}, {"uid": "27817170", "content": "突然沉默了"}, {"uid": "2023281789", "content": "我 涩 我 自 己"}, {"uid": "204392825", "content": "巫沐的中文真的好好听啊！"}, {"uid": "166409227", "content": "我直接好家伙"}, {"uid": "131652679", "content": "《你们不看的吗》"}, {"uid": "299528736", "content": "变态竟是我自己！"}, {"uid": "498104396", "content": "不不不，我们很成实"}, {"uid": "415408541", "content": "俺也一样"}, {"uid": "277703283", "content": "在画了在画了"}, {"uid": "435912569", "content": "有资源吗？借我点？"}, {"uid": "26206768", "content": "岚宝哈哈哈哈"}, {"uid": "544622314", "content": "等等啊 JM在画了"}, {"uid": "178886668", "content": "你们平时都不看的吗？"}, {"uid": "160213825", "content": "xp就直说嘛"}, {"uid": "513734188", "content": "好家伙"}, {"uid": "97927920", "content": "老新月了↑"}, {"uid": "362096305", "content": "物以类聚"}, {"uid": "24477095", "content": "好家伙，我就喜欢你诚实的样子"}, {"uid": "353008225", "content": "《工口》"}, {"uid": "76996595", "content": "你好懂哦"}, {"uid": "520688508", "content": "走！炸神社！现在！"}, {"uid": "4221788", "content": "虎狼之词"}, {"uid": "24425469", "content": "变态是会互相吸引的"}, {"uid": "2060148516", "content": "污沫实锤了"}, {"uid": "415353145", "content": "你们平时都不看的吗.jpg"}, {"uid": "475359216", "content": "画师，给你三天时间"}, {"uid": "154517586", "content": "当然.JPG"}, {"uid": "42864459", "content": "她实在太懂了"}, {"uid": "42864459", "content": "因为替身使者会互相吸引阿（震声）"}, {"uid": "36822562", "content": "操作系统暴露了"}, {"uid": "13186164", "content": "虎狼之词"}, {"uid": "470720431", "content": "果然，物以类聚人以群分"}, {"uid": "440882951", "content": "现在就去画【doge】"}, {"uid": "693995480", "content": "lsp实锤了"}, {"uid": "33327221", "content": "你们平时都不看的吗.jpg"}, {"uid": "23188758", "content": "因为直男喜欢直男"}, {"uid": "472302689", "content": "兄弟我和你一起裂↑"}, {"uid": "622974804", "content": "好家伙"}, {"uid": "678541014", "content": "在点开这个视频之前就在………"}, {"uid": "513740420", "content": "替身使者是会相互吸引的"}, {"uid": "391388482", "content": "变态是会互相吸引的（）"}, {"uid": "142336432", "content": "开幕雷击"}, {"uid": "341836055", "content": "OHHHHH"}, {"uid": "1844369459", "content": "这还不简单，请一个画师来画你的虚拟人物，然后自己想。"}, {"uid": "413349356", "content": "你有信心帮我穿好巫女服吗"}, {"uid": "456675716", "content": "我没有，你不要乱说"}, {"uid": "437797525", "content": "我纯爱战士不服"}, {"uid": "18745037", "content": "变态竟是我自己"}, {"uid": "543983314", "content": "好家伙(✪▽✪)"}, {"uid": "35534076", "content": "一起一起"}, {"uid": "375234221", "content": "回复术士（滑稽）"}, {"uid": "53128870", "content": "人  以  群  分"}, {"uid": "414766658", "content": "互相吸引"}, {"uid": "591295375", "content": "中门对狙"}, {"uid": "299528736", "content": "xp系统"}, {"uid": "319420450", "content": "好取！！！"}, {"uid": "31298127", "content": "好家伙，一起看啊"}, {"uid": "396944495", "content": "快去画"}, {"uid": "22890496", "content": "开屏雷击"}, {"uid": "365825874", "content": "ohhhhhhhhhhhhh"}, {"uid": "516801578", "content": "哎嘿嘿～"}, {"uid": "35026748", "content": "不 需 要"}, {"uid": "15006874", "content": "她太会了"}, {"uid": "493759493", "content": "好家伙"}, {"uid": "107701938", "content": "好家伙"}, {"uid": "524858332", "content": "变态竟在我身边"}, {"uid": "283683895", "content": "在画了在画了"}, {"uid": "43763017", "content": "有的话，请给我一份"}, {"uid": "7243799", "content": "因为变态会互相吸引"}, {"uid": "12858483", "content": "umo佬，我们来交流一下学习资料？"}, {"uid": "529789940", "content": "是真的好懂 总是开车"}, {"uid": "221627915", "content": "岚姐表示很淦"}, {"uid": "29757012", "content": "马上去画"}, {"uid": "443233657", "content": "我不是，我没有，你别乱说。"}, {"uid": "42864459", "content": "大家好  我看过 男主是我"}, {"uid": "405168981", "content": "车车车"}, {"uid": "327578277", "content": "好家伙，还有我，等等我^"}, {"uid": "510098006", "content": "真巧，我们结婚吧"}, {"uid": "26748037", "content": "懂了，这就去画"}, {"uid": "45512609", "content": "她太懂了"}, {"uid": "337380641", "content": "一小时，还热乎"}, {"uid": "394807159", "content": "巫沐是混血"}, {"uid": "175451056", "content": "相互吸引"}, {"uid": "637513018", "content": "又开车了"}, {"uid": "31872804", "content": "因为替身使者会相互吸引（bushi"}, {"uid": "109406832", "content": "大胆承认"}, {"uid": "520688508", "content": "白毛，巫女，司机，触手，都戳xp了呗"}, {"uid": "385018521", "content": "我直呼内行"}, {"uid": "471430096", "content": "虎狼之词"}, {"uid": "161139728", "content": "现场捕捉LSP"}, {"uid": "294091933", "content": "果然是变态"}, {"uid": "299306492", "content": "个人比较喜欢特摄"}, {"uid": "609056851", "content": "兄弟们等到她不做巫女"}, {"uid": "441631508", "content": "我不做巫女了，DD"}, {"uid": "19512630", "content": "我也看，我和umo贴贴"}, {"uid": "453254892", "content": "乌拉乌拉乌拉乌拉乌拉"}, {"uid": "630689963", "content": "秘密（xp)"}, {"uid": "610244825", "content": "ohhhhhhhhhh"}, {"uid": "13611883", "content": "这么懂的吗？？？？"}, {"uid": "363380857", "content": "我们是想看，找不到"}, {"uid": "125301092", "content": "o h h h h h h h h h h h"}, {"uid": "26206768", "content": "好家伙"}, {"uid": "435912569", "content": "好家伙"}, {"uid": "499270274", "content": "变态会互相吸引"}, {"uid": "516801578", "content": "打咩"}, {"uid": "489056924", "content": "好家伙"}, {"uid": "378902483", "content": "握草"}, {"uid": "387749079", "content": "她太懂哦"}, {"uid": "453984782", "content": "好家伙"}, {"uid": "281283000", "content": "妙啊"}, {"uid": "516320802", "content": "哈哈哈哈哈"}, {"uid": "42243976", "content": "偶尔看（doge）"}, {"uid": "26497201", "content": "你们平时都不看的吗"}, {"uid": "97153974", "content": "全彩安排一下"}, {"uid": "221921343", "content": "好家伙"}, {"uid": "508132295", "content": "不是，你们平时都不看的吗？"}, {"uid": "28345164", "content": "最近的V都怎么回事？"}, {"uid": "398876447", "content": "？？？？？"}, {"uid": "398876447", "content": "虎狼之词"}, {"uid": "14074578", "content": "太会了"}, {"uid": "422488931", "content": "通电导线电流同向相吸异性相斥"}, {"uid": "417095051", "content": "懒宝圣经已经传到这了吗"}, {"uid": "405168981", "content": "太草了"}, {"uid": "382008718", "content": "lsp了"}, {"uid": "183778903", "content": "收到！马上画！"}, {"uid": "407386989", "content": "爷i了"}, {"uid": "114355584", "content": "请务必这样做"}, {"uid": "262124547", "content": "涩巫女"}, {"uid": "349656751", "content": "好家伙"}, {"uid": "59168251", "content": "哎嘿，得囊哒呦！"}, {"uid": "362089549", "content": "诶嘿得囊哒哟！！！"}, {"uid": "21098678", "content": "Umo佬，有资源吗（"}, {"uid": "301817033", "content": "中日混血"}, {"uid": "514615889", "content": "收回片头"}, {"uid": "471430096", "content": "好家伙，我直接好家伙"}, {"uid": "100364202", "content": "好家伙，我直呼内行"}, {"uid": "418079206", "content": "热乎的"}, {"uid": "515141436", "content": "我直接打出三个问号"}, {"uid": "651487366", "content": "好家伙"}, {"uid": "500508392", "content": "在画了在画了"}, {"uid": "27817170", "content": "暴露了"}, {"uid": "470685877", "content": "［看了起码我们会关］↑"}, {"uid": "414766658", "content": "？？？？？？？？？？？？？"}, {"uid": "414766658", "content": "好"}, {"uid": "14069248", "content": "同极相吸的重修物理"}, {"uid": "448085974", "content": "BGM奔向黑夜好评"}, {"uid": "694865872", "content": "击剑"}, {"uid": "396186038", "content": "现在看的兄弟请发一"}, {"uid": "144884913", "content": "???"}, {"uid": "16012709", "content": "好家伙"}, {"uid": "160213825", "content": "我们都不是什么好人"}, {"uid": "503695791", "content": "我不做人了"}, {"uid": "339823247", "content": "诶嘿是什么意思啊？"}, {"uid": "76754116", "content": "不是，你们平时都不看的吗？"}, {"uid": "273668991", "content": "你们平时都不看这些的吗？"}, {"uid": "548912748", "content": "直接承认啊"}, {"uid": "387749079", "content": "关注了"}, {"uid": "230120882", "content": "好家伙"}, {"uid": "50650670", "content": "中文好好"}, {"uid": "92844553", "content": "最高指令"}, {"uid": "221921343", "content": "好家伙"}, {"uid": "221921343", "content": "好家伙"}, {"uid": "249596556", "content": "你们平时都不看的吗"}, {"uid": "418055326", "content": "你好懂啊"}, {"uid": "398876447", "content": "？？？？？"}, {"uid": "629703582", "content": "hhhhhhhhhhh"}, {"uid": "29171756", "content": "？？？？？？"}, {"uid": "285880906", "content": "好家伙"}, {"uid": "1445067125", "content": "我还是白色的吗"}, {"uid": "518628406", "content": "？？？？？？？？？"}, {"uid": "271186036", "content": "不是，你们平时都不看的吗？"}, {"uid": "554865869", "content": "物以类聚"}, {"uid": "45512609", "content": "lsp了"}, {"uid": "96804868", "content": "我是真的不看，我玩黄油"}, {"uid": "367964253", "content": "！！！！！！！！！"}, {"uid": "622974804", "content": "算！"}, {"uid": "301817033", "content": "这只是涩"}, {"uid": "299306492", "content": "和喜剧番"}, {"uid": "361102593", "content": "没没没，我没有"}, {"uid": "456224802", "content": "好烫"}, {"uid": "406100581", "content": "巫沐加油！"}, {"uid": "400335421", "content": "好家伙"}, {"uid": "543983314", "content": "爱了爱了"}, {"uid": "44026997", "content": "不是，你们平时都不看的吗？"}, {"uid": "702802484", "content": "好家伙"}, {"uid": "306436872", "content": "有意思"}, {"uid": "306436872", "content": "好家伙"}, {"uid": "1910685899", "content": "~\\(≧▽≦)/~"}, {"uid": "414766658", "content": "快去画！"}, {"uid": "414766658", "content": "好家伙"}, {"uid": "414766658", "content": "好耶！"}, {"uid": "443379223", "content": "？"}, {"uid": "403458229", "content": "好家伙"}, {"uid": "21098678", "content": "不清楚了？她清楚过吗"}, {"uid": "99094467", "content": "好家伙"}, {"uid": "499270274", "content": "你好懂啊"}, {"uid": "489056924", "content": "不承认"}, {"uid": "458089704", "content": "诶嘿得难打哟"}, {"uid": "240852279", "content": "好家伙"}, {"uid": "93843989", "content": "好家伙"}, {"uid": "50650670", "content": "好家伙"}, {"uid": "104111001", "content": "？？"}, {"uid": "68003151", "content": "组团买神社"}, {"uid": "512429105", "content": "四群报告"}, {"uid": "408182540", "content": "我没看过，是真的"}, {"uid": "442940916", "content": "我承认"}, {"uid": "249596556", "content": "好家伙"}, {"uid": "508132295", "content": "不是，你们平时都不看的吗？"}, {"uid": "398876447", "content": "HHHHHHH"}, {"uid": "204534115", "content": "最高指令 "}, {"uid": "631365638", "content": "xp"}, {"uid": "386395030", "content": "同性相吸"}, {"uid": "9239056", "content": "草！"}, {"uid": "200627809", "content": "变态会相互吸引"}, {"uid": "172906565", "content": "1小时，热乎"}, {"uid": "54065087", "content": "xp"}, {"uid": "510098006", "content": "挺热乎的"}, {"uid": "204392825", "content": "说中文好好听"}, {"uid": "34871965", "content": "？？？？？？？"}, {"uid": "197471427", "content": "别胡说我没有"}, {"uid": "660205124", "content": "60分钟"}, {"uid": "262124547", "content": "笑出声来"}, {"uid": "262124547", "content": "心虚了"}, {"uid": "404468286", "content": "？"}, {"uid": "4661588", "content": "lsp里"}, {"uid": "406077315", "content": "物以类聚"}, {"uid": "21986882", "content": "当然是因为Umo非常可爱啊！"}, {"uid": "419569431", "content": "？？？i了"}, {"uid": "305617742", "content": "。"}, {"uid": "97167955", "content": "你们难道不看的吗"}, {"uid": "96132793", "content": "hso"}, {"uid": "21098678", "content": "污沐lsp了"}, {"uid": "173824757", "content": "三分钟热乎"}, {"uid": "620414263", "content": "3分钟，热乎"}, {"uid": "397875382", "content": "不愧是污沐沐"}, {"uid": "27817170", "content": "……？……"}, {"uid": "474169441", "content": "好家伙"}, {"uid": "470410664", "content": "一起看"}, {"uid": "470410664", "content": "草"}, {"uid": "21098678", "content": "你應該自己思考一下"}, {"uid": "12784318", "content": "？？？？？"}, {"uid": "121180469", "content": "好家伙"}, {"uid": "1293905", "content": "?"}, {"uid": "308865038", "content": "不是，你们都不看的吗"}, {"uid": "441968013", "content": "？"}, {"uid": "12339767", "content": "好家伙"}, {"uid": "323953409", "content": "？？？？？？？？"}, {"uid": "323953409", "content": "？？？？？？？"}, {"uid": "52113160", "content": "啊这"}, {"uid": "31298127", "content": "俺也一样"}, {"uid": "224615984", "content": "xp"}, {"uid": "435912569", "content": "草"}, {"uid": "499270274", "content": "？？？？？？？？"}, {"uid": "10400190", "content": "也"}, {"uid": "516801578", "content": "好"}, {"uid": "489056924", "content": "但是"}, {"uid": "121493", "content": "好家伙"}, {"uid": "74456062", "content": "岚言岚语"}, {"uid": "1779702969", "content": "嘿嘿嘿"}, {"uid": "493759493", "content": "？？？"}, {"uid": "686733082", "content": "？"}, {"uid": "686733082", "content": "你们平时不看的"}, {"uid": "170589272", "content": "好家伙"}, {"uid": "104111001", "content": "？？？？？？"}, {"uid": "364819085", "content": "sai de"}, {"uid": "494855526", "content": "是四群"}, {"uid": "42864459", "content": "日本也用xp系统么"}, {"uid": "433857665", "content": "？"}, {"uid": "244272865", "content": "？开始了"}, {"uid": "26748037", "content": "lsp"}, {"uid": "440882951", "content": "sp是sphantai是hantai"}, {"uid": "470720431", "content": "物以类聚人以群分"}, {"uid": "174002433", "content": "xp"}, {"uid": "506426726", "content": "妥妥的BT"}, {"uid": "309425785", "content": "确实"}, {"uid": "660109658", "content": "i了i了"}, {"uid": "660109658", "content": "淦"}, {"uid": "520688508", "content": "啊这"}, {"uid": "630491414", "content": "关上30分钟的大门 "}, {"uid": "512269441", "content": "不应该是xp吗"}, {"uid": "280434127", "content": "诶嘿～"}, {"uid": "620414263", "content": "好家伙！"}, {"uid": "527550316", "content": "好耶"}, {"uid": "527550316", "content": "好耶"}, {"uid": "422653946", "content": "好耶"}, {"uid": "19512630", "content": "好耶"}, {"uid": "19512630", "content": "好耶"}, {"uid": "34006252", "content": "可惜我真的不看"}, {"uid": "12784318", "content": "好家伙"}, {"uid": "12784318", "content": "草"}, {"uid": "8823724", "content": "好家伙"}, {"uid": "131652679", "content": "白毛，巫女，色，suki"}, {"uid": "93571606", "content": "?！"}, {"uid": "33537734", "content": "?"}, {"uid": "694865872", "content": "钢板"}, {"uid": "178886668", "content": "大家好，我叫李帆"}, {"uid": "144884913", "content": "好家伙"}, {"uid": "29436466", "content": "？？？？"}, {"uid": "16012709", "content": "？？？"}, {"uid": "516801578", "content": "hhhhh"}, {"uid": "523020035", "content": "好家伙。"}, {"uid": "328924201", "content": "哎嘿是什么意思啊"}, {"uid": "19154064", "content": "草"}, {"uid": "548912748", "content": "完全不算吧？"}, {"uid": "37989306", "content": "不是？你们都不看的吗？"}, {"uid": "686733082", "content": "xp"}, {"uid": "686733082", "content": "？"}, {"uid": "252373", "content": "???"}, {"uid": "313654126", "content": "不看的"}, {"uid": "651197789", "content": "看了看了"}, {"uid": "12858483", "content": "好耶"}, {"uid": "471099310", "content": "好耶"}, {"uid": "95157820", "content": "巫沐是日本人还是中国人哇"}, {"uid": "1730240", "content": "那太棒了"}, {"uid": "161750360", "content": "？？？？"}, {"uid": "289978623", "content": "好"}, {"uid": "621612267", "content": "什么东西-_-||"}, {"uid": "8857368", "content": "？"}, {"uid": "16220692", "content": "好家伙"}, {"uid": "114355584", "content": "emm"}, {"uid": "507301564", "content": "1小时，还热乎"}, {"uid": "37058053", "content": "？？？？"}, {"uid": "678541014", "content": "→_→"}, {"uid": "30015006", "content": "好家伙"}, {"uid": "481091257", "content": "诶嘿是什么意思"}, {"uid": "245120202", "content": "你在骂！"}, {"uid": "441899208", "content": "因为你也haitai"}, {"uid": "418079206", "content": "加一"}, {"uid": "338459182", "content": "哈子卡西"}, {"uid": "353314443", "content": "1"}, {"uid": "2023281789", "content": "？？？？？"}, {"uid": "470410664", "content": "草"}, {"uid": "470410664", "content": "草"}, {"uid": "11066945", "content": "？？？？"}, {"uid": "109166336", "content": "？？？"}, {"uid": "632033228", "content": "hjh"}, {"uid": "27964422", "content": "qs"}, {"uid": "414766658", "content": "gkd"}, {"uid": "441968013", "content": "？"}, {"uid": "25132620", "content": "！"}, {"uid": "694865872", "content": "草"}, {"uid": "442006345", "content": "？"}, {"uid": "5369936", "content": "加油"}, {"uid": "435912569", "content": "触手？这个我还挺讨厌的"}, {"uid": "499270274", "content": "？？？？"}, {"uid": "414259155", "content": "没看过"}, {"uid": "516801578", "content": "？？"}, {"uid": "354557996", "content": "草"}, {"uid": "93843989", "content": "好"}, {"uid": "686733082", "content": "？"}, {"uid": "306327120", "content": "算！"}, {"uid": "20221797", "content": "？？"}, {"uid": "431838557", "content": "?????"}, {"uid": "20492964", "content": "不算"}, {"uid": "94034536", "content": "不是你们都不看的吗"}, {"uid": "507228917", "content": "？？？"}, {"uid": "428404476", "content": "直播弹幕一群人求骂。。。。"}, {"uid": "2068804", "content": "？？？"}, {"uid": "3377326", "content": "？？"}, {"uid": "29757012", "content": "？？"}, {"uid": "269063879", "content": "？？？"}, {"uid": "9239056", "content": "草"}, {"uid": "405168981", "content": "诶嘿"}, {"uid": "42864459", "content": "在座喜欢看umo的都是（     ）"}, {"uid": "167440326", "content": "hso"}, {"uid": "180336215", "content": "不真的没看过"}, {"uid": "102060175", "content": "你也是"}, {"uid": "34871965", "content": "？？？"}, {"uid": "115095728", "content": "同向相吸"}, {"uid": "404468286", "content": "？？？"}, {"uid": "688886552", "content": "好"}, {"uid": "47249090", "content": "？"}, {"uid": "364680920", "content": "？？"}, {"uid": "439075911", "content": "热乎"}, {"uid": "331820154", "content": "没没没"}, {"uid": "352105834", "content": "并没有我老诚实了我一直都在看"}, {"uid": "543774033", "content": "我也是"}, {"uid": "372313289", "content": "???"}, {"uid": "124288766", "content": "好耶"}, {"uid": "366075371", "content": "算"}, {"uid": "33059819", "content": "？？？？"}, {"uid": "13775854", "content": "不看"}, {"uid": "165458554", "content": "草"}, {"uid": "473548112", "content": "？？？"}, {"uid": "11442584", "content": "？"}, {"uid": "498104396", "content": "因为同极相吸，臭味相投，物以类聚，人以群分"}, {"uid": "224615984", "content": "好耶"}, {"uid": "489056924", "content": "？？？"}, {"uid": "13829671", "content": "？？？"}, {"uid": "193309918", "content": "？"}, {"uid": "20221797", "content": "???"}, {"uid": "354370691", "content": "巫沐是变态，我也是变态，巫沐和变态贴贴"}, {"uid": "251500465", "content": "不懂就问，单挑指什么？solo？"}, {"uid": "1656299675", "content": "也"}, {"uid": "95803238", "content": "戳xp了，全部"}, {"uid": "206673999", "content": "？"}, {"uid": "192306821", "content": "nb"}, {"uid": "418055326", "content": "？"}, {"uid": "432101185", "content": "要全彩的"}, {"uid": "490603349", "content": "HHHHHHHHHHHHHHHHHHHHHH"}, {"uid": "390128428", "content": "？？？？"}, {"uid": "693995480", "content": "哈"}, {"uid": "441382060", "content": "好的"}, {"uid": "309425785", "content": "？"}, {"uid": "309425785", "content": "gkd"}, {"uid": "353893138", "content": "？"}, {"uid": "249133983", "content": "？？？？"}, {"uid": "506925078", "content": "？"}, {"uid": "521213340", "content": "看奥特曼算吗"}, {"uid": "409518631", "content": "热乎的"}, {"uid": "620414263", "content": "卡哇咿"}, {"uid": "256369522", "content": "我也喜欢触手，我和触手贴贴，你们和umo贴贴"}, {"uid": "631613030", "content": "不是，你们平常都不看的吗?"}, {"uid": "28345164", "content": "？？？？？？？？？？？？？？？？？？？？？？"}, {"uid": "154517586", "content": "本本本本本本本本本本本本本本本本本"}, {"uid": "1404358990", "content": "啊这？？？？？？？？？？？？？"}, {"uid": "77881647", "content": "这真的是日本人吗"}]