[{"uid": "451291873", "content": "各位岳父小婿有礼了."}, {"uid": "499179187", "content": "诶，女儿！"}, {"uid": "58296249", "content": "你再骂（恳求）"}, {"uid": "284109669", "content": "请尽情的骂我！"}, {"uid": "16073397", "content": "我从未见过如此厚颜无耻之人！"}, {"uid": "2066803158", "content": "你再骂！（求）"}, {"uid": "516320802", "content": "各位岳父好"}, {"uid": "516320802", "content": "你在骂（恳求"}, {"uid": "174939891", "content": "提前说一句开头见"}, {"uid": "28792946", "content": "哈哈哈哈  摩多摩多哒"}, {"uid": "123387020", "content": "啊，斯国一"}, {"uid": "157315244", "content": "你好我亲爱的女儿"}, {"uid": "453902590", "content": "哎，我亲爱的女儿"}, {"uid": "224730802", "content": "这眼神不错，挺可爱的"}, {"uid": "19241524", "content": "味太冲了"}, {"uid": "1368845705", "content": "你脸红个泡泡茶壶"}, {"uid": "526336454", "content": "好兴奋呀"}, {"uid": "91449533", "content": "嘴瓢了"}, {"uid": "73861320", "content": "酥死了"}, {"uid": "437885482", "content": "热乎"}, {"uid": "482265948", "content": "嘴瓢了啊"}, {"uid": "516801578", "content": "你再骂！"}, {"uid": "23362230", "content": "你再骂！"}, {"uid": "434194170", "content": "继续，我喜欢"}, {"uid": "434194170", "content": "继续，我喜欢"}, {"uid": "92648607", "content": "这味太冲了"}, {"uid": "37628238", "content": "巴巴爸爸吧"}, {"uid": "432703901", "content": "五分钟还热乎"}, {"uid": "58296249", "content": "你再骂"}, {"uid": "498026680", "content": "你再骂！"}, {"uid": "474306262", "content": "Hhhhhhhhhhhhhhh "}, {"uid": "357927529", "content": "热乎"}, {"uid": "504744632", "content": "女儿怎么了"}, {"uid": "94375583", "content": "感谢夸奖"}, {"uid": "451291873", "content": "你再骂！！"}, {"uid": "516801578", "content": "awsl"}, {"uid": "357047049", "content": "嗯？"}, {"uid": "406324569", "content": "你再骂"}, {"uid": "481245631", "content": "女儿乖"}, {"uid": "675093929", "content": "你在骂"}, {"uid": "487146839", "content": "味太浓了"}, {"uid": "166359652", "content": "为什么我听的是不要？"}, {"uid": "622974804", "content": "我喜欢"}, {"uid": "454798231", "content": "........."}, {"uid": "516801578", "content": "awsl"}, {"uid": "23362230", "content": "awsl"}, {"uid": "317648846", "content": "呀卡马西"}, {"uid": "1368845705", "content": "你再骂"}, {"uid": "618431796", "content": "巫沐老婆 请继续骂我 还要亲亲"}, {"uid": "37628238", "content": "爸爸爸爸爸爸爸爸"}, {"uid": "2129728842", "content": "当你看见我你就不是第一了"}, {"uid": "123387020", "content": "嗨"}, {"uid": "178951050", "content": "别叫爸，叫老公"}, {"uid": "141457018", "content": "可恶啊"}, {"uid": "32135309", "content": "我不想当爸爸我想当你爸爸的女婿"}, {"uid": "434801676", "content": "我在呢"}, {"uid": "77452183", "content": "阿巴阿巴阿巴阿巴阿巴"}, {"uid": "37628238", "content": "爸爸爸爸爸爸爸爸"}, {"uid": "1871756148", "content": "舒服"}, {"uid": "414766658", "content": "欸"}, {"uid": "520002850", "content": "你再骂"}, {"uid": "228482623", "content": "中二"}, {"uid": "1631602", "content": "阿坝阿巴阿巴阿巴"}, {"uid": "10571993", "content": "阿巴阿巴阿巴阿巴"}, {"uid": "291123329", "content": "舒服了"}, {"uid": "32135309", "content": "我不想当爸爸我想当你爸爸的女婿"}, {"uid": "411152678", "content": "诶"}, {"uid": "290037320", "content": "哟，你只配做被我踩在地上的奴隶"}, {"uid": "314862439", "content": "诶"}, {"uid": "499420581", "content": "????"}, {"uid": "526807429", "content": "哎~"}, {"uid": "526807429", "content": "哎~"}, {"uid": "699754567", "content": "诶，女儿乖"}, {"uid": "454266357", "content": "还热乎"}, {"uid": "32135309", "content": "我不想当爸爸我想当你爸爸的女婿"}, {"uid": "631593815", "content": "还热乎"}, {"uid": "434801676", "content": "哎哎哎"}, {"uid": "252373", "content": "继续叫（"}, {"uid": "454266357", "content": "女儿乖"}]