[{"uid": "515141436", "content": "这不是去幼儿园的车，快跑"}, {"uid": "193309918", "content": "起飞了吗？"}, {"uid": "627075126", "content": "你好快呀（手动滑稽）"}, {"uid": "161750360", "content": "说这些我可就不困了"}, {"uid": "407386989", "content": "太屑了，太屑了，不亲我一口就走了(doge)"}, {"uid": "27817170", "content": "这个笑声"}, {"uid": "490603349", "content": "我车还没上，你推着可就跑了？"}, {"uid": "489056924", "content": "好快的车"}, {"uid": "497387272", "content": "（各位绅士重复了几遍？）"}, {"uid": "66841617", "content": "环绕声啊"}, {"uid": "301140935", "content": "首尾呼应"}, {"uid": "454308731", "content": "车车，好快的cece"}, {"uid": "36834868", "content": "车轱辘甩飞了"}, {"uid": "3350443", "content": "虎狼之词"}, {"uid": "454624870", "content": "cece好快的cece"}, {"uid": "172812", "content": "???虎狼之词也不过如此！"}, {"uid": "392083589", "content": "这还让不让人晚上睡觉了完全精神"}, {"uid": "169364062", "content": "你这么说，我就不困了"}, {"uid": "445524517", "content": "为什么感觉逐渐有点不对劲"}, {"uid": "435731146", "content": "不愧是你，夸人也说的那么奇怪"}, {"uid": "507281158", "content": "巫沐好会"}, {"uid": "623733969", "content": "好快的车"}, {"uid": "1258285825", "content": "woc 你好懂啊"}, {"uid": "249683196", "content": "瞬间精神"}, {"uid": "326753738", "content": "逐渐奇怪了起来"}, {"uid": "404406047", "content": "捏嘿~"}, {"uid": "477575984", "content": "你脸红个泡泡茶壶"}, {"uid": "485886411", "content": "飞起来了"}, {"uid": "501638041", "content": "初见、可爱、单推、结婚"}, {"uid": "4464632", "content": "不对劲"}, {"uid": "289462814", "content": "不过爱酱的话已经疯了"}, {"uid": "375295353", "content": "不对劲"}, {"uid": "205218106", "content": "每日亿车"}, {"uid": "455501732", "content": "？？？这是夸人吗？？？？"}, {"uid": "424712716", "content": "再来亿次。"}, {"uid": "313654126", "content": "cece，好快的cece"}, {"uid": "32281440", "content": "单推人来了！"}, {"uid": "173824757", "content": "一分钟出息了"}, {"uid": "457147736", "content": "指睡觉睡得早"}, {"uid": "507281158", "content": "巫沐好会(๑>؂<๑）好吃喵！"}, {"uid": "490603349", "content": "要对我负责哦"}, {"uid": "285532182", "content": "又来车车了？"}, {"uid": "508870026", "content": "没看几遍，真的就只重复了那么亿次而已"}, {"uid": "497096105", "content": "好快的车车！"}, {"uid": "131652679", "content": "屑巫女！"}, {"uid": "411300988", "content": "やれやれだぜ​"}, {"uid": "244136045", "content": "十七遍了怎么办"}, {"uid": "289462814", "content": "不对劲了，变坏了。"}, {"uid": "169364062", "content": "懂"}, {"uid": "414766658", "content": "hso"}, {"uid": "34617662", "content": "她太会了"}, {"uid": "289063570", "content": "再来亿遍"}, {"uid": "660969116", "content": "摩多摩多"}, {"uid": "496118528", "content": "昨天还说我们是变态，现在好像有点不一样了"}, {"uid": "37006746", "content": "好快哦"}, {"uid": "518154210", "content": "cece，好快的cece"}, {"uid": "442998925", "content": "虎狼之词"}, {"uid": "34179798", "content": "？？？每日亿车"}, {"uid": "437347353", "content": "连肝七集"}, {"uid": "521228254", "content": "？？？逐渐不对劲"}, {"uid": "291264798", "content": "不行了再来亿遍"}, {"uid": "85899982", "content": "开头见"}, {"uid": "85899982", "content": "怎么参杂了一些骂人的话"}, {"uid": "457071671", "content": "？？？？"}, {"uid": "259636470", "content": "带耳机感觉不一样了"}, {"uid": "131652679", "content": "准备好了"}, {"uid": "220914324", "content": "awsl"}, {"uid": "19093390", "content": "？？？？？？"}, {"uid": "349203265", "content": "？？？"}, {"uid": "285752223", "content": "awsl"}, {"uid": "171960111", "content": "特别烫"}, {"uid": "480231860", "content": "awsl"}, {"uid": "289063570", "content": "开头见"}, {"uid": "354879894", "content": "开头见"}, {"uid": "627201767", "content": "再来亿遍"}, {"uid": "27817170", "content": "枪声……"}, {"uid": "251658318", "content": "污沫"}, {"uid": "500393254", "content": "？？？？？？？"}, {"uid": "623733969", "content": "啊……这"}, {"uid": "456336352", "content": "？？？"}, {"uid": "411300988", "content": "木大木大"}, {"uid": "22207796", "content": "？？？？？？；"}, {"uid": "30141514", "content": "？？？"}, {"uid": "8026443", "content": "？？？"}, {"uid": "52989307", "content": "我反正是好了"}, {"uid": "104349408", "content": "awsl"}, {"uid": "416050224", "content": "带耳机有内味"}, {"uid": "438976420", "content": "已三连，巫沐加油，求巫沐摸头！"}, {"uid": "33196882", "content": "。。。。。。。。"}, {"uid": "457646363", "content": "好耶"}, {"uid": "131652679", "content": "再来亿遍"}, {"uid": "2006823958", "content": "好耶！"}, {"uid": "509712496", "content": "awsl"}, {"uid": "156717631", "content": "cheche"}, {"uid": "156717631", "content": "我又来了"}, {"uid": "457071671", "content": "芜湖"}, {"uid": "485886411", "content": "？？？？？"}, {"uid": "25509628", "content": "？。。。。"}, {"uid": "319299218", "content": "？？？？？？？"}, {"uid": "437885482", "content": "屑"}, {"uid": "75121975", "content": "？？？？"}, {"uid": "285752223", "content": "好家伙"}, {"uid": "690160559", "content": "好耶"}, {"uid": "438756109", "content": "重新回来"}, {"uid": "102836833", "content": "？？？？"}, {"uid": "44783395", "content": "？？？？"}, {"uid": "354879894", "content": "hso"}, {"uid": "354879894", "content": "awsl"}, {"uid": "696840037", "content": "每日一"}, {"uid": "33604087", "content": "cece"}, {"uid": "27817170", "content": "？？？"}, {"uid": "431671807", "content": "飞了"}, {"uid": "411300988", "content": "やれやれだぜ​"}, {"uid": "552465", "content": "hso"}, {"uid": "34494044", "content": "？？？？"}, {"uid": "478320534", "content": "好耶"}, {"uid": "437885482", "content": "屑"}, {"uid": "42864459", "content": "？？？？"}, {"uid": "305617742", "content": "？"}, {"uid": "524754607", "content": "你有问题"}, {"uid": "590069400", "content": "再来亿遍"}, {"uid": "361033321", "content": "好耶"}, {"uid": "1974326", "content": "？？？？？？？"}, {"uid": "480231860", "content": "好耶"}, {"uid": "496118528", "content": "好快哦"}, {"uid": "288376609", "content": "hso"}, {"uid": "642747505", "content": "awsl"}, {"uid": "686733082", "content": "？"}, {"uid": "493283599", "content": "这这这这这"}, {"uid": "443709788", "content": "？？？。。"}, {"uid": "497387272", "content": "？？？"}, {"uid": "411300988", "content": "やれやれだぜ​"}, {"uid": "86814859", "content": "？"}, {"uid": "131652679", "content": "awsl"}, {"uid": "8026443", "content": "？？？"}, {"uid": "470814782", "content": "马萨噶，伊邪纳岐，什么时候"}, {"uid": "4464632", "content": "？？？"}, {"uid": "454624870", "content": "好耶"}, {"uid": "30605981", "content": "hso"}, {"uid": "105057206", "content": "九分钟"}, {"uid": "34617662", "content": "四分钟408观看"}, {"uid": "82117671", "content": "嘶"}, {"uid": "354879894", "content": "好耶"}, {"uid": "441688232", "content": "awsl"}, {"uid": "406100581", "content": "巫沐加油！"}, {"uid": "318535773", "content": "hhhhhhvvvvvv"}, {"uid": "457646363", "content": "？"}, {"uid": "76996595", "content": "0:07"}, {"uid": "131652679", "content": "whl"}, {"uid": "37989621", "content": "？"}, {"uid": "348488848", "content": "？？？"}, {"uid": "156717631", "content": "好耶"}, {"uid": "478320534", "content": "好耶！"}, {"uid": "409644641", "content": "？？？？？"}, {"uid": "131652679", "content": "???"}, {"uid": "675054912", "content": "？？？？"}, {"uid": "438475961", "content": "污沐沐"}, {"uid": "160500494", "content": "好耶"}, {"uid": "413178993", "content": "？？"}, {"uid": "231711309", "content": "好"}, {"uid": "346410992", "content": "好耶"}, {"uid": "327943174", "content": "好"}, {"uid": "584873153", "content": "？？？"}, {"uid": "448153814", "content": "？？？？？？？"}, {"uid": "483501314", "content": "好耶"}, {"uid": "702802484", "content": "？？？？？？？"}, {"uid": "20593046", "content": "0:07"}, {"uid": "543355722", "content": "上车吗"}, {"uid": "37989621", "content": "？"}, {"uid": "478320534", "content": "好耶"}, {"uid": "510098006", "content": "？？？？？"}, {"uid": "3573980", "content": "？"}, {"uid": "13469445", "content": "污沐"}, {"uid": "156937877", "content": "我来"}, {"uid": "64965479", "content": "好耶"}, {"uid": "255563803", "content": "啊这"}, {"uid": "319299218", "content": "？？？？？？？？？？？？？？？？"}, {"uid": "87364764", "content": "？？？？？？？？？？？？？？？？？？？？？？？？？？？？？？？？？？？？？？？？"}]