[{"uid": "39607002", "content": "我的网名取决于当天看的番剧"}, {"uid": "393210984", "content": "番里喜欢的人物名字"}, {"uid": "178886668", "content": "作文开始"}, {"uid": "334339047", "content": "si ki da you"}, {"uid": "378969220", "content": "《滚键盘》"}, {"uid": "27817170", "content": "我是万万没想到"}, {"uid": "280352670", "content": "僵尸跳跳糖"}, {"uid": "288558416", "content": "找江湖骗子取（滑稽）"}, {"uid": "437554665", "content": "一种执着。我这名子用坏了4个手机还在用"}, {"uid": "401779088", "content": "我取名随便umo取名随便"}, {"uid": "349656751", "content": "可爱suki！！"}, {"uid": "76996595", "content": "字  正  腔  圆"}, {"uid": "88197028", "content": "随心所欲"}, {"uid": "33123171", "content": "我特么直接新华词典古汉语词典排排坐"}, {"uid": "329088145", "content": "灵感瞬间tm出来了"}, {"uid": "645638411", "content": "……╭(°A°`)╮……"}, {"uid": "1309445868", "content": "敷      衍"}, {"uid": "442006345", "content": "地狱拖拉机"}, {"uid": "401005927", "content": "可爱 单推"}, {"uid": "221999442", "content": "原来你也玩原神"}, {"uid": "22390536", "content": "所以你其实是罗马人吗？！"}, {"uid": "22390536", "content": "原来你也玩原神.gif"}, {"uid": "87355646", "content": "原来你也玩原神.jpg"}, {"uid": "430740264", "content": "初见 可爱 单推 结婚"}, {"uid": "33327221", "content": "罗马人，D了（"}, {"uid": "481091257", "content": "这就有点草了"}, {"uid": "440973117", "content": "好家伙快破万粉了！！"}, {"uid": "8213384", "content": "卧槽！罗马人。。"}, {"uid": "19702317", "content": "这么小声还想开军舰？"}, {"uid": "82081381", "content": "十香：这个我熟"}, {"uid": "390800017", "content": "她好会啊，爱了爱了"}, {"uid": "25614148", "content": "喇叭节快乐("}, {"uid": "171862606", "content": "。。。语气词啊"}, {"uid": "323025855", "content": "字正腔圆"}, {"uid": "4136273", "content": "(・∀・(・∀・(・∀・*)"}, {"uid": "19199468", "content": "字正腔圆"}, {"uid": "95803238", "content": "唔姆怪草"}, {"uid": "95803238", "content": "随便挑两个喜欢的名词组一起"}, {"uid": "438756109", "content": "悟道了"}, {"uid": "480516682", "content": "是这样来的嘛………suki"}, {"uid": "409563565", "content": "字正腔圆"}, {"uid": "671451611", "content": "字正腔圆"}, {"uid": "617582582", "content": "取对自己特殊的意义的，或者东拼西凑一个。"}, {"uid": "651487366", "content": "原来你也玩原神"}, {"uid": "53683789", "content": "夏小姐也经常umo，umo"}, {"uid": "334339047", "content": "si ki da you"}, {"uid": "443655570", "content": "果然……"}, {"uid": "408182540", "content": "神圣地名+神化生物+off"}, {"uid": "280352670", "content": "僵尸跳跳糖"}, {"uid": "474752958", "content": "原来如此。。。。。。"}, {"uid": "10691848", "content": "怀疑国际中"}, {"uid": "27001381", "content": "原来你也玩原神"}, {"uid": "33344623", "content": "为什么你长得很像伊蕾娜"}, {"uid": "64965479", "content": "草"}, {"uid": "401005927", "content": "可爱 单推"}, {"uid": "34625243", "content": "原来你也玩原神"}, {"uid": "318462158", "content": "sukidayo"}, {"uid": "22390536", "content": "suki，单推"}, {"uid": "454624870", "content": "拆字，字母缩写，兴趣爱好，随机"}, {"uid": "49847089", "content": "我已经完全爱上巫沐啦！！！"}, {"uid": "35026748", "content": "喇叭节"}, {"uid": "506770640", "content": "生草"}, {"uid": "410766139", "content": "うむ"}, {"uid": "405168981", "content": "草，罗马人"}, {"uid": "142507945", "content": "泽野式滚键盘"}, {"uid": "598709077", "content": "咿呀，渐渐"}, {"uid": "456327519", "content": "字正腔圆"}, {"uid": "100631652", "content": "还真是这么来的？"}, {"uid": "9852628", "content": "umo！很有精神！"}, {"uid": "36554047", "content": "草，哪里后都"}, {"uid": "229550110", "content": "你咋知道的2333"}, {"uid": "45538275", "content": "缓缓打出一个？"}, {"uid": "1676977", "content": "草"}, {"uid": "320795182", "content": "别装了，一个国人还想继续骗观众多久"}, {"uid": "258103620", "content": "做梦时梦到的名字"}, {"uid": "1914886274", "content": "真好"}, {"uid": "30656278", "content": "喜欢！！"}, {"uid": "477359779", "content": "最喜欢"}, {"uid": "56782006", "content": "这不得尼禄殿下来一波"}, {"uid": "14492384", "content": "唔呣草"}, {"uid": "493283599", "content": "嗯？刚才是，wumu？"}, {"uid": "106627867", "content": "suki！！！！！！！"}, {"uid": "106627867", "content": "初见 可爱 单推 结婚"}, {"uid": "507533080", "content": "金爪桂圆就完事了"}, {"uid": "522110853", "content": "字正腔圆"}, {"uid": "1302560486", "content": "巫沐巫沐"}, {"uid": "307041756", "content": "联想"}, {"uid": "16881663", "content": "芜湖恋爱裁判"}, {"uid": "687503664", "content": "十香直呼内行"}, {"uid": "32577909", "content": "某个被遗忘的主角名"}, {"uid": "399982556", "content": "喜欢"}, {"uid": "13186164", "content": "草"}, {"uid": "361033321", "content": "原来你也玩原神"}, {"uid": "454624870", "content": "？？？"}, {"uid": "133734791", "content": "啊这。。。。。"}, {"uid": "245764947", "content": "字正腔圆"}, {"uid": "27044083", "content": "这发音好正啊"}, {"uid": "442431643", "content": "草"}, {"uid": "131652679", "content": "滚键盘随机取名"}, {"uid": "22610630", "content": "喜欢的明星+内裤的颜色（）"}, {"uid": "9852085", "content": "好活"}, {"uid": "229550110", "content": "suki"}, {"uid": "229550110", "content": "umu……"}, {"uid": "273880966", "content": "草"}, {"uid": "128760397", "content": "游戏，番剧，自己想的"}, {"uid": "517950339", "content": "喜欢"}, {"uid": "617582582", "content": "一般不喜欢动漫角色，个人喜欢二次元歌手"}, {"uid": "450599242", "content": "喜欢！！！"}, {"uid": "315983630", "content": "喜欢"}, {"uid": "25688454", "content": "居然是唔姆吗"}, {"uid": "1656299675", "content": "鬼灭"}, {"uid": "309425785", "content": "淦"}, {"uid": "9236245", "content": "？？？？？？"}, {"uid": "479010650", "content": "ohh"}, {"uid": "302155234", "content": "daisiki"}, {"uid": "437885482", "content": "字正腔圆"}, {"uid": "409644641", "content": "原来你也玩原神"}, {"uid": "475610269", "content": "喜欢"}, {"uid": "161233545", "content": "原来你也玩原神"}, {"uid": "8243531", "content": "随机生成"}, {"uid": "22796088", "content": "昵称大多半都是突然想到的.._(:* ｣∠)_"}, {"uid": "22459479", "content": "滚键盘取名法"}, {"uid": "23576276", "content": "suki！"}, {"uid": "21912948", "content": "草"}, {"uid": "8026443", "content": "唔姆"}, {"uid": "440799548", "content": "喜欢"}, {"uid": "19165001", "content": "草"}, {"uid": "830472", "content": "草"}, {"uid": "32496411", "content": "字正腔圆"}, {"uid": "403458229", "content": "草↑"}, {"uid": "65389670", "content": "这发音真的标准"}, {"uid": "20457013", "content": "发音好标准啊"}, {"uid": "46966348", "content": "草"}, {"uid": "22610630", "content": "你也是个罗马人？"}, {"uid": "100924004", "content": "草"}, {"uid": "9852085", "content": "siki！"}, {"uid": "474649625", "content": "？？啊巴啊巴"}, {"uid": "754254", "content": "umu umu"}, {"uid": "91510644", "content": "生草"}, {"uid": "495861274", "content": "喜欢"}, {"uid": "472762057", "content": "喜欢"}, {"uid": "378969220", "content": "好耶"}, {"uid": "488168506", "content": "daisiki"}, {"uid": "494661243", "content": "用脸搓键盘取的"}, {"uid": "500382500", "content": "是混血噢"}, {"uid": "629447866", "content": "闲言碎语，因为话少把言语去了，所以成了闲碎"}, {"uid": "481527481", "content": "这一听就是汉语"}, {"uid": "477837602", "content": "喜欢"}, {"uid": "283473713", "content": "腊八节我农历生日啊啊啊"}, {"uid": "259057884", "content": "bgm恋爱裁判"}, {"uid": "382255971", "content": "喜欢！！！！"}, {"uid": "697885364", "content": "原来你也玩原神"}, {"uid": "1904371468", "content": "媳妇好"}, {"uid": "13186164", "content": "喇叭节"}, {"uid": "178445390", "content": "原来你也玩原神"}, {"uid": "23576276", "content": "kusa"}, {"uid": "687015111", "content": "suki"}, {"uid": "131652679", "content": "suki"}, {"uid": "70599563", "content": "喜欢"}, {"uid": "234003477", "content": "umo"}, {"uid": "21450703", "content": "suki"}, {"uid": "327936050", "content": "666"}, {"uid": "305617742", "content": "suki"}, {"uid": "305617742", "content": "想"}, {"uid": "22273613", "content": "来晚了~！！！"}, {"uid": "31838829", "content": "wwww"}, {"uid": "399587902", "content": "wwww"}, {"uid": "390800017", "content": "草"}, {"uid": "1844369459", "content": "是啊，就很离谱。"}, {"uid": "1844369459", "content": "没有什么，只是因为帅。"}, {"uid": "1676977", "content": "umu"}, {"uid": "399197340", "content": "阿得不到的你"}, {"uid": "509622340", "content": "好きです"}, {"uid": "356524936", "content": "武器"}, {"uid": "294884789", "content": "诗句"}, {"uid": "168880892", "content": "混血"}, {"uid": "158501371", "content": "原来你也玩原神"}, {"uid": "29436466", "content": "完全没听懂"}, {"uid": "260746572", "content": "suki"}, {"uid": "15975173", "content": "可以"}, {"uid": "424741115", "content": "加油，加油，5万粉丝了"}, {"uid": "245205937", "content": "懒觉节快乐"}, {"uid": "494936213", "content": "從唐詩宋詞，楚辭，詩經。。。裏截取和自己名字有聯係的詞"}, {"uid": "102730079", "content": "好家伙"}, {"uid": "26841631", "content": "草"}, {"uid": "478193799", "content": "闭眼乱点"}, {"uid": "178445390", "content": "siki"}, {"uid": "224584505", "content": "还用说 肯定是中国人啊……只是讲日语罢了"}, {"uid": "453799275", "content": "？"}, {"uid": "23576276", "content": "草"}, {"uid": "285271474", "content": "？!"}, {"uid": "285271474", "content": "鬼灭芜湖"}, {"uid": "355205220", "content": "你到底是中国人还是日本人"}, {"uid": "370769", "content": "草"}, {"uid": "498665", "content": "草"}, {"uid": "21450703", "content": "喜欢"}, {"uid": "30141514", "content": "草"}, {"uid": "389248759", "content": "炎柱阿！"}, {"uid": "165492858", "content": "来啦"}, {"uid": "105046460", "content": "？"}, {"uid": "8354617", "content": "唔姆怪"}, {"uid": "74008949", "content": "啊这"}, {"uid": "2494393", "content": "？"}, {"uid": "1844369459", "content": "他应该是日本的。就是中文说的比较好。"}, {"uid": "442998925", "content": "原来你也玩原神"}, {"uid": "251500465", "content": "？？"}, {"uid": "108915296", "content": "自嘲"}, {"uid": "160436455", "content": "都是罗马人"}, {"uid": "471635843", "content": "原来你也玩原神"}, {"uid": "323592268", "content": "ssks"}, {"uid": "485892999", "content": "？？？"}, {"uid": "226924848", "content": "中文好好"}, {"uid": "481527481", "content": "这一听就是汉语母语，日语听着有股违和感，应该是后来学习的那种"}, {"uid": "603898496", "content": "诗歌吧，平仄"}, {"uid": "20172511", "content": "这日语听着感觉是中国人说的呢？"}, {"uid": "645638411", "content": "哈？"}, {"uid": "7686375", "content": "唔姆？"}, {"uid": "103233028", "content": "？我推了个在日中国人？"}, {"uid": "345551191", "content": "灵感"}, {"uid": "403500991", "content": "原来你也玩原神"}, {"uid": "204939906", "content": "唔姆"}, {"uid": "178445390", "content": "草"}, {"uid": "22390536", "content": "？草"}, {"uid": "400122086", "content": "草"}, {"uid": "8026443", "content": "好活"}, {"uid": "195176063", "content": "唔姆"}, {"uid": "23928017", "content": "草"}, {"uid": "398428631", "content": "草"}, {"uid": "359113171", "content": "草"}, {"uid": "343158366", "content": "草"}, {"uid": "65389670", "content": "老罗马人了"}, {"uid": "85892596", "content": "滚键盘"}, {"uid": "26094961", "content": "草"}, {"uid": "591725145", "content": "唔姆怪还行"}, {"uid": "9852628", "content": "suki"}, {"uid": "348763322", "content": "好家伙"}, {"uid": "95803238", "content": "草"}, {"uid": "440579082", "content": "?"}, {"uid": "515141436", "content": "乖乖"}, {"uid": "320795182", "content": "白莲花樱花妹针不戳呢"}, {"uid": "693147143", "content": "我的尼禄女王呢？"}, {"uid": "651487366", "content": "dai si kei dai you"}, {"uid": "354559779", "content": "吊图一堆"}, {"uid": "400392297", "content": "喇叭节快乐，花少北狂喜"}, {"uid": "217865696", "content": "原来你也玩原神"}, {"uid": "493283599", "content": "滚键盘"}, {"uid": "59440597", "content": "喜欢"}, {"uid": "437554665", "content": "牛皮"}, {"uid": "437554665", "content": "我想她的名字是本来就是一个女巫从中取巫字后沐这个音比较顺耳(例:半慕尘沙)  后来巫暮有点问题而后换的沐(编不下去了)   "}, {"uid": "15138435", "content": "草www离谱"}, {"uid": "349552641", "content": "古诗词里选"}, {"uid": "489077910", "content": "啊，这"}, {"uid": "90123791", "content": "原来你也玩原神"}, {"uid": "302155234", "content": "确实"}, {"uid": "669021580", "content": "喜欢古文古词。比如我现在这个：君配玙璠。玙璠，美玉也，君子所配"}, {"uid": "102730079", "content": "umo "}, {"uid": "285752223", "content": "好家伙"}, {"uid": "22390536", "content": "草"}, {"uid": "401501806", "content": "草"}, {"uid": "430209317", "content": "大哥"}, {"uid": "174386693", "content": "草"}, {"uid": "316983986", "content": "罗马！！！"}, {"uid": "197471427", "content": "up会中文的呀"}, {"uid": "20088230", "content": "喜欢"}, {"uid": "49873491", "content": "草"}, {"uid": "33943438", "content": "草"}, {"uid": "456327519", "content": "来了"}, {"uid": "503882450", "content": "真是自由"}, {"uid": "27434860", "content": "拆字"}, {"uid": "378969220", "content": "好耶"}, {"uid": "102034939", "content": "空白名"}, {"uid": "493283599", "content": "挺好听的喔"}, {"uid": "583000073", "content": "."}, {"uid": "352105834", "content": "大好きだよ"}, {"uid": "42253225", "content": "牛杂"}, {"uid": "177795957", "content": "中日混血"}, {"uid": "307041756", "content": "忘了"}, {"uid": "603898496", "content": "？"}, {"uid": "1408017908", "content": "可爱"}, {"uid": "527647560", "content": "喜欢"}, {"uid": "623733969", "content": "阿这"}, {"uid": "434474842", "content": "umo！"}, {"uid": "38759362", "content": "草"}, {"uid": "102730079", "content": "？？？"}, {"uid": "46898546", "content": "umo"}, {"uid": "33231264", "content": "草"}, {"uid": "443023101", "content": "闭眼乱按"}, {"uid": "350839855", "content": "dd集合"}, {"uid": "498919948", "content": "不不不，谁知道哪天一**就开始叫我咸鱼了，后来干脆叫鱼，然后就习惯了"}, {"uid": "453799275", "content": "？"}, {"uid": "92407929", "content": "Umo"}, {"uid": "402205456", "content": "喇叭节快乐"}, {"uid": "228757509", "content": "草"}, {"uid": "6758491", "content": "草"}, {"uid": "479416686", "content": "草"}, {"uid": "131652679", "content": "umu umu"}, {"uid": "131652679", "content": "草"}, {"uid": "30141514", "content": "喜欢"}, {"uid": "512315295", "content": "草"}, {"uid": "15436414", "content": "www"}, {"uid": "98854609", "content": "好活"}, {"uid": "1844369459", "content": "想多了。首先你们得互相认识，还有对，两情相悦。不要随随便便把喜欢挂在嘴边"}, {"uid": "434219538", "content": "混血"}, {"uid": "693147143", "content": "我没有起"}, {"uid": "53128870", "content": "suki"}, {"uid": "359852981", "content": "我好懵啊"}, {"uid": "412849805", "content": "唔姆"}, {"uid": "302178354", "content": "suki"}, {"uid": "32904162", "content": "suk i"}, {"uid": "556729183", "content": "原来你也玩原神"}, {"uid": "34298256", "content": "草"}, {"uid": "6013167", "content": "。。"}, {"uid": "23400524", "content": "原来你也玩原神"}, {"uid": "441678922", "content": "草"}, {"uid": "348387178", "content": "名前が好き、あなたも好き、好き、大好きだよ"}, {"uid": "305617742", "content": "ww"}, {"uid": "224937958", "content": "？？"}, {"uid": "456327519", "content": "啊这"}, {"uid": "76680675", "content": "草"}, {"uid": "82081381", "content": "腊八节快乐"}, {"uid": "100631652", "content": "？？？？"}, {"uid": "234072318", "content": "su ki！"}, {"uid": "9852628", "content": "umo!"}, {"uid": "86808339", "content": "喜欢"}, {"uid": "143469677", "content": "hhh"}, {"uid": "229550110", "content": "可爱"}, {"uid": "4464632", "content": "同乐"}, {"uid": "490974300", "content": "有一个唔姆怪～"}, {"uid": "342560463", "content": "喜欢喜欢喜欢喜欢"}, {"uid": "349552641", "content": "原来你也玩原神"}, {"uid": "556729183", "content": "喜欢喜欢喜欢喜欢喜欢喜欢喜欢喜欢喜欢"}, {"uid": "474660935", "content": "建议放个尼禄"}, {"uid": "474660935", "content": "日本出生，这中文水平起码父母有一方是国人吧"}]