[{"uid": "348383659", "content": "这就是慢放啊看右边推婴儿车的人啊"}, {"uid": "76996595", "content": "听到BGM我直接DNA动了"}, {"uid": "7175995", "content": "下面的小瀑布好有感觉啊"}, {"uid": "400613816", "content": "这也太美了吧，给人一种梦的感觉"}, {"uid": "49032243", "content": "出现在我梦中的地方"}, {"uid": "36824871", "content": "我还以为是动画 草这太好看了"}, {"uid": "104375620", "content": "差点以为是动态壁纸"}, {"uid": "414854938", "content": "唯美如画"}, {"uid": "35026748", "content": "大阪咚之阵"}, {"uid": "270884938", "content": "感觉像是在画中一样呢~"}, {"uid": "148693333", "content": "爱了 这地方"}, {"uid": "1326408129", "content": "BGM是黄昏之时？爷青回"}, {"uid": "177972834", "content": "地址：银山温泉"}, {"uid": "23375036", "content": "虽冷但美"}, {"uid": "796345", "content": "好美啊，可以做壁纸了！"}, {"uid": "9818725", "content": "银山温泉吗"}, {"uid": "1407740", "content": "银山温泉"}, {"uid": "424737069", "content": "DNA动了"}, {"uid": "401549158", "content": "ここは銀山温泉?"}, {"uid": "360532869", "content": "你的名字"}, {"uid": "161128615", "content": "银山温泉"}, {"uid": "94216044", "content": "wooooo想去"}, {"uid": "240826092", "content": "好好看"}, {"uid": "298439179", "content": "好看"}, {"uid": "485935214", "content": "bgm！！"}, {"uid": "41378930", "content": "bgm太棒了"}, {"uid": "91850055", "content": "好美"}, {"uid": "383295835", "content": "我靠好看"}, {"uid": "19872737", "content": "銀山温泉"}, {"uid": "31696968", "content": "好美"}, {"uid": "673903929", "content": "好漂亮"}, {"uid": "416027249", "content": "三叶的主题曲"}, {"uid": "346761240", "content": "好美"}, {"uid": "36400646", "content": "好眼熟"}, {"uid": "57592223", "content": "wk好漂亮"}, {"uid": "30166405", "content": "太美了"}, {"uid": "164437443", "content": "好美啊"}, {"uid": "437235905", "content": "好美"}, {"uid": "274651718", "content": "银山温泉?"}, {"uid": "404449673", "content": "好美"}, {"uid": "474894315", "content": "美啊"}, {"uid": "521419021", "content": "这不雨音吗"}, {"uid": "617582582", "content": "说实话我没看出亮点在哪，艺术这种东西我实在不会欣赏-_-||"}, {"uid": "444028609", "content": "君名！"}, {"uid": "489056924", "content": "冷"}, {"uid": "1027264537", "content": "我去过哎……"}, {"uid": "199522521", "content": "美啊"}, {"uid": "11382263", "content": "挺漂亮啊"}, {"uid": "285271474", "content": "いいですね。私も雪を見たい"}, {"uid": "275417096", "content": "好美啊"}, {"uid": "296876285", "content": "好美啊"}, {"uid": "374384036", "content": "这里好像在某个动漫场景里面见到过"}, {"uid": "409590352", "content": "好好看！"}, {"uid": "3813268", "content": "好美"}, {"uid": "122347978", "content": "很美"}, {"uid": "121901896", "content": "这雪飘的好慢好好看不像我这都雪乱飞"}, {"uid": "16881663", "content": "芜湖你的名字"}, {"uid": "583819812", "content": "雪有点假感觉"}, {"uid": "417460455", "content": "美！"}, {"uid": "545040770", "content": "这是哪啊"}, {"uid": "4464632", "content": "时代错乱？"}, {"uid": "583000073", "content": "."}, {"uid": "159474931", "content": "好漂亮"}, {"uid": "105046460", "content": "好看"}, {"uid": "33943438", "content": "好棒啊"}, {"uid": "349157744", "content": "好美"}, {"uid": "234870628", "content": "我的家乡都没下过雪"}, {"uid": "416064684", "content": "虽然美，但太冷"}]