[{"uid": "1368845705", "content": "前方高能，车速过快"}, {"uid": "474192192", "content": "让你抽到魈算是米哈游亏(doge)"}, {"uid": "23362230", "content": "你脸红个泡泡茶壶"}, {"uid": "320075843", "content": "我还以为三小时后……"}, {"uid": "859133", "content": "你的左手不对劲"}, {"uid": "33975422", "content": "您真是个天才"}, {"uid": "285853699", "content": "金憨憨行为出现人传人现象"}, {"uid": "480472756", "content": "不在一个话题上"}, {"uid": "483703183", "content": "发现不对劲了"}, {"uid": "31696968", "content": "打着很顺，就是打着打着血不知道去哪里了"}, {"uid": "381993134", "content": "魈：喉咙卡痰了"}, {"uid": "272738354", "content": "你的手放在了奇怪的地方"}, {"uid": "106785908", "content": "有反应了"}, {"uid": "481341069", "content": "这车轱辘都碾脸上了"}, {"uid": "176800487", "content": "源氏：力量在我的体内流淌！"}, {"uid": "10998341", "content": "仙人跳哈哈哈哈哈哈"}, {"uid": "385486222", "content": "好家伙，还摸头？！"}, {"uid": "415289220", "content": "怪起来了怪起来了！"}, {"uid": "1350835791", "content": "我要看付费内容"}, {"uid": "12871879", "content": "又到了经典的bp环节"}, {"uid": "19751924", "content": "虎狼之词"}, {"uid": "387236429", "content": "草，还带问答的"}, {"uid": "221954304", "content": "玩还是你会玩"}, {"uid": "21598546", "content": "没救了23333"}, {"uid": "26748037", "content": "umo说中文好可爱啊"}, {"uid": "109062530", "content": "即将进入高速"}, {"uid": "30275661", "content": "令人肝痛的音乐响起来了"}, {"uid": "6446688", "content": "卧槽，我居然兴奋了"}, {"uid": "86117855", "content": "蓄力轰拳！"}, {"uid": "350273449", "content": "停一下，我身体痉挛了"}, {"uid": "23171205", "content": "神田空太与椎名真白（）"}, {"uid": "334167799", "content": "派蒙:前面的区域以后再来探索吧"}, {"uid": "23188758", "content": "这小手放在了奇怪的地方"}, {"uid": "8788116", "content": "等等，是我不对劲（"}, {"uid": "15138435", "content": "访问有风险，是否继续"}, {"uid": "241513", "content": "一个比一个会玩"}, {"uid": "506278551", "content": "声优梗瞩目→"}, {"uid": "161233545", "content": "开始不对劲来"}, {"uid": "496643348", "content": "此处非常不对劲"}, {"uid": "19466817", "content": "这是跟憨憨抢男人啊哈哈哈"}, {"uid": "407690418", "content": "你脸红个泡泡茶壶"}, {"uid": "2747598", "content": "玩还是你会玩"}, {"uid": "73441916", "content": "这里以魈的性格，原意或许是亲自把你解决掉"}, {"uid": "496643348", "content": "好快的车速"}, {"uid": "455965896", "content": "卡痰了是魔鬼吧"}, {"uid": "191974860", "content": "我看到了中二时期的我。。。"}, {"uid": "306903058", "content": "感觉比憨憨还会玩"}, {"uid": "78002027", "content": "请务必来我院检查"}, {"uid": "516801578", "content": "老桐人了"}, {"uid": "33897620", "content": "该说是糖呢，还是刀呢（自己）"}, {"uid": "354156806", "content": "医生：已出现人传人现象"}, {"uid": "8478955", "content": "试 试 看"}, {"uid": "229148683", "content": "卧槽，撞我脸上"}, {"uid": "229148683", "content": "不愧是你，哈哈哈"}, {"uid": "170825567", "content": "虎狼之词"}, {"uid": "170825567", "content": "突然不对劲了"}, {"uid": "170825567", "content": "手放的位置很妙啊"}, {"uid": "174871326", "content": "不，其实危险的是你旁边那个"}, {"uid": "219593670", "content": "我兄弟说他好了"}, {"uid": "490156898", "content": "你兴奋起来了？？？？"}, {"uid": "490156898", "content": "从这里开始不对劲"}, {"uid": "84602523", "content": "这不是去幼儿园的车，放我下车"}, {"uid": "7149926", "content": "小姑娘啊，左手摸哪呢"}, {"uid": "695385561", "content": "车速飚升"}, {"uid": "19833069", "content": "一时不知道该羡慕谁"}, {"uid": "544006471", "content": "吃火腿肠（doge）"}, {"uid": "87364764", "content": "怪起来了"}, {"uid": "411351037", "content": "要来了，这段在现场，车都上天了"}, {"uid": "178950738", "content": "友情提示：车速过快请系好安全带。"}, {"uid": "399799443", "content": "注意这是试玩关，所以UMO也没出魈 doge"}, {"uid": "71581851", "content": "唯一神的声音真的好听"}, {"uid": "520688508", "content": "劲腰裸舞！（自行脑补）"}, {"uid": "441932193", "content": "这车速不愧是巫沐"}, {"uid": "160500494", "content": "开始不对劲了"}, {"uid": "240636362", "content": "逐渐不对劲"}, {"uid": "432662112", "content": "woc付费内容"}, {"uid": "88559415", "content": "要去了"}, {"uid": "228776580", "content": "车速太快啦"}, {"uid": "228776580", "content": "魈摸摸头，我酸了"}, {"uid": "489882013", "content": "哈哈哈哈哈哈哈哈"}, {"uid": "147123", "content": "你脸红个风车菊"}, {"uid": "34179798", "content": "啧，我受不了了"}, {"uid": "693147143", "content": "这不是去幼儿园的车，我要下车！"}, {"uid": "247509573", "content": "车速过快xdm"}, {"uid": "517964748", "content": "魈！！打她！！"}, {"uid": "437347353", "content": "连肝十集"}, {"uid": "77601306", "content": "这人已经没救了"}, {"uid": "20557988", "content": "？你就直接激素刀了？"}, {"uid": "699821992", "content": "一魈的性格，怕是会直接把你解决掉"}, {"uid": "88237687", "content": "不要靠那么近啊喂！（"}, {"uid": "253954215", "content": "浏览器，启动"}, {"uid": "35026748", "content": "co↑co↓"}, {"uid": "35026748", "content": "诸 君"}, {"uid": "444944058", "content": "？打……桩？？？"}, {"uid": "19466817", "content": "好家伙，魈要忙死了，各种倒贴的妹子"}, {"uid": "35425902", "content": "你脸红个泡泡茶壶"}, {"uid": "19751924", "content": "都怪金憨憨23333"}, {"uid": "13266882", "content": "hi哈哈哈哈哈哈哈"}, {"uid": "17795045", "content": "他想吃豆腐"}, {"uid": "106636830", "content": "火子哥还行"}, {"uid": "301140935", "content": "她兴奋起来了"}, {"uid": "221151239", "content": "好啊来击剑吧！"}, {"uid": "8662504", "content": "原神免费卖给你们亏了"}, {"uid": "7543791", "content": "不是一个声线好吧 更像游戏人生里面的利库声线 仔细听"}, {"uid": "7689013", "content": "医生怎么说"}, {"uid": "281244125", "content": "今天b站就看到这了"}, {"uid": "7315022", "content": "人传人"}, {"uid": "344246865", "content": "哈哈哈哈这配的卡痰了"}, {"uid": "422785787", "content": "金憨憨行为"}, {"uid": "163549651", "content": "一库！！！"}, {"uid": "163549651", "content": "魈：我不去"}, {"uid": "691152649", "content": "当我发出这话时，不是我有问题而是你有问题"}, {"uid": "516801578", "content": "我不同意！"}, {"uid": "516801578", "content": "老同人了"}, {"uid": "78009815", "content": "来♂战"}, {"uid": "471734616", "content": "这声线，只能是松冈了吧"}, {"uid": "50066403", "content": "果然，中文没内味（）"}, {"uid": "323953409", "content": "中文好好啊awsl"}, {"uid": "278334135", "content": "不对劲"}, {"uid": "104349408", "content": "系好安全带"}, {"uid": "104349408", "content": "果然"}, {"uid": "695385561", "content": "不对劲！！！"}, {"uid": "411351037", "content": "对，你卡了"}, {"uid": "23171205", "content": "怪起来了？？？？？"}, {"uid": "441932193", "content": "魈的手在干什么！！！！"}, {"uid": "35431020", "content": "逐渐不对劲"}, {"uid": "88976459", "content": "仙人跳"}, {"uid": "313656647", "content": "突然脸红"}, {"uid": "396962384", "content": "原来你也玩原神"}, {"uid": "859133", "content": "车速太快"}, {"uid": "515141436", "content": "这车速"}, {"uid": "33975422", "content": "6666"}, {"uid": "33200310", "content": "蓄意轰拳，强手裂颅，叹为观止"}, {"uid": "699821992", "content": "为什么我听着像桐老爷的声线"}, {"uid": "699821992", "content": "虽然我也想要你，但是！离老子的魈老公远点！"}, {"uid": "31003627", "content": "啊，，我一下才一万多555"}, {"uid": "440502224", "content": "开始了开始了"}, {"uid": "87826338", "content": "hso"}, {"uid": "13516876", "content": "不对劲了"}, {"uid": "31298127", "content": "我去去就来"}, {"uid": "31298127", "content": "金憨憨行为"}, {"uid": "598709077", "content": "（拉稀卡住硬拉的声音）"}, {"uid": "4996448", "content": "老直男了"}, {"uid": "4996448", "content": "入戏了还"}, {"uid": "28345164", "content": "55级吗。。这是刚出就玩了啊"}, {"uid": "9539753", "content": "直接给你送走"}, {"uid": "79896279", "content": "叹为观止"}, {"uid": "19751924", "content": "金憨憨行为"}, {"uid": "677948980", "content": "死傲娇啦"}, {"uid": "291887104", "content": "？！？？！！？！"}, {"uid": "4644233", "content": "已经够近了吧"}, {"uid": "30635758", "content": "五星武器，标配输出当然强"}, {"uid": "13266882", "content": "哈哈哈哈哈哈哈嗝"}, {"uid": "7671373", "content": "....我一时竟然不知道该羡慕哪个"}, {"uid": "588690415", "content": "不对劲"}, {"uid": "500382500", "content": "我酸了"}, {"uid": "479119268", "content": "虚空对线"}, {"uid": "48581637", "content": "哈哈哈还要"}, {"uid": "8788116", "content": "妹啊，喝的是桃子酒"}, {"uid": "637513018", "content": "我不对劲了"}, {"uid": "2896843", "content": "请停止你的松岗行为"}, {"uid": "3636324", "content": "咦~你脸红了"}, {"uid": "422785787", "content": "金憨憨行为"}, {"uid": "11333742", "content": "怪起来了"}, {"uid": "163549651", "content": "此处有点不对啊"}, {"uid": "516801578", "content": "要来了"}, {"uid": "54004872", "content": "感觉两个声线好像"}, {"uid": "401779088", "content": "我该酸谁"}, {"uid": "354929908", "content": "你在摸哪里啊老公"}, {"uid": "229148683", "content": "奇怪的词语"}, {"uid": "229148683", "content": "不亏你，哈哈哈"}, {"uid": "2309780", "content": "中二了起来"}, {"uid": "527015549", "content": "正片开始"}, {"uid": "27268121", "content": "自我攻略"}, {"uid": "415083603", "content": "不对劲，很不对劲"}, {"uid": "355765425", "content": "怎么听怎么松冈..."}, {"uid": "433983217", "content": "欧勒哇刚大木哒"}, {"uid": "366132503", "content": "虎狼之词"}, {"uid": "23171205", "content": "来了来了"}, {"uid": "197471427", "content": "卡成ppt了"}, {"uid": "282263772", "content": "趁热食用"}, {"uid": "313656647", "content": "不对劲"}, {"uid": "445524517", "content": "魈在摸巫沐头发233"}, {"uid": "452383356", "content": "我不对劲"}, {"uid": "15677847", "content": "？？？？？？？？"}, {"uid": "44721267", "content": "憨憨行为"}, {"uid": "398871107", "content": "az，绝了！"}, {"uid": "257437523", "content": "这都有人传火？"}, {"uid": "515141436", "content": "由我来杀死？"}, {"uid": "281148970", "content": "搞得我也想。。"}, {"uid": "346216551", "content": "和噗鸢"}, {"uid": "1427474657", "content": "？？？？？"}, {"uid": "385872453", "content": "上勾拳"}, {"uid": "1933073", "content": "？？？？？？"}, {"uid": "453038292", "content": "我不对劲"}, {"uid": "550409833", "content": "不对劲"}, {"uid": "440502224", "content": "怪起来了"}, {"uid": "11568073", "content": "不是吧阿sir"}, {"uid": "15189444", "content": "疯了疯了"}, {"uid": "28588966", "content": "原来你也玩原神"}, {"uid": "94176216", "content": "不对劲"}, {"uid": "91757410", "content": "啊sir 不会吧 这都能开车"}, {"uid": "431243119", "content": "？？？？？？？？？？"}, {"uid": "302486697", "content": "好甜啊草"}, {"uid": "4596306", "content": "反向出题"}, {"uid": "34871965", "content": "原来你也玩原神"}, {"uid": "470221112", "content": "不对劲"}, {"uid": "470221112", "content": "不对劲"}, {"uid": "493283599", "content": "为何么…仅仅是不香任人宰割罢了"}, {"uid": "88165334", "content": "？问题发炎"}, {"uid": "383319872", "content": "i了i了"}, {"uid": "383319872", "content": "去了去了"}, {"uid": "493030783", "content": "不愧是你"}, {"uid": "505002241", "content": "哈哈"}, {"uid": "111664066", "content": "就是松岗配音，一听就听出来了"}, {"uid": "4284598", "content": "还是你会玩"}, {"uid": "21431013", "content": "？？？？？"}, {"uid": "281244125", "content": "——?"}, {"uid": "22923238", "content": "桐姥爷配的都是这种角色啊"}, {"uid": "6646464", "content": "前来嘲笑"}, {"uid": "3798398", "content": "大脑在颤抖！"}, {"uid": "189514318", "content": "這個症狀持續多久了"}, {"uid": "54945993", "content": "西裂！！！！！"}, {"uid": "517157949", "content": "逐渐变色"}, {"uid": "589746006", "content": "这声线一听就是桐姥爷开小号了"}, {"uid": "438976420", "content": "这是小樊哥的号"}, {"uid": "10775746", "content": "好活！"}, {"uid": "496148186", "content": "我不对劲"}, {"uid": "429642768", "content": "这糟糕的台词"}, {"uid": "301140935", "content": "燃起来了"}, {"uid": "93851259", "content": "松冈诶"}, {"uid": "630491414", "content": "关上39分钟的大门 "}, {"uid": "520688508", "content": "撒斯纳瓦污沐，平地起飞啊"}, {"uid": "673418101", "content": "你脸红个泡泡茶壶"}, {"uid": "202517776", "content": "我直接一个问号的打"}, {"uid": "35172920", "content": "我不对劲"}, {"uid": "648505698", "content": "一口老痰doge"}, {"uid": "167440326", "content": "不对劲"}, {"uid": "188652171", "content": "不对劲"}, {"uid": "258115030", "content": "是我手机卡了还是视频卡啊这段"}, {"uid": "514675929", "content": "自然是得有多闲吗？"}, {"uid": "44631769", "content": "都是金憨憨的错啊。。。"}, {"uid": "402704", "content": "强手裂颅！"}, {"uid": "398871107", "content": "不对劲！"}, {"uid": "257437523", "content": "原来你也玩战双？"}, {"uid": "168270477", "content": "但凡有20树脂（？）"}, {"uid": "14347719", "content": "哈哈哈哈"}, {"uid": "2094875980", "content": "火系大剑人上人，原来你也玩原神"}, {"uid": "1651709806", "content": "这台词不对劲 "}, {"uid": "483720624", "content": "桐人的声线？"}, {"uid": "510135263", "content": "原来你也玩原神"}, {"uid": "500554598", "content": "建议0.75倍速"}, {"uid": "440502224", "content": "开始了"}, {"uid": "189790832", "content": "魈的cv就是松岗"}, {"uid": "16068113", "content": "哈哈哈"}, {"uid": "344766992", "content": "前面那位，綾華是稻妻角色啊wwwww"}, {"uid": "2269002", "content": "？？？？？？？"}, {"uid": "35919537", "content": "？？？？？？？？？"}, {"uid": "104674435", "content": "？？？？？"}, {"uid": "441968013", "content": "好活"}, {"uid": "14508827", "content": "一时间不知道该酸谁"}, {"uid": "13266882", "content": "草hso"}, {"uid": "13266882", "content": "哈哈哈哈哈哈哈嗝"}, {"uid": "400335421", "content": "？？？？"}, {"uid": "321981371", "content": "不对劲。。"}, {"uid": "15457047", "content": "不对劲"}, {"uid": "508708438", "content": "不对劲"}, {"uid": "15138435", "content": "哈哈哈哈哈哈"}, {"uid": "488445933", "content": "？？？？？？"}, {"uid": "15918657", "content": "嗯？"}, {"uid": "413304490", "content": "松岗？？？"}, {"uid": "489601966", "content": "你开车？"}, {"uid": "693109", "content": "左手放哪呢"}, {"uid": "92683820", "content": "好家伙 一个金憨憨带坏多少人？"}, {"uid": "352117357", "content": "怎么感觉像一口老痰（"}, {"uid": "237518089", "content": "离谱"}, {"uid": "39637223", "content": "猝不及防"}, {"uid": "516801578", "content": "？？？？？？。"}, {"uid": "243888594", "content": "前面的太真实了"}, {"uid": "229148683", "content": "啊啊啊啊啊，我受不了"}, {"uid": "102836833", "content": "？？？？？？"}, {"uid": "493759493", "content": "不对劲？？"}, {"uid": "549912777", "content": "？？？？？？？？？？？？？"}, {"uid": "702849747", "content": "你脸红个绝云椒椒"}, {"uid": "21098678", "content": "我也卡了"}, {"uid": "97167955", "content": "？？？？？"}, {"uid": "178445390", "content": "？？？？？？"}, {"uid": "171703387", "content": "？？？？？"}, {"uid": "167440326", "content": "来了来了"}, {"uid": "306420195", "content": "真会啊"}, {"uid": "1844369459", "content": "我抽到过一命的魈就离谱。"}, {"uid": "618431796", "content": "桐人哦"}, {"uid": "443607294", "content": "桐姥爷声优唉"}, {"uid": "33289985", "content": "哈哈哈"}, {"uid": "650288411", "content": "真实"}, {"uid": "20353286", "content": "？？？？"}, {"uid": "470755298", "content": "啊这。。。"}, {"uid": "43427634", "content": "？？？？"}, {"uid": "43427634", "content": "？？？？？？？"}, {"uid": "386968609", "content": "你也来？"}, {"uid": "1933073", "content": "？？？？？？"}, {"uid": "480226377", "content": "但凡有20……"}, {"uid": "397471039", "content": "竟然差不多高"}, {"uid": "11568073", "content": "？？？？"}, {"uid": "92648607", "content": "松岗～"}, {"uid": "294042441", "content": "原来你也玩原神"}, {"uid": "8122941", "content": "好家伙"}, {"uid": "437688387", "content": "???????\\"}, {"uid": "168880892", "content": "？？？？"}, {"uid": "4996448", "content": "草"}, {"uid": "353379482", "content": "？？？？？？？？？"}, {"uid": "13643857", "content": "你也来"}, {"uid": "19751924", "content": "好家伙还有设定"}, {"uid": "22207796", "content": "？？？？？？"}, {"uid": "50650670", "content": "不对劲"}, {"uid": "443134715", "content": "原来你也玩原神"}, {"uid": "291887104", "content": "。？？？？？？？？"}, {"uid": "15662132", "content": "hso"}, {"uid": "89951765", "content": "金憨憨背锅"}, {"uid": "36268981", "content": "？？？？？？"}, {"uid": "299874636", "content": "好活"}, {"uid": "121180469", "content": "？？？？"}, {"uid": "397189439", "content": "哈哈哈哈哈哈哈哈哈"}, {"uid": "30836627", "content": "？？？？？？"}, {"uid": "17795045", "content": "绝了"}, {"uid": "21431013", "content": "？？？？？？？？？？？？？？"}, {"uid": "21431013", "content": "？？？？？？？？？"}, {"uid": "97015933", "content": "草"}, {"uid": "518150659", "content": "？？？？？？？？？"}, {"uid": "219593670", "content": "一天三刷"}, {"uid": "24206404", "content": "绝活"}, {"uid": "241513", "content": "？？？？"}, {"uid": "116100346", "content": "劲夫劲夫，全场欢呼"}, {"uid": "477837602", "content": "？？？？？"}, {"uid": "53160265", "content": "金憨憨开发了原神的全新玩法"}, {"uid": "12430949", "content": "？？？？？？？？？？？？？？"}, {"uid": "53288115", "content": "要来了"}, {"uid": "1627396", "content": "长筒袜"}, {"uid": "14694117", "content": "23333"}, {"uid": "517157949", "content": "？？？？？？？？"}, {"uid": "219593670", "content": "这种时候我又不知道该羡慕谁了"}, {"uid": "493759493", "content": "？？？？？？"}, {"uid": "177454410", "content": "一开口就是老松岗了"}, {"uid": "521580412", "content": "烫手"}, {"uid": "549912777", "content": "又卡痰了"}, {"uid": "702849747", "content": "果然来了吗"}, {"uid": "80015977", "content": "放开umo，让我来！"}, {"uid": "313014828", "content": "Umo的痴汉笑"}, {"uid": "160500494", "content": "全程高能"}, {"uid": "282263772", "content": "卡痰了"}, {"uid": "346410992", "content": "来了来了"}, {"uid": "40647307", "content": "草"}, {"uid": "11611098", "content": "??????????"}, {"uid": "193400212", "content": "正片开始"}, {"uid": "39830255", "content": "？？？？。"}, {"uid": "406100581", "content": "巫沐加油！"}, {"uid": "411524502", "content": "？？？？？？？？"}, {"uid": "43427634", "content": "？？？？"}, {"uid": "3448669", "content": "卧槽"}, {"uid": "13062436", "content": "？？？？？"}, {"uid": "6194506", "content": "我是松岗"}, {"uid": "87826338", "content": "？？？？？？？"}, {"uid": "87826338", "content": "???????"}, {"uid": "437688387", "content": "??????????"}, {"uid": "20358676", "content": "？？？？？"}, {"uid": "470410664", "content": "草"}, {"uid": "335999959", "content": "？"}, {"uid": "403458229", "content": "？？？？"}, {"uid": "403458229", "content": "？？？？"}, {"uid": "31683212", "content": "？"}, {"uid": "359107871", "content": "？？？？"}, {"uid": "22207796", "content": "？？？？"}, {"uid": "28704270", "content": "雪之国？凌华?"}, {"uid": "62054100", "content": "建议去看cv表，魈日配确实是松冈，我就是日配，刚开始我都震惊了"}, {"uid": "385746108", "content": "？？？？？？"}, {"uid": "1937057", "content": "2333"}, {"uid": "476266642", "content": "在现场"}, {"uid": "400335421", "content": "？？？？"}, {"uid": "372794604", "content": "原来你也玩原神"}, {"uid": "241513", "content": "....."}, {"uid": "433729926", "content": "唯一神"}, {"uid": "433086114", "content": "老松岗了"}, {"uid": "2747598", "content": "是什么把你变成这样子？原神么？.jpg"}, {"uid": "57860634", "content": "好家伙"}, {"uid": "501003", "content": "你也来？"}, {"uid": "14954116", "content": "好快"}, {"uid": "90386631", "content": "好浓的一股桐人味道"}, {"uid": "306903058", "content": "好活"}, {"uid": "21766428", "content": "击剑"}, {"uid": "35711173", "content": "kokodayo"}, {"uid": "296952341", "content": "松岗的祝生日好听有感觉"}, {"uid": "104111001", "content": "？？？？"}, {"uid": "36525666", "content": "？？？？"}, {"uid": "400083357", "content": "雪之国？  至冬国？"}, {"uid": "476978470", "content": "在现场"}, {"uid": "6303242", "content": "？？？？？"}, {"uid": "171315027", "content": "不愧是松岗"}, {"uid": "323953409", "content": "？？？？？？？"}, {"uid": "31838829", "content": "kusa！"}, {"uid": "80015977", "content": "不对劲"}, {"uid": "426920312", "content": "不对劲锕"}, {"uid": "159325651", "content": "？？？？？？"}, {"uid": "648505698", "content": "不对劲"}, {"uid": "197471427", "content": "来战？战什么？"}, {"uid": "516474343", "content": "热乎的"}, {"uid": "178445390", "content": "hhhh"}, {"uid": "240636362", "content": "卡痰了"}, {"uid": "178445390", "content": "好活"}, {"uid": "8346969", "content": "屑"}, {"uid": "509316741", "content": "当你看到这条弹幕时，你就不是第一个了"}, {"uid": "88976459", "content": "至冬？"}, {"uid": "402704", "content": "草"}, {"uid": "647560096", "content": "？？？？"}, {"uid": "31286105", "content": "草"}, {"uid": "669308115", "content": "。。。。"}, {"uid": "342042311", "content": "松岗？"}, {"uid": "1651709806", "content": "？？？？"}, {"uid": "43427634", "content": "？？？？"}, {"uid": "651487366", "content": "原来你也玩原神"}, {"uid": "86005848", "content": "抓根宝？"}, {"uid": "702802484", "content": "？？？？？？？？"}, {"uid": "630689963", "content": "我l"}, {"uid": "1435268", "content": "@卡特亚"}, {"uid": "393638596", "content": "？？？"}, {"uid": "68036439", "content": "？？？"}, {"uid": "496885470", "content": "懈怠"}, {"uid": "262818156", "content": "？"}, {"uid": "507228917", "content": "？？？"}, {"uid": "488168506", "content": "草？"}, {"uid": "294660906", "content": "日文是神配的吧"}, {"uid": "27996929", "content": "？"}, {"uid": "224636508", "content": "???"}, {"uid": "515801650", "content": "白和空（doge）"}, {"uid": "3493719", "content": "？"}, {"uid": "4130453", "content": "？"}, {"uid": "444706781", "content": "？"}, {"uid": "2027303", "content": "草"}, {"uid": "385746108", "content": "好家伙"}, {"uid": "14229053", "content": "你脸红啦"}, {"uid": "350273449", "content": "？？？"}, {"uid": "412632780", "content": "hxd，是松冈，别在打松岗了行不行"}, {"uid": "24460239", "content": "？？"}, {"uid": "500382500", "content": "污沫"}, {"uid": "85258425", "content": "？？？"}, {"uid": "9466911", "content": "草草草"}, {"uid": "693109", "content": "草"}, {"uid": "84843669", "content": "草"}, {"uid": "522673027", "content": "？？？"}, {"uid": "174843162", "content": "就是松岗的cv"}, {"uid": "400675832", "content": "????"}, {"uid": "516801578", "content": "hhhhh"}, {"uid": "296952341", "content": "好活"}, {"uid": "516434643", "content": "我来了"}, {"uid": "429642768", "content": "（暗示没比甘雨强，别抽）"}, {"uid": "493759493", "content": "？？？"}, {"uid": "515719558", "content": "我没开弹幕？"}, {"uid": "40010469", "content": "啊这"}, {"uid": "38401216", "content": "在现场"}, {"uid": "1749282718", "content": "？？？"}, {"uid": "1749282718", "content": "???"}, {"uid": "363903084", "content": "松岗？"}, {"uid": "161026078", "content": "？"}, {"uid": "398871107", "content": "az"}, {"uid": "527911397", "content": "？？？？"}, {"uid": "50454035", "content": "？？？"}, {"uid": "489882013", "content": "啊啊啊啊啊"}, {"uid": "296369526", "content": "？？？"}, {"uid": "205369442", "content": "污沐。。。？"}, {"uid": "23362230", "content": "？？？"}, {"uid": "438535743", "content": "？？？"}, {"uid": "609056851", "content": "松岗"}, {"uid": "52802656", "content": "？？？"}, {"uid": "43427634", "content": "？？？"}, {"uid": "26144173", "content": "如遇抽卡保底之难，深渊卡关之难，打怪刮痧之难，刷本渡火之难，强化必歪之难，原石紧缺之难，便呼我名，三眼五显仙人魈，听召，前来嘲笑​"}, {"uid": "43427634", "content": "？？？"}, {"uid": "699821992", "content": "离我魈老公远点！"}, {"uid": "512742247", "content": "xswl"}, {"uid": "440502224", "content": "草"}, {"uid": "291269943", "content": "魈的日文声优就是松岗啊啊啊啊啊啊啊啊"}, {"uid": "251500465", "content": "？？？"}, {"uid": "252633594", "content": "火子哥？"}, {"uid": "3493719", "content": "？"}, {"uid": "4130453", "content": "？？"}, {"uid": "342078413", "content": "吃豆腐"}, {"uid": "3285476", "content": "前一秒以为是日v现在觉得是国v你们居然告诉我就是日v？？"}, {"uid": "62015488", "content": "？"}, {"uid": "309425785", "content": "www"}, {"uid": "291887104", "content": "？？？？"}, {"uid": "291887104", "content": "？？？？"}, {"uid": "17795045", "content": "绝活"}, {"uid": "17795045", "content": "好活"}, {"uid": "441616547", "content": "草"}, {"uid": "483424766", "content": "呃呃呃呃(~_~;)，跟憨憨有一拼！"}, {"uid": "26553213", "content": "你也玩原神吗？"}, {"uid": "39101512", "content": "至冬"}, {"uid": "34773476", "content": "像桐人"}, {"uid": "57860634", "content": "???"}, {"uid": "489601966", "content": "？"}, {"uid": "308765239", "content": "到底是谁不对经"}, {"uid": "179481369", "content": "？"}, {"uid": "272265974", "content": "污沐\\umo/"}, {"uid": "305744953", "content": "？"}, {"uid": "14954116", "content": "桐人君"}, {"uid": "93207855", "content": "？？？"}, {"uid": "43848098", "content": "？"}, {"uid": "255169388", "content": "？？？"}, {"uid": "401364606", "content": "松岗？"}, {"uid": "185763227", "content": "？？？"}, {"uid": "295577043", "content": "就是松冈"}, {"uid": "266578430", "content": "前面的这不是小樊哥的号吗，UMO在他的号里出了，就是来这里试用"}, {"uid": "104349408", "content": "wwwww"}, {"uid": "470192627", "content": "车车，好快的车车"}, {"uid": "13362451", "content": "你也玩原神啊"}, {"uid": "520225948", "content": "桐姥爷？"}, {"uid": "80015977", "content": "？"}, {"uid": "178950738", "content": "？？？"}, {"uid": "21098678", "content": "？？？"}, {"uid": "648505698", "content": "魈啊啊啊啊啊啊啊"}, {"uid": "687458725", "content": "11分钟还热乎。"}, {"uid": "396080790", "content": "看来还有人没来"}, {"uid": "432662112", "content": "啊？？？"}, {"uid": "398871107", "content": "az"}, {"uid": "398871107", "content": "az"}, {"uid": "3434144", "content": "屑国"}, {"uid": "1651709806", "content": "？？？？？"}, {"uid": "372313289", "content": "????"}, {"uid": "346216551", "content": "？？？"}, {"uid": "1427474657", "content": "桐老爷呀"}, {"uid": "23289374", "content": "????"}, {"uid": "11761383", "content": "？？？"}, {"uid": "9469049", "content": "？"}, {"uid": "507228917", "content": "？？？"}, {"uid": "226136420", "content": "？"}, {"uid": "224636508", "content": "？？？"}, {"uid": "356261835", "content": "贴贴"}, {"uid": "401594584", "content": "?"}, {"uid": "180294578", "content": "？？？"}, {"uid": "206266666", "content": "？"}, {"uid": "31876947", "content": "？？？"}, {"uid": "3000381", "content": "？"}, {"uid": "2147434", "content": "啊这"}, {"uid": "25331200", "content": "草"}, {"uid": "22827541", "content": "就是松岗啊"}, {"uid": "313239773", "content": "福莱格"}, {"uid": "1353538209", "content": "啊这"}, {"uid": "185763227", "content": "？"}, {"uid": "429642768", "content": "好中二"}, {"uid": "189755914", "content": "？"}, {"uid": "412714753", "content": "吸吸吸"}, {"uid": "415083603", "content": "卡？"}, {"uid": "98705630", "content": "后宫王名不虚传跨次元收后宫"}, {"uid": "104349408", "content": "？？？"}, {"uid": "251658318", "content": "污沫？"}, {"uid": "185854251", "content": "？？？"}, {"uid": "178445390", "content": "好耶"}, {"uid": "501713442", "content": "来了"}, {"uid": "339892409", "content": "窝里斗准备!!!!!!!!!!"}, {"uid": "81256983", "content": "本来就是松岗"}, {"uid": "36406708", "content": "???????????????"}, {"uid": "398590612", "content": "感觉umo好胖"}, {"uid": "490604040", "content": "魈难道不是钟离老爷的吗。。。。"}]