[{"uid": "354112", "content": "这样太可爱了"}, {"uid": "18134581", "content": "阿哲，还撩头发"}, {"uid": "5833488", "content": "坏了，这表情太懂了，单推了"}, {"uid": "340961822", "content": "说话像机器人一样"}, {"uid": "340961822", "content": "擦玻璃"}, {"uid": "737724", "content": "奇怪的方言"}, {"uid": "5345240", "content": "四川话？？哈哈哈哈"}, {"uid": "516801578", "content": "奇怪方言"}, {"uid": "681316", "content": "ohohoh 高机动皮 我好爱"}, {"uid": "307315372", "content": "这唱歌的声音suki"}, {"uid": "29218197", "content": "太可爱了哈哈哈哈哈哈"}, {"uid": "14314683", "content": "推了！都可以推！好可爱"}, {"uid": "229599391", "content": "这个表情啊啊啊啊啊啊"}, {"uid": "398504901", "content": "像四川话哈哈哈哈"}, {"uid": "173988043", "content": "初見  かわいい  D了"}, {"uid": "55950", "content": "去找熊姐儿"}, {"uid": "8540019", "content": "做很多开心的事？！对不起我带了有颜色的眼镜，这就摘下来"}, {"uid": "23321462", "content": "记住我的名字 太古轩辕皇 第一批关注你的人"}, {"uid": "8084810", "content": "哈哈哈哈哈突然好像方言"}, {"uid": "179162519", "content": "太可爱了"}, {"uid": "179162519", "content": "好可爱～"}, {"uid": "179162519", "content": "太可爱了！"}, {"uid": "179162519", "content": "可爱可爱！！！"}, {"uid": "179162519", "content": "好可爱！！"}, {"uid": "7546488", "content": "她说她爱我，她心里有我"}, {"uid": "107372", "content": "旗袍终于要做完了吗"}, {"uid": "323636109", "content": "最近好多会中文的日V入驻B站啊"}, {"uid": "37498897", "content": "好可爱！"}, {"uid": "131557866", "content": "？！？！"}, {"uid": "607232012", "content": "van游戏"}, {"uid": "480457683", "content": "现在关注就是老粉丝了"}, {"uid": "20507129", "content": "四川老乡"}, {"uid": "291123329", "content": "现在关注，以后我就是老粉了"}, {"uid": "179162519", "content": "太可爱了！！！"}, {"uid": "179162519", "content": "好可爱≧∇≦"}, {"uid": "107372", "content": "我先放一棵桃树在这里，大家随便吃"}, {"uid": "323636109", "content": "真超高可动性"}, {"uid": "23371852", "content": "可爱 D了"}, {"uid": "5911", "content": "这个声音……"}, {"uid": "277992752", "content": "好可爱，推了"}, {"uid": "65762246", "content": "老婆好知道了"}, {"uid": "617242250", "content": "好可爱啊啊啊啊啊！"}, {"uid": "307315372", "content": "然后吃火锅。"}, {"uid": "29218197", "content": "单推是不可能的，我是dd头子"}, {"uid": "487879083", "content": "好可爱！！！"}, {"uid": "57797379", "content": "珈百璃哈哈哈哈"}, {"uid": "14641387", "content": "单推！结婚！"}, {"uid": "274373267", "content": "初めましてシングルプッシュ愛"}, {"uid": "179162519", "content": "可爱可爱"}, {"uid": "179162519", "content": "可爱可爱"}, {"uid": "179162519", "content": "可爱可爱！！！"}, {"uid": "417469644", "content": "awsl"}, {"uid": "341662539", "content": "可爱！！"}, {"uid": "180327825", "content": "单推单推"}, {"uid": "123736448", "content": "可爱！"}, {"uid": "111206195", "content": "好可爱"}, {"uid": "353531538", "content": "这设定好有趣"}, {"uid": "55950", "content": "表情包GET"}, {"uid": "3674812", "content": "这就单挑"}, {"uid": "2941201", "content": "可爱"}, {"uid": "8120148", "content": "在天津长大"}, {"uid": "3885523", "content": "来了来了来了"}, {"uid": "11857426", "content": "这模型可以的啊"}, {"uid": "35177700", "content": "哈哈哈哈"}, {"uid": "131557866", "content": "這個中文，推了"}, {"uid": "452948359", "content": "老乡啊"}, {"uid": "190055146", "content": "别擦了别擦了"}, {"uid": "95310562", "content": "那不是毛毛虫吗"}, {"uid": "233675411", "content": "ohhhhhhhhhhhhhhhhhhhhhh"}, {"uid": "179162519", "content": "好喜欢≧∇≦"}, {"uid": "179162519", "content": "可爱！！！！"}, {"uid": "354293575", "content": "可爱"}, {"uid": "480536103", "content": "kwi———"}, {"uid": "23169957", "content": "好可爱呜呜呜"}, {"uid": "2180116", "content": "为什么感觉像qq炫舞"}, {"uid": "484162596", "content": "kksk"}, {"uid": "617242250", "content": "啊啊啊啊好可爱"}, {"uid": "4544272", "content": "单推"}, {"uid": "228011537", "content": "老婆！"}, {"uid": "437598644", "content": "哇塞，中文贼好"}, {"uid": "8322986", "content": "太可爱了呜呜"}, {"uid": "71542676", "content": "夢月真白"}, {"uid": "307315372", "content": "真好"}, {"uid": "502112079", "content": "不要单推不要单推，要推倒【脱单doge】"}, {"uid": "212101", "content": "kawaii "}, {"uid": "203821", "content": "！！！好棒"}, {"uid": "179162519", "content": "这个是新皮"}, {"uid": "179162519", "content": "单推单推！！"}, {"uid": "179162519", "content": "wow"}, {"uid": "500397238", "content": "哈哈"}, {"uid": "72301814", "content": "我可以"}, {"uid": "673003824", "content": "啊"}, {"uid": "668155074", "content": "台湾语"}, {"uid": "34959019", "content": "看垃圾的眼神"}, {"uid": "283324722", "content": "同天生日!!"}, {"uid": "472437427", "content": "你是不是四川的"}, {"uid": "104449304", "content": "哇哇哇"}, {"uid": "600274002", "content": "老婆我也爱你"}, {"uid": "506671263", "content": "单推！"}, {"uid": "2941201", "content": "害怕"}, {"uid": "179162519", "content": "喵喵喵～"}, {"uid": "179162519", "content": "awsl"}, {"uid": "240328571", "content": "可爱"}, {"uid": "45594563", "content": "四川话？"}, {"uid": "316713368", "content": "w c"}, {"uid": "507847035", "content": "好纠结"}, {"uid": "201631582", "content": "kksk"}, {"uid": "440986155", "content": "awsl"}, {"uid": "310951933", "content": "全是4声OVO"}, {"uid": "401560483", "content": "好萌"}, {"uid": "19553739", "content": "D了D了"}, {"uid": "5468261", "content": "可爱"}, {"uid": "179162519", "content": "我爱你！"}, {"uid": "179162519", "content": "害怕"}, {"uid": "107372", "content": "不是最近吧，你那只叫虾的博美养了好几个月了"}, {"uid": "483432273", "content": "不会中文请问是对国内有什么特殊的感情才入驻国内网站吗？哦哦，喜欢国内的RMB啊，那没事了"}, {"uid": "361033321", "content": "好耶！"}, {"uid": "199548107", "content": "老婆"}, {"uid": "134791534", "content": "awsl"}, {"uid": "432268061", "content": "老婆我也爱你"}, {"uid": "2221278", "content": "撒塔尼亚？"}, {"uid": "203927468", "content": "我爱你"}, {"uid": "420287671", "content": "wyyyyyyy"}, {"uid": "233752915", "content": "谁啊！"}, {"uid": "310951933", "content": "先d了再说"}, {"uid": "16989948", "content": "危"}, {"uid": "179162519", "content": "suki！"}, {"uid": "13807539", "content": "害怕"}, {"uid": "31294915", "content": "同日生！"}, {"uid": "391512871", "content": "爱你哦"}, {"uid": "234857786", "content": "大家好，我是“了博美犬”"}, {"uid": "502112079", "content": "hso"}, {"uid": "437057476", "content": "新老婆"}, {"uid": "636428982", "content": "请把我当垃圾一样看待！"}, {"uid": "455843256", "content": "这个表情好啊啊啊啊这个表情好！！！！！"}, {"uid": "365905499", "content": "我靠我靠我靠好可爱啊啊啊啊啊啊啊"}]