[{"uid": "354112", "content": "这孩子怎么这么可爱"}, {"uid": "13542638", "content": "hso"}, {"uid": "13542638", "content": "害怕"}, {"uid": "34150958", "content": "可什么爱，hso!!"}, {"uid": "34150958", "content": "难道不是太过baka嘛"}, {"uid": "27278447", "content": "太可爱了！"}, {"uid": "29077187", "content": "i了"}, {"uid": "3241720", "content": "实时翻译有点可爱"}, {"uid": "277992752", "content": "hso"}, {"uid": "86302227", "content": "哈哈哈哈哈哈"}, {"uid": "65762246", "content": "社保"}, {"uid": "617242250", "content": "这个笑声我无了啊啊啊啊啊啊啊啊好可爱"}, {"uid": "365804771", "content": "好色"}, {"uid": "350234163", "content": "好耶"}, {"uid": "451293489", "content": "hso，"}, {"uid": "253072828", "content": "hso"}, {"uid": "74231667", "content": "妹啊你完全在蒙啊"}, {"uid": "74231667", "content": "这个零是汉字么"}, {"uid": "179162519", "content": "好可爱"}, {"uid": "179162519", "content": "可爱可爱"}, {"uid": "4912018", "content": "可爱！！！！！"}, {"uid": "7546488", "content": "jio"}, {"uid": "179162519", "content": "可爱"}]