[{"uid": "699465341", "content": "我也爱你哈哈"}, {"uid": "646048060", "content": "好可爱！！！！"}, {"uid": "179162519", "content": "太可爱了"}, {"uid": "179162519", "content": "太可爱了！"}, {"uid": "179162519", "content": "suki！！"}, {"uid": "179162519", "content": "mua～"}, {"uid": "179162519", "content": "可爱可爱"}, {"uid": "354385996", "content": "啊，受不了~"}, {"uid": "201631582", "content": "是心动的感觉"}, {"uid": "179162519", "content": "好可爱"}, {"uid": "179162519", "content": "awsl！"}, {"uid": "38214631", "content": "晚安你"}, {"uid": "179162519", "content": "好喜欢"}, {"uid": "6092143", "content": "mua~"}, {"uid": "112776970", "content": "我也爱你！！！"}, {"uid": "16289152", "content": "老婆，我也爱你！"}, {"uid": "29218197", "content": "hso"}, {"uid": "490597220", "content": "瓦哒西莫"}, {"uid": "16289152", "content": "我♡你"}, {"uid": "179162519", "content": "爱你"}, {"uid": "1522907", "content": "awsl"}, {"uid": "233675411", "content": "520"}, {"uid": "11010204", "content": "我也愛你"}, {"uid": "16289152", "content": "我爱你！"}, {"uid": "421764107", "content": "あなたが好きです"}, {"uid": "93518332", "content": "受不了啦"}, {"uid": "29218197", "content": "我也爱你————————————————！！！！！！"}, {"uid": "233675411", "content": "啊啊啊啊啊啊啊啊啊啊啊啊啊啊啊啊啊啊啊啊啊"}]