[{"uid": "1667344980", "content": "发烧了"}, {"uid": "179162519", "content": "太可爱了"}, {"uid": "90945413", "content": "真白可爱"}, {"uid": "3124944", "content": "kksk"}, {"uid": "1835009201", "content": "suki"}, {"uid": "1835009201", "content": "mua"}, {"uid": "482007265", "content": "这也太可爱了"}, {"uid": "3124944", "content": "太可愛了 ~!"}, {"uid": "169369734", "content": "mua"}, {"uid": "6247656", "content": "ww"}, {"uid": "2128463", "content": "可爱可爱可爱"}, {"uid": "361033321", "content": "mua"}, {"uid": "4912018", "content": "mua"}, {"uid": "3045069", "content": "她亲我了，她心里有我！"}, {"uid": "3045069", "content": "suki！"}, {"uid": "431327710", "content": "prprprpr"}, {"uid": "3124944", "content": "可愛!!!!!"}, {"uid": "431331129", "content": "全部が可愛すぎる；；"}, {"uid": "431331129", "content": "やばすぎ；；；；；"}, {"uid": "431331129", "content": "やばい……"}, {"uid": "431331129", "content": "かわいい"}, {"uid": "933693", "content": "mua"}, {"uid": "933693", "content": "kwiiiii"}, {"uid": "933693", "content": "suki！"}, {"uid": "471708071", "content": "新衣服？"}, {"uid": "25569864", "content": "初见 喜欢 恋爱 结婚！"}, {"uid": "431327710", "content": "ｋｋｓｋ"}, {"uid": "431327710", "content": "超絶可愛い"}, {"uid": "65409195", "content": "真白！"}, {"uid": "431331129", "content": "声が綺麗すぎる；；；；"}, {"uid": "4912018", "content": "可爱"}, {"uid": "471708071", "content": "ヾ(≧▽≦*)o"}]