[{"uid": "428272726", "content": "弹窗被拦截了（"}, {"uid": "613898118", "content": "哈哈哈哈哈哈哈"}, {"uid": "613898118", "content": "哈哈哈哈哈笑死我了"}, {"uid": "613898118", "content": "速速撇清关系"}, {"uid": "613898118", "content": "这是我能免费看的吗"}, {"uid": "613898118", "content": "傲娇"}, {"uid": "613898118", "content": "开幕雷击"}, {"uid": "93806810", "content": "逻辑带师"}, {"uid": "613898118", "content": "哈哈哈哈哈哈哈哈"}, {"uid": "613898118", "content": "怎么会有这么傻的人"}, {"uid": "613898118", "content": "太好笑了"}, {"uid": "613898118", "content": "经典好人"}, {"uid": "613898118", "content": "一个好人"}, {"uid": "613898118", "content": "哈哈哈哈哈有猪鼻"}, {"uid": "613898118", "content": "跟你不熟"}, {"uid": "613898118", "content": "hso"}, {"uid": "613898118", "content": "小禾模糊"}, {"uid": "160036643", "content": "牛娃"}, {"uid": "17056473", "content": "很抱歉以这种方式认识你"}]