[{"uid": "351575290", "content": "哈哈哈哈"}, {"uid": "8300580", "content": "完了，彻底被骗了"}, {"uid": "8300580", "content": "被骗了"}, {"uid": "290770237", "content": "哈哈哈哈，居心叵测啊，舰长"}, {"uid": "33422254", "content": "很遗憾以这种方式认识你"}, {"uid": "338577929", "content": "哈哈哈哈"}, {"uid": "227014948", "content": "你再努力努力，争取给叔叔明天提辆新车"}, {"uid": "89242970", "content": "哈哈哈哈哈哈"}, {"uid": "89242970", "content": "哈哈哈哈哈"}, {"uid": "182021204", "content": "才够吃早餐？"}, {"uid": "39664711", "content": "混沌？"}, {"uid": "1319607808", "content": "这进度条不对劲"}, {"uid": "38615747", "content": "五百多块钱又没说比538少"}, {"uid": "343299596", "content": "有一说一，只有笨B会给自己上舰长"}, {"uid": "91584711", "content": "6啊"}, {"uid": "91584711", "content": "笑了"}, {"uid": "57677816", "content": "哈哈哈哈吧"}, {"uid": "14949234", "content": "开通了续费提督……"}, {"uid": "455019412", "content": "叔叔竟然是大聪明"}, {"uid": "3288529", "content": "hhhhhhhhhhhh"}, {"uid": "674558002", "content": "好活就是有点烂。"}, {"uid": "644768498", "content": "哈哈哈哈哈哈哈"}, {"uid": "349570174", "content": "干的漂亮~哈哈"}, {"uid": "254192", "content": "哈哈哈哈哈哈哈"}, {"uid": "254192", "content": "哈哈哈哈哈"}, {"uid": "219634577", "content": "自我感动"}, {"uid": "37937214", "content": "这是一百九十八块的问题"}, {"uid": "2146972948", "content": "草"}, {"uid": "55912846", "content": "笑出声"}, {"uid": "95340174", "content": "过期西蓝花:《装傻是吧》《真的》"}, {"uid": "314456286", "content": "好活当赏"}, {"uid": "293669348", "content": "谁会给自己上舰长啊！！！"}, {"uid": "65481711", "content": "然后她信了doge"}, {"uid": "5843049", "content": "好！"}, {"uid": "5843049", "content": "可正常人会给自己上舰长吗？"}, {"uid": "35421677", "content": "有钱人"}, {"uid": "168719411", "content": "我数学不好"}, {"uid": "55396505", "content": "哈哈哈哈哈哈哈哈，服了"}, {"uid": "33962168", "content": "sc"}, {"uid": "88445815", "content": "自己骗自己不属于诈骗"}, {"uid": "162073130", "content": "众筹一个138，哈哈"}, {"uid": "35817811", "content": "憨憨小禾"}, {"uid": "222283871", "content": "不是300多吗"}, {"uid": "168719411", "content": "发哈哈哈的我要暗鲨泥们"}, {"uid": "39603445", "content": "笑死我了"}, {"uid": "107596784", "content": "是这样的"}, {"uid": "107596784", "content": "好"}, {"uid": "18541981", "content": "哈哈哈哈哈哈"}, {"uid": "686072788", "content": "一个小时の提督"}, {"uid": "5024695", "content": "哈哈哈哈哈"}, {"uid": "490322991", "content": "？？？？？！！400多？？"}, {"uid": "34087982", "content": "哈哈哈哈"}, {"uid": "34790640", "content": "妙啊，居然还真有和某豹一样的啊"}, {"uid": "244379745", "content": "少壮不努力，老大VTB"}, {"uid": "10297420", "content": "哈哈哈哈"}, {"uid": "554531447", "content": "巅峰数学"}, {"uid": "7374267", "content": "哈哈哈哈哈"}, {"uid": "7729473", "content": "上当了"}, {"uid": "11773507", "content": "馄饨吧"}, {"uid": "225377881", "content": "？？？？？"}, {"uid": "404719826", "content": "sc"}, {"uid": "91584711", "content": "好活"}, {"uid": "145871836", "content": "哈哈哈哈哈哈哈"}, {"uid": "34790640", "content": "哈哈哈哈哈哈"}, {"uid": "17141091", "content": "哈哈哈哈"}, {"uid": "255289278", "content": "开幕雷击"}, {"uid": "10844637", "content": "笑死"}, {"uid": "168719411", "content": "弹幕发哈哈哈是吧，发哈哈哈的给我等着！"}, {"uid": "39603445", "content": "哈哈哈"}, {"uid": "569605418", "content": "198"}, {"uid": "427202173", "content": "538+"}]