[{"uid": "522927526", "content": "哈哈哈"}, {"uid": "37726304", "content": "绷住了 可还行"}, {"uid": "478894976", "content": "哈哈哈哈哈擦"}, {"uid": "478894976", "content": "老板绷不住了"}, {"uid": "37549877", "content": "重新定义早安回"}, {"uid": "37549877", "content": "太为难她了"}, {"uid": "37549877", "content": "哈哈哈哈哈哈哈哈哈阿"}, {"uid": "37549877", "content": "累了"}, {"uid": "37549877", "content": "这不成为黑历史的一刻都说不过去"}, {"uid": "37549877", "content": "我笑没了"}, {"uid": "37549877", "content": "太草了"}, {"uid": "37549877", "content": "我裂开了兄弟们"}, {"uid": "37549877", "content": "哈哈哈哈哈哈哈"}, {"uid": "37549877", "content": "哈哈哈哈哈哈"}, {"uid": "37549877", "content": "哈哈哈哈哈哈哈"}, {"uid": "37549877", "content": "100块Sc"}, {"uid": "612966859", "content": "？？？？！"}, {"uid": "612966859", "content": "？？？"}, {"uid": "612966859", "content": "宝宝巴士"}, {"uid": "612966859", "content": "多骂点，我喜欢"}, {"uid": "612966859", "content": "躺枪"}, {"uid": "612966859", "content": "草"}, {"uid": "612966859", "content": "？？？？"}, {"uid": "612966859", "content": "？"}, {"uid": "612966859", "content": "？？？？"}, {"uid": "612966859", "content": "我是dd快骂我（狗头）"}, {"uid": "612966859", "content": "这一刻傻禾的日语！！我爱了"}, {"uid": "612966859", "content": "疯狂生草"}, {"uid": "612966859", "content": "哈哈哈哈哈哈"}, {"uid": "612966859", "content": "干的漂亮"}, {"uid": "612966859", "content": "《温柔》"}, {"uid": "612966859", "content": "这就是石油佬吗哈哈哈哈嗝"}, {"uid": "612966859", "content": "做最真实的自我"}, {"uid": "612966859", "content": "营业小禾太可爱了淦"}, {"uid": "612966859", "content": "承包这个淑女的笑声"}, {"uid": "612966859", "content": "《勉为其难》"}, {"uid": "612966859", "content": "卧槽开幕雷击"}, {"uid": "11327698", "content": "节目效果满分！"}, {"uid": "37549877", "content": "开幕雷击"}, {"uid": "612966859", "content": "你再骂！"}, {"uid": "612966859", "content": "《贴心》"}, {"uid": "612966859", "content": "太草了"}, {"uid": "37549877", "content": "涩起来了，好怪哦"}, {"uid": "37549877", "content": "草"}, {"uid": "612966859", "content": "太草了"}, {"uid": "612966859", "content": "喷"}, {"uid": "612966859", "content": "纯路人，这就是营业声线吗"}, {"uid": "612966859", "content": "草"}, {"uid": "37726304", "content": "？？？"}, {"uid": "37549877", "content": "hso"}, {"uid": "37549877", "content": "笑死"}, {"uid": "37549877", "content": "我笑了，我做的对吗"}, {"uid": "37549877", "content": "我裂开了"}, {"uid": "37549877", "content": "好好笑啊"}, {"uid": "37549877", "content": "草"}, {"uid": "612966859", "content": "飘渺永远的神"}, {"uid": "612966859", "content": "营业结束了"}, {"uid": "612966859", "content": "营业失败"}, {"uid": "612966859", "content": "哈哈哈哈哈哈"}, {"uid": "612966859", "content": "烧水壶，回不去了"}, {"uid": "612966859", "content": "蚌埠住了"}, {"uid": "612966859", "content": "《温柔》"}, {"uid": "37055", "content": "草"}, {"uid": "32230853", "content": "牛蛙牛蛙"}, {"uid": "37549877", "content": "什么都会做？"}, {"uid": "37549877", "content": "草"}, {"uid": "612966859", "content": "草"}, {"uid": "612966859", "content": "哈哈哈哈嗝"}, {"uid": "37549877", "content": "建议让我来"}, {"uid": "612966859", "content": "你再骂！！"}, {"uid": "32230853", "content": "牛蛙牛蛙"}, {"uid": "2192280", "content": "草"}]