[{"uid": "31967513", "content": "屁护的庇"}, {"uid": "5894817", "content": "南村群童欺我老无力？"}, {"uid": "2164014", "content": "不愧是你"}, {"uid": "291659647", "content": "哈哈哈哈哈哈"}, {"uid": "172390892", "content": "咲了"}, {"uid": "15328777", "content": "？？？"}, {"uid": "632923182", "content": "《没有吧》"}, {"uid": "23548440", "content": "失去了你这小屋，还有别的小屋等着我"}, {"uid": "95340174", "content": "大庇天下寒士聚欢颜出自杜甫的《茅屋为秋风所破歌》"}, {"uid": "42299347", "content": "石锤丈育了"}, {"uid": "475372341", "content": "《饱 读 诗 书》"}, {"uid": "475372341", "content": "不，还有别的女人可以d（滑稽）"}, {"uid": "5806258", "content": "樂了"}, {"uid": "5806258", "content": "楽了"}, {"uid": "5806258", "content": "倒数第一也是第一（狗头）"}, {"uid": "412925092", "content": "呵呵哈哈哈"}, {"uid": "394979329", "content": "可能全班只有一个人"}, {"uid": "33987119", "content": "大庇天下寒士俱欢颜，笑死了"}, {"uid": "337528307", "content": "倒数的那种第一"}, {"uid": "5806258", "content": "含金量可太高了"}, {"uid": "437710597", "content": "知道是庇护但是还是说了打屁"}, {"uid": "437710597", "content": "那你们班还挺拉的"}, {"uid": "14218238", "content": "所以我关注的vup不是数数不好就是语文字不会读"}, {"uid": "5806258", "content": "片头可爱捏"}, {"uid": "689569974", "content": "忍能对面为盗贼"}, {"uid": "5806258", "content": "属实是不太懂文化了"}, {"uid": "29192581", "content": "绝了"}, {"uid": "42299347", "content": "笑死了"}]