[{"uid": "453984157", "content": "李信，你不要过来呀"}, {"uid": "453984157", "content": "干饭人看到饭的样子"}, {"uid": "79022324", "content": "我的李信 我就太阳"}, {"uid": "12827776", "content": "马桶精灵（无端）"}, {"uid": "456052091", "content": "越可爱越像"}, {"uid": "30540045", "content": "捏麻麻地是吧"}, {"uid": "354345358", "content": "你小看了石油佬的零花钱和xp"}, {"uid": "552813897", "content": "如果这个总督是iOS上的（doge）"}, {"uid": "382071928", "content": "像"}, {"uid": "1388947", "content": "老板糊涂"}, {"uid": "368652858", "content": "你是舰长吗？不是的话自己退一下"}, {"uid": "183501548", "content": "我，就是太阳（）"}, {"uid": "526804180", "content": "李信yyds"}, {"uid": "33953923", "content": "哈哈哈哈总督还有这个功能"}, {"uid": "356091883", "content": "我，就是太阳"}, {"uid": "180871540", "content": "老板大气"}, {"uid": "79022324", "content": "我 就是太阳"}, {"uid": "341526818", "content": "草，满屏李信"}, {"uid": "40093951", "content": "饭桶精灵"}, {"uid": "157196820", "content": "恭喜og"}, {"uid": "42299347", "content": "我笑疯了"}, {"uid": "105631096", "content": "哈哈哈"}, {"uid": "328971842", "content": "像"}, {"uid": "426475502", "content": "草，李信"}, {"uid": "615082801", "content": "1"}, {"uid": "435691627", "content": "草 李信"}, {"uid": "76958508", "content": "ios上不了总督的"}]