[{"uid": "524586935", "content": "好活"}, {"uid": "37549877", "content": "最会吃饭了"}, {"uid": "37549877", "content": "居然真的有米饭出道吗"}, {"uid": "37549877", "content": "草"}, {"uid": "37549877", "content": "rap事故vup"}, {"uid": "37549877", "content": "我的小禾不可能这么可爱"}, {"uid": "37549877", "content": "单推人不请自来（狗头"}, {"uid": "25381178", "content": "锄禾日当午"}, {"uid": "115488036", "content": "霸气就算了，侧漏可还行"}, {"uid": "37549877", "content": "初见，可爱，单挑"}, {"uid": "37549877", "content": "能力很废（自豪）"}, {"uid": "37549877", "content": "哈哈哈哈哈绝了"}, {"uid": "37549877", "content": "哈哈哈哈哈哈哈哈"}, {"uid": "37549877", "content": "好活"}, {"uid": "37549877", "content": "可爱！单推"}, {"uid": "37549877", "content": "好家伙，放这么大还是平"}, {"uid": "37549877", "content": "你你不要过来阿"}, {"uid": "37549877", "content": "单推！！！！！"}, {"uid": "699609519", "content": "下饭之神hhh"}, {"uid": "37549877", "content": "人不能至少不应该"}, {"uid": "37549877", "content": "好可爱！！！！！"}, {"uid": "37549877", "content": "好听哎好听哎"}, {"uid": "37549877", "content": "脸红我可以"}, {"uid": "390525848", "content": "懂了神项羽"}, {"uid": "37549877", "content": "米饭我能吃！！！"}, {"uid": "37549877", "content": "我傻了"}, {"uid": "37549877", "content": "太憨了，关注了"}, {"uid": "37549877", "content": "小禾模糊"}, {"uid": "37549877", "content": "可爱"}, {"uid": "72594755", "content": "好活！"}, {"uid": "37549877", "content": "小禾模糊"}, {"uid": "37549877", "content": "阿哈哈哈哈哈哈"}, {"uid": "37549877", "content": "单推了！！！！"}, {"uid": "37549877", "content": "神吗？单挑一下"}, {"uid": "37549877", "content": "酱酱"}, {"uid": "37549877", "content": "看见了看见了！"}, {"uid": "452991151", "content": "饭桶精灵（）"}, {"uid": "37549877", "content": "idol露"}, {"uid": "37549877", "content": "可爱！"}, {"uid": "37549877", "content": "酱"}, {"uid": "37549877", "content": "树洞好耶"}, {"uid": "381266810", "content": "麻了"}, {"uid": "36182327", "content": "谢谢已经麻了"}, {"uid": "37549877", "content": "模糊"}, {"uid": "37549877", "content": "哈哈哈哈哈哈"}, {"uid": "149123025", "content": "加油"}, {"uid": "37549877", "content": "好活"}, {"uid": "37549877", "content": "酱酱"}, {"uid": "36182327", "content": "绝了"}]