[{"uid": "1381833382", "content": "\\小禾/\\小禾/\\小禾/\\小禾/"}, {"uid": "1381833382", "content": "\\小禾/\\小禾/\\小禾/"}, {"uid": "1381833382", "content": "\\小禾/\\小禾/\\小禾/"}, {"uid": "25403984", "content": "\\小禾/\\小禾/\\小禾/\\小禾/\\小禾/\\小禾/\\小禾/\\小禾/"}, {"uid": "25403984", "content": "\\小禾/\\小禾/\\小禾/\\小禾/\\小禾/\\小禾/\\小禾/\\小禾/"}, {"uid": "25403984", "content": "\\小禾/\\小禾/\\小禾/\\小禾/\\小禾/\\小禾/\\小禾/\\小禾/"}, {"uid": "1381833382", "content": "\\小禾/\\小禾/\\小禾/\\小禾/\\小禾/\\小禾/\\小禾/\\小禾/"}, {"uid": "1381833382", "content": "\\小禾/\\小禾/\\小禾/\\小禾/\\小禾/\\小禾/\\小禾/\\小禾/"}]