[{"uid": "114522730", "content": "下了再播就是"}, {"uid": "27478340", "content": "哈哈哈哈"}, {"uid": "613898118", "content": "哈哈哈哈嗝送走了"}, {"uid": "613898118", "content": "哈哈哈哈离谱"}, {"uid": "233258415", "content": "这呆毛2333332"}, {"uid": "39438869", "content": "任务完成"}, {"uid": "354029852", "content": "哈草"}, {"uid": "354029852", "content": "哈草"}, {"uid": "197424340", "content": "拜拜了您嘞"}, {"uid": "36182327", "content": "梅开二度"}]