[{"uid": "525811148", "content": "很高兴以这样的方式认识你"}, {"uid": "33953923", "content": "很抱歉以这种方式认识你"}, {"uid": "447800", "content": "不给劲啊"}, {"uid": "476869108", "content": "你舰长群不是这样的，怎么没劲了"}, {"uid": "409893048", "content": "很抱歉以这种方式认识你"}, {"uid": "33134134", "content": "舰长群里你骂人可不是这样的"}, {"uid": "1340670891", "content": "还热"}, {"uid": "33134134", "content": "骂人都没有劲，重来!"}, {"uid": "33134134", "content": "骂个人还文绉绉的"}]