[{"uid": "1289401567", "content": "戏中情 戏外人 凭谁说"}, {"uid": "1289401567", "content": "扇开合 锣鼓响又默"}, {"uid": "1289401567", "content": "戏一折 水袖起落"}, {"uid": "33953923", "content": "戏腔厉害"}, {"uid": "1289401567", "content": "唱悲欢 唱离合 无关我"}, {"uid": "25403984", "content": "\\小禾/\\小禾/\\小禾/\\小禾/\\小禾/\\小禾/\\小禾/"}, {"uid": "25403984", "content": "\\小禾/\\小禾/\\小禾/\\小禾/\\小禾/\\小禾/\\小禾/\\小禾/"}, {"uid": "346751491", "content": "\\小禾/\\小禾/\\小禾/\\小禾/"}]