[{"uid": "67492368", "content": "小禾也超可爱！"}, {"uid": "16608742", "content": "wink！"}, {"uid": "22542160", "content": "之主"}, {"uid": "251630005", "content": "出现了 双生"}, {"uid": "423509981", "content": "颤抖脆弱的声音"}, {"uid": "412925092", "content": "\\禾宝/\\禾宝/\\禾宝/\\禾宝/"}, {"uid": "327552864", "content": "/小禾\\/小禾\\/小禾\\/小禾\\/小禾\\/小禾\\/小禾\\/小禾\\"}, {"uid": "327552864", "content": "\\小禾/\\小禾/\\小禾/\\小禾/\\小禾/\\小禾/\\小禾/"}, {"uid": "327552864", "content": "/小禾\\/小禾\\/小禾\\/小禾\\/小禾\\/小禾\\/小禾\\/小禾\\"}, {"uid": "5806258", "content": "\\小禾／\\小禾／\\小禾／\\小禾／\\小禾／\\小禾／\\小禾／\\小禾／"}, {"uid": "5806258", "content": "\\小禾／\\小禾／\\小禾／\\小禾／\\小禾／\\小禾／\\小禾／\\小禾／"}, {"uid": "1318465", "content": "\\小禾/\\小禾/\\小禾/\\小禾/\\小禾/"}]