[{"uid": "687224062", "content": "不好意思以这样的方式重新认识你"}, {"uid": "687224062", "content": "好好想想为什么你们会看见标题就点进来"}, {"uid": "439024658", "content": "可恶，到底会不会背啊"}, {"uid": "277553195", "content": "人均白神遥"}, {"uid": "281106441", "content": "我证明是真的"}, {"uid": "22773837", "content": "噗"}, {"uid": "22773837", "content": "好家伙哈哈哈哈哈哈哈哈"}, {"uid": "22773837", "content": "哈哈哈，"}, {"uid": "43123421", "content": "少壮不努力....."}, {"uid": "565321267", "content": "hhhhhh"}, {"uid": "753226", "content": "迫害"}, {"uid": "512756", "content": "9年义务教育的露网之鱼"}, {"uid": "327091947", "content": "哈哈哈哈哈哈哈哈哈哈哈哈"}, {"uid": "37653600", "content": "不是有静音吗？"}, {"uid": "516320802", "content": "开幕雷击"}, {"uid": "495809820", "content": "这个声音好像5835​"}, {"uid": "37658046", "content": "小学不努力，长大VTB？"}, {"uid": "35373643", "content": "hhhhhh"}, {"uid": "97149096", "content": "我来发弹幕"}, {"uid": "168264649", "content": "草"}, {"uid": "269818639", "content": "？"}, {"uid": "516320802", "content": "哈哈哈哈哈哈哈哈哈哈哈哈哈哈哈"}]