[{"uid": "5806258", "content": "太好听啦！直接进行一个单曲的循环"}, {"uid": "5806258", "content": "我病了，没有小禾就会胸口空洞的病症"}, {"uid": "5806258", "content": "她真可爱 她真迷人 不愧是我的单推"}, {"uid": "42299347", "content": "老婆！！！"}, {"uid": "327552864", "content": "\\小禾/\\小禾/\\小禾/\\小禾/\\小禾/\\小禾/\\小禾/"}, {"uid": "327552864", "content": "\\小禾/\\小禾/\\小禾/\\小禾/\\小禾/\\小禾/\\小禾/"}, {"uid": "5806258", "content": "\\小禾／\\小禾／\\小禾／\\小禾／\\小禾／\\小禾／\\小禾／\\小禾／"}, {"uid": "5806258", "content": "\\好听／\\好听／\\好听／\\好听／\\好听／\\好听／\\好听／\\好听／"}, {"uid": "5806258", "content": "\\小禾／\\小禾／\\小禾／\\小禾／\\小禾／\\小禾／\\小禾／\\小禾／"}, {"uid": "5806258", "content": "\\小禾／\\小禾／\\小禾／\\小禾／\\小禾／\\小禾／\\小禾／\\小禾／"}, {"uid": "5806258", "content": "\\小禾／\\小禾／\\小禾／\\小禾／\\小禾／\\小禾／\\小禾／\\小禾／"}, {"uid": "5806258", "content": "\\好听／\\好听／\\好听／\\好听／\\好听／\\好听／\\好听／\\好听／"}, {"uid": "5806258", "content": "\\小禾/\\小禾/\\小禾/\\小禾/\\小禾/\\小禾/"}, {"uid": "5806258", "content": "\\小禾/\\小禾/\\小禾/\\小禾/\\小禾/"}, {"uid": "5806258", "content": "\\小禾/\\小禾/\\小禾/\\小禾/\\小禾/"}, {"uid": "5806258", "content": "\\小禾/\\小禾/\\小禾/\\小禾/\\小禾/\\小禾/\\小禾/"}, {"uid": "5806258", "content": "\\小禾/\\小禾/\\小禾/\\小禾/\\小禾/\\小禾/"}, {"uid": "5806258", "content": "\\小禾/\\小禾/\\小禾/\\小禾/\\小禾/"}]