[{"uid": "6092754", "content": "本来就只能拿到400，ios砍300。"}, {"uid": "33163063", "content": "一百块说一句话"}, {"uid": "411309123", "content": "一字千金"}, {"uid": "454765579", "content": "老板糊涂啊"}, {"uid": "32684840", "content": "ios没提成"}, {"uid": "76958508", "content": "崇皇"}, {"uid": "525054864", "content": "饭桶精灵＋1"}, {"uid": "308813687", "content": "加班到天明"}, {"uid": "29055633", "content": "12个舰长～(￣▽￣～)~？"}, {"uid": "107596784", "content": "有钱真好"}, {"uid": "1568660492", "content": "小禾到手的就会更少（"}, {"uid": "6396709", "content": "气氛瞬间欢乐了起来"}, {"uid": "394282433", "content": "时间没少工资打折，事情突然变得严重起来"}, {"uid": "23180055", "content": "苹果吃一半，b站吃一半，没钱还要加班"}, {"uid": "25488675", "content": "草，石油佬"}, {"uid": "33953923", "content": "害怕 石油王"}, {"uid": "33987119", "content": "哈人"}, {"uid": "176283877", "content": "一米吧"}, {"uid": "91584711", "content": "这前面飘过去的弹幕~害得我又退回去看一遍写的啥"}, {"uid": "108425169", "content": "会被Appstore再抽一份钱"}, {"uid": "135084608", "content": "心脏骤停"}, {"uid": "283420913", "content": "接头霸王狂喜"}, {"uid": "110562973", "content": "是我笑点太低了吗？我现在看到还是想笑，真的没有人觉得很像托塔天王吗。虽然mmk迫害了我，虽然那天我真的以为是IOS上的舰长让我心碎崩溃了一天但是mmk还是亚撒西的好人捏，其实不是ios捏，禾某人差"}, {"uid": "110562973", "content": "是我笑点太低了吗？我现在看到还是想笑，真的没有人觉得很像托塔天王吗。虽然mmk迫害了我，虽然那天我真的以为是IOS上的舰长让我心碎崩溃了一天但是mmk还是亚撒西的好人捏，其实不是ios捏，禾某人差"}, {"uid": "3860786", "content": "你看她笑得多开心"}, {"uid": "3945407", "content": "没钱还加班，笑死"}, {"uid": "783380580", "content": "《 小 可 爱 》"}, {"uid": "7374267", "content": "好恐怖"}, {"uid": "7374267", "content": "ios上的会怎么样？"}, {"uid": "7794489", "content": "哈哈哈哈哈哈哈"}, {"uid": "7794489", "content": "？！！？"}, {"uid": "11461853", "content": "不仅要让你加班，还要让你拿不到钱"}, {"uid": "500299437", "content": "老板糊涂啊"}, {"uid": "1767437", "content": "好狠我晕"}, {"uid": "1767437", "content": "这特效www"}, {"uid": "1767437", "content": "吓人"}, {"uid": "18165495", "content": "有钱真好"}, {"uid": "1368845705", "content": "预感  危"}, {"uid": "197471427", "content": "凯露直呼内行"}, {"uid": "105631096", "content": "出事了"}, {"uid": "275952315", "content": "4年舰长48个一个半小时加班一整天"}, {"uid": "275952315", "content": "我觉得她要出事了"}, {"uid": "441730561", "content": "看到我自己了"}, {"uid": "4731960", "content": "心肺骤停"}, {"uid": "89242970", "content": "离谱"}, {"uid": "68119498", "content": "血亏"}, {"uid": "39299058", "content": "亏钱现场"}, {"uid": "8607367", "content": "八成的钱被抽了"}, {"uid": "11584799", "content": "iOS的会被抽水"}, {"uid": "127159120", "content": "一口老血"}, {"uid": "6396709", "content": "太吓人了"}, {"uid": "22542160", "content": "无薪加班"}, {"uid": "591725145", "content": "苹果会吃一半"}, {"uid": "2094594556", "content": "没有钱还要加班好惨呀"}, {"uid": "2094594556", "content": "ios会怎么样啊"}, {"uid": "33953923", "content": "2000块钱的问号"}, {"uid": "6396709", "content": "太恐怖了"}, {"uid": "29055633", "content": "～(￣▽￣～)~"}, {"uid": "107331588", "content": "蚌埠住了"}, {"uid": "33987119", "content": "ios几乎没收益。"}, {"uid": "549108", "content": "30%没了"}, {"uid": "103169620", "content": "没钱还要加班"}, {"uid": "245737352", "content": "苹果会扣一大部分"}, {"uid": "76958508", "content": "夸张了，没那么少"}]