[{"uid": "90971318", "content": "好幼"}, {"uid": "783380580", "content": "两只老鼠爱跳吾"}, {"uid": "783380580", "content": "你是我们的性感宝贝"}, {"uid": "783380580", "content": "哎！"}, {"uid": "783380580", "content": "宝贝爸爸是一倍"}, {"uid": "783380580", "content": "宝贝星星为吃路"}, {"uid": "783380580", "content": "快快把风云决学会"}, {"uid": "19406049", "content": "太可爱了hhhh"}, {"uid": "783380580", "content": "我和脚丫子学走路"}, {"uid": "783380580", "content": "宝贝月亮为竹鼠"}]