[{"uid": "58201345", "content": "加油"}, {"uid": "350002", "content": "有人吗？？？"}, {"uid": "34528147", "content": "那么，终焉的物语，要开始了。"}, {"uid": "34528147", "content": "明明说过不会消失的，结果还是死了啊"}, {"uid": "34528147", "content": "真是的"}, {"uid": "34528147", "content": "之后，请在我身边好好活着吧～"}, {"uid": "34528147", "content": "这个，是残余的魔力吗？好的，收下了"}, {"uid": "34528147", "content": "时间过的很快，你好像，没有好好照顾自己呢"}, {"uid": "34528147", "content": "从来找你的时候开始，已经过去多久了呢"}, {"uid": "34528147", "content": "诶，好像已经死了呢"}, {"uid": "34528147", "content": "打扰了～"}, {"uid": "34528147", "content": "喂喂？"}, {"uid": "34528147", "content": "さぁ、終焉の物語、始めるよ"}, {"uid": "34528147", "content": "これから、私のそばに生きてくださいねー"}, {"uid": "34528147", "content": " これは残りの魔力ですか？はい、受け取りました。"}, {"uid": "34528147", "content": "喂喂？"}, {"uid": "34528147", "content": "消えないと言っていたのに、結局は死んだよね"}, {"uid": "34528147", "content": "あなたを探しに来た時から、もうどれぐらいかな？"}, {"uid": "34528147", "content": "もしもし"}, {"uid": "34528147", "content": "你，很喜欢开玩笑呢，不过，好可怜"}, {"uid": "34528147", "content": "冗談が好きですねー、あんた、でも、かわいそうー"}, {"uid": "34528147", "content": "えぇ、もう死んでいるようですね"}, {"uid": "34528147", "content": "  時間が経つのは速い、自分の面倒をよく見ていないようですよね、あんた"}, {"uid": "34528147", "content": "もしもし"}, {"uid": "34528147", "content": "まったく"}, {"uid": "34528147", "content": "お邪魔します"}]