[{"uid": "360196979", "content": "佑子可爱"}, {"uid": "360196979", "content": "棒棒"}, {"uid": "360196979", "content": "佑子可爱~"}, {"uid": "233579332", "content": "可愛いw"}, {"uid": "233579332", "content": "kksk"}, {"uid": "360196979", "content": "可爱"}, {"uid": "93518332", "content": "豆芽"}, {"uid": "3885523", "content": "♪⸜(๑ ॑꒳ ॑๑)⸝♪✰"}, {"uid": "3885523", "content": "来了来了来了"}, {"uid": "1927886", "content": "好看"}, {"uid": "179162519", "content": "太可爱了"}, {"uid": "24352596", "content": "大明大明大明天下第一"}, {"uid": "179162519", "content": "好听好听"}, {"uid": "93518332", "content": "豆芽"}, {"uid": "233579332", "content": "\\佑子/\\佑子/\\佑子/\\佑子/\\佑子/"}]