[{"uid": "233579332", "content": "好听！"}, {"uid": "233579332", "content": "エモい"}, {"uid": "48559", "content": "好听啊...."}, {"uid": "3885523", "content": "♪⸜(๑ ॑꒳ ॑๑)⸝♪✰"}, {"uid": "3885523", "content": "来了来了来了"}, {"uid": "179162519", "content": "好听好听≧∇≦"}, {"uid": "233579332", "content": "\\拉拉/\\拉拉/\\拉拉/\\拉拉/\\拉拉/"}, {"uid": "233579332", "content": "\\拉拉/\\拉拉/\\拉拉/\\拉拉/\\拉拉/"}, {"uid": "233579332", "content": "\\拉拉/\\拉拉/\\拉拉/\\拉拉/\\拉拉/"}, {"uid": "233579332", "content": "\\拉拉/\\拉拉/\\拉拉/\\拉拉/"}, {"uid": "233579332", "content": "\\拉拉/\\拉拉/\\拉拉/\\拉拉/"}, {"uid": "430552726", "content": "\\拉拉/\\拉拉/\\拉拉/\\拉拉/\\拉拉/\\拉拉/\\拉拉/"}, {"uid": "430552726", "content": "\\拉拉/\\拉拉/\\拉拉/\\拉拉/\\拉拉/"}]