[{"uid": "529531965", "content": "急吧不应该是连在一起的吗doge"}, {"uid": "511366386", "content": "这个“杀了你”的发音应该更狂一些"}, {"uid": "3061464", "content": "不愧是大小姐233333"}, {"uid": "74041015", "content": "我只是一个路过的假面骑士罢了"}, {"uid": "380978123", "content": "每天溜一遍"}, {"uid": "77059664", "content": "你寄吧谁啊"}, {"uid": "354112", "content": "ニーヂーバセー"}, {"uid": "454801156", "content": "为什么要用敬语啊？"}, {"uid": "372260829", "content": "あなたよりはちだれ"}, {"uid": "440681478", "content": "什么万磁王嗓音"}, {"uid": "2745124", "content": "完全不一样啊"}, {"uid": "78302", "content": "草！"}, {"uid": "4826688", "content": "？"}, {"uid": "52578783", "content": "逆天"}, {"uid": "7062402", "content": "てめえ誰"}, {"uid": "487035789", "content": "为什么一股毛子味？"}, {"uid": "326964130", "content": "草"}, {"uid": "262675096", "content": "金果：？"}, {"uid": "28944805", "content": "？"}, {"uid": "166723821", "content": "?"}, {"uid": "107836390", "content": "私はあなたの父です！"}, {"uid": "326964130", "content": "草"}, {"uid": "286720632", "content": "逆天"}]