[{"uid": "237965324", "content": "但凡把干员撤回回费"}, {"uid": "15027139", "content": "有个红就赢了"}, {"uid": "99223376", "content": "笑死"}, {"uid": "3061464", "content": "霜星：你说啥？"}, {"uid": "3061464", "content": "准备卸载2333"}, {"uid": "436993175", "content": "放霜星，你三连有了"}, {"uid": "496553353", "content": "ansa酱の蜜汁操作"}, {"uid": "3061464", "content": "言出法随"}, {"uid": "3061464", "content": "一脸智慧的表情"}, {"uid": "3061464", "content": "小羊的位置实属尴尬"}, {"uid": "2000559556", "content": "笑死"}, {"uid": "2000559556", "content": "STOP THIS（指立flag"}, {"uid": "78302", "content": "撤（大）退（招）"}, {"uid": "2000559556", "content": "回收开头"}, {"uid": "2000559556", "content": "银灰：你再骂？"}, {"uid": "2000559556", "content": "开大表演了属于是"}, {"uid": "8774092", "content": "笑死"}, {"uid": "31853552", "content": "卸游戏吧（"}, {"uid": "2000559556", "content": "玛修的语音www"}, {"uid": "2000559556", "content": "嘴上说撤退，身体很诚实（"}, {"uid": "31853552", "content": "小羊：那我走？"}, {"uid": "31853552", "content": "泥宝！！！！"}, {"uid": "31853552", "content": "笑死没撤离了"}, {"uid": "31853552", "content": "没有力量！"}, {"uid": "31853552", "content": "红刀哥你说啥？"}, {"uid": "3061464", "content": "很明显的FLAG，ansa不要啊"}, {"uid": "3061464", "content": "霜星瞬移实锤！"}, {"uid": "3061464", "content": "放在视频前面的彩蛋，大多数都是flag"}, {"uid": "2000559556", "content": "开幕flag"}, {"uid": "590017767", "content": "好耶"}, {"uid": "2000559556", "content": "hhhhhhh"}, {"uid": "1298993", "content": "kusa"}, {"uid": "31853552", "content": "记住这句话"}]