[{"uid": "9643544", "content": "？"}, {"uid": "25460944", "content": "？？？味太冲了"}, {"uid": "47597658", "content": "?????????????"}, {"uid": "457221149", "content": "？？？？"}, {"uid": "489672343", "content": "你好，是的"}, {"uid": "489672343", "content": "你好，会的"}, {"uid": "497387234", "content": "有味道的视频"}, {"uid": "489672343", "content": "草"}, {"uid": "5676856", "content": "？？"}, {"uid": "297985247", "content": "？"}, {"uid": "297985247", "content": "草"}, {"uid": "47597658", "content": "草"}]