[{"uid": "345355064", "content": "一开始就学这么深奥的嘛"}, {"uid": "54975870", "content": "dna"}, {"uid": "32421128", "content": "小野寺梨纱(狗头)"}, {"uid": "289549215", "content": "哈哈哈 财布"}, {"uid": "470594319", "content": "这个立绘好康"}, {"uid": "1788946", "content": "惊！"}, {"uid": "595238954", "content": "初见，可爱，结婚，生孩子，再关注"}, {"uid": "59775049", "content": "关注了"}, {"uid": "409375434", "content": "那个，，，可以，，可以叫大小姐嘛(⑉• •⑉)‥♡"}, {"uid": "97064023", "content": "大小姐我要当你的狗"}, {"uid": "64031293", "content": "你..你都学了啥汉语？233333"}, {"uid": "23008620", "content": "请务必发我好好研究研究"}, {"uid": "2000559556", "content": "呜呜实在是太可爱了哇"}, {"uid": "38482867", "content": "派派好耶！！！"}, {"uid": "34726028", "content": "小社长 U咩，我DNA动了"}, {"uid": "88540172", "content": "大……大小姐，这个说不得啊233"}, {"uid": "354293575", "content": "暂停成功"}, {"uid": "229839181", "content": "好康的，是新游戏哦"}, {"uid": "78302", "content": "初见，可爱，结婚！！马上再点一次关注！"}, {"uid": "1806161", "content": "好耶杏子小姐"}, {"uid": "496553353", "content": "两面包夹芝士"}, {"uid": "74173597", "content": "我们联合"}, {"uid": "2000559556", "content": "恐 怖 喷 火 人"}, {"uid": "2000559556", "content": "你都学了些什么中文啊kusa"}, {"uid": "590017767", "content": "ansa永远的神"}, {"uid": "297985247", "content": "卧槽"}, {"uid": "518363407", "content": "有个好老师"}, {"uid": "470594319", "content": "下次一定hh"}, {"uid": "1936761564", "content": "眯眼"}, {"uid": "297985247", "content": "不必了不必了"}, {"uid": "297985247", "content": "可恶你都学了些什么中文啊"}, {"uid": "2000559556", "content": "《优 雅》"}, {"uid": "84023392", "content": "草"}, {"uid": "74173597", "content": "草"}, {"uid": "297985247", "content": "草"}, {"uid": "2000559556", "content": "好优美的English"}, {"uid": "20962579", "content": "下次也不一定"}, {"uid": "74173597", "content": "？？？？？"}, {"uid": "11561388", "content": "草"}, {"uid": "483498", "content": "草"}, {"uid": "34726028", "content": "来泰坦陨落吧，不仅可以杀人还可以手撕tt"}, {"uid": "14122164", "content": "(●￣(ｴ)￣●)"}, {"uid": "590017767", "content": "好耶"}, {"uid": "74173597", "content": "害怕"}, {"uid": "470594319", "content": "ohhhh"}, {"uid": "496553353", "content": "好的 那么，下次一定（狗头）"}, {"uid": "2097727349", "content": "！"}, {"uid": "2526524", "content": "草"}, {"uid": "35682348", "content": "很好这很お嬢様"}, {"uid": "34014877", "content": "害怕。。"}, {"uid": "496553353", "content": "杰哥不要啊"}, {"uid": "74173597", "content": "？？？？？？"}, {"uid": "27475633", "content": "？？？"}, {"uid": "496553353", "content": "啵啵啵啵啵啵啵"}, {"uid": "33320163", "content": "哇"}, {"uid": "1228594902", "content": "哦哦哦哦哦！"}, {"uid": "429958353", "content": "中文本当上手(⍥(⍥(⍥(⍥(⍥;;) 惊呆惹"}, {"uid": "336400078", "content": "nice"}, {"uid": "27475633", "content": "草"}, {"uid": "10547437", "content": "平板？"}, {"uid": "496553353", "content": "不了，已经是女孩子了"}, {"uid": "8413797", "content": "？"}, {"uid": "6542703", "content": "www"}, {"uid": "4172216", "content": "草"}, {"uid": "470594319", "content": "嚯"}, {"uid": "1806161", "content": "啵啵啵"}, {"uid": "46521764", "content": "？？？"}, {"uid": "23008620", "content": "花Q花Q花Q~~~"}, {"uid": "78302", "content": "可以被杀的游戏"}, {"uid": "27475633", "content": "？！"}]