[{"uid": "7197249", "content": " 草"}, {"uid": "7197249", "content": "姨是吧"}, {"uid": "629694393", "content": "suki！！"}, {"uid": "6867896", "content": "太有那味儿了哈哈哈"}, {"uid": "1933030", "content": "原来薇薇是以撒捏！"}, {"uid": "1933030", "content": "章姨：来做虚拟人吧，已经有声音了"}, {"uid": "1624355", "content": "噗"}, {"uid": "4650983", "content": "哇好强"}, {"uid": "697044811", "content": "太可爱了吧！！！"}, {"uid": "14993727", "content": "呆利亚哈哈哈！"}, {"uid": "30008520", "content": "不如切开看年轮？"}, {"uid": "79410348", "content": "草"}, {"uid": "15366590", "content": "kwii!!"}, {"uid": "690654287", "content": "英语好听！！"}, {"uid": "489897554", "content": "hhhhhh"}, {"uid": "12218783", "content": "姨是吧"}, {"uid": "15138211", "content": "草？"}, {"uid": "476656803", "content": "《一 模 一 样》"}, {"uid": "652011463", "content": "神秘章姨（？"}, {"uid": "32894404", "content": "章鱼触手，那个男人？"}, {"uid": "38373544", "content": "笑死了，是章美女"}, {"uid": "355347573", "content": "淦，我也想说是章蛸涵"}, {"uid": "690654287", "content": "章姨又是你"}, {"uid": "291895352", "content": "好可爱"}, {"uid": "35424802", "content": "好神秘哦"}, {"uid": "590761799", "content": "章魚！"}, {"uid": "256154346", "content": "？塔克他口又是你"}]