[{"uid": "108872094", "content": "太棒了呜呜呜呜"}, {"uid": "1639457", "content": "VVVVVVVV"}, {"uid": "1639457", "content": "好听"}, {"uid": "9809664", "content": "d着干嘛，还不快愣（ '▿ ' ）"}, {"uid": "765036", "content": "甜甜甜！！！太少女啦！"}, {"uid": "9809664", "content": "紫藤本体ww"}, {"uid": "652110964", "content": "太好听了！！！"}, {"uid": "470512007", "content": "好听！！！"}, {"uid": "765036", "content": "VVVVVVVVVVVVVVVVV"}, {"uid": "11561278", "content": "好美哦！"}, {"uid": "6094084", "content": "薇宝~~~"}, {"uid": "196819", "content": "好听"}, {"uid": "1639457", "content": "最爱你笑起来的魅力"}, {"uid": "1639457", "content": "你的笑容把杂质过滤"}, {"uid": "1639457", "content": "你的爱让我在云上漂移"}, {"uid": "1639457", "content": "感觉仿佛急速升温的空气"}, {"uid": "1639457", "content": "你的吻甜得像好时巧克力"}, {"uid": "1639457", "content": "你的吻甜得像好时巧克力"}, {"uid": "58871636", "content": "这段rap好绝呜呜"}, {"uid": "15138211", "content": "这句好好听啊啊啊啊啊"}, {"uid": "15138211", "content": "啊啊啊啊啊啊啊啊"}, {"uid": "35969612", "content": "VVＶVVVV VVV"}, {"uid": "1639457", "content": "爱组成我们的相片，茄子！"}, {"uid": "1639457", "content": "想要与你热恋的甜蜜"}, {"uid": "313300991", "content": "救命死掉了"}, {"uid": "174225", "content": "好活"}, {"uid": "9809664", "content": "薇宝好帅！！"}, {"uid": "1639457", "content": "消除所有不安的疑虑"}, {"uid": "108872094", "content": "太甜了！！！"}, {"uid": "1639457", "content": "VVVVVVVV"}, {"uid": "6673657", "content": "vvvvvvvvvvvvvvvvvvv"}, {"uid": "288544253", "content": "好听！！"}, {"uid": "9809664", "content": "哇哇哇！！太飒了（ '▿ ' ）"}, {"uid": "1837673", "content": "!VVVVVVVVVVV!"}, {"uid": "1639457", "content": "啊啊啊啊啊啊"}, {"uid": "404629305", "content": "好听好听"}, {"uid": "35969612", "content": "好听"}, {"uid": "6094084", "content": "kkskk"}, {"uid": "1639457", "content": "kksk"}]