[{"uid": "1311921832", "content": "*杀或被杀是你的心理"}, {"uid": "613217267", "content": "不，是煤炭厅"}, {"uid": "1098738380", "content": "睡棺棺"}, {"uid": "1098738380", "content": "钱买得起，是全吃"}, {"uid": "1098738380", "content": "躺板板"}, {"uid": "1098738380", "content": "吃"}, {"uid": "1098738380", "content": "海茶最后一回合喝有奇效"}, {"uid": "1098738380", "content": "全吃了"}, {"uid": "1575608285", "content": "机器鹿"}, {"uid": "1934228168", "content": "作者没钱的时候它吃的是不是就是方便面呢？"}, {"uid": "494447101", "content": "闰土去哪了"}, {"uid": "21206548", "content": "又打不中，带上干嘛？"}, {"uid": "21206548", "content": "然后生了个梅“花”鹿"}, {"uid": "21206548", "content": "那么0帧...（doge）"}, {"uid": "651183794", "content": "我给你说吧我这我闭着眼都能过我都已经熟悉了所有的步骤"}, {"uid": "1345680360", "content": "除了羊妈和鱼之外唯一认出主角是人的……日常不当人系列（doge）"}, {"uid": "1799475428", "content": "他来了啊啊啊啊"}, {"uid": "1799475428", "content": "猹觉得很赞"}, {"uid": "1850297632", "content": "不用真刀？！"}, {"uid": "1850297632", "content": "危"}, {"uid": "1850297632", "content": "危"}, {"uid": "481082383", "content": "危"}, {"uid": "1313852405", "content": "危危危危危危危危危危危危"}, {"uid": "1550025401", "content": "真就戛然而止呗"}, {"uid": "1072139891", "content": "危"}, {"uid": "670736281", "content": "。你再骂→_→"}, {"uid": "670736281", "content": "原来是只母鹿“doge”"}, {"uid": "622082663", "content": "你再骂！！"}, {"uid": "596141240", "content": "对,1血1伤的最弱怪物表示赞成"}, {"uid": "92110352", "content": "诶呀"}, {"uid": "673476205", "content": "←前面的，艾菲斯本来就是女性"}, {"uid": "1002118283", "content": "没有巧克力＝（"}, {"uid": "496034900", "content": "菜月昴：这段我熟"}, {"uid": "1214865239", "content": "我打过屠杀，之是太菜了，在蜘蛛卡关了"}, {"uid": "1189012391", "content": "？"}, {"uid": "510222717", "content": "老杉的研究"}, {"uid": "510222717", "content": "这是毛茛啊，有毒"}, {"uid": "510222717", "content": "小花能存挡"}, {"uid": "693651123", "content": "没有oh yes"}, {"uid": "475735938", "content": "《我可不怕你》"}, {"uid": "492505130", "content": "自由"}, {"uid": "492505130", "content": "水鹿进度条快过来"}, {"uid": "2056402376", "content": "你再骂！"}, {"uid": "2056402376", "content": "阿巴"}, {"uid": "1837287492", "content": "开玩笑，我超勇的"}, {"uid": "688268678", "content": "莫得巧克力="}, {"uid": "1868660762", "content": "和平线，在遗迹那里买个甜甜圈"}, {"uid": "630881686", "content": "*好了结束了"}, {"uid": "630881686", "content": "*今天真是美好的一天啊，小鸟在绽放，小花在歌唱，像你这样的孩子，应该在地狱中焚烧殆尽！"}, {"uid": "1116102678", "content": "黄金脆皮猪"}, {"uid": "1015640248", "content": "烤鹿肉，嘎嘣脆，再撒点孜然更香"}, {"uid": "596842776", "content": "承包空屏"}, {"uid": "596842776", "content": "马桶台"}, {"uid": "596842776", "content": "《都不射我了》"}, {"uid": "1438221156", "content": "实际上，小花在骂屏幕前的这个人（指鹿）"}, {"uid": "347085637", "content": "你再骂"}, {"uid": "42935302", "content": "菊花"}, {"uid": "293818140", "content": "像极了你第一次打Boss的场景"}, {"uid": "1579164316", "content": "小花打过屠杀，说明他打败过sans？"}, {"uid": "1431329303", "content": "！  哼，哼哼。1………`"}, {"uid": "1437864572", "content": "尝点意大利面（滑稽）"}, {"uid": "538320133", "content": "慢吞吞"}, {"uid": "699803155", "content": "反  复  去  世 "}, {"uid": "699803155", "content": "里的歌"}, {"uid": "699803155", "content": "31米6"}, {"uid": "699803155", "content": "哈哈，哈哈哈 "}, {"uid": "699803155", "content": "嘻嘻 "}, {"uid": "1804372244", "content": "喵喵亲亲超可爱！！！"}, {"uid": "691584976", "content": "我不对劲了"}, {"uid": "520704742", "content": "口出狂言"}, {"uid": "520704742", "content": "小花怂了"}, {"uid": "31511970", "content": "摩托艇"}, {"uid": "351623166", "content": "小花=中二羊=小羊"}, {"uid": "1949322683", "content": "危"}, {"uid": "1949322683", "content": "危"}, {"uid": "525793419", "content": "《挺厉害的》"}, {"uid": "697276956", "content": "电鹿板默认了自己是女的"}, {"uid": "697276956", "content": "要  来  了(狂喜)"}, {"uid": "694209587", "content": "好菜哟"}, {"uid": "1556134696", "content": "呵"}, {"uid": "38116626", "content": "《很快就结束了》"}, {"uid": "602310348", "content": "傻狍子好可爱"}, {"uid": "702636519", "content": "可以饶恕"}, {"uid": "526159651", "content": "《我可不怕你》"}, {"uid": "675865796", "content": "这只猹想找茬"}, {"uid": "490489544", "content": "回来了?"}, {"uid": "26013167", "content": "Toby:？？？"}, {"uid": "664104675", "content": "危"}, {"uid": "593812455", "content": "开始吟唱"}, {"uid": "26017612", "content": "记住这句话"}, {"uid": "526159651", "content": "危"}, {"uid": "488404970", "content": "“她”"}, {"uid": "1560053448", "content": "那是白给"}, {"uid": "562647868", "content": "看到↓你了"}, {"uid": "1366099191", "content": "为"}, {"uid": "1366099191", "content": "水     鹿"}, {"uid": "691263897", "content": "小馋猫 "}, {"uid": "697276956", "content": "刻在DNA里的台词"}, {"uid": "697276956", "content": "口 出 狂 言"}, {"uid": "1159763773", "content": "菜"}, {"uid": "1159763773", "content": "好快♂"}, {"uid": "646099683", "content": "只是他不想用而已"}, {"uid": "646099683", "content": "sans最强攻击是盖火锅"}, {"uid": "590733699", "content": "我就是找不到下载入口啊喂"}, {"uid": "27252866", "content": "第五面墙也被打破了"}, {"uid": "554920315", "content": "突然转变中某位美国骨教你做人"}, {"uid": "554920315", "content": "突然转变教你做人"}, {"uid": "565992364", "content": "合着接了个寂寞"}, {"uid": "1200159090", "content": "你再骂"}, {"uid": "520349916", "content": "嘶"}, {"uid": "53265768", "content": "危"}, {"uid": "53265768", "content": "危"}, {"uid": "53265768", "content": "微"}, {"uid": "1398139030", "content": "要尝尝糖醋排骨还是排骨汤"}, {"uid": "1398139030", "content": ":你的棺材板要2000的还是3000的"}, {"uid": "432627668", "content": "《我可不怕你》"}, {"uid": "432627668", "content": "小花讽刺的是那些屠杀圣母，没币小鬼，不让别人打屠杀的傻＊"}, {"uid": "432627668", "content": "说得好！"}, {"uid": "492927738", "content": "白给时间到"}, {"uid": "498067504", "content": "藤蔓"}, {"uid": "470182139", "content": "早在遗迹的时候Frisk就已经变成Chara了"}, {"uid": "456901481", "content": "你的棺材板是翻盖的还是滑盖的"}, {"uid": "564558384", "content": "一切都会好起来的…………金和雷德都说过这句……"}, {"uid": "359505492", "content": "穿上去穿上去穿上去穿上去"}, {"uid": "544224972", "content": "233333↓"}, {"uid": "525614516", "content": "等一下就是友谊八连斩 "}, {"uid": "525614516", "content": "那就是杀掉所有人 "}, {"uid": "525614516", "content": "他把你当成了猹"}, {"uid": "701900311", "content": "得吃“骨”头了"}, {"uid": "701900311", "content": "应当尝尝派帕瑞斯的意大利面【doge】"}, {"uid": "701900311", "content": "尝点“骨”头"}, {"uid": "718535952", "content": "电——鹿——"}, {"uid": "718535952", "content": "电——鹿——"}, {"uid": "718535952", "content": "还是被八连斩"}, {"uid": "485843404", "content": "二级反转"}, {"uid": "1718660698", "content": "这里指羊妈"}, {"uid": "1718660698", "content": "哎呦，这里只羊妈吗？"}, {"uid": "479349232", "content": "危  电鹿  危"}, {"uid": "1583522424", "content": "不走近的话，怎么能把你揍一顿呢"}, {"uid": "1583522424", "content": "打sans带真刀比较好"}, {"uid": "474004929", "content": "危"}, {"uid": "418001156", "content": "友尽八连斩"}, {"uid": "1989292527", "content": "反 复 去 世"}, {"uid": "544264987", "content": "还可以躲闪的！！！"}, {"uid": "544264987", "content": "有流血debuff"}, {"uid": "544264987", "content": "他说的羊妈"}, {"uid": "544264987", "content": "水鹿：是的，没错"}, {"uid": "544264987", "content": "：危"}, {"uid": "544264987", "content": "它怂了"}, {"uid": "544264987", "content": "快是吧，2.0倍了解一下"}, {"uid": "544264987", "content": "水路"}, {"uid": "544264987", "content": "这花话真多"}, {"uid": "544264987", "content": "花存档了？"}, {"uid": "544264987", "content": "网抑云"}, {"uid": "544264987", "content": "类目"}, {"uid": "544264987", "content": "好家伙"}, {"uid": "544264987", "content": "鹿哥：我才玩了亿天"}, {"uid": "544264987", "content": "这么说你很勇喽"}, {"uid": "514993858", "content": "慢吞吞"}, {"uid": "602395895", "content": "你再骂！"}, {"uid": "524369405", "content": "孩子，第一阶段都没过呢"}, {"uid": "524369405", "content": "骨海畅游"}, {"uid": "650761440", "content": "van♂"}, {"uid": "305221525", "content": "接的好"}, {"uid": "498420096", "content": "勇闯无人区"}, {"uid": "543808833", "content": "美腿套"}, {"uid": "702583097", "content": "危"}, {"uid": "697276956", "content": "秘技-血条消失术！"}, {"uid": "36189122", "content": "危"}, {"uid": "36189122", "content": "危"}, {"uid": "521251829", "content": "猹啊～"}, {"uid": "1931885949", "content": "/kill @flowey"}, {"uid": "1931885949", "content": "明明就是水鹿"}, {"uid": "1931885949", "content": "面条汤"}, {"uid": "1931885949", "content": "模特图"}, {"uid": "699608405", "content": "莫名躺枪，还TM念错了"}, {"uid": "588863664", "content": "面条汤"}, {"uid": "1226436321", "content": "鬼畜时间到"}, {"uid": "504609589", "content": "这就是我打屠杀线的理由，泪目"}, {"uid": "140080916", "content": "鱼姐：？？？"}, {"uid": "497635328", "content": "开门见衫"}, {"uid": "1219035341", "content": "去完成我们没做完的作业=）"}, {"uid": "628210713", "content": "非战斗人员请撤离"}, {"uid": "689702210", "content": "我要创造一个只有你的世界"}, {"uid": "646785736", "content": "没药了，危"}, {"uid": "430055352", "content": "我要做一朵大花！"}, {"uid": "663470890", "content": "脆皮"}, {"uid": "527226387", "content": "审判长廊终于来了。"}, {"uid": "687084981", "content": "众所粥之，生瓜子是可以吃的"}, {"uid": "474004929", "content": "危"}, {"uid": "474004929", "content": "危"}, {"uid": "2080435317", "content": "危危危危危危危危危危危危"}, {"uid": "404308149", "content": "才开始呢傻孩子"}, {"uid": "97175831", "content": "没有巧克力：("}, {"uid": "440710141", "content": "就我看到了右上角的傻狍子吗"}, {"uid": "440710141", "content": "唉(doge)"}, {"uid": "543758108", "content": "马桶套(dog)"}, {"uid": "35604798", "content": "马蹄铁"}, {"uid": "598667110", "content": "网抑花"}, {"uid": "361142190", "content": "小花这段话暗示和平线"}, {"uid": "525891412", "content": "当然吃不了"}, {"uid": "525891412", "content": "光速白给现场"}, {"uid": "525891412", "content": "超级白给模拟"}, {"uid": "367996039", "content": "你再骂！"}, {"uid": "402634439", "content": "跟玩家一样"}, {"uid": "1614407326", "content": "WARNING"}, {"uid": "1614407326", "content": "WARNING"}, {"uid": "442177657", "content": "mtt neo防御力－40000"}, {"uid": "549887880", "content": "嗯 接下来 可以说 是自闭驿站了 "}, {"uid": "549887880", "content": "MTT  进化 MTF  "}, {"uid": "549887880", "content": "简称MTF形态 "}, {"uid": "619038695", "content": "有备而来（指蔡）"}, {"uid": "619038695", "content": "接的实在是好！"}, {"uid": "1698867628", "content": "快"}, {"uid": "1698867628", "content": "危危危"}, {"uid": "1698867628", "content": "危"}, {"uid": "1698867628", "content": "怂"}, {"uid": "631207964", "content": "这是MTT最错误的决定"}, {"uid": "1174649816", "content": "他說的是羊媽"}, {"uid": "397292233", "content": "在严肃模式（严肃模式会在一些特定boos战触发，比如羊妈 羊爸 安黛因等boos）下很多东西名字会改变 （比如 奶油糖果派=派 ）"}, {"uid": "316886498", "content": "-说不会那个才是云二阶段开始吃药就会延长一回合"}, {"uid": "316886498", "content": "承    受"}, {"uid": "316886498", "content": "前面的方便面在中立和平荼杀的最后一条线都是干吃直接回满"}, {"uid": "316886498", "content": "烧    鹿    肉"}, {"uid": "480480809", "content": "《报 仇》"}, {"uid": "651180100", "content": "白给警告正式开始 "}, {"uid": "413150042", "content": "《升      华》"}, {"uid": "522590848", "content": "事实上sans总共24回合，你才砍3刀，也就是才1/8"}, {"uid": "492218007", "content": "你再骂!"}, {"uid": "697276956", "content": "sans:看起来你想要一段Bad time"}, {"uid": "493515165", "content": "白给婷即将上线"}, {"uid": "447306022", "content": "木大木大"}, {"uid": "485300557", "content": "小花一路上讲太多话，挡了水鹿的路"}, {"uid": "591058913", "content": "其实就是时空不稳定"}, {"uid": "470038348", "content": "因为电鹿带了平底锅，平底锅可以多加4滴血"}, {"uid": "667150264", "content": "。"}, {"uid": "346926166", "content": "危"}, {"uid": "448267584", "content": "小花是不是一直以为玩家是Chara"}, {"uid": "645744451", "content": "你再骂！"}, {"uid": "1429555261", "content": "开启超级无敌究极白给形态！"}, {"uid": "433603760", "content": "不，是马桶套"}, {"uid": "571413068", "content": "快 乐 长 廊"}, {"uid": "571413068", "content": "危险"}, {"uid": "39104224", "content": "*背景音乐，狂妄之人"}, {"uid": "593812455", "content": "皮卡丘"}, {"uid": "618602603", "content": "……和平线当着玛菲特的面吃蜘蛛甜甜圈也是可以秒过的啊"}, {"uid": "401764504", "content": "危…………"}, {"uid": "481342895", "content": "从现在起，一切都会好起来哒"}, {"uid": "436640827", "content": "这个电鹿不讲武德，不如我们……"}, {"uid": "87699479", "content": "今天你和我必走1个"}, {"uid": "366790754", "content": "就是要打才涨"}, {"uid": "160267678", "content": "羊爸和六魂花，七魂羊比鱼姐强"}, {"uid": "600333068", "content": "你很快哦"}, {"uid": "600333068", "content": "我现在就带着俄罗斯人去找你 [滑稽 ]"}, {"uid": "359170249", "content": "《有bear来》"}, {"uid": "359170249", "content": "toby:感觉有被冒犯到"}, {"uid": "359170249", "content": "危 水鹿 为"}, {"uid": "640538103", "content": "审判警告"}, {"uid": "359170249", "content": "危"}, {"uid": "359170249", "content": "把玩家当猹了"}, {"uid": "359170249", "content": "第四面墙被打得粉碎"}, {"uid": "471592958", "content": "GG"}, {"uid": "359170249", "content": "屠杀三巨头之一(虽然只是一刀的事情)"}, {"uid": "471592958", "content": "小花是小羊"}, {"uid": "504863321", "content": "Toby心理学大师！"}, {"uid": "1415692033", "content": "你再骂！"}, {"uid": "256129724", "content": "危"}, {"uid": "256129724", "content": "没他吨 危"}, {"uid": "687141940", "content": "危"}, {"uid": "432841787", "content": "为什么我的眼里常含泪水？因为我对这土地爱得深沉"}, {"uid": "106397154", "content": "把人杀了，就没事了（doge）"}, {"uid": "392248708", "content": "在看一遍我才知道这里的她是指羊妈"}, {"uid": "584800563", "content": "小伙"}, {"uid": "2087179986", "content": "因为你没得感情"}, {"uid": "674510470", "content": "哦yes！"}, {"uid": "288972871", "content": "蛋糕是个谎言"}, {"uid": "306264587", "content": "好家伙，打开锁链，啥都没有了。"}, {"uid": "36413754", "content": "我   不   怕   你"}, {"uid": "36413754", "content": "危"}, {"uid": "440820793", "content": "吃药多1回合"}, {"uid": "515344676", "content": "泡面能回满血吗？"}, {"uid": "493927962", "content": "你也知道啊，那你自己想想这么点路因为你我走了多久"}, {"uid": "493927962", "content": "注意小花在屠杀线一直把玩家当做chara"}, {"uid": "496803807", "content": "小花怂了"}, {"uid": "496803807", "content": "看视频的表示有被冒犯到"}, {"uid": "677763977", "content": "我不好！你别过来！"}, {"uid": "393864529", "content": "你再骂！"}, {"uid": "516442242", "content": "危危危"}, {"uid": "604940679", "content": "白给警告"}, {"uid": "604940679", "content": "白给警告"}, {"uid": "604940679", "content": "白给警告"}, {"uid": "700225033", "content": "你话真TM多"}, {"uid": "516560241", "content": "新手快乐回合"}, {"uid": "516560241", "content": "为什么鹿哥的方便面显示的是泡面"}, {"uid": "516560241", "content": "刻在DNA里的开头杀"}, {"uid": "83262772", "content": "吧啦啊能量，变身！"}, {"uid": "473221625", "content": "它只是误以为你是另一个已经刷满它好感度的人类"}, {"uid": "473221625", "content": "GE的剧情都在这儿了，能不多吗hhh"}, {"uid": "473221625", "content": "GE的精髓来了！占整个GE九成的剧情"}, {"uid": "618554158", "content": "危"}, {"uid": "618554158", "content": "《很厉害》"}, {"uid": "1411947194", "content": "白给形态"}, {"uid": "1208239332", "content": "很♂勇"}, {"uid": "470515785", "content": "这里好像在现场欸！"}, {"uid": "628582562", "content": "经典语录"}, {"uid": "406313207", "content": "但是谁也没有来"}, {"uid": "648254846", "content": "小花   危"}, {"uid": "476207518", "content": "这是地下诶，不是地上。"}, {"uid": "476207518", "content": "这个表情是不是放错了，难道并该放普通？新开的表情吗？"}, {"uid": "512112535", "content": "你不杀就不可能结束。"}, {"uid": "454361553", "content": "啊这"}, {"uid": "454361553", "content": "我的天你好狂"}, {"uid": "454361553", "content": "大言不惭"}, {"uid": "454361553", "content": "我可不怕你"}, {"uid": "454361553", "content": "危危"}, {"uid": "1239740827", "content": "防御负30000"}, {"uid": "505423184", "content": "危"}, {"uid": "660187431", "content": "危"}, {"uid": "493496869", "content": "4444"}, {"uid": "406459204", "content": "你再骂?"}, {"uid": "447412458", "content": "你是不是想尝点骨头"}, {"uid": "526434299", "content": "摩托艇 呢哦"}, {"uid": "674651085", "content": "你再骂！"}, {"uid": "457161277", "content": "DIO直呼内行。"}, {"uid": "646376453", "content": "骨  海  畅  游"}, {"uid": "222760957", "content": "mttneo的防御力其实是负的……"}, {"uid": "222760957", "content": "sans，攻击力一，防御力一，hp一，拆包可知（别说谣言，老子拆过）"}, {"uid": "646376453", "content": "你再骂！"}, {"uid": "520200883", "content": "瓜耸！！！"}, {"uid": "661462445", "content": "危"}, {"uid": "702336356", "content": "明明是水鹿，帅鹿是shuailu"}, {"uid": "498689971", "content": "草，你丫等着，在杀你一遍"}, {"uid": "509742521", "content": "红太狼的平底锅"}, {"uid": "509742521", "content": "《她》"}, {"uid": "622605183", "content": "危"}, {"uid": "703150833", "content": "这声音，吓得我赶紧关了音量"}, {"uid": "703150833", "content": "。。。。。"}, {"uid": "500231747", "content": "不，我是打不过（悲"}, {"uid": "541784118", "content": "玩家的心理"}, {"uid": "399271458", "content": "口出狂言"}, {"uid": "399271458", "content": "危"}, {"uid": "481321982", "content": "前面的圣母别说话"}, {"uid": "663932919", "content": "接 得 好"}, {"uid": "663932919", "content": "口出狂言"}, {"uid": "663932919", "content": "最  后  的  长  廊"}, {"uid": "663932919", "content": "-_-"}, {"uid": "663932919", "content": "你再骂"}, {"uid": "663932919", "content": "《没有用》"}, {"uid": "496667827", "content": "。"}, {"uid": "502472325", "content": "你在骂"}, {"uid": "422671794", "content": "惴惴（zhui 四声）不安"}, {"uid": "505963350", "content": "然后吃友谊连斩？"}, {"uid": "2120034733", "content": "打了才会长进度的是云吧"}, {"uid": "293181886", "content": "0——————————2———————————"}, {"uid": "504261487", "content": "一个长着猫耳的人类女性手van"}, {"uid": "1914625751", "content": "接的好"}, {"uid": "663213998", "content": "我现在是有bear来"}, {"uid": "663213998", "content": "要 来 了"}, {"uid": "630541556", "content": "这是在说地球大冒险"}, {"uid": "630541556", "content": "危                                      "}, {"uid": "663213998", "content": "要 来 了（噔 噔 咚"}, {"uid": "663213998", "content": "我先来 马——婷——婷——"}, {"uid": "1266298826", "content": "危"}, {"uid": "482533703", "content": "真 电鹿"}, {"uid": "455203598", "content": "*其实你并不理解这个游戏"}, {"uid": "593889286", "content": "危"}, {"uid": "495392422", "content": "好多，不是多好吗"}, {"uid": "501565695", "content": "前面小花说的是和平线后面说的是很多玩家打屠杀线的原因"}, {"uid": "501565695", "content": "他说的是和平线"}, {"uid": "673916955", "content": "危"}, {"uid": "516819885", "content": "这是一盏造型便利的灯"}, {"uid": "516819885", "content": "额"}, {"uid": "544483095", "content": "一阶段都没过呢"}, {"uid": "544483095", "content": "接得好"}, {"uid": "435263224", "content": "刚开始好叭"}, {"uid": "435263224", "content": "通关？"}, {"uid": "634821010", "content": "对于第一次而言，你已经很好"}, {"uid": "634821010", "content": "究极白给"}, {"uid": "473348829", "content": "←没钱安葬母亲"}, {"uid": "677444696", "content": "彈幕呢？"}, {"uid": "677444696", "content": "你再罵！！"}, {"uid": "689794360", "content": "哈哈哈前面宝宝奶昔机的别走！"}, {"uid": "35092023", "content": "久等了"}, {"uid": "46544650", "content": "他劝你大和平线"}, {"uid": "46544650", "content": "这里是指放过外面的村民"}, {"uid": "46544650", "content": "我也是，小花身体回来后好可爱"}, {"uid": "618524771", "content": "危"}, {"uid": "618524771", "content": "危"}, {"uid": "474677189", "content": "他来了他来了"}, {"uid": "268595833", "content": "完美的接住了所有的激光"}, {"uid": "471630802", "content": "电鹿学机器叫"}, {"uid": "413351377", "content": "明明是白给，卻有全游戏最高的血量，甚至比中二羊和精污花都多（来自大佬的科普）"}, {"uid": "319748915", "content": "你再骂！"}, {"uid": "494840921", "content": "shuilu水鹿"}, {"uid": "441466026", "content": "这里小花以为玩家是chara"}, {"uid": "514157318", "content": "毛利人"}, {"uid": "178527764", "content": "我们今天才背了这个词草"}, {"uid": "409661385", "content": "他预判到我预判到他预判"}, {"uid": "409661385", "content": "友谊六连斩警告"}, {"uid": "402799899", "content": "汗都没出"}, {"uid": "601992460", "content": "但凡他还是个盒子"}, {"uid": "601992460", "content": "但凡MTT还是盒子"}, {"uid": "405005594", "content": "原设除了6魂花7魂羊以外羊爸最强"}, {"uid": "441466026", "content": "宝宝奶昔那个你让我有了一点心理阴影"}, {"uid": "630851504", "content": "但镁塔顿one是纸得防御原子弹的伤害"}, {"uid": "604014391", "content": "需要一直打的 不打不算进度"}, {"uid": "650365968", "content": "但真刀和我的挂坠盒是剧情标配"}, {"uid": "702048790", "content": "系尼煤炭厅"}, {"uid": "287651914", "content": "那一天，电鹿回想起了被sans支配的恐惧"}, {"uid": "287651914", "content": "《这个简单》"}, {"uid": "363897552", "content": "小花——"}, {"uid": "363897552", "content": "泪目"}, {"uid": "519840066", "content": "怂了hhh"}, {"uid": "363897552", "content": "awa"}, {"uid": "519840066", "content": "小花怂了www"}, {"uid": "651312718", "content": "惴"}, {"uid": "342214871", "content": "电鹿好菜（doge）"}, {"uid": "586468130", "content": "危"}, {"uid": "476211808", "content": "不，是慢腾腾"}, {"uid": "623341109", "content": "危"}, {"uid": "460673758", "content": "马上！"}, {"uid": "330225965", "content": "吃药伤，恐怖如斯"}, {"uid": "590019188", "content": "你挡我道了"}, {"uid": "631295760", "content": "惴"}, {"uid": "513307526", "content": "这其实不是最强攻击"}, {"uid": "434186787", "content": "骷髅宝宝等级考试现在开始"}, {"uid": "603293167", "content": "超级白给形态"}, {"uid": "176006477", "content": "我起了，一刀秒了，有什么好说的"}, {"uid": "663132923", "content": "你再骂！"}, {"uid": "345377085", "content": "有备而来，为了全接(≧▽≦)"}, {"uid": "565797658", "content": "骨海跳板"}, {"uid": "436797249", "content": "个人认为最简单的"}, {"uid": "674685745", "content": "危"}, {"uid": "542946715", "content": "这才砍几刀"}, {"uid": "436797249", "content": "尝点“骨”头"}, {"uid": "542946715", "content": "接得好，就等着一天呢"}, {"uid": "436797249", "content": "来了来了"}, {"uid": "547510007", "content": "我猜你会变六魂羊"}, {"uid": "573847313", "content": "全接"}, {"uid": "490156068", "content": "《接得好》"}, {"uid": "490156068", "content": "《有备而来》"}, {"uid": "274425848", "content": "危"}, {"uid": "396628181", "content": "没了"}, {"uid": "543912041", "content": "凶样：—__—"}, {"uid": "472645414", "content": "不用打的吧"}, {"uid": "472645414", "content": "《结束》"}, {"uid": "472645414", "content": "全接"}, {"uid": "543912041", "content": "是……指……我？（萌新疑问）"}, {"uid": "472645414", "content": "toby设计的妙啊，让很多人初见都是全接"}, {"uid": "472645414", "content": "口出狂言"}, {"uid": "472645414", "content": "危 水鹿 危"}, {"uid": "472645414", "content": "自信点，是一定不能通关"}, {"uid": "472645414", "content": "要来力"}, {"uid": "520513407", "content": "白给x3"}, {"uid": "522105340", "content": "康不到我"}, {"uid": "520513407", "content": "危"}, {"uid": "472645414", "content": "诶，我已经打过了，我只是来看视频，我不是伪君子～"}, {"uid": "517436748", "content": "鹿の惨叫"}, {"uid": "472645414", "content": "跟玩家打屠杀是一个性质"}, {"uid": "520513407", "content": "笑出强大"}, {"uid": "517436748", "content": "鹿保国"}, {"uid": "472645414", "content": "盲猜会有人说小花话太多了"}, {"uid": "453811526", "content": "开始吟唱"}, {"uid": "442267821", "content": "大 的 药 来 了"}, {"uid": "403798707", "content": "危"}, {"uid": "628865139", "content": "你得打他"}, {"uid": "66905606", "content": "真‘’戛然而止"}, {"uid": "391266814", "content": "你再骂！"}, {"uid": "508657254", "content": "你感觉你要吃点骨头了"}, {"uid": "573355190", "content": "sans警告"}, {"uid": "511713536", "content": "吃不下"}, {"uid": "474230162", "content": "危危危"}, {"uid": "508657254", "content": "熟悉的长廊"}, {"uid": "394840995", "content": "你再骂"}, {"uid": "446861876", "content": "危"}, {"uid": "627151055", "content": "危"}, {"uid": "437041906", "content": "*chara =）"}, {"uid": "430064937", "content": "冥     场     面（不必多说）"}, {"uid": "439351761", "content": "《我可不怕你》"}, {"uid": "675080746", "content": "我超勇的好不好"}, {"uid": "34150105", "content": "危"}, {"uid": "27252866", "content": "看你给把孩子吓得233"}, {"uid": "160100602", "content": "他怕了 他怕了"}, {"uid": "160100602", "content": "开玩笑 我超勇的"}, {"uid": "646119003", "content": "危"}, {"uid": "668705034", "content": "屠杀三英雄：安黛因、MTT、sans"}, {"uid": "454178965", "content": "不不不已经杀过了 重温"}, {"uid": "299392511", "content": "GG*3"}, {"uid": "351715333", "content": "初見殺哈哈哈哈哈哈哈哈哈"}, {"uid": "645969682", "content": "Toby：？？？"}, {"uid": "676051578", "content": "危 电鹿 危"}, {"uid": "676051578", "content": "等会可能会尝点“骨头”（衫蓝）"}, {"uid": "695608106", "content": "屠杀之舞"}, {"uid": "645969682", "content": "*狂疯呼笑，你的三连被吹走了"}, {"uid": "501941392", "content": "血亏"}, {"uid": "504615237", "content": "危"}, {"uid": "531617733", "content": "。"}, {"uid": "31898451", "content": "这里的老女士指羊妈"}, {"uid": "31898451", "content": "电鹿 危"}, {"uid": "524264499", "content": "友谊八连斩"}, {"uid": "645969682", "content": "o泡时间的"}, {"uid": "645969682", "content": "那电鹿你呢"}, {"uid": "211820420", "content": "危"}, {"uid": "508140504", "content": "秘技·究极白给"}, {"uid": "547780201", "content": "是chara"}, {"uid": "477120386", "content": "我可快了♂"}, {"uid": "480451940", "content": "危"}, {"uid": "512465823", "content": "要 来 了"}, {"uid": "498327204", "content": "不是回满，用了之后过很久才补，残血的时候会补4滴"}, {"uid": "400773565", "content": "感觉鹿哥没看懂"}, {"uid": "541776081", "content": "屠杀3英雄:安黛因、MTT、sans"}, {"uid": "180951339", "content": "危"}, {"uid": "180951339", "content": "《她》"}, {"uid": "524706651", "content": "你再骂"}, {"uid": "412484896", "content": "屠杀线没围裙啊兄弟"}, {"uid": "21169828", "content": "终极白给形态"}, {"uid": "686537780", "content": "更快的接住攻击"}, {"uid": "686537780", "content": "有被冒犯到"}, {"uid": "15655996", "content": "危"}, {"uid": "320875692", "content": "真刀哎 =) "}, {"uid": "320875692", "content": "防御力为1"}, {"uid": "111656464", "content": "只是因为你体内好像多了一个人"}, {"uid": "27252866", "content": "硬核互动"}, {"uid": "73772557", "content": "你再骂！"}, {"uid": "361039414", "content": "惴惴不安，zhui"}, {"uid": "10269906", "content": "？？？？"}, {"uid": "634967402", "content": "此时的电鹿还没意识到事情的严重性"}, {"uid": "634967402", "content": "待  宰  的  电  鹿"}, {"uid": "10269906", "content": "这个笑声好攻？？？？！"}, {"uid": "73772557", "content": "不是给你的！"}, {"uid": "10269906", "content": "zhui zhui不安"}, {"uid": "445623473", "content": "去拿围裙！那个能隔一回合给你加一滴血！"}, {"uid": "251806079", "content": "这里老女士是指羊妈"}, {"uid": "492433510", "content": "超级白给形态"}, {"uid": "492433510", "content": "不，是马婷婷"}, {"uid": "29613523", "content": "你再骂！"}, {"uid": "396016989", "content": "这里老女士是指羊妈"}, {"uid": "556910571", "content": "我起了一刀秒了 有什么好说的 "}, {"uid": "31110711", "content": "危"}, {"uid": "556910571", "content": "明知故问 "}, {"uid": "57396502", "content": "来了来了"}, {"uid": "26717298", "content": "《不菜》"}, {"uid": "11069518", "content": "哈哈哈，可爱的傻狍子ฅ۶•ﻌ•♡"}, {"uid": "268595833", "content": "摩托艇"}, {"uid": "1821467403", "content": "不，是摩托艇"}, {"uid": "1438221156", "content": "真牛！完美的接住了所有的陷阱"}, {"uid": "551066910", "content": "I'm TT"}, {"uid": "474004929", "content": "开始吟唱"}, {"uid": "697276956", "content": "《最强攻击》"}, {"uid": "140080916", "content": "。。。。"}, {"uid": "474004929", "content": "梅开二度"}, {"uid": "429728921", "content": "用最萌的语气说最狠的话的电鹿是鉴"}, {"uid": "500621477", "content": "年轻人不讲武德耗子为之好好反思"}, {"uid": "470126330", "content": "马蹄铁"}, {"uid": "433603760", "content": "不，是美太太"}, {"uid": "256129724", "content": "就该在地狱里燃烧！！！！"}, {"uid": "631523045", "content": "战  歌  起！！！！！！！"}, {"uid": "385508129", "content": "和平线噩梦地区"}, {"uid": "385508129", "content": "和平线的噩梦地区，但是屠杀线就不会有什么交互"}, {"uid": "678158042", "content": "完美的接下所有攻击。"}, {"uid": "1176377515", "content": "接得好，接的妙"}, {"uid": "454361553", "content": "危"}, {"uid": "646376453", "content": "有“悲”而来"}, {"uid": "663932919", "content": "啊？那你是怎么过来的（doge）"}, {"uid": "663213998", "content": "要求全文背诵"}, {"uid": "17026850", "content": "台词都变了23333"}, {"uid": "37627123", "content": "鹿鞭（直播梗过不去了）"}, {"uid": "519989187", "content": "SHUAILU，SHUILU…鹿他不A啊"}, {"uid": "476211808", "content": "不，是慢吞吞"}, {"uid": "623341109", "content": "梅开二度"}, {"uid": "460673758", "content": "之前都是你先出手，而现在是他出手，可能是因为你不再是个人了。"}, {"uid": "688705631", "content": "鹿不是食草的嗎(doge)"}, {"uid": "29202660", "content": "全接，接得好！！！！！"}, {"uid": "347377162", "content": "mtt没点盾"}, {"uid": "543912041", "content": "电路的情商没救了"}, {"uid": "472645414", "content": "标准开局"}, {"uid": "472645414", "content": "开始吟唱"}, {"uid": "472645414", "content": "MTT：？"}, {"uid": "451737610", "content": "sans会让你打哭的awa"}, {"uid": "488775292", "content": "我大E了没有闪"}, {"uid": "447670348", "content": "其实他血比鱼姐还厚"}, {"uid": "498327204", "content": "屠杀线一刀秒，和平线我打半天才过去，结果到羊爸那的时候卡崩了，然后又打MTT了(本人心态已崩)"}, {"uid": "15655996", "content": "这里其实是指羊妈"}, {"uid": "474324824", "content": "全接！"}, {"uid": "215351189", "content": "热乎的，有点烫"}, {"uid": "623690348", "content": "一小时！！！！！！！"}, {"uid": "668024523", "content": "骗 水 机"}, {"uid": "304771518", "content": "屠杀之舞"}, {"uid": "556910571", "content": "哦 这不是送给你的 "}, {"uid": "409131521", "content": "你亏了"}, {"uid": "21206548", "content": "接得好！（鼓掌）"}, {"uid": "670736281", "content": "虾仁猪心↓"}, {"uid": "597925573", "content": "梦幻开局"}, {"uid": "630881686", "content": "电鹿是只母鹿"}, {"uid": "539760207", "content": "亿     天"}, {"uid": "46921267", "content": "原 石"}, {"uid": "475242368", "content": "水鹿"}, {"uid": "627407779", "content": "封面不对吧"}, {"uid": "1366099191", "content": "就该在学校里写作业"}, {"uid": "359505492", "content": "你是我的虚拟偶像"}, {"uid": "359505492", "content": "为什么不是长着鹿耳的？"}, {"uid": "1631599901", "content": "电鹿应该挺厉害的"}, {"uid": "544264987", "content": "你应该截个屏研究套路的"}, {"uid": "514993858", "content": "摩托艇"}, {"uid": "628210713", "content": "进度条暴露了一切"}, {"uid": "474004929", "content": "战歌起！！！"}, {"uid": "474004929", "content": "接的好"}, {"uid": "501007102", "content": "鹿，不是食草动物嘛？(●°u°●)​ 」"}, {"uid": "674565354", "content": "说实话和平线比屠杀线要难的多"}, {"uid": "651210645", "content": "摩托艇"}, {"uid": "359170249", "content": "来骗，来偷袭我69岁的水鹿"}, {"uid": "359170249", "content": "完美全接"}, {"uid": "359170249", "content": "指一刀"}, {"uid": "359170249", "content": "不，是马桶套"}, {"uid": "631523045", "content": "众所周知，福是钛合金做的23333333"}, {"uid": "385508129", "content": "和平线很强，但是屠杀线完全白给"}, {"uid": "392248708", "content": "帧数指游戏帧并不是电脑帧"}, {"uid": "471254786", "content": "开始吟唱"}, {"uid": "36413754", "content": "开始吟唱"}, {"uid": "555016003", "content": "我记得是可以秒杀的吧"}, {"uid": "483151169", "content": "游戏区首页通知书！"}, {"uid": "86846912", "content": "地－下－马－化－腾－－－"}, {"uid": "398053778", "content": "战歌起——"}, {"uid": "663932919", "content": "白给现场"}, {"uid": "435263224", "content": "开始背板"}, {"uid": "651312718", "content": "摸摸头hhhhh"}, {"uid": "674739552", "content": "sans不是最强的，他只不过有帧伤而已，而且他的血量也不是1"}, {"uid": "565797658", "content": "但中间一直上下下上下就行了"}, {"uid": "434186787", "content": "屠杀之舞"}, {"uid": "443935455", "content": "。。。"}, {"uid": "366416072", "content": "平底锅是哪个绿心的吗？"}, {"uid": "543912041", "content": "水鹿不讲武德，来，骗！来，偷袭！我69岁的马婷婷（doge）"}, {"uid": "66905606", "content": "战歌起！！！！"}, {"uid": "211820420", "content": "梅开二度"}, {"uid": "610297740", "content": "暖箱"}, {"uid": "630726799", "content": "四个小时已经冷了"}, {"uid": "400773565", "content": "鹿哥这情商也没谁了"}, {"uid": "396158410", "content": "should be burning in hell "}, {"uid": "549489864", "content": "方便面在不同场合回复的HP不稳定"}, {"uid": "27252866", "content": "这也太标准了吧"}, {"uid": "451355998", "content": "《不菜》"}, {"uid": "20250506", "content": "玻璃都蒸发了你都没事细思极恐"}, {"uid": "492433510", "content": "危"}, {"uid": "1934228168", "content": "应该拨开天灵盖"}, {"uid": "668273843", "content": "摩托艇"}, {"uid": "421914813", "content": "不，是没剃头"}, {"uid": "2018823748", "content": "心疼mett五分钟"}, {"uid": "1314978851", "content": "战歌起"}, {"uid": "492505130", "content": "电路的进度条电路快没电了"}, {"uid": "1116102678", "content": "你一刀100万的伤害也不怪人家菜"}, {"uid": "1351843191", "content": "猹有惊喜"}, {"uid": "539760207", "content": "电鹿诱捕器"}, {"uid": "698551438", "content": "喵呜看了直呼内行"}, {"uid": "44600108", "content": "慢吞吞"}, {"uid": "1949322683", "content": "接 的 好 啊"}, {"uid": "1560053448", "content": "水是个欺骗"}, {"uid": "1366099191", "content": "《有备而来》"}, {"uid": "1159763773", "content": "危"}, {"uid": "474004929", "content": "战歌起！！！！"}, {"uid": "521251829", "content": " 开始吟唱"}, {"uid": "588863664", "content": "面条汤爆炸了"}, {"uid": "646400796", "content": "上 曲线 中 上 中 上"}, {"uid": "1698867628", "content": "可爱"}, {"uid": "480480809", "content": "？？？？？？？"}, {"uid": "492218007", "content": "危"}, {"uid": "571413068", "content": "马桶套"}, {"uid": "525346709", "content": "地底下马化腾要来了"}, {"uid": "504863321", "content": "老女士指羊妈，是指sans对羊妈做出承诺"}, {"uid": "1415692033", "content": "？"}, {"uid": "385508129", "content": "和平线的障碍"}, {"uid": "36413754", "content": "接得好"}, {"uid": "36413754", "content": "全接"}, {"uid": "36413754", "content": "我卡蜘蛛这了。。。"}, {"uid": "691226124", "content": "应当在地狱里焚烧。"}, {"uid": "404406047", "content": "《不菜》"}, {"uid": "1176377515", "content": "搞偷袭，年轻人不讲武德"}, {"uid": "512112535", "content": "全接"}, {"uid": "510615911", "content": "摩托艇"}, {"uid": "343019402", "content": "我也不知道他竟然一碰就碎啊（doge）"}, {"uid": "498689971", "content": "方便面只有最后一战（羊爸，小羊，衫斯）的时候回90滴血"}, {"uid": "663932919", "content": "危"}, {"uid": "526271039", "content": "那几百帧的电脑打sans岂不是更难？(bushi)"}, {"uid": "1266298826", "content": "要  来  了"}, {"uid": "634821010", "content": "将近100万的伤害，超级白给"}, {"uid": "551174692", "content": "鹿肉"}, {"uid": "702048790", "content": "干吃最好"}, {"uid": "42574631", "content": "蛋糕是个谎言"}, {"uid": "498717805", "content": "电路都玩完和平线了！"}, {"uid": "472645414", "content": "全文背诵，没什么好说的"}, {"uid": "472645414", "content": "白给"}, {"uid": "626968434", "content": "漂亮"}, {"uid": "393569258", "content": "等等，她？"}, {"uid": "668705034", "content": "很快就打sans了"}, {"uid": "437041906", "content": "四个小时热一下还能吃"}, {"uid": "437041906", "content": "热乎～"}, {"uid": "504615237", "content": "危"}, {"uid": "400240325", "content": "好家伙"}, {"uid": "1486430801", "content": "是母鹿"}, {"uid": "349479063", "content": "水鹿"}, {"uid": "634967402", "content": "接得好"}, {"uid": "1358994525", "content": "明白了，电鹿是女的。"}, {"uid": "1837287492", "content": "马腾腾"}, {"uid": "1015640248", "content": "《滴出奇怪的液体》"}, {"uid": "699803155", "content": "想尝尝我的意大利面吗 "}, {"uid": "404737084", "content": "马桶套"}, {"uid": "359505492", "content": "穿上去穿上去把芭蕾舞裙穿上去！"}, {"uid": "544264987", "content": "年轻人，不讲武德，偷袭。大意了啊，没有闪，桃"}, {"uid": "544264987", "content": "危"}, {"uid": "544264987", "content": "莫非是某肥宅的家？"}, {"uid": "507204505", "content": "马蹄铁爆了"}, {"uid": "522607516", "content": "摩托艇"}, {"uid": "413416516", "content": "梅开二度"}, {"uid": "316886498", "content": "烧猪肉"}, {"uid": "514050861", "content": "一上王炸"}, {"uid": "359170249", "content": "衫斯虽然只有一滴血但仍然能劝退你"}, {"uid": "256129724", "content": "白给 Neo"}, {"uid": "578433421", "content": "战斗按钮忘按了"}, {"uid": "36413754", "content": "战歌起"}, {"uid": "454361553", "content": "接的漂亮"}, {"uid": "660187431", "content": "危"}, {"uid": "661462445", "content": "接的好。"}, {"uid": "663932919", "content": "接得好"}, {"uid": "663932919", "content": "老女士指羊妈"}, {"uid": "663213998", "content": "玛——菲——特——"}, {"uid": "1266298826", "content": "预计白给*2"}, {"uid": "519643456", "content": "马桶套"}, {"uid": "640004415", "content": "电鹿简介说过是鹿但爱吃肉"}, {"uid": "441466026", "content": "sans血量就是1"}, {"uid": "702048790", "content": "系尼面条汤！"}, {"uid": "460673758", "content": "危危危危危危危"}, {"uid": "441199800", "content": "the kid like you,should......."}, {"uid": "516250497", "content": "。。"}, {"uid": "274425848", "content": "烫烫烫"}, {"uid": "646704739", "content": "                                                                      危"}, {"uid": "628865139", "content": "去给蜘蛛的陪葬品，谁说是给你的"}, {"uid": "504615237", "content": "危"}, {"uid": "693350087", "content": "热火"}, {"uid": "349479063", "content": "The lovely pigeon is updated again."}, {"uid": "10269906", "content": "我活了"}, {"uid": "668024523", "content": "来啦"}, {"uid": "251806079", "content": "(不菜)"}, {"uid": "1098738380", "content": "接的好全吃了"}, {"uid": "1047837360", "content": "危 meffet 危"}, {"uid": "1123065410", "content": "我怀疑你拿了真刀。"}, {"uid": "1314978851", "content": "战歌起"}, {"uid": "362146295", "content": "僵尸鹿"}, {"uid": "673476205", "content": "不是给你的啊"}, {"uid": "1509597782", "content": "白给形态"}, {"uid": "1351843191", "content": "和平线也很强"}, {"uid": "539760207", "content": "海飞丝（幻听/doge）"}, {"uid": "430316965", "content": "老女士指的是羊妈"}, {"uid": "1804372244", "content": "MMT什马鬼？？？"}, {"uid": "523880412", "content": "呜呜，卡了好久"}, {"uid": "1949322683", "content": "开始吟唱"}, {"uid": "1949322683", "content": "危"}, {"uid": "495817360", "content": "守――卫――  不――"}, {"uid": "475242368", "content": "帅鹿是shuai不是shui"}, {"uid": "522710030", "content": "摩托艇"}, {"uid": "526159651", "content": "开始吟唱"}, {"uid": "1159763773", "content": "危"}, {"uid": "1163448784", "content": "经典全接"}, {"uid": "53265768", "content": "梅花开二度梅花开2度"}, {"uid": "21937628", "content": "不对！！！是美太太！"}, {"uid": "927841653", "content": "前面的老艾青了"}, {"uid": "1583522424", "content": "chara"}, {"uid": "544264987", "content": "啊这"}, {"uid": "544264987", "content": "是水鹿理解错了"}, {"uid": "544264987", "content": "就这"}, {"uid": "521251829", "content": "完美接住"}, {"uid": "351531154", "content": "马蹄铁"}, {"uid": "510140402", "content": "看时长知结局"}, {"uid": "549887880", "content": "你不也是女生吗 老婆 "}, {"uid": "576040892", "content": "不，是慢吞吞~"}, {"uid": "385508129", "content": "有一说一，打sans还不如用老武器，要么围裙平底锅要么眼镜笔记本"}, {"uid": "484168665", "content": "马NB"}, {"uid": "600333068", "content": "审判曲儿都还没开始 "}, {"uid": "600333068", "content": "危"}, {"uid": "256129724", "content": "地底马化腾！！！"}, {"uid": "485995018", "content": "蒙脱土"}, {"uid": "385508129", "content": "但是和平线事情就没那么简单了"}, {"uid": "473459688", "content": "GE奶量第二药"}, {"uid": "201313204", "content": "好烫"}, {"uid": "354069556", "content": "因为艾斯利尔已经失去了灵魂没有灵魂是没有感情的所以什么都感觉不到现在的他只是执念形成的空壳而已"}, {"uid": "512112535", "content": "但是对玩家来说都差不多"}, {"uid": "512112535", "content": "鱼姐比sans强"}, {"uid": "454361553", "content": "大E了"}, {"uid": "1239740827", "content": "不能"}, {"uid": "6402690", "content": "马桶台"}, {"uid": "646376453", "content": "审判开始"}, {"uid": "594642673", "content": "强？"}, {"uid": "670464259", "content": "我，"}, {"uid": "526271039", "content": "attack JOJO"}, {"uid": "1266298826", "content": "白给*3"}, {"uid": "422671794", "content": "糜（麋）鹿"}, {"uid": "488422371", "content": "真刀打羊爸"}, {"uid": "544483095", "content": "危"}, {"uid": "435263224", "content": "BGM起"}, {"uid": "294601653", "content": "诶"}, {"uid": "363897552", "content": "hh"}, {"uid": "694056275", "content": "我看过视频一，二段阶段都是两下论事儿。"}, {"uid": "573847313", "content": "猹的最爱：巧克力"}, {"uid": "573847313", "content": "前方疯狂补钙"}, {"uid": "472645414", "content": "战歌起"}, {"uid": "472645414", "content": "老女士是羊妈！"}, {"uid": "520513407", "content": "白给X3"}, {"uid": "628036801", "content": "sans：嗯？？？"}, {"uid": "442267821", "content": "在现场"}, {"uid": "508701427", "content": "荼杀拿不到！"}, {"uid": "628865139", "content": "宝宝奶昔机"}, {"uid": "628865139", "content": "这是没塔盾吧"}, {"uid": "488775292", "content": "有被而来"}, {"uid": "417471901", "content": "七小时"}, {"uid": "1317638081", "content": "危"}, {"uid": "393569258", "content": "ss"}, {"uid": "473002967", "content": "01?????????????????"}, {"uid": "504615237", "content": "妙啊"}, {"uid": "400773565", "content": "哥，她指羊妈，不是你"}, {"uid": "1486430801", "content": "果然"}, {"uid": "15655996", "content": "太真实了"}, {"uid": "15655996", "content": "哈哈哈哈哈哈哈哈哈"}, {"uid": "27907799", "content": "cake is a lie"}, {"uid": "572013667", "content": "57分钟！"}, {"uid": "492433510", "content": "危"}, {"uid": "668024523", "content": "辣没事了"}, {"uid": "248568971", "content": "33分钟！"}, {"uid": "696429705", "content": "审判开始！！！"}, {"uid": "409131521", "content": "我都没和他打"}, {"uid": "1047837360", "content": "木炭条"}, {"uid": "651183794", "content": "我佛了"}, {"uid": "1300388338", "content": "第一眼以为是迪奥。"}, {"uid": "430316965", "content": "不是给你的啊"}, {"uid": "699803155", "content": "嘻嘻 "}, {"uid": "404737084", "content": "鹿肉，嘿嘿"}, {"uid": "137951353", "content": "玩♂游♂戏，很有趣♂"}, {"uid": "520349916", "content": "摩托艇"}, {"uid": "518437128", "content": "打的好不如接的好"}, {"uid": "525614516", "content": "危"}, {"uid": "1206700578", "content": "说的不是电鹿"}, {"uid": "718535952", "content": "玛——菲——特——"}, {"uid": "1583522424", "content": "接揍大师"}, {"uid": "702583097", "content": "占戈哥欠走己"}, {"uid": "702583097", "content": "梅开二度"}, {"uid": "521251829", "content": "梅开二度"}, {"uid": "1931885949", "content": "面团团"}, {"uid": "640538103", "content": "接的好， 接的妙"}, {"uid": "628210713", "content": "前方高能预警"}, {"uid": "663470890", "content": "屠杀线的衫可是很难的"}, {"uid": "631959779", "content": "喵喵亲亲超可爱？"}, {"uid": "1698867628", "content": "吃点烤鹿"}, {"uid": "499541958", "content": "盖亚！"}, {"uid": "522507309", "content": "t."}, {"uid": "431641037", "content": "马桶台"}, {"uid": "645744451", "content": "水鹿"}, {"uid": "525346709", "content": "草泥马，我还想听战斗曲呢(doge)"}, {"uid": "640538103", "content": "战歌起！！！审判开始"}, {"uid": "640538103", "content": "审判即将开始"}, {"uid": "485995018", "content": "慢吞吞"}, {"uid": "677763977", "content": "老女士是指羊妈。。。"}, {"uid": "698165206", "content": "=）"}, {"uid": "102739008", "content": "？"}, {"uid": "1208239332", "content": "又♂哲"}, {"uid": "663932919", "content": "*sans跑了   *有贝尔来"}, {"uid": "604238302", "content": "摩托艇"}, {"uid": "646142057", "content": "在现场"}, {"uid": "438827082", "content": "危"}, {"uid": "674075480", "content": "慢吞吞"}, {"uid": "483112325", "content": "摩托艇"}, {"uid": "674739552", "content": "？射"}, {"uid": "1563139981", "content": "慢吞吞"}, {"uid": "544064776", "content": "GG*2"}, {"uid": "573847313", "content": "杀戮之舞"}, {"uid": "573847313", "content": "没记错猹是吃了派挂的"}, {"uid": "692606514", "content": "危"}, {"uid": "517436748", "content": "鹿保国"}, {"uid": "472645414", "content": "她指羊妈，别二设入脑误导别人"}, {"uid": "520513407", "content": "一刀没了"}, {"uid": "442267821", "content": "在现场"}, {"uid": "508701427", "content": "那是和平"}, {"uid": "573996008", "content": "承包空屏"}, {"uid": "597763036", "content": "危"}, {"uid": "668705034", "content": "暖箱是什么玩意儿"}, {"uid": "676051578", "content": "GG*1"}, {"uid": "676051578", "content": "危"}, {"uid": "31898451", "content": "没人?"}, {"uid": "645969682", "content": "那你呢"}, {"uid": "512465823", "content": "3小时"}, {"uid": "21169828", "content": "马婷婷"}, {"uid": "492433510", "content": "为什么没有弹幕(・◇・)"}, {"uid": "356486867", "content": "额……"}, {"uid": "501425168", "content": "接的好"}, {"uid": "1098738380", "content": "全吃了"}, {"uid": "617620506", "content": "如果你带着锅的话就补不满了"}, {"uid": "1388728701", "content": "摩托艇"}, {"uid": "627253800", "content": "第1000个弹幕"}, {"uid": "596842776", "content": "b"}, {"uid": "596842776", "content": "=）"}, {"uid": "1579164316", "content": "白给形态"}, {"uid": "407791911", "content": "危"}, {"uid": "1949322683", "content": "接得好"}, {"uid": "667707958", "content": "是摩托艇"}, {"uid": "1200159090", "content": "白给"}, {"uid": "927841653", "content": "慢吞吞"}, {"uid": "82710165", "content": "你会吃苦头的。"}, {"uid": "697276956", "content": "占戈哥欠走已！"}, {"uid": "140080916", "content": "不能"}, {"uid": "700053881", "content": "慢吞吞"}, {"uid": "1698867628", "content": "食肉鹿"}, {"uid": "397292233", "content": "姐的好！"}, {"uid": "522507309", "content": "."}, {"uid": "485300557", "content": "old lady"}, {"uid": "674565354", "content": "在和平县就没有这么简单了"}, {"uid": "627730413", "content": "前面的老脑叶了"}, {"uid": "451166827", "content": "慢吞吞"}, {"uid": "359170249", "content": "危"}, {"uid": "646097644", "content": "在屠杀线中，安黛因比起MTT要弱一些，但主要是MTT一刀秒啊！而且你能想象两个很强的和一个难度系数大的在屠杀线中，打的时候心情是多么崩溃的吗？！"}, {"uid": "693359094", "content": "马蹄铁"}, {"uid": "1266298826", "content": "有bear"}, {"uid": "1266298826", "content": "危"}, {"uid": "435263224", "content": "大意了，没有闪"}, {"uid": "523240589", "content": "危 sans 危"}, {"uid": "677444696", "content": "沒救了"}, {"uid": "462181390", "content": "*你没备！"}, {"uid": "650576195", "content": "又白又粘？？？"}, {"uid": "363897552", "content": "开始审判"}, {"uid": "674685745", "content": "K.O"}, {"uid": "573847313", "content": "危"}, {"uid": "537914766", "content": "不可能！詹某人来学校了，你是怎么更新的？"}, {"uid": "673291842", "content": "危"}, {"uid": "501775624", "content": "危"}, {"uid": "511713536", "content": "说围裙的是云吧，ge线没有围裙"}, {"uid": "439351761", "content": "上面的别2设入脑嗷，toby没公布福的性别"}, {"uid": "627442202", "content": "小鸟在歌唱，鲜花在绽放"}, {"uid": "610251728", "content": "接的好"}, {"uid": "676051578", "content": "ohhhhhhh"}, {"uid": "501941392", "content": "马——婷——婷"}, {"uid": "441477443", "content": "马婷婷"}, {"uid": "455877234", "content": "不"}, {"uid": "439172062", "content": "慢吞吞"}, {"uid": "25621790", "content": "好早呀"}, {"uid": "10269906", "content": "什么玩意"}, {"uid": "37691211", "content": "哈哈哈哈哈哈哈"}, {"uid": "21206548", "content": "打sans第一个回合不是你的，想必谁是玩家，谁是怪物，都清楚吧"}, {"uid": "670736281", "content": "鹿吃草，他吃肉，难道是鹿肉→_→"}, {"uid": "557790221", "content": "我记得我玩屠杀线时把她杀了"}, {"uid": "622082663", "content": "接的好"}, {"uid": "492505130", "content": "你到没有"}, {"uid": "1540986610", "content": "接的好"}, {"uid": "293818140", "content": "跟女性手办怎么看有点像迪奥"}, {"uid": "700215818", "content": "耶的好接的妙哇！"}, {"uid": "699803155", "content": "呵呵"}, {"uid": "1949322683", "content": "接得好"}, {"uid": "1949322683", "content": "1"}, {"uid": "1949322683", "content": "接得好"}, {"uid": "38116626", "content": "审判开始！"}, {"uid": "1366099191", "content": "马婷婷"}, {"uid": "1159763773", "content": "危"}, {"uid": "1159763773", "content": "gg"}, {"uid": "519318939", "content": "明天"}, {"uid": "544264987", "content": "啊这。。。这么高的伤害鱼姐不早挂了"}, {"uid": "544264987", "content": "就这就这就这就这就这就这？"}, {"uid": "305749476", "content": "白给马婷婷"}, {"uid": "36189122", "content": "审判开始"}, {"uid": "1931885949", "content": "摩托艇"}, {"uid": "640538103", "content": "审判开始！"}, {"uid": "628210713", "content": "梅开2度"}, {"uid": "651180100", "content": "*马婷婷爆炸了 "}, {"uid": "208911916", "content": "马婷婷"}, {"uid": "408681730", "content": "慢吞吞"}, {"uid": "604940679", "content": "占戈哥欠走起"}, {"uid": "661462445", "content": "sans孩子说大话可不好哦。"}, {"uid": "663932919", "content": "蔡"}, {"uid": "526271039", "content": "↑别云了好吧"}, {"uid": "635731464", "content": "奇怪的液体？"}, {"uid": "640004415", "content": "在这里，sans才是英雄，你只是一个杀人的怪物"}, {"uid": "1059455501", "content": "弹幕呢"}, {"uid": "646407462", "content": "危"}, {"uid": "565797658", "content": "小鸟在歌唱，鲜花在绽放，像你这样的孩子应该去地狱里面焚烧 "}, {"uid": "646407462", "content": "射？"}, {"uid": "442267821", "content": "在现场"}, {"uid": "508701427", "content": "荼杀荼杀，错了"}, {"uid": "511713536", "content": "秒杀"}, {"uid": "627442202", "content": "应当在地狱里焚烧"}, {"uid": "627442202", "content": "小鸟在歌唱，鲜花在绽放"}, {"uid": "13130038", "content": "我是ntr爱好者"}, {"uid": "597763036", "content": "不sans。。。。"}, {"uid": "27034682", "content": "玛菲特被秒了"}, {"uid": "18021042", "content": "方便面在审判长廊那块城堡吃回90hp"}, {"uid": "676051578", "content": "GG*2"}, {"uid": "294714844", "content": "4"}, {"uid": "455877234", "content": "是指羊妈"}, {"uid": "455877234", "content": "不"}, {"uid": "455877234", "content": "和平给安黛因"}, {"uid": "341877641", "content": "开始吟唱"}, {"uid": "10269906", "content": "呃"}, {"uid": "651183794", "content": "你都不会看龙骨炮的位置吗你接的真好"}, {"uid": "693651123", "content": "mtt，镁塔顿"}, {"uid": "448267584", "content": "……我TM"}, {"uid": "106361198", "content": "这个老女士指的是羊妈，和平线里说过羊妈拜托过sans保护主角"}, {"uid": "1488899270", "content": "这人内裤不错"}, {"uid": "431579940", "content": "慢吞吞"}, {"uid": "640538103", "content": "审判开始"}, {"uid": "627050366", "content": "我mtt两次过，羊爸一次过（买了一背包的药，还有提米甲  和平）"}, {"uid": "700225033", "content": "危"}, {"uid": "571170592", "content": "马婷婷"}, {"uid": "133004621", "content": "元气带我一个"}, {"uid": "376280245", "content": "开始审判"}, {"uid": "513307526", "content": "↑不对，羊爸更强，sans和决心鱼差不多，六魂花也更强"}, {"uid": "573847313", "content": "接的真好"}, {"uid": "573847313", "content": "光速白给"}, {"uid": "508701427", "content": "接吧"}, {"uid": "537914766", "content": "和元气骑士好像"}, {"uid": "627442202", "content": "应当在地狱里焚烧"}, {"uid": "627442202", "content": "应当在地狱里焚烧"}, {"uid": "597763036", "content": "sansNB"}, {"uid": "480451940", "content": "小鸟在歌唱，鲜花在绽放"}, {"uid": "505204537", "content": "危危危危危危危危危危危危危危危危危危危危危危危危危危危危危危危危"}, {"uid": "1714957336", "content": "白一一一一一一一给一一一一一一一"}, {"uid": "2078427930", "content": "好哈哈哈哈哈哈哈哈哈哈哈哈哈哈哈哈哈哈哈哈哈哈哈哈哈哈哈哈哈哈哈哈哈哈哈哈哈哈哈哈哈哈哈哈哈哈哈哈哈哈"}, {"uid": "1431329303", "content": "！？？？！…：：：：：~~；；：：……！，。。？！…"}, {"uid": "291812537", "content": "原版的挺简单，模拟器里面的间缝很小"}, {"uid": "604656040", "content": "你tm再骂？！"}, {"uid": "1949322683", "content": "危危危危危危危危危危危危危危危危危危危危危危危危危危危危危危危危危危危危危危危"}, {"uid": "1159763773", "content": "危危危危危危危危危危危危危危危"}, {"uid": "718535952", "content": "他说的是羊妈"}, {"uid": "718535952", "content": "不，电鹿才是"}, {"uid": "718535952", "content": "马——婷——婷——"}, {"uid": "718535952", "content": "不，是小羊"}, {"uid": "415606279", "content": "惴（zhui四声）惴（zhui四声）不安"}, {"uid": "1433898748", "content": "如果你装备老旧的眼镜，可以让sans的kr变慢,具体1/3左右。"}, {"uid": "1433898748", "content": "说好的没有感情呢？"}, {"uid": "1433898748", "content": "他打败过sans，却打不过国王。"}, {"uid": "1433898748", "content": "你再骂!"}, {"uid": "1433898748", "content": "说好的没有感情呢？"}, {"uid": "1433898748", "content": "你说怪的时间比打鱼姐用的时间还要久。甚至和sans旗鼓相当。"}, {"uid": "696558082", "content": "我是肉，爱吃鹿"}, {"uid": "608083322", "content": "马桶台"}, {"uid": "1650056705", "content": "煤炭厅，你好"}, {"uid": "1650056705", "content": "不，是模特图"}, {"uid": "492044138", "content": "-_-凶样"}, {"uid": "1090049119", "content": "就  应  该  在  地  狱  里  焚  烧"}, {"uid": "350215061", "content": "福不是女的！！无性别！大家不要被女福二设带人！"}, {"uid": "106397154", "content": "网抑云小花(doge）"}, {"uid": "584800563", "content": "小花其实是一朵毛莨小花其实是一朵毛莨"}, {"uid": "424484779", "content": "茅台檯"}, {"uid": "452653672", "content": "是花性"}, {"uid": "453945909", "content": "水是剧毒的！"}, {"uid": "670464259", "content": "我估计一下，羊爸也会被一刀秒"}, {"uid": "432298733", "content": "说那个sans血量的.，查看是1攻1防..，而且官方也没有解释他的血量。"}, {"uid": "152634978", "content": "生而为人 我很抱歉 "}, {"uid": "618524771", "content": "危危危危危危危危危危危危危危危危危危危危危危危危危危危危危危危危危危危危危危危危危危危危危危危危危危危危危危危危危危危危危危危危危危危危危危危危危危危危危危危危危危危危危危危危危危危危危危危危危危危危"}, {"uid": "28524560", "content": "服了无脑sans吹"}, {"uid": "606646025", "content": "=)"}, {"uid": "606646025", "content": "=)"}, {"uid": "349191238", "content": "审     判     只     鹿"}, {"uid": "649256779", "content": "哦我说错了"}, {"uid": "649256779", "content": "所以福是女的？？？"}, {"uid": "649256779", "content": "记住这句话"}, {"uid": "573847313", "content": "鱼姐是强，sans是烦"}, {"uid": "573847313", "content": "占戈哥欠起"}, {"uid": "573847313", "content": "今天是多美好的一天啊，小鸟在歌唱，花儿在歌唱，像你这样的孩子，应该在地狱里焚烧殆尽"}, {"uid": "573847313", "content": "说实话，挺心疼小羊的"}, {"uid": "573847313", "content": "屠杀线除了决心鱼和sans以外，基本都是秒杀"}, {"uid": "573847313", "content": "是的，除了中二羊（攻击：∞ 防御：∞）以外，决心鱼是最强的怪物"}, {"uid": "434078536", "content": "马婷婷！！！！！！！！！！！！！！！！！！！！！！不！！！！！！！！！！！！"}, {"uid": "630836486", "content": "“她”是指羊妈"}, {"uid": "540050682", "content": "说错了，藤wan"}, {"uid": "540050682", "content": "藤van，不是藤man，不信输入法看看"}, {"uid": "511954718", "content": "接得好！"}, {"uid": "57672594", "content": "背诵原文"}, {"uid": "27732696", "content": "56分钟！"}]