[{"uid": "18366284", "content": "朕就勉强送你一个币吧"}, {"uid": "687565212", "content": "用中世纪风格建了个城市"}, {"uid": "628550591", "content": "新加坡旁，碧桂园森林城市"}, {"uid": "237777531", "content": "欢迎来到有光影也带不动系列"}, {"uid": "28443793", "content": "找到自己了 第一个（）"}, {"uid": "1362175088", "content": "我上来就是一个三连"}, {"uid": "543287402", "content": "众所周知电鹿是友军"}, {"uid": "1209931521", "content": "忍不住就三连了！"}, {"uid": "687954972", "content": "哇这个好棒！！"}, {"uid": "650738738", "content": "建筑部卑微的员工路过"}, {"uid": "237777531", "content": "第二列混进去一只小花生是我awa"}, {"uid": "1556005486", "content": "太棒了！！眼睛都不愿意眨！！"}, {"uid": "452709423", "content": "新概念小城"}, {"uid": "403650148", "content": "你…是香蕉？"}, {"uid": "667637885", "content": "妈问跪"}, {"uid": "520130676", "content": "ohhhhhhhhhhhhhhhh"}, {"uid": "1389249028", "content": "老板，这个显卡给我多加点孜然"}, {"uid": "695087298", "content": "爷要报爷的全部币都给投上！B站怎么没有这个功能啊！"}, {"uid": "495269820", "content": "在玩家群里了"}, {"uid": "1112534198", "content": "《 他 的 世 界 》"}, {"uid": "525985634", "content": "傻狍子"}, {"uid": "36935930", "content": "找到自己了！第四列第六个！"}, {"uid": "389873895", "content": "阶寓工程（"}, {"uid": "568336197", "content": "恐怖如斯"}, {"uid": "450773945", "content": "我闻到了显卡的香味"}, {"uid": "32659848", "content": "狍   之   谷"}, {"uid": "660491780", "content": "游戏名别人家的世界 "}, {"uid": "548375034", "content": "辛苦了(≧∇≦)/"}, {"uid": "99002926", "content": "袜！好看！！"}, {"uid": "99002926", "content": "辛苦了！！"}, {"uid": "523194007", "content": "成功看见自己。"}, {"uid": "440948998", "content": "好厉害"}, {"uid": "526760042", "content": "半个车站！我造的！同时感谢各位大佬对我的精心培育！"}, {"uid": "351263123", "content": "病句“耗费”改“耗时”"}, {"uid": "108910609", "content": "辛苦了！！！！！！！！！"}, {"uid": "604237907", "content": "初期建设者打卡，泪目"}, {"uid": "551023262", "content": "阶梯计划（"}, {"uid": "496055497", "content": "好喜欢世界树！！"}, {"uid": "496055497", "content": "好厉害"}, {"uid": "526955680", "content": "来了来了"}, {"uid": "435973269", "content": "哇，这个好赛博朋克"}, {"uid": "651570268", "content": "原来傻袍子也玩我的世界"}, {"uid": "262518376", "content": "Ori选择拥抱光芒"}, {"uid": "262518376", "content": "画面仅供参考，一切以实际为准（滑稽"}, {"uid": "1406825500", "content": "ohhhhhh"}, {"uid": "511548403", "content": "mc永远的爱"}, {"uid": "442029644", "content": "牛逼啊！！！"}, {"uid": "221298620", "content": "辛苦了！"}, {"uid": "661635214", "content": "两小时，又得用岩浆烧了"}, {"uid": "617528512", "content": "放下这张地图最后一个方块的时候一定很有成就感吧！"}, {"uid": "522011295", "content": "跪了跪了"}, {"uid": "450891369", "content": "这个透光好美！！"}, {"uid": "26317236", "content": "太强了"}, {"uid": "112418862", "content": "成功找到自己，好耶！"}, {"uid": "526850898", "content": "流光溢彩的美好城市！！！"}, {"uid": "526850898", "content": "城市大放异彩啊"}, {"uid": "26366193", "content": "我要找到这个地图的最高点建一个火柴盒"}, {"uid": "649711990", "content": "辛苦了！"}, {"uid": "355684981", "content": "ohhhhhhhhhhhhhh"}, {"uid": "16119238", "content": "好好看！！"}, {"uid": "593726153", "content": "欢迎来到没有光影，玩个寂寞系列"}, {"uid": "526850898", "content": "辛苦各位了"}, {"uid": "435606356", "content": "妙哉，好棒！"}, {"uid": "526850898", "content": "世界树！"}, {"uid": "526850898", "content": "团队都是人才啊"}, {"uid": "526850898", "content": "城市辽阔而美好"}, {"uid": "526850898", "content": "震撼啊！"}, {"uid": "432337613", "content": "ohhhhhhhhhhhhhhhhhhhhhhhhh"}, {"uid": "399917638", "content": "重温了一遍测试视频来了！！"}, {"uid": "581335948", "content": "我是路人这是宣传片吗"}, {"uid": "278952228", "content": "小      城"}, {"uid": "669379049", "content": "辛德勒的名单"}, {"uid": "526850898", "content": "团队所有人辛苦了！！！"}, {"uid": "526850898", "content": "给跪了！！！！！！"}, {"uid": "8010325", "content": "辛苦了"}, {"uid": "497253816", "content": "来晚了，草"}, {"uid": "452734608", "content": "ohhhhhhhhhhhhhh"}, {"uid": "522649130", "content": "19分钟，热乎啊，i了i了"}, {"uid": "482000197", "content": "我愿称之为好肝"}, {"uid": "355173528", "content": "辛苦了傻狍子"}, {"uid": "520398416", "content": "袜！！！"}, {"uid": "622082663", "content": "卧槽牛逼！！"}, {"uid": "1362175088", "content": "牛壁了"}, {"uid": "499943510", "content": "辛苦了"}, {"uid": "379353433", "content": "辛苦了!"}, {"uid": "1114157168", "content": "辛苦了你把我的币夺走了"}, {"uid": "1732642420", "content": "[置顶]建设人员们都幸苦了！"}, {"uid": "249506893", "content": "好厉害"}, {"uid": "150395507", "content": "傻狍孑"}, {"uid": "431289555", "content": "辛苦了！"}, {"uid": "1104006052", "content": "这不比博人传燃?"}, {"uid": "331078370", "content": "好有感觉"}, {"uid": "404370751", "content": "辛苦了"}, {"uid": "291943608", "content": "辛苦了"}, {"uid": "436391362", "content": "可以住这吗（羡慕）"}, {"uid": "765686071", "content": "大佬"}, {"uid": "478048774", "content": "我 炸服王（doge）"}, {"uid": "454550214", "content": "智慧树牛逼"}, {"uid": "162128947", "content": "NB"}, {"uid": "26598637", "content": "基洛夫飞艇"}, {"uid": "444409624", "content": "辛苦了！"}, {"uid": "495269820", "content": "我在玩具群里了，想进建筑部的，却满人了"}, {"uid": "650884467", "content": "傻狍子牛逼"}, {"uid": "456513796", "content": "辛苦了o(╥﹏╥)o"}, {"uid": "1479158584", "content": "诸君辛苦了"}, {"uid": "444417408", "content": "NB"}, {"uid": "446939515", "content": "辛苦了(≧∇≦)/"}, {"uid": "660423929", "content": "辛苦了！"}, {"uid": "411782500", "content": "辛苦了"}, {"uid": "273226426", "content": "辛苦了！"}, {"uid": "620956646", "content": "ohhhhhhhh"}, {"uid": "517867847", "content": "太牛了！"}, {"uid": "306303122", "content": "幸苦了"}, {"uid": "661532735", "content": "辛苦了"}, {"uid": "483801219", "content": "袜！"}, {"uid": "673188664", "content": "牛壁"}, {"uid": "237594080", "content": "ohhhhhhhhhhh"}, {"uid": "322335168", "content": "开伺服器开伺服器开伺服器"}, {"uid": "1895749239", "content": "辛苦了！！"}, {"uid": "276878585", "content": "真的好牛"}, {"uid": "545467984", "content": "ohhhhhhhhhhhhhhhhh"}, {"uid": "576572539", "content": "辛苦了"}, {"uid": "496054147", "content": "快看！是智慧树！"}, {"uid": "411489375", "content": "幸苦了"}, {"uid": "92440206", "content": "辛苦了"}, {"uid": "277503872", "content": "牛啊！"}, {"uid": "603872204", "content": "辛苦了"}, {"uid": "642003293", "content": "幸苦了！"}, {"uid": "502696532", "content": "光影nb"}, {"uid": "435053730", "content": "辛苦了"}, {"uid": "1406460084", "content": "辛苦了(≧∇≦)/"}, {"uid": "406798912", "content": "辛苦了！！"}, {"uid": "454499329", "content": "有花絮吗"}, {"uid": "528288215", "content": "四小时，绝对0度，放岩浆里都热不了"}, {"uid": "477067966", "content": "ohhhhhhhhhhhhhhhhh"}, {"uid": "19931951", "content": "好棒"}, {"uid": "327565588", "content": "辛苦了！！"}, {"uid": "609323067", "content": "鹿哥辛苦了"}, {"uid": "472457822", "content": "三小时，新鲜出炉"}, {"uid": "429728582", "content": "我要这币有何用"}, {"uid": "651570268", "content": "两小时了还能吃"}, {"uid": "494132438", "content": "绝美"}, {"uid": "1645443839", "content": "幸苦了！"}, {"uid": "1050535964", "content": "辛苦了，敬礼"}, {"uid": "437436207", "content": "ohhhhhhhh辛苦了！！"}, {"uid": "526850898", "content": "跪了跪了！"}, {"uid": "526850898", "content": "波光粼粼的犽之谷城市"}, {"uid": "521310642", "content": "辛苦辛苦了！"}, {"uid": "526850898", "content": "辛苦！辛苦！"}, {"uid": "526850898", "content": "谢谢工作伙伴们！辛苦了！"}, {"uid": "521310642", "content": "好好看"}, {"uid": "526850898", "content": "光影效果好赞啊"}, {"uid": "569177278", "content": "辛苦了！！"}, {"uid": "511914042", "content": "铁路一部分我建的！"}, {"uid": "578042550", "content": "辛苦了"}, {"uid": "406284180", "content": "辛苦了！"}, {"uid": "700341437", "content": "ohhhhhhhhhhhhhhhhhh"}, {"uid": "667244628", "content": "辛苦了(≧∇≦)/"}, {"uid": "526850898", "content": "城市建设太NB了啊"}, {"uid": "526850898", "content": "好好看，好有气势！"}, {"uid": "423819979", "content": "辛苦了!"}, {"uid": "1543945696", "content": "50分钟放岩浆里还能看"}, {"uid": "489361637", "content": "ohhhhhhhhhh"}, {"uid": "621155542", "content": "狍子，我来了！"}, {"uid": "36565306", "content": "辛苦了"}, {"uid": "526850898", "content": "好棒啊！谢谢你们！！！"}, {"uid": "526850898", "content": "辛苦了！！！！！！！"}, {"uid": "422601550", "content": "辛苦了"}, {"uid": "433615586", "content": "傻狍子 这次一定"}, {"uid": "428804491", "content": "假面骑士铠武"}, {"uid": "474822272", "content": "辛苦了"}, {"uid": "474822272", "content": "辛苦了"}, {"uid": "474822272", "content": "辛苦了"}, {"uid": "33736780", "content": "辛苦了！！！"}, {"uid": "408344993", "content": "辛苦了"}, {"uid": "26146265", "content": "ohhhhhhhhhh厉害了"}, {"uid": "621905017", "content": "辛苦了"}, {"uid": "478363057", "content": "辛苦了"}, {"uid": "1607343007", "content": "NB"}, {"uid": "403515290", "content": "来了"}, {"uid": "394696680", "content": "辛苦了"}, {"uid": "432190560", "content": "肝帝"}, {"uid": "1237249987", "content": "已点赞"}, {"uid": "222875908", "content": "幸苦了！"}, {"uid": "637542761", "content": "双厨狂喜！"}, {"uid": "141878601", "content": "辛苦了(≧∇≦)/"}, {"uid": "434407218", "content": "辛苦了"}, {"uid": "404263348", "content": "心苦了"}, {"uid": "490285330", "content": "辛苦了！！！"}, {"uid": "574256409", "content": "好绝"}, {"uid": "509120564", "content": "辛苦了"}, {"uid": "1349092182", "content": "牛"}, {"uid": "480316212", "content": "辛苦了"}, {"uid": "348897719", "content": "辛苦了"}, {"uid": "501116647", "content": "辛苦了"}, {"uid": "11413572", "content": "辛苦啦"}, {"uid": "475645519", "content": "白嫖失败"}, {"uid": "495214116", "content": "辛苦了"}, {"uid": "515716440", "content": "辛苦了"}, {"uid": "602194076", "content": "辛苦了"}, {"uid": "457261100", "content": "牛逼"}, {"uid": "604613622", "content": "好厉害"}, {"uid": "299170359", "content": "三连已给"}, {"uid": "99002926", "content": "wow"}, {"uid": "99002926", "content": "ohhhhhhh"}, {"uid": "99002926", "content": "辛苦了！！"}, {"uid": "455021088", "content": "nb"}, {"uid": "543895848", "content": "辛苦了"}, {"uid": "636926922", "content": "辛苦了！"}, {"uid": "76384274", "content": "辛苦啦"}, {"uid": "633355067", "content": "辛苦了！"}, {"uid": "448308530", "content": "辛苦了"}, {"uid": "488320996", "content": "辛苦了"}, {"uid": "411049364", "content": "辛苦了"}, {"uid": "277503872", "content": "辛苦了！"}, {"uid": "1261396164", "content": "跪求光影"}, {"uid": "662621473", "content": " 都发霉了"}, {"uid": "407041523", "content": "辛苦了"}, {"uid": "544253474", "content": "辛苦了"}, {"uid": "401523580", "content": "辛苦了"}, {"uid": "491648693", "content": "辛苦了"}, {"uid": "491648693", "content": "辛苦了"}, {"uid": "507142026", "content": "牛蛙"}, {"uid": "627296436", "content": "辛苦了"}, {"uid": "516329363", "content": "辛苦了"}, {"uid": "646428111", "content": "辛苦了 (＾▽＾) "}, {"uid": "496055497", "content": "辛苦了"}, {"uid": "621173539", "content": "辛苦了！"}, {"uid": "689644109", "content": "辛苦了"}, {"uid": "175315241", "content": "nb"}, {"uid": "22666483", "content": "辛苦了"}, {"uid": "678718150", "content": "辛苦了！"}, {"uid": "1467843446", "content": "幸苦了！"}, {"uid": "1287823226", "content": "辛苦了！"}, {"uid": "1953474463", "content": "辛苦了"}, {"uid": "420957599", "content": "辛苦了"}, {"uid": "478896352", "content": "辛苦了"}, {"uid": "669876788", "content": "辛苦了 "}, {"uid": "454371619", "content": "辛苦了"}, {"uid": "522011295", "content": "辛苦了"}, {"uid": "513814096", "content": "辛苦了"}, {"uid": "471152874", "content": "6666艺术满满！"}, {"uid": "38855391", "content": "辛苦了！！"}, {"uid": "450891369", "content": "辛苦了！！"}, {"uid": "483907936", "content": "一小时热热还能吃"}, {"uid": "440816597", "content": "辛苦了"}, {"uid": "524092264", "content": "一小时，热一会"}, {"uid": "523023686", "content": "辛苦了"}, {"uid": "403317689", "content": "辛苦了"}, {"uid": "1565532927", "content": "好厉害"}, {"uid": "455035800", "content": "辛苦了！"}, {"uid": "649711990", "content": "辛苦了！"}, {"uid": "525886421", "content": "辛苦了！"}, {"uid": "38300546", "content": "辛苦了"}, {"uid": "88686111", "content": "辛苦了"}, {"uid": "615940888", "content": "辛苦"}, {"uid": "674098342", "content": "辛苦了"}, {"uid": "702632657", "content": "嗷！"}, {"uid": "526850898", "content": "太酷了吧"}, {"uid": "604686195", "content": "幸苦了"}, {"uid": "611094775", "content": "哇"}, {"uid": "652528407", "content": "辛苦了"}, {"uid": "477713924", "content": "辛苦了"}, {"uid": "505616601", "content": "辛苦了！"}, {"uid": "588050820", "content": "辛苦了！"}, {"uid": "508113757", "content": "ohhhhhhhhhhh"}, {"uid": "662035178", "content": "辛苦"}, {"uid": "349947485", "content": "好耶"}, {"uid": "356926847", "content": "辛苦了！"}, {"uid": "415230972", "content": "辛苦了"}, {"uid": "676630718", "content": "辛苦了"}, {"uid": "604736873", "content": "辛苦了"}, {"uid": "651248087", "content": "辛苦了"}, {"uid": "590656405", "content": "辛苦了"}, {"uid": "504251497", "content": "来了"}, {"uid": "411092973", "content": "我看着我破败的电脑，哭了"}, {"uid": "650602316", "content": "辛苦了"}, {"uid": "411092973", "content": "ohhhhh"}, {"uid": "542457042", "content": "辛苦了"}, {"uid": "364832990", "content": "牛逼"}, {"uid": "33039974", "content": "辛苦了"}, {"uid": "347819236", "content": "幸苦了"}, {"uid": "621905017", "content": "ohhhhhhhhhhhhhhhh"}, {"uid": "1559374300", "content": "辛苦了！"}, {"uid": "646602909", "content": "芜湖！"}, {"uid": "414437215", "content": "MC牛逼"}, {"uid": "456464279", "content": "辛苦了"}, {"uid": "576565801", "content": "辛苦了"}, {"uid": "592495890", "content": "辛苦了"}, {"uid": "499704369", "content": "辛苦了"}, {"uid": "478048774", "content": "然鹅只能看"}, {"uid": "626831445", "content": "辛苦了，辛苦了!"}, {"uid": "606750754", "content": "辛苦了"}, {"uid": "661917030", "content": "辛苦了"}, {"uid": "508304065", "content": "辛苦了"}, {"uid": "354629581", "content": "辛苦了"}, {"uid": "148034810", "content": "6666666"}, {"uid": "702401171", "content": "辛苦了"}, {"uid": "1556005486", "content": "辛苦了！！"}, {"uid": "473851883", "content": "辛苦了"}, {"uid": "521029704", "content": "辛苦了"}, {"uid": "1158357978", "content": "辛苦了"}, {"uid": "624993693", "content": "辛苦了"}, {"uid": "661421387", "content": "辛苦了！"}, {"uid": "449682617", "content": "辛苦了"}, {"uid": "8638597", "content": "漂亮"}, {"uid": "395091529", "content": "辛苦了"}, {"uid": "694483738", "content": "辛苦了"}, {"uid": "1856608759", "content": "大制作"}, {"uid": "646763183", "content": " 辛苦了"}, {"uid": "32879164", "content": "辛苦了"}, {"uid": "521724162", "content": "辛苦了"}, {"uid": "1576947586", "content": "辛苦了"}, {"uid": "401462794", "content": "辛苦了！"}, {"uid": "484956799", "content": "你币有了"}, {"uid": "475687223", "content": "辛苦了"}, {"uid": "670397116", "content": "幸苦了"}, {"uid": "610138492", "content": "辛苦了"}, {"uid": "583497664", "content": "辛苦了"}, {"uid": "660766208", "content": "辛苦了"}, {"uid": "356151464", "content": "已三连"}, {"uid": "293283874", "content": "辛苦了"}, {"uid": "490714942", "content": "辛苦啦"}, {"uid": "1633078179", "content": "我已三连"}, {"uid": "99002926", "content": "牛逼！！"}, {"uid": "350025603", "content": "好历害"}, {"uid": "35774252", "content": "辛苦了"}, {"uid": "447632160", "content": "辛苦了"}, {"uid": "545467984", "content": "辛苦了"}, {"uid": "663407524", "content": "辛苦了"}, {"uid": "370474139", "content": "太美了"}, {"uid": "178787350", "content": "辛苦了"}, {"uid": "411049364", "content": "辛苦了"}, {"uid": "603872204", "content": "辛苦了"}, {"uid": "432009314", "content": "辛苦了"}, {"uid": "696907468", "content": "辛苦了"}, {"uid": "501438445", "content": "辛苦了"}, {"uid": "401523580", "content": "辛苦了！"}, {"uid": "425702351", "content": "厉害"}, {"uid": "609590411", "content": "辛苦了"}, {"uid": "434205524", "content": "辛苦了"}, {"uid": "620142847", "content": "好厉害"}, {"uid": "477067966", "content": "辛苦了"}, {"uid": "496055497", "content": "辛苦了！"}, {"uid": "687872800", "content": "辛苦了！"}, {"uid": "553805877", "content": "辛苦了"}, {"uid": "593962167", "content": "辛苦了！"}, {"uid": "525041975", "content": "辛苦了"}, {"uid": "696213869", "content": "辛苦了"}, {"uid": "1097935353", "content": "ohhhhhhhhhhhhhhhhhhhhhhhhhhhhhhhhhhhhhhhhhhhhhhhhhhhhhhhhhhhhhhhhhhhhhhhhhhhhhhhhhhhhhhhhhhhhhhhhhhh"}, {"uid": "642266214", "content": "辛苦了"}, {"uid": "493640378", "content": "2"}, {"uid": "321491427", "content": "辛苦了"}, {"uid": "435788817", "content": "辛苦了"}, {"uid": "452614598", "content": "辛苦了"}, {"uid": "388035228", "content": "辛苦了！"}, {"uid": "473952435", "content": "辛苦了"}, {"uid": "441951773", "content": "NB"}, {"uid": "1182180725", "content": "辛苦了"}, {"uid": "394828694", "content": "辛苦了"}, {"uid": "269927787", "content": "辛苦啦!"}, {"uid": "1802148554", "content": "1小时，热乎"}, {"uid": "1648553558", "content": "辛苦辛苦！！！"}, {"uid": "499889176", "content": "辛苦了"}, {"uid": "1565532927", "content": "辛苦了"}, {"uid": "36612133", "content": "辛苦了！"}, {"uid": "514084367", "content": "辛苦了"}, {"uid": "651792473", "content": "辛苦了"}, {"uid": "1956334965", "content": "呜呜呜，脑婆辛苦了┭┮﹏┭┮"}, {"uid": "667244628", "content": "辛苦了"}, {"uid": "447545035", "content": "辛苦了"}, {"uid": "526850898", "content": "赞赞赞！"}, {"uid": "526850898", "content": "NB啊啊啊啊啊啊啊"}, {"uid": "1633411948", "content": "23分钟"}, {"uid": "485913919", "content": "辛苦了"}, {"uid": "482000197", "content": "辛苦了"}, {"uid": "482000197", "content": "nb"}, {"uid": "295084507", "content": "热乎的"}, {"uid": "626728091", "content": "辛苦了"}, {"uid": "520398416", "content": "辛苦了！！！"}, {"uid": "481419549", "content": "辛苦了"}, {"uid": "442122753", "content": "辛苦啦"}, {"uid": "576490378", "content": "辛苦了"}, {"uid": "5434017", "content": "欢迎来到别人的世界"}, {"uid": "491932795", "content": "辛苦了"}, {"uid": "349479063", "content": "nb啊"}, {"uid": "446021135", "content": "辛苦啦！！"}, {"uid": "557859671", "content": "辛苦了"}, {"uid": "471944856", "content": "铠武太淦了"}, {"uid": "543898099", "content": "辛苦了"}, {"uid": "1298990186", "content": "辛苦了"}, {"uid": "475342385", "content": "辛苦了"}, {"uid": "399969843", "content": "辛苦了"}, {"uid": "499704369", "content": "辛苦了"}, {"uid": "701900311", "content": "辛苦了"}, {"uid": "1846363000", "content": "辛苦了"}, {"uid": "589630401", "content": "辛苦了"}, {"uid": "634868084", "content": "辛苦了"}, {"uid": "362280284", "content": "别人的世界，赞赞赞"}, {"uid": "483601974", "content": "辛苦了"}, {"uid": "241774961", "content": "太强了兄弟萌"}, {"uid": "650821342", "content": "一个屑策划路过"}, {"uid": "386266138", "content": "辛苦了"}, {"uid": "476158509", "content": "辛苦了"}, {"uid": "431329597", "content": "辛苦了"}, {"uid": "1112534198", "content": "袜袜袜！！！"}, {"uid": "502073083", "content": "辛苦了"}, {"uid": "626562988", "content": "辛苦了"}, {"uid": "672636744", "content": "刘鼻"}, {"uid": "616269024", "content": "ohhhhhhhhhhhhh"}, {"uid": "487972390", "content": "辛苦了"}, {"uid": "689113872", "content": "辛苦了"}, {"uid": "132586503", "content": "辛苦了"}, {"uid": "407799630", "content": "辛苦了"}, {"uid": "615934859", "content": "辛苦了辛苦了"}, {"uid": "521083120", "content": "辛苦了"}, {"uid": "1476649465", "content": "辛苦了"}, {"uid": "425608952", "content": "nb"}, {"uid": "697349655", "content": "辛苦啦！"}, {"uid": "454208636", "content": "辛苦了"}, {"uid": "699731614", "content": "已三连"}, {"uid": "1289303295", "content": "辛苦了"}, {"uid": "1248735386", "content": "辛苦了"}, {"uid": "544076806", "content": "辛苦了"}, {"uid": "83923525", "content": "辛苦了"}, {"uid": "83032747", "content": "辛苦了"}, {"uid": "206679896", "content": "哇，我都看不了，刚点击就闪退啊"}, {"uid": "628021272", "content": "NB"}, {"uid": "262166507", "content": "辛苦啦！！"}, {"uid": "511636147", "content": "干得漂亮"}, {"uid": "1305647679", "content": "大家辛苦了！！！！！！！"}, {"uid": "444107622", "content": "辛苦了"}, {"uid": "34624382", "content": "卧槽，这么牛，肝还在吗？"}, {"uid": "454499329", "content": "辛苦了"}, {"uid": "484508832", "content": "辛苦了"}, {"uid": "29137205", "content": "热乎"}, {"uid": "438592359", "content": "辛苦了"}, {"uid": "475993216", "content": "幸苦了"}, {"uid": "1365816270", "content": "中指城堡"}, {"uid": "474004929", "content": "辛苦了"}, {"uid": "522127457", "content": "辛苦了"}, {"uid": "479840500", "content": "ohhhhhhhhhhhhhhhhhhhhhhhhhhhhhhhhhhhhhhhhhhhhhhhhhhhhhhhhhhhhhh"}, {"uid": "216677834", "content": "火钳刘明    三小时！"}, {"uid": "586640441", "content": "三分钟！"}, {"uid": "652309868", "content": "辛苦了"}, {"uid": "442029644", "content": "辛苦了"}, {"uid": "602446947", "content": "厉害"}, {"uid": "669876788", "content": "辛苦了 "}, {"uid": "524041164", "content": "辛苦了。"}, {"uid": "390262148", "content": "辛苦了"}, {"uid": "477821835", "content": "辛苦了"}, {"uid": "542213038", "content": "热乎"}, {"uid": "514766957", "content": "aya"}, {"uid": "1956334965", "content": "辛苦了~"}, {"uid": "1543945696", "content": "辛苦了"}, {"uid": "536327011", "content": "48分钟"}, {"uid": "484492622", "content": "tql"}, {"uid": "415272950", "content": "38分钟"}, {"uid": "441764844", "content": "辛苦了"}, {"uid": "2662857", "content": "贼热乎"}, {"uid": "526850898", "content": "辛苦啦"}, {"uid": "646469611", "content": "辛苦了！"}, {"uid": "475948634", "content": "辛苦了"}, {"uid": "356926847", "content": "辛苦了"}, {"uid": "232303801", "content": "辛苦了！"}, {"uid": "689088344", "content": "13分钟！热乎"}, {"uid": "497253816", "content": "辛苦了"}, {"uid": "392086755", "content": "辛苦了"}, {"uid": "400845970", "content": "18分钟还能吃"}, {"uid": "525814281", "content": "快冷了qnq"}, {"uid": "109859116", "content": "辛苦了"}, {"uid": "510200713", "content": "辛苦了"}, {"uid": "691967917", "content": "14分钟"}, {"uid": "490867980", "content": "辛苦辛苦！"}, {"uid": "490867980", "content": "辛苦了！！"}, {"uid": "1534413056", "content": "辛苦了！"}, {"uid": "628550591", "content": "电梯洋房，花园公寓"}, {"uid": "349389106", "content": "辛苦了！"}, {"uid": "776503835", "content": "幸苦了"}, {"uid": "766538700", "content": "辛苦了"}, {"uid": "693727469", "content": "辛苦了"}, {"uid": "975951917", "content": "[黑洞]"}, {"uid": "508214130", "content": "这个是真的奇迹啊"}, {"uid": "443927013", "content": "懵逼树上懵逼果，懵逼树下你和我"}, {"uid": "478048774", "content": "所以，RPG什么时候出"}, {"uid": "667756478", "content": "白嫖真香啊"}, {"uid": "667756478", "content": "白嫖真香啊"}, {"uid": "689082472", "content": "辛苦了"}, {"uid": "261539785", "content": "辛苦了辛苦了"}, {"uid": "642864853", "content": "辛苦了"}, {"uid": "518539539", "content": "辛苦了"}, {"uid": "43179944", "content": "实际上不开光影也就那样"}, {"uid": "650821342", "content": "飞艇站的大炮我弄上去的"}, {"uid": "502290335", "content": "辛苦了！！！"}, {"uid": "1112534198", "content": "辛苦啦"}, {"uid": "30351391", "content": "，辛苦啦"}, {"uid": "288611578", "content": "辛苦了"}, {"uid": "469575493", "content": "辛苦了"}, {"uid": "1050027970", "content": "辛苦了"}, {"uid": "626498986", "content": "辛苦了"}, {"uid": "374825806", "content": "辛苦了！"}, {"uid": "616269024", "content": "鹿哥NB"}, {"uid": "471304428", "content": "辛苦"}, {"uid": "28857470", "content": "哇哇哇，好看！"}, {"uid": "28857470", "content": "辛苦了辛苦了！！！"}, {"uid": "1329727604", "content": "辛苦了"}, {"uid": "1443372495", "content": "辛苦了"}, {"uid": "1443372495", "content": "1天，热热还能吃"}, {"uid": "627148401", "content": "辛苦了！"}, {"uid": "409231467", "content": "辛苦了"}, {"uid": "410228313", "content": "热乎的！"}, {"uid": "600403042", "content": "这不是我的世界吗 "}, {"uid": "543895848", "content": "辛苦了"}, {"uid": "651024573", "content": "辛苦了辛苦了！"}, {"uid": "505506219", "content": "ohhhhhhhhhhhhhhhhhhhhhhhhhhhhhhhhhhhhhhhhhhhhhhhhhhhhhhhhhhhhhhhhhhhhhhhhhhhhhhhhhhhhhhh"}, {"uid": "639888427", "content": "辛苦了"}, {"uid": "379995378", "content": "来了"}, {"uid": "402896382", "content": "辛苦啦"}, {"uid": "299346120", "content": "辛苦了"}, {"uid": "28687108", "content": "辛苦了"}, {"uid": "348296085", "content": "大制作"}, {"uid": "1305647679", "content": "辛苦了！！！！！！！"}, {"uid": "1305647679", "content": "哇哦！！！！！！！！！！"}, {"uid": "604237907", "content": "倒数第三行倒数q第四个是我耶！"}, {"uid": "1959918569", "content": "辛苦了"}, {"uid": "454499329", "content": "你什么时候玩我的世界了？"}, {"uid": "39204651", "content": "辛苦啦"}, {"uid": "22434095", "content": "辛苦了"}, {"uid": "649721606", "content": "辛苦！"}, {"uid": "313737759", "content": "哇哇哇辛苦了大家！！！"}, {"uid": "1365816270", "content": "难受了"}, {"uid": "445407579", "content": "热乎的"}, {"uid": "429641134", "content": "辛苦了"}, {"uid": "420919190", "content": "苦辛了"}, {"uid": "512771254", "content": "辛苦了"}, {"uid": "797886411", "content": "辛苦了"}, {"uid": "1953474463", "content": "2小时"}, {"uid": "60422890", "content": "两小时我出息了。"}, {"uid": "453928953", "content": "辛苦了"}, {"uid": "691911118", "content": "2小时"}, {"uid": "390262148", "content": "热乎的"}, {"uid": "10352806", "content": "辛苦了"}, {"uid": "496909074", "content": "ohhhhhhhhhhhhhhhhhhh"}, {"uid": "178987228", "content": "一小时，凉了"}, {"uid": "265728872", "content": "我的天啊…"}, {"uid": "2191564", "content": "辛苦了"}, {"uid": "482496660", "content": "辛苦了"}, {"uid": "422496775", "content": "热乎的！"}, {"uid": "1956334965", "content": "12点的视频我1点到，还热乎嘛......"}, {"uid": "565710763", "content": "太大了"}, {"uid": "677444696", "content": "辛苦了！！"}, {"uid": "516486272", "content": "辛苦了"}, {"uid": "645609590", "content": "三联啦"}, {"uid": "1538061258", "content": "热乎"}, {"uid": "395118115", "content": "41分钟"}, {"uid": "109810760", "content": "辛苦了"}, {"uid": "316581368", "content": "辛苦了"}, {"uid": "526850898", "content": "辛苦大家啦"}, {"uid": "1215887345", "content": "哇"}, {"uid": "430980272", "content": "辛苦你"}, {"uid": "128211917", "content": "好烫啊"}, {"uid": "356926847", "content": "辛苦了"}, {"uid": "1339814344", "content": "热乎"}, {"uid": "482997942", "content": "辛苦了"}, {"uid": "33516263", "content": "二十一分钟!"}, {"uid": "511711508", "content": "热乎！"}, {"uid": "122356281", "content": "天哪"}, {"uid": "104370478", "content": "16分钟"}, {"uid": "452004524", "content": "带制作"}, {"uid": "452004524", "content": "辛苦了"}, {"uid": "590656405", "content": "来了，插眼"}, {"uid": "338188839", "content": "辛苦了"}, {"uid": "594849452", "content": "别人的世界和我的世界的区别"}, {"uid": "1219084871", "content": "辛苦啦！"}, {"uid": "1455640764", "content": "只送大脑"}, {"uid": "446209074", "content": "电鹿辛苦了"}, {"uid": "646602909", "content": "看到我啦！"}, {"uid": "596842776", "content": "老婆辛苦了"}, {"uid": "140080916", "content": "你币有了"}, {"uid": "700946760", "content": "辛苦了"}, {"uid": "508214130", "content": "辛苦了辛苦了"}, {"uid": "443927013", "content": "辛苦了"}, {"uid": "660809119", "content": " 硬币，留你何用"}, {"uid": "491241132", "content": "基洛夫报道~"}, {"uid": "514621255", "content": "辛苦了(^0^)/"}, {"uid": "574256409", "content": "辛苦了"}, {"uid": "293082629", "content": "辛苦了"}, {"uid": "1112534198", "content": "2人正在看"}, {"uid": "84425735", "content": "辛苦了！"}, {"uid": "572334598", "content": "辛苦了"}, {"uid": "646924678", "content": "辛苦了"}, {"uid": "594801797", "content": "辛苦了"}, {"uid": "669067921", "content": "你们说辛苦了，是对谁说的"}, {"uid": "374764193", "content": "本色出演"}, {"uid": "558016636", "content": "幸苦了"}, {"uid": "700728265", "content": "辛苦了NB"}, {"uid": "700728265", "content": "辛苦了"}, {"uid": "14898695", "content": "辛苦了"}, {"uid": "553831168", "content": "幸苦了"}, {"uid": "603856445", "content": "辛苦了"}]