[{"uid": "499461923", "content": "所以说啊把头像上的是只狗还是鹿"}, {"uid": "648395527", "content": "这么大飞船不怕深空海妖（狗头）"}, {"uid": "1850297632", "content": "一家一模一样"}, {"uid": "599498649", "content": "深  空  海  妖"}, {"uid": "400210523", "content": "一个被沙雕动漫耽误的绘画区up猪（dog）"}, {"uid": "591741056", "content": "归 零 者"}, {"uid": "531420814", "content": "傻狍子工作室(滑稽)"}, {"uid": "555981299", "content": "简称：求三连"}, {"uid": "499066057", "content": "好似GTFO宣传片"}, {"uid": "382346882", "content": "哇 震撼啊"}, {"uid": "407071131", "content": "《歌者》"}, {"uid": "401659017", "content": "全家福细节：一家四口都没有笑诶"}, {"uid": "473360958", "content": "头像怎么变成了两只?"}, {"uid": "522874412", "content": "这一段真的超震撼的！！"}, {"uid": "243894127", "content": "星 际 穿 越"}, {"uid": "80519039", "content": "舱里舱外不是一个次元啊"}, {"uid": "690131458", "content": "《第一次做动画》"}, {"uid": "484613470", "content": "发送人傻狍子瞩目"}, {"uid": "484613470", "content": "电鹿：给我一块二向箔"}, {"uid": "484135514", "content": "小  医  生"}, {"uid": "693218951", "content": "我问你你是不是直接找一张图然后把它贴在这上面，反正就很牛壁"}, {"uid": "1169839828", "content": "要用就用南孚电池"}, {"uid": "483273526", "content": "流  浪  地  球"}, {"uid": "697264652", "content": "翻译3：除了爷都没了"}, {"uid": "697264652", "content": "翻译2：啥都看不清了"}, {"uid": "697264652", "content": "翻译1：爷搁哪呢？"}, {"uid": "397669238", "content": "藏好自己，做好清理"}, {"uid": "661226495", "content": "定 语 从 句"}, {"uid": "635678936", "content": "好多熟人（doge"}, {"uid": "496054147", "content": "光  粒  打  击"}, {"uid": "496054147", "content": "光  粒  打  击"}, {"uid": "401154007", "content": "逐光:启航"}, {"uid": "509264725", "content": "24小时吃 剩  饭"}, {"uid": "494335867", "content": "一家四口全是公的"}, {"uid": "515107379", "content": "地——————球——————"}, {"uid": "361363029", "content": "长得一摸一样的屑鹿一家"}, {"uid": "652147157", "content": "《史诗级，科幻动画。》"}, {"uid": "354564363", "content": "经费都用在这了？"}, {"uid": "615896271", "content": "星 际 迷 航"}, {"uid": "500727279", "content": "以为是同人，没想到啊"}, {"uid": "344425030", "content": "银  河  青  结  工"}, {"uid": "490655862", "content": "注意一点：宇宙中是真空状态，所以声音无法传播"}, {"uid": "349281519", "content": "歌者：有人要抢我饭碗了"}, {"uid": "383993841", "content": "反 向 流 浪 地 球"}, {"uid": "89920518", "content": "就我一个活人儿了（活鹿）"}, {"uid": "517933415", "content": "一切都渐渐消逝"}, {"uid": "482311110", "content": "迷失的一切"}, {"uid": "660497669", "content": "经费爆炸现场，已被警方控制↓"}, {"uid": "504506983", "content": "你家免费了"}, {"uid": "423580832", "content": "一家红瞳，显性基因（doge）"}, {"uid": "480749650", "content": "《一个小时》"}, {"uid": "1022065014", "content": "自然选择号，十二万倍光速！（doge)"}, {"uid": "611853149", "content": "失踪鸽子回归"}, {"uid": "498145294", "content": "狍子空间，前进四！（我又来了doge）"}, {"uid": "574351942", "content": "一小时，沙皇炸炸还能吃"}, {"uid": "522874412", "content": "银河打工人可太秀了↑"}, {"uid": "1023394480", "content": "画风变了不习惯"}, {"uid": "347755174", "content": "你家成矿了"}, {"uid": "604822289", "content": "公屏们把兄弟打在带制作上"}, {"uid": "1872147666", "content": "建议改名：傻狍子工作室（滑稽）"}, {"uid": "27266654", "content": "BGM：Mountain Hans Zimmer"}, {"uid": "517559602", "content": "一个小时放岩浆里都热不了了"}, {"uid": "510982739", "content": "鬼畜区什么时候整个两只电鹿爱跳舞"}, {"uid": "429695131", "content": "又是预告片（"}, {"uid": "619306380", "content": "38分钟，热热应该还能吃"}, {"uid": "477830583", "content": "驶向深空，永不回头！"}, {"uid": "616798391", "content": "春节玩具『星球巨响炮』"}, {"uid": "480098330", "content": "《很多不足的地方》"}, {"uid": "480098330", "content": "《很多不足的地方》"}, {"uid": "517687048", "content": "这是抱枕的钥匙挂件吗"}, {"uid": "526318208", "content": "领航员号空间站"}, {"uid": "281148508", "content": "bgm: mountains -hans zimmer"}, {"uid": "97251434", "content": "我giao！还以为是正片。。。"}, {"uid": "580526120", "content": "《我们并非专 业 团 队 》"}, {"uid": "438181652", "content": "流  浪  地  球"}, {"uid": "702378299", "content": "刚刚照片有柴犬？"}, {"uid": "13626673", "content": "你家变矿啦doge"}, {"uid": "512364804", "content": "没时间犹豫了"}, {"uid": "76816477", "content": "爹妈都男兽兽。"}, {"uid": "344935587", "content": "这也好意思重投[doge]"}, {"uid": "93342342", "content": "之前给你投币了，这次就不给了"}, {"uid": "635579278", "content": "不要返航！这里不是家！！"}, {"uid": "635579278", "content": "水滴:嘿嘿嘿"}, {"uid": "382409559", "content": "《狍子动画工作室》"}, {"uid": "1143532654", "content": "领航员号国际空间站撞击木星"}, {"uid": "1522212753", "content": "看了个预告，像看了部电影"}, {"uid": "1809583435", "content": "好家伙伽玛射线都出来了"}, {"uid": "349098778", "content": "刘户口骂骂咧咧得退出了直播间"}, {"uid": "454446920", "content": "清洁工……等等，藏好自己，做好清理！"}, {"uid": "480044457", "content": "藏好自己，做好清理"}, {"uid": "439988536", "content": "好家伙，大片"}, {"uid": "438869366", "content": "马圈的延续"}, {"uid": "454395786", "content": "柠檬柴犬？？！"}, {"uid": "678855511", "content": "逐光:启航，永远的神，玩了七天终于完了……"}, {"uid": "489246919", "content": "爷爷，你关注的电鹿更新啦！"}, {"uid": "12212013", "content": "这让我想起了纪念碑谷。没有人有机会给我们原谅了。"}, {"uid": "1831445779", "content": "南扶电池"}, {"uid": "492984261", "content": "领航员空间站，前进三！"}, {"uid": "645910384", "content": "三年动画[doge]"}, {"uid": "1138889428", "content": "沒有脚的鹿是母鹿所以呢"}, {"uid": "300040115", "content": "长大我要当太空人"}, {"uid": "508451478", "content": "银 河 青 结 工"}, {"uid": "508451478", "content": "银 河 青 结 工"}, {"uid": "520341936", "content": "距离宇宙中心还需要7次折跃 "}, {"uid": "484613470", "content": "消息wtf瞩目"}, {"uid": "484613470", "content": "时间1:27瞩目"}, {"uid": "485772481", "content": "你矿里有家ba"}, {"uid": "562905459", "content": "流 浪 地 球 2"}, {"uid": "627923653", "content": "星际穿越好评"}, {"uid": "518922297", "content": "首页通知书"}, {"uid": "27172275", "content": "不要温顺的走进那个良夜"}, {"uid": "1720516225", "content": "双鹿电池电超足"}, {"uid": "508304065", "content": "我是扫甲板的[滑稽]"}, {"uid": "443380393", "content": "傻狍子终于有经费做动画了"}, {"uid": "711481741", "content": "真   打破次元壁"}, {"uid": "697352537", "content": "藏好自己，做好清理"}, {"uid": "522874412", "content": "这不比博人传燃？？"}, {"uid": "522874412", "content": "注意！！星球家园已毁灭！！飞船紧急启航！！"}, {"uid": "415515598", "content": "一切消逝了"}, {"uid": "415515598", "content": "一切都在消逝"}, {"uid": "379476563", "content": "逐光：启航"}, {"uid": "504312001", "content": "银河清理工—歌者"}, {"uid": "527277977", "content": "被   迫   二   刷"}, {"uid": "241368642", "content": "你家成矿了"}, {"uid": "1562183304", "content": "表情几乎一样 显现基因"}, {"uid": "527277977", "content": "被  迫  二  刷"}, {"uid": "527277977", "content": "被  迫  二  刷"}, {"uid": "382511855", "content": "这，照片上是俩公鹿？"}, {"uid": "545849320", "content": "12个小时已经粘在桌子上了不要了桌子也不要了"}, {"uid": "683295036", "content": "爷爷你关注的up主更啦"}, {"uid": "517933415", "content": "没时间犹豫了……"}, {"uid": "517933415", "content": "我是唯一的幸存者"}, {"uid": "449264420", "content": "来不及解释了，快上车!!!"}, {"uid": "500450578", "content": "各位请这次一定啊啊啊"}, {"uid": "702376415", "content": "两小时G爹蹦迪的地方热热还能吃"}, {"uid": "503242628", "content": "流浪地球⊙ˍ⊙？"}, {"uid": "667266577", "content": "底部红色字幕菌再次施工"}, {"uid": "644787148", "content": "有 钱 人 的 快 乐"}, {"uid": "472946230", "content": "三体无处不在"}, {"uid": "101255906", "content": "星际穿越，好耶！"}, {"uid": "201297251", "content": "嘿，看的那里有只傻狍子"}, {"uid": "397669238", "content": "来自低熵体文明的电鹿"}, {"uid": "650738738", "content": "电鹿离不开三体了，自我介绍来自三体的反义星球，这又开始飞船了"}, {"uid": "356151464", "content": "果然有刀"}, {"uid": "477830583", "content": "自然选择号，进入前进四！"}, {"uid": "477830583", "content": "自然选择，前进四！"}, {"uid": "27512715", "content": "哦天哪，我居然赶上热乎的了"}, {"uid": "488377744", "content": "领航员号空间站"}, {"uid": "620145939", "content": "在此之前，先：自然选择，前进四！"}, {"uid": "357972396", "content": "歌者直呼内行"}, {"uid": "520348474", "content": "当机立断，果敢向前。"}, {"uid": "667866861", "content": "十二分钟，烫手"}, {"uid": "520348474", "content": "当一切都消逝"}, {"uid": "438181652", "content": "歌者直呼内行"}, {"uid": "97251434", "content": "为什么重发，把币还给我呀！（拘头）"}, {"uid": "488798866", "content": "刘培强骂骂咧咧地离开了直播间("}, {"uid": "677444696", "content": "出息了！"}, {"uid": "512364804", "content": "狍子动画工作室"}, {"uid": "512364804", "content": "所有东西模糊了"}, {"uid": "635579278", "content": "要是能做成，上央视我都觉得不奇怪。"}, {"uid": "1063875279", "content": "长大我要当太空人～"}, {"uid": "2083945019", "content": "兄弟们给个三连 把经费值 很多 "}, {"uid": "96537292", "content": "已經沒有時間再猶豫了！"}, {"uid": "96537292", "content": "什麼都淡然了⋯⋯"}, {"uid": "526930743", "content": "电鹿还有个哥哥啊"}, {"uid": "696296931", "content": "你以一级战备状态，加油，特种鹿"}, {"uid": "689687386", "content": "星际穿越！"}, {"uid": "1809583435", "content": "SCP:立刻启动，火种计划"}, {"uid": "425825911", "content": "硬核清洁工"}, {"uid": "621136439", "content": "专业团队233333"}, {"uid": "698067826", "content": "哇⊙∀⊙！厉害了我天"}, {"uid": "702534570", "content": "歌   者"}, {"uid": "528798579", "content": "博人传：凭什么啥都比我燃？"}, {"uid": "677844142", "content": "这不是哥斯拉怪兽行星里面的飞船吗"}, {"uid": "1340315178", "content": "博人传：啥都比我燃"}, {"uid": "1097935353", "content": "逐光：启航"}, {"uid": "700204118", "content": "银河清洁工=破坏神"}, {"uid": "625595501", "content": "说了多少次了，博人传是不可燃物"}, {"uid": "603634022", "content": "经费在燃烧"}, {"uid": "496432662", "content": "柯南表示可以"}, {"uid": "175230823", "content": "你家变矿了"}, {"uid": "440768498", "content": "流 浪 地 球"}, {"uid": "498460646", "content": "《傻狍子》"}, {"uid": "484613470", "content": "是曲率驱动？"}, {"uid": "627143549", "content": "因为学业问题许久不见，鹿哥已经100多万了呢"}, {"uid": "484135514", "content": "小 医 生"}, {"uid": "645732988", "content": "罗宾那有个一模一样的球"}, {"uid": "516148276", "content": "对冲宇宙成功了！"}, {"uid": "456725535", "content": "巴尔塔星已经毁灭了（doge）"}, {"uid": "508304065", "content": "我是扫甲板的[滑稽]"}, {"uid": "291270040", "content": "你家成矿了"}, {"uid": "522874412", "content": "从2D效果直接转到3D效果！！厉害！！"}, {"uid": "415515598", "content": "没有时间去犹豫了"}, {"uid": "541354558", "content": "3小时，热热还能吃"}, {"uid": "535016629", "content": "↑上面的，感觉隐性也用可能↑"}, {"uid": "688715225", "content": "星 舰 地 球"}, {"uid": "667281087", "content": "恐怕要被ks的人盗走了"}, {"uid": "646008164", "content": "看那边那颗星星是卡兹"}, {"uid": "617266331", "content": "那个石头穿模了"}, {"uid": "443160624", "content": "太空旅客"}, {"uid": "443160624", "content": "太空旅客"}, {"uid": "443160624", "content": "太空旅客"}, {"uid": "509264725", "content": "这次一定啊啊啊啊！！"}, {"uid": "673907002", "content": "针不戳啊针不戳"}, {"uid": "480806835", "content": "搁哪内个是秀儿"}, {"uid": "409673633", "content": "好家伙，十六小时，不热乎了"}, {"uid": "1016085228", "content": "电脑首页通知书！"}, {"uid": "652147157", "content": "好家伙银河清洁员"}, {"uid": "506027848", "content": "不是where I am吗？"}, {"uid": "671621556", "content": "给我一块二向箔，清理用"}, {"uid": "671621556", "content": "自然选择，前进四！"}, {"uid": "89920518", "content": "介嘛地界"}, {"uid": "631483963", "content": "《三体清洁工》"}, {"uid": "671448904", "content": "妈耶这特效电鹿腻害"}, {"uid": "500450578", "content": "各位请这次一定啊啊啊"}, {"uid": "500450578", "content": "各位请这次一定啊啊啊"}, {"uid": "437594735", "content": "BGM.《cornfield chase》星际穿越，强烈推荐"}, {"uid": "571413068", "content": "人好少袜"}, {"uid": "667266577", "content": "没有时间犹豫了"}, {"uid": "667266577", "content": "一切都消散了"}, {"uid": "543274253", "content": "1小时！！！"}, {"uid": "676630718", "content": "藏好自己，做好清理"}, {"uid": "609107527", "content": "我已经关上了一小时的大门"}, {"uid": "646163209", "content": "一小时凉透了"}, {"uid": "1023394480", "content": "所以放炮仗跟清洁工有什么关系？"}, {"uid": "397669238", "content": "歌者电鹿"}, {"uid": "347755174", "content": "星际穿越的Mountain！！！"}, {"uid": "515314735", "content": "不再迷惘，不再囿步"}, {"uid": "515314735", "content": "孤身一人"}, {"uid": "515314735", "content": "当，仅存我一人时"}, {"uid": "515314735", "content": "一切。。。都是模糊的"}, {"uid": "515314735", "content": "我。。。。。。在哪儿？"}, {"uid": "477830583", "content": "蓝色空间号，进入前进四！"}, {"uid": "477830583", "content": "蓝色空间，前进四！"}, {"uid": "512041254", "content": "耳机党去世"}, {"uid": "518753197", "content": "流浪地球即视感"}, {"uid": "368044195", "content": "突然冒出来的罗宾宇让我猝不及防"}, {"uid": "476107304", "content": "关上刚刚的大门"}, {"uid": "514555404", "content": "流浪电鹿"}, {"uid": "584839944", "content": "没超过二十分钟（doge）"}, {"uid": "521183444", "content": "15分钟！还可以！"}, {"uid": "424384218", "content": "十分钟我出息了！"}, {"uid": "608865394", "content": "怎么又发一遍？"}, {"uid": "676188023", "content": "突然就成7分钟了"}, {"uid": "614706521", "content": "七分钟，烫手"}, {"uid": "369661043", "content": "经费爆炸"}, {"uid": "444427851", "content": "又是预告片嘛"}, {"uid": "512364804", "content": "我是唯一幸存者"}, {"uid": "21522633", "content": "刚出炉的，烫手"}, {"uid": "453368326", "content": "ohhhh1分钟"}, {"uid": "87195639", "content": "快跑傻孩子们这不是家"}, {"uid": "648395527", "content": "求救！我被深空海妖袭击了!"}, {"uid": "648395527", "content": "求救！我被深空海妖一袭击了。"}, {"uid": "1516934326", "content": "银河:？？？？？？"}, {"uid": "645787079", "content": "逐光启航我五天我就把所有结局都通了"}, {"uid": "96537292", "content": "我也成為了最後倖存者"}, {"uid": "555746800", "content": "经费燃烧"}, {"uid": "2055789480", "content": "全舰人员进入深海状态。自然选择，前进四！"}, {"uid": "131256673", "content": "而我们称之为高效"}, {"uid": "140080916", "content": "这好像是没有说话声音的"}, {"uid": "606238687", "content": "2021/4/10前来报告：没有发布视频！"}, {"uid": "349098778", "content": "前进三"}, {"uid": "678982372", "content": "冰冻罗非鱼警告"}, {"uid": "78860095", "content": "狗子工作室"}, {"uid": "1269766222", "content": "那个不要温顺地走入那个良夜的姐妹呢？等等我啊！"}, {"uid": "1238852963", "content": "经费在燃烧"}, {"uid": "265959429", "content": "好可怜的电鹿"}, {"uid": "441944045", "content": "一家电鹿！"}, {"uid": "25325695", "content": "前进不择手段的前进"}, {"uid": "473665045", "content": "鹿一蛋的枯燥生活"}, {"uid": "689260690", "content": "0.027W赞，各位快点赞！0.1w赞更新！"}, {"uid": "675218052", "content": "歌者感觉有被冒犯到"}, {"uid": "636479204", "content": "穿 天 鹿"}, {"uid": "20505405", "content": "哇好可爱啊啊"}, {"uid": "515352777", "content": "傻狍子工作室"}, {"uid": "451554484", "content": "三日连珠"}, {"uid": "479132101", "content": "狞獾突击级"}, {"uid": "514788202", "content": "火种计划"}, {"uid": "522874412", "content": "这不比博人传燃？？"}, {"uid": "415515598", "content": "我是唯一幸存的"}, {"uid": "415515598", "content": "我在哪里"}, {"uid": "1267421911", "content": "不知道为什么，我的眼睛里有一个时钟"}, {"uid": "504312001", "content": "黑暗森林打击"}, {"uid": "444313147", "content": "这真的是自己做的吗？牛逼"}, {"uid": "1470160294", "content": "资金突然充裕"}, {"uid": "527286453", "content": "鹿际穿越（doge）"}, {"uid": "1639929546", "content": "《——卡兹"}, {"uid": "344720193", "content": "星际穿越的bgm！！！"}, {"uid": "556048357", "content": "这个牛逼了，熬。"}, {"uid": "1016085228", "content": "【刘慈欣】进入直播间"}, {"uid": "93251651", "content": "为何天命"}, {"uid": "488775292", "content": "领航员号"}, {"uid": "470788865", "content": "前方净空，允许迁越"}, {"uid": "15041334", "content": "卧槽，可以可以"}, {"uid": "1022065014", "content": "自然选择号将进入前进四，全员进入深海状态。"}, {"uid": "604165197", "content": "我就算躺在棺材里，我也会出来白嫖（三连）"}, {"uid": "179308615", "content": "星级穿越!"}, {"uid": "599462406", "content": "您就是歌者?"}, {"uid": "565404190", "content": "bgm星际穿越？？！？！"}, {"uid": "517933415", "content": "我在哪？"}, {"uid": "645732988", "content": "背景音乐直接交响乐团。"}, {"uid": "490446604", "content": "够震撼"}, {"uid": "482311110", "content": "我在何处。"}, {"uid": "300362071", "content": "史诗大作"}, {"uid": "35757491", "content": "惊为天人"}, {"uid": "695112575", "content": "两小时，核心热热还能吃"}, {"uid": "94407284", "content": "我要当太空人"}, {"uid": "645732988", "content": "我靠，罗宾参加了。"}, {"uid": "611853149", "content": "只要喜欢大学之后就能做"}, {"uid": "631662748", "content": "一小时！！！"}, {"uid": "569177278", "content": "初二生表示我也想加入。。"}, {"uid": "700567731", "content": "一小时！妈我出息了！"}, {"uid": "521258132", "content": "章北海进入了直播间"}, {"uid": "697276956", "content": "一个小时，热热还能吃"}, {"uid": "521258132", "content": "章北海进入了直播间"}, {"uid": "478002356", "content": "一小时 真不错"}, {"uid": "651017147", "content": "梅开二度"}, {"uid": "347755174", "content": "地爆天星"}, {"uid": "696083396", "content": "一个小时，热热还能吃"}, {"uid": "515314735", "content": "此为何物？"}, {"uid": "515314735", "content": "此为何地？"}, {"uid": "403026181", "content": "52分钟"}, {"uid": "515314735", "content": "没有机会给我徘徊"}, {"uid": "526760042", "content": "没功夫琢磨了"}, {"uid": "650738738", "content": "电鹿是离不开三体了"}, {"uid": "533890113", "content": "自然选择号前进四!"}, {"uid": "476441359", "content": "←卡兹"}, {"uid": "675558827", "content": "35分钟有点烫"}, {"uid": "652621604", "content": "11分钟可还行⊙▽⊙"}, {"uid": "281148508", "content": "星际穿越的《mountains》！"}, {"uid": "644204668", "content": "大制作"}, {"uid": "493322206", "content": "经费爆炸"}, {"uid": "456024014", "content": "三分钟，还热乎"}, {"uid": "512364804", "content": "职员表"}, {"uid": "37369803", "content": "我出息了！！！！！12分钟"}, {"uid": "549749988", "content": "关上三分钟的大门。"}, {"uid": "450100521", "content": "发过了呀"}, {"uid": "663128383", "content": "哟这不光粒吗？老三体了！"}, {"uid": "32903113", "content": "快点出版吧，真的太想看了。"}, {"uid": "548525523", "content": "《三体》！"}, {"uid": "1919750684", "content": "《流浪地球》"}, {"uid": "2083945019", "content": "燃烧的显卡 "}, {"uid": "2083945019", "content": "显卡在燃烧 显卡在燃烧 "}, {"uid": "1524023144", "content": "逐光:启航"}, {"uid": "630058433", "content": "逐光.启航"}, {"uid": "546484213", "content": "我看出了苹果广告的感觉。"}, {"uid": "506244090", "content": "这里是2077(年)吗？"}, {"uid": "1654212103", "content": "小鹿一家人"}, {"uid": "699818995", "content": "流 浪 电 鹿"}, {"uid": "637665122", "content": "建议把主角赶着精神小伙"}, {"uid": "637665122", "content": "GPS宣传翻译无情哈拉少"}, {"uid": "639375901", "content": "万有引力号"}, {"uid": "1466343906", "content": "三A大片的即视感"}, {"uid": "503845939", "content": "领航员？"}, {"uid": "352435452", "content": "太棒了，太棒啦！"}, {"uid": "579965230", "content": "还不如宇宙巡航机"}, {"uid": "516258216", "content": "这名字太有电鹿内味儿了！"}, {"uid": "660456767", "content": "突然感觉比我花了好多钱的电影还好看"}, {"uid": "1051848958", "content": "讲个鬼故事 看进度条"}, {"uid": "568376340", "content": "大片即视感"}, {"uid": "662621473", "content": "自然选择号前进四"}, {"uid": "514648266", "content": "in my heart"}, {"uid": "508451478", "content": "银河青结工"}, {"uid": "616549133", "content": "万有引力，前进四"}, {"uid": "351083240", "content": "火种计划"}, {"uid": "1169839828", "content": "南孚"}, {"uid": "32206022", "content": "堡垒，是你吗？"}, {"uid": "515352777", "content": "流浪飞船"}, {"uid": "601177705", "content": "带制作"}, {"uid": "573807831", "content": "这眼神看起来像群傻子"}, {"uid": "179506881", "content": "地球退出了直播间"}, {"uid": "1872147666", "content": "可惜没硬币了（真）"}, {"uid": "331471929", "content": "卧槽是咕嗷"}, {"uid": "526882293", "content": "卡兹！！看到你啦！"}, {"uid": "662242473", "content": "经费爆炸"}, {"uid": "497003272", "content": "泡岩浆还能吃"}, {"uid": "80519039", "content": "RobinRain不是在做时钟塔么？这个UP不是搞小马宝莉的么？？？好神奇"}, {"uid": "1235920184", "content": "十七小时，丢进太阳里热一下还能吃。"}, {"uid": "678846818", "content": "星际穿越！！！！"}, {"uid": "910203600", "content": "流浪袍子"}, {"uid": "675783856", "content": "卧槽夏飞和灵"}, {"uid": "1763636950", "content": "光粒（雾）"}, {"uid": "694972780", "content": "原来电路的星球是被歌者文明毁灭的"}, {"uid": "694972780", "content": "原来电路是三体人"}, {"uid": "8100403", "content": "十一小时，变质了"}, {"uid": "11069518", "content": "这是电鹿被毁灭的故乡玫瑰星云么？"}, {"uid": "588031738", "content": "2小时，快赶上液氮了"}, {"uid": "643573930", "content": "蓝色空间，前进四"}, {"uid": "1022065014", "content": "执行者号歼星舰，出击！"}, {"uid": "437594735", "content": "二小时，热热还能吃"}, {"uid": "583183591", "content": "2小时冻碎了"}, {"uid": "525264342", "content": "一小时，热热还能吃"}, {"uid": "502205932", "content": "一小时拿喷火龙热一下"}, {"uid": "667266577", "content": "我是唯一的幸存者"}, {"uid": "37759919", "content": "一小时了"}, {"uid": "402741983", "content": "一个小时"}, {"uid": "27147276", "content": "失踪人口回归"}, {"uid": "492079968", "content": "一小时，冻僵了"}, {"uid": "700423044", "content": "一小时凉凉"}, {"uid": "347755174", "content": "星际穿越！！！！"}, {"uid": "526760042", "content": "除了我都没了"}, {"uid": "674762877", "content": "48分钟已经凉了"}, {"uid": "742166843", "content": "问为什么重发的，看动态"}, {"uid": "487972390", "content": "三十六分哭了"}, {"uid": "334986850", "content": "洁字里那个电鹿的标志"}, {"uid": "397975187", "content": "27分钟，估计凉透了"}, {"uid": "596910533", "content": "歌者：啊这"}, {"uid": "352357957", "content": "二十六分钟还可以吃"}, {"uid": "242205023", "content": "光   粒"}, {"uid": "649217573", "content": "22分钟还行"}, {"uid": "496173411", "content": "二十一分钟！凉了？"}, {"uid": "514555404", "content": "热乎的"}, {"uid": "14069268", "content": "16分钟，赶紧来个三连"}, {"uid": "527259040", "content": "流浪地球"}, {"uid": "645916046", "content": "重投了！"}, {"uid": "520348474", "content": "我身处何处"}, {"uid": "523874141", "content": "10分钟出息了"}, {"uid": "621155542", "content": "啊一分钟，我出息了。"}, {"uid": "549705472", "content": "我出息了六分钟！！！！！！"}, {"uid": "518377959", "content": "热乎的耶"}, {"uid": "608294783", "content": "下次一定（给了）"}, {"uid": "486505837", "content": "4分钟！妈妈我出息了！！！"}, {"uid": "512364804", "content": "银河清洁工"}, {"uid": "2055158701", "content": "三分鐘我出色了!"}, {"uid": "512364804", "content": "我在哪"}, {"uid": "450078839", "content": "银河清杰工"}, {"uid": "1959735573", "content": "我问是英语还是中文"}, {"uid": "1043463790", "content": "氦            闪"}, {"uid": "1678505427", "content": "看卡兹在那里"}, {"uid": "567521773", "content": "出现了克隆电路"}, {"uid": "494271776", "content": "《星际穿越》《火星救援》《星际迷航》《太空漫游》《流浪地球》《钢铁苍穹》即视感"}, {"uid": "573442911", "content": "187j3x1——"}, {"uid": "396335975", "content": "母星已解体"}, {"uid": "484962978", "content": "前面那个50分钟的，我用我的1分18秒跟你换"}, {"uid": "1257692236", "content": "前方高能"}, {"uid": "456927796", "content": "星际穿越"}, {"uid": "519097649", "content": "春节十二响"}, {"uid": "1857165771", "content": "天上的卡兹不说话"}, {"uid": "509617610", "content": "把鹿哥牛B打在公屏上。"}, {"uid": "474385991", "content": "天动万象！"}, {"uid": "1975185210", "content": "真想把我得20个币都给投了。"}, {"uid": "1466343906", "content": "逃出生天。"}, {"uid": "1466343906", "content": "Oh my God! "}, {"uid": "649002900", "content": "电路板牛了"}, {"uid": "30076125", "content": "果然是鹿哥"}, {"uid": "609810992", "content": "这电影什么时候播？我要去电影院看。"}, {"uid": "1831445779", "content": "银河干饭人"}, {"uid": "34682507", "content": "歌者文明"}, {"uid": "591845020", "content": "我不是傻狍子"}, {"uid": "34427824", "content": "电路你回来了！"}, {"uid": "443390308", "content": "卧槽NB啊小鹿"}, {"uid": "629907411", "content": "地球没了。"}, {"uid": "662621473", "content": "还热乎着呢"}, {"uid": "385339856", "content": "星际穿越！"}, {"uid": "40759044", "content": "点燃木星"}, {"uid": "524742170", "content": "爆肝"}, {"uid": "407901371", "content": "流浪银河"}, {"uid": "498460646", "content": "流浪地球"}, {"uid": "498460646", "content": "朕的翻译在哪里？"}, {"uid": "511392404", "content": "六小时刚刚好的热乎"}, {"uid": "353233630", "content": "大制作"}, {"uid": "455000471", "content": "银河爷清洁"}, {"uid": "570247755", "content": "来了！！！！！"}, {"uid": "457467332", "content": "船好棒！"}, {"uid": "471722735", "content": "還有RobinRain?!"}, {"uid": "604226692", "content": "地球爆掉了"}, {"uid": "477958513", "content": "这是电影吗升么时候放"}, {"uid": "474619729", "content": "福瑞控狂喜"}, {"uid": "504312001", "content": "三体既视感"}, {"uid": "258559993", "content": "嗯额⊙∀⊙！"}, {"uid": "39189463", "content": "罗宾雨！！！"}, {"uid": "564293445", "content": "真就流浪地球呗"}, {"uid": "455767415", "content": "有内味了"}, {"uid": "498895284", "content": "来了来了"}, {"uid": "671621556", "content": "引爆木星"}, {"uid": "667245969", "content": "蓝色饼铛号"}, {"uid": "317002159", "content": "热乎的"}, {"uid": "429641134", "content": "有生之年"}, {"uid": "627542350", "content": "三小时还不错"}, {"uid": "494317457", "content": "3小时，还行"}, {"uid": "1032771968", "content": "两小时，拿去热热吧"}, {"uid": "984538680", "content": "两小时，凉透了"}, {"uid": "502241324", "content": "两小时哦"}, {"uid": "677764807", "content": "流浪电鹿"}, {"uid": "522874412", "content": "加  油  啊！！真的很期待！！"}, {"uid": "312696932", "content": "环境改造"}, {"uid": "68947180", "content": "经费在燃烧"}, {"uid": "232841245", "content": "一小时，凉了"}, {"uid": "494711266", "content": "←卡兹"}, {"uid": "498170548", "content": "歌者"}, {"uid": "517559602", "content": "57分钟！！！！！"}, {"uid": "429695131", "content": "燃起来了！"}, {"uid": "132782913", "content": "45分钟，热热还能吃"}, {"uid": "1994139854", "content": "三鹿奶粉"}, {"uid": "499997299", "content": "42热热还能吃"}, {"uid": "514219685", "content": "42分钟热热还能恰"}, {"uid": "203257762", "content": "41分钟还能恰"}, {"uid": "497021719", "content": "來了來了"}, {"uid": "412489595", "content": "热乎!!"}, {"uid": "1292742547", "content": "三十三分钟"}, {"uid": "157254759", "content": "35min，好耶"}, {"uid": "512041254", "content": "怎么重发了"}, {"uid": "437778872", "content": "半小时了凉透了"}, {"uid": "668587882", "content": "爷你醒了"}, {"uid": "498914159", "content": "19分钟，还能吃"}, {"uid": "1528839907", "content": "专  业"}, {"uid": "200198787", "content": "妈妈！！！"}, {"uid": "299850084", "content": "罗宾雨！"}, {"uid": "589871226", "content": "这个画风。。。"}, {"uid": "547380767", "content": "12分钟！！！！！！！"}, {"uid": "499523600", "content": "十一分钟！！！"}, {"uid": "452236916", "content": "九分钟，真好"}, {"uid": "418318924", "content": "七分钟凉透了"}, {"uid": "1028401909", "content": "六分钟，热热还可以"}, {"uid": "1221182418", "content": "三分钟诶!烫手"}, {"uid": "604613622", "content": "场面好震撼"}, {"uid": "500111396", "content": "两分钟热乎的"}, {"uid": "512583364", "content": "热乎！！"}, {"uid": "426255951", "content": "星际穿越"}, {"uid": "631974369", "content": "守望一族"}, {"uid": "1956361803", "content": "不应该是流量地球吗 "}, {"uid": "425471855", "content": "w  o   c "}, {"uid": "667608433", "content": "←卡兹"}, {"uid": "1725658581", "content": "逝世巨作"}, {"uid": "432222796", "content": "带整活"}, {"uid": "1951428706", "content": "这是预告片？"}, {"uid": "424376652", "content": "超人剧情"}, {"uid": "227497763", "content": "有点东西"}, {"uid": "437310800", "content": "电鹿哥哥~~~~"}, {"uid": "413648894", "content": "小鹿牛皮"}, {"uid": "1844672629", "content": "快点赞！！！！！！！"}, {"uid": "496909074", "content": "大制作啊"}, {"uid": "295379740", "content": "流浪小鹿"}, {"uid": "649652700", "content": "卡兹在这里↑"}, {"uid": "473665045", "content": "这次一定"}, {"uid": "508451478", "content": "夏飞！！"}, {"uid": "518229103", "content": "大制作"}, {"uid": "440768498", "content": "小马！！！"}, {"uid": "511408220", "content": "带制作"}, {"uid": "311742252", "content": "啊啊啊啊好好看"}, {"uid": "1405067187", "content": "自制动画"}, {"uid": "512943679", "content": "摩天轮诶！"}, {"uid": "457467332", "content": "绝了"}, {"uid": "451554484", "content": "大撕裂"}, {"uid": "451554484", "content": "前进四！"}, {"uid": "61161198", "content": "大制作"}, {"uid": "696296931", "content": "金羽特工"}, {"uid": "522874412", "content": "《三体》、《星际穿越》、《火星救援》、《星际迷航》、《太空漫游》、《流浪地球》既视感，太厉害太秀了！！"}, {"uid": "470822005", "content": "专业"}, {"uid": "365329945", "content": "治癌动画"}, {"uid": "457467332", "content": "带制作"}, {"uid": "646011401", "content": "电路板牛逼"}, {"uid": "506042423", "content": "热乎的"}, {"uid": "1316713387", "content": "13小时凉透了"}, {"uid": "694972780", "content": "nm曲功率推进器"}, {"uid": "486156512", "content": "大制作"}, {"uid": "588186741", "content": "ohhhhhhhhhhhhhhh"}, {"uid": "650445905", "content": "11小时变质了"}, {"uid": "228894327", "content": "电路牛壁"}, {"uid": "476079739", "content": "热乎！"}, {"uid": "372423345", "content": "awa"}, {"uid": "26043563", "content": "大制作"}, {"uid": "347795962", "content": "一小时凉了"}, {"uid": "667266577", "content": "我在哪"}, {"uid": "518890412", "content": "一小时！热乎的"}, {"uid": "402741983", "content": "一个小时"}, {"uid": "525251785", "content": "一个小时"}, {"uid": "489442804", "content": "带制作！"}, {"uid": "604822289", "content": "带制作"}, {"uid": "455113640", "content": "大制作"}, {"uid": "253165119", "content": "56分钟"}, {"uid": "2090724346", "content": "我已经看到太多了"}, {"uid": "2090724346", "content": "又是逐光启航"}, {"uid": "526760042", "content": "下次一定"}, {"uid": "342205849", "content": "星际穿越欸"}, {"uid": "507077125", "content": "50分钟快凉了"}, {"uid": "501019052", "content": "大制作"}, {"uid": "650738738", "content": "为什么有三体"}, {"uid": "517840189", "content": "40分钟！"}, {"uid": "674075480", "content": "带制作"}, {"uid": "687086074", "content": "我出息了，23分钟"}, {"uid": "699660117", "content": "24分别"}, {"uid": "631151781", "content": "烫！！！！！"}, {"uid": "631151781", "content": "22分钟！！！！！"}, {"uid": "535523729", "content": "21分钟热乎"}, {"uid": "603622538", "content": "我出息了18分钟 "}, {"uid": "200198787", "content": "妈妈！！！"}, {"uid": "392361888", "content": "大制作"}, {"uid": "508366150", "content": "16分钟出息了"}, {"uid": "353234976", "content": "带制作"}, {"uid": "16075253", "content": "热乎着"}, {"uid": "544390920", "content": "十二分钟"}, {"uid": "352847201", "content": "七分钟，我出息了"}, {"uid": "288611835", "content": "八分钟！！！"}, {"uid": "423785384", "content": "六分钟热乎"}, {"uid": "511884645", "content": "6分钟，热乎！"}, {"uid": "406044052", "content": "热乎的！"}, {"uid": "519750197", "content": "4分钟！！！！！！！！！！"}, {"uid": "474246428", "content": "热乎的！"}, {"uid": "512583364", "content": "三分钟热乎"}]