[{"uid": "656701963", "content": "告诉卡卡，下辈子我一定掀了他的帽子，摘了他的围巾（咽气）"}, {"uid": "1389508705", "content": "下面我们开始十级英语听力"}, {"uid": "627303791", "content": "《镭疯锝钴事》"}, {"uid": "267503937", "content": "告诉error，我还爱他…"}, {"uid": "1570534832", "content": "告诉格瑞，我下辈子一定要摘了他的头带"}, {"uid": "433504564", "content": "防水电脑，nb啊"}, {"uid": "581680785", "content": "   我   的   饭"}, {"uid": "2002588315", "content": "告诉Cross我还爱他"}, {"uid": "1569713405", "content": "医    学   奇   迹"}, {"uid": "526560403", "content": "枫妹 我下辈子一定娶你"}, {"uid": "600153465", "content": "盖特（机炮）的池塘（幻听）"}, {"uid": "517001507", "content": "这一开口老丁仪了"}, {"uid": "626280452", "content": "真宫寺，姐姐爱你……"}, {"uid": "678543111", "content": "0.5倍速你值得拥有"}, {"uid": "397826485", "content": "告诉雷蛰下辈子我还爱他"}, {"uid": "544365449", "content": "我 快 不 行 了"}, {"uid": "616764102", "content": "金小天使，有缘分的话，下辈子再见"}, {"uid": "616764102", "content": "比姥姥发现了比他更恐怖的生物"}, {"uid": "471928457", "content": "震 撼 我 妈 一 整 年"}, {"uid": "1629779354", "content": "《防  水  电  脑》"}, {"uid": "199506777", "content": "大    嘘"}, {"uid": "199506777", "content": "疯  狂  戴  夫"}, {"uid": "457133948", "content": "毫无违和感哈哈哈哈哈哈哈"}, {"uid": "232615984", "content": "告诉空我还爱他"}, {"uid": "1671782692", "content": "英语听力开始，衬衫的价格是9磅15便士"}, {"uid": "674312235", "content": "告诉金，我下辈子还爱他"}, {"uid": "89983970", "content": "电鹿是在伦敦留学的，英语好很正常"}, {"uid": "479233992", "content": "阴    片"}, {"uid": "421810398", "content": "嘴型对上了嘿"}, {"uid": "669560744", "content": "真•一只普通的鹿"}, {"uid": "96513785", "content": "请告诉白鸟，我爱他"}, {"uid": "511512485", "content": "冲 到 短"}, {"uid": "662948403", "content": "川噗：还有这好事？"}, {"uid": "510085623", "content": "告诉中也我活着回来了！（激动）"}, {"uid": "567946591", "content": "听力测试现在开始"}, {"uid": "524186348", "content": "坐  地  起  价"}, {"uid": "524186348", "content": "腔   肠   动   物"}, {"uid": "695101308", "content": "正在发疯的某人"}, {"uid": "392686607", "content": "下面开始进行听力测试"}, {"uid": "316648260", "content": "金，我会活着回去的（深情）"}, {"uid": "300991995", "content": "做动画可以接地气，但请不要接地府"}, {"uid": "174637853", "content": "我 当 时 害 怕 极 了"}, {"uid": "1640055135", "content": "高达创行者:好家伙，都快赶上我了"}, {"uid": "656701963", "content": "卡米尔，我们的婚礼照常进行"}, {"uid": "627303791", "content": "负 负 得 正"}, {"uid": "668791185", "content": "手鹿（手动狗头）"}, {"uid": "35007251", "content": "水  视  频"}, {"uid": "1226374403", "content": "卧槽，这货在超平坦。"}, {"uid": "524684022", "content": "告诉苏联我下辈子还做他忠诚的士兵"}, {"uid": "503906627", "content": "音 石 明"}, {"uid": "507590916", "content": "闭上眼睛获得嗨到不行的体验。"}, {"uid": "518878106", "content": "大表哥：能不能别把老子的音乐放在这"}, {"uid": "455281077", "content": "比青鬼还恐怖的视频出现了"}, {"uid": "484034709", "content": "经  典  永  流  传"}, {"uid": "432750161", "content": "告诉太宰先生，我这就和他去啊殉情"}, {"uid": "556431917", "content": "建议改成：基因突变"}, {"uid": "544365449", "content": "实话实说吧《山海经》第几页？"}, {"uid": "698551438", "content": "《盖亚的池塘》"}, {"uid": "401325276", "content": "天哪！制作这个动画出来的人，他对这个世界是有多么的……"}, {"uid": "697276956", "content": "我的眼睛和耳朵活过来了！！！"}, {"uid": "483663355", "content": "欢 迎 来 到 阴 间"}, {"uid": "1629779354", "content": "千  手  扉  间"}, {"uid": "397292233", "content": "你受到了500点侵蚀伤害"}, {"uid": "421810398", "content": "我饭喷了哈哈哈哈哈哈哈哈哈哈"}, {"uid": "316648260", "content": "告诉金，我下辈子还支持他和格瑞的婚事！！！（激动ing）"}, {"uid": "679428803", "content": "阴  间  动  漫"}, {"uid": "602551702", "content": "帕帕我会活着回去的(深情ipg)"}, {"uid": "648914912", "content": "告诉温迪，下辈子我一定穿越提瓦特陪他旅行"}, {"uid": "436068331", "content": "向哪跑？？？"}, {"uid": "626161778", "content": "我兴奋了"}, {"uid": "239848917", "content": "Oh, my god!"}, {"uid": "508404987", "content": "《唱歌能手》"}, {"uid": "1025202234", "content": "音石明真人版 "}, {"uid": "486129313", "content": "放心吧卡米尔，我会活下去的"}, {"uid": "1808823778", "content": "小葵花麻麻课堂开课了"}, {"uid": "535061539", "content": "告诉起司我下辈子还要当他的员工"}, {"uid": "98581882", "content": "找到江之岛盾子绝望的原因 "}, {"uid": "520409596", "content": "B B C"}, {"uid": "1373359942", "content": "我的耳朵又双叒叕好了"}, {"uid": "647934008", "content": "上帝在保护苏维侯"}, {"uid": "544416954", "content": "天 佑 美 利 坚"}, {"uid": "1613570069", "content": "打破了次元界的电脑"}, {"uid": "477226683", "content": "《希望影片》"}, {"uid": "22390683", "content": "告诉DIO我马上就能超越天堂了"}, {"uid": "556431917", "content": "一脸核善"}, {"uid": "1323992498", "content": "好家伙，大型表白现场？"}, {"uid": "515352777", "content": "都和电鹿的长相一一对应"}, {"uid": "1070681197", "content": "完了，晚上要做噩梦了"}, {"uid": "401325276", "content": "我眼睛顿时就5.0了"}, {"uid": "1236851084", "content": "电脑使用Windows98操作系统(/▽＼)"}, {"uid": "616764102", "content": "阿米娅，刀客塔要出远门，回不来的那种，罗德岛就请你暂为代管吧…"}, {"uid": "95716461", "content": "有一说一歌是真的不错"}, {"uid": "483663355", "content": "欢 迎 来 到 阴 间"}, {"uid": "668349085", "content": "告诉骑士大人我爱他，告诉苏联大哥我要给他去送伏特加了……【咽气】"}, {"uid": "631425067", "content": "差错教你做人（这尼玛是糖我当场自杀）"}, {"uid": "457469688", "content": "我竟然原地复活了！！！"}, {"uid": "400832634", "content": "为盲人设计的动画，歌唱的很棒"}, {"uid": "695271256", "content": "显出原形了"}, {"uid": "378486489", "content": "梅开二度"}, {"uid": "1707665828", "content": "我的fire！我都吓得回戳一懵了。"}, {"uid": "538198120", "content": "告诉基金会上层，我还做D级人员"}, {"uid": "650962842", "content": "医疗兵！我眼瞎了！"}, {"uid": "1935869216", "content": "英语听力开始"}, {"uid": "1361997275", "content": "泡芙老师 风评被害"}, {"uid": "618888135", "content": "音石命的魔鬼"}, {"uid": "701791208", "content": "短“鹿”"}, {"uid": "1501967451", "content": "指乌龟为鳄鱼"}, {"uid": "617759801", "content": "前方高能预警"}, {"uid": "587236561", "content": "告诉阿米娅让她自己升精二"}, {"uid": "505633352", "content": "告诉Nightmare Dream ，我还爱他"}, {"uid": "700004695", "content": "[狗头]"}, {"uid": "584839944", "content": "正片开始"}, {"uid": "447062802", "content": "原形毕露"}, {"uid": "456580578", "content": "脸色绝了"}, {"uid": "1075447979", "content": "突破次元壁"}, {"uid": "1075447979", "content": "我的天简直吓坏小朋友啊"}, {"uid": "391555728", "content": "想什么呢！雷总是我的！"}, {"uid": "1323521549", "content": "0.5倍"}, {"uid": "401325276", "content": "开屏暴击战术后仰"}, {"uid": "516494628", "content": "心肺瞬停"}, {"uid": "473107176", "content": "受到一万点暴击"}, {"uid": "616764102", "content": "告诉阿米娅，罗德岛就交给她了，刀客塔回不去了"}, {"uid": "386867508", "content": "告诉紫堂幻，kibo，王马小吉，杀人魔，一枝花，扶幽我还爱他们"}, {"uid": "601716054", "content": "医学奇迹，我的眼睛好了！！！！！"}, {"uid": "111168116", "content": "暴鲤龙进化的时候网卡了一下"}, {"uid": "516935841", "content": "紧紧抱住白糖"}, {"uid": "226835266", "content": "妙（尿）啊！"}, {"uid": "457469688", "content": "真刀的光，劈在了sans上。"}, {"uid": "1423939206", "content": "告诉我的世界，下辈子我还是方块人。"}, {"uid": "504195421", "content": "告诉承太郎我以后和他一起看海豚"}, {"uid": "417728430", "content": "耀哥，帕帕！告诉他们我的爱没有消失！"}, {"uid": "283691259", "content": "原形毕露"}, {"uid": "550453121", "content": "姜  大  卫"}, {"uid": "512599311", "content": "Dark♂能量"}, {"uid": "1140430977", "content": "鱼哪来的鼻子：）"}, {"uid": "642196763", "content": "请告诉陆光和程小时，下辈子我还爱他们"}, {"uid": "1336046278", "content": "空降07:12"}, {"uid": "501347745", "content": "告诉bigQ和george我爱他们"}, {"uid": "656701963", "content": "海盗团那个，卡卡放下"}, {"uid": "2140116924", "content": "nb"}, {"uid": "627303791", "content": "《钒飪锝䍎閩》"}, {"uid": "513044752", "content": "吓得我手机差点摔地了"}, {"uid": "1226303265", "content": "这是炸弹在头里爆炸了吗？"}, {"uid": "246489975", "content": "你礼貌吗"}, {"uid": "617759801", "content": "毫无违和感"}, {"uid": "617759801", "content": "SAN值狂掉"}, {"uid": "502540033", "content": "看到这里我突然觉得凹凸第一季的画风好看极了"}, {"uid": "413149276", "content": "告诉尤金我还爱她"}, {"uid": "1642143908", "content": "告诉路辰叶瑄司岚罗夏艾因我下辈子还爱他们"}, {"uid": "507590916", "content": "唱别人歌还一脸自然的屑"}, {"uid": "507590916", "content": "告诉江之岛盾子，如果幸福是这样我宁愿绝望"}, {"uid": "32474119", "content": "？"}, {"uid": "670417955", "content": "《快乐》"}, {"uid": "1544576514", "content": "蕾姆，上"}, {"uid": "378932230", "content": "经费不足"}, {"uid": "411165362", "content": "告诉肺炎链球菌，我还爱他"}, {"uid": "695843146", "content": "告诉武崧我还爱他！"}, {"uid": "663109832", "content": "迫害布姐"}, {"uid": "28857470", "content": "这是噩梦的起源"}, {"uid": "184029064", "content": "三连了三连了英语十级"}, {"uid": "694558719", "content": "告诉白糖和武崧，我来世还磕他们俩"}, {"uid": "695924564", "content": "海  皇"}, {"uid": "1075447979", "content": "说的太对了"}, {"uid": "695843146", "content": "喊武崧那个，同好你好"}, {"uid": "762019660", "content": "《生化危机》"}, {"uid": "544421269", "content": "我直接裂了"}, {"uid": "1670042586", "content": "wtf"}, {"uid": "521790511", "content": "别说还挺像"}, {"uid": "454521543", "content": "这音乐是不错，可是这画面看着我想笑哈哈哈哈哈"}, {"uid": "544365449", "content": "告诉金我爱他"}, {"uid": "473107176", "content": "2333333"}, {"uid": "473107176", "content": "哈哈哈哈哈哈哈哈"}, {"uid": "578020292", "content": "耶！！"}, {"uid": "627125647", "content": "告诉金我我还想淦他"}, {"uid": "648030600", "content": "绝 望 影 片"}, {"uid": "349479063", "content": "你不要过来啊！！！"}, {"uid": "517844378", "content": "英语真好 "}, {"uid": "316648260", "content": "告诉金！我下辈子还永远爱他！！！"}, {"uid": "646688307", "content": "薄海纸鱼:What?"}, {"uid": "473185406", "content": "告诉屑老板迪亚波罗和吉良吉影我还爱他们"}, {"uid": "1478568906", "content": "好家伙"}, {"uid": "702187262", "content": "下次亿定"}, {"uid": "477014990", "content": "老丁仪了"}, {"uid": "512273444", "content": "医学奇迹"}, {"uid": "239848917", "content": "要去医院了。"}, {"uid": "239848917", "content": "妙哇！"}, {"uid": "1935869216", "content": "一"}, {"uid": "2035978800", "content": "Super面鲸鱼"}, {"uid": "1808823778", "content": "医学奇迹"}, {"uid": "667219533", "content": "♂♂♂"}, {"uid": "1226303265", "content": "san值狂掉"}, {"uid": "512172063", "content": "哈哈哈"}, {"uid": "612406361", "content": "告诉红姐，给我烧点脑啡汰"}, {"uid": "513941248", "content": "吓我一跳"}, {"uid": "433504564", "content": "裂开"}, {"uid": "526077722", "content": "我不做人了JOJO！"}, {"uid": "1289349983", "content": "????"}, {"uid": "1289349983", "content": "????????"}, {"uid": "1398234331", "content": "陈瑶之作"}, {"uid": "700004695", "content": "上头了上头了"}, {"uid": "700004695", "content": "英语十级"}, {"uid": "1494429821", "content": "开幕降维打击"}, {"uid": "716787463", "content": "猿形毕露"}, {"uid": "628126149", "content": "告诉DIO我还爱他"}, {"uid": "1015640248", "content": "老丁仪了"}, {"uid": "1237249987", "content": "告诉汤姆和杰瑞我还爱他们"}, {"uid": "1613570069", "content": "0.5倍新大陆"}, {"uid": "470970118", "content": "告诉五条悟我爱他"}, {"uid": "1474256700", "content": "英语十级的 鹿"}, {"uid": "1075447979", "content": "尾巴摇的好可爱"}, {"uid": "507551916", "content": "觉得省钱"}, {"uid": "649696659", "content": "这不还行？怎么一个个都像快离开了一样"}, {"uid": "478873383", "content": "告诉entity303下辈子我还爱他"}, {"uid": "703106965", "content": "非战斗人员请撤离。"}, {"uid": "694301703", "content": "告诉天使泰菲，拿坡里的意面在冰箱里。。。"}, {"uid": "509686944", "content": "告诉狛枝，七海，唯吹，我永远i他们"}, {"uid": "616764102", "content": "告诉金，要跟格瑞好好过日子，下辈子，我还会支持他俩"}, {"uid": "102390440", "content": "告诉安迷修，我还爱他！"}, {"uid": "426205942", "content": "川宝已经没了"}, {"uid": "86703385", "content": "告诉娜娜明我下辈子还爱他"}, {"uid": "686509807", "content": "谁卖孟婆汤赶紧给我来一碗 "}, {"uid": "601716054", "content": "帕洛斯我来找你了！"}, {"uid": "696738369", "content": "告诉老烟枪我还爱他！"}, {"uid": "404628464", "content": "WDF"}, {"uid": "349479063", "content": "你不要过来啊！！！"}, {"uid": "399780139", "content": "告诉gaster我还爱他"}, {"uid": "495755827", "content": "告诉艾格瓦尔登我爱他"}, {"uid": "434399061", "content": "告诉gaster我下辈子还爱他"}, {"uid": "590809907", "content": "告诉金我还爱他"}, {"uid": "560457767", "content": "告诉三日月，我停下来了，但他一定不能"}, {"uid": "698213292", "content": "所以你是个受"}, {"uid": "202685413", "content": "17.8万了"}, {"uid": "1192183518", "content": "  搜"}, {"uid": "109193505", "content": "世 界 上 最 正 常 的 动 画 神 作"}, {"uid": "522267121", "content": "告诉伞伞和清多夏我爱他们"}, {"uid": "348585265", "content": "实话实说这歌好听"}, {"uid": "1851301092", "content": "电鹿，醒醒，八万了~~"}, {"uid": "625725866", "content": "......8.1万了"}, {"uid": "1808823778", "content": "告诉ink我还爱他"}, {"uid": "1226303265", "content": "毫无违和感"}, {"uid": "246489975", "content": "nononono"}, {"uid": "617759801", "content": "医学奇迹"}, {"uid": "513941248", "content": "我老婆→"}, {"uid": "651682326", "content": "害怕"}, {"uid": "431057760", "content": "我绝望了"}, {"uid": "693833475", "content": "等我有了金碧就行了"}, {"uid": "650526676", "content": "告诉我的世界我还爱他"}, {"uid": "493515301", "content": "用决斗带来笑容"}, {"uid": "1289349983", "content": "????"}, {"uid": "327643981", "content": "你这个视频已经8万个币了"}, {"uid": "700004695", "content": "建议别开倍速"}, {"uid": "700004695", "content": "半夜笑出猪叫声"}, {"uid": "700004695", "content": "救救我救救我"}, {"uid": "527421768", "content": "前方高能预警"}, {"uid": "1336430808", "content": "前方高能预警"}, {"uid": "716787463", "content": "开幕雷击"}, {"uid": "507590916", "content": "川建国同志加油"}, {"uid": "480882369", "content": "告诉卡米尔我还爱他"}, {"uid": "409617374", "content": "告诉海盗团 懒馒头们 chara 嘉德罗斯 柒我还爱他们！"}, {"uid": "487770605", "content": "告诉斗罗全员（除真人版），我还爱他们"}, {"uid": "543975157", "content": "告诉狛枝教主我还爱他"}, {"uid": "650350349", "content": "我瞎了"}, {"uid": "496483334", "content": "告诉帕洛斯我还爱他"}, {"uid": "695958441", "content": "电鹿我们俩是同类，我会给你币的，去买双高级点的电子眼吧！"}, {"uid": "616465770", "content": "别跟风求求了"}, {"uid": "662897323", "content": "告诉帕帕我来找他了"}, {"uid": "489521013", "content": "告诉mopemope，下辈子我一定收了你！"}, {"uid": "518350915", "content": "告诉金，下辈子别给我发朋友卡了"}, {"uid": "1942740116", "content": "请告诉花子君和洛少爷，我还爱他们……"}, {"uid": "697276956", "content": "空降成功，反手炸掉指挥部"}, {"uid": "671326419", "content": "请打你二大爷把我回收了谢谢"}, {"uid": "454521543", "content": "告诉弥豆子，雷姆，拉姆，博士，派蒙，我都爱她们"}, {"uid": "393704798", "content": "杜博士我还爱你！"}, {"uid": "1846502562", "content": "黑化了呀快"}, {"uid": "661852311", "content": "告诉哀，我下辈子还爱她"}, {"uid": "624554995", "content": "奥哦哦哦哦哦狛枝，奈布我活着回来了"}, {"uid": "473107176", "content": "哈哈哈"}, {"uid": "24717954", "content": "留意有狗 请抚摸狗（"}, {"uid": "616764102", "content": "快，告诉阿米娅，刀客塔要出远门，回不来的那种"}, {"uid": "616764102", "content": "告诉亲友，下辈子，我们还做朋友"}, {"uid": "651856575", "content": "告诉爱丽克斯（我的世界）我还爱她"}, {"uid": "299449421", "content": "绯红之王"}, {"uid": "490604797", "content": "告诉琪亚娜下辈子我还做她的舰长"}, {"uid": "490644871", "content": "你也去摸水滴了是么"}, {"uid": "496031075", "content": "不     失     明"}, {"uid": "457133948", "content": "哈哈哈哈哈哈哈哈哈哈"}, {"uid": "587085999", "content": "鲤鱼ace"}, {"uid": "1698867628", "content": "短~～～～～～"}, {"uid": "677895910", "content": "告诉嗷呜我爱他"}, {"uid": "593050571", "content": "傻孩子们，快跑啊，再不跑来不及了"}, {"uid": "687610895", "content": "道长阿箐来陪你了(阿箐友情客串)"}, {"uid": "1294454192", "content": "告诉雷狮我还爱他"}, {"uid": "487389973", "content": "告诉美竹兰我下辈子娶她"}, {"uid": "26463730", "content": "告诉吉良我永远爱他"}, {"uid": "643526462", "content": "myeyes"}, {"uid": "695101308", "content": "告诉夏怕提夏我还爱他"}, {"uid": "315206028", "content": "卡尔！！"}, {"uid": "456548291", "content": "下次一定下次一定"}, {"uid": "401212210", "content": "说出来你们可能不行，我猜这是电鹿在水视频"}, {"uid": "590809907", "content": "告诉懒羊羊我还爱他"}, {"uid": "505842686", "content": "告诉江户川柯南我爱他"}, {"uid": "698213292", "content": "盾子来救救我"}, {"uid": "651046933", "content": "九尾狐以出动"}, {"uid": "497396268", "content": "紫堂幻，我还爱你"}, {"uid": "645880046", "content": "电鹿比小羊可爱跟"}, {"uid": "1501196110", "content": "怎么做到这么怎么做到这么精神污染的"}, {"uid": "404458623", "content": "告诉血翼我来陪她了"}, {"uid": "1336046278", "content": "空降07:52"}, {"uid": "477694341", "content": "医学奇迹"}, {"uid": "626161778", "content": "WTF"}, {"uid": "239848917", "content": "WTF"}, {"uid": "1935869216", "content": "《快乐》"}, {"uid": "400958150", "content": "告诉杰森，我下辈子还爱他"}, {"uid": "2035978800", "content": "小花：我没有妈妈因为我是邬金花"}, {"uid": "1515011923", "content": "彳亍"}, {"uid": "33761673", "content": "你不要过来啊啊啊啊啊"}, {"uid": "638502220", "content": "福岛的"}, {"uid": "589670579", "content": "告诉安莉洁，我一定会活着回去"}, {"uid": "1226303265", "content": "幽灵审判曲！"}, {"uid": "234756939", "content": "绿帽巨人杰克"}, {"uid": "548888739", "content": "下次一"}, {"uid": "617759801", "content": "原形毕露"}, {"uid": "748378741", "content": "水猴子"}, {"uid": "1208626359", "content": "一个小时破了37000呢。"}, {"uid": "688315362", "content": "小马宝莉行为"}, {"uid": "412309743", "content": "开幕雷击 "}, {"uid": "242775625", "content": "小马（"}, {"uid": "765686071", "content": "好的老婆"}, {"uid": "700004695", "content": "就离谱"}, {"uid": "527421768", "content": "就这奇葩玩意闭上眼睛听歌还好"}, {"uid": "22117536", "content": "不失明"}, {"uid": "507590916", "content": "出现了，比红色异想体更想的存在，金色。"}, {"uid": "1052195376", "content": "山海经"}, {"uid": "473236946", "content": "告诉艾玛小姐我爱她"}, {"uid": "2087453374", "content": "告诉宿伞，我一定会活着去他们的婚礼的"}, {"uid": "1085363718", "content": "告诉电鹿下辈子我还上他♂"}, {"uid": "505879649", "content": "告诉漩涡鸣人我还爱他"}, {"uid": "1569713405", "content": "告诉苍井我们下辈子再做！！！"}, {"uid": "73680468", "content": "这是吃了奥利给吗"}, {"uid": "700286967", "content": "不是咱下次能说中文吗？"}, {"uid": "512924120", "content": "告诉七海千秋我们在天堂见面"}, {"uid": "292769778", "content": "三体鹿可以啊"}, {"uid": "478873383", "content": "告诉花子我还爱他……"}, {"uid": "478873383", "content": "告诉二柱子下辈子我还爱他"}, {"uid": "1942740116", "content": "请告诉花子君和洛少爷，我还爱他们。"}, {"uid": "94015710", "content": "告诉法斯，没什么好绝望的，我爱他"}, {"uid": "1884946405", "content": "搭嘎，口头哇路"}, {"uid": "524161845", "content": "告诉卡米尔下辈子我还爱他"}, {"uid": "601716054", "content": "告诉艾比和安莉洁我还爱她们！"}, {"uid": "226835266", "content": "O：；"}, {"uid": "597078120", "content": "放心我把这视频放到沙雕去了。。。"}, {"uid": "695110830", "content": "赔我屏幕啊啊啊啊啊啊啊啊"}, {"uid": "548227942", "content": "婉儿，我爱你"}, {"uid": "674119196", "content": "口语感人"}, {"uid": "399780139", "content": "告诉cross我还爱他！"}, {"uid": "695701650", "content": "告诉电鹿在床上等我"}, {"uid": "454907764", "content": "告诉新垣结衣，我回去日本接她！！"}, {"uid": "588560935", "content": "OMG, WHAT THE F*CKING HELL HAPPENED TO ALL THE ANIMATIONS???"}, {"uid": "695101308", "content": "告诉安德鲁还爱他"}, {"uid": "695101308", "content": "告诉维克多我还爱他"}, {"uid": "695101308", "content": "告诉江之岛盾子我还爱她"}, {"uid": "1707665828", "content": "告诉mc我永远是他忠实的伙伴。"}, {"uid": "496053500", "content": "啊，我的脑中已经有画面啦。。。"}, {"uid": "470216816", "content": "告诉error爷爱他"}, {"uid": "521310642", "content": "告诉赫敏，波特，马尔福与赫奇帕奇我爱他们！"}, {"uid": "1338268732", "content": "告诉黑羽快斗.太宰治.真人.柒.格瑞我永远爱他"}, {"uid": "1501196110", "content": "我已退出直播间"}, {"uid": "650962842", "content": "8.5万了"}, {"uid": "18366284", "content": "giao"}, {"uid": "648914912", "content": "告诉温迪，下辈子so"}, {"uid": "1640055135", "content": "奥利给"}, {"uid": "576490378", "content": "停下stop OK？"}, {"uid": "523299506", "content": "醒醒8.1万了"}, {"uid": "2034804492", "content": "。。"}, {"uid": "626161778", "content": "我好想把电鹿冲了"}, {"uid": "626161778", "content": "六魂花妈妈还差不多"}, {"uid": "626161778", "content": "正片开始"}, {"uid": "605929606", "content": "告诉Pico我还爱他"}, {"uid": "401099826", "content": "我瞎了我瞎了我瞎了"}, {"uid": "694010507", "content": "空降"}, {"uid": "422191872", "content": "error不背锅"}, {"uid": "1808823778", "content": "提米！"}, {"uid": "631594389", "content": "告诉御坂美琴我下辈子还爱她"}, {"uid": "1563696871", "content": "？？？？？？"}, {"uid": "589670579", "content": "告诉安莉洁和帕洛斯我爱他们"}, {"uid": "1226303265", "content": "瞬间畸形"}, {"uid": "1252504509", "content": "耳朵好了，眼睛瞎了"}, {"uid": "1063875279", "content": "整到得光"}, {"uid": "538892766", "content": "告诉乔鲁诺五还爱你"}, {"uid": "545650170", "content": "这就是日本核污染的后果吗？"}, {"uid": "1209529373", "content": "小别致长的真不是东西"}, {"uid": "52367550", "content": "049快来救救我我要不行了！"}, {"uid": "539476016", "content": "告诉他，我是他的一辈子的好兄弟"}, {"uid": "513941248", "content": "我老婆"}, {"uid": "634627688", "content": "美国特色"}, {"uid": "38504231", "content": "告诉狛枝我爱他"}, {"uid": "503906627", "content": "告诉迪亚波罗我还爱他"}, {"uid": "28710276", "content": "告诉黑金和龙骨，我还爱他们hhhhhh"}, {"uid": "1398234331", "content": "倒是可以出来作妖了"}, {"uid": "1398234331", "content": "阿巴阿巴阿巴阿巴"}, {"uid": "72834393", "content": "告诉帕洛斯我下辈子还爱他"}, {"uid": "2100056198", "content": "尾巴动了 "}, {"uid": "1483635553", "content": "开炮！！"}, {"uid": "1483635553", "content": "加特林准备就绪"}, {"uid": "1483635553", "content": "RPK准备就绪"}, {"uid": "700004695", "content": "公屏们，把兄弟打在害怕上"}, {"uid": "527421768", "content": "前方高能预警"}, {"uid": "1891896462", "content": "！！！？"}, {"uid": "578879590", "content": "告诉潮流我来不了了"}, {"uid": "578627605", "content": "Super面筋鱼。"}, {"uid": "670417955", "content": "告诉帕帕我爱他"}, {"uid": "484506436", "content": "告诉蘑菇我下辈子还淦它"}, {"uid": "687612444", "content": "已去世(生前留言)"}, {"uid": "739895715", "content": "告诉fresh和682弹簧和拉普我爱他们"}, {"uid": "729346456", "content": "请求释放scp173：）"}, {"uid": "600153465", "content": "告诉罗曼懦夫……我还当动员兵"}, {"uid": "22390683", "content": "告诉JOJO我还爱他们"}, {"uid": "1942740116", "content": "告诉花子君和洛少爷，我还爱他们"}, {"uid": "2055909000", "content": "告诉SCP下次我不当D级人员了。"}, {"uid": "626280452", "content": "请告诉真宫寺姐姐不行了，姐姐爱他"}, {"uid": "626280452", "content": "告诉真宫寺姐姐爱他，我不行了，不要给姐姐找朋友"}, {"uid": "510955324", "content": "告诉瓷爹 我还爱他qwq"}, {"uid": "128476675", "content": "告诉jo家人我还爱他们"}, {"uid": "32845679", "content": "告诉我妈我比她"}, {"uid": "1230242486", "content": "告诉伊莱我下辈子还嗑黇"}, {"uid": "1996718085", "content": "不，我的眼睛，不!! "}, {"uid": "454911834", "content": "告诉七海千秋我还爱她"}, {"uid": "687610895", "content": "朋友们永别，我要成绝了"}, {"uid": "1968168618", "content": "我真Tm无语(指表情)"}, {"uid": "1423939206", "content": "告诉炮姐，我还是它的粉丝。"}, {"uid": "37576631", "content": "告诉犬塚我还爱他"}, {"uid": "689947725", "content": "告诉精神错乱我还想通过它"}, {"uid": "255789866", "content": "有一说一啊唱的真滴不错"}, {"uid": "695101308", "content": "告诉killer我还爱他"}, {"uid": "646342356", "content": "告诉美智子红蝶我还爱他"}, {"uid": "671151538", "content": "告诉凯莉小姐我可能再也见不到她了"}, {"uid": "690848885", "content": "告诉dust我还爱他"}, {"uid": "695101308", "content": "抱歉前面那些是我打的我已经疯了"}, {"uid": "505842686", "content": "告诉贺朝我爱他"}, {"uid": "645027548", "content": "帕帕我来陪你了"}, {"uid": "448686407", "content": "老婆好！！"}, {"uid": "491003205", "content": "生动形象的写出鱼的外貌随内心变化的场景"}, {"uid": "491003205", "content": "和外貌描写"}, {"uid": "642196763", "content": "告诉MC，下辈子我还爱他"}, {"uid": "642196763", "content": "请告诉雷狮，我还爱他"}, {"uid": "35314143", "content": "大理寺日志！！！"}, {"uid": "526141151", "content": "我去看鬼灭治疗眼睛了"}, {"uid": "526141151", "content": "下次一定"}, {"uid": "526141151", "content": "你说什么?"}, {"uid": "492039297", "content": "…"}, {"uid": "668791185", "content": "梅开千度"}, {"uid": "1169486848", "content": "你是属长马的吗"}, {"uid": "1067045555", "content": "就汤姆邪门"}, {"uid": "1401863032", "content": "告诉真昼和小黑我还爱他们"}, {"uid": "1808823778", "content": "告诉j妈快更！（卒）"}, {"uid": "712542623", "content": "‘真的好受’；；；"}, {"uid": "1991142945", "content": "出现了，长鹿"}, {"uid": "1348622949", "content": "告诉金我还爱他"}, {"uid": "435510831", "content": "告诉chara我下次还要打GE"}, {"uid": "652590345", "content": "已经17.7万了。。。"}, {"uid": "1398234331", "content": "阴间音乐"}, {"uid": "2124004544", "content": "等等我好像看到了圆谷英二四个字"}, {"uid": "505633352", "content": "告诉ink我还爱他"}, {"uid": "1490542751", "content": "这就是江之岛盾子弄出来的，绝绝望影片吗"}, {"uid": "524763018", "content": "冥人动画"}, {"uid": "700004695", "content": "你知道大半夜憋笑有多难吗？"}, {"uid": "700004695", "content": "建议闭眼观看"}, {"uid": "634282694", "content": "告诉大户爱我还爱她"}, {"uid": "1095370449", "content": "精神污染"}, {"uid": "426241260", "content": "我的眼睛上一辈子就是这么瞎的"}, {"uid": "591301443", "content": "我干的！"}, {"uid": "687309156", "content": "告诉金宝，我下辈子还爱他"}, {"uid": "584839944", "content": "正片结束"}, {"uid": "695958441", "content": "看来我也是时候换成电子眼了，实话实说，我也是一只机器鹿"}, {"uid": "1303531860", "content": "Fish can be found on land"}, {"uid": "448827496", "content": "我默默得那出了龙骨炮"}, {"uid": "228397375", "content": "我想问一下还有什么动画比这个更阴间"}, {"uid": "676608268", "content": "告诉horror我还爱他"}, {"uid": "544500900", "content": "C  N  N"}, {"uid": "576340271", "content": "Alpha 1机动特遣部队前来报道"}, {"uid": "1942740116", "content": "请告诉花子君和洛少爷，我还爱他们！"}, {"uid": "451426682", "content": "告诉中原中也"}, {"uid": "627594126", "content": "处女鹅。。。。。"}, {"uid": "641977952", "content": "我怀疑我看到了花城。"}, {"uid": "515346029", "content": "告訴新村洸我一直是他的家人"}, {"uid": "1846502562", "content": "你们下来水里火……"}, {"uid": "646753148", "content": "告诉花花和怜怜，我还爱他们"}, {"uid": "616764102", "content": "告诉阿米娅，刀客塔有事，再也回不去了"}, {"uid": "492079968", "content": "告诉嘉嘉和老约我还爱他"}, {"uid": "627125647", "content": "告诉Gold「金」我还爱他"}, {"uid": "1124869986", "content": "电鹿啊违和感不能吃啊"}, {"uid": "910203600", "content": "我宁愿看武器A都不想看这动画"}, {"uid": "615806239", "content": "你快虚了"}, {"uid": "535061539", "content": "新的异想体？！快告诉安吉拉！"}, {"uid": "668349085", "content": "安哥救我——！"}, {"uid": "700149637", "content": "我的眼睛！！！！！"}, {"uid": "628177706", "content": "告诉张新成，我还喜欢他"}, {"uid": "399780139", "content": "告诉Xchara我还爱他！"}, {"uid": "539906169", "content": "此处歌名：Bein' Happy (The Best Of Mark Lowry - Volume 1 Version)不用谢，叫我雷锋"}, {"uid": "97151232", "content": "告诉狮子我爱他"}, {"uid": "695101308", "content": "告诉雾切响子我还爱她"}, {"uid": "434399061", "content": "告诉gaster我还爱他"}, {"uid": "409890937", "content": "告诉卡尔我一直都在"}, {"uid": "421181059", "content": "别说这动画歌是真的好听"}, {"uid": "543897880", "content": "告诉sans我下辈子还要打屠杀！"}, {"uid": "448686407", "content": "你好短啊"}, {"uid": "642196763", "content": "告诉雷狮我还爱他"}, {"uid": "1158154064", "content": "什么玩意儿什么玩意儿什么玩意儿"}, {"uid": "524444893", "content": "母电鹿"}, {"uid": "543339171", "content": "核废水鱼？？？？？？？？？？？？？？？？？？？？"}, {"uid": "523299506", "content": "告诉sans我还爱他"}, {"uid": "522267121", "content": "我     在    喝    水"}, {"uid": "523881087", "content": "下次也不一定"}, {"uid": "626161778", "content": "分明是韩语，为毛是日语？？？？？？？？？？"}, {"uid": "621663149", "content": "看到这个想到那个wo―sha―bi~~~"}, {"uid": "1455722293", "content": " 8.1万个了"}, {"uid": "1222748191", "content": "■■■■■■■■■■■■■■前方高能■■■■■■■■■■■■■■"}, {"uid": "10208273", "content": "告诉万叶我还爱他"}, {"uid": "497078304", "content": "草草草草草草草草草草草草草草草草草草草草草草草草草草草草草草草草草草草草草草草草草草草草草草草草草草草草草草草草草草草草草草草草草草草草草草草草草草草草草草草草草草草草草草草草草草草草草草草草草草草草"}, {"uid": "409830156", "content": "前方高能！！！！！！！！！！！！！！！！！！！！"}, {"uid": "409830156", "content": "美     国     总     统"}, {"uid": "1490631083", "content": "告诉安迷修我爱他……"}, {"uid": "527623989", "content": "告诉安迷修还爱他"}, {"uid": "527623989", "content": "告诉安迷修我还爱他"}, {"uid": "1592187847", "content": "凹凸表示不服"}, {"uid": "1733651985", "content": "告诉安迷修，我还爱他！"}, {"uid": "712542623", "content": "‘好短’。。。。。。。。。。。。"}, {"uid": "513941248", "content": "我老婆"}, {"uid": "647195684", "content": "告诉雷狮我还爱他"}, {"uid": "74957599", "content": "说的太对了"}, {"uid": "387092154", "content": "告诉嘉德罗斯我还爱他"}, {"uid": "698177873", "content": "告诉魈和kk我爱他们一辈子"}, {"uid": "240292557", "content": "告诉奈布我还爱他"}, {"uid": "349673389", "content": "告诉仗助我还爱他"}, {"uid": "1303067266", "content": "场面逐渐混乱场面逐渐混乱场面逐渐混乱"}, {"uid": "1295097735", "content": "!◢◤◢◤◢◤◢◤WARNING!◢◤◢◤◢◤◢◤◢◤"}, {"uid": "65226718", "content": "有人在吗在吗在吗在吗在吗在吗在吗亲戚朋友的嘛"}, {"uid": "634359336", "content": "这是啥玩意"}, {"uid": "700004695", "content": "三       年         动          画"}, {"uid": "530287822", "content": "告诉安迷修，下辈子我还爱他！！！"}, {"uid": "516411909", "content": "sans救我!"}, {"uid": "608149554", "content": "■■■■■■■■■■■■■■■■■■■■■■■■■■"}, {"uid": "608149554", "content": "■■■■■■■■■■■■■■■■■■■■■■■■■■"}, {"uid": "608149554", "content": "■■■■■■■■■■■■■■■■■■■■■■■■■■■■"}, {"uid": "608149554", "content": "■■■■■■■■■■■■■■■■■■■■■■■■"}, {"uid": "608149554", "content": "■■■■■■■■■■■■■■■■■■■■■■■"}, {"uid": "608149554", "content": "■■■■■■■■■■■■■■■■■■■■■■■"}, {"uid": "591301443", "content": "##X8016mnLx4271BF_A##"}, {"uid": "514298271", "content": "太阴间了啊啊啊啊啊啊啊啊啊啊啊啊啊啊啊啊啊啊啊啊啊啊啊啊啊啊啊啊啊啊啊啊啊啊啊啊啊啊啊啊啊啊啊啊啊啊啊啊啊啊啊啊啊啊啊啊啊啊啊啊啊啊啊啊啊啊啊啊啊啊啊啊啊啊啊"}, {"uid": "1342666837", "content": " 告诉花京院我还爱他"}, {"uid": "382154698", "content": "告诉格瑞我还爱他"}, {"uid": "1823735826", "content": "wdNMD（羊爸绿）"}, {"uid": "511291652", "content": "告诉miya我还爱他"}, {"uid": "1156222830", "content": "大    屁    股    比    尔"}, {"uid": "1560053448", "content": "慕       虚      名"}, {"uid": "549208878", "content": "告诉阿离，楪祈，雾切我还爱她"}, {"uid": "504786389", "content": "陈赫↓"}, {"uid": "693485263", "content": "告诉涂山苏苏我还爱她"}, {"uid": "652064143", "content": "告诉凹凸还我爱他"}, {"uid": "18810404", "content": "告诉嘉德罗斯我还爱他"}, {"uid": "487119837", "content": "拜登时代考古"}, {"uid": "562647868", "content": "你他喵的，这些弹幕全部都说什么爱什么!反正我不告诉"}, {"uid": "689958979", "content": "水！       水！     我看见了水！"}, {"uid": "1451548108", "content": "格瑞，我会活着回来的"}, {"uid": "290698269", "content": "告诉chara我爱她"}, {"uid": "478161540", "content": "告诉花少北我爱他"}, {"uid": "618046728", "content": "告诉谢俞我还爱他"}, {"uid": "441773910", "content": "小吉我爱你，小吉再见"}, {"uid": "404628464", "content": "??????????????????????????????????????????????????????????"}, {"uid": "597078120", "content": "告诉金小天使，我。。。永远爱他。。。"}, {"uid": "547396060", "content": "告诉sans，我要没了 告诉sans，我要没了 告诉sans，我要没了 告诉sans，我要没了 告诉sans，我要没了 告诉sans，我要没了 告诉sans，我要没了 告诉sans，我要没了 "}, {"uid": "493852436", "content": "一ki哟，去拉稀～～～（幻听"}, {"uid": "520922683", "content": "告诉蒂蒂我还爱她"}, {"uid": "1926294563", "content": "哈哈哈哈哈哈哈哈哈哈哈哈哈哈哈哈哈哈哈哈哈哈哈哈哈哈哈哈哈哈哈哈哈哈哈哈哈哈哈"}, {"uid": "485413278", "content": "大理寺！！百妖谱！！！三厨狂喜！！！"}, {"uid": "693200758", "content": "上下上下上下上下上下上下上下上下上下上下上下上下"}, {"uid": "454907764", "content": "告诉sherry宝贝我还爱她"}, {"uid": "695101308", "content": "告诉九尾狐我还爱他"}, {"uid": "695101308", "content": "很好！完全一致！！！         很有精神！！！！！！"}, {"uid": "695101308", "content": "告诉玛尔塔我还爱他"}, {"uid": "695101308", "content": "告诉周可儿我还爱他"}, {"uid": "695101308", "content": "告诉红蝶姐我还爱他"}, {"uid": "695101308", "content": "告诉奈布我还爱他"}, {"uid": "695101308", "content": "告诉horror我还爱他！！！！！！"}, {"uid": "686636373", "content": "SAP已经介入调查"}, {"uid": "1707665828", "content": "开车。好快的车。？？？？？？？？？？？？？？？？？？？？？？？？？？？？？？？？？？？？？？？？？？？？？？？？？？，？？？？？？？？？？？？？？？？？？？？？？？？？？？？？？？？？？？？？？"}, {"uid": "1209020040", "content": "告诉玛菲特和帕派瑞斯我还爱他们"}, {"uid": "1021982569", "content": "告诉chara那个等等我，我还要和我的sister说句永别呢"}, {"uid": "590809907", "content": "告诉sans我还爱他"}, {"uid": "430922492", "content": "告诉凯尔希我还爱他"}, {"uid": "26547573", "content": "告诉我儿子，让他去复活点等我……"}, {"uid": "400648189", "content": "告诉雷狮我还爱着她"}, {"uid": "646616351", "content": "告诉传说之下的所有怪物们，我爱它们"}, {"uid": "548165773", "content": "告诉北子我爱他"}, {"uid": "395589498", "content": "What fu*k it is？空耳"}, {"uid": "91271661", "content": "爷   要   吃   小   孩"}, {"uid": "238258670", "content": "伏  拉  夫"}]