[{"uid": "1235907950", "content": "听说走和平线很难"}, {"uid": "1575608285", "content": "可爱鹿"}, {"uid": "1486857478", "content": "击剑"}, {"uid": "631175351", "content": "9"}, {"uid": "631175351", "content": "击杀  2"}, {"uid": "1843778951", "content": "HY"}, {"uid": "220959478", "content": "不！"}, {"uid": "1102307104", "content": "糖也没拿"}, {"uid": "1102307104", "content": "和石柱子交谈羊妈会无语"}, {"uid": "1808823778", "content": "中二"}, {"uid": "1808823778", "content": "危 羊妈 危"}, {"uid": "1808823778", "content": "衫表示你很厉害啊小伙子"}, {"uid": "1808823778", "content": "背影"}, {"uid": "1808823778", "content": "危 羊妈 危"}, {"uid": "1808823778", "content": "玩具刀要拿吧......"}, {"uid": "1808823778", "content": "危"}, {"uid": "1808823778", "content": "=）"}, {"uid": "1808823778", "content": "危 众怪物 危"}, {"uid": "1808823778", "content": "《小   可   爱》"}, {"uid": "1808823778", "content": "《困难》"}, {"uid": "1808823778", "content": "《表现得非常好》"}, {"uid": "1808823778", "content": "sans：多么美好的一天啊"}, {"uid": "455745532", "content": "实际上幽灵免疫物理攻击，他只是礼貌性的掉血"}, {"uid": "47522218", "content": "羊妈没了电鹿来当妈妈"}, {"uid": "414769795", "content": "沉默耗子"}, {"uid": "414769795", "content": "《和善》"}, {"uid": "510902654", "content": "您就是种北瓜的幽灵吧"}, {"uid": "865428751", "content": "危 人偶 危"}, {"uid": "25089029", "content": "玩家给主角取的名字是第一个掉下来的人类的名字，也就是猹"}, {"uid": "454708366", "content": "派回99的血"}, {"uid": "454708366", "content": "打幽灵不会炸线的"}, {"uid": "1002118283", "content": "QAQ画质感人"}, {"uid": "100830273", "content": "当然温柔了屠杀之舞都不会跳"}, {"uid": "412724759", "content": "让　　　他　　　吃！"}, {"uid": "669682501", "content": "你是傻孩子"}, {"uid": "669682501", "content": "我玩我的世界的时候，就有一个提示“别杀海豚，你个＊＊”"}, {"uid": "510222717", "content": "危"}, {"uid": "510222717", "content": "只对怪物来说太危险了"}, {"uid": "1837287492", "content": "打衫需要"}, {"uid": "2034361303", "content": "sans；你个肮脏的兄弟杀手【doge】"}, {"uid": "35554484", "content": "因为你玩传说之下，所以我关注了你"}, {"uid": "1015640248", "content": "《这感觉好奇怪，还奇怪》"}, {"uid": "1015640248", "content": "《单纯的孩子》"}, {"uid": "596842776", "content": "《表现得非常好》"}, {"uid": "411512680", "content": "= )"}, {"uid": "411512680", "content": "危"}, {"uid": "539760207", "content": "*艾斯戈尔？*他是个啥？*我杀sans都不带怕的"}, {"uid": "1795455917", "content": "2518258"}, {"uid": "109312203", "content": "我要哭了"}, {"uid": "109312203", "content": "来吧小家伙"}, {"uid": "109312203", "content": "都已经杀了"}, {"uid": "627083431", "content": "有个阿婆主的叫做白鹿球认识一下。"}, {"uid": "1369765495", "content": "有个人说你不高手 "}, {"uid": "526615883", "content": "别说玩具刀了缎带也没拿"}, {"uid": "2023796388", "content": "玩具刀怎么拿"}, {"uid": "1329609304", "content": "大概结局就是发现了一只自闭的鹿"}, {"uid": "1401780046", "content": "我记得打他会掉经验的。"}, {"uid": "646727613", "content": "西内"}, {"uid": "646727613", "content": "说到沉默耗子其实他也关注了他"}, {"uid": "646727613", "content": "沉默耗子：阿嚏谁在说我"}, {"uid": "637400250", "content": "这里我卡了好久。"}, {"uid": "628423456", "content": "如果你不推他话，也不会，又要给你准备一下"}, {"uid": "505907383", "content": "羊妈，你说错了，是sans(狗头)"}, {"uid": "414880281", "content": "弱小，指杀光所有人"}, {"uid": "669574530", "content": "没有进入屠杀线，因为屠杀线不会遇到小幽灵纳普斯"}, {"uid": "669574530", "content": "看我这把真刀亮不亮？=)"}, {"uid": "646199096", "content": "玩屠杀线除了羊妈和sans他弟随便杀，求你了"}, {"uid": "1048347543", "content": "吉特袜3号，白给"}, {"uid": "404737084", "content": "睡鹿（为什么我第一反应是这个）"}, {"uid": "1575873977", "content": "《小   可   爱》"}, {"uid": "514246989", "content": "你在羊爸战吃派的时羊爸会减伤害"}, {"uid": "514246989", "content": "先去睡觉才能拿派"}, {"uid": "514246989", "content": "：你刀还没拿"}, {"uid": "514246989", "content": "没有人"}, {"uid": "690745350", "content": "妈妈不要收留他"}, {"uid": "490489544", "content": "是杀怪"}, {"uid": "1366099191", "content": "《困难》"}, {"uid": "1186897487", "content": "您是假面骑士？？？"}, {"uid": "480692490", "content": "我要白嫖吗？"}, {"uid": "430862530", "content": "没拿派，感觉很危险。"}, {"uid": "628706797", "content": "是孤，不是骨"}, {"uid": "1560053448", "content": "你一定刚来地下世界对吗"}, {"uid": "470520961", "content": "给蜘蛛背叛杀"}, {"uid": "602310348", "content": "东方红、太阳升、电鹿是个中二病"}, {"uid": "602310348", "content": "中二病又犯了"}, {"uid": "1526212023", "content": "所谓病娇"}, {"uid": "551066910", "content": "然后就败给了"}, {"uid": "1559720649", "content": "击剑"}, {"uid": "516762352", "content": "."}, {"uid": "646725878", "content": "睪手"}, {"uid": "596952198", "content": "圣母退散"}, {"uid": "795530472", "content": "对，你是睾手"}, {"uid": "526945475", "content": "这头鹿连sans都要杀"}, {"uid": "526945475", "content": "果然受"}, {"uid": "479509217", "content": "我第一次玩的时候玩的这不敢玩了，以为是恐怖游戏"}, {"uid": "359505492", "content": "电鹿永远是受"}, {"uid": "667796180", "content": "鬼畜了"}, {"uid": "667796180", "content": "“好”"}, {"uid": "718535952", "content": "中二羊，中二鹿"}, {"uid": "718535952", "content": "羊——妈——"}, {"uid": "1583522424", "content": "ass girl"}, {"uid": "530831745", "content": "frisk(你会后悔的)"}, {"uid": "260269284", "content": "wwww你也好可爱"}, {"uid": "1989292527", "content": "危 羊妈 危"}, {"uid": "471044283", "content": "羊妈也太温柔了吧！！！"}, {"uid": "869613907", "content": "那不是人......"}, {"uid": "869613907", "content": "亿点"}, {"uid": "869613907", "content": "他们不是人"}, {"uid": "1039139052", "content": "干饭人不挑食"}, {"uid": "649186865", "content": "其实只退第3个就行·-·"}, {"uid": "503152895", "content": "Undertale tm"}, {"uid": "525941625", "content": "寻思着这里为什么不可以游过去（）"}, {"uid": "672245827", "content": "（提前）羊——妈——"}, {"uid": "672245827", "content": "这声音，啊啊啊啊我可以"}, {"uid": "140080916", "content": "TAT我看不下去了！"}, {"uid": "1566015203", "content": "电鹿日常中二"}, {"uid": "1566015203", "content": "《困难》(买菜)"}, {"uid": "646631563", "content": "《困难》"}, {"uid": "646631563", "content": "《高手》"}, {"uid": "526938075", "content": "忧郁虫虫:我TM谢谢你"}, {"uid": "526938075", "content": "忧郁虫虫:我TM谢谢你"}, {"uid": "1543814257", "content": "我没有弃你而去"}, {"uid": "1543814257", "content": "【困难】"}, {"uid": "1543814257", "content": "等"}, {"uid": "1543814257", "content": "第二个"}, {"uid": "1543814257", "content": "sans；第一个生物：】"}, {"uid": "1543814257", "content": "【等一会，你没了【狗头】】"}, {"uid": "444371525", "content": "羊妈 卒"}, {"uid": "628954793", "content": "TM是指还未认证的商标"}, {"uid": "486129313", "content": "妈————妈————！"}, {"uid": "435183643", "content": "杀  鹿  为  快  乐"}, {"uid": "455796497", "content": "羊妈会在你只剩3滴血的时候停下"}, {"uid": "455796497", "content": "翻修的是羊爸的，福的是小羊的"}, {"uid": "455796497", "content": "是哒"}, {"uid": "511997075", "content": "玩 巨 刀"}, {"uid": "511997075", "content": "《铀    善》"}, {"uid": "661471354", "content": "此时电鹿还没有意识到屠杀的后果(以后不能玩真正的和平线了。因为和平线已经被污染了，完啦也是伪善结局)"}, {"uid": "661471354", "content": "大家电鹿学坏了"}, {"uid": "1295259845", "content": "来拼刺刀"}, {"uid": "27626234", "content": "*一个教你读告示牌的告示牌"}, {"uid": "556739413", "content": "转基因小花"}, {"uid": "588206165", "content": "我才不要你教，你是坏蛋对吧。"}, {"uid": "588206165", "content": "突然发现一朵小花"}, {"uid": "588206165", "content": "之前我的存档在另外一个档上，所以这个电脑上没有档。"}, {"uid": "588206165", "content": "OK，要为坠落的人类取个名字，我们取什么名字。"}, {"uid": "588206165", "content": "看我这个多年的手残玩家可不可以成功"}, {"uid": "588206165", "content": "我之前是已经玩过一遍了。"}, {"uid": "588206165", "content": "哟，大家晚上好。"}, {"uid": "508894862", "content": "[YO]－－[LO]"}, {"uid": "508894862", "content": "sudden  change行为(砸电视)"}, {"uid": "508894862", "content": "sudden  change行为(砸电视)"}, {"uid": "343056848", "content": "满足你♂"}, {"uid": "400827164", "content": "不会掉血，我试过/捂脸"}, {"uid": "669186962", "content": "达 成 共 识"}, {"uid": "700501077", "content": "精神污染之花"}, {"uid": "498189492", "content": "他的子弹会刻意的避开你。"}, {"uid": "544487946", "content": "肉桂派是经典的一下回满，没有定义回血量"}, {"uid": "544487946", "content": "请叫他们怪物呦，小可爱～"}, {"uid": "39104224", "content": "没拿刀就是不舒服"}, {"uid": "641373906", "content": "上课？？？？杀了"}, {"uid": "1878061247", "content": "不拿pie？"}, {"uid": "430513170", "content": "应该用屠杀之舞呀"}, {"uid": "543235866", "content": "超级神奇的木偶：？？？"}, {"uid": "356050702", "content": "人生不走屠杀就是为了羊妈hh"}, {"uid": "549984745", "content": "普通线噩梦纳普斯。"}, {"uid": "2087179986", "content": "中二是一种神奇的力量等所有的这种力量集合起来就会见佛杀佛，见鬼杀鬼斩经皮呢，无所不能，上天入地"}, {"uid": "2087179986", "content": "鹿:本是同根生相煎何太急"}, {"uid": "515947957", "content": "危  羊妈  危"}, {"uid": "545238988", "content": "福：不！我是茶！"}, {"uid": "545238988", "content": "别杀羊妈，你这个茶！（bushi）"}, {"uid": "545238988", "content": "反正派能满血就对了"}, {"uid": "545238988", "content": "有   善   交   流"}, {"uid": "1239033800", "content": "摸头"}, {"uid": "1447618460", "content": "冲了 冲了"}, {"uid": "442646054", "content": "那么比起睡觉，你是不是更想睡我？"}, {"uid": "440820793", "content": "派没用必要"}, {"uid": "440820793", "content": "派没用啊"}, {"uid": "440820793", "content": "回99"}, {"uid": "385624887", "content": "呜呜呜小幽灵"}, {"uid": "493927962", "content": "光秃秃坏坏先生"}, {"uid": "10830912", "content": "给里给气"}, {"uid": "579983158", "content": "羊——妈——！！！"}, {"uid": "1488899270", "content": "危  羊妈  危"}, {"uid": "599982856", "content": "小       家伙"}, {"uid": "293463854", "content": "因为去刷怪了"}, {"uid": "550311691", "content": "哈哈哈"}, {"uid": "504863321", "content": "刻进DNA的路线"}, {"uid": "613585389", "content": "不拿玩具刀了吗？"}, {"uid": "650970430", "content": "小羊"}, {"uid": "672912454", "content": "（这里长眠着一只蛙吉特，他刚来，就白给了）"}, {"uid": "510203941", "content": "我于杀戮之中绽放"}, {"uid": "591786435", "content": "哇偶"}, {"uid": "622587518", "content": "《大危险了！》"}, {"uid": "622587518", "content": "你好 我的孩子 别担心 我没有理你啊 "}, {"uid": "622587518", "content": "KILLING"}, {"uid": "454395786", "content": "这个怪兽好善良"}, {"uid": "621723823", "content": "是99hp！"}, {"uid": "49789460", "content": "爷爷你终于醒了!"}, {"uid": "174426792", "content": "好可爱呜呜呜"}, {"uid": "143261781", "content": "东方红，太阳升，小鹿是个中二病（doge）"}, {"uid": "495392422", "content": "圣母退散"}, {"uid": "495392422", "content": "其实说实话我玩了好几次拿派到最后总是忘记用（屠杀没打完，太难了）"}, {"uid": "521168313", "content": " 慈母手中剑，游子身上劈。"}, {"uid": "611866240", "content": "我找到了什么！！！！"}, {"uid": "349678769", "content": "名场合"}, {"uid": "523405139", "content": "卡哇伊"}, {"uid": "523405139", "content": "危"}, {"uid": "523405139", "content": "很   厉  害"}, {"uid": "488349522", "content": "上面三角符文(简称DR)同人的，UT和DR都是toby做的，只是在不同世界线"}, {"uid": "471307154", "content": "背     影"}, {"uid": "609609308", "content": "这派，不要也罢"}, {"uid": "160100602", "content": "给——！它——！吃——！"}, {"uid": "160100602", "content": "awsl"}, {"uid": "632842938", "content": "pei"}, {"uid": "547510007", "content": "你说的是那把限量版破叉子？"}, {"uid": "547510007", "content": "你说的是那把限量版破叉子？"}, {"uid": "627372474", "content": "果然还是用最可爱的样子说出最疯狂的话"}, {"uid": "588206165", "content": "圣母快离开"}, {"uid": "588206165", "content": "上面魔鬼"}, {"uid": "588206165", "content": "。。。"}, {"uid": "588206165", "content": "我要吧地下世界的怪物都杀光。"}, {"uid": "588206165", "content": "用最可爱的声音说出连怪物【人类】都害怕的话"}, {"uid": "588206165", "content": "骷髅做喜欢用骨歌浏览器了"}, {"uid": "588206165", "content": "羊妈我来杀你还行。。。。"}, {"uid": "588206165", "content": "玩 具 刀"}, {"uid": "588206165", "content": "羊妈现在跑还来得及"}, {"uid": "588206165", "content": "小家伙"}, {"uid": "588206165", "content": "很厉害"}, {"uid": "28705680", "content": "（ ’ - ’ * )"}, {"uid": "485995018", "content": "玩    具    刀"}, {"uid": "510182340", "content": "派回92HP啊！"}, {"uid": "523343831", "content": "没机会了……"}, {"uid": "523343831", "content": "你不就是？"}, {"uid": "523343831", "content": "浪费"}, {"uid": "693604167", "content": "曜里曜气"}, {"uid": "693604167", "content": "《我要吃》"}, {"uid": "522017993", "content": "awsl"}, {"uid": "522017993", "content": "《担心》"}, {"uid": "359170249", "content": "放心，不至于"}, {"uid": "359170249", "content": "希望打决心鱼时没事"}, {"uid": "359170249", "content": "感觉不要的话后面觉得会出事"}, {"uid": "523203177", "content": "大型认妈现场"}, {"uid": "1571580242", "content": "危 羊妈 危"}, {"uid": "1571580242", "content": "羊妈，危"}, {"uid": "1571580242", "content": "《困难》"}, {"uid": "610684810", "content": "电路板 危"}, {"uid": "490956121", "content": "《聊天》"}, {"uid": "625728349", "content": "危 羊妈 危"}, {"uid": "628293226", "content": "疯狂嘲讽↓"}, {"uid": "625728349", "content": "太 危 险 了"}, {"uid": "601654689", "content": "怎么没人"}, {"uid": "273072849", "content": "不可以！"}, {"uid": "498689971", "content": "遗迹最高可以升7lv，亲自测试，主要杀卢克眼"}, {"uid": "273072849", "content": "收货肉桂味的奶油糖"}, {"uid": "498689971", "content": "注意是小怪不是boss"}, {"uid": "498689971", "content": "开（ji）关"}, {"uid": "484657692", "content": "你高兴的太早了（狗头）"}, {"uid": "484657692", "content": "羊妈真的太好了呜呜呜"}, {"uid": "484657692", "content": "泪目了"}, {"uid": "484657692", "content": "给大家杀个电鹿助助兴（doge）"}, {"uid": "663932919", "content": "危"}, {"uid": "663932919", "content": "*但我可以试图杀了你（doge）"}, {"uid": "663932919", "content": "打卡，口头挖路"}, {"uid": "663932919", "content": "让——！它——！吃——！"}, {"uid": "663932919", "content": "啊这"}, {"uid": "663932919", "content": "FBI open the door"}, {"uid": "509439946", "content": "没刷怪吧？"}, {"uid": "663932919", "content": "彳亍"}, {"uid": "663932919", "content": "《   困   难   》"}, {"uid": "400773565", "content": "不是谣言吧，只是有两种说法。。。"}, {"uid": "400773565", "content": "在房间里啊。。"}, {"uid": "400773565", "content": "危 羊妈 危"}, {"uid": "629326216", "content": "其实你如果在这里选了其中一项那么你在玩二周目的时候，他会记住你的选项"}, {"uid": "350366670", "content": "*我们注定成为尘埃"}, {"uid": "350366670", "content": "*“不伤害任何人”那么肉是？"}, {"uid": "491723489", "content": "危"}, {"uid": "491723489", "content": "后面....希望人没事"}, {"uid": "360363532", "content": "但是谁也没有来=）"}, {"uid": "491723489", "content": "啊这"}, {"uid": "491723489", "content": "太 危 险 了"}, {"uid": "491723489", "content": "可   真  困   难"}, {"uid": "526271039", "content": "✓✓✓"}, {"uid": "623283652", "content": "哈哈哈哈"}, {"uid": "1259239319", "content": "sans:你小子又皮了"}, {"uid": "360457197", "content": "何必一上来就屠杀呢"}, {"uid": "268595833", "content": "羊妈危"}, {"uid": "288972871", "content": "很  厉  害"}, {"uid": "347518229", "content": "当时鹿就接下了所有攻击"}, {"uid": "702074850", "content": "智慧的表情"}, {"uid": "531291702", "content": "玩具刀没拿吧？"}, {"uid": "176006477", "content": "哪个？（doge"}, {"uid": "1837178006", "content": "西内！"}, {"uid": "1837178006", "content": "awsl"}, {"uid": "444298224", "content": "希望人没事"}, {"uid": "389487755", "content": "别杀羊妈，你这个海豚"}, {"uid": "1867207805", "content": "=）"}, {"uid": "1867207805", "content": "=）"}, {"uid": "1867207805", "content": "=）"}, {"uid": "516560241", "content": "菜（bushi）"}, {"uid": "452709423", "content": "U T 三 大 不 可 能 难 题"}, {"uid": "24208864", "content": "你的包里有太多狗了"}, {"uid": "37501321", "content": "沉默耗子哈哈哈哈哈哈"}, {"uid": "589299648", "content": "无人区"}, {"uid": "474262948", "content": "我去买几个橘子去，你待在此地不要走动。"}, {"uid": "697072985", "content": "你获胜了，你是屁都没得到。"}, {"uid": "690135994", "content": "发个友善的弹幕见证当下［doge］"}, {"uid": "442448961", "content": "羊妈表情哈哈哈哈哈哈"}, {"uid": "398053778", "content": "《接子弹》"}, {"uid": "398053778", "content": "羊——————妈——————"}, {"uid": "398053778", "content": "羊妈黑化"}, {"uid": "398053778", "content": "电鹿由受转攻"}, {"uid": "485852315", "content": "拼刺刀"}, {"uid": "433528040", "content": "先去拿刀再杀啊，谁在那瞎指挥"}, {"uid": "445605190", "content": "屠杀通关玩家前来嘲笑"}, {"uid": "430152321", "content": "中二病发了"}, {"uid": "516977020", "content": "羊妈是一位绝对称职的母亲"}, {"uid": "82559333", "content": "屠杀之舞的作用"}, {"uid": "488677127", "content": "谁知3000就更了！"}, {"uid": "475520903", "content": "电鹿开始愉悦"}, {"uid": "475520903", "content": "搭噶，口头哇路！"}, {"uid": "475520903", "content": "但是，我拒绝！"}, {"uid": "481985441", "content": " 在现场"}, {"uid": "699957256", "content": "请收下我的膝盖"}, {"uid": "601355697", "content": "我退散，圣母退算"}, {"uid": "601355697", "content": "圣母退散"}, {"uid": "437888824", "content": "无情的杀人机器_鹿鹿"}, {"uid": "475194311", "content": "you break all AU.Why?I'll kill you-----------------Game Over..."}, {"uid": "618408434", "content": "《手 机》"}, {"uid": "256129724", "content": "住手！！"}, {"uid": "256129724", "content": "羊妈危"}, {"uid": "256129724", "content": "危"}, {"uid": "256129724", "content": "住手！！"}, {"uid": "628003692", "content": "羊妈嘴在动"}, {"uid": "660186900", "content": "啊这"}, {"uid": "672556832", "content": "可以了"}, {"uid": "240850507", "content": "好  朋  友 "}, {"uid": "677444696", "content": "awsl"}, {"uid": "677444696", "content": "奶油肉桂派！"}, {"uid": "547814127", "content": "！！！"}, {"uid": "547814127", "content": "完六"}, {"uid": "547814127", "content": "这声音！ヾﾉ≧∀≦)o"}, {"uid": "547814127", "content": "你。。。是魔鬼吧。。"}, {"uid": "443239800", "content": "这石头，鹅鹅鹅"}, {"uid": "443239800", "content": "傻狍子太可爱了！"}, {"uid": "16643592", "content": "进屠杀线了"}, {"uid": "549749988", "content": "凶狠的。受受的小鹿。→:"}, {"uid": "268595833", "content": "羊————妈————"}, {"uid": "268595833", "content": "故意放水"}, {"uid": "268595833", "content": "圣母退散"}, {"uid": "268595833", "content": "BGM是小花放慢1200倍"}, {"uid": "494251389", "content": "打小幽灵不是会减经验吗？"}, {"uid": "514157318", "content": "《果糖》"}, {"uid": "514157318", "content": "《天使》"}, {"uid": "5233562", "content": "哈哈哈哈哈哈哈哈哈哈哈和"}, {"uid": "477948966", "content": "危"}, {"uid": "504892909", "content": "羊——————————妈              "}, {"uid": "627871184", "content": "危"}, {"uid": "670391021", "content": "众所周知，友谊是通过颗粒传播的（滑稽）"}, {"uid": "650365968", "content": "这个是因为清完了所有怪杀意暴涨，所以伤害特别高（可以这么理解）"}, {"uid": "497372797", "content": "创造"}, {"uid": "255789866", "content": "555屠杀线，真的虾仁猪心啊"}, {"uid": "255789866", "content": "。"}, {"uid": "46544650", "content": "害怕"}, {"uid": "46544650", "content": "危"}, {"uid": "509742521", "content": "小菜一碟，对吧"}, {"uid": "701764701", "content": "害怕"}, {"uid": "701764701", "content": "兀"}, {"uid": "701764701", "content": "额"}, {"uid": "268595833", "content": "危 羊妈 危"}, {"uid": "701764701", "content": "鹿哥鸟叫"}, {"uid": "340507869", "content": "*算个鸟啊(doge)"}, {"uid": "340507869", "content": "*艾斯戈尔......"}, {"uid": "396727119", "content": "打小电视，封号斗罗"}, {"uid": "340507869", "content": "要睡觉之后才能拿吧"}, {"uid": "666831436", "content": "I kill you"}, {"uid": "470552235", "content": "以杀鹿为快乐"}, {"uid": "663213998", "content": "妈——咪——"}, {"uid": "663213998", "content": "羊妈 危"}, {"uid": "340507869", "content": "《最强大脑》"}, {"uid": "433179861", "content": "猎     马     人"}, {"uid": "363897552", "content": "羊———"}, {"uid": "363897552", "content": "逐渐btX2"}, {"uid": "537914766", "content": "当中二的力量集合起来，将无人能够阻止"}, {"uid": "363897552", "content": "逐渐bt"}, {"uid": "363897552", "content": "老谐音了"}, {"uid": "537914766", "content": "我是血腥"}, {"uid": "661096886", "content": "这是福"}, {"uid": "537914766", "content": "我是杀戮为快乐"}, {"uid": "457595506", "content": "没错，这是个鹿"}, {"uid": "457595506", "content": "*哈哈哈，多么好的借口"}, {"uid": "457595506", "content": "*我只是好奇会怎么样而已"}, {"uid": "457595506", "content": "*我告诉我自己我讨厌这样"}, {"uid": "457595506", "content": "圣母们还有三秒钟退出视频"}, {"uid": "457595506", "content": "圣  母  退  散"}, {"uid": "457595506", "content": "希望之后打sans顺利"}, {"uid": "457595506", "content": "没拿派啊...感觉后面会卡住"}, {"uid": "537914766", "content": "要♂嘛 要♂嘛"}, {"uid": "457595506", "content": "你不就是那个坏家伙吗(被打)"}, {"uid": "526467453", "content": "哈哈，xswl，拼刀子"}, {"uid": "392248708", "content": "高手都带提米薄片（doog）"}, {"uid": "537914766", "content": "杀光了"}, {"uid": "537914766", "content": "听不见bgm"}, {"uid": "572449946", "content": "危 羊妈 危"}, {"uid": "178527764", "content": "不——"}, {"uid": "178527764", "content": "不～～"}, {"uid": "572449946", "content": "危 众怪物 危"}, {"uid": "572449946", "content": "危 幽灵纳普斯特 危"}, {"uid": "537914766", "content": "牵手手，叠词词"}, {"uid": "521552563", "content": "弱  小  无  助"}, {"uid": "537914766", "content": "《友善地交谈》"}, {"uid": "572449946", "content": "危 忧郁虫虫二号 危"}, {"uid": "572449946", "content": "危 蛙吉特二号 危"}, {"uid": "572449946", "content": "《太 危 险 了》"}, {"uid": "572449946", "content": "《太危险了》"}, {"uid": "572449946", "content": "世 纪 难 题"}, {"uid": "572449946", "content": "《聊聊天》"}, {"uid": "572449946", "content": "俄式聊天"}, {"uid": "32040013", "content": "给他吃！！！！"}, {"uid": "472645414", "content": "准还好光速打脸了吗，孩子（）"}, {"uid": "572449946", "content": "明示三连的会被枪毙"}, {"uid": "472645414", "content": "当年看别的up打的时候还是个圣母，但是现在 圣   母   退   散！"}, {"uid": "472645414", "content": "我当时打鱼姐就把雪块吃完了"}, {"uid": "472645414", "content": "以后会很惨哈哈哈"}, {"uid": "383993841", "content": "母 慈 子 孝"}, {"uid": "470262313", "content": "很强"}, {"uid": "472645414", "content": "双关"}, {"uid": "630541556", "content": "HP曙目"}, {"uid": "34472247", "content": "危 羊妈 危"}, {"uid": "34472247", "content": "危 羊妈 危"}, {"uid": "448757464", "content": "好a啊"}, {"uid": "605740362", "content": "                   TM瞩目↓（滑稽）"}, {"uid": "430316965", "content": "啊啊是背叛杀，可以做到一刀斩羊妈"}, {"uid": "440580965", "content": "awsl"}, {"uid": "643225069", "content": "中二"}, {"uid": "37520536", "content": "打到sans……希望人没事"}, {"uid": "702191731", "content": "不是果汁吗？"}, {"uid": "435263224", "content": "杀鹿"}, {"uid": "562342549", "content": "茶怎么又变成你的孩子了"}, {"uid": "610297740", "content": "内心的黄色污染"}, {"uid": "631366930", "content": "sans讲的"}, {"uid": "436189684", "content": "awsl"}, {"uid": "527593180", "content": "地下有人类吗……"}, {"uid": "471953184", "content": "哈哈哈哈哈哈哈哈哈哈哈哈"}, {"uid": "471305040", "content": "因为包括你(小花)"}, {"uid": "494593229", "content": "圣母退散"}, {"uid": "436189684", "content": "awsl"}, {"uid": "495798244", "content": "三角符文不是同人游戏吗？？？"}, {"uid": "145610537", "content": "实际上 推最下面的的石头就可以了"}, {"uid": "534764437", "content": "没拿派……感觉后面要出事"}, {"uid": "631438166", "content": "既然是用主人这个角色，那就叫福的英文吧（手动狗头）"}, {"uid": "620567758", "content": "受伤"}, {"uid": "614637791", "content": "《困难》"}, {"uid": "628865139", "content": "她是公主你管它叫王子"}, {"uid": "437041906", "content": "摸摸头～"}, {"uid": "437041906", "content": "好可爱(￣∇￣)"}, {"uid": "494643139", "content": "困 难"}, {"uid": "516328148", "content": "（高手）"}, {"uid": "431307632", "content": "水鹿？很水的电鹿？[doge]"}, {"uid": "508657254", "content": "天哪！太萌了"}, {"uid": "507971201", "content": "本事同根生相煎何太急"}, {"uid": "490813212", "content": "拿派啊"}, {"uid": "518279685", "content": "傻狍子好温柔啊啊啊"}, {"uid": "553524050", "content": "调♂教"}, {"uid": "30107277", "content": "？"}, {"uid": "648320496", "content": "杀鹿？"}, {"uid": "701544515", "content": "沉默耗子"}, {"uid": "475277684", "content": "弱小无助"}, {"uid": "474543092", "content": "圣母退散"}, {"uid": "490156068", "content": "圣母退散"}, {"uid": "416483906", "content": "给  他  吃！！！！"}, {"uid": "646311400", "content": "天使！！！"}, {"uid": "421166310", "content": "美味der巴掌"}, {"uid": "513099249", "content": "羊妈还不知道自己收养了个什么怪物（鹿）"}, {"uid": "18875159", "content": "你  一  直  表  现  的  非  常  好"}, {"uid": "628015285", "content": "sans：*看来你想吃点骨头"}, {"uid": "11623925", "content": "温柔（指刚刚s了一个人）"}, {"uid": "702516014", "content": "可可爱爱的鹿哥"}, {"uid": "568068769", "content": "大型中二现场"}, {"uid": "480036546", "content": "两小时 热乎的~"}, {"uid": "576389044", "content": "《有 点 难 呢》"}, {"uid": "614479757", "content": "水鹿"}, {"uid": "516950243", "content": "可可爱爱"}, {"uid": "629848312", "content": "杀了她！=）"}, {"uid": "31356205", "content": "锻炼鹿哥的跑步速度［狗头］"}, {"uid": "265636304", "content": "好可爱！！！"}, {"uid": "584227362", "content": "好酥啊"}, {"uid": "584227362", "content": "好可爱啊～"}, {"uid": "488775292", "content": "中二鹿"}, {"uid": "488775292", "content": "睾手"}, {"uid": "180951339", "content": "暗示不要三连"}, {"uid": "21532208", "content": "这英文发音我爱了"}, {"uid": "11069518", "content": "嘛，我们来看傻狍子在UT的下凡操作了ฅ۶•ﻌ•♡"}, {"uid": "488775292", "content": "困难"}, {"uid": "584227362", "content": "水鹿 （狗头）"}, {"uid": "33247794", "content": "帅鹿打成了shuilu水鹿"}, {"uid": "91293351", "content": "糕手"}, {"uid": "500266498", "content": "买楼"}, {"uid": "402650754", "content": "看到我，你就是20分钟后了"}, {"uid": "290342145", "content": "觉醒，猎妈时刻【】"}, {"uid": "701306598", "content": "苏醒了！猎杀时刻（"}, {"uid": "645605106", "content": "不 要 三 连 啊"}, {"uid": "475707544", "content": "牛逼，双厨已疯"}, {"uid": "1808823778", "content": "《单纯的孩子》"}, {"uid": "538209316", "content": "这么温柔怎舍得杀？"}, {"uid": "1015640248", "content": "《单纯的孩子》"}, {"uid": "293818140", "content": "嘎塔  口头哇路"}, {"uid": "521596462", "content": "羊———妈———"}, {"uid": "608287680", "content": "香香的面筋辣辣的口味"}, {"uid": "690979736", "content": "暗示不要三连。"}, {"uid": "690979736", "content": "暗示不要三连。"}, {"uid": "544224972", "content": "插座（雾）"}, {"uid": "407783811", "content": "还TM是外星鹿"}, {"uid": "619896956", "content": "*优 美 的 中 国 话"}, {"uid": "342631615", "content": "小花挺好的就是有点坏"}, {"uid": "1715603759", "content": "肉桂只是一种香料，很干的那种(^^；"}, {"uid": "588206165", "content": "up住为上面配音中"}, {"uid": "588206165", "content": "我们开始新的地底冒险"}, {"uid": "588206165", "content": "OK，完成"}, {"uid": "588206165", "content": "那么开始吧！"}, {"uid": "588206165", "content": "所以我们今天就一个目标就是杀光所以人"}, {"uid": "588206165", "content": "所以今天来挑战一下"}, {"uid": "588206165", "content": "之前玩的是和平线。"}, {"uid": "588206165", "content": "嗯咳，终于可以给大家直播undertale。"}, {"uid": "588206165", "content": "哟，大家晚上好。"}, {"uid": "588206165", "content": "哟，大家晚上好。"}, {"uid": "677573719", "content": "羊——妈——！"}, {"uid": "11415378", "content": "屠杀其实难度比较集中，平时都是比和平线好过多啦"}, {"uid": "646386708", "content": "呜呜呜呜，电鹿怎么可以打屠杀(圣母的哭泣)"}, {"uid": "521933469", "content": "妈！"}, {"uid": "672912454", "content": "（——友善地交谈——）"}, {"uid": "647226527", "content": "努力使自己的心情平静下来"}, {"uid": "690862583", "content": "ohhhhhhhhhhhhhhhhhhhhhhhhhhhhhhhhhhhhhhhhhhhhhhhhhhhhhhhhh"}, {"uid": "660451104", "content": "耶！莎布、尼古拉斯，孕育万物的森之黑山羊！"}, {"uid": "523405139", "content": "怪物都有电话了"}, {"uid": "255835395", "content": "《友 善 》"}, {"uid": "523343831", "content": "小花如果早点这么做的话他就拯救了世界"}, {"uid": "359170249", "content": "羊——妈——"}, {"uid": "648003426", "content": "少年不知屠杀累"}, {"uid": "628293226", "content": "噔 噔 咚"}, {"uid": "628293226", "content": "突然黑化"}, {"uid": "498689971", "content": "《好  的》"}, {"uid": "623283652", "content": "聊   聊  天"}, {"uid": "475793418", "content": "Ohhhhhhhhhhh双厨狂喜！"}, {"uid": "523379437", "content": "sans才是最脆的一滴血(手动狗头)"}, {"uid": "566819341", "content": "今天是多么美好的一天啊"}, {"uid": "498893452", "content": "粗线了！友尽颗粒（doge）"}, {"uid": "64155440", "content": "跟Flowey一个理由捏"}, {"uid": "433528040", "content": "UNDYUE"}, {"uid": "629366407", "content": "妈——妈——"}, {"uid": "635587518", "content": "鹿哥不要再走下去了杀光了这里的怪物就没有回头路了听我的"}, {"uid": "499676198", "content": "双出升天"}, {"uid": "87979636", "content": "杀戮的天使"}, {"uid": "626982989", "content": "小花差点就拯救了这个世界。。。。"}, {"uid": "696917288", "content": "面筋～面筋～"}, {"uid": "524499359", "content": "双厨狂喜！！！三连了！！"}, {"uid": "505569372", "content": "在现场耶"}, {"uid": "74583145", "content": "《傻》"}, {"uid": "268595833", "content": "我起了，一刀秒了，有什么好说的？"}, {"uid": "666910336", "content": "我也就倒回去看了亿次而已"}, {"uid": "447714690", "content": "11小时用核弹炸炸还能吃"}, {"uid": "483112325", "content": "在冲呢"}, {"uid": "572449946", "content": "危 蛙吉特三号 危"}, {"uid": "572449946", "content": "危 忧郁虫虫 危"}, {"uid": "572449946", "content": "小花:我举报这鹿看剧本"}, {"uid": "34472247", "content": "人偶 危"}, {"uid": "33406271", "content": "卧槽，我tm哭了"}, {"uid": "398642999", "content": "三角符文和传说之下都是同一个作者Toby做的啊！！！"}, {"uid": "516943906", "content": "↑不是，是作者做的平行世界作品"}, {"uid": "702191731", "content": "三角符文不是au，是Toby的另一款游戏"}, {"uid": "109142094", "content": "电鹿可可爱爱！"}, {"uid": "525221499", "content": "双厨狂喜！！！！！！！！！！"}, {"uid": "610297740", "content": "《友谊颗粒》"}, {"uid": "399932543", "content": "你木有心小鹿"}, {"uid": "525998810", "content": "咋秒了"}, {"uid": "448242470", "content": "↑不是的好吧，toby说过两作没有关系"}, {"uid": "478637711", "content": "双厨狂喜"}, {"uid": "524146422", "content": "双厨狂喜！！！"}, {"uid": "435168963", "content": "进化老鼠上线"}, {"uid": "669361725", "content": "两个小时！热乎的！！！！"}, {"uid": "493095825", "content": "我敲电鹿居然玩这个"}, {"uid": "508769716", "content": "母慈子孝"}, {"uid": "504090599", "content": "在现场！"}, {"uid": "504090599", "content": "六十八个人你们好"}, {"uid": "36223982", "content": "第一次当现场怪"}, {"uid": "54495640", "content": "水鹿[tv_doge]"}, {"uid": "1449561288", "content": "进度条不对劲"}, {"uid": "21206548", "content": "想看电鹿板审判战（doge）"}, {"uid": "1102307104", "content": "核善"}, {"uid": "1808823778", "content": "妈妈妈妈妈！！！！！！"}, {"uid": "1808823778", "content": "《友谊颗粒》"}, {"uid": "622082663", "content": "妈——妈——"}, {"uid": "669682501", "content": "没错它并不是人而只是一只小奶狗"}, {"uid": "2034361303", "content": "就因为友善所以就杀了所有的怪物"}, {"uid": "347085637", "content": "双厨狂喜"}, {"uid": "2078427930", "content": "你看他笑的多开心"}, {"uid": "285794035", "content": "别杀我的羊妈呀 "}, {"uid": "669574530", "content": "暗示三连"}, {"uid": "1075447979", "content": "你以为这样游戏就不会污染吗"}, {"uid": "1075447979", "content": " 你为什么要打屠杀线不知道这样打之后游戏会被污染吗"}, {"uid": "647930738", "content": "折磨，指满血。"}, {"uid": "667796180", "content": "此门不开"}, {"uid": "489726035", "content": "鹿不跳TS之舞吗？"}, {"uid": "521251829", "content": "感受一下sans的大风车！"}, {"uid": "672245827", "content": "羊————妈————"}, {"uid": "608335830", "content": "怪物 危"}, {"uid": "140080916", "content": "不～～～～～～～～～"}, {"uid": "1566015203", "content": "《危险》"}, {"uid": "605675795", "content": "感谢粉色配音军(≧∇≦)"}, {"uid": "1543814257", "content": "1+1=？"}, {"uid": "1543814257", "content": "【危】"}, {"uid": "599447519", "content": "水 鹿"}, {"uid": "27626234", "content": "去左下角那个友谊颗粒能回满血"}, {"uid": "588206165", "content": "小花其实是王子"}, {"uid": "588206165", "content": "诶正好，正好6个字。"}, {"uid": "508894862", "content": "对怪物太危险了"}, {"uid": "677573719", "content": "羊——妈——！-"}, {"uid": "357104335", "content": "《友善》"}, {"uid": "529194526", "content": "小花获得frisk的灵魂后并非是好事"}, {"uid": "669186962", "content": "T――o――r――i――e――i――"}, {"uid": "734984355", "content": "人偶里的幽灵逃出来了 "}, {"uid": "1447618460", "content": "危"}, {"uid": "672912454", "content": "你好，再见"}, {"uid": "616554130", "content": "这口音爱了"}, {"uid": "622587518", "content": "你等一下要干掉她"}, {"uid": "1905304207", "content": "危  人偶  危"}, {"uid": "648850112", "content": "前面海豚的我狂喜了"}, {"uid": "588206165", "content": "《核谐相处》"}, {"uid": "523343831", "content": "妈快住手为什么要打英雄"}, {"uid": "628293226", "content": "白 涩 的 东 东"}, {"uid": "273072849", "content": "不要啊！！！！"}, {"uid": "498689971", "content": "《不想伤害》"}, {"uid": "440021221", "content": "妈放了个海"}, {"uid": "663932919", "content": "《漏》"}, {"uid": "663932919", "content": "走在法国巴黎的街道上"}, {"uid": "663932919", "content": "《骄  傲》"}, {"uid": "400773565", "content": "转瞬即逝"}, {"uid": "666774786", "content": "woc！！！！！"}, {"uid": "534961074", "content": "啊啊啊双厨螺旋原地升天"}, {"uid": "398053778", "content": "羊妈妈妈妈妈妈妈妈妈妈妈妈妈"}, {"uid": "629323779", "content": "你杀了我妈！等等，你是……啊没事了"}, {"uid": "691945817", "content": "“我只是想知道屠杀线的剧情而已”你屠杀了"}, {"uid": "691945817", "content": "妈妈！！"}, {"uid": "497769813", "content": "你会被sans打哭的"}, {"uid": "475225461", "content": "TMD电线插口呢？用爱充电？"}, {"uid": "592791414", "content": "rua~"}, {"uid": "28314585", "content": "来了来了"}, {"uid": "479860349", "content": "这只鹿的声音好好听"}, {"uid": "202848315", "content": "包括小花"}, {"uid": "504195421", "content": "别杀羊妈！你这只狍子！"}, {"uid": "696917288", "content": "面筋～面筋～"}, {"uid": "547814127", "content": "这声音。。没谁了"}, {"uid": "547814127", "content": "鹿的声音。。像女娃子！"}, {"uid": "549749988", "content": "电鹿说可怕的话也好受啊。"}, {"uid": "27211765", "content": "用一脸可爱的样子说出最恐怖的话语"}, {"uid": "630851504", "content": "友尽颗粒"}, {"uid": "527593180", "content": "屠杀之舞呢……"}, {"uid": "358803204", "content": "羊妈眼睛是红的"}, {"uid": "647182561", "content": "*heh kiddo，真是个好借口呢…"}, {"uid": "537914766", "content": "《温柔》"}, {"uid": "442369207", "content": "双厨狂喜"}, {"uid": "537914766", "content": "水鹿又来水视频了"}, {"uid": "268694735", "content": "ohhhhhhhhhhhhhhhhhhhhhhhhhhhhhhhhhhhhhhhhhhhhhhhhhhhhhhhhhhhhhhhhhhhhhhhhhhhhhhhhhhhhhhhhhhhhhhhhhhh"}, {"uid": "648850112", "content": "好了姐妹们我先狂喜一个"}, {"uid": "498256512", "content": "漏气のBGM"}, {"uid": "233874327", "content": "有有有"}, {"uid": "516943906", "content": "此时的羊妈还没意识到事情的严重"}, {"uid": "503071672", "content": "哇小电鹿更新了"}, {"uid": "435263224", "content": "屠杀线：谜题是啥，不存在的"}, {"uid": "435263224", "content": "你好长"}, {"uid": "435263224", "content": "鱼姐来告诉你屠杀线是什么样的"}, {"uid": "490636871", "content": "妈一一妈一一"}, {"uid": "626851343", "content": "羊——妈——！"}, {"uid": "628865139", "content": "太棒了终于开始玩传说之下了"}, {"uid": "508216956", "content": "OHHHHHHHHHHHHHHHH!"}, {"uid": "688490426", "content": "当初是怪物把人类封印到了地上"}, {"uid": "410062315", "content": "《单纯》"}, {"uid": "440986432", "content": "主be有点傻大家不要见怪"}, {"uid": "517487040", "content": "啊啊啊！我最喜欢的！"}, {"uid": "278952228", "content": "精准避开"}, {"uid": "557637999", "content": "友  谊"}, {"uid": "557637999", "content": "牛壁"}, {"uid": "493710225", "content": "已经很久没有鹿路来到这里了。"}, {"uid": "416483906", "content": "乖  乖  的"}, {"uid": "169551553", "content": "受鹿"}, {"uid": "9768945", "content": "帅鹿(读作水鹿"}, {"uid": "637134824", "content": "热乎的，趁热吃"}, {"uid": "627362645", "content": "友尽八连斩  对吧"}, {"uid": "319125383", "content": "一小时的电路还能吃"}, {"uid": "46454923", "content": "睡鹿～"}, {"uid": "489026093", "content": "双厨升天"}, {"uid": "110924655", "content": "水鹿（✔）"}, {"uid": "110924655", "content": "帅鹿（❌）"}, {"uid": "23467546", "content": "头一次怎么前"}, {"uid": "10691497", "content": "暗示不要三连"}, {"uid": "1808823778", "content": "羊—————妈—————"}, {"uid": "1808823778", "content": "sans：你小子飘了啊"}, {"uid": "1850297632", "content": "游戏♂规则"}, {"uid": "865428751", "content": "双厨爆炸"}, {"uid": "669682501", "content": "谁叫我有狗牙齿的露"}, {"uid": "2034361303", "content": "【小可爱】"}, {"uid": "521596462", "content": "中二少年"}, {"uid": "2021291303", "content": "双厨狂喜！！！！！！！"}, {"uid": "701243185", "content": "危 屑花 危"}, {"uid": "505907383", "content": "羊——————妈——————"}, {"uid": "1706726164", "content": "亿些事"}, {"uid": "305706452", "content": "调     教"}, {"uid": "593812455", "content": "俄式交谈"}, {"uid": "1560053448", "content": "金华,火腿做得好"}, {"uid": "1559720649", "content": "堕落天使"}, {"uid": "476166633", "content": "羊妈说这么多话是因为太久没有人来遗迹陪她了 "}, {"uid": "521251829", "content": "哇，是背叛刹呀www"}, {"uid": "1566015203", "content": "*我不会说你"}, {"uid": "486129313", "content": "妈---------！"}, {"uid": "700215818", "content": "告诉你，你羊妈就是温柔的代名词。"}, {"uid": "661471354", "content": "更像是主角自己撞上去的"}, {"uid": "384658237", "content": "冥场面"}, {"uid": "588206165", "content": "帅鹿苏醒了。"}, {"uid": "588206165", "content": "我们是帅鹿（水鹿）"}, {"uid": "588206165", "content": "我们开始吧。"}, {"uid": "588206165", "content": "成功的通过ut的的屠杀线"}, {"uid": "404370022", "content": "老pe，我来啦～（？）"}, {"uid": "1447618460", "content": "什么丸？"}, {"uid": "1447618460", "content": "水鹿？多水的电鹿"}, {"uid": "493927962", "content": "这可能是最后一次存档显示这么多字了"}, {"uid": "645744451", "content": "肉桂肉桂"}, {"uid": "609244388", "content": "羊妈"}, {"uid": "179308660", "content": "？？怎么会这样"}, {"uid": "64887302", "content": "坏东西呜呜呜呜"}, {"uid": "506060120", "content": "《新    家》"}, {"uid": "381292327", "content": "前面问肉是哪来的那个，肉桂是一种香料啊..."}, {"uid": "522017993", "content": "地下鹿地"}, {"uid": "485776041", "content": "刚刚看完上一期来的"}, {"uid": "608888063", "content": "珈百璃.扎克↓"}, {"uid": "474230162", "content": "双厨狂喜"}, {"uid": "628293226", "content": "《新 家》"}, {"uid": "498689971", "content": "《方法很简单》"}, {"uid": "663932919", "content": "如果羊妈没来（卐拟吗）"}, {"uid": "222760957", "content": "打屠杀？？？"}, {"uid": "486010701", "content": "你是小fa"}, {"uid": "359170249", "content": "人——偶——"}, {"uid": "502285590", "content": "双厨狂喜"}, {"uid": "474262948", "content": "我一眼就看出你不是人。"}, {"uid": "454361553", "content": "看我走位doge"}, {"uid": "298537619", "content": "芜湖"}, {"uid": "691945817", "content": "和平一路走来，你的双手是否早已沾满鲜血？"}, {"uid": "702571191", "content": "妈妈啊-------"}, {"uid": "520276566", "content": "最顶端的是同一个作者，但并不是续作。。。。。。"}, {"uid": "23716312", "content": "《记住了》"}, {"uid": "660186900", "content": "没有弹幕"}, {"uid": "679349973", "content": "推一个就行"}, {"uid": "35327360", "content": "*哈哈，多好的理由。"}, {"uid": "647421241", "content": "被杀过变红是真的（自己试过）"}, {"uid": "276497920", "content": "玩和平！！！"}, {"uid": "701764701", "content": "弱小无助"}, {"uid": "701764701", "content": "禁止套娃"}, {"uid": "1845515820", "content": "乾杯 []~（￣▽￣）~*"}, {"uid": "621612081", "content": "eg线我打过，特别简单"}, {"uid": "340507869", "content": "这个地方如果一直掉下来很多次了之后他就不会掉下来了"}, {"uid": "550311691", "content": "前方名场面"}, {"uid": "498256512", "content": "↑种……子？"}, {"uid": "25713596", "content": "淦"}, {"uid": "109142094", "content": "但不是第二部啊"}, {"uid": "694055557", "content": "来了！"}, {"uid": "574656267", "content": "七小时，热热还能吃"}, {"uid": "513942328", "content": "前面的那叫屠杀之舞"}, {"uid": "514836650", "content": "《温    柔》"}, {"uid": "620567758", "content": "“友善”"}, {"uid": "51561261", "content": "not you，but them"}, {"uid": "494688534", "content": "－－－－羊－－－－－－妈"}, {"uid": "523194007", "content": "拖更了好几天"}, {"uid": "447280889", "content": "水鹿(大嘘) "}, {"uid": "490156068", "content": "此鹿为中二鹿~"}, {"uid": "557637999", "content": "“小花”"}, {"uid": "646311400", "content": "想电鹿在做一期和平线！！"}, {"uid": "645969682", "content": "母呲子啸"}, {"uid": "539688715", "content": "两小时还能吃。"}, {"uid": "646311400", "content": "太棒啦！！终于来ut了！！！"}, {"uid": "568068769", "content": "在现场，还推荐打伪善来着"}, {"uid": "519836122", "content": "两小时，还温着"}, {"uid": "413299235", "content": "ohhhhhhh"}, {"uid": "109414492", "content": "只因为你能这样做，所以你就这么做了"}, {"uid": "45047399", "content": "一小时，热乎"}, {"uid": "488775292", "content": "涮鹿"}, {"uid": "229414067", "content": "哇塞这片头"}, {"uid": "108086515", "content": "49分钟！热乎的！"}, {"uid": "107799486", "content": "chara（buyao）"}, {"uid": "107799486", "content": "恭喜恭喜"}, {"uid": "492877301", "content": "老病娇了"}, {"uid": "629848312", "content": "双厨狂喜！"}, {"uid": "512364804", "content": "这片头，排面"}, {"uid": "244270142", "content": "来了来了"}, {"uid": "438522355", "content": "lel"}, {"uid": "661533161", "content": "新冢"}, {"uid": "661533161", "content": "《弱小无助》"}, {"uid": "1179246147", "content": "妈妈羊"}, {"uid": "2107113626", "content": "妈一一一"}, {"uid": "455146962", "content": "妈!!!!!!!!!!!!!"}, {"uid": "1102307104", "content": "上面的糖拿多会变人渣"}, {"uid": "1808823778", "content": "危 蛙吉特二号 危"}, {"uid": "1164473193", "content": "MISS *3"}, {"uid": "627197663", "content": "哦，看到特殊的聊天方式"}, {"uid": "1857316825", "content": "《我只想看看屠杀线的剧情》"}, {"uid": "1369765495", "content": "可我想伤害"}, {"uid": "671804424", "content": "这里的食物是魔法做的(应该吧)"}, {"uid": "2078427930", "content": "羊妈炸了！"}, {"uid": "448903777", "content": "家庭暴力"}, {"uid": "1677704627", "content": "双厨喜上天"}, {"uid": "498420096", "content": "别杀羊妈，你这个水鹿！"}, {"uid": "671294918", "content": "没有裆"}, {"uid": "1204902604", "content": "是meta 游戏"}, {"uid": "525094458", "content": "[手机]:D"}, {"uid": "1373614828", "content": "LOVE指暴力"}, {"uid": "701900311", "content": "《哪里像》"}, {"uid": "629295176", "content": "正义的伙伴"}, {"uid": "1566015203", "content": "《危险》"}, {"uid": "1566015203", "content": "《谜题》"}, {"uid": "27626234", "content": "给我撞子弹！"}, {"uid": "1129613277", "content": "啊啊啊啊！！！！妈！！！！！"}, {"uid": "677573719", "content": "--"}, {"uid": "503752155", "content": "ohhhhhhhhhh"}, {"uid": "316886498", "content": "弹幕一堆云玩，三角符文根传说之下同一个作者不是续作铜世界观"}, {"uid": "698025074", "content": "《消遣》"}, {"uid": "482072663", "content": "frisk【滑稽】"}, {"uid": "1865202461", "content": "哦吼吼！"}, {"uid": "652309415", "content": "双厨狂喜！！！"}, {"uid": "622587518", "content": "你会哭的 ！"}, {"uid": "627712595", "content": "友尽颗粒♂"}, {"uid": "671964584", "content": "它指的是怪物的处境很危险"}, {"uid": "28230382", "content": "简单，一个spellcard"}, {"uid": "381292327", "content": "双厨狂喜"}, {"uid": "522017993", "content": "水周表示很赞（水鹿）"}, {"uid": "501731360", "content": "妈妈"}, {"uid": "604244239", "content": "还没离开屋子"}, {"uid": "488274836", "content": "“友善”"}, {"uid": "628293226", "content": "逝的"}, {"uid": "651443516", "content": "欢迎新人"}, {"uid": "1259239319", "content": "T――o――r――i――e――i――"}, {"uid": "455877234", "content": "←设错"}, {"uid": "359170249", "content": "忧——郁——虫——虫——"}, {"uid": "491149948", "content": "（乖乖的）"}, {"uid": "691945817", "content": "屠杀线是这个游戏的一部分，我们也没理由不玩"}, {"uid": "444786095", "content": "高叟"}, {"uid": "1974693357", "content": "不是空虚，是肾虚（doge）"}, {"uid": "437888824", "content": "是开关啦！"}, {"uid": "693768226", "content": "你在直播呀"}, {"uid": "347377162", "content": "ohhhhhhhhhhhhh"}, {"uid": "21169828", "content": "双厨狂喜"}, {"uid": "32073851", "content": "哈哈哈我之前也是这样玩的"}, {"uid": "650365968", "content": "小花差点拯救地下世界（滑稽）"}, {"uid": "491162157", "content": "这说明电鹿重置过"}, {"uid": "537914766", "content": "泪目"}, {"uid": "604259511", "content": "十小时，热热还能吃"}, {"uid": "512910813", "content": "融合怪欢喜"}, {"uid": "1291714019", "content": "（弱小无助）"}, {"uid": "1831445779", "content": "永爱电鹿∽"}, {"uid": "521552563", "content": "OHHHHHHHHHHHHHHH"}, {"uid": "475634673", "content": "双厨生天！！！！"}, {"uid": "294601653", "content": "人家是鹿[doge]"}, {"uid": "382551188", "content": "最 强 大 脑"}, {"uid": "600316329", "content": "应该是刀的作用把羊妈秒了"}, {"uid": "488362557", "content": "OHHHH"}, {"uid": "627580240", "content": "双厨直接炸"}, {"uid": "494688534", "content": "小花"}, {"uid": "33416017", "content": "ohhhhhhhh"}, {"uid": "339828758", "content": "睡鹿？"}, {"uid": "646311400", "content": "玩屠杀线的话要杀羊妈..."}, {"uid": "725547", "content": "天啦噜草"}, {"uid": "455349516", "content": "睡鹿？"}, {"uid": "493095825", "content": "双厨升天"}, {"uid": "268595833", "content": "一刀999"}, {"uid": "702516014", "content": "有片头啦"}, {"uid": "435107095", "content": "哪里不是高wan"}, {"uid": "487310384", "content": "两小时的，不新鲜了"}, {"uid": "476984888", "content": "睡鹿？"}, {"uid": "98522761", "content": "烫烫烫"}, {"uid": "700380140", "content": "一小时，还温的"}, {"uid": "468066594", "content": "热乎的！"}, {"uid": "488775292", "content": "天使"}, {"uid": "395428029", "content": "来啦来啦"}, {"uid": "701306598", "content": "热乎的！"}, {"uid": "316784085", "content": "可可爱爱"}, {"uid": "631175351", "content": "5"}, {"uid": "1102307104", "content": "撞子弹和不撞一样的"}, {"uid": "1808823778", "content": "《温柔》"}, {"uid": "1808823778", "content": "你！！！"}, {"uid": "1808823778", "content": "鸟儿在歌唱花儿在绽放"}, {"uid": "1312533823", "content": "羊～妈～"}, {"uid": "1850297632", "content": "精神污染"}, {"uid": "1562882179", "content": "朋尽颗粒"}, {"uid": "865428751", "content": "。。。"}, {"uid": "1643823656", "content": "☚toby说过两个游戏没有关系"}, {"uid": "489719384", "content": "双除狂喜"}, {"uid": "596842776", "content": "《可能》"}, {"uid": "596842776", "content": "无人蛆"}, {"uid": "603235143", "content": "堕天使"}, {"uid": "29360341", "content": "我也想打这条线，可是我的良心不让"}, {"uid": "717518703", "content": "无所不能sans：？"}, {"uid": "1401780046", "content": "你知道会发生啥子对呗？"}, {"uid": "1401780046", "content": "= )"}, {"uid": "2021291303", "content": "《友善》"}, {"uid": "525793419", "content": "友善，指一刀秒"}, {"uid": "1357928964", "content": "睡鹿？"}, {"uid": "677108569", "content": " 老病娇了"}, {"uid": "490489544", "content": "《单纯》"}, {"uid": "177320161", "content": "sans：没有用"}, {"uid": "510813449", "content": "妈！！！！"}, {"uid": "667796180", "content": "水路"}, {"uid": "1583522424", "content": "坏鹿鹿"}, {"uid": "535324405", "content": "双厨狂喜"}, {"uid": "351623166", "content": "查尔斯，说错了杨妈"}, {"uid": "1566015203", "content": "《弱小无辜》"}, {"uid": "1566015203", "content": "一w一"}, {"uid": "477675654", "content": "emm"}, {"uid": "673853733", "content": "背景音乐变调了"}, {"uid": "571332268", "content": "—_—"}, {"uid": "27626234", "content": "Frisk！起这个！"}, {"uid": "623258242", "content": "《友善》"}, {"uid": "663458614", "content": "杀戮天使"}, {"uid": "677573719", "content": "--"}, {"uid": "357104335", "content": "开局剧透"}, {"uid": "485300557", "content": "少打一个字母吗"}, {"uid": "669186962", "content": "小羊！"}, {"uid": "498189492", "content": " 弱小无助指后期全部屠杀掉。"}, {"uid": "507111189", "content": "三角符文虽然用的是传说之下的人物，但是这是另一个全新的故事"}, {"uid": "524718312", "content": "睡鹿？"}, {"uid": "603187987", "content": "妈妈！！！！！"}, {"uid": "416181457", "content": "牛批"}, {"uid": "589916124", "content": "包括你"}, {"uid": "648254846", "content": "最爱电鹿板(=^▽^=)"}, {"uid": "627712595", "content": "调戏小发♂♂♂"}, {"uid": "519545633", "content": "羊妈"}, {"uid": "499312292", "content": "妈!!!!"}, {"uid": "691341615", "content": "ohhhhhh"}, {"uid": "523405139", "content": "木偶；wdnmd"}, {"uid": "450592642", "content": "我刚打完"}, {"uid": "610684810", "content": "嘎弸脆"}, {"uid": "614479415", "content": "三角符文是同人游戏的那个 建议先去了解一下再来逼逼。"}, {"uid": "604244239", "content": "哈哈哈"}, {"uid": "472044115", "content": "电鹿之下"}, {"uid": "663932919", "content": "（哔——————）"}, {"uid": "663932919", "content": "《  太  危  险  了   》"}, {"uid": "626038621", "content": "科普君来了，肉桂是一种植物"}, {"uid": "1259239319", "content": "沉默耗子"}, {"uid": "668874258", "content": "来亿遍。"}, {"uid": "486010701", "content": "前面的 是同一个作者 但是是另一个游戏"}, {"uid": "623564275", "content": "什么丸？"}, {"uid": "632256879", "content": "还有很多之下"}, {"uid": "493857650", "content": "在现场"}, {"uid": "491149948", "content": "《温柔》"}, {"uid": "651737649", "content": "OHHHHHH!!!"}, {"uid": "691945817", "content": "每一个屠杀线玩家都是这样的"}, {"uid": "526938075", "content": "友尽颗粒"}, {"uid": "366416072", "content": "奶油糖肉桂派~"}, {"uid": "515533455", "content": "《天使》"}, {"uid": "437974910", "content": "双厨狂喜"}, {"uid": "677444696", "content": "不要殺掉媽媽呀！！電鹿！！！"}, {"uid": "410677162", "content": "双厨狂喜"}, {"uid": "505569372", "content": "在现场"}, {"uid": "666986005", "content": "鹿鹿不要，妈妈—！"}, {"uid": "666986005", "content": "感觉鹿鹿玩屠杀有点勉强哦～"}, {"uid": "666986005", "content": "阔耐"}, {"uid": "255789866", "content": "草，之前我是圣母，阿这"}, {"uid": "518227501", "content": "双厨狂喜"}, {"uid": "359170249", "content": "双厨狂喜!!!"}, {"uid": "701764701", "content": "第二阶段？？"}, {"uid": "652639068", "content": "淼淼淼淼淼淼淼"}, {"uid": "488677127", "content": "debug模式可以走快点，你就会追上羊妈，到时候你就好发现...羊妈是多利！（克隆羊）"}, {"uid": "701764701", "content": "交流"}, {"uid": "343583332", "content": "二）"}, {"uid": "550311691", "content": "谢谢，有被冒犯到"}, {"uid": "550311691", "content": "加油！"}, {"uid": "5650339", "content": "你难道忘了羊妈不会杀你吗"}, {"uid": "508437787", "content": "ohhhhhhhh"}, {"uid": "521552563", "content": "OHHHHHHHHHHHHHHHHHHHHHHHHHHHHHHHHHHHHHHHHHH"}, {"uid": "507130883", "content": "弹幕呢?"}, {"uid": "492832128", "content": "双厨狂喜"}, {"uid": "389879213", "content": "在线"}, {"uid": "356641255", "content": "秒掉的话是因为之前说过了当一个怪物越不想伤害你的时候他的防御就会降得很低"}, {"uid": "678779427", "content": "人偶 卒"}, {"uid": "12515220", "content": "啊啊啊啊chara"}, {"uid": "527593180", "content": "友尽颗粒"}, {"uid": "407307174", "content": "双厨狂喜"}, {"uid": "437041906", "content": "妈妈！！！"}, {"uid": "701284509", "content": "空虚的鹿"}, {"uid": "494688534", "content": "暖羊羊"}, {"uid": "485012561", "content": "可怕 (*^▽^*) "}, {"uid": "3834813", "content": "病娇鹿"}, {"uid": "488697067", "content": "(弱小}"}, {"uid": "196501906", "content": "音画不同步？"}, {"uid": "493710225", "content": "两小时热乎"}, {"uid": "568068769", "content": "妈妈！"}, {"uid": "515929092", "content": "热乎"}, {"uid": "701284509", "content": "白色的。。。"}, {"uid": "524856056", "content": "一小时，热乎"}, {"uid": "474731826", "content": "rua"}, {"uid": "229414067", "content": "哇哦哇哦"}, {"uid": "421181059", "content": "来啦"}, {"uid": "645605106", "content": "谁露"}, {"uid": "645605106", "content": "17分钟"}, {"uid": "382174539", "content": "五分钟，刚出炉"}, {"uid": "588803504", "content": "一边打一边剧透，讲究"}, {"uid": "407739507", "content": "芜湖~"}, {"uid": "317428004", "content": "哇一分钟热乎"}, {"uid": "1934228168", "content": "OHHHHHHH"}, {"uid": "2107113626", "content": "妈一一一"}, {"uid": "1102307104", "content": "衰鹿"}, {"uid": "1808823778", "content": "rua"}, {"uid": "25089029", "content": "弹幕里有好多云"}, {"uid": "1178592832", "content": "坏鹿鹿"}, {"uid": "687614817", "content": "老婆"}, {"uid": "2130955086", "content": "不用剧透的，很影响游戏体验"}, {"uid": "903650052", "content": "噢耶噢耶我没投币噢耶。"}, {"uid": "608287680", "content": "淦"}, {"uid": "1677704627", "content": "三厨狂喜"}, {"uid": "630930051", "content": "双厨狂喜"}, {"uid": "481355333", "content": "双厨狂喜！！！"}, {"uid": "433888629", "content": "我是有jingye的鹿〔doge〕"}, {"uid": "1366099191", "content": "我当天"}, {"uid": "1775879960", "content": "[YO]-[YO]"}, {"uid": "628493992", "content": "我是小花我是小花我是小花"}, {"uid": "694371680", "content": "《单纯》"}, {"uid": "1364242449", "content": "手鸡"}, {"uid": "693178836", "content": "＊我的好奇心扭曲了我的良知"}, {"uid": "667796180", "content": "此门开了"}, {"uid": "1989292527", "content": "不刷怪的吗"}, {"uid": "869613907", "content": "审判警告"}, {"uid": "672245827", "content": "泪目"}, {"uid": "493731768", "content": "前面的，是猹、查拉、Chara 不是茶哈"}, {"uid": "403216727", "content": "你再骂？（恳求）"}, {"uid": "1566015203", "content": "《单纯》"}, {"uid": "518945561", "content": "友尽颗粒"}, {"uid": "1543814257", "content": "【天使】"}, {"uid": "588206165", "content": "我们重新开个档，并且我们玩屠杀线，我们苏醒了"}, {"uid": "588206165", "content": "是的。"}, {"uid": "1129613277", "content": "妈啊啊啊啊啊啊"}, {"uid": "316886498", "content": "前面的又是云玩本来就是红的"}, {"uid": "497331480", "content": "迫真配音"}, {"uid": "451161674", "content": "YAN"}, {"uid": "522403482", "content": "妈！！！！！！！！！！"}, {"uid": "384067748", "content": "！！"}, {"uid": "434249218", "content": "妈！"}, {"uid": "403280288", "content": "-_-"}, {"uid": "214352022", "content": "回去重答一遍弹幕礼仪吧，最基础的别剧透都不知道吗，给新人点空间"}, {"uid": "611524387", "content": "一刀999"}, {"uid": "523096308", "content": "妈！！！！"}, {"uid": "622587518", "content": "玩偶 :危！"}, {"uid": "499312292", "content": "啊啊啊啊啊啊啊啊啊啊啊"}, {"uid": "691341615", "content": "双厨狂喜"}, {"uid": "523405139", "content": "虫虫；wdnmd"}, {"uid": "649690068", "content": "羊妈危"}, {"uid": "506060120", "content": "(弱小无助)"}, {"uid": "440517046", "content": "妈！！！！！"}, {"uid": "411596944", "content": "无人区"}, {"uid": "117615028", "content": "。"}, {"uid": "523343831", "content": "上面那个红字你能不能不要老是发这个《》"}, {"uid": "523343831", "content": "等一下你就一刀没了"}, {"uid": "523343831", "content": "干嘛打英雄"}, {"uid": "604244239", "content": "“友谊颗粒”"}, {"uid": "86846912", "content": "＊您看我还弱小吗＝)"}, {"uid": "491723489", "content": "危"}, {"uid": "359170249", "content": "打羊爸的神器"}, {"uid": "407370531", "content": "黑化鹿"}, {"uid": "632256879", "content": "人偶打开心了"}, {"uid": "2012603962", "content": "look on"}, {"uid": "455062767", "content": "双厨狂喜"}, {"uid": "398053778", "content": "水鹿"}, {"uid": "691945817", "content": "东方红，太阳升………对不起太早了"}, {"uid": "603194197", "content": "让sans教教你屠杀线是怎么样的"}, {"uid": "549786646", "content": "危"}, {"uid": "329084389", "content": "昨天。。。。。"}, {"uid": "455260484", "content": "然而这里并没有进入荼杀线"}, {"uid": "481233330", "content": "水路"}, {"uid": "618524771", "content": "危"}, {"uid": "455349516", "content": "睡鹿？"}, {"uid": "547814127", "content": "奶lo。。。。"}, {"uid": "547814127", "content": "你是鹿"}, {"uid": "547814127", "content": "你……你……这才是这只鹿的目的！"}, {"uid": "343591600", "content": "圣母又来了"}, {"uid": "531611530", "content": "现  代  化"}, {"uid": "488677127", "content": "《小可爱》"}, {"uid": "701764701", "content": "假人太惨了"}, {"uid": "1845515820", "content": "。。。"}, {"uid": "701764701", "content": "开始审判"}, {"uid": "296668765", "content": "肉桂奶油Pi"}, {"uid": "573523966", "content": " 三角符文是托比继传说之下之后的新作，和传说之下没有关系，是两款不同的游戏"}, {"uid": "678401499", "content": "木木木木木木木木"}, {"uid": "472645414", "content": "*挡了我的路"}, {"uid": "629613434", "content": "ohhhhh"}, {"uid": "551264339", "content": "电锯惊魂"}, {"uid": "535087331", "content": "来了"}, {"uid": "233874327", "content": "弹幕别误导！三角符文作者就是Toby Fox，但也并不是ut的第二部曲！"}, {"uid": "109142094", "content": "三角符文和UT是同一个作者，但是DR不是UT第二部"}, {"uid": "514498449", "content": "三角符文是以类似传说之下的世界观做出不同的剧情，是传说之下官方同人"}, {"uid": "406306644", "content": "欧耶‘"}, {"uid": "544617409", "content": "没人？"}, {"uid": "494688534", "content": "san's"}, {"uid": "688490426", "content": "哪里不像"}, {"uid": "688490426", "content": "怪物为啥有手机"}, {"uid": "518391705", "content": "热乎的"}, {"uid": "444692712", "content": "睾*？？？？？？"}, {"uid": "651164210", "content": "热乎"}, {"uid": "18875159", "content": "泪目"}, {"uid": "257401926", "content": "在现场"}, {"uid": "547116860", "content": "两小时"}, {"uid": "12054093", "content": "危 人偶 危"}, {"uid": "493621361", "content": "ohhhhhhhhhhhhhhhhhhhh"}, {"uid": "34985166", "content": "母慈子孝"}, {"uid": "643230593", "content": "热乎"}, {"uid": "139277668", "content": "西内！"}, {"uid": "401095970", "content": "来了"}, {"uid": "535108353", "content": "热乎的"}, {"uid": "400794661", "content": "五分钟，热乎"}, {"uid": "421166310", "content": "热乎"}, {"uid": "244936035", "content": "芜湖"}, {"uid": "631175351", "content": "4"}, {"uid": "422551770", "content": "妈——"}, {"uid": "1102307104", "content": "太危险了（指怪物）"}, {"uid": "1808823778", "content": "妈！！"}, {"uid": "1808823778", "content": "审判警告"}, {"uid": "1808823778", "content": "《友善》"}, {"uid": "1808823778", "content": "你很快就会后悔的"}, {"uid": "1808823778", "content": "双厨狂喜"}, {"uid": "667733580", "content": "双厨狂喜"}, {"uid": "544013189", "content": "好耶"}, {"uid": "670736281", "content": "百万配音"}, {"uid": "401513295", "content": "ohhhhhhh"}, {"uid": "624343476", "content": "好耶"}, {"uid": "650441872", "content": "你刚刚说了子弹对吧"}, {"uid": "1048347543", "content": "我TM试了好几次才过去"}, {"uid": "690745350", "content": "跑"}, {"uid": "348947474", "content": "妈"}, {"uid": "485778734", "content": "。"}, {"uid": "520349916", "content": "？？？shuaiLu???"}, {"uid": "544346264", "content": "你可以看啊"}, {"uid": "74245854", "content": "我最想玩传说之下"}, {"uid": "243787300", "content": "先玩过一遍和平线再玩一遍屠杀线存档是不会被污染的"}, {"uid": "718535952", "content": "忧——郁——虫——虫——"}, {"uid": "1583522424", "content": "鹿，你马没了"}, {"uid": "693607473", "content": "折♂磨"}, {"uid": "447077921", "content": "sans"}, {"uid": "616574990", "content": "母慈子孝"}, {"uid": "140080916", "content": "？？？"}, {"uid": "1543814257", "content": "危ko"}, {"uid": "1543814257", "content": "我是小花，我是小花"}, {"uid": "211668924", "content": "《乖乖的》"}, {"uid": "661471354", "content": "不过你最后会后悔。(因为存档被污染。彻底不能玩和平线了。除了换账号换手机换电脑)"}, {"uid": "631229677", "content": "危"}, {"uid": "663458614", "content": "核善"}, {"uid": "481611349", "content": "如果我不知道哪个键可以阅读指示牌，就不会读到你这个指示牌了"}, {"uid": "498189492", "content": "你没了呀，众所周知呢，山司很那啥啊，我不想再说了。"}, {"uid": "451161674", "content": "jiebO"}, {"uid": "1878061247", "content": "无所不能sans？！"}, {"uid": "489966764", "content": "双厨狂喜！"}, {"uid": "611524387", "content": "=）"}, {"uid": "504863321", "content": "肉桂是香料！！"}, {"uid": "234085805", "content": "奈斯"}, {"uid": "622587518", "content": "在屠杀线里面聚到小乖 每次都是秒杀 ！"}, {"uid": "622587518", "content": "我的MA呀！"}, {"uid": "506376762", "content": "妈"}, {"uid": "174426792", "content": "？？？？？？？？？？"}, {"uid": "601711627", "content": "我看到了某个弹幕想对他说，三角符文也可以说是同人游戏，但它是官方发的，但按照现在平行宇宙角度的话，那就只能算是一个“同人”"}, {"uid": "609244388", "content": "泪目"}, {"uid": "452542410", "content": "水鹿"}, {"uid": "523343831", "content": "现在你不是好人"}, {"uid": "522017993", "content": "啊，假人是用来打的，不是用来聊天的"}, {"uid": "610684810", "content": "危"}, {"uid": "488274836", "content": "前来看戏"}, {"uid": "625728349", "content": "友 善 地 跟 它 们 交 谈"}, {"uid": "472157814", "content": "+6"}, {"uid": "663932919", "content": "小fafa"}, {"uid": "651443516", "content": "dio"}, {"uid": "1259239319", "content": "审判警告"}, {"uid": "1259239319", "content": "*她很弱小，干掉它=)"}, {"uid": "375518680", "content": "西内 羊妈"}, {"uid": "96457334", "content": "就是同一个啊都是tobyfox"}, {"uid": "105528643", "content": "oh ye"}, {"uid": "554753017", "content": "Miss"}, {"uid": "699957256", "content": "我要三连"}, {"uid": "605052515", "content": "牛逼"}, {"uid": "677444696", "content": "紅紅火火恍恍惚惚"}, {"uid": "8376836", "content": "哈哈哈哈哈"}, {"uid": "547814127", "content": "这理由。。。"}, {"uid": "5233562", "content": "奶漏"}, {"uid": "701764701", "content": "得"}, {"uid": "550311691", "content": "巴哈"}, {"uid": "550311691", "content": "友谊"}, {"uid": "1291714019", "content": "弹幕呢"}, {"uid": "31216226", "content": "老先驱了"}, {"uid": "507130883", "content": "水鹿"}, {"uid": "372256895", "content": "除了决心鱼姐和sans其他都是一刀秒"}, {"uid": "233874327", "content": "有人"}, {"uid": "523516913", "content": "？？？？？？？？？？？？"}, {"uid": "631366930", "content": "前面都是假粉"}, {"uid": "588203018", "content": "热乎"}, {"uid": "544205261", "content": "你明明是水鹿"}, {"uid": "488362557", "content": "刚刚"}, {"uid": "627580240", "content": "水陆"}, {"uid": "507971201", "content": "热乎"}, {"uid": "444692712", "content": "好的！"}, {"uid": "547313231", "content": "三小时热乎的"}, {"uid": "575834256", "content": "三角符文和UT是一个作者吧"}, {"uid": "10747679", "content": "热乎"}, {"uid": "702282097", "content": "这好像就是三角符文，不好意思打扰了"}, {"uid": "646119003", "content": "热乎的"}, {"uid": "285806324", "content": "热乎"}, {"uid": "429985006", "content": "你充满了决心—_—"}, {"uid": "510695587", "content": "一小時 "}, {"uid": "294097027", "content": "看见我你已经是6000以后了"}, {"uid": "526320976", "content": "热乎"}, {"uid": "319125383", "content": "一小时"}, {"uid": "143412570", "content": "1小时热乎"}, {"uid": "1486430801", "content": "老婆别怕"}, {"uid": "22066037", "content": "一小时"}, {"uid": "651867269", "content": "热乎的"}, {"uid": "472168044", "content": "哈哈哈"}, {"uid": "348679080", "content": "lu"}, {"uid": "229414067", "content": "热乎"}, {"uid": "40773886", "content": "chara"}, {"uid": "631175351", "content": "3"}, {"uid": "1843778951", "content": "危"}, {"uid": "531420814", "content": "？"}, {"uid": "1808823778", "content": "危 蛙吉特三号 危"}, {"uid": "1808823778", "content": "sans快来！"}, {"uid": "666747263", "content": "Ohhhhhhhhh!"}, {"uid": "496425311", "content": "iPhone"}, {"uid": "497435824", "content": "=）"}, {"uid": "1192754185", "content": "羊妈"}, {"uid": "293818140", "content": "羊妈那么温柔你怎么可以杀羊妈？！"}, {"uid": "2093029546", "content": "你币没了"}, {"uid": "196892298", "content": "=)"}, {"uid": "1329609304", "content": "你要记住这些球你会变得更强强大到强大到到怎样来着强大到可以毁灭宇宙的不但是威力太大你的肉体可能支撑不住将会支离破碎小花：尼玛老子真编不下去了"}, {"uid": "521596462", "content": "有点中二"}, {"uid": "1706726164", "content": "Chara很“单纯”"}, {"uid": "347336938", "content": "说背叛杀的是云吧，屠杀一刀秒羊妈"}, {"uid": "667796180", "content": "。。。。。。手机"}, {"uid": "718535952", "content": "没刷完呀鹿"}, {"uid": "535324405", "content": "恭喜你没了，你成功的引起了sans的注意"}, {"uid": "1433898748", "content": "前面的，两滴。"}, {"uid": "1433898748", "content": "请不要这样做"}, {"uid": "649186865", "content": "调♂教"}, {"uid": "351623166", "content": "What22029？"}, {"uid": "2007880373", "content": "羊"}, {"uid": "1543814257", "content": "sans：}"}, {"uid": "1543814257", "content": "危"}, {"uid": "211668924", "content": "《太危险了》"}, {"uid": "455796497", "content": "啊这"}, {"uid": "661471354", "content": "圣母召唤器"}, {"uid": "2001289841", "content": "双厨狂喜"}, {"uid": "631229677", "content": "危"}, {"uid": "27626234", "content": "你再骂！"}, {"uid": "588206165", "content": "但是我没有玩过屠杀线的结尾是什么样子的"}, {"uid": "522628080", "content": "sans杀了他"}, {"uid": "1129613277", "content": "妈！！！！！！！！！"}, {"uid": "669186962", "content": "是chara！（猹）"}, {"uid": "401530889", "content": "=）"}, {"uid": "498189492", "content": "我想一下，如果不接友谊颗粒会怎么样？"}, {"uid": "630468651", "content": "，"}, {"uid": "403280288", "content": "=）"}, {"uid": "672912454", "content": "chara"}, {"uid": "474217184", "content": "frisk"}, {"uid": "504195421", "content": "等等，屠杀线，羊————妈————！"}, {"uid": "381292327", "content": "我选择半乳糖"}, {"uid": "523343831", "content": "为什么要谈话呢一刀砍了不好了吗"}, {"uid": "490956121", "content": "傻"}, {"uid": "488274836", "content": "你应该取chara（不是强迫只是个人意愿）"}, {"uid": "484657692", "content": "妈——！！！"}, {"uid": "273072849", "content": "不要刀羊妈！"}, {"uid": "663932919", "content": "fight"}, {"uid": "219439596", "content": "怎么这么多圣母"}, {"uid": "222760957", "content": "三角符文不是同人！是官作！如果以玩家的视角来看可以看成是续作！但本质是平行世界！没有战争！"}, {"uid": "359170249", "content": "这里一直待着会有彩蛋"}, {"uid": "689649661", "content": "电鹿和firsk与chara都是我的(๑>؂<๑）"}, {"uid": "504253749", "content": "传说之下！"}, {"uid": "632256879", "content": "别吔"}, {"uid": "104900222", "content": "假人还TM会说话？"}, {"uid": "104900222", "content": "鹿打羊？？？吃花还差不多"}, {"uid": "440173692", "content": "。。"}, {"uid": "475194311", "content": "chara才是正解"}, {"uid": "618524771", "content": "危"}, {"uid": "381582521", "content": "危"}, {"uid": "16643592", "content": "三角符文不是同人游戏啊！！是toby新作！"}, {"uid": "502035223", "content": "西内"}, {"uid": "342214871", "content": "我老婆"}, {"uid": "30912077", "content": "羊妈快跑啊"}, {"uid": "74583145", "content": "再见"}, {"uid": "21772156", "content": "Lv虐杀等级"}, {"uid": "701764701", "content": "又是花"}, {"uid": "27931625", "content": "12小时"}, {"uid": "702216072", "content": "傻狍子＞"}, {"uid": "504712197", "content": "ut厨之开心 high到不行呢"}, {"uid": "609985905", "content": "羊——妈——"}, {"uid": "1831445779", "content": "传说之下"}, {"uid": "523285721", "content": "什么丸？"}, {"uid": "537914766", "content": "rua"}, {"uid": "507130883", "content": "弹幕呢?"}, {"uid": "483867856", "content": "说背叛杀的是真的云，不知道屠杀线秒羊妈？"}, {"uid": "612743532", "content": "=）"}, {"uid": "572449946", "content": "凉了"}, {"uid": "562342549", "content": "空虚？？？"}, {"uid": "356641255", "content": "羊妈胸前那个标志就是三角符文，这个怪物的国徽"}, {"uid": "562342549", "content": "欢迎来到新家，《单纯》的猹"}, {"uid": "562342549", "content": "睾手"}, {"uid": "435263224", "content": "开始审判"}, {"uid": "12515220", "content": "鱼姐那里加油啊，不然打不过sans"}, {"uid": "631366930", "content": "g'ao"}, {"uid": "427386923", "content": "ohhhhhhhhhhhhhhhhhh"}, {"uid": "399292939", "content": "啊啊啊ut！！"}, {"uid": "521198373", "content": "sans警告"}, {"uid": "43584977", "content": "三角符文是继undertale的新作"}, {"uid": "592326197", "content": "热乎"}, {"uid": "391086169", "content": "三角符文和传说之下是一个作者"}, {"uid": "676156900", "content": "热乎"}, {"uid": "702282097", "content": "是我错觉吗，我觉得好像三角符文"}, {"uid": "502800964", "content": "两小时"}, {"uid": "1245743124", "content": "热乎的"}, {"uid": "1486430801", "content": "热乎"}, {"uid": "107799486", "content": "屠杀线？"}, {"uid": "629848312", "content": "=）"}, {"uid": "491069855", "content": "热乎的"}, {"uid": "701306598", "content": "哈哈哈哈哈哈哈哈哈哈哈哈"}, {"uid": "645605106", "content": "水路"}, {"uid": "700890313", "content": "好烫六分钟"}, {"uid": "100830273", "content": "我只能说我手机版通过sans了"}, {"uid": "2034361303", "content": "大膏玩"}, {"uid": "693651123", "content": "圣母退散"}, {"uid": "454766236", "content": "=）"}, {"uid": "1329609304", "content": "首先按探查然后再谈谈然后这样探查然后再谈谈最终再谈谈你就会发现你没了"}, {"uid": "1377802855", "content": "像你这样的孩子就应该在地狱里焚烧！！！！！！！"}, {"uid": "698854646", "content": "我"}, {"uid": "537390552", "content": "=）"}, {"uid": "630930051", "content": "ut!"}, {"uid": "1048347543", "content": "fafa！"}, {"uid": "544224972", "content": "背叛杀的是云吧，屠杀线就是一刀秒羊妈，再说了，福也没残血啊"}, {"uid": "666725653", "content": "取一个xxs"}, {"uid": "400202964", "content": "屠杀线有些怪直接秒杀。"}, {"uid": "571332268", "content": "高叟"}, {"uid": "357104335", "content": "行了，别吵了dr和ut都是toby做的不是一条时间线，懂？"}, {"uid": "149462010", "content": "屠杀线？!"}, {"uid": "514929983", "content": "mopemope（"}, {"uid": "509766634", "content": "为什么我关注的阿婆主都开始玩传说之下？"}, {"uid": "342705415", "content": "鲨鱼：你不要过来啊！"}, {"uid": "420746340", "content": "Flowey:敢杀我的马？！（doge)"}, {"uid": "636233423", "content": "UT"}, {"uid": "672912454", "content": "肉糖"}, {"uid": "387059029", "content": "妈咪，呜呜"}, {"uid": "699957274", "content": "55."}, {"uid": "627806566", "content": "双厨狂喜（其实我多厨....）"}, {"uid": "610684810", "content": "危"}, {"uid": "604244239", "content": "lo"}, {"uid": "677763977", "content": "水鹿"}, {"uid": "498689971", "content": "说眼睛红的，别误导萌新了，这是新电脑，是新档。"}, {"uid": "485573503", "content": "前面说三角符文是同人的那个，这个是tobyfox2018年的作品"}, {"uid": "663932919", "content": "《  太  危  险  了  》"}, {"uid": "1033703928", "content": "午时已到"}, {"uid": "476762105", "content": "决心!"}, {"uid": "347518229", "content": "我看到了鹿的sans"}, {"uid": "444298224", "content": "沃玛！"}, {"uid": "662462418", "content": "鹿 过"}, {"uid": "541776081", "content": "干的好！=）"}, {"uid": "485852315", "content": "=)"}, {"uid": "480451077", "content": "nbnb"}, {"uid": "691945817", "content": "打了屠杀，杀了所有人，杀了几只怪到sans战"}, {"uid": "475520903", "content": "杀戮天使电鹿"}, {"uid": "475520903", "content": "杀戮天使"}, {"uid": "496936970", "content": "＝）"}, {"uid": "650940871", "content": "ohhhhhhhhhhhhhhhhhhhh"}, {"uid": "650940871", "content": "ohhhhhhhhhhhhhhhhhhhhhhhhhhhhhhhhhhhhh"}, {"uid": "601355697", "content": "圣母退散"}, {"uid": "537914766", "content": "打DIANLU不好吗‘"}, {"uid": "225132337", "content": "ut厨狂喜（Sans蓝）"}, {"uid": "1291714019", "content": "危"}, {"uid": "627554208", "content": "=）"}, {"uid": "537914766", "content": "sans？"}, {"uid": "372256895", "content": "屠杀线就是这样"}, {"uid": "535030544", "content": "请问什么时候玩数字Sans"}, {"uid": "562342549", "content": "(弱小无助)"}, {"uid": "544617409", "content": "没人？"}, {"uid": "620567758", "content": "危险                         "}, {"uid": "660181113", "content": "你再骂"}, {"uid": "437041906", "content": "=）"}, {"uid": "675237319", "content": "睾  手"}, {"uid": "478987445", "content": "-_-"}, {"uid": "30107277", "content": "？？？？？"}, {"uid": "21757501", "content": "传说之下，你币有了"}, {"uid": "9768945", "content": "frisk(滑稽"}, {"uid": "519836122", "content": "我感觉一定会有圣母来说凭什么啥小天使什么的了[偷笑]​"}, {"uid": "431298835", "content": "百万粉？取关了取关了，屠杀？（doge）"}, {"uid": "440391170", "content": "明示不要三连"}, {"uid": "440391170", "content": "热乎"}, {"uid": "440391170", "content": "热乎"}, {"uid": "629848312", "content": "chara"}, {"uid": "49491522", "content": "啊这"}, {"uid": "629848312", "content": "LOVE"}, {"uid": "629848312", "content": "=）"}, {"uid": "690125383", "content": "看到这条弹幕你就不是第一了"}, {"uid": "76745494", "content": "这个花好诡异啊"}, {"uid": "609244388", "content": "羊—————————妈———————————！"}, {"uid": "609244388", "content": "不————————————————————————"}, {"uid": "526194495", "content": "羊——————————————妈————"}, {"uid": "669682501", "content": "并不是阿婆猪＊＊的，是你们让阿婆主这样做的"}, {"uid": "1294912610", "content": "《     弱     小     无     助     》"}, {"uid": "1574091749", "content": "啊！！！！！！！！！！！！！！！！！！！！！！！！！！！（打在羊妈痛在我心）"}, {"uid": "457320919", "content": "鹿肉肯定很好吃"}, {"uid": "670486665", "content": "羊一一一一一一一妈一一一一一一一"}, {"uid": "123319206", "content": "庆                                                                      祝"}, {"uid": "2043715989", "content": "不！！！！！！！！！！！！！！"}, {"uid": "2043715989", "content": "羊妈-----------------------------------！"}, {"uid": "2043715989", "content": "不-------------------------------------------------------------------------"}, {"uid": "2043715989", "content": "不---------------------要"}, {"uid": "177320161", "content": "人？？？？？？？？？？？？？？"}, {"uid": "556937792", "content": "双厨狂喜!!!！！！！！！！！！！！！！！！！！！！！"}, {"uid": "399310869", "content": "没人？"}, {"uid": "1433898748", "content": "你派没了。你会后悔的。"}, {"uid": "1566015203", "content": "羊一一一一一一一一妈一一一一一一|一一一"}, {"uid": "1566015203", "content": "忧郁虫虫一一一一一一一一一一一一一一一一一一一一一一"}, {"uid": "1566015203", "content": "蛙吉特一一一一一一一一一一一一一一"}, {"uid": "1566015203", "content": "人一一一一一一一偶一一一一一一一一一一一一一一一"}, {"uid": "479218412", "content": "托一一一一丽一一一一尔一一一一"}, {"uid": "510300649", "content": "妈—————————咪—————————！"}, {"uid": "1278782048", "content": "正道的光照在了大地上！！！！！！！！"}, {"uid": "1278782048", "content": "对个屁，XXX"}, {"uid": "39104224", "content": "双厨狂喜！！！！！！！！！！！！"}, {"uid": "106397154", "content": "藁鏉"}, {"uid": "549103933", "content": " 一点都不像杀人犯，真的。"}, {"uid": "585130043", "content": ".                 ."}, {"uid": "470827167", "content": "？取关了（bushi）"}, {"uid": "273072849", "content": "妈！！！！！！！！！！！！！！！！！！！！！！"}, {"uid": "667153508", "content": "顶部的红字，三角符文和传说之下本身就是同一个作者 "}, {"uid": "432359254", "content": "————蛙————吉————特————"}, {"uid": "432359254", "content": "————忧————郁————虫————虫————"}, {"uid": "432359254", "content": "————蛙————吉————特————"}, {"uid": "432359254", "content": "————蛙————吉————特————"}, {"uid": "663932919", "content": "哎——————呀——————！"}, {"uid": "663932919", "content": "羊——————妈————————"}, {"uid": "663932919", "content": "谎                                         言"}, {"uid": "663932919", "content": "彳                              亍"}, {"uid": "1033703928", "content": "鹿哥，好娘啊！"}, {"uid": "1033703928", "content": "JOJO"}, {"uid": "1033703928", "content": "*你看我弱小吗*"}, {"uid": "1033703928", "content": "*我要开始了*"}, {"uid": "1033703928", "content": "前面说手残，后面也是手残。"}, {"uid": "1033703928", "content": "Sans:你永远得不到满足,我在雪镇等你。"}, {"uid": "1033703928", "content": "Lv屠杀。"}, {"uid": "1033703928", "content": "七个心脏精神污染。"}, {"uid": "1033703928", "content": "任务一:把羊妈XXX"}, {"uid": "389487755", "content": "羊————————————————————————妈——————————————————————"}, {"uid": "498893452", "content": "三--------------------连------------------------"}, {"uid": "629366407", "content": "困                      难"}, {"uid": "507066816", "content": "妈咪！！！！！！！！！！不！！！！"}, {"uid": "402803132", "content": "托————丽————尔————"}, {"uid": "677444696", "content": "不~~~~~~~~~~~~~~~~~~~~~~~~~~~~~~~~~"}, {"uid": "74387712", "content": "哦我的妈妈咪呀，你竟然杀了羊妈（哦好吧无所谓）"}, {"uid": "74583145", "content": "啊啊啊啊啊啊啊啊羊———————妈———————————！"}, {"uid": "46544650", "content": "天堂制造！"}, {"uid": "488677127", "content": "其实艾斯戈尔杀人是个谣言"}, {"uid": "511536308", "content": "妈_______________"}, {"uid": "488677127", "content": "其实羊妈不知道小fa是小王子..."}, {"uid": "488677127", "content": "三角符文，Oneshot统统搬上来！"}, {"uid": "687965549", "content": "你  一  直  表  现  得  非  常  好"}, {"uid": "420578177", "content": "！！！！！！！！！！！！！！！！！！！！1"}, {"uid": "647458003", "content": "我最喜欢的up玩了我最喜欢的游戏（妙啊）"}, {"uid": "504548781", "content": "说不是同一个作者的 云？"}, {"uid": "34432137", "content": "屠杀？帕——帕——瑞——斯——"}, {"uid": "39526626", "content": "？？？不是屠杀吗？不卡怪不能触发屠杀路线条件的阿"}, {"uid": "416483906", "content": "羊-----妈-----！！！"}, {"uid": "552659690", "content": "衫脚福闻是ut的第二部"}, {"uid": "157377183", "content": "ut好评！"}, {"uid": "268595833", "content": "哈哈哈哈哈哈哈哈哈哈哈哈哈哈哈哈哈哈哈"}, {"uid": "449728660", "content": "sans才是最脆的［doge］"}, {"uid": "450425056", "content": "羊-------------妈-----------------"}, {"uid": "516472545", "content": "你将会在地狱里焚烧"}, {"uid": "588803504", "content": "羊－－－－－－－－－－妈------------------"}, {"uid": "701306598", "content": "好———可———爱———啊———"}]