[{"uid": "1303531860", "content": "小动物之星"}, {"uid": "1496447357", "content": "好枪"}, {"uid": "664700000", "content": "哈哈哈哈哈哈哈哈哈哈哈哈哈"}, {"uid": "177393504", "content": "小动物之星"}, {"uid": "1011092884", "content": "危字当头神仙难救"}, {"uid": "1205855895", "content": "我要吃孜然味的鹿肉。"}, {"uid": "615940888", "content": "游戏名:小动物之星"}, {"uid": "627057885", "content": "停车场反杀龙卷风"}, {"uid": "666219251", "content": "《太简单了》"}, {"uid": "650053239", "content": "小白让你玩崩溃。"}, {"uid": "687084981", "content": "狍子；一给囊大油"}, {"uid": "701900311", "content": "停车场反杀龙卷风"}, {"uid": "315943211", "content": "肾上腺起来了"}, {"uid": "687315369", "content": "游戏名小动物之星"}, {"uid": "688035222", "content": "孜然说过他自己不是小孩子"}, {"uid": "688035222", "content": "孜然不是小孩子大哥们"}, {"uid": "343176884", "content": "枪是好，没找对人"}, {"uid": "612547673", "content": "??????"}, {"uid": "668997060", "content": "鹿哥:啊！！！"}, {"uid": "668997060", "content": "停车场反杀龙卷风！"}, {"uid": "587085999", "content": "ohhhhhhhhhhh"}, {"uid": "504090599", "content": "鹿哥牛壁"}, {"uid": "293069595", "content": "孜然是男生吧，小孩子"}, {"uid": "404452379", "content": "鹿哥牛壁"}, {"uid": "456513796", "content": "BGM：Harder, Better, Faster, Stronger (Far Out Remix)"}, {"uid": "456513796", "content": "BGM：Harder, Better, Faster, Stronger (Far Out Remix)"}, {"uid": "379353433", "content": "此曲一出，非死即伤"}, {"uid": "432341583", "content": "哇呜--酷炫"}, {"uid": "25072291", "content": "回收片头"}, {"uid": "473629101", "content": "鹿哥牛皮"}, {"uid": "660561247", "content": "配合：我当时害怕极了"}, {"uid": "475710573", "content": "孜然是男是女？？？"}, {"uid": "262936576", "content": "ohhhhhhhhhhhhhhhhhhhhhhhhhhhhhhhhhhhhhhhhhhhhhhhhhhhhhhhhhhhhhhhhhhhhhhhhhhhhhhhhhhhhhhhhhhhhhhhhhhh"}, {"uid": "649997821", "content": "什么枪？"}, {"uid": "568244429", "content": "鹿姐nb"}, {"uid": "431855561", "content": "电鹿漏电线了"}, {"uid": "400357111", "content": "什么游戏啊"}, {"uid": "568244429", "content": "此曲一出非死即伤"}, {"uid": "549749988", "content": "Ohhhhhhhhhhhhhhhhhhh电鹿怎么突然攻起来了？"}, {"uid": "660428733", "content": "鹿哥牛皮！爱了爱了！"}, {"uid": "660428733", "content": "前方高能"}, {"uid": "660428733", "content": "孜然刚才说的是什么虎狼之词"}, {"uid": "389866168", "content": "出大问题"}, {"uid": "510640358", "content": "团长:谢谢，有被冒犯到"}, {"uid": "510640358", "content": "停车场反杀龙卷风"}, {"uid": "500727279", "content": "鹿哥弟弟［doge］"}, {"uid": "500727279", "content": "希 望 之 花"}, {"uid": "510666959", "content": "给两个话痨做字幕心疼字幕君（狗头保命）"}, {"uid": "492041662", "content": "0.5倍速享受"}, {"uid": "356125671", "content": "鹿哥牛皮"}, {"uid": "507392593", "content": "小白可让你变成我的疯老婆"}, {"uid": "417068725", "content": "鹿哥nb"}, {"uid": "417068725", "content": "ohhhhhhhh"}, {"uid": "36888444", "content": "鹿哥牛皮"}, {"uid": "36888444", "content": "死因：吸收天地之精华"}, {"uid": "446796830", "content": "虎狼之词"}, {"uid": "505728450", "content": "停车场反杀龙卷风"}, {"uid": "616628668", "content": "这里电鹿的名字叫傻狍子。"}, {"uid": "476458141", "content": "那个穿警服的好帅"}, {"uid": "475108865", "content": "ohhhhhhhh"}, {"uid": "10046686", "content": "被封面萌到了，进来发现唉"}, {"uid": "495141717", "content": "指鹿为马"}, {"uid": "39535316", "content": "游戏名：小动物之星 stm上已发售可免费 stm：Super Animal Royale"}, {"uid": "429618574", "content": "注意名字：傻狍子"}, {"uid": "546923474", "content": "BGM：Harder, Better, Faster, Stronger (Far Out Remix)"}, {"uid": "479228057", "content": "孜然一分没得哈哈哈……"}, {"uid": "495109172", "content": "鹿哥牛逼！！！！"}, {"uid": "523550795", "content": "出大问题"}, {"uid": "523550795", "content": "突然想到小白的名言:超级鸡什么？"}, {"uid": "544380993", "content": "注意电鹿的表情！"}, {"uid": "544380993", "content": "BGM:harder faster stronger（far out）"}, {"uid": "537824777", "content": "龙卷风摧毁停车场！！！"}, {"uid": "480191287", "content": "想捏电鹿的脸"}, {"uid": "480191287", "content": "那一天，老外们又想起了小白的恐怖"}, {"uid": "36081720", "content": "哈哈哈哈哈哈哈"}, {"uid": "27786372", "content": "高ping战士"}, {"uid": "400902116", "content": "啊♂啊♂啊♂啊♂啊"}, {"uid": "457270939", "content": "因 祸 得 福"}, {"uid": "421808553", "content": "那天晚上你还是很强的"}, {"uid": "279021511", "content": "残血"}, {"uid": "497997738", "content": "                                            傻狍子↣"}, {"uid": "497997738", "content": "垫脚"}, {"uid": "497997738", "content": "垫脚"}, {"uid": "603632968", "content": "高速公鹿（doge）"}, {"uid": "618247958", "content": "鹿哥牛皮"}, {"uid": "270592624", "content": "新片头超棒"}, {"uid": "519598124", "content": "希望之花"}, {"uid": "519598124", "content": "希望之花"}, {"uid": "509534634", "content": "孜然：啊~"}, {"uid": "509534634", "content": "电鹿：耶，好强啊我"}, {"uid": "455792574", "content": "放开，撸蛋会伤害"}, {"uid": "473074554", "content": "电鹿你的鸡好大"}, {"uid": "456131978", "content": "ohhhhhhhhhhhhh鹿哥牛逼！"}, {"uid": "456131978", "content": "？？"}, {"uid": "312106059", "content": "有个1悄悄混进去了"}, {"uid": "203176083", "content": "开   幕   吟   唱"}, {"uid": "314017822", "content": "孜然居然在上面啊"}, {"uid": "487264116", "content": "犹豫就会白给！"}, {"uid": "393459592", "content": "BGM：Harder，Faster，Strong(Far  Out  Remix) —— Far  Out"}, {"uid": "38815731", "content": "66666666"}, {"uid": "520241279", "content": "鹿哥牛批"}, {"uid": "393886011", "content": "这车爱了"}, {"uid": "439173649", "content": "开始吟唱"}, {"uid": "501622609", "content": "车车，好快的车车"}, {"uid": "562131664", "content": "？？？？"}, {"uid": "401114549", "content": "ohhhhhhhhhhhhhhhh！"}, {"uid": "604497736", "content": "顺丰快递"}, {"uid": "604497736", "content": "竟然有"}, {"uid": "604497736", "content": "没有人迫害团长吗"}, {"uid": "431932373", "content": "鹿哥牛皮"}, {"uid": "375253566", "content": "ohhhhhhhhhhh"}, {"uid": "426755087", "content": "前面的那是孜然"}, {"uid": "23300693", "content": "要开始不当人了"}, {"uid": "494657240", "content": "《我还活着》"}, {"uid": "567305263", "content": "送快递的"}, {"uid": "506514760", "content": "你鸟没了"}, {"uid": "457240461", "content": "握着我的抱枕"}, {"uid": "449488557", "content": "变成金色了"}, {"uid": "570694437", "content": "ohhhhhhhhhh"}, {"uid": "501998595", "content": "大难不死必有部补刀"}, {"uid": "491903988", "content": "杀疯了"}, {"uid": "491903988", "content": "新op跟锯齿波好像"}, {"uid": "488781848", "content": "敌人：满足你"}, {"uid": "489694430", "content": "给字幕君加一百个鸡腿！辛苦啦"}, {"uid": "288191763", "content": "新片头好可爱！"}, {"uid": "592460729", "content": "危"}, {"uid": "531429580", "content": "再次再次感谢红色字幕菌"}, {"uid": "42885312", "content": "新片头合影"}, {"uid": "456302342", "content": "所以这是一个互坑游戏"}, {"uid": "523715745", "content": "                                                                                           大家记住了你的选择"}, {"uid": "384086903", "content": "孜然：这有个存档点"}, {"uid": "384086903", "content": "孜然：哇呜~"}, {"uid": "384086903", "content": "孜然：我需要三只脚"}, {"uid": "384086903", "content": "孜然：三只脚"}, {"uid": "384086903", "content": "孜然：就是这中转是有技巧的"}, {"uid": "384086903", "content": "孜然：就是....."}, {"uid": "384086903", "content": "孜然：哎"}, {"uid": "384086903", "content": "孜然：龙卷风摧毁停车场"}, {"uid": "384086903", "content": "孜然：你们什么都没看见"}, {"uid": "384086903", "content": "孜然：呃啊~"}, {"uid": "384086903", "content": "孜然： 哇"}, {"uid": "384086903", "content": "孜然：不没有一个人"}, {"uid": "384086903", "content": "孜然：我可以玩一天了"}, {"uid": "384086903", "content": "孜然：你是我们的希望"}, {"uid": "384086903", "content": "孜然：变烤鸡"}, {"uid": "384086903", "content": "孜然：竞技游戏"}, {"uid": "346979148", "content": "不骑墙！"}, {"uid": "384086903", "content": "孜然：byby"}, {"uid": "384086903", "content": "孜然：好嘞"}, {"uid": "384086903", "content": "孜然：我爱了爱了"}, {"uid": "384086903", "content": "孜然：哇我爱了"}, {"uid": "346979148", "content": "我是孜然的字幕君（等会要下班休息休息）"}, {"uid": "346979148", "content": "牛逼（后面听不清了"}, {"uid": "479508690", "content": "牛哥鹿皮"}, {"uid": "346979148", "content": "我要保护小猫（？不是狐狸吗）"}, {"uid": "479508690", "content": "死因：没死"}, {"uid": "397719864", "content": "孜然好可爱啊啊啊啊啊"}, {"uid": "346979148", "content": "快快，我在这里我在这里"}, {"uid": "346979148", "content": "加油"}, {"uid": "346979148", "content": "啊啊（双人喊叫（doge）"}, {"uid": "346979148", "content": "毒来了毒来了"}, {"uid": "346979148", "content": "快快过来快"}, {"uid": "346979148", "content": "快过来快"}, {"uid": "346979148", "content": "我是孜然的字幕君，来工作啦"}, {"uid": "43211529", "content": "鹿哥鹿哥牛皮"}, {"uid": "37440034", "content": "免去三连"}, {"uid": "402660501", "content": "车车，好快的车车"}, {"uid": "490116917", "content": "在现场！"}, {"uid": "384086903", "content": "鹿哥牛逼刷在公屏上！！"}, {"uid": "384086903", "content": "救你~救你"}, {"uid": "384086903", "content": "我们就差一(亿)点点x3"}, {"uid": "384086903", "content": "我们就差一(亿)点点x2"}, {"uid": "384086903", "content": "我就差一(亿)点点"}, {"uid": "384086903", "content": "不要停下来"}, {"uid": "384086903", "content": "加油"}, {"uid": "384086903", "content": "前面就差一（亿）点"}, {"uid": "384086903", "content": "谁能跑过毒的x2"}, {"uid": "384086903", "content": "谁能跑过毒的"}, {"uid": "384086903", "content": "啊·"}, {"uid": "384086903", "content": "快跑~快跑"}, {"uid": "384086903", "content": "我要死了~"}, {"uid": "384086903", "content": "特别强的枪"}, {"uid": "384086903", "content": "我有把枪"}, {"uid": "384086903", "content": "哦x2"}, {"uid": "384086903", "content": "一会我们就要配合了"}, {"uid": "517559602", "content": "放开，撸蛋会伤蛋"}, {"uid": "384086903", "content": "来了（嘤~つ﹏⊂）"}, {"uid": "311670621", "content": "鹿哥NB"}, {"uid": "384086903", "content": "我......我负责这边的"}, {"uid": "216083815", "content": "虚晃一枪"}, {"uid": "489134381", "content": "《没死》"}, {"uid": "489134381", "content": "你居然带坏小孩子"}, {"uid": "474668157", "content": "求生欲极强"}, {"uid": "384086903", "content": "我是粉色的（猛男色）（つ﹏⊂）"}, {"uid": "495222199", "content": "BGM：Harder，Better，Faster，Stonger（Far Out Remix）"}, {"uid": "384086903", "content": "高延迟，没事（高频战士）"}, {"uid": "23553220", "content": "鹿哥牛皮，混入其中"}, {"uid": "23553220", "content": "？？？？"}, {"uid": "23553220", "content": "一言不合大家好"}, {"uid": "23553220", "content": "莫名宠溺？？？"}, {"uid": "516021497", "content": "鹿哥牛皮"}, {"uid": "252975376", "content": "一年的素材"}, {"uid": "384086903", "content": "你放在那我过不去啊"}, {"uid": "500944209", "content": "开始吟唱"}, {"uid": "430031209", "content": "在现场"}, {"uid": "384086903", "content": "孜然：啊，哎，哎~"}, {"uid": "384086903", "content": "孜然：哇，居然赢了"}, {"uid": "384086903", "content": "咱们给他来点障碍"}, {"uid": "495048790", "content": "电鹿学坏了"}, {"uid": "593716046", "content": "啊，啊不要停下来，啊"}, {"uid": "592512910", "content": "死因：我还活着"}, {"uid": "433625620", "content": "不要停下来啊"}, {"uid": "384086903", "content": "(字幕菌撸猫中.....)"}, {"uid": "384086903", "content": "就........就失败了它"}, {"uid": "498311497", "content": "开始吟唱"}, {"uid": "384086903", "content": "所以说我们必须得在这个道路上布置很多的机关"}, {"uid": "489474002", "content": "停车场反杀龙卷风"}, {"uid": "431652996", "content": "哇！亚黑改舞（粤语）"}, {"uid": "1607807642", "content": "回收开头"}, {"uid": "699689536", "content": "他的名字叫傻狍子"}, {"uid": "666219251", "content": "Ohhhhhhhhhhhhhhhhhhhhhhhhhhhhhhhhhhhhhhhhhhhhhhhhhhhhhhhhhhhhhhhhhhhhhhhhhhhhhhhhhhhhhhhhhhhhh"}, {"uid": "666219251", "content": "啊？啊？啊~啊~"}, {"uid": "398852969", "content": "ohhhhhhhhhhhhhhhhhhhhhhhhhhhhhh"}, {"uid": "379995378", "content": "OHHHHHHHHHHHHHHH"}, {"uid": "315943211", "content": "搞半天就为开个灯塔"}, {"uid": "315943211", "content": "这车那挺快的"}, {"uid": "468083592", "content": " 动物大逃杀，主意，电鹿下载的是完整版。"}, {"uid": "668997060", "content": "停车场反杀龙卷风！"}, {"uid": "668997060", "content": "OHHHHHHHHHHHHHHHHHHHHHHHHHHHHHHHHHHHHHHHH"}, {"uid": "238539365", "content": "Ohhhhhhhhhhhhhhhhhhhhhhhhhhhhhhhhhhhhhhhhhhhhhhhhhh"}, {"uid": "676181495", "content": "危"}, {"uid": "293069595", "content": "孜然是男生吧，小孩子"}, {"uid": "667564154", "content": "BGM:Harder better faster stronger"}, {"uid": "670622179", "content": "鹿哥牛笔"}, {"uid": "670622179", "content": "开始吟唱"}, {"uid": "549962824", "content": "ohhhhhhhhhhh"}, {"uid": "375521884", "content": "鹿哥nb"}, {"uid": "662024764", "content": "鹿哥nb"}, {"uid": "500727279", "content": "妈 没 啦［无端联想左特］"}, {"uid": "479905110", "content": "奇怪的片头增加了"}, {"uid": "34624382", "content": "这个颜色非常符合我鹿哥的气质"}, {"uid": "447672889", "content": "路过牛皮"}, {"uid": "576389044", "content": "超 级 鸡 ba"}, {"uid": "629845218", "content": "握着我的抱枕"}, {"uid": "476555313", "content": "花  里  胡  哨 "}, {"uid": "634984022", "content": "《我好强》"}, {"uid": "497253816", "content": "突然高光"}, {"uid": "521896987", "content": "小白在线教你做人"}, {"uid": "36888444", "content": "Ohhhhhhhhhhhhhh"}, {"uid": "417068691", "content": "突然伪音"}, {"uid": "569493680", "content": "傻狍子瞩目"}, {"uid": "526570897", "content": "声音好有杀伤力"}, {"uid": "430692983", "content": "爪 巴"}, {"uid": "630074689", "content": "小朋友你是否有很多问号"}, {"uid": "571236765", "content": "握着我的抱枕"}, {"uid": "571236765", "content": "握着我的抱枕"}, {"uid": "12308565", "content": "ohhhhhhhhhhhhhhhhh"}, {"uid": "422476384", "content": "鹿哥牛逼"}, {"uid": "520056001", "content": "有的人活着，他已经死了"}, {"uid": "602187779", "content": "纯正的傻狍子往往不需要任何调料 "}, {"uid": "25311154", "content": "哈哈哈"}, {"uid": "291615464", "content": "ohhhhhhhhhhhhhhhhhhhhhh"}, {"uid": "34171068", "content": "你想peach！⬆️"}, {"uid": "545086895", "content": "停车场反杀龙卷风"}, {"uid": "545086895", "content": "犹豫就会败北"}, {"uid": "562254823", "content": "ohhhhh"}, {"uid": "237213163", "content": "ohhhhh"}, {"uid": "537824777", "content": "一招龙卷风摧毁停车场，要我笑个半死。"}, {"uid": "498439884", "content": "鹿哥牛逼"}, {"uid": "608753378", "content": "电鹿：咋没人说话？"}, {"uid": "544403381", "content": "露哥牛皮"}, {"uid": "523405833", "content": "你 马 没 了（狗头）"}, {"uid": "494733309", "content": "什么狼虎之词"}, {"uid": "512321219", "content": "新片头合影"}, {"uid": "479873386", "content": "男人爱   上   男人"}, {"uid": "471260476", "content": "你们抢电鹿吧，我把孜然抱走了～～"}, {"uid": "401762665", "content": "啊老八宵夜啊，老八宵夜"}, {"uid": "513317017", "content": "可以啊！"}, {"uid": "455792574", "content": "握着我的抱枕"}, {"uid": "494776374", "content": "录个牛逼。"}, {"uid": "314017822", "content": "这糟糕的动作啧啧"}, {"uid": "609567813", "content": "开始吟唱"}, {"uid": "472154318", "content": "鹿哥牛逼"}, {"uid": "602022378", "content": "鹿哥牛皮"}, {"uid": "517958462", "content": "CP向？（饥不择食）"}, {"uid": "479011010", "content": "死因：没死"}, {"uid": "375253566", "content": "鹿哥牛批"}, {"uid": "518739618", "content": "出大问题了"}, {"uid": "477697435", "content": "鹿哥牛逼！"}, {"uid": "485913919", "content": "鹿哥牛皮"}, {"uid": "567305263", "content": "真！绞肉鸡(机)"}, {"uid": "543912041", "content": "停车场反杀龙卷风"}, {"uid": "478335134", "content": "不要停下来啊"}, {"uid": "358043599", "content": "ohhhhhhhhhhhhhhhhhhhhhhhhhhhhhhhhhhhhhhhhhhhhhhhhhhhhhhhhhhh"}, {"uid": "382788129", "content": "老婆牛逼"}, {"uid": "509580115", "content": "全村希望"}, {"uid": "597685588", "content": "停车场反杀龙卷风"}, {"uid": "609080626", "content": "明示不要三连{狗头}"}, {"uid": "23240865", "content": "新片头合影~"}, {"uid": "445006704", "content": "鹿哥牛皮"}, {"uid": "400759933", "content": "ohhhhhhhhhhhhhhh"}, {"uid": "599926622", "content": "原力打击"}, {"uid": "494823957", "content": "合影"}, {"uid": "457618813", "content": "哇哇哇，新片頭！"}, {"uid": "445006704", "content": "梅开二度，爱了"}, {"uid": "501537042", "content": "鹿哥nb"}, {"uid": "424145149", "content": "好可爱哈哈哈哈"}, {"uid": "384086903", "content": "（miss）*5"}, {"uid": "384086903", "content": "（miss）*1"}, {"uid": "384086903", "content": "孜然：我会掉下去的"}, {"uid": "384086903", "content": "孜然：吸收天地之精华（梅开二度）"}, {"uid": "384086903", "content": "孜然：哎呀"}, {"uid": "384086903", "content": "孜然：加油"}, {"uid": "346979148", "content": "哇哇哇哇"}, {"uid": "384086903", "content": "孜然：呃啊"}, {"uid": "509804968", "content": "第三只脚doge"}, {"uid": "509804968", "content": "ID瞩目"}, {"uid": "346979148", "content": "他在下边"}, {"uid": "479508690", "content": "你是男鹿"}, {"uid": "30217701", "content": "鹿哥牛皮"}, {"uid": "454037250", "content": "嗷呜"}, {"uid": "384086903", "content": "byby"}, {"uid": "527141142", "content": "开颅手术"}, {"uid": "384086903", "content": "嘿 嘿~"}, {"uid": "384086903", "content": "别.......别打我"}, {"uid": "454975143", "content": "QAQ画质感人"}, {"uid": "384086903", "content": "虽然狙伤害"}, {"uid": "384086903", "content": "哼   （嘤嘤嘤）"}, {"uid": "384086903", "content": "看好我能过去"}, {"uid": "384086903", "content": "的就是搞的是配合"}, {"uid": "509390059", "content": "友进小游戏"}, {"uid": "489134381", "content": "？？？？"}, {"uid": "384086903", "content": "哎~你去吃那边"}, {"uid": "454533325", "content": "开始吟唱"}, {"uid": "313574250", "content": "ohhhhhhhhhhhhhhhhhh"}, {"uid": "578701269", "content": "鹿哥nb"}, {"uid": "516276553", "content": "啊哈"}, {"uid": "384086903", "content": "孜然变成烤鸡了"}, {"uid": "33107492", "content": "回收开头"}, {"uid": "403305004", "content": "鹿哥牛皮"}, {"uid": "593716046", "content": "鹿哥牛皮"}, {"uid": "384086903", "content": "它可以骑墙就能赢"}, {"uid": "384086903", "content": "但是我们不能让其他人拿到这个小旗子"}, {"uid": "583765084", "content": "开始吟唱"}, {"uid": "608840515", "content": "鹿哥好可爱"}, {"uid": "384086903", "content": "对....竞技的游戏"}, {"uid": "384086903", "content": "我们这个游戏叫做超级鸡马"}, {"uid": "523934705", "content": "哈哈哈"}, {"uid": "583765084", "content": "哈哈哈哈哈哈哈"}, {"uid": "1714958568", "content": "ohhhhhhhhhhhhhhhhhhhhhhhhhhhhhhhhhhhhhhhhhhhhhhhhhhhhhhhhhhhhhhhhhhhhhhhhhhhhhhhhhhhhhhhhhhhhhhhhhhh"}, {"uid": "1383379386", "content": "孜然   卒"}, {"uid": "1455519249", "content": "鹿姐牛逼"}, {"uid": "1272918953", "content": "真白给将军 "}, {"uid": "1962040067", "content": "鹿哥牛批"}, {"uid": "1205855895", "content": "溜逼"}, {"uid": "1205855895", "content": "孜然好吃吗？"}, {"uid": "627057885", "content": "我是不是变色了"}, {"uid": "123041350", "content": "ohhhhhhhhhhhhhhhhhhhhhhhhhhhhhhhhhhhhhhhhhhhhhhhhhhhhhhhhhhhhhhhhhhhhhhhhhhhhhhhhhhhhhhhhhhhhhhhhhhh"}, {"uid": "379995378", "content": "鹿哥牛逼"}, {"uid": "343176884", "content": "天国的毒镖枪"}, {"uid": "520119616", "content": "小问号你是否有很多朋友？"}, {"uid": "668997060", "content": "ohhhhhhhhhhhhhhhhhhhhhhhhhhhh"}, {"uid": "426968755", "content": "ohhhhhhhhhhhhhhhhh"}, {"uid": "693714500", "content": "握着我的抱枕"}, {"uid": "676181495", "content": "危"}, {"uid": "513663474", "content": "鹿哥牛皮"}, {"uid": "646413441", "content": "creeper？"}, {"uid": "662024764", "content": "ohhhhhhhhhhhhhhh"}, {"uid": "354622908", "content": "请出示你的驾照，谢谢。"}, {"uid": "649886363", "content": "什么游戏"}, {"uid": "649886363", "content": "什么游戏"}, {"uid": "114378608", "content": "啊这"}, {"uid": "475798384", "content": "鹿哥牛逼"}, {"uid": "644100644", "content": "啊这"}, {"uid": "399888969", "content": "鹿哥牛皮"}, {"uid": "644252029", "content": "鸡马派对和生肖派对有啥区别？"}, {"uid": "594578031", "content": "停车场反杀龙卷风"}, {"uid": "646120671", "content": "合影"}, {"uid": "92096935", "content": "鹿哥牛逼"}, {"uid": "598459648", "content": "像生肖派对"}, {"uid": "470645753", "content": "ohhhhhhhhhhhhhhhhhhhhhhhhh"}, {"uid": "526570897", "content": "我能坚持一小时。"}, {"uid": "627092949", "content": "マシンガン"}, {"uid": "397719351", "content": "ohhhhhhhhhhhhhhh"}, {"uid": "532299069", "content": "OHHHHHHHHHHHHH"}, {"uid": "571236765", "content": "握着我的抱枕"}, {"uid": "571236765", "content": "握着我的抱枕"}, {"uid": "571236765", "content": "握着我的抱枕"}, {"uid": "32733181", "content": "鹿哥牛皮"}, {"uid": "451764193", "content": "热乎的可带劲了"}, {"uid": "631133909", "content": "ohhhhhhhhhhhhh"}, {"uid": "202228003", "content": "他很坑爹，小心，那只马。"}, {"uid": "98369595", "content": "鹿哥牛逼"}, {"uid": "505726053", "content": "ohhhhhhhhhh"}, {"uid": "440424961", "content": "最后的骑士电路"}, {"uid": "499926677", "content": "开始吟唱"}, {"uid": "562254823", "content": "鹿哥NB！！！！"}, {"uid": "543763418", "content": "有个小程序叫生肖派对......,和这个一样，就是画质不大一样"}, {"uid": "498737251", "content": "你再骂！"}, {"uid": "470983805", "content": "混入其中"}, {"uid": "526805014", "content": "把龙卷风摧毁停车场打在公屏上"}, {"uid": "525476281", "content": "死了啦"}, {"uid": "455792574", "content": "鬼买馍"}, {"uid": "440546015", "content": "鹿哥牛皮"}, {"uid": "616951451", "content": "孜然"}, {"uid": "29716231", "content": "合影"}, {"uid": "499551430", "content": "马——了——顶——大"}, {"uid": "609177722", "content": "握着我的抱枕"}, {"uid": "470106812", "content": "鹿哥牛逼"}, {"uid": "496213624", "content": "鹿哥牛皮"}, {"uid": "484532089", "content": "Ohhhhhhh'hhhhhhhhhhhhhh"}, {"uid": "401114549", "content": "鹿哥NB！"}, {"uid": "604497736", "content": "危"}, {"uid": "518157727", "content": "孜然烤鹿肉"}, {"uid": "260382782", "content": "好活"}, {"uid": "405099741", "content": "鹿哥牛皮"}, {"uid": "477697435", "content": "ohhhhhhhhhhhhhhhhhhhhhhhhhhhhhhhhhhhhhhhhhhhhh"}, {"uid": "520513407", "content": "2杀"}, {"uid": "507333004", "content": "在现场"}, {"uid": "491903988", "content": "混入其中"}, {"uid": "443342532", "content": "热的"}, {"uid": "543858401", "content": "我的抱枕被谁错拿了？"}, {"uid": "326480830", "content": "在现场"}, {"uid": "488781848", "content": "大难不死，必有补刀"}, {"uid": "535128802", "content": "ohhhhhhhhhhhhhhhhhhhhhhhhhhhhhhhhhhhhh"}, {"uid": "489694430", "content": "字幕君真棒！"}, {"uid": "489694430", "content": "字幕君辛苦啦，给加鸡腿"}, {"uid": "592460729", "content": "开始"}, {"uid": "357653537", "content": "在现场"}, {"uid": "26659255", "content": "哦嚯嚯"}, {"uid": "498427371", "content": "形容一下你们手中的翔"}, {"uid": "384086903", "content": "（miss）*2"}, {"uid": "384086903", "content": "孜然：脚三"}, {"uid": "384086903", "content": "孜然：你要"}, {"uid": "384086903", "content": "孜然：可以可以"}, {"uid": "346979148", "content": "唉来第三只脚"}, {"uid": "384086903", "content": "孜然：哎，可以"}, {"uid": "384086903", "content": "孜然：啊"}, {"uid": "384086903", "content": "孜然：我好菜"}, {"uid": "384086903", "content": "孜然：哇"}, {"uid": "384086903", "content": "孜然：鹿加油"}, {"uid": "346979148", "content": "你（听不清）"}, {"uid": "544325710", "content": "ohhhhhhhhhhhhhhhhhhhhhhhhhhhhhhhhhhhhhhhhhh"}, {"uid": "346979148", "content": "骑墙"}, {"uid": "499828338", "content": "怎么突然就开起车了？"}, {"uid": "346979148", "content": "加油"}, {"uid": "384086903", "content": "可以布置障碍"}, {"uid": "403970381", "content": "突然发现帽子的颜色..."}, {"uid": "384086903", "content": "跟大家byby"}, {"uid": "384086903", "content": "身为骑士的......."}, {"uid": "384086903", "content": "帅气吧  （电路最帅！！！）"}, {"uid": "384086903", "content": "呃~"}, {"uid": "384086903", "content": "虽然这个还没考验我们配合"}, {"uid": "384086903", "content": "没错"}, {"uid": "384086903", "content": "这什么呀x2（危）"}, {"uid": "384086903", "content": "转~转~转"}, {"uid": "298548867", "content": "游戏名：AN1MAL  ROYALE"}, {"uid": "518204235", "content": "危"}, {"uid": "384086903", "content": "这游戏还很好玩"}, {"uid": "384086903", "content": "我来踩第三只脚"}, {"uid": "384086903", "content": "我没有这个技巧（梅开二度）"}, {"uid": "384086903", "content": "哎~你去吃那边"}, {"uid": "489134381", "content": "？？？？？？？"}, {"uid": "484474707", "content": "巜我还活着》"}, {"uid": "411586564", "content": "。。。。。。"}, {"uid": "384086903", "content": "大家好，我是粉色的"}, {"uid": "526817000", "content": "鹿哥牛皮"}, {"uid": "430049089", "content": "死亡原因：没死"}, {"uid": "430049089", "content": "死亡原因：没死"}, {"uid": "252975376", "content": "ohhhhhh"}, {"uid": "384086903", "content": "看看，我放哪"}, {"uid": "546698232", "content": "投币了"}, {"uid": "384086903", "content": "我它现在平分x2"}, {"uid": "384086903", "content": "啊~(我的耳朵QAQ)"}, {"uid": "582121124", "content": "ohhhhhhhhhhhh"}, {"uid": "384086903", "content": "孜然加油啊孜然"}, {"uid": "500944209", "content": "鹿哥nb"}, {"uid": "520644298", "content": "ohhhhhhhhhhhhhh"}, {"uid": "384086903", "content": "孜然：啊"}, {"uid": "384086903", "content": "就没有人能跳过来了"}, {"uid": "592512910", "content": "ohhhhhhhhhhhhhhhhhhhhhh"}, {"uid": "409731781", "content": "热乎的"}, {"uid": "320875692", "content": "鹿哥np"}, {"uid": "384086903", "content": "孜然：冲啊"}, {"uid": "384086903", "content": "你看"}, {"uid": "384086903", "content": "布置这些东西然后去拿到这个小旗子"}, {"uid": "353412957", "content": "我还是白色的吧"}, {"uid": "38222223", "content": "可可爱爱"}, {"uid": "1610690356", "content": "ohhhhhhhhhhhhhhhhhhhhhhhhhhhhhhhhhhhhhhhhhhhhhhhhhhhhhhhhhhhhhhhhhhhhhhhhhhhhhhhhhhhhhh"}, {"uid": "500052963", "content": "oohohooohh"}, {"uid": "517333165", "content": "ohhhhhhhhhhhhhhhhhhhhhhhhhhhhhhhhhhhhhhhhhhhhhhhhhhhhhhhh"}, {"uid": "1205855895", "content": "鹿哥牛皮。"}, {"uid": "1700344881", "content": "Ohhhhhhhhhhhhhhhhhhhhhhhhhhhhhhhhhhhhhhhhhhhhhhhhhhhhhhhhhhhhhhhhhhhhhhhhhhhhhhhhhhhhhhhhhhhhhhhhhh"}, {"uid": "627057885", "content": "牛哥牛壁"}, {"uid": "487062542", "content": "祭"}, {"uid": "489366703", "content": "鹿哥NB"}, {"uid": "628250429", "content": "鹿哥牛逼"}, {"uid": "668997060", "content": "鹿哥牛皮"}, {"uid": "435484988", "content": "懂的都懂"}, {"uid": "676181495", "content": "危"}, {"uid": "444427851", "content": "偷偷承包电鹿"}, {"uid": "518452378", "content": "小天 "}, {"uid": "421651460", "content": "ohhhhhhhhhhhhhhhhhhhhhhh"}, {"uid": "666877367", "content": "天骑泪目"}, {"uid": "434121283", "content": "ohhhhhhhhhhhhhhhhhhhhhhhhhhhhhhhhhhhhhhhhhhhhhhhhhhhhhhhhhhhhhhhh"}, {"uid": "518800256", "content": "ohhhhhhh"}, {"uid": "418769483", "content": "生肖派对，就是跟他改的"}, {"uid": "508352124", "content": "为什么不捏耳朵"}, {"uid": "504004179", "content": "停车场极限反杀龙卷风"}, {"uid": "660428733", "content": "电鹿好宠孜然啊"}, {"uid": "510640358", "content": "希望之FA"}, {"uid": "510640358", "content": "希望之FA"}, {"uid": "510640358", "content": "？？？？？？？？？？？？？"}, {"uid": "629845218", "content": "握着我的抱枕"}, {"uid": "629845218", "content": "握着我的抱枕"}, {"uid": "629845218", "content": "握着我的抱枕"}, {"uid": "629845218", "content": "握着我的抱枕"}, {"uid": "628227974", "content": "ohhhhhhhhhhhhhhhhhhhhhhhhhhhhhhhhhhhhh"}, {"uid": "312019389", "content": "鹿哥牛逼"}, {"uid": "375471191", "content": "宝贝牛逼"}, {"uid": "526340380", "content": "孜然变孜然粉了"}, {"uid": "645707473", "content": "？？？？？？？？？？？？？？"}, {"uid": "616573893", "content": "这是什么游戏"}, {"uid": "470645753", "content": "？？？"}, {"uid": "516302818", "content": "Ohhhhhhhhhhhhhhhhhh"}, {"uid": "616714858", "content": "ohhhhhhhhhhhhhhhhhh"}, {"uid": "628659135", "content": "很像生肖派对"}, {"uid": "396813044", "content": "；小白出场，寸草不生"}, {"uid": "545385685", "content": "一"}, {"uid": "490897943", "content": "鹿哥牛皮"}, {"uid": "535040044", "content": "鹿哥牛皮"}, {"uid": "432513932", "content": "鹿哥牛逼！"}, {"uid": "537824777", "content": "大难不死，必有补刀。"}, {"uid": "554001051", "content": "啊♂？"}, {"uid": "498737251", "content": "危"}, {"uid": "498737251", "content": "苦力怕的脸唉"}, {"uid": "600375915", "content": "小白在线教你做人"}, {"uid": "400902116", "content": "啊♂啊♂啊♂啊♂啊"}, {"uid": "447374052", "content": "an1mal royale"}, {"uid": "601702098", "content": "帽子颜色不错"}, {"uid": "502161315", "content": "开始吟唱"}, {"uid": "441099482", "content": "降维打击"}, {"uid": "471329863", "content": "孜然牛皮"}, {"uid": "500090915", "content": "ohhhhhhhhhhhhhh"}, {"uid": "183860234", "content": "死了*2"}, {"uid": "484303573", "content": "我是啥颜色？（滑稽）"}, {"uid": "493916331", "content": "你们怎么都自动变色了。"}, {"uid": "618137051", "content": "蹭墙上位"}, {"uid": "621155542", "content": "鹿哥牛皮"}, {"uid": "398667019", "content": "这游戏出了几年了"}, {"uid": "473074554", "content": "我知道电鹿快"}, {"uid": "473074554", "content": "搞配合"}, {"uid": "516051291", "content": "鹿哥牛皮"}, {"uid": "484532089", "content": "路哥流批"}, {"uid": "604497736", "content": "开始吟唱"}, {"uid": "478637711", "content": "马鹿野郎（八嘎牙路）"}, {"uid": "260382782", "content": "摸着我的抱枕"}, {"uid": "507366674", "content": "鹿哥牛逼！"}, {"uid": "480583264", "content": "当头一据"}, {"uid": "366420111", "content": "鹿哥np"}, {"uid": "440730794", "content": "ohhhhhhhhhhhhhhhhhhhhhhhhhhhhhhhhhhh"}, {"uid": "388142903", "content": "ohhhhhhhhhhhhhhh"}, {"uid": "494573032", "content": "回收片头。"}, {"uid": "425337358", "content": "原力打鸡"}, {"uid": "452273213", "content": "前方核能"}, {"uid": "489694430", "content": "还有rua吗？"}, {"uid": "489694430", "content": "期待下期"}, {"uid": "495711996", "content": "暗示不要三连"}, {"uid": "526850898", "content": "字幕组辛苦了"}, {"uid": "529074639", "content": "合影"}, {"uid": "470030313", "content": "热乎"}, {"uid": "87189879", "content": "哈哈哈哈哈哈哈哈哈哈哈哈"}, {"uid": "526850898", "content": "开始下饭"}, {"uid": "413355884", "content": "鹿哥牛皮"}, {"uid": "399642835", "content": "超级马鸡"}, {"uid": "545870697", "content": "ohhhhhhhhhhhhhhhhhhhhhh"}, {"uid": "546025718", "content": "ohhhhhhhhhhhhhh"}, {"uid": "400355603", "content": "要叫迅猛"}, {"uid": "440768498", "content": "热乎"}, {"uid": "346979148", "content": "你先跟他打"}, {"uid": "384086903", "content": "孜然： 哎"}, {"uid": "346979148", "content": "这是存档点"}, {"uid": "346979148", "content": "三只脚"}, {"uid": "384086903", "content": "孜然：可以"}, {"uid": "346979148", "content": "这种转他是有技巧的"}, {"uid": "346979148", "content": "龙卷风摧毁停车场"}, {"uid": "346979148", "content": "可以哇"}, {"uid": "346979148", "content": "加油啊"}, {"uid": "346979148", "content": "唉我唉"}, {"uid": "549133008", "content": "停车场反杀龙卷风。"}, {"uid": "384086903", "content": "爱了吧？"}, {"uid": "384086903", "content": "哦耶~"}, {"uid": "384086903", "content": "嘿~"}, {"uid": "384086903", "content": "哦~"}, {"uid": "506617316", "content": "热乎"}, {"uid": "384086903", "content": "那我慢好了(FBL open the door)"}, {"uid": "348820343", "content": "视野设计的不错"}, {"uid": "384086903", "content": "耶~"}, {"uid": "298548867", "content": "游戏名：AN1MAL  ROYALE"}, {"uid": "518204235", "content": "？？？？？？？？"}, {"uid": "384086903", "content": "你需要三只脚"}, {"uid": "384086903", "content": "走起来（没听请）"}, {"uid": "489694430", "content": "孜然烤鹿肉，好吃啊"}, {"uid": "384086903", "content": "就往前迈一步，迈一步，迈一步"}, {"uid": "526817000", "content": "鹿哥牛皮"}, {"uid": "179347648", "content": "下次一定"}, {"uid": "526817000", "content": "Ohhhhhhhhhhhhhhhhhhh"}, {"uid": "526817000", "content": "Ohhhhhhhhhh"}, {"uid": "23553220", "content": "ohhhhhhhhhhhhhhhh"}, {"uid": "251357248", "content": "？？？？？？？！"}, {"uid": "384086903", "content": "你是超级浣熊"}, {"uid": "312805170", "content": "哈哈哈哈哈哈哈"}, {"uid": "384086903", "content": "啊~（别叫了我快被你吓死了QAQ）"}, {"uid": "384086903", "content": "我还活着~~"}, {"uid": "501467145", "content": "鹿哥牛皮"}, {"uid": "384086903", "content": "你被抓住了"}, {"uid": "27243241", "content": "起因：吸收天地之精华"}, {"uid": "384086903", "content": "放在..........."}, {"uid": "483459533", "content": "热乎热乎"}, {"uid": "505009879", "content": "烫死了"}, {"uid": "508700199", "content": "堵口"}, {"uid": "353412957", "content": "新片头合影！"}, {"uid": "527418969", "content": "？？！！"}, {"uid": "38645086", "content": "超强开头！"}, {"uid": "664700000", "content": "危！"}, {"uid": "1032341799", "content": "路哥牛壁"}, {"uid": "1205855895", "content": "我要变小。"}, {"uid": "699689536", "content": "这现象已经占满满个屏幕了"}, {"uid": "701900311", "content": "鹿哥牛皮"}, {"uid": "687733216", "content": "你是沙雕浣熊"}, {"uid": "283702821", "content": "鹿哥牛逼"}, {"uid": "68155206", "content": "hhhhh"}, {"uid": "487062542", "content": "祭"}, {"uid": "413029197", "content": "？？？？？？？"}, {"uid": "349540792", "content": "如果是我的话，它动也动不了"}, {"uid": "623614412", "content": "下饭的king"}, {"uid": "523194007", "content": "前方电路开秀！"}, {"uid": "701883527", "content": "鹿哥牛逼"}, {"uid": "695701650", "content": "鹿哥牛皮"}, {"uid": "676181495", "content": "ohhhhhhhhhhhhhhhhhhhhhh"}, {"uid": "468083592", "content": "鹿哥牛逼牛逼！！！！"}, {"uid": "555045365", "content": "抱枕。"}, {"uid": "670961475", "content": "笑了"}, {"uid": "425543475", "content": "ohhhhhhhhhhhhhhhhhh"}, {"uid": "625287650", "content": "？？？？？？？？？？？？"}, {"uid": "549749988", "content": "大家把公屏刷在鹿哥牛批。"}, {"uid": "660428733", "content": "停车场反杀龙卷风"}, {"uid": "660428733", "content": "合影"}, {"uid": "649187946", "content": "？？？？？？？？？？？？"}, {"uid": "651292912", "content": "你以为我会乖乖承受吗"}, {"uid": "510640358", "content": "紫气东来"}, {"uid": "40049484", "content": "好宠"}, {"uid": "629845218", "content": "握着我的抱枕"}, {"uid": "629845218", "content": "握着我的抱枕"}, {"uid": "629845218", "content": "握着我的抱枕"}, {"uid": "629845218", "content": "握着我的抱枕"}, {"uid": "629845218", "content": "握着我的抱枕"}, {"uid": "484716958", "content": "没有武器"}, {"uid": "481714873", "content": "超级鸡马！"}, {"uid": "627297896", "content": "安黛因摧毁停车场[柴犬]"}, {"uid": "400660064", "content": "鹿哥牛皮"}, {"uid": "417068691", "content": "少年音沙我！！！两个都抱走啦！"}, {"uid": "39554240", "content": "我看见鼠标了"}, {"uid": "130873682", "content": "ohhhhhhhhhh"}, {"uid": "631706103", "content": "鹿哥nb"}, {"uid": "395683178", "content": "有些人活着，他已经死了。"}, {"uid": "475542066", "content": "？"}, {"uid": "30945563", "content": "只只大冒险"}, {"uid": "495109172", "content": "ohhhhhhhhhhhhhhhhhhhhhhhhhhhhh"}, {"uid": "545086895", "content": "ohhhyhhhhhhhhhhhhhhhhhhhhhhhhhhhhhhhhhhhhhyhh"}, {"uid": "43514305", "content": "手机玩还是电脑玩的"}, {"uid": "628710652", "content": "下次一定"}, {"uid": "499926677", "content": "鹿哥牛皮"}, {"uid": "619242629", "content": "小白教你做人。"}, {"uid": "480191287", "content": "平移"}, {"uid": "486299487", "content": "ohhhhhhhhhhhhhhhhhhhhhhhhhhhhhhhhhhhhhhhhhhhhhhhhhhhhhhhhhhhhhh"}, {"uid": "34841292", "content": "ohhhhhhhhhh"}, {"uid": "279021511", "content": "雄鹿"}, {"uid": "401762665", "content": "只要到达那个地方，只要到达那个地方"}, {"uid": "592267115", "content": "鹿哥牛皮"}, {"uid": "587409670", "content": "小白教你如何做人"}, {"uid": "496164149", "content": "龙卷风摧毁停车场。"}, {"uid": "399825023", "content": "回收开头"}, {"uid": "478902721", "content": "ohhhhhhhhhhhhhhhhhhhhhhhh"}, {"uid": "546966523", "content": "富哥牛皮"}, {"uid": "435991048", "content": "∠2和∠1"}, {"uid": "409657384", "content": "马鹿"}, {"uid": "609177722", "content": "鹿哥牛皮"}, {"uid": "396249230", "content": "鹿哥牛逼！"}, {"uid": "502485030", "content": "你马怎么死了（doge）"}, {"uid": "405099741", "content": "ohhhhhhhhhhhhhhhhhh"}, {"uid": "430073616", "content": "可以的片头"}, {"uid": "525081251", "content": "小孩儿的声音是鹿野。"}, {"uid": "382788129", "content": "老婆好可爱"}, {"uid": "526759649", "content": "ohhhhhhhhhhhhhhhhhhhhhhhhhhhhhhhhhhh"}, {"uid": "573158168", "content": "陆哥牛逼。"}, {"uid": "505535411", "content": "合影！"}, {"uid": "27147486", "content": "ohhhhhhh"}, {"uid": "535128802", "content": "ID瞩目"}, {"uid": "481175585", "content": "提升攻击"}, {"uid": "397792479", "content": "片头"}, {"uid": "526850898", "content": "喜欢新片头"}, {"uid": "50329770", "content": "指马为鹿"}, {"uid": "522491890", "content": "鹿哥牛逼"}, {"uid": "570136202", "content": "字幕君辛苦了"}, {"uid": "424145149", "content": "哦哦哦哦哦"}, {"uid": "384086903", "content": "（miss）*4"}, {"uid": "384086903", "content": "（miss）*3"}, {"uid": "346979148", "content": "吸收天地之精华"}, {"uid": "346979148", "content": "哇"}, {"uid": "346979148", "content": "鹿加油"}, {"uid": "346979148", "content": "可以可以哇哇我爱了爱了"}, {"uid": "346979148", "content": "下边还有一个"}, {"uid": "346979148", "content": "就是快一点"}, {"uid": "507850540", "content": "媳妇牛逼"}, {"uid": "413312967", "content": "傻狍子"}, {"uid": "520835164", "content": "帽子不错"}, {"uid": "413312967", "content": "傻狍子"}, {"uid": "524729654", "content": "我 马 死 了"}, {"uid": "384086903", "content": "没事把它球打爆就行了"}, {"uid": "384086903", "content": "这就是我"}, {"uid": "384086903", "content": "不要"}, {"uid": "384086903", "content": "呃~"}, {"uid": "384086903", "content": "救命"}, {"uid": "438782855", "content": "来啦来啦"}, {"uid": "384086903", "content": "呃x2"}, {"uid": "384086903", "content": "毒来了"}, {"uid": "384086903", "content": "这什么呀（危）"}, {"uid": "384086903", "content": "我有第三只脚"}, {"uid": "384086903", "content": "你以为你会跳街舞"}, {"uid": "543806196", "content": "热乎的"}, {"uid": "384086903", "content": "你怎么掉下去了x2"}, {"uid": "384086903", "content": "走走走小短腿"}, {"uid": "609516790", "content": "哈哈哈哈，真可爱"}, {"uid": "489694430", "content": "电鹿NB"}, {"uid": "499451151", "content": "lknb"}, {"uid": "384086903", "content": "哎~，小短腿"}, {"uid": "486962750", "content": "？？？？你们在说什么？"}, {"uid": "384086903", "content": "我们只用鼠标（没听清，应该是）"}, {"uid": "489694430", "content": "新片头赞一个"}, {"uid": "23553220", "content": "有"}, {"uid": "384086903", "content": "嘿~"}, {"uid": "384086903", "content": "加油加油~"}, {"uid": "496681972", "content": "鹿姐nb！！！！"}, {"uid": "496681972", "content": "鹿姐nb！！！"}, {"uid": "472248257", "content": "?"}, {"uid": "384086903", "content": "我要赢了"}, {"uid": "27243241", "content": "Ohhhhhhhhh"}, {"uid": "422682929", "content": "来了来了"}, {"uid": "593716046", "content": "鹿哥好帅！！"}, {"uid": "524679404", "content": "热热乎乎的。"}, {"uid": "500422980", "content": "ohhhhhh"}, {"uid": "593716046", "content": "新片头？"}, {"uid": "442475052", "content": "来了"}, {"uid": "1610690356", "content": "我"}, {"uid": "1850297632", "content": "勇敢电鹿，不怕孜然"}, {"uid": "664700000", "content": "ohohohohohoh"}, {"uid": "362146295", "content": "玩这个游戏我都是一把喷子，搭配一把步枪，喷子近战神器，直接秒杀，可是他有加特林，那就打不过"}, {"uid": "511862651", "content": "?????????????"}, {"uid": "605083947", "content": "堵门才是最快乐"}, {"uid": "605083947", "content": "想起超级鸡马就让我想起了小白"}, {"uid": "597130520", "content": "牛逼太牛逼"}, {"uid": "1631599901", "content": "口号组准备"}, {"uid": "1090049119", "content": "那个图案是苦力怕吗"}, {"uid": "1698867628", "content": "ohhhhhhhhhhhhhhhhhhhhhhhhhhhhhhhhhhhhhhhhhhhhhhhhhhhhhh"}, {"uid": "607511376", "content": "我还是干净的吗？"}, {"uid": "433830695", "content": "鹿哥牛皮"}, {"uid": "662392505", "content": "小白游戏指南"}, {"uid": "567646854", "content": "鹿哥牛皮"}, {"uid": "448123656", "content": "玩过"}, {"uid": "646913209", "content": "，"}, {"uid": "434112498", "content": "看把孩子逼的"}, {"uid": "302216099", "content": "三————联"}, {"uid": "262936576", "content": "ohhhhhhhhhhhhhhhhhhhhhhhhhhhhhhhhhhhhhhhhhhhhhhhhhhhhhhhhhhhhhhhhhhhhhhhhhhhhhhhhhhhhhhhhhhhhhhhhhhh"}, {"uid": "416248424", "content": "OHHHHHHHHHHHHHH"}, {"uid": "652203497", "content": "OHHHHHHHHHHHHHHHHHHHHHHHHHH"}, {"uid": "514103703", "content": "这土路都······好吧开的越野"}, {"uid": "527755763", "content": "ohhhhhhhhhhhhh"}, {"uid": "649997821", "content": "不要停下来？"}, {"uid": "627546865", "content": "ohhhhhhhhhhhhhhhhh"}, {"uid": "599140803", "content": "ohhhhhhhhhhhh"}, {"uid": "649886363", "content": "什么游戏"}, {"uid": "500727279", "content": "旋风冲锋龙卷风!!"}, {"uid": "586705710", "content": "鹿哥nb"}, {"uid": "506352205", "content": "这！就是街舞"}, {"uid": "631600119", "content": "ohhhhhhhhh"}, {"uid": "499889302", "content": "前面的把孜然放下！"}, {"uid": "629845218", "content": "握着我的抱枕"}, {"uid": "629845218", "content": "握着我的抱枕"}, {"uid": "628710652", "content": "下次一定"}, {"uid": "628227974", "content": "录个牛皮"}, {"uid": "628227974", "content": "《没死》"}, {"uid": "638716292", "content": "？"}, {"uid": "526340380", "content": "天琪：阿巴阿巴阿巴"}, {"uid": "644249580", "content": "下次一定"}, {"uid": "598707955", "content": "？车车？"}, {"uid": "36356612", "content": "这里的bgm是什么"}, {"uid": "516780379", "content": "66666666"}, {"uid": "616628668", "content": "小本也玩过。当时他用的也是马"}, {"uid": "526570897", "content": "我刚入坑的哈。"}, {"uid": "266683970", "content": "我要吃电鹿火锅"}, {"uid": "532534230", "content": "第三只脚"}, {"uid": "572481273", "content": "握着我的抱枕"}, {"uid": "451764193", "content": "死了"}, {"uid": "447698503", "content": "最后的电鹿"}, {"uid": "538185606", "content": "ohhhhhhhhh"}, {"uid": "440306099", "content": "鹿姐牛逼！！！"}, {"uid": "390469511", "content": "我d"}, {"uid": "594350121", "content": "梅开二度"}, {"uid": "484028790", "content": "ohhhhhhhhhhhh"}, {"uid": "617748083", "content": "0H0H0H0H"}, {"uid": "493326513", "content": "鹿哥牛批"}, {"uid": "493326513", "content": "ohhhhhhhhhhhh"}, {"uid": "392866466", "content": "Ohhhhhhhhhhhhhhhhhhh"}, {"uid": "560750971", "content": "ohhhhhhhhhhhhhhhhhhhhhh"}, {"uid": "596061684", "content": "电路块????"}, {"uid": "498737251", "content": "ohhhhhhhhhhhhhh"}, {"uid": "498737251", "content": "hhhhhh"}, {"uid": "470983805", "content": "混入其中"}, {"uid": "492716320", "content": "ohhhhhhhhhhhhhhhhhhhhhhhhhhhhhhhhhhhhhhhhhhhhhhhhhhhhhhhhhhhhhhhhhhhhhhhhhhhhhhhhhhhhhhhhhhhhhhhhhhh"}, {"uid": "279021511", "content": "圈上"}, {"uid": "618247958", "content": "ohhhhhhhhhhhhhhhhh！！！！！！！！！！！！！"}, {"uid": "383987247", "content": "？？？"}, {"uid": "485906288", "content": "合影"}, {"uid": "183860234", "content": "死了"}, {"uid": "421959381", "content": "鹿哥牛逼"}, {"uid": "589329036", "content": "偷偷把电鹿抱走"}, {"uid": "509534634", "content": "然后就往前迈一步迈一步迈一步"}, {"uid": "399825023", "content": "鹿哥牛皮"}, {"uid": "36998754", "content": "六哥牛逼"}, {"uid": "526945475", "content": "现在比赛状况是……马没了"}, {"uid": "513868107", "content": "真希望我是个女的这样我就能曲鹿哥了"}, {"uid": "525974487", "content": "ohhhhhhhhhhhhhhhhhhhhhhhhhhhhhhhhhhhhhhhhhhhhhhhhhhhhhhhhhhhhhh"}, {"uid": "444339381", "content": "鹿哥牛皮"}, {"uid": "347738752", "content": "可爱"}, {"uid": "493650340", "content": "生肖派对玩家无所畏惧"}, {"uid": "604497736", "content": "危"}, {"uid": "604497736", "content": "危"}, {"uid": "604497736", "content": "危"}, {"uid": "403251425", "content": "你在想屁吃↑"}, {"uid": "185397121", "content": "ohhhhhhhhhhhhhhhhhhhhhhhhhhhhhhhhhhh"}, {"uid": "84277831", "content": "6666"}, {"uid": "494573032", "content": "OHHHHHHHHH"}, {"uid": "513647843", "content": "？？？？？？？？？？？？"}, {"uid": "489694430", "content": "太欢乐了"}, {"uid": "536475065", "content": "新开头合影"}, {"uid": "493329857", "content": "？"}, {"uid": "400759933", "content": "鹿哥牛逼！！！"}, {"uid": "531429580", "content": "非常感谢红色字幕菌~~~"}, {"uid": "531429580", "content": "h'h'h'h'h'h'h'h'h'h'h'h'h'h"}, {"uid": "441081894", "content": "合影留恋~"}, {"uid": "509972579", "content": "在现场"}, {"uid": "454641637", "content": "只只大冒险！"}, {"uid": "384086903", "content": "孜然：wc"}, {"uid": "384086903", "content": "孜然：耶"}, {"uid": "384086903", "content": "孜然：好"}, {"uid": "346979148", "content": "我可以一天了"}, {"uid": "346979148", "content": "牛！"}, {"uid": "346979148", "content": "哇靠"}, {"uid": "346979148", "content": "哇电鹿"}, {"uid": "346979148", "content": "哇"}, {"uid": "452516426", "content": "啊这"}, {"uid": "413312967", "content": "wow"}, {"uid": "384086903", "content": "孜然......"}, {"uid": "384086903", "content": "又一个"}, {"uid": "384086903", "content": "又来"}, {"uid": "547053012", "content": "ohhhhhhhhhhhhhhhh"}, {"uid": "384086903", "content": "啊 ~"}, {"uid": "384086903", "content": "打它打它"}, {"uid": "384086903", "content": "我可以去唑它"}, {"uid": "505979331", "content": "鹿哥牛逼"}, {"uid": "384086903", "content": "大家记住了"}, {"uid": "384086903", "content": "我过去了"}, {"uid": "510982739", "content": "我着我的抱枕"}, {"uid": "384086903", "content": "存档"}, {"uid": "384086903", "content": "你还转(没听清)"}, {"uid": "384086903", "content": "转下去了x2"}, {"uid": "489694430", "content": "下饭"}, {"uid": "384086903", "content": "我去吃那边"}, {"uid": "384086903", "content": "ok~"}, {"uid": "586656092", "content": "超级鸡马！我玩过"}, {"uid": "499451151", "content": "有"}, {"uid": "23553220", "content": "wow"}, {"uid": "384086903", "content": "跳那个小........"}, {"uid": "499247101", "content": "合影"}, {"uid": "384086903", "content": "我放在这（过不去警告）"}, {"uid": "384086903", "content": "我它现在平分"}, {"uid": "513129526", "content": "发生了什么"}, {"uid": "384086903", "content": "我被扎到了"}, {"uid": "493633918", "content": "热乎的"}, {"uid": "608840515", "content": "不 你不是"}, {"uid": "592512910", "content": "来了"}, {"uid": "441348175", "content": "烫"}, {"uid": "384086903", "content": "然后我们需要通过"}, {"uid": "401114549", "content": "热乎的！"}, {"uid": "583765084", "content": "hhh"}, {"uid": "544621102", "content": "下次一定"}, {"uid": "430997068", "content": "热乎的"}, {"uid": "1303531860", "content": "手机上面有的下"}, {"uid": "1524690069", "content": "我是黑虎阿福"}, {"uid": "549620200", "content": "小动物之星电脑的话，我不知道叫什么现在手机版是可以玩的"}, {"uid": "72834393", "content": "鹿哥牛逼"}, {"uid": "315943211", "content": "高频战士"}, {"uid": "315943211", "content": "整点儿脑花"}, {"uid": "283295502", "content": "ohhhhhhhhhhhhhhhhh"}, {"uid": "500975687", "content": "鹿哥牛皮"}, {"uid": "500975687", "content": "ohhhhhhhhhhhhhhhhhhhhhhhhhhhhhhhhhhhhhhhhhhhh"}, {"uid": "510300649", "content": "只只大冒险"}, {"uid": "569610322", "content": "ohhhhhhhhhhhhhhhhhhhhhhhhhhhhhh"}, {"uid": "438801228", "content": "有一点像生肖派对"}, {"uid": "468083592", "content": "ohhhhhhhhhhhh"}, {"uid": "676181495", "content": "危"}, {"uid": "676181495", "content": "危"}, {"uid": "652203497", "content": "鹿哥牛逼o(￣▽￣)ｄ"}, {"uid": "516705842", "content": "??"}, {"uid": "666599698", "content": "Super Animal Royale"}, {"uid": "627546865", "content": "，ohhhhhhhhh"}, {"uid": "510640358", "content": "抱枕组准备"}, {"uid": "447672889", "content": "ohhhhhhhhhhhhhhh"}, {"uid": "644100644", "content": "回收开头"}, {"uid": "526500305", "content": "感谢字幕君"}, {"uid": "629462414", "content": "游戏名:超级鸡马"}, {"uid": "481714873", "content": "安黛因摧毁食工场"}, {"uid": "312019389", "content": "ohhhhhhhhhhhhhhhhh"}, {"uid": "401763228", "content": "ohhhhhhhhhhhhhh"}, {"uid": "629613857", "content": "ohhhhhhhhhhhhhhhhhhhhhhhhhhhhhhh"}, {"uid": "629613857", "content": "?????????????"}, {"uid": "415262233", "content": "鹿哥牛皮"}, {"uid": "516780379", "content": "我不要孜然，我要辣椒面"}, {"uid": "616628668", "content": "ohhhhhhhhhhhhhhhhhhhhhhhhhhhhhhhhhhhhhhhhhhhhhhhhhh"}, {"uid": "516870507", "content": "鹿哥牛皮"}, {"uid": "630074689", "content": "调到那上边"}, {"uid": "359491561", "content": "鹿哥牛皮"}, {"uid": "43514305", "content": "超级鸡马可以用手机玩吗"}, {"uid": "413011260", "content": "？不快啊，昨天晚上就三分钟"}, {"uid": "23034717", "content": "ohhhhhhhhhh"}, {"uid": "366717840", "content": "放开小电视"}, {"uid": "511512597", "content": "不是孜然的攸然。"}, {"uid": "537824777", "content": "看到没有，这招叫平移。"}, {"uid": "509931372", "content": "ohhhhhhhhhhhhh"}, {"uid": "498737251", "content": "hhhhhhhh"}, {"uid": "178126379", "content": "合影啊！"}, {"uid": "621046849", "content": "危"}, {"uid": "544502920", "content": "鹿哥牛皮"}, {"uid": "97714662", "content": "？？？？？？？？？"}, {"uid": "627516307", "content": "攻受分明"}, {"uid": "544403381", "content": "鹿哥牛皮"}, {"uid": "476133849", "content": "ohhhhhhhhhhhhhhhhhhhhhhhhhhhhhhhhhhhhhhhhhhhhhhhhh"}, {"uid": "33774454", "content": "放开我，这不是上幼儿园的车"}, {"uid": "601702098", "content": "？？？"}, {"uid": "601702098", "content": "hhh"}, {"uid": "618137051", "content": "烤电鹿？！"}, {"uid": "27534442", "content": "表白字幕君"}, {"uid": "543940299", "content": "玩过"}, {"uid": "551023262", "content": "小白？"}, {"uid": "594505452", "content": "ohhhhhhhhhhhhhhhhhhhhhh"}, {"uid": "482572834", "content": "鹿哥牛皮"}, {"uid": "506651462", "content": "我才发现我看过这个直播"}, {"uid": "416503924", "content": "OHhHhHhHhHhHhHh"}, {"uid": "355011968", "content": "受鹿来了"}, {"uid": "494478052", "content": "帽子不错"}, {"uid": "34171068", "content": "00:12 0.5倍速"}, {"uid": "403251425", "content": "ohhhhhhhhhhhhhhhhhhhhhhhhhhh"}, {"uid": "403251425", "content": "你在想屁吃←"}, {"uid": "479011010", "content": "快！0.5！"}, {"uid": "567305263", "content": "鹿哥牛皮"}, {"uid": "567305263", "content": "表白下面红色翻译君"}, {"uid": "478335134", "content": "你还是很强的"}, {"uid": "473085007", "content": "鹿哥NB"}, {"uid": "584694391", "content": "ohhhhhhhhhhhhhhhhhhhhhhhhhhhhhhhhhhhhhhhhhhhhhhhhhhhhhhhhhhhhhhhhhhhhhh"}, {"uid": "492026080", "content": "合影！"}, {"uid": "49379752", "content": "wcccc片头！"}, {"uid": "573158168", "content": "回收开头"}, {"uid": "297269846", "content": "鹿——鹿——"}, {"uid": "326480830", "content": "在现场"}, {"uid": "325901479", "content": "合影"}, {"uid": "488781848", "content": "白给了"}, {"uid": "497290834", "content": "可爱呐"}, {"uid": "535128802", "content": "ohhhhhhhhhhhhhhhhhhhhhhhhhhhhhhhhhhhhhhhhhhhhhhhhh"}, {"uid": "395811018", "content": "ohhhhhhhhhhhhhhhhhhhhhhhhhhhhhhhhhhhhhh"}, {"uid": "491756757", "content": "发现野生弹幕菌一只。"}, {"uid": "487682212", "content": "ohhhhhhhhh"}, {"uid": "599926622", "content": "一本正经地胡说八道"}, {"uid": "501537042", "content": "标准结局"}, {"uid": "424145149", "content": "诶c哈哈哈哈哈"}, {"uid": "346979148", "content": "加油"}, {"uid": "346979148", "content": "我我这我两只"}, {"uid": "346979148", "content": "不没有一个人"}, {"uid": "346979148", "content": "帅"}, {"uid": "346979148", "content": "哇帅气"}, {"uid": "346979148", "content": "我喜欢啊（？？）"}, {"uid": "384086903", "content": "死x2"}, {"uid": "384086903", "content": "它在下面"}, {"uid": "384086903", "content": "在哪~在哪"}, {"uid": "384086903", "content": "我要保护......"}, {"uid": "384086903", "content": "我倒了"}, {"uid": "384086903", "content": "没事"}, {"uid": "384086903", "content": "来去唑它"}, {"uid": "384086903", "content": "啊~"}, {"uid": "384086903", "content": "呃x4"}, {"uid": "384086903", "content": "额啊~"}, {"uid": "384086903", "content": "毒来了x2"}, {"uid": "517988218", "content": "热乎的"}, {"uid": "384086903", "content": "对于我们来说"}, {"uid": "384086903", "content": "嘿嘿·"}, {"uid": "517559602", "content": "握着我的抱枕"}, {"uid": "384086903", "content": "脚二"}, {"uid": "518204235", "content": "ohhhhhhhhhhhhhhhhhhhhhhhhhhhhhhh"}, {"uid": "403970381", "content": "热乎的"}, {"uid": "384086903", "content": "哦，可以"}, {"uid": "384086903", "content": "哎~转下去了"}, {"uid": "384086903", "content": "你怎么掉下去了"}, {"uid": "255511506", "content": " 鹿姐nb！！！"}, {"uid": "411586564", "content": "OHHHHHHHHHHHHHHHHHHHHHH"}, {"uid": "384086903", "content": "吃吃吃"}, {"uid": "384086903", "content": "哎~~"}, {"uid": "489694430", "content": "可可爱爱的"}, {"uid": "384086903", "content": "这游戏只用鼠标控制"}, {"uid": "384086903", "content": "这个就是.........."}, {"uid": "384086903", "content": "哦~"}, {"uid": "402406015", "content": "收天地之精屁???"}, {"uid": "11859355", "content": "?????"}, {"uid": "23553220", "content": "热乎"}, {"uid": "470262313", "content": "在现场"}, {"uid": "603293961", "content": "哦吼"}, {"uid": "516276553", "content": "鹿哥牛逼"}, {"uid": "604144943", "content": "热乎的"}, {"uid": "454509523", "content": "ohhhhhhhhhhhhhhhhhhhhhhhhhhhhhhhhhhhhhhhhhhhhhhhhhhhhhhhhhhhhhh"}, {"uid": "384086903", "content": "没事"}, {"uid": "384086903", "content": "我还活着"}, {"uid": "384086903", "content": "不要"}, {"uid": "384086903", "content": "哇，我好强"}, {"uid": "384086903", "content": "加油"}, {"uid": "384086903", "content": "赢了~"}, {"uid": "384086903", "content": "这"}, {"uid": "472041102", "content": "hehehe"}, {"uid": "472041102", "content": "?"}, {"uid": "608840515", "content": "我"}, {"uid": "22869117", "content": "12分钟！！"}, {"uid": "332480044", "content": "来了"}, {"uid": "546646343", "content": "热乎的"}, {"uid": "531618470", "content": "好喜欢新的片头"}, {"uid": "1610690356", "content": "敢杀我的马"}, {"uid": "1274784724", "content": "近距离硬钢的话，用近战武器比较好，枪械容易打不中。"}, {"uid": "1022427813", "content": "人机，，，，，"}, {"uid": "1496447357", "content": "jiji"}, {"uid": "1850297632", "content": "带上小白"}, {"uid": "664700000", "content": "鹿哥牛逼"}, {"uid": "697264652", "content": "把三连打碎，暗示不要三连"}, {"uid": "425608952", "content": "ohhhhhhhh"}, {"uid": "688035222", "content": "孜然不是小孩子"}, {"uid": "694060730", "content": "ohhhhhhhhhhhhhhhhhhhhhhhhhhhhhhhh"}, {"uid": "492218007", "content": "ohhhhhhhhhhh"}, {"uid": "349540792", "content": "我到瀑布了"}, {"uid": "607511376", "content": "心疼↓"}, {"uid": "643607415", "content": "o"}, {"uid": "504261487", "content": "头皮一凉，47来访"}, {"uid": "694040255", "content": "傻狍子"}, {"uid": "693532089", "content": "《我没死》"}, {"uid": "502113417", "content": "Wwwwwwwwwwwwwwwwu"}, {"uid": "225642364", "content": "？啊这"}, {"uid": "491749120", "content": "在现场"}, {"uid": "625287650", "content": "鹿姐牛逼"}, {"uid": "527755763", "content": "鹿哥nb"}, {"uid": "666599698", "content": "你好我第一次来到哔哩哔哩"}, {"uid": "662012771", "content": "生肖派对"}, {"uid": "660428733", "content": "前方电鹿高帅（再次提醒）"}, {"uid": "660428733", "content": "前方电鹿高帅"}, {"uid": "660428733", "content": "孜然是我的"}, {"uid": "649886363", "content": "什么游戏"}, {"uid": "586534591", "content": "ohhhhhhhhhhhhh"}, {"uid": "631600119", "content": "？？？"}, {"uid": "499889302", "content": "双厨狂喜"}, {"uid": "499889302", "content": "双厨狂喜"}, {"uid": "544502920", "content": "鹿哥牛皮"}, {"uid": "517935404", "content": "ohhhhhhhhhhhhhhhhhhhhhh"}, {"uid": "474372125", "content": "鹿哥牛逼"}, {"uid": "452293777", "content": "ohhhhhhhhhh"}, {"uid": "594578031", "content": "鬼卖膜"}, {"uid": "491343521", "content": "ohhhhhhhhhhhhhhhh"}, {"uid": "39554240", "content": "鹿哥牛逼"}, {"uid": "516302818", "content": "鹿哥nb"}, {"uid": "571236765", "content": "握着我的抱枕"}, {"uid": "572481273", "content": "ohhhhhhhhhhhhhhhhhhhhhhhhhhhhhhhhhhhhhhhhhhhhhhh"}, {"uid": "546437196", "content": "鹿哥牛逼"}, {"uid": "490897943", "content": "ohhhhhhhhhhhhh"}, {"uid": "523550795", "content": "你再骂？"}, {"uid": "523550795", "content": "苦力怕？"}, {"uid": "499926677", "content": "ohhhhhhhhhhhhhhhhhhhhhhhhhhhhhhhhhhhhhhhhhhhhhhhhhhhhhhhhhhhhhh"}, {"uid": "627144727", "content": "帽子好评"}, {"uid": "537824777", "content": "大傻跟小傻。"}, {"uid": "517892878", "content": "电鹿是羊"}, {"uid": "498737251", "content": "？？？？？？？？？？？"}, {"uid": "544502920", "content": "ohhhhhhhhhhhhhhhhh"}, {"uid": "522309361", "content": "鹿哥牛逼"}, {"uid": "620222939", "content": "好像生肖派对"}, {"uid": "620374731", "content": "鹿哥牛逼"}, {"uid": "618137051", "content": "于是电鹿没有角了"}, {"uid": "386035269", "content": "牛哥鹿皮"}, {"uid": "473074554", "content": "你好强"}, {"uid": "436644505", "content": "马路"}, {"uid": "526289170", "content": "感谢字幕菌"}, {"uid": "36998754", "content": "秒懂"}, {"uid": "508245963", "content": "这个不是用手柄玩儿的吗"}, {"uid": "444339381", "content": "ohhhhhhh"}, {"uid": "576652463", "content": "快？"}, {"uid": "526320976", "content": "暗示不要三连要冲电"}, {"uid": "28176443", "content": "？？？？小朋友？？？、"}, {"uid": "403251425", "content": "危"}, {"uid": "553366755", "content": "有的人活着"}, {"uid": "507366674", "content": "ohhhhhhhhhhhhhhhhhhhhhhhhhhhhhhhhhhhh'hhhhhhhhhhhhhhhhhhhhhhh"}, {"uid": "567305263", "content": "ohhhhhhhhhhhhhhhhhhhhhhhhhhhhhhhhhhhhhhhhhhhhhhhhhhhhhhhhhhhhhh "}, {"uid": "523615682", "content": "表白up主"}, {"uid": "539369036", "content": "FBI!!!OPEN THE DOOR！！！"}, {"uid": "506514760", "content": "混入其中"}, {"uid": "584694391", "content": "ohhhhhhhhhhhhhhhhhhhhhhhhhhhhhhhhhhhhhhhhhhhhhhhhhhhhhhhhhhhhhhhhhhhhhh"}, {"uid": "584694391", "content": "ohhhhhhhhhhhhhhhhhhhhhhhhhhhhhhhhhhhhhhhhhhhhhhhhhhhhhhhhhhhhhhhhhhhhhh"}, {"uid": "494573032", "content": "OHHHHHHHHHHHHHHHHHH"}, {"uid": "573158168", "content": "回收开头"}, {"uid": "493942065", "content": "热乎的！！！"}, {"uid": "481006149", "content": "抱枕组准备"}, {"uid": "439160213", "content": "混入其中"}, {"uid": "526196470", "content": "合影"}, {"uid": "27147486", "content": "新片头！"}, {"uid": "243670516", "content": "BGM哈哈哈哈哈"}, {"uid": "346979148", "content": "耶 i"}, {"uid": "384086903", "content": "孜然：你是粉........粉色的"}, {"uid": "346979148", "content": "你要"}, {"uid": "346979148", "content": "我niao啊"}, {"uid": "346979148", "content": "啊我倒了啊"}, {"uid": "553857528", "content": "在现场"}, {"uid": "435647636", "content": "红色字幕好评"}, {"uid": "516775984", "content": "在现场我是帽子"}, {"uid": "479888454", "content": "延迟"}, {"uid": "413312967", "content": "电鹿头上"}, {"uid": "564723049", "content": "新片头？？"}, {"uid": "384086903", "content": "那我们今天就到这里结束了"}, {"uid": "384086903", "content": "哦~"}, {"uid": "384086903", "content": "啊·？"}, {"uid": "432300205", "content": "热乎的！！！"}, {"uid": "384086903", "content": "保护孜然"}, {"uid": "384086903", "content": "啊~"}, {"uid": "384086903", "content": "没事打它"}, {"uid": "384086903", "content": "4.......3........"}, {"uid": "384086903", "content": "没死x3"}, {"uid": "384086903", "content": "孜然喜欢快的"}, {"uid": "384086903", "content": "还没有........"}, {"uid": "384086903", "content": "耶~"}, {"uid": "384086903", "content": "ok"}, {"uid": "505895678", "content": "awsl(doge)"}, {"uid": "384086903", "content": "特别简单"}, {"uid": "384086903", "content": "这个就可以往前走"}, {"uid": "11859355", "content": "鹿妹nb！！！！！"}, {"uid": "271579692", "content": "谢谢字幕！"}, {"uid": "384086903", "content": "你还可以过去"}, {"uid": "384086903", "content": "没有人能过去了"}, {"uid": "252975376", "content": "电鹿秀起来了"}, {"uid": "491718937", "content": "乐乎的"}, {"uid": "494559622", "content": "鹿哥牛皮"}, {"uid": "500944209", "content": "？？？？？"}, {"uid": "531287868", "content": "ke"}, {"uid": "384086903", "content": "不要下去~"}, {"uid": "501467145", "content": "ohhhhhhhhhhhhhhhhhhhhhhhhhhhhhhhhhhhhhhhhhhhhhhhhhhhhhhhhhhhhhh"}, {"uid": "522884270", "content": "30分钟，扔了吧"}, {"uid": "33107492", "content": "ohhhhhhhhhhhhhhhhhhhhhhhhhhhhhhhh"}, {"uid": "496681972", "content": "ohhhhhhhhhhhhhhhhhhhhhh"}, {"uid": "593716046", "content": "ohhhhhhhhhhhhhhhhhhhhhhhhhhhhhhhhhhhhhhhhhhhhhhhhhhhhhhhhhhhhhhhhhhhhhhhhhhhhhhhhhhhhhhhhhhhhh"}, {"uid": "496681972", "content": "热乎的"}, {"uid": "544500555", "content": "Ohhhhhhhhhh"}, {"uid": "605065341", "content": "热乎的"}, {"uid": "551023262", "content": "这不是小白吗"}, {"uid": "475682606", "content": "热乎的小鹿"}, {"uid": "471114100", "content": "这么热乎"}, {"uid": "1714958568", "content": "nb"}, {"uid": "1714958568", "content": "nb"}, {"uid": "1707625332", "content": "ohhhhhhhhhh"}, {"uid": "1607807642", "content": "超级牛马"}, {"uid": "1524690069", "content": "针不戳"}, {"uid": "1509901210", "content": "鹿哥牛皮nb"}, {"uid": "547513866", "content": "噗"}, {"uid": "1452092308", "content": "好像孜然刚才说了wc"}, {"uid": "610066498", "content": "还有一个是孜然，不是鹿野"}, {"uid": "627057885", "content": "Ohhhhhhhhhh"}, {"uid": "1059049212", "content": "我想到了大白"}, {"uid": "1997866579", "content": "鬼买馍"}, {"uid": "523194007", "content": "注意你的语言。！！！！！"}, {"uid": "457236519", "content": "马鹿（滑稽）"}, {"uid": "86536304", "content": "握着我的抱枕。"}, {"uid": "543361368", "content": "ohhhhhhhhhhhhhhhhhhhhhhhhhhhhhhhhhhhhhhhhhhhhhhh"}, {"uid": "676181495", "content": "危"}, {"uid": "448123656", "content": "断桥地图很好玩"}, {"uid": "629801069", "content": "鹿哥牛壁"}, {"uid": "330440808", "content": "ohhhhhhhhhhhhhhhhh"}, {"uid": "544075248", "content": "鹿哥牛逼！"}, {"uid": "555045365", "content": "鹿哥牛批！"}, {"uid": "498288930", "content": "ohhhhhhhhhhhhhh"}, {"uid": "518452378", "content": "暮云 "}, {"uid": "432341583", "content": "switch游戏体验更佳"}, {"uid": "375521884", "content": "ohhhhhhhhhhhhhhhhhh"}, {"uid": "670164044", "content": "停车场:我做错什么了？"}]