[{"uid": "1610690356", "content": "我怀疑鹿野是电鹿的儿"}, {"uid": "513728955", "content": "鹿野未成年吗？"}, {"uid": "1338263933", "content": "香肠派对的跑酷"}, {"uid": "1624767362", "content": "ohhhhhhhhhhhhhhhhhhhhhhhhhhhh"}, {"uid": "436981560", "content": "啊"}, {"uid": "519619097", "content": "好康♂的"}, {"uid": "1852325675", "content": "他了过去了，但没完全过去"}, {"uid": "454851003", "content": "giegie"}, {"uid": "1477010678", "content": "《睾手》"}, {"uid": "396493540", "content": "我怀疑老爹是电路配的"}, {"uid": "597130520", "content": "技巧技巧吃奶吃多了"}, {"uid": "597130520", "content": "这就是传说中的吃奶吃多了"}, {"uid": "315943211", "content": "雪花飘飘北风萧萧"}, {"uid": "701900311", "content": "ohhhhhhhhhhhhhhhhhhhhhhhhhhhhhhhhhhhhhhhhhhhhhhhhhhhhhhhhhhhhhhhhhhhhhhhhhhhhhhhhhhhhhhhhhhhhhhhhhhh"}, {"uid": "698551438", "content": "一只小鹿♂诞生了!"}, {"uid": "492316432", "content": "英 雄 总 是 芥 末"}, {"uid": "549887880", "content": "因为秀恩爱的力量实在是太大了 所以他欺负你了 "}, {"uid": "370853718", "content": "狼   虎   之   词"}, {"uid": "645744451", "content": "傻狍子&奶狗子"}, {"uid": "592326197", "content": "，哎~好弟弟~（doge）"}, {"uid": "693513035", "content": "哲学妙妙屋"}, {"uid": "628015285", "content": "有♂趣♂"}, {"uid": "405562430", "content": "偷袭我69岁的傻狍子"}, {"uid": "100580141", "content": "不行了，他倆好可爱"}, {"uid": "491744093", "content": "《我往前走了》"}, {"uid": "489160706", "content": "奶狗子不动啊¿"}, {"uid": "491903988", "content": "完全一致"}, {"uid": "400391857", "content": "奶狗的沙雕日常。"}, {"uid": "400391857", "content": "奶狗的沙雕日常。"}, {"uid": "405562430", "content": "鹬蚌相争渔人得利"}, {"uid": "693172928", "content": "两个傻电狍子"}, {"uid": "481142651", "content": "说0.5的再次拷走"}, {"uid": "481142651", "content": "0.5的全部拷走！"}, {"uid": "673393446", "content": "我往前走了"}, {"uid": "288178172", "content": "电鹿灵性的眼睛"}, {"uid": "661710901", "content": "van♂游戏警告"}, {"uid": "34171068", "content": "声优都是怪物"}, {"uid": "483575671", "content": "表情包出处"}, {"uid": "631173211", "content": "妙♂妙♂屋"}, {"uid": "543805654", "content": "《我往前走了》"}, {"uid": "620677652", "content": "我要当太空人"}, {"uid": "522874412", "content": "原  力  升  空"}, {"uid": "522874412", "content": "失去梦想哈哈哈哈哈哈"}, {"uid": "400635417", "content": "阿斯兰，快拿出你的2887【准备自爆辣】"}, {"uid": "40967776", "content": "小蓝：机器人没有感情"}, {"uid": "631173211", "content": "妙♂妙♂屋"}, {"uid": "511925138", "content": "秘密妙妙屋～"}, {"uid": "490897943", "content": "电鹿你不对劲"}, {"uid": "478813610", "content": "就是你退的小憨包！"}, {"uid": "629864026", "content": "究极打工仔"}, {"uid": "689686567", "content": "幼儿园互怼   最为窒息"}, {"uid": "514706926", "content": "妙♂妙♂屋"}, {"uid": "514706926", "content": "激♂情"}, {"uid": "651691757", "content": "芜湖，起飞！"}, {"uid": "431830441", "content": "绿尸寒"}, {"uid": "483575671", "content": "好！很有精神！"}, {"uid": "508412155", "content": "建议改成:看我颜色"}, {"uid": "678756544", "content": "ohhhhhhhhhhhhhhhhhhhhhhhhhhhh"}, {"uid": "89670669", "content": "Lsp们 我又回来听了"}, {"uid": "510982739", "content": "你的B站爆掉了（doge）"}, {"uid": "509462442", "content": "激♂情的火花"}, {"uid": "503337403", "content": "商业互吹"}, {"uid": "453542429", "content": "这是：吃肉包的怂鼠"}, {"uid": "592071114", "content": "当代逻辑大师"}, {"uid": "504090599", "content": "哦哈哈哈哈哈哈"}, {"uid": "17807716", "content": "闭眼另一个世界？"}, {"uid": "675020654", "content": "？？？"}, {"uid": "551374086", "content": "这个米奇哈哈哈哈"}, {"uid": "502754562", "content": "男妈妈怎么了，怎么了，怎么了"}, {"uid": "26423368", "content": "鹿野电鹿神组合"}, {"uid": "624280341", "content": "一往无前的浪 "}, {"uid": "499486639", "content": "禁忌·双重尾巴"}, {"uid": "16927276", "content": "《带头冲锋》"}, {"uid": "480189153", "content": "中门对狙"}, {"uid": "551164315", "content": "鹿野灸攻，电路板受（doge）"}, {"uid": "1548794", "content": "狗子与狍子"}, {"uid": "471850774", "content": "出现了，《闸总人：成为闸总》"}, {"uid": "398283757", "content": "暗示不要三连"}, {"uid": "414692922", "content": "大老师和电鹿拟老爹都好像啊"}, {"uid": "588703946", "content": "“哎呀\"建议0.5反复播放！！"}, {"uid": "456296590", "content": "《呵哈哈哈》"}, {"uid": "518178401", "content": "打 情 骂 俏"}, {"uid": "594327020", "content": "把三连转发打掉，暗示不要三连"}, {"uid": "509074280", "content": "死因：无敌"}, {"uid": "602923529", "content": "真就全世界都在玩糖豆人"}, {"uid": "187584871", "content": "哈哈哈哈哈哈哈哈"}, {"uid": "437213229", "content": "在场"}, {"uid": "520191955", "content": "《身先士卒》"}, {"uid": "400814569", "content": "在八月份，他们把用挂的搞了个神仙服"}, {"uid": "400814569", "content": "啊啊，他在明示四连"}, {"uid": "413242257", "content": "哈哈哈哈哈"}, {"uid": "496769755", "content": "给大家展示一下我的身子 dogdog"}, {"uid": "650456392", "content": "《我骂我自己》"}, {"uid": "32915233", "content": "太die了"}, {"uid": "673720046", "content": "写作业去了......."}, {"uid": "293478820", "content": "带头冲锋"}, {"uid": "480079806", "content": "车车还快的车车"}, {"uid": "512137077", "content": "来自于幼儿园最原始的吵架方式。"}, {"uid": "510946062", "content": "北风萧萧"}, {"uid": "268595833", "content": "非酋快乐板"}, {"uid": "203176083", "content": "眨眼补帧"}, {"uid": "203176083", "content": "紧  跟  时  事"}, {"uid": "22660531", "content": "原力升空"}, {"uid": "22660531", "content": "dark♂妙妙屋"}, {"uid": "524918990", "content": "↑喜之郎那个你够了hhhhh"}, {"uid": "524918990", "content": "截至今天早上7:30，新增一例死亡病例，累积死亡病例七例（doge）"}, {"uid": "525087636", "content": "ohhhhhhhhhhhhhhhhhhhhhhhhhhhhhhhhh"}, {"uid": "525087636", "content": "什么莫明其妙的东西"}, {"uid": "490143173", "content": "要用魔法打败魔法一一鲁迅"}, {"uid": "477697435", "content": "《我往前走了》"}, {"uid": "634608269", "content": "电鹿镜片又没了哈哈哈哈哈"}, {"uid": "629007562", "content": "真！互怼！！！"}, {"uid": "389979119", "content": "打架当中？？？？？？？？？？"}, {"uid": "605817147", "content": "好像人类一败涂地"}, {"uid": "543231813", "content": "哈哈哈哈哈哈哈哈哈哈"}, {"uid": "546955575", "content": "玩这种多个团队竞技的其实只需要一起针对得分最低的那个团队就好"}, {"uid": "630411720", "content": "这一秒在现场"}, {"uid": "471103876", "content": "ohhhhhhhhhhhhhhh"}, {"uid": "106759393", "content": "纪 念 碑 谷"}, {"uid": "495238098", "content": "累计死亡八次（梅开二度）"}, {"uid": "495238098", "content": "累计死亡七次（雪花飘飘～北风萧萧～）"}, {"uid": "495238098", "content": "累计死亡六次"}, {"uid": "495238098", "content": "哎呀，你也想跟老爹斗斗吗？"}, {"uid": "495238098", "content": "累计死亡五次"}, {"uid": "495238098", "content": "累计死亡三次"}, {"uid": "495238098", "content": "累计死亡两次"}, {"uid": "495238098", "content": "累计死亡一次"}, {"uid": "407692789", "content": "把老爹看成了老婆"}, {"uid": "484613470", "content": "危 电鹿 危"}, {"uid": "185397121", "content": "ohhhhhhhhhhhhhhhhhhhhhhhhhh"}, {"uid": "289638277", "content": "猫宁孜然：所以爱会消失的对不对"}, {"uid": "32589591", "content": "写作业真实"}, {"uid": "483770237", "content": "互怼嘲讽"}, {"uid": "478887310", "content": "米奇gaiogaio屋"}, {"uid": "549749988", "content": "Ohhhhhhhhhhhhhhhhhhhhhhhhh娱乐竞技属于你。"}, {"uid": "549749988", "content": "傻袍子和鹿野在一块儿的时候声音好受啊。"}, {"uid": "562923157", "content": "d"}, {"uid": "518614870", "content": "突然发现BGM还挺好听的的"}, {"uid": "411782500", "content": "梦  幻  联  动"}, {"uid": "526249150", "content": "傻狍子你为什么把三连打掉了"}, {"uid": "512982153", "content": "hhhhhhhhhhhhhhhhhh"}, {"uid": "434198857", "content": "可怜，弱小又无助XDD"}, {"uid": "665699077", "content": "双鹿互怼√"}, {"uid": "562254823", "content": "北风萧萧～"}, {"uid": "562254823", "content": "冷了，扔了吧"}, {"uid": "85555553", "content": "Ohhhhhhhhhhhhhhhhhhhhhhhhhh"}, {"uid": "437024135", "content": "这个我看过，当时我在场"}, {"uid": "608387754", "content": "傻狍子说要用魔法打败魔法"}, {"uid": "436945986", "content": "蓝零亡 赤心负 绿尸寒 黄没戏"}, {"uid": "646077894", "content": "死因：我往前走啊"}, {"uid": "384536108", "content": "瞧给孩子受得"}, {"uid": "590728668", "content": "《先锋》"}, {"uid": "515562499", "content": "在现场，傻狍子身上的衣服"}, {"uid": "523361943", "content": "你只管开车办法老爹来想"}, {"uid": "523361943", "content": "你只管开车办法老爹来想"}, {"uid": "403682317", "content": "xue hua piao piao bei feng xiao"}, {"uid": "278952228", "content": "明示傻狍子不喜欢三连，并将其击毁"}, {"uid": "433564657", "content": "你原來是配音員吧？！！！！！"}, {"uid": "433564657", "content": "ohhhhhhhhhhhhhhhhhh"}, {"uid": "526340380", "content": "看把孩子乐的"}, {"uid": "523987327", "content": "你也想和老爹斗斗吗"}, {"uid": "584430930", "content": "我往前走了"}, {"uid": "584430930", "content": "我往前走了"}, {"uid": "149137443", "content": "电鹿是妈妈"}, {"uid": "478197344", "content": "在现场"}, {"uid": "513058521", "content": "儿童套餐"}, {"uid": "500434724", "content": "吴迪"}, {"uid": "484748742", "content": "哈哈哈哈哈哈哈哈"}, {"uid": "525526721", "content": "松鼠？！！梦幻联动！！！"}, {"uid": "525526721", "content": "当时看的是鹿野视角，听傻狍子乱叫"}, {"uid": "482311110", "content": "基♂情♂的火花（指基友）"}, {"uid": "477930321", "content": "《无敌》"}, {"uid": "21557102", "content": "傻狍子瞩目"}, {"uid": "542306389", "content": "不愧是傻狍子"}, {"uid": "662594722", "content": "互相嘲讽"}, {"uid": "662594722", "content": "互相嘲讽"}, {"uid": "625138740", "content": "你们在那抢队友会把球意思吗？"}, {"uid": "478637711", "content": "妙♂妙♂屋"}, {"uid": "535128802", "content": "哈哈哈哈哈哈哈哈哈哈哈"}, {"uid": "29217251", "content": "尾巴从哪拔出来的？"}, {"uid": "478637711", "content": "要用鹿对付鹿"}, {"uid": "535128802", "content": "你妹吃饭吗？再大声点儿（doge）"}, {"uid": "281080136", "content": "我往前走了"}, {"uid": "93736850", "content": "哈哈哈哈哈 这个开头我笑了"}, {"uid": "533032665", "content": "基♂情♂的♂火♂花"}, {"uid": "557776041", "content": "在现场！"}, {"uid": "289830836", "content": "卧槽"}, {"uid": "557776041", "content": "明示傻狍子不要三连"}, {"uid": "526850898", "content": "最后一秒的奇迹！"}, {"uid": "526850898", "content": "欢乐开怀，哈哈"}, {"uid": "526850898", "content": "傻狍子，哈哈哈"}, {"uid": "526850898", "content": "哈哈哈，这个游戏笑声不断"}, {"uid": "478637711", "content": "砸哇鹿多！"}, {"uid": "478637711", "content": "死因：给大家展示一下我的神"}, {"uid": "544277209", "content": "要用魔法打败魔法"}, {"uid": "445438430", "content": "历史总是惊人地相似"}, {"uid": "636210440", "content": "哈哈哈哈哈哈"}, {"uid": "484140207", "content": "很有道理的样子"}, {"uid": "321831034", "content": "？？？你不对劲"}, {"uid": "445438430", "content": "我要笑飞了哈哈哈哈哈哈哈哈"}, {"uid": "276535225", "content": "哈哈哈哈哈哈哈"}, {"uid": "470505957", "content": "夫夫档"}, {"uid": "542109686", "content": "这么说你很勇哦"}, {"uid": "668864258", "content": "哈哈哈哈哈哈哈哈哈哈哈哈哈"}, {"uid": "429646650", "content": "《打工仔传奇》"}, {"uid": "429646650", "content": "哈哈哈哈哈哈哈极其生草"}, {"uid": "549615618", "content": "终于做了次现场怪"}, {"uid": "429646650", "content": "我  过  了"}, {"uid": "429646650", "content": "《那么怕死干嘛》《别推我呀》"}, {"uid": "592044562", "content": "完全一致"}, {"uid": "641430241", "content": "好逗好萌"}, {"uid": "522280434", "content": "下次一定"}, {"uid": "567956840", "content": "啊~不~"}, {"uid": "597793096", "content": "杰哥不要啦(doge)"}, {"uid": "522280434", "content": "暗示傻狍子不要三连和转发"}, {"uid": "513743708", "content": "商业互捧(doge)"}, {"uid": "200302300", "content": "完  全  一  致"}, {"uid": "200302300", "content": "要用魔法打败魔法"}, {"uid": "237594080", "content": "hhhhhhhhhhhh"}, {"uid": "430022168", "content": "原 力 大 师"}, {"uid": "452051154", "content": "哈哈哈哈哈哈哈哈哈哈哈哈"}, {"uid": "38094574", "content": "老嬲哥了"}, {"uid": "430022168", "content": "太强了♂"}, {"uid": "521605779", "content": "诛   仙   成   功"}, {"uid": "523424919", "content": "中  国  龙"}, {"uid": "455196281", "content": "我是电良鹿影，今年33岁"}, {"uid": "524680682", "content": "当时傻狍子跳了好久都没跳到"}, {"uid": "502695897", "content": "Ohhhhhhhhhhhhhhhhhhhhhhhhhhhhhh"}, {"uid": "526850898", "content": "傻狍子好可爱"}, {"uid": "1411418110", "content": "暗示点赞投币加关注加转发的会被他崩"}, {"uid": "695735153", "content": "老爹之化身"}, {"uid": "429790276", "content": "你怼不进"}, {"uid": "696406529", "content": "妙蛙种子吃着妙脆角进了妙妙屋，妙到家了"}, {"uid": "471289910", "content": "哈哈哈哈，你不抢我，我被别人抢了该咋办（滑稽）"}, {"uid": "475806397", "content": "老爹是你配的吧！"}, {"uid": "396089342", "content": "ohhhhhhhhhhhhhhhhhhhhhhhhhhhhhhhhhhhhhhhhhhhhhhhhhhh"}, {"uid": "567521773", "content": "ohhhhhhhhhhhhhhhhhhhhhhhhhhhh"}, {"uid": "608340909", "content": "花里胡哨      颜色单调"}, {"uid": "435041499", "content": "商业互吹"}, {"uid": "2120987423", "content": "鹿野十岁，小我三岁。"}, {"uid": "1457167334", "content": "人都是有感情的卍解＜止"}, {"uid": "616330156", "content": "鹿妈妈"}, {"uid": "694510110", "content": "看把松鼠下的"}, {"uid": "1143892556", "content": "米奇の妙♂妙♂屋"}, {"uid": "184029064", "content": "钻狗洞天才"}, {"uid": "315943211", "content": "这就是传说中的月步"}, {"uid": "315943211", "content": "兄弟们要用魔法对抗魔法"}, {"uid": "315943211", "content": "傻狍子不电鹿出来了"}, {"uid": "478368371", "content": "果然是松鼠"}, {"uid": "1097935353", "content": "鸡♂情的火花"}, {"uid": "1713257678", "content": "ohhhhhhhhhhhhhhhhhhhhhhhhhhhhhhhhhhhhhhhhhhhhhhhhhhhhhhhhhhhhhhhhhhhhhh｣"}, {"uid": "1841685417", "content": "睾 手"}, {"uid": "1883349003", "content": "互     损"}, {"uid": "1883349003", "content": "互     损"}, {"uid": "698313777", "content": "狼虎之词"}, {"uid": "314150876", "content": "直接来一个降维打击"}, {"uid": "628015285", "content": "boy's  door"}, {"uid": "628015285", "content": "非酋快乐现场"}, {"uid": "549749988", "content": "商业互吹。"}, {"uid": "625916639", "content": "同上（我冲了）"}, {"uid": "489433596", "content": "0.5倍速绝了！"}, {"uid": "469493225", "content": "58离异带两娃"}, {"uid": "668702575", "content": "BGM:we are number one变奏曲"}, {"uid": "698513597", "content": "米 奇 不 妙 屋"}, {"uid": "478355329", "content": "閖丈传高"}, {"uid": "483575671", "content": "先打♂一架"}, {"uid": "673532859", "content": "出大问题？？？？？？？？"}, {"uid": "348581612", "content": "wc，完全一致"}, {"uid": "522874412", "content": "Ohhhhhhhhhhhhhhhhhhhhhhhhhhh"}, {"uid": "434630778", "content": "黄没戏"}, {"uid": "677044643", "content": "说人类一败涂地的走开"}, {"uid": "671475561", "content": "ohhhhhhhhhhhhhhhhhhhhhhhhhhhhhhhhhhhhhhhhhhhhhhhhhhhhhhhhhhhhhhhhhhhhhhhhhhhhhhhh"}, {"uid": "499131376", "content": "一毛一样"}, {"uid": "651833415", "content": "∴醉醉醉奶狗的直播间"}, {"uid": "470198746", "content": "饿了么外卖加油"}, {"uid": "520037567", "content": "不要跳扑啊！qwq"}, {"uid": "665699077", "content": "二兽互怼"}, {"uid": "510654379", "content": "van♂"}, {"uid": "560650625", "content": "這...小學生（doge）"}, {"uid": "441389014", "content": "ohhhhhhhhhhhhhhhhhhhhhhhhhhhh"}, {"uid": "630838027", "content": "ohhhhhhhhhhhhhhhhhhhhhhhhhhhhhhhhhhhhhhh"}, {"uid": "589716235", "content": "小——电——视"}, {"uid": "583257930", "content": "你不对劲"}, {"uid": "39089254", "content": "米♂骑van♂van屋"}, {"uid": "66445457", "content": "ohhhhhhhhhhhhhhhhhh"}, {"uid": "646523893", "content": "我懂了，他的意思就是说不让我们投币。"}, {"uid": "498661719", "content": "鹿哥nb"}, {"uid": "540060546", "content": "热狗不能有尾巴"}, {"uid": "62993573", "content": "声音好可爱"}, {"uid": "592071114", "content": "伯伦希尔的，你不是一个人"}, {"uid": "433399937", "content": "应该是补作业(手动滑稽)"}, {"uid": "505751918", "content": "o h h h h h h h h h h h h"}, {"uid": "92188223", "content": "做一对姐妹不好吗哈哈哈哈"}, {"uid": "498288930", "content": "两位多大了"}, {"uid": "569869860", "content": "ohhhhhhhhhhhhhhhhhhhhhhhhhh"}, {"uid": "400469351", "content": "ohhhhhhhhhhhhhhhhhhh"}, {"uid": "433439422", "content": "宁不对劲"}, {"uid": "247254641", "content": "瞬发奶"}, {"uid": "602118055", "content": "论为什么这么多的UP主都在玩糖豆人"}, {"uid": "645990335", "content": "还有一件事"}, {"uid": "414405037", "content": "芦姥爷的狒狒笑"}, {"uid": "442402430", "content": "才发现BGM好评"}, {"uid": "518178401", "content": "所以电鹿承认自己和鹿野有一腿了？（手动滑稽）"}, {"uid": "646830906", "content": "二维打三维，降维打击？"}, {"uid": "493565429", "content": "还有一件事，过来抱抱老爹～"}, {"uid": "520191955", "content": "幼儿园式争吵"}, {"uid": "593658364", "content": "QAQ画质感人"}, {"uid": "626967467", "content": "不要男妈妈，不要男妈妈"}, {"uid": "505950102", "content": "你不对劲！"}, {"uid": "519961148", "content": "红红火火恍恍惚惚"}, {"uid": "519961148", "content": "红红火火恍恍惚惚"}, {"uid": "673430076", "content": "要嘛魔法打败魔法，要嘛退回上个世纪"}, {"uid": "414745379", "content": "鹿哥牛逼"}, {"uid": "530729596", "content": "bgm:groovin'king"}, {"uid": "64509325", "content": "好啦，三连就三连（口是心非）"}, {"uid": "525891412", "content": "雪花飘飘，雷风潇潇"}, {"uid": "617308140", "content": "少拿原声骗我"}, {"uid": "510946062", "content": "谁让你把车开那么快的？？？"}, {"uid": "510946062", "content": "人类一败涂地"}, {"uid": "495788021", "content": "你不对劲"}, {"uid": "525631671", "content": "ohhhhhhhhhhhhhhhhhhhhhhhhhh"}, {"uid": "640272691", "content": "下次还一起玩啊!"}, {"uid": "89581049", "content": "差一步美满"}, {"uid": "651362337", "content": "尾(yi)巴"}, {"uid": "479491149", "content": "你不对劲"}, {"uid": "625236013", "content": "？？？你不对劲"}, {"uid": "525482575", "content": "在现场"}, {"uid": "471103876", "content": "哈哈哈哈哈哈哈哈哈哈】、"}, {"uid": "630146162", "content": "失踪人口回归"}, {"uid": "8248137", "content": "哭 哭大声点 没吃饭吗"}, {"uid": "495238098", "content": "dark♂米奇"}, {"uid": "495238098", "content": "累计死亡四次"}, {"uid": "49686492", "content": "吔！"}, {"uid": "515431519", "content": "夫妻档!"}, {"uid": "383163529", "content": "逻辑带师"}, {"uid": "484311704", "content": "米奇不妙屋"}, {"uid": "185397121", "content": "ohhhhhhhhhhhhhhhhhhhhhh"}, {"uid": "401156321", "content": "阿姨压一压～"}, {"uid": "483770237", "content": "傲慢嘲讽"}, {"uid": "341638792", "content": "真的在现场"}, {"uid": "447689439", "content": "0.5狂喜  我冲了"}, {"uid": "200391283", "content": "完全一致"}, {"uid": "478324465", "content": "你不对劲"}, {"uid": "358989164", "content": "你不对劲！"}, {"uid": "626728091", "content": "这三连不给也罢√√√"}, {"uid": "513220879", "content": "Ohhhhhhhhhhhhhhhhhhhhhhhhhh"}, {"uid": "529675772", "content": "在现场"}, {"uid": "588578847", "content": "被恶搞专家看上了。"}, {"uid": "28314585", "content": "ohhhhhhhhhhhhhhhhhhhhhhhhhhhh"}, {"uid": "9272127", "content": "离异三次的单身父亲"}, {"uid": "28786017", "content": "进度条暴露了一切"}, {"uid": "436945986", "content": "蓝零亡 赤心负 绿尸寒 黄没戏"}, {"uid": "436945986", "content": "蓝零亡 赤心负 绿尸寒 黄没戏"}, {"uid": "403242309", "content": "诶，这次我好像在现场"}, {"uid": "432162605", "content": "要用魔法打败魔法"}, {"uid": "628804351", "content": "这是电鹿和谁？"}, {"uid": "436885297", "content": "我骂我自己"}, {"uid": "436885297", "content": "蓝零亡 蓝精零 蓝越凉"}, {"uid": "455320614", "content": "ohhhhhhhhhhhhhhhhhhhhhhhhhhhhhhhhhhhhhhhhh"}, {"uid": "630256201", "content": "ohhhhhhhhhhhhhhhhhhhhhhhhhhhhhhhhhh"}, {"uid": "438397862", "content": "大仙快乐棒哈哈哈草，太草了"}, {"uid": "630256201", "content": "ohhhhhhhhhhhhhhhhhhhhhhhhhhhhhhhhhhh"}, {"uid": "472434645", "content": "好了兄弟。"}, {"uid": "482311110", "content": "←吃肉包的怂鼠"}, {"uid": "76778763", "content": "ohhhhhhhh"}, {"uid": "176272552", "content": "写作业去了"}, {"uid": "478637711", "content": "老爹？"}, {"uid": "544337093", "content": "米奇就是把内裤套在头上"}, {"uid": "535128802", "content": "ohhhhhhhhhhhhhhhhhhhhhhhhh"}, {"uid": "580101606", "content": "这真是妙蛙种子吃着妙脆角进了米奇妙妙屋妙到家了"}, {"uid": "285362778", "content": "草，完全一致"}, {"uid": "285362778", "content": "？！？！？！？！"}, {"uid": "2930104", "content": "萌萌哒"}, {"uid": "547314597", "content": "卧槽，一毛一样"}, {"uid": "434431288", "content": "三个小时，热热还能吃"}, {"uid": "502836982", "content": "ohhhhhhhhhhhhhhhh"}, {"uid": "526850898", "content": "喜欢这个片头啊啊啊啊"}, {"uid": "438360908", "content": "ohhhhhhhhhhhhhhhhhhhhhhhhhhhhhhhhhhhhhhhhhhhhhhhhhhhhhhhhhhhhhhhhhhhhhhhhhhh"}, {"uid": "526850898", "content": "老爹版糖豆人"}, {"uid": "89044275", "content": "基♂情"}, {"uid": "517687048", "content": "奶狗子水印瞩目"}, {"uid": "484768131", "content": "奶狗子声音好听"}, {"uid": "514727964", "content": "写作业去了。。。。。"}, {"uid": "500623259", "content": "好听的声音♂"}, {"uid": "484474463", "content": "男妈妈"}, {"uid": "396793321", "content": "ohhhhhhhhhhhhhhhh"}, {"uid": "567956840", "content": "啊~不~"}, {"uid": "626890718", "content": "神，rua！"}, {"uid": "544380993", "content": "好康的"}, {"uid": "521976021", "content": "你们不对劲"}, {"uid": "514634645", "content": "ohhhhhhhhhhhhhhhhhhhhhhhhhhhhhhhhhhhhhh"}, {"uid": "513728955", "content": "鹿野未成年？"}, {"uid": "593679155", "content": "电鹿更受"}, {"uid": "1235907950", "content": "OHHHHHHHHHHHHHHHHHHHHHHHHHHHHHHHHHHHHHHHHH"}, {"uid": "696406529", "content": "要用魔法对服魔法"}, {"uid": "396089342", "content": "ohhhhhhhhhhhhhhhhhhhhhhhhhhhhhhhhhhhhhhhhhhhhhh"}, {"uid": "549712046", "content": "《击剑》"}, {"uid": "567521773", "content": "当贾总"}, {"uid": "2097857230", "content": "激♂情"}, {"uid": "522786672", "content": "ohhhhhhhhhhhhhhhhhhhhhhhhhhhhhhhhhhhhhhhhhhhhhhhhhhhhhhhhhhhhhhhhhhhhhhhhhhhhhhhhhhhhhhhhhhhhhhhhhhh"}, {"uid": "522786672", "content": "ohhhhhhhhhhhhhhhhhhhhhhhhhhhhhhhhhhhhhhhhhhhhhhhhhhhhhhhhhhhhhhhhhhhhhhhhhhhhhhhhhhhhhhhhhhhhhhhhhhh"}, {"uid": "505671375", "content": "这关我玩，好久，了，通关了"}, {"uid": "34317427", "content": "梦幻联动"}, {"uid": "551123501", "content": "这难道就是！"}, {"uid": "629347387", "content": "囍囍囍囍囍囍"}, {"uid": "600202684", "content": "程咬金名言"}, {"uid": "315943211", "content": "傻狍子牛逼"}, {"uid": "315943211", "content": "电路钻圈天才"}, {"uid": "597925573", "content": "就这个声音，假如是鹿野的，那电鹿是受没错了"}, {"uid": "514941002", "content": "激♂情"}, {"uid": "506508382", "content": "0.5倍的大赏！"}, {"uid": "1305647679", "content": "电鹿的迷惑培英"}, {"uid": "443274568", "content": "电鹿  一败涂地"}, {"uid": "701855287", "content": "女妈妈o(≧v≦)o"}, {"uid": "362482486", "content": "ohhhhhhhhhhhh"}, {"uid": "68155206", "content": "ohhhhhhhhhhhhhhhhhhhhhhhhhhhhhhhhhhhhhhhhhhhhhhhhhhhhhhhhh"}, {"uid": "1066242338", "content": "我哪里是受 电鹿才是"}, {"uid": "515352777", "content": "奇怪的逻辑又又又增加了"}, {"uid": "549999850", "content": "OHHHHHHHHHHHHHHHHHHHHHHHHHHHH"}, {"uid": "631435751", "content": "鸡情四射~啊~"}, {"uid": "628015285", "content": "面前对枪"}, {"uid": "1970625680", "content": "俩受必有一攻（bushi"}, {"uid": "589406244", "content": "不知道我加入后会发生什么后果，鹞头丸/"}, {"uid": "516133615", "content": "大仙快乐棒"}, {"uid": "454197923", "content": "嘿，你要瞅啥呢，是我你爹。"}, {"uid": "698142294", "content": "嗯你不对劲"}, {"uid": "469493225", "content": "58离异代两娃"}, {"uid": "401848164", "content": "让我康康让我康康"}, {"uid": "668702575", "content": "鹿豆人[滑稽]"}, {"uid": "641430241", "content": "路也是攻，电电路是受"}, {"uid": "34171068", "content": "声优都是怪物"}, {"uid": "647954216", "content": "ohhhhhhhhhhhhhhhhhhhhhhhhhhhhhhhhhhhhhhhhhhhhhhhhhhhhhhhhhhhhhhhhhhhhhhhhhhhhhhhhhhhhhhhhhhhhhhhhhhh"}, {"uid": "522874412", "content": "Ohhhhhhhhhhhhhhhhhhhhhhhhhhhhhhhhhhhhhhhhhhhhhhhhhhh"}, {"uid": "522874412", "content": "学生党中秋国庆假期前来围观-"}, {"uid": "660392871", "content": "老婆好可爱呀(//∇//)"}, {"uid": "497723442", "content": "把名字换一下就很合适"}, {"uid": "363046016", "content": "完全一致"}, {"uid": "627086533", "content": "基♂情"}, {"uid": "521381384", "content": "咪斯卡，胡斯卡，米子岷！"}, {"uid": "514177220", "content": "OHHHHHHHHHHHHHHHHHHHH "}, {"uid": "432297253", "content": "？？？？一模一样！！！！！"}, {"uid": "510304277", "content": "杰哥妙妙屋"}, {"uid": "488477185", "content": "ohhhhhhhhhhhhhhhhhhhhhhhhhhhhhhhhhhhhhhh"}, {"uid": "97709687", "content": "真的好像哈哈哈哈哈哈哈"}, {"uid": "508412155", "content": "还有一件事"}, {"uid": "89670669", "content": "池石镇"}, {"uid": "438700777", "content": "未满十八岁"}, {"uid": "391932588", "content": "鹿野不在，我也不看了先"}, {"uid": "22060335", "content": "全世界都在玩糖豆人"}, {"uid": "7747809", "content": "梦幻联动！"}, {"uid": "228804862", "content": "赤必负 黄没戏 蓝零亡"}, {"uid": "519308553", "content": "你不动"}, {"uid": "597103292", "content": "老天津卫。"}, {"uid": "505751918", "content": "o h h h h h h h h h h h h h h h"}, {"uid": "505751918", "content": "哈哈哈哈哈哈哈哈哈哈哈哈啊哈"}, {"uid": "505751918", "content": "o h h h h h h h h h h h h h h h"}, {"uid": "512854875", "content": "绅士屋"}, {"uid": "23823865", "content": "梦幻联动"}, {"uid": "517782153", "content": "磕 定 了"}, {"uid": "544205261", "content": "蓝零亡 赤心负 绿尸寒 黄没戏"}, {"uid": "297977452", "content": "黄输功"}, {"uid": "89412191", "content": "你不对劲"}, {"uid": "483329295", "content": "鹿野被定住"}, {"uid": "513663474", "content": "ohhhhhhhhhhhhhhhhhhhhhhhhhhhhhhhhhhhhhhhhhhhhhhhhhhhhhhhhhh"}, {"uid": "624509229", "content": "ohhhhhhhhhhhhhhhhhhhhhhhhhhhhhhhhhhhhhhhhhhhhhhhhhhhhhhhhhhhhhhhhhhhhhhhhhhhhhhhhhhhhhhhhhhhhhhhhhhh"}, {"uid": "527042770", "content": "电鹿像及了小婴儿"}, {"uid": "435248514", "content": "我还是白色对吧"}, {"uid": "471342593", "content": "杰哥不要～"}, {"uid": "509074280", "content": "哎♂呀"}, {"uid": "476127727", "content": "整天抢v8的富豪"}, {"uid": "414414358", "content": "暗示白漂"}, {"uid": "671964584", "content": "这狍子真傻"}, {"uid": "248534132", "content": "二十四岁(确信)"}, {"uid": "673720046", "content": "电路是妈妈"}, {"uid": "430111485", "content": "你想要老爹活不長嗎？那就給老爹沖咖啡"}, {"uid": "630128515", "content": "完全一致"}, {"uid": "520746396", "content": "鹿狗双全"}, {"uid": "646965826", "content": "水涌上来了"}, {"uid": "352046663", "content": "我已经想到鹿野气鼓鼓的样子了！可可爱"}, {"uid": "396640178", "content": "鹿鹿什么时候露脸（dog）"}, {"uid": "502663519", "content": "两个老婆该怎么办"}, {"uid": "525087636", "content": "来一打"}, {"uid": "319468379", "content": "哈哈哈哈哈哈哈哈哈"}, {"uid": "651362337", "content": "我们俩太受了(doge)"}, {"uid": "651362337", "content": "哭大声点"}, {"uid": "505231444", "content": "ohhhhhhhhhhhhhhhhhhhhhhhhhhhhhhhhh"}, {"uid": "670036216", "content": "米奇妙妙屋你们俩一起"}, {"uid": "501888040", "content": "给大家展示一下我的肾"}, {"uid": "650365968", "content": "基♂情"}, {"uid": "515584048", "content": "这边就在现场。"}, {"uid": "404996961", "content": "ohhhhhhhhhhhhhhhhhhhh"}, {"uid": "404996961", "content": "ohhhhhhhhhhhhhhhhhhhh"}, {"uid": "435444359", "content": "清奇的脑回路"}, {"uid": "133124178", "content": "哈哈哈哈哈哈太可爱了"}, {"uid": "526111735", "content": "要用魔法打败魔法"}, {"uid": "451832923", "content": "28岁程序员"}, {"uid": "19889135", "content": "哈哈哈哈哈哈哈哈哈"}, {"uid": "477148870", "content": "原力与你同在"}, {"uid": "141291672", "content": "我还是绿色的对吧⊙▽⊙"}, {"uid": "185397121", "content": "ohhhhhhhhhhhhhhhhhhhh"}, {"uid": "599162809", "content": "ohhhhhhhhhhhhhhhhhhhhhhhhhhhhhhhhhhhhhhhhhhhhhhhhhhhhhhhhhhhhh"}, {"uid": "670017502", "content": "在现场"}, {"uid": "471210011", "content": "老攻"}, {"uid": "567418472", "content": "赤必负，小红输"}, {"uid": "498661719", "content": "我那时在现场，老嗨了"}, {"uid": "256359991", "content": "狗狍联手，三连拿走"}, {"uid": "520183387", "content": "这游戏真欢乐"}, {"uid": "66004096", "content": "热热还能吃"}, {"uid": "512982153", "content": "新片头！！！"}, {"uid": "513220879", "content": "ohhhhhhhhhhhhhhhhhhhhhhhhhhhh"}, {"uid": "632791503", "content": "努力了一下~"}, {"uid": "632791503", "content": "还可以让你登dua郎哦~"}, {"uid": "604188044", "content": "小奶狗呢"}, {"uid": "562254823", "content": "芜湖～"}, {"uid": "662812284", "content": "还有亿件事"}, {"uid": "28314585", "content": "ohhhhhhhhhhhhhhhhhhhhhhhhhhhh"}, {"uid": "497758311", "content": "我来看我老婆的直播啦"}, {"uid": "423819979", "content": "在现场(๑＞ڡ＜)☆"}, {"uid": "384536108", "content": "ohhhhhhhhhhhhhhhhhhhhhh"}, {"uid": "64967502", "content": "还有一件事！！"}, {"uid": "455320614", "content": "ohhhhhhhhhhhhhhhhhh"}, {"uid": "610751899", "content": "奥利给"}, {"uid": "91540322", "content": "ohhhhhhhhhhhh"}, {"uid": "33761262", "content": "上次给了"}, {"uid": "321229329", "content": "ohhhhhhhhhhhhhhhhhh"}, {"uid": "399595388", "content": "谢谢，吃饱了"}, {"uid": "529600954", "content": "↑你也不对劲"}, {"uid": "478197344", "content": "来了奥热乎的"}, {"uid": "479981609", "content": "好可爱ooo"}, {"uid": "182599278", "content": "你不对劲"}, {"uid": "176272552", "content": "完全一致"}, {"uid": "511010439", "content": "自动变色"}, {"uid": "146887662", "content": "ohhhhhhhhhhh"}, {"uid": "110873217", "content": "和雪人学的吗哈哈哈哈"}, {"uid": "508277184", "content": "ohhhhhhhhhhhhhhhhhhhh"}, {"uid": "449797528", "content": "老子今年28了！"}, {"uid": "611452683", "content": "真男人石粒"}, {"uid": "508277184", "content": "ohhhhhhhhhhhhhhhhhhhh"}, {"uid": "434431288", "content": "在现场"}, {"uid": "526850898", "content": "双鹿直播间"}, {"uid": "526850898", "content": "糖豆好甜啊"}, {"uid": "630556914", "content": "热热还能吃"}, {"uid": "498823658", "content": "激♂情"}, {"uid": "633976035", "content": "太牛了哈哈哈哈哈"}, {"uid": "578508112", "content": "热乎的！！"}, {"uid": "516302818", "content": "Ohhhhhhhhhhhhhhhhhh"}, {"uid": "445438430", "content": "ohhhhhhhhhhhhhhhhhhhhhhhhhhhhhhh"}, {"uid": "445438430", "content": "ohhhhhhhhhhhhhhhhhhhhhhhhhhhhhhh"}, {"uid": "446841153", "content": "双录糖豆"}, {"uid": "431877700", "content": "暗示不要三连"}, {"uid": "500623259", "content": "前面那个在开车♂"}, {"uid": "610498428", "content": "斗宗强者恐怖如斯"}, {"uid": "429646650", "content": "梅开二度"}, {"uid": "429646650", "content": "hhhhh叼图一堆"}, {"uid": "363832894", "content": "48了，哈哈哈哈"}, {"uid": "471555568", "content": "ohhhhhhhhhhhhhhhhhhhhhhhhhhhhhh"}, {"uid": "429646650", "content": "双重bgm"}, {"uid": "429646650", "content": "哈哈哈哈哈前几天的直播"}, {"uid": "522280434", "content": "ohhhhhhhhhh"}, {"uid": "636983326", "content": "来了，来了，热乎着呢。"}, {"uid": "518639325", "content": "一个小时，直接吃了"}, {"uid": "519308553", "content": "奶狗不会动"}, {"uid": "489433596", "content": "原力与你同在"}, {"uid": "526850898", "content": "老爹一起玩啊"}, {"uid": "526850898", "content": "老爹，你好！！！"}, {"uid": "495759026", "content": "ohhhhhhhhhhhhhhhhh"}, {"uid": "526850898", "content": "老爹好淘气啊"}, {"uid": "524680682", "content": "是不是前晚的录像"}, {"uid": "1464768062", "content": "护夫狂魔"}, {"uid": "2140514476", "content": "ohhhhhhhhhhhhhhhhhhhhhhhhhhhhhhhhhhhhhhhhhhhhhhhhhhhhhhhhhhhhhhhhhhhhhhh"}, {"uid": "588495697", "content": "69岁的老同志"}, {"uid": "651279902", "content": "电鹿，你在哪个直播间呢我立刻就去"}, {"uid": "436981560", "content": "钻到"}, {"uid": "2076906254", "content": "小奶狗设定十岁"}, {"uid": "475806397", "content": "电鹿是声优吧"}, {"uid": "274712414", "content": "左边的是电路板的老婆"}, {"uid": "1124331970", "content": "你实在是太对劲了"}, {"uid": "803468754", "content": "奶狗子不是小学生，只是开了变声器"}, {"uid": "1858331449", "content": "这个你只要在方块的最边缘试试就行了，一条命都可以不丢"}, {"uid": "567521773", "content": "暗示不要三连"}, {"uid": "567521773", "content": "互骂"}, {"uid": "33214085", "content": "过了但没完全过"}, {"uid": "522786672", "content": "ohhhhhhhhhhhhhhhhhhhhhhhhhhhhhhhhhhhhhhhhhhhhhhhhhhhhhhhhhhhhhhhhhhhhhhhhhhhhhhhhhhhhhhhhhhhhhhhhhhh"}, {"uid": "597130520", "content": "吃奶吃多了吗"}, {"uid": "315943211", "content": "当场起飞"}, {"uid": "597925573", "content": "小奶狗看身高，不像是11岁12岁"}, {"uid": "549603141", "content": "米奇不妙屋"}, {"uid": "507981037", "content": "下次一定"}, {"uid": "1007127042", "content": "哈哈哈哈哈哈"}, {"uid": "443274568", "content": "奶狗  一败涂地"}, {"uid": "68155206", "content": "ohhhhhhhhhhhhhhhhhhhhhhhhhhhhhhhhhhhhhhhhhhhhh"}, {"uid": "1066242338", "content": "毫无违和感"}, {"uid": "592326197", "content": "？？？？？？？4444个币了"}, {"uid": "697590199", "content": "o h h h h h h h h h h h h h h h h h h h h h h h h h h h"}, {"uid": "693513035", "content": "迪士尼警告"}, {"uid": "433185355", "content": "你不对劲"}, {"uid": "549274028", "content": "狍子必须是受"}, {"uid": "801586887", "content": "加油"}, {"uid": "676554470", "content": "你不对劲"}, {"uid": "506561145", "content": "69岁闪电鞭。"}, {"uid": "523655041", "content": "Ohhhhhhhhhhhhhhhhh"}, {"uid": "16804833", "content": "？？？？？？？？？？"}, {"uid": "666853445", "content": "活下去一起"}, {"uid": "666853445", "content": "你不对劲"}, {"uid": "687401423", "content": "来了来了"}, {"uid": "454499329", "content": "Steam."}, {"uid": "631562372", "content": "0.5倍享受基情（doge）"}, {"uid": "660392871", "content": "老婆大人～"}, {"uid": "290263621", "content": "？？？？？？？？？？？？"}, {"uid": "671475561", "content": "ohhhhhhhhhhhhhhhhhhhhhhhhhhhhhhhhhhh"}, {"uid": "662693332", "content": "Ohhhhhhhhhhhhhhhhhhhhhhhhhhhhhhhhhhhhhhh"}, {"uid": "629092878", "content": "上面说有一腿的过于真实"}, {"uid": "548573318", "content": "i了i了"}, {"uid": "32744560", "content": "哈哈哈哈哈哈"}, {"uid": "224993191", "content": "囍囍囍囍囍囍囍囍囍囍囍囍"}, {"uid": "300075518", "content": "冲冲冲！"}, {"uid": "441389014", "content": "ohhhhhhhhhhhhhhhhhhhhhhhhhhhhhhhhh"}, {"uid": "508412155", "content": "这，就是爱情吗，爷i了"}, {"uid": "601992460", "content": "吃着呢，谢谢"}, {"uid": "589849249", "content": "ohhhhhhhhhhhhhhhhhhhhhhhhhhhhhhhhhhhhhhhhhhhhhhhhhhhhhhhhhhhhhhhhhhhhhhhhhhhhhhhhhhhhhhhhhhhhhhhhhhh"}, {"uid": "479929377", "content": "啊～不要阿～"}, {"uid": "663992849", "content": "暗示不要三连"}, {"uid": "83017697", "content": "乔 碧 鹿"}, {"uid": "89670669", "content": "池石镇?"}, {"uid": "277935024", "content": "哈哈哈哈"}, {"uid": "517315591", "content": "伪声大师"}, {"uid": "407563685", "content": "左脚踩右脚"}, {"uid": "521670562", "content": "米奇不妙屋。"}, {"uid": "507425078", "content": "老头不妙屋。"}, {"uid": "416326965", "content": "完全一致"}, {"uid": "617742939", "content": "ohhhhhhhhhhhhhhhhhhhhhhhhhhhhhhhhhhhhhhhhhhhhhhhhhhhhhhhhhhhhh"}, {"uid": "505751918", "content": "o h h h h h h h h h h h h h"}, {"uid": "630354045", "content": "孩子都不放过"}, {"uid": "505650302", "content": "你不对劲"}, {"uid": "558217612", "content": "ohhhhhhh"}, {"uid": "397540968", "content": "声优都是魔鬼"}, {"uid": "247254641", "content": "毒奶"}, {"uid": "628609988", "content": "ohhhhhhhhhhhh"}, {"uid": "520266229", "content": "？？？？？？？？？0"}, {"uid": "591409875", "content": "完全一致"}, {"uid": "499697353", "content": "ohhhhhhhhhhhhhhhhhhhhhhhhhhhhhhhhhhhhhhhhhhhhhhhhhhhhhhhhhhhhhh"}, {"uid": "542837435", "content": "还有一件事。"}, {"uid": "652377174", "content": "雅虎"}, {"uid": "494876051", "content": "ohhhhhhhhhhhhhhhh"}, {"uid": "520191955", "content": "van游戏警告"}, {"uid": "550225444", "content": "这是什么游戏"}, {"uid": "510946062", "content": "什么情？"}, {"uid": "496864311", "content": "抢♂尾巴"}, {"uid": "628368292", "content": "垃什么(ﾟoﾟ;？"}, {"uid": "668866234", "content": "好的老爷爷没问题老爷爷"}, {"uid": "668866234", "content": "ohhhhhhhhhhhhhhhhhhhhhhhhhhhhhhhhhhhhhhhhhhhhhhhhhhhhhhhhhhhhhhhhhhhhhhhhhhhhhhhhhhhhhhhhhhhhhhhhhhh"}, {"uid": "518140339", "content": "鸡情"}, {"uid": "409552816", "content": "籽岷：这段要了"}, {"uid": "674083622", "content": "好萌"}, {"uid": "87585935", "content": "在现场"}, {"uid": "667608433", "content": "在龟友连锁上班"}, {"uid": "662831785", "content": "ohhhhhhhhhhhhhhhhhh"}, {"uid": "352046663", "content": "啊啊啊啊鹿野好可爱"}, {"uid": "488839140", "content": "ohhhhhhhhhhhhhhhhhhhhh"}, {"uid": "650918190", "content": "？？？？？？？？？？"}, {"uid": "640272691", "content": "下次再一起玩"}, {"uid": "525087636", "content": "哈哈哈哈哈哈哈"}, {"uid": "651362337", "content": "完全一致"}, {"uid": "477697435", "content": "ohhhhhhhhhhhhhhhhhhh"}, {"uid": "629007562", "content": "安男左女右。"}, {"uid": "350635213", "content": "你不要过来啊！"}, {"uid": "350635213", "content": "米奇不妙屋"}, {"uid": "428094497", "content": "卡莲快乐曲？？？？？"}, {"uid": "456611429", "content": "在现场"}, {"uid": "482862872", "content": "ohhhhhhhhhhh hhhh"}, {"uid": "627581819", "content": "你要和老爹斗法吗"}, {"uid": "19889135", "content": "ohhhhhhhhhhhhhhhh"}, {"uid": "352752297", "content": "我开了假的1080p"}, {"uid": "499312292", "content": "完全一致"}, {"uid": "40967776", "content": "伯伦希尔的荣耀"}, {"uid": "458109154", "content": "开始遛鬼。"}, {"uid": "672527623", "content": "你不对劲儿。"}, {"uid": "544366115", "content": "完全一致woc"}, {"uid": "439943409", "content": "你不对劲"}, {"uid": "439943409", "content": "你不对劲"}, {"uid": "479981609", "content": "好可爱www"}, {"uid": "434636673", "content": "made in heaven"}, {"uid": "433627763", "content": "？？？？？？？？？？？"}, {"uid": "520183387", "content": "ohhhhhhhhhhhhhhhhh"}, {"uid": "632791503", "content": "比游戏还刺鸡~"}, {"uid": "632791503", "content": "0.5倍有惊喜"}, {"uid": "646945729", "content": "你不对劲"}, {"uid": "40884157", "content": "哈哈哈哈哈哈哈哈哈哈哈哈哈哈"}, {"uid": "28314585", "content": "ohhhhhhhhhhhhhhhhhhhhhhhhhhhh"}, {"uid": "483711232", "content": "←前面的这是吃肉包的怂鼠"}, {"uid": "483711232", "content": "前面的这是吃肉包的怂鼠"}, {"uid": "501537042", "content": "ohhhhhhhhhhhhhhhhhhh"}, {"uid": "7850840", "content": "双厨狂喜！！！！"}, {"uid": "433564657", "content": "？？？？？？？？？？？？？？"}, {"uid": "630256201", "content": "四个小时了，不香了"}, {"uid": "542306389", "content": "让我来，老婆"}, {"uid": "516747842", "content": "哈哈哈哈哈哈"}, {"uid": "667730106", "content": "有角的是公鹿没角的是母是母鹿"}, {"uid": "506549661", "content": "完全一致"}, {"uid": "66781562", "content": "rua"}, {"uid": "565392018", "content": "傻狍子没出息，他骂你傻，你还不还手"}, {"uid": "441408753", "content": "诛仙！"}, {"uid": "546924638", "content": "差一步美满"}, {"uid": "434431288", "content": "在现场，"}, {"uid": "289830836", "content": "你这衰运"}, {"uid": "479905110", "content": "垃什么？？？"}, {"uid": "433610122", "content": "下次一定"}, {"uid": "603653543", "content": "是鹿野推的"}, {"uid": "340927925", "content": "种草达人"}, {"uid": "290485346", "content": "ohhhhhhhhhhhhh"}, {"uid": "33604125", "content": "来了来了"}, {"uid": "500623259", "content": "不要♂"}, {"uid": "585074931", "content": "ohhhhhhhhhhhhhhhhhhhhhhhhhhhh"}, {"uid": "588934735", "content": "爷青回"}, {"uid": "429646650", "content": "我可以"}, {"uid": "512083239", "content": "???????????/"}, {"uid": "544380993", "content": "诛仙成功"}, {"uid": "628227974", "content": "大仙快乐棒（doge）"}, {"uid": "523228731", "content": "一小时！热乎的！"}, {"uid": "489433596", "content": " 在现场"}, {"uid": "533003738", "content": "亿块电鹿版"}, {"uid": "544380993", "content": "热乎的"}, {"uid": "588732823", "content": "这是我老家"}, {"uid": "405056609", "content": "在现场"}, {"uid": "526850898", "content": "片头不错"}, {"uid": "414271293", "content": "ohhhhhhhhhhhhh"}, {"uid": "1464768062", "content": "你劲不对"}, {"uid": "1610690356", "content": "鹿野没动态图片"}, {"uid": "675281002", "content": "双鹿电池"}, {"uid": "1958575066", "content": "ohhhhhhhhhhhhhhhhhhhhhhhhhhhhhhhhhhhhhhhhhhhhhhhhhhhhhhhhhhhhhhh"}, {"uid": "592326197", "content": "前面的鹿野兽设十岁，真实年龄不详，在上初中"}, {"uid": "1226303265", "content": "毫无违和感"}, {"uid": "1455035578", "content": "电鹿说，A ~"}, {"uid": "567521773", "content": "他急了他急了"}, {"uid": "597130520", "content": "完了彻底的完了诶呀牛逼"}, {"uid": "315943211", "content": "好康的"}, {"uid": "315943211", "content": "老爹活了"}, {"uid": "551066910", "content": "台湾、香港等为解放省市尾巴（wei ba）读尾巴(yi ba)"}, {"uid": "676294437", "content": "ohhhhhhhhhhhhhhhhhhhhhhhhhhhhhhhhhhhhhhhhhhhhhh"}, {"uid": "427150991", "content": "ohhhhhhhhhhhhhhhhhhhhhhhhhhhhhhhhhhhhhhhhhhhhhhhhhhhhhhhhhhhhhhhhhhhhhhhhhhhhhhhhhhhhhhhhhhhhh"}, {"uid": "1007127042", "content": "好甜"}, {"uid": "1305647679", "content": "两个不明物种········"}, {"uid": "521790511", "content": "？？？？？？"}, {"uid": "701855287", "content": "真实～"}, {"uid": "362482486", "content": "ohhhhhhhhhhhhhhhhhhhhhhhhhhhhhhhhhhhh"}, {"uid": "1090049119", "content": "oh hhhhhhhhhhhhhhhhhhhhhhhhhhhhh"}, {"uid": "599270247", "content": "果然冲过"}, {"uid": "1066242338", "content": "情头"}, {"uid": "628015285", "content": "盖亚警告"}, {"uid": "488280097", "content": "一模一样"}, {"uid": "673648668", "content": "你不对劲"}, {"uid": "699111855", "content": "OHHHHHHHHHHHHHHHHHHHHHHH"}, {"uid": "589406244", "content": "当场对骂"}, {"uid": "405562430", "content": "ohhhhhhhhhhhhhhhhhhhhhhhhhh"}, {"uid": "38460763", "content": "衡量"}, {"uid": "593607719", "content": "暗示不要三连"}, {"uid": "499131376", "content": "？？？？？？"}, {"uid": "499131376", "content": "？？？？？？？？？？？？"}, {"uid": "499599455", "content": "0.5（doge）"}, {"uid": "451298230", "content": "你不对劲"}, {"uid": "673393446", "content": "写作业"}, {"uid": "483575671", "content": "危"}, {"uid": "673393446", "content": "双鹿电池"}, {"uid": "522874412", "content": "Ohhhhhhhhhhhhhhhhhhhhhhhhhhhhhh"}, {"uid": "660392871", "content": "哈哈哈哈哈"}, {"uid": "677044643", "content": "奶狗10～12这个样子"}, {"uid": "18718850", "content": "哈哈哈哈哈哈哈哈哈哈"}, {"uid": "694926519", "content": "《哦吼∝起飞》"}, {"uid": "499131376", "content": "？？？？？？？？？？？？？"}, {"uid": "630020544", "content": "？？？？？？？"}, {"uid": "497732922", "content": "好我冲了（doge）"}, {"uid": "651691757", "content": "你不对劲"}, {"uid": "595621731", "content": "ohhhhhhhhhhhhhhhhhhhhhhhhh"}, {"uid": "601405818", "content": "你不对劲"}, {"uid": "388290956", "content": "草草草草草草"}, {"uid": "388290956", "content": "草草草草草草"}, {"uid": "675699593", "content": "你不对劲"}, {"uid": "187584871", "content": "哈哈哈哈哈哈哈哈"}, {"uid": "675699593", "content": "你不对劲"}, {"uid": "401324669", "content": "垃什么？"}, {"uid": "652178584", "content": "人类一败涂地？"}, {"uid": "366080997", "content": "恶鹿狍哮"}, {"uid": "20409262", "content": "黄梅戏"}, {"uid": "641502157", "content": "芜湖～"}, {"uid": "630376490", "content": "你不对劲"}, {"uid": "439555571", "content": "红红火火恍恍惚惚"}, {"uid": "558217612", "content": "ohhhhhhhh"}, {"uid": "545479152", "content": "hhhhh"}, {"uid": "499603843", "content": "哈哈哈哈哈"}, {"uid": "499603843", "content": "都奶啊"}, {"uid": "551164315", "content": "awsl（doge）"}, {"uid": "437999269", "content": "ohhhhhhhhhh"}, {"uid": "520266229", "content": "？？？？？0"}, {"uid": "306091134", "content": "？？？？？"}, {"uid": "591409875", "content": "一模一样"}, {"uid": "496178320", "content": "？？？？？？？"}, {"uid": "93847426", "content": "一模一样"}, {"uid": "509074280", "content": "乐迪，起飞！"}, {"uid": "554632069", "content": "？？？？？？？？？？？"}, {"uid": "670589402", "content": "老婆真可爱(*╹▽╹*)"}, {"uid": "187584871", "content": "哈哈哈哈哈哈哈哈哈"}, {"uid": "187584871", "content": "哈哈哈哈哈哈哈哈哈"}, {"uid": "187584871", "content": "哈哈哈哈哈哈哈"}, {"uid": "524625752", "content": "哈哈！"}, {"uid": "486185312", "content": "傻狍子"}, {"uid": "520191955", "content": "鹿野几岁啊"}, {"uid": "530998734", "content": "ohhhhhhhhhhhhhhhhhhhhhhhhhhhhhhhhhhhhhhhhhhhhhhhhhhhhhhhhhhhhhhhhhhhhhhhhhhhhhhhhhhhhh"}, {"uid": "486185312", "content": "ohhhhhhhhhhhhhhhhhhhhhhhhhhhhhhhhhhhhhhhhhhhhhhhhhhhhhhhhhhhhhhhhhhhhhhhhhhhhhhhhhhhhhhhhhhhhhhhhhhh"}, {"uid": "16953706", "content": "ohhhhhhhhh"}, {"uid": "668866234", "content": "ohhhhhhhhhhhhhhhhhhhhhhhhhhhhhhh"}, {"uid": "673720046", "content": "少了鹿野好冷清"}, {"uid": "673720046", "content": "放弃吧，两个受是不可能在一起的"}, {"uid": "504652566", "content": "卧槽牛逼啊"}, {"uid": "411183739", "content": "哈哈哈哈哈哈哈哈哈哈哈"}, {"uid": "394950445", "content": "哈哈哈哈哈哈哈哈哈牛"}, {"uid": "477215660", "content": "籽岷不妙屋"}, {"uid": "520363580", "content": "我冲了"}, {"uid": "32956373", "content": "ohhhhhhhhhhhhhh"}, {"uid": "673393375", "content": "ohhhhhhhhhhhhhhhhhh"}, {"uid": "650456392", "content": "电鹿妙妙屋"}, {"uid": "19889135", "content": "ohhhhhhhhhhhhhhhh"}, {"uid": "19889135", "content": "哈哈哈哈哈哈哈哈"}, {"uid": "19889135", "content": "哈哈哈哈哈哈哈哈哈"}, {"uid": "585040002", "content": "左下角舰长是啥，和谐号？？"}, {"uid": "390284176", "content": "在现场"}, {"uid": "436398585", "content": "♂♂♂♂"}, {"uid": "454499329", "content": "傻狍子真的有点像女的"}, {"uid": "631206367", "content": "让我康康"}, {"uid": "544366115", "content": "ohhhhhhhhhhhhhhhhhhhhhhhhhhhhhhhhhhhhhhhhhhhhhhhhhhhhhhhhhhhhhhhhhhhhhhhhhhhhhhhhhhhhhhhhhhhhhhhhhhh"}, {"uid": "544366115", "content": "ohhhhhhhhhhhhhhhhhhhhhhhhhhhhhhhhhhhhhhh                                                            "}, {"uid": "668794573", "content": "？？？？？？？？？？？？？"}, {"uid": "522638430", "content": "你不对劲"}, {"uid": "437325476", "content": "ohhhhhhhhh"}, {"uid": "549749988", "content": "Ohhhhhhhhhhhhhhhhhhhhhhhh"}, {"uid": "589957805", "content": "画质感人"}, {"uid": "498661719", "content": "ohhhhhhhhhhhhhhhhh"}, {"uid": "25057202", "content": "草地"}, {"uid": "646106051", "content": "名场面"}, {"uid": "441099482", "content": "ohhhhhhhhhhhhhhhh"}, {"uid": "429987430", "content": "新片头、"}, {"uid": "632791503", "content": "还有一件事~抱抱老爹~"}, {"uid": "431160620", "content": "ohhhhhhhhhhhhhhhhhhhhhhhhhhhhhhhhhh"}, {"uid": "430090120", "content": "以巴"}, {"uid": "564681673", "content": "Ohhhhhhhhhhhhhhhhh"}, {"uid": "564681673", "content": "Ohhhhhhhhhhhh"}, {"uid": "501537042", "content": "ohhhhhhhhhhhhhhhhhh"}, {"uid": "501537042", "content": "哈哈哈哈哈哈哈哈"}, {"uid": "526520183", "content": "？？？？？？？？？？"}, {"uid": "436641293", "content": "哈哈哈哈哈哈好幼稚"}, {"uid": "511936797", "content": "ohhhhhh"}, {"uid": "149137443", "content": "好可爱呜呜呜呜呜呜呜"}, {"uid": "307003638", "content": "4个小时，还热乎"}, {"uid": "508721275", "content": "在现场"}, {"uid": "583453733", "content": "温的耶"}, {"uid": "511010439", "content": "？？？？？？？？？？？"}, {"uid": "66781562", "content": "rua"}, {"uid": "66270284", "content": "hhhhhh出局啦"}, {"uid": "454804351", "content": "上天的是挂b"}, {"uid": "450524030", "content": "在现场"}, {"uid": "2930104", "content": "我看过这个直播"}, {"uid": "546924638", "content": "哈哈哈哈哈哈哈"}, {"uid": "508277184", "content": "ohhhhhhhhhhhhhhhhhhhh"}, {"uid": "505012922", "content": "在现场"}, {"uid": "547314597", "content": "来了"}, {"uid": "646089346", "content": "再来亿遍"}, {"uid": "502836982", "content": "ohhhhhhhhhhhhhhhhhhhh"}, {"uid": "526850898", "content": "老爹啥时候来啦"}, {"uid": "527000582", "content": "三连"}, {"uid": "589309569", "content": "在现场"}, {"uid": "515722903", "content": "ohhhhhhhhhhhhhh"}, {"uid": "663196131", "content": "ohhhhhhhhhhhhhhhhhhhhhhhhh"}, {"uid": "500623259", "content": "刚刚好好听♂"}, {"uid": "526998961", "content": "ohhhhhhh"}, {"uid": "500623259", "content": "好听♂"}, {"uid": "487157998", "content": "冷了"}, {"uid": "39105022", "content": "哈哈哈哈哈哈"}, {"uid": "39105022", "content": "哈哈哈哈哈哈哈哈哈"}, {"uid": "39105022", "content": "老爹你好"}, {"uid": "484474463", "content": "哈哈哈哈哈哈"}, {"uid": "95895634", "content": "哈哈哈哈哈哈"}, {"uid": "39105022", "content": "哈哈哈哈哈哈"}, {"uid": "435236122", "content": "？？？？？？？？？"}, {"uid": "498342291", "content": "夫妻档"}, {"uid": "436797249", "content": "一个小时热乎的"}, {"uid": "413252530", "content": "傻狍子水印瞩目"}, {"uid": "484738833", "content": "自动变色"}, {"uid": "649729806", "content": "还有一件事"}, {"uid": "524226597", "content": "封面⋯⋯"}, {"uid": "510453771", "content": "前方0.5倍"}, {"uid": "40455007", "content": "神仙逻辑"}, {"uid": "430022168", "content": "喜当爹"}, {"uid": "452051154", "content": "哈哈哈哈哈哈哈哈哈"}, {"uid": "484851375", "content": "ohhhh"}, {"uid": "398843387", "content": "拉什么？"}, {"uid": "1486857478", "content": "一公一"}, {"uid": "1102307104", "content": "基♂情"}, {"uid": "670736281", "content": "哈哈哈哈哈哈哈"}, {"uid": "745841042", "content": "双小母鹿直播间"}, {"uid": "1278064143", "content": "geigei"}, {"uid": "608340909", "content": "b"}, {"uid": "489801681", "content": "怂鼠唉"}, {"uid": "504061788", "content": "闸总快乐关"}, {"uid": "666219251", "content": "van♂"}, {"uid": "666219251", "content": "馁~"}, {"uid": "454851003", "content": "杰哥不要啊"}, {"uid": "591080719", "content": "绿色皮西瓜的人就是我"}, {"uid": "1649137081", "content": "来了来了"}, {"uid": "1448517581", "content": "睾手"}, {"uid": "507981037", "content": "梅开二度"}, {"uid": "578811932", "content": "大枣小米水饭 ，枸杞小米水饭 "}, {"uid": "597130520", "content": "出来了被"}, {"uid": "667643711", "content": "前面那个猜年龄的自觉左上角"}, {"uid": "597925573", "content": "鹿野原声？"}, {"uid": "504173510", "content": "杰哥警告"}, {"uid": "631766722", "content": "下次一定"}, {"uid": "525614516", "content": "ohhhhhhhhhhhhhhhhhhhhhhhhhhhhhhhhhhhhhhhhhhhhhhhhhhhhhhhhhhhhhh"}, {"uid": "525614516", "content": "ohhhhhhhhhhhhhhhhhhhhhhhhhhhhhhhhhhhhhhhhhhhhhhhhhhhhhhhhhhhhhh"}, {"uid": "628210713", "content": "梅开二度"}, {"uid": "449670865", "content": "0.5！！！！！"}, {"uid": "701855287", "content": "ohhhhhhhhhhhhhhhhhhhhhhhhhhhhhhhhhhhhhhhhhhhhhhhhhhhhhhhhhhhhhh"}, {"uid": "549887880", "content": "0.5真香 "}, {"uid": "667891853", "content": "？？？？？？？？？？/"}, {"uid": "549887880", "content": "写作业去了 "}, {"uid": "2012603962", "content": "To be contion newd"}, {"uid": "667060508", "content": "？？？？？"}, {"uid": "394826540", "content": "是松鼠的声音"}, {"uid": "698142294", "content": "你不对劲"}, {"uid": "676554470", "content": "啊哥哥"}, {"uid": "470262313", "content": "松鼠"}, {"uid": "698142294", "content": "你不对劲"}, {"uid": "549749988", "content": "Ohhhhhhhhhhhhhhhhhhhhh"}, {"uid": "272843199", "content": "ohhhhhhhhhhhhhhhhhhhhhhhhhhhhhhhhhhhhhhhhhhhhhhhh"}, {"uid": "405562430", "content": "ohhhhhhhhhhhhhhhhhhhhhhhhhh"}, {"uid": "499131376", "content": "哈哈哈哈哈哈哈哈哈哈哈哈哈哈"}, {"uid": "698142294", "content": "你不对劲"}, {"uid": "629891135", "content": "ohhhhhhhhhhhhhhhhhhhhhhhhhhhhhh"}, {"uid": "441516745", "content": "哈哈哈哈哈哈哈"}, {"uid": "499131376", "content": "哈哈哈哈哈哈哈哈哈哈哈哈哈哈"}, {"uid": "352148809", "content": "ooohhh"}, {"uid": "224993191", "content": "？？？？？？？？？"}, {"uid": "522403943", "content": "卧槽好像啊"}, {"uid": "502723914", "content": "障碍狂欢（这1关）"}, {"uid": "522874412", "content": "哈哈哈哈哈"}, {"uid": "660392871", "content": "老婆好棒"}, {"uid": "660392871", "content": "老婆不哭"}, {"uid": "18718850", "content": "？？？？？？？"}, {"uid": "432297253", "content": "？？？？？"}, {"uid": "224993191", "content": "？？？？？？？？？"}, {"uid": "589716235", "content": "吃饱了"}, {"uid": "165152815", "content": "天堂制造"}, {"uid": "675699593", "content": "前方0.5倍速狂喜"}, {"uid": "22245372", "content": "@苏暖"}, {"uid": "7747809", "content": "哈哈哈哈哈哈哈哈哈哈哈哈哈哈"}, {"uid": "455320614", "content": "？？？？"}, {"uid": "504090599", "content": "ohhhhhhh"}, {"uid": "470426756", "content": "那味太冲了"}, {"uid": "38463101", "content": "一抹一样"}, {"uid": "651412858", "content": "awsl（dogs）"}, {"uid": "661522788", "content": "下次一定"}, {"uid": "475942365", "content": "闸总"}, {"uid": "479053099", "content": "快去整黄色"}, {"uid": "545479152", "content": "hhhhh"}, {"uid": "106103735", "content": "哈哈哈"}, {"uid": "479548437", "content": "ohhhhhhhhhhhhhhhhhhhhhhhhhhhhhhhhhhhhhhhhhhhhh"}, {"uid": "524161355", "content": "挂哥"}, {"uid": "591409875", "content": "这次一定"}, {"uid": "646813692", "content": "？？？？？"}, {"uid": "525043604", "content": "诛仙成功"}, {"uid": "646887809", "content": "你不对劲"}, {"uid": "661638450", "content": "ohhhhhhhhhhhhhhhhh"}, {"uid": "448599450", "content": "ohhhhhhhhhhhh"}, {"uid": "520191955", "content": "鹿野是电鹿的表弟吗？"}, {"uid": "477730367", "content": "闸总行为"}, {"uid": "617317746", "content": "ohhhhhhhhhh"}, {"uid": "413242257", "content": "哈哈哈哈哈哈哈哈哈哈"}, {"uid": "413242257", "content": "哈哈哈哈哈哈哈"}, {"uid": "672586417", "content": "大风车！（双厨）"}, {"uid": "495106326", "content": "ohhhhhhhhhhhhhhhhhhhhhhhhhhhhhhh"}, {"uid": "646284735", "content": "三鹿奶粉"}, {"uid": "480079806", "content": "？？？"}, {"uid": "373865980", "content": "在现场"}, {"uid": "639904333", "content": "芜湖∽起飞"}, {"uid": "411183739", "content": "妙啊！！！！"}, {"uid": "525631671", "content": "亿模亿样"}, {"uid": "640272691", "content": "哈哈哈"}, {"uid": "319468379", "content": "在现场在现场"}, {"uid": "616330156", "content": "老婆"}, {"uid": "291074219", "content": "你不对劲"}, {"uid": "672596821", "content": "男左女右"}, {"uid": "457907577", "content": "好康的"}, {"uid": "542841954", "content": "？？？？？？"}, {"uid": "449425172", "content": "迪士尼的法务部表示你俩侵权了"}, {"uid": "671683434", "content": "鹿野17"}, {"uid": "511966227", "content": "ohhhhhhhhhhhhhhhhhhh"}, {"uid": "19889135", "content": "ohhhhhhhhhhhhhhhh"}, {"uid": "482862872", "content": "哈哈哈哈哈哈"}, {"uid": "539940941", "content": "活下去"}, {"uid": "495944767", "content": "白城和"}, {"uid": "614929151", "content": "别吵了咱们都想歪了๑乛v乛๑嘿嘿"}, {"uid": "632358384", "content": "ohhhhhhhhhhhhh"}, {"uid": "632358384", "content": "ohhhhhhhhhhh"}, {"uid": "619329210", "content": "？？？？？？？"}, {"uid": "481236376", "content": "？？？？？？"}, {"uid": "651473934", "content": "鹿野多大"}, {"uid": "76841152", "content": "在现场！"}, {"uid": "519658864", "content": "下次一定"}, {"uid": "492776262", "content": "这⊙﹏⊙"}, {"uid": "386269004", "content": "ohhhhhhhhhhhh"}, {"uid": "549749988", "content": "Ohhhhhhhhhhhhhhhhhhhhh"}, {"uid": "27732045", "content": "在现场"}, {"uid": "441099482", "content": "ohhhhhhhhhhhhhhhhh"}, {"uid": "288112587", "content": "？？？？？？？？"}, {"uid": "512982153", "content": "ohhhhhhhhhhhhhhhhhhhhhhhhh"}, {"uid": "512982153", "content": "哈哈哈哈哈"}, {"uid": "507498458", "content": "双厨狂喜"}, {"uid": "503537341", "content": "爷青回"}, {"uid": "409627374", "content": "ohhhhhhhhh"}, {"uid": "40884157", "content": "啊 我过了 啊我没过"}, {"uid": "29153183", "content": "ohhhhh"}, {"uid": "486811946", "content": "在现场！"}, {"uid": "34821275", "content": "迷死噶慕斯噶"}, {"uid": "34821275", "content": "一模一样"}, {"uid": "431160620", "content": "ohhhhhhhhhhhhhhhhhhhhhhhhhhhhhhhhhh"}, {"uid": "390262148", "content": "好欢乐啊"}, {"uid": "390262148", "content": "哈哈哈哈哈"}, {"uid": "390262148", "content": "好厉害阿"}, {"uid": "390262148", "content": "哇喔"}, {"uid": "431160620", "content": "ohhhhhhhhhhhhhhhhhhhhhhhhhhhhhhhhhh"}, {"uid": "661379230", "content": "ohhhhhhhhhhhhhhhhhhhhhhhhhhhhhhhhhhhhhhhhhhhhhhhhhhhhhhhhhhhhhhh"}, {"uid": "502314908", "content": "你不对劲"}, {"uid": "501537042", "content": "哈哈哈哈"}, {"uid": "557932219", "content": "哈哈哈哈哈哈哈"}, {"uid": "501537042", "content": "ohhhhhhhhhhhhhhh"}, {"uid": "501537042", "content": "ohhhhhhhhhhhhhhh"}, {"uid": "608387754", "content": "ohhhhhhhhhhhhhhhhhhhh"}, {"uid": "400563007", "content": "有内味了"}, {"uid": "513850264", "content": "？？？？"}, {"uid": "617229492", "content": "来啦，热乎的"}, {"uid": "587968356", "content": "ohhhhhhhhhhhhhhhhhhhhhhhhhhhhhhhhhhhhhhhhhhhhhhhhhhhhhhhhhhhhhhhhhhhhhhhhhhhhhhhhhhhhh"}, {"uid": "479981609", "content": "好可爱w"}, {"uid": "484748742", "content": "哈哈哈哈哈哈哈哈"}, {"uid": "535960102", "content": "ohhhhhh"}, {"uid": "409624149", "content": "爷青回"}, {"uid": "639874371", "content": "我要吃！！！"}, {"uid": "418288996", "content": "阿姨压一压～"}, {"uid": "522452175", "content": "在现场"}, {"uid": "403529478", "content": "在现场"}, {"uid": "285362778", "content": "ohhhhhhhhhhhh"}, {"uid": "87382478", "content": "来了"}, {"uid": "289830836", "content": "哈哈哈哈哈哈哈哈哈哈哈"}, {"uid": "479905110", "content": "完全一样"}, {"uid": "526850898", "content": "我在现场"}, {"uid": "526850898", "content": "可可爱爱"}, {"uid": "527000582", "content": "逻辑带师"}, {"uid": "485597852", "content": "？？？？？？"}, {"uid": "603653543", "content": "GG狍子"}, {"uid": "194685560", "content": "ohhhhhhhhhhhhhhhh"}, {"uid": "551029621", "content": "在现场"}, {"uid": "276535225", "content": "有内味了"}, {"uid": "276535225", "content": "哈哈哈哈哈"}, {"uid": "585074931", "content": "ohhhhhhhhhhhhhhhhhhhhhhhhhhhhhhhh"}, {"uid": "500623259", "content": "好看的♂"}, {"uid": "276535225", "content": "哈哈哈哈"}, {"uid": "610498428", "content": "在现场"}, {"uid": "39105022", "content": "ohhhhhhhhhhhhhhhhhhh"}, {"uid": "487317603", "content": "ohhhhhhhhhhhhhhhhhhhhhhhhhhhh"}, {"uid": "39105022", "content": "呵呵哈哈哈哈哈哈哈哈哈"}, {"uid": "484474463", "content": "？？？？"}, {"uid": "522742541", "content": "傻狍子，你尾巴怎么在前面？"}, {"uid": "18146602", "content": "来了"}, {"uid": "237594080", "content": "hhhhhhhh"}, {"uid": "237594080", "content": "hhhhhhhhhhhhh"}, {"uid": "521976021", "content": "热乎"}, {"uid": "526850898", "content": "哈哈哈哈哈"}, {"uid": "1610690356", "content": "我猜到"}, {"uid": "635579278", "content": "和平精英绿洲启源某模式现状"}, {"uid": "1714958568", "content": "ohhhhhhhhhhhhhhhhhhhhhhhhhhhhhhhhhhhhhhhhhhhhhhhhhhhhhhhhhhhhhhhhhhhhhhhhhhhhhhhhhhhhhhhhhhhhhhhhhh"}, {"uid": "588495697", "content": "闸总"}, {"uid": "1034573716", "content": "难度老爹的配音员是电鹿吗？"}, {"uid": "696406529", "content": "登dua郎"}, {"uid": "2115634609", "content": "砸 种"}, {"uid": "745841042", "content": "和我差不多吧，我11"}, {"uid": "745841042", "content": "老爹呢"}, {"uid": "567521773", "content": "可 爱"}, {"uid": "578755134", "content": "hhhhhh"}, {"uid": "507590916", "content": "三连的都会被枪毙"}, {"uid": "522786672", "content": "哈哈哈哈哈哈哈哈哈"}, {"uid": "616330156", "content": "怂鼠？"}, {"uid": "615806239", "content": "前方高能"}, {"uid": "315943211", "content": "对有被孝到"}, {"uid": "133006483", "content": "yi巴北方都常见，不是特定省份"}, {"uid": "1075447979", "content": "哈哈哈哈哈哈哈"}, {"uid": "675100654", "content": "OHHHHHHHHHHHHHHHHHHHHHHHHHHHHHHHHHHHHHHH"}, {"uid": "1648400915", "content": "真不错"}, {"uid": "676554470", "content": "哈哈哈哈哈哈哈哈哈"}, {"uid": "450958769", "content": "？？？？？？"}, {"uid": "510669402", "content": "老爹牛逼。"}, {"uid": "417068691", "content": "ohhhhhhhhhhhhh"}, {"uid": "702232481", "content": "ohhhhhhhhhh3"}, {"uid": "472847172", "content": "芜！"}, {"uid": "581635561", "content": "哈哈哈哈哈哈哈哈"}, {"uid": "214690501", "content": "哈哈哈哈哈"}, {"uid": "499131376", "content": "妙啊"}, {"uid": "698513597", "content": "袜"}, {"uid": "24608886", "content": "?????????"}, {"uid": "477796205", "content": "ohhhhhhhhh"}, {"uid": "661710901", "content": "MNBNBNB\\"}, {"uid": "687401423", "content": "哈哈哈"}, {"uid": "695701650", "content": "ohhhhhhhhhhhhhhhhhh"}, {"uid": "673393446", "content": "哈哈哈哈"}, {"uid": "647954216", "content": "ohhhhhhhhhhhhhhhhhhhhhhhhhhhhhhhhhhhhhhhhhhhhhhhhhhhhh"}, {"uid": "661545944", "content": "ohhhhhhhhhhhhhhhhhhhhhhhh"}, {"uid": "671475561", "content": "ohhhhhhhhhhhhhhhhhhhhhhh"}, {"uid": "28705680", "content": "哈哈哈哈"}, {"uid": "28226492", "content": "不是18岁吗？"}, {"uid": "520037567", "content": "大家注意，玩这个游戏最好不要跳扑，最好是跳"}, {"uid": "662801251", "content": "ohhhhhhhhhh"}, {"uid": "32744560", "content": "ohhhhhhhhhhh"}, {"uid": "526050874", "content": "老爹"}, {"uid": "527569153", "content": "空降"}, {"uid": "388290956", "content": "花花花花花花"}, {"uid": "650922865", "content": "哈哈哈哈哈哈哈哈哈"}, {"uid": "277935024", "content": "？？？？"}, {"uid": "667818337", "content": "哈哈哈哈哈哈哈哈"}, {"uid": "625996500", "content": "在现场"}, {"uid": "505751918", "content": "h h h h h h h h h h b"}, {"uid": "235185874", "content": "ohhhhhhhhhhhhhhhhhhhhhhhhhh"}, {"uid": "623533506", "content": "盒盒盒盒"}, {"uid": "638288677", "content": "（＾v＾）"}, {"uid": "433390953", "content": "危"}, {"uid": "243674362", "content": "ohhhhhhhhhhhhhhh"}, {"uid": "426248283", "content": "嘿，你丫瞅什么呀瞅，是我，你爹"}, {"uid": "646296062", "content": "在现场"}, {"uid": "667781019", "content": "双受"}, {"uid": "499603843", "content": "哈哈哈哈哈哈哈哈"}, {"uid": "102127868", "content": "炒豆子"}, {"uid": "517335313", "content": "ohhhhh"}, {"uid": "39231194", "content": "人性"}, {"uid": "447496198", "content": "哈哈哈哈哈"}, {"uid": "667772978", "content": "鹅鹅鹅鹅鹅鹅"}, {"uid": "417790841", "content": "岷老鼠的位置不保"}, {"uid": "506611303", "content": "垃什么？"}, {"uid": "667284392", "content": "ohhhhhhhhhhhhhhhhhh "}, {"uid": "411183739", "content": "？？？？？？？"}, {"uid": "187584871", "content": "哈哈哈哈哈哈哈哈哈"}, {"uid": "520191955", "content": "ohhhhhhhhhhhhh"}, {"uid": "520191955", "content": "ohhhhhhhhhhhhhhhhhh"}, {"uid": "520191955", "content": "你不对劲"}, {"uid": "604643782", "content": "在现场"}, {"uid": "519673374", "content": "你很不对劲。"}, {"uid": "280600956", "content": "袜！"}, {"uid": "515004178", "content": "小奶狗不见了"}, {"uid": "481582869", "content": "ohhhhhhhhhhhhhhhhh"}, {"uid": "481582869", "content": "ohhhhhhhhhhhhhhhhh"}, {"uid": "481582869", "content": "hhhhhhhhhhhhhhhhhhhhhhhhhhhhhh"}, {"uid": "510946062", "content": "真的假的"}, {"uid": "662831785", "content": "ohhhhhhhhhhh"}, {"uid": "524798136", "content": "ohhhhhhh"}, {"uid": "667383270", "content": "下次不一定。"}, {"uid": "488839140", "content": "ohhhhhhhhhhhhhhhhhhhhhh"}, {"uid": "89581049", "content": "ohhhhhhhhh"}, {"uid": "625287650", "content": "？？？？？？？？？？？？？"}, {"uid": "477697435", "content": "ohhhhhhhhhhhhhhhhhhhhhhhhhhhhhh"}, {"uid": "491960801", "content": "双受"}, {"uid": "616549133", "content": "ohhhhhhhhhhhhhhhhhhhhhhhhhhhhhhhhhhhhhhhhhhhhhhhhhhhhhhhhhhhhhh"}, {"uid": "627923653", "content": "哈哈哈哈哈哈哈哈哈哈哈哈好"}, {"uid": "496109875", "content": "芜湖~"}, {"uid": "479763589", "content": "不应该在上次合作应该脑子烧坏了吧不对应该是电路板脑子√"}, {"uid": "492169821", "content": "鹿野是受"}, {"uid": "619329210", "content": "坚强"}, {"uid": "525043604", "content": "不是28（什）"}, {"uid": "390262148", "content": "在现场"}, {"uid": "452734608", "content": "ohhhhhhhhhhhhhhh"}, {"uid": "412653481", "content": "同款口音"}, {"uid": "524811623", "content": "哲学"}, {"uid": "86449989", "content": "想想想想想想！！"}, {"uid": "36589385", "content": "ohhhhhhhhhhhhhhhh"}, {"uid": "287707644", "content": "哈哈哈哈哈"}, {"uid": "520183387", "content": "！？"}, {"uid": "520183387", "content": "哈哈哈哈"}, {"uid": "520183387", "content": "ohhhhhhhhhhhhhhhhhh"}, {"uid": "512982153", "content": "ohhhhhhhhhhhhhhhhhhhhhhhhhhhhh"}, {"uid": "632791503", "content": "一模一样"}, {"uid": "632791503", "content": "日呃！"}, {"uid": "477398375", "content": "OHHHHHHHHHHHHHH"}, {"uid": "514658724", "content": "？？？"}, {"uid": "455270495", "content": "23333"}, {"uid": "322338591", "content": "好gay"}, {"uid": "588578847", "content": "没人。"}, {"uid": "399369202", "content": "是赤必负"}, {"uid": "28314585", "content": "？？？？"}, {"uid": "523901691", "content": "鹿野牛逼"}, {"uid": "557932219", "content": "ohhhhhhhhhhhhhhhhhh"}, {"uid": "435627253", "content": "我dio下来了"}, {"uid": "515562499", "content": "来了"}, {"uid": "617229492", "content": "ohhhhhhhhhhhhhhhhhhhhhhhhhhhhhh"}, {"uid": "504870590", "content": "ohhhhhhh"}, {"uid": "627456331", "content": "wow'ohhhhhhhhhhh"}, {"uid": "479981609", "content": "啊啊啊啊"}, {"uid": "484748742", "content": "ohhhhhhhh"}]