[{"uid": "497416900", "content": "热气球：你不要过来啊"}, {"uid": "454906988", "content": "十  五  世  纪"}, {"uid": "435443450", "content": "芙兰：别拦我，我要撕了他"}, {"uid": "2056260445", "content": "羊妈： 你不要过来啊"}, {"uid": "1068075074", "content": "《从百草园草到三味书屋》"}, {"uid": "695271256", "content": "渔夫：这个我会，让我来"}, {"uid": "477063317", "content": "小嘴抹了hachimi似的"}, {"uid": "476581828", "content": "《学   会   了》"}, {"uid": "604898551", "content": "队友∶对面阿里巴巴没有闪现"}, {"uid": "518212759", "content": "蓝蓝路教主！！！"}, {"uid": "518212759", "content": "蓝蓝路"}, {"uid": "1405924340", "content": "正片开始"}, {"uid": "694511573", "content": "刚看完最终鬼畜蓝蓝路。。现在一身冷汗（心理承受能力差的孩子哭了）"}, {"uid": "372175770", "content": "草，才发现我看过"}, {"uid": "88977203", "content": "赏个崽儿？！"}, {"uid": "656701963", "content": "哈利：自愧不如"}, {"uid": "448768258", "content": "谷  歌  翻  译"}, {"uid": "620726813", "content": "查尔斯:这操作我熟"}, {"uid": "470649396", "content": "所以 电鹿才1岁吗？(doge)"}, {"uid": "1078133224", "content": "高情商：下次不一定"}, {"uid": "527496819", "content": "马云:感谢选择我们公司的产品"}, {"uid": "498824205", "content": "高  音  萨  克  斯"}, {"uid": "694511573", "content": "两岸猿声啼不住"}, {"uid": "2499412", "content": "只有真正的魔王才能吧头旋转360°"}, {"uid": "2499412", "content": "总算让我学会了自己上厕所"}, {"uid": "629101488", "content": "法棍因语言过激被踢出直播间"}, {"uid": "2037104025", "content": "阿里巴巴 掉出了这个世界"}, {"uid": "1878049693", "content": "《渔夫の故事》"}, {"uid": "278035309", "content": "跃跃欲试"}, {"uid": "92044066", "content": "破坏「令芙兰朵露生气然后爆炸对方的舞蹈」"}, {"uid": "1863565738", "content": "动作指导：MTT"}, {"uid": "1089708117", "content": "注意，记住这句“还是得看这里”"}, {"uid": "1015640248", "content": "《渔夫的故事》"}, {"uid": "478898765", "content": "呼 伦 贝 尔 大 草 原"}, {"uid": "694624566", "content": "流  氓  动  画"}, {"uid": "437073744", "content": "阿福揍扁了老鼠（完全混乱）"}, {"uid": "643721136", "content": "MTT形为"}, {"uid": "602533105", "content": "继承王位的利夜：啥也别说了 把这个人类的灵魂拿到手之后赶紧去占领地面世界"}, {"uid": "1015640248", "content": "杀到傻狍子床上的那个你是魔鬼吗？"}, {"uid": "509270701", "content": "Dioの天堂"}, {"uid": "457320919", "content": "所罗门的封印。。。"}, {"uid": "67933042", "content": " 众所周知，中世纪已经有合金吊臂了。"}, {"uid": "602533105", "content": "莱特兄弟因语言过激被踢出直播间"}, {"uid": "623614346", "content": "《学 会 用 脑》"}, {"uid": "623614346", "content": "《论伊波特山下的遗迹装修成孤儿院这回事》"}, {"uid": "689857820", "content": "《请为陨落的人类取名》"}, {"uid": "27443654", "content": "老steam用户了"}, {"uid": "2417359", "content": "《帅    哥》"}, {"uid": "342190496", "content": "到底学会了什么哈哈哈哈哈哈"}, {"uid": "483344346", "content": "0.5倍速，仍然是瞬移过来的……"}, {"uid": "1279791310", "content": "其实，我们学校作业不用写啊哈哈，但是上网课任务一堆"}, {"uid": "525968173", "content": "动作及运气指导：狛枝凪斗"}, {"uid": "499323409", "content": "中  国  好  队  友"}, {"uid": "650999993", "content": "渔 夫 の 迷 惑 行 为"}, {"uid": "438619637", "content": "《好  队  友》"}, {"uid": "179213183", "content": "言 简 意 赅"}, {"uid": "356979872", "content": "《早知道开瓶子也会被玩坏》"}, {"uid": "451737415", "content": "渔 夫 与 魔 鬼"}, {"uid": "33910702", "content": "颜 值 担 当"}, {"uid": "442188979", "content": "最 终 鬼 畜 大 小 姐"}, {"uid": "386566805", "content": "《从百草园杀到环球音乐》"}, {"uid": "87613233", "content": "瓶 易 进 人"}, {"uid": "406798912", "content": "原来你是小母鹿啊"}, {"uid": "520629047", "content": "您现在阅读的是：渔翁与魔鬼"}, {"uid": "437359086", "content": "蜘 蛛 侠 ：英 雄 远 征"}, {"uid": "588560935", "content": "可以，他们是奸商！（doge"}, {"uid": "669478473", "content": "究极生物魔王诞生了！"}, {"uid": "348930021", "content": "注：“你们”一词暗示了电鹿是女的"}, {"uid": "314017822", "content": "夫  唱  妇  随"}, {"uid": "388588165", "content": "《有些事，还是要靠这里》"}, {"uid": "514507395", "content": "锁罗门王の故事"}, {"uid": "2039943657", "content": "A l t e r  E g o"}, {"uid": "32903113", "content": "《 热 气 球 》"}, {"uid": "478346043", "content": "《有些事，还得靠这个》"}, {"uid": "501875308", "content": "蕾米你怎么用芙兰的曲子啊（"}, {"uid": "489406472", "content": "沙匕二号↓"}, {"uid": "656701963", "content": "来自拉文克劳四年级生的肯定：宁自学技术属实牛逼"}, {"uid": "687364516", "content": "《全世界的王》"}, {"uid": "1136436778", "content": "好俊俏的姑娘！"}, {"uid": "473156797", "content": "如果电鹿出了（事）就是我淦的"}, {"uid": "2042917311", "content": "唯一建模正常的：瓶子变得小孩"}, {"uid": "694511573", "content": "小花：卧槽这啥东西！吔我友谊颗粒！"}, {"uid": "694511573", "content": "圣空星某人造神：？"}, {"uid": "694511573", "content": "阿噫芭芭————"}, {"uid": "2499412", "content": "“你们男孩子”"}, {"uid": "431687189", "content": "好  对   友"}, {"uid": "624291201", "content": "《衰葛》"}, {"uid": "648010584", "content": "《有些事还是得靠这里》"}, {"uid": "597840674", "content": "江之岛盾子:真正的绝望影片"}, {"uid": "668131356", "content": "《 你 们 》"}, {"uid": "1033457698", "content": "《 热 气 球 》"}, {"uid": "662159660", "content": "《阿里巴巴2锁罗门疯印》"}, {"uid": "454295641", "content": "《平移》"}, {"uid": "609846035", "content": "《大聪明》"}, {"uid": "507090970", "content": "从百草园杀到呼伦贝尔大草原"}, {"uid": "122652323", "content": "海 克 斯 最 后 通 牒"}, {"uid": "2117901169", "content": "《好队友》"}, {"uid": "686068345", "content": "一个字:鬼！"}, {"uid": "34446106", "content": "魏延直呼内行"}, {"uid": "476113620", "content": "《有些事，还得靠这里》"}, {"uid": "602258110", "content": "职业:蝙蝠侠的超级敌人"}, {"uid": "661478212", "content": "《中国好队友》"}, {"uid": "402761423", "content": "居然还有腹肌"}, {"uid": "665587391", "content": "呃从一只鹿转变为鸽子的事实"}, {"uid": "623614346", "content": "《梅 开 二 度》"}, {"uid": "477086689", "content": "莫名感觉这建模怪可爱的"}, {"uid": "1879308836", "content": "《热 气 球》"}, {"uid": "1617400499", "content": "《渔夫和魔鬼》"}, {"uid": "615538257", "content": "羊妈:wdnmd我不玩了"}, {"uid": "97689213", "content": "正   成   疯"}, {"uid": "432157608", "content": "这让我想起了小时候语文课上的课，但TM………"}, {"uid": "689857820", "content": "电鹿的表弟电鸽"}, {"uid": "690815813", "content": "迪奥:手里的面包不香了"}, {"uid": "648034805", "content": "《有些事还是要靠这里》"}, {"uid": "426939727", "content": "睾 科 技♂"}, {"uid": "666587138", "content": "鱼姐表示很淦"}, {"uid": "666587138", "content": "羊妈表示很淦"}, {"uid": "488148258", "content": "绝  望  带  头  人"}, {"uid": "483344346", "content": "成长SSS"}, {"uid": "521664596", "content": "充满智慧的眼神"}, {"uid": "457133948", "content": "玄武国最高悬赏令名单"}, {"uid": "480480809", "content": "《中国队友行为》"}, {"uid": "299577219", "content": "看多了阴间脸皮子连这小孩都觉得眉清目秀"}, {"uid": "431330457", "content": "老   八   建   模"}, {"uid": "527241687", "content": "《面    包    虫》"}, {"uid": "541550687", "content": "好家伙，你被关了四百年脑子还退化了"}, {"uid": "437229071", "content": "《儿 童 劫》"}, {"uid": "695852290", "content": "请停止你的渔夫行为！"}, {"uid": "626474814", "content": "《有些事  还得靠这个》"}, {"uid": "308906789", "content": "你又勾引我？？？"}, {"uid": "402729893", "content": "这里    空空的"}, {"uid": "626968915", "content": "孙悟空：嘿，这是我重孙哩"}, {"uid": "635579278", "content": "《besiege》"}, {"uid": "584868860", "content": "这个帅哥身体里塞的博人转"}, {"uid": "1590168538", "content": "大地:我裂开了"}, {"uid": "458158103", "content": "你是一个成熟的魔王了，要学会自我封印"}, {"uid": "604898551", "content": "出一期瞎一期"}, {"uid": "135738", "content": "文 艺 复 兴 复 兴"}, {"uid": "590628847", "content": "mtt：好的，这个嘉宾是第一次上这个舞台，也是最后一次！"}, {"uid": "519260835", "content": "靠 这 里"}, {"uid": "519260835", "content": "毫无违和感"}, {"uid": "518212759", "content": "芙兰至今被关了五百多年"}, {"uid": "589853466", "content": "勾股定理"}, {"uid": "694511573", "content": "感情四百年关了个弱智（）"}, {"uid": "448768258", "content": "降维打击"}, {"uid": "699655314", "content": "BGM：dummy"}, {"uid": "552609898", "content": "我##在吃面包啊"}, {"uid": "2026925680", "content": "《冥  场   面》"}, {"uid": "629960333", "content": "颜值担当！！！！！"}, {"uid": "1929260310", "content": "火元素抗性：100%"}, {"uid": "647271634", "content": "《伟大发明热气球》"}, {"uid": "553310253", "content": "原地升天（太阳在距离我们约1亿5千万千米的天上）"}, {"uid": "1015640248", "content": "《从百草园杀到三味书味》"}, {"uid": "602937590", "content": "《看最后一次》"}, {"uid": "276991299", "content": "sans因语言过激被踢下了核心"}, {"uid": "518878106", "content": "小fa：吔我友谊颗粒"}, {"uid": "694624566", "content": "热    气    球"}, {"uid": "437073744", "content": "孖得，吓我一大跳，快陪我精神损失费"}, {"uid": "392604788", "content": "一出现羊驼王子就刷花花那个，我忍你很久了（doge）"}, {"uid": "1991282255", "content": "一样（注：我拍快手）"}, {"uid": "525224463", "content": "从高速公鹿杀到电鹿家"}, {"uid": "513713738", "content": "请君入瓮"}, {"uid": "676175208", "content": "《渔夫与魔鬼》"}, {"uid": "616449609", "content": "颜值担当的小孩"}, {"uid": "210009443", "content": "名侦探柯南剧场版第六集"}, {"uid": "1379853979", "content": "正在驯服狼的你"}, {"uid": "1379853979", "content": "等等，我特么以前为什么要看这伞兵癫音"}, {"uid": "692719905", "content": "给傻狍子一个二连没有硬币 "}, {"uid": "602533105", "content": "挖坑给自己跳"}, {"uid": "1822700100", "content": "福:这个我熟"}, {"uid": "661478212", "content": "这段阿伟反复去世"}, {"uid": "661478212", "content": "苦力怕（幻听）"}, {"uid": "192411293", "content": "求你别再说了，牛顿的棺材板要压不住了 你他妈见过面，包会悬空的 "}, {"uid": "1402530709", "content": "穿模 王，你需不需要19年义务教♂育"}, {"uid": "1028478664", "content": "在屏幕前的我笑出口水"}, {"uid": "33756194", "content": "上面的老剪子了"}, {"uid": "689857820", "content": "人类清除计划"}, {"uid": "374762348", "content": "王冠经费担当"}, {"uid": "90576425", "content": "完全一致（）"}, {"uid": "525222118", "content": "完     全"}, {"uid": "1854788790", "content": "回 收 开 头"}, {"uid": "666587138", "content": "小羊表示很淦"}, {"uid": "666587138", "content": "羊爸表示很淦"}, {"uid": "666587138", "content": "Gaster表示很淦"}, {"uid": "499845327", "content": "小幽灵:这不我BGM吗？"}, {"uid": "27935198", "content": "文艺复兴"}, {"uid": "649652700", "content": "你看我的等级像是给人投过币的样子"}, {"uid": "496600229", "content": "所以你到底是不是只母鹿"}, {"uid": "362307122", "content": "原来你是小母鹿啊，嘿嘿嘿"}, {"uid": "508753717", "content": "请问有考虑过为电鹿提供无痛分娩吗"}, {"uid": "499407903", "content": "狛枝凪斗直呼内行"}, {"uid": "631206367", "content": "今天开始我要自己上厕所~"}, {"uid": "322280543", "content": "《如果早知道打开瓶子也会被……》"}, {"uid": "687311759", "content": "*电鹿试图勾引你，这使你充满了绝心"}, {"uid": "588690420", "content": "*电鹿试图勾引你"}, {"uid": "549329752", "content": "大肠杆菌"}, {"uid": "642530818", "content": "博人传：就这？就这？就这？"}, {"uid": "429695131", "content": "精 神 污 染"}, {"uid": "504920706", "content": "老steam用户了"}, {"uid": "497378268", "content": "我怀疑这是苏云金杆菌"}, {"uid": "542303159", "content": "CaCO3=高温= CaO＋CO2↑"}, {"uid": "542303159", "content": "小嘴跟抹了蜜似的"}, {"uid": "454128025", "content": "村民:我都能被塞瓶子里，他自然也能"}, {"uid": "521979692", "content": "《有些事，还得靠这里》"}, {"uid": "629071300", "content": "这部电视剧: 脑子是什么玩意"}, {"uid": "408456742", "content": "《最后看一次》"}, {"uid": "515148456", "content": "我特么看过，当时居然还脑抽的觉得很好看"}, {"uid": "1591375325", "content": "国际惯例三个愿望"}, {"uid": "1495015679", "content": "飞   雷   神"}, {"uid": "484662319", "content": "毛骨悚然"}, {"uid": "501875308", "content": "芙兰直接捏爆屏幕"}, {"uid": "518212759", "content": "芙兰表示很淦"}, {"uid": "1380876147", "content": "芙兰朵露•斯卡雷特（"}, {"uid": "622082663", "content": "《我叫它热气球》"}, {"uid": "489406472", "content": "抱枕组准备。"}, {"uid": "489406472", "content": "在粑粑里游泳"}, {"uid": "503738317", "content": "frisk因语言过激被踢出直播间（手动滑稽）"}, {"uid": "1078133224", "content": "《在蛆虫中游泳》"}, {"uid": "527496819", "content": "看他笑的多开心呐！"}, {"uid": "489160706", "content": "player表示很淦"}, {"uid": "566802034", "content": "我的最后一个币呀！就给你了。"}, {"uid": "1542427841", "content": "你告诉我它能煮馒头！？"}, {"uid": "651511084", "content": "低情商已三连高情商下次一定"}, {"uid": "252548344", "content": "《学了400年，不知不觉脑子就瓦特了》"}, {"uid": "700324855", "content": "*你大声呼救，但是谁也没有来。也许他们被你吓跑了"}, {"uid": "488473216", "content": "(有些事儿还可以靠这个)"}, {"uid": "518878106", "content": "好 对 友"}, {"uid": "475716272", "content": "教主啊啊啊啊你怎么了——"}, {"uid": "1914778139", "content": "牛顿想扇你。"}, {"uid": "479068540", "content": "是谁在拍肚皮"}, {"uid": "627083431", "content": "我已经想用领带，ss自己了。"}, {"uid": "651737787", "content": "呦西，花姑凉"}, {"uid": "670778224", "content": "我从未见过有如此厚颜无耻之人"}, {"uid": "507090970", "content": "请停止你的渔夫行为 "}, {"uid": "519505651", "content": "给子难不成你要教我们当大人"}, {"uid": "710219771", "content": "小花:这是什么东西"}, {"uid": "30195631", "content": "咕   噜   行    为"}, {"uid": "602258110", "content": "《你 们 男 孩 子》"}, {"uid": "602533105", "content": "（我妹妹已经笑抽了）除了开头的那一段基本上都是我一个人在发的弹幕，偶尔替她讲些话"}, {"uid": "2124132746", "content": "玩具小孩儿看了之后有亿点的精神污染。"}, {"uid": "647415418", "content": "下次一定，每次都是"}, {"uid": "24243890", "content": "量子色波纹疾走！"}, {"uid": "1153914735", "content": "狱   原   权   太"}, {"uid": "31898451", "content": "*sans感觉很淦，并开启了审判眼"}, {"uid": "666587138", "content": "*为坠落的人类命名"}, {"uid": "480480809", "content": "*电鹿试图勾引你，这使你充满了决心"}, {"uid": "438619637", "content": "哦，原来电路是女的呀～♂"}, {"uid": "476288402", "content": "MTT直呼内行"}, {"uid": "31948760", "content": "你的脑子里好像少了些什么"}, {"uid": "498059148", "content": "好队友"}, {"uid": "354110876", "content": "国 足 之 光"}, {"uid": "629071300", "content": "强颜欢笑↓"}, {"uid": "484296283", "content": "管你听没听懂，看就完了"}, {"uid": "1226216190", "content": "如你所愿，那就下次一定把"}, {"uid": "129083337", "content": "分析一下致癌动画的化学组成应该是黄曲霉素和亚硝酸盐。黄曲霉素导致肝癌，亚硝酸盐导致消化道癌，再加上观众是用双眼摄取致癌动画，也可促使眼部病变，扩散到大脑也是几天之内的事。所以，谢谢up的奉献"}, {"uid": "1335124722", "content": "国足未来（doge）"}, {"uid": "1335124722", "content": "啊♂啊♂啊♂"}, {"uid": "1689449620", "content": "《热气球》"}, {"uid": "1411468743", "content": "谢谢，已经绝望了"}, {"uid": "1411468743", "content": "狱原昆太：宁礼貌吗？？"}, {"uid": "1495015679", "content": "从今天起我要毁灭【世界】"}, {"uid": "569996000", "content": "我 滴 眼 睛"}, {"uid": "1808823778", "content": "笑出强大，益达"}, {"uid": "319178767", "content": "上次给过了"}, {"uid": "1512449985", "content": "别走，有彩蛋"}, {"uid": "1512449985", "content": "别走别走别走后面有彩蛋"}, {"uid": "554376282", "content": "阿里巴巴8：地下世界"}, {"uid": "548892153", "content": "我看过和这个结局一模一样的童话来着，好像是渔夫和魔鬼"}, {"uid": "1494026330", "content": "这个还算正常的"}, {"uid": "688211296", "content": "反派三观怎么这么正。。。"}, {"uid": "498847540", "content": "赛高你high铁鸭子大"}, {"uid": "495005219", "content": "渔夫：这个我熟"}, {"uid": "507003907", "content": "没拿个奥斯卡都演不出来这样"}, {"uid": "694511573", "content": "也难不倒啊噫叭叭和马了顶大"}, {"uid": "96074036", "content": "《we大的表演》"}, {"uid": "1527065065", "content": "魔王的脑子 被驴踢坏了"}, {"uid": "460479858", "content": "热     气      球"}, {"uid": "2013194932", "content": "为什么感觉突然臭了起来"}, {"uid": "1078133224", "content": "大表哥在此受害"}, {"uid": "94705518", "content": "拜托这个是上世纪的时候哪有现代的东西？"}, {"uid": "456830885", "content": "《靠这里》"}, {"uid": "606168601", "content": "人偶觉得很淦"}, {"uid": "1021712307", "content": "啊——♂啊——♂"}, {"uid": "513817551", "content": "刚从二次元胸肌拿出来的脑子又被塞了回去 "}, {"uid": "594385940", "content": "好队友"}, {"uid": "1226272633", "content": "传 说 之 下 的 由 来"}, {"uid": "1802129027", "content": "麦当劳 直呼内行 "}, {"uid": "527409443", "content": "自 我  封 印"}, {"uid": "700324855", "content": "这俩眼睛跟末影珍珠似的，说明这孩子是末影人"}, {"uid": "1121313383", "content": "从百草园到青青草原"}, {"uid": "629434742", "content": "巜热气球》"}, {"uid": "525725142", "content": "*为坠落的人类命名"}, {"uid": "604940652", "content": "《阿你粑粑》"}, {"uid": "2100056198", "content": "万万没想到 太失败了 "}, {"uid": "2100056198", "content": "阿里巴巴他队友 :我TM"}, {"uid": "1539509611", "content": "你是有神魔奇怪的xp吗？ 吃“香蕉”你兴奋个锤子"}, {"uid": "1095370449", "content": "这一脚踢的牛逼"}, {"uid": "101303863", "content": "阿里巴巴 掉出了这个世界"}, {"uid": "662159660", "content": "停止你的嬴政行为"}, {"uid": "662159660", "content": "所罗门王当场躺枪"}, {"uid": "691502464", "content": "原来电鹿是只小母鹿"}, {"uid": "563190345", "content": "请告诉温迪我还爱着他"}, {"uid": "609846035", "content": "香♂ 焦"}, {"uid": "609846035", "content": "打胎早教"}, {"uid": "2044366105", "content": "这里（指屁股"}, {"uid": "652486042", "content": "sans：马得小fa这是啥玩意？ 小fa：我哪知道"}, {"uid": "453884863", "content": "专业名词只看得懂integral积分"}, {"uid": "453884863", "content": "看得懂数学看不懂英语……专业名词"}, {"uid": "483728604", "content": "*电鹿试图勾引你，你碎掉的决心又拼好了，这让你充满了决心"}, {"uid": "65063250", "content": "地 鸣 发 动！"}, {"uid": "478630762", "content": "儿童：导演，你***真当我们不看一千零一夜"}, {"uid": "480977417", "content": "啊 你 粑 粑"}, {"uid": "661478212", "content": "这段阿伟反复去世"}, {"uid": "1402530709", "content": "错误，错误，系统故障"}, {"uid": "400928917", "content": "《智    慧》"}, {"uid": "508021951", "content": "叶文洁行为"}, {"uid": "372180861", "content": "N厨狂喜"}, {"uid": "588984857", "content": "小丑竟在我身边！"}, {"uid": "588984857", "content": "小丑竟在我身边！"}, {"uid": "588984857", "content": "小丑竟在我身边！"}, {"uid": "589104544", "content": "眼睛里冒爱心可不是什么好事(真诚"}, {"uid": "637947333", "content": "烧了，村民都是奸商"}, {"uid": "666587138", "content": "渔夫与魔鬼"}, {"uid": "666587138", "content": "MTT直呼内行"}, {"uid": "649652700", "content": "哟，你脸红了，来，让我看看"}, {"uid": "701690670", "content": "吃瓜吃到自己家？哈利波特?"}, {"uid": "507003907", "content": "化学老师直呼内行"}, {"uid": "65230187", "content": "WOTB玩家现状"}, {"uid": "470128272", "content": "小幽灵的曲子，成功把我炸出来了..."}, {"uid": "521664596", "content": "小丑竟是你自己"}, {"uid": "1279791310", "content": "渔夫行为"}, {"uid": "521979692", "content": "《女流氓》"}, {"uid": "512335668", "content": "DIO面包房"}, {"uid": "599278745", "content": "《好队友》"}, {"uid": "1881994257", "content": "《好队友》"}, {"uid": "241823548", "content": "必三连"}, {"uid": "1396387209", "content": "战术性卡顿"}, {"uid": "255230052", "content": "《egh》"}, {"uid": "1495015679", "content": "古有夸父追日；今有阿里巴巴追日"}, {"uid": "497620961", "content": "Undertale被黑得最惨的一次"}, {"uid": "610872381", "content": "绝 望 影 片"}, {"uid": "484662319", "content": "♂哲♂学♂"}, {"uid": "403362866", "content": "*为坠落的人类命名"}, {"uid": "1292649682", "content": "京剧猫西门！？？？？？？"}, {"uid": "569996000", "content": "我 给 你 打 个 样"}, {"uid": "1667219038", "content": "渔夫：这个我熟"}, {"uid": "1808823778", "content": "为坠落的人类取名"}, {"uid": "518212759", "content": "恐怖的bgm…我的考级曲"}, {"uid": "691479800", "content": "少儿频道"}, {"uid": "1567946351", "content": "还  得  靠  这  里"}, {"uid": "640349030", "content": "“充满智慧的”魔鬼"}, {"uid": "510669402", "content": "一沓钱把你 想买了／"}, {"uid": "401172899", "content": "请开始你的表演。"}, {"uid": "490823776", "content": "赛高尼high铁鸭子哒"}, {"uid": "915837172", "content": "还可以教你登dua郎哦 "}, {"uid": "96074036", "content": "《伟大的表演》"}, {"uid": "1571176176", "content": "吔     气     球"}, {"uid": "1976381231", "content": "啊这......吓人"}, {"uid": "400598962", "content": "不应该捞上来个DIO吗"}, {"uid": "501556692", "content": "这都哪儿跟哪儿啊？"}, {"uid": "694511573", "content": "有些事情要靠脑子下"}, {"uid": "1323281697", "content": "简直一模一样"}, {"uid": "562103831", "content": "儿童劫"}, {"uid": "2026925680", "content": "下次不亿定"}, {"uid": "1901647978", "content": "小幽灵探头"}, {"uid": "584894824", "content": "小日子过不错都胖了"}, {"uid": "513325713", "content": "芙兰朵露骂骂咧咧的离开了直播间"}, {"uid": "92023632", "content": "我靠这……我TM小时候看……看过"}, {"uid": "695132993", "content": "打不过鱼姐因此不玩了（狗头"}, {"uid": "393290868", "content": "以身相许吧"}, {"uid": "395947059", "content": "阿里巴巴失望柠檬王卢氏呢？"}, {"uid": "646729018", "content": "傻子竟是我自己 "}, {"uid": "185639621", "content": "文艺复兴中的文艺复兴啊"}, {"uid": "598615992", "content": "狛枝行为"}, {"uid": "1463556767", "content": "当国王之后整容了"}, {"uid": "185639621", "content": "随着大地的裂开我也要裂开了"}, {"uid": "629214714", "content": "国产电影"}, {"uid": "1739024565", "content": "阴  间  动  画"}, {"uid": "1365404280", "content": "罗曼医生风评被害"}, {"uid": "1740029391", "content": "其实它指的是用头盖骨"}, {"uid": "1015640248", "content": "被烂片区埋没的鬼畜之王"}, {"uid": "1015640248", "content": " 有的时候还是要靠这里"}, {"uid": "1539509611", "content": "进度条不简单"}, {"uid": "1594535477", "content": "《国足希望》"}, {"uid": "1019890810", "content": "小嘴抹了蜜"}, {"uid": "478898765", "content": "收容成功"}, {"uid": "909399205", "content": "从百草园杀到三味书屋"}, {"uid": "27124204", "content": "小丑竟是我自己"}, {"uid": "475716272", "content": "请不要侮辱教主——"}, {"uid": "1903851922", "content": "完全一致"}, {"uid": "660307115", "content": "我看你是买气球的"}, {"uid": "34473754", "content": "为了老婆"}, {"uid": "34473754", "content": "中国好队友………………"}, {"uid": "1479036674", "content": "傻狍子の情商"}, {"uid": "1083758684", "content": "孩子尼给路哒呦！"}, {"uid": "1717415797", "content": "好好笑hhhhhhhh"}, {"uid": "406743228", "content": "勾股定理"}, {"uid": "498100681", "content": "语文老师想锤人了"}, {"uid": "430973846", "content": "电鹿↓"}, {"uid": "1539509611", "content": "嘿爸爸，我们该怎么办呀"}, {"uid": "1539509611", "content": "王——————————霸"}, {"uid": "1379853979", "content": "《♂魔♂鬼♂的♂游♂戏♂》"}, {"uid": "602533105", "content": "手都@马婷婷"}, {"uid": "1822700100", "content": "《演技》"}, {"uid": "691553525", "content": "你居然没让我早点发现！我没币了！"}, {"uid": "1951428706", "content": "有内鬼终止交易"}, {"uid": "24243890", "content": "所罗门原版故事就这样"}, {"uid": "24243890", "content": "这是所罗门王故事的原本"}, {"uid": "668435990", "content": "谁才是魔鬼 "}, {"uid": "539812512", "content": "洞穴鸡关"}, {"uid": "539812512", "content": "洞穴鸡关"}, {"uid": "482386111", "content": "第八个坠落的人类-阿里巴巴-灵魂特质-弱智"}, {"uid": "651721028", "content": "就当是一场梦"}, {"uid": "1538839096", "content": "超搞笑级的鬼畜学家"}, {"uid": "180323500", "content": "老婆的三连必须给"}, {"uid": "522216802", "content": "啊  里   粑   粑"}, {"uid": "1369391161", "content": "收 容 成 功"}, {"uid": "605106799", "content": "M T T 直 呼 内 行"}, {"uid": "518890959", "content": "下次一定"}, {"uid": "445437102", "content": "渔夫:你tm抄袭我的创意"}, {"uid": "649652700", "content": "为坠落的人命名吧"}, {"uid": "553918335", "content": "先定个小目标"}, {"uid": "546955575", "content": "小学课本渔夫的故事（说真的早这样干不好吗，另外魔鬼好像还是没有长脑子）"}, {"uid": "621927723", "content": "国足之光"}, {"uid": "2126579505", "content": "为坠落的人类起名"}, {"uid": "1960023766", "content": "毫无违和感。"}, {"uid": "560527520", "content": "我愿把我的双眼，化作你们伟大的前程！"}, {"uid": "898326110", "content": "算了这次一定，作者太可怜了。"}, {"uid": "635579278", "content": "BESIEGE不是个飞机迫降游戏吗(doge)"}, {"uid": "435443450", "content": "胡帕：？？？"}, {"uid": "1335124722", "content": "《蟀鸽》"}, {"uid": "1881994257", "content": "《国足之光》"}, {"uid": "695271256", "content": "渔夫行为"}, {"uid": "329813115", "content": "完 结 撒 花"}, {"uid": "407683264", "content": "麦当劳小丑风评被害"}, {"uid": "536985371", "content": "你管这叫热气球"}, {"uid": "480167426", "content": "医生，欢迎回迦"}, {"uid": "520658368", "content": "热  气  球"}, {"uid": "415250718", "content": "D      I     O"}, {"uid": "569996000", "content": "抱枕队就位"}, {"uid": "1443401469", "content": "世界五星通缉名单"}, {"uid": "1495015679", "content": "请不要浪费dio的食物（doge)"}, {"uid": "230438861", "content": "那个王爷是上期的那个芝麻 "}, {"uid": "610872381", "content": "狛枝异地登录"}, {"uid": "1808823778", "content": "《好队友》"}, {"uid": "1808823778", "content": "9年义务教育"}, {"uid": "1512449985", "content": "后面有彩蛋别走"}, {"uid": "1405924340", "content": "哼哼哈吼哈吼，哈吼会。"}, {"uid": "1405924340", "content": "小丑竟是你自己。"}, {"uid": "1837688346", "content": "哈哈哈哈哈哈哈哈哈"}, {"uid": "498847540", "content": "*为坠落的人类命名"}, {"uid": "589853466", "content": "有些事，还是得靠这里"}, {"uid": "490823776", "content": "迪奥·布兰度"}, {"uid": "454599277", "content": "你说的这话，难道傻狍子是女的？！"}, {"uid": "505750107", "content": "？比有基还憨"}, {"uid": "544466256", "content": "全息投影"}, {"uid": "544466256", "content": "下次不一定"}, {"uid": "481590244", "content": "为坠落的人类命名。"}, {"uid": "671256910", "content": "这不魔王吗？几天没见这么拉啦 "}, {"uid": "506977590", "content": "下次一定"}, {"uid": "433499826", "content": "*为坠落的人类命名"}, {"uid": "1453958483", "content": "满身香气 "}, {"uid": "2017946344", "content": "好之队友 "}, {"uid": "2017946344", "content": "从百草园杀到呼伦贝尔 "}, {"uid": "689479235", "content": "绝望"}, {"uid": "1021712307", "content": "从二次元胸肌呀"}, {"uid": "2026925680", "content": "*为坠落的人类命名"}, {"uid": "79017053", "content": "。痛苦面具"}, {"uid": "1015308298", "content": "《独立宣言》"}, {"uid": "526348029", "content": "ATIA TAI ATUI"}, {"uid": "1294912610", "content": "*为坠落的人类命名"}, {"uid": "1104006052", "content": "だが、断る"}, {"uid": "605635033", "content": "这次不一定"}, {"uid": "1015640248", "content": "（有些事还得靠这里）"}, {"uid": "1015640248", "content": "渔夫表示很淦"}, {"uid": "597840674", "content": "请停止你的渔夫行为"}, {"uid": "691932630", "content": "关掉关掉一定要关掉"}, {"uid": "609846035", "content": "享受折磨"}, {"uid": "1579225108", "content": "金:？"}, {"uid": "1385647013", "content": "《替身使者》"}, {"uid": "1385647013", "content": "《热气球》"}, {"uid": "1483635553", "content": "渔夫行为"}, {"uid": "625816931", "content": "双 厨 狂 喜"}, {"uid": "1594535477", "content": "《这里》"}, {"uid": "19216016", "content": "好队友"}, {"uid": "356082527", "content": "什么，是幻术吗，什么时候"}, {"uid": "34473754", "content": "一键三连"}, {"uid": "512931821", "content": "渔夫与魔鬼魔鬼二世"}, {"uid": "652065105", "content": "三连了连了爱你哦"}, {"uid": "1826299959", "content": "DIO：这我熟"}, {"uid": "519436164", "content": "芙兰朵露震怒"}, {"uid": "35290987", "content": "小丑尽是我自己"}, {"uid": "669656049", "content": "故技重施 梅开二度"}, {"uid": "883856211", "content": "我不做人了，阿里巴巴"}, {"uid": "2044366105", "content": "经  典  再  现"}, {"uid": "2044366105", "content": "问题来了，怎么过的审"}, {"uid": "404182869", "content": "纳······纳达可汗？"}, {"uid": "20138588", "content": "三聚氰胺风评受害"}, {"uid": "2010509577", "content": "啊啊啊啊！我的眼"}, {"uid": "649879595", "content": "干的真棒"}, {"uid": "2117901169", "content": "鬼畜舞蹈"}, {"uid": "67933042", "content": "麦当劳小丑说我TM"}, {"uid": "1539509611", "content": "靠这里——奥利给！"}, {"uid": "2009963993", "content": "巜热气球》"}, {"uid": "425669912", "content": "BGM好评"}, {"uid": "399969843", "content": "已经三连"}, {"uid": "2096416019", "content": "优美的中国话 "}, {"uid": "765686071", "content": "迷之相似"}, {"uid": "1402530709", "content": "穿模警告"}, {"uid": "1021427480", "content": "三年级知识他都不知道"}, {"uid": "1951428706", "content": "早三连了"}, {"uid": "794848534", "content": "三鹿奶粉"}, {"uid": "786227282", "content": "哎（看下面）"}, {"uid": "488693313", "content": "对你没有撒谎 "}, {"uid": "1776563136", "content": "请为坠落的人类命名"}, {"uid": "1488717924", "content": "我是为复仇而生的（doge）"}, {"uid": "316291876", "content": "你币有了"}, {"uid": "1854788790", "content": "你是女孩子？"}, {"uid": "1854788790", "content": "热气球我记得是那个国家发明的？？？"}, {"uid": "683366622", "content": "祖国的希望啊"}, {"uid": "496909074", "content": "哈哈哈哈哈哈哈哈哈哈"}, {"uid": "496909074", "content": "有内鬼"}, {"uid": "496909074", "content": "哈哈哈哈cao"}, {"uid": "43685181", "content": "医生退出了直播间并点了一个举报"}, {"uid": "541550687", "content": "小丑竟是我自己"}, {"uid": "1212644731", "content": "第二次世界大战"}, {"uid": "2126579505", "content": "苗木巴巴[doge]"}, {"uid": "1551145151", "content": "哈哈哈哈"}, {"uid": "2044727615", "content": "热气球风评被害"}, {"uid": "497416900", "content": "在杰难逃"}, {"uid": "360408206", "content": "没币，只能二连..."}, {"uid": "346357708", "content": "阿里爸爸"}, {"uid": "514507395", "content": "Dio狂喜"}, {"uid": "1714958568", "content": "为所欲为"}, {"uid": "516605384", "content": "啊，我懂了，他不是人。"}, {"uid": "409757806", "content": "下次一定"}, {"uid": "329813115", "content": "《面 包》"}, {"uid": "522979741", "content": "孙悟空直呼内行"}, {"uid": "1047837360", "content": "抱枕组准备"}, {"uid": "415250718", "content": "复兴"}, {"uid": "523462386", "content": "赵云-嘻哈天王"}, {"uid": "32903113", "content": "下次一定。"}, {"uid": "1000150438", "content": "你好小母鹿"}, {"uid": "1831512300", "content": "反人类设计"}, {"uid": "476581828", "content": "双厨狂喜"}, {"uid": "122553678", "content": "下次丕定"}, {"uid": "1405924340", "content": "下辈子一定。"}, {"uid": "1148365590", "content": "我给三连了"}, {"uid": "1808823778", "content": "MTT直呼内行"}, {"uid": "1512449985", "content": "后面有彩蛋别走"}, {"uid": "1779641272", "content": "世界的王♂"}, {"uid": "1421931943", "content": "是个东西 都知道这是被骗了 "}, {"uid": "1405924340", "content": "下次一定没硬币了。"}, {"uid": "1405924340", "content": "还记得你之前说的那句话吗？"}, {"uid": "1405924340", "content": "渔夫的故事。"}, {"uid": "1405924340", "content": "前方高能，电鹿要暴露性别了"}, {"uid": "628252917", "content": "真用脑子"}, {"uid": "1837688346", "content": "渔夫与魔鬼"}, {"uid": "1837688346", "content": "双厨狂喜"}, {"uid": "1837688346", "content": "看得我心肌梗塞"}, {"uid": "490609395", "content": "【这   里】"}, {"uid": "552574111", "content": "下次也不一定"}, {"uid": "651000836", "content": "渔翁直呼内行"}, {"uid": "1526122395", "content": "小孩捕捉器"}, {"uid": "1220313703", "content": "这次一定"}, {"uid": "205494163", "content": "音乐不戳"}, {"uid": "579811877", "content": "完结撒花"}, {"uid": "1527065065", "content": "真他妈scp老龙手就可以制服了 "}, {"uid": "1502265731", "content": "哈哈哈，不行，这太阴间了。"}, {"uid": "1072139891", "content": "正片开始"}, {"uid": "1403994253", "content": "啊我密集恐惧症恐惧"}, {"uid": "403944950", "content": "下次一定"}, {"uid": "1301396103", "content": "《没见过世面》"}, {"uid": "544466256", "content": "OMG"}, {"uid": "165821052", "content": "海皇"}, {"uid": "401513295", "content": "小花危"}, {"uid": "621725280", "content": "装罐升华"}, {"uid": "535068375", "content": "好一个工业革命"}, {"uid": "1351377441", "content": "《巨魔》"}, {"uid": "1707910813", "content": "这次一定"}, {"uid": "700916473", "content": "小丑竟在我身边"}, {"uid": "1173188457", "content": "*为掉落的人类命名"}, {"uid": "1453958483", "content": "长得好像个安康鱼 "}, {"uid": "420950710", "content": "蕾 米 莉 亚 · 斯 卡 雷 特"}, {"uid": "456830885", "content": "热……气球？"}, {"uid": "526974887", "content": "四维生物"}, {"uid": "473741764", "content": "好臭的配音"}, {"uid": "2013909024", "content": "行为艺术"}, {"uid": "532784713", "content": "彳亍"}, {"uid": "507003907", "content": "大聪明"}, {"uid": "1121805598", "content": "小母鹿"}, {"uid": "641669485", "content": "不知所措"}, {"uid": "1167422145", "content": "阿里巴巴有热气球吗？我怎么没听说过？"}, {"uid": "652275474", "content": "好 队 友"}, {"uid": "341130706", "content": "下次也不一定"}, {"uid": "36208879", "content": "《熱鳍求》"}, {"uid": "2012888045", "content": "C罗在世"}, {"uid": "508051486", "content": "所罗门王的王冠的力量实在是太强了呀，我真是HIGH到不行呀"}, {"uid": "492044177", "content": "下次丕定"}, {"uid": "252548344", "content": "文艺复兴"}, {"uid": "252548344", "content": "兴奋"}, {"uid": "1529428187", "content": "渔夫行为"}, {"uid": "646295226", "content": "正片开始"}, {"uid": "695247272", "content": "《真、天长》"}, {"uid": "420950710", "content": "蕾 米 莉 亚 就 是 他 吗"}, {"uid": "1294912610", "content": "上次给了"}, {"uid": "1294912610", "content": "*为坠落的人类命名"}, {"uid": "615844882", "content": "物理和魔法是不一样的。"}, {"uid": "14335376", "content": "谢谢你，沙福林"}, {"uid": "584506738", "content": "极其自信"}, {"uid": "1343816234", "content": "喷饭"}, {"uid": "597840674", "content": "真.超高中级的幸运"}, {"uid": "1114157168", "content": "《太阳》"}, {"uid": "934004", "content": "DIO好评"}, {"uid": "1578649187", "content": "我他妈裂开了我他妈原地裂开了"}, {"uid": "1095370449", "content": "你骗谁呢"}, {"uid": "518878106", "content": "夸父逐日"}, {"uid": "1143472250", "content": "MTT直呼内行"}, {"uid": "1964653424", "content": "又被套路了"}, {"uid": "690005423", "content": "饭了么里"}, {"uid": "603235143", "content": "Ko no阿里巴巴才是最后的赢家"}, {"uid": "603235143", "content": "《亡》"}, {"uid": "603235143", "content": "阿吧啊吧超进化"}, {"uid": "549603141", "content": "我是渔夫，我要报警了"}, {"uid": "1479036674", "content": "你怎么知道【doge】"}, {"uid": "1744347449", "content": "鬼~"}, {"uid": "282644934", "content": "下次一定"}, {"uid": "2044366105", "content": "鼬？是你嘛鼬！！"}, {"uid": "2117901169", "content": "《热气球》"}, {"uid": "1159574966", "content": "小花一一你不要过来呀"}, {"uid": "606750754", "content": "是不是串台了？"}, {"uid": "478573057", "content": "失去同步"}, {"uid": "1402530709", "content": "你在10000米昏迷，然后窒息"}, {"uid": "27240332", "content": "天 才 威"}, {"uid": "539812512", "content": "好  臭  的  气  球"}, {"uid": "627294789", "content": "然后艾斯戈尔成为了神"}, {"uid": "353301823", "content": "啊好臭的影片♂"}, {"uid": "1854788790", "content": "不长记性"}, {"uid": "518890959", "content": "下次一定"}, {"uid": "683366622", "content": "好棒啊！"}, {"uid": "445437102", "content": "蓝蓝路教主！"}, {"uid": "1279791310", "content": "蓝蓝路罪不至此"}, {"uid": "451737415", "content": "* 为 坠 落 的 人 类 命 名"}, {"uid": "523861175", "content": "小丑竟是魔王"}, {"uid": "673357888", "content": "奥特曼？向太阳奔跑？这个魔王相信光？！？！"}, {"uid": "524444893", "content": "《热气球》"}, {"uid": "516290887", "content": "我看过！！！"}, {"uid": "525151775", "content": "蛐池"}, {"uid": "400958150", "content": "科学奇迹。"}, {"uid": "435455681", "content": "钢笔尖？"}, {"uid": "1445876719", "content": "dio表示针不戳"}, {"uid": "2126579505", "content": "MTT NEO"}, {"uid": "18366284", "content": "别过来小猹"}, {"uid": "1790809229", "content": "我的眼睛啊！！！"}, {"uid": "1790809229", "content": "面包"}, {"uid": "1790809229", "content": "我的眼睛啊！"}, {"uid": "497416900", "content": "降维打击"}, {"uid": "497416900", "content": "别放原片"}, {"uid": "497416900", "content": "好家伙"}, {"uid": "497416900", "content": "上次给了"}, {"uid": "1694014203", "content": "10.8"}, {"uid": "360408206", "content": "突然UT"}, {"uid": "618866174", "content": "这就是伟大的发明？"}, {"uid": "618866174", "content": "这尼玛连马云都没有还自称阿里巴巴"}, {"uid": "1322503325", "content": "让电鹿做我老婆"}, {"uid": "1369539202", "content": "这次一定"}, {"uid": "515901520", "content": "三连有了"}, {"uid": "2140116924", "content": "206"}, {"uid": "333538617", "content": "下次丕定"}, {"uid": "1459044166", "content": "阜新"}, {"uid": "1689449620", "content": "燃起来了燃起来了"}, {"uid": "1017067323", "content": "这是什么游戏啊?"}, {"uid": "1237919348", "content": "下次丕定"}, {"uid": "1658613435", "content": "草"}, {"uid": "2096042672", "content": "猥琐浴为"}, {"uid": "651001239", "content": "睾科技"}, {"uid": "522979741", "content": "阿拉丁"}, {"uid": "1047837360", "content": "握着我的抱枕"}, {"uid": "1396387209", "content": "来让我看看"}, {"uid": "415250718", "content": "杰哥♂"}, {"uid": "415250718", "content": "XINGFEN"}, {"uid": "1411468743", "content": "抄搞笑机地幸运"}, {"uid": "32903113", "content": "小丑镜是我自己。"}, {"uid": "1443401469", "content": "《靠这里》"}, {"uid": "1352467061", "content": "cm"}, {"uid": "1777031990", "content": "经典片段"}, {"uid": "1777031990", "content": "帅哥"}, {"uid": "715188084", "content": "正片开始"}, {"uid": "1401863032", "content": "握紧了我的抱枕"}, {"uid": "584549240", "content": "我天!我以前还看过"}, {"uid": "651183794", "content": "已三连！"}, {"uid": "569996000", "content": "泪目（?"}, {"uid": "628439266", "content": "‘热气球’"}, {"uid": "1667219038", "content": "硬币"}, {"uid": "1667219038", "content": "小丑竟是我自己"}, {"uid": "1808823778", "content": "危"}, {"uid": "1808823778", "content": "小丑竟在我身边！！"}, {"uid": "1808823778", "content": "文艺复兴"}, {"uid": "1808823778", "content": "《热气球》"}, {"uid": "1808823778", "content": "梦幻联动"}, {"uid": "1808823778", "content": "？？？？？？？？？"}, {"uid": "506651411", "content": "正片开始"}, {"uid": "1850297632", "content": "应该是氢或氩气球"}, {"uid": "548892153", "content": "下次一定"}, {"uid": "1405924340", "content": "中国好队友。"}, {"uid": "691479800", "content": "你们？"}, {"uid": "1567946351", "content": "阿里巴巴与魔鬼（"}, {"uid": "1119228351", "content": "淦的漂亮。"}, {"uid": "401101605", "content": "下次一定"}, {"uid": "440539533", "content": "下次也丕定"}, {"uid": "1968686225", "content": "无限反转"}, {"uid": "1505862443", "content": "回收开头"}, {"uid": "1027862301", "content": "下次一定"}, {"uid": "640349030", "content": "猴子动物园"}, {"uid": "697825832", "content": "比博燃"}, {"uid": "1061153930", "content": "以投币"}, {"uid": "1039061279", "content": "下次丕定"}, {"uid": "1039061279", "content": "下次丕定"}, {"uid": "527373130", "content": "狛的传人"}, {"uid": "1208626359", "content": "孩子。去踢国足吧"}, {"uid": "671637718", "content": "阿里巴巴，中国需要你，你是国足的希望"}, {"uid": "1398234331", "content": "是人都得瞎"}, {"uid": "505750107", "content": "超高校级の幸运"}, {"uid": "505750107", "content": "博丽灵梦请求出战"}, {"uid": "505750107", "content": "狂野大陆"}, {"uid": "1320880831", "content": "你自己不是男孩子嘛"}, {"uid": "544466256", "content": "《巨魔》"}, {"uid": "544466256", "content": "《我的世界》"}, {"uid": "544466256", "content": "有"}, {"uid": "1820639815", "content": "有被冒犯到"}, {"uid": "165821052", "content": "三疽奶"}, {"uid": "745841042", "content": "真香"}, {"uid": "1078133224", "content": "渔夫和魔鬼"}, {"uid": "1614407326", "content": "SCP106被未知方式收容"}, {"uid": "700916473", "content": "小母鹿"}, {"uid": "569683298", "content": "不是说一个人都没有了吗？"}, {"uid": "2042917311", "content": "好队友"}, {"uid": "2042917311", "content": "好家伙"}, {"uid": "700916473", "content": "苦力怕"}, {"uid": "407600625", "content": "对呀！"}, {"uid": "694511573", "content": "名场面"}, {"uid": "694511573", "content": "这是大表哥bgm！！！不是小幽灵的！！！！"}, {"uid": "1453958483", "content": "小花:我叼你*的，怎么都变性了！我要退货 ！这人我不带 ！"}, {"uid": "1398234331", "content": "第一次愿望你给我一百个愿望"}, {"uid": "629101488", "content": "下次丕定"}, {"uid": "462420047", "content": "这次一定"}, {"uid": "1719143811", "content": "help  tale"}, {"uid": "411250024", "content": "我就知道"}, {"uid": "606168601", "content": "草"}, {"uid": "2013909024", "content": "这♂里"}, {"uid": "1544442402", "content": "赛尼斯的面包虫群"}, {"uid": "1901647978", "content": "我也是"}, {"uid": "601373534", "content": "伟大的翻车"}, {"uid": "503249030", "content": "文艺复兴"}, {"uid": "621632735", "content": "大表哥；我TM*******"}, {"uid": "34172732", "content": "麻了麻了"}, {"uid": "772351136", "content": "子"}, {"uid": "675786126", "content": "》渔夫与魔鬼《"}, {"uid": "2008733318", "content": "致癌"}, {"uid": "305648493", "content": "（伟大的发明）"}, {"uid": "305648493", "content": "阿里之下"}, {"uid": "513817551", "content": "我只看到了气球，没看到热 "}, {"uid": "118794854", "content": "《热气球》"}, {"uid": "1471243937", "content": "2B竟在我身边"}, {"uid": "1471243937", "content": "小母鹿实锤了"}, {"uid": "646295226", "content": "正片开始"}, {"uid": "646295226", "content": "正片开始"}, {"uid": "1974005992", "content": "卢锅巴"}, {"uid": "695247272", "content": "大聪明"}, {"uid": "695247272", "content": "天长导演"}, {"uid": "695247272", "content": "前方高能预警"}, {"uid": "1490826955", "content": "下次丕定"}, {"uid": "549098814", "content": "喂你粑粑"}, {"uid": "545958594", "content": "渔夫行为"}, {"uid": "1490826955", "content": "下次丕定"}, {"uid": "2100056198", "content": "草泥马王子 "}, {"uid": "255380853", "content": "等会儿传说之下来了。"}, {"uid": "255380853", "content": "传说之下"}, {"uid": "105724797", "content": "下次丕一定"}, {"uid": "1740029391", "content": "小丑竟在我眼前"}, {"uid": "1015640248", "content": "为你提供无痛分娩，为啥？"}, {"uid": "1015640248", "content": "贝克汉姆的圆月弯刀"}, {"uid": "1015640248", "content": "刺杀名单"}, {"uid": "1844022832", "content": "小丑竟是我自己 "}, {"uid": "509792125", "content": "0."}, {"uid": "1844022832", "content": "神经以泛"}, {"uid": "1834742587", "content": "正片开始"}, {"uid": "1834742587", "content": "但是我拒绝￼"}, {"uid": "1834742587", "content": "未完待续"}, {"uid": "602937590", "content": "D  I  O"}, {"uid": "578627605", "content": "马马云云！"}, {"uid": "615844882", "content": "建议把核辐射动画打在公屏上"}, {"uid": "1095370449", "content": "你的脑子呢"}, {"uid": "549858008", "content": "维生素B"}, {"uid": "662159660", "content": "不，你是弟中弟"}, {"uid": "28222251", "content": "双厨狂喜？！！！"}, {"uid": "34473754", "content": "没有太阳"}, {"uid": "1143472250", "content": "开始吟唱"}, {"uid": "1479036674", "content": "*你的决心碎了，还碎得满地都是"}, {"uid": "1479036674", "content": "《痛苦》"}, {"uid": "691502464", "content": "好 臭"}, {"uid": "691502464", "content": "下次丕定"}, {"uid": "603235143", "content": "空无一人"}, {"uid": "1479036674", "content": "啊♂"}, {"uid": "635812947", "content": "告诉伏黑惠我下辈子还娶他"}, {"uid": "1294890192", "content": "再看一遍伟大的牺牲。"}, {"uid": "2044366105", "content": "《 有 些 事 情 要 靠 这 里 》"}, {"uid": "485259278", "content": "原来是母鹿"}, {"uid": "1664024180", "content": "渔夫的智慧"}, {"uid": "693552906", "content": "(●—●)"}, {"uid": "604228294", "content": "《 这 个 世 界  的  王  》"}, {"uid": "8224617", "content": "瓶易进人"}, {"uid": "518888346", "content": "机谢师"}, {"uid": "696059404", "content": "妙啊"}, {"uid": "1379853979", "content": "我是伞兵"}, {"uid": "2078427930", "content": "10.3万"}, {"uid": "602258110", "content": "直接还原格林童话"}, {"uid": "2124132746", "content": "ICP恐惧魔王被收入囊中。"}, {"uid": "192411293", "content": "公主说。我他妈，谢谢你 "}, {"uid": "1951428706", "content": "文艺葬礼"}, {"uid": "523100167", "content": "阿爸吧"}, {"uid": "591080719", "content": "赏了"}, {"uid": "1668034030", "content": "有话好好说别放原片"}, {"uid": "627172582", "content": "。"}, {"uid": "194170435", "content": "水时长~~~~"}, {"uid": "522874412", "content": "第 五 人 格 监 管 者 的 气 球"}, {"uid": "379302865", "content": "霍  格  沃  茨  得  意  门  生"}, {"uid": "511485590", "content": "《所 罗 门 亡》"}, {"uid": "520477025", "content": "渔夫：？？？？？？"}, {"uid": "400958150", "content": "危"}, {"uid": "400958150", "content": "危"}, {"uid": "2126579505", "content": "是~谁~扛~着~音~箱~到~处跑~~"}, {"uid": "671746032", "content": "SCP瓶收入成功！"}, {"uid": "1790809229", "content": "真扯"}, {"uid": "1477375326", "content": "ut好评！！"}, {"uid": "661533161", "content": "下次也不一定"}, {"uid": "652245345", "content": "阿你粑粑！！！"}, {"uid": "618866174", "content": "这过了几个月了"}, {"uid": "618866174", "content": "你啥时候更新呢"}, {"uid": "618866174", "content": "啊"}, {"uid": "618866174", "content": "放假放假放假这都几月份了"}, {"uid": "618866174", "content": "就这"}, {"uid": "635402325", "content": "吉恩！"}, {"uid": "635402325", "content": "渔夫行为"}, {"uid": "1369539202", "content": "小母鹿"}, {"uid": "525151775", "content": "危"}, {"uid": "81591250", "content": "《有些事   还是要靠这里》"}, {"uid": "81591250", "content": "《真爱》"}, {"uid": "81591250", "content": "《这个s界的王》"}, {"uid": "1714958568", "content": "mdzz"}, {"uid": "1833157952", "content": "？？？？？？？？？？"}, {"uid": "578627605", "content": "退吧！"}, {"uid": "1754518973", "content": "拉你粑粑"}, {"uid": "485741352", "content": "啊你爸爸"}, {"uid": "573409746", "content": "下次一定"}, {"uid": "1140512065", "content": "我是你的爸爸"}, {"uid": "480523000", "content": "女仆装！"}, {"uid": "651254260", "content": "chara"}, {"uid": "536985371", "content": "夸父追日"}, {"uid": "702066713", "content": "，"}, {"uid": "631394024", "content": "。"}, {"uid": "1593580675", "content": "yee"}, {"uid": "1593580675", "content": "oh,that good."}, {"uid": "1593580675", "content": "ohhhhhh"}, {"uid": "415250718", "content": "渔夫"}, {"uid": "32903113", "content": "小丑就在我旁边。"}, {"uid": "32903113", "content": "百发百中"}, {"uid": "32903113", "content": "这他妈水视频啊。"}, {"uid": "1495015679", "content": "就这样，阿里巴巴坠入了【under  world 】"}, {"uid": "497620961", "content": "真就最后呗"}, {"uid": "669990086", "content": "渔夫行为"}, {"uid": "1649137081", "content": "？？？？？？？"}, {"uid": "604898551", "content": "闪现"}, {"uid": "1277190829", "content": "ut好评！"}, {"uid": "1667219038", "content": "猪队友"}, {"uid": "1667219038", "content": "？？？？？？？？？？？"}, {"uid": "1808823778", "content": "渔夫行为"}, {"uid": "1512449985", "content": "正片开始"}, {"uid": "699689536", "content": "传说之下乱入"}, {"uid": "518212759", "content": "越共探头"}, {"uid": "518212759", "content": "教主"}, {"uid": "518212759", "content": "现在是09年吧"}, {"uid": "518212759", "content": "越共探头"}, {"uid": "754909305", "content": "卧c"}, {"uid": "1758030915", "content": "弹幕护体"}, {"uid": "1810316344", "content": "折♂磨"}, {"uid": "490609395", "content": "【智慧】"}, {"uid": "492799705", "content": "正片开始"}, {"uid": "440539533", "content": "很好，剧情跌宕起伏……嘿嘿嘿，嘿嘿嘿，诶嘿…"}, {"uid": "2135817507", "content": "帅锅"}, {"uid": "401172899", "content": "贝塔贝塔贝塔贝塔"}, {"uid": "1946594598", "content": "小丑竟是我自己"}, {"uid": "651000836", "content": "老渔翁了"}, {"uid": "1328487939", "content": "你放屁"}, {"uid": "1812744691", "content": "草履虫"}, {"uid": "610498132", "content": "卧槽"}, {"uid": "413749339", "content": "....."}, {"uid": "3004059", "content": "你币没了"}, {"uid": "3004059", "content": "比博燃"}, {"uid": "1333215895", "content": "比博燃"}, {"uid": "1333215895", "content": "儿童杰"}, {"uid": "583385852", "content": "？"}, {"uid": "517722074", "content": "阿里巴巴与小丑"}, {"uid": "442641054", "content": "我开始害怕了"}, {"uid": "512577398", "content": "《衰擱》"}, {"uid": "471996787", "content": "害怕"}, {"uid": "505750107", "content": "东方？？"}, {"uid": "403944950", "content": "0"}, {"uid": "2023328727", "content": "说谢谢你泰罗"}, {"uid": "714587996", "content": "渔夫和魔鬼"}, {"uid": "1078133224", "content": "献出心脏"}, {"uid": "501521288", "content": "'靠这里'"}, {"uid": "689735284", "content": "."}, {"uid": "527496819", "content": "暗示alibaba即将xx脑补doge"}, {"uid": "527496819", "content": "H2尼玛"}, {"uid": "1052554571", "content": "告诉卡米尔我爱他"}, {"uid": "1346918894", "content": "告诉魈我还爱他！"}, {"uid": "501556692", "content": "东方东方"}, {"uid": "671256910", "content": "啊你粑粑"}, {"uid": "1234621932", "content": "中国男足需要你"}, {"uid": "543743619", "content": "蓝蓝路yyds！！！！！"}, {"uid": "535068375", "content": "国粹"}, {"uid": "1479995837", "content": "告诉比利我还爱他"}, {"uid": "700916473", "content": "苦力怕"}, {"uid": "569683298", "content": "不是说一个人都没有吗"}, {"uid": "2042917311", "content": "好家伙"}, {"uid": "499796516", "content": "*为坠落的人类命名  frisk"}, {"uid": "407600625", "content": "熟悉的剧情"}, {"uid": "522358474", "content": "？"}, {"uid": "522358474", "content": "？"}, {"uid": "402733985", "content": "请告诉斯佩我爱她一辈子"}, {"uid": "2499412", "content": "然后里面有个 D   I    O"}, {"uid": "473741764", "content": "草"}, {"uid": "2013909024", "content": "《古船》"}, {"uid": "687971900", "content": "渃  綦  龝"}, {"uid": "694379533", "content": "请告诉帕洛斯我还爱他"}, {"uid": "690859008", "content": "没脑子"}, {"uid": "1901647978", "content": "ut好评"}, {"uid": "374581301", "content": "草"}, {"uid": "670535430", "content": "不是这剧情，我咋感觉我在小学课本上看过"}, {"uid": "450072838", "content": "下次丕定"}, {"uid": "34172732", "content": "ma"}, {"uid": "1432186088", "content": "《渔夫的故◇事》"}, {"uid": "1616393928", "content": "sans直呼内行！！"}, {"uid": "663126336", "content": "注意他说的是你们男孩子"}, {"uid": "1529428187", "content": "名场面"}, {"uid": "1269047718", "content": "面包虫"}, {"uid": "1437584216", "content": "我居然看过。"}, {"uid": "1974005992", "content": "致敬啊"}, {"uid": "489086386", "content": "比博燃"}, {"uid": "489086386", "content": "比博燃"}, {"uid": "2100056198", "content": "或者我的抱枕 "}, {"uid": "2100056198", "content": "魔王傻逼 我阿里巴巴是个天才 欧耶zbc"}, {"uid": "591893947", "content": "传说之下乱入"}, {"uid": "265959429", "content": "收回开头"}, {"uid": "479508690", "content": "？"}, {"uid": "1539509611", "content": "笑你妈"}, {"uid": "418143141", "content": "玛尔甘尼斯"}, {"uid": "630033807", "content": "买主的魔鬼"}, {"uid": "630033807", "content": "买主的魔鬼"}, {"uid": "651511084", "content": "难道你是女的？？？？"}, {"uid": "1508906643", "content": "哦~"}, {"uid": "1835969666", "content": "柏芝行为"}, {"uid": "1095370449", "content": "哈哈，哈哈哈哈。"}, {"uid": "1095370449", "content": "传说之下"}, {"uid": "1896140424", "content": "我发现里面有一个和我一样姓纪"}, {"uid": "454846316", "content": "电鹿没有鹿角，母鹿才没鹿角！！啊啊啊！母的！"}, {"uid": "1997459236", "content": "这就是TMD UT党！"}, {"uid": "437073744", "content": "我竟然看过这个影片，还觉得好看，这是不是证明我比电鹿眼睛好"}, {"uid": "1479036674", "content": "上山吧"}, {"uid": "578856125", "content": "BGM"}, {"uid": "2092705530", "content": "牛逼"}, {"uid": "1479036674", "content": "小丑竟在我身边"}, {"uid": "457133948", "content": "划重点，要考的！！！！！！！！"}, {"uid": "276991299", "content": "开双审判眼"}, {"uid": "670778224", "content": "我这我的保证"}, {"uid": "670778224", "content": "中国男足"}, {"uid": "4400492", "content": "抄袭。"}, {"uid": "24452325", "content": "请问，你在水视频吗？"}, {"uid": "1539509611", "content": "是他就是他是他就是他少年英雄啊... 谁来着 淦"}, {"uid": "604630644", "content": "SCP已介入调查"}, {"uid": "522640583", "content": "真没有币了"}, {"uid": "2126989989", "content": "UNDERTALE"}, {"uid": "2124132746", "content": "夸父追日。别成了＊...追日。"}, {"uid": "1629210", "content": "越共探头"}, {"uid": "524828424", "content": "你们好，我是前面40枚硬币的那位，经过几个月的疯狂投币，目前硬币余额8"}, {"uid": "674772448", "content": "前面玛菲特的站住，这是小幽灵的！"}, {"uid": "588686468", "content": "自爆兵"}, {"uid": "589104544", "content": "(卢)锅巴，喷火"}, {"uid": "475242368", "content": "阿巴阿巴1和阿巴阿巴2"}, {"uid": "607040567", "content": "电路是女的！"}, {"uid": "670686415", "content": "《被 关 了 这 么 多 年 ， 我 终 于 明 白 了 一 个 道 理 ，有 些 事 情 ，还 得 靠 这 里 。》"}, {"uid": "642271362", "content": "希      望"}, {"uid": "601711105", "content": "下次不一定（不是下次一定）"}, {"uid": "37406662", "content": "《这 么 多 年，我 终 于 学 会 用 这 里 （脑 子）了 》"}, {"uid": "511485590", "content": "国足需要你"}, {"uid": "356641255", "content": "重点“你们男孩子”"}, {"uid": "400958150", "content": "下次一定                                                                                              个屁"}, {"uid": "618866174", "content": "这纯属让我们眼睛瞎了吗，啊我感觉我得了眼癌，啊我的眼睛不行了"}, {"uid": "471389101", "content": "疯    狂    紫    薯    王"}, {"uid": "81591250", "content": "《午 夜 酷 黑 牌 口 红》"}, {"uid": "1689449620", "content": "《    热      气     球     》"}, {"uid": "1140512065", "content": "草草草草草草草草草草草草草草草"}, {"uid": "1047837360", "content": "大-----------表----------哥----------"}, {"uid": "1593580675", "content": "我真是high到不行!"}, {"uid": "505440821", "content": "草草草草草草草草草草草草草草草草草草草草草草草草草草草草草草草草草草草草草草草草草草草草草草草草草草草草草草草草草草"}, {"uid": "1567617324", "content": "狂妄之人好评"}, {"uid": "1426558123", "content": "这特效狗都会做"}, {"uid": "1667219038", "content": "热气球？？？？？？？？？？？？？？"}, {"uid": "1667219038", "content": "？？？？？？？？？？？？？？？？？？？？？？？？？？？？？？？？？？？？？？？？？？？？？？？？？？？？？？？？？？？？？？？？"}, {"uid": "694511573", "content": "the         气         球"}, {"uid": "589853466", "content": "请停止你的渔夫行为！！！！！！！！！！！！！！！！！！！！！！！！！！！！！！！！！！！！！！！！！！！！！！！！！！！！！！！！！！！！！！！！！！！！！！！！！！！！！！！！！！！！！！！！！！！"}, {"uid": "646742913", "content": "哈哈哈哈哈哈哈哈哈哈哈哈哈哈哈哈哈哈哈哈哈哈哈哈哈哈哈哈哈哈哈哈哈哈哈哈哈哈哈哈哈哈哈哈哈哈哈哈"}, {"uid": "646742913", "content": "哈哈哈哈哈哈哈哈哈哈哈哈哈哈哈哈哈哈哈哈哈哈哈哈哈哈哈哈哈哈哈哈哈哈哈哈哈哈哈哈哈哈哈哈"}, {"uid": "646742913", "content": "哈哈哈哈哈哈哈哈哈哈哈哈哈哈哈哈哈哈哈哈哈哈哈哈哈哈哈哈哈哈哈哈哈哈哈哈哈哈哈哈哈哈哈哈哈哈哈"}, {"uid": "646742913", "content": "哈哈哈哈哈哈哈哈哈哈哈哈哈哈哈哈哈哈哈哈哈哈哈哈哈哈哈哈哈哈哈哈哈哈哈哈"}, {"uid": "646742913", "content": "哈哈哈哈哈哈哈哈哈哈哈哈哈哈哈哈哈哈哈哈哈哈哈哈哈哈哈哈哈哈哈哈哈哈哈哈哈哈哈哈哈哈哈哈哈哈哈哈"}, {"uid": "646742913", "content": "哈哈哈哈哈哈哈哈哈哈哈哈哈哈哈哈哈哈哈哈哈哈哈哈哈哈哈哈哈哈哈哈哈哈哈哈哈哈哈哈哈"}, {"uid": "646742913", "content": "哈哈哈哈哈哈哈哈哈哈哈哈哈哈哈哈哈哈哈哈哈哈哈哈哈哈哈哈哈哈哈哈哈哈哈哈哈哈哈哈哈哈哈哈哈哈哈哈哈哈哈哈"}, {"uid": "1974759161", "content": " 梅    开     二      度"}, {"uid": "646742913", "content": "啊啊啊啊啊啊啊啊啊啊啊啊啊啊啊啊啊啊啊啊啊啊啊啊啊啊啊啊啊啊啊啊啊啊啊啊啊啊啊啊啊啊啊啊啊啊啊啊啊啊啊啊"}, {"uid": "646742913", "content": "啊啊啊啊啊啊啊啊啊啊啊啊啊啊啊啊啊啊啊啊啊啊啊啊啊啊啊啊啊啊啊啊啊啊啊啊啊啊啊啊"}, {"uid": "646742913", "content": "啊啊啊啊啊啊啊啊啊啊啊啊啊啊啊啊啊啊啊啊啊啊啊啊啊啊啊啊啊啊啊啊啊啊啊啊啊啊啊啊啊啊啊啊啊啊啊啊"}, {"uid": "646742913", "content": "啊啊啊啊啊啊啊啊啊啊啊啊啊啊啊啊啊啊啊啊啊啊啊啊啊啊啊啊啊啊啊啊啊啊啊啊"}, {"uid": "646742913", "content": "啊啊啊啊啊啊啊啊啊啊啊啊啊啊啊啊啊啊啊啊啊啊啊啊啊啊啊啊啊啊啊啊啊啊啊啊啊啊啊啊啊啊啊啊啊啊啊啊"}, {"uid": "489406472", "content": "夸             父             逐                日"}, {"uid": "494460525", "content": "大一一一一一表一一一一一哥一一一一一！"}, {"uid": "505750107", "content": "低配卢姥爷"}, {"uid": "1820639815", "content": "???????????????????????????"}, {"uid": "1811082447", "content": "苦力怕苦力怕苦力怕苦力怕苦力怕苦力怕苦力怕苦力怕苦力怕苦力怕苦力怕苦力怕苦力怕苦力怕苦力怕苦力怕苦力怕苦力怕苦力怕苦力怕苦力怕苦力怕苦力怕苦力怕苦力怕苦力怕苦力怕苦力怕苦力怕苦力怕苦力怕苦力怕苦力怕"}, {"uid": "694511573", "content": "the        气       球"}, {"uid": "589776857", "content": "厉害厉害厉害厉害厉害厉害厉害厉害厉害厉害厉害厉害厉害厉害了厉害厉害厉害厉害厉害厉害厉害厉害厉害厉害厉害老厉害厉害厉害"}, {"uid": "694511573", "content": "苦力怕~苦力怕~苦力怕~苦力怕~"}, {"uid": "975942177", "content": "为什么我想到了小鹿做的白雪公主与三只小猪？"}, {"uid": "1454586704", "content": "10492行为"}, {"uid": "1878049693", "content": "草草草草草草草草草草草草草草草草草草草草草草草草草草草草草草草草草草草草草草草草草草草"}, {"uid": "1878049693", "content": "蓝☆蓝☆蓝☆蓝☆蓝☆蓝☆蓝☆蓝☆蓝☆蓝☆蓝☆蓝☆蓝☆蓝☆蓝☆蓝☆蓝☆蓝☆蓝☆蓝☆蓝☆蓝☆蓝☆蓝☆蓝☆蓝☆蓝☆蓝☆蓝☆☆蓝☆蓝☆蓝☆蓝☆蓝☆蓝☆蓝☆蓝☆蓝☆蓝☆蓝☆蓝☆蓝☆蓝☆蓝☆蓝☆蓝☆蓝☆蓝☆蓝☆蓝"}, {"uid": "1226272633", "content": "草             泥            马"}, {"uid": "1208003346", "content": "啊♂~~~啊♂~~~啊♂~~~"}, {"uid": "1878049693", "content": "蓝☆蓝☆蓝☆蓝☆蓝☆蓝☆蓝☆蓝☆蓝☆蓝☆蓝☆蓝☆蓝☆蓝☆蓝☆蓝☆蓝☆蓝☆蓝☆蓝☆蓝☆蓝☆蓝☆蓝☆蓝☆蓝☆蓝☆蓝☆蓝☆☆蓝☆蓝☆蓝☆蓝☆蓝☆蓝☆蓝☆蓝☆蓝☆蓝☆蓝☆蓝☆蓝☆蓝☆蓝☆蓝☆蓝☆蓝☆蓝☆蓝☆蓝"}, {"uid": "275174346", "content": "草草草草草草草草草草草草草草草草草草草草草草草草草草草草草草草草草草草草草草草草草"}, {"uid": "275174346", "content": "草草草草草草草草草草草草草草草草草草草草草草草草草草草草草草草草草草草草草草草草草草草"}, {"uid": "275174346", "content": "草草草草草草草草草草草草草草草草草草草草草草草草草草草草草草草草草草草草草草草草草草草草"}, {"uid": "275174346", "content": "草草草草草草草草草草草草草草草草草草草草草草草草草草草草草草草草草草草草草草草草草草草草草"}, {"uid": "275174346", "content": "草草草草草草草草草草草草草草草草草草草草草草草草草草草草草草草草草草草草草草草草草草草草草草"}, {"uid": "275174346", "content": "草草草草草草草草草草草草草草草草草草草草草草草草草草草草草"}, {"uid": "275174346", "content": "草草草草草草草草草草草草草草草草草草草草草草草草草草草草草草草草草草草草草草草草草草草草草草草"}, {"uid": "275174346", "content": "草草草草草草草草草草草草草草草草草草草草草草草草草草草草草草草草草草草草草草草草草草草草草草草草草草草草草草"}, {"uid": "676185256", "content": "病娇鹿"}, {"uid": "1229585759", "content": "《     有     些     事     还     是     要     靠     这     里     》"}, {"uid": "597840674", "content": "面                         包"}, {"uid": "70554476", "content": "抄袭jojo"}, {"uid": "485874102", "content": "苦力怕苦力怕苦力怕苦力怕苦力怕……"}, {"uid": "646407462", "content": "M   T   T"}, {"uid": "504251199", "content": "白    金    之    星"}, {"uid": "662159660", "content": "儿               童                  节"}, {"uid": "1933245788", "content": "一一一一一一一一一一一一一一一一一一一一一一一一一一一一一一一一一一一一一一一一一一一一一一一一一一一一傻逼"}, {"uid": "1368064472", "content": "《你             们》"}, {"uid": "452212813", "content": "眼睛？末影珍珠？懂？"}, {"uid": "582114940", "content": "《热          气          球》"}, {"uid": "247382685", "content": "小花"}, {"uid": "247382685", "content": "郑氏现在给大家道歉"}, {"uid": "410849435", "content": "《伟    大       发     明》"}, {"uid": "10977832", "content": "＜有  些  事  还  得  靠  这  个＞"}, {"uid": "1187792184", "content": "法   兰    西     军    火    库 "}, {"uid": "1539509611", "content": "被关了这么多年，我总算明白了一个道理，做任何事情，都得靠——————————————————————————————————————————————————————————上笧硕"}, {"uid": "690617523", "content": "大       师       姐"}, {"uid": "661478212", "content": "苦力怕苦力怕苦力怕苦力怕苦力怕苦力怕苦力怕苦力怕苦力怕苦力怕苦力怕苦力怕苦力怕（幻听）"}, {"uid": "544482189", "content": "我  不  做  魔  王  了  ！  阿  里  巴  巴"}, {"uid": "674587535", "content": "草草草草草草草草草草草草草草草草草草草草草草草草草草草草草草草草草草草草草草草草草草草草草草草草草草草草草草草草草草草草草草草草草草草草草草草草草草草草草草草草草草草草草草草草草草草草草草草草草草草草"}, {"uid": "2027196802", "content": "面         包          屑"}, {"uid": "283475303", "content": "别云了 还小幽灵 还玛菲特 这是大表哥"}, {"uid": "525222118", "content": "完      全      一      致"}, {"uid": "33300422", "content": "不阿里巴巴跟所罗门有什么关系啊"}, {"uid": "616692885", "content": "哲学的音乐，哲学的声音，哲学的叫声。"}, {"uid": "37191153", "content": "哈哈哈哈哈哈哈哈哈哈哈哈哈哈哈哈哈哈哈哈"}, {"uid": "676089120", "content": " 还       得       靠       这        里"}, {"uid": "262892771", "content": "阿  里  巴  巴   的  故  事"}, {"uid": "484766912", "content": "《魔 王 翻 译 生 草 机》"}, {"uid": "470262313", "content": "请      君     入     瓮"}, {"uid": "511485590", "content": "一岁儿童做错了什么？为什么要如此残忍？"}]