[{"uid": "688522309", "content": "像 畜 牲 天 天 关 着"}, {"uid": "688522309", "content": "这建模是阎王审核的吗"}, {"uid": "688522309", "content": "空 气 分 子"}, {"uid": "688522309", "content": "众所周知，鳄鱼可以召唤雾"}, {"uid": "293725771", "content": "BGM：Remember The Name"}, {"uid": "1104006052", "content": "《受过专业训练》"}, {"uid": "437073744", "content": "来嘛，床♂上等你一起来van"}, {"uid": "620555294", "content": "硬 核 鳄 鱼"}, {"uid": "620555294", "content": "龙骨：？？？"}, {"uid": "544500900", "content": "这颜值，不要也罢！[doge]"}, {"uid": "21930071", "content": "七  虎  掠  阵  踢"}, {"uid": "521321433", "content": "《鬼  畜  up  主》"}, {"uid": "407071131", "content": "牛顿：大家打开语音"}, {"uid": "607487884", "content": "下 落 攻 击"}, {"uid": "592033552", "content": "太空：我害怕极了"}, {"uid": "700225033", "content": "背  课  文"}, {"uid": "634186622", "content": "二乔：看来你的替身和我是同一个类型的呢"}, {"uid": "651279613", "content": "WTF？这个似曾相识的剧情、我以前好像在听书的时候听到过啊淦但又不是完全一样"}, {"uid": "431457332", "content": "见  证  历  史"}, {"uid": "372121207", "content": "银 色 战 车 镇 魂 曲"}, {"uid": "573799423", "content": "提米：是不是都把爷吃了？"}, {"uid": "506735842", "content": "牛顿哭晕在厕所里"}, {"uid": "660043434", "content": "帮你炼成金肝啊（doge）"}, {"uid": "695101308", "content": "生物老师应语言过激而被踢出直播间"}, {"uid": "610106274", "content": "神他喵的邪魅一笑"}, {"uid": "610106274", "content": "草宝贝你别这样不行了啊～（狗头）"}, {"uid": "582262217", "content": "这个声音awsl"}, {"uid": "1045273419", "content": "我怎么成绿色的了，医生：你还TM问我！"}, {"uid": "620705013", "content": "刺  客  信  条"}, {"uid": "480218362", "content": "目的：让人类绝望"}, {"uid": "480685607", "content": "马上就到你家门口"}, {"uid": "400199804", "content": "《锁 龙 骨》"}, {"uid": "199113622", "content": "牛顿打闹的被赶出直播。"}, {"uid": "523859395", "content": "真：照本宣科"}, {"uid": "560748930", "content": " 这怎么还押上韵了"}, {"uid": "399917638", "content": "氧化铁溶于水"}, {"uid": "151149345", "content": "或者两者都有（doge）"}, {"uid": "1374345034", "content": "《 福 岛 快 乐 水 》"}, {"uid": "1960003959", "content": "第一次知道原来船可以横着划"}, {"uid": "487770605", "content": "八爷行为那个真实"}, {"uid": "696832497", "content": "《全文背诵》"}, {"uid": "574238542", "content": "雷没船：你不要送我"}, {"uid": "600153465", "content": "化学老师：这个黄的东西，看什么看，就是你！"}, {"uid": "630546623", "content": "队友祭天，法力无边 "}, {"uid": "552381567", "content": "肖恩：原来有如此，那么厉害的药效"}, {"uid": "565329860", "content": "【 雷锋的故事的传承人】"}, {"uid": "397687191", "content": "冥 土 追 魂"}, {"uid": "592033552", "content": "十万？狮子大开口"}, {"uid": "625586290", "content": "牛顿已经哭晕在厕所"}, {"uid": "526438510", "content": "绝 望 影 片！斯巴拉西！"}, {"uid": "595674786", "content": "墓土龙骨震怒"}, {"uid": "514915296", "content": "真 • 创 世 之 刃"}, {"uid": "616764102", "content": "罗德岛正在对疑似源石病患者进行观察"}, {"uid": "616764102", "content": "晚 期 源 石 病 患 者"}, {"uid": "471928457", "content": "身 子 太 弱"}, {"uid": "501348595", "content": "天  气  预  报"}, {"uid": "453436130", "content": "不不不，加上鳄鱼，乌迪尔三杀"}, {"uid": "505585424", "content": "小幽灵：你盗我曲"}, {"uid": "607917345", "content": "盾子的新绝望影片"}, {"uid": "517266955", "content": "《锁喉骨》"}, {"uid": "549203196", "content": "这血真的是小孩能看的吗"}, {"uid": "696436313", "content": "果然正常不过三秒。"}, {"uid": "673752376", "content": "爷爷，你咋了，爷爷！！！"}, {"uid": "1427473793", "content": "《  ！扎扎扎  ！》"}, {"uid": "436230016", "content": "绝 世 好 队 友"}, {"uid": "34197893", "content": "救救孩子吧hhhh"}, {"uid": "689484825", "content": "见 证 历 史"}, {"uid": "696012348", "content": "不用担心，牛顿的棺材我会摁着的"}, {"uid": "442203172", "content": "印度阅兵"}, {"uid": "267776787", "content": "淦，直接把参数化模型拿来用可还行"}, {"uid": "512274769", "content": "这鸟的鞋子就离谱"}, {"uid": "446478997", "content": "此地有几率出现XK级世界末日"}, {"uid": "32903113", "content": "简直就是医学奇迹。以毒攻毒。"}, {"uid": "315943211", "content": "我化学老师和生物老师惊叹一口气"}, {"uid": "673485908", "content": "告诉Dio，我还吃面包"}, {"uid": "452564646", "content": "生化危机6玩家表示这很正常（"}, {"uid": "600304211", "content": "一个客户，两个客户，三个客户"}, {"uid": "617332268", "content": "多喝岩浆"}, {"uid": "630874655", "content": "龙骨炮打蚊子"}, {"uid": "437073744", "content": "我想知道她爸和她妈是怎么把她给生下来的（求那最激烈的过程）"}, {"uid": "485682961", "content": "见 证 历 史"}, {"uid": "1408687963", "content": "老年诱捕器"}, {"uid": "495812229", "content": "牛顿の复仇"}, {"uid": "593647015", "content": "  冻  化  的  锡  忘  "}, {"uid": "1518022560", "content": "不，神作永远不会超越"}, {"uid": "551123501", "content": "我的眼睛终于好转了，感谢电鹿"}, {"uid": "650884467", "content": "雄  喘  滑"}, {"uid": "38016205", "content": "探灵笔记表示内行"}, {"uid": "552381567", "content": "乌鸦坐飞机！"}, {"uid": "510597593", "content": "基金会已介入调查，新的异常已经出现"}, {"uid": "608661516", "content": "我爱上了一头公鹿？？？！！！"}, {"uid": "927841653", "content": "未采用的处刑"}, {"uid": "1332619588", "content": "神座神座神座（雾）"}, {"uid": "592033552", "content": "梦幻联动！！！！！！！！"}, {"uid": "687055964", "content": "绝望影片hhhhhhhhh"}, {"uid": "651279613", "content": "草，约定的梦幻岛是一个人做的？"}, {"uid": "515676414", "content": "这很严肃 都给爷哭"}, {"uid": "515676414", "content": "历史老师连夜搬出地球！"}, {"uid": "573799423", "content": "科学老师觉得很gan"}, {"uid": "616764102", "content": "见 证 历 史"}, {"uid": "660043434", "content": "鬼畜界需要你啊"}, {"uid": "660043434", "content": "啊哈哈还回去"}, {"uid": "543927565", "content": "医 学 奇 迹"}, {"uid": "603349331", "content": "Oh my god看这神仙的建模，这美妙的动画场面，使我心也不跳了"}, {"uid": "511577530", "content": "唯一正常的地方"}, {"uid": "677056310", "content": "见  证   历   史"}, {"uid": "501991604", "content": "黑欺震怒"}, {"uid": "501991604", "content": "半 毛 特 效"}, {"uid": "597761454", "content": "光 的 色 散"}, {"uid": "312858", "content": "好家伙！还是个科普番！！！"}, {"uid": "615982709", "content": "医 学 奇 迹"}, {"uid": "695101308", "content": "你不对劲"}, {"uid": "1707665828", "content": "坚强的孩子。不要怕你头上的绿光"}, {"uid": "412482872", "content": "银色战车镇魂曲"}, {"uid": "483430838", "content": "鬼畜区up石锤"}, {"uid": "622595141", "content": "是时候叫出超级飞侠了"}, {"uid": "523859395", "content": "真·惊天神作"}, {"uid": "546879106", "content": "告诉基德大人，我还爱他"}, {"uid": "381487878", "content": "希望孩子没事"}, {"uid": "2120998956", "content": "见 证 历 史"}, {"uid": "1808823778", "content": "见  证  历  史"}, {"uid": "625997983", "content": "震惊"}, {"uid": "65849032", "content": "飞龙在天"}, {"uid": "23363865", "content": "海：xswl"}, {"uid": "1008392842", "content": "哎呦喂我蜂鸣器怎么响了（前方核能）"}, {"uid": "518878106", "content": "危  孩子  危"}, {"uid": "1960003959", "content": "某幻贱笑梦幻联动"}, {"uid": "549661661", "content": "希望孩子san值没事"}, {"uid": "1822700100", "content": "《好象》"}, {"uid": "616465770", "content": "神  作  流  出"}, {"uid": "1356264314", "content": "这充满智慧的眼神"}, {"uid": "379995378", "content": "一个人真就情有可原了"}, {"uid": "629959488", "content": "没事别学何小疯"}, {"uid": "478558083", "content": "想看真正的对王之王请搜索“三十六贱笑”"}, {"uid": "669028694", "content": "《反物质剑》"}, {"uid": "622698957", "content": "什么东西又长翅膀又长双手"}, {"uid": "433424505", "content": "没本事别学人家何小疯"}, {"uid": "589342571", "content": "你的LV增加了"}, {"uid": "1023394480", "content": "NB！你是从现代穿越过来的吧！"}, {"uid": "457292690", "content": "见   证   历   史"}, {"uid": "1876795382", "content": "我妹妹跟我说我在看恐怖的"}, {"uid": "1876795382", "content": "我妹妹跟我说这是恐怖的"}, {"uid": "1876795382", "content": "我妹妹跟我说这是恐怖的"}, {"uid": "427483218", "content": "上白泽慧音：……"}, {"uid": "1641843470", "content": "对王之王对穿肠"}, {"uid": "698942503", "content": "刚打电话就到家"}, {"uid": "1772726479", "content": "恐惧之鸭 可比这可爱多了 "}, {"uid": "660043434", "content": "开始鬼畜"}, {"uid": "690633207", "content": "这  就  是  街  舞"}, {"uid": "501028458", "content": "B站好像就你一个鹿…"}, {"uid": "698098216", "content": "一会儿你会看见后面那个人旁边儿有个大怪物，不用谢我"}, {"uid": "694056275", "content": "不知天高地厚还在这根本没把我放在眼里，准备捉妖。"}, {"uid": "1427473793", "content": "《  扎扎扎  》"}, {"uid": "696778296", "content": "医  学  奇  迹"}, {"uid": "652035505", "content": "银色战车镇魂曲（迷）"}, {"uid": "519436164", "content": "反复去世"}, {"uid": "696808857", "content": "我的眼睛聋了"}, {"uid": "446478997", "content": "当怪物死后会化成尘埃"}, {"uid": "496421282", "content": "生物老师：WDNMD"}, {"uid": "113436976", "content": "不忘初心，下次一定"}, {"uid": "1761974868", "content": "实不相瞒，我在洗澡堂更衣室的电视里看过。"}, {"uid": "523163315", "content": "见  证  历  史"}, {"uid": "425329067", "content": "太阳光之中应该也含有其他的一些不可见光吧"}, {"uid": "695600398", "content": "告诉麻油我下辈子还听他的歌"}, {"uid": "1808823778", "content": "让我们荡起双桨 小船儿推开波浪"}, {"uid": "686771843", "content": "鉴证理事"}, {"uid": "1705506717", "content": "这玩意儿杀疯了"}, {"uid": "41548104", "content": "突然可爱的恐惧之鸭鸭"}, {"uid": "452564646", "content": "生化危机6玩家表示这很正常"}, {"uid": "476803189", "content": "长大♂了"}, {"uid": "1566427032", "content": "见证历史"}, {"uid": "595501421", "content": "传   说    之   下"}, {"uid": "184029064", "content": "请求释放scp-096"}, {"uid": "1356264314", "content": "好家伙隔壁的剑灵都不敢这么做"}, {"uid": "552381567", "content": "打回天龙"}, {"uid": "668997060", "content": "除非忍不住"}, {"uid": "696029252", "content": "真TM，没想到这这东西还是，我家电视上的动画片"}, {"uid": "592033552", "content": "牛顿直呼内行"}, {"uid": "1876795382", "content": "我妹妹跟我说我在看恐怖的"}, {"uid": "401325276", "content": "太牛了！没话说良心剧"}, {"uid": "506451029", "content": "黑暗欺骗鸭：你TM瘪侮辱我"}, {"uid": "450670837", "content": "瞎   子"}, {"uid": "267685324", "content": "声音有点好听（）"}, {"uid": "513921063", "content": "生殖隔离"}, {"uid": "678837134", "content": "我一眼就看出你不是人！大威天龙！"}, {"uid": "495358044", "content": "前面说江户川乱步的回来！"}, {"uid": "650294954", "content": "出现了！半毛特效！"}, {"uid": "669560744", "content": "原来电鹿是抬棺专业的"}, {"uid": "1427473793", "content": "把牛冻生物"}, {"uid": "678165873", "content": "啊·····五彩池"}, {"uid": "414745054", "content": "我更在意刚刚说马有蹄爪，我想知道马哪里来的爪子"}, {"uid": "1881785251", "content": "《凉 心》"}, {"uid": "436865571", "content": "神作等于神经病的作品"}, {"uid": "541299019", "content": "傳說之下的，toby已經到你家門口了"}, {"uid": "288178172", "content": "这把剑很是哲学"}, {"uid": "594612777", "content": "还有弄了半天第一集半个剧情是他喵背诗"}, {"uid": "636224500", "content": "救 命 啊！！！！！"}, {"uid": "546879106", "content": "告诉基德大人，我还爱他"}, {"uid": "27204103", "content": "专业     好队友"}, {"uid": "635462323", "content": "见证历史"}, {"uid": "902757730", "content": "见证历史"}, {"uid": "1624952949", "content": "击剑"}, {"uid": "1808823778", "content": "瞧瞧人家Toby fox"}, {"uid": "18869778", "content": "动画的稀望"}, {"uid": "505751923", "content": "北京人当场骂娘"}, {"uid": "159302376", "content": "见证历史"}, {"uid": "610571497", "content": "［时间庭］进入直播间"}, {"uid": "601319715", "content": "原来鸭子和老虎一样高"}, {"uid": "673485908", "content": "见证历史"}, {"uid": "1328837588", "content": "见证历史"}, {"uid": "1008392842", "content": "懂王电鹿（没得人比我更懂烂片）"}, {"uid": "1768110531", "content": "告诉七海我下辈子再陪她打游戏"}, {"uid": "1997657645", "content": "《百草园》"}, {"uid": "531101727", "content": "告诉Newt我仍然爱他，来世我们一定会重逢的"}, {"uid": "487805414", "content": "开幕雷击"}, {"uid": "518878106", "content": "蓝蓝的天空银河里，有只小白船"}, {"uid": "437073744", "content": "鹿是没有一个比你懂，但是人有啊"}, {"uid": "1061682888", "content": "卧#，nb"}, {"uid": "1061682888", "content": "《nb》"}, {"uid": "432157608", "content": "终极降临"}, {"uid": "625581526", "content": "抱着我的雷德快跑"}, {"uid": "666587138", "content": "医学奇迹！！！"}, {"uid": "184029064", "content": "简称：转世投胎了"}, {"uid": "1202673742", "content": "两只老虎爱跳舞……"}, {"uid": "478558083", "content": "什么黑暗欺骗，明明就是鸽子欺骗"}, {"uid": "672187508", "content": "割草机-【"}, {"uid": "22390683", "content": "双厨狂喜"}, {"uid": "552381567", "content": "我一直以为那个老鹰是男的，结果声音是女的"}, {"uid": "521321433", "content": "《海        笑》"}, {"uid": "592033552", "content": "没艺术你之后还不是讲了- -"}, {"uid": "491781389", "content": "双 厨 狂 喜"}, {"uid": "689958979", "content": "请问这是猪血还是牛血？"}, {"uid": "1884946405", "content": "Toby fox&timmei：？？？"}, {"uid": "401325276", "content": "可太牛了，卖队友第1名"}, {"uid": "634562951", "content": "太专业了"}, {"uid": "610106274", "content": "卧槽！"}, {"uid": "32215924", "content": "医学奇迹"}, {"uid": "554626144", "content": "祖国的栋梁之材"}, {"uid": "1427473793", "content": "《中国传统文化》"}, {"uid": "693513035", "content": "专业坑队友"}, {"uid": "1926294563", "content": "不好了!牛顿的骨灰变成牛顿了！"}, {"uid": "678165873", "content": "nb"}, {"uid": "1707665828", "content": "我一眼看你就不是人。准备捉妖！大威天龙，大罗法照，我多重木。"}, {"uid": "1707665828", "content": "准备捉妖！大威天龙、大罗法杖、是东地道、剥夺中牟。"}, {"uid": "622595141", "content": "四周环绕着绿树红墙"}, {"uid": "1573213603", "content": "这太草了"}, {"uid": "446478997", "content": "tobyBox笑而不语"}, {"uid": "515315735", "content": "完全是两种物种啊"}, {"uid": "524684022", "content": "三连了"}, {"uid": "499461923", "content": "哇船夫女儿好牛壁啊，长一个翅膀就算了，还长了四条腿"}, {"uid": "1061677225", "content": "见证历史"}, {"uid": "25962090", "content": "飞天御剑（不是）"}, {"uid": "1808823778", "content": "专业     好队友"}, {"uid": "1808823778", "content": "背诵全文"}, {"uid": "456534134", "content": "红红火火恍恍惚惚"}, {"uid": "1409065422", "content": "见证历史"}, {"uid": "513941248", "content": "一个母鹿，不穿"}, {"uid": "667507004", "content": "仙剑骑瞎转"}, {"uid": "589776857", "content": "大威天龙"}, {"uid": "105312784", "content": "史历证见"}, {"uid": "1181614111", "content": "告诉崔倍王七我下辈子还磕他俩"}, {"uid": "1075390227", "content": "见证历史"}, {"uid": "454851003", "content": "火葬场之腿"}, {"uid": "541239687", "content": "鬼畜区准备"}, {"uid": "2117901169", "content": "医学奇迹"}, {"uid": "363911795", "content": "我傻了"}, {"uid": "606280151", "content": "医学奇迹"}, {"uid": "472584405", "content": "eerthereheerhtehtrr"}, {"uid": "1822700100", "content": "我直接反手一个我擦"}, {"uid": "666587138", "content": "我从差错G的大威天龙过来的...我就说为什么会有这个......"}, {"uid": "616465770", "content": "草 黑暗欺骗"}, {"uid": "522911028", "content": "薛定谔的剑"}, {"uid": "693999968", "content": "我写作业写到了凌晨6点，就是早晨。"}, {"uid": "200365610", "content": "碎   龙   骨"}, {"uid": "411517645", "content": "感动"}, {"uid": "620753398", "content": "告诉作业，下辈子我还恨他"}, {"uid": "401325276", "content": "鬼畜搞挺好"}, {"uid": "401325276", "content": "做个人吧"}, {"uid": "660043434", "content": "不能"}, {"uid": "693513035", "content": "妙哇"}, {"uid": "11206270", "content": "全文背诵"}, {"uid": "512831771", "content": "前方核能"}, {"uid": "696808857", "content": "我就姓熊"}, {"uid": "628177706", "content": "救救孩子吧"}, {"uid": "523859395", "content": "大爱电鹿"}, {"uid": "113436976", "content": "哈哈哈哈哈哈"}, {"uid": "275563974", "content": "这就是学动画三年的毕业作品吗"}, {"uid": "673240442", "content": "超新星燃烧"}, {"uid": "1555016147", "content": "感觉配音还好吧"}, {"uid": "551348950", "content": "都成青青草原了"}, {"uid": "66590687", "content": "？？？？？？？"}, {"uid": "32903113", "content": "八格牙路吵吵吵。"}, {"uid": "32903113", "content": "所以你到底是公鹿还是母鹿？"}, {"uid": "1808823778", "content": "见证历史"}, {"uid": "1835932168", "content": "公屏"}, {"uid": "428971793", "content": "见证历史"}, {"uid": "428971793", "content": "蒙了？？？？"}, {"uid": "687575281", "content": "见证历史"}, {"uid": "1027862301", "content": "见证历史"}, {"uid": "677784623", "content": "亿厨狂喜"}, {"uid": "688522309", "content": "鬼畜区欢迎你"}, {"uid": "555852799", "content": "来瓶肾宝！"}, {"uid": "589670579", "content": "告诉安莉洁我爱她还要跟她生一堆猴子"}, {"uid": "1059431395", "content": "這一集我看過"}, {"uid": "522757061", "content": "因为有鱼在叫：blue   blue"}, {"uid": "589776857", "content": "见证历史"}, {"uid": "550371582", "content": "现证历史"}, {"uid": "1398234331", "content": "镇妖时间到"}, {"uid": "745887350", "content": "黑暗课文"}, {"uid": "1103191356", "content": "见证历史"}, {"uid": "1920425744", "content": "锁龙骨"}, {"uid": "1449235509", "content": "出血量好大"}, {"uid": "643797923", "content": "你失去了决心"}, {"uid": "518878106", "content": "sans的龙骨炮表示很淦"}, {"uid": "472584405", "content": "rhrrhherhrehrhtrrethrehtrh"}, {"uid": "1543945696", "content": "湾鳄:？？？？？？？？？"}, {"uid": "513441966", "content": "比博然(doge)"}, {"uid": "552381567", "content": "医学奇迹"}, {"uid": "504312001", "content": "暗示只点赞不投币"}, {"uid": "674626060", "content": "医学奇迹"}, {"uid": "701855287", "content": "不是2077吗"}, {"uid": "484541466", "content": "."}, {"uid": "454550478", "content": "这鹿有点眉清目秀啊......"}, {"uid": "483565292", "content": "中国好队友"}, {"uid": "1884946405", "content": "你是羊，你属火"}, {"uid": "421928976", "content": "评论区干净点"}, {"uid": "586447719", "content": "看样子是某奇艺"}, {"uid": "355784630", "content": "三厨狂喜!"}, {"uid": "490091791", "content": "我干的"}, {"uid": "660043434", "content": "黑暗欺骗啊"}, {"uid": "1469560200", "content": "回去告诉我父母一声我还爱他"}, {"uid": "669560744", "content": "现在不在了"}, {"uid": "488361783", "content": "老婆我错了，今晚不做了"}, {"uid": "563187293", "content": "最后一句的才是亮点"}, {"uid": "1931320590", "content": "梦幻联动"}, {"uid": "161196483", "content": "绝对可以耶"}, {"uid": "678165873", "content": "哈哈哈哈哈哈"}, {"uid": "415264187", "content": "逐渐H，使你充满了决心"}, {"uid": "689484825", "content": "好队友"}, {"uid": "695101308", "content": "准备捉妖！          我一眼就看出你不是人！！"}, {"uid": "672198490", "content": "别太辛苦了"}, {"uid": "523859395", "content": "我是伍叶，今天是个捉妖的好日子"}, {"uid": "698832746", "content": "UP主辛苦了"}, {"uid": "1861811169", "content": "Scp已介入调查"}, {"uid": "673240442", "content": "为民除害"}, {"uid": "713921754", "content": "这个动画我看过"}, {"uid": "713921754", "content": "这个动画我看过"}, {"uid": "222569160", "content": "见证历史"}, {"uid": "1397027749", "content": "jo等了！"}, {"uid": "32903113", "content": "来来来吃席了，吃席了。"}, {"uid": "32903113", "content": "金色传说。"}, {"uid": "32903113", "content": "见证历史"}, {"uid": "519619097", "content": "天空是蔚蓝色，窗外有千纸鹤"}, {"uid": "519619097", "content": "鑒幁罹媞"}, {"uid": "628215652", "content": "见证历史"}, {"uid": "1226303265", "content": "为毛两个人共用一个棺材？"}, {"uid": "688522309", "content": "雾山五行风评被害"}, {"uid": "1043463790", "content": "妙不可言"}, {"uid": "1043463790", "content": "妙不可言"}, {"uid": "1195816023", "content": "好受"}, {"uid": "524535653", "content": "。。。这是啥"}, {"uid": "315943211", "content": "大威天龙"}, {"uid": "1320880831", "content": "传说之下，还不是一个人做的"}, {"uid": "513941248", "content": "前方高能预警"}, {"uid": "688522309", "content": "可以"}, {"uid": "1303764023", "content": "博人传不比它燃？"}, {"uid": "589776857", "content": "全明星动画"}, {"uid": "478744548", "content": "它有手和翅膀"}, {"uid": "1328874343", "content": "？？？？？？"}, {"uid": "72834393", "content": "告诉帕洛斯我还爱他"}, {"uid": "388012965", "content": "专业"}, {"uid": "616330156", "content": "小母鹿"}, {"uid": "1325123334", "content": "告诉空条徐伦我还爱她"}, {"uid": "1678543515", "content": "？？？"}, {"uid": "9185388", "content": "y"}, {"uid": "1294890192", "content": "《  捉  妖  失  败  》"}, {"uid": "508876200", "content": "来啦"}, {"uid": "454851003", "content": "儿童动画"}, {"uid": "623184052", "content": "基金会已介入调查"}, {"uid": "546484213", "content": "讲 述 人 ？？？"}, {"uid": "670383875", "content": "逼蓝逼蓝的"}, {"uid": "516283442", "content": "私は身を処して、ジョジョ "}, {"uid": "666587138", "content": "告诉每个au的W.D.Gaster我爱他们！！！"}, {"uid": "1279918625", "content": "然后因为太阳是有七彩的瓜所以-*+-***/%/:''*￥##￥**"}, {"uid": "649005264", "content": "害怕"}, {"uid": "524154840", "content": "七分靠打拼"}, {"uid": "524154840", "content": "见证历史，我们是专业的"}, {"uid": "22390683", "content": "JO厨狂喜"}, {"uid": "491979036", "content": "这么血腥都不打马赛克。"}, {"uid": "1075447979", "content": "典型的猪队友"}, {"uid": "478873383", "content": "王    权    剑    意【doge"}, {"uid": "462294432", "content": "是你吗？电建国？"}, {"uid": "1876795382", "content": "我妹妹真的真的真的和我说这是恐怖的"}, {"uid": "1876795382", "content": "我妹妹真的真的和我说这是恐怖的"}, {"uid": "651182303", "content": "医学奇迹"}, {"uid": "368228301", "content": "scp已介入调查"}, {"uid": "522061014", "content": "云中君"}, {"uid": "591374921", "content": "召唤恐惧之鸭"}, {"uid": "501991604", "content": "编辑部混入UT党"}, {"uid": "1905304207", "content": "我干的！"}, {"uid": "646018055", "content": "咸水鳄"}, {"uid": "11206270", "content": "国产约书亚"}, {"uid": "537914766", "content": "光的色散"}, {"uid": "31280804", "content": "鹿哥鹿哥你最帅。"}, {"uid": "688860375", "content": "告诉奈布我下辈子还要ca他。"}, {"uid": "479880129", "content": "告诉凯尔希和阿米娅，蓝毒，白金他们，我永远爱她们"}, {"uid": "647287058", "content": "不！！！！！！！有话好说，别放原片"}, {"uid": "523859395", "content": "fire ball"}, {"uid": "649690068", "content": "锁GB?"}, {"uid": "673240442", "content": "变性鹿"}, {"uid": "484630110", "content": "告诉乌有，我爱他"}, {"uid": "499461923", "content": "我擦"}, {"uid": "499461923", "content": "波纹攻击"}, {"uid": "365639778", "content": "冲……冲吧"}, {"uid": "2072941409", "content": "小朋友，你是否有很多問號"}, {"uid": "32903113", "content": "专业团队表示可以吃席了专业团队表示可以吃席了。"}, {"uid": "32903113", "content": "我特么这是在海里？不是在湖里吗？"}, {"uid": "32903113", "content": "牛皮克拉斯"}, {"uid": "1808823778", "content": "专业"}, {"uid": "517094544", "content": "林英子:“你能分清海和天吗，我分不清海和天，分不清好人和坏人。”"}, {"uid": "701636092", "content": "*你获胜了，获得了10xp10g 你的LOVE增加了"}, {"uid": "649710274", "content": "医学见证"}, {"uid": "499460214", "content": "专业"}, {"uid": "499460214", "content": "见证历史"}, {"uid": "1043463790", "content": "你的头发是绿色的"}, {"uid": "1043463790", "content": "开始制杖"}, {"uid": "489963420", "content": "泪目"}, {"uid": "142340807", "content": "。。。。。。。。"}, {"uid": "1017212730", "content": "等价交换"}, {"uid": "408286823", "content": "告诉金我爱他"}, {"uid": "673485908", "content": "告诉承太郎，我还爱他"}, {"uid": "1328837588", "content": "见证历史"}, {"uid": "500566204", "content": "逼蓝逼蓝的"}, {"uid": "1054433927", "content": "这鹿我爱了"}, {"uid": "634976056", "content": "san :0"}, {"uid": "39188576", "content": "又傻一个"}, {"uid": "2124184100", "content": "口     阿"}, {"uid": "1398234331", "content": "没币了"}, {"uid": "641755122", "content": "医学奇迹"}, {"uid": "1291254959", "content": "注意了注意了玩儿这个动画的人都注意了现在有一个危险scp未收容scp-99999：学校该scp极为恐怖，它会散发一种奇异的磁场能，吸引成年人将他们6-25岁的幼崽主动送到scp-99999中"}, {"uid": "549231271", "content": "见证历史"}, {"uid": "9185388", "content": "？"}, {"uid": "1479920154", "content": "『雷狮』这船你不要我要"}, {"uid": "442429869", "content": "告诉额我没有喜欢的人"}, {"uid": "1997657645", "content": "彳亍"}, {"uid": "1449235509", "content": "要么就是河里有海啸，要么就是海里有鳄鱼"}, {"uid": "868964402", "content": "JO厨狂喜"}, {"uid": "868964402", "content": "见证历史。"}, {"uid": "503843670", "content": "undertale没骗我"}, {"uid": "1578649187", "content": "鬼畜"}, {"uid": "227589618", "content": "彳亍"}, {"uid": "526650482", "content": "？？？卧槽2020年的动画？！"}, {"uid": "1229875498", "content": "0202?不是2020吗"}, {"uid": "482233369", "content": "创 世 之 刃"}, {"uid": "472584405", "content": "rhhrtehthrththrthrhrththrhrhrhrehrthrh"}, {"uid": "616465770", "content": "斯巴拉西呦"}, {"uid": "562647868", "content": "看见↓你了"}, {"uid": "1008393720", "content": "5不是 2021吗 "}, {"uid": "552381567", "content": "来了来了"}, {"uid": "796629011", "content": "Safe life"}, {"uid": "592033552", "content": "1202年还有更好的呢"}, {"uid": "674587535", "content": "蟹老板：？     珍珍：？？？"}, {"uid": "108522755", "content": "国际好队友"}, {"uid": "700008249", "content": "＊你的LV增加了"}, {"uid": "603349331", "content": "夫奴关系"}, {"uid": "694080170", "content": "不这不是街舞我跳过"}, {"uid": "456901481", "content": "医学奇迹"}, {"uid": "651281279", "content": "告诉金古桥我爱她！"}, {"uid": "351536636", "content": "告诉三笠我还爱她"}, {"uid": "678165873", "content": "我靠你"}, {"uid": "650786788", "content": "见证历史"}, {"uid": "698213292", "content": "医学奇迹"}, {"uid": "668592941", "content": "告诉魔斯拉我是他最好的朋友！！！！！！！！！！！！"}, {"uid": "113436976", "content": "告诉基德我爱他老婆"}, {"uid": "432751087", "content": "敌我不分 "}, {"uid": "1455347961", "content": "秽土转生"}, {"uid": "931998213", "content": "他老婆：王哥不要"}, {"uid": "1094163066", "content": "0202"}, {"uid": "507508478", "content": "◢◤◢◤◢◤◢◤◢◤◢◤WARNING!◢◤◢◤◢◤◢◤WARNING!◢◤◢◤◢◤◢◤◢◤ ◢◤◢◤◢◤◢◤◢◤◢◤WARNING!◢◤◢◤◢◤◢◤WARNING!◢◤◢◤◢◤◢◤◢◤"}, {"uid": "507508478", "content": "▒▒▒▒▒▒▒▒▒▒▒▒▒▒▒▒▒▒▒▒▒▒▒▒▒▒▒▒▒▒▒▒▒▒▒▒▒▒▒▒▒▒▒▒▒▒▒▒▒▒▒▒▒▒▒▒▒▒▒▒▒▒▒▒▒▒▒▒▒▒▒▒▒▒▒▒▒▒▒▒▒▒▒▒▒▒▒▒▒▒▒▒▒▒▒▒▒▒▒▒"}, {"uid": "507508478", "content": "   ⃘⃤   ⃘⃤   ⃘⃤   ⃘⃤   ⃘⃤   ⃘⃤   ⃘⃤   ⃘⃤   ⃘⃤   ⃘⃤   ⃘⃤   ⃘⃤   ⃘⃤   ⃘⃤   ⃘⃤   ⃘⃤   ⃘⃤   ⃘⃤   ⃘⃤   ⃘⃤"}, {"uid": "507508478", "content": "   ⃘⃤   ⃘⃤   ⃘⃤   ⃘⃤   ⃘⃤   ⃘⃤   ⃘⃤   ⃘⃤   ⃘⃤   ⃘⃤   ⃘⃤   ⃘⃤   ⃘⃤   ⃘⃤   ⃘⃤   ⃘⃤   ⃘⃤   ⃘⃤   ⃘⃤   ⃘⃤"}, {"uid": "507508478", "content": "   ⃘⃤   ⃘⃤   ⃘⃤   ⃘⃤   ⃘⃤   ⃘⃤   ⃘⃤   ⃘⃤   ⃘⃤   ⃘⃤   ⃘⃤   ⃘⃤   ⃘⃤   ⃘⃤   ⃘⃤   ⃘⃤   ⃘⃤   ⃘⃤   ⃘⃤   ⃘⃤"}, {"uid": "669548849", "content": "见      证      历      史"}, {"uid": "129092932", "content": "喜灰异国大刀子：我*********你*********"}, {"uid": "1641167723", "content": "？？？？？？？？？？？？？？？？"}, {"uid": "1209963806", "content": "▓▓▓▓▓▓▓▓▓▓▓▓▓▓▓▓▓▓▓▓▓▓▓▓▓▓▓警告▓▓▓▓▓▓▓▓▓▓▓▓▓▓▓▓▓▓▓▓▓▓▓▓▓▓▓▓警告▓▓▓▓▓▓▓▓▓▓▓▓▓▓▓▓▓▓▓▓▓▓▓▓▓▓▓▓▓▓▓▓▓▓▓▓▓▓▓▓▓"}, {"uid": "1479920154", "content": "见      证      历      史"}, {"uid": "1479920154", "content": "告诉帕洛斯我来世还娶她"}, {"uid": "514670368", "content": "医    学     奇     迹"}, {"uid": "2135567566", "content": "*准备审判!!!!!!!!!!!!!!!!!!!!!!!!!!!!!!!!!!!!!!!!!!!!!!!!!!!!!!!!!!!!!!"}, {"uid": "372404962", "content": "樱花.Maskink!sans表示这***********"}, {"uid": "1151554808", "content": "告诉黑子我还爱她"}, {"uid": "409653031", "content": "///////////电鹿我喜欢你//////////"}, {"uid": "515401236", "content": "告诉约约下辈子我还爱他"}, {"uid": "517496724", "content": "⃘⃤   ⃘⃤   ⃘⃤   ⃘⃤   ⃘⃤   ⃘⃤   ⃘⃤   ⃘⃤   ⃘⃤   ⃘⃤   ⃘⃤   ⃘⃤   ⃘⃤   ⃘⃤   ⃘⃤   ⃘⃤   ⃘⃤   ⃘⃤   ⃘⃤"}, {"uid": "1404952139", "content": "尘 埃 传 说"}, {"uid": "1325175624", "content": "哈———哈———哈———哈———哈———哈———哈———哈———哈哈———哈———哈———哈———哈———哈———哈———哈———哈哈———哈———哈———哈———哈———哈—— 哈———哈———哈—"}, {"uid": "430779955", "content": "*气氛逐渐nehehehehehehehehehehehe了起来（UT厨又又又又乱入）"}, {"uid": "1629779354", "content": "千     手     柱     间"}, {"uid": "1427473793", "content": "《  节    奏    大    师  》"}, {"uid": "1926294563", "content": "啊啊啊啊啊啊啊啊啊啊啊啊啊啊啊啊啊啊啊！卡哇伊！"}, {"uid": "668736115", "content": "▒▒▒▒▒▒▒▒▒▒▒▒▒▒▒▒▒▒▒▒▒▒▒▒▒▒▒▒▒▒▒▒▒▒▒▒▒▒▒▒▒▒▒▒▒▒▒▒▒▒▒▒▒▒▒▒▒▒▒▒▒▒▒▒▒▒▒▒▒▒▒▒▒▒▒▒▒▒▒▒▒▒▒▒▒▒▒▒▒▒▒▒▒▒▒▒▒▒▒▒"}, {"uid": "628310521", "content": "你需要来点肾宝片"}, {"uid": "628310521", "content": "行（Sans色）"}]