[{"uid": "448246444", "content": "你不好好在狗头下成长"}, {"uid": "527277977", "content": "国际友好手势"}, {"uid": "628210713", "content": "*优美的中国话*"}, {"uid": "662868", "content": "爱妻让人拥有快了"}, {"uid": "662868", "content": "如果让你冲洗奶果"}, {"uid": "13891631", "content": "你把福尔摩斯藏哪了？！"}, {"uid": "27626234", "content": "劳资*鸟叫声*是穿山甲"}, {"uid": "522596518", "content": "BGM：hop（光明正大）"}, {"uid": "430267321", "content": "太和谐了吧"}, {"uid": "668592941", "content": "反客为主"}, {"uid": "645224041", "content": "电鹿板还能发出这种声音嘛？"}, {"uid": "443073048", "content": "你又不对劲了"}, {"uid": "36541553", "content": "暗杀名单又双叒叕加人了"}, {"uid": "3928822", "content": "好的爷爷，没问题爷爷……"}, {"uid": "548555193", "content": "危 预言家 危"}, {"uid": "588871058", "content": "牛顿：达尔文终究是替我挡下了所有"}, {"uid": "669478473", "content": "保护傻狍子"}, {"uid": "547252939", "content": "扫黄漏洞"}, {"uid": "637939963", "content": "网易现状（手动滑稽）"}, {"uid": "631037788", "content": "预言家~刀了"}, {"uid": "277593651", "content": "牢底坐穿"}, {"uid": "33670145", "content": "暗 杀 名 单"}, {"uid": "86434563", "content": "组 织 器 官 再 生"}, {"uid": "318625275", "content": "你们这是帮人都在想什么呢，眼睛果然很大啊"}, {"uid": "350810524", "content": "眉  清  目  秀"}, {"uid": "237624266", "content": "*优美的中国话*"}, {"uid": "436498749", "content": "原 形 毕 鹿"}, {"uid": "631636336", "content": "指翘起来的东西。"}, {"uid": "627688186", "content": "祖安人的困扰"}, {"uid": "315949738", "content": "晋江直呼内行"}, {"uid": "472149473", "content": "小  行  星  坠  落"}, {"uid": "388316961", "content": "暗   杀   名   单"}, {"uid": "417915351", "content": "鸟  语  花  香"}, {"uid": "450128340", "content": "生物鬼才"}, {"uid": "629326216", "content": "原来这个和谐语音机听不懂外语"}, {"uid": "515228947", "content": "如果让你冲洗奶果"}, {"uid": "646989212", "content": "国际交友手势"}, {"uid": "384540349", "content": "网   易   行   为"}, {"uid": "509766634", "content": "今天晚上把这个预言家给刀了"}, {"uid": "651247332", "content": "说什么都会被和谐掉"}, {"uid": "427713974", "content": "不！这是葫芦的撅撅[手动doge]"}, {"uid": "500120270", "content": "音乐：葫芦娃七子降妖"}, {"uid": "421982768", "content": "俄裂开了哈哈哈哈哈嗝"}, {"uid": "100576489", "content": "网 易 M C"}, {"uid": "513794029", "content": "河 蟹 之 声"}, {"uid": "516747842", "content": "哈哈哈哈哈马叫声注入了灵魂"}, {"uid": "289638277", "content": "欲盖弥彰"}, {"uid": "445428946", "content": "你知道大半夜在被窝里憋笑是什么感觉吗"}, {"uid": "404401537", "content": "童年变质"}, {"uid": "404401537", "content": "童年变质"}, {"uid": "404401537", "content": "童年变质"}, {"uid": "651473934", "content": "要是配这段音的时候被电鹿妈妈听到"}, {"uid": "479108363", "content": "《绿  色  健  康》"}, {"uid": "98816589", "content": "要被吸入惹"}, {"uid": "297656466", "content": "这鸟语真好听，爷爷小嘴真甜"}, {"uid": "430293976", "content": "歌  颂  爱  情"}, {"uid": "491155435", "content": "一定要用金坷垃，才能长出来！"}, {"uid": "470848011", "content": "歌 颂 爱 情 "}, {"uid": "288673218", "content": "男♂子气概"}, {"uid": "178005131", "content": "前方绿色和谐高能"}, {"uid": "522428035", "content": "把这个预言家刀了"}, {"uid": "504090599", "content": "鹿子这个表情好可爱"}, {"uid": "435736738", "content": "影流之蛇"}, {"uid": "88207735", "content": "晋   江   现   状"}, {"uid": "565358630", "content": "“男子气概”"}, {"uid": "189743487", "content": "夹夹虫（学名锹甲）"}, {"uid": "642426062", "content": "逐渐忘记原版"}, {"uid": "529600954", "content": "是便便的意思！"}, {"uid": "651303737", "content": "这破路爷有开车"}, {"uid": "349016938", "content": "滑稽脸"}, {"uid": "506105308", "content": "「祖安弟兄」成功接单"}, {"uid": "646835213", "content": "果然不愧是28岁的程序员"}, {"uid": "522428035", "content": "前方建议喝水吃饭时观看"}, {"uid": "39303197", "content": "未见其人先闻其声"}, {"uid": "39303197", "content": "未见其人先闻其声"}, {"uid": "39303197", "content": "暗   杀   名   单"}, {"uid": "457812007", "content": "老的老爷爷?"}, {"uid": "494373910", "content": "暗 杀 名 单"}, {"uid": "547467165", "content": "这个笑声让我想起了澈子"}, {"uid": "492927356", "content": "电鹿别怕，这些已经拿去喂伏拉夫了（doge"}, {"uid": "399239973", "content": "派大星：这是意大利语"}, {"uid": "590862434", "content": "大地：我裂开了"}, {"uid": "398353709", "content": "以下都为组织叛徒，开始行动"}, {"uid": "13891631", "content": "你把福尔摩斯藏哪了？"}, {"uid": "12854926", "content": "牛  头  人"}, {"uid": "148234387", "content": "死   刑   名   单"}, {"uid": "265541897", "content": "这让我想起了著名的精神污染小草"}, {"uid": "479259575", "content": "撅撅＝农村话的粑粑"}, {"uid": "636203954", "content": "跳舞的那段竟然意外地跟上了节拍"}, {"uid": "519980790", "content": "笑疯了哈哈哈哈哈哈哈哈哈哈哈"}, {"uid": "473351627", "content": "“流”下来（狗头）"}, {"uid": "693412361", "content": "晋江现状"}, {"uid": "9420120", "content": "哈哈哈哈哈哈笑出眼泪来了"}, {"uid": "285863436", "content": "这不是上海教育电视台的台标吗？"}, {"uid": "482016374", "content": "晋 江 现 状"}, {"uid": "520191955", "content": "*优美的中国话*"}, {"uid": "520191955", "content": "核泄漏版本"}, {"uid": "567459140", "content": "我笑得人都会傻了"}, {"uid": "448246444", "content": "我小鸟一句话都说不了了"}, {"uid": "345957686", "content": "卡西劫佩娅"}, {"uid": "1518171247", "content": "生 物 课 代 表"}, {"uid": "553162055", "content": "网易坦克世界闪击战现状"}, {"uid": "628210713", "content": "*优美的中国话*"}, {"uid": "527277977", "content": "国际友好手势"}, {"uid": "27626234", "content": "*优美的中国话*"}, {"uid": "505589581", "content": "影流之蛇"}, {"uid": "72207946", "content": "金蛇狂舞哈哈哈哈"}, {"uid": "213083608", "content": "文字狱好可怕"}, {"uid": "499131376", "content": "卧槽哈哈哈哈哈哈哈哈哈哈哈哈"}, {"uid": "522938164", "content": "晋江现状"}, {"uid": "676222476", "content": "难道这就是你分蛇的结果？"}, {"uid": "617224989", "content": "也安装绿色搞笑版补丁"}, {"uid": "650934061", "content": "不愧是程序员。"}, {"uid": "479880129", "content": "斯大凛同志肃反名单"}, {"uid": "398114997", "content": "不愧是b站只会撕逼"}, {"uid": "504261487", "content": "住手，不能吃野味！"}, {"uid": "631598681", "content": "歌 颂 爱 情"}, {"uid": "404263200", "content": "*优美的中国话"}, {"uid": "689978747", "content": "预言家，刀了"}, {"uid": "687046782", "content": "优美的中国话"}, {"uid": "316409270", "content": "下面妮塔的太草了哈哈哈"}, {"uid": "302552632", "content": "渐渐老嫖客化"}, {"uid": "694090831", "content": "真·一本正经"}, {"uid": "502002391", "content": "竖起了中指"}, {"uid": "511027763", "content": "金蛇狂舞"}, {"uid": "480121993", "content": "电鹿突然鬼畜"}, {"uid": "503782229", "content": "农 场 的 早 晨"}, {"uid": "477071106", "content": "奇怪的音乐增加了"}, {"uid": "588871058", "content": "暗  杀  不  谢  哦"}, {"uid": "392862001", "content": "好的大王，没问题大王"}, {"uid": "649231378", "content": "飞屋攻克美女蛇"}, {"uid": "622363580", "content": "发现病句 发现病句"}, {"uid": "509725272", "content": "《懂了》"}, {"uid": "439555571", "content": "快速施法"}, {"uid": "159326266", "content": "我笑吐了哈哈哈哈哈哈"}, {"uid": "669349352", "content": "海绵宝宝：我都不知道你还会说鸟语"}, {"uid": "72260758", "content": "讲真蛇妖真的性感"}, {"uid": "626297523", "content": "本人已笑死"}, {"uid": "436498749", "content": "预言家，刀了"}, {"uid": "24577201", "content": "暗  杀  名  单"}, {"uid": "514976040", "content": "全球通缉"}, {"uid": "490897943", "content": "预言家，赶紧刀了"}, {"uid": "667519762", "content": "继续更下一集 "}, {"uid": "13738023", "content": "加 密 通 话"}, {"uid": "440361500", "content": "笑死我了哈哈哈哈哈"}, {"uid": "422404466", "content": "老爷爷 从高处跌落"}, {"uid": "422404466", "content": "老爷爷 从高处跌落"}, {"uid": "548002976", "content": "暂停，关声音"}, {"uid": "545962834", "content": "目前已知中国版现状"}, {"uid": "495252632", "content": "某科学的葫芦娃"}, {"uid": "652569886", "content": "危危危危危危"}, {"uid": "489802009", "content": "我特么在喝水啊！！！"}, {"uid": "404373839", "content": "被迫和谐"}, {"uid": "326818694", "content": "哈哈哈哈这样更好笑了"}, {"uid": "402110375", "content": "真是和谐的一天"}, {"uid": "425617923", "content": "我都笑出猪声了"}, {"uid": "565126485", "content": "影  流  之  蛇"}, {"uid": "630146162", "content": "预言家，今晚刀他"}, {"uid": "451993256", "content": "笑得我满大街吃小孩"}, {"uid": "383270960", "content": "这是B站人的信仰♂怎么就不健康♂了呢"}, {"uid": "403798901", "content": "BGM：hop（光明正大）"}, {"uid": "403798901", "content": "影流之蛇"}, {"uid": "403798901", "content": "没错，你聋了"}, {"uid": "490633831", "content": "歌曲名《hop》不用谢我[doge]"}, {"uid": "455375659", "content": "影流之舌"}, {"uid": "439009888", "content": "大野木，宇智波斑：安排！"}, {"uid": "504434196", "content": "流下来的……籽"}, {"uid": "9137147", "content": "太讽刺现实了！！！"}, {"uid": "666625045", "content": "柯穴拐仁"}, {"uid": "321815082", "content": "欢迎回来"}, {"uid": "98816589", "content": "吸入惹"}, {"uid": "618117147", "content": "预言家，刀了"}, {"uid": "557888973", "content": "BV17x411w7KC"}, {"uid": "394818046", "content": "这绿色和谐谐是和晋江学的吧"}, {"uid": "630146162", "content": "影 流 蛇 精"}, {"uid": "443858097", "content": "哈哈哈哈哈哈哈哈哈哈我笑死"}, {"uid": "353505385", "content": "葫芦种子哪去跟小姐姐换药葫芦"}, {"uid": "583448493", "content": "网易：你才色"}, {"uid": "347055082", "content": "网   易   现   状"}, {"uid": "322590564", "content": "下巴指导：老番茄"}, {"uid": "646704739", "content": "绿 色 核 泄 版 本"}, {"uid": "646704739", "content": "绿 色 核 泄 版 本"}, {"uid": "646704739", "content": "绿 色 核 泄 版 本"}, {"uid": "573951196", "content": "十九号脏话"}, {"uid": "243927273", "content": "理科生狂喜"}, {"uid": "295379461", "content": "你不好好在狗狗下成长"}, {"uid": "529600954", "content": "*优美的中国话*"}, {"uid": "471103246", "content": "危     老爷爷    危"}, {"uid": "26174425", "content": "他们看不到明天的太阳了"}, {"uid": "326497027", "content": "↑ 泰拉瑞亚可还行"}, {"uid": "628733508", "content": "这都保护，哈哈哈哈哈哈哈"}, {"uid": "560142524", "content": "不!这是葫芦的橛橛"}, {"uid": "1877394", "content": "投个币保护一下"}, {"uid": "587184138", "content": "带预言家，刀了！"}, {"uid": "1386942479", "content": "你连手机都没有啊爷爷"}, {"uid": "623091621", "content": "把这些无家可归的人送去卢比扬卡住"}, {"uid": "1085223624", "content": "懂王都懂"}, {"uid": "1997685939", "content": "一不小心又来了"}, {"uid": "527277977", "content": "《绿色健康》"}, {"uid": "27626234", "content": "预言家刀了刀了"}, {"uid": "482834101", "content": "这回我说是hop没人反对吧（doge"}, {"uid": "510242958", "content": "网易版我的世界现状"}, {"uid": "364822960", "content": "粑粑撅哈哈哈哈哈"}, {"uid": "1963810", "content": "永恒经典"}, {"uid": "506817287", "content": "那别人改其他作品就可以吗"}, {"uid": "408507654", "content": "我特么是兔子精！"}, {"uid": "617224989", "content": "前方所有动物声音"}, {"uid": "473158692", "content": "好多4-5级号"}, {"uid": "599058239", "content": "你哈哈哈哈"}, {"uid": "549922758", "content": "被迫和谐"}, {"uid": "503782229", "content": "京中有善口技者"}, {"uid": "493679438", "content": "今晚刀预言家"}, {"uid": "502686534", "content": "加密通话"}, {"uid": "222668159", "content": "更好笑了哈哈哈哈哈哈哈哈"}, {"uid": "529624385", "content": "我（后面全是地道的中国话）"}, {"uid": "621136439", "content": "暗 杀 名 单"}, {"uid": "630496037", "content": "哈哈哈哈哈哈哈哈哈哈哈哈哈"}, {"uid": "556032046", "content": "他预言家！刀他！"}, {"uid": "296086667", "content": "笑的满地找头"}, {"uid": "671401459", "content": "老预言家3，这么准"}, {"uid": "481237721", "content": " 网 易 行 为 "}, {"uid": "519272347", "content": "老预言家了"}, {"uid": "436498749", "content": "网   易   现   状"}, {"uid": "669469070", "content": "难道这就是你分手的借口，如果让你重新来过"}, {"uid": "453206525", "content": "用喀秋莎轰他们"}, {"uid": "36342486", "content": "哈哈哈哈哈哈哈哈笑死我了"}, {"uid": "243840043", "content": "保護"}, {"uid": "515228947", "content": "如果让你冲洗奶果"}, {"uid": "452259796", "content": "好红红火火恍恍惚惚哈哈哈哈"}, {"uid": "509766634", "content": "今天晚上把这个一原价给倒了"}, {"uid": "598477301", "content": "可怕的是歌曲卡上了"}, {"uid": "652569886", "content": "原形毕鹿"}, {"uid": "411337738", "content": "生物学鬼才"}, {"uid": "258421812", "content": "哈哈哈哈哈哈，这个声音"}, {"uid": "26504336", "content": "百慕大三角"}, {"uid": "649879266", "content": "哈哈哈哈哈哈哈哈哈哈哈哈"}, {"uid": "505397123", "content": "动物园狂欢 Party."}, {"uid": "383270960", "content": "阿晋行为"}, {"uid": "503010387", "content": "说好的会和谐掉的呢？"}, {"uid": "478876596", "content": "哲学符号顶一顶♂"}, {"uid": "201758983", "content": "mope mope是吧"}, {"uid": "666625045", "content": "这就是你分手的借口~"}, {"uid": "46040638", "content": "还是很黄啊"}, {"uid": "472174713", "content": "你品你细品"}, {"uid": "500349039", "content": "河       蟹"}, {"uid": "513090638", "content": "傻孩子，快跑！！"}, {"uid": "470090579", "content": "休息量有点大"}, {"uid": "2094114", "content": "哈哈哈哈哈哈哈哈哈哈哈"}, {"uid": "516636258", "content": "原来外语不屏蔽（狗头）"}, {"uid": "397049554", "content": "不这是葫芦的脚脚"}, {"uid": "626754862", "content": "(￣y▽￣)~*捂嘴偷笑"}, {"uid": "522428035", "content": "前方建议喝水吃饭时观看"}, {"uid": "646704739", "content": "绿 色 核 泄 版 本"}, {"uid": "646704739", "content": "绿 色 核 泄 版 本"}, {"uid": "646704739", "content": "绿 色 核 泄 版 本"}, {"uid": "646704739", "content": "绿 色 核 泄 版 本"}, {"uid": "527667698", "content": "←就凭你这个手势，我就不三连了"}, {"uid": "527667698", "content": "Keter级收容物"}, {"uid": "548503284", "content": "nb.我看上瘾了"}, {"uid": "496164149", "content": "优美的中国话"}, {"uid": "601411487", "content": "哈哈哈哈哈哈哈哈哈哈哈哈哈"}, {"uid": "489203694", "content": "小耗子。"}, {"uid": "628733508", "content": "这都保护，哈哈哈哈"}, {"uid": "560142524", "content": "不!这是葫芦的撅撅"}, {"uid": "525661995", "content": "像极了我在我的世界废一堆话里安慰朋友，结果打出了**"}, {"uid": "516762352", "content": "*优美的中国话*"}, {"uid": "498845899", "content": "我要笑死了"}, {"uid": "380457974", "content": "我才发现是电鹿啊哈哈"}, {"uid": "509422619", "content": "动物世界"}, {"uid": "484768357", "content": "哈哈哈哈哈哈哈哈哈哈哈哈"}, {"uid": "350700431", "content": "细胞的全能性"}, {"uid": "448246444", "content": "马会担心你的"}, {"uid": "448246444", "content": "小羊啊小猪"}, {"uid": "10449059", "content": "哈哈哈哈哈哈"}, {"uid": "527277977", "content": "跑着来叫什么"}, {"uid": "698503498", "content": "酒醉的蝴蝶呢，怎么能少了他"}, {"uid": "350519967", "content": "肃 反 名 单"}, {"uid": "669560744", "content": "他们那也没有提取机啊"}, {"uid": "608304622", "content": "爷爷：***"}, {"uid": "627776905", "content": "如果让你冲洗奶果 "}, {"uid": "72207946", "content": "哈哈哈哈哈哈哈哈嗝"}, {"uid": "59239648", "content": "保加利亚蛇王"}, {"uid": "662629509", "content": "难道这就是你分手的借口？"}, {"uid": "648280135", "content": "带预言家"}, {"uid": "499131376", "content": "卧槽！！！！！！！！！！！"}, {"uid": "1963810", "content": "歌颂爱情"}, {"uid": "586811471", "content": "嘻嘻嘻xe呵aaa"}, {"uid": "454992179", "content": "补丁漏洞"}, {"uid": "487319846", "content": "优美的中国话"}, {"uid": "1299222706", "content": "画风突变"}, {"uid": "592649742", "content": "牛魔王：WDNMD"}, {"uid": "295379461", "content": "小羊啊小猪"}, {"uid": "159326266", "content": "哈哈哈哈哈哈哈哈哈哈哈哈哈"}, {"uid": "688577127", "content": "口吐芬芳"}, {"uid": "508282290", "content": "和谐真和谐"}, {"uid": "543122286", "content": "优美的中国话"}, {"uid": "621709436", "content": "某科学的超祖安爷爷S  葫芦娃篇"}, {"uid": "617168234", "content": "网易光遇行为"}, {"uid": "89968218", "content": "哈哈哈哈哈哈哈哈哈哈哈哈哈哈"}, {"uid": "669754461", "content": "原形毕露"}, {"uid": "650903117", "content": "流下来？？？"}, {"uid": "435072929", "content": "干活了兄弟们！"}, {"uid": "388316961", "content": "网易现状"}, {"uid": "509592377", "content": "禁止野味"}, {"uid": "651936309", "content": "2.0食用更佳。"}, {"uid": "519980790", "content": "哈哈哈哈哈哈哈"}, {"uid": "37154965", "content": "哈哈哈哈哈哈哈哈哈哈哈哈哈"}, {"uid": "433573544", "content": "我已经拿起了祖传c96大砍刀"}, {"uid": "515228947", "content": "老预言家了"}, {"uid": "433573544", "content": "暗 杀 名 单"}, {"uid": "651826297", "content": "歌颂爱情的，男子气概的"}, {"uid": "549705472", "content": "原形毕露"}, {"uid": "549705472", "content": "动物世界"}, {"uid": "663757628", "content": "♂男♂子♂气♂概♂"}, {"uid": "638288677", "content": "动物总动员"}, {"uid": "560102241", "content": "是一个科学老师。"}, {"uid": "555146707", "content": "暗杀小组出动！！！"}, {"uid": "551021738", "content": "哈哈哈哈哈哈啊"}, {"uid": "649879266", "content": "哈哈哈哈哈哈哈哈哈哈哈哈"}, {"uid": "522873624", "content": "哈哈哈哈哈哈哈哈就好"}, {"uid": "490633831", "content": "高能预警"}, {"uid": "336186488", "content": "♂♂♂"}, {"uid": "46040638", "content": "暗 杀 名 单"}, {"uid": "436569548", "content": "这是大力金刚丸"}, {"uid": "100468759", "content": "蝎子精"}, {"uid": "490537663", "content": "小鹿胸口标志是？"}, {"uid": "436978333", "content": "这是很久很久以前……"}, {"uid": "358817249", "content": "哈哈哈哈哈哈哈哈哈哈哈哈哈哈"}, {"uid": "234580420", "content": "蹶撅"}, {"uid": "503261228", "content": "bgm：hop（理直气壮）"}, {"uid": "516636258", "content": "干什么都和谐才是最神奇的"}, {"uid": "23440552", "content": "鸟 语 花 香 "}, {"uid": "522428035", "content": "吉时已到，斩立决"}, {"uid": "609850944", "content": "暗 杀 名 单"}, {"uid": "661057776", "content": "留下来？？？"}, {"uid": "527667698", "content": "达尔文瞎编论"}, {"uid": "497016515", "content": "对影成三人"}, {"uid": "496164149", "content": "预言家"}, {"uid": "295379461", "content": "马会担心你的"}, {"uid": "295379461", "content": "小羊啊小猪"}, {"uid": "435811038", "content": "再来亿遍"}, {"uid": "651052412", "content": "看到这里特别想笑"}, {"uid": "447398590", "content": "这都忘记原版是什么样子了"}, {"uid": "249663590", "content": "如果让你重新来过，你会不会爱我"}, {"uid": "409878078", "content": "毫无违和感"}, {"uid": "348806625", "content": "说好的绿色健康呢？"}, {"uid": "496126997", "content": "绿色健康小清新"}, {"uid": "488671384", "content": "食大便了"}, {"uid": "652066552", "content": "加密通话"}, {"uid": "621411508", "content": "哈哈哈哈哈"}, {"uid": "524785456", "content": "如果让你重新来过，你会不会爱我"}, {"uid": "647338225", "content": "*优美的中国话*"}, {"uid": "484768357", "content": "难道这就是你分手的借口"}, {"uid": "633849132", "content": "啊啊啊no no no"}, {"uid": "701911945", "content": "红红火火恍恍惚惚"}, {"uid": "1529323626", "content": "巨大的弹珠"}, {"uid": "527277977", "content": "《Green health patch》"}, {"uid": "628210713", "content": "*优美的中国话*"}, {"uid": "36616095", "content": "哈哈哈哈哈太行了"}, {"uid": "72207946", "content": "哈哈哈哈优美"}, {"uid": "482614237", "content": "哈哈哈哈哈哈哈哈"}, {"uid": "21299009", "content": "不是牛头人么→_→"}, {"uid": "603992418", "content": "前方高能"}, {"uid": "440824670", "content": "？？？？？？？？？？？"}, {"uid": "53421908", "content": "哈哈哈哈哈哈哈哈哈"}, {"uid": "701765264", "content": "？？？？？？？？？？？？？"}, {"uid": "307009117", "content": "哈哈哈哈哈哈哈哈哈哈哈"}, {"uid": "526549284", "content": "？？？？？"}, {"uid": "695038195", "content": "难道这就是你？ 分手的借口"}, {"uid": "687046782", "content": "小老鼠"}, {"uid": "695737823", "content": "啊 这美丽的中国话 "}, {"uid": "687046782", "content": "保护电鹿"}, {"uid": "159326266", "content": "哈哈哈哈哈哈哈哈哈哈哈哈哈"}, {"uid": "647421241", "content": "bin钢弹"}, {"uid": "89328165", "content": "把这个刀客塔拉出去处决了！"}, {"uid": "484145269", "content": "前方车速太快，要下车的，请赶快下车"}, {"uid": "501604409", "content": "太牛逼了"}, {"uid": "96103744", "content": "哈哈哈"}, {"uid": "547252939", "content": "动物世界"}, {"uid": "50360565", "content": "老婆真厉害"}, {"uid": "89968218", "content": "哈哈哈哈哈哈哈哈哈哈哈哈哈哈"}, {"uid": "614610554", "content": "哈哈哈哈哈哈哈哈哈哈哈哈"}, {"uid": "645643978", "content": "流产"}, {"uid": "64613855", "content": "影流之蛇"}, {"uid": "670902310", "content": "哈哈哈哈嗯"}, {"uid": "436498749", "content": "握     草"}, {"uid": "510946062", "content": "哈哈哈哈哈哈哈"}, {"uid": "390262148", "content": "哈哈哈哈哈哈"}, {"uid": "475311363", "content": "影流之蛇"}, {"uid": "626389247", "content": "这TM是动物园吗"}, {"uid": "619329210", "content": "这个打码的位置我熟（Doge）"}, {"uid": "498758748", "content": "说女巫自救的，还有守卫"}, {"uid": "625921283", "content": "*优美的中国话"}, {"uid": "422404466", "content": "你不好好在狗头下成长"}, {"uid": "660576593", "content": "电鹿好可爱"}, {"uid": "522873624", "content": "哈哈哈哈哈哈哈哈哈哈"}, {"uid": "336477905", "content": "哈哈哈哈哈哈"}, {"uid": "526297292", "content": "催更催更。"}, {"uid": "500723110", "content": "绿意盎然"}, {"uid": "457208883", "content": "正片开始"}, {"uid": "451993256", "content": "笑得我在床上拉橛橛"}, {"uid": "511925209", "content": "这是电鹿剧场的一小步，却是B站剧场的一大步"}, {"uid": "511925209", "content": "这是电鹿剧场的一小步，却是B站剧场的一大步"}, {"uid": "511925209", "content": "这是电鹿剧场的一小步，却是B站剧场的一大步"}, {"uid": "511925209", "content": "这是电鹿剧场的一小步，却是B站剧场的一大步"}, {"uid": "651473934", "content": "理科生狂喜"}, {"uid": "662533330", "content": "把它炖了"}, {"uid": "39303197", "content": "打码干啥呀，放出来让大家玩玩嘛"}, {"uid": "662167749", "content": "带预言家"}, {"uid": "50332926", "content": "以下为阵亡名单"}, {"uid": "650900272", "content": "哈哈哈哈哈哈哈哈哈哈"}, {"uid": "481156638", "content": "哈哈哈哈哈哈啊哈哈哈哈哈哈"}, {"uid": "641599851", "content": "辣妹儿～法克儿～"}, {"uid": "650967834", "content": "网  易  现  状"}, {"uid": "626309703", "content": "优美的中国话。"}, {"uid": "565358630", "content": "影流之蛇"}, {"uid": "7947317", "content": "爷海皇 陨落！"}, {"uid": "441459651", "content": "真tm科学"}, {"uid": "504644091", "content": "竖起中指加油肝"}, {"uid": "454861248", "content": "梁非凡啊梁非凡"}, {"uid": "454861248", "content": "梁非凡啊梁非凡"}, {"uid": "454861248", "content": "梁非凡啊梁非凡"}, {"uid": "612445930", "content": "影流之蛇"}, {"uid": "604560388", "content": "前方高能！！！！！"}, {"uid": "661077890", "content": "哈哈哈哈哈"}, {"uid": "72316996", "content": "哈哈哈哈哈哈哈哈哈哈哈哈"}, {"uid": "515006215", "content": "还好还好哈哈哈哈哈哈哈哈"}, {"uid": "527667698", "content": "一定白嫖"}, {"uid": "429618574", "content": "老预言家了"}, {"uid": "652066552", "content": "优美的中国话。"}, {"uid": "478092355", "content": "妙不可言的背景"}, {"uid": "219849433", "content": "绝了，可以，"}, {"uid": "524211405", "content": "哈哈哈哈"}, {"uid": "56786514", "content": "迫害小母牛了"}, {"uid": "15143590", "content": "牛逼，哈哈哈"}, {"uid": "550206513", "content": "卧了个大槽"}, {"uid": "255083837", "content": "网络“素质”人士"}, {"uid": "631600119", "content": "肃反名单上又多了几个新成员"}, {"uid": "484768357", "content": "哈哈哈哈哈哈哈哈哈哈哈哈、"}, {"uid": "490517930", "content": "把保护打在公屏上"}, {"uid": "490517930", "content": "兄弟们把公平打在公平上"}, {"uid": "638288677", "content": "电鹿也开始做这种动画了，我感觉电鹿需要我们给他捐他10双眼睛"}, {"uid": "651546462", "content": "绿色健康"}, {"uid": "651546462", "content": "优美的中国话"}, {"uid": "743487812", "content": "哈哈哈哈哈哈哈哈哈哈！"}, {"uid": "473741764", "content": "真——鸟语"}, {"uid": "593780903", "content": "学园都市暗部已接到任务"}, {"uid": "667272162", "content": "？？？？？？"}, {"uid": "36616095", "content": "流下来"}, {"uid": "380535749", "content": "哈哈哈哈哈哈"}, {"uid": "72207946", "content": "哈哈哈哈哈哈哈哈嗝哇！！！！"}, {"uid": "213083608", "content": "哈哈哈"}, {"uid": "432335424", "content": "woc"}, {"uid": "673905929", "content": "哇，太哞了"}, {"uid": "617224989", "content": "空降至40秒"}, {"uid": "617224989", "content": "真的前面是所有动物，声音"}, {"uid": "157399357", "content": "啊哈哈"}, {"uid": "698201314", "content": "影流之舌"}, {"uid": "495305940", "content": "wochhhhhhhhhhh"}, {"uid": "270592624", "content": "保护保护保护"}, {"uid": "294017349", "content": "前方高能！"}, {"uid": "423953846", "content": "？？？？？？"}, {"uid": "529624385", "content": "这不鹰酱吗"}, {"uid": "454093210", "content": "葫芦的橛橛"}, {"uid": "43126934", "content": "保护电鹿"}, {"uid": "664668726", "content": "？？？？？？？？？？？？？？"}, {"uid": "479256452", "content": "？？？？？？？？？"}, {"uid": "393568593", "content": "不同语音说不同话，刚才穿山甲说我r你马"}, {"uid": "669349352", "content": "以下为中国版我的世界聊天栏现状"}, {"uid": "30656428", "content": "就是脚脚...吧"}, {"uid": "258937053", "content": "男子气概♂"}, {"uid": "418634217", "content": "祖安人都出动吧"}, {"uid": "556032046", "content": "真爆了"}, {"uid": "484744759", "content": "哈哈哈哈哈哈"}, {"uid": "403429402", "content": "七心丹"}, {"uid": "471039012", "content": "前方高能！前方高能！非战斗人员请勿入内！"}, {"uid": "388316961", "content": "全部暗杀"}, {"uid": "481237721", "content": "停止你的网易行为"}, {"uid": "123083332", "content": "欢迎来到----侏罗纪～～～阿呸动物世界"}, {"uid": "470189440", "content": "哈哈哈哈哈哈哈哈哈哈哈哈哈"}, {"uid": "34064421", "content": "正片开始"}, {"uid": "319125383", "content": "引流的男子气概"}, {"uid": "258421812", "content": "哈哈哈哈"}, {"uid": "668420113", "content": "哈哈哈哈哈哈哈哈哈"}, {"uid": "668237471", "content": "啊哈哈哈哈哈哈哈哈哈"}, {"uid": "641891182", "content": "进度条暴露了一切"}, {"uid": "650643054", "content": "？？？？？？？？？？"}, {"uid": "457208883", "content": "？？？？？？"}, {"uid": "649257711", "content": "哈哈哈哈哈哈哈"}, {"uid": "529675772", "content": "保护"}, {"uid": "492824938", "content": "哈哈哈哈哈哈哈哈哈"}, {"uid": "482834101", "content": "这个黑色打码的位置……"}, {"uid": "81625662", "content": "哈哈哈哈"}, {"uid": "610088375", "content": "哈哈哈哈哈哈哈哈哈哈哈哈"}, {"uid": "525027058", "content": "？？？"}, {"uid": "520338565", "content": "你他“喵”的"}, {"uid": "455375659", "content": "引流之色"}, {"uid": "212661943", "content": "hahah"}, {"uid": "641430241", "content": "我的世界和这个有的一拼，真的多说几个字儿立马变星星"}, {"uid": "443073048", "content": "不要叫我大王，要叫我女王大人"}, {"uid": "620691507", "content": "葫芦的qoqo"}, {"uid": "663077356", "content": "哈哈哈哈哈哈哈哈哈哈哈"}, {"uid": "454421468", "content": "暗杀"}, {"uid": "618554198", "content": "笑死我了"}, {"uid": "427456540", "content": "骄傲的白嫖怪来了"}, {"uid": "618117147", "content": "*你张口说了一句优美的中国话 *你发现你的声音变成了动物叫"}, {"uid": "313230932", "content": "违和感已下线"}, {"uid": "446861407", "content": "哈哈哈哈哈哈哈哈哈哈哈哈"}, {"uid": "660974060", "content": "***（内容少儿不宜）"}, {"uid": "522688038", "content": "哈哈哈哈哈"}, {"uid": "258421812", "content": "哈哈哈哈"}, {"uid": "357646192", "content": "带预言家"}, {"uid": "662012771", "content": "谁能告诉我这首歌叫什么歌"}, {"uid": "30752901", "content": "我要笑死了哈哈哈哈哈"}, {"uid": "498699143", "content": "哈哈哈"}, {"uid": "651303737", "content": "真美啊"}, {"uid": "497392487", "content": "ohhhhhhhhhhhh"}, {"uid": "650064922", "content": "小花行为"}, {"uid": "356908065", "content": "暗杀 名单"}, {"uid": "436166533", "content": "杰瑞"}, {"uid": "96236291", "content": "哈哈哈哈哈"}, {"uid": "626490829", "content": "hhhhhhhhhhhhhhhhhhhhhhhhhhhh"}, {"uid": "640387232", "content": "？？？？？？？？"}, {"uid": "651052412", "content": "真动物世界。"}, {"uid": "617625770", "content": "核谐版本"}, {"uid": "525687820", "content": "上次也没给"}, {"uid": "388421009", "content": "[蓝白社]介入调查"}, {"uid": "488671384", "content": "？？？？？？？？？"}, {"uid": "638288677", "content": "嗯，我的币攒好了一键三连"}, {"uid": "633849132", "content": "死为什么不打码"}, {"uid": "1309973172", "content": "男子气概"}, {"uid": "1597127167", "content": "再说一句这是正版 "}, {"uid": "183827755", "content": "全都是屠狗名单上的"}, {"uid": "505589581", "content": "预言家"}, {"uid": "1623477726", "content": "哈哈哈哈哈哈哈哈"}, {"uid": "370409331", "content": "？？？？哈哈哈哈"}, {"uid": "490359476", "content": "核邪绿色补丁"}, {"uid": "246358619", "content": "好的文西，没问题文西"}, {"uid": "396628601", "content": "保护"}, {"uid": "634805406", "content": "影流之主"}, {"uid": "586811471", "content": "hihi"}, {"uid": "526938075", "content": "《绿  色  核  泄  版  本》"}, {"uid": "676222476", "content": "辣妹儿～"}, {"uid": "701765264", "content": "？？？？？？？？？？？？"}, {"uid": "588132228", "content": "哈哈哈哈哈哈哈哈哈"}, {"uid": "521031983", "content": "喷的都是些家长吧"}, {"uid": "523284942", "content": "？？？？？？？？"}, {"uid": "687046782", "content": "暗杀名单↓"}, {"uid": "675717622", "content": "爷青忘"}, {"uid": "649879595", "content": "撅嘴是什么东西？（我是一个xxs）"}, {"uid": "294017349", "content": "前方高能！"}, {"uid": "26330271", "content": "保护"}, {"uid": "540051966", "content": "hhh"}, {"uid": "540051966", "content": "hhhhc"}, {"uid": "520287293", "content": "保护"}, {"uid": "340813143", "content": "hhhhhhhh"}, {"uid": "671444240", "content": "厚礼蟹！"}, {"uid": "673845580", "content": "哈哈哈哈哈哈哈哈哈哈"}, {"uid": "490629712", "content": "蝎子精你要坚强"}, {"uid": "554600150", "content": "保护我方电鹿！！！"}, {"uid": "520191955", "content": "流。。。"}, {"uid": "520191955", "content": "哈哈哈"}, {"uid": "512017523", "content": "哈哈哈哈哈"}, {"uid": "204861887", "content": "保护"}, {"uid": "354782427", "content": "：D"}, {"uid": "669469070", "content": "辣妹儿~"}, {"uid": "474061731", "content": "哈哈哈哈xswl"}, {"uid": "33270995", "content": "电鹿好可爱"}, {"uid": "13738023", "content": "？ ？ ？ ？ ？"}, {"uid": "36342486", "content": "好沙雕"}, {"uid": "671292567", "content": "前方高能"}, {"uid": "519762765", "content": "哈哈哈哈哈哈c"}, {"uid": "422404466", "content": "？？？？？？？？？？？？？"}, {"uid": "421439376", "content": "哈哈哈哈哈哈哈哈哈哈"}, {"uid": "660576593", "content": "敢喷我老婆，你们怕不是活腻了"}, {"uid": "645765890", "content": "配音牛逼"}, {"uid": "411489375", "content": "前方高能"}, {"uid": "549705472", "content": "网易行为"}, {"uid": "615940888", "content": "广场舞⊙﹏⊙b汗"}, {"uid": "592050282", "content": "牛逼"}, {"uid": "668376046", "content": "前方高能预警"}, {"uid": "661212340", "content": "影流之蛇"}, {"uid": "326818694", "content": "哈哈哈哈哈哈哈好"}, {"uid": "438189938", "content": "歌颂爱情。。。"}, {"uid": "36043011", "content": "？？？？？？？？？？"}, {"uid": "405567696", "content": "黑白熊处刑名单。"}, {"uid": "551021738", "content": "我的童年"}, {"uid": "457208883", "content": "保护"}, {"uid": "649879266", "content": "？？？？？？？？？？"}, {"uid": "484923191", "content": "男子气概♂"}, {"uid": "568137797", "content": "孩子快跑"}, {"uid": "168867324", "content": "xswl"}, {"uid": "499992357", "content": "（@？@）"}, {"uid": "662533330", "content": "？？？？"}, {"uid": "393612608", "content": "哈哈哈哈哈哈哈哈哈哈哈哈"}, {"uid": "401122284", "content": "哈哈哈哈哈哈哈哈"}, {"uid": "16992671", "content": "哈哈哈哈哈哈哈哈哈"}, {"uid": "624867623", "content": "爱河永浴"}, {"uid": "410269859", "content": "看这东西我可以笑一天"}, {"uid": "279924389", "content": "哈哈哈哈哈哈哈哈"}, {"uid": "565358630", "content": "自由的气息"}, {"uid": "227487545", "content": "冲玩了"}, {"uid": "529600954", "content": "保护                         "}, {"uid": "294475562", "content": "233333"}, {"uid": "269326810", "content": "哈哈哈哈哈哈哈"}, {"uid": "604560388", "content": "乌鸦嘴"}, {"uid": "542306389", "content": "咳咳，撅撅是什么东西，我不知道"}, {"uid": "542306389", "content": "咳咳，撅撅是什么东西，我不知道"}, {"uid": "542306389", "content": "咳咳，撅撅是什么东西，我不知道"}, {"uid": "542306389", "content": "咳咳，撅撅是什么东西，我不知道"}, {"uid": "518315611", "content": "不好啦，不好啦，叶子去偷电瓶了啦！"}, {"uid": "475472415", "content": "保护"}, {"uid": "611077134", "content": "若隐若现"}, {"uid": "39303197", "content": "哈哈哈哈哈哈"}, {"uid": "573951196", "content": "十六号脏话"}, {"uid": "647279597", "content": "小孩子不可以骂人"}, {"uid": "600396656", "content": "现出原形"}, {"uid": "631572209", "content": "哈哈哈哈哈哈哈哈"}, {"uid": "601411487", "content": "红红火火恍恍惚惚"}, {"uid": "498845899", "content": "要笑死了"}, {"uid": "602100916", "content": "保护电鹿！"}, {"uid": "385361568", "content": "暗杀名单"}, {"uid": "609721191", "content": "哈哈哈"}, {"uid": "488671384", "content": "网易mc现状"}, {"uid": "349205732", "content": "哈哈哈"}, {"uid": "652066552", "content": "jojo"}, {"uid": "565358630", "content": "自由的气息"}, {"uid": "524146126", "content": "哈哈哈红红火火恍恍惚惚"}, {"uid": "507876808", "content": "［大蛇丸］进入了直播间"}, {"uid": "696429705", "content": "woccccccccccc"}, {"uid": "1029818124", "content": "如你所愿"}, {"uid": "765686071", "content": "胸口"}, {"uid": "83255006", "content": "神配音"}, {"uid": "1504943912", "content": "梁非凡梁非凡"}, {"uid": "490489544", "content": "这红浪漫去多了"}, {"uid": "99002926", "content": "妙啊"}, {"uid": "1305647679", "content": "蛋蛋"}, {"uid": "203296834", "content": "哈哈哈哈哈"}, {"uid": "668501515", "content": "危"}, {"uid": "698057767", "content": "影流之蛇"}, {"uid": "675114801", "content": "金氮丹！"}, {"uid": "1299222706", "content": "？？？"}, {"uid": "599058239", "content": "？？？？？"}, {"uid": "433563971", "content": "哈哈哈哈哈哈哈哈哈"}, {"uid": "689694087", "content": "影流之蛇"}, {"uid": "415160329", "content": "哈哈哈"}, {"uid": "448306485", "content": "诶呀呀你想笑死我么"}, {"uid": "675112644", "content": "(●—●)"}, {"uid": "495305940", "content": "卧槽hhhhhhhh"}, {"uid": "181486701", "content": "保护"}, {"uid": "539179646", "content": "果然是huanghuang的视频连人脸都大那么一丝微微的huan"}, {"uid": "520287293", "content": "保护"}, {"uid": "505763277", "content": "哈哈哈"}, {"uid": "523894587", "content": "哈哈哈哈哈哈"}, {"uid": "401573984", "content": "要保护的今晚一道杀了"}, {"uid": "504471219", "content": "暗杀名单"}, {"uid": "484744759", "content": "？？？？？"}, {"uid": "496818027", "content": "保护"}, {"uid": "358850217", "content": "害怕"}, {"uid": "647282977", "content": "我还没变色吧"}, {"uid": "474023655", "content": "保护"}, {"uid": "436498749", "content": "不 见 其 人，先 闻 其 声"}, {"uid": "30656428", "content": "？"}, {"uid": "520191955", "content": "影流之蛇"}, {"uid": "439579958", "content": "你说是不是啊"}, {"uid": "409552816", "content": "催更葫芦娃"}, {"uid": "671197172", "content": "正片结束"}, {"uid": "96885614", "content": "哈哈哈哈哈哈哈哈哈哈哈哈"}, {"uid": "481582869", "content": "？？？？？？？？？？？？？"}, {"uid": "521103248", "content": "？？？？？"}, {"uid": "399943409", "content": "干得漂亮"}, {"uid": "486966149", "content": "人傻了"}, {"uid": "670876547", "content": "我快笑死了"}, {"uid": "259177264", "content": "兔子精"}, {"uid": "278952228", "content": "下面公布处决名单"}, {"uid": "422404466", "content": "？？？？？？？？？？？？？"}, {"uid": "422404466", "content": "？？？？？？？？？？？？？？"}, {"uid": "422404466", "content": "犯我电鹿者，虽远必诛！"}, {"uid": "538916673", "content": "网易行为"}, {"uid": "639904333", "content": "预言家"}, {"uid": "549705472", "content": "前方高能"}, {"uid": "549705472", "content": "保护保护"}, {"uid": "647271634", "content": "牛"}, {"uid": "510537726", "content": "卡点狂魔"}, {"uid": "512540254", "content": "哈哈哈哈哈哈哈"}, {"uid": "512540254", "content": "保护保护"}, {"uid": "591189417", "content": "住口，无耻老贼！"}, {"uid": "572674299", "content": "弹幕护体"}, {"uid": "400552775", "content": "保护保护"}, {"uid": "468766437", "content": "哈哈"}, {"uid": "353834892", "content": "卧槽"}, {"uid": "304732748", "content": "bgm：hop（我看你们这回怎么说）"}, {"uid": "511925209", "content": "这是电鹿剧场的一小步，却是B站剧场的一大步"}, {"uid": "511925209", "content": "这是电鹿剧场的一小步，却是B站剧场的一大步"}, {"uid": "511925209", "content": "这是电鹿剧场的一小步，却是B站剧场的一大步"}, {"uid": "649257711", "content": "哈哈哈哈"}, {"uid": "662533330", "content": "？"}, {"uid": "291142729", "content": "哈哈哈哈哈哈哈哈哈哈哈"}, {"uid": "492150711", "content": "草这就是我的世界现状"}, {"uid": "438973073", "content": "笑*我了，哈哈哈哈哈哈"}, {"uid": "336186488", "content": "哈哈哈哈哈哈哈哈"}, {"uid": "46040638", "content": "哪里很大 没看到啊？？？"}, {"uid": "620952005", "content": "？？？？？？？？？"}, {"uid": "662812857", "content": "233333"}, {"uid": "409743783", "content": "第三集呢"}, {"uid": "499545720", "content": "保护"}, {"uid": "471468664", "content": "你品你细品。"}, {"uid": "557888973", "content": "AV170001"}, {"uid": "517004634", "content": "？？？？"}, {"uid": "480015985", "content": "危"}, {"uid": "234580420", "content": "哈哈哈哈"}, {"uid": "660974060", "content": "意思：草泥马"}, {"uid": "216659427", "content": "细菌的DNA克隆葫芦？"}, {"uid": "441459651", "content": "哈哈哈哈哈哈哈哈哈"}, {"uid": "443366785", "content": "韩涵红花会会后悔会画画火花"}, {"uid": "443366785", "content": "？？？？？？"}, {"uid": "551245467", "content": "[大蛇丸]进入了直播间"}, {"uid": "428626895", "content": "保护"}, {"uid": "542306389", "content": "⊙﹏⊙"}, {"uid": "661347111", "content": "nb"}, {"uid": "39579468", "content": "哈哈哈哈"}, {"uid": "341121874", "content": "？？？？？？？？？？？"}, {"uid": "494373910", "content": "保护"}, {"uid": "38769327", "content": "保护保护"}, {"uid": "383739301", "content": "卡点了"}, {"uid": "541724817", "content": "暗杀名单"}, {"uid": "609721191", "content": "刀了刀了"}, {"uid": "499230051", "content": "口耐（滑稽）"}, {"uid": "484485809", "content": "哈哈哈哈哈哈哈哈哈哈哈哈哈哈"}, {"uid": "630405206", "content": "哈哈哈哈哈哈"}, {"uid": "277363848", "content": "哈哈哈哈哈哈哈"}, {"uid": "484768357", "content": "前方氪"}, {"uid": "22007707", "content": "保护"}, {"uid": "696429705", "content": "鸟语花香"}, {"uid": "1235907950", "content": "这么说我们天天在被骂"}, {"uid": "1197304243", "content": "梦幻联动"}, {"uid": "520191955", "content": "厥厥是啥"}, {"uid": "689457093", "content": "你TM3连没了。"}, {"uid": "436672648", "content": "动  物  世  界"}, {"uid": "420874784", "content": "不会┐（─__─）┌"}, {"uid": "1305647679", "content": "哈哈哈哈哈哈哈哈啊哈"}, {"uid": "183827755", "content": "明杀名单"}, {"uid": "527277977", "content": "网易现状"}, {"uid": "510242958", "content": "网易版我的世界现状"}, {"uid": "107108692", "content": "？？？？？"}, {"uid": "377932642", "content": "别动不动变色行不？"}, {"uid": "602561951", "content": "辣妹儿"}, {"uid": "602125235", "content": "老婆不哭uu。"}, {"uid": "480203463", "content": "鹅鹅鹅"}, {"uid": "622592761", "content": "网易现状"}, {"uid": "669349352", "content": "我去打中单了"}, {"uid": "696080378", "content": "??？??"}, {"uid": "349631179", "content": "啊哈哈哈哈哈哈哈，更搞笑了啊喂！"}, {"uid": "480160364", "content": "？？？？？？？？？？？？"}, {"uid": "645561397", "content": "？？？"}, {"uid": "352708343", "content": "这是Big钢蛋"}, {"uid": "695038195", "content": "危"}, {"uid": "647236072", "content": "不看标题我真不知道是这个阿婆主做的"}, {"uid": "648411140", "content": "正片开始"}, {"uid": "547252939", "content": "阴间追番"}, {"uid": "435842335", "content": "害怕"}, {"uid": "497275921", "content": "叶子等于古振兴葫芦等于代码，所以，叶子等于偷代码"}, {"uid": "517494774", "content": "歌曲名《hop》不用谢我[doge] "}, {"uid": "415202120", "content": "想到了网易"}, {"uid": "669349352", "content": "恭喜你发现宝藏"}, {"uid": "643550141", "content": "电路色"}, {"uid": "340813143", "content": "男子气概"}, {"uid": "528905903", "content": "飞蜈蚣快来"}, {"uid": "674188273", "content": "绿色"}, {"uid": "671401459", "content": "暗杀名单"}, {"uid": "436498749", "content": "永 恒 经 典，歌 颂 爱 情，男 子 气 概"}, {"uid": "483294397", "content": "今晚噩梦"}, {"uid": "499205397", "content": "哈哈"}, {"uid": "481582869", "content": "？？？？？？？？？？？？"}, {"uid": "399943409", "content": "干得漂亮"}, {"uid": "519086439", "content": "口吐芬芳*n"}, {"uid": "616868845", "content": "BGM：hop（正大光明）"}, {"uid": "32234188", "content": "x下来？？？"}, {"uid": "427713974", "content": "这是撅撅"}, {"uid": "403093602", "content": "？？？？？？？？"}, {"uid": "652569886", "content": "2倍速新世界"}, {"uid": "586634199", "content": "。。。。。"}, {"uid": "667080216", "content": "u"}, {"uid": "668431412", "content": "哈哈"}, {"uid": "668223320", "content": "保护"}, {"uid": "485822362", "content": "？？"}, {"uid": "638288677", "content": "保护我方电鹿"}, {"uid": "80705312", "content": "保护"}, {"uid": "551021738", "content": "。。。。。。。。。。。。。。"}, {"uid": "521734676", "content": "哈哈哈哈哈哈哈"}, {"uid": "457399841", "content": "玻璃心用户"}, {"uid": "491650051", "content": "???????"}, {"uid": "527159415", "content": "保护"}, {"uid": "511925209", "content": "这是电鹿剧场的一小步，却是B站剧场的一大步"}, {"uid": "511925209", "content": "这是电鹿剧场的一小步，却是B站剧场的一大步"}, {"uid": "291142729", "content": "？？？？？？？？？？？？"}, {"uid": "492150711", "content": "？？？？？？？？？？？？"}, {"uid": "641430241", "content": "这个严谨程度，和我的世界有的一拼，我的世界真的多说几个字立马变星星"}, {"uid": "400357111", "content": "出车祸那个是人吗"}, {"uid": "495224503", "content": "我\"*+~([！+<.?？“”])\"妈"}, {"uid": "618117147", "content": "大威天龙！"}, {"uid": "651219799", "content": "？？？？？？？？？？？？？？"}, {"uid": "487530028", "content": "前方高能"}, {"uid": "423803530", "content": "网易mc现状"}, {"uid": "651303737", "content": "真美啊。。本人已瞎"}, {"uid": "503845888", "content": "保护"}, {"uid": "661057776", "content": "老网易mc了"}, {"uid": "661057776", "content": "自由气息"}, {"uid": "498799399", "content": "筛子哼哼哼哼哼哼哼哼"}, {"uid": "527667698", "content": "危"}, {"uid": "359486471", "content": "下次也不一定"}, {"uid": "650411008", "content": "老鼠"}, {"uid": "249663590", "content": "保护保护"}, {"uid": "385361568", "content": "这些骂人人身攻击的才tm恶吧"}, {"uid": "496126997", "content": "哈哈哈哈哈哈"}, {"uid": "482101479", "content": "哈哈"}, {"uid": "37762057", "content": "前方高能"}, {"uid": "274962189", "content": "lof行为"}, {"uid": "560377665", "content": "保护保护保护保护保护保护保护"}, {"uid": "498845899", "content": "网易我的世界现状"}, {"uid": "609721191", "content": "笑死"}, {"uid": "600028609", "content": "保护"}, {"uid": "600028609", "content": "保护我电鹿"}, {"uid": "1386942479", "content": "这不是小鸟吗？"}, {"uid": "35174250", "content": "DOTA？"}, {"uid": "362146295", "content": "居然敢鄙视我，你的三连没了"}, {"uid": "520191955", "content": "这**也可以"}, {"uid": "1396794985", "content": "阳刚之气 "}, {"uid": "448246444", "content": "诶，这不是小鸟吗？"}, {"uid": "593459160", "content": "你为什么比中指，还有那里为什么一直在喊姑姑姑姑啊。"}, {"uid": "439585213", "content": "]\\"}, {"uid": "282618418", "content": "好活"}, {"uid": "451076503", "content": "？？？？？？？？？？？"}, {"uid": "267760595", "content": "嘴巴很大"}, {"uid": "527277977", "content": "《Green health patch》"}, {"uid": "662868", "content": "下次一定"}, {"uid": "269529360", "content": "这个中指让我想起鹰酱"}, {"uid": "397210028", "content": "以上为处决名单 "}, {"uid": "432335424", "content": "？？？？"}, {"uid": "107441389", "content": "？？？？？？？？？？？？"}, {"uid": "200159355", "content": "草"}, {"uid": "520434753", "content": "你不好好在狗头下成长"}, {"uid": "418051333", "content": "AV170001"}, {"uid": "488826344", "content": "害怕！"}, {"uid": "31112249", "content": "撅撅什么意思"}, {"uid": "695737823", "content": " 说好的绿色"}, {"uid": "316409270", "content": "妮塔草"}, {"uid": "608037449", "content": "△"}, {"uid": "671636476", "content": "“优美的中国话”"}, {"uid": "96103744", "content": "这梗玩得好啊"}, {"uid": "525397382", "content": "飞蜈蚣快来"}, {"uid": "547252939", "content": "如雷贯耳"}, {"uid": "495852961", "content": "保护"}, {"uid": "540051966", "content": "?"}, {"uid": "540051966", "content": "hhhhhhhhhhhhhhhhhhhhhhhhhhhhhhhhhh"}, {"uid": "669731629", "content": "？？？？？"}, {"uid": "621943235", "content": "？？？？"}, {"uid": "502697735", "content": "nb"}, {"uid": "306128405", "content": "哈哈哈哈哈哈"}, {"uid": "627266846", "content": "巜觉觉》"}, {"uid": "669869460", "content": "靠"}, {"uid": "357189462", "content": "优美的中国话"}, {"uid": "604121295", "content": "我还是白的"}, {"uid": "520191955", "content": "这爷爷是袁。。。"}, {"uid": "470607022", "content": "bgm  hop的你们……说的还真对。"}, {"uid": "279554110", "content": "我的世界中国版现状"}, {"uid": "435072929", "content": "讽刺无脑反“祖安”"}, {"uid": "663133723", "content": "网易我的世界现状"}, {"uid": "399943409", "content": "干得漂亮"}, {"uid": "399943409", "content": "干得漂亮"}, {"uid": "399943409", "content": "干得漂亮"}, {"uid": "576315106", "content": "哈哈"}, {"uid": "649583781", "content": "没有这些词中国话就说不下去了"}, {"uid": "519086439", "content": "如  你  所  愿"}, {"uid": "446707366", "content": "呵呵哈哈哈"}, {"uid": "537837990", "content": "猪羊狗牛马"}, {"uid": "663133723", "content": "网易MC现状"}, {"uid": "667091858", "content": "保护鹿哥"}, {"uid": "610030089", "content": "鸟叫"}, {"uid": "451282599", "content": "这也不大啊"}, {"uid": "59633041", "content": "不开车不点赞"}, {"uid": "638288677", "content": "听不懂"}, {"uid": "325535826", "content": "保护！！！！"}, {"uid": "544624111", "content": "网易MC现状"}, {"uid": "350041023", "content": "？？？"}, {"uid": "477990066", "content": "暗杀名单"}, {"uid": "622499920", "content": "我个心心星星"}, {"uid": "441601306", "content": "保护电鹿"}, {"uid": "428265093", "content": "以上人员由兄弟会刺杀"}, {"uid": "490633831", "content": "网易的屏蔽"}, {"uid": "504434196", "content": "jue……是啥"}, {"uid": "666625045", "content": "叫我爹！！！！！！！"}, {"uid": "470945998", "content": "AV170001"}, {"uid": "626712616", "content": "？？？？？？？"}, {"uid": "488089559", "content": "2   3       3"}, {"uid": "621078928", "content": "老爷爷  试图在岩浆里游泳"}, {"uid": "35074615", "content": "百 闻 牌（网易的游戏真的什么东西都屏蔽）"}, {"uid": "28715046", "content": "我的世界网易版现状"}, {"uid": "618117147", "content": "网 易 我 的 世 界 现 状"}, {"uid": "234580420", "content": "我的妈"}, {"uid": "498959716", "content": "哲学家。"}, {"uid": "565358630", "content": "网易mc现状"}, {"uid": "504592346", "content": "好活儿，"}, {"uid": "357280438", "content": "还有六级号?买来的吧"}, {"uid": "39622547", "content": "法克儿"}, {"uid": "454827669", "content": "网易现状"}, {"uid": "651303737", "content": "保护保护保护"}, {"uid": "512564519", "content": "保护保护保护保护保护"}, {"uid": "323395089", "content": "那是小花"}, {"uid": "661057776", "content": "男子气概"}, {"uid": "660507994", "content": "暗杀名单"}, {"uid": "437714226", "content": "v呵呵哈哈哈"}, {"uid": "649283400", "content": "保护，保护，保护，保护，保护"}, {"uid": "403512299", "content": "我也是，我&&％#％％#"}, {"uid": "478886386", "content": "下次一定等等。下次也不一定现在穷了，只剩下300个币了"}, {"uid": "499353019", "content": "暗杀名单"}, {"uid": "351083240", "content": "攻占圣母的巴士地狱。"}, {"uid": "454374487", "content": "？？？？？？？"}, {"uid": "492605928", "content": "小fa"}, {"uid": "651784504", "content": "神烦狗吸收了葫芦"}, {"uid": "515953856", "content": "暗杀名单"}, {"uid": "514340386", "content": "直接改为祖安爷爷"}, {"uid": "534976981", "content": "法克儿"}, {"uid": "486916169", "content": "哈哈哈哈哈哈哈哈屏蔽音里加了几个字"}, {"uid": "123243942", "content": "保护保护保护保护保护保护保护"}, {"uid": "649963679", "content": "O_o"}, {"uid": "550720052", "content": "影流之蛇"}, {"uid": "638288677", "content": "保护我方电鹿"}, {"uid": "517677551", "content": "你吃小fa了"}, {"uid": "525562246", "content": "网  易  我  的  世  界 现 状"}, {"uid": "33754181", "content": "哈哈哈哈哈哈哈哈哈哈哈哈哈哈哈哈哈哈哈哈哈哈哈哈哈哈哈哈"}, {"uid": "318008025", "content": "下次一定"}, {"uid": "527277977", "content": "自     寻     ■     路"}, {"uid": "482614237", "content": "哈哈哈哈哈哈哈哈哈哈哈哈哈哈哈哈哈哈哈哈哈哈"}, {"uid": "687844966", "content": "老妹儿~老妹儿~法克儿~"}, {"uid": "499131376", "content": "卧槽哈哈哈哈哈哈哈哈哈哈哈哈哈哈哈哈哈哈哈哈"}, {"uid": "586811471", "content": "嘻嘻xe呵哈哈哈哈，哈哈哈哈哈哈哈哈精污花"}, {"uid": "440824670", "content": "？？？？？？？？？？？？？？？？？？？？？？？？？//"}, {"uid": "83219391", "content": "哈哈哈哈哈哈哈哈哈哈哈哈哈哈哈哈哈哈哈哈哈哈哈哈哈哈哈哈哈哈哈"}, {"uid": "86271105", "content": "继续更新呀"}, {"uid": "671636476", "content": "优美的中国话。对吧？"}, {"uid": "671636476", "content": "像你这样的电鹿，应当在地狱之中焚烧"}, {"uid": "513852628", "content": "罪"}, {"uid": "632789661", "content": "？？？？？？？？？？？？？？？？？？？？？？？？？？？？？？？？？？？？？？？？？？？？？？？？？？？？？？？？？？？？？？？？？？？？？？？？？？？？？？？？？？？？？？？？？？？？？？？？？？？？"}, {"uid": "502686534", "content": "影       流          之         蛇"}, {"uid": "547252939", "content": "等 等等等等等等 等等等等等等 等等等等等等等等等等等等"}, {"uid": "471039012", "content": "◤◢◤◢◤◢◤◢◤◢WARNING WARNING WARNING 前方核能 WARNING WARNING WARNING◤◢◤◢◤◢◤◢◤◢"}, {"uid": "471039012", "content": "◤◢◤◢◤◢◤◢◤◢WARNING WARNING WARNING 前方核能 WARNING WARNING WARNING◤◢◤◢◤◢◤◢◤◢"}, {"uid": "471039012", "content": "◤◢◤◢◤◢◤◢◤◢WARNING WARNING WARNING 前方核能 WARNING WARNING WARNING◤◢◤◢◤◢◤◢◤◢"}, {"uid": "471039012", "content": "◤◢◤◢◤◢◤◢◤◢WARNING WARNING WARNING 前方核能 WARNING WARNING WARNING◤◢◤◢◤◢◤◢◤◢"}, {"uid": "471039012", "content": "◤◢◤◢◤◢◤◢◤◢WARNING WARNING WARNING 前方核能 WARNING WARNING WARNING◤◢◤◢◤◢◤◢◤◢"}, {"uid": "471039012", "content": "◤◢◤◢◤◢◤◢◤◢WARNING WARNING WARNING 前方核能 WARNING WARNING WARNING◤◢◤◢◤◢◤◢◤◢"}, {"uid": "604118780", "content": "啊哈哈红红火火恍恍惚惚哈哈哈哈哈哈哈哈哈哈哈哈"}, {"uid": "346093418", "content": "影    流    之    蛇"}, {"uid": "184439150", "content": "？？？？？？？？？"}, {"uid": "662518498", "content": "雷狮：**"}, {"uid": "662518498", "content": "雷狮：***"}, {"uid": "627266846", "content": "巜撅撅》"}, {"uid": "81570684", "content": "红红火火恍恍惚惚哈哈哈啊哈哈哈绝"}, {"uid": "81570684", "content": "哈哈哈哈哈啊哈哈哈哈哈哈哈绝了"}, {"uid": "502697735", "content": "前方高能预警"}, {"uid": "669754461", "content": "带          预          言家"}, {"uid": "82270304", "content": "如你所愿"}, {"uid": "669869460", "content": "黄色健康"}, {"uid": "436498749", "content": "绿   色   健   康   补   丁"}, {"uid": "499205397", "content": "和谐芳本"}, {"uid": "648679986", "content": "   ⃘⃤   ⃘⃤   ⃘⃤   ⃘⃤   ⃘⃤   ⃘⃤   ⃘⃤   ⃘⃤   ⃘⃤   ⃘⃤   ⃘⃤   ⃘⃤   ⃘⃤   ⃘⃤   ⃘⃤   ⃘⃤   ⃘⃤   ⃘⃤   ⃘⃤   ⃘⃤"}, {"uid": "328291047", "content": "@叶子解说世界"}, {"uid": "91415378", "content": "𝖎𝖋 𝖞𝖔𝖚 𝖐𝖓𝖔𝖜 𝖜𝖍𝖆𝖙 𝖎 𝖒𝖊𝖆𝖓"}, {"uid": "628462370", "content": "？？？？？？？？？？？？？？？？？？？"}, {"uid": "472394263", "content": "《你       的       陨       石》"}, {"uid": "630023528", "content": "…"}, {"uid": "667224276", "content": "哈哈哈哈哈哈"}, {"uid": "645428737", "content": "？？？？？？？？？？？？？？？？？？"}, {"uid": "427713974", "content": "《撅                   撅》"}, {"uid": "638288677", "content": "？？？？？？？？？？？？？？？？？？？？？？？？？？？！！！！！！！！！！！！！！！！！！！！！！！！！！！！！！！！！！？？？？？？？？？？？？？？？？？？？？？？？？？？？？。？？？？？？？？？？"}, {"uid": "65124921", "content": "葫芦的撅撅"}, {"uid": "522273292", "content": "◢◤◢◤◢◤◢◤◢◤◢◤◢◤◢◤◢◤◢◤WARNING WARNING前方核能 WARNING WARNING◢◤◢◤◢◤◢◤◢◤◢◤◢◤◢◤◢◤◢◤"}, {"uid": "543363289", "content": "傻       孩         子           快                           跑！！！！！！！！！！！！！！！！！！！！"}, {"uid": "573515044", "content": "前方高能前方高能前方高能前方高能前方高能前方高能前方高能前方高能前方高能前方高能前方高能前方高能前方高能前方高能前方高能前方高能前方高能前方高能前方高能前方高能前方高能前方高能前方高能前方高能前方高能"}, {"uid": "535144031", "content": "哈哈哈哈哈哈哈哈哈哈哈哈笑死我了"}, {"uid": "513794029", "content": "噗哈哈哈哈哈哈哈我不行了哈哈哈哈"}, {"uid": "524808241", "content": "哈哈哈哈哈哈哈哈哈哈哈哈哈哈哈哈哈"}, {"uid": "514694529", "content": "［动   物   世   界］"}, {"uid": "586246691", "content": "？？？？？？？？？？？"}, {"uid": "526628728", "content": "淦淦淦淦淦淦淦淦淦淦淦淦淦淦淦淦淦淦淦淦淦淦淦淦淦淦淦淦淦淦淦淦淦淦淦淦淦淦淦淦淦淦淦淦淦淦淦淦淦淦淦淦淦淦淦淦淦淦淦淦淦淦淦淦淦淦淦淦淦淦淦淦淦淦淦淦淦"}, {"uid": "511540617", "content": "傻孩子们，快跑啊！"}, {"uid": "410269859", "content": "哈哈哈哈哈哈哈哈哈哈哈哈哈哈哈哈哈哈哈哈哈哈哈哈哈哈哈哈哈哈哈哈哈哈哈哈哈哈哈哈哈哈哈哈哈哈哈哈哈哈哈哈哈哈哈哈哈哈哈哈"}, {"uid": "38142132", "content": "◤◢◤◢◤◢◤◢◤◢◤◢WARNING WARNING WARNING 前方核能 WARNING WARNING WARNING◤◢◤◢◤◢◤◢◤◢"}, {"uid": "631344906", "content": "霍霍哈哈霍霍哈哈哈哈哈哈哈哈哈哈哈哈"}, {"uid": "631649790", "content": "优美的中国话呀，优美的中国话。"}, {"uid": "651303737", "content": "哈哈哈哈哈哈哈哈哈哈哈保护小孩"}, {"uid": "648794245", "content": "？？？？？？？？？？？？"}, {"uid": "451074010", "content": "《    流    下    来    》"}, {"uid": "403512299", "content": "我也试试：％@#&&#％@#我&是真&"}, {"uid": "438565558", "content": "晋    江    行    为"}, {"uid": "650363435", "content": "#R哈哈哈哈哈哈"}, {"uid": "550703043", "content": "◢◤◢◤◢◤◢◤◢◤◢◤◢◤◢◤◢◤◢◤WARNING WARNING前方核能 WARNING WARNING◢◤◢◤◢◤◢◤◢◤◢◤◢◤◢◤◢◤◢◤"}, {"uid": "629613857", "content": "哈哈哈哈哈哈哈哈哈哈哈哈哈哈哈哈哈哈哈哈哈哈哈哈哈哈哈哈哈哈哈哈哈哈哈哈哈哈哈哈哈哈哈哈哈哈哈哈"}, {"uid": "513286951", "content": "歌名：hop               别谢我"}, {"uid": "516762352", "content": "带     预     言     家"}, {"uid": "406459204", "content": "网易我的世界哈哈哈哈哈哈哈哈哈哈哈哈哈哈哈哈哈哈哈"}, {"uid": "522288356", "content": "网 易 m c 敏 感 词 一 览"}, {"uid": "525562246", "content": "网  易  我  的  世  界 现  状"}]