[{"uid": "584868860", "content": "苏联:“懂了，下一个大伊万试爆地点就是你们国家”"}, {"uid": "362862309", "content": "绝   望   影   片"}, {"uid": "512167762", "content": "我突然想起我还看过这个电影"}, {"uid": "508404987", "content": "马拉松不邀请你去参加可就亏大了"}, {"uid": "553748170", "content": "一 书 障 目（草）"}, {"uid": "12852979", "content": "阿里巴巴公司：这锅我不背"}, {"uid": "604898551", "content": "《能穿过身体的头发》"}, {"uid": "651183794", "content": "亡者之心"}, {"uid": "506651411", "content": "三个月没＂做＂过了"}, {"uid": "519260835", "content": "一  模  一  样"}, {"uid": "264408380", "content": "逆袭成公主（断章幻听）"}, {"uid": "465263947", "content": "啊这，兔年顶呱呱"}, {"uid": "484300403", "content": "那么你将只有一只眼睛"}, {"uid": "521043070", "content": "全剧唯一一个正常片段"}, {"uid": "694511573", "content": "唯一的正常人↓"}, {"uid": "489160706", "content": "很久以前，地球有两个种族统治着"}, {"uid": "485078399", "content": "《爆 窟 世 界》"}, {"uid": "1143472250", "content": "《我编不下去了》"}, {"uid": "108385250", "content": "艾伦在地下室变身的真正原因"}, {"uid": "26800349", "content": "兔  年  顶  呱  呱"}, {"uid": "483210339", "content": "魔 法 书"}, {"uid": "1319328145", "content": "《三天没吃东西》"}, {"uid": "162308725", "content": "真·镜音双子（bushi）"}, {"uid": "404957598", "content": "原 声 大 碟"}, {"uid": "678837134", "content": "糖 果 超 甜"}, {"uid": "949733040", "content": "小男孩的症状初步诊断为：将对方想象成异性并对他进行头部顶撞"}, {"uid": "602533105", "content": "妹妹：阿婆主你这表情有点受"}, {"uid": "1159574966", "content": "糖逗人"}, {"uid": "472372740", "content": "《消 失 的 眼 角 膜》"}, {"uid": "2027196802", "content": "牛顿的棺材板快压不住了！"}, {"uid": "165541444", "content": "路德维希因言语过激被踢出直播间"}, {"uid": "2417359", "content": "《三个月没做过》"}, {"uid": "1854788790", "content": "完了！!!DNA起反应了"}, {"uid": "213238360", "content": "舰  炮  对  撸"}, {"uid": "201672810", "content": "荒木：这个我熟"}, {"uid": "1670251383", "content": "苏联:请你尝尝沙皇核弹"}, {"uid": "400661198", "content": "二向箔展开"}, {"uid": "512835939", "content": "不懂就问，公主为什么把秋裤穿头上"}, {"uid": "14928832", "content": "唐宋元明清：？？？？？？？？"}, {"uid": "627294789", "content": "战斗 战斗 战斗 战斗"}, {"uid": "698078017", "content": "满 分 阅 读 理 解"}, {"uid": "289179678", "content": "转  基  因  食  品"}, {"uid": "23949037", "content": "黑白无常诱捕器"}, {"uid": "289179678", "content": "海   贼   王"}, {"uid": "305302061", "content": "维 克 特 利 奥 特 曼"}, {"uid": "496422598", "content": "绝 望 影 片"}, {"uid": "152325455", "content": "你不能氪金吗（doge）"}, {"uid": "400660933", "content": "被不讲武德的空气绊倒了"}, {"uid": "165541444", "content": "每天一个分手小技巧"}, {"uid": "522271513", "content": "抓捕周树人跟我鲁迅有什么关系"}, {"uid": "449530769", "content": "《瞎子传奇之寻找眼珠子》"}, {"uid": "92187376", "content": "《假如给我三天东西》"}, {"uid": "35003875", "content": "好  男  友"}, {"uid": "628899363", "content": "“我已经四天没吃饭了”"}, {"uid": "471928457", "content": "《从百草园杀到撒哈拉大沙漠》"}, {"uid": "486707918", "content": "马 了 顶 大"}, {"uid": "524186348", "content": "《草履虫和他的鞭毛》"}, {"uid": "456147450", "content": "你可以接地气，但是不能接地府"}, {"uid": "525562246", "content": "《 新 概 念 芝 麻 》"}, {"uid": "199771017", "content": "雀巢八次方冰激凌"}, {"uid": "383897418", "content": "镜 音 双 子"}, {"uid": "443582187", "content": "《比 姥 姥》"}, {"uid": "435289358", "content": "五常：三天之内灭了你"}, {"uid": "24257311", "content": "糖 豆 人"}, {"uid": "408666087", "content": "黑暗欺骗：沙雕"}, {"uid": "170869933", "content": "艺术可以进殿堂，但不能进灵堂"}, {"uid": "252338751", "content": "流 动 镶 嵌 模型"}, {"uid": "444612998", "content": "赛 博 精 神 病"}, {"uid": "501028458", "content": "阴  兵  诱  捕  器"}, {"uid": "488461786", "content": "《走一步，再走一步》"}, {"uid": "45547697", "content": "好瑟的表情～"}, {"uid": "473993704", "content": "《史 莱 姆》"}, {"uid": "192359287", "content": "新 概 念 战 争"}, {"uid": "431799180", "content": "从此这个世界上多了一头鹿。"}, {"uid": "647545697", "content": "历史总是惊人的相似（指当初吕布杀曹操）"}, {"uid": "498311497", "content": "阴 间 捕 诱 器"}, {"uid": "519998350", "content": "《走一步再走一步》"}, {"uid": "436375505", "content": "从百草园杀到三味书屋"}, {"uid": "433378712", "content": "语言指导：某幻君"}, {"uid": "472338888", "content": " 《 对 吧 》 "}, {"uid": "472338888", "content": "因为他们三天没有吃东西"}, {"uid": "578627605", "content": "充满着智慧的眼神"}, {"uid": "1830027886", "content": "马了顶大:出场费结一下，谢谢。"}, {"uid": "84588126", "content": "0.5倍新世界（狗头保命）"}, {"uid": "610530585", "content": "一岁以下儿童：？？"}, {"uid": "485970001", "content": "乔治直呼内行"}, {"uid": "519260835", "content": "街头霸王"}, {"uid": "674022111", "content": "《 他 》"}, {"uid": "694511573", "content": "钥↑↓匙↓"}, {"uid": "1078133224", "content": "乔治成功失业"}, {"uid": "1449310216", "content": "我叫阿杰，他们都叫我杰哥"}, {"uid": "631480647", "content": "怂蓝：？？"}, {"uid": "1950008590", "content": "好家伙，这“太空熊猫”还有一个同名的非3D建模的同名动画电影"}, {"uid": "1328837588", "content": "正   片   开   始"}, {"uid": "622683014", "content": "我可是侍卫长啊 几颗子弹不要紧的（希望之花色）"}, {"uid": "519097649", "content": "告诉dream，我下辈子再和他结婚"}, {"uid": "694511573", "content": "好家伙这种动画都要发刀"}, {"uid": "522220559", "content": "自♂由的头巾"}, {"uid": "1901647978", "content": "你们抓鲁迅关我周树人屁事"}, {"uid": "507003907", "content": "白内障看不清，莎普爱思滴眼睛"}, {"uid": "70556249", "content": "我叫德拉曼来 你去老维那里看看"}, {"uid": "1665312195", "content": "侍——卫——长——"}, {"uid": "606347241", "content": "《三哼经》"}, {"uid": "1637747826", "content": "抓周树人关我鲁迅什么事"}, {"uid": "673291165", "content": "反正进来就没想过活着走出去 告诉燕绥之，我永远爱他（doge）"}, {"uid": "787434502", "content": "爸爸，爸爸，我也想当国亡"}, {"uid": "647984786", "content": "苏联：***"}, {"uid": "595501421", "content": "你叫达拉崩吧斑特背迪卜多比鲁翁"}, {"uid": "1480516284", "content": "七刀社：来跟我比比"}, {"uid": "511512485", "content": "为什么第一眼看这个头巾就想到了那个男♂人"}, {"uid": "1950936015", "content": "我差点被你骗了，眼泪都快出来了然后又给我憋回去"}, {"uid": "597179", "content": "二    逝   而   亡"}, {"uid": "108385250", "content": "弱治：你再骂！"}, {"uid": "448011989", "content": "打开了但是没有完全打开"}, {"uid": "476349734", "content": "可以接地气，但不可以接地府"}, {"uid": "483210339", "content": "曼 德 拉 草"}, {"uid": "392604788", "content": "花花：这个我熟"}, {"uid": "1319328145", "content": "《走一步，再走一步》"}, {"uid": "487509936", "content": "要把自己的器官都碰出来"}, {"uid": "630449981", "content": "喜    剧"}, {"uid": "544008906", "content": "来地底找艾菲斯吧！一只电子眼只要5000个硬币！（大雾）"}, {"uid": "1539509611", "content": "淦 爷竟然被感动到了"}, {"uid": "505879649", "content": "你找公主关我玛尔吉娜什么事"}, {"uid": "604987966", "content": "《   芝   麻   》"}, {"uid": "661478212", "content": "前面说粘性活塞的，老mc了（doge）"}, {"uid": "661478212", "content": "《被被迫的电鹿》"}, {"uid": "1951428706", "content": "往眼上滴点铀吧"}, {"uid": "489665628", "content": "这帽子你告诉我这只狐狸不是海盗我就一天不吃饭"}, {"uid": "696727869", "content": "小——红——！！！！！"}, {"uid": "482386111", "content": "眼睛刚刚还穿模了"}, {"uid": "690815813", "content": "AMS Headquarters:自己去拿！老子要白嫖！"}, {"uid": "666587138", "content": "你怎么不是鹿了！"}, {"uid": "34170684", "content": "黑布林大李子老《舌甘》了"}, {"uid": "598684986", "content": "职业盲人"}, {"uid": "496909074", "content": "满分作文"}, {"uid": "496909074", "content": "人类的智慧"}, {"uid": "524651015", "content": "马尔鸡♂大"}, {"uid": "542825160", "content": "原力与你同在"}, {"uid": "91271661", "content": "王   之   印   记"}, {"uid": "442582478", "content": "希腊：你很勇哦"}, {"uid": "30020033", "content": "赛高泥high铁鸭子哒！"}, {"uid": "449598484", "content": "芥川你清醒点！！！"}, {"uid": "73680468", "content": "你们抓鲁迅跟我周树人有什么关系"}, {"uid": "518731613", "content": "这tm才是正片"}, {"uid": "701900311", "content": "粘 性 活 塞"}, {"uid": "91678004", "content": "南桐竟是我自己"}, {"uid": "420950710", "content": "团长（无端联想）"}, {"uid": "695062621", "content": "《从百草园杀到三味书屋》"}, {"uid": "1438621749", "content": "《羊驼王子和杂交理论之棺材板》"}, {"uid": "296891488", "content": "镜 音 双 子"}, {"uid": "412595515", "content": "智慧的眼神"}, {"uid": "1318093767", "content": "《从百草园杀到呼尔浩特大草原》"}, {"uid": "97127733", "content": "正 片 开 始"}, {"uid": "556439072", "content": "《哇哦》"}, {"uid": "104441819", "content": "只换一个吗"}, {"uid": "1879310909", "content": "抓 鸭 子"}, {"uid": "1953160177", "content": "这时，太阳身边挤满了成千上万的嘴角"}, {"uid": "23245792", "content": "《极度危险》"}, {"uid": "162920755", "content": "黄 金 监 视 者"}, {"uid": "401963999", "content": "白      内     障"}, {"uid": "14020631", "content": "一杯敬朝阳 一杯敬月光"}, {"uid": "33413173", "content": "“曹操何在？”"}, {"uid": "143874256", "content": "用心做背景，用脚做人物，用菊花写剧情"}, {"uid": "397826485", "content": "三个月没 做 过"}, {"uid": "493660239", "content": "草，比姥姥风评被害"}, {"uid": "450186760", "content": "吾辈楷模"}, {"uid": "441932293", "content": "出现了，平地摔！"}, {"uid": "524819113", "content": "小 灵 车"}, {"uid": "19030113", "content": "竟然这么主动那我就上了"}, {"uid": "521183444", "content": "淦！被发现了！"}, {"uid": "475641140", "content": "眼睛废了可以索赔一个电鹿么"}, {"uid": "104254317", "content": "童 年 阴 影"}, {"uid": "519348860", "content": "碰出脑花"}, {"uid": "647545697", "content": "运用了侧面描写，突出她们情候之身，表达了作者良苦用心"}, {"uid": "403662104", "content": "一叶障目"}, {"uid": "535164403", "content": "你找鲁迅关我周树人什么事"}, {"uid": "552505446", "content": "从此，世界上多了一个人"}, {"uid": "552505446", "content": "真·芝麻开门"}, {"uid": "334986850", "content": "高 速 公 鹿"}, {"uid": "552505446", "content": "从此，世界上少了一个人"}, {"uid": "1718675178", "content": "觉得他一直把经费花在了这些莫名其妙的身上"}, {"uid": "362862309", "content": "从百草园杀到三味书屋再杀到呼伦贝尔大草原"}, {"uid": "362862309", "content": "正片开始"}, {"uid": "18409766", "content": "辛 格 和 尼 克 尔 森"}, {"uid": "547501192", "content": "美 少 女 战 士"}, {"uid": "441228006", "content": "这个这个这篇是近身勿扰"}, {"uid": "12852979", "content": "智慧の眼神"}, {"uid": "12852979", "content": "《鳄鱼老师》"}, {"uid": "32903113", "content": "来我给你拍个照。顺便再唱首小白船。"}, {"uid": "1443401469", "content": "牛顿的棺材飞了！"}, {"uid": "485970001", "content": "告诉甘雨她忘记倒椰奶了"}, {"uid": "518811824", "content": "动画可以接地气但是不能接地府"}, {"uid": "298521297", "content": "《双人成形》"}, {"uid": "487559302", "content": "ki bo no hana"}, {"uid": "694511573", "content": "大羚角跳那个，同厨狂喜"}, {"uid": "556910997", "content": "小————红————"}, {"uid": "631480647", "content": "正片开始（比姥姥色）"}, {"uid": "505750107", "content": "南村群童欺我老无力"}, {"uid": "677575003", "content": "轻   松   舒   服"}, {"uid": "94316303", "content": "《 赞 赏 》"}, {"uid": "1108274484", "content": "芥川你冷静一点啊芥川！！！！"}, {"uid": "519097649", "content": "啊等等，我才想起来我竟然看过"}, {"uid": "519097649", "content": "雷王星：？  圣空星：？"}, {"uid": "1248646859", "content": "你抓某幻跟我马了顶大有什么关系"}, {"uid": "402733985", "content": "这蜜汁配音让我想到了螺丝钉!"}, {"uid": "412504321", "content": "阎王诱捕器"}, {"uid": "689357776", "content": "硬币没有，瓶盖四万"}, {"uid": "1525830629", "content": "阿里巴巴和公主落地过猛"}, {"uid": "646748983", "content": "《冥       亮》"}, {"uid": "675716663", "content": "巜好 爸 爸》》"}, {"uid": "1015640248", "content": "我需要一块二向箔清理用"}, {"uid": "646359351", "content": "下次一定"}, {"uid": "609035164", "content": "告诉雷狮和安迷修，我见证不了他们的爱情了/doge"}, {"uid": "518878106", "content": "《 芝 麻 》"}, {"uid": "510531205", "content": "小红小蓝；我裂开了"}, {"uid": "2097236", "content": "大羚角跳那个放学别走"}, {"uid": "2097236", "content": "雷狮：这我熟啊"}, {"uid": "523520095", "content": "《从百草园杀到三味书屋》"}, {"uid": "515074378", "content": "我直接自信：嗨，老婆！"}, {"uid": "230290831", "content": "侍卫长  他  他裂开了"}, {"uid": "691502464", "content": "真·阴俊"}, {"uid": "535061539", "content": "告诉起司我下辈子还要当他的员工"}, {"uid": "668324619", "content": "这玩意儿是喝核废水长大的"}, {"uid": "1975584141", "content": "dio：我说我面包怎么没了"}, {"uid": "1579225108", "content": "大 羚 角 跳"}, {"uid": "1083758684", "content": "刀   刀   刀『滑稽』"}, {"uid": "523261631", "content": "U235（指正）"}, {"uid": "1286593989", "content": "龙舌兰公主"}, {"uid": "483728604", "content": "某幻：像他妈做梦一样"}, {"uid": "1380104088", "content": "这个故事告诉我们星际不能免费"}, {"uid": "661832193", "content": "电鹿好可爱"}, {"uid": "630560028", "content": "王者之心：你想得到我得先充钱，第二你还得欧皇"}, {"uid": "472372740", "content": "白内障 之 消失的眼角膜"}, {"uid": "1951428706", "content": "你抓鲁迅管我周树人什么事"}, {"uid": "24243890", "content": "我承认了，是我搞坏的。"}, {"uid": "2027196802", "content": "牛顿的棺材板快压不住了！"}, {"uid": "483212277", "content": "正 片 开 始"}, {"uid": "696709339", "content": "上面老语文课代表了"}, {"uid": "280308612", "content": "雀巢8次方抬棺"}, {"uid": "191208954", "content": "《尊  贵》"}, {"uid": "700321370", "content": "《黑布林大李子》"}, {"uid": "687084981", "content": "《良苦用心》"}, {"uid": "522216802", "content": "公主的奇妙比喻"}, {"uid": "522216802", "content": "《瞎子传奇》"}, {"uid": "676089120", "content": "《阴俊》、《腹有》、《尊龟》"}, {"uid": "649652700", "content": "完了，又傻一个"}, {"uid": "636479204", "content": "阴 坨 王 子"}, {"uid": "631678780", "content": "加 恩 Q"}, {"uid": "628538141", "content": "他的生命比地球上任何物种都要强，三天不吃还能跑得比猎豹快"}, {"uid": "619402267", "content": "小红:小蓝，我尼马"}, {"uid": "678718150", "content": "高速公鹿"}, {"uid": "485936765", "content": "[幽浮一族]"}, {"uid": "660176031", "content": "安  康  鱼  舞"}, {"uid": "38016205", "content": "你的棺材翻盖的还是滑盖的？"}, {"uid": "375678012", "content": "白内障看不清硫酸兑水滴眼睛 "}, {"uid": "424515971", "content": "吾辈楷模"}, {"uid": "2143544951", "content": "↓发情了"}, {"uid": "701900311", "content": "白内障看不清，意大利炮轰眼睛"}, {"uid": "27421239", "content": "3个648必得王者之心"}, {"uid": "1954406206", "content": "绝  望  影  片"}, {"uid": "1020055002", "content": "有了这个妈妈再也不用担心我家花没水"}, {"uid": "483496274", "content": "TMD，居然在某一刻看成了艾伦"}, {"uid": "695062621", "content": "《正片开始》"}, {"uid": "500643045", "content": "嘿           蒜"}, {"uid": "509001523", "content": "你知道吗看完这一集我有幸找到了它的第二部……还他喵的打开了"}, {"uid": "646953078", "content": "小   蜜   蜂"}, {"uid": "167698596", "content": "草  泥  马  王  子"}, {"uid": "90576425", "content": "尼玛这是把盲点放在了正前方吗"}, {"uid": "1879310909", "content": "酒醉的蝴蝶"}, {"uid": "413341961", "content": "不知道该不该说一句完美卡点"}, {"uid": "649207450", "content": "《赞赏的评价》"}, {"uid": "237723816", "content": "《三个月没做过》"}, {"uid": "470262313", "content": "《论关注电鹿的粉丝都是lsp的那件事》（doge) "}, {"uid": "73695805", "content": "这种人怎么还会有对象的"}, {"uid": "501725874", "content": "他们抓公主关我马个巴子什么事"}, {"uid": "599142459", "content": "每年都有很多老年人因白内障失明，视力减退，模糊(雾）"}, {"uid": "569273861", "content": "镜中人vs紫烟"}, {"uid": "441932293", "content": "没有钱的“阿 里 巴 巴”是屑"}, {"uid": "34682129", "content": "梦幻联动"}, {"uid": "535053303", "content": "剧情可以接地气，但请不要接地府"}, {"uid": "510306878", "content": "你找公主关我马尔吉娜什么事"}, {"uid": "599068441", "content": "芥川风评被害"}, {"uid": "626869721", "content": "《吸收和排出有鸡物和无鸡物》"}, {"uid": "1468570305", "content": "从百草园杀到青藏高原。"}, {"uid": "38796920", "content": "王 者 之 心【cf】"}, {"uid": "471389101", "content": "小孩子诱捕器"}, {"uid": "702300281", "content": "既然被你发现了，那我就上了"}, {"uid": "362862309", "content": "你不要过来啊！！！！！！！！"}, {"uid": "508404987", "content": "我变秃了也变强了"}, {"uid": "508404987", "content": "人和人的体质不能一概而论"}, {"uid": "519619097", "content": "左边国家名字瞩目"}, {"uid": "32903113", "content": "这他喵的在练瑜伽呢"}, {"uid": "1808823778", "content": "《走一步，再走一步》"}, {"uid": "691479800", "content": "马儿鸡呢"}, {"uid": "520263462", "content": "真.哈嗒"}, {"uid": "527373130", "content": "就如神座失去七海的痛，是不法理解的"}, {"uid": "644529422", "content": "小红的**炸了"}, {"uid": "644529422", "content": "啊♂"}, {"uid": "100790865", "content": "我竟然看过离谱"}, {"uid": "1469414227", "content": "方型头的高脚鸟"}, {"uid": "435616493", "content": "这都被你发现了～"}, {"uid": "701686570", "content": "《便   秘》"}, {"uid": "633187628", "content": "罗——马——尼——"}, {"uid": "519097649", "content": "淦！被发现了！"}, {"uid": "1524023144", "content": "帮我转告银雪不要缠着银野了"}, {"uid": "1653732103", "content": "我还记得我小时候看过，还准备把他们两个给凑成一对cp，现在想起来想给自己一耳光。"}, {"uid": "96300483", "content": "鹿鹿声音好好听"}, {"uid": "1759807763", "content": "苏联:你在说什？"}, {"uid": "1230655402", "content": "针不戳"}, {"uid": "95894298", "content": "我带你去超商"}, {"uid": "573442911", "content": "《降智打击》"}, {"uid": "165956047", "content": "好"}, {"uid": "675716663", "content": "巜聪 明》"}, {"uid": "160631892", "content": "嘴平伊之助"}, {"uid": "11192248", "content": "看完了这部动画我眼睛都得挖出来"}, {"uid": "1135643608", "content": "马了顶大"}, {"uid": "1221683123", "content": "尿不湿。"}, {"uid": "627175712", "content": "告诉蕾姆我还爱她"}, {"uid": "584506738", "content": "泪目"}, {"uid": "1767125379", "content": "泪目了"}, {"uid": "584506738", "content": "盒～"}, {"uid": "1742089228", "content": "告诉花京院我还爱他"}, {"uid": "564849264", "content": "七刀社那个，你赢了"}, {"uid": "506141675", "content": "高 分"}, {"uid": "618503251", "content": "不用找，三个648搞定"}, {"uid": "1143472250", "content": "这玩意儿是喝核废水长大的"}, {"uid": "331780025", "content": "戴上耳机，闭眼听配音，你会感谢我的 "}, {"uid": "690448718", "content": "融合！（指孙悟空与贝吉塔的融合）"}, {"uid": "2097236", "content": "敌我之间分不清~~~"}, {"uid": "691502464", "content": "瞬   间   降   维"}, {"uid": "696318842", "content": "真●《公主与野兽》"}, {"uid": "1975584141", "content": "前方高能预警，非战斗人员请立即撤离"}, {"uid": "1579225108", "content": "阎 王 殿 独 家 赞 助"}, {"uid": "475249119", "content": "这次我看到了草原"}, {"uid": "392604788", "content": "欢迎来到花花鞭尸大会"}, {"uid": "883856211", "content": "我不做侍卫长了，小孩！"}, {"uid": "627485630", "content": "沙俄:我TM"}, {"uid": "710219771", "content": "你抓冰心跟我谢婉玲有什么事情？ "}, {"uid": "690815813", "content": "AGENTの疑惑"}, {"uid": "602258110", "content": "我周树人都不敢这么写"}, {"uid": "602533105", "content": "夜荧兄妹：我们兄妹俩又来啦，日常表白金宝和莉莉艾"}, {"uid": "288388484", "content": "告诉上原近次我永远是他老婆"}, {"uid": "487770605", "content": "这究竟炸除了多少黑欺粉，我也是awa"}, {"uid": "496733221", "content": "拜托告诉我教主我也爱他"}, {"uid": "1479158584", "content": "来我们卡塞尔学院装备部吧"}, {"uid": "524828424", "content": "完了被发现了怎么办，在线等 "}, {"uid": "689857820", "content": "<我坐十五世纪中叶火车的感受>"}, {"uid": "689857820", "content": "黄金观察者：我做错什么了"}, {"uid": "689857820", "content": "牛顿的棺材板压不住了"}, {"uid": "624924744", "content": "应该是地太滑了，看看，老亮了"}, {"uid": "599159232", "content": "前面雷之呼吸的你够了doge"}, {"uid": "4120182", "content": "雷 克 顿"}, {"uid": "666587138", "content": "比尔赛弗风评被害"}, {"uid": "652323408", "content": "满分作文"}, {"uid": "676089120", "content": "阿里巴巴:我不做人了！鳄鱼人！"}, {"uid": "510552159", "content": "告诉Night和Dream我还爱她们俩"}, {"uid": "1518171247", "content": "建议改成：乔 治 转 世"}, {"uid": "660176031", "content": "冥 界 动 画：你的棺材是翻盖的还是滑盖的？"}, {"uid": "660176031", "content": "塔 图 因"}, {"uid": "511512485", "content": "0.5，你们懂得"}, {"uid": "241248483", "content": "马 了 顶 大"}, {"uid": "660189026", "content": "忽然注意到BGM是大表哥的"}, {"uid": "455152904", "content": "难道这就是你分手的借口"}, {"uid": "627294789", "content": "感谢你咬了我一口"}, {"uid": "663111909", "content": "吓得我当场扣眼珠，"}, {"uid": "1954406206", "content": "福葛风评被害"}, {"uid": "1371978980", "content": "左脚绊右脚"}, {"uid": "485735242", "content": "不太聪明的亚子"}, {"uid": "12704183", "content": "投投投"}, {"uid": "1323992498", "content": "哦，你好，达了崩吧吧"}, {"uid": "500643045", "content": "白内障，看不清，虎邦辣酱滴眼睛"}, {"uid": "23949037", "content": "正片开始"}, {"uid": "1879310909", "content": "天 真 无 邪"}, {"uid": "1369497141", "content": "芥芥你要清醒一点啊！！！"}, {"uid": "541937599", "content": "本段选自《走一步，再走一步》原名《悬崖上的一课》(doge)"}, {"uid": "669250624", "content": "地上糊上了一块奥利给"}, {"uid": "479491149", "content": "不太聪明的样子"}, {"uid": "392067998", "content": "马了丁大"}, {"uid": "535053303", "content": "太糟糕了（指台词和动作）"}, {"uid": "662648152", "content": "你知道电鹿为什么会想到在干嘛？因为他是母鹿要穿，这东西对他严肃十分熟悉。"}, {"uid": "518345993", "content": "原来芝麻长这样"}, {"uid": "1468570305", "content": "我看到了呼伦贝尔大草原。"}, {"uid": "1411418110", "content": "电影可以接地气弹他不可以接地府"}, {"uid": "435443450", "content": "哦，小红帽的奶奶"}, {"uid": "474974595", "content": "你对原力一无所知"}, {"uid": "1177104032", "content": "《草泥马王子》"}, {"uid": "656701963", "content": "守望星吃瓜"}, {"uid": "1689449620", "content": "《阴间动画》"}, {"uid": "1211864725", "content": "父仇者联盟"}, {"uid": "520658368", "content": "走一步，再走一步"}, {"uid": "571319947", "content": "高速公鹿（dog）"}, {"uid": "571319947", "content": "臭小孩（dog）"}, {"uid": "12852979", "content": "塞口泥哈一袋牙齿大！"}, {"uid": "1443401469", "content": "原力移肉"}, {"uid": "103507760", "content": "雀  巢  8  次  方"}, {"uid": "1512449985", "content": "《鸡裂》"}, {"uid": "519260835", "content": "你看到公主了吗"}, {"uid": "519260835", "content": "你好不对劲"}, {"uid": "688211296", "content": "白眼 写轮眼。。。。。？"}, {"uid": "592326197", "content": "吔——"}, {"uid": "1453400483", "content": "我免费了！(doge)"}, {"uid": "1505862443", "content": "回收开头·"}, {"uid": "1328487939", "content": "好亲我一口"}, {"uid": "429928060", "content": "某幻———————————"}, {"uid": "420958737", "content": "从百草园杀到呼伦贝尔大草原"}, {"uid": "584506738", "content": "芥川龙之介表示你有病"}, {"uid": "1469414227", "content": "我叫：沙比"}, {"uid": "915873984", "content": "危险！！！"}, {"uid": "1534703088", "content": "功夫瑜伽行为"}, {"uid": "1078133224", "content": " 大表哥表示有被冒犯到"}, {"uid": "569683298", "content": "历史上最专业的鳄鱼，盲人。"}, {"uid": "1453958483", "content": "比一切人都智慧的眼神 "}, {"uid": "362064721", "content": "罪木蜜柑直呼内行"}, {"uid": "412504321", "content": "牛头马面诱捕器"}, {"uid": "412504321", "content": "孟婆诱捕器"}, {"uid": "412504321", "content": "侍——卫——长——"}, {"uid": "677957270", "content": "野生的走路草跳了出来"}, {"uid": "1901647978", "content": "走一步，再走一步"}, {"uid": "430840191", "content": "为什么看到这一幕我太阳穴疼"}, {"uid": "599138695", "content": "那个史莱姆的老mc了"}, {"uid": "599138695", "content": "兄弟们把公屏打在泪目上"}, {"uid": "1759807763", "content": "小花生行为"}, {"uid": "475066313", "content": "吔！！！！"}, {"uid": "670602495", "content": "我就不该在时候喝芬达"}, {"uid": "2125884137", "content": "正片开始"}, {"uid": "601249605", "content": "镭亩"}, {"uid": "588130454", "content": "八     次     方"}, {"uid": "2079905321", "content": "舞   力   全   开"}, {"uid": "482105759", "content": "马云做错了什么"}, {"uid": "600538087", "content": "正片开始"}, {"uid": "505935822", "content": "NIcoNIcoNI~"}, {"uid": "651511084", "content": "好催泪的一段话"}, {"uid": "652650472", "content": "正片开始"}, {"uid": "30006105", "content": "小——红——"}, {"uid": "615844882", "content": "＊＊＊"}, {"uid": "509948665", "content": "泪目"}, {"uid": "1642873215", "content": "“跌宕起伏”"}, {"uid": "2132467967", "content": "蛹者之猩"}, {"uid": "1114157168", "content": "，"}, {"uid": "1452219996", "content": "泪目"}, {"uid": "1505243456", "content": "泪目"}, {"uid": "1194591009", "content": "我猜你们的经纪人肯定是阎王"}, {"uid": "1052195376", "content": "比！！！！！！！博！！！！！！！燃！！！！！！！就！！！！！！！对了！！！！！！！！！！！！！！！！！！！！！！！！！！！！！！！！！！！！！！！！！！"}, {"uid": "1304510659", "content": "满足我们"}, {"uid": "631141882", "content": "泪目"}, {"uid": "627020460", "content": "wait,你没做变性（doge"}, {"uid": "1385647013", "content": "《反重力火车》"}, {"uid": "520164699", "content": "草 泥 马 王 子"}, {"uid": "518878106", "content": "173行为"}, {"uid": "595501421", "content": "你看看你们都厨了些什么玩意"}, {"uid": "485078399", "content": "小——————红——————"}, {"uid": "523520095", "content": "啊 这 要搞黄吗？"}, {"uid": "1483675859", "content": "告诉我老婆两面宿傩我还……爱他"}, {"uid": "108385250", "content": "白内障，看不清意大利炮滴眼睛"}, {"uid": "2090291499", "content": "就是你小心点儿你自己眼睛。"}, {"uid": "437073744", "content": "要什么电子眼，我给妳装一双轮回眼，能用幻术，还不会瞎"}, {"uid": "1579225108", "content": "王 之 典 范"}, {"uid": "536253146", "content": "这就是你分手的借口，如果让我再来一次你真心爱我"}, {"uid": "668273843", "content": "请告诉班长他绿了，我爱安利科。"}, {"uid": "543416728", "content": "安琪拉直呼内行"}, {"uid": "689928435", "content": "艾玛太解压了"}, {"uid": "602258110", "content": "语文课代表上线"}, {"uid": "501236100", "content": "AK47王者之心（doge）"}, {"uid": "510215886", "content": "卧槽我居然看过"}, {"uid": "1951428706", "content": "看来电鹿是个变态"}, {"uid": "24243890", "content": "原来真的是沙雕"}, {"uid": "23082811", "content": "乔治直呼内行"}, {"uid": "165541444", "content": "分手大师"}, {"uid": "588984857", "content": "皮卡砍骷髅。"}, {"uid": "1868320796", "content": "马云：？？？？？？"}, {"uid": "615506491", "content": "马尔吉娜不是个女仆吗？？？"}, {"uid": "649652700", "content": "你说的那个朋友是不是你？"}, {"uid": "1536926524", "content": "全视之眼来一双"}, {"uid": "505671375", "content": "钛合金直男"}, {"uid": "617375766", "content": "你 咋 知 道 的 ？"}, {"uid": "1581138158", "content": "S C P ＿ 1 7 3"}, {"uid": "512157930", "content": "白内障，看不清，超电磁炮轰眼睛"}, {"uid": "686655989", "content": "草 泥 马 王 子"}, {"uid": "1888061793", "content": "你就是大名鼎鼎的电鹿板——V吧？"}, {"uid": "508952174", "content": "凭本事单生"}, {"uid": "499906006", "content": "远离肾漏担忧"}, {"uid": "692791315", "content": "数学书里的？？？"}, {"uid": "701900311", "content": "高速公鹿"}, {"uid": "475109714", "content": "平地摔跤"}, {"uid": "26723137", "content": "这么一说我就突然变色我又想起上期视频了"}, {"uid": "698455402", "content": "《三个月没做过，》"}, {"uid": "424493836", "content": "火车机车是在1825年由史蒂芬森发明并试车的"}, {"uid": "1020055002", "content": "出现了平地摔"}, {"uid": "1438621749", "content": "阴间的生物学家看研究了一下杂交理论发现他的棺材板按不住了"}, {"uid": "500643045", "content": "『Man In The Mirror』!"}, {"uid": "1318093767", "content": "为什么这个国王有点不太聪明的亚子？！"}, {"uid": "503441367", "content": "芥川君你清醒亿点a"}, {"uid": "602377779", "content": "阴  乐  开  始"}, {"uid": "550537559", "content": "玄武国：？？？"}, {"uid": "1543945696", "content": "白内障看不清，厨邦酱油滴眼睛"}, {"uid": "687564734", "content": "给爷变回去"}, {"uid": "442222724", "content": "我后对了况且酱已经车上的无与伦比懒得求来曼德尔可能吧鸟俩囧请教开啊抉择安着中"}, {"uid": "497470907", "content": "那里的天比别处的更可爱"}, {"uid": "1026541391", "content": "《璻   郢    畯》"}, {"uid": "1879310909", "content": "芝 麻 开 门"}, {"uid": "397295493", "content": "钢 铁 雄 心"}, {"uid": "1953160177", "content": "太阳:嘴角，第几次来了啊？估计有个几千次了吧?"}, {"uid": "671852883", "content": "告诉邪骨团我爱他们……*安详"}, {"uid": "522874412", "content": "《查理九世》DODO冒险队：就这？就这？我们还对付过“鬼影迷踪”呢！！"}, {"uid": "676505982", "content": "你要找公主，关我马尔吉娜什么事"}, {"uid": "441055796", "content": "你抓公主关我马尔吉娜啥子事"}, {"uid": "30815765", "content": "你找公主关我马尔吉娜什么事？"}, {"uid": "1790809229", "content": "我换个电子烟"}, {"uid": "593679155", "content": "老大哥:？？？"}, {"uid": "1714958568", "content": "你还真他娘的是个天才"}, {"uid": "1718675178", "content": "不是吧感觉他就像，一个粉色的"}, {"uid": "1718675178", "content": "为什么这个狐狸有点太骨头架子了"}, {"uid": "702300281", "content": "快，给我解释清楚！"}, {"uid": "2097137158", "content": "使我总想高歌一曲，表达我满心的愉悦"}, {"uid": "508404987", "content": "想当年我一个滑铲把老虎直接干翻"}, {"uid": "508404987", "content": "这他喵的 也太那了点吧"}, {"uid": "508404987", "content": "刚才说你完了的是我啊"}, {"uid": "1792697676", "content": "“黄金观察者”"}, {"uid": "12852979", "content": "夹子？小风车？"}, {"uid": "12852979", "content": "《派大星》"}, {"uid": "12852979", "content": "《神秘的宝裤》"}, {"uid": "32903113", "content": "自己跌倒碰瓷儿。"}, {"uid": "513044752", "content": "我同学都比你帅"}, {"uid": "513044752", "content": "你眼睛都坏了都废掉了为什么还能正着"}, {"uid": "806723", "content": "棒球棒转世"}, {"uid": "687575281", "content": "兄弟们把泪目打在公屏上"}, {"uid": "1515011923", "content": "小——红——"}, {"uid": "1442032930", "content": "一岁儿童：*******"}, {"uid": "523373309", "content": "《添材》"}, {"uid": "1795929996", "content": "印度阅兵"}, {"uid": "1837688346", "content": "梦幻联动"}, {"uid": "560215253", "content": "走一步，再走一步"}, {"uid": "591275213", "content": "《英   俊》"}, {"uid": "622082663", "content": "《 芝 麻 》"}, {"uid": "744600884", "content": "FBI已介入调查"}, {"uid": "631480647", "content": "老婆解释一下"}, {"uid": "1203091236", "content": "不用找了罗德岛欢迎的到来！"}, {"uid": "1469414227", "content": "白内障，眼角膜脱落，玻璃体老化，晶状体丢失，虹膜失效"}, {"uid": "528575606", "content": "名著胡编动画"}, {"uid": "39024170", "content": "范小勤"}, {"uid": "435510831", "content": "《亡子》"}, {"uid": "527496819", "content": "生物奇迹"}, {"uid": "527496819", "content": "性别颠倒"}, {"uid": "626520555", "content": "马儿鸡大"}, {"uid": "691150367", "content": "表情：jio（梗）本雅美"}, {"uid": "1453958483", "content": "问你能找到他，你就能变异 "}, {"uid": "522220559", "content": "黑布林大李子"}, {"uid": "522628227", "content": "白内障看不清，杀手皇后摸眼睛"}, {"uid": "1471082675", "content": "平地是绿的小丘也是绿的。——《草原》老舍"}, {"uid": "1626763437", "content": "我TM小时候他弄啥玩意儿"}, {"uid": "629960333", "content": "分手快乐"}, {"uid": "1490826955", "content": "正片开始"}, {"uid": "1802129027", "content": "下次一定 "}, {"uid": "503119857", "content": "UT音乐好评"}, {"uid": "531420814", "content": "《优质》"}, {"uid": "1289193350", "content": "我竟然都看过"}, {"uid": "28345372", "content": "比博燃"}, {"uid": "1529428187", "content": "从百草园杀到三味书屋"}, {"uid": "1642645345", "content": "开幕雷击"}, {"uid": "252548344", "content": "＂高分＂"}, {"uid": "492904739", "content": "万有引力"}, {"uid": "675716663", "content": "那3.0，是脑子出问题了吗"}, {"uid": "590597011", "content": "瞎了"}, {"uid": "431245760", "content": "太平洋战争"}, {"uid": "489086386", "content": "假面骑士沙雕"}, {"uid": "2132467967", "content": "小——————————————————————红————————————————————————————————————"}, {"uid": "32364883", "content": "？？？"}, {"uid": "651511084", "content": "哈哈哈"}, {"uid": "498006688", "content": "告诉中岛敦我还爱他"}, {"uid": "30006105", "content": "正片开始"}, {"uid": "30006105", "content": "吾辈楷模"}, {"uid": "1740029391", "content": "这是三味书屋？"}, {"uid": "741719891", "content": "求一双没看过的眼睛"}, {"uid": "627175712", "content": "巜蹭》"}, {"uid": "8475357", "content": "泪目"}, {"uid": "367418391", "content": "哈哈哈"}, {"uid": "733920490", "content": "嘿，你偷了我多少组粘性活塞 ！"}, {"uid": "531101727", "content": "你抓马尔吉娜关我马了丁呐什么是"}, {"uid": "470227607", "content": "這動畫感覺能把我眼睛整爆掉"}, {"uid": "2131696773", "content": "阿帕茶（bushi）"}, {"uid": "340401120", "content": "震惊！某市一小伙竟当众乞讨。这到底是人性的扭曲还是道德的沦丧，咱们下期见分晓（手动狗头）"}, {"uid": "1052195376", "content": "白 内 障 "}, {"uid": "934004", "content": "《  正  片  开  始  》"}, {"uid": "1939783818", "content": "逆 藏 大 仙"}, {"uid": "1385647013", "content": "正片开始"}, {"uid": "508723334", "content": "正片开始"}, {"uid": "18840537", "content": "我猜对了？！"}, {"uid": "518878106", "content": "*为坠落的人类命名"}, {"uid": "630655708", "content": "アリババの大泥棒奇"}, {"uid": "630655708", "content": "I'm really too high私は本当に我慢できません"}, {"uid": "1201986817", "content": "电路变帅了。"}, {"uid": "402366631", "content": "［已注銷］"}, {"uid": "476349734", "content": "生前录像"}, {"uid": "1494542444", "content": " 他裂了，但没有完全链"}, {"uid": "609846035", "content": "唉我进去了但是没有完全进去"}, {"uid": "609846035", "content": "白内障看不清502来滴眼睛"}, {"uid": "351085127", "content": "阴间动画"}, {"uid": "500794568", "content": "《阴 菌》"}, {"uid": "604642278", "content": "《山》"}, {"uid": "388543943", "content": "黑布林大李子"}, {"uid": "604630644", "content": "173实锤"}, {"uid": "602258110", "content": "王  者  之  猩"}, {"uid": "510581614", "content": "走一步，再走一步"}, {"uid": "440963838", "content": "像株大葱"}, {"uid": "482233369", "content": "强行发刀"}, {"uid": "689857820", "content": "他的帽子好像电视台的停机维护页面"}, {"uid": "454014306", "content": "高三生物生狂喜（没有）"}, {"uid": "1854788790", "content": "我的眼睛！！！！！！"}, {"uid": "649652700", "content": "原来你不是母的"}, {"uid": "371864241", "content": "我竟然看过"}, {"uid": "1536926524", "content": "当 你 x"}, {"uid": "1697305641", "content": "这位先生请别开写轮眼。"}, {"uid": "620232502", "content": "吾辈楷模"}, {"uid": "1048347543", "content": "我是冒险王国的马了顶大"}, {"uid": "451288378", "content": "新 宝 岛"}, {"uid": "514666084", "content": "灵           车"}, {"uid": "678355727", "content": "话没错，就是实际……"}, {"uid": "386395589", "content": "这次，我看到了草原"}, {"uid": "483329295", "content": "盗走奇兵"}, {"uid": "518731613", "content": "我仿佛又看到了那片属于世界的呼伦贝尔大草原"}, {"uid": "76299088", "content": "小——红——"}, {"uid": "627294789", "content": "眼珠子，一块钱四个，嘿嘿！"}, {"uid": "627294789", "content": "蓝色方块再也不相信你了"}, {"uid": "599085929", "content": "睾 分"}, {"uid": "425997221", "content": "导演欲让弱治舞"}, {"uid": "1556168384", "content": "《盲 女 现 状》"}, {"uid": "484777976", "content": "猝不及防"}, {"uid": "1378871635", "content": "抓走周树人跟我鲁迅有什么关系？"}, {"uid": "678355727", "content": "我曾经有一个男朋友"}, {"uid": "602377779", "content": "你朋友炸了"}, {"uid": "525267679", "content": "我从下一部的传送门中飞来了。"}, {"uid": "511034558", "content": "从百草园杀到青藏高原"}, {"uid": "1879310909", "content": "过山车"}, {"uid": "1369497141", "content": "消失的眼角膜"}, {"uid": "249663590", "content": "马了顶大！！！双厨狂喜！！！"}, {"uid": "514150520", "content": "这nm是芝麻？比你手都大"}, {"uid": "409815578", "content": "有话好好说，别放原片。"}, {"uid": "492040027", "content": "小母鹿～"}, {"uid": "571342583", "content": "大羚角跳的等等我！"}, {"uid": "1411418110", "content": "故逝"}, {"uid": "1881994257", "content": "降智打击"}, {"uid": "1881994257", "content": "小————红————"}, {"uid": "1824566955", "content": "被你发现了"}, {"uid": "617678924", "content": "建议装个轮回眼"}, {"uid": "526344533", "content": "rua~~~~~"}, {"uid": "2124237640", "content": "张东升直呼内行"}, {"uid": "424244619", "content": "双厨狂喜的各位到底都厨了些什么？"}, {"uid": "197560987", "content": "《山》"}, {"uid": "622834869", "content": "你还想来？行满足你"}, {"uid": "1808823778", "content": "小    火     车"}, {"uid": "1405924340", "content": "这就是降维打击吗？"}, {"uid": "1150311393", "content": "史上最魔性动画"}, {"uid": "1837688346", "content": "《芝麻》"}, {"uid": "439619496", "content": "bill ciper"}, {"uid": "670725964", "content": "莫名卡点:D"}, {"uid": "1328487939", "content": "姨妈巾"}, {"uid": "483423862", "content": "祖传开头"}, {"uid": "124398673", "content": "找老维"}, {"uid": "2013194932", "content": "儿童做错了什么"}, {"uid": "1469414227", "content": "连南非都打不过"}, {"uid": "185639621", "content": "德皇震怒"}, {"uid": "1934885741", "content": "数学书那个，别走！！同款！！"}, {"uid": "662397406", "content": "蓝色方块再也不相信你了"}, {"uid": "474901717", "content": "正片開始"}, {"uid": "1078133224", "content": "花洒继续运动"}, {"uid": "527496819", "content": "是时候分手了"}, {"uid": "1220080303", "content": "钛合金直男"}, {"uid": "1108274484", "content": "请不要模仿我家安琪拉的动作"}, {"uid": "1079302921", "content": "迢级塞亚人"}, {"uid": "415397394", "content": "啊草（中日双语）"}, {"uid": "691150367", "content": "建模：节操"}, {"uid": "522220559", "content": "正片开始"}, {"uid": "2499412", "content": "我才从弟2部出来"}, {"uid": "1398234331", "content": "在我的电视上这部动画的分数高达7点5分十分满"}, {"uid": "522919075", "content": "世界上最聪明的人"}, {"uid": "489160706", "content": "空降08:36"}, {"uid": "471492356", "content": "哈哈哈哈哈哈哈哈哈哈"}, {"uid": "1311767862", "content": "鸡 大"}, {"uid": "682176433", "content": "《欢迎》"}, {"uid": "701861051", "content": "草泥马蚊子"}, {"uid": "475066313", "content": "你找公主管我马了鸡大，呸，马尔吉娜有什么关系"}, {"uid": "475066313", "content": "敌我之间分不清"}, {"uid": "531420814", "content": "当我没说"}, {"uid": "1118693453", "content": "日本羊驼饲养园现状"}, {"uid": "1118693453", "content": "太臭了"}, {"uid": "498499177", "content": "告诉小黑我还爱他"}, {"uid": "499331911", "content": "把我一脚踹进蜂蜜里！现在立刻马上！！"}, {"uid": "97083607", "content": "抓捕周树人跟我鲁迅有什么关系"}, {"uid": "259241108", "content": "此处应有希望之花"}, {"uid": "351496797", "content": "磷脂双分子层"}, {"uid": "2132467967", "content": "育——碧——"}, {"uid": "765917175", "content": "哦耶"}, {"uid": "1571289403", "content": "盖亚!!!!!!!!"}, {"uid": "313295466", "content": "哈哈哈哈哈哈"}, {"uid": "660329647", "content": "？？？？？？？？？？？？？？？？？？？？？？？？？？？？？？？？？？？？？？？？？？？？？？？？？？？？？？？？？？？？？？？？？？？？？？？？？？？？？？？？？？？"}, {"uid": "1221683123", "content": "古代有高科技。"}, {"uid": "1740029391", "content": "你们不要再打啦！"}, {"uid": "593581040", "content": "告诉我老婆希斯特利亚我还……爱他.......希斯特利亚...........希斯特利亚...希斯特利亚.............."}, {"uid": "648830377", "content": "小幽灵赞助"}, {"uid": "648830377", "content": "告诉dustdust我想要他的心灵控制。"}, {"uid": "502080832", "content": "啊下次能嫑祸害传说之下吗"}, {"uid": "1642873215", "content": "告诉金，温迪，还有魈，我还爱他们"}, {"uid": "1015640248", "content": "降智打击"}, {"uid": "541230054", "content": "草泥马王子，出战"}, {"uid": "122941350", "content": "《冰棍》"}, {"uid": "340401120", "content": "震惊！某市一儿童竟然便秘八十年，当众发出惨叫！"}, {"uid": "1194591009", "content": "希望之花 ~"}, {"uid": "1665374601", "content": "草草草草草草草草草草草草草草草草草草草草草草草草草草草草草草草草草草草草草草草草草草草草草草草草草草草草草草草草草草草草草草草草草草草草草草草草草草草草草草草草草草草草草草草草"}, {"uid": "531101727", "content": "告诉纽特我爱他，但是我再也不能和他一起万咒皆终了"}, {"uid": "470537722", "content": "告诉青川，记得从乙级升到甲级"}, {"uid": "470537722", "content": "告诉夜蝶，和惟冷好好过，我想抱孙子"}, {"uid": "1579225108", "content": "羚    角     号"}, {"uid": "604551178", "content": "假如给我三天食物"}, {"uid": "1304617281", "content": "告诉Micraft. 我还爱他"}, {"uid": "1019890810", "content": "两只老虎爱跳舞"}, {"uid": "1079751491", "content": "？？？？？？？？？？？《山》"}, {"uid": "628584511", "content": "还有第二部"}, {"uid": "1319836270", "content": "泪       目"}, {"uid": "108385250", "content": "你不要过来啊！"}, {"uid": "691502464", "content": "接地气行 别接地府"}, {"uid": "603235143", "content": "倍化之术"}, {"uid": "1083758684", "content": "迪 亚 哥 "}, {"uid": "528505474", "content": "这怕是黄泉列车吧"}, {"uid": "706939732", "content": "幽灵纳普斯特"}, {"uid": "52996692", "content": "从百草园杀到空洞骑士那王之印记（doge）"}, {"uid": "500105577", "content": "武 则 天"}, {"uid": "525717123", "content": "敌我之间分不清~"}, {"uid": "536253146", "content": "戴拿！！！！！！！！"}, {"uid": "2130955086", "content": "圆不回来，哈哈"}, {"uid": "522640583", "content": "我都笑不起来了"}, {"uid": "577883948", "content": "文野厨当场震惊"}, {"uid": "606168601", "content": "*盒子是空的"}, {"uid": "1159574966", "content": "大力出奇迹"}, {"uid": "96343567", "content": "前方高能人不知道什么时候。"}, {"uid": "26068468", "content": "好腰！"}, {"uid": "1307844008", "content": "我们可以用脚指头来。"}, {"uid": "1139914068", "content": "不愧是你电鹿"}, {"uid": "1951428706", "content": "小丑竟是我自己"}, {"uid": "520655000", "content": "殃唾王子"}, {"uid": "1091037817", "content": "睿智的表情"}, {"uid": "699220833", "content": "淦，被发现了"}, {"uid": "1776563136", "content": "她的腰不累吗"}, {"uid": "689857820", "content": "糖豆人"}, {"uid": "671247891", "content": "《魔      性》"}, {"uid": "671247891", "content": "小东西长得挺别致"}, {"uid": "71860490", "content": "梦幻联动"}, {"uid": "1536926524", "content": "比姥姥激光"}, {"uid": "2110494301", "content": "双厨狂……啊 我裂幵了"}, {"uid": "2110494301", "content": "双厨狂……啊 我裂幵了"}, {"uid": "649652700", "content": "芥川，你清醒一点"}, {"uid": "649652700", "content": "  拍完之后玩会儿麦块就好了"}, {"uid": "409576625", "content": "？双厨狂喜还是应该表示愤怒？"}, {"uid": "319055174", "content": "CF“？？？”"}, {"uid": "678718150", "content": "哈哈哈哈哈哈哈哈哈"}, {"uid": "492152314", "content": "白内障， 看不清，alpha核弹炸眼睛"}, {"uid": "486567909", "content": "只要他们不尴尬，尴尬的就是别人"}, {"uid": "650460216", "content": "我的眼睛早已不知道瞎了多少"}, {"uid": "650460216", "content": "我的眼睛早已不知道瞎了多少次。"}, {"uid": "184029064", "content": "从呼伦贝尔大草原杀到百草园"}, {"uid": "184029064", "content": "呼伦贝尔大草原"}, {"uid": "33911752", "content": "这就是你分手的借口"}, {"uid": "663111909", "content": "妈耳机呐"}, {"uid": "1020055002", "content": "早安玛德巴卡"}, {"uid": "1378871635", "content": "《小火车》"}, {"uid": "571302469", "content": "真-高分"}, {"uid": "1775610589", "content": "一书障目"}, {"uid": "1994139854", "content": "我眼睛进杀手皇后了 我不玩了"}, {"uid": "1558488774", "content": "我要下车。"}, {"uid": "1872235128", "content": "《小》"}, {"uid": "321945768", "content": "芥川你怎么了？！！！！"}, {"uid": "38470670", "content": "我竟然看过"}, {"uid": "1879310909", "content": "弹上床"}, {"uid": "662012771", "content": "智慧的眼神"}, {"uid": "23809923", "content": "我居然看完了"}, {"uid": "1065100129", "content": "三个月没做过"}, {"uid": "409815578", "content": "我已经笑喷了。"}, {"uid": "1445876719", "content": "【阴   菌】"}, {"uid": "609877714", "content": "正片即将开始"}, {"uid": "702557303", "content": "made  in  heaven"}, {"uid": "679179484", "content": "我已经尿了五碗了"}, {"uid": "8311655", "content": "脖子右拧"}, {"uid": "1369539202", "content": "当爹了"}, {"uid": "474974595", "content": "正片开始"}, {"uid": "1718675178", "content": "硬片开始"}, {"uid": "1718675178", "content": "不是吧这地板也太滑了"}, {"uid": "525151775", "content": "为民除害"}, {"uid": "634788820", "content": "15世纪"}, {"uid": "1211864725", "content": "吗尔几那"}, {"uid": "459299241", "content": "除草机—《"}, {"uid": "1422916877", "content": "marenol"}, {"uid": "506267251", "content": "升华主题"}, {"uid": "1574580227", "content": "合肥人震怒"}, {"uid": "32903113", "content": "小黄书"}, {"uid": "507217438", "content": "小风车~"}, {"uid": "1495015679", "content": "D I  O"}, {"uid": "743487812", "content": "电路你怎么回事"}, {"uid": "687122705", "content": " 建议分手"}, {"uid": "610872381", "content": "看不懂，看不清，莎普爱思滴眼睛"}, {"uid": "1808823778", "content": "*为坠落的人类起名"}, {"uid": "1808823778", "content": "梦幻联动"}, {"uid": "506651411", "content": "BGM好评"}, {"uid": "615844882", "content": "Cao一种化合物"}, {"uid": "1405924340", "content": "给我精神损失费。"}, {"uid": "1797665183", "content": "你眼睛长在屁股上了"}, {"uid": "1393890971", "content": "敌我之间分不清"}, {"uid": "1858331449", "content": "弹幕等级怎么升级"}, {"uid": "1858331449", "content": "正片开始"}, {"uid": "1847234580", "content": "生草光波。"}, {"uid": "1031067481", "content": "泪目，下下次也不一定"}, {"uid": "43083277", "content": "牛B"}, {"uid": "524958058", "content": "33"}, {"uid": "514978457", "content": "强行泪目"}, {"uid": "631480647", "content": "面包？"}, {"uid": "483423862", "content": "哈哈哈哈哈哈哈哈"}, {"uid": "505485440", "content": "小 小 梦 魇"}, {"uid": "412464554", "content": "下次一定"}, {"uid": "2013194932", "content": "冒♂险"}, {"uid": "1469414227", "content": "西伯利亚大黑土豆"}, {"uid": "1469414227", "content": "烧焦的曼德拉草"}, {"uid": "1469414227", "content": "种马男"}, {"uid": "474901717", "content": "告诉嘉德罗斯我下辈子还爱他"}, {"uid": "474901717", "content": "告诉嘉德罗斯我下辈子还爱他"}, {"uid": "55484136", "content": "正片开始"}, {"uid": "1976381231", "content": "h火车"}, {"uid": "621725280", "content": "犯罪嫌疑人"}, {"uid": "353979656", "content": "正片开始"}, {"uid": "691150367", "content": "舞步：池田大作、？？？"}, {"uid": "765535786", "content": "买耳机吧！"}, {"uid": "694511573", "content": "上凹凸世界第三季片尾曲！"}, {"uid": "33510025", "content": "玛尔吉巴"}, {"uid": "412504321", "content": "音乐可以上天界，但请不要上天堂；舞蹈可以接地气，但请不要接地府"}, {"uid": "431687189", "content": "正片开始"}, {"uid": "226262590", "content": "妙哉"}, {"uid": "21425684", "content": "好刀呜呜呜（"}, {"uid": "902325504", "content": " 《芝 麻》"}, {"uid": "703970451", "content": "正片开始"}, {"uid": "1248087773", "content": "公里还是马路"}, {"uid": "531420814", "content": "嗯？？？大哥你眼睛有问题吗？？"}, {"uid": "531420814", "content": "还没开始打呢就哭了"}, {"uid": "43628321", "content": "跑啊啊啊啊啊啊啊啊啊握草"}, {"uid": "521877083", "content": "笑喷"}, {"uid": "2079905321", "content": "文  艺  复   兴"}, {"uid": "675716663", "content": "《芝 麻》"}, {"uid": "97083607", "content": "《走一步，再走一步》"}, {"uid": "2132467967", "content": "hrhr虫"}, {"uid": "355321550", "content": "外星人"}, {"uid": "9076333", "content": "草草草"}, {"uid": "1385647013", "content": "白内障看不清，硫酸拿来滴眼睛"}, {"uid": "775841044", "content": "真TM"}, {"uid": "1740029391", "content": "万象天引？"}, {"uid": "593581040", "content": "希斯特利亚"}, {"uid": "2086911551", "content": "..."}, {"uid": "2086911551", "content": "这BGM...棉花玩偶在用魔法攻击..."}, {"uid": "99457705", "content": "？？芥川你大可不必！"}, {"uid": "502080832", "content": "传说之下真的嘛"}, {"uid": "28500307", "content": "为啥不叫阿里"}, {"uid": "541230054", "content": "小东西长得真别致"}, {"uid": "1505243456", "content": "正 片 开 始"}, {"uid": "437761281", "content": "好的！那就不客气了"}, {"uid": "1385647013", "content": "臸䧞"}, {"uid": "1381623169", "content": "芝…………………麻"}, {"uid": "1381623169", "content": "真帅啊"}, {"uid": "1579225108", "content": "你们找卡米尔和我雷鸣有什么关系"}, {"uid": "87735084", "content": "？？？？？？？？？？？？"}, {"uid": "603235143", "content": "两只老虎爱跳舞"}, {"uid": "434810193", "content": "正片开始"}, {"uid": "1402775011", "content": "告诉霍金斯，我还爱他"}, {"uid": "592423991", "content": "我他丫的还看过！！！"}, {"uid": "1490542751", "content": "回收开头"}, {"uid": "536253146", "content": "《小火车》"}, {"uid": "2044366105", "content": "你竟然抛弃我呜呜呜"}, {"uid": "630615698", "content": "是高速母鹿（doge"}, {"uid": "1881772003", "content": "小幽灵"}, {"uid": "1552543835", "content": "为什么要放原片啊我眼瞎了"}, {"uid": "1594797673", "content": "帅哥你谁啊"}, {"uid": "1594797673", "content": "融合悟吉特"}, {"uid": "1887202736", "content": "下次也不一定"}, {"uid": "476113620", "content": "吔！"}, {"uid": "522640583", "content": "啊，我支持"}, {"uid": "2096416019", "content": "变性手术 "}, {"uid": "2040175963", "content": "影流之主"}, {"uid": "486182633", "content": "莫名同步了"}, {"uid": "1159574966", "content": "阴驼王子"}, {"uid": "1433891251", "content": "哇的fxxk"}, {"uid": "501236100", "content": "王牌印记（doge）"}, {"uid": "1260147501", "content": "铺垫结束"}, {"uid": "199292988", "content": "穿模了"}, {"uid": "1951428706", "content": "电♂鹿"}, {"uid": "1951428706", "content": "极度恐怖"}, {"uid": "695958441", "content": "你居然知道了，那我就不再隐藏了。"}, {"uid": "1384527930", "content": "玛卡巴卡 "}, {"uid": "621546921", "content": "告诉魈大人钟离还爱他！！！"}, {"uid": "687084981", "content": "牛批得很"}, {"uid": "694645414", "content": "他经历了什么？？？？"}, {"uid": "305887159", "content": "赛龙舟"}, {"uid": "505671375", "content": "还有这种操作"}, {"uid": "676089120", "content": "啊这，抠下来了。。。"}, {"uid": "676089120", "content": "《维克特利奥特曼》"}, {"uid": "1279791310", "content": "那我就淦了～"}, {"uid": "567083528", "content": "泪目"}, {"uid": "660408492", "content": "不要停下来呀"}, {"uid": "1405067187", "content": "逼结婚"}, {"uid": "675179729", "content": "正片开始"}, {"uid": "352659038", "content": "没有进化完全"}, {"uid": "702303459", "content": "这个我好像看过……太草了！"}, {"uid": "38016205", "content": "前方高能"}, {"uid": "444192607", "content": "为什么你会知道呢我藏的应该很深才对呀"}, {"uid": "411083063", "content": "比尔赛佛！"}, {"uid": "1761332916", "content": "梦幻联动"}, {"uid": "33911752", "content": "金色传说"}, {"uid": "2134871125", "content": "拖更"}, {"uid": "1954406206", "content": "我靠弹丸厨！！！"}, {"uid": "1378871635", "content": "武则天"}, {"uid": "675475523", "content": "hrhr虫"}, {"uid": "675475523", "content": "武器N"}, {"uid": "1438621749", "content": "从百草园杀到国王宫殿之勇者之心"}, {"uid": "1360829095", "content": "真·芝麻"}, {"uid": "543716952", "content": "马儿腚大"}, {"uid": "1318093767", "content": "电鹿你！"}, {"uid": "662174389", "content": "caocc"}, {"uid": "602377779", "content": "欢  迎"}, {"uid": "602377779", "content": "玛卡巴卡"}, {"uid": "437044062", "content": "真。盲人"}, {"uid": "1872235128", "content": "《睾分》"}, {"uid": "402654691", "content": "BGM是!!!"}, {"uid": "277376892", "content": " 镜中世界是不存在的！"}, {"uid": "687796129", "content": "战术摔倒"}, {"uid": "1879310909", "content": "小丑竟是我自己"}, {"uid": "1065100129", "content": "没有"}, {"uid": "1468570305", "content": "我的眼睛已经瞎了。"}, {"uid": "385438942", "content": "黑布林大李子"}, {"uid": "472338888", "content": "马嘞个**"}, {"uid": "1420072584", "content": "便秘"}, {"uid": "38796920", "content": "快快快"}, {"uid": "694877436", "content": "正片开始"}, {"uid": "630900763", "content": "呀∽！！"}, {"uid": "1369539202", "content": "下次一定"}, {"uid": "1026615218", "content": "正片开始"}, {"uid": "2140116924", "content": "5.6"}, {"uid": "515235195", "content": "这不是maze racing吗"}, {"uid": "580695867", "content": "小母鹿"}, {"uid": "465399754", "content": "海绵宝宝"}, {"uid": "578627605", "content": "呀！哈！"}, {"uid": "668690414", "content": "十个泪目九个笑，还有一个在狂笑"}, {"uid": "545441628", "content": "啊这"}, {"uid": "508404987", "content": "亚马逊杰克森不知道是谁"}, {"uid": "508404987", "content": "心动房唉"}, {"uid": "508404987", "content": "对我叫玛尔吉那"}, {"uid": "508404987", "content": "哎呀真牛逼呀真牛逼"}, {"uid": "508404987", "content": "前方高音"}, {"uid": "1533443808", "content": "正片开始"}, {"uid": "1849162011", "content": "王 楹"}, {"uid": "1140512065", "content": "¿？？v？"}, {"uid": "651001239", "content": "米  国"}, {"uid": "522979741", "content": "肌肉金轮"}, {"uid": "436068331", "content": "正片开始"}, {"uid": "12852979", "content": "海贼王"}, {"uid": "12852979", "content": "没救了"}, {"uid": "12852979", "content": "看完之后，躺板板呀，躺板板，大家一起躺板板~~~"}, {"uid": "12852979", "content": "wryyyyyyyyyy!！！！"}, {"uid": "1824254010", "content": "正片开始"}, {"uid": "1913110293", "content": "前方高能"}, {"uid": "401127242", "content": "芥川。。？？芥川你在干什么，是不是太宰又说了什么"}, {"uid": "698821017", "content": "蹦迪合集"}, {"uid": "1652378784", "content": "既然你这么想的话"}, {"uid": "284308113", "content": "马了顶大"}, {"uid": "298521297", "content": "前面那个黄金监视者 你回来"}, {"uid": "298521297", "content": "辛     巴"}, {"uid": "497078304", "content": "中国暴怒"}, {"uid": "487559302", "content": "草"}, {"uid": "487559302", "content": "Wryyyyyyyyyyyyyyyyyy"}, {"uid": "615844882", "content": "安迪爸爸"}, {"uid": "1405924340", "content": "这就是夜之城吗？"}, {"uid": "662665790", "content": "空降:09:35"}, {"uid": "589853466", "content": "她头发抽抽了"}, {"uid": "591950882", "content": "告诉王马小吉我也一样爱他"}, {"uid": "401172899", "content": "五常表示不服。"}, {"uid": "1063875279", "content": "好臭啊"}, {"uid": "500240357", "content": "明明是个会卤蛋"}, {"uid": "1328487939", "content": "老婆"}, {"uid": "1078133224", "content": "巴掌大的个芝麻"}, {"uid": "631480647", "content": "啊老婆，被你看穿了呢······（什么鬼）"}, {"uid": "1199799099", "content": "没有钥匙 你不应该哭吗 "}, {"uid": "489998442", "content": "本以为是个宝藏up，结果是个高速公鹿"}, {"uid": "1516811168", "content": "告诉邪骨团！我  还.....回得来！！"}, {"uid": "646801691", "content": "《胎教》"}, {"uid": "1469414227", "content": "《实战》"}, {"uid": "686409482", "content": "正片开始"}, {"uid": "1201038948", "content": "雷目"}, {"uid": "185639621", "content": "我的眼睛！"}, {"uid": "185639621", "content": "你想多了，没有"}, {"uid": "695699207", "content": "双厨狂喜！！！！！"}, {"uid": "474901717", "content": "泪目"}, {"uid": "178530949", "content": "这个帽子有点像屁股"}, {"uid": "1078133224", "content": "《芝麻》"}, {"uid": "527496819", "content": "快速变性手术。"}, {"uid": "527496819", "content": "这眼神"}, {"uid": "1220080303", "content": "曹操行为"}, {"uid": "1220080303", "content": "转基因芝麻"}, {"uid": "1542765365", "content": "山东黑布林大李子？？？"}, {"uid": "701686570", "content": "吔"}, {"uid": "490136245", "content": "麻 匪"}, {"uid": "569683298", "content": "正片开始啦！"}, {"uid": "2042917311", "content": "神志不清"}, {"uid": "510648175", "content": "呃臭小孩"}, {"uid": "640433184", "content": "泪目"}, {"uid": "1398234331", "content": "别说了，是人都得废"}, {"uid": "1398234331", "content": "我也看过这部电影，他在我电视上的评分就是7点2分，十分满"}, {"uid": "629348268", "content": "双厨狂喜"}, {"uid": "566965390", "content": "泪目l"}, {"uid": "412504321", "content": "正片开始"}, {"uid": "667368616", "content": "看过"}, {"uid": "349091507", "content": "白内障，看不清，杀普爱思辣眼睛"}, {"uid": "1425330602", "content": "？？！！双厨狂喜"}, {"uid": "690639784", "content": "tt"}, {"uid": "2074789847", "content": "正片开始"}, {"uid": "485581878", "content": "好的马了顶大"}, {"uid": "454466951", "content": "绝望影片"}, {"uid": "651605435", "content": "敌我之间分不清"}, {"uid": "1802129027", "content": "你很勇哦 "}, {"uid": "531420814", "content": "我就不信他会信"}, {"uid": "1642645345", "content": "搞♂坏"}, {"uid": "492904739", "content": "好大的芝麻"}, {"uid": "2079905321", "content": "野火烧不尽，春风吹又生"}, {"uid": "675716663", "content": "我干的,有事找我"}, {"uid": "509403975", "content": "2倍速新世界"}, {"uid": "30006105", "content": "《芝      麻》"}, {"uid": "1066462959", "content": "王的发！！！"}, {"uid": "627175712", "content": "告诉蕾姆我还爱她"}, {"uid": "615844882", "content": "那旁边为什么会有一个草泥马王国？"}, {"uid": "90820582", "content": "那不客气了嘿嘿嘿"}, {"uid": "2132467967", "content": "来和妲己玩耍吧"}, {"uid": "2132467967", "content": "睾分"}, {"uid": "437689239", "content": "草"}, {"uid": "699954036", "content": "从百草园杀到北冰洋"}, {"uid": "699111581", "content": "这比样还能当国王"}, {"uid": "627020460", "content": "当场去世"}, {"uid": "638247207", "content": "坎特伯雷【doge】"}, {"uid": "603235143", "content": "芝麻预警"}, {"uid": "255236099", "content": "不是你自己想更新的吗？"}, {"uid": "603235143", "content": "没人看到就抱走电鹿了"}, {"uid": "1650596641", "content": "小丑竟是我自己！"}, {"uid": "1083758684", "content": "决 斗 迪 亚 哥"}, {"uid": "1083758684", "content": "迪 亚 哥 『骇 人 巨 兽』"}, {"uid": "883856211", "content": "干得漂亮"}, {"uid": "883856211", "content": "oh my god！"}, {"uid": "1606514029", "content": "泪目"}, {"uid": "409619891", "content": "敌我之间分不清"}, {"uid": "4400492", "content": "绝了"}, {"uid": "643186240", "content": "盖亚"}, {"uid": "1061682888", "content": "我昨天捡到了冥币，应该是TA们甩出去的。"}, {"uid": "652425578", "content": "融合"}, {"uid": "602258110", "content": "我心中有1万只草泥马奔腾而过"}, {"uid": "602258110", "content": "我已经眼睛瞎了"}, {"uid": "536383300", "content": "SCP---173"}, {"uid": "689357776", "content": "找海猫络合物关我钟祺翔什么事"}, {"uid": "1549190221", "content": "王之印记"}, {"uid": "526515521", "content": "吃席"}, {"uid": "702157939", "content": "穿模啦"}, {"uid": "1951428706", "content": "啊呀好好吃啊！"}, {"uid": "161149172", "content": "一书丈目"}, {"uid": "1885891827", "content": "白内障，看不清，8848当眼睛"}, {"uid": "1854788790", "content": "回收开头"}, {"uid": "689857820", "content": "车厘子的果核"}, {"uid": "660974060", "content": "我看你有眼癌"}, {"uid": "71860490", "content": "?????？开车呀？"}, {"uid": "71860490", "content": "你放屁"}, {"uid": "1536926524", "content": "缺了帽子"}, {"uid": "1536926524", "content": "mc化"}, {"uid": "496909074", "content": "泪目"}, {"uid": "33890084", "content": "前方"}, {"uid": "589052406", "content": "我的眼睛爆掉了"}, {"uid": "628242823", "content": "套"}, {"uid": "512157930", "content": "泪目"}, {"uid": "578109154", "content": "武则天"}, {"uid": "91421629", "content": "hhhhhhhhhhhhh"}, {"uid": "73680468", "content": "啊，这"}, {"uid": "7637082", "content": "wryyyyyyyy"}, {"uid": "33911752", "content": "哇"}, {"uid": "1556168384", "content": "这不是条葱吗"}, {"uid": "500643045", "content": "『Man In The  Mirror』!"}, {"uid": "359929453", "content": "泪目"}, {"uid": "8913562", "content": "耶"}, {"uid": "440461836", "content": "啊啊啊啊CCC"}, {"uid": "513031608", "content": "玩mc"}, {"uid": "1743131279", "content": "哇哇"}, {"uid": "397143359", "content": "我囸"}, {"uid": "1879310909", "content": "小龙虾"}, {"uid": "694065249", "content": "抑  智  电   影"}, {"uid": "475433388", "content": "“三个月都没做过”“满足我们”？？？？？？"}, {"uid": "310836065", "content": "泪，空裂眼刺惊了出来"}, {"uid": "689748689", "content": "泪目"}, {"uid": "689748689", "content": "？？？？？"}, {"uid": "689748689", "content": "c"}, {"uid": "689748689", "content": "V"}, {"uid": "1161420915", "content": "黑蒜"}, {"uid": "38796920", "content": "有人吗"}, {"uid": "700973693", "content": "正片开始"}, {"uid": "700973693", "content": "｛芝麻｝"}, {"uid": "566578473", "content": "雷姆"}, {"uid": "1796865476", "content": "草"}, {"uid": "434752957", "content": "那个说头巾的是不是雷狮？"}, {"uid": "8311655", "content": "活塞"}, {"uid": "435443450", "content": "我给你看看好康的      眼睛"}, {"uid": "1614829049", "content": "正片开始！"}, {"uid": "515235195", "content": "合体！"}, {"uid": "1021306030", "content": "哈哈哈哈"}, {"uid": "1578929356", "content": "难道这就是你说分手的借口？如果让你重新爱我，你会不会爱我。"}, {"uid": "671297491", "content": "马了顶大"}, {"uid": "525151775", "content": "？？"}, {"uid": "1020777828", "content": "@某幻君"}, {"uid": "1557285073", "content": "告诉小魂我还爱他"}, {"uid": "1666994217", "content": "SCP已介入调查"}, {"uid": "508404987", "content": "这"}, {"uid": "508404987", "content": "？？？"}, {"uid": "508404987", "content": "这是自己进去的好吗"}, {"uid": "508404987", "content": "傻逼附体"}, {"uid": "508404987", "content": "呆头呆脑笨头笨脑傻里傻鸡不知是谁"}, {"uid": "402293977", "content": "wwwwwwwwwwwwwwwwwww"}, {"uid": "573409746", "content": "我咋变色了"}, {"uid": "508404987", "content": "长的有点像那个粑粑"}, {"uid": "508404987", "content": "我想把你吃了"}, {"uid": "508404987", "content": "你叫马云"}, {"uid": "508404987", "content": "羊坨粑粑"}, {"uid": "508404987", "content": "他是不是被绿了"}, {"uid": "508404987", "content": "怎么掉了？"}, {"uid": "508404987", "content": "我是你爹"}, {"uid": "516605384", "content": "cf？"}, {"uid": "1593580675", "content": "正片开始"}, {"uid": "666883116", "content": "告诉白鸟我还爱他"}, {"uid": "1227093469", "content": "太草了。"}, {"uid": "441228006", "content": "这他喵的不是小粉吗"}, {"uid": "1593580675", "content": "oh,that good"}, {"uid": "12852979", "content": "最瀛麇，最敷繇，最镞鬼的 *尼玛王子"}, {"uid": "12852979", "content": "搞坏掉♂"}, {"uid": "785320681", "content": "牺牲我们致癌的眼睛"}, {"uid": "1443401469", "content": "危险"}, {"uid": "1495015679", "content": "wryyyyyyyyyyyyyyyyyy"}, {"uid": "1452439500", "content": "告诉王马小吉我还爱他"}, {"uid": "715188084", "content": "告诉电鹿，我还爱他"}, {"uid": "715188084", "content": "正片开始"}, {"uid": "513044752", "content": "哇大哥你这眼睛是真瞎"}, {"uid": "1223688853", "content": "xswl"}, {"uid": "687575281", "content": "泪目"}, {"uid": "518811824", "content": "泪目了"}, {"uid": "425731972", "content": "草草草草草草草草草草c"}, {"uid": "1975780738", "content": "？"}, {"uid": "519260835", "content": "草"}, {"uid": "1249472130", "content": "泪目"}, {"uid": "592326197", "content": "《 F A L L  G U Y S》"}, {"uid": "497078304", "content": "下次丕定"}, {"uid": "560215253", "content": "正片开始"}, {"uid": "491811818", "content": "正片开始"}, {"uid": "1309458555", "content": "我去"}, {"uid": "1505862443", "content": "伞兵一号卢本伟准备就绪！"}, {"uid": "1293069966", "content": "我好像看过2分钟这个片子。"}, {"uid": "513581554", "content": "中二鹿"}, {"uid": "690183207", "content": "还有强行升华是吗"}, {"uid": "283777478", "content": "泪目"}, {"uid": "1129245479", "content": "我"}, {"uid": "1328487939", "content": "草泥马"}, {"uid": "694511573", "content": "草泥马王子"}, {"uid": "1039061279", "content": "拿我不客气了，嘿嘿嘿~"}, {"uid": "631643763", "content": "泪目"}, {"uid": "455995382", "content": "草"}, {"uid": "1364925780", "content": "睾分"}, {"uid": "319889998", "content": "\\]]]]]]]]"}, {"uid": "185639621", "content": "白内障看不清"}, {"uid": "185639621", "content": "被核废水哺育的芝麻"}, {"uid": "388955740", "content": "你以为你是塞尔达吗"}, {"uid": "544466256", "content": "zheng'p"}, {"uid": "544466256", "content": "爪吧"}, {"uid": "662397406", "content": "backone"}, {"uid": "474901717", "content": "分手快樂"}, {"uid": "165821052", "content": "绯红之王！！！！！！"}, {"uid": "539928280", "content": "nb"}, {"uid": "400148663", "content": "哦哦"}, {"uid": "527496819", "content": "逐渐黄色"}, {"uid": "483160794", "content": "好像一群神精病呀"}, {"uid": "569683298", "content": "没改变的，好好笑，我笑得我从坐下到跪下。"}, {"uid": "247683553", "content": "告诉芥川我还爱他"}, {"uid": "2042917311", "content": "泪目"}, {"uid": "499796516", "content": "告诉ink我很好"}, {"uid": "640666193", "content": "前面的，七创社好像不算太刀吧"}, {"uid": "769978732", "content": "可惜我不是女的"}, {"uid": "363505401", "content": "我还是白色吧？"}, {"uid": "645541553", "content": "正片开始"}, {"uid": "452226793", "content": "告诉草薙京我还爱他！"}, {"uid": "565568579", "content": "????????"}, {"uid": "511461383", "content": "辛巴"}, {"uid": "650266018", "content": "告诉killer我还爱他"}, {"uid": "436629046", "content": "武器A"}, {"uid": "436629046", "content": "10492的精神续作"}, {"uid": "71706783", "content": "打不赢的敌人就是朋友"}, {"uid": "694379533", "content": "我直接眼癌晚期"}, {"uid": "606347241", "content": "呀啊啊啊啊啊啊"}, {"uid": "549380515", "content": "告诉安迷修和雷狮我还爱他们(ಥ_ಥ)"}, {"uid": "1483435177", "content": "泪目"}, {"uid": "450954949", "content": "告诉格瑞我会一直爱他——————"}, {"uid": "621632735", "content": "大表哥；我********"}, {"uid": "486341357", "content": "草草草草草草草草草草草"}, {"uid": "486341357", "content": "攻鹿"}, {"uid": "1208154320", "content": "泪目。"}, {"uid": "395947059", "content": "正片开始"}, {"uid": "347841277", "content": "下面那个说邪骨团的，邪骨团是我的"}, {"uid": "787434502", "content": "眼 癌"}, {"uid": "787434502", "content": "你ki你ca"}, {"uid": "2074789847", "content": "你属狗吗"}, {"uid": "662621473", "content": "阴间"}, {"uid": "662621473", "content": "已经已经比迷你世界高了"}, {"uid": "475066313", "content": "告诉雷狮我还爱他"}, {"uid": "1847356762", "content": "编继续编 "}, {"uid": "512875635", "content": "套个什么？"}, {"uid": "1212411383", "content": "这什么玩意啊啊啊"}, {"uid": "1019890810", "content": "双厨狂喜"}, {"uid": "485078399", "content": "《人  间  迷  惑  行  为》"}, {"uid": "350986404", "content": "牛逼哄哄的能量瓶小伙创骑大聪明"}, {"uid": "1319836270", "content": "芝  麻  风  评  被  害 "}, {"uid": "526290553", "content": "告诉拉普兰德我还爱她"}, {"uid": "437073744", "content": "你追我，如果你追到我，我就和电鹿嘿嘿嘿（滑稽）"}, {"uid": "3527689", "content": "马了顶大"}, {"uid": "234277856", "content": "笑爆了"}, {"uid": "1975584141", "content": "我就是最磕碜，最贫穷，最＊＊的草泥马王子"}, {"uid": "522858765", "content": "告诉mono、妙脆角、妙老大、six、Sans、fill、蓝莓、ink、潮流、黑暗欺骗、罗小黑、我的世界……我还爱他"}, {"uid": "1704444109", "content": "wow"}, {"uid": "636445398", "content": "艺术可以接地气，但不能直接地府"}, {"uid": "500643045", "content": "镜  中  世  界  是  不  存  在  的"}, {"uid": "455372329", "content": "草"}, {"uid": "635812947", "content": "告诉伏黑惠我下辈子还娶他"}, {"uid": "1606514029", "content": "哈"}, {"uid": "2124132746", "content": "眼瞎中瞎中瞎。"}, {"uid": "92295934", "content": "超级 可 爱"}, {"uid": "92295934", "content": "阿拉伯语细节"}, {"uid": "483728604", "content": "咳咳咳……这么主动的吗今天……"}, {"uid": "676175208", "content": "某幻莫名被que"}, {"uid": "458125596", "content": "妈，不是你想的那样，，，，啊，妈，别打"}, {"uid": "481305161", "content": "告诉嘉德罗斯我还爱他"}, {"uid": "1471889495", "content": "绝望影片啊这是"}, {"uid": "2078427930", "content": "哇5.4万"}, {"uid": "630560028", "content": "王者之心，我他妈听错了，不过我在思考这个王心有什么关系"}, {"uid": "96343567", "content": "阿巴阿巴阿巴阿巴阿巴阿巴"}, {"uid": "237772318", "content": "啊？"}, {"uid": "489045578", "content": "wryyyyyyyyyyyyyyyyyyyyyyyyyyyyyyyyy"}, {"uid": "651191039", "content": "怎么还没史？"}, {"uid": "524570356", "content": "草泥马王子"}, {"uid": "696709339", "content": "单厨狂喜（指ut）（决心红）"}, {"uid": "2386373", "content": "你不会下风灵月影么"}, {"uid": "455509465", "content": "告诉dream我还爱他"}, {"uid": "598726878", "content": "我大哥的品行像一盏明灯指引着我前进的方向"}, {"uid": "522216802", "content": "你们找B站关我bilbil什么事？"}, {"uid": "378973403", "content": "15世纪中叶nm阿拉伯帝国早就灭亡了"}, {"uid": "266654097", "content": "不  能  让  我  一  个  人  受  苦"}, {"uid": "1019279494", "content": "阿里爸爸"}, {"uid": "1437721846", "content": "等等！告诉安迷修我爱他！！！"}, {"uid": "165560041", "content": "说双厨的你们到底都厨了些什么？"}, {"uid": "701818875", "content": "这不羊屎蛋吗？"}, {"uid": "476177042", "content": "岛原地狱绘卷"}, {"uid": "43282388", "content": "上单鳄鱼被黑的最惨一次"}, {"uid": "43282388", "content": "性癖有反应了"}, {"uid": "521321433", "content": "双厨的，你们厨了个啥啊"}, {"uid": "425997221", "content": "无知之眼"}, {"uid": "32560573", "content": "《没用12》"}, {"uid": "675475523", "content": "scp682"}, {"uid": "596423557", "content": "罪木看了直呼内行"}, {"uid": "500643045", "content": "分了吧赶紧的"}, {"uid": "588782957", "content": "这tm是女的？"}, {"uid": "662633518", "content": "我尼玛好像看过"}, {"uid": "697691829", "content": "一叶障目 "}, {"uid": "535156210", "content": "傻孩子们！跑啊！白嫖他！！！"}, {"uid": "452714654", "content": "不打架就没得活"}, {"uid": "519308553", "content": "《  你  看  到  公  主  了  吗  》"}, {"uid": "357248778", "content": "三  个  月  没 做  过"}, {"uid": "430701292", "content": "《糖 豆 人》"}, {"uid": "441932293", "content": "强  行  升  华  时  间"}, {"uid": "441932293", "content": "烧  糊  长  草  的  育  碧"}, {"uid": "160801612", "content": "《满足我们》"}, {"uid": "402226550", "content": "黑 白 无 常 诱 捕 器"}, {"uid": "565362324", "content": " 路 易 十 六"}, {"uid": "565362324", "content": "俄罗斯：让你尝尝放空导弹"}, {"uid": "565362324", "content": "中国：你说什么"}, {"uid": "406046738", "content": "《走一步，再走一步》"}, {"uid": "498059148", "content": "草泥马王子"}, {"uid": "2136071855", "content": "突然发现我好像很久之前看过诶！？"}, {"uid": "1714958568", "content": "小一一一一一一一红一一一一一一一"}, {"uid": "525151775", "content": "？？？？？？？？？？？？？？？？"}, {"uid": "1689449620", "content": "？？？？？？？？？？？？？？？？？？？？？？？？？？？？？？？？？？？？？？？？？？？"}, {"uid": "508404987", "content": "正    片    开    始"}, {"uid": "501475724", "content": "小——————红——————————"}, {"uid": "651001239", "content": "《马   儿   **   呢》"}, {"uid": "1047837360", "content": "大----------表----------哥----------"}, {"uid": "693234892", "content": "小红！！！！！！！！！！！！！！！！！！！！！！！！！！！！！！！！！！！！！！！！！！！！"}, {"uid": "12852979", "content": "咿呀♂♂♂♂♂♂♂！！！！！！！！！！！！！！！"}, {"uid": "147183528", "content": "？？？？？？？？？？？？？？？？？？？？？？？？？？？？？？？？？？？"}, {"uid": "1258805432", "content": "告诉chara我还哎它，顺便告诉教主和苗儿我还追弹丸论破3绝网篇和希望篇还有我弹丸论破追完了等着弹丸论破4（？）"}, {"uid": "425731972", "content": "草草草草草草草草草草草草草草草草草草草草草草草草草草草草草草草草草草草草草草草草草草草草"}, {"uid": "615844882", "content": "吔———————————————————————————————————"}, {"uid": "1505862443", "content": "不---------------！小--------------红----------------！"}, {"uid": "1446827373", "content": "告诉ruv,我爱他"}, {"uid": "631480647", "content": "这位网友是芥敦党么······"}, {"uid": "669656049", "content": "？？？？？？？？？？？？？？？？？？？？？？？"}, {"uid": "1516811168", "content": "告诉dreamtaie我还爱他！！！告诉雷狮我还爱他"}, {"uid": "642906704", "content": "你们别刷泪目呀，这是致癌动画，你们还觉得这很感人是吗？"}, {"uid": "519097649", "content": "英               俊"}, {"uid": "1089070351", "content": "《三   国    演   义》"}, {"uid": "694511573", "content": "阿     噫    芭    芭    沓    倒    泣    病"}, {"uid": "402733985", "content": "告诉斯佩我还爱她……………………………………………………"}, {"uid": "481037869", "content": "啊啊啊啊啊啊啊啊啊啊啊啊啊啊，我的眼瞎了！！！！！"}, {"uid": "571145073", "content": "待--------卫-------长"}, {"uid": "1848563828", "content": "真             T         M              高"}, {"uid": "129092932", "content": "镜          镜          果          实          能          力          者"}, {"uid": "129092932", "content": "路飞：我******************"}, {"uid": "413149276", "content": "小—————————红—————————"}, {"uid": "393290868", "content": "你不要过来啊！！！！！！！！！！！！！"}, {"uid": "547513866", "content": "？？？？？？？？？？？？？？？？？？？？？？？？？？？？？？？？？？？？？？？？？？？？？？？？？？？？？？？？？？？、、"}, {"uid": "510531205", "content": "小---------------------------------红-----------------------------------------------------------------"}, {"uid": "904137503", "content": "《          高          速          公          鹿          》"}, {"uid": "437073744", "content": "不是电鹿妳不也是母鹿吗？妳怎么让隔壁的母鹿......这背后的故事一定很精彩"}, {"uid": "647858633", "content": "？？？？？？？？？？？？？？？？？？？？？？？？？？？？？！？？？？？？？？？？？？？"}, {"uid": "696318842", "content": "亡      者            之          心"}, {"uid": "1083758684", "content": "隐   者   之   紫？？？"}, {"uid": "661806814", "content": "        高        速        公        鹿"}, {"uid": "1088606208", "content": "假面騎士龍騎"}, {"uid": "508434183", "content": "M A D E   I N   I N D I A"}, {"uid": "2020162816", "content": "你是什么意思？？？？？"}, {"uid": "631099413", "content": "迷    你    世    界    四    周    年    皮    肤"}, {"uid": "1026441693", "content": "吔吔吔吔吔吔吔吔吔吔吔吔吔吔吔吔吔吔吔吔吔吔吔吔吔吔吔吔吔吔吔吔吔吔吔吔吔吔吔吔吔吔吔吔吔吔吔吔吔——————————————————————————————————————————————————"}, {"uid": "483212277", "content": "草草草草草草草草草草草草草草草草草草草草草草草草草草草草草草草草草草草草"}, {"uid": "524651549", "content": "小———————————————红———————————！"}, {"uid": "564749789", "content": "勇闯无人区"}, {"uid": "2134871125", "content": "泪目，泪目，泪目，泪目，泪目泪目，泪目，泪目，泪目，泪目，泪目，泪目，泪目，泪目，泪目，泪目，泪目。"}, {"uid": "438582821", "content": "哲♂学"}, {"uid": "1219863981", "content": "套          个           套"}, {"uid": "400325264", "content": "黑   布   林   大   李   子"}, {"uid": "693621040", "content": "托     马     斯     小      灵      车"}, {"uid": "379486946", "content": "《 走 一 步 ，再 走 一 步 》"}, {"uid": "565362324", "content": "日本：日漫听说过吗"}]