[{"uid": "824996925", "content": "你怕杀虫剂吗？"}, {"uid": "477142498", "content": "逐渐中二"}, {"uid": "523597422", "content": "过了好几个月了算了已经发霉了"}, {"uid": "37406662", "content": "波塞冬：你在看不起我海啸？"}, {"uid": "630015552", "content": "同类相食的玛君龙"}, {"uid": "719256454", "content": " 又疯一个。"}, {"uid": "1483905836", "content": "岩浆：？？？"}, {"uid": "1483905836", "content": "节肢杀手C"}, {"uid": "515218896", "content": "兄弟们在电鹿的视频里要用黄色的字体"}, {"uid": "635579278", "content": "()醒醒你是块电路板（doge）"}, {"uid": "1406262681", "content": "危"}, {"uid": "362146295", "content": "经费爆炸"}, {"uid": "2013909024", "content": "《巨兽》"}, {"uid": "824996925", "content": "直到遇见了穿山甲"}, {"uid": "394088053", "content": "中二"}, {"uid": "1937754445", "content": "长角鲨皇？"}, {"uid": "670736281", "content": "BGM好评"}, {"uid": "266477411", "content": "."}, {"uid": "2013909024", "content": "鸽鸽鸽"}, {"uid": "12852979", "content": "？"}, {"uid": "548888739", "content": "傻狍子你干啥(눈_눈)是个中二病了吗"}, {"uid": "522812553", "content": "中二"}, {"uid": "627404130", "content": "超星学习"}, {"uid": "212739207", "content": "...."}, {"uid": "547513866", "content": "？？？？？？？？？？？？？？？？？？？？？？？？？？？？？？？？？？？？？？？？？？？？？？？？？？？？？？？？？？？？？？？？"}, {"uid": "1277340748", "content": "世界属于三体。"}, {"uid": "1277340748", "content": "重度中二病患者申请出战。"}, {"uid": "528767974", "content": "《 银 河 帝 国 》"}, {"uid": "477252646", "content": "哈哈哈哈哈哈哈哈"}, {"uid": "480485746", "content": "完蛋，又疯一个"}, {"uid": "531420814", "content": "几个月了不能吃了扔了都腐烂了"}, {"uid": "622568620", "content": "最后，它们创造了曹县。（"}, {"uid": "584600755", "content": "《中二路》"}, {"uid": "584600755", "content": "《中二鹿》"}, {"uid": "567890715", "content": "中二鹿"}, {"uid": "578627605", "content": "鹿哥中二病已经开始！"}, {"uid": "578627605", "content": "大夫，啥？现在？哦。"}, {"uid": "587437742", "content": "巨受"}, {"uid": "522209441", "content": "卖杀虫剂了，五块钱一瓶"}, {"uid": "1237249987", "content": "別中二了"}, {"uid": "2049738828", "content": "这个杀虫子和一盆水。"}, {"uid": "2049738828", "content": "一个杀虫剂或者一盆水。"}, {"uid": "646433788", "content": "如果你把它写成作文，老师把你请到精神病院狍子该不负责"}, {"uid": "1271416002", "content": "傻狍子老中二病了"}, {"uid": "404370751", "content": "哈哈哈哈哈哈"}, {"uid": "2040175963", "content": "中二小鹿"}, {"uid": "602258110", "content": "这不比博人传燃"}, {"uid": "602258110", "content": "狍子该吃药了"}, {"uid": "602258110", "content": "三体竟在我身边"}, {"uid": "400403684", "content": "密集恐惧症的当场去世"}, {"uid": "603984241", "content": "欢迎收看《中二世界》"}, {"uid": "497600313", "content": "林克，红月了，刷人马了"}, {"uid": "33634541", "content": "哈哈哈哈"}, {"uid": "523816505", "content": "草（一种植物）"}, {"uid": "355817549", "content": "燃起来了嗷"}, {"uid": "23679735", "content": "起！灌铝水"}, {"uid": "1886576707", "content": "敬虫子"}, {"uid": "669682556", "content": "带制作"}, {"uid": "1412332148", "content": "傻狍子被我玩坏掉了……"}, {"uid": "696015769", "content": "火焰喷射器：？？？"}, {"uid": "552381567", "content": "-太平洋视频-"}, {"uid": "552381567", "content": "太平洋视频"}, {"uid": "668277381", "content": "‘对冲宇宙’or‘逃离宇宙’"}, {"uid": "519532250", "content": "3鹅鹅鹅鹅鹅鹅"}, {"uid": "495633852", "content": "比博燃!"}, {"uid": "651223720", "content": "爱因斯坦：你想的美！你咋不上天呢"}, {"uid": "651223720", "content": "《一  维  生  物》"}, {"uid": "651223720", "content": "欢迎收看《科学动物园》"}, {"uid": "470349113", "content": "好尬"}, {"uid": "470349113", "content": "？中二"}, {"uid": "1407254743", "content": "卡        兹"}, {"uid": "1228784709", "content": "这句不要最好"}, {"uid": "553901886", "content": "超星？什么超星，困28大舅超星吗？没有？还不快去刷魂土，还看视频。（doge）"}, {"uid": "521252942", "content": "傻狍子该吃药了"}, {"uid": "694671186", "content": "密集恐惧症"}, {"uid": "514666084", "content": "小鹿，你变短了"}, {"uid": "420919190", "content": "嗯?"}, {"uid": "93704537", "content": "？"}, {"uid": "528767974", "content": "《超 新 星 纪 元》"}, {"uid": "396640178", "content": "完了完了完了，这孩子废了"}, {"uid": "1068415213", "content": "犯病了"}, {"uid": "2080268598", "content": "尿可以"}, {"uid": "6525602", "content": "？？？？？？？？？？？？？？？？？？？？？？？？？？？？？？？？？？！？？？？？？？？？？？？？？？？？？？？？？？？？？？？"}, {"uid": "646994056", "content": "不愧是中二鹿"}, {"uid": "13751888", "content": "。。。"}, {"uid": "423860020", "content": "这浓浓的中二病的味道"}, {"uid": "1046073524", "content": "蚂蚁朋克2077"}, {"uid": "341087535", "content": "中二鹿"}, {"uid": "584069244", "content": "养蚁人狂喜"}, {"uid": "42858870", "content": "他没救了"}, {"uid": "1880285443", "content": "再来亿遍。"}, {"uid": "620544234", "content": "不给三连了"}, {"uid": "600016438", "content": "中二鹿"}, {"uid": "395117948", "content": "《白垩纪往事》"}, {"uid": "521413939", "content": "已经开始尴尬了"}, {"uid": "1173321997", "content": "好黑啊。"}, {"uid": "1946396417", "content": "中二鹿j(   ･᷅ὢ･᷄ )"}, {"uid": "268595833", "content": "这不比博人转燃？"}, {"uid": "268595833", "content": "中二病又犯了"}, {"uid": "475334477", "content": "靠，我觉得挺帅的，"}, {"uid": "413183902", "content": "鹿 哥 发 疯"}, {"uid": "667346992", "content": "杀虫剂：？？？？"}, {"uid": "667346992", "content": "杀虫剂：？？？？"}, {"uid": "341121874", "content": "中二啊"}, {"uid": "1441690082", "content": "大夫该吃药了"}, {"uid": "1441690082", "content": "中二傻狍子"}, {"uid": "504988011", "content": "这鹿疯了，不如我们hhh"}, {"uid": "2083828857", "content": "这难道没有博人传人吗？？？？？？？？？？？？？？？？？？？？？？？？？？？？？？？？？？？？？？？"}, {"uid": "600472803", "content": "刘慈欣粉+1"}, {"uid": "495802405", "content": "我真是hian到不行 "}, {"uid": "590131563", "content": "5号床的那只鹿，诶诶，该吃药了！"}, {"uid": "393008013", "content": "可以去看看我的视频，不仅白嫖，还有修改器​"}, {"uid": "522874412", "content": "中    二    程    度    无    极    限"}, {"uid": "516865529", "content": "哈哈哈哈哈哈哈哈"}, {"uid": "724105895", "content": "对不起我老婆磕错药了"}, {"uid": "515883778", "content": "《人与吞食者》别走"}, {"uid": "526385472", "content": "mdzz"}, {"uid": "620840539", "content": "一脚下去 ……"}, {"uid": "1855298868", "content": "尬"}, {"uid": "594520951", "content": "我们是虫子一群要灭绝的虫子。"}, {"uid": "409738070", "content": "燃起来了燃起来了"}, {"uid": "442654506", "content": "你好短啊"}, {"uid": "514790703", "content": "别他妈发底端弹幕！操！"}, {"uid": "668226863", "content": "这不比博人传燃？"}, {"uid": "698639815", "content": "比博燃"}, {"uid": "379081202", "content": "《白垩纪往事》？？？"}, {"uid": "416007510", "content": "古龙与人马安葬在口气的利刃之下"}, {"uid": "651358399", "content": "这原本是应该在人类口中说出来的"}, {"uid": "471210011", "content": "“我们终将抵达宇宙的最中心”这一句声音好好听的"}, {"uid": "617377615", "content": "他开始发出奇怪的声音来了"}, {"uid": "26320637", "content": "反物质铁好评"}, {"uid": "502086456", "content": "你好短"}, {"uid": "551978209", "content": "用杀虫剂轻松解决"}, {"uid": "551978209", "content": "用杀虫剂轻松解决"}, {"uid": "551978209", "content": "用杀虫剂轻松解决"}, {"uid": "499961110", "content": "哈哈哈哈哈哈哈哈哈哈哈哈哈哈哈哈哈哈哈哈哈哈哈哈哈哈哈哈哈哈哈哈哈哈哈哈哈哈哈哈哈哈哈哈哈哈哈哈哈哈哈哈哈哈哈哈哈哈哈哈哈哈哈哈哈哈哈哈哈哈哈哈哈哈哈哈哈哈哈哈哈哈哈哈哈哈哈哈哈哈哈哈哈哈哈哈哈哈哈哈"}, {"uid": "1017757571", "content": "草草草草草草草草草草草擦擦擦"}, {"uid": "512157930", "content": "硬水"}, {"uid": "592033552", "content": "老婆短到1了。。。"}, {"uid": "592033552", "content": "密恐：wdnmd"}, {"uid": "699675827", "content": "唐三：wdnmd"}, {"uid": "510764785", "content": "？?？"}, {"uid": "644114846", "content": "现在还有救，别放弃治疗。来人绑了去医院"}, {"uid": "644114846", "content": "鹿哥，听话我明天带你去医院"}, {"uid": "522250193", "content": "完了，又中二一个"}, {"uid": "133006483", "content": "BGM:odysee"}, {"uid": "475062367", "content": "bgM是什么"}, {"uid": "544421269", "content": "密恐的我直接裂开"}, {"uid": "544421269", "content": "ccccccccc"}, {"uid": "470974616", "content": "你成功的水了一期视频"}, {"uid": "476241789", "content": "快更新"}, {"uid": "476241789", "content": "快更新"}, {"uid": "476241789", "content": "快更新"}, {"uid": "511142466", "content": "️️️️️️️️​"}, {"uid": "511142466", "content": "️️️️️️️️​"}, {"uid": "624189411", "content": "举报三连点了（投诉、举报、黑名单）"}, {"uid": "1587364161", "content": "中二鹿又双叒叕犯病了"}, {"uid": "660389709", "content": "下饭"}, {"uid": "94593903", "content": "中二鹿！"}, {"uid": "635906142", "content": "草"}, {"uid": "287083710", "content": "？？？？？？？？？？？？？？？？？？？？？？？？？？？？？？？？？？？？？？？？？？？？？？？？"}, {"uid": "451925641", "content": "燃nm 草起来了"}, {"uid": "386496664", "content": "乱元纪？？？？"}, {"uid": "497061211", "content": "害怕"}, {"uid": "197430027", "content": "鹿哥鹿哥我好久没见你了"}, {"uid": "620318808", "content": "来了"}, {"uid": "661903323", "content": "没救了 "}, {"uid": "502353933", "content": "这不比博人传燃"}, {"uid": "271971111", "content": "霍金他站起来了！他不是一个人在战斗，而是一群人在战斗！"}, {"uid": "1349167911", "content": "你币有了"}, {"uid": "1309445868", "content": "阴灵"}, {"uid": "526049888", "content": "芯片坏了"}, {"uid": "1206700578", "content": "害了害了老婆的芯片坏了"}, {"uid": "479978211", "content": "凉了"}, {"uid": "1996080230", "content": "亲，咱是不是该吃点药了"}, {"uid": "385501178", "content": "再来亿遍"}, {"uid": "616628967", "content": "博人传是治愈的动漫"}, {"uid": "700691516", "content": "中二万岁！"}, {"uid": "517001507", "content": "这不比博人传燃？"}, {"uid": "674256544", "content": "讲个鬼故事：看进度条"}, {"uid": "819136533", "content": "靠，"}, {"uid": "424764243", "content": "hhhhhhhhhhhhhhhhhh"}, {"uid": "424764243", "content": "我猜up主会后悔的"}, {"uid": "927891796", "content": "中二鹿作妖时间"}, {"uid": "505465050", "content": "比博燃"}, {"uid": "76742121", "content": "这不比博人传燃？"}, {"uid": "526945475", "content": "TD-31-970254:CPU+自主意识处理器报废"}, {"uid": "1474341734", "content": "比博燃"}, {"uid": "500402298", "content": "老婆爱了爱了 "}, {"uid": "406925396", "content": "好中二啊"}, {"uid": "1510354634", "content": "这个鹿中二了 不如我们烤了吧"}, {"uid": "303178441", "content": "全 职 猎 人"}, {"uid": "145610537", "content": "说没看懂啥意思的 意思就是傻狍子该吃药啦"}, {"uid": "581794140", "content": "患者TD-31-970254, 请到药房去药"}, {"uid": "701306598", "content": "又中二了"}, {"uid": "599231618", "content": "鹿哥你嗓子没事吧"}, {"uid": "499312292", "content": "中二鹿"}, {"uid": "1407233266", "content": "吔黑洞啦"}, {"uid": "628954793", "content": "《     人     与     吞     食     者     》"}, {"uid": "648420069", "content": "比博燃"}, {"uid": "648420069", "content": "?"}, {"uid": "437866655", "content": "？？？？？？？？？？？？？？？？？？？？"}, {"uid": "503071672", "content": "害怕"}, {"uid": "604613622", "content": "《中二鹿》"}, {"uid": "502844467", "content": "比博燃"}, {"uid": "581794140", "content": "患者TD-31-970254, 请到药房去药"}, {"uid": "608950157", "content": "吃药了吗？（滑稽）"}, {"uid": "502639855", "content": "说实话，我喜欢这首歌。"}, {"uid": "502639855", "content": "完了，傻狍子的芯片坏了"}, {"uid": "502639855", "content": "断路最短的一课。"}, {"uid": "584687965", "content": "喂！那边那个编号TD-31-970254的病人，该吃药了。"}, {"uid": "644114846", "content": "我要丢了这只鹿，太中二了"}, {"uid": "644114846", "content": "这只鹿不能要了"}, {"uid": "1720516225", "content": "我们终将抵达宇宙的最中心"}, {"uid": "1720516225", "content": "123发射"}, {"uid": "1720516225", "content": "发射"}, {"uid": "1107309386", "content": "Hggvg"}, {"uid": "496432662", "content": "BGM∶Odysee   中间那段"}, {"uid": "630495669", "content": "二百五"}, {"uid": "651843844", "content": "2077"}, {"uid": "438532886", "content": "nb"}, {"uid": "38023763", "content": "白垩纪往事"}, {"uid": "573807831", "content": "欢迎收看《探索•发现》"}, {"uid": "1182174918", "content": "请大量装备杀虫剂。"}, {"uid": "1182174918", "content": "怎么最后你想表达什么吗？我们拿个杀虫剂就给你杀啦。"}, {"uid": "694700180", "content": "密集恐惧症"}, {"uid": "494568511", "content": "塞北朋克2011"}, {"uid": "1246267472", "content": "赛博朋克"}, {"uid": "427483218", "content": "虫子从来都没有被真正的战胜过！"}, {"uid": "630346825", "content": "额"}, {"uid": "630346825", "content": "。。。"}, {"uid": "116335250", "content": "密恐阵亡"}, {"uid": "2046222420", "content": "劝电鹿去吃药（修复电路脑）"}, {"uid": "2046222420", "content": "我想问一下呀一起看毛毛的动物的世界那个什么时候更新"}, {"uid": "1471749983", "content": " 我他喵当场泪目。"}, {"uid": "591107015", "content": "？？？？？？？？？？？？？？？？？？？？？？？？？？？？？？？？"}, {"uid": "591107015", "content": "？？？？？？？？？？？？？？？？？？？？？？？？？？？？？？？？？？？？？？？？？？？？？？？？？？"}, {"uid": "591107015", "content": "？？？？？？？？？？？？？？？？？？？？？？？？？？？？？？？？？？？？"}, {"uid": "2084083267", "content": "?"}, {"uid": "625863328", "content": "】"}, {"uid": "517546362", "content": "日常海视频"}, {"uid": "35213455", "content": "来了"}, {"uid": "204998829", "content": "海神？明月？刘慈兴狂喜"}, {"uid": "573807831", "content": "行军蚁没什么了不起的，只是吃掉其它节肢动物。行军蚁有很多天敌。"}, {"uid": "573807831", "content": "欢迎收看《探索•自然》"}, {"uid": "700661398", "content": "女子        矢豆"}, {"uid": "1694877488", "content": "傻子一点都不火还不如更新沙雕电影呢"}, {"uid": "417438655", "content": "中二"}, {"uid": "696720695", "content": "这儿病犯了"}, {"uid": "313737759", "content": "傻狍子！！！"}, {"uid": "702451198", "content": "首页通知书"}, {"uid": "1638612709", "content": "好短"}, {"uid": "195001305", "content": "热乎"}, {"uid": "294630455", "content": "啊啊啊啊啊啊啊，好尬哈哈哈"}, {"uid": "501207894", "content": "你怎么这么短"}, {"uid": "501207894", "content": "白垩纪往事"}, {"uid": "524176357", "content": "？？？"}, {"uid": "524533993", "content": "书写着臭脚与付的长歌"}, {"uid": "644567771", "content": "蚁 族 征 兵 宣 传 片 疑 似 流 出"}, {"uid": "499832256", "content": "老中二"}, {"uid": "27263310", "content": "你好短"}, {"uid": "269406492", "content": "傻狍子坏掉了"}, {"uid": "496432662", "content": "求BGM"}, {"uid": "516627374", "content": "？"}, {"uid": "525560673", "content": "热乎"}, {"uid": "488584424", "content": "建模指导：友谊之树"}, {"uid": "385501178", "content": "翻译:这是我的目标！"}, {"uid": "1978106788", "content": "这不比博人传？"}, {"uid": "673469647", "content": "喂是精神病院的医生吗？对你们的病人又出来了，对他中二病又犯了，快来吧。"}, {"uid": "619316622", "content": "这不比博人转燃？"}, {"uid": "150308067", "content": "萨  尔  那  加"}, {"uid": "686509807", "content": "唐三:你说什么?"}, {"uid": "548236185", "content": "节肢杀手永远的神"}, {"uid": "544529031", "content": "燃起来了"}, {"uid": "470624379", "content": "《中    二    鹿》"}, {"uid": "416007510", "content": "欢迎回来"}, {"uid": "526850898", "content": "好燃啊啊啊"}, {"uid": "697653653", "content": "默茶"}, {"uid": "592865095", "content": "消灭人类暴政！世界属于三体！"}, {"uid": "592865095", "content": "消灭人类暴政！世界属于三体！"}, {"uid": "592865095", "content": "消灭人类暴政！世界属于三体！"}, {"uid": "605085140", "content": "这不比博人传燃？！"}, {"uid": "505876823", "content": "Odysee"}, {"uid": "132782913", "content": "比博燃"}, {"uid": "132782913", "content": "热乎"}, {"uid": "414316348", "content": "安德的游戏"}, {"uid": "1857781352", "content": "哈哈哈哈哈哈"}, {"uid": "454769183", "content": "热乎的！！！"}, {"uid": "359897134", "content": "这不比博人传燃？"}, {"uid": "508585215", "content": "鹿，咱是不是到点了该吃药了"}, {"uid": "2062617298", "content": "耳朵当场怀孕。"}, {"uid": "292853242", "content": "中二病犯了"}, {"uid": "349533315", "content": "我先去拿杀虫剂了"}, {"uid": "444278452", "content": "？"}, {"uid": "22588110", "content": "麻将头"}, {"uid": "313055552", "content": "比博然"}, {"uid": "179628809", "content": "？"}, {"uid": "562151002", "content": "哔"}, {"uid": "273775442", "content": "虫子从来没有被真正的战胜过​"}, {"uid": "509507171", "content": "傻狍子中二病又犯了"}, {"uid": "313512619", "content": "大刘nb"}, {"uid": "675216188", "content": "卖杀虫剂了，五元一瓶！"}, {"uid": "470262313", "content": "敬虫子！！"}, {"uid": "470262313", "content": "敬虫子！！"}, {"uid": "470262313", "content": "敬虫子！！"}, {"uid": "36189122", "content": "小周行为"}, {"uid": "446623849", "content": "匍匐"}, {"uid": "60994122", "content": "您就是海藤君！！"}, {"uid": "246272826", "content": "？？？？？？？？？？？？？？？？？？？？？？？？？？？？？？？？？"}, {"uid": "496314924", "content": "fire will burn everything"}, {"uid": "496314924", "content": "生化武器"}, {"uid": "496314924", "content": "核武器"}, {"uid": "662621473", "content": "我是食蚁兽"}, {"uid": "507988388", "content": "草nm  燃起来了"}, {"uid": "491865938", "content": "电鹿短路"}, {"uid": "354141632", "content": "老婆你真的好短"}, {"uid": "774341174", "content": "中二病患者，555555"}, {"uid": "774341174", "content": "这，我忍不住了，哈哈哈哈哈哈哈哈哈哈哈哈哈哈哈哈哈哈哈哈呵呵呵"}, {"uid": "439936773", "content": "中二晚期"}, {"uid": "20303635", "content": "bgm:odysee"}, {"uid": "20303635", "content": "hands up!!!!!!"}, {"uid": "470936912", "content": "真是太燃了!简直比小猪佩奇还燃!"}, {"uid": "606238687", "content": "中二病晚期"}, {"uid": "493586699", "content": "大刘狂喜！！！！！！！！！"}, {"uid": "629941826", "content": "女子 矢豆"}, {"uid": "507227461", "content": "？？？走错了？？？"}, {"uid": "323889759", "content": "我的妈啊啊啊啊啊好可怕"}, {"uid": "273775442", "content": "敬虫子！"}, {"uid": "486236536", "content": "海视频"}, {"uid": "508412155", "content": "告诉你一个秘密，看进度条（滑稽）"}, {"uid": "490655862", "content": "老三体人"}, {"uid": "354565564", "content": "辛苦了"}, {"uid": "28381693", "content": "？？？？？？"}, {"uid": "2132275518", "content": "但是你们能飞出地球吗？不能（狗头）"}, {"uid": "489004812", "content": "正在吃巧克力"}, {"uid": "1470160294", "content": "？？？？？？？？？？？？"}, {"uid": "638104862", "content": "我带你去治脑子。"}, {"uid": "650912966", "content": "…………………………（不知道说什么）"}, {"uid": "514027738", "content": "中二"}, {"uid": "496224928", "content": "？？"}, {"uid": "589292785", "content": "深渊法师？"}, {"uid": "646305076", "content": "hhhhhhh，我要笑疯了救命"}, {"uid": "121844042", "content": "密恐刚刚真的差点去世:("}, {"uid": "360328528", "content": "这这这，哈哈哈哈哈哈"}, {"uid": "673411524", "content": "昨天的扔核心吧"}, {"uid": "269406492", "content": "完了，傻狍子坏掉了"}, {"uid": "50219547", "content": "哈哈哈哈哈哈哈哈哈哈"}, {"uid": "50219547", "content": "哈哈哈哈哈哈"}, {"uid": "516724505", "content": "？？？开屏雷击"}, {"uid": "1453869998", "content": "我在吃饭！"}, {"uid": "607408901", "content": "怎么说呢 "}, {"uid": "607408901", "content": "也许不说话 可能视频观看体验要好一点 "}, {"uid": "1089274494", "content": "进击的巨蚁"}, {"uid": "351930891", "content": "你让我最爱的鸟类放在哪里"}, {"uid": "587871652", "content": "我看到南巨了"}, {"uid": "431930578", "content": "真空不是不传声吗？"}, {"uid": "642278926", "content": "昨天的凉了"}, {"uid": "694604616", "content": "中二病又犯了唉（恼）"}, {"uid": "522759225", "content": "中二鹿"}, {"uid": "604165197", "content": "老婆，你是不是磕错药了"}, {"uid": "604165197", "content": "老婆，你是不是可错药"}, {"uid": "604165197", "content": "突然高产啊"}, {"uid": "472748105", "content": "好家伙"}, {"uid": "647545697", "content": "完了，老婆发中二疯了，怎么办，宠着吧"}, {"uid": "673637728", "content": "？？？？？"}, {"uid": "368038294", "content": "啊啊啊啊啊啊我的密集恐惧症啊啊啊啊啊这也太恐怖了吧啊啊啊啊啊"}, {"uid": "613623677", "content": "？？？？？？"}, {"uid": "470262313", "content": "敬虫子！！"}, {"uid": "470262313", "content": "世间万物，在宇宙之内，宛如蜉蝣（中二警告）"}, {"uid": "522381725", "content": "什么玩意"}, {"uid": "278952228", "content": "《白垩纪往事》（刘慈欣 著）"}, {"uid": "493705833", "content": "比博燃"}, {"uid": "547024120", "content": "当年，人类想起了当年被蚂蚁支配的恐惧"}, {"uid": "435828057", "content": "博人传：TM是个东西都比我燃"}, {"uid": "695956124", "content": "欢迎收看《自然传奇》"}, {"uid": "1434549233", "content": "中二病又犯了吧你"}, {"uid": "497385770", "content": "你币有了"}, {"uid": "636983326", "content": "鹿妈精分现场"}, {"uid": "519516416", "content": "女   子   矢   豆"}, {"uid": "518746348", "content": "上次给了"}, {"uid": "411069609", "content": "38号病人，该吃药了"}, {"uid": "634562951", "content": "行军蚁被"}, {"uid": "362050695", "content": "钳合蚁表示很淦"}, {"uid": "519041394", "content": "元气壁纸瞩目"}, {"uid": "301837191", "content": "比博燃"}, {"uid": "42858870", "content": "鹿哥之脑子"}, {"uid": "354564363", "content": "真·中二鹿"}, {"uid": "38023763", "content": "《白垩纪往事》？？？"}, {"uid": "32342374", "content": "网上一直在播一个广告叫做一只小蚂蚁治疗，全身病，要不要去试一下。"}, {"uid": "521734065", "content": "逐渐沙雕"}, {"uid": "673884843", "content": "烫手"}, {"uid": "583796951", "content": "热"}, {"uid": "668496465", "content": "你好短"}, {"uid": "668496465", "content": "热乎"}, {"uid": "506111587", "content": "有内味了"}, {"uid": "506111587", "content": "牛掰"}, {"uid": "660943879", "content": "1"}, {"uid": "636171817", "content": "老婆你变短了"}, {"uid": "490086437", "content": "疯了？？"}, {"uid": "66781562", "content": "wdf??????"}, {"uid": "1429426766", "content": "热乎的"}, {"uid": "1222288973", "content": "今天忘吃药"}, {"uid": "544638201", "content": "刘慈欣nb"}, {"uid": "107019434", "content": "哑巴咋了"}, {"uid": "638104862", "content": "热乎的 "}, {"uid": "2007442346", "content": "成功让我看不懂"}, {"uid": "437467904", "content": "我起了一身鸡皮疙瘩草"}, {"uid": "473887896", "content": "何弃疗吃药不好吗"}, {"uid": "473887896", "content": "草哈哈哈哈哈哈哈xswl"}, {"uid": "498491439", "content": "热乎"}, {"uid": "470262313", "content": "好中二啊。。。"}, {"uid": "677876388", "content": "突然羞耻"}, {"uid": "305836511", "content": "哈哈哈哈哈"}, {"uid": "650910518", "content": "9小时，有点凉了"}, {"uid": "199095914", "content": "某科剃须刀"}, {"uid": "650293429", "content": "太热了，放冰箱里冻一会儿"}, {"uid": "293181886", "content": "？？？？？？？？鬼畜？？？？？？？？"}, {"uid": "293181886", "content": "？"}, {"uid": "11069518", "content": "这是什么奇怪而又中二的台词233"}, {"uid": "431806453", "content": "这个鹿不能要了"}, {"uid": "22461192", "content": "看得我尴尬癌犯了"}, {"uid": "663132923", "content": "比博燃"}, {"uid": "544010319", "content": "。。。。"}, {"uid": "520013889", "content": "海神和明月是两艘船"}, {"uid": "444692712", "content": "你好短"}, {"uid": "514333979", "content": "比博燃"}, {"uid": "1064003776", "content": "鹿哥，我能说句“纸张儿童欢乐多，精神病人思维广吗"}, {"uid": "649777485", "content": "？？？"}, {"uid": "506428777", "content": "中二。。。"}, {"uid": "28620225", "content": "条条大路通精神病院"}, {"uid": "1409196230", "content": "医生：这只鹿中二病晚期了，没救了，抬走吧"}, {"uid": "645732999", "content": "好了"}, {"uid": "676630718", "content": "中二鹿"}, {"uid": "1931885949", "content": "好短"}, {"uid": "521790511", "content": "鹿哥中二病犯了"}, {"uid": "521790511", "content": "鹿哥中二病犯了"}, {"uid": "297349275", "content": "我是神"}, {"uid": "49827415", "content": "鸡皮疙瘩尬出一地"}, {"uid": "400538345", "content": "¿"}, {"uid": "400538345", "content": "¿"}, {"uid": "650626933", "content": "被鹿鹿吓到了嘤嘤嘤QAQ"}, {"uid": "525912755", "content": "条条大路通医院"}, {"uid": "693319840", "content": "                                                    中      二      少     鹿                         "}, {"uid": "591240849", "content": "六小时六小时六小时六小时六小时"}, {"uid": "522570328", "content": "唉，中二病晚期救不了了"}, {"uid": "110713095", "content": "5个小时，扔了"}, {"uid": "353387699", "content": "虫族？"}, {"uid": "474835423", "content": "热乎"}, {"uid": "521240271", "content": "热乎"}, {"uid": "352064700", "content": "密集型恐惧症的同学请举手"}, {"uid": "570265548", "content": "五小时不行不行"}, {"uid": "521422120", "content": "老三体了"}, {"uid": "669652213", "content": "ohhhhhh'hhhhhhhh "}, {"uid": "520423344", "content": "没看懂啥意思啊"}, {"uid": "510305885", "content": "开幕雷击"}, {"uid": "397087714", "content": "某鹿精分现场"}, {"uid": "235545831", "content": "热乎的"}, {"uid": "1235503664", "content": "1个小时！！！"}, {"uid": "694705636", "content": "5小时还行"}, {"uid": "431937527", "content": "..."}, {"uid": "689593627", "content": "热乎"}, {"uid": "1589079710", "content": "来了来了！"}, {"uid": "261119745", "content": "前面的老三体了"}, {"uid": "361786328", "content": "简直是精神污染"}, {"uid": "696213260", "content": "一小时就这样过去了"}, {"uid": "589744661", "content": "我撒泼尿就能让你欲罢不能"}, {"uid": "698773742", "content": "4小时"}, {"uid": "390185147", "content": "热乎的"}, {"uid": "518342405", "content": "四个小时了，凉拌吧"}, {"uid": "273775442", "content": "白垩纪往事"}, {"uid": "273775442", "content": "反物质"}, {"uid": "626765223", "content": "4小时了凉了凉了"}, {"uid": "492079968", "content": "热乎的"}, {"uid": "396925411", "content": "这不比博人转燃？"}, {"uid": "353297503", "content": "你好短"}, {"uid": "516463428", "content": "四个小时凉凉了"}, {"uid": "604613622", "content": "你好短呀"}, {"uid": "495731985", "content": "四小时热乎"}, {"uid": "604613622", "content": "比博燃"}, {"uid": "604613622", "content": "4小时热热还能吃"}, {"uid": "604613622", "content": "来了"}, {"uid": "369095085", "content": "4小时，凉了"}, {"uid": "481970855", "content": "真好听"}, {"uid": "442007303", "content": "4小时要不了了"}, {"uid": "524381971", "content": "热乎的！"}, {"uid": "448139250", "content": "燃起来了"}, {"uid": "403041999", "content": "三小时~"}, {"uid": "646785736", "content": "更了！"}, {"uid": "114319324", "content": "热乎的"}, {"uid": "263431205", "content": "三小时，凉透了"}, {"uid": "476584739", "content": "超  星  学  习  通"}, {"uid": "496593905", "content": "三小时！！！"}, {"uid": "1770656233", "content": "热乎"}, {"uid": "1770656233", "content": "热乎"}, {"uid": "521663524", "content": "3小时，已经凉了。"}, {"uid": "508059325", "content": "你们都是阴沟里的虫子"}, {"uid": "535349547", "content": "3小时，凉了……"}, {"uid": "508059325", "content": "你们都是虫子！"}, {"uid": "670861765", "content": "三个小时"}, {"uid": "549780021", "content": "燃起来了"}, {"uid": "549780021", "content": "好热血啊啊啊啊啊"}, {"uid": "505091668", "content": "白垩纪往事"}, {"uid": "626562988", "content": "热乎三个小时"}, {"uid": "523711070", "content": "牛"}, {"uid": "430268896", "content": "白垩纪往事？？？？"}, {"uid": "1365788321", "content": "水视频"}, {"uid": "613611025", "content": "三小时，我……"}, {"uid": "1365788321", "content": "老婆的中二病又犯了"}, {"uid": "444427851", "content": "鹿哥你好短"}, {"uid": "315132337", "content": "3小时凉了"}, {"uid": "482170502", "content": "????????????????????????????????????????????????????????????????"}, {"uid": "589838640", "content": "唉，TD-31-970254号，该吃药了"}, {"uid": "436680215", "content": "《中   二   鹿》"}, {"uid": "666862501", "content": "热乎"}, {"uid": "695402009", "content": "好中二啊"}, {"uid": "695402009", "content": "白垩纪往事？？？"}, {"uid": "1408655540", "content": "有某人患上了严重的中二病！"}, {"uid": "470773821", "content": "草"}, {"uid": "1408655540", "content": "看来一会儿眼睛又要瞎掉了"}, {"uid": "490984963", "content": "老婆！！"}, {"uid": "478215910", "content": "比  博  燃"}, {"uid": "1615338319", "content": "热乎"}, {"uid": "605792044", "content": "燃起来了！"}, {"uid": "631083085", "content": "好短啊"}, {"uid": "71339373", "content": "？"}, {"uid": "71339373", "content": "比 博 燃"}, {"uid": "687931826", "content": "两小时"}, {"uid": "698551438", "content": "好   短   啊   ♂"}, {"uid": "673390779", "content": "哈哈哈哈哈哈哈哈哈"}, {"uid": "362482486", "content": "凉了"}, {"uid": "698551438", "content": "ohhhhhh两小时"}, {"uid": "522676121", "content": "两小时"}, {"uid": "519972522", "content": "这是我桌面动态壁纸"}, {"uid": "662776086", "content": "别二了"}, {"uid": "531063559", "content": "2小时"}, {"uid": "644521930", "content": "两小时"}, {"uid": "517118766", "content": "众所周知，博人传是不可燃物"}, {"uid": "526342523", "content": "两小时，凉了"}, {"uid": "38540625", "content": "还热乎"}, {"uid": "39241634", "content": "两小时 ，蘸点岩浆还可以吃 "}, {"uid": "399271458", "content": "2小时……不热了"}, {"uid": "35604798", "content": "我有个同学就叫明月"}, {"uid": "523407514", "content": "热乎"}, {"uid": "269406492", "content": "不行了，已经开始尬了2333"}, {"uid": "353233630", "content": "老婆！"}, {"uid": "497253816", "content": "2小时，出息了"}, {"uid": "645520297", "content": "两小时有点冷了"}, {"uid": "651349036", "content": "2个小时干巴了"}, {"uid": "651349036", "content": "密集恐惧症犯了"}, {"uid": "700657280", "content": "两个小时。"}, {"uid": "702121559", "content": "两小时，凉了，丢核心里热热"}, {"uid": "367313258", "content": "热乎"}, {"uid": "328918788", "content": "已经有代入感了"}, {"uid": "443690474", "content": "条 条 大 路 通 川 陀"}, {"uid": "542966482", "content": "燃起来了"}, {"uid": "474798003", "content": "1小时"}, {"uid": "625728349", "content": "忍不了哈哈哈哈哈哈"}, {"uid": "405192623", "content": "一小时"}, {"uid": "631359945", "content": "前进四"}, {"uid": "629193835", "content": "一小时啊啊啊！！！"}, {"uid": "407074905", "content": "早呀"}, {"uid": "573495306", "content": "热乎"}, {"uid": "694357574", "content": "燃起来了"}, {"uid": "442409140", "content": "我笑了"}, {"uid": "442409140", "content": "爷青回"}, {"uid": "163102242", "content": "1时，凉了"}, {"uid": "635760832", "content": "赛博蚂蚁___2077"}, {"uid": "93250212", "content": "一个小时，热热还能吃"}, {"uid": "662241741", "content": "1小时，有点凉了"}, {"uid": "491826823", "content": "精神污染？"}, {"uid": "491826823", "content": "傻孩子们现在跑还来的急"}, {"uid": "549184222", "content": "热的！！！"}, {"uid": "164095627", "content": "烫手啊"}, {"uid": "674811629", "content": "一个小时，有点凉了"}, {"uid": "631650291", "content": "一个小时还不错"}, {"uid": "349547441", "content": "哈哈哈哈哈哈"}, {"uid": "86887686", "content": "1小时！"}, {"uid": "611846760", "content": "一个小时热的"}, {"uid": "595348653", "content": "热乎"}, {"uid": "517485533", "content": "热乎"}, {"uid": "1217515085", "content": "热乎"}, {"uid": "502590713", "content": "一小时！！"}, {"uid": "520019266", "content": "一小时"}, {"uid": "607889865", "content": "1小时烤烤"}, {"uid": "156690796", "content": "一小时，热热还能吃"}, {"uid": "286045231", "content": "蚂鹿"}, {"uid": "456153978", "content": "一小时"}, {"uid": "387823194", "content": "一小时，老婆我有出息了！"}, {"uid": "486970719", "content": "老水视频了"}, {"uid": "486970719", "content": "海视频"}, {"uid": "594662025", "content": "热乎"}, {"uid": "482559113", "content": "比 博 燃"}, {"uid": "448519421", "content": "你好短"}, {"uid": "448519421", "content": "一小时，冻了"}, {"uid": "667721449", "content": "热乎的"}, {"uid": "488445655", "content": "一小时冷 "}, {"uid": "643230593", "content": "热乎"}, {"uid": "504003143", "content": "热的"}, {"uid": "584705663", "content": "一小时！"}, {"uid": "1870997010", "content": "热乎的！！！！！！！！！！！！！！"}]