[{"uid": "411048674", "content": "人机分离十米自动爆炸"}, {"uid": "630033807", "content": "卛 嘁 䙸 檰 龐"}, {"uid": "457778292", "content": "危酱危酱你的脸怎么这么黑啊"}, {"uid": "603329202", "content": "所以魔法只是一种挂的。"}, {"uid": "526038665", "content": "俗   世   奇   人"}, {"uid": "512875635", "content": "van♂"}, {"uid": "704130610", "content": "还是要靠育碧"}, {"uid": "704130610", "content": "“““和 气 生 财”””"}, {"uid": "150395507", "content": "此后呢你就被逮捕了"}, {"uid": "1081915434", "content": "泪目"}, {"uid": "1081915434", "content": "魔法配合物理攻击"}, {"uid": "475289501", "content": "八 神 庵"}, {"uid": "536383300", "content": "禁止在麻瓜面前使用魔法"}, {"uid": "669574530", "content": "吃我一大罗神通棍外加无量之躯plus矢量箭头"}, {"uid": "2131788169", "content": "喂喂喂微喂微喂喂喂喂"}, {"uid": "444234697", "content": "一张口就是老刺客了"}, {"uid": "686498092", "content": "泪目"}, {"uid": "603884397", "content": "世界上最安全的三个地方，哥谭市，夜之城，学园都市"}, {"uid": "1888061793", "content": "只狼：你就是大名鼎鼎的危！"}, {"uid": "551123501", "content": "伏地魔：就这？钻心咒和杀咒等等我都会，你算个什么"}, {"uid": "551123501", "content": "你再骂！！！你再骂我砍了你"}, {"uid": "512599311", "content": "文 艺 复 兴"}, {"uid": "506000722", "content": "哎"}, {"uid": "556238061", "content": "开始展现bug"}, {"uid": "556238061", "content": "和气生bug"}, {"uid": "556238061", "content": "得到任何你想要的bug"}, {"uid": "1384810489", "content": "危酱危酱你的脸为什么这么黑啊"}, {"uid": "418136299", "content": "내막."}, {"uid": "418136299", "content": "泪目"}, {"uid": "485703228", "content": "斯莱特林学长马上扔出了个阿瓦达"}, {"uid": "126026317", "content": "你再骂！"}, {"uid": "604587289", "content": "泪目 "}, {"uid": "670393443", "content": "公屏们，把兄弟打在泪目上。"}, {"uid": "604226692", "content": "牛逼，这个抽华子理由好"}, {"uid": "266788671", "content": "《悄悄》"}, {"uid": "433568939", "content": "人 人 有 份"}, {"uid": "535062008", "content": "但我是女生"}, {"uid": "166282089", "content": "奥 尔 加 既 视 感"}, {"uid": "701900311", "content": "【 帅 气 】"}, {"uid": "472072604", "content": "你再骂？！"}, {"uid": "524176357", "content": "泪目"}, {"uid": "414320518", "content": "《魔法物理》"}, {"uid": "398781651", "content": "杰————克——————"}, {"uid": "1648129519", "content": "泪目"}, {"uid": "492316432", "content": "什 么 头？"}, {"uid": "492316432", "content": "什么头？"}, {"uid": "140080916", "content": "卡～没～卡～没～咯～～ ～！"}, {"uid": "484917718", "content": "卡林骷髅马（附装甲）"}, {"uid": "702231659", "content": "哈利波特：螳螂刀比魔法好用多了，你学它干嘛？"}, {"uid": "121228262", "content": "鞋  甚  多"}, {"uid": "668435990", "content": "草（草是一种植物 ）"}, {"uid": "403413013", "content": "银 爵 的 别 走，我到你家门口了"}, {"uid": "571142440", "content": "*魔法与bug的结晶"}, {"uid": "571142440", "content": "波鲁纳雷夫"}, {"uid": "630039027", "content": "比利，自由的男人"}, {"uid": "480338923", "content": "阿瓦达索命！"}, {"uid": "1965913509", "content": "魔法的奥秘：指强尼·嘴臭"}, {"uid": "373076966", "content": "呦呦鹿鸣,食野之苹（doge）"}, {"uid": "373076966", "content": "舰长-1（doge）"}, {"uid": "206860050", "content": "你再骂？！"}, {"uid": "378898026", "content": "无线反弹对我不利语句"}, {"uid": "617498541", "content": "你再骂！"}, {"uid": "391466960", "content": "无  极  剑  圣"}, {"uid": "589850753", "content": "分院帽：……阿兹卡班！"}, {"uid": "647287058", "content": "我的到来代表着  傻鹿！"}, {"uid": "8274319", "content": "核 气 生 财"}, {"uid": "412882641", "content": "今天的爆率那叫一个高啊！"}, {"uid": "669560744", "content": "脑子生呛"}, {"uid": "669560744", "content": "wwwwwwwwwwwt三兆造地球个懵逼"}, {"uid": "28620225", "content": "《仅需》"}, {"uid": "695071311", "content": "危酱危酱你的脸怎么这么黑啊"}, {"uid": "623873657", "content": "自己的双手"}, {"uid": "437782240", "content": "泪目"}, {"uid": "219981050", "content": "你再骂！"}, {"uid": "485224101", "content": "hhhhhhhhhhhhhhhhhh"}, {"uid": "53766911", "content": "育碧该手穿头了吧（doge）"}, {"uid": "392390997", "content": "振 动"}, {"uid": "507705070", "content": "我带你们打"}, {"uid": "501725874", "content": "再见杰克～"}, {"uid": "439752491", "content": "今天的爆率那叫一个高啊"}, {"uid": "617574910", "content": "升华主题"}, {"uid": "544349797", "content": "你在骂！"}, {"uid": "627044841", "content": "来告诉我怎么过的审"}, {"uid": "351656681", "content": "然而我没有这个bug"}, {"uid": "669560744", "content": "极度疑问:为什么对自己没有效？？？？"}, {"uid": "621184212", "content": "你在骂！"}, {"uid": "361810505", "content": "一看就是初期全点力量的筋肉姐贵"}, {"uid": "609853756", "content": "今天的爆率真高啊"}, {"uid": "602958137", "content": "你再骂"}, {"uid": "484720611", "content": "等等谁在开车啊"}, {"uid": "283556014", "content": "哈哈哈哈哈哈"}, {"uid": "477140969", "content": "????"}, {"uid": "592814614", "content": "就比如如何要学会烤烤，屁股"}, {"uid": "592814614", "content": "脑积水融合"}, {"uid": "46387382", "content": "《 好 看 多 了 》"}, {"uid": "592714079", "content": "你再骂!"}, {"uid": "429695131", "content": "升华了"}, {"uid": "429695131", "content": "你再骂！！！"}, {"uid": "429695131", "content": "你再骂？？？"}, {"uid": "429695131", "content": "2077 钛金手机"}, {"uid": "701841845", "content": "你再骂！！！！"}, {"uid": "546729255", "content": "其  鞋  甚  多"}, {"uid": "500751364", "content": "神tm发情了"}, {"uid": "317028310", "content": "你再骂"}, {"uid": "673815151", "content": "填空题：脑 _ 融合"}, {"uid": "588058106", "content": "好    看"}, {"uid": "49758811", "content": "我给你点个赞，诶呀*罒▽罒*手机拿反了呢（doge）"}, {"uid": "351694532", "content": "土豆芯片"}, {"uid": "441932293", "content": "育碧行为"}, {"uid": "22221763", "content": "裂开了"}, {"uid": "384530861", "content": "指甲哪弄的，挺别致啊"}, {"uid": "28500223", "content": "不但有Jack的筷子，还有银手的烟"}, {"uid": "517809807", "content": "泪目"}, {"uid": "544116105", "content": "你尽管开车办法由老爹来想！"}, {"uid": "33724430", "content": "强行当作水晶并试图推掉"}, {"uid": "1402353358", "content": "不对这不是bug这是穿模了"}, {"uid": "553586046", "content": "蕾姆"}, {"uid": "549603141", "content": "泪目"}, {"uid": "16099035", "content": "劳动万岁！"}, {"uid": "381669516", "content": "封面就nm离谱"}, {"uid": "201492849", "content": "泪腺"}, {"uid": "433733999", "content": "你在骂"}, {"uid": "661832912", "content": "那你是怎么塞进去的呀"}, {"uid": "517630452", "content": "反向打折"}, {"uid": "222147262", "content": "别刀了！别刀了"}, {"uid": "497393997", "content": "擦擦擦，擦擦草"}, {"uid": "274628438", "content": "你是真正的大人物"}, {"uid": "635838134", "content": "《帅气》"}, {"uid": "470262313", "content": "发晴了可还行（"}, {"uid": "454730757", "content": "要女朋友干嘛，男朋友不行吗"}, {"uid": "31605761", "content": "枪之魔人"}, {"uid": "586468130", "content": "危（配合）"}, {"uid": "510167162", "content": "《八哥朋克2077》√"}, {"uid": "663932919", "content": "泪 目"}, {"uid": "67618385", "content": "突然想按空格，然后视频暂停了"}, {"uid": "95654078", "content": "这bug我没有"}, {"uid": "521183444", "content": "父慈子孝"}, {"uid": "521183444", "content": "小蛇震惊"}, {"uid": "615692726", "content": "你为什么要♂日♂光遇！"}, {"uid": "476077202", "content": "我听成了汽油帮"}, {"uid": "651779025", "content": "海德薇主题变奏曲"}, {"uid": "455035800", "content": "草（一种植物）"}, {"uid": "431522648", "content": "FBI,open the door "}, {"uid": "450307480", "content": "泪目"}, {"uid": "511914042", "content": "bug"}, {"uid": "43187091", "content": "草"}, {"uid": "21056672", "content": "真的挺难过的"}, {"uid": "491903988", "content": "父辞子笑"}, {"uid": "491903988", "content": "你再骂！！！！！"}, {"uid": "613623677", "content": "泪目"}, {"uid": "429582339", "content": "危"}, {"uid": "677056310", "content": "《轻 松》"}, {"uid": "385619413", "content": "这鹿脸捏的"}, {"uid": "470262313", "content": "好家伙，价格越来越贵可还行"}, {"uid": "444612998", "content": "这把枪其实就是刚才的那个生物芯片"}, {"uid": "470262313", "content": "泪目"}, {"uid": "493918156", "content": "电鹿，不就是魔法专业"}, {"uid": "479901187", "content": "热乎的"}, {"uid": "646898525", "content": "诶喂喂喂"}, {"uid": "525551866", "content": "小 型战 斗 机"}, {"uid": "517633049", "content": "你再骂！"}, {"uid": "683193692", "content": "非  枪  人  生"}, {"uid": "478892053", "content": "这个Bug好像每个人都有"}, {"uid": "650536490", "content": "Jack！You jump,I jump！"}, {"uid": "406798912", "content": "你再骂"}, {"uid": "349479063", "content": "他在夸你"}, {"uid": "504090599", "content": "鹿哥不要走"}, {"uid": "504090599", "content": "肋木"}, {"uid": "504090599", "content": "黑化小鹿吗这个，我可以！ ！！！"}, {"uid": "81859320", "content": "蕾姆"}, {"uid": "14964", "content": "该手枪穿头了"}, {"uid": "441426921", "content": "哈哈哈哈哈哈啊哈哈哈离谱"}, {"uid": "49758811", "content": "核器生财"}, {"uid": "49758811", "content": "你再骂！"}, {"uid": "49758811", "content": "2077钛金手机"}, {"uid": "49758811", "content": "许多鞋子"}, {"uid": "442644021", "content": "被塞进脑袋里了？！"}, {"uid": "643607415", "content": "鹿哥那天又卡又下饭"}, {"uid": "344265690", "content": "直播模式→"}, {"uid": "344265690", "content": "8848草"}, {"uid": "520513407", "content": "《师气》"}, {"uid": "518345993", "content": "我哭呢。"}, {"uid": "518345993", "content": "泪目"}, {"uid": "490156068", "content": "头里取枪"}, {"uid": "490156068", "content": "吓到了"}, {"uid": "490156068", "content": "？"}, {"uid": "490156068", "content": "鹿哥可会开车了"}, {"uid": "518345993", "content": "我们一起学猫叫"}, {"uid": "471367628", "content": "孙悟空"}, {"uid": "490156068", "content": "你再骂"}, {"uid": "490156068", "content": "有基佬开我裤链！"}, {"uid": "519578175", "content": "硬核潜入"}, {"uid": "440617034", "content": "深化主题"}, {"uid": "364900252", "content": "草（中文）"}, {"uid": "610297740", "content": "泪目"}, {"uid": "610297740", "content": "危"}, {"uid": "437359086", "content": "高频振动马达？？？"}, {"uid": "610297740", "content": "芯片有那么大的吗"}, {"uid": "395128902", "content": "“不可能”这一句我听出来了李好田的感脚2333"}, {"uid": "388002308", "content": "爆头"}, {"uid": "388002308", "content": "就像进度条一样"}, {"uid": "356712347", "content": "幻梦公司（幻听）"}, {"uid": "553380514", "content": "草，这样子我还以为是丧尸"}, {"uid": "505085166", "content": "危酱危酱你的脸为什么这么黑啊"}, {"uid": "384438952", "content": "《罢     了》"}, {"uid": "515465830", "content": "《 好 看 多 了 》"}, {"uid": "627015605", "content": "两分钟！己三连！"}, {"uid": "500566204", "content": "你再骂！！"}, {"uid": "1884355187", "content": "鬼！！！！！！！！"}, {"uid": "559692870", "content": "《赛博朋克8848》"}, {"uid": "1102307104", "content": "脑♂鸡♂融♂核"}, {"uid": "475194503", "content": "你再骂！"}, {"uid": "477888454", "content": "我男的有男朋友！"}, {"uid": "2115634609", "content": "@ 丸子，漩涡系列"}, {"uid": "1758692274", "content": "操 蛋 的 世 界"}, {"uid": "1267712052", "content": "赛博杀手2077 "}, {"uid": "2069346975", "content": "反向打折，最为致命"}, {"uid": "2069346975", "content": "反向打折，最为致命"}, {"uid": "2018862284", "content": "这墙壁隔音挺好"}, {"uid": "1579763850", "content": "脑袋坐飞机"}, {"uid": "505907383", "content": "杰克 卒"}, {"uid": "1975185210", "content": "组团偷，内置。"}, {"uid": "1044316480", "content": "普罗米修斯公司表示很赞"}, {"uid": "687084981", "content": "一块·受鹿·版"}, {"uid": "7055971", "content": "哈哈哈哈哈哈哈"}, {"uid": "455298395", "content": "危"}, {"uid": "241699606", "content": "哈哈哈哈哈哈哈哈哈哈哈"}, {"uid": "420919190", "content": "什么糟糕的台词啊？"}, {"uid": "420919190", "content": "小嘴抹了蜜"}, {"uid": "551123501", "content": "bgm好评，哈迷我表示激动极了加淦"}, {"uid": "505763277", "content": "《小声》"}, {"uid": "1852374363", "content": "丧失天良"}, {"uid": "1874373793", "content": "《亿点点》"}, {"uid": "700225033", "content": "挑 拨 离 间"}, {"uid": "378769204", "content": "王雷卖鱼"}, {"uid": "526570897", "content": "诶，我在我脑壳里放了个枪。"}, {"uid": "526570897", "content": "最开始人家还没掏枪呢。"}, {"uid": "398781651", "content": "你再骂？？"}, {"uid": "604118780", "content": "《罢  了》"}, {"uid": "479961857", "content": "NC，难产？（滑稽）（狗头保命）"}, {"uid": "2125422808", "content": "罗恩已报警"}, {"uid": "506605361", "content": "My name is Van, I am 30 years old"}, {"uid": "424641373", "content": "你再骂！"}, {"uid": "2023484960", "content": "哇，不愧是会魔法的人"}, {"uid": "2023484960", "content": "《Bug2077》"}, {"uid": "2023484960", "content": "李 好惨"}, {"uid": "437011563", "content": "我不可以有男朋友吗"}, {"uid": "651936309", "content": "欢迎收看赛博朋克1977。"}, {"uid": "478892053", "content": "老板，抽紫烟"}, {"uid": "354149582", "content": "指鹿为猫"}, {"uid": "447785827", "content": "你再骂！"}, {"uid": "524087348", "content": "你在骂?"}, {"uid": "544054746", "content": "神奇沙雕在哪里"}, {"uid": "692772714", "content": "我 裂 了"}, {"uid": "565084830", "content": "机♂脑♂融合"}, {"uid": "492218007", "content": "你再骂!"}, {"uid": "609969271", "content": "语音指导：赛博朋克2077"}, {"uid": "1965913509", "content": "《小心》"}, {"uid": "373076966", "content": "犀牛甲（bushi）"}, {"uid": "510438296", "content": "强行押韵"}, {"uid": "45881592", "content": "羽加迪姆 勒维奥萨！"}, {"uid": "539591934", "content": "葬 爱 家 族"}, {"uid": "28620225", "content": "电鹿你念错了，是人头落地"}, {"uid": "557667919", "content": "赫奇帕奇学生露出不解的表情"}, {"uid": "508021951", "content": "这配音哪里找的？"}, {"uid": "1371978980", "content": "戴安娜可还行"}, {"uid": "543284011", "content": "你在骂"}, {"uid": "437359086", "content": "哦吼...我终于找到了个杀人的理由，哈哈哈"}, {"uid": "478637711", "content": "我想得到你"}, {"uid": "478637711", "content": "我想要你"}, {"uid": "475004584", "content": "银           爵"}, {"uid": "510622401", "content": "你头上的枪呢杰克"}, {"uid": "521670748", "content": "―危―"}, {"uid": "556744912", "content": "杰克肉丝？？"}, {"uid": "310632700", "content": "你再骂！！！"}, {"uid": "497797457", "content": "鸣人 雏田 博人 向日葵 香磷表示不服"}, {"uid": "602958137", "content": "危"}, {"uid": "518841224", "content": "泪目"}, {"uid": "351320828", "content": "你！再！骂！"}, {"uid": "365997511", "content": "你再骂！"}, {"uid": "429695131", "content": "发情的给我别走"}, {"uid": "429695131", "content": "《轻松》"}, {"uid": "622587518", "content": "《安全》"}, {"uid": "622587518", "content": "爷爷的声音 "}, {"uid": "535047349", "content": "危"}, {"uid": "535047349", "content": "危"}, {"uid": "435783931", "content": "定位法师适合中单"}, {"uid": "485871443", "content": "你在骂！！！！"}, {"uid": "396529360", "content": "泪目"}, {"uid": "615940888", "content": "你再骂？！"}, {"uid": "615940888", "content": "你再骂"}, {"uid": "384530861", "content": "中弹了？那没事了，我以为要生了呢"}, {"uid": "628638261", "content": "你再骂"}, {"uid": "628638261", "content": "你再骂"}, {"uid": "11001723", "content": "人人都会遇到的bug"}, {"uid": "176571641", "content": "别刀了"}, {"uid": "2278352", "content": "穿头警告"}, {"uid": "302275799", "content": "你再骂！！！！！"}, {"uid": "363057183", "content": "别刀了别刀了"}, {"uid": "189071396", "content": "《潜 入》"}, {"uid": "387844698", "content": "怎么才能种出人头地呢？"}, {"uid": "76812883", "content": "你再骂！！！！"}, {"uid": "435318532", "content": "搞♂基融合"}, {"uid": "92413065", "content": "建议改为艾克"}, {"uid": "701370312", "content": "《悄悄》"}, {"uid": "477071106", "content": "这个难道就是昨天晚上电路直播说熬夜做的视频？"}, {"uid": "13923884", "content": "！菜！"}, {"uid": "490389784", "content": "你再骂？"}, {"uid": "168286183", "content": "哈哈哈哈哈哈"}, {"uid": "470262313", "content": "请停止你的老番茄行为"}, {"uid": "310843417", "content": "草"}, {"uid": "310843417", "content": "2077鈦金手機"}, {"uid": "475685136", "content": "你再骂！"}, {"uid": "570247755", "content": "危"}, {"uid": "698216335", "content": "鬼畜专用"}, {"uid": "475951008", "content": "这哪里是魔法这明明是高维投影，不愧是2077"}, {"uid": "497840906", "content": "危"}, {"uid": "502823558", "content": "否则就会人头落地"}, {"uid": "297670968", "content": "你再骂？！"}, {"uid": "493523052", "content": "猝不及防"}, {"uid": "673845831", "content": "流汗"}, {"uid": "379700944", "content": "你再骂！"}, {"uid": "29137205", "content": "你再骂！"}, {"uid": "320938534", "content": "魔杖哈哈哈哈哈哈是筷子"}, {"uid": "406798912", "content": "你再骂!"}, {"uid": "343176884", "content": "有基佬开我裤链！"}, {"uid": "554632069", "content": "危"}, {"uid": "671349209", "content": "指甲油？？？？？？？？"}, {"uid": "504090599", "content": "危"}, {"uid": "49758811", "content": "被炸了吧"}, {"uid": "410985843", "content": "物理超度警告"}, {"uid": "1115384237", "content": "类目"}, {"uid": "315103375", "content": "有基佬开我裤链！"}, {"uid": "488775292", "content": "一块涮鹿板"}, {"uid": "350270132", "content": "泪目"}, {"uid": "639643184", "content": "累木"}, {"uid": "20703331", "content": "危险"}, {"uid": "518345993", "content": "商家危"}, {"uid": "518345993", "content": "你再骂"}, {"uid": "484023264", "content": "危"}, {"uid": "518345993", "content": "WTF"}, {"uid": "490156068", "content": "类目"}, {"uid": "490156068", "content": "可爱的小狗"}, {"uid": "490156068", "content": "擦前面会怎么样？"}, {"uid": "700355898", "content": "蛇院疑惑"}, {"uid": "467161075", "content": "拆电鹿去了"}, {"uid": "401769299", "content": "老板你怎么到这来了"}, {"uid": "395128902", "content": "毫无违和感"}, {"uid": "505085166", "content": "危"}, {"uid": "20151566", "content": "危"}, {"uid": "1176096009", "content": "烫手，才过去3分钟"}, {"uid": "168657532", "content": "危"}, {"uid": "695735153", "content": "这游戏烂就因为Bug，“多”"}, {"uid": "411048674", "content": "育碧的特性"}, {"uid": "564174373", "content": "彩  蛋"}, {"uid": "499927505", "content": "声音真好听"}, {"uid": "676063291", "content": "育碧特色 "}, {"uid": "1542765365", "content": "波鲁那雷夫？"}, {"uid": "1891896508", "content": "黑 人 "}, {"uid": "696436730", "content": "有基佬开我裤链"}, {"uid": "591885677", "content": "我本来就是咸鱼啊，我名字就是"}, {"uid": "2079905321", "content": "封面蜜汁尴尬"}, {"uid": "704130610", "content": "完了，又是一大堆写着老婆的弹幕。"}, {"uid": "346034615", "content": "泪目"}, {"uid": "483606384", "content": "育碧敲响你大门"}, {"uid": "1081915434", "content": "怎么也飞不出，花花的世界"}, {"uid": "2018862284", "content": "幸好不是骂我"}, {"uid": "2018862284", "content": "危~~~~~~"}, {"uid": "625298419", "content": "危"}, {"uid": "2124132746", "content": "夜之城我怎么记得有把枪来着？"}, {"uid": "669574530", "content": "吃我一大罗神通棍外加无量之躯plus矢量箭头"}, {"uid": "1044316480", "content": "MTF-Taura5轮回表示很赞"}, {"uid": "1365474635", "content": "封面感人"}, {"uid": "601244730", "content": "你在骂"}, {"uid": "379995378", "content": "兄弟们，开始用下面思考"}, {"uid": "91421629", "content": "你再骂"}, {"uid": "512599311", "content": "许多鞋子"}, {"uid": "477371700", "content": "神奇动物在哪里hhh"}, {"uid": "506112020", "content": "阿瓦达索命？"}, {"uid": "324856641", "content": "赛博bug2077"}, {"uid": "569869772", "content": "电鹿的红血球：我TM。。。。。。。。（电鹿的红血球因一氧化碳中毒原地去世）"}, {"uid": "485703228", "content": "阿瓦达索命！！"}, {"uid": "437974910", "content": "奥尔加哈哈哈哈哈"}, {"uid": "671294918", "content": "赛博朋克2007"}, {"uid": "432406897", "content": "撸什么？？？？"}, {"uid": "604226692", "content": "一只“危”在吼"}, {"uid": "631523045", "content": "抽烟（雾弹）"}, {"uid": "544447795", "content": "碧育（避孕）大厦（doge）"}, {"uid": "293725901", "content": "在现场，我是v"}, {"uid": "526570897", "content": "别误会不是那个枪"}, {"uid": "19858239", "content": "荒阪：？？？"}, {"uid": "19858239", "content": "其实叫V"}, {"uid": "521836458", "content": "危"}, {"uid": "696614881", "content": "《好看多了》"}, {"uid": "505638045", "content": "我叫微（指某处很微小）【doge】"}, {"uid": "480581072", "content": "？？？？？"}, {"uid": "596187539", "content": "淦  b  大  厦"}, {"uid": "678188454", "content": "你在骂！！！！！！！！"}, {"uid": "668435990", "content": "你在骂"}, {"uid": "32678602", "content": "别刀了别刀了"}, {"uid": "511485564", "content": "哈哈哈哈哈哈哈:"}, {"uid": "605851043", "content": "你再骂！！！"}, {"uid": "635328067", "content": "阿瓦达索命！"}, {"uid": "378898026", "content": "无线反弹对我不利语句"}, {"uid": "356408451", "content": "防水？"}, {"uid": "691971317", "content": "这不是打旋涡帮的BGM吗？"}, {"uid": "695543683", "content": "耐用？"}, {"uid": "623873657", "content": "所有up的人物都是这个发型"}, {"uid": "28579319", "content": "我不叫危，我叫楚雨荨"}, {"uid": "692387049", "content": "侵犯我的姓名权，你完了！"}, {"uid": "695786981", "content": "混入其中"}, {"uid": "617574910", "content": "娇羞Jack"}, {"uid": "443531079", "content": "你再骂"}, {"uid": "342190496", "content": "哈哈哈哈哈哈哈哈哈哈草"}, {"uid": "609864616", "content": "Bug2077"}, {"uid": "1396129687", "content": "你再骂"}, {"uid": "500204857", "content": "危"}, {"uid": "524019951", "content": "泪目"}, {"uid": "315622780", "content": "便通"}, {"uid": "518841224", "content": "危"}, {"uid": "574656267", "content": "你再骂"}, {"uid": "298798432", "content": "泪目"}, {"uid": "622587518", "content": "厕种兵"}, {"uid": "440596664", "content": "泪目"}, {"uid": "535047349", "content": "只需8亿8"}, {"uid": "8010325", "content": "你再骂"}, {"uid": "299346120", "content": "Many shoes"}, {"uid": "399917638", "content": "猝不及防"}, {"uid": "52207875", "content": "这是Bug……"}, {"uid": "661204947", "content": "危"}, {"uid": "1079453803", "content": "乐目"}, {"uid": "1079453803", "content": "乐目"}, {"uid": "588058106", "content": "当这个除了手机版我要进那个地方"}, {"uid": "383077926", "content": "欢迎来到BUG城"}, {"uid": "173964529", "content": "不跟你多要，拔万"}, {"uid": "384530861", "content": "明明是只鹿好不好"}, {"uid": "524015569", "content": "泪目"}, {"uid": "379399197", "content": "你再骂！"}, {"uid": "379399197", "content": "哈哈哈"}, {"uid": "611892957", "content": "危"}, {"uid": "628638261", "content": "危"}, {"uid": "628638261", "content": "危"}, {"uid": "646413441", "content": "杰克 危"}, {"uid": "668634846", "content": "危"}, {"uid": "562372106", "content": "我就性危"}, {"uid": "96639849", "content": "哈哈哈哈哈"}, {"uid": "403033119", "content": "杰克都炸了"}, {"uid": "86040780", "content": "芯片要在恒温环境保存，箱子上恒温装置"}, {"uid": "661402129", "content": "危危危"}, {"uid": "474289111", "content": "我想要长"}, {"uid": "189071396", "content": "你再骂"}, {"uid": "29994625", "content": "平时把你打成马蜂窝都没事，现在"}, {"uid": "2933302", "content": "你再骂！"}, {"uid": "286949502", "content": "？。？？"}, {"uid": "505060412", "content": "优美的中国话2077"}, {"uid": "168280077", "content": "泪目"}, {"uid": "382542249", "content": "你再骂"}, {"uid": "481940350", "content": "你再骂？"}, {"uid": "18119032", "content": "你再骂"}, {"uid": "225849838", "content": "前面？？？？？？？"}, {"uid": "602453435", "content": "战斗"}, {"uid": "1217515085", "content": "薇酱"}, {"uid": "554626144", "content": "《轻 松》"}, {"uid": "43187091", "content": "泪目呜呜"}, {"uid": "613623677", "content": "你再驾"}, {"uid": "363312343", "content": "你再骂？？"}, {"uid": "509723405", "content": "泪目……"}, {"uid": "39060450", "content": "有点像团长"}, {"uid": "429582339", "content": "泪目"}, {"uid": "385619413", "content": "戴安娜？wwww"}, {"uid": "404253386", "content": "哈哈哈哈哈哈哈哈哈"}, {"uid": "687959", "content": "你再骂"}, {"uid": "649967957", "content": "危"}, {"uid": "531738902", "content": "你在骂！"}, {"uid": "475685136", "content": "兄弟们全部泪目"}, {"uid": "250570536", "content": "你再骂！"}, {"uid": "493523052", "content": "你再骂！！"}, {"uid": "492567488", "content": "你再骂！"}, {"uid": "298047571", "content": "你再骂！"}, {"uid": "504090599", "content": "哟"}, {"uid": "504090599", "content": "哈哈哈哈哈哈哈"}, {"uid": "504090599", "content": "hhhhhhc"}, {"uid": "82745227", "content": "变相夸自己"}, {"uid": "82745227", "content": "哈哈哈哈哈哈啊哈哈哈"}, {"uid": "452944151", "content": "危"}, {"uid": "687862855", "content": "昨天的直播"}, {"uid": "435194882", "content": "危"}, {"uid": "353187563", "content": "摔路板"}, {"uid": "538329849", "content": "？？？？？？？？？？？？、"}, {"uid": "442644021", "content": "有预感，是BUG么"}, {"uid": "442644021", "content": "用最可爱的语气说话却干杀人的勾当，爱了爱了"}, {"uid": "604583445", "content": "一小时，热热还凑合"}, {"uid": "22111422", "content": "一个小时，热热还能吃"}, {"uid": "3041044", "content": "你再骂"}, {"uid": "16286090", "content": "干碧大厦"}, {"uid": "442267821", "content": "魔鬼封面"}, {"uid": "26940160", "content": "哈哈哈哈哈哈哈哈"}, {"uid": "545690944", "content": "危"}, {"uid": "518345993", "content": "WTF"}, {"uid": "437359086", "content": "在现场，快上车是我发的（doge）"}, {"uid": "490156068", "content": "下次一定（doge）"}, {"uid": "518345993", "content": "我去"}, {"uid": "310632700", "content": "你再骂！"}, {"uid": "481720644", "content": "你再骂！"}, {"uid": "394826540", "content": "快上车？"}, {"uid": "505874697", "content": "被杀戮"}, {"uid": "504226947", "content": "6分钟烫手"}, {"uid": "610297740", "content": "怎么价格还提高了"}, {"uid": "494048789", "content": "你在骂！"}, {"uid": "312752328", "content": "硬核购买"}, {"uid": "20151566", "content": "-危-"}, {"uid": "512771254", "content": "危酱危酱你的脸怎么这么黑呀"}, {"uid": "418220825", "content": "射♂爆"}, {"uid": "1665707332", "content": "自♂由的城市"}, {"uid": "1134081240", "content": "你再骂！"}, {"uid": "454745293", "content": "赛 博 朋 克 1807"}, {"uid": "371789000", "content": "危"}, {"uid": "1534703088", "content": "早上好，夜之城"}, {"uid": "696436730", "content": "危危危危危危"}, {"uid": "704130610", "content": "有基佬开我裤链？"}, {"uid": "407159185", "content": "＠育碧先生"}, {"uid": "2018862284", "content": "危危危危危危危危"}, {"uid": "690957616", "content": "刀傻了"}, {"uid": "174930238", "content": "插前面......"}, {"uid": "637542761", "content": "我阿兹卡班来的，准备抓人了"}, {"uid": "1057832315", "content": "麻瓜世界"}, {"uid": "1859657480", "content": "脸之大，不知其几千里也。"}, {"uid": "696755593", "content": "赛博朋克2066"}, {"uid": "445622821", "content": "草"}, {"uid": "514666084", "content": "铁咩！！！！！"}, {"uid": "491639102", "content": "你再骂！"}, {"uid": "560183340", "content": "你再骂？"}, {"uid": "455776170", "content": "哈哈哈哈哈哈"}, {"uid": "512671876", "content": "你再骂（小声BB）"}, {"uid": "556238061", "content": "要学会利用bug"}, {"uid": "137145866", "content": "你在骂"}, {"uid": "1743131279", "content": "危"}, {"uid": "1958191922", "content": "前面的老工作细胞black了"}, {"uid": "549603141", "content": "好可爱啊啊啊啊"}, {"uid": "1852374363", "content": "丧失天良"}, {"uid": "1852374363", "content": "丧失天良"}, {"uid": "527236373", "content": "你再骂！"}, {"uid": "703106965", "content": "怎么越来越贵？"}, {"uid": "604226692", "content": "黑店了一个∴"}, {"uid": "631523045", "content": "团长奥尔加（幻觉）"}, {"uid": "1086488957", "content": "你再骂！"}, {"uid": "666725653", "content": "镐击融合"}, {"uid": "700225033", "content": "你再骂！"}, {"uid": "13597031", "content": "你再骂"}, {"uid": "423574631", "content": "万科草"}, {"uid": "526570897", "content": "快上车！"}, {"uid": "646330488", "content": "G基融合？"}, {"uid": "672209873", "content": "忽然出刀"}, {"uid": "684535784", "content": "你在骂！"}, {"uid": "1088038557", "content": "《杀手皇后》"}, {"uid": "8846168", "content": "危"}, {"uid": "524087348", "content": "一点点"}, {"uid": "524087348", "content": "爽"}, {"uid": "524087348", "content": "chua"}, {"uid": "51281332", "content": "泪目"}, {"uid": "51281332", "content": "你再骂？"}, {"uid": "544054746", "content": "霍格朋克魔法世界"}, {"uid": "483621933", "content": "hhhhhhhhhhhhh"}, {"uid": "630291046", "content": "玉米大厦"}, {"uid": "488614914", "content": "你发情了"}, {"uid": "521010861", "content": "格兰芬多前来报告"}, {"uid": "1863135126", "content": "危"}, {"uid": "509718068", "content": "泪目"}, {"uid": "508021951", "content": "种出人头地可太草了"}, {"uid": "489026243", "content": "危"}, {"uid": "485224101", "content": "0.88可行，黑；成交"}, {"uid": "601644562", "content": "你在骂！"}, {"uid": "525167232", "content": "你再骂！"}, {"uid": "356723687", "content": "你再骂！？"}, {"uid": "667607635", "content": "泪目"}, {"uid": "22644637", "content": "我想理发"}, {"uid": "396392102", "content": "？？？？？？"}, {"uid": "650916127", "content": "危"}, {"uid": "650916127", "content": "危危"}, {"uid": "572015219", "content": "你再骂！"}, {"uid": "278952228", "content": "我以为我电话响了"}, {"uid": "676406767", "content": "危"}, {"uid": "307008604", "content": "我还以为指的是那个游戏呢。。。。"}, {"uid": "602204479", "content": "《孝口常开》"}, {"uid": "480996281", "content": "你再骂"}, {"uid": "21723540", "content": "你再骂！"}, {"uid": "440596664", "content": "ber"}, {"uid": "686666297", "content": "好熟悉的音乐"}, {"uid": "299346120", "content": "便通"}, {"uid": "399917638", "content": "泪目"}, {"uid": "1079453803", "content": "乐目"}, {"uid": "516868926", "content": "虎狼之词"}, {"uid": "600065110", "content": "赛博朋克bug 77"}, {"uid": "504090599", "content": "带制作"}, {"uid": "615940888", "content": "你再骂！"}, {"uid": "22221763", "content": "第三次！"}, {"uid": "249981247", "content": "孙悟空直呼内行"}, {"uid": "223922949", "content": "危"}, {"uid": "6393783", "content": "盲猜筷子"}, {"uid": "628638261", "content": "《买》"}, {"uid": "398619772", "content": "危"}, {"uid": "96639849", "content": "哈哈哈哈哈"}, {"uid": "590372355", "content": "8万8可还行"}, {"uid": "74208799", "content": "泪目"}, {"uid": "516702273", "content": "危"}, {"uid": "604118780", "content": "？？？？？？？"}, {"uid": "432131357", "content": "电鹿↓"}, {"uid": "477071106", "content": "i了i了"}, {"uid": "454277724", "content": "八神庵"}, {"uid": "550431173", "content": "你再骂！"}, {"uid": "511914042", "content": "泪目"}, {"uid": "29653146", "content": "哈哈哈哈"}, {"uid": "495846133", "content": "危"}, {"uid": "363312343", "content": "泪目"}, {"uid": "363312343", "content": "你再骂？"}, {"uid": "522951763", "content": "jack危"}, {"uid": "351418536", "content": "你再骂"}, {"uid": "385619413", "content": "危"}, {"uid": "510402331", "content": "先双连 硬币没了qwq"}, {"uid": "451298230", "content": "你再骂"}, {"uid": "22158599", "content": "八万八千发子弹么=。="}, {"uid": "519296351", "content": "逐渐盒化"}, {"uid": "394912631", "content": "在现场"}, {"uid": "357104248", "content": "泪目"}, {"uid": "525577946", "content": "你再骂"}, {"uid": "250570536", "content": "兄弟们把泪目打在公屏上"}, {"uid": "473890487", "content": "在现场"}, {"uid": "567837954", "content": "你再骂!"}, {"uid": "177346429", "content": "你在骂"}, {"uid": "506913368", "content": "危"}, {"uid": "626824058", "content": "我噗。。。。。。。"}, {"uid": "520513407", "content": "聋子传奇"}, {"uid": "483635620", "content": "你再骂！"}, {"uid": "499249180", "content": "你在骂"}, {"uid": "162182637", "content": "危!"}, {"uid": "498661719", "content": "危!!!"}, {"uid": "518539539", "content": "你再骂！"}, {"uid": "137006635", "content": "？？？？？？？、"}, {"uid": "701765264", "content": "你再骂！"}, {"uid": "10747679", "content": "4分钟，芜湖"}, {"uid": "515953856", "content": "《父慈子孝》"}, {"uid": "671349209", "content": "你再骂"}, {"uid": "25914168", "content": "危"}, {"uid": "675286202", "content": "两个小时，热热还能吃"}, {"uid": "45636423", "content": "。合哈哈哈哈"}, {"uid": "29889680", "content": "抽卡"}, {"uid": "511059717", "content": "草"}, {"uid": "291377391", "content": "危"}, {"uid": "49758811", "content": "你是鹿！"}, {"uid": "604613622", "content": "你在骂"}, {"uid": "538346162", "content": "你在骂"}, {"uid": "29430154", "content": "喂"}, {"uid": "454904620", "content": "你在骂？"}, {"uid": "563494287", "content": "危"}, {"uid": "471617320", "content": "育碧：我们没有魔法和bug，只有特性"}, {"uid": "520382243", "content": "猝不及防"}, {"uid": "26940160", "content": "shuilu"}, {"uid": "74349776", "content": "再说一次 我不叫喂 我叫 楚雨荨"}, {"uid": "389395155", "content": "？？？？？？"}, {"uid": "518345993", "content": "礼尚往来"}, {"uid": "490156068", "content": "泪目"}, {"uid": "520633035", "content": "《和气生财》"}, {"uid": "215351189", "content": "父慈子孝"}, {"uid": "215351189", "content": "赛博朋克2077"}, {"uid": "454798104", "content": "核气生财"}, {"uid": "450891369", "content": "格兰芬多来了"}, {"uid": "473993704", "content": "rua"}, {"uid": "473993704", "content": "泪目"}, {"uid": "578426783", "content": "父慈子孝"}, {"uid": "388002308", "content": "壁咚"}, {"uid": "395180031", "content": "危危"}, {"uid": "39773847", "content": "危"}, {"uid": "312752328", "content": "来辽"}, {"uid": "298545057", "content": "烫手"}, {"uid": "1514442514", "content": "危    钛金手机    危"}, {"uid": "1758692274", "content": "你再骂!"}, {"uid": "1301396103", "content": "《偷走》"}, {"uid": "2054882069", "content": "你再骂！"}, {"uid": "527266910", "content": "你在骂"}, {"uid": "362280284", "content": "赛格信条"}, {"uid": "704130610", "content": "还没你头像好看"}, {"uid": "1081915434", "content": "非主流冷少"}, {"uid": "281717509", "content": "多眼巨人"}, {"uid": "521983663", "content": "名场面"}, {"uid": "1845986766", "content": "封面雷击"}, {"uid": "529799690", "content": "危"}, {"uid": "2124132746", "content": "咋还越来越贵呢？"}, {"uid": "1091037817", "content": "你在骂"}, {"uid": "519667728", "content": "斯内普"}, {"uid": "1044316480", "content": "基金会表示很赞"}, {"uid": "592750281", "content": "你在骂！"}, {"uid": "441130349", "content": "泪目"}, {"uid": "1182180725", "content": "angry Joe，这是新bug"}, {"uid": "444234697", "content": "刺客信条式潜入"}, {"uid": "405988625", "content": "你再骂！"}, {"uid": "477794098", "content": "赛博朋克1977"}, {"uid": "399974530", "content": "在哪？在哪？在哪？"}, {"uid": "701479126", "content": "《轻松》"}, {"uid": "600472803", "content": "穿透魔法，简称穿模"}, {"uid": "1235920184", "content": "van♂"}, {"uid": "1966132815", "content": "你再骂"}, {"uid": "2060285410", "content": "发情的鹿"}, {"uid": "1801507147", "content": "泪目"}, {"uid": "544130427", "content": "泪目"}, {"uid": "544130427", "content": "？？？？？？？？？？？"}, {"uid": "26104200", "content": "你在骂"}, {"uid": "523874141", "content": "你再骂"}, {"uid": "1996080230", "content": "哈 利 波 特"}, {"uid": "604226692", "content": "哪里的战斗？←_←"}, {"uid": "631523045", "content": "买（指物理）"}, {"uid": "641977952", "content": "真爱"}, {"uid": "666725653", "content": "非主流"}, {"uid": "701900311", "content": "危"}, {"uid": "700225033", "content": "育碧赞助"}, {"uid": "700225033", "content": "核气生财"}, {"uid": "620977750", "content": "阿兹卡班欢迎您！"}, {"uid": "490514955", "content": "骂谁呢"}, {"uid": "1860372871", "content": "你再骂"}, {"uid": "594053121", "content": "危"}, {"uid": "547209399", "content": "你再骂！"}, {"uid": "491531480", "content": "泪目"}, {"uid": "651936309", "content": "欢迎收看赛博朋克1977"}, {"uid": "650030179", "content": "危"}, {"uid": "511485564", "content": "你再骂"}, {"uid": "508021951", "content": "汝名之酒"}, {"uid": "434193488", "content": "危"}, {"uid": "51281332", "content": "危"}, {"uid": "627190409", "content": "霍格沃兹2077"}, {"uid": "415195637", "content": "你再骂！"}, {"uid": "529728665", "content": "危"}, {"uid": "504031239", "content": "看了几个up都用这个发型"}, {"uid": "669560744", "content": "太阳是懵逼(人)十兆"}, {"uid": "648378153", "content": "信 条"}, {"uid": "489026243", "content": "危"}, {"uid": "672530267", "content": "泪目"}, {"uid": "485224101", "content": "喂"}, {"uid": "499798005", "content": "你在骂"}, {"uid": "379335161", "content": "危"}, {"uid": "356723687", "content": "射♂"}, {"uid": "260319887", "content": "德拉曼在开车"}, {"uid": "26140316", "content": "别刀了别刀了"}, {"uid": "672550450", "content": "氧化钙"}, {"uid": "618443893", "content": "危"}, {"uid": "513505767", "content": "转守为攻"}, {"uid": "46276", "content": "？？？？"}, {"uid": "544320000", "content": "许多鞋子"}, {"uid": "496210833", "content": "危"}, {"uid": "568225764", "content": "脑鸡融合"}, {"uid": "665680898", "content": "233333"}, {"uid": "511692541", "content": "我女的"}, {"uid": "524620137", "content": "你再骂"}, {"uid": "535047349", "content": "危"}, {"uid": "545195926", "content": "哈利波特。。。"}, {"uid": "500623259", "content": "你再骂"}, {"uid": "696089255", "content": "危"}, {"uid": "431064691", "content": "赛博人身体中弹基本没事"}, {"uid": "544376501", "content": "危"}, {"uid": "496552255", "content": "哈利波特表示懵逼"}, {"uid": "604244239", "content": "危"}, {"uid": "642743267", "content": "你在骂"}, {"uid": "448139250", "content": "哈哈哈"}, {"uid": "379399197", "content": "草"}, {"uid": "367353254", "content": "你再骂"}, {"uid": "492866227", "content": "危"}, {"uid": "506664086", "content": "泪目"}, {"uid": "353384904", "content": "危"}, {"uid": "504261487", "content": "？？？？？？？？？"}, {"uid": "39547503", "content": "在现场"}, {"uid": "663097430", "content": "你再骂！"}, {"uid": "18119032", "content": "你再骂"}, {"uid": "554626144", "content": "你再骂"}, {"uid": "22666483", "content": "你再骂"}, {"uid": "511914042", "content": "不是淦币吗？"}, {"uid": "549749988", "content": "我不在乎什么父慈子孝。我只想听电鹿学猫叫。"}, {"uid": "43187091", "content": "泪目"}, {"uid": "43187091", "content": "？？？？"}, {"uid": "21056672", "content": "哈哈哈哈"}, {"uid": "363312343", "content": "？？？？？"}, {"uid": "441787915", "content": "危"}, {"uid": "677056310", "content": "？？？？？？"}, {"uid": "677056310", "content": "你再骂？"}, {"uid": "353608697", "content": "海德薇奏鸣曲"}, {"uid": "451298230", "content": "危"}, {"uid": "470262313", "content": "危"}, {"uid": "470262313", "content": "热乎的"}, {"uid": "355458628", "content": "草"}, {"uid": "674706287", "content": "可可爱爱"}, {"uid": "674706287", "content": "哈哈哈哈哈哈"}, {"uid": "499976364", "content": "我r"}, {"uid": "286155158", "content": "泪目"}, {"uid": "701765264", "content": "泪目"}, {"uid": "701765264", "content": "你再骂！"}, {"uid": "701765264", "content": "危"}, {"uid": "428385504", "content": "你再骂"}, {"uid": "504090599", "content": "好可爱呜呜呜"}, {"uid": "511856787", "content": "热乎的"}, {"uid": "1027543801", "content": "你再骂！！"}, {"uid": "550924220", "content": "危"}, {"uid": "661514493", "content": "想在这个地方人头落地？"}, {"uid": "604613622", "content": "危"}, {"uid": "519646239", "content": "你再骂"}, {"uid": "522005018", "content": "危"}, {"uid": "470544141", "content": "一小时还有余温"}, {"uid": "643607415", "content": "在现场，昨天好卡的"}, {"uid": "672570240", "content": "58分钟热乎"}, {"uid": "593962167", "content": "你再骂!"}, {"uid": "549603141", "content": "你再骂"}, {"uid": "549603141", "content": "危"}, {"uid": "500401924", "content": "43分钟"}, {"uid": "490156068", "content": "泪目"}, {"uid": "523516913", "content": "hhhhhhhhhhhhh"}, {"uid": "310632700", "content": "危"}, {"uid": "454798104", "content": "《啊这》"}, {"uid": "454798104", "content": "危"}, {"uid": "437359086", "content": "从这开始在现场"}, {"uid": "628118849", "content": "《买》"}, {"uid": "650914245", "content": "十三分钟"}, {"uid": "594453502", "content": "泪目"}, {"uid": "627256453", "content": "梦 幻 联 动"}, {"uid": "499481804", "content": "前排承包电鹿老婆！"}, {"uid": "549872081", "content": "热乎+"}, {"uid": "494048789", "content": "泪目"}, {"uid": "344425030", "content": "危"}, {"uid": "456162839", "content": "热乎的"}, {"uid": "482584592", "content": "危"}, {"uid": "379848002", "content": "危"}, {"uid": "494048789", "content": "哈哈哈哈哈哈哈哈哈哈"}, {"uid": "352447367", "content": "一分钟wc"}, {"uid": "524876660", "content": "危"}, {"uid": "1227672501", "content": "我叫van♂"}, {"uid": "1559374300", "content": "你再骂！"}, {"uid": "1405924340", "content": "傻狍子！"}, {"uid": "1527065065", "content": "你再骂"}, {"uid": "2026925680", "content": "你再骂"}, {"uid": "1559374300", "content": "你在骂"}, {"uid": "2069346975", "content": "你再骂！"}, {"uid": "542897129", "content": "危"}, {"uid": "535010415", "content": "危"}, {"uid": "2138964884", "content": "你在骂！"}, {"uid": "518855968", "content": "危"}, {"uid": "602462787", "content": "危"}, {"uid": "610048616", "content": "你再骂！"}, {"uid": "1859657480", "content": "哮"}, {"uid": "470368576", "content": "危"}, {"uid": "405988625", "content": "危"}, {"uid": "491639102", "content": "危"}, {"uid": "686498092", "content": "你再骂"}, {"uid": "593978972", "content": "你再骂！"}, {"uid": "1518907032", "content": "危"}, {"uid": "646011377", "content": "危"}, {"uid": "695062621", "content": "你再骂"}, {"uid": "510194759", "content": "危"}, {"uid": "660210355", "content": "？"}, {"uid": "678420473", "content": "bug77"}, {"uid": "631108657", "content": "你再骂"}, {"uid": "627066482", "content": "畏"}, {"uid": "538721849", "content": "泪目"}, {"uid": "440182720", "content": "危"}, {"uid": "1219413395", "content": "下次一定"}, {"uid": "412848295", "content": "你在骂"}, {"uid": "502761572", "content": "泪目"}, {"uid": "501207894", "content": "2077钛金手机"}, {"uid": "2029458373", "content": "危"}, {"uid": "507344525", "content": "哈哈哈哈哈哈哈哈哈哈"}, {"uid": "28504101", "content": "父辞子笑"}, {"uid": "596187539", "content": "圆形淦b大厦"}, {"uid": "2023484960", "content": "不！杰克！不一一一一！"}, {"uid": "426390071", "content": "赛博朋克1477"}, {"uid": "1679551404", "content": "危"}, {"uid": "1679551404", "content": "危"}, {"uid": "259908492", "content": "哈哈哈哈哈哈哈"}, {"uid": "261119745", "content": "你再骂"}, {"uid": "667742903", "content": "你在骂"}, {"uid": "1917374468", "content": "你再骂！"}, {"uid": "670191363", "content": "专业"}, {"uid": "511485564", "content": "你在骂！"}, {"uid": "605983372", "content": "振动？"}, {"uid": "1753177998", "content": "哈哈哈"}, {"uid": "483621933", "content": "哈哈哈哈哈哈哈"}, {"uid": "627190409", "content": "十个泪目九个笑，还有一个在狂笑"}, {"uid": "505842686", "content": "三郎？？？？？？？"}, {"uid": "517933982", "content": "不妨子弹"}, {"uid": "444427851", "content": "危"}, {"uid": "1965913509", "content": "《和气》"}, {"uid": "521010861", "content": "格兰芬多前来报告"}, {"uid": "1851390452", "content": "蛋"}, {"uid": "1863135126", "content": "危"}, {"uid": "38723348", "content": "？"}, {"uid": "545086895", "content": "危"}, {"uid": "489026243", "content": "危"}, {"uid": "500204857", "content": "危"}, {"uid": "560677929", "content": "危"}, {"uid": "687420084", "content": "你在骂"}, {"uid": "651100181", "content": "你再骂"}, {"uid": "485703228", "content": "危"}, {"uid": "496636432", "content": "嘛霍"}, {"uid": "647400935", "content": "你再骂!"}, {"uid": "434003105", "content": "谁"}, {"uid": "23791126", "content": "育碧直呼内行"}, {"uid": "538589092", "content": "核气生财"}, {"uid": "452051154", "content": "Hhhhhhhhhc"}, {"uid": "422657952", "content": "你再骂！"}, {"uid": "529637021", "content": "z"}, {"uid": "634358128", "content": "你再骂！"}, {"uid": "602550760", "content": "危"}, {"uid": "526561936", "content": "你再骂"}, {"uid": "675661983", "content": "你再骂"}, {"uid": "421328752", "content": "在现场。"}, {"uid": "477140969", "content": "哈哈哈哈哈哈哈哈哈哈哈"}, {"uid": "55055775", "content": "艾克？"}, {"uid": "13083605", "content": "我都直接崩了他"}, {"uid": "440596664", "content": "ber"}, {"uid": "91954237", "content": "绀碧大厦"}, {"uid": "677929047", "content": "危"}, {"uid": "514219685", "content": "下次一定"}, {"uid": "519330635", "content": "危"}, {"uid": "689484825", "content": "危"}, {"uid": "593733734", "content": "免费"}, {"uid": "629259336", "content": "帅哥你谁"}, {"uid": "501811990", "content": "你再骂？"}, {"uid": "379399197", "content": "泪目"}, {"uid": "379399197", "content": "草草草"}, {"uid": "490727699", "content": "铁驭？？ "}, {"uid": "628638261", "content": "危"}, {"uid": "543742862", "content": "电鹿在我家"}, {"uid": "531831395", "content": "爷清结"}, {"uid": "243119702", "content": "草草草草草草草草草"}, {"uid": "51403713", "content": "王雷？？？"}, {"uid": "286047023", "content": "赛博bug 2077"}, {"uid": "611389545", "content": "草"}, {"uid": "18717594", "content": "经典bug"}, {"uid": "18717594", "content": "我玩的时候也是哈哈哈"}, {"uid": "84621521", "content": "泪目"}, {"uid": "187734885", "content": "草"}, {"uid": "676630718", "content": "awsl"}, {"uid": "382542249", "content": "泪目"}, {"uid": "358763718", "content": "？？？？？"}, {"uid": "498437255", "content": "赛博朋克：cs"}, {"uid": "523731689", "content": "泪目"}, {"uid": "634050255", "content": "泪目"}, {"uid": "663932919", "content": "泪目"}, {"uid": "651779025", "content": "泪目"}, {"uid": "626822057", "content": "你再骂"}, {"uid": "410581200", "content": "在现场"}, {"uid": "699423262", "content": "热乎！！！！"}, {"uid": "419118520", "content": "危"}, {"uid": "363312343", "content": "学鹿叫"}, {"uid": "20225413", "content": "危"}, {"uid": "248187325", "content": "泪目"}, {"uid": "671198617", "content": "泪目"}, {"uid": "518800256", "content": "泪目"}, {"uid": "518800256", "content": "射"}, {"uid": "226521856", "content": "危"}, {"uid": "436612961", "content": "？？？？"}, {"uid": "567619151", "content": "八小时热乎"}, {"uid": "357104248", "content": "？"}, {"uid": "582785324", "content": "我。。。。"}, {"uid": "582785324", "content": "猝不及防"}, {"uid": "489161422", "content": "赛博信条2077"}, {"uid": "454391980", "content": "热乎"}, {"uid": "361347890", "content": "危"}, {"uid": "674706287", "content": "你再骂"}, {"uid": "1446942815", "content": "我的发你搁这儿玩魔术呢！"}, {"uid": "702048790", "content": "危"}, {"uid": "535358652", "content": "？"}, {"uid": "439505566", "content": "0.5醉鹿"}, {"uid": "137006635", "content": "你再骂？"}, {"uid": "701765264", "content": "火钳刘明"}, {"uid": "298047571", "content": "危"}, {"uid": "544191873", "content": "危"}, {"uid": "25914168", "content": "？？？"}, {"uid": "701764701", "content": "泪目"}, {"uid": "500787082", "content": "两小时热乎"}, {"uid": "604613622", "content": "淦"}, {"uid": "539671806", "content": "泪目"}, {"uid": "698178611", "content": "两小时热乎"}, {"uid": "586446357", "content": "热乎的"}, {"uid": "437202980", "content": "BUG 朋 克 2077（doge）"}, {"uid": "350270132", "content": "危"}, {"uid": "517395836", "content": "你再骂？"}, {"uid": "668764626", "content": "热乎的"}, {"uid": "549603141", "content": "泪目"}, {"uid": "448519421", "content": "危"}, {"uid": "660935490", "content": "来了"}, {"uid": "448519421", "content": "危"}, {"uid": "500401924", "content": "热乎的"}, {"uid": "636983326", "content": "37分钟太烫手了"}, {"uid": "520400631", "content": "30分钟？"}, {"uid": "518345993", "content": "这么大颗的吗？"}, {"uid": "518345993", "content": "你再骂"}, {"uid": "27915621", "content": "小bug太多了"}, {"uid": "215351189", "content": "真赛博朋克"}, {"uid": "454798104", "content": "啊这"}, {"uid": "526249150", "content": "我 们 买 了"}, {"uid": "364900252", "content": "危"}, {"uid": "22141324", "content": "干我也有这个BUG"}, {"uid": "619044404", "content": "两分钟！！"}, {"uid": "1905304207", "content": "来了"}, {"uid": "558322086", "content": "别刀了"}, {"uid": "412605347", "content": "八分钟！"}, {"uid": "384438952", "content": "awsl"}, {"uid": "502472325", "content": "cao"}, {"uid": "482584592", "content": "危"}, {"uid": "549708677", "content": "两分钟"}, {"uid": "349769663", "content": "你再骂？"}, {"uid": "395180031", "content": "2分钟"}, {"uid": "349769663", "content": "火钳刘明"}, {"uid": "411048674", "content": "你再骂"}, {"uid": "561784546", "content": "？？"}, {"uid": "1405924340", "content": "你在骂。"}, {"uid": "1405924340", "content": "你在吗？"}, {"uid": "670736281", "content": "你再骂？！"}, {"uid": "664700000", "content": "八万八？"}, {"uid": "473801776", "content": "拉姆(无端联想)"}, {"uid": "2026925680", "content": "危"}, {"uid": "696436730", "content": "你再骂"}, {"uid": "542897129", "content": "危"}, {"uid": "704130610", "content": "？？？？？"}, {"uid": "346034615", "content": "????"}, {"uid": "2054573644", "content": "父不慈子孝。"}, {"uid": "174930238", "content": "8848"}, {"uid": "698551438", "content": "危"}, {"uid": "1440673920", "content": "你再骂"}, {"uid": "602258110", "content": "赛博朋克1977"}, {"uid": "651341848", "content": "育碧特色"}, {"uid": "1859657480", "content": "？什么脸"}, {"uid": "509667469", "content": "NTM"}, {"uid": "1949322683", "content": "泪目"}, {"uid": "682813063", "content": "危"}, {"uid": "1236089507", "content": "你再骂！"}, {"uid": "549822582", "content": "那脖子上的标志？？？？"}, {"uid": "695062621", "content": "危"}, {"uid": "660210355", "content": "？"}, {"uid": "505763277", "content": "轻松"}, {"uid": "43087550", "content": "危"}, {"uid": "485703228", "content": "泪目"}, {"uid": "1236618293", "content": "危"}, {"uid": "1751599248", "content": "射♂爆"}, {"uid": "544130427", "content": "危"}, {"uid": "1996080230", "content": "轻松"}, {"uid": "604226692", "content": "喜羊羊成为真正的强者首先要去找哈利波特○|￣|_"}, {"uid": "28492387", "content": "泪目"}, {"uid": "431235835", "content": "危"}, {"uid": "437041906", "content": "泪目"}, {"uid": "1377440497", "content": "2077个bug"}, {"uid": "501207894", "content": "泪目"}, {"uid": "501207894", "content": "BUG朋克"}, {"uid": "283702821", "content": "危"}, {"uid": "2097483547", "content": "草"}, {"uid": "1162844206", "content": "泪目"}, {"uid": "627600967", "content": "育碧，碧玉，避孕？妙啊～（我没变色对吧）"}, {"uid": "442155781", "content": "草"}, {"uid": "442155781", "content": "？"}, {"uid": "442155781", "content": "危"}, {"uid": "685610063", "content": "你再骂"}, {"uid": "1388332272", "content": "哈哈"}, {"uid": "140080916", "content": "亿"}, {"uid": "1679551404", "content": "你再骂"}, {"uid": "628309259", "content": "？？？？ "}, {"uid": "491531480", "content": "你再骂"}, {"uid": "261119745", "content": "？？？？？？"}, {"uid": "1698867628", "content": "傻狍子"}, {"uid": "651046933", "content": "反弹"}, {"uid": "592977138", "content": "你再骂"}, {"uid": "34455909", "content": "艾克？"}, {"uid": "535051490", "content": "好运来（所有人有效）"}, {"uid": "483621933", "content": "？"}, {"uid": "484501016", "content": "草"}, {"uid": "617498541", "content": "取关警告"}, {"uid": "670397116", "content": "危"}, {"uid": "514488143", "content": "你再骂"}, {"uid": "166723821", "content": "草"}, {"uid": "670450974", "content": "？？？"}, {"uid": "485703228", "content": "？？？"}, {"uid": "43380004", "content": "反弹"}, {"uid": "510622401", "content": "艾克"}, {"uid": "422657952", "content": "你再骂"}, {"uid": "281163466", "content": "反弹"}, {"uid": "535013717", "content": "PoPo"}, {"uid": "646951338", "content": "危"}, {"uid": "478822062", "content": "危"}, {"uid": "671331933", "content": "你再骂"}, {"uid": "524620137", "content": "你再骂"}, {"uid": "524620137", "content": "你再骂"}, {"uid": "491756179", "content": "艾克"}, {"uid": "441941463", "content": "泪目"}, {"uid": "553192362", "content": "危"}, {"uid": "673393446", "content": "泪目"}, {"uid": "673393446", "content": "轻松"}, {"uid": "673393446", "content": "危"}, {"uid": "440596664", "content": "ber"}, {"uid": "440596664", "content": "草"}, {"uid": "545195926", "content": "正在和格兰芬多打架的斯莱特林一脸懵逼（格兰芬多也是），正在吃瓜的拉文克劳牵着赫奇帕奇的手，两人两脸懵逼，四人就是聚众懵逼"}, {"uid": "325800985", "content": "？梦幻联动"}, {"uid": "518000841", "content": "草"}, {"uid": "496552255", "content": "嗯"}, {"uid": "496552255", "content": "危"}, {"uid": "518841224", "content": "泪目"}, {"uid": "7955773", "content": "以和为贵"}, {"uid": "255088811", "content": "泪目"}, {"uid": "524015569", "content": "永久反弹"}, {"uid": "379399197", "content": "草"}, {"uid": "379399197", "content": "我们买了"}, {"uid": "379399197", "content": "危"}, {"uid": "34319579", "content": "斯莱特林路过"}, {"uid": "1545527470", "content": "危"}, {"uid": "553586046", "content": "噻啵彭哥  公元前2077"}, {"uid": "363057183", "content": "永久反弹"}, {"uid": "422548941", "content": "泪目"}, {"uid": "1176377515", "content": "泪目"}, {"uid": "32108310", "content": "无效"}, {"uid": "168246951", "content": "危"}, {"uid": "87194141", "content": "？？？"}, {"uid": "403589609", "content": "危"}, {"uid": "505060412", "content": "无极剑圣"}, {"uid": "652064143", "content": "危"}, {"uid": "12315581", "content": "害怕"}, {"uid": "542841954", "content": "老婆呢，有吗？"}, {"uid": "493691351", "content": "危"}, {"uid": "356870224", "content": "v"}, {"uid": "544041366", "content": "危"}, {"uid": "34542570", "content": "早川秋"}, {"uid": "363312343", "content": "危"}, {"uid": "175091953", "content": "这里在现场"}, {"uid": "456616903", "content": "危"}, {"uid": "451298230", "content": "？？？？"}, {"uid": "671198617", "content": "泪目"}, {"uid": "538195774", "content": "你再骂？"}, {"uid": "114383961", "content": "危危危"}, {"uid": "470262313", "content": "危"}, {"uid": "582785324", "content": "和气生财"}, {"uid": "82707279", "content": "你在骂！"}, {"uid": "525671608", "content": "危"}, {"uid": "674706287", "content": "额"}, {"uid": "29137205", "content": "？？？"}, {"uid": "412920350", "content": "我发现现在的人都喜欢冷少造型 "}, {"uid": "554678444", "content": "危"}, {"uid": "498661719", "content": "泪目"}, {"uid": "554678444", "content": "？？？？？？？？。"}, {"uid": "647855327", "content": "哈利波特？"}, {"uid": "491812210", "content": "危"}, {"uid": "343176884", "content": "草"}, {"uid": "616809676", "content": "哈哈哈哈哈哈哈哈哈"}, {"uid": "609124686", "content": "泪目"}, {"uid": "471445734", "content": "猝不及防"}, {"uid": "670182456", "content": "热乎"}, {"uid": "510805568", "content": "1小时候"}, {"uid": "563494287", "content": "热乎！"}, {"uid": "5834721", "content": "awsl"}, {"uid": "668764626", "content": "热乎的·-·"}, {"uid": "35565205", "content": "泪目"}, {"uid": "490984963", "content": "热乎"}, {"uid": "448519421", "content": "危"}, {"uid": "74187998", "content": "热乎"}, {"uid": "554411458", "content": "危"}, {"uid": "518345993", "content": "礼尚往来"}, {"uid": "215351189", "content": "真 赛博朋克"}, {"uid": "454798104", "content": "？？？"}, {"uid": "445715211", "content": "awsl"}, {"uid": "1602751893", "content": "淦"}, {"uid": "594453502", "content": "泪目"}, {"uid": "508412155", "content": "危"}, {"uid": "388002308", "content": "猫壁"}, {"uid": "523954081", "content": "危"}, {"uid": "691678409", "content": "火钳刘明"}, {"uid": "592326197", "content": "热乎+"}, {"uid": "395180031", "content": "热乎"}, {"uid": "341635521", "content": "hi"}, {"uid": "434337083", "content": "热乎"}, {"uid": "410932868", "content": "危"}, {"uid": "410932868", "content": "危"}, {"uid": "403326453", "content": "1播放！！！"}, {"uid": "456792859", "content": "热乎的"}, {"uid": "498503796", "content": "永远反弹"}, {"uid": "1665707332", "content": "我D你妈D"}, {"uid": "1786791539", "content": "危"}, {"uid": "1786791539", "content": "危"}, {"uid": "1358137255", "content": "危危"}, {"uid": "1362175088", "content": "危"}, {"uid": "462420047", "content": "泪目"}, {"uid": "2026925680", "content": "c"}, {"uid": "1299389518", "content": "泪目"}, {"uid": "626643990", "content": "你再骂"}, {"uid": "435287121", "content": "你再骂"}, {"uid": "596930881", "content": "永久反弹"}, {"uid": "346034615", "content": "危"}, {"uid": "699818995", "content": "好庄周哦"}, {"uid": "1081915434", "content": "不，你没听到"}, {"uid": "2018862284", "content": "危"}, {"uid": "518855968", "content": "危"}, {"uid": "1011763670", "content": "【老番茄】进入了直播间"}, {"uid": "122031410", "content": "危"}, {"uid": "440158339", "content": "."}, {"uid": "1297628029", "content": "NBNB"}, {"uid": "651341848", "content": "泪目"}, {"uid": "351400351", "content": "热乎"}, {"uid": "1277933745", "content": "危"}, {"uid": "686498092", "content": "你三连没了"}, {"uid": "551123501", "content": "格兰芬多报道"}, {"uid": "1703957908", "content": "危危危"}]