[{"uid": "623091621", "content": "Python实锤"}, {"uid": "1078533062", "content": "所以绿总常笑"}, {"uid": "470698609", "content": "机 气 人 小 绿"}, {"uid": "517894975", "content": "BGM不对劲"}, {"uid": "49762230", "content": "这个狍子疯了大家赶紧跑啊"}, {"uid": "515352777", "content": "好家伙加一个重金属的变声器就是原版了（应该也许大概可能是吧）"}, {"uid": "692359108", "content": "注：这里配的是小蓝"}, {"uid": "670393443", "content": "泪目们，把公屏打在兄弟上。"}, {"uid": "318543041", "content": "现在这个声音和小蓝特别像！保持好！"}, {"uid": "409592146", "content": "宝贝儿！你在打游戏啊！"}, {"uid": "261001272", "content": "卧槽卧槽卧槽梦幻联动"}, {"uid": "278952228", "content": "疯   鹿   病"}, {"uid": "443691485", "content": "真的挺像的aaa而且没有违和感唉！"}, {"uid": "312113494", "content": "这个蓝酱貌似不是双儿原声哎！是不是电鹿自己配的！"}, {"uid": "475066313", "content": "完    全   一   致"}, {"uid": "405562430", "content": "糟糕，是心肌梗塞的感觉"}, {"uid": "268595833", "content": "一模一样"}, {"uid": "31426670", "content": "你更粗一点"}, {"uid": "353233630", "content": "甚至小蓝更像电鹿，草"}, {"uid": "618602603", "content": "多好的up怎么说疯就疯了[doge]"}, {"uid": "618602603", "content": "少年好颜艺！"}, {"uid": "499312316", "content": "灭 亡 迅 雷"}, {"uid": "447374952", "content": "python瞩目"}, {"uid": "389358647", "content": "《原声大碟》"}, {"uid": "649272734", "content": "自己开始giao~"}, {"uid": "519308553", "content": "你tm是电鹿吗？？"}, {"uid": "519308553", "content": "你tm是电鹿吗？"}, {"uid": "627313185", "content": "完了又疯一个。"}, {"uid": "98847381", "content": "梦   幻   联   动"}, {"uid": "630397041", "content": "音乐渐渐不对劲。"}, {"uid": "268595833", "content": "前方高能，耳机党调低音量！"}, {"uid": "268595833", "content": "完全一致"}, {"uid": "386428803", "content": "你还配了小蓝的声音?"}, {"uid": "35601080", "content": "哈哈哈哈太调皮了！！！"}, {"uid": "43727248", "content": "好好的一只鹿说疯就疯"}, {"uid": "448871838", "content": "小蓝:又出故障了！"}, {"uid": "402442904", "content": "绿总缓缓打出一个问号"}, {"uid": "272400752", "content": "这孩子…傻了傻了，拿来煲汤吧"}, {"uid": "513993819", "content": "这是python，从：就可以看出来"}, {"uid": "615531743", "content": "完   全   一   样"}, {"uid": "603665294", "content": "笑得像个小天使～"}, {"uid": "358717125", "content": "原 声 大 碟"}, {"uid": "634148091", "content": "那位现在正在看的老铁"}, {"uid": "316724877", "content": "小绿:你在教我做事?!"}, {"uid": "472409310", "content": "完   全   一   致"}, {"uid": "361181946", "content": "《爷   笑   了》"}, {"uid": "235648809", "content": "笑得我赶紧拿下来耳机，并停止憋笑"}, {"uid": "493637703", "content": "三厨直接瞬间爆炸"}, {"uid": "550897703", "content": "谁！是谁动了我的音量键！！！"}, {"uid": "406768098", "content": "完  全  一  致"}, {"uid": "451765622", "content": "此时一位靓女感到懵逼"}, {"uid": "271179622", "content": "开始跟着笑哈哈哈哈哈哈哈哈"}, {"uid": "439044203", "content": "忘记原唱"}, {"uid": "442441055", "content": "？？？机绿你变了"}, {"uid": "442441055", "content": "这该是吃了多少个潮妹啊"}, {"uid": "486026435", "content": "完了又疯一个"}, {"uid": "636049569", "content": "兄弟萌，把泪目打在公屏上。"}, {"uid": "411577083", "content": "我从来不认识你，三连免了！不给你了！"}, {"uid": "492999829", "content": "无法拒绝了……"}, {"uid": "34171068", "content": "官方鬼畜，最为致命"}, {"uid": "495396844", "content": "于是我这个暑假准备出机绿了！！"}, {"uid": "626283369", "content": "谁！是谁动了我的音量键！！！"}, {"uid": "435183731", "content": "鬼畜区素材"}, {"uid": "630807958", "content": "又报错？！没报错？！"}, {"uid": "507665551", "content": "一顿几个潮妹啊？【doge】"}, {"uid": "487269741", "content": "佐         井"}, {"uid": "526583026", "content": "少年好颜艺"}, {"uid": "550897703", "content": "唉，又疯了一个"}, {"uid": "550897703", "content": "啊哈哈哈哈哈我裂开了"}, {"uid": "550897703", "content": "有小鹿内味儿了哈哈哈哈哈"}, {"uid": "550897703", "content": "所以他就是懒得改程序"}, {"uid": "417068691", "content": "笑也不行，不笑也不行，做人真难啊【原剧情】"}, {"uid": "489979984", "content": "又夹带私货hhhhh"}, {"uid": "489979984", "content": "夹   带   私   货"}, {"uid": "545212942", "content": "此鹿己疯，我裂开了！，"}, {"uid": "502899262", "content": "有内味了！哈哈哈哈哈哈哈"}, {"uid": "362552957", "content": "一顿几个人工杠精啊电鹿"}, {"uid": "385021899", "content": "得明白，没人喜欢整天负能量的人"}, {"uid": "474133714", "content": "我刚刚，好像被会心一击了……"}, {"uid": "344442147", "content": "完 全 一 致"}, {"uid": "497179897", "content": "鹿居然也看绿蓝！！！"}, {"uid": "178126379", "content": "我居然真的跟着笑了哈哈哈哈哈"}, {"uid": "584865609", "content": "成功忘记剧情哈哈哈"}, {"uid": "430723498", "content": "你在教我做事情？（不是）"}, {"uid": "625191815", "content": "DIO:真是让我high到不行呢"}, {"uid": "509370215", "content": "耳机党当场暴毙，螺旋升天"}, {"uid": "35001062", "content": "绿总得气死了"}, {"uid": "434389711", "content": "这本来就是腐向啊集美们，蓝绿才是真爱啊"}, {"uid": "522759926", "content": "“普通的”等于“用尽力气”"}, {"uid": "517326601", "content": "你旁边的邻居拿着板砖冲向了你的房子"}, {"uid": "97530168", "content": "原配音：729星潮"}, {"uid": "402442904", "content": "啊等等我想起来了，前方高能"}, {"uid": "16069373", "content": "www我逃不过"}, {"uid": "473878844", "content": "一 模 一 样"}, {"uid": "454112332", "content": "鲁   班   七   号"}, {"uid": "494737545", "content": "毫无违和感"}, {"uid": "474133714", "content": "我刚刚，好像被会心一击了……"}, {"uid": "427399542", "content": "有内味了hhhhhhh"}, {"uid": "495912039", "content": "全 损 音 质"}, {"uid": "436858406", "content": "耳机党原地暴毙"}, {"uid": "513317017", "content": "要不是剧情变了我真要去看一集对比一下了"}, {"uid": "362832602", "content": "双厨狂喜，梦幻联动"}, {"uid": "446648168", "content": "哈哈哈哈哈幸好我没带耳机"}, {"uid": "427399717", "content": "前 方 高 能"}, {"uid": "27842183", "content": "一 模 一 样"}, {"uid": "503388179", "content": "我 鬼 畜 我 自 己"}, {"uid": "298755248", "content": "是心动啊！！！！"}, {"uid": "498661719", "content": "快跑，这只鹿疯了！！！"}, {"uid": "498661719", "content": "快跑，这只鹿疯了！！！"}, {"uid": "266382611", "content": "你就是专业的吧！？？？？？？"}, {"uid": "385361568", "content": "职业假笑"}, {"uid": "385361568", "content": "像小蓝又像机绿又像哮天"}, {"uid": "385361568", "content": "压声音骗新人的你是屑"}, {"uid": "322709937", "content": "完  全  一  致"}, {"uid": "518437128", "content": "机器人小绿声音更细啦……"}, {"uid": "438723862", "content": "？老婆你为什么要装攻？"}, {"uid": "520241279", "content": "催更生化危机"}, {"uid": "593705691", "content": "我刚玩完荒野乱斗，我看到一个人的名字叫飞上天的傻袍子，于是我就把他打死了，打死之后反应过来卧槽这是电路"}, {"uid": "526850898", "content": "小绿实在是太可爱了"}, {"uid": "526850898", "content": "猫爷和阿里巴巴"}, {"uid": "11824955", "content": "深度学习"}, {"uid": "403251425", "content": "前   方   高   能"}, {"uid": "403251425", "content": "前 方 注 意 音 量"}, {"uid": "454549501", "content": "果然我还是习惯火柴人吗"}, {"uid": "409169352", "content": "我不叫小蓝，所以下次一定"}, {"uid": "249583525", "content": "潮妹：谁抢我饭碗？"}, {"uid": "282773862", "content": "擦！这机绿完全一致啊！"}, {"uid": "406095002", "content": "卧槽，完全一样"}, {"uid": "332668181", "content": "感觉电鹿的声音很像双儿和潮儿啊"}, {"uid": "499157978", "content": "可攻可受，我❤️了！"}, {"uid": "430076249", "content": "完 全 一 致"}, {"uid": "30115998", "content": "真的有毒啊哈哈哈哈哈哈哈哈哈"}, {"uid": "411656421", "content": "别以为放原片我听不出来"}, {"uid": "662652874", "content": "停，别配蓝总就是原剧了，蓝总真的不像"}, {"uid": "549320544", "content": "我爱了，请务必多出"}, {"uid": "496608070", "content": "三厨原地飞升"}, {"uid": "670538691", "content": "我擦完全一样"}, {"uid": "637542761", "content": "既像双儿，又像星潮！"}, {"uid": "351417960", "content": "硬是唱成了奇妙约会"}, {"uid": "689939310", "content": "满屏凹凸耶"}, {"uid": "515352777", "content": "收回我的赞，收回我的币（好像本来就是白嫖的）"}, {"uid": "277694336", "content": "？？怀疑你发的原片哈哈。"}, {"uid": "633744757", "content": "等等，这个背景是微笑世界?!四厨狂喜"}, {"uid": "1580684604", "content": "小绿不就是个中二吗"}, {"uid": "549887880", "content": "好，我懂了 我出十个硬币把电路雇过来 "}, {"uid": "470262313", "content": "傻孩子们，快跑啊！！！"}, {"uid": "133006483", "content": "草，京味儿生了出来儿"}, {"uid": "696213025", "content": "电路又低调了。大家就配合一下吧。装作不知道。"}, {"uid": "400388559", "content": "完全一致"}, {"uid": "437553887", "content": "看了刀剑三之后，所以让ai自主学习就是自下而上的ai吗"}, {"uid": "668997060", "content": "兄弟，你放什么原音啊？"}, {"uid": "22282403", "content": "完 全 一 致"}, {"uid": "268595833", "content": "完全一致"}, {"uid": "255455292", "content": "卧槽完全一致"}, {"uid": "588690420", "content": "法克儿"}, {"uid": "618602603", "content": "夹 带 私 货"}, {"uid": "630978070", "content": "“小”奇怪的东西……"}, {"uid": "603821087", "content": "san值-∞"}, {"uid": "74342652", "content": "考虑一下曹娘子呗"}, {"uid": "320580309", "content": "耳机党阵亡"}, {"uid": "673057492", "content": "每日亿遍，烦恼再见"}, {"uid": "401301745", "content": "其实只是有点想对配音演员很熟悉的话就能听出区别还是很大的。但是也很棒。"}, {"uid": "630397041", "content": "前方高能，这块电路板短路了。"}, {"uid": "636983326", "content": "邻居:这人神经病吧？"}, {"uid": "449984057", "content": "唉，又疯了一个"}, {"uid": "531611530", "content": "游戏:为什么打我！！！？？"}, {"uid": "38136326", "content": "完全一致还不至于吧……"}, {"uid": "521980973", "content": "三厨当场笑到去世"}, {"uid": "510275511", "content": "好草哈哈哈哈哈哈哈哈哈"}, {"uid": "449984057", "content": "又疯了一个"}, {"uid": "602159870", "content": "我TM原地升天"}, {"uid": "495911905", "content": "所以你要超越人类?"}, {"uid": "501881904", "content": "小绿和小蓝"}, {"uid": "439936964", "content": "有内味儿了"}, {"uid": "641977952", "content": "你放的是原声！！！"}, {"uid": "418948583", "content": "我了个大草"}, {"uid": "282368952", "content": "分不出谁是原版了"}, {"uid": "404890142", "content": "宝宝巴士"}, {"uid": "472409310", "content": "哈哈哈哈哈哈哈哈哈我裂开"}, {"uid": "399278105", "content": "我开心个锤子【滑稽"}, {"uid": "618501089", "content": "孩子们，快跑啊!"}, {"uid": "456612496", "content": "这声音我很喜欢吼吼"}, {"uid": "550897703", "content": "啊哈哈哈哈哈我裂开了"}, {"uid": "550897703", "content": "完全一致啊喂！"}, {"uid": "550897703", "content": "这声音我爱了"}, {"uid": "494840542", "content": "绿蓝老粉了"}, {"uid": "478089038", "content": "傻孩子们，快跑啊！"}, {"uid": "601160648", "content": "此鹿已疯，烤来次"}, {"uid": "520386292", "content": "?小绿和小蓝？梦幻联动双厨狂喜"}, {"uid": "520386292", "content": "?小绿和小蓝？梦幻联动双厨狂喜"}, {"uid": "351725699", "content": "哈哈哈哈哈哈哈哈哈哈哈"}, {"uid": "271179622", "content": "一定要笑死我吗啊哈哈哈哈"}, {"uid": "439044203", "content": "我TM原地裂开"}, {"uid": "439044203", "content": "用手柄的时候歪身体有助于你躲技能（确信）"}, {"uid": "583261765", "content": "完了完了，这鹿已经无药可救了"}, {"uid": "470747197", "content": "三橱分尸"}, {"uid": "486026435", "content": "强人锁男"}, {"uid": "636049569", "content": "突然发现.........."}, {"uid": "502285590", "content": "双厨原地升天核爆"}, {"uid": "36555307", "content": "现在走还来得及！！！"}, {"uid": "608300228", "content": "电鹿就没正常过"}, {"uid": "478089038", "content": "赠片开死"}, {"uid": "471861658", "content": "看多少遍也都觉得机绿是天使！！！！！"}, {"uid": "626283369", "content": "？！完全一致！"}, {"uid": "433566571", "content": "行，是我媳妇的就行"}, {"uid": "261089793", "content": "我都跟着笑了"}, {"uid": "484912360", "content": "明示三连"}, {"uid": "492345367", "content": "画风突变"}, {"uid": "354103640", "content": "小蓝这发型有点儿像咱路哥"}, {"uid": "406094755", "content": "潮儿味十足"}, {"uid": "503929218", "content": "嗯，这是什么鬼？[来自红色弹幕]"}, {"uid": "591110433", "content": "快跑，这条鹿疯了，机枪手把机枪拿过来，狙击手已瞄准，刺刀兵肉搏"}, {"uid": "550897703", "content": "妈妈我恋爱了。"}, {"uid": "550897703", "content": "哮天啊，是哮天啊……"}, {"uid": "401793715", "content": "这声音我爱了"}, {"uid": "523050564", "content": "完全一只，一模一样，天呐！"}, {"uid": "362552957", "content": "完全一致"}, {"uid": "379445680", "content": "你在教我做事？（阴阳模式）"}, {"uid": "378852199", "content": "这……真的太像了!"}, {"uid": "513301303", "content": "完全一致啊喂！"}, {"uid": "503782522", "content": "我怎么觉得你可以把小蓝和小绿全配了"}, {"uid": "344442147", "content": "双厨狂喜"}, {"uid": "584793162", "content": "下亿次一定"}, {"uid": "506164366", "content": "沙雕版和鹰酱一模一样呀"}, {"uid": "498726047", "content": "电鹿你好像改剧情了"}, {"uid": "529584036", "content": "双出狂喜。"}, {"uid": "584865609", "content": "这是原动画我不管哈哈哈哈哈"}, {"uid": "500871553", "content": "小受受～诶嘿嘿"}, {"uid": "199829987", "content": "夹 带 私 货"}, {"uid": "478035630", "content": "别拿原声大碟骗我（Doge）"}, {"uid": "164920454", "content": "人 传 人"}, {"uid": "500090915", "content": "？？？'？电鹿疯了！！！！！"}, {"uid": "489928444", "content": "机绿厨狂…………草"}, {"uid": "496803807", "content": "不要拿原声糊弄我"}, {"uid": "591220827", "content": "我觉得她的声音更像小蓝"}, {"uid": "355278204", "content": "人工杠精"}, {"uid": "490715618", "content": "gey里gey气"}, {"uid": "591968909", "content": "完  全  一  致"}, {"uid": "379812715", "content": "哈哈哈好厉害"}, {"uid": "379812715", "content": "笑到去世"}, {"uid": "586893169", "content": "少拿原版骗我"}, {"uid": "470532414", "content": "喜欢一模一样"}, {"uid": "401787088", "content": "可以排除C＋＋"}, {"uid": "392707039", "content": "我打回原形了（猪）"}, {"uid": "97174218", "content": "让我看看这玩意在山海经第几页。吃不吃人"}, {"uid": "418117474", "content": "老婆你怎么了（doge"}, {"uid": "458168797", "content": "蓝吹笑得像个黑"}, {"uid": "38136326", "content": "你是不是把星潮请来了"}, {"uid": "503388179", "content": "一 模 一 样"}, {"uid": "454410209", "content": "小蓝与小绿好看到爆！"}, {"uid": "455210166", "content": "哈哈哈哈哈机绿好可爱"}, {"uid": "455210166", "content": "你搞原版骗我？？"}, {"uid": "253104881", "content": "哇哦，前面不像我认识的你"}, {"uid": "551346593", "content": "说实话，小蓝声音更重一点"}, {"uid": "583698257", "content": "耳机党已阵亡"}, {"uid": "362042935", "content": "完了，电鹿对绿蓝下手了"}, {"uid": "277970938", "content": "哈哈哈哈就有意思了"}, {"uid": "608840515", "content": "又疯一个"}, {"uid": "406055750", "content": "沙雕鹿名不虚传"}, {"uid": "32465057", "content": "黑魔仙小月"}, {"uid": "278952228", "content": "疯   鹿   病"}, {"uid": "514341572", "content": "这是在放原片吗？？？？！！！"}, {"uid": "527371107", "content": "点赞你太小看你自己了三连已有"}, {"uid": "523428235", "content": "宝宝巴士（doge）"}, {"uid": "485160712", "content": "吃面。喷了。"}, {"uid": "527371107", "content": "此鹿以疯"}, {"uid": "201474631", "content": "这小蓝...awsl"}, {"uid": "201474631", "content": "啊...这...投币！两个！"}, {"uid": "411435315", "content": "三厨原地升天系列"}, {"uid": "30115998", "content": "完全一致！！！！"}, {"uid": "501892845", "content": "黑摸仙小月"}, {"uid": "225926691", "content": "我很早之前就看绿蓝的漫画了是火柴人版的后面就没有追，不知道是不是改成漫画形式了ww"}, {"uid": "526850898", "content": "喜欢看真诚得笑容"}, {"uid": "442819296", "content": "哈哈哈哈 我感觉这样的剧情也挺好"}, {"uid": "1581970590", "content": "少拿原声骗我"}, {"uid": "516809781", "content": "电鹿疯了"}, {"uid": "478288055", "content": "哈哈哈哈哈哈哈哈哈哈哈哈草"}, {"uid": "300358105", "content": "哈哈哈哈哈哈哈"}, {"uid": "168193701", "content": "完全一致"}, {"uid": "515352777", "content": "右下角是实话"}, {"uid": "352352602", "content": "我笑了哈哈哈哈哈哈哈哈哈。"}, {"uid": "347877614", "content": "woc一模一样"}, {"uid": "407092956", "content": "哈哈哈哈哈哈哈哈哈哈哈"}, {"uid": "670393443", "content": "泪目们，把公屏打在兄弟上。"}, {"uid": "626783353", "content": "一模一样的！！！！"}, {"uid": "673628934", "content": "为啥感觉有点狗粮味？"}, {"uid": "1580684604", "content": "学苏尚卿倒还挺像"}, {"uid": "624318122", "content": "这是出了个啥玩意儿！"}, {"uid": "227845236", "content": "？？？？？？？违和感君呢"}, {"uid": "470262313", "content": "BGM不对劲。。。"}, {"uid": "404263200", "content": "看到封面时我以为是chara"}, {"uid": "693483915", "content": "完 全 一 致"}, {"uid": "431093624", "content": "已连接灭亡迅雷"}, {"uid": "382248617", "content": "双厨疯了"}, {"uid": "496030811", "content": "握草"}, {"uid": "496030811", "content": "傻孩子们，快跑啊！"}, {"uid": "496030811", "content": "一模一样"}, {"uid": "496030811", "content": "双厨狂喜"}, {"uid": "405024838", "content": "完全一致"}, {"uid": "470240835", "content": "0.5，有东西"}, {"uid": "539344498", "content": "夹带私货"}, {"uid": "648737762", "content": "bgm:神经病之歌不用谢"}, {"uid": "667095440", "content": "？？？说好的配音你咋放原片呢"}, {"uid": "507981037", "content": "耳机党当场去世"}, {"uid": "661501930", "content": "一模一样"}, {"uid": "661501930", "content": "完全一致"}, {"uid": "520172058", "content": "《神经病之歌》"}, {"uid": "498626173", "content": "我裂开了，我裂开了哈哈"}, {"uid": "622916176", "content": "电鹿和机绿一个生产线上的吧？"}, {"uid": "603665294", "content": "哇，来自机绿的灵魂发问……可绿总不也是吗？一直到遇见小蓝"}, {"uid": "254591155", "content": "前面黑塔利亚的+1！！！！！"}, {"uid": "501754954", "content": "一模一样"}, {"uid": "652214416", "content": "靠！这原版吧！！！"}, {"uid": "216269832", "content": "三厨狂喜到逝去"}, {"uid": "372268040", "content": "我笑得像个假的蓝绿吹"}, {"uid": "447758766", "content": "在呢"}, {"uid": "499996192", "content": "啊，孩子们快跑"}, {"uid": "493801529", "content": "？？？？夹带私货"}, {"uid": "472409310", "content": "？？？？？？？？？哈哈哈哈哈"}, {"uid": "210035541", "content": "不得了，一模一样！"}, {"uid": "501677409", "content": "完全一致"}, {"uid": "456612496", "content": "你管这叫小奇怪？？！不好意思，我很喜欢哈哈哈哈哈哈哈"}, {"uid": "456612496", "content": "这这这这放我出去"}, {"uid": "550897703", "content": "完全一致woc"}, {"uid": "351725699", "content": "完全一致"}, {"uid": "633887233", "content": "左下角各位"}, {"uid": "385440943", "content": "凹凸的雷德大宝贝！"}, {"uid": "456355196", "content": "完全一致？！"}, {"uid": "358008197", "content": "完全一致"}, {"uid": "539655912", "content": "小蓝（切换人格）知名文章牛郎织女作者↓"}, {"uid": "634903951", "content": "战术假笑"}, {"uid": "439479145", "content": "                                                                                                看这儿↑"}, {"uid": "591110433", "content": "少年好颜艺"}, {"uid": "526570897", "content": "唉，原谅色。小蓝咋不能染成黄色呀？"}, {"uid": "274989554", "content": "？？？？？？一毛一样"}, {"uid": "470262313", "content": "前方高能！！！啥孩子们！快跑啊！"}, {"uid": "22382358", "content": "才注意到tag里有一个搞笑..."}, {"uid": "482861519", "content": "少拿原版糊弄我。"}, {"uid": "20261848", "content": "你是谁"}, {"uid": "195494966", "content": "好可爱啊"}, {"uid": "34171068", "content": "快跑啊！傻孩子们！别回头！"}, {"uid": "495396844", "content": "@星潮     @苏尚卿"}, {"uid": "23732750", "content": "?????完全一致"}, {"uid": "503929218", "content": "笑得好变态呀[来自红色弹幕]"}, {"uid": "503929218", "content": "强人所难[来自红色弹幕]"}, {"uid": "414283856", "content": "？你在拿原版给我看"}, {"uid": "591110433", "content": "耳机表示已经阵亡了"}, {"uid": "550897703", "content": "完全一致啊啊啊"}, {"uid": "502899262", "content": "完全无二。一模一样"}, {"uid": "362552957", "content": "他来了他来了"}, {"uid": "516258730", "content": "注意右下角"}, {"uid": "597883490", "content": "一模一样完全一致。"}, {"uid": "29028522", "content": "完全一致"}, {"uid": "411207656", "content": "哈哈哈哈哈我裂开"}, {"uid": "344442147", "content": "我累开了"}, {"uid": "344442147", "content": "三厨升天"}, {"uid": "498726047", "content": "疯啦疯啦疯啦，怎么还把其他的剧情给剪切"}, {"uid": "627372474", "content": "这两个人怎么跟电路一样"}, {"uid": "627372474", "content": "这两个人都跟电路一样"}, {"uid": "475196304", "content": "完全一致"}, {"uid": "507476630", "content": "完全一致！！"}, {"uid": "437562120", "content": "哈哈哈哈哈哈哈哈"}, {"uid": "449683097", "content": "这鹿疯了，快去请如来佛祖！"}, {"uid": "67534256", "content": "全损音质，耳机党阵亡"}, {"uid": "178808855", "content": "完全一致"}, {"uid": "578711135", "content": "哮天啊，是哮天啊……"}, {"uid": "398474972", "content": "攻受分明"}, {"uid": "426802215", "content": "我喜欢玩捆绑，但这太严密了怎么进啊"}, {"uid": "591220827", "content": "他天天好累哦"}, {"uid": "33252472", "content": "这……太像了吧？！"}, {"uid": "534978545", "content": "哈哈哈哈哈哈哈哈哈哈魔鬼"}, {"uid": "16069373", "content": "哈哈哈哈哈up疯了"}, {"uid": "554523247", "content": "我为什么是满脸姨妈笑？"}, {"uid": "431524395", "content": "不愧是你"}, {"uid": "511080275", "content": "完全一致"}, {"uid": "437757273", "content": "魔鬼的步伐。"}, {"uid": "40634246", "content": "喜欢哈哈"}, {"uid": "122583617", "content": "笑死了哈哈哈哈哈哈哈哈"}, {"uid": "351824540", "content": "所以，你配哪段呀，，怎么都放原版啊"}, {"uid": "92344090", "content": "哈哈哈哈哈哈哈哈哈哈哈哈"}, {"uid": "100513124", "content": "汰，有毒，害怕"}, {"uid": "362832602", "content": "别拿原配音骗我"}, {"uid": "427399717", "content": "小——蓝——（破音）"}, {"uid": "520020133", "content": "超级喜欢小绿和小蓝"}, {"uid": "43370580", "content": "太奇怪啦233"}, {"uid": "430378791", "content": "？哈哈哈哈哈哈哈哈"}, {"uid": "394036852", "content": "我曹我跟着笑"}, {"uid": "394036852", "content": "衍声大碟"}, {"uid": "495025739", "content": "下次也不一定"}, {"uid": "503388179", "content": "卧槽双厨狂喜"}, {"uid": "603799235", "content": "友军别开腔"}, {"uid": "256250876", "content": "完全一致"}, {"uid": "524295184", "content": "口型对上了"}, {"uid": "383902063", "content": "不要用原声骗我"}, {"uid": "385361568", "content": "别压声音了老婆"}, {"uid": "310547494", "content": "你听过直升机吗"}, {"uid": "386596513", "content": "！！！双厨狂喜"}, {"uid": "567621401", "content": "要弯要弯"}, {"uid": "473416167", "content": "一模一样"}, {"uid": "518437128", "content": "up之前配过非人哉哮天犬的吧？哮天犬和小蓝是一个配音"}, {"uid": "363807166", "content": "突然冲不下去了"}, {"uid": "430724823", "content": "剧情逐渐中二"}, {"uid": "513692373", "content": "有内味儿了"}, {"uid": "523428235", "content": "宝宝巴士"}, {"uid": "523428235", "content": "宝宝巴士"}, {"uid": "523428235", "content": "宝宝巴士"}, {"uid": "454042537", "content": "Python"}, {"uid": "472897333", "content": "狂喜！！！！！"}, {"uid": "404513810", "content": "……这……接近原版了好吧"}, {"uid": "433694866", "content": "啊啊啊啊啊完全一致！！！！"}, {"uid": "505278277", "content": "想看邻居"}, {"uid": "478178096", "content": "@笛子姥爷  doge"}, {"uid": "472914149", "content": "rua～"}, {"uid": "282773862", "content": "擦哈哈哈哈哈哈哈哈哈哈哈哈"}, {"uid": "85985296", "content": "python肯定"}, {"uid": "188531932", "content": " 前面的，啸天和小蓝是一个配音演员哦"}, {"uid": "188531932", "content": "前面的，啸天和小蓝是一个配音演员哦"}, {"uid": "527371107", "content": "请注意前方高能"}, {"uid": "335828164", "content": "噢噢噢噢！！！双厨狂喜！"}, {"uid": "499157978", "content": "电鹿是我的！不接受反驳"}, {"uid": "434593979", "content": "海绵宝宝加一"}, {"uid": "67957484", "content": "深井冰啊hhhhhhh"}, {"uid": "526850898", "content": "阿里巴巴"}, {"uid": "526850898", "content": "逐渐沙雕"}, {"uid": "526850898", "content": "还挺感人的"}, {"uid": "546025718", "content": "在来亿遍"}, {"uid": "411656421", "content": "是友军，别开腔"}, {"uid": "765686071", "content": "！！！！！！！！！！"}, {"uid": "1867280180", "content": "其实我还是能听出区别的...."}, {"uid": "35028886", "content": "？？？？哈哈哈哈哈哈"}, {"uid": "379814443", "content": "我原地笑癫"}, {"uid": "1580684604", "content": "这部分我截图了！"}, {"uid": "549887880", "content": "这样他就是我的啦 哈哈，哈哈哈哈 "}, {"uid": "448784770", "content": "逐渐鬼畜"}, {"uid": "629984913", "content": "我嘞个大草"}, {"uid": "470262313", "content": "前方高能！"}, {"uid": "502660311", "content": "哈哈哈哈哈哈哈哈哈哈或或"}, {"uid": "700149281", "content": "小绿=你⋯⋯"}, {"uid": "477034352", "content": "双厨狂喜"}, {"uid": "268595833", "content": "快跑"}, {"uid": "455203598", "content": "(  l  U  l  )"}, {"uid": "519827068", "content": "原地升天"}, {"uid": "177152069", "content": "！！！！！太像了"}, {"uid": "483495651", "content": "完全一致"}, {"uid": "353233630", "content": "完全一致"}, {"uid": "248266422", "content": "双厨狂喜"}, {"uid": "651797345", "content": "软软"}, {"uid": "87994840", "content": "一毛一样wc"}, {"uid": "87994840", "content": "双厨狂喜呜呜呜呜"}, {"uid": "143790394", "content": "裂开哈哈哈哈哈哈哈哈哈"}, {"uid": "673057492", "content": "大家视频开头见"}, {"uid": "38141714", "content": "woc可以的！！"}, {"uid": "627306519", "content": "哈哈哈哈哈啊哈哈哈哈哈"}, {"uid": "363057676", "content": "一模一样！"}, {"uid": "662078672", "content": "原版？？？？一模一样"}, {"uid": "39425623", "content": "完全一致"}, {"uid": "440497636", "content": "一模一样"}, {"uid": "340417230", "content": "？？？？？？？？？？？救命"}, {"uid": "448871838", "content": "一模一样，一模一样，一模一样"}, {"uid": "457208883", "content": "前方高能"}, {"uid": "549749988", "content": "电鹿，你模拟的是小蓝的声音吧？"}, {"uid": "435755517", "content": "你是谁？"}, {"uid": "603665294", "content": "哈哈哈哈哈哈哈"}, {"uid": "39505727", "content": "请不要拿原版骗我"}, {"uid": "501881904", "content": "你就是伯伦希尔的荣耀"}, {"uid": "501881904", "content": "强推小绿和小蓝"}, {"uid": "501881904", "content": "翻配？完全一致"}, {"uid": "71429399", "content": "请珍惜前期的机绿吧"}, {"uid": "358717125", "content": "双厨狂喜"}, {"uid": "356929607", "content": "一模一样"}, {"uid": "629430574", "content": "哈哈哈哈哈哈"}, {"uid": "629430574", "content": "哈哈哈哈"}, {"uid": "442546154", "content": "前方高能，傻孩子，别回头"}, {"uid": "442441055", "content": "蓝厨已经裂开了"}, {"uid": "364872828", "content": "喜欢！！！！！！！！！！！！"}, {"uid": "440164997", "content": "哈哈哈哈哈哈哈哈哈哈"}, {"uid": "567418472", "content": "电鹿断路器"}, {"uid": "519931798", "content": "电路太惨了。"}, {"uid": "626469992", "content": "不是很完美还是可以分辨出来的。"}, {"uid": "550897703", "content": "相似度100%。"}, {"uid": "471161387", "content": "完全一致"}, {"uid": "312019389", "content": "别用原版骗我"}, {"uid": "351725699", "content": "哈哈哈哈哈哈哈哈哈"}, {"uid": "633887233", "content": "右下角各位"}, {"uid": "440542536", "content": "凹凸世界"}, {"uid": "522025497", "content": "哈哈哈哈哈哈哈哈"}, {"uid": "539655912", "content": "如果不是看了原版……"}, {"uid": "96173016", "content": "此鹿不通"}, {"uid": "442704840", "content": "完全一致"}, {"uid": "404624830", "content": "哈哈哈哈哈哈哈哈哈哈哈"}, {"uid": "360624585", "content": "突然不想三连了"}, {"uid": "494425146", "content": "害怕害怕害怕"}, {"uid": "492345367", "content": "泪奔"}, {"uid": "63527556", "content": "建议把声音开到最大。"}, {"uid": "503929218", "content": "觉得想揍他是什么鬼？[来自红色弹幕]"}, {"uid": "407247495", "content": "完全一致"}, {"uid": "550897703", "content": "下次一定"}, {"uid": "550897703", "content": "啊啊啊啊啊完全一致！！！！"}, {"uid": "623199826", "content": "律师函律师函警告"}, {"uid": "623199826", "content": "控制不住了"}, {"uid": "349686176", "content": "哈哈哈哈，草了"}, {"uid": "349686176", "content": "awsl"}, {"uid": "502899262", "content": "前面发色不错的站住"}, {"uid": "543855334", "content": "硬币盗窃案案发现场"}, {"uid": "378852199", "content": "完全一致"}, {"uid": "344442147", "content": "我裂开了"}, {"uid": "515298538", "content": "小蓝姐姐"}, {"uid": "284624434", "content": "卧槽？？？？原片？？？"}, {"uid": "498737251", "content": "一模一样"}, {"uid": "507665551", "content": "又报错？"}, {"uid": "266116380", "content": "草哈哈哈哈"}, {"uid": "266116380", "content": "??完全一致?"}, {"uid": "534981657", "content": "我的天一模一样"}, {"uid": "474050760", "content": "你不要过来啊"}, {"uid": "441897492", "content": "双厨狂喜"}, {"uid": "67534256", "content": "声波攻击"}, {"uid": "593634640", "content": "歌名《神经病之歌》"}, {"uid": "550226015", "content": "我听得出来，这是电鹿的"}, {"uid": "35001062", "content": "双厨狂喜"}, {"uid": "22432233", "content": "一模一样"}, {"uid": "22432233", "content": "双厨狂喜！！！"}, {"uid": "436193588", "content": "完全一致"}, {"uid": "609090283", "content": "虚伪啊哈哈哈哈"}, {"uid": "525968135", "content": "帽子帽子。"}, {"uid": "497816248", "content": "哈哈哈哈哈哈哈哈哈哈哈哈哈"}, {"uid": "517326601", "content": "这部动画有些搞基，但是很多地方特别感人"}, {"uid": "489928444", "content": "大夫，还有救吗"}, {"uid": "551361467", "content": "三厨癫狂"}, {"uid": "379812715", "content": "哈哈哈哈哈哈哈哈哈哈"}, {"uid": "452723062", "content": "我 的 天"}, {"uid": "609165083", "content": "我了个大草"}, {"uid": "364764260", "content": "完全一致啊啊啊"}, {"uid": "507982489", "content": "一模一样啊"}, {"uid": "463775234", "content": "哈哈哈哈ng"}, {"uid": "422806829", "content": "前方核能"}, {"uid": "451426682", "content": "完全一致"}, {"uid": "18720836", "content": "完全一致"}, {"uid": "503388179", "content": "对啊，会传染情绪"}, {"uid": "475587717", "content": "并统治世界"}, {"uid": "475944110", "content": "双厨狂喜"}, {"uid": "454410209", "content": "一模一样啊"}, {"uid": "441887600", "content": "少拿原版来骗我"}, {"uid": "407092956", "content": "哈哈哈哈哈哈"}, {"uid": "501550261", "content": "我单身久了"}, {"uid": "58644165", "content": "啊啊啊啊啊啊啊啊哈哈哈哈哈"}, {"uid": "385361568", "content": "疯了疯了"}, {"uid": "266622315", "content": "双厨狂喜！！！！"}, {"uid": "386596513", "content": "是《小绿和小蓝》，漫画在腾讯动漫，动画在b站就可以搜到"}, {"uid": "198448993", "content": "哈哈哈哈哈哈哈哈哈哈哈"}, {"uid": "220103550", "content": "？？一模一样"}, {"uid": "504145879", "content": "哈哈哈哈哈哈哈哈"}, {"uid": "567621401", "content": "要弯了"}, {"uid": "83031391", "content": "完全一致！"}, {"uid": "608840515", "content": "我在玩游戏的这样"}, {"uid": "513692373", "content": "哈哈哈哈哈哈哈哈哈哈哈"}, {"uid": "439135663", "content": "哈哈哈哈哈哈哈哈哈哈哈"}, {"uid": "23411111", "content": "(\\../"}, {"uid": "523428235", "content": "宝宝巴士"}, {"uid": "523428235", "content": "宝宝巴士"}, {"uid": "523428235", "content": "宝宝巴士"}, {"uid": "523428235", "content": "宝宝巴士"}, {"uid": "523428235", "content": "宝宝巴士"}, {"uid": "526850898", "content": "不是完全像"}, {"uid": "526850898", "content": "有点感动啊"}, {"uid": "526218610", "content": "上头了"}, {"uid": "9593591", "content": "草！好像"}, {"uid": "10467152", "content": "前方高能预警"}, {"uid": "10467152", "content": "今日份快乐源泉"}, {"uid": "188531932", "content": "名字叫小绿和小蓝"}, {"uid": "485993232", "content": "双厨狂喜"}, {"uid": "542372019", "content": "哈哈哈哈哈哈哈哈嗝…"}, {"uid": "422526185", "content": "python好评"}, {"uid": "411590382", "content": "卧槽太像了"}, {"uid": "526850898", "content": "大理寺日志"}, {"uid": "526850898", "content": "有点感动呢"}, {"uid": "20982344", "content": "哈哈哈哈哈哈哈哈"}, {"uid": "699685894", "content": "前方高能"}, {"uid": "297673856", "content": "这不是原声吗"}, {"uid": "1894676944", "content": "刚追完的我"}, {"uid": "2097695702", "content": "I'm glad you blew it. "}, {"uid": "517894975", "content": "前方高能"}, {"uid": "515352777", "content": "完全一致"}, {"uid": "1269993024", "content": "？？？？？？哈哈哈哈哈哈"}, {"uid": "99712423", "content": "哈哈哈哈哈哈哈哈哈哈哈哈哈"}, {"uid": "347877614", "content": "三厨蒙蔽"}, {"uid": "407092956", "content": "完全一致啊"}, {"uid": "511224673", "content": "一模一样"}, {"uid": "502660311", "content": "哈哈哈哈哈哈哈哈哈哈或"}, {"uid": "403830114", "content": "双厨狂喜"}, {"uid": "652512953", "content": "前方高能前方高能前方高能"}, {"uid": "652512953", "content": "前方高能前方高能前方高能"}, {"uid": "667070682", "content": "这孩子没救了"}, {"uid": "527475747", "content": "哈哈哈哈哈哈哈哈"}, {"uid": "421827354", "content": "完全一致"}, {"uid": "448096919", "content": "你可以学学angel那个二五仔"}, {"uid": "437288676", "content": "头发可以"}, {"uid": "416990391", "content": "双厨狂喜"}, {"uid": "74342652", "content": "像双儿"}, {"uid": "630155859", "content": "我怀疑机绿就是他配的"}, {"uid": "353733480", "content": "一模一样"}, {"uid": "405336059", "content": "n这根本是自制配音啊，我很久以前就爱上了这部片子一八年初的，问你这配音好沙雕。"}, {"uid": "535128867", "content": "雷母"}, {"uid": "501988391", "content": "完全一致"}, {"uid": "522338168", "content": "双厨狂喜"}, {"uid": "516631263", "content": "兄弟们把害怕打在公屏上"}, {"uid": "507981037", "content": "这次一定"}, {"uid": "507981037", "content": "三连有了"}, {"uid": "507981037", "content": "哈哈哈哈哈哈哈哈哈哈哈哈"}, {"uid": "297640961", "content": "完全一致"}, {"uid": "455016658", "content": "完全一致"}, {"uid": "18133793", "content": "我笑死了哈哈哈哈哈哈"}, {"uid": "403469569", "content": "完全一致！"}, {"uid": "448871838", "content": "我爱了"}, {"uid": "662373929", "content": "所以他不做人了"}, {"uid": "33742443", "content": "双厨狂喜"}, {"uid": "109864552", "content": "哈哈哈哈哈哈哈哈哈"}, {"uid": "610106276", "content": "完全一致"}, {"uid": "549749988", "content": "感觉这两个声音都是电鹿配的。"}, {"uid": "588203018", "content": "一模一样"}, {"uid": "449091334", "content": "哈哈哈哈哈哈哈哈哈哈"}, {"uid": "501881904", "content": "配绿总"}, {"uid": "544366115", "content": "前方高能！！！"}, {"uid": "622546734", "content": "哈哈哈哈哈哈哈"}, {"uid": "358717125", "content": "三厨升天"}, {"uid": "471006487", "content": "前面凹凸带我！"}, {"uid": "276535225", "content": "哈哈哈哈哈哈哈哈哈哈哈哈"}, {"uid": "648933199", "content": "一模一样一模一样一模一样"}, {"uid": "609958776", "content": "傻孩子们，快跑啊！"}, {"uid": "442546154", "content": "原地裂开"}, {"uid": "472409310", "content": "双厨狂喜！！！！"}, {"uid": "92726307", "content": "JOJO"}, {"uid": "86391092", "content": "awsl"}, {"uid": "479222310", "content": "我手机当场黑屏"}, {"uid": "259139140", "content": "太喜欢了"}, {"uid": "598212661", "content": "超像的！！！"}, {"uid": "644249580", "content": "哈哈哈哈哈哈哈哈"}, {"uid": "312019389", "content": "三厨裂开"}, {"uid": "470665368", "content": "前方高能！"}, {"uid": "36888444", "content": "？？？？？？？？、"}, {"uid": "489215197", "content": "别拿原声骗我"}, {"uid": "488095229", "content": "哈哈哈哈哈哈哈哈哈哈哈"}, {"uid": "409605157", "content": "还真的别说，有内味了"}, {"uid": "382001529", "content": "哈哈哈哈哈哈哈哈哈"}, {"uid": "382001529", "content": "哈哈哈哈哈哈哈"}, {"uid": "353170100", "content": "小蓝是双儿配的音哈哈哈哈哈哈哈"}, {"uid": "36555307", "content": "少拿原版糊弄我"}, {"uid": "551361467", "content": "双厨狂喜"}, {"uid": "608300228", "content": "哈哈哈哈哈笑死我了"}, {"uid": "344604613", "content": "一模一样"}, {"uid": "471861658", "content": "黑……黑塔利亚试试吗……（我超大声但我超怂）"}, {"uid": "630495669", "content": "哈哈哈哈哈哈~~≈"}, {"uid": "606321696", "content": "下次一定"}, {"uid": "606321696", "content": "真的太像了"}, {"uid": "606321696", "content": "一模一样！！"}, {"uid": "610614222", "content": "哈哈哈哈哈哈哈哈哈哈哈"}, {"uid": "498777361", "content": "完全一致"}, {"uid": "594746742", "content": "开启两倍速啊！"}, {"uid": "484904756", "content": "哈哈哈哈哈哈哈哈哈哈哈哈哈哈"}, {"uid": "443323211", "content": "原地曝炸"}, {"uid": "477995979", "content": "一模一样"}, {"uid": "503929218", "content": "笑得好变态呀[来自红色弹幕]"}, {"uid": "503929218", "content": "然后你出来。[来自红色弹幕]"}, {"uid": "317008812", "content": "哈哈哈哈哈哈哈哈哈哈哈哈哈哈"}, {"uid": "490966608", "content": "完全一致"}, {"uid": "550897703", "content": "泪目"}, {"uid": "623199826", "content": "我为毛也笑了"}, {"uid": "502899262", "content": "一模一样"}, {"uid": "362552957", "content": "一模一样"}, {"uid": "494735344", "content": "老颜艺了"}, {"uid": "513301303", "content": "双厨狂喜"}, {"uid": "475090892", "content": "红红火火恍恍惚惚"}, {"uid": "475090892", "content": "前方高能"}, {"uid": "344442147", "content": "草"}, {"uid": "407316114", "content": "哈哈哈哈"}, {"uid": "528663073", "content": "完全一致"}, {"uid": "520656116", "content": "好绿的头"}, {"uid": "498726047", "content": "不要随便剪"}, {"uid": "498726047", "content": "改剧情了"}, {"uid": "526227027", "content": "哈哈哈哈哈哈哈哈哈哈哈哈哈"}, {"uid": "627310337", "content": "wc，一模一样！！！！！！"}, {"uid": "482700453", "content": "哈哈哈哈哈哈哈我也好想笑"}, {"uid": "627307174", "content": "少拿原片骗我"}, {"uid": "516335564", "content": "说是不是放原音了"}, {"uid": "500090915", "content": "哈哈哈"}, {"uid": "38684812", "content": "双厨狂喜！！！"}, {"uid": "409902648", "content": "完全一致"}, {"uid": "489928444", "content": "电鹿疯了"}, {"uid": "34136627", "content": "双厨狂喜"}, {"uid": "128829053", "content": "阿哈哈哈哈哈哈哈哈哈哈哈哈"}, {"uid": "253968604", "content": "完全一致。根本没毛病。"}, {"uid": "430378791", "content": "hhhhhhhhhhgiao"}, {"uid": "394036852", "content": "泪目"}, {"uid": "394036852", "content": "泪目"}, {"uid": "503388179", "content": "爷泪目了"}, {"uid": "298755248", "content": "喜欢！"}, {"uid": "347738752", "content": "双出狂喜"}, {"uid": "565422755", "content": "完了我老婆疯了！！！"}, {"uid": "198448993", "content": "哈哈哈哈哈哈哈哈哈哈哈哈"}, {"uid": "26236282", "content": "完全一致woc"}, {"uid": "546529349", "content": "woc！！神仙！！"}, {"uid": "234339035", "content": "我的三体"}, {"uid": "527371107", "content": "前方高能请注意弹幕君"}, {"uid": "606411253", "content": "啥哈哈哈哈嗝"}, {"uid": "519980790", "content": "哈哈哈哈哈哈哈"}, {"uid": "526850898", "content": "哈哈哈哈哈哈哈"}, {"uid": "526850898", "content": "电鹿版小绿很可爱哦"}, {"uid": "526850898", "content": "配大狸子吧"}, {"uid": "526850898", "content": "小绿和小蓝是很好看的，谢谢电鹿推荐"}, {"uid": "21911594", "content": "完全一致"}, {"uid": "28648213", "content": "双厨狂喜"}, {"uid": "588735704", "content": "唉，又疯了一个"}, {"uid": "294996342", "content": "哈哈哈哈哈"}, {"uid": "590202941", "content": "别拿原片段来水视频"}, {"uid": "605851043", "content": "干的真棒"}, {"uid": "374736037", "content": "哈哈哈哈"}, {"uid": "266876545", "content": "卧槽好像"}, {"uid": "321815076", "content": "泪目"}, {"uid": "549964341", "content": "哈哈哈哈哈哈哈"}, {"uid": "522545142", "content": "这个番叫什么嘛！！"}, {"uid": "67957484", "content": "我爱了"}, {"uid": "526850898", "content": "已经点赞"}, {"uid": "526850898", "content": "由内味了"}, {"uid": "526850898", "content": "哈哈哈哈哈哈哈"}, {"uid": "526850898", "content": "真实"}, {"uid": "526850898", "content": "小蓝和小绿，我都喜欢呢"}, {"uid": "539603342", "content": "哈哈哈哈哈哈哈哈哈哈哈哈哈哈"}, {"uid": "21323796", "content": "救命一模一样"}, {"uid": "637542761", "content": "不是小绿，是星潮！"}, {"uid": "1153457172", "content": "完全一致！！"}, {"uid": "1631726221", "content": "一鹿N角"}, {"uid": "347877614", "content": "双厨狂喜！"}, {"uid": "407092956", "content": "哈哈哈哈哈哈哈哈哈哈哈"}, {"uid": "695132681", "content": "凹凸的雷德大宝贝吧"}, {"uid": "455257237", "content": "全损音质"}, {"uid": "1365788321", "content": "上头"}, {"uid": "1365788321", "content": "完全一致"}, {"uid": "483889900", "content": "捆绑PLAY"}, {"uid": "542620034", "content": "是原声doge"}, {"uid": "1781833686", "content": "这不是原版？"}, {"uid": "494650356", "content": "双厨狂喜"}, {"uid": "502660311", "content": "哈哈哈哈哈"}, {"uid": "409814451", "content": "此路已封"}, {"uid": "382248617", "content": "双厨爆炸"}, {"uid": "499146170", "content": "双厨狂喜"}, {"uid": "636605804", "content": "一模一样"}, {"uid": "636605804", "content": "双厨狂喜"}, {"uid": "678756544", "content": "hhhhhhh我裂开了"}, {"uid": "651362337", "content": "完全一致"}, {"uid": "518494076", "content": "小绿姐姐"}, {"uid": "492622932", "content": "泪目"}, {"uid": "498496565", "content": "右下角"}, {"uid": "526516018", "content": "有内味了"}, {"uid": "449091334", "content": "前方高能 "}, {"uid": "449091334", "content": "完全一致 "}, {"uid": "643535683", "content": "我的小绿和小蓝！！！！！！"}, {"uid": "374815231", "content": "大哥你配的是商业吧。"}, {"uid": "196665612", "content": "三厨原地爆炸"}, {"uid": "629430574", "content": "哈哈哈哈哈哈哈哈哈"}, {"uid": "626349543", "content": "hhhhhhhhhhhhhhhc"}, {"uid": "27020960", "content": "哈哈哈哈哈哈哈哈哈哈哈哈哈"}, {"uid": "576122039", "content": "哈哈哈哈哈哈"}, {"uid": "493134010", "content": "别拿原版骗我"}, {"uid": "431183306", "content": "电鹿配的谁？？？？？"}, {"uid": "526516037", "content": "请出凹凸有"}, {"uid": "624330558", "content": "都是双儿配的"}, {"uid": "88444188", "content": "完全一致"}, {"uid": "505737629", "content": "三厨贺喜"}, {"uid": "523198386", "content": "泪目"}, {"uid": "526823198", "content": "哈哈哈哈哈"}, {"uid": "271179622", "content": "哈哈哈哈哈哈哈哈哈"}, {"uid": "376328677", "content": "完全一致"}, {"uid": "439044203", "content": "ai现状"}, {"uid": "44787885", "content": "哈哈哈哈哈或"}, {"uid": "44787885", "content": "哈哈哈哈"}, {"uid": "488095229", "content": "哈哈哈哈哈哈哈哈哈哈哈哈哈哈"}, {"uid": "526570897", "content": "en这个"}, {"uid": "360624585", "content": "一模一样"}, {"uid": "91177054", "content": "哈哈哈"}, {"uid": "629258975", "content": "别拿原版糊弄我！"}, {"uid": "544624111", "content": "完全一致"}, {"uid": "610614222", "content": "哈哈哈哈哈哈哈哈哈哈哈哈"}, {"uid": "443323211", "content": "巴啦啦小魔仙"}, {"uid": "503929218", "content": "太厉害了[来自红色弹幕]"}, {"uid": "550897703", "content": "正片开始"}, {"uid": "550897703", "content": "哈哈哈哈哈哈哈哈哈哈"}, {"uid": "11859355", "content": "双厨狂喜！！！！"}, {"uid": "623199826", "content": "很有内味"}, {"uid": "623199826", "content": "陷入二次元深坑"}, {"uid": "497689451", "content": "双厨狂喜！"}, {"uid": "45899365", "content": "哈哈哈哈哈哈"}, {"uid": "543855334", "content": "哈哈哈233333"}, {"uid": "605099137", "content": "太喜欢"}, {"uid": "472259397", "content": "泪目"}, {"uid": "450664497", "content": "前方高能"}, {"uid": "613142010", "content": "哈哈哈"}, {"uid": "507356150", "content": "一模一样。"}, {"uid": "528663073", "content": "完全一致"}, {"uid": "589650212", "content": "一模一样"}, {"uid": "526227027", "content": "哈哈哈哈哈哈哈哈哈哈哈哈哈哈"}, {"uid": "506444677", "content": "你在教我做事？"}, {"uid": "620384087", "content": "前方高能"}, {"uid": "484867519", "content": "完全一致"}, {"uid": "32001093", "content": "哈哈哈哈哈"}, {"uid": "32001093", "content": "哈哈哈哈哈哈"}, {"uid": "362028166", "content": "完全一致"}, {"uid": "550226015", "content": "这只鹿风啦"}, {"uid": "477455805", "content": "双厨狂喜"}, {"uid": "496318431", "content": "我的rua呢"}, {"uid": "597883490", "content": "我的天一模一样。"}, {"uid": "16069373", "content": "哈哈哈"}, {"uid": "412146914", "content": "哈哈哈哈哈哈哈哈哈"}, {"uid": "594410413", "content": "一模一样"}, {"uid": "501723440", "content": "？？？？？，？？？？"}, {"uid": "578711135", "content": "前方高能"}, {"uid": "268466031", "content": "三厨爆炸"}, {"uid": "34462333", "content": "喜欢——"}, {"uid": "122583617", "content": "嚇我一跳"}, {"uid": "26423368", "content": "哈哈哈"}, {"uid": "427399542", "content": "泪目"}, {"uid": "425490361", "content": "完全一致"}, {"uid": "479034144", "content": "我裂开了"}, {"uid": "407679922", "content": "别拿原片骗我"}, {"uid": "359426612", "content": "完全一致"}, {"uid": "388581273", "content": "一模一样。"}, {"uid": "486130169", "content": "双厨狂喜！！！！！！"}, {"uid": "500360345", "content": "hhhhhhhhhhhhhhhhh"}, {"uid": "394036852", "content": "i了i了"}, {"uid": "503388179", "content": "三厨瞬间去世"}, {"uid": "516442242", "content": "危"}, {"uid": "400759933", "content": "三连了"}, {"uid": "554585867", "content": "完全一致！"}, {"uid": "411299978", "content": "这，什么游戏？！"}, {"uid": "58644165", "content": "我的耳朵！"}, {"uid": "293334155", "content": "前方高能"}, {"uid": "549941758", "content": "我真是Hight到不行"}, {"uid": "477311347", "content": "哈哈哈哈哈哈"}, {"uid": "521053727", "content": "双厨狂喜"}, {"uid": "198448993", "content": "哈哈哈哈哈哈哈哈哈哈哈哈哈哈"}, {"uid": "587691567", "content": "DIO"}, {"uid": "435763837", "content": "三厨直接裂开"}, {"uid": "571339098", "content": " 哈哈哈哈哈哈"}, {"uid": "581335948", "content": "前方高能"}, {"uid": "430724823", "content": "耳机党炸裂"}, {"uid": "462490633", "content": "哈哈哈哈哈"}, {"uid": "506364169", "content": "哈哈哈哈哈哈哈哈哈哈哈哈哈哈"}, {"uid": "412139088", "content": "啊哈哈哈"}, {"uid": "23411111", "content": "\\     /"}, {"uid": "526850898", "content": "我喜欢小绿和小蓝"}, {"uid": "434090093", "content": "草好可怕啊"}, {"uid": "435988510", "content": "下次一定"}, {"uid": "527371107", "content": "前方高能"}, {"uid": "546001658", "content": "一模一样"}, {"uid": "349439225", "content": "哈哈哈哈哈哈哈哈"}, {"uid": "550578229", "content": "哈哈哈！"}, {"uid": "345713046", "content": "泪目"}, {"uid": "345713046", "content": "双厨狂喜"}, {"uid": "335828164", "content": "下次一定"}, {"uid": "103450037", "content": "一模一样"}, {"uid": "549964341", "content": "哈哈哈哈哈哈哈哈哈"}, {"uid": "522545142", "content": "谢谢！"}, {"uid": "549570047", "content": "哈哈哈哈嗝"}, {"uid": "493916898", "content": "老公不要"}, {"uid": "423385581", "content": "woc哈哈啊哈哈"}, {"uid": "211908692", "content": "？？？？？？？？？？？"}, {"uid": "526850898", "content": "配得还不错"}, {"uid": "359059654", "content": "哈哈哈哈哈哈哈哈哈 草"}, {"uid": "765686071", "content": "不能说一样应该说完全一样"}, {"uid": "1475121808", "content": "加亿些"}, {"uid": "407092956", "content": "哈哈哈哈哈哈哈哈哈哈哈哈哈"}, {"uid": "1365788321", "content": "前方高能"}, {"uid": "508563191", "content": "完全一致"}, {"uid": "1487977369", "content": "抬走"}, {"uid": "475066313", "content": "双厨狂喜"}, {"uid": "699111855", "content": "哈哈哈哈哈哈哈哈哈"}, {"uid": "474775833", "content": "绝了"}, {"uid": "645731343", "content": "前方高能"}, {"uid": "513029474", "content": "有内味了"}, {"uid": "594660019", "content": "一模一样"}, {"uid": "177152069", "content": "双厨狂喜"}, {"uid": "409814451", "content": "san值直降"}, {"uid": "496030811", "content": "？？？？？？？？？？？"}, {"uid": "478416993", "content": "老八"}, {"uid": "319469228", "content": "双厨狂喜"}, {"uid": "27426447", "content": "双厨狂喜"}, {"uid": "627306519", "content": "哈哈哈哈哈"}, {"uid": "386428803", "content": "wc一毛一样"}, {"uid": "668296618", "content": "Ohmy"}, {"uid": "668296618", "content": "哈哈哈哈哈哈哈哈哈哈哈哈哈哈"}, {"uid": "524523425", "content": "你在教我做事？"}, {"uid": "340417230", "content": "泪目"}, {"uid": "318799801", "content": "完全一致"}, {"uid": "478323293", "content": "卧槽一样"}, {"uid": "446529509", "content": "三厨狂喜"}, {"uid": "501881904", "content": "机蓝"}, {"uid": "651833415", "content": "妈咪妈咪哄。"}, {"uid": "433830695", "content": "？？？？别拿原碟来骗我"}, {"uid": "651010108", "content": "少拿原版骗我"}, {"uid": "514791355", "content": "一模一样"}, {"uid": "643535683", "content": "小蓝不是很像"}, {"uid": "260585803", "content": "泪目"}, {"uid": "447758766", "content": "在呢"}, {"uid": "276535225", "content": "双厨狂喜"}, {"uid": "442546154", "content": "前方高能，前方高能"}, {"uid": "472289731", "content": "？？？？？？？？？？"}, {"uid": "514791355", "content": "一模一样！"}, {"uid": "567345451", "content": "三厨升天"}, {"uid": "602164385", "content": "一模一样"}, {"uid": "523198386", "content": "哈哈哈哈哈哈哈哈哈哈哈哈哈哈"}, {"uid": "481149562", "content": "草草草草草草草草"}, {"uid": "516112444", "content": "两倍有惊喜"}, {"uid": "312113494", "content": "前方高能"}, {"uid": "516557621", "content": "hhhhhhh"}, {"uid": "449104270", "content": "？？？？？？？？？"}, {"uid": "353241199", "content": "一模一样"}, {"uid": "636906054", "content": "完全一致"}, {"uid": "456315250", "content": "哈哈哈哈哈哈哈哈哈哈哈哈哈"}, {"uid": "312113494", "content": "前面蓝厨的带我一个"}, {"uid": "588715841", "content": "一模一样"}, {"uid": "525983404", "content": "下次一定"}, {"uid": "524905190", "content": "一毛一样"}, {"uid": "360624585", "content": "？？？？？？？？？？"}, {"uid": "630495669", "content": "？？？？？？？？"}, {"uid": "630556786", "content": "前方高能"}, {"uid": "445702803", "content": "前方高能"}, {"uid": "407247495", "content": "笑死我了"}, {"uid": "407247495", "content": "完全一致"}, {"uid": "615996868", "content": "有内味了"}, {"uid": "260217494", "content": "woc！"}, {"uid": "629809645", "content": "泪目"}, {"uid": "576705852", "content": "爱了爱了"}, {"uid": "623199826", "content": "下次一定"}, {"uid": "623199826", "content": "双厨狂喜"}, {"uid": "625520918", "content": "哈哈哈哈哈哈哈"}, {"uid": "503787238", "content": "前方高能！"}, {"uid": "479524241", "content": "防不胜防"}, {"uid": "479524241", "content": "完全一样"}, {"uid": "407316114", "content": "哈哈哈哈哈哈哈哈哈"}, {"uid": "619044444", "content": "前方高能！"}, {"uid": "289471641", "content": "三厨去世"}, {"uid": "448496139", "content": "不敢相信"}, {"uid": "298259296", "content": "双厨狂喜"}, {"uid": "627102503", "content": "哈哈哈哈哈哈哈"}, {"uid": "475090892", "content": "红红火火恍恍惚惚"}, {"uid": "26510061", "content": "泪目"}, {"uid": "260551448", "content": "害怕"}, {"uid": "22432233", "content": "我爱小蓝"}, {"uid": "500090915", "content": "哈哈哈"}, {"uid": "500090915", "content": "一模一样！"}, {"uid": "517326601", "content": "我小蓝小绿必定有排面"}, {"uid": "409902648", "content": "泪目"}, {"uid": "496803807", "content": "吓死"}, {"uid": "510134970", "content": "哈哈哈哈哈哈哈哈哈哈哈哈哈"}, {"uid": "510134970", "content": "哈哈哈哈哈哈哈哈哈哈哈"}, {"uid": "475299311", "content": "一毛一样"}, {"uid": "621155542", "content": "一毛一样"}, {"uid": "16069373", "content": "哈哈哈"}, {"uid": "551361467", "content": "双厨狂喜"}, {"uid": "473090572", "content": "泪目"}, {"uid": "40634246", "content": "喜欢"}, {"uid": "122583617", "content": "完全一致"}, {"uid": "452479230", "content": "你在教我做事？"}, {"uid": "26423368", "content": "哈哈哈哈哈哈哈哈"}, {"uid": "26423368", "content": "哈哈哈哈哈哈哈哈"}, {"uid": "427399542", "content": "双厨狂喜"}, {"uid": "92344090", "content": "泪目"}, {"uid": "224743758", "content": "哈哈哈哈哈哈"}, {"uid": "401166368", "content": "双厨狂喜啊啊啊"}, {"uid": "37092455", "content": "泪目"}, {"uid": "288307534", "content": "完全一致"}, {"uid": "174962548", "content": "？？？？？？？？？？？？？"}, {"uid": "605792044", "content": "哈哈哈哈哈哈哈哈"}, {"uid": "76733615", "content": "完全一致"}, {"uid": "573912188", "content": "这不是原版嘞?77777"}, {"uid": "475268636", "content": "配凹凸世界"}, {"uid": "475268636", "content": "配凹凸世界！"}, {"uid": "272259631", "content": "完全一致"}, {"uid": "285369802", "content": "双厨狂喜"}, {"uid": "27842183", "content": "？？？？？？？？？"}, {"uid": "510156942", "content": "哈哈哈哈哈"}, {"uid": "510156942", "content": "哈哈哈哈哈哈哈"}, {"uid": "432199209", "content": "完全一致"}, {"uid": "597685588", "content": "神经鹿之歌"}, {"uid": "547714883", "content": "哈哈哈哈哈哈哈哈哈"}, {"uid": "323936132", "content": "一模一样"}, {"uid": "544162289", "content": "？？？？？？？？？？？？？？"}, {"uid": "544162289", "content": "哈哈哈哈哈哈哈"}, {"uid": "544162289", "content": "双厨狂喜"}, {"uid": "400579691", "content": "完全一致！"}, {"uid": "198448993", "content": "双厨狂喜"}, {"uid": "572206199", "content": "？？？？？？淦"}, {"uid": "297269846", "content": "啊啊啊啊啊啊妈妈爱你"}, {"uid": "484173930", "content": "我裂开……"}, {"uid": "512359618", "content": "我的发？？？？？？？"}, {"uid": "551375775", "content": "oy"}, {"uid": "362042935", "content": "我读书少，你别拿原版骗我"}, {"uid": "462490633", "content": "哈哈哈"}, {"uid": "489694430", "content": "哈哈哈哈哈哈"}, {"uid": "526850898", "content": "哈哈哈哈哈哈哈哈哈"}, {"uid": "526850898", "content": "喜欢"}, {"uid": "583427988", "content": "kanbujianwo"}, {"uid": "28648213", "content": "蓝厨+1"}, {"uid": "26375175", "content": "这东西吃人吗"}, {"uid": "424673069", "content": "双厨狂喜"}, {"uid": "449274624", "content": "完全一致"}, {"uid": "433981827", "content": "老婆好棒"}, {"uid": "544635755", "content": "配3乔"}, {"uid": "188531932", "content": "双厨狂喜"}, {"uid": "527371107", "content": "危"}, {"uid": "350964076", "content": "一模一样"}, {"uid": "434593979", "content": "我裂开"}, {"uid": "487149060", "content": "哈哈哈哈"}, {"uid": "526850898", "content": "还可以啊"}, {"uid": "526850898", "content": "改参数"}, {"uid": "359059654", "content": "哈哈哈哈哈哈哈哈"}, {"uid": "1127231387", "content": "双厨狂喜"}, {"uid": "1562982069", "content": "giao好像"}, {"uid": "405579085", "content": "牛逼"}, {"uid": "2030631319", "content": "哈哈哈哈"}, {"uid": "1153457172", "content": "前方高能"}, {"uid": "535294742", "content": "完全一致"}, {"uid": "731071256", "content": "疯了疯了"}, {"uid": "510710260", "content": "双厨狂喜"}, {"uid": "132586503", "content": "？？？？？草"}, {"uid": "515352777", "content": "猝不及防"}, {"uid": "372610069", "content": "泪目"}, {"uid": "2056987519", "content": "双厨狂喜"}, {"uid": "289593161", "content": "哈哈哈哈哈"}, {"uid": "1631599901", "content": "rua~"}, {"uid": "49762230", "content": "小蓝也是电路配的吗"}, {"uid": "634113855", "content": "awsl"}, {"uid": "501635492", "content": "已 连 接 灭 亡 迅 雷 n e t ."}, {"uid": "288274908", "content": "？？？？？？？？？/"}, {"uid": "670191363", "content": "暗示三连"}, {"uid": "643731644", "content": "双厨狂喜"}, {"uid": "359167859", "content": "泪目"}, {"uid": "348840997", "content": "hhhhhhhhc"}, {"uid": "488213170", "content": "哈哈哈哈哈哈哈哈"}, {"uid": "593726013", "content": "泪目"}, {"uid": "621802246", "content": "全损音乐"}, {"uid": "268694735", "content": "？？？？"}, {"uid": "660816555", "content": "hhhhhhhhhhhhhhhhhhhhhhhhhhhhhhhhhhhhhhhhhhhhhhhhhhhhhhhhhhhhhhhhhhhhhhhhhhhhhhhhhhhhhhhhhhhhhhhhhhhh"}, {"uid": "506883064", "content": "我都厨了些什么"}, {"uid": "516067229", "content": "完全一致"}, {"uid": "518677574", "content": "？？？？？？？"}, {"uid": "232654930", "content": "泪目"}, {"uid": "412669815", "content": "一模一样"}, {"uid": "412669815", "content": "完全一致"}, {"uid": "483997629", "content": "草草草"}, {"uid": "586404113", "content": "双厨狂喜"}, {"uid": "514583159", "content": "？？？？？？？？？？"}, {"uid": "675768467", "content": "一模一样"}, {"uid": "436404910", "content": "一毛一样"}, {"uid": "319469228", "content": "害怕"}, {"uid": "363057676", "content": "？？？？？"}, {"uid": "487372684", "content": "泪目"}, {"uid": "648409834", "content": "盘他！！！"}, {"uid": "457208883", "content": "前方高能"}, {"uid": "498496565", "content": "右下角"}, {"uid": "516041652", "content": "哈哈哈哈哈"}, {"uid": "603913780", "content": "泪目"}, {"uid": "603665294", "content": "我去好像啊啊啊！"}, {"uid": "224806200", "content": "完全一致"}, {"uid": "522246525", "content": "机气人"}, {"uid": "450273268", "content": "？？？？？？？？？？"}, {"uid": "285791647", "content": "噗"}, {"uid": "169457277", "content": "喜欢喜欢"}, {"uid": "622546734", "content": "妙啊"}, {"uid": "514386697", "content": "2人/"}, {"uid": "514791355", "content": "完全一致"}, {"uid": "544624111", "content": "完全一致"}, {"uid": "530458166", "content": "完全一致"}, {"uid": "538361247", "content": "双厨狂喜"}, {"uid": "442546154", "content": "核能"}, {"uid": "493132355", "content": "原片？？？"}, {"uid": "436226635", "content": "双厨狂喜"}, {"uid": "526516037", "content": "瓦特？这就原片好吧？"}, {"uid": "311693539", "content": "三厨狂喜"}, {"uid": "636480021", "content": "泪目"}, {"uid": "411371765", "content": "哈哈哈哈哈哈"}, {"uid": "520386292", "content": "JOJO"}, {"uid": "348402380", "content": "哈哈哈哈哈哈"}, {"uid": "518612405", "content": "前方高能！"}, {"uid": "477986793", "content": "？？？"}, {"uid": "440542536", "content": "凹凸世界"}, {"uid": "435615160", "content": "哈哈哈哈哈哈"}, {"uid": "470747197", "content": "完全一致"}, {"uid": "629895538", "content": "一毛一样啊"}, {"uid": "631880903", "content": "还是漫画好看，不知道为什么？"}, {"uid": "636463103", "content": "一模一样啊"}, {"uid": "589758384", "content": "完全一致"}, {"uid": "543110639", "content": "一模一样好吧"}, {"uid": "629258975", "content": "双厨狂喜"}, {"uid": "606321696", "content": "？？？？？？？"}, {"uid": "501868233", "content": "三厨等分"}, {"uid": "502899262", "content": "一模一样"}, {"uid": "279203439", "content": "牛掰"}, {"uid": "415349004", "content": "一模一样"}, {"uid": "605099137", "content": "il"}, {"uid": "168585667", "content": "泪目"}, {"uid": "372442455", "content": "好喜欢"}, {"uid": "423970785", "content": "电鹿。。。"}, {"uid": "621699029", "content": "一毛一样。"}, {"uid": "497179897", "content": "你够了"}, {"uid": "88483563", "content": "哈哈哈哈哈哈哈哈哈哈"}, {"uid": "107768923", "content": "？？？"}, {"uid": "92440206", "content": "哈哈哈哈哈哈哈"}, {"uid": "308029316", "content": "凹凸世界"}, {"uid": "22432233", "content": "三厨狂喜！！！！！！"}, {"uid": "480205450", "content": "双厨狂喜"}, {"uid": "33252472", "content": "？？？？？？？"}, {"uid": "26141366", "content": "阴阳人"}, {"uid": "379812715", "content": "哈哈哈哈哈哈哈哈哈哈哈"}, {"uid": "379812715", "content": "好像！！！"}, {"uid": "604972457", "content": "我的饭"}, {"uid": "620950307", "content": "完全一致"}, {"uid": "26475365", "content": "哈哈哈哈哈"}, {"uid": "583796951", "content": "泪目"}, {"uid": "531638062", "content": "？？？？？？？？？？？？？"}, {"uid": "394810088", "content": "？？？？？？一模一样"}, {"uid": "543882521", "content": "双厨狂喜"}, {"uid": "496637627", "content": "草草草草草草草草草"}, {"uid": "493028170", "content": "哈哈哈哈哈哈哈哈"}, {"uid": "542362015", "content": "ohhhhhh"}, {"uid": "605792044", "content": "一模一样！！！"}, {"uid": "605792044", "content": "双厨狂喜！！！"}, {"uid": "43370580", "content": "泪目"}, {"uid": "174551538", "content": "啊啊啊啊啊啊~"}, {"uid": "393886011", "content": "hhhhhhhhhhhhhhhhhhhhhhhhhhhhhhhhhhhhhhhhhhhhhhhhhhhhhhhhhhhhh"}, {"uid": "387480854", "content": "？？？？？？？？？？"}, {"uid": "535149", "content": "？？？？？？？"}, {"uid": "58644165", "content": "喜欢！"}, {"uid": "570136202", "content": "危"}, {"uid": "548892153", "content": "双厨狂喜"}, {"uid": "587691567", "content": "DIO"}, {"uid": "512359618", "content": "泪目"}, {"uid": "433431994", "content": "泪目"}, {"uid": "544080433", "content": "害怕"}, {"uid": "608840515", "content": "小电视"}, {"uid": "462490633", "content": "哈哈哈哈哈哈哈"}, {"uid": "556350116", "content": "泪目"}, {"uid": "412139088", "content": "泪目"}, {"uid": "605851043", "content": "泪目"}, {"uid": "489694430", "content": "哈哈哈哈哈"}, {"uid": "489694430", "content": "笑死我了"}, {"uid": "606411253", "content": "泪目"}, {"uid": "438178772", "content": "双厨狂喜"}, {"uid": "583427988", "content": ",l o9p'/-000"}, {"uid": "286168660", "content": "hhhhhhhhhhhhh"}, {"uid": "490399083", "content": "哈哈哈哈哈"}, {"uid": "527371107", "content": "喜欢"}, {"uid": "567103754", "content": "双厨狂喜"}, {"uid": "335828164", "content": "？？？原片？"}, {"uid": "499157978", "content": "完全一致！"}, {"uid": "89358565", "content": "挺像的"}, {"uid": "601283680", "content": "一样"}, {"uid": "351426906", "content": "？？？？？？"}, {"uid": "526850898", "content": "三连"}, {"uid": "526850898", "content": "哈哈哈哈哈哈"}, {"uid": "526850898", "content": "泪目"}, {"uid": "537978033", "content": "跪求告诉我这是什么动画片？"}, {"uid": "495703859", "content": "dio"}, {"uid": "595617447", "content": "这是原版"}, {"uid": "1869190232", "content": "双厨狂喜"}, {"uid": "1314008921", "content": "啊啊啊啊啊啊啊啊啊啊啊"}, {"uid": "230301517", "content": "3年Python"}, {"uid": "502002391", "content": "救命啊"}, {"uid": "300358105", "content": "国"}, {"uid": "1949322683", "content": "泪目"}, {"uid": "1580684604", "content": "？？？！"}, {"uid": "649381230", "content": "泪目"}, {"uid": "1477405996", "content": "？？？？？？？？"}, {"uid": "607889865", "content": "三厨爆炸"}, {"uid": "678222556", "content": "泪目"}, {"uid": "177202021", "content": "这次不一定"}, {"uid": "435072854", "content": "假面骑士"}, {"uid": "404309646", "content": "这币不投也罢"}, {"uid": "621802246", "content": "三厨爆炸"}, {"uid": "621802246", "content": "完全一致"}, {"uid": "546987400", "content": "害怕"}, {"uid": "660816555", "content": "hhhhhhhhhhhhhhhhhhhhhhhhhhh"}, {"uid": "515466355", "content": "危"}, {"uid": "384165810", "content": "一模一样。"}, {"uid": "626895669", "content": "绿蓝排面"}, {"uid": "688072825", "content": ".."}, {"uid": "441279946", "content": "草"}, {"uid": "544075248", "content": "？？？？？？？？？？？"}, {"uid": "143790394", "content": "准备准备"}, {"uid": "624509229", "content": "爷哭了"}, {"uid": "628355919", "content": "泪目"}, {"uid": "651362337", "content": "草"}, {"uid": "588862812", "content": "凹凸凹凸凹凸凹凸"}, {"uid": "629323755", "content": "一毛一样"}, {"uid": "516631263", "content": "目泪"}, {"uid": "650571499", "content": "喜欢"}, {"uid": "448871838", "content": "电路风了"}, {"uid": "448871838", "content": "一模一样"}, {"uid": "448871838", "content": "一毛一样别想骗我"}, {"uid": "272400752", "content": "别拿原版骗我"}, {"uid": "510275511", "content": "凹凸+1"}, {"uid": "603913780", "content": "爷笑了"}]