[{"uid": "230863758", "content": "软体动物"}, {"uid": "1820159865", "content": "小母鹿"}, {"uid": "505241782", "content": "升华主题，使文章语言更加生动"}, {"uid": "505241782", "content": "鹿变狗可还行"}, {"uid": "477694341", "content": "《快乐时光》"}, {"uid": "1649405313", "content": "你   弯   了"}, {"uid": "2086697183", "content": "聪明的眼神"}, {"uid": "512118408", "content": "《妙手回春》"}, {"uid": "383250169", "content": "原来这就是天照大神，我悟了！"}, {"uid": "584868860", "content": "《  渴  碍  》"}, {"uid": "1268139625", "content": "原版这里表情特别阴间，眼睛和眼睑都变色了"}, {"uid": "700133147", "content": "你永远不知道你关注里有多少up是jo厨"}, {"uid": "550331021", "content": "手冢治虫老师是这个动画的作曲"}, {"uid": "1429041174", "content": "《从电子眼到心脏》"}, {"uid": "593039208", "content": "原来你是鹿（doge"}, {"uid": "528848069", "content": "再卖萌就做你"}, {"uid": "528848069", "content": "《澔 踫 铀》"}, {"uid": "528848069", "content": "受不了了那我就进去了"}, {"uid": "688860375", "content": "告诉柯察金同志，这可能是我最后一次交党费。"}, {"uid": "44223970", "content": "高危职业？不，这是你吃这碗饭该做的。"}, {"uid": "674200781", "content": "那一刻我也变成了光"}, {"uid": "490935352", "content": "泰 罗 电 锯 人"}, {"uid": "256627379", "content": "现在是恐怖月正在跳恐怖中。"}, {"uid": "411636382", "content": "让我来为你做人工呼吸吧"}, {"uid": "1500600916", "content": "新宝岛"}, {"uid": "362172421", "content": "好家伙手持机枪臂力惊人"}, {"uid": "536569164", "content": "烧 儿 贫 刀"}, {"uid": "258030988", "content": "电  锯  人"}, {"uid": "443127133", "content": "太宰治：哦吼，同行呀"}, {"uid": "415306759", "content": "原 形 毕 鹿"}, {"uid": "1797665183", "content": "奇怪的姿势。"}, {"uid": "1213784753", "content": "烧起来了快放博人传"}, {"uid": "501380669", "content": "基德：这活我会"}, {"uid": "284157444", "content": "好的小母鹿，没问题小母鹿"}, {"uid": "438910403", "content": "众所周知，母鹿没有角"}, {"uid": "1747503196", "content": "《少 耳 频 道》"}, {"uid": "182819292", "content": "正 片 开 始"}, {"uid": "253781241", "content": "kedamono对火过敏！"}, {"uid": "59264554", "content": "斯卡蒂个头，那明明是不健全关系的主CP"}, {"uid": "527373130", "content": "处刑：超高校级的兔子"}, {"uid": "693586873", "content": "《兔 狼 处 刑 曲》"}, {"uid": "865428751", "content": "那一刻，他们成为了光！"}, {"uid": "552103652", "content": "BGM：Drown (Alle Farben Remix)"}, {"uid": "612479242", "content": "欢乐喜锯人"}, {"uid": "612479242", "content": "让我访问！"}, {"uid": "1524690069", "content": "哦……画风变的正常起来了"}, {"uid": "437196090", "content": "少   儿   频   道"}, {"uid": "176497942", "content": "电  锯  人"}, {"uid": "2013194932", "content": "电 锯 惊 魂"}, {"uid": "526434299", "content": "av23"}, {"uid": "527277977", "content": "电鹿试图勾引你，这是你充满了决心"}, {"uid": "701606839", "content": "好的小母鹿你成功的水了1分半"}, {"uid": "702000281", "content": "少儿频道就过分了"}, {"uid": "588898564", "content": "电 锯 杀 人 魔"}, {"uid": "539889592", "content": "鉴   真   东   渡"}, {"uid": "455351717", "content": "卧槽！这是什么阴间玩意儿？"}, {"uid": "455351717", "content": "你真是个耗朋友！"}, {"uid": "455351717", "content": "奇奇怪怪的东西又增加了→              "}, {"uid": "631523045", "content": "《不太平常》"}, {"uid": "472950844", "content": "电流的磁效应"}, {"uid": "689701508", "content": "《〈俄罗斯 进口 》〉"}, {"uid": "581015090", "content": "知道像小丑的表情"}, {"uid": "1325175624", "content": "难道这是瞬身之术！？"}, {"uid": "324920716", "content": "真是妙手回春啊"}, {"uid": "443164204", "content": "暂停成功"}, {"uid": "703052196", "content": "《好 朋 友》"}, {"uid": "359779128", "content": "燃起来了啊喂！！！"}, {"uid": "359779128", "content": "就离谱"}, {"uid": "681239291", "content": "《恐  怖  之  夜》"}, {"uid": "343286485", "content": "欢  乐  喜  锯  人"}, {"uid": "589793263", "content": "心脏撒撒给哟！"}, {"uid": "693552237", "content": "暂停成功"}, {"uid": "1576871392", "content": "小葵花妈妈课堂开课啦"}, {"uid": "1452430716", "content": "popee表示：但是我拒绝"}, {"uid": "519936942", "content": "电   锯   人"}, {"uid": "499427978", "content": "《嚎硼铀》"}, {"uid": "662201315", "content": "这是个给小孩看的动画片 你是想培养祖国的食人花"}, {"uid": "376034933", "content": "《六一儿童劫》"}, {"uid": "59462928", "content": "来宝让我给你做人工呼吸"}, {"uid": "523650603", "content": "美羊羊直呼内行"}, {"uid": "430691711", "content": "这口水是怎么回事？！"}, {"uid": "378956169", "content": "甚至还有点燃"}, {"uid": "564786494", "content": "诺顿·坎贝尔（doge）"}, {"uid": "564786494", "content": "麻烦转告诺顿·坎贝尔就说我下辈子还娶他（哽咽）"}, {"uid": "610733293", "content": "《可        爱》"}, {"uid": "447417112", "content": " 动  漫  冥  场  面 "}, {"uid": "23449685", "content": "《早上好，儿童秀！》"}, {"uid": "375810453", "content": "反  向  进  化"}, {"uid": "602458322", "content": "太 宰 治 进 垃 圾 桶"}, {"uid": "554627418", "content": "华  佗  再  世"}, {"uid": "442965074", "content": "《 富 江 》"}, {"uid": "610766551", "content": "  も  ペ  も  ペ  "}, {"uid": "212758205", "content": "《耗  朋  友》"}, {"uid": "479011220", "content": "他在狂笑，他在狂笑"}, {"uid": "365063336", "content": "核 善 的 笑 容"}, {"uid": "522307973", "content": "小葵花妈妈课堂开课啦"}, {"uid": "516809781", "content": "《好  朋  友》"}, {"uid": "456046363", "content": "快点告诉我这一幕是怎么做到毫无违和感的"}, {"uid": "700324855", "content": "物理开心(指身体被锯开)"}, {"uid": "618500408", "content": "《白夜和他的使徒》"}, {"uid": "481970855", "content": "大  仇  得  报"}, {"uid": "493793461", "content": "麦野:考虑一下原子崩坏？"}, {"uid": "1942740116", "content": "告诉狛枝凪斗和王马小吉和最原终一我还爱他们"}, {"uid": "381897237", "content": "花   心   超   人"}, {"uid": "32432594", "content": "本 音 放 送"}, {"uid": "52783407", "content": "鹿 心 融 解"}, {"uid": "17749638", "content": "《快 乐 时 光》"}, {"uid": "24551115", "content": "翻译：做完这期视频会咕咕咕"}, {"uid": "358306157", "content": "这狼属苦瓜大王的？"}, {"uid": "584970506", "content": "电锯人（doge）"}, {"uid": "2107297303", "content": "让我访问！"}, {"uid": "505083571", "content": "哈哈哈哈哈御坂美琴"}, {"uid": "43986726", "content": "奥 斯 瓦 尔 德"}, {"uid": "50948591", "content": "好家伙 还三D环绕 "}, {"uid": "628808593", "content": "哪位道友在此渡劫"}, {"uid": "491850975", "content": "其实这部动画的同人男主很帅，声音拽拽的太爱了！！！！！！！！"}, {"uid": "1268139625", "content": "第四集：兔子拿狼练习飞刀，结果多次都打中狼"}, {"uid": "528848069", "content": "正片开始"}, {"uid": "528848069", "content": "《獪 鰳 屍 銧》"}, {"uid": "472656824", "content": "popee酱卡哇伊——"}, {"uid": "691661041", "content": "核   心   崩   溃"}, {"uid": "1582784227", "content": "小母鹿你怎么可以变得这么帅不过你还是我老婆"}, {"uid": "401099826", "content": "《 好朋友 》"}, {"uid": "102989893", "content": "燃起来了！"}, {"uid": "501816545", "content": "托马斯小灵车"}, {"uid": "1145723483", "content": "popee是个疯批美人！不接受反驳！"}, {"uid": "403230924", "content": "《好   盆   友》"}, {"uid": "403230924", "content": "少  儿  频  道"}, {"uid": "544282339", "content": "全 损 音 质"}, {"uid": "425588546", "content": "（八音盒的响声）"}, {"uid": "272481354", "content": "柴犬老师真能肝啊…"}, {"uid": "8730420", "content": "b站把钱花在了奇怪的地方"}, {"uid": "592326197", "content": "歪嘴战神"}, {"uid": "1780577623", "content": "这也太燃了 我手机变成了煤炭 "}, {"uid": "94700656", "content": "骑士踢"}, {"uid": "494733619", "content": "欢乐戏锯人"}, {"uid": "506651411", "content": "用洗手液粘回去"}, {"uid": "430950072", "content": "哒宰的贴铁通桶自杀"}, {"uid": "519260835", "content": "原剧这里我是真的被这个Popee（兔子人）吓到了"}, {"uid": "78801576", "content": "黑 白 熊"}, {"uid": "452192775", "content": "花心超人：？？？"}, {"uid": "443390308", "content": "人家的小心心都受不了了～（发情了老婆）"}, {"uid": "560215253", "content": "那一年他们变成了光"}, {"uid": "458158103", "content": "万  磁  王"}, {"uid": "415306759", "content": "真 · 好朋友"}, {"uid": "1797665183", "content": "在那一刻，他们化成了光"}, {"uid": "352064700", "content": "我妈问我我都在看什么"}, {"uid": "514667225", "content": "这个动画片真好看，腰不酸了腿不疼了心脏也不跳了"}, {"uid": "1189949408", "content": "动 作 描 写"}, {"uid": "62531009", "content": "电  锯  人"}, {"uid": "678739668", "content": "《好 朋 友》"}, {"uid": "527373130", "content": "处刑：灰太狼"}, {"uid": "652066552", "content": "出现了，异世界传送机"}, {"uid": "671198913", "content": "小 太 阳 人"}, {"uid": "617759801", "content": "《好    朋    友》"}, {"uid": "539150406", "content": "对Kedamono来说鸡腿是最重要的,甚至可以为了鸡腿杀掉自己最好的朋友(大概)"}, {"uid": "307522641", "content": "popee：？我都没了你还在吃全家桶"}, {"uid": "352403731", "content": "我去 这里好涩好可爱怎么回事。。("}, {"uid": "1145949583", "content": "捕捉广岛原子弹曝炸瞬间"}, {"uid": "1134734184", "content": "电锯杀人魔从箱子里跳出来了快跑啊"}, {"uid": "688459520", "content": "《 好  朋  友 》"}, {"uid": "40873693", "content": "那一刻，我变成了万磁王"}, {"uid": "457126671", "content": "BGM:Drown"}, {"uid": "2031600", "content": "啊原来是鹿吗，我一直以为是狗"}, {"uid": "462399", "content": "无缝衔接"}, {"uid": "671634768", "content": "心肺复苏我可以"}, {"uid": "35219016", "content": "没关系 电鹿你放心看 我愿意给你做人工呼吸♂"}, {"uid": "214598288", "content": "给他尸王龙右特制的的黑金心脏，让他继续看"}, {"uid": "1991142945", "content": "比  如  小  蓝  花"}, {"uid": "693134905", "content": "论狼狼接受过几次切身之罪"}, {"uid": "672140206", "content": "欢乐喜锯人"}, {"uid": "431595437", "content": "其实接受了真的很好看的"}, {"uid": "54735391", "content": "啊草好苏的英文呃啊。"}, {"uid": "1587409800", "content": "看把孩子吓的"}, {"uid": "29286063", "content": "大母鹿"}, {"uid": "25221454", "content": "琦玉老师？你怎么来这里客串了？"}, {"uid": "630033807", "content": "光之种已萌芽100%"}, {"uid": "324920716", "content": "真是妙手回春啊"}, {"uid": "1671555055", "content": "小葵花爷爷课堂开课了！"}, {"uid": "351730654", "content": "说娶他那个在想屁吃，幸好他在床上一直跟我解释"}, {"uid": "1799475428", "content": "南孚电池"}, {"uid": "1799475428", "content": "鹿狗混血"}, {"uid": "488349522", "content": "用关门的质感强制衬托主题。"}, {"uid": "494620256", "content": "对不起这里的兔兔竟然有点可爱（我要去治眼睛了）"}, {"uid": "363505401", "content": "完全稀释(no)降解到可接受范围(yes)"}, {"uid": "489393358", "content": "小仙女劲敌"}, {"uid": "1837067704", "content": "《少儿频道》"}, {"uid": "430328205", "content": "盖————亚————！"}, {"uid": "96271360", "content": "一群看到花就说mopemope的屑人，麻了（"}, {"uid": "700616195", "content": "让我访问!"}, {"uid": "361139245", "content": "《大 饱 口 福》"}, {"uid": "510600906", "content": "鹿哥鹿哥你还有脸回来（"}, {"uid": "446000342", "content": "《好朋友》"}, {"uid": "592317905", "content": "《好朋友》"}, {"uid": "406343424", "content": "注意细节，眼睛变成心形了，懂得都懂"}, {"uid": "610733293", "content": "速拿博人传"}, {"uid": "409989034", "content": "太宰治直呼内行"}, {"uid": "647415418", "content": "《快乐时光》"}, {"uid": "284053021", "content": "我来人工呼吸！"}, {"uid": "373076966", "content": "考虑一下原子崩坏？（doge）"}, {"uid": "568111467", "content": "让我看看！（杰哥声）"}, {"uid": "483668575", "content": "欢 乐 喜 锯 人"}, {"uid": "486106347", "content": "III 级 核 心 融 毁"}, {"uid": "580801012", "content": "那位道友在此渡劫"}, {"uid": "27432643", "content": "含着泪连吃三大桶"}, {"uid": "543708157", "content": "《芜湖~》"}, {"uid": "432146549", "content": "碗？我的饭！"}, {"uid": "629169099", "content": "《车祸》"}, {"uid": "702191731", "content": "新   宝    岛"}, {"uid": "700691516", "content": "强制闭眼"}, {"uid": "700691516", "content": "你修个毛啊（doge"}, {"uid": "511897929", "content": "你需要伊森牌洗手液"}, {"uid": "629257472", "content": "等等，我要是没记错你是一个机器鹿吧？休想骗我三连[doge]"}, {"uid": "1145949583", "content": "注意敌方和聚变打击正在部署"}, {"uid": "1145949583", "content": "众所周知我们家的小母鹿在伦敦留学"}, {"uid": "512273444", "content": "《好朋友》"}, {"uid": "435938121", "content": "打上军火"}, {"uid": "505241782", "content": "我不对劲"}, {"uid": "743581653", "content": "宇宙“好队友”"}, {"uid": "512118408", "content": "《光》"}, {"uid": "442108628", "content": "哒宰直呼内行！"}, {"uid": "499351456", "content": "杀  儿   频  道"}, {"uid": "2010390854", "content": "((冲 出 地 球))"}, {"uid": "528848069", "content": "这是碳基生物能想出来的剧情？"}, {"uid": "127481531", "content": "看到这我的手自己把赞取消了"}, {"uid": "688860375", "content": "杨永信模式已开启"}, {"uid": "514754270", "content": "我捐了一个心脏"}, {"uid": "1268139625", "content": "原版popee流鼻血了"}, {"uid": "1582784227", "content": "《少儿频道》"}, {"uid": "102989893", "content": "越看越上头这个，第三集就看上瘾了"}, {"uid": "102989893", "content": "老婆——"}, {"uid": "102989893", "content": "popee～"}, {"uid": "368085483", "content": "小母鹿"}, {"uid": "1239888928", "content": "麻烦转告奈布·撒贝达就说我下辈子还娶他（哽咽）"}, {"uid": "403230924", "content": "少 儿 频 道"}, {"uid": "1363226504", "content": "装反了，但好像没装反"}, {"uid": "1363226504", "content": "装反了，但好像没装反"}, {"uid": "82654643", "content": "这玩意有点上头。"}, {"uid": "1383379386", "content": " 对不起，我只有一个，所以下次一定"}, {"uid": "400110953", "content": "太燃了！我已经燃起来了！"}, {"uid": "1500600916", "content": "多年未见，误认为君已亡多久"}, {"uid": "628718566", "content": "朋友你选这个头像过分了(ー_ー)!!"}, {"uid": "293818140", "content": "！！！！！！盖亚！！！！！！"}, {"uid": "1008141093", "content": "你敢相信这个居然还有粉丝竟然还有人出手书"}, {"uid": "404871165", "content": "前方鹿军团邀请"}, {"uid": "1564886651", "content": "泡普卡（误"}, {"uid": "1525948382", "content": "别看，真上头"}, {"uid": "1506086027", "content": "用魔法打败魔术"}, {"uid": "1154056871", "content": "感觉变可爱了呢"}, {"uid": "511740840", "content": "燃，草起来了"}, {"uid": "246771681", "content": "医药费投给别人了"}, {"uid": "401588884", "content": "这时一把刀飞了过来"}, {"uid": "648744739", "content": "我要把你变回人"}, {"uid": "374736037", "content": "这玩意能在少儿频道播出？！"}, {"uid": "595496882", "content": "もぺもぺハハハ"}, {"uid": "1007046404", "content": "popee:我不要 "}, {"uid": "560868836", "content": "百万转场"}, {"uid": "1328487939", "content": "亲我一口你币有了。"}, {"uid": "1287088774", "content": "这个我看过哈哈哈哈哈老上头了"}, {"uid": "1705506717", "content": "小葵花爸爸开课啦"}, {"uid": "631637138", "content": "我居然觉得有点可爱"}, {"uid": "1588009727", "content": "琦玉！琦玉老师不要啊！"}, {"uid": "691173959", "content": "盖球！\\(≧▽≦)/"}, {"uid": "1438921932", "content": "这就是溶解之爱出逃的理由 "}, {"uid": "4322721", "content": "《好 朋 友》"}, {"uid": "487045468", "content": "《最开心的日子》"}, {"uid": "462399", "content": "那你现在用的是第几个心脏？"}, {"uid": "59693216", "content": "百万转场"}, {"uid": "426884105", "content": "所以是车撞他，还是他撞车 "}, {"uid": "503173083", "content": "还有刚才被吸过去的鸡腿"}, {"uid": "491340321", "content": "让我访问!"}, {"uid": "422787126", "content": "欢乐喜“锯”人"}, {"uid": "451701676", "content": "《最开心的日子》"}, {"uid": "451701676", "content": "变魔术的《快乐时光》"}, {"uid": "693134905", "content": "他们炸了一个坑"}, {"uid": "480119764", "content": "磁   感   线"}, {"uid": "487539166", "content": "wc，这嘴………"}, {"uid": "2108155118", "content": "大型迷惑行为。"}, {"uid": "2090412448", "content": "我的快乐建立在你的痛苦之上"}, {"uid": "2090412448", "content": "《华佗在世》"}, {"uid": "527496819", "content": "这口音美式英式杂交，独特"}, {"uid": "455351717", "content": "啥？两亿硬币？你想多了（狗头）"}, {"uid": "521697671", "content": "woccccccc我刚才看了眼发现我真的关注他了"}, {"uid": "687844966", "content": "《少儿频道》"}, {"uid": "446941649", "content": "哒宰直呼内行"}, {"uid": "446941649", "content": "好的，小母鹿"}, {"uid": "324920716", "content": "大逼兜"}, {"uid": "1030243481", "content": "炖   兔  肉"}, {"uid": "1638452737", "content": "新 概 念 鬼 畜"}, {"uid": "438605627", "content": "无缝衔接"}, {"uid": "1671555055", "content": "失踪的人找到了"}, {"uid": "354019089", "content": "欢乐树厨狂喜！"}, {"uid": "13898968", "content": "比欢乐树吓人"}, {"uid": "1799475428", "content": "盖------亚-----"}, {"uid": "636894992", "content": "《耗  朋  友》"}, {"uid": "488349522", "content": "高速重播之前的画面。"}, {"uid": "488349522", "content": "暂且的发射激光"}, {"uid": "1258805432", "content": "震惊！一小母鹿竟变成男的！难不成他是变性鹿？！"}, {"uid": "643334545", "content": "好   朋   友"}, {"uid": "630033807", "content": "做个核心抑制吧"}, {"uid": "299927405", "content": "LSD梦境模拟器"}, {"uid": "634821971", "content": "小丑回魂"}, {"uid": "630033807", "content": "残响乐团"}, {"uid": "1238477875", "content": "核弹少女，还有蝶哥来生意了"}, {"uid": "610733293", "content": "你是谁呀怎么会出现在我的关注列表里面"}, {"uid": "483924905", "content": "三 厨 狂 喜"}, {"uid": "325345811", "content": "√√√√√√"}, {"uid": "1860014519", "content": "巜好 朋 友 》"}, {"uid": "645541553", "content": "那一刻，他们变成了光"}, {"uid": "1354540", "content": "天王寺璃奈点了个赞"}, {"uid": "378956169", "content": "哈哈哈哈哈哈《物理融化》"}, {"uid": "602242050", "content": "失踪人口回归。"}, {"uid": "351352602", "content": "瞬间古呀老师！"}, {"uid": "703106965", "content": "你是就是用电锯。说的是是一个片段。疯狂的"}, {"uid": "474247795", "content": "m  o  m  o  p  e"}, {"uid": "289044441", "content": "我只会心疼giegie~"}, {"uid": "435744267", "content": "第四集：兔子想练习飞刀杂技，于是拿狼当靶子，微密恐"}, {"uid": "389995149", "content": "大尾巴狼"}, {"uid": "1645758079", "content": "动画铁定律之一：下雨打伞必被雷劈"}, {"uid": "700691516", "content": "魔法行为请勿模仿"}, {"uid": "396695230", "content": "海  森  伯 格"}, {"uid": "287536501", "content": "两面包夹芝士！"}, {"uid": "518286966", "content": "刚看到第三集，别说还挺好康的"}, {"uid": "1587409800", "content": "天呐这是精神污染"}, {"uid": "39529250", "content": "我看过原片，这他喵的根本没有血腥场面！！！"}, {"uid": "1877317777", "content": "他不是想成为魔术师他只是想成为一个职业小丑"}, {"uid": "898326110", "content": "小母鹿的角才这么短"}, {"uid": "601716381", "content": "以雷电击碎心脏"}, {"uid": "545260258", "content": "《好朋友》"}, {"uid": "95710475", "content": "我的失乐园呢！！！"}, {"uid": "1071986068", "content": "《好朋友》"}, {"uid": "1429041174", "content": "重操旧业！"}, {"uid": "1893362932", "content": "为小鹿献上心脏！（bushi）"}, {"uid": "528848069", "content": "我怀疑是阴间人发表的评论"}, {"uid": "631251402", "content": "雷电法王"}, {"uid": "441228006", "content": "两面包夹芝士"}, {"uid": "140080916", "content": "挖空气！"}, {"uid": "140080916", "content": "四肢走路"}, {"uid": "140080916", "content": "强制闭眼！"}, {"uid": "1507934181", "content": "鹿哥你还有脸回来"}, {"uid": "619828340", "content": "哈哈哈哈哈哈哈已经疯了"}, {"uid": "1145723483", "content": "特别好康！40集我全刷了！"}, {"uid": "403230924", "content": "磁  兔   超   人"}, {"uid": "403230924", "content": "日本人他喵管这个叫少儿频道！我的发！"}, {"uid": "365246553", "content": "我觉得其实挺好看的"}, {"uid": "29809324", "content": "那以后叫小公鹿"}, {"uid": "673792005", "content": "popee只不过是想掩盖笑声好不好？？"}, {"uid": "705332815", "content": "《变性鹿》"}, {"uid": "497078304", "content": "《好朋友》"}, {"uid": "560215253", "content": "《好 朋 友》"}, {"uid": "560215253", "content": "两面包夹芝士"}, {"uid": "1472133118", "content": "这段带耳机好快乐 "}, {"uid": "343108578", "content": "失踪人口回归"}, {"uid": "525870623", "content": "popee没有性别(>﹏<)"}, {"uid": "430330210", "content": "你到底是鹿还是狼"}, {"uid": "423455101", "content": "正 电 拍 拍"}, {"uid": "443155345", "content": "小母鹿哈哈哈哈哈真不错"}, {"uid": "441977399", "content": "见封进（doge）"}, {"uid": "95598610", "content": "欢乐树是血腥啊"}, {"uid": "745841042", "content": "《好朋友》"}, {"uid": "589755252", "content": "我一直以为那兔子是个女的 "}, {"uid": "436591239", "content": "好 朋 友"}, {"uid": "1827870207", "content": "有的母鹿会长角"}, {"uid": "1142677032", "content": "再做一个变性手术。"}, {"uid": "865428751", "content": "吓得我把柏枝抱住"}, {"uid": "617759801", "content": "《快乐时光》"}, {"uid": "490923806", "content": "泡普卡"}, {"uid": "437196090", "content": "变形金刚"}, {"uid": "233867269", "content": "哒咩嘚斯"}, {"uid": "379352986", "content": "我看过原片，这里是般若的脸"}, {"uid": "681703862", "content": "下次丕定，上次也没给"}, {"uid": "1280231291", "content": "花心超人：学我技能"}, {"uid": "634837509", "content": "毫无违和感"}, {"uid": "443787625", "content": "这是用520粘回去的吧"}, {"uid": "521035043", "content": "你再骂？！"}, {"uid": "599162272", "content": "《好    朋    友》"}, {"uid": "1282589741", "content": "雷  霆  之  杖"}, {"uid": "412489595", "content": "小蓝花（？"}, {"uid": "678422839", "content": "全体都震悚起来"}, {"uid": "360586364", "content": "这不比博燃？"}, {"uid": "513941248", "content": "我爸说母鹿才有角"}, {"uid": "2108155118", "content": "《开心的日子》"}, {"uid": "2108155118", "content": "《快乐》"}, {"uid": "103357647", "content": "水了一半"}, {"uid": "451737610", "content": "食堂泼辣酱！！！！！！"}, {"uid": "527496819", "content": "看他笑的多开心呐！"}, {"uid": "431761059", "content": "这他喵是恐怖片"}, {"uid": "510496126", "content": "坚持访问"}, {"uid": "446593370", "content": "还是这个好看！！"}, {"uid": "488312876", "content": "在？这不是兔子 这人类啊"}, {"uid": "324920716", "content": "燃起来了"}, {"uid": "21453060", "content": "好奇这种剧情是怎么想到的"}, {"uid": "456197210", "content": "小母鹿小母鹿"}, {"uid": "359358973", "content": "太阳把自己的腰给割了"}, {"uid": "688918829", "content": "popee：你再骂！"}, {"uid": "159305768", "content": "老婆快回家吧"}, {"uid": "649791470", "content": "伊森牌洗手液，你值得拥有"}, {"uid": "662242473", "content": "有耳无角"}, {"uid": "1145723483", "content": "小狼的灵魂都不放过，popee太**了"}, {"uid": "448599243", "content": "？整点阳间的，噢内盖！！！"}, {"uid": "536253146", "content": "第四季狼头被飞镖射中了"}, {"uid": "439033442", "content": "汪！峨眉精！"}, {"uid": "19023405", "content": "电锯人"}, {"uid": "609149570", "content": "花心超人直呼内行"}, {"uid": "376034933", "content": "这不比博人传燃"}, {"uid": "241820981", "content": "前方核能警报"}, {"uid": "1031144284", "content": "花心直呼内行（平常用紫色的我用了花心色"}, {"uid": "2090621281", "content": "《好朋友》"}, {"uid": "2090621281", "content": "《快乐时光》"}, {"uid": "2032327848", "content": "开幕雷击，啊哈哈哈"}, {"uid": "448637988", "content": "这也可以，NB"}, {"uid": "136233954", "content": "吡哩吡哩妈嘞~"}, {"uid": "1860014519", "content": "好厉害的人物建模"}, {"uid": "683213943", "content": "没关系，红超人也在少儿频道播"}, {"uid": "610733293", "content": "你是谁呀怎么会出现在我的关注列表里面"}, {"uid": "1267712052", "content": "光之种计划安吉拉 快来  这里有你需要收集的光之种 "}, {"uid": "330047769", "content": "↓原片这里没有血没有内脏，就一横截面"}, {"uid": "477581986", "content": "莫名感觉到这个ke啥有点像今天也很害羞，一直换脸"}, {"uid": "11807825", "content": "砸——瓦鲁多！！"}, {"uid": "584732792", "content": "BV1Zp411R7Tc"}, {"uid": "637932746", "content": "当你的天空突然下起了大雨，那是我在为你炸乌云"}, {"uid": "672392277", "content": "中?中指?你再骂!"}, {"uid": "330892767", "content": "挺好看的说实话"}, {"uid": "1078641929", "content": "好的小母鹿没问题小母鹿"}, {"uid": "505701346", "content": "莫名卡上点"}, {"uid": "2117390102", "content": "《好朋友》"}, {"uid": "618414027", "content": "后面的尾巴没了前面的尾巴来了"}, {"uid": "1516965243", "content": "一眼就看你不是人。"}, {"uid": "611094775", "content": "furry狂喜！！"}, {"uid": "431928083", "content": "吃席了 吃席了 "}, {"uid": "1524224043", "content": "你还是小母鹿时 我觉得更帅 "}, {"uid": "545260258", "content": "《好朋友》"}, {"uid": "406351159", "content": "ohhhhhhh"}, {"uid": "2010390854", "content": "((小 花 仙))"}, {"uid": "433188913", "content": "恐怖之夜兔子版"}, {"uid": "650027461", "content": "《值得看》"}, {"uid": "301232466", "content": "好滴小母鹿~"}, {"uid": "127481531", "content": "《正道的光》"}, {"uid": "405947029", "content": "你是谁呀怎么会在我的关注列表里"}, {"uid": "402198684", "content": "小—母—鹿！"}, {"uid": "140080916", "content": "我心捐给你！"}, {"uid": "140080916", "content": "溶解之爱！"}, {"uid": "140080916", "content": "我是你老婆"}, {"uid": "630097375", "content": "这不是去幼儿园的车，我要下车！"}, {"uid": "630097375", "content": "《应该看》"}, {"uid": "645660053", "content": "这不比博然 ？？？！！！"}, {"uid": "645660053", "content": "暂停成功 "}, {"uid": "1169486848", "content": "你才是阴间来的吧"}, {"uid": "403230924", "content": "日本人就吓唬你 ，你不能惯着它的，他喵的！"}, {"uid": "500931999", "content": "最后变成了光 "}, {"uid": "544122399", "content": "好的，小母鹿"}, {"uid": "1398934269", "content": "好腰"}, {"uid": "1197304243", "content": "我看原片也下到了"}, {"uid": "1455035578", "content": "老婆你回来了 "}, {"uid": "1004390155", "content": "小母鹿【狗头】"}, {"uid": "515553017", "content": "*大表哥挡住了去路"}, {"uid": "1043354877", "content": "丽莎在前，吉良绕后"}, {"uid": "1564886651", "content": "乔瑟夫+阿布德尔"}, {"uid": "576746067", "content": "没错小母鹿"}, {"uid": "560215253", "content": "真  好  朋  友"}, {"uid": "1127722402", "content": "《剋礙》"}, {"uid": "471017473", "content": "popee很可爱啊"}, {"uid": "1968943997", "content": "狯勒"}, {"uid": "505502695", "content": "欢乐电锯人"}, {"uid": "601445165", "content": "小丑波比可还行，我炮形态波比第一个不服"}, {"uid": "745841042", "content": "最多两连"}, {"uid": "745841042", "content": "《一些》"}, {"uid": "526372458", "content": "他麻德～他麻德～他麻德～"}, {"uid": "506199115", "content": "电锯惊魂"}, {"uid": "41685147", "content": "迪迦变身"}, {"uid": "1142677032", "content": "这他妈是给儿童看是想陪一组我的食人花吗？"}, {"uid": "651511084", "content": "全剧终"}, {"uid": "524535653", "content": "好的小母鹿"}, {"uid": "1145949583", "content": "我老师看了直呼内行"}, {"uid": "678728185", "content": "傻狍子归你们，鹿茸我要了"}, {"uid": "603918839", "content": "小母鹿(doge)"}, {"uid": "517348257", "content": "注∶Popee是无性"}, {"uid": "40873693", "content": "电锯狂魔"}, {"uid": "627184795", "content": "暠  芃  铀"}, {"uid": "699373927", "content": "一开始我还以为那个是popee的口水"}, {"uid": "1456170667", "content": "耗 朋 友"}, {"uid": "483219316", "content": "rua"}, {"uid": "503173083", "content": "光之种即将发射"}, {"uid": "700207919", "content": "恐怖双子风评被害，恐怖舞？！好家伙"}, {"uid": "714587996", "content": "狗十鹿生的混合母鹿"}, {"uid": "1041026563", "content": "在祝耕夫有篇漫画自己听丸子去讲看完后你就明白"}, {"uid": "606347241", "content": "朕的戚继光呢"}, {"uid": "1135241391", "content": "熟悉的小花"}, {"uid": "1135241391", "content": "引  雷  针 "}, {"uid": "1135241391", "content": "《川  上  富  江》"}, {"uid": "690195852", "content": "杀手皇后，第一炸弹"}, {"uid": "480205848", "content": "你再骂？"}, {"uid": "631187264", "content": "不会打的不会打的"}, {"uid": "629042605", "content": "不要了换个新的"}, {"uid": "629042605", "content": "《髁霭》"}, {"uid": "1520024715", "content": "快拿博人传"}, {"uid": "701791208", "content": "小幽灵:干嘛用我BGM？"}, {"uid": "455351717", "content": "卧槽！手机着火了！太燃了！太燃了！"}, {"uid": "630033807", "content": "光之种ⅹ2"}, {"uid": "359779128", "content": "你再骂"}, {"uid": "241330910", "content": "光 之 种"}, {"uid": "1521543167", "content": "趋 势 快 乐"}, {"uid": "1418107204", "content": "もぺもぺ!"}, {"uid": "488349522", "content": "姑且发射激光。"}, {"uid": "355775172", "content": "中 考 体 育 实 心 球 项 目 测 试 现 场"}, {"uid": "1365703674", "content": "失踪人口回归 "}, {"uid": "1258805432", "content": "我就知道(（（-～-）"}, {"uid": "492853809", "content": "popee挺可爱的"}, {"uid": "492853809", "content": "一个般若面具而已，没血没什么吓人镜头。。。"}, {"uid": "1396595245", "content": "好猎奇，我喜欢哈哈哈哈哈"}, {"uid": "434187150", "content": "富江：？"}, {"uid": "606347241", "content": "这人名字翻译过来叫斯卡蒂"}, {"uid": "10193670", "content": "好怕让你更有"}, {"uid": "294121477", "content": "ohhhhhhhhhhhhhhhhhhhhhhhhhhhhhh"}, {"uid": "506977590", "content": "哒宰行为"}, {"uid": "1832534199", "content": "真有那么夸张吗我倒觉得挺好看的"}, {"uid": "411597651", "content": "好 朋 友"}, {"uid": "1847356762", "content": "好的小母鹿 "}, {"uid": "535789268", "content": "老子喜欢！"}, {"uid": "543724251", "content": "富 江"}, {"uid": "616255116", "content": "前方高燃！！！"}, {"uid": "1645758079", "content": "oh，要是尾巴还在正面，这个视频就没了"}, {"uid": "525307604", "content": "《垃圾桶 》"}, {"uid": "550437389", "content": "全体起立"}, {"uid": "49384497", "content": "papi"}, {"uid": "1020011809", "content": "噢耶欢乐树"}, {"uid": "2086697183", "content": "大好人生"}, {"uid": "433217111", "content": "看看电量吧【狗头】"}, {"uid": "212739207", "content": "OHHHHHHHHHHHHHHHHHHHHHHHHHHHH"}, {"uid": "1237919348", "content": "小母鹿"}, {"uid": "1258305139", "content": "医学奇迹"}, {"uid": "497001401", "content": "《欢乐》"}, {"uid": "433188913", "content": "这个尾巴·······"}, {"uid": "1142677032", "content": "上集尾巴在前面这集怎么尾巴就在后面了"}, {"uid": "1142677032", "content": "2001年的人，不知道是怎么看下去的。是2001年播的"}, {"uid": "628808593", "content": "托马斯审判曲"}, {"uid": "612693367", "content": "好的小母鹿"}, {"uid": "1603679979", "content": "popee表演者！！！！"}, {"uid": "1874316942", "content": "好涩"}, {"uid": "283996812", "content": "般若鬼面"}, {"uid": "426616323", "content": "你币有了"}, {"uid": "523384300", "content": "Myanimelist也有那种东西的Myanimelist也有那种东西的Myanimelist也有那种东西的Myanimelist也有那种东西的Myanimelist也有那种东西的Myanimelis"}, {"uid": "1103126532", "content": "君の动画"}, {"uid": "140080916", "content": "jojo？"}, {"uid": "602598706", "content": "真.好朋友"}, {"uid": "140080916", "content": "ohhhhhhhhhhhhhhhhhhhhhhhhhhhhhhhhhhhhhhhhhhhhhhhhhhhhhhhhhhhhhhhhhhhhhhhhhhhhhhhhhhh"}, {"uid": "581576226", "content": "我觉得挺好看的，把第一季看完了"}, {"uid": "645660053", "content": "《万磁王》"}, {"uid": "12852979", "content": "前方高能（我猜的"}, {"uid": "12852979", "content": "万 磁 王"}, {"uid": "70124953", "content": "？怎么扯上htf了"}, {"uid": "645670823", "content": "这已经不是魔术了吧"}, {"uid": "554650519", "content": "@御坂美琴"}, {"uid": "617759801", "content": "操燃起来了"}, {"uid": "617759801", "content": "操燃起来了"}, {"uid": "709996864", "content": "下次一定小母鹿 "}, {"uid": "630911267", "content": "噜噜噜木木小木小木小木六"}, {"uid": "689553210", "content": "万 磁 王popee（一脸蒙比kedamono）"}, {"uid": "207378034", "content": "popee是小丑扮演者，kedamono只是ta的助手而已"}, {"uid": "664700000", "content": "下次亿定。"}, {"uid": "1808823778", "content": "不      巧"}, {"uid": "489241882", "content": "真•修毛"}, {"uid": "1197304243", "content": "ohhhhhhhhhhhhh'hhhhhhhhhhhhhhhhhh"}, {"uid": "621905017", "content": "ohhhhhhhhhhhhhhhhhhhhhhhhhhhhhhhhhhhhhhhh"}, {"uid": "415306759", "content": "献出三连"}, {"uid": "415306759", "content": "真          好"}, {"uid": "589330558", "content": "下次一定"}, {"uid": "507706962", "content": "脱衣服"}, {"uid": "15985193", "content": "小母鹿"}, {"uid": "481200845", "content": "popee老婆！！！"}, {"uid": "494738302", "content": "小母鹿"}, {"uid": "646021349", "content": "充电了"}, {"uid": "698582464", "content": "你再骂"}, {"uid": "689357032", "content": "大母鹿"}, {"uid": "1223716637", "content": "小母鹿"}, {"uid": "1142677032", "content": "儿童节劫"}, {"uid": "4453731", "content": "吃席了"}, {"uid": "617759801", "content": "《好朋友》"}, {"uid": "617759801", "content": "？？？？？？？？？？？？"}, {"uid": "651908674", "content": "受害者加x"}, {"uid": "27131183", "content": "awls"}, {"uid": "295827968", "content": "小母鹿"}, {"uid": "475580356", "content": "好吓人"}, {"uid": "1863687091", "content": "真  好朋友"}, {"uid": "4322721", "content": "<<好朋友>>"}, {"uid": "1476481373", "content": "把人修成鹿（dego）"}, {"uid": "487045468", "content": "《助人为乐》"}, {"uid": "487045468", "content": "《好朋友》"}, {"uid": "487045468", "content": "《菊花》"}, {"uid": "619241486", "content": "下次一定"}, {"uid": "524684022", "content": "是被氟锑酸融化了？"}, {"uid": "2108155118", "content": "太绝望了"}, {"uid": "2124712523", "content": "我相信光"}, {"uid": "1938800808", "content": "可…爱？"}, {"uid": "695798758", "content": "上次给了"}, {"uid": "604255040", "content": "原来是日本的吗？"}, {"uid": "444208419", "content": "B站有原版"}, {"uid": "1314978851", "content": "小母鹿"}, {"uid": "655210615", "content": "这个剧情其实可以的，就是制作技术不好"}, {"uid": "1405445301", "content": "ohhhhhhhhhhhhhhhhhhhhhhhhhhhhhhhhhhhhhhhhhhhhhhhhhhhhhhhhhhhhhhhhhhhhhhhhhhhhhhhhhhhh"}, {"uid": "2108155118", "content": "你可真是我的好朋友"}, {"uid": "1229597736", "content": "好家伙，，，"}, {"uid": "1587409800", "content": "《好朋友》"}, {"uid": "629042605", "content": "下次也不一"}, {"uid": "629042605", "content": "《髶畫》"}, {"uid": "510496126", "content": "雷电法王"}, {"uid": "420950710", "content": "铁 拳 虎"}, {"uid": "601319715", "content": "真.吸铁石"}, {"uid": "546742068", "content": "老婆回来了"}, {"uid": "214263737", "content": "今天是恐怖月！"}, {"uid": "597207606", "content": "二乔行为"}, {"uid": "29563917", "content": "小母鹿"}, {"uid": "1671555055", "content": "电锯惊魂少儿版"}, {"uid": "436943466", "content": "ohhhhhhhhhhhhhhhhhhhhhhhhhhhhhhhhhhhhhhhhhhhhhhhhhho h h h h h h h h h h"}, {"uid": "1576871392", "content": "小母鹿"}, {"uid": "1459464071", "content": "他在吃席"}, {"uid": "434187150", "content": "塞蕾丝提雅：？"}, {"uid": "376034933", "content": "天空是蔚蓝色，窗外有千纸鹤"}, {"uid": "643334545", "content": "爷青回"}, {"uid": "691738060", "content": "以雷霆击碎黑暗！"}, {"uid": "471624083", "content": "小母鹿"}, {"uid": "516449667", "content": "《精神污染》"}, {"uid": "1915034588", "content": "溶解之爱的那个，你是脑叶公司里的吧"}, {"uid": "316305605", "content": "小母鹿"}, {"uid": "294121477", "content": "小母鹿"}, {"uid": "219653992", "content": "我 没 币 了"}, {"uid": "1162891694", "content": "好的小母鹿。"}, {"uid": "185402250", "content": "你还有脸回来？"}, {"uid": "505833791", "content": "禁止套娃"}, {"uid": "687126653", "content": "满分100"}, {"uid": "439027621", "content": "核心融毀"}, {"uid": "310613335", "content": "D 4 C"}, {"uid": "1978032297", "content": "BGM好评"}, {"uid": "196248627", "content": "小母鹿"}, {"uid": "443127133", "content": "marenol"}, {"uid": "443127133", "content": "mopemope"}, {"uid": "1237915248", "content": "呆胶布"}, {"uid": "342004645", "content": "yue~"}, {"uid": "1411062456", "content": "我是你的好朋友"}, {"uid": "399363848", "content": "kuai"}, {"uid": "1460797229", "content": "二人爆炸了"}, {"uid": "433188913", "content": "我来人工呼吸"}, {"uid": "433188913", "content": "ohhhhhhhhhhhhhhhhhhhhhhhhhhhhhhh"}, {"uid": "1142677032", "content": "这里的人都没有五根手指吗？"}, {"uid": "621835582", "content": "以雷霆击碎黑暗"}, {"uid": "2088801187", "content": "ohhhhhhhhhhhhhhhhhh"}, {"uid": "1658946781", "content": "o'hhhhhh"}, {"uid": "484001660", "content": "淦淦淦"}, {"uid": "528848069", "content": "畹 髊 魍"}, {"uid": "1607833457", "content": "心脏骤停"}, {"uid": "590103190", "content": "ohhhhhhhhhhhhhhhhhhhhhhh"}, {"uid": "347005248", "content": "下次一定"}, {"uid": "140080916", "content": "天降正义！炮爷出击！降维打击！飞！～哈哈！"}, {"uid": "140080916", "content": "反了！"}, {"uid": "644635305", "content": "小母鹿～"}, {"uid": "619828340", "content": "哈哈哈哈哈哈哈哈"}, {"uid": "619828340", "content": "我看了真不错"}, {"uid": "645660053", "content": " 席了，吃席了，吃席了 "}, {"uid": "415306759", "content": "猿性壁鹿"}, {"uid": "102989893", "content": "popee！！"}, {"uid": "27946206", "content": "ohhhhhhhhhhhhhhhhhhhhhhhhhhhhhhhhhhhhhhhhhhhhhhhhhhhhhhhhhhhhhh"}, {"uid": "494447101", "content": "口水"}, {"uid": "403230924", "content": "外国人讨论好像有那个大冰"}, {"uid": "456914006", "content": "燃起来了"}, {"uid": "1119998862", "content": "我来做人工呼吸"}, {"uid": "1000150438", "content": "危危危咫危"}, {"uid": "554650519", "content": "芙兰）（达"}, {"uid": "554650519", "content": "芙兰）（达"}, {"uid": "645670823", "content": "哎呀你哥要牛的牛奶"}, {"uid": "256627379", "content": "小母鹿！小母鹿！"}, {"uid": "429790276", "content": "爆炎一击"}, {"uid": "95207101", "content": "有一说一PTP真的好看"}, {"uid": "519624917", "content": "小母鹿"}, {"uid": "640502397", "content": "B      o     b"}, {"uid": "486198596", "content": "好 朋 友"}, {"uid": "404871165", "content": "核废水融化了我的心"}, {"uid": "474207808", "content": "可 爱"}, {"uid": "117550850", "content": "mopemope"}, {"uid": "522703575", "content": "我的生日"}, {"uid": "346724532", "content": "好的小母鹿"}, {"uid": "518212759", "content": "超电磁炮"}, {"uid": "518212759", "content": "痛苦面具"}, {"uid": "638502220", "content": "碗我的饭"}, {"uid": "650038612", "content": "小母鹿"}, {"uid": "660631661", "content": "今天是恐怖月！"}, {"uid": "1525948382", "content": "如果让你重新来过"}, {"uid": "430330210", "content": "进化了"}, {"uid": "1291279799", "content": "以雷霆击碎“友谊”"}, {"uid": "415306759", "content": "中国好队友"}, {"uid": "745841042", "content": "这不和以前一样吗？"}, {"uid": "1189949408", "content": "原来日本没刀"}, {"uid": "1189949408", "content": "没被虐够呢这是"}, {"uid": "234756939", "content": "那是青鬼二的封面图"}, {"uid": "506199115", "content": "川上富江"}, {"uid": "1562494524", "content": "让我康康"}, {"uid": "1562494524", "content": "让我访问"}, {"uid": "18468887", "content": "偎依"}, {"uid": "1365703674", "content": "我什么时候关注的这个阿婆主 "}, {"uid": "522257169", "content": "同感"}, {"uid": "514809340", "content": "这下子好了 遭天谴了 "}, {"uid": "648804827", "content": "沙雕奇"}, {"uid": "1982988879", "content": "2021 7 1 此时点赞只有6.5万"}, {"uid": "617759801", "content": "燃起来了"}, {"uid": "617759801", "content": "盖亚！！！！！！！！！！"}, {"uid": "546994532", "content": "怪不得friend里头有个end"}, {"uid": "17411395", "content": "细胞分裂"}, {"uid": "1145949583", "content": "医学奇迹"}, {"uid": "456669182", "content": "傻狍子"}, {"uid": "595496882", "content": "芜湖～"}, {"uid": "485295216", "content": "怎么骂人呢？"}, {"uid": "687531738", "content": "下次一定"}, {"uid": "607518907", "content": "小母鹿"}, {"uid": "33030701", "content": "furry控是吧"}, {"uid": "489370991", "content": "用我的我可以接受"}, {"uid": "521035043", "content": "我什么时候关注的这个up"}, {"uid": "522110329", "content": "小母鹿"}, {"uid": "1041026563", "content": "呵核污水融化的"}, {"uid": "86423404", "content": "小母鹿"}, {"uid": "693134905", "content": "耗朋友"}, {"uid": "483395815", "content": "海森伯格"}, {"uid": "482215303", "content": "小母鹿"}, {"uid": "479411869", "content": "变成狗了"}, {"uid": "280539310", "content": "好美！"}, {"uid": "496340453", "content": "童年回忆"}, {"uid": "701791208", "content": "好的小母鹿"}, {"uid": "324920716", "content": "就地开席"}, {"uid": "687844966", "content": "前方高能"}, {"uid": "143053", "content": "小母鹿"}, {"uid": "677845772", "content": "太宰行为"}, {"uid": "1030243481", "content": "我明白了！这狼要吃烤兔肉"}, {"uid": "1848157884", "content": "欢乐树在哪看呢 "}, {"uid": "26068468", "content": "我不是小朋友"}, {"uid": "1472569824", "content": "以雷霆击碎黑暗"}, {"uid": "523534572", "content": "给了给了"}, {"uid": "149308237", "content": "干得漂亮"}, {"uid": "1543408758", "content": "下次不一定 "}, {"uid": "1769174461", "content": "小母鹿"}, {"uid": "735981756", "content": "害怕极了"}, {"uid": "1799475428", "content": "泪目"}, {"uid": "436943466", "content": "o h h h h h h h h h h h h h h h h h h h"}, {"uid": "589793263", "content": "D4C"}, {"uid": "488349522", "content": "mopemope色"}, {"uid": "505939033", "content": "退化了？？？"}, {"uid": "521376205", "content": "花心超人"}, {"uid": "1365703674", "content": "少儿不宜 "}, {"uid": "1365703674", "content": "我什么时候关注的这个up"}, {"uid": "492853809", "content": "popee不是逃跑"}, {"uid": "2110325564", "content": "吓傻了"}, {"uid": "1089070351", "content": "恐怖月的老FNF"}, {"uid": "1089070351", "content": "受害人+1"}, {"uid": "475365309", "content": "小母鹿"}, {"uid": "687660668", "content": "能存活到第四级真好"}, {"uid": "506977590", "content": "好哒老婆"}, {"uid": "22676500", "content": "小目录"}, {"uid": "518212759", "content": "狂气之瞳"}, {"uid": "165447672", "content": "这是成海森伯格了吗"}, {"uid": "486303757", "content": "影流之兔"}, {"uid": "415219307", "content": "救命别火求求了 "}, {"uid": "592317905", "content": "巜好朋友"}, {"uid": "1847356762", "content": "好的小母猪 "}, {"uid": "1847356762", "content": "你再骂"}, {"uid": "667981992", "content": "这题选C！"}, {"uid": "1162544884", "content": "小母鹿"}, {"uid": "520893424", "content": "大逼斗"}, {"uid": "701873643", "content": "下次一定"}, {"uid": "248309990", "content": "泪目"}, {"uid": "5263370", "content": "万磁忘"}, {"uid": "1186294788", "content": "你是谁呀？怎么会出现在我的关注列表里"}, {"uid": "230863758", "content": "无性繁殖"}, {"uid": "699107374", "content": "这又不是烂片你们是不是有些毛病"}, {"uid": "686181061", "content": "电鹿老公！！！"}, {"uid": "477694341", "content": "《好朋友》"}, {"uid": "508304065", "content": "完结撒花"}, {"uid": "485002619", "content": "popee是无性啊"}, {"uid": "2086697183", "content": "燃起来了"}, {"uid": "1237919348", "content": "下次丕定"}, {"uid": "26146265", "content": "哈哈哈哈哈哈哈"}, {"uid": "1836176921", "content": "燃起来了"}, {"uid": "1296626552", "content": "小母鹿"}, {"uid": "1296626552", "content": "小母鹿"}, {"uid": "434165218", "content": "比巴"}, {"uid": "508404987", "content": "光头强"}, {"uid": "482514391", "content": "斯卡蒂？"}, {"uid": "1071986068", "content": "下次一定"}, {"uid": "454704332", "content": "小母鹿"}, {"uid": "697727612", "content": "以雷霆击碎Kobe"}, {"uid": "301232466", "content": "小母鹿"}, {"uid": "1607833457", "content": "爷青回"}, {"uid": "495867317", "content": "给我打"}, {"uid": "1014646902", "content": "下次丕定"}, {"uid": "127481531", "content": "小母鹿"}, {"uid": "619828340", "content": "请谨慎观看。"}, {"uid": "441228006", "content": "小母鹿"}, {"uid": "526657513", "content": "小母鹿"}, {"uid": "519717007", "content": "D 4 C"}, {"uid": "625026133", "content": "popee！！！！！！"}, {"uid": "630097375", "content": "芜湖～"}, {"uid": "630097375", "content": "芜湖～"}, {"uid": "413326994", "content": "小母鹿"}, {"uid": "401099826", "content": "车祸现场"}, {"uid": "619828340", "content": "真他妈上头"}, {"uid": "646965381", "content": "hhhhhhhhhhhhhhhhhh"}, {"uid": "645660053", "content": "以雷霆击碎黑暗 "}, {"uid": "455775514", "content": "快用弹幕保护"}, {"uid": "799462007", "content": "Little fawn."}, {"uid": "1718757383", "content": "让爷访问"}, {"uid": "400110953", "content": "小母鹿"}, {"uid": "400110953", "content": "好帅啊"}, {"uid": "1520161158", "content": "骂人ol"}, {"uid": "520613885", "content": "阴间魔术"}, {"uid": "37435025", "content": "小母鹿"}, {"uid": "1398934269", "content": "有jo投币"}, {"uid": "674200781", "content": "最好的朋友"}, {"uid": "498276589", "content": "以雷霆击碎黑暗"}, {"uid": "1500600916", "content": "献肝流言"}, {"uid": "186876112", "content": "前方高能！！！"}, {"uid": "689553210", "content": "pope.小 丑 大 笑"}, {"uid": "664700000", "content": "你啥子时候回来的？"}, {"uid": "1808823778", "content": "血色之夜"}, {"uid": "1808823778", "content": "天空是蔚蓝色，窗外有千纸鹤"}, {"uid": "1937754445", "content": "比博燃"}, {"uid": "518212759", "content": "mopemope"}, {"uid": "489241882", "content": "你再骂"}, {"uid": "471017473", "content": "。。。那就别看"}, {"uid": "397795248", "content": "哈哈哈哈哈哈哈"}, {"uid": "2083847835", "content": "处刑曲 "}, {"uid": "1797665183", "content": "影流之*"}, {"uid": "649710274", "content": "小母鹿"}, {"uid": "1665854019", "content": "魔术"}, {"uid": "436591239", "content": "阴间画质"}, {"uid": "790031017", "content": "小母鹿"}, {"uid": "865428751", "content": "吃席了！"}, {"uid": "509223846", "content": "火神神乐"}, {"uid": "617759801", "content": "前方核能"}, {"uid": "651511084", "content": "儿童劫"}, {"uid": "437196090", "content": "万磁王。"}, {"uid": "1145949583", "content": "三连有了"}, {"uid": "1145949583", "content": "前方核能 "}, {"uid": "1134734184", "content": "这是个狗吧"}, {"uid": "505241782", "content": "小母鹿"}, {"uid": "1966796499", "content": "好的，小母鹿"}, {"uid": "1415770222", "content": "mopemope"}, {"uid": "1863687091", "content": "复活兔"}, {"uid": "1863687091", "content": "脸都掉了"}, {"uid": "484537081", "content": "我们联合"}, {"uid": "487045468", "content": "好大好直好硬"}, {"uid": "617446632", "content": "Ohhhhhhhhhhhhhhhh"}, {"uid": "1568479498", "content": "www老婆好可爱"}, {"uid": "1454625917", "content": "下次不一定"}, {"uid": "1858792263", "content": "popee！？"}, {"uid": "599162272", "content": "真就哪个片子冷喷哪个片子呗"}, {"uid": "455294935", "content": "武举人"}, {"uid": "249484273", "content": "泪目"}, {"uid": "1489210200", "content": "是popee!!!!"}, {"uid": "693134905", "content": "那是在发泄"}, {"uid": "693134905", "content": "人间阴乐"}, {"uid": "350187299", "content": "海森伯格"}, {"uid": "601431810", "content": "恐  怖  动  画"}, {"uid": "450066601", "content": "爷青回"}, {"uid": "678315835", "content": "小母鹿"}, {"uid": "527496819", "content": "引雷针"}, {"uid": "324920716", "content": "good friends"}, {"uid": "284006416", "content": "比博燃"}, {"uid": "455351717", "content": "危！"}, {"uid": "571448630", "content": "小母鹿"}, {"uid": "591429986", "content": "下次丕定"}, {"uid": "1445833193", "content": "下次一定"}, {"uid": "1574886272", "content": "燃起来了"}, {"uid": "1325175624", "content": "故意杀人罪"}, {"uid": "446941649", "content": "泪目"}, {"uid": "437128740", "content": "JOKER"}, {"uid": "594448724", "content": "大表哥!"}, {"uid": "450472104", "content": "爷青回"}, {"uid": "1886932799", "content": "一小时，热热还能吃"}, {"uid": "57715283", "content": "这些就是使劲坑你，反正我都看了别人不看那不是太亏了吗"}, {"uid": "735981756", "content": "好朋友"}, {"uid": "1221896749", "content": "呜呼 "}, {"uid": "456878264", "content": "小母鹿"}, {"uid": "670842810", "content": "打"}, {"uid": "436943466", "content": "这不比博燃"}, {"uid": "488349522", "content": "LeaF & Optie"}, {"uid": "488349522", "content": "MARENOL"}, {"uid": "10546189", "content": "？？？"}, {"uid": "1459464071", "content": "爷青回"}, {"uid": "627279602", "content": "比博燃"}, {"uid": "1089070351", "content": "曲子好评"}, {"uid": "390325892", "content": "？？？？？？？？"}, {"uid": "89920518", "content": "芜湖"}, {"uid": "9760024", "content": "電鹿好可愛啊"}, {"uid": "150087714", "content": "泪目"}, {"uid": "150087714", "content": "哈哈哈哈"}, {"uid": "485014305", "content": "老婆"}, {"uid": "508717026", "content": "『the world』"}, {"uid": "1120898287", "content": "摇摆阳"}, {"uid": "773161717", "content": "bgm 好耳熟"}, {"uid": "773161717", "content": "来打踢"}, {"uid": "378956169", "content": "有毒啊"}, {"uid": "670607097", "content": "可真是好朋友。"}, {"uid": "457264585", "content": "卡尔.海森伯格"}, {"uid": "623894813", "content": "小母鹿"}, {"uid": "18681914", "content": "比博然"}, {"uid": "450869138", "content": "装反了"}, {"uid": "1267712052", "content": "你再骂"}, {"uid": "39334757", "content": "让你bb（幻听）"}, {"uid": "230863758", "content": "万磁王"}, {"uid": "1328177", "content": "hhhhhhh"}, {"uid": "1418680473", "content": "小母鹿"}, {"uid": "1520161158", "content": "MARENOL"}, {"uid": "1237919348", "content": "小母鹿"}, {"uid": "1237919348", "content": "小母鹿"}, {"uid": "89763024", "content": "mopemope"}, {"uid": "577724158", "content": "woc"}, {"uid": "455045541", "content": "草"}, {"uid": "491808004", "content": "天空是蔚蓝色  窗外有千纸鹤"}, {"uid": "1524224043", "content": "这不傻狍子吗 "}, {"uid": "1524224043", "content": "阴间动画 "}, {"uid": "1296626552", "content": "小母鹿"}, {"uid": "508404987", "content": "光头强"}, {"uid": "10672608", "content": "草"}, {"uid": "1667013596", "content": "光芒四射 "}, {"uid": "454949855", "content": "摇摆强"}, {"uid": "456914006", "content": "你币有了"}, {"uid": "1607833457", "content": "小雌鹿"}, {"uid": "1855089903", "content": "下次一定"}, {"uid": "1913619572", "content": "下次一定"}, {"uid": "662704779", "content": "看完一季的回来了   popee和performer他俩敲可爱的www"}, {"uid": "127481531", "content": "小母鹿"}, {"uid": "619828340", "content": "请谨慎观看。"}, {"uid": "441228006", "content": "天空是蔚蓝色窗外有千纸鹤"}, {"uid": "402198684", "content": "小母鹿"}, {"uid": "140080916", "content": "啊啊啊啊啊啊啊！！！！"}, {"uid": "490812526", "content": "老婆"}, {"uid": "1289708912", "content": "小母鹿"}, {"uid": "1507421883", "content": "我来了"}, {"uid": "455775514", "content": "没事，这都是假的。"}, {"uid": "12852979", "content": "下次丕定"}, {"uid": "12852979", "content": "盖亚！"}, {"uid": "423920374", "content": "豪朋友"}, {"uid": "1016092649", "content": "泪目"}, {"uid": "403230924", "content": "我的发"}, {"uid": "383876650", "content": "OHHHHHHHHH"}, {"uid": "1119998862", "content": "泪目"}, {"uid": "431684304", "content": "？？？"}, {"uid": "1398934269", "content": "里苏特"}, {"uid": "1398934269", "content": "Wryyyyyyyyyyyyyyyy"}, {"uid": "638244126", "content": "哈哈哈哈哈哈哈哈哈哈哈其实这个挺可爱的"}, {"uid": "518779358", "content": "雷鸣闪！！！"}, {"uid": "523945175", "content": "鹿变狗"}, {"uid": "506651411", "content": "下次丕定"}, {"uid": "1448766485", "content": "已经取关了"}, {"uid": "1726475180", "content": "好朋友"}, {"uid": "470617372", "content": "小母鹿"}, {"uid": "1158708816", "content": "这是日本福岛的"}, {"uid": "1808823778", "content": "好朋友"}, {"uid": "1808823778", "content": "nb"}, {"uid": "1303764023", "content": "wmybl，sywbg"}, {"uid": "229918260", "content": " 淦"}, {"uid": "1937754445", "content": "以雷霆击碎黑暗"}, {"uid": "518212759", "content": "芙兰达"}, {"uid": "471017473", "content": "哈哈哈哈哈哈哈mono太可了"}, {"uid": "1287088774", "content": "比博燃"}, {"uid": "504234274", "content": "小母鹿"}, {"uid": "1313852405", "content": "？？？"}, {"uid": "1317562533", "content": "迪迦!"}, {"uid": "1525948382", "content": "避雷针"}, {"uid": "1154056871", "content": "签到"}, {"uid": "621905017", "content": "我看到了什么"}, {"uid": "621905017", "content": "哇得发"}, {"uid": "415306759", "content": "快乐"}, {"uid": "504794446", "content": "海森伯格？"}, {"uid": "423455101", "content": "LeaF快来"}, {"uid": "246771681", "content": "下次丕定"}, {"uid": "265133420", "content": "选C吧"}, {"uid": "2013083972", "content": "泪目"}, {"uid": "1497479925", "content": "下次丕定"}, {"uid": "1496447357", "content": "孬朋友"}, {"uid": "745841042", "content": "危"}, {"uid": "1189949408", "content": "垃 圾 桶"}, {"uid": "1007046404", "content": "叛徒 ！"}, {"uid": "1562494524", "content": "好朋友"}, {"uid": "1328487939", "content": "牛逼"}, {"uid": "1587409800", "content": "正道的光"}, {"uid": "697897754", "content": "司空镇 "}, {"uid": "671482529", "content": "？？？"}, {"uid": "1142677032", "content": "还是小母猫？"}, {"uid": "617759801", "content": "哈哈哈哈哈哈哈哈哈哈哈哈"}, {"uid": "617759801", "content": "JO护车"}, {"uid": "617759801", "content": "川上富江"}, {"uid": "617759801", "content": "小母鹿"}, {"uid": "617759801", "content": "ohhhhhhhhhhh"}, {"uid": "1145949583", "content": "孬盆柚"}, {"uid": "1145949583", "content": "武器a"}, {"uid": "1504816810", "content": "这是大表哥的曲子不是小幽灵的"}, {"uid": "1368040259", "content": "我心脏不好"}, {"uid": "489993266", "content": "parn！"}, {"uid": "124398673", "content": "花心超人"}, {"uid": "502366224", "content": "小母鹿"}, {"uid": "597637190", "content": "泪目"}, {"uid": "1402170155", "content": "看不懂"}, {"uid": "681703862", "content": "泪目"}, {"uid": "681703862", "content": "比博燃"}, {"uid": "487045468", "content": "快乐"}, {"uid": "487045468", "content": "魔女之家"}, {"uid": "622082663", "content": "比博燃"}, {"uid": "2115080960", "content": "小母鹿"}, {"uid": "481346342", "content": "popeeyyds！"}, {"uid": "1873238578", "content": "雷电法王"}, {"uid": "476130439", "content": "你再骂？"}, {"uid": "20223084", "content": "粑粑鹿"}, {"uid": "451701676", "content": "天空是蔚蓝色，窗外是千纸鹤"}, {"uid": "214070487", "content": "我就是小孩"}, {"uid": "693134905", "content": "哈我10后"}, {"uid": "693134905", "content": "不就这个吗，2刷了"}, {"uid": "513941248", "content": "是视频"}, {"uid": "2023328727", "content": "沙福林"}, {"uid": "1978118126", "content": "？？？？？？？？"}, {"uid": "1002209629", "content": "哈哈哈哈"}, {"uid": "1135241391", "content": "盖亚！"}, {"uid": "129963787", "content": "那是啥？？"}, {"uid": "690195852", "content": "引雷ⅠⅤ"}, {"uid": "690195852", "content": "荆刺公交"}, {"uid": "2090412448", "content": "奇比博燃"}, {"uid": "600310328", "content": "？"}, {"uid": "627679717", "content": "害   怕"}, {"uid": "674243859", "content": "老婆"}, {"uid": "629042605", "content": "？？？？？"}, {"uid": "532465410", "content": "NB"}, {"uid": "589089453", "content": "√"}, {"uid": "1220080303", "content": "前方高能"}, {"uid": "1003127049", "content": "下次丕定"}, {"uid": "591429986", "content": "你再骂"}, {"uid": "816124290", "content": "不可能"}, {"uid": "49882462", "content": "下次丕定"}, {"uid": "1325175624", "content": "泪目"}, {"uid": "1325175624", "content": "？"}, {"uid": "689925324", "content": "比特币"}, {"uid": "336221258", "content": "啊啊啊啊啊啊帅！"}, {"uid": "1178300176", "content": "富江"}, {"uid": "649791470", "content": "请收下我的膝盖"}, {"uid": "1414381948", "content": "刚才比了个什么是国际有好首饰吗"}, {"uid": "675512089", "content": "吃席"}, {"uid": "1671555055", "content": "OHHHHHHHHYHHHHHHHHHHHJHHHHHHJHHHH"}, {"uid": "1179528228", "content": "这不是阿古茹吗"}, {"uid": "1179528228", "content": "这不是阿古茹吗"}, {"uid": "1799475428", "content": "？？？"}, {"uid": "1020432571", "content": "小母鹿"}, {"uid": "1258805432", "content": "锯人"}, {"uid": "1396595245", "content": "？？？"}, {"uid": "700916473", "content": "小母鹿"}, {"uid": "26498667", "content": "整个电场中正电荷所在位置电势最高负电荷所在位置电势最低"}, {"uid": "1837067704", "content": "我什么时候关注的这个up"}, {"uid": "1326096621", "content": "变成狗了"}, {"uid": "508717026", "content": "㺀㨋䲩㶽"}, {"uid": "508717026", "content": "欧拉欧拉欧拉"}, {"uid": "485408420", "content": "你币有了"}, {"uid": "488545831", "content": "。。。。"}, {"uid": "667757092", "content": "嘶溜"}, {"uid": "381795430", "content": "海森伯格"}, {"uid": "242482741", "content": "眼睛出现爱心不是什么好事，嘿嘿嘿"}, {"uid": "608365431", "content": "引雷针"}, {"uid": "1860349163", "content": "！！！"}, {"uid": "670789993", "content": "告诉七海和奈布我还爱他们"}, {"uid": "668738273", "content": "我不"}, {"uid": "1404479988", "content": "这不比博人传燃"}, {"uid": "163971388", "content": "小母鹿"}, {"uid": "604222912", "content": "我竟然看完了"}, {"uid": "1411062456", "content": "是核弹"}, {"uid": "502734573", "content": "别天神！"}, {"uid": "510061916", "content": "小母鹿"}, {"uid": "674200781", "content": "哎呀 "}, {"uid": "1593580675", "content": "开幕雷击"}, {"uid": "2086697183", "content": "贱"}, {"uid": "1851454815", "content": "ohhhhhhhhhhhhhhhh"}, {"uid": "1851454815", "content": "ohhhhhhhhhhhhhhhhhhhh"}, {"uid": "27882324", "content": "bob"}, {"uid": "1674277374", "content": "もぺもペ"}, {"uid": "1486023300", "content": "小母鹿"}, {"uid": "508404987", "content": "能不能搞点阳间的东西"}, {"uid": "447557404", "content": "雷锋的故事0点档播出"}, {"uid": "487042607", "content": "“ 可  爱 ”"}, {"uid": "515784528", "content": "狗！"}, {"uid": "2136321177", "content": "小母鹿。"}, {"uid": "1851454815", "content": "Is Sook"}, {"uid": "1851454815", "content": "ǒAǒ"}, {"uid": "140080916", "content": "币什么？"}, {"uid": "1204908684", "content": "你谁呀"}, {"uid": "2025831388", "content": "泪目"}, {"uid": "733190845", "content": "背景音乐是传说之下里的耶 "}, {"uid": "626876595", "content": "琦玉是你吗"}, {"uid": "384000618", "content": "花   心      超    人（二花：？）"}, {"uid": "441228006", "content": "小母鹿"}, {"uid": "382390883", "content": "花心超人：你礼貌吗？"}, {"uid": "1169486848", "content": "你说你是公鹿但为啥你是个娘炮"}, {"uid": "1119998862", "content": "天空是蔚蓝色，窗外有千纸鹤"}, {"uid": "674200781", "content": "哎呀"}, {"uid": "486397978", "content": "大意杀父？（doge"}, {"uid": "509471645", "content": "小驴子"}, {"uid": "255853099", "content": "利姆露"}, {"uid": "1201054897", "content": "告诉雷狮我爱他"}, {"uid": "2105990", "content": "欢迎回来"}, {"uid": "1667219038", "content": "好"}, {"uid": "709996864", "content": "好朋友 "}, {"uid": "628718566", "content": "打几分＿＿＿"}, {"uid": "628718566", "content": "这，这尼玛是什么舞步，是不是手上弄了点水想疯狂甩干"}, {"uid": "1808823778", "content": "光"}, {"uid": "455767334", "content": "核能提示"}, {"uid": "497269128", "content": "popee the performer"}, {"uid": "574238542", "content": "哒宰直呼内行"}, {"uid": "416490317", "content": "这人id是斯卡蒂！！！"}, {"uid": "1507934181", "content": "是"}, {"uid": "1313852405", "content": "？？？"}, {"uid": "435197877", "content": "花心“超人”"}, {"uid": "621905017", "content": "海森伯格"}, {"uid": "504794446", "content": "下意识点了不喜欢"}, {"uid": "1315696380", "content": "小母鹿"}, {"uid": "80186397", "content": "小母鹿"}, {"uid": "544334189", "content": "bob"}, {"uid": "589670579", "content": "这里是我的主场，雷霆万钧！！！"}, {"uid": "745841042", "content": "今天是恐怖月，我们去找柠檬精吧........"}, {"uid": "745841042", "content": "没币（- . -）"}, {"uid": "61445223", "content": "你脚没了，你币也没了"}, {"uid": "255879314", "content": "D4C"}, {"uid": "477939266", "content": "號鹏優"}, {"uid": "1365703674", "content": "小母鹿，"}, {"uid": "1562882179", "content": "傻狍子"}, {"uid": "1349937268", "content": "突然觉得毁我童年的奥特曼好看起来了"}, {"uid": "4453731", "content": "兄弟们把护眼打在屏幕上"}, {"uid": "865428751", "content": "雷狮！"}, {"uid": "865428751", "content": "没币了"}, {"uid": "1850297632", "content": "小母鹿"}, {"uid": "631643763", "content": "泪目"}, {"uid": "509223846", "content": "小母驴"}, {"uid": "1524690069", "content": "没币"}, {"uid": "617759801", "content": "泪目"}, {"uid": "617759801", "content": "？？？？？"}, {"uid": "527623989", "content": "雷霆万钧"}, {"uid": "608287680", "content": "他们化成了大地毁灭者"}, {"uid": "1481354869", "content": "太宰直呼内行"}, {"uid": "604242686", "content": "。。。"}, {"uid": "1863687091", "content": "哈哈哈哈哈哈哈哈哈哈哈"}, {"uid": "1863687091", "content": "泪目"}, {"uid": "1863687091", "content": "好朋友"}, {"uid": "1863687091", "content": "小母鹿"}, {"uid": "40873693", "content": "奥特曼乱入"}, {"uid": "622082663", "content": "小母鹿"}, {"uid": "478993359", "content": "雷 电 法 王"}, {"uid": "738379443", "content": "小母鹿"}, {"uid": "513941248", "content": "我老婆"}, {"uid": "1523065635", "content": "JOJO好评"}, {"uid": "2124712523", "content": "迪迦"}, {"uid": "348601441", "content": "撒撒给哟~撒撒给哟~心脏撒撒给哟~为小母鹿献上心脏！！"}, {"uid": "427505125", "content": "说的全是胡言乱语啊呸"}, {"uid": "671175244", "content": "告诉伏黑惠我还爱他"}, {"uid": "1991142945", "content": "bob?"}, {"uid": "714587996", "content": "公狗和母"}, {"uid": "1984349823", "content": "救命我想看又不敢"}, {"uid": "427505125", "content": "说的是胡言乱语并没有那么烂，淦"}, {"uid": "693833475", "content": "还好呀"}, {"uid": "693833475", "content": "哎呀"}, {"uid": "521251074", "content": "初三狂喜"}, {"uid": "506254569", "content": "popee是男的还是女的？"}, {"uid": "631187264", "content": "还我老婆！！！！"}, {"uid": "1062931638", "content": "这 不 是 魔 术 ， 是 魔 法 ！"}, {"uid": "480708194", "content": "老婆"}, {"uid": "1325175624", "content": "这…"}, {"uid": "446941649", "content": "你币没了"}, {"uid": "630033807", "content": "旝鳓實獷"}, {"uid": "483210339", "content": "鬼能操纵被分离的身体部位（doge）"}, {"uid": "94705518", "content": "能不能别打这个！"}, {"uid": "483479913", "content": "这次就给!!!"}, {"uid": "1671555055", "content": "迪迦！"}, {"uid": "1671555055", "content": "这个up主是谁呀？"}, {"uid": "43322482", "content": "迪迦"}, {"uid": "444468430", "content": "以雷霆击碎黑暗！"}, {"uid": "616788915", "content": "逼逼逼得，逼逼逼得"}, {"uid": "490850957", "content": "你爱我 我爱你  蜜雪冰城甜蜜蜜"}, {"uid": "542249720", "content": "让我看看"}, {"uid": "660507994", "content": "说明这不是烂片啊"}, {"uid": "515620732", "content": "巴雷特"}, {"uid": "1323281697", "content": "这音乐好像是传说之下的小精灵"}, {"uid": "38320493", "content": "大表哥的音乐"}, {"uid": "523234248", "content": "让我访问！"}, {"uid": "518212759", "content": "秦心我老婆"}, {"uid": "506510005", "content": "中间那一条长长的是什么玩意儿？ 难道..."}, {"uid": "2060451583", "content": "小周"}, {"uid": "505833791", "content": "？"}, {"uid": "669679032", "content": "遥辉，拒绝访问"}, {"uid": "1465982609", "content": "水了3分钟"}, {"uid": "479050467", "content": "福 岛 市 民"}, {"uid": "1645758079", "content": "所以Popee变成奥特曼还要打Kedamono？？什么世道！"}, {"uid": "1469916360", "content": "U R B R R G R O U N"}, {"uid": "586725457", "content": "？？？？？？？？？？？？？？？？？？？？？？？？？？？？？？？？？？？"}, {"uid": "1593580675", "content": "比博然"}, {"uid": "1851454815", "content": "电鹿被谁打了 左眼下面有条疤"}, {"uid": "291488402", "content": "《      毜        䰃           甴       》"}, {"uid": "1851454815", "content": "(╯‵□′)╯︵┻━┻"}, {"uid": "178834943", "content": "邪         门          动"}, {"uid": "97132793", "content": "雷                狮"}, {"uid": "1851454815", "content": "原片中并没有出现血液场子等一些器官也没有他喵的连肉都是橙色的"}, {"uid": "619828340", "content": "前方高能，前方高能，前方高能！"}]