[{"uid": "1808823778", "content": "老爹说过：要用魔法对付魔法"}, {"uid": "512118408", "content": "《逻辑鬼才》"}, {"uid": "523545730", "content": "物理鬼才"}, {"uid": "504702057", "content": "你 的 遗 嘱"}, {"uid": "513941248", "content": "床上有一个女人"}, {"uid": "590628847", "content": "前面那个给人类起名的老ut了"}, {"uid": "355283004", "content": "先  进  的  技  术"}, {"uid": "1235866879", "content": "《白雪公主VS三只小猪》"}, {"uid": "516015504", "content": "源石拌饭分你一碗啊[大拇指]"}, {"uid": "1031144284", "content": "全剧终"}, {"uid": "34174430", "content": "坏人竟是我自己"}, {"uid": "756202972", "content": "克洛伊：卡米尔，把我的眼睛捂上"}, {"uid": "527467550", "content": "动作指导：紫悦和星光熠熠"}, {"uid": "1086497399", "content": "一一一一全剧终一一一一"}, {"uid": "1566086220", "content": "*为坠落的人类命名"}, {"uid": "352608688", "content": "牛顿狂喜"}, {"uid": "526877517", "content": "我下辈子还最喜欢安迷修"}, {"uid": "416649534", "content": "鬼狐：请加入鬼天盟"}, {"uid": "1328837588", "content": "开   始   吟   唱"}, {"uid": "358899531", "content": "松 阪 砂 糖"}, {"uid": "1658929111", "content": "炮姐：你礼貌吗？"}, {"uid": "631885875", "content": "还是要把美好留在人间……"}, {"uid": "514978457", "content": "《文明的网友》"}, {"uid": "591741056", "content": "告诉Dio我下辈子还欧拉他"}, {"uid": "577982216", "content": "超高校级的幸运行为"}, {"uid": "526974887", "content": "物理老师你冷静一点!!!"}, {"uid": "8823903", "content": "动作指导：王默、雪城爱"}, {"uid": "701861051", "content": "《唉呀妈呀》"}, {"uid": "1634898419", "content": "《给客人闻自己的屁》"}, {"uid": "499154777", "content": "金：哪个抢我台词"}, {"uid": "643797923", "content": "《皇帝的新衣》:同行！"}, {"uid": "26800349", "content": "小♂电♂影"}, {"uid": "483625770", "content": "狛枝风斗：这个我熟"}, {"uid": "627679717", "content": "牛：有被冒犯到"}, {"uid": "601254878", "content": "快   乐  的  感  觉"}, {"uid": "438730994", "content": "白雪公主：搭得把油"}, {"uid": "1586425825", "content": "狛 枝 传 教"}, {"uid": "436233525", "content": "这部是他做过的最成功的恐怖电影"}, {"uid": "591741056", "content": "BGM:For the Damaged Coda"}, {"uid": "591741056", "content": "告诉查尔斯我下辈子还做他的好队友"}, {"uid": "494916164", "content": "安          详"}, {"uid": "4579062", "content": "狛枝:我熟"}, {"uid": "429647112", "content": "鲜花：你礼貌吗？"}, {"uid": "516594258", "content": "你别说，这壁纸还要花钱"}, {"uid": "1317647949", "content": "有谁发现了他们的眼珠子都不会动 "}, {"uid": "306384776", "content": "王宝强：你礼貌吗"}, {"uid": "442187426", "content": "接纳 尊重 理解 包容"}, {"uid": "687844966", "content": "精神病院在逃人员"}, {"uid": "480242251", "content": "告诉布姐我下辈子要嫁给他"}, {"uid": "442920007", "content": "告诉工藤新一爷还爱他"}, {"uid": "692744118", "content": "危   公主   危"}, {"uid": "674174013", "content": "绝 望 病"}, {"uid": "627157074", "content": "《让猪飞》"}, {"uid": "484163103", "content": "狛枝凪斗：这题我熟"}, {"uid": "486149103", "content": "老实说  这个配音是真不错（"}, {"uid": "402748049", "content": "《开~始~了~》"}, {"uid": "402748049", "content": "《冰雪女王》"}, {"uid": "646616351", "content": "告诉承太郎和仗助，我下辈子还磕你俩的cp"}, {"uid": "221148242", "content": "白雪公主 落地过猛                                                                      "}, {"uid": "521354470", "content": "《太 太 太 太 香 了》"}, {"uid": "29292588", "content": "整个宇宙都是我狼外婆的了（"}, {"uid": "128357273", "content": "小问号，你是否有很多朋友？"}, {"uid": "1035056365", "content": "《皇帝的新屁》"}, {"uid": "1035056365", "content": "白雪公主:原来艾莎是我妈"}, {"uid": "627679717", "content": "告诉aph全员，我下辈子还爱他们"}, {"uid": "599501791", "content": "《因为我会放屁呀》"}, {"uid": "513044752", "content": "你床上的是谁"}, {"uid": "492357851", "content": "告诉狄大人下辈子我还爱他"}, {"uid": "1235866879", "content": "我觉得下一部应该是《白雪公主与黑猫警长》"}, {"uid": "277544500", "content": "《鳖   孙》"}, {"uid": "608356450", "content": "被 屁 臭 瞎 的 人"}, {"uid": "453969902", "content": "告诉nightmare劳资还爱他，顺便把武器借我用用"}, {"uid": "517942432", "content": "Technoblade：Bruhhhhhhhh"}, {"uid": "510690100", "content": "佐助：你的憎恨还不够！阿玛特拉斯！"}, {"uid": "1089708117", "content": "技术指导：雷电法王杨永信"}, {"uid": "1905032968", "content": "告诉忘川我还能肝"}, {"uid": "609846035", "content": "突然白雪公主想拿出根烟静静，然后……"}, {"uid": "26800349", "content": "告诉天美我下辈子还玩王者"}, {"uid": "492505130", "content": "新概念，的一块垫子"}, {"uid": "583104931", "content": "唯一的正常人也变傻了"}, {"uid": "505510688", "content": "文体两开花"}, {"uid": "540079220", "content": "替我告诉扎克和瑞吉尔说我一直爱他们！"}, {"uid": "165408982", "content": "大爷真很有冲击力我靠"}, {"uid": "672381701", "content": "小幽灵和大表哥激情地跳双人舞(bushi)"}, {"uid": "525267271", "content": "幸存下来的人类，筑起了三座名为玛利亚、露西、希娜的巨大城墙"}, {"uid": "1173490255", "content": "核  瓶  友  扇"}, {"uid": "501091959", "content": "传教现场"}, {"uid": "1718757383", "content": "小 母 鹿"}, {"uid": "1469414227", "content": "安娜：我老婆什么时候有的？"}, {"uid": "514978457", "content": "鲜花：你礼貌吗？"}, {"uid": "34688238", "content": "牛顿哭了"}, {"uid": "2013194932", "content": "不，你的名字叫q宝"}, {"uid": "686194901", "content": "《全剧终》"}, {"uid": "620783807", "content": "告诉布莱克我下辈子还爱他"}, {"uid": "629451851", "content": "告诉德云社全员，我还爱他们"}, {"uid": "1828092693", "content": "狛枝凪斗:请打开麦克风交流"}, {"uid": "473404554", "content": "卧槽 。。。我在电影院里居然看过这个，我是不是傻子"}, {"uid": "1586425825", "content": "让盾子用勺子把我眼睛扣下来吧呜呜呜"}, {"uid": "670476326", "content": "泡  椒  凤  爪"}, {"uid": "297837980", "content": "告诉狛枝凪斗我还爱他"}, {"uid": "393895318", "content": "告诉克莱恩，我下辈子还信仰他"}, {"uid": "577982216", "content": "淦这一幕好眼熟"}, {"uid": "436629046", "content": "本篇唯一的正常人成功沦陷"}, {"uid": "2026925680", "content": "大叔：唔唔唔（被强行灌鸡汤）"}, {"uid": "692744118", "content": "前方核能"}, {"uid": "675154477", "content": "衫斯的那个，情敌 拔刀吧"}, {"uid": "675154477", "content": "煤   蛎"}, {"uid": "675094244", "content": "白雪公主——卒"}, {"uid": "691987518", "content": "《  女  亡  》"}, {"uid": "693583175", "content": "极度生草"}, {"uid": "1009250867", "content": "告诉伍六七我深爱着他"}, {"uid": "689335911", "content": "杨 永 信 电 疗"}, {"uid": "82098978", "content": "告诉sans我下辈子再跟他喝番茄酱"}, {"uid": "574226060", "content": "《我 的 神 屁 》"}, {"uid": "652275474", "content": "降 智 打 击"}, {"uid": "491893846", "content": "告诉道林和谢必安，我还爱他们！"}, {"uid": "635351230", "content": "再见了这美丽的人世间"}, {"uid": "402748049", "content": "《神屁》"}, {"uid": "1403989933", "content": "我凯莉不香吗？这只猪等会儿就把你炖了"}, {"uid": "628343528", "content": "告诉露伴我最后的素材都在这里"}, {"uid": "636990991", "content": "告诉苏轼我下辈子再回墨痕斋"}, {"uid": "609035164", "content": "告诉雷狮和安迷修，我见证不了他们的爱情了/doge"}, {"uid": "667639940", "content": "格林兄弟愤怒的从棺材板里出来了"}, {"uid": "1472601588", "content": "小问号，你是否有很多朋友"}, {"uid": "1459986363", "content": "公主靠近了自己"}, {"uid": "1459986363", "content": "很久很久以前巨龙突然出现"}, {"uid": "1411418110", "content": "放下仇恨拿起屠刀"}, {"uid": "501390364", "content": "自然选择号，前进四！"}, {"uid": "1445876719", "content": "老八：兄弟咱下次一起去？"}, {"uid": "470075207", "content": "告诉Error我还爱他"}, {"uid": "1808823778", "content": "《正    常    人》"}, {"uid": "1808823778", "content": "格林兄弟愤怒的从棺材板里出来了"}, {"uid": "1630724593", "content": "坏人可能是全剧唯一的正常人"}, {"uid": "359452077", "content": "程心二次元形象"}, {"uid": "675281002", "content": "沼气驱动"}, {"uid": "1881994257", "content": "《挺香的》"}, {"uid": "330497770", "content": "我笑得停不下来哈哈哈哈哈哈"}, {"uid": "508404987", "content": "一看这位同志"}, {"uid": "508404987", "content": "《放屁》"}, {"uid": "571319947", "content": "当猪会飞的时候"}, {"uid": "2989301", "content": "《太  香  了》"}, {"uid": "422191872", "content": "大——表——哥——"}, {"uid": "1081134689", "content": "白雪公主   从高处摔了下来"}, {"uid": "1232938048", "content": "大表哥：？？？.毁灭！毁灭！"}, {"uid": "1235866879", "content": "此生不悔入MC……来世还做方块人，兄弟们我先走一步，下辈子我还玩MC"}, {"uid": "698132865", "content": "我记得我和我堂妹一起看过…"}, {"uid": "616468424", "content": "煤老板：是同好"}, {"uid": "357075557", "content": "你他喵飘到蘑菇上？草，不是垂直降落很正常，风啊动作啊会改变方向，但你飘过去就离谱"}, {"uid": "1738478365", "content": "告诉龙舌兰姑娘，我还爱她"}, {"uid": "686194901", "content": "用了自己的毕生所学"}, {"uid": "480242251", "content": "告诉布姐下辈子我来娶她"}, {"uid": "1328837588", "content": "心   脏   骤   停"}, {"uid": "1326096621", "content": "《屁宝》"}, {"uid": "1839590970", "content": "三年动画系列）"}, {"uid": "44752359", "content": "我喝了口水差点喷出来"}, {"uid": "505589455", "content": "救命，我窒息了"}, {"uid": "270678641", "content": "《3d》"}, {"uid": "499305291", "content": "一个健步可还行？"}, {"uid": "1109596454", "content": "牛顿因言辞过激而被踢出了直播间。"}, {"uid": "584665790", "content": "告诉J妈，我下辈子还看地域之诗"}, {"uid": "2026925680", "content": "*白雪公主的决心碎了一地"}, {"uid": "489474738", "content": "告诉菇卡菇白我下辈子还嗑他们"}, {"uid": "263213056", "content": "反冲运动"}, {"uid": "1590591421", "content": "智慧的眼神"}, {"uid": "689938722", "content": "告诉雨总下辈子他还会是我老婆"}, {"uid": "587026556", "content": "請告诉江澄，我要去与他相聚了"}, {"uid": "517131661", "content": "《美丽》"}, {"uid": "756202972", "content": "雷狮，我可能写不了物理作业了，还有，我的眼睛要瞎了！"}, {"uid": "670686415", "content": "葫芦娃爷爷友情客串（doge）"}, {"uid": "667757092", "content": "狛枝:这我熟"}, {"uid": "1565405601", "content": "*你又看了一遍"}, {"uid": "2115445515", "content": "冥场面"}, {"uid": "484163103", "content": "教主传教翻版现场"}, {"uid": "522131448", "content": "小孩纸：“长大以后客人来了我要让他吻闻我的P”"}, {"uid": "629214714", "content": "《美丽的女王》"}, {"uid": "335094486", "content": "降智打击"}, {"uid": "335094486", "content": "降智打击"}, {"uid": "686639636", "content": "告诉觊莉和安哥，我还是觊安双吹"}, {"uid": "348274035", "content": "  *白雪公主正在饶恕你"}, {"uid": "1318093767", "content": "格林兄弟愤怒的从棺材板出不来了 "}, {"uid": "1391725667", "content": "告诉艾比我下辈子还爱她"}, {"uid": "399144810", "content": "*白雪公主在饶恕你"}, {"uid": "1742089228", "content": "江之岛盾子直呼内行"}, {"uid": "26800349", "content": "激♂情"}, {"uid": "316332295", "content": "真 好 看"}, {"uid": "1459986363", "content": "白雪公主加猪猪侠加三只小猪"}, {"uid": "1529519160", "content": "告诉ink我还爱他"}, {"uid": "592126061", "content": "王黑犬：这我熟"}, {"uid": "440776333", "content": "我看过这个我靠"}, {"uid": "443074095", "content": "《《《？？？？？"}, {"uid": "1808823778", "content": "白雪公主饶恕了你"}, {"uid": "1808823778", "content": "白雪公主 从高处掉落"}, {"uid": "1630724593", "content": "求配音员心理阴影面积"}, {"uid": "1805360067", "content": "《神屁》"}, {"uid": "570478418", "content": "开幕雷击"}, {"uid": "299654828", "content": "三句话让你明白快乐"}, {"uid": "1665575287", "content": "？？？？？？"}, {"uid": "339856700", "content": "告诉我的宝可梦们我下辈子还收服它们"}, {"uid": "507615359", "content": "开始吟唱"}, {"uid": "575712736", "content": "前方高能"}, {"uid": "1309204822", "content": "白雪公主 卒"}, {"uid": "1047837360", "content": "抱枕组准备"}, {"uid": "595460581", "content": "三只小猪在玩木头人吗XD"}, {"uid": "651374870", "content": "什么是快乐星球。"}, {"uid": "124185974", "content": "更放不下了"}, {"uid": "5683403", "content": "告诉金 我还爱他"}, {"uid": "1718757383", "content": "《半生不熟的蛋挞》"}, {"uid": "1173490255", "content": "古 娜 拉 黑 暗 之 神"}, {"uid": "469412942", "content": "我懂了！大师"}, {"uid": "1001144003", "content": "川剧变脸"}, {"uid": "484961186", "content": "《采用河南先进语言》"}, {"uid": "1587409800", "content": "你的身体里是有发动机吗"}, {"uid": "7312370", "content": "人言否"}, {"uid": "520263462", "content": "你快乐吗，我很快乐"}, {"uid": "505502695", "content": "正常人=反派"}, {"uid": "513581554", "content": "这个故事告诉们放猪屁可以上天"}, {"uid": "1562494524", "content": "所以说你到底是快乐还是不快乐"}, {"uid": "756202972", "content": "整整一个小时下来，全程只用一种眼神盯着我，我就问你怕不怕"}, {"uid": "520644180", "content": "frisk:这个我熟！"}, {"uid": "1719549861", "content": "＊ 为坠落的尸体命名"}, {"uid": "1469414227", "content": "老子做出来的都比这好"}, {"uid": "1820109621", "content": "告诉朱志鑫我爱他【真秀】"}, {"uid": "431207144", "content": "坏人竟是我自己"}, {"uid": "983533061", "content": "真～快～乐"}, {"uid": "1226583324", "content": "《黑摸仙》"}, {"uid": "669524462", "content": "正道的光，照在了大腚上"}, {"uid": "1774306587", "content": "*你好，我叫小蘑是一朵叫小蘑的蘑菇。"}, {"uid": "1320880831", "content": "我感觉我要归西了"}, {"uid": "1320880831", "content": "我收回前面的优美的中国话"}, {"uid": "1320880831", "content": "突发心肌梗"}, {"uid": "1320880831", "content": "唯一正常的一个人"}, {"uid": "508192766", "content": "卡Q因、布姐、茶哥我来找你们了"}, {"uid": "40777385", "content": "告诉时光代理人我还爱他"}, {"uid": "686194901", "content": "《朋友》"}, {"uid": "686194901", "content": "《太好闻了》"}, {"uid": "686194901", "content": "你可真是个大聪明啊！"}, {"uid": "686194901", "content": "鬼！！！！！"}, {"uid": "686194901", "content": "好，很有精神（病）！！！"}, {"uid": "626320083", "content": "告诉温迪和童磨我还爱他们"}, {"uid": "631037670", "content": "告诉紫堂幻！我爱他！"}, {"uid": "593985810", "content": "F-01-37风气被害"}, {"uid": "429508920", "content": "告诉德克萨斯我还爱她"}, {"uid": "353275146", "content": "告诉gbr我爱她"}, {"uid": "170002352", "content": "金宝行为（滑稽）"}, {"uid": "27407767", "content": "本片编剧：不好意思，献丑了"}, {"uid": "446593370", "content": "图图我是你牛爷爷啊"}, {"uid": "1001151308", "content": "公主没有眼睫毛我去"}, {"uid": "524279369", "content": "噗"}, {"uid": "202332688", "content": "？？？？？/"}, {"uid": "1634525501", "content": "《因为我会放屁啊》"}, {"uid": "269219945", "content": "一片黑暗的森林里，生活这三只快乐的鸟儿"}, {"uid": "2144320365", "content": "卧槽！！！！！"}, {"uid": "591275213", "content": "太  香  了"}, {"uid": "589171017", "content": "我"}, {"uid": "677511813", "content": "黑蒜直呼内行"}, {"uid": "1326096621", "content": "百血公主"}, {"uid": "700699102", "content": "真是老八狂喜"}, {"uid": "674174013", "content": "告诉格瑞，我还爱他"}, {"uid": "488176553", "content": "告诉艾伦耶格尔我还爱他"}, {"uid": "492064444", "content": "我去电影院看过啊草"}, {"uid": "1377677973", "content": "败 血 蚣 蛛"}, {"uid": "485481945", "content": "找皇姐去洗洗眼"}, {"uid": "1590591421", "content": "坏人竟是我自己"}, {"uid": "1441439829", "content": "告诉李飞我下辈子不骂他了"}, {"uid": "525748539", "content": "告诉花京院典明，我下辈子还吃他的粥"}, {"uid": "1406187326", "content": "be剥壳丝"}, {"uid": "396259794", "content": "传教开始"}, {"uid": "390325892", "content": "客            人"}, {"uid": "390325892", "content": "T^T5555555"}, {"uid": "674174013", "content": "鬼狐天冲缓缓打出一个？"}, {"uid": "2037104025", "content": "我竟然还看过"}, {"uid": "693279872", "content": "爱＝L0VE＝暴 力 值 数"}, {"uid": "578627605", "content": "氨           气"}, {"uid": "273671352", "content": "开始吟唱"}, {"uid": "435999811", "content": "难道冰雪女王不能制造冰雪吗？"}, {"uid": "1281640910", "content": "告诉姜子下辈子我还会说他可爱"}, {"uid": "581543251", "content": "告诉frisk我还爱他"}, {"uid": "1933701405", "content": "真-精神污染"}, {"uid": "1268711291", "content": "白雪·催眠大师·公猎"}, {"uid": "1739024565", "content": "傲娇~"}, {"uid": "1001185705", "content": "芜湖起飞"}, {"uid": "668165593", "content": "嘴遁:穿模之术"}, {"uid": "695942412", "content": "告诉王马小吉我还爱他"}, {"uid": "574226060", "content": "《关于我的屁事神屁这档事》"}, {"uid": "499331911", "content": "告诉高人让他快结婚"}, {"uid": "1216844970", "content": "很有冲击力"}, {"uid": "652275474", "content": "《美丽的女王》"}, {"uid": "510690100", "content": "佐助：我好快乐"}, {"uid": "517942432", "content": "告诉凹凸全员我还爱他们"}, {"uid": "1348622949", "content": "我当时看那个还觉得挺好看的"}, {"uid": "401358171", "content": "告诉御坂美琴我还爱她"}, {"uid": "403666600", "content": "报仇使人极度快乐"}, {"uid": "426090432", "content": "垂直喷气机"}, {"uid": "1238594402", "content": "狼外婆他喵的哪来的？"}, {"uid": "545722054", "content": "@鬼狐天冲"}, {"uid": "545722054", "content": "告诉伽拉泰亚我还爱她"}, {"uid": "618363839", "content": "炭治郎:zzhe"}, {"uid": "1468757723", "content": "左下角就很离谱"}, {"uid": "635351230", "content": "此时卡米尔放下了手中的蛋糕骂骂咧咧地退出了直播间"}, {"uid": "643334545", "content": "莫名想起了快乐星球"}, {"uid": "2131696773", "content": "狼都比你好看"}, {"uid": "643334545", "content": "《漂亮可爱》"}, {"uid": "643797923", "content": "这一段我看了上万遍"}, {"uid": "413170775", "content": "告诉江晚吟下辈子我还要爱他"}, {"uid": "516817958", "content": "告诉我后宫们我还会回来的"}, {"uid": "728472281", "content": "告诉嘉德罗斯下辈子我爱还做他老婆"}, {"uid": "8178786", "content": "……？这真的是原片吗"}, {"uid": "512120294", "content": "鬼狐冲天：雷狮你不要过来啊！！！"}, {"uid": "700008249", "content": "＊请为堕落下来的人类取名"}, {"uid": "693932112", "content": "诶这个我好像以前看过"}, {"uid": "1268579531", "content": "白雪公猪"}, {"uid": "448634076", "content": "帮我告诉雷狮我还爱他"}, {"uid": "646005988", "content": "既然已经失去雨去了那我也不没用了"}, {"uid": "1459986363", "content": "愁都没有就要报仇的谢"}, {"uid": "1077918599", "content": "莫蒂：。。。。"}, {"uid": "1077918599", "content": "有一位美丽国的女王"}, {"uid": "1934250136", "content": "字幕感人"}, {"uid": "1420324067", "content": "好"}, {"uid": "1411418110", "content": "还记得素质三连的那个老大爷吗"}, {"uid": "689375790", "content": "魔炮被冒犯到"}, {"uid": "518286966", "content": "hhhhhhhhhhhhhhhhhhhhhhhhhhhhhhhhhhh"}, {"uid": "1808823778", "content": "巨龙突然出现"}, {"uid": "566578473", "content": "***********"}, {"uid": "669404867", "content": "友谊就是魔法——"}, {"uid": "1805360067", "content": "《安屠杀》"}, {"uid": "433217111", "content": "背景背景！！！"}, {"uid": "495945219", "content": "《闻错了》"}, {"uid": "495945219", "content": "我要去看催更洗洗眼"}, {"uid": "1338263933", "content": "因为我会引爆沙皇"}, {"uid": "27380482", "content": "你寄吧谁"}, {"uid": "1467989897", "content": "太神（棍）了"}, {"uid": "1467989897", "content": "UNDERSTORY"}, {"uid": "319711747", "content": "告诉罗兰，下辈子我代替安吉莉卡当他脑婆"}, {"uid": "672381701", "content": "＊三只幽灵-_-"}, {"uid": "645622651", "content": "high"}, {"uid": "299561760", "content": "牛爷爷？"}, {"uid": "339856700", "content": "告诉七创社我下辈子还会喜欢凹凸世界"}, {"uid": "508404987", "content": "而且增加的很多"}, {"uid": "508404987", "content": "直男"}, {"uid": "508404987", "content": "我看你真大胆"}, {"uid": "508404987", "content": "这松鼠咋这么大？"}, {"uid": "1662440967", "content": "繁茂的森林里住着三只快乐的鸟儿"}, {"uid": "358899531", "content": "狂 妄 之 人"}, {"uid": "1297707600", "content": "暂停成功"}, {"uid": "1689449620", "content": "图片仅供参考"}, {"uid": "1047837360", "content": "花~~~~式吊打！"}, {"uid": "627679717", "content": "待 客 之 礼"}, {"uid": "629237108", "content": "电鹿的san值狂掉"}, {"uid": "504514857", "content": "一男一女，能不快乐吗(●—●)"}, {"uid": "1075687714", "content": "缺德与犯法"}, {"uid": "1061677225", "content": "告诉楚晚宁我还爱他"}, {"uid": "1313239380", "content": "把害怕打在公屏上"}, {"uid": "651374870", "content": "哈哈。"}, {"uid": "651374870", "content": "<<美丽>>"}, {"uid": "1497420762", "content": "握着我的抱枕"}, {"uid": "700985503", "content": "国王的新屁"}, {"uid": "10947440", "content": "小幽灵:你星星的还不把我歌放走啊。"}, {"uid": "611844812", "content": "[多动症】"}, {"uid": "124185974", "content": "《漂亮可爱》"}, {"uid": "756202972", "content": "“文明”的网友"}, {"uid": "1333693341", "content": "如果你是公鹿,你为毛没有角"}, {"uid": "1081134689", "content": "黑魔仙:不是我教的"}, {"uid": "1173490255", "content": "巨龙突然出现"}, {"uid": "1398234331", "content": "thgfc"}, {"uid": "407683264", "content": "告诉安迷修，我下辈子还爱他"}, {"uid": "598943834", "content": "我还看过那个人偶老师的"}, {"uid": "2124322616", "content": "告诉无一郎、七海、豆子我还爱他～"}, {"uid": "2073491338", "content": "这句话挺好"}, {"uid": "402597476", "content": "放下仇恨吧"}, {"uid": "688211296", "content": "告诉旗木卡卡西我还爱他"}, {"uid": "527601756", "content": "森(阴)林(间)"}, {"uid": "605625124", "content": "告诉嘉德罗斯大人，我还爱他"}, {"uid": "2120010903", "content": "《我很快乐》"}, {"uid": "2120010903", "content": "此猪乃屁神也"}, {"uid": "470336572", "content": "哈哈哈"}, {"uid": "590851572", "content": "直女公主"}, {"uid": "1188344579", "content": "WD   FURK！！！！！！"}, {"uid": "492629380", "content": "迪士尼律师函警告"}, {"uid": "507706962", "content": "失足少女"}, {"uid": "756202972", "content": "重新定义美丽，不然我的眼睛快瞎了"}, {"uid": "520644180", "content": "爷青回，ut生气的人偶的BGM"}, {"uid": "1469414227", "content": "艾莎风评被害"}, {"uid": "631480647", "content": "王宝强风评被害······"}, {"uid": "1455354573", "content": "告诉奈特我还爱他"}, {"uid": "417267837", "content": "告诉亲王我下辈子还磕他和比利兹啊啊啊"}, {"uid": "1962040067", "content": "暂停成功"}, {"uid": "493559100", "content": "曲率驱动"}, {"uid": "1280231291", "content": "告诉安莉洁，我还爱他"}, {"uid": "670898867", "content": "????????????"}, {"uid": "1265444568", "content": "告诉温迪我还爱他"}, {"uid": "457694662", "content": "河南人保住自己"}, {"uid": "774000245", "content": "卧槽卧槽"}, {"uid": "588905609", "content": "我信你个鬼哟"}, {"uid": "661304570", "content": "牛逼"}, {"uid": "40777385", "content": "？狼外婆？"}, {"uid": "686194901", "content": "种豆得瓜，照在了大地上。"}, {"uid": "686194901", "content": "《闻错了》"}, {"uid": "402482878", "content": "告诉帕洛斯我还爱他"}, {"uid": "2071096528", "content": "告诉安迷修，我马上就能见到他了"}, {"uid": "1477939220", "content": "小学生满分作文"}, {"uid": "717166940", "content": "告诉瓢姐我还爱她！"}, {"uid": "1873847128", "content": "告诉汤姆和杰瑞我一直爱他们"}, {"uid": "549066752", "content": "告诉凹凸全员我还爱他们"}, {"uid": "630243147", "content": "告诉七海千秋我还爱她"}, {"uid": "509786418", "content": "告诉凹凸我下辈子一定也粉它！"}, {"uid": "1474030201", "content": "大杂烩"}, {"uid": "158716217", "content": "病名为爱"}, {"uid": "673771112", "content": "告诉伍六七我还爱他！！！"}, {"uid": "1027173020", "content": "动作指导：程心"}, {"uid": "578604426", "content": "和安迷修说我爱他"}, {"uid": "569012312", "content": "绳劈"}, {"uid": "1946271636", "content": "警察叔叔我发现传销号"}, {"uid": "1946271636", "content": "哲理大师"}, {"uid": "1172952819", "content": "白雪公主与僵尸"}, {"uid": "1001151308", "content": "公主的眼影去哪了"}, {"uid": "1001151308", "content": "起来裙子长长的实际上手上的裙子一放裙子根本就着不了地"}, {"uid": "1634525501", "content": "下次丕一定"}, {"uid": "642906704", "content": "喝水吃饭勿看。"}, {"uid": "405579085", "content": "哈哈哈"}, {"uid": "1369497141", "content": "告诉娜娜奇我还爱她"}, {"uid": "400592827", "content": "告诉帕洛斯我还爱他"}, {"uid": "591275213", "content": "最  香  的"}, {"uid": "591275213", "content": "《文明》"}, {"uid": "610498132", "content": "请告诉狮狮我还爱他"}, {"uid": "481242201", "content": "皇帝的新屁"}, {"uid": "591741056", "content": "黑，真他*哔*的黑啊"}, {"uid": "599138695", "content": "该来的还是来了"}, {"uid": "505589455", "content": "告诉凹凸全员下辈子我还爱他们"}, {"uid": "1109596454", "content": "牛顿:G，我的世界和迷你dog之外，我的三观又一次冲到了冲击。"}, {"uid": "2026925680", "content": "《猪神之屁》"}, {"uid": "2026925680", "content": "鹅哈哈哈哈"}, {"uid": "672792298", "content": "女 亡"}, {"uid": "234901256", "content": "谢谢你，配音"}, {"uid": "234901256", "content": "？？？？？？？？"}, {"uid": "1628111126", "content": "告诉帕洛斯，我爱他"}, {"uid": "584894824", "content": "被打了"}, {"uid": "341390008", "content": "《美丽》"}, {"uid": "390325892", "content": "精灵国又是啥子？？？"}, {"uid": "104217096", "content": "告诉卡米尔我还爱他"}, {"uid": "756202972", "content": "吓得我赶紧拿出氧气面罩给自己和雷狮带上"}, {"uid": "756202972", "content": "你冒犯到雷狮了，接下来你将享受一阵免费的电疗"}, {"uid": "756202972", "content": "重新定义可爱，可爱就应该像卡米尔一样，而不是这种面无血色的智障！"}, {"uid": "675094244", "content": "文 明 小 猪"}, {"uid": "1569829888", "content": "小母鹿"}, {"uid": "450954949", "content": "告诉格瑞我会一直爱着他————"}, {"uid": "586892547", "content": "告诉卡Q因，我还爱他"}, {"uid": "472866013", "content": "达芬奇流出了眼泪"}, {"uid": "129092932", "content": "告诉名柯F4，我来找他们了"}, {"uid": "129092932", "content": "艾莎：What the f**k"}, {"uid": "447812017", "content": "哇，女王好厉害"}, {"uid": "447812017", "content": "梅开四度"}, {"uid": "447812017", "content": "梅开三度"}, {"uid": "455464733", "content": "告诉魔理沙我还爱她"}, {"uid": "648914912", "content": "神：？"}, {"uid": "623373069", "content": "告诉阴阳怪气我还爱他们"}, {"uid": "493799785", "content": "和     平     线"}, {"uid": "662890082", "content": "乙酸乙酯"}, {"uid": "455464733", "content": "告诉咲夜我还爱她"}, {"uid": "26318969", "content": "我可太TM快乐了"}, {"uid": "428036925", "content": "告诉大道寺我还爱她"}, {"uid": "594375495", "content": "空手。"}, {"uid": "594375495", "content": "3D大电影。"}, {"uid": "1097869197", "content": "开 始 传 教"}, {"uid": "472268454", "content": "告诉格林兄弟，我弟弟喜欢他的童话"}, {"uid": "689335911", "content": "屁 的 版 权"}, {"uid": "701861051", "content": "生活不止眼前的苟且，还有诗和远方.马可波罗的台词？？？"}, {"uid": "1268711291", "content": "闻    错     了"}, {"uid": "1268711291", "content": "终于有一个人说实话了"}, {"uid": "1268711291", "content": "艾莎风评被害"}, {"uid": "513817551", "content": "究竟是什么事情会让他有仇恨 ？"}, {"uid": "522131448", "content": "我TM服了这配音员了，这么尴尬的台词他还敢说"}, {"uid": "522131448", "content": "《哈哈哈哈哈哈哈哈》"}, {"uid": "695942412", "content": "告诉洛天依记得吃饭"}, {"uid": "496071094", "content": "转起来了（doge"}, {"uid": "574226060", "content": "我一个阿瓦达索命"}, {"uid": "1471243937", "content": "《快乐》"}, {"uid": "478912326", "content": "老人 地铁 手机"}, {"uid": "478912326", "content": "告诉陆光我还爱他"}, {"uid": "580801012", "content": "皮卡丘，10万伏特"}, {"uid": "1623727127", "content": "裂开"}, {"uid": "1216844970", "content": "神p，难道你是神"}, {"uid": "1216844970", "content": "360·旋转"}, {"uid": "652275474", "content": "《神  屁》"}, {"uid": "652275474", "content": "《最  香》"}, {"uid": "584524006", "content": "告诉我的纸片人老婆们我很爱他们"}, {"uid": "1202576622", "content": "王黑犬班高材生"}, {"uid": "510690100", "content": "“我的屁是神屁”"}, {"uid": "1072352334", "content": "《文       明》"}, {"uid": "426090432", "content": "垂直喷气机"}, {"uid": "426090432", "content": "冰血女王"}, {"uid": "426090432", "content": "卒"}, {"uid": "427337308", "content": "告诉新一我爱他"}, {"uid": "1143532654", "content": "快乐，要微笑着面对他！消除快乐的最好办法就是面对快乐！加油，奥利给！"}, {"uid": "1143532654", "content": "我停止了思考"}, {"uid": "1086497399", "content": "告诉金我下次一定要抽到他"}, {"uid": "1596387681", "content": "见面礼"}, {"uid": "522857041", "content": "谢谢已经闻到味了"}, {"uid": "499154777", "content": "告诉凯莉小姐，我还爱她"}, {"uid": "150810444", "content": "安屠生"}, {"uid": "1506937718", "content": "语言指导：暮光闪闪and余晖烁烁"}, {"uid": "1263365169", "content": "等等，恐怖momo？"}, {"uid": "635351230", "content": "雷狮安迷修我怕是等不到你们的婚礼了，但我会在天上祝福你们的"}, {"uid": "430238537", "content": "告诉晶晶，我还爱她"}, {"uid": "1485710313", "content": "告诉帕洛斯我还爱他"}, {"uid": "399144810", "content": "耐心"}, {"uid": "399144810", "content": "正义"}, {"uid": "1930257935", "content": "告诉十神白夜我还爱"}, {"uid": "1089498901", "content": "？？？"}, {"uid": "1403989933", "content": "你是个好人"}, {"uid": "1566086220", "content": "“美     丽”"}, {"uid": "426363200", "content": "告诉大户爱，我还爱她"}, {"uid": "716787463", "content": "吓得我不敢看了"}, {"uid": "523923708", "content": " 告诉伊索卡尔 我还爱他"}, {"uid": "1220986883", "content": "告诉楚晚宁，我下辈子嫁他"}, {"uid": "492505130", "content": "我知道为什么有种灵异感，因为我他么，看了后面"}, {"uid": "670744876", "content": "R.I.P"}, {"uid": "543795544", "content": "告诉嘉德罗斯我还爱他！！"}, {"uid": "519423652", "content": "唯一一个正常人"}, {"uid": "517385302", "content": "【笑声指导】黑魔仙小月"}, {"uid": "505767064", "content": "哇，光头"}, {"uid": "1785512662", "content": "我妹能看完"}, {"uid": "1597872632", "content": "你TM不要过来啊"}, {"uid": "1529519160", "content": "bgm炸我出来"}, {"uid": "1610690356", "content": "我爱云宝黛西"}, {"uid": "1610690356", "content": "森林果"}, {"uid": "1498698466", "content": "？？？？？？？、"}, {"uid": "689375790", "content": "你背景——"}, {"uid": "1406797184", "content": "热情好客"}, {"uid": "663794527", "content": "降智打击"}, {"uid": "663794527", "content": "？？？？？？？？？"}, {"uid": "518286966", "content": "w                              o                                c"}, {"uid": "340769431", "content": "安屠生"}, {"uid": "1808823778", "content": "小问号你是否有很多朋友?"}, {"uid": "84004575", "content": "？？？？？？"}, {"uid": "1630724593", "content": "手上的饼干突然不香了"}, {"uid": "646082474", "content": "美丽"}, {"uid": "1882568631", "content": "我看到这里又想到了瑞克与莫迪"}, {"uid": "1805360067", "content": "《神屁》"}, {"uid": "500052963", "content": "弹幕好少"}, {"uid": "1597575533", "content": "RNM！退钱!"}, {"uid": "692386507", "content": "*大叔正在饶恕你"}, {"uid": "692386507", "content": "小幽灵感觉精神崩溃"}, {"uid": "570478418", "content": "开幕危机"}, {"uid": "2140116924", "content": "G"}, {"uid": "495945219", "content": "告诉ut全员我还爱他们"}, {"uid": "495945219", "content": "愙霭"}, {"uid": "649493545", "content": "真的好无语啊！"}, {"uid": "395209338", "content": "那你敢不敢给砂糖看一下？"}, {"uid": "2080101547", "content": "后面有个男的，难道小母鹿被睡了？"}, {"uid": "645622651", "content": "high"}, {"uid": "423768852", "content": "好有道理啊！！！！！！！"}, {"uid": "508404987", "content": "已三连 已关注"}, {"uid": "508404987", "content": "有意公主"}, {"uid": "508404987", "content": "我期待葫芦娃对战孙悟空"}, {"uid": "630519269", "content": "阳光女孩"}, {"uid": "2112833067", "content": "六亲不认的步伐"}, {"uid": "628808593", "content": "告诉嘉德罗斯我还爱他"}, {"uid": "96394320", "content": "啊这口音牛"}, {"uid": "2117129472", "content": "告诉神近耀要我还爱他"}, {"uid": "611044530", "content": "经验值令我快乐，w令我快乐"}, {"uid": "526887489", "content": "现在的小朋友好可怜！看这些烂动画！想想我童年的动画，虽然是我童年阴影但是现在回看脑洞很大也很艺术"}, {"uid": "434117979", "content": "？"}, {"uid": "434117979", "content": "？"}, {"uid": "625280744", "content": "告诉奈特洛斯我还爱他"}, {"uid": "1497420762", "content": "很有冲击力^"}, {"uid": "730169310", "content": "米兰达行为"}, {"uid": "730169310", "content": "哲♂学"}, {"uid": "730169310", "content": "八尺夫人：尊重我一点"}, {"uid": "785320681", "content": "WTF？"}, {"uid": "2016472804", "content": "告诉天美我下被子还玩王者荣耀"}, {"uid": "1485751912", "content": "美丽的女王"}, {"uid": "1455035578", "content": "一听他妈就要嗝儿屁呀"}, {"uid": "1173490255", "content": "前方核能"}, {"uid": "2006666719", "content": "没角，是母的"}, {"uid": "678325516", "content": "我看过这个。。"}, {"uid": "402597476", "content": "好家伙"}, {"uid": "1001144003", "content": "花怜cp救我"}, {"uid": "1001144003", "content": "告诉花怜cp我还爱他们"}, {"uid": "1001144003", "content": "告诉花怜cp我还爱他们"}, {"uid": "1416182692", "content": "说错了说错了是乐迪"}, {"uid": "2120010903", "content": "此xhi"}, {"uid": "1083838391", "content": "告诉腐川冬子我还爱她"}, {"uid": "492357851", "content": "告诉策策我还爱他"}, {"uid": "470698544", "content": "程心行为"}, {"uid": "1355772465", "content": "传说之下"}, {"uid": "1229164544", "content": "牛顿:?我是谁？？？？？？？？？？"}, {"uid": "1562494524", "content": "放个屁可以比以前更欢乐"}, {"uid": "403194788", "content": "燘厲"}, {"uid": "505502695", "content": "标准河南话"}, {"uid": "505502695", "content": "你放屁"}, {"uid": "1987364069", "content": "黑魔仙小月"}, {"uid": "1235866879", "content": "呐尼？"}, {"uid": "350195426", "content": "殡血女王"}, {"uid": "756202972", "content": "鬼狐的那个站住！他那是传销不是感化！（来自一只狐吹的怒吼）"}, {"uid": "520644180", "content": "。"}, {"uid": "23404177", "content": "告诉ink，我爱他"}, {"uid": "1828703670", "content": "精神污染"}, {"uid": "1213294313", "content": "54.8万了，所以……"}, {"uid": "521560478", "content": "告诉钟离我还爱他"}, {"uid": "521560478", "content": "告诉迪卢克姥爷我还爱他"}, {"uid": "574207545", "content": "告诉Big Q我爱他"}, {"uid": "510513483", "content": "谢谢你，cheems???"}, {"uid": "588785275", "content": "告诉艾玛我还爱她"}, {"uid": "435616493", "content": "告诉帕洛斯，我还爱他"}, {"uid": "1280231291", "content": "？？？"}, {"uid": "413050568", "content": "？？？nzyb？？？？"}, {"uid": "1364554203", "content": "一个行不行，不行的话，老子不投了。"}, {"uid": "1320880831", "content": "我他妈真是服了，要是这样子每个人都能这样子"}, {"uid": "40777385", "content": "䒽䍥"}, {"uid": "686194901", "content": "完全一致"}, {"uid": "686194901", "content": "冰雪奇缘，白雪公主，小红帽！！！！！"}, {"uid": "686194901", "content": "啊！！！！！！！！"}, {"uid": "513283211", "content": "告诉安迷修妈妈还爱他"}, {"uid": "1310798", "content": "河南人表示很淦"}, {"uid": "1401903329", "content": "鸣人直呼内行。"}, {"uid": "1401903329", "content": "@王黑犬"}, {"uid": "712542623", "content": "好臭1111"}, {"uid": "717166940", "content": "ladyball借我用用"}, {"uid": "181866494", "content": "你放屁"}, {"uid": "269049361", "content": "告诉拉普兰德我下辈子还爱他！！！！"}, {"uid": "1574202899", "content": "告诉金我还爱他"}, {"uid": "443717412", "content": "泪眼鹿卡"}, {"uid": "456653103", "content": "烟头是mc的岩浆桶????????"}, {"uid": "1946271636", "content": "金色传说之你是坏人"}, {"uid": "543743619", "content": "屁"}, {"uid": "30682301", "content": "？？？"}, {"uid": "100038", "content": "懂了 美国只出版权"}, {"uid": "500893977", "content": "，我的世界第二视角"}, {"uid": "482733907", "content": "U咩U咩"}, {"uid": "1597276623", "content": "告诉格瑞，我会永远爱着他"}, {"uid": "1328837588", "content": "握着我的抱枕"}, {"uid": "1369497141", "content": "告诉娜娜奇我还爱她"}, {"uid": "414669711", "content": "弹幕护体"}, {"uid": "31871776", "content": "？？？"}, {"uid": "354899419", "content": "你快乐吗，我很快乐"}, {"uid": "490137577", "content": "动物世界？"}, {"uid": "11708105", "content": "…………………"}, {"uid": "627183850", "content": "WTF"}, {"uid": "507629848", "content": " 告诉迪卢克我还爱他"}, {"uid": "1963875764", "content": "告诉七海，下辈子我还娶她"}, {"uid": "1963875764", "content": "告诉七海，我还爱她"}, {"uid": "565568579", "content": "????????????"}, {"uid": "1406172581", "content": "告诉卡米尔我还爱他"}, {"uid": "599138695", "content": "告诉Wilbur我找他去了"}, {"uid": "9760024", "content": "他喵的"}, {"uid": "3176892", "content": "？？？？？？？？"}, {"uid": "482176290", "content": "41"}, {"uid": "40324102", "content": "河南话风评被害"}, {"uid": "79017053", "content": "告诉凹凸我还爱他"}, {"uid": "455657763", "content": "告诉亚瑟柯克兰我还爱他"}, {"uid": "606347241", "content": "碎颗石头"}, {"uid": "234901256", "content": "。。。。。"}, {"uid": "234901256", "content": "？？？"}, {"uid": "234901256", "content": "？？？"}, {"uid": "234901256", "content": "？"}, {"uid": "506157671", "content": "告诉帕洛斯我还爱他"}, {"uid": "477571537", "content": "空降9:03"}, {"uid": "488267479", "content": "泪目"}, {"uid": "488267479", "content": "泪目"}, {"uid": "488267479", "content": "泪目"}, {"uid": "2053515389", "content": "狛枝行爲"}, {"uid": "1406187326", "content": "你快乐吗"}, {"uid": "1406187326", "content": "你快乐吗"}, {"uid": "393876572", "content": "用  爱  超  度  众  生  吧"}, {"uid": "1901647978", "content": "好的，老婆"}, {"uid": "2004592450", "content": "马上变得仇恨才能让你获得快乐"}, {"uid": "1841657010", "content": "白雪公主 卒"}, {"uid": "892566511", "content": "这就是猪屁登↑"}, {"uid": "756202972", "content": "我一个河南人兼凹凸全员吹瑟瑟发抖"}, {"uid": "756202972", "content": "我滴个乖乖，告诉话本的人，那14本书我一定会更完的，每一本都会有最圆满的结局！"}, {"uid": "1145723483", "content": "告诉墨墨我还爱她"}, {"uid": "738410940", "content": "立  体  机  动  装  置"}, {"uid": "675094244", "content": "老八"}, {"uid": "675094244", "content": "牛逼"}, {"uid": "36208879", "content": "下面那个说坎特伯雷的肯定是未来穿越者"}, {"uid": "678426207", "content": "tuir"}, {"uid": "1150980000", "content": "非暴力不合作"}, {"uid": "1221980875", "content": "这全是好片"}, {"uid": "327643981", "content": "dummy11进入了直播间"}, {"uid": "550412373", "content": "告诉卡米尔我还爱他"}, {"uid": "86141236", "content": "？？？"}, {"uid": "21958633", "content": "告诉雷狮我还爱他。"}, {"uid": "578627605", "content": "达拉崩吧斑得贝比卜多比鲁翁"}, {"uid": "447812017", "content": "太香了"}, {"uid": "447812017", "content": "神屁"}, {"uid": "447812017", "content": "真香"}, {"uid": "455464733", "content": "告诉幻幻我还爱他"}, {"uid": "146835655", "content": "我还看过，有点印象"}, {"uid": "412724759", "content": "＠鬼狐天冲＠丹尼尔＠格瑞＠金宝。。。。"}, {"uid": "431070392", "content": "《美丽的女王》"}, {"uid": "594375495", "content": "鬼tmd。"}, {"uid": "594375495", "content": "弄啥了弄啥了？"}, {"uid": "1951055582", "content": "告诉花京院典明，我爱他"}, {"uid": "410978739", "content": "告诉山冈凛我爱她"}, {"uid": "1848419208", "content": "告诉希儿我还爱她"}, {"uid": "1295097735", "content": "我的天！"}, {"uid": "1794144593", "content": "狼爱国"}, {"uid": "663219122", "content": "六亲不认的步伐"}, {"uid": "1204408587", "content": "太香了"}, {"uid": "1204408587", "content": "闻错了"}, {"uid": "581408631", "content": "W0C"}, {"uid": "605903001", "content": "睁眼说瞎话"}, {"uid": "624797720", "content": "一下炸出这么多UT 粉"}, {"uid": "1268711291", "content": "刷新了我对放屁的认知"}, {"uid": "1268711291", "content": "这就是所谓的好客之道"}, {"uid": "574226060", "content": "《 你 咋 不 上 天 呢 》"}, {"uid": "629214714", "content": "文明"}, {"uid": "1216844970", "content": "快乐"}, {"uid": "74110271", "content": "54万了"}, {"uid": "97083607", "content": "告诉李泽言，我还爱他"}, {"uid": "496520427", "content": "我是坏人"}, {"uid": "1315769538", "content": "震惊我竟然还看过，竟然还说好看，我真的是个傻"}, {"uid": "1963548991", "content": "还有L.O.V.E"}, {"uid": "510690100", "content": "香蕉君很苦恼"}, {"uid": "1348622949", "content": "我看过这个我当时还觉得很好看，现在我觉得我以前的脑子好像坏掉了"}, {"uid": "239862523", "content": "？？？？？"}, {"uid": "1308968091", "content": "正道的光"}, {"uid": "740311971", "content": "歪嘴战神"}, {"uid": "580529620", "content": "神屁"}, {"uid": "1616763491", "content": "告诉伽拉泰亚我爱她!"}, {"uid": "1143532654", "content": "啊。这"}, {"uid": "353776749", "content": "???"}, {"uid": "1270274833", "content": "告诉卡卡我还爱他"}, {"uid": "686639636", "content": "美丽"}, {"uid": "1546300973", "content": "感染成功"}, {"uid": "693376465", "content": "算了算了算了算，总比隔壁的熊猫侠好"}, {"uid": "635351230", "content": "前面那个你说啥，安安不在是我床上吗"}, {"uid": "635351230", "content": "凹凸粉集合"}, {"uid": "617032886", "content": "告诉凹凸全员我还爱他们"}, {"uid": "1643615056", "content": "告诉卡卡我爱他"}, {"uid": "773770117", "content": "告诉王马小吉我永远爱他"}, {"uid": "1852325675", "content": "《文明》"}, {"uid": "399144810", "content": "仁慈"}, {"uid": "548057287", "content": "。。。"}, {"uid": "437761281", "content": "好的！！！！！！！"}, {"uid": "1403989933", "content": "你是个好人"}, {"uid": "1403989933", "content": "别他妈给我讲大道理！！！"}, {"uid": "1403989933", "content": "告诉凯莉我爱她"}, {"uid": "442163237", "content": "紫悦表示很迷:)"}, {"uid": "666679974", "content": "《美丽》"}, {"uid": "352608688", "content": "告诉迪奥娜，我还爱她，我不行了"}, {"uid": "643797923", "content": "告诉白糖我还爱他"}, {"uid": "523154700", "content": "啊这"}, {"uid": "523923708", "content": "啊啊啊啊伊索宝贝抱我 我的眼睛！"}, {"uid": "1574091749", "content": "告诉红殿（蔷薇少女）我还爱她！！！"}, {"uid": "544026815", "content": "？"}, {"uid": "544026815", "content": " 美丽"}, {"uid": "512120294", "content": "叶文洁doeg"}, {"uid": "534920459", "content": "好尴尬呀 ！！！！！"}, {"uid": "1459986363", "content": "************************"}, {"uid": "1406797184", "content": "小嘴抹了急支糖浆"}, {"uid": "518286966", "content": "————————————————————————————————————————————————————————————————————————————————————————————————————"}, {"uid": "518286966", "content": "告诉刺猬卡尔我下辈子还要谢谢它——————————————————"}, {"uid": "1311921832", "content": "传说之下？？？？？？？？？？？？？？？？？、"}, {"uid": "495945219", "content": "传     奇     屁     王"}, {"uid": "2130595950", "content": "告诉雷狮我还爱他"}, {"uid": "544155429", "content": "wtfk"}, {"uid": "616675776", "content": "告訴雷总我还爱他"}, {"uid": "616675776", "content": "告訴金宝我还爱他"}, {"uid": "507896037", "content": "？？？？？？？？？？？？？？？？？？？？？？？？？？？？？？？？？？？？？？？？？？？？？？？？？？？？？？？？？？？？？？？？？？"}, {"uid": "604521695", "content": "我被传染了额哈哈哈哈哈哈哈哈哈"}, {"uid": "423768852", "content": "【做朋友】"}, {"uid": "508404987", "content": "C你M"}, {"uid": "508404987", "content": "                        《完》"}, {"uid": "2112833067", "content": "告诉 卷福我爱他"}, {"uid": "1689449620", "content": "？？？？？？？？？？？？？？？？？？？？？？？？？？？？？？？？？？？？？？？？？？"}, {"uid": "2989301", "content": "？？？？？？？？？？？？？？？？？？"}, {"uid": "132536941", "content": "凹凸世界粉"}, {"uid": "552855590", "content": "反派—————————！！！！！！！"}, {"uid": "2080101547", "content": "U咩"}, {"uid": "422191872", "content": "和平线那个xswl，哈哈哈哈哈哈哈哈哈哈哈哈哈哈哈哈哈哈哈哈哈哈哈哈哈哈哈哈"}, {"uid": "697600261", "content": "啊啊啊啊啊啊啊啊啊啊啊啊啊啊啊"}, {"uid": "700022765", "content": "老婆，老婆，老婆，老婆，老婆，老婆，老婆，老婆，老婆，老婆，老婆，老婆，老婆，老婆，老婆！"}, {"uid": "678325516", "content": "哈哈哈哈哈哈哈哈哈哈哈哈哈哈哈哈哈哈哈哈哈哈哈哈哈哈哈哈哈哈哈哈哈哈哈哈哈哈哈哈哈哈哈哈哈哈哈哈哈哈哈哈哈哈哈哈哈哈哈哈哈哈哈哈"}, {"uid": "1072529278", "content": "*看到这里，你的决心碎了一地"}, {"uid": "1577702748", "content": "护眼——————————————————————————————————————————————————————————————————————————————————————————————————"}, {"uid": "1235866879", "content": "哈哈哈哈哈哈哈哈哈哈哈哈哈哈哈哈哈哈哈哈哈哈哈哈哈哈哈哈哈哈哈哈哈哈哈哈哈哈哈哈哈哈哈哈哈哈哈哈哈哈哈"}, {"uid": "515704885", "content": "？？？？？？？？？？？？？？？？？？？？？？？？？？？？？？？？？？？？？？？？？？？？？？？？？？？？？？？？？？？？？？？？？？？？？？？？？？？？？？？？？？？"}, {"uid": "1143472250", "content": "告诉undertale我还爱他"}, {"uid": "400478921", "content": "？？？？？？？？？？？？？？？？？？？？？？？？？？？？？？？？？？？？？？？？？？？？？？？？？？？？？？"}, {"uid": "1475688737", "content": "？？？？？？？？？？？？？？？？？？？？？？？？？？？？？？？？？？？？？？？？？？？？？？？？？？？？？？？？？？？？？？？？？"}, {"uid": "523872617", "content": "告诉华晨宇，我还爱他"}, {"uid": "642271362", "content": "告诉卡米尔我还爱他"}, {"uid": "457694662", "content": "告诉雷安两人，我还爱他们"}, {"uid": "648742629", "content": "坎坎！！！！！！！坎友狂喜"}, {"uid": "1142677032", "content": "小？你说我有很多朋友？？？？？？？？？？？？？？？？？？？？？？？？？？？？？？？？？？？？？？？？？？？？？？？？"}, {"uid": "40777385", "content": "？？？？？？？？？？？？？？？？？？"}, {"uid": "406788916", "content": "告诉法斯我还爱他"}, {"uid": "549066752", "content": "安哥救我啊啊啊啊啊啊啊啊啊啊！！！"}, {"uid": "596539467", "content": "告诉森蚺我还爱她…(气绝"}, {"uid": "1417106151", "content": "立即拉黑牛顿"}, {"uid": "543743619", "content": "？？？？？？？？？？？？？？？？"}, {"uid": "202332688", "content": "？？？？？？？？？？？？？？？？？？？？？？？？？？？？？？？？？？？？？？？？？？？？？？"}, {"uid": "1026166902", "content": "告诉雷姆我还爱她"}, {"uid": "96770190", "content": "我***********"}, {"uid": "1586425825", "content": "告诉狛枝我还爱他"}, {"uid": "1942612101", "content": "告诉李欣冉我还爱他"}, {"uid": "677784623", "content": "你失败了"}, {"uid": "256687985", "content": "告诉奈布我还爱他"}, {"uid": "479022754", "content": "前面tommmyinnit别跑！！！！！"}, {"uid": "565568579", "content": "?????????????????????????????????????"}, {"uid": "1109596454", "content": "生而为人，我很抱歉。我多希望我有有一双没有看过这个视频的眼睛啊。"}, {"uid": "29477477", "content": "好弱智的台词"}, {"uid": "497735324", "content": "我***********（登格鲁星式脏话）"}, {"uid": "700165397", "content": "老婆，老婆，老婆，老婆，老婆，老婆，老婆，老婆，老婆，老婆，老婆，老婆，老婆，老婆，老婆！"}, {"uid": "523232765", "content": "好幼稚啊……"}, {"uid": "435760134", "content": "告诉西里斯我还爱他"}, {"uid": "1112047100", "content": "告诉chara和sschara我爱她们"}, {"uid": "594375495", "content": "很久很久以前有个烂片。"}, {"uid": "492457373", "content": "？？？？？？？？？？？？？？？？？？？？？？？？？？？？？？？？？？？？？？？？？？？？？？？？？？？？？？？？？？？？"}, {"uid": "522510024", "content": "可算来了个正常人…………诶？怎么这也疯了！"}, {"uid": "694652088", "content": "undertale"}, {"uid": "495218143", "content": "赛博朋克！！！！！！！！！！！！！！！！"}, {"uid": "652519286", "content": "你                         放                          屁                              !"}, {"uid": "351595168", "content": "。。。。。。。。。。。。。。。。。"}, {"uid": "1207515880", "content": "小目录"}, {"uid": "628505217", "content": "Can't see can't see can't see can't see can't see can't see can't see can't see can't see.Accidental"}, {"uid": "652275474", "content": "《我   的   屁   是   世   界   最   香   的》"}, {"uid": "426090432", "content": "一       片       白"}, {"uid": "1929260310", "content": "中国    优秀    传统    文化"}, {"uid": "1929260310", "content": "因   为   我   会   放   屁    呀"}, {"uid": "1143532654", "content": "牛顿:我****************"}, {"uid": "1143532654", "content": "只会抄袭？迷你世界认祖归宗"}, {"uid": "1066462959", "content": "......................................."}, {"uid": "1066462959", "content": "................................................................................."}, {"uid": "399144810", "content": "决心"}, {"uid": "643797923", "content": "告诉凹凸全员我还爱他们          告诉邪骨团，星星眼战队........我还爱他们         告诉开心超人......"}, {"uid": "592250267", "content": "告诉安迷修我还爱他"}, {"uid": "592250267", "content": "告诉安迷修我还爱他！！"}, {"uid": "592250267", "content": "告诉安迷修我还爱他！"}]