[{"uid": "392584558", "content": "防空警报"}, {"uid": "696429705", "content": "你吼辣嘛大声做什莫哦！！！"}, {"uid": "2006926204", "content": "黄 金 体 验 镇 魂 曲"}, {"uid": "1446845651", "content": "纯天然，化学肥料（奥利给——人体排泄物或奥利奥盗版）"}, {"uid": "1850297632", "content": "大哥，你怕不是来自骑士学院"}, {"uid": "655686972", "content": "无  底  洞"}, {"uid": "653869345", "content": "《别长回去啊》"}, {"uid": "653869345", "content": "《儿 孙 满 堂》"}, {"uid": "653869345", "content": "《孩子是她生的》"}, {"uid": "436010373", "content": "落日工程"}, {"uid": "646009543", "content": "大型认亲，现场。"}, {"uid": "646009543", "content": "大型认亲，现场。"}, {"uid": "221802348", "content": "前排提醒，关闭视频时请调小音量，别问我怎么知道的"}, {"uid": "456495467", "content": "爷爷：好耶！"}, {"uid": "510666959", "content": "《时间的奸细》"}, {"uid": "619896956", "content": "4万了考虑考虑"}, {"uid": "34529851", "content": "鬼 打 墙"}, {"uid": "34529851", "content": "自 由 落 体 运 动"}, {"uid": "669992213", "content": "真•秒睡（用时41秒"}, {"uid": "669992213", "content": "穿山甲：你可真tm 厉害"}, {"uid": "495775221", "content": "听取爷声一片"}, {"uid": "601298384", "content": "并且创造新世界"}, {"uid": "45417003", "content": "突然变回原声"}, {"uid": "482062263", "content": "高  速  公  鹿"}, {"uid": "140080916", "content": "《打呼噜》"}, {"uid": "354349782", "content": "这就是黄金体验镇魂曲你永远达不到掉落在地面上的真实。"}, {"uid": "27626234", "content": "记得帮我带只蓝莓回来"}, {"uid": "27626234", "content": "劳资TMD是穿山甲"}, {"uid": "398309168", "content": "主要摩擦力难求"}, {"uid": "675751085", "content": "怎么飞哥还睡着了？"}, {"uid": "701676281", "content": "穿山甲:我不叫老鼠"}, {"uid": "527165565", "content": "当速度增加到接近光速时，质量增加意味着需要跟多能量去加速"}, {"uid": "510242958", "content": "给我一块二向箔，清理用"}, {"uid": "642934632", "content": "不要乱玩二向箔，所以把宇宙弄没[狗头]"}, {"uid": "627497824", "content": "我干，，，好像认错了"}, {"uid": "291764628", "content": "理科状元变成了LSP"}, {"uid": "291764628", "content": "火速变色，兄弟们"}, {"uid": "235757837", "content": "空气阻力随速度增加也增加"}, {"uid": "598459648", "content": "详细情况请问罗辑博士以及太阳系几十亿人类"}, {"uid": "496410900", "content": "可怕的不是数学，而是一个老头遇到了数学。。。"}, {"uid": "651839235", "content": "大型认亲现场。"}, {"uid": "39682198", "content": "哈哈哈，喷饭"}, {"uid": "39682198", "content": "爱护穿山甲，人人有责"}, {"uid": "39682198", "content": "三体星人了"}, {"uid": "39682198", "content": "山：我做错了什么？"}, {"uid": "504261487", "content": "电鹿更了葫芦娃，真给爷感动坏了（不要理流言蜚语啊鹿鹿）"}, {"uid": "499131376", "content": "突然喜当爷爷"}, {"uid": "505620459", "content": "爷爷我很欣慰啊"}, {"uid": "193395542", "content": "拿一块二向箔，清理用"}, {"uid": "59239648", "content": "T  E  N  E  T"}, {"uid": "489043945", "content": "《葫芦的撅撅》"}, {"uid": "634605150", "content": "電鹿你不講武德"}, {"uid": "483704240", "content": "   骂   人   l   o   "}, {"uid": "411249994", "content": "吾疑汝驱车且狂飙之，奈何吾无据以示众，任其车轱辘碾于吾脸"}, {"uid": "411249994", "content": "吾疑汝驱车且狂飙之，奈何吾无据以示众，任其车轱辘碾于吾脸"}, {"uid": "483575671", "content": "扫黄大队表示我也管不了"}, {"uid": "499131376", "content": "卧槽哈哈哈哈哈哈哈哈哈哈哈哈"}, {"uid": "499131376", "content": "变成光！！！！！！！！"}, {"uid": "637551565", "content": "毕导：很简单，二年级知识"}, {"uid": "663132923", "content": "《 科 学 》"}, {"uid": "611046561", "content": "高速公鹿"}, {"uid": "601338726", "content": "战术撤退"}, {"uid": "696139412", "content": "小老鼠:你是怎么做到的？老爷爷:有手就行"}, {"uid": "541417251", "content": "牛顿已被踢出群聊"}, {"uid": "650456392", "content": " 匀 速 直 线 运 动 "}, {"uid": "39696307", "content": "声开的太大，吓一跳"}, {"uid": "470465349", "content": "牛顿:二次元不归我管！"}, {"uid": "519308553", "content": "小学五年级自闭了"}, {"uid": "482997942", "content": "傻孩子们，快！跑！啊！"}, {"uid": "600334636", "content": "唐昊：去杀戮之都"}, {"uid": "268595833", "content": "肥料掺了金坷垃，能吸收两米下的氮磷钾！"}, {"uid": "35825595", "content": "葫芦:合着我吃shi呢"}, {"uid": "35825595", "content": " 穿山甲:你比我还不是人"}, {"uid": "511038280", "content": "保国马：二维?什么东西？都是三维的啊！"}, {"uid": "524578075", "content": "那一年他变成了光"}, {"uid": "415472738", "content": "欢迎来到《走进不科学》"}, {"uid": "446239060", "content": "最怕空气突然安静"}, {"uid": "458179942", "content": "戒指正在闪耀，可以变身了（错乱）"}, {"uid": "499133518", "content": "带上她的眼睛泥垢了"}, {"uid": "1789441", "content": "消力，是纯度很高的消力"}, {"uid": "495911905", "content": "一夜之间子孙满堂"}, {"uid": "97075628", "content": "橘势不妙"}, {"uid": "423580832", "content": "黄 金 体 验 镇 魂 曲"}, {"uid": "638784958", "content": "再睡五分钟，通话两秒钟"}, {"uid": "638784958", "content": "真·纸片人"}, {"uid": "481318086", "content": "666不愧是帝国理工的高材生"}, {"uid": "662007094", "content": "那一年，我们变成了光"}, {"uid": "696788321", "content": "《小 老 鼠》"}, {"uid": "501921868", "content": "抱在一起然后“变身。”!"}, {"uid": "39322154", "content": "物理鬼才"}, {"uid": "481998591", "content": "《小老鼠》"}, {"uid": "301487013", "content": "太真实了，每天早上被手机闹钟叫起来都要再睡五分钟"}, {"uid": "382359187", "content": "下意识看了一下进度条"}, {"uid": "382359187", "content": "反   复   横   跳"}, {"uid": "446898049", "content": "高速公鹿"}, {"uid": "549749988", "content": "高速公鹿"}, {"uid": "82436570", "content": "草（一种动作）"}, {"uid": "696333154", "content": "岔气求求爷爷别念了"}, {"uid": "695353004", "content": "？？??：？????"}, {"uid": "473629101", "content": "大家都不对劲"}, {"uid": "646943589", "content": "不小心开太大声，耳机党，卒"}, {"uid": "515458148", "content": "屁股开花"}, {"uid": "291272711", "content": "高   中   物   理"}, {"uid": "39555707", "content": "耗子，喂汁啊"}, {"uid": "506913368", "content": "师傅憋念了"}, {"uid": "476652534", "content": "但是自由落体的速度最后会到达一个最高速度停止啊"}, {"uid": "406798912", "content": "蝎子精：我娶了个什么玩意？"}, {"uid": "406798912", "content": "真·纸片人"}, {"uid": "406798912", "content": "物理老师和数学老师直呼内行"}, {"uid": "406798912", "content": "反  复  横  跳"}, {"uid": "628044265", "content": "学好数理化，走遍天下都不怕"}, {"uid": "518917036", "content": "看我旅转跳跃我闭着眼"}, {"uid": "505239806", "content": "你们的纸片人老婆「doge」"}, {"uid": "598459648", "content": "等等三维生物变成二维好像不能活"}, {"uid": "550552487", "content": "你永远到达不了落地的真实"}, {"uid": "592326197", "content": "哈哈哈哈哈一万赞了快更新"}, {"uid": "357374615", "content": "师傅别念了！"}, {"uid": "643607415", "content": "69岁老亚索"}, {"uid": "661173498", "content": "老板一脸不屑"}, {"uid": "564898251", "content": "降   维  打   击"}, {"uid": "444460494", "content": "金  坷  垃"}, {"uid": "440617034", "content": "三维立体混元劲"}, {"uid": "524281472", "content": "坚↓强"}, {"uid": "299942914", "content": "纸 片 人"}, {"uid": "21532208", "content": "真·纸片人"}, {"uid": "524652099", "content": "数学小天才"}, {"uid": "702213869", "content": "老爷爷在线教你做人"}, {"uid": "537914766", "content": "《扫黄大队》"}, {"uid": "470262313", "content": "点赞过5000了，可以更新了吗（滑稽）"}, {"uid": "470262313", "content": "物理老师和数学老师直呼内行（"}, {"uid": "537914766", "content": "我还以为这个系列不会跟新了呢"}, {"uid": "441932293", "content": "高  速  公  鹿"}, {"uid": "523038916", "content": "爷爷夜夜……"}, {"uid": "158548950", "content": "hhhh三体的二向箔"}, {"uid": "557637999", "content": "无 底 洞"}, {"uid": "441932293", "content": "高  速  公  鹿"}, {"uid": "441932293", "content": "反  复  上  下  跳"}, {"uid": "441932293", "content": "反  复  横  跳"}, {"uid": "470262313", "content": "穿山甲：哦，原来我是老鼠（"}, {"uid": "470262313", "content": "地狱行者（无端联想"}, {"uid": "501097389", "content": "别忘了电鹿可是英国伦敦大学的"}, {"uid": "27411243", "content": "woc这个系列我还以为不更了？？？"}, {"uid": "470262313", "content": "时光倒流之术，开（doge) "}, {"uid": "413137094", "content": "这次一定"}, {"uid": "490156068", "content": "记得白嫖~~"}, {"uid": "490156068", "content": "白嫖啦~白嫖啦～记得白嫖呀~"}, {"uid": "413137094", "content": "物理鬼才"}, {"uid": "490156068", "content": "BGM那么带劲"}, {"uid": "413137094", "content": "爷的青春回来了"}, {"uid": "490156068", "content": "不愧是帝国理工大学的学生"}, {"uid": "492072271", "content": "诶，乖电鹿"}, {"uid": "436349145", "content": "第一百六十六个三连"}, {"uid": "509462442", "content": "惊人的信息量"}, {"uid": "436349145", "content": "别念了别念了，师傅别念了"}, {"uid": "497840906", "content": "葫芦娃:对不起，投错胎了"}, {"uid": "621604021", "content": "蝎子精：我娶了个什么玩意？"}, {"uid": "635579278", "content": "然后你们就永远升维不了了"}, {"uid": "1446845651", "content": "老来的子！！！！"}, {"uid": "743487812", "content": "老爷爷变成了超人"}, {"uid": "520191955", "content": "技能：退化！"}, {"uid": "520191955", "content": "打成一片"}, {"uid": "520191955", "content": "这老头竟恐怖如斯，怕是数学老师穿越"}, {"uid": "1337187769", "content": "上数学课了，好好听"}, {"uid": "1598039556", "content": "《老鼠》"}, {"uid": "1453869998", "content": "小学生表示只知道字母表示未知(苦涩)"}, {"uid": "632643252", "content": "不用担心，我用你就好了"}, {"uid": "476017836", "content": "大橘已定"}, {"uid": "33515575", "content": "盘它！"}, {"uid": "33515575", "content": "旺旺碎冰冰"}, {"uid": "90919936", "content": "企业文化"}, {"uid": "500082245", "content": "你需要一个稻草，水桶，史莱姆块"}, {"uid": "650251478", "content": "好家伙，还真变成了纸片人。"}, {"uid": "647545697", "content": "妈妈，我将变成萤火虫"}, {"uid": "2097523470", "content": "以下内容需全部背诵"}, {"uid": "398309168", "content": "某科学的葫芦娃"}, {"uid": "558517723", "content": "盖          亚"}, {"uid": "544200532", "content": "那是穿山甲"}, {"uid": "24681339", "content": "你需要一个水桶"}, {"uid": "910203600", "content": "葫芦：溜了"}, {"uid": "673188664", "content": "？？？？？？？？开车呢。"}, {"uid": "660043434", "content": "哈哈哈哈哈哈，不戳"}, {"uid": "669560744", "content": "FBI:FBI@!OPEN THE DOOR"}, {"uid": "367212764", "content": "老男刀了"}, {"uid": "642934632", "content": "这信息量巨大呀！"}, {"uid": "642934632", "content": "降维打击"}, {"uid": "489364038", "content": "老子对数学一脸懵逼"}, {"uid": "488200860", "content": "爷爷，我要金坷垃"}, {"uid": "168713005", "content": "卧槽，信息量巨大"}, {"uid": "347039072", "content": "返祖现象"}, {"uid": "599879240", "content": "你往哪吸呢？"}, {"uid": "291764628", "content": "火速变色"}, {"uid": "668341092", "content": "《小老鼠》"}, {"uid": "1351503221", "content": "穿山甲：老子是穿山甲，你TMD才是小老鼠。"}, {"uid": "478637711", "content": "时停解说"}, {"uid": "78046168", "content": "鹿哥高蹄～"}, {"uid": "536084866", "content": "音量诉讼。"}, {"uid": "13858921", "content": "斯托克定律，会有极限速度的"}, {"uid": "495846133", "content": "*优美的中国话*"}, {"uid": "622587518", "content": "爷爷给我交点金坷拉吧 ！"}, {"uid": "39682198", "content": "元素好多"}, {"uid": "39682198", "content": "？？！！"}, {"uid": "39682198", "content": "怎么还不着地"}, {"uid": "39682198", "content": "你重新得到我了"}, {"uid": "39682198", "content": "弃之"}, {"uid": "499131376", "content": "数学天才"}, {"uid": "36402730", "content": "该来的还是会来的"}, {"uid": "84128080", "content": "老三踢了"}, {"uid": "84128080", "content": "欢迎收看《三体》"}, {"uid": "31216226", "content": "一斤薯三斤肥"}, {"uid": "291650001", "content": "梅开二度，耳朵流产"}, {"uid": "615524283", "content": "san值狂掉"}, {"uid": "285603724", "content": "时光鸡：时之狭间？？？"}, {"uid": "670873428", "content": "幸  免  遇  难"}, {"uid": "629393532", "content": "叶轻魂"}, {"uid": "23313447", "content": "二向箔捏不住的"}, {"uid": "29313164", "content": "我猜马上又要地震了，哈哈哈。"}, {"uid": "177204512", "content": "黄泉路上无老少啊~~~"}, {"uid": "633072990", "content": "求一块二向箔，清理用"}, {"uid": "499131376", "content": "卧槽哈哈哈哈哈哈哈哈哈"}, {"uid": "589761059", "content": "《MARENOL》"}, {"uid": "313707780", "content": "美妙的中国话"}, {"uid": "551207557", "content": "倒放鬼才"}, {"uid": "506001822", "content": "吃的红薯估计要明天吧"}, {"uid": "506001822", "content": "他们成功穿越了！"}, {"uid": "352423251", "content": "高速公鹿"}, {"uid": "352423251", "content": "欲求不满"}, {"uid": "444985886", "content": "MARENOL"}, {"uid": "99760355", "content": "这是物理啊，兄弟"}, {"uid": "649711990", "content": "*优美的中国话*"}, {"uid": "94923350", "content": "好，上农家肥"}, {"uid": "482997942", "content": "那一天，他变成了光"}, {"uid": "624521830", "content": "爷爷大悲咒"}, {"uid": "688326304", "content": "智子:报告，人类文明发现某不明物体，三体人:什么不明物体，三体舰队全速前进，水滴号出击"}, {"uid": "268595833", "content": "初三表示一脸懵逼"}, {"uid": "268595833", "content": "有生之年"}, {"uid": "35825595", "content": "《科学》"}, {"uid": "174355960", "content": "别念了别念了我头好痛呀"}, {"uid": "305520470", "content": "老三体人了"}, {"uid": "604173278", "content": "看不懂，因此不知道这速度是不是一成不变的"}, {"uid": "473176993", "content": "这就是“学好数理化，走遍天下都不怕”"}, {"uid": "3857044", "content": "诶，孙子"}, {"uid": "34745538", "content": "迪 亚 波 罗"}, {"uid": "519980790", "content": "大于第一宇宙速度速度"}, {"uid": "662012771", "content": "那一天，爷爷和穿山甲变成了一道光"}, {"uid": "652541416", "content": "？？？？？？？？？？不对劲"}, {"uid": "470262313", "content": "↑黄字老音游人了"}, {"uid": "604139289", "content": "搁这整RED ALERT呢？你倒是升盾啊！"}, {"uid": "650967834", "content": "文 艺 复 兴"}, {"uid": "660527293", "content": "爷青回电鹿终于做了"}, {"uid": "498726047", "content": "三体世界监听员已报道"}, {"uid": "638784958", "content": "高  速  公  鹿"}, {"uid": "638784958", "content": "等等，老鼠??"}, {"uid": "36298813", "content": "可……奇点也没有体积啊……(doge)"}, {"uid": "422490035", "content": "要     坚     强"}, {"uid": "664154098", "content": "橘势大好"}, {"uid": "1346924636", "content": "哎呀！投币失败了，那就下次吧"}, {"uid": "319859140", "content": "这开车真心猝不及防"}, {"uid": "636983326", "content": " 水时长都水的这么隐秘doge "}, {"uid": "636983326", "content": "你吵到我眼睛了doge "}, {"uid": "481318086", "content": "哈哈哈哈哈真二维"}, {"uid": "398619772", "content": "燃nm，草起来了"}, {"uid": "352752297", "content": "完了，现在嘴合不上了"}, {"uid": "470262313", "content": "欢迎来到《走近科学》（doge"}, {"uid": "481998591", "content": "啊~啊！？"}, {"uid": "694040255", "content": "下次一定（三连成功）"}, {"uid": "491523847", "content": "呀卡吗洗！"}, {"uid": "513733605", "content": "没多音嗨本"}, {"uid": "549749988", "content": "有生之年系列。"}, {"uid": "444692712", "content": "哎，电鹿乖"}, {"uid": "676866001", "content": "代入感很强，已经开始打瞌睡了"}, {"uid": "291272711", "content": "又不是什么贵重东西"}, {"uid": "457118707", "content": "哈哈哈哈哈哈"}, {"uid": "39555707", "content": "小耗子"}, {"uid": "668813107", "content": "高数公路"}, {"uid": "509850491", "content": "小学二年级的知识（doge）"}, {"uid": "473082579", "content": "乖"}, {"uid": "516943906", "content": "快睡着了快睡着了"}, {"uid": "470524774", "content": "败者食尘发动（dog"}, {"uid": "406798912", "content": "高  速  公  鹿"}, {"uid": "564523293", "content": "战术停顿"}, {"uid": "628904310", "content": "人家是火娃"}, {"uid": "628904310", "content": "爷青回，终于出第三集了"}, {"uid": "550552487", "content": "不，你中了黄金体验镇魂曲"}, {"uid": "441747588", "content": "哈哈哈哈哈"}, {"uid": "526850898", "content": "理科鬼才"}, {"uid": "440596664", "content": "这个笑wsl"}, {"uid": "28457161", "content": "我一听这就是电路（没看直接点了）"}, {"uid": "524652099", "content": "纸片人"}, {"uid": "36416181", "content": "耳机党脑子炸裂"}, {"uid": "513309957", "content": "热乎的，终于抢到前排了"}, {"uid": "479874371", "content": "二向箔可还行"}, {"uid": "390370669", "content": "戏命师（"}, {"uid": "285726201", "content": "我怕葫芦撒开腿跑了"}, {"uid": "158321720", "content": "有生之年"}, {"uid": "357927618", "content": "数学小天才"}, {"uid": "481303462", "content": "粘液？？？"}, {"uid": "509504529", "content": "收藏数520可还行？"}, {"uid": "557637999", "content": "无底洞"}, {"uid": "511006635", "content": "四十五分钟之前的！烫手"}, {"uid": "630767603", "content": "聪明的小老头"}, {"uid": "284066948", "content": "我擦，信息量好大"}, {"uid": "598705272", "content": "越来越离谱"}, {"uid": "441932293", "content": "你表弟生了！"}, {"uid": "27411243", "content": "哈哈哈由进度条可知"}, {"uid": "534997421", "content": "人间真实"}, {"uid": "30195631", "content": "刚起床就看到电鹿更新了，还是爷青回"}, {"uid": "268595833", "content": "字母和符号我每个都看得懂，为什么拼起来就看不懂了？"}, {"uid": "628944218", "content": "1324个赞了 "}, {"uid": "413137094", "content": "震惊！"}, {"uid": "490156068", "content": "凋谢了"}, {"uid": "413137094", "content": "纸片人"}, {"uid": "490156068", "content": "脑洞大开"}, {"uid": "502285590", "content": "时间原石（有端）"}, {"uid": "649175833", "content": "众所周知，三维生物不能在二维世界存活"}, {"uid": "391896840", "content": "woc。。爷爷。"}, {"uid": "673344886", "content": "于是他们就进入了地下世界，落在了一片黄花上"}, {"uid": "1406797184", "content": "小嘴抹了蜜"}, {"uid": "1225655200", "content": "C ao《氧化钙》"}, {"uid": "9420120", "content": "心脏骤停"}, {"uid": "610514575", "content": "好一个小老鼠"}, {"uid": "520191955", "content": "我的老婆只是被二维化了，对吗T_T"}, {"uid": "669682501", "content": "多长时间了，这个洞是不是已经贯穿了地核"}, {"uid": "410194651", "content": "光辉未来，水镜告别，1023，明媚四季：）"}, {"uid": "632643252", "content": "这是无限拳头"}, {"uid": "44736124", "content": "高速公鹿"}, {"uid": "421339134", "content": "？？？？？？？？？？？？？"}, {"uid": "337070844", "content": "？？？？？？？？？？？？？"}, {"uid": "490489544", "content": "高考理科满分选手？"}, {"uid": "586612653", "content": "好家伙这是地球大炮吗"}, {"uid": "401337264", "content": "歌者直呼内行"}, {"uid": "383781982", "content": "小老鼠好可爱"}, {"uid": "628210713", "content": "耳朵怀孕了"}, {"uid": "652355804", "content": "老板觉得很淦"}, {"uid": "386445258", "content": "老三体了"}, {"uid": "500082245", "content": "*优美的中国话*"}, {"uid": "500082245", "content": "山:我裂开了"}, {"uid": "140080916", "content": "倒着长了！"}, {"uid": "140080916", "content": "一袋米我扛几咯"}, {"uid": "140080916", "content": "牛皮的鹿爷爷"}, {"uid": "400363927", "content": "电鹿大佬教我数学!"}, {"uid": "602668230", "content": "还我。。。爷爷"}, {"uid": "520737081", "content": "小学学渣表示，卧槽"}, {"uid": "562156961", "content": "草，动词"}, {"uid": "520378222", "content": "？？？？？？？？？？？？？？"}, {"uid": "697276956", "content": "*为坠落的人类命名"}, {"uid": "675751085", "content": ".怪不得这场奥特曼了。快飞了！"}, {"uid": "675751085", "content": "牛啊，这个老头。"}, {"uid": "431806453", "content": "你大爷就是你大爷"}, {"uid": "24378367", "content": "2333333"}, {"uid": "385547800", "content": "退化 "}, {"uid": "494333862", "content": "初二学生表示:很，淦"}, {"uid": "2087179986", "content": "那你是怎么知道葫芦山的高度"}, {"uid": "1546135970", "content": "刚点进去以为是啊——"}, {"uid": "629836333", "content": "小学二年级物理"}, {"uid": "235757837", "content": "所以速度不能增加了"}, {"uid": "604519009", "content": "您就是歌者文明代言人？"}, {"uid": "404093512", "content": "妈妈我真的在学习"}, {"uid": "523055811", "content": "爷青回"}, {"uid": "622587518", "content": "恭喜你成为了第一个超过光速的鹿！"}, {"uid": "178739747", "content": "物理超度"}, {"uid": "482614237", "content": "啊？？？？？这……"}, {"uid": "28230382", "content": "施完肥还要吃你们啊"}, {"uid": "82058993", "content": "？？？1.8的摩擦系数…"}, {"uid": "634929955", "content": "奥利给，干就完了"}, {"uid": "634929955", "content": "真.纸片人"}, {"uid": "500731660", "content": "摸什么？？？？"}, {"uid": "515187630", "content": "孙子"}, {"uid": "583081647", "content": "吔吔"}, {"uid": "291650001", "content": "精神污染"}, {"uid": "399943619", "content": "开幕雷击"}, {"uid": "319553630", "content": "二维生物不能有贯通的消化道哦"}, {"uid": "644252029", "content": "为了用桂花树摇桂花雨!"}, {"uid": "473095871", "content": "我耳朵怀孕了"}, {"uid": "473095871", "content": "哈哈哈哈哈哈哈哈哈哈哈哈"}, {"uid": "92205495", "content": "dropdead"}, {"uid": "454361553", "content": "大局已定"}, {"uid": "454361553", "content": "三体文明怕了"}, {"uid": "454361553", "content": "物理鬼才"}, {"uid": "602215653", "content": "喜当爷"}, {"uid": "687173823", "content": "落地水"}, {"uid": "291102062", "content": "为这个坠落的老头命名"}, {"uid": "232715359", "content": "无底洞"}, {"uid": "526516018", "content": "吃红薯放屁，屁中含有甲烷（CH4）就是我们常说的沼气，"}, {"uid": "229979070", "content": "耗子尾汁"}, {"uid": "433947078", "content": "穿山甲姐姐好486"}, {"uid": "433947078", "content": "我变……。。。。爷爷了"}, {"uid": "433947078", "content": "486是姐姐还是爷爷"}, {"uid": "663132923", "content": "啊啊还以为不更了！"}, {"uid": "611046561", "content": "阎王爷的爷爷。"}, {"uid": "506001822", "content": "老科学家"}, {"uid": "520734519", "content": "黄金体验镇魂曲"}, {"uid": "352423251", "content": "信息量巨大"}, {"uid": "316048456", "content": "我居然投币了"}, {"uid": "595342693", "content": "高速公鹿"}, {"uid": "234516878", "content": "高一表示懵壁"}, {"uid": "511101720", "content": "百 合"}, {"uid": "511101720", "content": "百 合"}, {"uid": "277363848", "content": "优美的中国话"}, {"uid": "415160329", "content": "哈哈哈"}, {"uid": "490655177", "content": "？？？？？？？？？？"}, {"uid": "691154044", "content": "？？？？？？就离谱"}, {"uid": "622592761", "content": "看呆了"}, {"uid": "445715211", "content": "？？？？？？？？？？？？？？"}, {"uid": "475051165", "content": "带上她的眼睛"}, {"uid": "499133518", "content": "老三体了"}, {"uid": "372346030", "content": "不是会平衡然后匀速？"}, {"uid": "264441790", "content": "草哈哈哈哈哈哈"}, {"uid": "571907744", "content": "落地水"}, {"uid": "430469663", "content": "让我们走进科学"}, {"uid": "341933107", "content": "所以你是疾风剑豪吗"}, {"uid": "341933107", "content": "所以你是疾风剑豪吗"}, {"uid": "87146462", "content": "极限驱动？疾风，王牌"}, {"uid": "565201675", "content": "手握獗獗"}, {"uid": "693407733", "content": "迪 亚 波 罗"}, {"uid": "27141375", "content": "很合理"}, {"uid": "652556683", "content": "CaO（一种氧化物）"}, {"uid": "1319889522", "content": "《趋   势》"}, {"uid": "1319889522", "content": "《趋  势》"}, {"uid": "481454439", "content": "物理学家"}, {"uid": "501921868", "content": "抱在一起，然后变身艾斯"}, {"uid": "636863982", "content": "用了金坷拉亩产一千八"}, {"uid": "446898049", "content": "金坷垃好处都有啥"}, {"uid": "446898049", "content": "你再骂"}, {"uid": "1550220969", "content": "红薯味纯天然农家肥"}, {"uid": "549749988", "content": "这里请参见琦玉老师。"}, {"uid": "498613617", "content": "神马"}, {"uid": "1707665828", "content": "睁眼睡觉啊！"}, {"uid": "358763718", "content": "高速公鹿"}, {"uid": "33869647", "content": "小老鼠？？？"}, {"uid": "291272711", "content": "百万粉！！！"}, {"uid": "291272711", "content": "就完了？！"}, {"uid": "291272711", "content": "歌者狂喜"}, {"uid": "11526457", "content": "终于更新了卧槽"}, {"uid": "426301494", "content": "终于等到你"}, {"uid": "457118707", "content": "草草草草草草草草"}, {"uid": "661997816", "content": "三体读者狂喜"}, {"uid": "95958743", "content": "诶诶诶乖孩子"}, {"uid": "406798912", "content": "爷青回！！！"}, {"uid": "544277209", "content": "还要吗"}, {"uid": "628904310", "content": "反复跳跃"}, {"uid": "628904310", "content": "人家是穿山甲"}, {"uid": "441326366", "content": "这就是「黄金体验镇魂曲」"}, {"uid": "604842898", "content": "精神污染"}, {"uid": "441747588", "content": "耶耶耶耶耶耶耶耶耶"}, {"uid": "291490404", "content": "洛基直呼内行"}, {"uid": "526850898", "content": "物理鬼才"}, {"uid": "519308553", "content": "燃尼玛，草起来了"}, {"uid": "692606514", "content": "数 学 天 才"}, {"uid": "508051149", "content": "脱～水～！"}, {"uid": "70555195", "content": "一本正经的"}, {"uid": "621676401", "content": "爷青回"}, {"uid": "492712323", "content": "哈哈哈哈哈哈 "}, {"uid": "586668403", "content": "葫芦精hahaha"}, {"uid": "554508010", "content": "有生之年"}, {"uid": "511859884", "content": "一个小时"}, {"uid": "26446666", "content": "这里是物理，不是数学"}, {"uid": "382569260", "content": "爷青回！"}, {"uid": "20330158", "content": "我tm是穿山甲！"}, {"uid": "334986850", "content": "精神污染"}, {"uid": "357927618", "content": "数学小天才"}, {"uid": "628015285", "content": "wdnmd———————————————————————————————————————————————————————————————————————————————————————————————"}, {"uid": "289147595", "content": "双厨狂喜哈哈哈哈"}, {"uid": "520464708", "content": "FBI:open the dao"}, {"uid": "483159751", "content": "爷青回！！！！！！！！"}, {"uid": "437196076", "content": "。。？？？？？"}, {"uid": "284066948", "content": "刚才用脑过度啦，缓缓"}, {"uid": "27411243", "content": "发出来没半小时呢就1700赞了"}, {"uid": "476026828", "content": "关上6500的大门"}, {"uid": "476026828", "content": "葫芦娃凋谢了"}, {"uid": "447016404", "content": "难道你们做的不是字由落体运动吗"}, {"uid": "30195631", "content": "不要对我一个文科生讲这些！！！！"}, {"uid": "490156068", "content": "19分钟1300个赞，逼着鹿哥周更"}, {"uid": "552505446", "content": "爷爷，您是清华毕业的吧"}, {"uid": "398164329", "content": "可你本来就是二位的"}, {"uid": "504280097", "content": "《由进度条得知》"}, {"uid": "471805290", "content": "别念了老师我会了"}, {"uid": "490156068", "content": "别念了，师父"}, {"uid": "547332994", "content": "有生之年"}, {"uid": "490156068", "content": "爷青会"}, {"uid": "391896840", "content": "危 穿山甲 危"}, {"uid": "647156568", "content": "《五分钟》"}, {"uid": "281343037", "content": "我差睡着啦 "}, {"uid": "1891896508", "content": "我只是个科学家"}, {"uid": "787434502", "content": "真 纸片人"}, {"uid": "239862523", "content": "哈哈哈哈哈哈哈"}, {"uid": "593459160", "content": "什么鬼我都看蒙了"}, {"uid": "22748161", "content": "耶耶耶耶耶耶耶耶"}, {"uid": "2135185931", "content": "屁的无限坠落，葫芦山海拔可比这高多了"}, {"uid": "2074789847", "content": "这老头不简单"}, {"uid": "327509565", "content": "大梦还有这么门的"}, {"uid": "107739084", "content": "小老鼠？？？？？？"}, {"uid": "86508496", "content": "还有一件事"}, {"uid": "1529323626", "content": "是你和海马生的，还是……"}, {"uid": "702675695", "content": "你要的六次元（2X3）"}, {"uid": "471039012", "content": "歌者狂喜"}, {"uid": "503665230", "content": "哈哈哈哈哈哈哈"}, {"uid": "503665230", "content": "小竹鼠"}, {"uid": "639386920", "content": "爷青回"}, {"uid": "650895331", "content": "哈哈哈哈哈哈哈"}, {"uid": "1761332916", "content": "物理带师"}, {"uid": "617224989", "content": "The gourd can be used at this momentHulu may have been confused at this moment"}, {"uid": "678825461", "content": "爱因斯坦"}, {"uid": "700270726", "content": "老三体了"}, {"uid": "33624815", "content": "我曾经迷信科学"}, {"uid": "1295655481", "content": "？？？？？我根本看不懂！"}, {"uid": "678295359", "content": "？？？？？？？？？？？？？！"}, {"uid": "652355804", "content": "老三体人了"}, {"uid": "451559424", "content": "抱 紧 我"}, {"uid": "421982768", "content": "傻孩子们，快跑！"}, {"uid": "1624643761", "content": "前方高能电路骂人预警"}, {"uid": "693012832", "content": "这不比博人传热血？"}, {"uid": "549694578", "content": "迪哥闯逝界"}, {"uid": "399159018", "content": "小金刚"}, {"uid": "697276956", "content": "*为堕落的老头命名"}, {"uid": "697276956", "content": "*为坠落的老头命名"}, {"uid": "675751085", "content": "NBNBNBNBNB"}, {"uid": "675751085", "content": "这怎么又叫天才威啦。"}, {"uid": "701676281", "content": "if e==0:  dh.gepi()  sleep(1)  time.day(5)  print(dh.chuanyue)"}, {"uid": "667246524", "content": "一看就知道是哈佛大学毕业的"}, {"uid": "1355332617", "content": "数学鬼才"}, {"uid": "681780908", "content": "我特么在吃饭。"}, {"uid": "427398165", "content": "落日六号快闪开！"}, {"uid": "98250265", "content": "师傅，别念了"}, {"uid": "470507056", "content": "喜当爷"}, {"uid": "539342921", "content": "地球大炮"}, {"uid": "651844902", "content": "谁有曲率动力飞船？借我一用"}, {"uid": "321090765", "content": "二维有质量的"}, {"uid": "490899950", "content": "走近科学"}, {"uid": "26758925", "content": "爷青回"}, {"uid": "500054140", "content": "跟在三体中逃逸降维攻击有异曲同工之妙UP主是老三。"}, {"uid": "436021179", "content": "这就是科学"}, {"uid": "602640048", "content": "高中物理没这么多积分。这是大学物理"}, {"uid": "523055811", "content": "小学5年级听不懂"}, {"uid": "355279307", "content": "这声音好受"}, {"uid": "504261487", "content": "电鹿变成了纸片人，纸片人是老婆，电鹿是老婆（doge）"}, {"uid": "108834644", "content": "好车"}, {"uid": "497046311", "content": "好牛逼的爷爷 "}, {"uid": "82058993", "content": "远古黑金的葫芦娃也视频有类似的桥段"}, {"uid": "59239648", "content": "这不比博人传燃？"}, {"uid": "290779522", "content": "理科天才"}, {"uid": "290779522", "content": "老鼠？"}, {"uid": "26293027", "content": "还真TM是41秒"}, {"uid": "515187630", "content": "。。。。。。。。。。。"}, {"uid": "515187630", "content": "初三很为难"}, {"uid": "631840377", "content": "哈哈哈"}, {"uid": "625869587", "content": "卧槽别念了"}, {"uid": "615848340", "content": "？？？？？？？？？？？？"}, {"uid": "627600967", "content": "草（一种植物）"}, {"uid": "84128080", "content": "哈哈哈哈哈"}, {"uid": "639810895", "content": "金坷垃"}, {"uid": "639810895", "content": "进入深海舱"}, {"uid": "475109714", "content": "你只是进入了up的鬼畜"}, {"uid": "291650001", "content": "新鹿鹿好像更帅了"}, {"uid": "634605150", "content": "我大意了啊"}, {"uid": "474061731", "content": "有生之年"}, {"uid": "668847357", "content": "指达到光速"}, {"uid": "531617293", "content": "老爹"}, {"uid": "646913209", "content": "请为坠落的老头取名"}, {"uid": "522413617", "content": "金坷垃！！！！！！！！！！！"}, {"uid": "604898551", "content": "高速公鹿"}, {"uid": "432335424", "content": "？？？？？草"}, {"uid": "637551565", "content": "无限掉落"}, {"uid": "345947534", "content": "菊花朵朵开"}, {"uid": "496161737", "content": "高一表示很懵"}, {"uid": "458598895", "content": "爷青回"}, {"uid": "627283096", "content": "？？？？？？？？？？？？？"}, {"uid": "268595833", "content": "爷青回"}, {"uid": "444427851", "content": "？？？？？？？"}, {"uid": "415160329", "content": "？？？？"}, {"uid": "490655177", "content": "金坷垃"}, {"uid": "20138588", "content": "烫手烫手啊"}, {"uid": "519675891", "content": "歌者：..."}, {"uid": "519980790", "content": "哈哈哈哈哈哈哈哈"}, {"uid": "85934599", "content": "你再骂，我把你做成汤"}, {"uid": "499133518", "content": "你再骂？！"}, {"uid": "652639068", "content": "你好短啊"}, {"uid": "652639068", "content": "你还有脸回来"}, {"uid": "554795094", "content": "爷青回！！！！！"}, {"uid": "676188023", "content": "大家好，我是桂花树"}, {"uid": "688299220", "content": "有质量的(●—●)"}, {"uid": "372346030", "content": "高二数竞玩家狂喜"}, {"uid": "499295361", "content": "CaO（氧化钙）"}, {"uid": "455381346", "content": "别念了别念了"}, {"uid": "249663590", "content": "爷青回"}, {"uid": "474225678", "content": "？？？？？？？？？？？？"}, {"uid": "376175008", "content": "卧槽尼玛真可怕"}, {"uid": "522092124", "content": "高三的我表示从来没学过⬆"}, {"uid": "677628269", "content": "你可是亚索？"}, {"uid": "511135182", "content": "欸哎唉誒诶诶诶"}, {"uid": "638784958", "content": "？？？？？？？？？？？？？？"}, {"uid": "667360678", "content": "不行不行太多了太多了"}, {"uid": "693001686", "content": "草，是一种植物。"}, {"uid": "499209311", "content": "高速公路"}, {"uid": "567305249", "content": "可是三维结构不会被完全破坏吗"}, {"uid": "513327381", "content": "哎呀孙子教得真清楚"}, {"uid": "425710886", "content": "神父知乎内行"}, {"uid": "481072244", "content": "鬼的41秒，这得几个月了好吗"}, {"uid": "595683564", "content": "申请一块二项箔"}, {"uid": "398619772", "content": "???????????"}, {"uid": "619071928", "content": "终极爷青回。"}, {"uid": "1749083635", "content": "主角光环石锤"}, {"uid": "543851869", "content": "？？害怕"}, {"uid": "38931294", "content": "差不多得了"}, {"uid": "647130399", "content": "耳机党炸裂"}, {"uid": "598254918", "content": "叶清辉"}, {"uid": "163683489", "content": "？？？，不对劲"}, {"uid": "1296561158", "content": "葫芦娃没了"}, {"uid": "1296561158", "content": "爷爷我要金坷垃"}, {"uid": "382359187", "content": "真实"}, {"uid": "428242375", "content": "爷青回！"}, {"uid": "431243697", "content": "哈哈哈哈哈哈哈哈哈哈哈哈哈"}, {"uid": "489061734", "content": "爷青回！！！！"}, {"uid": "627869664", "content": "黄金体验镇魂曲"}, {"uid": "179627696", "content": "？？？？？？？？？？？？"}, {"uid": "299654039", "content": "爷青回！"}, {"uid": "628665780", "content": "妙哉"}, {"uid": "1486430801", "content": "高速公路"}, {"uid": "400759933", "content": "合情合理"}, {"uid": "457118707", "content": "哈哈哈哈哈哈哈哈哈"}, {"uid": "418051333", "content": "有生之年！"}, {"uid": "406798912", "content": "燃起来了"}, {"uid": "259438885", "content": "更新了！"}, {"uid": "628904310", "content": "耶耶耶耶耶耶耶耶耶耶耶"}, {"uid": "646401561", "content": "爷青回"}, {"uid": "441747588", "content": "草"}, {"uid": "441747588", "content": "哈哈哈哈哈哈"}, {"uid": "441747588", "content": "草"}, {"uid": "687931826", "content": "？？？？？？？？？？？？"}, {"uid": "517465496", "content": "小鹿老师我问一下，进度条是什么计量单位⊙_⊙"}, {"uid": "508051149", "content": "进入深海状态"}, {"uid": "522968163", "content": "破限加速同调！"}, {"uid": "590139605", "content": "有生之年！"}, {"uid": "359347745", "content": "我去一分钟就700点赞了。"}, {"uid": "604173278", "content": "老歌者了"}, {"uid": "701306598", "content": "爷青回！！！"}, {"uid": "321943295", "content": "二向箔草"}, {"uid": "260270784", "content": "多玛姆 我是来谈条件的"}, {"uid": "158321720", "content": "热乎的"}, {"uid": "35565205", "content": "爷液"}, {"uid": "159349728", "content": "？？？？？？？？？？？？？？"}, {"uid": "23307462", "content": "你再骂"}, {"uid": "437196076", "content": "哈哈哈哈哈哈"}, {"uid": "268595833", "content": "下次一定"}, {"uid": "123702179", "content": "哈哈哈哈哈哈哈可以"}, {"uid": "27411243", "content": "爷青回啊啊啊啊啊"}, {"uid": "552505446", "content": "勇往直下"}, {"uid": "502285590", "content": "诶"}, {"uid": "413137094", "content": "洗脑"}, {"uid": "490156068", "content": "hhhc"}, {"uid": "549684323", "content": "十五分钟 有出息了"}, {"uid": "521183444", "content": "哎~"}, {"uid": "543339171", "content": "？？？？？？？？？？？？？"}, {"uid": "501127002", "content": "那你说个毛啊！"}, {"uid": "1132167616", "content": "算了32个公式之后爷爷不可能下降太慢"}, {"uid": "471179457", "content": "老三体了"}, {"uid": "1891896508", "content": "兄弟们，变色"}, {"uid": "787434502", "content": "诶诶诶诶诶诶诶诶诶诶诶诶"}, {"uid": "787434502", "content": "深井冰重置版"}, {"uid": "83255006", "content": "你再骂！"}, {"uid": "2089742034", "content": "沉默耗子登场"}, {"uid": "451076503", "content": "？？？？？？"}, {"uid": "507981037", "content": "猝不及防"}, {"uid": "499377141", "content": "黄金分割率"}, {"uid": "1846467212", "content": "摩擦系数没有啦"}, {"uid": "1495632398", "content": "师傅，莫念"}, {"uid": "669894430", "content": "【丁仪】进入直播间"}, {"uid": "678825461", "content": "牛皮"}, {"uid": "176899285", "content": "爷青回"}, {"uid": "433709330", "content": "下次也不一定"}, {"uid": "678295359", "content": "？？？？？？？！"}, {"uid": "652355804", "content": "罗辑狂喜"}, {"uid": "500082245", "content": "小学六年级表示亿脸懵逼"}, {"uid": "359403029", "content": "？？？？？？？？？？？？？"}, {"uid": "1715603759", "content": "呀卡吗洗！"}, {"uid": "493181056", "content": "自然选择号，前进四！！！"}, {"uid": "493181056", "content": "自然选择号，前进四！！！"}, {"uid": "669560744", "content": "剪辑回放法术"}, {"uid": "702572001", "content": "完全一致啊"}, {"uid": "432214324", "content": "摩擦系数也太尼玛高了吧"}, {"uid": "628328862", "content": "降智打击"}, {"uid": "524063576", "content": "哈哈哈哈"}, {"uid": "552436095", "content": "ohhhhhhhhhhhhhhhhhhhhh"}, {"uid": "338781051", "content": "哈哈哈"}, {"uid": "56495874", "content": "麻省理工你开的吧"}, {"uid": "590296540", "content": "爷青回!"}, {"uid": "643977975", "content": "降维打击"}, {"uid": "221168539", "content": "别念了别念了"}, {"uid": "698114242", "content": "你老婆跑了"}, {"uid": "529440703", "content": "肯定挂不了"}, {"uid": "666774786", "content": "*这些花接住了你"}, {"uid": "668156515", "content": "初二自闭了"}, {"uid": "308939791", "content": "哈哈哈哈哈哈哈"}, {"uid": "438551206", "content": "你再骂？"}, {"uid": "361408679", "content": "？？？？？？？？？？？？"}, {"uid": "39682198", "content": "哈哈哈"}, {"uid": "651296005", "content": "三维复活"}, {"uid": "506685709", "content": "这不对劲"}, {"uid": "561370123", "content": "噗哈哈哈"}, {"uid": "430119186", "content": "？？"}, {"uid": "515187630", "content": "。。。。。。。。。呢。。。"}, {"uid": "515187630", "content": "wtf"}, {"uid": "522017993", "content": "哈哈哈哈"}, {"uid": "693427826", "content": "哈哈哈哈哈哈"}, {"uid": "291650001", "content": "猝不及防"}, {"uid": "24062060", "content": "这不是黑金的素材嘛"}, {"uid": "177152069", "content": "爷青回"}, {"uid": "554565949", "content": "爷青回！！！"}, {"uid": "431099859", "content": "！？？？？？？？？？？？"}, {"uid": "697352537", "content": "局中橘"}, {"uid": "456529533", "content": "？？？？？？？？？？？？？"}, {"uid": "521020096", "content": "量子力学"}, {"uid": "500204857", "content": "电鹿老三体了"}, {"uid": "516977020", "content": "初一表示自闭了"}, {"uid": "501949557", "content": "哈哈哈"}, {"uid": "666702803", "content": "数学天才"}, {"uid": "490023939", "content": "哈哈哈哈哈"}, {"uid": "29313164", "content": "读本伟准备就绪起飞。"}, {"uid": "430890237", "content": "初中生已自闭"}, {"uid": "567051440", "content": "心机之蛙，一直摸你肚子"}, {"uid": "499131376", "content": "冲！！！！！"}, {"uid": "432335424", "content": "草"}, {"uid": "313707780", "content": "爷青回"}, {"uid": "506001822", "content": "老专家"}, {"uid": "634983840", "content": "老三体了"}, {"uid": "509728513", "content": "三万了"}, {"uid": "482862823", "content": "握草"}, {"uid": "482862823", "content": "？？？？？？？？？？？"}, {"uid": "490446604", "content": "有点儿意思"}, {"uid": "421982768", "content": "傻孩子们快跑！"}, {"uid": "513850264", "content": "爷青结"}, {"uid": "114246868", "content": "美好的的都是幻想。"}, {"uid": "114246868", "content": "骑驴王子预订，目测。不用估计了，就这颜值就这身材。没什么可期待的。"}, {"uid": "31221654", "content": "掉多久？"}, {"uid": "91437847", "content": "爷青回"}, {"uid": "544151201", "content": "唉唉唉唉唉，孙子乘"}, {"uid": "385619413", "content": "草"}, {"uid": "385619413", "content": "？？？"}, {"uid": "35825595", "content": "《间隙》"}, {"uid": "190667107", "content": "爷青回"}, {"uid": "495228951", "content": "那怎么三维化"}, {"uid": "489748521", "content": "落日计划"}, {"uid": "627798859", "content": "高速母鹿"}, {"uid": "503910064", "content": "爷青回"}, {"uid": "455375551", "content": "？？？？"}, {"uid": "629571932", "content": "这个算鬼打墙吗"}, {"uid": "1594057536", "content": "不是我发动了能力！L黄金体验镇魂曲7！"}, {"uid": "521411119", "content": "？？？？？？"}, {"uid": "415160329", "content": "哈哈哈"}, {"uid": "415160329", "content": "？？？？？？"}, {"uid": "415160329", "content": "？？？？？？？"}, {"uid": "500332554", "content": "视频也水了41秒"}, {"uid": "478342355", "content": "前面光辉未来你过来我绝对不打你"}, {"uid": "519980790", "content": "好家伙"}, {"uid": "535034553", "content": "*这些花接住了你"}, {"uid": "504493469", "content": "倒着看,新世界"}, {"uid": "554795094", "content": "？？？黑衣人？"}, {"uid": "592814614", "content": "爷青回"}, {"uid": "23093860", "content": "嘎哈哈哈哈哈哈"}, {"uid": "214296356", "content": "乖"}, {"uid": "344425030", "content": "爷青回！！！！！！"}, {"uid": "417083561", "content": "哈哈哈"}, {"uid": "417083561", "content": "草"}, {"uid": "620638431", "content": "二向箔"}, {"uid": "442252912", "content": "烫手烫手"}, {"uid": "481442823", "content": "穿山甲像一个虾尾"}, {"uid": "638784958", "content": "哈哈哈哈哈哈哈哈哈"}, {"uid": "638784958", "content": "哈哈哈哈哈"}, {"uid": "638784958", "content": "文化沙漠"}, {"uid": "638784958", "content": "别念了，师父"}, {"uid": "471874286", "content": "三体读者狂喜"}, {"uid": "27141375", "content": "老版本了"}, {"uid": "650772126", "content": "爷的光速飞船哪？"}, {"uid": "603632833", "content": "OMFG！！！"}, {"uid": "686824299", "content": "？？？？？？？？？"}, {"uid": "518800256", "content": "？？？？？？？？？？"}, {"uid": "499661265", "content": "呀卡吗洗"}, {"uid": "452051154", "content": "hhhhhhhhhhhhhhhhhh"}, {"uid": "495090968", "content": "哈哈哈哈哈哈哈哈哈"}, {"uid": "454992179", "content": "?????????????"}, {"uid": "492617207", "content": "爷青回"}, {"uid": "522166622", "content": "记得在二维把我老婆带来"}, {"uid": "652081009", "content": "ohhhhhhh"}, {"uid": "520513407", "content": "yeeeeeeee"}, {"uid": "436583815", "content": "你设的k是多少？"}, {"uid": "576549518", "content": "爷青回！"}, {"uid": "291272711", "content": "三小时"}, {"uid": "703106965", "content": "我们才活得二维世界。"}, {"uid": "406798912", "content": "爷青回！！！"}, {"uid": "648282182", "content": "草"}, {"uid": "487071067", "content": "开幕雷击"}, {"uid": "22063391", "content": "老三体了"}, {"uid": "544277209", "content": "爷的痛处"}, {"uid": "700646743", "content": "无限读档"}, {"uid": "519308553", "content": "爷青回"}, {"uid": "692606514", "content": "害怕"}, {"uid": "692606514", "content": "氧化钙（cao"}, {"uid": "397690454", "content": "？？？？？！？？？"}, {"uid": "628733508", "content": "哈哈哈哈哈"}, {"uid": "627638159", "content": "爷青回!!!!"}, {"uid": "526445533", "content": "啊这，没有什么能在一张纸中活下来"}, {"uid": "272785989", "content": "说光辉未来的过来挨打"}, {"uid": "422373260", "content": "害怕"}, {"uid": "16089732", "content": "？？？？？？？？救命"}, {"uid": "381952063", "content": "草"}, {"uid": "381952063", "content": "？？？？？？？？？？？？"}, {"uid": "596908295", "content": "《水》"}, {"uid": "273960201", "content": "河曲智叟"}, {"uid": "492956232", "content": "爷青回"}, {"uid": "650319584", "content": "爷青回"}, {"uid": "484454139", "content": "哈哈哈哈"}, {"uid": "237256545", "content": "爷青回"}, {"uid": "383040819", "content": "一目了然"}, {"uid": "537914766", "content": "爷青回"}, {"uid": "289147595", "content": "哈哈哈哈哈哈哈哈哈哈哈"}, {"uid": "497622906", "content": "48分钟！！！！！！！"}, {"uid": "453977675", "content": "爷青回"}, {"uid": "437196076", "content": "诶诶诶"}, {"uid": "693655114", "content": "诶诶诶诶"}, {"uid": "255748705", "content": "爷青回！！！"}, {"uid": "340472568", "content": "充电两小时"}, {"uid": "14416200", "content": "诶~"}, {"uid": "470262313", "content": "爷青回"}, {"uid": "175291046", "content": "盖——亚——"}, {"uid": "490156068", "content": "害怕"}, {"uid": "595454343", "content": "热乎的！"}, {"uid": "660123644", "content": "反而还飞了起来"}, {"uid": "521759257", "content": "以雷霆击破黑暗"}, {"uid": "543339171", "content": "？？？？？？？？？？？？？？"}, {"uid": "551348950", "content": "生草了"}, {"uid": "474708900", "content": "爱"}, {"uid": "526194495", "content": "你再骂？！"}, {"uid": "475280436", "content": "上集的绿色补丁呢"}, {"uid": "1239205423", "content": "额，不给，我就是玩的"}, {"uid": "787434502", "content": "山：wc"}, {"uid": "1062809129", "content": "？？？？？？？？？？？？？"}, {"uid": "1277940482", "content": "降维打击"}, {"uid": "1277940482", "content": "记笔记记笔记"}, {"uid": "451076503", "content": "？？？？？？？？？？？？？？"}, {"uid": "451076503", "content": "？？？？？？？？？？"}, {"uid": "1453869998", "content": "哎~"}, {"uid": "1969974894", "content": "我 睡 了"}, {"uid": "506544203", "content": "爷青回"}, {"uid": "110713095", "content": "你在骂！"}, {"uid": "494080860", "content": "叫我干嘛"}, {"uid": "650895331", "content": "哈哈哈哈哈哈哈哈"}, {"uid": "1235920184", "content": "孩子们快跑"}, {"uid": "630815603", "content": "？、？？？？？？？？"}, {"uid": "457812613", "content": "爷青回！"}, {"uid": "347039966", "content": "一本正经的胡说八道"}, {"uid": "504600157", "content": "？？？？？？？"}, {"uid": "94593903", "content": "你再驾！"}, {"uid": "94593903", "content": "？？？？？？？？"}, {"uid": "611766441", "content": "冲破这个bug"}, {"uid": "588058106", "content": "封印解除"}, {"uid": "348822622", "content": "爱因斯坦"}, {"uid": "520378222", "content": "？？？？？？？？？？"}, {"uid": "89279324", "content": "初一自闭了"}, {"uid": "495097210", "content": "葫芦的撅撅"}, {"uid": "24378367", "content": "2333333"}, {"uid": "24378367", "content": "233333"}, {"uid": "429759828", "content": "你真棒！"}, {"uid": "526170120", "content": "落日六号"}, {"uid": "428834381", "content": "打给你个二向箔"}, {"uid": "488200860", "content": "You died"}, {"uid": "524577882", "content": "诶嘿"}, {"uid": "28699217", "content": "爷青回！"}, {"uid": "635863567", "content": "？？？？？"}, {"uid": "26758925", "content": "卧槽"}, {"uid": "563187293", "content": "时间原石"}, {"uid": "12661928", "content": "诶"}, {"uid": "376684580", "content": "nb"}, {"uid": "11265566", "content": "你币有了"}, {"uid": "247993996", "content": "@拉普拉斯"}, {"uid": "499986088", "content": "老苏菲的世界了"}, {"uid": "178353346", "content": "马里亚纳海沟"}, {"uid": "443279946", "content": "爷青回！！！"}, {"uid": "39682198", "content": "哈哈哈"}, {"uid": "651296005", "content": "毛都撸没有了"}, {"uid": "72207946", "content": "阿这"}, {"uid": "72207946", "content": "哈哈哈哈哈"}, {"uid": "72207946", "content": "哈哈哈哈哈"}, {"uid": "506685709", "content": "一本正经的胡说八道"}, {"uid": "647545697", "content": "三体世界欢迎二位"}, {"uid": "72363954", "content": "我直接看傻了。。。"}, {"uid": "435190268", "content": "你是不是在水？"}, {"uid": "5082299", "content": "蝎子精"}, {"uid": "634929955", "content": "我直接好家伙"}, {"uid": "431799068", "content": "变成光"}, {"uid": "489043945", "content": "无尽坠落"}, {"uid": "515187630", "content": "jdんdんj来"}, {"uid": "515187630", "content": "。。。。。。。。。。"}, {"uid": "515187630", "content": "CA"}, {"uid": "633200548", "content": "呵呵哈哈哈哈哈哈哈"}, {"uid": "507364840", "content": "哈哈哈哈哈"}, {"uid": "627600967", "content": "诶诶诶诶诶诶诶诶诶诶诶"}, {"uid": "627600967", "content": "盖亚"}, {"uid": "639810895", "content": "妈妈我变成了萤火虫"}, {"uid": "592319405", "content": "4444"}, {"uid": "177152069", "content": "别念了"}, {"uid": "802401042", "content": "乖乖怪"}, {"uid": "473095871", "content": "那该怎么办呀"}, {"uid": "604219188", "content": "爷青回"}, {"uid": "23313447", "content": "老三体了"}, {"uid": "667360666", "content": "———————————"}, {"uid": "400920375", "content": "爷青回"}, {"uid": "490023939", "content": "？？？？"}, {"uid": "490023939", "content": "噗哦————"}, {"uid": "604898551", "content": "我的下巴呢？"}, {"uid": "646163209", "content": "嘿嘿"}, {"uid": "419198026", "content": "？？？？"}, {"uid": "433947078", "content": "yy"}, {"uid": "1489701625", "content": "我tm才初中"}, {"uid": "509094676", "content": "哈哈哈"}, {"uid": "352423251", "content": "要坚强"}, {"uid": "316978044", "content": "我觉得这个视频有水分"}, {"uid": "687950136", "content": "第三爆弹，败者食尘"}, {"uid": "695282265", "content": "？？？？"}, {"uid": "91437847", "content": "？？"}, {"uid": "495846456", "content": "爷青回"}, {"uid": "403079058", "content": "哈哈哈"}, {"uid": "385619413", "content": "差不多得了"}, {"uid": "22666483", "content": "真实"}, {"uid": "351293541", "content": "??????????"}, {"uid": "35825595", "content": "水了几分钟了"}, {"uid": "701765264", "content": "？？？？？？？？？？？"}, {"uid": "402110375", "content": "哈哈哈哈哈哈哈哈哈"}, {"uid": "496276206", "content": "杰克——"}, {"uid": "495604226", "content": "?"}, {"uid": "415160329", "content": "？？？？"}, {"uid": "415160329", "content": "？？？？？？？？？"}, {"uid": "518539539", "content": "爷青回"}, {"uid": "490655177", "content": "？？？？？？？？"}, {"uid": "490655177", "content": "真实"}, {"uid": "500332554", "content": "不是葫芦蕨掘吗？"}, {"uid": "39743983", "content": "??????????????"}, {"uid": "437706495", "content": "爷青回"}, {"uid": "3078543", "content": "彳亍"}, {"uid": "519980790", "content": "哈哈哈哈哈哈哈"}, {"uid": "519980790", "content": "哈哈哈哈哈哈"}, {"uid": "264200039", "content": "邪典视频"}, {"uid": "504493469", "content": "倒着看新世界"}, {"uid": "504493469", "content": "倒着看新世界"}, {"uid": "667519762", "content": " 爷青回"}, {"uid": "493726692", "content": "101了耶耶耶"}, {"uid": "417083561", "content": "哈哈哈哈"}, {"uid": "64613855", "content": "superliminal"}, {"uid": "451138470", "content": "？？？？？？？？"}, {"uid": "538329849", "content": "哈哈哈哈哈哈"}, {"uid": "622764324", "content": "？？？？？？"}, {"uid": "604165197", "content": "龙神の剣を喰らえ！"}, {"uid": "404704511", "content": "下落攻击"}, {"uid": "430469663", "content": "开屏暴击 "}, {"uid": "423819979", "content": "爷青回"}, {"uid": "491128568", "content": "物理降妖"}, {"uid": "471874286", "content": "三体人狂袭。"}, {"uid": "1346924636", "content": "？？？？？？？？？？？？？？"}, {"uid": "457379929", "content": "鬼打墙"}, {"uid": "669841126", "content": "？？？？？？"}, {"uid": "689337824", "content": "真实"}, {"uid": "660090249", "content": "爷青回"}, {"uid": "1931320590", "content": "勇往直前"}, {"uid": "452051154", "content": "hhhhhhhhhc"}, {"uid": "628471168", "content": "？？？？？？"}, {"uid": "37365617", "content": "好合理"}, {"uid": "35747212", "content": "爷青回"}, {"uid": "29653146", "content": "爷青回"}, {"uid": "444692712", "content": "我也要"}, {"uid": "686509095", "content": "爷青回！！"}, {"uid": "698094567", "content": "整活！！！"}, {"uid": "698094567", "content": "爽歪歪！！！"}, {"uid": "400759933", "content": "挨"}, {"uid": "689321676", "content": "绝了"}, {"uid": "696219360", "content": "有生之年"}, {"uid": "12639904", "content": "哈哈哈哈哈哈"}, {"uid": "517012611", "content": "下面那个老刘踢了"}, {"uid": "499131376", "content": "？？？？？？？？？？？？？？"}, {"uid": "22063391", "content": "爷青回"}, {"uid": "628904310", "content": "你再骂！！！"}, {"uid": "628904310", "content": "带劲的BGM"}, {"uid": "496260006", "content": "爷青回"}, {"uid": "372749476", "content": "爷青会"}, {"uid": "527418045", "content": "爷青回"}, {"uid": "564898251", "content": "升维啦"}, {"uid": "674735394", "content": "爷青回"}, {"uid": "603915359", "content": "这不会是徽赖分"}, {"uid": "428626895", "content": "爷青回"}, {"uid": "11069518", "content": "泰罗！谢谢你！"}, {"uid": "430973846", "content": "你好短啊"}, {"uid": "526445533", "content": "老三体了"}, {"uid": "508154914", "content": "哈哈哈哈"}, {"uid": "508022802", "content": "爷青回"}, {"uid": "440824670", "content": "红红火火恍恍惚惚"}, {"uid": "272933567", "content": "我看懂了"}, {"uid": "549872081", "content": "爷青回"}, {"uid": "616809676", "content": "光辉未来——"}, {"uid": "497363060", "content": "终于来了"}, {"uid": "37697724", "content": "hhhhhh"}, {"uid": "425625325", "content": "爷青回！"}, {"uid": "261572587", "content": "烫手"}, {"uid": "23307462", "content": "？？？？？？？？？？？？？？"}, {"uid": "437196076", "content": "好短"}, {"uid": "23689321", "content": "爷青回!"}, {"uid": "524255741", "content": "29分钟热乎的"}, {"uid": "39868705", "content": "爷青回"}, {"uid": "490156068", "content": "？？？"}, {"uid": "668024523", "content": "1000赞了，给我出下一级"}, {"uid": "512273444", "content": "爷青回"}, {"uid": "646364096", "content": "???????"}, {"uid": "521437913", "content": "讲完就S了"}, {"uid": "663126336", "content": "诶乖孩子"}, {"uid": "1564022287", "content": "？？？？？"}, {"uid": "239862523", "content": "？？？？"}, {"uid": "1277940482", "content": "梅开2度"}, {"uid": "451879474", "content": "睡了睡了"}, {"uid": "1539509611", "content": "个鬼"}, {"uid": "631108657", "content": "那一年我们成为了光"}, {"uid": "34214261", "content": "将"}, {"uid": "669992213", "content": "？？？？？？？？？？？？？？"}, {"uid": "401549383", "content": "我们的速度"}, {"uid": "1309928581", "content": "下次一定"}, {"uid": "668688814", "content": "？？？？？？？？？"}, {"uid": "500082245", "content": "降维打击"}, {"uid": "500082245", "content": "这是幻术"}, {"uid": "500082245", "content": "专业"}, {"uid": "1889607219", "content": "？？？？？？？？？？？"}, {"uid": "687749198", "content": "老猪爷爷"}, {"uid": "675751085", "content": "这都成了奥特曼。"}, {"uid": "1876707534", "content": "歌者行为"}, {"uid": "372184199", "content": "哎哎哎"}, {"uid": "1355332617", "content": "。。。，，，，，"}, {"uid": "55331152", "content": "哈哈哈"}, {"uid": "458082890", "content": "爷青回"}, {"uid": "53114891", "content": "厉害了"}, {"uid": "490899950", "content": "回去了"}, {"uid": "104573500", "content": "？？？"}, {"uid": "26758925", "content": "诶"}, {"uid": "26758925", "content": "卧槽告辞"}, {"uid": "691524332", "content": "牛逼"}, {"uid": "649988444", "content": "电鹿在伦敦读大学哦"}, {"uid": "444920541", "content": "中了伊邪纳美"}, {"uid": "631708280", "content": "就差一声迪迦了"}, {"uid": "486192765", "content": "母世界准备二向化！"}, {"uid": "347790503", "content": "黑洞"}, {"uid": "17228683", "content": "这是黄金体验镇魂曲！！！！！！"}, {"uid": "412799921", "content": "一群清洁工 "}, {"uid": "504752820", "content": "爷青回"}, {"uid": "258468696", "content": "时间宝石！"}, {"uid": "232674941", "content": "诶"}, {"uid": "456593678", "content": "？？？？？"}, {"uid": "651296005", "content": "尿素"}, {"uid": "36402730", "content": "还真是"}, {"uid": "319612533", "content": "爷青回"}, {"uid": "480058920", "content": "葫芦娃，葫芦娃"}, {"uid": "422570170", "content": "爷青回"}, {"uid": "634929955", "content": "老三体了"}, {"uid": "59239648", "content": "诺兰狂喜"}, {"uid": "482179082", "content": "乖"}, {"uid": "489043945", "content": "？？？？？？"}, {"uid": "331409663", "content": "我哭了"}, {"uid": "515187630", "content": "。。。。。。。。。。。。。"}, {"uid": "522017993", "content": "你在骂！"}, {"uid": "409363525", "content": "？？？？"}, {"uid": "628824028", "content": "下次一定"}, {"uid": "672504136", "content": "———————————"}, {"uid": "2140504234", "content": "！！？？"}, {"uid": "1757770069", "content": "ei儿子"}, {"uid": "1757770069", "content": "正道的光"}, {"uid": "547044846", "content": "牛皮"}, {"uid": "687900420", "content": "猝不及防"}, {"uid": "646752485", "content": "《间隙》"}, {"uid": "355256837", "content": "爷青回"}, {"uid": "343897795", "content": "爷青回"}, {"uid": "432335424", "content": "草"}, {"uid": "628954793", "content": "老歌者了，应该是二向化"}, {"uid": "432335424", "content": "WTF"}, {"uid": "622064563", "content": "歌者狂喜"}, {"uid": "634983840", "content": "真实"}, {"uid": "472653527", "content": "？？？？"}, {"uid": "472653527", "content": "？？？？？"}, {"uid": "626945826", "content": "爷青回"}, {"uid": "675285612", "content": "诶"}, {"uid": "504294579", "content": "爷青回"}, {"uid": "385619413", "content": "爷青回"}, {"uid": "645969682", "content": "真实"}, {"uid": "441516745", "content": "哈哈哈哈哈哈哈哈"}, {"uid": "495228951", "content": "靠"}, {"uid": "590237988", "content": "？？？？？？"}, {"uid": "122330989", "content": "回来了"}, {"uid": "499449957", "content": "？？？？？？？？"}, {"uid": "495604226", "content": "……三体吗"}, {"uid": "415160329", "content": "？？？？"}, {"uid": "415160329", "content": "哈哈哈"}, {"uid": "415160329", "content": "？？？"}, {"uid": "415160329", "content": "冲冲冲"}, {"uid": "415160329", "content": "冲冲冲"}, {"uid": "492303185", "content": "水了一分多钟"}, {"uid": "503294677", "content": "初二的我什么也没听懂"}, {"uid": "518754008", "content": "爷青回"}, {"uid": "325907691", "content": "爷青回"}, {"uid": "489240323", "content": "爷青回"}, {"uid": "475391676", "content": "？？？？？？？？？？"}, {"uid": "237594080", "content": "?????"}, {"uid": "614795194", "content": "？？？？？？？？"}, {"uid": "614795194", "content": "爷青回"}, {"uid": "602246533", "content": "爷爷我要金坷垃"}, {"uid": "553638605", "content": "爷青回"}, {"uid": "1581893280", "content": "坚强"}, {"uid": "29137205", "content": "真实"}, {"uid": "622764324", "content": "ohhh"}, {"uid": "650914245", "content": "诶"}, {"uid": "257529086", "content": "爷青回"}, {"uid": "645658725", "content": "哈哈哈哈哈哈哈哈"}, {"uid": "237625597", "content": "鹿哥真帅"}, {"uid": "668242703", "content": "纸片人"}, {"uid": "290048491", "content": "奥特合体！"}, {"uid": "661586821", "content": "？？？？？？"}, {"uid": "662007094", "content": "？"}, {"uid": "475523952", "content": "草"}, {"uid": "483621933", "content": "？？？？？？？？"}, {"uid": "483621933", "content": "也"}, {"uid": "146714469", "content": "??"}, {"uid": "661177104", "content": "爷青回"}, {"uid": "518800256", "content": "？？？？？？？？？"}, {"uid": "417579621", "content": "哈哈哈哈"}, {"uid": "648280135", "content": "爷青回"}, {"uid": "401429768", "content": "哎"}, {"uid": "241171063", "content": "?????????????"}, {"uid": "626933027", "content": "空间宝石"}, {"uid": "626933027", "content": "小耗子"}, {"uid": "660956294", "content": "这个要版权的吗？"}, {"uid": "502292486", "content": "？？？"}, {"uid": "273255941", "content": "、"}, {"uid": "520513407", "content": "奇异博士"}, {"uid": "444692712", "content": "？？？？？？？？"}, {"uid": "439327091", "content": "爷青回"}, {"uid": "646420357", "content": "爷青回 "}, {"uid": "669423394", "content": "？？？？？"}, {"uid": "801586887", "content": "爷青回"}, {"uid": "53310234", "content": "爷青回"}, {"uid": "505667596", "content": "我在蹲坑"}, {"uid": "499131376", "content": "来了"}, {"uid": "529643288", "content": "GET UP！b登！"}, {"uid": "645908228", "content": "爷青回"}, {"uid": "517465496", "content": "？？？？？？？？"}, {"uid": "80559300", "content": "葫芦：对不起我投错胎了"}, {"uid": "690066892", "content": "爷青回"}, {"uid": "430369188", "content": "两小时热乎"}, {"uid": "252417626", "content": "？？？？？"}, {"uid": "492712323", "content": "?????????"}, {"uid": "661832912", "content": "哎"}, {"uid": "16089732", "content": "好家伙"}, {"uid": "431036605", "content": "欸"}, {"uid": "595261864", "content": "哎~"}, {"uid": "604613622", "content": "  A."}, {"uid": "381952063", "content": "你再骂？"}, {"uid": "521590887", "content": "唉唉唉唉唉"}, {"uid": "434966719", "content": "鹿怎么这么短"}, {"uid": "208257320", "content": "真实"}, {"uid": "677972344", "content": "热乎"}, {"uid": "383040819", "content": "一目了然"}, {"uid": "334986850", "content": "？？？？"}, {"uid": "1301775171", "content": "？？？？？"}, {"uid": "509504529", "content": "前方高能"}, {"uid": "314162152", "content": "哈哈哈哈"}, {"uid": "455794785", "content": "草"}, {"uid": "451993256", "content": "好家伙"}, {"uid": "441932293", "content": "《  带  上  它  的  眼 睛  》（doge）"}, {"uid": "552505446", "content": "？？？？？？？"}, {"uid": "413137094", "content": "真"}, {"uid": "523869600", "content": "爷青回"}, {"uid": "434699548", "content": "燃起来了！"}, {"uid": "391896840", "content": "我也要"}, {"uid": "617490670", "content": "11分钟热乎"}, {"uid": "509029221", "content": "12分钟烫"}, {"uid": "1197304243", "content": "爷青回"}, {"uid": "205494163", "content": "一拳超人"}, {"uid": "1234621932", "content": "爷青回"}, {"uid": "439063477", "content": "诶"}, {"uid": "493850814", "content": "@远古黑金"}, {"uid": "107739084", "content": "？？？？？？？"}, {"uid": "289891847", "content": "时间的隙间"}, {"uid": "1504943912", "content": "我TM初二！！！"}, {"uid": "688262810", "content": "菊花开"}, {"uid": "1728017366", "content": "盖亚！！！"}, {"uid": "631493366", "content": "诶"}, {"uid": "33624815", "content": "是我了"}, {"uid": "2125642289", "content": "？？？？？？？"}, {"uid": "350695227", "content": "？？？？"}, {"uid": "500000993", "content": "二向箔"}, {"uid": "140080916", "content": "？？？"}, {"uid": "636033170", "content": "marenol"}, {"uid": "562156961", "content": "？？？？？"}, {"uid": "543789218", "content": "哎～"}, {"uid": "741187997", "content": "白色应战。"}, {"uid": "669560744", "content": "二危画"}, {"uid": "687749198", "content": "骨掌"}, {"uid": "642278926", "content": "妙啊"}, {"uid": "1876707534", "content": "歌者行为"}, {"uid": "372184199", "content": "哎哎哎"}, {"uid": "819020611", "content": "我傻了"}]