[{"uid": "512157930", "content": "此曲只应阴间有，再听已是棺中人"}, {"uid": "508304065", "content": "《从百草园杀到电鹿的头顶》"}, {"uid": "350144757", "content": "封面真的不是本人!是之前有个up闲着没事干随便唱的（可以去搜视频）"}, {"uid": "1440986332", "content": "封面要是本人我把这鹿吃了"}, {"uid": "11553325", "content": "张 牙 舞 爪"}, {"uid": "1564886651", "content": "乌兰图雅：你礼貌吗"}, {"uid": "521800625", "content": "自己人，别开腔"}, {"uid": "501775052", "content": "第 二 根 半 价"}, {"uid": "442985447", "content": "乱 世 佳 鹿"}, {"uid": "670736281", "content": "梦里老师:你想睡着?（doge）"}, {"uid": "1705506717", "content": "哇偶承认自己是小母鹿了"}, {"uid": "456171969", "content": "《乱室佳鹿》"}, {"uid": "538306026", "content": "唱不上去了hhh"}, {"uid": "501775052", "content": "虚  假  传  播"}, {"uid": "501775052", "content": "super 一爹的笑容"}, {"uid": "501775052", "content": "天 赖 之 音"}, {"uid": "1005198688", "content": "《那没事了》"}, {"uid": "401775733", "content": "哈哈哈哈哈哈c扑街"}, {"uid": "354069556", "content": "这里像熊二"}, {"uid": "301569122", "content": "太阴间了（doge）"}, {"uid": "503153248", "content": "草 耳机党爆炸"}, {"uid": "666986005", "content": "封面本人？！让我康康！"}, {"uid": "288207082", "content": "别人灵魂歌手，你灵坟"}, {"uid": "343176884", "content": "烧   鹿   脑"}, {"uid": "454471203", "content": "中考:那我走？"}, {"uid": "562940765", "content": "咬牙切齿"}, {"uid": "229107942", "content": "乱 室 佳 人"}, {"uid": "660613914", "content": "《罗小黄》"}, {"uid": "352064700", "content": "你疯了袍子"}, {"uid": "543187250", "content": "狂喜 给我炸出来了"}, {"uid": "554627418", "content": "老婆你这是承认我对你的爱了吗"}, {"uid": "1344625719", "content": "鹿   的   快   乐"}, {"uid": "1024844871", "content": "封面不是本人！！"}, {"uid": "437073744", "content": "谁让你没画角呢，母鹿(doge)"}, {"uid": "530831745", "content": "热爱熟了的鹿肉（）"}, {"uid": "81271737", "content": "4小时，可以扔岩浆里热热"}, {"uid": "20751398", "content": "草 这真人吓到我了"}, {"uid": "413659422", "content": "“我其实想去制作高质量的视频”"}, {"uid": "397211698", "content": "阴 间 动 画"}, {"uid": "399917638", "content": "@罗小黑@罗小黑"}, {"uid": "523194007", "content": "斯巴达大“草”原！"}, {"uid": "263097296", "content": "澄清石灰水（指正）"}, {"uid": "356160951", "content": "《绝活》"}, {"uid": "508207846", "content": "不懂就问，为什么电鹿后面有一个男人？（doge）"}, {"uid": "407042384", "content": "阴间：我这也没这东西啊"}, {"uid": "441932293", "content": "注：此视频全为电鹿的亲笔手书"}, {"uid": "1319328145", "content": "我建议电鹿板去鬼畜区"}, {"uid": "544264314", "content": "封面不是电鹿本人，简介有原视频"}, {"uid": "2069456916", "content": "大胆妖孽！你把我老婆藏哪了？（doge））"}, {"uid": "522609975", "content": "电鹿：爱我你怕了吗"}, {"uid": "492494711", "content": "绝育手术了解一下"}, {"uid": "470011018", "content": "破音精髓"}, {"uid": "35825595", "content": "super阴间的笑容"}, {"uid": "604139289", "content": "哟，这不杰哥吗（doge）"}, {"uid": "1258896944", "content": "woc，太阴间了"}, {"uid": "628728705", "content": "割以永治"}, {"uid": "692016932", "content": "草，广东人震怒"}, {"uid": "576490378", "content": "电鹿才是熊二的配音员"}, {"uid": "501386787", "content": "真实，罗小黑这个我破防了"}, {"uid": "499255409", "content": "我电脑炸了"}, {"uid": "351110735", "content": "一天亿遍"}, {"uid": "476079739", "content": "小鹿你礼貌吗"}, {"uid": "404513810", "content": "停！突然害怕"}, {"uid": "408580220", "content": "这里去看评论区"}, {"uid": "667639940", "content": "封面并不是电鹿本人！"}, {"uid": "397217359", "content": "双氧水混浊？碳酸钙还是氯化银啊（）"}, {"uid": "1731160862", "content": "哈哈哈电鹿露脸了"}, {"uid": "16747207", "content": "这个破音我爱了"}, {"uid": "501775052", "content": "（电鹿已绝育）"}, {"uid": "508437501", "content": "像驴叫哈哈哈哈哈哈哈"}, {"uid": "604165197", "content": "电鹿要做的不是绝育手术，而是结扎手术（懂？）"}, {"uid": "592129324", "content": "忽然发现电路是只母鹿，没有角了。"}, {"uid": "1005198688", "content": "不曾↑更↑↓改"}, {"uid": "341538146", "content": "《十分精致》"}, {"uid": "363174541", "content": "草差点以为封面是本人……"}, {"uid": "544096829", "content": "广东人秒懂"}, {"uid": "509768979", "content": "草 喊了出来"}, {"uid": "688918829", "content": "原形毕露"}, {"uid": "521042664", "content": "封面不是本人！"}, {"uid": "521042664", "content": "封面不是本人！"}, {"uid": "482542573", "content": "梦幻联动啊草"}, {"uid": "480709040", "content": "英国内饰"}, {"uid": "437073744", "content": "电鹿练出肌肉，就叫“鹿肌”吧"}, {"uid": "437073744", "content": "我现在知道为啥电鹿要找画师画表情包了。这……我在阳间还是在阴间"}, {"uid": "437073744", "content": "我们之所以不承认你帅，因为你受(道出事实)"}, {"uid": "281401713", "content": "好家伙比太阳表面温度还高"}, {"uid": "1528000550", "content": "广东人瞬间明白了"}, {"uid": "646428111", "content": "心脏骤停"}, {"uid": "571702260", "content": "滴滴浑浊的核废水"}, {"uid": "571702260", "content": "滴滴浑浊"}, {"uid": "569869772", "content": "害（公）怕（屏）"}, {"uid": "203578338", "content": "不在鬼畜区就离谱"}, {"uid": "30134262", "content": "我昨天还真梦到我老师了"}, {"uid": "21607271", "content": "1005℃早分解了"}, {"uid": "575380871", "content": "乱室佳鹿"}, {"uid": "518539539", "content": "战术破音"}, {"uid": "621690696", "content": "56分钟我可了"}, {"uid": "638027829", "content": "电鹿露脸了！（指封面）"}, {"uid": "578811932", "content": "要说电路的画画技术"}, {"uid": "28406041", "content": "33分钟还热着！！"}, {"uid": "409373556", "content": "27分钟，我终于出息了些"}, {"uid": "431054333", "content": "《脑袋都比博人传燃》"}, {"uid": "523228731", "content": "25分钟还能吃！"}, {"uid": "513260060", "content": "17分钟我出息了"}, {"uid": "660266875", "content": "好家伙，帧数爆炸"}, {"uid": "453627422", "content": "开始害怕"}, {"uid": "500586256", "content": "我们有硬币了怎么办在线等急"}, {"uid": "480655505", "content": "非   常   精   良"}, {"uid": "85653458", "content": "罗小黑战记！！！哈哈哈"}, {"uid": "492494711", "content": "绝育"}, {"uid": "35825595", "content": "这个音破的漂亮"}, {"uid": "35825595", "content": "不不不，你是最刺眼的"}, {"uid": "177145451", "content": "宝，你喝了多少核废水"}, {"uid": "1960847571", "content": "两分钟！这辈子！"}, {"uid": "455336692", "content": "知道了，电鹿的发型"}, {"uid": "692016932", "content": "谢谢你，我会@他的（）"}, {"uid": "622882449", "content": "封面不是鹿本人！"}, {"uid": "427036798", "content": "哈哈哈哈哈哈哈哈哈哈"}, {"uid": "1357928964", "content": "你的蹄子断了，我的眼瞎了果然我们才是一对儿~"}, {"uid": "520893424", "content": "好家伙，取关了"}, {"uid": "501775052", "content": "造       谣"}, {"uid": "536381229", "content": "封面不是本人"}, {"uid": "1657193625", "content": "你们这算什么有一次我直接梦到学校了"}, {"uid": "1268805363", "content": "“无 鸡 之 谈”"}, {"uid": "1646457926", "content": "非战斗人员请撤离"}, {"uid": "37411763", "content": "鹿，你怎么了鹿"}, {"uid": "171319545", "content": "直接升华！"}, {"uid": "404513810", "content": "哈哈哈哈"}, {"uid": "425425547", "content": "真实@罗小黑战记"}, {"uid": "667639940", "content": "封面不是本人！！！"}, {"uid": "651347766", "content": "罗小黑亿年不更新"}, {"uid": "281242731", "content": "现在上吊还来得及"}, {"uid": "1957241902", "content": "封面来自缩水的云"}, {"uid": "696061829", "content": "我竟然看出了杰哥。"}, {"uid": "701791208", "content": "灵魂画手"}, {"uid": "93611767", "content": "自己人，别开腔"}, {"uid": "178448207", "content": "没气了哈哈哈哈哈"}, {"uid": "2121506888", "content": "原视频是缩水的云"}, {"uid": "765686071", "content": "突然发现电路没有了，鹿角"}, {"uid": "34632637", "content": "拔剑吧 勇士们"}, {"uid": "628095697", "content": "众所周知母鹿没有角，所以，到底是你懒，还是你这个小母鹿"}, {"uid": "212478623", "content": "《翻唱的翻唱》"}, {"uid": "488380980", "content": "你再骂！"}, {"uid": "441448048", "content": "灵魂画手"}, {"uid": "531301601", "content": "用一生治愈这两分钟"}, {"uid": "457198896", "content": "鹿哥牛壁！！！～～～"}, {"uid": "343176884", "content": "你不要过来啊"}, {"uid": "168858694", "content": "封面本人（doge）"}, {"uid": "521042664", "content": "简介原视频！！！"}, {"uid": "352064700", "content": "哈哈哈我刚看完原版"}, {"uid": "358036199", "content": "八月正午的阳呱"}, {"uid": "1887027652", "content": "好帅看到眼睛了"}, {"uid": "250585934", "content": "就算是在大白天卡在这阴间画面爷还是有点害怕"}, {"uid": "2031477473", "content": "刚才那声音像鹿公公"}, {"uid": "702285557", "content": "45秒前"}, {"uid": "161239697", "content": "借你吉言！"}, {"uid": "290589637", "content": "我他妈竟然觉得有点好听"}, {"uid": "11069518", "content": "救命啊，这傻狍子疯了，哈哈哈，你清醒点啊狍子233"}, {"uid": "52858478", "content": "借你吉言"}, {"uid": "497799193", "content": "黄 金 哥 布 林"}, {"uid": "478639494", "content": "3小时，热热还能吃"}, {"uid": "287531446", "content": "电鹿是我老婆！！！（震声）"}, {"uid": "438323108", "content": "一小时热热还能吃"}, {"uid": "7333803", "content": "你不要过来啊！！！！"}, {"uid": "689265205", "content": "出现了！鹿二！"}, {"uid": "490850957", "content": "这个画是为了遮住后面的老婆本人吗"}, {"uid": "490850957", "content": "纯手绘自画像"}, {"uid": "474921730", "content": "36分钟，热热还能吃"}, {"uid": "450207025", "content": "二十五分钟，冻成块了"}, {"uid": "400892354", "content": "出息了"}, {"uid": "441892564", "content": "18分钟，温的"}, {"uid": "357472578", "content": "十八分钟，有生之年"}, {"uid": "59462928", "content": "来了宝"}, {"uid": "470011018", "content": "罗 小 橙"}, {"uid": "511820418", "content": "六分钟我出息了"}, {"uid": "512335668", "content": "肌肉电鹿"}, {"uid": "492494711", "content": "绝育"}, {"uid": "501568358", "content": "5分钟，我出息了"}, {"uid": "608711161", "content": "三分钟啊我出息了！！！"}, {"uid": "286896349", "content": "两分钟，烫手 烫手 "}, {"uid": "234062669", "content": "你不过来啊"}, {"uid": "249083330", "content": "你这样让我们咋承认"}, {"uid": "2096438246", "content": "你嘿老子一跳"}, {"uid": "1440986332", "content": "躲汉子"}, {"uid": "902757730", "content": "Super面筋鹿"}, {"uid": "2780963", "content": "你再骂"}, {"uid": "399758130", "content": "封面好像是缩水的云"}, {"uid": "341461738", "content": "每日一遍"}, {"uid": "380537899", "content": "封面是一个别的up主"}, {"uid": "494917362", "content": "草哈哈哈哈哈哈哈哈"}, {"uid": "281762826", "content": "快打120，小鹿疯了"}, {"uid": "396970033", "content": "卡在了，奇怪的地方。"}, {"uid": "1333215895", "content": "自己人别开腔"}, {"uid": "385361568", "content": "你再骂"}, {"uid": "617293325", "content": "超级傻瓜"}, {"uid": "639149007", "content": "你再骂！"}, {"uid": "350937019", "content": "哈哈哈哈哈哈"}, {"uid": "477148003", "content": "天哪哈哈哈"}, {"uid": "1063875279", "content": "魔鬼画师"}, {"uid": "443323211", "content": "我想报植物名"}, {"uid": "1344576448", "content": "super阴间的笑容"}, {"uid": "38645086", "content": "我昨天梦到了罗小黑。"}, {"uid": "33401376", "content": "苏北爱豆的笑容都没米的甜，"}, {"uid": "22676500", "content": "鸽蛋！"}, {"uid": "245578795", "content": "卧槽百万了"}, {"uid": "508863661", "content": "哈哈哈"}, {"uid": "45555032", "content": "奇行种"}, {"uid": "500984038", "content": "救   我"}, {"uid": "437761281", "content": "哈哈哈哈哈哈哈"}, {"uid": "1408023088", "content": "我丢，冇讲粗口啊"}, {"uid": "480116921", "content": "怎么会这样"}, {"uid": "521042664", "content": "简介原视频！！"}, {"uid": "521042664", "content": "简介原视频！"}, {"uid": "444827062", "content": "哈哈哈哈哈哈"}, {"uid": "1846002380", "content": "待会儿你的鹿角呢"}, {"uid": "24462533", "content": "哈哈哈哈哈"}, {"uid": "26503302", "content": "哈哈哈哈哈哈哈哈哈哈哈"}, {"uid": "310889823", "content": "你再骂"}, {"uid": "1235503664", "content": "害怕"}, {"uid": "514084367", "content": "唯一好听的一句"}, {"uid": "36621229", "content": "哈哈哈哈哈哈哈点名罗小黑"}, {"uid": "629023626", "content": "哈哈哈，罗小黑这周停更"}, {"uid": "480667313", "content": "对٩(๑^o^๑)۶"}, {"uid": "569869772", "content": "欢迎来到——电  鹿  大  草  原"}, {"uid": "94015710", "content": "啵～"}, {"uid": "273377107", "content": "woc，罗小黑被cue"}, {"uid": "604165197", "content": "可爱（滑稽）"}, {"uid": "494458827", "content": "鹿小黑"}, {"uid": "1433682669", "content": "一小时！！"}, {"uid": "364900252", "content": "super idiot草"}, {"uid": "19033898", "content": "灵魂画师"}, {"uid": "526850898", "content": "肌肉猛鹿"}, {"uid": "26053475", "content": "哈哈哈哈哈哈哈哈哈哈"}, {"uid": "496843629", "content": "三十六分钟！"}, {"uid": "80519039", "content": "33分钟出息了"}, {"uid": "1979734601", "content": "32分钟"}, {"uid": "600234051", "content": "来了宝"}, {"uid": "2069456916", "content": "16分钟，还热乎，马上三连"}, {"uid": "675287801", "content": "十四分钟，第一次"}, {"uid": "334986850", "content": "智慧的眼神"}, {"uid": "1541797142", "content": "来了"}, {"uid": "437041906", "content": "12分钟！！！"}, {"uid": "506613766", "content": "十一分钟!"}, {"uid": "29690320", "content": "哈哈哈哈哈哈哈哈哈"}, {"uid": "484492622", "content": "妈妈我出息了！"}, {"uid": "27225231", "content": "几秒.很热"}, {"uid": "504939837", "content": "给你来个绝育"}, {"uid": "572252647", "content": "开幕雷击"}, {"uid": "694935225", "content": "封面叫缩水的云"}, {"uid": "1958575066", "content": "x s w l"}, {"uid": "399917638", "content": "快快更新吧罗小黑！！"}, {"uid": "1422794756", "content": "你再骂？！"}, {"uid": "65059457", "content": "哈哈哈哈哈哈"}, {"uid": "400573255", "content": "哈哈哈哈哈哈哈哈哈"}, {"uid": "432382716", "content": "帅哥是你吗（*/∇＼*）"}, {"uid": "542306389", "content": "封面不是鹿子本人"}, {"uid": "700004695", "content": "？这他喵的是谁？"}, {"uid": "513002901", "content": "你再骂"}, {"uid": "454421468", "content": "哈哈哈"}, {"uid": "674628335", "content": "第二根半价"}, {"uid": "316300764", "content": "哈哈哈哈哈哈哈哈哈哈哈哈"}, {"uid": "784304577", "content": "哈哈哈谢谢你电鹿"}, {"uid": "396284889", "content": "封面不是本人吧"}, {"uid": "404513810", "content": "借你吉言~"}, {"uid": "1173595004", "content": "声音与真人不符"}, {"uid": "568672197", "content": "妈妈，救命！"}, {"uid": "513077371", "content": "鹅鹅鹅"}, {"uid": "412742720", "content": "hhhhhh"}, {"uid": "176664164", "content": "苔草了"}, {"uid": "176664164", "content": "blllllu"}, {"uid": "249121479", "content": "好活"}, {"uid": "1203065561", "content": "该来总会来"}, {"uid": "38645086", "content": "小黑是我老婆！！！"}, {"uid": "1723463430", "content": "太阳表面温度才三千多度好像。。。"}, {"uid": "443994680", "content": "114514粉"}, {"uid": "343176884", "content": "双厨狂喜"}, {"uid": "375205621", "content": "你骂谁"}, {"uid": "373076966", "content": "房债是什么？"}, {"uid": "115199286", "content": "我居然看完了"}, {"uid": "622792480", "content": "借你吉言"}, {"uid": "497816172", "content": "看过原视频"}, {"uid": "646430708", "content": "我他妈是男的不会流口水。"}, {"uid": "565313680", "content": "心脏骤停"}, {"uid": "499443924", "content": "哦吼吼吼"}, {"uid": "508701427", "content": "五小时，爱了"}, {"uid": "234204537", "content": "哈哈哈哈哈"}, {"uid": "290589637", "content": "把草害怕"}, {"uid": "170918034", "content": "害怕"}, {"uid": "412466311", "content": "草"}, {"uid": "21131957", "content": "super什么？？？"}, {"uid": "234046019", "content": "不至于不至于"}, {"uid": "494458827", "content": "都为你吊唁"}, {"uid": "355712544", "content": "？？？！"}, {"uid": "30210768", "content": "？？？"}, {"uid": "580369522", "content": "一小时拿琥珀热热"}, {"uid": "508876200", "content": "来啦"}, {"uid": "673390779", "content": "40分钟"}, {"uid": "512083239", "content": "哈哈哈哈哈哈哈"}, {"uid": "2143544951", "content": "大草"}, {"uid": "1219866069", "content": "33分钟出息了，出息了"}, {"uid": "2143544951", "content": "害怕"}, {"uid": "564607417", "content": "28分钟热乎"}, {"uid": "1641844978", "content": "26分钟噢耶"}, {"uid": "509263605", "content": "13分钟！！！！！！！！！！！！！！！！！！！！！！！！！！！！！！！！"}, {"uid": "217078752", "content": "！！！！！啊啊啊"}, {"uid": "661880755", "content": "8分钟"}, {"uid": "622296442", "content": "Hhhhhhhhc"}, {"uid": "2068855600", "content": "7分钟！！！"}, {"uid": "507972931", "content": "七分钟！！！！！"}, {"uid": "505494323", "content": "5分钟！！！！！"}, {"uid": "15278317", "content": "果然还是来晚了"}, {"uid": "526341011", "content": "6分钟啊啊啊"}, {"uid": "588683838", "content": "五分钟！"}, {"uid": "85653458", "content": "哈哈哈哈哈哈宝藏UP"}, {"uid": "1452430716", "content": "三分钟"}, {"uid": "396087410", "content": "好耶！！"}, {"uid": "1555931149", "content": "封面不是本人"}, {"uid": "1401434713", "content": "我TM谢谢你"}, {"uid": "433977081", "content": "一！"}, {"uid": "269486086", "content": "超高画质"}, {"uid": "453446742", "content": "封面是别人"}, {"uid": "494612207", "content": "无限我老婆！"}, {"uid": "711861052", "content": "我谢谢你"}, {"uid": "865428751", "content": "欢迎回来"}, {"uid": "447496198", "content": "裂开"}, {"uid": "529600954", "content": "H2O2"}, {"uid": "558478126", "content": "炸我出来了"}, {"uid": "609907920", "content": "缩水的云， yup主"}, {"uid": "1657778987", "content": "你再骂！"}, {"uid": "554590932", "content": "鹅鹅鹅鹅鹅"}, {"uid": "500953265", "content": "你再骂?"}, {"uid": "199280646", "content": "快更新！！！"}, {"uid": "455277748", "content": "嘶。。。"}, {"uid": "541776081", "content": "靠"}, {"uid": "35842558", "content": "？？？"}, {"uid": "494738302", "content": "哈哈哈哈哈哈"}, {"uid": "454014306", "content": "谢谢你，电鹿！！！"}, {"uid": "1962757975", "content": "露脸了》"}, {"uid": "16106626", "content": "借你吉言"}, {"uid": "346149384", "content": "我男的，照样流"}, {"uid": "1615953180", "content": "我又三连了"}, {"uid": "1294912610", "content": "梦幻联动"}, {"uid": "1294912610", "content": "戴眼镜！"}, {"uid": "397853066", "content": "？？？"}, {"uid": "526842026", "content": "还挺好听的"}, {"uid": "477810157", "content": "打你哦"}, {"uid": "1568587647", "content": "太鬼畜了吧"}, {"uid": "456830885", "content": "6小时，热热还能吃"}, {"uid": "348402380", "content": "草"}, {"uid": "1846002380", "content": "刚从福岛回来"}, {"uid": "1846002380", "content": "下次一定"}, {"uid": "1497803760", "content": "五小时"}, {"uid": "543849908", "content": "阴间电鹿"}, {"uid": "20431765", "content": "救命"}, {"uid": "258698494", "content": "三小时"}, {"uid": "517318264", "content": "小母鹿"}, {"uid": "487842364", "content": "草"}, {"uid": "401866680", "content": "哈哈哈哈哈"}, {"uid": "569869772", "content": "草"}, {"uid": "523284375", "content": "H"}, {"uid": "399748687", "content": "草"}, {"uid": "1976114227", "content": "啊，这"}, {"uid": "499969279", "content": "你再骂！"}, {"uid": "473566210", "content": "第二根半价"}, {"uid": "510435923", "content": "46分钟"}, {"uid": "1953474463", "content": "但三连了"}, {"uid": "13449404", "content": "草"}, {"uid": "499301386", "content": "草"}, {"uid": "229151521", "content": "松伦"}, {"uid": "2143544951", "content": "太草了"}, {"uid": "2143544951", "content": "32分钟！！！"}, {"uid": "646372490", "content": "烫手"}, {"uid": "495946848", "content": "害怕"}, {"uid": "636265115", "content": "25分钟！！！"}, {"uid": "1381282248", "content": "21分钟。(＾－＾)V"}, {"uid": "1308968091", "content": "22分钟简直烫"}, {"uid": "486341357", "content": "草生了出来"}, {"uid": "1690259669", "content": "12分钟"}, {"uid": "233969753", "content": "借你吉言"}, {"uid": "314875294", "content": "啊啊"}, {"uid": "672650200", "content": "八分钟，凉了"}, {"uid": "604361896", "content": "六分钟"}, {"uid": "498514658", "content": "六分钟热乎"}, {"uid": "621803807", "content": "5分钟！"}, {"uid": "498712477", "content": "1分钟"}, {"uid": "130911510", "content": "刚刚！"}, {"uid": "391619348", "content": "袜！第一！"}, {"uid": "19244990", "content": "????????"}, {"uid": "34333141", "content": "好好笑"}, {"uid": "276222371", "content": "老婆真可爱"}, {"uid": "514302955", "content": "hhh"}, {"uid": "1507934181", "content": "老八狂喜"}, {"uid": "1344410098", "content": "你再骂！"}, {"uid": "433224147", "content": "草"}, {"uid": "430077276", "content": "超级大傻蛋"}, {"uid": "281762826", "content": "哈哈哈哈哈哈哈哈哈哈哈哈哈"}, {"uid": "26197045", "content": "草"}, {"uid": "272348947", "content": "？"}, {"uid": "272348947", "content": "？"}, {"uid": "272348947", "content": "？？？？？"}, {"uid": "651347766", "content": "害怕了"}, {"uid": "651347766", "content": "害怕"}, {"uid": "686194901", "content": "借您吉言"}, {"uid": "100903096", "content": "草"}, {"uid": "100903096", "content": "你再骂"}, {"uid": "1452122241", "content": "阴间"}, {"uid": "176664164", "content": "草"}, {"uid": "30912077", "content": "好活"}, {"uid": "589374597", "content": "鹿肉"}, {"uid": "174556828", "content": "救命"}, {"uid": "379880735", "content": "封面不是吧"}, {"uid": "264360607", "content": "草"}, {"uid": "506291759", "content": "害怕"}, {"uid": "173475316", "content": "什么又是你"}, {"uid": "517424266", "content": "草"}, {"uid": "286458632", "content": "？？？"}, {"uid": "102564676", "content": "guiiiiiiii——"}, {"uid": "418340942", "content": "！！！"}, {"uid": "1615953180", "content": "牛B"}, {"uid": "2099360923", "content": "借你吉言，老婆"}, {"uid": "39883587", "content": "你再骂"}, {"uid": "203198888", "content": "天哪。。。"}, {"uid": "110696362", "content": "你再骂？"}, {"uid": "281343037", "content": "五小时 "}, {"uid": "1301981437", "content": "牛马"}, {"uid": "310889823", "content": "草"}, {"uid": "1071516479", "content": "牛逼"}, {"uid": "496909074", "content": "！"}, {"uid": "669754461", "content": "两小时"}, {"uid": "284021560", "content": "哈哈哈"}, {"uid": "1622726355", "content": "双厨狂喜"}, {"uid": "494458827", "content": "半什么两？"}, {"uid": "448264193", "content": "罗小黑！"}, {"uid": "518539539", "content": "草"}, {"uid": "560183340", "content": "57分钟"}, {"uid": "394081553", "content": "48分钟"}, {"uid": "604014398", "content": "热乎"}, {"uid": "1299389518", "content": "44分钟"}, {"uid": "580526120", "content": "要素过多"}, {"uid": "553397519", "content": "40分钟"}, {"uid": "2143544951", "content": "害怕"}, {"uid": "511210308", "content": "借你吉言"}, {"uid": "494692554", "content": "停更了"}, {"uid": "158429877", "content": "草"}, {"uid": "409986456", "content": "23分钟"}, {"uid": "242558890", "content": "18分钟"}, {"uid": "486341357", "content": "要素过多"}, {"uid": "410184206", "content": "14分钟"}, {"uid": "1300770931", "content": "我出息了"}, {"uid": "197564835", "content": "11分钟热乎"}, {"uid": "690971564", "content": "九分钟ヽ〳 ՞ ᗜ ՞ 〵ง"}, {"uid": "522609975", "content": "电路是我老婆"}, {"uid": "672650200", "content": "(⊙o⊙)哇"}, {"uid": "1679125450", "content": "3分钟！"}, {"uid": "492494711", "content": "绝育"}, {"uid": "413312967", "content": "3分"}, {"uid": "439380659", "content": "2分钟"}, {"uid": "29673690", "content": "你再骂？"}, {"uid": "689768867", "content": "1分钟"}, {"uid": "35825595", "content": "3分钟"}, {"uid": "494158955", "content": "两分钟"}, {"uid": "528063476", "content": "两分钟！"}, {"uid": "563291527", "content": "1分"}, {"uid": "649145333", "content": "好耶"}, {"uid": "1401434713", "content": "绝育"}, {"uid": "506418452", "content": "真人吗？"}, {"uid": "592610530", "content": "建议改为：rua rua rua"}, {"uid": "419270365", "content": "c"}, {"uid": "35007251", "content": "@龙少"}, {"uid": "1894724037", "content": "阴间hh"}, {"uid": "481448621", "content": "。。。。"}, {"uid": "579731515", "content": "？？？"}, {"uid": "865428751", "content": "罗小黄"}, {"uid": "667036777", "content": "哈哈哈"}, {"uid": "613550417", "content": "少喝和废水"}, {"uid": "87179084", "content": "可爱"}, {"uid": "700004695", "content": "封面是你吗？"}, {"uid": "1646457926", "content": "哈哈"}, {"uid": "1646457926", "content": "滴滴乘车的砒霜水"}, {"uid": "431386004", "content": "画质精美"}, {"uid": "497076164", "content": "封面不是本人可以往下滑推荐视频有原视频"}, {"uid": "112843485", "content": "全是感情，毫无技巧"}, {"uid": "651347766", "content": "害怕"}, {"uid": "51028273", "content": "来晚了…"}, {"uid": "513941248", "content": "我要带你去做绝育，你就变成老婆了"}, {"uid": "1238594402", "content": "这是罗小黄"}, {"uid": "554590932", "content": "这个帧"}, {"uid": "1881541999", "content": "牛*"}, {"uid": "423471397", "content": "你再骂"}, {"uid": "543683503", "content": "草"}, {"uid": "1234621932", "content": "救命"}, {"uid": "1343816234", "content": "什么情况"}, {"uid": "1864698216", "content": "没鹿角小母鹿"}, {"uid": "106150680", "content": "草"}, {"uid": "106150680", "content": "我瞎了"}, {"uid": "363264217", "content": "借你吉言"}, {"uid": "1842938908", "content": "在更了"}, {"uid": "520300032", "content": "借你吉言"}, {"uid": "475227204", "content": "草"}, {"uid": "434144516", "content": "挺胖的"}, {"uid": "698471342", "content": "才停更了。"}, {"uid": "699133425", "content": "ht"}, {"uid": "1001705939", "content": "四小时"}, {"uid": "496909074", "content": "害怕"}, {"uid": "1837340561", "content": "你再骂一句"}, {"uid": "2024220063", "content": "2小时"}, {"uid": "1594928196", "content": "哈哈哈哈哈哈哈"}, {"uid": "13923884", "content": "聋了，再见！"}, {"uid": "36086003", "content": "苼"}, {"uid": "36086003", "content": "草"}, {"uid": "250570536", "content": "草"}, {"uid": "548545378", "content": "42分钟"}, {"uid": "675364276", "content": "37分钟凉了。"}, {"uid": "1831062927", "content": "28分钟"}, {"uid": "650967588", "content": "苼"}, {"uid": "557637999", "content": "23分钟"}, {"uid": "486341357", "content": "要素过多 "}, {"uid": "493355783", "content": "刚刚！！！！！！！"}, {"uid": "678636769", "content": "16分钟。"}, {"uid": "2074789847", "content": "比烂片有点阴间"}, {"uid": "442901806", "content": "13分钟"}, {"uid": "685111466", "content": "11分钟！"}, {"uid": "643230593", "content": "热乎"}, {"uid": "522087683", "content": "十分钟"}, {"uid": "326399315", "content": "十分钟"}, {"uid": "517749045", "content": "刚刚"}, {"uid": "110021531", "content": "8分钟"}, {"uid": "94593903", "content": "草"}, {"uid": "470011018", "content": "草"}, {"uid": "471405503", "content": "热乎"}, {"uid": "287319751", "content": "热乎"}, {"uid": "1448957076", "content": "刚刚！"}, {"uid": "2066296935", "content": "刚刚！！！"}, {"uid": "244737532", "content": "前排好耶"}, {"uid": "1369539202", "content": "封面是其他up主"}, {"uid": "249083330", "content": "害怕"}, {"uid": "521293050", "content": "AZ"}, {"uid": "1208626359", "content": "你们梦到的是老师 可为什么我梦到的是一大堆作业呢 "}, {"uid": "1322684136", "content": "电路是我老婆"}, {"uid": "1507934181", "content": "脸是粑粑的野色"}, {"uid": "387245838", "content": "公屏"}, {"uid": "594449280", "content": "马 婷 婷 酒 店 的 快 餐 店 小 哥"}, {"uid": "667036777", "content": "罗小黑哈哈哈"}, {"uid": "385361568", "content": "电鹿是我老婆!!!"}, {"uid": "240578790", "content": "嗨！老婆！"}, {"uid": "1452122241", "content": "草"}, {"uid": "784304577", "content": "哈哈哈哈哈等等idiot你是从哪里冒出了来的？"}, {"uid": "690278997", "content": "封面是原版"}, {"uid": "272348947", "content": "？？？？？？？"}, {"uid": "501927473", "content": "封面不是电鹿，原视频是up缩水的云的《热爱1005度的你》简介有链接"}, {"uid": "1259075377", "content": "草"}, {"uid": "100903096", "content": "？？？"}, {"uid": "499258965", "content": "实在不能昧着良心说话，但……真香"}, {"uid": "499258965", "content": "一言难尽"}, {"uid": "1452122241", "content": "草"}, {"uid": "765686071", "content": "电路没有角诶"}, {"uid": "409597986", "content": "借你吉言"}, {"uid": "1459712", "content": "有点晕"}, {"uid": "176664164", "content": "别骂了"}, {"uid": "478999593", "content": "？"}, {"uid": "38645086", "content": "我要和罗小黑一起做任务～"}, {"uid": "1971655960", "content": "这不就是母的吗"}, {"uid": "503906298", "content": "电鹿是我老婆lalala"}, {"uid": "160165585", "content": "别拿自己人开枪"}, {"uid": "1569829888", "content": "我聋了"}, {"uid": "687311904", "content": "阴间玩意儿"}, {"uid": "34142876", "content": "借你吉言"}, {"uid": "1868061632", "content": "？"}, {"uid": "320938534", "content": "？？？？"}, {"uid": "454471203", "content": "害怕"}, {"uid": "649721606", "content": "精神污染"}, {"uid": "362243188", "content": "精污动画"}, {"uid": "1289303295", "content": "九小时"}, {"uid": "619010000", "content": "离谱"}, {"uid": "475365309", "content": "idiot？你再骂"}, {"uid": "1305647679", "content": "????"}, {"uid": "358746464", "content": "害怕"}, {"uid": "287324684", "content": "idiot？"}, {"uid": "66781562", "content": "阴阳怪气的"}, {"uid": "489466799", "content": "1005°？"}, {"uid": "616894710", "content": "1小时"}, {"uid": "1674944557", "content": "对对，你不帅"}, {"uid": "642938055", "content": "热乎"}, {"uid": "564684547", "content": "1小时"}, {"uid": "436788513", "content": "在？监？拆？懂？"}, {"uid": "488926963", "content": "草"}, {"uid": "1671555055", "content": "Dio哒"}, {"uid": "696120193", "content": "45！"}, {"uid": "96728124", "content": "39分钟"}, {"uid": "1087333395", "content": "众所周知，10000度=100度"}, {"uid": "1428324405", "content": "这玩意也太阴间了"}, {"uid": "330939500", "content": "热乎"}, {"uid": "432903278", "content": "火灵骑士"}, {"uid": "486341357", "content": "草"}, {"uid": "1790401496", "content": "草"}, {"uid": "1300770931", "content": "13分钟"}, {"uid": "524351598", "content": "电鹿先辈"}, {"uid": "519958640", "content": "罗小黑？"}, {"uid": "477810157", "content": "1005播放了……"}, {"uid": "700461396", "content": "2分钟！"}]