[{"uid": "518286966", "content": "我家衣柜动了我不玩了"}, {"uid": "524374847", "content": "被电鹿的叫声吓到了"}, {"uid": "1972450076", "content": "欢迎来到对抗路（bushi）"}, {"uid": "474330900", "content": "哈哈哈哈哈哈哈"}, {"uid": "501028204", "content": "别忘了有敌人的（汗）"}, {"uid": "519325423", "content": "耳机党当场阵亡"}, {"uid": "1186370583", "content": "很[好玩]亿点也不[恐怖]"}, {"uid": "192658065", "content": "太感人了，失踪人口回归"}, {"uid": "1573836514", "content": "这才是我真正的逃跑路线"}, {"uid": "440697467", "content": "你吼辣么大声干什么嘛！"}, {"uid": "425359682", "content": "同志，大伊万"}, {"uid": "473388418", "content": "这台摩托车应该是大牛"}, {"uid": "663111909", "content": "救救孩子吧！"}, {"uid": "93414387", "content": "你惊扰了witch"}, {"uid": "438992148", "content": "《瘟暖》"}, {"uid": "2097679527", "content": "针不戳"}, {"uid": "12854926", "content": "叫唤（指电鹿的惊吓"}, {"uid": "442070059", "content": "凤源啊不是，电鹿别跑，冲着摩托车来"}, {"uid": "1958575066", "content": "你吼辣么大声干什么嘛！"}, {"uid": "412673664", "content": "《真·电鹿》"}, {"uid": "517766175", "content": "我刚洗完头 "}, {"uid": "693408871", "content": "声波武器"}, {"uid": "536985371", "content": "尸体：我从没见过这么无理的要求！"}, {"uid": "479396945", "content": "你吼辣么大声干什么嘛！"}, {"uid": "510234945", "content": "我的耳朵:你很礼貌"}, {"uid": "517674384", "content": "教导主任"}, {"uid": "1486337973", "content": "语言指导：逍遥散人"}, {"uid": "649656879", "content": "没错，你卡了"}, {"uid": "514103703", "content": "不是刀客塔就是爱德华（不是）"}, {"uid": "602373524", "content": "厕所专用广告doge"}, {"uid": "441955794", "content": "看这笑容我就猜着接下来肯定有npc出现"}, {"uid": "2017086897", "content": "非静止画面"}, {"uid": "499131376", "content": "吓得我只给了一个硬币"}, {"uid": "486224107", "content": "电鹿你也知道自己吼的大声啊"}, {"uid": "327360939", "content": "《很赔》"}, {"uid": "637710111", "content": "光~"}, {"uid": "637710111", "content": "没被游戏吓到，魂被你吓飞"}, {"uid": "28312636", "content": "失踪人口回归"}, {"uid": "624746925", "content": "《果然长得太帅也是一种烦恼》"}, {"uid": "1419239186", "content": "那一声吼吓到我了。"}, {"uid": "569996000", "content": "危·耳朵·危"}, {"uid": "523194007", "content": "终于承认了是终于肯承认了"}, {"uid": "543916006", "content": "你吼辣么大声干什么嘛！"}, {"uid": "525245402", "content": "红色高能君持续为您服务"}, {"uid": "588950649", "content": "好耶！"}, {"uid": "35667684", "content": "高~中"}, {"uid": "19033898", "content": "高级餐厅 "}, {"uid": "414088917", "content": "我以为我没电了……"}, {"uid": "294750341", "content": "失踪人口回国"}, {"uid": "353133238", "content": "你后那么大声干什么！"}, {"uid": "353133238", "content": "直接我靠"}, {"uid": "263175214", "content": "我还以为我妈又打电话过来查岗了"}, {"uid": "1847356762", "content": "《可爱 》"}, {"uid": "1847356762", "content": "危"}, {"uid": "670387350", "content": "吓我一跳"}, {"uid": "398589013", "content": "全程被电鹿吓"}, {"uid": "2037129012", "content": "《 甜 蜜 之 家 》"}, {"uid": "21606232", "content": "敌人会被火锅吸引"}, {"uid": "569996000", "content": "《英 雄 救 鹿》"}, {"uid": "485868489", "content": "吓我一跳"}, {"uid": "602315577", "content": "一天全冷了"}, {"uid": "521553993", "content": "\"可爱\"的学校"}, {"uid": "361029693", "content": "要去异世界了么[doge/]"}, {"uid": "372092517", "content": "好新鲜！"}, {"uid": "670736281", "content": "我也想和宋老师一样，把这只受鹿抓走（doge）"}, {"uid": "631888952", "content": "这个声音，信使石锤"}, {"uid": "630062916", "content": "太可爱了(≧3≦)"}, {"uid": "617258708", "content": "《姐 姐 我 可 以》"}, {"uid": "444427851", "content": "电鹿老婆说英语我能听亿遍"}, {"uid": "1317864092", "content": "两小时凉了"}, {"uid": "630062916", "content": "是你！刀 客 塔！(误)"}, {"uid": "630062916", "content": "刀 客 塔"}, {"uid": "259135037", "content": "《金牌自我认证》"}, {"uid": "486970752", "content": "好耶"}, {"uid": "2025381139", "content": "20个小时"}, {"uid": "514312470", "content": "你以后更吓我一跳"}, {"uid": "651700078", "content": "老师来检查作业了（dog）"}, {"uid": "356832340", "content": "淦，没被画面吓到，被你叫声吓了个大激灵"}, {"uid": "1656881475", "content": "非常“可爱”的游戏"}, {"uid": "1246080733", "content": "《八 鹿 军》"}, {"uid": "342059239", "content": "宋老师:那我走？"}, {"uid": "745841042", "content": "电鹿变成了声波"}, {"uid": "745841042", "content": "终于更新了"}, {"uid": "413242257", "content": "我还以为我手机卡了"}, {"uid": "413242257", "content": "好耶，我来了"}, {"uid": "418220825", "content": "无情铁手"}, {"uid": "528575606", "content": "《尝逝》"}, {"uid": "589896227", "content": "三联：联俄、联共、扶助农工"}, {"uid": "443677626", "content": "游戏名“恐怖小鹿”"}, {"uid": "51028273", "content": "4小时又被冻住"}, {"uid": "470507390", "content": "我靠，我手机飞出去了"}, {"uid": "1649137081", "content": "八小时用大伊万炸炸还能吃"}, {"uid": "1512449985", "content": "八小时用大伊万炸炸还能吃"}, {"uid": "628804351", "content": "《当电灯泡》"}, {"uid": "498831467", "content": "耳机右声道爆炸"}, {"uid": "154591332", "content": "《猛男》"}, {"uid": "588766019", "content": "六小时，放燃烧瓶里还能吃"}, {"uid": "457227193", "content": "众所周知，比游戏恐怖是实况主们的传统艺能"}, {"uid": "1752588109", "content": "在现场"}, {"uid": "686194901", "content": "英雄救美"}, {"uid": "548978497", "content": "心肺骤停"}, {"uid": "686194901", "content": "鬼：就差一点！！！"}, {"uid": "435484988", "content": "刀 客 塔"}, {"uid": "686194901", "content": "哇这个学校真的“好可爱啊”"}, {"uid": "686194901", "content": "一句我靠脱口而出"}, {"uid": "149137443", "content": "被电鹿吓了一跳"}, {"uid": "686194901", "content": "《不会吓我们的》"}, {"uid": "521526504", "content": "这都能迫害团长"}, {"uid": "593956760", "content": "都变柱男了！（bushi）"}, {"uid": "637687915", "content": "是修特罗海姆（雾）"}, {"uid": "83209121", "content": "卡其脱离太，！莫呐莫呐一！！"}, {"uid": "482703245", "content": "好耶！"}, {"uid": "623091621", "content": "《猛男才不会叫呢》"}, {"uid": "504646512", "content": "女主咋一直瞳孔地震"}, {"uid": "457250448", "content": "哇哦"}, {"uid": "1311532490", "content": "天堂？"}, {"uid": "21899786", "content": "五小时……扔进岩浆里烫一烫"}, {"uid": "431916623", "content": "被女主吓到可还行"}, {"uid": "689914838", "content": "吓得不轻啊！"}, {"uid": "446193819", "content": "我以为我卡了"}, {"uid": "192521441", "content": "大——————危——————"}, {"uid": "678193832", "content": "《搞手》"}, {"uid": "1553555478", "content": "吓我一跳，刚才"}, {"uid": "591125121", "content": "《别呀姐姐~》"}, {"uid": "591125121", "content": "《好奇小鹿》"}, {"uid": "591125121", "content": "这鹿好可爱"}, {"uid": "442412795", "content": "我以为我手机没电了"}, {"uid": "1229875498", "content": "班主任（doge）"}, {"uid": "604014398", "content": "在现场"}, {"uid": "667866861", "content": "新概念温暖"}, {"uid": "910203600", "content": "《猛男》"}, {"uid": "667866861", "content": "全程都是被电鹿吓到的"}, {"uid": "480316212", "content": "哈哈哈哈哈哈哈突然被吓到"}, {"uid": "1431226303", "content": "两小时好耶！"}, {"uid": "910203600", "content": "亲（物理）"}, {"uid": "910203600", "content": "电鹿你清醒一点啊喂"}, {"uid": "698551438", "content": "一小时，好耶"}, {"uid": "910203600", "content": "你脸红个泡泡茶壶呀喂"}, {"uid": "480316212", "content": "你吼…怎么抢我话呢！"}, {"uid": "401866680", "content": "他永远不会堵车~"}, {"uid": "401866680", "content": "？你干嘛！！"}, {"uid": "401866680", "content": "我来证明你电脑（手机）没事"}, {"uid": "26060721", "content": "发型指导:神座出流"}, {"uid": "2089162098", "content": "截屏"}, {"uid": "667071561", "content": "同学：你礼貌吗"}, {"uid": "60139626", "content": "一个小时了，还能抢救"}, {"uid": "667071561", "content": "全部都是直播录像"}, {"uid": "1457052351", "content": "团长，你在干什么呀，团长(指门旁边的)"}, {"uid": "482143965", "content": "一小时，放岩浆烫烫"}, {"uid": "400902853", "content": "《黄   鹿》"}, {"uid": "1930257935", "content": "一小时，扔岩浆里热热还能吃"}, {"uid": "616515516", "content": "英雄救美"}, {"uid": "616515516", "content": "我还以为要梅开二度"}, {"uid": "1262645435", "content": "一小时，还行"}, {"uid": "325691836", "content": "《猛  男》"}, {"uid": "514746950", "content": "哈哈"}, {"uid": "457198896", "content": "《绝 对 不 叫》"}, {"uid": "25836202", "content": "饿了么骑手（？）"}, {"uid": "1091037817", "content": "我以为我卡了"}, {"uid": "34331214", "content": "rua"}, {"uid": "496213578", "content": "海澜之家，男人的衣柜"}, {"uid": "1408655540", "content": "那天她变成了光"}, {"uid": "361095924", "content": "电鹿太可爱了哈哈哈哈哈哈哈"}, {"uid": "408340214", "content": "然后就是追逐战(ovo)"}, {"uid": "560516202", "content": "恐怖得堪比耗子尾汁【doge】"}, {"uid": "642656025", "content": "危"}, {"uid": "2240046", "content": "哇昏迷"}, {"uid": "408340214", "content": "《挠我挠我》"}, {"uid": "484190567", "content": "我只是个路过的假面骑士"}, {"uid": "92587376", "content": "人群中突然冒出个光头"}, {"uid": "519046152", "content": "1小时诶，已经枯萎了"}, {"uid": "1002609378", "content": "游戏吓不到我你到把我吓到了"}, {"uid": "408340214", "content": "吓人的是你啊喂！！！"}, {"uid": "448526869", "content": "《见多识广》"}, {"uid": "29918424", "content": "连着两部担当追逐战boss:宋老师"}, {"uid": "396628181", "content": "我只是个路过的假面骑士，给我记好了！"}, {"uid": "1253754361", "content": "《保 护》"}, {"uid": "1968686225", "content": "三连了"}, {"uid": "393876572", "content": "别说了我就是那个帅哥"}, {"uid": "1997011818", "content": "喜欢"}, {"uid": "510454835", "content": "开柜门突然出去吓他一跳"}, {"uid": "412960275", "content": "品如的衣柜"}, {"uid": "1942748448", "content": "老师来收拾逃课的学生了"}, {"uid": "489665628", "content": "草，吓爷一跳"}, {"uid": "436788513", "content": "《甜蜜家园》"}, {"uid": "543784730", "content": "烫爪"}, {"uid": "690195852", "content": "我柜子动了我不玩了"}, {"uid": "602888948", "content": "在我们看不见的地方，绝对有无数遍的重来 "}, {"uid": "605455670", "content": "《挠  我》"}, {"uid": "588738018", "content": "32分钟！赶紧放放电饭锅里再煲一会"}, {"uid": "131361270", "content": "诶，就是玩儿♂"}, {"uid": "675158025", "content": "《不会吓我们》"}, {"uid": "675158025", "content": "《不吓唬》"}, {"uid": "572099097", "content": "明明是你在吓我啊啊啊啊"}, {"uid": "675158025", "content": "耳机党当场阵亡"}, {"uid": "348811426", "content": "被狍子吓到.png"}, {"uid": "675158025", "content": "耳机党当场阵亡"}, {"uid": "498831467", "content": "保护我（指一把利刃突然刺穿了心脏）"}, {"uid": "519836122", "content": "《 可 碍 》"}, {"uid": "522280434", "content": "《宋 老 师 真 好》"}, {"uid": "673792005", "content": "前方微大音量和笑脸高能"}, {"uid": "409552033", "content": "一直被电鹿给吓到了"}, {"uid": "526850898", "content": "被鹿哥吓着了"}, {"uid": "485682961", "content": "我以为我真卡了"}, {"uid": "675558827", "content": "《可爱》"}, {"uid": "514084367", "content": "柜妃"}, {"uid": "602969391", "content": "《可爱》"}, {"uid": "513116575", "content": "《真       好》"}, {"uid": "1579763850", "content": "狍子的表情→→→→→→"}, {"uid": "494274339", "content": "这个表情我爱了→"}, {"uid": "675558827", "content": "我用的是手机"}, {"uid": "1076855568", "content": "终于更了"}, {"uid": "602969391", "content": "《感到温暖》"}, {"uid": "294639299", "content": "希望之花姿势（这都能迫害）"}, {"uid": "518345993", "content": "我柜子动了，我不玩了"}, {"uid": "420892126", "content": "终于承认自己是一只小母鹿了"}, {"uid": "474330900", "content": "危"}, {"uid": "1936248770", "content": "耳机党在次阵亡"}, {"uid": "1936248770", "content": "耳机党当场阵亡"}, {"uid": "500052963", "content": "吓我"}, {"uid": "1033359480", "content": "《好可爱》"}, {"uid": "23384635", "content": "好可爱哈哈哈"}, {"uid": "23384635", "content": "哈哈哈哈哈哈哈哈哈"}, {"uid": "23384635", "content": "危"}, {"uid": "23384635", "content": "好可爱哈哈哈"}, {"uid": "625879539", "content": "奥尔加（幻视）"}, {"uid": "1629089834", "content": "!"}, {"uid": "578061841", "content": "电鹿吓我一跳"}, {"uid": "578061841", "content": "吓我一跳"}, {"uid": "1850030849", "content": "危"}, {"uid": "1490514885", "content": "被追击+120"}, {"uid": "696788305", "content": "哈哈哈"}, {"uid": "544026815", "content": "《可爱》"}, {"uid": "697727612", "content": "小碎步"}, {"uid": "649656879", "content": "前方高能，务必调小音量（特指耳机党）"}, {"uid": "609631446", "content": "《可爱》"}, {"uid": "688441126", "content": "《可爱》"}, {"uid": "121002856", "content": "核蔼的老师"}, {"uid": "497034560", "content": "吓我一跳"}, {"uid": "651345406", "content": "躺着看手机掉脸上了啊，币拿去当医药费罢了（Doge）"}, {"uid": "536985371", "content": "我听到了：欧耶！"}, {"uid": "1006540799", "content": "危"}, {"uid": "474885196", "content": "被电鹿吓了一跳"}, {"uid": "1247987058", "content": "哇你，你哄那么大声干嘛嘛"}, {"uid": "628469934", "content": "猛男狍子"}, {"uid": "437989512", "content": "真人：我熟"}, {"uid": "20983921", "content": "指耳膜血"}, {"uid": "404957598", "content": "我姓宋，是美术老师，wc"}, {"uid": "1294469084", "content": "《真好》"}, {"uid": "1035433445", "content": "耳机党请注意"}, {"uid": "2028745890", "content": "以为真卡了"}, {"uid": "531251237", "content": "《宋老师真好》"}, {"uid": "1453197367", "content": "游戏没吓到我，你吓到我了 "}, {"uid": "123514437", "content": "说实话，电鹿刚刚那一下差点把我送走"}, {"uid": "1840671258", "content": "这是宋老师最真诚的心态，后期直接不当人了。"}, {"uid": "379880735", "content": "《猛男》"}, {"uid": "495005219", "content": "我以为我卡了"}, {"uid": "457322394", "content": "你吼辣么大声干什么啦！"}, {"uid": "1058172238", "content": "我还以为我真卡了"}, {"uid": "433970336", "content": "咿♂呀"}, {"uid": "433970336", "content": "你很勇♂哦"}, {"uid": "349948816", "content": "我没被游戏吓到就被你吓到了"}, {"uid": "517369285", "content": "雾草吓我一跳"}, {"uid": "602533105", "content": "这也能迫害团长"}, {"uid": "1923943660", "content": "相比电鹿这个一点也不吓人（doge）"}, {"uid": "353133238", "content": "哈哈哈哈哈"}, {"uid": "401160103", "content": "我靠，给我吓的"}, {"uid": "1848519852", "content": "危"}, {"uid": "1177329960", "content": "都变成肌肉金轮了(doge)"}, {"uid": "26068468", "content": "耳机党阵亡"}, {"uid": "555972957", "content": "团～～长～～"}, {"uid": "566802034", "content": "我还以为我卡了。"}, {"uid": "630062916", "content": "《他》"}, {"uid": "1405924340", "content": "鹿哥，真有。"}, {"uid": "2107613712", "content": "一会宋老师抓电鹿回去写作业（狗头）"}, {"uid": "1234807594", "content": "宋老师:小鹿，催更"}, {"uid": "479228812", "content": "点赞过三万应该没说投币吧，又可以光明正大的白嫖了"}, {"uid": "1921441100", "content": "电鹿太可爱了吧！"}, {"uid": "631523045", "content": "草全程都是被电鹿吓到的"}, {"uid": "527452475", "content": "小鹿好可爱！uuuu"}, {"uid": "807782017", "content": "19小时用核弹炸一炸也可以吃"}, {"uid": "1246080733", "content": "《鹿 食 传 说》"}, {"uid": "179295140", "content": "草，吓我一跳"}, {"uid": "470302169", "content": "我以为我卡了"}, {"uid": "745841042", "content": "你吼辣么大声干什么哇"}, {"uid": "1012257544", "content": "钱包！！！！？？？？妙啊"}, {"uid": "610588721", "content": "西内（幻听）"}, {"uid": "493708127", "content": "吓得我直接起飞"}, {"uid": "703201501", "content": "《猛男》"}, {"uid": "703201501", "content": "危"}, {"uid": "34681178", "content": "我耳朵啊"}, {"uid": "451513512", "content": "爱心瞳孔可不是什么好事呀宝友（doge）"}, {"uid": "686194901", "content": "你会让我们感到落尸！！！！"}, {"uid": "1188923841", "content": "日常迫害团长"}, {"uid": "1818792557", "content": "震惊电鹿一百年"}, {"uid": "494917362", "content": "哈哈哈哈哈哈哈哈"}, {"uid": "667866861", "content": "我以为我卡了"}, {"uid": "478831111", "content": "好耶"}, {"uid": "1910827215", "content": "《真好》"}, {"uid": "313185510", "content": "草吓得我手机都掉了"}, {"uid": "604014398", "content": "吓我一跳"}, {"uid": "480316212", "content": "高手"}, {"uid": "910203600", "content": "危"}, {"uid": "910203600", "content": "成功前必有补刀"}, {"uid": "477209880", "content": "草又吓一跳"}, {"uid": "1852141324", "content": "《猛 男》"}, {"uid": "2146337327", "content": "草，我以为我卡了"}, {"uid": "490837293", "content": "吓我一跳"}, {"uid": "1289349983", "content": "心疼哥哥"}, {"uid": "662745212", "content": "1时"}, {"uid": "677912666", "content": "高手"}, {"uid": "560516202", "content": "柜子里面还能躲人？？？？"}, {"uid": "486056956", "content": "突然鬼畜"}, {"uid": "1386617754", "content": "《可 爱》"}, {"uid": "1408655540", "content": "没错温暖到二级烫伤"}, {"uid": "507217548", "content": "胆小鹿"}, {"uid": "1002609378", "content": "这电脑不能要了"}, {"uid": "462420047", "content": "救命啊这一喊人没了"}, {"uid": "462420047", "content": "靠！吓一下"}, {"uid": "292606909", "content": "吓我一跳"}, {"uid": "319748915", "content": "我耳朵给整出血了"}, {"uid": "319748915", "content": "我耳朵给整出血了"}, {"uid": "1997011818", "content": "好耶"}, {"uid": "478600806", "content": "这里面的老师好像拿了个斧子"}, {"uid": "436788513", "content": "面球思过的那个我笑拉了"}, {"uid": "1575241648", "content": "好可爱www"}, {"uid": "696089255", "content": "明示投币"}, {"uid": "549603141", "content": "哈哈哈哈"}, {"uid": "456178976", "content": "高手"}, {"uid": "1571480725", "content": "不要不要让叫声停下来"}, {"uid": "1505590507", "content": "在现场"}, {"uid": "670736281", "content": "弗兰西斯-培根:你礼貌吗"}, {"uid": "576490378", "content": "电路得吓我一跳"}, {"uid": "517584836", "content": "危"}, {"uid": "1754065062", "content": "直播的时候更吓人"}, {"uid": "628344596", "content": "我以为我真卡了"}, {"uid": "1123147664", "content": "危"}, {"uid": "2044727615", "content": "危"}, {"uid": "2044727615", "content": "危"}, {"uid": "474330900", "content": "哈哈哈哈哈哈哈哈哈哈"}, {"uid": "501028204", "content": "梅开二度"}, {"uid": "522869218", "content": "把我吓一跳"}, {"uid": "500052963", "content": "哈哈"}, {"uid": "1369539202", "content": "《猛男》"}, {"uid": "543379250", "content": "鹿哥喜提鬼屋"}, {"uid": "1629089834", "content": "跑的越远越好 "}, {"uid": "1505590507", "content": "在现场"}, {"uid": "598309156", "content": "危"}, {"uid": "436715782", "content": "你好啊酵母路"}, {"uid": "1162676887", "content": "♂啊♂"}, {"uid": "1850030849", "content": "危"}, {"uid": "1850030849", "content": "啊"}, {"uid": "626716320", "content": "吓我一跳"}, {"uid": "1897590876", "content": "吓我一跳"}, {"uid": "663111909", "content": "呜呜呜"}, {"uid": "697727612", "content": "厕所的回忆"}, {"uid": "482462287", "content": "吓我一跳"}, {"uid": "697707436", "content": "我差点就走了"}, {"uid": "521949443", "content": "谢谢高能君"}, {"uid": "1660568619", "content": "未响应"}, {"uid": "423703404", "content": "我还以为我卡了"}, {"uid": "400706581", "content": "吓我一跳"}, {"uid": "473899802", "content": "懂了，主角就是美杜莎（狗头）"}, {"uid": "1521543167", "content": "你吼辣么大森干什么嘛！！"}, {"uid": "2028745890", "content": "真好～"}, {"uid": "675757086", "content": "《可爱》"}, {"uid": "174117571", "content": "耳机党当场阵亡"}, {"uid": "1204444974", "content": "危"}, {"uid": "354403058", "content": "哈哈哈哈哈哈哈哈哈哈哈哈"}, {"uid": "670736281", "content": "右上角诚不欺我"}, {"uid": "605036372", "content": "吓我一跳"}, {"uid": "20127134", "content": "有被吓到"}, {"uid": "1777575284", "content": "你吼辣么大声干什么啊"}, {"uid": "389831847", "content": "温暖"}, {"uid": "486072156", "content": "勇敢鹿鹿不怕困难"}, {"uid": "630827078", "content": "？真可爱"}, {"uid": "488063025", "content": "我还以为我卡了"}, {"uid": "506482318", "content": "吓我一跳卧槽"}, {"uid": "494393704", "content": "非暂停画面 "}, {"uid": "631523045", "content": "海默.肖恩（幻视）"}, {"uid": "616269024", "content": "萌男电鹿"}, {"uid": "698342155", "content": "刀客塔永远的神！！！！"}, {"uid": "10909297", "content": "大劈雷吓我一跳"}, {"uid": "237624209", "content": "吓我一跳"}, {"uid": "21772156", "content": "这和《昏迷》是一样的吧"}, {"uid": "470302169", "content": "哈哈哈哈哈哈哈哈哈哈哈"}, {"uid": "745841042", "content": "中场雷击"}, {"uid": "703201501", "content": "《可爱》"}, {"uid": "1847062", "content": "吓我一跳"}, {"uid": "438714052", "content": "吓我一跳"}, {"uid": "686194901", "content": "高手！"}, {"uid": "686194901", "content": "哦战争怒吼"}, {"uid": "489241882", "content": "《勇敢》"}, {"uid": "620505162", "content": "耶！！！"}, {"uid": "494917362", "content": "危"}, {"uid": "678193832", "content": "《懵男》"}, {"uid": "576490378", "content": "太猛了"}, {"uid": "1553555478", "content": "危"}, {"uid": "480316212", "content": "哈哈哈哈哈哈"}, {"uid": "431599029", "content": "吓我一跳"}, {"uid": "1306357857", "content": "《可爱》"}, {"uid": "1852141324", "content": "《可爱》"}, {"uid": "1564022287", "content": "危"}, {"uid": "1872235128", "content": "可爱"}, {"uid": "671908103", "content": "瞬间变脸"}, {"uid": "1288418831", "content": "拿碗"}, {"uid": "495679179", "content": "吓我一跳"}, {"uid": "1615953180", "content": "啊啊啊"}, {"uid": "462420047", "content": "美娜危"}, {"uid": "649463696", "content": "吓我一跳"}, {"uid": "672515316", "content": "哈哈哈哈哈哈哈哈哈哈哈"}, {"uid": "82623044", "content": "哈哈哈哈哈哈哈哈哈"}, {"uid": "197538419", "content": "高叟"}, {"uid": "71809390", "content": "hhhhh"}, {"uid": "1707755994", "content": "欢迎（物理）"}, {"uid": "477022704", "content": "危"}, {"uid": "491454118", "content": "危"}, {"uid": "474330900", "content": "危"}, {"uid": "522869218", "content": "吓我一跳"}, {"uid": "2125605671", "content": "吓我一跳"}, {"uid": "513954282", "content": "请助手"}, {"uid": "606671622", "content": "耳机党已阵亡"}, {"uid": "1704539949", "content": "吓我一跳"}, {"uid": "2120231847", "content": "哈哈哈哈"}, {"uid": "1289303295", "content": "危"}, {"uid": "678361703", "content": "门被锁：你礼貌吗"}, {"uid": "401523580", "content": "危"}, {"uid": "1405924340", "content": "对不起，我没有币了。"}, {"uid": "401523580", "content": "吓我一跳"}, {"uid": "417055925", "content": "千钧一发"}, {"uid": "1902087325", "content": "哈哈哈哈哈"}, {"uid": "1902087325", "content": "233333"}, {"uid": "1406262681", "content": "危"}, {"uid": "1156863673", "content": "吓我一跳"}, {"uid": "686194901", "content": "危危危！！！"}, {"uid": "494917362", "content": "哈哈哈哈哈哈哈哈"}, {"uid": "630790851", "content": "何方道友在此渡劫"}, {"uid": "630790851", "content": "吓我一跳"}, {"uid": "278952228", "content": "哈哈哈哈哈"}, {"uid": "495679179", "content": "吓我一跳"}, {"uid": "1537663509", "content": "吓我一跳"}, {"uid": "513817551", "content": "高手"}, {"uid": "1791090734", "content": "有被吓到"}, {"uid": "527496819", "content": "危"}, {"uid": "547513866", "content": "危"}, {"uid": "165800883", "content": "危"}, {"uid": "536985371", "content": "所以是四楼吗？"}, {"uid": "413128214", "content": "不给三连了"}, {"uid": "11750586", "content": "这游戏好像烟火啊！"}, {"uid": "558272218", "content": "哈哈哈哈哈"}, {"uid": "425595897", "content": "三楼厕所到西楼"}, {"uid": "1318025058", "content": "？？？？？"}, {"uid": "1449733264", "content": "hhhhhh"}, {"uid": "687946475", "content": "危"}, {"uid": "1656881475", "content": "危"}, {"uid": "1656881475", "content": "危"}, {"uid": "1872235128", "content": "好哦"}, {"uid": "412714115", "content": "傻狍子，快跑啊！"}, {"uid": "412714115", "content": "全程看右下角"}, {"uid": "412714115", "content": "母鹿"}, {"uid": "343919595", "content": "你吼辣么大声干嘛嘛"}, {"uid": "518286966", "content": "把恐惧化为笑声的某人（axchara）"}, {"uid": "518286966", "content": "我 不 会 吓 你 们"}, {"uid": "98810394", "content": "请问一二三四是谁"}, {"uid": "1978032297", "content": "明明是我只会心疼giegie"}, {"uid": "1978032297", "content": "我以为我卡了"}, {"uid": "627184795", "content": "假  面  骑  士  帝  骑《bu shi》"}, {"uid": "1671934521", "content": "好大的衣服"}, {"uid": "510089079", "content": "一点"}, {"uid": "557598122", "content": "卧槽吓我一跳"}, {"uid": "612016285", "content": "giao一一一一"}, {"uid": "1857335492", "content": "前方高能"}, {"uid": "1857335492", "content": "为什么我在GOGO上有而Steam没有？？"}, {"uid": "196892298", "content": "睾手"}, {"uid": "196892298", "content": "他叫赔钱货"}, {"uid": "646924678", "content": "叫♂唤"}, {"uid": "1038051833", "content": "团长！！！！！！！！！！"}, {"uid": "431928083", "content": "你吼那麼大聲幹什麼嘛"}, {"uid": "437258637", "content": "这给搞得很像就那挨着小镇的缝合怪啊"}, {"uid": "694138792", "content": "记住这句话"}, {"uid": "688463010", "content": "氪癌"}, {"uid": "435443450", "content": "你吼辣么大声干嘛！"}, {"uid": "1153238428", "content": "希望之花"}, {"uid": "64310156", "content": "一听到韩语就光想笑。。。"}, {"uid": "2044727615", "content": "前方高能"}, {"uid": "1463100166", "content": "老子上去就一个滑铲"}, {"uid": "301441305", "content": "硬熊登场老Doinb了"}, {"uid": "1958575066", "content": "淦！！！！！"}, {"uid": "1958575066", "content": "wdnmd（我带你们打）"}, {"uid": "588781709", "content": "你终于承认了。"}, {"uid": "526049888", "content": "草草，被你吓到了，你吼辣么大声干什么"}, {"uid": "401867626", "content": "+"}, {"uid": "494904973", "content": "窝嫩叠"}, {"uid": "474330900", "content": "喊小声点 吓到我了hhhhh"}, {"uid": "394400408", "content": "终于承认了，什么时候把你和观众老爷订婚的事官宣？（"}, {"uid": "33589013", "content": "操"}, {"uid": "1956361803", "content": "这不是昏迷吗 "}, {"uid": "189264650", "content": "？？？？"}, {"uid": "1987997384", "content": "游戏没有把我吓到倒是被电鹿吓到了"}, {"uid": "1422092355", "content": "都变哲♂学家了"}, {"uid": "683295036", "content": "是指****的事吗？"}, {"uid": "440624537", "content": "对"}, {"uid": "96252126", "content": "xswl"}, {"uid": "22377284", "content": "cao"}, {"uid": "89024779", "content": "把肺看成心脏可还行"}, {"uid": "89024779", "content": "草"}, {"uid": "629410402", "content": "前方巨能"}, {"uid": "629410402", "content": "前方高能"}, {"uid": "629410402", "content": "前方高能"}, {"uid": "1588683460", "content": " ajlsmsksosmakksoamaoamkaaka"}, {"uid": "1791303259", "content": "有点像站着上厕所是什么鬼"}, {"uid": "628910033", "content": "高能军快上岗，我害怕！！！"}, {"uid": "1266602134", "content": "他是母鹿"}, {"uid": "1266602134", "content": "这"}, {"uid": "1380144783", "content": "〈柯哀〉"}, {"uid": "1380144783", "content": "〈瘟渜〉"}, {"uid": "455336692", "content": "三联？？"}, {"uid": "455336692", "content": "她，好大"}, {"uid": "522869218", "content": "别叫"}, {"uid": "522869218", "content": "大惊小怪"}, {"uid": "450078839", "content": "欢迎来到----白天永远刷不到系列"}, {"uid": "1322503325", "content": "好奇小母鹿在线教你玩恐游"}, {"uid": "500052963", "content": "？"}, {"uid": "500052963", "content": "弹幕大军呢"}, {"uid": "1077257870", "content": "前方核能"}, {"uid": "500052963", "content": "弹幕别停"}, {"uid": "500052963", "content": "弹幕别停"}, {"uid": "500052963", "content": "？"}, {"uid": "1252556666", "content": "小提琴家？"}, {"uid": "1369539202", "content": "小母鹿"}, {"uid": "552334104", "content": "小提琴家是你么?!!"}, {"uid": "552334104", "content": "第五玩家表示丝毫不慌,甚至十分激动(嚣张)"}, {"uid": "221593461", "content": "杀手宋夫"}, {"uid": "1213904419", "content": "电鹿好可爱啊"}, {"uid": "3468426", "content": "电路竟然想让我们挠它的毛毛"}, {"uid": "3468426", "content": "感到瘟疫"}, {"uid": "503220717", "content": "失踪人口回归"}, {"uid": "474425508", "content": "不喜欢，你太吓人了"}, {"uid": "474425508", "content": "你更吓人啊！"}, {"uid": "23384635", "content": "哪里可爱了啊喂"}, {"uid": "377944080", "content": "一头的护心毛 "}, {"uid": "377944080", "content": "过来玩"}, {"uid": "646082474", "content": "你吼那么大声干什么嘛？！耳机党当场去世"}, {"uid": "515235195", "content": "铁驭安德森"}, {"uid": "243787300", "content": "鹿的第一次"}, {"uid": "1373426328", "content": "........."}, {"uid": "1373426328", "content": "."}, {"uid": "340808725", "content": "头给你们卸喽"}, {"uid": "1393570288", "content": "最后五秒你们觉得谁拖更最厉害月影Vs电路"}, {"uid": "693751652", "content": "茄子:wdnmd"}, {"uid": "693751652", "content": "awsl"}, {"uid": "671294918", "content": "可癌"}, {"uid": "1814207835", "content": "我害怕鬼，但鬼未伤我分毫，我不害怕电鹿，但电鹿却将我伤的遍体鳞伤"}, {"uid": "634740056", "content": "小母鹿"}, {"uid": "584868860", "content": "又一只白夜被一罪与百善征♂服了"}, {"uid": "644790352", "content": "看孩子笑的多开心阿"}, {"uid": "88281012", "content": "wryyyyyyyyyyyyyyyyyyyyyyyyyyyyyyyy"}, {"uid": "1338211065", "content": "《氪癌》"}, {"uid": "1338211065", "content": "《氪癌》"}, {"uid": "694222752", "content": "wryyy！"}, {"uid": "488333004", "content": "团长！！！！！"}, {"uid": "671297491", "content": "一无所有！（无端联想）"}, {"uid": "2082176428", "content": "弹幕护体"}, {"uid": "471728373", "content": "监狱里玩游戏的xie鹿"}, {"uid": "480070590", "content": "传下去，电鹿是弱女子（doge）"}, {"uid": "394031068", "content": "不要停下来啊立体版"}, {"uid": "598309156", "content": "我有2个"}, {"uid": "1442037537", "content": "耳机党去世"}, {"uid": "598309156", "content": "去去去"}, {"uid": "667779761", "content": "爱之小镇"}, {"uid": "561910596", "content": "WC你吼那么大声干嘛"}, {"uid": "1585517588", "content": "考虑出系列吗？"}, {"uid": "26547057", "content": "吔！！！！！"}, {"uid": "1162676887", "content": "你自己说的"}, {"uid": "1162676887", "content": "♂累♂坏♂了♂"}, {"uid": "1162676887", "content": "耳机党去世"}, {"uid": "578061841", "content": "小母鹿"}, {"uid": "620567459", "content": "危"}, {"uid": "688391104", "content": "吓到我了小鹿"}, {"uid": "1850030849", "content": "弹幕的"}, {"uid": "1850030849", "content": "前方核能三重紧急预警"}, {"uid": "1850030849", "content": "高能预警"}, {"uid": "1850030849", "content": "前方核能三重"}, {"uid": "1850030849", "content": "V"}, {"uid": "1850030849", "content": "还真以为我卡了"}, {"uid": "1850030849", "content": "阿银早啊"}, {"uid": "1850030849", "content": "你吼辣么大声干什么嘛"}, {"uid": "526070389", "content": "安东尼奥是你吗？"}, {"uid": "1490514885", "content": "逃脱追击+102"}, {"uid": "696788305", "content": "f$&$"}, {"uid": "1915034588", "content": "《  可  癌  》"}, {"uid": "2078349950", "content": "wryyyyyyyy"}, {"uid": "526694690", "content": "你吼辣么大声干什么嘛"}, {"uid": "362847099", "content": "世贤高中"}, {"uid": "1897590876", "content": "你吼辣么大声干什么嘛"}, {"uid": "126910147", "content": "你吼那么大声做什么啊"}, {"uid": "450511658", "content": "没错你卡了"}, {"uid": "1967290022", "content": "你开弹幕了"}, {"uid": "661897808", "content": "还我耳朵"}, {"uid": "663111909", "content": "危 电鹿 危"}, {"uid": "663111909", "content": "弹幕大军保佑"}, {"uid": "663111909", "content": "坚强"}, {"uid": "663111909", "content": "兄弟们把坚强打在公屏上"}, {"uid": "663111909", "content": "弹幕大军出来保佑！"}, {"uid": "604817789", "content": "勇敢鹿鹿，不怕困难(dogs)"}, {"uid": "521215343", "content": "gie~gie"}, {"uid": "382945190", "content": "逝化睾盅"}, {"uid": "544026815", "content": "富江"}, {"uid": "1517337297", "content": "直播间前来考古"}, {"uid": "1308504734", "content": "小提琴家"}, {"uid": "1308504734", "content": " 安东尼奥"}, {"uid": "405286240", "content": "你吼辣么大声干什么吗"}, {"uid": "1659903894", "content": "coma出第二季了？赶紧去玩"}, {"uid": "1676922863", "content": "你吼那么大声干什么 "}, {"uid": "1676922863", "content": "你吼那么大声干什么 "}, {"uid": "624746925", "content": "你吼那么大声干什么嘛"}, {"uid": "438992148", "content": "《猛男》（指小女子）"}, {"uid": "621663149", "content": "危"}, {"uid": "1362436687", "content": "体育老师（dog）"}, {"uid": "612429026", "content": "wc，鹿是双吗"}, {"uid": "1011708559", "content": "我手机差点飞出去"}, {"uid": "118624898", "content": "没错，你卡了"}, {"uid": "241823548", "content": "好可爱啊~"}, {"uid": "697727612", "content": "真可爱呀真可爱"}, {"uid": "697727612", "content": "高能预警"}, {"uid": "697727612", "content": "前方高能预警"}, {"uid": "697727612", "content": "感觉后面又出一个鬼脸"}, {"uid": "697727612", "content": "晴空霹雳"}, {"uid": "443994680", "content": "hi老婆"}, {"uid": "2097679527", "content": "去世高中（doge）"}, {"uid": "30417051", "content": "电鹿玩coma了！双厨狂喜"}, {"uid": "1603679979", "content": "前方高能预警"}, {"uid": "1603679979", "content": "前方高能预警"}, {"uid": "484490528", "content": "真大真白"}, {"uid": "12854926", "content": "“希望之花”"}, {"uid": "651760771", "content": "这尼玛!耳机党差点耳聋!"}, {"uid": "522819520", "content": "I wanna 后遗症"}, {"uid": "602147103", "content": "老婆，你真可爱"}, {"uid": "515238196", "content": "你吼辣么大声干嘛"}, {"uid": "515238196", "content": "你吼辣么大声干嘛"}, {"uid": "515238196", "content": "你吼辣么大声干嘛"}, {"uid": "515238196", "content": "你吼辣么大声干什么嘛"}, {"uid": "1311601482", "content": "真的吗？我不信唉-"}, {"uid": "1311601482", "content": "茄子上身"}, {"uid": "695271256", "content": "  可   爱"}, {"uid": "419307699", "content": "老婆"}, {"uid": "479792050", "content": "《人》"}, {"uid": "1958575066", "content": "团长？"}, {"uid": "1958575066", "content": "淦！！！"}, {"uid": "1449386733", "content": "出柜了！！！！"}, {"uid": "509013551", "content": "刀客塔！"}, {"uid": "1428473102", "content": "昏迷2"}, {"uid": "793912614", "content": "你终于承认你是小母鹿了。"}, {"uid": "366010086", "content": "《痾癌》"}, {"uid": "1480156663", "content": "我只是一个路过的假面骑士，给我记住了"}, {"uid": "412673664", "content": "C"}, {"uid": "412673664", "content": "我的耳朵怀孕了"}, {"uid": "524008539", "content": "我的高能君在哪"}, {"uid": "517766175", "content": "性感美女教师 "}, {"uid": "517343353", "content": "好耶！在现场！"}, {"uid": "85892857", "content": "agito！"}, {"uid": "403299959", "content": "吓人的是你啊"}, {"uid": "626933027", "content": "语音指导   茄子"}, {"uid": "626933027", "content": "你吼辣么大声干什么嘛？"}, {"uid": "1949634434", "content": "我呀"}, {"uid": "1949634434", "content": "是谁在唱歌，骑着烂摩托……"}, {"uid": "1949634434", "content": "八月正午的阳光，都没你耀眼"}, {"uid": "1949634434", "content": "我手机"}, {"uid": "1804182889", "content": "有谁是没看脸的，在弹幕里发个1呗。"}, {"uid": "1804182889", "content": "这不比博人转燃？啊，我是说他的嗓子。"}, {"uid": "512934947", "content": "呵呵哈哈哈或"}, {"uid": "121002856", "content": "终于长角了"}, {"uid": "121002856", "content": "突然，厕所当中，钻出一个八酱"}, {"uid": "515533455", "content": "空   心   人"}, {"uid": "693408871", "content": "吔？"}, {"uid": "693408871", "content": "吔"}, {"uid": "689773647", "content": "想倒立洗头，却不幸变成鬼神鬼的up主"}, {"uid": "536985371", "content": "它是白眼睛"}, {"uid": "536985371", "content": "好奇小母鹿"}, {"uid": "520323520", "content": "前方高能"}, {"uid": "65317477", "content": "啊啊啊啊啊啊啊啊啊啊"}, {"uid": "477889209", "content": "出手机版了，玩过玩到一半就卸载了"}, {"uid": "453595894", "content": "你好短"}, {"uid": "1173347659", "content": "电鹿的被窝真的很暖和。"}, {"uid": "551348950", "content": "现在我只能看字幕了"}, {"uid": "33445207", "content": "娘的，吓老子一跳"}, {"uid": "598586339", "content": "直播的时候我记得……"}, {"uid": "598586339", "content": "我是外放啊……"}, {"uid": "646195638", "content": "前方高能"}, {"uid": "698854646", "content": "一万年了，终于更新了"}, {"uid": "1310326911", "content": "弹幕护体"}, {"uid": "523081515", "content": "wryyyyyyyyyyyyyyyyyyyyyyyyyyyy"}, {"uid": "523081515", "content": "刚来，请问右下角这个是游戏boss吗"}, {"uid": "446941649", "content": "游戏没吓到我，被傻狍子吓到了"}, {"uid": "33250691", "content": "某幻也做过去年好像"}, {"uid": "512375370", "content": "*****"}, {"uid": "512375370", "content": "***********"}, {"uid": "433487088", "content": "来了宝贝~"}, {"uid": "432716860", "content": "有人吗"}, {"uid": "432716860", "content": "有夜猫子吗？"}, {"uid": "647510423", "content": "没了睡意"}, {"uid": "1665707332", "content": "老婆真可爱"}, {"uid": "571319947", "content": "电鹿终于承认自己是母的了（dog）"}, {"uid": "571319947", "content": "5小时了放进核心再吃"}, {"uid": "423703404", "content": "危危危危危危危危"}, {"uid": "423703404", "content": "色黄鹿"}, {"uid": "603582754", "content": "蓝色电鹿高能君上线(电鹿的高能)"}, {"uid": "315943211", "content": "前方核能注意音量"}, {"uid": "400814569", "content": "弹幕护体"}, {"uid": "400706581", "content": "吓得我虎躯一震"}, {"uid": "305921344", "content": "地鸣艾伦"}, {"uid": "2078427930", "content": "没错你卡了"}, {"uid": "622375602", "content": "犽之谷啥时候弄好"}, {"uid": "562258121", "content": "giao！！！！！"}, {"uid": "265730215", "content": "手的位置？？？"}, {"uid": "544551514", "content": "我是蓝色高能君，前方出现高能，请调整音量"}, {"uid": "501691259", "content": "卧槽"}, {"uid": "1247987058", "content": "WC，电鹿竟然是女的"}, {"uid": "702826714", "content": "不要停下来"}, {"uid": "123826583", "content": "弹幕掩护."}, {"uid": "590628847", "content": "弹幕笑趴我了"}, {"uid": "1352724030", "content": "什么温暖呀真是的"}, {"uid": "1352724030", "content": "照完吗"}, {"uid": "1352724030", "content": "建路好玩吗"}, {"uid": "487078142", "content": "真·倒吊男"}, {"uid": "33770063", "content": "高能预警"}, {"uid": "680333217", "content": "迪迦！"}, {"uid": "680333217", "content": "这不是玩意儿"}, {"uid": "431799402", "content": "刀客塔（幻视"}, {"uid": "526582436", "content": "我老婆————————》"}, {"uid": "382278518", "content": "a"}, {"uid": "83064023", "content": "好大！"}, {"uid": "1146020283", "content": "自知之明"}, {"uid": "501090010", "content": "wryyyyyyyyyyyyyyyyyyy!"}, {"uid": "402048074", "content": "你有毒我带着耳机还多快没了"}, {"uid": "444953051", "content": "今晚睡不着了"}, {"uid": "473899802", "content": "前方高能"}, {"uid": "473899802", "content": "《心是口非》"}, {"uid": "702048790", "content": "一个疑问（前三都有谁）"}, {"uid": "596918105", "content": "五歌玩过！贼拉恐怖"}, {"uid": "360353393", "content": " 宠 物"}, {"uid": "512157930", "content": "你的情书被丢了"}, {"uid": "606670611", "content": "安 东 尼 奥"}, {"uid": "367079131", "content": "马的，前面那些小场面你能吓一跳，这你怎么就不喊了？？"}, {"uid": "471305040", "content": "瘟  暖"}, {"uid": "1038578273", "content": "我的发"}, {"uid": "1038578273", "content": "耳机党爆毙"}, {"uid": "627862912", "content": "勇敢牛牛不怕困难"}, {"uid": "476103271", "content": "别信小高能真的很可怕，建议调小音量食用"}, {"uid": "354069556", "content": "不过只是类似梦境，并非真的梦境"}, {"uid": "232392936", "content": "不说了，我耳膜出血了"}, {"uid": "1066242338", "content": "你的声音变了啊"}, {"uid": "634544467", "content": "你不叫的话我是不会吓到的"}, {"uid": "634544467", "content": "高能君在吗"}, {"uid": "1547606664", "content": "变成福瑞控"}, {"uid": "2110325564", "content": "jiejie"}, {"uid": "1587425097", "content": "我也没币了"}, {"uid": "355049416", "content": "那个帅哥就是我"}, {"uid": "209254742", "content": "团长（幻视）"}, {"uid": "1294469084", "content": "《可   爱   的   学   校》"}, {"uid": "1294469084", "content": "鹿哥    危"}, {"uid": "1280483981", "content": "八嘎鸭鹿"}, {"uid": "599945252", "content": "狍子的肉垫香不香啊？？？"}, {"uid": "599945252", "content": "众所周知鹿是长肉垫的"}, {"uid": "599945252", "content": "《一块黄鹿板》"}, {"uid": "2028745890", "content": "氪癌"}, {"uid": "2028745890", "content": "你叫一下比老师更吓人啊"}, {"uid": "473286948", "content": "她叫《培根》？？"}, {"uid": "2028745890", "content": "瘟暖"}, {"uid": "599945252", "content": "高能预警"}, {"uid": "599945252", "content": "低能预警"}, {"uid": "2028745890", "content": "你自己也很吓人!"}, {"uid": "473286948", "content": "换个电鹿板"}, {"uid": "599945252", "content": "高能预警"}, {"uid": "599945252", "content": "高能预警"}, {"uid": "517058122", "content": "电路板终于回归正题"}, {"uid": "1145949583", "content": "第五人格后遗症"}, {"uid": "547032600", "content": "1分钟！！！！！！"}, {"uid": "607967246", "content": "水加长黑头发，妈耶，这是贞子啊"}, {"uid": "2096572698", "content": "小母鹿"}, {"uid": "637710111", "content": "？你怎么走的"}, {"uid": "637710111", "content": "？"}, {"uid": "637710111", "content": "你把我吓得当场去世"}, {"uid": "485235002", "content": "我手动了，不看了"}, {"uid": "28312636", "content": "72小时莫洛托夫燃烧瓶热热还能吃"}, {"uid": "531251237", "content": "圣 光"}, {"uid": "481932953", "content": "炸弹人怀特"}, {"uid": "481932953", "content": "温暖到让全球变暖"}, {"uid": "2120231847", "content": "我觉得小鹿的梦想破灭了。"}, {"uid": "1295897029", "content": "(滑稽)我的头像"}, {"uid": "2120231847", "content": "什么东西？"}, {"uid": "1840671258", "content": "你在想桃子吃要知道这可是第一关，让你逃出去，人家鬼岂不是很没面子。"}, {"uid": "1840671258", "content": "好家伙，这才发现，好像在抽风那里看过，而且好像20年就完结了。"}, {"uid": "569996000", "content": "傻 孩 子 快 跑 ！"}, {"uid": "504523373", "content": "女厕"}, {"uid": "504523373", "content": "进女厕"}, {"uid": "1874689801", "content": "就只是叫一声?"}, {"uid": "602166644", "content": "Witch？"}, {"uid": "499131376", "content": "又他母亲的吓我一跳"}, {"uid": "455899636", "content": "声音……好像韩美娟……（我不对劲）"}, {"uid": "596411058", "content": "*****"}, {"uid": "518539539", "content": "结界结界"}, {"uid": "518539539", "content": "砸瓦鲁多"}, {"uid": "518539539", "content": "充满了牙白的气息"}, {"uid": "908727125", "content": "虚晃一枪"}, {"uid": "2023328727", "content": " 原作：石森章太郎"}, {"uid": "454511614", "content": "卧槽啊啊啊你辣么大声干嘛！！！！！！！！！！"}, {"uid": "486006835", "content": "妈呀，我直接原地去世了"}, {"uid": "379880735", "content": "你吼辣么大声干什么嘛"}, {"uid": "673792005", "content": "请求高能君提醒、"}, {"uid": "472048403", "content": "cao！黑我一跳"}, {"uid": "472048403", "content": "cao"}, {"uid": "1857776118", "content": "听我的，0.5倍速"}, {"uid": "520882735", "content": "我是喰种！"}, {"uid": "520882735", "content": "哦洗海带哟~"}, {"uid": "497620961", "content": "你吼辣么大声干嘛"}, {"uid": "433970336", "content": "gie gie～"}, {"uid": "433970336", "content": "送老师"}, {"uid": "525245402", "content": "前方高能"}, {"uid": "525245402", "content": "红色高能君发送弹幕频率过快"}, {"uid": "606739903", "content": "小提琴家"}, {"uid": "525245402", "content": "前方高能"}, {"uid": "648136662", "content": "«磕碍»"}, {"uid": "646475054", "content": "这时候开着眼光灯的亚极陀闪亮登场。"}, {"uid": "495715603", "content": "不一定是普通的水，说不定是破了"}, {"uid": "38645086", "content": "第一怂是谁？"}, {"uid": "441604282", "content": "？？？"}, {"uid": "694195686", "content": "前方大叫注意调小音量"}, {"uid": "496816769", "content": "耳机党当场去世"}, {"uid": "479306514", "content": "我不信"}, {"uid": "479306514", "content": "是你叫的那声吓到我的"}, {"uid": "675757086", "content": "亿分钟核弹炸炸还能吃。"}, {"uid": "128384838", "content": "有2个人，莫非是……替身攻击！"}, {"uid": "1289303295", "content": "wryyyyyyyyyyyyyyyyyy"}, {"uid": "492505130", "content": "假面骑士灵车没毛病"}, {"uid": "1852325675", "content": "我以为我真卡了。"}, {"uid": "2014477778", "content": "小母鹿"}, {"uid": "1219782996", "content": "٩( ᐖ )۶"}, {"uid": "404569462", "content": "鹿哥吓我一跳"}, {"uid": "602533105", "content": "这娃子终于承认她是母鹿了"}, {"uid": "431723826", "content": "我一看更新了很快啊就进来三连了"}, {"uid": "1923943660", "content": "不敢看电鹿了"}, {"uid": "34871311", "content": "是你吗！刀客塔！"}, {"uid": "1923943660", "content": "诶呀别这样"}, {"uid": "1923943660", "content": "故意的c"}, {"uid": "107188260", "content": "假面骑士亚极托"}, {"uid": "107188260", "content": "这游戏原来是宋老师，主角不是男的吗？"}, {"uid": "452962906", "content": "wryyyyyyyyyyyyyyy"}, {"uid": "174117571", "content": "谁卡了？我这手机才用几个月嘤嘤嘤"}, {"uid": "539943660", "content": "你吼辣么大声干什么"}, {"uid": "353133238", "content": "弹幕呢！！？？"}, {"uid": "353133238", "content": "？？我卡了"}, {"uid": "1936271439", "content": "wwryyyyyyyyyyyyyyyyyyyyyyyyyyyyyyyyyyyyyyyyyyyyyyyyyyyyyyyyyyyyyyyyyyyyyyyyyyy！！！！"}, {"uid": "375278274", "content": "书的什么页，想你的页（doge）"}, {"uid": "1847356762", "content": "电鹿下出白眼了 "}, {"uid": "263175214", "content": "不不不我们不害怕其实我们是来看你害怕的"}, {"uid": "1847356762", "content": "哎妈，真香"}, {"uid": "1847356762", "content": "甜蜜家园 ？"}, {"uid": "1847356762", "content": "好像有危险的气息 "}, {"uid": "399800354", "content": "原著：石森章太郎"}, {"uid": "1847356762", "content": "见如此那下期去玩一下那个午夜帕克吧"}, {"uid": "1847356762", "content": "滴沙雕卡 "}, {"uid": "1847356762", "content": "这电脑是真不能要了 "}, {"uid": "1847356762", "content": "我还以为我真卡了 "}, {"uid": "1847356762", "content": "你这步伐是跟Sans学的吧 "}, {"uid": "1847356762", "content": "要不是刚才那波差点就信了 "}, {"uid": "1847356762", "content": "女老八"}, {"uid": "1847356762", "content": "你终于承认了 "}, {"uid": "1847356762", "content": "终于更新了点正常的，之前还整个，你爱我，我爱你 "}, {"uid": "625586290", "content": "宋老师会干。。。不要告诉电鹿"}, {"uid": "291650001", "content": "屠杀之舞"}, {"uid": "625586290", "content": "你吼辣么大干什么"}, {"uid": "621484040", "content": "花子"}, {"uid": "487907161", "content": "淦"}, {"uid": "670387350", "content": "啊啊"}, {"uid": "398589013", "content": "我的宠物→"}, {"uid": "38158341", "content": "只要有弹幕就觉得有人在身边"}, {"uid": "1960048737", "content": "袒  露  胸  膛"}, {"uid": "450714956", "content": "希望鹿哥可以把兽设借我借鉴一下"}, {"uid": "109664523", "content": "全程看右下角"}, {"uid": "487907161", "content": "草"}, {"uid": "487907161", "content": "你大爷"}, {"uid": "661897808", "content": "请调小音量！"}, {"uid": "2088069334", "content": "品如的衣柜"}, {"uid": "1148113672", "content": "：（：（：（：（"}, {"uid": "550981297", "content": "前方高能 突然变身"}, {"uid": "661897808", "content": "前方请调小音响"}, {"uid": "179905786", "content": "这姿势，是团长"}, {"uid": "485868489", "content": "♂"}, {"uid": "501738764", "content": "下我一跳"}, {"uid": "569996000", "content": "昨天的…冷了"}, {"uid": "30110483", "content": "我觉得你更阴间"}, {"uid": "30110483", "content": "哈哈哈哈哈哈哈你才是鬼吧"}, {"uid": "608753378", "content": "我爱给电鹿的视频三连！(大声加已三连)"}, {"uid": "430721250", "content": "我的宠物☞"}, {"uid": "471026106", "content": "封面是进击的巨人"}, {"uid": "521631634", "content": "小提琴家"}, {"uid": "346082160", "content": "Super Ido的笑容都没你的甜～～"}, {"uid": "519619097", "content": "我用的w10（doge)"}, {"uid": "33736303", "content": "就是我！！！！！！！！！！！"}, {"uid": "673364709", "content": "吔———————"}, {"uid": "626805530", "content": "一条弹幕"}, {"uid": "330052885", "content": "虎躯一震！"}, {"uid": "470473005", "content": "哈哈哈哈，有点好笑"}, {"uid": "489497247", "content": "鸭---------"}, {"uid": "567417187", "content": "在现场"}, {"uid": "564347613", "content": "giao"}, {"uid": "439688985", "content": "勇敢鹿鹿，不怕困难"}, {"uid": "616910847", "content": "草"}, {"uid": "496677517", "content": "前方高能！"}, {"uid": "8730420", "content": "up又比游戏吓人系列"}, {"uid": "8730420", "content": "你叫那么大声干嘛啦！"}, {"uid": "483537790", "content": "下次一定"}, {"uid": "704808090", "content": "《亲》"}, {"uid": "704808090", "content": "《可以》"}, {"uid": "476419072", "content": "你们没发现那个骑手是女的吗？"}, {"uid": "319159954", "content": "自己给自己封的吗"}, {"uid": "670736281", "content": "逐渐茄化"}, {"uid": "675533998", "content": "小 女 生"}, {"uid": "578396429", "content": "逝华高中"}, {"uid": "1360742892", "content": "8.3万  好耶"}, {"uid": "26068468", "content": "刚才尼玛是鬼步舞吗"}, {"uid": "122553678", "content": "你最恐怖"}, {"uid": "298423394", "content": "最吓人不是你吗"}, {"uid": "1311532490", "content": "逝华高中"}, {"uid": "1430368619", "content": "你吓到我了"}, {"uid": "375563076", "content": "现在你吓我晚上我吓你"}, {"uid": "20127134", "content": "害怕"}, {"uid": "524385597", "content": "你吼那么大声干什么？"}, {"uid": "515238196", "content": "你吼这么大声干什么？"}, {"uid": "500949054", "content": "小 提 琴 家"}, {"uid": "481586780", "content": "我害怕鬼，但是鬼未伤我分毫，我不害怕鹿，但是鹿却把我吓得。。。。"}, {"uid": "481586780", "content": "小母鹿"}, {"uid": "591507734", "content": "嗑碍"}, {"uid": "1217545193", "content": "24小时，不知道味道好不好"}, {"uid": "2143544951", "content": "黄狍子"}, {"uid": "470881264", "content": "氪碍"}, {"uid": "547031545", "content": "Woc 老师声音戳我（）"}, {"uid": "430370458", "content": "我老婆→"}, {"uid": "479519130", "content": "你吼辣么大声干什么嘛"}, {"uid": "520291606", "content": "氪 癌"}, {"uid": "630062916", "content": "前方高萌\\(//∇//)\\"}, {"uid": "630062916", "content": "前方音量调低"}, {"uid": "645969682", "content": "开柜门 存档 duang 啊风预再见（doge）"}, {"uid": "630062916", "content": "前方音量调低"}, {"uid": "630062916", "content": "前方音量调低"}, {"uid": "630062916", "content": "懂了，电鹿承认她是母鹿了"}, {"uid": "630062916", "content": "前方音量高能调低"}, {"uid": "501457604", "content": "。。。"}, {"uid": "372145146", "content": "感到尸落"}, {"uid": "163674791", "content": "先点赞，后观看"}, {"uid": "1052229697", "content": "你和木鱼在一起。不知道是什么奇怪的景象"}, {"uid": "219407897", "content": "放屁，已经吓了我三次了"}, {"uid": "177706949", "content": "？"}, {"uid": "666821121", "content": "二十三小时凉了"}, {"uid": "2107613712", "content": "宋老师呢？"}, {"uid": "1297883485", "content": "下饭"}, {"uid": "182006653", "content": "你吼辣么大声干什么嘛"}, {"uid": "1594603047", "content": "你吼辣么大声干什么嘛"}, {"uid": "456297389", "content": "你吼那么大声干嘛"}, {"uid": "440945003", "content": "不，你更吓人"}, {"uid": "587346544", "content": "安 东 尼 奥"}, {"uid": "1921441100", "content": "好爱鹿哥的声音！好软！"}, {"uid": "631523045", "content": "所以……不要停下来啊……"}, {"uid": "435144004", "content": "小母鹿"}, {"uid": "1650647706", "content": "电鹿你没逝吧？"}, {"uid": "520310021", "content": "宋老师吧"}, {"uid": "1973042585", "content": "前方高能 请调小音量 "}, {"uid": "1902087325", "content": "狍子"}, {"uid": "1902087325", "content": "傻狍子"}, {"uid": "1985305614", "content": "我害怕鬼，但鬼未伤我分毫，我不害怕人，但人把我伤的遍体鳞伤 "}, {"uid": "551305777", "content": "前方高能"}, {"uid": "551305777", "content": "前方高能，"}, {"uid": "531420814", "content": "我被你吓了一跳"}, {"uid": "551305777", "content": "前方高能，调小音量"}, {"uid": "675036459", "content": "刀客塔(迫真）"}, {"uid": "289974519", "content": "刚才给我整抽搐了"}, {"uid": "289974519", "content": "危"}, {"uid": "289974519", "content": "危"}, {"uid": "10909297", "content": "他叫he～tui"}, {"uid": "382105489", "content": "好好好，抱紧抱紧，不怕不怕"}, {"uid": "521177322", "content": "猎杀者既视感"}, {"uid": "1656881475", "content": "注意看电鹿>"}, {"uid": "47522218", "content": "十三小时凉了"}, {"uid": "1656881475", "content": "美驴来了"}, {"uid": "1656881475", "content": "草"}, {"uid": "86727884", "content": "万年13小时"}, {"uid": "522516694", "content": "她的蛋白质是牛肉的五倍↓"}, {"uid": "237624209", "content": "你吼辣么大声干什么嘛"}, {"uid": "1938165052", "content": "我觉得游戏还没有你吓人-_-||"}, {"uid": "699906654", "content": "亚美蝶"}, {"uid": "498050916", "content": "美团"}, {"uid": "699906654", "content": "千空直呼内行"}, {"uid": "2006926204", "content": "wryyyyyyyyyyyyyyyyyyyyyy！！！"}, {"uid": "1429426766", "content": "我手机蓝屏了（bushi）"}, {"uid": "1429426766", "content": "团-长-"}, {"uid": "2006926204", "content": "还好我没开全屏，不然就信了"}, {"uid": "1429426766", "content": "草"}, {"uid": "2006926204", "content": "所以说，不要停下来啊！"}, {"uid": "543287402", "content": "。。。"}, {"uid": "137006635", "content": "hso"}, {"uid": "84401326", "content": "在现场"}, {"uid": "1229592384", "content": "十二个小时"}, {"uid": "1388812359", "content": "？？？？？？？？？"}, {"uid": "501049594", "content": "都进不去了"}, {"uid": "1448370632", "content": "注意，你没卡啊。"}, {"uid": "1374349192", "content": "我证明电鹿是猛男，我们这些看小马宝莉的都是猛男"}, {"uid": "507678399", "content": "注意注意前方调小音量"}, {"uid": "429732813", "content": "11小时 不能吃了w"}, {"uid": "700736932", "content": "《 嗑 癌 》"}, {"uid": "651347766", "content": "是公鹿来了（dege）"}, {"uid": "673357888", "content": "手机都掉了，淦"}, {"uid": "141475411", "content": "希望之花～～～"}, {"uid": "141475411", "content": "所以…不要停下来啊！"}, {"uid": "29591783", "content": "谢谢你"}, {"uid": "418220825", "content": "鬼 火 少 年"}, {"uid": "285471822", "content": "他叫金山找"}, {"uid": "602659956", "content": "我直接 hi老婆"}, {"uid": "694443695", "content": "前三怂是谁呢？"}, {"uid": "229845113", "content": "9小时"}, {"uid": "1548094531", "content": "眼睛都快闪没了"}, {"uid": "1075390227", "content": "九小时"}, {"uid": "1075390227", "content": "九小时"}, {"uid": "8429431", "content": "?"}, {"uid": "697897754", "content": "前方高能 "}, {"uid": "512872749", "content": "这个家伙比电鹿好多了（电鹿叫声好大"}, {"uid": "589896227", "content": "安东尼奥c"}, {"uid": "455000471", "content": "老婆！"}, {"uid": "1203385752", "content": "E.G.O书页"}, {"uid": "1012257544", "content": "好吧，有很多红字的，用紫色的吧"}, {"uid": "1012257544", "content": "我会用红字发弹幕。"}, {"uid": "485158716", "content": "一小时唉，已经萎了"}, {"uid": "355616594", "content": "我的宠物☛"}, {"uid": "1173347659", "content": "他真正的声音很沙哑。"}, {"uid": "1173347659", "content": "他是个男的。为什么我知道？因为我是他朋友"}, {"uid": "1586860528", "content": "这根本就不吓人你刚才突然冒出来的头才吓了我一跳"}, {"uid": "430076756", "content": "结界结界（doge）"}, {"uid": "432833375", "content": "8小时用核弹热热还能吃"}, {"uid": "1586860528", "content": "一次他的头冒出来的时候，我被吓的尖叫"}, {"uid": "1586860528", "content": "游戏里边的人物根本就不可怕，电路突然冒出来的头才可怕"}, {"uid": "274721891", "content": "快上车！（和平精英）"}, {"uid": "513485229", "content": "没错，你卡了"}, {"uid": "274721891", "content": "wryyyyyyyyyy"}, {"uid": "274721891", "content": "wryyyyyyyyyy"}, {"uid": "274721891", "content": "wryyyyyyyyyy"}, {"uid": "432039435", "content": "前方高能"}, {"uid": "1718757383", "content": "Windows XP音瞩目"}, {"uid": "1649137081", "content": "一小时，扔了吧"}, {"uid": "571642146", "content": "秒变脸"}, {"uid": "550939100", "content": "七小时放地核热一热还能吃。"}, {"uid": "1483408076", "content": "弹幕护体"}, {"uid": "29909125", "content": "班主任，你在干什么啊班主任！"}, {"uid": "571642146", "content": "突然觉得不吓人了"}, {"uid": "571642146", "content": "这个看抽风玩过"}, {"uid": "295827252", "content": "你吼辣么大声干什么嘛"}, {"uid": "302575552", "content": "你比游戏还恐怖啊鹿"}, {"uid": "386430728", "content": "再吓人三连别要了啊"}, {"uid": "1799475428", "content": "像极了你第一次玩第五只会躲柜子的样子"}, {"uid": "1799475428", "content": "↑红字神座那个老弹丸了"}, {"uid": "799202324", "content": "暗示充电"}, {"uid": "1029657936", "content": "胸部"}, {"uid": "1457919434", "content": "有人在吗？"}, {"uid": "695985986", "content": "老公"}, {"uid": "382167098", "content": "安东尼奥"}, {"uid": "382167098", "content": "富江"}, {"uid": "1465569878", "content": "我真以为我卡了，但是我用的是手机"}, {"uid": "359949801", "content": "七小时，热热吃吧"}, {"uid": "704130610", "content": "你吼啦吗大声干神马！"}, {"uid": "718475653", "content": "好大"}, {"uid": "1452912702", "content": "萌   楠"}, {"uid": "34090428", "content": "你最吓人啊啊"}, {"uid": "27326192", "content": "全程右下角"}, {"uid": "27326192", "content": "全程右下角"}, {"uid": "1631599901", "content": "七小时！！！！！！"}, {"uid": "296536078", "content": "淦"}, {"uid": "470713344", "content": "吓我一跳"}, {"uid": "310613335", "content": "天  生  完  美"}, {"uid": "501127002", "content": "挠你个屁！"}, {"uid": "135770315", "content": "六小时 真不错！"}, {"uid": "477810157", "content": "终于承认你是母鹿了"}, {"uid": "1492411588", "content": "萌男？"}, {"uid": "1492411588", "content": "前方高能"}, {"uid": "1492411588", "content": "没错你卡了"}, {"uid": "64613855", "content": "：（"}, {"uid": "455287074", "content": "H"}, {"uid": "1492411588", "content": "前方高能！"}, {"uid": "295650367", "content": "您别玩了，我都吓傻了啊，这恐怖游戏配上你的叫声，受不了。"}, {"uid": "457227193", "content": "草"}, {"uid": "495005219", "content": "车？"}, {"uid": "507706962", "content": "小母鹿"}, {"uid": "1857776118", "content": "六个小时……扔进岩浆热热"}, {"uid": "401458236", "content": "前三是谁"}, {"uid": "699050763", "content": "套上纸袋一样可以用【doge】"}, {"uid": "1852039741", "content": "弱狍子"}, {"uid": "686194901", "content": "对你是猛男（怂包）！"}, {"uid": "686194901", "content": "前方核能"}, {"uid": "700691516", "content": "《这游戏玩我》"}, {"uid": "686194901", "content": "建议用核能手电筒或owc战术手电筒"}, {"uid": "699050763", "content": "韩国游戏"}, {"uid": "426033491", "content": "爷就好这口"}, {"uid": "700072191", "content": "五小时，热热还能吃"}, {"uid": "1351611893", "content": "五小时"}, {"uid": "593956760", "content": "砸瓦鲁多！！！"}, {"uid": "1426671584", "content": "草 被某鹿吓一跳"}, {"uid": "356192296", "content": "草"}, {"uid": "441711613", "content": "5小时，变质了(T＿T)"}, {"uid": "350705335", "content": "耳机党当场去世"}, {"uid": "415784092", "content": "水？不对劲"}, {"uid": "514644926", "content": "我刚才本来离屏幕很近,这一声叫我吓的"}, {"uid": "637687915", "content": "wrrryyyyyyyyyyyy（不是）"}, {"uid": "637687915", "content": "wwwrrryyyyyyyyyyyyyyy！！！！(dio声dio气)"}, {"uid": "526629115", "content": "是【天生完美】，没错这是替身攻击"}, {"uid": "1109878824", "content": "5小时，太凉了"}, {"uid": "1218252370", "content": "是的，狍子里面暖暖的"}, {"uid": "645839804", "content": "五小时 ，没事儿，保质期两个月还能吃 "}, {"uid": "400509453", "content": "B 兜(壁咚"}, {"uid": "400509453", "content": "wc我来早了？"}, {"uid": "513533074", "content": "逝   华   高   中"}, {"uid": "1507934181", "content": "可以更新快一点吗"}, {"uid": "1507934181", "content": "我只是一个路过假面骑士"}, {"uid": "1507934181", "content": "我只是一个路过的假面骑士"}, {"uid": "457250448", "content": "没错，你又卡了"}, {"uid": "476566987", "content": "五小时"}, {"uid": "1236589744", "content": "可惜我脑子里全都是你，只要有你我就不会感到恐怖了"}, {"uid": "457250448", "content": "撒花完结~"}, {"uid": "495862867", "content": "这只傻狍子终于承认她是女的了"}, {"uid": "442797085", "content": "草"}, {"uid": "1507934181", "content": "僵尸有可能再说，你小子是不是找欠"}, {"uid": "1507934181", "content": "别吓着了"}, {"uid": "457250448", "content": "我卡了？"}, {"uid": "1818792557", "content": "电鹿被做成了“尸体”"}, {"uid": "457250448", "content": "没人？"}, {"uid": "457250448", "content": "班主任:别说话，看学生呢"}, {"uid": "1818792557", "content": "危险危险危险"}, {"uid": "1818792557", "content": "后面"}, {"uid": "457250448", "content": "你喊辣么大声干嘛拉！"}, {"uid": "457250448", "content": "“小女生呢”"}, {"uid": "1645354666", "content": "来了"}, {"uid": "1818792557", "content": "你father"}, {"uid": "1818792557", "content": "？？？？"}, {"uid": "457250448", "content": "真是好高中"}, {"uid": "83032747", "content": "暗示不用投币"}, {"uid": "642557746", "content": "红色高能君预警：前方高能"}, {"uid": "457250448", "content": "五小时~虽然凉了"}, {"uid": "95317228", "content": "？？"}, {"uid": "351374992", "content": "病娇？"}, {"uid": "1311532490", "content": "难怪是猪手"}, {"uid": "1535550881", "content": "李格霖"}, {"uid": "1311532490", "content": "cute"}, {"uid": "631036892", "content": "放岩浆里热热还能吃"}, {"uid": "1311532490", "content": "这恨天高"}, {"uid": "116469423", "content": "电路板跟福福一个性别"}, {"uid": "1916654700", "content": "啊啊啊啊啊啊啊啊啊啊啊啊"}, {"uid": "116469423", "content": "又承认自己是一只母鹿了!"}, {"uid": "1311532490", "content": "说我不说靠，文明你我也"}, {"uid": "1311532490", "content": "高能预警"}, {"uid": "1120327010", "content": "好大好大"}, {"uid": "116469423", "content": "你终于承认你是一只母鹿了!"}, {"uid": "1973042585", "content": "这是电路你最少的一个点赞 "}, {"uid": "2078427930", "content": "可以更新但是你能不能下一点声"}, {"uid": "618150205", "content": "你吼辣么大声干什么嘛！！！(天皇震怒)"}, {"uid": "694572574", "content": "冲！！！"}, {"uid": "620505162", "content": "是迪迦！"}, {"uid": "2078427930", "content": "她不吓人你吓人"}, {"uid": "422623304", "content": "凉了"}, {"uid": "176251323", "content": "ohhhh更新~\\(≧▽≦)/~啦"}, {"uid": "177602536", "content": "四小时，坏了"}, {"uid": "1043354877", "content": "没有$的人所体会不到的“幸福”"}, {"uid": "620063657", "content": "出柜（doge）"}, {"uid": "494917362", "content": "没错你卡了"}, {"uid": "494917362", "content": "你…"}, {"uid": "494917362", "content": "草"}, {"uid": "620509552", "content": "来了"}, {"uid": "494917362", "content": "差点去世"}, {"uid": "32835729", "content": "四小时，拿核弹热热还能吃"}, {"uid": "212504822", "content": "亚极陀"}, {"uid": "212504822", "content": "卡其脱离太"}, {"uid": "293360239", "content": "我只是个普普通通的刀客塔（Doge）"}, {"uid": "620063657", "content": "四小时，放核心热热还能吃"}, {"uid": "473082579", "content": "你才是这鬼"}, {"uid": "446193819", "content": "反复去世"}, {"uid": "508876200", "content": "来啦"}, {"uid": "485598397", "content": "草了"}, {"uid": "485598397", "content": "美女姐姐？"}, {"uid": "25057397", "content": "不至于不至于"}, {"uid": "549564023", "content": "没错你卡了"}, {"uid": "73853249", "content": "前方致敬《怪形》"}, {"uid": "274712414", "content": "这个是之前那个直播居然做成直播录像"}, {"uid": "330419585", "content": "母鹿发情"}, {"uid": "695101308", "content": "带着耳机的某人当场阵亡"}, {"uid": "330419585", "content": "母鹿发情"}, {"uid": "1810682631", "content": "变回来了？"}, {"uid": "701759988", "content": "Wryyyyyyyyyyyyyyyyyyyyyyyyyyyyyyyyyyyyyy"}, {"uid": "294865566", "content": "四小时还热乎 "}, {"uid": "529015436", "content": "这一嗓子吓我一跳"}, {"uid": "81502683", "content": "电鹿你好短"}, {"uid": "1913110293", "content": "3小时"}, {"uid": "646727613", "content": "C"}, {"uid": "275261136", "content": "操，刚才手机自己暂停了一下，再加上这个特效。。。"}, {"uid": "616554130", "content": "感到落尸"}]