[{"uid": "1653289694", "content": "FBL扫黄，双手抱头，蹲在角落里！"}, {"uid": "623564275", "content": "勇者你还得看我这个棍勇"}, {"uid": "352862456", "content": "尾巴是插件吗（"}, {"uid": "526945475", "content": "海上不用落地水"}, {"uid": "97033653", "content": "被封面吸引"}, {"uid": "172776300", "content": "那他知道人类有东风快递 "}, {"uid": "237624209", "content": "消化剧情中，睡不着了"}, {"uid": "149137443", "content": "总攻"}, {"uid": "116469423", "content": "哟！这腿真光滑"}, {"uid": "116469423", "content": "把你裤子穿好"}, {"uid": "664700000", "content": "阿尔法:所以说这到底是哪儿？"}, {"uid": "664700000", "content": "阿尔法:主要还是要想想我们在哪一方的船上"}, {"uid": "664700000", "content": " 阿尔法:那难不成是前往西伯利亚的俘虏的船？"}, {"uid": "553711465", "content": "电鹿:我只会心疼哥哥"}, {"uid": "553711465", "content": "大 战 几 回 合"}, {"uid": "564800408", "content": "FBA:扫黄行动"}, {"uid": "145336097", "content": "你快把衣服穿好啊啊啊啊"}, {"uid": "1268032553", "content": "把衣服穿上，不然你会着凉的"}, {"uid": "1548571016", "content": "身体里沉睡的野兽，觉醒了"}, {"uid": "355616594", "content": "比反重力裙子，还反重力的衣服"}, {"uid": "681705848", "content": "野 兽 竟 是 我 自 己"}, {"uid": "1469414227", "content": "【哈萨克斯坦扫黄部队】加入直播间"}, {"uid": "2091986091", "content": "男孩子也要注意隐私！！！"}, {"uid": "362280284", "content": "亢奋起来了doge"}, {"uid": "527675620", "content": "身材不错哦，蛮结实的嘛。"}, {"uid": "592610530", "content": "这 地 还 挺 大"}, {"uid": "1809583435", "content": "当时我拿着枪吓蒙了"}, {"uid": "511527691", "content": "野兽竟是我自己"}, {"uid": "502617241", "content": "你，你，你休要诱惑我"}, {"uid": "582153531", "content": "老  肩  巨  滑"}, {"uid": "513551963", "content": "开门FBI …扫黄大队 "}, {"uid": "495270634", "content": "呀，还没睡呢"}, {"uid": "495270634", "content": "粘着一块电鹿板"}, {"uid": "495270634", "content": "一 本 正 经"}, {"uid": "495270634", "content": "你不要拿着智慧的眼神看着我"}, {"uid": "1239205423", "content": "消失的鹿角"}, {"uid": "1648822216", "content": "扫黄对突门而入"}, {"uid": "592349023", "content": "你把裤子穿好点 "}, {"uid": "1025304370", "content": "扫黄的，衣服穿好！双手抱头！"}, {"uid": "662621473", "content": "还好我用指令逃了出来（dogy）"}, {"uid": "609892471", "content": "拿到了他的龙蛋这样我就可以向朋友炫耀"}, {"uid": "662621473", "content": "水下呼吸Ⅲ"}, {"uid": "1809583435", "content": "MTF:[红眼]先到这里我对龙王起了杀心。"}, {"uid": "1809583435", "content": "奥维利亚:我TM招谁惹谁了"}, {"uid": "614645423", "content": "人们都想得到它的经验，因为那很多"}, {"uid": "491619555", "content": "没事儿在肚子里过"}, {"uid": "507916019", "content": "完了，更兴奋了！！"}, {"uid": "527421768", "content": "好家伙，哈哈，我要当吉良吉影"}, {"uid": "454590866", "content": "好想伸出我的小手摸他尾巴"}, {"uid": "404224633", "content": "老婆你怎么穿的如此品如的衣服"}, {"uid": "16438236", "content": "晚 上 吹 陆 风！ ！ ！"}, {"uid": "35636233", "content": "不禁想起那个只会心疼哥哥"}, {"uid": "674735394", "content": "末   影   龙"}, {"uid": "304713501", "content": "好可爱啊啊啊啊"}, {"uid": "2131696773", "content": "你先把衣服穿上！"}, {"uid": "404084408", "content": "怎么突然给特写"}, {"uid": "349479063", "content": "耶稣：永生？内行"}, {"uid": "349479063", "content": "睡一觉不冷吗？"}, {"uid": "415089300", "content": "车速好快"}, {"uid": "702675695", "content": "两年半，你顺便借机练习一下篮球"}, {"uid": "643181222", "content": "卧槽 你什么时候变得这么涩了"}, {"uid": "373076966", "content": "你真觉得我能睡着？"}, {"uid": "373076966", "content": "我家还蛮大的♂（doge）"}, {"uid": "604225829", "content": "唐僧:好家伙，抢我技能"}, {"uid": "700691516", "content": "听说要打起精神来我顿时醒了"}, {"uid": "277233411", "content": "一下让你永远醒不过来"}, {"uid": "700691516", "content": "阴险狡诈=白嫖"}, {"uid": "282292867", "content": "失踪人口回归"}, {"uid": "600403042", "content": "妙哇 这个角度 "}, {"uid": "600403042", "content": "我突然变兴奋了 "}, {"uid": "600403042", "content": "龙:。。。我有这么可怕吗 "}, {"uid": "600403042", "content": "用它的龙鳞擦屁股这样能治好一切痔疮 "}, {"uid": "415089300", "content": "这……真的太涩了"}, {"uid": "646727613", "content": "绑架后被救出来了"}, {"uid": "550447343", "content": "《我在B站听喜马拉雅FM》"}, {"uid": "553824954", "content": "原谅我起了歹意(doge)"}, {"uid": "347039072", "content": "拉裤子看里了…"}, {"uid": "552288003", "content": "苏联特种小队队长：乐观啥乐观，我们怕是都穿越了吧！"}, {"uid": "552288003", "content": "苏联特种小队队长：？？？WTF在难道是美国佬的船"}, {"uid": "552288003", "content": "苏联特种小队队长：好家伙，你TM是把我弄到西伯利亚客运船上了吧"}, {"uid": "552288003", "content": "苏联特种小队队长：等等，让我消化一下这庞大的信息量"}, {"uid": "552288003", "content": "苏联特种小队：？？？WTF"}, {"uid": "552288003", "content": "苏联特种小队长：喂，喂，听到了吗"}, {"uid": "440815246", "content": "歪嘴战神：勿cue（doge）"}, {"uid": "431910475", "content": "我都忘了我关注了"}, {"uid": "1299908961", "content": "我怀疑关注一块电路板的都是变态"}, {"uid": "1691852038", "content": "奇怪的事情又增加了"}, {"uid": "527374374", "content": "摄影师:我的饭呢，怎么全是鸡腿？"}, {"uid": "401212210", "content": "失踪人口回归"}, {"uid": "470262313", "content": "椰叶，你关注的up终于更新了！！（激动）"}, {"uid": "510350865", "content": "杰 哥 不 要"}, {"uid": "604165197", "content": "把你们驾照全给扣留了。"}, {"uid": "1267761905", "content": "你还有脸回来"}, {"uid": "666219251", "content": "这更睡不着了（"}, {"uid": "518917036", "content": "别睡，我有点紧张我头上冒汗了"}, {"uid": "676630718", "content": "尾巴都漏出来了，一看就是开裆裤（"}, {"uid": "444298224", "content": "真-有生之年"}, {"uid": "29057487", "content": "裤子有奇怪的突起"}, {"uid": "343176884", "content": "我 家 还 蛮 大 的"}, {"uid": "455074179", "content": "不能被扫黄的发现了"}, {"uid": "414745379", "content": "嗯↑哼↓ ª我真是赛高你high铁鸭子达 "}, {"uid": "1961731", "content": "我想帮这只鹿整理衣服!"}, {"uid": "584524006", "content": "野兽：指电路"}, {"uid": "121688357", "content": "好像帮他穿好衣服"}, {"uid": "397975187", "content": "这不是更兴奋了吗，他睡什么觉啊"}, {"uid": "480037890", "content": "行，今晚我要用我家音箱最大声外放​"}, {"uid": "1997011818", "content": "我真的好想帮你理理衣服小鹿子"}, {"uid": "190634972", "content": "评论精选记得关一下"}, {"uid": "630069932", "content": "睡着了集美门上!"}, {"uid": "535166391", "content": "是你，莱恩哈特"}, {"uid": "1707858872", "content": "你给我去男更衣室！（♂)好衣服在来（♂♂）"}, {"uid": "1460797229", "content": "裤子破了，尾巴出来了（dog）"}, {"uid": "480302972", "content": "原来我是女哥哥（话说你的衣服能穿好不）"}, {"uid": "26121356", "content": "？？？wc不至于不至于！鹿老师别这样！（试图按耐激动的心情）"}, {"uid": "140080916", "content": "我说什么了嘛！还狠"}, {"uid": "522414172", "content": "我靠！瞬间清醒了！太有效果了！"}, {"uid": "411636382", "content": "小母鹿，把衣服穿好"}, {"uid": "664700000", "content": "阿尔法:回不去了。"}, {"uid": "1675987736", "content": "You jump，I jump"}, {"uid": "265133420", "content": "妈听辩，爸放棍"}, {"uid": "553711465", "content": "来让我康康"}, {"uid": "458084498", "content": "这个声音绝了"}, {"uid": "1334899138", "content": "一眼一瞟，迷得哥哥神魂颠倒"}, {"uid": "359330622", "content": "你怎么咬着合头缩话"}, {"uid": "81488352", "content": "吓得我直接带上了耳机"}, {"uid": "1469414227", "content": "【意大利扫黄部队】加入直播间"}, {"uid": "1469414227", "content": "【法国扫黄部队】加入直播间"}, {"uid": "1469414227", "content": "【德国扫黄部队】加入直播间"}, {"uid": "519453656", "content": "还好我也是半兽族（doge）"}, {"uid": "1452122241", "content": "这个尾巴是……"}, {"uid": "620730052", "content": "苏联114特种部队队员：啊，说话了！成精了！"}, {"uid": "1623488922", "content": "众所周知，电驴她是女的，因为她没有角"}, {"uid": "1239205423", "content": "<——哈哈哈"}, {"uid": "505523987", "content": "怎么办？我旁边的老妈“呲溜”了一下口水！！！"}, {"uid": "495270634", "content": "我看到了某处白色的裤子"}, {"uid": "451145110", "content": "熬夜的时候看一看立马清醒"}, {"uid": "281401713", "content": "抱歉，我们已经尽力了，他走的很安详（doge）"}, {"uid": "484143970", "content": "看完之后更睡不着了（doge）"}, {"uid": "530886668", "content": "果糖：我diu你老mao"}, {"uid": "625962169", "content": "FBI  ! OPEN THE DOOR"}, {"uid": "471312577", "content": "穿山甲：这个我熟！！"}, {"uid": "591741056", "content": "E n d e r  d r a g o n"}, {"uid": "696558082", "content": "既然你已经发现了，那就坦白了，我就是龙王"}, {"uid": "1809583435", "content": "但它还是逃不过反模因制裁器！（狗头保命）"}, {"uid": "614645423", "content": "我们也不知道这只鹿到底是母是公"}, {"uid": "674220078", "content": "哥哥刚睡着被你吵醒了(doge)"}, {"uid": "527421768", "content": "衣服这么穿是什么鬼，给爷脱光"}, {"uid": "475641140", "content": "让我康康你发育的正不正常"}, {"uid": "2074789847", "content": "保护你，是哥哥的责任"}, {"uid": "122674763", "content": "至少变个女声啊喂"}, {"uid": "150395507", "content": "失踪人口回归，欢迎欢迎。"}, {"uid": "437888824", "content": "好家伙，变成女鹿了，还很受"}, {"uid": "541639251", "content": "你还有脸回来啊你"}, {"uid": "400146091", "content": "等等，这信息量有点大"}, {"uid": "674518453", "content": "林肯号追捕诺底留斯号？？"}, {"uid": "1960045205", "content": "拔刀吧诸君，我先来水之呼吸拾壹之形·凪"}, {"uid": "702675695", "content": "末   影   龙"}, {"uid": "702675695", "content": "今晚我们登dua郎吧"}, {"uid": "1373293179", "content": "寒武纪大爆发续集2"}, {"uid": "535206959", "content": "你们是不是在馋他身体"}, {"uid": "691987518", "content": "讲着讲着就睡着了的电鹿是屑"}, {"uid": "700691516", "content": "所以咕三十天？"}, {"uid": "277233411", "content": "一            会"}, {"uid": "700691516", "content": "所以就睡着了？"}, {"uid": "600403042", "content": "他这衣服为什么这么短 "}, {"uid": "600403042", "content": "我的天呐 不对劲 "}, {"uid": "910203600", "content": "击杀饿聋"}, {"uid": "415089300", "content": "穿这么暴露（doge）"}, {"uid": "625586290", "content": "失踪人口回归"}, {"uid": "477205488", "content": "这位小姐，请移步P2，谢谢（doge"}, {"uid": "1119386268", "content": "真-有生之年"}, {"uid": "552288003", "content": "苏联特种小队队长：WTF！龙王，这TM不是美国佬的船？"}, {"uid": "552288003", "content": "苏联特种小队队长：不至于不至于，我会叫大伊万了解决他们的"}, {"uid": "552288003", "content": "苏联特种小队队长：等等，过去的39秒内发生了什么"}, {"uid": "552288003", "content": "苏联特种小队长：等等同志，你为什么这么暴露啊？！"}, {"uid": "552288003", "content": "苏联特种小队：？？？？？？？"}, {"uid": "603632833", "content": "暗示还要鸽几个月"}, {"uid": "299346120", "content": "野兽，指先辈"}, {"uid": "516859164", "content": "衣服穿好！！！！"}, {"uid": "516859164", "content": "我们都不对劲"}, {"uid": "470262313", "content": "安        详（"}, {"uid": "470262313", "content": "所以。。。先把衣服穿好再谈被(๑˙ー˙๑)"}, {"uid": "399917638", "content": "这谁啊这，怎么在我的关注列表里"}, {"uid": "1277933745", "content": "爷青回，你竟然更新了"}, {"uid": "1706726164", "content": "这TM原来在船上"}, {"uid": "450891369", "content": "高兴到发出猴叫"}, {"uid": "670877789", "content": "鸽了这么久，终于是给爷更新了"}, {"uid": "527374374", "content": "来人，给摄影师点个肯德基全家桶"}, {"uid": "401212210", "content": "我家还蛮大的"}, {"uid": "430973846", "content": "giegie～"}, {"uid": "651008758", "content": "爷爷，你关注的up主更新了！！！"}, {"uid": "515304537", "content": "诸君，我好兴奋啊♂"}, {"uid": "593956760", "content": "嗷～～～"}, {"uid": "593956760", "content": "嗷～～～"}, {"uid": "676630718", "content": "电鹿遇水就短路了！"}, {"uid": "473156797", "content": "好好睡，这什么姿势啊"}, {"uid": "82384584", "content": "更睡不着了"}, {"uid": "588934735", "content": "针不戳，针不戳"}, {"uid": "1060182729", "content": "我就是要在公交车上看 哎，我还要放大点音 诶，就是玩儿 "}, {"uid": "1075390227", "content": "一个小时太棒了"}, {"uid": "486008536", "content": "失踪人口回归"}, {"uid": "506042423", "content": "角度刁钻"}, {"uid": "25416055", "content": "成何体统！把衣服穿好再来跟哥哥说话！"}, {"uid": "427298410", "content": "彁彁，你骑着小电动车带着我，你女朋友不会生气吧"}, {"uid": "599278745", "content": "果然是头母鹿"}, {"uid": "28680437", "content": "福瑞控是吧？"}, {"uid": "618131527", "content": "扫黄把手举起来，把衣服穿上把裤子提上，把手从他身上放着。"}, {"uid": "526945475", "content": "勇敢外放"}, {"uid": "1241276791", "content": "嘿嘿嘿嘿嘿嘿"}, {"uid": "97033653", "content": "小母鹿"}, {"uid": "116469423", "content": "等等，这尾巴，不应该是从腰间出来的吗，但这个……"}, {"uid": "116469423", "content": " 这龙怕不是吃了唐僧（阿弥陀佛）"}, {"uid": "664700000", "content": "信号旗:已接收到任务。开始寻找阿尔法小队的踪迹。"}, {"uid": "664700000", "content": "它知道人类有火器吗？"}, {"uid": "664700000", "content": "阿尔法:准备跳船。321啊--"}, {"uid": "664700000", "content": "阿尔法:如果是美国佬的船我们是上不来的。"}, {"uid": "664700000", "content": "阿尔法:让我想想我们的任务是什么？"}, {"uid": "664700000", "content": " 阿尔法:？？？？？？WTF"}, {"uid": "262138614", "content": "老婆哄我睡觉"}, {"uid": "1028840844", "content": "扫黄扫黄了"}, {"uid": "667641606", "content": "等一下，角不见了？！！！小母鹿！！！"}, {"uid": "698094567", "content": "我直接把你扔回去"}, {"uid": "1593691072", "content": "没有鹿角但却是男生的声音还不是哥孩子，所以up主是鹿妖（狗头）"}, {"uid": "1505872103", "content": "鹿本来就不用穿衣服，干脆什么都不穿嘿嘿"}, {"uid": "1340311919", "content": "何成体统，给爷把衣服穿好"}, {"uid": "765535786", "content": "月初吻一下我功夫不负有心人胜利"}, {"uid": "1234050969", "content": "W——————————T——————————F"}, {"uid": "395919047", "content": "我房间里有一些好康的"}, {"uid": "681705848", "content": "我来/kill 电鹿"}, {"uid": "547043233", "content": "《一起睡觉》"}, {"uid": "500660081", "content": "如轻烟被微风吹散了"}, {"uid": "330853716", "content": "睡觉吗 欸?怎么黄了？"}, {"uid": "474934058", "content": "看到这里，我逐渐明白，我是个男的 "}, {"uid": "412484368", "content": "这龙是唐僧变的吧"}, {"uid": "2091986091", "content": "好家伙，还睡觉，我更加兴奋了！哈哈～！"}, {"uid": "435974876", "content": "过去的日子如轻烟，被微风吹散了"}, {"uid": "424888035", "content": "见到过它的人可能都s掉了(电鹿说的)"}, {"uid": "192916962", "content": "穿衣服啊喂"}, {"uid": "192916962", "content": "天好可！！！！！！啊啊啊啊啊"}, {"uid": "543724251", "content": "对，FIB会"}, {"uid": "543724251", "content": "FIB,扫黄！"}, {"uid": "456830885", "content": "今天的B站到此结束?"}, {"uid": "604534557", "content": "我来了，让那个傻龙知道AK的力强(黑脸)"}, {"uid": "390325892", "content": "中二鹿↓"}, {"uid": "638104862", "content": "奇怪，我一个姐姐 怎么跑哥哥这儿来啦 ？"}, {"uid": "1239205423", "content": "当时我很害怕"}, {"uid": "505523987", "content": "怎么办？我旁边的老妈“呲溜”了一下口水！！！"}, {"uid": "1747283023", "content": "真·旅行"}, {"uid": "495270634", "content": "衣服能不能穿好点，注意你的那个"}, {"uid": "1239205423", "content": "消失的鹿角"}, {"uid": "516204931", "content": "好家伙，我睡得着吗 "}, {"uid": "522505847", "content": "我还没睡呢，你就睡了"}, {"uid": "591741056", "content": "@毁灭菇"}, {"uid": "591741056", "content": "@杰哥"}, {"uid": "674220078", "content": "我家还挺大"}, {"uid": "1360747161", "content": "于是船沉了，我们变成了鹿滨逊"}, {"uid": "641539139", "content": "苏联特种小队队员：队长，发生了甚么？你在干什么啊队长！！！"}, {"uid": "614645423", "content": "所以我在看一只公路还是母鹿"}, {"uid": "614645423", "content": "据说dream的王座是由上百座龙首做成的"}, {"uid": "480251986", "content": "放开我！我要做大胆的事"}, {"uid": "1471243937", "content": "哟！腿还蛮白的嘛！来让我看看"}, {"uid": "1318193912", "content": "鹦鹉螺号"}, {"uid": "1318193912", "content": "请你把衣服穿好"}, {"uid": "674220078", "content": "给你两个选择:穿好或全脱(本人推荐第¿个)懂得都懂"}, {"uid": "674220078", "content": "我没耳机怎么办"}, {"uid": "519635782", "content": "失踪鹿口回归"}, {"uid": "34163001", "content": "扒衣服同志们"}, {"uid": "630560028", "content": "NK是白的"}, {"uid": "638104862", "content": "是新鲜的三d小鹿啊"}, {"uid": "1424600714", "content": "总算更新了。"}, {"uid": "549360681", "content": "QQ里的龙王……"}, {"uid": "549360681", "content": "gie ～gie～"}, {"uid": "1091037817", "content": "失踪人口回归"}, {"uid": "792437194", "content": "心中默念电路是男的"}, {"uid": "400146091", "content": "哈....哈，这真是希望到绝望啊"}, {"uid": "1219084871", "content": "要不穿衣服，要不盖被子"}, {"uid": "404084408", "content": "救命，衣服好涩啊啊啊啊啊"}, {"uid": "404084408", "content": "你还知道回来？臭老婆"}, {"uid": "1386617754", "content": "吃了龙鳞的人都被判了（doge)"}, {"uid": "497993235", "content": "WT有两只耳朵，一只兽耳，一只人耳"}, {"uid": "430208745", "content": "没事，爷会游泳"}, {"uid": "675591538", "content": "不过如此 脱裤子"}, {"uid": "1528540366", "content": "被绑架回来了？"}, {"uid": "362851922", "content": "扫黄举起手来"}, {"uid": "555048539", "content": "穿荆棘钻石甲"}, {"uid": "629434796", "content": "哦，天我还以为这个up主过世了呢"}, {"uid": "600403042", "content": "你这个衣服到底发生什么事了 怎么这么短"}, {"uid": "910203600", "content": "聋骨-------聋子的骨头"}, {"uid": "910203600", "content": "鼻子去哪了[滑稽]"}, {"uid": "696296931", "content": "打起精神来，这里是快乐星球"}, {"uid": "38094574", "content": "所以你到底是穿着衣服还是没穿衣服呢？"}, {"uid": "437196076", "content": " 勇  士  奖  牌"}, {"uid": "433921493", "content": "新鲜的草"}, {"uid": "649574848", "content": "失踪人口回归"}, {"uid": "488926963", "content": "中二又可爱"}, {"uid": "347039072", "content": "内裤焦黄。。。"}, {"uid": "552288003", "content": "苏联特种小队队长：（默默摸了摸身上的“光荣弹”）"}, {"uid": "470240835", "content": "那个那个鹿人回来了"}, {"uid": "398053778", "content": "geigei~"}, {"uid": "417438655", "content": "失踪人口回归"}, {"uid": "470262313", "content": "突然中二（(﹁\"﹁)"}, {"uid": "470262313", "content": "两年零四个月了。。。"}, {"uid": "321970015", "content": "你干嘛去了！"}, {"uid": "631627008", "content": "giegie"}, {"uid": "670877789", "content": "一期视频做了两个多月？"}, {"uid": "527374374", "content": "给我穿好衣服"}, {"uid": "1872235128", "content": "小   生   点"}, {"uid": "527374374", "content": "刺激，我喜欢"}, {"uid": "1233062479", "content": "快两月了，鸽子终于更新了！！！"}, {"uid": "509458103", "content": "这谁睡得着啊！"}, {"uid": "676630718", "content": " 我们也没见过电鹿有没有那个"}, {"uid": "676630718", "content": "这个姿势手里是不是缺点什么"}, {"uid": "574397291", "content": "哥哥也不知道啊！"}, {"uid": "24243890", "content": "我突然就不困了"}, {"uid": "642938055", "content": "失踪人口回归"}, {"uid": "480316212", "content": "弟弟真苦 都没衣服穿只能穿比基尼了"}, {"uid": "485767239", "content": "给摄影师加一只鸡"}, {"uid": "434005879", "content": "太涩了太涩了 doge"}, {"uid": "407494324", "content": "您这是美国时间吗，现在还是中午啊"}, {"uid": "492216111", "content": "好涩我好喜欢"}, {"uid": "451088073", "content": "11分钟，真有我的"}, {"uid": "487863048", "content": "是你莱恩哈特"}, {"uid": "377041736", "content": "更睡不着了"}, {"uid": "599278745", "content": "能穿好衣服吗"}, {"uid": "1440986332", "content": "我能让你哆嗦出声"}, {"uid": "503229518", "content": "且看我与giao云一战！"}, {"uid": "28193226", "content": "FBI WARNING"}, {"uid": "212504822", "content": "见封进"}, {"uid": "701991975", "content": "我家还蛮大的。欢迎你来我家玩。"}, {"uid": "664700000", "content": "阿尔法:好家伙呼叫苏35战斗机支援！"}, {"uid": "566237044", "content": "pg中缝那儿有点突出啊~"}, {"uid": "553711465", "content": "我把你鹿角全砍断了"}, {"uid": "744600884", "content": "FBI已介入调查"}, {"uid": "362146295", "content": "衣服先穿好啊啊啊啊啊！"}, {"uid": "413052254", "content": "诺顿和康斯坦丁"}, {"uid": "413052254", "content": "莫名想到龙族"}, {"uid": "1268032553", "content": "裤子旁边有个漏洞"}, {"uid": "1208626359", "content": "魂之丧剑！！"}, {"uid": "1469414227", "content": "队长，有人在搞"}, {"uid": "177393504", "content": "给爷想想你为什么要进来"}, {"uid": "1480440719", "content": "这个电鹿就逊，还没喝就累了"}, {"uid": "355313458", "content": "堡垒，堡垒，右到来人了我头"}, {"uid": "552348524", "content": "请速与我击剑"}, {"uid": "38819635", "content": "giegie来了"}, {"uid": "523124519", "content": "失踪人口回归"}, {"uid": "192916962", "content": "衣服穿好，天忍不住啊啊啊"}, {"uid": "192916962", "content": "好家伙！！！！！！"}, {"uid": "38819635", "content": "人类的能力是有限的"}, {"uid": "518405855", "content": "geigei———"}, {"uid": "1239205423", "content": "<——哈哈哈"}, {"uid": "1239205423", "content": "我不对劲"}, {"uid": "513551963", "content": "给摄影师加个鸵鸟腿吧 "}, {"uid": "473337837", "content": "我是白的"}, {"uid": "547513866", "content": "赞给你，你把衣服穿上，行吗？"}, {"uid": "87119272", "content": "下次做这种视频 请写个靠谱点儿的 脚本我可谢谢您嘞 "}, {"uid": "670821224", "content": "FBl!open the door!"}, {"uid": "503940776", "content": "妈见打爸拿棍"}, {"uid": "411288660", "content": "听说你很勇诶"}, {"uid": "36348421", "content": "鹿滨逊漂流记"}, {"uid": "500234705", "content": "康赛尔直呼内行"}, {"uid": "295005569", "content": "我是女孩子doge"}, {"uid": "611581461", "content": "彻底睡不着了"}, {"uid": "1809583435", "content": "啊所以说人类的核弹头呢，我忘记了你们的世界还在铁器时代"}, {"uid": "614645423", "content": "用船把木影龙困住？"}, {"uid": "1099992709", "content": "想想你为什么要点进来"}, {"uid": "492044177", "content": "你牙齿是啥材质，橡胶？"}, {"uid": "1471243937", "content": "这满脸透露出超爽的笑容是什么鬼？"}, {"uid": "475214027", "content": "突然立起"}, {"uid": "475214027", "content": "我准备画我的兽人设了"}, {"uid": "608103947", "content": "拿颗原子弹，热一热 "}, {"uid": "1294912610", "content": "FBI，open the door!"}, {"uid": "1145881935", "content": "行了，币给你，把衣服穿上"}, {"uid": "546937278", "content": "晚上睡觉莫名抽笑"}, {"uid": "662984019", "content": "我懂了"}, {"uid": "549360681", "content": "gei gei～"}, {"uid": "638104862", "content": "哇哦 ，变成3D的小鹿 我可以 "}, {"uid": "529669390", "content": "这里的人都对不劲"}, {"uid": "404084408", "content": "救命睡不着了啊啊啊啊"}, {"uid": "607340109", "content": "我想教你登dua郎"}, {"uid": "485968596", "content": "如果这个是女的就好"}, {"uid": "2031477473", "content": "他要去世了"}, {"uid": "702675695", "content": "你还有脸回来？"}, {"uid": "671493693", "content": "还知道回来（狗头）"}, {"uid": "604225829", "content": "苏联特种小队队员:？？？，完了，队长疯了"}, {"uid": "605817147", "content": "心疼gie~gie~"}, {"uid": "1235503664", "content": "老婆好涩啊"}, {"uid": "1656747924", "content": "差不多一个世纪就到了。"}, {"uid": "701651087", "content": "完了，更睡不着了"}, {"uid": "1319328145", "content": "失踪人口回归"}, {"uid": "580369522", "content": "我好想摸摸它的头和它的尾巴"}, {"uid": "697974170", "content": "终于更新了泪目"}, {"uid": "700691516", "content": "于是就不穿了？"}, {"uid": "517546362", "content": "失踪人口回归 "}, {"uid": "600403042", "content": "去拿个钻石套装什么的 "}, {"uid": "600403042", "content": "根本没睡着 "}, {"uid": "1482330691", "content": "你还有脸回来"}, {"uid": "485682961", "content": "FBI扫黄"}, {"uid": "2088358839", "content": "你歼呀！你当导弹有感情呀"}, {"uid": "606238687", "content": "你还有脸回来！"}, {"uid": "523716629", "content": "我看着看着就流鼻血了"}, {"uid": "523194007", "content": "更新等于以后继咕咕咕"}, {"uid": "523194007", "content": "我们回到家时已经公园两千年了。"}, {"uid": "523194007", "content": "睡他妈睡不着了。"}, {"uid": "488926963", "content": "好，我现在跳"}, {"uid": "675301551", "content": "有生之年"}, {"uid": "470262313", "content": "FBI，Open the door（"}, {"uid": "399917638", "content": "经过，这么长时间的咕咕咕"}, {"uid": "450891369", "content": "老婆好可爱啊！！！"}, {"uid": "1448517581", "content": "wc，失踪人口回归！"}, {"uid": "616738056", "content": "失踪人口会归"}, {"uid": "651833415", "content": "哇，腿好滑。"}, {"uid": "527653507", "content": "打起精神你睡啥呀？"}, {"uid": "602534385", "content": "4小时，放热水里泡泡还能吃"}, {"uid": "473156797", "content": "你就不能换个姿势睡吗？"}, {"uid": "1565454129", "content": "真有人在睡觉吗？"}, {"uid": "251353257", "content": "听到一句杜瓦克因"}, {"uid": "343176884", "content": "为什么pg底下还有一块突出来的…"}, {"uid": "343176884", "content": "奇怪的特写增加了"}, {"uid": "607889865", "content": "一小时还能吃"}, {"uid": "414745379", "content": "三连给你不谢"}, {"uid": "650641940", "content": "52分钟拿核弹热一下"}, {"uid": "650641940", "content": "更新了！！！！！"}, {"uid": "699389363", "content": "刚好520条评论"}, {"uid": "179890831", "content": "我不对劲了"}, {"uid": "564344801", "content": "34分钟放岩浆里热热"}, {"uid": "1569242206", "content": "失踪人口回归"}, {"uid": "549069507", "content": "睡了几个月 几个月没吃东西"}, {"uid": "765686071", "content": "失踪人口回归"}, {"uid": "554614098", "content": "七分钟太热乎了"}, {"uid": "94639891", "content": "我只会心疼giegie"}, {"uid": "402477300", "content": "六分钟好耶！！！"}, {"uid": "46341782", "content": "还挺大♂"}, {"uid": "410581200", "content": "几回合hhhh"}, {"uid": "431282096", "content": "回来了？！"}, {"uid": "599278745", "content": "扫黄扫黄"}, {"uid": "28680437", "content": "福瑞控是吧"}, {"uid": "28680437", "content": "福瑞控是吧？"}, {"uid": "99974719", "content": "FBI!!!!!!!!!!!!!!!!!"}, {"uid": "687791391", "content": "把衣服穿好"}, {"uid": "646221290", "content": "这叫聪明？这叫阴险狡诈前方高能预警"}, {"uid": "1464768062", "content": "腿上那个白色的不明物体是啥"}, {"uid": "1386942479", "content": "给老子闭嘴爷女的"}, {"uid": "1622195723", "content": "龙息可还行，末影龙直呼内行"}, {"uid": "660631661", "content": "前方核能"}, {"uid": "350195426", "content": "听不清，跟本听还见，声音太你，那么小声还想开军舰"}, {"uid": "485012390", "content": "FBI!！！！！！！！！！！！！！！"}, {"uid": "2054882069", "content": "来，把手举起来，FBI扫黄"}, {"uid": "197507068", "content": "速速与我击剑（）"}, {"uid": "581685311", "content": "我当场整个人裂开 "}, {"uid": "581685311", "content": "我受不了了，找哥哥去了 "}, {"uid": "1268032553", "content": "说好的晚安了玛卡巴卡呢？怎么又把眼睛睁开了，给我闭上。"}, {"uid": "784304577", "content": "啊啊啊太0了我支棱了"}, {"uid": "1469414227", "content": "福特：？"}, {"uid": "486874831", "content": "你跳我也跳，这是你说的对吗？"}, {"uid": "669236433", "content": "看到名字我笑了"}, {"uid": "686409482", "content": "咱们都不对劲"}, {"uid": "513941248", "content": "我妈就会说这是谁家的啊"}, {"uid": "2091986091", "content": "FBI！扫黄！"}, {"uid": "192916962", "content": "太可爱了啊啊啊啊啊啊啊"}, {"uid": "1809583435", "content": "我是旁边的人"}, {"uid": "2066992587", "content": "大家一起登dua郎吧"}, {"uid": "1239205423", "content": "<—-哈哈哈"}, {"uid": "379058341", "content": "开幕雷击"}, {"uid": "87119272", "content": "氧化钙 ，我个男的都遭不住 "}, {"uid": "305648493", "content": "谢谢您，让我失眠。"}, {"uid": "662621473", "content": "准备好接龙息了吗"}, {"uid": "474823207", "content": "什么小母鹿？！ 简直是小受鹿！！！"}, {"uid": "474823207", "content": "小受鹿！！！"}, {"uid": "649652700", "content": "可。。可是我是在娘胎里看的视频，你为什么叫我哥哥"}, {"uid": "611581461", "content": "爷关更"}, {"uid": "356030970", "content": "什么鬼快点放呀"}, {"uid": "604108067", "content": "我家还蛮大的"}, {"uid": "614645423", "content": "把找到没地盛上的龙首视为最高荣誉"}, {"uid": "1099992709", "content": "是的，睡地板"}, {"uid": "691453921", "content": "兴奋♂♂"}, {"uid": "475214027", "content": "手不自觉的投币保存"}, {"uid": "492192141", "content": "小母鹿？？？。"}, {"uid": "527421768", "content": "我只会心疼geigei"}, {"uid": "527421768", "content": "让我想想看，我还有没有能装白色粘稠物体的东西，太多了"}, {"uid": "527421768", "content": "想让我睡觉"}, {"uid": "1739024565", "content": "嘤嘤嘤鹿哥你终于回来了"}, {"uid": "650026582", "content": "马萨噶是√√√？"}, {"uid": "1480621305", "content": "爷青回。"}, {"uid": "301936892", "content": "没有鹿角，是母鹿"}, {"uid": "1831502188", "content": "你是怀孕了吗，肚子好大。"}, {"uid": "477206223", "content": "雄鹿变雌鹿了 "}, {"uid": "400146091", "content": "真的，只能打几回合"}, {"uid": "526850898", "content": "好兄弟"}, {"uid": "1538554555", "content": "失踪人口回归"}, {"uid": "527400380", "content": "打起精神来，就睡着了"}, {"uid": "14344486", "content": "三年期满"}, {"uid": "1258506165", "content": "失踪人口回归"}, {"uid": "475641081", "content": "内♂个："}, {"uid": "497993235", "content": "那如果是女的呢？"}, {"uid": "415089300", "content": "高速公鹿"}, {"uid": "693553811", "content": "心疼哥哥"}, {"uid": "1373293179", "content": "不是不是说好的哄我睡觉的怎么开始屠龙勇士了 "}, {"uid": "604225829", "content": "苏联特种小队"}, {"uid": "446898049", "content": "你还有脸回来"}, {"uid": "430208745", "content": "我四屠龙勇士羁绊"}, {"uid": "555048539", "content": "我们对帝王是仇深如海，人民的苦难锁链沉重，宝座之上流满人民的鲜血！！！！"}, {"uid": "600403042", "content": "给他加十个鸡腿 "}, {"uid": "600403042", "content": "赶紧 去嘎久才吃 "}, {"uid": "910203600", "content": "也就五百年吧"}, {"uid": "2018862284", "content": "不用小声已经发现了"}, {"uid": "2018862284", "content": "不能被兽控发现吗？我已经发现｡"}, {"uid": "646727613", "content": "FBI open the door"}, {"uid": "246478902", "content": "龙王不会，海王会"}, {"uid": "95598706", "content": "我的注意力只是他的耳朵。等等。他还有人类耳朵"}, {"uid": "696296931", "content": "孩子你不要胡乱想，这个世界上只有奥特曼"}, {"uid": "674982272", "content": "21小时    在家长会"}, {"uid": "630767603", "content": "激动"}, {"uid": "553824954", "content": "爷青回，全体起立！"}, {"uid": "347039072", "content": "扫黄奥"}, {"uid": "609323067", "content": "爷已经回"}, {"uid": "493791275", "content": "居然更新了？"}, {"uid": "650758443", "content": "没听见，这么小声还想开军舰"}, {"uid": "631627008", "content": "不要尴尬挑战"}, {"uid": "1386617754", "content": "不像我只会心痛giegie"}, {"uid": "482287765", "content": "你衣服不穿好我睡不着啊！！！！！"}, {"uid": "510350865", "content": "我记得龙是有两根的....."}, {"uid": "604165197", "content": "卧槽卧槽卧槽"}, {"uid": "299456393", "content": "更了！！！"}, {"uid": "651833415", "content": "我就撒泡尿。"}, {"uid": "629858913", "content": "爷青回"}, {"uid": "676630718", "content": "这龙喝了核废水吧"}, {"uid": "676630718", "content": "那你今晚可得小声点啊"}, {"uid": "341538146", "content": "∠( ᐛ 」∠)＿"}, {"uid": "574397291", "content": "geigei好开心弟弟更新了"}, {"uid": "250570536", "content": "不对劲"}, {"uid": "668496465", "content": "奇怪的鸡腿又增加了"}, {"uid": "2069456916", "content": "老婆回来了！（>v<）"}, {"uid": "1209931521", "content": "一小时了，放岩浆里热热还能吃"}, {"uid": "352207483", "content": "终于"}, {"uid": "500710464", "content": "好涩好涩"}, {"uid": "407494324", "content": "开幕雷击。"}, {"uid": "223805278", "content": "28分钟热一热还能吃"}, {"uid": "569160076", "content": "龙王…不会是你吧！？"}, {"uid": "355335661", "content": "19分钟放螳螂号还能吃"}, {"uid": "629310764", "content": "认真的吗...电鹿..."}, {"uid": "494650356", "content": "我要当女哥哥！好耶\\(^o^)/~"}, {"uid": "436788513", "content": "什么东西更新了？"}, {"uid": "604613622", "content": "6分钟来的最早的一次"}, {"uid": "1265322217", "content": "哥   哥"}, {"uid": "599278745", "content": "首先穿好衣服行吗，第二别中二了"}, {"uid": "1206876791", "content": "快把肯德鸡给摄影师包"}, {"uid": "1706880207", "content": "FBL扫黄，全都举起手来"}, {"uid": "436068331", "content": "xdm机会来了（）"}, {"uid": "2096438246", "content": "XD是什么玩意？"}, {"uid": "1440986332", "content": "你这个受"}, {"uid": "140080916", "content": "币给你，衣服穿好，你当你是瑶吗？穿这么透！"}, {"uid": "1525287498", "content": "咝……～我"}, {"uid": "490577439", "content": "谁是你哥哥"}, {"uid": "172776300", "content": "这这不是少儿频道吧 "}, {"uid": "411636382", "content": "JOJO啊，你知道吗，人类的能力是有限的，我不做人了，JOJO！！！"}, {"uid": "411636382", "content": "我还是白的吗？"}, {"uid": "576490378", "content": "嗯，能不能把衣服弄好"}, {"uid": "1622195723", "content": "看这鹿，真的太逊了"}, {"uid": "667982463", "content": "快点上他啊...墨迹啥...给他眼泪整出来"}, {"uid": "660631661", "content": "开幕雷击"}, {"uid": "1257766834", "content": "心疼爹爹 "}, {"uid": "1562494524", "content": "更睡不着了"}, {"uid": "1759403553", "content": "如果把创可贴看成嘴的话......"}, {"uid": "268959332", "content": "衣服脱好"}, {"uid": "1268032553", "content": "衣服能不能提前穿好呀？"}, {"uid": "681705848", "content": "jiur min ！"}, {"uid": "1449406543", "content": "睡了，但没有完全睡"}, {"uid": "433595204", "content": "我冲了"}, {"uid": "525988322", "content": "我他妈直接两个硬币"}, {"uid": "590019188", "content": "我幹的、、、、我干的"}, {"uid": "191433061", "content": "Dovakin!Dovakin!"}, {"uid": "567726263", "content": "白色的"}, {"uid": "397556957", "content": "草"}, {"uid": "543724251", "content": "扫黄！"}, {"uid": "543724251", "content": "FIB，扫黄！"}, {"uid": "329924523", "content": "居然还有主线"}, {"uid": "643785614", "content": "不像我只会心疼哥哥"}, {"uid": "502148624", "content": "gie gie"}, {"uid": "34618256", "content": "标题就离谱"}, {"uid": "587910403", "content": "加十个鸡腿"}, {"uid": "21870746", "content": "FBI！！！！！！！"}, {"uid": "495270634", "content": "喂喂！兄弟别别别瞥"}, {"uid": "495270634", "content": "胸注意点！"}, {"uid": "146978815", "content": "末   影   龙"}, {"uid": "481019736", "content": "2分27秒电鹿眼睛抖动了"}, {"uid": "2093137172", "content": "开门！FBI！"}, {"uid": "146978815", "content": "开幕雷击x1000"}, {"uid": "1145195000", "content": "FBI.  open the door"}, {"uid": "547513866", "content": "完全睡不着了"}, {"uid": "553336313", "content": "我的鸭梨手机在哪［滑稽］"}, {"uid": "662621473", "content": "你再骂！！！"}, {"uid": "662621473", "content": "精苏震怒↓"}, {"uid": "332879822", "content": "所以你有地热吗？"}, {"uid": "662621473", "content": "末影水晶重生"}, {"uid": "662621473", "content": "喝了龙息可以原地去世"}, {"uid": "662621473", "content": "自然选择前进四"}, {"uid": "1258805432", "content": "小母鹿（doge）"}, {"uid": "2102540228", "content": "高速公鹿"}, {"uid": "2102540228", "content": "鹿滨逊漂流记"}, {"uid": "701545956", "content": "你在诱导我犯罪"}, {"uid": "701545956", "content": "你车好快我快跟不上"}, {"uid": "1360747161", "content": "我已经准备好15张床，龙去哪了"}, {"uid": "1548649239", "content": "ohhhhhhhhhhhhhhh爷青回"}, {"uid": "1933115997", "content": "我竟然变了！！！"}, {"uid": "638104862", "content": "有另一个版本的 "}, {"uid": "338188839", "content": "纳尼！！！！！！"}, {"uid": "1318193912", "content": "这是什么阴间玩意？"}, {"uid": "1897538045", "content": "穿好衣服！！"}, {"uid": "699818995", "content": "高 速 公 鹿"}, {"uid": "629446521", "content": "我也没打算保护你"}, {"uid": "594849452", "content": "！？！？"}, {"uid": "697343035", "content": "对于这种情况 应该强力打击 "}, {"uid": "616065995", "content": "卡比说能吃吗？"}, {"uid": "490900930", "content": "哥哥我就是龙王！（"}, {"uid": "349479063", "content": "enderdragon"}, {"uid": "1128569680", "content": "要么穿好衣服，要么不穿你这样子我很难堪"}, {"uid": "1262050845", "content": "鹿哥直播了！！！"}, {"uid": "447064098", "content": "击剑吧"}, {"uid": "675039249", "content": "哥哥∽"}, {"uid": "296019484", "content": "致郁（doge）"}, {"uid": "1373293179", "content": "这龙怕不是吃了唐僧"}, {"uid": "604225829", "content": "摄影师:感觉真不错"}, {"uid": "701651087", "content": "衣服穿好！！"}, {"uid": "45958239", "content": "这个龙王是指群里的那个龙王么？"}, {"uid": "430208745", "content": "这龙是不是叫唐僧"}, {"uid": "1442702346", "content": "大战几回合？"}, {"uid": "100042333", "content": "好 喂 "}, {"uid": "600403042", "content": "容易短路 "}, {"uid": "910203600", "content": "聋银琥珀[滑稽]"}, {"uid": "696296931", "content": "我会游泳"}, {"uid": "491967276", "content": "把衣服穿好"}, {"uid": "1829086491", "content": "11小时凉透了 可是那岩浆热热还能使用 "}, {"uid": "1899693268", "content": "不一定我们可是龙的传人"}, {"uid": "501032136", "content": "8小时，扔热岩浆里热热"}, {"uid": "347039072", "content": "居然更新了"}, {"uid": "578572019", "content": "你还有脸回来"}, {"uid": "650853435", "content": "●ACE"}, {"uid": "1469063570", "content": "过去的日子如轻烟被微风吹散了阿走错了不好意思"}, {"uid": "1518578789", "content": "我20天没吃饭了，遇到电鹿，吃了，请问是否构成紧急避险？"}, {"uid": "2132467967", "content": "失踪的电鹿回来了"}, {"uid": "135770315", "content": "失踪人口回归~"}, {"uid": "651833415", "content": "他不是在英国吗英镑。"}, {"uid": "651833415", "content": "把衣服拉好。"}, {"uid": "435644426", "content": "爷青回"}, {"uid": "527653507", "content": "真的？"}, {"uid": "629858913", "content": "爷青回"}, {"uid": "518917036", "content": "今晚？"}, {"uid": "2034361303", "content": "三联了三连了"}, {"uid": "1645956637", "content": "電鹿終於更新了！我還以爲你被綁架了"}, {"uid": "2034361303", "content": "...三小时了"}, {"uid": "620555662", "content": "别在这睡着啊！！！"}, {"uid": "687359237", "content": "太可爱啦"}, {"uid": "652142200", "content": "我出息了。1个小时！！！！"}, {"uid": "623775206", "content": "终于更了"}, {"uid": "1826298351", "content": "回来了"}, {"uid": "543309351", "content": "电鹿活了！"}, {"uid": "626757931", "content": "24分钟有点凉"}, {"uid": "121688357", "content": "这个特写给的，我裂开了"}, {"uid": "462193420", "content": "我睡不着了"}, {"uid": "121688357", "content": "嗷呜～٩(๑^o^๑)۶"}, {"uid": "488775292", "content": "让我康康"}, {"uid": "523505184", "content": "十五分钟钱"}, {"uid": "90405055", "content": "！！！！！！！！！！！！！"}, {"uid": "24029993", "content": "好家伙"}, {"uid": "24677110", "content": "十三分钟热乎"}, {"uid": "130126254", "content": "搞事情"}, {"uid": "610053054", "content": "10分钟！！！"}, {"uid": "483126619", "content": "九分钟，热乎乎的！"}, {"uid": "505036815", "content": "热乎的!"}, {"uid": "422669467", "content": "扫黄大队进入直播间"}, {"uid": "1340311919", "content": "对不起，我的外号叫阿杰，您最好还是别跟我睡觉，因为我朋友都叫我杰哥"}, {"uid": "1337599152", "content": "白色的！！！！"}, {"uid": "661142240", "content": "FBI扫黄"}, {"uid": "631065525", "content": "哼哼。"}, {"uid": "2096438246", "content": "借我点纸"}, {"uid": "1333693341", "content": "三千七百万年"}, {"uid": "526945475", "content": "EnderDragon末影龙"}, {"uid": "556032477", "content": "♂♂♂♂♂♂♂♂♂♂"}, {"uid": "510875434", "content": "不对劲"}, {"uid": "116469423", "content": "电六是女的"}, {"uid": "601762202", "content": "哎呦我去"}, {"uid": "698094567", "content": "对不起，我是giegie"}, {"uid": "1551968981", "content": "?你不是我家电鹿"}, {"uid": "626831445", "content": "gie gie"}, {"uid": "1595825127", "content": "作业写不下去了"}, {"uid": "507706962", "content": "啊啊啊小母鹿"}, {"uid": "284039286", "content": "wryyyyyyyyyyyyyyyyyyyyyyyyyyyyyyyyyyyyyyyyyyyyyyyyyyyyyyyyyyyyyyyyyyyyyyyyyyyyyyyyyyyyyyyyyyyyyyyyyy"}, {"uid": "544221837", "content": "小母鹿"}, {"uid": "395847526", "content": "我家更大"}, {"uid": "664700000", "content": " FBI."}, {"uid": "1268032553", "content": "晚安了玛卡巴卡"}, {"uid": "1268032553", "content": "完了，完了，彻底完了。作者要干坏事了"}, {"uid": "1268681222", "content": "那只小猴子在干什么？"}, {"uid": "177393504", "content": "这小伙子到底在讲什么"}, {"uid": "1452122241", "content": "俺这个尾巴"}, {"uid": "698807308", "content": "见封进"}, {"uid": "1177888888", "content": "不好了小队长苏联没了"}, {"uid": "192916962", "content": "救命"}, {"uid": "543724251", "content": "莫有听到"}, {"uid": "1562036921", "content": "电路！电路！电容电阻二极管…"}, {"uid": "1337251483", "content": "阿龙纳斯和康塞尔"}, {"uid": "1373714261", "content": "上头"}, {"uid": "38819635", "content": "呀！孩子！还没碎呢？碎吧！孩子！"}, {"uid": "1239205423", "content": "<——哈哈哈"}, {"uid": "1239205423", "content": "鸡皮疙瘩起来了"}, {"uid": "1239205423", "content": "我不对劲"}, {"uid": "1747283023", "content": "什么六这是狍子"}, {"uid": "1747283023", "content": "我TM这太色"}, {"uid": "504085418", "content": "小母鹿"}, {"uid": "495270634", "content": "giegie不会生气吧"}, {"uid": "690619966", "content": "小母鹿"}, {"uid": "1184956288", "content": "*你叒叒叒黄了"}, {"uid": "402446318", "content": "不是，这？？？？"}, {"uid": "402446318", "content": "啊？？？？？？？？"}, {"uid": "547513866", "content": "我真的睡不着了"}, {"uid": "366066504", "content": "路明非……走错了"}, {"uid": "662621473", "content": "是由下界合金块搭建而成。"}, {"uid": "662621473", "content": "先拆水晶"}, {"uid": "332879822", "content": "晚安巴卡玛卡"}, {"uid": "503940776", "content": "我成功发疯了"}, {"uid": "1949634434", "content": "冰火魔龙？"}, {"uid": "1949634434", "content": "准备好瓶装龙息"}, {"uid": "662621473", "content": "用黑曜石前面的"}, {"uid": "1258805432", "content": "睡不着了啊啊啊啊！"}, {"uid": "663687957", "content": "别说了，小母鹿。"}, {"uid": "1809583435", "content": "某阿法尔小队就绪"}, {"uid": "614645423", "content": "吾心蹦起来了"}, {"uid": "614645423", "content": "吃了龙蛋的人可以永生"}, {"uid": "630921856", "content": "啊啊啊啊啊更新了"}, {"uid": "475214027", "content": "内裤没穿好，正经人谁缓存啊(偷偷缓存)"}, {"uid": "1673573375", "content": "giegie"}, {"uid": "203578338", "content": "在线蹲个本"}, {"uid": "269260253", "content": "摄晚加腿"}, {"uid": "699818995", "content": "真的睡不着了"}, {"uid": "645703747", "content": "我看不见你眼中的惊慌"}, {"uid": "431482813", "content": "是不是少了神马"}, {"uid": "603149204", "content": "智慧"}, {"uid": "474115239", "content": "更新了"}, {"uid": "696204812", "content": "我家蛮大的"}, {"uid": "616798391", "content": "●ACE                                     "}, {"uid": "129963787", "content": "giegie"}, {"uid": "527400380", "content": "鸽鸽"}, {"uid": "1206261809", "content": "这是电鹿吗？？？"}, {"uid": "475641081", "content": "内♂个"}, {"uid": "507590916", "content": "我好不对劲"}, {"uid": "507590916", "content": "你我都不对劲"}, {"uid": "1386617754", "content": "扫黄！"}, {"uid": "1706046271", "content": "？？？？？？？？？"}, {"uid": "616330156", "content": "你很勇哦"}, {"uid": "440555662", "content": "FBI offered tour  "}, {"uid": "1887027652", "content": "FBI！！！！！！！"}, {"uid": "1373293179", "content": "好家伙末影龙"}, {"uid": "604225829", "content": "我睡不着啊"}, {"uid": "605817147", "content": "白色的"}, {"uid": "2031477473", "content": "太不对劲了举报了(狗头)"}, {"uid": "580369522", "content": "这背景也太草率了吧"}, {"uid": "697974170", "content": "杰哥不要啊"}, {"uid": "1442702346", "content": "有没有哪个？"}, {"uid": "700691516", "content": "传谣还害龙？"}, {"uid": "1780467071", "content": "怎么上的战舰啊？（doge）"}, {"uid": "636261544", "content": "你币有了"}, {"uid": "600403042", "content": "我的妈呀 "}, {"uid": "910203600", "content": "雌雄同体"}, {"uid": "246478902", "content": "阴险？狡诈？"}, {"uid": "246478902", "content": "真的不会被吊打？"}, {"uid": "1489562662", "content": "总觉得这眼睛珠子是歪的"}, {"uid": "523194007", "content": "唔，更新了。"}, {"uid": "488926963", "content": "电鹿好矮"}, {"uid": "498661719", "content": "爷青回"}, {"uid": "1829086491", "content": "爷青回 "}, {"uid": "609323067", "content": "居然更新了"}, {"uid": "1789773208", "content": "是他，不是她！"}, {"uid": "43892310", "content": "你好勇鹿子"}, {"uid": "470262313", "content": "所以，先盖上被子，好不好呀。。。乖"}, {"uid": "353577999", "content": "龙眼…"}, {"uid": "670877789", "content": "这语气。。。什么玩意儿？"}, {"uid": "670877789", "content": "污乎。。。"}, {"uid": "527374374", "content": "你在骂？"}, {"uid": "651353123", "content": "8小时，，……………，，，，，，…………"}, {"uid": "10432677", "content": "什么不是姐姐吗"}, {"uid": "1872235128", "content": "我慌了"}, {"uid": "1095327446", "content": "终于更新了"}, {"uid": "24086808", "content": "斯哈斯哈斯哈"}, {"uid": "430133216", "content": "你不是个男的吗"}, {"uid": "1660492279", "content": "爷青回"}, {"uid": "6602479", "content": "回來了"}, {"uid": "476863531", "content": "来了！！！"}, {"uid": "527653507", "content": "末影龙？"}, {"uid": "170914851", "content": "年      更"}, {"uid": "574397291", "content": "弟弟没鼻子？？"}, {"uid": "250570536", "content": "4小时，凉了"}, {"uid": "668496465", "content": "加鸡腿啊"}, {"uid": "251353257", "content": "天际的BGM！"}, {"uid": "343176884", "content": "114514年"}, {"uid": "110899472", "content": "泪目了giegie"}, {"uid": "667126014", "content": "一小时。。。"}, {"uid": "410228313", "content": "42分钟！"}, {"uid": "1826298351", "content": "20分钟扔了"}, {"uid": "494840921", "content": "好家伙"}, {"uid": "442409140", "content": "？？？？？？"}, {"uid": "483767537", "content": "27分钟新鲜"}, {"uid": "352914826", "content": "热乎"}, {"uid": "12760124", "content": "hhhhhhhhhh"}, {"uid": "627190215", "content": "13分钟，不错"}, {"uid": "492295011", "content": "11分钟！！！"}, {"uid": "556007708", "content": "十一分钟热乎着"}, {"uid": "529880614", "content": "十分钟好耶"}, {"uid": "758105946", "content": "8分钟，还温着"}, {"uid": "413130599", "content": "七分钟好热啊"}, {"uid": "514498449", "content": "热乎"}, {"uid": "362307122", "content": "五分钟热热还能吃"}, {"uid": "383252259", "content": "hsohso"}, {"uid": "395144980", "content": "热乎的！"}, {"uid": "1460797229", "content": "尾巴？"}, {"uid": "388177178", "content": "小母鹿"}, {"uid": "504833113", "content": "那个白边是什么！！"}, {"uid": "212504822", "content": "HSO"}, {"uid": "1730143848", "content": "心疼geigei~~(does)"}, {"uid": "1234749183", "content": "WTF还真没有鹿角"}, {"uid": "1622195723", "content": "鹿兵逊骠留鸡"}, {"uid": "1622195723", "content": "陆游"}, {"uid": "613550417", "content": "穷小子说胡话。"}, {"uid": "1328487939", "content": "牛逼"}, {"uid": "1340311919", "content": "还有，我是只兔子，为啥有个鹿弟弟"}, {"uid": "664700000", "content": " What the ***."}, {"uid": "90560337", "content": "？？？"}, {"uid": "1452122241", "content": "好"}, {"uid": "435496526", "content": "我这都是看的什么"}, {"uid": "342825392", "content": "？？？？"}, {"uid": "567726263", "content": "好康的"}, {"uid": "362280284", "content": "嗷呜嗷呜嗷呜"}, {"uid": "543724251", "content": "欧拉！"}, {"uid": "425501470", "content": "开始中二"}, {"uid": "1109642353", "content": "完全可以冲"}, {"uid": "405998320", "content": "就我想到了龙主吗"}, {"uid": "587910403", "content": "我还没变色"}, {"uid": "273775442", "content": "400年"}, {"uid": "1747283023", "content": "这尼玛怎能睡着"}, {"uid": "146978815", "content": "水下呼吸lll"}, {"uid": "146978815", "content": "附魔书"}, {"uid": "481019736", "content": "你哥哥在啊？"}, {"uid": "2093137172", "content": "下界合金+荆棘"}, {"uid": "15728509", "content": "AEC..."}, {"uid": "592349023", "content": "是男的还是女的 "}, {"uid": "701990017", "content": "你哥哥是百里守约吗？￼"}, {"uid": "12704183", "content": "趋势"}, {"uid": "363210866", "content": "这谁啊"}, {"uid": "662621473", "content": "FBi"}, {"uid": "1219663404", "content": "来，让我看看！"}, {"uid": "662621473", "content": "／kill 末影龙"}, {"uid": "662621473", "content": "末影船"}, {"uid": "1149366700", "content": "hxsn"}, {"uid": "2102540228", "content": "可怜的鹿，没有鹿茸"}, {"uid": "1809583435", "content": "MTF:[红眼]你说神马？"}, {"uid": "1809583435", "content": "我阿法尔号核潜艇！"}, {"uid": "1509597782", "content": "小母鹿"}, {"uid": "1471243937", "content": "唉嘿，嘿"}, {"uid": "1527182168", "content": "不行了不行先走了"}, {"uid": "544421251", "content": "open the door     open the  door"}, {"uid": "584726453", "content": "还不是继续咕咕咕"}, {"uid": "522834050", "content": "针不错"}, {"uid": "638104862", "content": "好可爱 "}, {"uid": "2006965744", "content": "不会真是母的吧？！"}, {"uid": "2006965744", "content": "你鹿角呢电鹿？！"}, {"uid": "690835655", "content": "小母鹿"}, {"uid": "645879408", "content": "莱姆哈特？"}, {"uid": "1955042985", "content": "母鹿"}, {"uid": "628187728", "content": "？？？？？！！！！！！嗯"}, {"uid": "651746531", "content": "？？？？？？？"}, {"uid": "400146091", "content": "我没变色"}, {"uid": "291272711", "content": "英国…"}, {"uid": "638104862", "content": "爷青回 "}, {"uid": "478947925", "content": "FBI open the door"}, {"uid": "527400380", "content": "我开弹幕了吗"}, {"uid": "543899859", "content": "爷青回"}, {"uid": "529669390", "content": "啊，这"}, {"uid": "1219084871", "content": "末影龙在这，有人在叫我吗？"}, {"uid": "1814422178", "content": "爷青回"}, {"uid": "96343567", "content": "沙皇炸弹和中国氢弹了解一下？"}, {"uid": "584574866", "content": "前面永远醒不过来的？报警了这里有人要sr"}, {"uid": "584574866", "content": "‘’开门！"}, {"uid": "604225829", "content": "我是白的我是白的"}, {"uid": "1058192067", "content": "是租到房子了巴"}, {"uid": "529029184", "content": "不对劲"}, {"uid": "341535049", "content": "阿哲"}, {"uid": "910203600", "content": "为什么多了一块"}, {"uid": "345963073", "content": "兄弟们冲啊"}, {"uid": "646727613", "content": "这球是什么"}, {"uid": "84520321", "content": " hso"}, {"uid": "648389406", "content": "嘿嘿嘿嘿嘿嘿嘿"}, {"uid": "649104579", "content": "不对劲了？？？？？？、"}, {"uid": "2128653758", "content": "今天是我的生日呀！！！"}, {"uid": "43892310", "content": "不要男哥哥，主要你哥哥是吧？"}, {"uid": "498896302", "content": "ohhhhhh"}, {"uid": "107828244", "content": "我来惹"}, {"uid": "1691852038", "content": "睡不着了"}, {"uid": "437196076", "content": "好se啊"}, {"uid": "571642146", "content": "爷青回"}, {"uid": "527374374", "content": "wocwocwocwoc"}, {"uid": "103259895", "content": "我想摸"}, {"uid": "442267821", "content": ".....?"}, {"uid": "305707852", "content": "好臭的年份"}, {"uid": "1344625719", "content": "好家伙"}, {"uid": "2132467967", "content": "听不见，重来！"}, {"uid": "1479036674", "content": "我妈在！"}, {"uid": "1267761905", "content": "MC"}, {"uid": "1267761905", "content": "三连了三连了"}, {"uid": "527653507", "content": "唐僧？"}, {"uid": "574397291", "content": "好不对劲"}, {"uid": "502696532", "content": "我来保护你啊"}, {"uid": "317818284", "content": "睡nmb起来嗨"}, {"uid": "12221483", "content": "笑拉了"}, {"uid": "12221483", "content": "？？？？？？？"}, {"uid": "566997901", "content": "好。。。好ling"}, {"uid": "566997901", "content": "好。。。好ling"}, {"uid": "227094917", "content": "44人好呀"}, {"uid": "434173968", "content": "我苏了"}, {"uid": "252367879", "content": "四十七分钟好耶"}, {"uid": "596897648", "content": "43分钟"}, {"uid": "520681363", "content": "44分钟！"}, {"uid": "584524006", "content": "我现在才发现是白色"}, {"uid": "436721483", "content": "hso"}, {"uid": "11960495", "content": "30分钟555"}, {"uid": "527627630", "content": "来了"}, {"uid": "57865405", "content": "草"}, {"uid": "496846849", "content": "怎么没评论捏"}, {"uid": "1997011818", "content": "晚安，快睡 吧小鹿"}, {"uid": "670147892", "content": "18分钟！我出息了！"}, {"uid": "481656280", "content": "爱了爱了啊"}, {"uid": "258086342", "content": "啊啊啊啊"}, {"uid": "90405055", "content": "14分钟"}, {"uid": "604014398", "content": "？？？"}, {"uid": "526850898", "content": "我是哥哥"}, {"uid": "549603141", "content": "热乎"}, {"uid": "2118181678", "content": "7分（好耶）"}, {"uid": "592086880", "content": "六分钟"}, {"uid": "38101497", "content": "淦"}, {"uid": "631615521", "content": "6分钟，还热乎"}, {"uid": "42460384", "content": "烫烫烫"}, {"uid": "387410877", "content": "四分钟热乎"}, {"uid": "604014398", "content": "三分钟热乎"}, {"uid": "515595424", "content": "两分钟 "}, {"uid": "85845781", "content": "一分钟！"}, {"uid": "560748930", "content": "........"}, {"uid": "1256818919", "content": "摄影师加鸡腿"}, {"uid": "629112711", "content": "草"}, {"uid": "140080916", "content": "啊！"}, {"uid": "116469423", "content": "水遁"}, {"uid": "116469423", "content": "电鹿是女的"}, {"uid": "2090328821", "content": "小母鹿我爱你！"}, {"uid": "411649517", "content": "你很勇哦 "}, {"uid": "596729916", "content": "更睡不着了"}, {"uid": "664700000", "content": "有没有叉叉？"}, {"uid": "664700000", "content": "我瞎了。"}, {"uid": "634586141", "content": "♂♂♂♂♂"}, {"uid": "1309458555", "content": "饿"}, {"uid": "507706962", "content": "哈哈哈"}, {"uid": "613550417", "content": "中二病患者"}, {"uid": "613550417", "content": "海上求生。？？？？"}, {"uid": "613550417", "content": "(o^^o)"}, {"uid": "664700000", "content": "我瞎了。"}, {"uid": "450085342", "content": "嗷～"}, {"uid": "765535786", "content": "FBI"}, {"uid": "664700000", "content": " No."}, {"uid": "604050648", "content": "中二病发作"}, {"uid": "688292923", "content": "这。。。。"}, {"uid": "784304577", "content": "giegie"}, {"uid": "477094446", "content": "小母鹿"}, {"uid": "1041026563", "content": "小母鹿"}, {"uid": "153979967", "content": "？"}, {"uid": "1562036921", "content": "《匆匆》"}, {"uid": "627767463", "content": "大♂战"}, {"uid": "231303552", "content": "真不错"}, {"uid": "192916962", "content": "啊啊啊啊啊啊啊啊啊啊啊啊啊啊"}, {"uid": "192916962", "content": "啊这啊这"}, {"uid": "192916962", "content": "嗷呜"}, {"uid": "192916962", "content": "诱惑我"}, {"uid": "192916962", "content": "天！！！！！！！"}, {"uid": "192916962", "content": "啊啊啊啊啊啊啊啊啊啊"}, {"uid": "319475268", "content": "感觉能冲"}, {"uid": "604534557", "content": "我来/K1ii"}, {"uid": "21870746", "content": "天堂见。"}, {"uid": "481019736", "content": "？？？"}, {"uid": "1931735594", "content": "dog￼"}, {"uid": "592349023", "content": "skkskskdk"}, {"uid": "439821247", "content": "老婆"}, {"uid": "33358853", "content": "？？？？"}, {"uid": "1651266918", "content": "  木吉看想骑摩托车♂"}, {"uid": "12704183", "content": "？？"}, {"uid": "547513866", "content": "自然选择！前进四！"}, {"uid": "547513866", "content": "电鹿是男的！电路是男的！"}, {"uid": "87119272", "content": "兄弟们 拔刀吧 "}, {"uid": "305648493", "content": "有脸回来。"}, {"uid": "662621473", "content": "龙蛋"}, {"uid": "515020296", "content": "你再骂！"}, {"uid": "1986884363", "content": "龙丽"}, {"uid": "1471243937", "content": "我没变色"}, {"uid": "456203560", "content": "既然你也是既然你也是剑客，那就给我试试剑，这是缘"}, {"uid": "632042591", "content": "小母鹿"}, {"uid": "527421768", "content": "为什么，为什么，为什么我更睡不着了"}, {"uid": "1716256236", "content": "小母鹿"}, {"uid": "436956111", "content": "……"}, {"uid": "1853451908", "content": "这是女的还是男的？ "}, {"uid": "628187728", "content": "傻了"}, {"uid": "628187728", "content": "一起？"}, {"uid": "628187728", "content": "？？？？？？"}, {"uid": "687458085", "content": "0.1秒"}, {"uid": "651746531", "content": "？？？"}, {"uid": "651746531", "content": "？？？"}, {"uid": "594849452", "content": "！？！？"}, {"uid": "594849452", "content": "！？"}, {"uid": "345120568", "content": "速速与我击剑。"}, {"uid": "650672336", "content": "ohhhhhh！"}, {"uid": "303396224", "content": "？"}, {"uid": "1702457954", "content": "我来了，我会游"}, {"uid": "1058192067", "content": "我的发？？"}, {"uid": "2069947281", "content": "我笑傻了"}, {"uid": "430208745", "content": "2077年"}, {"uid": "100042333", "content": "我靠 "}, {"uid": "82207896", "content": "？？？？？？？？？？"}, {"uid": "642471772", "content": "回来了"}, {"uid": "636261544", "content": "嗷～"}, {"uid": "698182649", "content": "！？"}, {"uid": "600403042", "content": "并不会 "}, {"uid": "910203600", "content": "哎二为李亚"}, {"uid": "355616594", "content": "？"}, {"uid": "648389406", "content": "起航2077"}, {"uid": "648389406", "content": "WTF"}, {"uid": "648389406", "content": "WCWCWCWC"}, {"uid": "511914042", "content": "离谱"}, {"uid": "511914042", "content": "？？？？？"}, {"uid": "491967276", "content": "特写"}, {"uid": "491967276", "content": "末影龙"}, {"uid": "83219391", "content": "11小时！"}, {"uid": "609323067", "content": "13年"}, {"uid": "521790511", "content": "哇哦"}, {"uid": "43892310", "content": "白的...."}, {"uid": "43892310", "content": "白的"}, {"uid": "700986151", "content": "好耶"}, {"uid": "1947093524", "content": "哥，不要看他们就好了"}, {"uid": "1299908961", "content": "求背景音乐"}, {"uid": "1691852038", "content": "？？、"}, {"uid": "508876200", "content": "来啦"}, {"uid": "28611731", "content": "这谁睡得着啊QWQ"}, {"uid": "531611530", "content": "白色的！"}, {"uid": "651164210", "content": "热乎"}, {"uid": "651833415", "content": "年轻"}, {"uid": "668496465", "content": "爱了爱了"}, {"uid": "668496465", "content": "哪个"}, {"uid": "668496465", "content": "白的耶"}, {"uid": "407368606", "content": "》》"}, {"uid": "319553630", "content": "泄"}, {"uid": "163683489", "content": "两小时"}, {"uid": "5963722", "content": "？？？"}, {"uid": "652142200", "content": "55分"}, {"uid": "176597947", "content": "55分钟，凉了"}, {"uid": "481940526", "content": "野兽先辈？"}, {"uid": "798696512", "content": "54分钟"}, {"uid": "520681363", "content": "44分钟！"}, {"uid": "514397361", "content": "42分钟"}, {"uid": "672650200", "content": "39分钟，热呼"}, {"uid": "436721483", "content": "斯哈斯哈"}, {"uid": "517990155", "content": "啊这"}, {"uid": "489239424", "content": "烧"}, {"uid": "498827142", "content": "还热啊"}, {"uid": "517117573", "content": "？？？？"}, {"uid": "221778196", "content": "20分钟"}, {"uid": "643230593", "content": "热乎"}, {"uid": "581635561", "content": "我来的好早"}, {"uid": "350161904", "content": "啊啊啊啊啊"}, {"uid": "520844573", "content": "15分钟好耶"}, {"uid": "494650356", "content": "29个人好啊"}, {"uid": "1997011818", "content": "hso"}, {"uid": "569160076", "content": "热乎"}, {"uid": "506042423", "content": "七分钟"}, {"uid": "436788513", "content": "！"}, {"uid": "549603141", "content": "七分钟"}, {"uid": "501710883", "content": "8分钟"}, {"uid": "192908851", "content": "曹"}, {"uid": "393999488", "content": "热乎"}, {"uid": "38101497", "content": "泄"}, {"uid": "363271427", "content": "5分钟热乎。"}, {"uid": "516672071", "content": "五分钟"}, {"uid": "519531735", "content": "没人看"}, {"uid": "299346120", "content": "热乎"}, {"uid": "4833779", "content": "好家伙"}, {"uid": "702300281", "content": "1919810年"}, {"uid": "618131527", "content": "FBI or forgotten"}, {"uid": "229326992", "content": "老婆啊啊啊啊我爱你"}, {"uid": "693747124", "content": "别"}, {"uid": "1333693341", "content": "?_?"}, {"uid": "1782339299", "content": "中二"}, {"uid": "116469423", "content": "啊这"}, {"uid": "669999601", "content": "ni"}, {"uid": "1234749183", "content": "什么鬼⚆_⚆"}, {"uid": "1622195723", "content": "太逊了"}, {"uid": "1309458555", "content": "e"}, {"uid": "566237044", "content": "你看你看，裤子要掉了，还chuan吗?别chuan了吧"}, {"uid": "1189949408", "content": "？"}, {"uid": "613550417", "content": ">~<"}, {"uid": "1823045653", "content": "冲"}, {"uid": "673564257", "content": "???"}, {"uid": "1562494524", "content": "没硬币了"}, {"uid": "411649517", "content": "长得蛮结实的，身材还不错哦"}, {"uid": "142340807", "content": "你币没了"}, {"uid": "608287680", "content": "睡觉还在动尾巴的屑电鹿"}, {"uid": "234083001", "content": "WC"}, {"uid": "26197045", "content": "弟弟你把衣服穿好/////////"}, {"uid": "1961904462", "content": "giegie"}, {"uid": "712542623", "content": "0000"}, {"uid": "481176950", "content": "666"}, {"uid": "153979967", "content": "？"}, {"uid": "628597794", "content": "？"}, {"uid": "29633090", "content": "1·"}, {"uid": "481019736", "content": "？"}, {"uid": "1155427122", "content": "未影龙？"}, {"uid": "531251237", "content": "睡不着了"}, {"uid": "1651266918", "content": "这特写给的有点奇怪吧"}, {"uid": "547513866", "content": "完了"}, {"uid": "605083947", "content": "我就是那条龙"}, {"uid": "482177851", "content": "其实，叫姐姐也行…"}, {"uid": "1008393720", "content": "***"}, {"uid": "436636662", "content": "站起来。"}, {"uid": "503940776", "content": "Pz"}, {"uid": "650615653", "content": "！"}, {"uid": "591741056", "content": "R.I.P"}, {"uid": "479491243", "content": "FBI！！！"}, {"uid": "414690374", "content": "哦哦哦，养眼啊"}, {"uid": "687427874", "content": "O"}, {"uid": "651746531", "content": "？？？"}, {"uid": "670933968", "content": "？？？？？"}, {"uid": "670933968", "content": "？"}, {"uid": "1958754739", "content": "what"}, {"uid": "1206261809", "content": "电鹿是女的?"}, {"uid": "1206261809", "content": "？？"}, {"uid": "123320348", "content": "冲了"}, {"uid": "359497444", "content": "真的有这么丝滑吗(//∇//)"}, {"uid": "497993235", "content": "呃"}, {"uid": "2069947281", "content": "哟西"}, {"uid": "691987518", "content": "2080200年"}, {"uid": "516727078", "content": "我看就是你想看"}, {"uid": "516727078", "content": "龙：做个人吧"}, {"uid": "516727078", "content": "WDNMD这是啥啊，我去太好看了吧"}, {"uid": "180419746", "content": "那个鸽子回来辣！！！！！！！！"}, {"uid": "698182649", "content": "老婆好"}, {"uid": "125933986", "content": "giegie！"}, {"uid": "604142504", "content": "雅思某啦"}, {"uid": "510725081", "content": "！"}, {"uid": "792853613", "content": "？？？"}, {"uid": "513239743", "content": "你  还  有  脸  回  来"}, {"uid": "630052488", "content": "啊这"}, {"uid": "351682260", "content": "妙啊"}, {"uid": "43892310", "content": "rua"}, {"uid": "1947093524", "content": "上面的，你不要用我的颜色啊喂!"}, {"uid": "1947093524", "content": "（老图书馆了我）"}, {"uid": "1947093524", "content": "观测评估 我摁你脸上"}, {"uid": "1947093524", "content": "第一幕"}, {"uid": "1947093524", "content": "远航事物所   舞台开启"}, {"uid": "1947093524", "content": "唉……5月21日9时42分"}, {"uid": "1947093524", "content": "哥……!我是你弟啊"}, {"uid": "1947093524", "content": "说真的……这个即将到来的暑假可能很难度过……"}, {"uid": "1947093524", "content": "额……哈………哈"}, {"uid": "1947093524", "content": "多少幕（接红字）"}, {"uid": "1947093524", "content": "并不知道"}, {"uid": "1947093524", "content": "我可以在枫树塆接待你……开启第一舞台……"}, {"uid": "1947093524", "content": "……?可以看到吗……?"}, {"uid": "588903027", "content": "？"}, {"uid": "593872285", "content": "9个小时"}, {"uid": "592001036", "content": "我们终将重逢【doge】"}, {"uid": "717441477", "content": "？？？"}, {"uid": "501032136", "content": "8"}, {"uid": "510350865", "content": "好耶"}, {"uid": "1479036674", "content": "wdfffffffffffffffffffffffffffffffffffffffffffffffffffffffffffffffffffffffffffffffffffff"}, {"uid": "694692189", "content": "↑好臭啊"}, {"uid": "407368606", "content": "？？"}, {"uid": "701901012", "content": "啊这"}, {"uid": "510855969", "content": "57分钟"}, {"uid": "414745379", "content": "弹幕有点少"}, {"uid": "281343037", "content": "50分钟55"}, {"uid": "22874001", "content": "我他妈扇你衣服穿好不要着凉"}, {"uid": "587032475", "content": "48。"}, {"uid": "687411197", "content": "草"}, {"uid": "672650200", "content": "热乎"}, {"uid": "1414377473", "content": "39分钟"}, {"uid": "473662208", "content": "39分钟！"}, {"uid": "603177790", "content": "35分钟"}, {"uid": "436721483", "content": "？"}, {"uid": "18181360", "content": "这个小背心，我蛇了"}, {"uid": "203244307", "content": "这声音......."}, {"uid": "1962266150", "content": "18！！"}, {"uid": "760711105", "content": "13分钟"}, {"uid": "205095911", "content": "13分钟"}, {"uid": "554428965", "content": "12分钟"}, {"uid": "393891942", "content": "电鹿是我的，拔刀吧各位(手动狗头)"}, {"uid": "172818924", "content": "啊这"}, {"uid": "553451114", "content": "9分钟！"}, {"uid": "408949112", "content": "好涩"}, {"uid": "604014398", "content": "好耶"}, {"uid": "452725434", "content": "斯哈斯哈"}, {"uid": "1340311919", "content": "啊，说话了，成精了成精了，你别过来你别过来，过来时我收了你我收了你"}]