[{"uid": "644266314", "content": "犯 罪 嫌 疑 人"}, {"uid": "576490378", "content": "从纱雕变成了正经"}, {"uid": "34188639", "content": "巨儒艮（大象的分支）"}, {"uid": "2014477778", "content": "拿来吧你，小牙签肉"}, {"uid": "623091621", "content": "工藤新一：你擦我干啥[doge]"}, {"uid": "510993313", "content": "宝贝，月亮喂你竹鼠"}, {"uid": "1303198568", "content": "真的耶，还真的是“一模一样”"}, {"uid": "1897538045", "content": "国际友好手势"}, {"uid": "19086993", "content": "黑猫警长:我是猫不是猫头鹰"}, {"uid": "43322482", "content": "从未见过如此厚颜无耻的老鼠"}, {"uid": "117783052", "content": "祖   鼠"}, {"uid": "522578006", "content": "动—动—枪"}, {"uid": "4400398", "content": "你上次捡到的电话呢？"}, {"uid": "1005198688", "content": "VIVA LA VIDA "}, {"uid": "140080916", "content": "世界级统一友好手势"}, {"uid": "140080916", "content": "猫：我先去看医生，待会把你头拧下来！奥，～（捂锭）"}, {"uid": "140080916", "content": "这个“竹鼠”笑声够猖狂啊！"}, {"uid": "582788566", "content": "主 题 升 华"}, {"uid": "476139116", "content": "其实刺猬不背果子，会感染（小声科普"}, {"uid": "400183938", "content": "《竹鼠的故事》"}, {"uid": "479759384", "content": "点明主题 升华主旨"}, {"uid": "313052260", "content": "真.原形毕露"}, {"uid": "668902154", "content": "爱上了这只竹鼠"}, {"uid": "295681286", "content": "你看他笑得多，心啊"}, {"uid": "477140719", "content": "主 题 升 华"}, {"uid": "34155463", "content": "这必须三连"}, {"uid": "51891429", "content": "《  你  再  骂  》"}, {"uid": "73680468", "content": "试试就逝世"}, {"uid": "2118903704", "content": "电鹿获得成就:感人的作品"}, {"uid": "1983930294", "content": "控制，收容，保护的那个老scp 了:D"}, {"uid": "1865266722", "content": "好家伙，小时候上课老师给我们放过这玩意儿"}, {"uid": "1504496804", "content": "刚次笑完就哭了"}, {"uid": "526249150", "content": "国际友好手势"}, {"uid": "701865817", "content": "嬉皮笑脸"}, {"uid": "288319537", "content": "竹鼠：wdnmd"}, {"uid": "645753149", "content": "大爷:还有这好事♂"}, {"uid": "564898251", "content": "电鹿，全球仅剩一只，已列入濒危动物名单"}, {"uid": "287101553", "content": "猫 头 鹰"}, {"uid": "480081043", "content": "真 猫头鹰"}, {"uid": "431300206", "content": "这小嘴儿抹了开塞露"}, {"uid": "350523546", "content": "工 藤 新 一"}, {"uid": "621136439", "content": "好可爱，为什么要伤害它！！！"}, {"uid": "1444318387", "content": "《高像素》#《相机》"}, {"uid": "455587353", "content": "升华主题"}, {"uid": "132441315", "content": "柯南：竹鼠你什么意思"}, {"uid": "1737832687", "content": "《现 形 镜》"}, {"uid": "1737832687", "content": "这句话选自语文课文"}, {"uid": "482138928", "content": "哇  终于露脸了[doge]"}, {"uid": "621717936", "content": "震撼我妈一整年"}, {"uid": "508753717", "content": "活塞运动+震动模式"}, {"uid": "14201166", "content": "耗子：哪里来的铁憨憨？"}, {"uid": "526913497", "content": "笑着笑着眼泪就掉下来了"}, {"uid": "592791414", "content": "主  题  升  华"}, {"uid": "493460042", "content": "鼠  的  遗  照"}, {"uid": "76398286", "content": "厄 运 相 机"}, {"uid": "428282523", "content": "动画没有错，是我们变了（doge）"}, {"uid": "448574032", "content": "主题升华"}, {"uid": "480806835", "content": "生化主题"}, {"uid": "475062367", "content": "我TM主题直接升华"}, {"uid": "1215484142", "content": "国际友好手势"}, {"uid": "151806103", "content": "rua没了，爷青结"}, {"uid": "151806103", "content": "认   知   危   害"}, {"uid": "345122978", "content": "哈哈哈哈哈哈 真·原形毕露"}, {"uid": "132441315", "content": "柯南：竹鼠您是什么意思"}, {"uid": "646017863", "content": "主题升华"}, {"uid": "688391104", "content": "所以电路会灭绝吗（？）"}, {"uid": "24243890", "content": "上次你念的智金"}, {"uid": "299601371", "content": "宝贝，月亮喂你竹鼠"}, {"uid": "411571264", "content": "《液      晶》"}, {"uid": "316998361", "content": "强  行  升  华（"}, {"uid": "132441315", "content": "战斗模式，这也太草了"}, {"uid": "277686930", "content": "《爷和童年只能活一个的故事》"}, {"uid": "404515047", "content": "心脏骤停"}, {"uid": "433401276", "content": "《煮鼠的故事》"}, {"uid": "472462309", "content": "突然泪目"}, {"uid": "549780021", "content": "好可爱的野生动物们"}, {"uid": "473993704", "content": "这 次 一 定"}, {"uid": "473993704", "content": "泪目们把公屏打在兄弟上"}, {"uid": "473993704", "content": "升华主题，引发读者思考"}, {"uid": "473993704", "content": "混进了什么奇怪的东西"}, {"uid": "29702585", "content": "竹 鼠 的 故 事 2.0"}, {"uid": "372423345", "content": "rua不见了"}, {"uid": "647218141", "content": "主题升华"}, {"uid": "429695131", "content": "主 题 升 华"}, {"uid": "690204239", "content": "这波啊！这波叫做打回原形"}, {"uid": "690204239", "content": "你再骂（天皇震怒！！）"}, {"uid": "392465538", "content": "主  题  升  华"}, {"uid": "544076806", "content": "《竹鼠的故事》"}, {"uid": "35711300", "content": "是刺猬索尼克↓"}, {"uid": "495806546", "content": "照回原型"}, {"uid": "352963970", "content": "《像 鸡》"}, {"uid": "140080916", "content": "国际友好手势"}, {"uid": "1724390129", "content": "三连了，这次一定"}, {"uid": "623091621", "content": "《平凡》"}, {"uid": "527496819", "content": "真，祖鼠"}, {"uid": "248675586", "content": "一模一样"}, {"uid": "602458322", "content": "工藤新一震怒"}, {"uid": "2124004544", "content": "工藤新一：竹鼠你是不是对日语有误解？"}, {"uid": "982251240", "content": "这不比武器A还A"}, {"uid": "1919313825", "content": "《  中  二  》"}, {"uid": "526140518", "content": "这是笑猫头鹰"}, {"uid": "1496680659", "content": "真就遗照呗 "}, {"uid": "10432677", "content": "消了个寂寞"}, {"uid": "698551438", "content": "童年和电鹿只能选一个"}, {"uid": "530458473", "content": "您怎么这么拽"}, {"uid": "522209441", "content": "（国际友好首饰"}, {"uid": "617332268", "content": "小嘴抹了蜜"}, {"uid": "513713738", "content": "点明中心，总领全文，深化主题，升华主旨，是全文的最高音"}, {"uid": "513713738", "content": "注意：这里u小于f不能成像"}, {"uid": "701986436", "content": "新的朋友：华农兄弟"}, {"uid": "26262320", "content": "尸  体"}, {"uid": "140080916", "content": "这兔子好长"}, {"uid": "629858913", "content": "鸽了两个月了"}, {"uid": "140080916", "content": "猫咪从此成了母的"}, {"uid": "140080916", "content": "啊～哦～，劳，劳资的，的锭！"}, {"uid": "666587138", "content": "开始升华"}, {"uid": "588889473", "content": "致  命  空  枪"}, {"uid": "268595833", "content": "突然升华"}, {"uid": "2083312686", "content": "犯罪团伙"}, {"uid": "1426989630", "content": "月亮把你煮熟～～"}, {"uid": "430973846", "content": "《很快乐》"}, {"uid": "649026265", "content": "奇怪的升华，主题了"}, {"uid": "506723234", "content": "兄弟们把保护打在公屏上"}, {"uid": "414673814", "content": "那乱入的蓝胖子和黑猫警长呢"}, {"uid": "484632330", "content": "投币了"}, {"uid": "805776911", "content": "竹鼠：鬼！"}, {"uid": "516150873", "content": "大人，食大便了"}, {"uid": "627921212", "content": "工藤新一:夺笋啊"}, {"uid": "509614284", "content": "主题升华"}, {"uid": "526249150", "content": "写 实 画 风"}, {"uid": "526249150", "content": "你 没 事 了"}, {"uid": "85367523", "content": "把我骗进来杀5555"}, {"uid": "480977417", "content": "泪 目"}, {"uid": "525296898", "content": " 一 模 一 样 "}, {"uid": "628591108", "content": "我TM吓一跳"}, {"uid": "1071480201", "content": "国际友谊手势"}, {"uid": "1444318387", "content": "《像素很高》"}, {"uid": "129963787", "content": "卧槽这我没想到"}, {"uid": "1951428706", "content": "原形毕露"}, {"uid": "81572702", "content": "工藤新一：????"}, {"uid": "228474366", "content": "课的天呐！"}, {"uid": "455587353", "content": "升华主题"}, {"uid": "505842686", "content": "小嘴抹了蜜"}, {"uid": "434245226", "content": "我的认知过滤器呢"}, {"uid": "431329343", "content": "鸡皮疙瘩起来了"}, {"uid": "1997459236", "content": "控制 收容 保护"}, {"uid": "1707665828", "content": "黑猫警长：老子是猫"}, {"uid": "556300460", "content": "前面还在笑现在怎么也笑不出来了，泪目"}, {"uid": "107441389", "content": "好可爱救命好可爱awsl"}, {"uid": "13827326", "content": "主题升华"}, {"uid": "487195340", "content": "月亮喂你竹鼠"}, {"uid": "395209970", "content": "电鹿是量产的灭绝是不会的（doge"}, {"uid": "1248967128", "content": "@华农兄弟"}, {"uid": "624959466", "content": "小嘴摸了蜜"}, {"uid": "475062367", "content": "红色君在这里警告一下,保护自然动物。"}, {"uid": "349962867", "content": "你丫的才是竹鼠，爷是鼹鼠"}, {"uid": "485838488", "content": "这是个悲伤的故事 给爷哭"}, {"uid": "531192028", "content": "升华主题"}, {"uid": "592023480", "content": "蓝胖子灭绝了吗"}, {"uid": "345122978", "content": "画风逐渐沙雕"}, {"uid": "484728948", "content": "工藤新一"}, {"uid": "688391104", "content": "所以电鹿会灭绝吗（？）"}, {"uid": "563187293", "content": "小嘴真甜"}, {"uid": "34602394", "content": "凑不要脸"}, {"uid": "399258788", "content": "升华主题！"}, {"uid": "381952063", "content": "遗   像"}, {"uid": "504090599", "content": "鹿哥是不是感冒了"}, {"uid": "671833600", "content": "《液  晶  工  业》"}, {"uid": "1720181372", "content": "可以打广告了吗？《生命简史》了解一下（我好像在哪儿说过）"}, {"uid": "549780021", "content": "不忘历史"}, {"uid": "676630718", "content": "原来鼹鼠也有这样的爱好"}, {"uid": "473993704", "content": "涨知识了！"}, {"uid": "485690438", "content": "刚点进来还以为用错画面尺寸了"}, {"uid": "473993704", "content": "开始升华"}, {"uid": "549603141", "content": "地狱绘图"}, {"uid": "477830583", "content": "前方密集恐惧症和野生动物恐惧症患者请离开"}, {"uid": "372423345", "content": "rua没了"}, {"uid": "552640472", "content": "这爆率那叫一个高啊！"}, {"uid": "481233300", "content": "优美的手势"}, {"uid": "668813107", "content": "充气猫猫"}, {"uid": "442267821", "content": "记住这个刺猬"}, {"uid": "213186828", "content": "升华主题"}, {"uid": "96203441", "content": "画风突变"}, {"uid": "1435051248", "content": "兄弟们把泪目打在公屏上"}, {"uid": "422371430", "content": "没错你手机响了"}, {"uid": "472048412", "content": "泪目"}, {"uid": "140080916", "content": "杰哥不要啊！"}, {"uid": "12852979", "content": "-《象鸡》"}, {"uid": "497620961", "content": "卡———尔————"}, {"uid": "420872305", "content": "泪目"}, {"uid": "2126984339", "content": "这不乐意助人的卡尔吗？"}, {"uid": "1587409800", "content": "《平凡的一天》"}, {"uid": "41362068", "content": "小时候原版看到这里san值狂掉，还好给p掉了"}, {"uid": "242775625", "content": "啊？！"}, {"uid": "726731675", "content": "升华了握草"}, {"uid": "273671352", "content": "兄弟们把公屏打在泪目上"}, {"uid": "483543212", "content": "索尼克：你完了"}, {"uid": "140080916", "content": "来了来了快截图！"}, {"uid": "494404115", "content": "maimai（"}, {"uid": "140080916", "content": "哇塞，等等，鹿姐你哪里来的图片？"}, {"uid": "140080916", "content": "刚刚最左边的是表情包吧？"}, {"uid": "140080916", "content": "听起来像极了豪鸭！"}, {"uid": "140080916", "content": "猫：我只是肾透支，身体被掏空，等我吃个肾宝片！劳资保障不把你头拧下来以报我被你砸断的肋骨之仇，"}, {"uid": "610030089", "content": "诶♂嘿♂嘿♂嘿♂嘿♂嘿♂嘿♂"}, {"uid": "140080916", "content": "这他妈刚拿出来我还以为是相机的盖子没开！"}, {"uid": "666587138", "content": "开始害怕"}, {"uid": "666587138", "content": "哆啦A梦？黑猫警长？"}, {"uid": "666587138", "content": "这不是鼹鼠的故事吗？我还看过这个的书"}, {"uid": "457472067", "content": "阴间相机"}, {"uid": "457472067", "content": "阴间相机"}, {"uid": "428708340", "content": "升华主旨"}, {"uid": "630612734", "content": "鸽了一个月了"}, {"uid": "578879590", "content": "ZHUSHUtale：the last photo phase？？？"}, {"uid": "545026152", "content": "正  片  开  始"}, {"uid": "538889356", "content": "忘开盖子了"}, {"uid": "538889356", "content": "国际友好手势"}, {"uid": "521219030", "content": "大家好，他是电猫。"}, {"uid": "627003698", "content": "一级保护动物"}, {"uid": "1200463172", "content": "深♂化主题"}, {"uid": "67933042", "content": "小别致，长得可真东西。"}, {"uid": "690153272", "content": "离谱，竟然不是五百群"}, {"uid": "249167493", "content": "《武   器   B》"}, {"uid": "649026265", "content": "《scp173"}, {"uid": "1649137081", "content": "国际友好手势"}, {"uid": "2096416019", "content": "内牛满面"}, {"uid": "701865817", "content": "《认识新朋友》"}, {"uid": "20261848", "content": "突然泪目"}, {"uid": "612479242", "content": "索尼克可还行"}, {"uid": "174960418", "content": "信息量好大～"}, {"uid": "661212340", "content": "哈哈哈哈哈"}, {"uid": "1415473041", "content": "升华没有了因为傻狍子一出来气氛就完全没有了"}, {"uid": "630428001", "content": "童年变异－"}, {"uid": "518922297", "content": "重申中心论点"}, {"uid": "554627418", "content": "那个洞除了插发条还可以"}, {"uid": "537914766", "content": "第三次工业革命"}, {"uid": "358989164", "content": "小时候我还喜欢看"}, {"uid": "543204950", "content": "我幼儿园的时候还在看这个！"}, {"uid": "628591108", "content": "自然选择号"}, {"uid": "26782356", "content": "保护动物"}, {"uid": "1951428706", "content": "电鹿变坏了"}, {"uid": "694512497", "content": "保护"}, {"uid": "1444318387", "content": "灵异事件!他们进照片了!"}, {"uid": "695885524", "content": "人类选择，前进四！！！"}, {"uid": "455587353", "content": "升华主题"}, {"uid": "34624382", "content": "三连一定要三连"}, {"uid": "764004564", "content": "唉，原来这是一块电路鹿板的吗？"}, {"uid": "406080776", "content": "泪目"}, {"uid": "678791070", "content": "收容 控制 保护"}, {"uid": "695104303", "content": "工藤新一"}, {"uid": "570247755", "content": "哥有出息了"}, {"uid": "1428782446", "content": "好有深度的视频！太棒了"}, {"uid": "435484988", "content": "梅开二度，冶(三声)"}, {"uid": "364706511", "content": "？ 洗  ？ 白 ？"}, {"uid": "493460042", "content": "天皇鼠"}, {"uid": "549603141", "content": "泪目"}, {"uid": "437993150", "content": "泪目"}, {"uid": "430090120", "content": "老鼠跟鼹鼠换来只猫"}, {"uid": "448574032", "content": "泪目"}, {"uid": "345122978", "content": "沉默"}, {"uid": "514584402", "content": "卧槽，妈妈，我出息了"}, {"uid": "616330156", "content": "原形毕露"}, {"uid": "515963776", "content": "升维打击"}, {"uid": "605112409", "content": "是的，你没有听错你手机响了 "}, {"uid": "627987363", "content": "泪目泪目泪目"}, {"uid": "1945282441", "content": "这个昨天不是投过了吗"}, {"uid": "551256255", "content": "你他喵的才是竹鼠，爷是鼹鼠"}, {"uid": "534826502", "content": "泪目"}, {"uid": "456662109", "content": "你再骂！"}, {"uid": "35468985", "content": "深化主题"}, {"uid": "547245011", "content": "49分钟，放岩浆里热热还能吃"}, {"uid": "35678916", "content": "主题升华"}, {"uid": "407042384", "content": "5分钟还烫手"}, {"uid": "1915034588", "content": "这一一一次一一一一定一一一"}, {"uid": "415473653", "content": "半个小时 冷了"}, {"uid": "526560326", "content": "ohhhhhhhh27分钟"}, {"uid": "480410380", "content": "月亮喂你竹鼠"}, {"uid": "676630718", "content": "鼹鼠和猫难道没有生殖隔离吗"}, {"uid": "473993704", "content": "升华！！"}, {"uid": "473993704", "content": "泪目"}, {"uid": "10747679", "content": "关上前3000的大门"}, {"uid": "477198325", "content": "主题突然升华"}, {"uid": "485690438", "content": "十分钟，泡点开水再吃吧"}, {"uid": "382459194", "content": "又出息了，10分钟"}, {"uid": "471152213", "content": "升华主题"}, {"uid": "526813142", "content": "热一下还能吃"}, {"uid": "12497144", "content": "六分钟，有出息了"}, {"uid": "356614342", "content": "怎么又发了一遍"}, {"uid": "668592941", "content": "遗照预定"}, {"uid": "442267821", "content": "记住这个猫头鹰"}, {"uid": "497290834", "content": "升华主题"}, {"uid": "49842304", "content": "两分钟的电鹿好烫"}, {"uid": "525639315", "content": "2分钟，我又出息了"}, {"uid": "1541642944", "content": "[真   高清]"}, {"uid": "435443450", "content": "泪目"}, {"uid": "433970336", "content": "好多空格"}, {"uid": "2035978800", "content": "工藤新一的老，老金花阁了"}, {"uid": "85598910", "content": "你再骂！"}, {"uid": "1808823778", "content": "主  题  升  华"}, {"uid": "400943185", "content": "看衣服啊喂，"}, {"uid": "1189949408", "content": "刺 猬 卡 尔"}, {"uid": "648027504", "content": "看满离"}, {"uid": "1407483509", "content": "泪目"}, {"uid": "455690861", "content": "泪目（真）"}, {"uid": "176597947", "content": "正片开始"}, {"uid": "1700866203", "content": "泪目"}, {"uid": "527496819", "content": "逐渐恐怖"}, {"uid": "647524384", "content": "《下机》"}, {"uid": "538382769", "content": "小母鹿！"}, {"uid": "118794854", "content": "《拍照》"}, {"uid": "1571031989", "content": "国际手势。"}, {"uid": "1666994217", "content": "我不管我不管！我要冒着生命危险磕3549！"}, {"uid": "676015865", "content": "321，瘸子"}, {"uid": "1001151308", "content": "这这只猫的脸是多啦a梦吗"}, {"uid": "484951279", "content": "笑川大佐！"}, {"uid": "560457767", "content": "Rabbit"}, {"uid": "1289389911", "content": "煮鼠的故事"}, {"uid": "437761281", "content": "泪目了"}, {"uid": "437761281", "content": "泪目"}, {"uid": "1075390227", "content": "把公屏打在泪目上"}, {"uid": "596897648", "content": "泪目"}, {"uid": "525983404", "content": "孙迟但到"}, {"uid": "525983404", "content": "孙迟但到"}, {"uid": "255236099", "content": "电路板工业（doge）"}, {"uid": "140080916", "content": "鹿姐是机器"}, {"uid": "437979891", "content": "泪目"}, {"uid": "2116935460", "content": "已经一万了赶快更"}, {"uid": "494733309", "content": "升华主题"}, {"uid": "494733309", "content": "要不是我带的耳机我都信了"}, {"uid": "497498694", "content": "我要了（王多鱼口气）"}, {"uid": "140080916", "content": "亿点像素"}, {"uid": "140080916", "content": "马宝国？？？"}, {"uid": "1124117237", "content": "索尼克:我TM"}, {"uid": "428708340", "content": "不是:的故事吗"}, {"uid": "538889356", "content": "时代变了"}, {"uid": "521219030", "content": "大家好，他是电猫。"}, {"uid": "483728604", "content": "哈哈哈！"}, {"uid": "222875908", "content": "泪目"}, {"uid": "649026265", "content": "猪鼠的故♂事"}, {"uid": "625298419", "content": "老鼠不是怕猫吗？"}, {"uid": "73680468", "content": "能不能整点阳间的照片"}, {"uid": "73680468", "content": "惟妙惟肖，真好看"}, {"uid": "505558623", "content": "你拿游戏来说这玩意儿。"}, {"uid": "602258110", "content": "画 风 突 变"}, {"uid": "633689449", "content": "威笑"}, {"uid": "174960418", "content": "次元相机"}, {"uid": "472254504", "content": "给老鼠猫就TM离谱"}, {"uid": "701865817", "content": "嬉皮笑脸"}, {"uid": "479056486", "content": "画质提高N万倍"}, {"uid": "495283251", "content": "噗哈哈哈哈哈哈"}, {"uid": "480977417", "content": "蓝   猫"}, {"uid": "1647743102", "content": "《快看》"}, {"uid": "28699217", "content": "给爷泪目！"}, {"uid": "1484232090", "content": "一 模 一 样"}, {"uid": "589168564", "content": "泪目 "}, {"uid": "1444318387", "content": "灵异事件#遗照  (因为他们进入了照片里)"}, {"uid": "129963787", "content": "卧槽。。？？害怕"}, {"uid": "1943249321", "content": "俗话说：人们从历史上学到的最大的教训，就是没从历史上学到教训"}, {"uid": "81572702", "content": "??????我不对劲"}, {"uid": "1737832687", "content": "鬼魂"}, {"uid": "1737832687", "content": "开口脆"}, {"uid": "189764473", "content": "升华主题"}, {"uid": "406080776", "content": "升华主题"}, {"uid": "695269735", "content": "希望就是克隆技术"}, {"uid": "1997459236", "content": "173行为"}, {"uid": "1707665828", "content": "哆啦A梦：嗯那个什么来着哎对美国这批三你爱不释手枪，名字太长了我自己都快忘了，了，我想崩了就完了"}, {"uid": "501438445", "content": "没错，你手机来电了"}, {"uid": "604165197", "content": "操！浪费老子两个币"}, {"uid": "562807032", "content": "5个小时了，扔掉吧"}, {"uid": "500848957", "content": "泪目"}, {"uid": "690734793", "content": "4小时丢进岩浆浸泡几分钟还能吃"}, {"uid": "522214947", "content": "wtf3小时？我出息了！"}, {"uid": "399917638", "content": "高产！？"}, {"uid": "194646715", "content": "升华主题"}, {"uid": "132441315", "content": "可怜的鼹鼠"}, {"uid": "132441315", "content": "你的照片是怎么洗出来的"}, {"uid": "671301815", "content": "你不是刚发过这个视频"}, {"uid": "501438445", "content": "升华主题"}, {"uid": "646017863", "content": "泪目"}, {"uid": "646017863", "content": "主题升华"}, {"uid": "65417848", "content": "哈哈哈哈哈哈"}, {"uid": "481233300", "content": "离谱"}, {"uid": "605112409", "content": "素质鼠"}, {"uid": "515352777", "content": "我去，电鹿伦敦呆久了母语都差起来了（doge）"}, {"uid": "701381463", "content": "这还可以再来一次？"}, {"uid": "35007251", "content": "一个小时不能吃了。 "}, {"uid": "687356337", "content": "泪目"}, {"uid": "629362306", "content": "照妖机"}, {"uid": "629362306", "content": "你在骂!!!!!!!"}, {"uid": "132441315", "content": "索尼克！！！黑猫头鹰，哆啦A"}, {"uid": "605682062", "content": "我TM直接三连"}, {"uid": "474004929", "content": "地狱绘图"}, {"uid": "583248220", "content": "44分钟"}, {"uid": "579677818", "content": "40分钟，第1次"}, {"uid": "27756252", "content": "你上次念的冶（zhi）金"}, {"uid": "632541896", "content": "这不是竹鼠而是鼹鼠"}, {"uid": "498170548", "content": "wc，29分钟！"}, {"uid": "442644021", "content": "好家伙，换镜头提高像素可还行"}, {"uid": "693757004", "content": "热乎！！！"}, {"uid": "492192261", "content": "你别说，还真挺像"}, {"uid": "498661719", "content": "泪目"}, {"uid": "1263264419", "content": "我怎么就没看出来"}, {"uid": "549780021", "content": "泪目"}, {"uid": "549780021", "content": "我笑完就哭了……"}, {"uid": "498291707", "content": "泪目"}, {"uid": "319553630", "content": "这次读对了一半"}, {"uid": "473993704", "content": "泪目"}, {"uid": "372423345", "content": "素质老鼠"}, {"uid": "2061082959", "content": "好家伙。十分钟。"}, {"uid": "1435051248", "content": "兄弟们把泪目打在公屏上"}, {"uid": "483573432", "content": "泪目"}, {"uid": "350911569", "content": "手机震动？"}, {"uid": "481233300", "content": "升华主题"}, {"uid": "669846471", "content": "泪目"}, {"uid": "422371430", "content": "孤寡"}, {"uid": "424671214", "content": "孤寡~孤寡~孤寡~"}, {"uid": "470682509", "content": "？ ？ ？"}, {"uid": "627455472", "content": "两分钟真想"}, {"uid": "428797585", "content": "一各播放量四个。"}, {"uid": "669361725", "content": "刚刚热乎。"}, {"uid": "1541642944", "content": "这就不是你"}, {"uid": "1189949408", "content": "石榴酱？"}, {"uid": "1587409800", "content": "《提高了很多》"}, {"uid": "1587409800", "content": "大胆"}, {"uid": "2026925680", "content": "有个没设美颜（doge）"}, {"uid": "1878734243", "content": "保护"}, {"uid": "713364347", "content": "厚颜无耻之人"}, {"uid": "482301970", "content": "爷青回！！"}, {"uid": "1826301016", "content": "为什么不是竹鼠的日子华南三兄弟"}, {"uid": "1054155962", "content": "泪目哭哭"}, {"uid": "589755252", "content": "这我看过，原来不是这样的 "}, {"uid": "604845248", "content": "泪目"}, {"uid": "1341864215", "content": "35kc3378c1lwf6"}, {"uid": "567521773", "content": "这次一定"}, {"uid": "1152996869", "content": "他本身就不白呀。"}, {"uid": "649912648", "content": "泪目"}, {"uid": "1556856152", "content": "巜透视眼》"}, {"uid": "596897648", "content": "？？？？？我不对劲"}, {"uid": "525983404", "content": "孙迟但到"}, {"uid": "16361456", "content": "哆啦a猫"}, {"uid": "646433788", "content": "上次给了"}, {"uid": "448242039", "content": "工藤新一"}, {"uid": "481720644", "content": "2个月了"}, {"uid": "701741430", "content": "嗯~嗯~嗯"}, {"uid": "489026243", "content": "两个月了"}, {"uid": "140080916", "content": "这我没记错好像是最后一集的部分"}, {"uid": "140080916", "content": "夜京工夜"}, {"uid": "140080916", "content": "嗨，卡丝膜一呆，莫大莫大已，五呀哇咔一卡被倍哟戴！（索尼克越来越近了）"}, {"uid": "702857495", "content": "hhhhhhhhhh"}, {"uid": "140080916", "content": "QAQ"}, {"uid": "412368787", "content": "反向二向箔打击"}, {"uid": "545026152", "content": "手机响了我不玩了"}, {"uid": "428708340", "content": "不是鼹鼠的故事吗？"}, {"uid": "1408240533", "content": "173行为"}, {"uid": "1175929961", "content": "社会我鼠哥"}, {"uid": "792437194", "content": "都四月份了，鹿鹿怎么不更新了"}, {"uid": "526433756", "content": "升华主题"}, {"uid": "649026265", "content": "多啦a梦屁股大，一个马桶装不下"}, {"uid": "506723234", "content": "恐怖故事"}, {"uid": "472900776", "content": "我TM看过，还有碟片"}, {"uid": "522640583", "content": "加油啊电路板"}, {"uid": "602258110", "content": "电鹿逐渐开始放飞自我"}, {"uid": "424613585", "content": "泪目"}, {"uid": "578879590", "content": "the last photo：phase 1"}, {"uid": "545222794", "content": "泪目"}, {"uid": "184308632", "content": "放开他，让我来"}, {"uid": "526249150", "content": "新 的 朋 友"}, {"uid": "110023372", "content": "泪目"}, {"uid": "1444318387", "content": "那没事了"}, {"uid": "1444318387", "content": "那没事了"}, {"uid": "96343567", "content": "你自己也不是人类吗？"}, {"uid": "1084013621", "content": "泪目"}, {"uid": "1945217526", "content": "泪目"}, {"uid": "522166622", "content": "你是个什么牛马"}, {"uid": "519324557", "content": "哦～童年"}, {"uid": "1423273681", "content": "自然选择号，前进4"}, {"uid": "1219084871", "content": "大家好，终于转正了"}, {"uid": "383580675", "content": "我为什么听到了爽？"}, {"uid": "628591108", "content": "自然选择号"}, {"uid": "1707167608", "content": "哇哦好大的qq啊"}, {"uid": "533238172", "content": "哇偶"}, {"uid": "661444147", "content": "泪目"}, {"uid": "520018923", "content": "哈哈哈哈哈哈哈哈"}, {"uid": "631523045", "content": "索尼克可还行"}, {"uid": "81572702", "content": "泪目"}, {"uid": "270592624", "content": "泪目"}, {"uid": "1737832687", "content": "史鸡马塞"}, {"uid": "470493811", "content": "胶卷不要钱的"}, {"uid": "93600757", "content": "今天的B站就看到这了"}, {"uid": "34524105", "content": "是蛙蛙！！！不！！！！！"}, {"uid": "670039627", "content": "泪目泪目泪目"}, {"uid": "662621473", "content": "自然选择号前进四"}, {"uid": "103753006", "content": "泪目"}, {"uid": "525468310", "content": "赫默的那个，白面鸮更应该啊"}, {"uid": "275512190", "content": "哈哈哈哈哈哈nmd"}, {"uid": "436680215", "content": "泪目"}, {"uid": "436680215", "content": "泪目"}, {"uid": "627441825", "content": "泪目"}, {"uid": "496845322", "content": "遗照专用相机"}, {"uid": "645910384", "content": "像素太高的后果"}, {"uid": "431571104", "content": "泪目"}, {"uid": "646737920", "content": "新的朋♂友"}, {"uid": "520513407", "content": "相机"}, {"uid": "646017863", "content": "这次一定"}, {"uid": "36560295", "content": "还会走吗"}, {"uid": "529332293", "content": "时间简史"}, {"uid": "628311722", "content": "泪目"}, {"uid": "699641332", "content": "泪目"}, {"uid": "440664644", "content": "没过万的电鹿"}, {"uid": "627054323", "content": "关上4269的大门"}, {"uid": "474004929", "content": "泪目"}, {"uid": "35678916", "content": "一毛一样"}, {"uid": "35678916", "content": "哈哈哈哈哈哈哈哈"}, {"uid": "545964887", "content": "才十几分钟。太烫了。"}, {"uid": "604014398", "content": "泪目"}, {"uid": "1455808106", "content": "发过一次了"}, {"uid": "693757004", "content": "给爷哭T﹏T"}, {"uid": "1720181372", "content": "一定要看到最后"}, {"uid": "549780021", "content": "泪目"}, {"uid": "549780021", "content": "保护！！！"}, {"uid": "1720181372", "content": "主题升华"}, {"uid": "549780021", "content": "泪目了"}, {"uid": "678198341", "content": "13分钟！热乎的！"}, {"uid": "334039555", "content": "又发了一遍？？？？？"}, {"uid": "473993704", "content": "这次一定"}, {"uid": "10747679", "content": "关上前3000的大门"}, {"uid": "628676319", "content": "泪目"}, {"uid": "473993704", "content": "七分钟！！！我来了鹿哥"}, {"uid": "1273174676", "content": "七分钟，热乎"}, {"uid": "650570350", "content": "热乎，改了标题"}, {"uid": "446902482", "content": "泪目"}, {"uid": "600047483", "content": "冶（ye）炼（doge）"}, {"uid": "662731011", "content": "都是绝种生物啊"}, {"uid": "454057975", "content": "三分钟！鹿鹿我出息了！"}, {"uid": "8022393", "content": "泪目了"}, {"uid": "525265638", "content": "主题升华"}, {"uid": "1748771256", "content": "真 震动模式 "}, {"uid": "25681227", "content": "我这么前排吗"}, {"uid": "1435051248", "content": "你没事儿了"}, {"uid": "433970336", "content": "卡慕"}, {"uid": "1730925788", "content": "小蜜嘴儿 "}, {"uid": "576746067", "content": "照  妖  镜"}, {"uid": "526868862", "content": "谢谢你，卡尔"}, {"uid": "674086481", "content": "一年级老师推荐我们看这个"}, {"uid": "1587409800", "content": "我滴个乖乖"}, {"uid": "34962095", "content": "我的童年"}, {"uid": "703106965", "content": "前方高能"}, {"uid": "1590168538", "content": "非洲鼠"}, {"uid": "168340711", "content": "主题升华"}, {"uid": "1996870774", "content": "我小时候超级喜欢看(º﹃º )"}, {"uid": "1001151308", "content": "我的手机微震起来了"}, {"uid": "567521773", "content": "哈哈哈哈哈哈啊哈哈"}, {"uid": "470741715", "content": "真猫头鹰"}, {"uid": "522209441", "content": "照出原型"}, {"uid": "600263532", "content": "哈哈哈哈哈哈"}, {"uid": "32474119", "content": "泪目"}, {"uid": "694043218", "content": "两个月没更新了"}, {"uid": "1556856152", "content": "巜高亿点点》"}, {"uid": "673922325", "content": "自然选择.前进四"}, {"uid": "669486902", "content": "华农警告"}, {"uid": "622437274", "content": "华农狂喜"}, {"uid": "1868572453", "content": "下次一定"}, {"uid": "499443264", "content": "泪目"}, {"uid": "506291759", "content": "哦这糟糕的台词"}, {"uid": "577639473", "content": "大变动开始"}, {"uid": "16361456", "content": "下次一定"}, {"uid": "497498694", "content": "不、是我"}, {"uid": "140080916", "content": "鸭鸭鸭xN"}, {"uid": "335980711", "content": "泪目"}, {"uid": "545026152", "content": "历史。"}, {"uid": "1219084871", "content": "恐怖"}, {"uid": "1559610311", "content": "干啥啥不行，拖更第一名"}, {"uid": "545026152", "content": "埋下伏笔看到最后"}, {"uid": "1302955117", "content": "升华主题"}, {"uid": "544198338", "content": "居然给我停更"}, {"uid": "1662111599", "content": "哈哈哈哈哈哈哈哈哈"}, {"uid": "700072191", "content": "泪目"}, {"uid": "576689378", "content": "泪目"}, {"uid": "94593903", "content": "泪目"}, {"uid": "604613622", "content": "开幕雷击"}, {"uid": "443111985", "content": "dilidili"}, {"uid": "693408871", "content": "发把狙"}, {"uid": "1649137081", "content": "主题升华"}, {"uid": "1649137081", "content": "我的手机响了吗？？？"}, {"uid": "526249150", "content": "欢 笑 声"}, {"uid": "177550450", "content": "泪目"}, {"uid": "1444318387", "content": "你没事了"}, {"uid": "480977417", "content": "泪目"}, {"uid": "480977417", "content": "蓝 猫"}, {"uid": "437213158", "content": "泪目( Ĭ ^ Ĭ )"}, {"uid": "671448904", "content": "泪目"}, {"uid": "433725177", "content": "泪目"}, {"uid": "517883260", "content": "泪目"}, {"uid": "86518232", "content": "侧面有个洞"}, {"uid": "515872795", "content": "像素就高的很离谱"}, {"uid": "2029522996", "content": "强行升华"}, {"uid": "445334060", "content": "泪目"}, {"uid": "1444318387", "content": "保护"}, {"uid": "601052233", "content": "泪目"}, {"uid": "474210858", "content": "泪目"}, {"uid": "520592430", "content": "你再指"}, {"uid": "527400380", "content": "开始升华"}, {"uid": "499630708", "content": "泪目"}, {"uid": "597213325", "content": "泪目泪目"}, {"uid": "291650001", "content": "冯诺曼地盘，农民傻了"}, {"uid": "588870409", "content": "真就像素提高 "}, {"uid": "588870409", "content": "173行为。"}, {"uid": "442412795", "content": "生华"}, {"uid": "362733728", "content": "苍野镜头"}, {"uid": "517248394", "content": "1.6万！"}, {"uid": "549603141", "content": "泪目"}, {"uid": "1566686573", "content": "那没事了"}, {"uid": "615692726", "content": "多来a梦？"}, {"uid": "66600479", "content": "泪目"}, {"uid": "1874742777", "content": "下次一定"}, {"uid": "472157814", "content": "我要不是电脑我就信了"}, {"uid": "670039627", "content": "泪目"}, {"uid": "1615213254", "content": "我看过这个？！"}, {"uid": "516202149", "content": "泪目"}, {"uid": "401890928", "content": "泪目"}, {"uid": "399748687", "content": "哈哈哈哈哈"}, {"uid": "702981462", "content": "这他妈叫鼹鼠"}, {"uid": "401095970", "content": "来啦老婆"}, {"uid": "549603141", "content": "泪目"}, {"uid": "430090120", "content": "遗像"}, {"uid": "511218901", "content": "像鸡"}, {"uid": "471304428", "content": "泪目"}, {"uid": "384530861", "content": "真就离谱"}, {"uid": "604269581", "content": "四小时凉透了"}, {"uid": "524015569", "content": "泪目"}, {"uid": "455632096", "content": "害怕"}, {"uid": "478089038", "content": "一模一样～"}, {"uid": "698496836", "content": "泪目"}, {"uid": "290421323", "content": "泪目"}, {"uid": "565500067", "content": "泪目"}, {"uid": "516671036", "content": "温乎"}, {"uid": "605112409", "content": "索尼克：你马梅了"}, {"uid": "605112409", "content": "写实风"}, {"uid": "34602394", "content": "看着就疼，左臂残废了吧"}, {"uid": "1055364713", "content": "一小时，还可以"}, {"uid": "605851043", "content": "泪目"}, {"uid": "1305243621", "content": "一小时不能吃了"}, {"uid": "518972740", "content": "泪目"}, {"uid": "481320908", "content": "我好像在梦中看过"}, {"uid": "429507280", "content": "48分钟刚刚好。"}, {"uid": "147103903", "content": "28分钟，热乎"}, {"uid": "514296695", "content": "cccccccc27分钟！！！"}, {"uid": "693757004", "content": "泪目"}, {"uid": "549780021", "content": "哭哭哭"}, {"uid": "676630718", "content": "照妖镜"}, {"uid": "83219391", "content": "哈哈哈哈哈哈哈哈"}, {"uid": "549780021", "content": "开始泪目"}, {"uid": "549780021", "content": "上价值啦"}, {"uid": "677039452", "content": "18分钟热乎"}, {"uid": "403418641", "content": "16分钟，热乎"}, {"uid": "437468932", "content": "16分钟热热还能吃"}, {"uid": "645969236", "content": "泪目"}, {"uid": "486778473", "content": "烫手"}, {"uid": "291323554", "content": "泪目"}, {"uid": "446004778", "content": "热乎！！"}, {"uid": "473993704", "content": "孤寡孤寡孤寡孤寡孤寡"}, {"uid": "454029637", "content": "八分钟麻麻我出息了"}, {"uid": "400937522", "content": "七分钟"}, {"uid": "593962167", "content": "升华主题"}, {"uid": "392227873", "content": "泪目"}, {"uid": "356614342", "content": "热乎"}, {"uid": "28071482", "content": "泪目"}, {"uid": "442267821", "content": "wdnmd x2"}, {"uid": "620892335", "content": "三分钟！"}, {"uid": "213186828", "content": "这相机就离谱"}, {"uid": "494125005", "content": "三分钟我有出息了。"}, {"uid": "293935447", "content": "升华主题"}, {"uid": "603713426", "content": "心脏骤停"}, {"uid": "512041254", "content": "发两遍？"}, {"uid": "28071482", "content": "两分钟我出息了"}, {"uid": "478021955", "content": "以为闹钟又响了"}, {"uid": "645732999", "content": "来了来了"}, {"uid": "488318539", "content": "升华主题"}, {"uid": "43161631", "content": "刚刚，好烫"}, {"uid": "1635183608", "content": "两极反转，扭转乾坤 "}, {"uid": "604014641", "content": "卡而"}, {"uid": "1119998862", "content": "谢 谢 卡 尔"}, {"uid": "1850297632", "content": "卡尔"}, {"uid": "52367550", "content": "猫头  鹰"}, {"uid": "499548963", "content": "对不起"}, {"uid": "522131448", "content": "杰哥乱入"}, {"uid": "118794854", "content": "全家福"}, {"uid": "406008414", "content": "321，瞎子"}, {"uid": "416560501", "content": "哈哈哈哈哈哈哈哈哈哈哈"}, {"uid": "1122474588", "content": "泪目"}, {"uid": "524003878", "content": "下次一定"}, {"uid": "1481112160", "content": "鹿……"}, {"uid": "594590902", "content": "我看过漫画版！！"}, {"uid": "657020430", "content": "我他妈直接泪慕"}, {"uid": "511665876", "content": "1.1万了"}, {"uid": "413130599", "content": "一万啦"}, {"uid": "16361456", "content": "泪目"}, {"uid": "481720644", "content": "泪目"}, {"uid": "1463550671", "content": "爷是鼹鼠"}, {"uid": "489026243", "content": "一个月"}, {"uid": "140080916", "content": "？？？"}, {"uid": "666587138", "content": "索尼克？"}, {"uid": "538889356", "content": "正片开始"}, {"uid": "538889356", "content": "童年"}, {"uid": "770011770", "content": "相鸡"}, {"uid": "457041274", "content": "泪目"}, {"uid": "288145212", "content": "害怕"}, {"uid": "696783369", "content": "暴力"}, {"uid": "443111985", "content": "dilidili"}, {"uid": "1508525644", "content": "泪目"}, {"uid": "649026265", "content": "《离 谱》"}, {"uid": "649026265", "content": "真就震动呗"}, {"uid": "662628930", "content": "文明"}, {"uid": "809389712", "content": "哆啦A梦？？？"}, {"uid": "805776911", "content": "突然哲学"}, {"uid": "615835345", "content": "越来越离谱了"}, {"uid": "481332706", "content": "泪目了"}, {"uid": "20261848", "content": "害怕"}, {"uid": "357747800", "content": "泪目"}, {"uid": "602258110", "content": "我老不正经了"}, {"uid": "1338459697", "content": "快乐快乐！"}, {"uid": "614966970", "content": "............"}, {"uid": "588761346", "content": "泪目"}, {"uid": "486069481", "content": "泪目"}, {"uid": "676600014", "content": "升华主题"}, {"uid": "172871510", "content": "哈哈哈哈"}, {"uid": "517883260", "content": "前方高能预警"}, {"uid": "1588259699", "content": "黑猫警长？"}, {"uid": "638104862", "content": "鹿！"}, {"uid": "694095095", "content": "泪目"}, {"uid": "646295043", "content": "孤寡孤寡"}, {"uid": "695546945", "content": "泪目"}, {"uid": "478993490", "content": "就直接才遗像呗！"}, {"uid": "403413013", "content": "草了"}, {"uid": "588870409", "content": "清晰多了 "}, {"uid": "425731972", "content": "下次一定"}, {"uid": "549967751", "content": "泪目"}, {"uid": "1158357978", "content": "泪目"}, {"uid": "189764473", "content": "哈哈哈哈哈哈哈哈哈哈哈"}, {"uid": "1237249987", "content": "泪目"}, {"uid": "630545548", "content": "泪目"}, {"uid": "12229436", "content": "太暴力了！"}, {"uid": "107441389", "content": "害怕"}, {"uid": "662621473", "content": "泪目"}, {"uid": "639375901", "content": "哈哈哈哈哈哈哈哈哈哈哈哈"}, {"uid": "639375901", "content": "曹不要脸"}, {"uid": "398325", "content": "好家伙"}, {"uid": "399748687", "content": "泪目"}, {"uid": "401095970", "content": "来啦"}, {"uid": "439137312", "content": "泪目"}, {"uid": "488463327", "content": "泪目"}, {"uid": "1844672629", "content": "五小时！！！"}, {"uid": "627421244", "content": "不是鼹鼠吗"}, {"uid": "631231848", "content": "泪目"}, {"uid": "604118780", "content": "前进四"}, {"uid": "430948745", "content": "？！"}, {"uid": "475062367", "content": "正片开始"}, {"uid": "475062367", "content": "正片开始"}, {"uid": "1305647679", "content": "呜！！！！"}, {"uid": "478089038", "content": "8对劲"}, {"uid": "673628934", "content": "貂蝉"}, {"uid": "1705046041", "content": "泪目"}, {"uid": "132441315", "content": "索尼克。？。？？？"}, {"uid": "253165119", "content": "热乎"}, {"uid": "620063657", "content": "泪目"}, {"uid": "343176884", "content": "冶（yě金"}, {"uid": "521627083", "content": "泪目"}, {"uid": "642187822", "content": "盖亚盖亚盖亚"}, {"uid": "67214086", "content": "变成赫墨?"}, {"uid": "1218554735", "content": "好耶好耶"}, {"uid": "180954336", "content": "？？？？"}, {"uid": "381952063", "content": "遗照"}, {"uid": "436452857", "content": "一个小时"}, {"uid": "629019583", "content": "来了"}, {"uid": "632850107", "content": "你再骂！"}, {"uid": "494745239", "content": "我的童年"}, {"uid": "622915899", "content": "泪目"}, {"uid": "132441315", "content": "泪目"}, {"uid": "511925138", "content": "泪目"}, {"uid": "38156530", "content": "盖亚盖亚"}, {"uid": "470216816", "content": "芜湖"}, {"uid": "30210768", "content": "哈哈哈"}, {"uid": "35678916", "content": "???????"}, {"uid": "589269753", "content": "泪目"}, {"uid": "604014398", "content": "热乎"}, {"uid": "700904599", "content": "27分钟！！！！"}, {"uid": "457825165", "content": "哈哈哈哈哈哈哈哈哈哈哈"}, {"uid": "494158955", "content": "23分钟热乎"}, {"uid": "539961854", "content": "22分钟！"}, {"uid": "1263264419", "content": "太突然了"}, {"uid": "334039555", "content": "怎么回事"}, {"uid": "596963490", "content": "泪目"}, {"uid": "507235447", "content": "21分钟，真不戳"}, {"uid": "1398337475", "content": "11分钟，真不错"}, {"uid": "225408126", "content": "十分钟热乎"}, {"uid": "514077820", "content": "8分钟！"}, {"uid": "514077820", "content": "8分钟！"}, {"uid": "473993704", "content": "爷爷您孙子来电话了～爷爷您孙子来电话了～（狗头保命）"}, {"uid": "21169828", "content": "九分钟电鹿好烫"}, {"uid": "514077820", "content": "8分钟！"}, {"uid": "455951787", "content": "真烫"}, {"uid": "407269985", "content": "8分！"}, {"uid": "519046152", "content": "7分钟！"}, {"uid": "418450196", "content": "钻"}, {"uid": "600047483", "content": "泪目"}, {"uid": "600047483", "content": "泪目"}, {"uid": "600047483", "content": "泪目"}, {"uid": "1468699425", "content": "五分钟"}, {"uid": "513302921", "content": "四分钟"}, {"uid": "476430520", "content": "热乎"}, {"uid": "514988557", "content": "热乎"}, {"uid": "693349504", "content": "三分钟热乎"}, {"uid": "589127843", "content": "第一！！！！"}, {"uid": "356187728", "content": "两分钟！"}, {"uid": "645732999", "content": "哈哈哈"}, {"uid": "362385803", "content": "？？？？？？？？"}, {"uid": "296098754", "content": "热乎"}, {"uid": "2140514476", "content": "泪目"}, {"uid": "128384838", "content": "泪目"}, {"uid": "645915552", "content": "巜像素超高 ~’》"}, {"uid": "797029801", "content": "谢谢你是卡尔"}, {"uid": "506199115", "content": "？"}, {"uid": "599991491", "content": "卡尔？"}, {"uid": "1587409800", "content": "这啥呀"}, {"uid": "2090621281", "content": "泪目"}, {"uid": "2090621281", "content": "泪目"}, {"uid": "1860014519", "content": "改 装"}, {"uid": "2026925680", "content": "都给我哭！！"}, {"uid": "2026925680", "content": "c！"}, {"uid": "520915750", "content": "像鸡"}, {"uid": "1459573308", "content": "？？？??"}, {"uid": "1459573308", "content": "老子他妈是鼹鼠"}, {"uid": "2089162098", "content": "泪目"}, {"uid": "543150546", "content": "这我都看过"}, {"uid": "1289193350", "content": "纳尼"}, {"uid": "567521773", "content": "变脸模式"}, {"uid": "313295466", "content": "？？？？？？？？？？？？"}, {"uid": "741187997", "content": "泪目"}, {"uid": "690550945", "content": "泪目"}, {"uid": "1264852586", "content": "泪目了"}, {"uid": "1556856152", "content": "中指吗？"}, {"uid": "693191906", "content": "泪目"}, {"uid": "503147906", "content": "淚目"}, {"uid": "2050338367", "content": "智 能"}, {"uid": "1838357972", "content": "好呀好呀好呀好呀好呀"}, {"uid": "1838357972", "content": "你说是不是呀"}, {"uid": "583335488", "content": "正片开始"}, {"uid": "576309234", "content": "索尼克"}, {"uid": "1124117237", "content": "真一模一样"}, {"uid": "1016830981", "content": "我，去"}, {"uid": "657020430", "content": "泪目了"}, {"uid": "582788566", "content": "前方高能"}, {"uid": "1061682888", "content": "泪目"}, {"uid": "508876200", "content": "来啦"}, {"uid": "578879590", "content": "wagit"}, {"uid": "1852141324", "content": "泪目"}, {"uid": "519930717", "content": "我小时候还喜欢看"}, {"uid": "646276100", "content": "泪目"}, {"uid": "696783369", "content": "暴力"}, {"uid": "604613622", "content": "111.1万粉啦"}, {"uid": "645658725", "content": "泪目"}, {"uid": "506723234", "content": "素质"}, {"uid": "481010137", "content": "害怕"}, {"uid": "805776911", "content": "真白"}, {"uid": "2096416019", "content": "泪目"}, {"uid": "687046782", "content": "泪目"}, {"uid": "687046782", "content": "害怕"}, {"uid": "1983930294", "content": "泪目"}, {"uid": "602258110", "content": "耳膜毁灭"}, {"uid": "1338459697", "content": "？？？？？？？？？？？？"}, {"uid": "385686", "content": "哈哈哈哈哈"}, {"uid": "476209825", "content": "泪目"}, {"uid": "406950598", "content": "泪目"}, {"uid": "526249150", "content": "快 乐 建 立 在 别 人 的 痛 苦 之 上"}, {"uid": "85367523", "content": "难受"}, {"uid": "382446936", "content": "ildild"}, {"uid": "1079350816", "content": "泪目"}, {"uid": "1219084871", "content": "这是兔子，这是刺猬，这是电鹿。"}, {"uid": "516736773", "content": "久离谱"}, {"uid": "643091533", "content": "c"}, {"uid": "1660783744", "content": "。。。。。。"}, {"uid": "2061204132", "content": "SCP087"}, {"uid": "533238172", "content": "我淦，好吓人"}, {"uid": "510696656", "content": "下次丕定"}, {"uid": "520132305", "content": "泪目"}, {"uid": "129963787", "content": "？？？"}, {"uid": "1951428706", "content": "泪目"}, {"uid": "1951428706", "content": "泪目"}, {"uid": "588870409", "content": "卡哇伊 "}, {"uid": "442610623", "content": "ildilid"}, {"uid": "1290465759", "content": "泪目"}, {"uid": "511914042", "content": "泪目"}, {"uid": "406080776", "content": "泪目"}, {"uid": "1852475541", "content": "泪目"}, {"uid": "661112214", "content": "泪目"}, {"uid": "556300460", "content": "泪目"}, {"uid": "496177681", "content": "？？？？"}, {"uid": "651843844", "content": "rua？"}, {"uid": "698067826", "content": "害怕"}, {"uid": "1143652410", "content": "泪目"}, {"uid": "618254923", "content": "泪目"}, {"uid": "639375901", "content": "洞？"}, {"uid": "297502479", "content": "热乎"}, {"uid": "633605552", "content": "六个小时"}, {"uid": "699099927", "content": "泪目"}, {"uid": "352914826", "content": "热乎"}, {"uid": "1133362005", "content": "五小时"}, {"uid": "604269581", "content": "哇塞"}, {"uid": "452755673", "content": "娶？"}, {"uid": "701375282", "content": "泪目"}, {"uid": "679210634", "content": "孤寡"}, {"uid": "75056342", "content": "？"}, {"uid": "36560295", "content": "啊，这"}, {"uid": "36560295", "content": "?"}, {"uid": "483342952", "content": "两小时"}, {"uid": "1408793346", "content": "泪目"}, {"uid": "26744454", "content": "你再骂"}, {"uid": "627987363", "content": "泪目"}, {"uid": "431131896", "content": "一小时"}, {"uid": "1896376322", "content": "56分钟很〉"}, {"uid": "536327011", "content": "49分钟"}, {"uid": "375496827", "content": "遗照"}, {"uid": "483637342", "content": "热乎"}, {"uid": "672435981", "content": "41！"}, {"uid": "443265631", "content": "34分钟！"}, {"uid": "589269753", "content": "wdnmd"}, {"uid": "564532492", "content": " 27分钟好耶"}, {"uid": "514535248", "content": "8分钟，烫手"}, {"uid": "663407524", "content": "泪目"}, {"uid": "434337083", "content": "热乎"}, {"uid": "446328927", "content": "十五分钟！"}, {"uid": "645916046", "content": "还热乎"}, {"uid": "511018197", "content": "九分钟"}, {"uid": "473993704", "content": "好耶"}, {"uid": "415492856", "content": "六分钟热乎"}, {"uid": "429695131", "content": "害怕"}, {"uid": "471152213", "content": "六分钟"}, {"uid": "524384037", "content": "五分钟"}, {"uid": "531269379", "content": "四分钟！"}, {"uid": "476158509", "content": "四分钟!"}, {"uid": "52843664", "content": "害怕"}, {"uid": "414678902", "content": "热乎"}, {"uid": "482416644", "content": "害怕"}, {"uid": "431024657", "content": "pdd"}, {"uid": "431554965", "content": "yě"}, {"uid": "627455472", "content": "这就离谱"}, {"uid": "1435051248", "content": "打卡"}, {"uid": "396816039", "content": "第一条弹幕"}, {"uid": "1436880954", "content": "刚刚！"}, {"uid": "43724123", "content": "九分钟！"}, {"uid": "352963970", "content": "韩 亚"}, {"uid": "715188084", "content": "泪目"}, {"uid": "445553610", "content": "天哪"}, {"uid": "383876650", "content": "哦呵呵呵呵呵呵"}, {"uid": "401160103", "content": "泪目"}, {"uid": "157108343", "content": "泪目"}, {"uid": "1497479925", "content": "泪目"}, {"uid": "688918829", "content": "卡尔！"}, {"uid": "2014477778", "content": "卡尔？"}, {"uid": "354246967", "content": "泪目"}, {"uid": "1234621932", "content": "泪目"}, {"uid": "1467093849", "content": "泪目"}, {"uid": "2026925680", "content": "？？？"}, {"uid": "692481873", "content": "索尼克"}, {"uid": "548260533", "content": "泪目"}, {"uid": "160609597", "content": "泪目"}, {"uid": "1665432608", "content": "求动漫"}, {"uid": "118794854", "content": "泪目"}, {"uid": "475593113", "content": "下次丕定"}, {"uid": "560457767", "content": "这是坦克"}, {"uid": "534986013", "content": "泪目"}, {"uid": "626822057", "content": "泪目"}, {"uid": "284024191", "content": "笑川我:?"}, {"uid": "318646488", "content": "烧"}, {"uid": "698098216", "content": "这是照妖镜吧？"}, {"uid": "466739166", "content": "正片开始 "}, {"uid": "687849076", "content": "泪目"}, {"uid": "104692578", "content": "非洲老黑"}, {"uid": "2016970444", "content": "你要干嘛 "}, {"uid": "1289036424", "content": "泪目"}, {"uid": "140080916", "content": "啊啊啊，啊 啊 啊！黑猫警长！（黑猫警长演唱着）"}, {"uid": "657020430", "content": "泪目"}, {"uid": "496177091", "content": "泪目"}, {"uid": "604229421", "content": "？"}, {"uid": "1200463172", "content": "泪目"}, {"uid": "649026265", "content": "泪目"}, {"uid": "1230689826", "content": "武器？"}, {"uid": "1539509611", "content": "泪目"}, {"uid": "1764094661", "content": "泪目"}, {"uid": "506723234", "content": "好玩"}, {"uid": "1649137081", "content": "哈哈"}, {"uid": "498053296", "content": "好好"}, {"uid": "1238611338", "content": "汨目"}, {"uid": "1338459697", "content": "？？？？"}, {"uid": "612479242", "content": "泪目"}, {"uid": "1417218736", "content": "大"}, {"uid": "1203385752", "content": "fff"}, {"uid": "695151688", "content": "淦i"}, {"uid": "1415473041", "content": "前进四"}, {"uid": "1588259699", "content": "你再骂"}, {"uid": "701401197", "content": "泪目"}, {"uid": "500984137", "content": "泪目"}, {"uid": "636792139", "content": "泪目"}, {"uid": "589686680", "content": "泪目"}, {"uid": "217741117", "content": "泪目"}, {"uid": "1951428706", "content": "泪目"}, {"uid": "1951428706", "content": "武器A好评"}, {"uid": "629277057", "content": "泪目"}, {"uid": "406239164", "content": "牛逼"}, {"uid": "498578524", "content": "、"}, {"uid": "696732182", "content": "泪目"}, {"uid": "4120182", "content": "古尔丹【】"}, {"uid": "1956754223", "content": "雷姆"}, {"uid": "504432681", "content": "555"}, {"uid": "618254923", "content": "泪目"}, {"uid": "639375901", "content": "？"}, {"uid": "267318616", "content": "泪目"}, {"uid": "1229875498", "content": "你币有了"}, {"uid": "689738720", "content": "五小时"}, {"uid": "485838488", "content": "泪目"}, {"uid": "1305647679", "content": "也被每个看了照片的朋友围殴了一顿··········"}, {"uid": "151806103", "content": "《国  际  友  好  手  势》"}, {"uid": "524570356", "content": "一小时"}, {"uid": "146358568", "content": "az"}, {"uid": "453116216", "content": "1小时"}, {"uid": "1932423474", "content": "一小时"}, {"uid": "247170251", "content": "啊这"}, {"uid": "35468985", "content": "好耶"}, {"uid": "2006926204", "content": "你再骂！"}, {"uid": "2006926204", "content": "wdnmd"}, {"uid": "484423980", "content": "？"}, {"uid": "1896376322", "content": "56分钟很烫"}, {"uid": "205291602", "content": "正片开始"}, {"uid": "491441887", "content": "49分钟热乎"}, {"uid": "30210768", "content": "？？？"}, {"uid": "638662916", "content": "热乎的"}, {"uid": "492449177", "content": "35分钟！"}, {"uid": "485987538", "content": "热乎"}, {"uid": "1653776238", "content": "泪目"}, {"uid": "589745574", "content": "热乎"}, {"uid": "689092420", "content": "20分钟！"}, {"uid": "32158951", "content": "18分钟！"}, {"uid": "123039742", "content": "15分钟，热乎"}, {"uid": "511485590", "content": "照 出 原 形"}, {"uid": "619728412", "content": "13分钟！"}, {"uid": "511485590", "content": "禁止好耶"}, {"uid": "511485590", "content": "震动"}, {"uid": "511485590", "content": "插"}, {"uid": "511485590", "content": "那 没 事 了"}, {"uid": "511485590", "content": "武 器 A"}, {"uid": "629347387", "content": "lm"}, {"uid": "544455936", "content": "9"}, {"uid": "629177927", "content": "9分钟"}, {"uid": "1882167937", "content": "拍摄这部动画的像素还不 够高"}, {"uid": "496750854", "content": "有人吗"}, {"uid": "496750854", "content": "有人吗"}, {"uid": "496750854", "content": "？"}, {"uid": "1435051248", "content": "泪目"}, {"uid": "426074034", "content": "六分钟！"}, {"uid": "30936611", "content": "6"}, {"uid": "597886945", "content": "6分钟"}, {"uid": "494912891", "content": "泪目"}, {"uid": "508900860", "content": "好烫"}, {"uid": "524433973", "content": "《一模一样》"}, {"uid": "239830191", "content": "泪目"}, {"uid": "1880823355", "content": "12fe"}, {"uid": "1435051248", "content": "泪目"}, {"uid": "422371430", "content": "2分钟"}, {"uid": "249685021", "content": "407"}, {"uid": "512041254", "content": "两分钟"}, {"uid": "513707744", "content": "农民傻了"}, {"uid": "450739527", "content": "刚刚"}, {"uid": "516698275", "content": "刚刚"}, {"uid": "410299630", "content": "你好开。"}, {"uid": "1635183608", "content": "正片开始 "}, {"uid": "472402405", "content": "泪目"}, {"uid": "645915552", "content": "索尼克 : 你*****"}, {"uid": "1808823778", "content": "泪目"}, {"uid": "548888739", "content": "啥啥这个啥"}, {"uid": "671691703", "content": "这就是毁童年"}, {"uid": "1700866203", "content": "你币没了"}, {"uid": "560457767", "content": "屁"}, {"uid": "445334060", "content": "出吧，过了"}, {"uid": "476863531", "content": "扫墓"}, {"uid": "476863531", "content": "扫墓"}, {"uid": "1556856152", "content": "白智玩具"}, {"uid": "347039072", "content": "五月拖更"}, {"uid": "1251917687", "content": "依照依照"}, {"uid": "384262549", "content": "00000"}, {"uid": "384262549", "content": "0"}, {"uid": "318646488", "content": "烧"}, {"uid": "104692578", "content": "梦幻联动"}, {"uid": "1484067337", "content": "泪目"}, {"uid": "523124519", "content": "现在都五月多了还不更新"}, {"uid": "1985682430", "content": "泪目"}, {"uid": "222791831", "content": "—4S"}, {"uid": "222791831", "content": "时间正在加速流逝"}, {"uid": "1104006052", "content": "快更新qwq"}, {"uid": "433615586", "content": "泪目 "}, {"uid": "2016970444", "content": "害怕怕"}, {"uid": "1479036674", "content": "这就泥土"}, {"uid": "140080916", "content": "哇哇哇哇哇xN"}, {"uid": "435190876", "content": "下次一定。"}, {"uid": "1838357972", "content": "你说是不是呀"}, {"uid": "26553466", "content": "hhhhhhhhhhhhhhhhhhhhh"}, {"uid": "177247192", "content": "唉"}, {"uid": "135638125", "content": "泪目"}, {"uid": "538889356", "content": "泪目"}, {"uid": "326991516", "content": "SCP"}, {"uid": "326991516", "content": "SCP"}, {"uid": "688323924", "content": "我们收容、我们控制、我们保护、"}, {"uid": "313052260", "content": "哈哈哈哈哈哈哈哈"}, {"uid": "10476976", "content": "这相片是白纸啊"}, {"uid": "508008339", "content": "雷姆内个等等我"}, {"uid": "513830791", "content": "u>2f,f<v<2f,u>v"}, {"uid": "1316615582", "content": "一"}, {"uid": "450307480", "content": "蕾姆"}, {"uid": "647113416", "content": "雷姆"}, {"uid": "1238611338", "content": "？"}, {"uid": "578879590", "content": "S C P"}, {"uid": "661212340", "content": "爷三级啦"}, {"uid": "661212340", "content": "爷三级啦"}, {"uid": "526249150", "content": "三二一wdnmd"}, {"uid": "1444318387", "content": "星灵使大人你觉得我会有一天灭绝吗?或许我这种奇怪的星灵本就不该存在，明明只是一个身体却有两个灵魂"}, {"uid": "416024393", "content": "lilblilb"}, {"uid": "651114777", "content": "低情商：臭不要脸 高情商：终于露脸了（doge）"}, {"uid": "674672582", "content": "，"}, {"uid": "1951428706", "content": "参见天皇"}, {"uid": "1951428706", "content": "危"}, {"uid": "1951428706", "content": "我方核裂变打击正在部署重复我方核裂变打击正在部署"}, {"uid": "1951428706", "content": "参见天皇"}, {"uid": "503340829", "content": "生而为人我很抱歉"}, {"uid": "1099112799", "content": "毁童年！！！！！"}, {"uid": "1508115160", "content": "这弹幕啊"}, {"uid": "1823735826", "content": "快乐！！！！！！！"}, {"uid": "23069464", "content": "像鸡"}, {"uid": "494054760", "content": "！"}, {"uid": "509316408", "content": "一模一样"}, {"uid": "631600474", "content": "四小时还能吃"}, {"uid": "362326526", "content": "今天我也做一次白嫖党    下次一定"}, {"uid": "475062367", "content": "保护"}, {"uid": "475062367", "content": "保护"}, {"uid": "475062367", "content": "保护"}, {"uid": "1289303295", "content": "日本天皇"}, {"uid": "1838522519", "content": "都给爷哭！！"}, {"uid": "438227425", "content": "笑鴞？"}, {"uid": "520513407", "content": "危"}, {"uid": "615272739", "content": "泪目"}, {"uid": "615272739", "content": "泪目"}, {"uid": "615272739", "content": "泪目"}, {"uid": "611832831", "content": "泪目"}, {"uid": "519258418", "content": "盲猜变成YOLL"}, {"uid": "350161904", "content": "蕾姆"}, {"uid": "476912443", "content": "1小时"}, {"uid": "682813063", "content": "我只提高了一点像素"}, {"uid": "43166360", "content": "好奇怪 怎么没有中国的"}, {"uid": "513257093", "content": "热乎的！"}, {"uid": "519466759", "content": "泪目"}, {"uid": "511485590", "content": "害怕"}, {"uid": "511485590", "content": "多啦a梦是咋混进来的啊喂"}, {"uid": "511485590", "content": "有没有飞行模式（doge"}, {"uid": "596963490", "content": "好长时间的空屏啊啊啊啊啊啊都是我的"}, {"uid": "511485590", "content": "洞（自动变黄"}, {"uid": "470267520", "content": "十分钟"}, {"uid": "511485590", "content": "再来亿遍 电路太可爱了"}, {"uid": "515846961", "content": "9分钟"}, {"uid": "496750854", "content": "有人吗"}, {"uid": "695943233", "content": "七分钟"}, {"uid": "496750854", "content": "有弹幕吗我害怕"}, {"uid": "666661032", "content": "蕾姆"}, {"uid": "269526996", "content": "六分钟。"}, {"uid": "482149749", "content": "这么烫手就离谱"}, {"uid": "496750854", "content": "第一第一"}, {"uid": "627871658", "content": "泪目"}, {"uid": "589041939", "content": "刚刚！我tm原地举报。"}, {"uid": "524433973", "content": "你要拿来干什么"}, {"uid": "37440372", "content": "卧槽我手机真的动了，不玩了"}, {"uid": "627871658", "content": "像素提高了很多"}, {"uid": "399359023", "content": "三分钟不够烫"}, {"uid": "2036116531", "content": "爱电鹿"}, {"uid": "442267821", "content": "wdnmd"}, {"uid": "645732999", "content": "啊，这"}, {"uid": "249685021", "content": "第407名。"}, {"uid": "188779012", "content": "一"}, {"uid": "428797585", "content": "我第二个。"}, {"uid": "544076806", "content": "刚刚"}, {"uid": "444339417", "content": "哈哈"}, {"uid": "96203441", "content": "我是第一个投币的"}, {"uid": "441332902", "content": "热乎"}, {"uid": "1652229841", "content": "《   竹   鼠   的   故   事   像   鸡   》"}, {"uid": "24169154", "content": "我用电脑。。。。。。"}, {"uid": "298596920", "content": "直接三连谢谢"}, {"uid": "627594445", "content": "天闹黑卡"}, {"uid": "443262720", "content": "武       器          b"}, {"uid": "1251917687", "content": "遗照"}, {"uid": "669486902", "content": "？？？？？？？？？？？？？？？？？？？？？？？？？？？？？？？？？？？？？？？？？？？？？？？？？"}, {"uid": "663134598", "content": "泪目泪目泪目泪目泪目泪目泪目泪目"}, {"uid": "2016970444", "content": "低情商 :真不要脸 高情商:年轻时真帅 "}, {"uid": "833590451", "content": "模    因    危    害"}, {"uid": "26553466", "content": "紫色隐者！"}, {"uid": "1209931521", "content": "泪目          泪目                         泪目          泪目"}]