[{"uid": "1406797184", "content": "《父慈子哮》"}, {"uid": "497734218", "content": "你  要  坚  强"}, {"uid": "34188639", "content": "妈-妈—的味-道！"}, {"uid": "478021220", "content": "[小火龙] 试图在空气中游泳"}, {"uid": "1357356909", "content": "俗称:放屁"}, {"uid": "554650519", "content": "《亚 撒 西》"}, {"uid": "554650519", "content": "爱是一道光绿到你发慌"}, {"uid": "624154980", "content": "G E 9 0"}, {"uid": "809372473", "content": "父  慈  子  孝"}, {"uid": "604361896", "content": "《优美的中国话》"}, {"uid": "666587138", "content": "一定要坚强啊（灰字再次转为绿字）"}, {"uid": "570305237", "content": "草，吓爷一跳！"}, {"uid": "632970695", "content": "原谅的光照在了头顶上 "}, {"uid": "445600080", "content": "小恐龙在试图逃离父亲时感受到动能"}, {"uid": "350314961", "content": "我的屁可香了"}, {"uid": "350314961", "content": "正道的光"}, {"uid": "350314961", "content": "恭喜恭喜"}, {"uid": "448242287", "content": "小恐龙 再起不能"}, {"uid": "483663355", "content": "文 yee 复 兴"}, {"uid": "391792469", "content": "春天的草地~需要浇水~"}, {"uid": "1340315178", "content": "这是一个悲伤的故事，给爷哭"}, {"uid": "27626234", "content": "恐龙 从高处摔了下来。                                                              "}, {"uid": "691610811", "content": "《上 天》"}, {"uid": "482386111", "content": "小恐龙从高处摔了下来"}, {"uid": "482386111", "content": "龙族的青草地需要浇水"}, {"uid": "433891759", "content": "开屏暴击"}, {"uid": "622587518", "content": "正道的光照在了你脸上 ！"}, {"uid": "622587518", "content": "《子儿》"}, {"uid": "668736115", "content": "\"  优雅  \""}, {"uid": "636329353", "content": "小恐龙从高处摔了下来"}, {"uid": "407799866", "content": "优      雅"}, {"uid": "489406472", "content": "                                                                 卒——卒"}, {"uid": "693737229", "content": "全篇充斥着绿的气息"}, {"uid": "489076043", "content": "幸福一家"}, {"uid": "526549284", "content": "《优雅》"}, {"uid": "583081327", "content": "被鹿鹿拿去擦嘴了"}, {"uid": "501023611", "content": "孝  死  我  了"}, {"uid": "501023611", "content": "用笑掩饰悲伤"}, {"uid": "501023611", "content": "孩子长的挺好看"}, {"uid": "492483439", "content": "小恐龙：我太难了"}, {"uid": "477763050", "content": "惹人喜爱⋯你要知道．是因为自己是从没有过来"}, {"uid": "688260084", "content": "光  年  之  外"}, {"uid": "550316960", "content": "健  康  清  新"}, {"uid": "550316960", "content": "反  科  学  婴  儿"}, {"uid": "506565061", "content": "用力挥动你的翅膀"}, {"uid": "34171068", "content": "海皇处刑曲"}, {"uid": "74055329", "content": "生  殖  隔  离"}, {"uid": "616838594", "content": "坚强的光，照在了你头上！！！"}, {"uid": "83219391", "content": "小————恐————龙！"}, {"uid": "271552330", "content": "别伤心，至少颜色对上了"}, {"uid": "650267017", "content": "你要坚强下去啊！！！"}, {"uid": "186713956", "content": "有些人笑着笑着就哭了"}, {"uid": "535688154", "content": "你已经长大了，要学会坚强"}, {"uid": "493677277", "content": "小恐龙     享年1天"}, {"uid": "519260835", "content": "开 屏 雷 击"}, {"uid": "25769617", "content": "《简    单》"}, {"uid": "230453202", "content": "你看他笑得多开心"}, {"uid": "627077953", "content": "《痛苦面具》"}, {"uid": "451737415", "content": "屁宝行为"}, {"uid": "437336000", "content": "爱是一道光，绿到你发慌"}, {"uid": "437336000", "content": "爱是一道光，绿到你发慌"}, {"uid": "437336000", "content": "爱是一道光，绿到你发慌"}, {"uid": "476407034", "content": "《优雅》"}, {"uid": "442854796", "content": "［小恐龙］ 落地过猛                    "}, {"uid": "256139613", "content": "用笑掩饰殇"}, {"uid": "516822494", "content": "生殖隔离"}, {"uid": "456312871", "content": "绿色的光，照在了大地上"}, {"uid": "431100592", "content": "电鹿你喜欢我吗"}, {"uid": "361087922", "content": "小绿龙享年一分三十七秒"}, {"uid": "361087922", "content": "爱是一道光 绿道你发慌"}, {"uid": "349692735", "content": "生 殖 隔 离"}, {"uid": "488375812", "content": "痛 苦 面 具"}, {"uid": "27287066", "content": "生 殖 隔 离"}, {"uid": "523055811", "content": "正道的光 照在了大地上"}, {"uid": "434897570", "content": "达尔文：？？？？？？？？"}, {"uid": "359860607", "content": "生   殖   隔   离"}, {"uid": "592900561", "content": "海皇处刑曲"}, {"uid": "543313296", "content": "前方高能！！！！！！！"}, {"uid": "88967078", "content": "天  使  重  构"}, {"uid": "689240626", "content": "照在了你头上"}, {"uid": "483638516", "content": "悲惨 花泽香菜成了小野香菜"}, {"uid": "498031193", "content": "生 殖 隔 离"}, {"uid": "663380476", "content": "孩子，要坚强"}, {"uid": "526693412", "content": "没事，你要坚强"}, {"uid": "36458350", "content": "小朋友你是否有很多问号？？？"}, {"uid": "519236452", "content": "兄弟要坚强"}, {"uid": "75012158", "content": "孤 雌 生 殖"}, {"uid": "399589012", "content": "小恐龙 落地过猛"}, {"uid": "291232927", "content": "恭喜恭喜啊！要坚强起来兄弟！"}, {"uid": "431024397", "content": "影   流   之   鹿"}, {"uid": "520633035", "content": "达尔文：？？？"}, {"uid": "389995149", "content": "这nm是三角龙？这作者真的懂恐龙吗"}, {"uid": "431385298", "content": "蟀      哥"}, {"uid": "597108392", "content": "小恐龙在逃离鸟的追击时从高处摔了下了"}, {"uid": "626908989", "content": "小恐龙落地过猛"}, {"uid": "626908989", "content": "父  慈  子  孝"}, {"uid": "626908989", "content": "爱是一道光，绿到你发慌"}, {"uid": "97251434", "content": "真、上西天(狗头)"}, {"uid": "611026579", "content": "生 殖 隔 离"}, {"uid": "357171082", "content": "坠落伤害2333...."}, {"uid": "31731716", "content": "迪 亚 哥 布 兰 度"}, {"uid": "434786431", "content": "电鹿你变了"}, {"uid": "649398775", "content": "兄弟坚强，你要坚强"}, {"uid": "486749221", "content": "【小恐龙】从高处摔了下来"}, {"uid": "405837662", "content": "【小恐龙】掉出了这个世界"}, {"uid": "400958150", "content": "爱是一道光，绿到你发慌。"}, {"uid": "497734218", "content": "你  要  坚  强"}, {"uid": "140080916", "content": "红薯巴豆作燃料，可能把bb喷出来！"}, {"uid": "629237108", "content": "光怪陆(鹿)离"}, {"uid": "527373130", "content": "罪木直呼内行"}, {"uid": "527373130", "content": "七海声优。      危"}, {"uid": "160115053", "content": "屁 宝 附 体"}, {"uid": "160115053", "content": "这项小别致长得真东西。"}, {"uid": "511747867", "content": "生  殖  隔  离"}, {"uid": "506437109", "content": "哈哈哈哈哈哈哈"}, {"uid": "1377575186", "content": "光之巨人(dog)"}, {"uid": "457472067", "content": "因为你太小了"}, {"uid": "28542644", "content": "网易云小心翼翼"}, {"uid": "478858171", "content": "欢乐的笑声 "}, {"uid": "141721463", "content": "奥特曼:找到你们了！"}, {"uid": "456901481", "content": "你失败了 重生 主菜单"}, {"uid": "1182174918", "content": "恭喜大哥，恭喜恭喜！"}, {"uid": "27626234", "content": "小恐龙 落地过猛.                                                                                           "}, {"uid": "27626234", "content": "恐龙从高处摔了下来.                                                                                          "}, {"uid": "289560505", "content": "你看这孩子嚎的多开心呢"}, {"uid": "1924409911", "content": "跨种族进化"}, {"uid": "693513035", "content": "坚强坚强一定要坚强"}, {"uid": "622587518", "content": "我的MA呀！"}, {"uid": "666820741", "content": "恐龙 从高处摔了下来                                                                                        "}, {"uid": "435484988", "content": " 影 流 之 鹿"}, {"uid": "695507284", "content": "正经的爱情故事"}, {"uid": "489406472", "content": "小＊崽子"}, {"uid": "703056251", "content": "爱是一道光，绿的你发慌"}, {"uid": "526343169", "content": "《深爱》"}, {"uid": "45505459", "content": "恭喜，你要坚强啊"}, {"uid": "499131376", "content": "坚强 坚强 坚强"}, {"uid": "503071672", "content": "眼前的青草地需要浇水"}, {"uid": "517760723", "content": "丧          天"}, {"uid": "533474413", "content": "恭喜恭喜恭喜"}, {"uid": "25769617", "content": "兄弟你要坚强"}, {"uid": "88281012", "content": "小绿龙 以为能安稳的落地"}, {"uid": "627687752", "content": "爱是一道光，绿的你发慌，指引着我们想要的绿色。"}, {"uid": "521031983", "content": "宁是白雪公主吧"}, {"uid": "521031983", "content": "闪 光 宝 可 梦"}, {"uid": "455693747", "content": "GAME OVER          你还不能放弃...【小恐龙】！保持你的决心......"}, {"uid": "687046782", "content": "《优雅》"}, {"uid": "1367413", "content": "生殖隔离"}, {"uid": "38023763", "content": "【小恐龙】落地过猛"}, {"uid": "506565061", "content": "快速的倒东你的小腿儿"}, {"uid": "696563659", "content": "孩子我是不会告诉你真相的你要坚强啊"}, {"uid": "34171068", "content": "安详"}, {"uid": "531350479", "content": "影流之鹿"}, {"uid": "238539365", "content": "禁忌【4重存在】"}, {"uid": "83219391", "content": "《优雅》"}, {"uid": "523574844", "content": "磊哥：上天见你爸妈吧"}, {"uid": "523574844", "content": "磊哥：上天见你爸妈吧"}, {"uid": "505943774", "content": "《痛苦面具与绿帽子》"}, {"uid": "394039042", "content": "左脚踩右脚"}, {"uid": "25769617", "content": "  影  流  之  鹿"}, {"uid": "25769617", "content": "祖安小龙"}, {"uid": "521811082", "content": "飞 龙 宝 宝"}, {"uid": "617306705", "content": "父慈子孝"}, {"uid": "497841343", "content": "你掉了999铂金"}, {"uid": "399917638", "content": "双厨疑惑"}, {"uid": "687575187", "content": "你现在就跟你身上的颜色一模一样，知道不"}, {"uid": "603289072", "content": "伊  波  特  山↓"}, {"uid": "498739831", "content": "生物老师终于高兴了一次"}, {"uid": "646562297", "content": "正道的光，照在了大腚上~"}, {"uid": "691996303", "content": "祖安文化流传"}, {"uid": "437336000", "content": "爱是一道光，绿到你发慌"}, {"uid": "15144978", "content": "小野香菜hhh"}, {"uid": "334236852", "content": "吾辈楷模"}, {"uid": "456312871", "content": "哈哈哈哈"}, {"uid": "456312871", "content": "看你头上(一片绿色)"}, {"uid": "554387733", "content": "长知识了，原来会飞的恐龙是这样飞的"}, {"uid": "271606501", "content": "生  殖  隔  离"}, {"uid": "175306500", "content": "是生殖隔离吗"}, {"uid": "497644532", "content": "恭喜恭喜，恭喜啊！"}, {"uid": "29757308", "content": "生殖隔离"}, {"uid": "437591403", "content": "生 殖 隔 离"}, {"uid": "456781291", "content": "小龙 从高处摔了下来"}, {"uid": "511512485", "content": "出现了！海皇处刑曲"}, {"uid": "342231471", "content": "腹部是红的？要是身体是白的就好了（逐渐小鸟化）"}, {"uid": "445370514", "content": "这不生殖隔离"}, {"uid": "229085105", "content": "小恐龙     享年1天"}, {"uid": "434897570", "content": "正道的光"}, {"uid": "470123810", "content": "隔壁老王狂喜"}, {"uid": "243078890", "content": "生殖隔离"}, {"uid": "436441986", "content": "绿色的小火龙享年。两分钟"}, {"uid": "689240626", "content": "恭喜恭喜"}, {"uid": "438883601", "content": "前方高能预警"}, {"uid": "451040012", "content": "《优雅》"}, {"uid": "272722036", "content": "生殖隔离"}, {"uid": "452957951", "content": "要想生活过的去，身上总要带点绿"}, {"uid": "349754377", "content": "YEE青回"}, {"uid": "29477321", "content": "恭喜恭喜恭喜"}, {"uid": "455407826", "content": "为坠落的恐龙命名"}, {"uid": "686315615", "content": "孩子走的很安祥"}, {"uid": "515742735", "content": "*优雅的中国话*"}, {"uid": "473013740", "content": "正道德光照在了，大地上。"}, {"uid": "473013740", "content": " 等等不能下蛋吗？"}, {"uid": "272389599", "content": "恭喜恭喜恭喜"}, {"uid": "602395895", "content": "孩子，你要学会坚强"}, {"uid": "510608889", "content": "小恐龙 落地过猛"}, {"uid": "449151982", "content": "这是一个悲伤的故事。"}, {"uid": "690066892", "content": "*优美的中国话*"}, {"uid": "678361703", "content": "你太难了"}, {"uid": "627413586", "content": "好  爸  爸"}, {"uid": "97251434", "content": "真.上(西)天"}, {"uid": "487368924", "content": "坚     强"}, {"uid": "511914042", "content": "生殖隔离"}, {"uid": "520116676", "content": "小甜心"}, {"uid": "415502202", "content": "孵出个闪光的！！！吸吸吸"}, {"uid": "649398775", "content": "恭喜你喜得绿帽子"}, {"uid": "478021220", "content": "太 逊 了"}, {"uid": "160115053", "content": "小伙子，你要坚强。"}, {"uid": "522878326", "content": "达尔文狂怒"}, {"uid": "570305237", "content": "你被绿了！你被绿了！"}, {"uid": "1327774199", "content": "重新定位优雅这个词"}, {"uid": "477206223", "content": "恭喜老年得子"}, {"uid": "498881662", "content": "主角是yee只yee龙"}, {"uid": "1529323626", "content": "想上天不是只要有翅膀那么简单"}, {"uid": "1026441693", "content": "《是不是很簡單啊》"}, {"uid": "316223859", "content": "你头上带一顶绿帽子"}, {"uid": "316223859", "content": "吃肉恐龙吃菜吗"}, {"uid": "184029064", "content": "微笑面对危险"}, {"uid": "511665876", "content": "父慈子孝"}, {"uid": "1039139052", "content": "小火龙失去战斗能力"}, {"uid": "1579249381", "content": "*为坠落恐龙命名"}, {"uid": "651268369", "content": "文yee复兴"}, {"uid": "698551438", "content": "《小  丑》"}, {"uid": "435158022", "content": "恭喜恭喜，恭喜恭喜"}, {"uid": "498881662", "content": "你是yee龙，跟人家不是一个品种啊"}, {"uid": "498881662", "content": "主角是一只yee龙"}, {"uid": "480480809", "content": "地狱把鹿王"}, {"uid": "691610811", "content": "兄弟你要坚强"}, {"uid": "335839745", "content": "双击空格键飞行"}, {"uid": "725547", "content": "这是机械隔离"}, {"uid": "29137205", "content": "生物竞赛生狂喜"}, {"uid": "666820741", "content": "恐龙 从高处摔了下来                                                      "}, {"uid": "666820741", "content": "恐龙 从高处摔了下来                                                                          "}, {"uid": "572306930", "content": "你要坚强"}, {"uid": "700041722", "content": "闪光小火龙"}, {"uid": "636329353", "content": "恭喜恭喜！"}, {"uid": "602646420", "content": "《小可爱》"}, {"uid": "526549284", "content": "开幕雷击"}, {"uid": "533474413", "content": "哈哈哈哈哈哈哈哈哈哈哈哈哈"}, {"uid": "670856638", "content": "变性金刚"}, {"uid": "25769617", "content": "绿色健康小清新"}, {"uid": "13256280", "content": "hhhhhh"}, {"uid": "398309168", "content": "为什么右边的电鹿有星星眼"}, {"uid": "186489933", "content": "微啸得面对恐惧"}, {"uid": "696126404", "content": "《优雅》"}, {"uid": "506565061", "content": "据现出一个每秒200赚的涡轮发动机"}, {"uid": "506565061", "content": "双眼目视前方"}, {"uid": "516960168", "content": "恭喜恭喜恭喜恭喜恭喜恭喜恭喜"}, {"uid": "441589324", "content": "yeeeeeeeeeeeeeee~"}, {"uid": "89328882", "content": "坚强点"}, {"uid": "520191955", "content": "《亲爹》"}, {"uid": "25769617", "content": "上      天"}, {"uid": "25769617", "content": "你好草啊"}, {"uid": "628845365", "content": "优美的中国话"}, {"uid": "399917638", "content": "从哪喷出来？"}, {"uid": "472752015", "content": "《小可爱》"}, {"uid": "520112298", "content": "文yee复兴"}, {"uid": "511119170", "content": "花泽香菜？"}, {"uid": "156582667", "content": "牙签插进井那都不叫插，叫丢"}, {"uid": "436800881", "content": "皮宝表示很赞"}, {"uid": "435824020", "content": "听说绿色很健康"}, {"uid": "361087922", "content": "太TM的优雅了"}, {"uid": "650916127", "content": "呼伦贝尔大草原"}, {"uid": "386279390", "content": "文yee复兴"}, {"uid": "675198092", "content": "《百草园》"}, {"uid": "675198092", "content": "《百草园》"}, {"uid": "489497139", "content": "要坚强啊唉我怎么也绿了"}, {"uid": "639945661", "content": "暗示投币，下次一定"}, {"uid": "506897334", "content": "［小恐龙］落地过猛                   "}, {"uid": "398264871", "content": "我真的太开心了"}, {"uid": "28158178", "content": "小绿龙，享年一天，哦，不对他好像一个小时都没到。"}, {"uid": "479546894", "content": "恭喜恭喜"}, {"uid": "400463948", "content": "要坚强一切都不会好起来的"}, {"uid": "525468310", "content": "逍遥游的够了"}, {"uid": "626091716", "content": "小恐龙 落地过猛"}, {"uid": "366632180", "content": "握草，海豹"}, {"uid": "543313296", "content": "外星生物"}, {"uid": "543313296", "content": "哈哈哈哈哈哈哈哈哈哈哈"}, {"uid": "591078082", "content": "错的不是我，是这个世界"}, {"uid": "438883601", "content": "前方高能预警"}, {"uid": "95824635", "content": "益达笑出强大"}, {"uid": "474892043", "content": "BGM：《love9》"}, {"uid": "386171808", "content": "小恐龙     享年1天"}, {"uid": "433657380", "content": "后知后觉"}, {"uid": "433657380", "content": "哈哈哈"}, {"uid": "433947078", "content": "圣杯战争"}, {"uid": "499953645", "content": "《化雅》"}, {"uid": "3078543", "content": "真是恭喜啊"}, {"uid": "528903862", "content": "螺旋升天"}, {"uid": "473013740", "content": "刚才那个恐龙好沙雕。"}, {"uid": "272389599", "content": "奸商"}, {"uid": "515950905", "content": "要坚强"}, {"uid": "462672482", "content": "你需要一个屁宝"}, {"uid": "556032046", "content": "光无性别*滑稽"}, {"uid": "455381346", "content": "恭喜恭喜"}, {"uid": "626908989", "content": "恭喜啊恭喜恭喜一定要坚强"}, {"uid": "630699711", "content": "哈哈哈哈哈哈哈哈哈哈或或或或"}, {"uid": "625996500", "content": "小龙 落地过猛"}, {"uid": "1406797184", "content": "《优雅》"}, {"uid": "1406797184", "content": "恭喜恭喜！"}, {"uid": "352597647", "content": "这是谋杀"}, {"uid": "1891896508", "content": "《美丽》"}, {"uid": "2100056198", "content": "坚强点儿 "}, {"uid": "522878326", "content": "怎么品种不对？"}, {"uid": "488491611", "content": "[龙]落地过猛"}, {"uid": "516019565", "content": "恭喜生蛋"}, {"uid": "666587138", "content": "一个个的都老mc了"}, {"uid": "666587138", "content": "恭喜啊恭喜（顶端灰字开幕变绿）"}, {"uid": "1529323626", "content": "《天才》"}, {"uid": "488380980", "content": "yeeeeeeeeeeeeeeeeee～"}, {"uid": "552381567", "content": "'《优雅》"}, {"uid": "552381567", "content": "喜迎吃席"}, {"uid": "672479320", "content": "U R B B R G R O U N"}, {"uid": "612757640", "content": "《优雅》"}, {"uid": "616735158", "content": "《优雅》"}, {"uid": "350314961", "content": "屁宝知乎内涵"}, {"uid": "672512432", "content": "上天"}, {"uid": "4397453", "content": "好爸爸"}, {"uid": "1039139052", "content": "没事，去一趟宝可梦中心"}, {"uid": "651180100", "content": "恭喜恭喜"}, {"uid": "500082245", "content": "父慈子孝"}, {"uid": "140080916", "content": "爱是一道光，绿的你发慌！"}, {"uid": "521866186", "content": "小恐龙享年一天"}, {"uid": "497081809", "content": "恭喜恭喜"}, {"uid": "634526645", "content": "小丑竟是他自己"}, {"uid": "691610811", "content": "愿天堂没有翼龙"}, {"uid": "433648581", "content": "哈哈哈哈哈哈哈哈哈哈哈哈哈"}, {"uid": "563187293", "content": "《简单》"}, {"uid": "1450156012", "content": "《优雅》"}, {"uid": "1450156012", "content": "小恐龙落地过猛"}, {"uid": "687965549", "content": "《优雅》"}, {"uid": "626933027", "content": "父慈子孝"}, {"uid": "626933027", "content": "要想生活过得好，头上必须带点绿"}, {"uid": "433185355", "content": "坚强"}, {"uid": "456548291", "content": "恭喜恭喜"}, {"uid": "604101290", "content": "恭喜恭喜"}, {"uid": "245289765", "content": "优雅"}, {"uid": "495258391", "content": "恭喜恭喜！"}, {"uid": "435212241", "content": "恭喜恭喜"}, {"uid": "526549284", "content": "哈哈哈哈哈哈哈"}, {"uid": "314017631", "content": "坚强"}, {"uid": "435728709", "content": "恭喜恭喜，恭喜呀"}, {"uid": "366897781", "content": "恭喜恭喜"}, {"uid": "366897781", "content": "恭喜恭喜"}, {"uid": "476560625", "content": "阿姆斯特朗回旋加速喷气式阿姆斯特朗炮"}, {"uid": "652252730", "content": "精神小龙"}, {"uid": "412709278", "content": "恭喜恭喜"}, {"uid": "83219391", "content": "（优雅）"}, {"uid": "88281012", "content": "*为坠落的恐龙命名*"}, {"uid": "676125981", "content": "禁止好耶·"}, {"uid": "562766039", "content": "哈哈哈"}, {"uid": "455693747", "content": "BV1Hx411A7QU"}, {"uid": "357464829", "content": "哈哈哈哈"}, {"uid": "617306705", "content": "《优雅》"}, {"uid": "689346892", "content": "屁宝直呼内行"}, {"uid": "670017502", "content": "恭喜恭喜"}, {"uid": "650267017", "content": "恭喜恭喜恭喜恭喜恭喜"}, {"uid": "517217355", "content": "正道的光"}, {"uid": "514539462", "content": "小恐龙     落地过猛"}, {"uid": "520191955", "content": "《危》"}, {"uid": "520191955", "content": "《坚强》"}, {"uid": "31306656", "content": "小恐龙被大地击败了"}, {"uid": "394039042", "content": "小青龙"}, {"uid": "617306705", "content": "《优雅》"}, {"uid": "81362171", "content": "恭喜恭喜"}, {"uid": "39418532", "content": "恭喜恭喜恭喜恭喜"}, {"uid": "590237988", "content": "兄弟们把泪目打开公屏上"}, {"uid": "535146964", "content": "诶呦我的妈呀"}, {"uid": "352011387", "content": "小恐龙享年 一天"}, {"uid": "447420146", "content": "生殖隔离"}, {"uid": "628177706", "content": "恭喜恭喜"}, {"uid": "628177706", "content": "恭喜恭喜"}, {"uid": "506565061", "content": "鸟儿的报复"}, {"uid": "495376836", "content": "请收下我的膝盖"}, {"uid": "27287066", "content": "恭喜恭喜"}, {"uid": "258859512", "content": "生殖隔离"}, {"uid": "470123810", "content": "恭喜恭喜恭喜恭喜恭喜恭喜恭喜"}, {"uid": "471119451", "content": "恭喜恭喜"}, {"uid": "80360266", "content": "恭喜恭喜"}, {"uid": "363712741", "content": "坚强"}, {"uid": "483423862", "content": "它是故意的！！！"}, {"uid": "12210170", "content": "哈哈哈哈哈哈哈哈哈"}, {"uid": "36458350", "content": "谢谢，有被冒犯到"}, {"uid": "607805287", "content": "生殖隔离"}, {"uid": "433657380", "content": "《优雅》"}, {"uid": "433657380", "content": "哈哈哈"}, {"uid": "513020717", "content": "享年一天"}, {"uid": "506834218", "content": "多新鲜呐！"}, {"uid": "499131376", "content": "悲伤"}, {"uid": "623351029", "content": "逐渐番茄化"}, {"uid": "272389599", "content": "报复成功"}, {"uid": "494989921", "content": "you DIED！"}, {"uid": "630777623", "content": "恭喜恭喜"}, {"uid": "689657392", "content": "嘶~"}, {"uid": "478921000", "content": "老婆炒鸡蛋"}, {"uid": "495877503", "content": "哈哈"}, {"uid": "518357143", "content": "跳跳弹"}, {"uid": "508413295", "content": "お許しください。"}, {"uid": "445356931", "content": "强颜欢笑"}, {"uid": "366006170", "content": "恭喜恭喜"}, {"uid": "673188664", "content": "恭喜恭喜"}, {"uid": "518712762", "content": "小恐龙 落地过猛"}, {"uid": "600030617", "content": "哈哈哈哈哈哈"}, {"uid": "499716726", "content": "哈哈哈哈哈哈哈哈哈哈哈哈哈"}, {"uid": "415502202", "content": "喜极而泣"}, {"uid": "23597525", "content": "坚强"}, {"uid": "1406797184", "content": "它走的很安详"}, {"uid": "550410591", "content": "屁   宝"}, {"uid": "1035433445", "content": "从哪里喷出来？"}, {"uid": "160115053", "content": "带上了痛苦面具。"}, {"uid": "2111791453", "content": "【优雅】"}, {"uid": "1217374875", "content": "恭喜恭喜"}, {"uid": "522878326", "content": "这健康小清新。"}, {"uid": "1374536593", "content": "小恐龙 ，享年一岁半 "}, {"uid": "270288980", "content": "老MC希份子了。"}, {"uid": "2124132746", "content": "这点儿正常的电影吧。"}, {"uid": "26387806", "content": "yee"}, {"uid": "1834028955", "content": "这是一个很开心的故事"}, {"uid": "1954406206", "content": "米4达你快看看有几个鹿"}, {"uid": "1529323626", "content": "生得了，这是杂交界的奇迹"}, {"uid": "98641977", "content": "哈哈哈哈哈哈"}, {"uid": "1182174918", "content": "恭喜啊，坚强啊！"}, {"uid": "1182174918", "content": "啊，恭喜恭喜啊，你儿子似乎在暗示什么？"}, {"uid": "480480809", "content": "双厨狂喜"}, {"uid": "1386957684", "content": "优雅"}, {"uid": "256159824", "content": "他笑着哭来着，你猜他怎么笑着哭来这~"}, {"uid": "597493436", "content": "？yee复兴"}, {"uid": "504546706", "content": "恭喜恭喜"}, {"uid": "449425172", "content": "爱是一道光绿的你发慌"}, {"uid": "484628252", "content": "为坠落的恐龙命名"}, {"uid": "502150690", "content": "强坚"}, {"uid": "513721325", "content": "恭喜恭喜"}, {"uid": "433185355", "content": "小恐龙，享年1分44秒"}, {"uid": "435484988", "content": "要坚强"}, {"uid": "475950030", "content": "多稀罕哪"}, {"uid": "609609308", "content": "我裂开"}, {"uid": "636329353", "content": "地狱把鹿王"}, {"uid": "636329353", "content": "一定要坚强啊！"}, {"uid": "2037025377", "content": "的爷爷"}, {"uid": "510804636", "content": "哈哈哈哈哈哈哈哈"}, {"uid": "450958769", "content": "哈哈哈哈哈哈哈哈h"}, {"uid": "526549284", "content": "危"}, {"uid": "516697142", "content": "坚强一点"}, {"uid": "670856638", "content": "变形金刚"}, {"uid": "562766039", "content": "没事"}, {"uid": "562766039", "content": "恭喜恭喜"}, {"uid": "629949345", "content": "简单来说：放屁"}, {"uid": "495846456", "content": "2333333"}, {"uid": "357464829", "content": "天才"}, {"uid": "688260084", "content": "Yeeyeeyeeyeeyeeyee"}, {"uid": "441789860", "content": "坚强"}, {"uid": "83219391", "content": "危"}, {"uid": "640041743", "content": "恭喜（囍）"}, {"uid": "650267017", "content": "要坚强啊!即使从头绿到脚！！！！！！！"}, {"uid": "647157305", "content": "我在吃饭"}, {"uid": "364795324", "content": "生殖隔离"}, {"uid": "520191955", "content": "你失败了  小恐龙从高处摔了下来"}, {"uid": "560677929", "content": "       恭喜恭喜恭喜"}, {"uid": "527081634", "content": "恭喜"}, {"uid": "678866586", "content": "请为堕落的恐龙命名"}, {"uid": "290480774", "content": "？？？"}, {"uid": "455775676", "content": "yee"}, {"uid": "475813535", "content": "闪光小火龙"}, {"uid": "435172220", "content": "带孝子"}, {"uid": "470471790", "content": "擦擦擦"}, {"uid": "361087922", "content": "恭喜恭喜 早生贵子 万事如意 绿帽给你"}, {"uid": "373996293", "content": "羊妈：一只龙掉下来了，好像下落方向不对摔死了，算了不管了"}, {"uid": "455596779", "content": "*为坠落的恐龙命名*"}, {"uid": "506565061", "content": "真不戳"}, {"uid": "628940646", "content": "闪光小火龙，"}, {"uid": "434897570", "content": "危"}, {"uid": "526926522", "content": "痛苦面具"}, {"uid": "470123810", "content": "哈哈哈哈哈哈哈哈"}, {"uid": "693906382", "content": "恭喜你被绿啦 "}, {"uid": "644509180", "content": "全剧终"}, {"uid": "490346827", "content": "坚强！！！！！！！我要做特殊的那个人"}, {"uid": "288261384", "content": "悲伤的故事"}, {"uid": "540085135", "content": "恭喜恭喜"}, {"uid": "666590473", "content": "▓▓"}, {"uid": "502002391", "content": "恭喜"}, {"uid": "560666750", "content": "孩子的要坚强 "}, {"uid": "519236452", "content": "升天"}, {"uid": "686315615", "content": "恭喜恭喜恭喜恭喜"}, {"uid": "528903862", "content": "小绿龙从高空落了下来；小绿龙退出了游戏"}, {"uid": "528903862", "content": "上天？"}, {"uid": "528903862", "content": "同化"}, {"uid": "528903862", "content": "口可"}, {"uid": "42485130", "content": "优            雅"}, {"uid": "42485130", "content": "我裂开了"}, {"uid": "492067355", "content": "坚强"}, {"uid": "452116614", "content": "哈哈哈哈哈哈哈哈"}, {"uid": "170541106", "content": "恭喜恭喜恭喜恭喜"}, {"uid": "170541106", "content": "恭喜恭喜恭喜恭喜"}, {"uid": "689657392", "content": "小苦心"}, {"uid": "673532859", "content": "海皇处刑曲"}, {"uid": "673532859", "content": "自动变色"}, {"uid": "579986137", "content": "哈哈哈"}, {"uid": "652520896", "content": "坚强"}, {"uid": "434403325", "content": "恭喜"}, {"uid": "663268971", "content": "2331333"}, {"uid": "671448904", "content": "坚强"}, {"uid": "197764916", "content": "ohhhhhhhhhhhhhhhhhhhhhhh"}, {"uid": "556032046", "content": "胯下？"}, {"uid": "494742923", "content": "现在是黄色待会儿绿"}, {"uid": "673188664", "content": "《优雅》"}, {"uid": "511914042", "content": "优雅"}, {"uid": "651742381", "content": "恭喜恭喜"}, {"uid": "524331156", "content": "小恐龙     享年1天"}, {"uid": "351877009", "content": "草"}, {"uid": "1666420598", "content": "Yee！"}, {"uid": "690656672", "content": "帽子不错"}, {"uid": "1035433445", "content": "可喜可贺"}, {"uid": "428971793", "content": "《优雅》"}, {"uid": "1087778382", "content": "hhhhhhhhhhhhhhhhhhh"}, {"uid": "519619097", "content": "yue"}, {"uid": "519619097", "content": "恭喜恭喜恭喜恭喜恭喜恭喜恭喜"}, {"uid": "51028273", "content": "恭喜呀，恭喜恭喜呀，恭喜"}, {"uid": "644953577", "content": "恭喜恭喜，恭喜恭喜"}, {"uid": "470012356", "content": "廾匸"}, {"uid": "1529323626", "content": "[龙]落地过猛"}, {"uid": "34427824", "content": "大壮"}, {"uid": "672512432", "content": "优雅"}, {"uid": "511665876", "content": "贺喜贺喜"}, {"uid": "511665876", "content": "贺喜贺喜"}, {"uid": "511665876", "content": "贺喜贺喜"}, {"uid": "31690163", "content": "上天"}, {"uid": "1182174918", "content": "痛苦面具变身"}, {"uid": "540002530", "content": "前面的老光遇人了"}, {"uid": "616764102", "content": "恭喜恭喜"}, {"uid": "616764102", "content": "恭喜！恭喜！"}, {"uid": "498881662", "content": "yee间恐龙"}, {"uid": "477176250", "content": "草"}, {"uid": "181476858", "content": "yee"}, {"uid": "485936430", "content": "恭喜"}, {"uid": "462695635", "content": "当场去世"}, {"uid": "1450156012", "content": "影流之鹿"}, {"uid": "695534207", "content": "生殖隔离"}, {"uid": "510053059", "content": "坚强"}, {"uid": "626933027", "content": "好    爸      爸"}, {"uid": "688942402", "content": "坚强"}, {"uid": "610518758", "content": "所以"}, {"uid": "502150690", "content": "强坚"}, {"uid": "699979018", "content": "恭喜"}, {"uid": "1129613277", "content": "恭喜"}, {"uid": "489406472", "content": "卒卒卒   "}, {"uid": "399685894", "content": "嗯哼"}, {"uid": "508567721", "content": "屁宝"}, {"uid": "435212241", "content": "恭喜"}, {"uid": "450958769", "content": "阳间"}, {"uid": "493741872", "content": "坚强"}, {"uid": "493741872", "content": "恭喜恭喜"}, {"uid": "701148246", "content": "恭喜"}, {"uid": "401848164", "content": "坚强"}, {"uid": "493580498", "content": "恭喜恭喜"}, {"uid": "649711990", "content": "恭喜"}, {"uid": "435294609", "content": "孩子的问题"}, {"uid": "521780904", "content": "*为坠落的恐龙命名*"}, {"uid": "661582025", "content": "恭喜"}, {"uid": "670017502", "content": "恭喜恭喜"}, {"uid": "662861171", "content": "大孝子"}, {"uid": "673393446", "content": "大孝子"}, {"uid": "87281191", "content": "好耶好耶！！"}, {"uid": "635627653", "content": "生殖隔离"}, {"uid": "526693412", "content": "B站把鹿王"}, {"uid": "534980704", "content": "艰强"}, {"uid": "472748105", "content": "要坚强"}, {"uid": "514604004", "content": "恭喜恭喜"}, {"uid": "476407034", "content": "坚强点"}, {"uid": "491825279", "content": "原来电路是替身使者替身名『Deep DUCK DIRK Dirty』"}, {"uid": "668866234", "content": "小恐龙  享时15分钟"}, {"uid": "385361568", "content": "我老婆真可爱"}, {"uid": "381712539", "content": "危"}, {"uid": "600089371", "content": "恭喜恭喜"}, {"uid": "412549160", "content": "恭喜恭喜恭喜"}, {"uid": "523124519", "content": "画风变了"}, {"uid": "453611311", "content": "恭喜"}, {"uid": "644509180", "content": "？？？"}, {"uid": "568111467", "content": "YOU DIED"}, {"uid": "624441561", "content": "恭喜"}, {"uid": "514248109", "content": "哈哈哈哈"}, {"uid": "523171181", "content": "yeeeeeeeeeee"}, {"uid": "360176793", "content": "恭喜恭喜"}, {"uid": "433947078", "content": "小杀雕"}, {"uid": "87693621", "content": "YEEEE"}, {"uid": "674702358", "content": "坚强"}, {"uid": "528903862", "content": "口合"}, {"uid": "42485130", "content": "危"}, {"uid": "42485130", "content": "危"}, {"uid": "604981724", "content": "坚强"}, {"uid": "107984943", "content": "双厨狂喜"}, {"uid": "573802243", "content": "恭喜恭喜恭喜恭喜"}, {"uid": "506347869", "content": "坚强"}, {"uid": "506347869", "content": "哈哈"}, {"uid": "499131376", "content": "完了"}, {"uid": "499131376", "content": "哈哈哈哈哈哈哈哈哈哈哈哈哈哈"}, {"uid": "607889865", "content": "*我叫小花一朵朵小花的小花"}, {"uid": "607889865", "content": "恭喜恭喜恭喜恭喜坚强"}, {"uid": "689657392", "content": "真，AWSL，阿伟可以回来了"}, {"uid": "625897894", "content": "无中生子"}, {"uid": "669243909", "content": "帽子戴好，别着凉了。"}, {"uid": "673532859", "content": "危"}, {"uid": "673532859", "content": "老番茄一样的风格感觉"}, {"uid": "448372724", "content": "坚强"}, {"uid": "448372724", "content": "坚强"}, {"uid": "430812431", "content": "恭喜"}, {"uid": "433892094", "content": "坚强"}, {"uid": "678361703", "content": "小恐龙 落地过猛"}, {"uid": "479860619", "content": "恭喜呀恭喜"}, {"uid": "600106620", "content": "坚强"}, {"uid": "633104741", "content": "恭喜恭喜恭喜"}, {"uid": "443074095", "content": "yeeeeee"}, {"uid": "675716663", "content": "！"}, {"uid": "492039297", "content": "恭喜恭喜"}, {"uid": "1774306587", "content": "*为坠落的恐龙命名"}, {"uid": "9760024", "content": "泪目"}, {"uid": "455281077", "content": "恭喜恭喜啊"}, {"uid": "604361896", "content": "危"}, {"uid": "1529323626", "content": "真的上天了，恭喜恭喜！"}, {"uid": "76299088", "content": "泪目"}, {"uid": "177958773", "content": "哇！"}, {"uid": "512157930", "content": "强颜欢笑"}, {"uid": "538117791", "content": "天空是蔚蓝色，窗外有千纸鹤"}, {"uid": "1489422393", "content": "眼睛"}, {"uid": "1529323626", "content": "龙生短短几个秋"}, {"uid": "132441315", "content": "你的头发好绿啊"}, {"uid": "549184960", "content": "恭喜恭喜"}, {"uid": "672512432", "content": "？"}, {"uid": "1182174918", "content": "屁宝原来是你。"}, {"uid": "409434830", "content": "yeeeeeeeeeeeeeeeeeee~"}, {"uid": "349348942", "content": "坚强"}, {"uid": "85150297", "content": "小恐龙卒 享年一天"}, {"uid": "406253696", "content": "坚强"}, {"uid": "630039027", "content": "Yeeyeeyeeyeeyeeyeeyee"}, {"uid": "630039027", "content": "Yee"}, {"uid": "521866186", "content": "痛苦面具。"}, {"uid": "289560505", "content": "危!"}, {"uid": "543851869", "content": "恭喜"}, {"uid": "1450156012", "content": "危"}, {"uid": "626933027", "content": "恭喜恭喜恭喜"}, {"uid": "638570467", "content": "pppp"}, {"uid": "638570467", "content": "][p"}, {"uid": "700041722", "content": "大孝子。"}, {"uid": "400093601", "content": "BGM是啥？"}, {"uid": "625541901", "content": "恭喜恭喜恭喜恭喜恭喜恭喜"}, {"uid": "626914608", "content": "迪yee哥"}, {"uid": "649711990", "content": "恭喜"}, {"uid": "696352741", "content": "坚强"}, {"uid": "650916127", "content": "坚强"}, {"uid": "533474413", "content": "哈哈哈哈哈哈哈哈哈哈"}, {"uid": "484323638", "content": "真上天了"}, {"uid": "490671841", "content": "哈哈哈哈哈哈哈哈（嘤嘤嘤）"}, {"uid": "490671841", "content": "㲤 割"}, {"uid": "562766039", "content": "牛逼"}, {"uid": "513132840", "content": "要坚强"}, {"uid": "486970752", "content": "真上天了"}, {"uid": "590146594", "content": "恭喜"}, {"uid": "506565061", "content": "坚强"}, {"uid": "422469172", "content": "？？？"}, {"uid": "673393446", "content": "危"}, {"uid": "474085797", "content": "要坚强"}, {"uid": "456464279", "content": "恭喜恭喜"}, {"uid": "480653339", "content": "哈哈哈哈"}, {"uid": "25769617", "content": "？？？？？？？？？"}, {"uid": "551314286", "content": "危"}, {"uid": "551314286", "content": "woc"}, {"uid": "617306705", "content": "光之轮换"}, {"uid": "209575696", "content": "ye e"}, {"uid": "627077953", "content": "享年零岁。"}, {"uid": "511119170", "content": "完结撒花"}, {"uid": "520895129", "content": "坚强"}, {"uid": "456312871", "content": "坚强"}, {"uid": "564607158", "content": "涡轮增压"}, {"uid": "510145605", "content": "恭喜"}, {"uid": "442494808", "content": "yee"}, {"uid": "691161590", "content": "鹿鹿鹿"}, {"uid": "691161590", "content": "鹿鹿鹿"}, {"uid": "492567488", "content": "恭喜！"}, {"uid": "593718362", "content": "相信我你可以坚持下去的"}, {"uid": "457834494", "content": "恭喜"}, {"uid": "661640819", "content": "这是个悲惨的故事"}, {"uid": "475451542", "content": "坚强"}, {"uid": "644509180", "content": "恭喜"}, {"uid": "652195052", "content": "ヾ(^▽^*)))"}, {"uid": "450473077", "content": "坚强"}, {"uid": "451040012", "content": "坚强！"}, {"uid": "668866234", "content": "没带痛苦面具的效果"}, {"uid": "663380476", "content": "噗"}, {"uid": "421339134", "content": "没事"}, {"uid": "537901405", "content": "坚强"}, {"uid": "651737787", "content": "恭喜！"}, {"uid": "689240626", "content": "哥们坚持住"}, {"uid": "523171181", "content": "yee"}, {"uid": "502346390", "content": "兲才"}, {"uid": "604165197", "content": "卧槽"}, {"uid": "604165197", "content": "恭喜恭喜"}, {"uid": "482072631", "content": "来了来了"}, {"uid": "42485130", "content": "危"}, {"uid": "396368347", "content": "恭喜"}, {"uid": "499131376", "content": "坚强"}, {"uid": "298088490", "content": "yeeeeeeeeee"}, {"uid": "671363227", "content": "日天"}, {"uid": "403783904", "content": "Yeeeeeeeeeeeeeee"}, {"uid": "618449459", "content": "坚强"}, {"uid": "607889865", "content": "恭喜"}, {"uid": "673532859", "content": "坚强"}, {"uid": "587258094", "content": "小恐龙，完全败北"}, {"uid": "646780968", "content": "恭喜"}, {"uid": "673188664", "content": " 危"}, {"uid": "645831301", "content": "？"}, {"uid": "544110245", "content": "小恐龙享年7个月"}, {"uid": "1429235026", "content": "恭喜"}, {"uid": "844890051", "content": "恭喜"}, {"uid": "543868242", "content": "一定要坚持"}, {"uid": "160115053", "content": "龙爸爸坚强"}, {"uid": "606347241", "content": "wasted"}, {"uid": "620467402", "content": "恭喜呀"}, {"uid": "1240100086", "content": "迪yee哥！"}, {"uid": "1374536593", "content": "危"}, {"uid": "1254509484", "content": "两头都是绿的"}, {"uid": "1570456337", "content": "小丑竟是我自己"}, {"uid": "478858171", "content": "囍囍囍囍囍囍囍囍"}, {"uid": "1834028955", "content": "欧也"}, {"uid": "499065313", "content": "恭喜恭喜"}, {"uid": "661626127", "content": "小丑竟然是你"}, {"uid": "4397453", "content": "坚强"}, {"uid": "391792469", "content": "哈哈哈，被绿了"}, {"uid": "547759687", "content": "小丑竟是我自己"}, {"uid": "140080916", "content": "eeeeeeeeeeeeeee（一口sans语）"}, {"uid": "446836305", "content": "坚强"}, {"uid": "523194007", "content": "痛苦面具。"}, {"uid": "1611349943", "content": "恭喜"}, {"uid": "1828124603", "content": "坚强"}, {"uid": "622587518", "content": "邮递的 ！"}, {"uid": "649185267", "content": "for the damaged CODA"}, {"uid": "1450156012", "content": "《优雅》"}, {"uid": "647568737", "content": "？"}, {"uid": "1895103382", "content": "恭喜"}, {"uid": "454595744", "content": "？？？？？？？"}, {"uid": "626933027", "content": "恭喜"}, {"uid": "677516184", "content": "混入其中"}, {"uid": "629791031", "content": "yeeeeeeeee~"}, {"uid": "700041722", "content": "？？？"}, {"uid": "700041722", "content": "恭喜恭喜！"}, {"uid": "407799866", "content": "yeeeeeeeeeeee"}, {"uid": "512831771", "content": "哈哈哈哈哈哈哈哈哈哈哈哈"}, {"uid": "679038816", "content": "额额额"}, {"uid": "510804636", "content": "草哈哈哈哈"}, {"uid": "526549284", "content": "坚强"}, {"uid": "366897781", "content": "恭喜"}, {"uid": "366897781", "content": "恭喜"}, {"uid": "366897781", "content": "恭喜"}, {"uid": "38801492", "content": "坚强"}, {"uid": "490671841", "content": "恭喜"}, {"uid": "483364557", "content": "口可"}, {"uid": "476452466", "content": "恭喜"}, {"uid": "689819989", "content": "恭喜恭喜"}, {"uid": "492483439", "content": "qjssnsnnsnsnwjwjwj"}, {"uid": "527224858", "content": "恭喜恭喜"}, {"uid": "688260084", "content": "To be continued…"}, {"uid": "506347869", "content": "爱是一道光     绿道你发慌。"}, {"uid": "590146594", "content": "？"}, {"uid": "668602061", "content": "恭喜"}, {"uid": "630777623", "content": "恭喜恭喜"}, {"uid": "673393446", "content": "恭喜"}, {"uid": "647157305", "content": "cao"}, {"uid": "521916527", "content": "坚强"}, {"uid": "521916527", "content": "恭喜恭喜"}, {"uid": "543344505", "content": "恭喜恭喜"}, {"uid": "430288592", "content": "坚强"}, {"uid": "511119170", "content": "撒花"}, {"uid": "511119170", "content": "爱辽"}, {"uid": "511119170", "content": "阿西"}, {"uid": "421592714", "content": "Fail"}, {"uid": "610037241", "content": "坚强"}, {"uid": "434410281", "content": "坚强"}, {"uid": "526926522", "content": "哈哈哈哈哈哈哈哈哈"}, {"uid": "80360266", "content": "痛苦面具"}, {"uid": "644509180", "content": "！！！！！！！！！"}, {"uid": "670078079", "content": "恭喜"}, {"uid": "652195052", "content": "ಠ╭╮ಠ "}, {"uid": "294030988", "content": "可怜啊"}, {"uid": "642144660", "content": "坚强"}, {"uid": "642144660", "content": "恭喜"}, {"uid": "522074666", "content": "坚强啊"}, {"uid": "7345283", "content": "坚强"}, {"uid": "523171181", "content": "yee"}, {"uid": "96014528", "content": "坚强坚强坚强坚强"}, {"uid": "604165197", "content": "恭喜"}, {"uid": "454169344", "content": "恭喜"}, {"uid": "42485130", "content": "海皇处刑曲"}, {"uid": "42485130", "content": "坚强"}, {"uid": "396368347", "content": "坚强"}, {"uid": "25606383", "content": "哈哈哈哈哈哈哈哈哈"}, {"uid": "573802243", "content": "恭喜恭喜"}, {"uid": "671006993", "content": "？？？"}, {"uid": "397418176", "content": "恭喜"}, {"uid": "650261439", "content": "卒"}, {"uid": "673532859", "content": "？"}, {"uid": "673532859", "content": "？"}, {"uid": "472059484", "content": "坚强"}, {"uid": "458236293", "content": "要坚强"}, {"uid": "522063541", "content": "??????"}, {"uid": "513245278", "content": "？？？？？？？"}, {"uid": "475948453", "content": "绿龙 没有反弹                   "}, {"uid": "470187005", "content": "坚强啊"}, {"uid": "663268971", "content": "恭喜"}, {"uid": "252543155", "content": "恭喜"}, {"uid": "621120533", "content": "黑化吧"}, {"uid": "673188664", "content": "绿帽子"}, {"uid": "679344036", "content": "恭喜"}, {"uid": "266991539", "content": "要坚强"}, {"uid": "668962066", "content": "恭喜恭喜"}, {"uid": "1429235026", "content": "恭喜"}, {"uid": "435468520", "content": "yee"}, {"uid": "1411418110", "content": "我没变色吧"}, {"uid": "1211864725", "content": "哈哈哈哈哈哈"}, {"uid": "778712934", "content": "urbbrgroun"}, {"uid": "648395527", "content": "1200转／分钟，有点慢"}, {"uid": "2111791453", "content": "恭喜恭喜"}, {"uid": "2111791453", "content": "恭喜"}, {"uid": "480311198", "content": "yee"}, {"uid": "1366735225", "content": "全剧终"}, {"uid": "1152747708", "content": "卧槽"}, {"uid": "1020708759", "content": "yeeeeeeeeeeee"}, {"uid": "604361896", "content": "舅舅家啊？"}, {"uid": "604361896", "content": "优雅"}, {"uid": "522878326", "content": "不是吧。"}, {"uid": "522878326", "content": "老妈一个。"}, {"uid": "644953577", "content": "优雅"}, {"uid": "512931821", "content": "恭喜你被绿"}, {"uid": "515730650", "content": "梦幻联动"}, {"uid": "420904343", "content": "你"}, {"uid": "672512432", "content": "恭喜"}, {"uid": "498872254", "content": "坚强"}, {"uid": "476777572", "content": "真是太棒了呢恭喜恭喜"}, {"uid": "691196377", "content": "要坚强"}, {"uid": "500082245", "content": "？？？？？？？？？？？？？？"}, {"uid": "1279951090", "content": "混入其中"}, {"uid": "181476858", "content": "yee"}, {"uid": "638628318", "content": "你成功的被绿了"}, {"uid": "88047024", "content": "恭喜恭喜"}, {"uid": "554493288", "content": "坚强"}, {"uid": "522596518", "content": "恭喜恭喜恭喜恭喜恭喜恭喜恭喜"}, {"uid": "597493436", "content": "yee"}, {"uid": "306121317", "content": "要坚强"}, {"uid": "1450156012", "content": "屁宝行为"}, {"uid": "702868605", "content": "你看她笑得多开心呐"}, {"uid": "702868605", "content": "开幕雷击"}, {"uid": "688942402", "content": "危"}, {"uid": "675114801", "content": "来来来，看好了2332333上天~"}, {"uid": "487516175", "content": "绿色禁告"}, {"uid": "700041722", "content": "？？？？？"}, {"uid": "448784606", "content": "hhhhhhhhhhhhhhhhhhhhhhhhhhhhhhhhhhhhhhhhhhhhhhhhhhhhhhhhhh"}, {"uid": "412701920", "content": "可喜可贺"}, {"uid": "499131376", "content": "恭喜恭喜"}, {"uid": "264360607", "content": "恭喜恭喜"}, {"uid": "590484747", "content": "坚强"}, {"uid": "671067452", "content": "坚强"}, {"uid": "470804605", "content": "坚强"}, {"uid": "492483439", "content": "s"}, {"uid": "615855098", "content": "恭喜恭喜恭喜恭喜"}, {"uid": "650115664", "content": "我的我的"}, {"uid": "617306705", "content": "恭喜恭喜恭喜恭喜恭喜"}, {"uid": "25769617", "content": "是不是很简单呐"}, {"uid": "565658442", "content": "查克拉"}, {"uid": "565658442", "content": "坚强"}, {"uid": "565658442", "content": "？？？？？？？？？？？"}, {"uid": "90116323", "content": "恭喜恭喜恭喜"}, {"uid": "357976666", "content": "恭喜恭喜恭喜恭喜恭喜恭喜恭喜"}, {"uid": "548236185", "content": "简单"}, {"uid": "500569090", "content": "恭喜"}, {"uid": "630777623", "content": "licolico"}, {"uid": "608737636", "content": "要坚持"}, {"uid": "478336732", "content": "？？！？！？！？"}, {"uid": "495444125", "content": "小恐龙没有反弹"}, {"uid": "588798223", "content": "坚强"}, {"uid": "515699567", "content": "坚强"}, {"uid": "624983311", "content": "恭喜"}, {"uid": "455168694", "content": "R.I.T"}, {"uid": "617306705", "content": "恭喜"}, {"uid": "516746689", "content": "恭喜"}, {"uid": "687575187", "content": "MDZZ"}, {"uid": "511119170", "content": "很可以"}, {"uid": "511119170", "content": "爱辽"}, {"uid": "517244475", "content": "恭喜"}, {"uid": "342191282", "content": "恭喜恭喜恭喜恭喜"}, {"uid": "689088344", "content": "恭喜恭喜恭喜恭喜恭喜恭喜恭喜"}, {"uid": "361087922", "content": "要坚强"}, {"uid": "361087922", "content": "颜色不错"}, {"uid": "32001093", "content": "恭喜恭喜"}, {"uid": "482780490", "content": "YEEEEEEEEEEE"}, {"uid": "303143885", "content": "R.I.R"}, {"uid": "38326539", "content": "c"}, {"uid": "470123810", "content": "小恐龙    卒   享年五个月"}, {"uid": "30013672", "content": "？"}, {"uid": "543313296", "content": "？？？？？"}, {"uid": "215914485", "content": "绿色的小火龙 was killed by fall"}, {"uid": "215914485", "content": "绿色的小火龙 was killed by fall"}, {"uid": "644509180", "content": "坚强"}, {"uid": "673585678", "content": "祖坟冒青烟"}, {"uid": "689491334", "content": "恭喜"}, {"uid": "294030988", "content": "。。。。"}, {"uid": "660770485", "content": "坚强，坚强，坚强。"}, {"uid": "506834218", "content": "这跟奥托有的一比"}, {"uid": "498700491", "content": "瑞克与莫蒂!!!!"}, {"uid": "46893276", "content": "地狱鹿主（卤煮）"}, {"uid": "601792045", "content": "屁宝，是你吗？"}, {"uid": "508282290", "content": "有声之别再来一次"}, {"uid": "434103690", "content": "恭喜恭喜恭喜恭喜恭喜恭喜恭喜"}, {"uid": "510608889", "content": "yeeeeeeeeeeeeeeeeeeeeeeeeeeeeeeeeeeeeeeeeeeeeeeeeeeeeeeeeeeeeeeeeeeeeeeeeeeeeeeeeeeeeeeeeeeeeeeeeeee"}, {"uid": "630777623", "content": "r.i.p"}, {"uid": "607889865", "content": "！！！！！！！！！！！！"}, {"uid": "607889865", "content": "恭喜"}, {"uid": "524180534", "content": "坚强"}, {"uid": "506884877", "content": "坚强"}, {"uid": "668830027", "content": "老mc了"}, {"uid": "522554383", "content": "R.I.P"}, {"uid": "668962066", "content": "恭喜恭喜"}, {"uid": "400958150", "content": "要坚强。"}, {"uid": "1579466501", "content": "帽子颜色不错"}, {"uid": "660379703", "content": "老王"}, {"uid": "675716663", "content": "一定要    《 坚 强 》"}, {"uid": "400110953", "content": "坚强"}, {"uid": "1357356909", "content": "坚强啊！"}, {"uid": "2111791453", "content": "四重审判"}, {"uid": "809372473", "content": "坚强坚强坚强坚强坚强坚强坚强"}, {"uid": "527386192", "content": "*小恐龙，保持你的决心！"}, {"uid": "575339013", "content": "lu"}, {"uid": "358520643", "content": "BV1Pp4y1e7Pc"}, {"uid": "606739035", "content": "恭喜恭喜恭喜恭喜恭喜恭喜恭喜"}, {"uid": "805776911", "content": "一定要坚强"}, {"uid": "627066482", "content": "恭喜"}, {"uid": "442708967", "content": "yeeeeeeeeeeeeeeeeeeeeeeeeeeeeeeeeeeeeeee~"}, {"uid": "453649249", "content": "小恐龙没有反弹"}, {"uid": "289560505", "content": "影流电路 "}, {"uid": "691610811", "content": "放屁"}, {"uid": "1450156012", "content": "屁宝行为"}, {"uid": "702868605", "content": "新型喷气式，火箭"}, {"uid": "702868605", "content": "大"}, {"uid": "600165219", "content": "放屁"}, {"uid": "700041722", "content": "？？？"}, {"uid": "91667747", "content": "坚强"}, {"uid": "636329353", "content": "yeeeeeeeeeeeeeeeeeeeeeeeeeeeeeeeeeeeeeeeeeeeeeeeeeeeeeeeeeeeeee"}, {"uid": "492598612", "content": "可喜可贺"}, {"uid": "492598612", "content": "恭喜恭喜"}, {"uid": "479406551", "content": "恭洗"}, {"uid": "418894298", "content": "张京华（）"}, {"uid": "102408815", "content": "恭喜恭喜恭喜恭喜"}, {"uid": "631390226", "content": "恭喜恭喜"}, {"uid": "499131376", "content": "恭喜恭喜"}, {"uid": "488187706", "content": "生殖隔离"}, {"uid": "235330208", "content": "宫吧老哥狂喜"}, {"uid": "38801492", "content": "坚强"}, {"uid": "38801492", "content": "坚强"}, {"uid": "38801492", "content": "坚强"}, {"uid": "25769617", "content": "坚强"}, {"uid": "634094839", "content": "坚强绿色"}, {"uid": "492483439", "content": "au"}, {"uid": "484571435", "content": "坚强"}, {"uid": "506347869", "content": "你在吗？你在吗？你在吗？"}, {"uid": "527230575", "content": "yeeeeeeeeeeeeeeeeeeeeeeeeeeeeeeeeeeeee"}, {"uid": "617306705", "content": "哈哈哈哈哈哈哈"}, {"uid": "617306705", "content": "恭喜恭喜"}, {"uid": "668922818", "content": "恭喜恭喜恭喜啊"}, {"uid": "506565061", "content": "是不是很简单呐？？？？？"}, {"uid": "626757067", "content": "不都是一样绿吗"}, {"uid": "670017502", "content": "？？？？？？？？"}, {"uid": "667070877", "content": "gx"}, {"uid": "441789860", "content": "坚强坚强坚强"}, {"uid": "401755070", "content": "恭喜恭喜"}, {"uid": "287368089", "content": "恭喜恭喜"}, {"uid": "83219391", "content": "贺喜贺喜"}, {"uid": "630777623", "content": "恭喜恭喜"}, {"uid": "630777623", "content": "恭喜恭喜恭喜恭喜"}, {"uid": "627687752", "content": "恭喜恭喜恭喜恭喜！"}, {"uid": "521916527", "content": "坚强"}, {"uid": "521916527", "content": "恭喜恭喜"}, {"uid": "543805654", "content": "URBBRGROUN"}, {"uid": "527674147", "content": "坚强"}, {"uid": "25769617", "content": "？？？？？？？？？"}, {"uid": "435435530", "content": "？？？？？？？？？？？？"}, {"uid": "534980704", "content": "恭喜"}, {"uid": "689874935", "content": "yeeeeeeeeeeeeeeeeeeeeeeeeeeeeeeeeeeeeeee~"}, {"uid": "511119170", "content": "爱辽"}, {"uid": "511119170", "content": "爱辽"}, {"uid": "511119170", "content": "害怕"}, {"uid": "646562297", "content": "恭喜恭喜"}, {"uid": "476407034", "content": "放屁"}, {"uid": "628720455", "content": "我giao"}, {"uid": "435172220", "content": "要坚强"}, {"uid": "651374451", "content": "坚强！"}, {"uid": "470471790", "content": "恭喜"}, {"uid": "361087922", "content": "太tm"}, {"uid": "503443151", "content": "*保持你的决心"}, {"uid": "23344760", "content": "坚强"}, {"uid": "412840320", "content": "坚强"}, {"uid": "319338239", "content": "海皇处刑曲"}, {"uid": "294619000", "content": "立体机动装置"}, {"uid": "372249555", "content": "恭喜恭喜"}, {"uid": "433959982", "content": "恭喜恭喜"}, {"uid": "23775605", "content": "我决起而飞，抢榆枋而止，时则不至，而控于地而已矣"}, {"uid": "131649317", "content": "恭喜恭喜恭喜恭喜恭喜"}, {"uid": "602484383", "content": "恭喜恭喜"}, {"uid": "502002391", "content": "生而为龙我很抱歉"}, {"uid": "370992455", "content": "瑞莫的bgm为啥不能在这放？？？"}, {"uid": "663380476", "content": "e"}, {"uid": "560666750", "content": "老被绿云 "}, {"uid": "522074666", "content": "恭喜恭喜恭喜"}, {"uid": "515742735", "content": "恭喜恭喜恭喜恭喜"}, {"uid": "42485130", "content": "坚强"}, {"uid": "473013740", "content": "就是你的问题。"}, {"uid": "455896824", "content": "YEEEEEEEEEEEEEEEEEE"}, {"uid": "671363227", "content": "黑化"}, {"uid": "630777623", "content": "恭喜恭喜坚强"}, {"uid": "630777623", "content": "恭喜恭喜"}, {"uid": "499131376", "content": "？？？？？？？？？？？？？"}, {"uid": "499131376", "content": "？？？？？？？？？？？？？？"}, {"uid": "340917103", "content": "要坚强"}, {"uid": "515474131", "content": "NMD，为什么！"}, {"uid": "628246036", "content": "恭喜"}, {"uid": "689657392", "content": "海皇排面"}, {"uid": "475948453", "content": "坚强"}, {"uid": "364132279", "content": "yeeeeeeeeeeeeeeeeeeeeeeeeeeeeeeeeeeeeeeeeeeeee"}, {"uid": "507040079", "content": "坚强"}, {"uid": "252543155", "content": "坚强！"}, {"uid": "646780968", "content": "你要坚强"}, {"uid": "626908989", "content": "坚强"}, {"uid": "522554383", "content": "R.I.P"}, {"uid": "667748373", "content": "坚强"}, {"uid": "511657256", "content": "坚强"}, {"uid": "94436080", "content": "你要坚强"}, {"uid": "499716726", "content": "哈哈哈哈哈哈哈哈哈哈哈哈哈"}, {"uid": "586729909", "content": "恭喜恭喜恭喜恭喜恭喜恭喜"}, {"uid": "266991539", "content": "坚强"}, {"uid": "18366284", "content": "达尔文:？？？？？？？？？？？？？？？？"}, {"uid": "1579466501", "content": "你的帽子颜色不错，就像我姐姐给我带的（我的 好 姐 姐 是个海王，还想*了我）"}, {"uid": "675716663", "content": "小恐龙    从高处掉落了下来"}, {"uid": "675716663", "content": "淡━━(‾ー‾*|||━━定"}, {"uid": "675716663", "content": "！？"}, {"uid": "675716663", "content": "∧  ∧"}, {"uid": "675716663", "content": "∧      ∧"}, {"uid": "249671734", "content": "迪yeeeeeeeeeeeeee哥"}, {"uid": "160115053", "content": "父    慈    子    孝"}, {"uid": "575339013", "content": "哈哈哈哈哈哈哈哈哈哈哈哈哈哈哈哈哈哈哈"}, {"uid": "442760625", "content": "+"}, {"uid": "2124132746", "content": "长得好丑啊。"}, {"uid": "2124132746", "content": "这长相难道就是传说中的阴间电影这长相难道就是传说中的阴间电影这长相难道就是传说中的阴间电影这长相难道就是传说中的阴间电影这长相难道就是传说中的阴间电影这长相难道就是传说中的阴间电影这长相难道就是传说中"}, {"uid": "552381567", "content": "你要坚强你要坚强你要坚强你要坚强"}, {"uid": "448688953", "content": "Yeeeeeeeeeeeeeeeeeeeeeeeeeeeeeeeeeee"}, {"uid": "514941002", "content": "恭（jian）喜（qiang）"}, {"uid": "1325175624", "content": "小——————-逼————崽————子"}, {"uid": "140080916", "content": "我，我，#@¥#4@//#/@yi"}, {"uid": "140080916", "content": "坚强"}, {"uid": "1846030398", "content": "恭喜恭喜"}, {"uid": "514718205", "content": "帽子戴正,别歪着带"}, {"uid": "234085805", "content": "                      c                   l        …"}, {"uid": "702868605", "content": "嗯哼嗯哼嗯哼嗯哼嗯哼嗯哼"}, {"uid": "702868605", "content": "呵呵"}, {"uid": "526549284", "content": "小————恐————龙————"}, {"uid": "499131376", "content": "哈哈哈哈哈哈哈哈哈哈哈哈哈哈哈哈哈哈哈哈哈哈哈哈哈哈哈哈"}, {"uid": "402446143", "content": "多     新      鲜     呐 "}, {"uid": "562766039", "content": "哈哈哈哈哈哈哈哈哈哈哈哈哈哈哈哈哈哈哈哈哈哈哈哈哈哈哈哈哈哈哈哈哈哈哈哈哈哈哈哈哈哈哈哈哈哈哈哈哈哈哈哈哈哈哈哈哈哈哈哈哈哈哈"}, {"uid": "496194381", "content": "爱是一道光，绿的你发慌"}, {"uid": "238539365", "content": "？？？？？？？？？？？？？？？？？？？？？？？？？？？？？？？？？？？？？？？？？？？？？？？？？？？？？？？？？？？？？？？？？？？？？？？？？？？"}, {"uid": "500998013", "content": "坚强坚强坚强坚强坚强坚强坚强坚强坚强坚强坚强坚强坚强坚强坚强坚强坚强坚强坚强坚强坚强坚强坚强坚强坚强坚强坚强坚强坚强坚强坚强坚强坚强坚强坚强坚强坚强坚强坚强坚强坚强坚强坚强坚强坚强坚强坚强坚强坚强坚强"}, {"uid": "673393446", "content": "？？？？？？？？？？？？？？？？？？？？"}, {"uid": "520191955", "content": "屁    宝    万    碎"}, {"uid": "524482036", "content": "坚强，坚强，坚强，一定要坚强。"}, {"uid": "525505512", "content": "坚强"}, {"uid": "88000792", "content": "我在吃饭啊啊啊啊啊啊啊啊啊啊啊啊啊啊啊"}, {"uid": "511119170", "content": "坚强"}, {"uid": "32001093", "content": "恭喜恭喜坚强"}, {"uid": "506565061", "content": "不—————————————————"}, {"uid": "644509180", "content": "？？？？？？？？？？？？？？？"}, {"uid": "433947078", "content": "啊哈哈哈哈哈哈哈啊哈哈哈哈哈哈哈啊我要不行了啊啊啊"}, {"uid": "499131376", "content": "哈哈哈哈哈哈哈哈哈哈哈哈哈哈哈哈哈哈哈哈哈哈哈哈哈哈哈哈哈哈哈哈哈哈哈哈哈哈哈哈哈哈哈哈哈哈哈哈哈哈哈哈哈哈哈哈哈哈"}, {"uid": "499131376", "content": "坚强坚强坚强坚强坚强坚强坚强坚强坚强坚强坚强坚强坚强"}, {"uid": "499131376", "content": "哈哈哈哈哈哈哈哈哈哈哈哈哈哈哈哈哈哈哈哈哈哈哈哈哈哈哈哈哈哈哈哈哈哈哈哈哈哈哈哈哈哈哈哈哈哈哈哈"}, {"uid": "603226803", "content": "啊啊啊啊啊啊啊啊啊啊啊啊啊啊啊啊啊啊啊啊啊啊啊啊啊啊啊啊啊啊啊啊"}, {"uid": "499131376", "content": "哈哈哈哈哈哈哈哈哈哈哈哈哈哈哈哈哈哈哈哈哈哈哈哈哈哈哈哈哈哈哈哈哈哈哈哈哈"}, {"uid": "499131376", "content": "哈哈哈哈哈哈哈哈哈哈哈哈哈哈哈哈哈哈哈哈哈哈哈哈哈哈哈哈哈哈哈哈哈哈哈哈哈哈哈哈哈哈"}, {"uid": "499131376", "content": "？？？？？？？？？？？？？？？？？？？？？？？？？？？？？？。？？？"}, {"uid": "689657392", "content": "看不见我"}, {"uid": "647179067", "content": "早  期  恐  龙  驯  化  视  频"}, {"uid": "499131376", "content": "哈哈哈哈哈哈哈哈哈哈哈哈哈哈哈哈哈哈哈哈哈哈哈哈哈哈哈哈哈哈哈哈"}, {"uid": "499131376", "content": "？？？？？？？？？？？？？？？？？？？。。。。。。。。。。？？？？？？？？？？？？？？？？？"}, {"uid": "499131376", "content": "？？？？？？？？？？？？？？？？？？？？？？？？？？？？？？？？？？？"}, {"uid": "512971674", "content": "哈哈哈哈哈哈哈哈哈哈哈哈哈哈哈哈哈哈哈哈哈哈哈哈哈哈哈哈哈哈哈哈哈哈哈哈哈哈哈哈哈哈哈哈哈哈"}, {"uid": "97251434", "content": "？？？？？？？？？？？？？？？？？？？？？"}, {"uid": "670051202", "content": "？？？？？？？？？？？？？？？"}, {"uid": "363271786", "content": "看不见我。"}, {"uid": "637031305", "content": "为堕落的恐龙命名"}]