[{"uid": "27850617", "content": "我宣布！她现在开始就是我的老婆了！"}, {"uid": "185559412", "content": "一秒变御姐"}, {"uid": "185559412", "content": "强啊"}, {"uid": "8744726", "content": "？？？？"}, {"uid": "11174284", "content": "背景好魔性哈哈哈哈哈哈"}, {"uid": "65219882", "content": "小嘴抹了蜜"}, {"uid": "173522635", "content": "virtual wee～b"}, {"uid": "73827141", "content": "背景哈哈哈"}, {"uid": "77214271", "content": "kksk"}, {"uid": "676533357", "content": "幸好没戴耳机"}, {"uid": "412501037", "content": "直接破防"}, {"uid": "243682406", "content": "有点慎得慌"}, {"uid": "243682406", "content": "吓我一跳"}, {"uid": "37865026", "content": "绷不住了（）"}, {"uid": "28896796", "content": "我好像听到了日语"}, {"uid": "22506467", "content": "点歌 爱我中华"}, {"uid": "475348450", "content": "you are my san"}, {"uid": "1268209", "content": "难得听一次唱歌"}, {"uid": "108906482", "content": "字幕刻在dna里了"}, {"uid": "478829676", "content": "太甜了"}, {"uid": "4430284", "content": "kksk"}, {"uid": "326493024", "content": "？？？"}, {"uid": "60387457", "content": "全程就听懂这句日语"}, {"uid": "280771395", "content": "哼╯^╰"}, {"uid": "342011680", "content": "你再骂！"}, {"uid": "33585889", "content": "但她好可爱啊（"}, {"uid": "150703", "content": "摩达佛咖太草了"}, {"uid": "4530797", "content": "别入脑别入脑"}, {"uid": "33919342", "content": "光速填词"}, {"uid": "524994581", "content": "反正我也听不懂"}, {"uid": "4206548", "content": "哼"}, {"uid": "140525885", "content": "唯一一句懂得在这"}, {"uid": "33919342", "content": "zhen"}, {"uid": "443160322", "content": "草"}, {"uid": "131962", "content": "法克儿？？？"}, {"uid": "423802212", "content": "?"}, {"uid": "5993906", "content": "kksk"}, {"uid": "231000076", "content": "好像夜架啊！！！！！！"}, {"uid": "44577489", "content": "草"}, {"uid": "2283646", "content": "没有字幕谁懂啊("}, {"uid": "109389235", "content": "？？？？？？？？"}, {"uid": "90136", "content": "哼"}, {"uid": "256729594", "content": "好耶"}, {"uid": "5693124", "content": "？？？？？"}, {"uid": "6173696", "content": "？？？"}, {"uid": "13787793", "content": "就听懂一句"}, {"uid": "626904916", "content": "我是不是听到了m***er f*uk"}, {"uid": "8725425", "content": "草"}, {"uid": "74173597", "content": "草"}, {"uid": "98098637", "content": "这听懂了"}, {"uid": "131652679", "content": "草"}, {"uid": "229865277", "content": "kksk"}, {"uid": "27229667", "content": "Mtfk?"}, {"uid": "761900", "content": "f@@ker~~~"}, {"uid": "284509539", "content": "草"}, {"uid": "53272270", "content": "？"}, {"uid": "629274792", "content": "你爱我 我爱你 蜜雪冰城甜蜜蜜 "}, {"uid": "13349054", "content": "谢谢赫卡我悟了，这就把准备上舰的钱拿去吃顿好的[给心心][给心心][给心心]​"}, {"uid": "81607", "content": "哼"}, {"uid": "28613079", "content": "全损音质"}, {"uid": "79646219", "content": "要来了吗？"}, {"uid": "2043194", "content": "？？？？"}, {"uid": "11262643", "content": "？？？？？"}, {"uid": "33394818", "content": "真以为我听不懂吗"}, {"uid": "544024095", "content": "哇"}, {"uid": "531602675", "content": "念经是吧"}, {"uid": "93003492", "content": "？？？"}, {"uid": "33430491", "content": "草"}, {"uid": "53803350", "content": "草"}, {"uid": "65219882", "content": "加字幕就播不出来了……"}, {"uid": "377609239", "content": "啥口音啊这"}, {"uid": "690687371", "content": "zbc"}, {"uid": "99734733", "content": "莫名觉得涩"}, {"uid": "539730595", "content": "↑是son"}, {"uid": "216083815", "content": "念经是吧"}, {"uid": "23828724", "content": "懂了，这就取关"}, {"uid": "476005540", "content": "这句我就懂了熬，和我结婚，可以啊"}, {"uid": "23461692", "content": "草"}, {"uid": "256104315", "content": "草"}, {"uid": "256196172", "content": "wtf"}, {"uid": "74173597", "content": "？"}, {"uid": "384637", "content": "mtfk~"}, {"uid": "36423745", "content": "初，单，结"}, {"uid": "66719729", "content": "怪不得没字幕......这放出来......"}, {"uid": "3224758", "content": "\\赫卡/\\赫卡/\\赫卡/\\赫卡/\\赫卡/"}, {"uid": "86648542", "content": "这下听得懂了"}, {"uid": "25773", "content": "害怕"}]