[{"uid": "442589638", "content": "基金被套在山顶站岗"}, {"uid": "154309694", "content": "《粉丝怎么会骗人呢？》"}, {"uid": "185416429", "content": "岳父真大气"}, {"uid": "51170308", "content": "基金啊～还真不一定能还得上(doge)"}, {"uid": "628511160", "content": "直播诈骗可还行"}, {"uid": "405504310", "content": "换我直接腿折一条半。"}, {"uid": "235079439", "content": "上班摸鱼，深的巴巴托斯真传"}, {"uid": "411473060", "content": "爸：我是摸鱼高手"}, {"uid": "14824744", "content": "岳父，是她，哈哈哈哈"}, {"uid": "357506445", "content": "军  费  不  能  省"}, {"uid": "493230", "content": "卧槽，快57的大佬"}, {"uid": "185502777", "content": "你孩子在我手上"}, {"uid": "2228886", "content": "草"}, {"uid": "8148499", "content": "我不是就你是"}, {"uid": "471653528", "content": "《帮过我》"}, {"uid": "384637", "content": "同 化 斗 士"}, {"uid": "8043493", "content": "金金"}, {"uid": "38550786", "content": "同 化 完 成"}, {"uid": "536114", "content": "警惕新型电信诈骗"}, {"uid": "319345604", "content": "真 坑爹"}, {"uid": "128387", "content": "灵活的花钱标准"}, {"uid": "1925794", "content": "管亲爹抢舰长hhhh"}, {"uid": "403328093", "content": "草"}, {"uid": "22213644", "content": "呜呜呜……先生，理性消费"}, {"uid": "1562936", "content": "充满智慧的头像"}, {"uid": "1562936", "content": "岳父！就是她！"}, {"uid": "1562936", "content": "大哥，你是知道我的.jpg"}, {"uid": "875334", "content": "dream草"}, {"uid": "181666", "content": "警惕新型网络诈骗"}, {"uid": "252369865", "content": "《基金人》"}, {"uid": "243798608", "content": "《这是军费，军费不能省》"}, {"uid": "169263988", "content": "夺舍，借尸还魂"}, {"uid": "486733758", "content": "这号就是我的了"}, {"uid": "456500083", "content": "哈哈哈哈哈"}, {"uid": "60682791", "content": "草"}, {"uid": "226008738", "content": "电脑配件"}, {"uid": "574476493", "content": " dream全体起立！！！！！"}, {"uid": "9207238", "content": "你爸的私房钱都被你套走了"}, {"uid": "480362513", "content": "《我玩游戏从来不花钱的》"}, {"uid": "31884163", "content": "老爸大气"}, {"uid": "2403744", "content": "谨防电信诈骗"}, {"uid": "14141665", "content": "客气了"}, {"uid": "19980529", "content": "原名是叫stella么233"}, {"uid": "93060760", "content": "正经人谁买学习资料啊"}, {"uid": "8988076", "content": "学习资料"}, {"uid": "9180311", "content": "效果拉满"}, {"uid": "71834241", "content": "新型网络诈骗~"}, {"uid": "1955634", "content": "不花自己的钱（确信）"}, {"uid": "469640", "content": "上班摸鱼是这样的啊"}, {"uid": "8320673", "content": "组员：？"}, {"uid": "264689", "content": "海猫打钱"}, {"uid": "245100357", "content": "疯狂暗示"}, {"uid": "22477220", "content": "还了，简单。。"}, {"uid": "480697473", "content": "不至于不至于"}, {"uid": "345709898", "content": "啥?钱没了?"}, {"uid": "241362949", "content": "不客气"}, {"uid": "35357597", "content": "不客气"}, {"uid": "23375036", "content": "哈哈哈你再骂！"}, {"uid": "37708231", "content": "真的不是我本人"}, {"uid": "528583583", "content": "新型网络诈骗。"}, {"uid": "38595671", "content": "氪佬的谎言"}, {"uid": "36769691", "content": "谨防新型网络诈骗"}, {"uid": "259303244", "content": "建议老爹直接进入直播间"}, {"uid": "6692455", "content": "23333333"}, {"uid": "6692455", "content": "网络诈骗2333"}, {"uid": "1457815", "content": "我们联合！"}, {"uid": "33593708", "content": "sugar daddy是吗"}, {"uid": "16939609", "content": "笑死"}, {"uid": "27098627", "content": "need just world"}, {"uid": "39023", "content": "草，新型网络诈骗"}, {"uid": "57398060", "content": "这个仇，我记下了"}, {"uid": "8865216", "content": "学习资料"}, {"uid": "111234178", "content": "暗示该上舰了"}, {"uid": "40386896", "content": "草"}, {"uid": "33620493", "content": "草"}, {"uid": "95117300", "content": "竟也是Dream粉"}, {"uid": "1562936", "content": "《我玩游戏从来不花钱的》"}, {"uid": "523984", "content": "伏笔了哈哈哈哈"}, {"uid": "23874332", "content": "太哈人了"}, {"uid": "15691780", "content": "卡在什么地方？"}, {"uid": "50258975", "content": "诶???这人我遇过诶"}, {"uid": "44106341", "content": "居然是动森的bgm！"}, {"uid": "437420696", "content": "我们联合！"}, {"uid": "245263760", "content": "dream!!!好耶"}, {"uid": "36980232", "content": "这是什么经典网络诈骗发言"}, {"uid": "13369371", "content": "金金金金"}, {"uid": "6692455", "content": "哈哈哈哈哈哈哈"}, {"uid": "6692455", "content": "哈哈哈哈哈哈哈哈哈哈"}, {"uid": "27718506", "content": "朋友竟是我自己？"}, {"uid": "397255428", "content": "我有学习资料，几十g呢"}, {"uid": "634802910", "content": "大户人家哈哈哈"}, {"uid": "313033747", "content": "本人在场黑听"}, {"uid": "16939609", "content": "警惕新型网络诈骗"}, {"uid": "115067906", "content": "警惕新型网络诈骗"}, {"uid": "369829", "content": "？？？？？"}, {"uid": "10650378", "content": "好号我毛.jpg"}, {"uid": "40386896", "content": "新型网络诈骗"}, {"uid": "97015933", "content": "一个字绝"}, {"uid": "469640", "content": "怎么弄的和新型网络诈骗一样（"}, {"uid": "523984", "content": "从来不花钱"}, {"uid": "346000278", "content": "要抽卡不先充钱搁这诈骗呢"}, {"uid": "26140316", "content": "动森好评"}, {"uid": "388441008", "content": "草"}, {"uid": "512915994", "content": "《 不 花 钱 》"}, {"uid": "456500083", "content": "警惕新型网络诈骗"}, {"uid": "676533357", "content": "问我干嘛"}, {"uid": "319385988", "content": "dream"}, {"uid": "106667916", "content": "哈哈哈哈哈哈哈"}, {"uid": "38905708", "content": "一波岳父即将到来！"}, {"uid": "108183941", "content": "谨防新型网络诈骗"}, {"uid": "651993634", "content": "hhhhhhhhhhhhh"}, {"uid": "90816609", "content": "警惕新型网络诈骗"}, {"uid": "1457815", "content": "军费！不能省！"}, {"uid": "164595472", "content": "不客气"}, {"uid": "22900712", "content": "hello dream "}, {"uid": "245669", "content": "哈哈哈哈哈哈"}, {"uid": "245669", "content": "卡在什么里？？"}, {"uid": "8171904", "content": "严谨"}, {"uid": "486155332", "content": "孝死了"}, {"uid": "124021715", "content": "阿巴巴巴巴巴巴巴巴巴巴巴"}, {"uid": "319345604", "content": "真坑爹"}, {"uid": "5416739", "content": "ocean cat：？"}, {"uid": "2842559", "content": "新型网络炸片"}, {"uid": "71252293", "content": "JoJo,你这家伙在看着我吧"}, {"uid": "1477642", "content": "不愧是NTR组合的人，真有你的啊缇雅"}, {"uid": "245100357", "content": "占为己有"}, {"uid": "1343537184", "content": "谨防新型网络诈骗"}, {"uid": "53263664", "content": "赫卡里姆"}, {"uid": "600968762", "content": "客气"}, {"uid": "319345604", "content": "为什么我的改不了？"}, {"uid": "33147167", "content": "？？？"}, {"uid": "343299596", "content": "这波是暗示亲爹上船啊"}, {"uid": "3039720", "content": "哈哈哈哈哈"}, {"uid": "1136583487", "content": "阿爸回家就是艦長啦！"}, {"uid": "445697340", "content": "草"}, {"uid": "2510101", "content": "动森BGM还行"}, {"uid": "511053535", "content": "我不借"}, {"uid": "528583583", "content": "不客气。"}, {"uid": "54281708", "content": "奇怪的文件夹"}, {"uid": "7315022", "content": "氪佬"}, {"uid": "626947503", "content": "黑心棉"}, {"uid": "27513598", "content": "哎，不客气"}, {"uid": "156011677", "content": "最好不要代付吧，万一是骗子呢"}, {"uid": "5398343", "content": "hhhhh"}, {"uid": "69235372", "content": "新型网络诈骗"}, {"uid": "71834241", "content": "不会吧，不会吧~"}, {"uid": "38854271", "content": "这吊人就离谱"}, {"uid": "42358836", "content": "女儿玄学了"}, {"uid": "27684367", "content": "？？？？？？"}, {"uid": "23762888", "content": "从来不花钱））"}, {"uid": "1368511", "content": "5000的学习资料就不怕身子受不了吗"}, {"uid": "40386896", "content": "吾皇赐名"}, {"uid": "33620493", "content": "草"}, {"uid": "33414450", "content": "xs"}, {"uid": "24434", "content": "双重网络诈骗"}, {"uid": "494002", "content": "我有个观众"}, {"uid": "23247847", "content": "鲁卡提耶"}, {"uid": "35022423", "content": "哈哈哈哈"}, {"uid": "403785695", "content": "草"}, {"uid": "1457732026", "content": "哈哈哈"}, {"uid": "9003751", "content": "hhhh"}, {"uid": "14477677", "content": "???"}, {"uid": "22122526", "content": "哈哈哈哈哈"}, {"uid": "5853953", "content": "kksk"}, {"uid": "651993634", "content": "从来"}, {"uid": "11782043", "content": "草"}, {"uid": "493230", "content": "大火全在看"}, {"uid": "179063", "content": "我是你妈给我打钱有点太霸气了吧~"}, {"uid": "433511350", "content": "不客气"}, {"uid": "479913349", "content": "是我了"}, {"uid": "19952198", "content": "坑爹"}, {"uid": "17784911", "content": "草"}, {"uid": "1368845705", "content": "危"}, {"uid": "82631227", "content": "什么学习资料要五千啊"}, {"uid": "297478443", "content": "dream？"}, {"uid": "32752361", "content": "？"}, {"uid": "76746317", "content": "5000还能卡基金里，那流动资金多少，连存款都没？借钱抽满命？牛"}, {"uid": "23762888", "content": "草草草"}, {"uid": "23762888", "content": "草草"}, {"uid": "33620493", "content": "完蛋了"}, {"uid": "514903936", "content": "dream？"}, {"uid": "29963395", "content": "油拉"}, {"uid": "245100357", "content": "心虚"}, {"uid": "3798398", "content": "草"}, {"uid": "29994332", "content": "好活"}, {"uid": "409893048", "content": "很抱歉以这种方式认识你"}, {"uid": "1594519819", "content": "网络诈骗"}, {"uid": "342861", "content": "不客气"}, {"uid": "834677133", "content": "yj打钱"}, {"uid": "410761929", "content": "抽完直接拉黑"}, {"uid": "60682791", "content": "？"}, {"uid": "474199392", "content": "草草草"}, {"uid": "498903477", "content": "话说优菈和斯卡蒂炮姐同一个配音"}, {"uid": "91936627", "content": "23333333"}, {"uid": "354908301", "content": "说诈骗的看简介，虽然下次还是小心点好"}, {"uid": "454977023", "content": "你再骂"}, {"uid": "189096412", "content": "新型网络诈骗"}, {"uid": "404475409", "content": "看简介，看简介"}, {"uid": "384637", "content": "天狗是真的NB"}, {"uid": "21331110", "content": "？？？"}, {"uid": "38550786", "content": "？？？？、、"}, {"uid": "536114", "content": "太尴尬了"}, {"uid": "13282007", "content": "？？？"}, {"uid": "23762888", "content": "草"}, {"uid": "375792", "content": "卡在什么里？"}, {"uid": "20528", "content": "警惕新型网络诈骗"}, {"uid": "2758221", "content": "？？？"}, {"uid": "445998096", "content": "hhh"}, {"uid": "21585342", "content": "不客气"}, {"uid": "38884472", "content": "建议占为己有"}, {"uid": "515445810", "content": "璃性消费"}, {"uid": "344260823", "content": "dream？"}, {"uid": "386513", "content": "军费，不能省"}, {"uid": "475082995", "content": "草"}, {"uid": "71475444", "content": "这个感谢的关注，不会是老爸吧，这样的老爸有钱又疼女儿。。。"}, {"uid": "52076839", "content": "是dream，mc玩家狂喜"}, {"uid": "1548031", "content": "？？？"}, {"uid": "91936627", "content": "666666"}, {"uid": "91936627", "content": "孝死了"}, {"uid": "413203563", "content": "草"}, {"uid": "413203563", "content": "哈哈"}, {"uid": "68382876", "content": "不太好，这不是叫没自制力的人骗钱吗？"}, {"uid": "48273680", "content": "现场坑爹节目，借我5000"}, {"uid": "5529407", "content": "金金"}, {"uid": "34478733", "content": "鲈鱼"}, {"uid": "750232", "content": "你别帮别人氪金啊！！！"}, {"uid": "38550786", "content": "草"}, {"uid": "27522714", "content": "尴尬"}, {"uid": "9099690", "content": "哎"}, {"uid": "42358836", "content": "开心"}, {"uid": "17953378", "content": "？"}, {"uid": "24019944", "content": "看简介，还了"}, {"uid": "10391375", "content": "学套路"}, {"uid": "7821538", "content": "我爸要知道绝对sha了我。。。"}, {"uid": "73438827", "content": "伏笔了哈哈哈"}, {"uid": "82750956", "content": "fun p"}, {"uid": "23625514", "content": "我信你个鬼，你入坑舟游都是直接充钱抽满潜的"}, {"uid": "22816963", "content": "改名伏笔"}, {"uid": "12713497", "content": "警惕新型网络诈骗"}, {"uid": "614218507", "content": "在？爹哪买的？？？我也去买一个"}, {"uid": "52076839", "content": "这是军费，不能省"}, {"uid": "235079439", "content": "你的问问他买的啥基金"}, {"uid": "293579773", "content": "女生管父母要钱"}, {"uid": "432662112", "content": "哈哈哈哈孝死我了"}, {"uid": "495325629", "content": "ntr"}, {"uid": "60438733", "content": "草"}, {"uid": "21145264", "content": "一看就是中二晚期"}, {"uid": "17049801", "content": "¿¿¿"}, {"uid": "37051501", "content": "？"}, {"uid": "3203939", "content": "警惕新型诈骗"}, {"uid": "114369", "content": "废狗你不是氪金了"}, {"uid": "96056605", "content": "卧槽dream还行 國內還有人看dream呀"}, {"uid": "1562936", "content": "哈哈哈哈哈哈哈哈哈哈哈哈哈哈哈哈"}, {"uid": "1562936", "content": "哈哈哈哈哈哈哈哈哈哈哈哈哈哈哈哈"}]