[{"uid": "607337216", "content": "？？？"}, {"uid": "607337216", "content": "我现在新的干员的潜能要么拉满要么不动"}, {"uid": "25568292", "content": "哦豁 那完蛋"}, {"uid": "313679140", "content": "FGO其他不说就如果医生真出个英灵，绝对瞬间能上氪金榜首位"}, {"uid": "107653", "content": "说白了就是皮好看而已。"}, {"uid": "107653", "content": "皮好看就行"}, {"uid": "605284485", "content": "所以你想嫁给海猫获得一个满级号（doge"}, {"uid": "1721646", "content": "确实，但人难逃赌狗上头"}, {"uid": "1464181", "content": "……………发生了甚么？"}, {"uid": "2546793", "content": "属于是强迫症了"}, {"uid": "121593", "content": "dmm的城娘嘛"}, {"uid": "2397005", "content": "限定的魔力233333"}, {"uid": "5911", "content": "怎么我也是第一时间想读克鲁苏比较顺口"}, {"uid": "4960694", "content": "“五角星不是满的，我很难受！”"}, {"uid": "111199504", "content": "海猫鸣泣之时，无人生还"}, {"uid": "17455885", "content": "现在人家只是桃贩子"}, {"uid": "20794325", "content": "传染成功"}, {"uid": "443936622", "content": "我都懂"}, {"uid": "14809247", "content": "科伦苏"}, {"uid": "111278598", "content": "克鲁苏哈哈哈哈，我还克苏恩呢"}, {"uid": "87641962", "content": "炉石里是克苏恩，恩佐斯，尤格萨隆，亚煞极"}, {"uid": "3835066", "content": "经典念反"}, {"uid": "82641623", "content": "克什么？！"}, {"uid": "627076767", "content": "果然圣经才是传教圣器"}, {"uid": "176283877", "content": "找到了罪魁祸首空爷"}, {"uid": "218807", "content": "大发明家"}, {"uid": "7238346", "content": "克伦苏"}, {"uid": "4861872", "content": "福瑞控是吧！？我也是啊，那没事了"}, {"uid": "8095580", "content": "niki：？"}, {"uid": "757746", "content": "克什么？"}, {"uid": "398851968", "content": "DDD"}, {"uid": "21527720", "content": "这也太壕了..."}, {"uid": "2303485", "content": "克伦苏（迫真）"}, {"uid": "252327828", "content": "不是克苏鲁吗"}, {"uid": "3928408", "content": "杨颜小姐我们的光"}, {"uid": "314061499", "content": "《嗨，老公！！》"}, {"uid": "34260922", "content": "克什么？"}, {"uid": "19032847", "content": "“好味，克鲁苏发糖！”"}, {"uid": "18935393", "content": "山海什么来着吧，当时也玩了"}, {"uid": "39656470", "content": "COC其实也算经典了"}, {"uid": "17492130", "content": "淹死的都是会水的233~"}, {"uid": "196674762", "content": "因为海猫太帅了"}, {"uid": "33624173", "content": "好家伙，传教成功"}, {"uid": "15734319", "content": "穿柜筒底"}, {"uid": "12633533", "content": "炉石是克苏恩"}, {"uid": "12633533", "content": "氪了我丝袜"}, {"uid": "275264479", "content": "42，降智真神（doge）"}, {"uid": "14253967", "content": "克鲁苏是炉石里的克苏鲁好像"}, {"uid": "1659660", "content": "直接报型月身份证吧"}, {"uid": "513408203", "content": "经典永流传"}, {"uid": "79611071", "content": "克什么？？？"}, {"uid": "3872811", "content": "杨颜同学就是我们的光！！！"}, {"uid": "37865026", "content": "不愧是富婆tia"}, {"uid": "8601187", "content": "克苏鲁！！！（震怒）"}, {"uid": "1791955", "content": "换皮氪金手游"}, {"uid": "1791955", "content": "圣遗物法老的画"}, {"uid": "12754387", "content": "这是怎么找上你的。。"}, {"uid": "7297024", "content": "克苏鲁！"}, {"uid": "7297024", "content": "《我 都 懂》"}, {"uid": "5052610", "content": "芙瑞控是吧"}, {"uid": "12015084", "content": "强迫症受不了啊- -"}, {"uid": "33249442", "content": "福瑞控是吧？哦哦，我也是啊，那没事了"}, {"uid": "1562936", "content": "停一下，停一下"}, {"uid": "1562936", "content": "五角星，他，他没有亮！"}, {"uid": "1562936", "content": "吃螺丝suki"}, {"uid": "10514163", "content": "千年战争？？？"}, {"uid": "23762888", "content": "哈哈哈哈哈"}, {"uid": "217868647", "content": "克鲁苏听着像甜品的名字"}, {"uid": "27098627", "content": "圣   经   节   选"}, {"uid": "675652", "content": "克什么？"}, {"uid": "8158636", "content": "真实"}, {"uid": "1502767", "content": "啊？"}, {"uid": "54229763", "content": "这个事情告诉我们会计兼出纳容易监守自盗"}, {"uid": "1984003", "content": "“限定”"}, {"uid": "8892221", "content": "是克苏鲁啊!"}, {"uid": "605284485", "content": "这是哪个什么.....军！费！这不能省"}, {"uid": "542625", "content": "千年是2015年啊"}, {"uid": "2397005", "content": "十万月厨可不是一手游可以培养出来的"}, {"uid": "9205728", "content": "大大的两个字（限定）"}, {"uid": "15516825", "content": "抽卡游戏帮我纠正了这种心态"}, {"uid": "19985974", "content": "“传销头子”"}, {"uid": "298754049", "content": "《我都懂》"}, {"uid": "3835066", "content": "论圣经的影响力"}, {"uid": "8207599", "content": "回顾圣经"}, {"uid": "27714241", "content": "《我要嫁给海猫》"}, {"uid": "6780296", "content": "FGO:学我者死，像我者也死"}, {"uid": "15490538", "content": "哈哈哈哈xswl"}, {"uid": "3388255", "content": "……0潜不会有五角星的"}, {"uid": "1941765", "content": "《我TM》"}, {"uid": "5494791", "content": "停一下停一下"}, {"uid": "11548564", "content": "杨颜XF（dog）"}, {"uid": "1562936", "content": "你玩一个月比我5年氪的都多"}, {"uid": "401099828", "content": "奈姬：？？？"}, {"uid": "401099828", "content": "所以你怎么花了五万的"}, {"uid": "1502767", "content": "太屑了"}, {"uid": "131426451", "content": "我这个人呢比较...不好意思DNA动了"}, {"uid": "248526546", "content": "学fgo活不了几天"}, {"uid": "38959723", "content": "传教神器"}, {"uid": "44099687", "content": "想不到我近视眼看不见五角星也会成为优势"}, {"uid": "174952927", "content": "杨颜xf"}, {"uid": "513737", "content": "老板糊涂啊"}, {"uid": "513737", "content": "中了拱火的圈套"}, {"uid": "5416739", "content": "《我是学这个的》"}, {"uid": "3126526", "content": "月宝全责"}, {"uid": "89325693", "content": "限定击倒一切收集癖"}, {"uid": "19985974", "content": "只要你不喝酒 就可以白嫖方舟"}, {"uid": "11657183", "content": "方舟就是强在美术风格"}, {"uid": "455029202", "content": "而且还爱上了法老"}, {"uid": "74543", "content": "42满潜收益还是不错的"}, {"uid": "3835066", "content": "停一下停一下"}, {"uid": "16312917", "content": "草这是氪穿了啊"}, {"uid": "237305766", "content": "哈哈哈哈哈"}, {"uid": "32176248", "content": "只要我不点潜能，五角星就不存在"}, {"uid": "102704786", "content": "？？？？"}, {"uid": "18114326", "content": "哈哈哈哈"}, {"uid": "19792734", "content": "六星也可以的啊。"}, {"uid": "1487772", "content": "巧了，我也是这样"}, {"uid": "17920029", "content": "应该是DMM里面的千年战争"}, {"uid": "33709430", "content": "收集那玩意儿干啥"}, {"uid": "12754387", "content": "要被特定力"}, {"uid": "5494791", "content": "还有剧情不够好的话也不行"}, {"uid": "32997223", "content": "《 它 咋 就 不 是 满 的 呢 》"}, {"uid": "80079897", "content": "因为海猫是你男神"}, {"uid": "1853686", "content": "草哈哈哈哈哈"}, {"uid": "12848474", "content": "海猫老二次元了"}, {"uid": "106627867", "content": "《最讨厌了》"}, {"uid": "108551", "content": "你乱说什么实话！（笑）"}, {"uid": "367487279", "content": "杨颜xf"}, {"uid": "7309046", "content": "谁学fgo谁直接暴毙"}, {"uid": "628398951", "content": "癖 第三声"}, {"uid": "3077215", "content": "杨颜xf"}, {"uid": "48417197", "content": "niki你听到了吗~~"}, {"uid": "19767470", "content": "哈哈哈哈哈"}, {"uid": "5911", "content": "逐渐上当"}, {"uid": "8262291", "content": "山海战记是smlie 家的游戏，国产的"}, {"uid": "57173792", "content": "草，跟我一样的习惯"}, {"uid": "128453088", "content": "ask老师yyds"}, {"uid": "226368604", "content": "？？？？？？"}, {"uid": "23208158", "content": "ask，永远的神"}, {"uid": "9795687", "content": "《套路我都懂》"}, {"uid": "22795279", "content": "哈哈哈哈哈哈哈哈哈哈哈哈哈"}, {"uid": "771747", "content": "逐帧操作的dalao才需要潜能"}, {"uid": "12184035", "content": "雾草"}, {"uid": "7889833", "content": "圣遗物。。。"}, {"uid": "66025690", "content": "杨颜xf和小狼同学形成了两面包夹芝士"}, {"uid": "15490538", "content": "哈哈哈哈"}, {"uid": "565415", "content": "万恶之源"}, {"uid": "1791955", "content": "42姐yyds"}, {"uid": "1941765", "content": "三星打钱"}, {"uid": "3179958", "content": "潜能是无底洞啊"}, {"uid": "3179958", "content": "完了"}, {"uid": "23762888", "content": "哈哈哈哈哈哈哈"}, {"uid": "85421078", "content": "杨颜xf（"}, {"uid": "432531810", "content": "杨彦xf"}, {"uid": "174952927", "content": "杨颜xf"}, {"uid": "11782043", "content": "万恶之源"}, {"uid": "26967694", "content": "不知道滚"}, {"uid": "398632658", "content": "坏了"}, {"uid": "20740322", "content": "愿者上钩"}, {"uid": "30006548", "content": "都是海猫的错！"}, {"uid": "29565974", "content": "亿点"}, {"uid": "111278598", "content": "万恶之源"}, {"uid": "134589399", "content": "啊这"}, {"uid": "226368604", "content": "up还是别玩抽卡游戏了，害怕"}, {"uid": "27871398", "content": "挪用公款"}, {"uid": "31301564", "content": "哈哈哈哈哈哈哈哈"}, {"uid": "176097542", "content": "哈哈哈"}, {"uid": "771747", "content": "然后就出不去了"}, {"uid": "4881815", "content": "FGO决战章剧情顶流水准，抄个锤子的情怀"}, {"uid": "68402691", "content": "所以方舟成为了爆款不是没原因的"}, {"uid": "68402691", "content": "哈哈哈"}, {"uid": "38637949", "content": "鹰角不按套路来"}, {"uid": "15490538", "content": "哈哈哈"}, {"uid": "252701284", "content": "海猫老婆"}, {"uid": "5470648", "content": "5万充的比我两年都多"}, {"uid": "1791955", "content": "啊这，空夜全责"}, {"uid": "13918667", "content": "草"}, {"uid": "8938353", "content": "草"}, {"uid": "35321362", "content": "逐渐离普"}, {"uid": "70308482", "content": "我也喜欢，我42也抽满潜了"}, {"uid": "38955593", "content": "抄fgo模式？拜托人家能成功是因为他是一个系列的有历史沉淀模仿的掂量一下再说吧"}, {"uid": "590870", "content": "军费不能省"}, {"uid": "29565974", "content": "没有力量"}, {"uid": "8194002", "content": "哈哈哈哈哈哈"}, {"uid": "443936622", "content": "因为海猫？"}, {"uid": "298754049", "content": "草"}, {"uid": "12694024", "content": "哈哈哈哈"}, {"uid": "3835066", "content": "草"}, {"uid": "50513431", "content": "草，同感"}, {"uid": "439299959", "content": "hhhhhhhhhhhhh"}, {"uid": "35581265", "content": "开始了"}, {"uid": "14180703", "content": "啊，见过啊"}, {"uid": "27714241", "content": "真香"}, {"uid": "123342712", "content": "我也是"}, {"uid": "34260922", "content": "？"}, {"uid": "403328093", "content": "草"}, {"uid": "12184035", "content": "？？？？？"}, {"uid": "95915562", "content": "圣经再现"}, {"uid": "351148194", "content": "圣经永流传"}, {"uid": "1791955", "content": "千年都是妹子和汉子，肯定不是tia说的"}, {"uid": "104127058", "content": "我上电视了，好耶"}, {"uid": "435979935", "content": "我都懂，但….jpg"}, {"uid": "23762888", "content": "真香"}, {"uid": "1548605", "content": "毛，都可以毛"}, {"uid": "11452270", "content": "不用花什么钱的"}, {"uid": "6968347", "content": "串台到ow了"}, {"uid": "482970599", "content": "疯女人全责！！！！"}, {"uid": "12848474", "content": "千年？"}, {"uid": "45042002", "content": "杨颜啊"}, {"uid": "96302436", "content": "弹幕兽全责"}, {"uid": "6573563", "content": "哈哈哈哈哈"}, {"uid": "2900822", "content": "草"}, {"uid": "25568292", "content": "草"}, {"uid": "121493", "content": "圣经"}, {"uid": "457131", "content": "完蛋"}, {"uid": "400832206", "content": "俺也一样"}, {"uid": "3538191", "content": "没毛病啊，在一水二次元手游里，方舟确实算省钱了"}, {"uid": "14367824", "content": "？"}, {"uid": "26246979", "content": "潜能其实可以靠肝信物慢慢升吧？"}, {"uid": "96554437", "content": "收集癖还想不氪金？"}, {"uid": "309947562", "content": "没有灵魂"}, {"uid": "35046902", "content": "是因为东方吗"}, {"uid": "9378280", "content": "大家好，我是杨颜xf"}, {"uid": "11966336", "content": "吼那你想白嫖咯"}, {"uid": "89896492", "content": "斯卡蒂感觉收益很大……"}, {"uid": "111278598", "content": "换皮"}, {"uid": "74543", "content": "瓦莱塔"}, {"uid": "279578198", "content": "？？？？"}, {"uid": "439299959", "content": "杨颜XF"}, {"uid": "8095580", "content": "哦吼"}, {"uid": "30070758", "content": "草"}, {"uid": "102704786", "content": "哈哈哈哈哈"}, {"uid": "1293538", "content": "坏了"}, {"uid": "15734319", "content": "雾糊，完了"}, {"uid": "38637949", "content": "确实啊"}, {"uid": "4725576", "content": "草"}, {"uid": "86098559", "content": "那得是心多大，FGO学者死似者亡的名号也不是一条两天了"}, {"uid": "17920029", "content": "老花痴了"}, {"uid": "3872811", "content": "？"}, {"uid": "1562936", "content": "粤语灵魂没了"}, {"uid": "1562936", "content": "《不用花什么钱》"}, {"uid": "5400027", "content": "哈哈哈"}, {"uid": "8158636", "content": "草"}, {"uid": "12848474", "content": "草，不是这个艾什啊，是ash"}, {"uid": "95310198", "content": "赫卡里姆"}, {"uid": "29565974", "content": "yyky真的是大红衣主教啊"}, {"uid": "6121160", "content": "上套了→_→"}, {"uid": "35046902", "content": "？"}, {"uid": "478764919", "content": "话不能这么说，我们可是鹰角的利刃"}, {"uid": "89514622", "content": "方舟有脑叶公司的感觉了"}, {"uid": "443936622", "content": "啊这"}, {"uid": "168216340", "content": "危"}, {"uid": "130812231", "content": "小壁崽子，赔钱货！"}, {"uid": "439299959", "content": "草"}, {"uid": "439299959", "content": "草"}, {"uid": "23176010", "content": "你和天国什么关系（）"}, {"uid": "153231227", "content": "本来是不准备买森蚺皮肤的，可是..."}, {"uid": "49820321", "content": "？？？？？"}, {"uid": "523984", "content": "他咋就不是满的呢"}, {"uid": "11672716", "content": "？？？？？"}, {"uid": "8542997", "content": "哈哈哈哈哈哈哈好可爱，咋就不是满的呢"}, {"uid": "8335080", "content": "草"}, {"uid": "13159942", "content": "这个id。。。臭dd"}, {"uid": "11924509", "content": "12年还没千年，还没娘化"}, {"uid": "1271249", "content": "樱战死的真惨"}, {"uid": "4062798", "content": "草"}, {"uid": "11452270", "content": "我们的光"}, {"uid": "7135389", "content": "草"}, {"uid": "262199", "content": "草"}, {"uid": "32604425", "content": "去隔壁巫师3，为昆特牌而战吧"}, {"uid": "11782043", "content": "？？？？"}, {"uid": "88937208", "content": "fgo虽然产能不稳可是有扎扎实实在产出的，有些游戏真的一点产出都没有，纯吃老本"}, {"uid": "686247030", "content": "小太刀顶级水准谁敢说电影是情怀消费！"}, {"uid": "29485319", "content": "空夜是托（阴谋论"}, {"uid": "7756987", "content": "你 们 懂 ！"}, {"uid": "298754049", "content": "woc"}, {"uid": "431692972", "content": "？？？？？？"}, {"uid": "3835066", "content": "草"}, {"uid": "65219882", "content": "疯女人出来背锅，对，又是你全责"}, {"uid": "7525025", "content": "罪魁祸首"}, {"uid": "7525025", "content": "所以明日方舟变成了全都要"}, {"uid": "4571075", "content": "你懂（-50000）"}, {"uid": "354536043", "content": "？"}, {"uid": "34260922", "content": "确实"}, {"uid": "1830156848", "content": "谁抄fgo谁死"}, {"uid": "47388795", "content": "圣经"}, {"uid": "27460826", "content": "杨颜XF"}, {"uid": "3434119", "content": "变成了自己讨厌的样子"}, {"uid": "1336713", "content": "草"}, {"uid": "1887198", "content": "ask yyds"}, {"uid": "13828560", "content": "198你能买自选六星，1980你原神都别想自选五星"}, {"uid": "14685", "content": "你都懂，所以你不懂(-50000)"}, {"uid": "164863600", "content": "杨颜xf"}, {"uid": "484735", "content": "草"}, {"uid": "38724068", "content": "草"}, {"uid": "38724068", "content": "草"}, {"uid": "1951675", "content": "草"}, {"uid": "23762888", "content": "草"}, {"uid": "5590890", "content": "？？？？？？"}, {"uid": "12848474", "content": "草"}, {"uid": "1308625169", "content": "哈哈哈"}, {"uid": "4128356", "content": "？？"}, {"uid": "211035565", "content": "最讨厌"}, {"uid": "486930", "content": "上套了"}, {"uid": "14809247", "content": "真香"}, {"uid": "168216340", "content": "草"}, {"uid": "217868647", "content": "草"}, {"uid": "106627867", "content": "草"}, {"uid": "402700584", "content": "原神没五星会影响你打游戏吗，会打不过吗？"}, {"uid": "8247603", "content": "抄FGO死路一条（）"}, {"uid": "12504817", "content": "我抽这个池子歪了四个也没出42，还都歪的重复的，唉"}, {"uid": "3038448", "content": "塔防黄油也有不少，了解一下"}]