[{"uid": "531602675", "content": "忍不住打钱了"}, {"uid": "17224805", "content": "逮着老实人白嫖"}, {"uid": "3464600", "content": "还是抽卡哈哈哈"}, {"uid": "23215588", "content": "当年玩聚爆就很惊喜"}, {"uid": "4316446", "content": "你对海猫发情的时候可不是这么说的"}, {"uid": "11782043", "content": "嫖就完事了"}, {"uid": "38684252", "content": "以前就各种倒腾gameloft的游戏，"}, {"uid": "5906703", "content": "←已经字幕说了指抽卡面没有游戏性的游戏"}, {"uid": "357058238", "content": "天天在海边日光浴的我告诉你们，下午五点以前千万别来，晒死，有伞也没用"}, {"uid": "122274629", "content": "但米哈游这种该死不死的就很烦"}, {"uid": "686247030", "content": "草你这一说混沌与秩序回忆上来了"}, {"uid": "1562936", "content": "这个女人居然该死的甜美"}, {"uid": "1562936", "content": "这么真实的吗"}, {"uid": "1562936", "content": "所以国外一开始发明的是DLC"}, {"uid": "237583326", "content": "←前面那位 拉回去看字 说的是立绘卡牌类"}, {"uid": "24911306", "content": "原神不也是抽卡么。。"}, {"uid": "470548462", "content": "嫖的就是你"}, {"uid": "8619250", "content": "游戏可以让我玩，但你不能（狗头）"}, {"uid": "1931819", "content": "荒庙逃神哈哈哈"}, {"uid": "18208014", "content": "不不不，我们都是在别的V那里复制的（手动滑稽 "}, {"uid": "23461692", "content": "确实"}, {"uid": "5989798", "content": "高情商"}, {"uid": "37865026", "content": "经典傲娇发言"}, {"uid": "482536948", "content": "乖乖这么良心的嘛"}, {"uid": "25915618", "content": "白嫖你？我问问罗老师构成那个罪吗。"}, {"uid": "45557549", "content": "确实"}, {"uid": "229698545", "content": "这不是你情我愿的事吗，怎么就白嫖了"}, {"uid": "361178517", "content": "荒庙逃生哈哈"}, {"uid": "15227798", "content": "虎狼之辞"}, {"uid": "207493891", "content": "他们的游戏是真的好玩质量是真的高"}, {"uid": "34466808", "content": "fgo天下第一！！"}, {"uid": "94868124", "content": "前面的，你该死了"}, {"uid": "18208014", "content": "好家伙，明抢了"}, {"uid": "93811978", "content": "荒缪逃生草"}, {"uid": "3585617", "content": "白嫖了"}, {"uid": "2461627", "content": "gameloft其实和育碧基本算一家的"}, {"uid": "39343254", "content": "没钱，给你点个赞就完了"}, {"uid": "38550786", "content": "腾讯反了是吧"}, {"uid": "17224805", "content": "嫖就对了"}, {"uid": "26967694", "content": "3D不代表精致"}, {"uid": "68129973", "content": "确实"}, {"uid": "237583326", "content": "p2p不如p2w"}, {"uid": "1468514", "content": "好可爱.."}, {"uid": "1475468", "content": "海 光 浴"}, {"uid": "5989798", "content": "高情商"}, {"uid": "12110758", "content": "打开创意工坊"}, {"uid": "1562936", "content": "呵女人"}, {"uid": "22460464", "content": "可原神不也是抽卡？"}, {"uid": "84116917", "content": "无尽之剑！"}, {"uid": "430055996", "content": "梅开二度"}, {"uid": "1421721", "content": "暴露年龄"}, {"uid": "43519151", "content": "读了损你几句更难受"}, {"uid": "43519151", "content": "日光浴？回来就变土弓了。"}, {"uid": "10990915", "content": "用dlc啊"}, {"uid": "84116917", "content": "？"}, {"uid": "34250000", "content": "game loft永远的神"}, {"uid": "440667531", "content": "p社（不是）"}, {"uid": "2372268", "content": "2333"}, {"uid": "1649213", "content": "哦呵呵"}, {"uid": "503246767", "content": "方舟？"}, {"uid": "186654921", "content": "kimo"}, {"uid": "9151327", "content": "gameloft"}, {"uid": "29657893", "content": "？"}, {"uid": "5989798", "content": "高情商"}, {"uid": "22718109", "content": "草"}, {"uid": "25773", "content": "马化腾：你直接报我身份证得了"}, {"uid": "11571864", "content": "混沌与秩序 我的混沌与秩序"}, {"uid": "28820431", "content": "嘿嘿嘿"}, {"uid": "25308311", "content": "出dlc！"}, {"uid": "11921536", "content": "不白嫖的的话大家都可以不用看直播了"}, {"uid": "75835002", "content": "啊这"}, {"uid": "24911306", "content": "可惜被威旺迪收购了。。"}, {"uid": "84116917", "content": "？？"}, {"uid": "5721218", "content": "资本家不可能不想着赚钱的，gameloft破产不是盗版原因"}, {"uid": "28032899", "content": "woc弹幕看到无尽了，无尽之剑yyds！！！"}, {"uid": "599270299", "content": "所以下次一定"}, {"uid": "22789894", "content": "？？"}, {"uid": "10131643", "content": "无尽之剑yyds！"}, {"uid": "23586957", "content": "玩过这家的starfront，手机rts可好玩了"}, {"uid": "26158248", "content": "草"}, {"uid": "2794100", "content": "啊这"}, {"uid": "3384911", "content": "原神不也抽卡吗........"}, {"uid": "11237149", "content": "不然呢？"}, {"uid": "25773", "content": "害怕"}]