[{"uid": "479270465", "content": "青眼白龙，选女人只会影响我决斗的场数"}, {"uid": "479270465", "content": "同调召唤，青眼精灵龙啊！"}, {"uid": "46922543", "content": "但问题是只有这个青眼出圈了，还有很多更值钱的"}, {"uid": "650480104", "content": "果断青眼，等等，魔法卡——融合！"}, {"uid": "424406925", "content": "牌老XP排行：龙大于萝卜大于妹子"}, {"uid": "493620687", "content": "青眼白龙"}, {"uid": "519173912", "content": "青眼白龙也是女的（doge）"}, {"uid": "8472778", "content": "你是3000打点的凡骨？"}, {"uid": "510579589", "content": "你要承受墓地之龙的怒火，渊眼白龙"}, {"uid": "20376590", "content": "青眼白龙"}, {"uid": "316601190", "content": "青眼白龙"}, {"uid": "396837146", "content": "即答青眼白龙"}, {"uid": "548278140", "content": "那你也没有青眼白龙身价高啊"}, {"uid": "522968163", "content": "混进来一个电子龙，哈哈哈哈"}, {"uid": "499203550", "content": "因为青眼白龙是我的塔马西"}, {"uid": "499203550", "content": "这还用选当然是青眼白龙"}, {"uid": "548278140", "content": "不是，主要是吧，青眼白龙诱惑太大了"}, {"uid": "548278140", "content": "布鲁歪资外特多啦工！"}, {"uid": "548278140", "content": "但牌佬特别是想绿社长的还是果断青眼白龙"}, {"uid": "548278140", "content": "青眼白龙，我还差一张就能融合了"}, {"uid": "394080574", "content": "青眼白龙不就是我女朋友吗？"}, {"uid": "609205885", "content": "我起手三张青眼白龙直接召唤真青眼究极龙"}, {"uid": "1273322", "content": "当然是我的塔玛希，红莲恶魔龙"}, {"uid": "372310455", "content": "青眼究极龙"}, {"uid": "472176706", "content": "那肯定是青眼白龙了这还用说。"}, {"uid": "502133202", "content": "上级召唤上眼白龙啊（手动滑稽）"}, {"uid": "159203430", "content": "肯定是补录外子外道多拉工！"}, {"uid": "189207876", "content": "选择无敌的白嫁"}, {"uid": "23587297", "content": "你为什么不能变成青眼呢？（滑稽）"}, {"uid": "371826886", "content": "三张青眼白龙融合召唤青眼究极龙"}, {"uid": "371826886", "content": "召唤青眼究极龙"}, {"uid": "560145255", "content": "不露爱自歪特冻来贡"}, {"uid": "189175235", "content": "那肯定还是青眼白龙"}, {"uid": "286949169", "content": "我直接选择8700w"}, {"uid": "92747737", "content": "老婆和女朋友两个选一个我选青眼"}, {"uid": "2224681", "content": "怎么有人想不开和青眼白龙比的"}, {"uid": "22719207", "content": "大家都是海马懒人"}, {"uid": "480314647", "content": "发动魔法卡融合！"}, {"uid": "10807990", "content": "那是中止了，不然超过10亿都可能"}, {"uid": "430272765", "content": "三张8700万社长自己还手撕一张"}, {"uid": "430272765", "content": "8700万的白龙谁不想要"}, {"uid": "27913863", "content": "我选择发动魔法：融合"}, {"uid": "35081314", "content": "我会选择调精灵龙"}, {"uid": "88065059", "content": "融合召唤青眼双爆裂龙"}, {"uid": "650745123", "content": "强韧！无敌！最强！"}, {"uid": "20514422", "content": "牌佬不取对象，当然青眼白龙，母的能化形更好，那要啥女友"}, {"uid": "702281624", "content": "我选无敌的塞巴多拉贡"}, {"uid": "8823505", "content": "再选一次我还是选择无敌的青眼白龙"}, {"uid": "1222777928", "content": "同调召唤青眼精灵龙"}, {"uid": "95896005", "content": "我选女朋友（"}, {"uid": "227072103", "content": "和你交往的话能有青眼白龙吗！"}, {"uid": "1720366233", "content": "青眼8700万龙"}, {"uid": "99143475", "content": "青眼白龙"}, {"uid": "81612725", "content": "一星还是凡骨的屑"}, {"uid": "132634073", "content": "我女朋友是青眼白龙，选个甚么"}, {"uid": "477203644", "content": "当然是我的老婆补录爱死外特多拉钩啊"}, {"uid": "435245906", "content": "青眼白龙"}, {"uid": "477732030", "content": "同调召唤，青眼精灵龙啊！"}, {"uid": "7721645", "content": "青眼白龙，选女人只会影响我决斗的场数"}, {"uid": "353475707", "content": "我把你作为祭品直接上级召唤青眼白龙！"}, {"uid": "2707353", "content": "巧了，牌老不取对象。"}, {"uid": "646252006", "content": "我可是龙骑士，肯定选青眼白龙"}, {"uid": "556121456", "content": "全世界只有一张的混沌战士98亿日元"}, {"uid": "556121456", "content": "女人只会影响我说书的速度"}, {"uid": "172550671", "content": "青眼白龙（即答）"}, {"uid": "23676402", "content": "因为你在卡组里没有办法检索出来"}, {"uid": "391923464", "content": "青眼白龙"}, {"uid": "391923464", "content": "果断青眼白龙啊"}, {"uid": "338428692", "content": "我选择融合"}, {"uid": "8327707", "content": "有的，当天青眼白龙虐杀全场"}, {"uid": "2955522", "content": "青眼白龙"}, {"uid": "33917126", "content": "肯定要选青眼白龙啊"}, {"uid": "482429275", "content": "对不起我要了不是卖，是收藏("}, {"uid": "351842541", "content": "青眼白龙3000功，你呢★"}, {"uid": "454444874", "content": "青眼白龙，我又没女朋友"}, {"uid": "631790103", "content": "把这两张牌送入墓地进行召唤"}, {"uid": "168712281", "content": "就算天王老子来了也得是青眼白龙"}, {"uid": "1956333508", "content": "把三张牌送入墓地"}, {"uid": "430272580", "content": "woc高倍杠杆合约？十倍杠杆啊，那没事了"}, {"uid": "256322722", "content": "赫卡，因为8700万的不长这样[doge]"}, {"uid": "169619415", "content": "但是白嫁是萌萌的女孩子阿"}, {"uid": "644388951", "content": "啊身价这不是发挥于热吗？（doge）"}, {"uid": "644388951", "content": "喜欢藏在心里，荣耀摆在面前"}, {"uid": "8811799", "content": "能粉碎一切对手，必然是青眼白龙"}, {"uid": "102662531", "content": "沙雕网友X青眼白龙√"}, {"uid": "86142984", "content": "那你能给我买一张青眼白龙吗"}, {"uid": "517114524", "content": "我选择布鲁艾斯歪头多拉贡"}, {"uid": "630540758", "content": "碍事！别拦着老子选青眼白龙！"}, {"uid": "500694194", "content": "果断青眼白龙"}, {"uid": "500694194", "content": "青眼白龙!"}, {"uid": "378956414", "content": "我家住在黄土高坡"}, {"uid": "362793330", "content": "我选择融合 "}, {"uid": "432098301", "content": "肯定选青眼白龙"}, {"uid": "346571179", "content": "众所周知，牌佬的xp系统里面只有龙和魔法少女"}, {"uid": "495649581", "content": "这不是只有右边一个选项吗"}, {"uid": "501356254", "content": "要你有八千七百三十六万吗（doge）"}, {"uid": "352601582", "content": "那必选青眼白龙啊"}, {"uid": "472394218", "content": "你想多了至少四个"}, {"uid": "14424289", "content": "那就看你是什么白龙了"}, {"uid": "456087119", "content": "我当场青眼白龙"}, {"uid": "525786197", "content": "当然是选择布鲁来次歪脱哆啦贡"}, {"uid": "442503341", "content": "我当场青眼白龙"}, {"uid": "36767962", "content": "社长富可敌国"}, {"uid": "629274364", "content": "你那是婚前财产"}, {"uid": "108539591", "content": "我选择我的骄傲，布鲁艾斯歪脱多啦羹"}, {"uid": "405579085", "content": "青眼白龙（丝毫不犹豫）"}, {"uid": "479047589", "content": "我要无敌的塞巴多啦贡"}, {"uid": "25093804", "content": "不用想，花嫁青眼白龙"}, {"uid": "30134757", "content": "不是你失败，是青眼白龙没人可以拒绝"}, {"uid": "289862770", "content": "富婆有汤臣一品不？"}, {"uid": "92057360", "content": "混沌战士哈哈哈哈哈哈哈"}, {"uid": "696715088", "content": "我选择白龙女!（真的有这张卡)"}, {"uid": "80921974", "content": "当然是无敌的白龙"}, {"uid": "32308472", "content": "（锤子）有人看到吉田伸了吗.jpg"}, {"uid": "30738891", "content": "青眼白龙（果断毫不犹豫）"}, {"uid": "1219638849", "content": "剩下的买几张便宜点的青眼白龙"}, {"uid": "1219638849", "content": "杰克已经帮我们回答了"}, {"uid": "399463649", "content": "你有八千七百万吗（doge) "}, {"uid": "220999623", "content": "青眼据说已经百万了…"}, {"uid": "270055582", "content": "青眼白龙（毫不犹豫）"}, {"uid": "441647136", "content": "当然是把青眼白龙变成女朋友！"}, {"uid": "518492504", "content": "剩下的再买几张青眼白龙"}, {"uid": "11600755", "content": "青眼白龙（即答）"}, {"uid": "23017997", "content": "tia是真富婆"}, {"uid": "642223158", "content": "布魯愛紫歪頭多啦哏"}, {"uid": "503886378", "content": "青眼白龙比你好看"}, {"uid": "171247918", "content": "当然是青眼白龙"}, {"uid": "33992648", "content": "我选择无敌的塞巴多拉贡！"}, {"uid": "191271569", "content": "那肯定是无敌的青眼白龙啊"}, {"uid": "4494773", "content": "肯定是青眼白龙啊  还用选么!"}, {"uid": "636613373", "content": "当然是青眼白龙"}, {"uid": "90011975", "content": "青眼白龙（直球）"}, {"uid": "32898118", "content": "你才一星，拿什么跟人家青眼白龙比"}, {"uid": "548278140", "content": "说实话，青眼白龙"}, {"uid": "661556267", "content": "玉碎，崩碎，大喝彩！！！"}, {"uid": "189207876", "content": "三张青眼白龙呢二亿六万一"}, {"uid": "128660169", "content": "青眼白龙"}, {"uid": "368738929", "content": "很抱歉因为这件事认识你"}, {"uid": "503175412", "content": "Blue eyes white多拉贡"}, {"uid": "160979593", "content": "可是打这个卡组白龙要下三张"}, {"uid": "518282862", "content": "我选择青眼白龙"}, {"uid": "52658112", "content": "强韧！无敌！最强！"}, {"uid": "237854398", "content": "青眼白龙限量版！"}, {"uid": "259499800", "content": "ブルアイズわいとドラゴン"}, {"uid": "8706006", "content": "不取对象太秀了"}, {"uid": "136680", "content": "那可是8千W啊"}, {"uid": "25792383", "content": "blue eyes white dargon！！！！！！"}, {"uid": "73656732", "content": "没有人可以拒绝青眼白龙"}, {"uid": "125805599", "content": "你能招青眼亚白龙那些吗？"}, {"uid": "125805599", "content": "肯定白龙啊，能骑能变身"}, {"uid": "503100451", "content": "青眼白龙"}, {"uid": "1269678877", "content": "同调召唤！青眼精灵龙"}, {"uid": "468472622", "content": "果断白龙"}, {"uid": "289763169", "content": "那肯定青眼白龙啊"}, {"uid": "414129502", "content": "我选择同调召唤 青眼精灵龙"}, {"uid": "1862864779", "content": "我的骄傲，我的灵魂，出来吧青眼白龙！"}, {"uid": "492683940", "content": "青眼白龙"}, {"uid": "1790042473", "content": "牌姥不需要女朋友，所以我选则青眼白龙"}, {"uid": "259526932", "content": "笑话，给我个白龙我单身十辈子没问题"}, {"uid": "3391392", "content": "那能融合成究极青眼白龙吗"}, {"uid": "316412748", "content": "虽说我是单身但是我还是选青眼白龙。"}, {"uid": "484368621", "content": "果断青眼白龙"}, {"uid": "85567019", "content": "当然是融合啦"}, {"uid": "13548144", "content": "青之眼少女谢谢"}, {"uid": "38019751", "content": "听成三套房债了"}, {"uid": "28721601", "content": "青眼白龙,你是怎么想的 你值8700万吗？"}, {"uid": "495368834", "content": "青眼白龙就是老婆，你在说什么啊"}, {"uid": "19272063", "content": "自取其辱"}, {"uid": "326329057", "content": "你有3000ATK嘛[doge]"}, {"uid": "67246310", "content": "被莲骂了，不做了"}, {"uid": "37652283", "content": "30多万也不是你可以比得上的服务器啊"}, {"uid": "8327707", "content": "一星零攻防，怪物预定，可惜是个凡骨"}, {"uid": "690812550", "content": "青之眼的少女，白龙和女朋友兼得"}, {"uid": "646004497", "content": "但是你不能合青眼究极龙啊 "}, {"uid": "520098240", "content": "虽然我是龙女仆忠实爱好者，但是白龙才是永远的神"}, {"uid": "63938161", "content": "自取其辱，我的灵魂是青眼白龙的"}, {"uid": "34709294", "content": "青眼白龙身价8700w"}, {"uid": "14012809", "content": "青眼白龙"}, {"uid": "15498378", "content": "青眼白龙"}, {"uid": "615645710", "content": "水晶翼同调龙"}, {"uid": "6097603", "content": "青眼白龙啊 还要想的吗"}, {"uid": "29610510", "content": "青眼白 龙"}, {"uid": "591748558", "content": "青龙白眼！！！"}, {"uid": "1273322", "content": "青眼白龙啊"}, {"uid": "262001", "content": "有青眼白龙之外的答案吗？"}, {"uid": "661966953", "content": "我选青眼白龙当我女朋友"}, {"uid": "92908482", "content": "青眼白龙，毫无疑问"}, {"uid": "86142984", "content": "青眼老婆龙"}, {"uid": "523305621", "content": "异色眼灵摆龙"}, {"uid": "28975221", "content": "还要问吗？当然是选择青眼白龙哒"}, {"uid": "22477220", "content": "这个女人好有趣"}, {"uid": "2039813", "content": "那看你是不是全抗了"}, {"uid": "630540758", "content": "绝对的青眼白龙！"}, {"uid": "2860299", "content": "混了一个混沌战士啊"}, {"uid": "6500238", "content": "还能融合究极龙啊"}, {"uid": "513832511", "content": "青眼白龙无敌"}, {"uid": "482098039", "content": "本来就是青眼白龙最重要"}, {"uid": "19565263", "content": "可是白龙也是女孩子啊（"}, {"uid": "8842550", "content": "青眼白龙做女朋友"}, {"uid": "221631971", "content": "选择我无敌的塞巴多拉恭啊"}, {"uid": "89180910", "content": "肯定选青眼白龙啊"}, {"uid": "14424289", "content": "其实混沌战士也不错"}, {"uid": "485283394", "content": "青眼白龙(即答)"}, {"uid": "326493024", "content": "那必然是白龙啊"}, {"uid": "252631577", "content": "爷要青眼白龙！"}, {"uid": "442503341", "content": "青眼白龙"}, {"uid": "36930676", "content": "女人只会影响我抽卡的速度。"}, {"uid": "417176582", "content": "青眼句龙"}, {"uid": "295268144", "content": "社长身价十亿"}, {"uid": "196192530", "content": "当然是青眼白龙呀"}, {"uid": "663023584", "content": "肯定要一张3000的计量单位白嫁"}, {"uid": "34559796", "content": "天王老子来了也是青眼白龙"}, {"uid": "382157419", "content": "青眼白龙啊！难道选你吗？（滑稽）"}, {"uid": "364300031", "content": "Blue eye white dragon!"}, {"uid": "692378664", "content": "没有人能拒绝八星大怪的诱惑"}, {"uid": "508098915", "content": "因为青眼白龙有着高贵的3000ATK"}, {"uid": "1492902227", "content": "白龙=老婆，UP=。你说选谁"}, {"uid": "382912654", "content": "不是，是青眼白龙它太香了"}, {"uid": "604823619", "content": "青眼白龙不是卡是我的老婆"}, {"uid": "382912654", "content": "当然选青眼白龙啊！"}, {"uid": "278761148", "content": "那我还是要说，青眼白龙"}, {"uid": "278761148", "content": "女人只会影响我打牌的速度"}, {"uid": "482591273", "content": "青眼究极龙"}, {"uid": "33272677", "content": "青眼白龙！！！"}, {"uid": "80921974", "content": "后面有人选择黑魔导女孩"}, {"uid": "10884282", "content": "谁看到吉田伸了？.jpg"}, {"uid": "476288455", "content": "这么贵？我还有一套青眼白龙"}, {"uid": "390408250", "content": "那还用想，我踏马直接布鲁艾斯"}, {"uid": "1219638849", "content": "青眼白龙，因为我没有女朋友"}, {"uid": "291002333", "content": "当然选无敌的布鲁艾斯！"}, {"uid": "13033562", "content": "当然是无敌的塞巴多拉贡斯"}, {"uid": "290863144", "content": "果断青眼白龙"}, {"uid": "413388172", "content": "你个一星通常怪再狗叫什么？雀氏帅啊"}, {"uid": "479270465", "content": "肯定是青眼白龙啊"}, {"uid": "14559215", "content": "有青眼的话怎么少得了一张融合！！"}, {"uid": "28594065", "content": "但她可是青眼白龙啊？"}, {"uid": "28594065", "content": "我选择海马社长，他有三条（本来有四条）青眼白龙"}, {"uid": "28594065", "content": "青眼白龙也是女孩子"}, {"uid": "27660558", "content": "青眼白龙"}, {"uid": "350322956", "content": "我不选青眼白龙，我选"}, {"uid": "1065524301", "content": "青眼白龙"}, {"uid": "20497696", "content": "青眼白龙"}, {"uid": "87323278", "content": "青眼白龙"}, {"uid": "621660069", "content": "上面，天霆号"}, {"uid": "295835355", "content": "青眼白龙"}, {"uid": "472334320", "content": "多简单你有3000攻击力吗"}, {"uid": "524622098", "content": "当然是青眼白龙"}, {"uid": "522968163", "content": "因为白龙也是女孩子呀"}, {"uid": "355935460", "content": "青眼白龙是我老婆，还要什么女朋友！"}, {"uid": "686711337", "content": "我果断选择我的老婆青眼白龙"}, {"uid": "1883590555", "content": "肯定选青眼白龙啊"}, {"uid": "1849459676", "content": "青眼究极龙一下顶三"}, {"uid": "609205885", "content": "青眼白龙"}, {"uid": "16870806", "content": "布鲁爱兹怀特多拉贡"}, {"uid": "478019979", "content": "布鲁艾滋歪特多拉贡"}, {"uid": "326108670", "content": "那肯定白龙啊"}, {"uid": "424727312", "content": "金眼白龙啊，八星卡开玩笑吧"}, {"uid": "189207876", "content": "不撸艾斯歪头多拉贡"}, {"uid": "288774584", "content": "当然青眼白龙啊"}, {"uid": "30346671", "content": "无敌的青眼白龙"}, {"uid": "157995882", "content": "当然是青眼白龙"}, {"uid": "349495313", "content": "你不能融合青眼究极龙"}, {"uid": "355431126", "content": "可是你没有三千攻击力啊"}, {"uid": "442166923", "content": "bule eves white dragon"}, {"uid": "646955338", "content": "bule eyes white dragon"}, {"uid": "96278794", "content": "肯定是青眼白龙"}, {"uid": "2041133595", "content": "这还用说吗？当然是青眼白龙(눈‸눈)"}, {"uid": "340174979", "content": "布鲁爱斯，怀特多拉贡！"}, {"uid": "65022427", "content": "当然是发动融合魔法卡"}, {"uid": "492683940", "content": "当然是青眼白龙"}, {"uid": "91654489", "content": "我当然选择无敌都sha"}, {"uid": "483001223", "content": "当然是白嫁啊！！！"}, {"uid": "259526932", "content": "上级召唤渊眼白龙"}, {"uid": "28474673", "content": "青眼白龙"}, {"uid": "146649089", "content": "青眼白龙就是我的女朋友"}, {"uid": "475668417", "content": "我都要"}, {"uid": "162867", "content": "首先要敢拿2块钱赌1000万吧"}, {"uid": "650628750", "content": "发动融合，出来吧母青眼白龙"}, {"uid": "29481432", "content": "我选择半龙女仆！"}, {"uid": "436012183", "content": "那当然是我无敌的blueeyes"}, {"uid": "518524304", "content": "45万的青眼白龙"}, {"uid": "51308599", "content": "那还用说吗 青眼白龙啊"}, {"uid": "3204510", "content": "我选择青之眼的少女"}, {"uid": "351701331", "content": "青眼白龙 确信"}, {"uid": "25754468", "content": "青眼白龙"}, {"uid": "335922663", "content": "青眼白龙"}, {"uid": "521744293", "content": "但你没有社长有钱啊"}, {"uid": "412820747", "content": "青眼白龙"}, {"uid": "352411", "content": "啸得多开心"}, {"uid": "29610510", "content": "青眼白龙"}, {"uid": "625645124", "content": "青眼白龙"}, {"uid": "523305621", "content": "青眼亚白龙"}, {"uid": "523305621", "content": "电子龙无限"}, {"uid": "92558355", "content": "青眼白龙的"}, {"uid": "352953027", "content": "青眼白龙"}, {"uid": "654229410", "content": "小孩子才做选择，我全都要!"}, {"uid": "654229410", "content": "白龙不就是老婆吗？(doge)"}, {"uid": "429526465", "content": "青眼白龙永远的神！"}, {"uid": "489674532", "content": "当然是青眼白龙"}, {"uid": "346154542", "content": "青眼白龙"}, {"uid": "34815042", "content": "有青眼白龙就有老婆"}, {"uid": "1678684712", "content": "极龙4000攻，两倍贯穿伤"}, {"uid": "625831743", "content": "青眼白龙有家族"}, {"uid": "23515857", "content": "青眼白龙"}, {"uid": "1800814789", "content": "青眼白龙，有了它8700万我要你干嘛"}, {"uid": "397713059", "content": "答えは一つしかないです，降臨せよ，青眼の白龍（The bule eyes white dragon！）"}, {"uid": "689208057", "content": "青眼白龙"}, {"uid": "386239782", "content": "你攻击力有3000?"}, {"uid": "386239782", "content": "青眼白龙！！！"}, {"uid": "17954606", "content": "白龙（速答）"}, {"uid": "16237814", "content": "可这和我选择青眼白龙有什么关系（doge）"}, {"uid": "477840515", "content": "要不是被叫停了不如更高"}, {"uid": "10227156", "content": "那可是黄金的"}, {"uid": "53238260", "content": "青眼白龙"}, {"uid": "351628065", "content": "混沌骑士更离谱"}, {"uid": "306424172", "content": "必选青眼白龙"}, {"uid": "119057154", "content": "银河眼光子龙！"}, {"uid": "26543693", "content": "可是青眼白龙就是女朋友啊"}, {"uid": "22546238", "content": "当然是青眼白龙哒"}, {"uid": "27558344", "content": "哈哈哈哈哈哈"}, {"uid": "252631577", "content": "青眼白龙！！"}, {"uid": "490836942", "content": "自取其辱"}, {"uid": "36767962", "content": "你打点能上三千"}, {"uid": "36767962", "content": "青眼白龙"}, {"uid": "55081423", "content": "vup和8700万还是分的清的"}, {"uid": "55081423", "content": "青眼白龙"}, {"uid": "448802478", "content": "青眼白龙"}, {"uid": "210148643", "content": "究极白龙癌"}, {"uid": "291039251", "content": "白龙，我的白龙"}, {"uid": "32308472", "content": "一星凡骨赫卡tia（"}, {"uid": "508098915", "content": "因为观众都是牌佬"}, {"uid": "135017250", "content": "果断我老婆(doge)"}, {"uid": "1492902227", "content": "肯定青眼啊，高贵的3000攻"}, {"uid": "289145253", "content": "那也没有我的青眼白龙好啊doge"}, {"uid": "80665481", "content": "这不直接青眼白龙？"}, {"uid": "92057360", "content": "当然是青眼白龙"}, {"uid": "453409771", "content": "牌佬不取对象"}, {"uid": "80921974", "content": "巧了，全是牌佬"}, {"uid": "490795452", "content": "青眼白龙！"}, {"uid": "37099207", "content": "青眼白龙！！！！！"}, {"uid": "37099207", "content": "青眼白龙！！！！"}, {"uid": "611982972", "content": "青眼白龙"}, {"uid": "518282862", "content": "青眼白龙"}, {"uid": "1219638849", "content": "我刚刚看到了，奥贝利西克脚心黑！"}, {"uid": "1219638849", "content": "牌佬，不取对象"}, {"uid": "454159621", "content": "青眼白龙"}, {"uid": "270055582", "content": "真红眼黑龙厨默默观察"}, {"uid": "36549901", "content": "不是卑不卑微的问题，是你在自不量力"}, {"uid": "452091263", "content": "当然是青眼白龙"}, {"uid": "406732873", "content": "青眼白龙啊，你值8700万吗 doge"}, {"uid": "364690177", "content": "青眼白龙"}, {"uid": "28594065", "content": "你攻击力不如青眼白龙"}, {"uid": "27660558", "content": "青眼白龙"}, {"uid": "514150711", "content": "通常在加攻守都是零，我当然要青眼白龙"}, {"uid": "378075671", "content": "我选择青眼白龙"}, {"uid": "669370321", "content": "青眼白龙"}, {"uid": "591998484", "content": "青眼混沌极龙"}, {"uid": "548278140", "content": "青眼白龙"}, {"uid": "440764597", "content": "青眼白龙"}, {"uid": "377828606", "content": "一得哟！我嘞弄塔玛希！布鲁艾斯歪头多拉贡！"}, {"uid": "2841811", "content": "青眼白龙"}, {"uid": "34000118", "content": "青眼白龙！"}, {"uid": "1849459676", "content": "必是咱老婆，青眼白龙"}, {"uid": "548278140", "content": "青眼白龙"}, {"uid": "455328983", "content": "青眼白龙"}, {"uid": "35533631", "content": "青眼亚白龙"}, {"uid": "507776076", "content": "十代的新空间奥特曼"}, {"uid": "2146301672", "content": "青眼白龙为我穿上了婚纱，你呢？"}, {"uid": "424727312", "content": "青眼白龙"}, {"uid": "224707507", "content": "布鲁愛死歪特多拉贡"}, {"uid": "457391234", "content": "青之眼少女"}, {"uid": "405288117", "content": "青眼白龙"}, {"uid": "40726890", "content": "blue eyes white dragon"}, {"uid": "476078831", "content": "青眼白龙！！！！！！！！"}, {"uid": "23375036", "content": "gachi哈哈哈"}, {"uid": "1222805524", "content": "青眼究极龙永远的神"}, {"uid": "402634524", "content": "白龙就是我女朋友"}, {"uid": "384009375", "content": "肯定青眼白龙啊"}, {"uid": "504705174", "content": "青眼白龙"}, {"uid": "741339007", "content": "这不直接青眼白龙"}, {"uid": "133150096", "content": "青眼白龙"}, {"uid": "481170252", "content": "青眼白龙啊还用选吗？这不是单选题吗？（dog）"}, {"uid": "34968821", "content": "我选择青眼白龙"}, {"uid": "1541865614", "content": "当然是青眼白龙啦"}, {"uid": "72924012", "content": "那不是一个东西么？"}, {"uid": "474105072", "content": "青眼白龙"}, {"uid": "354471770", "content": "青眼白龙"}, {"uid": "106295292", "content": "青眼白龙"}, {"uid": "85567019", "content": "当然融合啦"}, {"uid": "21240749", "content": "青眼白龙"}, {"uid": "599173062", "content": "青眼白龙√"}, {"uid": "135753694", "content": "必然青眼白龙"}, {"uid": "250539280", "content": "不会真以为能与青眼白龙相提并论吧"}, {"uid": "348970904", "content": "爷要青眼"}, {"uid": "1317502484", "content": "我选无敌的青眼白龙"}, {"uid": "14012809", "content": "青眼白龙"}, {"uid": "352411", "content": "青眼白龙"}, {"uid": "545187806", "content": "肯定青眼白龙啊"}, {"uid": "545187806", "content": "当然是青眼白龙啦"}, {"uid": "47077917", "content": "青眼白龙"}, {"uid": "10165602", "content": "白龙是人的时候可比你漂亮"}, {"uid": "400852249", "content": "有老婆还要女朋友干什么"}, {"uid": "340401494", "content": "我选着融合"}, {"uid": "329815119", "content": "白龙！！！！！！！！"}, {"uid": "484824699", "content": "青眼白龙"}, {"uid": "447248682", "content": "青眼白龙"}, {"uid": "24226104", "content": "青眼白龙"}, {"uid": "651279695", "content": "海马有三张，单算青眼不算别的2.6亿"}, {"uid": "86809763", "content": "每日一边"}, {"uid": "500694194", "content": "青眼白龙"}, {"uid": "625831743", "content": "bule eyes white dorgon"}, {"uid": "504988901", "content": "黑魔导少女"}, {"uid": "190599820", "content": "肯定青眼白龙"}, {"uid": "517599513", "content": "青眼白龙，你只值栗子球的价格，可能还不够"}, {"uid": "2154428", "content": "你有3000攻击力吗"}, {"uid": "432320502", "content": "Blue Eyes White Dragon！"}, {"uid": "13165652", "content": "青眼白龙"}, {"uid": "549842517", "content": "果断白龙"}, {"uid": "295715350", "content": "我当然选择blue eyes white多拉贡"}, {"uid": "479015878", "content": "青眼白龙"}, {"uid": "96425070", "content": "卖了钱交给党"}, {"uid": "427889334", "content": "8700万的青眼"}, {"uid": "430101283", "content": "所以我选择青眼の白龍"}, {"uid": "295667575", "content": "青眼白龙"}, {"uid": "146079864", "content": "啊这 不是青眼白龙嘛"}, {"uid": "679884", "content": "hhhhhhhhh"}, {"uid": "67381899", "content": "肯定青眼白龙"}, {"uid": "473709798", "content": "青眼白龙"}, {"uid": "2912902", "content": "庞氏骗局"}, {"uid": "315551753", "content": "青眼白龙"}, {"uid": "525519998", "content": "青眼白龙"}, {"uid": "228814122", "content": "我选黑魔导少女"}, {"uid": "52636642", "content": "青眼白龙"}, {"uid": "525006365", "content": "青眼白龙"}, {"uid": "525006365", "content": "青眼白龙"}, {"uid": "72329649", "content": "青眼白龙"}, {"uid": "492643327", "content": "青眼白龙啊，不然呢"}, {"uid": "346961950", "content": "青眼白龙啊"}, {"uid": "28856931", "content": "青眼白龙"}, {"uid": "17500439", "content": "我选择白龙女"}, {"uid": "1454838379", "content": "青年白龙 "}, {"uid": "696715088", "content": "青眼白龙!"}, {"uid": "478936391", "content": "青眼白龙"}, {"uid": "506241257", "content": "肯定青眼白龙"}, {"uid": "5591049", "content": "青眼白龙啊，这还用问么"}, {"uid": "501509195", "content": "电子龙哈哈哈"}, {"uid": "352304674", "content": "青眼白龙"}, {"uid": "1219638849", "content": "颜色忘记改了(๑>؂<๑）"}, {"uid": "1219638849", "content": "人家海马一座城"}, {"uid": "23381722", "content": "青眼白龙"}, {"uid": "291312263", "content": "青眼白龙"}, {"uid": "398619772", "content": "青眼白龙"}, {"uid": "455468030", "content": "果然你没社长有钱"}, {"uid": "101260459", "content": "在我心里8700w"}, {"uid": "101260459", "content": "青眼白龙！"}, {"uid": "506221065", "content": "青眼白龙"}, {"uid": "51234045", "content": "青眼白龙"}, {"uid": "24953632", "content": "青眼白龙"}, {"uid": "423765382", "content": "青眼白龙"}, {"uid": "415473913", "content": "我不管，海马社长最棒"}, {"uid": "402529114", "content": "青眼白龙"}, {"uid": "15588607", "content": "青眼白龙"}, {"uid": "1849459676", "content": "青眼究极龙永远的神！"}, {"uid": "92023862", "content": "不好意思，刚被东雪莲骂醒"}, {"uid": "88006848", "content": "身价就是不能卖"}, {"uid": "1172284759", "content": "青眼白龙不就是老婆吗？"}, {"uid": "23666210", "content": "青眼白龙"}, {"uid": "22212720", "content": "青眼白龙"}, {"uid": "22212720", "content": "青眼白龙"}, {"uid": "452299327", "content": "青眼白龙 "}, {"uid": "176839637", "content": "青眼白龙"}, {"uid": "16870806", "content": "青眼白龙！！"}, {"uid": "51181072", "content": "青眼白龙"}, {"uid": "430634258", "content": "青眼白龙"}, {"uid": "4160957", "content": "没办法，青眼白龙太贵了"}, {"uid": "4160957", "content": "我能选青眼究极龙吗？"}, {"uid": "468472622", "content": "青眼白龙"}, {"uid": "456300359", "content": "布鲁艾斯外特多拉贡！"}, {"uid": "435467678", "content": "肯定选青眼白龙"}, {"uid": "137530126", "content": "绝对是青眼白龙"}, {"uid": "56828421", "content": "青眼白龙归我"}, {"uid": "637713907", "content": "青眼白龙"}, {"uid": "128409442", "content": "青眼白龙"}, {"uid": "496045854", "content": "不选青眼白龙难道选你"}, {"uid": "754529767", "content": "青眼白龙永远的神"}, {"uid": "300497800", "content": "卖给社长社长能给我们2亿以上"}, {"uid": "406209179", "content": "青眼白龙啊"}, {"uid": "422657151", "content": "青眼光龙"}, {"uid": "12911329", "content": "青眼白龙"}, {"uid": "269116449", "content": "青眼白龙"}, {"uid": "16145966", "content": "青眼白龙"}, {"uid": "487854325", "content": "确实，青眼白龙不能用钱衡量。"}, {"uid": "204770920", "content": "青眼白龙"}, {"uid": "168581485", "content": "青眼白龙"}, {"uid": "23205566", "content": "果断青眼白龙"}, {"uid": "25400745", "content": "青眼白龙"}, {"uid": "25400745", "content": "青眼白龙"}, {"uid": "332686061", "content": "青眼白龙"}, {"uid": "403266569", "content": "布鲁艾斯怀特多拉贡"}, {"uid": "21240749", "content": "青眼白龙"}, {"uid": "362234292", "content": "青眼白龙"}, {"uid": "222099", "content": "青眼白龙"}, {"uid": "1620681663", "content": "青眼究极龙"}, {"uid": "426824905", "content": "区区女朋友"}, {"uid": "12515964", "content": "白龙不也是妹子吗？"}, {"uid": "82917582", "content": "当然是选白龙花嫁"}, {"uid": "29121791", "content": "青眼白龙"}, {"uid": "280463383", "content": "我选择青眼白龙"}, {"uid": "271629025", "content": "青眼白龙"}, {"uid": "367468058", "content": "左边（狗头）"}, {"uid": "8327707", "content": "但是你不能调精灵龙啊"}, {"uid": "448694941", "content": "女人只要娘化版的青眼白龙"}, {"uid": "284829800", "content": "你有3000攻击力吗？"}, {"uid": "170136277", "content": "250的塔玛希"}, {"uid": "45978291", "content": "青眼白龙"}, {"uid": "151218078", "content": "青眼白龙"}, {"uid": "385746108", "content": "青眼白龙"}, {"uid": "81176524", "content": "青眼白龙"}, {"uid": "435484424", "content": "青眼白龙"}, {"uid": "182547275", "content": "青眼白龙"}, {"uid": "440902290", "content": "青眼白龙​"}, {"uid": "4571075", "content": "青眼白龙"}, {"uid": "277563901", "content": "可怜"}, {"uid": "630540758", "content": "青眼白龙！"}, {"uid": "630540758", "content": "青眼白龙！"}, {"uid": "1754894690", "content": "8700个w的白龙了解一下"}, {"uid": "416399643", "content": "青眼白龙"}, {"uid": "255928136", "content": "我选青眼少女"}, {"uid": "6500238", "content": "青眼白龙啊"}, {"uid": "445633651", "content": "青眼白龙"}, {"uid": "475895612", "content": "青眼白龙"}, {"uid": "38877258", "content": "青眼白龙"}, {"uid": "147646191", "content": "青眼白龙！"}, {"uid": "42837427", "content": "布鲁艾斯歪特多拉贡！"}, {"uid": "689208057", "content": "青眼白龙"}, {"uid": "400332228", "content": "青眼白龙"}, {"uid": "668568743", "content": "当然是无敌的塞巴多拉贡"}, {"uid": "346571179", "content": "渊眼白龙"}, {"uid": "394918960", "content": "青眼白龙"}, {"uid": "24456133", "content": "青眼白龙"}, {"uid": "514705576", "content": "青眼白龙"}, {"uid": "441730561", "content": "青眼白龙"}, {"uid": "496980586", "content": "青眼白龙"}, {"uid": "520517855", "content": "当然是青眼白龙"}, {"uid": "231661959", "content": "青眼白龙"}, {"uid": "394681204", "content": "青眼白龙"}, {"uid": "156593533", "content": "你有3000攻击力吗？"}, {"uid": "440132962", "content": "青眼白龙"}, {"uid": "279923705", "content": "可是白龙是母的啊"}, {"uid": "295268144", "content": "青眼白龙"}, {"uid": "447465957", "content": "但是你200万是借的呀"}, {"uid": "661977538", "content": "青眼白龙!"}, {"uid": "430783251", "content": "我选渊眼老婆"}, {"uid": "352111632", "content": "青眼白龙"}, {"uid": "352111632", "content": "青眼白龙"}, {"uid": "30134757", "content": "没办法，青眼白龙太大了"}, {"uid": "18731741", "content": "青眼白龙"}, {"uid": "33272677", "content": "青眼白龙"}, {"uid": "1219638849", "content": "海马身价：不明"}, {"uid": "90760894", "content": "青眼白龙"}, {"uid": "611232400", "content": "惨"}, {"uid": "64626157", "content": "青眼白龙"}, {"uid": "39411662", "content": "自取其辱"}, {"uid": "202679506", "content": "青眼白龙"}, {"uid": "21549902", "content": "青眼白龙"}, {"uid": "98554850", "content": "肯定青眼白龙啊"}, {"uid": "428437395", "content": "青眼白龙"}, {"uid": "28594065", "content": "我选永火恶魔"}, {"uid": "350587183", "content": "青眼白龙"}, {"uid": "13049401", "content": "青眼白龙"}, {"uid": "506221065", "content": "青眼白龙"}, {"uid": "454564164", "content": "青眼白龙"}, {"uid": "693975580", "content": "青眼白龙"}, {"uid": "28344442", "content": "青眼白龙"}, {"uid": "672110585", "content": "青眼白龙"}, {"uid": "503760372", "content": "青眼白龙"}, {"uid": "479212094", "content": "青眼白龙！"}, {"uid": "499229798", "content": "青眼白龙"}, {"uid": "336111008", "content": "我出生曹县，你拿什么跟我比"}, {"uid": "1828975991", "content": "你能和究极龙"}, {"uid": "383408571", "content": "青眼白龙"}, {"uid": "161821623", "content": "blue eyes white dragon"}, {"uid": "444894619", "content": "青眼白龙"}, {"uid": "502286519", "content": "青眼白龙"}, {"uid": "22212720", "content": "青眼白龙"}, {"uid": "456031679", "content": "Blue Eyes White Dragon赛高"}, {"uid": "456031679", "content": "青眼白龙"}, {"uid": "630462725", "content": "青眼白龙也是女的，也是白毛啊"}, {"uid": "4160957", "content": "你觉得你有青眼白龙贵吗？"}, {"uid": "431212334", "content": "bule eye white dragon"}, {"uid": "156577133", "content": "青眼白龙"}, {"uid": "53847317", "content": "青眼白龙"}, {"uid": "407509944", "content": "是8700亿"}, {"uid": "2224681", "content": "青眼白龙"}, {"uid": "403283413", "content": "blue eyes white 多拉贡"}, {"uid": "702281624", "content": "我家曹县十平方"}, {"uid": "289861492", "content": "那就直播双子吧"}, {"uid": "16145966", "content": "青眼白龙"}, {"uid": "588902141", "content": "青眼白龙啊"}, {"uid": "2218140", "content": "失败归失败，吃鼻涕干啥？"}, {"uid": "92599386", "content": "青眼白龙"}, {"uid": "92599386", "content": "青眼白龙"}, {"uid": "413492069", "content": "青眼白龙"}, {"uid": "514931507", "content": "青眼白龙"}, {"uid": "435020526", "content": "青眼白龙"}, {"uid": "300318309", "content": "青眼白龙"}, {"uid": "452327569", "content": "女朋友？青眼是我老婆"}, {"uid": "344316855", "content": "有一段被删掉了。"}, {"uid": "335890411", "content": "青眼白龙"}, {"uid": "687316483", "content": "青眼白龙"}, {"uid": "437885482", "content": "青眼白龙"}, {"uid": "314766596", "content": "青眼白龙"}, {"uid": "227495566", "content": "蓝眼莎琪拉"}, {"uid": "349455040", "content": "青眼白龙"}, {"uid": "458227735", "content": "青眼白龙"}, {"uid": "3204510", "content": "我选择布鲁艾紫怀特多拉贡"}, {"uid": "502737972", "content": "青眼白龙"}, {"uid": "502737972", "content": "青眼白龙"}, {"uid": "95310198", "content": "别走好吗"}, {"uid": "284829800", "content": "青眼白龙"}, {"uid": "63938161", "content": "青眼白龙"}, {"uid": "5772412", "content": "青眼白龙"}, {"uid": "628638258", "content": "青眼白龙"}, {"uid": "5072226", "content": "欢乐豆"}, {"uid": "591748558", "content": "但是我还是选青眼白龙"}, {"uid": "357604545", "content": "青眼白龙"}, {"uid": "523305621", "content": "可青眼白龙就四张"}, {"uid": "409529897", "content": "社长有钱"}, {"uid": "1678684712", "content": "杂鱼粉碎机"}, {"uid": "1678684712", "content": "青眼极龙最重要"}, {"uid": "351891316", "content": "青眼白龙"}, {"uid": "400752489", "content": "青眼白龙！"}, {"uid": "400752489", "content": "Blue eyes White 多拉贡"}, {"uid": "6500238", "content": "但你没法融合成究极龙啊"}, {"uid": "527118503", "content": "我要青眼白龙"}, {"uid": "408194308", "content": "白龙才是老婆"}, {"uid": "1800814789", "content": "女人只会影响我抽卡的速度"}, {"uid": "293715327", "content": "青眼白龙！"}, {"uid": "506648455", "content": "青眼白龙"}, {"uid": "692774347", "content": "青眼白龙"}, {"uid": "414869383", "content": "青眼白龙！"}, {"uid": "381500916", "content": "青眼白龙"}, {"uid": "349748683", "content": "青眼白龙"}, {"uid": "394929835", "content": "你有三千多的伤害吗"}, {"uid": "18388207", "content": "青眼白龙"}, {"uid": "679884", "content": "哈哈哈哈哈哈哈哈哈哈"}, {"uid": "616611119", "content": "青眼白龙"}, {"uid": "502566076", "content": "青眼白龙"}, {"uid": "310237366", "content": "我选白龙！"}, {"uid": "514705576", "content": "我选青眼少女"}, {"uid": "6109695", "content": "Blue eyes 白龍"}, {"uid": "253405852", "content": "青眼白龙"}, {"uid": "475423758", "content": "青眼白龙"}, {"uid": "37909456", "content": "青眼白龙"}, {"uid": "499635508", "content": "青眼白龙"}, {"uid": "1448056230", "content": "牌佬不需要女朋友"}, {"uid": "211626507", "content": "青眼白龙"}, {"uid": "517877460", "content": "青眼白龙"}, {"uid": "15266466", "content": "青眼白龙"}, {"uid": "629361048", "content": "青眼白龙"}, {"uid": "629274364", "content": "无法继承"}, {"uid": "233578035", "content": "青眼白龙"}, {"uid": "30134757", "content": "你格局小了"}, {"uid": "403496357", "content": "青眼白龙"}, {"uid": "479949881", "content": "我选  吸血鬼帝国(魔法卡)"}, {"uid": "278761148", "content": "青眼白龙"}, {"uid": "241245515", "content": "青眼白龙"}, {"uid": "633898225", "content": "青眼白龙！"}, {"uid": "103488210", "content": "青眼白龙"}, {"uid": "30738891", "content": "青眼白龙"}, {"uid": "357914941", "content": "青眼白龙"}, {"uid": "1219638849", "content": "在我心里是无价之宝"}, {"uid": "348495223", "content": "青眼白龙"}, {"uid": "348495223", "content": "青眼白龙"}, {"uid": "625170803", "content": "青眼白龙"}, {"uid": "39411662", "content": "青眼白龙"}, {"uid": "430991121", "content": "青眼白龙"}, {"uid": "518492504", "content": "青眼白龙"}, {"uid": "297206585", "content": "有点可怜"}, {"uid": "409582319", "content": "BLUE EYES WHITE DRAGON"}, {"uid": "372747862", "content": "白龙啊，高贵的3000"}, {"uid": "400880698", "content": "青眼白龙"}, {"uid": "313446723", "content": "我选白龙"}, {"uid": "191271569", "content": "女人，你有3000攻击力吗"}, {"uid": "263714525", "content": "我的塔玛希 blueeyeswhitedragon"}, {"uid": "2060044524", "content": "青眼白龙"}, {"uid": "28594065", "content": "龙癌路过"}, {"uid": "661032772", "content": "社长一座城"}, {"uid": "693975580", "content": "青眼白龙"}, {"uid": "553443146", "content": "你有3000打点?"}, {"uid": "415473913", "content": "当然是白龙老婆啦"}, {"uid": "399229976", "content": "要什么青眼白龙？我要青眼究极龙！"}, {"uid": "1828975991", "content": "布鲁艾紫，外特多拉贡"}, {"uid": "433725381", "content": "青眼白龙"}, {"uid": "443000914", "content": "青眼白龙"}, {"uid": "523939608", "content": "青眼白龙"}, {"uid": "583425483", "content": "亲眼白龙"}, {"uid": "328599609", "content": "青眼白龙"}, {"uid": "328599609", "content": "青眼白龙"}, {"uid": "1108818358", "content": "青眼白龙"}, {"uid": "963441552", "content": "青眼白龙"}, {"uid": "630462725", "content": "青眼白龙"}, {"uid": "1154904176", "content": "青眼白龙"}, {"uid": "414064337", "content": "这个不能卖。"}, {"uid": "651313989", "content": "青眼白龙"}, {"uid": "640124827", "content": "青眼白龙"}, {"uid": "476841290", "content": "青眼白龙"}, {"uid": "149339274", "content": "白龙"}, {"uid": "53107021", "content": "青眼白龙"}, {"uid": "2083512724", "content": "卑微？输给白嫁有什么不好，白龙就是老婆"}, {"uid": "2083512724", "content": "当然要青眼少女"}, {"uid": "380932438", "content": "塞吧多拉贡！"}, {"uid": "504705174", "content": "ohhhhhhhhhh"}, {"uid": "422657151", "content": "青眼白龙"}, {"uid": "480027513", "content": "青眼白龙"}, {"uid": "538218763", "content": "当然是青眼白龙"}, {"uid": "1234813580", "content": "我選擇青眼究極龍。"}, {"uid": "13859113", "content": "青眼白龙啊"}, {"uid": "2041133595", "content": "这还用说吗？（눈‸눈)"}, {"uid": "511510351", "content": "白龙。"}, {"uid": "514931507", "content": "白龙"}, {"uid": "105357941", "content": "青眼白龙"}, {"uid": "21240749", "content": "青眼白龙yyds"}, {"uid": "4988004", "content": "富婆是吧"}, {"uid": "1620681663", "content": "青眼光龙"}, {"uid": "213917768", "content": "必白龙"}, {"uid": "661213734", "content": "青眼白龙！"}, {"uid": "250101530", "content": "青眼白龙"}, {"uid": "277657479", "content": "青眼白龙"}, {"uid": "371673137", "content": "限不限定？"}, {"uid": "405258079", "content": "清一色，胡了"}, {"uid": "6475851", "content": "我选白龙"}, {"uid": "1696002492", "content": "左边的没攻我选右边"}, {"uid": "251868194", "content": "青眼白龙"}, {"uid": "2401957", "content": "青眼白龙"}, {"uid": "400852249", "content": "青眼白龙就是老婆"}, {"uid": "495137399", "content": "青眼白龙"}, {"uid": "106696337", "content": "青眼白龙"}, {"uid": "523305621", "content": "电子龙"}, {"uid": "398241953", "content": "青眼白龙"}, {"uid": "174672805", "content": "青眼白龙"}, {"uid": "1798167028", "content": "青眼白龙"}, {"uid": "503393188", "content": "青眼白龙！"}, {"uid": "1678684712", "content": "青眼极龙！！！！"}, {"uid": "351891316", "content": "青眼白龙"}, {"uid": "351891316", "content": "青眼白龙"}, {"uid": "400752489", "content": "青眼白龙"}, {"uid": "472328250", "content": "青眼白龙"}, {"uid": "450433187", "content": "布鲁艾斯多啦贡"}, {"uid": "513832511", "content": "青眼白龙"}, {"uid": "876991096", "content": "青眼白龙"}, {"uid": "288056469", "content": "青眼白龙"}, {"uid": "676506566", "content": "青眼白龙"}, {"uid": "39714776", "content": "青眼白龙"}, {"uid": "630825143", "content": "黑魔导女孩"}, {"uid": "480903719", "content": "青眼白龙啊"}, {"uid": "356762155", "content": "青眼白龙"}, {"uid": "727739020", "content": "我选闪刀姬"}, {"uid": "124042", "content": "这还用想？"}, {"uid": "859334", "content": "不不不这时候所有vup都一样卑微"}, {"uid": "502598454", "content": "青眼老婆"}, {"uid": "477840515", "content": "青眼白龙啊"}, {"uid": "346722213", "content": "青眼白龙"}, {"uid": "476786680", "content": "青眼白龙"}, {"uid": "106367927", "content": "我要买你"}, {"uid": "227761219", "content": "青眼白龙"}, {"uid": "399650836", "content": "银河眼光子龙"}, {"uid": "629274364", "content": "青眼白龙是我老婆"}, {"uid": "450652546", "content": "我选8700w的老婆龙"}, {"uid": "620829742", "content": "青眼白龙"}, {"uid": "76385747", "content": "白龙"}, {"uid": "1583581390", "content": "青眼白龙"}, {"uid": "563108602", "content": "青眼白龙"}, {"uid": "589589748", "content": "什么卖身吗"}, {"uid": "1454838379", "content": "青年白 "}, {"uid": "391196997", "content": "青眼白龙"}, {"uid": "30134757", "content": "青眼白龙"}, {"uid": "80921974", "content": "青眼白龙"}, {"uid": "599413635", "content": "青眼白龙"}, {"uid": "448798930", "content": "青眼白龙"}, {"uid": "23090766", "content": "青眼白龙"}, {"uid": "2059866122", "content": "她可是我的老婆啊"}, {"uid": "366114942", "content": "青眼白龙"}, {"uid": "101260459", "content": "鬼！"}, {"uid": "316963455", "content": "blue eyes white dragon！"}, {"uid": "26455742", "content": "哈哈哈哈哈"}, {"uid": "33213126", "content": "那钱也不是我的"}, {"uid": "37829890", "content": "电子龙草"}, {"uid": "286468906", "content": "不，我是龙癌"}, {"uid": "2060044524", "content": "渊眼白龙"}, {"uid": "492184203", "content": "不路艾斯壞偷得拉貢"}, {"uid": "510469362", "content": "青眼白龙"}, {"uid": "1867741160", "content": "青眼白龙"}, {"uid": "661032772", "content": "绝对是白龙"}, {"uid": "1065524301", "content": "青眼白龙"}, {"uid": "693975580", "content": "白龙yyds"}, {"uid": "693975580", "content": "青眼白龙"}, {"uid": "443180504", "content": "都是牌佬"}, {"uid": "347505307", "content": "不，我是龙癌。"}, {"uid": "644288943", "content": "青眼白龙"}, {"uid": "399229976", "content": "8700万白龙！"}, {"uid": "1885310754", "content": "青眼白龙"}, {"uid": "1883828693", "content": "你的打点太低了且没有效果"}, {"uid": "160215904", "content": "白龙"}, {"uid": "583425483", "content": "青眼白龙"}, {"uid": "281986843", "content": "没有哪个vup比得过青眼白龙"}, {"uid": "372310455", "content": "青眼白龙yyds"}, {"uid": "89110684", "content": "白龙"}, {"uid": "650019141", "content": "青眼白龙"}, {"uid": "4095523", "content": "青眼白龙"}, {"uid": "495508056", "content": "青眼白龙yyds"}, {"uid": "530675562", "content": "青眼白龙"}, {"uid": "414064337", "content": "我选青眼渊龙。"}, {"uid": "497819873", "content": "青眼白龙"}, {"uid": "497819873", "content": "欢乐豆吗？"}, {"uid": "288607173", "content": "白龙"}, {"uid": "449568207", "content": "青眼白龙！"}, {"uid": "2083512724", "content": "花嫁也行"}, {"uid": "477230305", "content": "绝对是8700万"}, {"uid": "691716445", "content": "青眼白龙"}, {"uid": "442166923", "content": " 不怒@@拉共"}, {"uid": "527686758", "content": "青眼白龙。"}, {"uid": "57393689", "content": "青眼白竜"}, {"uid": "671692264", "content": "青眼白龙"}, {"uid": "454765858", "content": "吹吧！"}, {"uid": "508658231", "content": "青眼白龙"}, {"uid": "443939033", "content": "我选择 融合！"}, {"uid": "77214271", "content": "那你是要DD们还是要青眼白龙呢ww"}, {"uid": "480569889", "content": "青眼白龙"}, {"uid": "644120984", "content": "青眼白龙"}, {"uid": "517422766", "content": "青眼白龙"}, {"uid": "7798530", "content": "青眼白龙本来就是女人变得 不知道女人哪来的自信和青眼白龙比"}, {"uid": "1257307994", "content": "青眼白龙"}, {"uid": "34150958", "content": "得是原画的"}, {"uid": "194161746", "content": "白龙，yyds"}, {"uid": "361126064", "content": "青眼白龙"}, {"uid": "523694653", "content": "青眼白龙"}, {"uid": "515107630", "content": "青眼白龙"}, {"uid": "515107630", "content": "青眼白龙"}, {"uid": "590832009", "content": "青眼白龙"}, {"uid": "17989357", "content": "能把一个人和一张卡比，这是你的问题吧"}, {"uid": "520098240", "content": "肯定是白龙呀"}, {"uid": "1351637590", "content": "绝对是青眼白龙可是8700个w"}, {"uid": "63938161", "content": "那又怎么样？"}, {"uid": "63938161", "content": "不会吧，不会吧，真有人觉得自己比青眼白龙重要吧"}, {"uid": "23128004", "content": "我选大蛇"}, {"uid": "10490827", "content": "青眼白龙"}, {"uid": "396628131", "content": "青眼白龙比你好看"}, {"uid": "385746108", "content": "不不不，你对比的对象错了，为什么要和青眼白龙比啊"}, {"uid": "416677433", "content": "青眼白龙"}, {"uid": "355270149", "content": "普鲁艾斯外拓托拉贡"}, {"uid": "400852249", "content": "青眼白龙"}, {"uid": "29211338", "content": "塞巴多拉贡"}, {"uid": "398912003", "content": "女人什么很碍事，当然选青眼白龙"}, {"uid": "398241953", "content": "青眼白龙"}, {"uid": "409529897", "content": "青眼白龙"}, {"uid": "409529897", "content": "青眼白龙"}, {"uid": "280411360", "content": "白龙"}, {"uid": "6500238", "content": "你是在自不量力"}, {"uid": "6500238", "content": "可白龙3000攻击力啊，你没有还是白板卡"}, {"uid": "517599513", "content": "青眼白龙"}, {"uid": "1454532274", "content": "青眼白龙"}, {"uid": "527610589", "content": "青眼白龙"}, {"uid": "394929835", "content": "青眼白龙"}, {"uid": "346722213", "content": "青眼白龙"}, {"uid": "613508570", "content": "当然选塔玛希"}, {"uid": "162691387", "content": "肯定青眼白龙啊"}, {"uid": "1852113912", "content": "青眼白龙"}, {"uid": "457259083", "content": "海马一套城"}, {"uid": "629274364", "content": "给我8700万"}, {"uid": "76385747", "content": "你身价能和白龙比？能和神比？"}, {"uid": "39301892", "content": "海马濑人身价未知。自从幻象国际到了之后，海马办了KC杯之后，海马都已经是世界富豪了"}, {"uid": "351511310", "content": "你是什么牛马，能比的上青眼白龙?"}, {"uid": "496651297", "content": "我选究极龙"}, {"uid": "424530884", "content": "我选择8700万"}, {"uid": "1454838379", "content": "青眼白龙 "}, {"uid": "1454838379", "content": "青眼白龙 "}, {"uid": "388311921", "content": "塞巴多拉贡"}, {"uid": "27335232", "content": "全都要"}, {"uid": "80921974", "content": "塞巴多拉贡"}, {"uid": "354622027", "content": "青眼白龍"}, {"uid": "599413635", "content": "我要成为决斗之王，女人什么的很碍事"}, {"uid": "1219638849", "content": "拉的翼神龙，用你愤怒的火焰去击溃对手吧！拉的攻击！"}, {"uid": "1219638849", "content": "私の魂！私の誇り！出て来い！青眼白龍！"}, {"uid": "1219638849", "content": "是舔狗，舔的是海马老婆"}, {"uid": "1597827085", "content": "青眼白龙"}, {"uid": "407251207", "content": "青眼白龙好吧"}, {"uid": "448496416", "content": "舔狗归舔狗青眼白龙是我的仆人也是我的灵魂"}, {"uid": "678886427", "content": "青眼白龙是老婆"}, {"uid": "452091263", "content": "青眼白龙老婆yyds"}, {"uid": "452091263", "content": "她"}, {"uid": "12816664", "content": "青眼白龙啊"}, {"uid": "315281661", "content": "青眼白龙"}, {"uid": "12382417", "content": "青眼白龙！！！！！"}, {"uid": "385460920", "content": "青眼白龙"}, {"uid": "9433299", "content": "青眼白龙"}, {"uid": "419060444", "content": "青眼白龙!"}, {"uid": "456072471", "content": "青眼白龙"}, {"uid": "378566274", "content": "青眼白龙"}, {"uid": "1500568", "content": "青眼白龙"}, {"uid": "28594065", "content": "永火战神"}, {"uid": "1100914252", "content": "8700W的老婆"}, {"uid": "514150711", "content": "赫卡太弱了"}, {"uid": "510469362", "content": "青眼白龙"}, {"uid": "693809052", "content": "青眼白龙"}, {"uid": "336671389", "content": "壞了？"}, {"uid": "384531628", "content": "青眼白龙"}, {"uid": "511889696", "content": "打牌人均龙癌晚期"}, {"uid": "313240553", "content": "青眼"}, {"uid": "399229976", "content": "聪明人一般左手拿左边，右手拿右边"}, {"uid": "1828975991", "content": "偶类瓦塔麻西"}, {"uid": "1828975991", "content": "当然是8700w了"}, {"uid": "35050685", "content": "一星有效果还差不多，可惜是个凡骨"}, {"uid": "663037767", "content": "青眼白龙yyds"}, {"uid": "2146301672", "content": "青眼老婆啊"}, {"uid": "1043590733", "content": "青眼白龙"}, {"uid": "1482466469", "content": "青眼白龙"}, {"uid": "576743438", "content": "青眼白龙 然后再把白龙变成龙娘 "}, {"uid": "497819873", "content": "右边"}, {"uid": "497819873", "content": "青眼白龙"}, {"uid": "1549527667", "content": "白龙"}, {"uid": "4160957", "content": "社长有钱啊！你把它卖给社长，你直接一夜暴富"}, {"uid": "4160957", "content": "我究极龙不香吗？"}, {"uid": "40833076", "content": "不选白龙选什么？"}, {"uid": "526125378", "content": "青眼白龙有三张，就等于有三个老婆！！！"}, {"uid": "9147404", "content": "白嫁w"}, {"uid": "477149866", "content": "白龙能当老婆，up主有什么用？"}, {"uid": "626009314", "content": "白龙我爱你"}, {"uid": "626009314", "content": "白龙我爱你"}, {"uid": "1239447561", "content": "布路艾滋怀多多拉贡"}, {"uid": "1720366233", "content": "青眼白龙"}, {"uid": "1498139065", "content": "为什么总有女人觉得自己能和青眼白龙比"}, {"uid": "34562048", "content": "快安慰她，臭弟弟们"}, {"uid": "521917734", "content": "青眼白龙"}, {"uid": "698349181", "content": "半龙女仆"}, {"uid": "630825143", "content": "布鲁艾紫怀特多拉贡"}, {"uid": "1620681663", "content": "青眼少女"}, {"uid": "353475707", "content": "青眼白龙我老婆"}, {"uid": "3364679", "content": "你看她笑得多么开心？"}, {"uid": "593314722", "content": "白龙是信仰"}, {"uid": "346460162", "content": "白嫁"}, {"uid": "194161746", "content": "这不白龙？"}, {"uid": "25545181", "content": "女朋友没有3000攻击力没有用"}, {"uid": "505337977", "content": "青眼哒"}, {"uid": "2081101630", "content": "青眼"}, {"uid": "477435675", "content": "我白龙已经满三了，但是我没有女朋友，所以我选青眼白龙"}, {"uid": "1048097676", "content": "青眼白龙"}, {"uid": "17989357", "content": "所以你为了吸引舔狗才做v的吗？"}, {"uid": "545187806", "content": "大富翁？"}, {"uid": "1453743887", "content": "青眼白龙"}, {"uid": "300227527", "content": "女朋友"}, {"uid": "615645710", "content": "你能融合出一拳淦爆神的三头龙吗你能把神当祭品把自己召唤吗"}, {"uid": "1382657186", "content": "青眼白龙"}, {"uid": "695764479", "content": "白嫁"}, {"uid": "514495260", "content": "青眼白龙yyds"}, {"uid": "4571075", "content": "那我又不能把你拿去卖了不是oxo"}, {"uid": "634038911", "content": "青眼白龙 "}, {"uid": "1487249701", "content": "Blue Eyes"}, {"uid": "409529897", "content": "青眼白龙"}, {"uid": "1623637305", "content": "青眼白龙"}, {"uid": "1754894690", "content": "白龙"}, {"uid": "1754894690", "content": "白龙赛高"}, {"uid": "6500238", "content": "你格局小了，敢和青眼白龙比"}, {"uid": "517599513", "content": "青眼白龙"}, {"uid": "597235281", "content": "青眼白龙"}, {"uid": "1800814789", "content": "你有8700万重要吗，女人只会影响我抽卡速度"}, {"uid": "454054003", "content": "下面这个天霆号是认真的吗？"}, {"uid": "480738155", "content": "8700万啊"}, {"uid": "480738155", "content": "男人的浪漫"}, {"uid": "488454401", "content": "龙！！！！"}, {"uid": "668568743", "content": "青眼白龙"}, {"uid": "502566076", "content": "青眼白"}, {"uid": "212449148", "content": "是8700w"}, {"uid": "524203446", "content": "青眼渊龙"}, {"uid": "351628065", "content": "白龙八千万呢"}, {"uid": "332339607", "content": "白龙"}, {"uid": "1852113912", "content": "你有3000攻2500防吗？"}, {"uid": "1852113912", "content": "青眼白龙"}, {"uid": "337046907", "content": "当然是选择青眼白龙啦~~~起码是实价"}, {"uid": "651751310", "content": "白龙"}, {"uid": "671687105", "content": "青眼"}, {"uid": "671687105", "content": "废话，当然选我的青眼白龙"}, {"uid": "490836942", "content": "那是个女的 "}, {"uid": "1336375724", "content": "青眼白龙"}, {"uid": "2890040", "content": "我选赫，卡"}, {"uid": "675120674", "content": "肯定白龙啊"}, {"uid": "346961950", "content": "你的打点能上三千?"}, {"uid": "435926124", "content": "白龙"}, {"uid": "76385747", "content": "白龙yyds"}, {"uid": "602553425", "content": "白龙万岁"}, {"uid": "1454838379", "content": "青眼白 "}, {"uid": "1454838379", "content": "青眼白龙 "}, {"uid": "352423247", "content": "青眼白龙yyds"}, {"uid": "364082458", "content": "青眼白龙"}, {"uid": "403352765", "content": "我看了三次"}, {"uid": "126928745", "content": "青眼白龙"}, {"uid": "147859808", "content": "青眼白龙"}, {"uid": "101260459", "content": "青眼白龙万岁！"}, {"uid": "16158477", "content": "青眼白龙"}, {"uid": "101260459", "content": "还真有舔狗不选青眼白龙，哈哈哈哈"}, {"uid": "28620672", "content": "青眼白龙"}, {"uid": "440986037", "content": "都被你筛选完了"}, {"uid": "93021946", "content": "白龙"}, {"uid": "60296070", "content": "有了青眼白龙还没没有老婆？"}, {"uid": "286303719", "content": "布鲁爱芝是我的塔玛希，而你是我的翅膀之一但是我是128翼大天使"}, {"uid": "26455742", "content": "白龙"}, {"uid": "33213126", "content": "？"}, {"uid": "295244965", "content": "青眼白龙"}, {"uid": "202679506", "content": "青眼白龙"}, {"uid": "371009554", "content": "青眼白龙！"}, {"uid": "401192771", "content": "为什么总有女人会觉得她能和青眼白龙比"}, {"uid": "98554850", "content": "说得好，我选择Blue Eyes white Dragon"}, {"uid": "253850589", "content": "同样是白板，白龙有高贵的三千打点，你有吗？"}, {"uid": "20669972", "content": "你攻击力有3000吗？可以融究极龙吗"}, {"uid": "7952929", "content": "龙癌晚期你说呢"}, {"uid": "510579589", "content": "白龙yyds"}, {"uid": "336671389", "content": "嗯"}, {"uid": "443180504", "content": "果断白龙"}, {"uid": "548278140", "content": "你有3000攻击力和2500的守备力吗？你能进行融合变成超强卡吗？"}, {"uid": "548278140", "content": "果断选择青眼白龙，这高贵白板卡不用白不用"}, {"uid": "548278140", "content": "我选女朋友，因为我女朋友就是青眼白龙"}, {"uid": "415473913", "content": "右边"}, {"uid": "404275153", "content": "青眼白龙"}, {"uid": "164781405", "content": "我就是要选青眼白龙（强劲！ 无敌 ！    最强 ！！！   ）"}, {"uid": "553903761", "content": "青眼白龙yyds"}, {"uid": "675623175", "content": "融合!"}, {"uid": "1828975991", "content": "你攻击力有3000守备力有2500？"}, {"uid": "1828975991", "content": "8700万"}, {"uid": "663037767", "content": "强劲！无敌！最强！粉碎！玉碎！大喝彩！"}, {"uid": "663037767", "content": "找老婆：八星，3000攻，2500守，光属性，龙族，通常怪"}, {"uid": "22212720", "content": "做梦吧，女人"}, {"uid": "474904421", "content": "青眼白龙"}, {"uid": "1251967704", "content": "我的骄傲，我的灵魂，出现吧，青眼白龙"}, {"uid": "695025039", "content": "栗子球"}, {"uid": "23587297", "content": "我发动超融合将赫卡Tia和青眼白龙融合――异色的双瞳散发无尽的光辉，平滑的前置装甲是其坚不可摧的证明，于此展现你的光辉吧！异色眼银钢白龙！[doge]​"}, {"uid": "499949925", "content": "女人，你太高看你自己了"}, {"uid": "414064337", "content": "不能融合，不能超融合。你还没有。青眼少女好。"}, {"uid": "411884088", "content": "青眼白龙"}, {"uid": "130756601", "content": "她说的不是卡，是白龙，真的青眼白龙"}, {"uid": "589866244", "content": "8700万"}, {"uid": "174517779", "content": "那么先选Tia然后用Tia的钱去买青眼白龙。"}, {"uid": "4160957", "content": "青眼白龙那么贵，不选他选什么？"}, {"uid": "404701517", "content": "青眼白龙 "}, {"uid": "25713313", "content": "一星0攻0防你们不选？选3000攻白板？"}, {"uid": "648299304", "content": "我要成为世界冠军，女人什么的很碍事"}, {"uid": "372747862", "content": "1星0/0，还没效果，拿什么和高贵的3000攻比？"}, {"uid": "57393689", "content": "電子竜"}, {"uid": "269087677", "content": "粉碎☆玉碎☆大喝彩！"}, {"uid": "1239447561", "content": "肯定是塔马希"}, {"uid": "2014713", "content": "青眼白龙！！！那可是青眼白龙诶，还要啥女人。"}, {"uid": "1720366233", "content": "青眼白龙"}, {"uid": "378254706", "content": "青眼白龙 yyds"}, {"uid": "455377317", "content": "贩卖人口犯法吗？只要我卖不出去就不犯法"}, {"uid": "455377317", "content": "哦内诺塌马洗！不露爱咨怀拖多拉拱"}, {"uid": "489157176", "content": "并没有"}, {"uid": "11401455", "content": "青眼究极龙"}, {"uid": "573578324", "content": "新宇侠"}, {"uid": "31514457", "content": "当然是青眼白龙啊，难道选女朋友啊？（高贵的牌佬是不取对象的）"}, {"uid": "556121456", "content": "你有三千的伤害二千五的防能容究极，真究极，特招亚白龙，召混沌级龙吗"}, {"uid": "26134021", "content": "青眼白龙！"}, {"uid": "31611004", "content": "你也是高贵的3000攻？"}, {"uid": "193095253", "content": "青眼白龙"}, {"uid": "193095253", "content": "白龙"}, {"uid": "375740625", "content": "我选什么关你什么事"}, {"uid": "88210563", "content": "可是白龙少女比你好看呀，还能变成龙，绝了"}, {"uid": "97150431", "content": "选我的老婆大人    ☞青眼白龙"}, {"uid": "412820747", "content": "右"}, {"uid": "505250372", "content": "青眼白龙"}, {"uid": "1747913154", "content": "卖身?牛**"}, {"uid": "417399925", "content": "你是有三千攻击力还是有什么特殊效果？"}, {"uid": "92908482", "content": "你没3000攻啊，所以当然选白龙"}, {"uid": "92908482", "content": "舔狗？不存在的，牌佬不取对象…"}, {"uid": "413315877", "content": "青眼白龙八千七百万，女朋友负八千七百万"}, {"uid": "1678684712", "content": "极龙最爱，不接受反驳"}, {"uid": "1754894690", "content": "青眼白龙yyds"}, {"uid": "1754894690", "content": "白龙"}, {"uid": "492610764", "content": "女人为什么要拿自己和青眼白龙比呢？当然是选青眼白龙啊"}, {"uid": "630825143", "content": "青眼白龙"}, {"uid": "470436438", "content": "青眼"}, {"uid": "674969470", "content": "青眼白龙"}, {"uid": "481993130", "content": "青眼"}, {"uid": "57206328", "content": "我觉得玩过头了，人家是真伤心了"}, {"uid": "301453811", "content": "还真的有哭呛...有比的可能性？"}, {"uid": "495008664", "content": "8700万。"}, {"uid": "694226791", "content": "青眼白龙！"}, {"uid": "315551753", "content": "白龙不好么，要什么女人"}, {"uid": "314803194", "content": "那必须是我的blue eyes white  dragon!!!!!!!!!!!"}, {"uid": "1983156", "content": "找女朋友，要求龙族 光属性 攻击力3000 防御力2500"}, {"uid": "511524576", "content": "青眼"}, {"uid": "326493024", "content": "？"}, {"uid": "436421195", "content": "青眼白龙"}, {"uid": "168249550", "content": "我要打牌，女人什么的很碍事"}, {"uid": "36930676", "content": "我的尊严，我的塔玛希。   出来吧，青眼白龙。"}, {"uid": "94650831", "content": "有人急了 是谁我不说"}, {"uid": "447465957", "content": "青眼白龙不行啊，那我选青眼究极龙"}, {"uid": "188897724", "content": "白龙yyds"}, {"uid": "120488758", "content": "？这不是是个人都会选青眼白龙？"}, {"uid": "454704598", "content": "当然是老婆重要，老婆是谁大家都懂"}, {"uid": "80921974", "content": "我要打牌，女人什么的很碍事"}, {"uid": "486057", "content": "别开玩笑了，你有无敌的3000攻击力和高贵的青眼词条吗"}, {"uid": "419319527", "content": "我不咋懂卡牌，所以....我要从青眼白龙来了解卡牌，所以我选青眼白龙"}, {"uid": "89088692", "content": "青眼白龙！！！！！"}, {"uid": "470916897", "content": "切，人家青眼白龙都没问他和女人哪个重要，他的格局比你大多了"}, {"uid": "189843548", "content": "."}, {"uid": "39291938", "content": "白龙"}, {"uid": "33213126", "content": "这还用犹豫？"}, {"uid": "611972298", "content": "一星白板无攻无防的你能干啥"}, {"uid": "650019141", "content": "哈哈哈哈哈哈哈哈哈哈哈哈哈哈哈哈哈哈哈哈哈哈哈哈哈"}, {"uid": "1086172697", "content": "呵呵我和你们不一样你们要青眼白龙我要究极青眼白龙一顶三"}, {"uid": "399809088", "content": "龙癌晚期"}, {"uid": "378254706", "content": "不要再卖了谢谢"}, {"uid": "676478452", "content": "你会放破灭的疾风爆裂弹？"}, {"uid": "413127465", "content": "豹豹不比你卑微"}, {"uid": "645957595", "content": "青眼白龙!啃敌人见识一下你的威力吧，破灭的疾风爆裂弹!!!"}, {"uid": "500694194", "content": "舔狗啊，我们都是舔狗啊，青眼白龙的舔狗啊"}, {"uid": "436421195", "content": "但是你有3000分攻击力吗，你有2500分防御力吗你没有"}, {"uid": "135017250", "content": "青眼白龙青眼白龙青眼亚白龙青眼精灵龙青眼银龙青眼混沌极龙渊眼白龙"}, {"uid": "135017250", "content": "青眼白龙！青眼白龙！青眼白龙！！！我老婆！"}, {"uid": "441049420", "content": "母猪去死，爷要青眼白龙"}, {"uid": "574053948", "content": "青眼白龙当然选青眼白龙了不选青眼白龙还选啥"}, {"uid": "409583965", "content": "你有两亿你舍得拿八千万买这个？能拿八千万买这个的这么早身家不得百亿以上"}, {"uid": "287247418", "content": "不要蹭白龙的热点"}]