[{"uid": "23174549", "content": "混乱瑟披"}, {"uid": "174118483", "content": "你又不看彈幕 他們早說了"}, {"uid": "26160295", "content": "你好坏我好爱"}, {"uid": "284942234", "content": "有理有据"}, {"uid": "284942234", "content": "只有第三章有鬼吹灯要站着等"}, {"uid": "109898633", "content": "是正义"}, {"uid": "29434892", "content": "这不正义吗？"}, {"uid": "8776456", "content": "有什么样的V就有什么样的粉丝"}, {"uid": "232426361", "content": "看饿了"}, {"uid": "290269", "content": "你好坏哦！我好喜欢！"}, {"uid": "284241412", "content": "不算，这算守序"}, {"uid": "5155884", "content": "就不能是饺子邪恶"}, {"uid": "295054161", "content": "我就是人类恶（滑稽）"}, {"uid": "7821538", "content": "馄饨中立（）"}, {"uid": "21877794", "content": "NGA老哥是混沌邪恶，别说了"}, {"uid": "19426338", "content": "hhhhhh"}, {"uid": "243941883", "content": "Too bad~"}, {"uid": "1562936", "content": "哈哈哈哈哈哈笑裂"}, {"uid": "1012671319", "content": "因为我们都是咕哒子，唉嘿嘿！"}, {"uid": "3133310", "content": "泥哥，能处"}, {"uid": "3933996", "content": "馄饨善良、馄饨中立、馄饨邪恶"}, {"uid": "14022916", "content": "好家伙 真就馄饨写饿 我现在真的饿了 现在是凌晨1点半"}, {"uid": "102496348", "content": "馄饨写饿"}, {"uid": "4160957", "content": "面条邪恶"}, {"uid": "1551184", "content": "我个人守序邪恶"}, {"uid": "686247030", "content": "选择了弹幕最多的说法"}, {"uid": "79646219", "content": "噗"}, {"uid": "688352964", "content": "一小时好耶"}, {"uid": "22768564", "content": "“疯子”"}, {"uid": "3191626", "content": "馄饨？是鲜肉的还是鲜虾的？"}, {"uid": "4215757", "content": "问奈姬niki的我看见了"}, {"uid": "110552", "content": "内鬼！你看到了吗！？赶快做进游戏里！"}, {"uid": "347965138", "content": "大家都是咕哒子"}, {"uid": "261780820", "content": "我守序中立"}, {"uid": "300042133", "content": "八分钟，烫嘴"}, {"uid": "16974815", "content": "NGA是混沌邪恶"}, {"uid": "436040166", "content": "混沌恶"}, {"uid": "151218078", "content": "我觉得我是混沌邪恶"}, {"uid": "6289128", "content": "馄饨？"}, {"uid": "309425785", "content": "wwwwwwwww"}, {"uid": "302371093", "content": "中立邪恶"}, {"uid": "2042917311", "content": "笑死"}, {"uid": "128498839", "content": "笑死"}, {"uid": "912029", "content": "拍肚子ing"}, {"uid": "352886464", "content": "一听就知道是火盆教的"}, {"uid": "226728593", "content": "馄炖好出戏啊"}, {"uid": "38819635", "content": "馄饨"}, {"uid": "390408250", "content": "人类恶"}, {"uid": "18062309", "content": "dnd阵营九宫格"}, {"uid": "107638858", "content": "dnd万岁"}, {"uid": "26841631", "content": "火盆神教草"}, {"uid": "205217567", "content": "我是人类恶"}, {"uid": "686247030", "content": "我中立秩序"}, {"uid": "1626145", "content": "人类恶"}, {"uid": "62836740", "content": "dnd九宫格"}, {"uid": "13574861", "content": "秩序恶"}, {"uid": "3243094", "content": "哈哈"}, {"uid": "1944059", "content": "馄饨"}, {"uid": "1562936", "content": "哈哈哈哈哈"}, {"uid": "28833265", "content": "混沌中立吧"}, {"uid": "26160295", "content": "啊"}, {"uid": "284942234", "content": "哈"}, {"uid": "5146971", "content": "确实"}, {"uid": "453984157", "content": "是不是对混沌有什么误解，还有那里分明是混乱"}, {"uid": "509765116", "content": "啊啊啊啊啊啊啊"}, {"uid": "807315", "content": "NGA，呵呵，不是混乱邪恶么？"}, {"uid": "20811306", "content": "混蛋邪恶"}, {"uid": "4215757", "content": "？"}, {"uid": "11782043", "content": "？？？？"}, {"uid": "1562936", "content": "草"}]