[{"uid": "37865026", "content": "那就不花了，哼"}, {"uid": "1747913154", "content": "呃啊"}, {"uid": "36992683", "content": "这表情怎么憨憨的"}, {"uid": "50848574", "content": "不愧是你，枪法依旧"}, {"uid": "439826483", "content": "您猜怎么着，咱老北京就这一出"}, {"uid": "74050663", "content": "打完不会干了吧……"}, {"uid": "60263286", "content": "这个围墙是事故多发地段"}, {"uid": "34724221", "content": "枪法这么好一定是打奶狙练出来的吧"}, {"uid": "27580302", "content": "可爱"}, {"uid": "27229667", "content": "枪声疯狂踩点"}, {"uid": "9384739", "content": "我是谢特亨德尔，四只狗狗赐予我视野"}, {"uid": "197354", "content": "你再骂（恳求）"}, {"uid": "20204119", "content": "kwiii"}, {"uid": "398965505", "content": "要跟狗對線嗎(#"}, {"uid": "20204119", "content": "？一转攻势"}, {"uid": "19426338", "content": "赫卞Tia"}, {"uid": "3557174", "content": "憨妹者，好耶"}, {"uid": "628335428", "content": "阳光明媚的晚上笑死我了"}, {"uid": "384637", "content": "老饭骨开饭啦（"}, {"uid": "384637", "content": "发出了传奇中单声音"}, {"uid": "138758169", "content": "一天工资能氪几单破防了呜呜"}, {"uid": "3349347", "content": "要 来 了"}, {"uid": "81453585", "content": "别问，问就是一丝"}, {"uid": "7821538", "content": "我 骂 我 自 己"}, {"uid": "216083815", "content": "必剪警察出警！"}, {"uid": "2746155", "content": "其实是发现的时候已经在排位了（"}, {"uid": "13311419", "content": "我是布洛特亨德尔 你也可以叫我重伤倒地了"}, {"uid": "10821792", "content": "赫 卞 t i a"}, {"uid": "10738025", "content": "哈哈哈！vtb舔狗！"}, {"uid": "187889", "content": "诵，致命空枪"}, {"uid": "7935060", "content": "awsl"}, {"uid": "5076645", "content": "哈哈哈哈哈哈"}, {"uid": "19991916", "content": "你，啥也没干.jpg"}, {"uid": "638246", "content": "草"}, {"uid": "595559182", "content": "我昨天还剩几百个相遇之源的"}, {"uid": "356942049", "content": "目 力 赫 卡"}, {"uid": "23570480", "content": "憨味者~"}, {"uid": "194606767", "content": "什么 赫卡自己的号终于发视频了吗"}, {"uid": "187672089", "content": "一转操作集锦"}, {"uid": "17933287", "content": "《很擅长的》"}, {"uid": "27683485", "content": "哈哈哈哈哈哈"}, {"uid": "22160726", "content": "tia我的超人"}, {"uid": "234315366", "content": "敬业tia，mua"}, {"uid": "19426338", "content": "赫卞Tia"}, {"uid": "14141665", "content": "这种池子基本上都有毒，不会抽那么多进去"}, {"uid": "10579112", "content": "强 tia 强"}, {"uid": "22160726", "content": "你再骂（"}, {"uid": "8202738", "content": "好，我们都不打钱了你哭也没用哦"}, {"uid": "38550786", "content": "不也挺好吗"}, {"uid": "34071759", "content": "一丝血"}, {"uid": "20204119", "content": "换碟成功"}, {"uid": "19426338", "content": "赫卞Tia"}, {"uid": "17784911", "content": "憨味者"}, {"uid": "17784911", "content": "强 tia 强"}, {"uid": "7821538", "content": "奥利给！"}, {"uid": "34419872", "content": "大吃一斤"}, {"uid": "2572943", "content": "哈哈哈哈"}, {"uid": "52685987", "content": "是个好人"}, {"uid": "197354", "content": "两秒17救，你也学做菜？"}, {"uid": "2128748", "content": "记得赫卞Tia"}, {"uid": "3349347", "content": "奶酥"}, {"uid": "3908453", "content": "啊 一般来说池子刚开容易出货 我就一个十连出了"}, {"uid": "92123467", "content": "哈哈哈哈"}, {"uid": "10738025", "content": "打五把守望先锋"}, {"uid": "491117", "content": "就那个打板书"}, {"uid": "5076645", "content": "带头打个问号"}, {"uid": "63058679", "content": "我都不知道这把狙在架谁"}, {"uid": "336191345", "content": "你们一直在笑 根本没听过"}, {"uid": "51743", "content": "小喇叭吹起来！"}, {"uid": "3382711", "content": "没想到也是看菊花project的"}, {"uid": "435912569", "content": "草"}, {"uid": "20204119", "content": "帅！"}, {"uid": "2746155", "content": "在现场"}, {"uid": "1853150", "content": "哈哈哈哈哈哈哈"}, {"uid": "491117", "content": "赫卞Tia，我的超人"}, {"uid": "40670015", "content": "捍妹者"}, {"uid": "224329235", "content": "不会最后还是没有switch娘吧"}, {"uid": "14322466", "content": "啊这 哈哈哈哈哈哈哈哈"}, {"uid": "108239957", "content": "不洗一下吗……"}, {"uid": "878191", "content": "奶酥~"}, {"uid": "384637", "content": "四只狗？"}, {"uid": "4313978", "content": "awsl"}, {"uid": "8232854", "content": "卡点好评"}, {"uid": "4117263", "content": "老师c。。不好意思走错了"}, {"uid": "3141216", "content": "你不也是纸片人？？"}, {"uid": "21983524", "content": "这bgm...您猜怎么着"}, {"uid": "12687933", "content": "OMO"}, {"uid": "4379107", "content": "？"}, {"uid": "5076645", "content": "草"}, {"uid": "13161234", "content": "赫卞Tia"}, {"uid": "27683485", "content": "哈哈哈哈"}, {"uid": "4062798", "content": "别骂了别骂了"}, {"uid": "25336768", "content": "呕！"}, {"uid": "1984003", "content": "草"}, {"uid": "1984003", "content": "4只？"}, {"uid": "435912569", "content": "哈哈哈哈哈草"}, {"uid": "20204119", "content": "枪王赫卡"}, {"uid": "20204119", "content": "好帅！"}, {"uid": "7935060", "content": "在现场"}, {"uid": "491117", "content": "笑死"}, {"uid": "5076645", "content": "憨妹者"}, {"uid": "423138371", "content": "草"}, {"uid": "506921046", "content": "已经开始笑了"}, {"uid": "15637333", "content": "我是来看这个的？"}, {"uid": "27683485", "content": "这bgm"}, {"uid": "229541521", "content": "你再骂"}, {"uid": "110877528", "content": "憨妹者"}, {"uid": "40670015", "content": "危"}, {"uid": "8161805", "content": "在现场"}, {"uid": "4313978", "content": "2333"}, {"uid": "11621158", "content": "你再骂？"}, {"uid": "153338083", "content": "草"}, {"uid": "499733", "content": "关了吧，没意思（）"}, {"uid": "27098627", "content": "《 阳 光 明 媚 的 晚 上 》"}, {"uid": "277744156", "content": "继续，来，继续"}, {"uid": "156790861", "content": "HSO"}, {"uid": "7821538", "content": "好憨"}, {"uid": "80636744", "content": "赫卞tia"}, {"uid": "12656398", "content": "？"}, {"uid": "745875123", "content": "前方高能"}, {"uid": "651323975", "content": "你还骂？"}, {"uid": "479564589", "content": "强"}]