[{"uid": "1420003", "content": "好家伙233333"}, {"uid": "303694579", "content": "旁边还有个企鹅，怕不是碇真嗣"}, {"uid": "474712935", "content": "哈哈哈哈哈哈哈哈"}, {"uid": "351006654", "content": "青眼白龙"}, {"uid": "351006654", "content": "青眼白龙"}, {"uid": "401099828", "content": "绷不住了"}, {"uid": "5364738", "content": "《格尔尼卡》"}, {"uid": "37865026", "content": "这背景太草了"}, {"uid": "13936795", "content": "？不愧是你（青春版"}, {"uid": "38550786", "content": "语气逐渐saki"}, {"uid": "8052485", "content": "绷不住了"}, {"uid": "496710", "content": "不愧是你"}, {"uid": "296093", "content": "www最左边好可爱"}, {"uid": "27098627", "content": "giegie～你女朋友不会生气吧～"}, {"uid": "27098627", "content": "奥 特 炸 弹 已 部 署"}, {"uid": "663172612", "content": "年少有为"}, {"uid": "25545324", "content": "红红火火恍恍惚惚"}, {"uid": "44648807", "content": "hhhhhhhhhhhhhhhh"}, {"uid": "404348", "content": "毕加索？"}, {"uid": "36230734", "content": "哈哈哈哈哈哈哈哈哈哈哈哈"}, {"uid": "14338433", "content": "哈哈哈哈哈哈哈"}, {"uid": "241569664", "content": "瓶子君152早期生活照片"}, {"uid": "435979935", "content": "喝酒了？"}, {"uid": "12687933", "content": "牛逼"}, {"uid": "426400136", "content": "哈哈哈哈"}, {"uid": "89257391", "content": "哈哈哈哈哈哈哈"}, {"uid": "637995031", "content": "约战bgm好评"}, {"uid": "8743833", "content": "哈哈哈哈哈哈"}, {"uid": "808479", "content": "回家是这样的，口音突然改变"}, {"uid": "2775138", "content": "蚌埠住了"}, {"uid": "4494836", "content": "hhhhhhhhh"}, {"uid": "404348", "content": "哈哈哈哈哈"}, {"uid": "144962558", "content": "哈哈哈哈哈"}, {"uid": "36260897", "content": "哈哈哈哈"}, {"uid": "37865026", "content": "hhhhh"}, {"uid": "237732939", "content": "哈哈哈"}, {"uid": "1960188", "content": "藏狐并感（"}, {"uid": "114369", "content": "是牛牛"}, {"uid": "18747206", "content": "哈哈哈"}, {"uid": "353812364", "content": "绝了"}, {"uid": "362740977", "content": "哥们牛逼呀"}, {"uid": "23449142", "content": "2333"}, {"uid": "18253454", "content": "蚌埠住了"}, {"uid": "176779657", "content": "青眼白龙！"}, {"uid": "2595249", "content": "可以呀"}, {"uid": "18253454", "content": "心 肺 停 止"}, {"uid": "1420003", "content": "草"}, {"uid": "34462477", "content": "好兄弟可以啊"}, {"uid": "640493749", "content": "魔狮迪露"}, {"uid": "123303569", "content": "陆家嘴"}, {"uid": "7846303", "content": "年 少 有 为"}, {"uid": "25545324", "content": "东北味出来了"}, {"uid": "1835266", "content": "第一个明明是坐在飞机看到东方明珠塔"}, {"uid": "22477220", "content": "笑了，抱歉哈哈哈哈哈"}, {"uid": "8570526", "content": "可恶，我是从左往右"}, {"uid": "14338433", "content": "好家伙，这口音一听就老东百了，亲切"}, {"uid": "202652", "content": "你咋一股大碴子味"}, {"uid": "21542346", "content": "自画像！！"}, {"uid": "19048941", "content": "马基亚巴库内"}, {"uid": "37865026", "content": "炼了炼了"}, {"uid": "39411662", "content": "土土"}, {"uid": "293940002", "content": "草"}, {"uid": "88011462", "content": "？？？"}, {"uid": "94811338", "content": "奥特之父doge"}, {"uid": "38550786", "content": "年 少 有 为"}, {"uid": "38550786", "content": "好了，可以炎上了"}, {"uid": "29657893", "content": "你确定穿了？"}, {"uid": "38550786", "content": "哈"}, {"uid": "5071902", "content": "偷看岳父洗澡？"}, {"uid": "1569516", "content": "东北味"}, {"uid": "656138", "content": "打钱"}, {"uid": "2595249", "content": "这脚脚，高达么"}, {"uid": "304293087", "content": "麻了"}, {"uid": "269885148", "content": "确实有点像毕加索（）"}, {"uid": "14245607", "content": "哦咩爹多"}, {"uid": "387698", "content": "草这短视频风格我喜欢"}, {"uid": "27098627", "content": "突然大碴子味"}, {"uid": "322342", "content": "哦咩跌多"}, {"uid": "33136342", "content": "这个是啥"}, {"uid": "27098627", "content": "小小的孩子画出了大大的疑惑"}, {"uid": "67216739", "content": "草"}, {"uid": "27098627", "content": "经 典 抽 象 派"}, {"uid": "37071446", "content": "hso"}, {"uid": "49678443", "content": "希希画的"}, {"uid": "589879888", "content": "草"}, {"uid": "37071446", "content": "爽哥"}, {"uid": "8633829", "content": "抽象大师"}]