[{"uid": "31896031", "content": "ZUN绘味可太冲了"}, {"uid": "323690982", "content": "是纯狐！（错乱）"}, {"uid": "73299233", "content": "看不起老板？我直接投两个！"}, {"uid": "28629148", "content": "直接修脚"}, {"uid": "99453925", "content": "我不我偏要投两个"}, {"uid": "57285", "content": "UID 693就离谱"}, {"uid": "57285", "content": "UID 693就离谱"}, {"uid": "57285", "content": "UID 693就离谱"}, {"uid": "695183725", "content": "草，这不是老佛爷么，一股zun的气息"}, {"uid": "27229667", "content": "光芒，这才是真正的光芒！"}, {"uid": "27229667", "content": "光芒，这才是真正的光芒！"}, {"uid": "441730561", "content": "好久不见，欢迎回来"}, {"uid": "441730561", "content": "好久不见，欢迎回来"}, {"uid": "102251332", "content": "能不能用Omnitrix采取DNA然后变身呢？（狗头）"}, {"uid": "102251332", "content": "能不能用Omnitrix采取DNA然后变身呢？（狗头）"}, {"uid": "33332629", "content": "已经进入音灵6Khard了"}, {"uid": "3605580", "content": "不，我要投两个"}, {"uid": "3605580", "content": "不，我要投两个"}, {"uid": "368048444", "content": "突然炸出一群车车人"}, {"uid": "368048444", "content": "突然炸出一群车车人"}, {"uid": "485735242", "content": "草，苹果铃声"}, {"uid": "3234483", "content": "白蒜头好厉害！！"}, {"uid": "3234483", "content": "白蒜头好厉害！！"}, {"uid": "4438960", "content": "那一天，我也变成了光"}, {"uid": "4438960", "content": "那一天，我也变成了光"}, {"uid": "8758730", "content": "zun绘很意外"}, {"uid": "8758730", "content": "zun绘很意外"}, {"uid": "489074194", "content": "为什么都流着口水（doge"}, {"uid": "489074194", "content": "为什么都流着口水（doge"}, {"uid": "4290466", "content": "葫芦兄弟"}, {"uid": "361810505", "content": "草 老佛爷"}, {"uid": "171991910", "content": "没zun号，差点味（doge）"}, {"uid": "171991910", "content": "没zun号，差点味（doge）"}, {"uid": "61639371", "content": "大制作剧情太喜欢了 够味"}, {"uid": "61639371", "content": "大制作剧情太喜欢了 够味"}, {"uid": "2303861", "content": "当场失忆"}, {"uid": "2303861", "content": "当场失忆"}, {"uid": "8481415", "content": "蒜头哭泣"}, {"uid": "8481415", "content": "蒜头哭泣"}, {"uid": "1879936", "content": "草，燃起来了"}, {"uid": "1879936", "content": "草，燃起来了"}, {"uid": "1879936", "content": "草，燃起来了"}, {"uid": "1879936", "content": "草，燃起来了"}, {"uid": "114163622", "content": "真正的RPG玩家决定上去抠脚"}, {"uid": "114163622", "content": "真正的RPG玩家决定上去抠脚"}, {"uid": "114163622", "content": "是龙王叹息 树状图设计者危（"}, {"uid": "114163622", "content": "是龙王叹息 树状图设计者危（"}, {"uid": "180698283", "content": "这才是，这才是真正的光芒！"}, {"uid": "180698283", "content": "这才是，这才是真正的光芒！"}, {"uid": "244222161", "content": "又名 至高天"}, {"uid": "244222161", "content": "又名 至高天"}, {"uid": "37865026", "content": "hso；尾气草"}, {"uid": "37865026", "content": "hso；尾气草"}, {"uid": "177718697", "content": "这符 大概和九符一样不动罢w"}, {"uid": "177718697", "content": "这符 大概和九符一样不动罢w"}, {"uid": "177718697", "content": "这尾气 这姿势 这脸 三位一体的ex面"}, {"uid": "177718697", "content": "这尾气 这姿势 这脸 三位一体的ex面"}, {"uid": "3255921", "content": "AIKO老师的女儿wwww"}, {"uid": "3255921", "content": "AIKO老师的女儿wwww"}, {"uid": "21720881", "content": "草，莫名生草"}, {"uid": "21720881", "content": "草，莫名生草"}, {"uid": "93572463", "content": "妹儿啊，是俩哦"}, {"uid": "93572463", "content": "妹儿啊，是俩哦"}, {"uid": "447274", "content": "九头龙，这回是希腊神话"}, {"uid": "447274", "content": "九头龙，这回是希腊神话"}, {"uid": "19174622", "content": "当麻失忆"}, {"uid": "14322466", "content": "白毛异色瞳 爱了爱了"}, {"uid": "14322466", "content": "白毛异色瞳 爱了爱了"}, {"uid": "105091348", "content": "白 蒜 头"}, {"uid": "105091348", "content": "白 蒜 头"}, {"uid": "82399285", "content": "被羽毛砸中会失忆的"}, {"uid": "82399285", "content": "被羽毛砸中会失忆的"}, {"uid": "79054", "content": "这个画风没有ZUN号怎么行！重做！"}, {"uid": "79054", "content": "这个画风没有ZUN号怎么行！重做！"}, {"uid": "13919714", "content": "妈妈我上镜了，我是演员"}, {"uid": "200005252", "content": "新妈妈怎么也是长脖子xswl"}, {"uid": "200005252", "content": "新妈妈怎么也是长脖子xswl"}, {"uid": "611080", "content": "草，还有尾气！！"}, {"uid": "5151610", "content": "白毛特攻 你们全完了 哈哈哈"}, {"uid": "5151610", "content": "白毛特攻 你们全完了 哈哈哈"}, {"uid": "11344500", "content": "bgm:Empyrean himmel"}, {"uid": "11344500", "content": "bgm:Empyrean himmel"}, {"uid": "6427261", "content": "蛋碎了"}, {"uid": "6427261", "content": "蛋碎了"}, {"uid": "425237", "content": "这次这个符卡我一定能收！"}, {"uid": "425237", "content": "这次这个符卡我一定能收！"}, {"uid": "11883862", "content": "車万风突脸上了"}, {"uid": "11883862", "content": "車万风突脸上了"}, {"uid": "85332492", "content": "Gander！"}, {"uid": "85332492", "content": "Gander！"}, {"uid": "99453925", "content": "好美呀！！异色瞳真是太棒了"}, {"uid": "99453925", "content": "好美呀！！异色瞳真是太棒了"}, {"uid": "229451", "content": "好快的车车"}, {"uid": "39199991", "content": "the used to be"}, {"uid": "39199991", "content": "the used to be"}, {"uid": "2021950", "content": "抽到限定啦（滑稽）"}, {"uid": "2021950", "content": "抽到限定啦（滑稽）"}, {"uid": "231348", "content": "神之心觉醒"}, {"uid": "496710", "content": "异色瞳癖大喜"}, {"uid": "496710", "content": "异色瞳癖大喜"}, {"uid": "41423", "content": "看来小夏老师要用这个皮出道？"}, {"uid": "41423", "content": "看来小夏老师要用这个皮出道？"}, {"uid": "4062798", "content": "白毛！我已经好得不能再好了"}, {"uid": "4062798", "content": "白毛！我已经好得不能再好了"}, {"uid": "31407261", "content": "这就叫专业"}, {"uid": "64669", "content": "草 纯狐和地狱女神合体"}, {"uid": "64669", "content": "草 纯狐和地狱女神合体"}, {"uid": "158487", "content": "白毛，是白毛！"}, {"uid": "158487", "content": "白毛，是白毛！"}, {"uid": "344997589", "content": "凎，想起仙一里那个水魔兽了（喷血）"}, {"uid": "344997589", "content": "凎，想起仙一里那个水魔兽了（喷血）"}, {"uid": "1755472", "content": "是冰属性的神之眼呢"}, {"uid": "1755472", "content": "是冰属性的神之眼呢"}, {"uid": "10876952", "content": "下次一，，，投了投了"}, {"uid": "10876952", "content": "下次一，，，投了投了"}, {"uid": "6553414", "content": "原来我就是光（"}, {"uid": "6553414", "content": "原来我就是光（"}, {"uid": "47123", "content": "草 有股EX面的感觉冒出来了"}, {"uid": "2987800", "content": "你也是指尖电光啊"}, {"uid": "2987800", "content": "你也是指尖电光啊"}, {"uid": "137321573", "content": "好久不见，欢迎回来。​"}, {"uid": "137321573", "content": "好久不见，欢迎回来。​"}, {"uid": "372767058", "content": "这个我认识，迪迦头上就是这个东西（狗头）"}, {"uid": "372767058", "content": "这个我认识，迪迦头上就是这个东西（狗头）"}, {"uid": "40846947", "content": "蒜头发芽了！"}, {"uid": "40846947", "content": "蒜头发芽了！"}, {"uid": "40846947", "content": "tia抱抱——铛"}, {"uid": "40846947", "content": "tia抱抱——铛"}, {"uid": "2779577", "content": "这手书太赞了!"}, {"uid": "2779577", "content": "这手书太赞了!"}, {"uid": "3297165", "content": "疯狂眨眼补帧"}, {"uid": "740620", "content": "这个盒子好眼熟这不是那谁那天弄的吗"}, {"uid": "740620", "content": "这个盒子好眼熟这不是那谁那天弄的吗"}, {"uid": "8988076", "content": "美！异色瞳太棒了！！！"}, {"uid": "8988076", "content": "美！异色瞳太棒了！！！"}, {"uid": "12554087", "content": "这个画风，一定很擅长弹幕地狱罢（悲）"}, {"uid": "12554087", "content": "这个画风，一定很擅长弹幕地狱罢（悲）"}, {"uid": "18706474", "content": "草 这四条尾气"}, {"uid": "18706474", "content": "草 这四条尾气"}, {"uid": "35535905", "content": "白蒜头草"}, {"uid": "5706801", "content": "融合召唤！"}, {"uid": "260872829", "content": "？？？zun里zun气的怎么"}, {"uid": "73299233", "content": "把tia熬成汤"}, {"uid": "504182040", "content": "那味太浓了！"}, {"uid": "504182040", "content": "草，DNA动了"}, {"uid": "61956663", "content": "zun绘草"}, {"uid": "523280378", "content": "草属性"}, {"uid": "499972159", "content": "草（一种植物）"}, {"uid": "16191994", "content": "教我做事？我不 我投两个"}, {"uid": "16191994", "content": "教我做事？我不 我投两个"}, {"uid": "24102133", "content": "草，zun绘"}, {"uid": "24102133", "content": "草，zun绘"}, {"uid": "1465841", "content": "我感觉我在看车万"}, {"uid": "1465841", "content": "我感觉我在看车万"}, {"uid": "51712373", "content": "Dna动了"}, {"uid": "51712373", "content": "Dna动了"}, {"uid": "39438523", "content": "芝麻开门"}, {"uid": "39438523", "content": "芝麻开门"}, {"uid": "33332629", "content": "已经进入音灵6Khard了"}, {"uid": "3290117", "content": "赫卡草，东方人DNA动了"}, {"uid": "3290117", "content": "赫卡草，东方人DNA动了"}, {"uid": "328470", "content": "良心手书"}, {"uid": "328470", "content": "有灵魂的圣光打码"}, {"uid": "485735242", "content": "草，苹果铃声"}, {"uid": "272744377", "content": "草车车人狂喜"}, {"uid": "272744377", "content": "草车车人狂喜"}, {"uid": "8471378", "content": "ohhhhhhhhhhhhhhhhhh"}, {"uid": "8471378", "content": "ohhhhhhhhhhhhhhhhhh"}, {"uid": "396809552", "content": "高级白蒜头"}, {"uid": "396809552", "content": "高级白蒜头"}, {"uid": "489074194", "content": "但还是钢板（"}, {"uid": "489074194", "content": "但还是钢板（"}, {"uid": "4290466", "content": "葫芦兄弟"}, {"uid": "361810505", "content": "草 老佛爷"}, {"uid": "86490", "content": "投了两个"}, {"uid": "86490", "content": "投了两个"}, {"uid": "252502052", "content": "三球女神草"}, {"uid": "252502052", "content": "三球女神草"}, {"uid": "33120869", "content": "我偏要投两个"}, {"uid": "33120869", "content": "我偏要投两个"}, {"uid": "109389235", "content": "不，我要投两个"}, {"uid": "109389235", "content": "不，我要投两个"}, {"uid": "177718697", "content": "赫卡纯狐复合形"}, {"uid": "177718697", "content": "赫卡纯狐复合形"}, {"uid": "177718697", "content": "草 尾气"}, {"uid": "177718697", "content": "草 尾气"}, {"uid": "36106730", "content": "没错  我就是演员"}, {"uid": "473913303", "content": "哦哈哈哈哈哈哈哈哈哈"}, {"uid": "4122835", "content": "ohhhhhhhhhhhhhh"}, {"uid": "447274", "content": "瞬间卧槽"}, {"uid": "447274", "content": "瞬间卧槽"}, {"uid": "52715415", "content": "没错，我就是演员"}, {"uid": "52715415", "content": "没错，我就是演员"}, {"uid": "1734919", "content": "从水晶里复活好像有点……"}, {"uid": "1734919", "content": "从水晶里复活好像有点……"}, {"uid": "286385", "content": "我还以为是纯狐"}, {"uid": "286385", "content": "我还以为是纯狐"}, {"uid": "2523474", "content": "小夏老师太强了吧"}, {"uid": "40278466", "content": "欢迎回来！"}, {"uid": "7484330", "content": "感谢小夏老师"}, {"uid": "7484330", "content": "感谢小夏老师"}, {"uid": "13919714", "content": "妈妈我上镜了，我是演员"}, {"uid": "7615461", "content": "东方味太冲了草"}, {"uid": "7615461", "content": "东方味太冲了草"}, {"uid": "611080", "content": "草，还有尾气！！"}, {"uid": "8743833", "content": "Ohhhhhhhhhhh！"}, {"uid": "8743833", "content": "Ohhhhhhhhhhh！"}, {"uid": "69836437", "content": "人可以死水晶不能碎？"}, {"uid": "69836437", "content": "人可以死水晶不能碎？"}, {"uid": "343835145", "content": "封印 解除！"}, {"uid": "11344500", "content": "我DNA懂了，这bgm"}, {"uid": "11344500", "content": "我DNA懂了，这bgm"}, {"uid": "22272120", "content": "是新干员！"}, {"uid": "22272120", "content": "是新干员！"}, {"uid": "1595754", "content": "浓度太高一时不知道说什么好"}, {"uid": "1595754", "content": "浓度太高一时不知道说什么好"}, {"uid": "491117", "content": "是草属性！"}, {"uid": "229451", "content": "好快的车车"}, {"uid": "270735", "content": "谢谢你，泰罗"}, {"uid": "39199991", "content": "that was"}, {"uid": "14216021", "content": "投了投了！"}, {"uid": "27214193", "content": "非常的zun"}, {"uid": "27214193", "content": "非常的zun"}, {"uid": "231348", "content": "神之心觉醒"}, {"uid": "20866893", "content": "好耶，真是太棒了"}, {"uid": "20866893", "content": "好耶，真是太棒了"}, {"uid": "8215660", "content": "魔法少女tia"}, {"uid": "22710346", "content": "好久不见，欢迎回家"}, {"uid": "22710346", "content": "好久不见，欢迎回家"}, {"uid": "4062798", "content": "ohhhhhhhhhhhh"}, {"uid": "4062798", "content": "ohhhhhhhhhhhh"}, {"uid": "31407261", "content": "这就叫专业"}, {"uid": "8227075", "content": "被茄子砸了"}, {"uid": "8227075", "content": "被茄子砸了"}, {"uid": "3020681", "content": "草dna动了"}, {"uid": "3020681", "content": "草dna动了"}, {"uid": "26996107", "content": "ohhhhhhhhhhhhhhhhh"}, {"uid": "26996107", "content": "ohhhhhhhhhhhhhhhhh"}, {"uid": "386723", "content": "好开，我闪现跟了"}, {"uid": "386723", "content": "好开，我闪现跟了"}, {"uid": "319124163", "content": "异色瞳我直接好了"}, {"uid": "319124163", "content": "异色瞳我直接好了"}, {"uid": "35515149", "content": "可可爱爱"}, {"uid": "47123", "content": "所以 该亮1非了（"}, {"uid": "47123", "content": "所以 该亮1非了（"}, {"uid": "1283421", "content": "弹幕兽好可爱）"}, {"uid": "47123", "content": "草 有股EX面的感觉冒出来了"}, {"uid": "763908", "content": "ohhhhhhhhhhhhhh"}, {"uid": "763908", "content": "ohhhhhhhhhhhhhh"}, {"uid": "5846555", "content": "圣光背叛了我"}, {"uid": "5846555", "content": "圣光背叛了我"}, {"uid": "5853953", "content": "辛苦了蒜师傅"}, {"uid": "5853953", "content": "辛苦了蒜师傅"}, {"uid": "4458746", "content": "草 这到底是什么世界观"}, {"uid": "4458746", "content": "草 这到底是什么世界观"}, {"uid": "32886755", "content": "魔法少女"}, {"uid": "32886755", "content": "魔法少女"}, {"uid": "2961711", "content": "草，车万厨dna动了"}, {"uid": "2961711", "content": "草，车万厨dna动了"}, {"uid": "11076060", "content": "这bgm，要遭起来了"}, {"uid": "40386896", "content": "ohhhhhhhhhhhhhhhhhhhhhhhh"}, {"uid": "40386896", "content": "ohhhhhhhhhhhhhhhhhhhhhhhh"}, {"uid": "2711922", "content": "zun绘"}, {"uid": "49874773", "content": "嫁给海猫吗？"}, {"uid": "699085643", "content": "哈哈 找到你了"}, {"uid": "226168851", "content": "tia回来了！"}, {"uid": "37315433", "content": "ohhhhhhhhhhhhhhhhhhhhhhh"}, {"uid": "28629148", "content": "其中必定有我"}, {"uid": "11073266", "content": "嘿 老婆"}, {"uid": "413364872", "content": "*神的上升*"}, {"uid": "4494836", "content": "ohhhhhhhhhhhhhh"}, {"uid": "51172301", "content": "好可爱"}, {"uid": "244947280", "content": "赫卡tia 苏卡bulia"}, {"uid": "73488023", "content": "zun绘，草"}, {"uid": "5954445", "content": "ohhhhhhhhhhhhhhhhhhhh"}, {"uid": "5954445", "content": "ohhhhhhhhhhhhhhhhhhhh"}, {"uid": "328470", "content": "良心手书"}, {"uid": "328470", "content": "有灵魂的圣光打码"}, {"uid": "429898021", "content": "不，我投两个"}, {"uid": "429898021", "content": "不，我投两个"}, {"uid": "32919536", "content": "真名解放"}, {"uid": "37177066", "content": "求这里的BGM！"}, {"uid": "37177066", "content": "求这里的BGM！"}, {"uid": "34627101", "content": "尾气？"}, {"uid": "10162553222", "content": "草 是越共！"}, {"uid": "10162553222", "content": "草 是越共！"}, {"uid": "4733471", "content": "trance好耶"}, {"uid": "4733471", "content": "trance好耶"}, {"uid": "188522675", "content": "tia辛苦了"}, {"uid": "11527146", "content": "ohhhhhhhhhhhhhhhh"}, {"uid": "11527146", "content": "ohhhhhhhhhhhhhhhh"}, {"uid": "14878226", "content": "太棒了！！！！！！！！！！"}, {"uid": "3143416", "content": "燃起来了"}, {"uid": "1420003", "content": "哈哈哈哈哈哈哈"}, {"uid": "1420003", "content": "哈哈哈哈哈哈哈"}, {"uid": "7770107", "content": "aiko老师"}, {"uid": "7770107", "content": "aiko老师"}, {"uid": "380517", "content": "大蒜"}, {"uid": "380517", "content": "大蒜"}, {"uid": "177718697", "content": "三球小姐"}, {"uid": "177718697", "content": "三球小姐"}, {"uid": "280937216", "content": "变成光了"}, {"uid": "280937216", "content": "变成光了"}, {"uid": "9558470", "content": "ohhhhhhhhhhhhhhhhhhhh"}, {"uid": "9558470", "content": "ohhhhhhhhhhhhhhhhhhhh"}, {"uid": "23451432", "content": "耶！见证历史啦！"}, {"uid": "23451432", "content": "耶！见证历史啦！"}, {"uid": "36106730", "content": "没错  我就是演员"}, {"uid": "473913303", "content": "哦哈哈哈哈哈哈哈哈哈"}, {"uid": "1927", "content": "白蒜头"}, {"uid": "1927", "content": "白蒜头"}, {"uid": "93572463", "content": "白毛，我爱了"}, {"uid": "93572463", "content": "白毛，我爱了"}, {"uid": "93572463", "content": "ohhhhhhhhhhhhhhhhh"}, {"uid": "93572463", "content": "ohhhhhhhhhhhhhhhhh"}, {"uid": "93572463", "content": "hso+屁动力的放学别走"}, {"uid": "4122835", "content": "ohhhhhhhhhhhhhh"}, {"uid": "29582434", "content": "有内味儿了"}, {"uid": "243926", "content": "君 帧数 is no good"}, {"uid": "12687933", "content": "哈哈哈哈"}, {"uid": "12687933", "content": "哈哈哈哈"}, {"uid": "640563", "content": "我投两个"}, {"uid": "640563", "content": "我投两个"}, {"uid": "267172939", "content": "一个哪够！！"}, {"uid": "267172939", "content": "一个哪够！！"}, {"uid": "19174622", "content": "当麻失忆"}, {"uid": "12343804", "content": "新干员"}, {"uid": "8497625", "content": "不。我投两个"}, {"uid": "2523474", "content": "小夏老师太强了吧"}, {"uid": "40278466", "content": "欢迎回来！"}, {"uid": "3766055", "content": "夺舍系"}, {"uid": "35361773", "content": "ohhhhhhhhhhhhhh"}, {"uid": "35361773", "content": "ohhhhhhhhhhhhhh"}, {"uid": "424104382", "content": "是白毛！！！！！！！"}, {"uid": "424104382", "content": "是白毛！！！！！！！"}, {"uid": "2234528", "content": "龙王的叹息"}, {"uid": "343835145", "content": "封印 解除！"}, {"uid": "5377902", "content": "变成光了"}, {"uid": "5377902", "content": "变成光了"}, {"uid": "79441818", "content": "车万好耶"}, {"uid": "79441818", "content": "车万好耶"}, {"uid": "20272004", "content": "嫦娥啊，你看到了吗！"}, {"uid": "20272004", "content": "嫦娥啊，你看到了吗！"}, {"uid": "37083032", "content": "ohhhhhhhhhhhhhhhhhh"}, {"uid": "37083032", "content": "ohhhhhhhhhhhhhhhhhh"}, {"uid": "491117", "content": "是草属性！"}, {"uid": "270735", "content": "谢谢你，泰罗"}, {"uid": "74543", "content": "这不比博人传燃"}, {"uid": "74543", "content": "这不比博人传燃"}, {"uid": "39199991", "content": "that was"}, {"uid": "14216021", "content": "投了投了！"}, {"uid": "14216021", "content": "欢迎归来！"}, {"uid": "14216021", "content": "欢迎归来！"}, {"uid": "214032325", "content": "有一说一，做的真棒。"}, {"uid": "214032325", "content": "有一说一，做的真棒。"}, {"uid": "8154476", "content": "这羽毛像个茄子"}, {"uid": "8154476", "content": "这羽毛像个茄子"}, {"uid": "2393047", "content": "zun绘草生"}, {"uid": "2393047", "content": "zun绘草生"}, {"uid": "8215660", "content": "魔法少女tia"}, {"uid": "72983072", "content": "这不比博人传燃？"}, {"uid": "10579112", "content": "ohhhhhhhhhhhhhhhhh"}, {"uid": "10579112", "content": "ohhhhhhhhhhhhhhhhh"}, {"uid": "1132222", "content": "蛋生！是蛋生！"}, {"uid": "1132222", "content": "蛋生！是蛋生！"}, {"uid": "10579112", "content": "来了来了！"}, {"uid": "10579112", "content": "来了来了！"}, {"uid": "336790371", "content": "燃起来了"}, {"uid": "336790371", "content": "燃起来了"}, {"uid": "4062798", "content": "草，zun绘"}, {"uid": "4062798", "content": "草，zun绘"}, {"uid": "528715", "content": "zun绘"}, {"uid": "528715", "content": "zun绘"}, {"uid": "17784911", "content": "翻译呢"}, {"uid": "35515149", "content": "可可爱爱"}, {"uid": "5265085", "content": "盖亚！！！！！"}, {"uid": "10876952", "content": "太草了"}, {"uid": "10876952", "content": "太草了"}, {"uid": "1283421", "content": "弹幕兽好可爱）"}, {"uid": "520893", "content": "燃气来了"}, {"uid": "82833203", "content": "Zun绘草"}, {"uid": "82833203", "content": "Zun绘草"}, {"uid": "3297165", "content": "疯狂眨眼补帧"}, {"uid": "2720956", "content": "是霜爷！斯哈斯哈"}, {"uid": "3349347", "content": "ohhhhhhhhhhhh"}, {"uid": "3349347", "content": "ohhhhhhhhhhhh"}, {"uid": "11076060", "content": "这bgm，要遭起来了"}, {"uid": "230064", "content": "我刷一下就是2个币，很快啊！"}, {"uid": "230064", "content": "我刷一下就是2个币，很快啊！"}, {"uid": "42862160", "content": "zun绘草"}, {"uid": "5166774", "content": "好的 下次一定"}, {"uid": "10829284", "content": "zun绘好评"}, {"uid": "30845064", "content": "zun绘233"}, {"uid": "28629148", "content": "ohhhhhhh"}, {"uid": "28629148", "content": "这是我"}, {"uid": "30208903", "content": "加油tia"}, {"uid": "523280378", "content": "草"}, {"uid": "35564055", "content": "Ohhhhh"}, {"uid": "35564055", "content": "Ohhhhh"}, {"uid": "38721707", "content": "ohhhhhh"}, {"uid": "3727634", "content": "很有zun的感觉"}, {"uid": "3727634", "content": "很有zun的感觉"}, {"uid": "38313130", "content": "ohhhhhhhhhh"}, {"uid": "32919536", "content": "真名解放"}, {"uid": "2312421", "content": "这剧情我熟"}, {"uid": "2312421", "content": "这剧情我熟"}, {"uid": "34627101", "content": "尾气？"}, {"uid": "13685278", "content": "这不比博人传燃"}, {"uid": "1681906251", "content": "销魂一点"}, {"uid": "7877500", "content": "trance风格大爱"}, {"uid": "7877500", "content": "trance风格大爱"}, {"uid": "227530491", "content": "草哈哈哈哈哈"}, {"uid": "227530491", "content": "草哈哈哈哈哈"}, {"uid": "188522675", "content": "tia辛苦了"}, {"uid": "6865630", "content": "恭喜出道！！！！"}, {"uid": "6865630", "content": "恭喜出道！！！！"}, {"uid": "14878226", "content": "太棒了！！！！！！！！！！"}, {"uid": "3143416", "content": "燃起来了"}, {"uid": "128481", "content": "分镜很赞"}, {"uid": "128481", "content": "分镜很赞"}, {"uid": "91254105", "content": "ohhhhhhhhhhh"}, {"uid": "1420003", "content": "ohhhhhhhhhhh"}, {"uid": "1420003", "content": "ohhhhhhhhhhh"}, {"uid": "4494836", "content": "来了来了"}, {"uid": "480789646", "content": "ohhhhhhhhhhhhhhhhhh"}, {"uid": "480789646", "content": "ohhhhhhhhhhhhhhhhhh"}, {"uid": "564182", "content": "弹幕兽大草"}, {"uid": "564182", "content": "弹幕兽大草"}, {"uid": "14466656", "content": "金草水火土"}, {"uid": "14466656", "content": "金草水火土"}, {"uid": "8719345", "content": "草啊"}, {"uid": "5020534", "content": "zun草"}, {"uid": "56595", "content": "白茄子？"}, {"uid": "41734356", "content": "zun绘"}, {"uid": "41734356", "content": "zun绘"}, {"uid": "473913303", "content": "Tia啊啊啊啊啊"}, {"uid": "473913303", "content": "Tia啊啊啊啊啊"}, {"uid": "93572463", "content": "hso+屁动力的放学别走"}, {"uid": "93572463", "content": "首页通知书"}, {"uid": "93572463", "content": "首页通知书"}, {"uid": "73661146", "content": "zun绘草"}, {"uid": "29582434", "content": "有内味儿了"}, {"uid": "12343804", "content": "新干员"}, {"uid": "8497625", "content": "不。我投两个"}, {"uid": "105091348", "content": "ohhhhhhhhhhhhhhhhh"}, {"uid": "105091348", "content": "ohhhhhhhhhhhhhhhhh"}, {"uid": "20145", "content": "怎么在天上乱拉"}, {"uid": "20145", "content": "怎么在天上乱拉"}, {"uid": "3775101", "content": "o h h h h h h h h h h h"}, {"uid": "3775101", "content": "o h h h h h h h h h h h"}, {"uid": "27262258", "content": "ohhhhhhhhh"}, {"uid": "27262258", "content": "ohhhhhhhhh"}, {"uid": "3766055", "content": "夺舍系"}, {"uid": "24501353", "content": "Ohhhhhhhhh"}, {"uid": "24501353", "content": "Ohhhhhhhhh"}, {"uid": "259791", "content": "屁动力笑死"}, {"uid": "259791", "content": "屁动力笑死"}, {"uid": "2234528", "content": "龙王的叹息"}, {"uid": "11350175", "content": "ohhhhhhhhhhhhh"}, {"uid": "11350175", "content": "ohhhhhhhhhhhhh"}, {"uid": "68060881", "content": "ohhhhhh"}, {"uid": "99453925", "content": "这次一定"}, {"uid": "99453925", "content": "这次一定"}, {"uid": "3872811", "content": "\\蒜头/"}, {"uid": "126052293", "content": "惊了"}, {"uid": "126052293", "content": "惊了"}, {"uid": "74543", "content": "zun草"}, {"uid": "74543", "content": "zun草"}, {"uid": "739848", "content": "强呀"}, {"uid": "739848", "content": "强呀"}, {"uid": "463174", "content": "aohhhhhhhhhh"}, {"uid": "463174", "content": "aohhhhhhhhhh"}, {"uid": "214032325", "content": "好强啊"}, {"uid": "13239698", "content": "zun绘"}, {"uid": "4795758", "content": "是我！"}, {"uid": "4795758", "content": "是我！"}, {"uid": "8154476", "content": "不明觉厉"}, {"uid": "8154476", "content": "不明觉厉"}, {"uid": "20866893", "content": "ohhhhhhhh"}, {"uid": "20866893", "content": "ohhhhhhhh"}, {"uid": "1562936", "content": "哭了"}, {"uid": "1562936", "content": "好耶！单推！"}, {"uid": "1562936", "content": "好耶！单推！"}, {"uid": "10338320", "content": "绿 光"}, {"uid": "10338320", "content": "绿 光"}, {"uid": "10338320", "content": "茄子？"}, {"uid": "82632283", "content": "ohhhhhhhhhhhh"}, {"uid": "82632283", "content": "ohhhhhhhhhhhh"}, {"uid": "8601187", "content": "ctmd燃起来了"}, {"uid": "1726216", "content": "zun绘草"}, {"uid": "1726216", "content": "zun绘草"}, {"uid": "17784911", "content": "翻译呢"}, {"uid": "3928994", "content": "ohhhhhhhh"}, {"uid": "13161234", "content": "这...灵丸？"}, {"uid": "13161234", "content": "这...灵丸？"}, {"uid": "5265085", "content": "盖亚！！！！！"}, {"uid": "204217", "content": "ohhhhhhhhhhhhhhhh"}, {"uid": "204217", "content": "ohhhhhhhhhhhhhhhh"}, {"uid": "520893", "content": "燃气来了"}, {"uid": "174225", "content": "破水晶"}, {"uid": "174225", "content": "破水晶"}, {"uid": "2720956", "content": "是霜爷！斯哈斯哈"}, {"uid": "76099408", "content": "草"}, {"uid": "364653020", "content": "ZUN稳？？？？"}, {"uid": "1507027", "content": "tia....我的tia"}, {"uid": "1507027", "content": "tia....我的tia"}, {"uid": "5853953", "content": "好久不见。"}, {"uid": "5853953", "content": "好久不见。"}, {"uid": "33147", "content": "原来不是直播"}, {"uid": "33147", "content": "原来不是直播"}, {"uid": "28597772", "content": "手里的是帕里（"}, {"uid": "640807604", "content": "ohhhhhhhh"}, {"uid": "640807604", "content": "ohhhhhhhh"}, {"uid": "1507027", "content": "来了！！"}, {"uid": "1507027", "content": "来了！！"}, {"uid": "35535905", "content": "庆贺吧！"}, {"uid": "11424121", "content": "纯狐"}, {"uid": "36708488", "content": "zun绘大草"}, {"uid": "22002903", "content": "赫卡提亚草"}, {"uid": "10829284", "content": "纯狐"}, {"uid": "73299233", "content": "太zun了这"}, {"uid": "5594510", "content": "zun画"}, {"uid": "1576187", "content": "zun绘还行"}, {"uid": "37006746", "content": "燃起来了"}, {"uid": "66894384", "content": "zun绘"}, {"uid": "66894384", "content": "zun绘"}, {"uid": "273247536", "content": "ohhhhhhhhhhh"}, {"uid": "273247536", "content": "ohhhhhhhhhhh"}, {"uid": "38721707", "content": "ohhhhhh"}, {"uid": "441730561", "content": "投2个"}, {"uid": "441730561", "content": "草"}, {"uid": "3290117", "content": "ohhhhhhhh"}, {"uid": "3290117", "content": "ohhhhhhhh"}, {"uid": "536114", "content": "神探车万"}, {"uid": "536114", "content": "神探车万"}, {"uid": "38313130", "content": "ohhhhhhhhhh"}, {"uid": "3234483", "content": "ohhhhhhhhhhh"}, {"uid": "3234483", "content": "ohhhhhhhhhhh"}, {"uid": "46034389", "content": "zun绘大赞！！！"}, {"uid": "46034389", "content": "zun绘大赞！！！"}, {"uid": "12700753", "content": "草"}, {"uid": "12700753", "content": "草"}, {"uid": "13685278", "content": "这不比博人传燃"}, {"uid": "6991977", "content": "可视的掉帧"}, {"uid": "429632118", "content": "不明觉厉"}, {"uid": "429632118", "content": "不明觉厉"}, {"uid": "1681906251", "content": "销魂一点"}, {"uid": "295041547", "content": "AIR？"}, {"uid": "295041547", "content": "AIR？"}, {"uid": "468473", "content": "ZUN绘草"}, {"uid": "468473", "content": "ZUN绘草"}, {"uid": "2746155", "content": "ohhhhh"}, {"uid": "2746155", "content": "ohhhhh"}, {"uid": "91254105", "content": "ohhhhhhhhhhh"}, {"uid": "85312408", "content": "草"}, {"uid": "1420003", "content": "草"}, {"uid": "1420003", "content": "草"}, {"uid": "85312408", "content": "ohhhhhhhhhhhhhhhhhhhhhhhhhh"}, {"uid": "15227798", "content": "燃起来惹"}, {"uid": "15227798", "content": "燃起来惹"}, {"uid": "91274780", "content": "ohhhhhhhhhh"}, {"uid": "91274780", "content": "ohhhhhhhhhh"}, {"uid": "4494836", "content": "来了来了"}, {"uid": "8719345", "content": "草啊"}, {"uid": "8221334", "content": "来了来了"}, {"uid": "8221334", "content": "来了来了"}, {"uid": "3012075", "content": "草"}, {"uid": "5020534", "content": "zun草"}, {"uid": "36106730", "content": "草"}, {"uid": "12667449", "content": "蒜头"}, {"uid": "2724562", "content": "三连三连三连"}, {"uid": "2724562", "content": "三连三连三连"}, {"uid": "73661146", "content": "zun绘草"}, {"uid": "31876947", "content": "我投两个"}, {"uid": "31876947", "content": "我投两个"}, {"uid": "19174622", "content": "她是谁呀（"}, {"uid": "19174622", "content": "车万风草"}, {"uid": "19174622", "content": "车万风草"}, {"uid": "14322466", "content": "燃起来啦"}, {"uid": "14322466", "content": "燃起来啦"}, {"uid": "129482983", "content": "草？"}, {"uid": "8160297", "content": "燃起来了"}, {"uid": "8160297", "content": "燃起来了"}, {"uid": "568085", "content": "燃起来了"}, {"uid": "11587883", "content": "两个！！！"}, {"uid": "11587883", "content": "两个！！！"}, {"uid": "26292425", "content": "赫妈。。。。"}, {"uid": "616128", "content": "来段zun号"}, {"uid": "616128", "content": "来段zun号"}, {"uid": "96788969", "content": "热门？！"}, {"uid": "31908684", "content": "zun味拉满"}, {"uid": "616477", "content": "越 共"}, {"uid": "616477", "content": "越 共"}, {"uid": "3439393", "content": "不能搓了"}, {"uid": "1315153", "content": "dna动了"}, {"uid": "68060881", "content": "ohhhhhh"}, {"uid": "1901178", "content": "草"}, {"uid": "1901178", "content": "草"}, {"uid": "40025213", "content": "ohhhhhhhh"}, {"uid": "40025213", "content": "ohhhhhhhh"}, {"uid": "22190454", "content": "三连了"}, {"uid": "11452270", "content": "？？？？？？？？"}, {"uid": "11452270", "content": "？？？？？？？？"}, {"uid": "473327299", "content": "燃起来了"}, {"uid": "473327299", "content": "燃起来了"}, {"uid": "3872811", "content": "\\蒜头/"}, {"uid": "10996489", "content": "ohhhhhhhhhhh"}, {"uid": "10996489", "content": "ohhhhhhhhhhh"}, {"uid": "524879", "content": "草"}, {"uid": "214032325", "content": "ohhhhhhhhhhh "}, {"uid": "214032325", "content": "好强啊"}, {"uid": "13239698", "content": "zun绘"}, {"uid": "1562936", "content": "草"}, {"uid": "1562936", "content": "是我！"}, {"uid": "1562936", "content": "是我！"}, {"uid": "1562936", "content": "哭了"}, {"uid": "11822560", "content": "ohhhhhhhh"}, {"uid": "32759578", "content": "燃起来了"}, {"uid": "32759578", "content": "燃起来了"}, {"uid": "10338320", "content": "茄子？"}, {"uid": "864315", "content": "这画风一定很会躲弹幕吧"}, {"uid": "19593856", "content": "草"}, {"uid": "496710", "content": "草"}, {"uid": "496710", "content": "草"}, {"uid": "8601187", "content": "ctmd燃起来了"}, {"uid": "97250", "content": "太东方了"}, {"uid": "97250", "content": "太东方了"}, {"uid": "3928994", "content": "ohhhhhhhh"}, {"uid": "589879888", "content": "ohhhhhhhhhhhhhhhhh"}, {"uid": "589879888", "content": "ohhhhhhhhhhhhhhhhh"}, {"uid": "763908", "content": "ohhhhhhhhhhhhhhhhhh"}, {"uid": "763908", "content": "ohhhhhhhhhhhhhhhhhh"}, {"uid": "133846369", "content": "泪目"}, {"uid": "76099408", "content": "圣光"}, {"uid": "76099408", "content": "圣光"}, {"uid": "28597772", "content": "手里的是帕里（"}, {"uid": "31987000", "content": "草"}, {"uid": "37315433", "content": "这不比博人传燃？"}, {"uid": "96237774", "content": "我是狗？"}, {"uid": "22828454", "content": "2un绘草"}, {"uid": "88011462", "content": "泪目"}, {"uid": "8548576", "content": "好家伙"}, {"uid": "8548576", "content": "好家伙"}, {"uid": "3520686", "content": "草"}, {"uid": "3520686", "content": "草"}, {"uid": "441730561", "content": "草"}, {"uid": "441730561", "content": "欢迎回来"}, {"uid": "441730561", "content": "欢迎回来"}, {"uid": "341131970", "content": "纯卡？？？"}, {"uid": "341131970", "content": "纯卡？？？"}, {"uid": "13074477", "content": "草"}, {"uid": "13074477", "content": "草"}, {"uid": "1937267", "content": "zun绘？"}, {"uid": "1937267", "content": "zun绘？"}, {"uid": "11798069", "content": "好耶~！！！！！！！！！"}, {"uid": "11798069", "content": "好耶~！！！！！！！！！"}, {"uid": "263727766", "content": "ohhhhhhhhhhh"}, {"uid": "263727766", "content": "ohhhhhhhhhhh"}, {"uid": "55410280", "content": "欢迎回来"}, {"uid": "55410280", "content": "欢迎回来"}, {"uid": "28142073", "content": "kksk"}, {"uid": "28142073", "content": "kksk"}, {"uid": "489074194", "content": "一个不够呀"}, {"uid": "12700753", "content": "草"}, {"uid": "12700753", "content": "草"}, {"uid": "3315253", "content": "吓！"}, {"uid": "3315253", "content": "吓！"}, {"uid": "52368", "content": "你才是笨蛋"}, {"uid": "52368", "content": "你才是笨蛋"}, {"uid": "85312408", "content": "草"}, {"uid": "85312408", "content": "草"}, {"uid": "85312408", "content": "草"}, {"uid": "104535858", "content": "刀是刀"}, {"uid": "104535858", "content": "刀是刀"}, {"uid": "243971358", "content": "庆贺吧！"}, {"uid": "243971358", "content": "庆贺吧！"}, {"uid": "4494836", "content": "kksk"}, {"uid": "177718697", "content": "这谁()"}, {"uid": "15293121", "content": "草"}, {"uid": "36106730", "content": "草"}, {"uid": "12667449", "content": "蒜头"}, {"uid": "19174622", "content": "她是谁呀（"}, {"uid": "129482983", "content": "草？"}, {"uid": "12640460", "content": "燃起来了"}, {"uid": "12640460", "content": "燃起来了"}, {"uid": "568085", "content": "燃起来了"}, {"uid": "1565541", "content": "草"}, {"uid": "1565541", "content": "草"}, {"uid": "683473", "content": "petia"}, {"uid": "683473", "content": "petia"}, {"uid": "35858952", "content": "草"}, {"uid": "35858952", "content": "草"}, {"uid": "26292425", "content": "赫妈。。。。"}, {"uid": "73051", "content": "草"}, {"uid": "14424272", "content": "太棒了！！"}, {"uid": "31238419", "content": "泪目"}, {"uid": "31238419", "content": "泪目"}, {"uid": "96788969", "content": "热门？！"}, {"uid": "96788969", "content": "热门？！"}, {"uid": "96788969", "content": "热门？！"}, {"uid": "187570", "content": "草"}, {"uid": "187570", "content": "草"}, {"uid": "38819191", "content": "ohhhhhhhh"}, {"uid": "31908684", "content": "zun味拉满"}, {"uid": "24757191", "content": "petia"}, {"uid": "24757191", "content": "petia"}, {"uid": "8416948", "content": "草"}, {"uid": "8416948", "content": "草"}, {"uid": "5590890", "content": "太棒了！"}, {"uid": "3439393", "content": "不能搓了"}, {"uid": "1315153", "content": "dna动了"}, {"uid": "37083032", "content": "草"}, {"uid": "15307106", "content": "草"}, {"uid": "15307106", "content": "草"}, {"uid": "638246", "content": "kksk"}, {"uid": "638246", "content": "kksk"}, {"uid": "524879", "content": "草"}, {"uid": "214032325", "content": "ohhhhhhhhhhh "}, {"uid": "4795758", "content": "辛苦了！"}, {"uid": "4795758", "content": "辛苦了！"}, {"uid": "4795758", "content": "ohhhhhhh"}, {"uid": "4795758", "content": "ohhhhhhh"}, {"uid": "8193539", "content": "草"}, {"uid": "8193539", "content": "这不比博人传燃"}, {"uid": "8193539", "content": "这不比博人传燃"}, {"uid": "8052485", "content": "这次一定"}, {"uid": "8215660", "content": "草"}, {"uid": "20660002", "content": "ohhhhhh"}, {"uid": "20660002", "content": "ohhhhhh"}, {"uid": "5871663", "content": "草"}, {"uid": "864315", "content": "这画风一定很会躲弹幕吧"}, {"uid": "4458746", "content": "泪目"}, {"uid": "17784911", "content": "ohhhhhhhh"}, {"uid": "17784911", "content": "ohhhhhhhh"}, {"uid": "434431", "content": "非常的zun"}, {"uid": "434431", "content": "非常的zun"}, {"uid": "4761312", "content": "三连了！"}, {"uid": "19978054", "content": "ohhhhhhhhhhh"}, {"uid": "245779911", "content": "hso"}, {"uid": "245779911", "content": "hso"}, {"uid": "35515149", "content": "草"}, {"uid": "35515149", "content": "草"}, {"uid": "1829115374", "content": "ohhhhhhhhhhh"}, {"uid": "37268234", "content": "草"}, {"uid": "37268234", "content": "草"}, {"uid": "39969059", "content": "ohhhhhhhhhh"}, {"uid": "39969059", "content": "ohhhhhhhhhh"}, {"uid": "13356291", "content": "好燃！"}, {"uid": "13356291", "content": "好燃！"}, {"uid": "133846369", "content": "泪目"}, {"uid": "25070086", "content": "草"}, {"uid": "27700295", "content": "草"}, {"uid": "76099408", "content": "草"}, {"uid": "40100531", "content": "是帕里xswl"}, {"uid": "40100531", "content": "是帕里xswl"}, {"uid": "6970335", "content": "HSO"}, {"uid": "6970335", "content": "HSO"}, {"uid": "4458746", "content": "kksk"}, {"uid": "4458746", "content": "kksk"}, {"uid": "162594593", "content": "ohhhhhhhhhh"}, {"uid": "162594593", "content": "ohhhhhhhhhh"}, {"uid": "12874889", "content": "zun草"}, {"uid": "12874889", "content": "zun草"}, {"uid": "1680102", "content": "来了！"}, {"uid": "1680102", "content": "来了！"}, {"uid": "222030498", "content": "zun绘"}, {"uid": "437752515", "content": "是我"}, {"uid": "423503123", "content": "草"}, {"uid": "1400358", "content": "带制作"}, {"uid": "61134", "content": "？？？"}, {"uid": "485325569", "content": "来了"}, {"uid": "33884646", "content": "草"}, {"uid": "180191269", "content": "zun绘草"}, {"uid": "7252868", "content": "草"}, {"uid": "153338083", "content": "泪目"}, {"uid": "23274551", "content": "啊这"}, {"uid": "51172301", "content": "fucsuki"}, {"uid": "509707503", "content": "辛苦了"}, {"uid": "18897712", "content": "hso"}, {"uid": "441730561", "content": "投2个"}, {"uid": "37391323", "content": "车万？"}, {"uid": "37391323", "content": "车万？"}, {"uid": "38273657", "content": "草"}, {"uid": "38273657", "content": "草"}, {"uid": "453986666", "content": "草"}, {"uid": "453986666", "content": "草"}, {"uid": "253456160", "content": "ohhhhhhhhh"}, {"uid": "6991977", "content": "可视的掉帧"}, {"uid": "429632118", "content": "hso"}, {"uid": "429632118", "content": "hso"}, {"uid": "429632118", "content": "来了来了"}, {"uid": "429632118", "content": "来了来了"}, {"uid": "95534708", "content": "车万大胜利kana？"}, {"uid": "14878226", "content": "草"}, {"uid": "14878226", "content": "草"}, {"uid": "85312408", "content": "ohhhhhhhhhhhhhhhhhhhhhhhhhh"}, {"uid": "355604281", "content": "我们陪你"}, {"uid": "11534910", "content": "两个！"}, {"uid": "11534910", "content": "两个！"}, {"uid": "243971358", "content": "ohhhhhhhhh"}, {"uid": "243971358", "content": "ohhhhhhhhh"}, {"uid": "4494836", "content": "kksk"}, {"uid": "4494836", "content": "ohhhhhhhh"}, {"uid": "4494836", "content": "ohhhhhhhh"}, {"uid": "33120869", "content": "草"}, {"uid": "33120869", "content": "草"}, {"uid": "4494836", "content": "草"}, {"uid": "4494836", "content": "草"}, {"uid": "4494836", "content": "泪目"}, {"uid": "351519056", "content": "草"}, {"uid": "351519056", "content": "草"}, {"uid": "177718697", "content": "这谁()"}, {"uid": "38274277", "content": "ohhhhhhh"}, {"uid": "29285230", "content": "？？？"}, {"uid": "29285230", "content": "？？？"}, {"uid": "3012075", "content": "草"}, {"uid": "9427881", "content": "nenenene"}, {"uid": "9427881", "content": "nenenene"}, {"uid": "41734356", "content": "草"}, {"uid": "17498227", "content": "草"}, {"uid": "351038651", "content": "ohhhhhh"}, {"uid": "4122835", "content": "来了来了"}, {"uid": "129482983", "content": "？？？"}, {"uid": "129482983", "content": "？？？"}, {"uid": "4284598", "content": "弹幕兽"}, {"uid": "12343804", "content": "躲弹幕草"}, {"uid": "12343804", "content": "躲弹幕草"}, {"uid": "12343804", "content": "茄子"}, {"uid": "8160297", "content": "草"}, {"uid": "8160297", "content": "草"}, {"uid": "13356152", "content": "ohhhhhh"}, {"uid": "13356152", "content": "ohhhhhh"}, {"uid": "694203", "content": "草"}, {"uid": "73051", "content": "草"}, {"uid": "38819191", "content": "ohhhhhhhh"}, {"uid": "5590890", "content": "太棒了！"}, {"uid": "491117", "content": "好耶！"}, {"uid": "491117", "content": "好耶！"}, {"uid": "22674080", "content": "这不比博燃？"}, {"uid": "383663", "content": "太棒了"}, {"uid": "383663", "content": "太棒了"}, {"uid": "188578921", "content": "好憨"}, {"uid": "188578921", "content": "好憨"}, {"uid": "432882", "content": "ohhhhhhhh"}, {"uid": "432882", "content": "ohhhhhhhh"}, {"uid": "12307353", "content": "草"}, {"uid": "214032325", "content": "太强了"}, {"uid": "214032325", "content": "太强了"}, {"uid": "32755742", "content": "介"}, {"uid": "8193539", "content": "草"}, {"uid": "4795758", "content": "ohhhhhh"}, {"uid": "4795758", "content": "ohhhhhh"}, {"uid": "38059997", "content": "草"}, {"uid": "20981482", "content": "草"}, {"uid": "20981482", "content": "草"}, {"uid": "8052485", "content": "这次一定"}, {"uid": "8215660", "content": "草"}, {"uid": "11822560", "content": "ohhhhhhhh"}, {"uid": "23297023", "content": "hso"}, {"uid": "23297023", "content": "hso"}, {"uid": "5871663", "content": "草"}, {"uid": "4458746", "content": "泪目"}, {"uid": "3359235", "content": "越共探头"}, {"uid": "4761312", "content": "三连了！"}, {"uid": "15571649", "content": "ohhhhhhhhh"}, {"uid": "15571649", "content": "ohhhhhhhhh"}, {"uid": "19978054", "content": "ohhhhhhhhhhh"}, {"uid": "1829115374", "content": "ohhhhhhhhhhh"}, {"uid": "35515149", "content": "太棒了"}, {"uid": "35515149", "content": "太棒了"}, {"uid": "23037165", "content": "草死"}, {"uid": "23037165", "content": "草死"}, {"uid": "15030460", "content": "是刀"}, {"uid": "15030460", "content": "是刀"}, {"uid": "15716330", "content": "噗"}, {"uid": "269757906", "content": "草"}, {"uid": "6970335", "content": "kksk"}, {"uid": "6970335", "content": "kksk"}, {"uid": "27700295", "content": "草"}, {"uid": "6970335", "content": "是我哒"}, {"uid": "6970335", "content": "是我哒"}, {"uid": "3724748", "content": "草"}, {"uid": "3724748", "content": "草"}, {"uid": "7528738", "content": "草"}, {"uid": "7528738", "content": "草"}, {"uid": "6573563", "content": "hso"}, {"uid": "6573563", "content": "hso"}, {"uid": "40100531", "content": "nenenenene"}, {"uid": "40100531", "content": "nenenenene"}, {"uid": "5853953", "content": "这位……"}, {"uid": "5853953", "content": "这位……"}, {"uid": "18229245", "content": "太棒了"}, {"uid": "18229245", "content": "太棒了"}, {"uid": "13669856", "content": "草"}, {"uid": "34164663", "content": "很zun绘"}, {"uid": "395843715", "content": "内味"}, {"uid": "19195611", "content": "草"}, {"uid": "31987000", "content": "草"}, {"uid": "176002873", "content": "草"}, {"uid": "172886970", "content": "草"}, {"uid": "40156970", "content": "草"}, {"uid": "545652513", "content": "ohhhhhhhhhhhhhhhhhhhhhhhhhhhhhhh"}, {"uid": "23274551", "content": "草"}, {"uid": "207812", "content": "是尸体"}, {"uid": "38968920", "content": "hjh"}, {"uid": "4397863", "content": "its me"}, {"uid": "4397863", "content": "its me"}, {"uid": "409803025", "content": "草"}, {"uid": "409803025", "content": "草"}, {"uid": "51712373", "content": "Emp"}, {"uid": "51712373", "content": "Emp"}, {"uid": "18897712", "content": "hso"}, {"uid": "441730561", "content": "好耶"}, {"uid": "441730561", "content": "好耶"}, {"uid": "3071718", "content": "66"}, {"uid": "3071718", "content": "66"}, {"uid": "5954445", "content": "好起来了"}, {"uid": "5954445", "content": "好起来了"}, {"uid": "5954445", "content": "草"}, {"uid": "5954445", "content": "草"}, {"uid": "232803256", "content": "草"}, {"uid": "232803256", "content": "草"}, {"uid": "38313130", "content": "草"}, {"uid": "38313130", "content": "草"}, {"uid": "8471378", "content": "投！"}, {"uid": "8471378", "content": "投！"}, {"uid": "253456160", "content": "ohhhhhhhhh"}, {"uid": "489074194", "content": "一个不够呀"}, {"uid": "21383962", "content": "弹幕兽来了"}, {"uid": "640826843", "content": "可爱"}, {"uid": "384637", "content": "这不比博人转燃？"}, {"uid": "384637", "content": "2un味太冲了"}, {"uid": "4494836", "content": "泪目"}, {"uid": "4494836", "content": "草"}, {"uid": "4494836", "content": "草"}, {"uid": "8384599", "content": "史诗"}, {"uid": "8384599", "content": "史诗"}, {"uid": "38274277", "content": "ohhhhhhh"}, {"uid": "8719345", "content": "草"}, {"uid": "1314433", "content": "草"}, {"uid": "1314433", "content": "草"}, {"uid": "15293121", "content": "草"}, {"uid": "226211063", "content": "草"}, {"uid": "226211063", "content": "草"}, {"uid": "41734356", "content": "草"}, {"uid": "101132148", "content": "你才是笨蛋！"}, {"uid": "17498227", "content": "草"}, {"uid": "88936852", "content": "草"}, {"uid": "475053080", "content": "awsl"}, {"uid": "475053080", "content": "awsl"}, {"uid": "351038651", "content": "ohhhhhh"}, {"uid": "4122835", "content": "来了来了"}, {"uid": "1549529", "content": "好耶！"}, {"uid": "1549529", "content": "好耶！"}, {"uid": "243926", "content": "君 帧数 is no good"}, {"uid": "293662356", "content": "好耶"}, {"uid": "41399586", "content": "草"}, {"uid": "41399586", "content": "草"}, {"uid": "4284598", "content": "弹幕兽"}, {"uid": "12343804", "content": "茄子"}, {"uid": "44832339", "content": "你好2un啊"}, {"uid": "44832339", "content": "你好2un啊"}, {"uid": "211560813", "content": "小五?"}, {"uid": "211560813", "content": "小五?"}, {"uid": "8548576", "content": "草"}, {"uid": "8548576", "content": "草"}, {"uid": "86477954", "content": "草"}, {"uid": "683473", "content": "草"}, {"uid": "13356152", "content": "草"}, {"uid": "40278466", "content": "ohhhhhhhh"}, {"uid": "40278466", "content": "ohhhhhhhh"}, {"uid": "8316882", "content": "ohhhhh"}, {"uid": "8316882", "content": "ohhhhh"}, {"uid": "14424272", "content": "太棒了！！"}, {"uid": "8743833", "content": "是我！"}, {"uid": "8743833", "content": "是我！"}, {"uid": "5063122", "content": "tia"}, {"uid": "5063122", "content": "草zun绘！"}, {"uid": "5063122", "content": "草zun绘！"}, {"uid": "7000953", "content": "草"}, {"uid": "7000953", "content": "草"}, {"uid": "14910449", "content": "欢迎回家"}, {"uid": "14910449", "content": "欢迎回家"}, {"uid": "22674080", "content": "这不比博燃？"}, {"uid": "12307353", "content": "草"}, {"uid": "524879", "content": "播种"}, {"uid": "524879", "content": "播种"}, {"uid": "32755742", "content": "介"}, {"uid": "1562936", "content": "草"}, {"uid": "1732080", "content": "草"}, {"uid": "1732080", "content": "草"}, {"uid": "8215660", "content": "草"}, {"uid": "32759578", "content": "阿巴阿巴阿巴阿巴"}, {"uid": "32759578", "content": "阿巴阿巴阿巴阿巴"}, {"uid": "8215660", "content": "草"}, {"uid": "3359235", "content": "越共探头"}, {"uid": "17784911", "content": "霜爷？"}, {"uid": "4761312", "content": "是我（弹幕兽）"}, {"uid": "830157", "content": "ohhhh"}, {"uid": "37268234", "content": "弹幕兽"}, {"uid": "37268234", "content": "弹幕兽"}, {"uid": "286659008", "content": "草"}, {"uid": "286659008", "content": "草"}, {"uid": "12343783", "content": "草"}, {"uid": "12343783", "content": "草"}, {"uid": "25070086", "content": "草"}, {"uid": "364653020", "content": "ohhhhh"}, {"uid": "269757906", "content": "草"}, {"uid": "2779577", "content": "草"}, {"uid": "2779577", "content": "草"}, {"uid": "3349347", "content": "三连冲！"}, {"uid": "3349347", "content": "三连冲！"}, {"uid": "19550680", "content": "ohhh"}, {"uid": "19550680", "content": "ohhh"}, {"uid": "32886755", "content": "草"}, {"uid": "32886755", "content": "草"}, {"uid": "402266176", "content": "好耶"}, {"uid": "402266176", "content": "好耶"}, {"uid": "539511852", "content": "好耶"}, {"uid": "46278923", "content": "？"}, {"uid": "38550786", "content": "大蒜？"}, {"uid": "8219975", "content": "草"}, {"uid": "23274551", "content": "草"}, {"uid": "61956663", "content": "好耶"}, {"uid": "878191", "content": "好耶"}, {"uid": "12805394", "content": "好耶"}, {"uid": "88011462", "content": "好耶"}, {"uid": "51712373", "content": "Emp不是trance"}, {"uid": "51712373", "content": "Emp不是trance"}, {"uid": "214415945", "content": "燃起来了"}, {"uid": "214415945", "content": "燃起来了"}, {"uid": "20187079", "content": "越共探头"}, {"uid": "20187079", "content": "越共探头"}, {"uid": "441730561", "content": "okok"}, {"uid": "441730561", "content": "okok"}, {"uid": "12351110", "content": "草"}, {"uid": "12351110", "content": "草"}, {"uid": "387698", "content": "？"}, {"uid": "387698", "content": "？"}, {"uid": "3234483", "content": "是阿吧阿吧的弹幕兽"}, {"uid": "3234483", "content": "是阿吧阿吧的弹幕兽"}, {"uid": "4340935", "content": "越共狂喜"}, {"uid": "4340935", "content": "越共狂喜"}, {"uid": "21383962", "content": "弹幕兽来了"}, {"uid": "284255", "content": "老人院探头"}, {"uid": "429632118", "content": ".草"}, {"uid": "640826843", "content": "可爱"}, {"uid": "724905", "content": "草"}, {"uid": "487213034", "content": "D了D了"}, {"uid": "487213034", "content": "D了D了"}, {"uid": "384637", "content": "这不比博人转燃？"}, {"uid": "384637", "content": "2un味太冲了"}, {"uid": "355604281", "content": "我们陪你"}, {"uid": "18406932", "content": "金色弹幕兽来了"}, {"uid": "219858211", "content": "这个屁！是彩虹的！！还能上天！！！"}, {"uid": "8719345", "content": "草"}, {"uid": "36106730", "content": "燃起来了"}, {"uid": "61014386", "content": "这不比博人转燃？"}, {"uid": "56595", "content": "这不比博人传燃？"}, {"uid": "56595", "content": "这不比博人传燃？"}, {"uid": "101132148", "content": "你才是笨蛋！"}, {"uid": "88936852", "content": "草"}, {"uid": "7529133", "content": "好耶"}, {"uid": "7529133", "content": "好耶"}, {"uid": "447274", "content": "提亚马特？连巴比伦神话的海神都祭出来了"}, {"uid": "293662356", "content": "好耶"}, {"uid": "14753360", "content": "卡点太棒了"}, {"uid": "14753360", "content": "卡点太棒了"}, {"uid": "8935098", "content": "草"}, {"uid": "8935098", "content": "草"}, {"uid": "13097970", "content": "草"}, {"uid": "13097970", "content": "草"}, {"uid": "86477954", "content": "草"}, {"uid": "683473", "content": "草"}, {"uid": "683473", "content": "这弹幕兽怎么看着都那么傻呢"}, {"uid": "13356152", "content": "草"}, {"uid": "683473", "content": "好开"}, {"uid": "683473", "content": "好开"}, {"uid": "694203", "content": "草"}, {"uid": "88232216", "content": "好耶"}, {"uid": "88232216", "content": "好耶"}, {"uid": "476765", "content": "好耶"}, {"uid": "476765", "content": "好耶"}, {"uid": "8416948", "content": "好耶"}, {"uid": "8416948", "content": "好耶"}, {"uid": "23118496", "content": "草"}, {"uid": "23118496", "content": "草"}, {"uid": "291663918", "content": "？"}, {"uid": "291663918", "content": "？"}, {"uid": "5063122", "content": "草"}, {"uid": "5919330", "content": "草"}, {"uid": "5063122", "content": "tia"}, {"uid": "5483442", "content": "草"}, {"uid": "68060881", "content": "草"}, {"uid": "7000953", "content": "好耶"}, {"uid": "1776512", "content": "草"}, {"uid": "1776512", "content": "草"}, {"uid": "37083032", "content": "草"}, {"uid": "22190454", "content": "三连了"}, {"uid": "273004053", "content": "金木水火土"}, {"uid": "491117", "content": "这bgm"}, {"uid": "491117", "content": "这bgm"}, {"uid": "523322528", "content": "左一好黄"}, {"uid": "523322528", "content": "左一好黄"}, {"uid": "473327299", "content": "suki"}, {"uid": "473327299", "content": "suki"}, {"uid": "189762809", "content": "ohhhhhhhhhhhhhhhhhhhhhhhhhhhhhhhh"}, {"uid": "189762809", "content": "ohhhhhhhhhhhhhhhhhhhhhhhhhhhhhhhh"}, {"uid": "638246", "content": "必须的"}, {"uid": "638246", "content": "必须的"}, {"uid": "209522132", "content": "出现了，弹幕兽"}, {"uid": "19824793", "content": "好耶"}, {"uid": "19824793", "content": "好耶"}, {"uid": "39411662", "content": "好耶"}, {"uid": "39411662", "content": "好耶"}, {"uid": "18930022", "content": "提亚马特"}, {"uid": "18930022", "content": "提亚马特"}, {"uid": "10612510", "content": "草"}, {"uid": "10612510", "content": "草"}, {"uid": "423569446", "content": "WWW"}, {"uid": "423569446", "content": "WWW"}, {"uid": "17784911", "content": "恭迎tia"}, {"uid": "17784911", "content": "恭迎tia"}, {"uid": "17784911", "content": "霜爷？"}, {"uid": "52867577", "content": "这是夺舍了？"}, {"uid": "4761312", "content": "是我（弹幕兽）"}, {"uid": "775716", "content": "祝え"}, {"uid": "775716", "content": "祝え"}, {"uid": "19784544", "content": "好耶"}, {"uid": "15716330", "content": "噗"}, {"uid": "19784544", "content": "太棒惹"}, {"uid": "19784544", "content": "太棒惹"}, {"uid": "174225", "content": "屁动力"}, {"uid": "174225", "content": "屁动力"}, {"uid": "171170539", "content": "啊这"}, {"uid": "7528738", "content": "好耶！！！！！"}, {"uid": "7528738", "content": "好耶！！！！！"}, {"uid": "7528738", "content": "¿"}, {"uid": "7528738", "content": "¿"}, {"uid": "32886755", "content": "prprprprpr"}, {"uid": "2559501", "content": "好耶"}, {"uid": "2559501", "content": "好耶"}, {"uid": "170664578", "content": "好耶"}, {"uid": "170664578", "content": "好耶"}, {"uid": "346689475", "content": "草"}, {"uid": "8236281", "content": "越共探头"}, {"uid": "353737641", "content": "？？？"}, {"uid": "73299233", "content": "不 博 燃？"}, {"uid": "28629148", "content": "好耶"}, {"uid": "4748747", "content": "好耶！"}, {"uid": "8935279", "content": "*我觉得这是好的*"}, {"uid": "504182040", "content": "？"}, {"uid": "523280378", "content": "草"}, {"uid": "8548576", "content": "越共探头"}, {"uid": "8548576", "content": "越共探头"}, {"uid": "293549983", "content": "赫卡提亚？"}, {"uid": "293549983", "content": "赫卡提亚？"}, {"uid": "26337265", "content": "呐"}, {"uid": "26337265", "content": "呐"}, {"uid": "1937267", "content": "这不比博人传燃？"}, {"uid": "1937267", "content": "这不比博人传燃？"}, {"uid": "130643", "content": "越共探头"}, {"uid": "130643", "content": "越共探头"}, {"uid": "284255", "content": "老人院探头"}, {"uid": "429632118", "content": "奥特曼"}, {"uid": "429632118", "content": "奥特曼"}, {"uid": "429632118", "content": ".草"}, {"uid": "2438274", "content": "东方味太冲了"}, {"uid": "2438274", "content": "东方味太冲了"}, {"uid": "18406932", "content": "金色弹幕兽来了"}, {"uid": "109389235", "content": "好耶"}, {"uid": "109389235", "content": "好耶"}, {"uid": "23806559", "content": "*我谔谔*"}, {"uid": "23806559", "content": "*我谔谔*"}, {"uid": "20801871", "content": "这不比博人传燃"}, {"uid": "20801871", "content": "这不比博人传燃"}, {"uid": "219858211", "content": "这个屁！是彩虹的！！还能上天！！！"}, {"uid": "1873390", "content": "冲国人特攻！！"}, {"uid": "1873390", "content": "冲国人特攻！！"}, {"uid": "8652605", "content": "越共狂喜"}, {"uid": "8652605", "content": "越共狂喜"}, {"uid": "362202233", "content": "fps:1"}, {"uid": "362202233", "content": "fps:1"}, {"uid": "11858803", "content": "越共探头"}, {"uid": "11858803", "content": "越共探头"}, {"uid": "61014386", "content": "这不比博人转燃？"}, {"uid": "56595", "content": "什么玩意"}, {"uid": "56595", "content": "什么玩意"}, {"uid": "75379", "content": "hso"}, {"uid": "447274", "content": "提亚马特？连巴比伦神话的海神都祭出来了"}, {"uid": "3194787", "content": "屁动力"}, {"uid": "3194787", "content": "屁动力"}, {"uid": "497722", "content": "越共探头"}, {"uid": "497722", "content": "越共探头"}, {"uid": "683473", "content": "这弹幕兽怎么看着都那么傻呢"}, {"uid": "40278466", "content": "好耶"}, {"uid": "9205728", "content": "迪迦？"}, {"uid": "9205728", "content": "迪迦？"}, {"uid": "200005252", "content": "草生系vtb"}, {"uid": "200005252", "content": "草生系vtb"}]