[{"uid": "16187132", "content": "靠，你不说我都没意识到是刀"}, {"uid": "1542681", "content": "尼比鲁，心肺停止"}, {"uid": "7309046", "content": "对面做了五次特招"}, {"uid": "36309238", "content": "原来我是铁anti"}, {"uid": "23390683", "content": "拜火教（不是"}, {"uid": "318295", "content": "纳尼口累？？"}, {"uid": "7442167", "content": "传火吗少年"}, {"uid": "17313746", "content": "女娲补天？"}, {"uid": "86086244", "content": "只有金团受伤的世界("}, {"uid": "675843", "content": "燃烧军团草"}, {"uid": "240882152", "content": "水土不服：指水和土表示很淦"}, {"uid": "830157", "content": "很好吃的样子"}, {"uid": "209522132", "content": "修复大气层，指氪金"}, {"uid": "2155632", "content": "草"}, {"uid": "3597573", "content": "阿努人，有没有阿巴人"}, {"uid": "608294151", "content": "简称ff团"}, {"uid": "1562936", "content": "国(cheng)"}, {"uid": "1562936", "content": "俗称——广东"}, {"uid": "1562936", "content": "原来我们都是尼比鲁-提亚马特人"}, {"uid": "1562936", "content": "草"}, {"uid": "1562936", "content": "融化反应"}, {"uid": "485327729", "content": "冰渐渐消失，是刀"}, {"uid": "303694579", "content": "原始态生命 尼比鲁（）"}, {"uid": "33934585", "content": "燃烧军团会统治这个渺小的世界(狗头)"}, {"uid": "33934585", "content": "燃起来了"}, {"uid": "407991", "content": "字幕：烈烈轰轰"}, {"uid": "26623255", "content": "烈烈=轰轰，轰轰=烈烈"}, {"uid": "35535905", "content": "可以，有点像Fate Extra的主角设定"}, {"uid": "25773", "content": "鞠萍姐姐"}, {"uid": "25773", "content": "带制作"}, {"uid": "43507", "content": "烈hong烈hong轰lie轰lie"}]