[{"uid": "375278274", "content": "糟糕，需要急救！"}, {"uid": "442070059", "content": "致 命 暂 停"}, {"uid": "398804159", "content": "图 穷 匕 见"}, {"uid": "398804159", "content": "“两”泛指“多”（确信）"}, {"uid": "1233766857", "content": "《关于为了两百玉表白海猫这件事 》"}, {"uid": "1233766857", "content": "为了源石而口是心非 （doge）"}, {"uid": "269732072", "content": "《两个要求》"}, {"uid": "93893600", "content": "太 田 顺 也"}, {"uid": "398804159", "content": "击♂剑"}, {"uid": "398804159", "content": "埃及人中文说成这样已经很好了是吧（doge）"}, {"uid": "693211378", "content": "刚看完托老视频你跟我说这叫养成游戏"}, {"uid": "425974265", "content": "法老の恩赐"}, {"uid": "425974265", "content": "《新 约 圣 经》"}, {"uid": "491324394", "content": "埃 及 艳 后 赫 卡"}, {"uid": "304670142", "content": "草"}, {"uid": "304670142", "content": "《卒章显志》"}, {"uid": "163857024", "content": "太   田   顺   也"}, {"uid": "320944191", "content": "海猫你得给劲啊"}, {"uid": "11448171", "content": "划重点小时候"}, {"uid": "2053189014", "content": "普通话说的不包（标）准"}, {"uid": "330428020", "content": "智慧的眼神"}, {"uid": "256108671", "content": "哈哈哈哈哈哈哈逐渐暴露"}, {"uid": "454466357", "content": "法老总说埃及话"}, {"uid": "472759709", "content": "以下要求全文背诵！"}, {"uid": "362868188", "content": " 同 人 涩 团"}, {"uid": "262254458", "content": "《当你想洗一个人 那总能洗》"}, {"uid": "8547946", "content": "《圣经 慈悲》"}, {"uid": "21735594", "content": "懂了小羊皮肤=扎克伯格"}, {"uid": "446961285", "content": "埃 及 艳 后"}, {"uid": "314895852", "content": "海猫：可我平时不长这样"}, {"uid": "301868772", "content": "散人：海猫你有朋友吗？"}, {"uid": "335934739", "content": "有一说一，还真是"}, {"uid": "227263828", "content": "你在说什么啊哈哈哈哈哈哈哈"}, {"uid": "185857588", "content": "《美男子》"}, {"uid": "8684471", "content": "慈 悲 行 者"}, {"uid": "485107637", "content": "圣   经   咏   唱"}, {"uid": "205208746", "content": "?!怎么还咽了下口水?"}, {"uid": "383374904", "content": "享年18，死因梭哈"}, {"uid": "293632391", "content": "他是在转动你的心（既视感"}, {"uid": "2777072", "content": "慈悲哈哈哈哈哈哈哈哈哈"}, {"uid": "616392", "content": "图 穷 匕 见"}, {"uid": "1386063", "content": "圣 经 引 用"}, {"uid": "131652679", "content": "《图穷匕见》"}, {"uid": "515380104", "content": "洞哥：？"}, {"uid": "506081240", "content": "中 埃 联 姻"}, {"uid": "83544429", "content": "埃 及 艳 后"}, {"uid": "424443131", "content": "＂两个要求＂"}, {"uid": "57003915", "content": "你收敛一下，我感觉你口水都就出来了"}, {"uid": "88473908", "content": "能拉动（指转盘）"}, {"uid": "66693699", "content": "哈哈哈这个图哈哈哈哈"}, {"uid": "10907581", "content": "你就是馋人家的合成玉"}, {"uid": "32703597", "content": "回到现实"}, {"uid": "347421565", "content": "暴露真实目的"}, {"uid": "4204578", "content": "而我只想给rua牛被窝里塞东西"}, {"uid": "438832999", "content": "《很有意思》"}, {"uid": "86460667", "content": "夫 唱 妇 随"}, {"uid": "476767022", "content": "茸总直呼内行"}, {"uid": "476767022", "content": "浊心斯卡蒂表示已哭晕在厕所"}, {"uid": "476767022", "content": "DIO直呼内行"}, {"uid": "871394", "content": "不至于不至于~哈哈哈"}, {"uid": "871394", "content": "海猫：damedane~"}, {"uid": "2638315", "content": "不至于不至于不至于"}, {"uid": "163589382", "content": "嘴上说的男神却定格在一个极其扭曲的画面的屑女人"}, {"uid": "4890895", "content": "姑娘你找的是黄翀罢（疑惑"}, {"uid": "1908249", "content": "恋 与 制 作 人"}, {"uid": "4917482", "content": "啊…确实，本男博在线给予肯定"}, {"uid": "196462138", "content": "上海人被迫普通话hhh"}, {"uid": "60643773", "content": "恋 与 制 作 人"}, {"uid": "35631037", "content": "羽中：请打开麦克风交流"}, {"uid": "2556736", "content": "小 时 候"}, {"uid": "348694693", "content": "草那确实"}, {"uid": "22937051", "content": "一转攻势"}, {"uid": "23770509", "content": "恋 与 制 作 人"}, {"uid": "3864661", "content": "你就是馋他账号"}, {"uid": "208737579", "content": "梦 幻 魅 力"}, {"uid": "13327887", "content": "人家是埃及法老啊"}, {"uid": "36390646", "content": "海猫：绷不住了（如下图）"}, {"uid": "36390646", "content": "把男神就暂停一个这种画面开始发晴的tia是屑"}, {"uid": "36390646", "content": "暴露真实想法了啊喂！！"}, {"uid": "27037", "content": "他还有大黄"}, {"uid": "27037", "content": "你就是馋他的号"}, {"uid": "13100453", "content": "不止，他还有大黄"}, {"uid": "159213035", "content": "rua牛：先过我这关"}, {"uid": "390168442", "content": "我确实很佩服海猫做出了一个养成塔防，但谁会想嫁给他啊"}, {"uid": "485909159", "content": "海猫是rua牛的，你别想"}, {"uid": "30125768", "content": "真的帅（如图所示）doge"}, {"uid": "353894795", "content": "经典永流传"}, {"uid": "175105934", "content": "一转攻势"}, {"uid": "343597232", "content": "靓仔の笑颜"}, {"uid": "343597232", "content": "这可太生草了"}, {"uid": "33701934", "content": "我直接？？？？？"}, {"uid": "44218809", "content": "雀食蟀 雀食蟀"}, {"uid": "40869857", "content": "配合这视频也太草了"}, {"uid": "38328564", "content": "做人发两百玉笑死我了"}, {"uid": "25488867", "content": "《 两 个 条 件 》"}, {"uid": "23455150", "content": "《回 到 现 实》"}, {"uid": "108539437", "content": "根 本 目 的"}, {"uid": "33010228", "content": "《两 个 要 求》"}, {"uid": "37920259", "content": "完了，已经变成海猫的样子了"}, {"uid": "1502767", "content": "一转攻势草"}, {"uid": "93343070", "content": "懂了，海猫＝18源石"}, {"uid": "4062798", "content": "图 穷 匕 见"}, {"uid": "312637473", "content": "《亿点要求》"}, {"uid": "37865026", "content": "海猫：damedame"}, {"uid": "3107781", "content": "这不止两个要求了吧哈哈哈"}, {"uid": "81036411", "content": "你就是馋他的游戏！你下贱！ "}, {"uid": "39199991", "content": "死 亡 特 写"}, {"uid": "285384625", "content": "杰哥？"}, {"uid": "398804159", "content": "洞♂子大"}, {"uid": "37513210", "content": "这才是我的目的哒，海猫！"}, {"uid": "398804159", "content": "♂"}, {"uid": "227024212", "content": "我同意这门婚事(dog"}, {"uid": "44639733", "content": "欲抑先扬"}, {"uid": "1911598", "content": "帝国の董事长震怒"}, {"uid": "398804159", "content": "圣经·新约"}, {"uid": "474712935", "content": "一转攻势"}, {"uid": "425974265", "content": "海猫就值十八个源石？"}, {"uid": "425974265", "content": "有一说一，确实"}, {"uid": "425974265", "content": "这个特写哈哈哈哈"}, {"uid": "425974265", "content": "rua————牛————"}, {"uid": "304670142", "content": "做人哈哈哈哈哈哈哈哈哈哈哈"}, {"uid": "163857024", "content": "不经常说嘛（"}, {"uid": "39828476", "content": "暴露本性"}, {"uid": "94811338", "content": "这才是主要目的吧喂"}, {"uid": "109209714", "content": "谢谢，有被安利到，这就娶了海猫"}, {"uid": "109209714", "content": "哈哈哈哈哈哈哈哈哈哈"}, {"uid": "109209714", "content": "海猫好嫁风"}, {"uid": "122575295", "content": "神 爱 世 人"}, {"uid": "415540481", "content": "经典咏流传"}, {"uid": "1141774647", "content": "《他不是在对敌人开枪他是在对我的心开枪》"}, {"uid": "262254458", "content": "《两个要求》"}, {"uid": "262254458", "content": "屑 tia 屑"}, {"uid": "38211445", "content": "确实"}, {"uid": "86780968", "content": "《香艳的制作人》"}, {"uid": "349490910", "content": "好家伙，暴露真实想法"}, {"uid": "2777072", "content": "哈哈哈哈哈哈哈哈哈草"}, {"uid": "616392", "content": "不至于不至于"}, {"uid": "482249", "content": "不愧是法老"}, {"uid": "2474829", "content": "开 幕 雷 击"}, {"uid": "51218743", "content": "你果然目的是这个啊"}, {"uid": "52855123", "content": "海猫：笑死，这种号我都没有"}, {"uid": "50017173", "content": "国美建筑系对文化分要求挺高的，海猫确实很可以"}, {"uid": "131652679", "content": "哈哈哈哈哈哈"}, {"uid": "131652679", "content": "他心里我有！"}, {"uid": "229652515", "content": "埃及人说埃及话"}, {"uid": "86827830", "content": "尼罗河畔确实挺少说普通话"}, {"uid": "225495632", "content": "不要啊哈哈哈哈哈"}, {"uid": "1011737530", "content": "图  穷  匕  见"}, {"uid": "237934208", "content": "新    圣    经"}, {"uid": "9919080", "content": "不至于不至于"}, {"uid": "201420298", "content": " Z   U   N"}, {"uid": "83546556", "content": "法老仰慕者"}, {"uid": "94841204", "content": "《从 小》"}, {"uid": "3265173", "content": "根本目的哈哈哈哈"}, {"uid": "30006548", "content": "建议大胆点，亿个要求"}, {"uid": "30006548", "content": "火 海猫 火"}, {"uid": "330050968", "content": "图穷匕见哈哈哈哈哈哈哈哈哈哈"}, {"uid": "378465412", "content": "《脑    洞》"}, {"uid": "43791265", "content": "怎么连女人也来跟我抢老婆了（狗头）"}, {"uid": "502300238", "content": "你就是馋他石头"}, {"uid": "25283363", "content": "？？？？？？？"}, {"uid": "141118074", "content": "草这可能是高级黑"}, {"uid": "16059682", "content": "哈哈哈哈哈"}, {"uid": "527966050", "content": "《两 个 要 求》"}, {"uid": "9341531", "content": "rua牛：？？？"}, {"uid": "298754049", "content": "暴露了暴露了"}, {"uid": "298754049", "content": "不仅有才华而且有才华"}, {"uid": "5772888", "content": "好家伙tia原来你也入选圣经了吗"}, {"uid": "355875002", "content": "智慧的眼神"}, {"uid": "355875002", "content": "《美男子》"}, {"uid": "7797030", "content": "小样皮肤等于扎克伯格"}, {"uid": "2638315", "content": "真实目的暴露了"}, {"uid": "263821739", "content": "确实("}, {"uid": "548278140", "content": "“她”"}, {"uid": "348696037", "content": "3.0船新版本"}, {"uid": "1796629", "content": "原来如此 你是馋他账号"}, {"uid": "628480449", "content": "有能力哈哈哈哈"}, {"uid": "3040270", "content": "《圣经新约》"}, {"uid": "196462138", "content": "上海人被迫普通话hhh"}, {"uid": "43791265", "content": "rua牛震怒"}, {"uid": "565415", "content": "全程在看海猫的眼睛"}, {"uid": "1559924", "content": "别别别，是站在巨人肩膀上"}, {"uid": "198701716", "content": "《圣经》3.0"}, {"uid": "2008696", "content": "搅动！"}, {"uid": "26551222", "content": "哈哈哈哈哈，海猫==18原石"}, {"uid": "13327887", "content": "噢 硬！"}, {"uid": "496586912", "content": "哈哈哈哈"}, {"uid": "323953071", "content": "暴露本性"}, {"uid": "351148194", "content": "原来如此所得斯内"}, {"uid": "13560139", "content": "这个女人说的我居然也开始认同起来了，甚至也有点想嫁了"}, {"uid": "30067735", "content": "这个暂停太草了"}, {"uid": "7005329", "content": "我滴妈耶 语文课代表"}, {"uid": "12710900", "content": "拔刀吧，我也想_(:* ｣∠)_"}, {"uid": "479353273", "content": "高情商：很有意思的男孩子  低情商：沙雕男孩"}, {"uid": "418448", "content": "“长得差不多”“一定要好看”"}, {"uid": "143744487", "content": "夺 舍 对 象"}, {"uid": "284562915", "content": "和马老师一样离谱"}, {"uid": "13692991", "content": "情敌，拔剑吧"}, {"uid": "10249292", "content": "羽中：你看我还有机会吗"}, {"uid": "94509639", "content": "《两个要求》"}, {"uid": "214075483", "content": "法 老 的 慈 悲"}, {"uid": "512324845", "content": "埃及法老说不好普通话正常的，笑死我了"}, {"uid": "1818106", "content": "文案太草了"}, {"uid": "26433738", "content": "又一个女博士疯了"}, {"uid": "934786", "content": "图穷匕见"}, {"uid": "286517720", "content": "暴露真实目的了啊喂！"}, {"uid": "13100554", "content": "慈 悲 为 怀"}, {"uid": "37466224", "content": "真正目的（✓）"}, {"uid": "50929076", "content": "你跟我抢老婆？"}, {"uid": "2221278", "content": "这彩虹屁吹的我鸡皮疙瘩"}, {"uid": "1647566", "content": "左牵牛，右牵黄"}, {"uid": "244119177", "content": "保护法老"}, {"uid": "61981807", "content": "推 拉 特 种"}, {"uid": "61981807", "content": "很有意思：指被整活"}, {"uid": "36043881", "content": "经典永流传"}, {"uid": "27693516", "content": "快进到埃及艳后"}, {"uid": "353894795", "content": "经典永流传"}, {"uid": "42006093", "content": "咱说理想型的时候能不能先把电脑画面切一下（）"}, {"uid": "33701934", "content": "圣经.新约"}, {"uid": "12142374", "content": "剪得好！给切片man加鸡腿！"}, {"uid": "670588773", "content": "我有机会"}, {"uid": "242633693", "content": "草，那你该找的是羽中（"}, {"uid": "12142374", "content": "看这个视频还觉得帅，那是真的喜欢了"}, {"uid": "93296824", "content": "那我承认"}, {"uid": "490643439", "content": "rua牛震怒"}, {"uid": "7649408", "content": "海猫不想，他想要rua牛"}, {"uid": "3482650", "content": "重新定义两个要求"}, {"uid": "54229763", "content": "rua牛被人牛了！"}, {"uid": "420410671", "content": " 苦 难 陈 述 者 "}, {"uid": "289495394", "content": "这，确实很有吸引力"}, {"uid": "14269781", "content": "rua牛震怒！"}, {"uid": "13730567", "content": "法老总说埃及语，确实正常"}, {"uid": "18018097", "content": "圣 经 永 流 传"}, {"uid": "169441281", "content": "搁着挑夺舍对象"}, {"uid": "159090504", "content": "我的妈呀，绝了"}, {"uid": "24327514", "content": "男           神"}, {"uid": "32188606", "content": "我直接嗨老婆"}, {"uid": "3538191", "content": "AP箱取向是真的一致··········"}, {"uid": "3242801", "content": "草，月宝的圣经"}, {"uid": "32152495", "content": "慈 悲（指发刀"}, {"uid": "4531679", "content": "哈哈哈哈哈哈哈哈哈哈哈哈"}, {"uid": "90136", "content": "rua牛：？"}, {"uid": "694985", "content": "草，你为什么要暂停在这个位置"}, {"uid": "142367126", "content": "等下，这才是真实目的吧草（）"}, {"uid": "786536", "content": "两 个 要 求"}, {"uid": "73853959", "content": "那确实，我承认"}, {"uid": "10661158", "content": "《我c！海！》"}, {"uid": "15590709", "content": "不至于不至于"}, {"uid": "34836173", "content": "不至于不至于"}, {"uid": "2434098", "content": "草，绝了"}, {"uid": "4476", "content": "激流勇退"}, {"uid": "343835145", "content": "海猫=18源石（？）"}, {"uid": "517402061", "content": "害怕.JPG"}, {"uid": "199819031", "content": "埃及艳后"}, {"uid": "472561061", "content": "确实"}, {"uid": "37513210", "content": "这什么高性能机械心脏"}, {"uid": "2890361", "content": "不至于不至于"}, {"uid": "523711451", "content": "两面包夹芝士 "}, {"uid": "85924436", "content": "主要是龙门币太难拿了"}, {"uid": "629258331", "content": "嗨，老公！jpg."}, {"uid": "12213860", "content": "雀氏蟀 雀氏詪蟀"}, {"uid": "424663713", "content": "确实"}, {"uid": "12955987", "content": "埃及艳后"}, {"uid": "163857024", "content": "扎克伯格草"}, {"uid": "163857024", "content": "接下来有请受害人陈述案发经过"}, {"uid": "314008985", "content": "懂了, 太田顺也()"}, {"uid": "411250055", "content": "？？？惊现马总"}, {"uid": "100903096", "content": "开幕雷击"}, {"uid": "285819185", "content": "我向往自由"}, {"uid": "94811338", "content": "懂了，扎克伯格就等于18源石"}, {"uid": "12764212", "content": "埃及艳后"}, {"uid": "11700732", "content": "视频暂停在海猫的这个表情23333"}, {"uid": "448284395", "content": "说的我一个男的都想嫁了"}, {"uid": "525404670", "content": "qshi"}, {"uid": "525404670", "content": "如图所示"}, {"uid": "39883773", "content": "xp暴露"}, {"uid": "472759709", "content": "草"}, {"uid": "404258136", "content": "噔噔咚"}, {"uid": "122575295", "content": "克 娄 巴 特 拉"}, {"uid": "10897058", "content": "图穷匕见"}, {"uid": "323768480", "content": "哦 攻略之神"}, {"uid": "414631246", "content": "新的圣经aw"}, {"uid": "11966336", "content": "保护法老"}, {"uid": "332565946", "content": "其实我也想"}, {"uid": "508005162", "content": "Z    U   N"}, {"uid": "453997550", "content": "埃及艳后"}, {"uid": "3835066", "content": "《两个要求》"}, {"uid": "400972179", "content": "抢老公？！"}, {"uid": "5154109", "content": "不至于不至于"}, {"uid": "397521971", "content": "埃及语言考古学家——海猫"}, {"uid": "86780968", "content": "确实"}, {"uid": "439299959", "content": "两面包夹芝士！！！！！！！！"}, {"uid": "33109225", "content": "人家经常说埃及话"}, {"uid": "755531", "content": "有一说一，法老是真的帅"}, {"uid": "1689977", "content": "确实"}, {"uid": "137759847", "content": "不至不至于"}, {"uid": "319237767", "content": "等校於一個女孩子"}, {"uid": "319221324", "content": "确实"}, {"uid": "383374904", "content": "不至于不至于"}, {"uid": "4118911", "content": "出现了！"}, {"uid": "479024158", "content": "号召能力，指海猫带领我们两面包夹芝士"}, {"uid": "85296143", "content": "暴露本质"}, {"uid": "16272694", "content": "图穷匕见"}, {"uid": "619890369", "content": "对不起，rua牛"}, {"uid": "296857213", "content": "事太田顺也"}, {"uid": "492626221", "content": "@rua牛"}, {"uid": "35571922", "content": "不至于不至于"}, {"uid": "226906498", "content": "为法老献身"}, {"uid": "625931540", "content": "“小时候”的理想型"}, {"uid": "590084959", "content": "百草园"}, {"uid": "176865060", "content": "所以为什么要暂停在这里"}, {"uid": "310837660", "content": "你就是馋人家游戏"}, {"uid": "168132782", "content": "我也想（）"}, {"uid": "324008545", "content": "哈哈哈哈哈哈哈哈哈哈哈哈"}, {"uid": "324008545", "content": "哈哈哈哈哈哈哈哈哈哈"}, {"uid": "324008545", "content": "不至于不至于"}, {"uid": "35752144", "content": "火 海猫 火"}, {"uid": "1468442387", "content": "月宝亲徒弟（经确认）"}, {"uid": "274334537", "content": "磕CP"}, {"uid": "1853686", "content": "暴 露 本 性"}, {"uid": "345865513", "content": "找错人了啊草"}, {"uid": "30006548", "content": "《两个要求》"}, {"uid": "355665306", "content": "做纸片人做得也很不错"}, {"uid": "13127200", "content": "哈哈哈哈哈哈哈哈哈哈哈"}, {"uid": "34259194", "content": "埃及人说埃及话"}, {"uid": "245375103", "content": "圣经·新约"}, {"uid": "8558759", "content": "确实"}, {"uid": "73827141", "content": "智慧的眼神"}, {"uid": "298754049", "content": "确实"}, {"uid": "402245399", "content": "我去，我一朋友和这些要求一模一样！"}, {"uid": "39411662", "content": "图穷匕见"}, {"uid": "6131281", "content": "《两个要求》"}, {"uid": "33045849", "content": "不至于不至于不至于"}, {"uid": "9347022", "content": "新的圣经已经出现！怎么能够停滞不前！"}, {"uid": "20141582", "content": "好家伙，就值几十块"}, {"uid": "549032283", "content": "眼光真不赖"}, {"uid": "76976045", "content": "看着这个视频说帅，看来是真爱了"}, {"uid": "871394", "content": "害怕（海猫限定）"}, {"uid": "3092851", "content": "扎克伯格可还行"}, {"uid": "28405890", "content": "图穷匕见"}, {"uid": "452734608", "content": "有一说一，确实"}, {"uid": "224981177", "content": "藤原妹红.jpg"}, {"uid": "362243188", "content": "嗨，老公！"}, {"uid": "355169163", "content": "有一说一，确实"}, {"uid": "281202897", "content": "想啊，很想啊（"}, {"uid": "351148194", "content": "没错就是我了"}, {"uid": "351148194", "content": "法老王说的是埃及语没错很正常"}, {"uid": "29110237", "content": "rua牛震怒"}, {"uid": "700067309", "content": "暴   露   本   性"}, {"uid": "386090457", "content": "恋与制作人草啊"}, {"uid": "225509640", "content": "金木水火你"}, {"uid": "428649426", "content": "我一个男的都心动了"}, {"uid": "407969", "content": "哈哈哈哈哈哈哈"}, {"uid": "16725673", "content": "？？？草"}, {"uid": "12705528", "content": "很有意思（指会唱damedane）"}, {"uid": "39308510", "content": "图穷匕见"}, {"uid": "348694693", "content": "草图穷匕见"}, {"uid": "23252739", "content": "搅动！"}, {"uid": "479353273", "content": "《居心叵测》"}, {"uid": "17916678", "content": "有一说一，确实"}, {"uid": "3864661", "content": "不至于不至于"}, {"uid": "479353273", "content": "《两个》"}, {"uid": "297670968", "content": "草"}, {"uid": "81482960", "content": "你是馋海猫身子吗，你那是馋他满练账号！"}, {"uid": "25113208", "content": "没想到是看着这个视频说帅，是真爱了"}, {"uid": "14191135", "content": "确实（"}, {"uid": "36390646", "content": "《两个》"}, {"uid": "331280239", "content": "你就是馋他账号！"}, {"uid": "4526416", "content": "埃及法老诶 会说中文不错了doge"}, {"uid": "2678781", "content": "《新 约》"}, {"uid": "109389161", "content": "埃及语"}, {"uid": "100677847", "content": "我竟然猜到了"}, {"uid": "8148499", "content": "慈悲（发刀）"}, {"uid": "34259194", "content": "口眼歪斜的男孩子"}, {"uid": "12513493", "content": "草哈哈哈哈哈"}, {"uid": "12513493", "content": "图穷匕见"}, {"uid": "2221278", "content": "“两个要求”"}, {"uid": "308354031", "content": "哈哈哈哈哈哈哈哈哈哈或或或"}, {"uid": "10615696", "content": "笑死我了"}, {"uid": "94589049", "content": "埃及艳后"}, {"uid": "62800280", "content": "你就是馋他合成玉"}, {"uid": "1415063", "content": "脑子里洞还很大（误）"}, {"uid": "701698", "content": "扎克伯格可还行"}, {"uid": "18242480", "content": "原来是为了这个"}, {"uid": "18242480", "content": "不至于不至于"}, {"uid": "96836147", "content": "埃及人说埃及话"}, {"uid": "417016045", "content": "暴露了暴露了"}, {"uid": "38795107", "content": "还有大黄"}, {"uid": "668805719", "content": "危 法老 危"}, {"uid": "40869857", "content": "醉 翁 之 意"}, {"uid": "2655419", "content": "香艳の制作人"}, {"uid": "9161339", "content": "根据答案出题目"}, {"uid": "2411829", "content": "哈哈哈哈哈哈哈哈哈哈"}, {"uid": "55499984", "content": "那我们就是情敌了"}, {"uid": "19113524", "content": "哈哈哈哈哈哈"}, {"uid": "628089306", "content": "解释一下，就是有钱"}, {"uid": "23182455", "content": "经典永流传"}, {"uid": "16904", "content": "羽中：我呢我呢"}, {"uid": "379753427", "content": "对不起，rua牛"}, {"uid": "77021672", "content": "重新定义两个要求"}, {"uid": "233621314", "content": "法老的姿势无人能挡."}, {"uid": "52830985", "content": "内卫们哭了"}, {"uid": "52846895", "content": "特写草"}, {"uid": "84116917", "content": "da me 咒"}, {"uid": "111278598", "content": "这暂停也挺到位的"}, {"uid": "41751388", "content": "继续夸，内卫很爱听"}, {"uid": "376102605", "content": "我还以为这里要圣经咏唱了"}, {"uid": "52662905", "content": "又一段传世经典诞生了"}, {"uid": "6970335", "content": "你就馋他账号"}, {"uid": "12530205", "content": "逐渐暴露目的"}, {"uid": "4323879", "content": "开幕雷击"}, {"uid": "786536", "content": "慈 悲 行 者"}, {"uid": "8844791", "content": "慈 悲 为 怀"}, {"uid": "142367126", "content": "“两个要求”"}, {"uid": "26372008", "content": "进位埃及艳后"}, {"uid": "8280404", "content": "你好怪∠( ᐛ 」∠)_"}, {"uid": "34836173", "content": "目的暴露了"}, {"uid": "111380037", "content": "这特写就离谱"}, {"uid": "1562936", "content": "xdm我们冲了海猫！！！"}, {"uid": "40846947", "content": "两 个 要 求"}, {"uid": "309425785", "content": "草，新圣经"}, {"uid": "1462188550", "content": "我要的是龙门币！"}, {"uid": "1462188550", "content": "从百草园草到三味书屋"}, {"uid": "16240922", "content": "什么做人，这是法老，这是神！"}, {"uid": "398804159", "content": "图穷匕见"}, {"uid": "37513210", "content": "论小羊皮肤怎么成了梦幻的愿望"}, {"uid": "398804159", "content": "吔系啦嘞"}, {"uid": "475840605", "content": "奥。         老公"}, {"uid": "290384683", "content": "大哈鱼"}, {"uid": "291398186", "content": "能拉动这么一帮源石虫"}, {"uid": "23375036", "content": "哈哈哈"}, {"uid": "174952927", "content": "暴露了啊！喂"}, {"uid": "81237099", "content": "开幕雷击"}, {"uid": "351644688", "content": "等海猫带我们出完这口恶气，我就更喜欢他了（doge）"}, {"uid": "1457815", "content": "会做人（指all）"}, {"uid": "16567083", "content": "老甲方了"}, {"uid": "7849353", "content": "图穷匕见"}, {"uid": "24948943", "content": "哈哈哈哈哈哈哈哈"}, {"uid": "199819031", "content": "真的蛮香艳的"}, {"uid": "1603668", "content": "图穷匕见"}, {"uid": "297718279", "content": "哈哈哈哈？？？"}, {"uid": "429610499", "content": "很可怕吗，是的很可怕"}, {"uid": "7271824", "content": "18源石"}, {"uid": "566510523", "content": "真实目的暴露了"}, {"uid": "25762021", "content": "《真是目的》"}, {"uid": "38211445", "content": "确实"}, {"uid": "448687298", "content": "号召（指法老の）"}, {"uid": "400972179", "content": "我也想！"}, {"uid": "513296921", "content": "我只会心疼玩家"}, {"uid": "358495649", "content": "不至于不至于"}, {"uid": "7097729", "content": "《回归正题》"}, {"uid": "457339564", "content": "ocean  cat"}, {"uid": "434522700", "content": "前头说羽中的是不是想拆我姚翀cp！"}, {"uid": "34695094", "content": "cao"}, {"uid": "278434200", "content": "不至于不至于"}, {"uid": "299702582", "content": "确实"}, {"uid": "319221324", "content": "确实"}, {"uid": "352411939", "content": "笑死我了"}, {"uid": "7097729", "content": "圣经套娃"}, {"uid": "352737729", "content": "但他自己都能沉船（）"}, {"uid": "422484595", "content": "@ocean cat"}, {"uid": "293632391", "content": "哈哈哈哈哈哈哈哈哈哈哈哈哈哈"}, {"uid": "381736881", "content": "太田顺也"}, {"uid": "1698772889", "content": "我也一样！！！"}, {"uid": "259250638", "content": "草哈哈哈哈哈"}, {"uid": "96300410", "content": "哈哈哈哈哈哈"}, {"uid": "57109", "content": "慈悲wwwwww"}, {"uid": "15960232", "content": "我从08年开始等海猫"}, {"uid": "93034841", "content": "哈哈哈哈草"}, {"uid": "131652679", "content": "两个要求"}, {"uid": "438832999", "content": "圣经咏唱"}, {"uid": "499659592", "content": "小姐有没有考虑一下安东"}, {"uid": "86827830", "content": "直入主题"}, {"uid": "126187292", "content": "图穷匕见"}, {"uid": "515339938", "content": "太 田 顺 也"}, {"uid": "372427090", "content": "不至于"}, {"uid": "310837660", "content": "暴露目的"}, {"uid": "146236631", "content": "香艳的游戏制作人"}, {"uid": "197386806", "content": "哈哈哈哈哈哈哈哈哈"}, {"uid": "299422519", "content": "暴露了"}, {"uid": "30006548", "content": "好家伙，眼镜控，我有戴眼镜狂喜"}, {"uid": "4571075", "content": "俩个要求"}, {"uid": "32703597", "content": "露出狐尾"}, {"uid": "34259194", "content": "两个要求"}, {"uid": "34259194", "content": "确实"}, {"uid": "1902000934", "content": "海猫：你别过来呀"}, {"uid": "38540197", "content": "开幕雷击"}, {"uid": "12907515", "content": "逆天"}, {"uid": "44538845", "content": "图穷匕见"}, {"uid": "432749300", "content": "yasilia 梁非凡！"}, {"uid": "111047038", "content": "鹰角の丽人"}, {"uid": "401483552", "content": "保护我方dame dane"}, {"uid": "234385424", "content": "哈哈哈啊哈哈哈"}, {"uid": "93912449", "content": "夸上天了"}, {"uid": "438832999", "content": "确实"}, {"uid": "348492749", "content": "新的圣经"}, {"uid": "18196409", "content": "原来说的是我"}, {"uid": "23430221", "content": "有一说一，确实"}, {"uid": "53816803", "content": "2333333"}, {"uid": "343556542", "content": "图穷匕见"}, {"uid": "343556542", "content": "你太强了"}, {"uid": "123201061", "content": "差 不 多"}, {"uid": "34365", "content": "哈哈哈"}, {"uid": "34365", "content": "哈哈哈哈"}, {"uid": "487492044", "content": "图穷匕见"}, {"uid": "17188830", "content": "喂 一个皮肤才18石头啊"}, {"uid": "297286122", "content": "两个要求"}, {"uid": "2638315", "content": "拉动转盘"}, {"uid": "163589382", "content": "能拉动转盘"}, {"uid": "441390038", "content": "拔剑吧，情敌！"}, {"uid": "28405890", "content": "all  in"}, {"uid": "8191727", "content": "能拉动转盘"}, {"uid": "51669555", "content": "那不是不存在吗（恼"}, {"uid": "34879690", "content": "这太可怕了"}, {"uid": "60643773", "content": "哈哈哈哈哈哈哈"}, {"uid": "33909327", "content": "目的暴露了"}, {"uid": "3384911", "content": "来了来了。"}, {"uid": "2085602", "content": "？？？？？？？？？？"}, {"uid": "31958723", "content": "哈哈哈哈这么一说我也想哈哈哈"}, {"uid": "31958723", "content": "哈哈哈哈哈哈哈哈"}, {"uid": "351148194", "content": "圣经永传颂"}, {"uid": "284051381", "content": "羽中：那我呢"}, {"uid": "67847262", "content": "all in"}, {"uid": "148148511", "content": "不至于不至于"}, {"uid": "244947280", "content": "就离谱"}, {"uid": "109878536", "content": "图穷匕见"}, {"uid": "12705528", "content": "要会唱damedane"}, {"uid": "348694693", "content": "草草草"}, {"uid": "24281405", "content": "不至于不至于"}, {"uid": "24281405", "content": "？？？？？？？？？？？"}, {"uid": "7548079", "content": "qs"}, {"uid": "479353273", "content": "《圣经教父》"}, {"uid": "7949952", "content": "不至于不至于"}, {"uid": "94774699", "content": "是极境棘刺皮肤"}, {"uid": "134898531", "content": "图穷匕见"}, {"uid": "430164174", "content": "哈哈哈哈哈哈我鸡皮起来了"}, {"uid": "10031973", "content": "逐渐暴露主题"}, {"uid": "31254943", "content": "带着目的去的，草"}, {"uid": "474010443", "content": "不至于"}, {"uid": "12622650", "content": "《不忘初心》"}, {"uid": "3326244", "content": "好活"}, {"uid": "46891945", "content": "是的，很可怕"}, {"uid": "2249988", "content": "两个要求"}, {"uid": "12891523", "content": "开幕雷击"}, {"uid": "27037", "content": "法老人说埃及语"}, {"uid": "301868772", "content": "主不在乎草"}, {"uid": "88694516", "content": "hhhhhhhhhh"}, {"uid": "153338083", "content": "开幕雷击"}, {"uid": "16083516", "content": "哈哈哈哈哈哈哈哈"}, {"uid": "24512449", "content": "草"}, {"uid": "128613503", "content": "海猫说鹰语"}, {"uid": "4231848", "content": "圣经融合"}, {"uid": "8148499", "content": "不至于不至于"}, {"uid": "12848474", "content": "懂了，小羊皮肤等于扎克伯格"}, {"uid": "12626689", "content": "确实"}, {"uid": "357766022", "content": "确实()"}, {"uid": "26288671", "content": "图穷匕见"}, {"uid": "38826760", "content": "确实"}, {"uid": "38826760", "content": "开幕雷击"}, {"uid": "23181375", "content": "笑死了"}, {"uid": "180721120", "content": "新圣经"}, {"uid": "33701934", "content": "很可怕吗？是的，很可怕"}, {"uid": "363084704", "content": "绝对是在找夺舍对象吧"}, {"uid": "269936013", "content": "大聪明"}, {"uid": "35046902", "content": "不至于不至于"}, {"uid": "37904656", "content": "圣经升级了"}, {"uid": "9097861", "content": "6666海猫的确挺帅的"}, {"uid": "110140604", "content": "草圣经咏唱"}, {"uid": "13626979", "content": "两个要求"}, {"uid": "826611", "content": "开幕雷击"}, {"uid": "28833163", "content": "出大问题"}, {"uid": "354014990", "content": "图穷匕见"}, {"uid": "38328564", "content": "慈悲"}, {"uid": "348954374", "content": "毕竟是法老，没办法"}, {"uid": "54229763", "content": "对啊，埃及话说多了"}, {"uid": "54229763", "content": "你为了夺舍一定准备了很久吧"}, {"uid": "84671492", "content": "美丽香艳的海猫"}, {"uid": "402802250", "content": "新圣经预订"}, {"uid": "93602", "content": "不至于不至于"}, {"uid": "17855668", "content": "可怕"}, {"uid": "8154476", "content": "图穷匕见"}, {"uid": "89049739", "content": "我只会心疼玩家~~~~"}, {"uid": "360305436", "content": "两个要求"}, {"uid": "111278598", "content": "哈哈哈哈"}, {"uid": "111278598", "content": "你就是馋别人游戏！"}, {"uid": "30185849", "content": "哈哈哈哈哈"}, {"uid": "354505990", "content": "香艳的制作人（大雾）"}, {"uid": "352306012", "content": "确实"}, {"uid": "222563866", "content": "哈哈哈哈哈"}, {"uid": "22272120", "content": "dame dane~"}, {"uid": "574340", "content": "damedane"}, {"uid": "786536", "content": "开幕雷击"}, {"uid": "12559716", "content": "你这是馋他合成玉！"}, {"uid": "94811338", "content": "还有吸引力的条件"}, {"uid": "32152495", "content": "哈哈哈哈哈哈xswl"}, {"uid": "1631505", "content": "海猫是埃及人....哈哈哈哈"}, {"uid": "51518406", "content": "开幕雷击"}, {"uid": "11613319", "content": "开幕雷击"}, {"uid": "199819031", "content": "法老确实很香艳"}, {"uid": "507542820", "content": "兩個要求"}, {"uid": "309425785", "content": "真实想法()"}, {"uid": "515446665", "content": "yyky人传人"}, {"uid": "531355574", "content": "带预言家"}, {"uid": "410932913", "content": "确实"}, {"uid": "647231177", "content": "海猫我想嫁给你"}, {"uid": "4950784", "content": "小羊皮肤，预言家刀了"}, {"uid": "1233766857", "content": "埃及艳后 "}, {"uid": "503285283", "content": "暴露本性"}, {"uid": "2279354", "content": "？？？？？？？？？！？"}, {"uid": "291127178", "content": "啊这绝了"}, {"uid": "32292168", "content": "博大鲸深"}, {"uid": "175510362", "content": "草"}, {"uid": "425974265", "content": "号 召"}, {"uid": "106610983", "content": "草"}, {"uid": "496383574", "content": "坂本"}, {"uid": "593491890", "content": "yysy海猫是真的帅"}, {"uid": "593491890", "content": "不至于"}, {"uid": "35053873", "content": "是有点想"}, {"uid": "32766418", "content": "两个要求"}, {"uid": "39828476", "content": "太草了"}, {"uid": "81237099", "content": "真相大白"}, {"uid": "82535003", "content": "嫁给海猫！！！！！！！！！"}, {"uid": "442290551", "content": "哈哈哈哈哈哈哈哈哈哈"}, {"uid": "458234389", "content": "不能接受"}, {"uid": "3490525", "content": "过了过了"}, {"uid": "404330090", "content": "事太田顺也"}, {"uid": "5949678", "content": "那应该是羽中"}, {"uid": "5356910", "content": "all in"}, {"uid": "197483155", "content": "确实"}, {"uid": "288659715", "content": "确实"}, {"uid": "472724852", "content": "亿点耳熟"}, {"uid": "85224052", "content": "两个要求"}, {"uid": "10650378", "content": "那确实"}, {"uid": "476213190", "content": "可怕吗"}, {"uid": "403079424", "content": "？？？？？"}, {"uid": "5921882", "content": "确实"}, {"uid": "32670898", "content": "不至于"}, {"uid": "544760063", "content": "哈哈哈哈哈哈哈"}, {"uid": "3835066", "content": "确实"}, {"uid": "19452314", "content": "我不能接受"}, {"uid": "39619192", "content": "笑死目的出来了"}, {"uid": "486992376", "content": "安哲拉"}, {"uid": "364689449", "content": "ocean cat"}, {"uid": "486992376", "content": "不至于"}, {"uid": "439299959", "content": "rua牛 你得劝劝 ocean cat"}, {"uid": "490943532", "content": "他不是在转盘上贴all，他是在我的心上贴all"}, {"uid": "333828284", "content": "特别会做人"}, {"uid": "174819243", "content": "武 内 崇"}, {"uid": "7567505", "content": "高级黑"}, {"uid": "8684471", "content": "蚌埠住了"}, {"uid": "12447134", "content": "草这个画面"}, {"uid": "295538714", "content": "两个要求"}, {"uid": "299702582", "content": "不至于"}, {"uid": "383374904", "content": "不至于不至于"}, {"uid": "355640296", "content": "草"}, {"uid": "406359", "content": "？？？"}, {"uid": "510282376", "content": "《从小》"}, {"uid": "492440505", "content": "？"}, {"uid": "616392", "content": "圣 经"}, {"uid": "30968609", "content": "我笑醒了"}, {"uid": "28554166", "content": "埃及人说埃及话"}, {"uid": "131652679", "content": "法老是我的1"}, {"uid": "398676949", "content": "好草"}, {"uid": "31187158", "content": "从小"}, {"uid": "372427090", "content": "暴露了"}, {"uid": "9082500", "content": "暴露本质"}, {"uid": "1011737530", "content": "yyky快申遗"}, {"uid": "523182557", "content": "新版圣经"}, {"uid": "28833163", "content": "damedane"}, {"uid": "507985630", "content": "好家伙"}, {"uid": "22334081", "content": "埃及语"}, {"uid": "299422519", "content": "不至于不至于"}, {"uid": "27052509", "content": "我的煲冬瓜很溜的"}, {"uid": "30006548", "content": "不至于不至于"}, {"uid": "30006548", "content": "？？？炎上"}, {"uid": "13127200", "content": "好家伙！"}, {"uid": "12876609", "content": "有一说一，确实"}, {"uid": "344261417", "content": "草"}, {"uid": "32703597", "content": "哈哈哈哈哈哈"}, {"uid": "520657590", "content": "不至于"}, {"uid": "34259194", "content": "图穷匕见"}, {"uid": "507847035", "content": "本宝宝"}, {"uid": "28751330", "content": "这也太草了"}, {"uid": "3662121", "content": "我也想"}, {"uid": "43782078", "content": "你这不是爱他，你这是馋他干员图鉴"}, {"uid": "306847463", "content": "这话耳熟"}, {"uid": "494677542", "content": "不至于不至于"}, {"uid": "73674077", "content": "草"}, {"uid": "3714257", "content": "暴露了"}, {"uid": "4904828", "content": "确实"}, {"uid": "353767402", "content": "不至于不至于"}, {"uid": "264731", "content": "扎克伯格不是一个领域的，比喻起来很怪"}, {"uid": "33045849", "content": "羽中：？？海猫和姚檬做了啥不知道？？"}, {"uid": "343556542", "content": "？！？！？！？！？！！"}, {"uid": "96797496", "content": "一模一样！"}, {"uid": "77981232", "content": "草"}, {"uid": "77981232", "content": "笑死了"}, {"uid": "34365", "content": "哈哈哈哈哈哈"}, {"uid": "10132097", "content": "图穷匕见"}, {"uid": "481519", "content": "草，那不是羽中吗"}, {"uid": "2638315", "content": "草草草"}, {"uid": "513145529", "content": "新圣经预定"}, {"uid": "357248261", "content": "暴露了x"}, {"uid": "14809247", "content": "不至于不至于"}, {"uid": "3628777", "content": "damedane！"}, {"uid": "185593527", "content": "確實"}, {"uid": "41824759", "content": "图穷匕见"}, {"uid": "348504999", "content": "埃及文化输出（"}, {"uid": "34879690", "content": "图穷匕见"}, {"uid": "301446150", "content": "暴露了"}, {"uid": "43791265", "content": "好家伙"}, {"uid": "404330090", "content": "草"}, {"uid": "825840", "content": "草哈哈哈哈哈哈哈哈哈"}, {"uid": "316816526", "content": "哈哈哈哈哈哈哈"}, {"uid": "36414124", "content": "洞哥狂喜"}, {"uid": "2556736", "content": "草草草"}, {"uid": "1653475173", "content": "真相了"}, {"uid": "472898336", "content": "《真的帅》"}, {"uid": "11232213", "content": "搅动韶钢"}, {"uid": "7401743", "content": "埃及语"}, {"uid": "224888741", "content": "确实"}, {"uid": "252701284", "content": "damedane"}, {"uid": "1723796", "content": "哈哈哈哈哈哈哈哈哈"}, {"uid": "479353273", "content": "逆天"}, {"uid": "1578083", "content": "你再骂"}, {"uid": "381828499", "content": "？？？？？？？？？"}, {"uid": "25023744", "content": "不至于"}, {"uid": "3020681", "content": "俺也一样"}, {"uid": "86688601", "content": "法老确实帅"}, {"uid": "437495208", "content": "你别说还真是"}, {"uid": "1424066", "content": "不至于不至于"}, {"uid": "6653058", "content": "很有意思（）"}, {"uid": "516722961", "content": "17小时热乎"}, {"uid": "42595773", "content": "damedane"}, {"uid": "178838331", "content": "会做人啊"}, {"uid": "2814433", "content": "？"}, {"uid": "2916412", "content": "暴露了"}, {"uid": "8161194", "content": "圣经新版本"}, {"uid": "2298684", "content": "????两个要求"}, {"uid": "16249348", "content": "确实"}, {"uid": "1818106", "content": "哈哈哈哈哈哈哈"}, {"uid": "106627867", "content": "就算不是他一个人做的，海猫也是发起者，up没说错"}, {"uid": "16483624", "content": "圣经新约"}, {"uid": "32435752", "content": "埃及话说多了"}, {"uid": "346321311", "content": "有一说一，确实"}, {"uid": "347024841", "content": "c，原来如此"}, {"uid": "57092644", "content": "两个要求"}, {"uid": "57092644", "content": "？草"}, {"uid": "57092644", "content": "damedane"}, {"uid": "2048758", "content": "？"}, {"uid": "26123623", "content": "真埃及法老"}, {"uid": "1532200", "content": "经典"}, {"uid": "21501095", "content": "懂了懂了"}, {"uid": "106627867", "content": "草"}, {"uid": "482135069", "content": "海猫是我的！"}, {"uid": "316423314", "content": "新圣经预定"}, {"uid": "23362230", "content": "两个要求"}, {"uid": "360320221", "content": "all in！"}, {"uid": "8606088", "content": "新圣经！！！"}, {"uid": "442977784", "content": "新圣经预定"}, {"uid": "15400382", "content": "hhhhh"}, {"uid": "96836147", "content": "海猫太完美了"}, {"uid": "478764919", "content": "那确实"}, {"uid": "366446797", "content": "两个要求"}, {"uid": "32652418", "content": "那是馋海猫嘛？明明是馋他账号嘛！"}, {"uid": "10129222", "content": "确实是好制作人"}, {"uid": "5945105", "content": "两个要求"}, {"uid": "375279", "content": "？？？？？？？"}, {"uid": "5319321", "content": "？？？？？？？？？"}, {"uid": "361490905", "content": "打没打内"}, {"uid": "12860662", "content": "12F：妈"}, {"uid": "23528692", "content": "开幕雷击"}, {"uid": "131449569", "content": "完全一致"}, {"uid": "363317948", "content": "不至于，不至于"}, {"uid": "33327221", "content": "给yyky版权费结一下（"}, {"uid": "173469393", "content": "太圣经了"}, {"uid": "1279257", "content": "你就是馋账号我看明白了"}, {"uid": "424363011", "content": "懂了海猫等于90块钱"}, {"uid": "19485013", "content": "两个要求"}, {"uid": "477339096", "content": "你就是馋她账号"}, {"uid": "782367", "content": "?????????"}, {"uid": "123119734", "content": "这才是目的啊(●°u°●)​ 」"}, {"uid": "517402061", "content": "??？？？？"}, {"uid": "392526803", "content": "草"}, {"uid": "284509481", "content": "你那叫喜欢吗 ？你就是馋他的合成玉 "}, {"uid": "27592069", "content": "羽中:嗯嗯"}, {"uid": "51875965", "content": "我我我"}, {"uid": "1463016374", "content": "弔图一推"}, {"uid": "11004354", "content": "目的暴露"}, {"uid": "336191345", "content": "yyky?"}, {"uid": "8792647", "content": "这才是目的吧"}, {"uid": "188256044", "content": "确实"}, {"uid": "39038042", "content": "草"}, {"uid": "15989030", "content": "两个要求"}, {"uid": "34144872", "content": "暴露了"}, {"uid": "599566962", "content": "OceanCat "}, {"uid": "34959019", "content": "??"}, {"uid": "291227452", "content": "重开吧"}, {"uid": "100903096", "content": "草"}, {"uid": "169126360", "content": "确实"}, {"uid": "299135180", "content": "两 个"}, {"uid": "6339184", "content": "能拉动转盘？"}, {"uid": "33202033", "content": "草"}, {"uid": "30806168", "content": "确实"}, {"uid": "163857024", "content": "awsl"}, {"uid": "163857024", "content": "w"}, {"uid": "39828476", "content": "鹰卫兵"}, {"uid": "39828476", "content": "确实"}, {"uid": "417440062", "content": "哈哈哈哈哈h"}, {"uid": "100903096", "content": "草"}, {"uid": "401840569", "content": "草"}, {"uid": "426108930", "content": "？？？？？？"}, {"uid": "259516251", "content": "害怕"}, {"uid": "496154399", "content": "xswl"}, {"uid": "456489364", "content": "弔图一堆"}, {"uid": "152023523", "content": "草"}, {"uid": "204957357", "content": "？"}, {"uid": "1371341", "content": "？？"}, {"uid": "1110765071", "content": "根本目的"}, {"uid": "82973398", "content": "确实"}, {"uid": "167152532", "content": "草"}, {"uid": "5356910", "content": "笑死"}, {"uid": "351418536", "content": "不至于不至于不至于"}, {"uid": "3319619", "content": "我们联合"}, {"uid": "415540481", "content": "（指zun）"}, {"uid": "115179080", "content": "草"}, {"uid": "476213190", "content": "是的很可怕"}, {"uid": "211035565", "content": "哈哈哈哈"}, {"uid": "343525413", "content": "？"}, {"uid": "443760825", "content": "目的暴露"}, {"uid": "4324916", "content": "不至于不至于不至于"}, {"uid": "495451609", "content": "zun"}, {"uid": "96584710", "content": "?"}, {"uid": "4126891", "content": "？？？？？？？？？"}, {"uid": "437208693", "content": "你那叫喜欢他吗，你那是馋他合成玉，你下贱！（doge"}, {"uid": "457051506", "content": "草"}, {"uid": "439299959", "content": "确实"}, {"uid": "245172396", "content": "c草"}, {"uid": "18752246", "content": "两个要求"}, {"uid": "333828284", "content": "很有意思"}, {"uid": "100952230", "content": "醉翁之意"}, {"uid": "34695094", "content": "?????????????"}, {"uid": "31121069", "content": "?"}, {"uid": "85350476", "content": "草"}, {"uid": "294684694", "content": "有意思"}, {"uid": "403777164", "content": "比如你"}, {"uid": "23434674", "content": "哈哈哈哈哈哈哈哈哈哈哈哈哈哈"}, {"uid": "17920029", "content": "你想笑死我是吧"}, {"uid": "6118275", "content": "哈哈哈哈哈哈哈嗝"}, {"uid": "4574774", "content": "那我确实想（）"}, {"uid": "34964234", "content": "草"}, {"uid": "36121185", "content": "别"}, {"uid": "94896516", "content": "yyky"}, {"uid": "96300410", "content": "？"}, {"uid": "15989030", "content": "图穷匕见"}, {"uid": "10085692", "content": "？？？"}, {"uid": "351676540", "content": "草草草"}, {"uid": "131652679", "content": "是的。很可怕"}, {"uid": "381913517", "content": "逐渐圣经"}, {"uid": "575546497", "content": "羽中姚蒙的事海猫没参活，和平分手"}, {"uid": "223346142", "content": "？？？？？？"}, {"uid": "3344513", "content": "？？？？？？？？？？？"}, {"uid": "12311434", "content": "？？？？？？？"}, {"uid": "258371365", "content": "草"}, {"uid": "11444962", "content": "？？？？？？"}, {"uid": "9919080", "content": "圣经永流传"}, {"uid": "92040245", "content": "草"}, {"uid": "350401251", "content": "你看着damedane说这个？"}, {"uid": "30006548", "content": "这不是3个了吗（恼）"}, {"uid": "57437152", "content": "？？？？？？"}, {"uid": "486423", "content": "我不行了"}, {"uid": "358829643", "content": "太草了"}, {"uid": "152442952", "content": "不至于"}, {"uid": "12907515", "content": "？？"}, {"uid": "326768429", "content": "yyky已出现人传人"}, {"uid": "3340260", "content": "羽中表示很淦"}, {"uid": "281667916", "content": "人家是埃及法老，中文说不好不是正常的吗（doge）"}, {"uid": "281667916", "content": "草"}, {"uid": "498596662", "content": "承德人震怒"}, {"uid": "13919714", "content": "新约圣经"}, {"uid": "343556542", "content": "？！？！！！！？！！？"}, {"uid": "343556542", "content": "？！？！？！？！？！！"}, {"uid": "474674712", "content": "小了，格局小了"}, {"uid": "20141582", "content": "可是扎克伯格是机器人啊"}, {"uid": "95464476", "content": "有一说一确实"}, {"uid": "17188830", "content": "确实"}, {"uid": "2638315", "content": "？"}, {"uid": "16257043", "content": "u1s1,qs"}, {"uid": "348696037", "content": "？哈哈哈"}, {"uid": "357248261", "content": "草"}, {"uid": "475567598", "content": "太可怕了"}, {"uid": "33244257", "content": "哈哈哈哈哈哈"}, {"uid": "60643773", "content": "方舟盛产圣经吗草"}, {"uid": "616477", "content": "@翀"}, {"uid": "23856630", "content": "yyky建议申遗"}, {"uid": "21313346", "content": "？？？？？？"}, {"uid": "364248917", "content": "不至于"}, {"uid": "151022440", "content": "草"}, {"uid": "31760871", "content": "确实"}, {"uid": "31760871", "content": "醉翁之意"}, {"uid": "323953071", "content": "拔刀吧"}, {"uid": "1457095142", "content": "已婚"}, {"uid": "357266548", "content": "草"}, {"uid": "1653475173", "content": "埃及语"}, {"uid": "13705485", "content": "确实"}, {"uid": "20760537", "content": "？"}, {"uid": "74173597", "content": "？？？？？？"}, {"uid": "4571299", "content": "笑死"}, {"uid": "41395516", "content": "？？？？"}, {"uid": "24281405", "content": "？？？？？？？？？？？？？"}, {"uid": "23762888", "content": "草草"}, {"uid": "15973393", "content": "不至于不至于"}, {"uid": "15337860", "content": "别骂人了"}, {"uid": "59700987", "content": "圣经#4"}, {"uid": "33351458", "content": "不至于"}, {"uid": "286427264", "content": "草"}, {"uid": "694390693", "content": "啊 这"}, {"uid": "21825382", "content": "扎克伯格就算了"}, {"uid": "10229089", "content": "？？？？？？？"}, {"uid": "29638382", "content": "腐女"}, {"uid": "80371136", "content": "草"}, {"uid": "234847316", "content": "埃及语"}, {"uid": "98745278", "content": "哈哈哈哈"}, {"uid": "15652254", "content": "下键"}, {"uid": "441072053", "content": "图穷匕见"}, {"uid": "18946929", "content": "羽中草"}, {"uid": "159244497", "content": "草"}, {"uid": "695894856", "content": "不至于不至于"}, {"uid": "7913233", "content": "确实"}, {"uid": "7913233", "content": "让开。我来！"}, {"uid": "408408026", "content": "？？？"}, {"uid": "160118566", "content": "确实"}, {"uid": "3286164", "content": "？？？"}, {"uid": "39696465", "content": "跟谁比不好，举个扎克伯格"}, {"uid": "252030320", "content": "新圣经啊！"}, {"uid": "38137937", "content": "哈哈哈，笑死我了"}, {"uid": "1723796", "content": "？"}, {"uid": "32766648", "content": "yyky快申遗"}, {"uid": "11068055", "content": "弔图一堆"}, {"uid": "283197062", "content": "有一说一 确实"}, {"uid": "36390646", "content": "yyky已出现人传人现象"}, {"uid": "4193922", "content": "直接看答案出题是吧"}, {"uid": "168759238", "content": "是我了"}, {"uid": "62800280", "content": "图穷匕见"}, {"uid": "38826760", "content": "说就是有钱的，不熟也不会召集得了那些同社团的画师"}, {"uid": "916899", "content": "图穷匕见"}, {"uid": "701698", "content": "？？？"}, {"uid": "1773017", "content": "？？？？"}, {"uid": "96836147", "content": "那确实"}, {"uid": "1331621", "content": "？？？？？？？？？？？"}, {"uid": "143670726", "content": "笑死了"}, {"uid": "143670726", "content": "草"}, {"uid": "23625514", "content": "？？？？？"}, {"uid": "390186618", "content": "有一说一，确实"}, {"uid": "241635", "content": "月宝圣经建议申遗"}, {"uid": "4754510", "content": "你再骂!"}, {"uid": "1621174", "content": "哈哈哈哈或或或"}, {"uid": "306900606", "content": "？？？？？？？"}, {"uid": "449709713", "content": "淦"}, {"uid": "17808619", "content": "那确实"}, {"uid": "36846", "content": "哈哈哈哈哈哈"}, {"uid": "84116917", "content": "图穷匕见"}, {"uid": "23272478", "content": "埃及语"}, {"uid": "50026758", "content": "我缓缓打出一个？"}, {"uid": "486863651", "content": "草，我也喜欢海猫！"}, {"uid": "34882953", "content": "草"}, {"uid": "4392318", "content": "？？？？"}, {"uid": "19608997", "content": "？？？？？？"}, {"uid": "32152495", "content": "哈哈哈哈哈哈"}, {"uid": "2436019", "content": "图穷匕见"}, {"uid": "65537678", "content": "草"}, {"uid": "6219644", "content": "草"}, {"uid": "49727271", "content": "2的N次方也是2"}, {"uid": "486019", "content": "不，你要嫁给我"}, {"uid": "226728593", "content": "花心大萝卜"}, {"uid": "51518406", "content": "确实"}, {"uid": "94395266", "content": "真正的目的"}, {"uid": "8988076", "content": "目的暴露"}, {"uid": "10821792", "content": "很有意思草"}, {"uid": "507542820", "content": "？？？？？？？？？"}, {"uid": "1462188550", "content": "ccccccccccccccccccccc"}, {"uid": "1462188550", "content": "本性啊"}, {"uid": "515549315", "content": "草"}, {"uid": "631309057", "content": "怪"}, {"uid": "2890361", "content": "你的XP太怪了"}, {"uid": "35990860", "content": "确实"}, {"uid": "34959019", "content": "你个屑"}, {"uid": "100903096", "content": "hhhhh"}, {"uid": "100903096", "content": "？"}, {"uid": "11782043", "content": "不至于不至于"}, {"uid": "124666402", "content": "这就是恋爱中的女人吗"}, {"uid": "39828476", "content": "击剑"}, {"uid": "100903096", "content": "？"}, {"uid": "8031941", "content": "草"}, {"uid": "43123421", "content": "少女你有问题"}, {"uid": "43123421", "content": "？？？？"}, {"uid": "204957357", "content": "？？？。"}, {"uid": "249612892", "content": "确实"}, {"uid": "768895055", "content": "埃及艳后"}, {"uid": "699931747", "content": "草"}, {"uid": "5356910", "content": "啊这，，"}, {"uid": "77566628", "content": "？"}, {"uid": "181542745", "content": "？"}, {"uid": "1909746", "content": "？？"}, {"uid": "1812799", "content": "不至於不至於..."}, {"uid": "329870803", "content": "草"}, {"uid": "446656980", "content": "确实"}, {"uid": "7271824", "content": "暴露目的"}, {"uid": "262254458", "content": "？"}, {"uid": "405169974", "content": "？"}, {"uid": "354871150", "content": "我"}, {"uid": "25337059", "content": "确实"}, {"uid": "401896812", "content": "草"}, {"uid": "96584710", "content": "?"}, {"uid": "351260925", "content": "草"}, {"uid": "3835066", "content": "yyky病毒传播现象"}, {"uid": "3835066", "content": "哈哈哈哈哈哈"}, {"uid": "19452314", "content": "草"}, {"uid": "34967424", "content": "扎克伯格是个什么东西"}, {"uid": "397521971", "content": "没讲有女的长得像庞贝啊？"}, {"uid": "439299959", "content": "e"}, {"uid": "526430679", "content": "圣经新约"}, {"uid": "333828284", "content": "会做人"}, {"uid": "2093511", "content": "扎克伯格=小羊皮肤"}, {"uid": "185857588", "content": "很可怕吗 是的很可怕"}, {"uid": "10654786", "content": "哪来的狗啊"}, {"uid": "3587548", "content": "不至于"}, {"uid": "8684471", "content": "宁想说的是不是：羽中"}, {"uid": "72329649", "content": "草"}, {"uid": "137759847", "content": "草’"}, {"uid": "176097542", "content": "确实"}, {"uid": "294684694", "content": "草"}, {"uid": "894892", "content": "？？？"}, {"uid": "295069906", "content": "小知识，海猫的号里的所有东西都是自己打的，氪金都是拿自己的工资打的，还一度打不过危机合约"}, {"uid": "73695805", "content": "duck不必"}, {"uid": "616392", "content": "开 幕 雷 击"}, {"uid": "10127011", "content": "兩個"}, {"uid": "15989030", "content": "我就不想"}, {"uid": "7011960", "content": "羽中笑死了"}, {"uid": "7977133", "content": "草"}, {"uid": "351676540", "content": "ccccccccc"}, {"uid": "131652679", "content": "ALL IN"}, {"uid": "131652679", "content": "埃及法老说不好普通话不正常嘛"}, {"uid": "2950765", "content": "？？？"}, {"uid": "22212720", "content": "确实"}, {"uid": "476173031", "content": "圣经 启示录"}, {"uid": "53844847", "content": "翀翀子：海猫，所以说爱会消失是吗？"}, {"uid": "15189602", "content": "羽中笑死我了"}, {"uid": "258371365", "content": "？？"}, {"uid": "1935398", "content": "不至于 不至于"}, {"uid": "174519081", "content": "？？"}, {"uid": "15666318", "content": "好人"}, {"uid": "438902903", "content": "草"}, {"uid": "362166343", "content": "@zun"}, {"uid": "25687750", "content": "那我也是"}, {"uid": "489647854", "content": "？？？？？"}, {"uid": "489647854", "content": "草"}, {"uid": "475799933", "content": "用脑子"}, {"uid": "30006548", "content": "至于至于"}, {"uid": "4571075", "content": "那确实"}, {"uid": "236333050", "content": "？"}, {"uid": "1793980", "content": "草"}, {"uid": "198193240", "content": "蚌埠住了"}, {"uid": "353767402", "content": "v？"}, {"uid": "22987058", "content": "你能不能换个画面再说这些话"}, {"uid": "4048669", "content": "宫村"}, {"uid": "35035367", "content": "海猫是我的"}, {"uid": "438832999", "content": "原来如此"}, {"uid": "27604014", "content": "哈哈哈哈哈哈哈哈哈哈哈哈"}, {"uid": "177747610", "content": "法老不在乎"}, {"uid": "456235333", "content": "两个要求"}, {"uid": "429510255", "content": "新圣经"}, {"uid": "159995981", "content": "?"}, {"uid": "17188830", "content": "法老的脑洞是黑洞"}, {"uid": "34803746", "content": "确实"}, {"uid": "1908249", "content": "扎克伯格哪有法老伟大"}, {"uid": "3092851", "content": "笑裂了"}, {"uid": "475567598", "content": "草"}, {"uid": "86718138", "content": "宁想搜索的是不是：羽中"}, {"uid": "44770539", "content": "就算你这么说，出不了还是出不了"}, {"uid": "283728571", "content": "两个"}, {"uid": "401212447", "content": "他已經是我的女人了"}, {"uid": "1549302", "content": "？？？？"}, {"uid": "60643773", "content": "草"}, {"uid": "355169163", "content": "草"}, {"uid": "408285583", "content": "很可怕吗？是的很可怕"}, {"uid": "44765380", "content": "暴露了"}, {"uid": "99943209", "content": "确实"}, {"uid": "12315325", "content": "？"}, {"uid": "13705485", "content": "确实"}, {"uid": "290851938", "content": "不行，海猫已经嫁给了别人"}, {"uid": "847511", "content": "草"}, {"uid": "11783192", "content": "新经"}, {"uid": "50037287", "content": "奥利安费！"}, {"uid": "276134779", "content": "yyky直呼内行"}, {"uid": "16125784", "content": "@羽中"}, {"uid": "500818611", "content": "确实"}, {"uid": "46566762", "content": "小时候"}, {"uid": "37162059", "content": "草"}, {"uid": "9018700", "content": "看来不是什么正经小孩"}, {"uid": "23843498", "content": "你就是馋他号"}, {"uid": "6653058", "content": "原来是这样"}, {"uid": "6365610", "content": "不要看着海猫的鬼畜说这种话啊"}, {"uid": "22000655", "content": "？"}, {"uid": "6431072", "content": "草"}, {"uid": "95287200", "content": "新圣经来力"}, {"uid": "155892921", "content": "册那"}, {"uid": "134589399", "content": "图穷匕见"}, {"uid": "441072053", "content": "有一说一，确实"}, {"uid": "17219557", "content": "草草"}, {"uid": "18946929", "content": "羽中：¿"}, {"uid": "18946929", "content": "？"}, {"uid": "347723065", "content": "不至不至于"}, {"uid": "27037", "content": "这不还是圣经吗"}, {"uid": "2188948", "content": "hhhhhhhhhhhhh"}, {"uid": "682790", "content": "图穷匕见"}, {"uid": "66986347", "content": "？？？？？？？？"}, {"uid": "15497667", "content": "羽中人品差，初创团队都跑光了"}, {"uid": "5843049", "content": "有一说一，确实"}, {"uid": "8160800", "content": "扎克伯格不是机器人？"}, {"uid": "170692590", "content": "道理都懂 把这个"}, {"uid": "8148499", "content": "图穷匕见"}, {"uid": "11255953", "content": "这是挑夺舍对象吗"}, {"uid": "8148499", "content": "埃及人说不好普通话能理解"}, {"uid": "2896144", "content": "崩不住了"}, {"uid": "39884698", "content": "奥利安费，all in！"}, {"uid": "13796477", "content": "暴露了暴露了"}, {"uid": "2125422876", "content": "很会做人"}, {"uid": "356691", "content": "？"}, {"uid": "2602123", "content": "确实"}, {"uid": "38795107", "content": "all"}, {"uid": "88252722", "content": "确实可怕"}, {"uid": "349267377", "content": "确实"}, {"uid": "38826760", "content": "原来如此"}, {"uid": "360320221", "content": "all in"}, {"uid": "701698", "content": "你好奇怪哦"}, {"uid": "285469387", "content": "很抱歉以这种方式认识你"}, {"uid": "96836147", "content": "领 袖"}, {"uid": "12142374", "content": "hhhhhh"}, {"uid": "262377711", "content": "？？？？？"}, {"uid": "2186504", "content": "扎克伯格到底怎么你了"}, {"uid": "424705965", "content": "暴露了"}, {"uid": "424705965", "content": "离海猫远点"}, {"uid": "252701284", "content": "男神"}, {"uid": "44537883", "content": "懂了，张东升"}, {"uid": "4462471", "content": "？"}, {"uid": "389939968", "content": "?"}, {"uid": "4754510", "content": "确实"}, {"uid": "4227256", "content": "害怕"}, {"uid": "30569833", "content": "?????"}, {"uid": "443936622", "content": "草"}, {"uid": "161254117", "content": "？"}, {"uid": "201070714", "content": "草"}, {"uid": "12372377", "content": "确实"}, {"uid": "1589798", "content": "露出尾巴"}, {"uid": "431869783", "content": "他拨动的不是转盘，拨动的是你的心"}, {"uid": "1502767", "content": "新圣经"}, {"uid": "8665575", "content": "@月隐空夜"}, {"uid": "4903038", "content": "确实"}, {"uid": "2144302", "content": "ALL IN，必须ALL IN"}, {"uid": "5951071", "content": "？？"}, {"uid": "1279257", "content": "啊这"}, {"uid": "11440957", "content": "太可怕了"}, {"uid": "12787904", "content": "摊牌了是吧"}, {"uid": "43793179", "content": "逆天"}, {"uid": "3629189", "content": "没绷住"}, {"uid": "117427226", "content": "海猫是我的不要抢!!!"}, {"uid": "1936655", "content": "这也能圣经的？？"}, {"uid": "478009349", "content": "不至于"}, {"uid": "1462188550", "content": "盖亚！！！！！！！！！！"}, {"uid": "1462188550", "content": "c"}, {"uid": "262330488", "content": "yyky杀疯了"}, {"uid": "495714343", "content": "你也疯了？？"}, {"uid": "356255598", "content": "就等同于18颗源石"}, {"uid": "29211338", "content": "yysy，qs"}, {"uid": "175016948", "content": "啊这"}, {"uid": "557715626", "content": "说普通话的都是普通人（）"}, {"uid": "499349316", "content": "马化腾你绝对爱但是你又不敢爱"}, {"uid": "430920765", "content": "礐石"}, {"uid": "609905042", "content": "那你看羽中（"}, {"uid": "34959019", "content": "你好怪啊"}, {"uid": "644449442", "content": "不，并不想"}, {"uid": "163857024", "content": "好羡慕挼牛吖"}, {"uid": "157367837", "content": "？"}, {"uid": "109891217", "content": "？"}, {"uid": "284509539", "content": "草"}, {"uid": "486814584", "content": "草"}, {"uid": "415487253", "content": "草"}, {"uid": "400832206", "content": "很抱歉以这种方式认识你"}, {"uid": "186587702", "content": "蓝毒皮肤不香吗"}, {"uid": "34184266", "content": "方舟圣经之一"}, {"uid": "5356910", "content": "啊？"}, {"uid": "525404670", "content": "草"}, {"uid": "188256044", "content": "草"}, {"uid": "260603553", "content": "草"}, {"uid": "513320783", "content": "所以海猫只值18纯质原石"}, {"uid": "14367824", "content": "草"}, {"uid": "5510758", "content": "草"}, {"uid": "414631246", "content": "小时候的理想型就是戴着眼镜唱着damedana？"}, {"uid": "509474796", "content": "草"}]