[{"uid": "158219754", "content": "年轻の母亲"}, {"uid": "31184902", "content": "不安です"}, {"uid": "65995862", "content": "全世界都在说zard话"}, {"uid": "308667194", "content": "不不不，我们也没反应过来！"}, {"uid": "10997805", "content": "不该是男主妹妹那样子吗"}, {"uid": "1248886752", "content": "年轻的母亲"}, {"uid": "31407261", "content": "ybb"}, {"uid": "422624599", "content": "为什么是牛奶呢？"}, {"uid": "351811992", "content": "这些可都是金主啊 别乱说"}, {"uid": "33910336", "content": "是个凛厨呀，，"}, {"uid": "86809754", "content": "很高兴以这样的方式认识你"}, {"uid": "86809754", "content": "等等 亲什么???"}, {"uid": "471487298", "content": "这么说你很勇哦，来让我看看"}, {"uid": "202432639", "content": "你很熟悉啊 狗头宝马"}, {"uid": "358905714", "content": "什么虎狼之词"}, {"uid": "14582978", "content": "yysy，毛长齐不需要到成年吧？"}, {"uid": "27037", "content": "蒜头你有问题"}, {"uid": "403328093", "content": "纯洁是污的最高境界"}, {"uid": "8988076", "content": "说ji不说ba，文明你我他"}, {"uid": "104503620", "content": "www"}, {"uid": "8601187", "content": "ybb（"}, {"uid": "101321462", "content": "?"}, {"uid": "1562936", "content": "高速神言Ex"}, {"uid": "351636", "content": "你长齐了?让我看看！"}, {"uid": "37865026", "content": "？"}, {"uid": "42358836", "content": "这世界越来越强了"}, {"uid": "8402219", "content": "《我也不变态》"}, {"uid": "13851924", "content": "翔言翔语"}, {"uid": "76762073", "content": "我没懂xdm"}, {"uid": "700019526", "content": "很高兴以这样认识你"}, {"uid": "5598346", "content": "？？？？？"}, {"uid": "2025333", "content": "查询受教育程度"}, {"uid": "2204921", "content": "明明已经熟练到自己都反应不过来了"}, {"uid": "29071687", "content": "我以为提到了莲华呢"}, {"uid": "31407261", "content": "？？？？"}, {"uid": "197354", "content": "？"}, {"uid": "125294191", "content": "不是，你说莲华就已经很怪了"}, {"uid": "431671807", "content": "你是我妈嗯然后我孝心变质了"}, {"uid": "4323879", "content": "清什么？"}, {"uid": "217797936", "content": "莲华应该不至于问号吧，5一出来大家都知道是卖片的"}, {"uid": "217797936", "content": "恶心"}, {"uid": "46052311", "content": "?"}, {"uid": "3243094", "content": "长难句"}, {"uid": "6422038", "content": "你是小肚皮？"}, {"uid": "8751418", "content": "你不是很懂吗"}, {"uid": "646774109", "content": "什么毛？"}, {"uid": "457131", "content": "重拳出击"}, {"uid": "35019207", "content": "草"}, {"uid": "1794761", "content": "确实是有点毛病"}, {"uid": "630493", "content": "还有这种好事？"}, {"uid": "17331897", "content": "？？？"}, {"uid": "1479700", "content": "？？？？？？？？？？？"}, {"uid": "1562936", "content": "战术吸气"}, {"uid": "2616636", "content": "清姬老婆天下第一"}, {"uid": "11534910", "content": "？"}, {"uid": "231335910", "content": "大蒜都能想？"}, {"uid": "1562936", "content": "高速神言Ex"}, {"uid": "121493", "content": "草"}, {"uid": "25293457", "content": "ybb"}, {"uid": "3985607", "content": "？？？？？？"}, {"uid": "6027937", "content": "非常不安desu("}, {"uid": "570569", "content": "妈妈打我"}, {"uid": "92844553", "content": "你再骂（恳求）"}, {"uid": "226222", "content": "？"}, {"uid": "5316213", "content": "ybb"}, {"uid": "5523073", "content": "？"}, {"uid": "1927678", "content": "？？？"}, {"uid": "32021142", "content": "？？？"}, {"uid": "13102149", "content": "？"}, {"uid": "6524759", "content": "？？"}, {"uid": "34260922", "content": "但是你还是想到了"}, {"uid": "22936257", "content": "啊这"}, {"uid": "91757345", "content": "我也没反应过来"}, {"uid": "121400476", "content": "ybb"}, {"uid": "198420538", "content": "草"}, {"uid": "479564589", "content": "我还是没反应过来"}, {"uid": "42358836", "content": "咳咳，一般我喜欢弹幕聊天"}, {"uid": "38384952", "content": "妈妈妈妈妈妈妈妈妈妈"}, {"uid": "8697632", "content": "#查询tia受教育程度"}, {"uid": "25568292", "content": "草"}, {"uid": "4211233", "content": "Xs"}, {"uid": "36390646", "content": "哈哈哈"}, {"uid": "22272120", "content": "急了hhh"}, {"uid": "313717704", "content": "ybb"}, {"uid": "1805003", "content": "小肚皮是吧"}, {"uid": "491795468", "content": "？"}, {"uid": "8633829", "content": "这个世界太乱"}, {"uid": "74587973", "content": "你这不想到了吗"}, {"uid": "423802212", "content": "?"}, {"uid": "1690835", "content": "安贞医院（难听）"}, {"uid": "34260922", "content": "？"}, {"uid": "7585861654", "content": "vcd兄弟"}, {"uid": "80692320", "content": "有病吧"}, {"uid": "91757345", "content": "草"}, {"uid": "101312622", "content": "妈妈打我"}, {"uid": "37865026", "content": "什么v什么粉(确信)"}, {"uid": "160379835", "content": "ybb"}, {"uid": "340360939", "content": "？"}, {"uid": "4947271", "content": "S急了急了"}, {"uid": "2093645", "content": "？？？"}, {"uid": "29990327", "content": "？？？？？？？"}, {"uid": "400641237", "content": "大人不是更恶心?"}, {"uid": "562538346", "content": "？？"}, {"uid": "662609978", "content": "？？？"}, {"uid": "106608", "content": "肝疼的bgm"}, {"uid": "357282243", "content": "哦哦哦fgo的vup？爱了"}, {"uid": "249562910", "content": "cao"}, {"uid": "23947334", "content": "jnpw？"}, {"uid": "683432", "content": "？？"}, {"uid": "27172519", "content": "草"}, {"uid": "22460464", "content": "你好，没有"}, {"uid": "4458870", "content": "继续骂！"}, {"uid": "868719", "content": "？？"}, {"uid": "3855809", "content": "什么v什么粉（狗头）"}, {"uid": "10516193", "content": "？"}, {"uid": "352428221", "content": "？？？？？？？？、"}, {"uid": "33660", "content": "你好，没有的"}, {"uid": "479564589", "content": "????"}, {"uid": "38583629", "content": "妈妈"}, {"uid": "299059385", "content": "？？？？"}, {"uid": "35535905", "content": "？"}, {"uid": "567825142", "content": "ybb"}, {"uid": "340360939", "content": "？"}, {"uid": "157447839", "content": "我巴不得你是我妈，要不打我两巴掌也行"}, {"uid": "400641237", "content": "吃瓜"}, {"uid": "562538346", "content": "？？？"}, {"uid": "36991634", "content": "恶心"}, {"uid": "5489336", "content": "我的我的"}, {"uid": "406101104", "content": "？？"}, {"uid": "11466143", "content": "ybb"}, {"uid": "108694620", "content": "草"}, {"uid": "523210", "content": "???????????"}, {"uid": "197816147", "content": "?"}, {"uid": "254936288", "content": "不安desu"}, {"uid": "101321462", "content": "?"}, {"uid": "96112323", "content": "ybb"}, {"uid": "4719846", "content": "？？？？？？"}, {"uid": "10516193", "content": "wwww"}, {"uid": "352428221", "content": "？？？？？？？？？？、"}, {"uid": "7528738", "content": "草"}, {"uid": "4211233", "content": "hhhhhhhh"}, {"uid": "2397005", "content": "？?？"}, {"uid": "1760676830", "content": "？"}, {"uid": "431671807", "content": "？"}, {"uid": "21404037", "content": "ybb"}, {"uid": "629850909", "content": "什么啊"}, {"uid": "11452270", "content": "？？？"}, {"uid": "6524759", "content": "wwww"}, {"uid": "11406396", "content": "tp+80"}, {"uid": "589879888", "content": "?"}, {"uid": "7821", "content": "莲华？"}, {"uid": "6792429", "content": "ybb"}, {"uid": "453062823", "content": "？？？"}, {"uid": "35535905", "content": "太怪了"}, {"uid": "108745999", "content": "妈妈！"}, {"uid": "400641237", "content": "……"}, {"uid": "6651235", "content": "急了急了急了"}, {"uid": "662609978", "content": "啥呀"}, {"uid": "102715328", "content": "？"}, {"uid": "683432", "content": "？"}, {"uid": "431671807", "content": "啊这"}, {"uid": "423802212", "content": "??????"}, {"uid": "423802212", "content": "??????????"}, {"uid": "34260922", "content": "太怪了"}, {"uid": "589879888", "content": "?"}, {"uid": "27037", "content": "真没有真没有"}, {"uid": "11723506", "content": "妈妈妈妈妈妈"}, {"uid": "44955476", "content": "？？？"}, {"uid": "403328093", "content": "草"}, {"uid": "22936257", "content": "草"}, {"uid": "27229667", "content": "？？？？？"}, {"uid": "3141216", "content": "？"}, {"uid": "37865026", "content": "草"}, {"uid": "1408989", "content": "vcd"}, {"uid": "520839", "content": "有什么问题？"}, {"uid": "94922713", "content": "？"}, {"uid": "197354", "content": "弹幕cd兄弟"}, {"uid": "51597441", "content": "是我的队伍耶"}, {"uid": "34260922", "content": "草"}, {"uid": "358905714", "content": "草"}, {"uid": "27037", "content": "不准不安"}, {"uid": "586643", "content": "？"}, {"uid": "3038448", "content": "已经习惯到脱口而出了，你是玩了多少黄油啊"}, {"uid": "27697300", "content": "草"}, {"uid": "86809754", "content": "好可爱啊啊啊啊啊啊啊啊~咿啊~嗯哼~~~"}, {"uid": "352428221", "content": "？？？？？？？？？？？？？？？？、？？？？？？？？？？？？？？？？"}]