[{"uid": "9239056", "content": "草还挺像的"}, {"uid": "412930970", "content": "不能说毫无关系，只能说（）"}, {"uid": "94591727", "content": "小艾咪回家吃饭啦！"}, {"uid": "442031519", "content": "这个手势有那么一个瞬间让我觉得很撩"}, {"uid": "227876578", "content": "这衣服有点像芭芭拉呀哈哈哈"}, {"uid": "1562936", "content": "这里好配合，像是打了Tia一下哈哈哈哈"}, {"uid": "20721820", "content": "真高兴以这种方式认识你"}, {"uid": "20721820", "content": "真高兴以这种方式认识你"}, {"uid": "10826451", "content": "懂了，恭喜大蒜前几天结婚"}, {"uid": "407690418", "content": "缺个眼罩"}, {"uid": "1562936", "content": "太anti了哈哈哈哈哈"}, {"uid": "108551", "content": "那个……您在这儿念课文儿呢？"}, {"uid": "49805658", "content": "论证成功（"}, {"uid": "313679140", "content": "这里是真滴有些像啊"}, {"uid": "82579948", "content": "中之人是马老师"}, {"uid": "677839736", "content": "草 好家伙"}, {"uid": "43458816", "content": "什么叫好像这简直一模一样嘛"}, {"uid": "92121645", "content": "Mace：咱们交流一下"}, {"uid": "5467881", "content": "来抠个鼻子看看"}, {"uid": "204928356", "content": "你还差个眼罩"}, {"uid": "32727514", "content": "我能成为你的鸟吗（"}, {"uid": "37865026", "content": "“你说是就是吧”"}, {"uid": "4996448", "content": "姐妹相"}, {"uid": "296093", "content": "中二的手势wwwwwwww"}, {"uid": "108551", "content": "还真别说，挺有那个意思的。"}, {"uid": "473913303", "content": "还挺像的？"}, {"uid": "25071515", "content": "一模一样"}, {"uid": "245172396", "content": "草，好像啊"}, {"uid": "669348166", "content": "黑白双煞"}, {"uid": "2936756", "content": "Tia小姐，我能成为你的鸟么"}, {"uid": "23242815", "content": "这俩双胞胎姐妹？"}, {"uid": "13196831", "content": "这配音还真挺像。。。"}, {"uid": "10502048", "content": "哈哈哈哈"}, {"uid": "163589382", "content": "生怕她捅到鼻孔"}, {"uid": "1676812205", "content": "你们有吗我有"}, {"uid": "13100453", "content": "妹啊，你搁这扣眼珠子啊"}, {"uid": "479398957", "content": "鹅鹅鹅鹅鹅"}, {"uid": "37865026", "content": "憨憨的手势"}, {"uid": "36992683", "content": "这不是憨憨眼神么"}, {"uid": "24766414", "content": "你先出还是她先出"}, {"uid": "45983435", "content": "23333"}, {"uid": "103118473", "content": "你这样的手势是不是还差一个眼镜了。"}, {"uid": "28523576", "content": "人家是中二，你是中一"}, {"uid": "343636462", "content": "上仙大人你肿么了"}, {"uid": "38884472", "content": "戳眼珠子，抠鼻孔"}, {"uid": "349266828", "content": "？？？？？？"}, {"uid": "642548288", "content": "大师我悟了《你悟个锤子》"}, {"uid": "163589382", "content": "还挺像"}, {"uid": "15832793", "content": "我还以要竖中指"}, {"uid": "103393035", "content": "gusha"}, {"uid": "273266769", "content": "太像了"}, {"uid": "46851033", "content": "你管着叫中二"}, {"uid": "17324542", "content": "一致"}, {"uid": "38206424", "content": "太像了"}, {"uid": "39199991", "content": "挖鼻孔. gif"}, {"uid": "84922589", "content": "草"}, {"uid": "82195850", "content": "草"}, {"uid": "474672974", "content": "小心把眼睛"}, {"uid": "395096135", "content": "挖鼻孔"}, {"uid": "516801578", "content": "草"}, {"uid": "38550786", "content": "草"}, {"uid": "175794963", "content": "小艾米，回来吃饭了"}, {"uid": "7821538", "content": "草好像"}, {"uid": "1228521022", "content": "有你好果汁吃  gif"}, {"uid": "20317592", "content": "草"}, {"uid": "13356152", "content": "草"}, {"uid": "40386896", "content": "只能说一模一样"}, {"uid": "2142794", "content": "好像啊草"}, {"uid": "18241852", "content": "草"}, {"uid": "15227798", "content": "就是本人"}, {"uid": "457131", "content": "抠鼻手势"}, {"uid": "13196831", "content": "草"}, {"uid": "16330944", "content": "奥兹我不知道，奥托还是没问题的"}, {"uid": "482685256", "content": "就差个眼罩了"}, {"uid": "280644610", "content": "大哥抽中华"}, {"uid": "174280200", "content": "确实有点内味"}, {"uid": "80636744", "content": "抠眼睛"}, {"uid": "23762888", "content": "草"}, {"uid": "11696942", "content": "草"}, {"uid": "5833488", "content": "草"}, {"uid": "293582857", "content": "草"}, {"uid": "107537988", "content": "果然还是有点放不开。"}, {"uid": "4494836", "content": "草"}, {"uid": "4295249", "content": "咯咯咯咯咯咯"}, {"uid": "565666776", "content": "你这怎么看着这么S啊？"}, {"uid": "50437230", "content": "那啥！这有鼻子吗？挖鼻孔"}, {"uid": "3404142", "content": "没有中，只是二"}, {"uid": "5095", "content": "挖鼻孔手势"}, {"uid": "385746108", "content": "草"}, {"uid": "485886411", "content": "？？？"}, {"uid": "14458191", "content": "我傻了……"}, {"uid": "18573481", "content": "小艾米别玩了，回家吃饭了"}, {"uid": "174280200", "content": "？？？"}, {"uid": "3484010", "content": "草"}, {"uid": "53292741", "content": "草"}, {"uid": "14191135", "content": "有点色（"}, {"uid": "245100357", "content": "你明明是斯卡蒂"}, {"uid": "565415", "content": "这是在抠鼻子吗"}, {"uid": "2202755", "content": "草"}, {"uid": "525804556", "content": "草"}, {"uid": "395224974", "content": "？？"}, {"uid": "457131", "content": "草"}, {"uid": "600562", "content": "？"}, {"uid": "516801578", "content": "草"}, {"uid": "516801578", "content": "草"}, {"uid": "200394185", "content": "有点像诶"}, {"uid": "245100357", "content": "你是斯卡蒂"}, {"uid": "491078469", "content": "D了"}, {"uid": "400636653", "content": "真的好像"}, {"uid": "434994373", "content": "！"}, {"uid": "108551", "content": "嗯嗯嗯~还是你比较憨憨的~（笑）"}, {"uid": "8205405", "content": "把自己尬死了"}, {"uid": "230512521", "content": "不像"}, {"uid": "14105254", "content": "你TM还真像"}, {"uid": "32511002", "content": "？"}, {"uid": "289215067", "content": "草"}, {"uid": "94624689", "content": "桃子"}, {"uid": "12253753", "content": "好憨"}, {"uid": "474986756", "content": "就是你配的吧"}, {"uid": "30707801", "content": "hso"}, {"uid": "34260922", "content": "憨"}, {"uid": "411111", "content": "？"}, {"uid": "4996448", "content": "？"}, {"uid": "48382", "content": "憨憨的"}, {"uid": "27229667", "content": "人家中二你憨憨"}, {"uid": "35595081", "content": "好像啊"}, {"uid": "29657893", "content": "并不中二"}, {"uid": "229472767", "content": "为什么抠鼻子"}, {"uid": "431330978", "content": "你妹吧"}, {"uid": "162960690", "content": "憨"}, {"uid": "200394185", "content": "抠鼻"}, {"uid": "402916517", "content": "？"}, {"uid": "73827141", "content": "你是斯卡蒂"}, {"uid": "569298", "content": "对自己没点b数？"}, {"uid": "52715415", "content": "别光说词，动作哪？"}, {"uid": "32048245", "content": "—ᐃ—"}, {"uid": "472089373", "content": "啥b"}]