[{"uid": "400185266", "content": "以上简称，没钱，抽不到"}, {"uid": "32778035", "content": "我愿意！！！"}, {"uid": "32778035", "content": "我愿意！！"}, {"uid": "95822456", "content": "大家一定要帮帮蒂蒂"}, {"uid": "406116562", "content": "我们大弱小了"}, {"uid": "434765119", "content": "鬼知道我听了几遍"}, {"uid": "85366109", "content": "然而红蒂世界线里把博士全家都砍了（）"}, {"uid": "6430863", "content": "女主角之一搞成限定反而奇怪吧"}, {"uid": "517242103", "content": "核废水~"}, {"uid": "313360892", "content": "这是军费，不能省"}, {"uid": "674632171", "content": "亡 灵"}, {"uid": "55497707", "content": "雀氏蟀"}, {"uid": "13949530", "content": "红蒂是其他时间线了，看她的语录博士对她憎恨"}, {"uid": "288277582", "content": "我愿意！！"}, {"uid": "478764919", "content": "damedane～"}, {"uid": "288309715", "content": "为什么是亡灵？"}, {"uid": "3802140", "content": "亲友被杀了"}, {"uid": "52662905", "content": "百万文案"}, {"uid": "13243204", "content": "草，朋友焊家人，熟悉的味道"}, {"uid": "49189005", "content": "像是在演讲..."}, {"uid": "23252944", "content": "啊啊啊，抽不到"}, {"uid": "1325045495", "content": "你们听错了是摔醒不是帅醒"}, {"uid": "32974431", "content": "克苏鲁"}, {"uid": "240882152", "content": "很中二也很酷，美少女太棒力"}, {"uid": "4839993", "content": "不 她就是憨而已 hhhhhh"}, {"uid": "24476547", "content": "然而红蒂档案里塞满了刀"}, {"uid": "197485947", "content": "好奇怪的表情啊（doge）"}, {"uid": "478350690", "content": "实际上还有点憨"}, {"uid": "3384911", "content": "然后敌我同源。"}, {"uid": "426290510", "content": "不不不只是觉得凯尔希陪跑好像更赚了"}, {"uid": "23762888", "content": "草"}, {"uid": "492810", "content": "卡了？"}, {"uid": "374698526", "content": "巨 大（物理）"}, {"uid": "104677", "content": "可惜这次博士只出现在了红蒂蒂的干员档案里（笑哭"}, {"uid": "281087999", "content": "然而没有不满的原因是因为凯尔希更好抽了"}, {"uid": "378956414", "content": "老人与海"}, {"uid": "53844847", "content": "我知道你是在暗示那个，好了别说了，拷走"}, {"uid": "56321", "content": "快乐小虎鲸甚至连基建都没法值班"}, {"uid": "163683232", "content": "l2蒂不来，先蒂喜提第四潜"}, {"uid": "473913303", "content": "摔醒（幻听）"}, {"uid": "160273359", "content": "凯尔希"}, {"uid": "674632171", "content": "亡 灵"}, {"uid": "4839993", "content": "深海爱抖露"}, {"uid": "690767979", "content": "红刀哥可比这难攻略多了"}, {"uid": "37865026", "content": "见异思迁好卡tia"}, {"uid": "404573515", "content": "配合二营长在基建996"}, {"uid": "399197477", "content": "还有阻挡减一时的无奈"}, {"uid": "444698399", "content": "难以名状（手动脸红）"}, {"uid": "160273359", "content": "小羊有皮肤拉啊啊啊"}, {"uid": "288277582", "content": "我愿意！"}, {"uid": "2397005", "content": "一开始就用红色形态不就好了嘛"}, {"uid": "172437636", "content": "不是限定没动态立绘啊"}, {"uid": "25331", "content": "damedane"}, {"uid": "22574681", "content": "摔醒（幻听）"}, {"uid": "37865026", "content": "女士的体重可是秘密哦"}, {"uid": "28778430", "content": "先蒂连基建都上不去（）"}, {"uid": "38543573", "content": "指300吃井（"}, {"uid": "362793330", "content": "先蒂站起来了"}, {"uid": "228783717", "content": "庞贝？[滑稽]"}, {"uid": "8153685", "content": "啊，开服骗我石头的女人"}, {"uid": "378956414", "content": "来了"}, {"uid": "399918016", "content": "我们联合！"}, {"uid": "182559345", "content": "饿灵？恶灵!"}, {"uid": "1321926506", "content": "我的蒂蒂"}, {"uid": "3188964", "content": "红蒂算是if线里的"}, {"uid": "252701284", "content": "再来一遍"}, {"uid": "498903477", "content": "人气一直保持第一"}, {"uid": "240882152", "content": "双马尾！！！"}, {"uid": "13096050", "content": "呜呜呜呜呜呜呜呜呜别说了已经哭了"}, {"uid": "25192918", "content": "嗯，赫卡你是没抽到吗？"}, {"uid": "1420003", "content": "没抽到……"}, {"uid": "436546231", "content": "好憨啊"}, {"uid": "370417656", "content": "一分钟热乎的"}, {"uid": "39778048", "content": "被自己摔醒"}, {"uid": "470157993", "content": "为斯卡蒂献上心脏！！！"}, {"uid": "301868772", "content": "不，蒂蒂没有好用的基建技能，基建里都没用"}, {"uid": "415205021", "content": "你脸红个泡泡茶壶"}, {"uid": "7808078", "content": "可是我爱她"}, {"uid": "216099981", "content": "谁说的，前面剧情和最后凯尔希不都提到了嘛（）"}, {"uid": "3384911", "content": "说明大剑不如狩猎笛。"}, {"uid": "489246410", "content": "我愿意"}, {"uid": "3675179", "content": "可是蒂蒂的手术刀效果挺好用的"}, {"uid": "22574681", "content": "斯卡蒂好耶"}, {"uid": "424443131", "content": "啊啊啊啊"}, {"uid": "7310542", "content": "妩(wu)媚"}, {"uid": "319201867", "content": "寄生兽的BGM？"}, {"uid": "86483506", "content": "说白了你就是沉了呗"}, {"uid": "5853953", "content": "哦哦哦第二期这么快"}, {"uid": "24727251", "content": "怎么打危机合约草"}, {"uid": "15448905", "content": "kksk"}, {"uid": "38684252", "content": "别尬黑，蓝蒂原本连基建都不配，只会睡觉（"}, {"uid": "131652679", "content": "蒂蒂救是憨罢了"}, {"uid": "38684252", "content": "不是，歌蒂基建体系不也是和红蒂一起来的，以前蓝蒂进不了基建有问题吗"}, {"uid": "12894171", "content": "没错就是内个"}, {"uid": "3384911", "content": "不够色！"}, {"uid": "104677", "content": "一看上一个发言的就不知道师姐的深海猎人基建体系"}, {"uid": "35176869", "content": "蒂蒂拔剑警告噢"}, {"uid": "487987650", "content": "5分钟"}, {"uid": "296093", "content": "L2蒂！"}, {"uid": "702307750", "content": "这有什么震惊的？凯太后如果是限定的话才震惊吧。不懂"}, {"uid": "38648287", "content": "..   。.m.. M.。。.。。..。。..。 .  N。。。。。。。。。。 。..。.。. M...。。.. 。。。不。.你们.。。。.m。 .mb.。.m. 。。。.m.....。。.。 。。"}, {"uid": "16587507", "content": "可惜这次剧情博士连个影子都没出现"}]