[{"uid": "7598202", "content": "说得好 但我选择被帝君使唤"}, {"uid": "273869843", "content": "最古老的网骗梅林"}, {"uid": "6404594", "content": "tia别这样，孩子怕怕"}, {"uid": "229264", "content": "圣女特拉西亚"}, {"uid": "11257822", "content": "然后被小莫坑了"}, {"uid": "94489566", "content": "双厨狂喜"}, {"uid": "295226444", "content": "赫德雷"}, {"uid": "651598523", "content": "三厨狂喜"}, {"uid": "1964596", "content": "我愿意加入罗德岛"}, {"uid": "164791", "content": "所以我们要用打牌来给凯尔希带来笑容"}, {"uid": "8805036", "content": "亚瑟王不可能是女孩.jpg"}, {"uid": "419371", "content": "歪了"}, {"uid": "94774699", "content": "异客.jpg"}, {"uid": "94774699", "content": "推王（）"}, {"uid": "40658536", "content": "殿下!"}, {"uid": "8144195", "content": "凯尔希呢"}, {"uid": "38194944", "content": "三厨狂喜"}, {"uid": "225081065", "content": "可露希尔，华法琳，还有一个是？"}, {"uid": "476767022", "content": "指布姐"}, {"uid": "446868141", "content": "想要凯尔希"}, {"uid": "36043881", "content": "愿意"}, {"uid": "84812", "content": "手腕强劲*物理"}, {"uid": "63547677", "content": "呜呜呜呜呜凯猫猫最棒了"}, {"uid": "31990", "content": "saber是被制造出来继承英格兰的兵器是命中注定的"}, {"uid": "3949407", "content": "这张图是我的桌面"}, {"uid": "2243610", "content": "是不是跑题了"}, {"uid": "51968140", "content": "阿瓦隆的少女"}, {"uid": "51968140", "content": "老fsnBGM了"}, {"uid": "35176869", "content": "我愿意"}, {"uid": "1562936", "content": "我想当你的骑士"}, {"uid": "1562936", "content": "我老婆真可爱"}, {"uid": "1562936", "content": "卫宫饭，型月为数不多的治愈番"}, {"uid": "1562936", "content": "琴团长！！"}, {"uid": "1562936", "content": "梅林：王の話しをするとしよう"}, {"uid": "1562936", "content": "人物志企划好啊"}, {"uid": "17492130", "content": "罗马不列颠"}, {"uid": "23391322", "content": "这个我当时看到都笑爆了"}, {"uid": "13167500", "content": "逐渐离题"}, {"uid": "76601018", "content": "吃货"}, {"uid": "830157", "content": "wink whl"}, {"uid": "32919536", "content": "愿意"}, {"uid": "207523878", "content": "贞德：喵喵喵？"}, {"uid": "32919536", "content": "华法琳"}, {"uid": "32919536", "content": "慑砂？"}, {"uid": "19426338", "content": "道理我都懂，但是为什么怪都是我们打"}, {"uid": "12754387", "content": "然后变成anti（指兰斯洛特）"}, {"uid": "62537207", "content": "突然感觉tia有种二傻子的感觉"}, {"uid": "12754387", "content": "那时候还叫不列颠吧"}, {"uid": "234315366", "content": "奶油蓝莓蛋糕（不是）"}, {"uid": "12754387", "content": "更大一些，她想要消除整片大地的不公"}, {"uid": "12754387", "content": "更大一些，她想要消除整片大地的不公"}, {"uid": "12754387", "content": "隘口"}, {"uid": "234315366", "content": "口胡tia～"}, {"uid": "12754387", "content": "在？什么时候又关注了一个剧情区up"}, {"uid": "22496122", "content": "放屁，明明都是我们旅行者解决的"}, {"uid": "296093", "content": "声音很好听啊！"}, {"uid": "8148499", "content": "异客JPG"}, {"uid": "48826923", "content": "为凯尔蒂献上心脏！"}, {"uid": "8652981", "content": "因为凯尔希入的坑，她怎么谜语我，我都爱她"}, {"uid": "286539", "content": "bgm好评"}, {"uid": "318450918", "content": "我要凯尔希"}, {"uid": "1957735", "content": "我怎么觉得是她手下太没用了……"}, {"uid": "163589382", "content": "好家伙，开幕握力计"}, {"uid": "3829663", "content": "文案很棒"}, {"uid": "27279187", "content": "otto！"}, {"uid": "22574681", "content": "老女人好耶！"}, {"uid": "5405270", "content": "人均巨婴，找猫也要琴来做"}, {"uid": "808813", "content": "懂了 您也是老女人"}, {"uid": "51968140", "content": "我一定要抱住老太婆"}, {"uid": "1562936", "content": "ohhhh"}, {"uid": "318450918", "content": "跑题了"}, {"uid": "419371", "content": "更歪了"}, {"uid": "283650658", "content": "双厨狂喜"}, {"uid": "44525327", "content": "琴"}, {"uid": "25773", "content": "hso"}, {"uid": "37865026", "content": "tia，危"}, {"uid": "94811338", "content": "没，说你是老太婆而已（）"}, {"uid": "12754387", "content": "可惜梅林在fgo的片场是幻神，在方舟那里就。。"}, {"uid": "45553413", "content": "我想要W，不想要凯尔西"}, {"uid": "22574681", "content": "明日方舟好耶"}]