[{"uid": "626982989", "content": "病入高shuang（我不行了hhh"}, {"uid": "18413061", "content": "好，没有下一期了"}, {"uid": "5853953", "content": "懂了，吃缩小药自己变成孩子"}, {"uid": "5853953", "content": "草"}, {"uid": "35629196", "content": "是老女人"}, {"uid": "182559345", "content": "72小时（指正）"}, {"uid": "182559345", "content": "馋 食 着 这 片 大 地"}, {"uid": "182559345", "content": "老丈育了"}, {"uid": "109365", "content": "太后 我的超人"}, {"uid": "104655981", "content": "草"}, {"uid": "535339799", "content": "最爱凯尔希！"}, {"uid": "693211378", "content": "懂了，先手撕一个大蝶为敬"}, {"uid": "693211378", "content": "医生（指标签中带“输出”）"}, {"uid": "693211378", "content": "罗德岛最危险的部门"}, {"uid": "198599334", "content": "舒伯特的小夜曲?"}, {"uid": "342940308", "content": "等等，你简介写的什么？"}, {"uid": "1690013", "content": "我懂了，生米煮成熟饭"}, {"uid": "491787492", "content": "好活"}, {"uid": "384637", "content": "？"}, {"uid": "3931197", "content": "丈育少女tia"}, {"uid": "22172885", "content": "zan\\zhan"}, {"uid": "6725754", "content": "垫了吧？你今天必被当握力计"}, {"uid": "3135054", "content": "是泰拉奥特曼（bushi"}, {"uid": "5500159", "content": "丈育suki"}, {"uid": "227410851", "content": "病 入 膏 霜"}, {"uid": "33220000", "content": "stm捡孩子"}, {"uid": "33136342", "content": "草"}, {"uid": "73829529", "content": "力lan狂澜哈哈哈"}, {"uid": "3284662", "content": "刚刚（指都快一个月了）"}, {"uid": "19426338", "content": "她说的好有道理，我竟无言以对"}, {"uid": "87603969", "content": "我永远喜欢凯尔希"}, {"uid": "40846947", "content": "大家好，她是每天早上都滚下床摔醒的赫卡提亚"}, {"uid": "535339799", "content": "别参与竞争了，海猫是你的。"}, {"uid": "38884472", "content": "生孩子吧"}, {"uid": "12754387", "content": "电流麦？"}, {"uid": "22172885", "content": "馋食.jpg"}, {"uid": "3059616", "content": "这个标题就要被握力计"}, {"uid": "3353725", "content": "剧情到现在都没看"}, {"uid": "11440957", "content": "old one凯尔希"}, {"uid": "693211378", "content": "替身使者"}, {"uid": "411685765", "content": "我只看到了Mo3ter"}, {"uid": "73398334", "content": "幕后流大boss，永远的神"}, {"uid": "375761645", "content": "丈育少女"}, {"uid": "47141078", "content": "是奥特曼"}, {"uid": "39596992", "content": "我信了"}, {"uid": "442045805", "content": "嘶，有道理，马上就变握力计"}, {"uid": "496369428", "content": "尸体在说话"}, {"uid": "36964030", "content": "是我老婆啊"}, {"uid": "686933670", "content": "一个老女人"}, {"uid": "148064722", "content": "来了！"}, {"uid": "539999401", "content": "好说得好"}, {"uid": "13219182", "content": "丈育"}, {"uid": "109389235", "content": "？？？？？"}, {"uid": "14468357", "content": "我信了"}, {"uid": "62237466", "content": "刚刚"}, {"uid": "688352964", "content": "十分钟好耶"}]