[{"uid": "16809101", "content": "我们人民警察才不会听你的鬼话.jpg"}, {"uid": "189431964", "content": "要求全文背诵？"}, {"uid": "283302254", "content": "没有，毫无兴趣"}, {"uid": "1808632", "content": "慕风蘑菇精"}, {"uid": "479213200", "content": "可莉，七七，迪奥娜，应急食品(派蒙)"}, {"uid": "147756094", "content": "阿比呢？"}, {"uid": "14774026", "content": "的确，有理有据"}, {"uid": "3628862", "content": "杰克女儿赛高！"}, {"uid": "291388809", "content": "FBI：你们说，我听着"}, {"uid": "687634487", "content": "臣附议"}, {"uid": "30185849", "content": "套盾，挂冰回血，可丽负责被打飞（dog）"}, {"uid": "37865026", "content": "tialap了"}, {"uid": "12687933", "content": "fbi！"}, {"uid": "104655981", "content": "草加火会自燃"}, {"uid": "275515", "content": "我先放一个fbi在这里"}, {"uid": "104655981", "content": "我都和可莉一起炸鱼几个版本了"}, {"uid": "1271249", "content": "应该是风系，还是大剑"}, {"uid": "575801", "content": "对确实没错"}, {"uid": "9035713", "content": "钱都不是问题，所以赶紧给我出"}, {"uid": "5671978", "content": "弹幕兽疑惑并且大受震惊"}, {"uid": "1562936", "content": "在理"}, {"uid": "1562936", "content": "我们人民警察才不会听你的鬼话.jpg"}, {"uid": "1562936", "content": "歪？妖妖灵吗？"}, {"uid": "1562936", "content": "草"}, {"uid": "1562936", "content": "可惜是风系(悲)"}, {"uid": "296093", "content": "新 手 桌"}, {"uid": "13918667", "content": "fbi！"}, {"uid": "230865908", "content": "我全齐了无意的！！"}, {"uid": "65603367", "content": "啊这，可惜是风系"}, {"uid": "27684367", "content": "草，圣经咏唱"}, {"uid": "217797936", "content": "神仙麻将"}, {"uid": "31876947", "content": "圣经吟唱"}, {"uid": "384637", "content": "FBI!OPEN THE DOOR!"}, {"uid": "128582", "content": "经典项目"}, {"uid": "13918667", "content": "应该是风系来着 "}, {"uid": "418052780", "content": "烟绯：那我走？"}, {"uid": "3538191", "content": "早柚是风大剑···"}, {"uid": "626973414", "content": "口水收一下姐姐"}, {"uid": "496710", "content": "？泳衣？"}, {"uid": "40747045", "content": "哈哈哈哈哈"}, {"uid": "32352767", "content": "FBI open the door"}, {"uid": "39982165", "content": "马上就有第四位了，早柚"}, {"uid": "1562936", "content": "后面还有个早柚"}, {"uid": "8410634", "content": "FBI"}, {"uid": "73827141", "content": "？？？？"}, {"uid": "512756", "content": "早柚！！！"}, {"uid": "109389235", "content": "?????????"}, {"uid": "18196409", "content": "河南拔智齿"}, {"uid": "346403209", "content": "草"}, {"uid": "207571681", "content": "？"}, {"uid": "157449344", "content": "不是风系么"}, {"uid": "1562936", "content": "双冰火风"}, {"uid": "455010369", "content": "三分钟好耶"}, {"uid": "512756", "content": "是风系"}, {"uid": "102912932", "content": "瑶瑶"}, {"uid": "67273252", "content": "草系说的是瑶瑶吧"}, {"uid": "267482895", "content": "瑶瑶无期"}, {"uid": "35176869", "content": "fbi"}, {"uid": "1562936", "content": "awsl"}, {"uid": "1562936", "content": "死库水来一个"}, {"uid": "398887822", "content": "全都有表示很爽"}, {"uid": "398804159", "content": "舟游圣经散播"}, {"uid": "57725088", "content": "风"}, {"uid": "3681870", "content": "yyky点了一个踩"}, {"uid": "637995031", "content": "八分钟！"}, {"uid": "1808632", "content": "？？？？？"}, {"uid": "65603367", "content": "瑶瑶"}, {"uid": "319189017", "content": "早柚是风系。。。"}, {"uid": "19116938", "content": "确实"}, {"uid": "280383681", "content": "瑶瑶你快来啊！"}, {"uid": "1562936", "content": "好土哇"}, {"uid": "87590945", "content": "风系吧"}]