[{"uid": "4045162", "content": "草没锁定"}, {"uid": "259169", "content": "委屈屈"}, {"uid": "40846678", "content": "whl"}, {"uid": "339833688", "content": "这也太可爱了吧"}, {"uid": "345757794", "content": "yoxiyoxi"}, {"uid": "345757794", "content": "www"}, {"uid": "44626346", "content": "我第一次打排位的时候也以为时间到了自动选英雄"}, {"uid": "67298395", "content": "直播回来，无限循环"}, {"uid": "131652679", "content": "委屈溢出屏幕，whl"}, {"uid": "39215076", "content": "awsl"}, {"uid": "9127168", "content": "来了来了"}, {"uid": "341048421", "content": "www"}, {"uid": "341048421", "content": "看不懂太真实了"}, {"uid": "131652679", "content": "草，开幕雷击"}, {"uid": "8417344", "content": "baka民狂喜"}, {"uid": "51286444", "content": "太可爱了"}, {"uid": "16872400", "content": "wwwww"}, {"uid": "67298395", "content": "来了来了"}, {"uid": "179162519", "content": "可爱可爱"}, {"uid": "7245334", "content": "哈哈"}, {"uid": "4130547", "content": "wwww"}, {"uid": "2429782", "content": "太可爱了"}, {"uid": "179162519", "content": "awsl"}, {"uid": "4130547", "content": "阿这"}, {"uid": "67298395", "content": "可爱"}, {"uid": "34202139", "content": "wwwwww"}, {"uid": "131652679", "content": "whl"}, {"uid": "8417344", "content": "笨笨rinrin sukiki"}, {"uid": "293349718", "content": "wwwwww"}, {"uid": "14326228", "content": "www"}, {"uid": "31266958", "content": "www"}, {"uid": "1284494", "content": "BAGA"}, {"uid": "1284494", "content": "好耶"}, {"uid": "51286444", "content": "世界上真的可以存在这么可爱的人吗"}, {"uid": "9040510", "content": "韩语？"}, {"uid": "363145917", "content": "www"}, {"uid": "67298395", "content": "真有人陪我一起看吗"}, {"uid": "9643544", "content": "www"}]