[{"uid": "3970880", "content": "被点了笑穴"}, {"uid": "40781307", "content": "诺手反向拉"}, {"uid": "131652679", "content": "被戳中笑点了"}, {"uid": "392582", "content": "笑的不动了还行"}, {"uid": "131652679", "content": "哈哈哈哈"}, {"uid": "316690828", "content": "天才哈哈"}, {"uid": "34814982", "content": "只要我跑得够快，队友的问号就追不上我"}, {"uid": "9127168", "content": "✿✿ヽ(°▽°)ノ✿"}, {"uid": "8417344", "content": "史诗级大招"}, {"uid": "131652679", "content": "韦神表示很赞"}, {"uid": "4130547", "content": "笑死"}, {"uid": "38106116", "content": "草"}, {"uid": "170204766", "content": "？？？"}, {"uid": "1552383", "content": "满屏问号"}, {"uid": "4130547", "content": "草"}, {"uid": "4045162", "content": "草"}, {"uid": "67298395", "content": "哈哈哈"}, {"uid": "88179909", "content": "哈哈哈哈哈哈 "}]