[{"uid": "23576276", "content": "kawayi！！！"}, {"uid": "397698233", "content": "mohumohu"}, {"uid": "179162519", "content": "太可爱了"}, {"uid": "179162519", "content": "好可爱"}, {"uid": "179162519", "content": "太可爱了"}, {"uid": "341048421", "content": "可爱哈哈哈"}, {"uid": "392582", "content": "有封底了 好耶"}, {"uid": "548598279", "content": "可爱"}, {"uid": "44626346", "content": "好可爱"}, {"uid": "17850931", "content": "可以揉肚子么"}, {"uid": "1284494", "content": "可以动"}, {"uid": "293349718", "content": "可爱!!!!!!"}, {"uid": "12226098", "content": "awsl"}, {"uid": "397698233", "content": "想吸"}, {"uid": "12226098", "content": "我上电视啦！（兴奋脸）"}, {"uid": "179162519", "content": "可爱可爱"}, {"uid": "8417344", "content": "可爱可爱可爱可爱"}, {"uid": "23576276", "content": "kawayi！"}]