[{"uid": "4045162", "content": "草草"}, {"uid": "22965915", "content": "哈哈哈"}, {"uid": "263259", "content": "真实九打一"}, {"uid": "404741957", "content": "压起身，草，笑出声了"}, {"uid": "4045162", "content": "草，压起身"}, {"uid": "4045162", "content": "草，真就全队之力来杀"}, {"uid": "4045162", "content": "草"}, {"uid": "23191481", "content": "太惨了"}, {"uid": "23191481", "content": "taicanle"}, {"uid": "20619959", "content": "草"}, {"uid": "207613158", "content": "这也太草了"}, {"uid": "348504366", "content": "太狠了"}, {"uid": "348504366", "content": "给你看个好东西"}, {"uid": "348504366", "content": "哈哈哈"}, {"uid": "477890389", "content": "神坑"}, {"uid": "179162519", "content": "好可爱"}, {"uid": "8417344", "content": "瞎子好闪！"}, {"uid": "8417344", "content": "草 好R!"}, {"uid": "135327", "content": "这太anti了"}, {"uid": "135327", "content": "草，生了出来"}, {"uid": "25873203", "content": "草！"}, {"uid": "276801302", "content": "hhhhh"}, {"uid": "75042849", "content": "哈哈哈"}, {"uid": "1729451", "content": "春玲问号"}, {"uid": "4045162", "content": "笑死我了"}, {"uid": "263259", "content": "哈哈哈"}, {"uid": "341048421", "content": "草"}, {"uid": "33085399", "content": "草"}, {"uid": "363145917", "content": "好惨"}, {"uid": "197211103", "content": "被卖了？"}, {"uid": "82399285", "content": "草"}, {"uid": "293349718", "content": "残忍  无情"}, {"uid": "8417344", "content": "petica铁anti论成立"}, {"uid": "179162519", "content": "草"}, {"uid": "31321713", "content": "草"}, {"uid": "363145917", "content": "呜呜呜呜呜呜呜呜呜"}, {"uid": "223993", "content": "呐"}, {"uid": "1596750", "content": "内鬼P"}, {"uid": "363145917", "content": "啊这"}, {"uid": "33085399", "content": "草"}, {"uid": "4130547", "content": "www"}, {"uid": "33911402", "content": "这部举报？？"}]