[{"uid": "259169", "content": "让她懂完了"}, {"uid": "5785365", "content": "踩我踩我"}, {"uid": "3970880", "content": "还会踩一下？还有这种好事？"}, {"uid": "33085399", "content": "草"}, {"uid": "341048421", "content": "草"}, {"uid": "411956117", "content": "草  毫不犹豫"}, {"uid": "15138435", "content": "带恶人"}, {"uid": "170204766", "content": "开幕雷击"}, {"uid": "49208238", "content": "一天一个是会沉到水里的"}, {"uid": "131652679", "content": "好耶"}, {"uid": "39204203", "content": "草"}, {"uid": "3285476", "content": "DD习惯了已经"}, {"uid": "411956117", "content": "哈哈哈哈哈哈哈哈哈哈"}, {"uid": "259169", "content": "踩一脚"}, {"uid": "259169", "content": "DD都会游泳 不怕的"}, {"uid": "75042849", "content": "草"}, {"uid": "9232275", "content": "我一直是dd捏"}, {"uid": "33085399", "content": "哈哈哈"}, {"uid": "348504366", "content": "太会了"}, {"uid": "131652679", "content": "哈哈哈"}, {"uid": "471978", "content": "有这种好事？"}, {"uid": "16881547", "content": "真实"}, {"uid": "348504366", "content": "感动。。"}, {"uid": "8387458", "content": "草"}, {"uid": "9617502", "content": "草"}, {"uid": "392582", "content": "草 开幕雷击"}, {"uid": "5019057", "content": "草"}, {"uid": "20619959", "content": "www"}, {"uid": "8791804", "content": "草"}, {"uid": "351977989", "content": "务必踩我"}, {"uid": "31187158", "content": "是抖s！"}, {"uid": "3285476", "content": "一天单推一个算吗"}, {"uid": "485456492", "content": "是我了"}, {"uid": "416981534", "content": "哈哈哈"}, {"uid": "170204766", "content": "kusa"}]