[{"uid": "25262699", "content": "hso"}, {"uid": "25262699", "content": "hso"}, {"uid": "31546332", "content": "草"}, {"uid": "32278234", "content": "草"}, {"uid": "23562069", "content": "草"}, {"uid": "114514776", "content": "草"}, {"uid": "89655052", "content": "三岁就开始玩健身环"}, {"uid": "51934146", "content": "好可爱"}, {"uid": "51934146", "content": "得意面具"}, {"uid": "3285476", "content": "kawaii"}, {"uid": "3285476", "content": "草"}, {"uid": "3285476", "content": "啊这"}, {"uid": "3285476", "content": "草"}, {"uid": "4130547", "content": "摸鱼"}, {"uid": "4130547", "content": "草"}, {"uid": "4130547", "content": "hso"}, {"uid": "4130547", "content": "草"}, {"uid": "18686167", "content": "啊这"}, {"uid": "25262699", "content": "hso"}, {"uid": "8417344", "content": "桃铁 动森 MC地下城 pokemon 还挺多游戏"}, {"uid": "8417344", "content": "rinfit("}, {"uid": "179162519", "content": "可爱可爱"}, {"uid": "225371492", "content": "竟然不是deburin"}, {"uid": "225371492", "content": "rnrin的体力挺好的"}, {"uid": "225371492", "content": "www 孩子终于体验到了乐趣"}]