[{"uid": "15695780", "content": "？？？？？"}, {"uid": "15695780", "content": "桌子：你礼貌吗？"}, {"uid": "697984", "content": "未闻花名hhhh"}, {"uid": "344044436", "content": "哈哈哈"}, {"uid": "107160", "content": "....."}, {"uid": "20619959", "content": "火"}, {"uid": "20619959", "content": "但是味道大的是酸笋啊w"}, {"uid": "20619959", "content": "草"}, {"uid": "5015995", "content": "草"}, {"uid": "67833532", "content": "酸"}, {"uid": "12133535", "content": "日本人吃东西不好吃的话是不会说出来的，哈哈哈"}, {"uid": "12133535", "content": "香菜，要是被绑架了就眨眨眼"}, {"uid": "2651859", "content": "声优本来就要保护嗓子嘛"}, {"uid": "286751811", "content": "初见，可爱，DD"}, {"uid": "259312964", "content": "好家伙，翻译吃了多少桃子啊"}, {"uid": "259312964", "content": "桌子hp-10000"}, {"uid": "293278127", "content": "被发现了！"}, {"uid": "293278127", "content": "这不酸笋吗"}, {"uid": "293278127", "content": "也做碗螺蛳粉吃"}, {"uid": "293278127", "content": "机智啊"}, {"uid": "1540548", "content": "想起一天中午公司同时有人吃螺蛳粉和榴莲糖……那味道……真上头"}, {"uid": "24871527", "content": "经典哦依稀"}, {"uid": "24871527", "content": "哈哈哈哈哈"}, {"uid": "40613413", "content": "为什么反着念？！"}, {"uid": "87703245", "content": "会被赶去厕所"}, {"uid": "2684344", "content": "草"}, {"uid": "8929233", "content": "哈哈，呆萌的天使"}, {"uid": "2957060", "content": "没有特别酸，但是酸味很特别"}, {"uid": "65582317", "content": "如果在公司吃这个，第二天会因为左脚先进门被开除"}, {"uid": "4296441", "content": "妹啊，肚子饿了赶紧弄点吃的，小表情看着好可怜"}, {"uid": "65692841", "content": "你甚至不想吃两口"}, {"uid": "65692841", "content": "蚌埠住了"}, {"uid": "65692841", "content": "哈哈哈哈哈哈哈"}, {"uid": "65692841", "content": "哈哈哈哈哈"}, {"uid": "65692841", "content": "你倒是吃啊香菜"}, {"uid": "65692841", "content": "喜欢酸酸的味道，就吃了一口"}, {"uid": "65692841", "content": "会被开除吧（狗头）"}, {"uid": "65692841", "content": "致死量"}, {"uid": "65692841", "content": "鼻子一瞬间昏迷了哈哈哈哈哈"}, {"uid": "65692841", "content": "《一点不臭》"}, {"uid": "65692841", "content": "哈哈哈哈哈哈"}, {"uid": "65692841", "content": "噔噔咚"}, {"uid": "65692841", "content": "好奇，危"}, {"uid": "4025058", "content": "好 这就三联"}, {"uid": "179162519", "content": "可爱可爱"}]