[{"uid": "349229621", "content": "才发现啊"}, {"uid": "238808673", "content": "好孩子啊"}, {"uid": "11469957", "content": "草"}, {"uid": "509623911", "content": "哈哈哈哈哈"}, {"uid": "509623911", "content": "哈哈哈哈哈哈"}, {"uid": "22549109", "content": "这是在厕所直播吗？"}, {"uid": "130957373", "content": "kksk"}, {"uid": "38138351", "content": "可爱"}, {"uid": "443610176", "content": "？？？？？"}, {"uid": "422330", "content": "可爱天使"}, {"uid": "179162519", "content": "可爱可爱"}, {"uid": "1932262", "content": "草"}, {"uid": "90210632", "content": "哈哈哈哈"}, {"uid": "9190338", "content": "直播刷牙 哈哈"}, {"uid": "422330", "content": "可爱"}]