[{"uid": "29644843", "content": "太悲伤了www"}, {"uid": "4296441", "content": "也就十万啊"}, {"uid": "377796660", "content": "加油！"}, {"uid": "15418139", "content": "这话说的突然好悲伤啊"}, {"uid": "1637509", "content": "一般彩礼钱"}, {"uid": "1512927", "content": "类似于，心理咨询类的，我们也很难报销，特别是私人的心理咨询师"}, {"uid": "74511795", "content": "11w"}, {"uid": "74511795", "content": "草"}, {"uid": "1512927", "content": "可能还包括心理治疗吧？"}, {"uid": "1512927", "content": "精神类医疗，我国也只能报销一部分"}, {"uid": "39514744", "content": "初见单推结婚"}, {"uid": "20021802", "content": "我们有大病医疗社保…不过不知道这种病在不在内"}, {"uid": "8306433", "content": "我们国家的家暴现象其实是越来越少的"}, {"uid": "618037", "content": "医保没有覆盖的疾病就是这样"}, {"uid": "349229621", "content": "草"}, {"uid": "5754720", "content": "上一个自称欠债系的只保持了30分钟到设定"}, {"uid": "22534652", "content": "扣掉抽成十几个总督"}, {"uid": "2524734", "content": "有些病和药没入社保正常的"}, {"uid": "66964495", "content": "富贵病"}, {"uid": "352411", "content": "加油"}, {"uid": "597480", "content": "いい方向に進もう！"}, {"uid": "354293575", "content": "为什么高级医疗不给报？"}, {"uid": "354293575", "content": "这也太……"}, {"uid": "12022919", "content": "也就十万"}, {"uid": "31286105", "content": "草"}, {"uid": "259312964", "content": "可爱"}, {"uid": "35625606", "content": "十一万就能结婚的话因为不贵了www"}, {"uid": "786013", "content": "也还行？"}, {"uid": "6825148", "content": "草"}, {"uid": "13959556", "content": "6个总督"}, {"uid": "22965915", "content": "你是嗜睡，我是睡少了，天天头疼"}, {"uid": "179162519", "content": "可爱可爱"}, {"uid": "15223001", "content": "加油"}, {"uid": "15223001", "content": "啊这，，，，"}, {"uid": "10481048", "content": "哪个国家都有家暴的问题啊"}, {"uid": "10481048", "content": "可怜的孩子"}, {"uid": "435967166", "content": "一切都好起来的"}, {"uid": "12930385", "content": "草"}, {"uid": "242842214", "content": "也就十万"}, {"uid": "39514744", "content": "初见单推结婚"}, {"uid": "32191148", "content": "草"}, {"uid": "49131886", "content": "你来，我出二十万"}, {"uid": "349229621", "content": "但在日本那边很难凑集那么多吧"}, {"uid": "349229621", "content": "啊，确实"}, {"uid": "349229621", "content": "哈？"}, {"uid": "1497779", "content": "不过10w"}, {"uid": "190911079", "content": "草"}, {"uid": "1637509", "content": "彩礼钱比这多多了"}, {"uid": "16755759", "content": "草"}, {"uid": "21820", "content": "都11万了怎么个眼睛看的不超过10万？建议捐献"}, {"uid": "401243335", "content": "中国的房贷车贷比这吓人多了"}, {"uid": "9416741", "content": "也不是很多那个过来让我打个劫"}]