[{"uid": "28060528", "content": "草，吓我一激灵"}, {"uid": "3561759", "content": "草"}, {"uid": "6247656", "content": "哈哈哈"}, {"uid": "179162519", "content": "可爱可爱"}, {"uid": "179162519", "content": "太可爱了"}, {"uid": "112776970", "content": "她本来就是这样的啊2333"}, {"uid": "474628488", "content": "真巧，尤卡里也是我的翅膀之一（）"}, {"uid": "201631582", "content": "草草草"}, {"uid": "179162519", "content": "好可爱ww"}, {"uid": "15328777", "content": "学猪叫？"}]