[{"uid": "60296070", "content": "草"}, {"uid": "36824354", "content": "这是倒插门过去了喂"}, {"uid": "8808083", "content": "一妻多夫制"}, {"uid": "191154", "content": "千人倒插门"}, {"uid": "111516078", "content": "不是女方跟男方姓吗？草（中日双语）"}, {"uid": "11469957", "content": "入赘是吧wwww"}, {"uid": "11469957", "content": "攻守反转"}, {"uid": "10986324", "content": "草"}, {"uid": "38156670", "content": "两极反转"}, {"uid": "179162519", "content": "可爱可爱"}, {"uid": "11083062", "content": "草"}, {"uid": "228737564", "content": "bigmom！？"}, {"uid": "240768613", "content": "草"}, {"uid": "111516078", "content": "草"}, {"uid": "202517", "content": "？？？"}, {"uid": "11083062", "content": "草"}, {"uid": "352411", "content": "草"}, {"uid": "111516078", "content": "草"}, {"uid": "86918711", "content": "草"}]