[{"uid": "687066641", "content": "吓 出 母 语"}, {"uid": "1260157966", "content": "她急了她急了哈哈"}, {"uid": "162096121", "content": "就向日葵跟坚果"}, {"uid": "168053993", "content": "怼 着 空 气 互 动"}, {"uid": "86738199", "content": "也有人意识到了，这bgm很搭"}, {"uid": "441777523", "content": "很抱歉以这种方式认识你"}, {"uid": "477725843", "content": "美 俄 冷 战"}, {"uid": "651983623", "content": "常回家看看，不要让等待成为遗憾"}, {"uid": "440901425", "content": "图片仅供参考的是魔鬼撒？？"}, {"uid": "277553195", "content": "你的地球OL已停止运行"}, {"uid": "454161994", "content": "图片仅供参考，请以实物为准"}, {"uid": "454161994", "content": "又一个跟空气直播的"}, {"uid": "351414434", "content": "带土豆雷不用带单发了"}, {"uid": "301745317", "content": "喂，您好您的手机已欠费，请您试交话费"}, {"uid": "257792876", "content": "跳高僵尸：我杆儿都举累了"}, {"uid": "434983072", "content": "在这个冷漠的世界里，只有僵尸能给你带来一丝温暖doge"}, {"uid": "349011647", "content": "有土豆雷都不需要豌豆了"}, {"uid": "2873444", "content": "僵尸:我还要站多久"}, {"uid": "2873444", "content": "远离新型网络冷暴力"}, {"uid": "194599872", "content": "奇怪的认识方式"}, {"uid": "290770237", "content": "僵尸:麻溜开始吧，我累了"}, {"uid": "470594319", "content": "单发：原来我老了"}, {"uid": "512558290", "content": "首先把向日葵忽略，然后把其他的都放进去"}, {"uid": "355660397", "content": "看她笑得多开心(bushi"}, {"uid": "32674157", "content": "这时候要是有人发弹幕就是恐怖故事了"}, {"uid": "34054228", "content": "在这冷漠的世界，只有僵尸陪着你"}, {"uid": "539390810", "content": "僵尸：那我走？"}, {"uid": "454964655", "content": "与空气智斗志勇中…"}, {"uid": "27574332", "content": "僵尸：你能开始吗？我摇老半天了。毁灭吧赶紧的"}, {"uid": "88680163", "content": "您与世界已经断线"}, {"uid": "31848998", "content": "心里慌得一批"}, {"uid": "669375483", "content": "向日葵，樱桃炸弹，土豆地雷，大嘴花，寒冰豌豆，豌豆射手"}, {"uid": "566802034", "content": "很高兴以这种方式认识你。"}, {"uid": "23013078", "content": "此时此刻：KK：你死了"}, {"uid": "14983365", "content": "被集体遗弃233333"}, {"uid": "237526057", "content": "哈哈哈哈"}, {"uid": "486275586", "content": "心想：我不会凉了吧？"}, {"uid": "523055970", "content": "她急了她急了"}, {"uid": "523055970", "content": "假装是自己卡了"}, {"uid": "442440440", "content": "哈哈哈哈哈哈，我已经开始笑了"}, {"uid": "651983623", "content": "傻兔子企图互动"}, {"uid": "45848075", "content": "很抱歉以这种方式认识你"}, {"uid": "454161994", "content": "以为自己凉了，其实是B战崩了"}, {"uid": "411687469", "content": "大家都被你的王者气场吓退了。"}, {"uid": "411687469", "content": "因为你散发着一个王者的气场，没有人敢接近。"}, {"uid": "490507132", "content": "哈哈哈，表面一脸淡定"}, {"uid": "30270516", "content": "网 络 冷 爆 力（）"}, {"uid": "470594319", "content": "配上这个bgm哈哈哈"}, {"uid": "34365", "content": "网络冷暴力"}, {"uid": "7840340", "content": "哈哈哈，好委屈的样子"}, {"uid": "37152145", "content": "…这开头的“啊~呐”也太像某个屑兔子了……"}, {"uid": "435691627", "content": "她在笑 你看她笑得多开心"}, {"uid": "454964655", "content": "尝试缓解尴尬气氛"}, {"uid": "348676014", "content": "你这地球ol咋还会掉线啊，开个加速器吧"}, {"uid": "62858971", "content": "你看她在笑，她笑的多开心呐"}, {"uid": "576657416", "content": "音容宛在"}, {"uid": "227751411", "content": "新型网络暴力"}, {"uid": "37141131", "content": "凉了凉了，哈哈哈哈哈"}, {"uid": "437584666", "content": "这就是那个恐怖游戏啊"}, {"uid": "629000105", "content": "你应该问问你的姐姐是不是又做了什么坏事"}, {"uid": "11063064", "content": "内心慌得一批"}, {"uid": "491901852", "content": "大大的眼睛，超多的迷惑"}, {"uid": "66647951", "content": "完了要毕业了（"}, {"uid": "509995567", "content": "你应该改成灵异事件"}, {"uid": "11409944", "content": "我们约好了不理你/doge"}, {"uid": "385506288", "content": "僵尸：我还要等多久"}, {"uid": "1704105", "content": "这时候有人回答你不才是最恐怖的么233"}, {"uid": "432055636", "content": "虽然说不是不能通吧…但….."}, {"uid": "287293298", "content": "当时我连进都进不去"}, {"uid": "631071407", "content": "尝试与神明交流"}, {"uid": "215536068", "content": "她在另一个世界"}, {"uid": "402470106", "content": "铁粉↓"}, {"uid": "430648701", "content": "令人心酸"}, {"uid": "397639442", "content": "全选"}, {"uid": "482431529", "content": "很遗憾以这种方式认识你"}, {"uid": "508866100", "content": "我其实直接带双发和寒冰"}, {"uid": "16683912", "content": "跟空气斗智斗勇"}, {"uid": "676963173", "content": "我每次都选双发的"}, {"uid": "51400242", "content": "完了毕业了"}, {"uid": "222283871", "content": "我记得这个兔子不是白头发吗怎么变粉了"}, {"uid": "302546247", "content": "企图互动"}, {"uid": "7840340", "content": "反应可爱"}, {"uid": "37152145", "content": "斯   人   已   去"}, {"uid": "26189898", "content": "全世界只剩下自己一个人"}, {"uid": "351100066", "content": "内心忏悔"}, {"uid": "7794061", "content": "察觉到不对劲了"}, {"uid": "11323170", "content": "全脱坑了（狗头）"}, {"uid": "539390810", "content": "哈哈哈哈哈哈一点都不尴尬"}, {"uid": "1707932", "content": "她慌了"}, {"uid": "39059640", "content": "网络冷暴力"}, {"uid": "435691627", "content": "她急了 哈哈哈"}, {"uid": "1839157614", "content": "你好，您拨打的电话已关机请稍后再拨！"}, {"uid": "269524026", "content": "很抱歉以这种方式认识你"}, {"uid": "510103377", "content": "好家伙减速都不拿"}, {"uid": "476354147", "content": "来了，哭了，又笑了"}, {"uid": "476354147", "content": "差点以为是自己时间凝固"}, {"uid": "95527224", "content": "她慌了"}, {"uid": "20738956", "content": "她急了她急了"}, {"uid": "442440440", "content": "抱歉，已笑疯"}, {"uid": "240328571", "content": "我已经开始笑了"}, {"uid": "289001545", "content": "这种是狗第一时间打开手机进群看看就知道了"}, {"uid": "519685575", "content": "日后再发 "}, {"uid": "466472643", "content": "你被抛弃了"}, {"uid": "634091505", "content": "你看她笑的多开心。"}, {"uid": "650057633", "content": "好凄凉的亚子"}, {"uid": "411687469", "content": "不不不，因为外界爆发的一种病毒，大家都变成丧尸了。［Doge］"}, {"uid": "411687469", "content": "大家都被你的王者气场吓退了。"}, {"uid": "411687469", "content": "虽然我也无语，但是我会打引号"}, {"uid": "11308341", "content": "哈哈哈，已经开始笑了"}, {"uid": "319345604", "content": "掉线了"}, {"uid": "34365", "content": "哈哈哈哈"}, {"uid": "37152145", "content": "←hhhdio干的"}, {"uid": "512258141", "content": "哭的比笑的好听"}, {"uid": "42571696", "content": "不用想了，已经过气了doge"}, {"uid": "1713749728", "content": "她好可爱"}, {"uid": "514879884", "content": "这舌头多少有点大呀"}, {"uid": "41978174", "content": "草23333"}, {"uid": "103212335", "content": "哈哈哈哈哈哈哈哈最急的其实是群里的粉丝"}, {"uid": "234382113", "content": "哈哈哈哈哈哈哈哈哈"}, {"uid": "341638003", "content": "哈哈哈哈哈哈哈哈哈哈"}, {"uid": "915844", "content": "在现场，笑死"}, {"uid": "7924098", "content": "95版比较难"}, {"uid": "349564634", "content": "图片仅供参考"}, {"uid": "54743742", "content": "孩子差点哭了"}, {"uid": "20738956", "content": "对不起，不厚道的笑了"}, {"uid": "433362103", "content": "已经开始笑了"}, {"uid": "442440440", "content": "然而玥玥还没有意识到事情的严重性"}, {"uid": "403806499", "content": "很抱歉以这种方式认识你"}, {"uid": "347115545", "content": "哈哈哈哈哈"}, {"uid": "506201658", "content": "冷 战"}, {"uid": "34573811", "content": "差点就想毕业了"}, {"uid": "88217337", "content": "太卡哇伊了"}, {"uid": "88217337", "content": "哈哈哈哈哈"}, {"uid": "442104780", "content": "已脱离太阳系"}, {"uid": "454161994", "content": "又寸"}, {"uid": "18798743", "content": "僵尸才是真粉"}, {"uid": "3838978", "content": "BGM绝了"}, {"uid": "26779736", "content": "心灵创伤了"}, {"uid": "92437661", "content": "企图骗弹幕"}, {"uid": "11461408211", "content": "哈哈哈哈哈"}, {"uid": "57419959", "content": "哈哈哈哈哈哈"}, {"uid": "539390810", "content": "慌的一批"}, {"uid": "435691627", "content": "哈哈哈哈哈"}, {"uid": "8793780", "content": "食人花没必要..没有挂的话 食人花难玩"}, {"uid": "199364972", "content": "哈哈凉了没人看"}, {"uid": "30584738", "content": "梦回出生日"}, {"uid": "36823317", "content": "哈哈哈哈哈哈哈哈哈哈"}, {"uid": "372698237", "content": "哈哈哈哈哈哈哈"}, {"uid": "2065598460", "content": "欠费停机"}, {"uid": "483487584", "content": "原来是你"}, {"uid": "20738956", "content": "哈哈哈哈哈哈"}, {"uid": "442440440", "content": "此时的玥玥已经慌得一批"}, {"uid": "287293298", "content": "灵异事件"}, {"uid": "356257962", "content": "哈哈哈哈"}, {"uid": "523247976", "content": "哈哈哈"}, {"uid": "329576888", "content": "很抱歉这样关注你"}, {"uid": "471418484", "content": "都跑了"}, {"uid": "518713315", "content": "哈哈！"}, {"uid": "726819143", "content": "10086瞩目"}, {"uid": "10166206", "content": "毕业了"}, {"uid": "6448746", "content": "网络暴力开始"}, {"uid": "405846182", "content": "僵尸都等半天了"}, {"uid": "1269024061", "content": "这是原版还是改版呀？"}, {"uid": "44743814", "content": "哈哈哈哈哈哈哈哈哈哈"}, {"uid": "34173864", "content": "大嘴花能吃三路？"}, {"uid": "298606587", "content": "毕业了"}, {"uid": "244292056", "content": "笑死我了"}, {"uid": "470594319", "content": "哈哈哈哈这"}, {"uid": "484557338", "content": "hhhc"}, {"uid": "607952280", "content": "我笑了"}, {"uid": "455850472", "content": "新型网报"}, {"uid": "28042174", "content": "有自己的群吗"}, {"uid": "37141131", "content": "哈哈哈哈哈"}, {"uid": "5733692", "content": "当场毕业"}, {"uid": "82128018", "content": "？"}, {"uid": "316206812", "content": "哈哈哈"}, {"uid": "171117144", "content": "来增加人气"}, {"uid": "449177213", "content": "卖家秀"}, {"uid": "36823317", "content": "哈哈哈哈哈哈哈哈"}, {"uid": "604936380", "content": "强颜欢笑"}, {"uid": "355133346", "content": "可怜的娃"}, {"uid": "14983365", "content": "表面毫无波澜"}, {"uid": "237526057", "content": "哈哈哈哈"}, {"uid": "480670861", "content": "hhhhhhc"}, {"uid": "433362103", "content": "如果有弹幕一定很欢乐"}, {"uid": "287293298", "content": "梅开二度"}, {"uid": "523055970", "content": "Hhhhhhh"}, {"uid": "287293298", "content": "灵异事件"}, {"uid": "12188476", "content": "你猜对了"}, {"uid": "346691", "content": "尬"}, {"uid": "44026109", "content": "冷暴力"}, {"uid": "484940366", "content": "很抱歉以这种方式关注你"}, {"uid": "29294451", "content": "wcj生日快乐"}, {"uid": "501064477", "content": "有的"}, {"uid": "471418484", "content": "烦内，观众都走了啦"}, {"uid": "471418484", "content": "这声音太夹了"}, {"uid": "50454025", "content": "BGM应景"}, {"uid": "483313624", "content": "哈哈哈哈哈"}, {"uid": "1433285", "content": "喂,110吗"}, {"uid": "551251333", "content": "夹子一姐"}, {"uid": "470594319", "content": "咪西咪西"}, {"uid": "470594319", "content": "选坚果赛"}, {"uid": "1292420", "content": "凉凉月色为你"}, {"uid": "209651726", "content": "五香蛋"}, {"uid": "435691627", "content": "哈哈哈哈哈哈哈"}, {"uid": "24517802", "content": "僵尸来了"}, {"uid": "284599732", "content": "卡哇伊"}, {"uid": "156950764", "content": "有啊"}, {"uid": "516977606", "content": "哈哈哈"}, {"uid": "34372369", "content": "哈哈哈"}, {"uid": "34372369", "content": "冷暴力"}, {"uid": "518235630", "content": "14小时，热热还能吃"}, {"uid": "498585205", "content": "不行了我要笑死了"}, {"uid": "199364972", "content": "哈哈哈哈哈"}, {"uid": "18946929", "content": "你好谢谢小笼包再见"}, {"uid": "70467208", "content": "草哈哈哈哈哈哈哈哈哈哈哈"}, {"uid": "287293298", "content": "提前恶梦"}, {"uid": "7366038", "content": "哇nm呢哇"}, {"uid": "107071569", "content": "你凉了"}, {"uid": "346691", "content": "太夹了吧，这个"}, {"uid": "71184965", "content": "哇是哇。"}, {"uid": "13078800", "content": "冷暴力了"}, {"uid": "13943146", "content": "瞬间凉透"}, {"uid": "1682550", "content": "哈哈哈哈"}, {"uid": "1682550", "content": "哈哈哈哈"}, {"uid": "354148960", "content": "有弹幕嘻嘻"}, {"uid": "651971871", "content": "我来证明你开了弹幕"}, {"uid": "484557338", "content": "hhhc"}, {"uid": "291484711", "content": "蚌埠住了"}, {"uid": "15117188", "content": "233333"}, {"uid": "22627462", "content": "蚌埠住了"}, {"uid": "696232090", "content": "ハハハ"}, {"uid": "37141131", "content": "凉了凉了"}, {"uid": "2014074", "content": "喂！"}, {"uid": "34871965", "content": "哈人"}, {"uid": "162564426", "content": "话说你为啥还能玩啊？"}, {"uid": "105253781", "content": "粉丝-10086"}, {"uid": "39356095", "content": "哈哈哈"}, {"uid": "483632943", "content": "哈哈哈哈"}, {"uid": "121938437", "content": "慌的一批"}, {"uid": "1438593959", "content": "一个小时都没到，热乎"}, {"uid": "1001288038", "content": "哈哈哈哈哈哈"}, {"uid": "27442580", "content": "凉了凉了"}, {"uid": "388960745", "content": "二十分钟"}, {"uid": "449563730", "content": "摩西摩西"}, {"uid": "289001545", "content": "咳，时候发错了"}, {"uid": "1419090676", "content": "~(*+﹏+*)~"}, {"uid": "517746798", "content": "这很尴尬"}, {"uid": "466472643", "content": "没有"}, {"uid": "259455668", "content": "毕业了"}, {"uid": "88217337", "content": "她急了"}, {"uid": "88217337", "content": "哈哈哈哈"}, {"uid": "357552031", "content": "弹幕：砸瓦鲁多"}, {"uid": "1269024061", "content": "原版吗？"}, {"uid": "94537556", "content": "图片仅供参考"}, {"uid": "400501712", "content": "请问您的夹子能借给我一下吗（doge）"}, {"uid": "440914338", "content": "惨"}, {"uid": "199364972", "content": "凉了"}, {"uid": "199364972", "content": "凉了"}, {"uid": "384758064", "content": "凉了"}, {"uid": "1707932", "content": "泥壕"}, {"uid": "538512197", "content": "。"}, {"uid": "455850472", "content": "时停"}, {"uid": "64503681", "content": "经典骗弹幕"}, {"uid": "179817374", "content": "(●—●)"}, {"uid": "439420721", "content": "bgm应景"}, {"uid": "269524026", "content": "蚌埠住了"}, {"uid": "38829990", "content": "揉揉"}, {"uid": "182879361", "content": "凉了凉了"}, {"uid": "638615946", "content": "对啊对啊"}, {"uid": "20738956", "content": "哈哈哈哈"}, {"uid": "22489381", "content": "十分钟"}, {"uid": "915844", "content": "哈哈哈哈"}, {"uid": "287293298", "content": "玥玥怕了"}, {"uid": "1825837344", "content": "本人笑死"}, {"uid": "198386565", "content": "haha"}, {"uid": "407426248", "content": "b站崩了,所以没有人回复"}, {"uid": "29294451", "content": "wcj yyds"}, {"uid": "466472643", "content": "我不好"}, {"uid": "432519268", "content": "？"}, {"uid": "366100853", "content": "有"}, {"uid": "248672181", "content": "凉了凉了"}, {"uid": "525367942", "content": "。。。。。。。"}, {"uid": "430770727", "content": "夹子？"}, {"uid": "432933753", "content": "…………"}, {"uid": "354148960", "content": "弹幕来了"}, {"uid": "91765008", "content": "僵尸：你好了吗"}, {"uid": "222757394", "content": "夹"}, {"uid": "1707932", "content": "在吗？"}, {"uid": "516977606", "content": "哈哈哈哈哈哈哈笑死我了她急了她急了"}, {"uid": "37141131", "content": "没人看了"}, {"uid": "427007495", "content": "？"}, {"uid": "698827105", "content": "害怕"}, {"uid": "501654956", "content": "5分钟耶"}, {"uid": "454964655", "content": "哈哈哈哈哈哈哈哈哈哈哈哈，笑死"}, {"uid": "329224892", "content": "哈哈hahahaichachai啊哈哈哈"}]