[{"uid": "445970244", "content": "什么虎狼之词"}, {"uid": "66671630", "content": "这人说话跟三岁小孩一样发信不准还带口水的。"}, {"uid": "413421125", "content": "这种就是故意打擦边球，谁无缘无故说这个"}, {"uid": "196792491", "content": "《极限手速》"}, {"uid": "316338085", "content": "反思一下你为什么会点进来（doge）"}, {"uid": "520224456", "content": "《快 感》"}, {"uid": "432055588", "content": "很高兴以这种方式认识你"}, {"uid": "107939850", "content": "很遗憾以这种方式认识你"}, {"uid": "35928129", "content": "跨服聊天"}, {"uid": "543804950", "content": "太刑了，太可拷了，有判头了"}, {"uid": "634091505", "content": "你笑起来真好看，像冬天的草一样。"}, {"uid": "195697524", "content": "图片仅供参考，请以真人为准！"}, {"uid": "589864971", "content": "我凭本事点进来的，为什么要反思"}, {"uid": "519430420", "content": "虎狼之词"}, {"uid": "395927493", "content": "哈哈哈哈哈哈哈"}, {"uid": "478787830", "content": "很遗憾你这种方式认识你"}, {"uid": "432205113", "content": "很抱歉以这种方式认识你"}, {"uid": "514215141", "content": "传统的一语双关"}, {"uid": "645949527", "content": "一开始先把大牌出了牛逼"}, {"uid": "434860269", "content": "看标题进来的你要好好反省一下自己 "}, {"uid": "212393148", "content": "果然兔子是最涩琴的动物"}, {"uid": "627254922", "content": "很高兴♂以这种方式认识你"}, {"uid": "176889009", "content": "你要不要听听看你在说些什么？"}, {"uid": "43526406", "content": "这牌应该还是要慈善的"}, {"uid": "379222426", "content": "虎狼之词"}, {"uid": "400662339", "content": "这是什么虎狼之辞"}, {"uid": "528873740", "content": "飞机起手   一无所有"}, {"uid": "466472643", "content": "防空警报预警"}, {"uid": "466472643", "content": "十五张牌把夏川玥玥秒了，她当场就把电脑屏幕吃掉"}, {"uid": "1585497443", "content": "很抱歉以这种方式认识你"}, {"uid": "651971476", "content": "原来你懂阿"}, {"uid": "91662874", "content": "很抱歉以这种方式认识你"}, {"uid": "261710111", "content": "最怕空气突然安静"}, {"uid": "472909476", "content": "很高兴以这种方式认识你"}, {"uid": "65206418", "content": "自信点，出不去"}, {"uid": "519519319", "content": "牌多的留在后面打"}, {"uid": "96804820", "content": "准备拉响防空警报 呜呜呜呜呜呜呜呜"}, {"uid": "661119872", "content": "你看她笑得多开心"}, {"uid": "1880873349", "content": "很高兴以这种方式认识你"}, {"uid": "1880873349", "content": "很高兴以这种方式认识你"}, {"uid": "442440440", "content": "你没了"}, {"uid": "442440440", "content": "你再一次地用标题把我们骗进来了"}, {"uid": "170865942", "content": "原来是这样转变的吗"}, {"uid": "430740264", "content": "自己把自己整笑了"}, {"uid": "651873894", "content": "鸡大宝的灵魂发言。"}, {"uid": "404099049", "content": "她又一次用标题把我骗进来了"}, {"uid": "88500897", "content": "这可真是太快了"}, {"uid": "516768238", "content": "很高兴以这种方式认识你"}, {"uid": "519685575", "content": "你给我打 我可能会喜欢 "}, {"uid": "432055588", "content": "谁让你开局飞机啊"}, {"uid": "667742590", "content": "《爽和赢》"}, {"uid": "396912447", "content": "意识到了"}, {"uid": "398030568", "content": "我同学外号飞机，为什么要打他？"}, {"uid": "486814584", "content": "好家伙，原来是打牌啊"}, {"uid": "33980441", "content": "吾之友人，欲观之，奈何目不能视，遂让吾代为一览"}, {"uid": "1559745730", "content": "逐渐开始不对劲"}, {"uid": "702742464", "content": "17张牌能秒我"}, {"uid": "405812825", "content": "很高兴用这样的方式认识你"}, {"uid": "405812825", "content": "很高兴用这样的方式认识你"}, {"uid": "405812825", "content": "很高兴用这样的方式认识你"}, {"uid": "524170245", "content": "？？？？？？？虎狼之词"}, {"uid": "150156053", "content": "很抱歉以这种方式认识你"}, {"uid": "434655674", "content": "虎狼之词"}, {"uid": "343401504", "content": "很抱歉以这种方式认识你"}, {"uid": "354243108", "content": "防空专精"}, {"uid": "444169161", "content": "超管警告"}, {"uid": "450670065", "content": "进来的人想想自己为啥进来！"}, {"uid": "344700403", "content": "没人扣举报就不错了啊，大姐！"}, {"uid": "466472643", "content": "我怀疑你在搞黄，但我没有证据"}, {"uid": "466472643", "content": "电脑屏幕还没吃呢"}, {"uid": "516300312", "content": "很抱歉以这种方式认识你"}, {"uid": "287293298", "content": "？？？？？？？？（混入其中）"}, {"uid": "399431639", "content": "很高兴以这种方式认识你？"}, {"uid": "65206418", "content": "这出牌就离谱"}, {"uid": "33325755", "content": "hhhhh"}, {"uid": "356387310", "content": "哈哈哈哈哈"}, {"uid": "442440440", "content": "恭喜没了"}, {"uid": "416512273", "content": "我怎么怕起来了"}, {"uid": "43831460", "content": "什么虎狼之词"}, {"uid": "441080743", "content": "很抱歉以这种方式认识你"}, {"uid": "333351389", "content": "很高兴以这样的方式认识你"}, {"uid": "21639219", "content": "这个牌叫地主有点赌运气。"}, {"uid": "287048524", "content": "十七张牌你能秒我"}, {"uid": "234033093", "content": "17张牌你能秒我"}, {"uid": "400706720", "content": "很抱歉已这种方式认识你"}, {"uid": "13570240", "content": "17张牌你能秒我？"}, {"uid": "667742590", "content": "《很舒服》"}, {"uid": "210811577", "content": "你给一把awm，航母都给你打下来。"}, {"uid": "53605610", "content": "很抱歉以这种方式认识你"}, {"uid": "413492069", "content": "？？？？？？？？？"}, {"uid": "50258975", "content": "哈哈哈你没了"}, {"uid": "11234552", "content": "此豆豆非彼豆豆"}, {"uid": "421434", "content": "孩儿没了"}, {"uid": "490507132", "content": "？？我们打问号是觉得你有点不对劲"}, {"uid": "535142227", "content": "飞机打不出来"}, {"uid": "21712135", "content": "？？？？"}, {"uid": "491082534", "content": "很遗憾以这种方式认识你"}, {"uid": "241272810", "content": "很抱歉以这种方式认识你"}, {"uid": "285859157", "content": "狼虎之言"}, {"uid": "1658032466", "content": "？？？"}, {"uid": "475527792", "content": "开玩笑，我超勇的"}, {"uid": "43526406", "content": "你敢说你不知道你在讲什么么"}, {"uid": "450670065", "content": "想想自己为啥进来！"}, {"uid": "481170563", "content": "什么虎狼之次"}, {"uid": "473102925", "content": "先出小的把"}, {"uid": "475746320", "content": "恐怕后来觉悟。"}, {"uid": "170944411", "content": "很抱歉以这样的方式认识了你"}, {"uid": "565150671", "content": "很抱歉以这种方式认识你"}, {"uid": "34988221", "content": "哈哈哈哈"}, {"uid": "14375462", "content": "不是喜不喜欢，而是没得选"}, {"uid": "493679990", "content": "很抱歉以这种方式认识你。"}, {"uid": "399431639", "content": "被标题吸引而来"}, {"uid": "7661198", "content": "？？？？（混入其中）"}, {"uid": "524875425", "content": "你在干甚么¿"}, {"uid": "442440440", "content": "哈哈哈"}, {"uid": "436150582", "content": "很抱歉以这种方式认识你"}, {"uid": "141658", "content": "慈善赌王"}, {"uid": "52923519", "content": "这会斗地主么？"}, {"uid": "33309493", "content": "很高兴以这种形式认识你"}, {"uid": "435545408", "content": "什么封把您吹进来了"}, {"uid": "1387024694", "content": "反思一下你为什么点进来"}, {"uid": "415568747", "content": "什么虎狼之词"}, {"uid": "168053993", "content": "你们先想想为什么进来吧"}, {"uid": "337435599", "content": "哈哈哈"}, {"uid": "59929493", "content": "傻蛋34白给？这红牌出顺子啊"}, {"uid": "689745017", "content": "黄色节制"}, {"uid": "1210292618", "content": "你在笑什么"}, {"uid": "13690031", "content": "白菜？"}, {"uid": "489159458", "content": "我喜欢直接进去doge"}, {"uid": "50539085", "content": "逆天后期了属于是"}, {"uid": "1368501762", "content": "不对劲"}, {"uid": "412641791", "content": "卡布奇诺今犹在，不见当年倒茶人"}, {"uid": "83527836", "content": "不对劲"}, {"uid": "519430420", "content": "哈哈哈哈"}, {"uid": "435391061", "content": "¿¿¿¿¿¿¿¿¿"}, {"uid": "1908177285", "content": "看标题进来了"}, {"uid": "436801586", "content": "下次有鸡留给你吃。"}, {"uid": "32739023", "content": "在打了"}, {"uid": "501322454", "content": "虎狼之词"}, {"uid": "444169161", "content": "什么狼虎之词"}, {"uid": "484165220", "content": "很抱歉以这样的方式认识你"}, {"uid": "589259243", "content": "？？？？？？？？？？？？"}, {"uid": "466472643", "content": "十七张牌你能秒我"}, {"uid": "21157302", "content": "？？？？"}, {"uid": "472473878", "content": "废话，我超喜欢的"}, {"uid": "646266823", "content": "什么虎狼之词"}, {"uid": "433362103", "content": "？？？？"}, {"uid": "472909476", "content": "？？？？？？混入其中"}, {"uid": "452607411", "content": "慈善赌王"}, {"uid": "494821960", "content": "不应该开局飞机"}, {"uid": "588114456", "content": "哦 那没事了"}, {"uid": "493849114", "content": "@雷霆战机"}, {"uid": "616804295", "content": "很抱歉以这样的方式认识你"}, {"uid": "915844", "content": "哈哈哈哈"}, {"uid": "673912537", "content": "这标题，是我想多了？！"}, {"uid": "33293005", "content": "哈哈哈哈"}, {"uid": "359203634", "content": "等死了"}, {"uid": "496604673", "content": "渋话一堆"}, {"uid": "396912447", "content": "？？？？？？？？？？"}, {"uid": "508891220", "content": "？？？？？？？"}, {"uid": "489159458", "content": "我喜欢直接进去"}, {"uid": "519558379", "content": "我喜欢打炸弹"}, {"uid": "524036314", "content": "有胸了"}, {"uid": "519430420", "content": "被标题吸引而来"}, {"uid": "30491081", "content": "你说用毒刺还是rpg啊"}, {"uid": "482276176", "content": "你没机会了。"}, {"uid": "435391061", "content": "¿¿¿¿¿¿¿¿¿"}, {"uid": "490507132", "content": "？？我们打问号是觉得你有点不对劲"}, {"uid": "562564797", "content": "？？？？？？？？？"}, {"uid": "417063314", "content": "得得得得得得得得得得得得"}, {"uid": "1438150520", "content": "你十七张牌能把我卢本伟秒了我当场～把这个电脑屏幕吃掉！"}, {"uid": "519177767", "content": "白高兴"}, {"uid": "43526406", "content": "你好像打不了这个吧"}, {"uid": "471082334", "content": "？？？？？？？？"}, {"uid": "397979831", "content": "哈哈哈哈"}, {"uid": "705110874", "content": "很抱歉以这样的方式认识了你。"}, {"uid": "454290000", "content": "？？？？？？？？"}, {"uid": "1297368983", "content": "注意身体"}, {"uid": "2018029601", "content": "完犊子 "}, {"uid": "7661198", "content": "哈哈哈哈哈哈哈哈哈哈"}, {"uid": "49562765", "content": "很抱歉这样认识了你"}, {"uid": "356387310", "content": "哈哈哈哈哈"}, {"uid": "359533520", "content": "手艺人"}, {"uid": "1436861875", "content": "很抱歉以这种方式认识你"}, {"uid": "514216619", "content": "很抱歉以这样方式认识你"}, {"uid": "431981067", "content": "好家伙"}, {"uid": "637144582", "content": "？？"}, {"uid": "647007980", "content": "又不是顺子"}, {"uid": "309218852", "content": "我喜欢！！！"}, {"uid": "309218852", "content": "我喜欢！！！"}, {"uid": "1607897681", "content": "虎狼之词"}, {"uid": "1780466709", "content": "什么没了？"}, {"uid": "496604673", "content": "太糟糕的标题"}, {"uid": "106662409", "content": "？？？？"}, {"uid": "669346783", "content": "骗子~大骗子(｡•ˇ‸ˇ•｡)"}, {"uid": "172776300", "content": "什么飞机"}, {"uid": "168053993", "content": "蚌埠住了"}, {"uid": "667742590", "content": "有点像碧蓝的拉菲"}, {"uid": "1194117286", "content": "？？？？？？"}, {"uid": "523014358", "content": "你没有2稳输。"}, {"uid": "416346596", "content": "开屏雷击"}, {"uid": "430720031", "content": "？？？？！"}, {"uid": "297302780", "content": "？？"}, {"uid": "435391061", "content": "？"}, {"uid": "449655762", "content": "？？？？"}, {"uid": "674662975", "content": "要输(认真)"}, {"uid": "671280939", "content": "哈哈哈"}, {"uid": "1658032466", "content": "？？？？？"}, {"uid": "1658032466", "content": "乌鸦坐飞机"}, {"uid": "471082334", "content": "？？？？？？？？？？？？？？"}, {"uid": "466472643", "content": "她懂了"}, {"uid": "650614598", "content": "？？？"}, {"uid": "295404917", "content": "没2没王一手单牌抢地主有点秀"}, {"uid": "636171614", "content": "我到底在期待什么"}, {"uid": "652073168", "content": "……"}, {"uid": "1256781679", "content": "啊？我在想什么"}, {"uid": "93864062", "content": "纳——尼！"}, {"uid": "337881423", "content": "笨蛋石锤"}, {"uid": "223847249", "content": "很抱歉这样认识你"}, {"uid": "1923048719", "content": "开幕雷击"}, {"uid": "260738568", "content": "舒服～"}, {"uid": "524639780", "content": "不是，等一下。"}, {"uid": "489602764", "content": "wow"}, {"uid": "174499719", "content": "我觉得这把输了"}, {"uid": "34790640", "content": "开幕雷击"}, {"uid": "915844", "content": "哈哈哈哈哈哈哈"}, {"uid": "697741855", "content": "hhh"}, {"uid": "1037014098", "content": "无限立直"}, {"uid": "11981772", "content": "离大谱"}, {"uid": "648083084", "content": "？？？？？？？"}, {"uid": "234430307", "content": "没了就高血压了"}, {"uid": "432055588", "content": "没扣举报算不错了"}, {"uid": "1629599862", "content": "哈哈哈"}, {"uid": "207759237", "content": "你有飞机，取关了，取关了 "}, {"uid": "471594834", "content": "？？？"}, {"uid": "506566341", "content": "¿¿¿¿¿¿¿¿¿"}, {"uid": "195697524", "content": "？？？？？？"}, {"uid": "361115717", "content": "唉～弱诶"}, {"uid": "694077787", "content": "我天，我污了"}, {"uid": "129035713", "content": "封见主义"}, {"uid": "413023229", "content": "喜欢"}, {"uid": "55912374", "content": "？是stg吧，一定是stg吧"}, {"uid": "36785054", "content": "极限"}, {"uid": "412996579", "content": "？"}, {"uid": "8424692", "content": "寄"}, {"uid": "114357406", "content": "夹子"}, {"uid": "395927493", "content": "？。？？？？"}, {"uid": "667766805", "content": "？？？"}, {"uid": "8857368", "content": "????????"}, {"uid": "473102925", "content": "曹"}, {"uid": "473102925", "content": "你完了"}, {"uid": "2048748947", "content": "？？？？？？？"}, {"uid": "466472643", "content": "江南赌怪"}, {"uid": "14704573", "content": "?????"}, {"uid": "506311200", "content": "？ ？ ？"}, {"uid": "560235346", "content": "标题出大问题"}, {"uid": "353745721", "content": "？？？？"}, {"uid": "548062168", "content": "你在说什么"}, {"uid": "648466261", "content": "？？？？？？？"}, {"uid": "415201330", "content": "举报了举报了"}, {"uid": "397730088", "content": "......"}, {"uid": "517743710", "content": "？？？？？？"}, {"uid": "51952139", "content": "好怪哦，再看一遍"}, {"uid": "15156324", "content": "??????"}, {"uid": "651873894", "content": "在现场。"}, {"uid": "1236916371", "content": "？？？"}, {"uid": "522954505", "content": "？？？？？"}, {"uid": "651541358", "content": "想当年，我也是一拿到牌就直接把打牌打出去了"}, {"uid": "519468078", "content": "这不有点直白"}, {"uid": "1723997889", "content": "？？？？？"}, {"uid": "396912447", "content": "？？？？？？？？？？？？？"}, {"uid": "479005636", "content": "？？？"}, {"uid": "89594066", "content": "喜欢啊"}, {"uid": "89594066", "content": "？？？"}, {"uid": "13943146", "content": "？？？？"}, {"uid": "89340464", "content": "？"}, {"uid": "482320488", "content": "问号"}, {"uid": "1431302999", "content": "？？？"}, {"uid": "81237099", "content": "？"}, {"uid": "496394567", "content": "？？？？？"}, {"uid": "698428869", "content": "666"}, {"uid": "1438150520", "content": "土块"}, {"uid": "1572616863", "content": "？？？？？？？"}, {"uid": "646955600", "content": "I know that you know that I know that you know"}, {"uid": "16189154", "content": "?????"}, {"uid": "2018029601", "content": "凉拌 "}, {"uid": "28613079", "content": "？？？？？？"}, {"uid": "502153379", "content": "标题党"}, {"uid": "474071106", "content": "？？？"}, {"uid": "437173802", "content": "好活"}, {"uid": "394894848", "content": "rsq是吧"}, {"uid": "1958053747", "content": "卢本伟"}, {"uid": "161081146", "content": "？？？？"}, {"uid": "170658233", "content": "？？？？？"}, {"uid": "480161682", "content": "！"}, {"uid": "10721299", "content": "那你怎么赢"}, {"uid": "1409036192", "content": "卡手了"}, {"uid": "516320802", "content": "？？？？？？"}, {"uid": "697741855", "content": "QAQ"}, {"uid": "344190136", "content": "？？？"}, {"uid": "631238644", "content": "危"}, {"uid": "669346783", "content": "？？？？？？？？"}, {"uid": "234430307", "content": "推荐来的"}, {"uid": "429857349", "content": "？？？"}, {"uid": "396912447", "content": "就这"}, {"uid": "456977840", "content": "？"}, {"uid": "438867702", "content": "？？"}, {"uid": "433693777", "content": "反思自己为什么点进来"}, {"uid": "515535707", "content": "危"}, {"uid": "27701554", "content": "太菜了"}, {"uid": "290496453", "content": "十七张牌你能秒我？你能秒杀我？你今天能把我1182秒了我当场把你吃掉（dog）"}, {"uid": "339818799", "content": "啊这"}, {"uid": "516778014", "content": "？"}, {"uid": "436424968", "content": "？？？"}, {"uid": "1884171046", "content": "¿？"}, {"uid": "244182968", "content": "？"}, {"uid": "34871965", "content": "哈哈哈哈哈哈"}, {"uid": "34871965", "content": "？？？？？"}, {"uid": "671280939", "content": "输了"}, {"uid": "59775049", "content": "丢太早了"}, {"uid": "43526406", "content": "标题党，撤了"}, {"uid": "56700304", "content": "?"}, {"uid": "8857368", "content": "????"}, {"uid": "153456947", "content": "好夹"}, {"uid": "650614598", "content": "？？？"}, {"uid": "1043258328", "content": "？？？？？？"}, {"uid": "1297368983", "content": "？？？？"}, {"uid": "668258935", "content": "WTF"}, {"uid": "297296167", "content": "举报了"}, {"uid": "358953751", "content": "？"}, {"uid": "1225547569", "content": "…………………………………"}, {"uid": "652040388", "content": "得得得得得得得"}, {"uid": "489602764", "content": "？？？"}, {"uid": "1243612529", "content": "？？？？？？"}, {"uid": "488294483", "content": "八星二连炸"}, {"uid": "290378046", "content": "？"}, {"uid": "355323660", "content": "你要输了"}, {"uid": "697741855", "content": "哇哦"}, {"uid": "647007980", "content": "一张牌都能烂你说呢"}, {"uid": "1245661868", "content": "??????"}, {"uid": "302439272", "content": "?"}, {"uid": "502124991", "content": "？？？？？"}, {"uid": "698094567", "content": "？？？？？？？"}, {"uid": "358799762", "content": "？？？"}, {"uid": "479167806", "content": "？"}, {"uid": "456977840", "content": "？"}, {"uid": "650532012", "content": "oh"}, {"uid": "223730321", "content": "？"}, {"uid": "1844985258", "content": "？？？？？？"}, {"uid": "669743061", "content": "？？？"}, {"uid": "403662015", "content": "？？？"}, {"uid": "179327293", "content": "？？？？"}, {"uid": "531288059", "content": "？？？"}, {"uid": "490218694", "content": "这……"}, {"uid": "21133142", "content": "啊这"}, {"uid": "358216707", "content": "？？？"}, {"uid": "1658032466", "content": "？？？"}, {"uid": "395927493", "content": "？？？"}, {"uid": "319140382", "content": "什么烂牌技"}, {"uid": "1269024061", "content": "？？？"}, {"uid": "623540035", "content": "？？"}, {"uid": "345685903", "content": "？？？"}, {"uid": "1457732026", "content": "gg"}, {"uid": "609840474", "content": "？？？？？？？？：？？？？？？？？？？？？？？？"}, {"uid": "309218852", "content": "？？？？？？？？？？？？？？？？？？？？？？？？"}, {"uid": "470949473", "content": "？？？？？？"}, {"uid": "473102925", "content": "？？？？？？？？？？？？？？？？？？？？？？？？？？？？？？？？？？？？？？？"}, {"uid": "492942159", "content": "??????????????????????????"}, {"uid": "858924045", "content": "？？？？？？？？？？？？？？？？？？？？？？？？？？？？？？？？？？？？？？？？？"}]