[{"uid": "297340502", "content": "单走一个4"}, {"uid": "297340502", "content": "高兴地拍起了肚皮"}, {"uid": "181528", "content": "治好了多年的低血压"}, {"uid": "181528", "content": "要不起"}, {"uid": "266705455", "content": "时间太长托管了啊哈哈哈哈"}, {"uid": "266705455", "content": "血压在飙升"}, {"uid": "606403862", "content": "你能秒我？"}, {"uid": "606403862", "content": "反手一个超级加倍蒙声发大财"}, {"uid": "181868807", "content": "加油啊队友"}, {"uid": "121938437", "content": "桌子没事吧？担心"}, {"uid": "446449448", "content": "有药没？我血压下不去了"}, {"uid": "511712425", "content": "好队友，疯狂顶牌"}, {"uid": "444838625", "content": "awsl"}, {"uid": "473360375", "content": "玩游戏一定要笑"}, {"uid": "516801578", "content": "hhhhhhhhhh"}, {"uid": "516801578", "content": "awsl"}, {"uid": "516801578", "content": "awsl"}, {"uid": "516801578", "content": "hhhhhawsl"}, {"uid": "29418115", "content": "智械危机"}, {"uid": "29418115", "content": "桌子：？？？"}, {"uid": "29418115", "content": "前方高能"}, {"uid": "361097566", "content": "玥玥不傻（应该）"}, {"uid": "19560027", "content": "眼睛瞪的像铜铃"}, {"uid": "19560027", "content": "原谅我笑出了声"}, {"uid": "438063873", "content": "快乐的拍起了肚皮"}, {"uid": "626938124", "content": "看她笑的多开心（doge）"}, {"uid": "291267099", "content": "血压上来了"}, {"uid": "297473407", "content": "好家伙"}, {"uid": "519519319", "content": "那就出J呗"}, {"uid": "519519319", "content": "笑死了"}, {"uid": "498878945", "content": "回收开头"}, {"uid": "1933425249", "content": "有计时的。。"}, {"uid": "287292660", "content": "得得得得得得得得得得得"}, {"uid": "443288712", "content": "哈哈哈哈"}, {"uid": "95515693", "content": "小问号，你是不是有很多朋友？"}, {"uid": "426891998", "content": "计时器不走了？"}, {"uid": "8544111", "content": "这一拳听上去份量就不小"}, {"uid": "346201608", "content": "草"}, {"uid": "1499029505", "content": "能成为玥玥的队友，那都是倒了八辈子霉。。。不是，八辈子福的"}]