[{"uid": "627528762", "content": "新型网络诈骗"}, {"uid": "286770698", "content": "？这就是纸片人富婆吗"}, {"uid": "9808369", "content": "玥玥的钱就是这么花完的么～"}, {"uid": "11019101", "content": "都不如养一只白额巨蟹蛛"}, {"uid": "49373396", "content": "蟑螂最害怕是吧，捉一只毛毛虫去她家"}, {"uid": "452726635", "content": "好臭啊"}, {"uid": "492787854", "content": "↑上面的老红烛了"}, {"uid": "8790270", "content": "？"}, {"uid": "422328774", "content": "66"}, {"uid": "412279642", "content": "你看孩子笑得多开心"}, {"uid": "597639656", "content": "派件员是蟑螂xswl"}, {"uid": "499686994", "content": "666666"}, {"uid": "614169608", "content": "《我这么聪明》"}, {"uid": "185428035", "content": "哈哈哈哈"}, {"uid": "441084040", "content": "蟑螂？看到一只就意味着有一窝"}, {"uid": "670549522", "content": "肯定上"}, {"uid": "670549522", "content": "看给孩子开心的"}, {"uid": "516320802", "content": "尝试修改，哈哈哈哈哈哈哈"}, {"uid": "99427677", "content": "你的这个洗面奶能放生吗"}, {"uid": "97182476", "content": "6"}, {"uid": "97182476", "content": "只是尝试而已"}, {"uid": "86915356", "content": "草"}, {"uid": "915844", "content": "好耶！赶紧抓起来把！玩！（不是）"}, {"uid": "1989920582", "content": "是尝试啊"}, {"uid": "345565979", "content": "好臭的快递单号"}, {"uid": "8942034", "content": "要素过多"}, {"uid": "8942034", "content": "《尝试修改》"}, {"uid": "8942034", "content": "我家还蛮大的，没有蟑螂（疯狂暗示）"}, {"uid": "670549522", "content": "《聪明》"}, {"uid": "516320802", "content": "新型网络诈骗"}, {"uid": "1989920582", "content": "谨防新型网络诈骗"}, {"uid": "345565979", "content": "夜幕覆盖华北平原，忧伤浸透她的脸（画面有端联想）"}, {"uid": "510875041", "content": "让他再上个舰长就好了"}, {"uid": "648684322", "content": "大聪明"}, {"uid": "8942034", "content": "我是每期必看的沧流夏铃儿响叮当务之钵钵鸡霸王"}, {"uid": "8942034", "content": "开幕雷击"}, {"uid": "301350550", "content": "《聪明》"}, {"uid": "39555457", "content": "怎么首页上又是你"}, {"uid": "1929037518", "content": "这个表情和笑一毛一样。。。。"}, {"uid": "497725366", "content": "谨防新型网络诈骗"}, {"uid": "405962540", "content": "给他开心坏了"}, {"uid": "56569713", "content": "《爱上不上》"}, {"uid": "676688164", "content": "头掰掉，内脏挤出来，就能吃"}, {"uid": "417529830", "content": "蟑螂在叫，康纳吃掉"}, {"uid": "497725366", "content": "开幕放水"}, {"uid": "516320802", "content": "开幕放水"}, {"uid": "286770698", "content": "聪明"}, {"uid": "287293298", "content": "暗示‎|•'-'•)و✧上舰长"}, {"uid": "497725366", "content": "这个舰长，值"}, {"uid": "507490276", "content": "血亏"}, {"uid": "502950890", "content": "开幕放水"}, {"uid": "473356847", "content": "开幕雷击"}, {"uid": "473430288", "content": "《两份》"}, {"uid": "286770698", "content": "草，骗舰"}, {"uid": "67882070", "content": "你就是卧龙么"}, {"uid": "33995828", "content": "好赚啊"}, {"uid": "8800683", "content": "它，好吃吗？"}, {"uid": "442392569", "content": "和蟑螂同归于尽"}, {"uid": "344708088", "content": "草"}, {"uid": "502950890", "content": "开幕放水"}, {"uid": "308813687", "content": "…………"}, {"uid": "516320802", "content": "啊这。。。。"}, {"uid": "647074868", "content": "挺好的，说明大蟑螂是爱你的"}, {"uid": "694572738", "content": "天才"}, {"uid": "70467208", "content": "草"}, {"uid": "700644393", "content": "hhhhhhhhh"}, {"uid": "502950890", "content": "开幕防水"}, {"uid": "345565979", "content": "开幕爆哭"}, {"uid": "94537556", "content": "你看她笑得多开心啊"}, {"uid": "89576531", "content": "派件员：蟑螂"}, {"uid": "389454867", "content": "哈哈哈哈哈"}]