[{"uid": "698827105", "content": "开始吟唱"}, {"uid": "23237679", "content": "还以为是那个春天"}, {"uid": "487804513", "content": "好一个春天！"}, {"uid": "677541476", "content": "还不够卢本伟花的"}, {"uid": "411687469", "content": "字幕君已下线。"}, {"uid": "411687469", "content": "《喜忧参半》"}, {"uid": "347142611", "content": "原来春天是这么回事"}, {"uid": "518940128", "content": "3个A和3个2能一起出的呀！！！！"}, {"uid": "915844", "content": "哈哈哈哈哈哈"}, {"uid": "345565979", "content": "0.5原速播放"}, {"uid": "361097566", "content": "4049呀，傻兔子"}, {"uid": "361097566", "content": "就封顶而已，马上就会破产的"}, {"uid": "361097566", "content": "草"}, {"uid": "344930079", "content": "闭眼新世界"}, {"uid": "361097566", "content": "不是时间来不及，是玥玥手速是在太慢了"}, {"uid": "698827105", "content": "？"}, {"uid": "411687469", "content": "哈哈哈哈哈哈哈"}, {"uid": "569821819", "content": "好耶"}]