[{"uid": "182879361", "content": "左上角"}, {"uid": "524036314", "content": "什么游戏？"}, {"uid": "1368845705", "content": "前方高能"}, {"uid": "35552949", "content": "Here's Johny@"}, {"uid": "3248937", "content": "拍肚皮"}, {"uid": "228973771", "content": "疯狂掉san"}, {"uid": "167567250", "content": "hhhhhhhh"}, {"uid": "509003681", "content": "言出法随"}, {"uid": "3933668", "content": "草"}, {"uid": "226700232", "content": "我才發現，彈幕呢？？"}, {"uid": "452323049", "content": "首刀预言家"}, {"uid": "35077003", "content": "好好反思下自己为什么会点进来"}, {"uid": "39911483", "content": "建议0.75"}, {"uid": "1154267391", "content": "裂"}, {"uid": "269618112", "content": "哈哈哈哈哈哈哈哈哈哈哈哈哈"}, {"uid": "121938437", "content": "哈哈哈"}, {"uid": "121938437", "content": "言出法随"}, {"uid": "121938437", "content": "美少女惨叫"}, {"uid": "23013078", "content": "狡兔三哭"}, {"uid": "361097566", "content": "心疼玥玥"}, {"uid": "297642165", "content": "人类的本质"}, {"uid": "513472469", "content": "反思中……"}, {"uid": "290788060", "content": "hso"}, {"uid": "525262487", "content": "嘴巴？"}, {"uid": "18678900", "content": "没空打弹幕"}]