[{"uid": "1989920582", "content": "笑得开心"}, {"uid": "404926456", "content": "哈哈哈"}, {"uid": "22244376", "content": "气出狗叫"}, {"uid": "915844", "content": "盖亚"}, {"uid": "32395502", "content": "盖亚"}, {"uid": "8942034", "content": "梅开二度"}, {"uid": "193455770", "content": "你看她笑的多开心啊"}, {"uid": "1001288038", "content": "嗯~~~~♂♂♂♂"}, {"uid": "6436989", "content": "此曲一出非死即伤"}, {"uid": "7514162", "content": "兔 子 老 虎 化"}, {"uid": "352600604", "content": "开始吟唱"}, {"uid": "520470851", "content": "她很快乐"}, {"uid": "7514162", "content": "开 幕 雷 击"}, {"uid": "651983623", "content": "开幕雷击"}, {"uid": "1989920582", "content": "你看她笑得多开心啊"}, {"uid": "34877329", "content": "《怎么样也掉不下去》"}, {"uid": "35738837", "content": "盖亚！！！！！！！！！"}, {"uid": "6041088", "content": "笑的多开心"}, {"uid": "451328168", "content": "开幕雷击"}, {"uid": "436476535", "content": "不唱魔笛可惜了"}, {"uid": "752829252", "content": "盖亚!！！！！！"}, {"uid": "544024095", "content": "嗷呜！！！！！！"}, {"uid": "108953532", "content": "欢迎回家"}, {"uid": "1402133685", "content": "玩游戏一定要啸"}, {"uid": "106834189", "content": "盖——亚！"}, {"uid": "544024095", "content": "开水烫了"}, {"uid": "544128822", "content": "好可爱"}, {"uid": "142291321", "content": "开屏，狼叫"}, {"uid": "482157404", "content": "防  空  警  报"}, {"uid": "522112202", "content": "WNM"}, {"uid": "915844", "content": "哈哈哈哈哈"}, {"uid": "442392569", "content": "热乎呢"}, {"uid": "352600604", "content": "哈哈哈哈"}]