[{"uid": "316939785", "content": "？？？"}, {"uid": "316939785", "content": "？？？"}, {"uid": "316939785", "content": "？？？？？"}, {"uid": "474605003", "content": "我还以为是掷铁饼"}, {"uid": "33995828", "content": "高达"}, {"uid": "33995828", "content": "?????????"}, {"uid": "33995828", "content": "放风筝???"}, {"uid": "2018029601", "content": "谐音梗 "}, {"uid": "2018029601", "content": "你管这叫风筝 ？？？"}, {"uid": "2018029601", "content": "？？？好像很有道理的亚子。"}, {"uid": "2018029601", "content": "大～～～～～作！"}, {"uid": "442392569", "content": "以为是太阳呢"}, {"uid": "442392569", "content": "混入其中"}, {"uid": "442392569", "content": "溜溜球，哈哈"}, {"uid": "1932828173", "content": "我喜欢怪兽高达"}, {"uid": "1932828173", "content": "葵花宝典是什么鬼"}, {"uid": "472889960", "content": "我以为是厕所"}, {"uid": "489602764", "content": "？？？"}, {"uid": "489602764", "content": "？？？"}, {"uid": "421740369", "content": "啊这......"}, {"uid": "1279228512", "content": "？"}, {"uid": "501334914", "content": "这就是飞行坐垫吗？"}, {"uid": "345565979", "content": "世 界 名 画"}, {"uid": "631095737", "content": "混入其中"}, {"uid": "345565979", "content": "你看她那腹黑的小眼神"}, {"uid": "522112202", "content": "我裂开了"}, {"uid": "571341279", "content": "《简单》"}, {"uid": "620094920", "content": " もペもペ"}, {"uid": "1989920582", "content": "？？？"}, {"uid": "36135054", "content": "好家伙，整得我都不会画了"}, {"uid": "498977453", "content": "？？？"}, {"uid": "36135054", "content": "我懂了，这是抽像画"}, {"uid": "33995828", "content": "这风筝XDD"}, {"uid": "1929037518", "content": "完了，感觉今晚要嗝屁"}, {"uid": "509893359", "content": "我感觉这在上天"}, {"uid": "639941063", "content": "葵花宝垫"}, {"uid": "316939785", "content": "？"}, {"uid": "33995828", "content": "???????"}, {"uid": "2018029601", "content": "天才灵魂画师 "}, {"uid": "498816443", "content": "！！"}, {"uid": "97169120", "content": "？？？？"}, {"uid": "442392569", "content": "浮空垫"}, {"uid": "1989920582", "content": "？？？？？？？？？？？？？？"}, {"uid": "2018029601", "content": "的确很难猜 毛线都看不懂这是在画什么 "}, {"uid": "2018029601", "content": "有有什么区别吗 "}, {"uid": "1847651706", "content": "??????"}, {"uid": "432771651", "content": "？？？？？？"}, {"uid": "421740369", "content": "初音未来"}, {"uid": "106834189", "content": "你确定这不是套马？"}, {"uid": "571341279", "content": "葵花宝垫"}, {"uid": "1989920582", "content": "？？？？？？？？？？？"}, {"uid": "33995828", "content": "这也妹座啊俺寻思"}, {"uid": "2018029601", "content": "虽然有点无语 ，在莫名的喜欢这个up主。"}, {"uid": "2018029601", "content": "无语了 "}, {"uid": "357255849", "content": "她画的好丑啊哈哈哈哈哈"}, {"uid": "700486765", "content": "？？？"}, {"uid": "1972543138", "content": "？？？？"}, {"uid": "355211351", "content": "？？？"}, {"uid": "474640651", "content": "？？？、"}, {"uid": "320591230", "content": "白天蓝云"}, {"uid": "291659647", "content": "？？？？"}, {"uid": "152215496", "content": "草"}, {"uid": "352856103", "content": "？"}]