[{"uid": "474168721", "content": "尿，只不都是白色的"}, {"uid": "36135054", "content": "姐姐拿起七匹狼"}, {"uid": "1062634659", "content": "尿床了还能睡下去吗（doge）"}, {"uid": "29837418", "content": "居然没有想到让自己和姐姐位置互换，还是太年轻"}, {"uid": "660614428", "content": "如果你姐姐看到你这个视频她不会打你吧？"}, {"uid": "295404917", "content": "和姐姐换个位置。。"}, {"uid": "176361278", "content": "自豪.jpg"}, {"uid": "1929037518", "content": "《阿姐与尿床兔》"}, {"uid": "442392569", "content": "嘿嘿嘿"}, {"uid": "474039836", "content": "被姐姐雷普了（悲）"}, {"uid": "452315087", "content": "从小到大都没有尿过"}, {"uid": "107248312", "content": "那不就是长妈妈吗？"}, {"uid": "25900987", "content": "?"}, {"uid": "25900987", "content": "这波啊，是杀敌一千自损八万"}, {"uid": "642189994", "content": "阿长与三哼经"}, {"uid": "1548131388", "content": "这是什么操作"}, {"uid": "1548131388", "content": "真是有味道的视频"}, {"uid": "670549522", "content": "那个"}, {"uid": "449735433", "content": "他叫周树人，滑稽"}, {"uid": "352350160", "content": "？？"}, {"uid": "123614696", "content": "烘干很真实。"}, {"uid": "22773837", "content": "好家伙"}, {"uid": "22773837", "content": "pp不保哈哈哈哈"}, {"uid": "22773837", "content": "好家伙哈哈哈哈哈哈"}, {"uid": "235617022", "content": "自爆式打法"}, {"uid": "562317876", "content": "《阿长与山海经》"}, {"uid": "436906601", "content": "长  妈  妈"}, {"uid": "56754908", "content": "直接赶来嘲笑"}, {"uid": "1293692599", "content": "你要是说这个我可就不困了"}, {"uid": "506645468", "content": "她急了她急了"}, {"uid": "524639780", "content": "不知为何感觉听起来很自豪啊"}, {"uid": "312343774", "content": "不是故意的，那就是有意的"}, {"uid": "22773837", "content": "哈哈哈哈哈哈哈哈哈哈哈"}, {"uid": "22161804", "content": "致命节奏"}, {"uid": "13674343", "content": "居然如此自豪"}, {"uid": "466472643", "content": "呢你的头在哪呢"}, {"uid": "36135054", "content": "为什么这件事会这么骄傲"}, {"uid": "1929037518", "content": "你的什么？什么下面？"}, {"uid": "523381147", "content": "《自豪》"}, {"uid": "455975350", "content": "很抱歉用这种方式来认识你"}, {"uid": "396953016", "content": "逆天"}, {"uid": "334519821", "content": "急了急了"}, {"uid": "411932090", "content": "还看了一眼"}, {"uid": "64924884", "content": "憨色大二都会"}, {"uid": "186111420", "content": "看完了，很抱歉以这种方式认识你。"}, {"uid": "524639780", "content": "说实话，不看字幕，我一句没听懂"}, {"uid": "524639780", "content": "急了急了"}, {"uid": "430208242", "content": "很抱歉以这种方式认识你"}, {"uid": "674200855", "content": "长妈妈的睡相想必很不好罢"}, {"uid": "473125805", "content": "自豪.jpg"}, {"uid": "521066893", "content": "不愧是你"}, {"uid": "474916570", "content": "急了急了"}, {"uid": "280161793", "content": "急了急了"}, {"uid": "442486290", "content": "发现又尿了（dog）"}, {"uid": "512558290", "content": "自爆打法"}, {"uid": "538512197", "content": "哪里？"}, {"uid": "457812459", "content": "哈哈哈哈哈哈哈"}, {"uid": "1057502743", "content": "长妈妈系列?"}, {"uid": "179093451", "content": "妙啊"}, {"uid": "262220185", "content": "破防了"}, {"uid": "538512197", "content": "好家伙"}, {"uid": "538512197", "content": "她急了"}, {"uid": "1929037518", "content": "难道睡着不难受吗？"}, {"uid": "1979186410", "content": "我很自豪"}, {"uid": "23299978", "content": "也没什么，就是排出的瞬间人就轻松很多而已还暖暖的"}, {"uid": "569002656", "content": "..."}, {"uid": "695065614", "content": "好残忍"}, {"uid": "437069615", "content": "哈哈哈哈哈"}, {"uid": "1989920582", "content": "玥玥的复仇"}, {"uid": "42297620", "content": "草"}, {"uid": "523381147", "content": "心态很好。"}, {"uid": "40361042", "content": "丛刃开启"}, {"uid": "688317049", "content": "就算干了还是有味道的呀"}, {"uid": "328318729", "content": "很抱歉以这种形式认识你"}, {"uid": "569002656", "content": "好家伙"}, {"uid": "1548131388", "content": "破了破了"}, {"uid": "1548131388", "content": "破防了"}, {"uid": "22773837", "content": "噗"}, {"uid": "7661198", "content": "我骄傲！"}, {"uid": "562317876", "content": "老迅哥儿了↑"}, {"uid": "702191758", "content": "阿长"}, {"uid": "278837216", "content": "她急了"}, {"uid": "278837216", "content": "我很自豪"}, {"uid": "538512197", "content": "(◔◡◔)"}, {"uid": "1847651706", "content": "什么鬼？"}, {"uid": "1548131388", "content": "?"}, {"uid": "1548131388", "content": "尿床可还行"}, {"uid": "22244376", "content": "还真没有"}, {"uid": "53693502", "content": "丢人"}, {"uid": "1929037518", "content": "感情玥玥在下面呀"}, {"uid": "1137356866", "content": "没"}, {"uid": "1548131388", "content": "？"}, {"uid": "25873203", "content": "(⍥(⍥(⍥(⍥(⍥;;) 惊呆惹"}, {"uid": "23081776", "content": "绘绘原来这么霸道的呀"}, {"uid": "86130737", "content": "？？？"}, {"uid": "86130737", "content": "你再骂"}, {"uid": "86130737", "content": "666"}, {"uid": "514970060", "content": "wc"}, {"uid": "1548131388", "content": "什么鬼"}, {"uid": "35210948", "content": "难道女孩子那啥的时候不要准备一个毛巾免得床单湿透么，那个就是尿啊[思考]，不一定小孩子才会尿啊，大女孩子也会啊[思考]​"}, {"uid": "915844", "content": "哈哈哈哈哈哈哈哈哈哈哈哈哈哈哈和"}]