[{"uid": "37152145", "content": "杀 穿 月 月"}, {"uid": "1098644632", "content": "这只兔也太屑了，wwwwww"}, {"uid": "442437411", "content": "我有机会"}, {"uid": "402634910", "content": "获得称号:食  亲  者"}, {"uid": "402634910", "content": "获得称号:食  亲  者"}, {"uid": "1611707773", "content": "《新》"}, {"uid": "524036314", "content": "我的名字叫夏川玥玥，年龄393岁，家住月宫"}, {"uid": "43669757", "content": "重要的问题打三遍"}, {"uid": "348486737", "content": "总有一天接你会地球"}, {"uid": "516801578", "content": "好a"}, {"uid": "516801578", "content": "不不不，马上就后悔了（dog）"}, {"uid": "516801578", "content": "大胆妖孽！我一眼就看出你不是人！（dog）"}, {"uid": "516801578", "content": "以后表情包要多只兔子了（dog）"}, {"uid": "91485244", "content": "你谁啊"}, {"uid": "402634910", "content": "《食    兔     族》"}, {"uid": "182552945", "content": "你姐姐嫦娥也会来嘛？！"}, {"uid": "121938437", "content": "一定"}, {"uid": "121938437", "content": "美少女战士月野兔"}, {"uid": "8942034", "content": "xd们把嘿嘿哈哈打在公屏上！！！"}, {"uid": "8942034", "content": "这只兔子挑食的也太严重了吧"}, {"uid": "430209243", "content": "害怕"}, {"uid": "479061338", "content": "吃饱之后脂肪移动到那里!!!"}, {"uid": "479061338", "content": "罪名;过于优秀"}, {"uid": "473409494", "content": "好耶！"}, {"uid": "7770840", "content": "这TM16岁！？"}, {"uid": "29418115", "content": "主  题  升  华"}, {"uid": "50545954", "content": "我很可爱，请给我钱（"}, {"uid": "361097566", "content": "？？？叉出去"}, {"uid": "181868807", "content": "嘿嘿哈哈，我全都要"}, {"uid": "401145026", "content": "我是个盲人 请问发生了什么"}, {"uid": "52715415", "content": "兔子挑食太草了"}, {"uid": "240308008", "content": "16岁可以当老婆了"}, {"uid": "240308008", "content": "叠词词"}, {"uid": "240308008", "content": "亿点点"}, {"uid": "240308008", "content": "闭眼新世界"}, {"uid": "240308008", "content": "嘿嘿…哈哈…"}, {"uid": "240308008", "content": "染发？难道你是赛亚兔！"}, {"uid": "240308008", "content": "智慧的眼神"}, {"uid": "240308008", "content": "众所周知，臭豆腐是香喷喷的东西（doge）"}, {"uid": "436476535", "content": "《麻辣兔头》"}, {"uid": "287293298", "content": "现出原形"}, {"uid": "1989920582", "content": "官方吐槽"}, {"uid": "475375455", "content": "哈哈哈哈哈哈哈哈哈哈哈"}, {"uid": "308150320", "content": "好家伙 胃长胸里边 一边一个"}, {"uid": "20247132", "content": "小东西还有两幅面孔"}, {"uid": "2490350", "content": "芜湖，起飞"}, {"uid": "45554361", "content": "嘿嘿……哈哈"}, {"uid": "479061338", "content": "亿点点"}, {"uid": "479061338", "content": "获得成就；食亲者"}, {"uid": "285650906", "content": "在哪？？"}, {"uid": "361097566", "content": "兔子不吃窝边草和胡萝卜，"}, {"uid": "401145026", "content": "现在关注以后是不是就是老粉了"}, {"uid": "240308008", "content": "青椒！世界线收束！"}, {"uid": "21100266", "content": "好家伙大制作"}, {"uid": "409603362", "content": "看来人们是真的忘记了小月月"}, {"uid": "490866949", "content": "哈哈哈哈哈哈哈哈哈"}, {"uid": "235617022", "content": "我现在也很喜欢你"}, {"uid": "402634910", "content": "本是同根生   相煎何太急"}, {"uid": "174382095", "content": "这模型比之前的那个还要好得多"}, {"uid": "160349167", "content": "好耶！"}, {"uid": "121938437", "content": "嘿嘿哈哈哈"}, {"uid": "121938437", "content": "等等，什么头"}, {"uid": "5453521", "content": "嘿嘿哈哈？"}, {"uid": "8942034", "content": "《过于优秀》"}, {"uid": "38968394", "content": "我很可爱，请给我钱(dog)"}, {"uid": "395965003", "content": "嘿嘿哈哈"}, {"uid": "479061338", "content": "嘿嘿"}, {"uid": "861032", "content": "不愧是你  还是没长大……"}, {"uid": "13674343", "content": "超级变化模式！"}, {"uid": "60145977", "content": "兔子不吃胡萝卜草"}, {"uid": "361097566", "content": "哈嘿哈嘿"}, {"uid": "1499029505", "content": "小玉兔喜欢麻辣兔头？！"}, {"uid": "266705455", "content": "这兔子咋回事喜欢吃自己不说还不吃胡萝卜"}, {"uid": "181868807", "content": "初见可爱"}, {"uid": "62848741", "content": "初见可爱DD"}, {"uid": "348486737", "content": "玉兔，欢迎回家！"}, {"uid": "396094793", "content": "亿点点"}, {"uid": "396094793", "content": "兔头？"}, {"uid": "183513205", "content": "嘿嘿哈哈"}, {"uid": "489683303", "content": "哈嘿～嘿哈"}, {"uid": "182552945", "content": "你来啦——"}, {"uid": "479061338", "content": "化形大妖!!1"}, {"uid": "479061338", "content": "兔子讨厌胡萝卜???"}, {"uid": "74047511", "content": "嘿嘿哈哈"}, {"uid": "13674343", "content": "嘿哈嘿哈"}, {"uid": "13674343", "content": "嘿嘿"}, {"uid": "361097566", "content": "嘿嘿哈哈"}, {"uid": "73859864", "content": "嘿嘿哈哈"}, {"uid": "177644547", "content": "嘿嘿哈哈"}, {"uid": "617528512", "content": "嘿嘿，哈哈"}, {"uid": "3739693", "content": "直接喂鸡蛋"}, {"uid": "176879165", "content": "嘿嘿哈哈"}, {"uid": "344256338", "content": "好可爱好可爱"}, {"uid": "477932537", "content": "嘿嘿哈哈"}, {"uid": "209264782", "content": "？？？？？？？？？？？"}, {"uid": "209264782", "content": "？？？？？？？？？？？？"}, {"uid": "361097566", "content": "嘿哈嘿哈"}, {"uid": "361097566", "content": "哇，太帅了"}, {"uid": "1989920582", "content": "建议改成：被赶出来的原因"}, {"uid": "367325430", "content": "我17我有机会"}, {"uid": "492914935", "content": "我17岁，我有机会！！！"}, {"uid": "308150320", "content": "看好康的"}, {"uid": "34871965", "content": "胡萝卜？"}, {"uid": "700787977", "content": "挑食能不小吗？"}, {"uid": "700787977", "content": "嘿嘿哈哈"}, {"uid": "700787977", "content": "耳朵不见了"}, {"uid": "247062392", "content": "所以被炖了"}, {"uid": "287392565", "content": "哈哈嘿嘿"}, {"uid": "474640651", "content": "奇怪的钢板又增加了"}, {"uid": "76962065", "content": "我也喜欢麻辣兔头 所以我们贴贴"}, {"uid": "346201608", "content": "可以煮了吃嘛"}, {"uid": "382569149", "content": "哈哈哈哈"}, {"uid": "182552945", "content": "来啦来啦"}, {"uid": "30488564", "content": "嘿嘿哈哈"}, {"uid": "385446199", "content": "嘿嘿哈哈"}, {"uid": "385446199", "content": "可爱"}, {"uid": "196856", "content": "debu"}, {"uid": "38968394", "content": "嘿嘿哈哈"}, {"uid": "54743742", "content": "作为一只兔子居然讨厌胡萝卜，你不合格"}, {"uid": "54743742", "content": "等等，你刚刚说的是不是麻辣兔头？"}, {"uid": "861032", "content": "嘿嘿哈哈"}, {"uid": "477932537", "content": "awsl"}, {"uid": "13674343", "content": "兔兔吃兔兔"}, {"uid": "21695515", "content": "自己吃自己？"}, {"uid": "436476535", "content": "兔兔讨厌吃胡萝卜喜欢吃麻辣兔头？"}, {"uid": "701855856", "content": "准备捉妖！！！"}, {"uid": "442437411", "content": "嘿嘿"}, {"uid": "500993331", "content": "第9999个"}, {"uid": "235617022", "content": "终于来了"}, {"uid": "33279186", "content": "兔兔吃兔头？是吃啥补啥的意思么？"}, {"uid": "472252176", "content": "嘿嘿"}, {"uid": "28568099", "content": "？麻辣兔头？"}, {"uid": "15549125", "content": "我喜欢红烧"}, {"uid": "287392565", "content": "亿点点"}, {"uid": "68343355", "content": "www"}, {"uid": "526395875", "content": "嘿哈"}, {"uid": "52194", "content": "难道姐姐是嫦娥"}, {"uid": "573611611", "content": "嘿嘿哈哈"}, {"uid": "532827786", "content": "嘿嘿哈哈"}, {"uid": "29238695", "content": "哈哈"}, {"uid": "85904565", "content": "好耶"}, {"uid": "285650906", "content": "巧了，我也讨厌这些"}, {"uid": "6638704", "content": "嘿哈"}, {"uid": "404103047", "content": "星法"}, {"uid": "1989920582", "content": "嘿嘿哈哈"}, {"uid": "434604703", "content": "兔兔讨厌胡萝不？"}, {"uid": "434604703", "content": "麻辣兔头？"}, {"uid": "235617022", "content": "好耶"}, {"uid": "91485244", "content": "嘿嘿"}, {"uid": "523021423", "content": "可爱可爱"}, {"uid": "523301628", "content": "嘿嘿"}, {"uid": "382569149", "content": "麻辣兔头"}, {"uid": "19394119", "content": "麻辣兔头？？"}, {"uid": "156524321", "content": "嘿哈嘿哈"}, {"uid": "473409494", "content": "嘿嘿"}, {"uid": "477932537", "content": "玥玥好耶！"}, {"uid": "74047511", "content": "未来可期未来可期"}, {"uid": "52715415", "content": "麻辣兔头（警觉）"}, {"uid": "94407110", "content": "嘿嘿嘿"}, {"uid": "367325430", "content": "这兔不正常还有点傻"}, {"uid": "33293005", "content": "哈哈"}, {"uid": "396094793", "content": "鲱鱼罐头，蓝纹奶酪，臭鲨鱼要不要试试"}, {"uid": "660921446", "content": "嘿哈哈哈哈哈哈，哈嘿嘿嘿嘿嘿"}, {"uid": "366508223", "content": "来了来了"}, {"uid": "121938437", "content": "姐姐的呢"}, {"uid": "5453521", "content": "麻辣兔头呢？"}, {"uid": "27645140", "content": "钢板"}, {"uid": "287385290", "content": "嘿哈"}, {"uid": "479061338", "content": "觉得白色好看点"}, {"uid": "60145977", "content": "嘿嘿"}, {"uid": "361097566", "content": "麻辣兔头？？？吃自己"}, {"uid": "181868807", "content": "麻辣兔头？？？"}, {"uid": "361097566", "content": "玥玥！！！"}, {"uid": "335065869", "content": "嘿嘿"}, {"uid": "240308008", "content": "看到我你就不是第一了"}, {"uid": "29782880", "content": "嘿嘿"}, {"uid": "544051933", "content": "吧"}, {"uid": "446177905", "content": "嘿嘿"}, {"uid": "348486737", "content": "嘿嘿"}, {"uid": "13664540", "content": "麻辣兔头？？？？！"}]