[{"uid": "3248937", "content": "？？？？"}, {"uid": "426117892", "content": "当然是选择接受了呀（狗头）"}, {"uid": "349537112", "content": "我一脸懵"}, {"uid": "180351006", "content": "不花钱看片"}, {"uid": "26628464", "content": "反以为荣"}, {"uid": "3153180", "content": "看把孩子高兴的"}, {"uid": "160036643", "content": "谨防新型网络诈骗"}, {"uid": "191079798", "content": "片哥＝吉兆"}, {"uid": "418290477", "content": "反诈骗"}, {"uid": "418290477", "content": "《突 然 兴 奋》"}, {"uid": "418290477", "content": "突然兴奋"}, {"uid": "433574351", "content": "等晚上我直接去送学习资料"}, {"uid": "1514335484", "content": "视频，图和本"}, {"uid": "35177388", "content": "草，兔兔这语序遣词造句绝了"}, {"uid": "510235352", "content": "《反以为荣》"}, {"uid": "108675829", "content": "萌兔落泪"}, {"uid": "36823317", "content": "好家伙，一句话给人说死了"}, {"uid": "645471253", "content": "你怎么那么懂啊"}, {"uid": "645471253", "content": "谨防新型网络诈骗"}, {"uid": "273324155", "content": "好人卡发起来可顺溜了"}, {"uid": "260135120", "content": "听你这口气，平时拒绝了不少男生吧"}, {"uid": "4186140", "content": "片哥の肯定"}, {"uid": "261700708", "content": "很抱歉以这种方式认识你"}, {"uid": "411167400", "content": "请以实物为准"}, {"uid": "186084568", "content": "懂了 片哥=人气高"}, {"uid": "648902737", "content": "震惊一整年"}, {"uid": "29893286", "content": "《强者の证明》"}, {"uid": "3057859", "content": "片哥上个总督呗"}, {"uid": "426117892", "content": "当然是选择接受了呀（狗头）"}, {"uid": "28894993", "content": "见到片哥这么激动的么"}, {"uid": "349537112", "content": "魔鬼"}, {"uid": "160036643", "content": "《反以为荣》"}, {"uid": "580226840", "content": "《不以为耻》"}, {"uid": "28455298", "content": "魔鬼发言"}, {"uid": "457035250", "content": "谨防新型网络诈骗"}, {"uid": "356089321", "content": "警惕新型网络诈骗"}, {"uid": "398821752", "content": "人多的不就直接顶掉了［doge］"}, {"uid": "34679425", "content": "看免费的"}, {"uid": "302667327", "content": "你是个好人，走你！"}, {"uid": "475780682", "content": "懂了  新型网络诈骗（doge）"}, {"uid": "580226840", "content": "《反以为荣》"}, {"uid": "272754630", "content": "等你们等了5个月了！！？"}, {"uid": "30784303", "content": "片哥：？？？？"}, {"uid": "430966565", "content": "是来进货的"}, {"uid": "412915139", "content": "思路清晰"}, {"uid": "356089321", "content": "把片哥整不会了"}, {"uid": "915844", "content": "不容易啊哈哈哈"}, {"uid": "107977092", "content": "我们喜欢白嫖"}, {"uid": "349537112", "content": "？？？？？？"}, {"uid": "510968181", "content": "一种开始"}, {"uid": "36135054", "content": "片哥:我不小心点错了"}, {"uid": "14171535", "content": "你好懂"}, {"uid": "297962002", "content": "激动起来声音变尖了"}, {"uid": "199364972", "content": "哈哈哈哈笑死了"}, {"uid": "28455298", "content": "证明你终于有人气了"}, {"uid": "183796570", "content": "仿佛看到了咪咪"}, {"uid": "6816892", "content": "ohhhhhhhh"}, {"uid": "1925103875", "content": "硬核马赛克"}, {"uid": "287293298", "content": "。。。。什么鬼"}, {"uid": "82388280", "content": "片哥的认同"}, {"uid": "1923818417", "content": "片哥表示害怕极了"}, {"uid": "41849873", "content": "不以为耻，反以为荣"}, {"uid": "153155081", "content": "开头震怒"}, {"uid": "5788806", "content": "新型诈骗"}, {"uid": "183796570", "content": "仿佛看到了幽咪咪"}, {"uid": "89112172", "content": "我一打开。。。"}, {"uid": "349537112", "content": "反以为荣"}, {"uid": "515535707", "content": "哈哈哈"}, {"uid": "538512197", "content": "。。。。"}, {"uid": "199364972", "content": "证明你要火了"}, {"uid": "495875935", "content": "？？？？？"}, {"uid": "332926747", "content": "请以实物为准"}, {"uid": "418290477", "content": "暗示白嫖"}, {"uid": "2253614", "content": "笑死了"}, {"uid": "1514335484", "content": "买片找我，我打八折"}, {"uid": "490507132", "content": "懂了 骗哥等于人气"}, {"uid": "488295405", "content": "反以为荣！"}, {"uid": "544288506", "content": "开屏雷击"}, {"uid": "356089321", "content": "？"}, {"uid": "472972456", "content": "掩护片哥"}, {"uid": "439343370", "content": "封面仅供参考 "}, {"uid": "37055", "content": "让人落泪"}, {"uid": "1909746", "content": "一股geigei味"}, {"uid": "14881695", "content": "哈哈哈哈哈"}, {"uid": "1895314816", "content": "？？？"}, {"uid": "11548345", "content": "哈哈哈哈哈哈"}, {"uid": "2253614", "content": "谨防新型诈骗"}, {"uid": "1974070439", "content": "你火了"}, {"uid": "444169161", "content": "懂兔"}, {"uid": "401367992", "content": "懂哥"}, {"uid": "11308341", "content": "草"}, {"uid": "352855884", "content": " 不好意思er"}, {"uid": "3394621", "content": "珍惜的片哥"}, {"uid": "455512469", "content": "哈哈哈，太可爱了！我要改名字了！片哥！"}, {"uid": "502617170", "content": "片哥yyds"}, {"uid": "521676284", "content": "你好懂啊"}, {"uid": "580635717", "content": "来进货"}, {"uid": "1909746", "content": "？？哈哈哈哈"}, {"uid": "301350550", "content": "？？？？？"}, {"uid": "489135990", "content": "弹幕xswl"}, {"uid": "645471253", "content": "你是个好人"}, {"uid": "530840113", "content": "好耶！"}, {"uid": "356089321", "content": "ohhhhhhhhh"}, {"uid": "153155081", "content": "开篇震怒"}, {"uid": "2616944", "content": "泪目"}, {"uid": "1526519294", "content": "谁截图了"}, {"uid": "2807354", "content": "笑死"}, {"uid": "1043258328", "content": "我？？？？？？？？"}, {"uid": "486217731", "content": "新型诈骗"}, {"uid": "203814", "content": "泪目"}, {"uid": "426998685", "content": "暂停成功"}, {"uid": "356089321", "content": "？。？"}, {"uid": "220961348", "content": "好耶"}, {"uid": "525262487", "content": "好像我就是"}, {"uid": "510235352", "content": "？"}, {"uid": "1043258328", "content": "我去"}, {"uid": "488295405", "content": "不以为耻！"}, {"uid": "276995281", "content": "？"}]