[{"uid": "13632455", "content": "兔兔：我一打开，我不干净了"}, {"uid": "502276094", "content": "很抱歉以这种方式认识你"}, {"uid": "1210292618", "content": "卖家：我真的是拦都拦不住"}, {"uid": "216589696", "content": "一看封面就是老画册了"}, {"uid": "694359444", "content": "高情商：一不小心看见了"}, {"uid": "507085757", "content": "欲 言 又 止"}, {"uid": "285645304", "content": "高 级 作 战 记 录"}, {"uid": "177947039", "content": "好家伙，这个卖家还是有点儿良心。"}, {"uid": "386375800", "content": "就有杰哥说，我有好康的"}, {"uid": "389454867", "content": "很高兴以这种方式认识你"}, {"uid": "29610510", "content": "很高兴以这种方式认识你"}, {"uid": "1922208693", "content": "很高兴以这样的方式认识你"}, {"uid": "35720292", "content": "让  我  访  问 ！！！"}, {"uid": "488473110", "content": "她当时就长大了"}, {"uid": "508492448", "content": "很高兴以这种方式认识你"}, {"uid": "18253454", "content": "很高兴以这种方式认识你"}, {"uid": "629888884", "content": "《还想》"}, {"uid": "448811913", "content": "爷坚持访问"}, {"uid": "1362383331", "content": "《动 物 册》"}, {"uid": "414666455", "content": "你看孩子笑的多开心啊"}, {"uid": "1590274602", "content": "知道作文怎么写了吧，作文题目“那一刻我长大了”"}, {"uid": "288842303", "content": "很高兴以这样的方式认识你"}, {"uid": "525246107", "content": "很抱歉以这种方式认识你"}, {"uid": "675688774", "content": "两个面包夹芝士"}, {"uid": "486216753", "content": "OMG，买它买它"}, {"uid": "486216753", "content": "两个兄♂贵在摔♂跤"}, {"uid": "345565979", "content": "康 本 兔 一 战 成 名"}, {"uid": "486417927", "content": "求卖家当时的表情"}, {"uid": "440868676", "content": "自己发展自己"}, {"uid": "482429275", "content": "很高兴以这种方式认识你（doge）"}, {"uid": "512417408", "content": "书中自有颜如玉才对"}, {"uid": "629179033", "content": "两个没有穿衣服的男女在床上打架——鲁迅《衍太太》"}, {"uid": "74173597", "content": "《我什么都不懂》"}, {"uid": "284432402", "content": "《没有封面》"}, {"uid": "470685877", "content": "sp走不远，但走得快（doge）"}, {"uid": "114173786", "content": "插  画"}, {"uid": "140484847", "content": "《动物世界》"}, {"uid": "416295771", "content": "很抱歉以这种方式认识你"}, {"uid": "694940140", "content": "你的下一句话是：我有个朋友！"}, {"uid": "437774228", "content": "很高兴以这种方式认识你"}, {"uid": "494368095", "content": "那天你长大了"}, {"uid": "494951804", "content": "听你这么说你很懂哦（滑稽）"}, {"uid": "477896179", "content": "很高兴以这种方式认识你"}, {"uid": "274249126", "content": "《上   头》"}, {"uid": "519519319", "content": "那就是现在什么都懂了哦?"}, {"uid": "274249126", "content": "很高兴以这种方式认识你"}, {"uid": "22421288", "content": "那一瞬间她长大了"}, {"uid": "515746827", "content": "大 吃 一 斤"}, {"uid": "478180165", "content": "那一刻他成长了 "}, {"uid": "497305025", "content": "两个……两个……男的在摔♂跤"}, {"uid": "255521487", "content": "匆匆的再看一眼"}, {"uid": "586062319", "content": "很抱歉以这种方式认识你"}, {"uid": "632968932", "content": "杰哥直呼内行"}, {"uid": "415194477", "content": "让我访问！"}, {"uid": "405943028", "content": "很高兴以这种方式认识你"}, {"uid": "500191946", "content": "很抱歉以这种方式认识你"}, {"uid": "432127411", "content": "两个男人在更衣室里摔跤♂"}, {"uid": "1302981318", "content": "良 心 卖 家"}, {"uid": "501547870", "content": "有两个人光着身子仿佛在打架，但又不很像"}, {"uid": "529567696", "content": "两 人 大 吃 一 惊"}, {"uid": "36336612", "content": "两 只 老 虎 爱 跳 舞"}, {"uid": "528202874", "content": "然后就一发不可收拾"}, {"uid": "509961459", "content": "我已经能想象到那个场景了眼神逐渐失去高光"}, {"uid": "94447167", "content": "没错，她在狂笑"}, {"uid": "668758209", "content": "卖家:你还没给钱呢?(dogs)"}, {"uid": "552857309", "content": "暴露本性"}, {"uid": "23794714", "content": "很高兴以这种方式认识你（）"}, {"uid": "499198963", "content": "很抱歉因为这种方式认识你"}, {"uid": "620983616", "content": "我当时直接原地登dua郎【滑稽】"}, {"uid": "678734950", "content": "那一刻孩子他长大了"}, {"uid": "439601876", "content": "只能买一本了"}, {"uid": "223898912", "content": "书 中 自 有 黄 金 屋"}, {"uid": "66742820", "content": "撵   不   走"}, {"uid": "282818702", "content": "很抱歉以这种方式认识你。"}, {"uid": "442444032", "content": "很高兴用这总方式遇见你"}, {"uid": "1020587587", "content": "很抱歉以这种方式认识你"}, {"uid": "483675430", "content": " 很抱歉以这种方式认识你"}, {"uid": "51660122", "content": "很高兴以这种方式认识你（doge）"}, {"uid": "68119498", "content": "打开了新世界的大门"}, {"uid": "474007373", "content": "她当时就长大了"}, {"uid": "360753945", "content": "那一刻，她长大了很多。"}, {"uid": "117530218", "content": "很高兴用这种方式认识你"}, {"uid": "442551746", "content": "我很高兴以这种方式认识你"}, {"uid": "518527269", "content": "直接就买下来了？（doge）"}, {"uid": "159781773", "content": "说了一句：老板 来三本"}, {"uid": "1925178", "content": "《老板给我拿两本》"}, {"uid": "233379926", "content": "那一天，她长大了（滑稽）"}, {"uid": "91240794", "content": "《然   后》"}, {"uid": "389086274", "content": "很高兴以这样的形式认识你"}, {"uid": "457353251", "content": "震惊了 但是没有完全震惊"}, {"uid": "299870332", "content": "插 · 画集"}, {"uid": "496048013", "content": "瞬间从幼年进入到了中年"}, {"uid": "501086023", "content": "光着身子仿佛在打架（确信）"}, {"uid": "604197074", "content": "原来的我也是这么想的"}, {"uid": "471648950", "content": "你也赶快进来震惊一下吧"}, {"uid": "471648950", "content": "震惊，兔兔竟然被震惊了"}, {"uid": "24855997", "content": "这几秒在光速学习知识（不是"}, {"uid": "367145971", "content": "很高兴以这种方式认识你"}, {"uid": "89492836", "content": "看到了女主竟是我自己"}, {"uid": "101351033", "content": "那一眼，她长大了"}, {"uid": "603943436", "content": "那一刻，她长大了"}, {"uid": "207269651", "content": "很高兴以这种方式认识你"}, {"uid": "229651245", "content": "动物册——指Furry"}, {"uid": "404350011", "content": "玥玥:拿来吧你"}, {"uid": "1325566386", "content": "他也很震惊，问你到底买不买"}, {"uid": "385666388", "content": "很高兴认识你"}, {"uid": "546231517", "content": "震惊"}, {"uid": "647287084", "content": "很抱歉以这种方式认识你"}, {"uid": "1622802208", "content": "很高兴以这种方式认识你"}, {"uid": "361824158", "content": "插    画集"}, {"uid": "519527029", "content": "很抱歉以这种方式认识你"}, {"uid": "286187174", "content": "两个人光着身子仿佛在打架，但又不很像"}, {"uid": "473102925", "content": "很抱歉以这样的方式认识你233333"}, {"uid": "386400459", "content": "很抱歉以这种方式认识你"}, {"uid": "1266701481", "content": "然后摊主一脸慈祥的说小妹妹是买给你男朋友看的吗男朋友叫你买的"}, {"uid": "686961368", "content": "它在想小妹妹有前途看成年人的书居然看懂了有前途前途不可限量"}, {"uid": "320558428", "content": "迅哥儿：这个我熟"}, {"uid": "441080743", "content": "很抱歉以这种方式认识你"}, {"uid": "649554201", "content": "真的很抱歉以这种方式认识你"}, {"uid": "660907201", "content": "很高兴以这种方式认识你"}, {"uid": "60300039", "content": "两个人在摔跤"}, {"uid": "469673032", "content": "很高兴以这种方式认识你"}, {"uid": "474681970", "content": "非常感谢以这种方式认识你"}, {"uid": "515830071", "content": "《小盆友》"}, {"uid": "515830071", "content": "我知道是写作业的，对吧？对吧！"}, {"uid": "574296507", "content": "突然就登dua男郎了（doge）"}, {"uid": "287514099", "content": "打开的那一刻你觉醒了"}, {"uid": "416295771", "content": "很抱歉以这种方式认识你"}, {"uid": "670972253", "content": "你看她笑的多开心"}, {"uid": "364801167", "content": "很遗憾以这种方式认识你"}, {"uid": "438305358", "content": "两个老虎在跳舞（doge）"}, {"uid": "1969789240", "content": "《 不 知 道 》"}, {"uid": "447357931", "content": "懂了，这就去写作文"}, {"uid": "700848855", "content": "“两个妖精打架”"}, {"uid": "94521140", "content": "人类也是动物的一种啊动物册没毛病"}, {"uid": "7027071", "content": "那一瞬间  孩子长大了"}, {"uid": "533391077", "content": "震惊卖家一辈子"}, {"uid": "478180165", "content": "让我康康"}, {"uid": "435436934", "content": "你看他笑的多开心啊"}, {"uid": "690823023", "content": "看来你已经是个色兔兔"}, {"uid": "648632951", "content": "很抱歉以这种方式认识你"}, {"uid": "306180999", "content": "很抱歉以这种方式认识你"}, {"uid": "306180999", "content": "很抱歉以这种方式认识你"}, {"uid": "519973848", "content": "你高三还不懂，我在妈妈肚子里就已经全懂了（doge）"}, {"uid": "519973848", "content": "我感觉你在撒谎，你明明带回去了（）"}, {"uid": "88551712", "content": "田 格 本"}, {"uid": "24613682", "content": "图上画着一个房屋，有两个人光着身子，好像在打架，但又不很像。《朝花夕拾》"}, {"uid": "55157501", "content": "打开新世界的大门  而且往里越走越远"}, {"uid": "403438700", "content": "很抱歉以这种方式认识你"}, {"uid": "106373964", "content": "很抱歉以这种方式认识你"}, {"uid": "631717357", "content": "我当时直接喊:老板，我全要了，开个价"}, {"uid": "290492092", "content": "很高兴以这种方式认识你"}, {"uid": "442461083", "content": "很抱歉以这种方式认识你"}, {"uid": "474497043", "content": "还可以教你登dua郎"}, {"uid": "394986729", "content": "真的很抱歉，没想到竟然一这样的方式认识你"}, {"uid": "411260410", "content": "还可以教你登dua郎哦"}, {"uid": "473287376", "content": "那么猛的吗"}, {"uid": "321098532", "content": "两 只 老 虎 爱 社 死"}, {"uid": "293451310", "content": "嘴角微微上扬"}, {"uid": "431850484", "content": "很抱歉以这种方式认识你"}, {"uid": "476529687", "content": "以这种方式认识你真走运"}, {"uid": "294570819", "content": "震     惊"}, {"uid": "616608077", "content": "很高兴以这种方式认识你"}, {"uid": "476056874", "content": "在座的各位好好反省一下为什么点进来"}, {"uid": "1963259719", "content": "两个光着膀子的人在打架"}, {"uid": "475400166", "content": "当时直接biki"}, {"uid": "456335586", "content": "自我成长"}, {"uid": "487108556", "content": "啊啊啊啊啊啊啊，你怎么和我小时候一样，一直然后"}, {"uid": "399822349", "content": "这卖家还算良心"}, {"uid": "787308170", "content": "这个故事告诉我们，手速快很危险"}, {"uid": "499589472", "content": "那一刻 她长大了"}, {"uid": "499589472", "content": "你只要大喊一声：让我看看!"}, {"uid": "175031413", "content": "很抱歉以这种方式认识你"}, {"uid": "175031413", "content": "很抱歉以这种方式认识你"}, {"uid": "523243927", "content": "How   are   you"}, {"uid": "354487054", "content": "《让我访问》"}, {"uid": "472381578", "content": "打包，全要了！"}, {"uid": "443283646", "content": "很抱歉以这种方式认识你"}, {"uid": "662625938", "content": "很遗憾以这种方式认识你"}, {"uid": "30373704", "content": "真的很抱歉以这种方式认识你"}, {"uid": "1630225966", "content": "那一刻，他长大了"}, {"uid": "88483274", "content": "后悔的泪水从嘴角流了下来"}, {"uid": "289148103", "content": "他可能以为你知道这是啥（嗑瓜子）"}, {"uid": "34340503", "content": "他就笑了哈哈哈哈哈"}, {"uid": "519282373", "content": "震惊了，但没有完全震惊。"}, {"uid": "2014534436", "content": "你想的是什么？（doge）"}, {"uid": "2014534436", "content": "更 衣 室 大 战"}, {"uid": "518117106", "content": "非常抱歉以这种方式认识你 "}, {"uid": "90310401", "content": "很抱歉以这种方式认识你"}, {"uid": "476400612", "content": "很抱歉以这种方式认识你"}, {"uid": "427506118", "content": "这个建模好可爱！"}, {"uid": "349156645", "content": "满分作文"}, {"uid": "295184746", "content": "两个年轻人，不讲污的"}, {"uid": "346356852", "content": "让我访问！"}, {"uid": "2885454", "content": "到现在都能震惊到语无伦次"}, {"uid": "325086125", "content": "很抱歉用这种方式认识你"}, {"uid": "430826258", "content": "要是我随身带个打火机，我绝对直接烧了，再配个钱"}, {"uid": "179571762", "content": "很抱歉以这种方式认识你"}, {"uid": "80423867", "content": "坚持访问"}, {"uid": "351542013", "content": "我有个朋友想知道是哪里的漫展"}, {"uid": "479084872", "content": "当时突然就兴奋起来了"}, {"uid": "397065820", "content": "很抱歉以这种方式认识你哈哈哈哈哈哈哈我怎么没这么好运"}, {"uid": "99455634", "content": "《然    后》"}, {"uid": "397847990", "content": "然后在那一刻起就当起了手艺人"}, {"uid": "13731160", "content": "很高兴以这种方式认识你"}, {"uid": "429439345", "content": "暴露本性"}, {"uid": "513264842", "content": "小 心 兽 人 控 （doge）"}, {"uid": "25506964", "content": "很抱歉，以这种方式认识你"}, {"uid": "1762453539", "content": "up你敢把这玩意写进《那一刻我长大了》的作文吗"}, {"uid": "295850399", "content": "很开心以这种方式认识你"}, {"uid": "437336000", "content": "很抱歉以这种方式认识你"}, {"uid": "65979500", "content": "小白评测（bushi"}, {"uid": "255665741", "content": "很开心以这样的方式认识你"}, {"uid": "516320802", "content": "突然就发现了新世界"}, {"uid": "182439129", "content": "哎呦，你脸红了，来，让我看看"}, {"uid": "254177697", "content": "你居然还想翻，虽然这是人的本质"}, {"uid": "512030744", "content": "我笑了，并擦了擦喷出来的口水"}, {"uid": "205565674", "content": "我打开了那本书，那一瞬间我长大了"}, {"uid": "32118017", "content": "冷了几秒，然后偷偷看"}, {"uid": "433640199", "content": "然后你就看上瘾了。"}, {"uid": "1014693634", "content": "很抱歉以这种方式认识你"}, {"uid": "334398331", "content": "奇怪的知识增加了"}, {"uid": "434221823", "content": "新世界的大门"}, {"uid": "676636226", "content": "那一刻她懂得了一切"}, {"uid": "1431302999", "content": "光着身子打架"}, {"uid": "299874429", "content": "很抱歉以这种方式认识你"}, {"uid": "43526406", "content": "你看她笑得多开心"}, {"uid": "1585497443", "content": "很抱歉以这种方式认识你"}, {"uid": "448845747", "content": "很抱歉用这种方式认识你"}, {"uid": "686961368", "content": "到时候你什么都懂了多好"}, {"uid": "686961368", "content": "催熟剂"}, {"uid": "686961368", "content": "是不是没有经验要看书学一下于是你一看呀吓一跳"}, {"uid": "686961368", "content": "然后摊主一脸慈祥的说小妹妹是买给你男朋友看的吗男朋友叫你买的"}, {"uid": "489442666", "content": "五年级作文题目。"}, {"uid": "1225547569", "content": "《欲言又止》"}, {"uid": "451958847", "content": "我手太快了，完事了"}, {"uid": "490507132", "content": "很高兴这样方式去认识你"}, {"uid": "448811913", "content": "我看你是完全不懂哦"}, {"uid": "1362383331", "content": "心情非常急切"}, {"uid": "1362383331", "content": "很抱歉以这种方式认识你"}, {"uid": "404082994", "content": "很抱歉以这种方式认识你 "}, {"uid": "651437005", "content": "信息量过大"}, {"uid": "375723953", "content": "《有点》"}, {"uid": "489056577", "content": "简称漫展我们画家卖漫画的地方"}, {"uid": "3488324", "content": "恋恋不舍~"}, {"uid": "3488324", "content": "当时一下子就成长了是吧~"}, {"uid": "514666452", "content": "我小学四年级第一次去展子来着。。。"}, {"uid": "440868676", "content": "很抱歉以这种方式认识你"}, {"uid": "589259243", "content": "很高兴以这样的形式认识你"}, {"uid": "593034119", "content": "震惊我妈一整年"}, {"uid": "457137945", "content": "很抱歉用这种方式认识你"}, {"uid": "359775567", "content": "两个人在床上玩耍"}, {"uid": "204809650", "content": "很抱歉以这种方式认识你"}, {"uid": "92731655", "content": "很抱歉以这种方式认识你"}, {"uid": "391244178", "content": "很抱歉以这种方式认识你"}, {"uid": "140484847", "content": "很抱歉以这种方式认识你"}, {"uid": "1636566660", "content": "书中自有黄金物"}, {"uid": "438659335", "content": "很高兴以这种方式认识你。"}, {"uid": "62858971", "content": "你看哪，她在笑她笑的多开心啊 "}, {"uid": "450088451", "content": "《两 只 老 虎 爱 跳 舞》"}, {"uid": "522636596", "content": "很抱歉以这种方式认识你"}, {"uid": "274249126", "content": "高级动物"}, {"uid": "274249126", "content": "此 虚 拟 形 象 根 据 所 见 而 画"}, {"uid": "646937451", "content": "很高兴认识你"}, {"uid": "435436934", "content": "很抱歉以这种方式认识你"}, {"uid": "345755275", "content": "都是震驚人"}, {"uid": "450156090", "content": "然后买了一大堆"}, {"uid": "445753383", "content": "然后就买了？"}, {"uid": "506116074", "content": "当场停止思考"}, {"uid": "255521487", "content": "真巧直接重点没看剧情"}, {"uid": "47179586", "content": "很抱歉以这种方式认识你"}, {"uid": "89209487", "content": "很抱歉以这种方式认识你"}, {"uid": "182690788", "content": "很抱歉以这种方式认识你"}, {"uid": "368205256", "content": "我看你什么都不懂哦"}, {"uid": "632968932", "content": "鲁迅直呼内行"}, {"uid": "1355073507", "content": "然后：“老板给我拿两本”"}, {"uid": "509976933", "content": "买了(doge)"}, {"uid": "343159181", "content": "很抱歉以这种方法认识你！"}, {"uid": "1302981318", "content": "确实是“插”画啊，没毛病啊"}, {"uid": "33079913", "content": "搁这儿完形填空呢这是！？"}, {"uid": "674149130", "content": "暴露了暴露了"}, {"uid": "498830883", "content": "声音逐渐变嗲"}, {"uid": "170518731", "content": "很高兴以这种方式认识你"}, {"uid": "387085564", "content": "新世界的大门打开了"}, {"uid": "567011002", "content": "很抱歉以这种方式认识你"}, {"uid": "624649130", "content": "我看你，是什么都不懂哦"}, {"uid": "485739667", "content": "失去高光"}, {"uid": "484408455", "content": "好康的(狗头)"}, {"uid": "616608077", "content": "一脸懵逼 两脸懵逼 四脸懵逼"}, {"uid": "390848995", "content": "很抱歉认识你竟然是这种方式"}, {"uid": "363185430", "content": "很遗憾用这种方式认识你"}, {"uid": "505955115", "content": "很抱歉以这种方式认识你"}, {"uid": "424607238", "content": "纯洁是变态的最高境界"}, {"uid": "544653174", "content": "登DUA郎"}, {"uid": "695215258", "content": "小白兔成了小黄图"}, {"uid": "432257450", "content": "本性暴露"}, {"uid": "149125570", "content": "两只老虎爱跳舞"}, {"uid": "149125570", "content": "两只老虎爱跳舞"}, {"uid": "520318347", "content": "更衣室大战"}, {"uid": "436225119", "content": "不让我看，唉 ，我就要看，我就是要登dua郎！"}, {"uid": "499198963", "content": "很抱歉以这种方式认识你"}, {"uid": "345565979", "content": "这里这个“欲盖弥彰”是我发的！"}, {"uid": "266124791", "content": "很抱歉因为这种方式认识你"}, {"uid": "304590497", "content": "那一天，她成长了"}, {"uid": "631633082", "content": "？？？肾么详细点"}, {"uid": "2014534436", "content": "你还想看？？！！"}, {"uid": "2014534436", "content": "双双懵逼。     极限一换一"}, {"uid": "1020587587", "content": "两只老虎爱跳舞~~~"}, {"uid": "489764610", "content": "那一刻，你长大了"}, {"uid": "660881623", "content": "很抱歉以这样的方式认识你"}, {"uid": "12633115", "content": "很抱歉以这种方式认识你"}, {"uid": "179571762", "content": "很抱歉以这种方式认识你"}, {"uid": "696504811", "content": "刚刚本性暴露了"}, {"uid": "454551035", "content": "常威在打来福"}, {"uid": "497765380", "content": "好康的"}, {"uid": "9997932", "content": "很抱歉以这种方式认识你"}, {"uid": "295184746", "content": "两个人打架？"}, {"uid": "351724083", "content": "失去高光"}, {"uid": "12406468", "content": "登  dua  娘（错乱）"}, {"uid": "244286768", "content": "然后你就只能买下来回去看"}, {"uid": "478637711", "content": "直接登dua郎"}, {"uid": "516164436", "content": "衍  太  太"}, {"uid": "440874452", "content": "两只老虎爱跳舞～"}, {"uid": "407495147", "content": "好好反思一下自己为什么进来"}, {"uid": "406132657", "content": "果断下单"}, {"uid": "437336000", "content": "很抱歉以这种方式认识你"}, {"uid": "476138053", "content": "你看孩子笑得多开心"}, {"uid": "1669730998", "content": "奇怪的知识增加了"}, {"uid": "3933668", "content": "我看你是完全不懂哦 杰哥你干嘛"}, {"uid": "454495700", "content": "看累了直接碎觉没问题的"}, {"uid": "645715815", "content": "强行访问"}, {"uid": "491655005", "content": "很抱歉以这种方式认识你"}, {"uid": "158614043", "content": "人设本，cos本 (ｏ・_・)ノ”(ノ_＜。) "}, {"uid": "202432639", "content": "这就是你走上不归路的理由◑.◑"}, {"uid": "22244376", "content": "然后+20   +21"}, {"uid": "511868102", "content": "你为什么会打开?"}, {"uid": "499657662", "content": "好好的卖家！！"}, {"uid": "472699230", "content": "看了后，人生就受到了新知识！！"}, {"uid": "1868928763", "content": "多正常啊，还震惊？"}, {"uid": "503591336", "content": "很高兴这样认识你"}, {"uid": "454719084", "content": "直接付钱"}, {"uid": "388749606", "content": "她的意思是小黄书吗？？？"}, {"uid": "400550810", "content": "快手让生活见证美好"}, {"uid": "648083084", "content": "然后偷偷交易"}, {"uid": "396912447", "content": "你应该成熟了"}, {"uid": "519430420", "content": "双双震惊"}, {"uid": "1622802208", "content": "很高兴以这种方式认识你"}, {"uid": "626010811", "content": "很抱歉以这种方式认识你"}, {"uid": "694242905", "content": "抱歉以这种方式认识你 "}, {"uid": "59775049", "content": "人 猿 泰 山"}, {"uid": "43526406", "content": "听话，让我康康！"}, {"uid": "610973840", "content": "很抱歉以这种方式认识你"}, {"uid": "506065157", "content": "很遗憾以这种方式认识你"}, {"uid": "433512103", "content": "很抱歉以这种方式认识你"}, {"uid": "488473110", "content": "《良心》"}, {"uid": "686961368", "content": "你脏了对吧不你成熟了"}, {"uid": "686961368", "content": "没错那个摊主就是我为了让你早熟哈哈嘿嘿"}, {"uid": "488536067", "content": "直接当场看完了"}, {"uid": "518041031", "content": "鲁迅说过这是两个人在哪打架，却又有些不像而你为什么看懂了？"}, {"uid": "1649613086", "content": "两面包夹芝士，里鹰外核"}, {"uid": "88248983", "content": "拒绝访问，坚持访问"}, {"uid": "36535490", "content": "哎哟你脸红啦！让我康康"}, {"uid": "440868676", "content": "买下来"}, {"uid": "440868676", "content": "两只老虎爱跳舞"}, {"uid": "421009449", "content": "一瞬间长大了"}, {"uid": "629179033", "content": "长大了？然后买了一大堆？"}, {"uid": "60300039", "content": "应该不是买回去吗"}, {"uid": "349262524", "content": "很抱歉以这种方式认识你"}, {"uid": "442782619", "content": "两脸懵逼"}, {"uid": "49685067", "content": "醍醐灌顶"}, {"uid": "151061261", "content": "莫名打开了新世界的大门"}, {"uid": "20543564", "content": "买了下来"}, {"uid": "354628636", "content": "很抱歉以这种方式认识你"}, {"uid": "1228372283", "content": "我有个朋友想问一问你是在哪里看的"}, {"uid": "95815648", "content": "很抱歉以这种方式认识你"}, {"uid": "48541524", "content": "《世界的终极》"}, {"uid": "22912096", "content": "那一天你长大了"}, {"uid": "22222397", "content": "本性暴露ww"}, {"uid": "431978327", "content": "很抱歉以这种方式认识你"}, {"uid": "217901062", "content": "新世界的大门打开了（doge"}, {"uid": "94075089", "content": "很抱歉以这种方式认识你"}, {"uid": "275674582", "content": "很抱歉以这种方式认识你"}, {"uid": "551028074", "content": "比 较 小 的 小 东 东"}, {"uid": "186944094", "content": "卖三哼经的"}, {"uid": "179155154", "content": "很抱歉以这种方式认识你"}, {"uid": "255521487", "content": "如何棍某狂喜"}, {"uid": "277593839", "content": "嘴角上扬"}, {"uid": "632968932", "content": "听话！让我康康"}, {"uid": "479273528", "content": "很抱歉用这种方式认识你"}, {"uid": "663471327", "content": "直接登dua郎了"}, {"uid": "565456801", "content": "很抱歉认识你竟然是这种方式"}, {"uid": "500191946", "content": "看得了女主是你自己"}, {"uid": "509976933", "content": "发现新世界"}, {"uid": "415242179", "content": "很遗憾以这种方式认识你。"}, {"uid": "671619886", "content": "插·画也算画"}, {"uid": "28643185", "content": "真想等长大了再去买"}, {"uid": "437752515", "content": "很抱歉以这种方式认识你"}, {"uid": "280583387", "content": "当场买了几本"}, {"uid": "352442155", "content": "失去高光"}, {"uid": "627772210", "content": "你还敢！"}, {"uid": "21602620", "content": "很抱歉以这种方式认识你"}, {"uid": "294570819", "content": "这么说现在你很懂咯"}, {"uid": "452210558", "content": "我当时——直接下单"}, {"uid": "476290560", "content": "请收看名为然后的日记"}, {"uid": "70434758", "content": "很抱歉以这种方式认识你"}, {"uid": "455764471", "content": "很抱歉以这种方式认识你"}, {"uid": "631289075", "content": "两个男人爱跳舞♂"}, {"uid": "289091147", "content": "非法出售……作品，国内有健全的刑法哈"}, {"uid": "616535137", "content": "哪里比较小？（doge"}, {"uid": "521066893", "content": "很抱歉以这种方式认识你"}, {"uid": "384049251", "content": "很抱歉以这种方式认识你"}, {"uid": "520548656", "content": "e r * * o o l"}, {"uid": "616834583", "content": "然后你就上瘾了"}, {"uid": "490923277", "content": "你……色兔"}, {"uid": "402203092", "content": "很抱歉以这种方式认识你"}, {"uid": "24613682", "content": "语文本 作业本"}, {"uid": "495537925", "content": "那一刻我长大了"}, {"uid": "234549255", "content": "很抱歉以这种方式认识你"}, {"uid": "501707661", "content": "两个男人笑死我了"}, {"uid": "544740354", "content": "看到这突然流口水了"}, {"uid": "436785570", "content": "然后细细的品味了一番，知道了这种东西不是我能看的"}, {"uid": "493365277", "content": "让我康康你有木有发育完整"}, {"uid": "306199568", "content": "痛苦面具"}, {"uid": "438466813", "content": "你看她笑得多开心"}, {"uid": "662625938", "content": "你还想继续看！？"}, {"uid": "185827910", "content": "然后就买了两本，对吧"}, {"uid": "35656057", "content": "你说话怎么像我小学写的作文那么多然后"}, {"uid": "39515531", "content": "一打开就是滿满的社会性死亡"}, {"uid": "510936336", "content": "她笑得可可开心了"}, {"uid": "277972342", "content": "很抱歉以这种方式认识你"}, {"uid": "445020971", "content": "两只老虎爱跳舞"}, {"uid": "470290585", "content": "我每次都在最危险的时候避开了所有社死"}, {"uid": "375274920", "content": "很抱歉以这种方式认识你"}, {"uid": "406290875", "content": "很抱歉以这种方式认识你"}, {"uid": "289154139", "content": "都击碎了，还这么害羞"}, {"uid": "436481279", "content": "我为什么会点进来"}, {"uid": "402711232", "content": "坚 持 访 问"}, {"uid": "669262492", "content": "很抱歉以这种方式认识你."}, {"uid": "508898513", "content": "然后立马买了好几本"}, {"uid": "508898513", "content": "很抱歉以这种方式认识你"}, {"uid": "473378859", "content": "登dua郎"}, {"uid": "454193451", "content": "然后……老板给我来一本行吗？"}, {"uid": "29651291", "content": "只能买一本了"}, {"uid": "1893946428", "content": "很抱歉我已这种方式认识你"}, {"uid": "239852079", "content": "我看你是不懂哦"}, {"uid": "17205108", "content": "很抱歉以这种方式认识你"}, {"uid": "13148324", "content": "老板，给俺整一套"}, {"uid": "471773755", "content": "那一天你长大了"}, {"uid": "401511131", "content": "他也超级加倍？但是不用怕 (doge) "}, {"uid": "429439345", "content": "新世界（"}, {"uid": "429439345", "content": "很抱歉以这种方式遇见你"}, {"uid": "39503635", "content": "卖家挺好的"}, {"uid": "23202533", "content": "趁系统不注意"}, {"uid": "331831527", "content": "很抱歉以这种方式认识你"}, {"uid": "492682016", "content": "很抱歉以这种方式认识你"}, {"uid": "86244629", "content": "看见你们震惊我也很震惊"}, {"uid": "1937994859", "content": "“插 画 集”"}, {"uid": "437328689", "content": "不对劲，你有问题"}, {"uid": "106518359", "content": "月月就这样失去了她的第一次"}, {"uid": "672651902", "content": "很抱歉，以这种方式认识你"}, {"uid": "516320802", "content": "看她笑得多开心"}, {"uid": "519125883", "content": "你看笑得多开心啊。"}, {"uid": "482181099", "content": "你当时口水都流下来了"}, {"uid": "22244376", "content": "然后+22"}, {"uid": "22244376", "content": "然后+19"}, {"uid": "24855997", "content": "她在狂喜（不是"}, {"uid": "508041361", "content": "让我康康"}, {"uid": "356827242", "content": "哟，你脸红啦"}, {"uid": "442120381", "content": "这就把这期视频举报了（doge）"}, {"uid": "14860531", "content": "打开新世界的大门了？"}, {"uid": "519468078", "content": "你看到了通往新世界的大门"}, {"uid": "363890024", "content": "坚持访问"}, {"uid": "486130563", "content": "满满的正能量"}, {"uid": "386375800", "content": "我凭本事刷的"}, {"uid": "98970302", "content": "你说话怎么这么像小学作文XDDDD"}, {"uid": "43526406", "content": "这么说，你现在什么都懂了哦？"}, {"uid": "538540294", "content": "很抱歉以这种方式认识你"}, {"uid": "473102925", "content": "良心卖家"}, {"uid": "645598020", "content": "《我比较小》"}, {"uid": "393849569", "content": "很抱歉以这种方式认识你"}, {"uid": "456690672", "content": "很抱歉以这种方式认识你"}, {"uid": "670581499", "content": "老板来三本"}, {"uid": "1240401090", "content": "衍太太给鲁迅看的东西"}, {"uid": "696875306", "content": "哲♂学"}, {"uid": "415521709", "content": "听说你是个广door人，我们可能是老乡♂"}, {"uid": "364385814", "content": "很抱歉以这种方式认识你"}, {"uid": "1192702716", "content": "很抱歉以这种方式认识你"}, {"uid": "936139", "content": "然后买了下来回家看"}, {"uid": "490569225", "content": "很抱歉以这种方式认识你"}, {"uid": "629179033", "content": "《比较小》"}, {"uid": "146268712", "content": "专门......妙啊~"}, {"uid": "74173597", "content": "手疾眼快"}, {"uid": "373846007", "content": "惊！震惊老兔100年！！"}, {"uid": "58322460", "content": "我看你完全是不懂哦"}, {"uid": "208637984", "content": "你笑得好开心"}, {"uid": "95537711", "content": "很抱歉以这种方式认识你"}, {"uid": "476301242", "content": "很抱歉，以这种方式认识你"}, {"uid": "37296510", "content": "开玩笑，我超懂的拉"}, {"uid": "269920553", "content": "很抱歉以这种方式认识你"}, {"uid": "381814755", "content": "我很抱歉以这种方式认识你"}, {"uid": "94521140", "content": "就是那种什么衣服都没穿的两个人在干那种事的那种？"}, {"uid": "284937548", "content": "这直播间能活到现在也是超管手下留情。。"}, {"uid": "519519319", "content": "登dua郎"}, {"uid": "160459582", "content": "很抱歉以这种方式认识你"}, {"uid": "515746827", "content": "回收开头"}, {"uid": "527200101", "content": "然后+21"}, {"uid": "627807060", "content": "很抱歉以这种方式认识你"}, {"uid": "186944094", "content": "《比较小》"}, {"uid": "20327634", "content": "登dua廊"}, {"uid": "524012287", "content": "很抱歉以这种方式认识你"}, {"uid": "586062319", "content": "新世界"}, {"uid": "2014534436", "content": "漫展？什么漫展？正经吗？不正经的话下次带我一起去！！！"}, {"uid": "425305577", "content": "长大了"}, {"uid": "1181005035", "content": "两个男人摔跤♂"}, {"uid": "361127880", "content": "老板，全包了"}, {"uid": "389437906", "content": "很抱歉以这种方式认识你"}, {"uid": "473287376", "content": "登dua郎"}, {"uid": "651440927", "content": "送你一本"}, {"uid": "502531522", "content": "没想到你居然是这样的人"}, {"uid": "43355127", "content": "很抱歉以这种方式认识你"}, {"uid": "426008691", "content": "然后＋18"}, {"uid": "426008691", "content": "然后＋17"}, {"uid": "479942052", "content": "好家伙哈哈哈"}, {"uid": "352442155", "content": "失去高光"}, {"uid": "77589834", "content": "很抱歉以这种方式认识你[doge][doge][doge]​"}, {"uid": "321822553", "content": "让我康康"}, {"uid": "624649130", "content": "？？？请告诉我在哪里"}, {"uid": "93911773", "content": "哈哈哈哈哈哈哈哈哈哈"}, {"uid": "436960025", "content": "划重点，比较小"}, {"uid": "476390467", "content": "发现新大陆"}, {"uid": "362362392", "content": "很抱歉以这种方式认识你"}, {"uid": "248970898", "content": "啊，你看到了新的世界"}, {"uid": "92451742", "content": "很抱歉以这种方式认识你"}, {"uid": "544293393", "content": "是什么让我们聚在一起 "}, {"uid": "13732358", "content": "“让我康康”"}, {"uid": "7480276", "content": "直接宕机.jpg"}, {"uid": "85154534", "content": "很抱歉以这种方式认识你"}, {"uid": "1649328642", "content": "很抱歉以这种方式认识你"}, {"uid": "259459037", "content": "很抱歉以这种方式认识你"}, {"uid": "346696699", "content": "她在狂喜！"}, {"uid": "350928459", "content": "很抱歉以这种方式认识你"}, {"uid": "12069933", "content": "哎哟，你脸红啦？"}, {"uid": "437457729", "content": "两只老虎爱跳舞"}, {"uid": "232448630", "content": "然后就一发不可收拾"}, {"uid": "34340503", "content": "不我看你很兴奋"}, {"uid": "551059863", "content": "然后就社会学+8了"}, {"uid": "662453866", "content": "缘 妙不可言"}, {"uid": "27030534", "content": "社会性死亡"}, {"uid": "400567256", "content": "听话，让我康康啦"}, {"uid": "650955041", "content": "升华了"}, {"uid": "2014534436", "content": "小孩子有这么懂？"}, {"uid": "366900", "content": "很抱歉以这种方式认识你"}, {"uid": "1073744479", "content": "很抱歉以这种方式认识你"}, {"uid": "436481279", "content": "让我访问！"}, {"uid": "22468069", "content": "很抱歉以这种方式认识你"}, {"uid": "359017057", "content": "哟，你脸红啦"}, {"uid": "510610509", "content": "很抱歉以这种方式认识你"}, {"uid": "1811016814", "content": "无他，但手熟尔"}, {"uid": "498739030", "content": "暴露本性"}, {"uid": "407011505", "content": "很抱歉以这种方式认识你"}, {"uid": "37170132", "content": "登dua郎哦"}, {"uid": "439270166", "content": "新世纪的大门"}, {"uid": "486013512", "content": "两只老虎爱跳舞"}, {"uid": "169935150", "content": "很抱歉以这种方式认识你"}, {"uid": "4865646", "content": "语无伦次2333"}, {"uid": "164543717", "content": "好耶，18加诶。"}, {"uid": "477476207", "content": "很抱歉以这种方式认识你"}, {"uid": "1706019283", "content": "很抱歉以这种方式认识你"}, {"uid": "298566414", "content": "震惊"}, {"uid": "396803476", "content": "搭嘎，扣头瓦鲁！"}, {"uid": "550632909", "content": "写作文的魔鬼吧"}, {"uid": "281375069", "content": "说句话要断三四次？"}, {"uid": "1518082618", "content": "还衍太太，笑死我了"}, {"uid": "381563558", "content": "坚持访问？"}, {"uid": "489186150", "content": "被   抓"}, {"uid": "306453092", "content": "新世界大门打开了"}, {"uid": "514905216", "content": "你们自己为什么不知道为什么会点进来吗"}, {"uid": "701971149", "content": "到底是谁震惊"}, {"uid": "321179221", "content": "看到了我和你？"}, {"uid": "5510260", "content": "愣住(x)保存快照"}, {"uid": "695807109", "content": "打开了新世界的大门"}, {"uid": "512030744", "content": "啊这，能详细一点吗"}, {"uid": "22244376", "content": "然后+20"}, {"uid": "22244376", "content": "然后+17  +18"}, {"uid": "22244376", "content": "然后+16"}, {"uid": "22244376", "content": "然后+15"}, {"uid": "22244376", "content": "然后+14"}, {"uid": "22244376", "content": "然后+8"}, {"uid": "24855997", "content": "逐渐喜欢"}, {"uid": "24855997", "content": "原来是furry类别（狗头"}, {"uid": "28134651", "content": "很抱歉用这种方式认识你"}, {"uid": "82253021", "content": "兔兔长大了"}, {"uid": "236760822", "content": "迫不及待"}, {"uid": "700787977", "content": "是我马上把书盖上（经历过）"}, {"uid": "1868928763", "content": "暴露本性"}, {"uid": "39313810", "content": "打开了新世界"}, {"uid": "354922578", "content": "很抱歉以这种方式认识你"}, {"uid": "168053993", "content": "你还敢想？"}, {"uid": "168053993", "content": "然后现在什么都懂了"}, {"uid": "393442689", "content": "继续访问"}, {"uid": "106357057", "content": "保安呢？保安快点过来！"}, {"uid": "93407983", "content": "手疾眼快"}, {"uid": "495875935", "content": "看到了新世界"}, {"uid": "361824158", "content": "两个光屁屁的人在摔跤"}, {"uid": "483272183", "content": "你一打开 就再也回不去了 "}, {"uid": "286187174", "content": "良心卖家"}, {"uid": "473102925", "content": "结果23333"}, {"uid": "444986144", "content": "很抱歉以这样的方式认识你"}, {"uid": "455083704", "content": "然后检验真理了？"}, {"uid": "39506434", "content": "禁止套娃"}, {"uid": "415521709", "content": "还可以教你登dua郎"}, {"uid": "24165873", "content": "很抱歉以这种方式认识你"}, {"uid": "478591145", "content": "登dua郎"}, {"uid": "1847651706", "content": "奇怪的知识增加了"}, {"uid": "475470331", "content": "很抱歉以这种方式认识你"}, {"uid": "1448782061", "content": "立马长大了"}, {"uid": "486470922", "content": "你居然还想看"}, {"uid": "436841956", "content": "快手，看见……"}, {"uid": "513472469", "content": "抱歉以这种方式认识你"}, {"uid": "675112609", "content": "现在你很大？"}, {"uid": "95537711", "content": "你还想继续看"}, {"uid": "3978436", "content": "很抱歉以这样的方式认识你"}, {"uid": "70589235", "content": "很抱歉很抱歉以这种方式认识你"}, {"uid": "62896315", "content": "忽然间长大"}, {"uid": "393350159", "content": "确定不是买下来"}, {"uid": "523585517", "content": "坚持访问"}, {"uid": "259966930", "content": "两只老虎爱跳舞"}, {"uid": "160005519", "content": "正经.jpg"}, {"uid": "133850556", "content": "然后然后在然后"}, {"uid": "13437311", "content": "很抱歉以这种方式认识你"}, {"uid": "702129216", "content": "啥也别说了秋名山驾校欢迎您"}, {"uid": "88984113", "content": "我看你是什么都不懂喔"}, {"uid": "689988044", "content": "我居然听懂了"}, {"uid": "385256399", "content": "关注了"}, {"uid": "629313423", "content": "不愧是你"}, {"uid": "526120800", "content": "oc↑"}, {"uid": "63683083", "content": "然后*26"}, {"uid": "63683083", "content": "然后*23"}, {"uid": "63683083", "content": "然后*20"}, {"uid": "63683083", "content": "然后*19"}, {"uid": "450156090", "content": "让我看看啊！"}, {"uid": "376197133", "content": "这声音，是小白测评？"}, {"uid": "663471327", "content": "好康的"}, {"uid": "500191946", "content": "好想看！"}, {"uid": "20289994", "content": "很抱歉以这种方式认识你"}, {"uid": "17759849", "content": "发现了新大陆"}, {"uid": "1181005035", "content": "看到了哲学的一幕"}, {"uid": "535150651", "content": "然后+20"}, {"uid": "504195158", "content": "很抱歉以这种方式认识你"}, {"uid": "678505385", "content": "很抱歉以这种方式认识你"}, {"uid": "426008691", "content": "然后＋16"}, {"uid": "426008691", "content": "然后＋14"}, {"uid": "426008691", "content": "然后＋13"}, {"uid": "426008691", "content": "然后＋10"}, {"uid": "379445514", "content": "很抱歉以这种试认识你"}, {"uid": "22701456", "content": "她长大了"}, {"uid": "505664074", "content": "你长大了"}, {"uid": "518154210", "content": "很抱歉用这种方式认识你"}, {"uid": "35678130", "content": "很抱歉以这个方式认识你"}, {"uid": "82754583", "content": "买一本"}, {"uid": "399385399", "content": "更衣室♂大战"}, {"uid": "397529373", "content": "然后然后然后然后"}, {"uid": "442508807", "content": "然后就翻到前一页看"}, {"uid": "589985520", "content": "本音暴露-"}, {"uid": "524253332", "content": "我还是白色的吗？"}, {"uid": "417359581", "content": "发现新大陆"}, {"uid": "671404932", "content": "你看她笑的多开心呀。"}, {"uid": "481364828", "content": "发现新大陆"}, {"uid": "481364828", "content": "←注意一下"}, {"uid": "433643742", "content": "很抱歉以这种方式认识你"}, {"uid": "355408677", "content": "很抱歉以这种方式认识你"}, {"uid": "499589472", "content": "很抱歉以这种方式认识你"}, {"uid": "29916302", "content": "两个是bl么（滑稽）"}, {"uid": "317217241", "content": "杰哥，这是什么啊"}, {"uid": "1077811658", "content": "很抱歉以这种方式认识你"}, {"uid": "526341740", "content": "反手一个关注"}, {"uid": "85725077", "content": "真的是第一次吗？"}, {"uid": "23717532", "content": "很抱歉以这种试认识你"}, {"uid": "678014193", "content": "原来那个小孩是你啊，。。"}, {"uid": "1437998467", "content": "该网页有风险，打开了但是没有完全打开"}, {"uid": "236552338", "content": "很抱歉以这种方式认识你"}, {"uid": "620745394", "content": "双双懵壁"}, {"uid": "1110765071", "content": "我只能……我只能下次一定了"}, {"uid": "1110765071", "content": "我一打开……我直接裂开"}, {"uid": "1090042873", "content": "听话，让我康康"}, {"uid": "98970302", "content": "发现了新大陆"}, {"uid": "434742401", "content": "不是，你们都看的吗？"}, {"uid": "433682441", "content": "抱歉以这种方式认识你"}, {"uid": "173784761", "content": "插 画册"}, {"uid": "505242725", "content": "群青:wdnmd"}, {"uid": "349156645", "content": "奥特曼打怪兽"}, {"uid": "1168019330", "content": "很抱歉以这种方式认识你"}, {"uid": "439270166", "content": "她在狂笑"}, {"uid": "1414673", "content": "很抱歉以这种方式认识你"}, {"uid": "434781725", "content": "抱歉以这种方式认识你"}, {"uid": "15136870", "content": "很抱歉以这样的方式认识你"}, {"uid": "42457717", "content": "不不不他是害怕"}, {"uid": "23188127", "content": "哈哈哈哈哈哈哈哈哈哈"}, {"uid": "471773755", "content": "哈哈哈哈哈哈哈哈哈哈哈"}, {"uid": "403894007", "content": "老板，我全要了！"}, {"uid": "512011291", "content": "阴阳相击，雷震千里"}, {"uid": "7732709", "content": "高兴坏了"}, {"uid": "29918385", "content": "很高興以這種方式認識你"}, {"uid": "499256190", "content": "很抱歉以这种方式认识你"}, {"uid": "400670932", "content": "然后。。好耶!18+!18+!好耶宝贝们!（误）"}, {"uid": "49873432", "content": "很抱歉以这种方式认识你"}, {"uid": "424663461", "content": "但是，我拒绝"}, {"uid": "636765546", "content": "很抱歉以这种方式认识你"}, {"uid": "281245743", "content": "然后你就要了好几本"}, {"uid": "246468963", "content": "动物指乌龟"}, {"uid": "1669730998", "content": "《但是》"}, {"uid": "381809227", "content": "你看她笑得多开心"}, {"uid": "106168587", "content": "等dua廊"}, {"uid": "196804492", "content": "看到了阿嘿颜"}, {"uid": "504257292", "content": "恭喜成为大人"}, {"uid": "22973630", "content": "震惊"}, {"uid": "22973630", "content": "然后打开了新世界的大门"}, {"uid": "737252057", "content": "你们不看今犹在不见当年造梗人"}, {"uid": "602114980", "content": "当时我就喊了奥利给！！！"}, {"uid": "689909201", "content": "我有点想笑哈哈哈ꉂꉂ(ᵔᗜᵔ*)"}, {"uid": "22244376", "content": "然后+12"}, {"uid": "22244376", "content": "然后+11"}, {"uid": "22244376", "content": "然后+10"}, {"uid": "22244376", "content": "然后+9"}, {"uid": "22244376", "content": "然后+7"}, {"uid": "24855997", "content": "登dua郎（不是"}, {"uid": "94190614", "content": "意犹未尽..doge"}, {"uid": "108003040", "content": "是我直接15一本了"}, {"uid": "1648823547", "content": "近现代化改造"}, {"uid": "11766025", "content": "新世界的大门打开了"}, {"uid": "316932155", "content": "一次社死两"}, {"uid": "89912685", "content": "很抱歉以这种方式认识你"}, {"uid": "433640199", "content": "然后他就不纯洁了。"}, {"uid": "7661198", "content": "打开了新世界的大门"}, {"uid": "172917961", "content": "然后就看到了自己?"}, {"uid": "3391392", "content": "当然是好看的东西"}, {"uid": "404491563", "content": "很抱歉以这种方式认识你"}, {"uid": "168053993", "content": "《有点》"}, {"uid": "255823594", "content": "登dua郎"}, {"uid": "1210292618", "content": "我也看震惊了"}, {"uid": "1445533375", "content": "还想继续看是什么鬼"}, {"uid": "35852772", "content": "心脏骤停。"}, {"uid": "59775049", "content": "然后就买了"}, {"uid": "492656421", "content": "哈哈哈哈哈哈哈哈哈哈"}, {"uid": "476108267", "content": "好家伙，我直接懂了"}, {"uid": "431608533", "content": "古神的低语"}, {"uid": "1225547569", "content": "《长大了》"}, {"uid": "1225547569", "content": "《手太快》"}, {"uid": "1225547569", "content": "《有点有点有点》"}, {"uid": "1240401090", "content": "物种起源"}, {"uid": "1556086462", "content": "新游戏？什么新游戏，比游戏还刺激！"}, {"uid": "420929081", "content": "然后再翻一页。"}, {"uid": "345565979", "content": "小时了了，大未必佳"}, {"uid": "489778392", "content": "很抱歉以这种方式认识你。"}, {"uid": "433357775", "content": "哈哈哈哈哈"}, {"uid": "1649613086", "content": "都挤碎了，还是这么不懂"}, {"uid": "435872353", "content": "看的是摔♂跤吗？"}, {"uid": "1847651706", "content": "发现新大陆"}, {"uid": "411687469", "content": "很抱歉，以这种方式认识你。"}, {"uid": "22773837", "content": "哈哈哈哈哈哈哈哈哈哈"}, {"uid": "400641309", "content": "哈哈哈哈"}, {"uid": "475470331", "content": "登dua朗"}, {"uid": "1448782061", "content": "上头了"}, {"uid": "74173597", "content": "买回来"}, {"uid": "74173597", "content": "哈哈哈哈哈哈哈"}, {"uid": "7886735", "content": "哈哈哈哈哈"}, {"uid": "12640460", "content": "坚持访问"}, {"uid": "37296510", "content": "看样子你是一点都不懂哦"}, {"uid": "1636566660", "content": "不对劲"}, {"uid": "26150212", "content": "很抱歉以这种方式认识你"}, {"uid": "133850556", "content": "我看你完全不懂"}, {"uid": "22421288", "content": "涩兔子"}, {"uid": "351346434", "content": "跟我一样啊"}, {"uid": "425866365", "content": "来让我看看"}, {"uid": "63683083", "content": "然后*27"}, {"uid": "63683083", "content": "然后*24"}, {"uid": "63683083", "content": "然后*22"}, {"uid": "63683083", "content": "然后*21"}, {"uid": "63683083", "content": "然后*14"}, {"uid": "63683083", "content": "然后*13"}, {"uid": "63683083", "content": "然后*12"}, {"uid": "598733271", "content": "还有这种摊子？"}, {"uid": "2096731954", "content": "我看你，什么都不懂哦"}, {"uid": "255521487", "content": "您好我全要了"}, {"uid": "1428085086", "content": "要不要跟我登♂dua♂狼"}, {"uid": "351052713", "content": "坚持访问"}, {"uid": "33270469", "content": "哈哈哈哈哈哈哈"}, {"uid": "674127644", "content": "这声音？？？"}, {"uid": "473287376", "content": "“什么都不懂”"}, {"uid": "502531522", "content": "孩子长大了"}, {"uid": "438518721", "content": "抱歉以这种方式认识你。"}, {"uid": "478873714", "content": "常威打来福的别跑"}, {"uid": "324008545", "content": "草哈哈哈哈哈哈哈哈"}, {"uid": "324008545", "content": "哈哈哈哈哈哈哈哈哈哈哈"}, {"uid": "1065954490", "content": "很抱歉以这种方式认识你"}, {"uid": "1393770799", "content": "点错了，点错了"}, {"uid": "627551780", "content": "登dua郎"}, {"uid": "627772210", "content": "但是还是看了"}, {"uid": "627772210", "content": "比较小就这样？"}, {"uid": "21602620", "content": "针不戳！"}, {"uid": "93911773", "content": "哈哈哈哈哈哈哈"}, {"uid": "439693046", "content": "关于手速快慢的问题，真的吗？"}, {"uid": "661448412", "content": "很抱歉以这种方式认识你"}, {"uid": "399926594", "content": "好康的 "}, {"uid": "350695687", "content": "哈哈哈哈哈哈哈哈哈哈哈"}, {"uid": "473965557", "content": "两个什么？"}, {"uid": "552857309", "content": "新世界"}, {"uid": "471550588", "content": "我进来了！"}, {"uid": "352965146", "content": "打开新世界"}, {"uid": "441893590", "content": "有夹子？"}, {"uid": "395200038", "content": "看到了自己"}, {"uid": "2064581645", "content": "很抱歉以这种方式方式认识你"}, {"uid": "325787973", "content": "看样子你是一点也不懂哦"}, {"uid": "492564238", "content": "我们班的张馨心"}, {"uid": "34158108", "content": "她在狂笑"}, {"uid": "232448630", "content": "坚持访问"}, {"uid": "16433397", "content": "发现新大陆"}, {"uid": "32517055", "content": "然后就买了"}, {"uid": "289994302", "content": "急死我了，到底那种啊"}, {"uid": "2724754", "content": "我第一次也是在漫展"}, {"uid": "400567256", "content": "很抱歉以这种方式认识你"}, {"uid": "620745394", "content": "我有个朋友想买"}, {"uid": "241272810", "content": "很抱歉以这样的方式认识你"}, {"uid": "282818702", "content": "很抱歉以这种方式遇见你。"}, {"uid": "497306639", "content": "我一打开，竟然看到了up主直播社死"}, {"uid": "210068035", "content": "常威在打来福"}, {"uid": "502516096", "content": "很抱歉用这种方式跟你认识"}, {"uid": "1168763623", "content": "良心商家"}, {"uid": "59648778", "content": "你想的挺多的"}, {"uid": "7934530", "content": "笑的真开心"}, {"uid": "11166894", "content": "继续访问！"}, {"uid": "548180363", "content": "来，让我康康"}, {"uid": "173784761", "content": "插画 册"}, {"uid": "488532932", "content": "哈哈哈哈哈哈哈"}, {"uid": "1362904328", "content": "让我看看！！！"}, {"uid": "276462477", "content": "你这么说也对"}, {"uid": "1168019330", "content": "很抱歉以这种试认识你"}, {"uid": "1403362624", "content": "fbl马上到你家门口"}, {"uid": "389257963", "content": "噗哈哈哈"}, {"uid": "107808291", "content": "我看你完全是不懂嘛"}, {"uid": "454551035", "content": "常威在打来福"}, {"uid": "601287759", "content": "很抱歉以这种方式遇见你"}, {"uid": "36745239", "content": "一打开发现真tm好看"}, {"uid": "2902116", "content": "但是有钱不赚王八蛋？"}, {"uid": "1159100534", "content": "我四年级就开始看了呢～"}, {"uid": "308150320", "content": "你好吵哦/doge"}, {"uid": "1071472554", "content": "坚持访问"}, {"uid": "1668025599", "content": "《然后》"}, {"uid": "7732709", "content": "怎么听起来这么开心？"}, {"uid": "17773730", "content": "登duang郎"}, {"uid": "397847990", "content": "然后看完后成长啊ʘᴗʘ"}, {"uid": "408376927", "content": "我也是这样想的"}, {"uid": "51968140", "content": "高三还小"}, {"uid": "176819468", "content": "很抱歉以这样的方式认识你"}, {"uid": "359132197", "content": "特别好看的那种"}, {"uid": "379719574", "content": "我看到了目录"}, {"uid": "379719574", "content": "然后就成长了"}, {"uid": "71829538", "content": "都很正经"}, {"uid": "300270517", "content": "蕉♂你登dua郎"}, {"uid": "524533985", "content": "很抱歉以这种方式关注你"}, {"uid": "34871965", "content": "哈哈哈哈哈哈哈"}, {"uid": "454495700", "content": "直接hen xin"}, {"uid": "701552725", "content": "让我康康"}, {"uid": "446824307", "content": "希望不要进军r18g"}, {"uid": "281256475", "content": "她在狂笑"}, {"uid": "282984385", "content": "打开了新世界的大门？"}, {"uid": "457644333", "content": "强行访问"}, {"uid": "284919917", "content": "你看她笑得多开心"}, {"uid": "22244376", "content": "然后+13"}, {"uid": "22244376", "content": "然后+6"}, {"uid": "352570349", "content": "思维升华"}, {"uid": "602623901", "content": "你就是福瑞控是吧？.jpg"}, {"uid": "630559673", "content": "哈哈哈哈哈哈哈"}, {"uid": "316932155", "content": "hhhhhhhhhhhhhhh"}, {"uid": "9621758", "content": "看到了新世界"}, {"uid": "236760822", "content": "迫不及待"}, {"uid": "700787977", "content": "改造了兔兔"}, {"uid": "401089841", "content": "新世界大门"}, {"uid": "397096344", "content": "很抱歉是以这样的方式认识你"}, {"uid": "503591336", "content": "啊哈哈哈哈哈哈哈哈哈或或"}, {"uid": "525762048", "content": "登dua郎"}, {"uid": "168053993", "content": "登dua郎"}, {"uid": "396912447", "content": "超级加倍"}, {"uid": "396912447", "content": "？？？？？？？？？？？？、"}, {"uid": "512558290", "content": "很抱歉以这种方式认识你"}, {"uid": "1445533375", "content": "很抱歉这样认识你"}, {"uid": "543676786", "content": "很抱歉，这样认识你"}, {"uid": "160851307", "content": "这是哲学"}, {"uid": "513512944", "content": "哈哈哈"}, {"uid": "612424970", "content": "有画面了"}, {"uid": "39056807", "content": "我看你，是什么都不懂哦"}, {"uid": "543859935", "content": "很抱歉以这样的方式认识你"}, {"uid": "7332758", "content": "震惊我玥几十年"}, {"uid": "484165220", "content": "很抱歉以这样的方式认识你"}, {"uid": "24182839", "content": "登dua郎"}, {"uid": "1225547569", "content": "《还想》"}, {"uid": "1225547569", "content": "《就》"}, {"uid": "93806810", "content": "这么说你很勇哦"}, {"uid": "527075319", "content": "击♂剑"}, {"uid": "1649613086", "content": "登dua狼"}, {"uid": "435872353", "content": "「暗♂黑」"}, {"uid": "353330109", "content": "哪里比较小"}, {"uid": "1847651706", "content": "升    华"}, {"uid": "411687469", "content": "就只能把它买下来了。"}, {"uid": "401212210", "content": "登duan郎？"}, {"uid": "88272803", "content": "才两个doge"}, {"uid": "74173597", "content": "我信了"}, {"uid": "40816573", "content": "登dua娘"}, {"uid": "496960791", "content": "為啥我是用這种方式來認識你"}, {"uid": "1074890465", "content": "你怎么笑的那么开心？"}, {"uid": "413278166", "content": "秀啊↑"}, {"uid": "21428997", "content": "新的世界"}, {"uid": "1636566660", "content": "狂喜！！！！！！"}, {"uid": "215188802", "content": "嘿嘿，诶嘿嘿"}, {"uid": "522934651", "content": "觉醒了 "}, {"uid": "34758118", "content": "是我挤挤"}, {"uid": "358601701", "content": "I am so sorry. "}, {"uid": "88755478", "content": "嘿嘿(º﹃º )"}, {"uid": "515746827", "content": "你什么意思？"}, {"uid": "107823902", "content": "你很懂哦"}, {"uid": "186944094", "content": "新大陆"}, {"uid": "186944094", "content": "野兽先辈"}, {"uid": "629313423", "content": "哈哈哈"}, {"uid": "63683083", "content": "然后*18"}, {"uid": "63683083", "content": "然后*17"}, {"uid": "63683083", "content": "然后*17"}, {"uid": "63683083", "content": "然后*16"}, {"uid": "63683083", "content": "然后*15"}, {"uid": "63683083", "content": "然后*10"}, {"uid": "63683083", "content": "然后*3"}, {"uid": "445753383", "content": "确实是画集……"}, {"uid": "500706345", "content": "确实确实"}, {"uid": "480106181", "content": "我有个朋友"}, {"uid": "24613682", "content": "登dua郎"}, {"uid": "388224937", "content": "我小学低年级被人推荐看过这种东西，但我那个时候不懂。大概四五年级的时候懂了"}, {"uid": "160192779", "content": "妙啊"}, {"uid": "471307392", "content": "现在什么都懂了科科科"}, {"uid": "12366582", "content": "不舍"}, {"uid": "12366582", "content": "登duang郎"}, {"uid": "12366582", "content": "确实是画集"}, {"uid": "545921833", "content": "这不是很熟练吗？"}, {"uid": "678505385", "content": "活好当赏"}, {"uid": "1124752658", "content": "得寸进尺"}, {"uid": "400332789", "content": "哈哈哈哈"}, {"uid": "426008691", "content": "然后"}, {"uid": "93911773", "content": "给我来一箱"}, {"uid": "543826662", "content": "长大了"}, {"uid": "439693046", "content": "厉害厉害"}, {"uid": "508169738", "content": "插画，集"}, {"uid": "472481351", "content": "良心画手"}, {"uid": "437977930", "content": "地址告诉我！"}, {"uid": "413338478", "content": "好家伙"}, {"uid": "202049707", "content": "让我康康"}, {"uid": "455755862", "content": "How's everything going?"}, {"uid": "59179341", "content": "直接变态"}, {"uid": "234549255", "content": "哈哈哈哈哈"}, {"uid": "678440852", "content": "我初一第一次看。。。"}, {"uid": "407042633", "content": "让我康康"}, {"uid": "243835649", "content": "首页通知"}, {"uid": "620745394", "content": "我高二都.，咳咳"}, {"uid": "1110765071", "content": "当场去世"}, {"uid": "650079027", "content": "请详细介绍"}, {"uid": "455998772", "content": "衍太太"}, {"uid": "86130737", "content": "让我康康"}, {"uid": "359017057", "content": "是新游戏哦？"}, {"uid": "477141179", "content": "兽控人"}, {"uid": "477669584", "content": "夹b音"}, {"uid": "1122443901", "content": "上头"}, {"uid": "1403362624", "content": "然后发现新大陆"}, {"uid": "774711065", "content": "很抱歉这样认识你"}, {"uid": "90563492", "content": "哪里的漫展，我也去读取一下"}, {"uid": "1780621", "content": "XP读取"}, {"uid": "21676938", "content": "哪里的展子，我也要去"}, {"uid": "670403367", "content": "越不让你看你越要看"}, {"uid": "323768480", "content": "动物世界"}, {"uid": "268126554", "content": "笑的多开心啊。"}, {"uid": "412930609", "content": "登dua郎"}, {"uid": "34705616", "content": "登dua郎"}, {"uid": "1159100534", "content": "阿婆主不行呐"}, {"uid": "515781067", "content": "感觉这个声音有点怪听不惯"}, {"uid": "45422729", "content": "让我康康"}, {"uid": "291095998", "content": "相互给控制"}, {"uid": "51169940", "content": "那货该抓起来"}, {"uid": "275611116", "content": "哈哈哈哈哈"}, {"uid": "490814756", "content": "哈哈哈哈哈哈哈"}, {"uid": "154444786", "content": "你很好奇？"}, {"uid": "479190100", "content": "比较小还行"}, {"uid": "479823500", "content": "她在狂笑"}, {"uid": "642991719", "content": "小白测评"}, {"uid": "701971149", "content": "那你为什么不翻呢？"}, {"uid": "407748752", "content": "求求了别再说然后了"}, {"uid": "1669730998", "content": "哈哈哈哈哈嘎"}, {"uid": "386369176", "content": "现在也挺小的"}, {"uid": "106168587", "content": "赶紧多看几眼"}, {"uid": "636971428", "content": "然后*21"}, {"uid": "472363069", "content": "没错没错野画集"}, {"uid": "628657473", "content": "哈哈哈哈"}, {"uid": "21309758", "content": "然后19＋"}, {"uid": "237837268", "content": "哈哈哈哈哈哈"}, {"uid": "281256475", "content": "哈哈哈哈"}, {"uid": "646897735", "content": "哈哈哈哈哈哈哈"}, {"uid": "508101023", "content": "我是什么颜色"}, {"uid": "627277229", "content": "不是，你们平时都不看的吗"}, {"uid": "20821982", "content": "让我康康"}, {"uid": "442392569", "content": "我看到我发的弹幕了，高兴"}, {"uid": "285262342", "content": "登dua狼喔"}, {"uid": "168083125", "content": "哈哈哈哈哈哈哈哈"}, {"uid": "662873538", "content": "登   dua。 郎"}, {"uid": "97256224", "content": "长大了"}, {"uid": "97256224", "content": "长大了"}, {"uid": "694571529", "content": "两个的那种"}, {"uid": "636003408", "content": "你看到了什么？"}, {"uid": "101351033", "content": "长大了"}, {"uid": "537944526", "content": "回收片头"}, {"uid": "700787977", "content": "他那是社死吧。"}, {"uid": "451493528", "content": "长大了"}, {"uid": "1868928763", "content": "全肉的？"}, {"uid": "1868928763", "content": "手太快？"}, {"uid": "1868928763", "content": "高三比较小？"}, {"uid": "7228199", "content": "买下不就行了？"}, {"uid": "288545510", "content": "妙不可言"}, {"uid": "693455761", "content": "本音暴露"}, {"uid": "388749606", "content": "我为啥听不懂呢？？？"}, {"uid": "234430307", "content": "现在长大了"}, {"uid": "701099402", "content": "看她笑的多开心啊。"}, {"uid": "442731251", "content": "登dua郎"}, {"uid": "516307699", "content": "细节！"}, {"uid": "435691627", "content": "然后"}, {"uid": "392138787", "content": "现在懂了"}, {"uid": "500029850", "content": "夹子"}, {"uid": "474207808", "content": "分享"}, {"uid": "355663017", "content": "好像什么都说了，又好像什么都没说"}, {"uid": "348390190", "content": "好家伙"}, {"uid": "8154476", "content": "草"}, {"uid": "1225547569", "content": "《然后》"}, {"uid": "1556086462", "content": "新游戏"}, {"uid": "1941341552", "content": "下一页？？？"}, {"uid": "185428035", "content": "色兔兔"}, {"uid": "1847651706", "content": "???"}, {"uid": "1616426268", "content": "很抱歉以这种形式认识你"}, {"uid": "411687469", "content": "人也是动物啊。"}, {"uid": "411687469", "content": "很很以这种……"}, {"uid": "491639857", "content": "我一打开既然是标题党，呜呜呜呜"}, {"uid": "674127644", "content": "？？？？"}, {"uid": "702466514", "content": "好家伙"}, {"uid": "156601713", "content": "很抱歉以这种形式认识你"}, {"uid": "74173597", "content": "草"}, {"uid": "463182124", "content": "真不错"}, {"uid": "574520395", "content": "声音好奇怪"}, {"uid": "1416262605", "content": "hhhhhhhhh"}, {"uid": "1416262605", "content": "hhhhhhhhh"}, {"uid": "1416262605", "content": "hhhhhhhhh"}, {"uid": "538915738", "content": "哈哈哈"}, {"uid": "1636566660", "content": "不对劲"}, {"uid": "1636566660", "content": "纯洁？"}, {"uid": "1636566660", "content": "你好勇啊！"}, {"uid": "415168942", "content": "啊这"}, {"uid": "565124515", "content": "直接射死"}, {"uid": "25326502", "content": "登dua郎"}, {"uid": "34758118", "content": "是我寄几"}, {"uid": "350170922", "content": "看到了未来"}, {"uid": "525351588", "content": "？？？？？"}, {"uid": "702710120", "content": "好看的"}, {"uid": "358601701", "content": "Continue to visit. "}, {"uid": "689988044", "content": "还哈还哈还哈还哈还哈还哈还哈"}, {"uid": "388286970", "content": "眼睛瞎了"}, {"uid": "1469282630", "content": "FBI open the follow，俺也要看"}, {"uid": "27332202", "content": "(･∀･)嘿嘿嘿"}, {"uid": "27332202", "content": "(º﹃º )"}, {"uid": "881720392", "content": "登dua郎"}, {"uid": "63683083", "content": "然后*6"}, {"uid": "63683083", "content": "然后*2"}, {"uid": "63683083", "content": "然后*1"}, {"uid": "63683083", "content": "然后*1"}, {"uid": "15100820", "content": "很抱歉这样认识你"}, {"uid": "201528715", "content": "不要然后然后然后"}, {"uid": "589142646", "content": "。。。。。"}, {"uid": "488163551", "content": "草"}, {"uid": "244589784", "content": "比较小"}, {"uid": "3012827", "content": "现在也不大啊？"}, {"uid": "594713473", "content": "然后*n"}, {"uid": "24613682", "content": "针不戳"}, {"uid": "320043984", "content": "FBI"}, {"uid": "499116095", "content": "但是……"}, {"uid": "475862534", "content": "还有这种好事"}, {"uid": "86591265", "content": "登dua娘"}, {"uid": "723353653", "content": "带走了"}, {"uid": "674127644", "content": "声音好奇怪"}, {"uid": "430529322", "content": "长大了"}, {"uid": "691849299", "content": "好耶18＋"}, {"uid": "549099850", "content": "俏佳人"}, {"uid": "674149130", "content": "hhhhh"}, {"uid": "505921822", "content": "登dua娘"}, {"uid": "280583387", "content": "还不错嘛"}, {"uid": "289200702", "content": "让我看看！"}, {"uid": "678505385", "content": "抓起来"}, {"uid": "507458131", "content": "能告诉我在哪吗"}, {"uid": "627772210", "content": "就是未来"}, {"uid": "120125956", "content": "好奇心做诡"}, {"uid": "649989578", "content": "。。。"}, {"uid": "439693046", "content": "历害了"}, {"uid": "232604860", "content": "震精"}, {"uid": "145125848", "content": "头铁"}, {"uid": "382542895", "content": "真的有那种地方吗"}, {"uid": "669362962", "content": "让我访问"}, {"uid": "76771567", "content": "你想懂"}, {"uid": "26273983", "content": "登dua郎"}, {"uid": "692733033", "content": "成神之日"}, {"uid": "1734796362", "content": "你很想懂"}, {"uid": "295510028", "content": "害怕"}, {"uid": "660020067", "content": "习惯就好"}, {"uid": "1268056824", "content": "妙啊"}, {"uid": "375660764", "content": "好刺激"}, {"uid": "624362633", "content": "然后+N"}, {"uid": "1272124833", "content": "牛逼啊"}, {"uid": "1545251835", "content": "你有问题"}, {"uid": "650079027", "content": "求内容"}, {"uid": "650079027", "content": "我有个朋友"}, {"uid": "492036294", "content": "登寡郎"}, {"uid": "39404858", "content": "她在狂笑"}, {"uid": "85744002", "content": "没蛋蛋！"}, {"uid": "1441795621", "content": "特nb"}, {"uid": "380919965", "content": "登dua郞"}, {"uid": "39652671", "content": "v不干净了"}, {"uid": "66955650", "content": "登dua郎"}, {"uid": "1007470690", "content": "然后"}, {"uid": "623462806", "content": "牛逼"}, {"uid": "107995093", "content": "好耶18+"}, {"uid": "352053790", "content": "哄"}, {"uid": "17205108", "content": "然后"}, {"uid": "268126554", "content": "？？？？"}, {"uid": "506461032", "content": "确实很小"}, {"uid": "1668025599", "content": "康康"}, {"uid": "438518", "content": "斯国一"}, {"uid": "1580116936", "content": "哦哟"}, {"uid": "13731160", "content": "我不信"}, {"uid": "292369133", "content": "问本视频有几个然后"}, {"uid": "278051003", "content": "草"}, {"uid": "1270477560", "content": "生草"}, {"uid": "242788947", "content": "(●—●)"}, {"uid": "396582318", "content": "传播yh物品牟利"}, {"uid": "479823500", "content": "这就是爱"}, {"uid": "359174257", "content": "登dua娘"}, {"uid": "359132197", "content": "hhhhhhh"}, {"uid": "359132197", "content": "搁那看"}, {"uid": "701971149", "content": "到底是哪种"}, {"uid": "425367858", "content": "啊猴啊猴"}, {"uid": "222407695", "content": "纯洁＊＊"}, {"uid": "549187631", "content": "“我看那书上画着房屋，有两个人光着身子仿佛在打架。”———鲁迅《朝花夕拾》"}, {"uid": "1669730998", "content": "好家伙"}, {"uid": "34871965", "content": "草"}, {"uid": "1429577576", "content": "斯国一呐"}, {"uid": "344930079", "content": "然后怪"}, {"uid": "353124485", "content": "很抱歉..."}, {"uid": "158614043", "content": "福瑞控？"}, {"uid": "482093731", "content": "？？？"}, {"uid": "450669822", "content": "好康的"}, {"uid": "1097926221", "content": "跐溜"}, {"uid": "513361245", "content": "ohhhhhhhhhhhhh"}, {"uid": "602114980", "content": "就奥利给"}, {"uid": "531704471", "content": "没蛋蛋"}, {"uid": "371805723", "content": "声音听着好难受"}, {"uid": "22244376", "content": "然后+4   然后+5"}, {"uid": "22244376", "content": "然后+3"}, {"uid": "649104994", "content": "hhhhhhhhhh"}, {"uid": "97182476", "content": "长大了"}, {"uid": "20821982", "content": "草"}, {"uid": "82253021", "content": "长大了"}, {"uid": "316932155", "content": "让我看看!"}, {"uid": "27426055", "content": "哈哈哈"}, {"uid": "359147235", "content": "啊这"}, {"uid": "50258975", "content": "????"}, {"uid": "33422254", "content": "我就看！"}, {"uid": "480247032", "content": "。。。。。"}, {"uid": "35566286", "content": "23333"}, {"uid": "259057935", "content": "？？？？？？"}, {"uid": "1478613167", "content": "低俗是走不远的"}, {"uid": "247172573", "content": "r18？"}, {"uid": "7332758", "content": "？？？？"}, {"uid": "1941341552", "content": "yeah"}, {"uid": "1941341552", "content": "笑"}, {"uid": "2119246944", "content": "jjjjj♂"}, {"uid": "660579855", "content": "oc"}, {"uid": "476354147", "content": "18+"}, {"uid": "495856012", "content": "笑死了"}, {"uid": "400641309", "content": "一个体重80多公斤一个体重90多公斤"}, {"uid": "2107333269", "content": "打开了新世界的大门"}, {"uid": "1838188334", "content": "我收藏了"}, {"uid": "74173597", "content": "草"}, {"uid": "74173597", "content": "草"}, {"uid": "631786947", "content": "hhh"}, {"uid": "1526129659", "content": "让我看看 "}, {"uid": "1491261877", "content": "你看她笑的多开心"}, {"uid": "544641274", "content": "插画"}, {"uid": "42571696", "content": "?"}, {"uid": "198656491", "content": "然后"}, {"uid": "511767054", "content": "登dua浪"}, {"uid": "410131711", "content": "我也是"}, {"uid": "36887429", "content": "？"}, {"uid": "393350159", "content": "？？？"}]