[{"uid": "470154856", "content": "遭，看来黑的才是最好的选择"}, {"uid": "473356847", "content": "吃了文化的亏"}, {"uid": "49795688", "content": "完了我严重怀疑她下毒了她只是在狡辩"}, {"uid": "539398252", "content": "柯南:哪里有案件？"}, {"uid": "516320802", "content": "《只是会致癌》"}, {"uid": "1036188971", "content": "《愿天堂没有杏仁》"}, {"uid": "645471253", "content": "《就有事了》"}, {"uid": "291745444", "content": "大半夜的能不能别放那种恐怖的音乐"}, {"uid": "508181724", "content": "《应该没事》"}, {"uid": "687224062", "content": "些许焦了亿点"}, {"uid": "19320649", "content": "拉了 只能拉一点点"}, {"uid": "455079016", "content": "只是会致癌》》》？"}, {"uid": "16683912", "content": "饼干是早上到的，人是中午走的，席是晚上吃的，"}, {"uid": "332870753", "content": "蓄 意 谋 杀"}, {"uid": "115181700", "content": "你这个饼干上过学吗（狗头）"}, {"uid": "419099461", "content": "杏仁味（警觉）"}, {"uid": "455868821", "content": "粉丝（舰长）暗杀计划"}, {"uid": "455868821", "content": "死了，但没完全死"}, {"uid": "629000105", "content": "保护保护"}, {"uid": "402293977", "content": "《嫌 犯》"}, {"uid": "318536915", "content": "《只是会致癌》"}, {"uid": "359773599", "content": "大朗，该吃饼干了"}, {"uid": "484786289", "content": "张三:我的位子后继有人"}, {"uid": "441618315", "content": "心里:随机搞丝一个"}, {"uid": "441618315", "content": "反正必须吃"}, {"uid": "522410703", "content": "转生专用饼干"}, {"uid": "65867637", "content": "《活着》余华"}, {"uid": "37821054", "content": "大朗该吃饼干了"}, {"uid": "733368024", "content": "妈妈：？？？？；"}, {"uid": "733368024", "content": "柯南：杏仁的味道，是氢酸钾中毒吗，真相只有一个，凶手就是玥玥！"}, {"uid": "733368024", "content": "放了啥？蟑螂吗（doge）"}, {"uid": "733368024", "content": "你自己放的滤镜啊"}, {"uid": "45848075", "content": "震惊某兔一整年"}, {"uid": "6041088", "content": "你为什么不把第二次烤的送给我==，果然对我怀恨在心"}, {"uid": "702129216", "content": "某幸运舰长:你礼貌吗？（doge）"}, {"uid": "702129216", "content": "《 蓄  意  谋  杀 》"}, {"uid": "483536946", "content": "好家伙还承认了"}, {"uid": "442440440", "content": "蟑螂比这个可爱，OK？"}, {"uid": "442440440", "content": "一切请以实物为标准"}, {"uid": "399039390", "content": "不行啊，怎么想都是在炸厨房"}, {"uid": "508644883", "content": "感情深一口闷（doge）"}, {"uid": "508644883", "content": "《可爱》"}, {"uid": "8942034", "content": "什么阴间滤镜啊(　ﾟ皿ﾟ)"}, {"uid": "287293298", "content": "图片仅次于参考"}, {"uid": "84462421", "content": "没熟（"}, {"uid": "452726635", "content": "《怎样才能娶到富婆》"}, {"uid": "5690542", "content": "说都不会话了"}, {"uid": "287293298", "content": "真实"}, {"uid": "37247672", "content": "HCN 氢氰酸（"}, {"uid": "650953290", "content": "↓这里是yy亲手做的饼干"}, {"uid": "516320802", "content": "团灭，哈哈哈哈哈哈"}, {"uid": "645471253", "content": "《只是会致癌》"}, {"uid": "513477940", "content": "警惕化学武器"}, {"uid": "107785776", "content": "义务教育的漏网之鱼"}, {"uid": "455868821", "content": "《只是会致癌》"}, {"uid": "629000105", "content": "保护"}, {"uid": "337528307", "content": "巴不得舰长死是吧"}, {"uid": "14881695", "content": "一着急就口胡哈哈哈哈"}, {"uid": "484786289", "content": "法外狂徒的助手"}, {"uid": "73910866", "content": "温柔的炸厨房"}, {"uid": "42297620", "content": "你这饼干要熟我肯定要啊"}, {"uid": "733368024", "content": "《只会致癌》"}, {"uid": "121938437", "content": "害怕，bgm有味道了"}, {"uid": "483536946", "content": "死者口中有淡淡的杏仁味——氰化物"}, {"uid": "442440440", "content": "警察蜀黍，就是她，她想谋害粉丝"}, {"uid": "518959594", "content": "图片仅供参考，请以实物为准"}, {"uid": "84462421", "content": "重新定义可爱二字"}, {"uid": "436476535", "content": "你吃了几块？"}, {"uid": "436476535", "content": "杏仁加水有剧毒"}, {"uid": "287293298", "content": "慢性暗杀"}, {"uid": "357251524", "content": "高校史上最恶最绝望事件：万人饼干毒杀案"}, {"uid": "1465551162", "content": "害怕.jpg（2周年限定）"}, {"uid": "13632455", "content": "这个我也放了（蟑螂的成分进去）"}, {"uid": "21296195", "content": "音容宛在"}, {"uid": "1175917787", "content": "这绝对是生化武器"}, {"uid": "516320802", "content": "哈哈哈哈哈哈哈哈哈哈哈"}, {"uid": "516320802", "content": "应该是熟了的？？？？？"}, {"uid": "22599087", "content": "腹黑少女"}, {"uid": "1036188971", "content": "《只会致癌》"}, {"uid": "651878962", "content": "下午躺板板，晚上吃饭饭"}, {"uid": "24864330", "content": "氰化氢"}, {"uid": "53693502", "content": "《只是会致癌不会中毒》"}, {"uid": "667228912", "content": "你我感觉你这都在侮辱 蟑螂"}, {"uid": "16683912", "content": "《只是会致癌》"}, {"uid": "4165964", "content": "苦杏仁有毒，甜杏仁没毒，你买的啥( ˙˘˙ )"}, {"uid": "673843583", "content": "黄土高原特产"}, {"uid": "449948621", "content": "《没有关系》"}, {"uid": "407665853", "content": "大郎，吃药了"}, {"uid": "33995828", "content": "那这得吃几箩筐呢？？"}, {"uid": "733368024", "content": "好女儿.JPG"}, {"uid": "42297620", "content": "你这饼干保熟吗"}, {"uid": "419292317", "content": "灭门惨案"}, {"uid": "164728216", "content": "看她笑的多开心啊"}, {"uid": "8528515", "content": "图片仅供参考，请以实物为准！！！"}, {"uid": "518959594", "content": "屑兔子谋害舰长（确信）"}, {"uid": "518959594", "content": "更具伪装性"}, {"uid": "342218919", "content": "经典致死二选一(doge)"}, {"uid": "342218919", "content": "不谈剂量谈毒性()"}, {"uid": "508129335", "content": "兄弟们，前方高能，请把保护打起来"}, {"uid": "287293298", "content": "还要一块一块一口不香？"}, {"uid": "436476535", "content": "黄色的更像蟑螂尸体了"}, {"uid": "287293298", "content": "来黑暗料理"}, {"uid": "1465551162", "content": "语无伦次（doge）"}, {"uid": "456500046", "content": "BBC滤镜（"}, {"uid": "352735334", "content": "绝望影片"}, {"uid": "175482922", "content": "舰长中·毒了就无法下舰了吧（doge"}, {"uid": "203546272", "content": "只会致癌不会中毒"}, {"uid": "602533105", "content": "氰 酸 钾"}, {"uid": "3057859", "content": "杏仁（氰化物）味的杏仁饼干"}, {"uid": "107785776", "content": "马赛克精髓"}, {"uid": "314086970", "content": "看看柯南宝 最多死的就是杏仁"}, {"uid": "102693914", "content": "蟑螂：“有被冒犯到”"}, {"uid": "634091505", "content": "没事，明天给你烧纸。"}, {"uid": "430883117", "content": "多大仇多大怨啊（doge）"}, {"uid": "629000105", "content": "黑哥一笑生死难料"}, {"uid": "629000105", "content": "我一个人保护半边天"}, {"uid": "337528307", "content": "越描越黑"}, {"uid": "37821054", "content": "越描越黑"}, {"uid": "733368024", "content": "就有事了.JPG"}, {"uid": "733368024", "content": "这算怂恿服毒吗（doge）"}, {"uid": "45848075", "content": "玥玥亲手做的硝饼干"}, {"uid": "6041088", "content": "你还是寄给我了==被迫吃了下去"}, {"uid": "434471623", "content": "《只是》"}, {"uid": "508129335", "content": "保护"}, {"uid": "287293298", "content": "致癌罢了"}, {"uid": "287293298", "content": "该图片仅次于参考"}, {"uid": "1382198362", "content": "《 可 爱 》"}, {"uid": "290351602", "content": "你去楼下问问狗信不信吧（doge）"}, {"uid": "22530262", "content": "我没见过世面。这是黄土高坡的土块么？"}, {"uid": "602533105", "content": "银爵？的煤介？？"}, {"uid": "516320802", "content": "蓄意谋杀"}, {"uid": "22599087", "content": "人言否"}, {"uid": "645471253", "content": "比起来要慢一点"}, {"uid": "314115917", "content": "某LUCIA觉得很赞。"}, {"uid": "76996595", "content": "？？？只会致癌不会中毒"}, {"uid": "662029857", "content": "欧利给饼干"}, {"uid": "20454963", "content": "富婆？？"}, {"uid": "634091505", "content": "我想不出来，我只能想到你在杀人。"}, {"uid": "1734151935", "content": "@打泥泥"}, {"uid": "629000105", "content": "《致癌不会中毒》"}, {"uid": "629000105", "content": "《些许》"}, {"uid": "302070684", "content": "吃，都给我吃"}, {"uid": "473450071", "content": "氰化物（苦杏仁味儿）"}, {"uid": "55803619", "content": "等法院传票.jpg"}, {"uid": "70467208", "content": "哈哈哈哈哈哈哈哈"}, {"uid": "287293298", "content": "坏了舰长快跑"}, {"uid": "452726635", "content": "酱油放多了"}, {"uid": "343299596", "content": "白雪公主里的后妈？？？"}, {"uid": "430822051", "content": "不会有保险"}, {"uid": "49795688", "content": "毒害全家最毒妇人心啊"}, {"uid": "1175917787", "content": "我还真的是想要谋杀舰长呀"}, {"uid": "645471253", "content": "没有饼干就完美了"}, {"uid": "336786044", "content": "懂了，你以后怎么样就不关玥玥的事了"}, {"uid": "539790629", "content": "月饼吗？"}, {"uid": "3057859", "content": "这是煤炭吗"}, {"uid": "455079016", "content": "致命2选1"}, {"uid": "70924921", "content": "？？？？？？"}, {"uid": "69197483", "content": "？？？？？"}, {"uid": "107785776", "content": "只是会致癌"}, {"uid": "29195881", "content": "害怕"}, {"uid": "634091505", "content": "警察叔叔，就是她等会儿把抓住。"}, {"uid": "38800008", "content": "语无伦次了"}, {"uid": "3779580", "content": "氢氰(qing)酸，HCN"}, {"uid": "629000105", "content": "区区致癌而已"}, {"uid": "629000105", "content": "保护"}, {"uid": "629000105", "content": "我要了，过几天喂猪用"}, {"uid": "387093365", "content": "为什么长的那么难看啊"}, {"uid": "455512469", "content": "真的做的不错哎！"}, {"uid": "694268564", "content": "请以实物为准"}, {"uid": "634091505", "content": "没事，明年给你烧纸。"}, {"uid": "634091505", "content": "警察叔叔就是他。"}, {"uid": "121938437", "content": "致癌不更可怕吗"}, {"uid": "121938437", "content": "哈哈哈哈"}, {"uid": "8942034", "content": "仅仅存在于ED的清楚玥玥"}, {"uid": "8528515", "content": "蟑螂：你礼貌吗？"}, {"uid": "235834987", "content": "你为什么要烤这么多"}, {"uid": "402958578", "content": "致癌？还只是？"}, {"uid": "442440440", "content": "警察蜀黍，就是她！她想杀我！"}, {"uid": "345565979", "content": "氢qing1氰qing2酸suan1"}, {"uid": "42260922", "content": "女子  口乞"}, {"uid": "287293298", "content": "玥玥逆水了救援啊╮(￣▽￣)╭"}, {"uid": "650457793", "content": "24分钟（好像不玩）"}, {"uid": "3494435", "content": "哈哈哈哈哈"}, {"uid": "1428930970", "content": "5级致癌物"}, {"uid": "28894993", "content": "就离谱"}, {"uid": "22599087", "content": "害怕"}, {"uid": "508181724", "content": "生死狙击"}, {"uid": "508181724", "content": "《不会介意》"}, {"uid": "517936595", "content": "全家升天"}, {"uid": "314115917", "content": "某LUCI~"}, {"uid": "40069215", "content": "南杏跟北杏有差的好吗"}, {"uid": "332870753", "content": "？？？？？？？"}, {"uid": "1511520648", "content": "保护保护"}, {"uid": "673843583", "content": "转生祭品"}, {"uid": "430883117", "content": "蟑螂：你再骂"}, {"uid": "455868821", "content": "早点死和晚点死选一个"}, {"uid": "14983365", "content": "舰长祭天法力无边"}, {"uid": "629000105", "content": "不愉快的吃"}, {"uid": "485151359", "content": "笑死 跟本不会买"}, {"uid": "64924884", "content": "炸厨房是吧？"}, {"uid": "693153478", "content": "舰长危"}, {"uid": "634091505", "content": "ohhhhhhhhhhhhhh"}, {"uid": "434471623", "content": "可爱？"}, {"uid": "389454867", "content": "吃完就死的那种"}, {"uid": "96088271", "content": "哈哈哈"}, {"uid": "36135054", "content": "第一张是干，第二张是饼，成品叫干饼"}, {"uid": "287293298", "content": "满满的致癌物质"}, {"uid": "342218919", "content": "《些许》"}, {"uid": "1465551162", "content": "SCP介入调查"}, {"uid": "484771323", "content": "10分钟，好耶"}, {"uid": "1382198362", "content": "六分钟，好烫"}, {"uid": "240328571", "content": "？"}, {"uid": "671179527", "content": "区区致癌，怎么可能又是？"}, {"uid": "3765225", "content": "甜杏仁我倒是常吃"}, {"uid": "316939785", "content": "？？？"}, {"uid": "316939785", "content": "？？？？？"}, {"uid": "22599087", "content": "舰长危"}, {"uid": "22599087", "content": "害怕"}, {"uid": "645471253", "content": "带孝女"}, {"uid": "513477940", "content": "氰qǐng"}, {"uid": "400384230", "content": "？？？"}, {"uid": "240328571", "content": "害怕"}, {"uid": "629000105", "content": "玥玥鲨疯了"}, {"uid": "629000105", "content": "要求不要辣么高           毕竟喂猪猪用的"}, {"uid": "455512469", "content": "其实挺好的了"}, {"uid": "94537556", "content": "图片仅供参考"}, {"uid": "503670627", "content": "？！！！！！！"}, {"uid": "439619709", "content": "氯化钾？"}, {"uid": "634091505", "content": "你在杀人。"}, {"uid": "9022633", "content": "？？？？"}, {"uid": "235834987", "content": "flag"}, {"uid": "915844", "content": "可爱"}, {"uid": "13795180", "content": "林北"}, {"uid": "287293298", "content": "中毒罢了"}, {"uid": "287293298", "content": "啊这没安全保障"}, {"uid": "342218919", "content": "确实是熟了，糊没糊不知道()"}, {"uid": "1382198362", "content": "不会说话了"}, {"uid": "177771217", "content": "害怕"}, {"uid": "438228233", "content": "6分钟好耶"}, {"uid": "456500046", "content": "苦杏仁味"}, {"uid": "422937804", "content": "保护"}, {"uid": "203546272", "content": "有的"}, {"uid": "1036188971", "content": "保护"}, {"uid": "348978238", "content": "wuwu"}, {"uid": "70924921", "content": "害怕"}, {"uid": "332870753", "content": "致癌罢了"}, {"uid": "1245661868", "content": "哈哈哈哈哈"}, {"uid": "1245661868", "content": "保护"}, {"uid": "629000105", "content": "雀食"}, {"uid": "629000105", "content": "糟糕咯"}, {"uid": "629000105", "content": "拉倒吧，以实物为准"}, {"uid": "629000105", "content": "应该？？？？"}, {"uid": "394403018", "content": "？？？？？"}, {"uid": "484786289", "content": "带孝女"}, {"uid": "94537556", "content": "你看她笑得多开心啊"}, {"uid": "693153478", "content": "？？？？？？？"}, {"uid": "37821054", "content": "？？？？"}, {"uid": "37821054", "content": "！！！！！！"}, {"uid": "301350550", "content": "？？？"}, {"uid": "70467208", "content": "应该。。。。。。"}, {"uid": "8942034", "content": "好P"}, {"uid": "69922945", "content": "是有丶"}, {"uid": "372112484", "content": "我聋了？"}, {"uid": "287293298", "content": "玥玥打脸"}, {"uid": "426169985", "content": "9分钟"}, {"uid": "455079016", "content": "应该？？？？"}, {"uid": "314086970", "content": "杏仁！"}, {"uid": "455512469", "content": "嫁人吗？嫁人吗？"}, {"uid": "318536915", "content": "《应该》"}, {"uid": "391258479", "content": "只是"}, {"uid": "37821054", "content": "？？？？"}, {"uid": "634091505", "content": "快跑快跑，快跑快跑，他在谋害粉丝"}, {"uid": "297098622", "content": "鸦片？？？？"}, {"uid": "483536946", "content": "？？？"}, {"uid": "389454867", "content": "？？？"}, {"uid": "37247672", "content": "HC"}, {"uid": "91130850", "content": "你说点好听的"}, {"uid": "18291119", "content": "???????????????????????"}, {"uid": "1775696", "content": "害怕了"}, {"uid": "733368024", "content": "保护保护保护保护保护保护保护保护保护保护保护保护保护保护保护保护保护保护"}, {"uid": "733368024", "content": "保护保护保护保护保护保护保护保护保护保护保护保护保护保护保护保护保护保护"}, {"uid": "733368024", "content": "保护保护保护保护保护保护保护保护保护保护保护保护保护保护保护保护保护保护"}, {"uid": "733368024", "content": "保护保护保护保护保护保护保护保护保护保护保护保护保护保护保护保护保护保护"}, {"uid": "733368024", "content": "保护保护保护保护保护保护保护保护保护保护保护保护保护保护保护保护保护保护"}, {"uid": "733368024", "content": "保护保护保护保护保护保护保护保护保护保护保护保护保护保护保护保护保护保护"}, {"uid": "733368024", "content": "保护保护保护保护保护保护保护保护保护保护保护保护保护保护保护保护保护保护"}, {"uid": "733368024", "content": "保护保护保护保护保护保护保护保护保护保护保护保护保护保护保护保护保护保护"}, {"uid": "733368024", "content": "保护保护保护保护保护保护保护保护保护保护保护保护"}, {"uid": "1929037518", "content": "自己都打上马赛克了啊"}]