[{"uid": "634091505", "content": "在吼就把你炖肉吃。"}, {"uid": "1017272526", "content": "只要迫害不会停止耳朵就会不断延伸"}, {"uid": "345565979", "content": "狡兔三哭那个语言学带师嗷"}, {"uid": "576803949", "content": "深圳地铁：各位乘客，使用电子设备时请勿外放声音"}, {"uid": "484563835", "content": "团长你在干什么啊"}, {"uid": "484563835", "content": "咱不对劲"}, {"uid": "269997305", "content": "我的耳朵聋了"}, {"uid": "1175988879", "content": "这都能迫害团长？"}, {"uid": "316972630", "content": "光速跳脸"}, {"uid": "524638326", "content": "进来就听到了虎狼之词"}, {"uid": "516320802", "content": "虎  狼  之  词"}, {"uid": "35160738", "content": "我负责烤，谁拿一下调理"}, {"uid": "480079619", "content": "兔 子 の 痛"}, {"uid": "626855532", "content": "等会这还没掉"}, {"uid": "626855532", "content": "看看这是怎么P的"}, {"uid": "430966565", "content": "没了耳朵的痛你懂吗？"}, {"uid": "1102915285", "content": "团长:这波我可不负责"}, {"uid": "404350011", "content": "团长别停下来呀团长！！！"}, {"uid": "602533105", "content": "不要停下来啊！"}, {"uid": "516320802", "content": "开  幕  雷  击"}, {"uid": "51952139", "content": "我的耳朵也不见了"}, {"uid": "623792133", "content": "狡兔三哭"}, {"uid": "700006146", "content": "没耳朵也不错嘛"}, {"uid": "498266765", "content": "很遗憾用这种方式认识你"}, {"uid": "115027424", "content": "所以为何不迫害呆毛呢？"}, {"uid": "474039836", "content": "握草，外放，地铁……"}, {"uid": "636258557", "content": "负责把它吃掉"}, {"uid": "285716617", "content": "迫害团子"}, {"uid": "538790154", "content": "虎   狼   之   词"}, {"uid": "82214391", "content": "初见 可爱 饿了 烧水"}, {"uid": "1989920582", "content": "你脸两边不是还有一对吗？"}, {"uid": "267059887", "content": "以后的几次就不会疼了"}, {"uid": "415389114", "content": "糟糕的台词"}, {"uid": "246572198", "content": "我裂开了 "}, {"uid": "246572198", "content": "太狠了 "}, {"uid": "194213164", "content": "？？？？"}, {"uid": "695065614", "content": "只听声音，新世界"}, {"uid": "25381178", "content": "狡兔三哭"}, {"uid": "285716617", "content": "不要停下来啊"}, {"uid": "203886419", "content": "川剧变脸"}, {"uid": "410254673", "content": "这都能迫害团长"}, {"uid": "31286105", "content": "哈哈哈哈"}, {"uid": "634091505", "content": "嗯，我负责调料。"}, {"uid": "1989920582", "content": "我现在就来找你"}, {"uid": "62858971", "content": "wc，这都能迫害吗"}, {"uid": "411687469", "content": "我直接反复去世。"}, {"uid": "187326768", "content": "我要了！"}, {"uid": "119970742", "content": "这也能喘？"}, {"uid": "1121833612", "content": "卡其脱离太！"}, {"uid": "267059887", "content": "开幕雷击"}, {"uid": "3248937", "content": "？？？？"}, {"uid": "3248937", "content": "还好我戴了耳机"}, {"uid": "19319783", "content": "痛起来了"}, {"uid": "173355395", "content": "虎狼之词"}, {"uid": "489807101", "content": "妈听打"}, {"uid": "181868807", "content": "开幕雷击"}, {"uid": "593964612", "content": "妈见打"}, {"uid": "331833066", "content": "错的是世界"}, {"uid": "500965748", "content": "什么嘛，就这？我裤子...不是，声音都关了（dog）"}, {"uid": "457251324", "content": "不要停下来啊"}, {"uid": "430969430", "content": "我那料包嘿嘿嘿"}, {"uid": "544024095", "content": "好舒服～"}, {"uid": "101406918", "content": "哈哈哈"}, {"uid": "645919306", "content": "？？？？"}, {"uid": "43756992", "content": "害呀"}, {"uid": "440506472", "content": "开幕雷击"}, {"uid": "554531447", "content": "妈见打"}, {"uid": "42260922", "content": "全责"}, {"uid": "42260922", "content": "这……"}, {"uid": "23013078", "content": "开幕雷击"}, {"uid": "634091505", "content": "我负责调料"}, {"uid": "634091505", "content": "有好戏看了"}, {"uid": "544024095", "content": "？？？？？？"}, {"uid": "544024095", "content": "？？？？？？"}, {"uid": "291320885", "content": "？"}, {"uid": "640805628", "content": "草"}, {"uid": "615506712", "content": "OMG"}, {"uid": "170848279", "content": "？？？"}, {"uid": "101406918", "content": "好色哦"}, {"uid": "16576841", "content": "草"}, {"uid": "316972630", "content": "？？？？？"}, {"uid": "509003681", "content": "呀咩咯！"}, {"uid": "609527609", "content": "？？？？"}, {"uid": "472491943", "content": "开幕雷击"}, {"uid": "331833066", "content": "！！！"}, {"uid": "57797379", "content": "太吵了，把嘴缝上"}, {"uid": "345685903", "content": "？？？？？？？？"}, {"uid": "357963220", "content": "？？？"}, {"uid": "233682850", "content": "生草"}, {"uid": "544024095", "content": "？？？？？？"}, {"uid": "235331330", "content": "?"}, {"uid": "690691986", "content": "？？？？？"}, {"uid": "438893622", "content": "？？@"}, {"uid": "170848279", "content": "？？？"}, {"uid": "596395240", "content": "!"}, {"uid": "600414555", "content": "？？？？"}, {"uid": "351015112", "content": "吃肉"}, {"uid": "351015112", "content": "耳朵不好吃"}, {"uid": "194213164", "content": "？？？"}, {"uid": "194213164", "content": "？？"}, {"uid": "194213164", "content": "？"}, {"uid": "1871756148", "content": "？？？？？"}, {"uid": "138583152", "content": "草"}, {"uid": "698827105", "content": "？？。"}, {"uid": "411687469", "content": "？？？？？？？？？？？？"}, {"uid": "622618709", "content": "？"}, {"uid": "640805628", "content": "草"}, {"uid": "596395240", "content": "??????????????"}, {"uid": "600414555", "content": "！！！"}, {"uid": "194213164", "content": "？？？"}, {"uid": "1212553666", "content": "?????????"}, {"uid": "241818949", "content": "没吃饭吗，叫那么小声"}, {"uid": "691226984", "content": "！"}, {"uid": "144897426", "content": "???????????"}, {"uid": "327565980", "content": "？"}, {"uid": "181868807", "content": "不能"}, {"uid": "138583152", "content": "能"}, {"uid": "1306593392", "content": "？？？"}, {"uid": "651983623", "content": "我的耳朵聋了，你们能负责吗？"}, {"uid": "698827105", "content": "？？？"}, {"uid": "62858971", "content": "wc"}, {"uid": "1403795549", "content": "？"}, {"uid": "640805628", "content": "草"}, {"uid": "640805628", "content": "玥玥的痛 "}, {"uid": "482106899", "content": "？"}, {"uid": "499841410", "content": "？？？？？"}, {"uid": "194213164", "content": "？？"}, {"uid": "508551728", "content": "猝"}, {"uid": "500703005", "content": "不能"}, {"uid": "315748936", "content": "??????"}, {"uid": "403949607", "content": "嗯"}, {"uid": "519430420", "content": "雷击"}, {"uid": "698827105", "content": "能能能"}, {"uid": "62858971", "content": "ccccc"}, {"uid": "62858971", "content": "。。。。。。。。"}, {"uid": "475149138", "content": "看得我尴尬症都犯了"}, {"uid": "690691986", "content": "666666"}, {"uid": "16971329", "content": "这沙雕"}, {"uid": "691226984", "content": "？"}, {"uid": "350701207", "content": "住手，快住手。"}, {"uid": "435912569", "content": "不能"}]