[{"uid": "200194313", "content": "空降00：16"}, {"uid": "200194313", "content": "空降00:16"}, {"uid": "602533105", "content": "不敢开太大声，我担心我哥弄死我"}, {"uid": "62858971", "content": "“小可爱”"}, {"uid": "200194313", "content": "空降00:13"}, {"uid": "689541575", "content": "????????????"}, {"uid": "440897518", "content": "热乎"}, {"uid": "1847651706", "content": "？"}, {"uid": "352600604", "content": "？？？？？"}, {"uid": "36135054", "content": "魔怔了"}, {"uid": "261640722", "content": "？？？？？"}, {"uid": "179093451", "content": "？？？？"}, {"uid": "1552761059", "content": "？？？？？？"}, {"uid": "115094432", "content": "？？？"}]