[{"uid": "667228912", "content": "这个叫 喵立达"}, {"uid": "506837547", "content": "草，太中二了，外放直接社死"}, {"uid": "1989920582", "content": "上述弹幕已经核实，请放心阅读"}, {"uid": "604936380", "content": "当当当当，一只耗子（doge）"}, {"uid": "179093451", "content": "电脑配件"}, {"uid": "6041088", "content": "好的，我们9点来！！！"}, {"uid": "651201315", "content": "是电脑配件，我加了电脑配件"}, {"uid": "651201315", "content": "大总管为了奖励我表现不错"}, {"uid": "651201315", "content": "特意回来报告一下我的地球生活"}, {"uid": "651201315", "content": "我受到了月宫的召唤"}, {"uid": "13674343", "content": "怪起来了"}, {"uid": "651201315", "content": "在地球已经出道好几个月了"}, {"uid": "667228912", "content": "怎么有衣服"}, {"uid": "651201315", "content": "做一些自己想做的事情"}, {"uid": "651201315", "content": "允许我在月宫放松放松"}, {"uid": "1451332501", "content": "做一些自己想做的事"}, {"uid": "1451332501", "content": "特意回来报告一下我的地球生活"}, {"uid": "1929037518", "content": "大仙丹---DSD"}, {"uid": "22773837", "content": "哈哈哈哈"}, {"uid": "217418046", "content": "长大"}, {"uid": "489602764", "content": "胡说，明明是樟脑丸"}, {"uid": "1707932", "content": "成精了"}, {"uid": "1451332501", "content": "大总管为了奖励我表现不错"}, {"uid": "1451332501", "content": "我受到了月宫的召唤"}, {"uid": "1451332501", "content": "。"}, {"uid": "1451332501", "content": "在地球已经好出道好几个月了"}, {"uid": "1451332501", "content": "允许我在月宫里放松放松"}, {"uid": "56569713", "content": "是蟑螂药"}]