[{"uid": "348447605", "content": "很高兴以这种方式认识你"}, {"uid": "7747448", "content": "《只是看一下动画片而已》"}, {"uid": "172239081", "content": "象极了我平常找同学，提醒他们时的样子！"}, {"uid": "28894993", "content": "好同学好同学哈哈哈哈"}, {"uid": "28507375", "content": "直播效果拉满！"}, {"uid": "652179937", "content": "《我不是，我没有，有别瞎说！》"}, {"uid": "252618825", "content": "这不是好朋友间的正常聊天吗"}, {"uid": "342253901", "content": "建议把题目改成《我》"}, {"uid": "488732590", "content": "很高兴以这种方式认识你"}, {"uid": "385619016", "content": "哈哈哈哈哈哈哈哈哈"}, {"uid": "692019809", "content": "这只兔兔陷入了混乱状态，不如我们"}, {"uid": "37630082", "content": "好高兴以这种方式认识（D了）你"}, {"uid": "471879419", "content": "这波啊，这波叫反向嘲讽"}, {"uid": "352151184", "content": "因为生化危机7没打折【doge】"}, {"uid": "50258975", "content": "哈哈哈哈还出文言了"}, {"uid": "36568831", "content": "老师：？怎么少了两个人了"}, {"uid": "232637825", "content": "哈哈哈哈哈哈哈哈"}, {"uid": "357251524", "content": "很高兴以这种方式认识你"}, {"uid": "24351443", "content": "同学声音好温柔好好听TT"}, {"uid": "289399229", "content": "草哈哈哈哈哈哈哈哈哈"}, {"uid": "14708142", "content": "哈哈哈哈哈哈哈哈哈哈哈"}, {"uid": "478998583", "content": "已经是了哈哈哈"}, {"uid": "5205965", "content": "很高兴以这种方式认识你"}, {"uid": "451790199", "content": "很高兴以这种方式认识你"}, {"uid": "186024958", "content": "《好朋友》"}, {"uid": "82858362", "content": "明天直接点了肯德基"}, {"uid": "290433450", "content": "我开始尴尬了哈哈哈哈"}, {"uid": "8922209", "content": "首页通知"}, {"uid": "42382254", "content": "《我教你》"}, {"uid": "10458057", "content": "心肺骤停！"}, {"uid": "310062515", "content": "“确 实 啊”"}, {"uid": "310062515", "content": "反手来一个联动"}, {"uid": "98970302", "content": "哈哈哈"}, {"uid": "5788806", "content": "《只看动画片》"}, {"uid": "5788806", "content": "《没打游戏》"}, {"uid": "4426657", "content": "还敢随心聊不怕暴露个人信息啊"}, {"uid": "30478334", "content": "好家伙还有意外收获"}, {"uid": "30478334", "content": "哈哈哈"}, {"uid": "173063", "content": "伊森：听的我手都冒汗了"}, {"uid": "14918475", "content": "很高兴以这种方式认识你"}, {"uid": "37315433", "content": "完了，我怀疑同学已经在想了"}, {"uid": "545589446", "content": "所以老师的消息回了么"}, {"uid": "109425753", "content": "棍子那个别跑，一看就在迫害沸羊羊"}, {"uid": "404372773", "content": "很高兴以这种方式认识你"}, {"uid": "471157271", "content": "反客为主"}, {"uid": "9635026", "content": "然后明天点了四菜一汤"}, {"uid": "473102925", "content": "反客为主23333"}, {"uid": "564006", "content": "非常的高兴用这种方式认识你"}, {"uid": "89543621", "content": "很高兴以这种方式认识你"}, {"uid": "694096118", "content": "很高兴以这种方式认识你"}, {"uid": "11219290", "content": "《我紧张》"}, {"uid": "400799821", "content": "我在打电动"}, {"uid": "244482940", "content": "很核理"}, {"uid": "397202848", "content": "ZC那个你别走哈哈哈哈哈我也看"}, {"uid": "166234492", "content": "苟富贵勿相忘太真实了"}, {"uid": "37645806", "content": "哈哈哈哈哈哈哈哈哈哈哈"}, {"uid": "26661547", "content": "但是我明天不吃泡面"}, {"uid": "18253454", "content": "很高兴以这种方式认识你"}, {"uid": "275635841", "content": "丧失语言糸统"}, {"uid": "488560645", "content": "不不不，是直播打游戏"}, {"uid": "449130204", "content": "图片仅供参考，请以实物为准"}, {"uid": "470262768", "content": "好家伙，，"}, {"uid": "859933", "content": "哈哈哈哈哈哈哈哈哈哈"}, {"uid": "410452996", "content": "预言家，刀了刀了"}, {"uid": "11773507", "content": "我还蛮大方的（我是石油佬）"}, {"uid": "402293977", "content": "她在狂笑"}, {"uid": "499686994", "content": "社死现场再次认识你，我很高兴"}, {"uid": "355307887", "content": "确实，看得少，主要是播"}, {"uid": "490507132", "content": "很高兴又一次社死认识你"}, {"uid": "516320802", "content": "哈哈哈哈哈哈哈哈"}, {"uid": "398038215", "content": "《   也   》"}, {"uid": "399039390", "content": "你看看孩子笑得多开心啊（doge）"}, {"uid": "8942034", "content": "哟～你脸红啦"}, {"uid": "1465754", "content": "我看的少，这兔子就没一句话能信"}, {"uid": "1465754", "content": "转移话题速度超快"}, {"uid": "234033093", "content": "反客为主"}, {"uid": "695438094", "content": "《我教你》"}, {"uid": "660902700", "content": "看的少，直播多"}, {"uid": "14859176", "content": "很遗憾以这种方式认识你"}, {"uid": "7080213", "content": "笑到肚子疼"}, {"uid": "286386548", "content": "很高兴以这种方式认识你"}, {"uid": "479633791", "content": "哈哈哈"}, {"uid": "441968013", "content": "哈哈哈哈哈哈哈"}, {"uid": "256223214", "content": "01:55"}, {"uid": "237724923", "content": "很高兴以这种方式认识你 "}, {"uid": "441922442", "content": "阿伟你又在打电动吼"}, {"uid": "291120508", "content": "很高兴以这种方式认识你"}, {"uid": "672601730", "content": "前面的卡慕别跑，等等我！！！"}, {"uid": "11548345", "content": "哈哈哈哈哈哈哈哈"}, {"uid": "182817927", "content": "说卡慕的离谱啊，哈哈哈哈哈"}, {"uid": "366446797", "content": "一转攻势"}, {"uid": "406297989", "content": "哈哈哈哈哈哈哈"}, {"uid": "442000376", "content": "我给我自己打钱（QAQ）"}, {"uid": "121901896", "content": "哈哈哈哈哈哈哈哈哈哈哈"}, {"uid": "66466945", "content": "特紧张"}, {"uid": "342032633", "content": "很遗憾以这种方式再次认识你"}, {"uid": "5788806", "content": "《不是很了解》"}, {"uid": "431203790", "content": "哈哈哈哈哈哈"}, {"uid": "440828808", "content": "很高兴以这种方法认识你"}, {"uid": "27030275", "content": "太萌了``哈哈哈哈哈"}, {"uid": "352457524", "content": "我同学吃泡面就不加调味料"}, {"uid": "234115498", "content": "很高兴以这种方式认识你"}, {"uid": "473102925", "content": "已经在播了"}, {"uid": "1519883849", "content": "《我没打游戏》"}, {"uid": "3057859", "content": "反客为主"}, {"uid": "37645806", "content": "哈哈哈哈哈哈哈哈哈哈哈哈"}, {"uid": "651971476", "content": "《我教你》"}, {"uid": "16502671", "content": "拨乱反正"}, {"uid": "2063119450", "content": "《学习资料》或者五三"}, {"uid": "230363693", "content": "咕咕咕咕咕咕哒"}, {"uid": "610251728", "content": "还不如说睡着了"}, {"uid": "406110765", "content": "然后明天不吃泡面"}, {"uid": "23349788", "content": "反客为主"}, {"uid": "446038147", "content": "《没有你懂那么多》"}, {"uid": "477214306", "content": "不识庐山真面目，只缘身在此山中"}, {"uid": "512033308", "content": "哈哈哈哈哈哈哈哈"}, {"uid": "915844", "content": "反客为主"}, {"uid": "12784318", "content": "*话多太真实了wwww"}, {"uid": "407011505", "content": "好家伙"}, {"uid": "105253781", "content": "真的开心"}, {"uid": "121938437", "content": "无情拆穿"}, {"uid": "234033093", "content": "《不是很了解》"}, {"uid": "456500046", "content": "《也》"}, {"uid": "96979375", "content": "很高兴以这种方式认识你"}, {"uid": "266944928", "content": "很高兴认识你"}, {"uid": "456629910", "content": "6这个."}, {"uid": "464385", "content": "很高兴以这种方式认识你"}, {"uid": "499506806", "content": "很高兴用这种方式认识你"}, {"uid": "313605470", "content": "《我教你》"}, {"uid": "498779875", "content": "哈哈哈哈"}, {"uid": "398863127", "content": "打的《生化危机7》"}, {"uid": "1862727750", "content": "前面卡慕的"}, {"uid": "535554012", "content": "前面卡慕的等等我别跑!"}, {"uid": "21766534", "content": "哈哈哈"}, {"uid": "11892333", "content": "首页通知"}, {"uid": "682458", "content": "很高兴以这种方式认识你"}, {"uid": "480388799", "content": "这就是公私不分的后果！╮(╯▽╰)╭"}, {"uid": "698827105", "content": "哈哈哈哈哈哈"}, {"uid": "4426657", "content": "哈哈哈哈哈哈哈"}, {"uid": "4426657", "content": "哈哈哈哈哈哈哈哈"}, {"uid": "30478334", "content": "我相信那个同学肯定看到了"}, {"uid": "174150111", "content": "哈哈哈哈好可爱"}, {"uid": "1068792282", "content": "首页了！小心呀！"}, {"uid": "524639780", "content": "她说的话真是一句都不能信『doge』"}, {"uid": "5319979", "content": "《你在叫我做事？》"}, {"uid": "14276527", "content": "不打自招啊好家伙"}, {"uid": "667350814", "content": "哈哈哈哈哈"}, {"uid": "492656421", "content": "哈哈哈哈哈哈哈"}, {"uid": "492656421", "content": "笑死了"}, {"uid": "382438468", "content": "《我教你》"}, {"uid": "10022001", "content": "我也要打钱"}, {"uid": "11219290", "content": "《不是很了解》"}, {"uid": "165402123", "content": "首页上见到了"}, {"uid": "482529076", "content": "（你也）"}, {"uid": "20934536", "content": "明天不吃泡面"}, {"uid": "37645806", "content": "转移话题是吧"}, {"uid": "336051639", "content": "《不是很了解》"}, {"uid": "859933", "content": "突然转移话题"}, {"uid": "859933", "content": "哈哈哈哈哈哈哈哈"}, {"uid": "372791971", "content": "看的少（播的多）"}, {"uid": "11773507", "content": "暴雪公司的是吧"}, {"uid": "434649511", "content": "哈哈哈哈啊哈哈"}, {"uid": "513477940", "content": "《不懂》"}, {"uid": "513477940", "content": "《b站直播》"}, {"uid": "490507132", "content": "我也没听到，看到视频"}, {"uid": "516320802", "content": "哈哈哈哈哈哈"}, {"uid": "345565979", "content": "噔噔咚"}, {"uid": "243037", "content": "攻略书也是书嘛"}, {"uid": "157285364", "content": "哈哈哈哈哈"}, {"uid": "446038147", "content": "预言家，刀了刀了"}, {"uid": "446038147", "content": "（反正明天不吃泡面）"}, {"uid": "915844", "content": "哈哈哈哈哈我没打游戏"}, {"uid": "915844", "content": "哈哈哈哈哈"}, {"uid": "121938437", "content": "是个面冷心热的同学，应该是真的关心兔子的"}, {"uid": "510235352", "content": "21分钟热热还能吃"}, {"uid": "94096385", "content": "哈哈哈！"}, {"uid": "29621130", "content": "为什么不能？"}, {"uid": "425332828", "content": "哈哈哈哈哈"}, {"uid": "1385019482", "content": "鵝鵝鵝"}, {"uid": "455868821", "content": "看得少，指播的多"}, {"uid": "19392022", "content": "《我紧张》"}, {"uid": "34920406", "content": "哈哈哈哈哈哈哈"}, {"uid": "4053335", "content": "很高兴以这种方式认识你"}, {"uid": "451790199", "content": "声音好听是卡慕吗？"}, {"uid": "26935908", "content": "谢谢，已经在当了"}, {"uid": "11548345", "content": "哈哈哈哈"}, {"uid": "11703624", "content": "好狠！"}, {"uid": "287050386", "content": "卡慕的笑死"}, {"uid": "186024958", "content": "哈哈哈哈哈"}, {"uid": "437064799", "content": "首页通知书"}, {"uid": "7925676", "content": "闪现"}, {"uid": "13171299", "content": "很高兴以这种方式认识你"}, {"uid": "4426657", "content": "wrwrwr，yoooo"}, {"uid": "30478334", "content": "反客为主"}, {"uid": "31887182", "content": "蚌埠住了"}, {"uid": "6459518", "content": "很高兴以这种方式认识你"}, {"uid": "629855891", "content": "哈哈哈哈"}, {"uid": "293229906", "content": "笑死我了"}, {"uid": "667350814", "content": "？？？？？？？"}, {"uid": "27030275", "content": "哈哈哈哈哈"}, {"uid": "7514162", "content": "不是很了解（大嘘）"}, {"uid": "168243790", "content": "哈哈哈哈"}, {"uid": "695877945", "content": "哈哈哈"}, {"uid": "42297620", "content": "hhhhhhhh"}, {"uid": "18253454", "content": "《不是很了解》"}, {"uid": "488560645", "content": "这么可爱嘛"}, {"uid": "422328774", "content": "哈哈哈哈"}, {"uid": "23362230", "content": "哈哈哈哈哈哈"}, {"uid": "480030419", "content": "《我教你吧》"}, {"uid": "513477940", "content": "《少》"}, {"uid": "490507132", "content": "无情拆穿"}, {"uid": "3394621", "content": "哈哈哈哈"}, {"uid": "411687469", "content": "我没听到，真的"}, {"uid": "546010523", "content": "这特效做的"}, {"uid": "700969144", "content": "看书？"}, {"uid": "356581675", "content": "哈哈哈哈"}, {"uid": "35928129", "content": "很遗憾以这种方式认识你"}, {"uid": "357927712", "content": "谁说的卡慕"}, {"uid": "1598931911", "content": "哈哈哈哈"}, {"uid": "8725475", "content": "哈哈哈哈哈"}, {"uid": "391804545", "content": "反客为主"}, {"uid": "20617521", "content": "在播了在播了"}, {"uid": "398499451", "content": "太狠了"}, {"uid": "313605470", "content": "太可爱啦啊啊啊啊"}, {"uid": "287739344", "content": "卡慕真笑死我了"}, {"uid": "181802127", "content": "！？"}, {"uid": "36187374", "content": "笑死了"}, {"uid": "34900589", "content": "关注了"}, {"uid": "513512944", "content": "哈哈哈"}, {"uid": "1452027613", "content": "首页通知"}, {"uid": "357085869", "content": "打电动doge"}, {"uid": "352400503", "content": "哈哈哈哈"}, {"uid": "298494338", "content": "很高兴认识你"}, {"uid": "1288749948", "content": "快圆不回来了"}, {"uid": "444169161", "content": "哈哈哈"}, {"uid": "261234237", "content": "首页通知书"}, {"uid": "667350814", "content": "火钳刘明"}, {"uid": "1884600500", "content": "真巧了"}, {"uid": "393849569", "content": "哈哈哈哈"}, {"uid": "3490525", "content": "离谱"}, {"uid": "651971476", "content": "《也》"}, {"uid": "354519159", "content": "哈哈哈"}, {"uid": "513477940", "content": "《紧张》"}, {"uid": "513477940", "content": "《不了解》"}, {"uid": "3394621", "content": "好家伙"}, {"uid": "915844", "content": "哈哈哈哈"}, {"uid": "348978238", "content": "b站（）"}, {"uid": "497752951", "content": "( ￣▽￣)"}, {"uid": "1766381", "content": "哈哈哈"}, {"uid": "324828496", "content": "上首页了，hh"}, {"uid": "476374526", "content": "仆妹妹！"}, {"uid": "50258975", "content": "哈哈哈哈"}, {"uid": "200662248", "content": "反将一军"}, {"uid": "26935908", "content": "谢谢，不必了，已经首推了"}, {"uid": "42571696", "content": "可爱，关注了"}, {"uid": "186024958", "content": "为什么不能呢"}, {"uid": "403739705", "content": "在播了在播了"}, {"uid": "96088271", "content": "首页见到"}, {"uid": "91261540", "content": "哈哈哈"}, {"uid": "431076126", "content": "哈哈哈哈"}, {"uid": "11875596", "content": "哈哈哈哈哈哈哈哈哈哈哈哈"}, {"uid": "401718827", "content": "好家伙"}, {"uid": "667350814", "content": "哈哈哈哈哈"}, {"uid": "3709745", "content": "笑死"}, {"uid": "1884600500", "content": "哈哈哈"}, {"uid": "400799821", "content": "我在打电"}, {"uid": "491155380", "content": "在看生化危机这部书"}, {"uid": "11708347", "content": "典"}, {"uid": "9075124", "content": "哈哈哈"}, {"uid": "10451478", "content": "哈哈"}, {"uid": "1511520648", "content": "哈哈哈"}, {"uid": "488560645", "content": "关注了"}, {"uid": "1835257015", "content": "哈哈哈哈"}, {"uid": "235164897", "content": "哈哈哈哈"}, {"uid": "443274120", "content": "14小时，凉透了"}, {"uid": "499686994", "content": "已经在直播了"}, {"uid": "689481438", "content": "在现场"}, {"uid": "1465754", "content": "我明天必须不吃泡面"}, {"uid": "7661198", "content": "hhhhhh"}, {"uid": "432298144", "content": "哈哈哈哈哈哈"}, {"uid": "399345868", "content": "直接起飞"}, {"uid": "160851307", "content": "哈哈哈哈"}, {"uid": "219965406", "content": "好耶"}, {"uid": "527115247", "content": "hhhh"}, {"uid": "2013399", "content": "我不是我没有别瞎说啊"}, {"uid": "10131223", "content": "为什么不能呢"}, {"uid": "1982495720", "content": "c'g'le"}, {"uid": "5788806", "content": "？？？？？？？？"}, {"uid": "30478334", "content": "啊，这"}, {"uid": "36636830", "content": "喔喔喔喔喔"}, {"uid": "51720310", "content": "危，早晚会刷到"}, {"uid": "67223711", "content": "？？？？？？？"}, {"uid": "400799821", "content": "我在打电动"}, {"uid": "23362230", "content": "哈哈哈哈"}, {"uid": "859933", "content": "噔噔咚"}, {"uid": "513477940", "content": "b站（重点）"}, {"uid": "437330157", "content": "七分钟热乎"}, {"uid": "362217513", "content": "hhc"}, {"uid": "479167806", "content": "哈哈哈哈哈哈"}, {"uid": "357251524", "content": "危危危"}, {"uid": "43919029", "content": "危"}, {"uid": "1288749948", "content": "2333"}, {"uid": "457812459", "content": "哈哈哈哈哈哈哈"}, {"uid": "757746", "content": "HHHH"}, {"uid": "4208738", "content": "进口塑料袋？"}, {"uid": "104124773", "content": "为什么呀"}, {"uid": "51720310", "content": "危"}, {"uid": "452155352", "content": "看她笑的多开心啊！"}, {"uid": "620343494", "content": "结巴兔"}, {"uid": "24883217", "content": "你想，也行"}, {"uid": "1456922", "content": "越漂亮的女人越不能信"}, {"uid": "15080962", "content": "哈哈哈哈"}, {"uid": "27827099", "content": "苟富贵，毋相忘"}, {"uid": "481940526", "content": "同学好烦啊。。。。"}, {"uid": "452586245", "content": "这是人的语言系统吗"}, {"uid": "404350011", "content": "扭转乾坤"}, {"uid": "348978238", "content": "草"}, {"uid": "348978238", "content": "不是，她在当她的vtb"}, {"uid": "348978238", "content": "草"}, {"uid": "28507375", "content": "啊这"}, {"uid": "89157727", "content": "淦 顶到首页去 兄弟们"}, {"uid": "178764062", "content": "把人急死 一句话几分钟说不完"}, {"uid": "511317611", "content": "她在笑，她在狂笑，你看呢，她笑的多开心啊！"}, {"uid": "351078", "content": "笑尿，为了火不择手段"}, {"uid": "499340338", "content": "痛失调味料"}, {"uid": "372791971", "content": "《b话也挺多》"}, {"uid": "372791971", "content": "看夏川玥玥的"}, {"uid": "372791971", "content": "这个B"}, {"uid": "634091505", "content": "又疯了一个。"}, {"uid": "89594066", "content": "？？？"}, {"uid": "62858971", "content": "你看哪她在笑，笑的多开心呐 "}, {"uid": "62576235", "content": "很抱歉用这种方式认识你"}, {"uid": "35109200", "content": "整乐了"}, {"uid": "35109200", "content": "？"}, {"uid": "107261382", "content": "说同学烦的现实生活中应该是个很孤独的人吧"}, {"uid": "477335004", "content": "你喊这么大声想敷衍过去也不可能吧"}, {"uid": "1907334721", "content": "ZC？→"}, {"uid": "130099679", "content": "为啥啊"}, {"uid": "19392022", "content": "？？？"}, {"uid": "10316202", "content": "好尴"}, {"uid": "219860120", "content": "兄弟们顶上首页让她朋友看一看"}, {"uid": "359773599", "content": "可以说你在直播"}, {"uid": "38956751", "content": "互相结巴"}, {"uid": "313008836", "content": "B站，希望你朋友没看到这个，首页来的"}, {"uid": "313008836", "content": "胡言乱语属于是"}, {"uid": "205741663", "content": "b话挺多"}, {"uid": "669842952", "content": "我房子还蛮大的[doge]"}, {"uid": "357251524", "content": "是哪个呢？卡慕   黑猫    米洛   DJK    还是谁呢？"}, {"uid": "510103377", "content": "这个b串味了嗷"}, {"uid": "313605470", "content": "我没有办法"}, {"uid": "313605470", "content": "谢谢，她已经在直播了"}, {"uid": "1709928536", "content": "慕容姐姐？"}, {"uid": "397248246", "content": "卢本伟"}, {"uid": "453436724", "content": "我已经坏了"}, {"uid": "276497920", "content": "不 了 解"}, {"uid": "99534709", "content": "？"}, {"uid": "35758280", "content": "丢人。。"}, {"uid": "97202376", "content": "好夹啊"}, {"uid": "551064729", "content": "卡慕草"}, {"uid": "27730557", "content": "为啥不能是米洛呢？"}, {"uid": "433378155", "content": "怂鸽饲养员？"}, {"uid": "33422254", "content": "看的少，指一般自己播"}, {"uid": "19192254", "content": "狗天天吃泡面花了"}, {"uid": "129005923", "content": "水周"}, {"uid": "366446797", "content": "很抱歉以这种方式认识你"}, {"uid": "7884038", "content": "狗狗都不信系列"}, {"uid": "219965406", "content": "小孩子别骗大人"}, {"uid": "527115247", "content": "同学是真的烦"}, {"uid": "81541261", "content": "点 礼 物"}, {"uid": "495875935", "content": "《b话挺多》"}, {"uid": "163951677", "content": "也"}, {"uid": "1862727750", "content": "cc不好吗"}, {"uid": "33416083", "content": "卡慕好好说话的话还好听"}, {"uid": "401099828", "content": "←你跟我说卡慕声音好听？？？"}, {"uid": "401099828", "content": "也"}, {"uid": "439040834", "content": "夹子吗？"}, {"uid": "2851135", "content": "完蛋"}, {"uid": "553456007", "content": "满嘴放炮"}, {"uid": "349185245", "content": "这么可爱的小兔叽，这不来一波关注？"}, {"uid": "421434", "content": "也"}, {"uid": "39668566", "content": "玥玥笑到哭出来，看她笑得多开心"}, {"uid": "9129681", "content": "平时和同学说话也这么夹吗"}, {"uid": "168849234", "content": "语无伦次啊"}, {"uid": "227751411", "content": "看书？狗都不信"}, {"uid": "349568699", "content": "划重点，b话多"}, {"uid": "228801574", "content": "很抱歉用这种方式认识你"}, {"uid": "520718005", "content": "很抱歉，以这种方式认识你"}, {"uid": "35566286", "content": "？？？"}, {"uid": "433039226", "content": "？？？"}, {"uid": "441618315", "content": "打电动"}, {"uid": "424400419", "content": "不是很了解"}, {"uid": "1514335484", "content": "这个B？"}, {"uid": "523055970", "content": "这个B（滑稽）"}, {"uid": "447677652", "content": "被诓骗"}, {"uid": "450421652", "content": "你知道大半夜憋笑有多难吗？"}, {"uid": "669227204", "content": "反正本兔子明天又不吃泡面"}, {"uid": "1321064173", "content": "很抱歉，以这种方式认识你 "}, {"uid": "698827105", "content": "自产自销"}, {"uid": "178986604", "content": "很抱歉以这种方式认识你"}, {"uid": "76996595", "content": "《 我 紧 张 》"}, {"uid": "482349215", "content": "？？？？"}, {"uid": "237667869", "content": "她太懂直播了"}, {"uid": "22010772", "content": "xswl"}, {"uid": "30478334", "content": "不是很了解"}, {"uid": "30478334", "content": "狗都不信"}, {"uid": "440986155", "content": "初见   可爱     单推"}, {"uid": "109389235", "content": "？？？？"}, {"uid": "285744293", "content": "尿遁是吧"}, {"uid": "380086122", "content": "苟富贵，勿相忘"}, {"uid": "5773287", "content": "b话挺多"}, {"uid": "21471653", "content": "上厕所，碍着你说话了吗"}, {"uid": "5773287", "content": "傻啦吧唧的哈哈哈哈"}, {"uid": "366714143", "content": "很抱歉以这样的方式认识您"}, {"uid": "164146227", "content": "？？？"}, {"uid": "4565243", "content": "？？？？"}, {"uid": "355337484", "content": "《关于我在b站直播时同学让我在b站直播这件事》"}, {"uid": "1288749948", "content": "干得漂亮"}, {"uid": "1288749948", "content": "睁眼说瞎话"}, {"uid": "489616706", "content": "这个B"}, {"uid": "448239068", "content": "你看她笑的多开心啊"}, {"uid": "2098401126", "content": "你应该说你在直播"}, {"uid": "199871907", "content": "狗都不信哈哈哈"}, {"uid": "28115334", "content": "你很懂嘛"}, {"uid": "8844718", "content": "汪汪汪汪"}, {"uid": "357698363", "content": "看的少，播的多"}, {"uid": "3232294", "content": "看动画片"}, {"uid": "3232294", "content": "？？？？"}, {"uid": "1631525583", "content": "《这个B》"}, {"uid": "43519151", "content": "什么？动画片？？？"}, {"uid": "453888431", "content": "我已经怀了"}, {"uid": "524639780", "content": "棍子棍子棍子"}, {"uid": "524639780", "content": "up主说谎这么结巴很容易被发现啊"}, {"uid": "518425434", "content": "你看她笑的多开心"}, {"uid": "518425434", "content": "我我我我我我我我~"}, {"uid": "297184528", "content": "来我给你房管你给我说话来"}, {"uid": "297184528", "content": "尊尼获加"}, {"uid": "301980706", "content": "你看打架，看狗打架也行，但是劝架就过分了，还是给狗劝架~~~"}, {"uid": "439563773", "content": "草"}, {"uid": "2117849544", "content": "很抱歉，以这种方式认识你"}, {"uid": "313755512", "content": "看她笑得多开心啊"}, {"uid": "17895270", "content": "好假"}, {"uid": "435775941", "content": "一 转 攻 势"}, {"uid": "21152328", "content": "此 地 无 银"}, {"uid": "309311557", "content": "讲真的，我入b站几年了，还真不知道怎么直播"}, {"uid": "444554", "content": "逆天"}, {"uid": "7116443", "content": "B话也挺多，也挺可爱的"}, {"uid": "27791306", "content": "笑了"}, {"uid": "474874789", "content": "对不起以这样的方式认识你"}, {"uid": "29064378", "content": "用什么担保"}, {"uid": "294464633", "content": "包养男人的赶脚"}, {"uid": "32962770", "content": "歪打正着"}, {"uid": "4208738", "content": "打游戏的是狗对吧，哈哈哈"}, {"uid": "188751979", "content": "人菜话多"}, {"uid": "10384265", "content": "？？？"}, {"uid": "2558958", "content": "很抱歉以这种方式认识你"}, {"uid": "9624909", "content": "很抱歉以这种方式认识你"}, {"uid": "169607542", "content": "语无伦次"}, {"uid": "506065157", "content": "很抱歉这样认识你，关注了"}, {"uid": "357255849", "content": "她不仅看直播，而且直播"}, {"uid": "491155380", "content": "你在打游戏 你又会自己上厕所"}, {"uid": "491155380", "content": "教她 我会自己上厕所"}, {"uid": "491155380", "content": "看的少 播的多 烤兔头 又香又好吃"}, {"uid": "491155380", "content": "你同学是预言家么 这么神 给我介绍一个"}, {"uid": "491155380", "content": "不如吃点烤兔头吧"}, {"uid": "504793121", "content": "说都话不会"}, {"uid": "11708347", "content": "懂完了"}, {"uid": "39114469", "content": "确实   看的少  都是直播  哈哈哈哈"}, {"uid": "345652739", "content": "？？"}, {"uid": "332926747", "content": "很抱歉以这种方式认识你"}, {"uid": "480179341", "content": "看笑的多开心"}, {"uid": "434371943", "content": "很抱歉这样认识你，关注了"}, {"uid": "1519883849", "content": "所以明天死也不能吃泡面"}, {"uid": "76726121", "content": "很抱歉以这种方式认识你"}, {"uid": "29195881", "content": "怎么连个打游戏都不会说了"}, {"uid": "1585497443", "content": "很抱歉以这种方式见到你"}, {"uid": "1388947", "content": "孩子笑得多开心"}, {"uid": "38085845", "content": "很抱歉，以这样的方式认识你"}, {"uid": "95427737", "content": "菜，菜"}, {"uid": "198527651", "content": "很抱歉用这种方法认识你"}, {"uid": "6660729", "content": "那个什么动画片"}, {"uid": "1931819", "content": "很抱歉以这种方式认识你"}, {"uid": "5562199", "content": "两个人都结巴了起来"}, {"uid": "28968431", "content": "你可以说你在直播"}, {"uid": "1576452", "content": "友人列举了小兔子的优点，总结：挺赚钱的货色"}, {"uid": "42297620", "content": "？？"}, {"uid": "32637537", "content": "快三连让她上首页"}, {"uid": "19242617", "content": "好社死"}, {"uid": "695227303", "content": "眼泪，从下眼皮里面喷了出来"}, {"uid": "67965149", "content": "拿钱做皮去了doge"}, {"uid": "11037308", "content": "哈哈  很高兴这种方式认识你、"}, {"uid": "422328774", "content": "不是很了解"}, {"uid": "1476682716", "content": "。。。"}, {"uid": "514166302", "content": "很抱歉用这种方式认识你"}, {"uid": "1835257015", "content": "？？？"}, {"uid": "1835257015", "content": "？？？"}, {"uid": "38443314", "content": "但是你明天不吃泡面对不对"}, {"uid": "245178766", "content": "你看她笑得多开心啊"}, {"uid": "11154970", "content": "草"}, {"uid": "57902614", "content": "不懂，指正在实践"}, {"uid": "2365181", "content": "很抱歉以这种方式认识你"}, {"uid": "3256477", "content": "很抱歉以这样的方式认识你"}, {"uid": "5187892", "content": "很抱歉以这种方式认识你​"}, {"uid": "14833492", "content": "b话挺多"}, {"uid": "438840747", "content": "所以你明天不吃泡面是吧"}, {"uid": "176844991", "content": "哭的真有节奏"}, {"uid": "1544195796", "content": "设想假如这个同学在B站刷到了这个视频（手动滑稽）"}, {"uid": "29209062", "content": "看得少播的多"}, {"uid": "3394621", "content": "为啥不能说打游戏啊"}, {"uid": "3394621", "content": "苟富贵，勿相忘"}, {"uid": "3394621", "content": "也"}, {"uid": "3394621", "content": "？？"}, {"uid": "3394621", "content": "语无伦次"}, {"uid": "555232459", "content": "这个B"}, {"uid": "555232459", "content": "ZC"}, {"uid": "345565979", "content": "舍友我就静静听你狡辩"}, {"uid": "345565979", "content": "臭女人哈哈哈哈"}, {"uid": "157285364", "content": "很抱歉以这种方式见到你"}, {"uid": "377951385", "content": "你们都不看的吗"}, {"uid": "402958578", "content": "惊吓到失去颜色"}, {"uid": "8942034", "content": "她太懂直播了"}, {"uid": "1465754", "content": "？？？"}, {"uid": "121938437", "content": "bilibili夏川玥玥"}, {"uid": "121938437", "content": "话都会不说了"}, {"uid": "694572738", "content": "语无伦次"}, {"uid": "287293298", "content": "狗富贵勿相忘"}, {"uid": "515304381", "content": "假话连篇"}, {"uid": "3669779", "content": "不要的调味料请给我，我要双倍料"}, {"uid": "351078", "content": "安排好的剧本罢了"}, {"uid": "391804545", "content": "我我我我。。。。你。。。。不不不。。。"}, {"uid": "76996595", "content": "？？？？？？"}, {"uid": "361381401", "content": "。。。。。。。。。。。。。。。。。"}, {"uid": "156096561", "content": "哈哈哈哈哈哈哈哈哈哈哈哈哈哈哈哈哈哈哈哈哈哈"}, {"uid": "11860837", "content": "我...我...我...233333"}, {"uid": "34337939", "content": "哈哈哈哈哈哈哈哈哈哈哈哈ZC的过分"}, {"uid": "12241811", "content": "《   不   是   很   了   解   》"}, {"uid": "2066175400", "content": "哈哈哈哈哈哈哈哈哈哈哈哈哈哈哈哈哈哈哈哈哈哈"}]