[{"uid": "489602764", "content": "草"}, {"uid": "345565979", "content": "听到这里，男妈妈扛着奶瓶就来了"}, {"uid": "399822349", "content": "这是模仿小狗崽叫吗哈哈哈"}, {"uid": "187326768", "content": "哇……这声我苏了"}, {"uid": "56754908", "content": "官方鬼畜最为致命"}, {"uid": "697741855", "content": "哇"}, {"uid": "345565979", "content": "BGM：第三套全国中小学生广播体操，七彩阳光"}, {"uid": "345565979", "content": "自我鬼畜"}, {"uid": "675112609", "content": "视频建议0.5倍速食用，有惊喜"}, {"uid": "702129216", "content": "震惊人把鬼吓到半死"}, {"uid": "28190579", "content": "乂，男妈妈在这呢～"}, {"uid": "28190579", "content": "草"}, {"uid": "369084726", "content": "记得带耳机，全家人都看着我"}, {"uid": "611854964", "content": "诶"}, {"uid": "497855935", "content": "闭眼新世界"}, {"uid": "476772300", "content": "22分钟"}, {"uid": "345565979", "content": "这四川话讲的，是假老练没错了doge"}]