[{"uid": "1087023866", "content": "十分可爱，没有脑袋。"}, {"uid": "235617022", "content": "你呀，太可爱了"}, {"uid": "50545954", "content": "孩子已经傻了（"}, {"uid": "181868807", "content": "孩子傻了"}, {"uid": "163961236", "content": "妹妹你怎么了啊！妹妹！"}, {"uid": "1499029505", "content": "钵钵鸡？不是吃的吗"}, {"uid": "235617022", "content": "怪可爱的"}, {"uid": "40554875", "content": "可可爱爱，么得头脑"}, {"uid": "88596436", "content": "啵啵你"}, {"uid": "241424723", "content": "hhhhc"}, {"uid": "8288159", "content": "憨憨昂"}, {"uid": "505347489", "content": "开屏雷击"}, {"uid": "122571105", "content": "傻夫夫的"}, {"uid": "29238695", "content": "可爱"}, {"uid": "474168721", "content": "啊么啊么啊么"}, {"uid": "23013078", "content": "钵钵鸡"}, {"uid": "631442137", "content": "考古"}, {"uid": "361097566", "content": "钵钵鸡"}, {"uid": "510017225", "content": "？？？？。"}, {"uid": "346201608", "content": "傻里傻气的呐"}, {"uid": "40028988", "content": "傻夫夫的"}]