[{"uid": "758602881", "content": "乐 极 生 悲"}, {"uid": "364058543", "content": "标题选得好"}, {"uid": "1466343906", "content": "你这是在欺负"}, {"uid": "8942034", "content": "甚至还打了个嗝"}, {"uid": "495856012", "content": "摇过的肥宅快乐水"}, {"uid": "74173597", "content": "《你也有今天》"}, {"uid": "695954287", "content": "老姐你又在打电动啦（滑g）"}, {"uid": "623792133", "content": "大便，食大人了"}, {"uid": "636806398", "content": "各位都是赛车手"}, {"uid": "303540787", "content": "不是破坏是压迫（"}, {"uid": "516320802", "content": "太多了"}, {"uid": "516320802", "content": "很抱歉用这种方式认识你"}, {"uid": "266705455", "content": "哈哈哈做人不能太嚣张哈哈哈"}, {"uid": "25363364", "content": "被压迫？"}, {"uid": "302961954", "content": "好吧，伙食变了（doge）"}, {"uid": "357201262", "content": "内力喷射"}, {"uid": "652421151", "content": "标题有点坏"}, {"uid": "401222188", "content": "终究还是活成了你最讨厌的人的样子"}, {"uid": "486203409", "content": "好好想想你们为什么点进来"}, {"uid": "77034512", "content": "很抱歉以这样的方式认识你"}, {"uid": "354071982", "content": "没有啊，等一下还是你跑腿擦桌拖地"}, {"uid": "487183440", "content": "本以为小丑是表弟，没想到这是自己"}, {"uid": "487183440", "content": "噢，这该死而又奇妙的声音"}, {"uid": "316972630", "content": "《时代变了》"}, {"uid": "629863194", "content": "君の标题都这么快的吗？"}, {"uid": "345565979", "content": "你再骂（恳求）"}, {"uid": "401392936", "content": "啊不行不行太多了 我得……"}, {"uid": "476498836", "content": "魔法少女是危险职业"}, {"uid": "313748213", "content": "哈哈哈哈哈哈哈哈"}, {"uid": "228767592", "content": "太多了"}, {"uid": "228767592", "content": "啊～啊～～"}, {"uid": "36598610", "content": "大人，时代跳回去了"}, {"uid": "622507150", "content": "代人，时大变了！"}, {"uid": "28080392", "content": "糟糕的标题"}, {"uid": "477161874", "content": "时代终究是没变……"}, {"uid": "1669730998", "content": "大人，食大便了笑死我了"}, {"uid": "701153503", "content": "好好反思为什么会点进来？"}, {"uid": "253395308", "content": "不对劲"}, {"uid": "587746396", "content": "太多了？"}, {"uid": "1347090044", "content": "逐渐变色"}, {"uid": "13933454", "content": "经典永流传"}, {"uid": "195279541", "content": "被压破"}, {"uid": "535668374", "content": "请各位好好想想为什么会点进来"}, {"uid": "1425030063", "content": "真不错"}, {"uid": "440123514", "content": "家族传统是吧"}, {"uid": "5484284", "content": "哦这奇妙的声音～"}, {"uid": "430080969", "content": "我还是白色的吧"}, {"uid": "410529354", "content": "屠魔的少女终究成魔。"}, {"uid": "395968072", "content": "这标题不对劲"}, {"uid": "544051933", "content": "太多了？"}, {"uid": "277774183", "content": "想想你们都是因为什么点进来的"}, {"uid": "316972630", "content": "？？？"}, {"uid": "528479365", "content": "表弟提前摇可乐了？"}, {"uid": "437064799", "content": "我没变色"}, {"uid": "42297620", "content": "？？？？？？？？"}, {"uid": "430969430", "content": "我也不知道为什么呀"}, {"uid": "74173597", "content": "hso"}, {"uid": "457137945", "content": "太真实了"}, {"uid": "395927493", "content": "？？？"}, {"uid": "1305930384", "content": "虎狼之词"}, {"uid": "8367382", "content": "不该是我也有今天吗？"}, {"uid": "449755428", "content": "谢谢，有被爽到～"}, {"uid": "662760962", "content": "太多了"}, {"uid": "602196397", "content": "变色了"}, {"uid": "42297620", "content": "？？？"}, {"uid": "1932828173", "content": "感同身受"}, {"uid": "411687469", "content": "好的，原来是这种喷"}, {"uid": "513472469", "content": "针不戳"}, {"uid": "28534040", "content": "？？？"}, {"uid": "401392936", "content": "被喷一身？为什么不改成射？？？"}, {"uid": "67279888", "content": "传承"}, {"uid": "438232698", "content": "太真实了"}, {"uid": "52648796", "content": "太多了"}, {"uid": "473409494", "content": "好耶"}, {"uid": "623561073", "content": "现在你成了你厌恶的那个坏人"}, {"uid": "662760962", "content": "？  ？  "}, {"uid": "580581673", "content": "唉?這样只会惡性循環啊！"}, {"uid": "182879361", "content": "为什么你以前就没想到呢"}, {"uid": "74173597", "content": "hso"}, {"uid": "1403967830", "content": "然后x4"}, {"uid": "623792133", "content": "现在食大便了"}, {"uid": "9239056", "content": "太多了"}, {"uid": "622404101", "content": "这个你妈好可爱。"}, {"uid": "102553113", "content": "？？？"}, {"uid": "285650906", "content": "危"}, {"uid": "622507150", "content": "有画面了"}, {"uid": "32199384", "content": "我什么颜色"}, {"uid": "97642382", "content": "？？？"}, {"uid": "678847688", "content": "妙啊"}, {"uid": "203546272", "content": "?我还是白的嘛"}, {"uid": "203546272", "content": "666666"}, {"uid": "662760962", "content": "？  ？  ？"}, {"uid": "702466514", "content": "？？？？？"}, {"uid": "604936380", "content": "？？？？？？"}, {"uid": "521066893", "content": "???"}, {"uid": "1272124833", "content": "牛逼"}, {"uid": "401392936", "content": "《压    迫》在哪里压迫？？？"}, {"uid": "421229690", "content": "这么快的吗"}, {"uid": "2971345", "content": "？？？"}, {"uid": "24681812", "content": "打电动"}, {"uid": "652421151", "content": "标题？？？？？"}, {"uid": "511526837", "content": "上面的暗信别跑^"}, {"uid": "108106337", "content": "？"}, {"uid": "554539317", "content": "从此时开始看。。。发现新世界。。。"}, {"uid": "411687469", "content": "那种喷？"}, {"uid": "345565979", "content": "ning mua"}, {"uid": "401392936", "content": "爽"}, {"uid": "189627719", "content": "太多了？？？"}, {"uid": "496851300", "content": "她？"}, {"uid": "596395240", "content": "？"}, {"uid": "1425030063", "content": "wdf"}, {"uid": "675733695", "content": "现在食大便了"}, {"uid": "406338234", "content": "没把电脑什么的弄湿吧？"}, {"uid": "37051501", "content": "？"}, {"uid": "8544111", "content": "？"}, {"uid": "316972630", "content": "？？？"}, {"uid": "1929037518", "content": "不太对劲"}, {"uid": "74173597", "content": "大人，食大便了"}, {"uid": "3271640", "content": "？"}, {"uid": "565124515", "content": "喷的狼狈不堪"}, {"uid": "345565979", "content": "你再骂"}, {"uid": "251179685", "content": "？"}, {"uid": "1669730998", "content": "笑死"}, {"uid": "1347090044", "content": "啊这"}, {"uid": "27850932", "content": "真实"}, {"uid": "276945246", "content": "？"}, {"uid": "676633873", "content": "？？？"}, {"uid": "1425030063", "content": "？？？"}, {"uid": "5484284", "content": "？"}, {"uid": "622507150", "content": "？？？？？？？"}, {"uid": "436698615", "content": "？？？"}, {"uid": "13632455", "content": "这时候不是应该有人出来说是他干的吗？"}, {"uid": "431281314", "content": "。。。。？。。"}, {"uid": "108106337", "content": "什么牛马标题"}, {"uid": "407764976", "content": "因为字面太****了"}, {"uid": "501778266", "content": "现在食大便了？"}, {"uid": "310037775", "content": "？你*"}, {"uid": "436462769", "content": "？"}]