[{"uid": "31855362", "content": "电眠逼人"}, {"uid": "31955486", "content": "反客为主"}, {"uid": "651993634", "content": "开       眼"}, {"uid": "181614545", "content": "反 客 为 主"}, {"uid": "247189", "content": "【露出獠牙 papapa】"}, {"uid": "247189", "content": "【向新生的虚无 许下愿望】"}, {"uid": "247189", "content": "【每次许下 崭新的愿望】"}, {"uid": "247189", "content": "【狼狈不堪地死去 苦涩的回忆也随之消逝】"}, {"uid": "247189", "content": "【YOU ARE KING】"}, {"uid": "247189", "content": "【Left side Right side】"}, {"uid": "247189", "content": "【屏气凝神 深信不疑】"}, {"uid": "247189", "content": "【向新生的虚无 许下愿望】"}, {"uid": "247189", "content": "【像是任何人都渴求的 无机物 那样子】"}, {"uid": "247189", "content": "【幽闭 停止 我不知道啊】"}, {"uid": "247189", "content": "【你讨厌那个伶俐 真是个难题Darling】"}, {"uid": "408645838", "content": "左手国际友好手势"}, {"uid": "288758321", "content": "好家伙，不拉了，不愧是开嗓之后的蝎子"}, {"uid": "1921751", "content": "远 光 灯"}, {"uid": "2203831", "content": "你是蝎子王！"}, {"uid": "247189", "content": "【伸出獠牙 pa pa pa 真是羞耻啊】"}, {"uid": "4383405", "content": "KKSK"}, {"uid": "434034210", "content": "右边的桃子熟的滴水"}, {"uid": "401099828", "content": "左手什么情况"}, {"uid": "247189", "content": "【I AM KING】"}, {"uid": "247189", "content": "【I AM KING】"}, {"uid": "247189", "content": "【Left side Right side】"}, {"uid": "247189", "content": "【坚强勇敢地微笑 那些疼痛都变得无影无踪】"}, {"uid": "247189", "content": "【想要 先行一步那样】"}, {"uid": "247189", "content": "【旁人所祈祷的 那零碎的讽刺】"}, {"uid": "247189", "content": "【高抬贵手吧 真是残忍】"}, {"uid": "3500192", "content": "不行不行，这嘴也太憨了，学谁不好学小雅（"}, {"uid": "615745612", "content": "葫芦娃?！"}, {"uid": "415382982", "content": "草"}, {"uid": "2658192", "content": "好听"}, {"uid": "247189", "content": "【屏气敛息 深信不疑】"}, {"uid": "247189", "content": "【爱也依旧未变 Pickup の Warning Warning】"}, {"uid": "247189", "content": "【伸出獠牙 pa pa pa】"}, {"uid": "247189", "content": "【爱也依旧未变 况且 Warning Warning】"}, {"uid": "488495068", "content": "他竖我中指"}, {"uid": "23427189", "content": "不要开远光!不要开远光!"}, {"uid": "2203831", "content": "？"}, {"uid": "247189", "content": "【哼哼~ YOU ARE KING】"}, {"uid": "247189", "content": "【露出獠牙 papa 真是碍事啊】"}, {"uid": "247189", "content": "【深恶痛绝地 低声 哭泣 Down】"}, {"uid": "247189", "content": "【看不到未来的 Virgin happy SHOW】"}, {"uid": "8276748", "content": "草"}, {"uid": "263727766", "content": "you are king！！"}, {"uid": "325483259", "content": "吹爆"}, {"uid": "65409195", "content": "来了来了"}, {"uid": "641453345", "content": "今晚就去这家破门，"}, {"uid": "247189", "content": "【Left side Right side】"}, {"uid": "247189", "content": "【哼哼~ YOU ARE KING】"}, {"uid": "247189", "content": "【天真无邪的玩闹 满怀期待的 Darling Darling】"}, {"uid": "28012985", "content": "www"}]