[{"uid": "7565949", "content": "海蝎子"}, {"uid": "29657893", "content": "草"}, {"uid": "29657893", "content": "淦哦"}, {"uid": "29657893", "content": "哈哈哈哈哈"}, {"uid": "2039813", "content": "草，封面看成早苗了"}, {"uid": "190800352", "content": "无语吗？"}, {"uid": "216039", "content": "草"}, {"uid": "291116493", "content": "照片没拿"}, {"uid": "59329271", "content": "蝎子莱莱"}, {"uid": "357669401", "content": "笑容消失"}, {"uid": "238865667", "content": "泡酒"}, {"uid": "2276208", "content": "感谢热心观众海苔男送来的棉。。。对不起走错了"}, {"uid": "96800517", "content": "女水友"}, {"uid": "2775138", "content": "这个是不是要去配黄油那个啊"}, {"uid": "87665", "content": "人间真实"}, {"uid": "87665", "content": "？？？？"}, {"uid": "62902810", "content": "表情变了hhh"}, {"uid": "437460254", "content": "没印象也是印象"}, {"uid": "32250348", "content": "草"}, {"uid": "32250348", "content": "草"}, {"uid": "13317995", "content": "专业"}, {"uid": "11308341", "content": "牛牛"}]