[{"uid": "596029514", "content": "冰  糖  雪  梨"}, {"uid": "150419342", "content": "泡酒的话不应该抓你这只蝎子吗"}, {"uid": "7178882", "content": "冰糖……不是含的吗"}, {"uid": "74035925", "content": "捉虫字幕"}, {"uid": "6796603", "content": "那老大哥泡酒"}, {"uid": "35001379", "content": "把冰糖放到老大哥洗脚水里"}, {"uid": "7084416", "content": "舔的那个冰糖"}, {"uid": "476108267", "content": "冰糖的神奇用法"}, {"uid": "4313978", "content": "233"}, {"uid": "516320802", "content": "？？？？？？？？"}, {"uid": "26068454", "content": "小姨大草"}, {"uid": "28539856", "content": "拿老大哥泡脚，不愧是你"}, {"uid": "28539856", "content": "拿老大哥泡酒，不愧是你"}, {"uid": "25729003", "content": "泡冰糖(你暴露了啥)"}, {"uid": "67948919", "content": "自己给自己挖坑"}, {"uid": "14253218", "content": "没味道了"}, {"uid": "4113427", "content": "酒？"}, {"uid": "187273", "content": "到底是哪个冰糖？"}, {"uid": "32423963", "content": "？"}, {"uid": "16134994", "content": "冰糖：？？？"}, {"uid": "73406901", "content": "说出了心里话？"}, {"uid": "2907196", "content": "憋解释了23333"}, {"uid": "2907196", "content": "开幕雷击"}, {"uid": "95445223", "content": "越描越黑"}, {"uid": "398495933", "content": "轴man：吐血！"}, {"uid": "6916642", "content": "可以泡酒"}, {"uid": "625810", "content": "哦·~xxbt"}, {"uid": "147940472", "content": "这蝎子吃了几只鹅"}, {"uid": "147940472", "content": "老大哥+冰糖+泡jio"}, {"uid": "397335148", "content": "？？？？？？？？？"}, {"uid": "40706613", "content": "开幕雷击"}, {"uid": "183009409", "content": "总感觉视线总在蝎尾上"}, {"uid": "4313978", "content": "联合出演"}, {"uid": "24229023", "content": "冰糖？？？？？？"}, {"uid": "23277060", "content": "btxx"}, {"uid": "14367824", "content": "买手脚了"}, {"uid": "2775138", "content": "知道了，是变成小龙虾的冰糖"}, {"uid": "179384503", "content": "你隔着搁着呢"}, {"uid": "91121904", "content": "????"}, {"uid": "103307874", "content": "冰糖泡水果茶"}, {"uid": "17784911", "content": "？？？？？？？？"}, {"uid": "348473219", "content": "轴man辛苦了"}, {"uid": "5662342", "content": "龙女士草"}, {"uid": "595083", "content": "xxbt"}, {"uid": "73355152", "content": "放小姨还行"}, {"uid": "354135260", "content": "？？？"}, {"uid": "427439806", "content": "我喝中药的时候放冰糖……"}, {"uid": "6916642", "content": "加冰糖更加好入口！察觉！老酒鬼了！"}, {"uid": "544024095", "content": "？？？？？"}, {"uid": "901200", "content": "水果茶又是哪个V？"}, {"uid": "695183725", "content": "另一个冰糖也是甜的"}, {"uid": "27421060", "content": "？？？"}, {"uid": "401099828", "content": "冰糖小心"}, {"uid": "74173597", "content": "草"}, {"uid": "477092554", "content": "鹅鹅鹅鹅鹅鹅鹅鹅鹅鹅鹅"}, {"uid": "433039226", "content": "理解满分"}, {"uid": "590069400", "content": "放小姨"}, {"uid": "1434386", "content": "草"}, {"uid": "74035925", "content": "BTXX"}, {"uid": "10844615", "content": "？？？"}, {"uid": "695183725", "content": "xxbt"}, {"uid": "73266865", "content": "进击的冰糖"}, {"uid": "95445223", "content": "我们家冰糖"}, {"uid": "393294", "content": "？？？"}, {"uid": "27967346", "content": "xxbt"}, {"uid": "476108267", "content": "爷瞎了"}, {"uid": "285961237", "content": "我也想喝"}, {"uid": "354477114", "content": "你也事龙，也好"}, {"uid": "4113427", "content": "草"}, {"uid": "401099828", "content": "XXBT"}, {"uid": "214426177", "content": "xxbt"}, {"uid": "4469038", "content": "？？？？？"}, {"uid": "197816147", "content": "?"}, {"uid": "4360410", "content": "到底哪个冰糖？"}, {"uid": "4360410", "content": "来点龙图"}, {"uid": "4360410", "content": "？？？"}, {"uid": "9994946", "content": "xxbt"}, {"uid": "158229081", "content": "那就是那个冰糖啊"}, {"uid": "507847035", "content": "与"}, {"uid": "4494836", "content": "？？？？？？。"}, {"uid": "107481544", "content": "蝎子泡酒"}, {"uid": "445540797", "content": "冰糖雪梨"}, {"uid": "93710734", "content": "？？？？"}, {"uid": "488932931", "content": "草"}, {"uid": "2203831", "content": "？"}, {"uid": "4113427", "content": "糊了糊了"}, {"uid": "807315", "content": "别说了，越抹越黑"}, {"uid": "336090776", "content": "哈哈哈哈哈哈c"}, {"uid": "23001624", "content": "？？"}, {"uid": "22773837", "content": "好傢伙"}, {"uid": "476108267", "content": "草"}, {"uid": "321880418", "content": "btxx"}, {"uid": "5598346", "content": "？？？？？？？"}, {"uid": "651993634", "content": "草"}, {"uid": "354135260", "content": "？"}, {"uid": "34832700", "content": "FNNDP"}, {"uid": "150419342", "content": "冰糖雪梨？可是冰糖的室友就叫雪梨啊"}, {"uid": "59329271", "content": "btxx"}, {"uid": "3859299", "content": "btxx"}, {"uid": "134898531", "content": "？"}, {"uid": "67948919", "content": "你如果不说这句的话估计啥事没有，然而你非要让大家想歪"}, {"uid": "4113427", "content": "？？"}, {"uid": "919339", "content": "说不清了"}, {"uid": "8988076", "content": "saki爱抠脚，saki有味道"}, {"uid": "34988307", "content": "草"}, {"uid": "74173597", "content": "？"}, {"uid": "29657893", "content": "草"}, {"uid": "381979240", "content": "？？？"}, {"uid": "492072355", "content": "xxbt"}, {"uid": "23762888", "content": "草"}, {"uid": "3500192", "content": "xxbt"}, {"uid": "10219583", "content": "森    下    下    士"}]