[{"uid": "626973414", "content": "我已经开始笑了"}, {"uid": "6549319", "content": "快进到，nya到下播"}, {"uid": "6549319", "content": "哈哈哈哈"}, {"uid": "249582751", "content": "awsl"}, {"uid": "178142367", "content": "好耶"}, {"uid": "59329271", "content": "可爱"}, {"uid": "159605225", "content": "还挺可爱的"}, {"uid": "376754389", "content": "冰糖哈哈哈哈哈，想起上次了"}, {"uid": "22570888", "content": "ohhhhh"}, {"uid": "158229081", "content": "kksk"}, {"uid": "95445223", "content": "从头喵到尾"}, {"uid": "22588530", "content": "上回冰糖这么干的时候差点喵到猝死"}, {"uid": "25828378", "content": "已经开始笑了！"}, {"uid": "12326867", "content": "在笑了在笑了"}, {"uid": "22773837", "content": "哈哈哈哈"}, {"uid": "2775138", "content": "草，弹幕BT既视感，笑死我了，冰糖躺枪"}, {"uid": "39267800", "content": "kido nya？"}, {"uid": "348473219", "content": "开始80"}, {"uid": "140525885", "content": "哈哈哈哈哈哈哈"}, {"uid": "7713860", "content": "在场"}, {"uid": "438325544", "content": "跟原唱好像"}, {"uid": "16289152", "content": "ohhhhhhh"}, {"uid": "8894049", "content": "好早"}]