[{"uid": "3616391", "content": "wwwwwwww"}, {"uid": "457847748", "content": "巧了，我也是"}, {"uid": "91465278", "content": "切！！"}, {"uid": "247189", "content": "草 中日双语"}, {"uid": "11453613", "content": "“不要切”    最高指令"}, {"uid": "11453613", "content": "草wwwwwwwwwww"}, {"uid": "2203831", "content": "够二，够次元"}, {"uid": "8438046", "content": "草"}, {"uid": "377118108", "content": "这散装双语www"}, {"uid": "12687933", "content": "哈哈哈哈"}, {"uid": "43705626", "content": "在此审判→审判→审判→审判"}, {"uid": "265282669", "content": "草"}, {"uid": "28233581", "content": "不要切=要切"}, {"uid": "23762888", "content": "哈哈哈哈哈哈哈哈哈"}, {"uid": "4661588", "content": "草"}, {"uid": "74033617", "content": "君の日本语本当上手"}, {"uid": "7114614", "content": "太anti了"}, {"uid": "388155", "content": "《不要切》"}, {"uid": "388155", "content": "哪家都没有了（悲）"}, {"uid": "13275281", "content": "笑场了，重来"}, {"uid": "388155", "content": "草"}, {"uid": "240355", "content": "草"}, {"uid": "315236706", "content": "你也玩原神？"}, {"uid": "3862202", "content": "2333"}]