[{"uid": "689979956", "content": "我的评价是，很难不喜欢"}, {"uid": "14083223", "content": "咬字好喜欢"}, {"uid": "2907196", "content": "确实，甜欸～"}, {"uid": "3222240", "content": "蝎子声线真的适合电音"}, {"uid": "3222240", "content": "蝎子怎么越来越憨了"}, {"uid": "261077793", "content": "妈妈我恋爱了"}, {"uid": "94624689", "content": "桃子"}, {"uid": "5681054", "content": "第一次听蝎子不拉胯"}, {"uid": "212504822", "content": "蝎子好憨哦"}, {"uid": "14706910", "content": "好听！！！"}, {"uid": "420219", "content": "xio鹿撞"}, {"uid": "627420915", "content": "说实话带点女水友特有口音挺不错的"}, {"uid": "5996395", "content": "不拉胯的女水友太棒啦！"}, {"uid": "239557483", "content": "蝎子棒棒！"}, {"uid": "4383405", "content": "谁！？"}, {"uid": "59329271", "content": "好听"}, {"uid": "1748814", "content": "duang duang duang duang duang"}, {"uid": "107481544", "content": "\\蝎子/\\摇摇/\\蝎子/\\摇摇/\\蝎子/\\摇摇/"}]