[{"uid": "12915929", "content": "懂了  锤子"}, {"uid": "336408839", "content": "老大哥，和老大哥"}, {"uid": "18208014", "content": "《哪  个》"}, {"uid": "245841035", "content": "草"}, {"uid": "398495933", "content": "谢谢让我们知道你认识这么多人!"}, {"uid": "398495933", "content": "你也是DD"}, {"uid": "202432639", "content": "帕里妈妈狂喜（狗头保命）"}, {"uid": "11843907", "content": "Hiiro"}, {"uid": "1271249", "content": "耳朵可爱，培养基也可爱"}, {"uid": "45492", "content": "蝎尾VS巴别塔"}, {"uid": "13275281", "content": "你是P妈生的，那这里大小姐可能是森永缪"}, {"uid": "455807409", "content": "这就是你和inga结婚的理由？？"}, {"uid": "401099828", "content": "内德维德：？"}, {"uid": "401099828", "content": "白神遥"}, {"uid": "401099828", "content": "她是你爸爸（逃）"}, {"uid": "401099828", "content": "醒爷，虽然不是粉毛"}, {"uid": "1457815", "content": "粉色大猫猫，安排上"}, {"uid": "35017101", "content": "PSP的那只兔子"}, {"uid": "23762888", "content": "草"}, {"uid": "23762888", "content": "帕里（）"}, {"uid": "208888044", "content": "组装的"}, {"uid": "208888044", "content": "满脸嫌弃"}, {"uid": "208888044", "content": "大土豆"}, {"uid": "208888044", "content": "火神"}, {"uid": "165185284", "content": "泰蕾莎"}, {"uid": "215177739", "content": "还是不够D啊w"}, {"uid": "844081", "content": "粉毛兽耳美少女懂了是泰蕾莎"}, {"uid": "27247673", "content": "隔壁兔子我觉得可以(dogs)"}, {"uid": "5043517", "content": "你还有没关注的嘛？"}, {"uid": "40234232", "content": "奈奈（确信"}, {"uid": "2500994", "content": "男妈妈倒了"}, {"uid": "285572765", "content": "这边建议和某个养病的粉猫联动"}, {"uid": "181614545", "content": "米娜，我是你的（    ）（2分）"}, {"uid": "29657893", "content": "意思是你们快说点我不知道的～"}, {"uid": "45492", "content": "母慈女孝"}, {"uid": "35631037", "content": "莎莎石锤了"}, {"uid": "2500994", "content": "粉色大猫猫"}, {"uid": "10585134", "content": "hiiro"}, {"uid": "1886382", "content": "秋兔三月"}, {"uid": "84754217", "content": "兽耳放送"}, {"uid": "747098", "content": "毛毛"}, {"uid": "401099828", "content": "DD头子"}, {"uid": "30254330", "content": "你想说hiiro就直说"}, {"uid": "296040533", "content": "俺也一样"}, {"uid": "628891283", "content": "俺也一样"}, {"uid": "12915929", "content": "泰蕾莎"}, {"uid": "65218254", "content": "帕里"}, {"uid": "43247082", "content": "秋兔三月"}, {"uid": "508573432", "content": "激流D蝎"}, {"uid": "2203831", "content": "你还有个极道大小姐的姐姐"}, {"uid": "19775", "content": "noir"}, {"uid": "401099828", "content": "赵毛毛"}, {"uid": "45584928", "content": "兔子是备选wwwwww"}, {"uid": "302400973", "content": "懂了，张京华"}, {"uid": "281462088", "content": "莎莎doge"}, {"uid": "398495933", "content": "帕里"}, {"uid": "24305868", "content": "帕里"}, {"uid": "22000175", "content": "hiiro）"}, {"uid": "23070351", "content": "bell?"}, {"uid": "2775138", "content": "粉切黑啊"}, {"uid": "65218254", "content": "锤子"}, {"uid": "47912185", "content": "粉兔子"}, {"uid": "294563346", "content": "加加"}, {"uid": "107639295", "content": "你D了多少，实话实说"}, {"uid": "107639295", "content": "hiiro"}, {"uid": "208888044", "content": "莎莎"}, {"uid": "6548493", "content": "。好活"}, {"uid": "7654379", "content": "那你也是DD"}, {"uid": "293915338", "content": "hiiro"}, {"uid": "92046900", "content": "pepepopo"}, {"uid": "412651329", "content": "莎莎！"}, {"uid": "413432617", "content": "不够d啊"}, {"uid": "11044651", "content": "レン动wwww"}, {"uid": "15027139", "content": "莎莎"}, {"uid": "208888044", "content": "你呀"}, {"uid": "208888044", "content": "血色残阳"}, {"uid": "9994946", "content": "xxbt"}, {"uid": "305375590", "content": "帕里"}, {"uid": "21293719", "content": "莎莎啊"}, {"uid": "226749734", "content": "帝王蝎"}, {"uid": "17535494", "content": "@因果"}, {"uid": "3862202", "content": "DD蝎"}, {"uid": "24169318", "content": "莎莎呀"}, {"uid": "416552952", "content": "懂了，莎莎！让她见识下你一万八千米的巴别塔！"}, {"uid": "2245028", "content": "草莎莎"}, {"uid": "3222220", "content": "莎莎"}, {"uid": "212573876", "content": "帕里！"}, {"uid": "23987110", "content": "莎莎"}, {"uid": "401099828", "content": "莎莎"}, {"uid": "229606668", "content": "帕里"}, {"uid": "30254330", "content": "莎莎"}, {"uid": "84116917", "content": "莎莎"}, {"uid": "31505521", "content": "莎莎"}, {"uid": "233909189", "content": "莎莎"}, {"uid": "9994946", "content": "叽叽？"}, {"uid": "416552952", "content": "帕里！这里有个妹子想淦你！（大喊大叫）"}]