[{"uid": "431288630", "content": "wwwwww"}, {"uid": "142224411", "content": "程序员日？"}, {"uid": "64489262", "content": "我们团一个尾巴吧"}, {"uid": "227530491", "content": "草"}, {"uid": "158229081", "content": "有什么区别啊喂"}, {"uid": "506267305", "content": "刚说到这我闹钟响了"}, {"uid": "1607865511", "content": "好能摇啊"}, {"uid": "1607865511", "content": "龙虾"}, {"uid": "401124927", "content": "草"}, {"uid": "401124927", "content": "从紫毛变成白毛的进化过程（大雾）"}, {"uid": "2775138", "content": "好菜，很下饭"}, {"uid": "2775138", "content": "俺也一样"}, {"uid": "2775138", "content": "确实很憨"}, {"uid": "2775138", "content": "?不都是不许变吗"}, {"uid": "13013407", "content": "厚礼蝎"}, {"uid": "86713337", "content": "大螃蟹"}, {"uid": "95915562", "content": "倾城佬又是你"}, {"uid": "106172967", "content": "hello there"}, {"uid": "478830927", "content": "草"}, {"uid": "370769", "content": "草"}, {"uid": "131652679", "content": "《安上》"}, {"uid": "131652679", "content": "草"}, {"uid": "228063166", "content": "草"}, {"uid": "96249468", "content": "好大哟"}, {"uid": "11496519", "content": "明明发的都是不许变哈哈"}, {"uid": "36769691", "content": "国际友好手势"}, {"uid": "36769691", "content": "草"}, {"uid": "36769691", "content": "经典"}, {"uid": "14606632", "content": "草"}, {"uid": "217797936", "content": "害，元气森林就是农夫三拳的"}, {"uid": "217797936", "content": "那用苏打水泡蝎子想必你不会拒绝？"}, {"uid": "92901099", "content": "泡酒泡酒"}, {"uid": "217797936", "content": "是哦"}, {"uid": "217797936", "content": "有备而来啊看来"}, {"uid": "217797936", "content": "？"}, {"uid": "217797936", "content": "capricornus 摩羯座"}, {"uid": "217797936", "content": "初见，剪刀手，离谱，溜了溜了（"}, {"uid": "36769691", "content": "草"}, {"uid": "36769691", "content": "你也是锤子中文？"}, {"uid": "1561880", "content": "草这bgm"}, {"uid": "36769691", "content": "晃晕了"}, {"uid": "36769691", "content": "极简画风"}, {"uid": "388155", "content": "中文也能不好吗（恼"}, {"uid": "388155", "content": "安在哪？"}, {"uid": "326329775", "content": "可爱"}, {"uid": "54761579", "content": "bgm是不是柚子社的"}, {"uid": "5661239", "content": "开幕雷击"}, {"uid": "22000175", "content": "来了来了"}]