[{"uid": "537937", "content": "尾コキ"}, {"uid": "46851033", "content": "四叶草玩家表示无所畏惧"}, {"uid": "15568897", "content": "这平面设计，你确定你不是PSP的？"}, {"uid": "4299658", "content": "众所周知，兔子很能生"}, {"uid": "78091670", "content": "这尾巴……很有用！"}, {"uid": "480044813", "content": "不是一家人不进一家门（）"}, {"uid": "354833890", "content": "马戏团（p家）"}, {"uid": "74173597", "content": "断手警告"}, {"uid": "74173597", "content": "问题发言"}, {"uid": "524428254", "content": "奇怪的兔头增加了"}, {"uid": "29221526", "content": "帕里，虽然人的xp是自由的，但是我还是建议你去看医生"}, {"uid": "154093980", "content": "这也算另一种意义上的迷迭了吧……"}, {"uid": "210234864", "content": "晃起来了，尾巴晃的好列害"}, {"uid": "28678906", "content": "殴打主唱x"}, {"uid": "27738279", "content": "小石头（指koishi）"}, {"uid": "23140612", "content": "goushi兔子自己都不知道"}, {"uid": "18084781", "content": "帕里真的好喜欢白毛"}, {"uid": "39675854", "content": "草，迫害帕里，p家传统艺能"}, {"uid": "401099828", "content": "日常迫害帕里"}, {"uid": "25614148", "content": "嘴嘴好像一碗饭(DNA混乱)"}, {"uid": "6091318", "content": "我迦勒底来的，我有毒抗！"}, {"uid": "91466827", "content": "卑微DD 再次悄悄飘过T T"}, {"uid": "91466827", "content": "卑微DD悄悄飘过TT"}, {"uid": "646335568", "content": "草，这都能迫害团长？"}, {"uid": "1595754", "content": "？帕里你都做了什么样的皮啊"}, {"uid": "140230087", "content": "可还行，一上来就混沌了"}, {"uid": "2784710", "content": "帕里在吗？再生个蟑螂恶霸和蜘蛛侦探"}, {"uid": "105091348", "content": "交什么？？？（兴奋）"}, {"uid": "105091348", "content": "是那个到处搞事情到处拐骗拉人的剧团嘛（"}, {"uid": "524805064", "content": "装作不知道。不要隐瞒了，放出你的大招。"}, {"uid": "524805064", "content": "这女的肯定不简单。"}, {"uid": "196579546", "content": "手能动？"}, {"uid": "482181753", "content": "都是用来泡酒的"}, {"uid": "6511251", "content": "你这种千年的，已经被抓走当压寨夫人了。(狗头)"}, {"uid": "259448965", "content": "这只兔子不大聪明的亚子"}, {"uid": "22369704", "content": "那就是说原来是不穿衣服的吗草"}, {"uid": "23111281", "content": "日常希望之花"}, {"uid": "23111281", "content": "奇怪的xp"}, {"uid": "259169", "content": "谢谢大家能来立花小姐的毕业回"}, {"uid": "11601300", "content": "国际友好手势"}, {"uid": "5773287", "content": "草，自己整活"}, {"uid": "64031293", "content": "我天尾巴吓我一跳.."}, {"uid": "11645412", "content": "还有煲汤的，大蝎子也会"}, {"uid": "326294813", "content": "小丑竟是我自己"}, {"uid": "8564690", "content": "所以你以前不套衣服的是吗？"}, {"uid": "39976082", "content": "交尾（✓）"}, {"uid": "6760836", "content": "兔兔那么可爱为什么吃兔兔"}, {"uid": "22363074", "content": "不太聪明的亚子，单推了"}, {"uid": "6970335", "content": "不太聪明的亚子"}, {"uid": "630649", "content": "这个皮好能动啊"}, {"uid": "28597772", "content": "帕里：别问我，我也不知道"}, {"uid": "401784346", "content": "好大.......的尾巴"}, {"uid": "107816208", "content": "正式和"}, {"uid": "26827771", "content": "国际友好手势"}, {"uid": "4040911", "content": "逗猫棒好比喻"}, {"uid": "4040911", "content": "哟 你脸红了"}, {"uid": "480304047", "content": "真正的种族突然暴露了jpg."}, {"uid": "11281218", "content": "真的有那么Q弹吗(指尾巴)"}, {"uid": "39411662", "content": "手这么能动…"}, {"uid": "91470808", "content": "指尾巴"}, {"uid": "1931606", "content": "《断手》"}, {"uid": "4661588", "content": "不是已经说过了千年以上了吗"}, {"uid": "1931606", "content": "开场就不清楚啊（大嘘"}, {"uid": "35784689", "content": "蝎子奶奶夹爆我的头吧"}, {"uid": "4661588", "content": "草，这个手不能要了"}, {"uid": "95445223", "content": "暖床不香吗"}, {"uid": "395302179", "content": "你脸红个泡泡茶壶"}, {"uid": "7014077", "content": "草，一开口居然是国v"}, {"uid": "12672555", "content": "帕里：zai？断个尾巴"}, {"uid": "401211880", "content": "大胆妖孽我要让你原形毕露"}, {"uid": "401211880", "content": "帕里你在干什么呀帕里"}, {"uid": "354135260", "content": "帕里家传统艺能"}, {"uid": "354135260", "content": "你又懂了？"}, {"uid": "1932208", "content": "星战草"}, {"uid": "1932208", "content": "你不是说你是千年蝎嘛（"}, {"uid": "121493", "content": "手打断警告"}, {"uid": "2701524", "content": "喜欢的东西：我"}, {"uid": "5452179", "content": "诶，你脸红了"}, {"uid": "536108", "content": "我还以为要转起来了"}, {"uid": "202206590", "content": "自我介绍迫害帕里，帕里女儿传统"}, {"uid": "6988067", "content": "不太聪明的亚子"}, {"uid": "487374825", "content": "我是一只靴子"}, {"uid": "490098062", "content": "p家传统艺能"}, {"uid": "328306802", "content": "这手势好中二哈哈哈"}, {"uid": "82443074", "content": "开场就舍弃了清楚的女人"}, {"uid": "230337405", "content": "断手预定（"}, {"uid": "87665", "content": "看上去不太聪明的亚子"}, {"uid": "230337405", "content": "好大！（指嘴"}, {"uid": "925980", "content": "草 这皮对线功能有丶强"}, {"uid": "925980", "content": "这尾巴真的不会扎到自己吗（重点错"}, {"uid": "107481544", "content": "第……第……D不过来的女儿~"}, {"uid": "107481544", "content": "来看蝎宝自我介绍"}, {"uid": "699336933", "content": "wwwww 还有歌声suki"}, {"uid": "2075562228", "content": "尾巴才是本体"}, {"uid": "131652679", "content": "兔子太能生了"}, {"uid": "480044813", "content": "迷迭迷迭帕里桑"}, {"uid": "137714612", "content": "听成了wota"}, {"uid": "441625058", "content": "微表敬意先D为敬"}, {"uid": "20979092", "content": "出道即混沌"}, {"uid": "442250487", "content": "千年的还会给抓到马戏团"}, {"uid": "4675964", "content": "唉哟你脸红啦"}, {"uid": "646335568", "content": "就冲这个，我D了"}, {"uid": "35519229", "content": "迷迭迷迭帕里桑"}, {"uid": "2854211", "content": "憨气漏出"}, {"uid": "196579546", "content": "白等了"}, {"uid": "8002977", "content": "小心四叶草玩家"}, {"uid": "3549739", "content": "尾巴可以单独出道吗"}, {"uid": "60643773", "content": "小丑竟是我自己"}, {"uid": "5858719", "content": "“像我这种千年蝎”"}, {"uid": "393919923", "content": "卧槽，吓我一跳"}, {"uid": "89543", "content": "麻花辫好可爱"}, {"uid": "3882130", "content": "皮这这一下你很开心2333"}, {"uid": "403472451", "content": "好混沌，单推了单推了"}, {"uid": "14013587", "content": "女同竟在我身边"}, {"uid": "31876947", "content": "不太聪明的样子"}, {"uid": "3927288", "content": "p家传统gkd"}, {"uid": "3927288", "content": "给点立花摇"}, {"uid": "5662342", "content": "千年蝎子：ATK2000/DEF1500（"}, {"uid": "297121", "content": "就让帕里别做手了，偏不听"}, {"uid": "15174876", "content": "好想抓尾巴啊！！！"}, {"uid": "22363074", "content": "好q弹的尾巴"}, {"uid": "282515064", "content": "就冲这个，我D了"}, {"uid": "2784710", "content": "蝎子奶奶你好，我是蟑螂饿爸啊，妈妈"}, {"uid": "593734", "content": "又是个有趣的女儿ww"}, {"uid": "35571547", "content": "比帕里高10cm（"}, {"uid": "44662122", "content": "请问你的毒 她是那种正经的毒吗"}, {"uid": "3207714", "content": "尾巴hso"}, {"uid": "150376426", "content": "小丑竟是你自己"}, {"uid": "216412", "content": "哎哟你脸红了"}, {"uid": "281411797", "content": "帕里：吐血"}, {"uid": "281411797", "content": "蛇蝎心肠の女人（逃）"}, {"uid": "227293829", "content": "这尾巴越看越涩……"}, {"uid": "807315", "content": "蝎子精你好"}, {"uid": "286659008", "content": "尾巴过于鬼畜"}, {"uid": "286659008", "content": "你的蝎子尾巴好活泼啊"}, {"uid": "305828471", "content": "出道就要毕业"}, {"uid": "91470808", "content": "帕里又是你"}, {"uid": "35784689", "content": "还擅长摇水袋"}, {"uid": "95445223", "content": "这只是成精了的（doge）"}, {"uid": "4661588", "content": "鬼才断句"}, {"uid": "500402", "content": "铁公鸡"}, {"uid": "354135260", "content": "草 危 帕里 危"}, {"uid": "434984227", "content": "这年头流行大嘴"}, {"uid": "328306802", "content": "*大概30个左右"}, {"uid": "37742024", "content": "尾巴像逗猫棒"}, {"uid": "230337405", "content": "开场混沌 好家伙"}, {"uid": "32886755", "content": "死亡断句"}, {"uid": "23036539", "content": "蝎子莱莱?妹妹是我啊。我是蟑螂恶霸啊"}, {"uid": "8410443", "content": "哈哈哈哈哈哈哈哈"}, {"uid": "925980", "content": "令人安心的大嘴（"}, {"uid": "1725711", "content": "Oh ~~~my~~~g~o~d~~~"}, {"uid": "8410443", "content": "请问右边是本体吗"}, {"uid": "6097136", "content": "尾巴能自由活动么）"}, {"uid": "301159698", "content": "帕里自己都不记得"}, {"uid": "10945629", "content": "出大问题啊"}, {"uid": "502497001", "content": "Poison"}, {"uid": "283768475", "content": "所以可以被驴抓去"}, {"uid": "695183725", "content": "太阳神的后代"}, {"uid": "23140612", "content": "开局就孝起来了"}, {"uid": "131652679", "content": "这个好！"}, {"uid": "359653873", "content": "传统艺能"}, {"uid": "74173597", "content": "小丑竟是我自己"}, {"uid": "23001624", "content": "想吃尾巴"}, {"uid": "34075924", "content": "像是被尾巴rua"}, {"uid": "53105364", "content": "曹吓我一跳"}, {"uid": "23297023", "content": "快进到断尾"}, {"uid": "6361313", "content": "傻蝎子"}, {"uid": "310351824", "content": "草"}, {"uid": "103022524", "content": "请务必这样对我"}, {"uid": "114964846", "content": "哟哟这不是立花遥吗"}, {"uid": "202652", "content": "蝎子奶奶？"}, {"uid": "1595754", "content": "不太聪明的样子"}, {"uid": "319466441", "content": "这推荐。。。。。大数据恐怖如斯"}, {"uid": "45087547", "content": "草，团长！你在干什么啊团长！"}, {"uid": "35519229", "content": "迷迭迷迭帕里桑！"}, {"uid": "15520167", "content": "那某双性天使呢"}, {"uid": "28667796", "content": "草"}, {"uid": "168611", "content": "帕里：断尾"}, {"uid": "524805064", "content": "直接吃大药。"}, {"uid": "524805064", "content": "哎哟，不错哦。"}, {"uid": "239870250", "content": "太懂了"}, {"uid": "60643773", "content": "危 帕里 危"}, {"uid": "60643773", "content": "脸红个泡泡茶壶"}, {"uid": "34964868", "content": "千年蝎太补了，而且尤其是前面两个球球养眼"}, {"uid": "23111281", "content": "我也喜欢"}, {"uid": "393919923", "content": "性别啥？"}, {"uid": "294563346", "content": "脸红个锤子啊kora"}, {"uid": "10219214", "content": "出大问题"}, {"uid": "5773287", "content": "团长不要停下来啊"}, {"uid": "18762640", "content": "小丑竟是你自己"}, {"uid": "31876947", "content": "迷迭迷迭帕里桑"}, {"uid": "31876947", "content": "好家伙还没出道就迫害帕里！"}, {"uid": "4025092", "content": "出道即巅峰 直播即毕业"}, {"uid": "16633967", "content": "这尾巴太抢眼了"}, {"uid": "58263616", "content": "居然没有转起来"}, {"uid": "675843", "content": "你手没了"}, {"uid": "22363074", "content": "帕里自己都记不清"}, {"uid": "640563", "content": "这么q弹的吗"}, {"uid": "28613830", "content": "这可动性"}, {"uid": "263727766", "content": "这不唱活动小丑吗"}, {"uid": "28597772", "content": "P家传统"}, {"uid": "284858047", "content": "我好像幻听了"}, {"uid": "33908860", "content": "爽~"}, {"uid": "26827771", "content": "断手预定"}, {"uid": "281411797", "content": "有·憨"}, {"uid": "305828471", "content": "断手预定"}, {"uid": "286659008", "content": "蝎子演马戏？"}, {"uid": "34472202", "content": "苇名尝有蝎至"}, {"uid": "286659008", "content": "帕里自己也不知道"}, {"uid": "39411662", "content": "帕里的XP越来越奇怪了"}, {"uid": "440900688", "content": "像你这种千年蝎，肯定比小虾米药效强的多"}, {"uid": "437049269", "content": "不太聪明的鸭子"}, {"uid": "3102700", "content": "不当止可以入药，广东人还能拿来煲汤"}, {"uid": "18260338", "content": "草你脸红个泡泡"}, {"uid": "133534069", "content": "尾巴：欧拉欧拉"}, {"uid": "1932208", "content": "千年蝎万年蛹（误）"}, {"uid": "28919464", "content": "不太聪明的样子"}, {"uid": "1842791", "content": "地铁老人手机"}, {"uid": "1842791", "content": "迷迭迷迭帕里桑，竖中指"}, {"uid": "180269191", "content": "就是说之前是没有衣服的？"}, {"uid": "12326867", "content": "手不能要了"}, {"uid": "1204011508", "content": "这尾巴有点魔性啊"}, {"uid": "36860070", "content": "尾巴超级活泼"}, {"uid": "13198149", "content": "不一定入药哦~据说蝎子的蛋白质含量是牛肉的五倍()"}, {"uid": "5305517", "content": "草"}, {"uid": "43887496", "content": "年龄肯定千年以上了，毕竟千年蝎"}, {"uid": "85456150", "content": "好家伙"}, {"uid": "22213644", "content": "我是从迦勒底来的"}, {"uid": "7769945", "content": "帕 里 马 戏 团"}, {"uid": "900537", "content": "你也是被艾丽卡拐进剧团的？"}, {"uid": "82579948", "content": "百合花园？"}, {"uid": "74173597", "content": "问题发言"}, {"uid": "74173597", "content": "？？？？？？？"}, {"uid": "33919342", "content": "迷迭迷迭帕里桑"}, {"uid": "23140612", "content": "标题就孝起来了"}, {"uid": "103022524", "content": "死而无憾了"}, {"uid": "174524589", "content": "草"}, {"uid": "167314930", "content": "草"}, {"uid": "17064786", "content": "快进到断尾"}, {"uid": "646335568", "content": "你脸红个泡泡茶壶"}, {"uid": "2203831", "content": "小丑草"}, {"uid": "60643773", "content": "哈哈哈哈哈哈哈"}, {"uid": "36605125", "content": "帕里太能生了"}, {"uid": "76082817", "content": "葫芦娃表示你说得对"}, {"uid": "22390536", "content": "？？？？？？？？？？？？？？"}, {"uid": "25295059", "content": "让我猜猜设定可以维持几天"}, {"uid": "5598346", "content": "草"}, {"uid": "693559825", "content": "？？？"}, {"uid": "10159973", "content": "断手"}, {"uid": "297121", "content": "那药效才好啊，让贫道收了你"}, {"uid": "34959019", "content": "蝎子精宁好"}, {"uid": "6760836", "content": "兔兔那么可爱为什么吃paryi"}, {"uid": "281159434", "content": "帕里奇怪的xp"}, {"uid": "22363074", "content": "尾巴像在打拳击"}, {"uid": "73683166", "content": "尾巴不打算出道么？"}, {"uid": "28954108", "content": "大聪明"}, {"uid": "294152", "content": "差点以为要转起来"}, {"uid": "284858047", "content": "断手预定"}, {"uid": "442019930", "content": "？？？？？？？？？？？"}, {"uid": "401784346", "content": "我也喜欢"}, {"uid": "3207714", "content": "千年蝎药效杠杠滴"}, {"uid": "44662122", "content": "草"}, {"uid": "2063566", "content": "迷迭迷迭帕里桑没了！"}, {"uid": "216412", "content": "掘地穿刺警告"}, {"uid": "33793891", "content": "草"}, {"uid": "43536148", "content": "？？？？？눈_눈"}, {"uid": "4040911", "content": "好憨好可爱"}, {"uid": "305828471", "content": "好家伙"}, {"uid": "39411662", "content": "草"}, {"uid": "388155", "content": "草 小丑竟是VTB"}, {"uid": "35784689", "content": "迷迭迷迭帕里桑  FAQ"}, {"uid": "4661588", "content": "三维是多少？"}, {"uid": "35784689", "content": "斩首"}, {"uid": "1931606", "content": "开局整活笑死"}, {"uid": "18260338", "content": "迷迭迷迭帕里桑"}, {"uid": "4661588", "content": "好混沌"}, {"uid": "15588298", "content": "草"}, {"uid": "354135260", "content": "你脸红个泡泡茶壶"}, {"uid": "472307897", "content": "充气尾巴"}, {"uid": "2701524", "content": "小丑竟是vup？"}, {"uid": "180269191", "content": "迷迭迷迭帕里桑"}, {"uid": "297097818", "content": "？中指好评"}, {"uid": "230337405", "content": "危 帕里 危"}, {"uid": "230337405", "content": "人不能 至少不应该"}, {"uid": "34988307", "content": "草草草草草"}, {"uid": "925980", "content": "出道 尾巴打断预定"}, {"uid": "389346", "content": "蝎子精hso"}, {"uid": "8410443", "content": "是本音吗？真可爱呢（"}, {"uid": "20022534", "content": "你脸红什么"}, {"uid": "8410443", "content": "小丑竟是你"}, {"uid": "138510172", "content": "好 憨 啊"}, {"uid": "107481544", "content": "衣服"}, {"uid": "107170000", "content": "狮……狮蝎？"}, {"uid": "2629851", "content": "？？？？？？"}, {"uid": "7787601", "content": "那以前都不穿的吗"}, {"uid": "131652679", "content": "一次就好~"}, {"uid": "78091670", "content": "噗！"}, {"uid": "524428254", "content": "？？？？？出道即混沌"}, {"uid": "844801", "content": "？？？？？？？？？？？？？"}, {"uid": "260187548", "content": "哟这不老大哥吗"}, {"uid": "44796830", "content": "还有团长、古守等呢？"}, {"uid": "23297023", "content": "断四肢预定"}, {"uid": "2378637", "content": "草"}, {"uid": "176569328", "content": "那你多喝点热水"}, {"uid": "401099828", "content": "又一个带孝女"}, {"uid": "515048079", "content": "大问题"}, {"uid": "131652679", "content": "草"}, {"uid": "45087547", "content": "帕里：？"}, {"uid": "2250322", "content": "好家伙"}, {"uid": "8280404", "content": "太阳神的女儿"}, {"uid": "44703516", "content": "草"}, {"uid": "30342074", "content": "草"}, {"uid": "11415561", "content": "真是小丑见了大丑"}, {"uid": "38318919", "content": "千年の芭芭"}, {"uid": "10579112", "content": "草草草"}, {"uid": "60643773", "content": "好家伙"}, {"uid": "60643773", "content": "好可爱！"}, {"uid": "22390536", "content": "还有手机动作啊？"}, {"uid": "31876947", "content": "这手已经不能要"}, {"uid": "31876947", "content": "脖子也不能要了"}, {"uid": "32946773", "content": "buzai,cmn"}, {"uid": "22902249", "content": "草草"}, {"uid": "34019279", "content": "草"}, {"uid": "3404505", "content": "问题很大？"}, {"uid": "15055139", "content": "被降防了"}, {"uid": "3303215", "content": "风干后多少一斤"}, {"uid": "3207714", "content": "你唱就唱晃这么厉害干什么都把我晃晕了"}, {"uid": "660963", "content": "草"}, {"uid": "66689509", "content": "星爵快乐歌"}, {"uid": "3900958", "content": "草，异世界风俗指南？"}, {"uid": "286659008", "content": "？？？？？"}, {"uid": "286659008", "content": "帕里 吐血"}, {"uid": "39411662", "content": "失望（）"}, {"uid": "91470808", "content": "断手"}, {"uid": "1931606", "content": "草"}, {"uid": "35784689", "content": "歌声可以"}, {"uid": "4661588", "content": "手部动作挺多的啊"}, {"uid": "190650", "content": "另外那只手能动吗"}, {"uid": "190650", "content": "差点就转起来了"}, {"uid": "190650", "content": "姐姐过多"}, {"uid": "42195795", "content": "太混沌了"}, {"uid": "36042930", "content": "草"}, {"uid": "27586015", "content": "异种族"}, {"uid": "354135260", "content": "草"}, {"uid": "354135260", "content": "？草"}, {"uid": "354135260", "content": "草"}, {"uid": "84105434", "content": "指尾巴"}, {"uid": "472307897", "content": "？？？？"}, {"uid": "7114013", "content": "懂了，喜欢钻石"}, {"uid": "36339998", "content": "出大问题"}, {"uid": "12326867", "content": "好  是憨憨"}, {"uid": "110719104", "content": "只会被拿来泡酒"}, {"uid": "230337405", "content": "草"}, {"uid": "50390923", "content": "绯红之王！"}, {"uid": "35917848", "content": "草"}, {"uid": "8410443", "content": "多喝热水"}, {"uid": "352750039", "content": "安心的bgm"}, {"uid": "10945629", "content": "得三四十了吧"}, {"uid": "107481544", "content": "年龄之前不是说了吗"}, {"uid": "86162862", "content": "我的xp动了"}, {"uid": "131652679", "content": "草"}, {"uid": "13310817", "content": "？？？？"}, {"uid": "74173597", "content": "草"}, {"uid": "74173597", "content": "危"}, {"uid": "24102133", "content": "带孝女"}, {"uid": "500574357", "content": "天使狂喜"}, {"uid": "114864562", "content": "？？？？"}, {"uid": "11834504", "content": "第亿个女儿"}, {"uid": "353138466", "content": "迷迭迷迭帕里桑"}, {"uid": "4675964", "content": "草"}, {"uid": "401099828", "content": "迷迭迷迭帕里桑"}, {"uid": "427000496", "content": "是带水都有可以吗"}, {"uid": "45087547", "content": "扎我扎我"}, {"uid": "10338320", "content": "你还喝过别的？"}, {"uid": "10338320", "content": "小丑竟是你自己"}, {"uid": "422192", "content": "草"}, {"uid": "524805064", "content": "淦。他只有上半身。下半身啥没有？"}, {"uid": "43661514", "content": "蝎子草"}, {"uid": "10579112", "content": "草"}, {"uid": "60643773", "content": "草草草"}, {"uid": "409797848", "content": "？？？？？"}, {"uid": "4933543", "content": "千年？那药效更好"}, {"uid": "22390536", "content": "？？？？？？"}, {"uid": "757106", "content": "你不是蝎子吗"}, {"uid": "757106", "content": "？？？？？"}, {"uid": "110341899", "content": "？？？？"}, {"uid": "422862476", "content": "别想吃帕里peko"}, {"uid": "10159973", "content": "断尾"}, {"uid": "643513784", "content": "你可以给我来段立花摇吗"}, {"uid": "22902249", "content": "草草草草草"}, {"uid": "34959019", "content": "小丑竟是你自己"}, {"uid": "22363074", "content": "新型迷迭迷迭帕里桑预定"}, {"uid": "22363074", "content": "居然还有点中二"}, {"uid": "282515064", "content": "手在干嘛"}, {"uid": "212101", "content": "哈哈哈哈哈"}, {"uid": "23562069", "content": "断手预定"}, {"uid": "8567209", "content": "233"}, {"uid": "401784346", "content": "立花憨"}, {"uid": "16016233", "content": "三十四个吧"}, {"uid": "162704436", "content": "23333"}, {"uid": "37498399", "content": "草"}, {"uid": "66689509", "content": "快乐起来了"}, {"uid": "174150111", "content": "草"}, {"uid": "5598346", "content": "草"}, {"uid": "281411797", "content": "草"}, {"uid": "43536148", "content": "诶嘿嘿(º﹃º )"}, {"uid": "431046074", "content": "一次够了"}, {"uid": "34472202", "content": "草"}, {"uid": "91470808", "content": "尾巴不能要了"}, {"uid": "388155", "content": "草"}, {"uid": "1931606", "content": "立花摇"}, {"uid": "4661588", "content": "？？"}, {"uid": "36042930", "content": "草"}, {"uid": "12776380", "content": "草"}, {"uid": "17457739", "content": "草"}, {"uid": "6931497", "content": "遥尾巴"}, {"uid": "507947803", "content": "？？？？？？"}, {"uid": "1932208", "content": "草"}, {"uid": "472307897", "content": "？"}, {"uid": "121493", "content": "草"}, {"uid": "2701524", "content": "可爱，单推"}, {"uid": "54853656", "content": "草"}, {"uid": "25884695", "content": "草"}, {"uid": "683241", "content": "对线小公主"}, {"uid": "1204011508", "content": "d d d多少来着"}, {"uid": "128409442", "content": "好家伙"}, {"uid": "8635662", "content": "草？"}, {"uid": "32886755", "content": "可以泡酒"}, {"uid": "925980", "content": "数不过来"}, {"uid": "683241", "content": "挖槽"}, {"uid": "408456", "content": "体重多少"}, {"uid": "301159698", "content": "直接烤着吃"}, {"uid": "439834591", "content": "草"}, {"uid": "22213644", "content": "有请昴日星官"}, {"uid": "651993634", "content": "？？？？？？？？？"}, {"uid": "107481544", "content": "不要抖~"}, {"uid": "74173597", "content": "体重"}, {"uid": "28495278", "content": "可以煲汤"}, {"uid": "23001624", "content": "草"}, {"uid": "273252538", "content": "葫芦娃马上就到"}, {"uid": "23277060", "content": "在用尾巴洗脸吗"}, {"uid": "453839177", "content": "哟哟哟"}, {"uid": "656894", "content": "草"}, {"uid": "68060881", "content": "草"}, {"uid": "114864562", "content": "？？？？？？？"}, {"uid": "91485244", "content": "你来啊"}, {"uid": "480789646", "content": "草"}, {"uid": "177946297", "content": "草"}, {"uid": "34422321", "content": "草"}, {"uid": "4675964", "content": "带孝女"}, {"uid": "4675964", "content": "草"}, {"uid": "291106060", "content": "？？？"}, {"uid": "646335568", "content": "？？？？"}, {"uid": "646335568", "content": "好家伙"}, {"uid": "646335568", "content": "「killer queen 第三炸弹，败者食尘」"}, {"uid": "5598346", "content": "草"}, {"uid": "45087547", "content": "千年蝎"}, {"uid": "422192", "content": "迷迭迷迭"}, {"uid": "4965270", "content": "草"}, {"uid": "524805064", "content": "水是液体。"}, {"uid": "44703516", "content": "草"}, {"uid": "44703516", "content": "草"}, {"uid": "7611231", "content": "迷迭迷迭帕里桑"}, {"uid": "325483259", "content": "迷迭迷迭帕里桑"}, {"uid": "239870250", "content": "草"}, {"uid": "60643773", "content": "DD"}, {"uid": "30331603", "content": "附议！"}, {"uid": "259169", "content": "是的"}, {"uid": "259169", "content": "草"}, {"uid": "308252", "content": "有多少d多少"}, {"uid": "31876947", "content": "？？"}, {"uid": "8564690", "content": "是一个靴子"}, {"uid": "297121", "content": "草"}, {"uid": "32432327", "content": "stay hydrated!"}, {"uid": "34959019", "content": "草"}, {"uid": "1933425249", "content": "尾巴粗了點"}, {"uid": "675843", "content": "是上好的药材"}, {"uid": "212101", "content": "草"}, {"uid": "294152", "content": "草"}, {"uid": "442019930", "content": "？？？？？？？"}, {"uid": "417662", "content": "草"}, {"uid": "180615252", "content": "114514个（）"}, {"uid": "281411797", "content": "千年老妖（）"}, {"uid": "807315", "content": "来了来了"}, {"uid": "286659008", "content": "煲汤！！！"}, {"uid": "305828471", "content": "四十多个吧"}, {"uid": "76764239", "content": "迷迭迷迭？？？"}, {"uid": "388155", "content": "hso"}, {"uid": "26117162", "content": "又是白毛"}, {"uid": "95445223", "content": "来啦来啦"}, {"uid": "27586015", "content": "击 剑"}, {"uid": "472307897", "content": "好大啊"}, {"uid": "21156406", "content": "灵活度极高"}, {"uid": "82443074", "content": "草"}, {"uid": "82443074", "content": "草"}, {"uid": "7026260", "content": "草"}, {"uid": "10995457", "content": "草"}, {"uid": "230337405", "content": "别查了 太多了（"}, {"uid": "32033852", "content": "友好"}, {"uid": "32033852", "content": "？？？？？"}, {"uid": "38635563", "content": "草"}, {"uid": "8410443", "content": "？"}, {"uid": "91274780", "content": "麻辣帕里"}, {"uid": "34445782", "content": "这尾巴好抢戏"}, {"uid": "401535388", "content": "屑子"}, {"uid": "3657234", "content": "哈哈、"}, {"uid": "24102133", "content": "草"}, {"uid": "29221526", "content": "好憨啊"}, {"uid": "33600781", "content": "团长"}, {"uid": "185872154", "content": "草"}, {"uid": "36769691", "content": "草"}, {"uid": "2378637", "content": "草"}, {"uid": "59329271", "content": "草"}, {"uid": "2961896", "content": "草"}, {"uid": "5598346", "content": "草"}, {"uid": "45087547", "content": "？？？"}, {"uid": "45087547", "content": "草"}, {"uid": "356023188", "content": "靴子"}, {"uid": "409803025", "content": "草"}, {"uid": "239870250", "content": "草"}, {"uid": "239870250", "content": "草"}, {"uid": "75379", "content": "草"}, {"uid": "60643773", "content": "？？？"}, {"uid": "84922589", "content": "草"}, {"uid": "293742098", "content": "buzai，cmn！"}, {"uid": "34964868", "content": "暗角"}, {"uid": "468672587", "content": "断尾"}, {"uid": "18762640", "content": "草"}, {"uid": "18762640", "content": "?"}, {"uid": "2391679", "content": "迷迭迷迭帕里桑"}, {"uid": "25295059", "content": "还有手机？"}, {"uid": "16975465", "content": "啊~"}, {"uid": "278001684", "content": "这个时候不是应该转起来吗"}, {"uid": "580219929", "content": "的dd（）"}, {"uid": "580219929", "content": "草"}, {"uid": "317895", "content": "可以煲汤"}, {"uid": "31876947", "content": "好活"}, {"uid": "110341899", "content": "好家伙"}, {"uid": "22460464", "content": "？？？"}, {"uid": "297121", "content": "草"}, {"uid": "22902249", "content": "草"}, {"uid": "3660749", "content": "草"}, {"uid": "6760836", "content": "千年蝎一定很补"}, {"uid": "22363074", "content": "？？？？"}, {"uid": "212101", "content": "草"}, {"uid": "212101", "content": "？？？"}, {"uid": "28597772", "content": "？"}, {"uid": "13325798", "content": "有裤子吗"}, {"uid": "3207714", "content": "体重呢 尾巴多重 脱水后几公斤"}, {"uid": "16016233", "content": "草"}, {"uid": "13771557", "content": "好耶"}, {"uid": "4040911", "content": "可爱可爱"}, {"uid": "286659008", "content": "草"}, {"uid": "491117", "content": "喜欢恋恋"}, {"uid": "3487813", "content": "草草草"}, {"uid": "674224097", "content": "草"}, {"uid": "1931606", "content": "草"}, {"uid": "3900958", "content": "草草草"}, {"uid": "4661588", "content": "？？？"}, {"uid": "354117297", "content": "混沌系vtb"}, {"uid": "472307897", "content": "？？？？"}, {"uid": "472307897", "content": "？？？？"}, {"uid": "4099555", "content": "不要停下来啊"}, {"uid": "71295603", "content": "草"}, {"uid": "230337405", "content": "别晃了 头晕"}, {"uid": "34988307", "content": "这是假唱吗（）"}, {"uid": "43887496", "content": "千年蝎？那不是无价之宝"}, {"uid": "43843812", "content": "草"}, {"uid": "434786579", "content": "？？？？？"}, {"uid": "6097136", "content": "草"}, {"uid": "439834591", "content": "草"}, {"uid": "408456", "content": "草"}, {"uid": "227530491", "content": "草"}, {"uid": "74173597", "content": "什么水？"}, {"uid": "74173597", "content": "啊这"}, {"uid": "524428254", "content": "草"}, {"uid": "2297252", "content": "草"}, {"uid": "370769", "content": "草"}, {"uid": "44403666", "content": "草"}, {"uid": "485929845", "content": "草"}, {"uid": "39675854", "content": "草"}, {"uid": "217797936", "content": "wow"}, {"uid": "4675964", "content": "草"}, {"uid": "401099828", "content": "草"}, {"uid": "194175206", "content": "wwww"}, {"uid": "105091348", "content": "草"}, {"uid": "52715415", "content": "草"}, {"uid": "429632118", "content": "？？？"}, {"uid": "60643773", "content": "哈哈哈哈"}, {"uid": "60643773", "content": "？？？"}, {"uid": "17827293", "content": "DD"}, {"uid": "30331603", "content": "千年蝎"}, {"uid": "5858719", "content": "草"}, {"uid": "487992962", "content": "可以烤"}, {"uid": "393919923", "content": "？"}, {"uid": "362567202", "content": "@卯日星君"}, {"uid": "1491889", "content": "草"}, {"uid": "11645412", "content": "30多个"}, {"uid": "580219929", "content": "？？？"}, {"uid": "256887468", "content": "草"}, {"uid": "31876947", "content": "草"}, {"uid": "651993634", "content": "？？？？"}, {"uid": "5598346", "content": "草"}, {"uid": "10159973", "content": "草"}, {"uid": "4014727", "content": "114514个"}, {"uid": "111819", "content": "药效更好"}, {"uid": "34959019", "content": "蝎宝"}, {"uid": "6760836", "content": "摇起来了"}, {"uid": "31714116", "content": "草"}, {"uid": "10432366", "content": "？？"}, {"uid": "212101", "content": "花Q"}, {"uid": "128541", "content": "五六十个吧"}, {"uid": "23562069", "content": "？？？"}, {"uid": "300349280", "content": "好大的尾巴"}, {"uid": "442019930", "content": "草"}, {"uid": "2063566", "content": "好憨"}, {"uid": "281411797", "content": "是吗（"}, {"uid": "4040911", "content": "混沌是好文明"}, {"uid": "431046074", "content": "我也喜欢"}, {"uid": "286659008", "content": "千年蝎"}, {"uid": "39411662", "content": "草"}, {"uid": "13461882", "content": "？？？？"}, {"uid": "30880562", "content": "草"}, {"uid": "231997492", "content": "不该"}, {"uid": "89764301", "content": "草"}, {"uid": "8635662", "content": "？"}, {"uid": "18260338", "content": "草"}, {"uid": "194606767", "content": "好晃"}, {"uid": "190650", "content": "？？？"}, {"uid": "15588298", "content": "草"}, {"uid": "36042930", "content": "草"}, {"uid": "354135260", "content": "？"}, {"uid": "472307897", "content": "迷迭迷迭帕里桑"}, {"uid": "472307897", "content": "？？？"}, {"uid": "202206590", "content": "草"}, {"uid": "108162851", "content": "A"}, {"uid": "512305207", "content": "草"}, {"uid": "512305207", "content": "感觉好憨"}, {"uid": "34988307", "content": "？"}, {"uid": "20684583", "content": "(≧▽≦)"}, {"uid": "43887496", "content": "草"}, {"uid": "354528720", "content": "草"}, {"uid": "32033852", "content": "好家伙"}, {"uid": "651993634", "content": "草"}, {"uid": "74173597", "content": "煲汤吧"}, {"uid": "74173597", "content": "啊这"}, {"uid": "23001624", "content": "啊？"}, {"uid": "20611758", "content": "绝"}, {"uid": "154093980", "content": "总觉得傻乎乎的啊哈哈哈哈哈哈哈哈哈哈哈"}, {"uid": "34422321", "content": "憨"}, {"uid": "194175206", "content": "wwwwww"}, {"uid": "194175206", "content": "？？？"}, {"uid": "478459", "content": "迷迭迷迭！"}, {"uid": "30880562", "content": "？"}, {"uid": "2203831", "content": "？"}, {"uid": "287547086", "content": "！！！！"}, {"uid": "8435612", "content": "D65"}, {"uid": "75379", "content": "？"}, {"uid": "2203831", "content": "？"}, {"uid": "429917337", "content": "草"}, {"uid": "25295059", "content": "可以可以"}, {"uid": "757106", "content": "？？"}, {"uid": "20532415", "content": "前排提醒,母蝎子在oo后会吃掉雄性哦（笑）"}, {"uid": "325878386", "content": "草"}, {"uid": "34959019", "content": "?"}, {"uid": "34959019", "content": "？"}, {"uid": "73683166", "content": "草"}, {"uid": "23588755", "content": "啊这"}, {"uid": "300349280", "content": "？"}, {"uid": "401784346", "content": "憨"}, {"uid": "401784346", "content": "没我高"}, {"uid": "26827771", "content": "a"}, {"uid": "281411797", "content": "迷迭迷迭"}, {"uid": "1914968", "content": "？"}, {"uid": "387527", "content": "帕里，上工断尾了！！！！"}, {"uid": "34472202", "content": "清楚"}, {"uid": "1931606", "content": "kksk"}, {"uid": "4661588", "content": "？"}, {"uid": "4661588", "content": "？？？"}, {"uid": "163701816", "content": "靴子精"}, {"uid": "163701816", "content": "靴子"}, {"uid": "36042930", "content": "？"}, {"uid": "27586015", "content": "？"}, {"uid": "12181159", "content": "？？？"}, {"uid": "354135260", "content": "草"}, {"uid": "169382577", "content": "好听"}, {"uid": "34906654", "content": "？"}, {"uid": "472307897", "content": "草"}, {"uid": "180269191", "content": "草"}, {"uid": "321468307", "content": "药效更好"}, {"uid": "50390923", "content": "放弃吧"}, {"uid": "34988307", "content": "第N个"}, {"uid": "23407607", "content": "啊这"}, {"uid": "8410443", "content": "笑死"}, {"uid": "8410443", "content": "？"}, {"uid": "408456", "content": "草"}, {"uid": "651993634", "content": "？？？？？？？？？？？？？？？？"}, {"uid": "617495540", "content": "啊  啊 啊 啊 啊 啊 啊 啊 啊 啊 啊 啊 啊 啊 啊 啊 啊 啊 啊 啊 啊"}, {"uid": "387527", "content": "我觉得哪天你被帕里断手断头断尾就好玩了。。"}]