[{"uid": "510197", "content": "好听"}, {"uid": "158229081", "content": "蝎子kawaii"}, {"uid": "510197", "content": "遥遥好温柔"}, {"uid": "27172519", "content": "好 女 儿"}, {"uid": "22205615", "content": "这里用“手中的画笔”可能会更好一些"}, {"uid": "59329271", "content": "草"}, {"uid": "36772217", "content": "泪笑回去了草"}, {"uid": "23762888", "content": "草草"}, {"uid": "3900958", "content": "进度"}, {"uid": "138510172", "content": "不回家，指帕里又是半个月没播呜呜"}, {"uid": "32798015", "content": "赞美太阳！"}, {"uid": "16379704", "content": "泪目"}, {"uid": "491117", "content": "嘴角"}, {"uid": "491117", "content": "帕里剩母院"}, {"uid": "348594200", "content": "双重迫害"}, {"uid": "20157703", "content": "草！！！又迫害帕里"}, {"uid": "623336", "content": "草，突然迫害"}, {"uid": "589879888", "content": "草"}, {"uid": "9824302", "content": "？？？？？？？"}, {"uid": "22588623", "content": "？？？"}, {"uid": "9824302", "content": "草"}, {"uid": "196856", "content": "帕里：-30"}, {"uid": "3814233", "content": "帕里…帕里…寂しい​"}, {"uid": "8470813", "content": "草"}, {"uid": "1737925", "content": "？？？？？？"}, {"uid": "93416814", "content": "蝎宝棒棒"}, {"uid": "510197", "content": "哈哈哈哈哈"}, {"uid": "116446242", "content": "(ﾟﾛﾟ)！？"}, {"uid": "11594802", "content": "草"}, {"uid": "807315", "content": "草草草"}, {"uid": "442599788", "content": "蝎子又开始迫害帕里了"}, {"uid": "37455019", "content": "草"}, {"uid": "1737925", "content": "草"}, {"uid": "17784911", "content": "蚌埠住了"}, {"uid": "17784911", "content": "草"}, {"uid": "281159434", "content": "？？？嗯嗯嗯？？"}, {"uid": "262383560", "content": "草，"}, {"uid": "807315", "content": "草"}, {"uid": "27172519", "content": "草"}, {"uid": "10579112", "content": "草"}, {"uid": "37849039", "content": "帕里现在应该在画老大哥的新衣服"}, {"uid": "33292810", "content": "草"}, {"uid": "16586347", "content": "蚌埠住了"}, {"uid": "16586347", "content": "草"}, {"uid": "250856658", "content": "草"}, {"uid": "1932262", "content": "草"}, {"uid": "17784911", "content": "草"}, {"uid": "9565207", "content": "草草"}, {"uid": "6455994", "content": "嗯！？"}, {"uid": "32198236", "content": "草"}, {"uid": "487527947", "content": "草"}, {"uid": "23762888", "content": "草"}, {"uid": "142619562", "content": "草"}, {"uid": "20157703", "content": "草"}, {"uid": "93416814", "content": "\\遥遥/\\遥遥/\\遥遥/\\遥遥/"}]