[{"uid": "489573197", "content": "小石头"}, {"uid": "175400178", "content": "？？？？"}, {"uid": "22773837", "content": "承认了"}, {"uid": "22773837", "content": "哈哈哈哈哈哈"}, {"uid": "22773837", "content": "老海王了"}, {"uid": "22773837", "content": "猩猩"}, {"uid": "22773837", "content": "主要还是摸鱼"}, {"uid": "440900688", "content": "水里的星星"}, {"uid": "196952", "content": "我是你的爸爸！（Dna错乱）"}, {"uid": "11647616", "content": "美少女猩猩（"}, {"uid": "67912303", "content": "虚拟孙哥"}, {"uid": "29173874", "content": "好家伙"}, {"uid": "158229081", "content": "药酒！"}, {"uid": "340370752", "content": " 这声音，电起来了"}, {"uid": "4383405", "content": "草哪来的狗"}, {"uid": "419033", "content": "高 速 吟 唱"}, {"uid": "16919703", "content": "草"}, {"uid": "30342074", "content": "草"}, {"uid": "2775138", "content": "草，菜鸡单位老大哥"}, {"uid": "1865302424", "content": "不然？"}, {"uid": "43908690", "content": "这什么海王发言（学会了学会了）"}, {"uid": "431052967", "content": "三分钟凉透了"}, {"uid": "162376420", "content": "博爱"}, {"uid": "8046735", "content": "噗！～"}, {"uid": "5146971", "content": "好的老公"}, {"uid": "44771812", "content": "好家伙"}, {"uid": "65196390", "content": "海王啊"}, {"uid": "18226", "content": "渣男发言"}, {"uid": "522246", "content": "好家伙"}, {"uid": "33919342", "content": "好耶我有老公了"}, {"uid": "20293616", "content": "草"}, {"uid": "94570165", "content": "草"}, {"uid": "524638840", "content": "好的老公"}, {"uid": "7150687", "content": "草"}, {"uid": "398495933", "content": "好家伙"}, {"uid": "29657893", "content": "好耶"}, {"uid": "353390540", "content": "？"}, {"uid": "476498836", "content": "多个朋友多条路，多个老婆多个家，只要老婆换的快，没有悲伤只有爱[狗子]"}, {"uid": "1915239", "content": "？？？？"}]