[{"uid": "689626806", "content": "笑死我了打队友好手"}, {"uid": "227530491", "content": "草"}, {"uid": "20293616", "content": "草"}, {"uid": "20293616", "content": "描边的神"}, {"uid": "285342196", "content": "ICU大乱斗"}, {"uid": "285342196", "content": "我血压上来了"}, {"uid": "454397731", "content": "属于是卧龙凤雏"}, {"uid": "454397731", "content": "？？？"}, {"uid": "454397731", "content": "？？？"}, {"uid": "2018229", "content": "蝎子视力很差，可以说非常还原了"}, {"uid": "2466863", "content": "我的妈呀"}, {"uid": "1271249", "content": "都是星级选手"}, {"uid": "254920", "content": "退的好熟练"}, {"uid": "19784544", "content": "草"}, {"uid": "114964846", "content": "太anti了"}, {"uid": "807315", "content": "描边大师，描边大师"}, {"uid": "95445223", "content": "人体描边大师？"}, {"uid": "454397731", "content": "高打低，______"}]