[{"uid": "51024060", "content": "绝杀"}, {"uid": "651993634", "content": "草"}, {"uid": "66719729", "content": "人之初，性本D。（doge）"}, {"uid": "3860516", "content": "触手"}, {"uid": "1478011", "content": "外置装甲？"}, {"uid": "341611305", "content": "蜈蚣"}, {"uid": "1886382", "content": "又迫害尼娅"}, {"uid": "6782340", "content": "你是我见一个爱一个里面最爱的那一个"}, {"uid": "6796603", "content": "蝎子莱莱"}, {"uid": "159277610", "content": "妮娅。。。还有人玩异度之刃，泪目了"}, {"uid": "22659766", "content": "小海豹狂喜"}, {"uid": "446654", "content": "麻吉"}, {"uid": "35001379", "content": "认可是自己是驴"}, {"uid": "348473219", "content": "草"}, {"uid": "125294191", "content": "立花遥！你欠我的这里！用什么还！！！"}, {"uid": "3938997", "content": "所以不否定驴是吗"}, {"uid": "3938997", "content": "高情商：你可以是"}, {"uid": "36769691", "content": "草"}, {"uid": "354750756", "content": "混进来什么奇怪的东西"}, {"uid": "8087553", "content": "草，这个驴脸"}, {"uid": "474019100", "content": "棋逢对手"}, {"uid": "474019100", "content": "草"}, {"uid": "300846", "content": "驴宝好会"}, {"uid": "266679665", "content": "变成名至实归的海王驴"}, {"uid": "266679665", "content": "我觉得是nano或者mia"}, {"uid": "328422", "content": "老海王了！"}, {"uid": "59596679", "content": "我猜前面这个弹幕是因果发的"}]