[{"uid": "12426769", "content": "外卖有小份菜的啊"}, {"uid": "36077319", "content": "谁？"}, {"uid": "2732940", "content": "小碗菜"}, {"uid": "18208014", "content": "可以给我吗"}, {"uid": "18280655", "content": "是牛牛！"}, {"uid": "11872189", "content": "好油"}, {"uid": "349566357", "content": "食堂可以这么搞的"}, {"uid": "2907196", "content": "单身狗的烦恼"}, {"uid": "23427189", "content": "但杯面都比桶面贵"}, {"uid": "402958578", "content": "牛牛，希牛牛！"}, {"uid": "3222240", "content": "开始营业诈骗"}, {"uid": "757106", "content": "一上来就黑眼圈，kusa"}, {"uid": "6034957", "content": "营业声线"}, {"uid": "79646219", "content": "？"}, {"uid": "3675179", "content": "眼圈好重啊希希"}, {"uid": "34988307", "content": "希希"}, {"uid": "23427189", "content": "牛牛怎么这么重黑眼圈"}, {"uid": "3303", "content": "的牛牛"}]