[{"uid": "6377041", "content": "夏塔：懂了，我这就自己切出来"}, {"uid": "670481782", "content": "丹丹姐？！"}, {"uid": "686194706", "content": "为什么我觉得屑。。"}, {"uid": "11924639", "content": "这个ed是什么歌？"}, {"uid": "504919", "content": "阳光系啥vs憨憨系傻"}, {"uid": "170840", "content": "你比较傻，她只是憨"}, {"uid": "6696", "content": "蝎子莱莱"}, {"uid": "3165318", "content": "这波啊，这波是皮魂合一"}, {"uid": "36169346", "content": "只觉得憨"}, {"uid": "32217798", "content": "我姐受不了"}, {"uid": "23762888", "content": "草."}, {"uid": "110750037", "content": "01但凡我换个声线都没有你们什么事了"}, {"uid": "110750037", "content": "我永远单推01"}, {"uid": "110750037", "content": "01永远的神！"}, {"uid": "433027058", "content": "屑"}, {"uid": "401099828", "content": "核善的笑容"}, {"uid": "335281506", "content": "但是你的胸没有她大啊（只形象）"}, {"uid": "54444024", "content": "草，接头霸王重现江湖"}, {"uid": "855779", "content": "果然，最后男人才最懂男人"}, {"uid": "17784911", "content": "为了给你们留口饭吃零一只能去做运营了（doge）"}, {"uid": "348473219", "content": "记住了（指剪辑man）"}, {"uid": "4024299", "content": "可爱，单推，结婚"}, {"uid": "36617449", "content": "近月？"}, {"uid": "140525885", "content": "好狠啊"}, {"uid": "6782340", "content": "亲 姐 妹"}, {"uid": "19724079", "content": "智慧的眼神"}, {"uid": "25623390", "content": "姐妹实锤"}, {"uid": "359428966", "content": "错了，她头比你大"}, {"uid": "494269048", "content": "01yyds！"}, {"uid": "13949530", "content": "王牌机师"}, {"uid": "17784911", "content": "完全一致"}, {"uid": "140525885", "content": "好憨啊"}, {"uid": "36140651", "content": "更傻的来了"}, {"uid": "401099828", "content": "我觉得挺可爱"}, {"uid": "656894", "content": "毫无违和感"}, {"uid": "596029514", "content": "有股洋葱味"}, {"uid": "178142367", "content": "有自知之明()"}, {"uid": "401099828", "content": "离谱"}, {"uid": "196856", "content": "傻成一家了"}, {"uid": "623336", "content": "好家伙1551后继有人"}, {"uid": "22570888", "content": "草"}, {"uid": "18139194", "content": "一模一样"}, {"uid": "404333864", "content": "01出道算了"}, {"uid": "200627809", "content": "我不能接受"}, {"uid": "569657", "content": "也太傻了"}, {"uid": "2349818", "content": "一模一样"}, {"uid": "336408839", "content": "确实"}, {"uid": "895127", "content": "不能说一模一样，只能说完全一致"}, {"uid": "626973414", "content": "这不挺可爱吗✧*｡٩(ˊᗜˋ*)و✧*｡"}, {"uid": "23762888", "content": "草"}, {"uid": "7214391", "content": "不遑多让"}, {"uid": "305411140", "content": "《五十步笑百步》"}]