[{"uid": "9412563", "content": "多个朋友多条路 多个老婆多个家 只要老婆换得快 没有悲伤只有爱"}, {"uid": "16172850", "content": "听我狡辩"}, {"uid": "5718643", "content": "妹啊 你在笑吧 你绝对在笑吧！"}, {"uid": "62158359", "content": "今天是个好日子？"}, {"uid": "338285838", "content": "努力憋笑…"}, {"uid": "398495933", "content": "火 帕里 火"}, {"uid": "398495933", "content": "草"}, {"uid": "202432639", "content": "第几个女人？（狗头保命）"}, {"uid": "4408249", "content": "套起来了"}, {"uid": "8211248", "content": "干杯"}, {"uid": "401099828", "content": "危"}, {"uid": "401099828", "content": "草"}, {"uid": "23371852", "content": "雪花飘飘北风萧萧"}, {"uid": "23371852", "content": "无力的解释"}, {"uid": "23371852", "content": "好家伙"}, {"uid": "28675688", "content": "错的是这个世界"}, {"uid": "131652679", "content": "离婚现场"}, {"uid": "23643252", "content": "←早见咲Saki"}, {"uid": "588910661", "content": "哈哈哈"}, {"uid": "442581629", "content": "还真哭阿"}, {"uid": "7066749", "content": "帕里全责，抓起来烤了"}, {"uid": "21550586", "content": "你想笑是吧！我听出来了！"}, {"uid": "21550586", "content": "扑哧"}, {"uid": "456308956", "content": "只好一起吃帕里和好了"}, {"uid": "275245", "content": "这还有啥好解释的？（狗头）"}, {"uid": "36769691", "content": "草"}, {"uid": "316929569", "content": "左边蓝色弹幕老大哥瞩目"}, {"uid": "316929569", "content": "左边老大哥开始ntr"}, {"uid": "288758321", "content": "人倒霉了，喝凉水都塞牙"}, {"uid": "288758321", "content": "惨"}, {"uid": "288758321", "content": "在哭了在哭了"}, {"uid": "288758321", "content": "国际通用友好手势"}, {"uid": "9737373", "content": "帕里黑料找到了.jpg"}, {"uid": "8284532", "content": "草"}, {"uid": "200863", "content": "泪目"}, {"uid": "200863", "content": "噔噔咚"}, {"uid": "200863", "content": "草"}, {"uid": "26150107", "content": "哭腔www"}, {"uid": "608496", "content": "怪我咯"}, {"uid": "608496", "content": "哈哈哈"}, {"uid": "9272615", "content": "哈哈哈哈哈哈哈哈哈哈"}, {"uid": "5043517", "content": "BGM好悲伤啊。我哭的合不拢嘴"}, {"uid": "9272615", "content": "草"}, {"uid": "5598346", "content": "草"}, {"uid": "383410897", "content": "泪目"}, {"uid": "10778462", "content": "火 帕里 火"}, {"uid": "381881997", "content": "帕里全责"}, {"uid": "176027033", "content": "草"}, {"uid": "524428254", "content": "泪目"}, {"uid": "1941721212", "content": "草"}, {"uid": "9062012", "content": "哈哈哈哈哈哈哈哈哈哈哈哈哈哈哈哈哈哈"}]