[{"uid": "158229081", "content": "帕里：那我走？"}, {"uid": "740561", "content": "嘶"}, {"uid": "6090232", "content": "这几句话的语气……小心老大哥！"}, {"uid": "528583583", "content": "钟离"}, {"uid": "2913552", "content": "下太阳了"}, {"uid": "12426769", "content": "卡带了?"}, {"uid": "48661581", "content": "？？？"}, {"uid": "48661581", "content": "草"}, {"uid": "27669045", "content": "你见过，那你和后羿一定很熟悉吧！"}, {"uid": "27669045", "content": "啊，胡萝卜卖光了吗"}, {"uid": "52151939", "content": "60厘米？那叫肿瘤！"}, {"uid": "1932262", "content": "太奢侈了"}, {"uid": "12326867", "content": "为什么蝎子叫爸爸会如此熟练.jpg"}, {"uid": "59329271", "content": "下着太阳2333"}, {"uid": "2775138", "content": "？？？"}, {"uid": "212573876", "content": "笑死哈哈"}, {"uid": "8221334", "content": "祝都能祝歪来哈哈哈哈哈"}, {"uid": "401858702", "content": "猪~你生日快乐"}, {"uid": "401858702", "content": "猪~你生日快乐"}, {"uid": "14007884", "content": "下着太阳可太草了"}, {"uid": "830152106", "content": "www"}]