[{"uid": "316012", "content": "你说没有用"}, {"uid": "102099910", "content": "开幕雷击"}, {"uid": "35509930", "content": "《我  说  的》"}, {"uid": "35509930", "content": "《我  说  的》"}, {"uid": "68060881", "content": "好家伙"}, {"uid": "36769691", "content": "叠词词恶心心"}, {"uid": "414996747", "content": "少儿频道"}, {"uid": "15505781", "content": "金娃娃2333"}, {"uid": "79646219", "content": "妙啊"}, {"uid": "489573197", "content": "黄金体验"}, {"uid": "26566116", "content": "拉拉拉拉拉拉"}, {"uid": "414996747", "content": "拉拉拉（"}, {"uid": "35509930", "content": "《我 说 不 切 就 不 切》"}, {"uid": "32250348", "content": "草"}, {"uid": "12945974", "content": "最高指令"}, {"uid": "18208014", "content": "kimomo"}, {"uid": "476460293", "content": "一看到登和郎，我就想到登duang郎(doge）"}]