[{"uid": "68060881", "content": "草"}, {"uid": "285826982", "content": "泪目"}, {"uid": "285826982", "content": "草"}, {"uid": "18139194", "content": "草"}, {"uid": "131652679", "content": "030就地解散"}, {"uid": "131652679", "content": "电蝎子"}, {"uid": "131652679", "content": "最清楚的时候"}, {"uid": "131652679", "content": "心动了~"}, {"uid": "314152279", "content": "这事吃了条电鳗吗"}, {"uid": "3992443", "content": "dna不需要字幕("}, {"uid": "294464633", "content": "6"}, {"uid": "231667339", "content": "这个滤镜，好活"}, {"uid": "27669045", "content": "契约婚姻一定是的"}, {"uid": "114964846", "content": "30！我的30！"}, {"uid": "2203831", "content": "噢，这翻译腔"}, {"uid": "427439806", "content": "我为30感到不值"}, {"uid": "140230087", "content": "030就地瓦解"}, {"uid": "6091318", "content": "大胜利"}, {"uid": "6091318", "content": "草"}, {"uid": "16728979", "content": "毕生所学"}, {"uid": "7072562", "content": "恋口上台词还要找的蝎宝是屑"}, {"uid": "8063179", "content": "草，粉色滤镜"}, {"uid": "100389047", "content": "？？？"}, {"uid": "44796830", "content": "18分钟！"}, {"uid": "2500994", "content": "就在一起谁让我们相遇~以后的日子我们一起相依~"}, {"uid": "2500994", "content": "中之人性别暴露"}, {"uid": "3844363", "content": "直到泡酒"}, {"uid": "3844363", "content": "直到泡酒"}, {"uid": "81948530", "content": "草"}, {"uid": "524428254", "content": "毕生所学"}, {"uid": "36769691", "content": "毕生所学"}, {"uid": "33919342", "content": "30惨"}, {"uid": "13275281", "content": "原来0宝是哥哥"}, {"uid": "131652679", "content": "哥哥?"}, {"uid": "493753059", "content": "电子蝎草"}, {"uid": "23001624", "content": "草"}, {"uid": "1574139", "content": "贴都可以贴！！"}, {"uid": "28495278", "content": "谁不爱0哥呢"}, {"uid": "187273", "content": "草"}, {"uid": "539999401", "content": "˶⍤⃝˶꒳ᵒ꒳ᵎᵎᵎ"}, {"uid": "131652679", "content": "awsl"}, {"uid": "217797936", "content": "草"}, {"uid": "20335327", "content": "30，好人罢了"}, {"uid": "20335327", "content": "0哥0确信"}, {"uid": "200863", "content": "无感情"}, {"uid": "22460464", "content": "草"}, {"uid": "294464633", "content": "6"}, {"uid": "8438046", "content": "草"}, {"uid": "5598346", "content": "草"}, {"uid": "3862202", "content": "我电满了"}, {"uid": "4661588", "content": "草"}, {"uid": "200863", "content": "？？"}, {"uid": "321398350", "content": "草"}, {"uid": "73478180", "content": "草"}, {"uid": "4383405", "content": "是0ge0"}]