[{"uid": "5611408", "content": "好！！！"}, {"uid": "227530491", "content": "鸡叫草"}, {"uid": "285826982", "content": "草"}, {"uid": "29990327", "content": "泡酒"}, {"uid": "415382982", "content": "女儿里能进八强了"}, {"uid": "464207", "content": "突然觉得笑声有点像狗狗"}, {"uid": "29557450", "content": "前面那位学过 投个稿唱下"}, {"uid": "34075732", "content": "www好听"}, {"uid": "247189", "content": "草"}, {"uid": "107639295", "content": "入药"}, {"uid": "282515064", "content": "蝎菜"}, {"uid": "2203831", "content": "喂！"}, {"uid": "2203831", "content": "前面唱挺好，怎么这就拉跨了"}, {"uid": "2775138", "content": "入药"}, {"uid": "216412", "content": "人工电音sk"}, {"uid": "2244887", "content": "记得我当年学这歌也是无电音的"}, {"uid": "20317592", "content": "草"}, {"uid": "95331899", "content": "泡酒"}, {"uid": "13670449", "content": "whl"}, {"uid": "5773287", "content": "胸别晃了别晃了"}, {"uid": "14706910", "content": "轴man，不要停下来啊~~"}, {"uid": "84116917", "content": "真的有这么Q弹吗"}, {"uid": "358728969", "content": "立花摇"}, {"uid": "96451990", "content": "早起来了"}, {"uid": "7026260", "content": "草"}, {"uid": "39869252", "content": "草"}, {"uid": "7828677", "content": "boingboing"}, {"uid": "11453613", "content": "晃"}, {"uid": "376102605", "content": "？"}, {"uid": "5611408", "content": "鸡叫可太生草了"}, {"uid": "4990791", "content": "草"}, {"uid": "114964846", "content": "？"}, {"uid": "22748505", "content": "哦？"}, {"uid": "44500594", "content": "这大嘴"}]