[{"uid": "2320259", "content": "这条恶龙"}, {"uid": "500113464", "content": "我直接好家伙"}, {"uid": "259085151", "content": "哈哈哈哈哈哈哈哈哈哈"}, {"uid": "78091670", "content": "哈哈哈哈！老大哥回来了！"}, {"uid": "25614148", "content": "回头+回眸一笑≈转一圈再傻笑"}, {"uid": "1495812", "content": "老大哥"}, {"uid": "304275", "content": "蝎子：我的眼中常含泪水"}, {"uid": "304275", "content": "你停顿一瞬间的动作是认真的吗2333"}, {"uid": "85413985", "content": "草"}, {"uid": "396087528", "content": "好屑啊"}, {"uid": "401099828", "content": "暴击"}, {"uid": "401099828", "content": "小丑竟是我自己"}, {"uid": "401099828", "content": "大 音 希 声"}, {"uid": "401099828", "content": "熟悉的声线，舒服了"}, {"uid": "771611525", "content": "下集来了"}, {"uid": "39506434", "content": "秒切换2333"}, {"uid": "27908840", "content": "突然转换营业老大哥声线233"}, {"uid": "1598045", "content": "声线变回去了"}, {"uid": "443518314", "content": "老大哥声线切回"}, {"uid": "23874332", "content": "草"}, {"uid": "406151199", "content": "危"}, {"uid": "755531", "content": "翻脸不认人"}, {"uid": "58271177", "content": "老大哥一转营业声线"}, {"uid": "22213644", "content": "终究是错付了？（笑）"}, {"uid": "14487912", "content": "老大哥一转营业声线"}, {"uid": "36992382", "content": "杀人还要诛心"}, {"uid": "33717104", "content": "好惨一只蝎子。。。"}, {"uid": "1887198", "content": "这螃蟹爪给我看饿了"}, {"uid": "417095051", "content": "我怕夏洛误会"}, {"uid": "393294", "content": "虾仁猪心啊"}, {"uid": "320511", "content": "老大哥又支棱起来了"}, {"uid": "93159792", "content": "泪冲了出来"}, {"uid": "4719846", "content": "哈哈哈哈哈哈哈哈哈哈"}, {"uid": "527495238", "content": "小丑竟是我自己"}, {"uid": "290827007", "content": "宝贝 吃冰啦!"}, {"uid": "22588530", "content": "太草了"}, {"uid": "674781000", "content": "不（雪花飘飘）"}, {"uid": "350505860", "content": "逆天"}, {"uid": "10890200", "content": "全都怪我，不该沉默时沉默"}, {"uid": "9272615", "content": "哈哈哈哈哈哈哈"}, {"uid": "348473219", "content": "哈哈哈哈哈哈"}, {"uid": "17491790", "content": "只为你回头能看见我在蜇你（不是）"}, {"uid": "444426841", "content": "她在狂笑"}, {"uid": "350505860", "content": "真实伤害"}, {"uid": "771611525", "content": "下集来了"}, {"uid": "14487912", "content": "草"}, {"uid": "14487912", "content": "？"}, {"uid": "339023852", "content": "她在狂笑"}, {"uid": "29657893", "content": "草"}, {"uid": "590069400", "content": "哈哈哈哈哈哈哈哈哈"}, {"uid": "500113464", "content": "我的老大哥回来了"}, {"uid": "350505860", "content": "蚌埠住了"}, {"uid": "49061839", "content": "草"}, {"uid": "85413985", "content": "麻了麻了"}, {"uid": "401099828", "content": "吃冰啦！"}, {"uid": "771611525", "content": "反客为主"}, {"uid": "3482650", "content": "哈哈哈哈哈"}, {"uid": "67665476", "content": "海味"}, {"uid": "406151199", "content": "好家伙"}, {"uid": "33302987", "content": "好家伙，一波反客为主"}, {"uid": "12326867", "content": "泪 冲了出来"}, {"uid": "320511", "content": "？？？？"}, {"uid": "18807146", "content": "虾仁猪心吖"}, {"uid": "259085151", "content": "星星为你指路"}, {"uid": "304275", "content": "屑龙"}, {"uid": "396087528", "content": "落井下石啊"}, {"uid": "771611525", "content": "惨"}, {"uid": "771611525", "content": "下集来了"}, {"uid": "39506434", "content": "？？？"}, {"uid": "26439339", "content": "书n"}, {"uid": "32423963", "content": "草"}, {"uid": "500113464", "content": "又走了"}, {"uid": "85413985", "content": "有点生草"}, {"uid": "158229081", "content": "dio"}, {"uid": "2178366", "content": "好怪哦"}, {"uid": "6549319", "content": "哈哈哈哈哈建议改行去马戏团表演"}, {"uid": "121493", "content": "草"}, {"uid": "227530491", "content": "草"}, {"uid": "645471253", "content": "渣龙"}, {"uid": "16543843", "content": "妙啊"}]