[{"uid": "350505860", "content": "离谱"}, {"uid": "15568897", "content": "草"}, {"uid": "401099828", "content": "流向改变了"}, {"uid": "401099828", "content": "草"}, {"uid": "396979266", "content": "ん?"}, {"uid": "133238607", "content": "哈哈哈"}, {"uid": "354750756", "content": "果然蝎宝apex不会拉"}, {"uid": "683473", "content": "草"}, {"uid": "107639295", "content": "ohhhhhhhhhhh"}, {"uid": "4383405", "content": "燃起来了"}, {"uid": "50505623", "content": "草"}, {"uid": "32423963", "content": "草"}, {"uid": "281462088", "content": "泪目"}, {"uid": "9272615", "content": "草"}, {"uid": "408645838", "content": "ん？"}, {"uid": "12326867", "content": "燃起来了"}, {"uid": "116556", "content": "这个原来是情侣头"}, {"uid": "40600568", "content": "草"}, {"uid": "25105473", "content": "草"}, {"uid": "25105473", "content": "燃起来了"}, {"uid": "190650", "content": "圣京永流传"}, {"uid": "190650", "content": "？？？？？"}, {"uid": "2907196", "content": "燃起来了"}, {"uid": "2907196", "content": "wwwwwww"}, {"uid": "186396439", "content": "这不燃起来？"}, {"uid": "399039390", "content": "赛马娘2！！！！！"}, {"uid": "13728504", "content": "这情侣头像xswl"}, {"uid": "13728504", "content": "蝎宝拼了"}, {"uid": "13728504", "content": "ohhhhh"}, {"uid": "13728504", "content": "草"}, {"uid": "8341876", "content": "泪目"}, {"uid": "8341876", "content": "泪目"}, {"uid": "1737925", "content": "还燃起来了"}, {"uid": "22177665", "content": "这不比博人传燃"}]