[{"uid": "476652865", "content": "在马桶边缘蹭蹭，然后再拿花洒冲干净"}, {"uid": "39205320", "content": "高端的食材往往只需要自   然   风   干"}, {"uid": "176889009", "content": "看似如厕，实则做饭"}, {"uid": "176889009", "content": "原来你是来做饭的（doge）"}, {"uid": "57007759", "content": "你觉得为什么厕所又叫洗手间（"}, {"uid": "12919987", "content": "？？？？？？？？？"}, {"uid": "79924118", "content": "很抱歉以这种方式认识你"}, {"uid": "2085751", "content": "蝎子风干可以做药材"}, {"uid": "250415085", "content": "下回弄个自动冲屁股的马桶吧！"}, {"uid": "383177852", "content": "注入灵魂"}, {"uid": "84240", "content": "立刻打电话给太阳神，请他原神飞天快递投送一箱纸巾给你"}, {"uid": "376754389", "content": "给香蕉树施肥"}, {"uid": "477035001", "content": "所以尾巴是插件"}, {"uid": "259085151", "content": "刮，哈哈哈哈哈哈哈太狠了"}, {"uid": "45939011", "content": "老人  地铁  手机"}, {"uid": "391984", "content": "很高兴以这种方式认识你（"}, {"uid": "510197", "content": "都是迫害小能手"}, {"uid": "628858040", "content": "很抱歉用这种方式认识你"}, {"uid": "34455909", "content": "因为没把尾巴安回去所以变成虾了"}, {"uid": "807315", "content": "眼睛娘蝎子，好耶"}, {"uid": "807315", "content": "你看，这不就切片了嘛23333"}, {"uid": "95445223", "content": "《食物》"}, {"uid": "22416445", "content": "在蹲下去估计都风干了"}, {"uid": "281462088", "content": "灵魂在嘴上"}, {"uid": "320511", "content": "当场拆台"}, {"uid": "523018446", "content": "谢邀，人在吃饭"}, {"uid": "2243150", "content": "上帝给你两只手是为了什么.jpg"}, {"uid": "20157703", "content": "噗哈哈哈哈哈哈哈哈哈哈哈哈"}, {"uid": "20157703", "content": "噗哈哈哈哈哈哈哈哈哈哈哈哈"}, {"uid": "414422", "content": "就。。。很突然。。。"}, {"uid": "5681054", "content": "哈哈哈哈哈，都是魔鬼吗"}, {"uid": "13238214", "content": "为什么要交流这些东西啊"}, {"uid": "34959019", "content": "等风干了再出来吧"}, {"uid": "134127169", "content": "哈哈哈哈，是打算吃吗？"}, {"uid": "24037431", "content": "机甲归位！"}, {"uid": "95704", "content": "风干这种事情我干过"}, {"uid": "489807101", "content": "注：此处干等是为了让食物成型"}, {"uid": "98654326", "content": "你可以试试"}, {"uid": "623336", "content": "好家伙虚拟老八"}, {"uid": "623336", "content": "好家伙香蕉树浇水是个什么黑话"}, {"uid": "448095507", "content": "预言家，刀了刀了"}, {"uid": "3057859", "content": "你想要一个智能马桶盖"}, {"uid": "158229081", "content": "向日葵的约定"}, {"uid": "18253454", "content": "哈哈哈哈哈哈哈哈"}, {"uid": "1305643075", "content": "心理阴影都出来了"}, {"uid": "2629851", "content": "？？？？？？？"}, {"uid": "34959019", "content": "移除插件"}, {"uid": "152765066", "content": "？？？你打算揭下来吃了？！"}, {"uid": "15173952", "content": "好家伙"}, {"uid": "95704", "content": "实际上是拿纸吧"}, {"uid": "4472088", "content": "好家伙"}, {"uid": "431981067", "content": "很抱歉以这种方式认识你"}, {"uid": "327388057", "content": "草"}, {"uid": "807315", "content": "这能咋办，又不能飞个DD来送纸（笑"}, {"uid": "53003459", "content": "厕所又叫洗手间"}, {"uid": "524638840", "content": "真就拉了"}, {"uid": "19547639", "content": "？？？？？？？？"}, {"uid": "3057859", "content": "很抱歉以这种方式认识你"}, {"uid": "1668896299", "content": "告诉你们个恐怖故事：我在吃饭"}, {"uid": "18253454", "content": "好家伙"}, {"uid": "13509807", "content": "哈哈哈哈哈"}, {"uid": "2629851", "content": "哈哈哈哈哈哈哈哈哈哈"}, {"uid": "96741646", "content": "有一种东西叫手指"}, {"uid": "11856826", "content": "很抱歉當時不在現場認識"}, {"uid": "5483442", "content": "？？？？？？"}, {"uid": "36844712", "content": "草"}, {"uid": "1737925", "content": "草"}, {"uid": "140525885", "content": "你还打算吃了是吧"}, {"uid": "1808921429", "content": "？？？？？？？？？？？？？"}, {"uid": "64840644", "content": "去施肥"}, {"uid": "176914844", "content": "插件"}, {"uid": "276608033", "content": "草"}, {"uid": "2110085", "content": "你猜猜为啥叫洗手间"}, {"uid": "259085151", "content": "哈哈哈哈哈"}, {"uid": "3985607", "content": "草"}, {"uid": "194606767", "content": "恶心心"}, {"uid": "34455909", "content": "错了是揭下来"}, {"uid": "524638840", "content": "绝了"}, {"uid": "8564690", "content": "？？？？"}, {"uid": "27596238", "content": "果然是插件"}, {"uid": "453583873", "content": "？？？？"}, {"uid": "20157703", "content": "草。。。。"}, {"uid": "1305643075", "content": "？？"}, {"uid": "516530891", "content": "首页"}, {"uid": "51286444", "content": "对不起以这种方式认识你"}, {"uid": "350505860", "content": "2333"}, {"uid": "96959109", "content": "？？？？"}, {"uid": "2207090", "content": "？？"}, {"uid": "37241311", "content": "哈哈哈哈"}, {"uid": "37241311", "content": "这都是什么沙雕网游"}, {"uid": "37241311", "content": "好家伙"}, {"uid": "259085151", "content": "哈哈哈哈哈哈哈"}, {"uid": "4859609", "content": "哈哈哈哈哈哈哈哈哈哈哈哈"}, {"uid": "2775138", "content": "风干了吧"}, {"uid": "357427128", "content": "？？"}, {"uid": "20157703", "content": "噗哈哈哈哈哈哈"}, {"uid": "20157703", "content": "呃。。。"}, {"uid": "102328199", "content": "草"}, {"uid": "17198303", "content": "草"}, {"uid": "2629851", "content": "？？？？？"}, {"uid": "12919987", "content": "哈哈哈哈哈哈哈哈哈"}, {"uid": "10579112", "content": "哈哈哈哈哈哈哈哈哈哈哈"}, {"uid": "89739012", "content": "23333"}, {"uid": "455512469", "content": "弹幕都是魔鬼呀！"}, {"uid": "8232854", "content": "？这什么尾巴"}, {"uid": "4093010", "content": "草"}, {"uid": "404333864", "content": "在线等，急"}, {"uid": "95445223", "content": "参  考  一  下  印  度  人  呗"}, {"uid": "8288159", "content": "太臭了"}, {"uid": "29657893", "content": "好怪啊"}, {"uid": "22999257", "content": "草"}, {"uid": "47716873", "content": "？"}, {"uid": "93806810", "content": "？？？？？？？"}, {"uid": "334926483", "content": "????"}, {"uid": "13792286", "content": "草"}, {"uid": "8567209", "content": "哈哈哈哈哈哈"}, {"uid": "5851309", "content": "你怎么回来的"}, {"uid": "1598477", "content": "我去……"}, {"uid": "470984990", "content": "草"}, {"uid": "395639989", "content": "dbq"}, {"uid": "523018446", "content": "自然风干"}, {"uid": "10314148", "content": "？？"}, {"uid": "10778462", "content": "？？？？？？？"}, {"uid": "8564690", "content": "哈哈哈哈哈哈哈哈"}, {"uid": "27172519", "content": "草"}, {"uid": "10038344", "content": "是插件！"}, {"uid": "2629851", "content": "草草草草草草"}, {"uid": "10579112", "content": "草"}, {"uid": "13304417", "content": "？？？"}, {"uid": "8298552", "content": "？"}, {"uid": "68060881", "content": "草"}, {"uid": "36077319", "content": "草"}, {"uid": "11856826", "content": "用水吧"}, {"uid": "11579795", "content": "用手吧（）"}, {"uid": "13574099", "content": "草"}, {"uid": "14199490", "content": "草 "}, {"uid": "2954926", "content": "草"}, {"uid": "391886586", "content": "草"}, {"uid": "2207090", "content": "？？？"}, {"uid": "326981983", "content": "草"}, {"uid": "121493", "content": "草"}, {"uid": "20157703", "content": "草"}, {"uid": "336109170", "content": "？？？？？？？？？？？？？？？？？？？？？"}]