[{"uid": "302167432", "content": "掱掱掱"}, {"uid": "18208014", "content": "不仅土还丈育"}, {"uid": "18208014", "content": "金木水火你"}, {"uid": "18208014", "content": "草"}, {"uid": "398495933", "content": "草"}, {"uid": "84365036", "content": "草"}, {"uid": "18253454", "content": "草"}, {"uid": "401099828", "content": "草"}, {"uid": "4383405", "content": "原地裂开我"}, {"uid": "508734070", "content": "草"}, {"uid": "7926861", "content": "立花垚（yao）"}, {"uid": "27683485", "content": "哈哈哈哈哈哈"}, {"uid": "49457975", "content": "草"}, {"uid": "49457975", "content": "草"}, {"uid": "552550241", "content": "玊、"}, {"uid": "106372606", "content": "掱掱掱"}, {"uid": "9272615", "content": "草"}, {"uid": "68218875", "content": "掱"}, {"uid": "368936590", "content": "草"}, {"uid": "406338234", "content": "知道二山桥怎么去吗？直到"}, {"uid": "7949227", "content": "掱"}, {"uid": "6377041", "content": "草，麻了麻了"}, {"uid": "139884694", "content": "掱"}, {"uid": "13317995", "content": "草"}, {"uid": "27683485", "content": "有nei味了"}, {"uid": "25460126", "content": "草"}, {"uid": "34988307", "content": "麻里麻里"}, {"uid": "95445223", "content": "12分钟"}]