[{"uid": "510197", "content": "这对太可爱了"}, {"uid": "82509090", "content": "绝了"}, {"uid": "312310193", "content": "当场去世是吧（"}, {"uid": "263058175", "content": "噗哈哈哈"}, {"uid": "12698794", "content": "对口相声组"}, {"uid": "12698794", "content": "真孤儿"}, {"uid": "12698794", "content": "描边大师"}, {"uid": "2620244", "content": "三语切换"}, {"uid": "5463640", "content": "蚌埠住了"}, {"uid": "3335761", "content": "福根裂开了"}, {"uid": "1720633", "content": "雨天的时候要扫堂腿"}, {"uid": "524638840", "content": "好活"}, {"uid": "8761243", "content": "扫堂腿"}, {"uid": "28477096", "content": "金广发还是懂的人太少了"}, {"uid": "122627996", "content": "我先总行了吧"}, {"uid": "14458191", "content": "她很擅长在伦敦当保安"}, {"uid": "14458191", "content": "塑 料 姊 妹 花"}, {"uid": "401099828", "content": "今夜月色真美，适合刺猹"}, {"uid": "401099828", "content": "天气卡组"}, {"uid": "2892952", "content": "病入膏肓了属于是"}, {"uid": "4254761", "content": "“晴天 雨天 还有有你的每一天” 草不行 太土了"}, {"uid": "35178996", "content": "回想那年在北京三里屯。。。。。。。"}, {"uid": "22470746", "content": "扫堂腿！"}, {"uid": "3523616", "content": "虚拟金广发"}, {"uid": "37843048", "content": "这个可以出院了"}, {"uid": "397639442", "content": "用吉他吃饭"}, {"uid": "23562069", "content": "卡组"}, {"uid": "22773837", "content": "好家伙"}, {"uid": "12019087", "content": "草"}, {"uid": "159943306", "content": "噔噔噔"}, {"uid": "748043", "content": "好一个天气卡组"}, {"uid": "22416445", "content": "可笑可笑 小小熊猫"}, {"uid": "35937409", "content": "蝎子这里说的是月亮漂亮"}, {"uid": "18992484", "content": "没有艾露露 没有含金量"}, {"uid": "345356708", "content": "干嘛呀你"}, {"uid": "414996747", "content": "一个人喂饱了两队"}, {"uid": "8761243", "content": "没吃吃我一拳"}, {"uid": "8761243", "content": "吃了吗"}, {"uid": "8761243", "content": "扫堂腿！"}, {"uid": "37383751", "content": "好 姐 妹"}, {"uid": "84671972", "content": "什么工地日语"}, {"uid": "12738773", "content": "经典天气卡组起手"}, {"uid": "214685299", "content": "一起捡垃圾的好姐妹"}, {"uid": "23562069", "content": "草"}, {"uid": "443529239", "content": "你寄吧谁啊"}, {"uid": "177346952", "content": "下雨天扫堂腿是吧"}, {"uid": "28477096", "content": "金广发草"}, {"uid": "251978319", "content": "同传是吧"}, {"uid": "11225146", "content": "这是个什么冷笑话"}, {"uid": "401099828", "content": "土"}, {"uid": "22748505", "content": "一起捡垃圾的姐妹"}, {"uid": "2558433", "content": "？？？"}]