[{"uid": "512030744", "content": "hhhh"}, {"uid": "158229081", "content": "a1高闪来一个好吗"}, {"uid": "497520233", "content": "放心，等会就有新宝岛(doge)"}, {"uid": "94254251", "content": "wdnmd"}, {"uid": "511574543", "content": "传  统  异  能"}, {"uid": "2472264", "content": "没有人能逃过喝水这段哈哈哈哈"}, {"uid": "590837778", "content": "加速同调（这是超越光的速度，给我记住,come on）"}, {"uid": "12992208", "content": "行 业 文 化"}, {"uid": "6780433", "content": "该来的总会来的"}, {"uid": "512030744", "content": "放心，等一下就有"}, {"uid": "27329218", "content": "预言家，刀了"}, {"uid": "362739786", "content": "传统艺能"}, {"uid": "19141665", "content": "传统文化"}, {"uid": "45087547", "content": "该来的还是来了"}, {"uid": "13312775", "content": "保留项目"}, {"uid": "4287251", "content": "已经开始笑了"}]