[{"uid": "158343644", "content": "哈哈哈哈"}, {"uid": "1495812", "content": "震惊一整年"}, {"uid": "9289830", "content": "这声音难怪01被骗"}, {"uid": "401099828", "content": "这是老大哥？"}, {"uid": "771611525", "content": "？弹幕呢？"}, {"uid": "631446058", "content": "????????????"}, {"uid": "9272615", "content": "？这是老大哥"}, {"uid": "102251332", "content": "草，光速转换声线"}, {"uid": "489573197", "content": "老板断气"}, {"uid": "6047887", "content": "纯情老大哥惨遭欺骗"}, {"uid": "4254761", "content": "才开始怀疑的吗"}, {"uid": "28438107", "content": "这龙平常直播营业声线……挺特别啊"}, {"uid": "81513", "content": "产蛋期也很软的"}, {"uid": "39499378", "content": "老大哥怎么变得这么温柔"}, {"uid": "19821515", "content": "咋滴 你们没看过Saki被窝会么 很软很软的"}, {"uid": "33070805", "content": "这是老大哥！！"}, {"uid": "51208176", "content": "这就是替身使者的替身吗"}, {"uid": "590223", "content": "这是老大哥？我无法接受"}, {"uid": "8984532", "content": "老大哥最后一秒切回营业声线(dogo)"}, {"uid": "623336", "content": "对面的是谁？！"}, {"uid": "22363074", "content": "你不是老大哥，你是谁！"}, {"uid": "11308341", "content": "草"}, {"uid": "740561", "content": "噔 噔 咚"}, {"uid": "36343432", "content": "这理由真烂"}, {"uid": "131566154", "content": "原来是完整版，正好后面这我没看过"}, {"uid": "131566154", "content": "老大哥软软的声音好听"}, {"uid": "190650", "content": "她笑的好开心啊www"}, {"uid": "8002626", "content": "这不是老大哥啊！！！"}, {"uid": "26496411", "content": "你谁呀"}, {"uid": "30254330", "content": "草"}, {"uid": "1584169", "content": "老大哥 你怎么软了呀"}, {"uid": "14487912", "content": "老大哥好软"}, {"uid": "645471253", "content": "对面那是谁？这不是老大哥！"}, {"uid": "223684705", "content": "老大哥在关心你，你却在骗他！"}, {"uid": "22588530", "content": "我的天！！！！这么软"}, {"uid": "1579011072", "content": "老大哥在关心你，你却在骗她"}, {"uid": "176889009", "content": "所以01就是被这个女人骗了吗？"}, {"uid": "473305695", "content": "这还是老大哥吗？"}, {"uid": "87622470", "content": "老大哥本音亚撒西"}, {"uid": "23362230", "content": "你谁？？？"}, {"uid": "401099828", "content": "没了没了"}, {"uid": "473305695", "content": "社会很单纯，复杂的是人 "}, {"uid": "1821465", "content": "声音这么软啊"}, {"uid": "4886101", "content": "我爱上这个老大哥了"}, {"uid": "79902177", "content": "这是找了别人替了？"}, {"uid": "5289838", "content": "我只觉得老大哥不直播声音好好听"}, {"uid": "328422", "content": "现堵鼻子是吧？"}, {"uid": "10890200", "content": "我不能接受啊"}, {"uid": "71198738", "content": "谁？"}, {"uid": "39506434", "content": "kksk"}, {"uid": "626973414", "content": "kksk"}, {"uid": "87764716", "content": "这本音让我想rua"}, {"uid": "651993634", "content": "草"}, {"uid": "885004", "content": "李云龙与赵刚"}, {"uid": "19016570", "content": "老大哥这么软吗"}, {"uid": "20022534", "content": "？？这是谁"}, {"uid": "294509506", "content": "咋感觉是好久以前的东西"}, {"uid": "426920312", "content": "这是老大哥吗！！！！"}, {"uid": "431333322", "content": "草"}, {"uid": "8410443", "content": "现堵"}, {"uid": "29657893", "content": "老大哥线下太软了！"}, {"uid": "259085151", "content": "哈哈哈哈哈哈"}, {"uid": "39846471", "content": "你哪位"}, {"uid": "9963122", "content": "这怎么这么像ninico啊"}, {"uid": "10579112", "content": "草"}, {"uid": "12547255", "content": "这是老大哥？？？"}, {"uid": "226824908", "content": "？"}, {"uid": "28675688", "content": "泪目"}, {"uid": "22588530", "content": "感情老大哥的糙汉声线还是营业声线？？"}, {"uid": "27035052", "content": "不是，老大哥，你谁？"}, {"uid": "623336", "content": "我不能接受！"}, {"uid": "773126", "content": "fafa"}, {"uid": "3391392", "content": "老大哥你怎么了老大哥！怎么软了啊"}, {"uid": "202204", "content": "这是？憨憨老大哥这么亚萨西的么！？"}, {"uid": "33800212", "content": "谁？"}, {"uid": "51208176", "content": "这是谁？替身？"}]