[{"uid": "401099828", "content": "丰 满"}, {"uid": "401099828", "content": "物述有栖（不是）"}, {"uid": "401099828", "content": "上勾拳警告"}, {"uid": "401099828", "content": "你电脑蓝屏了"}, {"uid": "401099828", "content": "让我康康！"}, {"uid": "354135260", "content": "草wwww"}, {"uid": "354135260", "content": "草"}, {"uid": "348901318", "content": "尬住了"}, {"uid": "402958578", "content": "白神遥haruka"}, {"uid": "12873632", "content": "你不是  王八是钢板"}, {"uid": "7494010", "content": "上勾拳，石锤了"}, {"uid": "7494010", "content": "Alice foo foo!"}, {"uid": "121180", "content": "我知道哪里抄的了wwww"}, {"uid": "472892265", "content": "？篡改hhh"}, {"uid": "9028227", "content": "龙：神龙，指神龙烤肉，现在指打轴翻译之类的视频工作"}, {"uid": "25645701", "content": "2434的是有栖（arisu）"}, {"uid": "354750756", "content": "龙是四川话吗？"}, {"uid": "25614148", "content": "这画板那么大吗 尾巴都能挡住"}, {"uid": "357669401", "content": "断足"}, {"uid": "39050544", "content": "也可能是p家的呢"}, {"uid": "33410502", "content": "武汉tho草"}, {"uid": "348473219", "content": "哈哈哈"}, {"uid": "348473219", "content": "好美瞳"}, {"uid": "348473219", "content": "哈哈哈"}, {"uid": "1478011", "content": "这就开始买手脚了？"}, {"uid": "4040911", "content": "哈哈哈哈哈哈"}, {"uid": "23762888", "content": "哈哈哈哈哈"}, {"uid": "23762888", "content": "哈哈哈哈哈哈哈"}, {"uid": "23762888", "content": "草"}, {"uid": "11872189", "content": "应该遮不住尾巴"}, {"uid": "11872189", "content": "一眼偷"}, {"uid": "281462088", "content": "草"}, {"uid": "162376420", "content": "这定型文我看过无数遍了"}, {"uid": "212504822", "content": "组长没投可还行"}, {"uid": "212504822", "content": "迫害组长"}, {"uid": "623336", "content": "组长怕不是个逗比！"}, {"uid": "27172519", "content": "组长，惨"}, {"uid": "29420546", "content": "草"}, {"uid": "472520251", "content": "传说中的嗝姬"}, {"uid": "167489024", "content": "草"}, {"uid": "95445223", "content": "我贪念桃园芳香的桃"}, {"uid": "95445223", "content": "非静止画面"}, {"uid": "485454", "content": "ailce哈哈哈"}, {"uid": "95445223", "content": "组长：我好得很"}, {"uid": "29657893", "content": "草"}, {"uid": "320511", "content": "湛蓝色233"}, {"uid": "10314148", "content": "不能说像，只能说就是湛蓝色。"}, {"uid": "22901176", "content": "城堡，蓝色眼睛，我好像知道是谁了"}, {"uid": "172694", "content": "草"}, {"uid": "454397731", "content": "这定型文我看过三遍了"}, {"uid": "53829602", "content": "草"}, {"uid": "53829602", "content": "好家伙"}, {"uid": "9272615", "content": "草"}]