[{"uid": "508346209", "content": "哈哈哈哈哈哈哈哈哈哈哈哈哈哈"}, {"uid": "22457553", "content": "好听"}, {"uid": "107122", "content": "不至于不至于，帕里还是很宠女儿的"}, {"uid": "22588530", "content": "叔叔狂喜"}, {"uid": "8046735", "content": "凉凉夜色祝你落地成盒～"}, {"uid": "8046735", "content": "凉凉夜色祝你落地成盒"}, {"uid": "35834595", "content": "叔叔笑了"}, {"uid": "154093980", "content": "怎么给唱出一股欧美嗓啊（笑）"}, {"uid": "25614148", "content": "轴man震怒"}, {"uid": "401099828", "content": "母慈女孝"}, {"uid": "34959019", "content": "叔叔：多孝顺的女儿啊"}, {"uid": "8211248", "content": "草"}, {"uid": "95445223", "content": "叔叔：你说得对"}, {"uid": "689276465", "content": "疯狂补救"}, {"uid": "194606767", "content": "叔叔狂喜"}, {"uid": "400380207", "content": "麻辣兔头都凉了"}, {"uid": "45492", "content": "叔叔：还有这种好事"}, {"uid": "45492", "content": "叔叔狂喜"}, {"uid": "792541", "content": "无头妈妈~帕里"}, {"uid": "13611883", "content": "已婚狂喜"}, {"uid": "96800517", "content": "突然降调"}, {"uid": "44403666", "content": "哈哈哈哈哈"}, {"uid": "443529239", "content": "？"}, {"uid": "25281442", "content": "叔叔笑开了花"}, {"uid": "2983542", "content": "里外里，叔叔赚翻了"}, {"uid": "54837818", "content": "哈哈哈哈哈"}, {"uid": "442599788", "content": "真就开始放《凉凉》呗"}, {"uid": "487678081", "content": "叔叔赚打钱"}, {"uid": "197784703", "content": "草"}, {"uid": "3037723", "content": "母慈子孝"}, {"uid": "3037723", "content": "陈叔叔可开心了"}, {"uid": "6933753", "content": "叔叔可开心了"}, {"uid": "83550976", "content": "冷吃兔"}, {"uid": "4990791", "content": "草"}, {"uid": "9272615", "content": "好汀"}, {"uid": "388155", "content": "一首凉凉献给妈妈"}, {"uid": "3615052", "content": "这首唱得还阔以"}, {"uid": "534888", "content": "帕里黑料找到了（doge）强迫女儿加班"}, {"uid": "1397128", "content": "？"}]