[{"uid": "39813625", "content": "竟然呢可爱到破防~~"}, {"uid": "683241", "content": "背后怕不是帕里"}, {"uid": "81136149", "content": "好可爱，我在d的危险边缘了"}, {"uid": "440900688", "content": "不愧是帕里做的，有那味了"}, {"uid": "158620409", "content": "这大嘴，太憨了（bushi）"}, {"uid": "2026594", "content": "可爱，单推"}, {"uid": "652338", "content": "疯了疯了！"}, {"uid": "146766796", "content": "这憨憨的表情，i了i了"}, {"uid": "13461882", "content": "国人特攻 它又又又嘞了"}, {"uid": "389603893", "content": "这绝对是01"}, {"uid": "36850276", "content": "背景的蝎子"}, {"uid": "1885634", "content": "杀疯了"}, {"uid": "4827719", "content": "可可爱爱"}, {"uid": "3348876", "content": "几天没见，这么拉了？"}, {"uid": "291076118", "content": "01永远的神！"}, {"uid": "34662783", "content": "上头"}, {"uid": "449777621", "content": "感觉这个皮好灵活的样子"}, {"uid": "495020182", "content": "在D了在D了"}, {"uid": "69873615", "content": "背后是不是帕里在测试模型"}, {"uid": "372275072", "content": "01是你吗"}, {"uid": "86730283", "content": "01是你么？"}, {"uid": "3844363", "content": "真的有那么Q弹吗？"}, {"uid": "31337711", "content": "好可爱"}, {"uid": "508346209", "content": "这是01桑"}, {"uid": "27596238", "content": "01冲"}, {"uid": "12672555", "content": "不愧是帕里"}, {"uid": "12707559", "content": "好，爷要变gachi了"}, {"uid": "652338", "content": "太可爱了！"}, {"uid": "31183734", "content": "好耶！"}, {"uid": "524638840", "content": "01yyds"}, {"uid": "34688311", "content": "上头了"}, {"uid": "4661588", "content": "洗脑"}, {"uid": "28020815", "content": "太可爱了"}, {"uid": "305052084", "content": "好可爱"}, {"uid": "343616", "content": "wink"}, {"uid": "146766796", "content": "kawaii"}, {"uid": "14219451", "content": "01在摇的"}, {"uid": "155817752", "content": "01yyds"}, {"uid": "45939011", "content": "想到这个在摇的人是01   我也不知道该不该冲了"}, {"uid": "178501119", "content": "好耶"}, {"uid": "495020182", "content": "好耶！"}, {"uid": "282172335", "content": "哈哈哈哈"}, {"uid": "494269048", "content": "01yyds！"}, {"uid": "39539395", "content": "01yyds"}, {"uid": "102836833", "content": "我好爱"}, {"uid": "354135260", "content": "whl"}, {"uid": "384913", "content": "}'p0;/9o'"}, {"uid": "228063166", "content": "再来亿遍！"}, {"uid": "294563346", "content": "刚来"}, {"uid": "153054164", "content": "01yyds"}, {"uid": "925980", "content": "i了i了 白毛憨憨 我直接单推"}, {"uid": "31876947", "content": "好耶"}, {"uid": "8852481", "content": "好耶"}, {"uid": "8387108", "content": "不许踩点啊啊啊啊啊啊啊啊啊啊啊啊啊啊"}]