[{"uid": "20918656", "content": "？？？？"}, {"uid": "35001379", "content": "一个发音吗？"}, {"uid": "6700920", "content": "pojo"}, {"uid": "20293616", "content": "草"}, {"uid": "38734392", "content": "蝎子尾巴是肚子的一部分来着"}, {"uid": "1899510", "content": "绕晕了"}, {"uid": "88040445", "content": "因为大补"}, {"uid": "22911008", "content": "？"}, {"uid": "160186418", "content": "轴man做到了！"}, {"uid": "98761364", "content": "为什么你的尾巴在前边（狗头"}, {"uid": "2907196", "content": "你搁这绕口令呢么.jpg"}, {"uid": "2907196", "content": "越毒越补"}, {"uid": "2907196", "content": "泡jio"}, {"uid": "291031618", "content": "你说的就是泡jio啊"}, {"uid": "5598346", "content": "草"}, {"uid": "11453613", "content": "灵活(看着另一个地方)"}, {"uid": "464207", "content": "已经不懂在说啥了"}, {"uid": "28667796", "content": "虽然你不晃，但是你很晃"}, {"uid": "807315", "content": "救救轴man"}, {"uid": "107481544", "content": "鹅鹅鹅饿饿"}, {"uid": "1918283", "content": "其实那是你的腹部，蝎子没有尾巴的"}, {"uid": "233789711", "content": "大补"}, {"uid": "1225837659", "content": "op也很灵活呢"}, {"uid": "241424723", "content": "草"}, {"uid": "500980700", "content": "大鹅"}, {"uid": "1225837659", "content": "蝎子精泡酒什么营养不用说了吧"}, {"uid": "164644357", "content": "掱"}, {"uid": "185495386", "content": "一摸一样"}, {"uid": "40684609", "content": "？？？？"}, {"uid": "406349620", "content": "草"}, {"uid": "8926000", "content": "草"}, {"uid": "27652079", "content": "姐姐蛰我！"}, {"uid": "415382982", "content": "草"}, {"uid": "28667796", "content": "好皇"}, {"uid": "473125214", "content": "插件"}, {"uid": "473409494", "content": "好耶"}]