[{"uid": "199473309", "content": "那怎么了，都是绿的啊（）"}, {"uid": "39357594", "content": "↓这不是给你盖了个树洞哈        "}, {"uid": "196952", "content": "草"}, {"uid": "68129973", "content": "好家伙，完全一致"}, {"uid": "13575070", "content": "草"}, {"uid": "401099828", "content": "你还有机会"}, {"uid": "401099828", "content": "九九同心"}, {"uid": "401099828", "content": "八方来财"}, {"uid": "401099828", "content": "梅开二度"}, {"uid": "401099828", "content": "明明很好笑啊！"}, {"uid": "401099828", "content": "《高ping战士》"}, {"uid": "401099828", "content": "就离谱"}, {"uid": "401099828", "content": "你跑不掉了"}, {"uid": "401099828", "content": "快跑"}, {"uid": "401099828", "content": "快跑"}, {"uid": "401099828", "content": "十 面 埋 伏"}, {"uid": "401099828", "content": "辛苦你了，时轴"}, {"uid": "401099828", "content": "吃瓜吃到自己家"}, {"uid": "94605562", "content": "老大哥梦幻联动"}, {"uid": "49915678", "content": "你为什么带着老大哥的角啊"}, {"uid": "8341876", "content": "你姐姐30的角色歌……"}, {"uid": "427439806", "content": "南佬上舰了草"}, {"uid": "54837818", "content": "离谱"}, {"uid": "18208014", "content": "这次一定"}, {"uid": "393825984", "content": "这次一定"}, {"uid": "393825984", "content": "这次一定"}, {"uid": "401099828", "content": "七星高照"}, {"uid": "401099828", "content": "梅花三弄"}, {"uid": "401099828", "content": "五谷丰登"}, {"uid": "920972", "content": "这角毫无违和感"}, {"uid": "401099828", "content": "六畜兴旺"}, {"uid": "3557174", "content": "太anti了"}, {"uid": "393825984", "content": "下次一定"}, {"uid": "401099828", "content": "四季如春"}, {"uid": "443529239", "content": "笑死"}, {"uid": "401099828", "content": "梅花初绽"}, {"uid": "401099828", "content": "哈哈哈哈哈哈哈哈哈哈哈哈哈哈哈哈"}, {"uid": "3404022", "content": "[爱心]立[爱心]花[爱心]遥[爱心]快[爱心]去[爱心]泡[爱心]酒[爱心]​"}]