[{"uid": "190371", "content": "猫猫这表情怎么回事"}, {"uid": "190371", "content": "猫猫冷静"}, {"uid": "190371", "content": "这表情"}, {"uid": "699094856", "content": "这就提督了哈哈哈哈"}, {"uid": "699094856", "content": "这个口水音i了i了"}, {"uid": "220695531", "content": "草，这音效，绝了2333"}, {"uid": "190371", "content": "是谁给我开了洗脑循环？？？"}, {"uid": "699094856", "content": "战术后退"}, {"uid": "699094856", "content": "猫猫骂我！！！"}, {"uid": "699094856", "content": "哈哈哈这眼神儿"}, {"uid": "699094856", "content": "猫猫！！！哈哈哈哈哈"}, {"uid": "220695531", "content": "我不做单推啦，猫猫！！"}, {"uid": "5247626", "content": "这么妩媚的猫猫i了i了"}, {"uid": "699094856", "content": "上舰长哈哈哈哈哈哈哈"}, {"uid": "171682332", "content": "我只会心疼geigei～"}, {"uid": "699094856", "content": "猫猫suki"}, {"uid": "5247626", "content": "→我只会心疼giegie←"}, {"uid": "699094856", "content": "这表情wc"}, {"uid": "220695531", "content": "脑壳里装了电灯泡（）"}, {"uid": "190371", "content": "又来开头了"}, {"uid": "220695531", "content": "跟猫猫吃同一根棒棒糖，嘿嘿嘿"}, {"uid": "699094856", "content": "战术后退"}, {"uid": "699094856", "content": "脸怎么发光了"}, {"uid": "699094856", "content": "wc哈哈哈哈哈哈哈哈哈"}, {"uid": "220695531", "content": "这表情hso"}, {"uid": "190371", "content": "哈哈好家伙"}, {"uid": "699094856", "content": "好活当赏"}, {"uid": "190371", "content": "哈哈哈哈哈"}, {"uid": "699094856", "content": "猫猫suki！！！！！"}, {"uid": "220695531", "content": "各位懂了吗？只有dd才会被心疼"}, {"uid": "220695531", "content": "这表情……whl"}, {"uid": "171682332", "content": "哦哦哦哦哦"}, {"uid": "190371", "content": "不会的"}, {"uid": "190371", "content": "我没有d我没有"}, {"uid": "220695531", "content": "来了来了"}, {"uid": "5247626", "content": "冲舰长"}]