[{"uid": "699094856", "content": "这猫疯了"}, {"uid": "699094856", "content": "这也太傻了"}, {"uid": "699094856", "content": "好傻啊怎么会这么傻"}, {"uid": "699094856", "content": "啥啊"}, {"uid": "699094856", "content": "？？？？？？"}, {"uid": "699094856", "content": "好可爱"}, {"uid": "699094856", "content": "好傻啊哈哈"}, {"uid": "1300153", "content": "傻fufu的"}, {"uid": "699094856", "content": "哈哈好耶"}, {"uid": "699094856", "content": "哈哈哈哈哈哈哈哈哈哈哈哈哈哈哈哈哈"}]