[{"uid": "699094856", "content": "怎么又变成狗了"}, {"uid": "699094856", "content": "嗷呜"}, {"uid": "699094856", "content": "哈哈哈"}, {"uid": "699094856", "content": "nyanyanya"}, {"uid": "699094856", "content": "轴man辛苦了"}, {"uid": "699094856", "content": "喵语十级"}, {"uid": "699094856", "content": "直说好家伙！"}, {"uid": "699094856", "content": "好家伙"}, {"uid": "699094856", "content": "诶，为什么弹幕都没了？"}, {"uid": "699094856", "content": "啊这"}]