[{"uid": "699094856", "content": "这次一定！"}, {"uid": "527597467", "content": "那你得饿死"}, {"uid": "482443175", "content": "酸？醋？"}, {"uid": "437915239", "content": "酸儿辣女，看来我们会有一个儿子（狗头）"}, {"uid": "699094856", "content": "可爱！"}, {"uid": "482420245", "content": "恭喜出道"}, {"uid": "95837888", "content": "好耶"}, {"uid": "624207963", "content": "正常人类可还行"}, {"uid": "401501684", "content": "我爱猫猫"}, {"uid": "699094856", "content": "喵喵喵"}, {"uid": "367412261", "content": "那一定很喜欢吃柠檬吧"}, {"uid": "204684", "content": "酸儿辣女？"}, {"uid": "401895844", "content": "下次也不一定"}, {"uid": "445259788", "content": "再接再厉"}, {"uid": "84505160", "content": "第一条弹幕（）"}, {"uid": "524022928", "content": "弹幕弹幕弹幕弹幕弹幕"}]