[{"uid": "699094856", "content": "好可爱哈哈哈"}, {"uid": "699094856", "content": "好好玩哈哈哈"}, {"uid": "5247626", "content": "三连三连"}, {"uid": "5247626", "content": "很难不gachi"}, {"uid": "35015527", "content": "噗噜噜噜噜"}, {"uid": "35015527", "content": "好耶"}, {"uid": "699094856", "content": "这个咀嚼声太可爱啦！！"}, {"uid": "35015527", "content": "笑死"}, {"uid": "699094856", "content": "暂停成功！"}, {"uid": "220695531", "content": "可爱，suki"}, {"uid": "699094856", "content": "Nice~~"}, {"uid": "220695531", "content": "猫猫溺水中……"}, {"uid": "699094856", "content": "可爱死啦"}, {"uid": "220695531", "content": "啾啾猫猫"}, {"uid": "699094856", "content": "开幕笑死"}, {"uid": "699094856", "content": "猫猫suki！"}, {"uid": "88367224", "content": "可爱死了"}, {"uid": "699094856", "content": "喵~"}, {"uid": "699094856", "content": "好诶前排"}, {"uid": "35015527", "content": "nice～"}, {"uid": "220695531", "content": "好耶"}, {"uid": "220695531", "content": "迫真芒果汁"}, {"uid": "220695531", "content": "阿巴阿巴阿巴"}, {"uid": "194570623", "content": "没救了等死吧告辞"}, {"uid": "699094856", "content": "不能↑"}, {"uid": "699094856", "content": "这猫。。。"}, {"uid": "699094856", "content": "可爱！"}, {"uid": "5247626", "content": "23333333"}]