[{"uid": "474100350", "content": "客人：你也玩原神？"}, {"uid": "699094856", "content": "啊这"}, {"uid": "699094856", "content": "啊这"}, {"uid": "699094856", "content": "猫猫好可爱哈哈哈"}, {"uid": "699094856", "content": "猫猫坏坏"}, {"uid": "699094856", "content": "哈哈哈哈哈哈哈"}, {"uid": "3782849", "content": "猫猫可爱，爱了"}, {"uid": "1300153", "content": "？"}, {"uid": "521402", "content": "猫猫不会这就被反杀了吧"}, {"uid": "699094856", "content": "好可爱的猫猫！"}, {"uid": "699094856", "content": "好可爱啊"}, {"uid": "699094856", "content": "啊啊啊好可爱"}, {"uid": "699094856", "content": "脸红猫猫！！"}, {"uid": "699094856", "content": "啊猫猫好可爱啊啊"}, {"uid": "699094856", "content": "啊啊啊啊啊好可爱的画风"}, {"uid": "35015527", "content": "打破第四面墙"}, {"uid": "35015527", "content": "恶 魔 低 语"}, {"uid": "521402", "content": "！？？？？？？"}, {"uid": "521402", "content": "小思来啦"}, {"uid": "521402", "content": "猫猫太可爱啦"}, {"uid": "521402", "content": "耶耶的服务员耶耶的服务员感觉好屑哦"}, {"uid": "63268643", "content": "哈哈哈哈哈哈哈哈哈哈哈哈"}, {"uid": "63268643", "content": "猫猫好可爱"}, {"uid": "220695531", "content": "听不见，大声点，这么小声还想点二次元套餐？"}, {"uid": "220695531", "content": "草，男同可还行"}, {"uid": "220695531", "content": "影分身之术"}]