[{"uid": "699094856", "content": "被子我们结婚吧（bushi）"}, {"uid": "699094856", "content": "呜呜呜呜说的是你自己！"}, {"uid": "28613620", "content": "你在骂你在骂"}, {"uid": "699094856", "content": "这太真实了"}, {"uid": "699094856", "content": "啊这别骂了"}, {"uid": "699094856", "content": "这不是说你自己吗~"}, {"uid": "107855034", "content": "你再骂？！"}, {"uid": "699094856", "content": "你不要过来啊"}, {"uid": "629184597", "content": "你不要过来啊"}, {"uid": "699094856", "content": "别骂了别骂了"}, {"uid": "23963922", "content": "你再骂"}, {"uid": "699094856", "content": "炸鸡多好吃啊！"}, {"uid": "699094856", "content": "嘿嘿嘿"}, {"uid": "37223823", "content": "草 好活"}, {"uid": "517157949", "content": "真实"}, {"uid": "28613620", "content": "别骂了别骂了"}, {"uid": "699094856", "content": "乐"}, {"uid": "699094856", "content": "别骂了别骂了停不下来了"}, {"uid": "187326768", "content": "姐别骂了"}, {"uid": "37223823", "content": "草"}, {"uid": "699094856", "content": "啊"}, {"uid": "699094856", "content": "说的是你自己吗"}, {"uid": "699094856", "content": "我正在点外卖。。。。。。。。。。。。。。"}]