[{"uid": "699094856", "content": "我直接自信的叫一句：老婆！"}, {"uid": "699094856", "content": "真·梦开始的地方。太好听了！"}, {"uid": "699094856", "content": "好喜欢33呀"}, {"uid": "699094856", "content": "真的很少发弹幕，但是好好听 啊啊"}, {"uid": "699094856", "content": "2233"}, {"uid": "699094856", "content": "画好美啊，歌声也美"}, {"uid": "699094856", "content": "太好听啦"}, {"uid": "699094856", "content": "太美了这画面"}, {"uid": "699094856", "content": "黑酱古风和日语歌都好听"}, {"uid": "699094856", "content": "高音好干净~~"}, {"uid": "699094856", "content": "这个真的每一帧都是壁纸"}, {"uid": "699094856", "content": "这个pv真的太好看了"}, {"uid": "699094856", "content": "梦开始的地方"}, {"uid": "699094856", "content": "绝了~~~~~"}, {"uid": "699094856", "content": "好好听啊！！"}, {"uid": "320755139", "content": "声音好甜"}, {"uid": "7540635", "content": "我直接好耶！！！！！"}, {"uid": "699094856", "content": "~~~~~~~"}, {"uid": "220695531", "content": "单（d）推（d）了"}, {"uid": "27710579", "content": "～(￣▽￣～)~"}, {"uid": "699094856", "content": "好耶ヾ(✿ﾟ▽ﾟ)ノ"}, {"uid": "699094856", "content": "猫猫唱歌真好听"}, {"uid": "2687967", "content": "猫猫我们结婚就放这个"}, {"uid": "24238480", "content": "前面的在想桃子"}, {"uid": "39251769", "content": "不说别的，猫猫是我的"}, {"uid": "699094856", "content": "真好听啊，循环了！！！"}, {"uid": "220695531", "content": "来了来了来了"}, {"uid": "699094856", "content": "我又来了"}, {"uid": "699094856", "content": "猫猫suki"}, {"uid": "699094856", "content": "单曲循环~~~"}, {"uid": "13962476", "content": "初见，喜欢，单挑w"}, {"uid": "699094856", "content": "我最喜欢的版本"}, {"uid": "699094856", "content": "好耶！！！"}, {"uid": "699094856", "content": "好听！！！！"}, {"uid": "220695531", "content": "来了来了来了"}, {"uid": "699094856", "content": "好听好听呜呜呜"}, {"uid": "699094856", "content": "是真的好听"}, {"uid": "699094856", "content": "声音好好听啊"}, {"uid": "699094856", "content": "好听，呜呜呜呜呜"}, {"uid": "384421448", "content": "这戏腔好听啊"}, {"uid": "699094856", "content": "啊啊啊啊啊啊啊啊啊啊"}, {"uid": "699094856", "content": "好美啊！！！"}, {"uid": "699094856", "content": "满足了！！"}, {"uid": "699094856", "content": "好听，单推了！"}, {"uid": "699094856", "content": "~ o(*￣▽￣*)o ~"}, {"uid": "699094856", "content": "太好听了"}, {"uid": "699094856", "content": "好好听啊"}, {"uid": "95240312", "content": "好听"}, {"uid": "699094856", "content": "啊啊啊啊"}, {"uid": "699094856", "content": "太好听了~~~"}, {"uid": "401501684", "content": "好听"}, {"uid": "699094856", "content": "单曲循环"}, {"uid": "39251769", "content": "单曲循环"}, {"uid": "27710579", "content": "好耶"}, {"uid": "36812709", "content": "\\猫猫/\\猫猫/\\猫猫/\\猫猫/\\猫猫/\\猫猫/\\猫猫/"}, {"uid": "36812709", "content": "\\猫猫/\\猫猫/\\猫猫/\\猫猫/\\猫猫/\\猫猫/\\猫猫/\\猫猫/\\猫猫/\\猫猫/\\猫猫/\\猫猫/\\猫猫/\\猫猫/\\猫猫/\\猫猫/"}, {"uid": "36812709", "content": "\\猫猫/\\猫猫/\\猫猫/\\猫猫/\\猫猫/\\猫猫/\\猫猫/\\猫猫/\\猫猫/\\猫猫/\\猫猫/\\猫猫/\\猫猫/\\猫猫/\\猫猫/\\猫猫/"}, {"uid": "36812709", "content": "\\猫猫/\\猫猫/\\猫猫/\\猫猫/\\猫猫/\\猫猫/\\猫猫/\\猫猫/\\猫猫/\\猫猫/\\猫猫/\\猫猫/"}, {"uid": "36812709", "content": "\\猫猫/\\猫猫/\\猫猫/\\猫猫/\\猫猫/\\猫猫/\\猫猫/\\猫猫/\\猫猫/\\猫猫/\\猫猫/\\猫猫/"}, {"uid": "36812709", "content": "\\猫猫/\\猫猫/\\猫猫/\\猫猫/\\猫猫/\\猫猫/\\猫猫/\\猫猫/"}, {"uid": "36812709", "content": "\\猫猫/\\猫猫/\\猫猫/\\猫猫/\\猫猫/\\猫猫/\\猫猫/\\猫猫/\\猫猫/\\猫猫/\\猫猫/\\猫猫/"}, {"uid": "36812709", "content": "\\猫猫/\\猫猫/\\猫猫/\\猫猫/\\猫猫/\\猫猫/\\猫猫/\\猫猫/"}, {"uid": "220695531", "content": "\\猫猫/\\猫猫/\\猫猫/\\猫猫/\\猫猫/\\猫猫/\\猫猫/\\猫猫/\\猫猫/\\猫猫/"}, {"uid": "220695531", "content": "\\猫猫/\\猫猫/\\猫猫/\\猫猫/\\猫猫/\\猫猫/\\猫猫/\\猫猫/\\猫猫/\\猫猫/"}, {"uid": "699094856", "content": "好汀好汀好汀好汀好汀好汀好汀好汀好汀好汀"}, {"uid": "36812709", "content": "\\猫猫/\\猫猫/\\猫猫/\\猫猫/"}, {"uid": "36812709", "content": "\\猫猫/\\猫猫/\\猫猫/\\猫猫/\\猫猫/\\猫猫/\\猫猫/\\猫猫/"}, {"uid": "36812709", "content": "\\猫猫/\\猫猫/\\猫猫/\\猫猫/"}, {"uid": "220695531", "content": "\\猫猫/\\猫猫/\\猫猫/\\猫猫/\\猫猫/\\猫猫/\\猫猫/\\猫猫/\\猫猫/\\猫猫/"}, {"uid": "36812709", "content": "\\猫猫/\\猫猫/\\猫猫/\\猫猫/"}]