[{"uid": "350296281", "content": "你是谁？扇宝去哪了！"}, {"uid": "2103338136", "content": "说好从今以后都牵着手"}, {"uid": "2103338136", "content": "交换无名指金色的契约"}, {"uid": "2103338136", "content": "因为你太柔软"}, {"uid": "2103338136", "content": "所以让我再靠近一点点"}, {"uid": "2103338136", "content": "啦啦啦啦啦啦啦"}, {"uid": "520826796", "content": "闭嘴让舅妈来！"}, {"uid": "3119585", "content": "卧槽，扇！"}, {"uid": "59453234", "content": "彻底沦陷了家人们"}, {"uid": "19570367", "content": "灵魂献唱，所以嘴巴不用动"}, {"uid": "5997032", "content": "草，瞬间以为皂老师。"}, {"uid": "13147061", "content": "钩指歧↑↓视"}, {"uid": "8300580", "content": "鸽子骑士"}, {"uid": "378871105", "content": "唱歌的时候就换人唱完换回来"}, {"uid": "237330021", "content": "奇怪，为什么会不火啊！给我火！"}, {"uid": "72594755", "content": "卧槽美女你谁"}, {"uid": "3292254", "content": "大舅妈 给个姬会吧！！！"}, {"uid": "629026761", "content": "又见到—片哥了"}, {"uid": "17057179", "content": "因为片哥真的是中戏的（x）"}, {"uid": "11182099", "content": "我那么的的一块钢板呢！！！"}, {"uid": "87479567", "content": "哈哈哈  自夸可还行"}, {"uid": "472671198", "content": "我的扇宝呢？"}, {"uid": "101381108", "content": "？？？？"}, {"uid": "7993650", "content": "这不是那个中戏的片哥吗"}, {"uid": "483629927", "content": "日 常 换 中 之 人"}, {"uid": "504302582", "content": "兴奋的拍肚皮"}, {"uid": "254493235", "content": "不是大舅妈吗"}, {"uid": "174533993", "content": "这个声线爱了爱了爱了！！！"}, {"uid": "27182312", "content": "？？？"}, {"uid": "2405004", "content": "说话的是扇宝，唱歌的是扇子妈"}, {"uid": "8075595", "content": "身份扑朔迷离哈哈哈"}, {"uid": "143263191", "content": "头发好丝滑"}, {"uid": "897436", "content": "扇宝这声线真好听"}, {"uid": "8070037", "content": "这姐姐声线好耶！"}, {"uid": "288758321", "content": "瞬间出戏"}, {"uid": "313277911", "content": "草，有种声画不一致的感觉"}, {"uid": "143479161", "content": "？？？？？？"}, {"uid": "222099", "content": "？？？"}, {"uid": "28662350", "content": "原生大碟？？？？"}, {"uid": "181959228", "content": "您哪位？"}, {"uid": "8300580", "content": "每次唱歌就换人"}, {"uid": "326855297", "content": "这个声线爱了爱了"}, {"uid": "64911745", "content": "鸽子骑士"}, {"uid": "174533993", "content": "姐姐声线太好听了叭"}, {"uid": "18587576", "content": "这个是扇妈吗"}, {"uid": "437869150", "content": "？？？？？？？？？？？？"}, {"uid": "33724619", "content": "？"}, {"uid": "56458764", "content": "两个中之人？"}, {"uid": "24501353", "content": "你是谁？ 扇宝那"}, {"uid": "33622682", "content": "扇宝太可爱啦"}, {"uid": "375427477", "content": "歌名：勾指歧视"}, {"uid": "2995989", "content": "枸杞起司"}, {"uid": "34656883", "content": "？？？？？"}, {"uid": "22570888", "content": "随然知道差别很大，但还是让人惊讶了"}, {"uid": "23626930", "content": "本音爱了怎么办"}, {"uid": "19312096", "content": "这是扇子妈"}, {"uid": "10328381", "content": "惊呆了"}, {"uid": "4197771", "content": "惊了！"}, {"uid": "12603714", "content": "久 等 了 ！"}, {"uid": "12603714", "content": "草，中国财布 复刻"}, {"uid": "165079782", "content": "开口沦陷"}, {"uid": "171338", "content": "让唱歌的大姐姐回来！"}, {"uid": "95293051", "content": "这就是外卖姐姐啊"}, {"uid": "2103338136", "content": "因为你太温暖"}, {"uid": "520826796", "content": "请亏我泉"}, {"uid": "27964422", "content": "？"}, {"uid": "16200750", "content": "扇宝就算穷也不会说什么给我打钱之类的 泪目了"}, {"uid": "35478542", "content": "？？？"}, {"uid": "482093483", "content": "！"}, {"uid": "46458430", "content": "？？？？？？？？？"}, {"uid": "73406901", "content": "你谁？"}, {"uid": "3446605", "content": "啊这"}, {"uid": "2008817", "content": "？？？"}, {"uid": "7964387", "content": "谁？？？？？？"}, {"uid": "20351836", "content": "你快变回去！"}, {"uid": "36277250", "content": "反向老大哥 真的"}, {"uid": "36277250", "content": "你是谁？"}, {"uid": "631475388", "content": "？？？"}, {"uid": "3667524", "content": "雾草 你能不能用这个声音播"}, {"uid": "29289", "content": "勾子骑士"}, {"uid": "21677239", "content": "老婆！！！！！！！"}, {"uid": "251520398", "content": "温↓暖"}, {"uid": "37721635", "content": "？？？？？"}, {"uid": "34999281", "content": "？"}, {"uid": "222082638", "content": "？？？"}, {"uid": "2103338136", "content": "因为要走很远"}, {"uid": "2103338136", "content": "啦啦啦啦啦啦啦啦"}, {"uid": "1678684712", "content": "你不要说话，让那个姐姐唱"}, {"uid": "520826796", "content": "嗷嗷嗷嗷啊啊啊啊啊啊啊"}, {"uid": "422164593", "content": "？？？？？"}, {"uid": "500747054", "content": "哈哈哈i了i了"}, {"uid": "10114365", "content": "？？？？？？！"}, {"uid": "17997156", "content": "？"}, {"uid": "29346375", "content": "扇宝中之人卡尔玛是吧？？？"}, {"uid": "222099", "content": "？"}, {"uid": "146114", "content": "？？？"}, {"uid": "2008817", "content": "我很可爱 请给我钱"}, {"uid": "24001620", "content": "打雷"}, {"uid": "139034702", "content": "姐姐你谁"}, {"uid": "29289", "content": "假唱！"}, {"uid": "39726712", "content": "握草"}, {"uid": "6549319", "content": "中之人变更回？"}, {"uid": "456600002", "content": "肚皮拍起来"}, {"uid": "38047686", "content": "哇塞"}, {"uid": "413537", "content": "?靓女你谁"}, {"uid": "12005390", "content": "？？这是本音？！i了i了"}, {"uid": "14134189", "content": "本音还挺好听的"}, {"uid": "27608178", "content": "姐姐你谁啊"}, {"uid": "100995663", "content": "为什么嘴巴不张呢"}, {"uid": "92740070", "content": "卧槽"}, {"uid": "295995809", "content": "？"}, {"uid": "46458430", "content": "？？？？？？？？"}, {"uid": "27698923", "content": "谁？"}, {"uid": "4340935", "content": "蚌埠住了"}, {"uid": "38730836", "content": "..."}, {"uid": "500769299", "content": "？？？？？？？？？？？？"}, {"uid": "101339026", "content": "你谁？"}, {"uid": "169464496", "content": "我直接就是收藏"}, {"uid": "324285577", "content": "卧槽"}, {"uid": "12351535", "content": "你是谁、"}, {"uid": "132895", "content": "谁?"}, {"uid": "358291919", "content": "本音爱了爱了"}, {"uid": "1463414", "content": "这谁？"}, {"uid": "87479567", "content": "可爱  D了"}, {"uid": "14016742", "content": "好听"}, {"uid": "2103338136", "content": "给彼此岁月"}, {"uid": "2103338136", "content": "我会再变得坚强一点点"}, {"uid": "520826796", "content": "suki"}, {"uid": "2700164", "content": "哈哈哈哈"}, {"uid": "50870429", "content": "....."}, {"uid": "21394814", "content": "你谁"}, {"uid": "66895174", "content": "你是？"}, {"uid": "5997032", "content": "憋说话，让大姐姐回来（）"}, {"uid": "295995809", "content": "？"}, {"uid": "486137517", "content": "wc？"}, {"uid": "276895600", "content": "铛"}, {"uid": "26886022", "content": "？？？？"}, {"uid": "281258319", "content": "？？？？"}, {"uid": "13551596", "content": "你不要说话！你不要说话！"}, {"uid": "6816892", "content": "能不能用仲个声线播"}, {"uid": "24001620", "content": "???"}, {"uid": "79971989", "content": "??"}, {"uid": "391917432", "content": "!"}, {"uid": "43763916", "content": "？？？？？？"}, {"uid": "277359671", "content": "哇"}, {"uid": "431226106", "content": "WC"}, {"uid": "409494099", "content": "谁"}, {"uid": "87479567", "content": "太憨了"}, {"uid": "15463505", "content": "？？？？？？？？？"}, {"uid": "22183511", "content": "！！！！好汀"}, {"uid": "3675179", "content": "谁?"}, {"uid": "107944933", "content": "鸽子骑士"}, {"uid": "9373872", "content": "哇真好听！"}, {"uid": "92901099", "content": "片哥赚了"}, {"uid": "2103338136", "content": "好耶"}, {"uid": "2103338136", "content": "啦啦啦啦啦啦啦啦"}, {"uid": "2103338136", "content": "靓女你谁"}, {"uid": "520826796", "content": "不行了家人们"}, {"uid": "178525498", "content": "？？？？？"}, {"uid": "17759414", "content": "大舅妈"}, {"uid": "2782892", "content": "姐姐你谁"}, {"uid": "214323243", "content": "怎么不是鼠标整的"}, {"uid": "14152648", "content": "？？？"}, {"uid": "255500838", "content": "换人了？"}, {"uid": "39628084", "content": "？"}, {"uid": "17637149", "content": "差异性"}, {"uid": "3543707", "content": "铛~"}, {"uid": "462775", "content": "美女你谁"}, {"uid": "28573281", "content": "哈哈哈哈哈什么鬼"}, {"uid": "251299778", "content": "？"}, {"uid": "1536363", "content": "、？"}, {"uid": "215142618", "content": "爱了爱了"}, {"uid": "628665461", "content": "???"}, {"uid": "43763916", "content": "这个反差"}, {"uid": "36980232", "content": "黑人问号"}, {"uid": "6807685", "content": "?"}, {"uid": "4218620", "content": "卧槽"}, {"uid": "295404917", "content": "？？？"}, {"uid": "296746527", "content": "who are you"}, {"uid": "190927561", "content": "加油"}, {"uid": "288758321", "content": "喔哦"}, {"uid": "507700926", "content": "？？？？？？？？"}, {"uid": "1678684712", "content": "爱了爱了"}, {"uid": "1309185", "content": "谁？"}, {"uid": "38143233", "content": "？"}, {"uid": "51000381", "content": "换人了？！"}, {"uid": "397503878", "content": "？？？"}, {"uid": "1370552965", "content": "请亏我权"}, {"uid": "3418916", "content": "?"}, {"uid": "23191733", "content": "？"}, {"uid": "324934686", "content": "太草了哈哈哈哈哈，爱了爱了"}, {"uid": "355177969", "content": "wow"}, {"uid": "456055602", "content": "你是谁？"}, {"uid": "504675565", "content": "钩子歧视"}, {"uid": "1780621", "content": "？"}, {"uid": "7051627", "content": "?"}, {"uid": "23631368", "content": "？"}, {"uid": "431226106", "content": "你谁"}, {"uid": "4161339", "content": "靓女你"}, {"uid": "7787467", "content": "？？？？？"}, {"uid": "2941440", "content": "跑到我心里了呗"}, {"uid": "85757160", "content": "我老婆了？？？？"}, {"uid": "93407745", "content": "？？"}, {"uid": "1280024", "content": "固执骑士啊"}, {"uid": "68101836", "content": "！"}, {"uid": "8084587", "content": "固执骑士"}, {"uid": "24460990", "content": "谁???"}, {"uid": "482093483", "content": "？"}, {"uid": "194224507", "content": "？？？？？"}, {"uid": "4340935", "content": "草"}, {"uid": "8941734", "content": "？？？？？"}, {"uid": "95147635", "content": "？？？我刚开始看嘴没动还以为是原唱"}, {"uid": "3292254", "content": "为什么前面没有 回收爱迫害的弟弟？"}, {"uid": "102775573", "content": "跑了，但没完全跑"}, {"uid": "27687439", "content": "？？？"}, {"uid": "34422002", "content": "美女你谁？"}, {"uid": "20351836", "content": "你不要说话！"}, {"uid": "21179141", "content": "这个声音好"}, {"uid": "129322115", "content": "？你谁？"}, {"uid": "435912569", "content": "你谁啊？肯定是假唱！"}, {"uid": "25986215", "content": "好汀"}, {"uid": "124042", "content": "狗子骑士"}, {"uid": "372031475", "content": "？？"}, {"uid": "84973625", "content": "这声音有点像心萪"}, {"uid": "6549319", "content": "这是...谁？？？"}, {"uid": "38047686", "content": "你哪位？"}, {"uid": "482438883", "content": "阿 这 "}, {"uid": "21372052", "content": "好听"}, {"uid": "33993391", "content": "？"}, {"uid": "358376940", "content": "你谁"}, {"uid": "358376940", "content": "?"}, {"uid": "31570405", "content": "小可爱"}, {"uid": "2008817", "content": "？？？"}, {"uid": "379866372", "content": "哦哦哦"}, {"uid": "1964173", "content": "你是谁"}, {"uid": "352105990", "content": "？"}, {"uid": "404741957", "content": "？？"}, {"uid": "430479517", "content": "好听"}, {"uid": "46458430", "content": "？？？？？？？"}, {"uid": "8237868", "content": "？"}, {"uid": "3671565", "content": "您好？您谁？"}, {"uid": "516867273", "content": "啊这"}, {"uid": "34422002", "content": "？？"}, {"uid": "11255913", "content": "换人啦"}, {"uid": "172216", "content": "？？"}, {"uid": "215142618", "content": "哇⊙∀⊙！"}, {"uid": "11418582", "content": "？？？你是谁？？？"}, {"uid": "169464496", "content": "太好听了吧"}, {"uid": "21402189", "content": "？？？？？？？？？"}, {"uid": "4254761", "content": "！！"}, {"uid": "161832078", "content": "\\大舅妈/\\大舅妈/\\大舅妈/"}, {"uid": "3292254", "content": "呕呕呕 我爱了爱了 我要给你上舰 大舅妈能单独开个号么？性别能别卡这么死么？"}, {"uid": "424414393", "content": "？？？？？？？？？？？？？？？、"}]