[{"uid": "8320365", "content": "这很海澜之家"}, {"uid": "443435935", "content": "有点懵，扇宝牛皮"}, {"uid": "690614195", "content": "这不投鬼畜区？"}, {"uid": "44176634", "content": "够沙雕爱了爱了"}, {"uid": "13564126", "content": "恭喜发现整站之宝"}, {"uid": "31570405", "content": "味道过重鸭鸭鸭"}, {"uid": "9230203", "content": "贴图太草了"}, {"uid": "397758443", "content": "小问号你是否也有很多朋友"}, {"uid": "295290980", "content": "好听"}, {"uid": "36287661", "content": "过于生草"}, {"uid": "13564126", "content": "草（一种植物）"}, {"uid": "11758918", "content": "hhhhhhh"}, {"uid": "74143924", "content": "草"}, {"uid": "13564126", "content": "漕"}, {"uid": "13564126", "content": "魔性洗脑"}, {"uid": "475587162", "content": "草"}, {"uid": "74143924", "content": "喵内！"}, {"uid": "54745714", "content": "????"}, {"uid": "6413752", "content": "哈哈哈哈哈"}, {"uid": "514983777", "content": "百草园"}, {"uid": "690614195", "content": "可惜还没有粉丝勋章否则我就可以刷某某之家了"}, {"uid": "509734360", "content": "草"}, {"uid": "44176634", "content": "好家伙"}, {"uid": "13564126", "content": "整活了"}, {"uid": "364149319", "content": "啊这"}, {"uid": "36287661", "content": "贡献弹幕"}, {"uid": "3666474", "content": "可爱"}, {"uid": "74143924", "content": "草"}, {"uid": "13564126", "content": "除草机"}, {"uid": "11865970", "content": "好活"}, {"uid": "104351861", "content": "草"}, {"uid": "10529949", "content": "草"}, {"uid": "4671546", "content": "\\扇宝/\\扇宝/\\扇宝/\\扇宝/\\扇宝/"}]