[{"uid": "1775962705", "content": "扇宝声音好甜"}, {"uid": "104833767", "content": "梦开始的地方"}, {"uid": "19704172", "content": "我喜欢的画风"}, {"uid": "87479567", "content": "声音好听，可爱"}, {"uid": "94367414", "content": "扇宝！扇宝！（DD怒吼）"}, {"uid": "490985567", "content": "可爱"}, {"uid": "490985567", "content": "好听！"}, {"uid": "18187695", "content": "扇宝可惜了"}, {"uid": "262091025", "content": "可爱"}, {"uid": "535645131", "content": "好美"}, {"uid": "178754180", "content": "好好听！"}, {"uid": "98473712", "content": "扇宝妈妈爱你！"}, {"uid": "12603714", "content": "在强者如云的B站，确实能称得上 中等偏上"}, {"uid": "12603714", "content": "国内应该叫VUP~"}, {"uid": "290735584", "content": "宝贝很棒"}, {"uid": "392729416", "content": "好听！"}, {"uid": "26483624", "content": "建议VTB出道"}, {"uid": "295290980", "content": "唱的好可爱呀"}, {"uid": "35930855", "content": "巴说了，三连了"}, {"uid": "346751491", "content": "扇宝，我的扇宝"}, {"uid": "262091025", "content": "来了来了"}, {"uid": "19783348", "content": "好好听"}, {"uid": "3274571", "content": "好听好听！！！"}, {"uid": "32053136", "content": "我来咯"}, {"uid": "38038004", "content": "好听"}, {"uid": "3274571", "content": "宝贝妈妈来了"}, {"uid": "397207944", "content": "这么好听怎么弹幕？"}, {"uid": "1511520648", "content": "好听好听"}, {"uid": "84274220", "content": "Bv1ey4y1k7zg"}, {"uid": "35930855", "content": "好听！"}, {"uid": "35930855", "content": "欢迎"}, {"uid": "4340935", "content": "好好好"}, {"uid": "96125245", "content": "你很棒哦"}, {"uid": "484415748", "content": "\\扇宝/\\扇宝/\\扇宝/\\扇宝/"}, {"uid": "484415748", "content": "\\扇宝/\\扇宝/\\扇宝/\\扇宝/"}, {"uid": "4671546", "content": "\\扇宝/\\扇宝/\\扇宝/\\扇宝/\\扇宝/"}, {"uid": "33560642", "content": "❤️❤️❤️❤️❤️❤️❤️❤️"}]