[{"uid": "38941505", "content": "封面东方铁扇"}, {"uid": "87479567", "content": "哈哈哈扇宝可爱死了"}, {"uid": "174849339", "content": "我的耳朵怎么听不见了（doge"}, {"uid": "629929486", "content": "草"}, {"uid": "87479567", "content": "哈哈哈可爱死了"}, {"uid": "161684678", "content": "完了，出不去了"}, {"uid": "15517837", "content": "很有精神！"}, {"uid": "87479567", "content": "啊啊啊啊扇宝太可爱了啊"}, {"uid": "287917", "content": "哈哈哈哈哈嗝"}, {"uid": "1284494", "content": "233"}, {"uid": "382560518", "content": "！！！"}, {"uid": "99417916", "content": "左边弹幕都愣住了"}, {"uid": "25468177", "content": "草"}, {"uid": "87479567", "content": "？？？？？？"}, {"uid": "287917", "content": "？？？"}, {"uid": "603131707", "content": "封面恶臭"}, {"uid": "12581942", "content": "草"}]