[{"uid": "37731085", "content": "哈哈哈哈又心疼又好笑"}, {"uid": "95172565", "content": "简称：宝。没啥问题啊"}, {"uid": "142526519", "content": "扇宝:有点不对"}, {"uid": "22795222", "content": "果然眉毛是bug"}, {"uid": "263259", "content": "转移话题"}, {"uid": "132895", "content": "你看看你说的什么话"}, {"uid": "12105314", "content": "ABC是农业银行？"}, {"uid": "3274571", "content": "唯一一个正经选手"}, {"uid": "413083887", "content": "哈哈哈哈哈哈哈"}, {"uid": "513881387", "content": "哈哈"}, {"uid": "690614195", "content": "痛苦面具"}, {"uid": "675685451", "content": "《战术性跳过》"}, {"uid": "14296037", "content": "ABC给了多少钱"}, {"uid": "138486409", "content": "因为扇宝太贵了"}, {"uid": "1626012", "content": "哈哈哈哈哈哈哈哈哈"}, {"uid": "31570405", "content": "哈哈哈哈哈哈哈哈哈哈笑到头掉"}, {"uid": "102791094", "content": "鼠标会管（doge）"}, {"uid": "14016742", "content": "不是扇子精吗"}, {"uid": "318810974", "content": "试图把扇宝激怒"}, {"uid": "3274571", "content": "好的 就叫你苏菲了"}, {"uid": "8274004", "content": "hhhhhhhhhh"}, {"uid": "293040177", "content": "你把握不住 "}, {"uid": "28284017", "content": "cpu过载"}, {"uid": "548567473", "content": "扇子，扇贝，钢板（狗头保命）"}, {"uid": "20741863", "content": "那就改成宝扇"}, {"uid": "3274571", "content": "哈哈哈哈哈哈哈哈哈"}, {"uid": "282515064", "content": "缩写也好听啊"}, {"uid": "67417034", "content": "哈哈哈"}, {"uid": "24341733", "content": "那叫扇贝吗（狗头)"}, {"uid": "13462439", "content": "哈哈哈哈哈哈哈哈惨"}, {"uid": "7877782", "content": "太可爱啦"}, {"uid": "7877782", "content": "太可爱了啊扇宝大宝贝"}, {"uid": "386277379", "content": "hhhh"}, {"uid": "49783379", "content": "哈哈"}, {"uid": "30033576", "content": "睿智的眼神"}, {"uid": "674264043", "content": "农业银行"}, {"uid": "8274004", "content": "xswl"}, {"uid": "513881387", "content": "失去笑容"}, {"uid": "262091025", "content": "好可爱"}, {"uid": "87479567", "content": "哈哈哈太可爱啦"}, {"uid": "37881530", "content": "哈哈哈哈哈哈哈哈哈哈哈"}, {"uid": "513881387", "content": "呀——"}, {"uid": "456950357", "content": "哈哈哈哈哈哈哈"}, {"uid": "285569471", "content": "好的AD钙"}, {"uid": "297778899", "content": "草"}, {"uid": "2908224", "content": "好的，东方铁心"}, {"uid": "300405535", "content": "可爱"}, {"uid": "25742263", "content": "扇贝（不是）"}, {"uid": "33566355", "content": "扇貝草"}, {"uid": "282515064", "content": "哈哈╮(￣▽￣)╭"}, {"uid": "413083887", "content": "哈哈哈哈哈啊哈哈哈哈"}, {"uid": "82658096", "content": "？？猴山"}, {"uid": "2114", "content": "爆笑如雷了"}, {"uid": "326180893", "content": "hhhhhhhh"}, {"uid": "438006738", "content": "哈哈哈哈哈"}, {"uid": "32250348", "content": "草"}, {"uid": "2437955", "content": "哈哈"}, {"uid": "28289790", "content": "哈哈哈哈可爱"}, {"uid": "150489958", "content": "鼠标"}, {"uid": "161684678", "content": "说了但没完全说"}, {"uid": "23346132", "content": "草"}, {"uid": "201631506", "content": "蛮怪的"}, {"uid": "201631506", "content": "有这种事"}, {"uid": "601253607", "content": "为什么baby没选啊，真的很好的。"}, {"uid": "23321462", "content": "你太懂了 你应该20有几了吧？会知道自己做的事未来可能会觉得自己愚蠢 想必你以前应该做过 现在回想起来觉得当时好傻"}, {"uid": "37534133", "content": "熬白菜？"}, {"uid": "16138023", "content": "哈哈哈"}, {"uid": "12019964", "content": "草"}, {"uid": "89073038", "content": "草"}, {"uid": "413083887", "content": "略～"}, {"uid": "67417034", "content": "可爱"}, {"uid": "67417034", "content": "可爱"}, {"uid": "11970194", "content": "芭蕉扇？"}, {"uid": "687498383", "content": "哈哈哈哈哈哈哈哈"}, {"uid": "442469355", "content": "somebody"}, {"uid": "7722115", "content": "啥子的宝贝"}, {"uid": "89073038", "content": "草"}, {"uid": "93806810", "content": "鼠标"}, {"uid": "35222426", "content": "ABC。。。卫生棉吗"}, {"uid": "67417034", "content": "哈哈"}, {"uid": "397185157", "content": "哈哈哈"}, {"uid": "318810974", "content": "xswl"}, {"uid": "438006738", "content": "笑死"}, {"uid": "87479567", "content": "可爱"}]