[{"uid": "16337054", "content": "我也要捏！"}, {"uid": "386277379", "content": "好耶"}, {"uid": "386277379", "content": "好耶"}, {"uid": "215721323", "content": "好看不火系列"}, {"uid": "261188372", "content": "教你如何改俩字就能让整句变色，你细品，空气弥漫着春意荡漾，福气随着小河流淌，阳光照耀在你的胸膛，心中的欲望已经闪闪发亮"}, {"uid": "37881530", "content": "真棒～！"}, {"uid": "57893827", "content": "永永远远"}, {"uid": "31570405", "content": "新年快乐呀"}, {"uid": "513881387", "content": "哇哦"}, {"uid": "29141466", "content": "嚯"}, {"uid": "358742924", "content": "好听"}, {"uid": "512439569", "content": "新年快乐"}, {"uid": "6298089", "content": "真不错"}, {"uid": "513881387", "content": "好耶!"}, {"uid": "4671546", "content": "\\扇宝/\\扇宝/\\扇宝/\\扇宝/\\扇宝/"}, {"uid": "953282", "content": "\\扇宝/\\扇宝/\\扇宝/\\扇宝/\\扇宝/\\扇宝/"}]