[{"uid": "435427433", "content": "梨花诗……"}, {"uid": "18992484", "content": "小孩子吵架"}, {"uid": "124548508", "content": "健康的笑声"}, {"uid": "95172565", "content": "老佟湘玉了"}, {"uid": "496555452", "content": "你就是渣男何书桓？"}, {"uid": "100377427", "content": "？"}, {"uid": "31659329", "content": "？？？？？？？？"}, {"uid": "36135054", "content": "xswl"}, {"uid": "190927561", "content": "噗哈哈哈"}, {"uid": "513881387", "content": "哈哈哈"}, {"uid": "513881387", "content": "清楚的笑声"}, {"uid": "3810456", "content": "禁止套娃"}, {"uid": "35466136", "content": "哈哈哈"}, {"uid": "649063729", "content": "秋火是真的！"}, {"uid": "442469355", "content": "密 码 正 确"}, {"uid": "8397762", "content": "咋还有十火的事儿"}, {"uid": "31570405", "content": "挖槽好变态我喜欢~"}, {"uid": "372371567", "content": "哈哈哈哈某个大高个子的男生哈哈哈"}, {"uid": "49805658", "content": "亚拉那一卡（"}, {"uid": "424441545", "content": "红掌拨清波"}, {"uid": "351731484", "content": "健康的笑声"}, {"uid": "35466136", "content": "啊？这是秋蒂哈哈"}, {"uid": "13462439", "content": "哈哈哈哈哈哈哈哈哈哈"}, {"uid": "341221340", "content": "我喜欢"}, {"uid": "424441545", "content": "白毛浮绿水"}, {"uid": "326142806", "content": "魔音贯耳"}, {"uid": "21636025", "content": "哈哈哈哈哈哈哈哈哈某个高个子男人"}, {"uid": "375143717", "content": "反复鞭尸"}, {"uid": "358448681", "content": "开幕雷击"}, {"uid": "7395911", "content": "两傻子"}, {"uid": "351731484", "content": "开幕雷击"}, {"uid": "11758918", "content": "？？？？？"}, {"uid": "424441545", "content": "曲项向天歌"}, {"uid": "36135054", "content": "害怕"}, {"uid": "455899334", "content": "哈哈哈"}]