[{"uid": "379866372", "content": "爱了爱了"}, {"uid": "102419261", "content": "笑死"}, {"uid": "28662350", "content": "灭人器"}, {"uid": "289099783", "content": "吹卡祖笛的V爱了爱了"}, {"uid": "9959518", "content": "好阴间啊"}, {"uid": "39846471", "content": "这真不是真人发声吗"}, {"uid": "56458764", "content": "草"}, {"uid": "350967013", "content": "右下角这个表情"}, {"uid": "294668884", "content": "厉害厉害"}, {"uid": "294668884", "content": "哈哈哈"}, {"uid": "3163493", "content": "草"}, {"uid": "39607335", "content": "差点没听出来是pretender"}]