[{"uid": "493953094", "content": "头上不是巧克力吗？"}, {"uid": "286501306", "content": "小名叫瓶宝"}, {"uid": "23541590", "content": "梦开始的地方"}, {"uid": "8203034", "content": "这是电音特效还是自带的电音"}, {"uid": "1305081", "content": "奶味rap好评"}, {"uid": "3523616", "content": "suai"}, {"uid": "21575193", "content": "好的钢板知道了钢板"}, {"uid": "276616358", "content": "电音啊"}, {"uid": "11308341", "content": "我信你个鬼"}, {"uid": "389981446", "content": "可爱D了！"}, {"uid": "397758443", "content": "190的无情嘲笑（滑稽）"}, {"uid": "22696671", "content": "那不得齁死了"}, {"uid": "31570405", "content": "第一个弹幕小宝er~"}, {"uid": "1923295", "content": "24小时可乐棉花糖，是debu（确信）"}, {"uid": "292052144", "content": "帅"}, {"uid": "3274571", "content": "扇宝妈妈来了"}, {"uid": "498760274", "content": "好可爱"}, {"uid": "345843005", "content": "suai!!!"}, {"uid": "3523616", "content": "suai"}, {"uid": "116350096", "content": "aiai"}, {"uid": "292052144", "content": "泪目"}, {"uid": "13480579", "content": "没有尾巴？"}, {"uid": "82658096", "content": "扇宝～"}, {"uid": "3274571", "content": "可爱可爱"}, {"uid": "14134189", "content": "2333"}, {"uid": "5039939", "content": "帅？！"}, {"uid": "897436", "content": "＼扇宝／＼扇宝／＼扇宝／＼扇宝／"}]