[{"uid": "14177441", "content": "这也太缝了"}, {"uid": "31258297", "content": "扇宝！"}, {"uid": "610631527", "content": "扇宝，是最棒的！"}, {"uid": "307992580", "content": "扇宝suki"}, {"uid": "87479567", "content": "太奶了！！！"}, {"uid": "17637149", "content": "好听，扇宝真棒"}, {"uid": "7859054", "content": "空妈！！！"}, {"uid": "49138885", "content": "这首歌不是叫我吹过你吹过的晚风吗"}, {"uid": "1016059981", "content": "扇宝来啦~"}, {"uid": "124548508", "content": "再来一遍"}, {"uid": "2004856023", "content": "来了来了"}, {"uid": "21544275", "content": "莓良心"}, {"uid": "84054343", "content": "人好少"}, {"uid": "25743929", "content": "没有卡祖笛 差评"}, {"uid": "102419261", "content": "\\扇宝/\\扇宝/\\扇宝/\\扇宝/\\扇宝/\\扇宝/\\扇宝/\\扇宝/\\扇宝/\\扇宝/\\扇宝/\\扇宝/\\扇宝/\\扇宝/\\扇宝/\\扇宝/\\扇宝/\\扇宝/\\扇宝/\\扇宝/\\扇宝/\\扇宝/\\扇宝/\\扇宝/\\扇宝/"}, {"uid": "102419261", "content": "\\扇宝/\\扇宝/\\扇宝/\\扇宝/\\扇宝/\\扇宝/\\扇宝/\\扇宝/\\扇宝/\\扇宝/\\扇宝/\\扇宝/\\扇宝/\\扇宝/\\扇宝/\\扇宝/\\扇宝/\\扇宝/\\扇宝/\\扇宝/\\扇宝/\\扇宝/\\扇宝/\\扇宝/\\扇宝/"}, {"uid": "22756797", "content": "霉机会"}]