[{"uid": "32508862", "content": "这跟冷鸟的相似度好高啊"}, {"uid": "10610167", "content": "美"}, {"uid": "296959138", "content": "看新人羞涩相对拜"}, {"uid": "296959138", "content": "张灯结彩"}, {"uid": "296959138", "content": "铃铛摇"}, {"uid": "296959138", "content": "花轿摇"}, {"uid": "296959138", "content": "金钗摇"}, {"uid": "296959138", "content": "我才攥住一颗喜糖"}, {"uid": "296959138", "content": "只此刻都心慌"}, {"uid": "296959138", "content": "惜福~"}, {"uid": "296959138", "content": "共苦~"}, {"uid": "296959138", "content": "同甘~~~~"}, {"uid": "296959138", "content": "赠红包"}, {"uid": "296959138", "content": "南来飞燕终归巢"}, {"uid": "296959138", "content": "一拜同心邀 山水迢迢"}, {"uid": "296959138", "content": "铃铛摇"}, {"uid": "296959138", "content": "花轿摇"}, {"uid": "296959138", "content": "来人来客匆忙"}, {"uid": "296959138", "content": "我才攥住 一颗 喜糖～"}, {"uid": "296959138", "content": "只此刻 都心慌"}, {"uid": "296959138", "content": "春风良宵"}, {"uid": "296959138", "content": "喜鹊叫闹"}, {"uid": "296959138", "content": "摆摆摆摆～"}, {"uid": "296959138", "content": "金钗摇"}, {"uid": "296959138", "content": "来人来客匆忙"}, {"uid": "296959138", "content": "来人来客匆忙"}, {"uid": "296959138", "content": "恰君子天骄 淑女窈窕"}, {"uid": "627327281", "content": "好听！！！！！"}, {"uid": "846027", "content": "扇宝 调起低了啊！"}, {"uid": "14134189", "content": "丝滑"}, {"uid": "296959138", "content": "摆摆摆摆～"}, {"uid": "296959138", "content": "无数～"}, {"uid": "296959138", "content": "良辰～"}, {"uid": "296959138", "content": "招摇"}, {"uid": "296959138", "content": "摆摆摆～"}, {"uid": "296959138", "content": "碎玉铺路"}, {"uid": "296959138", "content": "也快忘礼让"}, {"uid": "296959138", "content": "来添红烛"}, {"uid": "9568304", "content": "居然有点原唱的感觉"}, {"uid": "11227151", "content": "扇宝好耶，好耶扇宝"}, {"uid": "296959138", "content": "沾了粉黛"}, {"uid": "296959138", "content": "分些喜气给红娘"}, {"uid": "296959138", "content": "也快忘礼让"}, {"uid": "296959138", "content": "许你我此生不辜负"}, {"uid": "296959138", "content": "有情相会七夕桥"}, {"uid": "296959138", "content": "二拜永结好 欢欢笑笑"}, {"uid": "83163921", "content": "hooooo"}, {"uid": "2995989", "content": "听着不像扇宝啊"}, {"uid": "20577564", "content": "来看扇宝扭屁股咯！！！"}, {"uid": "539636528", "content": "感觉比鸟的腿还短。。。。"}, {"uid": "128923", "content": "？？？大制作啊，还有mmd"}, {"uid": "94624689", "content": "桃子"}, {"uid": "296959138", "content": "招摇"}, {"uid": "296959138", "content": "共度～"}, {"uid": "296959138", "content": "许你我此生不辜负"}, {"uid": "296959138", "content": "像是小鹿撞"}, {"uid": "296959138", "content": "碎玉铺路"}, {"uid": "296959138", "content": "像是小鹿撞"}, {"uid": "296959138", "content": "天官凡尘也落俗套"}, {"uid": "296959138", "content": "三拜共垂老 暮暮朝朝"}, {"uid": "296959138", "content": "摆摆摆摆～"}, {"uid": "296959138", "content": "分些喜气给红娘"}, {"uid": "296959138", "content": "像是小鹿撞"}]