[{"uid": "877898", "content": "好可爱"}, {"uid": "29598303", "content": "扇宝！我的扇宝！QAQ"}, {"uid": "33411906", "content": "音容宛在的那个叉出去"}, {"uid": "241998775", "content": "扇宝最棒了"}, {"uid": "241998775", "content": "爱哭鬼扇宝"}, {"uid": "87479567", "content": "泪目"}, {"uid": "87479567", "content": "音容宛在"}, {"uid": "87479567", "content": "泪目"}, {"uid": "12872386", "content": "扇宝以后一定会成为大明星的"}, {"uid": "386277379", "content": "1"}, {"uid": "803432", "content": "哈哈哈哈哈哈哈"}, {"uid": "201631506", "content": "扇宝不哭"}, {"uid": "513881387", "content": "每日一刷"}, {"uid": "44725400", "content": "小扇子加油啊"}, {"uid": "20641621", "content": "好好听啊"}, {"uid": "953282", "content": "爱哭鬼！"}, {"uid": "500904936", "content": "泪目"}, {"uid": "14134189", "content": "好活，硬币给了"}, {"uid": "513881387", "content": "好汀 D了"}, {"uid": "13498984", "content": "可以永远喜欢扇宝！"}, {"uid": "78660", "content": "扇宝!"}]