[{"uid": "30409287", "content": "卧槽，这好强啊！"}, {"uid": "10610167", "content": "帅"}, {"uid": "132045994", "content": "woc"}, {"uid": "3574603", "content": "？！！！！！！"}, {"uid": "3210789", "content": "？？？"}, {"uid": "34425676", "content": "woc"}, {"uid": "87479567", "content": "可爱 D了"}, {"uid": "2473097", "content": "woc"}, {"uid": "8517978", "content": "ohhhh"}, {"uid": "37881530", "content": "强强扇宝"}, {"uid": "190927561", "content": "好听，努力"}, {"uid": "132045994", "content": "！@！！！！！！！！！！！！！！！！！！"}]