[{"uid": "261709", "content": "所以男孩子是喜欢发夹"}, {"uid": "241998775", "content": "这时？！"}, {"uid": "17923489", "content": "这是恐怖故事吧"}, {"uid": "28496921", "content": "懂了，这就去买发夹"}, {"uid": "33770552", "content": "这个发夹是扇子样的吗"}, {"uid": "3914948", "content": "油  腻  故  事"}, {"uid": "499961787", "content": "恋爱的敲内砖"}, {"uid": "10610167", "content": "恐怖游戏"}, {"uid": "400197268", "content": "太对了宝！"}, {"uid": "5545211", "content": "确实"}, {"uid": "39980769", "content": "好家伙，还有PPT"}, {"uid": "49784695", "content": "确实"}, {"uid": "49784695", "content": "？？？"}, {"uid": "14122823", "content": "哈哈哈哈哈哈"}, {"uid": "482438883", "content": "嗨！老婆"}, {"uid": "482438883", "content": "你再骂"}, {"uid": "83884063", "content": "你说的那个发夹是扇子状的吗"}, {"uid": "91485244", "content": "嗨 老婆"}, {"uid": "897436", "content": "扇宝故事会"}, {"uid": "897436", "content": "学到了"}, {"uid": "109389235", "content": "？？？？"}, {"uid": "181565118", "content": "u1s1，确实"}, {"uid": "844075", "content": "老板亏了"}, {"uid": "844075", "content": "变身"}, {"uid": "22696671", "content": "Desigh？"}, {"uid": "424492656", "content": "还真是会"}, {"uid": "17923489", "content": "没错"}, {"uid": "14122823", "content": "？？？？"}, {"uid": "11345003", "content": "鬼故事？"}, {"uid": "85900756", "content": "嗨！老婆！"}, {"uid": "356388476", "content": "老婆越来越多。。。"}, {"uid": "2608750", "content": "充满油腻"}, {"uid": "181565118", "content": "u1s1"}, {"uid": "9053408", "content": "嗨！老婆！"}, {"uid": "105760219", "content": "嗨 老婆"}, {"uid": "482438883", "content": "草"}, {"uid": "5545211", "content": "确实"}, {"uid": "1971964", "content": "嗨老婆"}]