[{"uid": "88790703", "content": "好听～"}, {"uid": "630878992", "content": "这也很好听"}, {"uid": "499961787", "content": "！！！"}, {"uid": "499961787", "content": "下功夫了"}, {"uid": "499961787", "content": "好耶~"}, {"uid": "499961787", "content": "确实好听呀！"}, {"uid": "425585535", "content": "好青脆的声音"}, {"uid": "272526702", "content": "好听！！！"}, {"uid": "352050711", "content": "扇宝声线和原版好像啊"}, {"uid": "516801578", "content": "好听！"}, {"uid": "18730641", "content": "ヾ(✿ﾟ▽ﾟ)ノ"}, {"uid": "37742992", "content": "语调学的很像啊"}, {"uid": "331407699", "content": "我直接好家伙"}, {"uid": "14500864", "content": "好听"}, {"uid": "215721323", "content": "肺活量真大"}, {"uid": "215721323", "content": "唱的还可以"}, {"uid": "12875761", "content": "好听啊"}, {"uid": "9373872", "content": "好听！"}, {"uid": "265698386", "content": "好听"}, {"uid": "186949835", "content": "承包空屏"}, {"uid": "360619520", "content": "好汀"}, {"uid": "591427241", "content": "好好听！"}, {"uid": "399263698", "content": "扇宝棒棒哒"}, {"uid": "36287661", "content": "怎么没有开头的啊啊啊！"}, {"uid": "78829786", "content": "好听(ˊ˘ˋ*)♡"}]