[{"uid": "27424427", "content": "扇宝聪明！"}, {"uid": "362142874", "content": "扇宝聪明"}, {"uid": "87479567", "content": "可爱啊啊啊啊啊啊啊"}, {"uid": "87479567", "content": "哈哈哈扇宝聪明"}, {"uid": "234488745", "content": "扇宝可爱"}, {"uid": "690426438", "content": "扇宝聪明"}, {"uid": "158417722", "content": "ilil！"}, {"uid": "524135918", "content": "太可爱了 意难平啊555"}, {"uid": "31570405", "content": "卡哇伊涅~"}, {"uid": "355758165", "content": "一得丝哟"}, {"uid": "16487888", "content": "扇宝聪明！"}, {"uid": "521218430", "content": "这是什么绝世小可爱"}, {"uid": "74143924", "content": "可爱呜呜"}, {"uid": "74143924", "content": "扇宝聪明"}, {"uid": "295290980", "content": "爱你爱你！！"}, {"uid": "10529949", "content": "阿伟乱葬岗"}, {"uid": "10529949", "content": "Kya——！！！好可爱！"}, {"uid": "10529949", "content": "艾玛 这里可爱死了"}, {"uid": "10529949", "content": "奶！"}, {"uid": "1708239", "content": "太可爱了吧！"}, {"uid": "386400975", "content": "右下角好东西"}, {"uid": "32679154", "content": "扇宝聪明"}, {"uid": "32679154", "content": "山宝聪明"}, {"uid": "5032705", "content": "扇宝聪明！"}, {"uid": "924492", "content": "扇宝是最可爱的"}, {"uid": "832768", "content": "这里可爱诶"}, {"uid": "22272397", "content": "女儿好可爱啊啊啊啊啊啊啊啊～"}, {"uid": "295290980", "content": "来了来了！！！"}, {"uid": "57893827", "content": "扇宝聪明！！"}, {"uid": "100002449", "content": "太可爱了！"}, {"uid": "924492", "content": "是我的扇宝大宝贝！太可爱了"}, {"uid": "133211588", "content": "这是外卖姐姐还是大舅妈"}, {"uid": "1605511789", "content": "扇宝扇宝"}, {"uid": "28628371", "content": "woc好可爱"}, {"uid": "691988878", "content": "好可爱"}, {"uid": "57893827", "content": "扇宝冲冲冲！"}, {"uid": "262091025", "content": "可爱嗷嗷嗷嗷嗷嗷嗷"}, {"uid": "87479567", "content": "可爱可爱可爱！！！！"}, {"uid": "87479567", "content": "啊啊啊太可爱了啊！！！"}, {"uid": "39607335", "content": "114"}, {"uid": "509734360", "content": "可可爱爱"}, {"uid": "33560642", "content": "天使！天使！"}, {"uid": "84387763", "content": "寺田吗ww"}, {"uid": "397758443", "content": "？？？"}, {"uid": "5115380", "content": "kksk"}, {"uid": "87479567", "content": "啊啊啊啊可爱"}, {"uid": "294668884", "content": "扇宝大聪明"}, {"uid": "364357031", "content": "宝宝呜呜呜呜"}, {"uid": "100002449", "content": "爱你"}, {"uid": "11088007", "content": "可爱"}, {"uid": "71830081", "content": "来啦"}, {"uid": "8785411", "content": "我的宝"}, {"uid": "57893827", "content": "扇宝儿聪明!～"}, {"uid": "18144401", "content": "好家伙，打小我就看你行"}, {"uid": "4671546", "content": "\\扇宝/\\扇宝/\\扇宝/\\扇宝/\\扇宝/"}, {"uid": "38384832", "content": "扇宝冲冲冲！！！妈妈爱你！！！"}]