[{"uid": "1136075391", "content": "跟我谈恋爱"}, {"uid": "1593027980", "content": "来了来了"}, {"uid": "108137151", "content": "扇宝好可爱"}, {"uid": "39681947", "content": "可爱的扇宝啊"}, {"uid": "30527188", "content": "扇宝kwiiii！！"}, {"uid": "54745714", "content": "三头身（bushi）"}, {"uid": "295290980", "content": "要把自己饿死可怎么办"}, {"uid": "295290980", "content": "我听成了人与妖"}, {"uid": "295290980", "content": "没有手机我能死在那"}, {"uid": "452203935", "content": "这就是今早去录的音吗！"}, {"uid": "125948303", "content": "扇宝宝贝儿，好可爱啊！！"}, {"uid": "428271774", "content": "来了！！！"}, {"uid": "262091025", "content": "来了来了！"}, {"uid": "196597878", "content": "前任在K歌唱了《一不小心》，有什么说法吗  ？"}, {"uid": "295290980", "content": "一不小心穿越到古代"}, {"uid": "295290980", "content": "来了来了"}, {"uid": "295290980", "content": "这里好可爱"}, {"uid": "125948303", "content": "好听好听！"}, {"uid": "262091025", "content": "哈哈哈宝头好大"}, {"uid": "295290980", "content": "妈粉到"}, {"uid": "1136075391", "content": "太可爱了"}, {"uid": "1136075391", "content": "来了来了！！"}, {"uid": "39681947", "content": "扇宝你最美！！！！"}, {"uid": "736107442", "content": "哇"}, {"uid": "521565207", "content": "可爱"}, {"uid": "78660", "content": "扇宝好耶!"}, {"uid": "196597878", "content": "前任在K歌唱了《一不小心》，有什么说法吗  ？"}, {"uid": "616832119", "content": "双厨狂喜（？）"}, {"uid": "196597878", "content": "前任在K歌唱了《一不小心》，有什么说法吗  ？"}, {"uid": "295290980", "content": "来了"}, {"uid": "16337054", "content": "好可爱"}, {"uid": "295290980", "content": "来了"}, {"uid": "4671546", "content": "\\扇宝/\\扇宝/\\扇宝/\\扇宝/\\扇宝/"}, {"uid": "295290980", "content": "扇宝❀扇宝❀扇宝❀扇宝❀扇宝❀扇宝❀扇宝❀扇宝❀扇宝❀扇宝❀扇宝❀扇宝❀扇宝❀扇宝❀扇宝❀扇宝❀扇宝❀扇宝❀扇宝❀扇宝❀扇宝❀扇宝❀扇宝❀扇宝❀扇宝❀扇宝❀扇宝❀扇宝❀扇宝❀扇宝❀扇宝.❀扇宝❀."}, {"uid": "295290980", "content": "扇宝❀扇宝❀扇宝❀扇宝❀扇宝❀扇宝❀扇宝❀扇宝❀扇宝❀扇宝❀扇宝❀扇宝❀扇宝❀扇宝❀扇宝❀扇宝❀扇宝❀扇宝❀扇宝❀扇宝❀扇宝❀扇宝❀扇宝❀扇宝❀扇宝❀扇宝❀扇宝❀扇宝❀扇宝❀扇宝❀扇宝❀扇宝❀扇宝❀扇"}, {"uid": "295290980", "content": "＼扇宝／＼扇宝／＼扇宝／＼扇宝／＼扇宝／＼扇宝／＼扇宝／＼扇宝／扇宝❀扇宝❀扇宝❀扇宝❀扇宝❀扇宝❀扇宝❀扇宝❀"}, {"uid": "295290980", "content": "扇宝❀扇宝❀扇宝❀扇宝❀扇宝❀扇宝❀扇宝❀扇宝❀"}, {"uid": "295290980", "content": "扇宝❀扇宝❀扇宝❀扇宝❀扇宝❀扇宝❀扇宝❀扇宝❀"}, {"uid": "295290980", "content": "＼扇宝／＼扇宝／＼扇宝／＼扇宝／＼扇宝／＼扇宝／＼扇宝／＼扇宝／"}, {"uid": "295290980", "content": "＼扇宝／＼扇宝／＼扇宝／＼扇宝／＼扇宝／＼扇宝／＼扇宝／＼扇宝／"}, {"uid": "295290980", "content": "＼扇宝／＼扇宝／＼扇宝／＼扇宝／＼扇宝／＼扇宝／＼扇宝／＼扇宝／"}, {"uid": "11586477", "content": "＼扇宝／＼扇宝／＼扇宝／＼扇宝／＼扇宝／＼扇宝／＼扇宝／＼扇宝／"}, {"uid": "687599482", "content": "＼扇宝／＼扇宝／＼扇宝／＼扇宝／＼扇宝／＼扇宝／＼扇宝／＼扇宝／​＼扇宝／＼扇宝／＼扇宝／＼扇宝／＼扇宝／＼扇宝／＼扇宝／＼扇宝／​＼扇宝／＼扇宝／＼扇宝／＼扇宝／＼扇宝／＼扇宝／＼扇宝／＼扇宝／​＼"}]