[{"uid": "588730268", "content": "声音好好听！"}, {"uid": "49671118", "content": "注意到的是那天早晨出现的逻辑"}, {"uid": "49671118", "content": "思念在脑中浮现"}, {"uid": "49671118", "content": "在这颓废的日子里"}, {"uid": "49671118", "content": "散漫地笑着发出叹息"}, {"uid": "49671118", "content": "不禁泫然欲泣"}, {"uid": "49671118", "content": "那个已然忘记的愿望"}, {"uid": "49671118", "content": "就像幽灵一样啊"}, {"uid": "49671118", "content": "今天也一个人在东京繁华景色中显得透明的我"}, {"uid": "49671118", "content": "没关系，一切总会好起来的"}, {"uid": "49671118", "content": "孓然一身迷失于黑暗之中"}, {"uid": "49671118", "content": "玻璃窗上映照在眼中的"}, {"uid": "49671118", "content": "坐在末班电车上回家的我"}, {"uid": "49671118", "content": "将我的时间与这个世界进行交换"}, {"uid": "49671118", "content": "俯视着对比鲜明的我"}, {"uid": "49671118", "content": "街道上璀璨的灯火"}, {"uid": "1902528", "content": "太棒了！"}, {"uid": "159634439", "content": "来了"}, {"uid": "35399659", "content": "好会！！！"}, {"uid": "205779722", "content": "嗓子真的甜"}, {"uid": "36065815", "content": "ohhhhhhhhhhh"}, {"uid": "35434658", "content": "好耶"}, {"uid": "160982454", "content": "夜に駆ける!"}, {"uid": "276082949", "content": "！！！！"}, {"uid": "8452204", "content": "这段是《夜に駆ける》 "}, {"uid": "32439815", "content": "好听"}, {"uid": "49671118", "content": "我曾无数次地这么想过"}, {"uid": "49671118", "content": "与点上光彩的霓虹混合在一起"}, {"uid": "299983868", "content": "来了"}, {"uid": "159634439", "content": "声音好温柔"}, {"uid": "2244620", "content": "kksk"}, {"uid": "36065815", "content": "哦哦哦，好听诶！"}, {"uid": "49671118", "content": "只是因为这街道"}, {"uid": "49671118", "content": "并不是梦中见到的我"}, {"uid": "19486308", "content": "！！！！好酷"}, {"uid": "159634439", "content": "爱了爱了"}, {"uid": "14353127", "content": "好汀！"}, {"uid": "49671118", "content": "那一天的"}, {"uid": "49671118", "content": "沉没于夜色之中"}, {"uid": "35399659", "content": "！！！！！"}, {"uid": "8254614", "content": "好会唱"}, {"uid": "20802793", "content": "ayase的曲子相性还是好啊"}, {"uid": "30444612", "content": "！是夜驱"}, {"uid": "515658", "content": "好喜欢好好听！"}, {"uid": "296560", "content": "好听！"}, {"uid": "183417086", "content": "推了"}, {"uid": "296792857", "content": "好听！"}, {"uid": "320990133", "content": "好好"}, {"uid": "83633181", "content": "我又可以d了"}, {"uid": "49671118", "content": "过于耀眼了啊"}, {"uid": "49671118", "content": "现在感觉快要哭出来了啊"}, {"uid": "492102978", "content": "好听"}, {"uid": "159634439", "content": "PV好棒"}, {"uid": "47142917", "content": "好耶"}, {"uid": "49671118", "content": "回想起来的时候"}, {"uid": "49671118", "content": "就像幽灵一样啊"}, {"uid": "159634439", "content": "旧时代漫画风"}, {"uid": "203933", "content": "！！！！！"}, {"uid": "49671118", "content": "真是悲哀的人啊"}, {"uid": "415837409", "content": "好耶"}]