[{"uid": "65418468", "content": "药水可以稳定精神()"}, {"uid": "39041724", "content": "这哭声还挺涩的"}, {"uid": "2909494", "content": "其实不是无敌，只是血厚的一批，这样打浪费子弹而已吧（"}, {"uid": "17002873", "content": "牛逼"}, {"uid": "402449479", "content": "草"}, {"uid": "18462649", "content": "草"}, {"uid": "44660364", "content": "抱抱imi"}, {"uid": "14363924", "content": "摸摸头"}, {"uid": "3677907", "content": "；；"}, {"uid": "1916285", "content": "呜呜摸摸imi"}, {"uid": "15576675", "content": "真的哭了呀"}, {"uid": "20106643", "content": "草"}, {"uid": "1559331", "content": "太哈人了"}, {"uid": "1548513", "content": "；；"}, {"uid": "44499000", "content": "太可怜了宝贝"}, {"uid": "10046307", "content": "药水是这样用的吗！！牛批"}, {"uid": "7644780", "content": "好清楚的尖叫"}, {"uid": "10506655", "content": "伊森：？？？？"}, {"uid": "10506655", "content": "不能洗手桥段，可惜"}, {"uid": "397418288", "content": "哈哈哈哈哈哈哈"}, {"uid": "397418288", "content": "抱抱imi"}, {"uid": "107173", "content": "草"}, {"uid": "1972953", "content": "抱抱imi，心疼死了"}, {"uid": "13116749", "content": "草"}, {"uid": "327519839", "content": "等等 这里为什么是伊森（是打错了吗）"}, {"uid": "177605496", "content": "草"}, {"uid": "402489606", "content": "心疼imiQAQ"}, {"uid": "700698", "content": "跑的太快了吧, 我都吓了一跳"}, {"uid": "56854813", "content": "草"}, {"uid": "352605051", "content": "抱抱imi"}, {"uid": "352605051", "content": "诶"}, {"uid": "527840", "content": "体 感 游 戏"}, {"uid": "27459646", "content": "好反应www"}, {"uid": "7272195", "content": "草"}, {"uid": "399481", "content": "可爱"}, {"uid": "399481", "content": "rua"}, {"uid": "5229639", "content": "沃德f"}, {"uid": "24739403", "content": "草"}, {"uid": "174225", "content": "摇头晃脑"}, {"uid": "43546205", "content": "remi：？"}, {"uid": "1326479", "content": "又心疼又可爱"}, {"uid": "8351527", "content": "suki"}, {"uid": "7017723", "content": "心疼抱抱"}, {"uid": "43546205", "content": "名 场 面 再 放 送"}, {"uid": "8232854", "content": "kksk"}, {"uid": "1570297", "content": "草"}, {"uid": "14952556", "content": "imi不哭不哭"}, {"uid": "20022218", "content": "草"}, {"uid": "34884731", "content": "好可爱好可爱好可爱好可爱好可爱好可爱"}]