[{"uid": "1849506117", "content": "歌声和吉他是绝配"}, {"uid": "510060065", "content": "小刘"}, {"uid": "12668719", "content": "55555"}, {"uid": "6525263", "content": "可爱 单推"}, {"uid": "384808088", "content": "开口跪"}, {"uid": "203852", "content": "好汀"}, {"uid": "371679", "content": "听了五遍终于明白是アイシテル"}, {"uid": "16968615", "content": "她心里有我呜呜呜"}, {"uid": "291738", "content": "清唱版本我的爱"}, {"uid": "4243621", "content": "好好听"}, {"uid": "14910449", "content": "爱洗铁路"}, {"uid": "159634439", "content": "好软的声音，要被治愈了"}, {"uid": "321394966", "content": "强啊"}, {"uid": "35434658", "content": "安心"}, {"uid": "35453542", "content": "Ｉ　ｌｏｖｅ　ｙｏｕ！"}, {"uid": "5046089", "content": "好的，没问题"}, {"uid": "14910449", "content": "爱系贴路"}, {"uid": "332289", "content": "D了D了"}, {"uid": "251905344", "content": "占领前排"}]