[{"uid": "14919267", "content": "可爱！"}, {"uid": "46037071", "content": "真的好听"}, {"uid": "497037779", "content": "尾音好好听TvT"}, {"uid": "218648993", "content": "好可爱！！"}, {"uid": "451537575", "content": "超级可爱啊啊啊"}, {"uid": "3885523", "content": "♪⸜(๑ ॑꒳ ॑๑)⸝♪✰"}, {"uid": "177605496", "content": "好好听55555"}, {"uid": "20721561", "content": "不得不说，唱的好"}, {"uid": "14438149", "content": "哇，封面好看！"}, {"uid": "3885523", "content": "来了来了来了"}, {"uid": "32518952", "content": "好棒！！"}, {"uid": "11699655", "content": "因含有较多闪烁，请确认自己没有光敏性疾病"}, {"uid": "46037071", "content": "imi可爱"}, {"uid": "20721561", "content": "好听"}]