[{"uid": "8272995", "content": "太可爱了"}, {"uid": "332289", "content": "你要打劫我"}, {"uid": "332289", "content": "你为什么不给我盖个被子"}, {"uid": "13632455", "content": "你把自己都催眠了可还行"}, {"uid": "269344663", "content": "（皱眉）你又要打劫我"}, {"uid": "1706522", "content": "这地板质量是不是得参加危房改造了"}, {"uid": "35434658", "content": "可以可以"}, {"uid": "293613", "content": "直接一个心肺停止"}, {"uid": "9135383", "content": "DNA动了，想喝咖啡"}, {"uid": "5305517", "content": "起床啦，你老婆开播啦！！！"}, {"uid": "621165", "content": "这不是睡得更香了吗kora"}, {"uid": "216812", "content": "xp被戳穿了(*ﾟﾛﾟ)!!可惜20号首播和魔法未来live对上了嗷呜呜呜"}, {"uid": "510933", "content": "虚拟不会被欠薪角色"}, {"uid": "38383810", "content": "手动走路，过草"}, {"uid": "1706522", "content": "我dna动了，我不睡了"}, {"uid": "4161464", "content": "小小恋歌 我喜欢"}, {"uid": "159634439", "content": "幽灵助手"}, {"uid": "4266554", "content": "樱花妹开场"}, {"uid": "67073724", "content": "我起了一枪秒了，有什么好说的"}, {"uid": "759088", "content": "那醒不了了 我直接当场死亡"}, {"uid": "35399659", "content": "动态好可爱代入感好强"}, {"uid": "12723214", "content": "现在vup要求真是越来越高了，三语标配"}, {"uid": "12723214", "content": "大 书 库"}, {"uid": "8254614", "content": "请不要赶我走"}, {"uid": "12723214", "content": "垂死病中惊坐起"}, {"uid": "19515704", "content": "道歉是要露肚皮的，我这就给您露一个"}, {"uid": "222710244", "content": "好清楚好可爱呀！！！！！！单推了！！"}, {"uid": "19515704", "content": "你说这个我就醒不了了（倒毙）"}, {"uid": "10994937", "content": "年轻时的薇克巴顿（bushi）"}, {"uid": "2297118", "content": "决定常来vr图书馆了！"}, {"uid": "15181399", "content": "《没人来的VR大学图书馆》"}, {"uid": "15181399", "content": "图书馆怕什么暴风雪啊kora！"}, {"uid": "14910449", "content": "好家伙，又是一个六边形战士"}, {"uid": "91418505", "content": "不，我要住在图书馆"}, {"uid": "14910449", "content": "道歉应该怎么样你知道的吧"}, {"uid": "14910449", "content": "王牌炫机师"}, {"uid": "302057021", "content": "正忙着把老婆布满地球（DD）"}, {"uid": "8390881", "content": "突然惊醒"}, {"uid": "386908", "content": "图书馆烤火 草("}, {"uid": "38746859", "content": "螃蟹步法"}, {"uid": "172496543", "content": "噔噔咚"}, {"uid": "386908", "content": "妈妈 她好可爱"}, {"uid": "8601756", "content": "代入感好强啊"}, {"uid": "153745114", "content": "就是你弹琴把我吵醒的？【狗头"}, {"uid": "3414999", "content": "心肺停止"}, {"uid": "133132167", "content": "等等，这不是催眠吗？"}, {"uid": "24178542", "content": "僕の名前は米子哈"}, {"uid": "352430752", "content": "我醒了!"}, {"uid": "11663843", "content": "冻住不许走"}, {"uid": "1706522", "content": "发生甚么事了"}, {"uid": "1706522", "content": "北 半 球"}, {"uid": "131024", "content": "惊醒！"}, {"uid": "159634439", "content": "什么都会做的，对吧"}, {"uid": "37619033", "content": "马林巴琴！！！"}, {"uid": "7625486", "content": "草  不许跳票！！！"}, {"uid": "10994937", "content": "呀卡吗洗！欧那！（doge）"}, {"uid": "1819467", "content": "我醒了"}, {"uid": "32797561", "content": "这么说你很勇嘛"}, {"uid": "11888163", "content": "这样 我支棱一个被炉 我就不走了如何"}, {"uid": "99020758", "content": "遭了遭了"}, {"uid": "14910449", "content": "忙着D新出道的11期生"}, {"uid": "19029278", "content": "不要再说了（"}, {"uid": "177530028", "content": "这个道歉好像守望里的小美啊"}, {"uid": "14910449", "content": "暴风雪（有端联想）"}, {"uid": "38746859", "content": "太涩了太涩了"}, {"uid": "635601", "content": "谢谢，已经醒了"}, {"uid": "276843", "content": "心肺停止"}, {"uid": "3107350", "content": "昨天啊，我们攻略了大书库"}, {"uid": "65418468", "content": "还有工作没做完，现在还不能休息哦"}, {"uid": "502379588", "content": "变色"}, {"uid": "299983868", "content": "一定！！！一定！"}, {"uid": "133132167", "content": "正忙着d11期新生"}, {"uid": "315315", "content": "正常人会在名片上写自己不是人吗"}, {"uid": "4556743", "content": "都是lsp了"}, {"uid": "35434658", "content": "约会"}, {"uid": "35434658", "content": "遭了遭了"}, {"uid": "267765", "content": "遭了遭了"}, {"uid": "636754", "content": "昨天，我们攻略了大书库……"}, {"uid": "1323945", "content": "加油打工人"}, {"uid": "568190", "content": "意思是我是好人？"}, {"uid": "35399659", "content": "卡林巴！！！！！"}, {"uid": "35399659", "content": "遭了遭了"}, {"uid": "159634439", "content": "温柔背后藏着的是。。。。"}, {"uid": "8163444", "content": "心肺停止"}, {"uid": "35935444", "content": "遭了遭了"}, {"uid": "13074827", "content": "小小的爱恋！"}, {"uid": "336496", "content": "好温柔suki"}, {"uid": "8601756", "content": "可以可以"}, {"uid": "225372736", "content": "糟了糟了"}, {"uid": "20120", "content": "打怪猎"}, {"uid": "298741", "content": "buzai"}, {"uid": "3107350", "content": "不安不安，不安desu（"}, {"uid": "332289", "content": "忙着肝妖表"}, {"uid": "23508332", "content": "炎爆术！！！"}, {"uid": "1979159", "content": "我累了 我累了！"}, {"uid": "25614674", "content": "我必来！！！！"}, {"uid": "175550716", "content": "好暖！"}, {"uid": "78526962", "content": "我不回！"}, {"uid": "12646729", "content": "我醒了、"}, {"uid": "6694776", "content": "糟了糟了"}, {"uid": "51770271", "content": "那确实糟了"}, {"uid": "7104155", "content": "糟了糟了草"}, {"uid": "17462291", "content": "是小小恋歌！"}, {"uid": "3974295", "content": "玩了一天好累哦"}, {"uid": "11440327", "content": "糟了糟了"}, {"uid": "7269129", "content": "加油，打工人"}, {"uid": "7269129", "content": "糟了糟了"}, {"uid": "14910449", "content": "神仙啊"}, {"uid": "74205762", "content": "是拇指琴吗？"}, {"uid": "295823161", "content": "？？？？"}, {"uid": "386908", "content": "糟了糟了"}, {"uid": "276652991", "content": "吵到我睡觉了。女人（狗头保命）"}, {"uid": "8551264", "content": "什么？！"}, {"uid": "14214630", "content": "草！"}, {"uid": "332289", "content": "看书更累"}, {"uid": "13632455", "content": "我老婆开播了？！马上就回去！"}, {"uid": "13116749", "content": "hso"}, {"uid": "1896121", "content": "？？？？"}, {"uid": "156800657", "content": "大 书 库"}, {"uid": "35399659", "content": "清楚——单推——"}, {"uid": "35399659", "content": "治愈——"}, {"uid": "8254614", "content": "一定到场！‘’"}, {"uid": "24496170", "content": "？？？？？？？？"}, {"uid": "283714805", "content": "糟了糟了"}, {"uid": "2640786", "content": "？？？？"}, {"uid": "477481923", "content": "糟了糟了"}, {"uid": "186732388", "content": "啊，什么你说什么？"}, {"uid": "287031", "content": "又不是人"}, {"uid": "436127433", "content": "rua 糟了糟了"}, {"uid": "276652991", "content": "？？？？？？？？"}, {"uid": "276652991", "content": "遭了遭了"}, {"uid": "19195611", "content": "草"}, {"uid": "1295791", "content": "不如我就住下吧"}, {"uid": "276843", "content": "？？？？"}, {"uid": "332289", "content": "好像不是人。兴奋了"}, {"uid": "2450682", "content": "？？？"}, {"uid": "11012830", "content": "？？？？？"}, {"uid": "34481368", "content": "小小恋歌"}, {"uid": "159634439", "content": "不要调低音量"}, {"uid": "4266554", "content": "图书馆烤火"}, {"uid": "4266554", "content": "破防了"}, {"uid": "4266554", "content": "我很抱歉（棒读）"}, {"uid": "14704388", "content": "？？？？？"}, {"uid": "32753613", "content": "谢谢你"}, {"uid": "520352", "content": "糟了糟了"}, {"uid": "8254614", "content": "哦哦哦！"}, {"uid": "3974295", "content": "d了一天好累哦"}, {"uid": "11440327", "content": "害怕"}, {"uid": "36065815", "content": "我必来！"}, {"uid": "36065815", "content": "我爱了"}, {"uid": "477481923", "content": "不走了不走了"}, {"uid": "477481923", "content": "天亮了"}, {"uid": "15181399", "content": "噔噔咚"}, {"uid": "2510885", "content": "？？？？"}, {"uid": "10695665", "content": "不回了不回了"}, {"uid": "7269129", "content": "好听"}, {"uid": "28961139", "content": "好"}, {"uid": "8601756", "content": "？？？？"}, {"uid": "351762584", "content": "糟了糟了"}, {"uid": "8929434", "content": "黄底黑字"}, {"uid": "13785167", "content": "泪目，可爱"}, {"uid": "8635662", "content": "有鬼!"}, {"uid": "1293027", "content": "草"}, {"uid": "14214630", "content": "小小恋歌！"}, {"uid": "65418468", "content": "小小恋歌"}, {"uid": "133132167", "content": "好像不是人"}, {"uid": "177615645", "content": "泪目"}, {"uid": "12332430", "content": "住下了"}, {"uid": "14353127", "content": "我住这里！"}, {"uid": "480680646", "content": "??"}, {"uid": "35434658", "content": "敢动"}, {"uid": "384191", "content": "？"}, {"uid": "6620098", "content": "草"}, {"uid": "6694776", "content": "草"}, {"uid": "6694776", "content": "好耶"}, {"uid": "67073724", "content": "就在这里过夜了"}, {"uid": "511208409", "content": "是的"}, {"uid": "3177678", "content": "草"}, {"uid": "178673", "content": "hso"}, {"uid": "2278297", "content": "kwi"}, {"uid": "1437606", "content": "肯定来"}, {"uid": "1437606", "content": "草"}, {"uid": "19502638", "content": "草"}, {"uid": "14910449", "content": "我睡了"}, {"uid": "51770271", "content": "糟了糟了"}, {"uid": "600350072", "content": "草"}, {"uid": "28961139", "content": "糟了糟了"}, {"uid": "8635662", "content": "宝贝！"}, {"uid": "635601", "content": "？"}, {"uid": "635601", "content": "图书馆烤火"}, {"uid": "1979159", "content": "冲冲冲"}, {"uid": "110138699", "content": "草"}, {"uid": "35434658", "content": "泪目"}, {"uid": "22326764", "content": "草"}, {"uid": "19042194", "content": "草"}, {"uid": "218010", "content": "才八点"}, {"uid": "4976533", "content": "不准！！！"}, {"uid": "4964879", "content": "小恋歌！"}, {"uid": "17498227", "content": "可爱 suki"}, {"uid": "414831736", "content": "必来"}, {"uid": "12541010", "content": "很棒诶"}, {"uid": "22589268", "content": "草"}, {"uid": "511208409", "content": "好"}, {"uid": "8254614", "content": "wwww"}, {"uid": "623605", "content": "草草草"}, {"uid": "253479102", "content": "可爱"}, {"uid": "72275905", "content": "糟了糟了"}, {"uid": "276652991", "content": "草"}, {"uid": "7794489", "content": "草"}, {"uid": "352605051", "content": "住下了"}, {"uid": "374879621", "content": "泪目"}, {"uid": "374879621", "content": "好听"}, {"uid": "8635662", "content": "？？？"}, {"uid": "678776599", "content": "kwiiiii"}, {"uid": "773438", "content": "草"}, {"uid": "35434658", "content": "Imi哇嘎乃"}, {"uid": "621165", "content": "才八点"}, {"uid": "426894", "content": "草"}, {"uid": "19042194", "content": "？？"}, {"uid": "3599140", "content": "Eason"}, {"uid": "11375123", "content": "来来来"}, {"uid": "52266359", "content": "君の名前は？"}, {"uid": "913642", "content": "草"}, {"uid": "12646729", "content": "泪目"}, {"uid": "12646729", "content": "好听"}, {"uid": "415837409", "content": "别赶我走"}, {"uid": "178673", "content": "草"}, {"uid": "11440327", "content": "太色了"}, {"uid": "282561949", "content": "棒读"}, {"uid": "488091092", "content": "kksk"}, {"uid": "7916556", "content": "？"}, {"uid": "28961139", "content": "哇"}, {"uid": "5391689", "content": "草"}, {"uid": "14214630", "content": "呜呜呜呜呜呜"}, {"uid": "92497260", "content": "草"}, {"uid": "11375123", "content": "好"}, {"uid": "91380", "content": "遭了遭了？我的dna动了。。。"}, {"uid": "5496003", "content": "草"}, {"uid": "511208409", "content": "?"}, {"uid": "14910449", "content": "草"}, {"uid": "38746859", "content": "别"}, {"uid": "8601756", "content": "草"}, {"uid": "9161681", "content": "什么？？？？？？？？？？？？？？？？？？？？"}]