[{"uid": "478216961", "content": "皮姆粒子（乱）"}, {"uid": "38869317", "content": "只有自闭症在的世界（"}, {"uid": "38869317", "content": "衣服厚的话当然更能瑟起来啊（"}, {"uid": "38869317", "content": "！！！"}, {"uid": "23085154", "content": "法su"}, {"uid": "360186696", "content": "草"}, {"uid": "360186696", "content": "ut的bgm欸wwww"}, {"uid": "12668719", "content": "好好看"}, {"uid": "12668719", "content": "h h h h h h h"}, {"uid": "12668719", "content": "草草"}, {"uid": "12668719", "content": "草"}, {"uid": "242254", "content": "草"}, {"uid": "1293027", "content": "草"}, {"uid": "2060486", "content": "草生出来了"}, {"uid": "23121743", "content": "车车开起来了"}, {"uid": "51770271", "content": "草"}, {"uid": "51770271", "content": "草"}, {"uid": "51770271", "content": "uvr草"}, {"uid": "51770271", "content": "草"}, {"uid": "95822664", "content": "可爱"}, {"uid": "293778173", "content": "555真好听"}, {"uid": "1706522", "content": "几里 哇啦"}, {"uid": "1706522", "content": "你怎么在犯困啊草"}, {"uid": "399481", "content": "草"}, {"uid": "122637674", "content": "暗示vr文华荒漠？"}, {"uid": "122637674", "content": "文化绿洲啊"}, {"uid": "1964661", "content": "黑 发 双 马 尾"}, {"uid": "31706698", "content": "Xp草"}, {"uid": "299983868", "content": "草"}, {"uid": "46549943", "content": "这段太好听了呜呜呜"}, {"uid": "3299934", "content": "莫名生草"}, {"uid": "278063941", "content": "光"}, {"uid": "5216881", "content": "草"}, {"uid": "24715805", "content": "草"}, {"uid": "3885523", "content": "来了来了来了"}, {"uid": "249742945", "content": "上头"}, {"uid": "2647337", "content": "建议播彩虹六号（滑稽"}, {"uid": "31001948", "content": "首播的时候没注意到！这里的bgm是Gate of steiner！"}, {"uid": "2658192", "content": "草"}]