[{"uid": "86603777", "content": "啊，我死了（物理）"}, {"uid": "291202284", "content": "no斩首"}, {"uid": "38258587", "content": "我先来prprpp"}, {"uid": "7473228", "content": "配音系vtb"}, {"uid": "101132148", "content": "哈哈"}, {"uid": "15402861", "content": "啊 我司了"}, {"uid": "32204831", "content": "草"}, {"uid": "13971403", "content": "草"}, {"uid": "1522907", "content": "草"}, {"uid": "34703901", "content": "草"}, {"uid": "22679823", "content": "草草草"}, {"uid": "487279", "content": "草"}, {"uid": "104353618", "content": "草"}, {"uid": "27179741", "content": "草"}, {"uid": "3885523", "content": "草"}, {"uid": "30462482", "content": "草"}, {"uid": "13194949", "content": "草"}, {"uid": "291202284", "content": "草"}, {"uid": "7473228", "content": "过分"}, {"uid": "293349718", "content": "nooooooo"}, {"uid": "11356366", "content": "草"}, {"uid": "3844363", "content": "草"}, {"uid": "1997896", "content": "草"}, {"uid": "774664", "content": "草"}, {"uid": "13194949", "content": "8888888"}, {"uid": "7473228", "content": "草"}]