[{"uid": "3320572", "content": "我错过了直播呜呜"}, {"uid": "3320572", "content": "呜呜是我"}, {"uid": "3254648", "content": "ゆかたんおつゆかー"}, {"uid": "243381046", "content": "在看会儿（￣▽￣）"}, {"uid": "26308259", "content": "同传man辛苦了"}, {"uid": "33192701", "content": "同传辛苦了"}, {"uid": "243381046", "content": "长夜漫漫，无心睡眠"}, {"uid": "214284", "content": "感谢同传"}, {"uid": "3254648", "content": "下次再见"}, {"uid": "33192701", "content": "拜拜"}, {"uid": "243381046", "content": "下次再见"}, {"uid": "3254648", "content": "大家辛苦了"}, {"uid": "29990327", "content": "同传辛苦了"}, {"uid": "3254648", "content": "ゆかたん僕も連れて行くでござろう"}, {"uid": "360735841", "content": "大家晚安"}, {"uid": "1794076", "content": "同传辛苦啦"}, {"uid": "243381046", "content": "同传君幸苦了"}, {"uid": "14008517", "content": "【ending】"}, {"uid": "12026790", "content": "byebye"}, {"uid": "32191148", "content": "晚安"}, {"uid": "14008517", "content": "【拜拜】"}, {"uid": "243381046", "content": "晚安"}, {"uid": "1794076", "content": "辛苦啦"}, {"uid": "14008517", "content": "【这里是飞鸟尤卡里】"}, {"uid": "6666507", "content": "おやすみ"}, {"uid": "476347689", "content": "886"}, {"uid": "14008517", "content": "【再见】"}, {"uid": "14008517", "content": "【晚安】"}, {"uid": "327079353", "content": "辛苦了"}, {"uid": "33192701", "content": "晚安！"}, {"uid": "283504275", "content": "bye"}, {"uid": "14008517", "content": "【good bye】"}, {"uid": "270091324", "content": "晚安"}, {"uid": "3254648", "content": "ゆかたんまた夢に会えできるでござるか"}, {"uid": "14008517", "content": "【也谢谢大家】"}, {"uid": "14008517", "content": "【谢谢字幕组的人】"}, {"uid": "4006277", "content": "晚安安"}, {"uid": "14008517", "content": "【期待下次的直播哦】"}, {"uid": "393914568", "content": "mua～"}, {"uid": "14008517", "content": "【谢谢大家哦】"}, {"uid": "100695733", "content": "晚安"}, {"uid": "393914568", "content": "晚安"}, {"uid": "243381046", "content": "晚安"}, {"uid": "214284", "content": "晚安"}, {"uid": "393914568", "content": "辛苦了"}, {"uid": "86469083", "content": "お疲れ様でした。"}, {"uid": "14008517", "content": "【晚安 辛苦了】"}, {"uid": "26308259", "content": "(￣3￣)(￣3￣)"}, {"uid": "33192701", "content": "辛苦了！"}, {"uid": "360735841", "content": "晚安"}, {"uid": "3254648", "content": "muamua"}, {"uid": "243381046", "content": "辛苦了"}, {"uid": "29990327", "content": "辛苦了"}, {"uid": "14008517", "content": "【今天的直播就到这里了】"}, {"uid": "26308259", "content": "晚安"}, {"uid": "14008517", "content": "【真的很感谢大家呢】"}, {"uid": "26308259", "content": "辛苦啦"}, {"uid": "14008517", "content": "【请大家稍等哦】"}, {"uid": "243381046", "content": "现在充满力量又可以d了(°∀°)ﾉ"}, {"uid": "14008517", "content": "【谢谢大家的到来哦】"}, {"uid": "14008517", "content": "【那么 今天的大航海绘画】"}, {"uid": "3254648", "content": "【（那我摸了，长风交给你了）】"}, {"uid": "90530412", "content": "（￣▽￣）"}, {"uid": "57019199", "content": "88888888"}, {"uid": "1837024", "content": "muamuamuamuamua!!"}, {"uid": "33192701", "content": "呜呜呜呜呜呜呜呜呜"}, {"uid": "33192701", "content": "草，我刚来就结束了"}, {"uid": "243381046", "content": "活力满满又有力量d别人了（不是）"}, {"uid": "86469083", "content": "ゆかりちゃん、おやすみ。"}, {"uid": "57019199", "content": "晚安"}, {"uid": "14008517", "content": "【今天到这里就要结束了哦】"}, {"uid": "3254648", "content": "【88888888谢谢】"}, {"uid": "3254648", "content": "【以上就是了今天的内容】"}, {"uid": "57019199", "content": "byebye"}, {"uid": "33192701", "content": "真好。听老婆唱老婆的歌"}, {"uid": "3254648", "content": "【当当】"}, {"uid": "26308259", "content": "88888888"}, {"uid": "360735841", "content": "－3－ykl"}, {"uid": "3254648", "content": "【谢谢大家！】"}, {"uid": "452253547", "content": "\\ykl/"}, {"uid": "270091324", "content": "嘟噜噜露露"}, {"uid": "14008517", "content": "【\\ykl/\\】"}, {"uid": "3254648", "content": "【尤卡里尤卡里】"}, {"uid": "14008517", "content": "【thank you】"}, {"uid": "86469083", "content": "ゆかりちゃんは最高だ。ずっと好きだよ。"}, {"uid": "14008517", "content": "【谢谢大家的弹幕】"}, {"uid": "919764", "content": "suki"}, {"uid": "10583934", "content": "＼ゆかり／＼ゆかり／＼ゆかり／"}, {"uid": "17042098", "content": "DD斬首を聞きたい"}, {"uid": "243381046", "content": "让开由我来（不是）"}, {"uid": "3254648", "content": "www"}, {"uid": "243381046", "content": "同传君你这厮"}, {"uid": "214284", "content": "我来组成裆部(･∀･)"}, {"uid": "10583934", "content": "＼ゆかり／＼ゆかり／＼ゆかり／"}, {"uid": "243381046", "content": "草"}, {"uid": "57019199", "content": "ykl强，ykl帅"}, {"uid": "3254648", "content": "我来组成胸部（狗头）"}, {"uid": "57019199", "content": "开播"}, {"uid": "214284", "content": "我懂了"}, {"uid": "57019199", "content": "接下来三天出于一些原因，所以外国IP无法"}, {"uid": "26308259", "content": "哦哦 超电磁炮"}, {"uid": "3254648", "content": "【嗯嗯！那么】"}, {"uid": "57019199", "content": "要打工又要做视频"}, {"uid": "3254648", "content": "【现在的时光】"}, {"uid": "243381046", "content": "鎖那 - 彼女は旅に出る"}, {"uid": "3254648", "content": "【对呢，有段时间见不到了，大家好好珍惜】"}, {"uid": "57019199", "content": "也没办法啊"}, {"uid": "214284", "content": "真就三天晒网两天打鱼(￣3￣)"}, {"uid": "3254648", "content": "【什么好呢】"}, {"uid": "3254648", "content": "【尤卡里选手要开始唱了！】"}, {"uid": "26308259", "content": "接下来三天就见不到了呢"}, {"uid": "243381046", "content": "彼女的旅程"}, {"uid": "3254648", "content": "【诶逗】"}, {"uid": "270091324", "content": "辛苦了"}, {"uid": "360735841", "content": "好耶"}, {"uid": "214284", "content": "ykl挺有意思"}, {"uid": "243381046", "content": "oh"}, {"uid": "26308259", "content": "好耶"}, {"uid": "3254648", "content": "【难得的机会】"}, {"uid": "3254648", "content": "【那么就唱一首在结束】"}, {"uid": "3254648", "content": "【谢谢大家的宠爱】"}, {"uid": "3254648", "content": "【真的好开心，没想到会增加10人这么多】"}, {"uid": "3254648", "content": "【太好了】"}, {"uid": "6666507", "content": "お疲れ様"}, {"uid": "57019199", "content": "ykl辛苦啦"}, {"uid": "3254648", "content": "【等等，比刚开播增加了10人舰队】"}, {"uid": "7522324", "content": "辛苦了"}, {"uid": "26308259", "content": "辛苦辛苦"}, {"uid": "6666507", "content": "おめでとう"}, {"uid": "360735841", "content": "辛苦了"}, {"uid": "3254648", "content": "【结束了！】"}, {"uid": "33192701", "content": "好久没看到ykl了呜呜呜呜呜呜呜呜呜"}, {"uid": "243381046", "content": "幸苦了"}, {"uid": "3254648", "content": "【还在啊那就好！】"}, {"uid": "3254648", "content": "【给我DD晚一点去啊】"}, {"uid": "14008517", "content": "尤卡里我还在的"}, {"uid": "243381046", "content": "斩首"}, {"uid": "14008517", "content": "我还在哦"}, {"uid": "243381046", "content": "长风跑路了～(￣▽￣～)"}, {"uid": "33192701", "content": "我来了我来了"}, {"uid": "3254648", "content": "【（臭DD长风斩首】"}, {"uid": "33192701", "content": "老婆我来了"}, {"uid": "3254648", "content": "【长风君桑谢谢~】"}, {"uid": "14008517", "content": "好了，我可以去dd了"}, {"uid": "3254648", "content": "【终于是最后一位了】"}, {"uid": "3254648", "content": "【喜欢喜欢~尤卡碳也喜欢你muamua】"}, {"uid": "3254648", "content": "【礼物也谢谢】"}, {"uid": "243381046", "content": "suki"}, {"uid": "3254648", "content": "【写好了写好了，感觉还可以呢】"}, {"uid": "57019199", "content": "太棒了"}, {"uid": "3254648", "content": "【嗯~】"}, {"uid": "3254648", "content": "【谢谢再次上舰~】"}, {"uid": "3254648", "content": "【顺序有点搞错了】"}, {"uid": "597886", "content": "单推啥啊  要做出成年人的选择（"}, {"uid": "3254648", "content": "【等…等等】"}, {"uid": "3254648", "content": "【下面是63位】"}, {"uid": "1837024", "content": "我老单推人了"}, {"uid": "14008517", "content": "上舰长当单推什么的是骗你的"}, {"uid": "1837024", "content": "有muamuamua不亏"}, {"uid": "3254648", "content": "【不要DD加油给我好好单推】"}, {"uid": "14008517", "content": "我承认我是dd"}, {"uid": "3254648", "content": "【今后也要多多关照了哦】"}, {"uid": "214284", "content": "不说了，拿牌子去了(;¬_¬)"}, {"uid": "288792726", "content": "晚上好"}, {"uid": "3254648", "content": "【谢谢登船muamua】"}, {"uid": "10171147", "content": "我是Dd"}, {"uid": "1837024", "content": "muamuamua"}, {"uid": "2486897", "content": "铁dd了"}, {"uid": "2486897", "content": "草，铁"}, {"uid": "10171147", "content": " 阿朱"}, {"uid": "3254648", "content": "【O3O桑谢谢老板】"}, {"uid": "3254648", "content": "【了哦】"}, {"uid": "3254648", "content": "【换好飞鸟姬的牌子再来哟，不然就要斩首】"}, {"uid": "1837024", "content": "!"}, {"uid": "597886", "content": "那确实"}, {"uid": "243381046", "content": "真是坏心眼啊各位"}, {"uid": "35434207", "content": "阿B能不能出个进直播间自动换牌子功能啊"}, {"uid": "3254648", "content": "【korakora】"}, {"uid": "3254648", "content": "【真的非常感谢大家】"}, {"uid": "86469083", "content": "换一下牌子啊kora"}, {"uid": "3254648", "content": "【谢谢登船，就是写的有点歪歪扭扭的】"}, {"uid": "3254648", "content": "【请注意查收你的小可爱哦】"}, {"uid": "1794076", "content": "看看他有多少关注(·∀·)"}, {"uid": "3254648", "content": "【草草纸桑谢谢】"}, {"uid": "3254648", "content": "【读SC】"}, {"uid": "1837024", "content": "我也是单推!"}, {"uid": "14008517", "content": "我是你的单推！"}, {"uid": "14008517", "content": "开玩笑"}, {"uid": "243381046", "content": "怎么能这样"}, {"uid": "86469083", "content": "口是心非的长风"}, {"uid": "2486897", "content": "dd斩首！"}, {"uid": "3254648", "content": "【长风君桑谢谢，谢谢你一直等着】"}, {"uid": "3254648", "content": "【啊谢谢舰长】"}, {"uid": "14008517", "content": "尤卡里再见我去dd了"}, {"uid": "3254648", "content": "【坏坏心眼桑谢谢老板登船】"}, {"uid": "29142288", "content": "深夜场?"}, {"uid": "243381046", "content": "阿巴阿巴阿巴阿巴"}, {"uid": "3254648", "content": "【魔法嗯…哪有什么坏诶逗】"}, {"uid": "597886", "content": "每次念都想笑"}, {"uid": "3254648", "content": "【接下来是61位】"}, {"uid": "3254648", "content": "【今后也要请多多关照哦】"}, {"uid": "3254648", "content": "【煤田的吉祥物桑谢谢登船】"}, {"uid": "3254648", "content": "【尤卡里辛苦了？谢谢谢谢】"}, {"uid": "3254648", "content": "【弱水残芯桑谢谢老板登船】"}, {"uid": "3254648", "content": "【西瓜也谢谢~】"}, {"uid": "1794076", "content": "尤卡里辛苦啦"}, {"uid": "3254648", "content": "【啊，写错了】"}, {"uid": "3254648", "content": "【这有念对吗？发音有队吗】"}, {"uid": "3254648", "content": "【诶逗~xxxx桑】"}, {"uid": "3254648", "content": "【接下来是59位了呢】"}, {"uid": "3254648", "content": "【你是谁桑请查收】"}, {"uid": "3254648", "content": "【那么再一次】"}, {"uid": "3254648", "content": "【哇~谢谢舰长】"}, {"uid": "243381046", "content": "（￣▽￣）"}, {"uid": "6666507", "content": "字が綺麗ですね"}, {"uid": "3254648", "content": "【接下来59位】"}, {"uid": "3254648", "content": "【看到尤卡里又变得精神了起来？太好了呢】"}, {"uid": "3254648", "content": "【之后是】"}, {"uid": "9826153", "content": "www"}, {"uid": "3254648", "content": "【谢谢你是谁桑老板登船】"}, {"uid": "243381046", "content": "看到ykl还是这么有活力心情好起来了"}, {"uid": "243381046", "content": "离开许久来了呢"}, {"uid": "3254648", "content": "【你是谁桑】"}, {"uid": "3254648", "content": "【接下来是59位】"}, {"uid": "26897743", "content": "（￣▽￣）"}, {"uid": "3254648", "content": "【写好了有好好的写好呢】"}, {"uid": "3254648", "content": "【好像心心画的不怎么可爱呢】"}, {"uid": "3254648", "content": "【开始写吧】"}, {"uid": "3254648", "content": "【谢谢老板登船】"}, {"uid": "3254648", "content": "【接下来58位】"}, {"uid": "3254648", "content": "さっき艦長を乗って方忘れないうお"}, {"uid": "1455234", "content": "晚上好"}, {"uid": "397780284", "content": "晚上好(⌒▽⌒)"}, {"uid": "3254648", "content": "【还有几个人？】"}, {"uid": "3254648", "content": "【久等了】"}, {"uid": "3254648", "content": "【好，写好了】"}, {"uid": "3254648", "content": "【再这样】"}, {"uid": "3254648", "content": "【像这样写】"}, {"uid": "3254648", "content": "【无~诶逗】"}, {"uid": "3254648", "content": "【这个是怎样的一个字呢】"}, {"uid": "3254648", "content": "【诶逗】"}, {"uid": "3254648", "content": "【谢谢谢谢~还要再坚持一下呢】"}, {"uid": "3254648", "content": "【久等了~】"}, {"uid": "3254648", "content": "【接下来是57位】"}, {"uid": "354870843", "content": "ykl辛苦啦"}, {"uid": "3254648", "content": "【太好了！被夸了好开心】"}, {"uid": "3254648", "content": "【今后也要多多指教哦】"}, {"uid": "3254648", "content": "【好呢！标准的写好了！】"}, {"uid": "26308259", "content": "发音真好呢."}, {"uid": "14678130", "content": "初见可爱重婚"}, {"uid": "3254648", "content": "【谢谢潘潘潘酒窝桑谢谢老板】"}, {"uid": "3254648", "content": "【刚刚好像听到了什么】"}, {"uid": "3254648", "content": "【像这样写？嗯嗯~】"}, {"uid": "12158364", "content": "。"}, {"uid": "3254648", "content": "【现在就要写到你了哦】"}, {"uid": "3254648", "content": "【啊潘潘潘桑】"}, {"uid": "1794076", "content": "强强尤卡里"}, {"uid": "1837024", "content": "不如说尤卡里写的很可爱"}, {"uid": "3254648", "content": "【尤卡里字不会太潦草吧】"}, {"uid": "26308259", "content": "(￣3￣)(￣3￣)"}, {"uid": "82834315", "content": "确实尴尬 我中文没有ykl写的好看"}, {"uid": "12711781", "content": "かわいいよ"}, {"uid": "3254648", "content": "【诶？被说字很漂亮了】"}, {"uid": "3254648", "content": "【接下来】"}, {"uid": "3254648", "content": "【差不多这样吧】"}, {"uid": "270091324", "content": "ykl这字居然写得比我好看"}, {"uid": "3254648", "content": "【钱洋桑谢谢老板】"}, {"uid": "3254648", "content": "【嗯嗯】"}, {"uid": "3254648", "content": "【像这样~啊好难】"}, {"uid": "3254648", "content": "【谢谢老板】"}, {"uid": "3254648", "content": "【接下来55位】"}, {"uid": "366667568", "content": "（￣▽￣）"}, {"uid": "3254648", "content": "【之后要好好说声谢谢呢】"}, {"uid": "3254648", "content": "【okok】"}, {"uid": "57019199", "content": "我记得是生日回有出现"}, {"uid": "3254648", "content": "【真理酱~】"}, {"uid": "57019199", "content": "话说真理好久没见到了"}, {"uid": "3254648", "content": "【魔法少女真理酱，是生日回还是新衣裳】"}, {"uid": "86469083", "content": "真理酱"}, {"uid": "3254648", "content": "【接下来是尤卡里的朋友】"}, {"uid": "1837024", "content": "本来暑假就打算开舰长的 没想到正好赶上！"}, {"uid": "3254648", "content": "【保存保存】"}, {"uid": "3254648", "content": "【随便怎样都可以桑谢谢老板】"}, {"uid": "32408082", "content": "好耶"}, {"uid": "3254648", "content": "【总感觉好难啊，字的平衡很难掌握啊】"}, {"uid": "3254648", "content": "【啊有点想要重新写啊】"}, {"uid": "3254648", "content": "【这是颜文字？太好了尤卡里有念对】"}, {"uid": "1837024", "content": "嘟嘴!"}, {"uid": "82834315", "content": "好看"}, {"uid": "3254648", "content": "【看起来就像生气的样子噗噗~】"}, {"uid": "1837024", "content": "O3O"}, {"uid": "1837024", "content": "是的  颜文字哦  "}, {"uid": "3254648", "content": "【这是颜文字？O3O桑】"}, {"uid": "32408082", "content": "哈哈哈"}, {"uid": "3254648", "content": "【哇~舰长谢谢老板】"}, {"uid": "1837024", "content": "2333"}, {"uid": "3254648", "content": "【念名字对于尤卡里果然还是太难了呢】"}, {"uid": "35339650", "content": "哈哈"}, {"uid": "3254648", "content": "【对了第53位！】"}, {"uid": "3254648", "content": "【刚刚是？】"}, {"uid": "5454071", "content": "（￣▽￣）诶嘿嘿"}, {"uid": "3254648", "content": "【那么就继续写了哦】"}, {"uid": "26308259", "content": "你再骂（跪求）"}, {"uid": "270091324", "content": "你再骂"}, {"uid": "3254648", "content": "【大家变态！】"}, {"uid": "113843", "content": "bilibili，干杯"}, {"uid": "5454071", "content": "（￣▽￣）诶嘿嘿变态"}, {"uid": "3456435", "content": "我就不是干杯了，我刚刚跟着去了"}, {"uid": "3254648", "content": "【为什么老是马上就干杯了】"}, {"uid": "3254648", "content": "【大家！】"}, {"uid": "3254648", "content": "【尤卡里不在的时候又在干杯了呢】"}, {"uid": "214284", "content": "干杯～(°∀°)ﾉ"}, {"uid": "113843", "content": "干杯"}, {"uid": "1794076", "content": "干杯"}, {"uid": "3254648", "content": "【刚刚有点操作失误了呢】"}, {"uid": "3254648", "content": "【久等了~】"}, {"uid": "6473948", "content": "听不见！"}, {"uid": "270091324", "content": "无声系vtb"}, {"uid": "360735841", "content": "？"}, {"uid": "2567044", "content": "事故系VUP"}, {"uid": "88989", "content": "好耶"}, {"uid": "21198922", "content": "断网了！撤退！"}, {"uid": "31837155", "content": "変態ですね"}, {"uid": "82834315", "content": "no"}, {"uid": "214284", "content": "摘花(￣3￣)"}, {"uid": "3254648", "content": "无怨无悔刚刚写过了"}, {"uid": "562817321", "content": "那我走？"}, {"uid": "21198922", "content": "大家 干杯！好耶！"}, {"uid": "14008517", "content": "干杯禁止"}, {"uid": "6473948", "content": "乾杯"}, {"uid": "29468246", "content": "干杯"}, {"uid": "14008517", "content": "我去看其他女人了"}, {"uid": "14008517", "content": "各位晚安"}, {"uid": "21198922", "content": "干杯"}, {"uid": "3254648", "content": "【不得不去一下摘花了呢】"}, {"uid": "14008517", "content": "今天的直播结束了"}, {"uid": "21198922", "content": "草"}, {"uid": "26308259", "content": "摘花 噗"}, {"uid": "57019199", "content": "辛苦啦"}, {"uid": "3254648", "content": "【喝水喝的太多了】"}, {"uid": "57019199", "content": "太棒了"}, {"uid": "3254648", "content": "【尤卡里想去摘花了】"}, {"uid": "57019199", "content": "好耶"}, {"uid": "100695733", "content": "打卡"}, {"uid": "57019199", "content": "www"}, {"uid": "3254648", "content": "【大家请等等尤卡里】"}, {"uid": "3254648", "content": "【第53位】"}, {"uid": "3254648", "content": "【接下来是】"}, {"uid": "3254648", "content": "【请各位老板注意查收你的小可爱】"}, {"uid": "3254648", "content": "【盼盼桑工作辛苦了】"}, {"uid": "3254648", "content": "【对不起，就在前一位】"}, {"uid": "3254648", "content": "【森海空瞳桑刚刚写到你了】"}, {"uid": "3242070", "content": "我才刚加完班回到家"}, {"uid": "3254648", "content": "【晚上好！】"}, {"uid": "3254648", "content": "【没赶上？对啊没赶上哟】"}, {"uid": "25128316", "content": "晚上好"}, {"uid": "3254648", "content": "【晚安晚安，做个好梦哟盼盼桑】"}, {"uid": "3242070", "content": "没赶上"}, {"uid": "3242070", "content": "可恶"}, {"uid": "3242070", "content": "？"}, {"uid": "3254648", "content": "【盼盼桑已经写过了】"}, {"uid": "3254648", "content": "【结婚待机？ww谢谢你是个好人】"}, {"uid": "488229092", "content": "谢谢你！"}, {"uid": "3242070", "content": "晚安，我赶上了！！！！"}, {"uid": "488229092", "content": "很好看，不愧是你，天才ykl"}, {"uid": "3254648", "content": "【有好好的看尤卡里谢谢~】"}, {"uid": "3242070", "content": "(°∀°)ﾉ"}, {"uid": "3254648", "content": "【看起来很棒呢】"}, {"uid": "488229092", "content": "ykl等我22岁把你娶走"}, {"uid": "88794653", "content": "大好き"}, {"uid": "3254648", "content": "【不好~】"}, {"uid": "88794653", "content": "かわいいいい"}, {"uid": "3254648", "content": "【开始写了哦】"}, {"uid": "31837155", "content": "DD斩首"}, {"uid": "217044045", "content": "おやすみ"}, {"uid": "488229092", "content": "我在"}, {"uid": "3254648", "content": "【谢谢来看尤卡里~】"}, {"uid": "25243855", "content": "卡哇伊"}, {"uid": "3254648", "content": "【有传达到吗？】"}, {"uid": "25243855", "content": "卡哇伊"}, {"uid": "3254648", "content": "【黄昏的海盐瓶桑？对吗有念对吗？】"}, {"uid": "488229092", "content": "好耶！到我了"}, {"uid": "14008517", "content": "不能斩首不能斩首"}, {"uid": "8858537", "content": "好"}, {"uid": "3254648", "content": "【久等了接下来是52位老板】"}, {"uid": "3254648", "content": "【森海空瞳桑谢谢老板】"}, {"uid": "13780867", "content": "ykl晚上好"}, {"uid": "3254648", "content": "【（长风斩首！】"}, {"uid": "3254648", "content": "【欢迎…】"}, {"uid": "488229092", "content": "啊这，别的女人在播我都没去看"}, {"uid": "3254648", "content": "【谢谢老板登船】"}, {"uid": "3254648", "content": "【51位】"}, {"uid": "14008517", "content": "别的可爱女人下播了，我又回来了"}, {"uid": "3254648", "content": "【肩膀有点酸~放松一下】"}, {"uid": "3254648", "content": "【谢谢kaan桑谢谢老板登船】"}, {"uid": "3254648", "content": "【开始写了哦】"}, {"uid": "3254648", "content": "【那么50位老板】"}, {"uid": "488229092", "content": "ykl好勤劳呀"}, {"uid": "3254648", "content": "【还有一点就结束了呢】"}, {"uid": "3254648", "content": "【终于第50位了】"}, {"uid": "3254648", "content": "【谢谢这位老板~】"}, {"uid": "3254648", "content": "【礼物~谢谢送礼~】"}, {"uid": "3254648", "content": "【单单这句话就让尤卡里很高兴了】"}, {"uid": "99541084", "content": "23333333"}, {"uid": "3254648", "content": "【诶？唯一的舰长？谢谢~】"}, {"uid": "488229092", "content": "牌子戴着身，心是ykl心"}, {"uid": "86469083", "content": "ykl是我唯一上舰长的v我永远喜欢ykl"}, {"uid": "3254648", "content": "【对呢对呢，带上飞鸟姬牌子就是单推了呢】"}, {"uid": "31837155", "content": "いいよ 今单推ykl"}, {"uid": "21198922", "content": "kksk！"}, {"uid": "3254648", "content": "【读弹幕】"}, {"uid": "3254648", "content": "【下一位老板】"}, {"uid": "3254648", "content": "【大家坚持住】"}, {"uid": "3254648", "content": "【还有一点一点】"}, {"uid": "3456435", "content": "当我在这个直播间换上飞鸟姬的牌子时，我，就是单推"}, {"uid": "99541084", "content": "DD光线，直播间所有被射中的人都变成DD"}, {"uid": "3254648", "content": "【xiabiro桑谢谢老板~】"}, {"uid": "452253547", "content": "好家伙"}, {"uid": "3254648", "content": "【48位老板】"}, {"uid": "38994140", "content": "这个世界已经没有单推了"}, {"uid": "3254648", "content": "【还有一点了】"}, {"uid": "488229092", "content": "一群带着其他女人的牌子说单推有意思吗"}, {"uid": "99541084", "content": "DD!DD!"}, {"uid": "21198922", "content": "好耶"}, {"uid": "26308259", "content": "挂着别人粉丝牌的单推屑"}, {"uid": "57019199", "content": "好耶"}, {"uid": "3254648", "content": "【单推单推】"}, {"uid": "3254648", "content": "【嗯嗯，写对了吗？】"}, {"uid": "317039803", "content": "单推单推"}, {"uid": "249008376", "content": "我是单推（自豪）"}, {"uid": "3254648", "content": "【不不不，要永远单推尤卡里才行哦】"}, {"uid": "3254648", "content": "【我的天居然是DD】"}, {"uid": "14008517", "content": "尤卡里，我要去看别的可爱女人了"}, {"uid": "900537", "content": "在这个直播间就是ykl的单推"}, {"uid": "2567044", "content": "草"}, {"uid": "3254648", "content": "【诶逗~47位老板】"}, {"uid": "416358448", "content": "单推人不请自来"}, {"uid": "488229092", "content": "现在我就是ykl的单推呀"}, {"uid": "3254648", "content": "【尤卡里的单推？是真的吗？】"}, {"uid": "31837155", "content": "我是DD→_→"}, {"uid": "99541084", "content": "太对了，天才尤卡里"}, {"uid": "3254648", "content": "【有对吗？对吗？】"}, {"uid": "14008517", "content": "你把大姐的牌子换了先"}, {"uid": "3254648", "content": "【字有点复杂呀】"}, {"uid": "488229092", "content": "我是ykl的单推啊"}, {"uid": "26308259", "content": "DD头子的DD斩首光线╮(￣▽￣)╭"}, {"uid": "3254648", "content": "【第46位老板】"}, {"uid": "10412397", "content": "晚上好"}, {"uid": "3254648", "content": "【谢谢你们的宠爱muamua】"}, {"uid": "3254648", "content": "【大家一直都单推尤卡里喜欢着尤卡里】"}, {"uid": "3254648", "content": "【液流冰桑谢谢老板】"}, {"uid": "14008517", "content": "dd开始"}, {"uid": "14008517", "content": "什么时候能逮到我再斩首我吧"}, {"uid": "3254648", "content": "【等等…字有点潦草了】"}, {"uid": "99541084", "content": "不可以dd啊，尤卡里还在直播"}, {"uid": "272554804", "content": "草"}, {"uid": "3254648", "content": "【小可爱】"}, {"uid": "86469083", "content": "私はずっとゆかりちゃん好きです。"}, {"uid": "86469083", "content": "ゆかりちゃんは可愛いです。だから大丈夫だ"}, {"uid": "21198922", "content": "我对尤卡炭一心一意！"}, {"uid": "24778409", "content": "哈哈哈"}, {"uid": "3456435", "content": "斩首吧"}, {"uid": "3254648", "content": "【你了】"}, {"uid": "3254648", "content": "【来自彼方的少女桑，对不起刚刚已经写到】"}, {"uid": "14008517", "content": "尤卡里，我去dd了，有缘再见"}, {"uid": "99541084", "content": "都去dd了"}, {"uid": "24778409", "content": "都不说话的"}, {"uid": "3254648", "content": "【第45位】"}, {"uid": "86469083", "content": "感觉好少人"}, {"uid": "3254648", "content": "【muamua】"}, {"uid": "3254648", "content": "【草草纸桑谢谢老板登船】"}, {"uid": "131327046", "content": "是真可爱啊"}, {"uid": "24778409", "content": "可爱"}, {"uid": "3254648", "content": "【草草桑谢谢老板】"}, {"uid": "3254648", "content": "【那么44位老板】"}, {"uid": "3254648", "content": "【你是谁桑谢谢老板登船】"}, {"uid": "3254648", "content": "【哇~舰长谢谢】"}, {"uid": "40837643", "content": "kawaii"}, {"uid": "597886", "content": "233"}, {"uid": "3254648", "content": "【哇~~舰长~谢谢老板】"}, {"uid": "3254648", "content": "【谢谢西瓜~】"}, {"uid": "99541084", "content": "哈哈上当了"}, {"uid": "249008376", "content": "哈哈"}, {"uid": "3254648", "content": "【（刚开了，又关了）】"}, {"uid": "21198922", "content": "wwwww"}, {"uid": "14008517", "content": "我上当了"}, {"uid": "14008517", "content": "今天没开特效吗"}, {"uid": "4324179", "content": "_(:3」∠)_"}, {"uid": "494145454", "content": "wwwwww"}, {"uid": "99541084", "content": "Ykl不是厨师吗www"}, {"uid": "3254648", "content": "【接下来第43位~】"}, {"uid": "94522551", "content": "芜湖"}, {"uid": "35584664", "content": "卡哇伊"}, {"uid": "3254648", "content": "【肚肚好饿哦】"}, {"uid": "3456435", "content": "我刚吃晚饭，YKL还是一如既往可爱"}, {"uid": "3254648", "content": "【炸鸡！真好啊】"}, {"uid": "597886", "content": "这不是EVA驾驶员ykl吗（"}, {"uid": "57019199", "content": "kksk"}, {"uid": "3254648", "content": "【来自彼方的少女桑谢谢老板登船】"}, {"uid": "99541084", "content": "白马姬"}, {"uid": "9826153", "content": "我要给ykl做饭"}, {"uid": "21198922", "content": "在吃炸鸡 太好吃了"}, {"uid": "3254648", "content": "【尤卡里要加油了，坚持一下】"}, {"uid": "3254648", "content": "【尤卡里肚肚好饿哦】"}, {"uid": "3254648", "content": "【大家都吃饭了真好啊】"}, {"uid": "3254648", "content": "【第42位】"}, {"uid": "3254648", "content": "【接下来是】"}, {"uid": "3254648", "content": "【回礼了呢】"}, {"uid": "3254648", "content": "【说的也是呢，差不多山茶姐姐也要给大家】"}, {"uid": "99541084", "content": "已经在吃烤串了"}, {"uid": "3254648", "content": "【樱花的不可以吗？】"}, {"uid": "3254648", "content": "【嗯？想要山茶姐姐的吗？】"}, {"uid": "3254648", "content": "【查收你的小可爱】"}, {"uid": "3456435", "content": "晚上好呀，到时间吃夜宵啦"}, {"uid": "228073309", "content": "ykl!"}, {"uid": "3254648", "content": "【对不起iba桑刚刚已经写过了】"}, {"uid": "31837155", "content": "こんばんは"}, {"uid": "99541084", "content": "有没有山茶版本的，毕竟我是山茶单推人"}, {"uid": "3254648", "content": "【弱水残芯桑谢谢老板~】"}, {"uid": "3254648", "content": "【谢谢登船~】"}, {"uid": "3254648", "content": "【这个插画是朋友画的，非常可爱对吧】"}, {"uid": "3456435", "content": "(°∀°)ﾉ"}, {"uid": "3254648", "content": "【写好了】"}, {"uid": "3254648", "content": "【ok谢谢老板登船】"}, {"uid": "941360", "content": "(°∀°)ﾉ"}, {"uid": "9826153", "content": "我被错过了www"}, {"uid": "416876", "content": "画很可爱"}, {"uid": "99541084", "content": "好的"}, {"uid": "3254648", "content": "【发出来】"}, {"uid": "8129904", "content": "_(:3 ⌒ﾞ)_"}, {"uid": "14008517", "content": "好像还有很多名字，那我去DD了"}, {"uid": "99541084", "content": "哇我听不懂"}, {"uid": "94000451", "content": "晚上好"}, {"uid": "3254648", "content": "【等等，这个】"}, {"uid": "15677704", "content": "这么充粉的小可爱 确定不单推一个吗"}, {"uid": "3254648", "content": "【尤卡里已经写过了呢】"}, {"uid": "3254648", "content": "【霜月明桑对不起】"}, {"uid": "3254648", "content": "【现在还在刚刚开始呢】"}, {"uid": "99541084", "content": "已经过了我吗"}, {"uid": "93249039", "content": "可以啊"}, {"uid": "9826153", "content": "wwww"}, {"uid": "15677704", "content": "wwwww"}, {"uid": "3254648", "content": "【没事的没事的】"}, {"uid": "15677704", "content": "又错过了（）"}, {"uid": "15677704", "content": "啊这"}, {"uid": "3254648", "content": "【那么下一位】"}, {"uid": "3254648", "content": "【是千叶叶对吧】"}, {"uid": "3254648", "content": "【接下来是41位老板】"}, {"uid": "3254648", "content": "【尤卡里数字搞错了~】"}, {"uid": "3254648", "content": "【尤卡里最喜欢大家了mua】"}, {"uid": "249008376", "content": "mua"}, {"uid": "3254648", "content": "【不是舰长也没有关系】"}, {"uid": "9826153", "content": "(汗)"}, {"uid": "113633406", "content": "mua"}, {"uid": "3254648", "content": "いまは40目"}, {"uid": "318526999", "content": "mua！"}, {"uid": "14008517", "content": "好耶，我届到了"}, {"uid": "3254648", "content": "39目はさっきじゃないの?"}, {"uid": "318526999", "content": "不是舰长可不可以被mua"}, {"uid": "3254648", "content": "【我爱你muamua~】"}, {"uid": "14008517", "content": "不是舰长可不可以被mua"}, {"uid": "318526999", "content": "(･∀･)"}, {"uid": "3254648", "content": "【谢谢尤卡里？尤卡里才是要感谢你们】"}, {"uid": "3254648", "content": "【39位斯蒂芬桑？】"}, {"uid": "9826153", "content": "wwww"}, {"uid": "3254648", "content": "【那么就下一位】"}, {"uid": "9826153", "content": "谢谢ykl"}, {"uid": "3254648", "content": "【谢谢登船】"}, {"uid": "3254648", "content": "【这样写没有错了吧？对了对了】"}, {"uid": "318526999", "content": "晚上好"}, {"uid": "44383153", "content": "こんばんは～"}, {"uid": "14008517", "content": "是花王吧hhhh"}, {"uid": "3254648", "content": "【晚上好，欢迎进来】"}, {"uid": "3254648", "content": "【诶逗~】"}, {"uid": "3254648", "content": "【花丸桑？谢谢登船】"}, {"uid": "85897562", "content": "晚上好"}, {"uid": "3254648", "content": "【第37位老板】"}, {"uid": "3254648", "content": "【下面是】"}, {"uid": "3254648", "content": "【画的真棒？谢谢夸奖】"}, {"uid": "9826153", "content": "www"}, {"uid": "3254648", "content": "【喵喵~谢谢登船】"}, {"uid": "113633406", "content": "公开处刑"}, {"uid": "9190338", "content": "晚上好呀"}, {"uid": "3254648", "content": "【喵喵喵】"}, {"uid": "26308259", "content": "糟糕的ID"}, {"uid": "28244955", "content": "画得真棒"}, {"uid": "3254648", "content": "【猫的耳桑谢谢老板登船】"}, {"uid": "3254648", "content": "【接下来是】"}, {"uid": "9826153", "content": "草"}, {"uid": "250576578", "content": "おう～"}, {"uid": "3254648", "content": "【还差一点尤卡里加油！】"}, {"uid": "9826153", "content": "差不多到我了"}, {"uid": "3254648", "content": "【心心~我爱你~】"}, {"uid": "3254648", "content": "【好像感觉哪里错了】"}, {"uid": "2867116", "content": "（￣▽￣）"}, {"uid": "249008376", "content": "（￣▽￣）"}, {"uid": "17911690", "content": "奥运会？"}, {"uid": "214284", "content": "来晚了，拜见龙王"}, {"uid": "3254648", "content": "【下一位第35位老板】"}, {"uid": "3254648", "content": "【晚上好~~欢迎来看尤卡里】"}, {"uid": "17911690", "content": "话说~尤卡里会看奥运会吗？"}, {"uid": "3254648", "content": "【字没有错呢，ok】"}, {"uid": "3254648", "content": "【晚上好~欢迎欢迎】"}, {"uid": "3254648", "content": "【老东西仁义桑谢谢老板登船~】"}, {"uid": "2398338", "content": "晚上好呀 ykl"}, {"uid": "1559407290", "content": "星期五播不了吧"}, {"uid": "85611334", "content": "晚上好！！！"}, {"uid": "3254648", "content": "【下一位第34位老板】"}, {"uid": "14008517", "content": "我来了我来了"}, {"uid": "3254648", "content": "【星期五？再玩】"}, {"uid": "3254648", "content": "【健身环啊】"}, {"uid": "3254648", "content": "【下一位】"}, {"uid": "3254648", "content": "【嗯嗯~】"}, {"uid": "3254648", "content": "【字没有写错吧】"}, {"uid": "3254648", "content": "仔仔老板谢谢登船】"}, {"uid": "3254648", "content": "【okok】"}, {"uid": "41978697", "content": "w"}, {"uid": "3254648", "content": "【好呢，写好了~】"}, {"uid": "3254648", "content": "【酱字呢】"}, {"uid": "3254648", "content": "草…原来如此"}, {"uid": "774664", "content": "不然全是生僻字了"}, {"uid": "3254648", "content": "ええ?32目は?"}, {"uid": "774664", "content": "应为不能改名。所以没有生僻字"}, {"uid": "285196735", "content": "いつフィットネスリングをするの"}, {"uid": "36005920", "content": "嗯～～"}, {"uid": "3254648", "content": "【（你们也太gachi了，都没有个生僻字"}, {"uid": "3254648", "content": "【DD的影子桑谢谢登船！！】"}, {"uid": "3254648", "content": "【下一位】"}, {"uid": "2036051", "content": "(〜￣△￣)〜"}, {"uid": "3254648", "content": "【霜月明akira桑谢谢老板】"}, {"uid": "3254648", "content": "【开始写了哦】"}, {"uid": "518411314", "content": "可爱！！"}, {"uid": "3254648", "content": "【谢谢登船】"}, {"uid": "3254648", "content": "【好！下一个31位~】"}, {"uid": "3254648", "content": "【可爱？谢谢夸奖】"}, {"uid": "3254648", "content": "【一直以来谢谢支持】"}, {"uid": "402012005", "content": "（￣▽￣）"}, {"uid": "3254648", "content": "【谢谢登船~】"}, {"uid": "3254648", "content": "【猫】"}, {"uid": "3446646", "content": "。"}, {"uid": "3254648", "content": "【黑】"}, {"uid": "285196735", "content": "かわいい"}, {"uid": "3254648", "content": "【嗯嗯~】"}, {"uid": "3254648", "content": "【azunya~诶逗】"}, {"uid": "3254648", "content": "【一直以来谢谢宠爱】"}, {"uid": "3254648", "content": "【喜欢黑猫桑谢谢~】"}, {"uid": "17911690", "content": "奇怪的回音~"}, {"uid": "3254648", "content": "【终于第30位老板了】"}, {"uid": "10236861", "content": "生僻字是魔鬼吗"}, {"uid": "3254648", "content": "【好耶~谢谢~】"}, {"uid": "3254648", "content": "【晚上好~欢迎来到我的直播间】"}, {"uid": "57019199", "content": "好耶"}, {"uid": "2177599", "content": "单推了"}, {"uid": "3254648", "content": "【恭喜~】"}, {"uid": "3254648", "content": "【这位好像也是特别高级的大学被录取了呢】"}, {"uid": "21819824", "content": "1"}, {"uid": "3254648", "content": "【对了恭喜大学录取】"}, {"uid": "8271728", "content": "尤里卡晚上好"}, {"uid": "3254648", "content": "【有念对吗名字？】"}, {"uid": "8271728", "content": "(〜￣△￣)〜"}, {"uid": "3254648", "content": "【这个】"}, {"uid": "3254648", "content": "【诶逗~】"}, {"uid": "3254648", "content": "【等等，好长呢】"}, {"uid": "3254648", "content": "【第29位老板】"}, {"uid": "3254648", "content": "【就是下一位了呢】"}, {"uid": "3254648", "content": "【那么】"}, {"uid": "3254648", "content": "【再画个心心~】"}, {"uid": "3254648", "content": "【无怨无悔老板谢谢登船】"}, {"uid": "3254648", "content": "【好像平衡好差啊】"}, {"uid": "3254648", "content": "【要写了呢】"}, {"uid": "3254648", "content": "【谢谢舰长~】"}, {"uid": "17911690", "content": "回音？"}, {"uid": "3254648", "content": "【有呢，我又在nga偷偷的看呢】"}, {"uid": "10583934", "content": "."}, {"uid": "3254648", "content": "【下一位老板~】"}, {"uid": "3254648", "content": "【有呢，我又在nga偷偷的看呢】"}, {"uid": "17911690", "content": "hhh"}, {"uid": "3254648", "content": "【七曜璀璨老板~有标准的写出来了呢】"}, {"uid": "17911690", "content": "话说尤卡里是去NGA玩了？"}, {"uid": "3254648", "content": "【蒙牛（幻听】"}, {"uid": "3254648", "content": "【在线赐名】"}, {"uid": "3254648", "content": "【第28位老板】"}, {"uid": "3254648", "content": "【稍微放大一下？这种大小应该没问题了吧】"}, {"uid": "3254648", "content": "【今后也要多多关照哦】"}, {"uid": "3254648", "content": "【沐夭老板谢谢登船】"}, {"uid": "3254648", "content": "【正好就写到你了呢，真是个好时机】"}, {"uid": "3254648", "content": "【沐夭老板谢谢续费】"}, {"uid": "3254648", "content": "【樱花下的八重樱老板谢谢可乐】"}, {"uid": "3254648", "content": "【恭喜，是一件值得高兴的事情呢】"}, {"uid": "3254648", "content": "【对呢，是高级的大学的呢】"}, {"uid": "3254648", "content": "【晚上好】"}, {"uid": "3254648", "content": "【大学考试恭喜合格】"}, {"uid": "179095039", "content": "晚上好ykl"}, {"uid": "3254648", "content": "【老板谢谢登船】"}, {"uid": "3254648", "content": "【第27位~】"}, {"uid": "3254648", "content": "【嗯？没有没了呢，还没有到的说】"}, {"uid": "3254648", "content": "【樱花下的八重樱老板谢谢登船】"}, {"uid": "3254648", "content": "【看起来对了呢】"}, {"uid": "3254648", "content": "【对了嘛？】"}, {"uid": "3254648", "content": "【诶逗】"}, {"uid": "3254648", "content": "【这样？】"}, {"uid": "393914568", "content": "啊这"}, {"uid": "3254648", "content": "【樱花的字有点写错了呢】"}, {"uid": "9826153", "content": "你过了"}, {"uid": "393914568", "content": "我是不是没了(ಥ_ಥ)"}, {"uid": "3254648", "content": "【樱花下的八重樱老板请查收你的小可爱】"}, {"uid": "3254648", "content": "【正好写到樱花老板你】"}, {"uid": "3254648", "content": "【嗯，现在正在写舰长名字ne】"}, {"uid": "3254648", "content": "【辛苦了~】"}, {"uid": "3254648", "content": "【yaza老板谢谢西瓜~谢谢】"}, {"uid": "750656", "content": "辛苦了"}, {"uid": "3254648", "content": "【第26位老板】"}, {"uid": "3254648", "content": "【还有很多的，时间来得及吗】"}, {"uid": "3254648", "content": "【接下来呢】"}, {"uid": "3254648", "content": "【写完了~】"}, {"uid": "3254648", "content": "【第25老板谢谢登船】"}, {"uid": "3254648", "content": "【yaza老板谢谢~请查收你的小可爱】"}, {"uid": "3254648", "content": "【第25位老板~~】"}, {"uid": "75963933", "content": "晚上好尤卡里"}, {"uid": "11070957", "content": "www"}, {"uid": "3254648", "content": "【矢澤海桑谢谢~】"}, {"uid": "3114202", "content": "kwii"}, {"uid": "3254648", "content": "【24位老板~谢谢上船~】"}, {"uid": "3254648", "content": "【下一位老板】"}, {"uid": "250576578", "content": "次は！！！ジャンジャン"}, {"uid": "3254648", "content": "【好呢，保存保存】"}, {"uid": "3254648", "content": "【欢迎欢迎~】"}, {"uid": "3254648", "content": "【第23位老板，天羽乐动桑~谢谢上船】"}, {"uid": "57019199", "content": "好耶"}, {"uid": "69192828", "content": "的ykl表情包这件事"}, {"uid": "3254648", "content": "【23位老板~】"}, {"uid": "69192828", "content": "关于我单推的ykl在画ykl单推的ykl"}, {"uid": "3254648", "content": "【下一个是】"}, {"uid": "3254648", "content": "【kilin桑谢谢上船~】"}, {"uid": "2450682", "content": "晚上好"}, {"uid": "3254648", "content": "【下一位老板21位】"}, {"uid": "34703901", "content": "【那就来写下一个吧】"}, {"uid": "3254648", "content": "【那么下一个老板了呢】"}, {"uid": "34703901", "content": "辛苦了，谢谢"}, {"uid": "34703901", "content": "【好，完成了哦】"}, {"uid": "3254648", "content": "【（来了来了，秋山酱辛苦了】"}, {"uid": "34703901", "content": "【是这么写的吧】"}, {"uid": "34703901", "content": "【（舰长名字）】"}, {"uid": "354870843", "content": "管理拉你进去"}, {"uid": "354870843", "content": "舰长群在粉丝群里私聊管理"}, {"uid": "519625453", "content": "草"}, {"uid": "236112144", "content": "晚上好！！"}, {"uid": "354870843", "content": "草"}, {"uid": "34703901", "content": "草"}, {"uid": "34703901", "content": "【henshin！】"}, {"uid": "444206881", "content": "哦嘶，超强啊！"}, {"uid": "34703901", "content": "【一直都多谢支持了！】"}, {"uid": "250576578", "content": "変身！"}, {"uid": "34703901", "content": "【（舰长名字）桑】"}, {"uid": "34703901", "content": "【卡面来打】"}, {"uid": "34703901", "content": "【是第20个人呢】"}, {"uid": "26308259", "content": "大航海群是多少 还没加呢"}, {"uid": "13587880", "content": "おやすみ zzz"}, {"uid": "34703901", "content": "【好，下一个呢】"}, {"uid": "34703901", "content": "【谢谢好耶3q 3q】"}, {"uid": "34703901", "content": "【完成】"}, {"uid": "34703901", "content": "【谢谢！3Q】"}, {"uid": "34703901", "content": "【（舰长名字）】"}, {"uid": "750656", "content": "大航海群里"}, {"uid": "354870843", "content": "好耶!"}, {"uid": "34703901", "content": "【啊等等】"}, {"uid": "34703901", "content": "【这就开始写哦】"}, {"uid": "34703901", "content": "【谢谢！】"}, {"uid": "34703901", "content": "【（舰长名字）谢谢】"}, {"uid": "37141131", "content": "卧槽，这画的真好"}, {"uid": "34703901", "content": "【下一个】"}, {"uid": "34703901", "content": "【好，来写下一个吧】"}, {"uid": "34703901", "content": "【不愧是秋山老师】"}, {"uid": "34703901", "content": "wut"}, {"uid": "34703901", "content": "【请大家等等哦】"}, {"uid": "34703901", "content": "【结束了以后会给大家礼物的】"}, {"uid": "2598998", "content": "画的好棒~字也好看"}, {"uid": "34703901", "content": "【ok ok】"}, {"uid": "34703901", "content": "【萌萌桑谢谢！】"}, {"uid": "34703901", "content": "【有点写歪了】"}, {"uid": "9826153", "content": "写字真好看"}, {"uid": "34703901", "content": "【萌萌桑】"}, {"uid": "26308259", "content": "OK"}, {"uid": "34703901", "content": "不介意的话也可以直接截图ww"}, {"uid": "34703901", "content": "大概会发在动态里"}, {"uid": "1712950", "content": "太强了"}, {"uid": "35343614", "content": "ykl"}, {"uid": "34703901", "content": "【（舰长名字）】"}, {"uid": "26308259", "content": "话说到时候这些图片去哪里找呢"}, {"uid": "34703901", "content": "【下一个是第19个名字呢】"}, {"uid": "34703901", "content": "【接着来写下一个吧】"}, {"uid": "6758712", "content": "好耶"}, {"uid": "34703901", "content": "【那就保存下来吧！】"}, {"uid": "34703901", "content": "【好，感觉不戳呢】"}, {"uid": "34703901", "content": "【ykl也喜欢你哦！】"}, {"uid": "34703901", "content": "【永远喜欢ykl】"}, {"uid": "354870843", "content": "难倒ykl了哈哈哈哈"}, {"uid": "34703901", "content": "【纸会不够】"}, {"uid": "34703901", "content": "【啊写在这里】"}, {"uid": "34703901", "content": "【好耶，稍等一下现在就写哦】"}, {"uid": "354870843", "content": "我永远喜欢ykl!"}, {"uid": "34703901", "content": "【欢迎】"}, {"uid": "34703901", "content": "【刚好呢】"}, {"uid": "34703901", "content": "【啊，刚好！】"}, {"uid": "34703901", "content": "【谢谢item】"}, {"uid": "34703901", "content": "【谢谢！】"}, {"uid": "354870843", "content": "好耶!"}, {"uid": "118992654", "content": "哈哈哈"}, {"uid": "57019199", "content": "好耶"}, {"uid": "354870843", "content": "起了个好名字"}, {"uid": "34703901", "content": "【（舰长名字）】"}, {"uid": "354870843", "content": "草"}, {"uid": "34703901", "content": "【第18个人呢】"}, {"uid": "34703901", "content": "【啊，mua mua】"}, {"uid": "34703901", "content": "【 啊这个】"}, {"uid": "34703901", "content": "【下一个第18个人的名字】"}, {"uid": "34703901", "content": "【好来写下一个吧】"}, {"uid": "154207822", "content": "|˛˙꒳​˙)♡"}, {"uid": "34703901", "content": "【好耶，谢谢】"}, {"uid": "14008517", "content": "15分钟后我回"}, {"uid": "34703901", "content": "【啊保存一下呢】"}, {"uid": "85824643", "content": "很好看啊"}, {"uid": "34703901", "content": "如果有野生同传愿意接手那就太好了"}, {"uid": "154207822", "content": "好耶"}, {"uid": "34703901", "content": "【i love you】"}, {"uid": "14952065", "content": "房管及时翻译吗（￣▽￣）"}, {"uid": "29990327", "content": "ykl晚上好"}, {"uid": "34703901", "content": "【爆..】"}, {"uid": "34703901", "content": "【是这个嘛】"}, {"uid": "2169788", "content": "来咯"}, {"uid": "34703901", "content": "【3Q】"}, {"uid": "34703901", "content": "【谢谢B克拉！】"}, {"uid": "45311269", "content": "ykl晚上好"}, {"uid": "34703901", "content": "【啊不是SC】"}, {"uid": "34703901", "content": "【啊谢谢SC】"}, {"uid": "34703901", "content": "【龙王尤卡里，yes yes】"}, {"uid": "34703901", "content": "【久等啦！】"}, {"uid": "34703901", "content": "【（舰长名字】"}, {"uid": "1794076", "content": "龙王尤卡里"}, {"uid": "34703901", "content": "【来写下一个！】"}, {"uid": "154207822", "content": "好（￣▽￣）"}, {"uid": "34703901", "content": "【来写下一个吧】"}, {"uid": "34703901", "content": "【谢谢！】"}, {"uid": "34703901", "content": "【你排在第19个呢】"}, {"uid": "39596650", "content": "(･∀･)"}, {"uid": "34703901", "content": "【（舰长名字）你呢】"}, {"uid": "34703901", "content": "【好，完成啦谢谢支持】"}, {"uid": "354870843", "content": "别着急啊你们"}, {"uid": "354870843", "content": "ykl自己有名单，不是按照这个大航海来的"}, {"uid": "34703901", "content": "【一直都谢谢支持！】"}, {"uid": "512922565", "content": "好耶"}, {"uid": "154207822", "content": "唉！"}, {"uid": "34703901", "content": "【好，下一个是第16个人！】"}, {"uid": "34703901", "content": "【就接着下一个吧】"}, {"uid": "34703901", "content": "【字没写错吧大概】"}, {"uid": "34703901", "content": "【稍等一下，会在最后写上的哦】"}, {"uid": "48414208", "content": "我名字没写错"}, {"uid": "34703901", "content": "【很开心哦】"}, {"uid": "34703901", "content": "【（舰长名字）谢谢！】"}, {"uid": "48414208", "content": "双重ID"}, {"uid": "34703901", "content": "【大家帮我确认一下】"}, {"uid": "168759238", "content": "（￣▽￣）"}, {"uid": "34703901", "content": "【啊这个字写对了吧】"}, {"uid": "407217061", "content": "老板大气层"}, {"uid": "34703901", "content": "【这样就Ok了吧】"}, {"uid": "354870843", "content": "殇佬是不是急着拿了头像去市场调研www"}, {"uid": "34703901", "content": "【被说了kuso，饱受打击】"}, {"uid": "34703901", "content": "【唔，ku*o】"}, {"uid": "34703901", "content": "【啊，写对了嘛】"}, {"uid": "774664", "content": "又一个市场调研回来的"}, {"uid": "48414208", "content": "Kuso"}, {"uid": "34703901", "content": "【（舰长）桑呢】"}, {"uid": "354870843", "content": "殇佬这么着急www"}, {"uid": "34703901", "content": "【现在才来，对哦现在才第15个人】"}, {"uid": "9824302", "content": "晚上好"}, {"uid": "48414208", "content": "？？？？"}, {"uid": "10236861", "content": "今天的ykl还是这么可爱"}, {"uid": "34703901", "content": "【谢谢打赏】"}, {"uid": "34703901", "content": "【下一个人久等啦】"}, {"uid": "154207822", "content": "(°∀°)ﾉ"}, {"uid": "34703901", "content": "【晚上好！ykl晚上好！欢迎！】"}, {"uid": "154207822", "content": "要到我了"}, {"uid": "34703901", "content": "【好，保存】"}, {"uid": "10236861", "content": "晚上好ykl"}, {"uid": "34703901", "content": "【谢谢！】"}, {"uid": "34703901", "content": "【（舰长名字）第14个人】"}, {"uid": "34703901", "content": "【下一个！】"}, {"uid": "34703901", "content": "【要等几个小时呢ww】"}, {"uid": "34703901", "content": "【请务必等待！】"}, {"uid": "34703901", "content": "【会在最后协商名字的！】"}, {"uid": "34703901", "content": "【谢谢舰长ww】"}, {"uid": "354870843", "content": "谢谢建筑wwwww"}, {"uid": "34703901", "content": "【谢谢舰长（指正）】"}, {"uid": "34703901", "content": "【啊谢谢建筑】"}, {"uid": "407217061", "content": "老板大气"}, {"uid": "34703901", "content": "【好，下一个呢】"}, {"uid": "354870843", "content": "老板大气"}, {"uid": "34703901", "content": "【啊稍等一下】"}, {"uid": "34703901", "content": "【有好好记住名字了！ok ok】"}, {"uid": "354870843", "content": "好惨啊哈哈哈明明排名在前面www"}, {"uid": "34703901", "content": "【原来如此】"}, {"uid": "34703901", "content": "【啊对不起对不起ww】"}, {"uid": "407217061", "content": "溜了对不起名字"}, {"uid": "487279", "content": "www"}, {"uid": "34703901", "content": "【搞错了？我写错了嘛】"}, {"uid": "48414208", "content": "我排到什么时候呢"}, {"uid": "34703901", "content": "【不是月希凛？】"}, {"uid": "2867116", "content": "きりん"}, {"uid": "34703901", "content": "【（舰长）一直以来都谢谢了】"}, {"uid": "373951", "content": "(･∀･)"}, {"uid": "34703901", "content": "【现在，有在好好写名字】"}, {"uid": "427376369", "content": "。。"}, {"uid": "34703901", "content": "【小心心~】"}, {"uid": "441606900", "content": "字が綺麗"}, {"uid": "2867116", "content": "ukrikinじゃない"}, {"uid": "400829971", "content": "没有我，就先溜了（￣▽￣）"}, {"uid": "2867116", "content": "kirin"}, {"uid": "2867116", "content": "いますよ"}, {"uid": "34703901", "content": "【第13个人（舰长名字）】"}, {"uid": "34703901", "content": "【来写下一个吧】"}, {"uid": "34703901", "content": "【i love you保存！】"}, {"uid": "354870843", "content": "但是ykl明明一直在写字，m没有画画"}, {"uid": "34703901", "content": "【好，Ilove you】"}, {"uid": "64000094", "content": "变成复制军团了"}, {"uid": "34703901", "content": "【签名签名】"}, {"uid": "34703901", "content": "【（舰长）谢谢舰长！】"}, {"uid": "34703901", "content": "【Yesyes yes】"}, {"uid": "34703901", "content": "【今天是大航海绘画哦】"}, {"uid": "34604970", "content": "好可爱！"}, {"uid": "34703901", "content": "【什么什么什么？】"}, {"uid": "34703901", "content": "【唉多，下一个呢】"}, {"uid": "34703901", "content": "【来写下一个吧】"}, {"uid": "400829971", "content": "复制军团（"}, {"uid": "34703901", "content": "是啊（）"}, {"uid": "34703901", "content": "【好，谢谢！完成啦！】"}, {"uid": "34703901", "content": "【啊谢谢！3Q】"}, {"uid": "34703901", "content": "我说真的"}, {"uid": "34703901", "content": "这个字我都写不来"}, {"uid": "34703901", "content": "【爱多】"}, {"uid": "34703901", "content": "【啊不是这个字嘛】"}, {"uid": "354870843", "content": "谁还记得这是大航海《绘画》"}, {"uid": "64000094", "content": "好怪哦"}, {"uid": "954660", "content": "晚上好"}, {"uid": "34703901", "content": "【滑稽君】"}, {"uid": "375520919", "content": "ykl"}, {"uid": "14008517", "content": "我承认了，我是臭dd"}, {"uid": "16808495", "content": "变态"}, {"uid": "34703901", "content": "这名字好怪哦"}, {"uid": "400829971", "content": "这里全是单推"}, {"uid": "34703901", "content": "【变态是这么写的吧】"}, {"uid": "64000094", "content": "DD斩首"}, {"uid": "354870843", "content": "dd全都要斩首"}, {"uid": "249008376", "content": "dd斩首"}, {"uid": "354870843", "content": "斩，都可以斩"}, {"uid": "2867116", "content": "斩首斩首"}, {"uid": "34703901", "content": "【mua mua谢谢SC】"}, {"uid": "34703901", "content": "【初见，可爱，DD，斩首！】"}, {"uid": "774664", "content": "DD斩首"}, {"uid": "283504275", "content": "都可以d"}, {"uid": "34703901", "content": "【（SC名字）】"}, {"uid": "400829971", "content": "DD斩首（"}, {"uid": "283504275", "content": "d"}, {"uid": "34703901", "content": "【啊谢谢】"}, {"uid": "8975453", "content": "这样奥"}, {"uid": "48414208", "content": "好家伙，我以为按顺序来的"}, {"uid": "774664", "content": "_(:3」∠)_今晚能写完么"}, {"uid": "15320300", "content": "ありがとう〜"}, {"uid": "34703901", "content": "【好下一个是第十个人！】"}, {"uid": "14008517", "content": "感觉无机会，不续了"}, {"uid": "354870843", "content": "ykl自己有个名单"}, {"uid": "34703901", "content": "【那下一个是】"}, {"uid": "354870843", "content": "哈哈哈哈哈，ykl没有按照那个的顺序"}, {"uid": "34703901", "content": "【ykl晚上好？晚上好！欢迎！】"}, {"uid": "34703901", "content": "【这样就...OK！】"}, {"uid": "48414208", "content": "嗯？我的名字呢"}, {"uid": "283504275", "content": "不续了.jpg"}, {"uid": "34703901", "content": "【晚上好】"}, {"uid": "34703901", "content": "【谢谢（舰长）】"}, {"uid": "21366422", "content": "ykl晚上好！！！！！！"}, {"uid": "34703901", "content": "【下一个是（舰长名字）桑】"}, {"uid": "8975453", "content": "最高居然只有4位数"}, {"uid": "178445390", "content": "晚好"}, {"uid": "34703901", "content": "【（舰长名字）3q 3q】"}, {"uid": "8975453", "content": "这感觉不像是正常V圈人的高能榜啊"}, {"uid": "64000094", "content": "哼哼哼⋯哈哈哈哈哈！"}, {"uid": "354870843", "content": "冲啊长风"}, {"uid": "34703901", "content": "【下一个第九个人的名字】"}, {"uid": "283373245", "content": "来了老婆"}, {"uid": "34703901", "content": "【没有搞错，有好好写的ww】"}, {"uid": "14008517", "content": "现在重新上舰还有机会吗（"}, {"uid": "48414208", "content": "可恶的沙福林"}, {"uid": "2867116", "content": "天桑你来晚了"}, {"uid": "48414208", "content": "我酸了"}, {"uid": "64000094", "content": "好耶！"}, {"uid": "34703901", "content": "【没问题】"}, {"uid": "34703901", "content": "【这样就行了这样就行了】"}, {"uid": "2867116", "content": "看舰长顺序"}, {"uid": "34703901", "content": "【漏掉的可能性也有】"}, {"uid": "12698620", "content": "这是画的第几个了啊"}, {"uid": "34703901", "content": "【先再写一次吧】"}, {"uid": "2867116", "content": "听不懂可还行"}, {"uid": "37161127", "content": "好可爱"}, {"uid": "34703901", "content": "【搞错了呢】"}, {"uid": "34703901", "content": "【可能是（听不懂）】"}, {"uid": "34703901", "content": "【那个ykt可能搞错了个东西】"}, {"uid": "487279", "content": "不是不直播吗"}, {"uid": "34703901", "content": "【啊等等】"}, {"uid": "9826153", "content": "草"}, {"uid": "354870843", "content": "草"}, {"uid": "34703901", "content": "【谢谢！】"}, {"uid": "34703901", "content": "【先保存一下吧】"}, {"uid": "14008517", "content": "对不起对不起"}, {"uid": "64000094", "content": "尤卡里！你算計我！欧拉欧拉！！！"}, {"uid": "14008517", "content": "这是手机在看直播"}, {"uid": "34703901", "content": "你回去必死"}, {"uid": "34703901", "content": "【啊写完啦】"}, {"uid": "14008517", "content": "我在外面"}, {"uid": "34703901", "content": "长风来接我班"}, {"uid": "215983", "content": "晚上好"}, {"uid": "14008517", "content": "呜呜呜，我舰长掉了"}, {"uid": "34703901", "content": "【唉等等，要继续了呢】"}, {"uid": "400829971", "content": "没有上舰血亏"}, {"uid": "34703901", "content": "【名字呢】"}, {"uid": "34703901", "content": "【唉多】"}, {"uid": "400829971", "content": "哈哈哈"}, {"uid": "34703901", "content": "【sry sry sry】"}, {"uid": "48414208", "content": "下一个就是我了"}, {"uid": "34703901", "content": "【啊抱歉，第一个就写掉了】"}, {"uid": "354870843", "content": "被ykl算计了"}, {"uid": "34703901", "content": "【唉？奥特曼参上么？】"}, {"uid": "774664", "content": "天桑你第一个"}, {"uid": "64000094", "content": "我死了！謝謝！"}, {"uid": "34703901", "content": "在后面"}, {"uid": "34703901", "content": "没有过去"}, {"uid": "9826153", "content": "写完了"}, {"uid": "48414208", "content": "我来晚了"}, {"uid": "30462482", "content": "来晚了"}, {"uid": "48414208", "content": "我的已经过去了？"}, {"uid": "34703901", "content": "【一会会写的，请再等一会】"}, {"uid": "64000094", "content": "草，我來晚了！？"}, {"uid": "34703901", "content": "【哦nonono还没写呢】"}, {"uid": "34703901", "content": "【我的意见写了吗？】"}, {"uid": "34703901", "content": "【那就，来写下一个吧！】"}, {"uid": "774664", "content": "YKL这次放过你了，不能改名字"}, {"uid": "34703901", "content": "【谢谢（舰长）】"}, {"uid": "26308259", "content": "(￣3￣)"}, {"uid": "400829971", "content": "老板大气"}, {"uid": "34703901", "content": "【下一个呢】"}, {"uid": "48414208", "content": "嗯？我的画过了？"}, {"uid": "34703901", "content": "【会在最后写上你的名字的谢谢！】"}, {"uid": "52216644", "content": "老板大气"}, {"uid": "34703901", "content": "【谢谢！】"}, {"uid": "34703901", "content": "【帮帮帮9窝桑】"}, {"uid": "34703901", "content": "【啊谢谢舰长！】"}, {"uid": "34703901", "content": "谢谢DT桑！"}, {"uid": "407217061", "content": "老板大气层"}, {"uid": "34703901", "content": "【谢谢DT桑】"}, {"uid": "34703901", "content": "【这样就可以了呢】"}, {"uid": "34703901", "content": "【好，很不妙呢写错字了】"}, {"uid": "34703901", "content": "【这是，臭？】"}, {"uid": "354870843", "content": "是啊，太可惜了"}, {"uid": "34703901", "content": "【唉这个呢】"}, {"uid": "400829971", "content": "草"}, {"uid": "660971", "content": "童貞？（空耳）"}, {"uid": "774664", "content": "不能改命太可惜 了"}, {"uid": "57019199", "content": "草"}, {"uid": "34703901", "content": "DT桑，ykt在呼唤你哦"}, {"uid": "45492", "content": "(〜￣△￣)〜"}, {"uid": "354870843", "content": "草"}, {"uid": "34703901", "content": "【是到底桑，抱歉抱歉ww】"}, {"uid": "3885523", "content": "草"}, {"uid": "34703901", "content": "我又想笑"}, {"uid": "34703901", "content": "不行"}, {"uid": "34703901", "content": "【谢谢item】"}, {"uid": "34703901", "content": "【是童贞呢，啊不小心搞错了】"}, {"uid": "34703901", "content": "【是这么写的呢，是DT桑呢】"}, {"uid": "354870843", "content": "可恶，系统升级不能改"}, {"uid": "34703901", "content": "【（舰长名字）】"}, {"uid": "34703901", "content": "【等一下呢】"}, {"uid": "34703901", "content": "【这个呢】"}, {"uid": "34703901", "content": "【来写下一个吧】"}, {"uid": "34703901", "content": "【（舰长名字）】"}, {"uid": "21517523", "content": "(°∀°)"}, {"uid": "34703901", "content": "【像是天使一样闪耀着的礼物，谢谢】"}, {"uid": "34703901", "content": "【nonono我马上会做的ww】"}, {"uid": "34703901", "content": "【不要这样不要这样ww】"}, {"uid": "34703901", "content": "【ykt也准备齐全了呢ww】"}, {"uid": "407217061", "content": "改不了"}, {"uid": "354870843", "content": "现在就去改"}, {"uid": "34703901", "content": "【名字是】"}, {"uid": "34703901", "content": "【真不错呢很方便！】"}, {"uid": "400829971", "content": "血亏"}, {"uid": "34703901", "content": "【小心心i love you】"}, {"uid": "37773475", "content": "。"}, {"uid": "750656", "content": "我去改个名字_(:3 ⌒ﾞ)_"}, {"uid": "34703901", "content": "【来写下一个！】"}, {"uid": "34703901", "content": "【（舰长名字）谢谢舰长！】"}, {"uid": "52216644", "content": "可爱"}, {"uid": "85968037", "content": "没钱续舰长了血亏啊"}, {"uid": "34703901", "content": "【那就来写下一个吧】"}, {"uid": "34703901", "content": "【哇谢谢蛋糕】"}, {"uid": "12384845", "content": "ykl！"}, {"uid": "34703901", "content": "【感觉不错感觉不错】"}, {"uid": "34703901", "content": "【可爱？谢谢！】"}, {"uid": "3885523", "content": "可爱"}, {"uid": "102668663", "content": "。"}, {"uid": "354870843", "content": "上手上手"}, {"uid": "34703901", "content": "【（舰长名字）】"}, {"uid": "34703901", "content": "【猫猫】"}, {"uid": "34703901", "content": "【（舰长名字）】"}, {"uid": "34703901", "content": "更正【是朋友画的不是自己画的】"}, {"uid": "34703901", "content": "【好下一个】"}, {"uid": "400829971", "content": "可爱"}, {"uid": "34703901", "content": "【啊有点，没有什么自信还是不这么做了把】"}, {"uid": "512770", "content": "."}, {"uid": "354870843", "content": "草"}, {"uid": "34703901", "content": "【啊抱歉ww】"}, {"uid": "34703901", "content": "【是给朋友画的，不是给自己画的】"}, {"uid": "400829971", "content": "草"}, {"uid": "3442245", "content": "偷懒是要扣工资的"}, {"uid": "34703901", "content": "【我会一个个写出来的】"}, {"uid": "34703901", "content": "【等不到也没关系，当然愿意等那最好啦】"}, {"uid": "34703901", "content": "【是打算把舰长名字全写上去的】"}, {"uid": "34703901", "content": "【大家在最后呢】"}, {"uid": "34703901", "content": "【把这个保存下来】"}, {"uid": "34703901", "content": "【谢谢，这样就行了吧？】"}, {"uid": "151002", "content": "wwwww"}, {"uid": "283770473", "content": "晚上好(⌒▽⌒)"}, {"uid": "86031087", "content": "是ykl自己画的吗？好看"}, {"uid": "34703901", "content": "【看不到了呢】"}, {"uid": "7970319", "content": "晚上好"}, {"uid": "9826153", "content": "晚上好"}, {"uid": "34703901", "content": "【不好！】"}, {"uid": "34703901", "content": "【晚上好】"}, {"uid": "398825879", "content": "(°∀°)ﾉ"}, {"uid": "660971", "content": "字かわいいね"}, {"uid": "34703901", "content": "【啊差点搞砸】"}, {"uid": "57019199", "content": "好耶"}, {"uid": "173229133", "content": "晚上好(°∀°)ﾉ"}, {"uid": "34703901", "content": "我拳打同传man"}, {"uid": "297521007", "content": "ww"}, {"uid": "34703901", "content": "【请务必换上新头像】"}, {"uid": "34703901", "content": "【当然可以哦】"}, {"uid": "34703901", "content": "【可以更新头像了吗？】"}, {"uid": "400829971", "content": "晚上好尤卡里"}, {"uid": "2934881", "content": "尤卡里新头像gkd"}, {"uid": "34703901", "content": "【这个名字真长呢，总是】"}, {"uid": "609741713", "content": "晚上好！！！"}, {"uid": "249008376", "content": "啾啾"}, {"uid": "34703901", "content": "【这就...】"}, {"uid": "2934881", "content": "可以更新头像了吗"}, {"uid": "34703901", "content": "啾啾"}, {"uid": "400829971", "content": "草"}, {"uid": "407217061", "content": "水龙王"}, {"uid": "354870843", "content": "哈哈哈哈哈"}, {"uid": "34703901", "content": "【等等哦，这个字有点难写呢】"}, {"uid": "6075783", "content": "好久不见！！！"}, {"uid": "100000511", "content": "1"}, {"uid": "6075783", "content": "晚上好！！！"}, {"uid": "34703901", "content": "这舰长什么名啊(bushi"}, {"uid": "400829971", "content": "（￣▽￣）"}, {"uid": "3442245", "content": "dd首を切る"}, {"uid": "34703901", "content": "【稍等喔】"}, {"uid": "23797252", "content": "www"}, {"uid": "354870843", "content": "可恶，我在最后面，感觉轮不到我了"}, {"uid": "34703901", "content": "【有点看不到字呢】"}, {"uid": "34703901", "content": "【啊不好】"}, {"uid": "34703901", "content": "【那就在最后写上名字吧！】"}, {"uid": "211542458", "content": "老板好 笑"}, {"uid": "34703901", "content": "【（舰长名字）谢谢！我很高兴喔】"}, {"uid": "393914568", "content": "感谢老板"}, {"uid": "34703901", "content": "【谢谢上舰！】"}, {"uid": "354870843", "content": "老板大气"}, {"uid": "407217061", "content": "老板大气层"}, {"uid": "34703901", "content": "【下一个是！（舰长名字）】"}, {"uid": "34703901", "content": "【下一个！】"}, {"uid": "34703901", "content": "【下一个是】"}, {"uid": "34703901", "content": "【谢谢（舰长名字）】"}, {"uid": "34703901", "content": "【小心心，艾拉忽悠！】"}, {"uid": "34703901", "content": "【（舰长名字）】"}, {"uid": "9826153", "content": "dd"}, {"uid": "34703901", "content": "【盼盼】"}, {"uid": "34703901", "content": "【邦邦桑】"}, {"uid": "354870843", "content": "到盼佬了"}, {"uid": "34703901", "content": "【好晚上好欢迎~】"}, {"uid": "34703901", "content": "【下一个是盼盼桑】"}, {"uid": "283770473", "content": "好耶"}, {"uid": "34703901", "content": "【下一个是】"}, {"uid": "34703901", "content": "【晚上好~】"}, {"uid": "211542458", "content": "こんばんは"}, {"uid": "19438175", "content": "我也爱你"}, {"uid": "34703901", "content": "【保存保存】"}, {"uid": "354870843", "content": "偷懒是要谢罪的www"}, {"uid": "79646219", "content": "(･∀･)"}, {"uid": "34703901", "content": "【（舰长名字）】"}, {"uid": "660971", "content": "こんゆかたん～"}, {"uid": "407217061", "content": "这不是一张图无限用╮(￣▽￣)╭"}, {"uid": "3442245", "content": "好家伙，真就只改名字，偷懒是要扣钱的"}, {"uid": "34703901", "content": "【没这回事吧w】"}, {"uid": "34703901", "content": "【今天写错名字了么】"}, {"uid": "81703", "content": "晚上好"}, {"uid": "34703901", "content": "【这样就可以了吧ww】"}, {"uid": "34703901", "content": "【好~小心心】"}, {"uid": "57019199", "content": "好耶"}, {"uid": "34703901", "content": "【（舰长名字）】"}, {"uid": "34703901", "content": "（bushi）"}, {"uid": "34703901", "content": "【nya】"}, {"uid": "354870843", "content": "好家伙，只改名字啊wwww"}, {"uid": "34703901", "content": "【稍微...写大点吧】"}, {"uid": "407217061", "content": "？？？"}, {"uid": "34703901", "content": "【要开始写了哦】"}, {"uid": "34703901", "content": "【谢谢（舰长名字）】"}, {"uid": "34703901", "content": "？？"}, {"uid": "3442245", "content": "次の被害者にお願いします~~"}, {"uid": "34703901", "content": "【下一个是】"}, {"uid": "1667344980", "content": "www"}, {"uid": "34703901", "content": "【开始画下一个吧】"}, {"uid": "21363074", "content": "ほとんどの人はカタカナが面倒だと思ってい"}, {"uid": "34703901", "content": "【保存啦！】"}, {"uid": "34703901", "content": "【这就充满爱意啦】"}, {"uid": "65997794", "content": "_(:3」∠)_"}, {"uid": "34703901", "content": "【加上小心心】"}, {"uid": "34703901", "content": "【稍等一下ww】"}, {"uid": "2867116", "content": "天桑，尤卡里再找你"}, {"uid": "34703901", "content": "【是鸭】"}, {"uid": "34703901", "content": "【写的可能不太好呢ww】"}, {"uid": "34703901", "content": "【现在就是那个呢】"}, {"uid": "34703901", "content": "【这样就行了嘛ww】"}, {"uid": "36005920", "content": "卡哇伊ykl晚上好"}, {"uid": "30462482", "content": "草"}, {"uid": "354870843", "content": "瓜菲佬www"}, {"uid": "34703901", "content": "【瓜飞桑，谢谢！】"}, {"uid": "407217061", "content": "一分钟一个，时间够了"}, {"uid": "34703901", "content": "【这个是那个呢，奥特曼】"}, {"uid": "34703901", "content": "【舰长名字】"}, {"uid": "34703901", "content": "【那么先从第一个开始吧】"}, {"uid": "34703901", "content": "【ykt今天也充满元气呢ww】"}, {"uid": "249008376", "content": "晚上好！"}, {"uid": "283770473", "content": "～(￣▽￣～)"}, {"uid": "3442245", "content": "よし，あなたは元気です！！！"}, {"uid": "34703901", "content": "【是呢】"}, {"uid": "34703901", "content": "【那么大家，就快点开始吧w】"}, {"uid": "34703901", "content": "【准备好了！】"}, {"uid": "393914568", "content": "提前。"}, {"uid": "295527841", "content": "可可爱爱"}, {"uid": "34703901", "content": "我好像犯错了"}, {"uid": "2867116", "content": "いらっしゃい"}, {"uid": "30462482", "content": "提前。草"}, {"uid": "34703901", "content": "【今天有好好在准备】"}, {"uid": "34703901", "content": "【今天就把它结束掉吧】"}, {"uid": "34703901", "content": "【所以提前画了点啦】"}, {"uid": "13424602", "content": "晚上好"}, {"uid": "34703901", "content": "【考虑到可能会时间不够】"}, {"uid": "832079", "content": "（￣▽￣）"}, {"uid": "154207822", "content": "=_="}, {"uid": "34703901", "content": "【绘画！】"}, {"uid": "34703901", "content": "【6月的大航海根据名字排序一个个画的】"}, {"uid": "146895550", "content": "道歉要漏出肚皮"}, {"uid": "597876779", "content": "晚上好"}, {"uid": "34703901", "content": "【今天呢是】"}, {"uid": "343553615", "content": "晚上好"}, {"uid": "407217061", "content": "看下技术如何，好就当头像←_←"}, {"uid": "34703901", "content": "【3Q 3Q】"}, {"uid": "34703901", "content": "【迟到了真是对不起ww】"}, {"uid": "354870843", "content": "谢罪谢罪!"}, {"uid": "14941034", "content": "こんばんは。"}, {"uid": "190911079", "content": "没事"}, {"uid": "34703901", "content": "【现在是40分钟了嘛】"}, {"uid": "475157879", "content": "ykl晚上好"}, {"uid": "34703901", "content": "【吃到了30分钟对不起！】"}, {"uid": "57019199", "content": "来晚了"}, {"uid": "4006277", "content": "晚上好"}, {"uid": "34703901", "content": "【欢迎！】"}, {"uid": "34703901", "content": "【呀吼！呀吼！】"}, {"uid": "34703901", "content": "【欢迎大家！】"}, {"uid": "190911079", "content": "晚上好"}, {"uid": "34703901", "content": "【我是飞鸟尤卡里】"}, {"uid": "34703901", "content": "【哈喽大家好】"}, {"uid": "34703901", "content": "【晚上好！】"}, {"uid": "8402955", "content": "晚上好"}, {"uid": "34703901", "content": "【谢谢item】"}, {"uid": "34703901", "content": "【大家晚上好】"}, {"uid": "207772660", "content": "来了"}, {"uid": "34703901", "content": "【飞鸟尤卡里参上~】"}, {"uid": "34703901", "content": "【呀吼！飞鸟时代的樱花vtb】"}, {"uid": "34703901", "content": "【哦？看起来能行！】"}, {"uid": "407217061", "content": "画画？"}, {"uid": "154207822", "content": "晚上好"}, {"uid": "30462482", "content": "晚上好"}, {"uid": "34703901", "content": "【大家！晚上好！】"}, {"uid": "499430959", "content": "晚上好"}, {"uid": "34703901", "content": "【晚上好！没问题吧！】"}, {"uid": "21363074", "content": "晚上好"}, {"uid": "34703901", "content": "【啊啊，麦克风测试！】"}, {"uid": "297521007", "content": "ykl晚上好"}, {"uid": "750656", "content": "晚上好"}, {"uid": "407217061", "content": "晚上好"}, {"uid": "1459699014", "content": "晚上好"}, {"uid": "21517523", "content": "(°∀°)ﾉ"}, {"uid": "146895550", "content": "晚上好"}, {"uid": "393914568", "content": "晚上好"}, {"uid": "37773475", "content": "。"}, {"uid": "354870843", "content": "ykl晚上好"}, {"uid": "4006277", "content": "晚上好"}, {"uid": "126054679", "content": "晚上好～"}, {"uid": "230446", "content": "晚上好"}, {"uid": "297521007", "content": "晚上好"}, {"uid": "112350533", "content": "打卡"}, {"uid": "354870843", "content": "快开门！"}, {"uid": "126054679", "content": "快开门"}, {"uid": "21517523", "content": "（￣へ￣）"}, {"uid": "393914568", "content": "草"}, {"uid": "86927001", "content": "哈哈"}, {"uid": "30462482", "content": "草"}, {"uid": "295527841", "content": "hhh"}, {"uid": "499430959", "content": "开门"}, {"uid": "20562406", "content": "？？？"}, {"uid": "499430959", "content": "来啦"}, {"uid": "354740120", "content": "(⌒▽⌒)"}, {"uid": "21517523", "content": "哈哈哈哈"}, {"uid": "21517523", "content": "(⌒▽⌒)"}, {"uid": "1828506816", "content": "開門！！！"}, {"uid": "1631568449", "content": "老婆我鬼混回来了"}, {"uid": "750656", "content": "开门"}, {"uid": "14941034", "content": "yklyklykl"}, {"uid": "453988204", "content": "好耶"}, {"uid": "1828506816", "content": "hao"}, {"uid": "268515943", "content": "好耶"}, {"uid": "32408082", "content": "好耶！"}, {"uid": "354870843", "content": "快开门"}, {"uid": "354870843", "content": "开门开门"}, {"uid": "297521007", "content": "来了"}, {"uid": "181907601", "content": "D"}, {"uid": "24213985", "content": "！！！！"}, {"uid": "295527841", "content": "来了来了"}, {"uid": "8858537", "content": "好"}, {"uid": "482007265", "content": "刚刚开始吧"}, {"uid": "80285127", "content": "？"}, {"uid": "37773475", "content": "creeper？"}, {"uid": "1837024", "content": "\\ykl/\\ykl/\\ykl/\\ykl/"}, {"uid": "33192701", "content": "\\ykl/\\ykl/\\ykl/\\ykl/"}, {"uid": "243381046", "content": "＼ykl/＼ykl/＼ykl/＼ykl/"}, {"uid": "214284", "content": "\\ykl/\\ykl/\\ykl/"}, {"uid": "243381046", "content": "♡尤卡里♡尤卡里♡尤卡里♡尤卡里♡"}, {"uid": "1734919", "content": "\\ykl/\\ykl/\\ykl/\\ykl/"}, {"uid": "86469083", "content": "＼ykl／＼ykl／＼ykl／＼ykl／"}, {"uid": "243381046", "content": "♡尤卡里♡尤卡里♡尤卡里♡尤卡里♡"}, {"uid": "243381046", "content": "＼ykl/＼ykl/＼ykl/＼ykl/"}, {"uid": "270091324", "content": "\\ykl/\\ykl/\\ykl/\\ykl/"}, {"uid": "86469083", "content": "＼ykl／＼ykl／＼ykl／＼ykl／"}, {"uid": "33192701", "content": "\\ykl/\\ykl/\\ykl/\\ykl/"}, {"uid": "242193808", "content": "\\ykl/\\ykl/\\ykl/\\ykl/"}, {"uid": "243381046", "content": "♡尤卡里♡尤卡里♡尤卡里♡尤卡里♡"}, {"uid": "270091324", "content": "\\ykl/\\ykl/\\ykl/\\ykl/"}, {"uid": "919764", "content": "＼ykl/＼ykl/＼ykl/＼ykl/"}, {"uid": "270091324", "content": "\\ykl/\\ykl/\\ykl/\\ykl/"}, {"uid": "86469083", "content": "＼ykl／＼ykl／＼ykl／＼ykl／"}, {"uid": "243381046", "content": "♡尤卡里♡尤卡里♡尤卡里♡尤卡里♡"}, {"uid": "270091324", "content": "\\ykl/\\ykl/\\ykl/\\ykl/"}, {"uid": "10103467", "content": "\\ykl/\\ykl/\\ykl/\\ykl/"}, {"uid": "243381046", "content": "♡尤卡里♡尤卡里♡尤卡里♡尤卡里♡"}, {"uid": "88548530", "content": "＼ykl/＼ykl/＼ykl/＼ykl/"}, {"uid": "242193808", "content": "\\ykl/\\ykl/\\ykl/\\ykl/"}, {"uid": "86469083", "content": "＼ykl／＼ykl／＼ykl／＼ykl／"}, {"uid": "243381046", "content": "＼ykl/＼ykl/＼ykl/＼ykl/"}, {"uid": "243381046", "content": "＼ykl/＼ykl/＼ykl/＼ykl/"}, {"uid": "86469083", "content": "＼ykl／＼ykl／＼ykl／＼ykl／"}, {"uid": "10103467", "content": "\\ykl/\\ykl/\\ykl/\\ykl/"}, {"uid": "919764", "content": "＼ykl/＼ykl/＼ykl/＼ykl/"}, {"uid": "242193808", "content": "\\ykl/\\ykl/\\ykl/\\ykl/"}, {"uid": "1794076", "content": "\\ykl/ \\ykl/ \\ykl/ "}, {"uid": "243381046", "content": "＼ykl/＼ykl/＼ykl/＼ykl/"}, {"uid": "270091324", "content": "\\ykl/\\ykl/\\ykl/\\ykl/"}, {"uid": "919764", "content": "＼ykl/＼ykl/＼ykl/＼ykl/"}, {"uid": "33192701", "content": "\\ykl/\\ykl/\\ykl/\\ykl/"}, {"uid": "360735841", "content": "\\ykl/\\ykl/\\ykl/\\ykl/"}, {"uid": "243381046", "content": "＼ykl/＼ykl/＼ykl/＼ykl/"}, {"uid": "86469083", "content": "＼ykl／＼ykl／＼ykl／＼ykl／"}, {"uid": "33192701", "content": "\\ykl/\\ykl/\\ykl/\\ykl/"}, {"uid": "270091324", "content": "\\ykl/\\ykl/\\ykl/\\ykl/"}, {"uid": "243381046", "content": "＼ykl/＼ykl/＼ykl/＼ykl/"}, {"uid": "242193808", "content": "\\ykl/\\ykl/\\ykl/\\ykl/"}, {"uid": "283504275", "content": "\\ykl/\\ykl/\\ykl/\\ykl/"}, {"uid": "243381046", "content": "＼ykl/＼ykl/＼ykl/＼ykl/"}, {"uid": "243381046", "content": "♡尤卡里♡尤卡里♡尤卡里♡尤卡里♡"}, {"uid": "86469083", "content": "＼ykl／＼ykl／＼ykl／＼ykl／"}, {"uid": "1837024", "content": "＼ykl/＼ykl/＼ykl/＼ykl/"}, {"uid": "243381046", "content": "＼ykl/＼ykl/＼ykl/＼ykl/"}, {"uid": "243381046", "content": "＼ykl/＼ykl/＼ykl/＼ykl/"}, {"uid": "360735841", "content": "\\ykl/\\ykl/\\ykl/\\ykl/"}, {"uid": "243381046", "content": "＼ykl/＼ykl/＼ykl/＼ykl/"}, {"uid": "242193808", "content": "\\ykl/\\ykl/\\ykl/\\ykl/"}, {"uid": "3254648", "content": "はい!はい!はい!はい!はい!はい!はい"}, {"uid": "270091324", "content": "\\ykl/\\ykl/\\ykl/\\ykl/"}, {"uid": "243381046", "content": "♡尤卡里♡尤卡里♡尤卡里♡尤卡里♡"}, {"uid": "33192701", "content": "\\ykl/\\ykl/\\ykl/\\ykl/"}, {"uid": "242193808", "content": "\\ykl/\\ykl/\\ykl/\\ykl/"}, {"uid": "243381046", "content": "＼ykl/＼ykl/＼ykl/＼ykl/"}, {"uid": "3254648", "content": "はい!はい!はい!はい!はい!はい!はい"}, {"uid": "11589103", "content": "\\ykl/\\ykl/\\ykl/\\ykl/"}, {"uid": "86469083", "content": "＼ykl／＼ykl／＼ykl／＼ykl／"}, {"uid": "3254648", "content": "はい!はい!はい!はい!はい!はい!はい"}, {"uid": "86469083", "content": "＼ykl／＼ykl／＼ykl／＼ykl／"}, {"uid": "3254648", "content": "はい!はい!はい!はい!はい!はい!はい"}, {"uid": "270091324", "content": "\\ユカリ/\\ユカリ/\\ユカリ/\\ユカリ/"}, {"uid": "86469083", "content": "＼ykl／＼ykl／＼ykl／＼ykl／"}, {"uid": "3254648", "content": "はい!はい!はい!はい!はい!はい!はい"}, {"uid": "243381046", "content": "＼ykl/＼ykl/＼ykl/＼ykl/"}, {"uid": "283504275", "content": "\\ykl/\\ykl/\\ykl/\\ykl/"}, {"uid": "243381046", "content": "♡尤卡里♡尤卡里♡尤卡里♡尤卡里♡"}, {"uid": "243381046", "content": "＼ykl/＼ykl/＼ykl/＼ykl/"}, {"uid": "33192701", "content": "\\ykl/\\ykl/\\ykl/\\ykl/"}, {"uid": "400829971", "content": "\\尤卡里/\\尤卡里/\\尤卡里/\\尤卡里/"}, {"uid": "33192701", "content": "\\ykl/\\ykl/\\ykl/\\ykl/"}, {"uid": "1794076", "content": "\\ykl/ \\ykl/ \\ykl/ "}, {"uid": "3254648", "content": "はい!はい!はい!はい!はい!はい!はい"}, {"uid": "400829971", "content": "\\尤卡里/\\尤卡里/\\尤卡里/\\尤卡里/"}, {"uid": "243381046", "content": "＼ykl/＼ykl/＼ykl/＼ykl/"}, {"uid": "3254648", "content": "はい!はい!はい!はい!はい!はい!はい"}, {"uid": "33192701", "content": "\\ykl/\\ykl/\\ykl/\\ykl/"}, {"uid": "3254648", "content": "はい!はい!はい!はい!はい!はい!はい"}, {"uid": "243381046", "content": "＼ykl/＼ykl/＼ykl/＼ykl/"}, {"uid": "3254648", "content": "はい!はい!はい!はい!はい!はい!はい"}, {"uid": "33192701", "content": "\\ykl/\\ykl/\\ykl/\\ykl/\\ykl/"}, {"uid": "243381046", "content": "＼ykl/＼ykl/＼ykl/＼ykl/"}, {"uid": "3254648", "content": "はい!はい!はい!はい!はい!はい!はい"}, {"uid": "50209405", "content": "\\ykl/\\ykl/\\ykl/\\ykl/"}, {"uid": "243381046", "content": "♡尤卡里♡尤卡里♡尤卡里♡尤卡里♡"}, {"uid": "243381046", "content": "＼ykl/＼ykl/＼ykl/＼ykl/"}, {"uid": "7340850", "content": "\\ykl/ \\ykl/ \\ykl/ \\ykl/ \\ykl/"}, {"uid": "243381046", "content": "♡尤卡里♡尤卡里♡尤卡里♡尤卡里♡"}, {"uid": "360735841", "content": "\\ykl/\\ykl/\\ykl/\\ykl/"}, {"uid": "243381046", "content": "＼ykl/＼ykl/＼ykl/＼ykl/"}, {"uid": "360735841", "content": "\\ykl/\\ykl/\\ykl/\\ykl/"}, {"uid": "243381046", "content": "(⌒▽⌒)(⌒▽⌒)(⌒▽⌒)"}, {"uid": "34995274", "content": "(･∀･)(･∀･)(･∀･)"}, {"uid": "7981926", "content": "\\ykl/\\ykl/\\ykl/\\ykl/"}, {"uid": "3254648", "content": "【哼哼啊啊啊啊啊啊啊啊啊啊阿啊啊】"}]