[{"uid": "36661050", "content": "cpu:你礼貌吗"}, {"uid": "501301601", "content": "D D O S"}, {"uid": "501301601", "content": "DDOS"}, {"uid": "435701133", "content": "醍 醐 灌 顶"}, {"uid": "622360290", "content": "还好我插上了音箱"}, {"uid": "497087102", "content": "“up主”已停止运行"}, {"uid": "415498627", "content": "狠高兴以这种方式认识你"}, {"uid": "168250317", "content": "风  光  大  葬"}, {"uid": "628920454", "content": "这就是为什么直播机(这里可以看出来是双机直播）要用显卡的原因，大家知道了吗？"}, {"uid": "631018782", "content": "自 动 变 黄ฅ^•ﻌ•^ฅ"}, {"uid": "354557875", "content": "我们收到了一个团的火力打击！"}, {"uid": "277599076", "content": "社会性死亡"}, {"uid": "401632745", "content": "真 实 的 物 理 引 擎"}, {"uid": "379026550", "content": "叔叔含泪赚了一个亿"}, {"uid": "225363177", "content": "钞能力"}, {"uid": "375241355", "content": "很抱歉用这种方式认识你"}, {"uid": "388575969", "content": "我是盲人，请告诉我现在发生了什么"}, {"uid": "473698806", "content": "闭上眼睛聆听声音"}, {"uid": "268898", "content": "我是个盲人，请问现在在做什么"}, {"uid": "444646967", "content": "翻了好久，特意回来收藏"}, {"uid": "440389935", "content": "战地五：直接密集火力轰炸"}, {"uid": "694693500", "content": "石油王恐怖如斯"}, {"uid": "86520701", "content": "哈哈哈よわよわピシー"}, {"uid": "3588343", "content": "我看标题直接进来以为是跑错场了"}, {"uid": "128772197", "content": "拿钱砸爆电脑可还行"}, {"uid": "3320572", "content": "看完直播重温一下。"}, {"uid": "287546501", "content": "[旨在以饱和火力突破敌方防线]"}, {"uid": "20058749", "content": "谢谢，我已经被警察蜀黍抓走了"}, {"uid": "20058749", "content": "cpu：我谢谢你啊"}, {"uid": "496657169", "content": "本视频适合外放"}, {"uid": "522083501", "content": "特效淹没，不知所措"}, {"uid": "441290171", "content": "醍  醐  灌  顶"}, {"uid": "441290171", "content": "醍  醐  灌  顶"}, {"uid": "12292507", "content": "石油老板的快乐就这么朴实无华"}, {"uid": "168250317", "content": "放  送  事  故"}, {"uid": "168250317", "content": "暴  雨  倾  盆"}, {"uid": "168250317", "content": "飞  流  直  下"}, {"uid": "168250317", "content": "不  幸  掩  埋"}, {"uid": "168250317", "content": "天  降  陨  石"}, {"uid": "168250317", "content": "地  质  灾  害"}, {"uid": "168250317", "content": "山  体  滑  坡"}, {"uid": "696504811", "content": "0.5的车好快"}, {"uid": "492442502", "content": "外放的我社会性死亡"}, {"uid": "448279423", "content": "这糟糕的声音"}, {"uid": "555384", "content": "谢谢你，石油佬"}, {"uid": "302280571", "content": "强烈建议外放哈哈哈"}, {"uid": "677125268", "content": "这声音好涩"}, {"uid": "88680410", "content": "很抱歉以这种方式认识你"}, {"uid": "88680410", "content": "很抱歉以这种方式认识你"}, {"uid": "85449715", "content": "究竟是我不对劲还是up不对劲"}, {"uid": "673944593", "content": "公交车上的人向我投来了异样的目光"}, {"uid": "192384642", "content": "用钱砸死你"}, {"uid": "260362794", "content": "爱，狂粉"}, {"uid": "103469089", "content": "她到底在哭还是在笑"}, {"uid": "36214865", "content": "金风玉露相逢晚"}, {"uid": "36214865", "content": "轻一点，我怕疼"}, {"uid": "36214865", "content": "卡住了？？？拔不出来了？"}, {"uid": "39345655", "content": "很抱歉以这种方式认识你"}, {"uid": "403306608", "content": "机   油   佬"}, {"uid": "4296441", "content": "发动专属特技：不知名事故发生率100%"}, {"uid": "3587013", "content": "很抱歉以这种方式认识你"}, {"uid": "689255322", "content": "《关于你发关于这件事不打书名号这件事》"}, {"uid": "99703459", "content": "卧槽，别人投来异样的眼神"}, {"uid": "629713514", "content": "很抱歉以这种方式认识你"}, {"uid": "226287642", "content": "等下，我找下耳机。"}, {"uid": "8564377", "content": "喀 秋 莎"}, {"uid": "343395252", "content": "完了，食堂周围的人都在看我"}, {"uid": "472893567", "content": "爸妈拿着菜刀在一旁听我狡辩。"}, {"uid": "12197473", "content": "？！我刚和我同学说完了这个耳机又坏了"}, {"uid": "378051", "content": "第 二 次 冲 击"}, {"uid": "320161", "content": "很抱歉以这样的方式认识你"}, {"uid": "38375050", "content": "完了，教室里前排头都转过来了"}, {"uid": "289045031", "content": "很抱歉以这种方式认识你"}, {"uid": "631212231", "content": "为什么我室友都用奇怪的眼神看着我…"}, {"uid": "63835435", "content": "泰 山 压 顶"}, {"uid": "3352105", "content": "好可愛喔hhhhhhh"}, {"uid": "243473639", "content": "糟糕的声音"}, {"uid": "302979698", "content": "指挥部提醒：降低手机音量观看"}, {"uid": "128755230", "content": "闭上耳朵，新世界！"}, {"uid": "10029524", "content": "密集恐惧症的崩溃"}, {"uid": "10893443", "content": "此时还没意识到事情的严重性"}, {"uid": "476158816", "content": "被水淹没，不知所措"}, {"uid": "13771549", "content": "此刻他还没意识到事情的严重性"}, {"uid": "345686606", "content": "这奇怪的声音"}, {"uid": "281217101", "content": "建  议  外  放"}, {"uid": "2960581", "content": "大佬原来好这口"}, {"uid": "399342869", "content": "活埋哈哈哈哈哈哈哈哈哈哈哈哈"}, {"uid": "1525485", "content": "车车，好快的车车"}, {"uid": "35956145", "content": "抱歉，以这种方式认识你（狗头）"}, {"uid": "468681223", "content": "有钱真的可以为所欲为"}, {"uid": "1498381", "content": "抑制不住的喜悦"}, {"uid": "65373161", "content": "妈听解爸拿棍"}, {"uid": "68983751", "content": "cpu :wdnmd遇到这种人，造孽啊"}, {"uid": "68983751", "content": "cpu : 我tm裂开"}, {"uid": "16733963", "content": "好涩啊，想起了有点颜色的东西"}, {"uid": "39063575", "content": "被特效淹没了"}, {"uid": "12546088", "content": "糟糕的台词"}, {"uid": "85927292", "content": "车车，好快的车车"}, {"uid": "3359570", "content": "啊，这就是抖S的日常快乐吗"}, {"uid": "25569842", "content": "在办公室默默的把声音调小"}, {"uid": "39980832", "content": "生前珍贵映像"}, {"uid": "529748", "content": "满脸写着绝望，啊，看不见脸，那没事了，哈哈哈"}, {"uid": "37447451", "content": "拥有一个好的CPU的重要性"}, {"uid": "31546332", "content": "草，在现场，笑疯了"}, {"uid": "4688044", "content": "哈哈哈都是天佬的锅"}, {"uid": "6339556", "content": "突然有一丝兴奋的感觉"}, {"uid": "662538267", "content": "h     s      o"}, {"uid": "660067027", "content": "听这声音，我不对劲！"}, {"uid": "15040762", "content": "新型网络暴力哈哈哈哈哈哈哈哈"}, {"uid": "535652631", "content": "二倍速新世界"}, {"uid": "244418948", "content": "我朋友说他好了"}, {"uid": "302312933", "content": "溺水式发言"}, {"uid": "472459401", "content": "面壁十分钟"}, {"uid": "456700060", "content": "石油佬们发现了新玩法"}, {"uid": "678460758", "content": "插上音响那个是魔鬼吗!"}, {"uid": "100695733", "content": "日本那边电脑配件真的太贵了"}, {"uid": "446030108", "content": "我妈看着我已经沉默30多秒了"}, {"uid": "22869709", "content": "给我对不住了，去趟洗手间"}, {"uid": "35938470", "content": "妈听打"}, {"uid": "86717804", "content": "这是多少钱的炮弹"}, {"uid": "280657855", "content": "虽然不懂，但我大为震撼。"}, {"uid": "694693500", "content": "炸了，但没完全炸"}, {"uid": "694693500", "content": "土间埋"}, {"uid": "12927871", "content": "卧槽！！！？？？？"}, {"uid": "65206418", "content": "醍醐灌顶草"}, {"uid": "12927372", "content": "太可爱了太可爱了"}, {"uid": "128772197", "content": "直接活埋"}, {"uid": "32600421", "content": "救救我hhhhh哈哈哈哈哈哈"}, {"uid": "43895072", "content": "石油佬：好像不太够？"}, {"uid": "287546501", "content": "饱 和 打 击"}, {"uid": "160416350", "content": "耳机党狂喜"}, {"uid": "38716158", "content": "火力优势学说"}, {"uid": "502384107", "content": "有钱真的可以为所欲为"}, {"uid": "250799877", "content": "早期人类返祖现象草。"}, {"uid": "36632601", "content": "中东石油哥"}, {"uid": "168250317", "content": "中  东  富  豪"}, {"uid": "382048730", "content": "密集恐惧症害怕了"}, {"uid": "88680410", "content": "很抱歉以这种方式认识你"}, {"uid": "701884709", "content": "显  卡  烧  却"}, {"uid": "36214865", "content": "卡住了？？？"}, {"uid": "36214865", "content": "活塞的声音？"}, {"uid": "36214865", "content": "我也卡了。。。（糟糕）"}, {"uid": "16528986", "content": "渐渐开始熟悉起来"}, {"uid": "94789940", "content": "ykl至高指令（狗头）"}, {"uid": "94789940", "content": "降   维   打   击"}, {"uid": "429649", "content": "油咖喱买新电脑吧www"}, {"uid": "429649", "content": "油咖喱可爱！"}, {"uid": "221865360", "content": "效果拔群"}, {"uid": "221865360", "content": "被埋不知所措.jpg"}, {"uid": "221865360", "content": "礼物掉落完全被玩坏了"}, {"uid": "2957060", "content": "恭喜ykl！（顺便早点换电脑）"}, {"uid": "10960750", "content": "已经裂开了.jpg"}, {"uid": "237935419", "content": "被钞淹没不知所措"}, {"uid": "362426078", "content": "很抱歉以这种方式认识m(._.)m"}, {"uid": "472647128", "content": "百万再生庆"}, {"uid": "345972670", "content": "石油佬的快了"}, {"uid": "1915514", "content": "很抱歉以这种方式认识你"}, {"uid": "84884234", "content": "妈听解，爸放棍"}, {"uid": "7991044", "content": "还不快谢谢石油佬"}, {"uid": "584321787", "content": "狗 大 户（滑稽）"}, {"uid": "474170879", "content": "CPU:你觉得你很幽默?"}, {"uid": "344930079", "content": "哦~这糟糕的声音。"}, {"uid": "221841366", "content": "简直就是一股泥石流"}, {"uid": "7153723", "content": "不愧是事故系vtuber"}, {"uid": "11589503", "content": "这papa声就离谱"}, {"uid": "505961526", "content": "裂开了，哈哈哈"}, {"uid": "10583934", "content": "她真可爱"}, {"uid": "478847731", "content": "室友你听我狡辩啊"}, {"uid": "397472378", "content": "卡出来了中国地图"}, {"uid": "23001624", "content": "你卡了，就是你"}, {"uid": "494964", "content": "帽 子 戏 法"}, {"uid": "3367963", "content": "石油佬的快乐"}, {"uid": "34734100", "content": "好家伙我直接好家伙"}, {"uid": "433991177", "content": "我的室友都在看我"}, {"uid": "153555141", "content": "兄弟们，我不对劲了，我面壁去了"}, {"uid": "526648670", "content": "幸好我插上了音箱。"}, {"uid": "608957246", "content": "我是个盲人，请问视频里发生了什么"}, {"uid": "52076839", "content": "车速拉满"}, {"uid": "128755230", "content": "这糟糕的话，有点不对劲啊？？？"}, {"uid": "482438883", "content": "一帧能玩 二帧五杀 三帧弑神"}, {"uid": "67683716", "content": "大家好，我是盲人，请问这里是那个黑黄的网站吗？"}, {"uid": "5934461", "content": "好 痛 苦"}, {"uid": "353714045", "content": "我是个盲人，请问发生什么事了？"}, {"uid": "8298257", "content": "乐得乱叫哈哈哈"}, {"uid": "9570361", "content": "电脑：我已经塞不下了"}, {"uid": "240409781", "content": "妈耶有反应了"}, {"uid": "218506894", "content": "我是一位盲人，请问发生什么事了"}, {"uid": "498632492", "content": "密恐九命啊啊啊啊啊啊"}, {"uid": "471100141", "content": "妈听解，爸放棍"}, {"uid": "548081094", "content": "抱歉以这种方式认识你"}, {"uid": "106387882", "content": "爸！你听我狡辩！我真没有。。啊！！"}, {"uid": "288950811", "content": "这声音不对劲"}, {"uid": "476536422", "content": "幸好我戴了耳机……"}, {"uid": "404503138", "content": "密集恐惧症犯了"}, {"uid": "9561914", "content": "有钱还用这样"}, {"uid": "31813414", "content": "痛并快乐着"}, {"uid": "485886411", "content": "逐渐变态"}, {"uid": "22288138", "content": "条件反射的把音量调小"}, {"uid": "5863953", "content": "有钱人的快乐"}, {"uid": "108116885", "content": "cpu一核有难，多核围观"}, {"uid": "246551251", "content": "老婆听着解释，我在看人家刷礼物"}, {"uid": "85633090", "content": "再过来笑一遍"}, {"uid": "17942797", "content": "哈哈哈红红火火恍恍惚惚"}, {"uid": "90446162", "content": "发生甚么事了"}, {"uid": "4360410", "content": "cpu 内存都炸了"}, {"uid": "487279", "content": "草 闭眼新世界"}, {"uid": "490826349", "content": "卡…卡住了"}, {"uid": "1823735826", "content": "你的电脑显卡就这？"}, {"uid": "569253800", "content": "这波阿，这波就很草"}, {"uid": "65330647", "content": "。。。。我还以为我耳机坏了"}, {"uid": "100425296", "content": "发动技能，降帧打击"}, {"uid": "100477409", "content": "抱歉以这种方式认识你"}, {"uid": "2854211", "content": "生草的神"}, {"uid": "189854873", "content": "石油佬的快乐"}, {"uid": "64000094", "content": "对！就是我邪恶的奥特曼！佐非天桑干的"}, {"uid": "2007142", "content": "甚至有些涩"}, {"uid": "772867", "content": "帧数肉眼可见的下降"}, {"uid": "3549739", "content": "来了来了，消失的尤卡碳"}, {"uid": "136731889", "content": "谁说的一切恐惧源于火力不足？密集恐惧症当场激怒！"}, {"uid": "1669563243", "content": "爸爸妈妈听我狡辩 "}, {"uid": "566802034", "content": "我也想被人这样刷礼物呀！！！！！！！！！！！！！"}, {"uid": "697763052", "content": "检测到在轨核聚变打击"}, {"uid": "164104544", "content": "截图接头"}, {"uid": "309392801", "content": "哈哈哈哈哈哈哈"}, {"uid": "311027960", "content": "一夜暴富"}, {"uid": "253764903", "content": "哈哈哈哈哈哈哈哈哈哈哈"}, {"uid": "473698806", "content": "不行，住手啊！这样下去会死的"}, {"uid": "516953803", "content": "好可爱救命"}, {"uid": "519401", "content": "声音炸了！"}, {"uid": "491377918", "content": "开始了，要开始了"}, {"uid": "596384698", "content": "很抱歉以这种方式认识你"}, {"uid": "694693500", "content": "社死"}, {"uid": "694693500", "content": "这台词就是二刷了原因吗？"}, {"uid": "694693500", "content": "就是埋！"}, {"uid": "89329595", "content": "D D o S"}, {"uid": "245145828", "content": "我到底在看什么"}, {"uid": "296039420", "content": "精准投放"}, {"uid": "345883195", "content": "第三次撞击"}, {"uid": "343920851", "content": "卧槽好好看"}, {"uid": "20058749", "content": "这糟糕的台词"}, {"uid": "186928", "content": "有钱人的世界原来是这样的吗"}, {"uid": "432055588", "content": "被钱淹没"}, {"uid": "505165105", "content": "草 瞩目哈哈哈哈哈哈"}, {"uid": "416709983", "content": "黑暗森林打击之降帧打击"}, {"uid": "393900044", "content": "哈哈哈哈哈哈哈哈哈哈哈"}, {"uid": "490659377", "content": "不对劲！"}, {"uid": "696504811", "content": "wc0.5起飞"}, {"uid": "448279423", "content": "这糟糕的台词"}, {"uid": "628398021", "content": "0.5真是个好东西"}, {"uid": "5926034", "content": "无需多言，闭眼享受"}, {"uid": "397795777", "content": "卡死哈哈哈，草"}, {"uid": "677125268", "content": "这是在干嘛？"}, {"uid": "382146838", "content": "哈哈哈哈哈哈哈哈哈哈"}, {"uid": "84124622", "content": "还是那一大堆话"}, {"uid": "37009344", "content": "还好带了耳机"}, {"uid": "393936777", "content": "今天的b站就看到这里"}, {"uid": "328850208", "content": "外放直接社死"}, {"uid": "36214865", "content": "我的眼睛！"}, {"uid": "36214865", "content": "纯洁的我"}, {"uid": "36886517", "content": "车车，好像有车车"}, {"uid": "36886517", "content": "石油佬送钱买电脑"}, {"uid": "27447307", "content": "降维打击"}, {"uid": "189762370", "content": "事故系vup"}, {"uid": "94789940", "content": "掉帧了"}, {"uid": "243381046", "content": "很抱歉以这样的方式认识你"}, {"uid": "36171161", "content": "好，单推了"}, {"uid": "221865360", "content": "石油王恐怖"}, {"uid": "10518197", "content": "开幕雷击"}, {"uid": "668644963", "content": "被瓜淹没，不知所措"}, {"uid": "23714337", "content": "迫害up真有趣"}, {"uid": "401897644", "content": "密恐犯了啊"}, {"uid": "507487598", "content": "看着评论区大佬的神讨论我笑了"}, {"uid": "21596619", "content": "外放了，再见了"}, {"uid": "404260757", "content": "？？？奇怪的台词"}, {"uid": "325274", "content": "？？？不看画面听声音还以为进错网站了"}, {"uid": "25307796", "content": "很抱歉以这种方式认识你"}, {"uid": "2135015759", "content": "《痛苦》"}, {"uid": "24087418", "content": "前排提醒戴耳机！"}, {"uid": "405787091", "content": "我手机卡了！"}, {"uid": "405787091", "content": "开幕雷击"}, {"uid": "512158417", "content": "卧槽妈听解"}, {"uid": "238253", "content": "但他给的实在是再多了"}, {"uid": "93410013", "content": "奇怪起来了"}, {"uid": "321394966", "content": "社会性死亡"}, {"uid": "386990", "content": "结合日期，应该是比特币赚大了"}, {"uid": "159563835", "content": "飞鸟信（不是）"}, {"uid": "22362287", "content": "还好我带着耳机"}, {"uid": "287131306", "content": "有趣"}, {"uid": "44977070", "content": "硬件测试hh"}, {"uid": "1539502", "content": "很抱歉以这种方式认识你"}, {"uid": "406033595", "content": "很抱歉以这种方式认识你"}, {"uid": "26112516", "content": "？？黑屏？？？为什么wodeshih"}, {"uid": "3247485", "content": "妹啊，设备升升级罢"}, {"uid": "220860334", "content": "外放 被迫降低声音"}, {"uid": "5123387", "content": "CPU：危"}, {"uid": "22524668", "content": "密集恐惧症要死了"}, {"uid": "6431110", "content": "？？？为什么要是这个声音呢"}, {"uid": "428078479", "content": "压脉带"}, {"uid": "32974245", "content": "痛并快乐着"}, {"uid": "698168622", "content": "有趣"}, {"uid": "27179741", "content": "看她笑得多开心啊"}, {"uid": "693084708", "content": "高级猎手往往伪装成猎物"}, {"uid": "28025359", "content": "这糟糕的台词"}, {"uid": "3348230", "content": "哈哈哈哈哈哈嗝嗝"}, {"uid": "455289092", "content": "等等就不对劲吧一闭眼我就想起了那玩意儿"}, {"uid": "12953609", "content": "赶紧关上了声音"}, {"uid": "11589586", "content": "淦太s涩了"}, {"uid": "2938618", "content": "大 的 要 来 了"}, {"uid": "36818933", "content": "靠，我看视频到这里突然就卡了"}, {"uid": "587140", "content": "草 这也太古神了"}, {"uid": "24893591", "content": "砸场子"}, {"uid": "172489340", "content": "痛苦并快乐着"}, {"uid": "8203471", "content": "君の帧数not good"}, {"uid": "304254722", "content": "密集恐惧症犯了。。"}, {"uid": "7577621", "content": "换个cpu迫在眉睫"}, {"uid": "40102065", "content": "降维打击"}, {"uid": "404503138", "content": "哈哈哈哈哈哈"}, {"uid": "457068863", "content": "被其淹没不知所措"}, {"uid": "13489149", "content": "默默调低了音量 太草了"}, {"uid": "10470838", "content": "哈哈哈哈哈哈好可爱"}, {"uid": "286961091", "content": "绝对榜一大哥"}, {"uid": "106000476", "content": "开幕雷击"}, {"uid": "408676876", "content": "她在狂喜"}, {"uid": "3882130", "content": "这种“anti”倒是来者不拒、多多益善的！！2333"}, {"uid": "4595288", "content": "右边有998的打赏。九千多小的"}, {"uid": "81662788", "content": "我的妈呀！房管不管管嘛？"}, {"uid": "1299540", "content": "用这些钱搞一个强强电脑吧"}, {"uid": "21541284", "content": "快乐并痛着"}, {"uid": "457841300", "content": "我也卡了，好家伙好家伙"}, {"uid": "17942797", "content": "哈哈哈红红火火恍恍惚惚"}, {"uid": "131414442", "content": "闭眼新世界"}, {"uid": "448696626", "content": "这声音？？？"}, {"uid": "2954548", "content": "好家伙我也卡了"}, {"uid": "154093980", "content": "精神污染"}, {"uid": "126844301", "content": "看一遍笑一遍"}, {"uid": "2984580", "content": "迫害开始"}, {"uid": "160005519", "content": "耳机要炸了，，"}, {"uid": "249073012", "content": "哇哦⊙∀⊙！"}, {"uid": "434911676", "content": "密集恐惧症犯了"}, {"uid": "1522907", "content": "cpu0炸了"}, {"uid": "30462482", "content": "哈哈哈哈哈"}, {"uid": "774664", "content": "1630瓜 天桑全责"}, {"uid": "189627719", "content": "这个表情好憨"}, {"uid": "490966907", "content": "声音卡哇伊！whl"}, {"uid": "8389136", "content": "还在动（笑）"}, {"uid": "772867", "content": "一点也不卡啊.jpg"}, {"uid": "812140", "content": "极端粉丝行为"}, {"uid": "15279466", "content": "被水淹没，不知所措"}, {"uid": "285478273", "content": "这着实是有点离谱了"}, {"uid": "363344300", "content": "新型网络暴力 "}, {"uid": "42853405", "content": "怪起来了，有点涩"}, {"uid": "688317049", "content": "跨维度打击"}, {"uid": "414677030", "content": "外放已经社死"}, {"uid": "2293173", "content": "不对劲"}, {"uid": "24045922", "content": "虎狼之词"}, {"uid": "406329747", "content": "非禁止画面"}, {"uid": "522632134", "content": "我是盲人，请问发生了什么"}, {"uid": "225560032", "content": "要坏掉了"}, {"uid": "335688156", "content": "？？什么阴间声音"}, {"uid": "86717804", "content": "2000 years later"}, {"uid": "472406210", "content": "“坏起来了”"}, {"uid": "321510880", "content": "草 为什么感觉好色啊"}, {"uid": "306750762", "content": "恐怖如斯"}, {"uid": "175984748", "content": "这就是猛男吗"}, {"uid": "471382037", "content": "我不对劲"}, {"uid": "471382037", "content": "哈哈哈哈哈哈哈哈哈哈哈哈草"}, {"uid": "439415444", "content": "哈哈哈哈哈哈"}, {"uid": "685202", "content": "糟糕啊啊啊啊啊啊"}, {"uid": "150965209", "content": "库鲁西hhhh"}, {"uid": "87896682", "content": "声音都卡了"}, {"uid": "286714705", "content": "奇怪 哈哈哈哈"}, {"uid": "526565465", "content": "哈哈哈哈哈哈哈哈"}, {"uid": "9227657", "content": "哈哈哈哈"}, {"uid": "402556251", "content": "哈哈哈哈哈"}, {"uid": "70521056", "content": "妈听解！"}, {"uid": "146252238", "content": "被金钱淹没"}, {"uid": "19507481", "content": "这糟糕的声音"}, {"uid": "393900044", "content": "哈哈哈哈哈哈哈哈哈哈"}, {"uid": "392349575", "content": "哈哈哈哈哈哈哈哈哈哈哈哈"}, {"uid": "152284", "content": "哈哈哈哈哈哈哈哈哈哈"}, {"uid": "46060264", "content": "？？？？？？？？？？"}, {"uid": "37105996", "content": "老爷机"}, {"uid": "8139835", "content": "妈听解"}, {"uid": "272942994", "content": "闭上眼睛新世界"}, {"uid": "3828049", "content": "哈哈哈哈哈哈哈哈哈哈"}, {"uid": "476350453", "content": "せ------の"}, {"uid": "510946062", "content": "←车速"}, {"uid": "8056714", "content": "哈哈哈哈哈哈哈哈哈"}, {"uid": "4677173", "content": "我怎么也卡了"}, {"uid": "22185780", "content": "该换主机了......."}, {"uid": "36214865", "content": "糟糕"}, {"uid": "36214865", "content": "巫山"}, {"uid": "36886517", "content": "梅开二度"}, {"uid": "179461703", "content": "尤卡里超可爱"}, {"uid": "94789940", "content": "盲人狂喜"}, {"uid": "512770", "content": "开幕雷击"}, {"uid": "360302885", "content": "奇怪的声音"}, {"uid": "181853025", "content": "哈哈哈哈哈哈哈"}, {"uid": "36171161", "content": "单推人不请自来"}, {"uid": "1677006217", "content": "不行了哈哈哈哈哈"}, {"uid": "382910589", "content": "再来一遍"}, {"uid": "25843887", "content": "D  D  O  S "}, {"uid": "37141131", "content": "你在干什么"}, {"uid": "10591741", "content": "哈哈哈哈哈还哈哈哈哈哈"}, {"uid": "512158417", "content": "哈哈哈哈哈哈哈"}, {"uid": "23001624", "content": "不对劲"}, {"uid": "1948577", "content": "闭上眼，仔细听"}, {"uid": "4661588", "content": "哈哈哈哈哈哈哈哈哈"}, {"uid": "12042596", "content": "这配音绝了"}, {"uid": "476196093", "content": "西瓜独轮车草"}, {"uid": "32301094", "content": "他给的实在太多了"}, {"uid": "17441466", "content": "差点以为进错站了"}, {"uid": "2014713", "content": "哈哈哈哈哈哈哈"}, {"uid": "23002299", "content": "拿钱砸人的意思吗"}, {"uid": "221841366", "content": "天降泥石流"}, {"uid": "99703459", "content": "用钱砸人就是爽"}, {"uid": "479190100", "content": "糟糕的台词"}, {"uid": "479190100", "content": "别来了，已经溢出来了"}, {"uid": "350697", "content": "开始了开始了"}, {"uid": "414945324", "content": "还好带着耳机"}, {"uid": "23001624", "content": "被水淹没"}, {"uid": "485305596", "content": "我也是，我这里突然卡了"}, {"uid": "494964", "content": "能动，只能动一点点"}, {"uid": "283714654", "content": "听着像yell(ow)片"}, {"uid": "441213491", "content": "草，声音受不了呀"}, {"uid": "52558917", "content": "这声音就离谱"}, {"uid": "28125001", "content": "头接的刚刚好"}, {"uid": "251716829", "content": "闭眼看视频"}, {"uid": "261682668", "content": "头部增殖"}, {"uid": "16982890", "content": "燃起来了啊，电脑"}, {"uid": "13099787", "content": "显卡攻击"}, {"uid": "22037454", "content": "？？？？？？？？"}, {"uid": "16106726", "content": "很抱歉这样认识你"}, {"uid": "8106821", "content": "哈哈哈哈哈哈"}, {"uid": "381801140", "content": "动了，但没有完全动"}, {"uid": "563513119", "content": "哈哈哈哈哈哈哈哈"}, {"uid": "2161282", "content": "给哈狗和高后给哈狗和高"}, {"uid": "504114953", "content": "我去，我也卡了"}, {"uid": "10547437", "content": "开心到炸"}, {"uid": "49801035", "content": "外放可太干了"}, {"uid": "694532183", "content": "外放社死"}, {"uid": "34089372", "content": "我能免费看这个吗？"}, {"uid": "503894", "content": "活埋"}, {"uid": "19796105", "content": "闭眼新世界"}, {"uid": "395858178", "content": "声卡炸了"}, {"uid": "92114400", "content": "没错是你卡了"}, {"uid": "471704317", "content": "妈听"}, {"uid": "647385993", "content": "啊，这……"}, {"uid": "363742424", "content": "又有几个在发情"}, {"uid": "1525485", "content": "救命哈哈哈哈哈哈"}, {"uid": "98777106", "content": "卡住了"}, {"uid": "28098713", "content": "闭眼新世界"}, {"uid": "8694864", "content": "糟糕的声音"}, {"uid": "22666468", "content": "哈哈哈哈哈哈哈哈哈"}, {"uid": "83541177", "content": "这是在干嘛"}, {"uid": "11795614", "content": "用钱砸人"}, {"uid": "5443656", "content": "物理引擎烧cpu的，显卡画点这个应该还好。"}, {"uid": "44105365", "content": "你这声音！"}, {"uid": "235617022", "content": "她还得谢谢咱"}, {"uid": "291965039", "content": "这声音，，嗯。。。"}, {"uid": "26730053", "content": "哈哈哈哈哈哈哈哈哈哈哈"}, {"uid": "21600916", "content": "音容宛在"}, {"uid": "8253886", "content": "怎么回事"}, {"uid": "20124082", "content": "壕无人性"}, {"uid": "300097944", "content": "哈哈哈哈"}, {"uid": "33883911", "content": "嬉皮笑脸"}, {"uid": "35737075", "content": "卡住了还没有完全卡住"}, {"uid": "2763024", "content": "哈哈哈哈"}, {"uid": "86414080", "content": "这不得连夜换个3080"}, {"uid": "28587221", "content": "君の帧数not good"}, {"uid": "6677", "content": "帧数警察出动"}, {"uid": "133718595", "content": "这台词像话吗？"}, {"uid": "27198726", "content": "初见，可爱，单推"}, {"uid": "183873081", "content": "瀑沙大葬"}, {"uid": "31665053", "content": "和我玩元气一模一样"}, {"uid": "12769521", "content": "动了但是完全没动"}, {"uid": "64000094", "content": "草！我，天桑，不是禍王"}, {"uid": "176104", "content": "这是送了多少西瓜？"}, {"uid": "1631568449", "content": "危PC君危"}, {"uid": "556547", "content": "西瓜独轮车是吧wwww"}, {"uid": "162044589", "content": "哈哈哈哈哈哈笑死了"}, {"uid": "12885942", "content": "开始不对劲了"}, {"uid": "399327847", "content": "0.5魔鬼吧"}, {"uid": "2856000", "content": "警惕新型网络攻击"}, {"uid": "2856000", "content": "网络攻击"}, {"uid": "1428410496", "content": "真是恐怖如斯。"}, {"uid": "2134353117", "content": "没错你卡了"}, {"uid": "495861274", "content": "被淹死了"}, {"uid": "385660739", "content": "这社死的声音"}, {"uid": "400288797", "content": "？"}, {"uid": "349903429", "content": "草，笑死我了"}, {"uid": "839705100", "content": "这声音。。。"}, {"uid": "605830595", "content": "该换电脑咯"}, {"uid": "65592551", "content": "牛逼"}, {"uid": "109120499", "content": "变色"}, {"uid": "468567794", "content": "哈哈哈哈哈哈"}, {"uid": "32600421", "content": "哈哈哈哈哈哈哈哈哈哈哈哈"}, {"uid": "8437488", "content": "糟糕的声音"}, {"uid": "146252238", "content": "好家伙"}, {"uid": "393900044", "content": "？？？？？？？？？？？"}, {"uid": "12891523", "content": "我不对劲"}, {"uid": "4061888", "content": "哈？关西口音？？"}, {"uid": "400515567", "content": "哈哈哈哈哈哈哈哈哈哈哈哈"}, {"uid": "88795883", "content": "哈哈哈"}, {"uid": "36989090", "content": "哈哈哈哈哈哈哈哈哈"}, {"uid": "39273858", "content": "牛的hhh"}, {"uid": "405743422", "content": "哈哈哈哈哈哈哈哈哈哈哈哈哈"}, {"uid": "9984620", "content": "很抱歉这样认识你"}, {"uid": "441028384", "content": "洛克菲勒"}, {"uid": "8056714", "content": "没被吓到"}, {"uid": "33929023", "content": "哈哈哈哈哈"}, {"uid": "36214865", "content": "哼哼啊"}, {"uid": "64000094", "content": "哈哈哈哈哈哈"}, {"uid": "36886517", "content": "幸好我没开声音"}, {"uid": "179461703", "content": "哈哈哈哈"}, {"uid": "179461703", "content": "哈哈哈哈"}, {"uid": "179461703", "content": "开幕雷击"}, {"uid": "512770", "content": "糟糕的声音"}, {"uid": "284959569", "content": "哈哈哈哈哈哈"}, {"uid": "284959569", "content": "哈哈哈哈哈哈"}, {"uid": "94789940", "content": "哈哈哈哈哈"}, {"uid": "429649", "content": "奥特曼做得棒草"}, {"uid": "360302885", "content": "奇怪的声音"}, {"uid": "1677006217", "content": "逐渐离谱"}, {"uid": "1677006217", "content": "看你笑得多开心"}, {"uid": "221865360", "content": "鬼畜了"}, {"uid": "221865360", "content": "高ping"}, {"uid": "668644963", "content": "哈哈哈哈哈哈"}, {"uid": "186587702", "content": "左边是车速"}, {"uid": "98311684", "content": "鸭灭蝶"}, {"uid": "7325390", "content": "有趣"}, {"uid": "482550611", "content": "哪个直播平台"}, {"uid": "512158417", "content": "啊这"}, {"uid": "512158417", "content": "哈哈哈哈哈哈哈"}, {"uid": "500642374", "content": "这些人头是干啥用的？"}, {"uid": "2065181", "content": "刚刚外放。。。"}, {"uid": "24087418", "content": "糟糕的台词"}, {"uid": "497608196", "content": "好不对劲。。。"}, {"uid": "13287980", "content": "故意的吧"}, {"uid": "97263551", "content": "妈听解"}, {"uid": "4661588", "content": "草23333333"}, {"uid": "526136679", "content": "闭上眼睛"}, {"uid": "21430293", "content": "眨眼补帧都救不了"}, {"uid": "174851024", "content": "哈哈哈哈哈哈哈哈"}, {"uid": "630026463", "content": "危"}, {"uid": "51688367", "content": "赶紧把声音调小"}, {"uid": "39747258", "content": "闭眼享受"}, {"uid": "104169266", "content": "啊.。。。。这"}, {"uid": "505961526", "content": "心里狂喜"}, {"uid": "586534", "content": "土豪，土豪！"}, {"uid": "184658502", "content": "0.5闭上眼新世界"}, {"uid": "137596855", "content": "井 喷"}, {"uid": "23001624", "content": "CPU的香味"}, {"uid": "92722235", "content": "哈哈哈哈哈哈哈哈"}, {"uid": "11581221", "content": "像CPU画出来的+1"}, {"uid": "29511392", "content": "？？？？？？？？？？？？"}, {"uid": "241758718", "content": "???????"}, {"uid": "34871192", "content": "声音听着很像猫宫啊"}, {"uid": "130113385", "content": "搁这洗头呢"}, {"uid": "82312063", "content": "怪起来了"}, {"uid": "540812", "content": "真的要活埋吗？"}, {"uid": "30162874", "content": "hso"}, {"uid": "13863481", "content": "这就是钞能力？"}, {"uid": "434666052", "content": "0.5倍真爽"}, {"uid": "438859069", "content": "红红火火恍恍惚惚"}, {"uid": "36588472", "content": "哈哈哈哈"}, {"uid": "95385726", "content": "显卡燃烧"}, {"uid": "85855825", "content": "哈哈哈哈哈哈哈哈哈哈哈哈"}, {"uid": "4129137", "content": "@计数菌"}, {"uid": "85855825", "content": "哈哈哈哈哈哈哈哈哈"}, {"uid": "12493802", "content": "一毛一个"}, {"uid": "13513180", "content": "哈哈哈哈哈哈"}, {"uid": "219593399", "content": "闭眼食用"}, {"uid": "16796381", "content": "电脑要炸了"}, {"uid": "742286", "content": "ppt都比这流畅"}, {"uid": "503894", "content": "哈哈哈哈哈哈哈"}, {"uid": "436819642", "content": "世风日下"}, {"uid": "113686936", "content": "呀买碟？呀买碟？"}, {"uid": "113686936", "content": "呀买碟？"}, {"uid": "55501778", "content": "哈哈哈哈哈哈哈哈哈哈"}, {"uid": "110717023", "content": "老夹子了"}, {"uid": "38600424", "content": "牙白牙白"}, {"uid": "438954371", "content": "我耳机出问题了？？？"}, {"uid": "416539056", "content": "闭眼新世纪"}, {"uid": "404503138", "content": "哈哈哈哈哈哈"}, {"uid": "89331580", "content": "牛批"}, {"uid": "420378258", "content": "？这是在干啥"}, {"uid": "17412930", "content": "我是来学日语的，请问现在是什么情况"}, {"uid": "1672289759", "content": "。。。。。"}, {"uid": "381914456", "content": "哈哈哈"}, {"uid": "28044956", "content": "哈哈哈哈哈哈哈哈"}, {"uid": "3044930", "content": "闭眼新世界"}, {"uid": "470820655", "content": "10帧不卡，3帧能玩"}, {"uid": "3882130", "content": "撒钱行为怎么管？得罪米饭班主？？？"}, {"uid": "26804070", "content": "哈哈哈哈哈"}, {"uid": "245686433", "content": "hso"}, {"uid": "27636715", "content": "开始了"}, {"uid": "86956544", "content": "哈哈哈哈哈哈"}, {"uid": "219615189", "content": "颜色"}, {"uid": "36994898", "content": "还有台词"}, {"uid": "355211351", "content": "显卡要炸了"}, {"uid": "355211351", "content": "被淹没了"}, {"uid": "1823735826", "content": "荡机了"}, {"uid": "7918200", "content": "痛苦并快乐着"}, {"uid": "2763024", "content": "哈哈哈哈哈哈哈"}, {"uid": "280383681", "content": "精神污染"}, {"uid": "199446969", "content": "哈哈哈"}, {"uid": "40713503", "content": "日漫配音的感觉，hso"}, {"uid": "71545650", "content": "好家伙"}, {"uid": "23961718", "content": "耳机炸了"}, {"uid": "1686297", "content": "天动+像"}, {"uid": "66648238", "content": "危"}, {"uid": "501084430", "content": "对，你卡了"}, {"uid": "468567794", "content": "哈哈哈哈哈哈"}, {"uid": "306797", "content": "the world"}, {"uid": "2476296", "content": "硬件帧数打击"}, {"uid": "158614043", "content": "我D(º﹃º )"}, {"uid": "32238220", "content": "？？？"}, {"uid": "489699196", "content": "不，我很舒服"}, {"uid": "1111819946", "content": "无力反抗"}, {"uid": "733368024", "content": "我裂开了.JPG"}, {"uid": "17308305", "content": "不对劲"}, {"uid": "273668991", "content": "0.5那个你过来"}, {"uid": "245096746", "content": "前方核能"}, {"uid": "12596109", "content": "闭眼新世界"}, {"uid": "128409442", "content": "闭眼新世界"}, {"uid": "478932367", "content": "卡住了"}, {"uid": "351323469", "content": "不对劲"}, {"uid": "253764903", "content": "草"}, {"uid": "480161038", "content": "算不过来了"}, {"uid": "6641559", "content": "……"}, {"uid": "109120499", "content": "hhhhhh"}, {"uid": "321593286", "content": "泷泽萝拉哒！"}, {"uid": "65206418", "content": "卧槽"}, {"uid": "89543", "content": "中国西瓜不要钱系列"}, {"uid": "5986207", "content": "我也卡了"}, {"uid": "439415444", "content": "我不對勁"}, {"uid": "439415444", "content": "閉眼新世界"}, {"uid": "30170251", "content": "¿¿¿¿¿¿"}, {"uid": "51205487", "content": "耳朵疼"}, {"uid": "245102984", "content": "哈哈哈哈哈哈哈哈哈"}, {"uid": "21330383", "content": "尤卡坦"}, {"uid": "342293164", "content": "怪起来了"}, {"uid": "64496694", "content": "哈哈哈哈哈哈哈哈"}, {"uid": "344706631", "content": "草草草草草草"}, {"uid": "59202650", "content": "哈哈哈哈哈哈哈"}, {"uid": "613233012", "content": "糟糕的台词"}, {"uid": "18432862", "content": "闭眼新世界"}, {"uid": "555851340", "content": "天动万象"}, {"uid": "678307679", "content": "我耳机坏了？"}, {"uid": "670400417", "content": "老板马虎啊"}, {"uid": "259605465", "content": "好家伙"}, {"uid": "34509204", "content": "很抱歉以这种方式认识你"}, {"uid": "392349575", "content": "哈哈哈哈 "}, {"uid": "392349575", "content": "哈哈哈哈"}, {"uid": "15188570", "content": "王虫铺菌毯"}, {"uid": "15188570", "content": "不对劲"}, {"uid": "1563892", "content": "说话都卡"}, {"uid": "190647853", "content": "这是什么视频？"}, {"uid": "237622475", "content": "哈哈哈哈哈"}, {"uid": "96142142", "content": "解卡"}, {"uid": "264296012", "content": "看起来好快乐"}, {"uid": "372556076", "content": "哈哈哈哈"}, {"uid": "64000094", "content": "哈哈哈哈哈哈"}, {"uid": "64000094", "content": "哈哈哈哈哈哈"}, {"uid": "40144017", "content": "密恐"}, {"uid": "40144017", "content": "密恐"}, {"uid": "36886517", "content": "笑死我了"}, {"uid": "27447307", "content": "以后搞个强强PC吧"}, {"uid": "512770", "content": "电脑已经菠萝菠萝哒"}, {"uid": "512770", "content": "开始了"}, {"uid": "189762370", "content": "开始了"}, {"uid": "28805376", "content": "笑死我了"}, {"uid": "1677006217", "content": "哈哈哈哈哈哈"}, {"uid": "1677006217", "content": "变奇怪了"}, {"uid": "221865360", "content": "动了没完全动"}, {"uid": "1677006217", "content": "哈哈哈"}, {"uid": "668644963", "content": "喀秋莎"}, {"uid": "4130547", "content": "电音太强了"}, {"uid": "77483422", "content": "发生了啥"}, {"uid": "89028863", "content": "草、"}, {"uid": "698641", "content": "哈哈哈哈哈"}, {"uid": "25299415", "content": "电脑要炸了"}, {"uid": "405787091", "content": "hso"}, {"uid": "2363740", "content": "哈哈哈哈"}, {"uid": "23221560", "content": "眨眼都补不了帧"}, {"uid": "352427076", "content": "？？？"}, {"uid": "5465934", "content": "人的xp是自由的"}, {"uid": "2224110", "content": "？？？？"}, {"uid": "76688190", "content": "啊、。这"}, {"uid": "55813090", "content": "？？？？？？"}, {"uid": "484744846", "content": "哈哈哈哈笑死我了"}, {"uid": "99703459", "content": "越来越离谱"}, {"uid": "146833003", "content": "不对劲"}, {"uid": "489451", "content": "哈哈哈"}, {"uid": "2692636", "content": "精神污染"}, {"uid": "9544560", "content": "666"}, {"uid": "7736353", "content": "CPU 0"}, {"uid": "350697", "content": "西瓜独轮车是吧"}, {"uid": "36836002", "content": "闭眼新世界"}, {"uid": "107193003", "content": "哈哈"}, {"uid": "128717688", "content": "闭眼新世界"}, {"uid": "2778136", "content": "二冲草"}, {"uid": "32736984", "content": "呀买碟"}, {"uid": "1808632", "content": "卡死了草"}, {"uid": "23001624", "content": "开始了"}, {"uid": "1457815", "content": "致死量"}, {"uid": "325941793", "content": "视频内容卡不是你们卡"}, {"uid": "117195804", "content": "石油佬"}, {"uid": "220601226", "content": "笑死我了"}, {"uid": "193794429", "content": "不对劲"}, {"uid": "490687722", "content": "哈哈哈"}, {"uid": "416200586", "content": "糟糕的声音"}, {"uid": "14360586", "content": "闭眼享受"}, {"uid": "1837968", "content": "跟着卡了"}, {"uid": "12953609", "content": "？？？？？？？？？、"}, {"uid": "445675037", "content": "玩坏了"}, {"uid": "1901178", "content": "？？？"}, {"uid": "11589586", "content": "哈哈哈哈哈哈哈"}, {"uid": "214031135", "content": "哈哈哈哈哈"}, {"uid": "16786152", "content": "5950x申请出战"}, {"uid": "99437", "content": "哈哈哈哈"}, {"uid": "115470254", "content": "日本拿手好活"}, {"uid": "345686606", "content": "我卡了"}, {"uid": "463063181", "content": "哈哈哈"}, {"uid": "113686936", "content": "这 无敌"}, {"uid": "8403689", "content": "真的hso"}, {"uid": "102560242", "content": "我手机卡了"}, {"uid": "102560242", "content": "我手机卡了"}, {"uid": "2658439", "content": "太草了"}, {"uid": "85401958", "content": "草xswl"}, {"uid": "512396474", "content": "我卡了"}, {"uid": "28353073", "content": "闭眼新世界"}, {"uid": "3288529", "content": "哈哈哈"}, {"uid": "404819290", "content": "哈哈哈哈哈哈哈哈哈"}, {"uid": "2305095", "content": "精神污染"}, {"uid": "3917493", "content": "什么平台送礼物会这样啊"}, {"uid": "2498791", "content": "好活儿"}, {"uid": "308256249", "content": "哈哈哈"}, {"uid": "3044930", "content": "卡机"}, {"uid": "273269065", "content": "噔噔咚"}, {"uid": "4280218", "content": "草"}, {"uid": "109161108", "content": "哈哈哈"}, {"uid": "24260513", "content": "好家伙"}, {"uid": "579597", "content": "动了个寂寞"}, {"uid": "417346276", "content": "哈哈"}, {"uid": "27636715", "content": "hso"}, {"uid": "27636715", "content": "宕机了"}, {"uid": "32407447", "content": "闭眼新世界"}, {"uid": "1729511", "content": "好可爱啊"}, {"uid": "18593189", "content": "节目效果拉满"}, {"uid": "6254315", "content": "開場的西瓜其實是我掉的，50個"}, {"uid": "2763024", "content": "哈哈哈哈哈"}, {"uid": "20529730", "content": "哈哈哈哈哈"}, {"uid": "123964278", "content": "哈哈哈哈哈哈笑死我了"}, {"uid": "391295427", "content": "哈哈哈"}, {"uid": "123964278", "content": "哈哈哈哈哈哈"}, {"uid": "2959876", "content": "闭眼新世界"}, {"uid": "23371852", "content": "太强了"}, {"uid": "2065198", "content": "你人呢"}, {"uid": "3359570", "content": "闭眼，谢谢"}, {"uid": "150344674", "content": "？？？？"}, {"uid": "154955", "content": "diannaobaozhale"}, {"uid": "24412020", "content": "cpu跟显卡测试？"}, {"uid": "8147774", "content": "新型网暴"}, {"uid": "226838279", "content": "hhhhhh"}, {"uid": "1437754", "content": "名场面"}, {"uid": "4324179", "content": "卧槽"}, {"uid": "86458", "content": "有点涩"}, {"uid": "489699196", "content": "???"}, {"uid": "13223029", "content": "这…"}, {"uid": "1428410496", "content": "I9。10900 K是多么重要"}, {"uid": "30113399", "content": "hhhhhh"}, {"uid": "259312964", "content": "闭眼新世界"}, {"uid": "30933932", "content": "？？？？？？？？？？？"}, {"uid": "1622726355", "content": "哈哈哈哈哈哈哈"}, {"uid": "499231260", "content": "找到BGM啦：しゃろう《you and me》"}, {"uid": "234022789", "content": "整活。。。"}, {"uid": "697763052", "content": "罗泽萝拉哒"}, {"uid": "697763052", "content": "亚顿之矛就绪"}, {"uid": "421138576", "content": "？"}, {"uid": "2107967744", "content": "谢谢，已经到火星了"}, {"uid": "277582907", "content": "草"}, {"uid": "23455118", "content": "？"}, {"uid": "68290537", "content": "迪拜王子"}, {"uid": "481740695", "content": "人呢"}, {"uid": "415234620", "content": "哈哈哈哈哈"}, {"uid": "415234620", "content": "草"}, {"uid": "7062335", "content": "卡了"}, {"uid": "88773915", "content": "库鲁西"}, {"uid": "403341934", "content": "3090都扛不住"}, {"uid": "403341934", "content": "显卡的香味"}, {"uid": "491377918", "content": "她笑了"}, {"uid": "21611660", "content": "woc"}, {"uid": "839705100", "content": "？？？"}, {"uid": "308768651", "content": "这。。。啧啧 要去了吗？"}, {"uid": "100666152", "content": "哈哈哈哈"}, {"uid": "9043392", "content": "舒服"}, {"uid": "1426570357", "content": "哈哈哈哈哈哈哈哈哈哈"}, {"uid": "414487499", "content": "？？？？？？"}, {"uid": "672563060", "content": "鹅鹅鹅鹅鹅鹅鹅鹅鹅"}, {"uid": "411311692", "content": "空降2:30"}, {"uid": "32600421", "content": "草"}, {"uid": "1795867", "content": "草草草"}, {"uid": "199408706", "content": "草"}, {"uid": "87896682", "content": "卡了"}, {"uid": "344706631", "content": "草草草草草"}, {"uid": "341081340", "content": "哈哈哈哈哈哈哈哈哈"}, {"uid": "393900044", "content": "笑死了"}, {"uid": "403068462", "content": "哈哈哈哈哈哈哈"}, {"uid": "112075", "content": "啊"}, {"uid": "351260925", "content": "草"}, {"uid": "197562160", "content": "发射"}, {"uid": "313122230", "content": "草"}, {"uid": "39273858", "content": "完全浸没"}, {"uid": "397795777", "content": "hso啊哈哈哈"}, {"uid": "476350453", "content": "痛啊"}, {"uid": "677125268", "content": "冲了"}, {"uid": "514387418", "content": "沃日"}, {"uid": "36214865", "content": "去了去了"}, {"uid": "36214865", "content": "糟糕"}, {"uid": "36214865", "content": "咦？"}, {"uid": "40144017", "content": "密恐"}, {"uid": "13138770", "content": "合影留念"}, {"uid": "13138770", "content": "我永远喜欢ykl"}, {"uid": "512770", "content": "hso"}, {"uid": "284959569", "content": "来了来了"}, {"uid": "189762370", "content": "草"}, {"uid": "429649", "content": "hso"}, {"uid": "429649", "content": "我卡了"}, {"uid": "429649", "content": "hso"}, {"uid": "360302885", "content": "太奇怪了吧"}, {"uid": "360302885", "content": "呜呜呜"}, {"uid": "1677006217", "content": "哈哈哈哈"}, {"uid": "221865360", "content": "前方高能"}, {"uid": "221865360", "content": "？？？？"}, {"uid": "221865360", "content": "密恐"}, {"uid": "668644963", "content": "耳door"}, {"uid": "668644963", "content": "草"}, {"uid": "370142244", "content": "？"}, {"uid": "375714902", "content": "我怕是cho"}, {"uid": "2135015759", "content": "我也动了"}, {"uid": "10591741", "content": "洛克菲勒"}, {"uid": "9736492", "content": "？"}, {"uid": "35751576", "content": "波咯波咯"}, {"uid": "22528339", "content": "？？？"}, {"uid": "28020815", "content": "hso"}, {"uid": "6682884", "content": "哈哈哈哈"}, {"uid": "1733095", "content": "卡炸了"}, {"uid": "4661588", "content": "草"}, {"uid": "104954150", "content": "好家伙"}, {"uid": "526136679", "content": "intererting!"}, {"uid": "221841366", "content": "恐怖如斯"}, {"uid": "505961526", "content": "哈哈哈哈"}, {"uid": "2778136", "content": "hso"}, {"uid": "1924588", "content": "哈哈哈"}, {"uid": "259844278", "content": "蚌埠住了"}, {"uid": "23001624", "content": "\\狂粉/\\狂粉/\\狂粉/"}, {"uid": "3927288", "content": "wow"}, {"uid": "12196967", "content": "？？？？？？？？"}, {"uid": "468567794", "content": "xswl"}, {"uid": "355984090", "content": "哈哈哈哈"}, {"uid": "289534989", "content": "草"}, {"uid": "15682196", "content": "我也卡了"}, {"uid": "295953669", "content": "老婆真不错"}, {"uid": "12754387", "content": "h2o"}, {"uid": "288265845", "content": "？？？？？？？？？？？"}, {"uid": "288265845", "content": "？？？？？？？"}, {"uid": "67207897", "content": "闭眼新世界"}, {"uid": "2271035", "content": "危"}, {"uid": "9048553", "content": "awsl"}, {"uid": "27990007", "content": "感觉"}, {"uid": "95064", "content": "？？？"}, {"uid": "241224074", "content": "hso"}, {"uid": "363678593", "content": "擦"}, {"uid": "286490432", "content": "hhhhhh"}, {"uid": "16982890", "content": "石油佬"}, {"uid": "109076616", "content": "hso"}, {"uid": "57019199", "content": "草"}, {"uid": "18715954", "content": "奇怪了"}, {"uid": "48189507", "content": "封面1:57"}, {"uid": "319628032", "content": "...我媽剛剛開我房間門"}, {"uid": "1526185046", "content": "卡了"}, {"uid": "8131726", "content": "换个cpu"}, {"uid": "23658275", "content": "这也太夸张了"}, {"uid": "12556791", "content": "草"}, {"uid": "20317592", "content": "草"}, {"uid": "11586242", "content": "草"}, {"uid": "23341765", "content": "草"}, {"uid": "51044801", "content": "？？？hso"}, {"uid": "42650950", "content": "感觉在看片……"}, {"uid": "38637979", "content": "？？？？？？"}, {"uid": "44268861", "content": "？？？"}, {"uid": "352976160", "content": "卧槽！"}, {"uid": "28623614", "content": "你卡了"}, {"uid": "404503138", "content": "哈哈哈哈哈哈"}, {"uid": "60661901", "content": "hso"}, {"uid": "107478945", "content": "建议不看屏幕食用"}, {"uid": "20865412", "content": "23333"}, {"uid": "85117295", "content": "电脑要被杀了"}, {"uid": "31813414", "content": "哈哈哈"}, {"uid": "90326675", "content": "哈哈哈哈哈哈哈哈"}, {"uid": "403836066", "content": "我不纯了"}, {"uid": "568469514", "content": "卡啥"}, {"uid": "16378705", "content": "CPU0向你宣战"}, {"uid": "244518773", "content": "好卡！"}, {"uid": "440963140", "content": "草"}, {"uid": "21406441", "content": "沙啊沙雕行为"}, {"uid": "21246672", "content": "草"}, {"uid": "391295427", "content": "pc君危"}, {"uid": "490826349", "content": "瑟瑟发抖"}, {"uid": "8021460", "content": "谁坏起来"}, {"uid": "181230", "content": "哈哈哈哈哈"}, {"uid": "8219014", "content": "哈哈哈"}, {"uid": "468099", "content": "草"}, {"uid": "96567562", "content": "？？？？？？？？"}, {"uid": "259952652", "content": "呀白，我要坏掉了"}, {"uid": "25331361", "content": "好家伙"}, {"uid": "13324212", "content": "草"}, {"uid": "270492685", "content": "哈哈"}, {"uid": "270492685", "content": "人呢"}, {"uid": "441008966", "content": "非常恐怖"}, {"uid": "6605140", "content": "卡住了"}, {"uid": "4611416", "content": "不觉得。。很色嘛"}, {"uid": "454119302", "content": "卡起来了"}, {"uid": "345596760", "content": "冥场面"}, {"uid": "368185133", "content": "草"}, {"uid": "468567794", "content": "牛逼"}, {"uid": "189627719", "content": "yklhso"}, {"uid": "74511795", "content": "草草草草草草"}, {"uid": "173098587", "content": "太草了"}, {"uid": "65808575", "content": "hso"}, {"uid": "65808575", "content": "kksk"}, {"uid": "372698237", "content": "笑死了"}, {"uid": "349209874", "content": "草"}, {"uid": "375140193", "content": "草草草"}, {"uid": "375140193", "content": "草"}, {"uid": "9075124", "content": "草"}, {"uid": "287379797", "content": "？"}, {"uid": "244418948", "content": "？？？？？？"}, {"uid": "525693082", "content": "我卡了"}, {"uid": "201501952", "content": "草"}, {"uid": "455678152", "content": "？？？"}, {"uid": "200686003", "content": "？"}, {"uid": "1066842076", "content": "离谱"}, {"uid": "253764903", "content": "哈哈哈"}, {"uid": "516953803", "content": "？"}, {"uid": "516953803", "content": "咦"}, {"uid": "491377918", "content": "哈哈哈"}, {"uid": "2526054", "content": "离谱"}, {"uid": "295677243", "content": "啊这"}, {"uid": "502194605", "content": "草"}, {"uid": "210294414", "content": "awsl"}, {"uid": "28585755", "content": "？？？？"}, {"uid": "411311692", "content": "2:30"}, {"uid": "28117983", "content": "？？？？？"}, {"uid": "298754049", "content": "？？？"}, {"uid": "439415444", "content": "？？？"}, {"uid": "202486", "content": "厉害"}, {"uid": "381382322", "content": "草"}, {"uid": "363561294", "content": "？"}, {"uid": "2098049", "content": "？？？？？"}, {"uid": "5659987", "content": "喀秋莎那个笑死我了hhhhhhh"}, {"uid": "3909112", "content": "??????"}, {"uid": "356324894", "content": "草"}, {"uid": "213888061", "content": "草"}, {"uid": "353614250", "content": "hso"}, {"uid": "24282926", "content": "hso"}, {"uid": "507598091", "content": "三帧电竞"}, {"uid": "450780625", "content": "草"}, {"uid": "1483544886", "content": "¿¿¿¿¿¿¿¿¿¿¿¿¿¿"}, {"uid": "495137297", "content": "？？？"}, {"uid": "3658672", "content": "这是什么视频？"}, {"uid": "103469089", "content": "我也卡了"}, {"uid": "36214865", "content": "咦惹"}, {"uid": "241732303", "content": "啊这"}, {"uid": "36886517", "content": "卡了吗"}, {"uid": "13138770", "content": "ykl天下第一"}, {"uid": "179461703", "content": "草"}, {"uid": "512770", "content": "hso"}, {"uid": "94789940", "content": "boom！"}, {"uid": "429649", "content": "草"}, {"uid": "429649", "content": "牙白"}, {"uid": "429649", "content": "草"}, {"uid": "360302885", "content": "不"}, {"uid": "360302885", "content": "不要这样啊"}, {"uid": "552586", "content": "hso"}, {"uid": "243381046", "content": "危"}, {"uid": "279302134", "content": "贡献弹幕"}, {"uid": "221865360", "content": "卡"}, {"uid": "382910589", "content": "whl"}, {"uid": "382910589", "content": "hso"}, {"uid": "20821982", "content": "草"}, {"uid": "386751438", "content": "?？?"}, {"uid": "20227305", "content": "草"}, {"uid": "479259516", "content": "网络攻击"}, {"uid": "2135015759", "content": "好卡啊"}, {"uid": "2135015759", "content": "好卡"}, {"uid": "285811227", "content": "。"}, {"uid": "12983000", "content": "草"}, {"uid": "3960700", "content": "？？？"}, {"uid": "23001624", "content": "？？？"}, {"uid": "36264866", "content": "做这行居然不上主流的高配"}, {"uid": "4661588", "content": "hso"}, {"uid": "321394966", "content": "？？？？？？？"}, {"uid": "195807004", "content": "hso"}, {"uid": "195807004", "content": "？"}, {"uid": "195807004", "content": "？"}, {"uid": "526136679", "content": "啊～"}, {"uid": "14827207", "content": "？"}, {"uid": "51688367", "content": "hso"}, {"uid": "51688367", "content": "草"}, {"uid": "544299387", "content": "可爱"}, {"uid": "2450675", "content": "笑死我了"}, {"uid": "479190100", "content": "HSO"}, {"uid": "259054637", "content": "草"}, {"uid": "486793839", "content": "声音。。。。"}, {"uid": "32736984", "content": "呀买碟"}, {"uid": "85333783", "content": "？？？"}, {"uid": "1808632", "content": "？？？？？"}, {"uid": "1808632", "content": "草"}, {"uid": "468567794", "content": "草"}, {"uid": "96782725", "content": "HSO"}, {"uid": "468567794", "content": "开幕雷击"}, {"uid": "468567794", "content": "草"}, {"uid": "255470077", "content": "卡了别叫 华为不卡（）"}, {"uid": "36725024", "content": "hso"}, {"uid": "2765171", "content": "？？？？"}, {"uid": "208228765", "content": "宕机"}, {"uid": "35131138", "content": "？"}, {"uid": "35131138", "content": "等下等下"}, {"uid": "12754387", "content": "kksk"}, {"uid": "171128408", "content": "草"}, {"uid": "17850931", "content": "惨"}, {"uid": "2296195", "content": "笑死卡死。"}, {"uid": "24567049", "content": "草"}, {"uid": "473071488", "content": "我也卡了"}, {"uid": "16982890", "content": "危"}, {"uid": "9027862", "content": "more"}, {"uid": "2246676", "content": "？"}, {"uid": "36751646", "content": "卧槽"}, {"uid": "30942159", "content": "洛克菲勒"}, {"uid": "2250015", "content": "xswl"}, {"uid": "13181790", "content": "我是个盲人  请问发生什么事情了"}, {"uid": "107160", "content": "西瓜车"}, {"uid": "433349314", "content": "哈哈哈"}, {"uid": "1329134303", "content": "茶死我了"}, {"uid": "5538467", "content": "hso"}, {"uid": "8403689", "content": "hso"}, {"uid": "11345070", "content": "啊这"}, {"uid": "8159304", "content": "草"}, {"uid": "628121727", "content": "牙白"}, {"uid": "93763311", "content": "草"}, {"uid": "672742714", "content": "会还好还好哈"}, {"uid": "672742714", "content": "哈哈哈"}, {"uid": "306973215", "content": "kksk"}, {"uid": "511001224", "content": "草"}, {"uid": "420378258", "content": "？"}, {"uid": "16564202", "content": "有点色"}, {"uid": "20865412", "content": "哈哈哈"}, {"uid": "85489078", "content": "西瓜人！"}, {"uid": "20109711", "content": "活埋阿"}, {"uid": "26876630", "content": "好惨"}, {"uid": "6898", "content": "hso"}, {"uid": "283210293", "content": "草"}, {"uid": "544299387", "content": "草"}, {"uid": "28966170", "content": "我不行了"}, {"uid": "4494836", "content": "草"}, {"uid": "36994898", "content": "啊啊啊啊"}, {"uid": "2763024", "content": "kale"}, {"uid": "19165506", "content": "哈哈"}, {"uid": "4360410", "content": "草"}, {"uid": "38917517", "content": "管显卡屁事？"}, {"uid": "391295427", "content": "草"}, {"uid": "8413797", "content": "hso"}, {"uid": "391295427", "content": "？？？"}, {"uid": "3589893", "content": "草"}, {"uid": "536873", "content": "？"}, {"uid": "319488158", "content": "草"}, {"uid": "2065198", "content": "我人呢"}, {"uid": "1423164", "content": "宕机"}, {"uid": "3549739", "content": "充满希望"}, {"uid": "255049074", "content": "没错，你卡了"}, {"uid": "1293623", "content": "草"}, {"uid": "179407797", "content": "hso"}, {"uid": "13541616", "content": "草"}, {"uid": "2971345", "content": "草"}, {"uid": "454119302", "content": "草"}, {"uid": "74511795", "content": "危"}, {"uid": "5014050", "content": "?????"}, {"uid": "1111819946", "content": "好难受"}, {"uid": "1111819946", "content": "卡了"}, {"uid": "23170778", "content": "hso"}, {"uid": "443037279", "content": "？？？？"}, {"uid": "488092130", "content": "？"}, {"uid": "499231260", "content": "此处BGM！"}, {"uid": "406110765", "content": "不不不，这绝对是anti"}, {"uid": "240328571", "content": "？"}, {"uid": "431433321", "content": "草"}, {"uid": "277582907", "content": "草"}, {"uid": "172818924", "content": "草"}, {"uid": "89669743", "content": "害"}, {"uid": "10408598", "content": "hso"}, {"uid": "542113543", "content": "？？？"}, {"uid": "246373857", "content": "恩了"}, {"uid": "14012596", "content": "？？？？？？"}, {"uid": "631458409", "content": "？"}, {"uid": "73660159", "content": "我卡了"}, {"uid": "367430203", "content": "???"}, {"uid": "89543", "content": "弱弱pc"}, {"uid": "454244896", "content": "?????"}, {"uid": "411311692", "content": "2:30"}, {"uid": "291076118", "content": "我不卡啊"}, {"uid": "14813518", "content": "淦"}, {"uid": "25744446", "content": "？？？"}, {"uid": "272484658", "content": "？"}, {"uid": "761122", "content": "？？？"}, {"uid": "36671164", "content": "???"}, {"uid": "10579112", "content": "草"}, {"uid": "3194642", "content": "草"}, {"uid": "245096746", "content": "もないよな"}, {"uid": "285057109", "content": "？"}, {"uid": "344390784", "content": "？？？"}, {"uid": "527327846", "content": "这……"}, {"uid": "29965257", "content": "hso"}, {"uid": "213888061", "content": "草"}, {"uid": "305617742", "content": "草"}, {"uid": "4161178", "content": "kksk"}, {"uid": "168250317", "content": "标  准  石  油  公  司"}, {"uid": "580506799", "content": "草"}, {"uid": "1846108", "content": "草笑死"}, {"uid": "107835065", "content": "草"}, {"uid": "677125268", "content": "冲"}, {"uid": "677125268", "content": "冲"}, {"uid": "307986221", "content": "我也卡了"}, {"uid": "88680410", "content": "弹幕加一"}, {"uid": "88680410", "content": "我是弹幕"}, {"uid": "2425256", "content": "害怕"}, {"uid": "3265209", "content": "倒垃圾"}, {"uid": "38046258", "content": "冲冲冲"}, {"uid": "64000094", "content": "哈哈哈哈哈"}, {"uid": "22866507", "content": "离谱"}, {"uid": "16528986", "content": "？？？？？"}, {"uid": "384697711", "content": "。"}, {"uid": "309481671", "content": "草"}, {"uid": "13138770", "content": "ykl!!!"}, {"uid": "179461703", "content": "危"}, {"uid": "189762370", "content": "？？？"}, {"uid": "13138770", "content": "爱你(ɔˆ ³(ˆ⌣ˆc)"}, {"uid": "189762370", "content": "草"}, {"uid": "189762370", "content": "草"}, {"uid": "429649", "content": "mua"}, {"uid": "360302885", "content": "不"}, {"uid": "181853025", "content": "草"}, {"uid": "181853025", "content": "来了"}, {"uid": "1677006217", "content": "草"}, {"uid": "39550401", "content": "草"}, {"uid": "298080990", "content": "草草"}, {"uid": "298080990", "content": "草"}, {"uid": "2941201", "content": "草"}, {"uid": "22214481", "content": "C"}, {"uid": "360302885", "content": "?"}, {"uid": "409133108", "content": "闭上眼睛听，不一样的快乐！"}, {"uid": "680544", "content": "？？？？"}, {"uid": "52850773", "content": "好可爱啊"}, {"uid": "179329818", "content": "？"}, {"uid": "3657234", "content": "卡死她了"}, {"uid": "10591741", "content": "草"}, {"uid": "263154", "content": "草"}, {"uid": "467785", "content": "鸡狗鸡狗鸡狗"}, {"uid": "701698", "content": "????"}, {"uid": "14254370", "content": "被钱淹没，不知所措"}, {"uid": "2014713", "content": "草"}, {"uid": "23002299", "content": "这是啥啊"}, {"uid": "221841366", "content": "wc"}, {"uid": "12835536", "content": "我去"}, {"uid": "4799594", "content": "卧槽"}, {"uid": "2648756", "content": "??"}, {"uid": "640121", "content": "？？？？？"}, {"uid": "87896682", "content": "弹幕还流畅一点"}, {"uid": "3927288", "content": "wo'w"}, {"uid": "468567794", "content": "hso"}, {"uid": "508533636", "content": "关注了"}, {"uid": "289534989", "content": "草"}, {"uid": "687998993", "content": "2333"}, {"uid": "255416360", "content": "草"}, {"uid": "515928555", "content": "？？？？？"}, {"uid": "385339683", "content": "草"}, {"uid": "12754387", "content": "hso"}, {"uid": "224610609", "content": "这？"}, {"uid": "30162874", "content": "hso"}, {"uid": "354120166", "content": "草"}, {"uid": "354120166", "content": "草"}, {"uid": "348694693", "content": "危"}, {"uid": "74173597", "content": "hso"}, {"uid": "57019199", "content": "hso"}, {"uid": "52950904", "content": "闭上眼睛"}, {"uid": "416200586", "content": "操"}, {"uid": "53085954", "content": "卧槽"}, {"uid": "23658275", "content": "卧槽"}]