[{"uid": "642368", "content": "好专业的样子！"}, {"uid": "23001624", "content": "线下活动？"}, {"uid": "23506796", "content": "我永远喜欢尤卡里！！！！"}, {"uid": "71545650", "content": "开始我以为使徒来了"}, {"uid": "249008376", "content": "这是我家煮饭婆，大家认识一下"}, {"uid": "179461703", "content": "我永远喜欢尤卡里！！！！"}, {"uid": "17177902", "content": "这一段的剪辑是真的专业。。。。"}, {"uid": "179461703", "content": "我们家的饭（狗头）"}, {"uid": "179461703", "content": "不行啊你们，就我一个狂粉"}, {"uid": "644196", "content": "等了都快半年了。。。"}, {"uid": "644196", "content": "再看一遍这段还是超级涩"}, {"uid": "44697176", "content": "料理！料理！料理！"}, {"uid": "27179741", "content": "要来了！！！"}, {"uid": "226654234", "content": "无 人 区"}, {"uid": "13138770", "content": "最爱ykl!"}, {"uid": "179461703", "content": "想看飞鸟美人群画"}, {"uid": "226654234", "content": "ykl煮饭婆超级棒"}, {"uid": "179461703", "content": "太贤惠了ykl"}, {"uid": "33192701", "content": "好耶，新皮肤"}, {"uid": "1479213", "content": "很不错的剪辑"}, {"uid": "307315372", "content": "不错"}, {"uid": "468567794", "content": "来了来了"}, {"uid": "44697176", "content": "ohhhhhhhh"}, {"uid": "24991701", "content": "kksk"}, {"uid": "226654234", "content": "期待新衣装！"}, {"uid": "179461703", "content": "馋了馋了"}, {"uid": "33192701", "content": "ykl foo foo!!"}, {"uid": "1759197", "content": "来了"}, {"uid": "114964846", "content": "ohhhhhhhhhhhhhhhh"}, {"uid": "24991701", "content": "kksk"}, {"uid": "494145454", "content": "好棒！"}, {"uid": "179461703", "content": "ohhhh"}, {"uid": "494145454", "content": "狂粉来了"}, {"uid": "17177902", "content": "轻拢慢捻抹复挑，初为霓裳后六幺"}, {"uid": "30462482", "content": "你们不对劲"}, {"uid": "23001624", "content": "eva风"}, {"uid": "1616572", "content": "已经要新衣服了啊"}, {"uid": "20865617", "content": "乌冬面"}, {"uid": "226654234", "content": "可爱ykl可爱"}, {"uid": "2450682", "content": "好耶"}, {"uid": "226654234", "content": "好耶！"}, {"uid": "494145454", "content": "来了ykl"}, {"uid": "23001624", "content": "好看"}, {"uid": "357787648", "content": "好耶"}, {"uid": "226654234", "content": "笨 ykl 笨"}, {"uid": "226654234", "content": "看饿了"}, {"uid": "7344688", "content": "群新人来报个到"}, {"uid": "13138770", "content": "suki suki suki suki!"}, {"uid": "494145454", "content": "好耶！"}, {"uid": "179461703", "content": "我家煮饭婆真棒"}, {"uid": "1699219", "content": "草"}, {"uid": "50209405", "content": "好耶！"}, {"uid": "357787648", "content": "好耶"}, {"uid": "357787648", "content": "好耶"}, {"uid": "226654234", "content": "要来了"}, {"uid": "494145454", "content": "好！"}, {"uid": "24991701", "content": "好耶！"}, {"uid": "179461703", "content": "太棒了！"}, {"uid": "442050458", "content": "ohhhhhhhhhhh"}, {"uid": "1788946", "content": "いいね"}, {"uid": "1284494", "content": "里人格"}, {"uid": "4661588", "content": "草"}, {"uid": "20865617", "content": "好看"}, {"uid": "528798234", "content": "好耶"}, {"uid": "18253454", "content": "好耶"}, {"uid": "226654234", "content": "很好看"}, {"uid": "226654234", "content": "ykl好耶"}, {"uid": "249008376", "content": "很好看!"}, {"uid": "4661588", "content": "老婆！"}, {"uid": "256078164", "content": "冒个泡"}, {"uid": "5929658", "content": "味正"}, {"uid": "20865617", "content": "好耶"}, {"uid": "642368", "content": "草"}, {"uid": "355955", "content": "赛马娘？"}, {"uid": "494145454", "content": "\\ykl/!"}, {"uid": "24991701", "content": "kksk"}, {"uid": "226654234", "content": "好耶"}, {"uid": "20865617", "content": "ykl"}, {"uid": "512770", "content": "好耶"}, {"uid": "94789940", "content": "好耶"}, {"uid": "39206644", "content": "\\ykl/\\ykl/\\ykl/"}, {"uid": "39206644", "content": "\\ykl/\\ykl/\\ykl/\\ykl/\\ykl/\\ykl/\\ykl/\\ykl/"}, {"uid": "333803111", "content": "\\ykl/\\ykl/\\ykl/\\ykl/\\ykl/\\ykl/\\ykl/\\ykl/"}, {"uid": "266360", "content": "\\ykl/\\ykl/\\ykl/\\ykl/\\ykl/\\ykl/\\ykl/\\ykl/"}, {"uid": "11070957", "content": "\\ykl/\\ykl/\\ykl/\\ykl/\\ykl/\\ykl/\\ykl/\\ykl/"}, {"uid": "114964846", "content": "\\ykl/\\ykl/\\ykl/\\ykl/\\ykl/\\ykl/\\ykl/\\ykl/\\ykl/\\ykl/\\ykl/\\ykl/\\ykl/\\ykl/"}, {"uid": "114964846", "content": "\\ykl/\\ykl/\\ykl/\\ykl/\\ykl/\\ykl/\\ykl/\\ykl/"}, {"uid": "114964846", "content": "\\ykl/\\ykl/\\ykl/\\ykl/\\ykl/\\ykl/\\ykl/\\ykl/\\ykl/\\ykl/\\ykl/"}, {"uid": "23001624", "content": "噢噢噢噢噢噢噢噢噢噢噢噢噢噢噢噢哦哦哦"}, {"uid": "382910589", "content": "\\ykl/\\ykl/\\ykl/\\ykl/\\ykl/\\ykl/\\ykl/\\ykl/"}, {"uid": "477457261", "content": "\\ykl/\\ykl/\\ykl/\\ykl/\\ykl/\\ykl/\\ykl/\\ykl/​"}, {"uid": "477457261", "content": "\\ykl/\\ykl/\\ykl/\\ykl/\\ykl/\\ykl/\\ykl/\\ykl/​"}, {"uid": "13244245", "content": "\\ykl/\\ykl/\\ykl/\\ykl/\\ykl/\\ykl/\\ykl/\\ykl/\\ykl/\\ykl/"}, {"uid": "13244245", "content": "\\ykl/\\ykl/\\ykl/\\ykl/\\ykl/\\ykl/\\ykl/\\ykl/\\ykl/\\ykl/"}, {"uid": "13244245", "content": "\\ykl/\\ykl/\\ykl/\\ykl/\\ykl/\\ykl/\\ykl/\\ykl/\\ykl/\\ykl/"}, {"uid": "226654234", "content": "\\ykl/\\ykl/\\ykl/\\ykl/"}, {"uid": "226654234", "content": "\\ykl/\\ykl/\\ykl/\\ykl/\\ykl/\\ykl/"}, {"uid": "44697176", "content": "\\ykl/\\ykl/\\ykl/\\ykl/\\ykl/\\ykl/\\ykl/\\ykl/\\ykl/"}, {"uid": "44697176", "content": "\\ykl/\\ykl/\\ykl/\\ykl/\\ykl/\\ykl/\\ykl/\\ykl/\\ykl/"}, {"uid": "44697176", "content": "\\ykl/\\ykl/\\ykl/"}, {"uid": "44697176", "content": "\\ykl/\\ykl/\\ykl/\\ykl/\\ykl/\\ykl/\\ykl/\\ykl/\\ykl/"}, {"uid": "179461703", "content": "\\ykl/\\ykl/\\ykl/\\ykl/"}, {"uid": "179461703", "content": "\\ykl/\\ykl/\\ykl/\\ykl/"}, {"uid": "13244245", "content": "\\ykl/\\ykl/\\ykl/\\ykl/\\ykl/"}, {"uid": "13244245", "content": "\\ykl/\\ykl/\\ykl/\\ykl/\\ykl/\\ykl/"}, {"uid": "477702546", "content": "\\ykl/\\ykl/\\ykl/\\ykl/\\ykl/\\ykl/\\ykl/\\ykl/\\ykl/​"}, {"uid": "226654234", "content": "\\ykl/\\ykl/\\ykl/\\ykl/\\ykl/"}, {"uid": "226654234", "content": "\\ykl/\\ykl/\\ykl/"}, {"uid": "226654234", "content": "\\ykl/\\ykl/\\ykl/\\ykl/\\ykl/"}, {"uid": "13138770", "content": "\\ykl/\\ykl/\\ykl/\\ykl/\\ykl/\\ykl/\\ykl/\\ykl/ ​"}, {"uid": "13138770", "content": "\\ykl/\\ykl/\\ykl/\\ykl/\\ykl/\\ykl/\\ykl/\\ykl/ ​"}, {"uid": "13138770", "content": "[置顶]\\ykl/\\ykl/\\ykl/\\ykl/\\ykl/\\ykl/\\ykl/\\ykl/ ​"}, {"uid": "13138770", "content": "\\ykl/\\ykl/\\ykl/\\ykl/\\ykl/\\ykl/\\ykl/\\ykl/ ​"}, {"uid": "266535420", "content": "\\ykl/\\ykl/\\ykl/\\ykl/\\ykl/\\ykl/\\ykl/\\ykl/​"}, {"uid": "24991701", "content": "\\ykl/\\ykl/\\ykl/\\ykl/\\ykl/\\ykl/\\ykl/\\ykl/​"}, {"uid": "266535420", "content": "\\ykl/\\ykl/\\ykl/\\ykl/\\ykl/\\ykl/\\ykl/\\ykl/​"}, {"uid": "24991701", "content": "\\ykl/\\ykl/\\ykl/\\ykl/\\ykl/\\ykl/\\ykl/\\ykl/​"}, {"uid": "266535420", "content": "\\ykl/\\ykl/\\ykl/\\ykl/\\ykl/\\ykl/\\ykl/\\ykl/​"}, {"uid": "750656", "content": "\\ykl/\\ykl/\\ykl/\\ykl/\\ykl/\\ykl/\\ykl/\\ykl/"}, {"uid": "24991701", "content": "\\ykl/\\ykl/\\ykl/\\ykl/\\ykl/\\ykl/\\ykl/\\ykl/​"}, {"uid": "226654234", "content": "\\ykl/\\ykl/\\ykl/\\ykl/"}, {"uid": "33192701", "content": "\\ykl/\\ykl/\\ykl/\\ykl/"}, {"uid": "33192701", "content": "\\ykl/\\ykl/\\ykl/\\ykl/\\ykl/\\ykl/\\ykl/\\ykl/"}, {"uid": "29990327", "content": "\\ykl/\\ykl/\\ykl/\\ykl/​\\ykl/\\ykl/\\ykl/\\ykl/​"}, {"uid": "774664", "content": "\\ykl/\\ykl/\\ykl/\\ykl/\\ykl/\\ykl/\\ykl/\\ykl/"}, {"uid": "945802", "content": "\\ykl/\\ykl/\\ykl/\\ykl/\\ykl/"}, {"uid": "190532002", "content": "\\ykl/\\ykl/\\ykl/\\ykl/\\ykl/\\ykl/\\ykl/\\ykl/ ​"}, {"uid": "30462482", "content": "\\ykl/\\ykl/\\ykl/\\ykl/\\ykl/\\ykl/\\ykl/\\ykl/"}, {"uid": "400829971", "content": "\\ykl/\\ykl/\\ykl/\\ykl/\\ykl/\\ykl/\\ykl/\\ykl/"}, {"uid": "24991701", "content": "\\ykl/\\ykl/\\ykl/\\ykl/​"}, {"uid": "400829971", "content": "\\ykl/\\ykl/\\ykl/\\ykl/\\ykl/\\ykl/\\ykl/\\ykl/"}, {"uid": "179461703", "content": "\\ykl/\\ykl/\\ykl/\\ykl/"}, {"uid": "400829971", "content": "\\ykl/\\ykl/\\ykl/\\ykl/\\ykl/\\ykl/\\ykl/\\ykl/"}, {"uid": "382910589", "content": "\\ykl/\\ykl/\\ykl/\\ykl/\\ykl/\\ykl/\\ykl/\\ykl/"}, {"uid": "226654234", "content": "\\ykl/\\ykl/\\ykl/\\ykl/\\ykl/\\ykl/\\ykl/\\ykl/"}, {"uid": "226654234", "content": "\\ykl/\\ykl/\\ykl/\\ykl/\\ykl/\\ykl/\\ykl/\\ykl/"}, {"uid": "226654234", "content": "\\ykl/\\ykl/\\ykl/\\ykl/\\ykl/\\ykl/\\ykl/\\ykl/"}, {"uid": "249008376", "content": "\\ykl/\\ykl/\\ykl/\\ykl/​"}]