[{"uid": "104353618", "content": "不要停下来啊！"}, {"uid": "104353618", "content": "完  全  胜  利"}, {"uid": "104353618", "content": "飞鸟尤卡里 中弹身亡"}, {"uid": "271238051", "content": "无缝衔接"}, {"uid": "173098587", "content": "草"}, {"uid": "38683940", "content": "生草不能停下来"}, {"uid": "16129797", "content": "不，你是龙王"}, {"uid": "400829971", "content": "开幕雷击"}, {"uid": "7473228", "content": "一个预告这么长草"}, {"uid": "91560428", "content": "团长：？？"}, {"uid": "75076", "content": "这个staff表 草"}, {"uid": "75076", "content": "完 全 胜 利"}, {"uid": "1997896", "content": "太草了"}, {"uid": "34979531", "content": "血（指各种故障）"}, {"uid": "34979531", "content": "DNA转录"}, {"uid": "34979531", "content": "完 全 胜 利（期待谢罪）"}, {"uid": "7473228", "content": "超级塑料翻译"}, {"uid": "7473228", "content": "豪华直播预告草"}, {"uid": "3549739", "content": "看成界限化歌会"}, {"uid": "104353618", "content": "不要停下来啊！（指谢罪）"}, {"uid": "37051501", "content": "开幕迫害"}, {"uid": "37083032", "content": "ん？"}, {"uid": "35565671", "content": "不要停下来啊！"}, {"uid": "7473228", "content": "只还只是个开头"}, {"uid": "7473228", "content": "不要停下来啊！！！"}, {"uid": "1437754", "content": "只要不停的D下去 道路就会不断延伸"}, {"uid": "1997896", "content": "为什么只有啊是另一个字体啊"}, {"uid": "34979531", "content": "开幕雷击"}, {"uid": "35343614", "content": "草"}, {"uid": "945802", "content": " 草"}, {"uid": "23001624", "content": "不要停下来啊！"}, {"uid": "104353618", "content": "ヾ(✿ﾟ▽ﾟ)ノ"}, {"uid": "104353618", "content": "不要停下来啊"}, {"uid": "104353618", "content": "止まるんじゃねぇぞ"}, {"uid": "241880", "content": "草"}, {"uid": "38683940", "content": "好家伙"}, {"uid": "7473228", "content": "好家伙"}, {"uid": "291202284", "content": "草 好活"}, {"uid": "91560428", "content": "不要停下来啊！！"}, {"uid": "2060087", "content": "不要停下来啊"}, {"uid": "104353618", "content": "耐久谢罪回"}, {"uid": "104353618", "content": "草全是DD"}, {"uid": "104353618", "content": "草"}, {"uid": "104353618", "content": "ゆかり、、、ゆかり、、、寂しい"}, {"uid": "2941201", "content": "带制作"}, {"uid": "7473228", "content": "来了来了"}, {"uid": "30462482", "content": "谢罪  拜托了 DD"}, {"uid": "38258587", "content": "不要停下来啊"}, {"uid": "17177902", "content": "kimoの花~~"}, {"uid": "3549739", "content": "完全胜利"}, {"uid": "104353618", "content": "好家伙"}, {"uid": "104353618", "content": "我还D得挺多的嘛"}, {"uid": "15799035", "content": "止まるんやねえぞ"}, {"uid": "400829971", "content": "草"}, {"uid": "75076", "content": "是耐久 好耶（？"}, {"uid": "291202284", "content": "不要停下来啊"}, {"uid": "21517523", "content": "(°∀°)ﾉ"}, {"uid": "3916674", "content": "ん?"}, {"uid": "104353618", "content": "生草机"}, {"uid": "104353618", "content": "燃起来了"}, {"uid": "104353618", "content": "草"}, {"uid": "104353618", "content": "燃起来了"}, {"uid": "104353618", "content": "ゆかり、、、ゆかり、、、寂しい"}, {"uid": "6811048", "content": "草"}, {"uid": "27179741", "content": "草"}, {"uid": "7473228", "content": "燃烧预告"}, {"uid": "7473228", "content": "魔鬼staff表"}, {"uid": "400829971", "content": "草"}, {"uid": "7473228", "content": "DD公主好"}, {"uid": "30462482", "content": "来了"}, {"uid": "3301195", "content": "来了！"}, {"uid": "104353618", "content": "wwwww"}, {"uid": "104353618", "content": "草"}, {"uid": "104353618", "content": "不要停下来啊"}, {"uid": "104353618", "content": "ゆかり、、、ゆかり、、、寂しい"}, {"uid": "6348644", "content": "草"}, {"uid": "400829971", "content": "草草"}, {"uid": "7473228", "content": "一转"}, {"uid": "17177902", "content": "可惜不是山茶花配团长，樱花配dd"}, {"uid": "227293829", "content": "草"}, {"uid": "13953912", "content": "草"}, {"uid": "34979531", "content": "DD公主！"}, {"uid": "7473228", "content": "来了"}, {"uid": "23001624", "content": "草"}, {"uid": "23001624", "content": "草"}, {"uid": "104353618", "content": "草草草"}, {"uid": "104353618", "content": "好耶"}, {"uid": "20353893", "content": "草"}, {"uid": "27179741", "content": "不要停下来啊"}, {"uid": "11356366", "content": "草"}, {"uid": "9643544", "content": "草"}, {"uid": "47016887", "content": "草"}, {"uid": "945802", "content": "草"}, {"uid": "700029512", "content": "草wwwwww"}, {"uid": "104353618", "content": "真的吗"}, {"uid": "104353618", "content": "草草草"}, {"uid": "104353618", "content": "草草草"}, {"uid": "37051501", "content": "草"}, {"uid": "400829971", "content": "草草"}, {"uid": "400829971", "content": "草"}, {"uid": "295708", "content": "草"}, {"uid": "68060881", "content": "草"}, {"uid": "3885523", "content": "草"}, {"uid": "21517523", "content": "www"}, {"uid": "8665575", "content": "草"}, {"uid": "700029512", "content": "草wwwwww"}, {"uid": "30462482", "content": "草"}]