[{"uid": "1631568449", "content": "我已经开始笑了23333"}, {"uid": "621768440", "content": "......"}, {"uid": "687998993", "content": "？？？？"}, {"uid": "1997896", "content": "太草了"}, {"uid": "7473228", "content": "麻了"}, {"uid": "7473228", "content": "草"}, {"uid": "774664", "content": "草 就知道"}, {"uid": "400829971", "content": "不愧是你尤卡里"}, {"uid": "400829971", "content": "我DNA动了"}, {"uid": "54317344", "content": "有意思ma？"}, {"uid": "400829971", "content": "草"}, {"uid": "434780627", "content": "就这？"}, {"uid": "242193808", "content": "这什么奇怪的活。。"}, {"uid": "85308933", "content": "新活好整"}, {"uid": "400829971", "content": "开幕雷击"}, {"uid": "48414208", "content": "果然是这个"}, {"uid": "468567794", "content": "草"}, {"uid": "126196", "content": "文艺复兴"}, {"uid": "46989751", "content": "哈哈哈哈哈哈"}, {"uid": "6519953", "content": "吔"}, {"uid": "3885523", "content": "来了来了来了"}, {"uid": "27636715", "content": "草？？？？"}, {"uid": "252552936", "content": "草草"}, {"uid": "26649", "content": "不愧是你"}, {"uid": "15672782", "content": "哈哈"}, {"uid": "7172219", "content": "？？？？？"}, {"uid": "400829971", "content": "啊这"}, {"uid": "3885523", "content": "草"}, {"uid": "424613709", "content": "草"}, {"uid": "14112487", "content": "草"}, {"uid": "32278234", "content": "草"}, {"uid": "2290738", "content": "草"}, {"uid": "249008376", "content": "草"}, {"uid": "343801624", "content": "草"}, {"uid": "507702189", "content": "草"}, {"uid": "30462482", "content": "草"}, {"uid": "21198922", "content": "草"}, {"uid": "400829971", "content": "草"}]