[{"uid": "30653114", "content": "好家伙一来就几个卷舌"}, {"uid": "364623366", "content": "到er着实在忍不住了，哈哈哈哈哈"}, {"uid": "1459089596", "content": "问一下在座的各位，拼音输入法里的V有何用？「doge」"}, {"uid": "105090391", "content": "前面那个勉强回的，日语里的勉强是学习的意思啦"}, {"uid": "1198119205", "content": "草，日本人又用片假名学外语，"}, {"uid": "401968757", "content": "估计在学下去说话都是问题了"}, {"uid": "354487054", "content": "这里有些人多久没用“儿”（er）话音了？"}, {"uid": "431876068", "content": "前方0.5倍，你会感谢我的"}, {"uid": "90566328", "content": "学前班的拼音课，梦回童年"}, {"uid": "395082307", "content": "哈哈哈这个日语口音"}, {"uid": "17411395", "content": "发i的音，然后嘴逐渐变圆"}, {"uid": "321229153", "content": "我已经不知道原本发音了"}, {"uid": "5242940", "content": "你自己按发音规则读一个试试，人家这个读法是很正规的"}, {"uid": "330183367", "content": "英文拼音才是真的难 因为和单词都不对应的屁用没有"}, {"uid": "471097670", "content": "好家伙，真的那么难嘛"}, {"uid": "11138597", "content": "←宫弓工公gong"}, {"uid": "3182442", "content": "确实，这个教程教er的方法相当好"}, {"uid": "3182442", "content": "哈哈哈哈啊哈哈哈嗷呜～～～"}, {"uid": "287526382", "content": "中间下面，“云”和“约”的韵母"}, {"uid": "3333545", "content": "完了，忘記原來咋唸了"}, {"uid": "10610167", "content": "哈哈哈哈哈"}, {"uid": "4796314", "content": "学国际音标就懂了"}, {"uid": "42597536", "content": "嘴都不跟着动，还想学。。。"}, {"uid": "36219307", "content": "中文拼音汉字要一个个不能急的"}, {"uid": "282515064", "content": "诶…客气客气"}, {"uid": "26550021", "content": "阿巴阿巴阿巴"}, {"uid": "44599651", "content": "哈哈哈，嗷呜～"}, {"uid": "43189173", "content": "有一说一教得还挺好的"}, {"uid": "36886517", "content": "一次看这么多肯定害怕啊，我小时候学也是一天学几个的"}, {"uid": "12844698", "content": "假名辅助发音可还行"}, {"uid": "261300", "content": "想当年可是半个学期都是学拼音"}, {"uid": "33915812", "content": "哈哈哈哈哈哈哈哈哈"}, {"uid": "30335145", "content": "北宅！"}, {"uid": "563049294", "content": "慢慢来吧，我们也学了好多年的中文呢"}, {"uid": "27669045", "content": "这样学差不多4年就能交流了"}, {"uid": "32231572", "content": "我都忘了怎么读了2333"}, {"uid": "259608997", "content": "发成ゆ了哈哈哈"}, {"uid": "259608997", "content": "速   成"}, {"uid": "1957464", "content": "草，op的调子是爱河？"}, {"uid": "525108612", "content": "像极了我背五十音的样子"}, {"uid": "2837874", "content": "左下角嘴唇就基本一个样哈哈哈"}, {"uid": "27701255", "content": "勉  强  会"}, {"uid": "8280165", "content": "一进来就阿巴阿巴"}, {"uid": "10551636", "content": "哎"}, {"uid": "295268144", "content": "是这么读的吗？"}, {"uid": "37006542", "content": "淦，我一张口就是英文字母"}, {"uid": "302408952", "content": "我也忘了怎么念，因为基本只有一年级教过。。。"}, {"uid": "53683789", "content": "草，你都没读，"}, {"uid": "5043517", "content": "日语里外来词都是用片假名啊"}, {"uid": "11185693", "content": "ong是什么鬼，我学的怕是假中文"}, {"uid": "3333545", "content": "然後日語也忘記了就好玩了"}, {"uid": "55396505", "content": "熟练了之后也不用那么复杂"}, {"uid": "3182442", "content": "50音当然比这个简单啊，50音才5个韵母"}, {"uid": "370514535", "content": "所以学英语也是用片假名吗（笑）"}, {"uid": "370514535", "content": "下面中间那俩是啥？"}, {"uid": "5620028", "content": "说实话，我今天突然觉得拼音太特么复杂了，当初能学会简直是个奇迹。。。。。"}, {"uid": "12113293", "content": "勉强会还行hhh"}, {"uid": "15608300", "content": "看到vup学中文，那一定是真的付出，关注了"}, {"uid": "410737761", "content": "y1s1我差不多把拼音忘完了"}, {"uid": "21432636", "content": "窝 那是wo，你记错了"}, {"uid": "88771559", "content": "重返小学幼儿园"}, {"uid": "289591081", "content": "我第一次接触五十音也是这个表情"}, {"uid": "10320770", "content": "哈哈哈哈，好可爱"}, {"uid": "7935430", "content": "幼儿园就开始学的表示确实是拼音"}, {"uid": "80338", "content": "e都发布出来，发翘舌音是要她命啊"}, {"uid": "80338", "content": "耳的音啊，怎么没有，他发的一声而已"}, {"uid": "354555692", "content": "中文勉强会，没毛病"}, {"uid": "82289699", "content": "不太聪明的样子"}, {"uid": "53046141", "content": "我怎么不记得有这个？？？"}, {"uid": "3383541", "content": "北宅好诶"}, {"uid": "121212", "content": "哈哈哈哈哈"}, {"uid": "34959019", "content": "？？？？？"}, {"uid": "39837322", "content": "哈哈，差不多对一个"}, {"uid": "472967813", "content": "日语的勉强就死学习的意思"}, {"uid": "8280165", "content": "阿巴阿巴阿巴"}, {"uid": "400829971", "content": "草"}, {"uid": "30653114", "content": "二，尔，耳儿都是er"}, {"uid": "30653114", "content": "魔鬼卷舌音"}, {"uid": "472410360", "content": "回收开头"}, {"uid": "19719912", "content": "o的发音听说两种都对，南北差异"}, {"uid": "553953123", "content": "打“女”时用V懂了吗？"}, {"uid": "1369508223", "content": "搞不好以外在学佛经"}, {"uid": "473023455", "content": "干嘛"}, {"uid": "474848733", "content": "这是ao的）"}, {"uid": "297416427", "content": "ong不应该读wong吗"}, {"uid": "184458172", "content": "看歪果仁学中文是一种享受"}, {"uid": "42853405", "content": "这个是真的蓝"}, {"uid": "1967011347", "content": "不是不是这个o是有三种读法的"}, {"uid": "627175727", "content": "这不是幼儿园的吗"}, {"uid": "105062290", "content": "有些都读成英语的了"}, {"uid": "287526382", "content": "这个是韵母，不是声母吧"}, {"uid": "53683789", "content": "就是这么读的啊，很标准"}, {"uid": "164104544", "content": "口水"}, {"uid": "3333545", "content": "戰術喝水，哈哈哈"}, {"uid": "3333545", "content": "這一個都不對。。。"}, {"uid": "340961822", "content": "直接晕（un）了→"}, {"uid": "216178994", "content": "很抱歉以这种方式认识你"}, {"uid": "5620028", "content": "前面的，我现在感觉50音都比这个简单2333"}, {"uid": "26767612", "content": "哈哈哈"}, {"uid": "14362084", "content": "得er得er得得得得得得er"}, {"uid": "1616572", "content": "诶，在呢在呢"}, {"uid": "493725399", "content": "。？？？？"}, {"uid": "156527431", "content": "小学也花了一年学"}, {"uid": "1520997", "content": "这教程太仔细了。保姆级教程"}, {"uid": "128108", "content": "我差点以为是八美肉"}, {"uid": "20626299", "content": "哈哈哈哈哈"}, {"uid": "2571448", "content": "劝退90%日本人的翘舌音"}, {"uid": "7473228", "content": "阿巴阿巴阿巴阿巴阿巴"}, {"uid": "2138633800", "content": "开始混沌化"}, {"uid": "490815669", "content": "说的一口流利的中文awa"}, {"uid": "295268144", "content": "有这个uei拼音吗？"}, {"uid": "496847911", "content": "我就记得我背过拼音顺口溜"}, {"uid": "406148460", "content": "小混沌？ 啊吧啊吧吧吧"}, {"uid": "68373614", "content": "不是一直在阿巴啊巴吗"}, {"uid": "90566328", "content": "差不多对了耶"}, {"uid": "524395939", "content": "二哈返祖"}, {"uid": "34629627", "content": "师傅别念了"}, {"uid": "515557428", "content": "        勉强会↓"}, {"uid": "15312366", "content": "真的有vn(晕)的发音吗，忘了"}, {"uid": "244286768", "content": "诶乖女儿"}, {"uid": "164104544", "content": "总之就是非常可爱"}, {"uid": "88073399", "content": "小时候学的是窝，最近才知道是欧"}, {"uid": "310592556", "content": "阿巴巴阿巴巴阿巴阿巴"}, {"uid": "23001624", "content": "草"}, {"uid": "394079295", "content": "哭起来一定很可爱吧！"}, {"uid": "14652971", "content": "后鼻音直接变长音  秀"}, {"uid": "26767612", "content": "师父别念了"}, {"uid": "26767612", "content": "阿巴阿巴阿巴"}, {"uid": "95306243", "content": "后翘舌难到很多日本人"}, {"uid": "36205712", "content": "wwwwwwwwww"}, {"uid": "233732", "content": "老师挺帅的啊"}, {"uid": "2384887", "content": "哎，平翘舌前后鼻音我自己都没搞懂过"}, {"uid": "484962133", "content": "你到是跟着读呀"}, {"uid": "94495846", "content": "草，我DNA动了"}, {"uid": "21230541", "content": "呜呜呜呜"}, {"uid": "9873156", "content": "翘舌音打击！"}, {"uid": "87937227", "content": "我很可爱 请给我钱"}, {"uid": "87937227", "content": "笑曰了"}, {"uid": "8280165", "content": "慢慢学吧，没事"}, {"uid": "65808575", "content": "哈哈哈太可爱了"}, {"uid": "279333", "content": "挺准的+1"}, {"uid": "30399310", "content": "ong=ung"}, {"uid": "295268144", "content": "那个？为什么代表了两个拼音？"}, {"uid": "459859", "content": "えい"}, {"uid": "285429088", "content": "“云”啊"}, {"uid": "186702565", "content": "这不是比较准吗"}, {"uid": "5919282", "content": "这发音？完了都忘了"}, {"uid": "339023852", "content": "拼音真的有iu这个东西吗"}, {"uid": "29243520", "content": "牙白"}, {"uid": "207759237", "content": "直接识字的话就不用写拼音了 "}, {"uid": "4604144", "content": "草，这教学是假的吗"}, {"uid": "13394574", "content": "哈哈哈憨憨"}, {"uid": "507702189", "content": "啊吧"}, {"uid": "242686", "content": "o我记得念窝啊，怎么念欧了？"}, {"uid": "36886517", "content": "贡献弹幕"}, {"uid": "264456739", "content": "说动动嘴啊"}, {"uid": "613999703", "content": "草，我已经忘了拼音怎么读了"}, {"uid": "721375", "content": "啊叭叭叭"}, {"uid": "7153723", "content": "这教程厉害阿"}, {"uid": "29049411", "content": "这发音。。。我也不懂了"}, {"uid": "15163348", "content": "好可爱"}, {"uid": "22588530", "content": "草，日本人又用片假名学外语，"}, {"uid": "2571448", "content": "爸爸在"}, {"uid": "291694715", "content": "awsl"}, {"uid": "27808050", "content": "嗷呜～"}, {"uid": "636529528", "content": "？"}, {"uid": "272496967", "content": "好可爱呜呜呜呜呜呜"}, {"uid": "295268144", "content": "这是什么？"}, {"uid": "431276903", "content": "阿巴阿巴阿巴巴巴巴巴"}, {"uid": "1839011815", "content": " 作为中国人，老祖宗的东西还没学会。"}, {"uid": "11138597", "content": "←旧就救舅jiu"}, {"uid": "8145401", "content": "哈哈哈哈哈哈哈er？？？？"}, {"uid": "237214938", "content": "我小学都学了好久"}, {"uid": "438535929", "content": "阿巴阿巴阿巴"}, {"uid": "5620028", "content": "老师是个大帅B啊~"}, {"uid": "53317387", "content": "第二个就不对啊 窝"}, {"uid": "32477108", "content": "ゆ"}, {"uid": "32477108", "content": "50音比这个简单吧"}, {"uid": "27179741", "content": "阿巴阿巴阿巴阿巴阿巴"}, {"uid": "26767612", "content": "唉"}, {"uid": "26767612", "content": "嗷呜"}, {"uid": "354237247", "content": " u上面加俩点就是v啊！你没发现中国拼音没有v吗？但是我们一般不好用就是了，也不写做v，都是u"}, {"uid": "736932", "content": "哈哈哈"}, {"uid": "8702955", "content": "阿巴阿巴？"}, {"uid": "383061847", "content": "看前我还会，看后我不会了"}, {"uid": "1854537", "content": "这个音不是读喔吗？啊喔额一无于"}, {"uid": "1771862", "content": "不是啊哦额么 怎么成啊欧额了"}, {"uid": "341536", "content": "看得日语都要忘了"}, {"uid": "915844", "content": "哈哈哈哈哈哈"}, {"uid": "872047", "content": "上手上手！"}, {"uid": "423172792", "content": "su"}, {"uid": "91663645", "content": "好可爱"}, {"uid": "7661198", "content": "u1s1 很多我也不知道咋读了 "}, {"uid": "169538824", "content": "等等，这拼音真的没错？"}, {"uid": "20626299", "content": "哈哈哈"}, {"uid": "21230541", "content": "憨憨"}, {"uid": "9251627", "content": "污和う还是有差别的"}, {"uid": "9065270", "content": "ahu"}, {"uid": "27179741", "content": "好！"}, {"uid": "4661588", "content": "wwwww"}, {"uid": "430112568", "content": "草"}, {"uid": "54317344", "content": "笑死"}, {"uid": "30653114", "content": "读音应该是口音问题不够标准"}, {"uid": "2138633800", "content": "萌田薰子？"}, {"uid": "284137392", "content": "yue"}, {"uid": "279333", "content": "我儿子老师教的也是欧了，我也觉得奇怪，可能是改了吧"}, {"uid": "295268144", "content": "ei不是读誒吗？为什么是A？"}, {"uid": "39514744", "content": "你们怕不是学了假中文，ou才是欧的音，英文里面o才发欧"}, {"uid": "34629627", "content": "ong？？？？？"}, {"uid": "396778253", "content": "無极烧烤店开张啦啊哈哈哈哈！！！！！！"}, {"uid": "16185129", "content": "勉强会的意思是学习会、、、那个是日语不是中文"}, {"uid": "613601224", "content": "可爱"}, {"uid": "3333545", "content": "。。。。。"}, {"uid": "702466514", "content": "傻了"}, {"uid": "14813518", "content": "？？？怎么我也不会了"}, {"uid": "101303", "content": "笑死 连ui是uei的简写都不知道还在这儿装懂呢"}, {"uid": "703233701", "content": "啊吧啊吧啊吧啊吧？"}, {"uid": "19511138", "content": "有这么多吗？难道我小学学的假的？"}, {"uid": "673659303", "content": "呆胶布跌死"}, {"uid": "13394574", "content": "s傻夫夫的"}, {"uid": "364457508", "content": "唉"}, {"uid": "403327961", "content": "来了"}, {"uid": "234584532", "content": "肯定有错的"}, {"uid": "129316044", "content": "听着听着，我拼音都不会了"}, {"uid": "1813310", "content": "o(窝)"}, {"uid": "166184", "content": "阿巴阿巴阿巴"}, {"uid": "71545650", "content": "阿巴阿爸"}, {"uid": "649577434", "content": "阿巴巴巴巴巴巴巴巴..."}, {"uid": "109406832", "content": "hshshshso"}, {"uid": "82289699", "content": "一个一个来"}, {"uid": "9065270", "content": "嗷呜"}, {"uid": "454043773", "content": "我趣好可爱"}, {"uid": "3218282", "content": "草"}, {"uid": "543947819", "content": "老小哥了"}, {"uid": "335370628", "content": "哈哈哈哈哈"}, {"uid": "27808050", "content": "阿巴巴巴巴"}, {"uid": "13771892", "content": "诶"}, {"uid": "497471189", "content": "你嗯个鬼啊，跟读啊"}, {"uid": "482017503", "content": "？有这个？！"}, {"uid": "433603945", "content": "下面右中间的是啥？"}, {"uid": "19210418", "content": "看到这里我也忘记怎么读了。"}, {"uid": "363349289", "content": "iu不是读幽么？"}, {"uid": "375309257", "content": "对的呀"}, {"uid": "321419227", "content": "诶！"}, {"uid": "455463949", "content": "感觉不严谨，还是说我忘了"}, {"uid": "164104544", "content": "口笛 喵"}, {"uid": "13787857", "content": "怎么总觉得不对劲？"}, {"uid": "702466514", "content": "可以"}, {"uid": "413094409", "content": "法语的u"}, {"uid": "298080990", "content": "awsl"}, {"uid": "263259", "content": "阿巴巴巴"}, {"uid": "413803063", "content": "？"}, {"uid": "21432636", "content": "不是 挺准的的啊。你们在吐槽什么..."}, {"uid": "6223089", "content": "到底是窝，还是欧？"}, {"uid": "88771559", "content": "笑死我了"}, {"uid": "178445390", "content": "啊吧啊吧啊吧"}, {"uid": "234584532", "content": "哪有uei这个音？这个教程过于离谱，wei都有了还教uei？"}, {"uid": "44599651", "content": "awsl"}, {"uid": "1616572", "content": "嗷呜笑死"}, {"uid": "55933875", "content": "阿巴巴巴巴"}, {"uid": "36886517", "content": "已经开始慌了吗"}, {"uid": "477890389", "content": "当场劝退"}, {"uid": "277834059", "content": "hso"}, {"uid": "14487912", "content": "hso"}, {"uid": "20626299", "content": "啊这"}, {"uid": "82289699", "content": "可爱"}, {"uid": "791306", "content": "v的音和ゆ不一样吗"}, {"uid": "13129396", "content": "可爱"}, {"uid": "87937227", "content": "der～"}, {"uid": "11083062", "content": "草"}, {"uid": "2138633800", "content": "像了"}, {"uid": "351124155", "content": "胎教啊"}, {"uid": "470795566", "content": "哎"}, {"uid": "446289863", "content": "诶!"}, {"uid": "42853405", "content": "www"}, {"uid": "509484639", "content": "？？？？？？"}, {"uid": "789994", "content": "反正我是搞不懂这个"}, {"uid": "175997131", "content": "我外放的…"}, {"uid": "17411395", "content": "嗷呜"}, {"uid": "269111783", "content": "我也不会"}, {"uid": "11773507", "content": "儿砸"}, {"uid": "3182442", "content": "前面问ǖn是啥的，“云”字认识嘛？"}, {"uid": "290754204", "content": "a"}, {"uid": "702466514", "content": "阿巴阿巴"}, {"uid": "150965209", "content": "好家伙"}, {"uid": "23001624", "content": "阿巴阿吧"}, {"uid": "214869704", "content": "阿巴 阿巴 阿巴巴巴巴"}, {"uid": "21432636", "content": "什么喔，就是哦，自己看看喔和哦的拼音怎么写吧"}, {"uid": "673659303", "content": "阿巴巴阿巴阿巴阿巴"}, {"uid": "21660625", "content": "难点来了"}, {"uid": "378518528", "content": "哇嘎乃"}, {"uid": "33503163", "content": "我拼音就没好过"}, {"uid": "423476780", "content": "嘿嘿"}, {"uid": "27886226", "content": "草"}, {"uid": "29049411", "content": "z"}, {"uid": "109807000", "content": "这啥玩意，我也听不懂"}, {"uid": "6580771", "content": "草这口音我人晕掉了"}, {"uid": "82289699", "content": "单挑了"}, {"uid": "2571448", "content": "v和ゆ完全不一样好吧..."}, {"uid": "59420354", "content": "uei是啥玩意"}, {"uid": "16597414", "content": "阿巴阿巴"}, {"uid": "400829971", "content": "好耶"}, {"uid": "400829971", "content": "哈哈哈"}, {"uid": "23007775", "content": "吔~~"}, {"uid": "293734256", "content": "写作ui读作uei，没有ui这个读法"}, {"uid": "454992765", "content": "就离谱"}, {"uid": "6374269", "content": "是念窝啊"}, {"uid": "557028088", "content": "不是a"}, {"uid": "425622902", "content": "唉"}, {"uid": "370514535", "content": "真的有uu吗？"}, {"uid": "298080990", "content": "？？"}, {"uid": "3089013", "content": "晕"}, {"uid": "550402537", "content": "嗷"}, {"uid": "26767612", "content": "阿吧"}, {"uid": "592099473", "content": "dnmd这玩应就没几个发音是对的"}, {"uid": "468567794", "content": "awsl"}, {"uid": "468567794", "content": "hsohso"}, {"uid": "468567794", "content": "？？？"}, {"uid": "55933875", "content": "嗷呜"}, {"uid": "16240383", "content": "！"}, {"uid": "164026509", "content": "ǖn是啥玩意……"}, {"uid": "400829971", "content": "哈哈"}, {"uid": "2288947", "content": "没有ui这个音的你再说一遍？吹牛的吹怎么拼你来教一下，脸不需要可以捐给练武的裹沙袋"}, {"uid": "3182442", "content": "这日语口音哈哈哈哈哈哈哈哈哈哈哈哈"}, {"uid": "486559597", "content": "觉得发音不对的是你有问题吧 建议恶补一下学前班知识"}]