[{"uid": "26058239", "content": "太离谱了"}, {"uid": "296641609", "content": "草"}, {"uid": "349229621", "content": "啊这"}, {"uid": "349229621", "content": "飞流直下三千尺"}, {"uid": "349229621", "content": "爆炒（指反被爆炒）"}, {"uid": "31530731", "content": "挤 眉 弄 眼"}, {"uid": "100695733", "content": "草"}, {"uid": "100695733", "content": "建议3D mark新增直播礼物特效测试"}, {"uid": "36608913", "content": "离天下之大谱"}, {"uid": "488229092", "content": "我心动了，我也想玩"}, {"uid": "161886413", "content": "论合理炒菜"}, {"uid": "254798873", "content": "草草草（中日双语）"}, {"uid": "70583994", "content": "草"}, {"uid": "398825879", "content": "草"}, {"uid": "5638839", "content": "铲刀刮不沾锅，我先磕粒硝苯地平"}, {"uid": "10579112", "content": "草www"}, {"uid": "10579112", "content": "草"}, {"uid": "167489024", "content": "草"}, {"uid": "266949045", "content": "谨防新型ANTI行为"}, {"uid": "2023792", "content": "草"}, {"uid": "1360954", "content": "这是真的离谱哈哈"}, {"uid": "2941201", "content": "大成功！"}, {"uid": "7561862", "content": "就嗯混时长（bushi"}, {"uid": "126196", "content": "草"}, {"uid": "8540019", "content": "草"}, {"uid": "82659133", "content": "每日任务（1/1）"}, {"uid": "8540019", "content": "草，这什么鬼"}, {"uid": "82659133", "content": "声效对上了草"}, {"uid": "533161", "content": "怎么有肥音？"}, {"uid": "141338", "content": "字幕组打错名字了www"}, {"uid": "288313", "content": "哈哈哈哈哈哈"}, {"uid": "443708698", "content": "一定是我有问题，为什么感觉这字幕这么怪？"}, {"uid": "245096746", "content": "鼠标又来了？"}, {"uid": "179162519", "content": "可爱可爱"}, {"uid": "404333864", "content": "小的不够换大的哈哈哈"}, {"uid": "2198530", "content": "红红火火恍恍惚惚"}, {"uid": "326081815", "content": "暗示加大力度（dog）"}, {"uid": "485965842", "content": "bgm是什么，好好听"}, {"uid": "263259", "content": "草"}, {"uid": "1328640802", "content": "感觉电脑好像变强了"}, {"uid": "266812299", "content": "草"}, {"uid": "3019210", "content": "最新的PC强度测试"}, {"uid": "20247957", "content": "草"}, {"uid": "3450", "content": "草"}, {"uid": "19864606", "content": "草"}, {"uid": "85475355", "content": "炸了"}, {"uid": "601015753", "content": "草"}, {"uid": "19438175", "content": "?"}, {"uid": "64000094", "content": "草"}, {"uid": "557252", "content": "草"}, {"uid": "66744611", "content": "233333"}, {"uid": "66744611", "content": "草"}, {"uid": "774664", "content": "草"}, {"uid": "774664", "content": "PC测试"}, {"uid": "12754387", "content": "再  放  送"}, {"uid": "468567794", "content": "草"}, {"uid": "468567794", "content": "草"}, {"uid": "479091012", "content": "草"}, {"uid": "20200533", "content": "又炸了"}, {"uid": "30025297", "content": "草"}, {"uid": "20200533", "content": "换了pc炸不了尤里卡电脑了"}, {"uid": "112776970", "content": "哈哈哈哈哈哈"}, {"uid": "10960750", "content": "是变异的anti"}, {"uid": "108199595", "content": "太大了"}, {"uid": "50209405", "content": "草"}, {"uid": "113633406", "content": "帧 数 曝 炸"}, {"uid": "290723733", "content": "草"}, {"uid": "13550072", "content": "草"}, {"uid": "85633090", "content": "草"}, {"uid": "13550072", "content": "开始卡了hhh"}, {"uid": "13550072", "content": "草，离谱了"}, {"uid": "416226", "content": "草"}, {"uid": "6473948", "content": "草"}, {"uid": "6473948", "content": "传 统 艺 能"}, {"uid": "1459699014", "content": "草"}, {"uid": "16022406", "content": "草"}, {"uid": "397800614", "content": "草"}, {"uid": "15188570", "content": "太草了"}, {"uid": "228757509", "content": "压力马斯涅"}, {"uid": "342163025", "content": "可恶竟然换电脑了"}, {"uid": "349229621", "content": "逐渐离谱"}, {"uid": "645471253", "content": "翻炒礼物"}, {"uid": "401099828", "content": "洗头"}, {"uid": "1997896", "content": "开始卡了开始卡了"}, {"uid": "803900", "content": "被填满了"}, {"uid": "71101729", "content": "然后一会就卡住了"}, {"uid": "398825879", "content": "anit成功！"}, {"uid": "398825879", "content": "不行……太大了啊……"}, {"uid": "274451876", "content": "草"}, {"uid": "12891523", "content": "草"}, {"uid": "2941201", "content": "来了来了"}, {"uid": "503894", "content": "活动复刻"}, {"uid": "1596732", "content": "草，卡了"}, {"uid": "468567794", "content": "来了来了"}, {"uid": "139112", "content": "DD爆炒YKL"}, {"uid": "225537800", "content": "爆炒ykl"}, {"uid": "6863655", "content": "声音像兔鞠"}, {"uid": "161886413", "content": "加入适量礼物炒出来的菜会更棒哟！"}, {"uid": "400829971", "content": "可恶看不到教程了"}, {"uid": "23001624", "content": "爆炒！"}, {"uid": "128409442", "content": "开始卡"}, {"uid": "66744611", "content": "可爱"}, {"uid": "479091012", "content": "草"}, {"uid": "546091", "content": "哈哈哈哈哈"}, {"uid": "479909389", "content": "草"}, {"uid": "349229621", "content": "啊，确实"}, {"uid": "89617232", "content": "早上好"}, {"uid": "10579112", "content": "草草草"}, {"uid": "1360954", "content": "完全看不到了"}, {"uid": "32191148", "content": "草"}, {"uid": "10960750", "content": "谁？（）"}, {"uid": "702466514", "content": "草"}, {"uid": "10023488", "content": "草"}, {"uid": "2941201", "content": "大成功！"}, {"uid": "157453773", "content": "浪潮一样"}, {"uid": "4360410", "content": "草"}, {"uid": "89498", "content": "二刀流"}, {"uid": "23001624", "content": "草"}, {"uid": "1997896", "content": "草"}, {"uid": "85475355", "content": "来了"}, {"uid": "3682672", "content": "草"}, {"uid": "66744611", "content": "加佐料"}, {"uid": "12158364", "content": "草"}, {"uid": "25410470", "content": "画质好糊"}, {"uid": "66583234", "content": "玩起来了"}, {"uid": "15188570", "content": "草"}, {"uid": "1044751483", "content": "草"}, {"uid": "9643544", "content": "草"}, {"uid": "10970456", "content": "好家伙"}, {"uid": "3159839", "content": "草"}, {"uid": "107050785", "content": "笑死"}, {"uid": "263259", "content": "卡了"}, {"uid": "263259", "content": "草"}, {"uid": "23001624", "content": "我要炒你啊"}, {"uid": "145191200", "content": "草"}, {"uid": "66583234", "content": "草"}, {"uid": "66583234", "content": "草"}, {"uid": "416226", "content": "新式的anti吗"}, {"uid": "398825879", "content": "草"}, {"uid": "483498", "content": "草"}, {"uid": "2787055", "content": "草"}, {"uid": "107050785", "content": "草"}, {"uid": "494145454", "content": "好炒"}, {"uid": "263259", "content": "完了"}, {"uid": "20247957", "content": "草"}, {"uid": "11961698", "content": "草"}, {"uid": "954660", "content": "草"}, {"uid": "2941201", "content": "舒服了"}, {"uid": "326160619", "content": "离谱"}, {"uid": "266812299", "content": "草"}, {"uid": "153802", "content": "草"}, {"uid": "487279", "content": "草"}, {"uid": "479091012", "content": "草"}, {"uid": "702466514", "content": "wwww"}, {"uid": "13244245", "content": "好耶"}, {"uid": "468567794", "content": "又来"}, {"uid": "139112", "content": "爆炒yl"}, {"uid": "6075783", "content": "哈哈哈哈哈哈哈哈哈哈哈哈哈哈哈哈"}]