[{"uid": "521220728", "content": "[置顶]清打call!弾幕！！！ ​"}, {"uid": "351199320", "content": "88888888"}, {"uid": "9993760", "content": "这么清楚的吗！"}, {"uid": "52661868", "content": "可愛い"}, {"uid": "919764", "content": "真棒"}, {"uid": "41949904", "content": "马达马达一库哟！"}, {"uid": "4256831", "content": "弹幕强制射出【都是ykl的命令罢了】"}, {"uid": "87347372", "content": "打call！！！"}, {"uid": "41648881", "content": "可爱"}, {"uid": "41648881", "content": "别睡了起来打call"}, {"uid": "17177902", "content": "\\ykr/\\ykr/"}, {"uid": "35343614", "content": "清楚 尤卡里 清楚"}, {"uid": "11956081", "content": "⎛⎝≥⏝⏝≤⎠⎞ゆかり⎛⎝≥⏝⏝≤⎠⎞​"}, {"uid": "11956081", "content": "⎛⎝≥⏝⏝≤⎠⎞ゆかり⎛⎝≥⏝⏝≤⎠⎞​"}, {"uid": "19179225", "content": "必須弾幕＆打Call＆！！！"}, {"uid": "19179225", "content": "必須弾幕＆打Call＆！！！"}, {"uid": "47524703", "content": "\\龙王/\\龙王/\\龙王/"}, {"uid": "11956081", "content": "⎛⎝≥⏝⏝≤⎠⎞ゆかり⎛⎝≥⏝⏝≤⎠⎞​"}, {"uid": "11956081", "content": "\\ykl/\\ykl/"}, {"uid": "11956081", "content": "\\ykl/\\ykl/"}, {"uid": "11956081", "content": "\\ゆかり/"}, {"uid": "11956081", "content": "\\ゆかり/\\ゆかり/"}, {"uid": "11956081", "content": "\\ゆかり/\\ゆかり/"}, {"uid": "11956081", "content": "\\ゆかり/\\ゆかり/"}, {"uid": "5565962", "content": "可爱"}, {"uid": "96567562", "content": "KKSK"}, {"uid": "17502820", "content": "AIAIAI！"}, {"uid": "492120437", "content": "可愛い！！"}, {"uid": "40709021", "content": "好听"}, {"uid": "12745615", "content": "好耶"}, {"uid": "944205", "content": "打call"}, {"uid": "291202284", "content": "\\结婚/\\结婚/\\结婚/"}, {"uid": "35715888", "content": "冲冲冲"}, {"uid": "14053604", "content": "跑音了"}, {"uid": "1997896", "content": "yukari yukari yukari"}, {"uid": "203821", "content": "\\ykl/\\ykl/\\ykl/\\ykl"}, {"uid": "351199320", "content": "\\ykl/\\ykl/\\ykl/\\ykl/​\\ykl/\\ykl/\\ykl/\\ykl/​\\ykl/\\ykl/\\ykl/\\ykl/​\\ykl/\\ykl/\\ykl/\\ykl/​\\ykl/\\ykl/"}, {"uid": "351199320", "content": "\\ykl/\\ykl/\\ykl/\\ykl/​\\ykl/\\ykl/\\ykl/\\ykl/​\\ykl/\\ykl/\\ykl/\\ykl/​\\ykl/\\ykl/\\ykl/\\ykl/​\\ykl/\\ykl/\\ykl/"}, {"uid": "351199320", "content": "\\ykl/\\ykl/\\ykl/\\ykl/​\\ykl/\\ykl/\\ykl/\\ykl/​\\ykl/\\ykl/\\ykl/\\ykl/​\\ykl/\\ykl/\\ykl/\\ykl/​\\ykl/\\ykl/\\ykl/"}, {"uid": "351199320", "content": "\\ykl/\\ykl/\\ykl/\\ykl/​\\ykl/\\ykl/\\ykl/\\ykl/​\\ykl/\\ykl/\\ykl/\\ykl/​\\ykl/\\ykl/\\ykl/\\ykl/​\\ykl/\\ykl/\\ykl/"}, {"uid": "33406319", "content": "\\ykl/\\ykl/\\ykl/\\ykl"}, {"uid": "34405572", "content": "\\ykl/\\ykl/\\ykl/\\ykl​"}, {"uid": "3254648", "content": "あいあいあいあいあいあいfoo foo"}, {"uid": "3254648", "content": "あいあいあいあいあいあいfoo foo"}, {"uid": "3254648", "content": "あいあいあいあいあいあいfoo foo"}, {"uid": "3254648", "content": "\\ゆかり/\\ゆかり/\\ゆかり/\\ゆかり/"}, {"uid": "34081039", "content": "\\ykl/\\ykl/\\ykl/\\ykl​"}, {"uid": "8244866", "content": "\\yukari/\\yukari/\\yukari/\\yukari/\\yukari/"}, {"uid": "492120437", "content": "\\ゆかり/\\ゆかり/\\ゆかり/"}, {"uid": "350194521", "content": "\\ykl/\\ykl/\\ykl/\\ykl"}, {"uid": "2874494", "content": "\\yukari/\\yukari/\\yukari/\\yukari/\\yukari/​"}, {"uid": "487279", "content": "\\ykl/\\ykl/\\ykl/\\ykl​/\\ykl/\\ykl/\\ykl/\\ykl​/"}, {"uid": "487279", "content": "\\ykl/\\ykl/\\ykl/\\ykl​/"}, {"uid": "426101771", "content": "\\ykl/\\ykl/\\ykl/\\ykl/​"}, {"uid": "426101771", "content": "\\ykl/\\ykl/\\ykl/\\ykl/​"}, {"uid": "426101771", "content": "\\ykl/\\ykl/\\ykl/\\ykl/​\\ykl/\\ykl/\\ykl/\\ykl/​\\ykl/\\ykl/\\ykl/\\ykl/​"}, {"uid": "426101771", "content": "\\ykl/\\ykl/\\ykl/\\ykl/​\\ykl/\\ykl/\\ykl/"}, {"uid": "426101771", "content": "\\ykl/\\ykl/\\ykl/\\ykl/​"}, {"uid": "426101771", "content": "\\ykl/\\ykl/\\ykl/\\ykl/​\\ykl/\\ykl/\\ykl/\\ykl/​\\ykl/\\ykl/\\ykl/\\ykl/​"}, {"uid": "442914002", "content": "\\ykl/\\ykl/\\ykl/\\ykl/"}, {"uid": "8387458", "content": "\\yukari/\\yukari/\\yukari/\\yukari/\\yukari/​"}, {"uid": "8387458", "content": "\\yukari/\\yukari/\\yukari/\\yukari/\\yukari/​"}, {"uid": "169223317", "content": "\\ykl/\\ykl/\\ykl/\\ykl/"}, {"uid": "17080374", "content": "\\ykl/\\ykl/\\ykl/\\ykl/​"}, {"uid": "266687913", "content": "\\ykl/\\ykl/\\ykl/\\ykl/"}, {"uid": "222378956", "content": "\\ykl/\\ykl/\\ykl/\\ykl/​"}, {"uid": "12495051", "content": "\\ykl/\\ykl/\\ykl/\\ykl"}, {"uid": "54889602", "content": "\\ykl/\\ykl/\\ykl/\\ykl/​"}, {"uid": "29643", "content": "\\yukari/\\yukari/\\yukari/\\yukari/\\yukari/"}, {"uid": "6435001", "content": "\\ykl/\\ykl/\\ykl/\\ykl​"}, {"uid": "7970319", "content": "\\yukari/\\yukari/\\yukari/\\yukari/\\yukari/​"}, {"uid": "3836696", "content": "\\ykl/\\ykl/\\ykl/\\ykl​"}, {"uid": "123006194", "content": "\\ykl/\\ykl/\\ykl/\\ykl​"}, {"uid": "35409931", "content": "\\yukari/\\yukari/\\yukari/\\yukari/\\yukari/​"}, {"uid": "223952124", "content": "\\ykl/\\ykl/\\ykl/\\ykl/​\\ykl/\\ykl/\\ykl/\\ykl/​"}, {"uid": "264689", "content": "\\ykl/\\ykl/\\ykl/\\ykl​"}, {"uid": "15174876", "content": "\\ykl/\\ykl/\\ykl/\\ykl/​"}, {"uid": "19179225", "content": "\\yukari/\\yukari/\\yukari/\\yukari/\\yukari/"}, {"uid": "472662146", "content": "\\ykl/\\ykl/\\ykl/\\ykl/\\ykl/\\ykl/\\ykl/\\ykl/"}, {"uid": "472662146", "content": "\\ykl/\\ykl/\\ykl/\\ykl/\\ykl/\\ykl/\\ykl/\\ykl/"}, {"uid": "472662146", "content": "\\ykl/\\ykl/\\ykl/\\ykl/\\ykl/\\ykl/\\ykl/\\ykl/"}, {"uid": "393914568", "content": "\\yukari/\\yukari/\\yukari/\\yukari/\\yukari/"}, {"uid": "393914568", "content": "\\yukari/\\yukari/\\yukari/\\yukari/\\yukari/"}, {"uid": "393914568", "content": "\\yukari/\\yukari/\\yukari/\\yukari/\\yukari/"}, {"uid": "91063330", "content": "\\ykl/\\ykl/\\ykl/\\ykl/"}, {"uid": "32697251", "content": "\\yukari/\\yukari/\\yukari/\\yukari/\\yukari/​"}, {"uid": "32697251", "content": "\\yukari/\\yukari/\\yukari/\\yukari/\\yukari/​"}, {"uid": "32697251", "content": "\\yukari/\\yukari/\\yukari/\\yukari/\\yukari/​"}, {"uid": "1585492", "content": "ヾ(✿ﾟ▽ﾟ)ノฅ۶•ﻌ•♡[打call]ヾ(✿ﾟ▽ﾟ)ノฅ۶•ﻌ•♡[打call]"}, {"uid": "1585492", "content": "\\yukari/\\yukari/\\yukari/\\yukari/\\yukari/"}, {"uid": "1585492", "content": "\\\\kly/\\kly/kly/\\\\kly/\\\\kly/\\kly/kly/\\\\kly/kly/kly/\\\\kly/\\kly/kly/\\\\kly/kly/"}, {"uid": "16129797", "content": "\\ykl/\\ykl/\\ykl/\\ykl/\\ykl/\\ykl/\\ykl/\\ykl/​"}, {"uid": "919764", "content": "\\ykl/\\ykl/\\ykl/\\ykl/"}, {"uid": "145753334", "content": "\\ykl/\\ykl/\\ykl/\\ykl​"}, {"uid": "33406319", "content": "\\ゆかり/\\ゆかり/\\ゆかり/\\ゆかり/"}, {"uid": "63835435", "content": "\\ykl/\\ykl/\\ykl/\\ykl/"}, {"uid": "37961", "content": "\\ykl/\\ykl/\\ykl/\\ykl"}, {"uid": "37961", "content": "\\ykl/\\ykl/\\ykl/\\ykl"}, {"uid": "34081039", "content": "\\ykl/\\ykl/\\ykl/\\ykl​"}, {"uid": "294706539", "content": "\\ykl/\\ykl/\\ykl/\\ykl​/"}, {"uid": "353803398", "content": "\\ykl/\\ykl/\\ykl/\\ykl/​"}, {"uid": "35565671", "content": "\\ykl/\\ykl/\\ykl/\\ykl​"}, {"uid": "51364855", "content": "\\\\kly/\\kly/kly/\\\\kly/\\\\kly/\\kly/kly/\\\\kly/kly/kly/\\\\kly/\\kly/kly/\\\\kly/kly/​"}, {"uid": "51364855", "content": "\\\\kly/\\kly/kly/\\\\kly/\\\\kly/\\kly/kly/\\\\kly/kly/kly/\\\\kly/\\kly/kly/\\\\kly/kly/​"}, {"uid": "51364855", "content": "\\\\kly/\\kly/kly/\\\\kly/\\\\kly/\\kly/kly/\\\\kly/kly/kly/\\\\kly/\\kly/kly/\\\\kly/kly/​"}, {"uid": "89342995", "content": "\\ykl/\\ykl/\\ykl/\\ \\ykl/\\ykl/\\ykl/\\ykl"}, {"uid": "15143901", "content": "\\ykl/\\ykl/\\ykl/\\ykl/\\ykl/\\ykl/\\ykl/\\ykl/\\ykl/\\ykl/\\ykl/\\ykl/"}, {"uid": "13424602", "content": "\\ykl/\\ykl/\\ykl/\\ykl/​"}, {"uid": "593734", "content": "\\ykl/\\ykl/\\ykl/\\ykl​/"}, {"uid": "8858537", "content": "\\ykl/\\ykl/\\ykl/\\ykl/​"}, {"uid": "8858537", "content": "\\ykl/\\ykl/\\ykl/\\ykl/​"}, {"uid": "8858537", "content": "\\ykl/\\ykl/\\ykl/\\ykl/​"}, {"uid": "6092143", "content": "\\ykl/\\ykl/\\ykl/\\ykl​"}, {"uid": "6092143", "content": "\\ykl/\\ykl/\\ykl/\\ykl​"}, {"uid": "113843", "content": "\\ykl/\\ykl/\\ykl/\\ykl/\\ykl/"}, {"uid": "1927886", "content": "\\ykl/\\ykl/\\ykl/\\ykl/"}, {"uid": "236113", "content": "\\ykl/\\ykl/\\ykl/\\ykl​"}, {"uid": "236113", "content": "\\ykl/\\ykl/\\ykl/\\ykl​"}, {"uid": "77651727", "content": "\\ykl/\\ykl/\\ykl/\\ykl​"}, {"uid": "77651727", "content": "\\ykl/\\ykl/\\ykl/\\ykl​"}, {"uid": "77651727", "content": "\\ykl/\\ykl/\\ykl/\\ykl​"}, {"uid": "102103280", "content": "\\ykl/\\ykl/\\ykl/\\ykl/​"}, {"uid": "6435001", "content": "\\ykl/\\ykl/\\ykl/\\ykl​"}, {"uid": "25339658", "content": "\\ykl/\\ykl/\\ykl/\\ykl​"}, {"uid": "6435001", "content": "\\ykl/\\ykl/\\ykl/\\ykl​"}, {"uid": "41648881", "content": "\\ykl/\\ykl/\\ykl/\\ykl​"}, {"uid": "692341907", "content": "\\ykl/\\ykl/\\ykl/\\ykl/​"}, {"uid": "177379371", "content": "\\ゆかり/\\ゆかり/\\ゆかり/\\ゆかり/"}, {"uid": "39165953", "content": "\\ykl/\\ykl/\\ykl/\\ykl"}, {"uid": "295708", "content": "\\ykl/\\ykl/\\ykl/\\ykl"}, {"uid": "295708", "content": "\\ykl/\\ykl/\\ykl/\\ykl"}, {"uid": "67857295", "content": "\\ykl/\\ykl/\\ykl/\\ykl​"}, {"uid": "22043750", "content": "\\ゆかり/\\ゆかり/\\ゆかり/\\ゆかり/"}, {"uid": "32938450", "content": "\\ykl/\\ykl/\\ykl/\\ykl​"}, {"uid": "32938450", "content": "\\ykl/\\ykl/\\ykl/\\ykl​\\ykl/\\ykl/\\ykl/\\ykl​"}, {"uid": "578722", "content": "\\ykl/\\ykl/\\ykl/\\ykl/\\ykl/"}, {"uid": "11070957", "content": "\\ykl/\\ykl/\\ykl/\\ykl"}, {"uid": "2354769", "content": "\\ykl/\\ykl/\\ykl/\\ykl​"}, {"uid": "432003985", "content": "\\ゆかり/\\ゆかり/\\ゆかり/\\ゆかり/"}, {"uid": "37816388", "content": "\\ゆかり/\\ゆかり/\\ゆかり/\\ゆかり/"}, {"uid": "264689", "content": "\\ykl/\\ykl/\\ykl/\\ykl​"}, {"uid": "35343614", "content": "\\ykl/\\ykl/\\ykl/\\ykl​"}, {"uid": "350543093", "content": "\\ykl/\\ykl/\\ykl/\\ykl​/"}, {"uid": "350543093", "content": "\\ykl/\\ykl/\\ykl/\\ykl​/"}, {"uid": "299423703", "content": "\\ykl/\\ykl/\\ykl/\\ykl​"}, {"uid": "299423703", "content": "\\ykl/\\ykl/\\ykl/\\ykl​"}, {"uid": "299423703", "content": "\\ykl/\\ykl/\\ykl/\\ykl​"}, {"uid": "350543093", "content": "\\ykl/\\ykl/\\ykl/\\ykl​/"}, {"uid": "3885523", "content": "\\ykl/\\ykl/\\ykl/\\ykl​"}, {"uid": "3885523", "content": "\\ykl/\\ykl/\\ykl/\\ykl​"}, {"uid": "91560428", "content": "\\ykl/\\ykl/\\ykl/\\ykl​"}, {"uid": "337319309", "content": "\\ykl/\\ykl/\\ykl/\\ykl"}, {"uid": "337319309", "content": "\\ykl/\\ykl/\\ykl/\\ykl"}, {"uid": "519146843", "content": "\\ykl/\\ykl/\\ykl/\\ykl​"}, {"uid": "519146843", "content": "\\ykl/\\ykl/\\ykl/\\ykl​"}, {"uid": "1997896", "content": "\\ykl/\\ykl/\\ykl/\\ykl"}, {"uid": "258846517", "content": "\\ykl/\\ykl/\\ykl/\\ykl\\ykl/\\ykl/\\ykl/\\ykl\\ykl/\\ykl/\\ykl/\\ykl\\ykl/\\ykl/\\ykl/\\ykl"}, {"uid": "179125224", "content": "\\ykl/\\ykl/\\ykl/\\ykl/"}, {"uid": "101132148", "content": "\\ykl/\\ykl/\\ykl/\\ykl"}, {"uid": "258846517", "content": "\\ykl/\\ykl/\\ykl/\\ykl\\ykl/\\ykl/\\ykl/\\ykl\\ykl/\\ykl/\\ykl/\\ykl"}, {"uid": "400829971", "content": "\\ykl/\\ykl/\\ykl/\\ykl"}, {"uid": "400829971", "content": "\\ykl/\\ykl/\\ykl/\\ykl"}, {"uid": "35343614", "content": "\\yukari/ \\yukari/ \\yukari/"}, {"uid": "11956081", "content": "\\ykl/\\ykl/\\ykl/\\ykl/\\ykl/\\ykl/\\ykl/\\ykl/​"}, {"uid": "19179225", "content": "\\ykl/\\ykl/\\ykl/"}, {"uid": "8167251", "content": "\\ykl/\\ykl/\\ykl/\\ykl"}, {"uid": "19179225", "content": "\\ykl/\\ykl/\\ykl/"}, {"uid": "8167251", "content": "\\ykl/\\ykl/\\ykl/\\ykl"}, {"uid": "8167251", "content": "\\ykl/\\ykl/\\ykl/\\ykl"}, {"uid": "1021219279", "content": "\\ykl/\\ykl/\\ykl/\\ykl​"}, {"uid": "44127617", "content": "\\ykl/\\ykl/\\ykl/\\ykl​/"}, {"uid": "276636832", "content": "\\ykl/\\ykl/\\ykl/\\ykl"}, {"uid": "1021219279", "content": "\\ykl/\\ykl/\\ykl/\\ykl​"}, {"uid": "1021219279", "content": "\\ykl/\\ykl/\\ykl/\\ykl​"}, {"uid": "7473228", "content": "\\ゆかり/\\ゆかり/\\ゆかり/\\ゆかり/"}, {"uid": "1021219279", "content": "ゆかりゆかりゆかりっっっっっっっw"}, {"uid": "179125224", "content": "\\ゆかり/\\ゆかり/\\ゆかり/"}, {"uid": "878808", "content": "\\ykl/\\ykl/\\ykl/\\ykl/\\ykl/\\ykl/\\ykl/"}, {"uid": "7473228", "content": "\\ゆかり/\\ゆかり/\\ゆかり/\\ゆかり/"}, {"uid": "5122594", "content": "\\ゆかり/\\ゆかり/\\ゆかり/\\ゆかり/"}, {"uid": "5122594", "content": "\\ゆかり/\\ゆかり/\\ゆかり/\\ゆかり/"}, {"uid": "58378074", "content": "\\ykl/\\ykl/\\ykl/\\ykl"}, {"uid": "58378074", "content": "\\ykl/\\ykl/\\ykl/\\ykl"}, {"uid": "774664", "content": "\\ykl/\\ykl/\\ykl/\\ykl/\\ykl/\\ykl/\\ykl/\\ykl/\\ykl/"}, {"uid": "58378074", "content": "\\ykl/\\ykl/\\ykl/\\ykl"}, {"uid": "774664", "content": "\\ykl/\\ykl/\\ykl/\\ykl/\\ykl/\\ykl/"}, {"uid": "27636715", "content": "\\ykl/\\ykl/\\ykl/\\ykl​"}, {"uid": "5122594", "content": "\\ゆかり/\\ゆかり/\\ゆかり/\\ゆかり/"}, {"uid": "3549739", "content": "\\ゆかり/\\ゆかり/\\ゆかり/\\ゆかり/"}, {"uid": "2151626", "content": "\\结婚/\\结婚/\\结婚/\\结婚/"}, {"uid": "3549739", "content": "\\ゆかり/\\ゆかり/\\ゆかり/\\ゆかり/"}, {"uid": "11956081", "content": "\\ykl/\\ykl/\\ykl/"}, {"uid": "2151626", "content": "\\结婚/\\结婚/\\结婚/\\结婚/"}, {"uid": "104353618", "content": "\\ゆかり/\\ゆかり/\\ゆかり/\\ゆかり/"}, {"uid": "11956081", "content": "\\ykl/\\ykl/\\ykl/\\ykl​"}, {"uid": "11956081", "content": "\\ykl/\\ykl/\\ykl/\\ykl​"}, {"uid": "2151626", "content": "\\结婚/\\结婚/\\结婚/\\结婚/"}, {"uid": "594716", "content": "\\ykl/\\ykl/\\ykl/"}, {"uid": "11956081", "content": "\\ykl/\\ykl/\\ykl/\\ykl​/"}, {"uid": "104353618", "content": "\\ゆかり/\\ゆかり/\\ゆかり/\\ゆかり/"}, {"uid": "11956081", "content": "\\ykl/\\ykl/\\ykl/"}, {"uid": "11956081", "content": "\\ykl/\\ykl/\\ykl/\\ykl​/"}, {"uid": "96567562", "content": "\\ゆかり/\\ゆかり/\\ゆかり/\\ゆかり/"}, {"uid": "5638839", "content": "\\ゆかり/\\ゆかり/\\ゆかり/\\ゆかり/"}, {"uid": "11956081", "content": "\\ykl/\\ykl/\\ykl/\\ykl​/"}, {"uid": "30462482", "content": "ゆかり/\\ゆかり/\\ゆかり/\\ゆかり"}, {"uid": "87170346", "content": "\\ykl/\\ykl/\\ykl/\\ykl​"}, {"uid": "400829971", "content": "\\ykl/\\ykl/\\ykl/\\ykl"}, {"uid": "5339868", "content": "\\尤卡碳/\\尤卡碳/\\尤卡碳/\\尤卡碳/"}, {"uid": "30462482", "content": "\\ゆかり/\\ゆかり/\\ゆかり/\\ゆかり"}, {"uid": "774664", "content": "\\ykl/\\ykl/\\ykl/"}, {"uid": "11956081", "content": "\\ゆかり/\\ゆかり/\\ゆかり/"}, {"uid": "34074498", "content": "\\ゆかり/\\ゆかり/\\ゆかり/"}, {"uid": "5339868", "content": "\\尤卡碳/\\尤卡碳/\\尤卡碳/\\尤卡碳/"}, {"uid": "416358448", "content": "\\ykl/\\ykl/\\ykl/\\ykl/\\ykl/\\ykl/\\ykl/\\ykl/"}, {"uid": "76485776", "content": "\\ゆかり/\\ゆかり/\\ゆかり/\\ゆかり/"}, {"uid": "30462482", "content": "\\ゆかり/\\ゆかり/\\ゆかり/\\ゆかり/"}, {"uid": "15730631", "content": "\\ゆかり/\\ゆかり/\\ゆかり/\\ゆかり/"}, {"uid": "3549739", "content": "\\ゆかり/\\ゆかり/\\ゆかり/\\ゆかり/"}, {"uid": "405378", "content": "\\尤卡碳/\\尤卡碳/\\尤卡碳/\\尤卡碳/"}, {"uid": "35895546", "content": "\\ゆかり/\\ゆかり/\\ゆかり/\\ゆかり/"}, {"uid": "416358448", "content": "\\ykl/\\ykl/\\ykl/\\ykl/\\ykl/\\ykl/\\ykl/\\ykl/"}, {"uid": "76485776", "content": "\\ゆかり/\\ゆかり/\\ゆかり/\\ゆかり/"}, {"uid": "11956081", "content": "\\ゆかり/\\ゆかり/\\ゆかり/\\ゆかり/"}, {"uid": "76485776", "content": "\\ゆかり/\\ゆかり/\\ゆかり/\\ゆかり/"}, {"uid": "774664", "content": "\\ykl/\\ykl/\\ykl/\\ykl/\\ykl/\\ykl/\\ykl/\\ykl/\\ykl/"}, {"uid": "11956081", "content": "\\ゆかり/\\ゆかり/\\ゆかり/\\ゆかり/"}, {"uid": "68060881", "content": "\\ゆかり/\\ゆかり/\\ゆかり/\\ゆかり/"}, {"uid": "291202284", "content": "\\ykl/\\ykl/\\ykl/"}, {"uid": "104353618", "content": "\\ゆかり/\\ゆかり/\\ゆかり/\\ゆかり/"}, {"uid": "1437754", "content": "\\ゆかり/\\ゆかり/\\ゆかり/\\ゆかり/"}, {"uid": "291202284", "content": "\\ykl/\\ykl/\\ykl/"}, {"uid": "11956081", "content": "\\ゆかり/\\ゆかり/\\ゆかり/\\ゆかり/"}, {"uid": "291202284", "content": "\\ykl/\\ykl/\\ykl/"}, {"uid": "400829971", "content": "\\ykl/\\ykl/\\ykl/\\ykl​"}, {"uid": "416358448", "content": "\\ykl/\\ykl/\\ykl/\\ykl/\\ykl/\\ykl/\\ykl/\\ykl/"}, {"uid": "400829971", "content": "\\ykl/\\ykl/\\ykl/\\ykl​"}, {"uid": "400829971", "content": "\\ykl/\\ykl/\\ykl/\\ykl​"}, {"uid": "30462482", "content": "\\ykl/\\ykl/\\ykl/"}, {"uid": "5339868", "content": "\\尤卡碳/\\尤卡碳/\\尤卡碳/\\尤卡碳/"}, {"uid": "1437754", "content": "\\ykl/\\ykl/\\ykl/"}, {"uid": "430112568", "content": "\\ykl/\\ykl/\\ykl/\\ykl"}, {"uid": "774664", "content": "\\ykl/\\ykl/\\ykl/\\ykl/\\ykl/\\ykl/"}, {"uid": "8665575", "content": "\\ゆかり/\\ゆかり/\\ゆかり/\\ゆかり/"}, {"uid": "774664", "content": "\\ykl/\\ykl/\\ykl/"}]