[{"uid": "12959612", "content": "这种是真的想吃"}, {"uid": "1420463", "content": "再美美地来上一勺（"}, {"uid": "65253370", "content": "在做饭？"}, {"uid": "762943", "content": "加点细节.jpg"}, {"uid": "350705662", "content": "饿了"}, {"uid": "934786", "content": "不用切可太秀了"}, {"uid": "934786", "content": "这叫保鲜膜啊"}, {"uid": "179162519", "content": "可爱可爱"}, {"uid": "2572719", "content": "懂了 美食博主"}, {"uid": "7491757", "content": "学会了"}, {"uid": "12927372", "content": "再来一次！！！！！"}, {"uid": "468567794", "content": "来了来了"}, {"uid": "82110475", "content": "看起来很美味啊！"}, {"uid": "649372641", "content": "那就不用切了"}, {"uid": "326081815", "content": "好耶"}, {"uid": "363935885", "content": "《纱布》"}, {"uid": "94558176", "content": "可恶，看着好好吃"}, {"uid": "3320572", "content": "哟西，我快搬家了搬家后就可以尝试了！"}, {"uid": "354870843", "content": "已经开始饿了"}, {"uid": "8976783", "content": "YKL"}, {"uid": "468567794", "content": "学废了学费了"}, {"uid": "468567794", "content": "已经开始饿了"}, {"uid": "494145454", "content": "好耶！"}, {"uid": "8858537", "content": "ykl yyds"}, {"uid": "20247957", "content": "加辣子，泼油！"}, {"uid": "29101590", "content": "ykl"}, {"uid": "4679143", "content": "ykl!ykl!ykl!"}, {"uid": "354822975", "content": "不是纱布，是保鲜膜吧"}, {"uid": "513881387", "content": "bgm啥呀"}, {"uid": "934786", "content": "鸡汤颗粒是鸡精吗？"}, {"uid": "79646219", "content": "学废了"}, {"uid": "23506796", "content": "五花肉香"}, {"uid": "12927372", "content": "看起来好好吃啊"}, {"uid": "123287848", "content": "想吃"}, {"uid": "198687504", "content": "好耶！！！"}, {"uid": "494145454", "content": "ykl suki!"}, {"uid": "23506796", "content": "再淋上油泼辣子，香啊"}, {"uid": "264689", "content": "想吃"}, {"uid": "38046258", "content": "ykl"}, {"uid": "79646219", "content": "噢~"}, {"uid": "12112948", "content": "想吃"}, {"uid": "660971", "content": "好耶！！！"}, {"uid": "6803949", "content": "饿了"}, {"uid": "51364855", "content": "贤惠的尤卡里，请和我结婚！！！！！！！"}, {"uid": "6075783", "content": "好耶！"}, {"uid": "443610176", "content": "？？"}, {"uid": "667853286", "content": "不调味能好吃吗。。。。。"}, {"uid": "23506796", "content": "好耶"}, {"uid": "226838279", "content": "美味しいそう"}, {"uid": "29101590", "content": "ykl"}, {"uid": "292078410", "content": "热乎"}, {"uid": "42446912", "content": "来了"}, {"uid": "453930956", "content": "馋了"}, {"uid": "8976783", "content": "不知道为什么感觉并不省事wwww"}, {"uid": "549602076", "content": "好吃"}, {"uid": "174533459", "content": "好耶"}, {"uid": "2618664", "content": "增加弹幕"}, {"uid": "1110720409", "content": "好耶！！"}, {"uid": "29101590", "content": "ykl"}, {"uid": "347157328", "content": "来啦"}, {"uid": "803900", "content": "香的一P"}, {"uid": "13244245", "content": "好耶"}, {"uid": "397800614", "content": "好耶！"}, {"uid": "50209405", "content": "好耶！"}]