[{"uid": "35269210", "content": "你来啦，我的爱人"}, {"uid": "68060881", "content": "草"}, {"uid": "11359442", "content": "再 放 送"}, {"uid": "774664", "content": "不亏是你。。一堆弔图"}, {"uid": "22574447", "content": "我也爱你~"}, {"uid": "6092143", "content": "←1080p难道还不够清楚吗（笑）"}, {"uid": "1997896", "content": "？？？？？"}, {"uid": "1997896", "content": "整活力Max"}, {"uid": "27179741", "content": "画风突变"}, {"uid": "27179741", "content": "ohhhhhhhhhhhhhh"}, {"uid": "7473228", "content": "58-2=？"}, {"uid": "1585492", "content": "\\山茶/\\山茶/"}, {"uid": "7473228", "content": "爱你！"}, {"uid": "7473228", "content": "好可爱好可爱好可爱"}, {"uid": "291202284", "content": "尤卡里，整活的神"}, {"uid": "6075783", "content": "我也爱你！！！！！！！！！"}, {"uid": "400829971", "content": "太草了"}, {"uid": "400829971", "content": "草"}, {"uid": "400829971", "content": "来了来了"}, {"uid": "30462482", "content": "草草"}, {"uid": "1585492", "content": "来了来了"}, {"uid": "2867116", "content": "樱花这表情真的好欠"}, {"uid": "96567562", "content": "？？"}, {"uid": "27179741", "content": "ykl！！！"}, {"uid": "30254330", "content": "哟哟"}, {"uid": "3153180", "content": "草"}, {"uid": "434207732", "content": "草"}, {"uid": "7473228", "content": "wwwww"}, {"uid": "561780", "content": "JOJO草"}, {"uid": "52870317", "content": "好活"}, {"uid": "1997896", "content": "我也爱你呀"}, {"uid": "1997896", "content": "等等？？？我记得说的是超清楚动画来着？？？"}, {"uid": "434207732", "content": "我单推了"}, {"uid": "400829971", "content": "好耶"}, {"uid": "3885523", "content": "Ｏ(≧▽≦)Ｏ "}, {"uid": "400829971", "content": "好耶"}, {"uid": "3248937", "content": "哈哈哈哈哈"}, {"uid": "6092143", "content": "草"}, {"uid": "487279", "content": "来了"}, {"uid": "1997896", "content": "再来一遍"}, {"uid": "400829971", "content": "草"}, {"uid": "434207732", "content": "啊这"}, {"uid": "1585492", "content": "草"}, {"uid": "354293575", "content": "开幕雷击"}, {"uid": "878808", "content": "草"}, {"uid": "4303785", "content": "我不做人了，jojo"}, {"uid": "7473228", "content": "58-2=？"}, {"uid": "11356366", "content": "好耶"}, {"uid": "400829971", "content": "我爱你尤卡里"}, {"uid": "30462482", "content": "ykl"}, {"uid": "400829971", "content": "草"}, {"uid": "96567562", "content": "？？？？？？？？"}, {"uid": "7114614", "content": "1ast"}, {"uid": "27871398", "content": "草"}, {"uid": "68060881", "content": "草"}, {"uid": "30462482", "content": "草"}, {"uid": "30462482", "content": "ohhh"}, {"uid": "1997896", "content": "草"}, {"uid": "3153180", "content": "太草了"}, {"uid": "3885523", "content": "来了来了来了"}, {"uid": "11320660", "content": "\\尤卡里/\\尤卡里/\\尤卡里/\\尤卡里/ "}, {"uid": "54317344", "content": "\\山茶/\\山茶/\\山茶/\\山茶/\\山茶/"}, {"uid": "54317344", "content": "\\山茶/\\山茶/\\山茶/\\山茶/\\山茶/"}, {"uid": "54317344", "content": "\\山茶/\\山茶/\\山茶/\\山茶/\\山茶/"}, {"uid": "400829971", "content": "\\尤卡里/\\尤卡里/\\尤卡里/\\尤卡里/\\尤卡里/\\尤卡里/\\尤卡里/\\尤卡里/"}, {"uid": "400829971", "content": "\\尤卡里/\\尤卡里/\\尤卡里/\\尤卡里/\\尤卡里/\\尤卡里/\\尤卡里/\\尤卡里/"}, {"uid": "400829971", "content": "\\尤卡里/\\尤卡里/\\尤卡里/\\尤卡里/\\尤卡里/\\尤卡里/\\尤卡里/\\尤卡里/"}]