[{"uid": "488960001", "content": " 人类返祖珍贵影视片。"}, {"uid": "524586935", "content": "哈哈哈"}, {"uid": "490169742", "content": "要变色了快跑"}, {"uid": "2957060", "content": "ykl！太强啦！"}, {"uid": "33059216", "content": "我的币 藏不住了"}, {"uid": "1743763", "content": "草"}, {"uid": "141338", "content": "草，文艺复兴"}, {"uid": "400829971", "content": "哈哈哈哈"}, {"uid": "46989751", "content": "喊妈妈草"}, {"uid": "46989751", "content": "小丑竟是我自己"}, {"uid": "46989751", "content": "《两小时》"}, {"uid": "11070957", "content": "ykl：小丑竟是我自己www"}, {"uid": "297604356", "content": "00:36这是一个心肺骤停的时刻"}, {"uid": "27179741", "content": "小丑竟是我自己"}, {"uid": "227751411", "content": "《两小时》"}, {"uid": "774664", "content": "字幕组全是anti是吧"}, {"uid": "11070957", "content": "这个时候的ykl还不知道她即将面对什么样的地狱("}, {"uid": "88228073", "content": "尤卡里suki"}, {"uid": "400829971", "content": "太草了"}, {"uid": "622585278", "content": "草"}, {"uid": "374374149", "content": "文艺复兴"}, {"uid": "27179741", "content": "打断希望之花吟唱"}, {"uid": "77339497", "content": "草！！"}, {"uid": "77339497", "content": "啊~巴巴巴巴巴~~"}, {"uid": "77339497", "content": "Flag  start！！"}, {"uid": "80285127", "content": "草"}, {"uid": "46989751", "content": "《两小时》"}, {"uid": "413282942", "content": "草"}, {"uid": "27179741", "content": "草"}, {"uid": "104353618", "content": "草草草"}, {"uid": "34507923", "content": "草"}, {"uid": "430112568", "content": "草X100"}, {"uid": "27179741", "content": "小丑竟是ykl"}, {"uid": "31337711", "content": "草"}, {"uid": "10761845", "content": "2小时？？建议先乘个10"}, {"uid": "3124944", "content": "2小時？？？？？？"}, {"uid": "162704436", "content": "23333"}, {"uid": "51364855", "content": "草"}, {"uid": "51364855", "content": "草"}, {"uid": "243381046", "content": "哈哈哈哈哈"}, {"uid": "561780", "content": "两个小时过去了，尤卡里还在原地踏步"}, {"uid": "400829971", "content": "草"}, {"uid": "46989751", "content": "草"}, {"uid": "400829971", "content": "草"}, {"uid": "178445390", "content": "草"}, {"uid": "456189329", "content": "哈哈哈哈"}, {"uid": "10761845", "content": "剪辑人才"}, {"uid": "10853631", "content": "草"}, {"uid": "468567794", "content": "草"}, {"uid": "104353618", "content": "哦淦"}, {"uid": "74173597", "content": "危"}, {"uid": "27179741", "content": "草"}, {"uid": "51364855", "content": "草"}, {"uid": "468567794", "content": "草"}, {"uid": "30462482", "content": "天真"}, {"uid": "104353618", "content": "草"}, {"uid": "400829971", "content": "nyanya"}, {"uid": "430112568", "content": "草"}, {"uid": "333803111", "content": "变色了"}, {"uid": "27179741", "content": "2小时"}, {"uid": "28587221", "content": "草"}, {"uid": "79646219", "content": "hhhh"}, {"uid": "249008376", "content": "草"}, {"uid": "27179741", "content": "2小时"}, {"uid": "11069943", "content": "我这么早？"}]