[{"uid": "696500", "content": "绝了   鲁邦"}, {"uid": "171504912", "content": "不看标题我以为剧场版出了"}, {"uid": "226067183", "content": "地狱的军团"}, {"uid": "226067183", "content": "洗马路，修卡"}, {"uid": "35568469", "content": "草，味太冲了"}, {"uid": "157713006", "content": "鸡国库弄咕嗯汤"}, {"uid": "66744611", "content": "草，这个bgm"}, {"uid": "157713006", "content": "西马路~修卡"}, {"uid": "405378", "content": "日和妈妈，好耶"}, {"uid": "365876104", "content": "草?"}, {"uid": "15519513", "content": "大制作"}, {"uid": "3159839", "content": "好活"}, {"uid": "174854244", "content": "草"}, {"uid": "39906355", "content": "rider"}, {"uid": "30462482", "content": "日和妈妈"}, {"uid": "100695733", "content": "好耶"}, {"uid": "157713006", "content": "仮面ライダー~仮面ライダー~ライダライダ~"}]