[{"uid": "482659616", "content": "prprpr"}, {"uid": "3840257", "content": "变成美食博主了？"}, {"uid": "226654234", "content": "手手可爱"}, {"uid": "4679143", "content": "我还以为是蟹黄乌冬面"}, {"uid": "370514535", "content": "想浇勺剁辣椒上去"}, {"uid": "10001245", "content": "声音好甜，有活力"}, {"uid": "17203303", "content": "insta=小红书"}, {"uid": "348834127", "content": "有泼一小勺热油的冲动"}, {"uid": "13244245", "content": "我老婆给我做的第一顿饭"}, {"uid": "5406627", "content": "老婆做给我吃~~"}, {"uid": "179461703", "content": "你好短（"}, {"uid": "243381046", "content": "想吃尤卡里小姐亲手做的料理"}, {"uid": "94789940", "content": "第一第一"}, {"uid": "3918524", "content": "甚至想放点辣椒浇一勺热油"}, {"uid": "94789940", "content": "好耶，心灵手巧的ykl最棒了"}, {"uid": "482659616", "content": "结婚"}, {"uid": "1677006217", "content": "你很短,但我学会了"}, {"uid": "468567794", "content": "饿了饿了"}, {"uid": "179461703", "content": "馋了馋了"}, {"uid": "179461703", "content": "初见，可爱，单推"}, {"uid": "96567562", "content": "OHHHHHHHHHHHHHHHHHHHHHHHHHHHHHHHHHH"}, {"uid": "179461703", "content": "可愛い"}, {"uid": "39691246", "content": "可可爱爱"}, {"uid": "8403689", "content": "一口就吃完了"}, {"uid": "76818493", "content": "已经可以吃了"}, {"uid": "1997896", "content": "ohhhhhhhh"}, {"uid": "468567794", "content": "来了来了"}, {"uid": "10583934", "content": "这个确实是简单又好吃"}, {"uid": "13244245", "content": "初见，可爱，单推"}, {"uid": "10583934", "content": "这边还是提一下，国内尽量买无菌蛋生食"}, {"uid": "243381046", "content": "喂我"}, {"uid": "482659616", "content": "加油"}, {"uid": "20247957", "content": "泼热油的精髓了"}, {"uid": "382910589", "content": "好耶"}, {"uid": "66744611", "content": "真不错"}, {"uid": "3885523", "content": "来了来了来了"}, {"uid": "10583934", "content": "乌冬好啊"}, {"uid": "179461703", "content": "可爱qwq"}, {"uid": "141457018", "content": "喂我，啊"}, {"uid": "179461703", "content": "好耶！"}, {"uid": "35568469", "content": "太少了不够吃"}, {"uid": "482659616", "content": "prprpr"}, {"uid": "482659616", "content": "我来组成弹幕"}, {"uid": "286104", "content": "好耶好耶"}, {"uid": "382910589", "content": "美味しそう"}, {"uid": "94789940", "content": "不愧是我老婆，真能干"}, {"uid": "179461703", "content": "こんゆかた"}, {"uid": "497893", "content": "哇"}, {"uid": "482659616", "content": "强强"}, {"uid": "482659616", "content": "100"}, {"uid": "482659616", "content": "好耶"}, {"uid": "482659616", "content": "来了"}, {"uid": "92901099", "content": "一口没"}, {"uid": "21198922", "content": "啊啊啊啊啊啊"}, {"uid": "1788946", "content": "老婆"}, {"uid": "23001624", "content": "拌面？"}, {"uid": "13244245", "content": "ohhhhhhhhhhhhhhhhhh"}, {"uid": "50209405", "content": "好耶！"}, {"uid": "482659616", "content": "哦哈哈哈"}, {"uid": "482659616", "content": "prprprp"}, {"uid": "482659616", "content": "好耶"}, {"uid": "482659616", "content": "好耶"}, {"uid": "23506796", "content": "好耶"}, {"uid": "630911797", "content": "让人充满食欲"}, {"uid": "774664", "content": "可爱"}, {"uid": "179461703", "content": "美味しそう！"}, {"uid": "30462482", "content": "好耶"}, {"uid": "179461703", "content": "こんゆかたん"}, {"uid": "36886517", "content": "直接加热吗？"}, {"uid": "482659616", "content": "来了"}, {"uid": "482659616", "content": "prprpr"}, {"uid": "482659616", "content": "短短ykl"}, {"uid": "482659616", "content": "来了"}, {"uid": "482442561", "content": "好看"}, {"uid": "694905463", "content": "好耶"}, {"uid": "3153180", "content": "看饿了"}, {"uid": "3061464", "content": "分量好少！"}, {"uid": "482659616", "content": "单推"}, {"uid": "482659616", "content": "可爱"}, {"uid": "482659616", "content": "yklykl！！！"}, {"uid": "233579332", "content": "馋了"}, {"uid": "85768680", "content": "ykl！ykl！"}, {"uid": "23001624", "content": "马上学！"}, {"uid": "494145454", "content": "好耶！"}, {"uid": "179461703", "content": "我老婆真棒"}, {"uid": "243381046", "content": "好耶"}, {"uid": "482659616", "content": "prpr"}, {"uid": "482659616", "content": "ykl！！"}, {"uid": "3124944", "content": "好吃~"}, {"uid": "179461703", "content": "好耶！"}, {"uid": "482659616", "content": "腻害捏"}, {"uid": "21198922", "content": "是尤卡里的手！prprprprprprprprprprprpr"}, {"uid": "179461703", "content": "\\ykl/\\ykl/\\ykl/\\ykl/"}, {"uid": "179461703", "content": "\\ykl/\\ykl/\\ykl/\\ykl/"}, {"uid": "77339497", "content": "尤卡里！！饿饿！！饭饭！！！！"}, {"uid": "3124944", "content": "手手手手手prprprprprprprprprprprprpr"}, {"uid": "179461703", "content": "\\ykl/\\ykl/\\ykl/\\ykl/"}, {"uid": "13138770", "content": "\\ykl/\\ykl/\\ykl/\\ykl/\\ykl/\\ykl/\\ykl/\\ykl/ ​"}, {"uid": "13138770", "content": "\\ykl/\\ykl/\\ykl/\\ykl/\\ykl/\\ykl/\\ykl/\\ykl/ ​"}, {"uid": "13138770", "content": "\\ykl/\\ykl/\\ykl/\\ykl/\\ykl/\\ykl/\\ykl/\\ykl/ ​"}, {"uid": "24991701", "content": "\\ykl/\\ykl/\\ykl/\\ykl/"}, {"uid": "24991701", "content": "\\ykl/\\ykl/\\ykl/\\ykl/"}, {"uid": "694905463", "content": "\\ykl/\\ykl/\\ykl/\\ykl/\\ykl/"}, {"uid": "24991701", "content": "\\ykl/\\ykl/\\ykl/\\ykl/"}, {"uid": "694905463", "content": "\\ykl/\\ykl/\\ykl/\\ykl/"}, {"uid": "33192701", "content": "\\ykl/\\ykl/\\ykl/\\ykl/\\ykl/\\ykl/\\ykl/\\ykl/\\ykl/\\ykl/\\ykl/\\ykl/"}]