[{"uid": "68060881", "content": "可爱单推"}, {"uid": "35715888", "content": "suki！ゆかり！suki！"}, {"uid": "35715888", "content": "suki！ゆかり！suki！"}, {"uid": "47524703", "content": "dd公主又不务正业啦！"}, {"uid": "768991", "content": "我永远单推尤卡里!"}, {"uid": "9673031", "content": "可爱！！！！！"}, {"uid": "6254315", "content": "尤卡碳真可愛,結婚結婚"}, {"uid": "178257", "content": "太近了太近了"}, {"uid": "6348644", "content": "可爱！！！"}, {"uid": "8636383", "content": "suki"}, {"uid": "3730645", "content": "suki"}, {"uid": "3730645", "content": "可爱"}, {"uid": "4410865", "content": "mua"}, {"uid": "3927288", "content": "啊啊啊啊啊"}, {"uid": "72843230", "content": "脸好大"}, {"uid": "526164994", "content": "可爱"}, {"uid": "227293829", "content": "好耶"}, {"uid": "6486338", "content": "(๑˙❥˙๑)憋说话吻我(๑˙❥˙๑)憋说话吻我"}, {"uid": "291202284", "content": "\\yukari/\\yukari/\\yukari/"}, {"uid": "68060881", "content": "\\yukari/\\yukari/\\yukari/"}, {"uid": "291202284", "content": "\\yukari/\\yukari/\\yukari/"}]