[{"uid": "126196", "content": "集中线草"}, {"uid": "52433747", "content": "草！"}, {"uid": "6075783", "content": "这段音乐，DNA动了"}, {"uid": "282494256", "content": "森喜刚wwwww"}, {"uid": "313897", "content": "？？？？？？"}, {"uid": "29975998", "content": "hhhc"}, {"uid": "71295603", "content": "草"}, {"uid": "29975998", "content": "hhhc"}, {"uid": "18253454", "content": "草"}, {"uid": "179162519", "content": "草"}, {"uid": "3583863", "content": "???????????"}, {"uid": "199446969", "content": "？？？"}, {"uid": "494145454", "content": "yklykl!"}, {"uid": "51010851", "content": "草"}, {"uid": "2023792", "content": "草"}, {"uid": "114964846", "content": "草"}, {"uid": "242193808", "content": "草"}, {"uid": "13824464", "content": "草"}, {"uid": "9643544", "content": "草"}, {"uid": "2196375", "content": "草"}, {"uid": "249008376", "content": "草"}, {"uid": "887949", "content": "草"}, {"uid": "660971", "content": "草"}, {"uid": "349229621", "content": "草"}]