[{"uid": "10610167", "content": "恐怖谷"}, {"uid": "483498", "content": "这游戏的帧数还是一如既往"}, {"uid": "41359032", "content": "看把孩子吓得"}, {"uid": "471168390", "content": "糟糕的声音"}, {"uid": "513881387", "content": "两只老虎爱跳舞"}, {"uid": "30462482", "content": "草"}, {"uid": "88532323", "content": "1"}, {"uid": "660836011", "content": "1"}, {"uid": "470328525", "content": "1"}, {"uid": "314512251", "content": "2"}, {"uid": "1517851", "content": "2"}, {"uid": "316941149", "content": "2"}, {"uid": "31427469", "content": "2"}, {"uid": "7548426", "content": "1"}, {"uid": "159233549", "content": "1"}, {"uid": "34372471", "content": "2"}, {"uid": "13159560", "content": "2"}, {"uid": "948218", "content": "2"}, {"uid": "519132925", "content": "2"}, {"uid": "176104", "content": "dd们又在骗了"}, {"uid": "168893553", "content": "2"}, {"uid": "158518790", "content": "2"}, {"uid": "1394267", "content": "1"}, {"uid": "59862780", "content": "1"}, {"uid": "363935885", "content": "你看她笑的多开心啊"}, {"uid": "24176734", "content": "2"}, {"uid": "724293301", "content": "2"}, {"uid": "22361326", "content": "2"}, {"uid": "37722038", "content": "1"}, {"uid": "21819824", "content": "2"}, {"uid": "114964846", "content": "1"}, {"uid": "226838279", "content": "1"}, {"uid": "169273490", "content": "2"}, {"uid": "3743299", "content": "1"}, {"uid": "29475147", "content": "2"}, {"uid": "17061138", "content": "1"}, {"uid": "14008517", "content": "2"}, {"uid": "349229621", "content": "生草时刻"}, {"uid": "349229621", "content": "2"}, {"uid": "8877904", "content": "2"}, {"uid": "5339868", "content": "1"}, {"uid": "5441456", "content": "1"}, {"uid": "402136314", "content": "1"}, {"uid": "259216580", "content": "1"}, {"uid": "11631037", "content": "1"}, {"uid": "217026333", "content": "2"}, {"uid": "400662931", "content": "1"}, {"uid": "282908974", "content": "1"}, {"uid": "35184147", "content": "1"}, {"uid": "123542282", "content": "2"}, {"uid": "167489024", "content": "1"}, {"uid": "317308855", "content": "2"}, {"uid": "96128446", "content": "1"}, {"uid": "82659133", "content": "这个游戏一点都不恐怖，甚至还有点滑稽"}, {"uid": "628343190", "content": "2"}, {"uid": "288396335", "content": "2"}, {"uid": "34453055", "content": "2"}, {"uid": "73802844", "content": "2"}, {"uid": "25334154", "content": "2"}, {"uid": "42508286", "content": "2"}, {"uid": "66744611", "content": "怎么每次冲着pien跑过去了哈哈哈哈哈哈"}, {"uid": "1743763", "content": "2"}, {"uid": "201294323", "content": "2"}, {"uid": "5861222", "content": "1"}, {"uid": "28498503", "content": "1"}, {"uid": "48414208", "content": "惨叫声帮大忙了"}, {"uid": "7683457", "content": "1"}, {"uid": "7770225", "content": "2"}, {"uid": "494145454", "content": "红红火火恍恍惚惚"}, {"uid": "8249137", "content": "1"}, {"uid": "5707639", "content": "神龙厉害"}, {"uid": "6737726", "content": "2"}, {"uid": "37773475", "content": "1"}, {"uid": "128678080", "content": "2"}, {"uid": "809164", "content": "2"}, {"uid": "4006277", "content": "声控游戏？"}, {"uid": "65816582", "content": "2"}, {"uid": "289074830", "content": "1"}, {"uid": "509377294", "content": "1"}, {"uid": "4306822", "content": "2"}, {"uid": "6365875", "content": "她在狂笑"}, {"uid": "584974", "content": "1"}, {"uid": "6365875", "content": "1"}, {"uid": "349202513", "content": "2"}, {"uid": "100695733", "content": "微笑着面对它"}, {"uid": "326081815", "content": "2"}, {"uid": "50178827", "content": "变变变"}, {"uid": "5707639", "content": "babubabubabu"}, {"uid": "7981926", "content": "可可爱爱"}, {"uid": "211542458", "content": "不讲武德"}, {"uid": "249008376", "content": "好耶!"}, {"uid": "100695733", "content": "来了来了"}, {"uid": "100695733", "content": "可爱 ykl 可爱"}, {"uid": "18713349", "content": "(￣▼￣)"}, {"uid": "584974", "content": "你看ykl笑得多开心啊"}, {"uid": "100695733", "content": "危 ykl 危"}, {"uid": "8618754", "content": "来了来了"}, {"uid": "82659133", "content": "草"}, {"uid": "234584532", "content": "可怕"}, {"uid": "38823421", "content": "肌肉金轮"}, {"uid": "267625153", "content": "哈哈哈"}, {"uid": "179162519", "content": "可爱可爱"}, {"uid": "176104", "content": "以前还不是这个bgm，这是改了？"}, {"uid": "100695733", "content": "好耶（棒读"}, {"uid": "494145454", "content": "hhh"}, {"uid": "106587538", "content": "可爱捏"}, {"uid": "5707639", "content": "paon！！"}, {"uid": "10171147", "content": "可爱！"}, {"uid": "98258", "content": "？"}, {"uid": "471168390", "content": "可爱，ykl，可爱"}, {"uid": "5707639", "content": "草"}, {"uid": "22236911", "content": "Ponkl"}, {"uid": "349229621", "content": "我卡了"}, {"uid": "179162519", "content": "草"}, {"uid": "86031087", "content": "草www"}, {"uid": "15036510", "content": "？？？"}, {"uid": "13244245", "content": "牙白"}, {"uid": "274929468", "content": "来辣"}, {"uid": "100695733", "content": "\\ykl/\\ykl/\\ykl/"}]