[{"uid": "35236311", "content": "谢谢你，任天堂 "}, {"uid": "89543", "content": "草"}, {"uid": "89543", "content": "这就很尴尬"}, {"uid": "35568469", "content": "草"}, {"uid": "35568469", "content": "哈哈哈哈哈哈"}, {"uid": "12709504", "content": "慢慢倾倒这也太快了"}, {"uid": "6863655", "content": "！！！"}, {"uid": "6863655", "content": "こんゆかたん"}, {"uid": "85897562", "content": "晚安"}, {"uid": "22182125", "content": "这么快"}, {"uid": "1837024", "content": "88"}, {"uid": "36005920", "content": "晚安，ykl"}, {"uid": "6092143", "content": "晚安"}, {"uid": "58398010", "content": "8888888"}, {"uid": "6092143", "content": "baibai"}, {"uid": "8665575", "content": "88888"}, {"uid": "750656", "content": "晚安"}, {"uid": "52216644", "content": "拜拜"}, {"uid": "402012005", "content": "拜拜"}, {"uid": "11360156", "content": "8888888"}, {"uid": "545105985", "content": "888"}, {"uid": "14008517", "content": "【ending！】"}, {"uid": "1631568449", "content": "拜拜"}, {"uid": "750656", "content": "bye bye"}, {"uid": "30462482", "content": "888"}, {"uid": "2755993", "content": "晚安"}, {"uid": "14008517", "content": "【拜拜 拜拜】"}, {"uid": "249008376", "content": "拜拜～"}, {"uid": "14008517", "content": "【再见哦】"}, {"uid": "35409931", "content": "(°∀°)ﾉ"}, {"uid": "12133535", "content": "晚安"}, {"uid": "14008517", "content": "【辛苦大家啦】"}, {"uid": "14008517", "content": "【那么再见咯】"}, {"uid": "25334154", "content": "拜拜"}, {"uid": "23353808", "content": "拜拜"}, {"uid": "14008517", "content": "【也谢谢字幕组的人】"}, {"uid": "14008517", "content": "【谢谢大家的到来哦】"}, {"uid": "25128316", "content": "お疲れ様でした"}, {"uid": "168217238", "content": "拜拜"}, {"uid": "33555043", "content": "拜拜晚安"}, {"uid": "7595915", "content": "お疲れ様でした"}, {"uid": "35568469", "content": "お休みなさい"}, {"uid": "14008517", "content": "【玩游戏的哦】"}, {"uid": "14008517", "content": "【会征求各种意见】"}, {"uid": "14008517", "content": "【以后的直播】"}, {"uid": "14008517", "content": "【OK OK】"}, {"uid": "14008517", "content": "【非常好玩的游戏？】"}, {"uid": "14008517", "content": "【今天真的谢谢大家呢哦】"}, {"uid": "14008517", "content": "【谢谢哦】"}, {"uid": "3254648", "content": "すっごく楽しいのゲームですよ"}, {"uid": "14008517", "content": "【谢谢 加油加油】"}, {"uid": "934130", "content": "很努力"}, {"uid": "14008517", "content": "【汪酱你说的这个是什么鸭】"}, {"uid": "14008517", "content": "【诶】"}, {"uid": "7595915", "content": "ずっと応援するよ"}, {"uid": "35568469", "content": "頑張って"}, {"uid": "24357615", "content": "社畜ykl工作量怎么样啊"}, {"uid": "14008517", "content": "【希望大家能够一直支持我直播呢】"}, {"uid": "12133535", "content": "加油啦！会常来看你噢"}, {"uid": "14008517", "content": "【所以我要加油直播呢】"}, {"uid": "14008517", "content": "【想要一周三次呢】"}, {"uid": "14008517", "content": "【有点不太行】"}, {"uid": "52216644", "content": "歌回"}, {"uid": "14008517", "content": "【一周一两次】"}, {"uid": "14008517", "content": "【现在的直播啊】"}, {"uid": "3254648", "content": "「港詭實錄」このゲーお願い致します"}, {"uid": "14008517", "content": "【超认真直播的！】"}, {"uid": "14008517", "content": "【尤卡里会开始认真的！】"}, {"uid": "14008517", "content": "【下一周开始呢】"}, {"uid": "14008517", "content": "【谢谢你呐】"}, {"uid": "14008517", "content": "【尤卡里可爱】"}, {"uid": "14008517", "content": "【不不不...不太行呢】"}, {"uid": "3254648", "content": "ホーラーゲお願い致します"}, {"uid": "14008517", "content": "【有点】"}, {"uid": "14008517", "content": "【这这这】"}, {"uid": "14008517", "content": "【恐怖游戏？】"}, {"uid": "7595915", "content": "yklかわいい"}, {"uid": "14008517", "content": "【啊啊啊？】"}, {"uid": "14008517", "content": "【大概】"}, {"uid": "14008517", "content": "【但是这是这周最后一次直播】"}, {"uid": "6863655", "content": "好耶"}, {"uid": "14008517", "content": "【先有一个预定吧】"}, {"uid": "3254648", "content": "お疲れ様でした"}, {"uid": "52216644", "content": "恐怖游戏"}, {"uid": "14008517", "content": "【播什么呢】"}, {"uid": "750656", "content": "好好休息吧"}, {"uid": "3254648", "content": "ゆかたんよく頑張ったえらいえらい"}, {"uid": "14008517", "content": "【下一次的直播呢】"}, {"uid": "14008517", "content": "【那么】"}, {"uid": "52216644", "content": "好耶"}, {"uid": "14008517", "content": "【诶多】"}, {"uid": "1837024", "content": "muamuamua"}, {"uid": "14008517", "content": "【谢谢大家哦】"}, {"uid": "14008517", "content": "【结束了】"}, {"uid": "1837024", "content": "2333"}, {"uid": "14008517", "content": "【今天的健身环呢】"}, {"uid": "14008517", "content": "【所以呢】"}, {"uid": "14008517", "content": "【muamua 大家】"}, {"uid": "14008517", "content": "【我很开心哦】"}, {"uid": "243381046", "content": "但是好平"}, {"uid": "14008517", "content": "【虽然花了很多时间通关】"}, {"uid": "12133535", "content": "好好休息呢"}, {"uid": "14008517", "content": "【今天那一关真的太可恶了】"}, {"uid": "14008517", "content": "【啊 谢谢大家对我的支持哦】"}, {"uid": "243381046", "content": "muamuamuamuamuamua"}, {"uid": "14008517", "content": "【这样应该稍微好一点吧？】"}, {"uid": "358368", "content": "来了来了"}, {"uid": "14008517", "content": "【嗯】"}, {"uid": "14008517", "content": "【舰长和sc都谢谢呢】"}, {"uid": "52216644", "content": "老板大气"}, {"uid": "14008517", "content": "【猴猴桑】"}, {"uid": "14008517", "content": "【谢谢你】"}, {"uid": "243381046", "content": "大气"}, {"uid": "14008517", "content": "【好耶】"}, {"uid": "14008517", "content": "【诶 又是新舰长】"}, {"uid": "14008517", "content": "【好像有点问题】"}, {"uid": "14008517", "content": "【怎么回事】"}, {"uid": "14008517", "content": "【阿勒】"}, {"uid": "14008517", "content": "【等一下哦】"}, {"uid": "14008517", "content": "【调整】"}, {"uid": "14008517", "content": "【诶】"}, {"uid": "14008517", "content": "【看不到了】"}, {"uid": "14008517", "content": "【诶翻译和大家的弹幕都看不到了】"}, {"uid": "14008517", "content": "【稍等一下哦】"}, {"uid": "14008517", "content": "【真的非常感谢大家呢】"}, {"uid": "14008517", "content": "【mua mua】"}, {"uid": "14008517", "content": "【也谢谢你一直以来的支持哦】"}, {"uid": "3254648", "content": "ちゅーちゅーゆかたん"}, {"uid": "14008517", "content": "【我爱你哦】"}, {"uid": "14008517", "content": "【谢谢你的舰长哦】"}, {"uid": "14008517", "content": "【汪酱你来辣】"}, {"uid": "14008517", "content": "【谢谢你！】"}, {"uid": "14008517", "content": "【啊 是汪酱！】"}, {"uid": "14008517", "content": "【overlord】"}, {"uid": "14008517", "content": "【把这个关掉吧】"}, {"uid": "14008517", "content": "【诶多】"}, {"uid": "14008517", "content": "【谢谢大家的支持】"}, {"uid": "14008517", "content": "【今天真的很开心呢】"}, {"uid": "14008517", "content": "【今后也请多多指教哦】"}, {"uid": "14008517", "content": "【谢谢你哦】"}, {"uid": "14008517", "content": "【十香女王】"}, {"uid": "12840237", "content": "啊，刚进来，已经结束了嘛"}, {"uid": "14008517", "content": "【谢谢舰长！】"}, {"uid": "1997896", "content": "刚回到家ykl就结束了"}, {"uid": "14008517", "content": "【哇啊】"}, {"uid": "14008517", "content": "【有点不妙呢】"}, {"uid": "14008517", "content": "【但是今天一关打了三次】"}, {"uid": "14008517", "content": "【真不愧是我啊】"}, {"uid": "750656", "content": "赶快去休息吧"}, {"uid": "496700788", "content": "，，"}, {"uid": "14008517", "content": "【谢谢你们到我直播间来看我哦】"}, {"uid": "584003", "content": "（￣▽￣）"}, {"uid": "6863655", "content": "啊…"}, {"uid": "14008517", "content": "【mua mua】"}, {"uid": "14008517", "content": "【谢谢打钱】"}, {"uid": "14008517", "content": "【我也爱你哦】"}, {"uid": "14008517", "content": "【好耶】"}, {"uid": "14008517", "content": "【我爱你】"}, {"uid": "14008517", "content": "【辛苦？】"}, {"uid": "14008517", "content": "【读sc】"}, {"uid": "14008517", "content": "【啊谢谢！】"}, {"uid": "243381046", "content": "晚安安"}, {"uid": "14008517", "content": "【嗯~~~】"}, {"uid": "3254648", "content": "遅く来る一回勘弁してください"}, {"uid": "14008517", "content": "【等一下哦】"}, {"uid": "243381046", "content": "可以睡觉了"}, {"uid": "14008517", "content": "【诶多】"}, {"uid": "3254648", "content": "こんゆかたん"}, {"uid": "14008517", "content": "【谢谢你们哦】"}, {"uid": "14008517", "content": "【好好 辛苦了】"}, {"uid": "14008517", "content": "【有点吓到了】"}, {"uid": "14008517", "content": "【对不起对不起】"}, {"uid": "14008517", "content": "【啊 牙白】"}, {"uid": "750656", "content": "辛苦了"}, {"uid": "14008517", "content": "【啊 好累累哦】"}, {"uid": "6092143", "content": "辛苦了"}, {"uid": "14008517", "content": "【谢谢大家的到来哦】"}, {"uid": "2609378", "content": "辛苦了辛苦了，好好休息"}, {"uid": "20369025", "content": "辛苦啦！"}, {"uid": "14008517", "content": "【感觉打不了boss呢】"}, {"uid": "14008517", "content": "【尤卡里今天】"}, {"uid": "14008517", "content": "【就到这里了吧】"}, {"uid": "14008517", "content": "【那今天】"}, {"uid": "14008517", "content": "【原来是这样吗】"}, {"uid": "14008517", "content": "【什么哦？】"}, {"uid": "14008517", "content": "【做东西？】"}, {"uid": "14008517", "content": "【游戏菜单】"}, {"uid": "914133", "content": "草"}, {"uid": "14008517", "content": "【嗯】"}, {"uid": "14008517", "content": "【获得了好东西呢】"}, {"uid": "2684659", "content": "スムージーを作るの能力ってｗｗ"}, {"uid": "14008517", "content": "【嗯！】"}, {"uid": "270091324", "content": "ykl辛苦了"}, {"uid": "14008517", "content": "【什——么 什么】"}, {"uid": "268376359", "content": "ykl要变成肌肉人了"}, {"uid": "14008517", "content": "【来了来了来了来了】"}, {"uid": "14008517", "content": "【嗯？】"}, {"uid": "249008376", "content": "可爱"}, {"uid": "750656", "content": "8888888"}, {"uid": "14008517", "content": "【给自己鼓掌耶~】"}, {"uid": "14008517", "content": "【鼓掌鼓掌】"}, {"uid": "312846364", "content": "吧唧吧唧"}, {"uid": "14008517", "content": "【不过还好做到了呢】"}, {"uid": "11589103", "content": "8888888"}, {"uid": "14008517", "content": "【真是太累了】"}, {"uid": "102861942", "content": "8888888"}, {"uid": "14008517", "content": "【胜利！】"}, {"uid": "14008517", "content": "【迎接】"}, {"uid": "14008517", "content": "【蹲下】"}, {"uid": "243381046", "content": "可喜可贺可喜可贺"}, {"uid": "14008517", "content": "【OK】"}, {"uid": "10103467", "content": "888888"}, {"uid": "14008517", "content": "【终于到达这里了】"}, {"uid": "249008376", "content": "88888888"}, {"uid": "14008517", "content": "【啊】"}, {"uid": "14008517", "content": "【好耶好耶】"}, {"uid": "2609378", "content": "辛苦了辛苦了"}, {"uid": "2609378", "content": "好耶"}, {"uid": "14008517", "content": "【我做到啦】"}, {"uid": "345596760", "content": "好耶"}, {"uid": "14008517", "content": "【成功啦】"}, {"uid": "14008517", "content": "【啊啊啊啊】"}, {"uid": "14008517", "content": "【胜利预定】"}, {"uid": "14008517", "content": "【肯定已经赢啦】"}, {"uid": "14008517", "content": "【就决定是这个了】"}, {"uid": "35434207", "content": "（￣▽￣）"}, {"uid": "14008517", "content": "【下一个】"}, {"uid": "14008517", "content": "【OK】"}, {"uid": "14008517", "content": "【因为是天才所以肯定能赢的吧！】"}, {"uid": "280609754", "content": "牙白的声音"}, {"uid": "14008517", "content": "【好耶】"}, {"uid": "21198922", "content": "加油！"}, {"uid": "14008517", "content": "【筋肉天才ykl？】"}, {"uid": "14008517", "content": "【哈啊】"}, {"uid": "14008517", "content": "【慢慢地】"}, {"uid": "14008517", "content": "【慢慢地向左】"}, {"uid": "14008517", "content": "【慢慢地】"}, {"uid": "14008517", "content": "【这下肯定不会输的！】"}, {"uid": "9826153", "content": "肌肉天才ykl"}, {"uid": "14008517", "content": "【用这个姿势吧】"}, {"uid": "14008517", "content": "【保险一下】"}, {"uid": "9826153", "content": "8888888"}, {"uid": "14008517", "content": "【有点不妙呢】"}, {"uid": "14008517", "content": "【我要赢啦】"}, {"uid": "14008517", "content": "【赢啦赢啦】"}, {"uid": "14008517", "content": "【啊一下就飞了】"}, {"uid": "14008517", "content": "【呜诶】"}, {"uid": "14008517", "content": "【这次肯定不会输啦！】"}, {"uid": "64229", "content": "いけいけ"}, {"uid": "14008517", "content": "【用这个吧】"}, {"uid": "14008517", "content": "【嗯】"}, {"uid": "14008517", "content": "【啊~】"}, {"uid": "14008517", "content": "【哈啊】"}, {"uid": "14008517", "content": "【OK】"}, {"uid": "14008517", "content": "【还差一点点呢】"}, {"uid": "14008517", "content": "【啊】"}, {"uid": "14008517", "content": "【一定能行的！】"}, {"uid": "400829971", "content": "(⌒▽⌒)"}, {"uid": "14008517", "content": "【动起来动起来】"}, {"uid": "280420171", "content": "."}, {"uid": "64229", "content": "今回どうやら余裕だな"}, {"uid": "14008517", "content": "【哼！】"}, {"uid": "14008517", "content": "【打倒他！】"}, {"uid": "14008517", "content": "【用这个】"}, {"uid": "14008517", "content": "【啊 我还在飞呢】"}, {"uid": "14008517", "content": "【一二 一二！】"}, {"uid": "14008517", "content": "一二 一二"}, {"uid": "14008517", "content": "【up up】"}, {"uid": "2505198", "content": "行け行け！"}, {"uid": "14008517", "content": "【一二 一二】"}, {"uid": "14008517", "content": "【又失败了】"}, {"uid": "14008517", "content": "【啊啊啊】"}, {"uid": "14008517", "content": "【好这里】"}, {"uid": "14008517", "content": "【要来了!】"}, {"uid": "14008517", "content": "【一直到最后为止！】"}, {"uid": "14008517", "content": "【冲啊】"}, {"uid": "14008517", "content": "【那个商人】"}, {"uid": "400829971", "content": "我来了"}, {"uid": "14008517", "content": "【感谢呢】"}, {"uid": "102861942", "content": "强强"}, {"uid": "14008517", "content": "【好耶！】"}, {"uid": "14008517", "content": "【慢慢地】"}, {"uid": "14008517", "content": "【慢慢地移动到前面】"}, {"uid": "100695733", "content": "(～￣△￣)～"}, {"uid": "14008517", "content": "【这个！】"}, {"uid": "14008517", "content": "【选择】"}, {"uid": "100695733", "content": "毕竟日V第一清楚（自封"}, {"uid": "3933108", "content": "所以，尤卡里强度多少"}, {"uid": "14008517", "content": "【哈！】"}, {"uid": "14008517", "content": "【这个对怪物有加伤】"}, {"uid": "184700026", "content": "11111111"}, {"uid": "14008517", "content": "【这个听起来好像很高兴的样子呢】"}, {"uid": "14008517", "content": "【嗯】"}, {"uid": "14008517", "content": "【好】"}, {"uid": "14008517", "content": "【呼啊】"}, {"uid": "7595915", "content": "ykl声音居然这么清楚"}, {"uid": "14008517", "content": "【好耶】"}, {"uid": "14008517", "content": "【诶咻】"}, {"uid": "12133535", "content": "干巴爹"}, {"uid": "14008517", "content": "【OK】"}, {"uid": "14008517", "content": "【换方向啦】"}, {"uid": "5629692", "content": "这强度是多少"}, {"uid": "112350533", "content": "打卡"}, {"uid": "14008517", "content": "【哦多】"}, {"uid": "14008517", "content": "【诶咻】"}, {"uid": "14008517", "content": "【慢慢地动起来】"}, {"uid": "14008517", "content": "【慢慢地】"}, {"uid": "10437887", "content": "ykl~"}, {"uid": "14008517", "content": "【OK！】"}, {"uid": "14008517", "content": "【这个】"}, {"uid": "14008517", "content": "【好耶】"}, {"uid": "14008517", "content": "【不进攻我】"}, {"uid": "14008517", "content": "【呜~~~】"}, {"uid": "5629692", "content": "这么弱"}, {"uid": "14008517", "content": "【好耶】"}, {"uid": "14008517", "content": "【是这个橙色的敌人】"}, {"uid": "14008517", "content": "【果然是这样呢】"}, {"uid": "6863655", "content": "黄色的"}, {"uid": "14008517", "content": "【就选这个了】"}, {"uid": "14008517", "content": "【算了】"}, {"uid": "14008517", "content": "【是橙色的吗】"}, {"uid": "14008517", "content": "【现在是在和谁battle啊】"}, {"uid": "14008517", "content": "【下一个不想搞错了呢】"}, {"uid": "14008517", "content": "【阿拉啦？】"}, {"uid": "14008517", "content": "【哦？】"}, {"uid": "14008517", "content": "【是橘色的吗】"}, {"uid": "14008517", "content": "【敌人是谁】"}, {"uid": "14008517", "content": "【是哪个啊】"}, {"uid": "14008517", "content": "【选哪个】"}, {"uid": "270091324", "content": "别选错了"}, {"uid": "423459661", "content": "加油"}, {"uid": "14008517", "content": "【还要选择敌人吗】"}, {"uid": "125349660", "content": "谢谢你任天堂（）"}, {"uid": "14008517", "content": "【嗯？】"}, {"uid": "14008517", "content": "【就用高抬腿吧】"}, {"uid": "125349660", "content": "来力"}, {"uid": "14008517", "content": "【等一下哦】"}, {"uid": "14008517", "content": "【还有姿势】"}, {"uid": "14008517", "content": "【下一个敌人】"}, {"uid": "25334154", "content": "hso"}, {"uid": "7821", "content": "~"}, {"uid": "2179715", "content": "声音好色"}, {"uid": "317308855", "content": "多谢任天堂"}, {"uid": "14008517", "content": "【呼！】"}, {"uid": "14008517", "content": "【呼】"}, {"uid": "14008517", "content": "【呼诶】"}, {"uid": "16379704", "content": "建议泥给禄哒哟"}, {"uid": "249008376", "content": "还行"}, {"uid": "14008517", "content": "【（川剧变脸）】"}, {"uid": "14008517", "content": "【诶好耶好耶】"}, {"uid": "270091324", "content": "还好"}, {"uid": "14008517", "content": "【搞砸了】"}, {"uid": "14008517", "content": "【啊啊啊】"}, {"uid": "14008517", "content": "【会不会又失败啊】"}, {"uid": "14008517", "content": "【哭哭】"}, {"uid": "14008517", "content": "【啊啊啊】"}, {"uid": "14008517", "content": "【好像又选错敌人了】"}, {"uid": "9826153", "content": "草"}, {"uid": "102861942", "content": "ykl没准备aoe技能吗"}, {"uid": "14008517", "content": "【诶？】"}, {"uid": "29042482", "content": "来了"}, {"uid": "14008517", "content": "【好躺下了哦】"}, {"uid": "14008517", "content": "【是敌人呢】"}, {"uid": "14008517", "content": "【啊 又来了】"}, {"uid": "441641", "content": "残念"}, {"uid": "14008517", "content": "【这个转过来了】"}, {"uid": "6863655", "content": "草"}, {"uid": "14008517", "content": "【money money！】"}, {"uid": "14008517", "content": "【money money money】"}, {"uid": "14008517", "content": "【money】"}, {"uid": "30462482", "content": "wwww"}, {"uid": "249008376", "content": "www"}, {"uid": "14008517", "content": "【我的金币啊】"}, {"uid": "14008517", "content": "【www】"}, {"uid": "321394966", "content": "hso"}, {"uid": "14008517", "content": "【库鲁西】"}, {"uid": "102861942", "content": "www"}, {"uid": "14008517", "content": "【捡不到了】"}, {"uid": "14008517", "content": "【我的金币啊】"}, {"uid": "243381046", "content": "哈哈哈哈哈"}, {"uid": "14008517", "content": "【哭哭】"}, {"uid": "14008517", "content": "【啊啊啊牙白】"}, {"uid": "14008517", "content": "【我一定不会再输的】"}, {"uid": "14008517", "content": "【谢谢你的鼓掌哦】"}, {"uid": "14008517", "content": "【嗯？】"}, {"uid": "14008517", "content": "【芜狐】"}, {"uid": "6092143", "content": "8888888"}, {"uid": "14008517", "content": "【我赢啦！】"}, {"uid": "14008517", "content": "【好耶！】"}, {"uid": "14008517", "content": "【慢慢地】"}, {"uid": "14008517", "content": "【哈啊】"}, {"uid": "14008517", "content": "【要慢慢地哦】"}, {"uid": "284959569", "content": "aha"}, {"uid": "14008517", "content": "【再选择】"}, {"uid": "14008517", "content": "【哈啊】"}, {"uid": "35584664", "content": "H"}, {"uid": "7821", "content": "~"}, {"uid": "14008517", "content": "【好耶】"}, {"uid": "35584664", "content": "(〜￣△￣)〜"}, {"uid": "14008517", "content": "【呼啊】"}, {"uid": "14008517", "content": "【慢慢地】"}, {"uid": "14008517", "content": "【我还不够慢吗】"}, {"uid": "14008517", "content": "【再慢一点】"}, {"uid": "14008517", "content": "【慢~慢~地~】"}, {"uid": "14008517", "content": "【嗯~】"}, {"uid": "14008517", "content": "【慢慢地】"}, {"uid": "14008517", "content": "【啊 好厉害鸭】"}, {"uid": "14008517", "content": "【用这个姿势吧】"}, {"uid": "14008517", "content": "【啊来了呢】"}, {"uid": "249008376", "content": "加油"}, {"uid": "14008517", "content": "【嘿哈哈1】"}, {"uid": "14008517", "content": "【OK！】"}, {"uid": "14008517", "content": "【好就这样】"}, {"uid": "2609378", "content": "保持呼吸"}, {"uid": "14008517", "content": "【怎么办呢】"}, {"uid": "67141852", "content": "(°∀°)ﾉykl"}, {"uid": "14008517", "content": "【哭哭】"}, {"uid": "2609378", "content": "慢慢来"}, {"uid": "14008517", "content": "【我失败了】"}, {"uid": "14008517", "content": "【啊等下】"}, {"uid": "14008517", "content": "【好耶】"}, {"uid": "14008517", "content": "【啊 腿好重哦】"}, {"uid": "14008517", "content": "【一定要冷静鸭】"}, {"uid": "14008517", "content": "【let's go！】"}, {"uid": "14008517", "content": "【获得胜利】"}, {"uid": "321394966", "content": "whl"}, {"uid": "14008517", "content": "【这次一定要冷静呢】"}, {"uid": "14008517", "content": "【我加油】"}, {"uid": "14008517", "content": "【去通关吧！】"}, {"uid": "14008517", "content": "【好 谢谢】"}, {"uid": "14008517", "content": "【买这个！】"}, {"uid": "14008517", "content": "【这个这个】"}, {"uid": "14008517", "content": "【果然还是要找商人买回复的东西呢】"}, {"uid": "14008517", "content": "【要继续呢】"}, {"uid": "16379704", "content": "回复技能有吗"}, {"uid": "243381046", "content": "回血的必备不然会输"}, {"uid": "14008517", "content": "【不要不要】"}, {"uid": "14008517", "content": "【诶 停止这个开新的？】"}, {"uid": "14008517", "content": "【新的？】"}, {"uid": "102861942", "content": "多多锻炼就是强强ykl，加油"}, {"uid": "14008517", "content": "【怎么办才好呢】"}, {"uid": "3153180", "content": "尤卡里加油"}, {"uid": "14008517", "content": "【怎么办呢】"}, {"uid": "245096746", "content": "加油啊尤卡里！"}, {"uid": "14008517", "content": "【我一定要赢啊！】"}, {"uid": "14008517", "content": "【再尝试尝试能不能过关吧】"}, {"uid": "3153180", "content": "坚持锻炼身体就可以摆脱杂鱼的身份了"}, {"uid": "2609378", "content": "没关系的，努努力就能做到啊"}, {"uid": "1758139", "content": "雑魚の方が見所がある"}, {"uid": "14008517", "content": "【还是杂鱼】"}, {"uid": "14008517", "content": "【就是这么个道理】"}, {"uid": "14008517", "content": "【对嘛】"}, {"uid": "14008517", "content": "【下一次能过关吗】"}, {"uid": "14008517", "content": "【谢谢礼物哦】"}, {"uid": "243381046", "content": "大家真是坏心眼"}, {"uid": "14008517", "content": "【不要说这么难听的话啦！】"}, {"uid": "102861942", "content": "那不还是杂鱼吗"}, {"uid": "14008517", "content": "【杂鱼里的最强者？】"}, {"uid": "14008517", "content": "【诶？】"}, {"uid": "2609378", "content": "好久不见哦"}, {"uid": "14008517", "content": "【这句话不懂】"}, {"uid": "2609378", "content": "尤卡里，卡哇伊！"}, {"uid": "14008517", "content": "【最强杂鱼ykl】"}, {"uid": "3153180", "content": "杂鱼里的最强"}, {"uid": "14008517", "content": "【谢谢天桑的sc啦】"}, {"uid": "243381046", "content": "最终形态——吃瘪尤卡里"}, {"uid": "14008517", "content": "【尤卡里才不是杂鱼！】"}, {"uid": "25334154", "content": "最强杂鱼 ykl"}, {"uid": "11070957", "content": "最强杂鱼ykl（）"}, {"uid": "14008517", "content": "【尤卡里会继续加油的哦】"}, {"uid": "14008517", "content": "【工作加油哦】"}, {"uid": "14008517", "content": "【你先去工作了？】"}, {"uid": "14008517", "content": "【尤卡里才没有输呢！】"}, {"uid": "14008517", "content": "【尤卡里吃瘪了？】"}, {"uid": "14008517", "content": "【读sc】"}, {"uid": "14008517", "content": "【什么】"}, {"uid": "14008517", "content": "【会这样做的呢】"}, {"uid": "14008517", "content": "【好噢好噢】"}, {"uid": "14008517", "content": "【先集中干掉一个？】"}, {"uid": "243381046", "content": "先集中干掉一个"}, {"uid": "14008517", "content": "【好】"}, {"uid": "3153180", "content": "靠根性"}, {"uid": "503486283", "content": "就离谱"}, {"uid": "14008517", "content": "【先想想办法怎么过了那关】"}, {"uid": "288633788", "content": "？"}, {"uid": "14008517", "content": "【我不会的鸭！】"}, {"uid": "14008517", "content": "【太可怕了】"}, {"uid": "14008517", "content": "【尤卡里能手撕大家？】"}, {"uid": "14008517", "content": "【诶呀1】"}, {"uid": "14008517", "content": "【nya nya】"}, {"uid": "14008517", "content": "【猫猫叫？】"}, {"uid": "243381046", "content": "传下去尤卡里会手撕大象"}, {"uid": "14008517", "content": "【我真的很想清除那关呢】"}, {"uid": "22236911", "content": "传下去，ykl会梯云纵"}, {"uid": "14008517", "content": "【应该怎么办呢】"}, {"uid": "14008517", "content": "【但是话说回来】"}, {"uid": "35584664", "content": "(￣3￣)"}, {"uid": "243381046", "content": "尤卡里可以抱的动我(°∀°)ﾉ(°∀°)"}, {"uid": "14008517", "content": "【尤卡里可能暂时还办不到哦】"}, {"uid": "14008517", "content": "【那太强啦】"}, {"uid": "14008517", "content": "【尤卡里扛着我们跑？】"}, {"uid": "14008517", "content": "【啊？！】"}, {"uid": "14008517", "content": "【会不会是因为体内有两个人的原因呢】"}, {"uid": "313084018", "content": "ykl扛着我们跑（不是）"}, {"uid": "14008517", "content": "【都是樱花在呢】"}, {"uid": "14008517", "content": "【但是啊】"}, {"uid": "14008517", "content": "【哈】"}, {"uid": "12133535", "content": "同传好快，爱了爱了"}, {"uid": "14008517", "content": "【嗯？】"}, {"uid": "3153180", "content": "强强ykl"}, {"uid": "1631568449", "content": "好耶"}, {"uid": "14008517", "content": "【不用哦】"}, {"uid": "14008517", "content": "【尤卡里自己能办到的】"}, {"uid": "12133535", "content": "同传好快，爱了爱了"}, {"uid": "14008517", "content": "【不用不用】"}, {"uid": "14008517", "content": "【我现在就想扛着尤卡里跑】"}, {"uid": "243381046", "content": "别去，以你的力气抱不动"}, {"uid": "14008517", "content": "【什么？】"}, {"uid": "14008517", "content": "【谢谢sc】"}, {"uid": "14008517", "content": "【读sc】"}, {"uid": "14008517", "content": "【耶~~~】"}, {"uid": "243381046", "content": "别去，你的体力抱不动"}, {"uid": "14008517", "content": "【最强好耶~】"}, {"uid": "8665575", "content": "ykl加油"}, {"uid": "335250821", "content": "强强ykl（"}, {"uid": "14008517", "content": "【最强尤卡里？】"}, {"uid": "14008517", "content": "【果然这关有点不太行】"}, {"uid": "16379704", "content": "多带点饮料"}, {"uid": "30462482", "content": "ykl一年以后才是强强ykl"}, {"uid": "14008517", "content": "【我想变成强强尤卡里的】"}, {"uid": "64000094", "content": "我又要去工作了（加油吧！杂魚尤卡里）"}, {"uid": "14008517", "content": "【哭哭】"}, {"uid": "57019199", "content": "多做饮料"}, {"uid": "243381046", "content": "刚才先干掉一个就可以了然后再回血"}, {"uid": "2755993", "content": "最强ykl"}, {"uid": "14008517", "content": "【不要这样说嘛】"}, {"uid": "14008517", "content": "【弱弱什么的】"}, {"uid": "57019199", "content": "升级"}, {"uid": "14008517", "content": "【弱弱尤卡里】"}, {"uid": "14008517", "content": "【但是应该怎么办呢】"}, {"uid": "14008517", "content": "【真的很想清除呢】"}, {"uid": "57019199", "content": "休息下吧"}, {"uid": "243381046", "content": "调整"}, {"uid": "14008517", "content": "【这关】"}, {"uid": "13095802", "content": "弱弱ykl"}, {"uid": "321394966", "content": "孩子都翻白眼了"}, {"uid": "270091324", "content": "休息下吧"}, {"uid": "14008517", "content": "【休息休息】"}, {"uid": "14008517", "content": "【稍微休息一下嘛】"}, {"uid": "6863655", "content": "yk宝你最棒啦"}, {"uid": "14008517", "content": "【嗯？】"}, {"uid": "317359944", "content": "hhhhh，大丈夫"}, {"uid": "102496278", "content": "奇怪的表情"}, {"uid": "21296694", "content": "初见，可爱，结婚，不同意我就去问别人"}, {"uid": "14008517", "content": "【哭哭】"}, {"uid": "243381046", "content": "先干掉一个残血就可以了为什么勒"}, {"uid": "64000094", "content": "白眼(°∀°)ﾉ"}, {"uid": "4006277", "content": "休息一会吗"}, {"uid": "14008517", "content": "【变回来啦~】"}, {"uid": "317359944", "content": "hhhhhhh"}, {"uid": "1559407290", "content": "雏田"}, {"uid": "2630770", "content": "补充点水分休息一会吧"}, {"uid": "14008517", "content": "【等一下哦】"}, {"uid": "313084018", "content": "好怪啊"}, {"uid": "14008517", "content": "【www】"}, {"uid": "14008517", "content": "【眼睛不要这样】"}, {"uid": "313084018", "content": "好乖啊"}, {"uid": "342743856", "content": "过分"}, {"uid": "14008517", "content": "【嘤嘤嘤】"}, {"uid": "270091324", "content": "这表情太怪了"}, {"uid": "14008517", "content": "【太过分了】"}, {"uid": "4006277", "content": "强强ykl"}, {"uid": "245096746", "content": "吓死我了"}, {"uid": "313084018", "content": "奇怪的眼睛"}, {"uid": "14008517", "content": "【啊 呜呜呜】"}, {"uid": "15522", "content": "草"}, {"uid": "14008517", "content": "【明明不想输的】"}, {"uid": "243381046", "content": "明明就差一点点"}, {"uid": "245096746", "content": "你的眼睛不要这样啊"}, {"uid": "14008517", "content": "【嘤嘤嘤】"}, {"uid": "14008517", "content": "【为什么要这么过分啊】"}, {"uid": "30462482", "content": "草"}, {"uid": "14008517", "content": "【明明都是第二次了】"}, {"uid": "14008517", "content": "【呜呜呜】"}, {"uid": "321394966", "content": "草"}, {"uid": "14008517", "content": "【为什么要说出这种话啊】"}, {"uid": "29990327", "content": "泪目了，哈哈哈"}, {"uid": "14008517", "content": "【为什么？！】"}, {"uid": "64000094", "content": "杂魚尤卡里"}, {"uid": "14008517", "content": "【杂鱼？！？！】"}, {"uid": "14008517", "content": "【杂鱼？！】"}, {"uid": "14008517", "content": "【嘤嘤嘤】"}, {"uid": "14008517", "content": "【太过分啦吧】"}, {"uid": "14008517", "content": "【sodayo？】"}, {"uid": "14008517", "content": "【杂鱼？】"}, {"uid": "243381046", "content": "sodayo"}, {"uid": "14008517", "content": "【好累累呢】"}, {"uid": "4006277", "content": "空调？"}, {"uid": "15522", "content": "加油ヾ(◍°∇°◍)ﾉﾞ"}, {"uid": "14008517", "content": "【嘤嘤嘤】"}, {"uid": "14008517", "content": "【呜呜呜呜】"}, {"uid": "14008517", "content": "【难道说今天尤卡里真的是杂鱼吗】"}, {"uid": "243381046", "content": "soday"}, {"uid": "57019199", "content": "杂鱼desu"}, {"uid": "14008517", "content": "【怎么办哦】"}, {"uid": "14008517", "content": "【好热哦】"}, {"uid": "14008517", "content": "【要群攻手段？】"}, {"uid": "14008517", "content": "【好热哦】"}, {"uid": "14008517", "content": "【好了哦】"}, {"uid": "14008517", "content": "【啊 mooo】"}, {"uid": "14008517", "content": "【呜呜呜】"}, {"uid": "14008517", "content": "【还是最后那里失误的问题呢】"}, {"uid": "14008517", "content": "【果然啊】"}, {"uid": "270091324", "content": "要带群体攻击"}, {"uid": "14008517", "content": "【太奇怪了】"}, {"uid": "321394966", "content": "泪目"}, {"uid": "14008517", "content": "【嘤】"}, {"uid": "313084018", "content": "翻译你翻的好啊"}, {"uid": "14008517", "content": "【太过分了】"}, {"uid": "14008517", "content": "【诶 为什么啊】"}, {"uid": "317359944", "content": "休息下吧"}, {"uid": "14008517", "content": "【哼！】"}, {"uid": "14008517", "content": "【我讨厌这关】"}, {"uid": "16379704", "content": "泪目了"}, {"uid": "14008517", "content": "【这关不行了】"}, {"uid": "14008517", "content": "【我不行了】"}, {"uid": "88827011", "content": "嘤嘤嘤"}, {"uid": "245096746", "content": "正好15"}, {"uid": "11070957", "content": "谢谢你，ykl"}, {"uid": "102496278", "content": "什么魔鬼翻译"}, {"uid": "14008517", "content": "【这都是第二次了】"}, {"uid": "8858537", "content": "wwww"}, {"uid": "14008517", "content": "【太过分了】"}, {"uid": "14008517", "content": "【嘤嘤嘤】"}, {"uid": "342743856", "content": "谢谢你，任天堂"}, {"uid": "14008517", "content": "【明明都那么努力了】"}, {"uid": "14008517", "content": "【为什么啊】"}, {"uid": "14008517", "content": "【呜呜呜呜】"}, {"uid": "313084018", "content": "谢谢你，任天堂"}, {"uid": "14008517", "content": "【我指定是不行了】"}, {"uid": "12497108", "content": "hso，不懂就问，这就是日V第一清楚担当嘛www"}, {"uid": "14008517", "content": "【呜呜呜呜】"}, {"uid": "14008517", "content": "【我又输了】"}, {"uid": "14008517", "content": "【啊啊啊啊啊啊】"}, {"uid": "14008517", "content": "【牙白哟】"}, {"uid": "14008517", "content": "【失误了鸭】"}, {"uid": "317359944", "content": "哈哈哈哈哈"}, {"uid": "14008517", "content": "【我搞错了呜呜呜】"}, {"uid": "88827011", "content": "HSO"}, {"uid": "14008517", "content": "【阿勒 阿勒】"}, {"uid": "16379704", "content": "刮痧了"}, {"uid": "64229", "content": "wwwwwww"}, {"uid": "14008517", "content": "【啊 这个】"}, {"uid": "14008517", "content": "【阿勒】"}, {"uid": "14008517", "content": "【我搞错啦！】"}, {"uid": "14008517", "content": "【啊啊啊】"}, {"uid": "14008517", "content": "【这不是左边的家伙？！】"}, {"uid": "14008517", "content": "【阿勒】"}, {"uid": "14008517", "content": "【ok okok】"}, {"uid": "313084018", "content": "hso"}, {"uid": "270091324", "content": "感觉选错了"}, {"uid": "14008517", "content": "【呜啊】"}, {"uid": "14008517", "content": "【坚持住鸭】"}, {"uid": "14008517", "content": "【继续！】"}, {"uid": "14008517", "content": "【啊 用这个吧】"}, {"uid": "52216644", "content": "好耶"}, {"uid": "270091324", "content": "先打一个"}, {"uid": "342743856", "content": "hso"}, {"uid": "317359944", "content": "要注意呼吸节奏哦"}, {"uid": "14008517", "content": "【唔啊啊啊啊】"}, {"uid": "64000094", "content": "來了（"}, {"uid": "14008517", "content": "【等一下等一下】"}, {"uid": "14008517", "content": "【啊 做到了】"}, {"uid": "313084018", "content": "hso"}, {"uid": "7312710", "content": "拿下！终于赶到了！"}, {"uid": "8238757", "content": "kksk"}, {"uid": "14008517", "content": "【先打他】"}, {"uid": "14008517", "content": "【这个家伙肯定更强吧】"}, {"uid": "14008517", "content": "【这个地方】"}, {"uid": "14008517", "content": "战斗"}, {"uid": "14008517", "content": "【来了】"}, {"uid": "887949", "content": "(;¬_¬)"}, {"uid": "14008517", "content": "【这个位置快成了】"}, {"uid": "14008517", "content": "【一二 一二】"}, {"uid": "401749535", "content": "自带翻译可还行"}, {"uid": "14008517", "content": "【啊】"}, {"uid": "14008517", "content": "【抬腿上梯】"}, {"uid": "102496278", "content": "还带翻译好棒呀"}, {"uid": "14008517", "content": "【一定要加把劲飞起来呢】"}, {"uid": "14008517", "content": "【谢谢】"}, {"uid": "14008517", "content": "【好多礼物啊】"}, {"uid": "14008517", "content": "【谢谢礼物】"}, {"uid": "14008517", "content": "【谢谢】"}, {"uid": "14008517", "content": "【我忘记了啊！】"}, {"uid": "14008517", "content": "【啊啊啊啊】"}, {"uid": "14008517", "content": "【啊虽然有点不太明白】"}, {"uid": "317359944", "content": "Ohhhhhhhhhhhhh"}, {"uid": "14008517", "content": "【我赢了耶】"}, {"uid": "14008517", "content": "【太好啦】"}, {"uid": "14008517", "content": "【啊 赢啦赢啦】"}, {"uid": "14008517", "content": "【哟！】"}, {"uid": "401749535", "content": "这也太热血了"}, {"uid": "14008517", "content": "【方向反了】"}, {"uid": "14008517", "content": "【啊搞错了】"}, {"uid": "14008517", "content": "【不太熟悉这个啊】"}, {"uid": "14008517", "content": "【对不起】"}, {"uid": "14008517", "content": "【还是用这个吧】"}, {"uid": "243381046", "content": "强强ykl强强"}, {"uid": "14008517", "content": "【来了呢】"}, {"uid": "14008517", "content": "【哈啊】"}, {"uid": "9826153", "content": "yabai"}, {"uid": "270091324", "content": "谢谢你任天堂"}, {"uid": "9826153", "content": "wwww"}, {"uid": "14008517", "content": "【啊牙白】"}, {"uid": "14008517", "content": "【用抬腿对敌吧】"}, {"uid": "95216173", "content": "谢谢你，任天堂"}, {"uid": "14008517", "content": "【是呢】"}, {"uid": "14008517", "content": "【真的好累累】"}, {"uid": "9826153", "content": "加油"}, {"uid": "14008517", "content": "【啊啊啊啊】"}, {"uid": "6863655", "content": "好耶"}, {"uid": "441641", "content": "hso"}, {"uid": "57019199", "content": "好耶"}, {"uid": "14008517", "content": "【好耶】"}, {"uid": "14008517", "content": "【呜啊】"}, {"uid": "14008517", "content": "【啊 好累累】"}, {"uid": "14008517", "content": "【慢慢抬起】"}, {"uid": "317359944", "content": "哈哈哈，加油"}, {"uid": "14008517", "content": "【怎么了】"}, {"uid": "14008517", "content": "【诶?】"}, {"uid": "14008517", "content": "【哈啊】"}, {"uid": "273382168", "content": "加油"}, {"uid": "14008517", "content": "【椅子姿势】"}, {"uid": "14008517", "content": "【这个】"}, {"uid": "14008517", "content": "【诶多】"}, {"uid": "9826153", "content": "wwww"}, {"uid": "14008517", "content": "【怪物有一点吓人呢】"}, {"uid": "14008517", "content": "【还是喝个饮料吧】"}, {"uid": "347669131", "content": "加油"}, {"uid": "14008517", "content": "【刚刚怎么了鸭】"}, {"uid": "14008517", "content": "【我怎么刚刚没防住啊】"}, {"uid": "3153180", "content": "哈哈哈哈哈哈"}, {"uid": "14008517", "content": "【诶？】"}, {"uid": "14008517", "content": "【哈啊！】"}, {"uid": "14008517", "content": "【腹肌训练】"}, {"uid": "7473228", "content": "啧啧"}, {"uid": "14008517", "content": "【好好】"}, {"uid": "14008517", "content": "【好耶！】"}, {"uid": "4324179", "content": "加油"}, {"uid": "14008517", "content": "【呜啊】"}, {"uid": "14008517", "content": "【啊哟咻】"}, {"uid": "250576578", "content": "これ大変"}, {"uid": "3153180", "content": "强强ykl"}, {"uid": "14008517", "content": "【哟咻】"}, {"uid": "14008517", "content": "【哈啊！】"}, {"uid": "14008517", "content": "【哈啊】"}, {"uid": "14008517", "content": "【好累累】"}, {"uid": "14008517", "content": "【那我躺了】"}, {"uid": "14008517", "content": "【选这个打这家伙吧】"}, {"uid": "487279", "content": "腹筋GUARD！"}, {"uid": "14008517", "content": "【说话有一点损耗体力呢】"}, {"uid": "14008517", "content": "【对呢】"}, {"uid": "14008517", "content": "【哟咻】"}, {"uid": "14008517", "content": "【呼阿】"}, {"uid": "14008517", "content": "【哦 换向了】"}, {"uid": "6863655", "content": "(°∀°)ﾉ"}, {"uid": "14008517", "content": "【这个是只朝向一边吗】"}, {"uid": "14008517", "content": "【呼！】"}, {"uid": "14008517", "content": "【呜】"}, {"uid": "14008517", "content": "【牙白】"}, {"uid": "14008517", "content": "【有一点点痛】"}, {"uid": "14008517", "content": "【啊呀】"}, {"uid": "14008517", "content": "【试试】"}, {"uid": "14008517", "content": "【这个是什么】"}, {"uid": "14008517", "content": "【来了】"}, {"uid": "270091324", "content": "サゲテプシユ"}, {"uid": "14008517", "content": "【好耶 拿到心心啦！】"}, {"uid": "441641", "content": "体能真好"}, {"uid": "14008517", "content": "【一二 一二】"}, {"uid": "14008517", "content": "【诶咻！】"}, {"uid": "14008517", "content": "【一二 一二】"}, {"uid": "267625153", "content": "可爱单推了"}, {"uid": "487279", "content": "可爱"}, {"uid": "14008517", "content": "【就用在这个上面叭】"}, {"uid": "14008517", "content": "【还获得了技能点升级】"}, {"uid": "10277336", "content": "(⌒▽⌒)"}, {"uid": "14008517", "content": "【升级了】"}, {"uid": "14008517", "content": "【好耶揍飞了】"}, {"uid": "14008517", "content": "【加油啊！】"}, {"uid": "14008517", "content": "【呜啊】"}, {"uid": "14008517", "content": "【我超喜欢用这个的】"}, {"uid": "14008517", "content": "【又可以选这个了】"}, {"uid": "14008517", "content": "【好耶 好耶】"}, {"uid": "14008517", "content": "【啊 牙白】"}, {"uid": "14008517", "content": "【欧拉！】"}, {"uid": "14008517", "content": "【炎拳！】"}, {"uid": "14008517", "content": "【炎拳？】"}, {"uid": "14008517", "content": "【呜唉】"}, {"uid": "14008517", "content": "【这个攻击力有一点弱呢】"}, {"uid": "243381046", "content": "使用炎拳吧！(°∀°)ﾉ"}, {"uid": "14008517", "content": "【蓄力】"}, {"uid": "1626145", "content": "1"}, {"uid": "14008517", "content": "【筋肉ykl】"}, {"uid": "14008517", "content": "【好 那就选这个吧】"}, {"uid": "441641", "content": "筋肉ykl"}, {"uid": "14008517", "content": "【真的不想用深蹲】"}, {"uid": "57019199", "content": "用攻击力高的吧"}, {"uid": "14008517", "content": "【还想再来一次椅子姿势】"}, {"uid": "85611334", "content": "ike"}, {"uid": "85611334", "content": "冲啊"}, {"uid": "14008517", "content": "【诶 不想深蹲啊】"}, {"uid": "85611334", "content": "加油 ！！！！"}, {"uid": "14008517", "content": "【哈！】"}, {"uid": "14008517", "content": "【嘿！】"}, {"uid": "14008517", "content": "【余裕 余裕】"}, {"uid": "14008517", "content": "【啊 我累了】"}, {"uid": "14008517", "content": "【让尤卡里加深了误会？】"}, {"uid": "14008517", "content": "【kuso？】"}, {"uid": "243381046", "content": "我都不好意思点破你"}, {"uid": "14008517", "content": "【kuso什么啊】"}, {"uid": "3039303", "content": "（￣▽￣）"}, {"uid": "14008517", "content": "【呜呜呜】"}, {"uid": "14008517", "content": "【啊】"}, {"uid": "14008517", "content": "【拿不到啊】"}, {"uid": "14008517", "content": "【这次能不能拿全部金币呢】"}, {"uid": "487279", "content": "草"}, {"uid": "9826153", "content": "草"}, {"uid": "14008517", "content": "【啊 腿还是有一点酸呢】"}, {"uid": "48414208", "content": "Kuso"}, {"uid": "48414208", "content": "尤卡里更加误会了kus"}, {"uid": "8172211", "content": "Wwww"}, {"uid": "13753527", "content": "来了"}, {"uid": "14008517", "content": "【let's go！】"}, {"uid": "14008517", "content": "【OK OK】"}, {"uid": "14008517", "content": "【走咯！】"}, {"uid": "243381046", "content": "紫菜呗（无慈悲）"}, {"uid": "14008517", "content": "【好 再去吧】"}, {"uid": "245096746", "content": "等级这么低，你还要继续？"}, {"uid": "14008517", "content": "【我才不是变态！】"}, {"uid": "14008517", "content": "【那就去吧】"}, {"uid": "14008517", "content": "【要打败恶魔拯救天使】"}, {"uid": "250576578", "content": "行きましょう！"}, {"uid": "14008517", "content": "【诶 已经足够了吗】"}, {"uid": "48414208", "content": "我不是ISP"}, {"uid": "14008517", "content": "【因为不想再输一次呢】"}, {"uid": "14008517", "content": "【那我买了吧】"}, {"uid": "14008517", "content": "【啊 果然还是要买呢】"}, {"uid": "57019199", "content": "都买了 吧"}, {"uid": "14008517", "content": "【但是没有金币了呢】"}, {"uid": "267625153", "content": "买！"}, {"uid": "267625153", "content": "www"}, {"uid": "6863655", "content": "买"}, {"uid": "14008517", "content": "【怎么办啊 大家】"}, {"uid": "752863", "content": "买 都买"}, {"uid": "208115186", "content": "つかてつかて"}, {"uid": "14008517", "content": "【要再买一个吗】"}, {"uid": "14008517", "content": "【我不想再输一次】"}, {"uid": "245096746", "content": "不客气"}, {"uid": "14008517", "content": "【诶怎么办啊】"}, {"uid": "15516255", "content": "晚上好"}, {"uid": "14008517", "content": "【好 好 好】"}, {"uid": "85611334", "content": "可爱 可爱 "}, {"uid": "10106690", "content": "~"}, {"uid": "14008517", "content": "【好 谢谢 谢谢】"}, {"uid": "14008517", "content": "【读sc】"}, {"uid": "57019199", "content": "好耶"}, {"uid": "9826153", "content": "sc澄清"}, {"uid": "85611334", "content": "好！！！"}, {"uid": "14008517", "content": "【再买一个吧】"}, {"uid": "85611334", "content": "好欸！！！！"}, {"uid": "9826153", "content": "草"}, {"uid": "243381046", "content": "两只~老虎~爱~跳舞~"}, {"uid": "14008517", "content": "【诶诶诶 就是这个】"}, {"uid": "6863655", "content": "是饮料吗"}, {"uid": "14008517", "content": "【去买点饮料吧】"}, {"uid": "85611334", "content": "加油啊！！"}, {"uid": "4006277", "content": "会唱两只老虎爱跳舞"}, {"uid": "245096746", "content": "现在可以准备了吗？"}, {"uid": "14008517", "content": "【诶 等级太低了吗】"}, {"uid": "82659133", "content": "怎么拉了一句("}, {"uid": "14008517", "content": "【谢谢你哦】"}, {"uid": "208115186", "content": "悪いのDD W"}, {"uid": "8129904", "content": "_(:3 ⌒ﾞ)_"}, {"uid": "9826153", "content": "草"}, {"uid": "723450", "content": "hhh"}, {"uid": "243381046", "content": "让ykl感受恐惧吧"}, {"uid": "14008517", "content": "【诶说起来】"}, {"uid": "14008517", "content": "【尤卡里也想变强强呢】"}, {"uid": "243381046", "content": "拜托了，怪物们"}, {"uid": "14008517", "content": "【再调试一下这个mic】"}, {"uid": "9826153", "content": "拜托了 肌肉"}, {"uid": "20220840", "content": "（￣▽￣）"}, {"uid": "250576578", "content": "一緒にするな→_→"}, {"uid": "142319406", "content": "晚上好"}, {"uid": "14008517", "content": "【再次开始吧】"}, {"uid": "208115186", "content": "頑張る"}, {"uid": "57019199", "content": "好耶"}, {"uid": "14008517", "content": "【休息好了】"}, {"uid": "14008517", "content": "【好了】"}, {"uid": "14008517", "content": "【再等一下下吧】"}, {"uid": "14008517", "content": "【呜哦】"}, {"uid": "14008517", "content": "【筋肉dd？】"}, {"uid": "14008517", "content": "【啊 什么？】"}, {"uid": "14008517", "content": "【加油加油】"}, {"uid": "10502632", "content": "别骂了别骂了"}, {"uid": "245096746", "content": "怎么又突然骂人了？"}, {"uid": "919764", "content": "魔鬼筋肉DD"}, {"uid": "278677", "content": "元气少女  关注了"}, {"uid": "14008517", "content": "【好耶】"}, {"uid": "208115186", "content": "みんな全部オタクだW"}, {"uid": "14008517", "content": "【dd也很弱哦？】"}, {"uid": "243381046", "content": "我才不是"}, {"uid": "14008517", "content": "【那就是说】"}, {"uid": "14008517", "content": "【dd也没有体力】"}, {"uid": "243381046", "content": "我可以抱着ykl跑(°∀°)ﾉ(°∀°)"}, {"uid": "208115186", "content": "残念ねW"}, {"uid": "2755993", "content": "Dd没体力的"}, {"uid": "14008517", "content": "【好累哦】"}, {"uid": "14008517", "content": "【还是说我这个vup啊】"}, {"uid": "14008517", "content": "【dd也是杂鱼体力吗】"}, {"uid": "14008517", "content": "【真的吗】"}, {"uid": "14008517", "content": "【大家杂鱼体力？】"}, {"uid": "14008517", "content": "【好热好热】"}, {"uid": "208115186", "content": "疲れちゃったWW"}, {"uid": "85611334", "content": "ykl真的很精神 很元气啊！"}, {"uid": "14008517", "content": "【现在是杂谈时间哦】"}, {"uid": "7009353", "content": "ykl晚上好！"}, {"uid": "243381046", "content": "大家都是杂鱼体力(°∀°)ﾉ"}, {"uid": "14008517", "content": "【欢迎哦】"}, {"uid": "14008517", "content": "【晚上好】"}, {"uid": "14008517", "content": "【让我再休息一下吧】"}, {"uid": "85611334", "content": "每天能看到ykl真的很开心啊"}, {"uid": "14008517", "content": "【mua mua】"}, {"uid": "3885523", "content": "(°∀°)ﾉ"}, {"uid": "267625153", "content": "晚上好！"}, {"uid": "85611334", "content": "mua"}, {"uid": "14008517", "content": "【虽然一直都有点糟糕呢】"}, {"uid": "48414208", "content": "我是龍淵"}, {"uid": "14008517", "content": "【有点糟糕】"}, {"uid": "234518633", "content": "晚上好！！"}, {"uid": "208115186", "content": "大丈夫ですよ"}, {"uid": "267625153", "content": "ykl！"}, {"uid": "14008517", "content": "【身体反应有点不好】"}, {"uid": "14008517", "content": "【今天】"}, {"uid": "6863655", "content": "mua"}, {"uid": "14008517", "content": "【诶多】"}, {"uid": "14008517", "content": "【mua mua】"}, {"uid": "14008517", "content": "【好开心】"}, {"uid": "14008517", "content": "【可爱？】"}, {"uid": "14008517", "content": "【就这样吧】"}, {"uid": "243381046", "content": "啊啊啊啊啊啊啊啊"}, {"uid": "79646219", "content": "(･∀･)"}, {"uid": "208115186", "content": "初めまして君はかわいいよ"}, {"uid": "243381046", "content": "你很可爱"}, {"uid": "14008517", "content": "【面部反应稍微有一点不太妙】"}, {"uid": "4006277", "content": "wwwwwww"}, {"uid": "14008517", "content": "【等一下哦】"}, {"uid": "14008517", "content": "【谢谢打钱】"}, {"uid": "14008517", "content": "【谢谢你，任天堂！】"}, {"uid": "14008517", "content": "【读sc】"}, {"uid": "14008517", "content": "【啊 谢谢】"}, {"uid": "21198922", "content": "谢谢你任天堂"}, {"uid": "14008517", "content": "【欢迎！】"}, {"uid": "14008517", "content": "【诶 是moipass桑？】"}, {"uid": "270091324", "content": "就是受不了的意思"}, {"uid": "14008517", "content": "【还是很累】"}, {"uid": "1843320457", "content": "晚下好啊"}, {"uid": "243381046", "content": "你受不了了他们也受不了了"}, {"uid": "14008517", "content": "【我现在还在调整呼吸】"}, {"uid": "14008517", "content": "【初见】"}, {"uid": "14008517", "content": "【晚上好】"}, {"uid": "441606900", "content": "筋肉ムキムキを目指して"}, {"uid": "243381046", "content": "就是遭不住了"}, {"uid": "14008517", "content": "【谢谢你的sc哦】"}, {"uid": "25128316", "content": "加油"}, {"uid": "14008517", "content": "【sorry】"}, {"uid": "14008517", "content": "【遭不住是什么哦？】"}, {"uid": "243381046", "content": "傻香？"}, {"uid": "245096746", "content": "别放弃"}, {"uid": "14008517", "content": "【嗯？】"}, {"uid": "14008517", "content": "【读sc】"}, {"uid": "14008517", "content": "【刚刚身体真的有点不在状态】"}, {"uid": "245096746", "content": "加油"}, {"uid": "7595915", "content": "初見だ！！こんばんは〜ykl"}, {"uid": "385746108", "content": "牙白哟"}, {"uid": "14008517", "content": "【我很开心】"}, {"uid": "14008517", "content": "【谢谢你~】"}, {"uid": "6863655", "content": "爱ykl"}, {"uid": "14008517", "content": "【尤卡里我爱你】"}, {"uid": "14008517", "content": "【我爱你？】"}, {"uid": "1455918225", "content": "软体不稳定"}, {"uid": "3885523", "content": "（￣▽￣）"}, {"uid": "2755993", "content": "我爱YKL"}, {"uid": "14008517", "content": "【真的牙白】"}, {"uid": "14008517", "content": "【牙白哟】"}, {"uid": "85611334", "content": "yyds  ykl"}, {"uid": "85611334", "content": "爱你呀 ykl"}, {"uid": "14008517", "content": "【www】"}, {"uid": "9826153", "content": "草"}, {"uid": "14008517", "content": "【yyds】"}, {"uid": "14008517", "content": "【谢谢任天堂】"}, {"uid": "14008517", "content": "【喝个水】"}, {"uid": "14008517", "content": "【水】"}, {"uid": "33810660", "content": "任天堂yyds"}, {"uid": "14008517", "content": "【调整调整呼吸】"}, {"uid": "14008517", "content": "【等我一下下哦】"}, {"uid": "245096746", "content": "我没想到我跟着她一起做了"}, {"uid": "190650", "content": "谢谢你任天堂"}, {"uid": "14008517", "content": "【调整一下哦】"}, {"uid": "85611334", "content": "ok "}, {"uid": "14008517", "content": "【等一下 呼吸有点乱了】"}, {"uid": "3885523", "content": "休息一下"}, {"uid": "13138770", "content": "来了来了"}, {"uid": "14008517", "content": "【呜】"}, {"uid": "33810660", "content": "好家伙"}, {"uid": "14008517", "content": "【我休息一下】"}, {"uid": "411956117", "content": "休息下"}, {"uid": "14008517", "content": "【我好累啊】"}, {"uid": "85611334", "content": "我爱你 ！！！！"}, {"uid": "14008517", "content": "【呜啊】"}, {"uid": "14008517", "content": "【真的不行了】"}, {"uid": "14008517", "content": "【感觉要死了】"}, {"uid": "14008517", "content": "【休息一下】"}, {"uid": "496700788", "content": "，，，"}, {"uid": "14008517", "content": "【牙白啊】"}, {"uid": "14008517", "content": "【】啊"}, {"uid": "14008517", "content": "【等下】"}, {"uid": "17798209", "content": "谢谢你任天堂"}, {"uid": "14008517", "content": "【为什么啊】"}, {"uid": "11589103", "content": "www"}, {"uid": "14008517", "content": "【啊啊啊 明明都到最后了】"}, {"uid": "245096746", "content": "输掉了"}, {"uid": "808813", "content": "麻吉"}, {"uid": "14008517", "content": "【真的假的啊】"}, {"uid": "2849904", "content": "草"}, {"uid": "14008517", "content": "【骗人的吧？！】"}, {"uid": "14008517", "content": "【真假啊】"}, {"uid": "1455918225", "content": "谢谢你人泥"}, {"uid": "9826153", "content": "草"}, {"uid": "14008517", "content": "【诶 骗人的吧！】"}, {"uid": "28820431", "content": "我爱vr游戏"}, {"uid": "85611334", "content": "谢谢你 任天堂"}, {"uid": "49869452", "content": "hso"}, {"uid": "14008517", "content": "【啊啊】"}, {"uid": "14008517", "content": "【呼啊】"}, {"uid": "14008517", "content": "【累累】"}, {"uid": "2849904", "content": "谢谢你 任天堂"}, {"uid": "181230", "content": "草"}, {"uid": "2755993", "content": "谢谢你索天堂360"}, {"uid": "14008517", "content": "【啊啊啊】"}, {"uid": "411956117", "content": "啊     我要变奇怪了"}, {"uid": "9826153", "content": "草"}, {"uid": "808813", "content": "谢谢你 任天堂"}, {"uid": "3885523", "content": "(〜￣△￣)〜谢谢你 任天堂"}, {"uid": "507003577", "content": "谢谢你任天堂"}, {"uid": "14008517", "content": "【用抬腿好了】"}, {"uid": "14008517", "content": "【饮茶会比较好吧】"}, {"uid": "14008517", "content": "【啊要死了】"}, {"uid": "14008517", "content": "【哈】"}, {"uid": "11461", "content": "(°∀°)ﾉ谢谢你任天堂"}, {"uid": "14008517", "content": "【啊】"}, {"uid": "14008517", "content": "【呜啊】"}, {"uid": "14008517", "content": "【太快了？】"}, {"uid": "85611334", "content": "谢谢你 任天堂！！！"}, {"uid": "14008517", "content": "【阿勒】"}, {"uid": "14008517", "content": "【诶 阿勒】"}, {"uid": "2598998", "content": "。"}, {"uid": "14008517", "content": "【啊啊啊 心跳有点快呢】"}, {"uid": "11360156", "content": "ykl"}, {"uid": "85611334", "content": "加油啊 ykl"}, {"uid": "14008517", "content": "【真的好累啊】"}, {"uid": "3885523", "content": "（￣▽￣）"}, {"uid": "2755993", "content": "好耶"}, {"uid": "85611334", "content": "晚上好 ！！！ ykl"}, {"uid": "934130", "content": "HSO"}, {"uid": "14008517", "content": "【好好好好】"}, {"uid": "14008517", "content": "【啊】"}, {"uid": "10955832", "content": "晚上好哦⊙∀⊙！"}, {"uid": "14008517", "content": "【啊】"}, {"uid": "14008517", "content": "【help】"}, {"uid": "14008517", "content": "【呀啊~】"}, {"uid": "14008517", "content": "【这里还有怪的？】"}, {"uid": "14008517", "content": "【啊】"}, {"uid": "354740120", "content": "（￣▽￣）"}, {"uid": "14008517", "content": "【飞】"}, {"uid": "14008517", "content": "【啊啊啊啊啊啊啊】"}, {"uid": "14008517", "content": "【接近了】"}, {"uid": "1455918225", "content": "得找个阿玛宗配下种"}, {"uid": "3456435", "content": "(°∀°)ﾉ"}, {"uid": "14008517", "content": "【一二】"}, {"uid": "243381046", "content": "加油"}, {"uid": "14008517", "content": "【诶多】"}, {"uid": "16994178", "content": "hso"}, {"uid": "14008517", "content": "【飞不起来了呜呜呜】"}, {"uid": "14008517", "content": "【好痛哦】"}, {"uid": "245096746", "content": "到第四章了吗？"}, {"uid": "14008517", "content": "【快抬不起腿了】"}, {"uid": "100695733", "content": "弱弱体质"}, {"uid": "14008517", "content": "【太累啦】"}, {"uid": "14008517", "content": "【跳】"}, {"uid": "7105121", "content": "不够快（"}, {"uid": "14008517", "content": "【我的金币啊】"}, {"uid": "14008517", "content": "【我掉下来了】"}, {"uid": "14008517", "content": "【啊啊啊啊啊啊】"}, {"uid": "14008517", "content": "【开始】"}, {"uid": "14008517", "content": "【调整一下位置】"}, {"uid": "394186398", "content": "加油"}, {"uid": "14008517", "content": "【等下】"}, {"uid": "3885523", "content": "(°∀°)ﾉ"}, {"uid": "14008517", "content": "【不太妙啊】"}, {"uid": "14008517", "content": "【好久都没运动过了】"}, {"uid": "3885523", "content": "加油"}, {"uid": "14008517", "content": "【呜诶】"}, {"uid": "14008517", "content": "【好累】"}, {"uid": "14008517", "content": "【不妙啊】"}, {"uid": "407217061", "content": "(◦˙▽˙◦)"}, {"uid": "2755993", "content": "辛苦辣"}, {"uid": "4006277", "content": "强强ykl"}, {"uid": "6863655", "content": "好耶"}, {"uid": "14008517", "content": "【真的累累】"}, {"uid": "14008517", "content": "【累累】"}, {"uid": "14008517", "content": "【赢了】"}, {"uid": "243381046", "content": "哎嘿嘿~"}, {"uid": "39463547", "content": "whl"}, {"uid": "14008517", "content": "【累累】"}, {"uid": "411956117", "content": "诶嘿嘿嘿嘿嘿嘿嘿"}, {"uid": "14008517", "content": "【啊 啊】"}, {"uid": "46905947", "content": "h"}, {"uid": "68060881", "content": "hso"}, {"uid": "14008517", "content": "【蹲不下去啊】"}, {"uid": "243381046", "content": "哎嘿嘿嘿嘿嘿嘿嘿嘿"}, {"uid": "14008517", "content": "【啊 牙白】"}, {"uid": "94366539", "content": "hso"}, {"uid": "20369025", "content": "hso"}, {"uid": "94366539", "content": "？？？牙白"}, {"uid": "14008517", "content": "【太累了】"}, {"uid": "411956117", "content": "诶嘿嘿嘿嘿"}, {"uid": "14008517", "content": "【已经...不行了】"}, {"uid": "343763039", "content": "hso"}, {"uid": "14008517", "content": "【好累啊】"}, {"uid": "14008517", "content": "【呜啊】"}, {"uid": "14008517", "content": "【还有一个】"}, {"uid": "14008517", "content": "【好耶 打飞了】"}, {"uid": "46905947", "content": "好家伙"}, {"uid": "4006277", "content": "牙白"}, {"uid": "243381046", "content": "我觉得有可能要败北，加油ykl(°∀°)"}, {"uid": "46905947", "content": "？？"}, {"uid": "620165048", "content": "がんばれ"}, {"uid": "68060881", "content": "好家伙"}, {"uid": "14008517", "content": "【打这个吧】"}, {"uid": "124778844", "content": "这声音太牙白了"}, {"uid": "14008517", "content": "【我累了】"}, {"uid": "14008517", "content": "【呀！】"}, {"uid": "14008517", "content": "【太快了吧】"}, {"uid": "14008517", "content": "【又是这个】"}, {"uid": "28820431", "content": "真是个好游戏"}, {"uid": "14008517", "content": "【慢慢地】"}, {"uid": "14008517", "content": "【来了！】"}, {"uid": "14008517", "content": "【好 就选这个椅子】"}, {"uid": "23279903", "content": "这个声音"}, {"uid": "68060881", "content": "尤卡里晚上好"}, {"uid": "14008517", "content": "【好耶】"}, {"uid": "14008517", "content": "【回血了】"}, {"uid": "14008517", "content": "【喝这个吧】"}, {"uid": "46905947", "content": "谢谢你任天堂"}, {"uid": "27656337", "content": "キープ"}, {"uid": "14008517", "content": "【这下怎么办才好呢】"}, {"uid": "14008517", "content": "【要没了啊】"}, {"uid": "1758139", "content": "谢谢你，任天堂"}, {"uid": "14008517", "content": "【啊啊啊】"}, {"uid": "14008517", "content": "【防住】"}, {"uid": "2755993", "content": "谢谢你 ykl"}, {"uid": "14008517", "content": "【啊】"}, {"uid": "2755993", "content": "好耶"}, {"uid": "230924097", "content": "谢谢你，任天堂"}, {"uid": "14008517", "content": "【继续 继续】"}, {"uid": "27656337", "content": "keep"}, {"uid": "14008517", "content": "【啊】"}, {"uid": "14008517", "content": "【呜啊】"}, {"uid": "14008517", "content": "【我好累 呜呜呜】"}, {"uid": "14008517", "content": "【选这个吧】"}, {"uid": "14008517", "content": "【下一个打谁呢】"}, {"uid": "14008517", "content": "【我真的累了】"}, {"uid": "14008517", "content": "【啊 好累啊】"}, {"uid": "14008517", "content": "【啊 形式不妙】"}, {"uid": "243381046", "content": "任天堂也很keep哦"}, {"uid": "14008517", "content": "【来了】"}, {"uid": "14008517", "content": "【还有一个？】"}, {"uid": "14008517", "content": "【哦多】"}, {"uid": "373951", "content": "(･∀･)"}, {"uid": "14008517", "content": "【防住！】"}, {"uid": "14008517", "content": "【好耶】"}, {"uid": "243381046", "content": "good job"}, {"uid": "14008517", "content": "【OK】"}, {"uid": "27656337", "content": "ああああああああ！"}, {"uid": "14008517", "content": "【好】"}, {"uid": "14008517", "content": "【选择这个】"}, {"uid": "14008517", "content": "【刚刚的那个好累哦】"}, {"uid": "356253161", "content": "好怕我爸妈误会"}, {"uid": "188050024", "content": "你太大声了"}, {"uid": "14008517", "content": "【牙白】"}, {"uid": "82659133", "content": "hso"}, {"uid": "14008517", "content": "【啊啊啊】"}, {"uid": "14008517", "content": "【还有一个吗？！】"}, {"uid": "14008517", "content": "【啊 不要啊！】"}, {"uid": "4006277", "content": "hso"}, {"uid": "356253161", "content": "饿啊"}, {"uid": "14008517", "content": "【哈啊】"}, {"uid": "14008517", "content": "【呜啊】"}, {"uid": "14008517", "content": "【打倒一个了】"}, {"uid": "14008517", "content": "【啊 我的腿啊】"}, {"uid": "270091324", "content": "这里应该用群体技能吧"}, {"uid": "14008517", "content": "【啊 有点累】"}, {"uid": "14008517", "content": "【蹲 起】"}, {"uid": "54889602", "content": "。"}, {"uid": "14008517", "content": "【哟 多】"}, {"uid": "14008517", "content": "【一】"}, {"uid": "14008517", "content": "【好深蹲】"}, {"uid": "27656337", "content": "谢谢你，任天堂"}, {"uid": "14008517", "content": "【就选择这个吧】"}, {"uid": "14008517", "content": "【好多啊】"}, {"uid": "14008517", "content": "【啊 怪物又来了】"}, {"uid": "14008517", "content": "【啊 原来是可以破坏的】"}, {"uid": "14008517", "content": "【拿到心心了】"}, {"uid": "14008517", "content": "【啊 这里搞错了】"}, {"uid": "14008517", "content": "【好多金币 谢谢】"}, {"uid": "14008517", "content": "【啊 lucky】"}, {"uid": "14008517", "content": "【一二 一二】"}, {"uid": "14008517", "content": "【好耶 继续吧】"}, {"uid": "14008517", "content": "【太累了】"}, {"uid": "14008517", "content": "【好累啊】"}, {"uid": "14008517", "content": "【好耶我赢了】"}, {"uid": "14008517", "content": "【力量有点小弱】"}, {"uid": "14008517", "content": "【啊 肌肉有一点酸了】"}, {"uid": "25128316", "content": "谢谢你任天堂"}, {"uid": "14008517", "content": "【再次用椅子姿势吧】"}, {"uid": "29990327", "content": "谢谢你任天堂"}, {"uid": "14008517", "content": "【不能输给这个怪兽！】"}, {"uid": "31837155", "content": "来喽来喽"}, {"uid": "6863655", "content": "hso"}, {"uid": "15710047", "content": "谢谢你任天堂"}, {"uid": "14008517", "content": "【啊 真的好累】"}, {"uid": "243381046", "content": "喝点可乐吧～(￣▽￣～)"}, {"uid": "16516423", "content": "谢谢你任天堂"}, {"uid": "3762504", "content": "谢谢你  ykl"}, {"uid": "114964846", "content": "谢谢你任天堂"}, {"uid": "14008517", "content": "【啊 身体有点】"}, {"uid": "14008517", "content": "【啊 出错啦！】"}, {"uid": "22914743", "content": "我不对劲"}, {"uid": "19438175", "content": "谢谢谢谢"}, {"uid": "14092872", "content": "感谢任天堂"}, {"uid": "14008517", "content": "【好难】"}, {"uid": "14008517", "content": "【啊 这个好累啊】"}, {"uid": "21198922", "content": "谢谢你 任天堂"}, {"uid": "82659133", "content": "杂鱼体力"}, {"uid": "9826153", "content": "azhe"}, {"uid": "243381046", "content": "我不对劲"}, {"uid": "243381046", "content": "好奇怪啊"}, {"uid": "4006277", "content": "感谢任地狱"}, {"uid": "14008517", "content": "【就这个吧】"}, {"uid": "14008517", "content": "【再次选择】"}, {"uid": "14008517", "content": "【诶多】"}, {"uid": "14008517", "content": "【啊 我的腿】"}, {"uid": "51551433", "content": "谢谢任天堂"}, {"uid": "35184147", "content": "这才刚开始啊"}, {"uid": "14008517", "content": "【防御！】"}, {"uid": "14008517", "content": "【好耶好耶】"}, {"uid": "14008517", "content": "【腿稍微有点痛】"}, {"uid": "14008517", "content": "【啊 有一点酸】"}, {"uid": "382910589", "content": "がんばれー"}, {"uid": "2755993", "content": "谢谢你 ykl 我爱你"}, {"uid": "14008517", "content": "【椅子】"}, {"uid": "243381046", "content": "好像是的"}, {"uid": "14008517", "content": "【就这个】"}, {"uid": "14008517", "content": "【选择动作吧】"}, {"uid": "22236911", "content": "她是不是刚开始就开始喘了"}, {"uid": "14008517", "content": "【怪物来了】"}, {"uid": "243381046", "content": "嗯哼啊啊啊啊啊啊啊啊"}, {"uid": "14008517", "content": "【谢谢谢谢】"}, {"uid": "4006277", "content": "届不到？"}, {"uid": "14008517", "content": "【尤卡里加油】"}, {"uid": "14008517", "content": "【怎么回事哦】"}, {"uid": "14008517", "content": "【啊 捡不到啊】"}, {"uid": "823979", "content": "谢谢你，任天堂"}, {"uid": "24213985", "content": "！！！"}, {"uid": "14008517", "content": "【呜哇哇哇哇】"}, {"uid": "295527841", "content": "原画会比其他画质接收画面快一点的"}, {"uid": "14008517", "content": "【我的金币】"}, {"uid": "14008517", "content": "【啊啊啊】"}, {"uid": "14008517", "content": "【谢谢礼物】"}, {"uid": "496700788", "content": "楽屋だ、ユカレー頑張って"}, {"uid": "14008517", "content": "【啊 这个地方】"}, {"uid": "14008517", "content": "【现在这种程度没问题呢】"}, {"uid": "14008517", "content": "【怎么啦？】"}, {"uid": "14008517", "content": "【这样走】"}, {"uid": "14008517", "content": "【一二 一二】"}, {"uid": "14008517", "content": "【开始了哦】"}, {"uid": "3762504", "content": "来吧！"}, {"uid": "14008517", "content": "【好 出发咯！】"}, {"uid": "14008517", "content": "【honey】"}, {"uid": "14008517", "content": "【start！】"}, {"uid": "14008517", "content": "【那么我们开始吧】"}, {"uid": "243381046", "content": "OK卡"}, {"uid": "14008517", "content": "【大家准备好了吗？】"}, {"uid": "14008517", "content": "【我们开始吧】"}, {"uid": "14008517", "content": "【那么事不宜迟】"}, {"uid": "14008517", "content": "【阿勒？阿勒？等一下】"}, {"uid": "14008517", "content": "【啊 谢谢西瓜】"}, {"uid": "564696121", "content": "来了"}, {"uid": "14008517", "content": "【阿勒？阿勒？】"}, {"uid": "14008517", "content": "【啊等一下等一下】"}, {"uid": "239803753", "content": "嘟嘟噜"}, {"uid": "20369025", "content": "加油！"}, {"uid": "243381046", "content": "昨天没睡，好困啊"}, {"uid": "14008517", "content": "【好哦】"}, {"uid": "14008517", "content": "【尤卡碳加油】"}, {"uid": "823979", "content": "屑屑你，油咖喱"}, {"uid": "14008517", "content": "【让我们从前一次的进度开始吧】"}, {"uid": "496700788", "content": "尤咖喱加油"}, {"uid": "14008517", "content": "【好呢好呢】"}, {"uid": "496700788", "content": "ユーカレーを頑張って"}, {"uid": "14008517", "content": "【谢谢 尤卡里】"}, {"uid": "22236911", "content": "YKL，我的玛奇玛"}, {"uid": "25128316", "content": "谢谢任天堂"}, {"uid": "14008517", "content": "【让我准备一下】"}, {"uid": "2755993", "content": "谢谢索尼"}, {"uid": "14008517", "content": "【稍等一下哦】"}, {"uid": "14008517", "content": "【好呢】"}, {"uid": "8858537", "content": "好"}, {"uid": "496700788", "content": "，"}, {"uid": "2755993", "content": "谢谢ykl"}, {"uid": "14008517", "content": "【谢谢任天堂？】"}, {"uid": "14008517", "content": "【谢谢你】"}, {"uid": "14008517", "content": "【请多指教哦】"}, {"uid": "54810", "content": "谢谢你，索尼"}, {"uid": "243381046", "content": "提前谢谢我的超人——任天堂"}, {"uid": "14008517", "content": "【那么 今天让我们继续健身环吧】"}, {"uid": "1455918225", "content": "谢谢你，林檎"}, {"uid": "14008517", "content": "【好耶】"}, {"uid": "139108337", "content": "谢谢你"}, {"uid": "14008517", "content": "【那么 就这样开始游戏吧】"}, {"uid": "3762504", "content": "谢谢你 尤卡里"}, {"uid": "22236911", "content": "我做ykl音MAD，好吗"}, {"uid": "489659", "content": "提前谢谢任天堂"}, {"uid": "14008517", "content": "【OK OK】"}, {"uid": "14008517", "content": "【我就这样了哦】"}, {"uid": "139108337", "content": "可以哟"}, {"uid": "29990327", "content": "听得到"}, {"uid": "21198922", "content": "麦克OK~"}, {"uid": "14008517", "content": "【如果能听到的话】"}, {"uid": "750656", "content": "有哦"}, {"uid": "2755993", "content": "可以耶"}, {"uid": "14008517", "content": "【这样的话】"}, {"uid": "427376369", "content": "OK"}, {"uid": "14008517", "content": "【诶 大家 能听到吗】"}, {"uid": "489659", "content": "提前谢谢任天堂"}, {"uid": "215983", "content": "晚上好"}, {"uid": "14008517", "content": "【等一下呢】"}, {"uid": "29990327", "content": "笨笨ykl"}, {"uid": "14008517", "content": "【这种意义不明的话不要说了啊~】"}, {"uid": "514314151", "content": "直播事故姬——ykl桑"}, {"uid": "514314151", "content": "笨笨ykl笨笨"}, {"uid": "2357393", "content": "（￣▽￣）"}, {"uid": "14008517", "content": "【森海空瞳谢谢】"}, {"uid": "1837024", "content": "这突然地混响是什么"}, {"uid": "22236911", "content": "笨笨up"}, {"uid": "57019199", "content": "安定的事故"}, {"uid": "3762504", "content": "(〜￣△￣)〜"}, {"uid": "3885523", "content": "加油"}, {"uid": "14008517", "content": "【等一下哦】"}, {"uid": "3885523", "content": "(°∀°)ﾉ"}, {"uid": "57019199", "content": "事故系V"}, {"uid": "14008517", "content": "【诶多】"}, {"uid": "4324179", "content": "w"}, {"uid": "14008517", "content": "【啊 谢谢舰长】"}, {"uid": "3762504", "content": "有山茶吗"}, {"uid": "14008517", "content": "【是谁 哼！】"}, {"uid": "427376369", "content": "日常事故"}, {"uid": "295527841", "content": "老板大气"}, {"uid": "514314151", "content": "笨笨ykl笨笨"}, {"uid": "14008517", "content": "【谁说我是笨蛋？】"}, {"uid": "21198922", "content": "晚上好！"}, {"uid": "823979", "content": "kora"}, {"uid": "14008517", "content": "【飞鸟尤卡里】"}, {"uid": "496700788", "content": "聞こえた"}, {"uid": "21198922", "content": "D D time ！"}, {"uid": "57019199", "content": "www"}, {"uid": "382910589", "content": "晚上好"}, {"uid": "14008517", "content": "【大家好】"}, {"uid": "21198922", "content": "草"}, {"uid": "496700788", "content": "听见了"}, {"uid": "14008517", "content": "【大家晚上好】"}, {"uid": "11359442", "content": "溜了溜了 DDtime"}, {"uid": "3762504", "content": "听到了 听到了"}, {"uid": "14008517", "content": "【好耶】"}, {"uid": "14008517", "content": "【终于有声音了】"}, {"uid": "430112568", "content": "笨笨ykl"}, {"uid": "241463650", "content": "www"}, {"uid": "398825879", "content": "(°∀°)ﾉ"}, {"uid": "14008517", "content": "【thank you】"}, {"uid": "14008517", "content": "【yes yes？】"}, {"uid": "57019199", "content": "好耶"}, {"uid": "242193808", "content": "听到了"}, {"uid": "6863655", "content": "草，同传猜对了"}, {"uid": "1837024", "content": "xswl"}, {"uid": "29990327", "content": "医学奇迹"}, {"uid": "14008517", "content": "【啊 有声音了吗www】"}, {"uid": "823979", "content": "医学奇迹"}, {"uid": "14008517", "content": "【能听到吗】"}, {"uid": "9826153", "content": "医学奇迹"}, {"uid": "14008517", "content": "【尤卡碳】"}, {"uid": "427376369", "content": "这场直播太好了，全是情感"}, {"uid": "242193808", "content": "【大家可以先去看别的女人，我再调一会儿】"}, {"uid": "295527841", "content": "虚假诈骗（）"}, {"uid": "382910589", "content": "四带两对"}, {"uid": "295527841", "content": "发不了emoji诶"}, {"uid": "385438267", "content": "【得得得得得得得得得】"}, {"uid": "427376369", "content": "声が出ないよ"}, {"uid": "496700788", "content": "【好的我们先看别人】"}, {"uid": "446913389", "content": "看什么ykl啊看同传啊"}, {"uid": "171504912", "content": "好臭的同传"}, {"uid": "413119559", "content": "?"}, {"uid": "514314151", "content": "聞こえません。全然聞こえません。"}, {"uid": "227212", "content": "duel！"}, {"uid": "6863655", "content": "要不起"}, {"uid": "1837024", "content": "【好的，那么我们今天请你也成为DD】"}, {"uid": "272554804", "content": "来了"}, {"uid": "3762504", "content": "王炸"}, {"uid": "11359442", "content": "【test test】"}, {"uid": "242193808", "content": "【对不起大家，今天又是熟悉的事故】"}, {"uid": "35568469", "content": "神回 指直播没有声音"}, {"uid": "19438175", "content": "我聋了"}, {"uid": "171504912", "content": "同传你好温柔，带头DD"}, {"uid": "242193808", "content": "【大家稍等，我在调试了】"}, {"uid": "11070957", "content": "azhe"}, {"uid": "3762504", "content": "哈哈哈哈哈哈"}, {"uid": "11359442", "content": "【好的那么我们今天来打牌】"}, {"uid": "28796031", "content": "是没声音吗(ﾟ ﾟ)"}, {"uid": "4006277", "content": "声音消失？"}, {"uid": "270091324", "content": "谢谢你同传"}, {"uid": "445079340", "content": "不愧是你（#-_-)┯━┯"}, {"uid": "479101530", "content": "。"}, {"uid": "382910589", "content": "マイク音がない"}, {"uid": "514314151", "content": "彼女は他の人を見に行ってもいいと言いまし"}, {"uid": "21198922", "content": "《长风失业记录》"}, {"uid": "7658122", "content": "麦又坏了吗"}, {"uid": "496700788", "content": "直接始めましょう"}, {"uid": "14008517", "content": "空门桑，谢谢你"}, {"uid": "4006277", "content": "wwwwww"}, {"uid": "445079340", "content": "又事故了?"}, {"uid": "171504912", "content": "同传造反了！"}, {"uid": "141633907", "content": "确实神回了"}, {"uid": "11359442", "content": "【啊嘞嘞 欧卡西捏】"}, {"uid": "496700788", "content": "，，，，，"}, {"uid": "227212", "content": "事故事故"}, {"uid": "14008517", "content": "我下班咯"}, {"uid": "82514894", "content": "www"}, {"uid": "94789940", "content": "虚空同传"}, {"uid": "398357639", "content": "绝了"}, {"uid": "14008517", "content": "野生的同传出现了还会唇语"}, {"uid": "171504912", "content": "哈哈哈哈哈"}, {"uid": "427376369", "content": "草"}, {"uid": "32408082", "content": "ykl！！！ykl！！！"}, {"uid": "1667344980", "content": "同传代播"}, {"uid": "11359442", "content": "【啊啊啊啊啊啊】"}, {"uid": "6863655", "content": "还是不行呢"}, {"uid": "21198922", "content": "【大家去D别的女人吧】"}, {"uid": "94789940", "content": "？？？"}, {"uid": "394186398", "content": "牙白"}, {"uid": "11359442", "content": "【嗯？】"}, {"uid": "750656", "content": "No"}, {"uid": "11359442", "content": "【咋回事啊】"}, {"uid": "39306734", "content": "可愛いwww"}, {"uid": "11359442", "content": "【奇怪】"}, {"uid": "14008517", "content": "希望可以在dd日报上再次看到"}, {"uid": "21198922", "content": "糟糕啦"}, {"uid": "9826153", "content": "草"}, {"uid": "11359442", "content": "【啊啊啊啊啊啊啊啊 听得见吗】"}, {"uid": "20369025", "content": "透明无声系vtb"}, {"uid": "1667344980", "content": "wwww"}, {"uid": "94789940", "content": "还是没有声音吗"}, {"uid": "21198922", "content": "牙白牙白"}, {"uid": "6863655", "content": "调整一下"}, {"uid": "1437754", "content": "ykl再不开麦我们就去D别的女人了"}, {"uid": "14008517", "content": "令人安心的事故呢"}, {"uid": "295527841", "content": "然后发现麦克风没插线（"}, {"uid": "94789940", "content": "？？？"}, {"uid": "496700788", "content": "聞こえない、聞こえない"}, {"uid": "21198922", "content": "are 尤good马来西亚"}, {"uid": "514314151", "content": "阿巴阿巴阿巴阿巴阿巴阿巴"}, {"uid": "3404505", "content": "？"}, {"uid": "514314151", "content": "翻译呢翻译，快来救一下呀"}, {"uid": "141633907", "content": "？"}, {"uid": "496700788", "content": "不可以哦"}, {"uid": "750656", "content": "no voice"}, {"uid": "171504912", "content": "ykl说让你们去D别的女人(·∀·)"}, {"uid": "514314151", "content": "唇语直播间"}, {"uid": "21198922", "content": "【外比巴卜】"}, {"uid": "242193808", "content": "【啊啊啊啊喂大家能听到吗？】"}, {"uid": "496700788", "content": "同窓会の口唇"}, {"uid": "14008517", "content": "各位dd稍等"}, {"uid": "1437754", "content": "熟悉的味道啊"}, {"uid": "14008517", "content": "mic没有反应"}, {"uid": "227212", "content": "マイクは大丈夫ですか？聞こえない"}, {"uid": "270091324", "content": "强强同传"}, {"uid": "27922422", "content": "一如既往地稳定事故"}, {"uid": "242193808", "content": "【你们都听不到嘛？ 糟糕】"}, {"uid": "25793779", "content": "声が聞こえません？"}, {"uid": "496700788", "content": "音がなくて、恐れないで、一緒に伝わる.."}, {"uid": "21198922", "content": "歪比歪比？"}, {"uid": "3762504", "content": "你们都没声音？"}, {"uid": "514314151", "content": "谁唆了蒜，你嗦句话啊"}, {"uid": "21198922", "content": "阿巴阿巴"}, {"uid": "351718210", "content": "やばい"}, {"uid": "171504912", "content": "切片在吗？我要这个(°∀°)ﾉ"}, {"uid": "23279903", "content": "？？"}, {"uid": "48929", "content": "事故姬"}, {"uid": "11359442", "content": "【好的 今天我们来玩这个健身环】"}, {"uid": "346722015", "content": "泪目"}, {"uid": "295527841", "content": "？？？"}, {"uid": "45492", "content": "哦豁，真就事故了"}, {"uid": "9826153", "content": "你倒是说话啊"}, {"uid": "568601", "content": "(●￣(ｴ)￣●)"}, {"uid": "9826153", "content": "你说话啊"}, {"uid": "14008517", "content": "哈哈哈哈哈"}, {"uid": "14008517", "content": "再见"}, {"uid": "9826153", "content": "你好"}, {"uid": "14008517", "content": "我下班了"}, {"uid": "242193808", "content": "【啊啊啊啊啊啊啊啊】"}, {"uid": "514314151", "content": "这个直播间谁唆了蒜"}, {"uid": "6075783", "content": "！"}, {"uid": "11359442", "content": "事故系VTB、復活"}, {"uid": "171504912", "content": "ykl说今天很开心(·∀·)"}, {"uid": "21198922", "content": "同传失业系列"}, {"uid": "823979", "content": "嬉皮笑脸"}, {"uid": "1455918225", "content": "事 故 绍 介"}, {"uid": "1828506816", "content": "やばい"}, {"uid": "496700788", "content": "同传会唇语"}, {"uid": "227212", "content": "聞こえない"}, {"uid": "242193808", "content": "是经典事故会 安心"}, {"uid": "295527841", "content": "关于同传是唇语专家这件事"}, {"uid": "14008517", "content": "【阿巴阿巴阿巴】"}, {"uid": "514314151", "content": "我放心了"}, {"uid": "82659133", "content": "日常事故"}, {"uid": "6863655", "content": "不要"}, {"uid": "596699", "content": "来个唇语同传man啊"}, {"uid": "1455918225", "content": "嘴部精密动补刻不容缓"}, {"uid": "496700788", "content": "不过没关系"}, {"uid": "270091324", "content": "同传会唇语吗？救一下"}, {"uid": "242193808", "content": "我聋了"}, {"uid": "496700788", "content": "没有声音"}, {"uid": "514314151", "content": "事故还是如此的安心"}, {"uid": "22236911", "content": "来点唇语"}, {"uid": "382910589", "content": "声ない"}, {"uid": "6075783", "content": "麦克风好像有点问题？"}, {"uid": "430112568", "content": "ykl你嗦巨话啊"}, {"uid": "131775", "content": "wwww"}, {"uid": "14008517", "content": "事故了是吧"}, {"uid": "3762504", "content": "谢谢你 麦克风"}, {"uid": "14008517", "content": "草"}, {"uid": "514314151", "content": "同传君呢，救一下鸭"}, {"uid": "39306734", "content": "声ないっすよ"}, {"uid": "6075783", "content": "没有声音"}, {"uid": "1455918225", "content": "音 量 注 意"}, {"uid": "41544807", "content": "叫地主"}, {"uid": "171504912", "content": "我听得到啊，你们没声音吗"}, {"uid": "430112568", "content": "✿✿ヽ(°▽°)ノ✿"}, {"uid": "145087", "content": "www"}, {"uid": "242193808", "content": "唇语直播"}, {"uid": "12158364", "content": "好耶"}, {"uid": "514314151", "content": "事故姬(°∀°)ﾉ"}, {"uid": "270091324", "content": "无声系vtb"}, {"uid": "3762504", "content": "赶紧调小音量"}, {"uid": "179095039", "content": "我来啦尤卡里"}, {"uid": "169184036", "content": "聞こえない"}, {"uid": "295527841", "content": "？唇语大师？？？"}, {"uid": "514314151", "content": "事故事故事故事故"}, {"uid": "242193808", "content": "没声音"}, {"uid": "227212", "content": "no sound"}, {"uid": "514314151", "content": "麦克？"}, {"uid": "12303799", "content": "声？"}, {"uid": "3762504", "content": "好耶 是令人安心的事故"}, {"uid": "94789940", "content": "无声音"}, {"uid": "171504912", "content": "平时太累了"}, {"uid": "660971", "content": "こんゆかたん～"}, {"uid": "171504912", "content": "完了ykl哑了"}, {"uid": "514314151", "content": "麦克？"}, {"uid": "1437754", "content": "mic"}, {"uid": "14008517", "content": "no sound"}, {"uid": "73802844", "content": "没开麦"}, {"uid": "2760550", "content": "没开麦？"}, {"uid": "14008517", "content": "【（你们先听着）】"}, {"uid": "6075783", "content": "晚上好！"}, {"uid": "14008517", "content": "【（我在接电话）】"}, {"uid": "514314151", "content": "晚上好"}, {"uid": "3762504", "content": "来了来了"}, {"uid": "295527841", "content": "不要刷"}, {"uid": "6075783", "content": "好耶！"}, {"uid": "291694715", "content": "."}, {"uid": "6075783", "content": "快开门啦~"}, {"uid": "6075783", "content": "开门啦~"}, {"uid": "514314151", "content": "开门开门开门开门"}, {"uid": "496700788", "content": "挂后台就行"}, {"uid": "2755993", "content": "来了来了"}, {"uid": "514314151", "content": "事故？"}, {"uid": "514314151", "content": "人捏"}, {"uid": "514314151", "content": "奥义·dd召唤之术"}, {"uid": "3446646", "content": "。"}, {"uid": "80285127", "content": "日常了？"}, {"uid": "29990327", "content": "快开门"}, {"uid": "1837024", "content": "来了来了"}, {"uid": "625301446", "content": "我是dd"}, {"uid": "29990327", "content": "来了来了"}, {"uid": "3762504", "content": "尤卡里 投降吧 外面全是dd"}, {"uid": "2699378", "content": "来了"}, {"uid": "171504912", "content": "开门啊(·∀·)"}, {"uid": "514314151", "content": "刚看完古惑仔（￣▽￣）"}, {"uid": "33440686", "content": "还好比ykl d的多"}, {"uid": "496700788", "content": "，，，"}, {"uid": "171504912", "content": "ykl天天d，我们也要"}, {"uid": "94366539", "content": "笑死，ykl在d别的女人，你们稍稍"}, {"uid": "295527841", "content": "等等，我是不是该开屏再送恶心心的？"}, {"uid": "3242070", "content": "我都是跟她学而已"}, {"uid": "12026790", "content": "我要看看尤卡里弱弱体力"}, {"uid": "514314151", "content": "有人没有"}, {"uid": "3242070", "content": "ykl d人 10分钟换了6个牌子"}, {"uid": "12026790", "content": "开门！！！！"}, {"uid": "514314151", "content": "莫西莫西莫西莫西莫西"}, {"uid": "94366539", "content": "晚上好鸭各位"}, {"uid": "3242070", "content": "快开门"}, {"uid": "3242070", "content": "ykl"}, {"uid": "2684659", "content": "聴いてよ、その予約全く役に立たん！"}, {"uid": "295527841", "content": "不挂自己的牌子的ykl是屑（不是）"}, {"uid": "496700788", "content": "，"}, {"uid": "282973349", "content": "晚上好。ykl牌子瞩目"}, {"uid": "336223079", "content": "彳亍"}, {"uid": "33440686", "content": "dd ykl"}, {"uid": "22236911", "content": "怎么你自己也是别人的牌子啊kora"}, {"uid": "1828506816", "content": "告知now"}, {"uid": "3762504", "content": "全裸待机！"}, {"uid": "1828506816", "content": "各位 待機"}, {"uid": "142319406", "content": "还在水群呢"}, {"uid": "235617022", "content": "草"}, {"uid": "82659133", "content": "边挂直播间边水群的ykl是屑("}, {"uid": "3242070", "content": "爷单推"}, {"uid": "496700788", "content": "单挑"}, {"uid": "242193808", "content": "待机"}, {"uid": "72843230", "content": "还在水群呢"}, {"uid": "496700788", "content": "单推"}, {"uid": "10103467", "content": "来了"}, {"uid": "235617022", "content": "原来这就是单推吗"}, {"uid": "496700788", "content": "空吧哇"}, {"uid": "22236911", "content": "DD之海的奇妙冒险"}, {"uid": "430112568", "content": "gkd"}, {"uid": "94789940", "content": "真是有够好笑的呢"}, {"uid": "235617022", "content": "待机"}, {"uid": "94789940", "content": "这就是单推人吗"}, {"uid": "94789940", "content": "开着别的总督说是单推人"}, {"uid": "295527841", "content": "你牌子也不对啊"}, {"uid": "3242070", "content": "盼盼单推v圈"}, {"uid": "94789940", "content": "好家伙"}, {"uid": "3762504", "content": "尤卡里 出来吧 外面全是dd"}, {"uid": "12026790", "content": "不会半小时体力就不行了吧"}, {"uid": "3242070", "content": "单推人来了"}, {"uid": "171504912", "content": "好家伙你也不对啊"}, {"uid": "295527841", "content": "你还说别人（"}, {"uid": "295527841", "content": "好耶"}, {"uid": "94789940", "content": "牌子都不对算什么单推人"}, {"uid": "35434207", "content": "来了"}, {"uid": "14008517", "content": "我来了"}, {"uid": "6863655", "content": "嗨！油卡里"}, {"uid": "94789940", "content": "dd都叉出去"}, {"uid": "94789940", "content": "..."}, {"uid": "38258587", "content": "，，，"}, {"uid": "14008517", "content": "重新来"}, {"uid": "14008517", "content": "牌子错了不好意思"}, {"uid": "14008517", "content": "来了来了"}, {"uid": "9826153", "content": "开门"}, {"uid": "3762504", "content": "有事故吗"}, {"uid": "3762504", "content": "全裸待机"}, {"uid": "3762504", "content": "来了来了"}, {"uid": "3265778", "content": "蹲"}, {"uid": "291754", "content": "待机"}, {"uid": "519625453", "content": "开门"}, {"uid": "15677704", "content": "好耶"}, {"uid": "179162519", "content": "待机～"}, {"uid": "382910589", "content": "よかった"}, {"uid": "11359442", "content": "【yukatan】"}, {"uid": "1837024", "content": "【啊~ 啊啊啊 唉啊啊啊 】"}, {"uid": "2755993", "content": "听到了"}, {"uid": "171504912", "content": "没声音啊"}, {"uid": "14008517", "content": "【啊啊啊啊】"}, {"uid": "359073932", "content": "来了"}, {"uid": "48414208", "content": "晚上好"}, {"uid": "427376369", "content": "OK"}, {"uid": "14008517", "content": "【哦】"}, {"uid": "28796031", "content": "有声音了"}, {"uid": "385438267", "content": "抢地主！"}, {"uid": "3762504", "content": "安眠健身环"}, {"uid": "28796031", "content": "好臭的同传"}, {"uid": "445079340", "content": "万箭齐发"}, {"uid": "295527841", "content": "好家伙"}, {"uid": "227212", "content": "ok"}, {"uid": "14008517", "content": "【好奇怪哦】"}, {"uid": "3762504", "content": "ok"}, {"uid": "57019199", "content": "www"}, {"uid": "14008517", "content": "【能听到了吗】"}, {"uid": "750656", "content": "あります"}, {"uid": "19438175", "content": "哇哦"}, {"uid": "41231115", "content": "噗"}, {"uid": "514314151", "content": "同传你不要翻译不存在的东西啊"}, {"uid": "430112568", "content": "ykl gkd"}, {"uid": "14008517", "content": "开门啊 开门啊"}, {"uid": "6863655", "content": "单推"}, {"uid": "89543", "content": "www"}, {"uid": "750656", "content": "yes"}, {"uid": "427376369", "content": "好了"}, {"uid": "1667344980", "content": "！！！"}, {"uid": "14008517", "content": "好了"}, {"uid": "11359442", "content": "【啊啊啊啊啊啊啊啊（N度目）】"}, {"uid": "297521007", "content": "ykl晚上好"}, {"uid": "270091324", "content": "好臭的同传"}, {"uid": "32683346", "content": "好臭的同传"}, {"uid": "72843230", "content": "已经果了"}, {"uid": "10103467", "content": "www"}, {"uid": "241463650", "content": "ok"}, {"uid": "295527841", "content": "好耶"}, {"uid": "430112568", "content": "草"}, {"uid": "20369025", "content": "啊啊啊啊啊啊啊"}, {"uid": "242193808", "content": "好了"}, {"uid": "445079340", "content": "2万"}, {"uid": "270091324", "content": "好了"}, {"uid": "382910589", "content": "おお"}, {"uid": "7981926", "content": "\\ykl/\\ykl/\\ykl/\\ykl/"}, {"uid": "584974", "content": "(°∀°)ﾉ(°∀°)ﾉ(°∀°)ﾉ"}, {"uid": "243381046", "content": "＼ykl/＼ykl/＼ykl/＼ykl/"}, {"uid": "243381046", "content": "(°∀°)ﾉ(°∀°)ﾉ(°∀°)ﾉ"}, {"uid": "11359442", "content": "【哼 哼 啊啊啊啊啊 啊啊啊啊啊啊啊啊啊啊】"}, {"uid": "514314151", "content": "阿巴阿巴阿巴阿巴阿巴阿巴阿巴阿巴"}, {"uid": "514314151", "content": "阿巴阿巴阿巴阿巴阿巴阿巴阿巴阿巴阿巴阿巴"}, {"uid": "514314151", "content": "开门开门开门开门开门开门开门开门"}]