[{"uid": "431102451", "content": "jo6pv预告？（误）"}, {"uid": "234776303", "content": "黑恶势力"}, {"uid": "288313", "content": "？？？"}, {"uid": "54183301", "content": "突然无敌了起来"}, {"uid": "494145454", "content": "好耶！"}, {"uid": "2646669", "content": "我一个人就是一个组合"}, {"uid": "45864857", "content": "说真的这标题对心脏不好"}, {"uid": "12207174", "content": "ohhhhhhhhhh"}, {"uid": "355787907", "content": "？"}, {"uid": "8403689", "content": "大制作"}, {"uid": "1602737428", "content": "大的要来了、"}, {"uid": "252552936", "content": "草"}, {"uid": "30462482", "content": "好耶"}, {"uid": "4221634", "content": "草"}, {"uid": "10610167", "content": "大制作"}, {"uid": "19584278", "content": "草"}, {"uid": "44494816", "content": "第一条弹幕好耶"}, {"uid": "20945817", "content": "草"}, {"uid": "153692", "content": "绿洲"}, {"uid": "293848795", "content": "这是07年jojo的开头"}]