[{"uid": "3652858", "content": "谢谢你，悠宝"}, {"uid": "189175945", "content": "草，输了"}, {"uid": "1940422216", "content": "这关我玩的时候有手就行。。。"}, {"uid": "8686613", "content": "哈哈哈"}, {"uid": "5773287", "content": "hso"}, {"uid": "677125268", "content": "别发出奇怪的声音啊喂！"}, {"uid": "677125268", "content": "外放社死"}, {"uid": "677125268", "content": "妈听解"}, {"uid": "677125268", "content": "谁家沼气爆炸了"}, {"uid": "94789940", "content": "草"}, {"uid": "29006494", "content": "建议外放拉满"}, {"uid": "14625129", "content": "健身环是真的累"}, {"uid": "99703459", "content": "你大爷卧槽"}, {"uid": "486793839", "content": "妈听解啊！！"}, {"uid": "224610609", "content": "这声音怎么回事？"}, {"uid": "1729511", "content": "闭上眼睛新世界"}, {"uid": "27225083", "content": "哈哈哈哈哈"}, {"uid": "228788526", "content": "野 兽"}, {"uid": "13129396", "content": "hso"}, {"uid": "86458", "content": "孩子都气在房间里打滚了"}, {"uid": "80285127", "content": "当时直播看到太心疼了"}, {"uid": "34979531", "content": "封面与现实不符"}, {"uid": "30462482", "content": "hso"}, {"uid": "85524323", "content": "其实更像是“嗯，嗯啊嗯啊嗯啊”，而翻译成这样似乎不太好吧"}, {"uid": "169367191", "content": "开幕雷击"}, {"uid": "33915812", "content": "yyut草"}, {"uid": "235617022", "content": "谢谢你，尤卡里"}, {"uid": "173522635", "content": "左上角草"}, {"uid": "214869704", "content": "耳机"}, {"uid": "33915812", "content": "草"}, {"uid": "27179741", "content": "开 幕 雷 击"}, {"uid": "179902", "content": "yyut草"}, {"uid": "7300334", "content": "????? "}, {"uid": "242193808", "content": "啊这 我外放了"}, {"uid": "321394966", "content": "？？？"}, {"uid": "587482214", "content": "一进来就闻到一股臭味"}, {"uid": "40762012", "content": "哈哈哈哈哈哈哈哈"}, {"uid": "99703459", "content": "这公共场合能好？"}, {"uid": "24836377", "content": "谢谢你，任天堂"}, {"uid": "468567794", "content": "kksk"}, {"uid": "9161718", "content": "草"}, {"uid": "306797", "content": "开幕雷击"}, {"uid": "479871026", "content": "？？；"}, {"uid": "207759237", "content": "声音有些奇怪 "}, {"uid": "35715888", "content": "草"}, {"uid": "400137721", "content": "奇奇怪怪"}, {"uid": "20965942", "content": "やばい"}, {"uid": "32278234", "content": "kksk"}, {"uid": "4150879", "content": "yyut草"}, {"uid": "27179741", "content": "yyut草"}, {"uid": "235617022", "content": "哈哈哈哈"}, {"uid": "468567794", "content": "hso"}, {"uid": "468567794", "content": "hhhhhhhhh"}, {"uid": "46989751", "content": "开幕雷击"}, {"uid": "23001624", "content": "草"}, {"uid": "2097950866", "content": "wowowowowo"}, {"uid": "60661901", "content": "hso"}, {"uid": "74173597", "content": "hso"}, {"uid": "27179741", "content": "危"}, {"uid": "86458", "content": "要生了要生了"}, {"uid": "468567794", "content": "来了来了"}, {"uid": "65186526", "content": "hso"}, {"uid": "30462482", "content": "恶臭"}, {"uid": "6254315", "content": "慘叫"}, {"uid": "677125268", "content": "hso"}, {"uid": "298080990", "content": "草"}, {"uid": "24087418", "content": "hso"}, {"uid": "11186884", "content": "草"}, {"uid": "280164066", "content": "好臭啊"}, {"uid": "24087418", "content": "？？？？？？"}, {"uid": "10761845", "content": "whl"}, {"uid": "80285127", "content": "草"}, {"uid": "64000094", "content": "沙福林大人我來了"}, {"uid": "234072318", "content": "啊这"}, {"uid": "11070957", "content": "谢谢你，任天堂，谢谢你，沙福林"}, {"uid": "677125268", "content": "好臭"}]