[{"uid": "74984427", "content": "第43那个ID有点离谱了啊"}, {"uid": "85255357", "content": "泪目"}, {"uid": "471024708", "content": "卧槽，酸了"}, {"uid": "34924728", "content": "啊这，关注了关注了"}, {"uid": "4661588", "content": "泪目"}, {"uid": "72841064", "content": "这个真的有心了，第一位粉丝能一直记得"}, {"uid": "51287984", "content": "可爱死了！"}, {"uid": "357425596", "content": "太可爱了"}, {"uid": "26633540", "content": "所谓至诚"}, {"uid": "3362600", "content": "这么亚撒西的吗？有点感动"}, {"uid": "14487912", "content": "52瞩目"}, {"uid": "95070944", "content": "你刚刚说了jojo对吧"}, {"uid": "3885523", "content": "来了来了来了"}, {"uid": "23140612", "content": "老gachi了"}, {"uid": "294919069", "content": "泪目"}, {"uid": "169270129", "content": "等会，凌晨2点41 ？？修仙呢"}, {"uid": "88026203", "content": "啦啦人？"}, {"uid": "106941738", "content": "难道有长相那么清纯的vtb"}, {"uid": "476498836", "content": "实在惭愧，您记得您的第一个粉丝，可我早就忘了您是我推的第几...十位VTB/VUP。"}, {"uid": "175990246", "content": "就一个学生党的身份而言，只有记住了什么但不确定才会查笔记"}, {"uid": "60661901", "content": "泪目"}, {"uid": "226966318", "content": "问问bgm！！"}, {"uid": "23001624", "content": "泪目"}, {"uid": "3140471", "content": "泪目"}, {"uid": "627572800", "content": "d了d了"}, {"uid": "30462482", "content": "羡慕"}, {"uid": "39691246", "content": "？"}, {"uid": "121212", "content": "哦？"}, {"uid": "476498836", "content": "现在关注，以后我也是老粉丝了[doge]"}, {"uid": "146114", "content": "柠檬了"}, {"uid": "544608939", "content": "？卧槽"}, {"uid": "4661588", "content": "真好，有这样的v真好"}, {"uid": "360420437", "content": "第51个惊现拉拉人"}, {"uid": "579153", "content": "感动"}, {"uid": "27179741", "content": "泪目"}, {"uid": "3248937", "content": "泪目了"}, {"uid": "235617022", "content": "gachi了"}, {"uid": "175984748", "content": "泪目"}, {"uid": "27179741", "content": "prprpr"}, {"uid": "519625453", "content": "草"}, {"uid": "468567794", "content": "泪目"}, {"uid": "7121543", "content": "泪目"}, {"uid": "23001624", "content": "泪目"}, {"uid": "138491706", "content": "好溫柔"}, {"uid": "74071411", "content": "呜呜呜泪目"}, {"uid": "357425596", "content": "呜呜呜"}, {"uid": "372791545", "content": "42"}, {"uid": "7121543", "content": "感动"}, {"uid": "23001624", "content": "哦哦哦哦"}, {"uid": "169985804", "content": "关注了"}, {"uid": "8795281", "content": "很感动"}, {"uid": "423476780", "content": "啊哈哈"}, {"uid": "5582949", "content": "泪目"}, {"uid": "620165048", "content": "感动了"}, {"uid": "6060274", "content": "雷姆"}]