[{"uid": "38547066", "content": "怎么久啊"}, {"uid": "660971", "content": "次回リベンジしましょう！"}, {"uid": "85968037", "content": "耻辱下播"}, {"uid": "671768", "content": "緑を使わないと"}, {"uid": "268376359", "content": "太可爱了"}, {"uid": "774664", "content": "强"}, {"uid": "64000094", "content": "哈哈哈哈哈哈哈哈哈哈哈哈哈"}, {"uid": "3254648", "content": "【呜呜呜】"}, {"uid": "81703", "content": "哈哈哈哈"}, {"uid": "3159839", "content": "cao1"}, {"uid": "47766839", "content": "我怎么感觉在看…"}, {"uid": "24213985", "content": "！！！"}, {"uid": "113843", "content": "阿巴阿巴"}, {"uid": "85968037", "content": "草"}, {"uid": "13542638", "content": "www"}, {"uid": "86031087", "content": "ｗｗｗｗ"}, {"uid": "21198922", "content": "哈哈哈"}, {"uid": "8665575", "content": "草"}, {"uid": "47766839", "content": "？"}, {"uid": "3254648", "content": "【阿巴巴】"}, {"uid": "445670", "content": "草"}, {"uid": "19821744", "content": "草"}, {"uid": "297521007", "content": "草，加油"}, {"uid": "64000094", "content": "笑死"}, {"uid": "3254648", "content": "【好险就差一点】"}, {"uid": "14008517", "content": "刚"}, {"uid": "14008517", "content": "干点进来就是雷击"}, {"uid": "214703382", "content": "ka wa yi de si ne"}, {"uid": "21198922", "content": "wwwwww"}, {"uid": "3320572", "content": "哈哈哈哈哈还哈哈哈哈哈哈哈哈"}, {"uid": "3320572", "content": "妙啊"}, {"uid": "774664", "content": "冲啊 YKL"}, {"uid": "3254648", "content": "【可可怕】"}, {"uid": "21198922", "content": "草"}, {"uid": "660971", "content": "草"}, {"uid": "445670", "content": "草"}, {"uid": "3254648", "content": "【冲！】"}, {"uid": "3254648", "content": "【怎么玩法明白了】"}, {"uid": "3320572", "content": "这个小游戏真的好好玩啊0-0"}, {"uid": "3254648", "content": "【嗯嗯，原来如此】"}, {"uid": "3254648", "content": "【总之先尝试一下】"}, {"uid": "671768", "content": "爆弾が出でから弱虫に"}, {"uid": "3320572", "content": "试试"}, {"uid": "3254648", "content": "【这个又是？】"}, {"uid": "3254648", "content": "【太好了150金】"}, {"uid": "3254648", "content": "【恭喜？】"}, {"uid": "67141852", "content": "yklﾉ"}, {"uid": "660971", "content": "いいね"}, {"uid": "671768", "content": "有炸弹只敢跳一两格"}, {"uid": "12682183", "content": "（￣▽￣）"}, {"uid": "3254648", "content": "【好开心】"}, {"uid": "3320572", "content": "开心"}, {"uid": "3320572", "content": "有钱"}, {"uid": "3254648", "content": "【这个好开心】"}, {"uid": "3254648", "content": "【做到了！】"}, {"uid": "660971", "content": "やった"}, {"uid": "671768", "content": "好怂hhh"}, {"uid": "3254648", "content": "【碰到炸弹就扣分了吗】"}, {"uid": "660971", "content": "草"}, {"uid": "3254648", "content": "【原来如此，深蹲跳远啊】"}, {"uid": "3320572", "content": "不能撞炸弹"}, {"uid": "3320572", "content": "别撞闸站"}, {"uid": "671768", "content": "ITEMの名前わかる？"}, {"uid": "75076", "content": "ミニゲームかな"}, {"uid": "3254648", "content": "【宝箱？】"}, {"uid": "3254648", "content": "【这是？这个是什么】"}, {"uid": "20369025", "content": "啊，真是治愈人心的直播间！"}, {"uid": "3320572", "content": "宝箱"}, {"uid": "660971", "content": "ゆかたん頑張って～"}, {"uid": "3254648", "content": "【最后一关还是老样子三关就结束呢】"}, {"uid": "4688044", "content": "( ﾟ∀。)"}, {"uid": "10583934", "content": "这就last了？"}, {"uid": "3320572", "content": "hhhh"}, {"uid": "671768", "content": "塔卡拉八口"}, {"uid": "3320572", "content": "都是提升难度的手的错"}, {"uid": "507702189", "content": "laile"}, {"uid": "3254648", "content": "【是的没错】"}, {"uid": "3254648", "content": "【尤卡里的腿已经不想再抬起来了】"}, {"uid": "671768", "content": "hhhh"}, {"uid": "671768", "content": "听吧"}, {"uid": "81703", "content": "休息休息"}, {"uid": "9826153", "content": "8888"}, {"uid": "3254648", "content": "【累成狗了】"}, {"uid": "10583934", "content": "888888"}, {"uid": "660971", "content": "ビクトリー"}, {"uid": "3254648", "content": "【胜利！】"}, {"uid": "671768", "content": "是ykl不想做抬腿了"}, {"uid": "3320572", "content": "虽然我没玩过但是已经看会了。"}, {"uid": "3254648", "content": "【太好了终点】"}, {"uid": "671768", "content": "那个紫色的一回合CD"}, {"uid": "3254648", "content": "【果然还是别的颜色怪没有了吗】"}, {"uid": "268376359", "content": "不加血就要死了"}, {"uid": "3320572", "content": "颜色不对伤害会低一点"}, {"uid": "3254648", "content": "【差点就没血了】"}, {"uid": "445670", "content": "技能要CD的"}, {"uid": "3254648", "content": "【太好了打倒了】"}, {"uid": "3320572", "content": "不是，是紫色用完了"}, {"uid": "671768", "content": "不是这家伙强是ykl偷懒用了别的色"}, {"uid": "3320572", "content": "讲个鬼故事：尤卡碳看看你的血条。"}, {"uid": "3254648", "content": "【累成狗了】"}, {"uid": "3320572", "content": "ヾ(◍°∇°◍)ﾉﾞ加油"}, {"uid": "245096746", "content": "这家伙到底有多强？"}, {"uid": "35584664", "content": "外放的我社死了"}, {"uid": "660971", "content": "ＨＳＯ！"}, {"uid": "3254648", "content": "【我要不行了】"}, {"uid": "671768", "content": "经典无理"}, {"uid": "3254648", "content": "【不行了！】"}, {"uid": "21198922", "content": "兄弟们我受不了了"}, {"uid": "3254648", "content": "【好辛苦！】"}, {"uid": "445670", "content": "hso"}, {"uid": "13542638", "content": "今天的直播就看到这了"}, {"uid": "3320572", "content": "＼ゆかり／＼ゆかり／"}, {"uid": "21198922", "content": "hso"}, {"uid": "20369025", "content": "放心，我舌头很发达的（"}, {"uid": "318462158", "content": "刚进来hso"}, {"uid": "10583934", "content": "＼ゆかり／＼ゆかり／"}, {"uid": "774664", "content": "H YKL H"}, {"uid": "10583934", "content": "弹幕好少哦，请大家手放键盘上，打call"}, {"uid": "35584664", "content": "谢谢任天堂"}, {"uid": "660971", "content": "エッチすぎ.."}, {"uid": "9826153", "content": "累死了"}, {"uid": "245096746", "content": "抱歉来晚了"}, {"uid": "3254648", "content": "【腿要没了】"}, {"uid": "21198922", "content": "hso"}, {"uid": "20369025", "content": "牙白牙白啦"}, {"uid": "3254648", "content": "【不好】"}, {"uid": "671768", "content": "太もも大丈夫？"}, {"uid": "3404022", "content": "好耶"}, {"uid": "3254648", "content": "【皮肤光溜溜？】"}, {"uid": "20369025", "content": "加油！"}, {"uid": "64000094", "content": "健身环！yyds ！"}, {"uid": "6190811", "content": "谢谢你，任天堂"}, {"uid": "3254648", "content": "【深蹲。】"}, {"uid": "671768", "content": "只有这两个紫色hhh"}, {"uid": "4006277", "content": "hso"}, {"uid": "64000094", "content": "Hso "}, {"uid": "445670", "content": "谢谢你，紫色"}, {"uid": "3254648", "content": "【可恶】"}, {"uid": "774664", "content": "些谢谢你任天堂"}, {"uid": "660971", "content": "めっちゃH"}, {"uid": "3320572", "content": "惨，尤卡碳，惨"}, {"uid": "774664", "content": "HSO"}, {"uid": "36435893", "content": "谢谢你，任天堂"}, {"uid": "3320572", "content": "这关净是紫色怪诶0-0"}, {"uid": "3254648", "content": "【左右左】"}, {"uid": "3254648", "content": "【这不是跟刚才一样颜色嘛】"}, {"uid": "1782781", "content": "怎么99个有弱"}, {"uid": "3254648", "content": "【怪又出来了】"}, {"uid": "3254648", "content": "【谢谢礼物~】"}, {"uid": "397800614", "content": "弱弱"}, {"uid": "3254648", "content": "【好险！】"}, {"uid": "21198922", "content": "wwww"}, {"uid": "74190597", "content": "休想勾引我（￣へ￣）"}, {"uid": "248326402", "content": "ero"}, {"uid": "3254648", "content": "【成功打倒了】"}, {"uid": "3320572", "content": "好耶！"}, {"uid": "10583934", "content": "やったぜ"}, {"uid": "3254648", "content": "【打倒了！】"}, {"uid": "21198922", "content": "hso"}, {"uid": "397800614", "content": "hso"}, {"uid": "3254648", "content": "【好呢！】"}, {"uid": "82659133", "content": "就等着这个呢（dog）"}, {"uid": "3254648", "content": "【（啊这】"}, {"uid": "10583934", "content": "やばいですね"}, {"uid": "660971", "content": "H ゆかたん　H"}, {"uid": "671768", "content": "大家听得懂这个"}, {"uid": "315528821", "content": "请停下！！！！"}, {"uid": "21198922", "content": "hso"}, {"uid": "3124944", "content": "啊~~~"}, {"uid": "86031087", "content": "hso"}, {"uid": "671768", "content": "别翻了你号要没了好兄弟"}, {"uid": "82659133", "content": "hso"}, {"uid": "315528821", "content": "？？？？？？？"}, {"uid": "86031087", "content": "啊"}, {"uid": "74190597", "content": "？？？"}, {"uid": "10583934", "content": "！"}, {"uid": "3254648", "content": "【啊~】"}, {"uid": "445670", "content": "hso"}, {"uid": "3254648", "content": "【1.2】"}, {"uid": "3320572", "content": "紫色的都好难啊0-0"}, {"uid": "3254648", "content": "【这个很苦手的说】"}, {"uid": "3254648", "content": "【又出现了】"}, {"uid": "3254648", "content": "金币金币】"}, {"uid": "3254648", "content": "【1.2】"}, {"uid": "3254648", "content": "【好！冲鸭】"}, {"uid": "64000094", "content": "笨笨"}, {"uid": "3254648", "content": "【冲了！】"}, {"uid": "1782781", "content": "1"}, {"uid": "64000094", "content": "草"}, {"uid": "671768", "content": "猿芝居"}, {"uid": "3254648", "content": "【可以了】"}, {"uid": "3254648", "content": "サポットすんな"}, {"uid": "660971", "content": "草"}, {"uid": "3320572", "content": "垂直按压试试"}, {"uid": "21198922", "content": "草"}, {"uid": "445670", "content": "草"}, {"uid": "68060881", "content": "草"}, {"uid": "660971", "content": "笨笨ゆかたん"}, {"uid": "19027132", "content": "尤卡里在偷懒"}, {"uid": "3320572", "content": "上"}, {"uid": "660971", "content": "上！！ｗ"}, {"uid": "64000094", "content": "懂了！尤卡里藉著买道具偷懒！！"}, {"uid": "671768", "content": "上ええええ！！！"}, {"uid": "3254648", "content": "【这个要往哪里走呢？】"}, {"uid": "671768", "content": "上行けよｗｗｗ"}, {"uid": "21198922", "content": "笨 ykl 笨"}, {"uid": "445670", "content": "事故？"}, {"uid": "671768", "content": "你要是全翻出来估计号没了"}, {"uid": "3254648", "content": "【拜~还会再来光顾的】"}, {"uid": "671768", "content": "刚才那段全是不能翻的"}, {"uid": "3254648", "content": "【差不多就可以了吧】"}, {"uid": "671768", "content": "你这段好轻松啊全是说话"}, {"uid": "3254648", "content": "【回复的买点好了】"}, {"uid": "3254648", "content": "【果然还是要买点什么】"}, {"uid": "3254648", "content": "【干杯？】"}, {"uid": "3254648", "content": "【嗯嗯】"}, {"uid": "268376359", "content": "不看看有什么买的吗"}, {"uid": "3254648", "content": "【什么都没有卖成】"}, {"uid": "3254648", "content": "【嗯~】"}, {"uid": "3254648", "content": "【不是什么都没有嘛！】"}, {"uid": "3254648", "content": "【卖是？卖什么呢】"}, {"uid": "19617432", "content": "干杯也太奇怪了"}, {"uid": "671768", "content": "対話が必要だろう"}, {"uid": "36435893", "content": "尤卡里贴贴"}, {"uid": "33440686", "content": "乾杯"}, {"uid": "21198922", "content": "干杯！"}, {"uid": "3124944", "content": "【(她太对了。。。。"}, {"uid": "3254648", "content": "【接下来要往哪里走好呢】"}, {"uid": "64000094", "content": "不淮！不准pr！但能干杯（？"}, {"uid": "21198922", "content": "wwwwww"}, {"uid": "3254648", "content": "【一点不臭好吗！失礼的家伙】"}, {"uid": "10583934", "content": "謝罪します"}, {"uid": "33801421", "content": "我能听懂，不用翻译"}, {"uid": "10583934", "content": "失礼します"}, {"uid": "3254648", "content": "【接下来是？到哪里了】"}, {"uid": "671768", "content": "自慢話になった"}, {"uid": "64000094", "content": "不准pr "}, {"uid": "21198922", "content": "请让我来一大碗！"}, {"uid": "10583934", "content": "臭臭ykl"}, {"uid": "660971", "content": "クンカクンカ"}, {"uid": "64000094", "content": "草"}, {"uid": "3254648", "content": "【可是很香甜的】"}, {"uid": "671768", "content": "自分で言うか"}, {"uid": "660971", "content": "汗の香りがぁぁああああ"}, {"uid": "10583934", "content": "？"}, {"uid": "3254648", "content": "【hso】"}, {"uid": "3254648", "content": "【补充一下水分好了】"}, {"uid": "21198922", "content": "prprprprprpr"}, {"uid": "6996897", "content": "prprprpr"}, {"uid": "3254648", "content": "【小腿硬邦邦的，好像还有一次样子】"}, {"uid": "660971", "content": "汗ｐｒｐｒ"}, {"uid": "3254648", "content": "【怎么办好呢？】"}, {"uid": "21198922", "content": "hso"}, {"uid": "6996897", "content": "hso"}, {"uid": "3254648", "content": "【接下来是什么？】"}, {"uid": "30254330", "content": "hso"}, {"uid": "392385013", "content": "hso"}, {"uid": "3254648", "content": "【好热】"}, {"uid": "3254648", "content": "【从胸口流了好多汗睡】"}, {"uid": "660971", "content": "汗助かる"}, {"uid": "363110053", "content": "hso whl"}, {"uid": "14008517", "content": "我的秋山大姐姐呢呜呜呜"}, {"uid": "671768", "content": "ｗｗｗ"}, {"uid": "671768", "content": "セクハラおこっていいよ"}, {"uid": "445670", "content": "hso"}, {"uid": "21198922", "content": "hso"}, {"uid": "660971", "content": "！？"}, {"uid": "3254648", "content": "【非常…非常…】"}, {"uid": "57442465", "content": "hso"}, {"uid": "476188310", "content": "hso"}, {"uid": "3254648", "content": "【谁是Acap了】"}, {"uid": "21198922", "content": "啊勒"}, {"uid": "15436414", "content": "站不起来草"}, {"uid": "21198922", "content": "wwwwww"}, {"uid": "3254648", "content": "【好像看到很失礼的话】"}, {"uid": "476188310", "content": "whl"}, {"uid": "15436414", "content": "草"}, {"uid": "21198922", "content": "ykl hso"}, {"uid": "10583934", "content": "Acup  应该不至于这么累吧"}, {"uid": "6996897", "content": "我好啦www"}, {"uid": "671768", "content": "经典BP联动"}, {"uid": "660971", "content": "めっちゃ助かる"}, {"uid": "1437754", "content": "草"}, {"uid": "21198922", "content": "兄弟们我受不了了"}, {"uid": "3254648", "content": "【累成狗了我】"}, {"uid": "6996897", "content": "www"}, {"uid": "21198922", "content": "hso"}, {"uid": "19027132", "content": "今天的直播就看到这里了"}, {"uid": "81703", "content": "哈哈哈哈"}, {"uid": "34703901", "content": "你真敢传啊好小子("}, {"uid": "21198922", "content": "hhhh"}, {"uid": "81703", "content": "加油~~~~~~"}, {"uid": "34703901", "content": "真就嗯 啊"}, {"uid": "34703901", "content": "甲贺忍蛙"}, {"uid": "3254648", "content": "【嗯~啊~】"}, {"uid": "3254648", "content": "【（我来了】"}, {"uid": "34703901", "content": "【太快了！】"}, {"uid": "34703901", "content": "我严重怀疑今天组员想暗杀我"}, {"uid": "321394966", "content": "很难跟室友解释这是健身游戏"}, {"uid": "21198922", "content": "hso"}, {"uid": "660971", "content": "エッチ！！"}, {"uid": "671768", "content": "有氧操的起手姿势www"}, {"uid": "445670", "content": "hso"}, {"uid": "15436414", "content": "椿姉ちゃん頑張れ！！！（"}, {"uid": "68060881", "content": "hhhhh"}, {"uid": "34703901", "content": "【牙白】"}, {"uid": "34703901", "content": "【啊这个呢】"}, {"uid": "34703901", "content": "【这个家伙好像挺难缠】"}, {"uid": "21198922", "content": "任天堂谢谢你"}, {"uid": "34703901", "content": "【把手升起来】"}, {"uid": "34703901", "content": "【敌人又来了呢】"}, {"uid": "34703901", "content": "【啊啊啊啊啊啊不好掉下去了】"}, {"uid": "85968037", "content": "谢谢任天堂，谢谢瓜菲姐(°∀°)"}, {"uid": "34703901", "content": "【不好！不好】"}, {"uid": "3254648", "content": "ありがたい任天堂さん!!!"}, {"uid": "34703901", "content": "【啊刚才发生了什么】"}, {"uid": "321394966", "content": "hso"}, {"uid": "34703901", "content": "香肠（bushi）"}, {"uid": "21198922", "content": "ykl 谢谢你"}, {"uid": "34703901", "content": "winnerhhhhhhh"}, {"uid": "6803949", "content": "谢谢你，任天堂"}, {"uid": "34703901", "content": "【又是很累的姿势呢】"}, {"uid": "14894552", "content": "香肠是什么鬼"}, {"uid": "64000094", "content": "谢谢任天堂！谢谢我自己！"}, {"uid": "34703901", "content": "【累死啦】"}, {"uid": "420266579", "content": "(°∀°)ﾉ"}, {"uid": "34703901", "content": "【香肠！（）】"}, {"uid": "21198922", "content": "好耶"}, {"uid": "34703901", "content": "雅达"}, {"uid": "34703901", "content": "【Punch Punchi】"}, {"uid": "345980388", "content": "ありがとう任天堂"}, {"uid": "34703901", "content": "【好！】"}, {"uid": "68060881", "content": "谢谢你任天堂"}, {"uid": "34703901", "content": "【啊，累死了】"}, {"uid": "86031087", "content": "谢谢你，任天堂"}, {"uid": "248326402", "content": "h"}, {"uid": "3124944", "content": "太hso了。。。"}, {"uid": "3254648", "content": "エッチだのう"}, {"uid": "660971", "content": "ありがとう任天堂"}, {"uid": "10583934", "content": "..."}, {"uid": "187389", "content": "谢谢你，任天堂"}, {"uid": "34703901", "content": "【累死了】"}, {"uid": "200813447", "content": "谢谢你，任天堂"}, {"uid": "64000094", "content": "怎了？"}, {"uid": "671768", "content": "敌人多为什么不群攻hhh"}, {"uid": "37536378", "content": "咋回事"}, {"uid": "345980388", "content": "谢谢你，任天堂"}, {"uid": "34703901", "content": "【好艰难！】"}, {"uid": "14894552", "content": "佐菲桑，这里需要你！！"}, {"uid": "1267463286", "content": "ゆかり先輩こんばんは！！！"}, {"uid": "34703901", "content": "【椅子——】"}, {"uid": "34703901", "content": "【一大堆敌人...】"}, {"uid": "3254648", "content": "間に合ったでござる"}, {"uid": "21198922", "content": "hso"}, {"uid": "34703901", "content": "【啊，一大堆怪唉】"}, {"uid": "287165186", "content": " 谢谢你，任天堂"}, {"uid": "34703901", "content": "【这是什莫】"}, {"uid": "81703", "content": "加油"}, {"uid": "34703901", "content": "【啊这个是什么】"}, {"uid": "291202284", "content": "（￣▽￣）"}, {"uid": "1602737428", "content": "谢谢你，任天堂"}, {"uid": "34703901", "content": "【掉下去了！】"}, {"uid": "34703901", "content": "【搞错辣】"}, {"uid": "671768", "content": "普通的好累hhhh"}, {"uid": "34703901", "content": "【搞错了！】"}, {"uid": "345980388", "content": "感谢你，任天堂"}, {"uid": "34703901", "content": "【唉？】"}, {"uid": "34703901", "content": "【一二一二】"}, {"uid": "21198922", "content": "nice！"}, {"uid": "34703901", "content": "【跳！】"}, {"uid": "34703901", "content": "【这是什莫啊】"}, {"uid": "34703901", "content": "【好喔！】"}, {"uid": "34703901", "content": "jump！"}, {"uid": "34703901", "content": "【要跳嘛】"}, {"uid": "34703901", "content": "【好好好】"}, {"uid": "21198922", "content": "prprprprprprpr"}, {"uid": "34703901", "content": "【好像选错路了】"}, {"uid": "34703901", "content": "【这个好艰难！】"}, {"uid": "34703901", "content": "【汗都流到鼻子上了】"}, {"uid": "67141852", "content": "(°∀°)ﾉ"}, {"uid": "34703901", "content": "【nner】"}, {"uid": "34703901", "content": "【winner winner 我是wi】"}, {"uid": "66882071", "content": "h"}, {"uid": "19027132", "content": "hso"}, {"uid": "21198922", "content": "任天堂，我谢谢你"}, {"uid": "34703901", "content": "【好，亚达】"}, {"uid": "38601225", "content": "？"}, {"uid": "14894552", "content": "选黄色！！"}, {"uid": "34703901", "content": "【啊身体好累】"}, {"uid": "10583934", "content": "ｗｈｌ　"}, {"uid": "34703901", "content": "【我记得好像可以选颜色呢】"}, {"uid": "361176785", "content": "任天堂yyds "}, {"uid": "34703901", "content": "【好】"}, {"uid": "34703901", "content": "【啊累坏了】"}, {"uid": "510411522", "content": "？？？？？？"}, {"uid": "113843", "content": "谢谢你ykl"}, {"uid": "671768", "content": "セリフがやばいから"}, {"uid": "363110053", "content": "hso"}, {"uid": "328770951", "content": "同传想要双手离开键盘"}, {"uid": "38601225", "content": "看到这游戏就要说谢谢你，任天堂"}, {"uid": "354870843", "content": "啊，我来晚了，我有罪"}, {"uid": "774664", "content": "YKL  HSO"}, {"uid": "510411522", "content": "？？？？？？"}, {"uid": "3124944", "content": "hso"}, {"uid": "387196277", "content": "笑死 同传怕不是控制不住自己了"}, {"uid": "34703901", "content": "【不行不行不行】"}, {"uid": "34703901", "content": "【加油！】"}, {"uid": "34703901", "content": "各种方面的"}, {"uid": "671768", "content": "直接翻成【奇怪的声音】"}, {"uid": "34703901", "content": "【才不H呢】"}, {"uid": "14894552", "content": "正常传"}, {"uid": "34703901", "content": "【啊累坏了】"}, {"uid": "34703901", "content": "这让我怎么传("}, {"uid": "660971", "content": "ゆかたんエッチ"}, {"uid": "445670", "content": "hso"}, {"uid": "113843", "content": "草，功放社死"}, {"uid": "34703901", "content": "【腹肌防御】"}, {"uid": "14894552", "content": "请用饭"}, {"uid": "3124944", "content": "hso"}, {"uid": "34703901", "content": "真不是我能力不足("}, {"uid": "14894552", "content": "来了来了"}, {"uid": "21198922", "content": "hso"}, {"uid": "21198922", "content": "hsi"}, {"uid": "1911150", "content": "（￣▽￣）"}, {"uid": "21198922", "content": "快！快！拿饭饭来我要吃饭！"}, {"uid": "4688044", "content": "草"}, {"uid": "34703901", "content": "不行我要倒地了"}, {"uid": "361176785", "content": "草"}, {"uid": "34703901", "content": "【啊不好】"}, {"uid": "14894552", "content": "翻译不了了吧"}, {"uid": "44989820", "content": "草"}, {"uid": "178397951", "content": "h"}, {"uid": "10583934", "content": "やばいでね"}, {"uid": "3159839", "content": "草"}, {"uid": "34703901", "content": "【好艰难！】"}, {"uid": "126054679", "content": "草"}, {"uid": "34703901", "content": "我要倒地了"}, {"uid": "21198922", "content": "草"}, {"uid": "34703901", "content": "草"}, {"uid": "34703901", "content": "【加油！】"}, {"uid": "34703901", "content": "【深蹲】"}, {"uid": "34703901", "content": "【就用这个上吧！】"}, {"uid": "34703901", "content": "【好的，上咯！】"}, {"uid": "34703901", "content": "【谢谢礼物】"}, {"uid": "34703901", "content": "【好的，在战斗中喝点饮料吧】"}, {"uid": "14894552", "content": "佐菲桑，用力啊"}, {"uid": "34703901", "content": "【啊！】"}, {"uid": "34703901", "content": "【谢谢礼物！】"}, {"uid": "34703901", "content": "【移动好慢！】"}, {"uid": "438309842", "content": "强强尤卡里"}, {"uid": "34703901", "content": "【唉感觉移动好慢】"}, {"uid": "230446", "content": "这...."}, {"uid": "256078164", "content": "来晚了"}, {"uid": "34703901", "content": "【好！】"}, {"uid": "34703901", "content": "【1 2 1 2】"}, {"uid": "34703901", "content": "【ykt好可爱】"}, {"uid": "34703901", "content": "【好可爱】"}, {"uid": "34703901", "content": "【啊衣服也换了】"}, {"uid": "256078164", "content": "晚上好"}, {"uid": "671768", "content": "うちの名前がないじゃん"}, {"uid": "34703901", "content": "【出发！】"}, {"uid": "34703901", "content": "【好！上把】"}, {"uid": "34703901", "content": "【按这里嘛】"}, {"uid": "34703901", "content": "【等等真的很感谢大家的西瓜】"}, {"uid": "14894552", "content": "佐菲桑！"}, {"uid": "34703901", "content": "【那个呢，是叫什么呢？】"}, {"uid": "66882071", "content": "我觉得那是欺负电脑"}, {"uid": "34703901", "content": "【谢谢礼物】"}, {"uid": "34703901", "content": "进来了快点接我"}, {"uid": "361176785", "content": "下次应该一起发（"}, {"uid": "328770951", "content": "埋不住了"}, {"uid": "317308855", "content": "这是不能欺负ykl了？"}, {"uid": "34703901", "content": "什莫啊"}, {"uid": "328770951", "content": "现在换强强电脑了"}, {"uid": "4688044", "content": "( ﾟ∀。)"}, {"uid": "34703901", "content": "【谢谢大家】"}, {"uid": "34703901", "content": "【啊丢过来一大堆礼物呢】"}, {"uid": "317308855", "content": "草"}, {"uid": "34703901", "content": "【糟糕！****所以不知道】"}, {"uid": "671768", "content": "大号的好看hhh"}, {"uid": "34703901", "content": "【想埋住我可不简单哦】"}, {"uid": "34703901", "content": "【电脑，换了炸不撩】"}, {"uid": "34703901", "content": "第一个可爱！"}, {"uid": "34703901", "content": "第一个！"}, {"uid": "660971", "content": "右！"}, {"uid": "34703901", "content": "【选哪个好呢】"}, {"uid": "34703901", "content": "【谢谢礼物】"}, {"uid": "34703901", "content": "指两个"}, {"uid": "34703901", "content": "【感觉有好多】"}, {"uid": "671768", "content": "噢噢"}, {"uid": "34703901", "content": "【那还是买点衣服吧】"}, {"uid": "34703901", "content": "【算了买点素材吧】"}, {"uid": "919764", "content": "ohhhhhhhh"}, {"uid": "34703901", "content": "【噶怎么办呢】"}, {"uid": "34703901", "content": "【挺棘手的展开呢】"}, {"uid": "328770951", "content": "但是现在换电脑了埋不住了"}, {"uid": "34703901", "content": "【感觉】"}, {"uid": "34703901", "content": "你骗我"}, {"uid": "328770951", "content": "吃瓜"}, {"uid": "1433095", "content": "晚上好"}, {"uid": "91288", "content": "ww"}, {"uid": "85611334", "content": "送吃瓜吧 好像"}, {"uid": "919764", "content": "你戴的是别人的牌子"}, {"uid": "671768", "content": "戴着呢"}, {"uid": "34703901", "content": "【哦！这个是什么第一次碰到】"}, {"uid": "671768", "content": "那个特效是送什么会出来"}, {"uid": "34703901", "content": "【是什么呢】"}, {"uid": "34703901", "content": "我牌子好好的戴着对吧"}, {"uid": "373951", "content": "(･∀･)"}, {"uid": "34703901", "content": "【要好好和敌人战斗呢】"}, {"uid": "34703901", "content": "【大家不能翘课哦】"}, {"uid": "919764", "content": "你刚才说JOJO了吧"}, {"uid": "34703901", "content": "【翘课？】"}, {"uid": "85968037", "content": "无事发生？"}, {"uid": "34703901", "content": "【下一关在哪】"}, {"uid": "85611334", "content": "我爱你 任天堂！！"}, {"uid": "34703901", "content": "【下一关是什么呢】"}, {"uid": "66882071", "content": "晚上好"}, {"uid": "34703901", "content": "【谢谢礼物】"}, {"uid": "34703901", "content": "我是five"}, {"uid": "34703901", "content": "【这个Ykt不知道呢ww】"}, {"uid": "671768", "content": "逃课www"}, {"uid": "34703901", "content": "【不会吧，这个能飞过来的么】"}, {"uid": "85611334", "content": "晚上好！！！！"}, {"uid": "21198922", "content": "超可爱唉"}, {"uid": "328770951", "content": "晚上好"}, {"uid": "21198922", "content": "好可爱"}, {"uid": "34703901", "content": "【唉现在】"}, {"uid": "21198922", "content": "可愛"}, {"uid": "919764", "content": "飞起来了"}, {"uid": "34703901", "content": "【VICTORY】"}, {"uid": "34703901", "content": "【累死辣】"}, {"uid": "11070957", "content": "谢谢你，任天堂"}, {"uid": "291754", "content": "victory！"}, {"uid": "919764", "content": "ohhhhhh飞鸟"}, {"uid": "4688044", "content": "偷懒玩法（"}, {"uid": "34703901", "content": "【唉刚才成功的跳过来了】"}, {"uid": "22062195", "content": "HHHHHH飞鸟H"}, {"uid": "514191336", "content": "草，跳了"}, {"uid": "774664", "content": "直接跳过还行"}, {"uid": "34703901", "content": "【好跳过来了！】"}, {"uid": "1667344980", "content": "1212~"}, {"uid": "34703901", "content": "【是，所以要加油呢】"}, {"uid": "34703901", "content": "【一二一二】"}, {"uid": "1667344980", "content": "xxlb"}, {"uid": "34703901", "content": "【谢谢舰长】"}, {"uid": "34703901", "content": "【HP不够了，这好像挺糟糕的】"}, {"uid": "34703901", "content": "【一二一二】"}, {"uid": "10583934", "content": "＼ゆかり／＼ゆかり／"}, {"uid": "361176785", "content": "hso"}, {"uid": "34703901", "content": "【好哦！】"}, {"uid": "34703901", "content": "【唉能喝的嘛】"}, {"uid": "34703901", "content": "【累死辣】"}, {"uid": "22062195", "content": "hso"}, {"uid": "34703901", "content": "同时表达自己的疑问"}, {"uid": "4688044", "content": "已经玩不动了哈哈哈哈"}, {"uid": "34703901", "content": "【深蹲么】"}, {"uid": "34703901", "content": "【嗯什么？】"}, {"uid": "93518332", "content": "hso"}, {"uid": "1667344980", "content": "1212~"}, {"uid": "34703901", "content": "【这个还挺累的呢】"}, {"uid": "40832806", "content": "(⌒▽⌒)"}, {"uid": "45492", "content": "拜托了肌肉，明天请尽情酸痛吧"}, {"uid": "1667344980", "content": "wwww"}, {"uid": "34703901", "content": "【1 2 1 2】"}, {"uid": "3124944", "content": "草 hso"}, {"uid": "34703901", "content": "【NICE】"}, {"uid": "660971", "content": "お願いゆかり、めっちゃ聞きたい"}, {"uid": "774664", "content": "杂鱼体力"}, {"uid": "34703901", "content": "【什莫啊这个】"}, {"uid": "393914568", "content": "我妈看我眼神都不对了"}, {"uid": "1667344980", "content": "1212"}, {"uid": "34703901", "content": "【1 2 1 2 12】"}, {"uid": "34703901", "content": "【想要变瘦】"}, {"uid": "34703901", "content": "【拜托了肌肉】"}, {"uid": "393914568", "content": "我在外放啊。。"}, {"uid": "3124944", "content": "杂鱼体力wwww"}, {"uid": "64000094", "content": "快变身啊！筋肉尤卡里！"}, {"uid": "34703901", "content": "【好耶好耶！】"}, {"uid": "34703901", "content": "【等级10】"}, {"uid": "34703901", "content": "【接着再来一次】"}, {"uid": "34703901", "content": "【现在可以了】"}, {"uid": "45492", "content": "她这是难度几？"}, {"uid": "34703901", "content": "【谢谢打赏】"}, {"uid": "67141852", "content": "拜托了肌肉"}, {"uid": "919764", "content": "拜托了，肌肉，自己运动吧，我想休息"}, {"uid": "85968037", "content": "在起不能"}, {"uid": "1631568449", "content": "拜托了，肌肉"}, {"uid": "34703901", "content": "【那个】"}, {"uid": "34703901", "content": "【稍等一下呢】"}, {"uid": "4688044", "content": "快要挂了（"}, {"uid": "34703901", "content": "【满头大汗的】"}, {"uid": "919764", "content": "ykl，再起不能"}, {"uid": "393914568", "content": "(･∀･)"}, {"uid": "34703901", "content": "【累死辣】"}, {"uid": "34703901", "content": "【赢啦】"}, {"uid": "671768", "content": "ＨＰがすくなくなってるwwwww"}, {"uid": "34703901", "content": "【谢谢舰长！】"}, {"uid": "363110053", "content": "ohhh"}, {"uid": "361176785", "content": "ohhhhhhh"}, {"uid": "397800614", "content": "杂鱼体力）"}, {"uid": "34703901", "content": "【谢谢！】"}, {"uid": "18266698", "content": "nice nice"}, {"uid": "4688044", "content": "(°∀°)ﾉ"}, {"uid": "397800614", "content": "ohhhhhh"}, {"uid": "660971", "content": "やった！！"}, {"uid": "452253547", "content": "ohhhhhhhhhhhh"}, {"uid": "34703901", "content": "【好哦！】"}, {"uid": "919764", "content": "ohhhhhhh"}, {"uid": "34703901", "content": "【（运动名听不懂）】"}, {"uid": "34703901", "content": "【这个！】"}, {"uid": "34703901", "content": "【不能选这个...】"}, {"uid": "4688044", "content": "逃跑吧（"}, {"uid": "919764", "content": "ykl。畏惧了，想逃跑是吧"}, {"uid": "397800614", "content": "谢谢你任天堂"}, {"uid": "34703901", "content": "【啊，不能选】"}, {"uid": "34703901", "content": "【这个怪还挺强嘛】"}, {"uid": "346410992", "content": "1"}, {"uid": "3124944", "content": "谢谢你，任天堂"}, {"uid": "7970319", "content": "杂鱼"}, {"uid": "342743856", "content": "喘上了"}, {"uid": "34703901", "content": "【肚子！】"}, {"uid": "3320572", "content": "溜了溜了，秋山大姐加油"}, {"uid": "919764", "content": "杂鱼体力"}, {"uid": "919764", "content": "ykl，再起不能"}, {"uid": "3320572", "content": "【感觉有点不妙】"}, {"uid": "34703901", "content": "【感觉还挺难办的嘛这个】"}, {"uid": "10583934", "content": "这才开始啊，怎么就喘上了"}, {"uid": "34703901", "content": "【唉？】"}, {"uid": "3320572", "content": "【诶？】"}, {"uid": "34703901", "content": "【唉？还挺。。。】"}, {"uid": "238209242", "content": "ykl加油"}, {"uid": "7399185", "content": "ありがとう、nintendo"}, {"uid": "99541084", "content": "谢谢你，任天堂"}, {"uid": "34703901", "content": "【腹肌啊！】"}, {"uid": "238209242", "content": "太好了"}, {"uid": "3320572", "content": "【腹肌防御~】"}, {"uid": "178645", "content": "谢谢你任天堂"}, {"uid": "361176785", "content": "谢谢你，任天堂"}, {"uid": "238209242", "content": "谢谢你 任天堂"}, {"uid": "10523171", "content": "任天堂yyds"}, {"uid": "3320572", "content": "【加快节奏】"}, {"uid": "238209242", "content": "一进来就"}, {"uid": "21198922", "content": "谢谢你任天堂"}, {"uid": "668644963", "content": "打卡"}, {"uid": "914133", "content": "我爱你"}, {"uid": "238209242", "content": "唔"}, {"uid": "3320572", "content": "【糟了糟了】"}, {"uid": "388700", "content": "打没打哟"}, {"uid": "3320572", "content": "【这个可不擅长啊】"}, {"uid": "919764", "content": "快进到十五分钟再起不能"}, {"uid": "388700", "content": "晚上好"}, {"uid": "64000094", "content": "弱者尤卡里"}, {"uid": "4688044", "content": "杂鱼体力( ﾟ∀。)"}, {"uid": "3320572", "content": "【这样吗？是这样吗】"}, {"uid": "660971", "content": "よしよし"}, {"uid": "85968037", "content": "弱弱尤卡里"}, {"uid": "919764", "content": "弱弱ykl"}, {"uid": "397800614", "content": "弱弱尤里卡"}, {"uid": "3320572", "content": "【左、右*N】"}, {"uid": "434780627", "content": "影流之主"}, {"uid": "12158364", "content": "。"}, {"uid": "6758712", "content": "双重ykl"}, {"uid": "6758712", "content": "这个回声"}, {"uid": "2598998", "content": "晚上好"}, {"uid": "3320572", "content": "【原来如此】"}, {"uid": "8845819", "content": "这回音是什么鬼"}, {"uid": "434780627", "content": "加油加油"}, {"uid": "10583934", "content": "＼ゆかり／＼ゆかり／"}, {"uid": "3320572", "content": "【啊，得吸收才行】"}, {"uid": "3320572", "content": "【一二一二~】"}, {"uid": "3320572", "content": "【尤卡里加油！】"}, {"uid": "3320572", "content": "【面向重点出发！】"}, {"uid": "660971", "content": "頑張って！！"}, {"uid": "3320572", "content": "【能行吗？】"}, {"uid": "774664", "content": "YKL加油"}, {"uid": "3320572", "content": "【哟西出发！】"}, {"uid": "93249039", "content": "好耶好耶"}, {"uid": "3320572", "content": "【你好，老爷~】"}, {"uid": "919764", "content": "特效开了"}, {"uid": "3320572", "content": "【那么马上开始level1把】"}, {"uid": "4688044", "content": "完了特效开了，天佬又准备了( ﾟ∀。)"}, {"uid": "3320572", "content": "【突破极限！】"}, {"uid": "3320572", "content": "【谢谢礼物】"}, {"uid": "3320572", "content": "【谢谢尤卡里】"}, {"uid": "919764", "content": "ykl是没有极限的！！！限界突破！！"}, {"uid": "3320572", "content": "快来个人接替我我被老板Q了"}, {"uid": "99541084", "content": "ykl奥特曼，无限形态"}, {"uid": "34703901", "content": "ykt是没有极限的！"}, {"uid": "28230079", "content": "发生了什么"}, {"uid": "68060881", "content": "好了大家今天的直播就到这里了"}, {"uid": "3320572", "content": "【说起来忘记打开道具特效了】"}, {"uid": "99541084", "content": "休息半个小时"}, {"uid": "93518332", "content": "面部扭曲环"}, {"uid": "4688044", "content": "耻辱下播预定（"}, {"uid": "3320572", "content": "【稍等一下】"}, {"uid": "85968037", "content": "好今天是直播结束了（"}, {"uid": "3320572", "content": "【好累哦】"}, {"uid": "361176785", "content": "谢谢你，任天堂"}, {"uid": "3320572", "content": "【辛苦啦】"}, {"uid": "660971", "content": "声助かる"}, {"uid": "35584664", "content": "脸都要抽搐了哈哈哈哈"}, {"uid": "3320572", "content": "【强强电脑，没问题】"}, {"uid": "3124944", "content": "hso"}, {"uid": "11461", "content": "完了？"}, {"uid": "68060881", "content": "hso"}, {"uid": "3320572", "content": "【好！，一二、一二】"}, {"uid": "35584664", "content": "ykl"}, {"uid": "3320572", "content": "【最后一次】"}, {"uid": "242193808", "content": "hso"}, {"uid": "3320572", "content": "【这个挺累的】"}, {"uid": "774664", "content": "来迟了"}, {"uid": "671768", "content": "筋肉痛大丈夫？"}, {"uid": "4688044", "content": "感觉放了0.5倍速（"}, {"uid": "68060881", "content": "谢谢你任天堂"}, {"uid": "3320572", "content": "【这样吗？】"}, {"uid": "3320572", "content": "【啊，糟了XX掉了】"}, {"uid": "3320572", "content": "【还很轻松】"}, {"uid": "99541084", "content": "已经开始牙白了"}, {"uid": "10583934", "content": "加油"}, {"uid": "3320572", "content": "【一二、一二】"}, {"uid": "4688044", "content": "哈哈哈哈"}, {"uid": "1743058", "content": "（￣▽￣）"}, {"uid": "34703901", "content": "Echo"}, {"uid": "10523171", "content": "谢谢你 任天堂"}, {"uid": "321394966", "content": "我已经准备好社死了"}, {"uid": "23001624", "content": "www"}, {"uid": "671768", "content": "総理総理"}, {"uid": "3320572", "content": "【要加强吗？】"}, {"uid": "99541084", "content": "谢谢瓜菲姐"}, {"uid": "3320572", "content": "【超轻松~】"}, {"uid": "3124944", "content": "我已经戴好了耳机了~"}, {"uid": "660971", "content": "きちゃああ"}, {"uid": "3320572", "content": "【对不起*36】"}, {"uid": "64000094", "content": "我先谢谢我自己"}, {"uid": "3320572", "content": "【好久不见的热身运动】"}, {"uid": "3320572", "content": "【嗯嗯*N】"}, {"uid": "64000094", "content": "开始了"}, {"uid": "4688044", "content": "人声已调至MAX( ﾟ∀。)"}, {"uid": "321394966", "content": "hso预告"}, {"uid": "420946", "content": "先谢谢任天堂"}, {"uid": "3320572", "content": "【开始！】"}, {"uid": "3320572", "content": "【OK*2，谢谢】"}, {"uid": "14008517", "content": "萧棋佬，你好强大"}, {"uid": "3320572", "content": "【这样就可以了】"}, {"uid": "14008517", "content": "来瞟一眼，下课了再看"}, {"uid": "3320572", "content": "【这样可以吗？】"}, {"uid": "34703901", "content": "ok"}, {"uid": "3124944", "content": "ok"}, {"uid": "3320572", "content": "【BGM是不是有点吵？】"}, {"uid": "3320572", "content": "这样就可以看到大家的评论了"}, {"uid": "34703901", "content": "啧，牌子"}, {"uid": "3320572", "content": "【久等啦】"}, {"uid": "99541084", "content": "哟西"}, {"uid": "3320572", "content": "【哟西，开始了】"}, {"uid": "99541084", "content": "天才"}, {"uid": "99541084", "content": "ok"}, {"uid": "919764", "content": "在D了，准备一下"}, {"uid": "671768", "content": "完璧"}, {"uid": "3320572", "content": "【晚上好】"}, {"uid": "3320572", "content": "【啊，现在可以看见了】"}, {"uid": "3320572", "content": "【果然还是小点吧】"}, {"uid": "3320572", "content": "【还是看不见啊】"}, {"uid": "3320572", "content": "【只把ID，，】"}, {"uid": "3320572", "content": "【正在拼命准备稍等QAQ】"}, {"uid": "28020815", "content": "晚上好"}, {"uid": "99541084", "content": "秋山你牌子"}, {"uid": "3320572", "content": "【在准备了稍等一下】"}, {"uid": "671768", "content": "IDだけ"}, {"uid": "3320572", "content": "【诶，这个变小一点会不会好看清一点】"}, {"uid": "99541084", "content": "事故"}, {"uid": "34703901", "content": "同传先我一步救场了！"}, {"uid": "3320572", "content": "【改一下】"}, {"uid": "3320572", "content": "【为什么会这样呢】"}, {"uid": "3320572", "content": "【诶，又来了，看不到弹幕了】"}, {"uid": "225537800", "content": "(･∀･)"}, {"uid": "3320572", "content": "【谢谢礼物】"}, {"uid": "7473228", "content": "你会健身了"}, {"uid": "919764", "content": "回音suki"}, {"uid": "671768", "content": "自分の弹幕を見えないですけど"}, {"uid": "3320572", "content": "【今天的电脑很难操作】"}, {"uid": "179162519", "content": "(⌒▽⌒)"}, {"uid": "3124944", "content": "bgm echo"}, {"uid": "3320572", "content": "【谢谢礼物】"}, {"uid": "4688044", "content": "感觉像在玩土嗨（"}, {"uid": "99541084", "content": "电子音是吧"}, {"uid": "3320572", "content": "【救救我。】"}, {"uid": "2505198", "content": "echo bgm"}, {"uid": "21198922", "content": "老婆！"}, {"uid": "99541084", "content": "有回音"}, {"uid": "3320572", "content": "【谢谢礼物】"}, {"uid": "3320572", "content": "两重BGM"}, {"uid": "10583934", "content": "有回音"}, {"uid": "4688044", "content": "好带感( ﾟ∀。)"}, {"uid": "2505198", "content": "为什么自带回声"}, {"uid": "3320572", "content": "声音重了"}, {"uid": "3320572", "content": "有声了。"}, {"uid": "2505198", "content": "提前谢谢任天堂"}, {"uid": "3320572", "content": "又生了"}, {"uid": "113633406", "content": "【听不到健身环的声音呢】"}, {"uid": "3320572", "content": "【我自己听不到健身环的声音了】"}, {"uid": "25636", "content": "提前谢谢任天堂"}, {"uid": "361176785", "content": "谢谢你，任天堂"}, {"uid": "181885540", "content": "这熟悉的一幕石油王的惩罚"}, {"uid": "671768", "content": "谢谢你，任天堂"}, {"uid": "99541084", "content": "谢谢你，任天堂"}, {"uid": "16164301", "content": "OK"}, {"uid": "3198724", "content": "OK"}, {"uid": "3124944", "content": "No problem"}, {"uid": "99541084", "content": "ok"}, {"uid": "564696121", "content": "来了来了"}, {"uid": "420946", "content": "hi~"}, {"uid": "31703187", "content": "今天还有机器耐久测试嘛？？？"}, {"uid": "671768", "content": "【声音没事吧，延长麦克】"}, {"uid": "49582", "content": "(～￣△￣)～"}, {"uid": "671768", "content": "【有点肌肉疼，能行吗】"}, {"uid": "15436414", "content": "长门在dd"}, {"uid": "671768", "content": "【我要证明就是宅女也能运动】"}, {"uid": "919764", "content": "长门还在dd"}, {"uid": "19234455", "content": "同传还在dwww"}, {"uid": "113633406", "content": "【你们差不多听得懂？】"}, {"uid": "181885540", "content": "刚开始还没来吧字幕组的兄弟们"}, {"uid": "919764", "content": "快进到被boss丝血反杀"}, {"uid": "10583934", "content": "ykl语   完全理解"}, {"uid": "99541084", "content": "同传君还在DD"}, {"uid": "113633406", "content": "【为什么没有字幕组的人】"}, {"uid": "5258580", "content": "ぜんぜんおｋ"}, {"uid": "145087", "content": "www"}, {"uid": "4688044", "content": "同传佬还在D"}, {"uid": "671768", "content": "大丈夫"}, {"uid": "10583934", "content": "没事   大家听得懂"}, {"uid": "671768", "content": "全然わかる"}, {"uid": "67141852", "content": "（￣へ￣）"}, {"uid": "486801943", "content": "晩上好"}, {"uid": "4688044", "content": "快进到15分钟放弃（"}, {"uid": "660971", "content": "夜はちゃんと寝ようね"}, {"uid": "99541084", "content": "\\yokatan/\\yokatan/"}, {"uid": "3320572", "content": "已经累了吗"}, {"uid": "660971", "content": "いつものかわいい声です"}, {"uid": "4688044", "content": "( ﾟ∀。)"}, {"uid": "660971", "content": "マイクは大丈夫ですよ"}, {"uid": "99541084", "content": "ok"}, {"uid": "81703", "content": "晚上好"}, {"uid": "8540019", "content": "不知道能不能坚持半小时"}, {"uid": "67141852", "content": "(°∀°)ﾉ"}, {"uid": "126054679", "content": "ykl酱晚上好"}, {"uid": "19234455", "content": "涩不涩，涩的话戴耳机去了"}, {"uid": "3198724", "content": "可爱，单推，结婚"}, {"uid": "21296694", "content": "晚上好，初見，可爱，单推，结婚"}, {"uid": "133832064", "content": "晚上好"}, {"uid": "671768", "content": "先登夺旗，斩将溃敌！"}, {"uid": "87461821", "content": "晚上好"}, {"uid": "3583863", "content": "有回声"}, {"uid": "64000094", "content": "好耶！"}, {"uid": "2505198", "content": "晚上好"}, {"uid": "4474246", "content": "ok"}, {"uid": "6075783", "content": "こんゆかたん！"}, {"uid": "67141852", "content": "晚上好"}, {"uid": "3583863", "content": "ok"}, {"uid": "3159839", "content": "晚上好"}, {"uid": "3320572", "content": "晚上好"}, {"uid": "13632551", "content": "晚上好"}, {"uid": "86031087", "content": "晚上好"}, {"uid": "660971", "content": "こんゆかたん～"}, {"uid": "6075783", "content": "晚上好！！！"}, {"uid": "99541084", "content": "ykl晚上好"}, {"uid": "4474246", "content": "来了来了！"}, {"uid": "85968037", "content": "晚上好(･∀･)"}, {"uid": "99541084", "content": "来了"}, {"uid": "4688044", "content": "来了！"}, {"uid": "243381046", "content": "来了来了"}, {"uid": "2505198", "content": "看来还能DD会儿"}, {"uid": "13408254", "content": "来了！"}, {"uid": "99541084", "content": "我再去d一会"}, {"uid": "21198922", "content": "ykl好耶"}, {"uid": "21198922", "content": "好耶"}, {"uid": "32241150", "content": "我先把耳机戴上"}, {"uid": "8858537", "content": "哈哈"}, {"uid": "32241150", "content": "瓜菲姐贴贴"}, {"uid": "14112487", "content": "来了来了"}, {"uid": "397800614", "content": "晚上好"}, {"uid": "3234639", "content": "(⌒▽⌒)"}, {"uid": "85968037", "content": "fbl开门(°∀°)"}, {"uid": "660971", "content": "lei了lei了"}, {"uid": "2505198", "content": "开门好快今天"}, {"uid": "2505198", "content": "FBI YKL快开门"}, {"uid": "17479872", "content": "来了"}, {"uid": "1631568449", "content": "瓜菲姐suki"}, {"uid": "2505198", "content": "今天会直播事故嘛.jpg"}, {"uid": "24213985", "content": "！"}, {"uid": "3320572", "content": "谢谢瓜菲姐✿✿ヽ(°▽°)ノ✿"}, {"uid": "99541084", "content": "十分钟后再来，先去dd，"}, {"uid": "420946", "content": "开门"}, {"uid": "10583934", "content": "❥ ❥ ❥ ❥ ❥ ❥ "}, {"uid": "1631568449", "content": "老婆，我鬼混回来了!"}, {"uid": "67141852", "content": "(°∀°)ﾉ"}, {"uid": "3933108", "content": "谢谢你，瓜菲姐"}, {"uid": "402012005", "content": "（￣▽￣）"}, {"uid": "99541084", "content": "ykl的经典加载十分钟"}, {"uid": "3159839", "content": "提前谢谢任天堂"}, {"uid": "13632551", "content": "来了来了"}, {"uid": "10583934", "content": "＼ゆかり／＼ゆかり／＼ゆかり／ "}, {"uid": "3933108", "content": "来了来了"}, {"uid": "361176785", "content": "来了"}, {"uid": "887949", "content": "谢谢你，任天堂！"}, {"uid": "3242070", "content": "晚上好！！！！！！！！！！！！！！！！！！！！！！！！！！"}]