[{"uid": "35568469", "content": "双重人格吗，alal"}, {"uid": "157713006", "content": "车万探头"}, {"uid": "178645", "content": "那么 再会~"}, {"uid": "178645", "content": "今后也请多多指教"}, {"uid": "178645", "content": "今日就到此为止吧"}, {"uid": "178645", "content": "过着开心的每一天"}, {"uid": "178645", "content": "樱 山茶 buhimaru kakomaru一起"}, {"uid": "178645", "content": "飞鸟家如今也变热闹了"}, {"uid": "178645", "content": "因为看起来挺寂寞的"}, {"uid": "178645", "content": "在太子岩一带栖息的小鹿"}, {"uid": "178645", "content": "kakomaru也会一起去旅行哦"}, {"uid": "178645", "content": "希望能让诸位更加了解太子大人"}, {"uid": "178645", "content": "名为「圣地缘之旅」"}, {"uid": "178645", "content": "活动内容的话"}, {"uid": "178645", "content": "胸中就宛如裂开一般"}, {"uid": "178645", "content": "妾身也拥有称为前世记忆之物"}, {"uid": "178645", "content": "妾身是二重人格的V"}, {"uid": "178645", "content": "妾身是山茶"}, {"uid": "178645", "content": "尤卡碳已经做过自我介绍了？"}, {"uid": "178645", "content": "让妾身简单地自我介绍吧"}, {"uid": "178645", "content": "乃飞鸟时代之V山茶花"}, {"uid": "178645", "content": "初次入您的贵眼"}, {"uid": "151184", "content": "草"}, {"uid": "178645", "content": "妾身..."}, {"uid": "113843", "content": "太子妃升职记"}, {"uid": "178645", "content": "kakomaru就是活下来的一员"}, {"uid": "178645", "content": "妾身的可爱宠物"}, {"uid": "178645", "content": "巡游圣德太子结缘之地"}, {"uid": "178645", "content": "前世是膳部菩岐岐美郎女"}, {"uid": "178645", "content": "或者该说是另一个人格"}, {"uid": "178645", "content": "妾身名为飞鸟尤卡里"}, {"uid": "1997896", "content": "混合神性"}, {"uid": "2414845", "content": "你就是太子妃？"}, {"uid": "35026748", "content": "都被农民吃光了"}, {"uid": "6991977", "content": "山茶花酱"}, {"uid": "113843", "content": "优雅"}, {"uid": "178645", "content": "妾身就捡了回来 现在一起生活"}, {"uid": "178645", "content": "换言之就是圣地巡礼是也"}, {"uid": "178645", "content": "初次入您的贵眼"}, {"uid": "65808575", "content": "小野妹子在哪wwwww"}, {"uid": "507702189", "content": "耶！"}, {"uid": "26631", "content": "知道日和的圣德太子可以吗"}, {"uid": "178645", "content": "樱和山茶的妾身"}, {"uid": "178645", "content": "期待与阁下能够再会"}, {"uid": "178645", "content": "虽然还有很多话想说"}, {"uid": "178645", "content": "以前在加古川一带很多"}, {"uid": "178645", "content": "是不是挺有趣的企划"}, {"uid": "178645", "content": "太子大人..."}, {"uid": "178645", "content": "那是樱"}, {"uid": "178645", "content": "什么？"}, {"uid": "178645", "content": "为了让诸位了解妾身的事情也好"}, {"uid": "178645", "content": "那么事不宜迟"}, {"uid": "401593773", "content": "前面的BGM是和风的，结尾的BGM却是电音的，你究竟是什么人？"}, {"uid": "2414845", "content": "太牛了"}, {"uid": "690532052", "content": "加油哦"}, {"uid": "138491706", "content": "溫柔的聲音"}, {"uid": "178645", "content": "是在兵库县加古川市"}, {"uid": "178645", "content": "跟樱一样"}, {"uid": "26117", "content": "草"}, {"uid": "9629", "content": "初见 可爱 DD 结婚"}, {"uid": "34164126", "content": "草"}, {"uid": "575248873", "content": "！"}, {"uid": "178645", "content": "kakomaru呢"}, {"uid": "691667", "content": "人妻赛高"}, {"uid": "15922", "content": "www圣德太子"}, {"uid": "2704156", "content": "大姐姐的感觉"}, {"uid": "1268209", "content": "来b站算ntr？"}, {"uid": "23866038", "content": "樁"}, {"uid": "40522124", "content": "www"}, {"uid": "427432031", "content": "？？"}, {"uid": "3885523", "content": "来了来了来了"}]