[{"uid": "477457261", "content": "又要疯一个了"}, {"uid": "2608934", "content": "剪辑man我的超人哈哈哈哈"}, {"uid": "468567794", "content": "哈哈哈哈哈哈哈哈哈哈"}, {"uid": "468567794", "content": "kksk"}, {"uid": "22861765", "content": "惨不忍睹"}, {"uid": "24176734", "content": "你看她笑得多开心"}, {"uid": "266360", "content": "草"}, {"uid": "2598998", "content": "两个小时笑着回到原点~"}, {"uid": "248829272", "content": "kawaii"}, {"uid": "248829272", "content": "wwwwwww"}, {"uid": "57019199", "content": "kksk"}, {"uid": "30462482", "content": "哦哦哦哦哦"}, {"uid": "6092143", "content": "她笑的多开心啊"}, {"uid": "96567562", "content": "阿巴阿巴"}, {"uid": "30462482", "content": "wwww"}, {"uid": "761900", "content": "？"}, {"uid": "86458", "content": "好活，当赏"}, {"uid": "3124944", "content": "flag已立~"}, {"uid": "306797", "content": "草"}, {"uid": "27179741", "content": "看她笑得多开心啊"}, {"uid": "48414208", "content": "来了来了"}, {"uid": "468567794", "content": "hhhhhhhhhhhh"}, {"uid": "1766661", "content": "玩游戏呢，一定要笑，要啸着玩。。。。"}, {"uid": "573864", "content": "这简介有点猛"}, {"uid": "30462482", "content": "草"}, {"uid": "19824793", "content": "草"}, {"uid": "23001624", "content": "草"}]