[{"uid": "6075783", "content": "帅姐姐斩我！！！（bushi）"}, {"uid": "6075783", "content": "草这声“DD斩首”好帅啊"}, {"uid": "94851874", "content": "虽然很草但是好可爱"}, {"uid": "27179741", "content": "绝活"}, {"uid": "316751464", "content": "草草草草草草"}, {"uid": "27179741", "content": "吃 人 宽 带"}, {"uid": "293349718", "content": "哈哈哈哈太有意思了"}, {"uid": "652230159", "content": "草 官方鬼畜"}, {"uid": "58531", "content": "这也太草了"}, {"uid": "24502821", "content": "看到标题已经看是生草了"}, {"uid": "51364855", "content": "草，自己给自己做鬼畜"}, {"uid": "47298580", "content": "好鬼畜啊"}, {"uid": "104353618", "content": "草"}, {"uid": "23001624", "content": "笑死"}, {"uid": "434207732", "content": "DD危…"}, {"uid": "335370628", "content": "前方高能"}, {"uid": "353284545", "content": "草"}, {"uid": "24502821", "content": "真就是绝活"}, {"uid": "1720300", "content": "草"}, {"uid": "96567562", "content": "打五把CSGO"}, {"uid": "226968944", "content": "DD危！"}, {"uid": "68060881", "content": "草"}, {"uid": "472662146", "content": "草？"}, {"uid": "262284680", "content": "草"}, {"uid": "812469", "content": "草"}, {"uid": "6075783", "content": "草？"}, {"uid": "7473228", "content": "草"}, {"uid": "30462482", "content": "草"}, {"uid": "1540548", "content": "？？？"}, {"uid": "434207732", "content": "草"}, {"uid": "35565671", "content": "ohhhh"}, {"uid": "12745615", "content": "好耶！"}, {"uid": "291202284", "content": "草草草"}, {"uid": "400829971", "content": "草"}, {"uid": "38258587", "content": "草，好活就是有点烂"}, {"uid": "76485776", "content": "草"}, {"uid": "35343614", "content": "草"}, {"uid": "226968944", "content": "？？？"}, {"uid": "104349408", "content": "草"}, {"uid": "27636715", "content": "草"}, {"uid": "27179741", "content": "hso"}, {"uid": "523739860", "content": "hso"}, {"uid": "41648881", "content": "草"}, {"uid": "227293829", "content": "草"}, {"uid": "37961", "content": "草"}, {"uid": "27179741", "content": "？？？？？？"}, {"uid": "41648881", "content": "草？？"}, {"uid": "1997896", "content": "草"}, {"uid": "316751464", "content": "草"}, {"uid": "692341907", "content": "绝活"}, {"uid": "76485776", "content": "草"}, {"uid": "27179741", "content": "草草草"}, {"uid": "173098587", "content": "草"}, {"uid": "113843", "content": "草"}, {"uid": "58531", "content": "草"}, {"uid": "7561862", "content": "？？？"}, {"uid": "262284680", "content": "草"}, {"uid": "96567562", "content": "草"}, {"uid": "34405572", "content": "草"}, {"uid": "1437754", "content": "草"}, {"uid": "774664", "content": "草"}, {"uid": "430112568", "content": "草"}, {"uid": "27179741", "content": "hso"}, {"uid": "278777", "content": "草"}, {"uid": "265960694", "content": "草"}, {"uid": "335370628", "content": "？？？？？"}, {"uid": "335370628", "content": "草"}, {"uid": "11758259", "content": "草"}, {"uid": "430112568", "content": "草"}, {"uid": "23001624", "content": "hso"}, {"uid": "23001624", "content": "草"}, {"uid": "5089018", "content": "草"}, {"uid": "2319920", "content": "草"}, {"uid": "34507923", "content": "？？？？"}, {"uid": "7114614", "content": "草"}, {"uid": "416358448", "content": "草"}, {"uid": "3718537", "content": "草"}, {"uid": "430112568", "content": "草草"}, {"uid": "23001624", "content": "？？"}, {"uid": "147811", "content": "草"}, {"uid": "110341899", "content": "？"}, {"uid": "2369361", "content": "草"}]