[{"uid": "33015878", "content": "没声？"}, {"uid": "452253547", "content": "ohhhhhhhhhhhhhhhhhhhhhh"}, {"uid": "452253547", "content": "对你卡了"}, {"uid": "291083686", "content": "prprpr"}, {"uid": "291083686", "content": "好耶！"}, {"uid": "291083686", "content": "可爱qwq"}, {"uid": "4114637", "content": "可爱死了"}, {"uid": "589181910", "content": "草"}, {"uid": "687998993", "content": "好耶"}, {"uid": "17194837", "content": "？"}, {"uid": "177540350", "content": "拉拉人狂喜"}, {"uid": "177540350", "content": "！"}, {"uid": "46989751", "content": "拉拉人探头"}, {"uid": "38361562", "content": "把中文都给吓出来了"}, {"uid": "92871670", "content": "拉拉人狂喜，拉拉人落泪。"}, {"uid": "112776970", "content": "精分现场2333"}, {"uid": "112776970", "content": "香菜！我们也喜欢！！！"}, {"uid": "112776970", "content": "草，这句是从oto那学的吗2333"}, {"uid": "112776970", "content": "咔嚓咔嚓，咔嚓咔嚓"}, {"uid": "27179741", "content": "草"}, {"uid": "812469", "content": "太草了"}, {"uid": "11356366", "content": "来了来了"}, {"uid": "22077434", "content": "草"}, {"uid": "8540019", "content": "你群女水友出道既视感"}, {"uid": "8540019", "content": "对，你聋了"}, {"uid": "8540019", "content": "我双重人格说话带回音很河里"}, {"uid": "8540019", "content": "？？？？"}, {"uid": "68060881", "content": "来了来了"}, {"uid": "23001624", "content": "！！"}, {"uid": "65997794", "content": "草草草草草草"}, {"uid": "1997896", "content": "在哦~~~"}, {"uid": "3885523", "content": "Ｏ(≧▽≦)Ｏ "}, {"uid": "1997896", "content": "DT桑，你在看嘛DT桑"}, {"uid": "1997896", "content": "火 王力宏 火"}, {"uid": "302201249", "content": "双厨狂喜"}, {"uid": "13587880", "content": "哇 ll"}, {"uid": "1997896", "content": "此时龙王正在求救字幕组"}, {"uid": "1997896", "content": "弱弱pc"}, {"uid": "1997896", "content": "正片5分50太秀了"}, {"uid": "27179741", "content": "虚晃一枪"}, {"uid": "30462482", "content": "到"}, {"uid": "30462482", "content": "草"}, {"uid": "30462482", "content": "对不起，我跳过来的"}, {"uid": "35343614", "content": "对 你手机没电了"}, {"uid": "30462482", "content": "弱弱pc"}, {"uid": "30462482", "content": "草"}, {"uid": "30462482", "content": "开幕黑屏"}, {"uid": "3885523", "content": "来了来了来了"}, {"uid": "35343614", "content": "好家伙 开幕黑屏"}, {"uid": "405378", "content": "全熟可太厉害了"}, {"uid": "1997896", "content": "\\ykl/\\ykl/\\ykl/\\ykl/\\ykl/\\ykl/\\ykl/\\ykl/"}]