[{"uid": "160188556", "content": "好耶"}, {"uid": "160188556", "content": "一般地方平时也挺少人的"}, {"uid": "13210273", "content": "换乘好多啊"}, {"uid": "2646669", "content": "这个希望号是铁胆火车侠里面的？"}, {"uid": "10579112", "content": "好舒服的感觉"}, {"uid": "348604908", "content": "君の帧数 not good"}, {"uid": "512770", "content": "这图好棒"}, {"uid": "10042939", "content": "竟然有日英中三语啊"}, {"uid": "350216793", "content": "很棒的感觉"}, {"uid": "350216793", "content": "好棒啊"}, {"uid": "21174211", "content": "乘换案内很好用"}, {"uid": "14112487", "content": "看着很舒服，实际上走在大街上能热死你"}, {"uid": "14112487", "content": "大街上看着没什么人啊，是因为疫情吗"}, {"uid": "85660367", "content": "ykl感觉个子好高挑啊"}, {"uid": "21699", "content": "都带口罩，近期拍的"}, {"uid": "21699", "content": "感觉是云台拍的，好稳"}, {"uid": "234072318", "content": "这个绿茶我喝过  无糖  茶味十足  "}, {"uid": "8938353", "content": "草"}, {"uid": "169532651", "content": "东 方 神 灵 庙"}, {"uid": "5763662", "content": "好耶"}, {"uid": "12920753", "content": "飞鸟由卡里给爷火！"}, {"uid": "15672782", "content": "这种方式别具一格"}, {"uid": "12754387", "content": "可惜没有共享单车"}, {"uid": "12754387", "content": "看起来好热w"}, {"uid": "12754387", "content": "拍得好稳啊"}, {"uid": "900537", "content": "现在只能云旅游了，实地因为现在这疫情的关系，估计不知道猴年马月了"}, {"uid": "2520294", "content": "对喜欢历史的来说关西值得玩的地方更多一点，上次去都只能选择一部分逛"}, {"uid": "2520294", "content": "地铁不怎么复杂，jr和各个城市私营的地铁站是分开的，跟着谷歌地图很难搞错"}, {"uid": "2608934", "content": "好家伙旅游指导"}, {"uid": "10610167", "content": "不是快，是视频加速了"}, {"uid": "7153723", "content": "尤卡碳注意安全啊，人这么少"}, {"uid": "7153723", "content": "已经迷路了"}, {"uid": "7153723", "content": "山茶小姐我爱你啊"}, {"uid": "113843", "content": "好远阿"}, {"uid": "137263", "content": "逛景点的时候天气不错加人少是真的舒服"}, {"uid": "137263", "content": "如果没人带我自己已经绕晕了wwww"}, {"uid": "307315372", "content": "好耶"}, {"uid": "37498399", "content": "挺有感觉的"}, {"uid": "494964", "content": "東京から遠い！（）"}, {"uid": "22244376", "content": "ykl是把相机顶在脑袋上拍的吗"}, {"uid": "82775396", "content": "轻飘飘的感觉"}, {"uid": "14008517", "content": "这个步伐感觉好可爱啊"}, {"uid": "1677006217", "content": "有机会一定去"}, {"uid": "1877428", "content": "木村拓哉友情客串"}, {"uid": "15519513", "content": "不亏是迷路地铁..真复杂"}, {"uid": "95699", "content": "这要国内做这种企划，怕不是人从众"}, {"uid": "404303", "content": "圣德太子的愉快木造建筑？"}, {"uid": "179461703", "content": "我是圣德太子（）"}, {"uid": "23506796", "content": "天气真好啊"}, {"uid": "23506796", "content": "山茶挽着我的手，一起前往法隆寺"}, {"uid": "12497108", "content": "有机会一定去看看"}, {"uid": "420465", "content": "ohhhhhhhhh"}, {"uid": "549602076", "content": "原来这就是陪女朋友旅游的感觉吗？QwQ"}, {"uid": "12927372", "content": "太喜欢了哈哈"}, {"uid": "30462482", "content": "都没人，ykl老社恐了"}, {"uid": "42589458", "content": "再见~"}, {"uid": "10583934", "content": "今度一緒に （づ￣3￣）づ╭～"}, {"uid": "30462482", "content": "草"}, {"uid": "230446", "content": "就喜欢这种慢悠悠没人的节奏"}, {"uid": "102075555", "content": "探头？"}, {"uid": "30462482", "content": "woc没人，ykl什么时候拍的"}, {"uid": "10583934", "content": "天气不错哦"}, {"uid": "10583934", "content": "＼山茶／＼山茶／＼山茶／"}, {"uid": "89498", "content": "京都的电车总是这么慢悠悠"}, {"uid": "24940", "content": "车上人不多的时候，坐车真的舒服"}, {"uid": "3549739", "content": "是山茶，awsl"}, {"uid": "12754387", "content": "大制作"}, {"uid": "13542638", "content": "看这视角目测1米5左右（）"}, {"uid": "30462482", "content": "啊，山茶小姐"}, {"uid": "11186884", "content": "是山茶小姐 好耶"}, {"uid": "468567794", "content": "来了来了"}, {"uid": "1877428", "content": "这就是新垣结衣代言的那个茶饮料吧"}, {"uid": "8422", "content": "靠,红绿灯开的好快"}, {"uid": "27024526", "content": "ohhhhhhh"}, {"uid": "179461703", "content": "好耶"}, {"uid": "10610167", "content": "不高，碎步"}, {"uid": "179461703", "content": "超强！"}, {"uid": "160188556", "content": "没错，山茶挽着我的手"}, {"uid": "160188556", "content": "复杂倒是不复杂"}, {"uid": "160188556", "content": "wwww"}, {"uid": "37141131", "content": "好耶"}, {"uid": "13166988", "content": "视频有加速的"}, {"uid": "303351", "content": "大制作"}, {"uid": "49588409", "content": "站点好少"}, {"uid": "7153723", "content": "巴士很普通嘛"}, {"uid": "493854775", "content": "桃子"}, {"uid": "64000094", "content": "山茶！山茶！老婆！老婆！"}, {"uid": "13244245", "content": "好耶"}, {"uid": "89498", "content": "这家駅弁还不错"}, {"uid": "10583934", "content": "山茶呢，我的山茶呢？"}, {"uid": "10583934", "content": "ykl跑这么远啊"}, {"uid": "321394966", "content": "爱了爱了"}, {"uid": "468373", "content": "好BGM"}, {"uid": "49588409", "content": "离大楼这么近？不是很吵吗"}, {"uid": "297672944", "content": "大片既视感"}, {"uid": "79646219", "content": "好耶"}, {"uid": "382910589", "content": "好耶"}, {"uid": "289725737", "content": "nxpc"}, {"uid": "179461703", "content": "ツバキ様!!!"}, {"uid": "499430959", "content": "阿巴阿巴"}, {"uid": "226838279", "content": "www"}, {"uid": "89498", "content": "X5"}, {"uid": "243381046", "content": "♡山茶♡山茶♡山茶♡山茶♡山茶♡山茶♡"}, {"uid": "1677006217", "content": "\\山茶/\\山茶/\\山茶/\\山茶/\\山茶/"}, {"uid": "179461703", "content": "\\山茶/\\山茶/\\山茶/\\山茶/\\山茶/"}, {"uid": "179461703", "content": "\\山茶/\\山茶/\\山茶/\\山茶/\\山茶/"}, {"uid": "179461703", "content": "\\山茶/\\山茶/\\山茶/\\山茶/\\山茶/"}, {"uid": "10583934", "content": "＼ゆかり／＼ゆかり／＼ゆかり／"}]