[{"uid": "400829971", "content": "好耶"}, {"uid": "400829971", "content": "初见可爱单推"}, {"uid": "487279", "content": "好耶"}, {"uid": "3885523", "content": "来了来了来了"}, {"uid": "17177902", "content": "66666"}, {"uid": "179162519", "content": "≧∇≦"}, {"uid": "54317344", "content": "❀樱花❀樱花❀樱花❀樱花❀樱花❀樱花❀"}, {"uid": "54317344", "content": "❀樱花❀樱花❀樱花❀樱花❀樱花❀樱花❀"}, {"uid": "54317344", "content": "❀樱花❀樱花❀樱花❀樱花❀樱花❀樱花❀"}]