[{"uid": "2941201", "content": "单推人，集合！"}, {"uid": "4858102", "content": "DD姬，你总算播了"}, {"uid": "11356366", "content": "不愧是你"}, {"uid": "757784", "content": "还有导游"}, {"uid": "1616572", "content": "这视频做的真不错"}, {"uid": "346582014", "content": "我寻思着哪里不对"}, {"uid": "561780", "content": "初代还行"}, {"uid": "432710998", "content": "单推姬来了！"}, {"uid": "2060087", "content": "好了，背刺联盟的hxd可以集合了"}, {"uid": "114964846", "content": "哈哈哈哈"}, {"uid": "1997896", "content": "不愧是你"}, {"uid": "19179225", "content": "尤卡碳什么时候直播"}, {"uid": "430112568", "content": "妈妈，我上电视了"}, {"uid": "2060087", "content": "我将带头冲锋!!!"}, {"uid": "2941201", "content": "带制作"}, {"uid": "12752668", "content": "好家伙"}, {"uid": "179162519", "content": "来了来了！！"}, {"uid": "50543646", "content": "看到自己了"}, {"uid": "346582014", "content": "自大ddwwww"}, {"uid": "313119959", "content": "wwwww"}, {"uid": "254083174", "content": "终于来了！！"}, {"uid": "627643", "content": "这整活可以啊"}, {"uid": "114964846", "content": "来了来了"}, {"uid": "1922156", "content": "？？？？？？？？？"}, {"uid": "35715888", "content": "终于来了"}, {"uid": "757784", "content": "看到我自己了"}, {"uid": "13279664", "content": "好"}, {"uid": "8540019", "content": "吊图一堆。。"}, {"uid": "8244866", "content": "大制作"}, {"uid": "38683940", "content": "来了来了"}, {"uid": "227293829", "content": "好耶"}, {"uid": "72843230", "content": "好耶"}, {"uid": "245096746", "content": "ね？"}, {"uid": "22162694", "content": "好家伙"}, {"uid": "44127617", "content": "好耶"}, {"uid": "30462482", "content": "来了"}, {"uid": "6486338", "content": "三连了"}, {"uid": "25375745", "content": "来了来了"}, {"uid": "13569946", "content": "哦特慢"}, {"uid": "2682652", "content": "带制作"}, {"uid": "7153723", "content": "？？？"}, {"uid": "176770695", "content": "好耶"}, {"uid": "361380255", "content": "加油"}, {"uid": "86603777", "content": "来了来了"}, {"uid": "405378", "content": "大片www"}, {"uid": "76774705", "content": "啧"}, {"uid": "6254315", "content": "大制作的感覺"}, {"uid": "204560080", "content": "好耶"}, {"uid": "9643544", "content": "来了来了"}, {"uid": "122134", "content": "带制作"}, {"uid": "23001624", "content": "？？"}, {"uid": "114964846", "content": "好活"}, {"uid": "2290738", "content": "大片"}, {"uid": "31337711", "content": "终于"}, {"uid": "291202284", "content": "好耶"}, {"uid": "3153180", "content": "大制作"}, {"uid": "34074498", "content": "好耶！"}, {"uid": "20507313", "content": "整活啊"}, {"uid": "750656", "content": "啦啦啦，来啦"}, {"uid": "692341907", "content": "尤卡里什么时候直播"}, {"uid": "812469", "content": "带制作"}, {"uid": "8387458", "content": "\\yukari/\\yukari/\\yukari/\\yukari/"}, {"uid": "83597082", "content": "\\yukari/\\yukari/\\yukari/\\yukari/ ​"}, {"uid": "83597082", "content": "\\yukari/\\yukari/\\yukari/\\yukari/ ​"}, {"uid": "83597082", "content": "\\yukari/\\yukari/\\yukari/\\yukari/ ​"}, {"uid": "13569946", "content": "\\yukari/\\yukari/\\yukari/\\yukari/ ​"}, {"uid": "2060087", "content": "\\ykl/\\ykl/\\ykl/\\ykl/"}, {"uid": "291202284", "content": "\\yukari/\\yukari/\\yukari/\\yukari/\\yukari/\\yukari/\\yukari/\\yukari/\\yukari/\\yukari/\\yukari/\\yukari/\\yuk"}, {"uid": "86603777", "content": "\\ykt/\\ykt/\\ykt/\\ykt/"}, {"uid": "5339868", "content": "\\ykt/\\ykt/\\ykt/\\ykt/\\ykt/"}]