[{"uid": "27179741", "content": "被 骗 了"}, {"uid": "346174687", "content": "彩虹尤卡里"}, {"uid": "35715888", "content": "喵喵喵喵喵喵喵喵喵喵喵喵"}, {"uid": "1997896", "content": "nyanyanyanyanya"}, {"uid": "812469", "content": "奥 数 魔 刃"}, {"uid": "16918173", "content": "你 被 骗 了"}, {"uid": "1997896", "content": "太草了这个奥术魔刃"}, {"uid": "27636715", "content": "请问这是在拉彩虹屁吗？"}, {"uid": "1997896", "content": "尤卡碳的奇妙奥术魔刃"}, {"uid": "104353618", "content": "NyanNyanNyanNyanNyanNyanNyan"}, {"uid": "104353618", "content": "NyanNyanNyanNyanNyan"}, {"uid": "291011306", "content": "草？"}, {"uid": "30462482", "content": "我要真正的魔术"}, {"uid": "1437754", "content": "开始整活了"}, {"uid": "3885523", "content": "草"}, {"uid": "503591336", "content": "草"}, {"uid": "104353618", "content": "NyanNyanNyanNyanNyan"}, {"uid": "1997896", "content": "草"}, {"uid": "1997896", "content": "奥术魔刃？？？？？？"}, {"uid": "104353618", "content": "NyanNyanNyanNyanNyanNyan"}, {"uid": "104353618", "content": "NyanNyanNyanNyanNyanNyan"}, {"uid": "34804041", "content": "喵喵喵喵喵"}, {"uid": "173098587", "content": "草"}, {"uid": "114964846", "content": "草"}, {"uid": "30462482", "content": "草"}, {"uid": "13969881", "content": "草草草"}, {"uid": "346174687", "content": "草"}, {"uid": "77339497", "content": "草"}, {"uid": "144577915", "content": "啊这"}, {"uid": "2060087", "content": "?"}, {"uid": "104353618", "content": "NyanNyanNyanNyanNyanNyan"}, {"uid": "104353618", "content": "NyanNyanNyanNyanNyan"}, {"uid": "20317592", "content": "卧槽"}, {"uid": "23001624", "content": "我上当了"}, {"uid": "434780627", "content": "草"}, {"uid": "52241776", "content": "草"}, {"uid": "104353618", "content": "NyanNyanNyanNyanNyanNyan"}, {"uid": "351199320", "content": "草"}, {"uid": "104353618", "content": "NyanNyanNyanNyanNyanNyan"}, {"uid": "945802", "content": "喵？"}, {"uid": "35715888", "content": "喵喵喵"}, {"uid": "104353618", "content": "NyanNyanNyanNyanNyanNyanNyanNyan"}, {"uid": "30462482", "content": "草"}, {"uid": "1730884", "content": "我不信"}, {"uid": "593734", "content": "啊我睡了"}, {"uid": "12930385", "content": "草"}, {"uid": "35715888", "content": "喵喵喵喵喵喵喵喵喵喵喵喵"}, {"uid": "227293829", "content": "草"}, {"uid": "432882", "content": "草"}, {"uid": "1730884", "content": "发个弹幕"}, {"uid": "13569946", "content": "？"}, {"uid": "27179741", "content": "草"}, {"uid": "15184233", "content": "喵喵喵！"}, {"uid": "104353618", "content": "NyanNyanNyanNyanNyanNyanNyan"}, {"uid": "1743763", "content": "草"}, {"uid": "179162519", "content": "草"}, {"uid": "27179741", "content": "草"}, {"uid": "51364855", "content": "？"}, {"uid": "2369361", "content": "喵喵喵喵喵喵喵喵喵喵喵喵喵喵喵喵喵喵喵喵喵喵喵喵"}]