[{"uid": "226838279", "content": "残酷天使好耶！"}, {"uid": "30462482", "content": "\\山茶/\\山茶/\\山茶/\\"}, {"uid": "30462482", "content": "山茶  结婚"}, {"uid": "3549739", "content": "山茶！单挑！"}, {"uid": "400829971", "content": "好喜欢这这声线"}, {"uid": "91560428", "content": "我永远单推山茶！"}, {"uid": "30462482", "content": "山茶/山茶/山茶"}, {"uid": "3885523", "content": "♪⸜(๑ ॑꒳ ॑๑)⸝♪✰"}, {"uid": "34703702", "content": "."}, {"uid": "109421669", "content": "\\山茶/\\山茶/\\山茶/\\山茶/\\山茶/\\山茶/\\山茶/"}, {"uid": "291202284", "content": "\\山茶/\\山茶/\\山茶/\\山茶/\\山茶/\\山茶/​"}, {"uid": "1743763", "content": "山茶/\\山茶/\\山茶/\\山茶/\\山茶/\\山茶/\\山茶/\\山茶/"}, {"uid": "35343614", "content": "\\山茶/\\山茶/\\山茶/\\山茶/\\山茶/\\山茶/\\山茶/"}, {"uid": "400866436", "content": "\\山茶/\\山茶/\\山茶/\\山茶/\\山茶/\\山茶/\\山茶/​"}, {"uid": "76485776", "content": "\\山茶/\\山茶/\\山茶/\\山茶/\\山茶/\\山茶/"}, {"uid": "76485776", "content": "\\山茶/\\山茶/\\山茶/\\山茶/\\山茶/\\山茶/"}, {"uid": "76485776", "content": "\\山茶/\\山茶/\\山茶/\\山茶/\\山茶/\\山茶/"}, {"uid": "30462482", "content": "\\山茶/\\山茶/\\山茶/\\山茶/\\山茶/\\"}, {"uid": "30462482", "content": "\\山茶/\\山茶/\\山茶/\\山茶/\\山茶"}, {"uid": "30462482", "content": "\\山茶/\\山茶/\\山茶/\\山茶/\\山茶/\\山茶"}, {"uid": "30462482", "content": "\\山茶/\\山茶/\\山茶/\\山茶/\\山茶/\\山茶/"}, {"uid": "3549739", "content": "\\山茶/\\山茶/\\山茶/\\山茶/\\山茶/\\山茶/\\山茶/\\山茶/\\山茶/\\山茶/\\山茶/\\"}, {"uid": "1585492", "content": "\\山茶/\\山茶/\\山茶/\\山茶/\\山茶/"}, {"uid": "291202284", "content": "[置顶]\\山茶/\\山茶/\\山茶/\\山茶/\\山茶/\\山茶/\\山茶/\\山茶/\\山茶/\\山茶/\\山茶/\\山茶/\\山茶/\\山茶/\\山茶/\\山茶/\\山茶/\\山茶/\\山茶/\\山茶/\\山茶/\\山茶/\\山茶/\\山茶/"}, {"uid": "96567562", "content": "\\つばき/\\つばき/\\つばき/\\つばき/"}, {"uid": "96567562", "content": "\\つばき/\\つばき/\\つばき/\\つばき/"}, {"uid": "96567562", "content": "\\つばき/\\つばき/\\つばき/\\つばき/"}, {"uid": "19179225", "content": "\\山茶/\\山茶/\\山茶/\\山茶/\\山茶/\\山茶/\\山茶/\\山茶/\\山茶/\\山茶/\\山茶/\\山茶/\\山茶/\\山茶/\\山茶/\\山茶/\\山茶/\\山茶/\\山茶/\\山茶/\\山茶/\\山茶/\\山茶/\\山茶/\\山茶/"}, {"uid": "3723586", "content": "\\山茶/\\山茶/\\山茶/\\山茶/\\山茶/\\山茶/"}, {"uid": "34703702", "content": "\\山茶/\\山茶/\\山茶/\\山茶/\\山茶/\\山茶/\\山茶/\\山茶/\\山茶/\\山茶/\\山茶/\\山茶/\\山茶/\\山茶/\\山茶/\\山茶/"}, {"uid": "104353618", "content": "\\山茶/\\山茶/\\山茶/\\山茶/"}, {"uid": "17177902", "content": "\\逃避/\\逃避/\\逃避/\\逃避/\\逃避/\\逃避/"}, {"uid": "34074498", "content": "\\山茶/\\山茶/\\山茶/\\山茶/"}, {"uid": "350543093", "content": "\\山茶/\\山茶/\\山茶/\\山茶/\\山茶/\\山茶/​"}, {"uid": "400829971", "content": "\\山茶/\\山茶/\\山茶/\\山茶/\\山茶/\\山茶/"}, {"uid": "400829971", "content": "\\山茶/\\山茶/\\山茶/\\山茶/\\山茶/\\山茶/"}, {"uid": "400829971", "content": "\\山茶/\\山茶/\\山茶/\\山茶/\\山茶/\\山茶/"}]