[{"uid": "569253800", "content": "机身竟是我自己"}, {"uid": "123964278", "content": "哈哈哈"}, {"uid": "11186884", "content": "万能的日语"}, {"uid": "477890389", "content": "好肝啊，这是肝上长出来一个人吗"}, {"uid": "2468708", "content": "万能的日语"}, {"uid": "17443654", "content": "哈哈哈哈哈哈哈哈哈哈"}, {"uid": "3124944", "content": "？？DD 是機体？"}, {"uid": "1437754", "content": "好耶！终于要联动了"}, {"uid": "507702189", "content": "？？？？？草草"}, {"uid": "18253454", "content": "好耶！！！"}, {"uid": "185522543", "content": "起飞喽！"}, {"uid": "46989751", "content": "哈哈哈哈哈哈"}, {"uid": "27024526", "content": "强 ykl 强"}, {"uid": "878808", "content": "草"}, {"uid": "1997896", "content": "太草了"}, {"uid": "227293829", "content": "草"}, {"uid": "185522543", "content": "xswl"}, {"uid": "246633442", "content": "好耶"}, {"uid": "1997896", "content": "草"}, {"uid": "80285127", "content": "太草了"}, {"uid": "507702189", "content": "？？？？？？？？？"}, {"uid": "23001624", "content": "草"}, {"uid": "66744611", "content": "草"}, {"uid": "266273644", "content": "yklyklykl"}, {"uid": "23001624", "content": "哦哦哦哦哦"}, {"uid": "79646219", "content": "噗"}, {"uid": "3885523", "content": "草"}, {"uid": "3885523", "content": "Ｏ(≧▽≦)Ｏ "}, {"uid": "185522543", "content": "哦哦哦哦哦哦"}, {"uid": "38258587", "content": "Dddddd"}, {"uid": "878808", "content": "草"}, {"uid": "68060881", "content": "草"}]