[{"uid": "157713006", "content": "我一直以为木花咲耶姬是水神"}, {"uid": "440794703", "content": "简称尤里"}, {"uid": "178645", "content": "【ED！】"}, {"uid": "178645", "content": "【目标是开飞鸟咖啡屋】"}, {"uid": "178645", "content": "【我想做一些面对新手的料理菜谱视频】"}, {"uid": "178645", "content": "虽然说现在已经是一个动漫宅女"}, {"uid": "178645", "content": "【实际上尤卡碳有带着前世的记忆】"}, {"uid": "178645", "content": "【双子座 18岁】"}, {"uid": "178645", "content": "【那么来介绍一下吧】"}, {"uid": "178645", "content": "【我叫飞鸟尤卡里或者“尤卡碳”】"}, {"uid": "178645", "content": "【大家好~❤】"}, {"uid": "2476296", "content": "穿越的DJ不行吗"}, {"uid": "401593773", "content": "你的外表是古代的，BGM却是现代电音，你究竟是什么人？"}, {"uid": "40338633", "content": "抱歉我来晚了，现在单推还来得及吗？"}, {"uid": "248428", "content": "三 维 气 泡"}, {"uid": "3020681", "content": "中之人曝露"}, {"uid": "179732", "content": "可愛い巫女が来たたたた!単推し!"}, {"uid": "346174687", "content": "直播料理可还行，推了，祝你梦想成功"}, {"uid": "346174687", "content": "立绘好看，声音好听，推了（DD行为）"}, {"uid": "11194170", "content": "三维空间人草"}, {"uid": "6104958", "content": "三维空间人可还行"}, {"uid": "575248873", "content": "这里，她可能写的是动漫宅。但翻译后...."}, {"uid": "178645", "content": "【重新介绍一下 我的名字叫飞鸟尤卡里】"}, {"uid": "178645", "content": "【那么...】"}, {"uid": "178645", "content": "【所以我想做一个简单的自我介绍】"}, {"uid": "105091348", "content": "三维空间人草"}, {"uid": "127876", "content": "三 维 空 间 人"}, {"uid": "15922", "content": "哈，应该是宅女吧"}, {"uid": "290898087", "content": "看得出来www"}, {"uid": "178645", "content": "【另外也有计划直播】"}, {"uid": "178645", "content": "而且是超级美少女的啦"}, {"uid": "178645", "content": "【尤卡碳的妈妈是】"}, {"uid": "178645", "content": "【因为这一次是我第一次发视频】"}, {"uid": "3916674", "content": "喜 之 郎 果 冻"}, {"uid": "58531", "content": "三维空间人草"}, {"uid": "169897400", "content": "三维空间人爆笑"}, {"uid": "507702189", "content": "草哈哈哈"}, {"uid": "9643544", "content": "草"}, {"uid": "178645", "content": "【谢谢你看到这里！】"}, {"uid": "178645", "content": "「木花开花姬」"}, {"uid": "178645", "content": "【请叫我尤卡碳~】"}, {"uid": "227293829", "content": "三维空间人草"}, {"uid": "40338633", "content": "抱歉我来晚了，现在单推还来得及吗？"}, {"uid": "812469", "content": "不愧是生草机wwwwww"}, {"uid": "11186884", "content": "草"}, {"uid": "178645", "content": "【大家要给我加油哦！】"}, {"uid": "178645", "content": "【非常非常想实现这些！】"}, {"uid": "178645", "content": "【爸爸是ののん。桑】"}, {"uid": "178645", "content": "【初次见面】"}, {"uid": "34005584", "content": "死亡机翻。。。"}, {"uid": "558539", "content": "三维空间人草"}, {"uid": "11461", "content": "木化少爷鸡"}, {"uid": "13129396", "content": "三维空间人"}, {"uid": "38134536", "content": "同一天生日欸!!!"}, {"uid": "178645", "content": "【生日是5月21日】"}, {"uid": "40338633", "content": "抱歉我来晚了，现在单退还来得及吗？"}, {"uid": "580347", "content": "太昭和了"}, {"uid": "28125001", "content": "我瞎了"}, {"uid": "37849632", "content": "迫真前世"}, {"uid": "593734", "content": "欢迎来到bilibili"}, {"uid": "367282", "content": "三维空间人草"}, {"uid": "12927372", "content": "加油啊YKL"}, {"uid": "627724950", "content": "尤卡坦半岛。。。"}, {"uid": "9643544", "content": "太草了"}, {"uid": "178645", "content": "【还有3D化】"}, {"uid": "178645", "content": "那个人居然是住在富士山的樱花神女"}, {"uid": "178645", "content": "【宠物是buhimaru】"}, {"uid": "7775751", "content": "草"}, {"uid": "580347", "content": "这生草机哈哈哈"}, {"uid": "3885523", "content": "Ｏ(≧▽≦)Ｏ "}, {"uid": "3885523", "content": "来了来了来了"}, {"uid": "11375396", "content": "同一天生日噢噢噢噢"}, {"uid": "29860653", "content": "草"}, {"uid": "82944716", "content": "草"}, {"uid": "18790467", "content": "我想当太空人！"}, {"uid": "30462482", "content": "草"}, {"uid": "28571067", "content": "很漂亮啊"}, {"uid": "5565962", "content": "kawai"}, {"uid": "9048553", "content": "awsl"}, {"uid": "871013", "content": "kusa"}, {"uid": "178645", "content": "【那么下次再见~】"}, {"uid": "178645", "content": "【月居ちよこ桑】"}, {"uid": "178645", "content": "【我是飞鸟时代的樱花V】"}, {"uid": "1720300", "content": "草"}, {"uid": "473913303", "content": "草"}, {"uid": "22941416", "content": "草"}, {"uid": "15922", "content": "wwwwwww"}, {"uid": "2102686", "content": "草"}, {"uid": "2102686", "content": "wwww"}, {"uid": "27835453", "content": "加油"}]