[{"uid": "244286768", "content": "意思完全反了啊"}, {"uid": "35568469", "content": "草，我怀疑你是故意的"}, {"uid": "407217061", "content": "钓鱼？"}, {"uid": "396297069", "content": "嘟喇叭~"}, {"uid": "406345372", "content": "金木水火你"}, {"uid": "406345372", "content": "土"}, {"uid": "406345372", "content": "土"}, {"uid": "222899625", "content": "叠词词 恶心心"}, {"uid": "5411788", "content": "全然当てにならんと思うぞこの翻訳　全く違う意味になってぞ"}, {"uid": "416034211", "content": "哈哈哈哈哈哈哈"}, {"uid": "398825879", "content": "一脸懵壁"}, {"uid": "398825879", "content": "这个太奇怪了，偏偏还有点对"}, {"uid": "1915514", "content": "网络词语翻译不出来的"}, {"uid": "12769521", "content": "今から、浮きます"}, {"uid": "503894", "content": "超凶"}, {"uid": "227530491", "content": "草"}, {"uid": "68983751", "content": "45姐直呼内行"}, {"uid": "74173597", "content": "草."}, {"uid": "74173597", "content": "谷歌生草机"}, {"uid": "13542638", "content": "臭起来了"}, {"uid": "27179741", "content": "草"}, {"uid": "27179741", "content": "过于生草"}, {"uid": "27179741", "content": "开幕恶臭"}, {"uid": "74848139", "content": "草，谷歌生草机"}, {"uid": "477890389", "content": "日语空耳。。。"}, {"uid": "4093010", "content": "不愧是生草机2333"}, {"uid": "401099828", "content": "某种意义上，也行。"}, {"uid": "401099828", "content": "怎么这么奇怪呢？"}, {"uid": "6101656", "content": "离谱"}, {"uid": "26550021", "content": "这个可以音译成日文"}, {"uid": "385746108", "content": "哈哈哈哈哈哈哈哈"}, {"uid": "3918844", "content": "今から うちます"}, {"uid": "440132386", "content": "wwwww"}, {"uid": "12745615", "content": "刀乐"}, {"uid": "342061943", "content": "蚌埠人一脸懵逼"}, {"uid": "43189173", "content": " 我居然看懂了"}, {"uid": "487279", "content": "？"}, {"uid": "112776970", "content": "你好漂亮啊2333"}, {"uid": "112776970", "content": "这个含义她懂吗2333"}, {"uid": "66744611", "content": "大草"}, {"uid": "2700263", "content": "为什么这么卡的样子"}, {"uid": "9857664", "content": "233"}, {"uid": "468567794", "content": "哈哈哈哈哈"}, {"uid": "468567794", "content": "哈哈哈哈哈"}, {"uid": "125349660", "content": "ykl变臭力（悲）"}, {"uid": "36050683", "content": "啊啊啊啊啊啊啊啊啊啊啊啊"}, {"uid": "23001624", "content": "草"}, {"uid": "80285127", "content": "这里太草了"}, {"uid": "261145108", "content": "太天真了孩子"}, {"uid": "54317344", "content": "xswl弾幕"}, {"uid": "468567794", "content": "0.5倍速"}, {"uid": "468567794", "content": "哈哈哈哈哈哈"}, {"uid": "64000094", "content": "尤卡里要一直都可可爱爱的！知道吗？"}, {"uid": "64000094", "content": "这么臭的句子是誰打出的（半恼"}, {"uid": "48414208", "content": "超凶"}, {"uid": "300359626", "content": "草"}, {"uid": "242193808", "content": "ykl！ykl！ykl！ykl！"}, {"uid": "761900", "content": "开幕恶臭"}, {"uid": "272457030", "content": "好臭"}, {"uid": "150080066", "content": "草"}, {"uid": "245096746", "content": "や丽増しネイル　（他们对你说日文）"}, {"uid": "416034211", "content": "哈哈哈哈哈"}, {"uid": "401099828", "content": "草，蚌埠人出来说两句"}, {"uid": "162704436", "content": "23333333"}, {"uid": "11305863", "content": "hhhh"}, {"uid": "43189173", "content": "pressure masnet"}, {"uid": "43189173", "content": "这翻译…"}, {"uid": "80558654", "content": "草"}, {"uid": "35568469", "content": "哈哈哈哈哈"}, {"uid": "12292507", "content": "大写的草"}, {"uid": "121903621", "content": "？？？"}, {"uid": "28571362", "content": "哈哈哈"}, {"uid": "32278234", "content": "草"}, {"uid": "401099828", "content": "谷歌生草机，让你在世界的每一个角落颠沛流离"}, {"uid": "15568897", "content": "什么生草翻译"}, {"uid": "28864786", "content": "草"}, {"uid": "11360156", "content": "小邪神飞踢"}, {"uid": "8280165", "content": "那些是用中文表达的日语谐音，哈哈哈，她看不懂"}, {"uid": "345596760", "content": "当时真的全是怪话"}, {"uid": "9211330", "content": "哈哈哈哈哈哈哈哈哈"}, {"uid": "20353893", "content": "草"}, {"uid": "36050683", "content": "这生草的翻译。。"}, {"uid": "104353618", "content": "草草草"}, {"uid": "249008376", "content": "哈哈"}, {"uid": "54317344", "content": "清楚 ykl 清楚"}, {"uid": "64000094", "content": "尤卡里要一直都可可爱爱的！知道吗？"}, {"uid": "48414208", "content": "来了来了"}, {"uid": "245096746", "content": "ぁいな役だな！yいまこうこうで　（虽然搞不懂他们都是说的日语）"}, {"uid": "13542638", "content": "蚌埠住了"}, {"uid": "14487912", "content": "马斯内风评被害"}, {"uid": "36102778", "content": "藤本树都来了"}, {"uid": "28864786", "content": "草"}, {"uid": "345596760", "content": "开始快乐起来"}, {"uid": "11997835", "content": "逐渐离谱"}, {"uid": "235617022", "content": "不，你不明白"}, {"uid": "298087162", "content": "23333333"}, {"uid": "31261669", "content": "xswl"}, {"uid": "302496693", "content": "草"}, {"uid": "919764", "content": "xswl"}, {"uid": "786526", "content": "草"}, {"uid": "468567794", "content": "草"}, {"uid": "316790556", "content": "kksk"}, {"uid": "468567794", "content": "3分钟"}, {"uid": "245096746", "content": "ぁいな！やぅだな！yいま！こうこうで"}, {"uid": "245096746", "content": "ばんgぶ←うぇ（他们这话有点怪）"}, {"uid": "12754387", "content": "草"}, {"uid": "74173597", "content": "好臭啊"}, {"uid": "687998993", "content": "Humhhhhhhhhh"}, {"uid": "38389138", "content": "哈哈哈"}, {"uid": "36050683", "content": "草"}, {"uid": "36050683", "content": "钓鱼还行"}, {"uid": "68060881", "content": "草"}, {"uid": "7473228", "content": "这？"}, {"uid": "515794728", "content": "草"}, {"uid": "245096746", "content": "真没想到"}, {"uid": "1915514", "content": "就离谱"}, {"uid": "202741218", "content": "哈哈哈"}, {"uid": "74173597", "content": "？？？"}, {"uid": "74173597", "content": "草"}, {"uid": "96196623", "content": "今から打ちます"}, {"uid": "26767612", "content": "危"}, {"uid": "3792737", "content": "精准"}, {"uid": "36102778", "content": "？"}, {"uid": "9103208", "content": "届到了届到了"}, {"uid": "13906295", "content": "wwwww"}, {"uid": "66744611", "content": "wwwww"}, {"uid": "241882384", "content": "Xswl"}, {"uid": "23001624", "content": "臭臭"}, {"uid": "23001624", "content": "钓鱼草"}, {"uid": "761900", "content": "哼！哼！"}, {"uid": "573580", "content": "哈哈哈哈哈"}, {"uid": "468567794", "content": "哈哈哈哈哈哈哈"}, {"uid": "64000094", "content": "哈哈哈哈哈"}, {"uid": "3254648", "content": "humhhhhhhhhhhhhhhhhhhh"}, {"uid": "104353618", "content": "草"}, {"uid": "64000094", "content": "哼哼，啊啊啊啊啊啊啊"}, {"uid": "407217061", "content": "H！"}, {"uid": "1767928599", "content": "ユリカはずっとココアと呼んでいますが、いいですか？"}, {"uid": "245096746", "content": "やぃましねい"}, {"uid": "43045857", "content": "あなたと結婚したい!"}, {"uid": "74173597", "content": "草"}, {"uid": "74173597", "content": "草草"}, {"uid": "477890389", "content": "？"}, {"uid": "401099828", "content": "莱纳，你坐啊！"}, {"uid": "14487912", "content": "？"}, {"uid": "449084035", "content": "好怪哦，开幕雷击"}, {"uid": "27225083", "content": "好臭啊"}, {"uid": "750656", "content": "草"}, {"uid": "66744611", "content": "草这啥啊"}, {"uid": "13587880", "content": "ykl喜欢我吗"}, {"uid": "400829971", "content": "开幕雷击"}, {"uid": "238209242", "content": "xswl"}, {"uid": "36050683", "content": "wwwwwww"}, {"uid": "36050683", "content": "xswl"}, {"uid": "57019199", "content": "suki"}, {"uid": "64000094", "content": "哼啊啊啊啊啊啊"}, {"uid": "54317344", "content": "humhhhhhhhhhhhhhhhh"}, {"uid": "245096746", "content": "一一四五一四"}, {"uid": "245096746", "content": "yいまかぁうくぃまし"}, {"uid": "13542638", "content": "铁咩"}, {"uid": "314491785", "content": "哼哼哼啊啊啊啊啊啊啊啊啊啊啊"}, {"uid": "401099828", "content": "三分球！"}, {"uid": "354117", "content": "有味了"}, {"uid": "13559830", "content": "awal"}, {"uid": "37051501", "content": "草"}, {"uid": "687998993", "content": "xswl"}, {"uid": "93800903", "content": "草"}, {"uid": "10780742", "content": "xswl"}, {"uid": "36050683", "content": "好臭啊（dog）"}, {"uid": "249008376", "content": "xswl"}, {"uid": "468567794", "content": "草"}, {"uid": "64000094", "content": "难道尤卡里一直都不可愛吗？"}, {"uid": "18220215", "content": "草"}, {"uid": "245096746", "content": "あなだどうけこんgぃたい （他们这话怎么回事？）"}, {"uid": "28104311", "content": "蚌埠住了"}, {"uid": "8793550", "content": "土"}, {"uid": "1915514", "content": "草"}, {"uid": "1915514", "content": "太臭了ww"}, {"uid": "53223895", "content": "草"}, {"uid": "14487912", "content": "？"}, {"uid": "3918844", "content": "やりますね"}, {"uid": "66744611", "content": "草"}, {"uid": "9276970", "content": "草"}, {"uid": "23001624", "content": "来了"}, {"uid": "11956081", "content": "Humhhhhhhhhhhhhhhhhhhhhhhh ​"}, {"uid": "11956081", "content": "Humhhhhhhhhhhhhhhhhhhhhhhh ​"}, {"uid": "51364855", "content": "臭臭尤卡里"}, {"uid": "68060881", "content": "开幕雷击"}, {"uid": "71545650", "content": "有味道了"}, {"uid": "19824793", "content": "哼啊啊啊啊啊啊啊啊啊啊啊啊啊"}, {"uid": "23001624", "content": "草"}, {"uid": "11956081", "content": "Humhhhhhhhhhhhhhhhhhhhhhhh ​"}, {"uid": "150080066", "content": "嘤，哼哼，啊啊啊啊啊啊啊啊啊啊啊啊啊啊啊"}]