[{"uid": "23382680", "content": "暗示打钱"}, {"uid": "3076602", "content": "草"}, {"uid": "155928624", "content": "??????"}, {"uid": "27179741", "content": "唇语同传yyds"}, {"uid": "81614539", "content": "草哈哈哈"}, {"uid": "351199320", "content": "啊这"}, {"uid": "444206881", "content": "字幕组还会唇语！"}, {"uid": "29449543", "content": "草"}, {"uid": "4789528", "content": "然而隔天还是出事故了"}, {"uid": "3657234", "content": "事故长伴 的尤卡里"}, {"uid": "3657234", "content": "字幕组也跟我们一起骗她哈哈哈"}, {"uid": "113633406", "content": "弹幕小剧场"}, {"uid": "2772943", "content": "我都怀疑是我看的切片才没声音，哈哈哈哈"}, {"uid": "34928555", "content": "《歌回》"}, {"uid": "1997896", "content": "应景动画"}, {"uid": "92901099", "content": "哪怕不会外语，也能享受到同传的乐趣"}, {"uid": "44127617", "content": "哈哈哈哈"}, {"uid": "626773", "content": "草看着同传有声音了"}, {"uid": "236123409", "content": "哈哈哈"}, {"uid": "3927166", "content": "哈哈哈"}, {"uid": "23001624", "content": "虚拟卓别林草"}, {"uid": "114964846", "content": "直接还就那个结婚"}, {"uid": "114964846", "content": "笑死我了"}, {"uid": "114964846", "content": "草"}, {"uid": "114964846", "content": "哈哈哈哈"}, {"uid": "174327", "content": "同传的独角戏"}, {"uid": "3192451", "content": "等  待  戈  多"}, {"uid": "543947819", "content": "甲亢（）"}, {"uid": "18253454", "content": "见  钱  眼  开（）"}, {"uid": "18253454", "content": "那么就发出很大的声音盖过去罢"}, {"uid": "37051501", "content": "草"}, {"uid": "37051501", "content": "草"}, {"uid": "5110459", "content": "好！很有精神！"}, {"uid": "321394966", "content": "猝不及防"}, {"uid": "321394966", "content": "同传超神了"}, {"uid": "321394966", "content": "草"}, {"uid": "68060881", "content": "草"}, {"uid": "27179741", "content": "唇语同传开始了"}, {"uid": "372863", "content": "怎么还能有同传的"}, {"uid": "2867116", "content": "不愧是事故系VTB"}, {"uid": "1997896", "content": "第二天还是一半无声"}, {"uid": "46989751", "content": "字幕组呢救一下（"}, {"uid": "6075783", "content": "←前面那个夺笋啊！"}, {"uid": "6075783", "content": "肉眼可见的开心，樱花真的是太可爱了"}, {"uid": "487279", "content": "卓别林"}, {"uid": "249008376", "content": "草wwww"}, {"uid": "249008376", "content": "ohhhhh"}, {"uid": "2060087", "content": "？我裂开了"}, {"uid": "774664", "content": "不说话的尤卡里清楚"}, {"uid": "17177902", "content": "充分证明了大家喜欢的是不说话的yukari"}, {"uid": "48414208", "content": "瞬间开心起来"}, {"uid": "48414208", "content": "这表情变得够快"}, {"uid": "137263", "content": "唇语同传开始www"}, {"uid": "46989751", "content": "草 为什么会有字幕"}, {"uid": "249008376", "content": "尤卡里我喜欢你啊！"}, {"uid": "8665575", "content": "那就打出很大的字幕盖过去吧"}, {"uid": "23001624", "content": "虚拟卓别林"}, {"uid": "321394966", "content": "唇语离谱"}, {"uid": "46989751", "content": "来了来了！！！！！"}, {"uid": "243381046", "content": "哈哈哈哈"}, {"uid": "507702189", "content": "？？？？？害怕"}, {"uid": "33981894", "content": "字幕组？字幕组这也能救！！"}, {"uid": "249008376", "content": "来了来了"}, {"uid": "46989751", "content": "字幕组来掩盖过去吧（"}, {"uid": "17194837", "content": "竟然还能同传"}, {"uid": "774664", "content": "草"}, {"uid": "48414208", "content": "来了来了"}, {"uid": "37111016", "content": "周姐就离谱嗷"}, {"uid": "44127617", "content": "草"}, {"uid": "3927166", "content": "字幕组铁anti"}, {"uid": "15279466", "content": "就硬烤哈哈哈哈哈"}, {"uid": "18253454", "content": "草"}, {"uid": "227293829", "content": "草"}, {"uid": "249008376", "content": "爱了爱了"}, {"uid": "249008376", "content": "钱yyds"}, {"uid": "46989751", "content": "草"}, {"uid": "1759197", "content": "专业vtb"}, {"uid": "37111016", "content": "草"}, {"uid": "22534652", "content": "同传神话"}, {"uid": "23001624", "content": "草"}, {"uid": "23001624", "content": "草"}, {"uid": "174327", "content": "害怕"}, {"uid": "487279", "content": "好、"}, {"uid": "252552936", "content": "来了！"}, {"uid": "14293639", "content": "好"}, {"uid": "543947819", "content": "害怕"}, {"uid": "27179741", "content": "草"}, {"uid": "6075783", "content": "草"}, {"uid": "1997896", "content": "清楚动画？？？？"}, {"uid": "10780742", "content": "\\ykl/\\ykl/\\ykl/\\ykl/\\ykl/"}, {"uid": "10780742", "content": "\\ykl/\\ykl/\\ykl/\\ykl/\\ykl/"}, {"uid": "1997896", "content": "\\ykl/\\ykl/\\ykl/\\ykl/\\ykl/"}, {"uid": "10780742", "content": "\\ykl/\\ykl/\\ykl/\\ykl/\\ykl/"}, {"uid": "54317344", "content": "\\ykl/\\ykl/\\ykl/\\ykl/\\ykl/"}, {"uid": "54317344", "content": "\\ykl/\\ykl/\\ykl/\\ykl/\\ykl/"}, {"uid": "54317344", "content": "\\ykl/\\ykl/\\ykl/\\ykl/\\ykl/ ​"}, {"uid": "295571688", "content": "\\ykl/\\ykl/\\ykl/\\ykl/\\ykl/ ​"}, {"uid": "242193808", "content": "\\ykl/\\ykl/\\ykl/\\ykl/"}, {"uid": "249008376", "content": "\\ykl/\\ykl/\\ykl/\\ykl/\\ykl/ ​"}, {"uid": "10780742", "content": "\\ykl/\\ykl/\\ykl/\\ykl/"}, {"uid": "249008376", "content": "\\ykl/\\ykl/\\ykl/\\ykl/\\ykl/ ​"}, {"uid": "46989751", "content": "\\ykl/\\ykl/\\ykl/\\ykl/\\ykl/"}, {"uid": "48414208", "content": "\\ykl/\\ykl/\\ykl/\\ykl/\\ykl/"}, {"uid": "54317344", "content": "\\ykl/\\ykl/\\ykl/\\ykl/\\ykl/"}, {"uid": "46989751", "content": "\\ykl/\\ykl/\\ykl/\\ykl/\\ykl/"}, {"uid": "7473228", "content": "\\ykl/\\ykl/\\ykl/\\ykl/\\ykl/ "}, {"uid": "295571688", "content": "\\ykl/\\ykl/\\ykl/\\ykl/\\ykl/ ​"}, {"uid": "7473228", "content": "\\ykl/\\ykl/\\ykl/\\ykl/\\ykl/ "}, {"uid": "7473228", "content": "\\ykl/\\ykl/\\ykl/\\ykl/\\ykl/ "}, {"uid": "48414208", "content": "\\ykl/\\ykl/\\ykl/\\ykl/\\ykl/"}, {"uid": "46989751", "content": "\\ykl/\\ykl/\\ykl/\\ykl/\\ykl/"}, {"uid": "671007535", "content": "\\ykl/\\ykl/\\ykl/\\ykl/\\ykl/ ​"}, {"uid": "10780742", "content": "\\ykl/\\ykl/\\ykl/\\ykl/"}]