[{"uid": "256078164", "content": "补完了"}, {"uid": "19438175", "content": "晚安"}, {"uid": "3855054", "content": "赞美同传"}, {"uid": "9826153", "content": "8888888"}, {"uid": "59862780", "content": "晚安"}, {"uid": "9826153", "content": "辛苦啦"}, {"uid": "10583934", "content": "大家晚安"}, {"uid": "363935885", "content": "同传辛苦！"}, {"uid": "29990327", "content": "同传辛苦了"}, {"uid": "363935885", "content": "同传辛苦？"}, {"uid": "398932612", "content": "晚安"}, {"uid": "230446", "content": "晚安=开始水群"}, {"uid": "10583934", "content": "同传man辛苦"}, {"uid": "1559407290", "content": "这次应该是真的下播了"}, {"uid": "668557113", "content": "拜拜"}, {"uid": "373951", "content": "byebye"}, {"uid": "3159839", "content": "同传辛苦啦~"}, {"uid": "79646219", "content": "byebye"}, {"uid": "363935885", "content": "超爱片尾"}, {"uid": "24735655", "content": "晚安"}, {"uid": "29990327", "content": "晚安"}, {"uid": "363935885", "content": "Good night!"}, {"uid": "413282942", "content": "晚安"}, {"uid": "10583934", "content": "晚安 ykl"}, {"uid": "34703901", "content": "哒哒"}, {"uid": "9826153", "content": "晚安"}, {"uid": "584974", "content": "晚安 别再水群了"}, {"uid": "20369025", "content": "拜拜！"}, {"uid": "34703901", "content": "【END！】"}, {"uid": "1559407290", "content": "byebye"}, {"uid": "4006277", "content": "晚安"}, {"uid": "3855054", "content": "晚安"}, {"uid": "34703901", "content": "【再见晚安！】"}, {"uid": "19438175", "content": "拜拜"}, {"uid": "34703901", "content": "【今天飞鸟尤卡里很精神呢】"}, {"uid": "274252", "content": "バイバイ"}, {"uid": "52216644", "content": "晚安拜拜"}, {"uid": "34773574", "content": "晚安ykl"}, {"uid": "3159839", "content": "晚安"}, {"uid": "363935885", "content": "8888888"}, {"uid": "12026790", "content": "byebye"}, {"uid": "17911690", "content": "晚安"}, {"uid": "471628", "content": "拜比"}, {"uid": "3159839", "content": "byebye"}, {"uid": "12019167", "content": "88888"}, {"uid": "390664699", "content": "888888"}, {"uid": "34703901", "content": "【拜拜拜拜】"}, {"uid": "24735655", "content": "晚安"}, {"uid": "363935885", "content": "晚安"}, {"uid": "34703901", "content": "【拜拜】"}, {"uid": "34703901", "content": "【那就这样下次再见吧】"}, {"uid": "389604978", "content": "晚安"}, {"uid": "230446", "content": "おやすみなさい"}, {"uid": "96255527", "content": "晚安"}, {"uid": "34703901", "content": "【欧亚斯密纳塞】"}, {"uid": "6725754", "content": "晚安！谢谢！"}, {"uid": "1559407290", "content": "晚安"}, {"uid": "1837024", "content": "么么哒 晚安"}, {"uid": "9826153", "content": "晚安"}, {"uid": "348834127", "content": "晚安"}, {"uid": "363935885", "content": "谢谢ykl！"}, {"uid": "34703901", "content": "【晚安喔！】"}, {"uid": "230446", "content": "晚安"}, {"uid": "34703901", "content": "【谢谢大家！】"}, {"uid": "34703901", "content": "【哈皮！】"}, {"uid": "34703901", "content": "【很开心！】"}, {"uid": "4749756", "content": "晚安"}, {"uid": "34703901", "content": "【一周不见的配信！】"}, {"uid": "363935885", "content": "温柔的bgm 听了会做美梦的"}, {"uid": "34703901", "content": "【谢谢大家！】"}, {"uid": "34703901", "content": "【新衣服几年回和半年纪念！】"}, {"uid": "34703901", "content": "【好！就是这样】"}, {"uid": "34703901", "content": "【那个...嗯】"}, {"uid": "34703901", "content": "【顶着困意还在支持谢谢！】"}, {"uid": "234584532", "content": "good night"}, {"uid": "9826153", "content": "88888888"}, {"uid": "19438175", "content": "晚安晚安"}, {"uid": "10583934", "content": "＼ゆかり／＼ゆかり／＼ゆかり／"}, {"uid": "234584532", "content": "ohhhhhh"}, {"uid": "64000094", "content": "好耶"}, {"uid": "89498", "content": "はい!はい!"}, {"uid": "234584532", "content": "suki"}, {"uid": "234584532", "content": "疲"}, {"uid": "34773574", "content": "晚安"}, {"uid": "25690482", "content": "（￣▽￣）"}, {"uid": "234584532", "content": "call!"}, {"uid": "269085757", "content": "ykl太可爱了！"}, {"uid": "24735655", "content": "我在我在"}, {"uid": "34703901", "content": "【希望大家多多打call！】"}, {"uid": "234584532", "content": "yoho"}, {"uid": "34703901", "content": "【请大家聆听！】"}, {"uid": "10583934", "content": "＼ゆかり／＼ゆかり／＼ゆかり／"}, {"uid": "34703901", "content": "【今天最后一首歌！】"}, {"uid": "234584532", "content": "谁不喜欢呢"}, {"uid": "10583934", "content": "夢の雫"}, {"uid": "668557113", "content": "安安(￣3￣)"}, {"uid": "34703901", "content": "【ykt很喜欢爱酱】"}, {"uid": "2448028", "content": "晚安"}, {"uid": "34703901", "content": "【还是唱（吧）】"}, {"uid": "3855054", "content": "不是DD，是市场调研"}, {"uid": "34703901", "content": "【果然还是喜欢爱酱】"}, {"uid": "26763243", "content": "要去D别的女人了吗（"}, {"uid": "79646219", "content": "晚安，8888"}, {"uid": "445670", "content": "晚安"}, {"uid": "34703901", "content": "【不能去DD！】"}, {"uid": "34703901", "content": "【DD不能！】"}, {"uid": "34703901", "content": "【啊有在听谢谢！】"}, {"uid": "12207174", "content": "草安"}, {"uid": "19438175", "content": "晚安"}, {"uid": "234584532", "content": "roki?"}, {"uid": "3182442", "content": "挥挥"}, {"uid": "34703901", "content": "【大家晚安！】"}, {"uid": "12026790", "content": "晚安（DD去了)"}, {"uid": "14008517", "content": "顺便下一次想听尤卡里唱betheone"}, {"uid": "8665575", "content": "晚安"}, {"uid": "12207174", "content": "晚安"}, {"uid": "20369025", "content": "晚安！"}, {"uid": "34703901", "content": "【最后燃起来的曲子】"}, {"uid": "34703901", "content": "【那个】"}, {"uid": "34703901", "content": "【下次再来听哦】"}, {"uid": "34703901", "content": "【good night】"}, {"uid": "26763243", "content": "晚安"}, {"uid": "34703901", "content": "【嗯嗯晚安大家】"}, {"uid": "34703901", "content": "【已经很晚了呢】"}, {"uid": "34703901", "content": "【晚安！】"}, {"uid": "34703901", "content": "【Ykt绝对唱不来的echo】"}, {"uid": "32313592", "content": "晚安晚安"}, {"uid": "34703901", "content": "【炎】"}, {"uid": "34703901", "content": "【echo草】"}, {"uid": "668557113", "content": "（￣▽￣）"}, {"uid": "374453", "content": "来晚了？"}, {"uid": "14008517", "content": "尤卡里晚安哦"}, {"uid": "34703901", "content": "【猴姆啦】"}, {"uid": "14008517", "content": "我去睡觉了"}, {"uid": "34703901", "content": "【大家，原来如此呢】"}, {"uid": "34703901", "content": "【好耶】"}, {"uid": "75076", "content": "echo草"}, {"uid": "774664", "content": "炎"}, {"uid": "26763243", "content": "都能燃！"}, {"uid": "234584532", "content": "echo？"}, {"uid": "774664", "content": "好耶"}, {"uid": "1287641", "content": "好汉歌"}, {"uid": "34703901", "content": "【有什么燃起来的曲子嘛】"}, {"uid": "234584532", "content": "saigao"}, {"uid": "34703901", "content": "【大家！】"}, {"uid": "234584532", "content": "赛高！"}, {"uid": "34703901", "content": "【用能燃起来的曲子来结束吧】"}, {"uid": "34703901", "content": "【果然最后还是】"}, {"uid": "34703901", "content": "【唉那个】"}, {"uid": "34703901", "content": "【sc谢谢】"}, {"uid": "34703901", "content": "【SC内容】"}, {"uid": "128678080", "content": "可爱"}, {"uid": "34703901", "content": "【谢谢SC】"}, {"uid": "34703901", "content": "【燃起来的曲子有没有呢】"}, {"uid": "34703901", "content": "一下子榜4了"}, {"uid": "34703901", "content": "【谢谢item】"}, {"uid": "34703901", "content": "【最后！】"}, {"uid": "34703901", "content": "【不会吧好耶好耶】"}, {"uid": "34703901", "content": "【啊，发音很表情】"}, {"uid": "34703901", "content": "【谢谢item】"}, {"uid": "85611334", "content": "ykl 爱你！！！"}, {"uid": "34703901", "content": "【喜欢喜欢！】"}, {"uid": "20369025", "content": "发音很标准啊！"}, {"uid": "34703901", "content": "【唱的有模有样呢】"}, {"uid": "34703901", "content": "【太好啦】"}, {"uid": "230446", "content": "中国语红豆饺子"}, {"uid": "34703901", "content": "【敬请期待！】"}, {"uid": "34703901", "content": "【还是有在好好考虑的】"}, {"uid": "34703901", "content": "【很多】"}, {"uid": "34703901", "content": "【全部学下来】"}, {"uid": "85611334", "content": "喜欢 喜欢 ！！！"}, {"uid": "34703901", "content": "【这个呢】"}, {"uid": "34703901", "content": "【嘛】"}, {"uid": "19438175", "content": "喜欢喜欢"}, {"uid": "34703901", "content": "【好耶】"}, {"uid": "34703901", "content": "【谢谢大家！】"}, {"uid": "3855054", "content": "红豆泥饺子饺子"}, {"uid": "19438175", "content": "好厉害!"}, {"uid": "34703901", "content": "【很厉害？天才？好耶好耶】"}, {"uid": "14008517", "content": "君的中国语本当上手"}, {"uid": "12026790", "content": "强啊"}, {"uid": "58398010", "content": "好听"}, {"uid": "85611334", "content": "天才！！！！"}, {"uid": "668557113", "content": "888886"}, {"uid": "34703901", "content": "【努力一下，怎么样】"}, {"uid": "79646219", "content": "厉害"}, {"uid": "327079353", "content": "天才天才"}, {"uid": "85611334", "content": "好喜欢啊 ！！！！"}, {"uid": "34773574", "content": "o((*^▽^*))o"}, {"uid": "20369025", "content": "好厉害！"}, {"uid": "327079353", "content": "88888888"}, {"uid": "14008517", "content": "天才"}, {"uid": "34703901", "content": "【感觉记不住了】"}, {"uid": "32313592", "content": "很厉害了"}, {"uid": "9826153", "content": "8888888"}, {"uid": "3855054", "content": "饺子饺子"}, {"uid": "347165679", "content": "好听"}, {"uid": "14008517", "content": "厉害厉害"}, {"uid": "85611334", "content": "好听 好听 好听 "}, {"uid": "3855054", "content": "好厉害"}, {"uid": "3242070", "content": "好强"}, {"uid": "10583934", "content": "＼ゆかり／＼ゆかり／＼ゆかり／"}, {"uid": "13086400", "content": "太强了"}, {"uid": "100695733", "content": "(～￣△￣)～(～￣△￣)～"}, {"uid": "19438175", "content": "好厉害!"}, {"uid": "2448028", "content": "强！！！！！"}, {"uid": "85611334", "content": "好听 好听 好听 "}, {"uid": "20369025", "content": "可爱！"}, {"uid": "14008517", "content": "！！！"}, {"uid": "13086400", "content": "厉害啊"}, {"uid": "432257450", "content": "好耶！"}, {"uid": "774664", "content": "草"}, {"uid": "363935885", "content": "好听！"}, {"uid": "493854775", "content": "（￣▽￣）"}, {"uid": "34703901", "content": "！！！"}, {"uid": "58398010", "content": "好耶！~~"}, {"uid": "85611334", "content": "可爱！！！！"}, {"uid": "9826153", "content": "\\ykl/\\ykl/"}, {"uid": "6473948", "content": "好耶"}, {"uid": "20369025", "content": "ohhhhhhhhhhhhhh"}, {"uid": "3855054", "content": "好强"}, {"uid": "85611334", "content": "好欸！！！！！"}, {"uid": "88989", "content": "kawaii"}, {"uid": "19438175", "content": "!"}, {"uid": "363935885", "content": "！"}, {"uid": "1559407290", "content": "哇"}, {"uid": "85611334", "content": "爱你！！！！"}, {"uid": "327079353", "content": "ohhhhhhh"}, {"uid": "14008517", "content": "是这个"}, {"uid": "1559407290", "content": "中文(⌒▽⌒)"}, {"uid": "34703901", "content": "！"}, {"uid": "14008517", "content": "哦我想到了"}, {"uid": "34703901", "content": "是那个！"}, {"uid": "34703901", "content": "我知道了"}, {"uid": "309519", "content": "(〜￣△￣)〜(〜￣△￣)〜"}, {"uid": "34703901", "content": "【好！】"}, {"uid": "34703901", "content": "【大家请听一听】"}, {"uid": "668557113", "content": "(〜￣△￣)〜"}, {"uid": "34703901", "content": "【ykt有好好在学中文了】"}, {"uid": "34703901", "content": "【title念不来】"}, {"uid": "34703901", "content": "【稍等大家】"}, {"uid": "34703901", "content": "【听着会比较好呢】"}, {"uid": "34703901", "content": "【但是果然】"}, {"uid": "34703901", "content": "【有点温柔的歌】"}, {"uid": "10583934", "content": "那个吗，那个不是已经会了吗？"}, {"uid": "668557113", "content": "纳尼"}, {"uid": "34703901", "content": "【不会是？】"}, {"uid": "85611334", "content": "ykl 我爱你！！！！"}, {"uid": "327079353", "content": "！！！"}, {"uid": "85611334", "content": "！！！！！"}, {"uid": "14008517", "content": "马萨卡"}, {"uid": "34703901", "content": "难道是那个！"}, {"uid": "34703901", "content": "难道是？"}, {"uid": "432257450", "content": "(〜￣△￣)〜"}, {"uid": "34703901", "content": "【标题念不出来】"}, {"uid": "309519", "content": "(〜￣△￣)〜"}, {"uid": "34703901", "content": "嗯？"}, {"uid": "34703901", "content": "【好像是】"}, {"uid": "34703901", "content": "【记得是】"}, {"uid": "34703901", "content": "【名字是什么来着】"}, {"uid": "34703901", "content": "【没有bgm听一听么】"}, {"uid": "34703901", "content": "【大家能】"}, {"uid": "34703901", "content": "【ykt现在呢】"}, {"uid": "34703901", "content": "【好像出现了点奇怪的事srysry】"}, {"uid": "34703901", "content": "【大家抱歉呢】"}, {"uid": "34703901", "content": "【现在好了呢】"}, {"uid": "34703901", "content": "【尽是些奇怪的动作】"}, {"uid": "79646219", "content": "OK"}, {"uid": "668557113", "content": "呦西"}, {"uid": "34703901", "content": "【终于】"}, {"uid": "34703901", "content": "【okey】"}, {"uid": "34703901", "content": "【复活啦！】"}, {"uid": "34703901", "content": "【好！】"}, {"uid": "34703901", "content": "【好】"}, {"uid": "85611334", "content": "hhh"}, {"uid": "34703901", "content": "【稍等一下哦】"}, {"uid": "34703901", "content": "【动作很怪】"}, {"uid": "34703901", "content": "【嗯停下来了】"}, {"uid": "14008517", "content": "只是随口一提"}, {"uid": "34703901", "content": "alright"}, {"uid": "12643939", "content": "怎么还在直播，这孩子"}, {"uid": "14008517", "content": "能不能唱be the one呢"}, {"uid": "34703901", "content": "【啊这样！】"}, {"uid": "34703901", "content": "【okey okey】"}, {"uid": "34703901", "content": "【嗯】"}, {"uid": "85611334", "content": "dai i suki ！！！！"}, {"uid": "34703901", "content": "【好好唱完最后一首歌就结束吧】"}, {"uid": "34703901", "content": "【（歌名）很难呢】"}, {"uid": "85611334", "content": "喜欢啊  suki！！！！"}, {"uid": "2564227", "content": "啊"}, {"uid": "57019199", "content": "www"}, {"uid": "34703901", "content": "【达成这个数字的人】"}, {"uid": "57019199", "content": "要打嗝了"}, {"uid": "64000094", "content": "廻廻奇譚！！！yyds "}, {"uid": "34703901", "content": "【嗯，是谁呢】"}, {"uid": "34703901", "content": "【生个懒腰】"}, {"uid": "34703901", "content": "【真的很不妙呢】"}, {"uid": "164287027", "content": "114514"}, {"uid": "34703901", "content": "【770粉丝团能不能达到呢】"}, {"uid": "9826153", "content": "mua mua"}, {"uid": "6473948", "content": "mua"}, {"uid": "34703901", "content": "【那个】"}, {"uid": "34703901", "content": "tui"}, {"uid": "57019199", "content": "muamua"}, {"uid": "34703901", "content": "【muamuamua】"}, {"uid": "34703901", "content": "【谢谢，都在夸我！】"}, {"uid": "34703901", "content": "【大家真温柔】"}, {"uid": "34703901", "content": "【身体在暴走呢】"}, {"uid": "363935885", "content": "尤卡里要一直开开心心的！"}, {"uid": "85611334", "content": "喜欢 喜欢"}, {"uid": "34703901", "content": "【动作变回来乐？】"}, {"uid": "85611334", "content": "mua  mua  mua"}, {"uid": "85611334", "content": "好听 好听 好听"}, {"uid": "34703901", "content": "【有点直观】"}, {"uid": "34703901", "content": "【好耶好耶，那个呢】"}, {"uid": "34703901", "content": "【啊累死啦】"}, {"uid": "34703901", "content": "【哦！】"}, {"uid": "34703901", "content": "【就是。。就是呢】"}, {"uid": "57019199", "content": "好耶"}, {"uid": "64000094", "content": "啊啊啊啊啊！"}, {"uid": "34703901", "content": "【这后面我判断了一下还是不要唱了ww】"}, {"uid": "34773574", "content": "(*^▽^*)"}, {"uid": "34703901", "content": "【这就是】"}, {"uid": "512770", "content": "可爱"}, {"uid": "34703901", "content": "【三Q】"}, {"uid": "6725754", "content": "wwwww"}, {"uid": "327079353", "content": "www"}, {"uid": "34703901", "content": "【啊，很难的啦】"}, {"uid": "9826153", "content": "草"}, {"uid": "34703901", "content": "【nononono】"}, {"uid": "2934881", "content": "哈哈哈哈"}, {"uid": "57019199", "content": "好耶"}, {"uid": "14008517", "content": "可爱"}, {"uid": "6656013", "content": "(￣3￣)"}, {"uid": "9826153", "content": "\\ykl/\\ykl/"}, {"uid": "13086400", "content": "ykl看起来很开心捏"}, {"uid": "19438175", "content": "好听!"}, {"uid": "85611334", "content": "好听 好听 好听 "}, {"uid": "2505198", "content": "\\ykl/"}, {"uid": "37433992", "content": "ykl"}, {"uid": "1631568449", "content": "这波血亏"}, {"uid": "79646219", "content": "加油啊！"}, {"uid": "6473948", "content": "ykl ykl ykl"}, {"uid": "2505198", "content": "咒术回战好耶"}, {"uid": "85611334", "content": "好听 好听 好听 "}, {"uid": "34703901", "content": "巴拉巴拉吧"}, {"uid": "64000094", "content": "加油"}, {"uid": "352868115", "content": "秋山给力"}, {"uid": "35459140", "content": "加油"}, {"uid": "1631568449", "content": "靠。。。我鬼混去了"}, {"uid": "363935885", "content": "加油加油"}, {"uid": "85611334", "content": "ykl"}, {"uid": "57019199", "content": "阿巴阿巴"}, {"uid": "34703901", "content": "【啊，变了】"}, {"uid": "269612060", "content": "めちゃ可愛ですよ"}, {"uid": "34703901", "content": "【加油加油！】"}, {"uid": "34703901", "content": "【好！】"}, {"uid": "14008517", "content": "怎么感觉尤卡里动的幅度越来越大了"}, {"uid": "85611334", "content": "好听 好听 ！！！"}, {"uid": "34703901", "content": "【再一次借用山茶的力量吧】"}, {"uid": "9826153", "content": "加油"}, {"uid": "34703901", "content": "【唱砸了也不要被吓到呢ww】"}, {"uid": "57019199", "content": "没关系的"}, {"uid": "34703901", "content": "【那大家！】"}, {"uid": "34703901", "content": "【大丈夫！】"}, {"uid": "34703901", "content": "【歌速很快】"}, {"uid": "64000094", "content": "大丈夫"}, {"uid": "34703901", "content": "【大概不行呢】"}, {"uid": "34703901", "content": "【不行的地方我再停下】"}, {"uid": "34703901", "content": "【一部分我先唱】"}, {"uid": "34703901", "content": "【等等】"}, {"uid": "34703901", "content": "【唱砸了也没关系嘛ww】"}, {"uid": "3218282", "content": "回转小丑"}, {"uid": "34703901", "content": "【感觉唱不好呢】"}, {"uid": "34703901", "content": "【一直在安利这首歌呢】"}, {"uid": "34703901", "content": "【唉？】"}, {"uid": "34703901", "content": "【嗯哼】"}, {"uid": "34703901", "content": "【等着喔】"}, {"uid": "9826153", "content": "假面骑士好"}, {"uid": "34703901", "content": "【啊？我会记着的卡面来打的曲】"}, {"uid": "34703901", "content": "【最后一首歌】"}, {"uid": "14008517", "content": "中之人是傻橙"}, {"uid": "34703901", "content": "【想听什么呢】"}, {"uid": "34703901", "content": "【啊大家】"}, {"uid": "34703901", "content": "【唉最后一首歌】"}, {"uid": "14008517", "content": "破案了"}, {"uid": "85611334", "content": "mua mua  mua"}, {"uid": "34703901", "content": "假面骑士铠武说"}, {"uid": "34703901", "content": "【谢谢西瓜！】"}, {"uid": "34703901", "content": "【谢谢打赏！】"}, {"uid": "34703901", "content": "【很奇怪呢】"}, {"uid": "230446", "content": "又换回原皮啦"}, {"uid": "34703901", "content": "【感觉动作很僵硬】"}, {"uid": "34703901", "content": "【动作有点...】"}, {"uid": "363935885", "content": "好耶"}, {"uid": "34703901", "content": "【等等等...】"}, {"uid": "668557113", "content": "大爱ykl"}, {"uid": "34703901", "content": "【尤卡妮！爱着大家！】"}, {"uid": "13537535", "content": "模型真好看"}, {"uid": "64000094", "content": "Ykl 愛我！"}, {"uid": "34703901", "content": "【时间也很紧张呢】"}, {"uid": "34703901", "content": "【最后一首歌】"}, {"uid": "34703901", "content": "【晚上好！】"}, {"uid": "363935885", "content": "我也爱你！"}, {"uid": "3159839", "content": "好耶"}, {"uid": "34703901", "content": "【动起来会不会很奇怪呢】"}, {"uid": "34703901", "content": "【大家要等着喔】"}, {"uid": "34703901", "content": "【唉？料理视频马上要上传了】"}, {"uid": "85611334", "content": "我爱你！！！！"}, {"uid": "85611334", "content": "老婆晚上好！！！"}, {"uid": "173229133", "content": "晚上好"}, {"uid": "34703901", "content": "【啊想喝酒了】"}, {"uid": "34703901", "content": "【莫蒙泰】"}, {"uid": "34703901", "content": "【等等等等】"}, {"uid": "34703901", "content": "【等等】"}, {"uid": "3855054", "content": "听到ykl唱和风歌后想去喝酒赏月了"}, {"uid": "34703901", "content": "【在播一会再结束吧】"}, {"uid": "5608452", "content": "bgm是什么捏"}, {"uid": "34703901", "content": "【很开心喔谢谢！】"}, {"uid": "34703901", "content": "【谢谢上舰！】"}, {"uid": "34703901", "content": "【谢谢舰长】"}, {"uid": "52216644", "content": "好耶好耶"}, {"uid": "34703901", "content": "【一个人唱歌一定也！】"}, {"uid": "34703901", "content": "【ykt努力一下也是可以的！】"}, {"uid": "34703901", "content": "【山茶酱！】"}, {"uid": "34703901", "content": "【姐姐！】"}, {"uid": "34703901", "content": "【你的力量借给我？山茶？】"}, {"uid": "9826153", "content": "今晚我是ykl单推人"}, {"uid": "34703901", "content": "【嗯？】"}, {"uid": "9826153", "content": "ykl最可爱了"}, {"uid": "34703901", "content": "【谢谢time！】"}, {"uid": "34703901", "content": "【弹幕打call真不错呢！】"}, {"uid": "64000094", "content": "櫻花：山茶前輩！請把你的力量借給我吧（山茶奧待曼）"}, {"uid": "34703901", "content": "【我爱你！】"}, {"uid": "34703901", "content": "【喜欢喜欢i love you】"}, {"uid": "5533971", "content": "sukiiii"}, {"uid": "34703901", "content": "【一大堆弹幕来了谢谢】"}, {"uid": "14008517", "content": "【谢谢大家】"}, {"uid": "14008517", "content": "【谢谢礼物】"}, {"uid": "34703901", "content": "谢谢大家！"}, {"uid": "34703901", "content": "【谢谢item！】"}, {"uid": "34703901", "content": "【谢谢！】"}, {"uid": "89848655", "content": "唔"}, {"uid": "66583234", "content": "晚上好"}, {"uid": "5533971", "content": "suki "}, {"uid": "13753527", "content": "suki"}, {"uid": "13753527", "content": "好耶"}, {"uid": "34703901", "content": "草"}, {"uid": "64000094", "content": "櫻：山茶前輩！！！請把你的力量借給我吧！！（山茶奧特曼"}, {"uid": "10583934", "content": "＼ゆかり／＼ゆかり／＼ゆかり／"}, {"uid": "108199595", "content": "卡哇伊"}, {"uid": "34703901", "content": "樱山茶！"}, {"uid": "34703901", "content": "山茶的力量，借我一用！（bgm起）"}, {"uid": "79646219", "content": "(･∀･)"}, {"uid": "429649", "content": "ykl～"}, {"uid": "34703901", "content": "【借用一下山茶的力量也可以】"}, {"uid": "10583934", "content": "＼ゆかり／＼ゆかり／＼ゆかり／"}, {"uid": "34703901", "content": "【啊山茶？】"}, {"uid": "64000094", "content": "山茶附身！"}, {"uid": "1559407290", "content": "仓木麻衣"}, {"uid": "79646219", "content": "这样子啊"}, {"uid": "3855054", "content": "好耶"}, {"uid": "34703901", "content": "【（歌名）】"}, {"uid": "3855054", "content": "wwwwww"}, {"uid": "10583934", "content": "好耶"}, {"uid": "34703901", "content": "【名侦探柯南的！】"}, {"uid": "91560428", "content": "OK"}, {"uid": "34703901", "content": "【有点和风的曲子呢】"}, {"uid": "668557113", "content": "可爱的"}, {"uid": "34703901", "content": "【唱这个吧】"}, {"uid": "34703901", "content": "【那个呢】"}, {"uid": "19438175", "content": "哇!"}, {"uid": "34703901", "content": "面包真好吃"}, {"uid": "34703901", "content": "【辛苦啦】"}, {"uid": "34703901", "content": "【欢迎回来欢迎回来】"}, {"uid": "34703901", "content": "【嗯？再回来看一眼？】"}, {"uid": "20435236", "content": "加油"}, {"uid": "14008517", "content": "再回来看一眼"}, {"uid": "34703901", "content": "【啊这样的呢】"}, {"uid": "668557113", "content": "啵啵啵"}, {"uid": "20991911", "content": "(;¬_¬)"}, {"uid": "67947069", "content": "加油"}, {"uid": "141338", "content": "(°∀°)ﾉ"}, {"uid": "3855054", "content": "想听ykl唱和风的歌www"}, {"uid": "34703901", "content": "【这个呢】"}, {"uid": "34703901", "content": "【嗯ykl的】"}, {"uid": "79646219", "content": "(･∀･)"}, {"uid": "34703901", "content": "【要练就高体力呢】"}, {"uid": "34703901", "content": "【确实会是这样呢】"}, {"uid": "34703901", "content": "【啊有没有下载的歌】"}, {"uid": "34703901", "content": "【油卡——里】"}, {"uid": "34703901", "content": "【不错哎】"}, {"uid": "34703901", "content": "【小さな恋のうた】"}, {"uid": "52216644", "content": "好听（￣▽￣）"}, {"uid": "8665575", "content": "ykl可以试试《秋绪》"}, {"uid": "34703901", "content": "【再练练歌】"}, {"uid": "34703901", "content": "【再加把劲】"}, {"uid": "34703901", "content": "【要加把劲骑士】"}, {"uid": "34703901", "content": "【是体力不好嘛】"}, {"uid": "34703901", "content": "【渐渐地跟不上曲子了】"}, {"uid": "34703901", "content": "嗯？"}, {"uid": "34703901", "content": "【最近注意到了】"}, {"uid": "1837024", "content": "小さな恋のうた"}, {"uid": "34703901", "content": "【ykt呢】"}, {"uid": "34703901", "content": "【感觉有点没自信呢】"}, {"uid": "88989", "content": "最高です"}, {"uid": "668557113", "content": "ykl"}, {"uid": "34703901", "content": "【廻廻奇譚啊】"}, {"uid": "64000094", "content": "迫害ykl "}, {"uid": "13780867", "content": "这根本没有关系w"}, {"uid": "34703901", "content": "嗯？"}, {"uid": "52216644", "content": "好耶"}, {"uid": "3855054", "content": "ykl！kawaiiiiiiiiiiii"}, {"uid": "34703901", "content": "【满脑子都是想着你的事】"}, {"uid": "34703901", "content": "【说是这么说啦】"}, {"uid": "34703901", "content": "【认真的话就可以飞起来嘛】"}, {"uid": "34703901", "content": "【飞翔好可怕】"}, {"uid": "34703901", "content": "【天使的力量用不了】"}, {"uid": "34703901", "content": "【没办法啦原谅我啦】"}, {"uid": "13780867", "content": "ww"}, {"uid": "34703901", "content": "【深夜的游戏停不下来】"}, {"uid": "79646219", "content": "没事的"}, {"uid": "498710537", "content": "ykl"}, {"uid": "34703901", "content": "【因为第二天是周日想早起】"}, {"uid": "61005915", "content": "好了"}, {"uid": "57019199", "content": "呆胶布"}, {"uid": "34703901", "content": "【怎么样怎么样！】"}, {"uid": "34703901", "content": "【sry！】"}, {"uid": "34703901", "content": "【对不起！】"}, {"uid": "34703901", "content": "【啊搞错辣】"}, {"uid": "93518332", "content": "豆芽！"}, {"uid": "3159839", "content": "どや！"}, {"uid": "34703901", "content": "【不行嘛】"}, {"uid": "34703901", "content": "【dadadadamie天使】"}, {"uid": "34703901", "content": "【大概可以吧】"}, {"uid": "564696121", "content": "来了"}, {"uid": "668557113", "content": "ykl耶"}, {"uid": "61005915", "content": "da da da da"}, {"uid": "64000094", "content": "好耶"}, {"uid": "6725754", "content": "好耶！"}, {"uid": "57019199", "content": "www"}, {"uid": "57019199", "content": "haoye "}, {"uid": "34703901", "content": "【请听！】"}, {"uid": "34703901", "content": "【dadadada天使！】"}, {"uid": "57019199", "content": "什么ykl会唱/"}, {"uid": "34703901", "content": "【啊有了】"}, {"uid": "34703901", "content": "【啊这个也不错呢】"}, {"uid": "1559407290", "content": "不拉不听，就好这口"}, {"uid": "34703901", "content": "【评论推荐曲】"}, {"uid": "34703901", "content": "【好！久等啦！】"}, {"uid": "57019199", "content": "会很拉的吧"}, {"uid": "57019199", "content": "廻廻奇譚（什么魔鬼"}, {"uid": "34703901", "content": "【搜索曲子ing！】"}, {"uid": "34703901", "content": "【啊有了有了】"}, {"uid": "64000094", "content": "（魔鬼）"}, {"uid": "34703901", "content": "【歌词有点难找呢】"}, {"uid": "34703901", "content": "【那个就是呢】"}, {"uid": "668557113", "content": "随时欢迎"}, {"uid": "34703901", "content": "【那就唱这个好了】"}, {"uid": "34703901", "content": "【Okey okey】"}, {"uid": "54889602", "content": "想听"}, {"uid": "34703901", "content": "【秋山老师很喜欢呢】"}, {"uid": "34703901", "content": "很喜欢！"}, {"uid": "34703901", "content": "想听！"}, {"uid": "34703901", "content": "【dadadada天使好久没唱了呢】"}, {"uid": "34703901", "content": "【dadada天使？】"}, {"uid": "34703901", "content": "【啊还有什么歌呢】"}, {"uid": "2684659", "content": "夜にかけれる？ｗｗ"}, {"uid": "34703901", "content": "damie tianshi！"}, {"uid": "34703901", "content": "哒咩天使"}, {"uid": "34703901", "content": "【盯。。。着这样的】"}, {"uid": "34703901", "content": "【在留言里】"}, {"uid": "34703901", "content": "【在刘艳丽】"}, {"uid": "34703901", "content": "【啊，要唱什么呢】"}, {"uid": "34703901", "content": "【啊，这首歌，知道的】"}, {"uid": "3855054", "content": "非常好听的高音，多谢款待"}, {"uid": "34703901", "content": "【谢谢大家！】"}, {"uid": "34703901", "content": "【第一首歌，再见宣言结束辣】"}, {"uid": "79646219", "content": "(･∀･)"}, {"uid": "34703901", "content": "【就是这样】"}, {"uid": "12207174", "content": "星の在り処"}, {"uid": "34703901", "content": "【让耳朵不适了sorysroy】"}, {"uid": "286145331", "content": "sd"}, {"uid": "3855054", "content": "とおりゃんせ？歌ってもいいですかwwww"}, {"uid": "34703901", "content": "【太高了？】"}, {"uid": "668557113", "content": "8888"}, {"uid": "363935885", "content": "好耶"}, {"uid": "34703901", "content": "【唉不会吧？】"}, {"uid": "34703901", "content": "【好耶】"}, {"uid": "34703901", "content": "【好3 Q 3Q】"}, {"uid": "34773574", "content": "好"}, {"uid": "57019199", "content": "clapping"}, {"uid": "3039303", "content": "88888"}, {"uid": "52216644", "content": "好耶"}, {"uid": "57019199", "content": "8888888"}, {"uid": "3855054", "content": "好强的高音www"}, {"uid": "34703901", "content": "【888感谢！】"}, {"uid": "34703901", "content": "【整首曲子！】"}, {"uid": "34703901", "content": "【久违的唱了！】"}, {"uid": "12207174", "content": "想听星の在り処"}, {"uid": "286145331", "content": "╮(￣▽￣)╭"}, {"uid": "286145331", "content": "(〜￣△￣)〜"}, {"uid": "52216644", "content": "ykl"}, {"uid": "8858537", "content": "ykl"}, {"uid": "668557113", "content": "yklll"}, {"uid": "52216644", "content": "ykl/ykl"}, {"uid": "8858537", "content": "好"}, {"uid": "17911690", "content": "（￣▽￣）"}, {"uid": "34703901", "content": "【】"}, {"uid": "2957060", "content": "好耶"}, {"uid": "34703901", "content": "【请听】"}, {"uid": "34703901", "content": "【再见宣言吧】"}, {"uid": "3855054", "content": "听完后大概睡不着了www"}, {"uid": "34703901", "content": "【久违的来唱一唱】"}, {"uid": "34703901", "content": "【那就】"}, {"uid": "34703901", "content": "【卡住了】"}, {"uid": "34703901", "content": "【不好】"}, {"uid": "34703901", "content": "【咳咳】"}, {"uid": "52216644", "content": "好耶"}, {"uid": "54889602", "content": "我在宿舍和舍友一起过生日"}, {"uid": "34703901", "content": "【啊啊，音质怎么样】"}, {"uid": "34703901", "content": "【好！】"}, {"uid": "34703901", "content": "还有火腿肠和鸡蛋！"}, {"uid": "34703901", "content": "嘿嘿，我在吃泡面！"}, {"uid": "34703901", "content": "【一会吃点东西吧】"}, {"uid": "34703901", "content": "【啊，感觉肚子有点饿了】"}, {"uid": "57019199", "content": "要玩消消乐吗？"}, {"uid": "34703901", "content": "【久违的唱一下歌吧！】"}, {"uid": "34703901", "content": "【大家】"}, {"uid": "34703901", "content": "【好！】"}, {"uid": "3855054", "content": "とおりゃんせ？"}, {"uid": "57019199", "content": "ykl唱什么都爱听"}, {"uid": "12207174", "content": "星の在り処"}, {"uid": "668557113", "content": "玩消灭星星"}, {"uid": "54889602", "content": "恋爱裁判"}, {"uid": "34703901", "content": "【假面骑士...】"}, {"uid": "34703901", "content": "【所以】"}, {"uid": "34703901", "content": "【因为很久没唱了】"}, {"uid": "34703901", "content": "【能唱嘛...】"}, {"uid": "2684659", "content": "シメ？やっぱり三年目の浮気だな！ｗｗ"}, {"uid": "9030736", "content": "假面骑士"}, {"uid": "34703901", "content": "【是要goodbye么ww】"}, {"uid": "34703901", "content": "【goodbye宣言】"}, {"uid": "141457018", "content": "ykl坏坏"}, {"uid": "1837024", "content": "goodbye宣言"}, {"uid": "34703901", "content": "【啊，恋爱裁判么？】"}, {"uid": "3855054", "content": "看到ykl玩恐怖游戏我比ykl还害怕ww"}, {"uid": "34703901", "content": "【上次真是被吓坏了】"}, {"uid": "52216644", "content": "想听"}, {"uid": "363935885", "content": "两只老虎（bushi）"}, {"uid": "355503671", "content": "goodbye宣言"}, {"uid": "54889602", "content": "恋爱裁判？"}, {"uid": "32830806", "content": "上次被吓坏了，抱抱"}, {"uid": "34703901", "content": "【大家有想听我唱的曲子嘛】"}, {"uid": "6254315", "content": "網頁遊戲"}, {"uid": "54889602", "content": "确实"}, {"uid": "57019199", "content": "确实"}, {"uid": "363935885", "content": "感觉上次ykl真的是被吓坏了"}, {"uid": "6254315", "content": "一是玩蚯蚓？"}, {"uid": "14008517", "content": "【山茶小姐不会玩的哦】"}, {"uid": "668557113", "content": "姐姐来接你了"}, {"uid": "14008517", "content": "【恐怖游戏？】"}, {"uid": "57019199", "content": "那我觉得ykl肯定蚌埠住"}, {"uid": "3855054", "content": "但是ykl就不要玩了www"}, {"uid": "14008517", "content": "【稍等一下】"}, {"uid": "14008517", "content": "【谢谢礼物哦】"}, {"uid": "1837024", "content": "让山茶来玩恐怖游戏怎么样 XD"}, {"uid": "3855054", "content": "虽然很害怕的晚上玩恐怖游戏很有气氛www"}, {"uid": "79646219", "content": "(･∀･)"}, {"uid": "1837024", "content": "山茶刚才不是都要破顶而出了吗"}, {"uid": "141457018", "content": "玩茶杯头吧"}, {"uid": "52216644", "content": "不怕呦"}, {"uid": "34703901", "content": "【一个人玩就会很害怕呀】"}, {"uid": "57019199", "content": "要不分享下鬼故事？"}, {"uid": "3855054", "content": "越是晚上越喜欢看一些恐怖片"}, {"uid": "172191808", "content": "山茶姐姐呢？"}, {"uid": "12868006", "content": "飞鸟酱的任务罢了"}, {"uid": "363935885", "content": "恐怖游戏不就是要晚上玩的吗（）"}, {"uid": "34703901", "content": "【对啊对心脏不好】"}, {"uid": "9826153", "content": "wwww"}, {"uid": "34703901", "content": "【感觉...】"}, {"uid": "5325025", "content": "恐怖氛围好"}, {"uid": "4698845", "content": "确实恐怖游戏伤身"}, {"uid": "34703901", "content": "【很。。。很可怕啦】"}, {"uid": "34703901", "content": "【飞鸟酱的任务ww】"}, {"uid": "57019199", "content": "深夜对ykl心脏不好"}, {"uid": "3855054", "content": "正是因为晚上了所以才要看一些恐怖的东西w"}, {"uid": "660971", "content": "一度もご両親に怒られたねｗ"}, {"uid": "34703901", "content": "【大家都很强强】"}, {"uid": "32830806", "content": "早上好"}, {"uid": "34703901", "content": "【不...不害怕喔】"}, {"uid": "57019199", "content": "恐怖游戏还是算了"}, {"uid": "79646219", "content": "确实"}, {"uid": "9129744", "content": "“我窗纱动了”"}, {"uid": "105236221", "content": "啊这"}, {"uid": "2684659", "content": "あすかちゃんの悲鳴の中で眠りたいな～ｗｗｗ"}, {"uid": "57019199", "content": "草"}, {"uid": "34703901", "content": "【不能大喊大叫了ww】"}, {"uid": "2488815", "content": "怖くないよ"}, {"uid": "34703901", "content": "【日本已经12点了】"}, {"uid": "34703901", "content": "【啊而且】"}, {"uid": "34703901", "content": "【很恐怖嘛！】"}, {"uid": "34703901", "content": "【可怕的东西就是很可怕嘛】"}, {"uid": "79646219", "content": "哎？"}, {"uid": "34703901", "content": "【因为啊你看】"}, {"uid": "57019199", "content": "草"}, {"uid": "34703901", "content": "【不。。。不行喔】"}, {"uid": "34773574", "content": "（￣▽￣）"}, {"uid": "9826153", "content": "草"}, {"uid": "668557113", "content": "ykl"}, {"uid": "34703901", "content": "【如果可以的我想马上跑路....】"}, {"uid": "34703901", "content": "【不会的吧！】"}, {"uid": "34703901", "content": "【太可怕了啦！】"}, {"uid": "34703901", "content": "【读评论】"}, {"uid": "34703901", "content": "【但请多等等呢】"}, {"uid": "355503671", "content": "要不要试试jump king"}, {"uid": "34703901", "content": "【感觉，可能会有点无聊】"}, {"uid": "2684659", "content": "残り10分、つぐのひにするかｗｗ"}, {"uid": "34703901", "content": "【说别人笨笨这种事...！】"}, {"uid": "4006277", "content": "wwwww"}, {"uid": "52216644", "content": "（￣▽￣）"}, {"uid": "34703901", "content": "【ykt头脑弱弱，才没有这种事！】"}, {"uid": "34703901", "content": "【感觉这样下去不太好呢】"}, {"uid": "101223907", "content": "感觉直播间画面终于正常了"}, {"uid": "9826153", "content": "ykl的头脑弱"}, {"uid": "452253547", "content": "草"}, {"uid": "57019199", "content": "自认baga了吗？"}, {"uid": "9826153", "content": "草"}, {"uid": "57019199", "content": "草"}, {"uid": "34703901", "content": "【唉这个也不想呢】"}, {"uid": "34703901", "content": "【弱的是...ykt的头脑？"}, {"uid": "3159839", "content": "草"}, {"uid": "14008517", "content": "【pc已经不弱了呢！】"}, {"uid": "6473948", "content": "啾啾ykl"}, {"uid": "34703901", "content": "【PC一点都不弱喔！】"}, {"uid": "14008517", "content": "【谢谢你】"}, {"uid": "14008517", "content": "【加油ykl】"}, {"uid": "79646219", "content": "(･∀･)"}, {"uid": "34703901", "content": "【加油尤卡妮蟹蟹】"}, {"uid": "57019199", "content": "事故打不倒你的"}, {"uid": "660971", "content": "雑談しよう！"}, {"uid": "668557113", "content": "啊这"}, {"uid": "14008517", "content": "【针卜戳】"}, {"uid": "488229092", "content": "pc弱弱"}, {"uid": "14008517", "content": "【好了】"}, {"uid": "34703901", "content": "【好，就这样】"}, {"uid": "57019199", "content": "加油啊ykl"}, {"uid": "14008517", "content": "【那让评论栏回去吧】"}, {"uid": "34703901", "content": "【移回这里吧】"}, {"uid": "14008517", "content": "【】这个游戏"}, {"uid": "14008517", "content": "【游戏好像打不开】"}, {"uid": "488229092", "content": "大丈夫"}, {"uid": "14008517", "content": "【干什么好呢】"}, {"uid": "101223907", "content": "评论流动展示是不是错位了？"}, {"uid": "32591119", "content": "。"}, {"uid": "14008517", "content": "【啊牙白】"}, {"uid": "14008517", "content": "【本来尤卡里是打算玩游戏的呢】"}, {"uid": "4324179", "content": "我听成jinko了……"}, {"uid": "14008517", "content": "【有关事故的记忆尤卡里也有一些呢】"}, {"uid": "14008517", "content": "【这半年】"}, {"uid": "14008517", "content": "【事故已经发生了】"}, {"uid": "660971", "content": "他の事やれたらどうかな？？"}, {"uid": "488229092", "content": "没关系，只要有ykl陪就好了"}, {"uid": "668557113", "content": "啊这也是"}, {"uid": "167461826", "content": "想再看一次"}, {"uid": "20369025", "content": "无事故，不ykl"}, {"uid": "101223907", "content": "刚刚头离镜头太近，感觉都快亲上镜头了"}, {"uid": "14008517", "content": "【怎么办呢】"}, {"uid": "73802844", "content": "大丈夫"}, {"uid": "14008517", "content": "【打不开了】"}, {"uid": "14008517", "content": "【游戏啊】"}, {"uid": "327079353", "content": "大丈夫～"}, {"uid": "14008517", "content": "【但是却出现了事故】"}, {"uid": "52216644", "content": "(°∀°)ﾉ"}, {"uid": "14008517", "content": "【明明是后半场】"}, {"uid": "14008517", "content": "【对不起大家】"}, {"uid": "14008517", "content": "【有点糟糕呢】"}, {"uid": "124003269", "content": "好了"}, {"uid": "668557113", "content": "什么什么滴？达咩"}, {"uid": "14008517", "content": "【好了】"}, {"uid": "4223997", "content": "かわいい"}, {"uid": "14008517", "content": "【这样可以吗】"}, {"uid": "14008517", "content": "【脸太大了？】"}, {"uid": "14008517", "content": "【真是奇怪啊】"}, {"uid": "14008517", "content": "【这什么？】"}, {"uid": "14008517", "content": "【嗯？】"}, {"uid": "597131316", "content": "尤卡里永远滴神"}, {"uid": "14008517", "content": "【啊真是吓到我了】"}, {"uid": "10842804", "content": "可爱"}, {"uid": "14008517", "content": "【虽然也不是不行】"}, {"uid": "597131316", "content": "大头尤卡里"}, {"uid": "31189625", "content": "为什么就一个头"}, {"uid": "323322", "content": "好大好大"}, {"uid": "8845819", "content": "评论栏又出问题了"}, {"uid": "101223907", "content": "所以头像可以调回原来的大小了吗？"}, {"uid": "14008517", "content": "【大家要忘掉哦！】"}, {"uid": "168841552", "content": "才进来刚才发生了什么"}, {"uid": "488229092", "content": "ykl我是你单推"}, {"uid": "17911690", "content": "脸堪比锅盖w"}, {"uid": "23353808", "content": "备份记忆"}, {"uid": "14008517", "content": "【就让尤卡碳来消除大家的记忆吧】"}, {"uid": "4324179", "content": "放一首歌缓解一下尴尬"}, {"uid": "14008517", "content": "【什么都没看到吧！】"}, {"uid": "79646219", "content": "啊？什么啊？"}, {"uid": "49462023", "content": "洒水车都来了"}, {"uid": "488229092", "content": "ykl我没有去d其他女人"}, {"uid": "64000094", "content": "記憶永存"}, {"uid": "14008517", "content": "【放一首歌吧】"}, {"uid": "52216644", "content": "什么都看到了"}, {"uid": "8651132", "content": "脸好大，我爱了"}, {"uid": "73802844", "content": "里人格出现了"}, {"uid": "20369025", "content": "记忆消除中……"}, {"uid": "14008517", "content": "【等一下】"}, {"uid": "57019199", "content": "什么都看到了"}, {"uid": "291694715", "content": "."}, {"uid": "14008517", "content": "【什么都没有看到吧！】"}, {"uid": "49462023", "content": "第五人格"}, {"uid": "64000094", "content": "变 身！！！！！"}, {"uid": "57019199", "content": "夺舍ing"}, {"uid": "14008517", "content": "【什么都没有看到哦】"}, {"uid": "20369025", "content": "牙白牙白啦"}, {"uid": "57019199", "content": "山茶想要提出建议"}, {"uid": "1837024", "content": "完了 另外一个人格要出现了"}, {"uid": "488229092", "content": "牙白"}, {"uid": "64000094", "content": "草"}, {"uid": "79646219", "content": "害怕"}, {"uid": "22937268", "content": "夺舍草"}, {"uid": "14008517", "content": "【牙白！】"}, {"uid": "34711042", "content": "？"}, {"uid": "57019199", "content": "草"}, {"uid": "1837024", "content": "sukoi"}, {"uid": "660971", "content": "草"}, {"uid": "488229092", "content": "草"}, {"uid": "13542638", "content": "草"}, {"uid": "12207174", "content": "草"}, {"uid": "445670", "content": "山茶在顶号"}, {"uid": "79646219", "content": "！"}, {"uid": "34773574", "content": "？？？"}, {"uid": "57019199", "content": "事故"}, {"uid": "486801943", "content": "あっ"}, {"uid": "13632551", "content": "kusa"}, {"uid": "52216644", "content": "好耶"}, {"uid": "57019199", "content": "草"}, {"uid": "26308259", "content": "对D级人员A级记忆消除哈哈哈"}, {"uid": "14008517", "content": "【啊啊啊】"}, {"uid": "6473948", "content": "草"}, {"uid": "1837024", "content": "刚才你没来，ykl跟我结婚了"}, {"uid": "14008517", "content": "【等一下】"}, {"uid": "4223997", "content": "草"}, {"uid": "14008517", "content": "【啊啊 牙白】"}, {"uid": "64000094", "content": "記憶永存"}, {"uid": "14008517", "content": "【怎么办才好呢】"}, {"uid": "22206228", "content": "我不该看其他女人的，后悔了～"}, {"uid": "668557113", "content": "？没有啊"}, {"uid": "126054679", "content": "ykl酱晚上好"}, {"uid": "14008517", "content": "【怎么办呢】"}, {"uid": "54889602", "content": "等一个切片"}, {"uid": "121909265", "content": "我是盲人，请问直播间发生了什么？"}, {"uid": "19499249", "content": "damedane"}, {"uid": "81426894", "content": "可以，切片研究"}, {"uid": "33919342", "content": "damedane"}, {"uid": "31189625", "content": "发什么事情了》"}, {"uid": "19438175", "content": "发生什么了"}, {"uid": "57019199", "content": "要对dd实施A级记忆消除了"}, {"uid": "113843", "content": "都看光了，已经嫁不出去了，只能嫁给我了"}, {"uid": "12026790", "content": "有无兄弟切片？"}, {"uid": "14008517", "content": "【dame dame】"}, {"uid": "13780867", "content": "ww"}, {"uid": "52216644", "content": "害怕"}, {"uid": "37937040", "content": "执行A级记忆清除"}, {"uid": "22937268", "content": "刚来 我这是要被鲨了？"}, {"uid": "14008517", "content": "【不行的哦】"}, {"uid": "445079340", "content": "啊不该去看其他女人的，到底发生了什么"}, {"uid": "31189625", "content": "??"}, {"uid": "34703901", "content": "【看到ykt内部的人全部都忘掉！】"}, {"uid": "64000094", "content": "だめだね　だめよ　だめらのよ"}, {"uid": "34703901", "content": "【现在！从记忆里消去！】"}, {"uid": "37937040", "content": "我爱了，这就紫菜（"}, {"uid": "45311269", "content": "damedane"}, {"uid": "2684659", "content": "じゃ寝るねｗｗ起きたら忘れたかもｗｗ"}, {"uid": "54889602", "content": "记忆删除"}, {"uid": "22206228", "content": "要灭口了"}, {"uid": "34703901", "content": "【现在就清除记忆！】"}, {"uid": "33919342", "content": "dame"}, {"uid": "57019199", "content": "斩首"}, {"uid": "20369025", "content": "她好可爱"}, {"uid": "79646219", "content": "看到什么了？"}, {"uid": "57019199", "content": "dd"}, {"uid": "34703901", "content": "【违反的人都要斩首！】"}, {"uid": "407217061", "content": "这颜色"}, {"uid": "64000094", "content": "都 看 到 了 "}, {"uid": "37937040", "content": "damedane，dame哟"}, {"uid": "49462023", "content": "什么东西你能再放一次吗"}, {"uid": "4324179", "content": "我都不知道在说什么……"}, {"uid": "34703901", "content": "【啊不行】"}, {"uid": "57019199", "content": "哈哈哈"}, {"uid": "1837024", "content": "好吧，其实什么都没有看到"}, {"uid": "452253547", "content": "诶嘿"}, {"uid": "4276269", "content": "啊这"}, {"uid": "33919342", "content": "诶嘿嘿嘿嘿"}, {"uid": "37937040", "content": "我忘不掉这个女人了"}, {"uid": "34703901", "content": "【不会吧】"}, {"uid": "478363164", "content": "我刚看到有个叫夜酱的独轮车"}, {"uid": "57019199", "content": "www"}, {"uid": "52216644", "content": "看到了"}, {"uid": "445079340", "content": "发生了什么?"}, {"uid": "34703901", "content": "【刚才什么也没看到吧！】"}, {"uid": "14008517", "content": "【在骗我吧】"}, {"uid": "2684659", "content": "いくつのコクピット見に来たと思う？ｗｗ"}, {"uid": "14008517", "content": "【骗人的吧？】"}, {"uid": "9826153", "content": "全部看到了"}, {"uid": "4324179", "content": "？"}, {"uid": "14008517", "content": "【全部都看到了？】"}, {"uid": "34703901", "content": "【骗人！】"}, {"uid": "54889602", "content": "我什么都没看见啊"}, {"uid": "34703901", "content": "【唉？骗人的吧】"}, {"uid": "14008517", "content": "【诶？】"}, {"uid": "26308259", "content": "不过就是看到驾驶舱了而已"}, {"uid": "34703901", "content": "【全部看到了吗？】"}, {"uid": "101223907", "content": "？？？难道有什么不能被看见的？"}, {"uid": "33919342", "content": "嗯？使徒？"}, {"uid": "34703901", "content": "【全部...？】"}, {"uid": "54889602", "content": "啊？刚才发生了什么？"}, {"uid": "6473948", "content": "迷迭迷迭全部迷迭"}, {"uid": "8126357", "content": "可爱"}, {"uid": "4223997", "content": "wwwそんなもんあるのか"}, {"uid": "64000094", "content": "太大了（"}, {"uid": "34703901", "content": "【看不到的话那没关系喔】"}, {"uid": "33919342", "content": "可爱"}, {"uid": "34703901", "content": "【嗯？是这样么？】"}, {"uid": "1837024", "content": "全都看到了"}, {"uid": "478363164", "content": "我也想说好大"}, {"uid": "14008517", "content": "【大家什么都没看到吧！】"}, {"uid": "660971", "content": "見てなかったよｗ"}, {"uid": "14008517", "content": "【没有看到吧】"}, {"uid": "34703901", "content": "【感觉】"}, {"uid": "57019199", "content": "没"}, {"uid": "17911690", "content": "好大~"}, {"uid": "52216644", "content": "嘿嘿"}, {"uid": "34703901", "content": "【也没有看到呢ww】"}, {"uid": "3933108", "content": "突如其来的爱恋"}, {"uid": "34703901", "content": "【什么！】"}, {"uid": "668557113", "content": "么么"}, {"uid": "17911690", "content": "诶？"}, {"uid": "4223997", "content": "何が"}, {"uid": "9826153", "content": "这事故w"}, {"uid": "1712950", "content": "使徒来るぞ"}, {"uid": "57019199", "content": "难产的声音"}, {"uid": "400829971", "content": "开幕雷击"}, {"uid": "6473948", "content": "mua"}, {"uid": "81426894", "content": "完了，游戏打不开，电脑换回来了？"}, {"uid": "54889602", "content": "令人安心的事故"}, {"uid": "14008517", "content": "【不妙不妙不妙！】"}, {"uid": "57019199", "content": "kksk"}, {"uid": "57019199", "content": "www"}, {"uid": "57019199", "content": "好耶"}, {"uid": "1559407290", "content": "牙白"}, {"uid": "79646219", "content": "(･∀･)"}, {"uid": "3055094", "content": "又是令人安心的事故"}, {"uid": "12026790", "content": "gachi距离"}, {"uid": "82348601", "content": "牙白"}, {"uid": "14008517", "content": "【无怨无悔桑 谢谢你的舰长哦】"}, {"uid": "2684659", "content": "コクピットが！！！ｗｗｗ"}, {"uid": "37726304", "content": "(･∀･)"}, {"uid": "14008517", "content": "【诶多】"}, {"uid": "4223997", "content": "あった！"}, {"uid": "1712950", "content": "来了"}, {"uid": "49462023", "content": "看到有事故我就放心了"}, {"uid": "413950549", "content": "老板大气"}, {"uid": "14008517", "content": "【啊 谢谢上舰】"}, {"uid": "57019199", "content": "谢谢新老板"}, {"uid": "57019199", "content": "老板大气"}, {"uid": "14008517", "content": "【真的有点不妙呢】"}, {"uid": "101223907", "content": "立绘细节好评"}, {"uid": "14008517", "content": "【muamua】"}, {"uid": "14008517", "content": "【可爱就行了 没事的】"}, {"uid": "14008517", "content": "【为什么游戏会打不开呢】"}, {"uid": "357971219", "content": "大きな頭"}, {"uid": "57019199", "content": "草"}, {"uid": "14008517", "content": "【为什么呢】"}, {"uid": "57019199", "content": "www"}, {"uid": "14008517", "content": "【对啊】"}, {"uid": "9826153", "content": "草"}, {"uid": "32241150", "content": "极巨化"}, {"uid": "3218282", "content": "mua"}, {"uid": "4223997", "content": "かわいいから大丈夫"}, {"uid": "23353808", "content": "让ykl头大"}, {"uid": "14008517", "content": "【巨大化了呢】"}, {"uid": "14008517", "content": "【大家就稍微看一会儿尤卡里的年吧】"}, {"uid": "361176785", "content": "好大的头（"}, {"uid": "8032020", "content": "你不要过来啊"}, {"uid": "64000094", "content": "巨大化"}, {"uid": "1712950", "content": "气膨胀了"}, {"uid": "52216644", "content": "可爱"}, {"uid": "1559407290", "content": "飞机场出现了"}, {"uid": "357971219", "content": "好大的头。。"}, {"uid": "34773574", "content": "？"}, {"uid": "23353808", "content": "气大了"}, {"uid": "668557113", "content": "啊哈哈？"}, {"uid": "357971219", "content": "我这正常的"}, {"uid": "1712950", "content": "整挺好"}, {"uid": "14008517", "content": "【我有点点生气了呢！】"}, {"uid": "223390", "content": "╮(￣▽￣)╭"}, {"uid": "14008517", "content": "【moooooo！】"}, {"uid": "101223907", "content": "没有画面哟"}, {"uid": "48929", "content": "游戏画面没有吗？"}, {"uid": "14008517", "content": "【哼！】"}, {"uid": "9826153", "content": "事故系"}, {"uid": "14008517", "content": "【为什么会发生这种事啊】"}, {"uid": "14008517", "content": "【moooooo】"}, {"uid": "52216644", "content": "初号机"}, {"uid": "14008517", "content": "【怎么回事呐】"}, {"uid": "85968037", "content": "不愧是事故v"}, {"uid": "2684659", "content": "あすか！襲来！ｗｗ"}, {"uid": "30462482", "content": "初号机 出动"}, {"uid": "14008517", "content": "【不妙啊】"}, {"uid": "57019199", "content": "草"}, {"uid": "398114198", "content": "唱歌唱歌唱歌唱歌"}, {"uid": "327079353", "content": "无事发生（"}, {"uid": "668557113", "content": "？？"}, {"uid": "64000094", "content": "Ohhhhhhh だめだね～だめよだめラのよ"}, {"uid": "2684659", "content": "そういう事あんまりないｗｗ"}, {"uid": "4223997", "content": "www"}, {"uid": "14008517", "content": "【（我卡了）】"}, {"uid": "14008517", "content": "【果然啊】"}, {"uid": "14008517", "content": "【刚刚是】"}, {"uid": "351341", "content": "机舱暴露了"}, {"uid": "95985817", "content": "只能看见一个锤子"}, {"uid": "14008517", "content": "【不妙】"}, {"uid": "12026790", "content": "。。。。。"}, {"uid": "429505", "content": "wwwww"}, {"uid": "2505198", "content": "这回连人都没wwwww"}, {"uid": "14008517", "content": "【这个真的不太妙呢】"}, {"uid": "6473948", "content": "达咩捏"}, {"uid": "9826153", "content": "wwww"}, {"uid": "398114198", "content": "nonono"}, {"uid": "14008517", "content": "【呜呜呜】"}, {"uid": "2684659", "content": "それやるの？"}, {"uid": "14008517", "content": "【再试一次】"}, {"uid": "2684659", "content": "え？ツボ？"}, {"uid": "14008517", "content": "【这次能行吗】"}, {"uid": "14008517", "content": "【哦？】"}, {"uid": "452253547", "content": "文艺复兴"}, {"uid": "2684659", "content": "あ、この音、つぐのひだ"}, {"uid": "14008517", "content": "【出事故可不太好啊】"}, {"uid": "57019199", "content": "好耶"}, {"uid": "14008517", "content": "【明明是半周年纪念】"}, {"uid": "34773574", "content": "传统艺能"}, {"uid": "14008517", "content": "【好悲伤哦】"}, {"uid": "14008517", "content": "【好可怜】"}, {"uid": "14008517", "content": "【谢谢礼物】"}, {"uid": "1306935698", "content": "晚上好"}, {"uid": "9826153", "content": "回忆往昔岁月"}, {"uid": "361176785", "content": "特色（"}, {"uid": "32241150", "content": "事故姬"}, {"uid": "9826153", "content": "半年纪念事故回"}, {"uid": "14008517", "content": "【嗯？】"}, {"uid": "398114198", "content": "好，唱歌吧"}, {"uid": "1559407290", "content": "就是要看事故，不出事故不看"}, {"uid": "14008517", "content": "【啊 不要啊】"}, {"uid": "4223997", "content": "かわいそう"}, {"uid": "95985817", "content": "飞鸟特点"}, {"uid": "52216644", "content": "歌会吧"}, {"uid": "14008517", "content": "【等下一呢】"}, {"uid": "4223997", "content": "www"}, {"uid": "9826153", "content": "www"}, {"uid": "13542638", "content": "www"}, {"uid": "355503671", "content": "玩jump king吧"}, {"uid": "14008517", "content": "【为什么啊】"}, {"uid": "2684659", "content": "毎回事故るってある意味才能だねｗｗ"}, {"uid": "14008517", "content": "【不让事故发生了呢】"}, {"uid": "14008517", "content": "【但是我也努力】"}, {"uid": "64000094", "content": "坐等《一 转 歌 回》"}, {"uid": "327079353", "content": "www"}, {"uid": "14008517", "content": "【虽然这个也确实是事故】"}, {"uid": "36005920", "content": "每日任务2/1"}, {"uid": "14008517", "content": "【这个是不可控的啊】"}, {"uid": "34773574", "content": "每日事故"}, {"uid": "455929438", "content": "我居然不看同传也能懂了(°∀°)ﾉ"}, {"uid": "398114198", "content": "哈哈哈哈哈哈哈"}, {"uid": "14008517", "content": "【每日事故？】"}, {"uid": "66586092", "content": "草"}, {"uid": "134532", "content": "草"}, {"uid": "4223997", "content": "www"}, {"uid": "14008517", "content": "【嗯？】"}, {"uid": "668557113", "content": "亚子"}, {"uid": "21198922", "content": "牙白"}, {"uid": "14008517", "content": "【喂喂喂喂】"}, {"uid": "52216644", "content": "事故"}, {"uid": "14008517", "content": "【为什么啊】"}, {"uid": "668557113", "content": "呜哇不太聪明的"}, {"uid": "14008517", "content": "【呜呜呜】"}, {"uid": "2505198", "content": "每日事故"}, {"uid": "64000094", "content": "一 转 歌 回"}, {"uid": "9826153", "content": "今日事故"}, {"uid": "14008517", "content": "【稍等一下哦】"}, {"uid": "130861364", "content": "草，壶男。。"}, {"uid": "14008517", "content": "【nononono】"}, {"uid": "171504912", "content": "？？"}, {"uid": "14008517", "content": "【啊】"}, {"uid": "85968037", "content": "每日事故（1/1）"}, {"uid": "14008517", "content": "【嗯？】"}, {"uid": "14008517", "content": "【为什么】"}, {"uid": "14008517", "content": "【呜嗯？】"}, {"uid": "14008517", "content": "【有点牙白呢】"}, {"uid": "14008517", "content": "【等下】"}, {"uid": "361176785", "content": "看不到呢"}, {"uid": "14008517", "content": "【想要玩游戏的呢】"}, {"uid": "64000094", "content": "安定の事故"}, {"uid": "95985817", "content": "看不见"}, {"uid": "14008517", "content": "【骗人的吧】"}, {"uid": "14008517", "content": "【怎么了】"}, {"uid": "37961", "content": "就看up在对我挤眉弄眼"}, {"uid": "14008517", "content": "【诶等下】"}, {"uid": "20369025", "content": "来了！"}, {"uid": "668557113", "content": "签到"}, {"uid": "57019199", "content": "哈哈哈"}, {"uid": "14008517", "content": "【这个没问题的吧】"}, {"uid": "57019199", "content": "草"}, {"uid": "112350533", "content": "打卡"}, {"uid": "14008517", "content": "【在说谎吧】"}, {"uid": "34711042", "content": "看不到呢"}, {"uid": "64000094", "content": "画面没了"}, {"uid": "13542638", "content": "草"}, {"uid": "57019199", "content": "安定的事故"}, {"uid": "14008517", "content": "【骗人的吧】"}, {"uid": "3159839", "content": "草"}, {"uid": "57019199", "content": "事故"}, {"uid": "398114198", "content": "没错"}, {"uid": "15485840", "content": "有点趣味"}, {"uid": "57019199", "content": "草"}, {"uid": "14008517", "content": "【阿勒】"}, {"uid": "30462482", "content": "草"}, {"uid": "73802844", "content": "我这还是封面"}, {"uid": "2505198", "content": "画面はどこ？"}, {"uid": "14008517", "content": "【这个bgm有点吵呢】"}, {"uid": "87656186", "content": "没有画面"}, {"uid": "14008517", "content": "【等下】"}, {"uid": "57019199", "content": "只有封面"}, {"uid": "34773574", "content": "啊这"}, {"uid": "2505198", "content": "画面没有"}, {"uid": "14008517", "content": "【（我好像有点卡）】"}, {"uid": "2505198", "content": "怎么还是封面的画面"}, {"uid": "57019199", "content": "没有画面"}, {"uid": "3254648", "content": "画面が、ゆかたん"}, {"uid": "13780867", "content": "你回来了啊w"}, {"uid": "73802844", "content": "画面呢"}, {"uid": "398114198", "content": "看不见"}, {"uid": "361176785", "content": "哈哈哈哈哈"}, {"uid": "9826153", "content": "？"}, {"uid": "6473948", "content": "我画面是不是卡了"}, {"uid": "57019199", "content": "hso"}, {"uid": "2505198", "content": "画面去哪了"}, {"uid": "52216644", "content": "结婚"}, {"uid": "54810", "content": "Hso"}, {"uid": "3254648", "content": "哼哼啊啊啊啊啊啊啊啊"}, {"uid": "430112568", "content": "结婚允许吗"}, {"uid": "14008517", "content": "【www】"}, {"uid": "3254648", "content": "うんうんあああああああ"}, {"uid": "14008517", "content": "【呜一下】"}, {"uid": "52216644", "content": "好耶"}, {"uid": "14008517", "content": "【好怪啊这个bgm】"}, {"uid": "85349216", "content": "？"}, {"uid": "14008517", "content": "【好久不见这个】"}, {"uid": "124003269", "content": "掘地求生"}, {"uid": "57019199", "content": "wwww"}, {"uid": "50178827", "content": "直接初见可爱结婚"}, {"uid": "57019199", "content": "草"}, {"uid": "14008517", "content": "【这个啊】"}, {"uid": "14008517", "content": "【那么让我们开始游戏吧】"}, {"uid": "14008517", "content": "【不是吗】"}, {"uid": "14008517", "content": "【但是也是很可爱】"}, {"uid": "430112568", "content": "草"}, {"uid": "14008517", "content": "【虽然是18岁的ykl】"}, {"uid": "192156759", "content": "刚刚发生了什么"}, {"uid": "54810", "content": "18岁（二周目）"}, {"uid": "3254648", "content": "壺女ゆかり、敗北の準備はできるでござるか"}, {"uid": "32241150", "content": "成年了，能结婚了"}, {"uid": "14008517", "content": "【怎么能说这种话呢】"}, {"uid": "398114198", "content": "没错"}, {"uid": "668557113", "content": "刚回来"}, {"uid": "54810", "content": "欢迎回家！"}, {"uid": "14008517", "content": "【这个ykl不幼了】"}, {"uid": "54810", "content": "我先来！"}, {"uid": "14008517", "content": "【呐！】"}, {"uid": "412522965", "content": "本音露出"}, {"uid": "668557113", "content": "啊这也是"}, {"uid": "14008517", "content": "【这样】"}, {"uid": "14008517", "content": "【等下呢】"}, {"uid": "1837024", "content": "我是不是听到本音了"}, {"uid": "54889602", "content": "草www"}, {"uid": "14008517", "content": "【呜哇】"}, {"uid": "430112568", "content": "这个ykl不幼了( •︠ˍ•︡ )"}, {"uid": "14008517", "content": "【等等等】"}, {"uid": "668557113", "content": "还在吗？宝贝"}, {"uid": "14008517", "content": "【呜哇啊啊】"}, {"uid": "14008517", "content": "【这样应该就行了吧】"}, {"uid": "14008517", "content": "【好】"}, {"uid": "85349216", "content": "开始播放BGM：yklの悲鸣"}, {"uid": "355503671", "content": "下次玩jump king"}, {"uid": "14008517", "content": "【刚刚那个bgm】"}, {"uid": "64000094", "content": "說好的《ENDER LILIES》"}, {"uid": "355503671", "content": "下次玩jump、"}, {"uid": "14008517", "content": "【关掉bgm应该会好一点吧】"}, {"uid": "36005920", "content": "我喜欢看ykl吃瘪"}, {"uid": "50178827", "content": "坐等吃瘪"}, {"uid": "14008517", "content": "【关掉bgm了哦】"}, {"uid": "398114198", "content": "别哭"}, {"uid": "9826153", "content": "能2小时内通关吗"}, {"uid": "14008517", "content": "【那么】"}, {"uid": "14008517", "content": "【我可不会轻易认输了呢】"}, {"uid": "355503671", "content": "玩jump king吧"}, {"uid": "12682183", "content": "来啦"}, {"uid": "398114198", "content": "啊？"}, {"uid": "86031087", "content": "ゆかりの悲鳴を聞こえてありがたいです。"}, {"uid": "171280064", "content": "前方是地狱啊"}, {"uid": "266360", "content": "这是又要耻辱下播一转歌回的节奏么"}, {"uid": "326081815", "content": "掘地求升"}, {"uid": "299298432", "content": "。。"}, {"uid": "750656", "content": "哦哦哦"}, {"uid": "2505198", "content": "等拍桌"}, {"uid": "14008517", "content": "【能做到通关吗】"}, {"uid": "14008517", "content": "【壶男revenge】"}, {"uid": "6473948", "content": "ykl的悲鸣预定"}, {"uid": "19610747", "content": "快进到吃瘪"}, {"uid": "14008517", "content": "【今天晚上是玩壶男的尤卡里哦】"}, {"uid": "407217061", "content": "又玩虚"}, {"uid": "14008517", "content": "【今晚上就玩壶男】"}, {"uid": "36005920", "content": "等一个吃瘪"}, {"uid": "57019199", "content": "壶男"}, {"uid": "750656", "content": "这是什么游戏？"}, {"uid": "14008517", "content": "【这是个很有人气的游戏呢】"}, {"uid": "3855054", "content": "人菜瘾大呢"}, {"uid": "186027444", "content": "卡哇伊"}, {"uid": "40054249", "content": "玩这个今晚那必是要听到ykl的惨叫了"}, {"uid": "36005920", "content": "ykl    chuchu"}, {"uid": "64000094", "content": "人 菜 瘾 大"}, {"uid": "14008517", "content": "【让我继续game吧】"}, {"uid": "14008517", "content": "【谢谢大家的西瓜】"}, {"uid": "64000094", "content": "草！"}, {"uid": "14008517", "content": "【谢谢大家的礼物哦】"}, {"uid": "488229092", "content": "你今天晚上要打破世界纪录吗"}, {"uid": "14008517", "content": "【草】"}, {"uid": "407217061", "content": "梅开二度"}, {"uid": "14008517", "content": "【还没睡吗】"}, {"uid": "488229092", "content": "草"}, {"uid": "14008517", "content": "【玩哪个呢】"}, {"uid": "488229092", "content": "ykl，dasuki！！！"}, {"uid": "14008517", "content": "【晚上好 欢迎】"}, {"uid": "14008517", "content": "【想game】"}, {"uid": "32241150", "content": "成年了"}, {"uid": "14008517", "content": "【是18岁的尤卡碳哦】"}, {"uid": "14008517", "content": "【谢谢真理酱的舰长】"}, {"uid": "14008517", "content": "【真理酱？】"}, {"uid": "3153180", "content": "晚上好尤卡里"}, {"uid": "14008517", "content": "【欢迎riya酱】"}, {"uid": "14008517", "content": "【现在的是下半场哦】"}, {"uid": "14008517", "content": "【刚刚的是上半场】"}, {"uid": "671007535", "content": "晚上好！"}, {"uid": "14008517", "content": "【谢sc】"}, {"uid": "660971", "content": "草"}, {"uid": "14008517", "content": "【啊 天桑谢谢你】"}, {"uid": "34703901", "content": "【因为是半周年几年】"}, {"uid": "14008517", "content": "【是半周年的纪念哦】"}, {"uid": "660971", "content": "半年間おめでとうございます！"}, {"uid": "14008517", "content": "【请多指教】"}, {"uid": "14008517", "content": "【好耶好耶】"}, {"uid": "2019473", "content": " mua"}, {"uid": "79646219", "content": "啊这"}, {"uid": "275542", "content": "半年恭喜"}, {"uid": "57019199", "content": "好耶"}, {"uid": "34703901", "content": "是大人的time了！"}, {"uid": "291392982", "content": "（￣▽￣）"}, {"uid": "34703901", "content": "现在是大人的时间了（狂喜）"}, {"uid": "8651132", "content": "泪目"}, {"uid": "34703901", "content": "喔!"}, {"uid": "81703", "content": "(\"▔□▔)/"}, {"uid": "20557987", "content": "没有看到哭唧唧"}, {"uid": "14112487", "content": "不要男妈妈"}, {"uid": "19610747", "content": "xs"}, {"uid": "20557987", "content": "啊这"}, {"uid": "48929", "content": "回马枪？！"}, {"uid": "14008517", "content": "【】多多指教哦"}, {"uid": "488229092", "content": "ykl suki，！，"}, {"uid": "14008517", "content": "【请大家作为尤卡恰玛的妈妈】"}, {"uid": "86031087", "content": "怎么又开了？不过我喜欢"}, {"uid": "14008517", "content": "【谢谢大家的支持哦】"}, {"uid": "20557987", "content": "我错过了什么吗？"}, {"uid": "2505198", "content": "幼卡里"}, {"uid": "14008517", "content": "【不是尤卡碳】"}, {"uid": "3855054", "content": "夜场和三更半夜场"}, {"uid": "15768044", "content": "新衣服"}, {"uid": "14008517", "content": "【刚刚的新衣服】"}, {"uid": "350254194", "content": "又来了？"}, {"uid": "3242070", "content": "23333333"}, {"uid": "3242070", "content": "可恶"}, {"uid": "3242070", "content": "怎么又回来了！！！！"}, {"uid": "105020910", "content": "晚上好"}, {"uid": "235617022", "content": "yaho"}, {"uid": "14008517", "content": "【晚上好啊】"}, {"uid": "317039803", "content": "晚上好"}, {"uid": "19610747", "content": "说困了去睡的是尤卡碳 和我尤卡里有什么关系（）"}, {"uid": "4006277", "content": "猫猫？"}, {"uid": "14008517", "content": "【尤卡里晚上好】"}, {"uid": "486801943", "content": "晩上好"}, {"uid": "20557987", "content": "晚上好ykl"}, {"uid": "9826153", "content": "草"}, {"uid": "14008517", "content": "【谢谢大家】"}, {"uid": "73864281", "content": "晚上好"}, {"uid": "487279", "content": "晚上好 记得吃饭"}, {"uid": "14008517", "content": "【舰长 sc 礼物很多呢】"}, {"uid": "3855054", "content": "晚上好"}, {"uid": "499297005", "content": "来了"}, {"uid": "3855054", "content": "下半场啊"}, {"uid": "38138351", "content": "晚上好"}, {"uid": "14008517", "content": "【大家好】"}, {"uid": "14008517", "content": "【mic test】"}, {"uid": "445670", "content": "晚上好"}, {"uid": "8802110", "content": "晚上好(°∀°)ﾉ"}, {"uid": "660971", "content": "こんゆかたん～"}, {"uid": "34703901", "content": "【晚上——好！】"}, {"uid": "27697461", "content": "ykl！ykl！"}, {"uid": "14008517", "content": "【大家还在吗】"}, {"uid": "41978697", "content": "来了来了"}, {"uid": "4006277", "content": "晚上好"}, {"uid": "14008517", "content": "【晚上好啊】"}, {"uid": "2019473", "content": "来了来了"}, {"uid": "2505198", "content": "来了来了"}, {"uid": "2505198", "content": "是ykl"}, {"uid": "326081815", "content": "来了来了"}, {"uid": "3855054", "content": "来了来了"}, {"uid": "174854244", "content": "好耶"}, {"uid": "64000094", "content": "所以剛才是中场休息是吧！！！"}, {"uid": "15320300", "content": "うふふ〜"}, {"uid": "14008517", "content": "no sound"}, {"uid": "475157879", "content": "来了来了"}, {"uid": "2019473", "content": "お帰り"}, {"uid": "412522965", "content": "好耶"}, {"uid": "10709920", "content": "回来了回来了"}, {"uid": "14112487", "content": "(╯°口°)╯(┴—┴"}, {"uid": "10709920", "content": "熟悉的BGM"}, {"uid": "21198922", "content": "下半场"}, {"uid": "8162313", "content": "草，下半场"}, {"uid": "3855054", "content": "夜场和三更半夜场"}, {"uid": "19028270", "content": "还有下半场"}, {"uid": "37207634", "content": "尤卡里妹妹开门！"}, {"uid": "19028270", "content": "？"}, {"uid": "14008517", "content": "来了来了"}, {"uid": "1559407290", "content": "学会了是吧，还分上半场和下半场了"}, {"uid": "124003269", "content": "？？"}, {"uid": "24509316", "content": "(〜￣△￣)〜"}, {"uid": "290723733", "content": "不愧是你"}, {"uid": "126054679", "content": "？？？"}, {"uid": "10709920", "content": "妹妹，开门呀(▔□▔)/"}, {"uid": "3855054", "content": "发生了什么"}, {"uid": "1559407290", "content": "擦，这货还在分享直播间"}, {"uid": "488229092", "content": "？"}, {"uid": "57019199", "content": "草"}, {"uid": "64000094", "content": "草！我人矇了"}, {"uid": "28393591", "content": "特色"}, {"uid": "14112487", "content": "没想到吧，我也没想到"}, {"uid": "493854775", "content": "！！！"}, {"uid": "1559407290", "content": "别急，说好了今晚我们都是ykl的单推人"}, {"uid": "493854775", "content": "、、、、、、、、、、"}, {"uid": "34703901", "content": "我洗澡去了("}, {"uid": "34703901", "content": "好，好啊！"}, {"uid": "494145454", "content": "ヾ(❀╹◡╹)ﾉ~"}, {"uid": "141457018", "content": "尤卡里别急"}, {"uid": "68060881", "content": "梅开二度"}, {"uid": "10709920", "content": "事故是直播的一部分"}, {"uid": "244972345", "content": "。"}, {"uid": "177978978", "content": "直播不出点问题都不是她了"}, {"uid": "9826153", "content": "？"}, {"uid": "17177902", "content": "奇怪的机车声"}, {"uid": "68060881", "content": "好家伙"}, {"uid": "174327", "content": "？！"}, {"uid": "584974", "content": "(°∀°)ﾉ"}, {"uid": "14112487", "content": "？刚才不是下播了吗"}, {"uid": "13632551", "content": "梅开二度"}, {"uid": "2505198", "content": "回马枪？"}, {"uid": "13632551", "content": "啊这"}, {"uid": "3242070", "content": "怎么又开了"}, {"uid": "85611334", "content": "老婆 ！！！"}, {"uid": "4006277", "content": "这？"}, {"uid": "3242070", "content": "?"}, {"uid": "9826153", "content": "？"}, {"uid": "187389", "content": "啊"}, {"uid": "20557987", "content": "啊"}, {"uid": "32313592", "content": "啊？"}, {"uid": "14112487", "content": "等会我点个宵夜"}, {"uid": "9826153", "content": "你今晚要通关吗"}, {"uid": "6473948", "content": "啾啾尤卡碳"}, {"uid": "73864281", "content": "这是今晚不用睡的节奏吗"}, {"uid": "2019473", "content": "这要搞到几点"}, {"uid": "348588", "content": "ゆかりんはいつビリビリと契約するを楽しみですやよ"}, {"uid": "25128316", "content": "晚上好"}, {"uid": "6473948", "content": "啊 是大ykl"}, {"uid": "14008517", "content": "来了来了"}, {"uid": "37207634", "content": "我DNA动了"}, {"uid": "14008517", "content": "【我很开心呢】"}, {"uid": "6725754", "content": "草"}, {"uid": "19438175", "content": "震惊"}, {"uid": "2448028", "content": "www"}, {"uid": "23001624", "content": "好耶"}, {"uid": "14008517", "content": "【呀吼呀吼】"}, {"uid": "49660606", "content": "还有夜半场说不定"}, {"uid": "9826153", "content": "开门 "}, {"uid": "49660606", "content": "来了来了"}, {"uid": "491677298", "content": "什么情况"}, {"uid": "35339650", "content": "？！？"}, {"uid": "79646219", "content": "啊这"}, {"uid": "14008517", "content": "【kusa】"}, {"uid": "14008517", "content": "【晚上好】"}, {"uid": "750656", "content": "回来了？"}, {"uid": "660971", "content": "おかえり"}, {"uid": "494145454", "content": "下半场！"}, {"uid": "19438175", "content": "回来了"}, {"uid": "14008517", "content": "【想要通关这个呢】"}, {"uid": "57019199", "content": "草"}, {"uid": "2019473", "content": "草"}, {"uid": "70744770", "content": "(⌒▽⌒)"}, {"uid": "488229092", "content": "晚上好，"}, {"uid": "24509316", "content": "晚上好"}, {"uid": "14008517", "content": "【晚上好】"}, {"uid": "21198922", "content": "草"}, {"uid": "49660606", "content": "开没开门"}, {"uid": "1459699014", "content": "来了来了"}, {"uid": "113843", "content": "???"}, {"uid": "57019199", "content": "梅开二度"}, {"uid": "39306734", "content": "有人知道这首歌名字吗"}, {"uid": "407217061", "content": "刚开"}, {"uid": "407217061", "content": "？"}, {"uid": "34773574", "content": "？？？"}, {"uid": "85897562", "content": "？"}, {"uid": "268376359", "content": "ykl是想砸电脑吗"}, {"uid": "660971", "content": "草"}, {"uid": "348588", "content": "ゆかりんはいつかビリビリと契約するを楽しみですやよ"}, {"uid": "34703901", "content": "嗯？"}, {"uid": "6473948", "content": "草"}, {"uid": "9826153", "content": "草"}, {"uid": "3254648", "content": "こんゆかたん"}, {"uid": "23001624", "content": "好耶"}, {"uid": "660971", "content": "ゆかたん"}, {"uid": "32241150", "content": "开门"}, {"uid": "3049520", "content": "1"}, {"uid": "10171147", "content": "啊这"}, {"uid": "85349216", "content": "さすが君だ"}, {"uid": "491677298", "content": "emm？"}, {"uid": "660971", "content": "!?"}, {"uid": "23506796", "content": "？"}, {"uid": "57019199", "content": "草"}, {"uid": "57019199", "content": "壶男二度"}, {"uid": "13542638", "content": "草"}, {"uid": "50178827", "content": "ykl!!suiki"}, {"uid": "3254648", "content": "元気で!いっぱい"}, {"uid": "50178827", "content": "晚上好"}, {"uid": "8032020", "content": "？？？"}, {"uid": "503049070", "content": "！"}, {"uid": "9826153", "content": "草"}, {"uid": "64000094", "content": "草"}, {"uid": "24735655", "content": "\\ykl/\\ykl/\\ykl/\\ykl/\\ykl/\\ykl/"}, {"uid": "363935885", "content": "\\ykl/\\ykl/\\ykl/"}, {"uid": "1559407290", "content": "\\ykl/\\ykl/\\ykl/\\ykl/"}, {"uid": "9826153", "content": "\\ykl/\\ykl/\\ykl/\\ykl/"}, {"uid": "1559407290", "content": "\\ykl/\\ykl/\\ykl/\\ykl/"}, {"uid": "19438175", "content": "\\ykl/\\ykl/\\ykl/"}, {"uid": "374453", "content": "\\ykl/ \\ykl/ \\ykl/"}, {"uid": "3855054", "content": "\\ykl/\\ykl/\\ykl/\\ykl/"}, {"uid": "26763243", "content": "＼ykl／＼ykl／＼ykl／"}, {"uid": "1559407290", "content": "\\ykl/\\ykl/\\ykl/\\ykl/"}, {"uid": "9826153", "content": "\\ykl/\\ykl/\\ykl/\\ykl/"}, {"uid": "4749756", "content": "\\ykl/\\ykl/\\ykl/"}, {"uid": "3855054", "content": "\\ykl/\\ykl/\\ykl/\\ykl/"}, {"uid": "32313592", "content": "\\ykl/\\ykl/\\ykl/\\ykl/"}, {"uid": "774664", "content": " \\ykl/\\ykl/\\ykl/"}, {"uid": "9826153", "content": "\\ykl/\\ykl/\\ykl/\\ykl/"}, {"uid": "3855054", "content": "\\ykl/\\ykl/\\ykl/\\ykl/"}, {"uid": "363935885", "content": "\\ykl/\\ykl/\\ykl/"}, {"uid": "3855054", "content": "\\ykl/\\ykl/\\ykl/\\ykl/"}, {"uid": "3855054", "content": "\\ykl/\\ykl/\\ykl/\\ykl/"}, {"uid": "3855054", "content": "\\ykl/\\ykl/\\ykl/\\ykl/"}, {"uid": "3855054", "content": "\\ykl/\\ykl/\\ykl/\\ykl/"}, {"uid": "3855054", "content": "\\ykl/\\ykl/\\ykl/\\ykl/"}, {"uid": "363935885", "content": "\\ykl/\\ykl/\\ykl/"}, {"uid": "85611334", "content": "\\ykl/\\ykl/\\ykl/\\ykl/"}, {"uid": "3855054", "content": "\\ykl/\\ykl/\\ykl/\\ykl/"}, {"uid": "4006277", "content": "\\ykl/\\ykl/\\ykl/\\ykl/"}, {"uid": "32313592", "content": "\\ykl/\\ykl/\\ykl/\\ykl/"}, {"uid": "85611334", "content": "\\ykl/\\ykl/\\ykl/\\ykl/"}, {"uid": "309519", "content": "(〜￣△￣)〜(〜￣△￣)〜(〜￣△￣)〜"}, {"uid": "6725754", "content": "\\ykl/\\ykl/\\ykl/"}, {"uid": "3855054", "content": "\\ykl/\\ykl/\\ykl/\\ykl/"}, {"uid": "327079353", "content": "\\ykl/\\ykl/\\ykl/\\ykl/\\ykl/\\ykl/"}, {"uid": "3855054", "content": "\\ykl/\\ykl/\\ykl/\\ykl/"}, {"uid": "327079353", "content": "\\ykl/\\ykl/\\ykl/\\ykl/\\ykl/\\ykl/"}, {"uid": "57019199", "content": "\\尤卡里/\\尤卡里/\\尤卡里/\\尤卡里/"}, {"uid": "1631568449", "content": "\\ykl/\\ykl/\\ykl/"}, {"uid": "57019199", "content": "\\尤卡里/\\尤卡里/\\尤卡里/\\尤卡里/"}, {"uid": "57019199", "content": "\\尤卡里/\\尤卡里/\\尤卡里/\\尤卡里/"}, {"uid": "57019199", "content": "\\尤卡里/\\尤卡里/\\尤卡里/\\尤卡里/"}, {"uid": "57019199", "content": "\\尤卡里/\\尤卡里/\\尤卡里/\\尤卡里/"}, {"uid": "64000094", "content": "\\Ykl /\\ykl /\\Ykl /\\ykl /\\Ykl /\\ykl /"}, {"uid": "64000094", "content": "\\Ykl /\\ykl /\\Ykl /\\ykl /\\Ykl /\\ykl /"}, {"uid": "57019199", "content": "\\尤卡里/\\尤卡里/\\尤卡里/\\尤卡里/"}, {"uid": "64000094", "content": "\\Ykl /\\ykl /\\Ykl /\\ykl /\\Ykl /\\ykl /"}, {"uid": "512770", "content": "\\ykl/\\ykl/\\ykl/\\ykl/"}, {"uid": "64000094", "content": "\\Ykl /\\ykl /\\Ykl /\\ykl /\\Ykl /\\ykl /"}, {"uid": "85611334", "content": "\\ykl/\\ykl/\\ykl/\\ykl/"}, {"uid": "64000094", "content": "\\Ykl /\\ykl /\\Ykl /\\ykl /\\Ykl /\\ykl /"}, {"uid": "64000094", "content": "\\Ykl /\\ykl /\\Ykl /\\ykl /\\Ykl /\\ykl /"}, {"uid": "2505198", "content": "\\ykl/\\ykl/\\ykl/\\ykl/"}, {"uid": "58398010", "content": "\\尤卡里/\\尤卡里/\\尤卡里/\\尤卡里/"}, {"uid": "85611334", "content": "\\ykl/\\ykl/\\ykl/\\ykl/"}, {"uid": "57019199", "content": "\\尤卡里/\\尤卡里/\\尤卡里/\\尤卡里/"}, {"uid": "2505198", "content": "\\ykl/\\ykl/\\ykl/\\ykl/"}, {"uid": "57019199", "content": "\\尤卡里/\\尤卡里/\\尤卡里/\\尤卡里/"}, {"uid": "363935885", "content": "\\ykl/\\ykl/\\ykl/"}, {"uid": "6725754", "content": "\\ykl/\\ykl/\\ykl/"}, {"uid": "169872465", "content": "\\尤卡里/\\尤卡里/\\尤卡里/\\尤卡里/"}, {"uid": "57019199", "content": "\\尤卡里/\\尤卡里/\\尤卡里/\\尤卡里/"}, {"uid": "6725754", "content": "\\ykl/\\ykl/\\ykl/"}, {"uid": "4006277", "content": "\\ykl/\\ykl/\\ykl/\\ykl/"}, {"uid": "57019199", "content": "\\尤卡里/\\尤卡里/\\尤卡里/\\尤卡里/"}, {"uid": "57019199", "content": "\\尤卡里/\\尤卡里/\\尤卡里/\\尤卡里/"}, {"uid": "64000094", "content": "\\Ykl /\\ykl /\\Ykl /\\ykl /\\Ykl /\\ykl /"}, {"uid": "64000094", "content": "\\Ykl /\\ykl /\\Ykl /\\ykl /\\Ykl /\\ykl /"}, {"uid": "6725754", "content": "\\ykl/\\ykl/\\ykl/"}, {"uid": "327079353", "content": "\\ykl/\\ykl/\\ykl/\\ykl/\\ykl/\\ykl/"}, {"uid": "64000094", "content": "\\Ykl /\\ykl /\\Ykl /\\ykl /\\Ykl /\\ykl /"}, {"uid": "57019199", "content": "\\尤卡里/\\尤卡里/\\尤卡里/\\尤卡里/"}, {"uid": "64000094", "content": "\\Ykl /\\ykl /\\Ykl /\\ykl /\\Ykl /\\ykl /"}, {"uid": "3855054", "content": "\\ykl/\\ykl/\\ykl/\\ykl/"}, {"uid": "3182442", "content": "\\ykl/\\ykl/\\ykl/\\ykl/\\ykl/\\ykl/"}, {"uid": "363935885", "content": "\\ykl/\\ykl/\\ykl/"}, {"uid": "3855054", "content": "\\ykl/\\ykl/\\ykl/\\ykl/"}, {"uid": "64000094", "content": "\\Ykl /\\ykl /\\Ykl /\\ykl /\\Ykl /\\ykl /"}, {"uid": "3159839", "content": "\\ykl/\\ykl/\\ykl/\\ykl/"}, {"uid": "327079353", "content": "\\ykl/\\ykl/\\ykl/\\ykl/\\ykl/\\ykl/"}, {"uid": "3855054", "content": "\\ykl/\\ykl/\\ykl/\\ykl/"}, {"uid": "64000094", "content": "\\Ykl /\\ykl /\\Ykl /\\ykl /\\Ykl /\\ykl /"}, {"uid": "3855054", "content": "\\ykl/\\ykl/\\ykl/\\ykl/"}, {"uid": "900537", "content": "\\ykl/\\ykl/\\ykl/"}, {"uid": "6725754", "content": "\\ykl/\\ykl/\\ykl/"}, {"uid": "3855054", "content": "\\ykl/\\ykl/\\ykl/\\ykl/"}, {"uid": "327079353", "content": "\\ykl/\\ykl/\\ykl/\\ykl/\\ykl/\\ykl/"}, {"uid": "3855054", "content": "\\ykl/\\ykl/\\ykl/\\ykl/"}, {"uid": "3855054", "content": "\\ykl/\\ykl/\\ykl/\\ykl/"}, {"uid": "3855054", "content": "\\ykl/\\ykl/\\ykl/\\ykl/"}, {"uid": "3855054", "content": "\\ykl/\\ykl/\\ykl/\\ykl/"}, {"uid": "3855054", "content": "\\ykl/\\ykl/\\ykl/\\ykl/"}, {"uid": "6725754", "content": "\\ykl/\\ykl/\\ykl/"}, {"uid": "3855054", "content": "\\ykl/\\ykl/\\ykl/\\ykl/"}, {"uid": "3855054", "content": "\\ykl/\\ykl/\\ykl/"}, {"uid": "3855054", "content": "\\ykl/\\ykl/\\ykl/"}, {"uid": "3855054", "content": "\\ykl/\\ykl/\\ykl/\\ykl/"}, {"uid": "327079353", "content": "\\ykl/\\ykl/\\ykl/\\ykl/\\ykl/\\ykl/"}, {"uid": "327079353", "content": "\\ykl/\\ykl/\\ykl/\\ykl/\\ykl/\\ykl/"}, {"uid": "3855054", "content": "\\ykl/\\ykl/\\ykl/\\ykl/"}, {"uid": "3855054", "content": "\\ykl/\\ykl/\\ykl/\\ykl/"}, {"uid": "3855054", "content": "\\ykl/\\ykl/\\ykl/\\ykl/"}, {"uid": "57019199", "content": "\\尤卡里/\\尤卡里/\\尤卡里/"}, {"uid": "57019199", "content": "\\尤卡里/\\尤卡里/\\尤卡里/\\尤卡里/"}, {"uid": "3855054", "content": "\\ykl/\\ykl/\\ykl/\\ykl/"}, {"uid": "512770", "content": "\\ykl/\\ykl/\\ykl/\\ykl/"}, {"uid": "3855054", "content": "\\ykl/\\ykl/\\ykl/\\ykl/"}, {"uid": "6725754", "content": "\\ykl/\\ykl/\\ykl/"}, {"uid": "29990327", "content": "\\ykl/\\ykl/\\ykl/\\ykl/\\ykl/"}, {"uid": "3855054", "content": "\\ykl/\\ykl/\\ykl/\\ykl/"}, {"uid": "3855054", "content": "\\ykl/\\ykl/\\ykl/"}, {"uid": "3855054", "content": "\\ykl/\\ykl/\\ykl/\\ykl/"}, {"uid": "327079353", "content": "\\ykl/\\ykl/\\ykl/\\ykl/\\ykl/\\ykl/"}, {"uid": "6725754", "content": "\\ykl/\\ykl/\\ykl/"}, {"uid": "327079353", "content": "\\ykl/\\ykl/\\ykl/\\ykl/\\ykl/\\ykl/"}, {"uid": "900537", "content": "\\ykl/\\ykl/\\ykl/"}, {"uid": "4006277", "content": "\\ykl/\\ykl/\\ykl/\\ykl/"}, {"uid": "179095039", "content": "\\yklyklyklyklyklykl/"}, {"uid": "7981926", "content": "\\ykl/\\ykl/\\ykl/\\ykl/"}, {"uid": "64000094", "content": "\\Ykl /\\ykl /\\Ykl /\\ykl /\\Ykl /\\ykl /"}, {"uid": "64000094", "content": "\\Ykl /\\ykl /\\Ykl /\\ykl /\\Ykl /\\ykl /"}, {"uid": "64000094", "content": "\\Ykl /\\ykl /\\Ykl /\\ykl /\\Ykl /\\ykl /"}, {"uid": "3855054", "content": "\\ykl/\\ykl/\\ykl/\\ykl/"}, {"uid": "900537", "content": "\\ykl/\\ykl/\\ykl/\\ykl/\\ykl/\\ykl/"}, {"uid": "54889602", "content": "＼ykl／＼ykl／＼ykl／"}, {"uid": "3855054", "content": "\\ykl/\\ykl/\\ykl/\\ykl/"}, {"uid": "4006277", "content": "\\ykl/\\ykl/\\ykl/\\ykl/"}, {"uid": "6725754", "content": "\\ykl/\\ykl/\\ykl/"}, {"uid": "6725754", "content": "\\ykl/\\ykl/\\ykl/"}, {"uid": "57019199", "content": "\\尤卡里/\\尤卡里/\\尤卡里/\\尤卡里/"}, {"uid": "57019199", "content": "\\尤卡里/\\尤卡里/\\尤卡里/\\尤卡里/"}, {"uid": "3159839", "content": "\\ykl/\\ykl/\\ykl/\\ykl/"}, {"uid": "6725754", "content": "\\ykl/\\ykl/\\ykl/"}, {"uid": "57019199", "content": "\\尤卡里/\\尤卡里/\\尤卡里/\\尤卡里/"}, {"uid": "12682183", "content": "＼ykl/＼ykl/＼ykl/"}, {"uid": "4006277", "content": "\\ykl/\\ykl/\\ykl/\\ykl/"}, {"uid": "57019199", "content": "\\尤卡里/\\尤卡里/\\尤卡里/\\尤卡里/"}, {"uid": "363935885", "content": "\\ykl/\\ykl/\\ykl/"}, {"uid": "4006277", "content": "\\ykl/\\ykl/\\ykl/\\ykl/"}, {"uid": "57019199", "content": "\\尤卡里/\\尤卡里/\\尤卡里/\\尤卡里/"}, {"uid": "3855054", "content": "\\ykl/\\ykl/\\ykl/\\ykl/"}, {"uid": "3159839", "content": "\\ykl/\\ykl/\\ykl/\\ykl/"}, {"uid": "57019199", "content": "\\尤卡里/\\尤卡里/\\尤卡里/\\尤卡里/"}, {"uid": "57019199", "content": "\\尤卡里/\\尤卡里/\\尤卡里/\\尤卡里/"}, {"uid": "3159839", "content": "\\ykl/\\ykl/\\ykl/\\ykl/"}, {"uid": "57019199", "content": "\\尤卡里/\\尤卡里/\\尤卡里/\\尤卡里/"}, {"uid": "57019199", "content": "\\尤卡里/\\尤卡里/\\尤卡里/\\尤卡里/"}, {"uid": "4006277", "content": "\\ykl/\\ykl/\\ykl/\\ykl/"}, {"uid": "57019199", "content": "\\尤卡里/\\尤卡里/\\尤卡里/\\尤卡里/"}, {"uid": "3159839", "content": "\\ykl/\\ykl/\\ykl/\\ykl/"}, {"uid": "6725754", "content": "\\ykl/\\ykl/\\ykl/"}, {"uid": "54889602", "content": "＼ykl／＼ykl／＼ykl／＼ykl／"}, {"uid": "54889602", "content": "＼ykl／＼ykl／＼ykl／"}, {"uid": "238230197", "content": "\\ykl/\\ykl/\\ykl/\\ykl/"}, {"uid": "471204011", "content": "\\ykl/\\ykl/\\ykl/\\ykl/"}, {"uid": "238230197", "content": "\\ykl/\\ykl/\\ykl/\\ykl/"}, {"uid": "32313592", "content": "\\ykl/\\ykl/\\ykl/"}, {"uid": "57019199", "content": "\\尤卡里/\\尤卡里/\\尤卡里/\\尤卡里/"}, {"uid": "363935885", "content": "\\ykl/\\ykl/\\ykl/"}, {"uid": "238230197", "content": "\\ykl/\\ykl/\\ykl/\\ykl/"}, {"uid": "1837024", "content": "\\ykl/\\ykl/\\ykl/\\ykl/"}, {"uid": "34773574", "content": "\\ ykl/\\ykl/\\ykl/"}, {"uid": "238230197", "content": "\\ykl/\\ykl/\\ykl/\\ykl/"}, {"uid": "54889602", "content": "＼ykl／＼ykl／＼ykl／"}, {"uid": "238230197", "content": "\\ykl/\\ykl/\\ykl/\\ykl/"}, {"uid": "9030736", "content": "\\ ykl /\\ ykl /\\ ykl"}, {"uid": "238230197", "content": "\\ykl/\\ykl/\\ykl/\\ykl/"}, {"uid": "54889602", "content": "＼ykl／＼ykl／＼ykl／＼ykl／"}, {"uid": "3159839", "content": "\\ykl/\\ykl/\\ykl/\\ykl/"}, {"uid": "238230197", "content": "\\ykl/\\ykl/\\ykl/\\ykl/"}, {"uid": "6725754", "content": "\\ykl/\\ykl/\\ykl/"}, {"uid": "3159839", "content": "\\ykl/\\ykl/\\ykl/\\ykl/"}, {"uid": "54889602", "content": "＼ykl／＼ykl／＼ykl／＼ykl／"}, {"uid": "660971", "content": "\\ykl/\\ykl/\\ykl/\\ykl/"}, {"uid": "4006277", "content": "\\ykl/\\ykl/\\ykl/\\ykl/"}, {"uid": "660971", "content": "\\ykl/\\ykl/\\ykl/\\ykl/"}, {"uid": "57019199", "content": "\\尤卡里/\\尤卡里/\\尤卡里/\\尤卡里/"}, {"uid": "57019199", "content": "\\尤卡里/\\尤卡里/\\尤卡里/\\尤卡里/"}, {"uid": "3197853", "content": "\\ykl/\\ykl/\\ykl/\\ykl/\\ykl/\\ykl/"}]