[{"uid": "35568469", "content": "好活"}, {"uid": "35568469", "content": "草，为什么是斗地主"}, {"uid": "243381046", "content": "呜呜呜呜呜呜，一来就要我的钱包哇哇哇哇哇"}, {"uid": "400829971", "content": "哈哈哈"}, {"uid": "400829971", "content": "无法独立直播"}, {"uid": "9639428", "content": "拖延症是人类的本质"}, {"uid": "346174687", "content": "我当，可我在看直播时要是在水群就好了"}, {"uid": "2941201", "content": "PPT配信"}, {"uid": "114964846", "content": "哈哈哈哈"}, {"uid": "114964846", "content": "草哈哈哈"}, {"uid": "113633406", "content": "草！《现学现卖》"}, {"uid": "27179741", "content": "同传罪不至此wwww"}, {"uid": "22679823", "content": "PPT直播 不愧是你"}, {"uid": "15345292", "content": "这是意识流哟（大嘘"}, {"uid": "176770695", "content": "在现场，谢谢大舰（幻听"}, {"uid": "92901099", "content": "龙王爷~收了神通吧~~"}, {"uid": "137263", "content": "龙王系QTB怎么可能跟清楚沾边啊（doge"}, {"uid": "137263", "content": "光速谢罪"}, {"uid": "263581370", "content": "完了，好像不是清楚系的"}, {"uid": "30462482", "content": "尤卡里  永远的神"}, {"uid": "11551432", "content": "我不装了，我当时黄忠鲨疯了"}, {"uid": "30462482", "content": "草"}, {"uid": "30462482", "content": "草"}, {"uid": "3153180", "content": "怪话"}, {"uid": "23001624", "content": "草"}, {"uid": "35343614", "content": "草 这么快就结束了？道歉是要露肚皮的"}, {"uid": "23001624", "content": "???"}, {"uid": "96567562", "content": "你也是替身使者？"}, {"uid": "2955629", "content": "这也太草了"}, {"uid": "23001624", "content": "??"}, {"uid": "1997896", "content": "还有无法独立下播呢"}, {"uid": "68060881", "content": "草"}, {"uid": "573864", "content": "在现场，大家真的在三国杀"}, {"uid": "774664", "content": "无法自己完成直播（"}, {"uid": "774664", "content": "斗地主真实"}, {"uid": "3153180", "content": "定格动画"}, {"uid": "2763024", "content": "草 太会了"}, {"uid": "401593773", "content": "草，在现场，真的在斗地主和三国杀"}, {"uid": "450274", "content": "草 事故不断"}, {"uid": "32862156", "content": "草"}, {"uid": "400829971", "content": "草"}, {"uid": "37051501", "content": "草"}, {"uid": "5752743", "content": "草"}, {"uid": "268266684", "content": "斗地主真实"}, {"uid": "51598972", "content": "怎么这个也谢谢打钱哈哈哈"}, {"uid": "6254315", "content": "原來導遊都在啊"}, {"uid": "2040577", "content": "太草了"}, {"uid": "1522907", "content": "无法独立完成直播"}, {"uid": "13161234", "content": "过于真实"}, {"uid": "22679823", "content": "太草了"}, {"uid": "22679823", "content": "草"}, {"uid": "774664", "content": "草 三国杀了"}, {"uid": "774664", "content": "草"}, {"uid": "3153180", "content": "这个表情"}, {"uid": "6027937", "content": "剪辑man狂喜（"}, {"uid": "512476", "content": "斗地主草"}, {"uid": "945802", "content": "草"}, {"uid": "96567562", "content": "双 重 人 格"}, {"uid": "1522907", "content": "三国杀wwwwwwwwww"}, {"uid": "573864", "content": "无法独立完成直播"}, {"uid": "2955629", "content": "草，生了出来"}, {"uid": "1997896", "content": "草"}, {"uid": "400829971", "content": "草"}, {"uid": "20353893", "content": "哈哈哈哈"}, {"uid": "20353893", "content": "草"}, {"uid": "346174687", "content": "还是沙雕网友"}, {"uid": "2941201", "content": "好活！"}, {"uid": "114964846", "content": "好活"}, {"uid": "348904194", "content": "草www"}, {"uid": "945802", "content": "别D了，快回来！"}, {"uid": "30462482", "content": "弱pc"}, {"uid": "12343804", "content": "草"}, {"uid": "3992443", "content": "哈哈哈哈哈"}, {"uid": "35715888", "content": "草"}, {"uid": "121212", "content": "草"}, {"uid": "400829971", "content": "草"}, {"uid": "503894", "content": "哈哈哈哈哈哈哈"}, {"uid": "15142287", "content": "孙一峰中之人石锤"}, {"uid": "278777", "content": "草"}, {"uid": "20560762", "content": "太惨了"}, {"uid": "31571330", "content": "草"}, {"uid": "91560428", "content": "哈哈哈哈"}, {"uid": "12754387", "content": "草草草"}, {"uid": "12754387", "content": "草"}, {"uid": "20353893", "content": "草"}, {"uid": "27179741", "content": "草"}, {"uid": "202517", "content": "谢谢打钱很清楚"}, {"uid": "44127617", "content": "草"}, {"uid": "15436414", "content": "草"}, {"uid": "3153180", "content": "草"}, {"uid": "2941201", "content": "南蛮入侵"}, {"uid": "265960694", "content": "草"}, {"uid": "1743763", "content": "草"}, {"uid": "17177902", "content": "。。。。"}, {"uid": "27179741", "content": "草"}]