[{"uid": "36308110", "content": "私の狗头【doge】，見で"}, {"uid": "263259", "content": "草，吓到放歌"}, {"uid": "263259", "content": "开水沸了"}, {"uid": "694492738", "content": "草"}, {"uid": "435380164", "content": "哈哈哈，壮胆"}, {"uid": "86887969", "content": "这个BGM太草了"}, {"uid": "456968472", "content": "哈哈哈哈哈哈哈 yyut"}, {"uid": "456968472", "content": "救命 太好笑了"}, {"uid": "456968472", "content": "哈哈哈哈哈哈哈"}, {"uid": "256255183", "content": "不要男妈妈"}, {"uid": "55950", "content": "妹啊这才开始啊"}, {"uid": "55950", "content": "寂静岭bgm"}, {"uid": "209022896", "content": "ykl一共就撑了三天然后就玩不下去了"}, {"uid": "209022896", "content": "重点是不是游戏在吓ykl，而是ykl在吓ykl自己"}, {"uid": "86302227", "content": "要明白了，请给我钱"}, {"uid": "85908627", "content": "ykl疯了（bushi）"}, {"uid": "85908627", "content": "非静止画面"}, {"uid": "85908627", "content": "来首好运来啊"}, {"uid": "85908627", "content": "草"}, {"uid": "21198922", "content": "宕机了"}, {"uid": "21198922", "content": "牡蛎牡蛎牡蛎牡蛎牡蛎牡蛎"}, {"uid": "21198922", "content": "wwwwwww"}, {"uid": "286230", "content": "遊戲音樂不會關可還行...( ＿ ＿)ノ｜"}, {"uid": "100695733", "content": "牙白连发"}, {"uid": "1043064859", "content": "？？？？"}, {"uid": "244418948", "content": "？？？？？"}, {"uid": "91701361", "content": "吓疯了？"}, {"uid": "91701361", "content": "xswl"}, {"uid": "91701361", "content": "草"}, {"uid": "21609704", "content": "更诡异了"}, {"uid": "6793712", "content": "这小表情太丰富了"}, {"uid": "9643544", "content": "明抢"}, {"uid": "9643544", "content": "男妈妈不请自来"}, {"uid": "437944019", "content": "都快吓出屏幕了"}, {"uid": "291862", "content": "恐怖游戏臭起来了"}, {"uid": "3652858", "content": "谢谢你，yyut"}, {"uid": "287912140", "content": "可爱"}, {"uid": "10093770", "content": "草"}, {"uid": "22534652", "content": "ykl被吓飞了"}, {"uid": "10093770", "content": "明示"}, {"uid": "169538824", "content": "看镜子"}, {"uid": "359066567", "content": "草"}, {"uid": "398114198", "content": "看起来很害怕"}, {"uid": "496700788", "content": "感觉有点像土豆雷"}, {"uid": "50571240", "content": "多来点多来点"}, {"uid": "17667387", "content": "草"}, {"uid": "27179741", "content": "？？？"}, {"uid": "110341899", "content": "哈哈哈哈"}, {"uid": "1437754", "content": "首尾呼应，好视频！"}, {"uid": "82114717", "content": "回家了"}, {"uid": "27179741", "content": "饶舌女王属于是"}, {"uid": "3885523", "content": "草"}, {"uid": "245096746", "content": "哦吼，看到我字了"}, {"uid": "694492738", "content": "妹儿啊这才第一天"}, {"uid": "694492738", "content": "草"}, {"uid": "1437754", "content": "吓飞了哈哈哈"}, {"uid": "694492738", "content": "明    示"}, {"uid": "179162519", "content": "可爱可爱"}, {"uid": "934786", "content": "不要男妈妈"}, {"uid": "91701361", "content": "明抢了"}, {"uid": "6863655", "content": "妈妈在"}, {"uid": "363935885", "content": "明显是这个ykl更恐怖好吧"}, {"uid": "3885523", "content": "开幕雷击"}, {"uid": "40794632", "content": "草"}, {"uid": "9578374", "content": "不怕"}, {"uid": "3652858", "content": "屑"}, {"uid": "110341899", "content": "哈哈哈哈"}, {"uid": "694492738", "content": "四分钟，热乎"}, {"uid": "496738809", "content": "ykl不怕，妈妈在"}, {"uid": "2941201", "content": "害怕"}, {"uid": "304633883", "content": "yyut"}]