[{"uid": "339023852", "content": "草 好屑的表情"}, {"uid": "94175808", "content": "噗哈哈哈哈哈"}, {"uid": "94175808", "content": "晚哥搁那薅头发呢？"}, {"uid": "94175808", "content": "晚晚简直就像个战神一样"}, {"uid": "94175808", "content": "噗哈哈哈哈哈哈"}, {"uid": "544024095", "content": "猫:过分了，人类"}, {"uid": "12632879", "content": "给我康康"}, {"uid": "216178994", "content": "我一定要打的你喵喵叫"}, {"uid": "216178994", "content": "哈哈哈哈"}]