[{"uid": "350967013", "content": "血亏"}, {"uid": "350967013", "content": "哈哈哈哈哈"}, {"uid": "350967013", "content": "哈哈哈哈哈"}, {"uid": "24730075", "content": "哈哈哈哈哈"}, {"uid": "13237250", "content": "很抱歉以这种方式认识你"}, {"uid": "233595768", "content": "哈哈哈哈哈哈哈哈哈哈哈哈"}, {"uid": "354879894", "content": "太傻了23333333"}, {"uid": "354879894", "content": "还好没买什么奇怪的东西"}, {"uid": "87755630", "content": "顺丰的话改不了。。。其他快递可以"}, {"uid": "514380988", "content": "初见，笨比，d了"}, {"uid": "21152328", "content": "晚点说是不是可以毛更多？"}, {"uid": "17424558", "content": "直接转寄。"}, {"uid": "14367824", "content": "红红火火恍恍惚惚"}, {"uid": "3073451", "content": "有考虑过加入psp吗"}, {"uid": "161696337", "content": "i"}, {"uid": "185872154", "content": "拦截地址草"}, {"uid": "16104954", "content": "属实是有点笨比了（乐"}, {"uid": "697652272", "content": "弹幕说可以改地址的，两家都问过客服的，一家说太贵了。一家直接说不行。加起来就一百多块！我也没真的这么小气啦！"}, {"uid": "586516", "content": "可以拦截"}, {"uid": "4320814", "content": "心肺骤停"}, {"uid": "7172219", "content": "快递可以中途改地址的"}, {"uid": "32250348", "content": "草"}, {"uid": "266668722", "content": "？？？"}, {"uid": "695067", "content": "笨比"}]