[{"uid": "103212335", "content": "逐渐暴躁"}, {"uid": "8432456", "content": "《软硬兼施》"}, {"uid": "8432456", "content": "硬的"}, {"uid": "11108744", "content": "素质vup，爱了爱了"}, {"uid": "434577205", "content": "音乐结束了，但是战斗还没有结束"}, {"uid": "241367700", "content": "啊，这就妥协啦 "}, {"uid": "7438473", "content": "kksk"}, {"uid": "426290510", "content": "《吻我的嘴巴》"}, {"uid": "12502005", "content": "草"}, {"uid": "23628922", "content": "奇怪的要求"}, {"uid": "20622448", "content": "拔牙确实疼"}, {"uid": "18691128", "content": "喵喵喵"}, {"uid": "275237130", "content": "开始退化"}, {"uid": "275237130", "content": "貌似听到了猫叫"}, {"uid": "184988682", "content": "不行快笑抽了"}, {"uid": "1915239", "content": "怒气值100%"}, {"uid": "35217290", "content": "首页通知书"}, {"uid": "404332204", "content": "感觉这背景音乐怪称的"}, {"uid": "160416859", "content": "开始抽象"}, {"uid": "160416859", "content": "哈哈哈哈哈"}, {"uid": "160416859", "content": "？"}, {"uid": "355205220", "content": "前提是母猫带大的猫崽子"}, {"uid": "519907810", "content": "求生欲极强"}, {"uid": "6298089", "content": "笑死了"}, {"uid": "8337878", "content": "心力憔悴"}, {"uid": "432346544", "content": "大战开始"}, {"uid": "432346544", "content": "只有一部分有用"}, {"uid": "432346544", "content": "龙门出口"}, {"uid": "432346544", "content": "这"}, {"uid": "432346544", "content": "？？？"}, {"uid": "384070668", "content": "？"}, {"uid": "7578894", "content": "没被妈妈教育过的猫"}, {"uid": "396022807", "content": "好强好强"}, {"uid": "441112808", "content": "说我呢说我呢"}]