[{"uid": "35236311", "content": "二小姐"}, {"uid": "671333910", "content": "      危"}, {"uid": "291869607", "content": "因为不涩所以很涩（"}, {"uid": "426290510", "content": "懂了懂了高脚凳"}, {"uid": "3989219", "content": "草"}, {"uid": "22605342", "content": "水星好评！"}, {"uid": "3837847", "content": "《简直波涛汹涌》"}, {"uid": "289672315", "content": "拿个尺子比下来胸比腰窄"}, {"uid": "95515693", "content": "物种变了。。。"}, {"uid": "87986420", "content": "是人类吗"}, {"uid": "2871425", "content": "好色哦 指颜裙子的颜色"}, {"uid": "36887429", "content": "这是圆锥"}, {"uid": "401520853", "content": "晴天娃娃"}, {"uid": "235617022", "content": "阴谋"}, {"uid": "244379745", "content": "很抱歉用这种方式认识你"}, {"uid": "363742412", "content": "上 吊"}, {"uid": "1366614392", "content": "学废了学费了"}, {"uid": "678758362", "content": "危"}, {"uid": "678758362", "content": "危"}, {"uid": "473169968", "content": "声音有点像咩栗？"}, {"uid": "171319685", "content": "不要了被别人检走了"}, {"uid": "5595477", "content": "硬生生砸下来"}, {"uid": "29657893", "content": "学会了学会了"}, {"uid": "146962274", "content": "击落目标？"}, {"uid": "22990383", "content": "你这身      板还不如穿个背心"}, {"uid": "13777392", "content": "你这也晃不动啊…"}, {"uid": "494588153", "content": "四声道"}, {"uid": "15096515", "content": "可爱(๑• . •๑)"}, {"uid": "313524828", "content": "好家伙，给我来个特写"}, {"uid": "496948768", "content": "哈哈哈"}, {"uid": "408467088", "content": "prprpr"}, {"uid": "39606006", "content": "南瓜裤天下第一! ! !"}, {"uid": "177396199", "content": "这难道不涩嘛？！"}, {"uid": "11136710", "content": "这都能涩的吗"}, {"uid": "10969426", "content": "拉拉肥这不是("}, {"uid": "77327974", "content": "哈哈哈哈"}, {"uid": "94623694", "content": "哈哈哈哈哈哈哈"}, {"uid": "23421600", "content": "声音耳熟。。。。。"}, {"uid": "225094024", "content": "为什么看上去像蹄子"}, {"uid": "291754", "content": "四只耳朵"}, {"uid": "454433905", "content": "有趣"}, {"uid": "3885523", "content": "来了来了来了"}, {"uid": "14067075", "content": "早穗被打飞在天花板，下不来了"}, {"uid": "235617022", "content": "哈哈哈哈"}, {"uid": "176914844", "content": "叉出去"}, {"uid": "25624893", "content": "咩"}, {"uid": "178348726", "content": "？"}, {"uid": "27182312", "content": "好活"}]