[{"uid": "15036510", "content": "推了推了"}, {"uid": "15036510", "content": "牛牛好可爱"}, {"uid": "301476352", "content": "你也是牛宝？（指Nuguri"}, {"uid": "321424149", "content": "简约线条"}, {"uid": "20158300", "content": "宝贝可爱可爱"}, {"uid": "10844637", "content": "好的牛战士"}, {"uid": "10844637", "content": "草"}, {"uid": "5319979", "content": "嗯唱"}, {"uid": "695226", "content": "初见 可爱 单推了"}, {"uid": "359570", "content": "卡哇伊捏"}, {"uid": "689686", "content": "太清楚了 就是不知道能保持多久"}, {"uid": "511538421", "content": "好的牛头人"}, {"uid": "450274", "content": "草"}, {"uid": "11342801", "content": "哈哈哈哈，塔宝"}, {"uid": "295561747", "content": "好耶"}, {"uid": "2771461", "content": "草"}, {"uid": "1570297", "content": "草"}, {"uid": "1744521", "content": "可爱"}, {"uid": "29832945", "content": "来了来了"}, {"uid": "25955534", "content": "好的牛战士"}, {"uid": "689686", "content": "牛宝能不能听口胡的那一版ww"}, {"uid": "4132126", "content": "草哈哈哈"}, {"uid": "88764921", "content": "知道了，牛头人"}, {"uid": "6045109", "content": "哈哈哈哈哈哈"}, {"uid": "29832945", "content": "可爱单推了"}, {"uid": "644996124", "content": "哈哈哈哈哈"}, {"uid": "2345310", "content": "你竟然喜欢牛头人？"}, {"uid": "4718716", "content": "牛战士！"}, {"uid": "586876646", "content": "草"}, {"uid": "586876646", "content": "这就是牛头人吗"}, {"uid": "586876646", "content": "哈哈哈哈哈"}, {"uid": "319763164", "content": "草"}, {"uid": "8319498", "content": "好的牛战士"}, {"uid": "587084", "content": "草"}, {"uid": "3828595", "content": "好耶"}, {"uid": "359570", "content": "草"}, {"uid": "109193462", "content": "草"}, {"uid": "40668023", "content": "好的！牛头人！"}, {"uid": "2957060", "content": "牛头人！"}, {"uid": "29832945", "content": "好傻"}, {"uid": "4700420", "content": "好的，牛头人"}, {"uid": "6339682", "content": "笙歌！"}]