[{"uid": "51364855", "content": "亲妈"}, {"uid": "51364855", "content": "哈哈哈哈哈"}, {"uid": "51364855", "content": "喂"}, {"uid": "51364855", "content": "男妈妈来了"}, {"uid": "1170862", "content": "你看她笑得多开心啊"}, {"uid": "4768396", "content": "真实"}, {"uid": "10352806", "content": "不如跳舞"}, {"uid": "7300986", "content": "笑死"}, {"uid": "1987298", "content": "等下再回家跟你说哦"}, {"uid": "382278355", "content": "蚌埠住了"}, {"uid": "1659795617", "content": "哈哈哈哈哈哈"}, {"uid": "5319979", "content": "哈哈哈哈"}, {"uid": "2957060", "content": "哈哈哈哈哈哈哈"}, {"uid": "174975895", "content": "？"}]