[{"uid": "51364855", "content": "哞哞!哞哞!"}, {"uid": "677996001", "content": "可可爱爱的牛牛"}, {"uid": "586876646", "content": "祝大家520快乐,祝牛牛每天开心！"}, {"uid": "586876646", "content": "牛牛好诶！"}, {"uid": "319763164", "content": "好听捏"}, {"uid": "113855638", "content": "牛蛙"}, {"uid": "20158300", "content": "好听好听好听好听好听"}, {"uid": "203173567", "content": "好耶"}, {"uid": "21447711", "content": "＼哞哞/＼哞哞/＼哞哞/＼哞哞/＼哞哞/"}]