[{"uid": "39994575", "content": "好听"}, {"uid": "8031692", "content": "行标准啊，强强"}, {"uid": "39436020", "content": "果然r还是念不出来"}, {"uid": "71545650", "content": "啊啊啊啊啊饼饼！！！"}, {"uid": "484745354", "content": "suki"}, {"uid": "81614539", "content": "好听耶！"}, {"uid": "72072555", "content": "棒棒棒"}, {"uid": "179162519", "content": "好听好听≧∇≦"}, {"uid": "348005", "content": "饼饼唱歌真棒！最喜欢了！"}, {"uid": "32907837", "content": "饼饼真可爱"}, {"uid": "51021061", "content": "加油"}]