[{"uid": "194821964", "content": "哈哈哈哈"}, {"uid": "36571667", "content": "牙白哟"}, {"uid": "950739", "content": "wwwwww"}, {"uid": "8727199", "content": "危"}, {"uid": "568252964", "content": "魔女狩りが始まってしまうw"}, {"uid": "388280251", "content": "我怕有牲口炫耀女朋友给DD一个暴击（"}, {"uid": "16953187", "content": "hahahah"}, {"uid": "55950", "content": "拍完骑熊猫照，还附赠一张入狱照"}, {"uid": "55950", "content": "宝物，指HOP？"}, {"uid": "2386943", "content": "人均蚩尤"}, {"uid": "354112", "content": "擅长说中文可以吗"}, {"uid": "10166206", "content": "能正经e出来了吗"}]