[{"uid": "407438275", "content": "草"}, {"uid": "40606970", "content": "吃了摩托车了"}, {"uid": "179162519", "content": "可爱可爱"}, {"uid": "22503094", "content": "又疯了一个"}, {"uid": "167243265", "content": "草"}, {"uid": "2651859", "content": "找个水友语音教"}, {"uid": "2651859", "content": "不是抵住牙齿，是抵住上腭"}, {"uid": "2651859", "content": "草"}, {"uid": "10166206", "content": "前鼻音鼻音很轻，后鼻音毕竟比较重"}, {"uid": "10166206", "content": "e出来了"}]