[{"uid": "895261", "content": "饼饼可爱"}, {"uid": "22965915", "content": "哭酱…"}, {"uid": "290356900", "content": "没事这英文很简单看的懂"}, {"uid": "12343804", "content": "早就刻在DNA里了"}, {"uid": "10459067", "content": "好清楚的孩子"}, {"uid": "19267349", "content": "你看她现在笑的多开心"}, {"uid": "434944472", "content": "你好陌生人，我爱你"}, {"uid": "211098869", "content": "字幕组太强了"}, {"uid": "24871527", "content": "草"}, {"uid": "179162519", "content": "可爱"}, {"uid": "179162519", "content": "好可爱"}, {"uid": "71545650", "content": "谢谢你，狗子"}, {"uid": "13182695", "content": "国外不压榨人的我笑了，真还有美狗"}, {"uid": "162704436", "content": "wwwww"}, {"uid": "248829272", "content": "破防了"}, {"uid": "71545650", "content": "IDEA，我麻了"}, {"uid": "39436020", "content": "九分钟"}]