[{"uid": "16953187", "content": "草，在国服玩"}, {"uid": "23372569", "content": "别A"}, {"uid": "3970880", "content": "高血压发作了"}, {"uid": "43584977", "content": "你的e没伤害"}, {"uid": "43584977", "content": "然而那是Q"}, {"uid": "71545650", "content": "血压已经开始高了"}, {"uid": "8473629", "content": "我要笑死了"}, {"uid": "52433747", "content": "血压上涨"}, {"uid": "446654", "content": "索拉卡：我不学Q了"}, {"uid": "30254330", "content": "草"}, {"uid": "179162519", "content": "可爱可爱≧∇≦"}, {"uid": "57589479", "content": "好补"}]