[{"uid": "5612900", "content": "草，好真实的愿望（"}, {"uid": "16662676", "content": "比博燃"}, {"uid": "22651085", "content": "这是在结义吗？"}, {"uid": "123391026", "content": "等 错 了"}, {"uid": "123391026", "content": "要来了？"}, {"uid": "6027937", "content": "哈哈哈哈哈哈"}, {"uid": "2957060", "content": "哈哈哈哈哈笑死"}, {"uid": "2957060", "content": "好真实哈哈哈哈"}, {"uid": "2102686", "content": "草草草草"}, {"uid": "112776970", "content": "哈哈哈哈一猜就是，bgm也会是团长的歌哈哈哈哈"}, {"uid": "112776970", "content": "这也太卑微了吧2333"}, {"uid": "179162519", "content": "可爱"}, {"uid": "38872869", "content": "草"}, {"uid": "1864875", "content": "恭喜这位dd和桃子结婚"}, {"uid": "1864875", "content": "惨"}, {"uid": "20901496", "content": "hhhhhh"}, {"uid": "45327048", "content": "草"}, {"uid": "4517110", "content": "hhhhhh"}, {"uid": "75965307", "content": "hhhh"}, {"uid": "236494", "content": "流れが変わった？？？？"}, {"uid": "81537420", "content": "草"}, {"uid": "896694", "content": "wwwww"}, {"uid": "62235387", "content": "好现实的愿望www"}, {"uid": "12776380", "content": "ん？"}, {"uid": "3885523", "content": "Ｏ(≧▽≦)Ｏ "}]