[{"uid": "500458873", "content": "草"}, {"uid": "5914348", "content": "《 蒙 古 呼 麦 》"}, {"uid": "241778836", "content": "多落！！！"}, {"uid": "32025023", "content": "概率是一样的"}, {"uid": "87998283", "content": "右下角的up好可爱(｡>∀<｡)"}, {"uid": "22069048", "content": "玄不救非，氪不改命"}, {"uid": "673544394", "content": "能随机抽出来"}, {"uid": "7554731", "content": "脸好黑"}, {"uid": "5376230", "content": "up说话好逗啊"}, {"uid": "5376230", "content": "自带背景音乐"}, {"uid": "289031409", "content": "哈哈哈哈"}, {"uid": "660705926", "content": "在现场，池子水太深了"}, {"uid": "68326", "content": "wwwww"}, {"uid": "68326", "content": "不能（确信）"}, {"uid": "25515876", "content": "快打救护车"}, {"uid": "25515876", "content": "你看她眨巴眨巴眼的样子，是不是高兴的要哭勒"}, {"uid": "17988864", "content": "啊？"}, {"uid": "179162519", "content": "可爱可爱"}, {"uid": "1538073510", "content": "开个弹幕证明你没卡"}, {"uid": "421423088", "content": "2333333"}, {"uid": "421423088", "content": "就是这啊啊啊啊啊"}, {"uid": "421423088", "content": "换左边的啊啊啊！"}, {"uid": "421423088", "content": "不要啊"}, {"uid": "24425071", "content": "抬走抬走"}, {"uid": "29765743", "content": "偷偷放起了bgm"}, {"uid": "29765743", "content": "可爱"}, {"uid": "29765743", "content": "oh,no"}, {"uid": "29765743", "content": "啊"}, {"uid": "249370049", "content": "呼吸机"}, {"uid": "1924603", "content": "bgm骤停"}, {"uid": "1924603", "content": "意识到事情不太对"}, {"uid": "1924603", "content": "oh no"}, {"uid": "803900", "content": "哈哈哈，可爱"}, {"uid": "419057702", "content": "企图玄学"}, {"uid": "345253576", "content": "心脏骤停"}, {"uid": "345253576", "content": "我上电视了"}, {"uid": "3976916", "content": "这声啊也太憨了"}, {"uid": "941360", "content": "？？"}, {"uid": "95843839", "content": "完了，这孩子魔怔了"}, {"uid": "67102378", "content": "非静止画面(草)"}, {"uid": "11325104", "content": "豪迈的笑声23333"}, {"uid": "35516615", "content": "哈哈哈哈哈"}, {"uid": "22244376", "content": "生气了吗"}, {"uid": "259327", "content": "被鬼神吞没"}, {"uid": "259327", "content": "震惊"}, {"uid": "5437607", "content": "哈哈哈啊哈哈"}, {"uid": "568252964", "content": "wwwwwwwww"}, {"uid": "5437607", "content": "饼饼最近这游戏玩上头了"}, {"uid": "233562376", "content": "神明大人没听到，，，，"}, {"uid": "233562376", "content": "哈哈哈"}, {"uid": "2091174", "content": "开头suki"}, {"uid": "40533479", "content": "啊？"}, {"uid": "22289390", "content": "为啥抽常驻池啊"}, {"uid": "290356900", "content": "？？？？"}, {"uid": "95704", "content": "啊？"}, {"uid": "11083062", "content": "wwww"}, {"uid": "673544394", "content": "冲呀5星金色传说"}, {"uid": "421423088", "content": "送的吧，应该没用原石"}, {"uid": "5437607", "content": "芜湖。热乎"}, {"uid": "297439757", "content": "单抽是坏文明，要抽就十连啊"}, {"uid": "11083062", "content": "餅餠你动一动啊"}, {"uid": "17988864", "content": "不能"}, {"uid": "3398333", "content": "=。="}, {"uid": "11083062", "content": "www"}, {"uid": "111631820", "content": "失去梦想"}]