[{"uid": "259327", "content": "哈哈"}, {"uid": "261345730", "content": "???"}, {"uid": "51800963", "content": "真有你的"}, {"uid": "179162519", "content": "太可爱了"}, {"uid": "124402754", "content": "草"}, {"uid": "95843839", "content": "这不去黄金屋庆生"}, {"uid": "14983365", "content": "屑饼饼"}, {"uid": "2957060", "content": "哈哈哈哈哈哈"}, {"uid": "774664", "content": "草"}, {"uid": "23318791", "content": "草"}, {"uid": "1406229946", "content": "好可爱"}, {"uid": "599195700", "content": "4分钟"}]