[{"uid": "4045162", "content": "懂了，恐怖游戏"}, {"uid": "13358463", "content": "可爱可爱"}, {"uid": "11621158", "content": "是个debu啊草（"}, {"uid": "178645", "content": "以上就是饼饼结了"}, {"uid": "178645", "content": "总之每天都开开心心"}, {"uid": "178645", "content": "这件蓬蓬松松的居家服"}, {"uid": "178645", "content": "其实衣服除了这一件以外还有几件"}, {"uid": "178645", "content": "其实衣服除了这一件以外还有几件"}, {"uid": "178645", "content": "然后我虽然现在是超级音痴"}, {"uid": "178645", "content": "这两个平台为主"}, {"uid": "178645", "content": "在下饼饼结！"}, {"uid": "178645", "content": "不过 希望把这份活泼传递给大家"}, {"uid": "178645", "content": "过度积极 过度主动"}, {"uid": "178645", "content": "只要是金黄色的油炸食物"}, {"uid": "178645", "content": "饺子 猪扒 拉面 披萨 炸鸡 春卷 咖喱 土豆"}, {"uid": "178645", "content": "动作 冒险"}, {"uid": "178645", "content": "吃饭这两件事"}, {"uid": "35105721", "content": "可爱"}, {"uid": "13313738", "content": "这句话怎么有点大阪味儿啊"}, {"uid": "3850842", "content": "懂了，这就去准备恐怖游戏"}, {"uid": "2155264", "content": "喜欢做的事情是打游戏和吃饭这两件"}, {"uid": "1412584", "content": "草，又是个学习导师的"}, {"uid": "1412584", "content": "热 量 炸 弹"}, {"uid": "433321139", "content": "懂了，以后起哄恐怖游戏"}, {"uid": "266687913", "content": "敬佩，加油"}, {"uid": "454835467", "content": "初见可爱，结婚合葬，bili欢迎你"}, {"uid": "454835467", "content": "初见，可爱，恋爱，结婚，合葬。bilibili新vtuber流程"}, {"uid": "178645", "content": "今后的活动也会根据自己的节奏"}, {"uid": "178645", "content": "活动内容的话"}, {"uid": "178645", "content": "希望通过挥舞手上的绒球"}, {"uid": "178645", "content": "简直就像是 V圈里的松岗修造一样"}, {"uid": "178645", "content": "最喜欢的食物是"}, {"uid": "178645", "content": "叫做饼饼结"}, {"uid": "400145985", "content": "音乐节奏游戏吧…"}, {"uid": "934786", "content": "没关系，l2d不会胖（"}, {"uid": "164437443", "content": "这事debu啊！"}, {"uid": "3672799", "content": "近视眼表示，第一眼还以为是小撒"}, {"uid": "52453166", "content": "懂了，恐怖游戏必不可避"}, {"uid": "13358463", "content": "〃∀〃"}, {"uid": "178645", "content": "总之有好几种"}, {"uid": "178645", "content": "比如这样的 土豆T恤"}, {"uid": "178645", "content": "能让世界上的大家都变得开心阳光精精神神"}, {"uid": "178645", "content": "还会有点过度热血"}, {"uid": "178645", "content": "就只有非常不擅长玩恐怖游戏这一点了吧"}, {"uid": "178645", "content": "moba 音游"}, {"uid": "178645", "content": "大家好"}, {"uid": "4920126", "content": "suki maji 餅餅=びんびん（发音） 大概 kawaii发音"}, {"uid": "2155264", "content": "叫作餅餅結"}, {"uid": "2519805", "content": "高热量警告！"}, {"uid": "2144302", "content": "松冈修造大先辈？老nico民了"}, {"uid": "3844363", "content": "松冈修造"}, {"uid": "178645", "content": "谢谢你看到最后"}, {"uid": "178645", "content": "也想试一下直播唱歌"}, {"uid": "178645", "content": "有时候也想做一下料理直播"}, {"uid": "178645", "content": "大家好！我是饼饼结"}, {"uid": "178645", "content": "可能我就都很喜欢"}, {"uid": "178645", "content": "非要说的话"}, {"uid": "178645", "content": "列出来讲的话可能数都都数不清"}, {"uid": "178645", "content": "喜欢的游戏种类从RPG到FPS"}, {"uid": "178645", "content": "喜欢的东西是玩游戏和"}, {"uid": "179162519", "content": "可爱！！"}, {"uid": "400145985", "content": "自己…"}, {"uid": "30798", "content": "这胸可不幼啊…"}, {"uid": "90200510", "content": "先关注一波了"}, {"uid": "92901099", "content": "听说这位很勇哦"}, {"uid": "144709683", "content": "这也太幼了吧！！！！"}, {"uid": "4045162", "content": "太勇了"}, {"uid": "178645", "content": "我全部都喜欢"}, {"uid": "300045492", "content": "行动可还行"}, {"uid": "3465752", "content": "好幼的皮"}, {"uid": "5261058", "content": "ビリビリによこそう、ここで楽しく配信活動にできますように頑張ろう"}, {"uid": "2155264", "content": "新人Vtuber"}, {"uid": "2519805", "content": "可爱"}, {"uid": "52453166", "content": "草，又是修造，难道你也有吊图一堆？"}, {"uid": "52453166", "content": "你必debu→_→"}, {"uid": "388280251", "content": "我也喜欢啊！"}, {"uid": "435869500", "content": "好耶"}, {"uid": "178645", "content": "悠闲 愉快 精神 地努力"}, {"uid": "178645", "content": "比如这样的 土豆T恤"}, {"uid": "178645", "content": "我是新人V"}, {"uid": "807315", "content": "这太小了吧……"}, {"uid": "2438646", "content": "啦啦队"}, {"uid": "2644474", "content": "懂了 港诡实录"}, {"uid": "23561820", "content": "来了"}, {"uid": "90414256", "content": "和我一样"}, {"uid": "6760836", "content": "baby face"}, {"uid": "366431509", "content": "我也是单推人！"}, {"uid": "338898908", "content": "我是单推人！"}, {"uid": "11091551", "content": "珍しい"}, {"uid": "2694032", "content": "可爱"}, {"uid": "4045162", "content": "你有啥不喜欢的"}, {"uid": "18132528", "content": "debu？"}, {"uid": "178645", "content": "可以的话大家要支持我哦"}, {"uid": "178645", "content": "但是在唱歌方面加以练习之后"}, {"uid": "178645", "content": "想着直播游戏或者杂谈"}, {"uid": "178645", "content": "怎么说呢"}, {"uid": "178645", "content": "喜欢的食物吧"}, {"uid": "178645", "content": "非要说的话"}, {"uid": "20821982", "content": "好耶！！！！！"}, {"uid": "2438646", "content": "fps！"}, {"uid": "39126077", "content": "完了又是大米型vtb"}, {"uid": "23467724", "content": "可爱"}, {"uid": "14166175", "content": "草"}, {"uid": "872047", "content": "小姐姐加油！"}, {"uid": "366431509", "content": "松岗？"}, {"uid": "273454901", "content": "草"}, {"uid": "3885523", "content": "欢迎！Ｏ(≧▽≦)Ｏ "}, {"uid": "178645", "content": "初次见面"}, {"uid": "179162519", "content": "可爱"}, {"uid": "354293575", "content": "是debu呢"}, {"uid": "36077319", "content": "哈哈哈"}, {"uid": "615353", "content": "草"}, {"uid": "23467724", "content": "可爱"}, {"uid": "3005341", "content": "加油！"}, {"uid": "27643117", "content": "噢懂了"}, {"uid": "33549", "content": "草"}, {"uid": "872047", "content": "啦啦队的吃这么多油腻的东西真的好么（很好"}, {"uid": "13358463", "content": "耶耶耶"}, {"uid": "8367382", "content": "debu"}, {"uid": "104353618", "content": "诶？没有字幕组吗"}, {"uid": "517585", "content": "草。"}, {"uid": "2486997", "content": "厉害"}, {"uid": "2967569", "content": "DEBU確定"}, {"uid": "47491", "content": "好耶"}, {"uid": "102587849", "content": "松冈草"}, {"uid": "885053", "content": "考虑下寂静岭?"}, {"uid": "2677841", "content": "你也是KKR？"}, {"uid": "3465752", "content": "这个好"}, {"uid": "23001624", "content": "是debu"}, {"uid": "48736859", "content": "我是dd"}, {"uid": "9643544", "content": "热量爆炸"}, {"uid": "127876", "content": "草"}, {"uid": "23001624", "content": "欢迎"}, {"uid": "52453166", "content": "草"}, {"uid": "273454901", "content": "是debu"}]