[{"uid": "94128501", "content": "卡哇伊ฅฅ*"}, {"uid": "211098869", "content": "真爆炸输出"}, {"uid": "5437607", "content": "后期干活了"}, {"uid": "22916140", "content": "简简单单抓波下"}, {"uid": "16424312", "content": "爆炸输出饼饼！"}, {"uid": "16424312", "content": "好可爱啊"}, {"uid": "3970880", "content": "真正的爆炸输出"}, {"uid": "17443654", "content": "哈哈哈哈哈哈哈哈"}, {"uid": "354112", "content": "草"}, {"uid": "179162519", "content": "好可爱哈哈哈哈"}, {"uid": "179162519", "content": "太可爱了！！"}, {"uid": "179162519", "content": "可爱可爱！！"}, {"uid": "15404302", "content": "哈哈哈哈哈哈"}, {"uid": "15404302", "content": "好大"}, {"uid": "44360", "content": "草这被动打了快三分之一"}, {"uid": "22798829", "content": "草"}, {"uid": "28464584", "content": "爆炸输出原来是这个意思啊"}, {"uid": "31822339", "content": "是爆炸饼哒！"}, {"uid": "568252964", "content": "www"}, {"uid": "9063998", "content": "草哈哈哈哈为什么这么可爱"}, {"uid": "430604958", "content": "爆饼哒"}, {"uid": "351255394", "content": "可爱"}, {"uid": "568252964", "content": "なんだよ可愛いなぁ"}]