[{"uid": "10459067", "content": "哥哥，姐姐，弟弟，妹妹都有啊，好热闹额的感觉"}, {"uid": "2232854", "content": "傲娇代表台词"}, {"uid": "391248336", "content": "姐姐太抠了吧"}, {"uid": "24871527", "content": "草经典"}, {"uid": "2091174", "content": "姐姐太可爱了"}, {"uid": "2091174", "content": "可爱"}, {"uid": "2091174", "content": "老傲娇了"}, {"uid": "38028720", "content": "这不就是傲娇吗"}, {"uid": "25392714", "content": "好姐姐啊"}, {"uid": "267625153", "content": "www"}, {"uid": "179162519", "content": "太可爱了"}]