[{"uid": "76812626", "content": "俩币讲究"}, {"uid": "244118212", "content": "草"}, {"uid": "490351655", "content": "我已经开始笑了"}, {"uid": "22965915", "content": "三年，动漫，穿模wwwww"}, {"uid": "687224062", "content": "想到了，但没有完全想到"}, {"uid": "687224062", "content": "c"}, {"uid": "64911745", "content": "嘻嘻嘻嘻嘻"}, {"uid": "9665103", "content": "起码人比之前多了"}, {"uid": "429936268", "content": "贾玲？"}, {"uid": "429936268", "content": "贾玲？？"}, {"uid": "194821964", "content": "草"}, {"uid": "702466514", "content": "草面筋"}, {"uid": "702466514", "content": "笑尿了"}, {"uid": "702466514", "content": "草"}, {"uid": "1279205", "content": "草"}, {"uid": "2319500", "content": "笑尿居然是真实存在的"}, {"uid": "2319500", "content": "草，黑桃q"}, {"uid": "11160179", "content": "草"}, {"uid": "3930327", "content": "？"}, {"uid": "22010327", "content": "我已经开始笑了"}, {"uid": "662080205", "content": "这个人的嘴巴长的好丑哦！"}, {"uid": "662080205", "content": "这是一首英文歌曲，相信大家都应该听过这首歌曲吧，那么这首歌的英文名叫什么呢？"}, {"uid": "662080205", "content": "这是一首英文歌曲，相信大家都应该听过这首歌曲吧，那么这首歌的英文名叫什么呢？"}, {"uid": "230243551", "content": "草"}, {"uid": "230243551", "content": "？？？"}, {"uid": "4045162", "content": "离谱"}, {"uid": "4045162", "content": "饼饼快笑抽了"}, {"uid": "4045162", "content": "草"}, {"uid": "772867", "content": "草，她还会投币"}, {"uid": "22075652", "content": "虽然很想笑，但是哭不出来"}, {"uid": "14362084", "content": "已经开始生草了"}, {"uid": "352411", "content": "哈哈哈哈哈哈哈哈"}, {"uid": "2232854", "content": "世纪之吻"}, {"uid": "2232854", "content": "在船头玩竹蜻蜓"}, {"uid": "2232854", "content": "利尿视频"}, {"uid": "7979703", "content": "草"}, {"uid": "234315842", "content": "其实更加离谱了"}, {"uid": "6486338", "content": "下次一定"}, {"uid": "6486338", "content": "莫名喜剧感"}, {"uid": "6486338", "content": "这声音有点熟悉"}, {"uid": "11461", "content": "草"}, {"uid": "546479218", "content": "哈哈哈哈哈哈"}, {"uid": "846359", "content": "我已经开始哭了"}, {"uid": "7577621", "content": "笑点低"}, {"uid": "7577621", "content": "果然是卫龙哈哈哈哈"}, {"uid": "7577621", "content": "真·笑尿"}, {"uid": "7577621", "content": "当时我也差点笑背过去去"}, {"uid": "7577621", "content": "串味儿了草"}, {"uid": "8540019", "content": "我改变主意了，杰克"}, {"uid": "12399812", "content": "哈哈哈哈"}, {"uid": "23562069", "content": "草"}, {"uid": "22110201", "content": "草"}, {"uid": "16633967", "content": "漏出来了"}, {"uid": "63938161", "content": "我也憋不住笑"}, {"uid": "87896682", "content": "又投币了"}, {"uid": "87896682", "content": "完全一致"}, {"uid": "87896682", "content": "可怕"}, {"uid": "87896682", "content": "？"}, {"uid": "129428095", "content": "草"}, {"uid": "84113071", "content": "？？？"}, {"uid": "21582460", "content": "？"}, {"uid": "76751425", "content": "笑尿了"}, {"uid": "82539877", "content": "我TM想到了那个三年动画的视频"}, {"uid": "696296931", "content": "当我学了三年动画做的泰坦尼克号"}, {"uid": "483498", "content": "lulu是吧"}, {"uid": "483498", "content": "完了，有画面了草"}, {"uid": "22614275", "content": "模型拉跨，面数少了"}, {"uid": "289902628", "content": "海豚-海里的豚-海里的猪”"}, {"uid": "22503094", "content": "辣条"}, {"uid": "22503094", "content": "小仙女"}, {"uid": "22503094", "content": "哈哈哈"}, {"uid": "24871527", "content": "哈哈哈哈哈"}, {"uid": "176920805", "content": "哈哈哈哈哈"}, {"uid": "15850136", "content": "啊～这"}, {"uid": "950739", "content": "索菲？卫生巾？"}, {"uid": "2651859", "content": "太哈人了"}, {"uid": "3401118", "content": "草"}, {"uid": "37388208", "content": "笑点低"}, {"uid": "81614539", "content": "草"}, {"uid": "756304", "content": "真·笑尿了！"}, {"uid": "479593987", "content": "草，黑桃q"}, {"uid": "24971901", "content": "草"}, {"uid": "24971901", "content": "草"}, {"uid": "40606970", "content": "快打鸣了"}, {"uid": "251530661", "content": "草"}, {"uid": "9225236", "content": "结果差点变成搞笑视频"}, {"uid": "3659432", "content": "草"}, {"uid": "4130547", "content": "啊这"}, {"uid": "25873203", "content": "草"}, {"uid": "2007142", "content": "草"}, {"uid": "35727037", "content": "笑尿了"}, {"uid": "187620827", "content": "草"}, {"uid": "355940932", "content": "卫龙(辣条)"}, {"uid": "355927848", "content": "这"}, {"uid": "355927848", "content": "草"}, {"uid": "355927848", "content": "嘿嘿嘿嘻嘻嘻"}, {"uid": "439819", "content": "草"}, {"uid": "8540019", "content": "草"}, {"uid": "3916674", "content": "草"}, {"uid": "144884913", "content": "草，封面wows"}, {"uid": "568252964", "content": "いつ見てもヒドいw"}, {"uid": "568252964", "content": "草"}, {"uid": "230134402", "content": "？？？"}, {"uid": "64516547", "content": "哈哈哈"}, {"uid": "174327", "content": "哈哈哈哈哈"}, {"uid": "85660367", "content": "要来力"}, {"uid": "62235387", "content": "完全一致"}, {"uid": "16953187", "content": "草"}, {"uid": "16633967", "content": "断气了"}, {"uid": "131377892", "content": "草"}, {"uid": "236494", "content": "这笑得www"}, {"uid": "55950", "content": "我来接住"}, {"uid": "286764176", "content": "看个开头就快笑没了，这能看完吗"}, {"uid": "286764176", "content": "我还以为得得得得得得得………"}, {"uid": "286764176", "content": "毫无违和感"}, {"uid": "38028720", "content": "不管看多少遍，泰坦尼克号的歌还是出戏"}, {"uid": "2618664", "content": "草"}, {"uid": "179162519", "content": "可爱可爱"}]