[{"uid": "671172", "content": "这是什么只有饼饼受伤的世界"}, {"uid": "2232854", "content": "只有饼饼受伤的世界达成了"}, {"uid": "2232854", "content": "胖虎和大雄"}, {"uid": "2232854", "content": "哈哈哈"}, {"uid": "391248336", "content": "太坏了草"}, {"uid": "22503094", "content": "太可惜了"}, {"uid": "396144", "content": "そりゃ友達じゃないだろw"}, {"uid": "24871527", "content": "草"}, {"uid": "434944472", "content": "好好孝"}, {"uid": "2513089", "content": "把炸弹嫁出去了233333"}, {"uid": "295936", "content": "害怕的餅餅也好可爱wwww"}, {"uid": "22534652", "content": "饼助"}, {"uid": "34959019", "content": "直球"}, {"uid": "52453166", "content": "太好了草"}, {"uid": "179162519", "content": "好可爱"}, {"uid": "38028720", "content": "妹妹的正确使用方法"}, {"uid": "38028720", "content": "反对暴政"}, {"uid": "34959019", "content": "？"}]