[{"uid": "5827935", "content": "外星人语？"}, {"uid": "29104107", "content": "已经成功忘记原曲"}, {"uid": "29104107", "content": "草"}, {"uid": "2102686", "content": "草"}, {"uid": "4542643", "content": "梅开二度"}, {"uid": "45255034", "content": "w"}, {"uid": "179162519", "content": "小学生读课文"}, {"uid": "179162519", "content": "草"}, {"uid": "179162519", "content": "可爱"}, {"uid": "69340", "content": "不要念了师傅"}, {"uid": "69340", "content": "众所周知，字幕组都是anti"}, {"uid": "1616572", "content": "wwww"}, {"uid": "210434103", "content": "草"}, {"uid": "13953912", "content": "草"}, {"uid": "2957060", "content": "合格的朗诵者～"}, {"uid": "2957060", "content": "棒读"}, {"uid": "13358463", "content": "www"}]