[{"uid": "168242503", "content": "这狗帅是挺帅的，就是脑子不太好"}, {"uid": "363330203", "content": "老夫的心化了"}, {"uid": "79773", "content": "卡哇伊"}, {"uid": "52966702", "content": "啊，是龙馍馍的视频"}, {"uid": "4964376", "content": "主人也很厉害，跳芭蕾的"}, {"uid": "2054078", "content": "安详"}, {"uid": "361047150", "content": "双下巴"}, {"uid": "388280251", "content": "这是一只猫一只狗吧？"}, {"uid": "442250487", "content": "debu"}, {"uid": "442250487", "content": "自己找项圈也太乖了吧"}, {"uid": "288136880", "content": "那是keji二哈"}, {"uid": "1466364", "content": "狗狗，我的狗狗"}, {"uid": "473913303", "content": "龙馍馍诶"}, {"uid": "5437607", "content": "热乎"}, {"uid": "2551860", "content": "这里说的是柯基？"}]