[{"uid": "111631820", "content": "《无感情》"}, {"uid": "2010471", "content": "泥了"}, {"uid": "37055", "content": "超载了"}, {"uid": "37055", "content": "+拳，出升龙了"}, {"uid": "241212935", "content": "nikonikoni"}, {"uid": "2440562", "content": "痴呆中"}, {"uid": "42230722", "content": "awsl"}, {"uid": "950739", "content": "等高考做题的时候就不知道是二声三声了"}, {"uid": "10447916", "content": "不是有じ这个音？怎么会不会读。"}, {"uid": "247606540", "content": "是三声，你好两个三声连读，第一个发成二声"}, {"uid": "35222711", "content": "果然人类的本能音调读起来完全无障碍"}, {"uid": "669827019", "content": "乌鸡日常空大脚"}, {"uid": "239170", "content": "笑死"}, {"uid": "239170", "content": "哈哈哈"}, {"uid": "239170", "content": "奶声奶气的学语音有点可爱"}, {"uid": "94902394", "content": "哎"}, {"uid": "28599630", "content": "谢谢单独使用的时候，第二个谢是轻音，只有在说谢谢**的时候第二个谢才有音"}, {"uid": "76751425", "content": "哎"}, {"uid": "345724669", "content": "诶，就这句字正腔圆"}, {"uid": "35519975", "content": "是三声拜托"}, {"uid": "34959019", "content": "草"}, {"uid": "34959019", "content": "草"}, {"uid": "38798941", "content": "这个可以"}, {"uid": "38798941", "content": "歪头"}, {"uid": "38798941", "content": "超出了孩子的理解"}, {"uid": "9569028", "content": "语言黑洞"}, {"uid": "8126357", "content": "草"}, {"uid": "15272612", "content": "粑粑也太草了"}, {"uid": "8587169", "content": "是二声"}, {"uid": "38028720", "content": "小脑瓜过载了w"}, {"uid": "38028720", "content": "饼の震惊"}, {"uid": "2513089", "content": "迷之沉默"}, {"uid": "1573440", "content": "这个好字读的好像谷歌娘哈哈哈"}, {"uid": "34005584", "content": "变成过山车了"}, {"uid": "34005584", "content": "↑↓←→ABAB"}, {"uid": "64516547", "content": "虽然可能没记住，不过模仿的确实像模像样的"}, {"uid": "179162519", "content": "可爱可爱"}, {"uid": "2950464", "content": "大大的眼睛，满满的疑惑"}]