[{"uid": "442250487", "content": "wwwww"}, {"uid": "442250487", "content": "经典e不出来"}, {"uid": "630421216", "content": "好可爱"}, {"uid": "25864293", "content": "孩子才六岁，记错笔记很正常，别尬黑"}, {"uid": "11215336", "content": "哈哈哈哈哈哈哈哈"}, {"uid": "11215336", "content": "梅开二度"}, {"uid": "3218282", "content": "？？？？？"}, {"uid": "11083062", "content": "草"}, {"uid": "7775751", "content": "草"}, {"uid": "4661588", "content": "草"}, {"uid": "4661588", "content": "hhhh"}, {"uid": "4661588", "content": "wwwww"}, {"uid": "316576469", "content": "这是日文写法吧（）"}, {"uid": "25392714", "content": "emmm"}, {"uid": "1864875", "content": "三回了"}, {"uid": "1864875", "content": "草"}, {"uid": "3198724", "content": "he一生之敌"}, {"uid": "2069020", "content": "啊我死了"}, {"uid": "2069020", "content": "草"}, {"uid": "9643544", "content": "www"}, {"uid": "179162519", "content": "可爱"}, {"uid": "4661588", "content": "www"}]