[{"uid": "241563983", "content": "额不重要吧"}, {"uid": "37241311", "content": "很标准"}, {"uid": "37241311", "content": "哈哈哈"}, {"uid": "2078024", "content": "上手上手"}, {"uid": "950739", "content": "不不不，很不重要"}, {"uid": "950739", "content": "区别是一个促音"}, {"uid": "950739", "content": "小小的脑袋，大大的问号"}, {"uid": "61005915", "content": "TQL"}, {"uid": "34959019", "content": "孩子吓到了"}, {"uid": "34959019", "content": "23333"}, {"uid": "38798941", "content": "天才天才"}, {"uid": "8126357", "content": "可以"}, {"uid": "313032322", "content": "上手"}, {"uid": "886523", "content": "小小的眼睛，大大的迷惑"}, {"uid": "9213380", "content": "大大的眼睛 满满的疑惑"}, {"uid": "879651", "content": "没错，黑猫警长"}, {"uid": "879651", "content": "这么听起来，有点像歌的调子"}, {"uid": "64516547", "content": "天才"}, {"uid": "1725642", "content": "挺好的啊"}, {"uid": "3218282", "content": "上手上手"}, {"uid": "4288976", "content": "孩子游离的眼神"}, {"uid": "112776970", "content": "区别就是不拖长音而已"}, {"uid": "112776970", "content": "饼饼厉害啊，上手这么快！"}, {"uid": "36662", "content": "大大的脑袋大大的疑惑"}, {"uid": "179162519", "content": "可爱可爱"}, {"uid": "8126357", "content": "哈哈哈哈哈"}]