[{"uid": "87896682", "content": "妈妈震怒"}, {"uid": "87896682", "content": "草"}, {"uid": "87896682", "content": "坚持设定"}, {"uid": "187300", "content": "www"}, {"uid": "123391026", "content": "然后就白跑了一趟"}, {"uid": "24726013", "content": "草"}, {"uid": "24726013", "content": "wwwwwwwwwww"}, {"uid": "24726013", "content": "草"}, {"uid": "3198724", "content": "是亲哥哥亲姐姐"}, {"uid": "179162519", "content": "可爱"}, {"uid": "668764", "content": "正确的教育方式"}, {"uid": "1864875", "content": "很合理"}, {"uid": "3659432", "content": "草"}, {"uid": "39126077", "content": "饼爸饼妈你们就宠她吧"}, {"uid": "81537420", "content": "哥哥，姐姐:我打你哦"}, {"uid": "81537420", "content": "老师:我打你哦"}, {"uid": "39126077", "content": "咋生了这么个娃"}, {"uid": "39126077", "content": "妈妈震怒"}, {"uid": "81537420", "content": "少壮不努力（）"}, {"uid": "39126077", "content": "饼饼中之人野比新之助说"}, {"uid": "81537420", "content": "辅导我☜指全不会"}, {"uid": "39126077", "content": "幽灵饼饼说"}, {"uid": "81537420", "content": "太真实了（"}, {"uid": "81537420", "content": "咖喱块:我打你哦"}, {"uid": "81537420", "content": "妈妈:我打你哦"}, {"uid": "81537420", "content": "超额消费"}, {"uid": "81537420", "content": "收银员:我打你哦"}, {"uid": "11621158", "content": "草"}, {"uid": "1616572", "content": "Www"}, {"uid": "1616572", "content": "Wwww"}, {"uid": "1616572", "content": "草，确实"}, {"uid": "29858550", "content": "草"}]