[{"uid": "22244376", "content": "还以为是王刚呢"}, {"uid": "2232854", "content": "慌了哈哈"}, {"uid": "2232854", "content": "完美的回答"}, {"uid": "51660122", "content": "哈哈哈哈是那个视频，一点都不恐怖"}, {"uid": "27850932", "content": "兔子不好吃"}, {"uid": "15163348", "content": "那个恶魔推荐过去的"}, {"uid": "1941609", "content": "草，这个看预览太灵性了"}, {"uid": "2513089", "content": "大惊失色"}, {"uid": "2513089", "content": "瞳孔地震"}, {"uid": "11083062", "content": "草"}, {"uid": "9643544", "content": "来了来了"}, {"uid": "4045162", "content": "草"}, {"uid": "26981151", "content": "草"}, {"uid": "16459989", "content": "哈哈哈哈"}, {"uid": "44497569", "content": "哈哈哈哈是这个"}, {"uid": "4211233", "content": "哈哈哈"}, {"uid": "1571603", "content": "噔噔咚"}, {"uid": "179162519", "content": "可爱可爱≧∇≦"}]