[{"uid": "319234350", "content": "工厂工人的话是1~7"}, {"uid": "304275", "content": "确实很常见"}, {"uid": "34158910", "content": "99%"}, {"uid": "662080205", "content": "因为有时候爸爸妈妈要去上班，所以有可能不会放假。"}, {"uid": "22819521", "content": "基本上都是月休三四天的吧"}, {"uid": "374374149", "content": "？？？"}, {"uid": "50646321", "content": "草"}, {"uid": "429565880", "content": "周7 没错是我了"}, {"uid": "31336184", "content": "没有休息"}, {"uid": "11870758", "content": "有时加班工资都没"}, {"uid": "14367824", "content": "一周七天班我说啥了"}, {"uid": "29230305", "content": "这就是不好点外卖的原因吗"}, {"uid": "49644320", "content": "自动翻译？"}, {"uid": "21782267", "content": "误解，是周一到周日都有"}, {"uid": "12313498", "content": "我觉得一方面是因为那边员工不易被辞竞争没那么激烈"}, {"uid": "54515171", "content": "哭了"}, {"uid": "44268861", "content": "确实"}, {"uid": "98258", "content": "按照地图交通拥堵统计来看大概是1/5还是多少？"}, {"uid": "365780115", "content": "羡慕了"}, {"uid": "477890389", "content": "草，基本工资接近零（室内装潢公司）"}, {"uid": "477890389", "content": "。日本的法律只保护了他们本国人，留学打工的完全比国内还难顶"}, {"uid": "477890389", "content": "汰，中午还是会有点午餐时间的，，也没十二小时满"}, {"uid": "477890389", "content": "草，谜之动力"}, {"uid": "1421414", "content": "马某：996福报"}, {"uid": "379096", "content": "实际上按工时来说，一周要上九天班"}, {"uid": "90806890", "content": "日本工资是俺们的三倍吧？"}, {"uid": "90806890", "content": "羡慕"}, {"uid": "32641613", "content": "   ,,=_=   "}, {"uid": "32641613", "content": ",  ,,       "}, {"uid": "32641613", "content": " * *,  "}, {"uid": "32641613", "content": ",  "}, {"uid": "32641613", "content": ",, "}, {"uid": "32641613", "content": "       c , "}, {"uid": "32641613", "content": "       , "}, {"uid": "285459327", "content": "可怕 wwwww"}, {"uid": "434944472", "content": "想起国服pcr工会战竞争强度也离谱"}, {"uid": "434944472", "content": "自愿补课，自愿加班"}, {"uid": "434944472", "content": "儿童节休息海星"}, {"uid": "434944472", "content": "等等，你不是大人吗"}, {"uid": "434944472", "content": "太惨这老哥"}, {"uid": "434944472", "content": "甜甜卷"}, {"uid": "434944472", "content": "以后可能挂了zbj还会在后事上做文章"}, {"uid": "434944472", "content": "周六上班不很正常吗【doge】"}, {"uid": "410568594", "content": "幸 灾 乐 祸"}, {"uid": "31955486", "content": "挺普通的"}, {"uid": "3153180", "content": "可爱"}, {"uid": "3414999", "content": "草，查厕纸没有意义的（"}, {"uid": "3328700", "content": "我每天10点到晚上12点，还没有休息日。。。。"}, {"uid": "4017646", "content": "一部分等于全部"}, {"uid": "4719846", "content": "真好呀"}, {"uid": "4711901", "content": "顺次一体，工厂是887哦"}, {"uid": "20313695", "content": "失去高光"}, {"uid": "20313695", "content": "草"}, {"uid": "4784719", "content": "有加班费啊，怎么会没有加班费"}, {"uid": "16779923", "content": "然而并不是"}, {"uid": "1743316", "content": "怎麼可能比日本工資高"}, {"uid": "1743316", "content": "主要是無上限加班吧"}, {"uid": "126196", "content": "6岁加班58小时"}, {"uid": "354112", "content": "？"}, {"uid": "130554", "content": "失去高光w"}, {"uid": "104410152", "content": "确实都不是"}, {"uid": "2357671", "content": "笑容逐漸消失"}, {"uid": "16499331", "content": "人 就得有对比哈哈哈"}, {"uid": "16499331", "content": "是真的"}, {"uid": "7117600", "content": "如果是但互联网行业来说996是至少90%，剩下的基本是公司顶层"}, {"uid": "7896115", "content": "这里说的是周六周日休息"}, {"uid": "668185", "content": "80%以上"}, {"uid": "26968066", "content": "草"}, {"uid": "19042964", "content": "这就是不常见吗"}, {"uid": "19042964", "content": "这恐怕就是是青出于蓝了吧"}, {"uid": "4517110", "content": "孩子傻了"}, {"uid": "112776970", "content": "一周一天休息日的话，一个月也就四天"}, {"uid": "112776970", "content": "太惨了2333"}, {"uid": "12776380", "content": "火 黑心公司 火"}, {"uid": "12776380", "content": "《不 常 见》"}, {"uid": "4679143", "content": "我记得日本加班文化不是也很恐怖吗"}, {"uid": "87906827", "content": "真好"}, {"uid": "8365308", "content": "草"}, {"uid": "11083062", "content": "这我不知道怎么跟你解释"}, {"uid": "325894548", "content": "初见，可爱，单挑"}, {"uid": "662080205", "content": "学生周六周日是放假的好吗，这位兄弟，你看清楚再把弹幕发上来。"}, {"uid": "24149805", "content": "因为日本是157"}, {"uid": "675202676", "content": "前面等等，单挑？？？"}, {"uid": "284620607", "content": "真让人脸扁"}, {"uid": "477890389", "content": "对中学生来说，周六不是考试日吗？"}, {"uid": "70687775", "content": "卷起来了"}, {"uid": "45255034", "content": "w"}, {"uid": "354112", "content": "谁说的你给我出来"}, {"uid": "5115380", "content": "弹幕也太少了"}, {"uid": "179162519", "content": "可爱可爱"}, {"uid": "22965915", "content": "007"}, {"uid": "662080205", "content": "是的大部分人要上班七天，但是有时候会有一天的假期。"}, {"uid": "180551", "content": "我们可是 10106加大小周"}, {"uid": "3524", "content": "日本比中国还是容易多了"}]