[{"uid": "179162519", "content": "可爱"}, {"uid": "20821982", "content": "好耶"}, {"uid": "181614371", "content": "好耶"}, {"uid": "803382", "content": "\\mochi/\\mochi/"}, {"uid": "3885523", "content": "♪⸜(๑ ॑꒳ ॑๑)⸝♪✰"}, {"uid": "23001624", "content": "来了"}, {"uid": "4661588", "content": "好耶"}, {"uid": "3885523", "content": "来了来了来了"}, {"uid": "284824513", "content": "来晚了啊啊啊啊"}, {"uid": "1864875", "content": "\\饼饼/\\饼饼/\\饼饼/\\饼饼/\\饼饼/\\饼饼/\\饼饼/\\饼饼/"}]