[{"uid": "81614539", "content": "谢谢你，饼饼"}, {"uid": "81614539", "content": "草"}, {"uid": "388280251", "content": "草"}, {"uid": "2076802", "content": "卡哇伊，suki"}, {"uid": "3198724", "content": "草"}, {"uid": "38547438", "content": "草，长起来了"}, {"uid": "34489427", "content": "泪目"}, {"uid": "13182695", "content": "好活"}, {"uid": "13182695", "content": "是是是"}, {"uid": "38028720", "content": "好活"}, {"uid": "293937141", "content": "好活"}, {"uid": "43260175", "content": "草"}, {"uid": "298020059", "content": "草"}, {"uid": "92901099", "content": "泪目~"}, {"uid": "5752743", "content": "草"}, {"uid": "22798829", "content": "草"}, {"uid": "22798829", "content": "哈哈哈哈哈"}]