[{"uid": "671172", "content": "妹啊，这可不是专门给你做的，只是dd把名字涂了换成你的名字罢了（悲）"}, {"uid": "2232854", "content": "hso"}, {"uid": "2232854", "content": "哈哈哈"}, {"uid": "2232854", "content": "哈哈哈表情包"}, {"uid": "2232854", "content": "被直直的盯着"}, {"uid": "2232854", "content": "草"}, {"uid": "2232854", "content": "大概"}, {"uid": "2232854", "content": "MLP"}, {"uid": "2232854", "content": "日语还是相对容易上手的"}, {"uid": "2232854", "content": "emmm"}, {"uid": "2232854", "content": "质朴的用法"}, {"uid": "2232854", "content": "这就是文化差异吗？感觉很元气呀"}, {"uid": "2232854", "content": "单推人"}, {"uid": "2232854", "content": "ww"}, {"uid": "2232854", "content": "犯罪预告"}, {"uid": "2232854", "content": "童工（"}, {"uid": "2232854", "content": "高热量，孩子还在长身体"}, {"uid": "2232854", "content": "六岁的大人"}, {"uid": "2232854", "content": "大概没用"}, {"uid": "2232854", "content": "拿捏了"}, {"uid": "2232854", "content": "不至于不至于"}, {"uid": "2232854", "content": "财力计算单位（桶）"}, {"uid": "2232854", "content": "水饺的难度比煎饺低吧"}, {"uid": "2232854", "content": "ww"}, {"uid": "2232854", "content": "这孩子太开朗了"}, {"uid": "2232854", "content": "88888888"}, {"uid": "2232854", "content": "享受吧（"}, {"uid": "2232854", "content": "笑场可爱"}, {"uid": "2232854", "content": "在盯着看ww"}, {"uid": "22534652", "content": "杯面100日元吗"}, {"uid": "22534652", "content": "你都记了些啥hhhh"}, {"uid": "22534652", "content": "6岁小朋友的食谱（确信）"}, {"uid": "22534652", "content": "拉面计数器"}, {"uid": "192634972", "content": "kksk"}, {"uid": "8540019", "content": "天才"}, {"uid": "20821982", "content": "好耶"}, {"uid": "5449989", "content": "草"}, {"uid": "21582460", "content": "草"}, {"uid": "112776970", "content": "太紧张了2333"}, {"uid": "112776970", "content": "这个太经典了2333"}, {"uid": "112776970", "content": "oto病毒2333"}, {"uid": "15547015", "content": "不取笑不取笑"}, {"uid": "3218282", "content": "国民性存疑"}, {"uid": "3218282", "content": "kora奖www"}, {"uid": "62235387", "content": "草，确实"}, {"uid": "9643544", "content": "中文可爱"}, {"uid": "9643544", "content": "餅餅...餅餅...sukisuki"}, {"uid": "479248693", "content": "哈哈"}, {"uid": "479248693", "content": "草"}, {"uid": "317356333", "content": "草"}, {"uid": "39274453", "content": "太可爱了"}, {"uid": "39274453", "content": "草"}, {"uid": "3885523", "content": "来了来了来了"}, {"uid": "6887858", "content": "小胖"}]