[{"uid": "348545744", "content": "小心冰糖"}, {"uid": "157371507", "content": "太坏了"}, {"uid": "24425071", "content": "无了"}, {"uid": "24425071", "content": "这 ...."}, {"uid": "24425071", "content": "问题发言"}, {"uid": "340077269", "content": "过分了"}, {"uid": "340077269", "content": "我一个男的都没这么看过，"}, {"uid": "67858918", "content": "草"}, {"uid": "102435496", "content": "草草草"}, {"uid": "5405270", "content": "mihoyo：12+"}, {"uid": "5405270", "content": "盖亚"}, {"uid": "2513089", "content": "谁教的！"}, {"uid": "47603896", "content": "被骗了 悲"}, {"uid": "221772602", "content": "以理服人"}, {"uid": "12745615", "content": "草"}, {"uid": "319345604", "content": "大部分都选应急食品O(∩_∩)O"}, {"uid": "660710430", "content": "一点都不带犹豫的"}, {"uid": "11337444", "content": "你在想什么哦哈哈哈哈"}, {"uid": "5827935", "content": "omg"}, {"uid": "3775876", "content": "草"}, {"uid": "81614539", "content": "草"}, {"uid": "27183307", "content": "经典威胁"}, {"uid": "27183307", "content": "hhhhhhhhhhh"}, {"uid": "41072705", "content": "草"}, {"uid": "669827019", "content": "落落莓还可以"}, {"uid": "179162519", "content": "可爱可爱"}, {"uid": "123391026", "content": "决定再来一次（草）"}, {"uid": "13223029", "content": "噗"}, {"uid": "135679243", "content": "有对话字幕，用心了"}, {"uid": "1279205", "content": "草，谁教的这个"}, {"uid": "39274453", "content": "hso"}, {"uid": "298020059", "content": "哈哈哈哈哈"}, {"uid": "298020059", "content": "上当了"}, {"uid": "298020059", "content": "哈哈哈哈哈哈哈哈"}, {"uid": "298020059", "content": "草"}, {"uid": "298020059", "content": "草"}, {"uid": "18046981", "content": "色饼wwww"}, {"uid": "5615408", "content": "真全球共识"}, {"uid": "2091174", "content": "你也是强盗系V？"}, {"uid": "267625153", "content": "哈哈哈"}, {"uid": "267625153", "content": "www"}, {"uid": "5437607", "content": "关注点奇特"}, {"uid": "5437607", "content": "可爱"}, {"uid": "5102770", "content": "hso，再看一眼"}, {"uid": "94624466", "content": "没钱了可还行"}, {"uid": "568252964", "content": "www"}, {"uid": "8240492", "content": "蒙多城草，那岂不是想去哪就去哪"}, {"uid": "34959019", "content": "草"}, {"uid": "24971901", "content": "全球共识"}, {"uid": "10620365", "content": "非常食要来力"}, {"uid": "9153867", "content": "nice body？？"}, {"uid": "377796660", "content": "全球共识"}, {"uid": "34959019", "content": "草。"}, {"uid": "4288976", "content": "草"}, {"uid": "298020059", "content": "草"}, {"uid": "440189045", "content": "草"}, {"uid": "35862162", "content": "全球共识"}, {"uid": "22503094", "content": "哈哈哈"}, {"uid": "5437607", "content": "热乎"}, {"uid": "86140697", "content": "热乎的"}, {"uid": "25515876", "content": "阿埋呢……"}, {"uid": "11337444", "content": "太可爱了"}, {"uid": "81614539", "content": "草?"}, {"uid": "568252964", "content": "草"}, {"uid": "29765743", "content": "草"}, {"uid": "4288976", "content": "全球共识"}]