[{"uid": "319234350", "content": "拿起一把AK就不奇怪了"}, {"uid": "241563983", "content": "23333"}, {"uid": "1318353", "content": "蚌埠住了"}, {"uid": "168242503", "content": "柯南里的黑衣小哥"}, {"uid": "22457553", "content": "草"}, {"uid": "22457553", "content": "哈哈哈哈"}, {"uid": "3497822", "content": "银行取钱的时候（"}, {"uid": "293278127", "content": "Kuso"}, {"uid": "8367382", "content": "草"}, {"uid": "1941609", "content": "传统草"}, {"uid": "1941609", "content": "草"}, {"uid": "256013183", "content": "没钱的时候"}, {"uid": "9665103", "content": "身上钱不够的时候"}, {"uid": "755531", "content": "传 统 匪 帮"}, {"uid": "64516547", "content": "草"}, {"uid": "421329865", "content": "坐火车时戴的"}, {"uid": "131962", "content": "完了完了"}, {"uid": "355307887", "content": "没事，大家都在中东习惯了"}, {"uid": "26429699", "content": "草，有名"}, {"uid": "266812299", "content": "RushB的时候"}, {"uid": "2315530", "content": "抢银行时用"}, {"uid": "266812299", "content": "233333"}, {"uid": "6414900", "content": "她摇起来了还"}, {"uid": "389431", "content": "而且特别吵"}, {"uid": "2232854", "content": "哈哈哈，确实误解了"}, {"uid": "30798", "content": "哈哈哈"}, {"uid": "2053683", "content": "很正常啊，中东悍匪不就是这样的吗"}, {"uid": "950739", "content": "没关系，绝对不是可疑人士(确信)"}, {"uid": "261345730", "content": "打劫的时候"}, {"uid": "26711806", "content": "开幕雷击"}, {"uid": "39469637", "content": "23333"}, {"uid": "33284062", "content": "草"}, {"uid": "33284062", "content": "草"}, {"uid": "188931", "content": "噓"}, {"uid": "12840237", "content": "中东悍匪是这样的了"}, {"uid": "24399549", "content": "？？？？？？"}, {"uid": "121974419", "content": "一般来说 是抢银行的时候用的"}, {"uid": "144709683", "content": "Rush的时候"}, {"uid": "352425724", "content": "笑死"}, {"uid": "11870758", "content": "打断施法"}, {"uid": "1304482", "content": "一秒破防"}, {"uid": "65692841", "content": "中东悍匪"}, {"uid": "658115", "content": "别问，问就是义务教育"}, {"uid": "266812299", "content": "没毛病"}, {"uid": "11797451", "content": "草，传统，确实挺传统的，对他来说"}, {"uid": "2513089", "content": "乐器区中东悍匪"}, {"uid": "407202876", "content": "《有误解》"}, {"uid": "112776970", "content": "哈哈哈哈形容的好哈哈哈哈"}, {"uid": "151458", "content": "我们已经习惯了wwww"}, {"uid": "7975005", "content": "草草草"}, {"uid": "205633122", "content": "我oto中意的男人。"}, {"uid": "32642387", "content": "中东悍匪"}, {"uid": "11280048", "content": "慣　　れ　　た"}, {"uid": "3153180", "content": "匪帮传统"}, {"uid": "434944472", "content": "确实奇怪，拿着ak就不奇怪了"}, {"uid": "1776874", "content": "？？？谁发的"}, {"uid": "20227305", "content": "？？？"}, {"uid": "7928879", "content": "OTO"}, {"uid": "573580", "content": "隔壁老龙觉得特别好（）"}, {"uid": "389431", "content": "习惯了，浑元就这打扮"}, {"uid": "28298271", "content": "悍匪装扮"}, {"uid": "57209817", "content": "wwwwww"}, {"uid": "75911644", "content": "直接送走"}, {"uid": "23363362", "content": "已经习惯了"}, {"uid": "441461711", "content": "草"}, {"uid": "416226", "content": "开幕雷击"}, {"uid": "16953187", "content": "呐！"}, {"uid": "258888895", "content": "鹅鹅鹅"}, {"uid": "74670019", "content": "见多不怪"}, {"uid": "8367382", "content": "草。。"}, {"uid": "25027236", "content": "小黑"}, {"uid": "23363362", "content": "草"}, {"uid": "13849106", "content": "悍匪"}, {"uid": "5635915", "content": "开幕雷击"}, {"uid": "407217061", "content": "。"}]