[{"uid": "4130547", "content": "WWW"}, {"uid": "202741218", "content": "不是一声吗，这么变二声了"}, {"uid": "301679116", "content": "花Q（幻听）"}, {"uid": "11001991", "content": "花寄女子寮"}, {"uid": "79773", "content": "一声就对了吧"}, {"uid": "355940932", "content": "小小的眼睛充满大大的疑惑。"}, {"uid": "22798829", "content": "花Q（幻听）"}, {"uid": "403924343", "content": "呱"}, {"uid": "403924343", "content": "呱"}, {"uid": "9643544", "content": "www"}, {"uid": "255972098", "content": "滑稽（确信）"}, {"uid": "436359728", "content": "寄"}, {"uid": "9643544", "content": "www"}, {"uid": "27850932", "content": "这网站…666"}, {"uid": "343617201", "content": "？我当场滑稽"}, {"uid": "929668", "content": "？？？？"}, {"uid": "16662676", "content": "草"}, {"uid": "79773", "content": "滑稽哈哈哈"}, {"uid": "96549832", "content": "滑稽"}, {"uid": "239170", "content": "我去"}, {"uid": "248829272", "content": "草"}, {"uid": "27850932", "content": "哈哈哈……"}, {"uid": "483498", "content": "草"}, {"uid": "4130547", "content": "草"}, {"uid": "433585529", "content": "?"}, {"uid": "617057", "content": "草"}, {"uid": "128108", "content": "滑稽？"}]