[{"uid": "312757170", "content": "日本人舌头短"}, {"uid": "2010471", "content": "因为呃其实是喉音，没说过的要一下说对还是挺难的"}, {"uid": "8280165", "content": "懵逼了"}, {"uid": "31019842", "content": "哈哈哈哈"}, {"uid": "31019842", "content": "笑死我了"}, {"uid": "21839889", "content": "毛妹"}, {"uid": "7554731", "content": "额"}, {"uid": "2078024", "content": "e不出来哈哈哈哈哈"}, {"uid": "803900", "content": "大眼睛咕噜咕噜转，哈哈哈"}, {"uid": "11346838", "content": "Hhhhhhh，笑yue了"}, {"uid": "434944472", "content": "额~"}, {"uid": "434944472", "content": "鹅鹅鹅，曲项向天歌。白毛浮绿水，红掌拨清波波"}, {"uid": "22534652", "content": "孩子快憋死了"}, {"uid": "196538", "content": "经典e不出来"}, {"uid": "476817", "content": "www"}, {"uid": "80338", "content": "e是喉音光用口腔是发不出来的"}, {"uid": "80338", "content": "e的发音方式和字形很象，就是小开口用喉的后上部发音。但是不习惯用后喉发音就会发不出来"}, {"uid": "38147679", "content": "可爱"}, {"uid": "351742157", "content": "饿"}, {"uid": "296168652", "content": "哈哈哈哈"}, {"uid": "296168652", "content": "？？？？"}, {"uid": "483498", "content": "哈哈"}, {"uid": "483498", "content": "23333，e不出来"}, {"uid": "24739403", "content": "草e不出来还行"}, {"uid": "34959019", "content": "草"}, {"uid": "34959019", "content": "？？？"}, {"uid": "512756", "content": "巫医还行"}, {"uid": "185872154", "content": "草"}, {"uid": "185872154", "content": "草"}, {"uid": "9213380", "content": "大大的眼睛满满的疑惑"}, {"uid": "1800905", "content": "富兰克林？"}, {"uid": "29633984", "content": "kksk"}, {"uid": "64516547", "content": "哈哈哈，e音自动跳过"}, {"uid": "355389384", "content": "王 瀚 哲"}, {"uid": "32056848", "content": "草，为什么会发不出来啊"}, {"uid": "58069", "content": "弹幕们都在教什么？这才是六岁啊"}, {"uid": "32056848", "content": "我也不明"}, {"uid": "179407698", "content": "草"}, {"uid": "58069", "content": "草"}]