[{"uid": "2232854", "content": "清碳过于尼普"}, {"uid": "2232854", "content": "聪油饼"}, {"uid": "362880245", "content": "dd 氢弹（）"}, {"uid": "29230305", "content": "你再骂"}, {"uid": "23330836", "content": "清碳"}, {"uid": "354112", "content": "草"}, {"uid": "82917582", "content": "会举一反三了"}, {"uid": "2298411", "content": "这名字居然能读出来 认得字挺多了啊"}, {"uid": "34814982", "content": "233333"}, {"uid": "374088", "content": "这么快学那么难的汉字，写都难写"}, {"uid": "434944472", "content": "侬"}, {"uid": "11083062", "content": "草"}, {"uid": "8716392", "content": "来了"}, {"uid": "179162519", "content": "可爱可爱≧∇≦"}, {"uid": "434944472", "content": "旦"}, {"uid": "411956117", "content": "h哈哈哈"}]