[{"uid": "47276302", "content": "斗宗强者，太可怕了2333"}, {"uid": "2957060", "content": "(✪▽✪)"}, {"uid": "361199544", "content": "辛苦切片man了"}, {"uid": "456327519", "content": "ohhhhhhhhhhhhhhhhhh"}, {"uid": "456327519", "content": "ohhhhhhhhhhhh"}, {"uid": "3885523", "content": "♪⸜(๑ ॑꒳ ॑๑)⸝♪✰"}, {"uid": "408645838", "content": "ohhhhhhh"}, {"uid": "179162519", "content": "可爱"}, {"uid": "3885523", "content": "Ｏ(≧▽≦)Ｏ "}, {"uid": "3885523", "content": "/ / / / / / / / / / "}]