[{"uid": "46406772", "content": "可以"}, {"uid": "15389190", "content": "ohhhhhhhhhhhhhhhhhhhhhhhhh"}, {"uid": "81614539", "content": "ohhhhhhh"}, {"uid": "1081196291", "content": "打倒了，但没完全打倒"}, {"uid": "11158731", "content": "她屙出来了！！！"}, {"uid": "202741218", "content": "感觉有点介于a和e之间的发音"}, {"uid": "197871755", "content": "夸张，那么r该怎么发音呢"}, {"uid": "15850136", "content": "额"}, {"uid": "176495697", "content": "ohhhhh"}, {"uid": "37055", "content": "她们为什么感觉那么难呢？"}, {"uid": "72369967", "content": "你不要这么用力拍肚皮啊 听着好疼"}, {"uid": "2078024", "content": "她e出来了！"}, {"uid": "483498", "content": "好耶"}, {"uid": "483498", "content": "ohhhhhhh"}, {"uid": "6580771", "content": "嘴形绝对是错的哈哈哈"}, {"uid": "81614539", "content": "BGM草"}, {"uid": "5437607", "content": "不错不错。努力有回报了"}, {"uid": "7554731", "content": "笑死"}, {"uid": "7554731", "content": "很了不起呢"}, {"uid": "7554731", "content": "笑死"}, {"uid": "3993191", "content": "？"}, {"uid": "2465953", "content": "健康的笑声"}, {"uid": "13182695", "content": "笑声好魔性"}, {"uid": "446244", "content": "兴奋的拍起了肚皮"}, {"uid": "112776970", "content": "恭喜，真不容易啊2333"}, {"uid": "66063753", "content": "一定要笑。这适合学四川话"}, {"uid": "34959019", "content": "不知道是不是麦克风的原因，还是有点像o，嘴还是不够扁？"}, {"uid": "34959019", "content": "被锁喉"}, {"uid": "60162154", "content": "好像日语里发音舌头都是平的，这种需要弯舌头的音对日本人都很难发"}, {"uid": "80338", "content": "听着象O"}, {"uid": "8213954", "content": "草"}, {"uid": "434944472", "content": "嗝~"}, {"uid": "434944472", "content": "怕了"}, {"uid": "950739", "content": "这还没er呢"}, {"uid": "2935", "content": "草"}, {"uid": "416226", "content": "泪目"}, {"uid": "23957907", "content": "发出了惨烈的笑声"}, {"uid": "476498836", "content": "鹅鹅鹅曲项向天歌"}, {"uid": "476498836", "content": "日本人都很难e出来吗"}, {"uid": "476498836", "content": "意儿"}, {"uid": "476498836", "content": "e学会了就可以说我饿了。很适合饼饼。[OK]"}, {"uid": "10343349", "content": "啊这"}, {"uid": "22798829", "content": "ohhhhhhh"}, {"uid": "2091174", "content": "草"}, {"uid": "179162519", "content": "哈哈哈哈"}, {"uid": "55950", "content": "泪目"}, {"uid": "22503094", "content": "哈哈哈"}, {"uid": "3398333", "content": "66666"}, {"uid": "3398333", "content": "6666"}, {"uid": "38028720", "content": "e r两个音是日本人的噩梦"}, {"uid": "2091174", "content": "ohhhhhhhhh"}, {"uid": "2091174", "content": "她e出来了！"}, {"uid": "34999078", "content": "ohhhhhhh"}, {"uid": "15850136", "content": "饿"}, {"uid": "428164", "content": "wc nb"}, {"uid": "442250487", "content": "经典e不出来"}, {"uid": "179162519", "content": "太可爱了哈哈哈哈"}, {"uid": "27164642", "content": "? "}, {"uid": "290699", "content": "日本人都很难e出来吗"}, {"uid": "9643544", "content": "www"}, {"uid": "80338", "content": "日语没有翘舌音，凡是翘舌他们都发不出来。这点和吴音区很象，小时候学拼音学不会翘舌，那就再也不会了。"}, {"uid": "80338", "content": "她不是会呵呵呵呵么，呵的尾音不就是e么"}]