[{"uid": "3976916", "content": "因为普通话是以河北话为基础而非北京话"}, {"uid": "669827019", "content": "普通话是河北省的一个地方的方言"}, {"uid": "37241311", "content": "哈哈哈哈"}, {"uid": "2010471", "content": "声母韵母，子音母音是给日本人看的"}, {"uid": "2078024", "content": "普通话是按照当时的北京官话北京方言规定的，所以和现在的北京话差别大很正常(º﹃º )"}, {"uid": "950739", "content": "我还是第一次知道子音这个说法"}, {"uid": "950739", "content": "我记得百科上写的是北京旁边一个小村子的方言，确切说是河北话"}, {"uid": "443188094", "content": "会读会写但不用"}, {"uid": "76751425", "content": "面露难色"}, {"uid": "38798941", "content": "咦！"}, {"uid": "15272612", "content": "这个说法好有意思，很方便外国人记吧"}, {"uid": "20313695", "content": "《业余》"}, {"uid": "3420005", "content": "写繁体的话 分析下结构就知道大致写法"}, {"uid": "17258", "content": "马来西亚和新加坡也是简体字"}, {"uid": "1976711", "content": "阿巴阿巴→"}, {"uid": "2193135", "content": "草"}, {"uid": "13555527", "content": "看得懂繁体字，但是不会写"}, {"uid": "112776970", "content": "然而繁体字地区的人的优越感很高，也很可笑2333"}, {"uid": "179162519", "content": "可爱"}, {"uid": "135898129", "content": "没机会咯，都用惯了"}, {"uid": "18925992", "content": "繁体字应该没机会加油了"}, {"uid": "112776970", "content": "然而北京话和普通话区别不小2333"}]