[{"uid": "2232854", "content": "道理（大）"}, {"uid": "37241311", "content": "干杯！！"}, {"uid": "8387458", "content": "逮捕！"}, {"uid": "8387458", "content": "草"}, {"uid": "12343804", "content": "草"}, {"uid": "2907196", "content": "问题不大"}, {"uid": "2907196", "content": "草，这么直白的么"}, {"uid": "49981668", "content": "火 栗子 火"}, {"uid": "49981668", "content": "但这里是中国"}, {"uid": "1473376", "content": "FBI什么的，并进不了中国（挺胸抬头）"}, {"uid": "27850932", "content": "FBI到中国或日本抓人，这就离谱"}, {"uid": "27850932", "content": "？"}, {"uid": "28022434", "content": "“各种不好的话”"}, {"uid": "4113427", "content": "少女摘花"}, {"uid": "354112", "content": "全部铐走"}, {"uid": "483498", "content": "草，教坏小朋友"}, {"uid": "38147679", "content": "抓我抓我（错乱）"}, {"uid": "18102560", "content": "这直播弹幕少的可怜啊"}, {"uid": "8367382", "content": "是三日暦。"}, {"uid": "237140", "content": "才不是喜欢scat啊喂！"}, {"uid": "179702049", "content": "他分明是在假装啊。"}, {"uid": "31507104", "content": "专门教授奇怪知识的BL暦子"}, {"uid": "11083062", "content": "？"}, {"uid": "179162519", "content": "可爱可爱"}, {"uid": "4761312", "content": "都抓起来吧，没人是无辜的（"}, {"uid": "4761312", "content": "逮捕！"}, {"uid": "4296441", "content": "我不是我没有，你不要乱说！"}, {"uid": "4761312", "content": "孩子才六岁"}, {"uid": "4761312", "content": "中国DD风评被害"}, {"uid": "2513089", "content": "孩子才6岁"}, {"uid": "2513089", "content": "饼饼大脑在颤抖"}, {"uid": "2513089", "content": "瞳孔地震"}, {"uid": "2513089", "content": "教坏小孩子！！"}, {"uid": "774664", "content": "你们这群干杯的叉出去"}, {"uid": "15223001", "content": "草，风评被害"}, {"uid": "171862606", "content": "你们都教了些什么啊"}, {"uid": "7942705", "content": "栗子，你不要教坏人家啊！"}, {"uid": "1776874", "content": "？？"}, {"uid": "27850932", "content": "？"}, {"uid": "10964536", "content": "我不是 我没有"}, {"uid": "34005584", "content": "？？？草，别教坏饼饼啊"}, {"uid": "29657893", "content": "?????"}, {"uid": "8387458", "content": "这个诶笑死"}, {"uid": "34593810", "content": "？？？？"}, {"uid": "34959019", "content": "风评受害"}, {"uid": "8970956", "content": "草ww不要太过分霓虹人！"}, {"uid": "17949231", "content": "？？？？？？？？"}, {"uid": "4761312", "content": "我不是！我没有！"}, {"uid": "24125335", "content": "？？？"}, {"uid": "12708007", "content": "风评被害"}, {"uid": "84959827", "content": "。。。。"}, {"uid": "1941609", "content": "中国人风评被害"}, {"uid": "8937535", "content": "不我不想"}, {"uid": "179162519", "content": "草"}, {"uid": "289372360", "content": "喂！"}, {"uid": "12372377", "content": "？！"}, {"uid": "5127265", "content": "？？？"}, {"uid": "40900416", "content": "？？？？？"}, {"uid": "8101295", "content": "？？？？？？？？？？？"}, {"uid": "9464076", "content": "。。。"}, {"uid": "4464632", "content": "才没有"}, {"uid": "23562069", "content": "草"}, {"uid": "19553739", "content": "？？？？？"}, {"uid": "2315530", "content": "六岁不是更好吗"}, {"uid": "451764", "content": "好家伙"}, {"uid": "98654326", "content": "？？？？"}, {"uid": "95326490", "content": "？？？？"}, {"uid": "8540019", "content": "？？"}, {"uid": "4761312", "content": "乾杯？"}, {"uid": "58069", "content": "草？屑栗子你教什么呢"}, {"uid": "143947115", "content": "？"}, {"uid": "19649034", "content": "？？？？"}, {"uid": "25873203", "content": "！！！！！！？？？？？"}, {"uid": "24739403", "content": "草"}, {"uid": "36113303", "content": "？？？？？"}, {"uid": "8970956", "content": "？？？？？？？？"}, {"uid": "405874095", "content": "草"}, {"uid": "82917582", "content": "哈？"}, {"uid": "152489", "content": "草、やめろ"}, {"uid": "11033771", "content": "草"}, {"uid": "23562069", "content": "风评被害"}, {"uid": "2406699", "content": "？？？？"}, {"uid": "7833743", "content": "？？？？"}, {"uid": "4113427", "content": "中国人啊这"}, {"uid": "304633883", "content": "？？？？？"}, {"uid": "12776380", "content": "唉？！"}, {"uid": "12343804", "content": "草"}, {"uid": "12343804", "content": "？？？"}, {"uid": "8101295", "content": "？？？"}, {"uid": "45467831", "content": "？？？？？"}, {"uid": "7775751", "content": "草"}, {"uid": "8367382", "content": "草"}, {"uid": "731885", "content": "？？？？"}, {"uid": "179162519", "content": "太草了"}, {"uid": "23281930", "content": "？？？？？？？？？？？？"}, {"uid": "91497430", "content": "草"}, {"uid": "262453520", "content": "???"}, {"uid": "495124084", "content": "草"}, {"uid": "1808632", "content": "？？？？？？？？？？？？？？？"}, {"uid": "304633883", "content": "中国人风评被害"}]