[{"uid": "438103271", "content": "这也能搜出来"}, {"uid": "1451236", "content": "一本正经的胡说八道w"}, {"uid": "65692841", "content": "谷歌：？？？"}, {"uid": "32139273", "content": "草"}, {"uid": "1317731", "content": "最喜欢麻婆豆腐"}, {"uid": "543947819", "content": "哈哈哈哈"}, {"uid": "548598279", "content": "属于给我们整不会了"}, {"uid": "6486338", "content": "离谱"}, {"uid": "18196781", "content": "这是真的真的，熊猫听得懂四川话是真的(￣∀￣)"}, {"uid": "8605613", "content": "绝了jhhhhh"}, {"uid": "8605613", "content": "hhhhhh"}, {"uid": "244270950", "content": "大伙团结一致开始编"}, {"uid": "230243551", "content": "草"}, {"uid": "55950", "content": "现场DD：？？？？？？？？"}, {"uid": "45584928", "content": "草！这就上当了吗？！"}, {"uid": "40613413", "content": "dd骗人的嘴  "}, {"uid": "40613413", "content": "dd"}, {"uid": "40613413", "content": "熊猫只听 四川方言"}, {"uid": "37241311", "content": "？？？？？"}, {"uid": "17808619", "content": "啊～"}, {"uid": "17808619", "content": "瞳孔地震"}, {"uid": "3057496", "content": "草"}, {"uid": "61498796", "content": "好家伙，搜出来的更离谱"}, {"uid": "2114228", "content": "充满智慧的眼神"}, {"uid": "2693867", "content": "熊猫会嘤嘤嘤啊"}, {"uid": "2693867", "content": "很能吃辣椒的，一天要吃好多好多辣椒"}, {"uid": "3038448", "content": "熊猫里面都是人，当然听得懂了"}, {"uid": "8300862", "content": "难道是信了吗23333"}, {"uid": "532875431", "content": "就离谱"}, {"uid": "606403022", "content": "就特喵离谱"}, {"uid": "112776970", "content": "不一定，陕西也有2333"}, {"uid": "278486150", "content": "只能听得懂饲养员的四川话"}, {"uid": "221772602", "content": "能听，只能听一点点，不能听多了"}, {"uid": "354112", "content": "我已经完全理解了"}, {"uid": "361047150", "content": "会，可以吃竹笋火锅"}, {"uid": "439819", "content": "你们够了啊"}, {"uid": "77488393", "content": "草"}, {"uid": "73242223", "content": "一本正经"}, {"uid": "15850136", "content": "惊了！"}, {"uid": "786526", "content": "草  熊猫会叫吗"}, {"uid": "153736", "content": "离谱程度越来越高"}, {"uid": "153736", "content": "震惊饼饼一整年"}, {"uid": "231136", "content": "会 还是吃特辣"}, {"uid": "773433", "content": "也算听得懂www"}, {"uid": "483498", "content": "哈哈"}, {"uid": "77488393", "content": "震惊饼饼"}, {"uid": "40671792", "content": "人晕了"}, {"uid": "1818476", "content": "吃完了还会说巴适得很"}, {"uid": "10436983", "content": "听得懂盆盆奶"}, {"uid": "231136", "content": "草"}, {"uid": "434364483", "content": "四川人人手骑着一只"}, {"uid": "742286", "content": "真的真的"}, {"uid": "830472", "content": "太草了"}, {"uid": "526404037", "content": "离谱"}, {"uid": "22503094", "content": "熊猫会嘤嘤嘤"}, {"uid": "341536", "content": "信息量过大，当机了"}, {"uid": "5328451", "content": "四川熊猫喜欢吃麻辣竹笋"}, {"uid": "81614539", "content": "我还会说大象话"}, {"uid": "77488393", "content": "草"}, {"uid": "19686150", "content": "非静止画面"}, {"uid": "786526", "content": "草"}, {"uid": "188050024", "content": "还会吃火锅"}, {"uid": "67102378", "content": "听得懂个串串"}, {"uid": "434211960", "content": "是的捏"}, {"uid": "4957753", "content": "cao"}, {"uid": "236494", "content": "草www"}, {"uid": "2232854", "content": "哈哈哈太坏了这条弹幕"}, {"uid": "112845", "content": "嗯"}, {"uid": "20901496", "content": "..."}, {"uid": "181359", "content": "哈哈哈哈"}, {"uid": "22553432", "content": "？"}, {"uid": "22553432", "content": "？"}]