[{"uid": "97721", "content": "“好快！比xxxx还快”（不是"}, {"uid": "12223654", "content": "确实 我一般还有另外一头帮我背书包"}, {"uid": "12223654", "content": "草www"}, {"uid": "365074206", "content": "查牌了，快把你的熊猫开走"}, {"uid": "365074206", "content": "哈哈哈哈哈哈哈哈哈哈，你的熊猫停了别人的车位"}, {"uid": "365074206", "content": "哈哈哈哈"}, {"uid": "365074206", "content": "哈哈哈哈哈"}, {"uid": "365074206", "content": "好厉害啊啊啊"}, {"uid": "365074206", "content": "好可爱"}, {"uid": "427550197", "content": "握草"}, {"uid": "114522730", "content": "这个修炼不到家的才会这样！"}, {"uid": "9713141", "content": "那个把狗燃成熊猫的"}, {"uid": "8540019", "content": "叼着面包跑步上学半路被喜欢的人骑着熊猫撞了"}, {"uid": "6101656", "content": "草"}, {"uid": "929668", "content": "熊猫不是蚩尤的坐骑吗"}, {"uid": "2014713", "content": "哈哈哈哈哈哈哈哈"}, {"uid": "401729568", "content": "骑熊猫上学，上辈子是蚩尤吗？"}, {"uid": "15138435", "content": "草www笑死我了"}, {"uid": "444660", "content": "蚩尤也骑啊"}, {"uid": "65008330", "content": "毛很硬不是看起来毛茸茸的感觉"}, {"uid": "15589683", "content": "身在曹营心在汉"}, {"uid": "354112", "content": "这里说的是功夫熊猫吧"}, {"uid": "354112", "content": "你的熊猫推头太严重"}, {"uid": "354112", "content": "擂台上输掉的才会被送到国外"}, {"uid": "434944472", "content": "不被发现就不会被抓【doge】"}, {"uid": "27850932", "content": "蚩尤坐骑到底是怎么说成熊猫的"}, {"uid": "52453166", "content": "熊猫在山地能跑得比人在平地的最快记录还快"}, {"uid": "805779", "content": "尘外gck"}, {"uid": "25012968", "content": "骑熊猫上学你以为你是乱马啊"}, {"uid": "532612", "content": "人均蚩尤"}, {"uid": "532612", "content": "哈哈哈哈 倒放罢了"}, {"uid": "407217061", "content": "？"}, {"uid": "13421656", "content": "熊猫可是战宠啊！！！"}, {"uid": "17622817", "content": "蚩尤：正是在下"}, {"uid": "32776057", "content": "隐忍"}, {"uid": "116556", "content": "隐藏能力"}, {"uid": "22271897", "content": "草"}, {"uid": "4045162", "content": "倒放，草"}, {"uid": "300255", "content": "饼饼 聪明 饼饼"}, {"uid": "4912018", "content": "草"}, {"uid": "364101754", "content": "但是能骑在自己的大象上（"}, {"uid": "52453166", "content": "徐庶进曹营"}, {"uid": "37241311", "content": "哈哈哈，没错"}, {"uid": "51545398", "content": "因为那玩意真的很能打，熊族战力第三"}, {"uid": "20214644", "content": "草"}, {"uid": "19199254", "content": "哈哈哈哈哈哈"}, {"uid": "4045162", "content": "疯狂脑补"}, {"uid": "4045162", "content": "离谱"}, {"uid": "1616572", "content": "这个时候尘外佬出现了hhhhh"}, {"uid": "179162519", "content": "可爱可爱"}, {"uid": "471087", "content": "水土不服"}, {"uid": "15613284", "content": "草"}]