[{"uid": "226831548", "content": "强啊"}, {"uid": "11431307", "content": "有内味"}, {"uid": "52433747", "content": "哇 饼饼这年轻人的反应"}, {"uid": "4464632", "content": "好快的水银"}, {"uid": "4464632", "content": "秀"}, {"uid": "4464632", "content": "要是劲夫反杀了。皇子这波必top0"}, {"uid": "4464632", "content": "皇子被卡位了还行"}, {"uid": "263901383", "content": "有那味了，噗"}, {"uid": "1616572", "content": "饼饼细啊"}, {"uid": "1616572", "content": "这皇子也太草了吧www"}, {"uid": "179162519", "content": "可爱"}]