[{"uid": "508732965", "content": "手好小呀"}, {"uid": "482577692", "content": "手手肥肥胖胖好可爱"}, {"uid": "81614539", "content": "不要停下来啊"}, {"uid": "2315530", "content": "要搅到发白没有颗粒才行啊"}, {"uid": "9065270", "content": "草"}, {"uid": "9065270", "content": "耳朵！！"}, {"uid": "5005004", "content": "加油！"}, {"uid": "5005004", "content": "我看到这些vtuber 都好用心啊 关注 和给赞了希望能够支持到你"}, {"uid": "13480579", "content": "这小肉手确实可爱，看起来口感也上佳"}, {"uid": "11160179", "content": "草"}, {"uid": "38242335", "content": "想娶回家了"}, {"uid": "38242335", "content": "贤惠"}, {"uid": "38242335", "content": "超美丽3D"}, {"uid": "27182312", "content": "呀咩咯！"}, {"uid": "300255", "content": "饿了！"}, {"uid": "13358463", "content": "耶耶耶"}, {"uid": "16953187", "content": "哈哈哈"}, {"uid": "16953187", "content": "草"}, {"uid": "179162519", "content": "可爱可爱"}, {"uid": "1708527", "content": "指甲装饰真的不会揉进面团里去吗"}, {"uid": "1708527", "content": "我也是这样分离蛋黄的我和饼饼贴贴！"}, {"uid": "438984095", "content": "什么都见过（确信"}, {"uid": "361199544", "content": "草"}, {"uid": "24871527", "content": "88888888"}, {"uid": "24871527", "content": "草"}, {"uid": "24871527", "content": "胖乎乎的手好耶"}, {"uid": "248829272", "content": "在现场，可爱的手手"}]