[{"uid": "693929898", "content": "不好骗了这孩子"}, {"uid": "693929898", "content": "不亲眼见到就是不信哈哈"}, {"uid": "168242503", "content": "以后见到仙人记得发根华子"}, {"uid": "168242503", "content": "前方道友，减速慢行"}, {"uid": "365074206", "content": "好可爱"}, {"uid": "365074206", "content": "哈哈哈哈好可爱"}, {"uid": "365074206", "content": "哈哈哈哈"}, {"uid": "259169", "content": "栗子：你不要过来啊"}, {"uid": "259169", "content": "已经分辨不出来了www"}, {"uid": "670922", "content": "老蚩尤了"}, {"uid": "248200467", "content": "来将可留姓名！"}, {"uid": "13245453", "content": "御剑跟着我"}, {"uid": "266812299", "content": "哈哈哈哈哈哈"}, {"uid": "266812299", "content": "饼饼和栗子两个沙雕？？？"}, {"uid": "7153723", "content": "奇怪的理解增加了"}, {"uid": "7153723", "content": "？？？？"}, {"uid": "7153723", "content": "踩竹子确实有"}, {"uid": "13453614", "content": "瞪大了眼睛"}, {"uid": "27421060", "content": "才看到是大白兔白不白，我也关注了"}, {"uid": "22244376", "content": "完了完了，全完了，误会加深了"}, {"uid": "407438275", "content": "饼饼真好骗"}, {"uid": "203032934", "content": "？？？"}, {"uid": "76512273", "content": "问题在这吗？"}, {"uid": "52453166", "content": "会投币了，难得"}, {"uid": "52453166", "content": "栗子：大可不必"}, {"uid": "52453166", "content": "栗子：不不不，太羞耻了"}, {"uid": "434364483", "content": "投币太草了"}, {"uid": "3602414", "content": "暗示投币"}, {"uid": "258254750", "content": "因为坐着会割到屁股"}, {"uid": "12745615", "content": "御剑飞行"}, {"uid": "40613413", "content": "义务教育不代表都学出师了  嘿嘿嘿"}, {"uid": "15069166", "content": "wwwwwww"}, {"uid": "662080205", "content": "是的没错，我也是觉得这也是骗人的，不讲真话"}, {"uid": "662080205", "content": "这位兄弟，我看你是骗人的吧"}, {"uid": "28613079", "content": "何方道友在此渡劫"}, {"uid": "2841692", "content": "不过这个太危险了，万一打到人不好"}, {"uid": "36480329", "content": "神tm识之律者"}, {"uid": "406097113", "content": "关注点是在这吗"}, {"uid": "8381668", "content": "草"}, {"uid": "241818822", "content": "毫 无 长 进"}, {"uid": "876263", "content": "连夜逃离中国"}, {"uid": "37241311", "content": "！试试御剑吗？哈哈哈"}, {"uid": "12920566", "content": "爽朗的笑声"}, {"uid": "390157807", "content": "凡人修仙传。。。韩老魔。。"}, {"uid": "7577621", "content": "怎么可能会有啊哈哈哈"}, {"uid": "8540019", "content": "大师兄，你白龙马呢？"}, {"uid": "49298882", "content": "这个是个精神病"}, {"uid": "4298071", "content": "等一下，这货在跳hot limit吧"}, {"uid": "39224085", "content": "哈哈哈哈"}, {"uid": "34593348", "content": "蚌埠住了"}, {"uid": "87896682", "content": "投币了"}, {"uid": "87896682", "content": "斗宗强者"}, {"uid": "2915772", "content": "我都不投币的，她竟然记得"}, {"uid": "58069", "content": "草"}, {"uid": "857151", "content": "原本是摩托么"}, {"uid": "179162519", "content": "太可爱了"}, {"uid": "289902628", "content": "塔塔开，一自摸塔塔开"}, {"uid": "289902628", "content": "抽烟的仙人"}, {"uid": "3970880", "content": "风评被害了"}, {"uid": "11083062", "content": "喂"}, {"uid": "11083062", "content": "草"}, {"uid": "11083062", "content": "草"}, {"uid": "13182695", "content": "这是广义上的中国人……"}, {"uid": "2984580", "content": "特斯拉剑不需要刹车"}, {"uid": "55950", "content": "栗子：你脑子有病吧"}, {"uid": "2567044", "content": "草，饼饼对于熊猫的执念好大啊"}, {"uid": "365074206", "content": "哈哈哈哈"}, {"uid": "82539877", "content": "这不算风评被害，这是放飞自我"}, {"uid": "221772602", "content": "风评被害"}, {"uid": "95840676", "content": "圣杯战争，草"}, {"uid": "7374249", "content": "草，风评被害"}, {"uid": "318045458", "content": "因为油贵"}, {"uid": "238567937", "content": "好像跟没看完一样。我记得后边应该还有"}, {"uid": "364101754", "content": "栗子：你脑袋没问题吧？"}, {"uid": "13453614", "content": "哈哈哈哈"}, {"uid": "662080205", "content": "这位兄弟，我看你一定是来骗人的吧"}, {"uid": "319398", "content": "cool china"}, {"uid": "10828297", "content": "眼睛大大像铜铃"}, {"uid": "2915772", "content": "emmm大概会的"}, {"uid": "5615408", "content": "下面居然就是现代圣杯战争"}, {"uid": "9869876", "content": "so da yo"}, {"uid": "365074206", "content": "哈哈哈哈"}, {"uid": "24399549", "content": "？？？？"}, {"uid": "52453166", "content": "半真半假最为致命"}, {"uid": "6109386", "content": "星之卡比"}, {"uid": "12745615", "content": "那是演员啊饼饼！"}, {"uid": "38241831", "content": "关注点是不是搞错了。"}, {"uid": "197871755", "content": "笑死我了"}, {"uid": "354112", "content": "我们都是打真的，不能光比划"}, {"uid": "130962810", "content": "何方道友在此渡劫"}, {"uid": "38028720", "content": "会变成视频素材()"}, {"uid": "313764160", "content": "凡人修仙传？"}, {"uid": "179265000", "content": "是哪位道友在此渡劫"}, {"uid": "87896682", "content": "御剑飞行"}, {"uid": "11083062", "content": "nonono"}, {"uid": "11083062", "content": "草"}, {"uid": "2842559", "content": "草"}, {"uid": "407438275", "content": "？？？"}, {"uid": "549964341", "content": "草"}, {"uid": "365074206", "content": "来吧来吧"}, {"uid": "10153736", "content": "现代圣杯战争是真好看"}, {"uid": "266812299", "content": "？？？"}, {"uid": "364101754", "content": "误会加深"}, {"uid": "2501321", "content": "不奇怪就不会拍成视频了"}, {"uid": "3651311", "content": "栗子：？？？"}, {"uid": "476196093", "content": "你好会的"}, {"uid": "476196093", "content": "sodayo"}, {"uid": "41870923", "content": "男巫"}, {"uid": "87896682", "content": "真的"}, {"uid": "476817", "content": "草"}, {"uid": "11083062", "content": "？？？？？"}, {"uid": "22798829", "content": "草"}, {"uid": "5437607", "content": "热乎"}, {"uid": "693929898", "content": "大圣收了神通吧！"}, {"uid": "693929898", "content": "蚌埠住了"}, {"uid": "3602414", "content": "？？。。。。，"}, {"uid": "662080205", "content": "你知道他为什么要"}, {"uid": "36343432", "content": "踩竹子那个确实有"}, {"uid": "8381668", "content": "草"}, {"uid": "247738282", "content": "确实，来吧来吧（"}, {"uid": "3444119", "content": "哈哈哈哈哈"}, {"uid": "9464076", "content": "真的"}, {"uid": "87896682", "content": "这个是真的"}, {"uid": "87896682", "content": "？？？"}, {"uid": "2842559", "content": "duel！"}, {"uid": "92901099", "content": "wwwwwwwwww"}, {"uid": "317733565", "content": "御剑而行"}, {"uid": "8984532", "content": "塔塔开！"}, {"uid": "404766", "content": "仙人在抽烟呢"}, {"uid": "476196093", "content": "草"}, {"uid": "8367382", "content": "wwwwwwwww"}, {"uid": "16953187", "content": "在日本做不就好了么2333"}, {"uid": "4912018", "content": "草"}, {"uid": "266812299", "content": "嘶"}, {"uid": "158412795", "content": "以雷霆击碎黑暗！！！"}, {"uid": "9019692", "content": "会进你在看的视频"}, {"uid": "407438275", "content": "草"}, {"uid": "12745615", "content": "哈哈哈"}, {"uid": "662080205", "content": "你知道"}, {"uid": "662080205", "content": "这位兄弟我看你一定是来骗人的吧，你会确定祖国人会骑着熊猫上路，踩着竹子浮水吗？我一眼就能看得出来你是来骗人的。"}, {"uid": "3444119", "content": "？？？？？"}, {"uid": "2007142", "content": "草"}, {"uid": "167243265", "content": "草"}, {"uid": "364101754", "content": "这个不是中国人啊哈哈哈哈哈哈哈哈"}, {"uid": "289902628", "content": "千   里   走   单   骑"}]