[{"uid": "1473602492", "content": "健身环？？？"}, {"uid": "12372377", "content": "遮了个寂寞"}, {"uid": "22965915", "content": "lulu！！她太笨蛋了www"}, {"uid": "40350299", "content": "DD"}, {"uid": "77488393", "content": "dd"}, {"uid": "4150523", "content": "lulu"}, {"uid": "7554731", "content": "哈哈哈哈哈哈dd"}, {"uid": "9373340", "content": "遮了个寂寞"}, {"uid": "443610176", "content": "？？？？？？？"}, {"uid": "13182695", "content": "笨饼饼，好可爱"}, {"uid": "9665103", "content": "不会翻历史记录哈哈"}, {"uid": "35626727", "content": "那昆虫、蜘蛛呢？("}, {"uid": "7833743", "content": "哈哈哈哈哈哈哈哈"}, {"uid": "191154", "content": "草"}, {"uid": "112776970", "content": "你也DDlulu啊2333"}, {"uid": "112776970", "content": "这不是373嘛2333"}, {"uid": "38242335", "content": "有没有小哥哥的视频 让我康康"}, {"uid": "6402603", "content": "谁不喜欢喜欢狗子呢"}, {"uid": "6402603", "content": "别害羞，让我康康"}, {"uid": "285459327", "content": "此地无D三百个 哈哈哈"}, {"uid": "115981", "content": "？"}, {"uid": "1916392", "content": "草"}, {"uid": "179162519", "content": "可爱"}, {"uid": "179162519", "content": "可爱可爱"}, {"uid": "22503094", "content": "实锤了"}, {"uid": "172217033", "content": "373草"}, {"uid": "24871527", "content": "lulu哈哈哈"}, {"uid": "15882219", "content": "秃秃今天绝育了嘛doge"}, {"uid": "2950464", "content": "一转撸猫"}, {"uid": "98654326", "content": "lulu 草"}, {"uid": "1991002", "content": "不需要害羞啊，学外语是这样的"}, {"uid": "71545650", "content": "好家伙"}, {"uid": "4912018", "content": "草"}, {"uid": "57209817", "content": "来了诶"}]