[{"uid": "512756", "content": "没事，来中国以后隔离完顺便去打个疫苗"}, {"uid": "65692841", "content": "熊猫：不要不识抬举，给我恰"}, {"uid": "434085749", "content": "谢彬是谁"}, {"uid": "2232854", "content": "迪〇尼公主吗？"}, {"uid": "2232854", "content": "万  国"}, {"uid": "35952095", "content": "逐渐离谱"}, {"uid": "388280251", "content": "wwwwwwwwwww"}, {"uid": "388280251", "content": "草"}, {"uid": "7554731", "content": "373可以一战"}, {"uid": "112776970", "content": "栗子比你来的都早，肯定愿意"}, {"uid": "22782399", "content": "能说话的熊猫果然是假扮的"}, {"uid": "669827019", "content": "栗子"}, {"uid": "11346838", "content": "难道不是dd,dd吗"}, {"uid": "52453166", "content": "四川话里饼饼=粑粑，所以熊猫会说：粑粑结"}, {"uid": "52453166", "content": "栗子：你直接报我名儿得了"}, {"uid": "434944472", "content": "都是人拌的doge"}, {"uid": "273150799", "content": "在变了在变了"}, {"uid": "25027236", "content": "哈哈"}, {"uid": "3659432", "content": "草"}, {"uid": "179162519", "content": "可爱可爱"}, {"uid": "568252964", "content": "草"}, {"uid": "16953187", "content": "草"}, {"uid": "1672493", "content": "彬彬？这个彬彬就是逊啦。"}, {"uid": "6683157", "content": "太难了"}, {"uid": "614079", "content": "草"}, {"uid": "329102902", "content": "草"}, {"uid": "329102902", "content": "毕生所学"}, {"uid": "407217061", "content": "发个弹幕"}, {"uid": "112776970", "content": "栗子姐怎么样？"}, {"uid": "176701", "content": "要不在中国待一两年再回日本"}, {"uid": "188050024", "content": "栗子？"}]