[{"uid": "25725791", "content": "笑死我了，哈哈哈"}, {"uid": "4922797", "content": "饱了饱了"}, {"uid": "197871755", "content": "居然是国服"}, {"uid": "12343804", "content": "6666"}, {"uid": "179249103", "content": "啊这"}, {"uid": "34999078", "content": "草草草"}, {"uid": "28242641", "content": "十伯"}, {"uid": "11215336", "content": "草"}, {"uid": "12745615", "content": "全场欢呼"}, {"uid": "34814982", "content": "2333333"}, {"uid": "7394581", "content": "nice！"}, {"uid": "10856525", "content": "草"}, {"uid": "116556", "content": "哈哈哈哈技能全空"}, {"uid": "5449989", "content": "这波是预判了腕豪的大"}, {"uid": "18392898", "content": "一千块！！！"}, {"uid": "9643544", "content": "www"}, {"uid": "9643544", "content": "来了来了"}, {"uid": "34959019", "content": "草"}, {"uid": "34959019", "content": "啊这"}, {"uid": "278199", "content": "草"}, {"uid": "25725791", "content": "你好"}, {"uid": "19934397", "content": "啊这"}, {"uid": "34959019", "content": "？？？？"}, {"uid": "19504081", "content": "我脑溢血了"}]