[{"uid": "22965915", "content": "危！"}, {"uid": "22965915", "content": "哈哈哈"}, {"uid": "389865825", "content": "把入浴剂当营养液用"}, {"uid": "389865825", "content": "这不是赛亚人吗"}, {"uid": "24734421", "content": "笑死"}, {"uid": "2232854", "content": "哈哈哈"}, {"uid": "3679393", "content": "hso"}, {"uid": "87896682", "content": "毛人凤"}, {"uid": "35626727", "content": "同传不懂23333"}, {"uid": "35626727", "content": "痛什么！？"}, {"uid": "355037395", "content": "委屈"}, {"uid": "15345292", "content": "好家伙，用绷带敷在身上岂不是就直接金刚不坏了"}, {"uid": "2091174", "content": "哈哈哈哈哈"}, {"uid": "2091174", "content": "草"}, {"uid": "64916536", "content": "所以说,群友都教了什么"}, {"uid": "8795238", "content": "草"}, {"uid": "52433747", "content": "凶手竟是女警官"}, {"uid": "7457104", "content": "好家伙包治百病"}, {"uid": "86458", "content": "一转哥哥在看直播"}, {"uid": "16953187", "content": "草"}, {"uid": "39126077", "content": "经典迫害雅木茶"}, {"uid": "39126077", "content": "大 力 丸"}, {"uid": "10166206", "content": "毛人毛事"}, {"uid": "38028720", "content": "偷了哥哥的入浴剂好开心啊"}, {"uid": "4296441", "content": "作案现场"}, {"uid": "2091174", "content": "偷偷的"}, {"uid": "118268", "content": "草"}, {"uid": "295936", "content": "草"}, {"uid": "295936", "content": "cao1"}, {"uid": "11083062", "content": "wwwwwww"}]