[{"uid": "1017075360", "content": "当铺李死"}, {"uid": "1017075360", "content": "按英语成绩分班？还有这么狗的"}, {"uid": "1360954", "content": "草离谱"}, {"uid": "9665103", "content": "神机妙算"}, {"uid": "9665103", "content": "说自己笨重复了"}, {"uid": "9065270", "content": "相声素材"}, {"uid": "439819", "content": "要从基础补起来了"}, {"uid": "439819", "content": "饺子不是水果吧"}, {"uid": "6402603", "content": "草"}, {"uid": "56904576", "content": "懂了，你是秀吉"}, {"uid": "88596436", "content": "草"}, {"uid": "88596436", "content": "草"}, {"uid": "123391026", "content": "《自我介绍》"}, {"uid": "2232854", "content": "基本上有芳文社主角团内味了"}, {"uid": "34972564", "content": "其实就是拼音"}, {"uid": "34959019", "content": "写个别的也好啊"}, {"uid": "34959019", "content": "？"}, {"uid": "36180732", "content": "破放了"}, {"uid": "36180732", "content": "不要在这方面自信啊"}, {"uid": "1467133", "content": "abandon"}, {"uid": "34814982", "content": "2333333"}, {"uid": "388280251", "content": "w"}, {"uid": "388280251", "content": "w"}, {"uid": "2357671", "content": "apple"}, {"uid": "2078560", "content": "笨蛋实验召唤兽"}, {"uid": "179162519", "content": "可爱可爱"}, {"uid": "9157238", "content": "为啥我联想到笨蛋测试召唤兽了"}, {"uid": "11337444", "content": "gyoza其实也可以来着 jiaozi也行"}, {"uid": "358368", "content": "草"}, {"uid": "20044123", "content": "莫名自信"}, {"uid": "4045162", "content": "草"}, {"uid": "407438275", "content": "草"}, {"uid": "25027236", "content": "jiaozi"}, {"uid": "773433", "content": "草"}, {"uid": "91497430", "content": "～～"}, {"uid": "9152421", "content": "不愧是大聪明，可爱的大聪明"}, {"uid": "632010", "content": "少壮不努力老大vtb"}, {"uid": "22477451", "content": "诚实"}, {"uid": "241563983", "content": "哈哈哈哈"}, {"uid": "174327", "content": "笨蛋测验召唤兽？"}, {"uid": "4045162", "content": "草"}, {"uid": "49864222", "content": "？？？？"}, {"uid": "24399549", "content": "确实"}]