[{"uid": "2091174", "content": "谢谢你任天堂"}, {"uid": "6814098", "content": "哈哈，小宅女"}, {"uid": "379030295", "content": "原来牡蛎是这个意思hhh"}, {"uid": "476498836", "content": "这生草的翻译，一看staff表，不愧是你，punk佬[雪未来_忍住不笑][初音未来_nice]"}, {"uid": "19934397", "content": "饼饼好色哦"}, {"uid": "10975980", "content": "草"}, {"uid": "263901383", "content": "哈哈哈哈哈"}, {"uid": "2513089", "content": "累到晕厥哈哈哈哈哈哈哈"}, {"uid": "2513089", "content": "怀疑人生哈哈哈哈哈哈哈"}, {"uid": "889677", "content": "哈哈哈哈哈哈"}, {"uid": "400649", "content": "经典牡蛎"}, {"uid": "4045162", "content": "发生甚么事了"}, {"uid": "4045162", "content": "离谱"}, {"uid": "4045162", "content": "草"}, {"uid": "4045162", "content": "牡蛎~"}, {"uid": "4045162", "content": "累到喊妈妈"}, {"uid": "4045162", "content": "草"}, {"uid": "9643544", "content": "男妈妈来了"}]