[{"uid": "111631820", "content": "上头"}, {"uid": "74231667", "content": "老丈育了"}, {"uid": "157371507", "content": "哈哈哈哈哈"}, {"uid": "340077269", "content": "真上头"}, {"uid": "340077269", "content": "哈哈哈哈，"}, {"uid": "187956194", "content": "眯眯眼好可爱"}, {"uid": "24670382", "content": "天皇出征"}, {"uid": "804676", "content": "草"}, {"uid": "24311733", "content": "我挑"}, {"uid": "103958621", "content": "我裂开了"}, {"uid": "8250882", "content": "路见不平=道路不平坦    草"}, {"uid": "428437268", "content": "出现了人传人现象"}, {"uid": "15480953", "content": "确实是太秀了"}, {"uid": "437646598", "content": "纳尼？"}, {"uid": "2148668", "content": "哈哈哈哈和我第一次看是一个反应，诶"}, {"uid": "2772334", "content": "好怪哦，再看一遍"}, {"uid": "112776970", "content": "这个日语直译版本可逗了23333"}, {"uid": "112776970", "content": "哈哈哈哈哈哈哈哈"}, {"uid": "112776970", "content": "这个可生草了2333"}, {"uid": "357058238", "content": "萌混过关"}, {"uid": "409586884", "content": "草"}, {"uid": "29765743", "content": "哈哈，笑死了"}, {"uid": "153011464", "content": "孩子傻了"}, {"uid": "40613413", "content": "和oto一样都喜欢这第一句  草www"}, {"uid": "364828", "content": "想看日文版《难念的经》"}, {"uid": "440132386", "content": "wwww"}, {"uid": "247706", "content": "直接陷入沉思"}, {"uid": "440132386", "content": "太草了www"}, {"uid": "62235387", "content": "“但还是再听一次吧”"}, {"uid": "62235387", "content": "这时的dd们还没有意识到，这不是这首歌在今晚的结束，而是开始"}, {"uid": "12487444", "content": "丁克森的哈哈哈"}, {"uid": "215901491", "content": "哈哈"}, {"uid": "895261", "content": "摇头饼饼太可爱了"}, {"uid": "322569054", "content": "刘欢牛逼"}, {"uid": "13972196", "content": "草    学会了"}, {"uid": "130554", "content": "因为这是原唱啊。。。"}, {"uid": "266812299", "content": "点赞投币好习惯"}, {"uid": "266812299", "content": "草"}, {"uid": "91497430", "content": "草"}, {"uid": "3931480", "content": "上头了"}, {"uid": "2513089", "content": "你看孩子笑得多开心"}, {"uid": "339023852", "content": "だからよ 止まるんじゃねぞdoge"}, {"uid": "22244376", "content": "草"}, {"uid": "10856525", "content": "哈哈哈"}, {"uid": "871494", "content": "好怪哦，再听一遍"}, {"uid": "1525228", "content": "哈哈哈哈哈哈哈，加密通话"}, {"uid": "568252964", "content": "wwwwwwwww"}, {"uid": "568252964", "content": "草"}, {"uid": "5437607", "content": "换发色了？"}, {"uid": "8899706", "content": "太怪了，再看一眼"}, {"uid": "407217061", "content": "总能找到亮点"}, {"uid": "755531", "content": "果然读成水许传了"}, {"uid": "4045162", "content": "草，入脑了"}, {"uid": "4045162", "content": "草，上头"}, {"uid": "4045162", "content": "草"}, {"uid": "11300145", "content": "笑死了"}, {"uid": "9373340", "content": "草，这个暂停我已经开始笑了"}, {"uid": "1525228", "content": "诶？发现事情不对劲的饼饼"}, {"uid": "755531", "content": "震撼饼饼"}, {"uid": "340077269", "content": "我尼玛直接笑出声"}, {"uid": "179162519", "content": "太可爱了"}, {"uid": "6683157", "content": "太草了"}, {"uid": "15850136", "content": "惊了"}, {"uid": "291858204", "content": "来早了"}, {"uid": "8899706", "content": "诶也太草了wwww"}, {"uid": "407438275", "content": "草"}, {"uid": "11083062", "content": "菜草"}, {"uid": "305072215", "content": "啊这"}, {"uid": "22244376", "content": "唉"}, {"uid": "84053809", "content": "哈哈哈哈"}, {"uid": "30819396", "content": "诶？"}, {"uid": "91497430", "content": "噔噔咚"}, {"uid": "2019473", "content": "白髪可愛"}, {"uid": "2019473", "content": "草"}, {"uid": "895261", "content": "草"}, {"uid": "2513089", "content": "上头了"}, {"uid": "296573105", "content": "哈哈哈"}, {"uid": "451631504", "content": "丁克森，看你把人害的"}, {"uid": "16019304", "content": "变成白毛惹"}, {"uid": "130554", "content": "噗"}]