[{"uid": "2012857032", "content": "妙"}, {"uid": "23091742", "content": "吃席辣，吃席辣，我坐小孩那桌"}, {"uid": "179162519", "content": "可爱可爱"}, {"uid": "6811048", "content": "草"}, {"uid": "11289785", "content": "你的思想很危险啊"}, {"uid": "7454324", "content": "草"}, {"uid": "11083062", "content": "悍匪超度"}, {"uid": "2535375", "content": "233333"}, {"uid": "58069", "content": "草"}, {"uid": "2780116", "content": "最高指令"}, {"uid": "1597017", "content": "完美配合"}, {"uid": "7554731", "content": "疯了"}, {"uid": "490351655", "content": "草"}, {"uid": "2513089", "content": "开始吟唱"}, {"uid": "91497430", "content": "哈哈哈"}, {"uid": "2056917020", "content": "草"}]