[{"uid": "23562069", "content": "gachi能量太高了"}, {"uid": "5902017", "content": "ohhhhhhhh"}, {"uid": "22965915", "content": "广告位招租可还行"}, {"uid": "22965915", "content": "哈哈哈哈，这"}, {"uid": "22965915", "content": "ohhhhhhhh！！"}, {"uid": "22965915", "content": "溜皮"}, {"uid": "65692841", "content": "又哭又笑哈哈哈哈"}, {"uid": "65692841", "content": "流弊流弊"}, {"uid": "2357393", "content": "饼饼不会一键啊"}, {"uid": "11160179", "content": "ohhhhhhhhhhhhhhhh"}, {"uid": "11160179", "content": "太强了"}, {"uid": "11160179", "content": "ohhhhhhhhhhhhhhhh"}, {"uid": "11160179", "content": "ohhhhhhhhhhhhhhhh"}, {"uid": "11160179", "content": "前方高能"}, {"uid": "11160179", "content": "gachi"}, {"uid": "11160179", "content": "龟龟"}, {"uid": "2232854", "content": "三连大礼"}, {"uid": "2232854", "content": "这就是单推人的境界吗？"}, {"uid": "2232854", "content": "好家伙"}, {"uid": "2232854", "content": "你好强大！"}, {"uid": "4150523", "content": "好强"}, {"uid": "122483625", "content": "ohhhhhhhhhh"}, {"uid": "122483625", "content": "强啊"}, {"uid": "122483625", "content": "可爱啊 单推了"}, {"uid": "43283902", "content": "这就是大佬吗"}, {"uid": "88925430", "content": "卧槽"}, {"uid": "118268", "content": "太强了"}, {"uid": "60655591", "content": "卧槽。强"}, {"uid": "24871527", "content": "泪目"}, {"uid": "8795238", "content": "www好熟练"}, {"uid": "8795238", "content": "Gachi力太高了"}, {"uid": "661139055", "content": "泪目"}, {"uid": "7861653", "content": "yysy，的确像毕业回粉丝对v发泄出来的爱，真的强大"}, {"uid": "38908125", "content": "tql"}, {"uid": "15950", "content": "厉害"}, {"uid": "22534652", "content": "果然建了个宝藏"}, {"uid": "11582977", "content": "强啊！"}, {"uid": "28226644", "content": "草"}, {"uid": "28226644", "content": "握草"}, {"uid": "88737440", "content": "下次还敢！"}, {"uid": "14528694", "content": "手动三连可还行"}, {"uid": "45864857", "content": "这太强了"}, {"uid": "13182695", "content": "泪目"}, {"uid": "22553432", "content": "握草"}, {"uid": "1941609", "content": "封面水桶草"}, {"uid": "185872154", "content": "好可爱"}, {"uid": "185872154", "content": "草"}, {"uid": "185872154", "content": "Ohhhhhhhhhhhhhhhhhhhhhhh"}, {"uid": "174327", "content": "太强了"}, {"uid": "179249103", "content": "这也太强了吧"}, {"uid": "15138435", "content": "无情的ありがとbot"}, {"uid": "15138435", "content": "这首歌我居然听过"}, {"uid": "20231997", "content": "强"}, {"uid": "2513089", "content": "小陈你还不签了饼饼！"}, {"uid": "2513089", "content": "孩子停不下来了"}, {"uid": "2513089", "content": "把6岁孩子弄哭了，你们要负起责任啊！"}, {"uid": "2513089", "content": "真正的gachi"}, {"uid": "7437350", "content": "好...好强"}, {"uid": "1308430", "content": "哇！！！！！！！！！"}, {"uid": "55950", "content": "果然是宝物"}, {"uid": "55950", "content": "居然不三连（doge"}, {"uid": "278199", "content": "广告位招租草"}, {"uid": "348005", "content": "ここに集えた奇迹にありがとう"}, {"uid": "6436795", "content": "她真的很可爱！"}, {"uid": "6436795", "content": "wwwwwwwwwwww"}, {"uid": "26623255", "content": "好强"}, {"uid": "273233600", "content": "ohhhhhhhhhh"}, {"uid": "126619", "content": "官方认证gachi~"}]