[{"uid": "441685556", "content": "叠词词恶心心"}, {"uid": "453838103", "content": "我可以"}, {"uid": "695095900", "content": "我来，都让开"}, {"uid": "471731556", "content": "下次丕定"}, {"uid": "471731556", "content": "可爱"}, {"uid": "671121167", "content": "正有此意"}, {"uid": "671121167", "content": "那为什么不叫圆圆呢？（dog）"}, {"uid": "29240411", "content": "我来"}, {"uid": "140357944", "content": "背景音乐是我们上课铃声，草"}, {"uid": "400151955", "content": "我来"}, {"uid": "13831774", "content": "来了"}, {"uid": "13831774", "content": "芜湖起飞"}, {"uid": "194561831", "content": "头上的是本体"}, {"uid": "50955842", "content": "这么大吗"}, {"uid": "96585235", "content": "我来！"}, {"uid": "217165", "content": "这工作人员有问题"}]