[{"uid": "2107967744", "content": "？？？？？？"}, {"uid": "700698", "content": "前面的dna纠正了"}, {"uid": "22534652", "content": "DNA错乱"}, {"uid": "33030701", "content": "rgb！"}, {"uid": "86915356", "content": "hso"}, {"uid": "441394071", "content": "不行了，两只老虎直接想到爱跳舞"}, {"uid": "1332724442", "content": "啊？？"}, {"uid": "186874", "content": "催眠开始了"}, {"uid": "186874", "content": "可爱过量了！"}, {"uid": "8094409", "content": "ouo"}, {"uid": "8094409", "content": "prprprprprpr"}, {"uid": "383177852", "content": "这腿……"}, {"uid": "13174779", "content": "hso wsl"}, {"uid": "216178994", "content": "好活"}, {"uid": "96629881", "content": "可爱"}, {"uid": "6683157", "content": "太可爱了！"}, {"uid": "316012", "content": "诶"}, {"uid": "7611231", "content": "好耶"}, {"uid": "7611231", "content": "总算看到原版歌词了"}, {"uid": "825136", "content": "牛蛙"}, {"uid": "600985", "content": "!!!!!"}, {"uid": "10152236", "content": "还以为是两只老虎爱跳舞了，已经没救了（悲"}, {"uid": "8094409", "content": "suki"}, {"uid": "34817012", "content": "hso"}, {"uid": "21999911", "content": "可爱！"}, {"uid": "352411", "content": "不好好穿袜子"}, {"uid": "174854244", "content": "hso"}]