[{"uid": "500013816", "content": "挺麻了"}, {"uid": "500013816", "content": "66666"}, {"uid": "411887547", "content": "/。"}, {"uid": "107022090", "content": "草"}, {"uid": "19067094", "content": "草"}, {"uid": "10138012", "content": "初见清楚可爱单挑结婚"}, {"uid": "61949", "content": "草"}, {"uid": "18213537", "content": "好绿好绿好绿"}, {"uid": "18561476", "content": "方便的取暖器太真实了"}, {"uid": "6683157", "content": "泪目了"}, {"uid": "6683157", "content": "好听"}, {"uid": "96629881", "content": "别骂了别骂了"}, {"uid": "96629881", "content": "好听"}, {"uid": "696986007", "content": "没有多加，顺序www"}, {"uid": "696986007", "content": "好听"}, {"uid": "696986007", "content": "你的牌子数量，你牌子的数量，口误suki"}, {"uid": "696986007", "content": "这里多加了个的wwww"}, {"uid": "29860653", "content": "单推人来啦‎|•'-'•)و✧"}]