[{"uid": "6605140", "content": "哈哈"}, {"uid": "30149001", "content": "草"}, {"uid": "166612921", "content": "上头"}, {"uid": "288126539", "content": "这点不错~"}, {"uid": "288126539", "content": "哈哈哈哈哈或"}, {"uid": "225462990", "content": "哈哈哈哈哈哈"}, {"uid": "50956", "content": "啊这这...."}, {"uid": "86123575", "content": "片头欺诈（）"}, {"uid": "1767437", "content": "草"}, {"uid": "186874", "content": "我裂开了"}, {"uid": "874549", "content": "前方高能"}, {"uid": "2620499", "content": "裂开了"}, {"uid": "473913303", "content": "草哈哈哈哈哈哈哈哈哈哈哈哈哈哈"}]