[{"uid": "340776744", "content": "233"}, {"uid": "132755", "content": "哈哈哈哈哈哈"}, {"uid": "480679110", "content": "谢(wd)谢(n)你(md)"}, {"uid": "21529150", "content": "确实抹了蜜"}, {"uid": "21529150", "content": "开幕雷击"}, {"uid": "6683157", "content": "草"}, {"uid": "3734964", "content": "小白船还不够阴间嘛"}, {"uid": "14309661", "content": "这里放三天三夜是不是更好（）"}, {"uid": "825136", "content": "草"}, {"uid": "24989336", "content": "wwwwwww"}, {"uid": "1295863", "content": "离 谱"}, {"uid": "37058053", "content": "？？？？？？？"}, {"uid": "1295863", "content": "好活嗷"}, {"uid": "8094048", "content": "好活"}, {"uid": "1927678", "content": "23333333"}, {"uid": "1927678", "content": "憨憨"}, {"uid": "1927678", "content": "危 舰长 危"}, {"uid": "1927678", "content": "wwwwwwwwwwwwwww"}, {"uid": "1456454", "content": "草"}, {"uid": "96629881", "content": "裂开来hhhh"}, {"uid": "600985", "content": "233333"}, {"uid": "15428790", "content": "开幕雷击"}, {"uid": "225462990", "content": "舰长  危"}, {"uid": "225462990", "content": "666"}, {"uid": "150095", "content": "哈哈哈哈哈草"}, {"uid": "9171325", "content": "厉害了"}, {"uid": "1927678", "content": "哈哈哈"}, {"uid": "197712", "content": "草"}, {"uid": "6164849", "content": "师傅别念了"}, {"uid": "37058053", "content": "？？？？"}, {"uid": "150095", "content": "草"}, {"uid": "825136", "content": "草"}, {"uid": "225462990", "content": "哈哈哈哈"}]