[{"uid": "500013816", "content": "我天！！是不是我认识那个苟报瑞？！"}, {"uid": "38382867", "content": "果然是海豹，猫什么的错觉罢了"}, {"uid": "2186707", "content": "mini"}, {"uid": "186874", "content": "mini唱歌 DD落泪"}, {"uid": "2694934", "content": "我不做DD啦"}, {"uid": "50858552", "content": "\\mini/\\mini/\\mini/\\mini/\\mini/\\mini/\\mini/\\mini/\\mini/\\mini/\\mini/\\mini/\\mini/\\mini/\\mini/\\mini/\\min"}, {"uid": "7578894", "content": "图片与实物不符"}, {"uid": "23927527", "content": "\\mini/\\mini/\\mini/"}]