[{"uid": "437001201", "content": "你再骂！"}, {"uid": "628681136", "content": "你再骂！"}, {"uid": "8696216", "content": "我不臭！"}, {"uid": "186874", "content": "太D了"}, {"uid": "251729317", "content": "好听不火（恼）"}, {"uid": "7703367", "content": "多骂点！"}, {"uid": "7703367", "content": "你再骂！"}, {"uid": "40564271", "content": "哦吼"}, {"uid": "147790", "content": "多说点多说点"}, {"uid": "1837673", "content": "我不是DD，我只是单推V圈"}, {"uid": "25048054", "content": "臭DD"}, {"uid": "506203758", "content": "哈哈哈哈"}, {"uid": "506203758", "content": "爱了爱了"}, {"uid": "7703367", "content": "哦吼~"}, {"uid": "7703367", "content": "哦吼~"}]