[{"uid": "26335620", "content": "要不要这么真实啊……"}, {"uid": "8571986", "content": "牛哇"}, {"uid": "400796597", "content": "爪"}, {"uid": "472491943", "content": "这说的肯定有我，没毛病"}, {"uid": "472491943", "content": "真实"}, {"uid": "33059368", "content": "芜湖起飞"}, {"uid": "306797", "content": "草"}, {"uid": "35521598", "content": "真实"}, {"uid": "293349718", "content": "dd之神!!!"}, {"uid": "400829971", "content": "好耶全部单推"}, {"uid": "18541981", "content": "我真在监控室"}, {"uid": "186874", "content": "燃起来了"}, {"uid": "186874", "content": "神龙"}, {"uid": "186874", "content": "XP对上了"}, {"uid": "186874", "content": "ohhhhh"}, {"uid": "186874", "content": "静音无情"}, {"uid": "186874", "content": "是我 没错了"}, {"uid": "6605140", "content": "厉害了"}, {"uid": "147790", "content": "芜湖"}, {"uid": "54256049", "content": "芜湖！"}, {"uid": "44127617", "content": "真实"}, {"uid": "19890305", "content": "D到极致反向单推"}, {"uid": "841332", "content": "燃起来了..我去"}, {"uid": "3315", "content": "公开处刑"}, {"uid": "186874", "content": "太真实了"}, {"uid": "293349718", "content": "草，是我了"}, {"uid": "6605140", "content": "太真实了"}, {"uid": "53068123", "content": "草"}, {"uid": "11688123", "content": "芜湖"}, {"uid": "216178994", "content": "好家伙"}, {"uid": "18541981", "content": "我的现状"}, {"uid": "1246838", "content": "芜湖起飞"}, {"uid": "319763164", "content": "好歌"}, {"uid": "37024163", "content": "\\mini/\\mini/\\mini/\\mini/\\mini/"}]