[{"uid": "19212392", "content": "这句泵不住了"}, {"uid": "420266579", "content": "泪目"}, {"uid": "26335620", "content": "？？？？"}, {"uid": "26335620", "content": "泪目"}, {"uid": "39863934", "content": "好屑的dd啊"}, {"uid": "437001201", "content": "泪目！"}, {"uid": "400796597", "content": "爪"}, {"uid": "24739403", "content": "我错了"}, {"uid": "313859623", "content": "感动"}, {"uid": "64000094", "content": "草！破務了"}, {"uid": "64932999", "content": "泪目了，我好多灰色牌子，呜呜呜"}, {"uid": "3594298", "content": "泪目"}, {"uid": "400829971", "content": "破防了"}, {"uid": "384795", "content": "真实"}, {"uid": "319763164", "content": "泪目"}, {"uid": "8696216", "content": "泪目"}, {"uid": "23927527", "content": "dd斩首！"}, {"uid": "23927527", "content": "说我就是他老婆~"}, {"uid": "186874", "content": "这也太惨了"}, {"uid": "186874", "content": "泪目！"}, {"uid": "186874", "content": "太卑微了"}, {"uid": "296560", "content": "泪目"}, {"uid": "52661868", "content": "扎心了"}, {"uid": "237583326", "content": "我单推mini！每天早上！"}, {"uid": "6683157", "content": "泪目"}, {"uid": "66102947", "content": "泪目"}, {"uid": "203785", "content": "泪目"}, {"uid": "295668143", "content": "(눈_눈)哭了"}, {"uid": "126196", "content": "哭了"}, {"uid": "6377041", "content": "来关注了，这就是宝藏V吗？"}, {"uid": "23927527", "content": "泪目"}, {"uid": "186874", "content": "DD太屑了"}, {"uid": "186874", "content": "草"}, {"uid": "186874", "content": "顶球  kusa......"}, {"uid": "147790", "content": "呜呜呜"}, {"uid": "33130", "content": "哭惹"}, {"uid": "300107627", "content": "泪目"}, {"uid": "186874", "content": "太惨了"}, {"uid": "23927527", "content": "泪目"}, {"uid": "1573725", "content": "这改词很难不gachi"}, {"uid": "95699", "content": "泪目"}, {"uid": "400796597", "content": "爪"}, {"uid": "506203758", "content": "tql"}, {"uid": "24739403", "content": "泪目"}, {"uid": "319763164", "content": "泪目"}, {"uid": "697525029", "content": "泪目"}, {"uid": "38382867", "content": "泪目"}, {"uid": "23927527", "content": "\\mini/\\mini/\\mini/"}, {"uid": "50858552", "content": "\\mini/\\mini/\\mini/\\mini/\\mini/\\mini/\\mini/\\mini/\\mini/\\mini/\\mini/\\mini/\\mini/\\mini/\\mini/"}, {"uid": "237583326", "content": "\\mini/\\mini/\\mini/\\mini/\\mini/"}, {"uid": "237583326", "content": "\\mini/\\mini/\\mini/\\mini/\\mini/"}, {"uid": "170886704", "content": "\\mini/\\mini/\\mini/\\mini/\\mini/"}, {"uid": "170886704", "content": "\\mini/\\mini/\\mini/\\mini/\\mini/"}, {"uid": "170886704", "content": "\\mini/\\mini/\\mini/\\mini/\\mini/"}]