[{"uid": "697044811", "content": "170～20您就是大号筷子（"}, {"uid": "874099", "content": "awsl"}, {"uid": "874099", "content": "大声密谋"}, {"uid": "23076397", "content": "外号太多，导致一个都记不住，狗头"}, {"uid": "354293575", "content": "亿点点"}, {"uid": "39235532", "content": "cod换弹癌"}, {"uid": "23518699", "content": "这波是直接在我嘴里种水稻"}, {"uid": "23518699", "content": "猝不及防被喂饭"}, {"uid": "23518699", "content": "杜宾是你吗？"}, {"uid": "348175592", "content": "帅的呀"}, {"uid": "7998198", "content": "喵星人特性:FPS精通"}, {"uid": "7998198", "content": "枪好稳"}, {"uid": "28725411", "content": "换弹癌"}, {"uid": "253337213", "content": "我看着像教官"}, {"uid": "36303651", "content": "初见"}, {"uid": "3581954", "content": "人瞄星球"}, {"uid": "345684995", "content": "。。。"}, {"uid": "11368341", "content": "这段音画不同步了呀"}, {"uid": "309148", "content": "第三炸弹！"}, {"uid": "11349575", "content": "mini真可爱"}, {"uid": "29298324", "content": "隐藏身份，指当vup自我招供"}, {"uid": "150797", "content": "。。。。噗"}, {"uid": "37039593", "content": "ohhhhhh"}, {"uid": "37039593", "content": "ohhhhhh"}, {"uid": "37039593", "content": "233333"}, {"uid": "37039593", "content": "外比巴卜"}, {"uid": "31444663", "content": "恭喜mini"}, {"uid": "31444663", "content": "恭喜mini"}, {"uid": "31444663", "content": "恭喜mini"}, {"uid": "31444663", "content": "恭喜mini"}, {"uid": "31444663", "content": "恭喜mini"}, {"uid": "2519805", "content": "那请务必永驻地球"}, {"uid": "515746192", "content": "芜湖"}, {"uid": "13254574", "content": "草这不是暴露了么"}, {"uid": "697044811", "content": "身高有170？您不是喵星人嘛"}, {"uid": "1295863", "content": "哈哈哈哈哈哈哈哈哈哈哈哈哈"}, {"uid": "77825943", "content": "亿点点"}, {"uid": "354293575", "content": "你这不是暴露了吗"}, {"uid": "290314761", "content": "来了就别想跑了"}, {"uid": "54833807", "content": "宝藏"}, {"uid": "37039593", "content": "xswl"}, {"uid": "1295863", "content": "增加弹幕！"}, {"uid": "37039593", "content": "23333"}, {"uid": "2462637", "content": "？"}, {"uid": "17794913", "content": "哈哈哈哈哈"}, {"uid": "37039593", "content": "\\Mini/\\Mini/\\Mini/\\Mini/"}]