[{"uid": "220080396", "content": "好听"}, {"uid": "170080950", "content": "好好听啊！！"}, {"uid": "170080950", "content": "草"}, {"uid": "24989336", "content": "好听"}, {"uid": "81791633", "content": "草"}, {"uid": "24989336", "content": "帅大姐只存在了几秒"}, {"uid": "24989336", "content": "awsl"}, {"uid": "24989336", "content": "hhhhhhhh"}, {"uid": "49912736", "content": "好家伙  厂牌之战没你我都不看"}, {"uid": "49912736", "content": "好听（"}, {"uid": "49912736", "content": "变态yyds"}, {"uid": "18213537", "content": "哈哈哈哈哈哈哈"}, {"uid": "37024163", "content": "好活"}, {"uid": "474916498", "content": "？？？"}, {"uid": "3734964", "content": "笑死我了哈哈哈哈哈哈，唱得好！rap满分！！！"}, {"uid": "3734964", "content": "好汀！！！"}, {"uid": "3734964", "content": "\\mini/\\mini/\\mini/\\mini/\\mini/\\mini/"}, {"uid": "3734964", "content": "\\mini/\\mini/\\mini/\\mini/\\mini/\\mini/"}, {"uid": "3734964", "content": "\\mini/\\mini/\\mini/\\mini/\\mini/\\mini/"}]