[{"uid": "15936639", "content": "一剪梅"}, {"uid": "15936639", "content": "只有额头的女人"}, {"uid": "3878873", "content": "在现场"}, {"uid": "8508587", "content": "好运来呢？"}, {"uid": "393160917", "content": "好听"}, {"uid": "388829237", "content": "占领空屏"}, {"uid": "1295863", "content": "mini！"}, {"uid": "638052990", "content": "妙啊"}, {"uid": "15936639", "content": "好运来"}, {"uid": "1295863", "content": "mini加油呀"}, {"uid": "31444663", "content": "/mini\\/mini\\/mini\\/mini\\/mini\\"}]