[{"uid": "24739403", "content": "草"}, {"uid": "27669045", "content": "绿色健康"}, {"uid": "107500003", "content": "蕾姆"}, {"uid": "825136", "content": "哈哈哈哈哈"}, {"uid": "606940993", "content": "泪目"}, {"uid": "66102947", "content": "泪目"}, {"uid": "186874", "content": "这个颤抖太魔性了"}, {"uid": "186874", "content": "太可爱了"}, {"uid": "186874", "content": "草"}, {"uid": "50858552", "content": "mini好～可爱呀"}, {"uid": "697044811", "content": "抖动可爱"}, {"uid": "697044811", "content": "dd泪目"}]