[{"uid": "24739403", "content": "泪目"}, {"uid": "9031492", "content": "Tql"}, {"uid": "50956", "content": "单推mini"}, {"uid": "13518561", "content": "太会了"}, {"uid": "13518561", "content": "thl"}, {"uid": "3734964", "content": "好汀！！！！！！！！！"}, {"uid": "3734964", "content": "别骂了别骂了 会续的会续的"}, {"uid": "3734964", "content": "QAQ"}, {"uid": "237583326", "content": "泪目"}, {"uid": "23927527", "content": "少女蓄力中"}, {"uid": "3734964", "content": "泪目"}, {"uid": "455394604", "content": "单推mini"}, {"uid": "3734964", "content": "✿mini✿mini✿mini✿mini✿mini✿mini✿mini✿"}, {"uid": "3734964", "content": "♪mini♪♪mini♪♪mini♪"}, {"uid": "3734964", "content": "⎛⎝≥⏝⏝≤⎛⎝mini⎛⎝≥⏝⏝≤⎛⎝mini⎛⎝≥⏝⏝≤⎛⎝"}, {"uid": "3734964", "content": "\\mini/\\mini/\\mini/\\mini/\\mini/\\mini/"}]