[{"uid": "197726787", "content": "讲真，这柜子bug真的吓死人，已经知道的情况下还会被吓的抖一下"}, {"uid": "474989747", "content": "高能高能"}, {"uid": "474989747", "content": "前方高能"}, {"uid": "398292858", "content": "到处弥漫着喜庆的颜色"}, {"uid": "398292858", "content": "前方高能"}, {"uid": "215236115", "content": "WDNMD我人傻了"}, {"uid": "215236115", "content": "我人傻了"}, {"uid": "215236115", "content": "WDNMD我人傻了"}, {"uid": "401599098", "content": "前方高能"}, {"uid": "63098010", "content": "危"}, {"uid": "37039593", "content": "哈哈哈哈"}, {"uid": "37039593", "content": "哈哈哈哈"}, {"uid": "1295863", "content": "孩子已经吓niao了..."}, {"uid": "15936639", "content": "草，百万片头！"}, {"uid": "1295863", "content": "我也是当时被这个BUG吓到了一下"}, {"uid": "1295863", "content": "通灵师mini"}, {"uid": "1295863", "content": "mini大召唤之术"}, {"uid": "1295863", "content": "来了 来了"}, {"uid": "1295863", "content": "绝活来了"}, {"uid": "489216", "content": "我被这一直都没修复的进柜子可能会看到自己模型的bug吓到了"}, {"uid": "489216", "content": "经典怎么两边都有鬼"}, {"uid": "1295863", "content": "在现场的表示直接傻了"}, {"uid": "489216", "content": "熟练地诈骗SC"}, {"uid": "1295863", "content": "待会等你不出来就知道干嘛了"}, {"uid": "1295863", "content": "孩子已经傻了"}, {"uid": "1295863", "content": "你真是个小天才"}, {"uid": "1295863", "content": "拉满......."}, {"uid": "63098010", "content": "记住这个佳慧"}]