[{"uid": "489573197", "content": "内涵马户"}, {"uid": "33213536", "content": "？"}, {"uid": "385832024", "content": "说ji不说ba"}, {"uid": "10042939", "content": "？？？"}, {"uid": "10042939", "content": "守是钢板"}, {"uid": "12754387", "content": "分手厨房名副其实"}, {"uid": "411675808", "content": "说鸡不带吧，文明你我他"}, {"uid": "11907162", "content": "传统阿胶是驴皮熬的………"}, {"uid": "7880713", "content": "ollie的bgm"}, {"uid": "3404022", "content": "守子哥：？？？"}, {"uid": "401099828", "content": "血压升高"}, {"uid": "401099828", "content": "话说史莱克有个驴子朋友来着"}, {"uid": "401099828", "content": "这位舰长还是及早跳船吧"}, {"uid": "401099828", "content": "守是钢板"}, {"uid": "401099828", "content": "你不也是"}, {"uid": "401099828", "content": "立花遥：？？？"}, {"uid": "401099828", "content": "让我康康！"}, {"uid": "401099828", "content": "不愧是驴"}, {"uid": "401099828", "content": "好委屈的样子"}, {"uid": "102328199", "content": "？？？？？？？"}, {"uid": "102328199", "content": "？？？？？？？"}, {"uid": "45520842", "content": "？？？？？？？？"}, {"uid": "7896115", "content": "火烧连营"}, {"uid": "138510172", "content": "??"}, {"uid": "4383405", "content": "拿遥遥的话可能只会更笨"}, {"uid": "812617", "content": "大水淹了龙王庙"}, {"uid": "350736104", "content": "？"}, {"uid": "8687067", "content": "rwkk！"}, {"uid": "8687067", "content": "hso"}, {"uid": "8687067", "content": "草"}, {"uid": "8687067", "content": "哈哈哈哈"}, {"uid": "7749050", "content": "？？？？？"}, {"uid": "474019100", "content": "hhhh"}, {"uid": "3226900", "content": "？？？？？"}, {"uid": "3226900", "content": "好家伙，连脏话和荤段子都听得懂了？真是外国人吗？"}, {"uid": "114964846", "content": "？"}, {"uid": "114964846", "content": "哈哈哈哈"}, {"uid": "1301994", "content": "有一点过分了"}, {"uid": "24449104", "content": "草"}, {"uid": "187273", "content": "??????"}, {"uid": "29990327", "content": "好姐妹"}, {"uid": "2203831", "content": "草"}, {"uid": "334926483", "content": "？？？？？？"}, {"uid": "334926483", "content": "草"}, {"uid": "14304", "content": "哈哈哈哈哈哈哈哈哈需要手柄"}, {"uid": "14304", "content": "我承认了，守是我"}, {"uid": "4768475", "content": "？？？？？？？？？？？"}, {"uid": "392481", "content": "突然混沌"}, {"uid": "4130547", "content": "吃鸡"}, {"uid": "9062012", "content": "吃什么？？？？？？"}, {"uid": "9062012", "content": "？？？？？"}, {"uid": "190650", "content": "？？？？"}, {"uid": "9062012", "content": "我骂我自己？看来真是遗传"}, {"uid": "190650", "content": "你俩不在一个频道上吧www"}, {"uid": "75348632", "content": "让我访问！"}, {"uid": "96196916", "content": "祖 安 浣 熊"}, {"uid": "350007039", "content": "好家伙，伤敌八百 自损一千"}, {"uid": "4130547", "content": "草"}, {"uid": "12038169", "content": "小浣熊能有什么坏心思呢"}, {"uid": "12038169", "content": "出云甲板视角"}, {"uid": "3222240", "content": "是你问题发言太多了啊"}, {"uid": "3222240", "content": "烽火联营"}, {"uid": "285324153", "content": "生产队的驴怎么跑到厨房来了"}, {"uid": "285324153", "content": "狠起来自己都骂"}, {"uid": "1246838", "content": "？？？？"}, {"uid": "3222240", "content": "阿胶......."}, {"uid": "5941269", "content": "这声姐姐好可爱！"}, {"uid": "3222240", "content": "确实 全家都是"}, {"uid": "166669918", "content": "？"}, {"uid": "328422", "content": "笨蛋二人组……"}, {"uid": "11236294", "content": "笨笨竟是我自己"}, {"uid": "5884160", "content": "全家(P家)"}, {"uid": "401099828", "content": "不不不挺干净的，老鼠吃了都没事"}, {"uid": "11236294", "content": "我带你们打！！！"}, {"uid": "32423963", "content": "草"}, {"uid": "2203831", "content": "确实"}, {"uid": "105631096", "content": "是全家"}, {"uid": "36937908", "content": "？？？？？？？？？？？？？？？？"}]