[{"uid": "185872154", "content": "草"}, {"uid": "185872154", "content": "害怕"}, {"uid": "424465135", "content": "草，被骗了"}, {"uid": "422192", "content": "中之熊暴露"}, {"uid": "12754387", "content": "这什么生草游戏"}, {"uid": "4211233", "content": "草"}, {"uid": "16919703", "content": "草"}, {"uid": "236973", "content": "硬是完成恐怖游戏"}, {"uid": "408526401", "content": "屑游戏"}, {"uid": "75379", "content": "snake!"}, {"uid": "8436849", "content": "这是个恐怖游戏？"}, {"uid": "23182201", "content": "杀戮浣熊"}, {"uid": "37766610", "content": "阿莱桑太可爱了"}, {"uid": "36769691", "content": "草"}, {"uid": "776496", "content": "夭寿啦，驴杀人啦"}, {"uid": "10314148", "content": "魔法卡发动！死者苏生！让自己或对方墓地的1只怪兽复活到自己场上！"}, {"uid": "3326169", "content": "同归于尽"}, {"uid": "3326169", "content": "这不摇摆阴吗，几天不见，这么拉了？"}, {"uid": "80110485", "content": "怎么反杀的"}, {"uid": "485709481", "content": "驴 玩 熊"}, {"uid": "10159973", "content": "草"}, {"uid": "14885492", "content": "吓出驴叫"}, {"uid": "12891523", "content": "草"}, {"uid": "812617", "content": "开幕雷击"}, {"uid": "23001624", "content": "草"}, {"uid": "29141466", "content": "哈哈哈"}, {"uid": "7021272", "content": "？？？？？"}, {"uid": "12080096", "content": "草"}, {"uid": "30254330", "content": "哈哈哈哈"}, {"uid": "227530491", "content": "哈哈哈哈哈哈"}, {"uid": "33935601", "content": "草"}, {"uid": "24977872", "content": "感同身受"}, {"uid": "2854211", "content": "诈尸啊"}, {"uid": "23762888", "content": "草"}, {"uid": "431392670", "content": "你不是驴吗"}, {"uid": "21143310", "content": "草"}, {"uid": "1835934", "content": "为什么驴小姐玩个模拟器都能玩出恐怖游戏的感觉"}, {"uid": "286517710", "content": "anti起来了"}, {"uid": "12754387", "content": "草"}, {"uid": "2401742", "content": "草"}, {"uid": "641355", "content": "哈哈哈哈哈哈"}, {"uid": "9340753", "content": "草"}, {"uid": "45927838", "content": "？？？？！"}, {"uid": "75379", "content": "草"}, {"uid": "36769691", "content": "草"}, {"uid": "53223895", "content": "草"}, {"uid": "2854211", "content": "太弱智了、"}]