[{"uid": "59785052", "content": "小脑瓜转的飞快"}, {"uid": "262209972", "content": "米娅踹下去的（）"}, {"uid": "158229081", "content": "nano怕不是头皮被扯下来"}, {"uid": "22916140", "content": "？"}, {"uid": "5004900", "content": "这里是说只要锤子的mia吧"}, {"uid": "19174622", "content": "无 懈 可 击"}, {"uid": "27417526", "content": "老大哥有169米一般的河是淹不着她"}, {"uid": "34398770", "content": "nano:那我呢？"}, {"uid": "130928934", "content": "馋人家身子的屑"}, {"uid": "2250070", "content": "草"}, {"uid": "21550586", "content": "DD：我们付出了太多"}, {"uid": "14118946", "content": "只有老大哥受伤的世界达成了！"}, {"uid": "18745037", "content": "指上传后我们自己来看"}, {"uid": "2662523", "content": "吸血鬼害怕流动的水！！"}, {"uid": "275515", "content": "ww"}, {"uid": "2724318", "content": "《今晚不加班》"}, {"uid": "2724318", "content": "大聪明"}, {"uid": "35248950", "content": "但是吸血鬼怕水啊doge"}, {"uid": "23001624", "content": "因海王，你好强大"}, {"uid": "2732940", "content": "锤子沉底了"}, {"uid": "224657804", "content": "难道京华不是海王？"}, {"uid": "231667339", "content": "逻辑清晰"}, {"uid": "129001766", "content": "nano：终究还是错付了"}, {"uid": "28613830", "content": "mia还会魔法"}, {"uid": "4188964", "content": "有道理"}, {"uid": "357669401", "content": "好家伙，京华和老大哥是造了什么孽"}, {"uid": "281462088", "content": "绝了"}, {"uid": "419033", "content": "京 锤 子"}, {"uid": "419033", "content": "《目的明确》"}, {"uid": "399364", "content": "惨 锤子 惨"}, {"uid": "288758321", "content": "好家伙还会迂回"}, {"uid": "7122820", "content": "百般武艺，此乃海王"}, {"uid": "15094276", "content": "派蒙也会飞"}, {"uid": "4118296", "content": "老大哥不是西方龙么！！"}, {"uid": "31321713", "content": "姐 妹 情 深"}, {"uid": "3222240", "content": "河童就河童  干嘛翻译成河神（手动滑稽）"}, {"uid": "482418468", "content": "她急了她急了"}, {"uid": "407277552", "content": "京华会游泳啊而且很喜欢游泳"}, {"uid": "432135", "content": "哈哈哈哈哈哈草"}, {"uid": "432135", "content": "我要个崔子"}, {"uid": "242072287", "content": "老大哥:错付了"}, {"uid": "236973", "content": "变成沙雕网友的形状了"}, {"uid": "580219929", "content": "mia会恨你的（"}, {"uid": "20261384", "content": "快把我的美少女锤子还给我"}, {"uid": "52661868", "content": "老大哥输麻了"}, {"uid": "11619883", "content": "bgm非常应景"}, {"uid": "419033", "content": "saki输麻了"}, {"uid": "3567769", "content": "？逻辑清晰"}, {"uid": "261209542", "content": "所以说去找锤子一起救mia啊"}, {"uid": "443115708", "content": "在看切片"}, {"uid": "4893114", "content": "这件事是我们之间的秘密"}, {"uid": "16438968", "content": "抓起锤子把老大哥锤下去？"}, {"uid": "498277017", "content": "谁会水就不救谁"}, {"uid": "408645838", "content": "80的锤子还是40的锤子"}, {"uid": "812617", "content": "我只能说干得漂亮"}, {"uid": "1548774", "content": "会，但是都抽筋了额"}, {"uid": "13284227", "content": "哈哈哈哈哈"}, {"uid": "237140", "content": "目标明确"}, {"uid": "23762888", "content": "草草"}, {"uid": "266679665", "content": "这我是没想到的"}, {"uid": "266679665", "content": "我肯定一只手按一个头"}, {"uid": "2360303", "content": "锤子也不用救啊，他有海盗船"}, {"uid": "2954926", "content": "好过分"}, {"uid": "7083389", "content": "mia会恨你的"}, {"uid": "7122820", "content": "一切for mia"}, {"uid": "10114365", "content": "可怜的老大哥"}, {"uid": "21550586", "content": "坏家伙"}, {"uid": "107639295", "content": "京华落泪. jpg"}, {"uid": "2724318", "content": "高情商啊"}, {"uid": "626155688", "content": "哈哈哈哈哈哈哈哈哈哈"}, {"uid": "229272", "content": "字幕好家伙"}, {"uid": "188206", "content": "直接将军"}, {"uid": "224657804", "content": "草"}, {"uid": "2616636", "content": "计划通"}, {"uid": "190650", "content": "先救岳母"}, {"uid": "22363074", "content": "笑声太草"}, {"uid": "31498", "content": "不会的不会的"}, {"uid": "22213644", "content": "老大哥心塞"}, {"uid": "31321713", "content": "蝙蝠是皮翼"}, {"uid": "2565976", "content": "草"}, {"uid": "84240", "content": "吸血鬼不怕淹死"}, {"uid": "107639295", "content": "好家伙"}, {"uid": "3844363", "content": "屑屑"}, {"uid": "334926483", "content": "草？？"}, {"uid": "334926483", "content": "草"}, {"uid": "15717988", "content": "计划通"}, {"uid": "6221030", "content": "Saki输惨了"}, {"uid": "6221030", "content": "水龙？》！"}, {"uid": "28982241", "content": "你救个锤子！"}, {"uid": "43584977", "content": "草"}, {"uid": "98559881", "content": "锤子会沉底啊"}, {"uid": "2138190", "content": "哈哈哈"}, {"uid": "15027139", "content": "计划通"}, {"uid": "523440453", "content": "草"}, {"uid": "7942705", "content": "草"}, {"uid": "442069342", "content": "草草"}, {"uid": "643317", "content": "你不可以这样做，不可以呀。。。！"}, {"uid": "236973", "content": "好家伙"}, {"uid": "236973", "content": "草"}, {"uid": "19174622", "content": "草"}, {"uid": "92968746", "content": "屑屑"}, {"uid": "11385749", "content": "指自己切了就不会有别人切了"}, {"uid": "626155688", "content": "3月31日夜战报，saki输麻了"}, {"uid": "23643252", "content": "每次都能看到草莓佬挂着"}, {"uid": "1518474805", "content": "因为我单身"}, {"uid": "5598346", "content": "草"}, {"uid": "88597292", "content": "计划通"}, {"uid": "32423963", "content": "草"}, {"uid": "8293787", "content": "我觉得mia不会"}, {"uid": "2954926", "content": "草"}, {"uid": "3844363", "content": "草"}, {"uid": "14960", "content": "危"}, {"uid": "7372289", "content": "合理"}, {"uid": "1885789", "content": "草"}, {"uid": "1885789", "content": "草，翻译加私货"}, {"uid": "217797936", "content": "此处建议模仿nano"}, {"uid": "11417543", "content": "老大哥是西方龙"}, {"uid": "505081441", "content": "不是斧头吗"}, {"uid": "37006489", "content": "一起游啊"}, {"uid": "241645276", "content": "草"}, {"uid": "1548774", "content": "没事，切片没有日文字幕"}, {"uid": "23001624", "content": "草"}, {"uid": "754937", "content": "草"}, {"uid": "294464633", "content": "笑得好屑"}, {"uid": "13885487", "content": "double kill"}, {"uid": "19354212", "content": "锤子有河神啊"}, {"uid": "71511234", "content": "不会的不会的"}, {"uid": "2360303", "content": "我觉得不会"}, {"uid": "5860538", "content": "草"}, {"uid": "16107669", "content": "套路啊"}, {"uid": "443115708", "content": "草"}, {"uid": "72317145", "content": "草"}, {"uid": "110129976", "content": "草"}, {"uid": "7554731", "content": "小心思啧啧啧"}, {"uid": "227530491", "content": "草，西西"}, {"uid": "3773507", "content": "草"}, {"uid": "23562069", "content": "草"}, {"uid": "348605390", "content": "草"}, {"uid": "36810930", "content": "草"}, {"uid": "163401", "content": "草"}, {"uid": "85317680", "content": "太对了"}, {"uid": "237140", "content": "草"}, {"uid": "23762888", "content": "草"}, {"uid": "190650", "content": "就是救mia罗ww"}, {"uid": "523440453", "content": "草"}, {"uid": "52645210", "content": "草"}, {"uid": "3773507", "content": "草"}, {"uid": "3773507", "content": "草"}, {"uid": "10830153", "content": "草"}, {"uid": "1518474805", "content": "都不救"}, {"uid": "23001624", "content": "切*"}, {"uid": "13885487", "content": "好家伙"}, {"uid": "36769691", "content": "草"}, {"uid": "5582949", "content": "我觉得不会"}, {"uid": "334926483", "content": "草。"}, {"uid": "238750287", "content": "草"}, {"uid": "224657804", "content": "草"}, {"uid": "614160", "content": "草"}, {"uid": "287379979", "content": "这是会不会飞的问题？这是态度的问题"}, {"uid": "3333516", "content": "屑驴"}, {"uid": "443115708", "content": "草"}, {"uid": "523440453", "content": "草"}, {"uid": "294464633", "content": "哦豁"}, {"uid": "114964846", "content": "是京锤子"}, {"uid": "415382982", "content": "草"}, {"uid": "9643544", "content": "高"}, {"uid": "305864602", "content": "甜"}, {"uid": "470967040", "content": "哈哈哈哈哈哈哈哈哈哈哈哈hhhhhhhh"}]