[{"uid": "34516590", "content": "这时候inga好憨憨"}, {"uid": "291103502", "content": "(ﾟOﾟ)"}, {"uid": "291103502", "content": "？？？？？？？？？？？？？"}, {"uid": "291103502", "content": "哈哈哈哈哈哈哈"}, {"uid": "458145891", "content": "注意，你是一头驴。并不是人工智能。"}, {"uid": "433997781", "content": "等等，歌剧魅影是音乐剧啊"}, {"uid": "433997781", "content": "这种东西不要学啊"}, {"uid": "433997781", "content": "事实证明英语不适合人类学习"}, {"uid": "433997781", "content": "还有这种好事？"}, {"uid": "527132191", "content": "？？？？？"}, {"uid": "23200248", "content": "哈哈哈"}, {"uid": "23200248", "content": "洗了不就没了吗哈哈哈"}, {"uid": "6760836", "content": "哪里大？"}, {"uid": "6760836", "content": "简称太子"}, {"uid": "431778772", "content": "kksk"}, {"uid": "431778772", "content": "草"}, {"uid": "431778772", "content": "回看预定"}, {"uid": "431778772", "content": "音游人狂喜"}, {"uid": "431778772", "content": "好耶"}, {"uid": "431778772", "content": "请务必带上Hiiro"}, {"uid": "431778772", "content": "hiiro：勿cue"}, {"uid": "431778772", "content": "母语丢失"}, {"uid": "431778772", "content": "是吗？我都不知道"}, {"uid": "431778772", "content": "南佬来了"}, {"uid": "431778772", "content": "你们王酸奶怎么回事啊"}, {"uid": "431778772", "content": "上来就是罪恶王冠！"}, {"uid": "431778772", "content": "那也比耳朵好"}, {"uid": "43783608", "content": "最大的（）"}, {"uid": "43783608", "content": "王酸奶 草"}, {"uid": "348036052", "content": "海绵宝宝？"}, {"uid": "479812", "content": "学外语"}, {"uid": "313713788", "content": "横竖都得死"}, {"uid": "354347045", "content": "以为卡了"}, {"uid": "1536363", "content": "草，怎么还有人刷nga的"}, {"uid": "92107293", "content": "草"}, {"uid": "227530491", "content": "？"}, {"uid": "341093139", "content": "草"}, {"uid": "26212212", "content": "哈哈哈哈哈哈"}, {"uid": "296874250", "content": "多啦A梦"}, {"uid": "296874250", "content": "志向远大"}, {"uid": "26212212", "content": "要大姐姐"}, {"uid": "26212212", "content": "草"}, {"uid": "296874250", "content": "职业错乱？"}, {"uid": "296874250", "content": "母语错乱"}, {"uid": "296874250", "content": "真的高"}, {"uid": "12235713", "content": "驴的记忆"}, {"uid": "84240", "content": "Fcup吸血鬼中枪"}, {"uid": "84240", "content": "P家看板们流下了羡慕的口水"}, {"uid": "84240", "content": "帕里已经产房闭关好久了"}, {"uid": "84240", "content": "歌剧开幕"}, {"uid": "84240", "content": "非载入失败画面"}, {"uid": "77016017", "content": "腿好长！！！！"}, {"uid": "3951305", "content": "草  突然出现了个"}, {"uid": "3951305", "content": "Fxxx"}, {"uid": "3951305", "content": "草！~"}, {"uid": "3951305", "content": "？？？"}, {"uid": "3951305", "content": "????guaiqilaile"}, {"uid": "3951305", "content": "？？？？"}, {"uid": "3951305", "content": "贴贴"}, {"uid": "3951305", "content": "草"}, {"uid": "3951305", "content": "吃人？？？？"}, {"uid": "3951305", "content": "？"}, {"uid": "279748709", "content": "大"}, {"uid": "35619263", "content": "呜哇T﹏T，突然变亮"}, {"uid": "353620919", "content": "入土（"}, {"uid": "32288303", "content": "帕里太高产了"}, {"uid": "9065270", "content": "快进到剪耳朵联动"}, {"uid": "9065270", "content": "和其他帕里风格不一样啊"}, {"uid": "9065270", "content": "耳朵不见了！"}, {"uid": "10844615", "content": "草"}, {"uid": "13667797", "content": "wwww"}, {"uid": "159605225", "content": "老大哥"}, {"uid": "6837385", "content": "帕里你变了"}, {"uid": "6837385", "content": "草"}, {"uid": "6837385", "content": "初次见面，你好，是没见过的孩子呢"}, {"uid": "6837385", "content": "卧槽，感谢帕里"}, {"uid": "42146867", "content": "没领证就不犯法"}, {"uid": "30352992", "content": "三语太强了"}, {"uid": "36810930", "content": "裂不过来了，要癌变了"}, {"uid": "36810930", "content": "F cup够吗"}, {"uid": "36810930", "content": "草"}, {"uid": "36810930", "content": "因果律武器！"}, {"uid": "36810930", "content": "高，实在是高"}, {"uid": "36810930", "content": "草，日本太阳神一位"}, {"uid": "36810930", "content": "草，对劲了"}, {"uid": "36810930", "content": "？？？"}, {"uid": "36810930", "content": "上岸"}, {"uid": "36810930", "content": "？"}, {"uid": "36810930", "content": "好家伙"}, {"uid": "12750267", "content": "葱葱人狂喜"}, {"uid": "4213301", "content": "shiori？"}, {"uid": "4213301", "content": "哈哈哈哈哈"}, {"uid": "4213301", "content": "笑死"}, {"uid": "4213301", "content": "这么强"}, {"uid": "36769691", "content": "经典"}, {"uid": "36769691", "content": "好耶"}, {"uid": "36769691", "content": "草"}, {"uid": "36769691", "content": "草"}, {"uid": "36769691", "content": "草"}, {"uid": "36769691", "content": "上天"}, {"uid": "34418981", "content": "？？？？？"}, {"uid": "34418981", "content": "草"}, {"uid": "34418981", "content": "？？？？？？"}, {"uid": "34418981", "content": "突然"}, {"uid": "34418981", "content": "哈哈哈哈哈哈哈哈哈哈"}, {"uid": "34418981", "content": "？？？？？？"}, {"uid": "34418981", "content": "哈哈哈哈哈哈哈哈哈哈"}, {"uid": "34418981", "content": "草"}, {"uid": "258868871", "content": "今天B站就到这了"}, {"uid": "476305366", "content": "哈哈哈哈"}, {"uid": "11540197", "content": "东海龙王（"}, {"uid": "34602170", "content": "国民性存疑（"}, {"uid": "85774322", "content": "playstation"}, {"uid": "438119728", "content": "DNA动了！"}, {"uid": "17508183", "content": "不是猫，是驴"}, {"uid": "36086089", "content": "草"}, {"uid": "36086089", "content": "老大哥草"}, {"uid": "102328199", "content": "哈哈哈哈哈哈哈哈哈哈哈"}, {"uid": "455807409", "content": "还以为是大悲咒"}, {"uid": "173522635", "content": "捉虫： an→I"}, {"uid": "173522635", "content": "shiori：？"}, {"uid": "173522635", "content": "洗姐姐 hso (x"}, {"uid": "173522635", "content": "bravo!"}, {"uid": "36594642", "content": "一呆哟"}, {"uid": "36238102", "content": "???"}, {"uid": "299706300", "content": "草"}, {"uid": "299706300", "content": "好听！"}, {"uid": "1792207", "content": "不对劲"}, {"uid": "32423963", "content": "草"}, {"uid": "32423963", "content": "233"}, {"uid": "173522635", "content": "好家伙 顺滑切换"}, {"uid": "173522635", "content": "浣能"}, {"uid": "173522635", "content": "nn"}, {"uid": "173522635", "content": "？"}, {"uid": "173522635", "content": "帕里上下都有人 草"}, {"uid": "173522635", "content": "这不是好好地说着english吗"}, {"uid": "86509397", "content": "好听"}, {"uid": "10518197", "content": "草"}, {"uid": "10585134", "content": "刚看完王冠 就来王冠的歌 好耶"}, {"uid": "34005584", "content": "？？？问题更大了"}, {"uid": "34005584", "content": "干脆面本来就是熟的直接吃啊"}, {"uid": "38000529", "content": "？？？？？？？"}, {"uid": "38000529", "content": "？？？？"}, {"uid": "38000529", "content": "害怕"}, {"uid": "3222240", "content": "霉霉厨狂喜"}, {"uid": "38000529", "content": "WWWWWW"}, {"uid": "38000529", "content": "草"}, {"uid": "3226900", "content": "？？？？？"}, {"uid": "3226900", "content": "好家伙，这还是个义贼"}, {"uid": "3226900", "content": "？？？？？"}, {"uid": "3226900", "content": "？？？"}, {"uid": "3226900", "content": "草，是病娇"}, {"uid": "32423963", "content": "草"}, {"uid": "4893114", "content": "草"}, {"uid": "173522635", "content": "草"}, {"uid": "173522635", "content": "那不是不大么（"}, {"uid": "173522635", "content": "调皮的耳朵"}, {"uid": "409536816", "content": "道阻且长，加油鸭"}, {"uid": "409536816", "content": "迪斯尼在逃公主"}, {"uid": "409536816", "content": "灰色的（即答）"}, {"uid": "409536816", "content": "我也喜欢灰色"}, {"uid": "614160", "content": "草"}, {"uid": "614160", "content": "上一秒憨憨，下一秒帅帅"}, {"uid": "8446503", "content": "草"}, {"uid": "8446503", "content": "草"}, {"uid": "31183734", "content": "wwwwwww"}, {"uid": "409536816", "content": "草"}, {"uid": "31183734", "content": "草"}, {"uid": "31183734", "content": "???"}, {"uid": "409536816", "content": "dd斩首"}, {"uid": "16438968", "content": "草"}, {"uid": "16438968", "content": "？？？？？"}, {"uid": "210387630", "content": "爱了爱了"}, {"uid": "210387630", "content": "好高啊"}, {"uid": "16438968", "content": "达成共识"}, {"uid": "16438968", "content": "危"}, {"uid": "16438968", "content": "草"}, {"uid": "16438968", "content": "大"}, {"uid": "38000529", "content": "草"}, {"uid": "38000529", "content": "！！！！！"}, {"uid": "38000529", "content": "？"}, {"uid": "38000529", "content": "摇着摇着就掉了（"}, {"uid": "38000529", "content": "大吗？装甲来的"}, {"uid": "298770", "content": "ohhhh"}, {"uid": "172813660", "content": "草"}, {"uid": "16450580", "content": "？"}, {"uid": "85317680", "content": "草"}, {"uid": "85317680", "content": "帕里附体"}, {"uid": "32845786", "content": "草"}, {"uid": "32845786", "content": "punch(stab)"}, {"uid": "32845786", "content": "hso"}, {"uid": "32845786", "content": "草"}, {"uid": "32845786", "content": "Ich bin ein Procyon lotor"}, {"uid": "32845786", "content": "Inga.exe 未响应"}, {"uid": "32845786", "content": "过草"}, {"uid": "32845786", "content": "《COOL CHINA》"}, {"uid": "32845786", "content": "这不是更瑟了吗"}, {"uid": "32845786", "content": "草"}, {"uid": "32845786", "content": "awsl"}, {"uid": "32845786", "content": "《ISN'T THAT FAKE》"}, {"uid": "32845786", "content": "你是龙，你比我更龙"}, {"uid": "32845786", "content": "weebs in"}, {"uid": "32845786", "content": "啊这"}, {"uid": "32845786", "content": "噔噔咚"}, {"uid": "2571678", "content": "好憨啊草"}, {"uid": "65256362", "content": "BGM：盲人摸象"}, {"uid": "32845786", "content": "INTERCHANGEABLE PARTS"}, {"uid": "14261442", "content": "真的这么Q弹吗?"}, {"uid": "14261442", "content": "真的这么Q谭"}, {"uid": "15190652", "content": "优雅"}, {"uid": "15190652", "content": "没错，你黑了"}, {"uid": "216039", "content": "？更怪了"}, {"uid": "216039", "content": "震撼浣熊一整年"}, {"uid": "36365313", "content": "草2333333"}, {"uid": "15233575", "content": "大姐：？？"}, {"uid": "15233575", "content": "草"}, {"uid": "482927152", "content": "当然有"}, {"uid": "443853879", "content": "草"}, {"uid": "36365313", "content": "吓到我了"}, {"uid": "35086599", "content": "草"}, {"uid": "106627867", "content": "草"}, {"uid": "106627867", "content": "suki"}, {"uid": "22501707", "content": "kksk，ryo厨落泪"}, {"uid": "8976783", "content": "你更不能下啊！！！！！"}, {"uid": "36365313", "content": "！！！！"}, {"uid": "1641732", "content": "阿这。"}, {"uid": "123358551", "content": "嗯？"}, {"uid": "1641732", "content": "？"}, {"uid": "57285", "content": "草hhhh"}, {"uid": "885528", "content": "哈哈哈哈哈"}, {"uid": "885528", "content": "你不对啊"}, {"uid": "1295223", "content": "草"}, {"uid": "11871495", "content": "草！！"}, {"uid": "8275718", "content": "开幕雷击"}, {"uid": "104349408", "content": "awsl"}, {"uid": "13282595", "content": "？？？？"}, {"uid": "104349408", "content": "还有20分钟呢"}, {"uid": "104349408", "content": "草 吾哲佬"}, {"uid": "104349408", "content": "镰刀与锤子（无端联想）"}, {"uid": "334926483", "content": "草。。。"}, {"uid": "104349408", "content": "能拿拳头吗（害怕）"}, {"uid": "334926483", "content": "草"}, {"uid": "334926483", "content": "？？？？？？"}, {"uid": "334926483", "content": "特意强调，草"}, {"uid": "334926483", "content": "？？？？？"}, {"uid": "334926483", "content": "草哈哈哈"}, {"uid": "104349408", "content": "草"}, {"uid": "34925544", "content": "hso"}, {"uid": "34925544", "content": "?"}, {"uid": "104349408", "content": "哈哈哈"}, {"uid": "334926483", "content": "突然病娇"}, {"uid": "334926483", "content": "i了i了"}, {"uid": "104349408", "content": "草"}, {"uid": "34925544", "content": "好熟练"}, {"uid": "104349408", "content": "awsl"}, {"uid": "104349408", "content": "草三语sc"}, {"uid": "334926483", "content": "草、"}, {"uid": "334926483", "content": "真能换的么"}, {"uid": "104349408", "content": "草"}, {"uid": "334926483", "content": "？？？？"}, {"uid": "334926483", "content": "草"}, {"uid": "334926483", "content": "草"}, {"uid": "322261921", "content": "简直太像suis了"}, {"uid": "772867", "content": "更怪了"}, {"uid": "772867", "content": "这皮是帕里画的？"}, {"uid": "521663405", "content": "王冠的歌！"}, {"uid": "99094467", "content": "孩子理解错了"}, {"uid": "14435964", "content": "草  塔语啊   爷青回"}, {"uid": "388155", "content": "不大不行"}, {"uid": "33327221", "content": "高音好清澈，suki"}, {"uid": "106627867", "content": "草"}, {"uid": "65366698", "content": "唱反了草"}, {"uid": "20183607", "content": "好家伙这脊椎能受得了？"}, {"uid": "32833886", "content": "俺也一样呜呜呜"}, {"uid": "263713832", "content": "草"}, {"uid": "32833886", "content": "双厨狂喜啊啊啊啊"}, {"uid": "65366698", "content": "看得懂中文，厉害"}, {"uid": "14493102", "content": "桃子狂喜"}, {"uid": "291106031", "content": "草"}, {"uid": "1841892", "content": "冰雪奇缘2？"}, {"uid": "1841892", "content": "哈哈哈哈  会玩"}, {"uid": "171338", "content": "大！"}, {"uid": "120531974", "content": "草"}, {"uid": "20111133", "content": "草"}, {"uid": "20111133", "content": "？？？"}, {"uid": "20111133", "content": "！！！！！"}, {"uid": "26210196", "content": "kimo"}, {"uid": "106627867", "content": "土土土土"}, {"uid": "26210196", "content": "草"}, {"uid": "1528681", "content": "no呀哈哈"}, {"uid": "13116235", "content": "大"}, {"uid": "26210196", "content": "草"}, {"uid": "1841892", "content": "草"}, {"uid": "26210196", "content": "草"}, {"uid": "26210196", "content": "瞬间变蠢"}, {"uid": "1841892", "content": "!!!!! 推了"}, {"uid": "83419310", "content": "啊～好听"}, {"uid": "1841892", "content": "草"}, {"uid": "66583234", "content": "这真是假的，我见她拿下来过"}, {"uid": "13792286", "content": "草"}, {"uid": "13792286", "content": "？？？？"}, {"uid": "93670475", "content": "横竖都是死"}, {"uid": "20317592", "content": "草"}, {"uid": "93670475", "content": "管中窥熊"}, {"uid": "475184002", "content": "不当人"}, {"uid": "479390", "content": "哈哈哈哈哈哈哈"}, {"uid": "4130547", "content": "又来了"}, {"uid": "227658347", "content": "草"}, {"uid": "482927152", "content": "米娅！"}, {"uid": "28401069", "content": "骷髅匕首？"}, {"uid": "482927152", "content": "和Inga一起洗澡  好耶（大雾）"}, {"uid": "4130547", "content": "草"}, {"uid": "4130547", "content": "？？"}, {"uid": "6546479", "content": "？？？？？"}, {"uid": "479390", "content": "？？？"}, {"uid": "4130547", "content": "好瑟哦"}, {"uid": "4130547", "content": "草"}, {"uid": "480044813", "content": "草"}, {"uid": "8347878", "content": "突然灰姑娘、"}, {"uid": "480044813", "content": "英语课堂"}, {"uid": "1587302", "content": "？"}, {"uid": "15996185", "content": "hammer哈哈"}, {"uid": "4130547", "content": "草"}, {"uid": "1587302", "content": "浣熊本熊"}, {"uid": "482927152", "content": "好耶  和因果贴贴（雾）"}, {"uid": "482927152", "content": "哈哈哈"}, {"uid": "28472681", "content": "？？？"}, {"uid": "36769691", "content": "好耶"}, {"uid": "22251285", "content": "？？？？？"}, {"uid": "36769691", "content": "大"}, {"uid": "36769691", "content": "prpr"}, {"uid": "482927152", "content": "草"}, {"uid": "12668338", "content": "？？？？？？？？"}, {"uid": "580687", "content": "草"}, {"uid": "38901422", "content": "求bgm"}, {"uid": "580687", "content": "不是下地狱就是上天哪个都一样哈哈哈"}, {"uid": "4130547", "content": "咳咳咳"}, {"uid": "973962950", "content": "驴子（"}, {"uid": "212573876", "content": "欺负粉丝的因果是屑（"}, {"uid": "212573876", "content": "草"}, {"uid": "15574129", "content": "xswl"}, {"uid": "24163625", "content": "米斯蒂娅—罗莱拉"}, {"uid": "106627867", "content": "hso"}, {"uid": "6443669", "content": "草"}, {"uid": "8298552", "content": "干洗草"}, {"uid": "8298552", "content": "草"}, {"uid": "9272615", "content": "？"}, {"uid": "8298552", "content": "问题都挺大的"}, {"uid": "106627867", "content": "prprpr"}, {"uid": "8298552", "content": "草？"}, {"uid": "773126", "content": "这个BGM是英雄の诗篇"}, {"uid": "765036", "content": "草怪起来了"}, {"uid": "15574129", "content": "ww"}, {"uid": "474019100", "content": "？？？？"}, {"uid": "20413543", "content": "哈哈哈哈哈哈哈哈哈"}, {"uid": "474019100", "content": "R cup(确信)"}, {"uid": "500310169", "content": "好耶！"}, {"uid": "36937908", "content": "？？？"}, {"uid": "500310169", "content": "？"}, {"uid": "8410443", "content": "草"}, {"uid": "8298552", "content": "嗯？"}, {"uid": "197471427", "content": "迷迭迷迭帕里桑"}, {"uid": "8298552", "content": "好耶"}, {"uid": "2964190", "content": "太可爱了，这就是新的老婆吗"}, {"uid": "1312363", "content": "swtich game 是啥(笑哭)"}, {"uid": "1841892", "content": "忽然塔语……"}, {"uid": "328422", "content": "全熟干脆面！"}, {"uid": "609286403", "content": "啊这"}, {"uid": "34925544", "content": "哈哈哈哈"}, {"uid": "171280064", "content": "魔塔大陆？好几年没听到了"}, {"uid": "4130547", "content": "好家伙，熟肉"}, {"uid": "39235532", "content": "真的有这么q弹吗"}, {"uid": "580687", "content": "1分钟"}, {"uid": "354347045", "content": "dna动了"}, {"uid": "455807409", "content": "？？？"}, {"uid": "3222240", "content": "管中窥驴"}, {"uid": "66789352", "content": "！！！"}, {"uid": "1081482384", "content": "2021个赞时就不要再点了，对上日期多好"}, {"uid": "21404037", "content": "有裤子吗"}, {"uid": "33919342", "content": "直接就做成op了呗"}, {"uid": "42073324", "content": "原来是浣熊吗，我一直以为真的是驴的...."}, {"uid": "177357404", "content": "爷青回"}, {"uid": "34925544", "content": "来了"}, {"uid": "11633557", "content": "草 这片头"}, {"uid": "44403666", "content": "\\inga/!"}, {"uid": "34670630", "content": "这首？？？"}, {"uid": "85790419", "content": "好耶"}, {"uid": "89861811", "content": "好耶"}, {"uid": "609286403", "content": "好混沌啊wwwwwwwwwww"}]