[{"uid": "216039", "content": "驴驴，可爱的驴"}, {"uid": "216039", "content": "哦吼"}, {"uid": "2223474", "content": "inga inga inga"}, {"uid": "9298895", "content": "angel singing TwT"}, {"uid": "24172365", "content": "可爱"}, {"uid": "11778532", "content": "迪士尼在逃公主"}, {"uid": "24463416", "content": "kksk"}, {"uid": "317774371", "content": "很难不gachi"}, {"uid": "46389", "content": "很稳"}, {"uid": "46389", "content": "很难不gachi"}, {"uid": "1846550", "content": "我才发现我也摇起来了"}, {"uid": "2758221", "content": "天使！！！天籁！！！"}, {"uid": "30514029", "content": "我以为我聋了"}, {"uid": "240360", "content": "我免费了！"}, {"uid": "2977464", "content": "好耶"}, {"uid": "2977464", "content": "dna"}, {"uid": "10320770", "content": "阿驴，我的阿驴"}, {"uid": "15080086", "content": "打call，为inga打call"}, {"uid": "471708071", "content": "耶~~~~~~~~"}, {"uid": "359452903", "content": "阿米驴"}]