[{"uid": "458145891", "content": "朋友，就是用来杀的。"}, {"uid": "458145891", "content": "狗子摸男妈妈。"}, {"uid": "690116821", "content": "不错"}, {"uid": "399263698", "content": "所以这是个标题党吗？"}, {"uid": "227530491", "content": "她是不是忘开混响了"}, {"uid": "1821770", "content": "外挂式在脖子上挂着吧"}, {"uid": "99711493", "content": "the pain of being 干脆面"}, {"uid": "480977687", "content": "很好听啊"}, {"uid": "24172365", "content": "声音好好听"}, {"uid": "34419872", "content": "牛的啊"}, {"uid": "34419872", "content": "一来就痛起来"}, {"uid": "38274277", "content": "逐渐忘记标题"}, {"uid": "29074102", "content": "这是祭日吧"}, {"uid": "413144607", "content": "安室透（幻听）"}, {"uid": "10945629", "content": "痛起来了"}, {"uid": "22421009", "content": "痛起来了"}, {"uid": "3192451", "content": "河  南  方  言"}, {"uid": "470967040", "content": "ohhhhhhhhhhhhh"}, {"uid": "3162178", "content": "这里有别人有先例了，黑嗓高音二选一是最佳组合"}, {"uid": "32833886", "content": "草哈哈哈哈哈哈"}, {"uid": "1587302", "content": "ohhhhhhhhhhh"}, {"uid": "11960415", "content": "讲道理真的好听"}, {"uid": "37012825", "content": "《经典咏流传》"}, {"uid": "86549060", "content": "好家伙痛起来了"}, {"uid": "434644751", "content": "谢谢你 驴  我这就去换蛋"}, {"uid": "154093980", "content": "这个仰头向下看太有魅力了！！！"}, {"uid": "4130547", "content": "能力值一开始就拉满了"}, {"uid": "424296534", "content": "那个装甲移的好快要把我笑死"}, {"uid": "29358097", "content": "还有我（）"}, {"uid": "11624558", "content": "这里这段处理十分优秀，歌力可见的强大"}, {"uid": "8069431", "content": "这都是第几个被骗的vtb了"}, {"uid": "17547106", "content": "太顶了"}, {"uid": "18745037", "content": "草，开始痛了"}, {"uid": "432216", "content": "草 三语口胡"}, {"uid": "885528", "content": "唱功优秀"}, {"uid": "40781307", "content": "话说摘了眼镜好憨啊"}, {"uid": "40781307", "content": "是谁在咂舌"}, {"uid": "7872890", "content": "装甲摇的好快，移不开视线了"}, {"uid": "159518195", "content": "生产队的痛"}, {"uid": "272679601", "content": "真的好听啊"}, {"uid": "288758321", "content": "一袋干脆面扛几楼？"}, {"uid": "286517710", "content": "强强歌力"}, {"uid": "4706862", "content": "像是我下一秒就被杀掉了"}, {"uid": "4706862", "content": "片头好厉害"}, {"uid": "12026790", "content": "好听"}, {"uid": "36617449", "content": "woc又是这首"}, {"uid": "442608447", "content": "ya pa li kimi sai kao da"}, {"uid": "18541981", "content": "哈哈哈哈哈哈"}, {"uid": "3567769", "content": "忌 日 快 乐"}, {"uid": "389736910", "content": "草又是这个，小学生是吧，干得好"}, {"uid": "486131622", "content": "这个模子好能动啊"}, {"uid": "5678630", "content": "三重门"}, {"uid": "602715", "content": "安室透"}, {"uid": "401099828", "content": "开始痛了"}, {"uid": "80425219", "content": "痛起来了"}, {"uid": "1817888", "content": "前置装甲松了（）"}, {"uid": "44403666", "content": "哈哈哈哈哈草"}, {"uid": "94855449", "content": "一带"}, {"uid": "20335327", "content": "明年你的生日就是你的忌日！"}, {"uid": "20335327", "content": "痛起来了"}, {"uid": "140781", "content": "痛"}, {"uid": "32138296", "content": "第一时间赶来嘲笑哈哈哈哈"}, {"uid": "13874043", "content": "痛死了"}, {"uid": "295311322", "content": "痛起来了"}, {"uid": "19174622", "content": "又痛又好听"}, {"uid": "486131622", "content": "干脆面？！"}, {"uid": "470967040", "content": "哈哈哈哈哈"}, {"uid": "25720923", "content": "哈哈哈哈哈哈哈哈"}, {"uid": "66251449", "content": "她确实强的离谱, 就等一个出圈切片了"}, {"uid": "6611973", "content": "哈哈哈哈哈哈哈哈哈哈哈"}, {"uid": "12858226", "content": "真的有这么Q弹吗"}, {"uid": "5450078", "content": "字正腔圆"}, {"uid": "21240948", "content": "这个也太丝滑了"}, {"uid": "318450918", "content": "草，这首诗"}, {"uid": "104205509", "content": "痛起来了"}, {"uid": "34134396", "content": "装甲是不是没卡仅"}, {"uid": "1561880", "content": "经典"}, {"uid": "288758321", "content": "一点点的痛"}, {"uid": "2203831", "content": "痛"}, {"uid": "415382982", "content": "哈哈哈哈哈哈"}, {"uid": "2195156", "content": "阴间祝福"}, {"uid": "23277060", "content": "哈哈哈哈哈哈哈哈哈"}, {"uid": "446656455", "content": "没想到这么好听！"}, {"uid": "690116821", "content": "直接给我送走"}, {"uid": "194253517", "content": "痛痛痛"}, {"uid": "450683256", "content": "好听不"}, {"uid": "8953728", "content": "问题你是黑豹啊"}, {"uid": "3938997", "content": "？？？"}, {"uid": "422164593", "content": "痛起来了"}, {"uid": "697525029", "content": "就哈哈哈哈哈"}, {"uid": "41497197", "content": "我dna动了"}, {"uid": "8116446", "content": "安室透（）"}, {"uid": "349253389", "content": "啊啊！痛！"}, {"uid": "385746108", "content": "哈哈哈哈哈哈哈哈哈哈哈"}, {"uid": "147123", "content": "tql"}, {"uid": "39411662", "content": "厉害"}, {"uid": "41171043", "content": "好痛啊"}, {"uid": "410241208", "content": "安室透"}, {"uid": "51044513", "content": "草"}, {"uid": "1901178", "content": "痛痛痛"}, {"uid": "186788539", "content": "阴间祝福w"}, {"uid": "335352961", "content": "感受当驴的痛苦吧（doge）"}, {"uid": "38274277", "content": "草"}, {"uid": "228821174", "content": "真的有那么Q弹吗"}, {"uid": "3222240", "content": "毒起来了"}, {"uid": "29071731", "content": "说实话这首诗已经让我笑不出来了，但他这个秀属实给我秀到了。。哈哈哈"}, {"uid": "193099038", "content": "草"}, {"uid": "27030398", "content": "草"}, {"uid": "401099828", "content": "蛋蛋爆发"}, {"uid": "401099828", "content": "我DNA动了，我不看了"}, {"uid": "106400227", "content": "害怕"}, {"uid": "19824793", "content": "草"}, {"uid": "305617742", "content": "草"}, {"uid": "506014683", "content": "痛啊"}, {"uid": "494759400", "content": "痛痛痛"}, {"uid": "15996185", "content": "痛痛痛"}, {"uid": "328422", "content": "名场面……"}, {"uid": "5483306", "content": "痛痛痛"}, {"uid": "458145891", "content": "狗给奶油。"}, {"uid": "13874043", "content": "好痛啊"}, {"uid": "10579112", "content": "草"}, {"uid": "36046942", "content": "好听"}, {"uid": "1524977985", "content": "awa"}, {"uid": "4904828", "content": "太强了"}, {"uid": "249180922", "content": "痛"}, {"uid": "4078296", "content": "这么好听吗？"}, {"uid": "6837385", "content": "黑化？"}, {"uid": "38274277", "content": "草草草"}, {"uid": "23762888", "content": "草"}, {"uid": "1842791", "content": "以太一！"}, {"uid": "4130547", "content": "不错"}, {"uid": "2228007", "content": "WWWWWWWWW"}, {"uid": "66251449", "content": "害怕"}, {"uid": "19195611", "content": "草"}, {"uid": "36769691", "content": "草"}, {"uid": "382056479", "content": "晃着不累吗"}, {"uid": "1645810", "content": "草"}, {"uid": "800144", "content": "害怕"}, {"uid": "23277060", "content": "驴的痛"}, {"uid": "11329290", "content": "痛痛痛"}, {"uid": "11329290", "content": "你是巨魔蠢驴"}, {"uid": "40205983", "content": "强强片头"}, {"uid": "306797", "content": "草"}, {"uid": "900879", "content": "/?????????"}, {"uid": "511181482", "content": "燃起来了"}, {"uid": "450683256", "content": "好听"}, {"uid": "442244454", "content": "害怕"}, {"uid": "644762602", "content": "草"}, {"uid": "38274277", "content": "透！"}, {"uid": "697525029", "content": "q弹"}, {"uid": "197873931", "content": "草"}, {"uid": "1587302", "content": "强"}, {"uid": "3827357", "content": "草"}, {"uid": "174952927", "content": "痛痛痛"}, {"uid": "8583234", "content": "痛痛痛"}, {"uid": "19824793", "content": "草"}, {"uid": "7554731", "content": "上来高能"}, {"uid": "370769", "content": "草"}, {"uid": "305617742", "content": "害怕"}, {"uid": "7447413", "content": "晃晃晃"}, {"uid": "9989684", "content": "好好听"}, {"uid": "2555269", "content": "好痛好痛"}, {"uid": "24102133", "content": "草"}, {"uid": "28667796", "content": "痛"}, {"uid": "14878226", "content": "草"}, {"uid": "23001624", "content": "草"}, {"uid": "227530491", "content": "草"}, {"uid": "34419872", "content": "痛痛痛"}, {"uid": "38274277", "content": "好听啊"}, {"uid": "356317062", "content": "祝你忌日快乐"}, {"uid": "1587302", "content": "痛"}, {"uid": "4130547", "content": "卧槽"}, {"uid": "89861811", "content": "草"}, {"uid": "65228508", "content": "痛起来了"}, {"uid": "13728504", "content": "草"}, {"uid": "21404037", "content": "草"}, {"uid": "8123188", "content": "草"}, {"uid": "236973", "content": "草"}, {"uid": "232665827", "content": "痛死了"}, {"uid": "5056662", "content": "好痛"}, {"uid": "549602076", "content": "hhhhhhhhh"}, {"uid": "23001624", "content": "痛痛痛"}, {"uid": "357427128", "content": "草"}, {"uid": "30750927", "content": "装甲可动性真高"}, {"uid": "59785052", "content": "好棒啊"}, {"uid": "354347045", "content": "kksk"}, {"uid": "227530491", "content": "草"}, {"uid": "33583757", "content": "？？？"}, {"uid": "17784911", "content": "草"}, {"uid": "96476523", "content": "草"}, {"uid": "27084691", "content": "草"}, {"uid": "5063122", "content": "痛痛痛"}, {"uid": "369362215", "content": "一带哟"}, {"uid": "4888694", "content": "草"}, {"uid": "36266710", "content": "好痛啊"}, {"uid": "651097637", "content": "哇喔"}, {"uid": "370769", "content": "草"}, {"uid": "5598346", "content": "草"}, {"uid": "96516580", "content": "痛痛"}, {"uid": "1885789", "content": "痛痛痛"}, {"uid": "4571075", "content": "我直接痛死了"}, {"uid": "27586015", "content": "害怕"}, {"uid": "11371832", "content": "痛"}, {"uid": "173522635", "content": "草"}, {"uid": "85312408", "content": "草"}, {"uid": "307992580", "content": "草"}, {"uid": "349801537", "content": "草"}, {"uid": "26210196", "content": "害怕"}, {"uid": "21474635", "content": "痛痛痛"}, {"uid": "2025333", "content": "草"}, {"uid": "186788539", "content": "痛"}, {"uid": "28667796", "content": "生而为驴，我很抱歉"}, {"uid": "21915486", "content": "在吗亲 红眼病要早治（bushi"}, {"uid": "23762888", "content": "哈哈哈哈哈哈哈哈哈哈哈哈哈哈哈哈哈哈哈"}, {"uid": "449777621", "content": "痛痛痛痛痛痛痛痛痛痛痛痛痛痛痛"}]