[{"uid": "18893076", "content": "几岁了"}, {"uid": "5671978", "content": "在现场hhh"}, {"uid": "354164229", "content": "魔塔！！！！！"}, {"uid": "480362513", "content": "愚人节的真驴宝www"}, {"uid": "496136697", "content": "一只阿米驴（bushi）"}, {"uid": "1876389108", "content": "What are you doing? "}, {"uid": "19235822", "content": "哈哈哈哈"}, {"uid": "49563049", "content": "驴宝实在太可爱了"}, {"uid": "19845476", "content": "蚌埠住了"}, {"uid": "7054092", "content": "草"}, {"uid": "597889", "content": "驴人族无所畏惧"}, {"uid": "6819689", "content": "ゴゴゴゴゴゴゴゴゴゴ"}, {"uid": "26654335", "content": "本色出演"}, {"uid": "238230197", "content": "这片头太得劲了"}, {"uid": "505081441", "content": "启飞。。。"}, {"uid": "384583", "content": "驴宝这笑声，太可爱了"}, {"uid": "384796790", "content": "驴探头(确信)"}, {"uid": "3844363", "content": "驴，好大的驴"}, {"uid": "38550786", "content": "驴人节快乐"}, {"uid": "455029202", "content": "全程驴耳朵属目"}, {"uid": "8232854", "content": "这个驴字一出我突然绷不住了"}, {"uid": "86666119", "content": "管中窥驴 ∠( ᐛ 」∠)_看戏"}, {"uid": "39813625", "content": "经典再现"}, {"uid": "702606217", "content": "孔中窥驴"}, {"uid": "23346132", "content": "草"}, {"uid": "14446392", "content": "驴，好大的驴，虎纹傻驴"}, {"uid": "30514029", "content": "墙上打个洞偷窥驴呢给这"}, {"uid": "3992443", "content": "扮 演"}, {"uid": "561780", "content": "我真开心，因为我是干脆面"}, {"uid": "44403666", "content": "完了现出原形了"}, {"uid": "19174622", "content": "ゴゴゴゴゴ"}, {"uid": "474019100", "content": "好大的驴"}, {"uid": "474019100", "content": "换头手术成功"}, {"uid": "473841190", "content": "没错你卡了"}, {"uid": "104940", "content": "太anti了ww"}, {"uid": "102775573", "content": "魔塔探头"}, {"uid": "147579", "content": "迫害阿米娅、"}, {"uid": "260422750", "content": "阿米娅什么时候当vup了！？"}, {"uid": "68129973", "content": "内瑟斯是吧？"}, {"uid": "2182394", "content": "EXEC_COSMOFLIPS"}, {"uid": "30514029", "content": "驴，哈哈哈哈哈哈"}, {"uid": "4912018", "content": "草"}, {"uid": "44403666", "content": "驴哈哈哈哈"}, {"uid": "19174622", "content": "ゴゴゴゴゴゴゴゴゴゴ"}, {"uid": "430099272", "content": "开幕恶魔人"}, {"uid": "251129323", "content": "这不狗头嘛？"}, {"uid": "8583234", "content": "你一直在笑你都没停过"}, {"uid": "22588530", "content": "魔塔大陆炸出来了"}, {"uid": "590223", "content": "真的驴宝"}, {"uid": "590223", "content": "驴"}, {"uid": "29305599", "content": "Kokia永远滴神"}, {"uid": "1631806", "content": "魔塔大陆！"}, {"uid": "384796790", "content": "草"}, {"uid": "251129323", "content": "这不是兔子嘛？"}, {"uid": "13792286", "content": "草"}, {"uid": "229272", "content": "草"}, {"uid": "30514029", "content": "好活好活"}, {"uid": "286517710", "content": "真的变成驴了"}, {"uid": "279917", "content": "跟小孩一样"}, {"uid": "14948369", "content": "害怕"}, {"uid": "478634", "content": "心脏骤停 差点没吓死"}, {"uid": "414422", "content": "管中窥驴？"}, {"uid": "19312096", "content": "这驴咋这么憨"}, {"uid": "233194257", "content": "来了来了"}, {"uid": "455029202", "content": "这不是马户吗？"}, {"uid": "79646219", "content": "驴？"}, {"uid": "402482140", "content": "草"}, {"uid": "8743833", "content": "草"}, {"uid": "121920", "content": "草 塔歌"}, {"uid": "341093139", "content": "这笑声我太可了"}, {"uid": "33747466", "content": "我发动陷阱卡DNA改造"}, {"uid": "38550786", "content": "草"}, {"uid": "5662342", "content": "BGM：EXEC_COSMOFLIPS/."}, {"uid": "385058580", "content": "小学生驴"}, {"uid": "23346132", "content": "好憨的驴"}, {"uid": "2803057", "content": "前排，空屏承包"}, {"uid": "348473219", "content": "草"}, {"uid": "561780", "content": "驴宝"}, {"uid": "3938997", "content": "？？？"}, {"uid": "473841190", "content": "草"}, {"uid": "30982451", "content": "驴宝！"}, {"uid": "30982451", "content": "化身为驴"}, {"uid": "28982241", "content": "笑死"}, {"uid": "30822618", "content": "prprprpr"}, {"uid": "304175901", "content": "驴驴驴驴驴驴驴驴驴驴驴驴"}, {"uid": "8423909", "content": "NICE~~~~~~"}, {"uid": "401099828", "content": "草"}, {"uid": "26711806", "content": "everyday fool "}, {"uid": "334926483", "content": "草"}, {"uid": "27437050", "content": "PRPPRPR"}, {"uid": "81614539", "content": "草"}, {"uid": "34770635", "content": "BGM是啥"}, {"uid": "107639295", "content": "草"}, {"uid": "3938997", "content": "？？？"}, {"uid": "3544121", "content": "驴"}, {"uid": "1737925", "content": "草"}, {"uid": "430099272", "content": "草"}, {"uid": "355933339", "content": "我卡了？"}, {"uid": "2178186", "content": "草"}, {"uid": "401099828", "content": "草"}, {"uid": "334926483", "content": "？？？？"}, {"uid": "2954926", "content": "草"}, {"uid": "11952703", "content": "？？？"}, {"uid": "121909265", "content": "草"}, {"uid": "32191148", "content": "草"}, {"uid": "887949", "content": "草"}, {"uid": "4725576", "content": "？？？"}, {"uid": "400829971", "content": "草"}, {"uid": "32423963", "content": "草"}, {"uid": "354750756", "content": "好活"}, {"uid": "7379461", "content": "热乎"}, {"uid": "12598613", "content": "草"}, {"uid": "295297454", "content": "你们是来推歌的吧？绝对是吧？"}]