[{"uid": "25350446", "content": "放原唱？"}, {"uid": "1524977985", "content": "爱了爱了"}, {"uid": "125411196", "content": "这个切片直接D"}, {"uid": "92116", "content": "好听"}, {"uid": "275515", "content": "awsl"}, {"uid": "32423963", "content": "好听"}, {"uid": "3437708", "content": "这也太还原了吧"}, {"uid": "1961019", "content": "太好听了"}, {"uid": "52662905", "content": "爱了爱了"}, {"uid": "6096799", "content": "迪士尼在逃公主"}, {"uid": "7054092", "content": "\\inga/\\inga/\\inga/\\inga/"}, {"uid": "12891523", "content": "怀念"}]