[{"uid": "73449836", "content": "被30感染了吗"}, {"uid": "73449836", "content": "这个剑可太草了"}, {"uid": "1494743", "content": "大便活驴"}, {"uid": "20006195", "content": "蝶泳草"}, {"uid": "20006195", "content": "你就在马桶里面溺四吧（错乱）"}, {"uid": "20006195", "content": "真·从马桶里捞出来"}, {"uid": "216039", "content": "草"}, {"uid": "667999", "content": "一个人 一张图 厕所里面故事多"}, {"uid": "812140", "content": "no可愛そうyes可哀想"}, {"uid": "404914922", "content": "泡面"}, {"uid": "11960415", "content": "你的干脆面掉进厕所里了，不干净了"}, {"uid": "334926483", "content": "草"}, {"uid": "384796790", "content": "草"}, {"uid": "80445602", "content": "其实男孩子也是一起上的"}, {"uid": "3844363", "content": "草哈哈哈哈"}, {"uid": "414422", "content": "这只驴子不能要了。。。"}, {"uid": "17784911", "content": "草"}, {"uid": "65931558", "content": "好家伙"}, {"uid": "474019100", "content": "那一天，inga回想起了被厕所支配的恐惧"}, {"uid": "474019100", "content": "开幕被埋"}, {"uid": "306212", "content": "厕所里的nuko也是别样的可爱（不"}, {"uid": "489573197", "content": "双人坑可还行"}, {"uid": "443702759", "content": "一分钟！"}, {"uid": "334926483", "content": "？？？？"}, {"uid": "12208925", "content": "是可怜不是可爱哦，かわいそう"}, {"uid": "334458", "content": "开幕入土。"}, {"uid": "10579112", "content": "草"}, {"uid": "13317995", "content": "光"}, {"uid": "334926483", "content": "草？？"}, {"uid": "2907196", "content": "wwwwwwww"}, {"uid": "306212", "content": "掉厕所里那么多次，天都哭了"}, {"uid": "51181043", "content": "草"}]