[{"uid": "473376930", "content": "锤天柱"}, {"uid": "6676593", "content": "我们联合！"}, {"uid": "37164144", "content": "草"}, {"uid": "452100202", "content": "草(试图混入其中 )"}, {"uid": "489573197", "content": "xxbt"}, {"uid": "27657907", "content": "为什么中文还要翻译啊！"}, {"uid": "2038142", "content": "小浣熊酸了"}, {"uid": "12651745", "content": "23333"}, {"uid": "401099828", "content": "米娅"}, {"uid": "1557807", "content": "大变活锤"}, {"uid": "171427236", "content": "变性金刚"}, {"uid": "33004481", "content": "锤子你多余了hhh"}, {"uid": "12754387", "content": "毫不掩饰的嫌弃w"}, {"uid": "12754387", "content": "哈哈哈哈"}, {"uid": "251129323", "content": "变形金刚，随时变形状（）"}, {"uid": "3869934", "content": "变形金刚草"}, {"uid": "3869934", "content": "就要男妈妈(狗头"}, {"uid": "9227657", "content": "哈哈哈哈"}, {"uid": "8480744", "content": "我们联合！"}, {"uid": "11530216", "content": "Inga今天吃什么"}, {"uid": "7072562", "content": "让你看到男妈妈真是对不起 我这就走"}, {"uid": "423919123", "content": "1分钟 热乎"}, {"uid": "20157703", "content": "噗哈哈哈哈哈哈"}, {"uid": "142619562", "content": "她急了她急了"}, {"uid": "457415382", "content": "锤子"}, {"uid": "86206932", "content": "红红火火恍恍惚惚草"}, {"uid": "83344983", "content": "TransHammerTransHammer"}, {"uid": "355904832", "content": "transhammer"}, {"uid": "1557807", "content": "锤子人 变形！"}, {"uid": "23001624", "content": "叉出去"}, {"uid": "8953728", "content": "自古红蓝出cp？"}, {"uid": "82011101", "content": "哈哈哈哈哈哈哈哈哈哈哈哈哈哈"}, {"uid": "1557807", "content": "浣熊国带孝女"}, {"uid": "143275225", "content": "草"}, {"uid": "105042101", "content": "transhummer"}, {"uid": "3869934", "content": "TRANSHAMMER"}, {"uid": "88174095", "content": "哈哈哈"}, {"uid": "297778899", "content": "草"}, {"uid": "7833743", "content": "mia"}, {"uid": "194175206", "content": "www"}, {"uid": "194175206", "content": "草"}, {"uid": "34669726", "content": "哈哈哈哈哈"}, {"uid": "401099828", "content": "awsl"}, {"uid": "224657804", "content": "草"}, {"uid": "4912018", "content": "草"}, {"uid": "2487913", "content": "锤sformer"}, {"uid": "10579112", "content": "草"}, {"uid": "12754387", "content": "哈哈"}, {"uid": "4912018", "content": "哈哈哈哈哈"}, {"uid": "4912018", "content": "草www."}, {"uid": "73449836", "content": "汽锤人"}, {"uid": "35046902", "content": "组队出道吧"}, {"uid": "50936678", "content": "草"}, {"uid": "12158364", "content": "好耶"}, {"uid": "23001624", "content": "草"}, {"uid": "3963973", "content": "草"}, {"uid": "443529239", "content": "金轮"}, {"uid": "17703518", "content": "草"}, {"uid": "9227657", "content": "草"}, {"uid": "920972", "content": "草"}, {"uid": "22008355", "content": "草"}]