[{"uid": "434780627", "content": "来了"}, {"uid": "434780627", "content": "mmm传统艺能"}, {"uid": "146818702", "content": "hhhhhc"}, {"uid": "84006587", "content": "为什么这段话这么熟练，是不是老大哥教的（）"}, {"uid": "25601549", "content": "狐之火呢"}, {"uid": "437460254", "content": "M?"}, {"uid": "2774751", "content": "233333"}, {"uid": "40125447", "content": "aibo，拉面一库走"}, {"uid": "19506352", "content": "我看你，是完全不懂哦~"}, {"uid": "108061820", "content": "为什么这句话是那么的熟悉？"}, {"uid": "255018502", "content": "吓傻了？"}, {"uid": "8648597", "content": "泪目了"}, {"uid": "8648597", "content": "这么说你很勇啊"}, {"uid": "16391204", "content": "你很勇哦"}, {"uid": "11078771", "content": "不戴头盔！罚款！"}, {"uid": "2907196", "content": "泪目"}, {"uid": "44592557", "content": "还有这种好事？"}, {"uid": "194175206", "content": "lv30"}, {"uid": "85645809", "content": "下面那两个直接骑脸了"}, {"uid": "85645809", "content": "直接骑脸"}, {"uid": "8154405", "content": "朝花夕誓哈哈"}, {"uid": "5043517", "content": "啊这。我看到我的弹幕了。原来我在aria变屑前就是单推LV30."}, {"uid": "12919987", "content": "套娃？"}, {"uid": "354624", "content": "冥冥民只会哭和投降"}, {"uid": "25806860", "content": "这就去欺负"}, {"uid": "175260784", "content": "蚌埠住了草"}, {"uid": "2655419", "content": "？？？直接睡觉"}, {"uid": "23001624", "content": "？？"}, {"uid": "2082713", "content": "蚌埠住了(指狂笑"}, {"uid": "130563356", "content": "哈哈哈"}, {"uid": "198700234", "content": "你家很小，没地方玩，只能睡觉，直接登dua郎"}, {"uid": "109389235", "content": "？？？？？"}, {"uid": "109389235", "content": "？？？？"}, {"uid": "11679813", "content": "这一行字换了多少种字体"}, {"uid": "1808632", "content": "哈哈哈哈哈"}, {"uid": "526053023", "content": "在现场哈哈哈哈"}, {"uid": "6486338", "content": "骑驴"}, {"uid": "73449836", "content": "HopLive竭诚演出"}, {"uid": "285826982", "content": "泪目"}, {"uid": "2178186", "content": "lv30"}, {"uid": "2149006", "content": "这个驴子，怪怪的（）"}, {"uid": "2178186", "content": "只要哭了首先怀疑mmm"}, {"uid": "285826982", "content": "驴哥不要啊"}, {"uid": "6863439", "content": "以身饲虎（"}, {"uid": "811915", "content": "你们mmm都只会哭么"}, {"uid": "811915", "content": "此时的驴还没意识到事情的严重性"}, {"uid": "23865322", "content": "我还以为是假面骑士的那张"}, {"uid": "3007646", "content": "秋——兔——"}, {"uid": "28789311", "content": "牵丝蝠呢？牵丝蝠呢？"}, {"uid": "38293763", "content": "登duan郎"}, {"uid": "33935601", "content": "草，太屑了"}, {"uid": "11856826", "content": "ohhh"}, {"uid": "428164", "content": "我为兔宝不值"}, {"uid": "30514029", "content": "震撼笨笨"}, {"uid": "30514029", "content": "好家伙这标题就离谱"}, {"uid": "408645838", "content": "30是不哭，只有冥冥民哭"}, {"uid": "587140", "content": "玩累了就睡是吧"}, {"uid": "46402981", "content": "千环套月的视频"}, {"uid": "85645809", "content": "我家很大的"}, {"uid": "38550786", "content": "小 心 因 果"}, {"uid": "324798255", "content": "?????"}, {"uid": "2977464", "content": "直接睡觉"}, {"uid": "514023625", "content": "哈哈哈哈哈哈"}, {"uid": "11856826", "content": "這麼說Inga很勇咯"}, {"uid": "102328199", "content": "草"}, {"uid": "121243704", "content": "这波啊，这波是南佬发动冥冥民特有技能：“投降”的上级技能：投敌"}, {"uid": "122366604", "content": "草，花谱"}, {"uid": "30514029", "content": "草"}, {"uid": "587140", "content": "草"}, {"uid": "46402981", "content": "震撼驴宝"}, {"uid": "16391204", "content": "离谱"}, {"uid": "8687067", "content": "泪目"}, {"uid": "23001624", "content": "草"}, {"uid": "229272", "content": "看来没完全懂"}, {"uid": "15509041", "content": "草"}, {"uid": "33213333", "content": "草"}, {"uid": "23176010", "content": "xxbt草"}, {"uid": "408526401", "content": "文化输出"}, {"uid": "24305868", "content": "草"}, {"uid": "75379", "content": "草"}, {"uid": "52433747", "content": "我看你是真的不懂哦"}, {"uid": "2699074", "content": "hhhhh"}, {"uid": "7713860", "content": "哈哈哈恍恍惚惚恍恍惚惚h"}, {"uid": "357274793", "content": "有女王家大吗"}, {"uid": "38550786", "content": "让我看看！"}, {"uid": "348502020", "content": "离谱233"}, {"uid": "11856826", "content": "馿姐不要"}, {"uid": "12019966", "content": "？？？"}, {"uid": "436423516", "content": "哈哈"}, {"uid": "121243704", "content": "看来此时的inga还不知道这个梗，居然自然而然的就说出了同样的话。。。"}, {"uid": "36769691", "content": "草"}, {"uid": "2178186", "content": "草草草"}, {"uid": "457326", "content": "泪目"}, {"uid": "667229452", "content": "传统艺能"}, {"uid": "482319461", "content": "魔鬼构图"}, {"uid": "4296441", "content": "玩累了直接睡觉没问题的"}, {"uid": "428070093", "content": "呵呵哈哈哈"}, {"uid": "19195611", "content": "草"}, {"uid": "291501", "content": "？？？"}, {"uid": "18253454", "content": "哈哈哈哈哈哈"}, {"uid": "436423516", "content": "哈哈"}, {"uid": "285826982", "content": "泪目"}, {"uid": "285826982", "content": "草"}, {"uid": "2178186", "content": "草"}, {"uid": "11856826", "content": "是不認識的粉兔呢"}, {"uid": "11856826", "content": "糖姐不要"}, {"uid": "11856826", "content": "冰糖不要"}, {"uid": "1597017", "content": "草"}, {"uid": "33902337", "content": "草"}, {"uid": "87778194", "content": "一分钟好耶"}, {"uid": "434780627", "content": "？？？？"}, {"uid": "434780627", "content": "草"}, {"uid": "24213285", "content": "？？？"}, {"uid": "17784911", "content": "草"}, {"uid": "9569973", "content": "哈哈哈哈哈哈"}, {"uid": "318973269", "content": "!!!!!"}, {"uid": "5231375", "content": "我看你是完全不懂哦"}, {"uid": "690009", "content": "???"}, {"uid": "29073198", "content": "hahah"}, {"uid": "6454997", "content": "？？？？？"}, {"uid": "11856826", "content": "草"}, {"uid": "328422", "content": "三月真被吃了……"}, {"uid": "306797", "content": "草"}, {"uid": "414422", "content": "哈哈哈哈红红火火恍恍惚惚哈哈哈哈~"}]