[{"uid": "73449836", "content": "母胎重生"}, {"uid": "29647786", "content": "很遗憾这样认识你"}, {"uid": "12598613", "content": "草，多年老梗草"}, {"uid": "38274277", "content": "泪目，孩子终于有文化了"}, {"uid": "4904828", "content": "草saki圣经"}, {"uid": "28667796", "content": "《经 典 再 现》"}, {"uid": "3326169", "content": "但是浣熊不是熊（"}, {"uid": "10031973", "content": "哈哈哈哈还是熊啊"}, {"uid": "456055602", "content": "谢谢（咬牙切齿"}, {"uid": "431778772", "content": "中文好好！"}, {"uid": "39813625", "content": "生草"}, {"uid": "23874332", "content": "草"}, {"uid": "49912736", "content": "抱歉 DNA装不下了"}, {"uid": "401099828", "content": "草，Inga圣经"}, {"uid": "401099828", "content": "草"}, {"uid": "526053023", "content": "泪 ，缩了回去"}, {"uid": "43584977", "content": "帕里的奇怪癖好"}, {"uid": "3844363", "content": "草 哭起来了"}, {"uid": "10031973", "content": "经典再现"}, {"uid": "30778818", "content": "流泪浣熊头.jpg"}, {"uid": "628959632", "content": "这眼泪能回收利用呗？"}, {"uid": "43584977", "content": "谢谢（恼）"}, {"uid": "82539877", "content": "不是易透达春绿嘛"}, {"uid": "11202938", "content": "中文真厉害"}, {"uid": "182429628", "content": "好的，大聪明"}, {"uid": "2360303", "content": "拒绝刻入dna"}, {"uid": "12598613", "content": "开幕雷击"}, {"uid": "35046902", "content": "笑着哭了草"}, {"uid": "9065270", "content": "草TAT"}, {"uid": "397017", "content": "老梗新用"}, {"uid": "23360177", "content": "开幕雷击"}, {"uid": "30254330", "content": "浣熊不是熊"}, {"uid": "28020815", "content": "好运来"}, {"uid": "101387632", "content": "我哭了，我装的"}, {"uid": "8355537", "content": "哈哈哈哈哈哈"}, {"uid": "8355537", "content": "好家伙"}, {"uid": "3773507", "content": "草"}, {"uid": "8953728", "content": "火箭是你吗"}, {"uid": "20261384", "content": "？草"}, {"uid": "445540797", "content": "起点和哔站评论区传统艺能"}, {"uid": "354750756", "content": "字幕真是魔鬼"}, {"uid": "455710024", "content": "草"}, {"uid": "20619959", "content": "好的小浣熊"}, {"uid": "36769691", "content": "经典"}, {"uid": "6221030", "content": "草"}, {"uid": "341467556", "content": "啥？"}, {"uid": "2535375", "content": "233333"}, {"uid": "3773507", "content": "泪目"}, {"uid": "114964846", "content": "草"}, {"uid": "12598613", "content": "草"}, {"uid": "456055602", "content": "草"}, {"uid": "38907222", "content": "？？？"}, {"uid": "296769945", "content": "草"}, {"uid": "1406884", "content": "再放送"}, {"uid": "357381660", "content": "6分钟"}, {"uid": "215454744", "content": "（是他是他就是他~）哦~呀~斯~密~啦，啦，啦，啦啦~"}, {"uid": "668611833", "content": "泥石竹，泥石绿，泥石透春竹，泥石透春绿"}]