[{"uid": "356635029", "content": "草 之前看到视频以为说国v"}, {"uid": "51218743", "content": "你应该是迪士尼在逃公主"}, {"uid": "81431347", "content": "三语美少女单推了！"}, {"uid": "35340554", "content": "因为人类喜欢吃小浣熊我小时候经常吃（滑稽）"}, {"uid": "3567769", "content": "卧槽这中文好好"}, {"uid": "249180922", "content": "迪士尼在逃公主"}, {"uid": "8819346", "content": "干脆面"}, {"uid": "176057622", "content": "迪士尼在逃公主！"}, {"uid": "580506799", "content": "你也是迪士尼在逃公主！？"}, {"uid": "368928141", "content": "前 方 高 能 !"}, {"uid": "388268703", "content": "可拆卸外置装甲哈哈哈"}, {"uid": "18253454", "content": "好家伙又一个三语天才"}, {"uid": "55514568", "content": "迪士尼在逃公主哈哈哈"}, {"uid": "285324153", "content": "初见，单推，喜欢，结婚"}, {"uid": "23537720", "content": "好家伙中文十级"}, {"uid": "36303662", "content": "迪士尼在逃公主"}, {"uid": "89862572", "content": "你就是迪士尼在逃浣熊公主吗？！"}, {"uid": "89862572", "content": "《中文不好》"}, {"uid": "55018332", "content": "多语种VTB又增一员"}, {"uid": "11809665", "content": "果然是迪士尼在逃公主吧"}, {"uid": "173522635", "content": "《浣熊奇缘》"}, {"uid": "9367208", "content": "你是迪士尼浣熊公主吗"}, {"uid": "3500192", "content": "《我的中文不好》"}, {"uid": "234315366", "content": "都被拐来了，就要有被拐的亚子"}, {"uid": "412079411", "content": "《 多 多 包 涵 》"}, {"uid": "12397384", "content": "迪士尼行为"}, {"uid": "34532172", "content": "p家传统"}, {"uid": "401099828", "content": "大佬卖菜就是这样，各位少安毋躁"}, {"uid": "17666808", "content": "os不是system，Mac os才是system kora"}, {"uid": "75040882", "content": "迪士尼在逃公主"}, {"uid": "75040882", "content": "字正腔圆！"}, {"uid": "355987657", "content": "三语都好标准啊！！"}, {"uid": "289126266", "content": "反差，病娇，好耶！"}, {"uid": "331681506", "content": "这，妙哉"}, {"uid": "9639428", "content": "等等，三语？？？？"}, {"uid": "4571075", "content": "迪士尼在逃公主"}, {"uid": "524428254", "content": "迪士尼在逃公主草"}, {"uid": "5289838", "content": "好家伙在逃公主怎么被帕里拐了"}, {"uid": "18248484", "content": "好听！单推了！"}, {"uid": "93804194", "content": "众所周知，p家地位最低是帕里"}, {"uid": "11129625", "content": "好家伙又是个三语"}, {"uid": "86345368", "content": "迪士尼在逃公主"}, {"uid": "131652679", "content": "这。。这从哪拐来的三语美少女"}, {"uid": "1478251", "content": "不擅长多音字233333"}, {"uid": "93875339", "content": "这中文也太标准了吧awsl"}, {"uid": "351465310", "content": "好家伙，这中文好清晰"}, {"uid": "9855123", "content": "天啊，迪士尼在逃公主石锤"}, {"uid": "6361313", "content": "你也是迪士尼在逃公主"}, {"uid": "294670308", "content": "你甚至连生草都能理解了"}, {"uid": "562820", "content": "卧槽这语调太标准了吧"}, {"uid": "3773507", "content": "是学霸"}, {"uid": "34882953", "content": "京哥哥没挖到三语，被帕里抓到了，太强了"}, {"uid": "24213285", "content": "现在v的门槛都这么高了吗"}, {"uid": "11069011", "content": "哇塞后天学中文学到这个程度吗跪了"}, {"uid": "36624832", "content": "此处应有刻在dna里的雪地场景（误）"}, {"uid": "285342196", "content": "《我的中文不好》"}, {"uid": "38136772", "content": "迪士尼在逃公主"}, {"uid": "33919342", "content": "made迪士尼在逃公主？"}, {"uid": "33919342", "content": "帕里又被烤了（悲）"}, {"uid": "12952689", "content": "字幕自己做的草……"}, {"uid": "27898572", "content": "迪士尼在逃公主"}, {"uid": "19824793", "content": "前 方 高 能"}, {"uid": "640563", "content": "又一个学霸"}, {"uid": "434226053", "content": "老婆，单推了"}, {"uid": "31298127", "content": "很好奇兔子从哪儿找到的"}, {"uid": "30860563", "content": "光速迫害"}, {"uid": "34532172", "content": "卧槽又一个三语！d！"}, {"uid": "386438954", "content": "蛮可爱的诶，想推www"}, {"uid": "354833890", "content": "又是一个三语！？好标准！"}, {"uid": "29559429", "content": "真相了：帕里是异世界行者专门拐美少女当女儿！"}, {"uid": "188201519", "content": "这是哪里拐过来的三语美女"}, {"uid": "417051", "content": "这是魔法奇缘的歌吗"}, {"uid": "17758362", "content": "不愧是帕里和京华的亲生孩子，英日中都特别牛逼"}, {"uid": "400286177", "content": "《  好  烂  啊  》"}, {"uid": "334461", "content": "妈耶！又一个三语V！推了！"}, {"uid": "1670310", "content": "迪士尼在逃公主"}, {"uid": "1670310", "content": "披 挂 式 反 应 装 甲"}, {"uid": "146766796", "content": "迪士尼在逃公主又多了一个"}, {"uid": "296182777", "content": "又一个三语天才"}, {"uid": "1280945", "content": "草 GTA5同款音效www"}, {"uid": "45584928", "content": "传统艺能"}, {"uid": "405142", "content": "外 置 装 甲"}, {"uid": "104180504", "content": "这个翻译哈哈哈哈哈哈哈哈哈哈"}, {"uid": "593734", "content": "外装甲掉了www"}, {"uid": "14838593", "content": "田  牌  系  统"}, {"uid": "44765190", "content": "草，帕里女儿传统艺能"}, {"uid": "16424312", "content": "迪士尼突然唱歌既视感"}, {"uid": "21548527", "content": "自带话筒诶"}, {"uid": "354871", "content": "language!"}, {"uid": "4188964", "content": "出逃公主找到了（"}, {"uid": "2203831", "content": "禁止一切娱乐"}, {"uid": "25815405", "content": "传统艺能"}, {"uid": "11632151", "content": "正 片 开 始"}, {"uid": "11632151", "content": "正 片 开 始"}, {"uid": "10733398", "content": "外  挂  装  甲"}, {"uid": "272436640", "content": "帕里同款黑眼，是亲生的没跑了"}, {"uid": "13792286", "content": "卧槽，又一个语言天才"}, {"uid": "36769691", "content": "浪费了"}, {"uid": "511887001", "content": "初见，这就是3语美少女吗，单推了"}, {"uid": "306977659", "content": "这个视频甚至是自己做的翻译"}, {"uid": "306977659", "content": "同传man要失业了"}, {"uid": "22055205", "content": "初见，可爱，单挑"}, {"uid": "3844363", "content": "好！这个好！"}, {"uid": "774664", "content": "草 外部装甲"}, {"uid": "13449720", "content": "看看剩余价值.jpg"}, {"uid": "328306802", "content": "迪士尼在逃大小姐（）"}, {"uid": "328306802", "content": "这里应该是以前吧，打错字的inga可爱"}, {"uid": "3201076", "content": "迪士尼在逃公主"}, {"uid": "230337405", "content": "太——阳——神——"}, {"uid": "42195795", "content": "开局gachi恋距离"}, {"uid": "429737535", "content": "视频/翻译：自己！！"}, {"uid": "18543868", "content": "前 方 音 量 警 告"}, {"uid": "6361313", "content": "你这中文已经很可以了，而且还很自然"}, {"uid": "18785710", "content": "前 置 反 应 装 甲"}, {"uid": "807315", "content": "粉丝牌就叫“干脆面”吧"}, {"uid": "1737925", "content": "好家伙，这中文说的不能再自然了"}, {"uid": "10440446", "content": "迪士尼在逃公主"}, {"uid": "8130169", "content": "前方可是地狱啊！（指钱包要死了）"}, {"uid": "8130169", "content": "一出生就吃了妈妈，是狼蛛！"}, {"uid": "342935335", "content": "卧槽又是一个三语v"}, {"uid": "102099100", "content": "也 会"}, {"uid": "12891523", "content": "迪士尼在逃公主"}, {"uid": "580506799", "content": "好女儿们，泪目"}, {"uid": "286517710", "content": "迪士尼在逃公主"}, {"uid": "235855", "content": "才发现 翻译是自己哦！"}, {"uid": "8540019", "content": "P家传统"}, {"uid": "65219882", "content": "卧槽，这年头没三语都不敢来B站了吗？"}, {"uid": "37505823", "content": "又是三语，草"}, {"uid": "349801537", "content": "职业生草……"}, {"uid": "94212276", "content": "这根本就是迪士尼在逃公主"}, {"uid": "27903632", "content": "锤子面临失业"}, {"uid": "23183952", "content": "说着说着唱歌，有迪士尼那味了"}, {"uid": "14100066", "content": "卧槽好牛"}, {"uid": "1587302", "content": "三语都好标准？！"}, {"uid": "9367208", "content": "突然迪士尼"}, {"uid": "114964846", "content": "帕里从哪找到这么好的孩子"}, {"uid": "19174622", "content": "哇这歌喉绝了"}, {"uid": "18765382", "content": "帕里去翻迪斯尼的墙了？"}, {"uid": "399972682", "content": "厉害了，三国语言，还都流畅"}, {"uid": "74173597", "content": "惨 Mac 惨"}, {"uid": "12071835", "content": "长发公主里的！"}, {"uid": "285342196", "content": "因果驴（bushi）"}, {"uid": "10939872", "content": "又是三语！啊啊啊！推了"}, {"uid": "8605613", "content": "hhhhh这个操守是故意的吧"}, {"uid": "2297252", "content": "帕里生了个公主"}, {"uid": "24139", "content": "pong友草"}, {"uid": "33732420", "content": "锤子：？？？"}, {"uid": "5353777", "content": "帕里妈妈的技术力提高了好多！"}, {"uid": "401992636", "content": "迪士尼在逃公主草"}, {"uid": "700257", "content": "《中文不好》"}, {"uid": "325956655", "content": "迪士尼在逃公主"}, {"uid": "6423096", "content": "懂了 公主是帕里拐跑的"}, {"uid": "1563865", "content": "你是来自迪士尼市的浣熊村的把"}, {"uid": "94506", "content": "GTA5销量+1"}, {"uid": "590223", "content": "卧槽你这叫擅长？"}, {"uid": "9997247", "content": "好耶！免费了！"}, {"uid": "8610594", "content": "京华 危！"}, {"uid": "6546479", "content": "这是我能免费听的吗（doge"}, {"uid": "3844363", "content": "迷迭迷迭帕里桑"}, {"uid": "12191112", "content": "迪士尼在逃公主"}, {"uid": "357427128", "content": "三语可太草了"}, {"uid": "21986031", "content": "普通话说的比本广东人好就离谱"}, {"uid": "11069011", "content": "懂了 迪土尼公主"}, {"uid": "26536972", "content": "最强法务部，忍忍还是觉得算了"}, {"uid": "656894", "content": "三语无缝切换"}, {"uid": "35077632", "content": "我懂了，你是迪士尼来的"}, {"uid": "4661588", "content": "迪士尼在逃公主"}, {"uid": "33919342", "content": "你戴的也是花音装甲？"}, {"uid": "34896982", "content": "帕里生了个神仙"}, {"uid": "2766392", "content": "又一个三语天才,tql"}, {"uid": "480044813", "content": "危 锤子 危"}, {"uid": "480044813", "content": "不，你很标准"}, {"uid": "480044813", "content": "vtb未来门槛：三语"}, {"uid": "3930046", "content": "这翻译有点接地气啊"}, {"uid": "5189501", "content": "蒸 汽 平 台"}, {"uid": "329867453", "content": "迪士尼在逃公主"}, {"uid": "329867453", "content": "感觉帕里皮总是有一种微妙的贱萌感"}, {"uid": "34532172", "content": "发音好标准啊！！"}, {"uid": "131351702", "content": "菠萝菠萝哒?中之人塔机吧啦桑"}, {"uid": "2874494", "content": "迪士尼在逃公主"}, {"uid": "305828471", "content": "P家传统"}, {"uid": "415382982", "content": "P家传统"}, {"uid": "288758321", "content": "有兴趣和mia联动吗"}, {"uid": "37930748", "content": "哇，还是英音vup，好耶！"}, {"uid": "28615236", "content": "䴤䒑（doge）"}, {"uid": "14760192", "content": "可在dna里的音效"}, {"uid": "334461", "content": "危 守子哥 危"}, {"uid": "29312531", "content": "迪士尼在逃公主"}, {"uid": "21699", "content": "噔噔咚！"}, {"uid": "37680383", "content": "卧槽!3语!吓人"}, {"uid": "511997225", "content": "继花音装甲后我们又将迎来一副外挂式胸"}, {"uid": "75379", "content": "《中文不好》"}, {"uid": "41648881", "content": "可以唱英文小黄歌了！"}, {"uid": "4256831", "content": "!好强的中文，没有口音！"}, {"uid": "11018482", "content": "迪士尼在逃公主吗"}, {"uid": "6346767", "content": "这是从迪士尼跑出来的浣熊公主吗？"}, {"uid": "23001624", "content": "火 帕里 火"}, {"uid": "21548527", "content": "三语天才？！"}, {"uid": "369673984", "content": "不能做的事（指迷迭迷迭）"}, {"uid": "87665", "content": "迪士尼扑面而来"}, {"uid": "10948508", "content": "那你该试试《蒸汽平台》"}, {"uid": "56844353", "content": "发音好标准"}, {"uid": "241805283", "content": "中文也太好了"}, {"uid": "306977659", "content": "字幕组失业预定"}, {"uid": "2735173", "content": "果然不会多音字（"}, {"uid": "3844363", "content": "草 这就开始玩梗了"}, {"uid": "3844363", "content": "经典迫害"}, {"uid": "298434", "content": "迪士尼什么时候出浣熊公主了"}, {"uid": "194731691", "content": "同传man直接失业"}, {"uid": "108058880", "content": "P家传统"}, {"uid": "3153180", "content": "开幕迫害妈妈"}, {"uid": "11758259", "content": "外置装甲草"}, {"uid": "6269364", "content": "突然迪士尼"}, {"uid": "4284598", "content": "粉丝牌小浣熊或者干脆面"}, {"uid": "33793891", "content": "又是一个三语大佬"}, {"uid": "388155", "content": "叛逆少女"}, {"uid": "26117", "content": "前脚刚提不会多音字 所以是故意的吧www"}, {"uid": "1725711", "content": "Inga, 你是不是什么东西掉了！！"}, {"uid": "293804248", "content": "从or拐来的？？？"}, {"uid": "33420254", "content": "前置装甲"}, {"uid": "22588530", "content": "现在vtb都是中日英基本功了吗。。"}, {"uid": "12404176", "content": "又一个略知一二是吧"}, {"uid": "689822873", "content": "迪士尼既视感"}, {"uid": "277787968", "content": "孝死我了"}, {"uid": "2758221", "content": "卧槽三语V"}, {"uid": "15879910", "content": "？胸掉了"}, {"uid": "389736910", "content": "迪士尼警告"}, {"uid": "366436167", "content": "初见可爱单推"}, {"uid": "24464490", "content": "魔髮（刪掉）熊熊奇緣"}, {"uid": "475832", "content": "这皮真好看，这声音真好听"}, {"uid": "11087226", "content": "前方高能"}, {"uid": "176837", "content": "这个手是不是有点问题…"}, {"uid": "11491327", "content": "有意向跟mia联动吗"}, {"uid": "562257281", "content": "三语，厉害"}, {"uid": "14151472", "content": "可爱单推了！！"}, {"uid": "385058580", "content": "你小心你的手"}, {"uid": "11019692", "content": "迪士尼在逃公主"}, {"uid": "114964846", "content": "好标准卧槽"}, {"uid": "401099828", "content": "迪士尼在逃公主"}, {"uid": "328422", "content": "啊我死了！"}, {"uid": "1744822", "content": "迪士尼在逃公主"}, {"uid": "75040882", "content": "又从哪里拐来的……"}, {"uid": "294868947", "content": "这是从哪拐来的"}, {"uid": "438109308", "content": "overidea拐来的"}, {"uid": "5056662", "content": "好家伙，好牛"}, {"uid": "85999950", "content": "哪里拐来的高材生？？"}, {"uid": "346633425", "content": "shhhhh"}, {"uid": "524428254", "content": "外部装甲草"}, {"uid": "4001461", "content": "可动性太棒了"}, {"uid": "23277060", "content": "好耶"}, {"uid": "23277060", "content": "哈哈哈哈哈哈哈哈"}, {"uid": "1563865", "content": "突然迪士尼"}, {"uid": "442250487", "content": "真外部装甲"}, {"uid": "131652679", "content": "又一个三语！"}, {"uid": "165452190", "content": "可以了可以了比你的妈妈强了"}, {"uid": "351465310", "content": "可是你妈妈不是兔子吗doge"}, {"uid": "52956766", "content": "你的win xp版本是什么？"}, {"uid": "348641424", "content": "冰雪奇缘里安娜唱的歌"}, {"uid": "78526962", "content": "这到底是什么来头？！"}, {"uid": "3643892", "content": "你也是迪士尼公主"}, {"uid": "8926346", "content": "啊这，这不是锤子一直在寻找的人才吗"}, {"uid": "8470813", "content": "迪士尼的感觉来了"}, {"uid": "101358021", "content": "冰雪奇缘的歌"}, {"uid": "8292733", "content": "我的妈三语"}, {"uid": "29140567", "content": "帕里哪找来的这么多神仙"}, {"uid": "871090", "content": "小心被帕里打断手"}, {"uid": "142230", "content": "麻辣帕里头"}, {"uid": "22574130", "content": "草，迪士尼公主"}, {"uid": "11980839", "content": "原来不是国人吗，这说得比锤子都清楚了"}, {"uid": "11069011", "content": "哇塞三语人"}, {"uid": "24102133", "content": "迪x尼在逃公主"}, {"uid": "285342196", "content": "ohhhhhhhhhhh"}, {"uid": "285342196", "content": "这声线爱了"}, {"uid": "33919342", "content": "帕～～～～里～～～～～～～"}, {"uid": "12952689", "content": "退了好可爱啊！！！"}, {"uid": "683241", "content": "挖槽 这货无敌了"}, {"uid": "38349569", "content": "什么时候断头配信"}, {"uid": "18745037", "content": "可爱单推"}, {"uid": "18745037", "content": "ohhhhh"}, {"uid": "135084608", "content": "？？？帕里从哪里拐来的？？？"}, {"uid": "11329290", "content": "可可爱爱"}, {"uid": "224657804", "content": "京华——"}, {"uid": "423210900", "content": "pong友"}, {"uid": "25746317", "content": "这中文说的比我标准啊"}, {"uid": "305828471", "content": "企业文化"}, {"uid": "241645276", "content": "这音乐，帕里到底从哪里拐来的"}, {"uid": "20317592", "content": "发音好标准"}, {"uid": "37680383", "content": "草，吓到我了"}, {"uid": "23036539", "content": "好家伙 三语"}, {"uid": "146766796", "content": "三语系up,草"}, {"uid": "286659008", "content": "迪士尼在逃公主"}, {"uid": "19174622", "content": "前置装甲脱落"}, {"uid": "62028", "content": "这也太标准了"}, {"uid": "466642", "content": "帕里都从哪里生的啊草"}, {"uid": "73577", "content": "3语厉害了"}, {"uid": "23001624", "content": "《不太了解》"}, {"uid": "490265", "content": "这太标准了吧"}, {"uid": "14493102", "content": "海的那边都是敌人！"}, {"uid": "14838593", "content": "家管严"}, {"uid": "16424312", "content": "病娇我还可以"}, {"uid": "35406931", "content": "迪士尼公主系"}, {"uid": "2466863", "content": "好标准！！"}, {"uid": "2525182", "content": "噔噔咚"}, {"uid": "2203831", "content": "*-草"}, {"uid": "11632151", "content": "wink suki"}, {"uid": "6609563", "content": "必有吃不完的米（）"}, {"uid": "3157354", "content": "这就是冰雪奇缘的啊，啥叫有迪士尼那味儿"}, {"uid": "3157354", "content": "草，这是冰雪奇缘的？"}, {"uid": "6269364", "content": "你是迪士尼的公主吗"}, {"uid": "246475810", "content": "来了来了"}, {"uid": "44512727", "content": "《不太了解》"}, {"uid": "23270451", "content": "这中文够好了"}, {"uid": "13449720", "content": "轴man拖出去斩了吧wwww"}, {"uid": "25815405", "content": "帕里从迪士尼拐来的？"}, {"uid": "482927152", "content": "这个中文也太好了吧...."}, {"uid": "230337405", "content": "平板suki（？"}, {"uid": "6665424", "content": "迪士尼在逃"}, {"uid": "230337405", "content": "草 经典辱帕里"}, {"uid": "34022357", "content": "G 胖 的 陷 阱"}, {"uid": "42195795", "content": "音色很舒服"}, {"uid": "42195795", "content": "互动门槛有望比某耳朵更低，厉害了"}, {"uid": "28597772", "content": "这是迪士尼哪位公主吗"}, {"uid": "28597772", "content": "G胖的阴谋"}, {"uid": "28597772", "content": "操是一声不是四声啊kora"}, {"uid": "515255", "content": "姐姐你是迪士尼穿越来的吗www"}, {"uid": "95699", "content": "草 迪士尼起来了"}, {"uid": "138510172", "content": "别去，你钱包会空的"}, {"uid": "6281615", "content": "帕----里-------"}, {"uid": "138510172", "content": "带孝女行为"}, {"uid": "1556839", "content": "草、"}, {"uid": "1556839", "content": "冲啊steam免费啦"}, {"uid": "394186398", "content": "好标准"}, {"uid": "11013993", "content": "谁？"}, {"uid": "2664376", "content": "迪士尼人狂喜！！"}, {"uid": "8324170", "content": "迪士尼行为"}, {"uid": "4904828", "content": "草迪士尼公主"}, {"uid": "9065270", "content": "迪士尼行为"}, {"uid": "249180922", "content": "爱了爱了"}, {"uid": "6837385", "content": "这可太可爱了"}, {"uid": "66781694", "content": "在逃公主"}, {"uid": "30982451", "content": "职业选手"}, {"uid": "129001766", "content": "哈哈哈哈哈哈哈哈哈"}, {"uid": "404524347", "content": "迪士尼行为"}, {"uid": "32772829", "content": "草草草"}, {"uid": "11159746", "content": "Singapore？"}, {"uid": "21921607", "content": "真的好强"}, {"uid": "235855", "content": "冰雪奇缘不就是迪士尼的吗？（"}, {"uid": "78091670", "content": "这么强？？！！"}, {"uid": "175445896", "content": "这个女人真可怕"}, {"uid": "23643252", "content": "在逃公主"}, {"uid": "102775573", "content": "好家伙，比锤子好"}, {"uid": "1587302", "content": "迪士尼公主！"}, {"uid": "66827871", "content": "woc太强了"}, {"uid": "8413797", "content": "awsl"}, {"uid": "55258", "content": "好活儿"}, {"uid": "5778099", "content": "迪士尼行为"}, {"uid": "4130547", "content": "hahahahaha"}, {"uid": "143670726", "content": "可爱"}, {"uid": "4130547", "content": "孝死了"}, {"uid": "580347", "content": "无缝三语？"}, {"uid": "75040882", "content": "好听！鸡皮疙瘩秋来了！"}, {"uid": "74173597", "content": "害怕"}, {"uid": "23274551", "content": "wc，又三语"}, {"uid": "248672487", "content": "锤子，你没用了"}, {"uid": "38328291", "content": "这哪里拐来的？？？"}, {"uid": "1394449", "content": "谢拉直呼内行"}, {"uid": "313748213", "content": "vup门槛这么高了？？"}, {"uid": "313748213", "content": "卧槽卧槽卧槽"}, {"uid": "5374981", "content": "草起来了"}, {"uid": "5374981", "content": "可爱"}, {"uid": "374656376", "content": "中文强强"}, {"uid": "3225540", "content": "草！扶我起来我还能D！"}, {"uid": "131652679", "content": "迪士尼公主！"}, {"uid": "512770", "content": "好标准！"}, {"uid": "2408625", "content": "嘶~~有东西啊"}, {"uid": "50030882", "content": "生草？确实，这nm比一些地区方言影响下的普通话都顺溜"}, {"uid": "6361313", "content": "草，迪士尼既视感"}, {"uid": "6361313", "content": "三语天才啊"}, {"uid": "1739523", "content": "UN-GO"}, {"uid": "234584532", "content": "这不比锤子发音标准？"}, {"uid": "297121", "content": "卧槽"}, {"uid": "297121", "content": "帕里和锤子生的？？？"}, {"uid": "26890410", "content": "卧槽，哪来的神仙"}, {"uid": "10890200", "content": "麻了"}, {"uid": "400722720", "content": "是不是什么东西没了"}, {"uid": "38136772", "content": "凡尔赛"}, {"uid": "4661588", "content": "我TM直接单推"}, {"uid": "33919342", "content": "草"}, {"uid": "33919342", "content": "比锤子好多了.doge"}, {"uid": "8407711", "content": "我立马关注了"}, {"uid": "23346132", "content": "来了来了"}, {"uid": "19824793", "content": "前 方 高 能"}, {"uid": "5031979", "content": "pleasant to hear！！"}, {"uid": "34532172", "content": "这个皮好好看"}, {"uid": "442522489", "content": "你是中国人吧？"}, {"uid": "81617406", "content": "这是马自立吗"}, {"uid": "94770496", "content": "会3语妈妈还是paryi，D了D！"}, {"uid": "1677778", "content": "走进迪士尼"}, {"uid": "33642350", "content": "从锤子那里过来的？"}, {"uid": "27947969", "content": "草，现在出来都3语"}, {"uid": "12077838", "content": "迪士尼公主"}, {"uid": "805779", "content": "干脆面是吧"}, {"uid": "107122", "content": "留学就是自由，确实"}, {"uid": "593734", "content": "很标准"}, {"uid": "347860892", "content": "草这里的胸"}, {"uid": "132755", "content": "初见 单推 结婚 结婚!"}, {"uid": "44403666", "content": "高材女儿"}, {"uid": "2957060", "content": "是我喜欢的声线！"}, {"uid": "482927152", "content": "帕里！！"}, {"uid": "2203831", "content": "公主你好"}, {"uid": "96629881", "content": "233333"}, {"uid": "24079552", "content": "你迪士尼来的吧！"}, {"uid": "36769691", "content": "一人字幕组"}, {"uid": "30077460", "content": "你也向往自由吗。"}, {"uid": "370769", "content": "好流利"}, {"uid": "27734486", "content": "操（一声）守"}, {"uid": "3927288", "content": "有意向跟锤子联动吗"}, {"uid": "3927288", "content": "经典"}, {"uid": "108058880", "content": "迪士尼即视感"}, {"uid": "101193063", "content": "有画面了"}, {"uid": "11758259", "content": "玩塞尔达，gachi了"}, {"uid": "6098626", "content": "三语大佬"}, {"uid": "9617502", "content": "对线"}, {"uid": "328306802", "content": "帕里——"}, {"uid": "4661588", "content": "wink!!"}, {"uid": "28597772", "content": "？？？还能这样"}, {"uid": "4661588", "content": "！！！单挑了"}, {"uid": "4661588", "content": "？？？三语都这么厉害？"}, {"uid": "4284598", "content": "是全新体验"}, {"uid": "388155", "content": "哇 迪士尼风格的感觉"}, {"uid": "388155", "content": "G胖的阴谋"}, {"uid": "3083310", "content": "？？？？？！"}, {"uid": "25656342", "content": "好像有点御"}, {"uid": "388155", "content": "？？？中文这么好"}, {"uid": "4771581", "content": "音量诉讼"}, {"uid": "25656342", "content": "开幕雷击"}, {"uid": "4284598", "content": "病娇好耶"}, {"uid": "8410443", "content": "哈哈哈哈哈"}, {"uid": "602770583", "content": "迪士尼公主"}, {"uid": "299666557", "content": "我出不去了"}, {"uid": "299666557", "content": "绝杀"}, {"uid": "15568897", "content": "菠萝菠萝哒"}, {"uid": "2758221", "content": "卧槽卧槽卧槽"}, {"uid": "111827632", "content": "卧槽强"}, {"uid": "36047002", "content": "神仙，D了"}, {"uid": "489150978", "content": "单推了"}, {"uid": "176057622", "content": "三语好牛"}, {"uid": "285340520", "content": "好强！"}, {"uid": "389603893", "content": "不，是驴"}, {"uid": "3109422", "content": "中文发音真不错"}, {"uid": "50314633", "content": "woc？？？三语？？？"}, {"uid": "2058506", "content": "迪士尼味道来了"}, {"uid": "16391204", "content": "天才"}, {"uid": "84116917", "content": "又一个三语？"}, {"uid": "29529020", "content": "you are free"}, {"uid": "43661514", "content": "ohhhhhhhhhhh"}, {"uid": "32833886", "content": "沃日，芙蓉镇厨狂喜"}, {"uid": "18571133", "content": "不懂就问 三语是标配吗"}, {"uid": "3827357", "content": "厉害了"}, {"uid": "690823746", "content": "草"}, {"uid": "16287499", "content": "够勇啊你"}, {"uid": "147123", "content": "装甲脱落？？"}, {"uid": "52495540", "content": "孝死了"}, {"uid": "496235325", "content": "靠牛啤"}, {"uid": "289126266", "content": "wc这中午"}, {"uid": "347029863", "content": "好强"}, {"uid": "85999950", "content": "新来的你好"}, {"uid": "925980", "content": "啊这"}, {"uid": "67445762", "content": "三语？！"}, {"uid": "238865667", "content": "？？？？？？？"}, {"uid": "14316468", "content": "麻辣兔头，是自己人"}, {"uid": "21515866", "content": "有种迪斯尼的感觉"}, {"uid": "35063376", "content": "厉害啊"}, {"uid": "2822100", "content": "推了推了，直接推了"}, {"uid": "198025", "content": "音量诉讼"}, {"uid": "5102047", "content": "Linux 何时才能站起来"}, {"uid": "6361313", "content": "帕里！"}, {"uid": "294670308", "content": "帕里又抽了张神卡"}, {"uid": "25392714", "content": "这脑袋晃的"}, {"uid": "37904656", "content": "frozon的"}, {"uid": "30402071", "content": "谢拉饼干"}, {"uid": "96516580", "content": "太牛了"}, {"uid": "110017", "content": "好耶！"}, {"uid": "349253389", "content": "单推了"}, {"uid": "5941269", "content": "hao ke ai！"}, {"uid": "5337111", "content": "草"}, {"uid": "262284680", "content": "这中文好强"}, {"uid": "241424287", "content": "三语人加一"}, {"uid": "1528657", "content": "迪士尼公主"}, {"uid": "562257281", "content": "草"}, {"uid": "454961000", "content": "职业"}, {"uid": "85790419", "content": "ohhhhh"}, {"uid": "207613158", "content": "长发公主的歌么？"}, {"uid": "44662122", "content": "草"}, {"uid": "2399400", "content": "惊了！"}, {"uid": "437752515", "content": "京华危"}, {"uid": "8580259", "content": "三语太强了"}, {"uid": "53105364", "content": "好大声"}, {"uid": "53105364", "content": "声音好好听"}, {"uid": "2228007", "content": "草"}, {"uid": "282172335", "content": "哇塞好好听"}, {"uid": "231667339", "content": "本来想观望一下，关注了好吧"}, {"uid": "40670015", "content": "ヾ(✿ﾟ▽ﾟ)ノ"}, {"uid": "75379", "content": "帕里在迪士尼拐来的？"}, {"uid": "45584928", "content": "？？迪士尼公主？"}, {"uid": "23001624", "content": "这么标准？"}, {"uid": "107122", "content": "这皮连下颌都做出来了吗？这么精细的？"}, {"uid": "14838593", "content": "冰雪奇缘！！！！"}, {"uid": "593734", "content": "带笑女"}, {"uid": "13919714", "content": "三语天才"}, {"uid": "482927152", "content": "这也太棒了吧.."}, {"uid": "4188964", "content": "菠萝菠萝哒草"}, {"uid": "2203831", "content": "这都不能吗"}, {"uid": "60643773", "content": "awsl！"}, {"uid": "434340", "content": "惊了"}, {"uid": "306977659", "content": "强，单推了"}, {"uid": "2178186", "content": "中文这么溜？"}, {"uid": "19992814", "content": "太好听了！！！！！"}, {"uid": "7690412", "content": "可以,我懂了"}, {"uid": "4990791", "content": "迪士尼既视感"}, {"uid": "25720923", "content": "好强啊"}, {"uid": "3927288", "content": "谢谢，已经聋了"}, {"uid": "4120254", "content": "吐血"}, {"uid": "23773661", "content": "草草草草"}, {"uid": "168665091", "content": "你也是迪O尼公主？"}, {"uid": "4641303", "content": "小心律师函("}, {"uid": "101193063", "content": "太真实了"}, {"uid": "328306802", "content": "kksk"}, {"uid": "22532208", "content": "有意愿加入OR吗？"}, {"uid": "1672502", "content": "我到了迪士尼？"}, {"uid": "1931606", "content": "危"}, {"uid": "42195795", "content": "好活"}, {"uid": "4661588", "content": "？？？？？？"}, {"uid": "4661588", "content": "可爱"}, {"uid": "511603", "content": "草，我的耳朵"}, {"uid": "4661588", "content": "？？？"}, {"uid": "4661588", "content": "好耶"}, {"uid": "1983679", "content": "迪士尼出来的浣熊么"}, {"uid": "2302103", "content": "G胖的阴谋"}, {"uid": "4284598", "content": "！！！中文这么好"}, {"uid": "18785710", "content": "故意的吧www 操守w"}, {"uid": "7705659", "content": "可爱，单推！"}, {"uid": "1556839", "content": "这个中文！！！"}, {"uid": "807315", "content": "帕里~~~~~"}, {"uid": "16710379", "content": "真太好听了"}, {"uid": "411351037", "content": "单挑了"}, {"uid": "439520522", "content": "到底是三d还是二d啊"}, {"uid": "4218680", "content": "？？？？？？？？？？？"}, {"uid": "107481544", "content": "唱的好好听"}, {"uid": "12404176", "content": "henxin"}, {"uid": "33213536", "content": "成为大人"}, {"uid": "9065270", "content": "三语好耶"}, {"uid": "2959340", "content": "tihi"}, {"uid": "27177874", "content": "什么黑色mia"}, {"uid": "15879910", "content": "好流利"}, {"uid": "12223654", "content": "发音比我好"}, {"uid": "354750756", "content": "哈哈哈"}, {"uid": "16710379", "content": "Very nice "}, {"uid": "24172365", "content": "好强"}, {"uid": "58941556", "content": "ohhhhhhhhhhhhhh"}, {"uid": "58941556", "content": "单推了"}, {"uid": "38121260", "content": "woc"}, {"uid": "8413797", "content": "单推了"}, {"uid": "305617742", "content": "cast off"}, {"uid": "24425071", "content": "有点厉害了"}, {"uid": "2005955", "content": "印度歌舞！"}, {"uid": "67445762", "content": "草"}, {"uid": "52495540", "content": "厉害"}, {"uid": "74173597", "content": "草"}, {"uid": "96554437", "content": "母语英语？"}, {"uid": "47426821", "content": "好家伙。。"}, {"uid": "2297252", "content": "公主系"}, {"uid": "194175206", "content": "好厉害啊"}, {"uid": "4571075", "content": "草"}, {"uid": "418805098", "content": "迪士尼？？？"}, {"uid": "19474431", "content": "卧槽  我D定了"}, {"uid": "376064046", "content": "关注关注！！！"}, {"uid": "85583949", "content": "草"}, {"uid": "23277060", "content": "推了推了"}, {"uid": "37637193", "content": "好耶我爱了"}, {"uid": "4872035", "content": "这首歌下来 很难不单推啊"}, {"uid": "131652679", "content": "草"}, {"uid": "356151201", "content": "操守？"}, {"uid": "590223", "content": "你也是迪士尼？"}, {"uid": "348641424", "content": "你就是安娜？"}, {"uid": "33915812", "content": "草"}, {"uid": "6811048", "content": "草"}, {"uid": "2163611", "content": "已关注"}, {"uid": "12191112", "content": "好家伙"}, {"uid": "859303", "content": "这是开挂吧"}, {"uid": "11069011", "content": "好牛好牛"}, {"uid": "173508642", "content": "woc"}, {"uid": "23699718", "content": "草"}, {"uid": "1939565", "content": "胸呢"}, {"uid": "2023792", "content": "麻辣兔头好耶"}, {"uid": "649551", "content": "？？？？？？"}, {"uid": "249582751", "content": "狮子王那味了"}, {"uid": "34896982", "content": "迪士尼公主吗"}, {"uid": "22010327", "content": "这个bgm"}, {"uid": "23332869", "content": "说话没锤子味儿"}, {"uid": "28244955", "content": "这也太强了吧"}, {"uid": "19824793", "content": "爱了爱了"}, {"uid": "71582897", "content": "厉害"}, {"uid": "38349569", "content": "比锤子发音好"}, {"uid": "489074194", "content": "这三语 tql"}, {"uid": "7971567", "content": "啊啊啊啊啊suki"}, {"uid": "174150111", "content": "快进到花q"}, {"uid": "31977172", "content": "三语nice"}, {"uid": "18409641", "content": "迪士尼是吧"}, {"uid": "89861811", "content": "好好听！！"}, {"uid": "799161", "content": "迪士尼？？？？"}, {"uid": "82399285", "content": "海的那边是敌人"}, {"uid": "82399285", "content": "三语好耶"}, {"uid": "29559429", "content": "我滴妈耶"}, {"uid": "300040847", "content": "登dua郎"}, {"uid": "357705497", "content": "帕里"}, {"uid": "1677778", "content": "草"}, {"uid": "75379", "content": "免费了"}, {"uid": "41648881", "content": "耳朵啊啊啊"}, {"uid": "1569516", "content": "ohhhhhhh"}, {"uid": "21143310", "content": "好强啊"}, {"uid": "23001624", "content": "眼睛好看啊"}, {"uid": "23001624", "content": "！！！"}, {"uid": "23001624", "content": "zelda好耶"}, {"uid": "4219371", "content": "迪士尼公主？！"}, {"uid": "38746113", "content": "！！！"}, {"uid": "354871", "content": "危"}, {"uid": "354871", "content": "env d了"}, {"uid": "226295879", "content": "cast off"}, {"uid": "4188964", "content": "好家伙"}, {"uid": "826966", "content": "厉害了"}, {"uid": "6609563", "content": "！？"}, {"uid": "36769691", "content": "单推了"}, {"uid": "60643773", "content": "可爱！"}, {"uid": "76764239", "content": "有迪士尼内味"}, {"uid": "19992814", "content": "这皮好3d呜呜呜"}, {"uid": "9240116", "content": "她真可爱"}, {"uid": "774664", "content": "那是深渊别去"}, {"uid": "158582828", "content": "太强了"}, {"uid": "194731691", "content": "谢谢你高能君"}, {"uid": "482927152", "content": "中文好棒"}, {"uid": "9672240", "content": "我的耳朵"}, {"uid": "1902940", "content": "wink！"}, {"uid": "5598346", "content": "牛啊"}, {"uid": "1931606", "content": "awsl"}, {"uid": "484927", "content": "好耶"}, {"uid": "2245028", "content": "草"}, {"uid": "328306802", "content": "牛啊"}, {"uid": "2245028", "content": "草"}, {"uid": "42195795", "content": "大草"}, {"uid": "321780749", "content": "推了推了"}, {"uid": "321780749", "content": "推了推了"}, {"uid": "10579112", "content": "kksk"}, {"uid": "4661588", "content": "好厉害"}, {"uid": "25656342", "content": "xp系统一样"}, {"uid": "297216", "content": "very good"}, {"uid": "8410443", "content": "草"}, {"uid": "8410443", "content": "wink"}, {"uid": "25520962", "content": "来了来了"}, {"uid": "405142", "content": "好耶"}, {"uid": "4284598", "content": "草"}, {"uid": "1556839", "content": "ww"}, {"uid": "298710963", "content": "卧槽"}, {"uid": "129322115", "content": "太强了"}, {"uid": "299666557", "content": "单推冲冲冲！"}, {"uid": "602770583", "content": "？？？？"}, {"uid": "4266560", "content": "祖母"}, {"uid": "38550786", "content": "太厉害了"}, {"uid": "81431347", "content": "好耶！"}, {"uid": "318161777", "content": "好强"}, {"uid": "241837504", "content": "草"}, {"uid": "134898531", "content": "草"}, {"uid": "389736910", "content": "牛蛙"}, {"uid": "12891523", "content": "草"}, {"uid": "36163508", "content": "卧槽"}, {"uid": "681911", "content": "单推了！"}, {"uid": "2130902", "content": "好好听好好听"}, {"uid": "174952927", "content": "跟锤子联动吧"}, {"uid": "8540019", "content": "草"}, {"uid": "23576276", "content": "kksk"}, {"uid": "630735077", "content": "？？？？"}, {"uid": "66827871", "content": "hiiro"}, {"uid": "2290738", "content": "草"}, {"uid": "38121260", "content": "好强"}, {"uid": "690823746", "content": "厉害啊"}, {"uid": "690823746", "content": "草"}, {"uid": "147123", "content": "？？？？？？？？？？？"}, {"uid": "147123", "content": "好耶！！"}, {"uid": "67445762", "content": "woc"}, {"uid": "289126266", "content": "单挑了"}, {"uid": "81431837", "content": "好耶"}, {"uid": "247225882", "content": "好厉害"}, {"uid": "925980", "content": "G胖狂喜"}, {"uid": "19195611", "content": "草"}, {"uid": "885528", "content": "单推了"}, {"uid": "25435903", "content": "三语好耶"}, {"uid": "173638358", "content": "好强"}, {"uid": "5289838", "content": "这不比隔壁锤子标准？"}, {"uid": "376064046", "content": "三语！！"}, {"uid": "39411662", "content": "太强了"}, {"uid": "82835310", "content": "卧槽"}, {"uid": "167865345", "content": "wwwww"}, {"uid": "620889751", "content": "推 定 了"}, {"uid": "37637193", "content": "卧槽"}, {"uid": "7451126", "content": "猛的"}, {"uid": "2359368", "content": "好听诶"}, {"uid": "1478251", "content": "草"}, {"uid": "614160", "content": "这皮好啊"}, {"uid": "39995573", "content": "paryi！"}, {"uid": "293858", "content": "迪士尼公主？"}, {"uid": "33915812", "content": "草"}, {"uid": "355398460", "content": "爱了爱了"}, {"uid": "22092352", "content": "公主！"}, {"uid": "26841631", "content": "强啊！"}, {"uid": "33491", "content": "关注了"}, {"uid": "11568111", "content": "草"}, {"uid": "656894", "content": "草"}, {"uid": "656894", "content": "草"}, {"uid": "457590348", "content": "不会是帕里吧"}, {"uid": "470342488", "content": "！！！！！！！"}, {"uid": "31298127", "content": "草"}, {"uid": "25438232", "content": "！！！"}, {"uid": "1800386", "content": "这不立马粉了"}, {"uid": "1805644", "content": "這是什麼cup"}, {"uid": "8026443", "content": "三语vtb"}, {"uid": "7554731", "content": "粉了粉了"}, {"uid": "7554731", "content": "ohhhhhhhhhhhhh"}, {"uid": "472220877", "content": "Hiiro"}, {"uid": "105130699", "content": "好强"}, {"uid": "21896921", "content": "强强"}, {"uid": "293643016", "content": "真好听!"}, {"uid": "322268", "content": "卧槽"}, {"uid": "88012340", "content": "？？？？？？"}, {"uid": "511997225", "content": "迪士尼风"}, {"uid": "75379", "content": "？"}, {"uid": "41648881", "content": "boom！！"}, {"uid": "1983679", "content": "锤子输麻了"}, {"uid": "593734", "content": "kksk"}, {"uid": "85312408", "content": "前方高能"}, {"uid": "29305599", "content": "麻辣兔头"}, {"uid": "82569222", "content": "好耶！！！"}, {"uid": "16424312", "content": "88888"}, {"uid": "44403666", "content": "哇哦哦哦"}, {"uid": "23087340", "content": "真好听!"}, {"uid": "2203831", "content": "？"}, {"uid": "2203831", "content": "惊了"}, {"uid": "415382982", "content": "推了推了"}, {"uid": "415382982", "content": "草"}, {"uid": "60643773", "content": "很强"}, {"uid": "370769", "content": "草"}, {"uid": "19992814", "content": "清楚！！！！！！"}, {"uid": "25720923", "content": "强强"}, {"uid": "23988752", "content": "带孝女"}, {"uid": "42195795", "content": "快进到花"}, {"uid": "2351463", "content": "草"}, {"uid": "5598346", "content": "草"}, {"uid": "9617502", "content": "草"}, {"uid": "1931606", "content": "猝不及防"}, {"uid": "328306802", "content": "谢谢高能君"}, {"uid": "1931606", "content": "哈哈哈哈哈哈"}, {"uid": "574862", "content": "草"}, {"uid": "14706910", "content": "单推了"}, {"uid": "425237", "content": "厉害啊"}, {"uid": "26117", "content": "steam草"}, {"uid": "25520962", "content": "中文过好"}, {"uid": "490265", "content": "草"}, {"uid": "39540940", "content": "生草"}, {"uid": "807315", "content": "挺好挺好"}, {"uid": "417923", "content": "好耶！"}, {"uid": "15588298", "content": "强强"}, {"uid": "1737925", "content": "强啊"}, {"uid": "7705659", "content": "草草草"}, {"uid": "4577168", "content": "草"}, {"uid": "5019057", "content": "草"}, {"uid": "8535631", "content": "驴你来啦"}, {"uid": "107481544", "content": "是公主殿下耶~~"}, {"uid": "11971893", "content": "《指   dio  家  家  教》"}, {"uid": "178445390", "content": "？？？"}, {"uid": "249180922", "content": "草"}, {"uid": "30982451", "content": "卧槽"}, {"uid": "35028673", "content": "流啤"}, {"uid": "32071473", "content": "三语！"}, {"uid": "475872275", "content": "草"}, {"uid": "36257297", "content": "草"}, {"uid": "27166378", "content": "awsl"}, {"uid": "557252", "content": "草"}, {"uid": "21921607", "content": "天啊"}, {"uid": "3307323", "content": "菠萝菠萝哒"}, {"uid": "772867", "content": "牛逼"}, {"uid": "58941556", "content": "单推了"}, {"uid": "1265895225", "content": "bravo！"}, {"uid": "8687067", "content": "好强"}, {"uid": "102242658", "content": "！！！！"}, {"uid": "70657795", "content": "操3守"}, {"uid": "4130547", "content": "好活"}, {"uid": "4130547", "content": "草"}, {"uid": "147123", "content": "草"}, {"uid": "147123", "content": "好耶"}, {"uid": "24425071", "content": "好强"}, {"uid": "74173597", "content": "草"}, {"uid": "74173597", "content": "？？？？"}, {"uid": "1591555", "content": "唱的好丫"}, {"uid": "74173597", "content": "好耶"}, {"uid": "289126266", "content": "燃起来了"}, {"uid": "4895061", "content": "内味太冲"}, {"uid": "13893362", "content": "强啊"}, {"uid": "1903167", "content": "这不比锤子强？！"}, {"uid": "1903167", "content": "这不比锤子强？！"}, {"uid": "4571075", "content": "好家伙"}, {"uid": "4001461", "content": "nice"}, {"uid": "5374981", "content": "好听诶"}, {"uid": "34313189", "content": "这不是艾尔莎嘛"}, {"uid": "8123188", "content": "xp"}, {"uid": "177804625", "content": "卧槽"}, {"uid": "700257", "content": "woc"}, {"uid": "131652679", "content": "好耶！"}, {"uid": "512770", "content": "好！"}, {"uid": "351465310", "content": "重新定义好烂"}, {"uid": "15138435", "content": "www"}, {"uid": "34318817", "content": "草"}, {"uid": "2321176", "content": "？？？？？？？"}, {"uid": "229145419", "content": "卧槽"}, {"uid": "8470813", "content": "草"}, {"uid": "2065866", "content": "好家伙"}, {"uid": "46727479", "content": "这有点强"}, {"uid": "7577621", "content": "三语！！！！"}, {"uid": "173508642", "content": "woc"}, {"uid": "649551", "content": "好好听"}, {"uid": "22010327", "content": "坂本。。。"}, {"uid": "19824793", "content": "草"}, {"uid": "482927152", "content": "好厉害"}, {"uid": "241424287", "content": "迪士尼？"}, {"uid": "31298127", "content": "单推了"}, {"uid": "562257281", "content": "卧槽？"}, {"uid": "799161", "content": "草"}, {"uid": "288758321", "content": "！！"}, {"uid": "343616", "content": "草"}, {"uid": "343616", "content": "草W"}, {"uid": "56309415", "content": "三语！！！！"}, {"uid": "2388725", "content": "好家伙"}, {"uid": "95386041", "content": "这个好耶"}, {"uid": "75379", "content": "草"}, {"uid": "41648881", "content": "别去！"}, {"uid": "28667796", "content": "好耶~"}, {"uid": "12077838", "content": "草"}, {"uid": "2699074", "content": "太强了"}, {"uid": "466642", "content": "kksk"}, {"uid": "39067890", "content": "卧槽"}, {"uid": "13486175", "content": "tql....."}, {"uid": "73577", "content": "钱包啊"}, {"uid": "4136273", "content": "●▽●"}, {"uid": "805779", "content": "不会被老鼠版权炮吧"}, {"uid": "85312408", "content": "草"}, {"uid": "474316513", "content": "草"}, {"uid": "23001624", "content": "别去，花钱"}, {"uid": "30845", "content": "可爱！"}, {"uid": "16424312", "content": "我还可以D！"}, {"uid": "132755", "content": "害怕"}, {"uid": "23001624", "content": "草"}, {"uid": "5307055", "content": "草"}, {"uid": "9272615", "content": "草"}, {"uid": "25375745", "content": "前方高能"}, {"uid": "356929963", "content": "！！！！"}, {"uid": "305617742", "content": "草"}, {"uid": "49900236", "content": "太强了"}, {"uid": "33934175", "content": "这For the First Time in Forever好妙"}, {"uid": "25720923", "content": "好强"}, {"uid": "36769691", "content": "草"}, {"uid": "12282331", "content": "太棒了"}, {"uid": "11111982", "content": "？"}, {"uid": "88555614", "content": "woc"}, {"uid": "42195795", "content": "快进到花q"}, {"uid": "10455913", "content": "好强"}, {"uid": "19061517", "content": "这中文！"}, {"uid": "50759457", "content": "太强了"}, {"uid": "5582949", "content": "有那味了"}, {"uid": "388155", "content": "草"}, {"uid": "26117", "content": "草"}, {"uid": "388155", "content": "上流"}, {"uid": "441776977", "content": "草"}, {"uid": "25520962", "content": "nice"}, {"uid": "2818222", "content": "草"}, {"uid": "26117", "content": "三语！"}, {"uid": "26117", "content": "草"}, {"uid": "6361313", "content": "草"}, {"uid": "6269364", "content": "好耶"}, {"uid": "2511085", "content": "可爱"}, {"uid": "13312775", "content": "好耶"}, {"uid": "6837385", "content": "浣熊？"}, {"uid": "12223654", "content": "？"}, {"uid": "24172365", "content": "草"}, {"uid": "1828161", "content": "关注了"}, {"uid": "270400678", "content": "草"}, {"uid": "16710379", "content": "Haoting "}, {"uid": "87688072", "content": "tql"}, {"uid": "803290", "content": "我的中文不好"}, {"uid": "16391204", "content": "厉害"}, {"uid": "279556084", "content": "？？？"}, {"uid": "1540548", "content": "三语"}, {"uid": "289792196", "content": "鸡皮疙瘩"}, {"uid": "2290738", "content": "草"}, {"uid": "690823746", "content": "爱了爱了"}, {"uid": "65256362", "content": "三语。。。。"}, {"uid": "251124331", "content": "草？太强了"}, {"uid": "925980", "content": "D了D了"}, {"uid": "194175206", "content": "草"}, {"uid": "194175206", "content": "草草"}, {"uid": "16710379", "content": "都怀疑是个中国留学生了"}, {"uid": "8547946", "content": "6666"}, {"uid": "11422264", "content": "迪士尼在逃公主！！！！！！！！"}, {"uid": "2297252", "content": "草"}, {"uid": "23277060", "content": "卧槽"}, {"uid": "15797888", "content": "推了"}, {"uid": "89595614", "content": "？？？"}, {"uid": "355854984", "content": "awsl"}, {"uid": "2822100", "content": "好家伙"}, {"uid": "131652679", "content": "草"}, {"uid": "289906801", "content": "草"}, {"uid": "96516580", "content": "66666"}, {"uid": "46255083", "content": "资本恶魔"}, {"uid": "8470813", "content": "D了"}, {"uid": "8470813", "content": "三语！！！！"}, {"uid": "240360", "content": "草"}, {"uid": "29140567", "content": "这比锤子强太多了"}, {"uid": "29140567", "content": "太强了"}, {"uid": "14058655", "content": "!?"}, {"uid": "859303", "content": "你真的不是中国人吗？"}, {"uid": "24102133", "content": "草"}, {"uid": "22010327", "content": "woc！"}, {"uid": "134544", "content": "好強"}, {"uid": "353192066", "content": "你好"}, {"uid": "23274079", "content": "天哪"}, {"uid": "19824793", "content": "草"}, {"uid": "108162851", "content": "草"}, {"uid": "4176584", "content": "草"}, {"uid": "22077434", "content": "好耶"}, {"uid": "442522489", "content": "别问了，证实了，是中国人装外国人（"}, {"uid": "8026443", "content": "好听"}, {"uid": "8026443", "content": "？？？"}, {"uid": "7554731", "content": "取关了"}, {"uid": "1319369", "content": "老婆！"}, {"uid": "28976061", "content": "泰好汀乐"}, {"uid": "293643016", "content": "真好听"}, {"uid": "293643016", "content": "草"}, {"uid": "282172335", "content": "草"}, {"uid": "282172335", "content": "草"}, {"uid": "23001624", "content": "草"}, {"uid": "23001624", "content": "好！"}, {"uid": "4965270", "content": "？？？"}, {"uid": "75379", "content": "！！！"}, {"uid": "8244866", "content": "草"}, {"uid": "73577", "content": "迪斯尼"}, {"uid": "85312408", "content": "有点强"}, {"uid": "23001624", "content": "芜湖！！"}, {"uid": "23001624", "content": "强啊！！！"}, {"uid": "23001624", "content": "行啊"}, {"uid": "29305599", "content": "麻辣兔头草"}, {"uid": "19824793", "content": "好耶"}, {"uid": "301562", "content": "好耶"}, {"uid": "301562", "content": "好耶"}, {"uid": "2567468", "content": "爱了爱了"}, {"uid": "139361", "content": "好耶"}, {"uid": "354871", "content": "i"}, {"uid": "19120684", "content": "迪士尼出逃者"}, {"uid": "96629881", "content": "23333"}, {"uid": "36769691", "content": "草"}, {"uid": "60643773", "content": "草"}, {"uid": "2203831", "content": "？"}, {"uid": "393709908", "content": "弹幕是不是被清了"}, {"uid": "306977659", "content": "三语强啊"}, {"uid": "22055205", "content": "不错"}, {"uid": "3844363", "content": "可惜你不是老浣熊带的，你是被只屑兔子带的"}, {"uid": "224657804", "content": "草"}, {"uid": "108058880", "content": "草"}, {"uid": "13449720", "content": "操守草wwwwwww这个是故意的吧wwww"}, {"uid": "294152", "content": "草"}, {"uid": "482927152", "content": "草"}, {"uid": "11111982", "content": "？"}, {"uid": "11758259", "content": "草"}, {"uid": "127876", "content": "?"}, {"uid": "9617502", "content": "卧槽"}, {"uid": "1931606", "content": "草"}, {"uid": "19885100", "content": "好耶"}, {"uid": "37498399", "content": "好棒！"}, {"uid": "10579112", "content": "草"}, {"uid": "50759457", "content": "kksk"}, {"uid": "28597772", "content": "kusa"}, {"uid": "4284598", "content": "草"}, {"uid": "25656342", "content": "草"}, {"uid": "8410443", "content": "草"}, {"uid": "8410443", "content": "草"}, {"uid": "4102252", "content": "有点牛b"}, {"uid": "8410443", "content": "!!"}, {"uid": "39540940", "content": "草"}, {"uid": "25520962", "content": "终于"}, {"uid": "807315", "content": "草"}, {"uid": "6281615", "content": "kksk"}, {"uid": "14389923", "content": "好耶"}, {"uid": "34134396", "content": "强强"}, {"uid": "81111450", "content": "好耶"}, {"uid": "489571746", "content": "你还知道生草？？！"}, {"uid": "4313978", "content": "抄手"}, {"uid": "32287303", "content": "66666"}, {"uid": "30982451", "content": "强"}, {"uid": "389736910", "content": "66666"}, {"uid": "389736910", "content": "草"}, {"uid": "31714116", "content": "草"}, {"uid": "310663000", "content": "好耶"}, {"uid": "8778512", "content": "1000"}, {"uid": "265282669", "content": "草"}, {"uid": "471708071", "content": "前方高能"}, {"uid": "221198", "content": "？"}, {"uid": "470967040", "content": "？？？？？"}, {"uid": "65366698", "content": "好耶"}, {"uid": "58941556", "content": "草"}, {"uid": "10945629", "content": "这发音比某锤强啊"}, {"uid": "22908181", "content": "草"}, {"uid": "178134982", "content": "草"}, {"uid": "226824908", "content": "cao"}, {"uid": "690823746", "content": "好听"}, {"uid": "690823746", "content": "草"}, {"uid": "4130547", "content": "草"}, {"uid": "437120", "content": "今天中之人马来西亚的吧"}, {"uid": "44703516", "content": "？？？？"}, {"uid": "23274551", "content": "草"}, {"uid": "23274551", "content": "草"}, {"uid": "289126266", "content": "？？？？"}, {"uid": "925980", "content": "tql"}, {"uid": "28482323", "content": "？？？？"}, {"uid": "775136", "content": "这里蛮有意思的，所以接着就唱了for the first time in forever"}, {"uid": "24508692", "content": "？？？？"}, {"uid": "24213285", "content": "？？？？？"}, {"uid": "33289428", "content": "比你锤姨说的好"}, {"uid": "549602076", "content": "爱了爱了"}, {"uid": "349801537", "content": "这中文比锤子好"}, {"uid": "305052084", "content": "kksk"}, {"uid": "36887429", "content": "hello，welcome to bilibili"}, {"uid": "108162851", "content": "不错哦"}, {"uid": "1295223", "content": "草"}, {"uid": "1408570", "content": "草"}, {"uid": "500310169", "content": "耳机 老外 眼泪"}, {"uid": "562257281", "content": "好耶"}, {"uid": "4176584", "content": "差评"}, {"uid": "521548613", "content": "卧槽"}, {"uid": "16018121", "content": "！"}, {"uid": "272436640", "content": "母亲是帕里，会说三中语言，父亲是谁不用问了吧"}, {"uid": "7554731", "content": "好耶"}, {"uid": "19565892", "content": "草"}, {"uid": "12296924", "content": "草"}, {"uid": "15708259", "content": "草"}, {"uid": "293643016", "content": "？？？"}, {"uid": "322268", "content": "你怕不是国人。。"}, {"uid": "293643016", "content": "d了"}, {"uid": "282172335", "content": "草"}, {"uid": "71114815", "content": "草"}, {"uid": "130928934", "content": "气抖冷，Linux什么时候才能站起来。"}, {"uid": "11921611", "content": "？？？"}, {"uid": "348929961", "content": "！！！听到中文才反应过来前面英日切了一遍！！！"}, {"uid": "523619", "content": "好耶"}, {"uid": "4614402", "content": "脏话好耶"}, {"uid": "186788539", "content": "好耶"}, {"uid": "14838593", "content": "这里是冰雪奇缘1的插曲For the first time in forever的重新填词！"}, {"uid": "19824793", "content": "草"}, {"uid": "13919714", "content": "危"}, {"uid": "289534989", "content": "草"}, {"uid": "44403666", "content": "哇哇哇"}, {"uid": "102111060", "content": "好听"}, {"uid": "4675964", "content": "草"}, {"uid": "1679227", "content": "好耶"}, {"uid": "22339255", "content": "草"}, {"uid": "456863007", "content": "。"}, {"uid": "207458634", "content": "好耶"}, {"uid": "1491889", "content": "粉了"}, {"uid": "826966", "content": "好听"}, {"uid": "826966", "content": "三语"}, {"uid": "96629881", "content": "是XP？"}, {"uid": "76764239", "content": "草"}, {"uid": "2203831", "content": "草"}, {"uid": "65845356", "content": "d了d了"}, {"uid": "202206590", "content": "草"}, {"uid": "774664", "content": "3语wc"}, {"uid": "774664", "content": "帕里"}, {"uid": "21517523", "content": "whl"}, {"uid": "9672240", "content": "？？？？"}, {"uid": "10455913", "content": "草"}, {"uid": "11758259", "content": "又是我的中文不是很好？"}, {"uid": "752672", "content": "？"}, {"uid": "230337405", "content": "草"}, {"uid": "42195795", "content": "停下！！！那是万劫不复的深渊啊啊啊啊啊！！！"}, {"uid": "40100531", "content": "草"}, {"uid": "33130", "content": "COA"}, {"uid": "5486144", "content": "草"}, {"uid": "19606121", "content": "草"}, {"uid": "19606121", "content": "草"}, {"uid": "14389923", "content": "草"}, {"uid": "1737925", "content": "草"}, {"uid": "34134396", "content": "草"}, {"uid": "11971893", "content": "《   家   教   很   严   》"}, {"uid": "74414309", "content": "你管这叫会一点中文？"}, {"uid": "387527", "content": "已经比锤子强了"}]