[{"uid": "10908755", "content": "啊 居然看过秒5吗"}, {"uid": "10908755", "content": "土里云里女孩子的裙子里"}, {"uid": "10908755", "content": "- -这个既然魔卡樱看了 有没有人问 翼年代记什么的"}, {"uid": "10908755", "content": "抛开某些来说 实话 单就剧情和热血度 比鬼灭好看"}, {"uid": "10908755", "content": "对我来说这两部算比较新的，我果然老了 虽然都看过"}, {"uid": "10908755", "content": "刀剑看了第一季的一半后转小说了 - -话说 我还是觉得加速的设定更好玩"}, {"uid": "10908755", "content": "啊 茶太"}, {"uid": "10908755", "content": "AB印象最深的部分是座位上原地升天撞墙"}, {"uid": "10908755", "content": "奶鸭子我记得在TV版前还有个短篇来着 泡面番？"}, {"uid": "10908755", "content": "到此为止的话 没觉得浓度高啊- -"}, {"uid": "1407392", "content": "草，意外的现实系道具"}, {"uid": "1407392", "content": "终于有个我看过的了"}, {"uid": "401092660", "content": "cl赛高！"}, {"uid": "74104612", "content": "皇家好啊"}, {"uid": "82539877", "content": "哪里土了"}, {"uid": "8496296", "content": "这波是真的爷青回了"}, {"uid": "4266560", "content": "还不是你们要提起这倒霉玩意"}, {"uid": "4266560", "content": "串烧"}, {"uid": "4266560", "content": "及时止损"}, {"uid": "34670630", "content": "哆啦A梦掏出个直升机太草了"}, {"uid": "34670630", "content": "鲁路修!"}, {"uid": "7036214", "content": "心理测量者好耶！"}, {"uid": "287526271", "content": "老二次函数好感度+1+1+2+1"}, {"uid": "103046170", "content": "这个老了（我就是前面的十年）"}, {"uid": "103046170", "content": "迄今说过的为止宅龄还没过十年（作为老二次元）"}, {"uid": "158229081", "content": "我TM看到花吻了还行"}, {"uid": "27030398", "content": "袭击妈妈~锁孔看她~"}, {"uid": "302450574", "content": "这就是同类之间的归属感吗"}, {"uid": "3951305", "content": "好耶！"}, {"uid": "420465", "content": "秒5"}, {"uid": "420465", "content": "童年可能是digimon（"}, {"uid": "420465", "content": "浓度太高了"}, {"uid": "420465", "content": "MAL"}, {"uid": "420465", "content": "中之人竟是我.jpg"}, {"uid": "28371166", "content": "石头门前部分铺垫太长了，不少人没坚持住"}, {"uid": "3567769", "content": "特摄厨大失败"}, {"uid": "70528059", "content": "相关游戏 小浣熊水浒传"}, {"uid": "107639295", "content": "我已经爱上她了"}, {"uid": "8367382", "content": "最二官网，草"}, {"uid": "470691892", "content": "游戏人生！"}, {"uid": "21198770", "content": "噔 噔 咚"}, {"uid": "21198770", "content": "真的全是男性向的就离谱"}, {"uid": "494599032", "content": "太强了"}, {"uid": "494599032", "content": "这确实好番"}, {"uid": "494599032", "content": "老二次元啦"}, {"uid": "1642032", "content": "ohhhhhh"}, {"uid": "35169030", "content": "我也喜欢，入宅番之一"}, {"uid": "256155518", "content": "卧槽，血界战线，真的好喜欢"}, {"uid": "96974501", "content": "她笑了她笑了"}, {"uid": "83675044", "content": "高浓度干脆面"}, {"uid": "20619959", "content": "错字"}, {"uid": "20619959", "content": "高情商"}, {"uid": "8489073", "content": "妹啊 你浓度好高啊"}, {"uid": "6377041", "content": "老二次元好感度+1+1+1"}, {"uid": "15733751", "content": "浓度，太高了"}, {"uid": "11018482", "content": "感觉到是同龄人了.."}, {"uid": "10042939", "content": "草，开心树朋友，经典老梗"}, {"uid": "343616", "content": "草，博人传的"}, {"uid": "15977302", "content": "完了我要爱上她了怎么办"}, {"uid": "15977302", "content": "绝了!"}, {"uid": "40205983", "content": "密码正确"}, {"uid": "1603513", "content": "好听呜呜呜"}, {"uid": "390276409", "content": "疼起来了"}, {"uid": "30874795", "content": "羡慕"}, {"uid": "43584977", "content": "白箱画风真的很舒服"}, {"uid": "334926483", "content": "草"}, {"uid": "3544121", "content": "这浓度确实高"}, {"uid": "8069431", "content": "nogamenolife无敌"}, {"uid": "9372426", "content": "刀剑剧场版我喜欢亚总和优纪一起用圣母那段"}, {"uid": "36769691", "content": "好耶"}, {"uid": "342725369", "content": "bgm才听出来是this is me！"}, {"uid": "3222240", "content": "果然是君名，我还以为能听到言叶之庭之类的"}, {"uid": "102099910", "content": "放雷的是什么意思？"}, {"uid": "357443350", "content": "K-ON！"}, {"uid": "107861585", "content": "看番竟和我重合度这么高"}, {"uid": "88158763", "content": "慕了"}, {"uid": "88158763", "content": "小樱好耶"}, {"uid": "88158763", "content": "介浓度也太高了点"}, {"uid": "1847299", "content": "物语系列在其他国家也是歌比剧有名嘛"}, {"uid": "2067268", "content": "路人女主不服"}, {"uid": "2067268", "content": "这越来越早了啊，暴露年龄，怎么没人说钢炼"}, {"uid": "233263519", "content": "好家伙繁体字都认得"}, {"uid": "36482488", "content": "草直升机"}, {"uid": "36482488", "content": "可以跟她说一下情况"}, {"uid": "36482488", "content": "同传老哥没看过，当成优纪了吗www"}, {"uid": "11960415", "content": "帕里的黑料找到了（"}, {"uid": "13149684", "content": "毕竟有地域差异，犯不着一听到这东西就上火"}, {"uid": "13149684", "content": "woc"}, {"uid": "43584977", "content": "真唱了"}, {"uid": "41340637", "content": "EVA，no!！！！no！！！EVA！！"}, {"uid": "32423963", "content": "羡慕啊"}, {"uid": "3109422", "content": "站歌"}, {"uid": "473409494", "content": "她浓度很高"}, {"uid": "197471427", "content": "妹啊，你这三语切换得我都晕了"}, {"uid": "489291183", "content": "血界战线！"}, {"uid": "4102345", "content": "哈哈哈没有同年可还行"}, {"uid": "27749315", "content": "JOJO，我不做人啦"}, {"uid": "430147148", "content": "和我一样，贴贴！！！"}, {"uid": "356409255", "content": "啊这，光速踩雷可还行"}, {"uid": "150498885", "content": "耶，石头医生（不是）"}, {"uid": "1461550", "content": "这是真老二次元了"}, {"uid": "33422210", "content": "bgm：rewrite the stars"}, {"uid": "260422750", "content": "好家伙这可有段时间了"}, {"uid": "27030398", "content": "杨幂我~爱上了你爹~"}, {"uid": "12073174", "content": "三语切换可太"}, {"uid": "2022429", "content": "绿香蕉那里确实有点吓人"}, {"uid": "10042939", "content": "这是真老二次元了"}, {"uid": "233263519", "content": "石纪元，手搓万物"}, {"uid": "2424237", "content": "浓度高起来了"}, {"uid": "866114", "content": "大长篇民工漫过来的人啊"}, {"uid": "478764919", "content": "浓度比我还高…"}, {"uid": "189827832", "content": "不知道up有没有看过妖精的旋律，不对！尾巴～"}, {"uid": "3567769", "content": "老二次元了"}, {"uid": "1642032", "content": "好！单推了"}, {"uid": "47122712", "content": "打咩打咩打咩～"}, {"uid": "10908755", "content": "总算有个老一点点的 clamp"}, {"uid": "3286613", "content": "这选项太北美了（"}, {"uid": "5409323", "content": "这是老二次元"}, {"uid": "31716891", "content": "我也超喜欢血界战线"}, {"uid": "33050289", "content": "石纪元nb"}, {"uid": "93572463", "content": "新来的，不会说话，踢我"}, {"uid": "11202855", "content": "Ohhh"}, {"uid": "2843294", "content": "那个op"}, {"uid": "11018482", "content": "好家伙"}, {"uid": "10042939", "content": "全金！"}, {"uid": "10042939", "content": "石头门就是后半才更精彩吧"}, {"uid": "286255570", "content": "英国口音"}, {"uid": "6971266", "content": "主要是歌确实好听啊，角色曲都又好听又符合角色，哪怕是小忍的"}, {"uid": "33873321", "content": "没有人问FATE吗ヽ（・＿・；)ノ"}, {"uid": "2403706", "content": "京紫好耶"}, {"uid": "473409494", "content": "俺也一样！"}, {"uid": "197471427", "content": "木大木大木大木大"}, {"uid": "6534999", "content": "老二次元了"}, {"uid": "4130547", "content": "草"}, {"uid": "10908755", "content": "话说物语没看完 后面还是新房监督吗？"}, {"uid": "4485272", "content": "！"}, {"uid": "420465", "content": "神特么男性向，她说的动画大多数都是适合所有人看的好吗"}, {"uid": "401099828", "content": "ohhhhhhhhhhhhhhh"}, {"uid": "83419310", "content": "好耶"}, {"uid": "35046902", "content": "袭击妈妈"}, {"uid": "260889052", "content": "浓度也太高了吧"}, {"uid": "4130547", "content": "二次元浓度高"}, {"uid": "34451131", "content": "有多高？"}, {"uid": "33050289", "content": "二乔op"}, {"uid": "21198770", "content": "素晴不是男性向的么"}, {"uid": "494599032", "content": "比我看的还多感觉"}, {"uid": "113538828", "content": "好耶"}, {"uid": "4266560", "content": "主流作品"}, {"uid": "21915486", "content": "马戏之王bgm！有品位"}, {"uid": "473409494", "content": "俺也一样"}, {"uid": "234584532", "content": "帕里，悲"}]