[{"uid": "28954108", "content": "666"}, {"uid": "10917860", "content": "lnga!"}, {"uid": "10917860", "content": "suki.."}, {"uid": "67811612", "content": "太强了"}, {"uid": "216039", "content": "inga！厉害"}, {"uid": "216039", "content": "我哦 好嗨哟好听"}, {"uid": "3675179", "content": "哇，那个小人可爱哎"}, {"uid": "52662905", "content": "啊这段好好听"}, {"uid": "2110662241", "content": "好听"}, {"uid": "2110662241", "content": "6666"}, {"uid": "25976965", "content": "全程注意右下角"}, {"uid": "38954181", "content": "好稳"}, {"uid": "561780", "content": "\\lvga/"}, {"uid": "2951237", "content": "好耶！"}, {"uid": "328422", "content": "歌片多来点～"}]