[{"uid": "364756171", "content": "帕里：你再骂！"}, {"uid": "76486878", "content": "哪个b教的？！教的好…"}, {"uid": "23762888", "content": "哈哈哈哈哈哈哈哈"}, {"uid": "11235756", "content": "看来是有备而来"}, {"uid": "18745037", "content": "浣驴越来越懂了"}, {"uid": "153338083", "content": "光速p图"}, {"uid": "285826982", "content": "带孝女"}, {"uid": "497146629", "content": "又少了一个清楚美少女（悲）"}, {"uid": "154093980", "content": "这句太棒了！骂我快骂我！！"}, {"uid": "812617", "content": "迫害妈是p家的传统"}, {"uid": "812617", "content": "这只浣熊懂的还不少"}, {"uid": "121243704", "content": "这个妙啊就很灵性"}, {"uid": "21550586", "content": "这种东西就不要学啊！！！！！"}, {"uid": "16702", "content": "saki教的"}, {"uid": "456055602", "content": "你们怎么p的那么快啊，羡慕"}, {"uid": "50505623", "content": "学废了"}, {"uid": "414422", "content": "带 孝 女"}, {"uid": "417095051", "content": "？？？？谁教她的"}, {"uid": "3207714", "content": "睡觉 全文完"}, {"uid": "10890200", "content": "换 蛋 期"}, {"uid": "7183991", "content": "让她学会了"}, {"uid": "15984020", "content": "这个inga不清楚了（悲）"}, {"uid": "13171500", "content": "你们都教了什么？！"}, {"uid": "328422", "content": "繁育之神帕里……"}, {"uid": "433997781", "content": "？？？？谁教她的"}, {"uid": "277668704", "content": "谁教你的？"}, {"uid": "1587302", "content": "？？？谁教她的"}, {"uid": "94936145", "content": "从0:26到现在一分钟不到啊喂，光速出图"}, {"uid": "15879910", "content": "你们谁教他的"}, {"uid": "38274277", "content": "草"}, {"uid": "17498181", "content": "都懂完了"}, {"uid": "353780051", "content": "说自己妈妈是母猪的傻孩子"}, {"uid": "141178947", "content": "孝死我了"}, {"uid": "23277060", "content": "哈哈哈哈哈哈"}, {"uid": "8300580", "content": "？？？？？草，谁乱教的"}, {"uid": "177804625", "content": "草，好快"}, {"uid": "14948369", "content": "草"}, {"uid": "266679665", "content": "千歌永远的神"}, {"uid": "266679665", "content": "那天因果不清楚了在座的干脆面都有责任"}, {"uid": "26392", "content": "还点了个赞"}, {"uid": "296769945", "content": "草"}, {"uid": "40138047", "content": "remake"}, {"uid": "514023625", "content": "233333"}, {"uid": "269818639", "content": "不用学会这种东西啊kora"}, {"uid": "434822285", "content": "草"}, {"uid": "2351463", "content": "？？？？？？？？？？？"}, {"uid": "11388488", "content": "谁教的?????"}, {"uid": "15671027", "content": "生草"}, {"uid": "8130169", "content": "？？？？？？？？？？？"}, {"uid": "456055602", "content": "你们不要教坏孩子啊！"}, {"uid": "8935279", "content": "好快的手"}, {"uid": "334926483", "content": "草。。"}, {"uid": "51181043", "content": "草"}, {"uid": "44403666", "content": "哈哈哈哈"}, {"uid": "10890200", "content": "》英 雄 母 亲《"}, {"uid": "482927152", "content": "你都学了些什么啊（恼）"}, {"uid": "379288971", "content": "草"}, {"uid": "15984020", "content": "草"}, {"uid": "53829602", "content": "？？？你们都教了什么啊"}, {"uid": "194253517", "content": "？？ ​"}, {"uid": "493627762", "content": "草"}, {"uid": "351731484", "content": "reload！"}, {"uid": "39212142", "content": "草"}, {"uid": "280463383", "content": "迷迭迷迭帕里桑"}, {"uid": "22010327", "content": "？？？"}, {"uid": "4571075", "content": "草"}, {"uid": "422192", "content": "草"}, {"uid": "13913041", "content": "还是必修"}, {"uid": "6669708", "content": "？？？？？？"}, {"uid": "5731447", "content": "好快"}, {"uid": "3916674", "content": "草"}, {"uid": "1787471", "content": "草"}, {"uid": "288672159", "content": "草"}, {"uid": "238865667", "content": "草"}, {"uid": "560414", "content": "(   ･᷅ὢ･᷄ )"}, {"uid": "429827849", "content": "吐血"}, {"uid": "544608939", "content": "？？？草"}, {"uid": "86198499", "content": "谁教她的"}, {"uid": "4002639", "content": "光速"}, {"uid": "26392", "content": "草"}, {"uid": "874099", "content": "你学废了（锤语指正）"}, {"uid": "9569973", "content": "？？？？"}, {"uid": "50539085", "content": "牙白得死内"}, {"uid": "6669708", "content": "草"}, {"uid": "236973", "content": "妙啊"}, {"uid": "512770", "content": "你都学会了些啥啊"}, {"uid": "99591245", "content": "草"}, {"uid": "197816147", "content": "草"}, {"uid": "36072311", "content": "草www"}, {"uid": "33556516", "content": "？？？？"}, {"uid": "177804625", "content": "草"}, {"uid": "36769691", "content": "草"}, {"uid": "9205728", "content": "草"}, {"uid": "293858", "content": "？？？？"}, {"uid": "23600940", "content": "草"}, {"uid": "142619562", "content": "你们都教了她什么啊"}, {"uid": "25438232", "content": "？？？？？？"}, {"uid": "2178186", "content": "草"}, {"uid": "20918656", "content": "草"}, {"uid": "20111700", "content": "帕里：？"}, {"uid": "153338083", "content": "草"}, {"uid": "2207090", "content": "谁教的？？站出来"}, {"uid": "23562069", "content": "？？？"}, {"uid": "8130169", "content": "草"}, {"uid": "348176131", "content": "？？？？？"}, {"uid": "865097", "content": "摊大事了"}, {"uid": "7384226", "content": "草"}, {"uid": "220649345", "content": "草"}, {"uid": "429827849", "content": "噗"}, {"uid": "48190724", "content": "？？？"}, {"uid": "2203831", "content": "你学会了吗"}, {"uid": "13386160", "content": "妙啊"}, {"uid": "9872808", "content": "？？？？"}, {"uid": "401099828", "content": "草"}, {"uid": "57208288", "content": "？？？"}, {"uid": "323874093", "content": "谁教的"}, {"uid": "501320013", "content": "草"}, {"uid": "346158914", "content": "？？？？"}, {"uid": "33915812", "content": "草"}, {"uid": "43986143", "content": "那你也是小猪猡"}, {"uid": "23762888", "content": "草"}, {"uid": "1509391", "content": "草"}, {"uid": "18745037", "content": "屑驴子"}, {"uid": "18745037", "content": "www草死了"}, {"uid": "37865026", "content": "草"}, {"uid": "508734070", "content": "？？？？？"}, {"uid": "1645810", "content": "草"}, {"uid": "36072311", "content": "草www"}, {"uid": "3938997", "content": "迷迭迷迭帕里桑"}, {"uid": "1808632", "content": "草"}, {"uid": "429827849", "content": "牙白"}, {"uid": "334926483", "content": "草"}, {"uid": "14183577", "content": "草"}, {"uid": "3603486", "content": "草"}, {"uid": "574345", "content": "草"}, {"uid": "482927152", "content": "草"}, {"uid": "3270209", "content": "草"}, {"uid": "277668704", "content": "？？？"}, {"uid": "429815808", "content": "？？？？"}, {"uid": "11417543", "content": "？？？？？？"}, {"uid": "15879910", "content": "草"}, {"uid": "12598613", "content": "妙啊"}, {"uid": "12598613", "content": "草"}, {"uid": "1509391", "content": "草"}, {"uid": "107173", "content": "草"}, {"uid": "683473", "content": "？"}, {"uid": "443529239", "content": "暗示帕里是猪 歧视帕里 气抖冷"}, {"uid": "1846550", "content": "草"}, {"uid": "1787471", "content": "草"}, {"uid": "44127617", "content": "草"}, {"uid": "401099828", "content": "谁教她的？"}, {"uid": "3675179", "content": "？？？"}, {"uid": "3844363", "content": "草"}, {"uid": "2094594556", "content": "？？？？？？？？"}, {"uid": "511887001", "content": "草"}, {"uid": "514023625", "content": "草"}, {"uid": "14676714", "content": "？？？"}, {"uid": "169935150", "content": "???"}, {"uid": "88154", "content": "秒啊"}, {"uid": "313217802", "content": "？？"}, {"uid": "355818759", "content": "？？？"}, {"uid": "754937", "content": "？"}, {"uid": "197816147", "content": "草"}, {"uid": "1787471", "content": "草"}, {"uid": "264563204", "content": "喷了"}, {"uid": "34764024", "content": "草"}, {"uid": "240355", "content": "？？"}, {"uid": "23874332", "content": "？"}, {"uid": "9205728", "content": "帕里，母猪，恶堕，ntr,搜索"}, {"uid": "589810425", "content": "?"}, {"uid": "845598", "content": "？"}, {"uid": "310814619", "content": "啊?"}, {"uid": "402012005", "content": "?"}, {"uid": "10314148", "content": "千歌yyds"}, {"uid": "290851429", "content": "??????"}, {"uid": "285826982", "content": "?"}, {"uid": "81031715", "content": "？？？"}, {"uid": "14948369", "content": "草"}, {"uid": "30824713", "content": "？"}, {"uid": "326308393", "content": "难道牙白不是糟糕的意思吗？？？？？"}, {"uid": "18208014", "content": "你都学了啥啊啊啊啊啊啊啊啊啊啊！！！！！"}]