[{"uid": "1407392", "content": "逻 辑 自 洽"}, {"uid": "44796830", "content": "大聪明＝憨憨"}, {"uid": "23562069", "content": "危"}, {"uid": "514023625", "content": "还没有懂这个梗23333"}, {"uid": "30876955", "content": "可可爱爱没有头脑"}, {"uid": "348036052", "content": "老双标了哈哈哈"}, {"uid": "16870806", "content": "把自己忽悠瘸了"}, {"uid": "82539877", "content": "物 极 必 反"}, {"uid": "440900688", "content": "你是大聪明"}, {"uid": "36260832", "content": "这个投币数都舍不得打破"}, {"uid": "11758259", "content": "高性能机体"}, {"uid": "4661588", "content": "你是笨笨"}, {"uid": "225453120", "content": "中国文化，博大精深"}, {"uid": "313733342", "content": "驴宝太可爱了"}, {"uid": "52662905", "content": "被戏弄仍企图对线的inga是屑（"}, {"uid": "52662905", "content": "哈哈哈哈哈哈哈"}, {"uid": "180025394", "content": "乖乖！"}, {"uid": "9240610", "content": "如果有兩邊說不是更可愛"}, {"uid": "12598613", "content": "吃了文化的亏"}, {"uid": "12598613", "content": "甜菜"}, {"uid": "9062012", "content": "大   聪   明"}, {"uid": "35169030", "content": "逻辑鬼才"}, {"uid": "12754387", "content": "哈哈哈好憨"}, {"uid": "12754387", "content": "模糊模糊昆卡昆卡斯哈斯哈"}, {"uid": "3326169", "content": "她笑起来好可爱"}, {"uid": "33902337", "content": "草"}, {"uid": "38274277", "content": "哈哈哈哈"}, {"uid": "478764919", "content": "危"}, {"uid": "2110662241", "content": "可可爱爱，没有脑袋"}, {"uid": "2110662241", "content": "口  是  心  非 的女人"}, {"uid": "2110662241", "content": "有些人表面睡着单推其实背地里关注了一堆vtb"}, {"uid": "2907196", "content": "吃了中文的亏"}, {"uid": "2907196", "content": "可可爱爱！"}, {"uid": "33555091", "content": "确实一般人会谦虚一点"}, {"uid": "50314633", "content": "那不是更笨了23333"}, {"uid": "37157735", "content": "亿 泰"}, {"uid": "14183577", "content": "懂了 下次全是绕口令"}, {"uid": "6054956", "content": "中文好了不起啊（驴宝怒）"}, {"uid": "494599032", "content": "她真的好可爱"}, {"uid": "3484457", "content": "佬笨笨了"}, {"uid": "3484457", "content": "老笨笨了"}, {"uid": "15784954", "content": "草，还有这表情，可爱"}, {"uid": "481100257", "content": "您是带聪明"}, {"uid": "25392714", "content": "气鼓鼓"}, {"uid": "328422", "content": "改变熊生的跳脸……"}, {"uid": "34855954", "content": "可可爱爱，没有脑袋"}, {"uid": "676610", "content": "你是浣熊不是人"}, {"uid": "8988076", "content": "你是大聪明"}, {"uid": "445524517", "content": "又一次吃了文化的亏呢"}, {"uid": "18208014", "content": "“你是笨笨”"}, {"uid": "5884160", "content": "哈哈哈哈哈哈哈"}, {"uid": "9665103", "content": "小丸子妈妈"}, {"uid": "51218743", "content": "吃了文化的亏"}, {"uid": "72307110", "content": "这也太可爱了"}, {"uid": "49152613", "content": "哈哈哈哈大聪明"}, {"uid": "428458", "content": "你才是笨笨"}, {"uid": "27865655", "content": "已经被忽悠瘸了"}, {"uid": "180025394", "content": "好乖哦"}, {"uid": "561548", "content": "物极必反"}, {"uid": "30514029", "content": "哈哈哈哈哈哈哈，草"}, {"uid": "3109422", "content": "大聪明2333333"}, {"uid": "96483486", "content": "大聪明哈哈哈哈哈哈哈哈哈"}, {"uid": "440628", "content": "你才是笨笨"}, {"uid": "6674397", "content": "为啥说中文也有同传啊"}, {"uid": "2604996", "content": "你是笨笨"}, {"uid": "80445602", "content": "好，不愧是你"}, {"uid": "97722844", "content": "这好像不是夸人的词儿啊"}, {"uid": "4661588", "content": "草，我想起来了，我看过"}, {"uid": "1808632", "content": "你是大聪明"}, {"uid": "52662905", "content": "梅开二度"}, {"uid": "52662905", "content": "草  吃大亏了"}, {"uid": "13611883", "content": "好呆啊哈哈哈哈"}, {"uid": "9062012", "content": "红红火火恍恍惚惚"}, {"uid": "35169030", "content": "括号草"}, {"uid": "3326169", "content": "生气气"}, {"uid": "735591", "content": "想戳脸"}, {"uid": "185872154", "content": "好可爱"}, {"uid": "2907196", "content": "你可真是个大聪明233333"}, {"uid": "1624597", "content": "哈哈哈哈哈哈哈哈哈哈哈哈"}, {"uid": "50314633", "content": "大 聪 明"}, {"uid": "159605225", "content": "表情 可爱 结婚"}, {"uid": "491117", "content": "大 聪 明"}, {"uid": "188206", "content": "Q弹"}, {"uid": "2977464", "content": "0播放"}, {"uid": "306973215", "content": "铁灭！"}, {"uid": "296093805", "content": "大聪明"}, {"uid": "4661588", "content": "可爱"}, {"uid": "1808632", "content": "绕进去了"}, {"uid": "180025394", "content": "乖乖浣熊"}, {"uid": "354624", "content": "我是大聪明，你是笨笨"}, {"uid": "19174622", "content": "铁灭草"}, {"uid": "9062012", "content": "你是笨笨"}, {"uid": "12754387", "content": "憨憨"}, {"uid": "1526958", "content": "冠军adc浣熊公主！！！"}, {"uid": "2907196", "content": "反意表达方式"}, {"uid": "87622470", "content": "上当了"}, {"uid": "34095760", "content": "可爱死了"}, {"uid": "1819580", "content": "你才是笨笨"}, {"uid": "3675179", "content": "5k内"}, {"uid": "28294524", "content": "好耶，是我的SC"}, {"uid": "102328199", "content": "哈哈哈哈哈哈哈哈哈"}, {"uid": "561780", "content": "你是笨笨"}, {"uid": "317808", "content": "可可爱爱"}, {"uid": "8988076", "content": "再次中了中文的亏"}, {"uid": "51218743", "content": "被欺负惨了"}, {"uid": "2699074", "content": "大 聪 明"}, {"uid": "1808632", "content": "哈哈哈哈哈哈"}, {"uid": "9417771", "content": "好大的邪恶"}, {"uid": "30181527", "content": "哈哈哈哈哈哈哈"}, {"uid": "23628266", "content": "大聪明"}, {"uid": "23628266", "content": "大聪明"}, {"uid": "408645838", "content": "草"}, {"uid": "9062012", "content": "草"}, {"uid": "3773507", "content": "哈哈哈哈哈哈哈"}, {"uid": "667845197", "content": "可爱"}, {"uid": "628323", "content": "可爱"}, {"uid": "37214925", "content": "可可爱爱"}, {"uid": "286147260", "content": "草哈哈哈哈"}, {"uid": "866114", "content": "哈哈哈哈哈哈"}, {"uid": "285826982", "content": "大聪明"}, {"uid": "26212212", "content": "大聪明"}, {"uid": "7556884", "content": "大聪明"}, {"uid": "15568897", "content": "草"}, {"uid": "141178947", "content": "哈哈哈哈哈哈哈哈哈哈哈"}, {"uid": "4661588", "content": "可爱啊"}, {"uid": "10073949", "content": "大聪明=笨笨"}, {"uid": "5598346", "content": "哈哈哈哈哈"}, {"uid": "385746108", "content": "危"}, {"uid": "180025394", "content": "可爱"}, {"uid": "10159973", "content": "哈哈"}, {"uid": "8605613", "content": "这也太可爱了"}, {"uid": "408645838", "content": "哼"}, {"uid": "30514029", "content": "哈哈哈哈哈哈哈"}, {"uid": "20619959", "content": "老胖虎"}, {"uid": "2699074", "content": "大聪明"}, {"uid": "38274277", "content": "草"}, {"uid": "1624597", "content": "你是笨笨"}, {"uid": "526053023", "content": "草"}, {"uid": "14183577", "content": "你是笨笨"}, {"uid": "10031973", "content": "gachi太多了"}, {"uid": "169328778", "content": "笨笨"}, {"uid": "32423963", "content": "想戳"}, {"uid": "578283", "content": "可爱"}, {"uid": "6221030", "content": "哈哈哈哈哈哈"}, {"uid": "6221030", "content": "哈哈哈哈"}, {"uid": "78091670", "content": "草……"}, {"uid": "401092660", "content": "笑死了"}, {"uid": "26212212", "content": "你是笨笨"}, {"uid": "82214391", "content": "你懂了"}, {"uid": "17784911", "content": "上当了"}, {"uid": "17784911", "content": "草"}, {"uid": "141178947", "content": "哈哈哈哈哈哈"}, {"uid": "4661588", "content": "哈哈哈哈哈哈"}, {"uid": "1808632", "content": "awsl"}, {"uid": "526053023", "content": "真的是笨笨驴"}, {"uid": "408645838", "content": "大聪明"}, {"uid": "35169030", "content": "？？？"}, {"uid": "38274277", "content": "你是笨笨"}, {"uid": "315692", "content": "大聪明"}, {"uid": "315692", "content": "你是笨笨"}, {"uid": "4519275", "content": "？？？？"}, {"uid": "412801444", "content": "一小时"}, {"uid": "18242480", "content": "牙疼？肿了？"}, {"uid": "28455855", "content": "义务教育不过关呀"}, {"uid": "99591245", "content": "kksk"}, {"uid": "14249845", "content": "笨笨"}, {"uid": "14249845", "content": "笨笨"}, {"uid": "78091670", "content": "草"}, {"uid": "23562069", "content": "可爱"}, {"uid": "221794897", "content": "草"}, {"uid": "82539877", "content": "不说其实也"}, {"uid": "285826982", "content": "你是笨笨"}, {"uid": "167243265", "content": "哈哈哈"}, {"uid": "15138435", "content": "草"}, {"uid": "12891523", "content": "草"}, {"uid": "17784911", "content": "草"}, {"uid": "141178947", "content": "哈哈哈哈哈"}, {"uid": "4661588", "content": "草"}, {"uid": "10159973", "content": "草"}, {"uid": "35169030", "content": "哈哈哈"}, {"uid": "36769691", "content": "kksk"}, {"uid": "242173256", "content": "笨不？"}, {"uid": "475667465", "content": "这不是驴吗"}, {"uid": "35970894", "content": "可爱"}, {"uid": "5671978", "content": "笨笨"}, {"uid": "23562069", "content": "草"}, {"uid": "285826982", "content": "草"}, {"uid": "89739012", "content": "草"}, {"uid": "13728504", "content": "草"}, {"uid": "141178947", "content": "你是笨笨"}, {"uid": "5598346", "content": "草"}, {"uid": "5598346", "content": "你是笨笨"}, {"uid": "385746108", "content": "哈哈哈"}, {"uid": "8605613", "content": "哈哈哈哈哈"}, {"uid": "12598613", "content": "哼"}, {"uid": "13559154", "content": "awsl"}, {"uid": "361689585", "content": "哈哈哈哈哈哈"}, {"uid": "23346132", "content": "草"}, {"uid": "20241628", "content": "你是憨憨"}, {"uid": "266679665", "content": "kksk"}, {"uid": "3924121", "content": "笨笨"}, {"uid": "26212212", "content": "草"}, {"uid": "34959019", "content": "上当了"}, {"uid": "401099828", "content": "草"}, {"uid": "13559154", "content": "阿瓦隆"}, {"uid": "22077434", "content": "草"}, {"uid": "334926483", "content": "草"}]