[{"uid": "16956293", "content": "我女朋友也喜欢这样吹奶茶…"}, {"uid": "399282911", "content": "你的朋友莫非是悍匪"}, {"uid": "1407392", "content": "不行了，这孩子太可爱了"}, {"uid": "10950195", "content": "片头简直地狱"}, {"uid": "300775796", "content": "开心地拍起了肚皮"}, {"uid": "337588", "content": "哈哈哈 好可爱"}, {"uid": "895127", "content": "要不要和艾因来个联动 一个唢呐一个小号（"}, {"uid": "291754035", "content": "干脆面被吃了"}, {"uid": "428458", "content": "草"}, {"uid": "1304514", "content": "黔驴技穷"}, {"uid": "17212326", "content": "敲骨吸髓，恐怖如斯"}, {"uid": "19506352", "content": "喵帕斯！"}, {"uid": "49588409", "content": "为驴宝的降生献上唢呐"}, {"uid": "6761064", "content": "奇怪的下播曲出现了（）"}, {"uid": "6761064", "content": "这好像mc的蜘蛛叫声诶！"}, {"uid": "480362513", "content": "拜     拜"}, {"uid": "544020392", "content": "心机之蛙一直摸你肚子"}, {"uid": "548183237", "content": "草"}, {"uid": "82716033", "content": "笑声www"}, {"uid": "5906703", "content": "你这个朋友是不是叫otto"}, {"uid": "14349374", "content": "这放荡不羁的笑声太i了"}, {"uid": "82539877", "content": "今天的消费由赵公子买单"}, {"uid": "97722844", "content": "开始怀疑白神遥v圈最傻地位"}, {"uid": "362859928", "content": "灵魂汲取"}, {"uid": "3992443", "content": "要被吸入拉"}, {"uid": "3574603", "content": "BGM朝花夕拾"}, {"uid": "319089958", "content": "帕里生的的女儿越来越沙雕了"}, {"uid": "319089958", "content": "沙雕图一大堆"}, {"uid": "357274793", "content": "浑元一身黑，因果也是一身黑，难道"}, {"uid": "10654786", "content": "根本就是幼儿园吧= ="}, {"uid": "10654786", "content": "刮台风了"}, {"uid": "10654786", "content": "我出生了hhhhh"}, {"uid": "10654786", "content": "？？草"}, {"uid": "30514029", "content": "哈哈哈哈哈哈哈"}, {"uid": "30514029", "content": "b站有口技者？！"}, {"uid": "34020166", "content": "上瘾了"}, {"uid": "229490164", "content": "灵魂吞噬"}, {"uid": "6992479", "content": "这就是奥术魔刃吗"}, {"uid": "159605225", "content": "帕里到底生了个什么玩意"}, {"uid": "300775796", "content": "光速消失"}, {"uid": "49563049", "content": "她太可爱了"}, {"uid": "300775796", "content": "过于可爱"}, {"uid": "49563049", "content": "下锅"}, {"uid": "8130169", "content": "鬼畜素材库更新！"}, {"uid": "8130169", "content": "芜湖起飞"}, {"uid": "8130169", "content": "进度条不简单"}, {"uid": "32423963", "content": "？"}, {"uid": "33919342", "content": "小学生"}, {"uid": "14051508", "content": "装甲班机即将降落"}, {"uid": "21550586", "content": "我！今天消费，我买单！"}, {"uid": "5321889", "content": "哈哈哈哈哈哈"}, {"uid": "78751529", "content": "火箭升空？"}, {"uid": "421793296", "content": "干脆面们，我视频一直卡在这部分，有什么头猪吗？"}, {"uid": "107855034", "content": "一边笑一边说。。。"}, {"uid": "35681", "content": "这段用什么软件能切下来"}, {"uid": "99239830", "content": "朝花夕誓的bgm真不戳"}, {"uid": "10995457", "content": "这也太可爱了吧"}, {"uid": "188206", "content": "把自己逗乐了可还行"}, {"uid": "39554268", "content": "弔图一堆"}, {"uid": "12754387", "content": "kksk"}, {"uid": "38550786", "content": "帝 王 引 擎"}, {"uid": "328422", "content": "太青春了……"}, {"uid": "38550786", "content": "啊，舒服"}, {"uid": "38550786", "content": "啊我是驴"}, {"uid": "2622802", "content": "“戳笑点了”"}, {"uid": "38550786", "content": "我怎么莫名其妙开心了起来"}, {"uid": "23001624", "content": "wwww"}, {"uid": "291031618", "content": "我的脑髓没了，一点都不剩了"}, {"uid": "8553344", "content": "开幕雷击"}, {"uid": "28944805", "content": "孩子傻了"}, {"uid": "19384763", "content": "第一次见玩麦克风的VUP，不愧是你"}, {"uid": "291031618", "content": "我的脑髓都给吹跑了"}, {"uid": "2907196", "content": "awsl"}, {"uid": "2907196", "content": "wwwwwww"}, {"uid": "2907196", "content": "6666666厉害了"}, {"uid": "2907196", "content": "p家有善口技者"}, {"uid": "2907196", "content": "芜湖～起飞～～"}, {"uid": "31759443", "content": "欲驴又止"}, {"uid": "388155", "content": "草"}, {"uid": "23346132", "content": "草，太可爱了"}, {"uid": "6696", "content": "灭人器"}, {"uid": "341093139", "content": "我好喜欢她的笑声"}, {"uid": "2758221", "content": "哈哈哈哈哈"}, {"uid": "533161", "content": "Are you ready kids!?"}, {"uid": "30778818", "content": "喝水好好喝，不要吹泡泡"}, {"uid": "702606217", "content": "吨吨吨吨吨吨"}, {"uid": "273725902", "content": "草‘’"}, {"uid": "474019100", "content": "暴风吸入"}, {"uid": "474019100", "content": "行走的巴巴巴乐器"}, {"uid": "8473629", "content": "？？才发现进度条不对劲"}, {"uid": "6614647", "content": "草，我进切片了"}, {"uid": "49805658", "content": "咕噜咕噜"}, {"uid": "23001624", "content": "哈哈哈"}, {"uid": "4964376", "content": "自己把自己逗笑了"}, {"uid": "480362513", "content": "草可爱"}, {"uid": "348391692", "content": "天堂啊"}, {"uid": "22644407", "content": "你这是溺水了。。。"}, {"uid": "28020815", "content": "好运来"}, {"uid": "40300704", "content": "幼儿园因果"}, {"uid": "185872154", "content": "好可爱"}, {"uid": "300205888", "content": "这就去这就去"}, {"uid": "727769", "content": "她真可爱"}, {"uid": "357381660", "content": "一遍笑一遍说"}, {"uid": "2957060", "content": "MC蜘蛛"}, {"uid": "23001624", "content": "海绵宝宝？"}, {"uid": "455029202", "content": "草"}, {"uid": "14349374", "content": "这笑声也太迷人了"}, {"uid": "1402682786", "content": "影流之主"}, {"uid": "12891523", "content": "草"}, {"uid": "35046902", "content": "迫真奥术魔刃"}, {"uid": "15568897", "content": "natsukashii"}, {"uid": "3930046", "content": "两个音出来的时候还以为是猪八戒背媳妇"}, {"uid": "357669401", "content": "这个片头"}, {"uid": "354871", "content": "草"}, {"uid": "125720", "content": "口技牛逼"}, {"uid": "89739012", "content": "家长呢？家长呢？快来管管！"}, {"uid": "25806860", "content": "小学生i了"}, {"uid": "38550786", "content": "好晃好晃"}, {"uid": "38550786", "content": "草"}, {"uid": "291031618", "content": "草，字幕组好活"}, {"uid": "2907196", "content": "草"}, {"uid": "2907196", "content": "可爱wwww"}, {"uid": "383579377", "content": "开幕雷击"}, {"uid": "561780", "content": "驴宝，我的小可爱"}, {"uid": "2031947", "content": "要是从声乐角度来看，这确实是吸管训练法。。。"}, {"uid": "474019100", "content": "放肆大笑"}, {"uid": "22457553", "content": "哈哈哈"}, {"uid": "10137826", "content": "驴"}, {"uid": "3574603", "content": "进度条？"}, {"uid": "125720", "content": "我也被带笑了"}, {"uid": "12279493", "content": "awsl"}, {"uid": "38550786", "content": "awsl"}, {"uid": "38550786", "content": "阿里嘎-----多"}, {"uid": "477043261", "content": "可可愛愛"}, {"uid": "37012825", "content": "气 泡 音"}, {"uid": "319477", "content": "太可爱了哈哈哈哈哈哈哈"}, {"uid": "2907196", "content": "草"}, {"uid": "21896921", "content": "？？？？？？？"}, {"uid": "727769", "content": "可爱"}, {"uid": "36308020", "content": "草"}, {"uid": "1808632", "content": "哈哈哈哈哈"}, {"uid": "37903321", "content": "几岁了？"}, {"uid": "1741614", "content": "几岁了？"}, {"uid": "548183237", "content": "草"}, {"uid": "49563049", "content": "哈哈哈"}, {"uid": "185872154", "content": "草"}, {"uid": "185872154", "content": "好可爱"}, {"uid": "8130169", "content": "摇起来了"}, {"uid": "125720", "content": "卧槽 蜘蛛"}, {"uid": "185872154", "content": "草www"}, {"uid": "38550786", "content": "kksk"}, {"uid": "38550786", "content": "地狱啊"}, {"uid": "214426177", "content": "kksk"}, {"uid": "168888963", "content": "www,mc蜘蛛"}, {"uid": "288211808", "content": "好汉歌（幻听）"}, {"uid": "277699679", "content": "好活"}, {"uid": "334926483", "content": "？？？"}, {"uid": "2758221", "content": "干杯"}, {"uid": "72307110", "content": "awsl"}, {"uid": "14933102", "content": "好弱智阿 哈哈哈"}, {"uid": "23001624", "content": "草"}, {"uid": "2571678", "content": "kksk"}, {"uid": "1587302", "content": "kksk"}, {"uid": "33583757", "content": "CAO\\"}, {"uid": "88154", "content": "她真可爱"}, {"uid": "289672315", "content": "干杯"}, {"uid": "357274793", "content": "进度条一半还没到呢"}, {"uid": "23001624", "content": "蜘蛛子"}, {"uid": "470128546", "content": "可爱死了"}, {"uid": "30514029", "content": "驴乐器"}, {"uid": "33919342", "content": "救命啊驴宝溺水了"}, {"uid": "411903281", "content": "草"}, {"uid": "185872154", "content": "好可爱"}, {"uid": "1873796", "content": "这是跟白傻子学的吗"}, {"uid": "27189508", "content": "是四慌！"}, {"uid": "38550786", "content": "？？？？？？？？？"}, {"uid": "474712935", "content": "草"}, {"uid": "27172519", "content": "kksk"}, {"uid": "17784911", "content": "inga的笑声好好听啊"}, {"uid": "39187516", "content": "好汉歌"}, {"uid": "2907196", "content": "西奈（不是"}, {"uid": "2907196", "content": "awsl"}, {"uid": "2907196", "content": "草"}, {"uid": "23346132", "content": "草"}, {"uid": "22912099", "content": "真驴乐器"}, {"uid": "334926483", "content": "草"}, {"uid": "51181043", "content": "草"}, {"uid": "269359095", "content": "条？"}, {"uid": "5284413", "content": "寄代因果"}, {"uid": "807315", "content": "草"}, {"uid": "544020392", "content": "114514"}, {"uid": "3078826", "content": "好活"}, {"uid": "229490164", "content": "awsl"}, {"uid": "1587302", "content": "awsl"}, {"uid": "300775796", "content": "草"}, {"uid": "233909189", "content": "awsl"}, {"uid": "88867413", "content": "白傻子看多了。。"}, {"uid": "30514029", "content": "啊这"}, {"uid": "8130169", "content": "神回"}, {"uid": "2203831", "content": "几岁啦"}, {"uid": "228064", "content": "草wwwwwww"}, {"uid": "89739012", "content": "啊这"}, {"uid": "188206", "content": "小学生吗？"}, {"uid": "38550786", "content": "啊这"}, {"uid": "23001624", "content": "？？"}, {"uid": "291031618", "content": "我也很喜欢因果的笑声，被治愈了"}, {"uid": "2114228", "content": "小学生"}, {"uid": "23762888", "content": "草"}, {"uid": "225453120", "content": "口技"}, {"uid": "3844363", "content": "草"}, {"uid": "379288971", "content": "？"}, {"uid": "2071081", "content": "kksk"}, {"uid": "11159746", "content": "hso"}, {"uid": "548183237", "content": "草"}, {"uid": "176576564", "content": "哈哈哈哈哈哈哈哈"}, {"uid": "9340753", "content": "？？？？"}, {"uid": "12891523", "content": "草"}, {"uid": "602770583", "content": "？？？？"}, {"uid": "402482140", "content": "好汉歌草"}, {"uid": "234315366", "content": "舒服"}, {"uid": "5321889", "content": "kksk"}, {"uid": "14007884", "content": "。。。。。。。"}, {"uid": "19921041", "content": "草"}, {"uid": "3844363", "content": "草"}, {"uid": "37455019", "content": "草"}, {"uid": "262562160", "content": "小学生嘛"}, {"uid": "9332090", "content": "好汉歌？大河向东流"}, {"uid": "240355", "content": "？？"}, {"uid": "548183237", "content": "kksk"}, {"uid": "176576564", "content": "草"}, {"uid": "602770583", "content": "草"}, {"uid": "30514029", "content": "草"}, {"uid": "7054092", "content": "草"}, {"uid": "6361313", "content": "草"}, {"uid": "125720", "content": "草"}, {"uid": "286517710", "content": "草"}, {"uid": "300205888", "content": "草"}, {"uid": "33185660", "content": "？"}, {"uid": "23001624", "content": "蜘蛛？"}, {"uid": "21781204", "content": "kksk！"}, {"uid": "49926124", "content": "草"}, {"uid": "11417543", "content": "草"}, {"uid": "2758221", "content": "草"}, {"uid": "43963404", "content": "是小驴生"}, {"uid": "1808632", "content": "草"}, {"uid": "5450078", "content": "草"}, {"uid": "6614647", "content": "草"}, {"uid": "455029202", "content": "草"}, {"uid": "30181527", "content": "草"}, {"uid": "2724318", "content": "去去去"}, {"uid": "23001624", "content": "草"}, {"uid": "291031618", "content": "草"}, {"uid": "175360800", "content": "草"}, {"uid": "34483437", "content": "咕驴咕驴咕驴咕驴咕驴~~~~~"}]