[{"uid": "2412544", "content": "天赋异禀...."}, {"uid": "189650550", "content": "？？？"}, {"uid": "36810930", "content": "popo驴"}, {"uid": "22621621", "content": "这个笑声whl"}, {"uid": "38274277", "content": "草"}, {"uid": "172917961", "content": "叫你模仿，没叫你超越啊"}, {"uid": "2907196", "content": "做不出这种效果（"}, {"uid": "15922", "content": "hso"}, {"uid": "22985821", "content": "小喷菇"}, {"uid": "1434386", "content": "草"}, {"uid": "60263286", "content": "pop驴"}, {"uid": "22421009", "content": "哈哈哈哈哈哈"}, {"uid": "2376865", "content": "动捕可爱"}, {"uid": "8410443", "content": "草"}, {"uid": "23762888", "content": "草"}, {"uid": "13399661", "content": "可爱"}, {"uid": "58824092", "content": "二重奏"}, {"uid": "23277060", "content": "哈哈哈哈哈哈哈听到声音了"}, {"uid": "23277060", "content": "开屏雷击"}, {"uid": "2067268", "content": "笑出驴叫"}, {"uid": "482927152", "content": "开幕雷击"}, {"uid": "415382982", "content": "mua"}, {"uid": "3544121", "content": "popooopopo"}, {"uid": "249582751", "content": "popopopopopopo"}, {"uid": "21988637", "content": "？？？？？"}]