[{"uid": "345877896", "content": "哈哈哈哈哈哈"}, {"uid": "345877896", "content": "一模一样哈哈哈哈哈"}, {"uid": "131652679", "content": "极限一换一"}, {"uid": "7438473", "content": "反杀"}, {"uid": "3162178", "content": "一转攻势"}, {"uid": "651993634", "content": "草"}, {"uid": "651993634", "content": "草，极限一换一"}, {"uid": "651993634", "content": "一转攻势"}, {"uid": "334926483", "content": "草哈哈哈"}, {"uid": "16595112", "content": "王者操作"}, {"uid": "154093980", "content": "收女儿钱的屑爸爸"}, {"uid": "154093980", "content": "草这个突然冒出的成年帕里"}, {"uid": "240838691", "content": "哈哈哈哈哈"}, {"uid": "12754387", "content": "打电话向妈妈告状"}, {"uid": "13234278", "content": "草"}, {"uid": "328422", "content": "驴布军撤退！"}, {"uid": "20157703", "content": "噗哈哈哈哈哈哈哈哈哈哈哈哈"}, {"uid": "20157703", "content": "噗哈哈哈哈哈哈哈哈哈哈哈哈"}, {"uid": "7974801", "content": "mia：感同身受"}, {"uid": "302450574", "content": "唱成山歌调了"}, {"uid": "17784911", "content": "哈哈哈哈哈哈好一手借刀杀人"}, {"uid": "17784911", "content": "极限一换一"}, {"uid": "17784911", "content": "但帕里笑起来也差不多啊"}, {"uid": "480362513", "content": "帕里说的叫锤子大妈太草了"}, {"uid": "480362513", "content": "学霸女儿与她的丈育爸爸"}, {"uid": "480362513", "content": "强 行 打 断 吟 唱"}, {"uid": "480362513", "content": "与  世  隔  绝"}, {"uid": "422164593", "content": "草"}, {"uid": "357274793", "content": "你大爷还是你大爷"}, {"uid": "8535631", "content": "反杀了属于是"}, {"uid": "9340753", "content": "小  心  锤  子"}, {"uid": "9190626", "content": "好家伙 借刀杀驴"}, {"uid": "9190626", "content": "哈哈哈哈哈"}, {"uid": "16956293", "content": "既视感太强了我的天hhhh"}, {"uid": "516902395", "content": "孝起来了"}, {"uid": "27297", "content": "草"}, {"uid": "450223336", "content": "《我对她那么好》"}, {"uid": "130804664", "content": "现代圣杯战争草"}, {"uid": "130804664", "content": "接化发"}, {"uid": "130804664", "content": "极限一换一"}, {"uid": "38704961", "content": "既视感太强了"}, {"uid": "12485245", "content": "《学霸女儿和丈育爸爸》"}, {"uid": "26632681", "content": "空蝉之术"}, {"uid": "66827871", "content": "好"}, {"uid": "30450316", "content": "笑死"}, {"uid": "169273490", "content": "哈哈哈哈哈哈哈"}, {"uid": "15784954", "content": "喊的撕心裂肺"}, {"uid": "285826982", "content": "好活"}, {"uid": "285826982", "content": "草"}, {"uid": "408645838", "content": "哈哈哈哈哈哈哈"}, {"uid": "5056662", "content": "哈哈哈哈哈哈"}, {"uid": "32423963", "content": "你不是欺负老实人吗？！"}, {"uid": "280691072", "content": "草"}, {"uid": "14577338", "content": "驴叫suki♡"}, {"uid": "2207090", "content": "太极推手"}, {"uid": "95952719", "content": "这个锤子笑起来怎么这么变态！"}, {"uid": "194175206", "content": "哈哈哈哈哈哈哈哈哈哈"}, {"uid": "401099828", "content": "借刀杀人，此时应有一张“无懈可击”"}, {"uid": "401099828", "content": "已出现人传人现象"}, {"uid": "11018884", "content": "锤 哥 不 要"}, {"uid": "87098789", "content": "借刀杀人"}, {"uid": "812617", "content": "啊这。。。"}, {"uid": "393294", "content": "这招借刀杀人……666666"}, {"uid": "393294", "content": "极限一换一"}, {"uid": "269898098", "content": "6666"}, {"uid": "2686738", "content": "极限一换一"}, {"uid": "46402981", "content": "正好活到坎儿上了"}, {"uid": "357669401", "content": "反客为主"}, {"uid": "411946345", "content": "草"}, {"uid": "71295603", "content": "哈哈哈哈哈哈哈哈"}, {"uid": "71295603", "content": "哈哈哈哈"}, {"uid": "2031947", "content": "熊孩子哪整的过老父亲"}, {"uid": "2819086", "content": "草"}, {"uid": "22218366", "content": "借刀杀人玩的，a"}, {"uid": "5582949", "content": "连锁反应"}, {"uid": "5582949", "content": "好一招借刀杀人"}, {"uid": "6992479", "content": "脑筋急转弯23333"}, {"uid": "405142", "content": "笑了"}, {"uid": "29657893", "content": "哈哈哈哈"}, {"uid": "282217043", "content": "圣  京  降  临"}, {"uid": "445257952", "content": "一 模 一 样"}, {"uid": "439088625", "content": "这是什么地狱绘图"}, {"uid": "50258975", "content": "哈哈哈哈哈!!!"}, {"uid": "439088625", "content": "众所周知锤子是一个形容词"}, {"uid": "50258975", "content": "哈哈哈哈哈哈哈哈哈哈"}, {"uid": "29193963", "content": "神级的推手，直接挡掉了因果的嘲讽，并将伤害转移给了冰糖"}, {"uid": "474019100", "content": "wwwwww"}, {"uid": "231667339", "content": "极限一换一"}, {"uid": "439088625", "content": "京帕石锤了属于是"}, {"uid": "158229081", "content": "84？八四？消毒液"}, {"uid": "643317", "content": "草"}, {"uid": "384796790", "content": "一换一牛批！"}, {"uid": "12598613", "content": "草"}, {"uid": "643317", "content": "米娅:你想干嘛"}, {"uid": "104655981", "content": "草"}, {"uid": "414422", "content": "这笑声遗传的"}, {"uid": "587140", "content": "哈哈哈哈哈哈"}, {"uid": "428164", "content": "颠倒黑白"}, {"uid": "84650074", "content": "极限一换一"}, {"uid": "53305", "content": "家长式教育"}, {"uid": "428164", "content": "好家伙，直接给锤子跨在坎儿上了"}, {"uid": "414422", "content": "噔 噔 咚"}, {"uid": "328422", "content": "孝女行为！"}, {"uid": "5671978", "content": "坏了"}, {"uid": "10464050", "content": "草"}, {"uid": "5671978", "content": "草，刀都掏出来了"}, {"uid": "3071274", "content": "笑声同步www"}, {"uid": "131652679", "content": "亲父女"}, {"uid": "3162178", "content": "直接宕机了"}, {"uid": "256291268", "content": "上梁不正下梁歪，这属于"}, {"uid": "234067228", "content": "锤子刚刚是想说下辈子吧"}, {"uid": "12754387", "content": "草这特效"}, {"uid": "393558085", "content": "老父亲的关爱"}, {"uid": "418025", "content": "耳濡目染"}, {"uid": "43550380", "content": "懂了，遗传的"}, {"uid": "17784911", "content": "锤子可能打过我冰糖帕里，但打一头驴还是绰绰有余的（狗头）"}, {"uid": "702606217", "content": "强 手 裂 驴"}, {"uid": "9190626", "content": "极限一换一"}, {"uid": "454119302", "content": "代入感极强"}, {"uid": "52662905", "content": "？？？？极限一换一"}, {"uid": "130804664", "content": "哈哈哈哈哈哈哈超级加倍"}, {"uid": "449643834", "content": "哈哈哈哈哈哈哈哈哈哈哈哈"}, {"uid": "15784954", "content": "爸爸训孩子，孩子喊妈妈救命"}, {"uid": "23762888", "content": "哈哈哈哈哈"}, {"uid": "14577338", "content": "《mmm只会哭》"}, {"uid": "3207714", "content": "绝杀"}, {"uid": "194175206", "content": "inga，inga你说话啊。。。（害怕"}, {"uid": "401099828", "content": "大和文化，博大精深"}, {"uid": "401099828", "content": "锤子中文"}, {"uid": "491117", "content": "坏了，成替身了"}, {"uid": "87098789", "content": "极限一换一"}, {"uid": "20680", "content": "像极了念叨你的老父亲"}, {"uid": "11657183", "content": "爸爸打孩子。妈妈护孩子"}, {"uid": "50258975", "content": "小小的inga大大的疑惑"}, {"uid": "131962", "content": "斗转星移！"}, {"uid": "353113011", "content": "我该用什么回敬你的不义"}, {"uid": "437839209", "content": "Inga：锤子，我该用什么来回敬你的不义"}, {"uid": "384796790", "content": "我佛慈悲"}, {"uid": "198345176", "content": "亲生的实锤"}, {"uid": "414422", "content": "瞬间辈分就乱了"}, {"uid": "414422", "content": "逐渐同化"}, {"uid": "5671978", "content": "可以，带入感很强"}, {"uid": "131652679", "content": "借刀杀人"}, {"uid": "131652679", "content": "即视感太强了"}, {"uid": "158229081", "content": "拿刀了拿刀了"}, {"uid": "11619883", "content": "哈哈哈哈哈还唱起来哈哈哈"}, {"uid": "1061291741", "content": "极限一换一！"}, {"uid": "198421419", "content": "哈哈哈哈哈哈哈"}, {"uid": "184760590", "content": "哈哈哈哈哈哈哈哈"}, {"uid": "527056510", "content": "哈哈哈哈哈哈哈驴宝懵了"}, {"uid": "7974801", "content": "mia：？？？"}, {"uid": "16312917", "content": "是亲的["}, {"uid": "1931345", "content": "超级加倍"}, {"uid": "87098789", "content": "开始吟唱"}, {"uid": "15784954", "content": "逐渐同步"}, {"uid": "545696320", "content": "剪辑好评"}, {"uid": "470522", "content": "草天才作图"}, {"uid": "194175206", "content": "wwwww"}, {"uid": "27985059", "content": "哈哈哈哈哈哈"}, {"uid": "812617", "content": "開き直った。。。"}, {"uid": "471493082", "content": "可你明明笑得那么开心"}, {"uid": "20680", "content": "哈哈哈哈哈"}, {"uid": "6992479", "content": "23333333"}, {"uid": "431778772", "content": "灵魂回头"}, {"uid": "50258975", "content": "哈哈哈哈哈欧巴桑"}, {"uid": "2565976", "content": "哈哈哈哈"}, {"uid": "231667339", "content": "哈哈哈哈哈哈哈哈哈哈"}, {"uid": "231667339", "content": "经典，典中典"}, {"uid": "10091725", "content": "京华真有当爸的潜质啊"}, {"uid": "384796790", "content": "我佛慈悲"}, {"uid": "414422", "content": "开始念经"}, {"uid": "39718003", "content": "老妈子哈哈哈"}, {"uid": "131652679", "content": "草"}, {"uid": "131652679", "content": "孩子都感动哭了"}, {"uid": "11276233", "content": "这就是父女吗，i了i了"}, {"uid": "492046253", "content": "当你登dua郎了之后"}, {"uid": "667229452", "content": "过来人"}, {"uid": "43550380", "content": "锤子是真的能念"}, {"uid": "302450574", "content": "kimomo"}, {"uid": "17784911", "content": "笑声同步"}, {"uid": "9340753", "content": "？？？？？？？？"}, {"uid": "9190626", "content": "开始吟唱"}, {"uid": "8191276", "content": "《mmm只会哭和投降》"}, {"uid": "11546931", "content": "活坎上了"}, {"uid": "508734070", "content": "开始吟唱"}, {"uid": "29454431", "content": "右声道太草了"}, {"uid": "112776970", "content": "老父親の関愛2333"}, {"uid": "401099828", "content": "冰糖：？"}, {"uid": "87098789", "content": "kimomo"}, {"uid": "87098789", "content": "震撼"}, {"uid": "87098789", "content": "草父女同步"}, {"uid": "51198294", "content": "草"}, {"uid": "41989904", "content": "草"}, {"uid": "3567769", "content": "哈哈哈哈哈哈哈哈哈哈哈哈"}, {"uid": "6992479", "content": "词穷2333"}, {"uid": "238865667", "content": "？？？？？？"}, {"uid": "37498399", "content": "哈哈哈哈哈哈"}, {"uid": "131962", "content": "绕梁三日"}, {"uid": "474019100", "content": "发出了反派的笑声"}, {"uid": "121243704", "content": "各论各的，懂吧"}, {"uid": "109113540", "content": "魔音灌脑"}, {"uid": "384796790", "content": "驴吃醋了"}, {"uid": "376808807", "content": "师傅别念了"}, {"uid": "384796790", "content": "草，开幕雷击"}, {"uid": "414422", "content": "有其父必有其女"}, {"uid": "587140", "content": "破案了"}, {"uid": "5671978", "content": "我不懂，但我大受震撼.jpg"}, {"uid": "305072215", "content": "移花接木"}, {"uid": "131652679", "content": "哈哈哈哈"}, {"uid": "304275", "content": "师傅别念了"}, {"uid": "334926483", "content": "哈哈哈哈草"}, {"uid": "12754387", "content": "草"}, {"uid": "25350330", "content": "坏了，你成替身了"}, {"uid": "17784911", "content": "驴宝当机"}, {"uid": "17784911", "content": "词穷了"}, {"uid": "413803063", "content": "锤子中文"}, {"uid": "33059854", "content": "草"}, {"uid": "40613413", "content": "帕里还真没看上  是京华硬要联婚  帕里看上的是鸟www"}, {"uid": "399263698", "content": "神同步"}, {"uid": "4069317", "content": "人传人。。。。。"}, {"uid": "23371852", "content": "好家伙 这就五国了"}, {"uid": "6796603", "content": "切换武器"}, {"uid": "401099828", "content": "30开启了对锤子宝具"}, {"uid": "147579", "content": "锤子基因"}, {"uid": "43383253", "content": "一转攻势"}, {"uid": "35721337", "content": "??????"}, {"uid": "5582949", "content": "京典语录"}, {"uid": "266770035", "content": "一手移花接木用的炉火纯青"}, {"uid": "45532256", "content": "当变态？"}, {"uid": "643317", "content": "师傅别念了"}, {"uid": "346081674", "content": "草"}, {"uid": "430099272", "content": "好父亲"}, {"uid": "430099272", "content": "草"}, {"uid": "154093980", "content": "草什么吊图"}, {"uid": "154093980", "content": "叫三十太怪了，读三零吧要不，笑死了"}, {"uid": "154093980", "content": "我的文盲父亲"}, {"uid": "13234278", "content": "mmm还在哭"}, {"uid": "393558085", "content": "帕里:???"}, {"uid": "600083196", "content": "哈哈哈哈"}, {"uid": "40970147", "content": "一传十十传百"}, {"uid": "20157703", "content": "？？？？？？！！！！！！！"}, {"uid": "73354022", "content": "锤子理解！"}, {"uid": "43550380", "content": "我才和30说两句你就说我烦，我只想让你好好直播（"}, {"uid": "302450574", "content": "神了"}, {"uid": "37386938", "content": "高手过招"}, {"uid": "16361699", "content": "？？？？"}, {"uid": "516902395", "content": "hhhhh"}, {"uid": "516902395", "content": "呼叫帕里"}, {"uid": "454119302", "content": "哈哈哈哈哈哈"}, {"uid": "52662905", "content": "哈哈哈哈哈哈哈"}, {"uid": "130804664", "content": "坏了，我成替身了"}, {"uid": "24102133", "content": "？？？？？？？？"}, {"uid": "66827871", "content": "等bt来一个正义执行"}, {"uid": "66827871", "content": "？？？？？？？？"}, {"uid": "20743803", "content": "前方高能"}, {"uid": "285826982", "content": "草草草"}, {"uid": "17002873", "content": "因果和锤子好像啊"}, {"uid": "62498191", "content": "oh my god"}, {"uid": "62498191", "content": "我也跟着笑了"}, {"uid": "26246979", "content": "84草"}, {"uid": "26246979", "content": "中国式家长"}, {"uid": "13709173", "content": "锤子这个中文，追着因果打还是够用的（"}, {"uid": "246633442", "content": "草"}, {"uid": "194175206", "content": "wwwwww"}, {"uid": "194175206", "content": "你害羞个锤子？？"}, {"uid": "194175206", "content": "红红火火恍恍惚惚"}, {"uid": "36769691", "content": "草"}, {"uid": "812617", "content": "xswl"}, {"uid": "87098789", "content": "但是帕里也这个样子啊"}, {"uid": "812617", "content": "因果中文太强了"}, {"uid": "357669401", "content": "中国式家长"}, {"uid": "13800766", "content": "圣京咏唱"}, {"uid": "662817823", "content": "noooooooo"}, {"uid": "43383253", "content": "？？"}, {"uid": "11657183", "content": "同步了草"}, {"uid": "20680", "content": "撕心裂肺的驴宝"}, {"uid": "22244376", "content": "你妈妈在忙，去找小姨"}, {"uid": "22664196", "content": "？？"}, {"uid": "14058350", "content": "好多头"}, {"uid": "474019100", "content": "来了来了要来了"}, {"uid": "12343898", "content": "师傅别念了"}, {"uid": "643317", "content": "草"}, {"uid": "643317", "content": "What？"}, {"uid": "5671978", "content": "wwwww"}, {"uid": "135084608", "content": "草"}, {"uid": "1596509", "content": "草"}, {"uid": "334926483", "content": "kimomo"}, {"uid": "334926483", "content": "草w"}, {"uid": "623669042", "content": "直击心灵"}, {"uid": "1648358063", "content": "封面很…嗯~"}, {"uid": "34096622", "content": "草"}, {"uid": "184760590", "content": "草"}, {"uid": "184760590", "content": "草"}, {"uid": "184760590", "content": "哈哈哈哈哈哈哈哈哈"}, {"uid": "13234278", "content": "草"}, {"uid": "20157703", "content": "词穷了！！！"}, {"uid": "17784911", "content": "草"}, {"uid": "271838141", "content": "锤子：等你以后，你当，，，变，，，，变态"}, {"uid": "130804664", "content": "30一脸懵逼"}, {"uid": "66827871", "content": "bt"}, {"uid": "87098789", "content": "达成一致"}, {"uid": "285826982", "content": "草草"}, {"uid": "58903829", "content": "草"}, {"uid": "6793712", "content": "草"}, {"uid": "6793712", "content": "？？？"}, {"uid": "194175206", "content": "草"}, {"uid": "194175206", "content": "哈哈哈哈哈哈哈"}, {"uid": "27985059", "content": "好家伙"}, {"uid": "306194908", "content": "草"}, {"uid": "36769691", "content": "草"}, {"uid": "2686738", "content": "驴宝咱不受这气，去找妈妈告状吧"}, {"uid": "411946345", "content": "草"}, {"uid": "203157", "content": "别念了别念了"}, {"uid": "3567769", "content": "经典语录"}, {"uid": "22244376", "content": "？？？"}, {"uid": "31714116", "content": "？？？？？？？？？"}, {"uid": "2565976", "content": "草"}, {"uid": "354831557", "content": "开始吟唱"}, {"uid": "14299079", "content": "锤子是骂人的话吗"}, {"uid": "32353477", "content": "确实"}, {"uid": "47234237", "content": "这画面"}, {"uid": "414422", "content": "草"}, {"uid": "414422", "content": "瞬间破功"}, {"uid": "305072215", "content": "你懂个锤子"}, {"uid": "345877896", "content": "草"}, {"uid": "131652679", "content": "笑容凝固"}, {"uid": "346081674", "content": "草"}, {"uid": "374826745", "content": "草"}, {"uid": "651993634", "content": "不能说一模一样，只能说完全一致"}, {"uid": "334926483", "content": "？？？？"}, {"uid": "334926483", "content": "草"}, {"uid": "430099272", "content": "草，中国人被外国人教中文了"}, {"uid": "154093980", "content": "但是帕里也不是什么好兔子啊，他真的和锤子绝配"}, {"uid": "668417772", "content": "BingTang"}, {"uid": "17784911", "content": "草"}, {"uid": "17784911", "content": "哈哈哈哈哈"}, {"uid": "516902395", "content": "原来如此"}, {"uid": "399263698", "content": "吕布？"}, {"uid": "516833826", "content": "hhhhhhhhhhhhhhhhhhhc"}, {"uid": "23914336", "content": "京华阿嫲"}, {"uid": "5056662", "content": "hhhh"}, {"uid": "194175206", "content": "草草草"}, {"uid": "194175206", "content": "草草草"}, {"uid": "450683256", "content": "草"}, {"uid": "401099828", "content": "草"}, {"uid": "401099828", "content": "草"}, {"uid": "496535582", "content": "h'h'h'h'h'h'h"}, {"uid": "64083579", "content": "1"}, {"uid": "18243397", "content": "一模一样简直了2333"}, {"uid": "2178186", "content": "哈哈哈"}, {"uid": "2178186", "content": "草"}, {"uid": "131962", "content": "？？？"}, {"uid": "300846", "content": "草"}, {"uid": "29193963", "content": "锤子疯狂输出"}, {"uid": "314007528", "content": "草"}, {"uid": "351731484", "content": "但是帕里也是BT啊"}, {"uid": "351731484", "content": "锤子，劝劝果子吧"}, {"uid": "198345176", "content": "别念了别念了"}, {"uid": "1731135", "content": "完全不是锤子的对手啊233333"}, {"uid": "10464050", "content": "目口力驴槑"}, {"uid": "10464050", "content": "笑死"}, {"uid": "396809552", "content": "負けだ"}, {"uid": "131652679", "content": "哈哈啊"}, {"uid": "54709771", "content": "锤子变成贬义词了"}, {"uid": "484969362", "content": "???"}, {"uid": "334926483", "content": "ibo干得好"}, {"uid": "334926483", "content": "草草"}, {"uid": "275610584", "content": "啊，虽，汕头"}, {"uid": "667229452", "content": "草"}, {"uid": "154093980", "content": "锤子基因"}, {"uid": "184760590", "content": "京典啊"}, {"uid": "13234278", "content": "草"}, {"uid": "675054912", "content": "草"}, {"uid": "22823543", "content": "草"}, {"uid": "7833743", "content": "爸爸妈妈？"}, {"uid": "350296346", "content": "草"}, {"uid": "285826982", "content": "草"}, {"uid": "285826982", "content": "师傅..别...别.."}, {"uid": "1821770", "content": "欧巴桑"}, {"uid": "12158364", "content": "？？？？？？"}, {"uid": "34149628", "content": "大锤80"}, {"uid": "194175206", "content": "草草草草"}, {"uid": "194175206", "content": "草草"}, {"uid": "194175206", "content": "草"}, {"uid": "194175206", "content": "www"}, {"uid": "401099828", "content": "草"}, {"uid": "36769691", "content": "草"}, {"uid": "471493082", "content": "草"}, {"uid": "39442829", "content": "我是骂你冰糖"}, {"uid": "75379", "content": "？"}, {"uid": "5662342", "content": "好屑的笑声啊23333"}, {"uid": "3098091", "content": "其实我一开始也是觉得是欧巴妈妈"}, {"uid": "22674080", "content": "草"}, {"uid": "9824302", "content": "驴笑"}, {"uid": "474019100", "content": "www"}, {"uid": "3310138", "content": "只能说锤子有老一辈那味了"}, {"uid": "198345176", "content": "人傻了"}, {"uid": "24037431", "content": "父女相"}, {"uid": "24037431", "content": "草"}, {"uid": "587140", "content": "哈哈哈哈"}, {"uid": "32693943", "content": "祸水东引"}, {"uid": "10464050", "content": "词穷"}, {"uid": "13234278", "content": "烦耶"}, {"uid": "43550380", "content": "锤子玩不过小桃，还斗不过因果么（"}, {"uid": "16956293", "content": "hhhh"}, {"uid": "15784954", "content": "what?"}, {"uid": "26246979", "content": "草"}, {"uid": "2686738", "content": "草"}, {"uid": "2038142", "content": "帕里帕里你擦亮眼永永远远地擦亮眼"}, {"uid": "32850750", "content": "草"}, {"uid": "71295603", "content": "草"}, {"uid": "494002", "content": "草草草草"}, {"uid": "494002", "content": "？？？"}, {"uid": "5582949", "content": "草"}, {"uid": "43584977", "content": "段位还是锤子高些"}, {"uid": "29657893", "content": "草"}, {"uid": "46310", "content": "草"}, {"uid": "22664196", "content": "草"}, {"uid": "430099272", "content": "中文就是个锤子"}, {"uid": "154093980", "content": "哈哈哈哈哈哈哈哈哈哈哈哈哈哈哈哈哈哈哈哈哈草这句笑崩了"}, {"uid": "480362513", "content": "哈哈哈哈哈哈哈哈哈哈哈哈哈哈哈什么天才称呼"}, {"uid": "401099828", "content": "哈哈哈哈哈哈哈哈哈哈哈哈哈哈哈哈"}, {"uid": "414422", "content": "哈哈哈哈红红火火恍恍惚惚哈哈哈哈~"}]