[{"uid": "477190995", "content": "吃了没文化的亏"}, {"uid": "477190995", "content": "大彻大悟"}, {"uid": "15615367", "content": "弔图一堆"}, {"uid": "171991910", "content": "震撼驴宝一整年"}, {"uid": "88073399", "content": "好吧我是驴，这样我们就没有生殖隔离了"}, {"uid": "346216023", "content": "两句话都是一个意思"}, {"uid": "38153966", "content": "掉图一堆"}, {"uid": "38153966", "content": "好图"}, {"uid": "191349861", "content": "叫驴宝还是有原因的"}, {"uid": "38550786", "content": "恍 然 大 雾"}, {"uid": "3773507", "content": "哈哈哈"}, {"uid": "8355537", "content": "f发现自己上当了"}, {"uid": "17508183", "content": "生男孩可太秀了"}, {"uid": "10042939", "content": "btn:hover {"}, {"uid": "14440566", "content": "《你们看不懂中文吗》"}, {"uid": "351962159", "content": "《自爆身份》"}, {"uid": "236973", "content": "逐渐变成沙雕网友的样子"}, {"uid": "87764716", "content": "不至于不至于"}, {"uid": "9578374", "content": "hover"}, {"uid": "4213301", "content": "失忆了是吧"}, {"uid": "129001766", "content": "哈哈哈哈哈哈震惊啊驴一整年"}, {"uid": "1870229", "content": "突然失忆"}, {"uid": "24172365", "content": "三国语切换"}, {"uid": "24037431", "content": "突然反应过来太草了"}, {"uid": "52662905", "content": "绝    杀"}, {"uid": "215454744", "content": "暗梅幽闻花"}, {"uid": "8831022", "content": "哈哈哈"}, {"uid": "30987652", "content": "《这个对了》"}, {"uid": "1670310", "content": "震 撼 因 果"}, {"uid": "18253454", "content": "驴 瞪 口 呆"}, {"uid": "217797936", "content": "其实粘在眼眶"}, {"uid": "21639219", "content": "快说我，是驴。"}, {"uid": "32423963", "content": "才反应过来233"}, {"uid": "23762888", "content": "hhhhhhhh"}, {"uid": "2026730", "content": "原来这就是驴宝的来源"}, {"uid": "125383475", "content": "粘在脸上"}, {"uid": "21550586", "content": "她抖起来了！"}, {"uid": "234792908", "content": "正是因为看得懂，所以才感叹中华文化博大精深"}, {"uid": "15469824", "content": "才反应过来"}, {"uid": "38274277", "content": "完美被骗哈哈哈"}, {"uid": "453974955", "content": "jo护车来了，让让"}, {"uid": "9340753", "content": "吃了没文化的亏dog"}, {"uid": "441257286", "content": "哈哈哈嗝"}, {"uid": "21639219", "content": "吃了没文化的亏"}, {"uid": "23762888", "content": "套路太深  哈哈哈哈哈"}, {"uid": "1587302", "content": "被发现了"}, {"uid": "401092660", "content": "不可视之手"}, {"uid": "535668374", "content": "反应过来了"}, {"uid": "10910103", "content": "震撼驴宝"}, {"uid": "340398322", "content": "算你狠"}, {"uid": "318161777", "content": "妹啊，你没有加引号！"}, {"uid": "35530593", "content": "她整明白了"}, {"uid": "6567431", "content": "你给念一遍我们就懂了"}, {"uid": "1897443", "content": "哈哈哈哈"}, {"uid": "23628266", "content": "哈哈哈哈哈哈"}, {"uid": "154012401", "content": "你是驴（被迫）"}, {"uid": "188206", "content": "被惊讶到"}, {"uid": "401099828", "content": "我不做人了，因果！"}, {"uid": "22621621", "content": "WPS好家伙"}, {"uid": "150498885", "content": "驴の震惊"}, {"uid": "647524", "content": "0环法术 法师之手"}, {"uid": "17508183", "content": "震惊驴宝100年"}, {"uid": "40205983", "content": "双引号，真深奥啊"}, {"uid": "171991910", "content": "引号的奥秘（）"}, {"uid": "10910103", "content": "我们看的太懂了"}, {"uid": "176272552", "content": "哈哈哈哈哈哈哈哈哈哈哈"}, {"uid": "191349861", "content": "震惊驴子"}, {"uid": "24883668", "content": "哈哈哈哈哈哈哈哈哈哈哈哈哈"}, {"uid": "925980", "content": "sodayo"}, {"uid": "756818", "content": "哈哈哈哈哈哈哈"}, {"uid": "35161735", "content": "哈哈哈"}, {"uid": "26210196", "content": "中国文化博大精深"}, {"uid": "260889052", "content": "震惊驴宝"}, {"uid": "96196916", "content": "她懂了"}, {"uid": "40205983", "content": "双引号，很深奥吧！"}, {"uid": "401092660", "content": "反射弧过长"}, {"uid": "473841190", "content": "哈哈哈"}, {"uid": "8355537", "content": "很对劲啊，没有引号"}, {"uid": "188206", "content": "震惊我驴三十年"}, {"uid": "23036539", "content": "哈哈哈哈哈哈"}, {"uid": "30982451", "content": "哈哈哈"}, {"uid": "106349228", "content": "就是因为是我们做的图"}, {"uid": "9111145", "content": "第三只手"}, {"uid": "1897443", "content": "哈哈哈哈"}, {"uid": "401099828", "content": "你不对啊，我打你啊"}, {"uid": "1591555", "content": "哈啊哈哈哈"}, {"uid": "11018482", "content": "她理解了"}, {"uid": "470952496", "content": "哈哈哈哈"}, {"uid": "26210196", "content": "偷换主语"}, {"uid": "307992580", "content": "哈哈哈哈哈哈"}, {"uid": "307992580", "content": "哈哈哈哈哈哈"}, {"uid": "171959736", "content": "hhhhhhh"}, {"uid": "11452270", "content": "哈哈哈哈"}, {"uid": "341091472", "content": "哇塞三语v"}, {"uid": "30982451", "content": "中华文化博大精深"}, {"uid": "30982451", "content": "中华文化博大精深"}, {"uid": "2954926", "content": "我打你啊"}, {"uid": "2724318", "content": "哈哈哈哈"}, {"uid": "305864602", "content": "生男孩"}, {"uid": "70308482", "content": "有引号啊"}, {"uid": "236973", "content": "驴看不懂中文"}, {"uid": "151516718", "content": "震惊驴宝"}, {"uid": "22731580", "content": "啊？"}, {"uid": "7066749", "content": "没有引号www"}, {"uid": "12223654", "content": "草"}, {"uid": "215454744", "content": "那个"}, {"uid": "75379", "content": "你也吊图一堆"}, {"uid": "28667796", "content": "草"}, {"uid": "590223", "content": "驴宝傻了"}, {"uid": "401099828", "content": "你是驴"}, {"uid": "31997012", "content": "收纳盒"}, {"uid": "8687067", "content": "她懂了"}, {"uid": "50314633", "content": "是啊（）"}, {"uid": "1587302", "content": "哈哈哈哈哈哈哈哈"}, {"uid": "23170690", "content": "哈哈哈哈哈哈哈哈"}, {"uid": "171991910", "content": "没错啊，都在说你是驴"}, {"uid": "241208836", "content": "这个没引号哎"}, {"uid": "97722844", "content": "该懂时懂"}, {"uid": "191349861", "content": "反复观摩"}, {"uid": "176272552", "content": "那是"}, {"uid": "38274277", "content": "23333333"}, {"uid": "23994857", "content": "不对劲"}, {"uid": "53223895", "content": "哈哈哈哈"}, {"uid": "401099828", "content": "对呀对呀"}, {"uid": "217797936", "content": "快说我是驴"}, {"uid": "206853084", "content": "草"}, {"uid": "33026756", "content": "哈哈哈"}, {"uid": "36482488", "content": "草"}, {"uid": "488290900", "content": "哈哈哈哈哈哈哈哈哈哈哈哈"}, {"uid": "179173243", "content": "哈哈哈"}, {"uid": "500475558", "content": "哈哈哈哈哈哈哈"}, {"uid": "176104", "content": "不还是一样的吗"}, {"uid": "38550786", "content": "别晃了别晃了别晃了"}, {"uid": "188206", "content": "HHHHHHHHHHHHH"}, {"uid": "98654326", "content": "你是驴(哭)"}, {"uid": "23036539", "content": "hhhhhh"}, {"uid": "38274277", "content": "哈哈哈哈"}, {"uid": "454397556", "content": "加入光荣的进化吧"}, {"uid": "334926483", "content": "哈哈哈哈"}, {"uid": "12223654", "content": "草"}, {"uid": "346007544", "content": "草"}, {"uid": "75379", "content": "hhhhhh"}, {"uid": "217797936", "content": "对啊你是驴嘛"}, {"uid": "8687067", "content": "上当了"}, {"uid": "50314633", "content": "嗨~"}, {"uid": "289843132", "content": "哈哈哈哈"}, {"uid": "17508183", "content": "是的"}, {"uid": "498478985", "content": "不愧是傻驴"}, {"uid": "346216023", "content": "哈哈哈"}, {"uid": "175291838", "content": "草"}, {"uid": "34988307", "content": "？？？？"}, {"uid": "11202855", "content": "草"}, {"uid": "557252", "content": "草"}, {"uid": "39869252", "content": "你是驴（我不愿意的）"}, {"uid": "3109422", "content": "2333333"}, {"uid": "215454744", "content": "不是"}, {"uid": "22043750", "content": "好的，你是驴"}, {"uid": "52949924", "content": "你是驴"}, {"uid": "8687067", "content": "哈哈哈"}, {"uid": "578283", "content": "草"}, {"uid": "33902337", "content": "？？"}, {"uid": "50314633", "content": "sodayo~"}, {"uid": "15050575", "content": "你是驴"}, {"uid": "291031618", "content": "bingo"}, {"uid": "247577157", "content": "wps"}, {"uid": "22421009", "content": "你是驴"}, {"uid": "307992580", "content": "好耶"}, {"uid": "12404176", "content": "-8000"}, {"uid": "12404176", "content": "中国文化"}, {"uid": "1821770", "content": "一个主语是自己，一个主语是别人"}, {"uid": "36810930", "content": "这是WPS吧"}, {"uid": "24885788", "content": "身而为人，我很抱歉"}, {"uid": "25520962", "content": "注意!号"}, {"uid": "17508183", "content": "你是驴"}, {"uid": "15574129", "content": "wwww"}, {"uid": "924147", "content": "《   这   个   对   了   》"}, {"uid": "38550786", "content": "哈哈哈哈哈哈哈哈哈哈哈哈哈哈哈哈哈哈哈哈哈哈哈哈哈哈哈哈哈哈哈哈哈哈哈哈"}, {"uid": "9340753", "content": "草哈哈哈哈哈哈哈哈哈哈哈哈哈哈哈哈"}, {"uid": "401099828", "content": "哈哈哈哈哈哈哈哈哈哈哈哈哈哈哈哈"}, {"uid": "285940506", "content": "啊，小浣熊？我拿个其它人看，第一眼都说这个动物影像是驴啊"}]