[{"uid": "6486338", "content": "什么歌都能被唱出驴菲的感觉"}, {"uid": "171447699", "content": "kksk"}, {"uid": "18200405", "content": "ohhhhhhhhhh"}, {"uid": "5785365", "content": "ohhhhhhh"}, {"uid": "2632250", "content": "跟帕里？"}, {"uid": "27683485", "content": "真好听，太棒啦！"}, {"uid": "87692222", "content": "太太太太太好听了 awsl"}, {"uid": "85372014", "content": "帕里飞远去 帕里离我而去 "}, {"uid": "14960", "content": "实在太好听了"}, {"uid": "22621621", "content": "这个高音，wsl"}, {"uid": "28954108", "content": "太好听了吧"}, {"uid": "13558610", "content": "太强了"}, {"uid": "13558610", "content": "好听"}, {"uid": "1587302", "content": "这段和声好美！"}, {"uid": "1183684997", "content": "好耶"}, {"uid": "382668428", "content": "太牛了太牛了"}, {"uid": "7554731", "content": "我觉得就没有什么歌因果唱不好听的"}, {"uid": "299706300", "content": "好听"}, {"uid": "23001624", "content": "好听"}, {"uid": "256387809", "content": "好耶"}, {"uid": "23277060", "content": "就没有我老婆不了的歌"}, {"uid": "54164450", "content": "好听"}, {"uid": "455807409", "content": "廉颇～"}, {"uid": "2067268", "content": "看看驴宝"}, {"uid": "36249920", "content": "跟帕里永远停留在这里"}, {"uid": "23001624", "content": "噢噢噢噢噢噢噢噢哦哦"}, {"uid": "20075663", "content": "好耶！"}, {"uid": "505886677", "content": "好耶好耶"}, {"uid": "23762888", "content": "ohhhh"}, {"uid": "55488062", "content": "帕里飞远去，帕里离我而去"}, {"uid": "36127164", "content": "好耶 第一"}, {"uid": "319341557", "content": "po~~"}, {"uid": "1823718", "content": "帕里永远停留在这里"}, {"uid": "23001624", "content": "大鱼！！"}, {"uid": "389603893", "content": "帕里飞远去，帕里离我而去"}, {"uid": "178445390", "content": "草"}, {"uid": "8831022", "content": "好耶"}, {"uid": "410985218", "content": "啊这"}, {"uid": "17248043", "content": "好耶！"}, {"uid": "17248043", "content": "？？？？"}, {"uid": "51181043", "content": "草"}, {"uid": "293601433", "content": "帕里飞～远去～"}, {"uid": "189854873", "content": "草"}, {"uid": "41624752", "content": "什麽神仙彈幕，笑死我了"}, {"uid": "410985218", "content": "好耶"}, {"uid": "800225", "content": "好耶！"}, {"uid": "5785365", "content": "\\inga/\\inga/\\inga/"}, {"uid": "44403666", "content": "\\inga/\\inga/\\inga/"}, {"uid": "668343035", "content": "驴驴，妈妈爱你"}]