[{"uid": "37903321", "content": "老干妈相当于油泼辣子"}, {"uid": "37903321", "content": "报菜名保饿了可还行？"}, {"uid": "442599788", "content": "饿了么党震怒"}, {"uid": "38232666", "content": "草，驴肉火烧"}, {"uid": "23723313", "content": "马户烧酒"}, {"uid": "20157703", "content": "噗哈哈哈哈哈哈"}, {"uid": "401099828", "content": "你们做人都这么过分的吗.jpg"}, {"uid": "401099828", "content": "草"}, {"uid": "401099828", "content": "抓驴宝跟我纪代因果有什么关系"}, {"uid": "401099828", "content": "我们没受过专业的训练，所以随便笑"}, {"uid": "87867504", "content": "反省，只点了一份根本不够吃"}, {"uid": "25707359", "content": "我想起高兴的事情"}, {"uid": "260422750", "content": "《D D 事 故 回》"}, {"uid": "7105121", "content": "因为忍不住"}, {"uid": "2091174", "content": "生气 就要摆在脸上"}, {"uid": "14166175", "content": "草"}, {"uid": "39106161", "content": "我把你们当兄弟你却想吃我"}, {"uid": "2907196", "content": "对对...啊不.是同一头驴"}, {"uid": "354750756", "content": "马户小姐直播了"}, {"uid": "30514029", "content": "草，这个笑死"}, {"uid": "228397662", "content": "好家伙，驴肉火烧"}, {"uid": "38550786", "content": "全 文 背 诵"}, {"uid": "16015122", "content": "先生! 您点的驴肉火烧好了! "}, {"uid": "71576436", "content": "我反省了我下次还敢"}, {"uid": "176914844", "content": "你就默认自己是驴了嘛/doge"}, {"uid": "102328199", "content": "哈哈哈哈哈哈哈"}, {"uid": "3887186", "content": "博士买驴，草"}, {"uid": "4912018", "content": "草www"}, {"uid": "21639219", "content": "博士买驴是成语"}, {"uid": "22665379", "content": "哈哈哈哈哈"}, {"uid": "4692077", "content": "博士买驴是个啥哈哈哈哈哈"}, {"uid": "38525232", "content": "你们d的是一个v"}, {"uid": "25806860", "content": "美团打钱"}, {"uid": "497893", "content": "草"}, {"uid": "328422", "content": "生气了吗？"}, {"uid": "9765436", "content": "保定人狂喜"}, {"uid": "251129323", "content": "对对对，夜之城的辣个V"}, {"uid": "7554731", "content": "知道那么多也挺有文采的"}, {"uid": "217002682", "content": "好家伙！"}, {"uid": "408526401", "content": "死亡凝视"}, {"uid": "357274793", "content": "在反省了在反省了"}, {"uid": "39218955", "content": "草hhhh"}, {"uid": "123058249", "content": "根本停不下来"}, {"uid": "133262166", "content": "驴肉火烧不用老干妈"}, {"uid": "281105436", "content": "精神食粮？"}, {"uid": "211178186", "content": "你是浣熊啊！！！"}, {"uid": "44808915", "content": "无论多好笑我们都不会笑"}, {"uid": "293802639", "content": "鼎香楼"}, {"uid": "20261384", "content": "因果：这仇我暂且记下了"}, {"uid": "28714222", "content": "kk，欧勾搭有？"}, {"uid": "15505781", "content": "驴肉火烧233333"}, {"uid": "22912099", "content": "成语里确有故事"}, {"uid": "22765357", "content": "生气了吗？没有生气哦"}, {"uid": "334926483", "content": "全员anti"}, {"uid": "28020815", "content": "好运来"}, {"uid": "125383475", "content": "我一想  肯定有驴肉火烧"}, {"uid": "12802982", "content": "驴肉火烧真的好吃"}, {"uid": "38550786", "content": "她学的好多啊"}, {"uid": "291031618", "content": "因为我们真的忍不住啊"}, {"uid": "7054092", "content": "哈哈哈哈哈啊哈哈哈"}, {"uid": "812617", "content": "anti大会"}, {"uid": "22644407", "content": "火勺吧写成火烧"}, {"uid": "475563749", "content": "不，是同一只驴"}, {"uid": "348473219", "content": "哈哈哈"}, {"uid": "217797936", "content": "给个报菜名图片版"}, {"uid": "1923172", "content": "一份不够吃。。嗯。。"}, {"uid": "279597602", "content": "但在不同手机看"}, {"uid": "702606217", "content": "草"}, {"uid": "36769691", "content": "草"}, {"uid": "8298552", "content": "博士买驴逆天"}, {"uid": "33070805", "content": "哈哈哈"}, {"uid": "38525232", "content": "驴肉火烧，看到青椒我就明白的我是不是有点不对"}, {"uid": "121243704", "content": "故事回一转对台词回"}, {"uid": "401092660", "content": "我D的V。。。它也直播了"}, {"uid": "108066940", "content": "做狗还是你们人擅长"}, {"uid": "874099", "content": "我们D的是同一头…啊不同一个V"}, {"uid": "401099828", "content": "都是故事啊，怎么了"}, {"uid": "7554731", "content": "危"}, {"uid": "2907196", "content": "对对.jpg"}, {"uid": "17784911", "content": "草"}, {"uid": "231667339", "content": "我D的女人开播了"}, {"uid": "388155", "content": "太anti了"}, {"uid": "342940308", "content": "博士买驴(刀客塔探头)"}, {"uid": "6811048", "content": "草"}, {"uid": "401092660", "content": "迫害inga太有趣了"}, {"uid": "401092660", "content": "哈哈哈哈哈哈哈"}, {"uid": "88073399", "content": "说驴太直接了，以后改说马户吧"}, {"uid": "37903321", "content": "驴肉火烧 草"}, {"uid": "442599788", "content": "《美人鱼》经典咏流传"}, {"uid": "945802", "content": "哈哈哈"}, {"uid": "44808915", "content": "驴肉火烧吗。。"}, {"uid": "31555614", "content": "不，是同一头驴"}, {"uid": "10890200", "content": "我不停我不停"}, {"uid": "700698", "content": "你们两个D的是同一个V?"}, {"uid": "428458", "content": "是同一头驴"}, {"uid": "354750756", "content": "xswl"}, {"uid": "354750756", "content": "驴肉火烧真的好吃"}, {"uid": "38550786", "content": "没有哦"}, {"uid": "36769691", "content": "草"}, {"uid": "11768608", "content": "驴肉火烧放老干妈？异端！"}, {"uid": "35046902", "content": "草"}, {"uid": "28852244", "content": "这个仇，我记下了！"}, {"uid": "7220745", "content": "anti故事大会，绝了"}, {"uid": "33070805", "content": "草"}, {"uid": "126523846", "content": "hhhhh"}, {"uid": "126523846", "content": "草"}, {"uid": "479564589", "content": "是啊"}, {"uid": "58271177", "content": "王德发"}, {"uid": "32750637", "content": "哈哈哈哈哈哈"}, {"uid": "14316468", "content": "下次还敢"}, {"uid": "13936795", "content": "她急了她急了"}, {"uid": "6811048", "content": "草"}, {"uid": "11202855", "content": "草"}, {"uid": "474019100", "content": "确实"}, {"uid": "1923172", "content": "生气了吗？"}, {"uid": "401099828", "content": "对，对"}, {"uid": "4218680", "content": "她会的太多了"}, {"uid": "385746108", "content": "草"}, {"uid": "10579112", "content": "草"}, {"uid": "30514029", "content": "哈哈哈哈哈哈"}, {"uid": "374547", "content": "没有10年anti发不出这种棉花糖"}, {"uid": "16520940", "content": "驴肉火烧来了"}, {"uid": "2038142", "content": "23333333"}, {"uid": "24932903", "content": "."}, {"uid": "414422", "content": "她太会了~"}, {"uid": "479564589", "content": "首次体验人间险恶"}, {"uid": "479564589", "content": "hhhhhhh"}, {"uid": "497893", "content": "全是驴"}, {"uid": "14316468", "content": "下次还敢"}, {"uid": "284610332", "content": "就是火烧"}, {"uid": "33622682", "content": "对对对，，噗嗤，，不是，是同一头驴"}, {"uid": "495809820", "content": "驴肉火烧真好吃"}, {"uid": "385746108", "content": "草"}, {"uid": "334926483", "content": "草"}, {"uid": "36769691", "content": "草"}, {"uid": "12754387", "content": "kksk"}, {"uid": "23762888", "content": "草"}, {"uid": "451773590", "content": "1"}, {"uid": "13809", "content": "马户烧酒"}, {"uid": "17784911", "content": "草"}, {"uid": "66719729", "content": "D的同一头驴"}, {"uid": "189122839", "content": "草"}, {"uid": "23001624", "content": "草"}, {"uid": "23001624", "content": "根本没停过"}, {"uid": "22570888", "content": "hhh"}, {"uid": "58271177", "content": "草草草"}, {"uid": "279597602", "content": "反省"}, {"uid": "16643585", "content": "全是anti"}, {"uid": "4218680", "content": "kksk"}, {"uid": "4218680", "content": "？？？？？？？？？？"}, {"uid": "385746108", "content": "草"}, {"uid": "14166175", "content": "笑死"}, {"uid": "180359695", "content": "就是火烧"}, {"uid": "424465135", "content": "全是anti"}, {"uid": "23036539", "content": "草"}, {"uid": "132554843", "content": "合着这是直播看饿了啊"}, {"uid": "13809", "content": "是同一头驴"}, {"uid": "4211233", "content": "哈哈哈"}, {"uid": "66719729", "content": "对，D"}, {"uid": "32750637", "content": "驴肉火烧"}, {"uid": "32750637", "content": "干的漂亮"}, {"uid": "21330862", "content": "蚌埠住了"}, {"uid": "30185849", "content": "6啊"}, {"uid": "660963", "content": "草"}, {"uid": "27182312", "content": "6666666"}, {"uid": "4912018", "content": "草"}, {"uid": "10986324", "content": "草"}, {"uid": "2766392", "content": "哈哈哈哈哈哈哈哈哈哈哈哈哈哈哈哈哈哈哈哈哈哈"}]