[{"uid": "6486338", "content": "大家のロバ"}, {"uid": "260422750", "content": "《安 眠 曲》"}, {"uid": "130563356", "content": "好听"}, {"uid": "24463416", "content": "inga晚安"}, {"uid": "2521475", "content": "听着听着发现是ab。。。"}, {"uid": "36617449", "content": "泪目啊"}, {"uid": "10986324", "content": "(；′⌒`)"}, {"uid": "10986324", "content": "哭了"}, {"uid": "388209951", "content": "清声"}, {"uid": "1268865", "content": "泪目"}, {"uid": "1320913", "content": "声线真的好好"}, {"uid": "307274", "content": "好听啊"}, {"uid": "9062012", "content": "泪目"}, {"uid": "9062012", "content": "只要驴宝想，我们都可以"}, {"uid": "35046902", "content": "摇得好可爱"}, {"uid": "15199905", "content": "泪目"}, {"uid": "91460934", "content": "啊啊啊啊啊啊啊啊AB"}, {"uid": "43584977", "content": "泪目"}, {"uid": "9989684", "content": "真好听"}, {"uid": "25387650", "content": "这里真的好像AIMER"}, {"uid": "773126", "content": "你要想，那也行～"}, {"uid": "21550586", "content": "也不是不行"}, {"uid": "328422", "content": "驴友的宝物！"}, {"uid": "260422750", "content": "那倒也不是不行"}, {"uid": "33672012", "content": "草"}, {"uid": "391254279", "content": "想当也可以"}, {"uid": "35169030", "content": "莫名aimer"}, {"uid": "23762888", "content": "草"}, {"uid": "5598346", "content": "草"}, {"uid": "12223654", "content": "草"}, {"uid": "334926483", "content": "草"}, {"uid": "10650378", "content": "草"}, {"uid": "85774322", "content": "哭了"}, {"uid": "13644883", "content": "也行"}, {"uid": "183794068", "content": "？？？"}, {"uid": "13171500", "content": "？？？"}, {"uid": "38274277", "content": "吃吃吃"}, {"uid": "2659819", "content": "刚刚"}]