[{"uid": "291103502", "content": "冰糖！！"}, {"uid": "277668704", "content": "草"}, {"uid": "277668704", "content": "啊啊啊姐姐快折磨我"}, {"uid": "88906310", "content": "周脚"}, {"uid": "47079996", "content": "kksk"}, {"uid": "10908755", "content": "这里既然饿了 又要谐音 用  居酒 不就行了 差一点声调不是问题"}, {"uid": "73449836", "content": "Bon不juor了"}, {"uid": "26246979", "content": "还有个2p的"}, {"uid": "359806404", "content": "kksk"}, {"uid": "39357594", "content": "铀，草"}, {"uid": "2092423", "content": "能理解太强了"}, {"uid": "1808632", "content": "草"}, {"uid": "275515", "content": "笑死我了"}, {"uid": "401092660", "content": "inga的英语是真滴好听"}, {"uid": "27258811", "content": "打jv指不定就看懂了"}, {"uid": "1587302", "content": "冰糖！"}, {"uid": "1587302", "content": "姐姐大人！"}, {"uid": "34483437", "content": "美食番像话嘛！人家那是爱情片！"}, {"uid": "473064141", "content": "真的好         可！"}, {"uid": "6276429", "content": "冰糖葫芦"}, {"uid": "341093139", "content": "笑声好可爱"}, {"uid": "5294260", "content": "哈哈哈哈哈哈哈哈哈哈"}, {"uid": "397383521", "content": "kksk"}, {"uid": "141178947", "content": "孩子饿了"}, {"uid": "231348", "content": "B站混久了又多了一个沙雕网友！！！"}, {"uid": "291885623", "content": "这个狙就很有粤语的味道"}, {"uid": "37157735", "content": "给她玩明白了"}, {"uid": "37157735", "content": "最高指令"}, {"uid": "278777", "content": "草"}, {"uid": "266255540", "content": "-1-1-1-1-1"}, {"uid": "401099828", "content": "驴肉火烧有吗？"}, {"uid": "401099828", "content": "我饿了"}, {"uid": "401099828", "content": "认字只认半个字"}, {"uid": "401099828", "content": "草，老大哥二号"}, {"uid": "7775751", "content": "草"}, {"uid": "383061847", "content": "好～  冰糖！！！"}, {"uid": "320511", "content": "nano必把你杀害"}, {"uid": "10579112", "content": "草"}, {"uid": "12754387", "content": "一本满足"}, {"uid": "12754387", "content": "whl"}, {"uid": "12754387", "content": "kksk"}, {"uid": "176889009", "content": "油条淑女"}, {"uid": "8123805", "content": "姐姐大人！"}, {"uid": "37026499", "content": "草"}, {"uid": "8123805", "content": "kksk"}, {"uid": "16019304", "content": "什么沙雕"}, {"uid": "131962", "content": "啊啊啊啊姐姐我可以！"}, {"uid": "600985", "content": "爱了爱了"}, {"uid": "600985", "content": "kksk"}, {"uid": "614160", "content": "？？？"}, {"uid": "3326169", "content": "姐姐！"}, {"uid": "150409433", "content": "蚌埠住了"}, {"uid": "150409433", "content": "cao1"}, {"uid": "12891523", "content": "芝"}, {"uid": "2655419", "content": "不要切（指加大力度）"}, {"uid": "36769691", "content": "草"}, {"uid": "755531", "content": "饿出幻觉了"}, {"uid": "9062012", "content": "草，蚌埠住了"}, {"uid": "3207714", "content": "youyou的声线=nano声线还行"}, {"uid": "2907196", "content": "饿了"}, {"uid": "57438652", "content": "开发出了法语模块"}, {"uid": "315692", "content": "听不见！！大声点！！"}, {"uid": "386343803", "content": "富婆，饭饭，饿饿"}, {"uid": "3827357", "content": "迫害nano草"}, {"uid": "93756174", "content": "好耶"}, {"uid": "559631", "content": "有条熟驴"}, {"uid": "211178186", "content": "这么小声还想给inga上舰？"}, {"uid": "244116402", "content": "草"}, {"uid": "656138", "content": "油条熟驴"}, {"uid": "5321889", "content": "哈哈哈哈哈哈哈哈哈哈或或或或"}, {"uid": "15784954", "content": "冰糖！"}, {"uid": "2204231", "content": "草"}, {"uid": "1932262", "content": "好怪哦，再看一遍"}, {"uid": "27671", "content": "都大舌头了还说没喝酒！"}, {"uid": "24037431", "content": "草"}, {"uid": "24037431", "content": "姐姐！！！！！！！！！！！！"}, {"uid": "414422", "content": "完了， 给她玩明白了"}, {"uid": "414422", "content": "上头了，胆子大了~"}, {"uid": "104655981", "content": "草"}, {"uid": "37000430", "content": "kksk"}, {"uid": "13709173", "content": "不要切（指加大力度）"}, {"uid": "401092660", "content": "谢谢inga 我已经忘记原诗了"}, {"uid": "27669045", "content": "不舔水，直接核爆。你细品"}, {"uid": "401092660", "content": "中华文化博大精深"}, {"uid": "89969021", "content": "驴空，你怎么了"}, {"uid": "334926483", "content": "都在迫害nano"}, {"uid": "37241311", "content": "油条熟驴"}, {"uid": "12754387", "content": "太憨了"}, {"uid": "348502020", "content": "变可爱了小浣熊"}, {"uid": "4327227", "content": "nano——punch！"}, {"uid": "24977872", "content": "因为舌头很肥，所以说话好喜欢呀。"}, {"uid": "38550786", "content": "浣熊的声音我真的是喜欢到不行"}, {"uid": "244116402", "content": "nano是真天使"}, {"uid": "3306107", "content": "p家人均迫害nano的嘛"}, {"uid": "249582751", "content": "怎么有牵丝蝠味？？？"}, {"uid": "306212", "content": "听不见！没有精神!再来一次！"}, {"uid": "85505711", "content": "《不要切》"}, {"uid": "35169030", "content": "我耳朵说他好了"}, {"uid": "494073316", "content": "美食番"}, {"uid": "2203831", "content": "好好好"}, {"uid": "334926483", "content": "？？？开幕雷击"}, {"uid": "20526247", "content": "总感觉这是在把声音压低"}, {"uid": "38550786", "content": "又来迫害了"}, {"uid": "38550786", "content": "好御啊"}, {"uid": "38550786", "content": "好酥啊"}, {"uid": "20006195", "content": "油条西施（）"}, {"uid": "2907196", "content": "有条淑驴～"}, {"uid": "485709481", "content": "（1/1）"}, {"uid": "304275", "content": "拘留"}, {"uid": "1932262", "content": "（1/1）"}, {"uid": "18462649", "content": "nano草"}, {"uid": "268892228", "content": "不要切（我只讲两遍，快点切）"}, {"uid": "70442400", "content": "kksk"}, {"uid": "185872154", "content": "好可爱"}, {"uid": "10166206", "content": "口水出来了可还行"}, {"uid": "401099828", "content": "民那kilai"}, {"uid": "3326169", "content": "喝大了"}, {"uid": "3404022", "content": "是蘑…en？居然不是？"}, {"uid": "33902337", "content": "awsl"}, {"uid": "30514029", "content": "哈哈哈哈啊哈哈"}, {"uid": "35520443", "content": "多来点 多来点"}, {"uid": "244116402", "content": "牵丝蝠味道好浓"}, {"uid": "11202855", "content": "很有精神"}, {"uid": "173530634", "content": "油条熟驴"}, {"uid": "494073316", "content": "草，诗经"}, {"uid": "334926483", "content": "awsl"}, {"uid": "3500192", "content": "nanoga！"}, {"uid": "36769691", "content": "草"}, {"uid": "32423963", "content": "回不去了"}, {"uid": "2977464", "content": "anti组"}, {"uid": "434034210", "content": "这是nano声线吧"}, {"uid": "282559103", "content": "18min，还热乎"}, {"uid": "13709173", "content": "听不见！！！！！！！！！"}, {"uid": "23874332", "content": "草"}, {"uid": "643580315", "content": "我好喜欢大姐姐啊"}, {"uid": "258408928", "content": "prpr"}, {"uid": "196952", "content": "nano震怒"}, {"uid": "1808632", "content": "混了混了"}, {"uid": "275515", "content": "啊我是驴"}, {"uid": "337588", "content": "awhl!"}, {"uid": "2203831", "content": "姐姐"}, {"uid": "432135", "content": "Awsl"}, {"uid": "2126522389", "content": "重来！"}, {"uid": "347157328", "content": "awsl"}, {"uid": "12754387", "content": "awsl"}, {"uid": "600985", "content": "姐姐！！！"}, {"uid": "21532255", "content": "草"}, {"uid": "38550786", "content": "嘶"}, {"uid": "38550786", "content": "没有精神"}, {"uid": "99938198", "content": "好可爱"}, {"uid": "121243704", "content": "这是饿了啊"}, {"uid": "244116402", "content": "热乎的"}, {"uid": "501974427", "content": "饿了"}, {"uid": "304275", "content": "油条！"}, {"uid": "80445602", "content": "好了，我想起来了"}, {"uid": "300275885", "content": "有条熟驴"}, {"uid": "3078826", "content": "可爱"}, {"uid": "20157703", "content": "噗"}, {"uid": "357274793", "content": "饿了"}, {"uid": "9318012", "content": "嘟嘟噜"}, {"uid": "185872154", "content": "好可爱"}, {"uid": "401099828", "content": "awsl"}, {"uid": "2126522389", "content": "这都知道"}, {"uid": "561780", "content": "猪脚"}, {"uid": "23762888", "content": "草"}, {"uid": "38550786", "content": "kksk"}, {"uid": "36769691", "content": "草"}, {"uid": "474019100", "content": "没有精神"}, {"uid": "178397951", "content": "好軟"}, {"uid": "578283", "content": "草"}, {"uid": "11927551", "content": "？？？？"}, {"uid": "401092660", "content": "哈哈"}, {"uid": "27437050", "content": "来了"}, {"uid": "239139", "content": "草"}, {"uid": "1808632", "content": "whl"}, {"uid": "357274793", "content": "？"}, {"uid": "23001624", "content": "kksk"}, {"uid": "102328199", "content": "草"}, {"uid": "12754387", "content": "kksk"}, {"uid": "2078024", "content": "ヽ(ﾟ∀ﾟ)ﾉヽ(ﾟ∀ﾟ)ﾉ"}, {"uid": "121243704", "content": "？？？？？？？？？、"}, {"uid": "1776874", "content": "草"}, {"uid": "434034210", "content": "开幕雷击"}, {"uid": "6221030", "content": "nano"}, {"uid": "359806404", "content": "awsl"}, {"uid": "341093139", "content": "kksk"}, {"uid": "494073316", "content": "没文化真可怕"}, {"uid": "494073316", "content": "小学生弹幕"}, {"uid": "1835009201", "content": "草"}, {"uid": "1858404199", "content": "1/1"}, {"uid": "2126522389", "content": "听不见"}, {"uid": "33069210", "content": "おねえちゃん"}, {"uid": "10579112", "content": "草"}, {"uid": "10579112", "content": "kksk"}, {"uid": "651633559", "content": "危"}, {"uid": "11834504", "content": "草"}, {"uid": "5884160", "content": "1/1"}, {"uid": "30331603", "content": "jū juī"}, {"uid": "6221030", "content": "www"}, {"uid": "341093139", "content": "1/1"}, {"uid": "341093139", "content": "1/1"}, {"uid": "12891523", "content": "草"}, {"uid": "30514029", "content": "又迫害nano，nano punch"}, {"uid": "175360800", "content": "草"}, {"uid": "401099828", "content": "哈哈哈哈哈哈哈哈哈哈哈哈哈哈哈哈"}, {"uid": "154093980", "content": "草哈哈哈哈哈哈哈哈哈哈哈哈哈哈哈哈哈哈"}, {"uid": "33070805", "content": "姐姐！！！！！！！！！！！！！"}]