[{"uid": "296874250", "content": "当然是拉着一起睡"}, {"uid": "293964189", "content": "听不见，没有劲儿。重来！"}, {"uid": "402482140", "content": "damedane"}, {"uid": "90557825", "content": "我要烙饼卷大葱"}, {"uid": "10620365", "content": "刘培驴中校，立刻前往休眠仓!"}, {"uid": "291031618", "content": "卧槽，吓到我了"}, {"uid": "22765357", "content": "inga竟是我妈"}, {"uid": "2977464", "content": "达~咩"}, {"uid": "87646724", "content": "你永远叫不醒一个装睡的人"}, {"uid": "32138296", "content": "太可爱了！！！"}, {"uid": "3273238", "content": "锤子在大理石地上拖"}, {"uid": "20157703", "content": "啊——我裂开了"}, {"uid": "430719801", "content": "嗯，初号机处刑曲"}, {"uid": "424465135", "content": "这么小声还想叫我起床"}, {"uid": "37985350", "content": "蕾姆拖动流星锤追杀486的声音"}, {"uid": "12754387", "content": "合着演的是妈"}, {"uid": "37766610", "content": "带制作"}, {"uid": "3340260", "content": "你这反差有点大啊！"}, {"uid": "473534572", "content": "inga老EVA了"}, {"uid": "1835934", "content": "awsl"}, {"uid": "895127", "content": "这样是叫不醒我的 只会被我拖进被子里一起睡（"}, {"uid": "7639222", "content": "老EVA了"}, {"uid": "38550786", "content": "妈耶，我一醒来驴宝就抱着我乱亲"}, {"uid": "38550786", "content": "小 学 生"}, {"uid": "298744227", "content": "快打我屁股，快点嘛！"}, {"uid": "480443443", "content": "好像大铲子在地上拖动"}, {"uid": "36047002", "content": "呆呆的驴宝好可爱"}, {"uid": "2774751", "content": "wwwwwwwwww"}, {"uid": "4327227", "content": "草，心肺停止"}, {"uid": "90882843", "content": "鸡蛋套餐QMQ"}, {"uid": "431778772", "content": "superhiiro草"}, {"uid": "432125610", "content": "我就知道有问题，特意把音量降低"}, {"uid": "19921041", "content": "瞬间裂开"}, {"uid": "20680", "content": "草，大制作"}, {"uid": "807315", "content": "坏坏驴宝╰（‵□′）╯"}, {"uid": "17703518", "content": "还是手动的"}, {"uid": "8779603", "content": "太小声，没有精神"}, {"uid": "291754035", "content": "可爱到当场去世"}, {"uid": "408797", "content": "inga来袭！"}, {"uid": "1541803", "content": "可我已经毕业很久了"}, {"uid": "8364557", "content": "带制作"}, {"uid": "194175206", "content": "害怕"}, {"uid": "412692772", "content": "你杀了我吧"}, {"uid": "400150974", "content": "EVA好耶！！！"}, {"uid": "403423550", "content": "谢邀，耳朵没了"}, {"uid": "3273238", "content": "锤子在大理石是地上拖"}, {"uid": "12084980", "content": "Inga 来袭！"}, {"uid": "37766610", "content": "这能叫醒人？"}, {"uid": "456055602", "content": "我的耳膜！！！"}, {"uid": "1748814", "content": "啊 我的耳朵"}, {"uid": "354750756", "content": "小学生inga"}, {"uid": "10464050", "content": "战术后仰"}, {"uid": "11856826", "content": "哈哈哈"}, {"uid": "90557825", "content": "哈哈哈哈哈哈"}, {"uid": "328971842", "content": "有点小，叫不醒人"}, {"uid": "2907196", "content": "没有劲儿！"}, {"uid": "47234237", "content": "裂开来"}, {"uid": "12754387", "content": "awsl"}, {"uid": "30514029", "content": "要亲亲抱抱才起来"}, {"uid": "9272615", "content": "草！！！"}, {"uid": "473534572", "content": "inga"}, {"uid": "437752515", "content": "草"}, {"uid": "33070805", "content": "草"}, {"uid": "12754387", "content": "awsl"}, {"uid": "20680", "content": "可爱"}, {"uid": "75379", "content": "草"}, {"uid": "23001624", "content": "awsl"}, {"uid": "8446503", "content": "草"}, {"uid": "3518679", "content": "是三角头！"}, {"uid": "2977464", "content": "大铲子笑死"}, {"uid": "8021583", "content": "听不见听不见！"}, {"uid": "81614539", "content": "吓到了"}, {"uid": "5598346", "content": "草"}, {"uid": "19195611", "content": "？"}, {"uid": "5785365", "content": "awsl"}, {"uid": "23865322", "content": "但是今天是周末啊"}, {"uid": "102328199", "content": "草"}, {"uid": "23001624", "content": "草"}, {"uid": "23762888", "content": "草"}, {"uid": "20390321", "content": "弹幕看到了自己的感觉真奇妙"}, {"uid": "143275225", "content": "草"}, {"uid": "10778462", "content": "inga来袭？"}, {"uid": "132045994", "content": "zzzzzzzz"}, {"uid": "486187516", "content": "怎么了～怎么了～一份爱失去了光泽"}, {"uid": "310231025", "content": "草"}, {"uid": "12754387", "content": "我裂开来"}, {"uid": "33935601", "content": "草"}, {"uid": "17365452", "content": "幼稚鬼"}, {"uid": "405995539", "content": "草"}, {"uid": "286659008", "content": "草"}, {"uid": "359806404", "content": "好耶"}, {"uid": "29657893", "content": "草"}, {"uid": "13728504", "content": "草"}, {"uid": "21877794", "content": "回不去了"}, {"uid": "2447037", "content": "没吃饭？"}, {"uid": "97303", "content": "就这？"}, {"uid": "10579112", "content": "草"}, {"uid": "1488132", "content": "草"}, {"uid": "337588", "content": "草 说大铲子的也太出戏了吧233"}, {"uid": "12084980", "content": "awsl"}, {"uid": "75379", "content": "草"}, {"uid": "397418288", "content": "QMQ"}, {"uid": "12158364", "content": "好耶"}, {"uid": "454119302", "content": "草"}, {"uid": "143275225", "content": "草"}, {"uid": "194175206", "content": "草"}, {"uid": "12598613", "content": "草"}, {"uid": "576352", "content": "！"}, {"uid": "27172519", "content": "草"}, {"uid": "2203831", "content": "草"}, {"uid": "405995539", "content": "awsl"}, {"uid": "454119302", "content": "草"}, {"uid": "23001624", "content": "草"}, {"uid": "376754389", "content": "草"}, {"uid": "2774751", "content": "wwww"}, {"uid": "37176305", "content": "草"}, {"uid": "101962542", "content": "草"}, {"uid": "6696", "content": "草"}, {"uid": "13238214", "content": "草"}]