[{"uid": "178847773", "content": "骷 髅 匕 首"}, {"uid": "11452270", "content": "明明是这么清楚的笑声"}, {"uid": "193978638", "content": "还有这种好事儿？"}, {"uid": "8355537", "content": "“清楚”"}, {"uid": "440619406", "content": "原来笑声真的可以统一的"}, {"uid": "4053279", "content": "手上拿着的苦无可以转吗（"}, {"uid": "19174622", "content": "帕里文明保护协会抬头"}, {"uid": "486131622", "content": "帕里：我直接给我自己画不就得了"}, {"uid": "85449775", "content": "清 楚 系 v"}, {"uid": "82579948", "content": "危 切片man 危"}, {"uid": "82579948", "content": "帕里：？？？？？？"}, {"uid": "30181527", "content": "帕里：断手（无慈悲）"}, {"uid": "21843931", "content": "帕里：这就去换初代皮"}, {"uid": "441418908", "content": "好家伙，这已经是三国语言了"}, {"uid": "98454", "content": "帕里默默地拿出了初号机"}, {"uid": "8935279", "content": "装甲店店主"}, {"uid": "8665575", "content": "《没有人可以把这句话传出去》"}, {"uid": "260889052", "content": "帕里：你手没了"}, {"uid": "401099828", "content": "草"}, {"uid": "401099828", "content": "能赚五千兆円（不是）"}, {"uid": "17813664", "content": "如果他来了那就是-30吐血"}, {"uid": "58271177", "content": "还有这种好事？？"}, {"uid": "2182394", "content": "健康的笑声"}, {"uid": "8687067", "content": "《妈妈免费》"}, {"uid": "288758321", "content": "《不准外传》"}, {"uid": "10455913", "content": "帕里：我谢谢你，我会自己画。"}, {"uid": "647524", "content": "帕里：吐血(-30)"}, {"uid": "328422", "content": "新产业思路！"}, {"uid": "7577621", "content": "哈哈哈哈自带外置装甲"}, {"uid": "617495540", "content": "加加知乎内行"}, {"uid": "34369308", "content": "附 加 装 甲"}, {"uid": "94624689", "content": "喂桃"}, {"uid": "668611833", "content": "挂在右边的那位朋友，拍拍"}, {"uid": "190154060", "content": "这是我们两个之间的秘密"}, {"uid": "23183952", "content": "武 装 国 度"}, {"uid": "21087655", "content": "坏了，我也有点想看"}, {"uid": "8935279", "content": "那就打掉眼镜（"}, {"uid": "401800104", "content": "妈妈（指帕里）"}, {"uid": "7554731", "content": "帕里：我谢谢你啊"}, {"uid": "109341763", "content": "然后光速切片"}, {"uid": "260889052", "content": "帕里：？？？？？"}, {"uid": "401099828", "content": "不准外传（然后就切片了）"}, {"uid": "401099828", "content": "这个棉花糖对帕里的女儿说要清楚系真是找错了人"}, {"uid": "40636348", "content": "可以转吗你的匕首"}, {"uid": "150498885", "content": "《清楚系的vtb》"}, {"uid": "3866056", "content": "好，那我就借走帕里用一下哈（"}, {"uid": "91713026", "content": "驾驶ooq来找你"}, {"uid": "84119591", "content": "给姐姐们打特价，骨折优惠"}, {"uid": "19174622", "content": "那没事了草"}, {"uid": "19174622", "content": "盔 甲 之 王"}, {"uid": "104664270", "content": "现在哦vtb都是至少会三国语言的学霸了吗？学渣突然心酸"}, {"uid": "3222240", "content": "下一个断手人员"}, {"uid": "343930387", "content": "我超喜欢帕里初号机的"}, {"uid": "2058506", "content": "-50%"}, {"uid": "652224073", "content": "这波啊，这波叫做杀人诛心。"}, {"uid": "14960", "content": "借给她"}, {"uid": "2655419", "content": "还有这等好事。！"}, {"uid": "925980", "content": "清楚的笑声"}, {"uid": "85810734", "content": "《不能离开直播间》"}, {"uid": "414422", "content": "曾经有个手被打断了，你的外部装甲也可能会被击毁的~~"}, {"uid": "414422", "content": "帕里：？？？"}, {"uid": "234584532", "content": "帕里吐血"}, {"uid": "22908181", "content": "神tm免费"}, {"uid": "3305746", "content": "好，切出来了"}, {"uid": "471127804", "content": "只要我不是人就可以了吗"}, {"uid": "3401118", "content": "这笑声好棒"}, {"uid": "432135", "content": "还能拆的吗！"}, {"uid": "470967040", "content": "hhhhhhhhhhh"}, {"uid": "293601433", "content": "帕里：-30"}, {"uid": "104664270", "content": "三国语言牛批"}, {"uid": "3222240", "content": "哈哈哈哈"}, {"uid": "24670382", "content": "挂件好评"}, {"uid": "24439453", "content": "妙啊"}, {"uid": "35046902", "content": "好家伙"}, {"uid": "2086518", "content": "他来了就是-30"}, {"uid": "8935279", "content": "邪恶的笑容"}, {"uid": "443596493", "content": "好耶"}, {"uid": "317774371", "content": "还有这种好事？"}, {"uid": "36769691", "content": "不仅来了还是热评"}, {"uid": "454798834", "content": "这不断手？"}, {"uid": "401099828", "content": "臣附议"}, {"uid": "39235532", "content": "偶 像 崩 坏"}, {"uid": "5884160", "content": "然后就切出来了"}, {"uid": "374656376", "content": "草"}, {"uid": "471127804", "content": "只要我不是人就可以了吗"}, {"uid": "471127804", "content": "只要我不是人就可以了吗"}, {"uid": "432135", "content": "窝草还有这种好事"}, {"uid": "11326106", "content": "草"}, {"uid": "516320802", "content": "草"}, {"uid": "44403666", "content": "哈哈哈哈哈哈"}, {"uid": "8935279", "content": "草"}, {"uid": "3900958", "content": "草草草"}, {"uid": "36769691", "content": "草"}, {"uid": "162704436", "content": "2333333"}, {"uid": "319477", "content": "画了问题才大"}, {"uid": "10102397", "content": "哈哈哈哈哈哈"}, {"uid": "12279493", "content": "草"}, {"uid": "1831498", "content": "他自己有p家最大的"}, {"uid": "20422093", "content": "还有这种好事"}, {"uid": "8953728", "content": "？？？？？纳尼"}, {"uid": "46467279", "content": "这是只鹅【doge】"}, {"uid": "277713719", "content": "@萨拉托加"}, {"uid": "17540676", "content": "男妈妈也行？"}, {"uid": "3109422", "content": "草"}, {"uid": "11019692", "content": "还有这等好事？"}, {"uid": "44268861", "content": "好家伙"}, {"uid": "23001624", "content": "？？"}, {"uid": "273966451", "content": "草"}, {"uid": "2500994", "content": "不准外传，还是官号发的"}, {"uid": "1642032", "content": "这笑声真的不赖"}, {"uid": "334926483", "content": "草"}, {"uid": "85650700", "content": "竟是你自己"}, {"uid": "286659008", "content": "断手"}, {"uid": "2655419", "content": "草"}, {"uid": "2400519", "content": "没事，帕里听不懂"}, {"uid": "4661588", "content": "还有这种好事"}, {"uid": "150498885", "content": "还有这等好事？"}, {"uid": "2957060", "content": "哈哈哈哈哈哈"}, {"uid": "27586015", "content": "草"}, {"uid": "15733751", "content": "还有这等好事"}, {"uid": "15599373", "content": "还有这好事？"}, {"uid": "275515", "content": "帕里听不懂"}, {"uid": "12080096", "content": "草"}, {"uid": "74110527", "content": "？？"}, {"uid": "94624689", "content": "桃子"}, {"uid": "33722673", "content": "萨拉托加"}, {"uid": "157507441", "content": "草"}, {"uid": "5284413", "content": "断手"}, {"uid": "11019692", "content": "ok"}, {"uid": "434780627", "content": "妙啊"}, {"uid": "393294", "content": "草"}, {"uid": "2203831", "content": "草"}, {"uid": "2449330", "content": "草"}, {"uid": "260889052", "content": "还有这等好事"}, {"uid": "25367", "content": "迷迭迷迭帕里桑"}, {"uid": "74074775", "content": "非战斗人员请撤离"}, {"uid": "319477", "content": "我也想看"}, {"uid": "8687067", "content": "好家伙"}, {"uid": "1259642", "content": "还有这种好事？"}, {"uid": "38349569", "content": "明白了"}, {"uid": "29305599", "content": "清楚？"}, {"uid": "23001624", "content": "？？"}, {"uid": "3222240", "content": "虾仁猪心啊"}, {"uid": "33919342", "content": "还有这种好事？"}, {"uid": "8935279", "content": "草"}, {"uid": "8935279", "content": "草"}, {"uid": "5742510", "content": "23333333"}, {"uid": "104349408", "content": "草"}, {"uid": "1295223", "content": "草"}, {"uid": "494759400", "content": "？？"}, {"uid": "260889052", "content": "hso"}, {"uid": "33902337", "content": "苦无吗（"}, {"uid": "401099828", "content": "草"}, {"uid": "27172270", "content": "草"}, {"uid": "164788", "content": "草"}, {"uid": "491117", "content": "^  ^"}, {"uid": "665366", "content": "还有这种好事"}, {"uid": "52662905", "content": "hihihihihihi"}, {"uid": "44997199", "content": "快来快来"}, {"uid": "497893", "content": "草"}, {"uid": "131962", "content": "？？？"}, {"uid": "22363074", "content": "草"}, {"uid": "23874332", "content": "草"}, {"uid": "247093665", "content": "cao"}, {"uid": "68119498", "content": "？？？"}, {"uid": "412681246", "content": "不要晃"}, {"uid": "13477546", "content": "草"}, {"uid": "285645304", "content": "《 看 我 扎 不 扎 你 》"}, {"uid": "33919342", "content": "草"}, {"uid": "328599609", "content": "卄"}, {"uid": "765036", "content": "草"}, {"uid": "5742510", "content": "进来了就喊迷迭迷迭"}, {"uid": "8889874", "content": "草"}, {"uid": "130037282", "content": "还有这种好事？"}, {"uid": "491117", "content": "^ ^"}, {"uid": "2951354", "content": "hihihihi"}, {"uid": "369759006", "content": "热乎"}, {"uid": "4912018", "content": "草"}, {"uid": "22363074", "content": "没事，帕里看不懂中文听不懂英语"}, {"uid": "263713832", "content": "草"}, {"uid": "22363074", "content": "草"}, {"uid": "32423963", "content": "草"}, {"uid": "1434386", "content": "草"}, {"uid": "285342196", "content": "有这等好事？"}, {"uid": "32833886", "content": "草"}, {"uid": "177804625", "content": "草"}]