[{"uid": "10908755", "content": "网络语版翻译 还是可以的"}, {"uid": "10908755", "content": "文言文是整个中学语文中 唯一让人有兴趣的内容"}, {"uid": "73449836", "content": "草，诽谤先皇先帝"}, {"uid": "73449836", "content": "前面的前面的草"}, {"uid": "73449836", "content": "“嗯？”"}, {"uid": "73449836", "content": "草"}, {"uid": "73449836", "content": "整点初中的吧草"}, {"uid": "73449836", "content": "住口！"}, {"uid": "73449836", "content": "上手上手"}, {"uid": "73449836", "content": "这个是典故了"}, {"uid": "431778772", "content": "姓诸，名葛庐"}, {"uid": "700698", "content": "孔明：看不懂"}, {"uid": "8953728", "content": "南阳诸葛庐，西蜀子云亭"}, {"uid": "251129323", "content": "你也玩FGO？"}, {"uid": "866114", "content": "草"}, {"uid": "2604996", "content": "没事，我写的也丑（"}, {"uid": "227530491", "content": "怎么还有聊斋啊"}, {"uid": "227530491", "content": "这翻译觉了"}, {"uid": "227530491", "content": "草"}, {"uid": "227530491", "content": "完了"}, {"uid": "227530491", "content": "用典都要查书下注释的"}, {"uid": "227530491", "content": "理解一百分，翻译零分警告"}, {"uid": "227530491", "content": "好家伙"}, {"uid": "106946615", "content": "666这理解能力太强了"}, {"uid": "28472681", "content": "今晚真要梦到了"}, {"uid": "76008309", "content": "这标题就离谱"}, {"uid": "202303825", "content": "孩子啊，你太老实了23333"}, {"uid": "683473", "content": "太二了太二了"}, {"uid": "190800352", "content": "他能来的话就得聊聊七星灯了"}, {"uid": "422164593", "content": "草"}, {"uid": "23762888", "content": "草"}, {"uid": "525003315", "content": "看什么都是驴的驴宝"}, {"uid": "19057809", "content": "梦回初中被支配的恐惧"}, {"uid": "13893362", "content": "草"}, {"uid": "1846550", "content": "好长哦，摸了（"}, {"uid": "14577338", "content": "比我学得快"}, {"uid": "23332869", "content": "她好可爱"}, {"uid": "22244376", "content": "诸葛酱的草驴"}, {"uid": "12006179", "content": "诸葛亮：今晚就托梦给你"}, {"uid": "453398159", "content": "天才啊！！！"}, {"uid": "163184485", "content": "笑声真的好可爱，还很自然"}, {"uid": "21143310", "content": "诸葛酱看不懂日语"}, {"uid": "258801015", "content": "?????"}, {"uid": "43584977", "content": "哀汐（"}, {"uid": "408526401", "content": "大梦谁先觉，平生我自知"}, {"uid": "49563049", "content": "厉害了，驴宝"}, {"uid": "49563049", "content": "真就驴呗"}, {"uid": "129318978", "content": "草"}, {"uid": "15590426", "content": "对因果来说，用典手法还是太难了"}, {"uid": "12404176", "content": "白话出师表，这个大好"}, {"uid": "110540829", "content": "诸葛亮揭棺而起"}, {"uid": "159605225", "content": "什么东东好可爱"}, {"uid": "159605225", "content": "驴宝的中文真的很好"}, {"uid": "561780", "content": "丞相何故发笑"}, {"uid": "561780", "content": "现在就到你家门口"}, {"uid": "202799", "content": "inga笑起来真的好听可爱"}, {"uid": "30331603", "content": "啊啊啊西汉和东汉啊"}, {"uid": "30331603", "content": "起搏器，我的起搏器呢"}, {"uid": "30331603", "content": "出师表草，魔鬼啊"}, {"uid": "30331603", "content": "正常"}, {"uid": "30331603", "content": "来了就是恐怖片或者修仙片了"}, {"uid": "34037608", "content": "诸葛瑾：？"}, {"uid": "178653254", "content": "这悦耳的笑声"}, {"uid": "52662905", "content": "好工整啊"}, {"uid": "1540213", "content": "草，诸葛酱"}, {"uid": "8130169", "content": "味道太冲了"}, {"uid": "8130169", "content": "哈哈哈哈"}, {"uid": "334926483", "content": "厉害啊，中文非母语这已经不错了"}, {"uid": "6898", "content": "好家伙，南阳诸葛驴"}, {"uid": "22674080", "content": "草"}, {"uid": "93800903", "content": "日语他看不懂（"}, {"uid": "2067268", "content": "企业级理解"}, {"uid": "501705673", "content": "天才"}, {"uid": "18208014", "content": "？？？"}, {"uid": "434148431", "content": "读mai，四声"}, {"uid": "27030398", "content": "企业级理解"}, {"uid": "27030398", "content": "诸葛瑾的妙啊"}, {"uid": "2320566", "content": "写诸葛瑾之驴把"}, {"uid": "99938198", "content": "草"}, {"uid": "23546256", "content": "这理解能力可以的"}, {"uid": "9062012", "content": "满分 理解满分"}, {"uid": "430973336", "content": "诸葛村夫，你敢！"}, {"uid": "33902337", "content": "草"}, {"uid": "476375031", "content": "做个人吧"}, {"uid": "401099828", "content": "噗"}, {"uid": "401099828", "content": "你确定他看得懂吗"}, {"uid": "401099828", "content": "草"}, {"uid": "401099828", "content": "天才"}, {"uid": "23360177", "content": "二次元诸葛亮还行"}, {"uid": "35764574", "content": "好家伙这文言文学的挺快啊"}, {"uid": "247843089", "content": "真-诸葛酱"}, {"uid": "37241311", "content": "哈哈哈哈"}, {"uid": "251129323", "content": "哈哈哈哈哈哈哈哈哈哈"}, {"uid": "82110475", "content": "聪明啊"}, {"uid": "408526401", "content": "确实"}, {"uid": "240999265", "content": "这不搞一个黔驴技穷给她看 "}, {"uid": "4445976", "content": "哪来的狗.jpg"}, {"uid": "11018482", "content": "这真的是外国驴吗tql"}, {"uid": "83419310", "content": "天才了"}, {"uid": "526053023", "content": "因果天才"}, {"uid": "317774371", "content": "这也太强了"}, {"uid": "43414137", "content": "可能在摸驴吧"}, {"uid": "397418288", "content": "天才啊"}, {"uid": "525003315", "content": "天才天才"}, {"uid": "392806443", "content": "这标题就离谱"}, {"uid": "3109422", "content": "简陋"}, {"uid": "2907196", "content": "诸葛连驴"}, {"uid": "22421009", "content": "哈哈哈哈哈哈哈哈哈哈哈哈"}, {"uid": "526053023", "content": "南阳诸葛……驴？"}, {"uid": "8436849", "content": "不错，能理解啊=="}, {"uid": "284242429", "content": "天才啊"}, {"uid": "10314148", "content": "《石兵八阵》"}, {"uid": "251129323", "content": "诸葛亮：……？"}, {"uid": "23762888", "content": "Ohhhhhhh"}, {"uid": "478764919", "content": "草"}, {"uid": "1846550", "content": "天才"}, {"uid": "36047002", "content": "天才"}, {"uid": "430508337", "content": "Ohhhhhhhhhhhhhhhhhhhhhhhhhhhhhhh"}, {"uid": "233909189", "content": "天才"}, {"uid": "22421009", "content": "ohhhhhhhhhhhhhhhhhhhhhhhhhh"}, {"uid": "99938198", "content": "草"}, {"uid": "56234557", "content": "我去，不但学中文，还自学文言文，可以呀。"}, {"uid": "125720", "content": "哈哈哈哈哈"}, {"uid": "10314148", "content": "哈哈哈哈哈"}, {"uid": "23762888", "content": "草"}, {"uid": "8988076", "content": "ohhhhhhhh"}, {"uid": "242173256", "content": "天才"}, {"uid": "74074775", "content": "天才少驴"}, {"uid": "3109422", "content": "2333333"}, {"uid": "23360177", "content": "草"}, {"uid": "1573725", "content": "天才"}, {"uid": "81614539", "content": "草，前面的像极了我初中的时候"}, {"uid": "227530491", "content": "草"}, {"uid": "227530491", "content": "草，前面的大忽悠"}, {"uid": "50118771", "content": "驴"}, {"uid": "453398159", "content": "草"}, {"uid": "40205983", "content": "草"}, {"uid": "3418669", "content": "哪里丑笑死"}, {"uid": "391254279", "content": "前面的真的吗为什么我初中学的是du第二声？"}, {"uid": "13726055", "content": "可以"}, {"uid": "691903122", "content": "草（一种植物）"}, {"uid": "9062012", "content": "草"}, {"uid": "773126", "content": "YA☆ME☆RO"}, {"uid": "23170690", "content": "天才"}, {"uid": "249867", "content": "开幕雷击"}, {"uid": "25438232", "content": "ohhhhhhhh"}, {"uid": "399181640", "content": "诸葛村夫，你，你敢，哇呃啊啊~"}, {"uid": "401099828", "content": "Southern of the sun"}, {"uid": "305617742", "content": "草"}, {"uid": "2182394", "content": "ohhhhhhhhhhhhh"}, {"uid": "10314148", "content": "hhh"}, {"uid": "5671978", "content": "对，lv"}, {"uid": "73449836", "content": "典故不知道那就是不知道，是没法猜的"}, {"uid": "103022524", "content": "草"}, {"uid": "27757505", "content": "4哈啊哈"}, {"uid": "397418288", "content": "qs"}, {"uid": "525003315", "content": "ohhhhhhhhhhhhhhhhh"}, {"uid": "342782223", "content": "牛蛙"}, {"uid": "5091576", "content": "cao1"}, {"uid": "49563049", "content": "厉害了  驴宝"}, {"uid": "12404176", "content": "？？？"}, {"uid": "102328199", "content": "草"}, {"uid": "52662905", "content": "天才啊"}, {"uid": "285392800", "content": "才女才女"}, {"uid": "8436849", "content": "可以可以"}, {"uid": "122499636", "content": "别乱教，读du二声"}, {"uid": "11202855", "content": "草"}, {"uid": "37599416", "content": "wwwww"}, {"uid": "74129487", "content": "siguoyi "}, {"uid": "40205983", "content": "真就驴叫呗"}, {"uid": "12404176", "content": "？？"}, {"uid": "1540213", "content": "草"}, {"uid": "334926483", "content": "？"}, {"uid": "4445976", "content": "上手"}, {"uid": "27030398", "content": "我从未见过如此_________之人！"}, {"uid": "23360177", "content": "可以啊"}, {"uid": "26797237", "content": "草"}, {"uid": "251129323", "content": "！？"}, {"uid": "397418288", "content": "wc"}, {"uid": "193099038", "content": "？"}, {"uid": "408526401", "content": "草"}, {"uid": "159605225", "content": "草"}, {"uid": "3109422", "content": "草"}, {"uid": "4445976", "content": "厉害啊"}, {"uid": "3517180", "content": "w"}, {"uid": "125720", "content": "云子杨"}, {"uid": "51181043", "content": "草"}, {"uid": "73449836", "content": "Sodayo"}, {"uid": "21143310", "content": "草"}, {"uid": "561780", "content": "草"}, {"uid": "18725286", "content": "哈哈哈哈哈哈哈哈哈哈哈哈哈哈哈哈哈哈哈"}]