[{"uid": "630602338", "content": "不要啊，你这样我都晕了"}, {"uid": "431778772", "content": "我一直在摇，从来没停过"}, {"uid": "78091670", "content": "DNA有反应了！"}, {"uid": "440173879", "content": "为什么要挡住啊！"}, {"uid": "45939011", "content": "总算是对味了"}, {"uid": "401092660", "content": "太可爱了inga"}, {"uid": "8497647", "content": "她好憨，我好爱"}, {"uid": "12295812", "content": "what is love!"}, {"uid": "401099828", "content": "同化成功"}, {"uid": "30982451", "content": "味对了"}, {"uid": "431138003", "content": "摇起来好可爱ww"}, {"uid": "96255527", "content": "What is love!"}, {"uid": "36774639", "content": "在摇要掉了"}, {"uid": "5445808", "content": "哦.在这停顿！"}, {"uid": "185872154", "content": "好可爱"}, {"uid": "185872154", "content": "好可爱"}, {"uid": "30982451", "content": "DNA动了"}, {"uid": "44403666", "content": "\\inga/\\inga/"}, {"uid": "159605225", "content": "味对了"}, {"uid": "2724318", "content": "我看着也晕了"}, {"uid": "508734070", "content": "扭起来了"}, {"uid": "185872154", "content": "好可爱"}, {"uid": "37766610", "content": "师傅别摇了"}, {"uid": "224757177", "content": "BGM: Lost In The Rhythm "}, {"uid": "32423963", "content": "噫hihihihi"}, {"uid": "14200412", "content": "《看仨抖，看双摇》"}, {"uid": "14200412", "content": "《你们都在看那仨抖，我却在看那双抖》"}, {"uid": "36769691", "content": "草"}, {"uid": "14007884", "content": "好憨"}, {"uid": "188206", "content": "这是不会摇头吗？哈哈哈哈哈哈"}, {"uid": "28244955", "content": "别晃了，视线离不开了，要晕了"}, {"uid": "52490916", "content": "P家三傻"}, {"uid": "158518790", "content": "草，我跟着摇起来了"}, {"uid": "158518790", "content": "出现熊传熊现象！"}, {"uid": "96255527", "content": "what  is  love！！！"}, {"uid": "96255527", "content": "what is lone！！！"}, {"uid": "3985607", "content": "上头了"}, {"uid": "3985607", "content": "哈哈哈哈哈哈"}, {"uid": "1644534", "content": "新·我们三"}, {"uid": "3985607", "content": "草"}, {"uid": "266679665", "content": "全村唯一一个去过夜店的驴"}, {"uid": "29454431", "content": "注入灵魂"}, {"uid": "224757177", "content": "BGM:Lost In"}, {"uid": "10024794", "content": "摇头晃内个你就是于谦妈妈"}, {"uid": "2977464", "content": "摇起来了"}, {"uid": "96255527", "content": "What is love ！"}, {"uid": "8002977", "content": "有那么一瞬间我怀疑这是个3D皮"}, {"uid": "23036539", "content": "我也晕了"}, {"uid": "15784954", "content": "摇起来了！"}, {"uid": "18208014", "content": "真的有这么摇吗"}, {"uid": "2954926", "content": "好会摇ww"}, {"uid": "33935601", "content": "DNA动了"}, {"uid": "11491610", "content": "来了来了"}, {"uid": "8605613", "content": "她好会啊"}, {"uid": "696267264", "content": "？"}, {"uid": "19731959", "content": "笑声爱了"}, {"uid": "23001624", "content": "扭起来"}, {"uid": "644958213", "content": "抖起来了"}, {"uid": "401099828", "content": "有内味了"}, {"uid": "315692", "content": "变晕ga"}, {"uid": "29657893", "content": "摇起来了"}, {"uid": "874099", "content": "扭起来像oto"}, {"uid": "620963", "content": "笑声真可爱啊"}, {"uid": "13460225", "content": "好憨啊(◦˙▽˙◦)"}, {"uid": "3885523", "content": "来了来了来了"}, {"uid": "696267264", "content": "没吃饭吗？"}, {"uid": "82716033", "content": "笑声 nice"}, {"uid": "13275281", "content": "好可爱"}, {"uid": "10906777", "content": "前面的love打错了，哈哈哈哈哈哈哈"}, {"uid": "59728419", "content": "遮住了灵魂"}, {"uid": "300846", "content": "摇起来了"}, {"uid": "466642", "content": "就是这个"}, {"uid": "96800517", "content": "正版音乐"}, {"uid": "702606217", "content": "我也晕了，晕36D"}, {"uid": "38550786", "content": "也不戳"}, {"uid": "31498", "content": "我也晕了"}, {"uid": "25113774", "content": "好大 晃得我头晕"}, {"uid": "19465020", "content": "摇起来了"}, {"uid": "129001766", "content": "草"}, {"uid": "23001624", "content": "幻视oto"}, {"uid": "17784911", "content": "草"}, {"uid": "2724318", "content": "对了对了"}, {"uid": "17784911", "content": "摇起来了"}, {"uid": "14948369", "content": "草"}, {"uid": "434034210", "content": "来了"}, {"uid": "3557174", "content": "没品笑声，爱了爱了"}, {"uid": "10908755", "content": "我的第一反应是Beep Beep I'm a Sheep"}, {"uid": "602003", "content": "好晃"}, {"uid": "12414924", "content": "yao"}, {"uid": "39813625", "content": "你太摇了~~~"}, {"uid": "32423963", "content": "对味儿了"}, {"uid": "37498399", "content": "草"}, {"uid": "8366283", "content": "你也在网上冲浪吗？你是GG还是MM？"}, {"uid": "131962", "content": "草"}, {"uid": "166470456", "content": "阿巴阿巴"}, {"uid": "453118002", "content": "这怕不是个啥子"}, {"uid": "295914288", "content": "草"}, {"uid": "354340149", "content": "草"}, {"uid": "10137826", "content": "dj驴"}, {"uid": "300846", "content": "晃得我头晕"}, {"uid": "11019692", "content": "草"}, {"uid": "23762888", "content": "草"}, {"uid": "508734070", "content": "kksk"}]