[{"uid": "255018502", "content": "眼泪不争气的从嘴里流出来了（想吃驴肉）"}, {"uid": "22564666", "content": "直播是有延迟的"}, {"uid": "10650378", "content": "草"}, {"uid": "97722844", "content": "歌词man差了一段"}, {"uid": "106627867", "content": "虽然歌曲很悲伤，但是我还是联想到了另一个海猫，草"}, {"uid": "4904828", "content": "泪目"}, {"uid": "2067268", "content": "一了百了"}, {"uid": "3418669", "content": "海猫就是海猫哦www"}, {"uid": "430973336", "content": "淦，严肃点啊喂"}, {"uid": "430973336", "content": "说的没错"}, {"uid": "430973336", "content": "草，不愧是你"}, {"uid": "176837", "content": "守住了大家的眼泪"}, {"uid": "154563", "content": "所长nb("}, {"uid": "26654335", "content": "草"}, {"uid": "275515", "content": "suki"}, {"uid": "28078260", "content": "就是海猫..."}, {"uid": "430973336", "content": "这歌真的好听"}, {"uid": "431692972", "content": "左边歌词man……"}, {"uid": "21143310", "content": "草"}, {"uid": "3938997", "content": "老外 耳机 流泪.GIF"}, {"uid": "2487913", "content": "海鸥 海猫可还行hhh"}, {"uid": "4118296", "content": "草"}, {"uid": "8988076", "content": "浣熊发呆"}, {"uid": "23001624", "content": "草"}, {"uid": "3844363", "content": "你鼻涕怎么从眼睛里流出来了"}, {"uid": "6221030", "content": "草"}, {"uid": "808570", "content": "缩回去太草了"}, {"uid": "1369939", "content": "卸磨鲨驴"}, {"uid": "1369939", "content": "草"}, {"uid": "70442400", "content": "草"}, {"uid": "431692972", "content": "今晚炖驴肉（）"}, {"uid": "9847", "content": "草"}, {"uid": "39083", "content": "这里我好像听错了？好像不是「断裁慣れてないだ」"}, {"uid": "32288303", "content": "好听"}, {"uid": "85790419", "content": "缩回去草"}, {"uid": "37241311", "content": "驴肉？好吃哦"}, {"uid": "15035921", "content": "我说为什么有8min。。"}, {"uid": "1977034", "content": "气氛全无"}, {"uid": "102328199", "content": "草"}]