[{"uid": "431778772", "content": "u咩拿喇叭"}, {"uid": "412651329", "content": "草"}, {"uid": "702606217", "content": "她听懂了！！"}, {"uid": "89175537", "content": "完全一致"}, {"uid": "191349861", "content": "完全一致"}, {"uid": "9340753", "content": "你还说你不是驴"}, {"uid": "326329775", "content": "包治百病的笑声"}, {"uid": "604994995", "content": "农民到日常 "}, {"uid": "229272", "content": "好家伙"}, {"uid": "36769691", "content": "草"}, {"uid": "9062012", "content": "草"}, {"uid": "3657234", "content": "不愧是你"}, {"uid": "28667796", "content": "三只驴在叫"}, {"uid": "300846", "content": "他们是说你也是那三头驴之一啊"}, {"uid": "440628", "content": "清楚"}, {"uid": "25084008", "content": "你还说你不是驴(doge"}, {"uid": "477653667", "content": "因果小姐的出场秀"}, {"uid": "9272615", "content": "已经开始笑了"}, {"uid": "23762888", "content": "刚好哈哈哈哈"}, {"uid": "34855954", "content": "我家那嘎姆说得好"}, {"uid": "23001624", "content": "三重驴叫"}, {"uid": "52956766", "content": "可以说是一模一样了"}, {"uid": "197471427", "content": "梅开二度"}, {"uid": "5598346", "content": "草"}, {"uid": "191349861", "content": "健康的笑声"}, {"uid": "279241258", "content": "你点的啊"}, {"uid": "17784911", "content": "草"}, {"uid": "33583757", "content": "cao"}, {"uid": "635759", "content": "还说不是驴"}, {"uid": "19195611", "content": "草"}, {"uid": "6850285", "content": "草"}, {"uid": "23001624", "content": "草"}, {"uid": "2250322", "content": "什么怪东西，再看一遍"}, {"uid": "404427428", "content": "啊"}, {"uid": "27104989", "content": "草"}, {"uid": "8984532", "content": "三     重     驴     叫"}]