[{"uid": "23001624", "content": "鸡皮疙瘩，太好听了"}, {"uid": "23001624", "content": "好听！"}, {"uid": "23001624", "content": "来了"}, {"uid": "524638840", "content": "tql"}, {"uid": "524638840", "content": "太牛了"}, {"uid": "18819", "content": "paryi草"}, {"uid": "895127", "content": "小学生inga 可爱"}, {"uid": "431778772", "content": "从这里在现场"}, {"uid": "431778772", "content": "藏文还行"}, {"uid": "24463416", "content": "太强了，这真的是我能免费看的吗"}, {"uid": "348834853", "content": "三语轮换十分流畅"}, {"uid": "3341175", "content": "强强强"}, {"uid": "1858404199", "content": "tears这句真有味道"}, {"uid": "23122703", "content": "话字的屑驴宝（doge）"}, {"uid": "65212146", "content": "kksk"}, {"uid": "36042930", "content": "太好听了叭"}, {"uid": "36042930", "content": "好听"}, {"uid": "10579112", "content": "awsl"}, {"uid": "10579112", "content": "kksk"}, {"uid": "10579112", "content": "干 月 危 面"}, {"uid": "1557807", "content": "鼠标写字还是别扭"}, {"uid": "1557807", "content": "帕里飞远去的那个，太草了‘’"}, {"uid": "28954108", "content": "太强了"}, {"uid": "29454431", "content": "帕里（"}, {"uid": "2957833", "content": "宁就是医学生？"}, {"uid": "23232769", "content": "开口跪"}, {"uid": "40147896", "content": "太强了"}, {"uid": "188206", "content": "我还以为是“夜草被深深淹没”"}, {"uid": "44749483", "content": "这是在写藏文嘛"}, {"uid": "39970468", "content": "好听到哭"}, {"uid": "35917848", "content": "太强了卧槽"}, {"uid": "23371852", "content": "天籁"}, {"uid": "30874795", "content": "这是我能免费听的吗"}, {"uid": "6221030", "content": "？？"}, {"uid": "306212", "content": "这段……太棒了"}, {"uid": "300775796", "content": "made in heaven"}, {"uid": "306212", "content": "太好听了，真的哭出来了"}, {"uid": "39204203", "content": "卧槽"}, {"uid": "306212", "content": "强强inga"}, {"uid": "36844712", "content": "赶时间的小伙伴，空降06:17"}, {"uid": "306212", "content": "开唱  07：04"}, {"uid": "23001624", "content": "好耶"}, {"uid": "5496808", "content": "好听的"}, {"uid": "299705231", "content": "阿拉伯语"}, {"uid": "430552726", "content": "8888888"}, {"uid": "3517180", "content": "惊艳"}, {"uid": "5383303", "content": "惊艳"}, {"uid": "37531245", "content": "强强强"}, {"uid": "823980", "content": "三语VUP 好耶"}, {"uid": "363110053", "content": "太強惹"}, {"uid": "515982", "content": "我也哭出来了"}, {"uid": "29859", "content": "强 因果 强"}, {"uid": "37858065", "content": "!"}, {"uid": "236973", "content": "土豆雷准备完毕"}, {"uid": "67811612", "content": "太好听了； ；"}]