[{"uid": "430099272", "content": "英语听说"}, {"uid": "430099272", "content": "神驴"}, {"uid": "36844712", "content": "人家想过一个生日，跑来要祝福，祝福要到了，结果顺便结了个婚，绝了"}, {"uid": "2368840", "content": "入洞草"}, {"uid": "27258811", "content": "草"}, {"uid": "1876620", "content": "专业诶"}, {"uid": "696267264", "content": "DO I yes"}, {"uid": "1164105590", "content": "双语好评"}, {"uid": "357274793", "content": "断了"}, {"uid": "357274793", "content": "是是是"}, {"uid": "357274793", "content": "嬉皮笑脸"}, {"uid": "38550786", "content": "哈"}, {"uid": "38550786", "content": "啊啊啊啊这"}, {"uid": "19506352", "content": "来削个椰子皮肯定好"}, {"uid": "19506352", "content": "哈？"}, {"uid": "23762888", "content": "草"}, {"uid": "16586347", "content": "？？？？？"}, {"uid": "341093139", "content": "buff叠满了"}, {"uid": "21081620", "content": "跑去洞房了"}, {"uid": "151538189", "content": "草，真因儿"}, {"uid": "474019100", "content": "根本没忍"}, {"uid": "474019100", "content": "wwwwww"}, {"uid": "12754387", "content": "她好可爱"}, {"uid": "12754387", "content": "？？？"}, {"uid": "12754387", "content": "kksk"}, {"uid": "32423963", "content": "火星哥永远滴神"}, {"uid": "442599788", "content": "我同意这门婚事(doge)"}, {"uid": "3567769", "content": "草"}, {"uid": "389603893", "content": "你被强化了，快送"}, {"uid": "389603893", "content": "我来守护这个笑容"}, {"uid": "494073316", "content": "大型集体结婚现场"}, {"uid": "23865322", "content": "结婚的日子要唱 囍 啊"}, {"uid": "31071931", "content": "氧化鈣"}, {"uid": "31071931", "content": "你被強化了，快上。"}, {"uid": "8121571", "content": "应该是进洞房了"}, {"uid": "8121571", "content": "业务不熟练"}, {"uid": "135404", "content": "因儿叫绝了"}, {"uid": "135404", "content": "草"}, {"uid": "29521752", "content": "！"}, {"uid": "2182394", "content": "草"}, {"uid": "238865667", "content": "为什么你那么熟练啊"}, {"uid": "7054092", "content": "草"}, {"uid": "7054092", "content": "哈哈哈哈哈哈哈"}, {"uid": "20680", "content": "草"}, {"uid": "497455079", "content": "CaO"}, {"uid": "108137620", "content": "？？？？？"}, {"uid": "75379", "content": "草"}, {"uid": "9062012", "content": "除非忍不住是吧"}, {"uid": "9062012", "content": "草"}, {"uid": "9062012", "content": "这。。。。。丈夫与丈夫 可还行 草"}, {"uid": "135084608", "content": "草"}, {"uid": "8779603", "content": "要社死了，肯定溜了"}, {"uid": "5884160", "content": "草"}, {"uid": "40669488", "content": "孩子与父母的生日是同一天（盲生发现华点）"}, {"uid": "5884160", "content": "i do"}, {"uid": "24037431", "content": "害羞了〃∀〃"}, {"uid": "5884160", "content": "歪"}, {"uid": "24037431", "content": "dd每天都是生日"}, {"uid": "40669488", "content": "我同意了"}, {"uid": "40669488", "content": "一直在笑都没有停过"}, {"uid": "600985", "content": "哇"}, {"uid": "600985", "content": "震撼浣熊"}, {"uid": "351287473", "content": "EⅤA我bna动了"}, {"uid": "38550786", "content": "？？？？？？？？？？？？？"}, {"uid": "487279", "content": "哈哈哈哈哈"}, {"uid": "1688351", "content": "草"}, {"uid": "2954926", "content": "草"}, {"uid": "12754387", "content": "草"}, {"uid": "82716033", "content": "A "}, {"uid": "436388995", "content": "啊啊啊啊啊啊啊"}, {"uid": "23762888", "content": "草"}, {"uid": "937618", "content": "???"}, {"uid": "7269129", "content": "??????"}]