[{"uid": "33070805", "content": "mua"}, {"uid": "33070805", "content": "mu"}, {"uid": "185872154", "content": "好耶！"}, {"uid": "15568897", "content": "kimomo"}, {"uid": "97722844", "content": "这个叫奶茶弹幕怎么那么快"}, {"uid": "225339852", "content": "想到鬼畜了"}, {"uid": "225339852", "content": "啊"}, {"uid": "860364", "content": "拉拉人DNA动了"}, {"uid": "80002081", "content": "卧槽"}, {"uid": "32138296", "content": "inga的歌单和我的重合度好高啊！！！我真的死了~~"}, {"uid": "19816153", "content": "lnga来亲一个（"}, {"uid": "185872154", "content": "mua！"}, {"uid": "5294260", "content": "芜湖"}, {"uid": "37627682", "content": "拉拉人狂喜"}, {"uid": "3674812", "content": "？？？？？SH！？！？"}, {"uid": "485091550", "content": "阿伟死了"}, {"uid": "34005584", "content": "mua"}, {"uid": "412651329", "content": "awsl"}, {"uid": "13893362", "content": "mua"}, {"uid": "27166378", "content": "那真的牛批"}, {"uid": "17468640", "content": "最近正愁找不到好歌了呢，inga的歌回每次都能扩充我的曲库，好耶"}, {"uid": "38819191", "content": "snow halation 惊了"}, {"uid": "438001226", "content": "mua"}, {"uid": "15654133", "content": "mua"}, {"uid": "561780", "content": "mua!"}, {"uid": "259969611", "content": "速来啵啵"}, {"uid": "411689773", "content": "她是不是喜欢我不好意思说出来，就是这样，她喜欢我"}, {"uid": "294464633", "content": "她心里有我"}, {"uid": "920972", "content": "awsl"}, {"uid": "275515", "content": "suki"}, {"uid": "334926483", "content": "awsl"}, {"uid": "334926483", "content": "mua~"}, {"uid": "5368728", "content": "我DNA动了"}, {"uid": "46989751", "content": "拉拉人探头"}, {"uid": "25806860", "content": "诶"}, {"uid": "380579099", "content": "双厨炸裂"}, {"uid": "380579099", "content": "！！！！！？？？！？？是sh！！！！！"}, {"uid": "94624689", "content": "桃子"}, {"uid": "286659008", "content": "awsl"}, {"uid": "4661588", "content": "好听"}, {"uid": "179702049", "content": "？？？？？"}, {"uid": "543281738", "content": "TODOKETE"}, {"uid": "249582751", "content": "摇起来了！"}, {"uid": "8687067", "content": "木啊"}, {"uid": "30514029", "content": "探头探头"}, {"uid": "3844363", "content": "片头时刻——04:02"}, {"uid": "3844363", "content": "这脆声让我想起那个喝水老头"}, {"uid": "454119302", "content": "awsl"}, {"uid": "3844363", "content": "前排重要时刻提醒——08:52"}, {"uid": "285342196", "content": "awsl"}, {"uid": "440628", "content": "mua"}, {"uid": "100032699", "content": "mua"}, {"uid": "36844712", "content": "忘记拿麦清唱也很好听的Inga酱"}, {"uid": "304275", "content": "突然mua起来了"}, {"uid": "405142", "content": "Awsl"}, {"uid": "328422", "content": "啊我死啦！"}, {"uid": "19585207", "content": "2021年还能听到sh属实好耶"}, {"uid": "83295092", "content": "卧槽"}, {"uid": "482927152", "content": "妈妈我恋爱了！"}, {"uid": "3579588", "content": "mua！"}, {"uid": "13223218", "content": "？？？？？"}]