[{"uid": "95803238", "content": "草"}, {"uid": "466897", "content": "推荐郭杰瑞"}, {"uid": "456452681", "content": "哈哈哈哈报复心极强"}, {"uid": "450598175", "content": "咲↑宝↓"}, {"uid": "180437615", "content": "。。"}, {"uid": "33118709", "content": "“要问我是谁”"}, {"uid": "22872396", "content": "DNA转录完成"}, {"uid": "473376930", "content": "草"}, {"uid": "73449836", "content": "文化冲击"}, {"uid": "20148515", "content": "连夜逃离"}, {"uid": "431778772", "content": "草"}, {"uid": "431778772", "content": "《友善的评论》"}, {"uid": "23371852", "content": "朗朗上口"}, {"uid": "407277552", "content": "首页看到木果大佬的live2d了hhh"}, {"uid": "8288159", "content": "哈哈哈哈哈"}, {"uid": "171991910", "content": "此人报复心极强"}, {"uid": "171991910", "content": "姐 妹 情 深"}, {"uid": "740561", "content": "草"}, {"uid": "38157274", "content": "几岁啊kora！"}, {"uid": "185951800", "content": "我骂我自己"}, {"uid": "131566154", "content": "绯红之王"}, {"uid": "402482140", "content": "干嘛好苏啊"}, {"uid": "33660", "content": "来我家，我家还蛮大的"}, {"uid": "24610442", "content": "听起来还有点陕西口音?"}, {"uid": "279241258", "content": "草"}, {"uid": "86915356", "content": "草"}, {"uid": "86915356", "content": "草"}, {"uid": "10910103", "content": "经典小学生"}, {"uid": "10910103", "content": "小学生开始了"}, {"uid": "2992249", "content": "hhhhhhhhhhhhh"}, {"uid": "2992249", "content": "哈哈哈哈哈哈哈哈哈哈哈哈"}, {"uid": "2992249", "content": "hhhhhhhhhhh"}, {"uid": "178445390", "content": "哈哈哈哈哈"}, {"uid": "8743833", "content": "草"}, {"uid": "1402682786", "content": "独轮车模式"}, {"uid": "25903775", "content": "哈哈哈哈"}, {"uid": "8121571", "content": "每条都发可还行"}, {"uid": "10579112", "content": "hhhhhhh"}, {"uid": "397835007", "content": "正所谓天上龙肉地下驴肉"}, {"uid": "436632625", "content": "草"}, {"uid": "436632625", "content": "《发个友善的弹幕》"}, {"uid": "127876", "content": "草"}, {"uid": "34839741", "content": "淦！"}, {"uid": "12598613", "content": "草"}, {"uid": "12598613", "content": "妙啊"}, {"uid": "12598613", "content": "哈哈哈哈哈哈"}, {"uid": "12598613", "content": "辣龙哈哈哈"}, {"uid": "12598613", "content": "震撼因果一整年"}, {"uid": "470128546", "content": "不要带坏外国友人"}, {"uid": "480362513", "content": "经  典  永  流  传"}, {"uid": "480362513", "content": "“辣鸡”“辣龙”“辣鸡龙”草"}, {"uid": "480362513", "content": "手   动   循   环"}, {"uid": "23346132", "content": "名场面"}, {"uid": "2761686", "content": "草"}, {"uid": "15062319", "content": "友善的评论"}, {"uid": "89739012", "content": "草"}, {"uid": "439834591", "content": "草"}, {"uid": "18226", "content": "梅开二度"}, {"uid": "18226", "content": "妙啊"}, {"uid": "107855034", "content": "妙啊"}, {"uid": "107855034", "content": "记仇。GIF"}, {"uid": "33935601", "content": "草"}, {"uid": "11326106", "content": "草"}, {"uid": "761900", "content": "?"}, {"uid": "359452903", "content": "眼皮跳了"}, {"uid": "172917961", "content": "遥问卧石碎，卧石达春绿"}, {"uid": "27838239", "content": "小学生行为哈哈哈哈"}, {"uid": "27838239", "content": "小学生inga哈哈哈哈"}, {"uid": "8130169", "content": "震撼孩子一万年"}, {"uid": "153338083", "content": "报复心极强"}, {"uid": "153338083", "content": "手法逐渐暴躁"}, {"uid": "153338083", "content": "生活不易"}, {"uid": "6361313", "content": "达成同步"}, {"uid": "3567769", "content": "草"}, {"uid": "20721007", "content": "草"}, {"uid": "397639442", "content": "乳龙切片还得看相麻"}, {"uid": "85362522", "content": "這個幹嘛實在太可愛了"}, {"uid": "1456269886", "content": "幹干赣贛凎"}, {"uid": "30735542", "content": "《友善的评论》"}, {"uid": "200627809", "content": "哈哈哈哈哈哈哈哈"}, {"uid": "17784911", "content": "草"}, {"uid": "389736910", "content": "不忘初心"}, {"uid": "389736910", "content": "草"}, {"uid": "3773507", "content": "哈哈哈哈哈哈哈哈哈"}, {"uid": "166649770", "content": "草"}, {"uid": "776496", "content": "几岁了？"}, {"uid": "30514029", "content": "哈哈哈哈哈哈哈哈"}, {"uid": "310814619", "content": "这都从哪学的"}, {"uid": "2629851", "content": "草"}, {"uid": "2629851", "content": "妙啊"}, {"uid": "5043517", "content": "“友善的评论”"}, {"uid": "2471425", "content": "发一条友善的评论（"}, {"uid": "1949296", "content": "草根持性A+++"}, {"uid": "623336", "content": "来了来了！"}, {"uid": "623336", "content": "报复心太强了！"}, {"uid": "13607095", "content": "《你播不出来》"}, {"uid": "23142996", "content": "草"}, {"uid": "23142996", "content": "吊图一堆"}, {"uid": "12754387", "content": "亚 马 孙 浣 熊"}, {"uid": "12754387", "content": "会走大路的鉴浣熊"}, {"uid": "18208014", "content": "坏坏驴宝 好可爱"}, {"uid": "18147117", "content": "“我应该没打错，她应该能看懂”"}, {"uid": "13728504", "content": "草"}, {"uid": "159605225", "content": "一遍学会"}, {"uid": "36273074", "content": "骑脸输出"}, {"uid": "34706925", "content": "杀戮的欲望正在高涨"}, {"uid": "11019692", "content": "姐妹情深"}, {"uid": "32423963", "content": "离谱"}, {"uid": "214456198", "content": "草"}, {"uid": "34959019", "content": "报复心极强"}, {"uid": "30331603", "content": "生活不易，妹妹叹气"}, {"uid": "240626042", "content": "哈哈哈哈哈哈哈哈"}, {"uid": "188206", "content": "血压激增"}, {"uid": "54837818", "content": "互相anti"}, {"uid": "171404350", "content": "笑声逐渐放肆"}, {"uid": "105631096", "content": "？？？"}, {"uid": "14304", "content": "在找搬家目的地"}, {"uid": "36769691", "content": "草"}, {"uid": "100840859", "content": "卡兹视角"}, {"uid": "305617742", "content": "草"}, {"uid": "384008497", "content": "这个女人惹不得.jpg"}, {"uid": "99655964", "content": "inga吓崩了"}, {"uid": "36118032", "content": "草"}, {"uid": "387017799", "content": "草"}, {"uid": "36118032", "content": "草"}, {"uid": "281462088", "content": "想起来了，在现场"}, {"uid": "26797237", "content": "记仇.jpg"}, {"uid": "2243150", "content": "地 毯 轰 炸"}, {"uid": "401099828", "content": "妙啊"}, {"uid": "401099828", "content": "辣龙卫条（错乱）"}, {"uid": "401099828", "content": "辣鸡草"}, {"uid": "526053023", "content": "孩子都吓傻了"}, {"uid": "304275", "content": "2333333"}, {"uid": "45318347", "content": "妙蛙"}, {"uid": "216039", "content": "在现场，多次处刑"}, {"uid": "216039", "content": "哈哈哈"}, {"uid": "2083894954", "content": "禁止套娃"}, {"uid": "2571678", "content": "草，就离谱"}, {"uid": "8063179", "content": "憨憨的表情"}, {"uid": "23714337", "content": "草"}, {"uid": "33118709", "content": "“俺没有文化”"}, {"uid": "293802639", "content": "我常常帮助一些翘家的人"}, {"uid": "2992249", "content": "哈哈哈哈哈哈哈哈哈哈哈哈哈哈"}, {"uid": "10650378", "content": "草"}, {"uid": "430552726", "content": "极其记仇"}, {"uid": "27838239", "content": "《琅 琅 上 口》"}, {"uid": "11300145", "content": "她上头了"}, {"uid": "11019692", "content": "报复心极强"}, {"uid": "1587302", "content": "血压拉满"}, {"uid": "67811612", "content": "跟着摇这里也太可爱了吧！！！！"}, {"uid": "37849039", "content": "报复心极强"}, {"uid": "129001766", "content": "寻找自己的家"}, {"uid": "8280404", "content": "谷歌地球2333"}, {"uid": "102328199", "content": "报复心极强"}, {"uid": "281462088", "content": "反复播放哈哈哈"}, {"uid": "2243150", "content": "《我要搬家》"}, {"uid": "401099828", "content": "屑"}, {"uid": "304275", "content": "震撼浣熊"}, {"uid": "52427766", "content": "草"}, {"uid": "23371852", "content": "哈哈哈哈哈哈哈"}, {"uid": "15671027", "content": "疯狂报复的因果2333"}, {"uid": "479812", "content": "还会唱"}, {"uid": "78091670", "content": "哈哈哈哈哈哈"}, {"uid": "25903775", "content": "挨个妙啊"}, {"uid": "12598613", "content": "哈哈哈哈哈哈哈哈哈哈"}, {"uid": "384796790", "content": "哈哈哈哈哈哈哈"}, {"uid": "107855034", "content": "朗朗上口"}, {"uid": "9846384", "content": "哈哈哈哈哈哈"}, {"uid": "172917961", "content": "卧梅幽闻花，暗自伤恨低"}, {"uid": "31029281", "content": "草"}, {"uid": "9602615", "content": "你是小学生么！？"}, {"uid": "8130169", "content": "浣熊停止了思考"}, {"uid": "7770107", "content": "震撼浣熊"}, {"uid": "159605225", "content": "震惊驴宝"}, {"uid": "11019692", "content": "经典"}, {"uid": "474019100", "content": "她上头了"}, {"uid": "14304", "content": "嘴合不上了"}, {"uid": "13317995", "content": "这就是驴子的报复心么？"}, {"uid": "254920", "content": "搬家骡儿(啊，不对，是驴"}, {"uid": "589879888", "content": "哈哈哈哈哈哈哈"}, {"uid": "26797237", "content": "浣熊迁徙"}, {"uid": "526053023", "content": "你给路带哟"}, {"uid": "45318347", "content": "报复心极强"}, {"uid": "2699074", "content": "目瞪口呆"}, {"uid": "14011517", "content": "这是什么软件呀"}, {"uid": "2320259", "content": "搬家骡儿"}, {"uid": "180437615", "content": "。。"}, {"uid": "234792908", "content": "这耳朵和角重合毫无违和感"}, {"uid": "490322991", "content": "哈哈哈哈哈哈"}, {"uid": "102887104", "content": "夺笋呐"}, {"uid": "86915356", "content": "草"}, {"uid": "25903775", "content": "上头了"}, {"uid": "430552726", "content": "《好妹妹》"}, {"uid": "470128546", "content": "好可爱"}, {"uid": "318161777", "content": "三回啊三回"}, {"uid": "17784911", "content": "来了来了"}, {"uid": "16938711", "content": "姐不至于"}, {"uid": "10042939", "content": "哈哈哈"}, {"uid": "31498", "content": "大的要来了"}, {"uid": "3162178", "content": "疯狂报复"}, {"uid": "8988076", "content": "摇起来了"}, {"uid": "34703702", "content": "搬到一个叫黔的地方"}, {"uid": "229871483", "content": "停止思考"}, {"uid": "348473219", "content": "梅开5度？"}, {"uid": "2360303", "content": "手摇车"}, {"uid": "434034210", "content": "摇起来了哈哈哈"}, {"uid": "2243150", "content": "她摇起来了"}, {"uid": "326329775", "content": "手摇车？"}, {"uid": "304275", "content": "咲宝23333"}, {"uid": "9111377", "content": "太anti了草"}, {"uid": "5598346", "content": "草"}, {"uid": "107639295", "content": "哈哈哈哈哈哈"}, {"uid": "293945898", "content": "这是我的逃跑路线！"}, {"uid": "7494010", "content": "哈哈哈哈哈"}, {"uid": "11107143", "content": "妙呀"}, {"uid": "10579112", "content": "草草草"}, {"uid": "2907196", "content": "太坏了"}, {"uid": "36324515", "content": "到夏威夷了嗷"}, {"uid": "23142996", "content": "三回啊三回"}, {"uid": "11019692", "content": "三回啊三回"}, {"uid": "11019692", "content": "好家伙"}, {"uid": "401099828", "content": "草"}, {"uid": "401099828", "content": "草"}, {"uid": "15588298", "content": "草"}, {"uid": "347157328", "content": "？这是在寻找逃跑路线吗"}, {"uid": "13317995", "content": "摇起来了"}, {"uid": "33750245", "content": "挖三填一"}, {"uid": "33118709", "content": "“一头大蠢驴”"}, {"uid": "181250015", "content": "给你挖个三室一厅"}, {"uid": "15671027", "content": "“好姐妹”"}, {"uid": "278777", "content": "草"}, {"uid": "293945898", "content": "反复处刑"}, {"uid": "473841190", "content": "来了"}, {"uid": "86915356", "content": "哈哈哈哈"}, {"uid": "414289943", "content": "草"}, {"uid": "414289943", "content": "草"}, {"uid": "25903775", "content": "哈哈哈"}, {"uid": "595253145", "content": "暗石透春绿"}, {"uid": "20918656", "content": "太憨了"}, {"uid": "430552726", "content": "哈哈哈哈"}, {"uid": "3924121", "content": "哈哈哈"}, {"uid": "620964641", "content": "哈哈哈哈哈哈哈哈"}, {"uid": "107855034", "content": "草"}, {"uid": "10990915", "content": "Skr "}, {"uid": "60296070", "content": "越想越气"}, {"uid": "8130169", "content": "哈哈哈哈"}, {"uid": "27683485", "content": "哈哈哈哈哈哈"}, {"uid": "334926483", "content": "草"}, {"uid": "489629463", "content": "哈哈哈哈"}, {"uid": "4656551", "content": "可爱"}, {"uid": "188206", "content": "噗"}, {"uid": "474019100", "content": "孩子傻了"}, {"uid": "6569636", "content": "绯红之王"}, {"uid": "36769691", "content": "草"}, {"uid": "3222240", "content": "血压高"}, {"uid": "33070805", "content": "草"}, {"uid": "281462088", "content": "哈哈哈哈"}, {"uid": "434034210", "content": "摇起来嗨起来"}, {"uid": "281462088", "content": "模型卡住了"}, {"uid": "2243150", "content": "天 资 聪 颖"}, {"uid": "887949", "content": "草"}, {"uid": "178445390", "content": "哈哈哈哈"}, {"uid": "414289943", "content": "草起来了"}, {"uid": "414289943", "content": "草"}, {"uid": "296874250", "content": "五子登科"}, {"uid": "2706845", "content": "xswl"}, {"uid": "430552726", "content": "草"}, {"uid": "12598613", "content": "太草了"}, {"uid": "470128546", "content": "受不了，太土了"}, {"uid": "470128546", "content": "草"}, {"uid": "384796790", "content": "咲宝"}, {"uid": "39554268", "content": "草"}, {"uid": "107855034", "content": "inga小学生"}, {"uid": "84240", "content": "机师紧急脱仓"}, {"uid": "94840465", "content": "太解压了"}, {"uid": "49974873", "content": "saki圣经"}, {"uid": "110540829", "content": "马上就到你家门口"}, {"uid": "27166378", "content": "？"}, {"uid": "19845476", "content": "你给路大有"}, {"uid": "6071825", "content": "草"}, {"uid": "66751643", "content": "草"}, {"uid": "30514029", "content": "上头了"}, {"uid": "23142996", "content": "孩子傻了"}, {"uid": "11019692", "content": "草"}, {"uid": "32423963", "content": "草"}, {"uid": "30514029", "content": "草"}, {"uid": "21550586", "content": "洞挖好了，来吧"}, {"uid": "63618856", "content": "6666666"}, {"uid": "229871483", "content": "血压高"}, {"uid": "129001766", "content": "哈哈哈哈哈哈哈哈哈哈"}, {"uid": "348473219", "content": "哈哈哈"}, {"uid": "102328199", "content": "草"}, {"uid": "415382982", "content": "草"}, {"uid": "20912577", "content": "草"}, {"uid": "133891637", "content": "土土土土土"}, {"uid": "23762888", "content": "草"}, {"uid": "52427766", "content": "草"}, {"uid": "52809560", "content": "马上到你家门口"}, {"uid": "430099272", "content": "淦"}, {"uid": "12279493", "content": "草"}, {"uid": "15568897", "content": "百驴 粉驴 因果驴"}, {"uid": "414289943", "content": "凉了"}, {"uid": "79589546", "content": "草"}, {"uid": "262330488", "content": "最草的是最后的傻笑"}, {"uid": "153338083", "content": "沉默"}, {"uid": "13667797", "content": "cao草"}, {"uid": "1914968", "content": "草"}, {"uid": "27166378", "content": "草"}, {"uid": "13728504", "content": "草"}, {"uid": "34235927", "content": "啊这"}, {"uid": "105631096", "content": "气"}, {"uid": "85113266", "content": "草"}, {"uid": "36118032", "content": "草"}, {"uid": "274893769", "content": "草"}, {"uid": "23762888", "content": "哈哈哈哈哈"}, {"uid": "241645276", "content": "草"}, {"uid": "1596732", "content": "草"}, {"uid": "414868179", "content": "草"}, {"uid": "10579112", "content": "草"}, {"uid": "25903775", "content": "草"}, {"uid": "25903775", "content": "草"}, {"uid": "10579112", "content": "草"}, {"uid": "10579112", "content": "草"}, {"uid": "384796790", "content": "？？？？？？？？"}, {"uid": "163281", "content": "草"}, {"uid": "175360800", "content": "草"}, {"uid": "49563049", "content": "xswl"}, {"uid": "20721007", "content": "草"}, {"uid": "27166378", "content": "？"}, {"uid": "226824908", "content": "？"}, {"uid": "166649770", "content": "草"}, {"uid": "23142996", "content": "草"}, {"uid": "11019692", "content": "草"}, {"uid": "105631096", "content": "66"}, {"uid": "443529239", "content": "草"}, {"uid": "7054092", "content": "笑死"}, {"uid": "7054092", "content": "草"}, {"uid": "2360303", "content": "老大哥是秃驴("}, {"uid": "482927152", "content": "憨憨ww"}, {"uid": "23762888", "content": "哈哈哈哈哈哈哈哈"}, {"uid": "9272615", "content": "草"}, {"uid": "52528601", "content": "离谱"}, {"uid": "8130169", "content": "草"}, {"uid": "23274551", "content": "草"}, {"uid": "129001766", "content": "草"}, {"uid": "313755512", "content": ".                                                  摇起来了→"}, {"uid": "2992249", "content": "哈哈哈哈哈哈哈哈哈哈哈哈哈摇起来了"}, {"uid": "11417543", "content": "哈哈哈哈哈哈哈哈哈哈哈哈哈哈哈哈哈"}, {"uid": "20526247", "content": "噗哈哈哈哈哈哈鹅鹅鹅鹅鹅鹅鹅鹅鹅鹅鹅鹅"}, {"uid": "36844712", "content": "不至于不至于不至于hhhhhhh"}]