[{"uid": "28592724", "content": "好听"}, {"uid": "3249597", "content": "應該是唱累了qq"}, {"uid": "6263507", "content": "确实感觉缺气2333333"}, {"uid": "1275479", "content": "不错"}, {"uid": "13810264", "content": "驴小姐，我是你的粉丝啊！（飞踢"}, {"uid": "8749133", "content": "可动性超强"}, {"uid": "420302", "content": "哪个摇（狗头）"}, {"uid": "8284532", "content": "因果可爱"}, {"uid": "8284532", "content": "站长狂喜"}, {"uid": "226824908", "content": "这个摇就很p家"}, {"uid": "483287087", "content": "好听！"}, {"uid": "328422", "content": "双倍快乐～"}, {"uid": "348834127", "content": "@bishi"}, {"uid": "68112447", "content": "太强了"}, {"uid": "23277060", "content": "摇的好带感！"}, {"uid": "70528059", "content": "OTO摇。。"}, {"uid": "3900958", "content": "除了气稍微有点短以外，完美"}, {"uid": "230721", "content": "摇来摇去"}, {"uid": "38550786", "content": "好晃啊"}, {"uid": "8605613", "content": "她好会扭阿"}, {"uid": "441353269", "content": "确实好听！！！"}, {"uid": "13869877", "content": "第一！！！！！！！"}, {"uid": "15524749", "content": "\\inga/\\inga/\\inga/"}]