[{"uid": "22858725", "content": "太好听了"}, {"uid": "188206", "content": "好厉害"}, {"uid": "23001624", "content": "好听"}, {"uid": "38550786", "content": "wtm融化了"}, {"uid": "10137826", "content": "驴，驴，驴"}, {"uid": "32138296", "content": "好听！！！驴宝加油！！！"}, {"uid": "11326106", "content": "这浣熊不得了"}, {"uid": "11326106", "content": "这字幕强啊"}, {"uid": "262284680", "content": "好听啊"}, {"uid": "11202855", "content": "太棒了"}, {"uid": "280383681", "content": "少拿原唱骗我"}, {"uid": "39970468", "content": "Kksk"}, {"uid": "25746317", "content": "woc开口脆"}, {"uid": "362109515", "content": "好听！"}, {"uid": "440628", "content": "好听好听好听"}, {"uid": "434340", "content": "ao听"}, {"uid": "439299737", "content": "好耶！"}, {"uid": "2102830", "content": "标准的离谱"}, {"uid": "348834127", "content": "爱上你的时候还不懂gachi"}, {"uid": "7639222", "content": "驴~！！"}, {"uid": "3690746", "content": "绷不住了（梗来源：inga）"}, {"uid": "12754387", "content": "awsl"}, {"uid": "20261384", "content": "？卧槽，这么好听"}, {"uid": "397418288", "content": "bon 不jour 了"}, {"uid": "216875", "content": "唱的好棒啊"}, {"uid": "30982451", "content": "驴宝唱歌真的好听"}, {"uid": "2977464", "content": "开幕绷不住"}, {"uid": "242241190", "content": "好听！"}, {"uid": "3567769", "content": "awsl"}, {"uid": "2951804", "content": "好耶！甄哥的歌多来点"}, {"uid": "291031618", "content": "aswl"}, {"uid": "2758221", "content": "首页通知书"}, {"uid": "76008309", "content": "好标准的驴"}, {"uid": "188206", "content": "绷不住了"}, {"uid": "11491576", "content": "awsl"}, {"uid": "6195552", "content": "特效字幕厉害了"}, {"uid": "30070758", "content": "与驴相遇"}, {"uid": "188206", "content": "惊了，原唱！"}, {"uid": "30982451", "content": "哇哦"}, {"uid": "2907196", "content": "字幕厉害了"}, {"uid": "241645276", "content": "\\Inga/"}, {"uid": "482418468", "content": "好听！！"}, {"uid": "30982451", "content": "ohhhhh"}, {"uid": "7379461", "content": "11分钟热乎"}, {"uid": "38550786", "content": "太强了"}, {"uid": "28020815", "content": "好运来"}, {"uid": "473841190", "content": "好耶"}, {"uid": "1337044", "content": "哇哦"}, {"uid": "23001624", "content": "好听！！"}, {"uid": "19965286", "content": "爱了爱了"}, {"uid": "23001624", "content": "好棒"}, {"uid": "23001624", "content": "awsl"}, {"uid": "9872808", "content": "awsl"}, {"uid": "17736801", "content": "好听！"}, {"uid": "2126522389", "content": "绷不住了"}, {"uid": "11202855", "content": "太棒了"}, {"uid": "42260922", "content": "awsl"}, {"uid": "3201514", "content": "这真的不是中国人吗。。。。"}, {"uid": "8364557", "content": "字幕牛逼"}, {"uid": "22930050", "content": "KKSK"}, {"uid": "354871", "content": "awsl"}, {"uid": "354871", "content": "草"}, {"uid": "10435989", "content": "awsl"}, {"uid": "3800057", "content": "好听"}, {"uid": "33902337", "content": "awsl"}, {"uid": "66562", "content": "蚌埠住了"}, {"uid": "23170690", "content": "！"}, {"uid": "4025431", "content": "tql"}, {"uid": "5785365", "content": "\\inga/\\inga/\\inga/"}, {"uid": "401092660", "content": "\\inga/\\inga/\\inga/"}, {"uid": "401092660", "content": "\\inga/\\inga/\\inga/"}, {"uid": "401092660", "content": "\\inga/\\inga/\\inga/"}, {"uid": "25806860", "content": "\\Inga/\\Inga/\\Inga/\\Inga/\\Inga/"}]