[{"uid": "11856826", "content": "兔兔真不會玩"}, {"uid": "11856826", "content": "狼人殺死者確實不能做討論"}, {"uid": "11856826", "content": "BT永遠的神"}, {"uid": "11856826", "content": "三月是真的慘"}, {"uid": "11856826", "content": "原來saki是在這學的"}, {"uid": "17923489", "content": "剪辑师加鸡腿"}, {"uid": "6548309", "content": "《我在等CD 你在等什么》"}, {"uid": "6548309", "content": "《我在等CD 你在等什么？》"}, {"uid": "419195606", "content": "生草的场面"}, {"uid": "20743803", "content": "这个五颜六色的哈哈哈"}, {"uid": "38295997", "content": "踩点了"}, {"uid": "38295997", "content": "因果：外面的世界太喧闹"}, {"uid": "10830153", "content": "哈哈哈哈哈"}, {"uid": "50258975", "content": "剪辑men给你加鸡腿"}, {"uid": "50258975", "content": "?!"}, {"uid": "50258975", "content": "哈哈哈"}, {"uid": "50258975", "content": "哈哈哈哈哈哈哈哈哈哈!!!"}, {"uid": "50258975", "content": "哈哈哈哈哈哈"}, {"uid": "51147353", "content": "斯巴拉西诺塞开一诺穷诺看白"}, {"uid": "51147353", "content": "斯巴拉西诺塞开一诺穷诺砍白"}, {"uid": "26246979", "content": "带孝女"}, {"uid": "16288724", "content": "中之人F91"}, {"uid": "500644192", "content": "《完全理解》"}, {"uid": "500644192", "content": "这个音乐，刀客塔原地愣住"}, {"uid": "500644192", "content": "京华好温柔啊"}, {"uid": "500644192", "content": "哈哈哈哈哈哈哈哈哈哈哈哈，新用途找到了"}, {"uid": "500644192", "content": "哈哈哈哈哈哈哈哈哈哈哈哈"}, {"uid": "15784954", "content": "这期剪辑太强了"}, {"uid": "8538867", "content": "好剪辑"}, {"uid": "383084364", "content": "燃起来力"}, {"uid": "383084364", "content": "草"}, {"uid": "300232681", "content": "哈哈哈哈哈哈哈哈哈哈哈"}, {"uid": "11308341", "content": "草哈哈哈哈"}, {"uid": "11308341", "content": "草"}, {"uid": "22311708", "content": "龟龟 老大哥巴别塔竖起来了"}, {"uid": "432135", "content": "剪辑 man yyds"}, {"uid": "512770", "content": "跑起来了"}, {"uid": "9028227", "content": "草"}, {"uid": "9028227", "content": "哈哈哈哈"}, {"uid": "600274002", "content": "帅啊"}, {"uid": "246633442", "content": "结束了，大家、"}, {"uid": "36847182", "content": "他说可以上了"}, {"uid": "4861566", "content": "草"}, {"uid": "402482140", "content": "哈哈哈哈哈"}, {"uid": "402482140", "content": "哈哈哈哈哈哈"}, {"uid": "20157703", "content": "噗"}, {"uid": "20157703", "content": "ohhhhhhh"}, {"uid": "20157703", "content": "噗哈哈哈哈哈哈"}, {"uid": "20157703", "content": "噗哈哈哈哈哈哈"}, {"uid": "20157703", "content": "噗哈哈哈哈哈哈"}, {"uid": "29212711", "content": "灭霸"}, {"uid": "489573197", "content": "突然平静"}, {"uid": "252084554", "content": "草"}, {"uid": "431778772", "content": "哈哈哈哈哈哈哈哈哈哈哈"}, {"uid": "431778772", "content": "草，莫名想笑"}, {"uid": "231667339", "content": "绝杀《这个有时间吗》"}, {"uid": "231667339", "content": "锤宝死因《因果刚学会走路》"}, {"uid": "22768564", "content": "草"}, {"uid": "541405", "content": "妹啊，你直接跑路啊！他们视野没那么大的啊！"}, {"uid": "20200533", "content": "她们听出来了，故意没投因果"}, {"uid": "23874332", "content": "这都能输啊草"}, {"uid": "164931", "content": "草了wwwww"}, {"uid": "164931", "content": "哈哈哈哈哈哈哈哈哈"}, {"uid": "300775796", "content": "卧龙凤雏"}, {"uid": "343616", "content": "？"}, {"uid": "343616", "content": "草"}, {"uid": "343616", "content": "哈哈哈哈哈哈哈哈哈哈n"}, {"uid": "74108438", "content": "草"}, {"uid": "445721370", "content": "草，血压上来了"}, {"uid": "445721370", "content": "我只觉得他们吵闹.jpg"}, {"uid": "15027139", "content": "哈哈哈哈，只有从老大哥那薅下来的尾巴"}, {"uid": "662365", "content": "草"}, {"uid": "357274793", "content": "这期剪辑很强啊"}, {"uid": "234559312", "content": "哈哈哈哈或"}, {"uid": "410284136", "content": "负负得正了"}, {"uid": "232069836", "content": "再见了父亲，还有我的懦弱"}, {"uid": "194351048", "content": "inga孙哥说"}, {"uid": "334926483", "content": "草"}, {"uid": "334926483", "content": "23333"}, {"uid": "154093980", "content": "谋  权  篡  位"}, {"uid": "154093980", "content": "遗.传学"}, {"uid": "393294", "content": "我在等cd 你在等什么？"}, {"uid": "393294", "content": "ohhhhhhhhhhh"}, {"uid": "393294", "content": "蝎子直接变好人了 草"}, {"uid": "12326867", "content": "卡其脱离太"}, {"uid": "207613158", "content": "哈？"}, {"uid": "207613158", "content": "锤子：被发现了"}, {"uid": "11022578", "content": "不能说长得般配只能说一模一样"}, {"uid": "23559224", "content": "发鸡腿了"}, {"uid": "42337388", "content": "inga真傻"}, {"uid": "42337388", "content": "T_T"}, {"uid": "2019321", "content": "燃灯古佛"}, {"uid": "48661581", "content": "草"}, {"uid": "14234348", "content": "肝疼起来"}, {"uid": "14234348", "content": "啊，这"}, {"uid": "14234348", "content": "草"}, {"uid": "88154", "content": "大制作"}, {"uid": "227530491", "content": "草"}, {"uid": "227530491", "content": "草"}, {"uid": "200627809", "content": "hhhhhc"}, {"uid": "1851362", "content": "黑白无常？"}, {"uid": "3567769", "content": "错付了"}, {"uid": "3567769", "content": "自曝"}, {"uid": "3567769", "content": "ohhhhhhhhhhhhh"}, {"uid": "3567769", "content": "？？？？？？？？？？？"}, {"uid": "365330975", "content": "bgm：prayer x"}, {"uid": "3286613", "content": "King Gnu - Prayer X"}, {"uid": "76382754", "content": "bgm？"}, {"uid": "76382754", "content": "八爷，好耶"}, {"uid": "561780", "content": "妹啊你是浣熊不是土拨鼠啊"}, {"uid": "53757020", "content": "pro啊"}, {"uid": "14655580", "content": "哈哈哈哈哈"}, {"uid": "14655580", "content": "哈哈哈哈哈"}, {"uid": "8678117", "content": "最后这段放开头不好吗"}, {"uid": "3938997", "content": "大聪明"}, {"uid": "60874", "content": "我在等CD你在等什么"}, {"uid": "5320013", "content": "片尾放开头肯定能吸引更多人看的"}, {"uid": "104655981", "content": "如离去的往事般"}, {"uid": "21781204", "content": "哈哈哈哈"}, {"uid": "23714256", "content": "冬眠习性"}, {"uid": "231667339", "content": "有道理啊冰糖"}, {"uid": "1808632", "content": "哈哈哈哈哈哈哈哈哈哈"}, {"uid": "231667339", "content": "血压上来了"}, {"uid": "1808632", "content": "草"}, {"uid": "33292810", "content": "给剪辑man加鸡腿"}, {"uid": "33935601", "content": "好活"}, {"uid": "49915678", "content": "立个花"}, {"uid": "436739526", "content": "尾巴才是本体，草"}, {"uid": "38550786", "content": "加鸡腿"}, {"uid": "33292810", "content": "兔兔血压满上"}, {"uid": "38550786", "content": "啸  容"}, {"uid": "38550786", "content": "干    杯"}, {"uid": "38550786", "content": "般  配"}, {"uid": "38550786", "content": "自闭了"}, {"uid": "38550786", "content": "哈哈哈哈哈哈哈哈哈哈"}, {"uid": "181764713", "content": "《她应该不是狼》"}, {"uid": "38550786", "content": "老 实 驴"}, {"uid": "8416948", "content": "？？？？"}, {"uid": "224657804", "content": "哈哈哈哈哈哈哈"}, {"uid": "224657804", "content": "剪辑太强了！超人！！！"}, {"uid": "224657804", "content": "ohhhhhhhhhhh"}, {"uid": "73802844", "content": "剪的好棒"}, {"uid": "224657804", "content": "泪目"}, {"uid": "37012825", "content": "燃起来了"}, {"uid": "224657804", "content": "直播间原声 草"}, {"uid": "224657804", "content": "好女儿（梅开n度）"}, {"uid": "224657804", "content": "哈哈哈哈哈哈哈哈哈哈哈哈哈"}, {"uid": "224657804", "content": "好女儿"}, {"uid": "224657804", "content": "哈哈哈哈哈哈哈哈哈哈哈哈哈"}, {"uid": "224657804", "content": "草"}, {"uid": "474019100", "content": "自给自足"}, {"uid": "37012825", "content": "热 门 生 物 图 鉴"}, {"uid": "224657804", "content": "哈哈哈哈哈哈哈哈哈哈哈哈哈"}, {"uid": "859303", "content": "冬眠了"}, {"uid": "474019100", "content": "草"}, {"uid": "474019100", "content": "hhhhhh"}, {"uid": "1553420", "content": "有股阿尔贝莱特的"}, {"uid": "216875", "content": "哈哈哈哈 没得洗"}, {"uid": "7639222", "content": "绝活"}, {"uid": "51198294", "content": "哈哈哈"}, {"uid": "474019100", "content": "草"}, {"uid": "388155", "content": "这就是神探吗"}, {"uid": "193573309", "content": "草"}, {"uid": "388155", "content": "草"}, {"uid": "7926861", "content": "《符合熊设》狗头"}, {"uid": "32974265", "content": "剪的太好了吧"}, {"uid": "5582949", "content": "强烈对比"}, {"uid": "13304359", "content": "开 幕 锤 击"}, {"uid": "8687067", "content": "哈哈哈"}, {"uid": "24037431", "content": "inga断开链接"}, {"uid": "22244376", "content": "少条小银龙"}, {"uid": "13159942", "content": "高技术力"}, {"uid": "351731484", "content": "overidea的末路"}, {"uid": "428164", "content": "《全员恶人》"}, {"uid": "33026756", "content": "草"}, {"uid": "6221030", "content": "哈哈哈哈哈哈"}, {"uid": "306212", "content": "剪得太好了，哭了"}, {"uid": "414422", "content": "啊这。。。"}, {"uid": "13159942", "content": "我在等双刀，你们在等什么"}, {"uid": "13159942", "content": "哈哈哈哈哈"}, {"uid": "7909650", "content": "哈哈哈哈哈哈哈"}, {"uid": "306212", "content": "哈哈哈哈哈  笨笨兔"}, {"uid": "5320013", "content": "我在洞里"}, {"uid": "131962", "content": "发出丧心病狂的笑声www"}, {"uid": "3938997", "content": "二刀一就赢了"}, {"uid": "33026756", "content": "哈哈哈"}, {"uid": "266770035", "content": "这两人在送"}, {"uid": "266770035", "content": "哈哈哈哈哈哈哈哈哈哈"}, {"uid": "14660662", "content": "梅开二度"}, {"uid": "14660662", "content": "当面杀人哈哈哈哈"}, {"uid": "28954108", "content": "草"}, {"uid": "266770035", "content": "草"}, {"uid": "14601174", "content": "黑  白  双  傻"}, {"uid": "6221030", "content": "？？？"}, {"uid": "223574323", "content": "纪代因果_Inga---驴宝"}, {"uid": "393294", "content": "哈哈哈哈哈哈哈哈哈哈或"}, {"uid": "427507", "content": "热闹都是她们的（"}, {"uid": "3113532", "content": "哈哈哈哈哈哈哈"}, {"uid": "24971901", "content": "你俩闹呢？"}, {"uid": "3567769", "content": "哈哈哈哈哈哈哈哈哈哈哈哈"}, {"uid": "3567769", "content": "哈哈哈哈哈哈哈哈哈哈哈哈哈"}, {"uid": "561780", "content": "小果给她整个活"}, {"uid": "10890200", "content": "老大哥，拿下"}, {"uid": "306212", "content": "头都笑掉了"}, {"uid": "11308341", "content": "哈哈哈哈哈"}, {"uid": "85716569", "content": "怎么一只兔子和一只鸟生了只猫"}, {"uid": "117246150", "content": "哥斯拉登陆前"}, {"uid": "11022578", "content": "*你的saki突然出现*"}, {"uid": "1808632", "content": "不愧是好兄弟"}, {"uid": "13918667", "content": "有内鬼（"}, {"uid": "61014386", "content": "一人一刀就没了.."}, {"uid": "224657804", "content": "开幕锤击"}, {"uid": "10830153", "content": "哈哈哈哈哈哈"}, {"uid": "184997275", "content": "草草草"}, {"uid": "479981061", "content": "hhhc"}, {"uid": "9028227", "content": "草？？？"}, {"uid": "23874332", "content": "草"}, {"uid": "8130169", "content": "inga.exe已停止运作"}, {"uid": "88154", "content": "30御用花谱"}, {"uid": "200627809", "content": "hhhhhhhhc"}, {"uid": "1851362", "content": "冰糖好助攻"}, {"uid": "38550786", "content": "？？？？？？？、"}, {"uid": "7639222", "content": "哈哈哈"}, {"uid": "388155", "content": "草 尸块"}, {"uid": "28438107", "content": "这要冰糖也是白色就有意思了"}, {"uid": "6221030", "content": "坏女人"}, {"uid": "11856826", "content": "見father進"}, {"uid": "227475651", "content": "hhhhhhhh"}, {"uid": "393294", "content": "哈哈哈哈哈哈哈哈哈哈"}, {"uid": "135084608", "content": "就很离谱"}, {"uid": "76534164", "content": "巴别塔233333"}, {"uid": "95803238", "content": "草，为啥是花谱的歌"}, {"uid": "45373963", "content": "hhhhhhhh"}, {"uid": "50258975", "content": "哈哈哈哈哈"}, {"uid": "11563227", "content": "和我玩狼人杀的时候好像啊"}, {"uid": "4861566", "content": "草"}, {"uid": "20157703", "content": "哈哈哈"}, {"uid": "431778772", "content": "哈哈哈哈哈哈哈哈哈"}, {"uid": "10579112", "content": "草"}, {"uid": "15027139", "content": "哈哈哈哈哈"}, {"uid": "55455118", "content": "不愧是父女"}, {"uid": "11022578", "content": "京华直播间bgm一向很准的"}, {"uid": "8130169", "content": "相爱相杀组合"}, {"uid": "135404", "content": "哈哈哈哈哈"}, {"uid": "76382754", "content": "アイネクライネ"}, {"uid": "925980", "content": "这转圈图看得我血压高了"}, {"uid": "33292810", "content": "这咋洗"}, {"uid": "38550786", "content": "草"}, {"uid": "38550786", "content": "蠢驴"}, {"uid": "224657804", "content": "草"}, {"uid": "18139194", "content": "草"}, {"uid": "6796603", "content": "？"}, {"uid": "5485807", "content": "草"}, {"uid": "388155", "content": "哈哈哈哈"}, {"uid": "10890200", "content": "嗯，啊"}, {"uid": "50258975", "content": "哈哈哈哈哈哈"}, {"uid": "11308341", "content": "啊这"}, {"uid": "1873796", "content": "太燃了"}, {"uid": "512770", "content": "草"}, {"uid": "66827871", "content": "？？"}, {"uid": "415277174", "content": "老大哥的头怎么这么大"}, {"uid": "334926483", "content": "？？？？？"}, {"uid": "23153039", "content": "草"}, {"uid": "393294", "content": "草"}, {"uid": "2033447", "content": "哈哈哈哈哈哈"}, {"uid": "231667339", "content": "驴宝笨笨"}, {"uid": "231667339", "content": "xxbt"}, {"uid": "49915678", "content": "mmm就位"}, {"uid": "224657804", "content": "草"}, {"uid": "8687067", "content": "哈哈哈"}, {"uid": "76082817", "content": "草，30同款"}, {"uid": "16755070", "content": "听不懂了太快了"}, {"uid": "334926483", "content": "草"}, {"uid": "8130169", "content": "哼哈一将"}, {"uid": "2033447", "content": "哈哈哈哈哈哈哈"}, {"uid": "13918667", "content": "草"}, {"uid": "6096799", "content": "老内鬼了"}, {"uid": "7017723", "content": "笑死"}, {"uid": "26246979", "content": "草"}, {"uid": "6486338", "content": "mm"}, {"uid": "451773590", "content": "。"}, {"uid": "154093980", "content": "京华脑子嗡的一下哈哈哈哈哈哈哈哈"}, {"uid": "1851362", "content": "尾巴？"}, {"uid": "3567769", "content": "无了"}, {"uid": "32230553", "content": "草"}, {"uid": "925980", "content": "草"}, {"uid": "8298552", "content": "草"}, {"uid": "38550786", "content": "蠢  驴"}, {"uid": "38550786", "content": "草"}, {"uid": "474019100", "content": "血压！"}, {"uid": "7909650", "content": "快乐都是你们的，和关掉游戏的我毫无关系"}, {"uid": "434034210", "content": "？"}, {"uid": "50258975", "content": "哈哈哈哈哈!!!这情况哈哈哈哈"}, {"uid": "50258975", "content": "哈哈哈哈哈哈哈哈哈哈哈!!!!!!!!"}, {"uid": "9028227", "content": "？？？要我一直哭吗？？？？？？"}, {"uid": "224657804", "content": "哈哈哈哈哈哈哈哈哈哈哈哈哈哈哈哈哈哈哈哈哈哈哈哈哈哈"}]