[{"uid": "494002", "content": "好家伙，爱了"}, {"uid": "351521717", "content": "！"}, {"uid": "21452566", "content": "唱的太强了！！！！"}, {"uid": "11257336", "content": "因果，你就是我的朱丽叶"}, {"uid": "11202855", "content": "好听！"}, {"uid": "358231068", "content": "yesyesyes！"}, {"uid": "31321713", "content": "好听"}, {"uid": "8831022", "content": "噫，好听！"}, {"uid": "8831022", "content": "好听"}, {"uid": "5050457", "content": "好听！"}, {"uid": "21705732", "content": "\\Inga/"}, {"uid": "23207109", "content": "inga inga inga inga!!!"}, {"uid": "30162874", "content": "好听诶"}, {"uid": "39894595", "content": "唱的好标准"}, {"uid": "45029989", "content": "awsl"}, {"uid": "1397947", "content": "真好"}, {"uid": "286517710", "content": "好好听"}, {"uid": "291311858", "content": "yes！"}, {"uid": "505886677", "content": "好听"}, {"uid": "21878928", "content": "好！非常好啊！"}, {"uid": "231899078", "content": "I’m dying for not seeing Inga till 11th. Bad for me."}, {"uid": "1292223", "content": "好听"}, {"uid": "297474543", "content": "awsl"}, {"uid": "275515", "content": "太好听了不舍得发弹幕"}, {"uid": "396464817", "content": "这同传神了"}, {"uid": "429889064", "content": "都在认真听，我来组成弹幕~~~"}, {"uid": "466642", "content": "这耳朵动一下好可爱"}, {"uid": "27695286", "content": "快 回 来！！！！"}, {"uid": "8410443", "content": "开口跪"}, {"uid": "8410443", "content": "原唱？"}, {"uid": "285324153", "content": "好耶，在现场"}, {"uid": "2058506", "content": "卧槽"}, {"uid": "110129976", "content": "你怎么也摇起来了？"}, {"uid": "520021932", "content": "inga，好听！双厨狂喜"}, {"uid": "41171043", "content": "ohhh"}, {"uid": "101663666", "content": "好，我爱你"}, {"uid": "8410443", "content": "好听"}, {"uid": "357639", "content": "原声大碟"}, {"uid": "39894595", "content": "好听啊"}, {"uid": "357480741", "content": "＼Inga／＼Inga／＼Inga／＼Inga／＼Inga／"}]