[{"uid": "95801065", "content": "宝驴"}, {"uid": "23371852", "content": "情到深处自然（   ）"}, {"uid": "23371852", "content": "可恶 没币了"}, {"uid": "20035369", "content": "泪目"}, {"uid": "66827871", "content": "哭了"}, {"uid": "16956293", "content": "不用怀疑，就是哭腔"}, {"uid": "9298895", "content": "inga不哭 我们爱你"}, {"uid": "478120157", "content": "她哭了啊!"}, {"uid": "37134193", "content": "inga不哭"}, {"uid": "22588530", "content": "！！！！！！！！！！"}, {"uid": "10579112", "content": "呜呜呜呜呜呜笨笨"}, {"uid": "10579112", "content": "泪目"}, {"uid": "10464050", "content": "浣熊落泪"}, {"uid": "141178947", "content": "（；へ：）"}, {"uid": "37498399", "content": "inga最棒了，加油"}, {"uid": "93416814", "content": "inga棒棒"}, {"uid": "93416814", "content": "强强inga"}, {"uid": "32138296", "content": "笨笨驴宝呜呜呜呜"}, {"uid": "33070805", "content": "笨笨呜呜呜"}, {"uid": "400497166", "content": "江湖有幸与君识"}, {"uid": "10753670", "content": "草，被精选了"}, {"uid": "38550786", "content": "刻在DNA里的开头曲"}, {"uid": "291031618", "content": "再来一遍"}, {"uid": "100695733", "content": "我为何在哭泣"}, {"uid": "157520354", "content": "笨笨哭了吗呜呜"}, {"uid": "475059934", "content": "为什么我感觉有哭腔了"}, {"uid": "390212178", "content": "k k s k"}, {"uid": "435628439", "content": "1分钟"}, {"uid": "348594200", "content": "好耶"}, {"uid": "334890773", "content": "噢噢噢噢噢噢噢噢！！！！"}, {"uid": "359806404", "content": "好耶"}, {"uid": "40604926", "content": "好耶"}]