[{"uid": "1775298021", "content": "这是什么虎狼之词"}, {"uid": "605903864", "content": "很高兴以这种方式认识你"}, {"uid": "72504443", "content": "《生灵有倒悬之急》"}, {"uid": "53605610", "content": "很抱歉以这种方式认识你"}, {"uid": "543749068", "content": "嗝~"}, {"uid": "489489428", "content": "很高兴以这样的方式认识你（bushi）"}, {"uid": "275456638", "content": "人在地铁，开着最大声外放"}, {"uid": "566802034", "content": "其实小动物之星没穿衣服也没什么吧"}, {"uid": "612424970", "content": "这马赛克打了个寂寞"}, {"uid": "612424970", "content": "很高兴用这种方式认识你"}, {"uid": "392138787", "content": "中日语三语混合对话？这个vup有点东西"}, {"uid": "445712205", "content": "反思一下，你为什么点进来"}, {"uid": "688080404", "content": "草，大意了"}, {"uid": "514166302", "content": "吾有一友"}, {"uid": "604469621", "content": "我手下可是有40个兄弟的。简称非法组队"}, {"uid": "604469621", "content": "我每天可能是穿紫金护符的。"}, {"uid": "604469621", "content": "我将会给你们一个全新的处罚方式。"}, {"uid": "23968827", "content": "大声密谋"}, {"uid": "162570765", "content": "很遗憾用这种方式认识你（滑稽）"}, {"uid": "1822824672", "content": "电脑上叫做超级动物大逃杀,手机上叫小动物之星。"}, {"uid": "503160012", "content": "妙啊"}, {"uid": "1599868975", "content": "很抱歉以方式认识你"}, {"uid": "262209972", "content": "社霸妮妮（）"}, {"uid": "222422789", "content": "百  草  园"}, {"uid": "399282911", "content": "上海滩"}, {"uid": "32870577", "content": "好家伙，塔罗牌做出来了"}, {"uid": "474872848", "content": "一行琉璃？！"}, {"uid": "36106885", "content": "裸奔，裸跑"}, {"uid": "309571498", "content": "忘开科技"}, {"uid": "19548892", "content": "生灵有倒悬之急"}, {"uid": "34600025", "content": "落地成盒，哈哈哈哈"}, {"uid": "672595834", "content": "彩 虹 六 号：围 攻"}, {"uid": "517441785", "content": "请问刚才外放的还活着吗"}, {"uid": "481020230", "content": "都知道自己为什么进来"}, {"uid": "12598613", "content": "哈哈哈哈哈哈哈哈哈哈"}, {"uid": "2063119450", "content": "很高兴以这种方式认识你。"}, {"uid": "270158", "content": "？？？"}, {"uid": "470625156", "content": "很遗憾以这种方式认识你（doge）"}, {"uid": "19845476", "content": "啊咧咧，欧卡洗走"}, {"uid": "490633446", "content": "虎狼之词"}, {"uid": "484497490", "content": "无需反思，遵循本性"}, {"uid": "34498068", "content": "很高兴以这种方式认识你"}, {"uid": "267059887", "content": "换个姿势"}, {"uid": "21931506", "content": "FBI：OPEN THE DOOR"}, {"uid": "8984532", "content": "左下角小剧场"}, {"uid": "20526247", "content": "很高兴用这种方式认识你"}, {"uid": "436110953", "content": "反思一下你为什么点进来"}, {"uid": "17784911", "content": "草，这首歌不是给你们这样用的啊"}, {"uid": "122266793", "content": "XXXXXXXXxnxxxxxfxxxcxc"}, {"uid": "28667796", "content": "ninico 倒 骑 毛 驴"}, {"uid": "367239055", "content": "我是色皮我不反省"}, {"uid": "286659008", "content": "左下角聊起来了"}, {"uid": "3900958", "content": "上海滩"}, {"uid": "202432639", "content": "小声密谋"}, {"uid": "2191391", "content": "怪起来了"}, {"uid": "357274793", "content": "太坏了"}, {"uid": "482927152", "content": "这句是“特意来打我的吗”"}, {"uid": "38112277", "content": "很高兴以这种方式认识你"}, {"uid": "3222240", "content": "广州人表示是真的"}, {"uid": "407775985", "content": "玩个小动物之星而已动物都是裸奔"}, {"uid": "64745506", "content": "是瓜老师吗"}, {"uid": "6819689", "content": "浪里白条"}, {"uid": "35046902", "content": "草"}, {"uid": "128541", "content": "浪奔浪流"}, {"uid": "315692", "content": "这马赛克太灵性了吧"}, {"uid": "37599416", "content": "这个人明明在笑"}, {"uid": "812617", "content": "吃了文化的亏"}, {"uid": "3844363", "content": "裸奔 裸流 裸里涛涛江水永不休"}, {"uid": "401099828", "content": "好 妹 妹"}, {"uid": "401099828", "content": "看驴子的表情"}, {"uid": "6361313", "content": "我看你甚至很高兴"}, {"uid": "12326867", "content": "神髓的马赛克"}, {"uid": "13378320", "content": " 上海滩笑话"}, {"uid": "1421351969", "content": "很高兴以这种方式遇见你"}, {"uid": "671486143", "content": "吾有亿友"}, {"uid": "686961368", "content": "只要你们不害羞就行"}, {"uid": "493695366", "content": "老子凭本事刷到的"}, {"uid": "491454118", "content": "啊♂"}, {"uid": "1923818417", "content": "这马赛克打了个寂寞"}, {"uid": "92876481", "content": "很抱歉以这种方式认识你doge"}, {"uid": "1671820876", "content": "《倒骑驴》"}, {"uid": "313755512", "content": "什么虎狼之词"}, {"uid": "594423981", "content": "《他们说你喜欢这样子》"}, {"uid": "2907196", "content": "全 裸 击 剑"}, {"uid": "544482212", "content": "这个打不打马赛克都没关系"}, {"uid": "202432639", "content": "大声密谋"}, {"uid": "518503711", "content": "见色行事"}, {"uid": "472064211", "content": "真    击剑"}, {"uid": "501161500", "content": "击剑→_→"}, {"uid": "536106568", "content": "很抱歉以这种方式认识你"}, {"uid": "543859203", "content": "什么姿势？（不对劲）"}, {"uid": "516320802", "content": "虎  狼  之  词"}, {"uid": "516320802", "content": "好好想想是什么让我们在这里相遇"}, {"uid": "429760603", "content": "好好反思一下，你为什么点进来"}, {"uid": "30006548", "content": "很高兴用这种方式认识你"}, {"uid": "1504827", "content": "很抱歉以这种方式认识你doge"}, {"uid": "24977872", "content": "在现场，但是我还是点进来了"}, {"uid": "32974265", "content": "有倒悬之急"}, {"uid": "612424970", "content": "这都是什么虎狼之词？"}, {"uid": "667299623", "content": "反省一下你为什么会刷到这条"}, {"uid": "213896447", "content": "上一个这么玩的，已经没了"}, {"uid": "106732465", "content": "进化的本质"}, {"uid": "401788985", "content": "You are donkey"}, {"uid": "634315734", "content": "很抱歉以这种方式遇见你"}, {"uid": "97043029", "content": "很抱歉以这种方式认识你doge"}, {"uid": "561548", "content": "听听这是人话吗"}, {"uid": "82584863", "content": "这马赛克…精髓"}, {"uid": "510669402", "content": "丶噢，知道了。"}, {"uid": "612424970", "content": "不够舒服"}, {"uid": "2202755", "content": "很抱歉以这种方式认识你"}, {"uid": "1414957625", "content": "你们想一下为什么会点进来"}, {"uid": "1822824672", "content": "这游戏超好玩的"}, {"uid": "662176922", "content": "想想你为什么会点进来"}, {"uid": "477029252", "content": "我都点进来了，还思考什么原因"}, {"uid": "24977872", "content": "倒悬打  打~DD"}, {"uid": "215498047", "content": "doki doki ！"}, {"uid": "354586016", "content": "《不够舒服》"}, {"uid": "825461754", "content": "这神奇的马赛克   "}, {"uid": "498340431", "content": "我什么都不知道"}, {"uid": "1247862637", "content": "靠低俗是走不远的"}, {"uid": "437889726", "content": "为何似曾相识？"}, {"uid": "9225236", "content": "反了你"}, {"uid": "455029202", "content": "很抱歉以这种方式认识你"}, {"uid": "76655504", "content": "啊这，虎狼之词"}, {"uid": "133555465", "content": "我也在玩！"}, {"uid": "639968310", "content": "封面魔鬼"}, {"uid": "291782774", "content": "我凭本事刷到的，为什么要反思"}, {"uid": "1896610707", "content": "什么东西加上马赛克都会变得奇怪"}, {"uid": "490901524", "content": "J·凯尔直呼内行"}, {"uid": "490901524", "content": "J·凯尔知乎内行"}, {"uid": "32974265", "content": "妮妮有倒悬之危"}, {"uid": "496552255", "content": "是什么让我们相聚于此刻"}, {"uid": "400498047", "content": "发生肾么事了"}, {"uid": "454119302", "content": "这个码打的就很wwww"}, {"uid": "34703702", "content": "@阿瓜"}, {"uid": "10455913", "content": "虎狼之词"}, {"uid": "9028227", "content": "看左下角：ｉｎｇａ，ｉｍ　ｙｏｕｒ　ａｎｔｉ"}, {"uid": "7926861", "content": "虚拟杰哥"}, {"uid": "75348632", "content": "张果老倒骑毛驴"}, {"uid": "8404157", "content": "太混沌了hhh"}, {"uid": "2106744", "content": "倒 吊 人"}, {"uid": "3927288", "content": "开幕雷击"}, {"uid": "924147", "content": "说明她平时也（bushi"}, {"uid": "510669402", "content": " 你好，小红的高红大队。￼"}, {"uid": "508492448", "content": "看我颜色行事"}, {"uid": "423866803", "content": "反了你了"}, {"uid": "630226499", "content": "想想你为了什么才点进来"}, {"uid": "142891", "content": "反了你了"}, {"uid": "636320248", "content": "男儿本色"}, {"uid": "363909078", "content": "doki doki（草）"}, {"uid": "1743052822", "content": "反思一下你为什么进来"}, {"uid": "2907196", "content": "这个马赛克23333"}, {"uid": "1579250405", "content": "无中生友"}, {"uid": "514520165", "content": "手滑了…（doge）"}, {"uid": "490918990", "content": "我给好好反思一下，为什么会点进来"}, {"uid": "338285838", "content": "这是棺材吗"}, {"uid": "68941797", "content": "想想你为什么要点进来"}, {"uid": "516320802", "content": "好好想想是什么让我们zha"}, {"uid": "2075870722", "content": "看我脸色行事"}, {"uid": "511997225", "content": "target：niniko"}, {"uid": "610103414", "content": "想想你为什么会点进来"}, {"uid": "12569172", "content": "《对》"}, {"uid": "1180348912", "content": "看我颜色行事"}, {"uid": "37012825", "content": "反了反了"}, {"uid": "52453166", "content": "社霸妮妮"}, {"uid": "434034210", "content": "糟糕的声音"}, {"uid": "85312408", "content": "开幕雷击"}, {"uid": "332542", "content": "“对”"}, {"uid": "29756772", "content": "哈哈哈哈哈哈哈"}, {"uid": "34352377", "content": "这是放棺材里吧"}, {"uid": "23277060", "content": "正在外放的我心下一惊"}, {"uid": "568190", "content": "清楚都是假的，泪目"}, {"uid": "21205574", "content": "开幕雷击"}, {"uid": "1292719", "content": "倒吊猫"}, {"uid": "1292719", "content": "屑姐姐"}, {"uid": "3862202", "content": "我看你是反了（）"}, {"uid": "6011165", "content": "草，果奔"}, {"uid": "400841533", "content": "很抱歉以这样的方式认识你"}, {"uid": "220925340", "content": "凭实力刷到为什么不看看"}, {"uid": "900879", "content": "倒吊人"}, {"uid": "675850938", "content": "这莫名的失望是怎么回事？"}, {"uid": "39772929", "content": "怎么这么秀"}, {"uid": "308151969", "content": "倒悬"}, {"uid": "286250016", "content": "就这就这"}, {"uid": "29387437", "content": "bully me"}, {"uid": "628096011", "content": "哈哈哈"}, {"uid": "34600025", "content": "关灯倒叼还行"}, {"uid": "177624285", "content": "福瑞控是吧？"}, {"uid": "2122489073", "content": "我没变色吧"}, {"uid": "21896921", "content": "？？？？？？？？？"}, {"uid": "38550786", "content": "舒  服"}, {"uid": "12891523", "content": "？？？？？？"}, {"uid": "594423981", "content": "《看他们给我的建议》"}, {"uid": "210410466", "content": "嗯呢啊为什么没穿衣服二段没出来呢"}, {"uid": "514520165", "content": "手滑了…（狗头）"}, {"uid": "617602891", "content": "会上B站"}, {"uid": "244413469", "content": "社会性死亡"}, {"uid": "6761064", "content": "草，太过分了"}, {"uid": "536434323", "content": "《玩法》"}, {"uid": "133555465", "content": "这个东西单排才快乐"}, {"uid": "485595087", "content": "卧槽？就这？就这？"}, {"uid": "526785364", "content": "懂得都懂"}, {"uid": "516320802", "content": "这好涩哦"}, {"uid": "308820629", "content": "蝙蝠"}, {"uid": "420482605", "content": "这也能忘？"}, {"uid": "11159746", "content": "我看你是反了"}, {"uid": "373900145", "content": "啊！woc"}, {"uid": "16391204", "content": "？？？？？？？？？？"}, {"uid": "5598346", "content": "草"}, {"uid": "171204", "content": "什么说法"}, {"uid": "222030498", "content": "你反了"}, {"uid": "526053023", "content": "怪起来了"}, {"uid": "21550586", "content": "18+！好耶！18+！"}, {"uid": "37012825", "content": "智力不太高的亚子（"}, {"uid": "11924509", "content": "老番重置？"}, {"uid": "357427128", "content": "草"}, {"uid": "414422", "content": "太怪了！"}, {"uid": "78850830", "content": "反了你了"}, {"uid": "396912447", "content": "what the f**k"}, {"uid": "497045960", "content": "反思个屁，女人本性"}, {"uid": "2202755", "content": "？？？"}, {"uid": "423866803", "content": "走了走了"}, {"uid": "444264128", "content": "这是啥子嘛"}, {"uid": "20157703", "content": "？？？？？"}, {"uid": "348929961", "content": "倒吊人"}, {"uid": "30261989", "content": "太涩了"}, {"uid": "1567167022", "content": "反思个屁，男人本性"}, {"uid": "36046942", "content": "怪起来了"}, {"uid": "280383681", "content": "不像我，我只会心疼giegie"}, {"uid": "434822285", "content": "天哪"}, {"uid": "400356715", "content": "我特么"}, {"uid": "104364277", "content": "就这？"}, {"uid": "602114980", "content": "？？？？？？？？？？"}, {"uid": "558203007", "content": "标题"}, {"uid": "379388090", "content": "听着有点台湾腔"}, {"uid": "283993864", "content": "你快点嗦，快点"}, {"uid": "600385664", "content": "shuaidao"}, {"uid": "1665622869", "content": "想想你为什么要进来"}, {"uid": "541397", "content": "看完才知道原来另一个是ninico"}, {"uid": "11700732", "content": "阿尔杰"}, {"uid": "678442789", "content": "是什么让我们在此相遇？"}, {"uid": "107414575", "content": "玩法草"}, {"uid": "392145897", "content": "草"}, {"uid": "516320802", "content": "草"}, {"uid": "30006548", "content": "xswl"}, {"uid": "433262666", "content": "？？？？？？？？？"}, {"uid": "437063889", "content": "？？？？"}, {"uid": "432257450", "content": "怪起来了"}, {"uid": "151494466", "content": "真的有这么长吗"}, {"uid": "6811048", "content": "草"}, {"uid": "472176449", "content": "。。。。。。"}, {"uid": "7072562", "content": "好涩哦"}, {"uid": "7072562", "content": "反了反了"}, {"uid": "19824793", "content": "草"}, {"uid": "1522907", "content": "草"}, {"uid": "5319979", "content": "hso"}, {"uid": "36769691", "content": "草"}, {"uid": "4912018", "content": "草"}, {"uid": "482927152", "content": "在现场"}, {"uid": "4661588", "content": "？？"}, {"uid": "4661588", "content": "草"}, {"uid": "10918145", "content": "倒吊人"}, {"uid": "23207109", "content": "hso"}, {"uid": "38121260", "content": "hso"}, {"uid": "924147", "content": "草"}, {"uid": "510669402", "content": "你好小黄的小红。"}, {"uid": "668541447", "content": "空降1:37"}, {"uid": "671198617", "content": "玩法"}, {"uid": "20006195", "content": "ass!"}, {"uid": "480953883", "content": "哒咩"}, {"uid": "1402194592", "content": "我还是白色的吗？"}, {"uid": "526344533", "content": "让我看看！"}, {"uid": "662761319", "content": "笑死我了"}, {"uid": "572036632", "content": "我！平本事刷到的！为什么要反思！"}, {"uid": "1509785", "content": "靠低俗走的不远但是走的快"}, {"uid": "663040082", "content": "…"}, {"uid": "1131016678", "content": "反了你了"}, {"uid": "38550786", "content": "？？？？？？？？？？"}, {"uid": "383393389", "content": "???"}, {"uid": "436933336", "content": "   击剑真不错"}, {"uid": "12598613", "content": "阿姨哈哈哈"}, {"uid": "2487913", "content": "¿"}, {"uid": "397503878", "content": "草"}, {"uid": "10121592", "content": "？？？？？？？？？"}, {"uid": "171601192", "content": "爷凭本事刷到的，反思什么？"}, {"uid": "87837228", "content": "？？？？"}, {"uid": "438984095", "content": "草"}, {"uid": "471835044", "content": "        卧槽"}, {"uid": "1621174", "content": "罪带"}, {"uid": "1119317939", "content": "还好还好"}, {"uid": "536434323", "content": "不够舒服"}, {"uid": "535648927", "content": "2013"}, {"uid": "429760603", "content": "好好反思一下"}, {"uid": "22255380", "content": "不错"}, {"uid": "433262666", "content": "？？？？？？？？？"}, {"uid": "527525898", "content": "。"}, {"uid": "508886971", "content": "想想你为什么会进来"}, {"uid": "18629660", "content": "好家伙，三语直播"}, {"uid": "526123261", "content": "？"}, {"uid": "351509601", "content": "这都什么词"}, {"uid": "188206", "content": "倒吊人"}, {"uid": "69848055", "content": "加坦杰厄"}, {"uid": "1621636805", "content": "？"}, {"uid": "21143310", "content": "doki"}, {"uid": "494863374", "content": "？"}, {"uid": "19824793", "content": "草"}, {"uid": "371708017", "content": "草"}, {"uid": "3164819", "content": "69是吧"}, {"uid": "85810734", "content": "拒绝营业"}, {"uid": "8354617", "content": "？？？？？"}, {"uid": "1295223", "content": "草"}, {"uid": "6361313", "content": "草"}, {"uid": "357480741", "content": "在现场"}, {"uid": "3927288", "content": "关灯"}, {"uid": "482927152", "content": "？"}, {"uid": "482927152", "content": "草"}, {"uid": "493286713", "content": "就这？？？"}, {"uid": "512654644", "content": "？"}, {"uid": "1202990486", "content": "就这"}, {"uid": "220925340", "content": "一上一下"}, {"uid": "529871078", "content": "啊这"}, {"uid": "1247465901", "content": "就这，就这"}, {"uid": "508361848", "content": "不舒服"}, {"uid": "526344533", "content": "让我看看"}, {"uid": "1222598584", "content": "妙哇"}, {"uid": "662761319", "content": "就这？？？？？"}, {"uid": "334926483", "content": "？？？"}, {"uid": "249727583", "content": "哈哈哈"}, {"uid": "344706631", "content": "草"}, {"uid": "117843", "content": "96刺激啊"}, {"uid": "21896921", "content": "？？？"}, {"uid": "632960612", "content": "我有个朋友"}, {"uid": "39860761", "content": "69"}, {"uid": "12891523", "content": "？？？"}, {"uid": "443256281", "content": "不够舒服"}, {"uid": "1793082346", "content": "想想你为什么会点进来"}, {"uid": "2110662241", "content": "针不戳"}, {"uid": "946910345", "content": "哦哦哦哦哦哦哦哦哦哦 "}, {"uid": "780113553", "content": "相遇之缘"}, {"uid": "501161500", "content": "来思考思考为什么要进来，你要反思→_→"}, {"uid": "474197915", "content": "阿米娅"}, {"uid": "549349467", "content": "我凭本事刷到的为什么要反思"}, {"uid": "266679665", "content": "倒吊人"}, {"uid": "512475443", "content": "茄子石锤"}, {"uid": "6761064", "content": "？？？"}, {"uid": "176272552", "content": "？"}, {"uid": "1428784037", "content": "你给我里调调 "}, {"uid": "516320802", "content": "对"}, {"uid": "30006548", "content": "小声可爱！"}, {"uid": "632849147", "content": "？？？？"}, {"uid": "525571553", "content": "？？？"}, {"uid": "612424970", "content": "草"}, {"uid": "290711156", "content": "？？？？。"}, {"uid": "452314739", "content": "？？？"}, {"uid": "13159942", "content": "69"}, {"uid": "337102718", "content": "靠低俗是走不远的"}, {"uid": "38121260", "content": "？"}, {"uid": "437981857", "content": "？"}, {"uid": "1106827859", "content": "就这？"}, {"uid": "512654644", "content": "？？？"}, {"uid": "220925340", "content": "？？？？"}, {"uid": "259057935", "content": "？？？？"}, {"uid": "273937101", "content": "额"}, {"uid": "480953883", "content": "哒mei"}, {"uid": "1455062097", "content": "凭实力刷到为什么不看看呢"}, {"uid": "189752", "content": "太怪了！"}, {"uid": "1702477087", "content": "吼吼吼吼"}, {"uid": "2090354698", "content": "哈哈哈哈哈哈哈哈"}, {"uid": "693553544", "content": "。！。"}, {"uid": "23001624", "content": "？？"}, {"uid": "348002857", "content": "让我看看"}, {"uid": "2054806102", "content": "封面1:42"}, {"uid": "1131016678", "content": "开灯"}, {"uid": "1131016678", "content": "？？？？？"}, {"uid": "434822285", "content": "？"}, {"uid": "2977464", "content": "标题党，举报了"}, {"uid": "93806810", "content": "？？？？"}, {"uid": "234279941", "content": "登dua郎"}, {"uid": "1518474805", "content": "！"}, {"uid": "699662198", "content": "(●—●)"}, {"uid": "74173597", "content": "？？？？？？"}, {"uid": "19088544", "content": "就这？？？？"}, {"uid": "35080575", "content": "就这？"}, {"uid": "234087482", "content": "芝士"}, {"uid": "1894090244", "content": "？？"}, {"uid": "422383455", "content": "就這就這"}, {"uid": "535648927", "content": "滚滚滚"}, {"uid": "30006548", "content": "击剑"}, {"uid": "433262666", "content": "？？？？？？"}, {"uid": "642399421", "content": "？？？"}, {"uid": "357071918", "content": "啊这"}, {"uid": "482927152", "content": "好可爱"}, {"uid": "349719132", "content": "就这?"}, {"uid": "96411455", "content": "草"}, {"uid": "11386983", "content": "？"}, {"uid": "382930897", "content": "她有胸，卧槽不仔细看，还真看不出来那是胸，咋就没有duaiduai的那种立体感呢"}, {"uid": "11962115", "content": "？"}, {"uid": "20595030", "content": "倒骑驴"}, {"uid": "642368", "content": "可以可以"}, {"uid": "1295223", "content": "?????"}, {"uid": "13869877", "content": "？"}, {"uid": "23277060", "content": "啊这"}, {"uid": "1421351969", "content": "dokidoki"}, {"uid": "255763355", "content": "？？？"}, {"uid": "471338640", "content": "？！"}, {"uid": "1402194592", "content": "《蝙蝠》"}, {"uid": "415219163", "content": "？？？"}, {"uid": "519202561", "content": "反思的，想想的，你们为什么点进来？"}, {"uid": "443846347", "content": "倒吊人"}, {"uid": "427390679", "content": "吊打"}, {"uid": "693605624", "content": "想什么了你们？…啊，这波啊，这波啊，她在第5层，而你们在大气层"}, {"uid": "1131016678", "content": "点错了"}, {"uid": "1839157614", "content": "就这？"}, {"uid": "35298048", "content": "就这"}, {"uid": "1192156260", "content": "……"}, {"uid": "14692505", "content": "doki？"}, {"uid": "486797528", "content": "?"}, {"uid": "298123888", "content": "69"}, {"uid": "471835044", "content": "完"}, {"uid": "650030503", "content": "色"}, {"uid": "94624689", "content": "桃子"}, {"uid": "94624689", "content": "桃子"}, {"uid": "442969665", "content": "？？？"}, {"uid": "382056479", "content": "69"}, {"uid": "84708215", "content": "就这？"}, {"uid": "1520320953", "content": "？？？"}, {"uid": "437454150", "content": "69"}, {"uid": "103479103", "content": "配你玩？"}, {"uid": "39775099", "content": "？"}, {"uid": "39775099", "content": "？"}, {"uid": "606940993", "content": "wwww"}, {"uid": "19824793", "content": "？？？"}, {"uid": "1772072170", "content": "？"}, {"uid": "288703040", "content": "a"}, {"uid": "33026756", "content": "？"}, {"uid": "14791993", "content": "初见 可爱 单推 结婚 离婚 死刑(¦3[▓▓]"}, {"uid": "1292719", "content": "说妹妹是驴的屑姐姐hhhhhh"}, {"uid": "443846347", "content": "倒吊男"}, {"uid": "471253504", "content": "DD斩首"}, {"uid": "696267264", "content": "林北期待半天你就给我看这？"}, {"uid": "379388090", "content": "？？？？？？？？？？？？？？？"}]