[{"uid": "2552121", "content": "吸气声 好明显"}, {"uid": "275515", "content": "suki"}, {"uid": "470128546", "content": "有aimer味儿了"}, {"uid": "22588530", "content": "他把aimer的后腔音学上手了，绝了"}, {"uid": "2038142", "content": "↑蟠桃园就是你吃光的？"}, {"uid": "11491610", "content": "awsl"}, {"uid": "38550786", "content": "诸位，她说她爱我"}, {"uid": "38550786", "content": "小浣熊真的好强"}, {"uid": "38550786", "content": "kksk"}, {"uid": "23277060", "content": "好听！"}, {"uid": "1557807", "content": "团长：你也是替身能力者？"}, {"uid": "2758221", "content": "！！！"}, {"uid": "1371808", "content": "居然还很有感觉……"}, {"uid": "318527607", "content": "好耶"}, {"uid": "5963091", "content": "这也太像A妹了"}, {"uid": "8282347", "content": "能不能不放原唱？"}, {"uid": "11193667", "content": "有内味了"}, {"uid": "167839444", "content": "好像诶"}, {"uid": "101387632", "content": "本人？"}, {"uid": "9847999", "content": "kksk"}, {"uid": "10166206", "content": "有史以来唱的最好的驴子"}, {"uid": "37766610", "content": "虚拟aimer"}]