[{"uid": "431778772", "content": "这鼓掌太应景了"}, {"uid": "34108128", "content": "一次得罪三个人"}, {"uid": "4218680", "content": "草"}, {"uid": "401092660", "content": "哈哈哈哈"}, {"uid": "425366156", "content": "这不就是我吃烫饺子和热饼时候鸭子吗23333"}, {"uid": "1263770917", "content": "烧心"}, {"uid": "3114418", "content": "烫心"}, {"uid": "21515866", "content": "烫食道"}, {"uid": "17365452", "content": "鬼背开！"}, {"uid": "17258", "content": "这是蒙古式摔跤的舞蹈"}, {"uid": "103118473", "content": "烫喉咙烫胃"}, {"uid": "654121", "content": "布库"}, {"uid": "477505", "content": "QAQ画质感人"}, {"uid": "1825150", "content": "草"}, {"uid": "1825150", "content": "拼桌"}, {"uid": "525518370", "content": "没人管这个简直神了"}, {"uid": "12891523", "content": "草"}, {"uid": "247577157", "content": "烫到喉咙了"}, {"uid": "473841190", "content": "不会说话吗？"}, {"uid": "3844363", "content": "草"}, {"uid": "10650378", "content": "草"}, {"uid": "33335382", "content": "演技绝了"}, {"uid": "174682006", "content": "还有“抠门”"}, {"uid": "12510518", "content": "烫心窝子"}, {"uid": "61433357", "content": "太阳神"}, {"uid": "8130169", "content": "小品界鼻祖表演就是有味道"}, {"uid": "26133078", "content": "？"}, {"uid": "8211248", "content": "太烫了"}, {"uid": "643580315", "content": "我爸长的像朱时茂但我像我妈，这是个悲伤的故事"}, {"uid": "12343804", "content": "你懂了个锤子"}, {"uid": "30299777", "content": "八十可还行"}, {"uid": "4211233", "content": "www"}, {"uid": "154093980", "content": "完了误会大了"}, {"uid": "10024794", "content": "天呐三国语言精通"}, {"uid": "21782267", "content": "配，给我配"}, {"uid": "23643252", "content": "因为他没有公德"}, {"uid": "185872154", "content": "震撼因果"}, {"uid": "375996855", "content": "because there is only one table"}, {"uid": "36769691", "content": "草"}, {"uid": "36769691", "content": "草"}, {"uid": "291031618", "content": "草"}, {"uid": "291031618", "content": "确实和洁癖有点相关"}, {"uid": "15449359", "content": "草"}, {"uid": "3675179", "content": "配音还行"}, {"uid": "2449330", "content": "hhhhh"}, {"uid": "323360854", "content": "这里说的是arm wrestling"}, {"uid": "12754387", "content": "草"}, {"uid": "12754387", "content": "kksk"}, {"uid": "32423963", "content": "草"}, {"uid": "12754387", "content": "右下角小嘴suki"}, {"uid": "12754387", "content": "怎么会这么奇怪的词"}, {"uid": "44446989", "content": "奇怪的误会增加了"}, {"uid": "14660662", "content": "高兴得拍起了自己的肚皮"}, {"uid": "228044908", "content": "哈哈哈哈"}, {"uid": "10405536", "content": "因果好可爱啊"}, {"uid": "561548", "content": "她说的是扳手腕吧"}, {"uid": "174517779", "content": "KKSK"}, {"uid": "89739012", "content": "草"}, {"uid": "5321889", "content": "不是，是在还烫的时候一不小心吞下去了"}, {"uid": "11111982", "content": "烫着食道了"}, {"uid": "13159942", "content": "太烫直接咽下去烫到胃了"}, {"uid": "15050575", "content": "草"}, {"uid": "74939217", "content": "是烫着食道了"}, {"uid": "107639295", "content": "反复横跳"}, {"uid": "300846", "content": "我的驴宝都学了什么"}, {"uid": "216875", "content": "kusa"}, {"uid": "3574603", "content": "xswl"}, {"uid": "24940", "content": "噎着了"}, {"uid": "431080529", "content": "吃太快，烫着了，很真实"}, {"uid": "8211248", "content": "草，巨真实"}, {"uid": "8563775", "content": "首页？！"}, {"uid": "1263770917", "content": "烫到了"}, {"uid": "154093980", "content": "这演技神了"}, {"uid": "24425071", "content": "烫到食管吧  演技神了"}, {"uid": "24425071", "content": "我已经开始笑了"}, {"uid": "590223", "content": "驴宝我来了"}, {"uid": "15050575", "content": "噎到了"}]