[{"uid": "241208836", "content": "《不好听》"}, {"uid": "87692222", "content": "好棒"}, {"uid": "87692222", "content": "好哦 知道了"}, {"uid": "402228088", "content": "不 好 听"}, {"uid": "7705659", "content": "666"}, {"uid": "36810930", "content": "果然我在KTV都是在鬼嚎"}, {"uid": "2951804", "content": "好听"}, {"uid": "6761064", "content": "kksk！"}, {"uid": "194459998", "content": "oh ow，i like you…"}, {"uid": "50068570", "content": "kksk"}, {"uid": "52662905", "content": "天啊这就是不好听么"}, {"uid": "1540213", "content": "《唱得不好听》"}, {"uid": "38121260", "content": "《不   好   听》"}, {"uid": "4761270", "content": "无情T^T"}, {"uid": "22421009", "content": "《 我 唱 的 不 好 听 》"}, {"uid": "1778738", "content": "虚拟周深也学会了“不太会唱”"}, {"uid": "590223", "content": "重新定义吧不好听"}, {"uid": "300775796", "content": "耳朵怀孕了"}, {"uid": "28667796", "content": "《唱 得 不 好 听》"}, {"uid": "415382982", "content": "《不好听》"}, {"uid": "8410443", "content": "开口跪"}, {"uid": "435576506", "content": "\\Inga/"}, {"uid": "435576506", "content": "\\Inga/"}, {"uid": "28417906", "content": "《不好听》"}, {"uid": "25374077", "content": "好听"}, {"uid": "412651329", "content": "《不好听》"}, {"uid": "33185660", "content": "《不好听》"}, {"uid": "401099828", "content": "不 好 听"}, {"uid": "3557174", "content": "再来一遍"}, {"uid": "765036", "content": "《我唱的不好听》"}, {"uid": "801974", "content": "重新定义不好听"}, {"uid": "11491576", "content": "凡尔赛驴子"}, {"uid": "88154", "content": "这就是不好听么，i了i啦了"}, {"uid": "23548440", "content": "重新定义不好听"}, {"uid": "75379", "content": "《不好听》"}, {"uid": "146766796", "content": "从新定义不好听"}, {"uid": "27664463", "content": "首页来啦\\inga/\\inga/\\inga/"}, {"uid": "36810930", "content": "唱的不好听"}, {"uid": "317774371", "content": "话说inga能明白弹幕说的到底是好听还是难听吗"}, {"uid": "435576506", "content": "\\Inga/\\Inga/\\Inga/\\Inga/\\Inga/\\Inga/\\Inga/\\Inga/\\Inga/\\Inga/\\Inga/\\Inga/\\Inga/\\Inga/\\Inga/"}]