[{"uid": "13792286", "content": "雄凤山草"}, {"uid": "73449836", "content": "草"}, {"uid": "73449836", "content": "左转骨科"}, {"uid": "73449836", "content": "精神科怎么跑急诊来了2333"}, {"uid": "38550786", "content": "她又学到了"}, {"uid": "38550786", "content": "？？？"}, {"uid": "37241311", "content": "好家伙"}, {"uid": "45939011", "content": "还有这种好事？"}, {"uid": "23332869", "content": "好耶"}, {"uid": "84240", "content": "双 点 医 院"}, {"uid": "84240", "content": "王主任去隔壁喝牛奶了"}, {"uid": "296874250", "content": "这时候换红眼就有带入感"}, {"uid": "296874250", "content": "真是精神科了"}, {"uid": "1808632", "content": "驴叫"}, {"uid": "178820021", "content": "一换一"}, {"uid": "408526401", "content": "极限一换一"}, {"uid": "22363074", "content": "还有这种好事？"}, {"uid": "9065270", "content": "哈哈哈哈哈哈哈"}, {"uid": "9065270", "content": "报名"}, {"uid": "348176131", "content": "还有这种好事？"}, {"uid": "348176131", "content": "草"}, {"uid": "262750373", "content": "热 心"}, {"uid": "48459821", "content": "京剧变脸"}, {"uid": "21198770", "content": "骷髅匕首，表面褪色"}, {"uid": "21198770", "content": "怎么会知道这种词啊"}, {"uid": "40103618", "content": "产 业 链"}, {"uid": "302167432", "content": "我的心被你《点燃》了，重伤了！"}, {"uid": "9062012", "content": "逐渐忘记自己是浣熊"}, {"uid": "36769691", "content": "草"}, {"uid": "4113427", "content": "驴子找"}, {"uid": "4113427", "content": "草"}, {"uid": "172917961", "content": "我在外放啊"}, {"uid": "2289722", "content": "好耶"}, {"uid": "1500913", "content": "最近王牛奶和王酸奶都打翻了"}, {"uid": "334926483", "content": "好耶"}, {"uid": "386292597", "content": "老板断气，老板尸体健康"}, {"uid": "151516718", "content": "驴子踢人啦"}, {"uid": "20022534", "content": "草"}, {"uid": "22421009", "content": "好耶！"}, {"uid": "23120016", "content": "真•脑子被驴踢了（确信）"}, {"uid": "23163677", "content": "3语直播间？"}, {"uid": "32423963", "content": "草"}, {"uid": "200627809", "content": "精神科草www"}, {"uid": "13275281", "content": "结合一下"}, {"uid": "15190652", "content": "超级加辈"}, {"uid": "343616", "content": "草"}, {"uid": "353451640", "content": "哟？骷髅匕首！好家伙"}, {"uid": "489510404", "content": "草"}, {"uid": "13275281", "content": "太开心了"}, {"uid": "258801015", "content": "王牛奶们流的到处都是"}, {"uid": "7926861", "content": "怎么还有个老爸糊涂的哈哈哈"}, {"uid": "10455913", "content": "这个op厉害啊"}, {"uid": "4284092", "content": "王酸奶，猫猫那里的？"}, {"uid": "3222240", "content": "新型合伙生意"}, {"uid": "88772412", "content": "老婆！"}, {"uid": "16287499", "content": "我tm太失望了"}, {"uid": "8605613", "content": "帕里同款黑脸hhhh"}, {"uid": "52662905", "content": "啊啊啊啊这段太杀我了"}, {"uid": "22363074", "content": "眼睛一红长得和帕里一模一样"}, {"uid": "319089958", "content": "我不是，我没有，你明白个驴子"}, {"uid": "4964376", "content": "红眼睛，是帕里亲女儿没毛病了"}, {"uid": "4113427", "content": "老板断气"}, {"uid": "19174622", "content": "驴宝你又懂了"}, {"uid": "10917860", "content": "孩子变坏了"}, {"uid": "272798204", "content": "cheer"}, {"uid": "2289722", "content": "你好，是的！！！"}, {"uid": "44403666", "content": "大可不必哈哈哈"}, {"uid": "8063179", "content": "王酸奶叉出去！"}, {"uid": "37012825", "content": "开幕雷击"}, {"uid": "334926483", "content": "草"}, {"uid": "190650", "content": "听着像凹酱的声音"}, {"uid": "262562160", "content": "草"}, {"uid": "6696", "content": "我不能呼吸"}, {"uid": "5833525", "content": "草"}, {"uid": "7554731", "content": "意思是驴踢人啊"}, {"uid": "23163677", "content": "大宝233"}, {"uid": "391886586", "content": "草"}, {"uid": "391886586", "content": "草"}, {"uid": "401099828", "content": "草"}, {"uid": "86006122", "content": "我来!"}, {"uid": "328422", "content": "大夫踩我！"}, {"uid": "82539877", "content": "哈哈哈哈哈"}, {"uid": "12017608", "content": "草"}, {"uid": "94624689", "content": "桃子"}, {"uid": "4113427", "content": "好玩"}, {"uid": "6811048", "content": "？"}, {"uid": "13575070", "content": "草"}, {"uid": "33935601", "content": "草"}, {"uid": "36769691", "content": "好耶"}, {"uid": "6811048", "content": "草"}, {"uid": "279917", "content": "看来你是完全不懂哦"}, {"uid": "44403666", "content": "斯哈斯哈斯哈喜欢"}, {"uid": "247933137", "content": "kksk"}, {"uid": "6819689", "content": "我脑子突然想被驴踢（伸头.jpg）"}, {"uid": "267374206", "content": "草"}, {"uid": "488736876", "content": "草"}, {"uid": "482927152", "content": "草"}, {"uid": "22421009", "content": "想想想想想想想想想想！我想去世！想去世！"}]