[{"uid": "93806810", "content": "很抱歉以这种方式认识你"}, {"uid": "356738114", "content": "草"}, {"uid": "356738114", "content": "你到底喝了些什么啊，这不是完全漏出去了吗（半恼"}, {"uid": "617835171", "content": "2333"}, {"uid": "19511892", "content": "hso"}, {"uid": "423831537", "content": "心跳好快爱了"}, {"uid": "357247692", "content": "桌子，受到了魔法伤害"}, {"uid": "71199392", "content": "显然是红细胞"}, {"uid": "396858186", "content": "是恋爱的声音"}]