[{"uid": "29110389", "content": "棺材）"}, {"uid": "29110389", "content": "连坐"}, {"uid": "29110389", "content": "？"}, {"uid": "10741560", "content": "左下弹幕人被冲走了草"}, {"uid": "109893034", "content": "管管田野柴，救救厕所"}, {"uid": "310112827", "content": "棺材浴缸？！"}, {"uid": "14222810", "content": "三人一把王者都开不了，起码五个"}, {"uid": "1973871", "content": "设计鬼才！！！"}, {"uid": "82273352", "content": "？？？"}, {"uid": "23820484", "content": "带水的棺材"}, {"uid": "3621342", "content": "冲水浴缸。。。。"}, {"uid": "13625416", "content": "哈哈哈哈哈哈哈哈哈哈"}, {"uid": "13625416", "content": "？？"}, {"uid": "37043222", "content": "旁边两个人的腿需要架在中间那个人身上"}, {"uid": "37043222", "content": "连 坐"}, {"uid": "81431347", "content": "？？？？？"}, {"uid": "18091166", "content": "便池）"}, {"uid": "18091166", "content": "有被内涵到"}, {"uid": "21119054", "content": "？"}, {"uid": "8186521", "content": "？"}, {"uid": "18571218", "content": "？"}, {"uid": "27362609", "content": "哈哈哈哈哈哈不愧是你"}, {"uid": "306232980", "content": "草"}, {"uid": "24963189", "content": "草"}, {"uid": "174751", "content": "草"}, {"uid": "52718309", "content": "？？？"}, {"uid": "400170600", "content": "浴缸（确信）"}, {"uid": "12671555", "content": "草"}, {"uid": "3289531", "content": "草"}, {"uid": "400170600", "content": "哈哈哈哈哈哈哈哈哈哈哈哈哈哈哈"}]