[{"uid": "57098256", "content": "忘了她也是放过自己"}, {"uid": "150354118", "content": "这一幕我直接哭；；"}, {"uid": "32763463", "content": "太绝了"}, {"uid": "445714861", "content": "草 哭了；；"}, {"uid": "8677377", "content": "这个气声我没了呜呜呜呜呜"}, {"uid": "45872690", "content": "好会唱呜呜呜"}, {"uid": "20569434", "content": "真的这么有点无奈难过落寞我真的好心疼呜呜呜呜呜"}, {"uid": "356001889", "content": "；；"}, {"uid": "356001889", "content": "草 对不起 但是好草"}, {"uid": "219568923", "content": "摸摸头头"}, {"uid": "668047", "content": "这里落寞感伤的语气……喜欢……"}, {"uid": "302457062", "content": "原谅"}, {"uid": "302457062", "content": "爱 还给我啊"}, {"uid": "302457062", "content": "不一样的柴柴"}, {"uid": "302457062", "content": "情感好棒配合尾巴和耳朵耷拉下来了"}, {"uid": "98945713", "content": "呜呜呜田野柴让我来守护"}, {"uid": "314513297", "content": "！！"}, {"uid": "34404479", "content": "；；"}, {"uid": "8082157", "content": "垂耳朵心疼死我了"}, {"uid": "8082157", "content": "呜呜呜呜呜呜呜呜"}, {"uid": "341666160", "content": "勾勾咬字好涩哦"}, {"uid": "2182403", "content": "歌很好听 画面很草"}, {"uid": "14706780", "content": "泪目"}, {"uid": "13380338", "content": "你 世界第一会唱"}, {"uid": "179329719", "content": "柴柴柴；；"}, {"uid": "179329719", "content": "好会唱…"}, {"uid": "179329719", "content": "这个曲绘好绝"}, {"uid": "49789101", "content": "哭了哭了"}, {"uid": "424733030", "content": "kksk"}, {"uid": "1270221448", "content": "除我以外的11个人你们好啊"}, {"uid": "34476642", "content": "kksk"}, {"uid": "1627204", "content": "柴好会唱啊！"}, {"uid": "121199959", "content": "惨惨惨"}, {"uid": "29872401", "content": "噢呜呜呜呜，，，"}, {"uid": "425993372", "content": "好难受"}, {"uid": "440340005", "content": "好听！"}, {"uid": "483372682", "content": "败犬，，，太戳xp了"}, {"uid": "424733030", "content": "好耶"}, {"uid": "11793234", "content": "泪目"}, {"uid": "286658583", "content": "；；"}, {"uid": "302457062", "content": "；；；；"}, {"uid": "314513297", "content": "阿柴嗓音真好听"}, {"uid": "240896556", "content": "呜呜"}, {"uid": "13380338", "content": "SOS太会唱了"}, {"uid": "679276449", "content": "飞机耳呜呜"}, {"uid": "30805868", "content": "不行好心疼"}, {"uid": "23032321", "content": "帅的"}, {"uid": "4111042", "content": "泪目"}, {"uid": "302457062", "content": "再见了"}, {"uid": "111961", "content": "原谅了"}, {"uid": "12131520", "content": "天哪！！！！啊啊啊啊啊啊！！！这个转音！！！！！我吹爆！！！！！啊啊啊啊啊啊阿伟死了"}]