[{"uid": "667731410", "content": "速速与我击剑"}, {"uid": "690654287", "content": "hso"}, {"uid": "161185282", "content": "我命令你命令我！"}, {"uid": "2237010", "content": "草"}, {"uid": "22084772", "content": "你好可爱"}, {"uid": "372353968", "content": "在？给我发一个亿"}, {"uid": "27176631", "content": "危险的台词！"}, {"uid": "237230367", "content": "好家伙，中之人原来也是狗勾吗!"}, {"uid": "174562858", "content": "乖乖狗狗 suki"}, {"uid": "19529814", "content": "？你别"}, {"uid": "19999783", "content": "55好可爱"}, {"uid": "13380338", "content": "笑得想死。。。"}, {"uid": "111961", "content": "标准结局"}, {"uid": "24192585", "content": "你敢命令我命令你？"}, {"uid": "703002226", "content": "这怎么没鼻子？"}, {"uid": "25843168", "content": "乖狗勾"}, {"uid": "25843168", "content": "夸夸"}, {"uid": "383509028", "content": "hso……"}, {"uid": "27176631", "content": "啊啊啊啊"}, {"uid": "142328256", "content": "草"}, {"uid": "284701184", "content": "hso"}, {"uid": "24204430", "content": "你变态了狗"}, {"uid": "111961", "content": "笑死。。。"}, {"uid": "23189277", "content": "找个s"}, {"uid": "529249", "content": "？"}, {"uid": "14716875", "content": "哈哈哈哈哈哈哈哈哈哈哈哈哈哈哈哈"}]