[{"uid": "122577427", "content": "其实语文课老师基本在划水书本作用不大"}, {"uid": "22161204", "content": " 不是 这个是能播的嘛？！"}, {"uid": "11622504", "content": "我以为是妈咪的切片，没想到是阿柴哈哈哈哈哈哈"}, {"uid": "396786616", "content": "不 打 自 招"}, {"uid": "10045957", "content": "草，强制性男同"}, {"uid": "33607752", "content": "哈哈哈哈哈哈哈哈断句大师"}, {"uid": "297962366", "content": "伊—莎—比—"}, {"uid": "38020310", "content": "《可恶被他装到了》"}, {"uid": "24451061", "content": "哈哈哈哈哈哈哈哈哈哈哈哈"}, {"uid": "486131622", "content": "要来了"}, {"uid": "32318148", "content": "草这里笑疯了"}, {"uid": "18091166", "content": "嘶 已经开始脚趾抠地了"}, {"uid": "799474", "content": "？？真就断句大师"}, {"uid": "24192585", "content": "这么长一句话没有标点符号的"}, {"uid": "23318033", "content": "草看第二遍才发现不对劲"}, {"uid": "54798395", "content": "男同竟是我自己"}, {"uid": "54798395", "content": "小火车进山洞，问号，进不去"}, {"uid": "11375123", "content": "什么？！"}, {"uid": "1921064", "content": "哈哈哈哈哈哈"}, {"uid": "348516888", "content": "惊天爆笑"}, {"uid": "13625416", "content": "笑死"}, {"uid": "13625416", "content": "哈哈哈哈哈哈哈哈草"}, {"uid": "37120430", "content": "装起来了zdgy"}, {"uid": "10741560", "content": "草"}, {"uid": "255213212", "content": "我竟然也是这么断的我裂开了了"}, {"uid": "27176631", "content": "哈哈哈哈哈哈哈哈"}, {"uid": "1434386", "content": "可恶 又被他装到了"}, {"uid": "21575283", "content": "度人这句说得太搞笑了www"}, {"uid": "13928260", "content": "哈哈哈哈哈哈哈哈哈哈哈哈哈"}, {"uid": "450780625", "content": "哈哈哈哈哈哈哈哈"}, {"uid": "19529814", "content": "迫真音效"}, {"uid": "2323580", "content": "草哈哈哈哈哈哈哈哈哈哈"}, {"uid": "544075792", "content": "《人家》"}, {"uid": "799474", "content": "听起来好劲爆"}, {"uid": "2745535", "content": "我来替他们抠房子…"}, {"uid": "1618133", "content": "傲娇起来了"}, {"uid": "106270922", "content": "断 句 大 师"}, {"uid": "1618133", "content": "银发青年男桐耳边响起召唤恶魔的低语"}, {"uid": "283745952", "content": "？？？？救命"}, {"uid": "288544253", "content": "救命"}, {"uid": "32318148", "content": "每天一遍"}, {"uid": "2209382", "content": "哈哈哈哈哈哈哈哈哈哈哈哈哈"}, {"uid": "38748143", "content": "草hhhhhhh"}, {"uid": "226703251", "content": "哈哈哈哈哈哈"}, {"uid": "348265622", "content": "哈哈哈哈草阿"}, {"uid": "86012645", "content": "嗯？"}, {"uid": "8283852", "content": "草装起来了"}, {"uid": "799474", "content": "这碎碎念，笑死了"}, {"uid": "799474", "content": "救救kos"}, {"uid": "43716296", "content": "《人家》"}, {"uid": "13639903", "content": "度哥，你干嘛啊"}, {"uid": "237800229", "content": "草竟然真切片了笑得我"}, {"uid": "4892", "content": "怎么唱出了约德尔的感觉"}, {"uid": "356001889", "content": "哈哈哈哈哈哈哈这断句"}, {"uid": "1954092", "content": "哈哈哈哈哈哈哈"}, {"uid": "1618133", "content": "这就是恶魔吗，真可怕呢"}, {"uid": "283745952", "content": "人家 救救"}, {"uid": "511006635", "content": "干嘛了啦杰哥"}, {"uid": "351678282", "content": "？？？？？？？？？？？？？"}, {"uid": "36889065", "content": "哈哈哈哈哈哈哈哈"}, {"uid": "13893362", "content": "狂起来了啊"}, {"uid": "14214630", "content": "笑死我了草"}, {"uid": "171969", "content": "哈哈哈已经开始笑了"}, {"uid": "24192585", "content": "哈哈哈哈哈哈哈哈"}, {"uid": "24192585", "content": "会被老师骂"}, {"uid": "24192585", "content": "嗯？"}, {"uid": "133629105", "content": "我靠"}, {"uid": "4595976", "content": "#zdgy装起来了#"}, {"uid": "37460205", "content": "这倒是确实"}, {"uid": "8082157", "content": "哈哈哈哈哈哈哈哈"}, {"uid": "13625416", "content": "确信标题是真话"}, {"uid": "37314441", "content": "草"}, {"uid": "23384234", "content": "哈哈哈哈哈哈啊哈哈哈哈"}, {"uid": "40631445", "content": "草"}, {"uid": "419056246", "content": "？草"}, {"uid": "288544253", "content": "草"}, {"uid": "526774785", "content": "我不对劲，还是你们不对劲"}, {"uid": "446698451", "content": "？？？"}, {"uid": "359103923", "content": "草"}, {"uid": "6036414", "content": "铁直男"}, {"uid": "413732396", "content": "他寄了"}, {"uid": "799474", "content": "hhhhhhhhhhhhh"}, {"uid": "265228531", "content": "草断句"}, {"uid": "13625416", "content": "哈哈哈哈哈哈哈哈"}, {"uid": "13625416", "content": "哈哈哈哈哈哈"}, {"uid": "8121194", "content": "全麻"}, {"uid": "472791305", "content": "《人家》"}, {"uid": "36573882", "content": "草"}, {"uid": "1549096", "content": "？"}, {"uid": "434485091", "content": "狂！"}, {"uid": "564166246", "content": "？？？"}, {"uid": "24398044", "content": "？"}, {"uid": "13928260", "content": "草"}, {"uid": "197533732", "content": "草"}, {"uid": "7653964", "content": "草"}, {"uid": "24199924", "content": "哈哈哈哈哈哈哈哈哈"}, {"uid": "413732396", "content": "谢谢有被辱到"}, {"uid": "1050007681", "content": "哈哈哈哈哈哈"}, {"uid": "799474", "content": "类似的hhhhhhhh"}, {"uid": "7212374", "content": "？？？？？？"}, {"uid": "8167325", "content": "草（萌音）"}, {"uid": "438890162", "content": "？？？？"}, {"uid": "225372736", "content": "阿柴血压升高"}, {"uid": "2981776", "content": "草"}, {"uid": "1921064", "content": "谢谢你，阿柴"}, {"uid": "21119054", "content": "？"}, {"uid": "325391171", "content": "？？？？？？？？？"}, {"uid": "6531436", "content": "？？？"}, {"uid": "12976291", "content": "草"}, {"uid": "106270922", "content": "？？？？？？"}, {"uid": "4595976", "content": "？"}, {"uid": "439485956", "content": "笑死"}, {"uid": "8317069", "content": "？"}, {"uid": "2209382", "content": "哈哈哈哈哈哈哈哈哈zdgy说话我就想笑"}, {"uid": "6497205", "content": "蚌埠住了草"}, {"uid": "446698451", "content": "草"}, {"uid": "6694776", "content": "草"}, {"uid": "351729982", "content": "草啊 笑死我了"}, {"uid": "351729982", "content": "草笑死我了"}, {"uid": "677781962", "content": "草"}, {"uid": "395224974", "content": "？？？？"}, {"uid": "5016999", "content": "草啊"}, {"uid": "4694393", "content": "？"}, {"uid": "24192585", "content": "草？"}, {"uid": "451232533", "content": "草"}, {"uid": "13625416", "content": "草"}, {"uid": "13625416", "content": "草"}, {"uid": "111961", "content": "草"}, {"uid": "197533732", "content": "草"}, {"uid": "164130337", "content": "草"}, {"uid": "40058366", "content": "草"}, {"uid": "325713", "content": "？"}, {"uid": "351729982", "content": "草"}, {"uid": "11069011", "content": "草啊"}, {"uid": "11069011", "content": "草"}, {"uid": "24199924", "content": "哈哈哈哈哈哈哈哈"}, {"uid": "6733835", "content": "草"}, {"uid": "171969", "content": "狂"}, {"uid": "276082949", "content": "草草草"}, {"uid": "276082949", "content": "草"}, {"uid": "11375123", "content": "草"}, {"uid": "30110297", "content": "？"}, {"uid": "37460205", "content": "笑死"}, {"uid": "37460205", "content": "漂亮"}, {"uid": "14116095", "content": "笑死"}, {"uid": "25840112", "content": "哈哈哈哈哈哈哈哈哈哈哈哈"}, {"uid": "8546868", "content": "狂"}, {"uid": "45206", "content": "？？？"}, {"uid": "23377337", "content": "草"}, {"uid": "272388327", "content": "草"}, {"uid": "439485956", "content": "草"}, {"uid": "24398044", "content": "草"}, {"uid": "164130337", "content": "草"}, {"uid": "126727319", "content": "草"}, {"uid": "6694776", "content": "草"}, {"uid": "197533732", "content": "草"}, {"uid": "450780625", "content": "哈哈哈哈哈哈"}, {"uid": "24199924", "content": "草"}, {"uid": "24199924", "content": "草"}, {"uid": "12307192", "content": "草"}, {"uid": "6819689", "content": "白学家震怒，为什么告白现场不能有三个人？！"}, {"uid": "88784310", "content": "草"}, {"uid": "799474", "content": "？？"}, {"uid": "31444333", "content": "草"}, {"uid": "8082157", "content": "草"}, {"uid": "20882186", "content": "草"}, {"uid": "113539850", "content": "草"}, {"uid": "1618133", "content": "可爱"}, {"uid": "10045957", "content": "草"}, {"uid": "288544253", "content": "草"}, {"uid": "2209382", "content": "草"}, {"uid": "31319163", "content": "确实"}, {"uid": "24199924", "content": "草"}, {"uid": "2909446", "content": "？？？？"}, {"uid": "31444333", "content": "？？？"}, {"uid": "31444333", "content": "草"}, {"uid": "344878509", "content": "？？？？"}, {"uid": "7212374", "content": "哈哈哈哈哈哈哈"}, {"uid": "3849388", "content": "草"}, {"uid": "11844279", "content": "哈哈哈哈哈哈哈哈哈哈哈哈哈哈哈哈哈哈哈哈"}, {"uid": "171819245", "content": "哈哈哈哈哈哈哈哈哈哈哈哈哈哈哈哈哈"}, {"uid": "40163022", "content": "哈哈哈哈哈哈哈哈哈哈哈哈哈哈哈"}, {"uid": "446698451", "content": "哈哈哈哈哈哈哈哈哈哈哈哈哈哈哈"}, {"uid": "446698451", "content": "哈哈哈哈哈哈哈哈哈哈哈哈哈哈哈哈哈哈哈哈哈哈哈哈哈哈哈"}, {"uid": "351729982", "content": "哈哈哈哈哈哈哈哈哈哈哈哈哈哈哈哈哈哈哈哈哈哈哈哈哈哈哈哈哈哈哈哈哈哈哈哈哈哈哈哈哈哈哈哈哈哈哈哈救命啊"}, {"uid": "351729982", "content": "？？？哈哈哈哈哈哈哈哈哈哈哈哈哈哈哈哈哈哈哈哈哈哈哈哈"}, {"uid": "297962366", "content": "结界结界结界结界结界结界结界结界"}, {"uid": "11069011", "content": "哈哈哈哈哈哈哈哈哈哈哈哈真的巨好笑"}, {"uid": "24451061", "content": "哈哈哈哈哈哈哈哈哈哈哈哈哈哈哈哈哈哈哈哈哈"}, {"uid": "53728904", "content": "哈哈哈哈哈哈哈哈哈哈哈哈哈哈哈"}, {"uid": "53728904", "content": "哈哈哈哈哈哈哈哈哈哈哈哈哈哈哈"}, {"uid": "87294610", "content": "哈哈哈哈哈哈哈哈哈哈哈哈哈哈哈哈哈哈哈哈哈哈哈哈哈哈哈哈哈哈哈"}, {"uid": "133629105", "content": "哈哈哈哈哈哈哈哈哈哈哈哈哈哈哈哈哈哈"}, {"uid": "8677377", "content": "我笑死了哈哈哈哈哈哈哈哈哈哈哈"}]