[{"uid": "288544253", "content": "草"}, {"uid": "30741301", "content": "怎么变成0000了（）"}, {"uid": "3453563", "content": "雅"}, {"uid": "29414534", "content": "哈哈哈哈"}, {"uid": "78526962", "content": "还行还行"}, {"uid": "5897423", "content": "草"}, {"uid": "85612584", "content": "各种意义上的草"}, {"uid": "16029764", "content": "哈哈哈哈哈哈哈"}, {"uid": "302457062", "content": "草听得出尽力了"}, {"uid": "111961", "content": "草 草"}, {"uid": "29528189", "content": "上流阿柴"}, {"uid": "39937191", "content": "这不是八云兔不秃么？"}, {"uid": "4544396", "content": "草"}, {"uid": "13380338", "content": "草"}, {"uid": "4895775", "content": "草www"}, {"uid": "64964775", "content": "灵魂降调"}, {"uid": "4574827", "content": "草"}, {"uid": "13380338", "content": "高雅"}, {"uid": "36065815", "content": "上流啊"}, {"uid": "445714861", "content": "草哈哈哈哈"}, {"uid": "4472064", "content": "草"}, {"uid": "407400016", "content": "草"}, {"uid": "12976291", "content": "草"}, {"uid": "15054978", "content": "草"}, {"uid": "450780625", "content": "草"}, {"uid": "1985491", "content": "可以的"}, {"uid": "29528189", "content": "哈哈哈哈哈哈哈哈"}, {"uid": "7252868", "content": "草"}, {"uid": "266548366", "content": "上流"}, {"uid": "36065815", "content": "草"}, {"uid": "1570297", "content": "上流"}, {"uid": "8082157", "content": "好像 也不是 不行"}, {"uid": "63945453", "content": "草"}, {"uid": "229717501", "content": "草"}, {"uid": "1967745", "content": "草"}, {"uid": "383084364", "content": "草"}, {"uid": "2026686", "content": "稀碎"}, {"uid": "15712712", "content": "草"}, {"uid": "1532020", "content": "上流"}, {"uid": "174751", "content": "草"}, {"uid": "2054385009", "content": "草"}]