[{"uid": "415371865", "content": "绝绝子！"}, {"uid": "179329719", "content": "太绝了我又重听一百遍（）"}, {"uid": "179329719", "content": "好听"}, {"uid": "446698451", "content": "柴柴柴柴柴柴柴柴柴柴柴柴柴"}, {"uid": "19857265", "content": "开头就帅！"}, {"uid": "302457062", "content": "太帅了不管看多少遍这张真的帅"}, {"uid": "499456467", "content": "朋友们把上流打在公屏上"}, {"uid": "97489760", "content": "会唱就多唱点！！！"}, {"uid": "31319163", "content": "这个声音我可以（"}, {"uid": "66592584", "content": "这里好听！"}, {"uid": "1818384", "content": "草草草单推了！"}, {"uid": "492102978", "content": "帅帅的"}, {"uid": "492102978", "content": "帅！"}, {"uid": "34216385", "content": "太会了太会了"}, {"uid": "11750698", "content": "一瞬间好像八爷……"}, {"uid": "23032321", "content": "哥哥哥"}, {"uid": "13380338", "content": "这个翻译草"}, {"uid": "19453881", "content": "kksk！"}, {"uid": "32587443", "content": "啊这也太好听了，大哥"}, {"uid": "299881016", "content": "！！太好听了"}, {"uid": "197691819", "content": "太绝了"}, {"uid": "388229150", "content": "上流柴suki———！！"}, {"uid": "13380338", "content": "这也太会唱了吧我傻掉"}, {"uid": "320990133", "content": "上流"}, {"uid": "405603049", "content": "上流！"}, {"uid": "19857265", "content": "！！英文太可了"}, {"uid": "43736615", "content": "我，我牵错狗了？"}, {"uid": "406537408", "content": "草这个翻译"}, {"uid": "87896750", "content": "强 柴柴 强"}, {"uid": "197691819", "content": "再来亿遍"}, {"uid": "396786616", "content": "上流!"}, {"uid": "27176631", "content": "上流！上流"}, {"uid": "16595759", "content": "啊我死了"}, {"uid": "23032321", "content": "绝了绝了"}, {"uid": "302191906", "content": "高音太漂亮了"}, {"uid": "32587443", "content": "上流狗勾"}, {"uid": "492102978", "content": "温柔的声音"}, {"uid": "23032321", "content": "woww"}, {"uid": "5897423", "content": "和声太好听了"}, {"uid": "446698451", "content": "啊啊啊啊啊"}, {"uid": "405603049", "content": "可惜这只狗好少发歌呜呜，最近还是合唱"}, {"uid": "446698451", "content": "呜呜呜呜呜呜呜呜呜呜"}, {"uid": "2077626872", "content": "上流柴柴"}, {"uid": "499456467", "content": "上流"}, {"uid": "10550972", "content": "上流柴柴！！！！！！！！"}, {"uid": "383699441", "content": "这太色了"}, {"uid": "23032321", "content": "好酷好酷好酷"}, {"uid": "2209382", "content": "有点池的"}, {"uid": "186576979", "content": "上流"}, {"uid": "87896750", "content": "这首啊！！！！！！！sukisuki"}, {"uid": "23032321", "content": "真的好好听TT"}, {"uid": "11517300", "content": "kksk"}, {"uid": "231078864", "content": "上流"}, {"uid": "499456467", "content": "大哥牛逼"}, {"uid": "499456467", "content": "哇"}, {"uid": "407400016", "content": "我瞎了草"}, {"uid": "405603049", "content": "擦 太好听了"}, {"uid": "492102978", "content": "好听"}, {"uid": "97192573", "content": "好好听"}, {"uid": "290679632", "content": "太帅了"}, {"uid": "59467353", "content": "上流"}, {"uid": "567805485", "content": "这也太好听了TT"}, {"uid": "62423597", "content": "草这个翻译"}, {"uid": "320990133", "content": "k k s k"}, {"uid": "392614708", "content": "绝了"}, {"uid": "455301955", "content": "好上流的感觉"}, {"uid": "2687357", "content": "tql"}, {"uid": "376266350", "content": "上流"}, {"uid": "320990133", "content": "好绝"}, {"uid": "23032321", "content": "好听好听TT"}, {"uid": "23032321", "content": "起飞"}, {"uid": "403442305", "content": "翻译草"}, {"uid": "19453881", "content": "kksk"}, {"uid": "346268056", "content": "草怪翻译"}, {"uid": "16106940", "content": "我直接恋爱，当场入坑"}, {"uid": "446698451", "content": "会唱多唱点"}, {"uid": "97489760", "content": "kksk"}, {"uid": "24451061", "content": "好听"}, {"uid": "413434847", "content": "大哥牛逼！"}, {"uid": "23032321", "content": "真的好绝"}, {"uid": "102830343", "content": "好听！！！！！！！！"}, {"uid": "36194655", "content": "第一条弹幕？"}, {"uid": "499456467", "content": "好听！"}, {"uid": "97489760", "content": "太池了"}, {"uid": "214302882", "content": "好听！"}, {"uid": "45576611", "content": "呜呜呜呜呜绝了"}, {"uid": "19453881", "content": "kksk"}, {"uid": "388229150", "content": "上流柴柴suki——!"}, {"uid": "3324766", "content": "帅帅帅"}, {"uid": "23032321", "content": "好色"}, {"uid": "413732396", "content": "会唱啊呜呜"}]