[{"uid": "526774785", "content": "两面包夹芝士"}, {"uid": "526774785", "content": "woc！"}, {"uid": "526774785", "content": "舔…舔鞋…！（谢谢脑子已经脑补出来了）"}, {"uid": "2981776", "content": "加班还在给资本家数钱"}, {"uid": "14222810", "content": "资本家看了都要流泪"}, {"uid": "6434260", "content": "草 好惨啊"}, {"uid": "322695189", "content": "很痛草 有端联想某痛松"}, {"uid": "316750", "content": "阿柴的bgm全都大好评呜呜呜呜"}, {"uid": "21755373", "content": "草，你是俄罗斯柴"}, {"uid": "21755373", "content": "打工人实惨"}, {"uid": "21755373", "content": "为什么又迫害社畜w"}, {"uid": "96601070", "content": "职业：抹布"}, {"uid": "485444723", "content": "咦！哈尔的移动城堡～人生的回转木马"}, {"uid": "10957920", "content": "实际上是个憨憨"}, {"uid": "606321696", "content": "草，这难道是大哥Aza"}, {"uid": "13625416", "content": "草这个词wwwwwwww"}, {"uid": "13625416", "content": "哕了哈哈哈哈哈哈"}, {"uid": "2209382", "content": "草还挺好听"}, {"uid": "1474042", "content": "好听，单挑了"}, {"uid": "1474042", "content": "什！r18的部分能展开说说吗（doge）"}, {"uid": "1474042", "content": "好 抹布 好"}, {"uid": "299344272", "content": "请问怎样快进到击剑(笑"}, {"uid": "49688496", "content": "好险我以为要被拉去变性了（狗头）"}, {"uid": "331105", "content": "太真实了、"}, {"uid": "331105", "content": "好家伙、你是魔鬼么"}, {"uid": "419783412", "content": "我乔鲁诺乔巴纳有一个梦想"}, {"uid": "11069011", "content": "怎么也是一个日语池的帅哥"}, {"uid": "498189492", "content": "啊，这他怕不是要成为秧歌。"}, {"uid": "171366900", "content": "憨憨草啊哈哈哈哈哈哈哈"}, {"uid": "18775596", "content": "草极了哈哈哈哈哈哈哈"}, {"uid": "20112774", "content": "老兵难度啊草"}, {"uid": "111961", "content": "你这马桶还挺高级"}, {"uid": "7269129", "content": "放完啊kola"}, {"uid": "441898263", "content": "草这句好像萨麦尔"}, {"uid": "3907972", "content": "bgm好评"}, {"uid": "385369426", "content": "是AZA没错了！"}, {"uid": "524868131", "content": "谢谢，有二到"}, {"uid": "3718984", "content": "好家伙，夕阳枪法"}, {"uid": "3289531", "content": "救命，VR捡到鬼了"}, {"uid": "1618133", "content": "闻到了下饭的味道"}, {"uid": "1618133", "content": "打工柴"}, {"uid": "346714923", "content": "这TM是个鬼才"}, {"uid": "1618133", "content": "职位：全自动擦鞋机"}, {"uid": "346714923", "content": "你好憨啊哈哈哈哈憨憨"}, {"uid": "29150180", "content": "哈哈哈哈哈哈哈"}, {"uid": "11809665", "content": "看懂了，阿柴十分擅长fps"}, {"uid": "11809665", "content": "千春后继有人"}, {"uid": "23184396", "content": "快进到击剑（光速）"}, {"uid": "293613", "content": "草哈哈哈哈哈哈哈哈哈哈哈哈哈"}, {"uid": "300227", "content": "空 中 散 步"}, {"uid": "11495817", "content": "你的床还是粉色的？"}, {"uid": "287031", "content": "好惨一柴"}, {"uid": "150339458", "content": "为什么夸自己还要哦吼一下哈哈哈哈哈"}, {"uid": "1522183", "content": "世界级弹舌哈哈哈哈"}, {"uid": "150339458", "content": "这个弹舌就离谱"}, {"uid": "241685477", "content": "草，打工狗"}, {"uid": "150339458", "content": "歌力强强"}, {"uid": "1522183", "content": "背景如龙哈哈哈哈哈"}, {"uid": "150339458", "content": "高兴地笑出声.JPG"}, {"uid": "13380338", "content": "好憨哈哈哈哈哈"}, {"uid": "1873032415", "content": "靠，才注意到下面的快进到击剑"}, {"uid": "14222810", "content": "一打开就已经到早上了"}, {"uid": "20774033", "content": "这人的抹布资源我现在全部要（"}, {"uid": "39478528", "content": "不是一九挺不错"}, {"uid": "11697770", "content": "二！次！元！"}, {"uid": "2209382", "content": "草好惨"}, {"uid": "23377337", "content": "太有趣了，我擦"}, {"uid": "100913104", "content": "好憨啊hhhh"}, {"uid": "773438", "content": "草"}, {"uid": "7233425", "content": "草"}, {"uid": "13828636", "content": "太惨了吧草"}, {"uid": "34706838", "content": "你也不是什么魔鬼"}, {"uid": "834123", "content": "草你这也太憨了"}, {"uid": "431317332", "content": "啊这又有歌势了"}, {"uid": "12541010", "content": "草哈哈哈哈"}, {"uid": "33192454", "content": "会做这种事的就只有阿萨AZA了！！！（不）"}, {"uid": "2363576", "content": "？？？？？"}, {"uid": "2676464", "content": "好小子"}, {"uid": "13380338", "content": "好听！！！！"}, {"uid": "34498788", "content": "快进到击剑！！"}, {"uid": "6697363", "content": "哈哈哈哈哈哈"}, {"uid": "34115531", "content": "这个莫非是大哥AZA"}, {"uid": "18021419", "content": "后街女孩？！！"}, {"uid": "73821031", "content": "？土木无特长人哭泣（"}, {"uid": "627278294", "content": "快进到击♂剑"}, {"uid": "1618133", "content": "盖———亚————"}, {"uid": "10903949", "content": "草 牛逼"}, {"uid": "23184396", "content": "抹布，草，hso（？）"}, {"uid": "293613", "content": "救我！！盖亚！！"}, {"uid": "92598907", "content": "哈哈哈哈哈哈哈"}, {"uid": "17498227", "content": "好家伙"}, {"uid": "17498227", "content": "哈哈哈哈哈哈哈哈"}, {"uid": "759088", "content": "镜头不要一直对着马桶啊！"}, {"uid": "171969", "content": "人体描边大师"}, {"uid": "13380338", "content": "草哈哈哈哈哈哈哈哈哈哈哈哈哈"}, {"uid": "150339458", "content": "草新的吃瘪王出现了"}, {"uid": "150339458", "content": "动捕好可爱"}, {"uid": "150339458", "content": "还挺好听"}, {"uid": "412398037", "content": "草"}, {"uid": "498791452", "content": "？？草哈哈哈哈哈"}, {"uid": "223868962", "content": "hhhhhhh"}, {"uid": "334998884", "content": "人体描边"}, {"uid": "37890803", "content": "？"}, {"uid": "11697770", "content": "和哈哈哈哈哈哈哈哈哈哈哈哈"}, {"uid": "11697770", "content": "我笑灭了"}, {"uid": "7884052", "content": "太牛逼了"}, {"uid": "237464452", "content": "没好的一天结束了"}, {"uid": "169957619", "content": "？你这不是很会吗？？？"}, {"uid": "290679632", "content": "快进到击剑"}, {"uid": "13625416", "content": "哈哈哈哈哈哈哈哈哈哈哈哈哈哈"}, {"uid": "143874256", "content": "字幕哈哈哈哈哈哈哈你也是贵族?"}, {"uid": "143874256", "content": "草"}, {"uid": "52589913", "content": "草"}, {"uid": "1474042", "content": "快进到击剑"}, {"uid": "492102978", "content": "草"}, {"uid": "7233425", "content": "草！"}, {"uid": "450701432", "content": "沦为社畜"}, {"uid": "529249", "content": "草！"}, {"uid": "1698481", "content": "这个字体太痛了"}, {"uid": "431317332", "content": "草AZA又来压榨打工人了"}, {"uid": "299344272", "content": "快点，快进到及肩"}, {"uid": "5155551", "content": "草"}, {"uid": "331105", "content": "太真实了www"}, {"uid": "86639591", "content": "快进到击剑"}, {"uid": "291738", "content": "这很毛子"}, {"uid": "18237552", "content": "草"}, {"uid": "2278297", "content": "草、秀弹舌啊"}, {"uid": "457760227", "content": "快进到击剑"}, {"uid": "538549367", "content": "aza人传人"}, {"uid": "677079", "content": "nujabes！"}, {"uid": "12598908", "content": "hhhhhh"}, {"uid": "320990133", "content": "草"}, {"uid": "6697363", "content": "哈哈哈哈哈哈笑死我了"}, {"uid": "1618133", "content": "？？？这是什么极恶组织kuwa！"}, {"uid": "1979159", "content": "太惨了"}, {"uid": "36065815", "content": "这个弹舌好有感觉"}, {"uid": "168826592", "content": "真就不擦呗（"}, {"uid": "8633129", "content": "草"}, {"uid": "356001889", "content": "难道是最强动动捕吗"}, {"uid": "51770271", "content": "#VR狼性企业"}, {"uid": "356001889", "content": "会弹舌的通通举报"}, {"uid": "13380338", "content": "哈哈哈哈哈啊哈哈笑拉了"}, {"uid": "19923720", "content": "快进到击剑草"}, {"uid": "272388327", "content": "草草草"}, {"uid": "11697770", "content": "柴 惨"}, {"uid": "642585175", "content": "快进到击剑"}, {"uid": "34131986", "content": "草"}, {"uid": "320990133", "content": "？"}, {"uid": "2209382", "content": "草"}, {"uid": "171366900", "content": "草"}, {"uid": "65418468", "content": "吾之剑未尝不利也"}, {"uid": "95342899", "content": "快进到击剑"}, {"uid": "8932298", "content": "盖——亚——"}, {"uid": "34449678", "content": "？"}, {"uid": "23377337", "content": "草"}, {"uid": "102830343", "content": "草"}, {"uid": "100913104", "content": "哈哈哈哈哈哈哈草"}, {"uid": "1474042", "content": "？？？你最好是"}, {"uid": "1474042", "content": "抹布？什么抹布？！"}, {"uid": "1987445", "content": "？？"}, {"uid": "30375190", "content": "快进到击剑"}, {"uid": "642928866", "content": "俺也一样"}, {"uid": "277788534", "content": "草"}, {"uid": "22748730", "content": "草"}, {"uid": "538549367", "content": "草"}, {"uid": "7269129", "content": "汤姆.jpg"}, {"uid": "89056237", "content": "草"}, {"uid": "492209650", "content": "秧歌star"}, {"uid": "668224487", "content": "哈哈"}, {"uid": "2116435736", "content": "一看到JOJO，我就进来了，很快啊"}, {"uid": "1979159", "content": "？？？？"}, {"uid": "346714923", "content": "俄国阿柴叭您是？"}, {"uid": "92598907", "content": "你这不是很会唱吗"}, {"uid": "2114546", "content": "哈哈哈哈哈"}, {"uid": "2114546", "content": "草"}, {"uid": "759088", "content": "这不是头？.jpg"}, {"uid": "799474", "content": "omg好好听！"}, {"uid": "67702551", "content": "极道弹舌！"}, {"uid": "13380338", "content": "快进到击剑"}, {"uid": "67702551", "content": "草"}, {"uid": "24847314", "content": "草"}, {"uid": "150339458", "content": "好可怕"}, {"uid": "150339458", "content": "草"}, {"uid": "131565501", "content": "草"}, {"uid": "95903224", "content": "前方高能"}, {"uid": "7884052", "content": "太草了 我好喜欢"}, {"uid": "5006516", "content": "哈哈哈哈哈哈哈"}, {"uid": "388242862", "content": "草"}, {"uid": "102830343", "content": "哈哈哈哈哈哈哈"}, {"uid": "102830343", "content": "草哈哈哈哈哈哈哈哈"}, {"uid": "52589913", "content": "草"}, {"uid": "9057693", "content": "这字幕草"}, {"uid": "2059504", "content": "笑死"}, {"uid": "385039612", "content": "怎么才七成啊？"}, {"uid": "274637445", "content": "快进到击剑"}, {"uid": "20112774", "content": "老兵难度不背板被干碎不是很正常吗（）"}, {"uid": "37619033", "content": "草"}, {"uid": "12646729", "content": "你是恶魔吗"}, {"uid": "823979", "content": "好开"}, {"uid": "96641090", "content": "犬棒棒"}, {"uid": "217916479", "content": "草"}, {"uid": "34351934", "content": "快进到击剑"}, {"uid": "2363576", "content": "盖亚！！！"}, {"uid": "7269129", "content": "草"}, {"uid": "33598230", "content": "草"}, {"uid": "3289531", "content": "草"}, {"uid": "1979159", "content": "草"}, {"uid": "12080991", "content": "西八？ 怎么还骂人的"}, {"uid": "33027806", "content": "草"}, {"uid": "11237031", "content": "有意思啊，37好个37"}, {"uid": "99020758", "content": "csgo哈哈哈哈哈哈"}, {"uid": "1819467", "content": "一代哟一代哟"}, {"uid": "99020758", "content": "草"}, {"uid": "623605", "content": "草"}, {"uid": "484872348", "content": "草"}, {"uid": "622301", "content": "草"}, {"uid": "324069412", "content": "好顶"}, {"uid": "150339458", "content": "草弹舌"}, {"uid": "28190787", "content": "草"}, {"uid": "324069412", "content": "草"}, {"uid": "1522183", "content": "哈哈哈哈哈哈哈"}, {"uid": "150339458", "content": "草你得意什么"}, {"uid": "20303842", "content": "我笑死了"}, {"uid": "1483670", "content": "？？？"}, {"uid": "642585175", "content": "汪"}, {"uid": "606321696", "content": "盖——亚——"}, {"uid": "34131986", "content": "？"}, {"uid": "13625416", "content": "vr要求会日语的啦"}, {"uid": "23032321", "content": "c"}, {"uid": "91541566", "content": "草"}, {"uid": "100913104", "content": "草"}, {"uid": "102830343", "content": "草啊"}, {"uid": "12169505", "content": "还能有3?"}, {"uid": "1675487", "content": "草"}, {"uid": "6694776", "content": "草"}, {"uid": "61639371", "content": "神经病啊"}, {"uid": "280686072", "content": "？"}, {"uid": "9987534", "content": "咕嘿嘿"}, {"uid": "277788534", "content": "好听！！"}, {"uid": "6992062", "content": "草"}, {"uid": "110924125", "content": "草"}, {"uid": "272798928", "content": "草，AZA"}, {"uid": "2363576", "content": "好痛"}, {"uid": "2363576", "content": "hhhhhhhh"}, {"uid": "7269129", "content": "草"}, {"uid": "320990133", "content": "快进到击剑"}, {"uid": "441992681", "content": "快进到击剑"}, {"uid": "320783089", "content": "？后街狗人？？？"}, {"uid": "3718984", "content": "草"}, {"uid": "876806", "content": "快进到击剑"}, {"uid": "346714923", "content": "ohhhhhhhh"}, {"uid": "346714923", "content": "草"}, {"uid": "346714923", "content": "草"}, {"uid": "10903949", "content": "草"}, {"uid": "293613", "content": "伏特加"}, {"uid": "293613", "content": "毛子口音"}, {"uid": "13893362", "content": "草"}, {"uid": "8185392", "content": "？？？"}, {"uid": "1932614", "content": "草"}, {"uid": "40631445", "content": "草"}, {"uid": "40631445", "content": "？？？"}, {"uid": "222710244", "content": "hhhhhhc"}, {"uid": "20319918", "content": "查水表了"}, {"uid": "5512516", "content": "盖亚"}, {"uid": "110496279", "content": "草，什么玩意"}, {"uid": "35418184", "content": "好听！"}, {"uid": "13380338", "content": "草啊"}, {"uid": "28622250", "content": "草草草"}, {"uid": "13380338", "content": "草啊"}, {"uid": "2981776", "content": "？"}, {"uid": "31319163", "content": "？woc"}, {"uid": "6434260", "content": "？"}, {"uid": "12713648", "content": "草"}, {"uid": "335289371", "content": "草"}, {"uid": "237464452", "content": "没好的一天结束了"}, {"uid": "189842", "content": "苹果电脑玩游戏？"}, {"uid": "2209382", "content": "草草草"}, {"uid": "65418468", "content": "小秦？"}, {"uid": "130173027", "content": "草"}, {"uid": "130173027", "content": "草"}, {"uid": "102830343", "content": "bgm好"}, {"uid": "450701432", "content": "枪法太差了"}, {"uid": "457760227", "content": "？？？？？"}, {"uid": "12646729", "content": "恶魔"}, {"uid": "12646729", "content": "？？？？？？？"}, {"uid": "1585627527", "content": "草"}, {"uid": "156871341", "content": "过分？"}, {"uid": "61639371", "content": "草"}, {"uid": "15233725", "content": "草"}, {"uid": "280686072", "content": "？？？"}, {"uid": "75984877", "content": "草"}, {"uid": "25994028", "content": "离谱"}, {"uid": "344407800", "content": "好草"}, {"uid": "457760227", "content": "？"}, {"uid": "9026603", "content": "草"}, {"uid": "325987527", "content": "快击剑"}, {"uid": "538549367", "content": "干的细碎"}, {"uid": "51770271", "content": "草"}, {"uid": "10269850", "content": "草啊"}, {"uid": "237540977", "content": "？"}, {"uid": "92598907", "content": "草"}, {"uid": "19580622", "content": "草草草"}, {"uid": "1974223", "content": "草"}, {"uid": "15631172", "content": "害挺好听"}, {"uid": "40631445", "content": "好听好听"}, {"uid": "1932614", "content": "快进到击剑"}, {"uid": "40631445", "content": "快进到击剑"}, {"uid": "40631445", "content": "草"}, {"uid": "1522183", "content": "草哈哈哈哈哈哈哈哈"}, {"uid": "89159", "content": "草"}, {"uid": "150339458", "content": "草"}, {"uid": "89159", "content": "草"}, {"uid": "13380338", "content": "草啊这字幕"}, {"uid": "13380338", "content": "草"}, {"uid": "412398037", "content": "草"}, {"uid": "2981776", "content": "实际上是条傻狗"}, {"uid": "6434260", "content": "草"}, {"uid": "12713648", "content": "草"}, {"uid": "130883543", "content": "草草草草草"}, {"uid": "5006516", "content": "草"}, {"uid": "290679632", "content": "草"}, {"uid": "13625416", "content": "草"}, {"uid": "6733835", "content": "草"}, {"uid": "102830343", "content": "好听！！！！！"}, {"uid": "102830343", "content": "雷击"}, {"uid": "510492042", "content": "好听诶！"}, {"uid": "38056389", "content": "有点搞笑"}, {"uid": "773438", "content": "草"}, {"uid": "231614934", "content": "草"}, {"uid": "7233425", "content": "草"}, {"uid": "2059504", "content": "草草草草"}, {"uid": "2059504", "content": "草"}, {"uid": "385039612", "content": "？？？？？？？"}, {"uid": "1698481", "content": "有理"}, {"uid": "693524208", "content": "草"}, {"uid": "277788534", "content": "草"}, {"uid": "217916479", "content": "www"}, {"uid": "2363576", "content": "你？？"}, {"uid": "538549367", "content": "草"}, {"uid": "7269129", "content": "草"}, {"uid": "668224487", "content": "哈哈"}, {"uid": "237540977", "content": "草"}, {"uid": "10903949", "content": "草"}, {"uid": "293613", "content": "谢谢你泰罗"}, {"uid": "34405908", "content": "？"}, {"uid": "40631445", "content": "草"}, {"uid": "67702551", "content": "草"}, {"uid": "3804783", "content": "草"}, {"uid": "6589536", "content": "草"}, {"uid": "150339458", "content": "哈哈哈哈哈哈哈哈"}, {"uid": "24847314", "content": "草"}, {"uid": "356001889", "content": "草"}, {"uid": "19923720", "content": "草"}, {"uid": "15116045", "content": "击剑"}, {"uid": "272388327", "content": "草"}, {"uid": "31319163", "content": "？"}, {"uid": "276843", "content": "草"}, {"uid": "474276", "content": "我点了呀！怎么暂停了？击剑呢？？击剑呢？！"}, {"uid": "606321696", "content": "草草草"}, {"uid": "13625416", "content": "哕"}, {"uid": "2209382", "content": "？"}, {"uid": "143874256", "content": "草"}, {"uid": "388242862", "content": "草"}, {"uid": "102830343", "content": "bgm好"}, {"uid": "100913104", "content": "草"}, {"uid": "1474042", "content": "我哭了"}, {"uid": "4174612", "content": "隐忍！"}, {"uid": "123695068", "content": "吃饭看到马桶！呕"}, {"uid": "22460464", "content": "快进"}, {"uid": "330060804", "content": "草"}, {"uid": "341666160", "content": "草"}, {"uid": "8254614", "content": "可以诶"}, {"uid": "7177923", "content": "草"}, {"uid": "344407800", "content": "草"}, {"uid": "2363576", "content": "？？？？？"}, {"uid": "19863128", "content": "草"}, {"uid": "1675487", "content": "啊这"}, {"uid": "4915803", "content": "好汀"}, {"uid": "16171733", "content": "quit"}, {"uid": "602046501", "content": "无心"}, {"uid": "668224487", "content": "哈哈"}, {"uid": "1618133", "content": "草啊"}, {"uid": "346714923", "content": "草"}, {"uid": "237540977", "content": "草"}, {"uid": "99020758", "content": "盖亚！！！！"}, {"uid": "511208409", "content": "草啊"}, {"uid": "11495817", "content": "草"}, {"uid": "40631445", "content": "？"}, {"uid": "87995399", "content": "草"}, {"uid": "430551603", "content": "草"}, {"uid": "356001889", "content": "举报了"}, {"uid": "451099480", "content": "草"}, {"uid": "3848287", "content": "剑来"}, {"uid": "5512516", "content": "草"}, {"uid": "356001889", "content": "草"}, {"uid": "13380338", "content": "草"}, {"uid": "13380338", "content": "草"}, {"uid": "392211279", "content": "草"}, {"uid": "6434260", "content": "？草"}, {"uid": "11697770", "content": "笑死了"}, {"uid": "606321696", "content": "草"}, {"uid": "34131986", "content": "？"}, {"uid": "388242862", "content": "草"}, {"uid": "228910136", "content": "草"}, {"uid": "95342899", "content": "草"}, {"uid": "348265622", "content": "草"}, {"uid": "35440151", "content": "草"}, {"uid": "102830343", "content": "草"}, {"uid": "52970682", "content": "草"}, {"uid": "9057693", "content": "草"}, {"uid": "506793079", "content": "有鬼吗"}, {"uid": "74487624", "content": "草"}, {"uid": "74487624", "content": "草"}, {"uid": "23742289", "content": "好听"}, {"uid": "71274560", "content": "草"}, {"uid": "320990133", "content": "笑吐了"}, {"uid": "320990133", "content": "草"}, {"uid": "10903949", "content": "草"}, {"uid": "13893362", "content": "草"}, {"uid": "99020758", "content": "草"}, {"uid": "10609726", "content": "草"}, {"uid": "269917", "content": "lbwnb"}, {"uid": "749237", "content": "草"}, {"uid": "241685477", "content": "草"}, {"uid": "408753", "content": "哈哈哈哈哈哈哈哈哈哈哈哈哈太过分了"}, {"uid": "272388327", "content": "草哈哈哈哈哈哈哈哈哈哈哈哈哈哈哈哈哈哈哈"}, {"uid": "6434260", "content": "哈哈哈哈哈哈哈哈哈哈哈哈哈哈哈哈哈哈哈"}, {"uid": "385039612", "content": "这特么是人？？？？？？？？？？？？"}, {"uid": "330060804", "content": "哈哈哈哈哈哈哈哈哈哈哈哈哈哈哈哈哈哈哈哈哈哈哈哈哈哈哈哈哈哈"}, {"uid": "330060804", "content": "哈哈哈哈哈哈哈哈哈哈哈哈哈哈哈哈哈哈哈哈哈哈哈哈哈哈哈哈哈哈"}, {"uid": "438089572", "content": "煞费苦心"}, {"uid": "13380338", "content": "草哈哈哈哈哈哈哈哈哈哈哈哈哈笑拉了"}]