[{"uid": "24033794", "content": "完了"}, {"uid": "24033794", "content": "重生老懒狗"}, {"uid": "265228531", "content": "草"}, {"uid": "21103150", "content": "好卡"}, {"uid": "21103150", "content": "草"}, {"uid": "1352912", "content": "才看到17队25人草"}, {"uid": "12183118", "content": "草 脏话不回避"}, {"uid": "2687357", "content": "草"}, {"uid": "10213319", "content": "非自然死亡"}, {"uid": "13380338", "content": "草"}, {"uid": "302465761", "content": "TMD！"}, {"uid": "302465761", "content": "哈哈哈哈哈哈哈哈哈"}, {"uid": "23145900", "content": "这是在干什么"}, {"uid": "9259578", "content": "草"}, {"uid": "11697770", "content": "和和哈哈哈哈哈哈哈哈哈哈哈哈"}, {"uid": "14279540", "content": "突然去世"}, {"uid": "14279540", "content": "哈哈哈哈哈哈哈哈"}, {"uid": "504057", "content": "哈哈哈哈哈哈哈哈哈哈哈哈哈"}, {"uid": "24033794", "content": "贴地飞行"}, {"uid": "37707238", "content": "哈哈哈哈"}, {"uid": "11697770", "content": "哈哈哈哈哈哈哈哈哈哈哈哈哈哈哈"}]