[{"uid": "29110389", "content": "nox，私发我一份（不是）"}, {"uid": "86952812", "content": "草"}, {"uid": "1278193", "content": "草"}, {"uid": "174016622", "content": "草"}, {"uid": "49645254", "content": "笑死了哈哈哈哈"}, {"uid": "95116810", "content": "哈哈哈哈哈哈哈哈"}, {"uid": "11349715", "content": "我裂开了"}, {"uid": "7392284", "content": "？？？？"}, {"uid": "217949682", "content": "我走的很安详"}, {"uid": "8082157", "content": "这特效就离谱"}, {"uid": "10957920", "content": "nox，干得漂亮"}, {"uid": "457760227", "content": "哈哈哈哈哈"}, {"uid": "445714861", "content": "草"}, {"uid": "834123", "content": "草"}, {"uid": "13380338", "content": "kimo（狗头）"}, {"uid": "301451671", "content": "哈哈哈哈哈哈哈哈哈哈哈哈"}, {"uid": "5900791", "content": "闹闹，谢谢你"}, {"uid": "13380338", "content": "哈哈哈哈哈哈哈哈哈啊哈哈哈"}, {"uid": "95116810", "content": "哈哈哈哈哈哈哈哈"}, {"uid": "13380338", "content": "我笑死了哈哈哈哈哈哈哈哈哈"}, {"uid": "24765653", "content": "哈哈哈哈"}, {"uid": "425821", "content": "哈哈哈哈哈哈"}, {"uid": "13625416", "content": "哈哈哈哈哈哈哈哈哈哈哈哈"}, {"uid": "13380338", "content": "哈哈哈哈哈哈啊哈哈哈哈"}, {"uid": "399686863", "content": "哈哈哈哈哈哈"}, {"uid": "49645254", "content": "哈哈哈哈哈哈"}, {"uid": "21241939", "content": "快跑！"}, {"uid": "10550972", "content": "哈哈哈哈哈哈哈哈哈哈哈"}, {"uid": "3093460", "content": "哈哈哈哈哈哈哈哈"}, {"uid": "301451671", "content": "草"}, {"uid": "2294812", "content": "哈哈哈哈哈"}, {"uid": "14716875", "content": "哈哈哈哈哈哈哈哈哈"}, {"uid": "12671555", "content": "哈哈哈哈哈哈哈哈哈"}, {"uid": "8272995", "content": "hhhhhhhhhhhhhhhhh"}, {"uid": "95116810", "content": "草"}, {"uid": "132270", "content": "草"}, {"uid": "36065815", "content": "草"}, {"uid": "13380338", "content": "哈哈哈哈哈哈哈哈哈哈哈哈哈哈哈哈哈哈啊哈哈哈哈哈"}]