[{"uid": "327618902", "content": "这是什么啊救命"}, {"uid": "352102341", "content": "这个，呃，嘶"}, {"uid": "352102341", "content": "野生草"}, {"uid": "352102341", "content": "草"}, {"uid": "352102341", "content": "《正经且优雅》"}, {"uid": "352102341", "content": "哈哈哈哈哈哈哈哈哈"}, {"uid": "352102341", "content": "出去玩电脑草"}, {"uid": "352102341", "content": "草"}, {"uid": "284701184", "content": "草"}, {"uid": "433224147", "content": "草草"}, {"uid": "433224147", "content": "哈哈哈哈哈哈哈哈"}, {"uid": "24765653", "content": "哈哈哈哈哈哈哈哈"}, {"uid": "36293250", "content": "？"}, {"uid": "591261679", "content": "哥哥哥哥哥哥"}, {"uid": "591261679", "content": "好带感ww"}, {"uid": "204757790", "content": "草！又开大了！"}, {"uid": "12966286", "content": "草啊"}, {"uid": "284701184", "content": "疯狂点头"}, {"uid": "27176631", "content": "哈哈哈突然有天津味儿了哈哈哈"}, {"uid": "284701184", "content": "？"}, {"uid": "126727319", "content": "哈哈哈哈哈哈哈哈哈哈哈哈"}, {"uid": "5073726", "content": "白色相簿"}, {"uid": "5073726", "content": "刘老根大舞台哈哈哈哈哈"}, {"uid": "5073726", "content": "耳机草"}, {"uid": "351410756", "content": "度人好涩。。。。"}, {"uid": "6836627", "content": "麻了"}, {"uid": "32003997", "content": "？？"}, {"uid": "215831", "content": "草"}, {"uid": "13318999", "content": "?"}, {"uid": "1459699014", "content": "草"}, {"uid": "1459699014", "content": "这雨声也太大了"}, {"uid": "3078826", "content": "骗到了"}, {"uid": "3078826", "content": "写文案的人好懂哦"}, {"uid": "276295638", "content": "铁窗泪"}, {"uid": "276295638", "content": "这里适当怀疑一下阿柴暗箱操作"}, {"uid": "265228531", "content": "草"}, {"uid": "265228531", "content": "好温柔的度人"}, {"uid": "159041983", "content": "让我看看你的浏览器有什么"}, {"uid": "159041983", "content": "1"}, {"uid": "159041983", "content": "2"}, {"uid": "159041983", "content": "hh"}, {"uid": "265228531", "content": "草审讯室啊"}, {"uid": "265228531", "content": "草这破音"}, {"uid": "1858663", "content": "光一哥又开大了（"}, {"uid": "425821", "content": "上流担当（x"}, {"uid": "425821", "content": "ddl太真实了"}, {"uid": "6867896", "content": "草 孩子 草"}, {"uid": "106329530", "content": "草"}, {"uid": "79410348", "content": "？"}, {"uid": "106329530", "content": "？"}, {"uid": "293630816", "content": "呜呜呜终于有人揪这个错了我每次看别人说错了又不敢去说"}, {"uid": "23189277", "content": "阿柴你好会"}, {"uid": "486131622", "content": "不认识，谁？"}, {"uid": "486131622", "content": "蚌埠住了"}, {"uid": "486131622", "content": "给我整笑了"}, {"uid": "86574472", "content": "！"}, {"uid": "6036414", "content": "那不得雨露均沾那"}, {"uid": "86574472", "content": "哈哈哈哈哈哈哈哈哈哈哈"}, {"uid": "106329530", "content": "草"}, {"uid": "110871101", "content": "你好噗妞噗妞"}, {"uid": "399481", "content": "哈哈哈哈哈哈哈、"}, {"uid": "399481", "content": "kancolle 始まるで草"}, {"uid": "9516706", "content": "麦麦你带我走吧"}, {"uid": "9516706", "content": "会"}, {"uid": "81726642", "content": "你好怪啊"}, {"uid": "138954267", "content": "刚刚我以为自己卡了"}, {"uid": "4891563", "content": "？"}, {"uid": "4891563", "content": "草"}, {"uid": "4891563", "content": "杰哥不要啊"}, {"uid": "4891563", "content": "草"}, {"uid": "4891563", "content": "？？？"}, {"uid": "3849388", "content": "草"}, {"uid": "3849388", "content": "？"}, {"uid": "3849388", "content": "太怪了"}, {"uid": "3849388", "content": "草"}, {"uid": "3849388", "content": "你上不了天堂了"}, {"uid": "3849388", "content": "“怎会如此”"}, {"uid": "3849388", "content": "。？"}, {"uid": "3849388", "content": "草现场抄台词"}, {"uid": "3849388", "content": "啥？叔宠？"}, {"uid": "3849388", "content": "柴：没有人比我更懂卡欧斯，哪怕是卡欧斯自己"}, {"uid": "3849388", "content": "《表白》"}, {"uid": "3849388", "content": "懂了，卡欧斯攻不起来（半恼）"}, {"uid": "3849388", "content": "只有homo才能完成的澡堂告白"}, {"uid": "7025765", "content": "OMO"}, {"uid": "20882186", "content": "草"}, {"uid": "312819253", "content": "好耶！"}, {"uid": "3849388", "content": "我感觉麦麦在被折磨"}, {"uid": "3849388", "content": "？"}, {"uid": "3849388", "content": "有攻略？不是被攻略吗？"}, {"uid": "3849388", "content": "你们这是什么店啊！"}, {"uid": "33859815", "content": "度宝的声音好咸鱼"}, {"uid": "22460464", "content": "笑死了"}, {"uid": "22460464", "content": "小圆脸你在干什么"}, {"uid": "22460464", "content": "草"}, {"uid": "22460464", "content": "草，不愧是你"}, {"uid": "22460464", "content": "但随便起来不是人（"}, {"uid": "22460464", "content": "草"}, {"uid": "22460464", "content": "为什么小圆脸不能站椅子上"}, {"uid": "22460464", "content": "《实际上你就是站着的》"}, {"uid": "22460464", "content": "《正经且优雅》"}, {"uid": "22460464", "content": "给我换台啊，谁要看小圆脸啊（bushi"}, {"uid": "22460464", "content": "靠"}, {"uid": "650035922", "content": "草草草草草草"}, {"uid": "650035922", "content": "互......互相搓背？"}, {"uid": "650035922", "content": "草"}, {"uid": "650035922", "content": "草草草草草草"}, {"uid": "650035922", "content": "？下暴雨了这是（狗头"}, {"uid": "650035922", "content": "囚禁香啊"}, {"uid": "380740", "content": "光一不可能装c盘"}, {"uid": "438890162", "content": "草这是阿宅担当"}, {"uid": "380740", "content": "要加钱！"}, {"uid": "380740", "content": "草"}, {"uid": "380740", "content": "毕竟没有腿"}, {"uid": "26584754", "content": "草"}, {"uid": "4117386", "content": "中单光一你好狠毒"}, {"uid": "517371326", "content": "哈哈哈哈哈"}, {"uid": "517371326", "content": "hhh"}, {"uid": "517371326", "content": "刚刚麦麦的那句“哈”好涩啊！"}, {"uid": "517371326", "content": "草"}, {"uid": "517371326", "content": "草"}, {"uid": "11069011", "content": "六芒星联动每次都好好笑，完全大满足！！！！"}, {"uid": "11069011", "content": "我撒娇卡宝呢我那么大一个撒娇的卡宝呢！！！"}, {"uid": "11069011", "content": "？？？？一直都是我给kos上的 嘶……信息量巨大"}, {"uid": "11069011", "content": "完蛋了卡宝语言板块坏掉了"}, {"uid": "11069011", "content": "语文老师柴上线，kos不行哈哈哈哈哈"}, {"uid": "11069011", "content": "草哈哈哈哈强行满意"}, {"uid": "11069011", "content": "草草草"}, {"uid": "11069011", "content": "草"}, {"uid": "11069011", "content": "草"}, {"uid": "8121194", "content": "太草了"}, {"uid": "8121194", "content": "你再骂？"}, {"uid": "11069011", "content": "我心情，但是懒惰可以战胜一切"}, {"uid": "11069011", "content": "绝对玩电脑！！！"}, {"uid": "9448798", "content": "草！开大了"}, {"uid": "32318148", "content": "哈哈哈哈哈哈"}, {"uid": "9371744", "content": "语言系统故障了"}, {"uid": "9371744", "content": "哈哈哈哈，外星人"}, {"uid": "20427603", "content": "？"}, {"uid": "284072466", "content": "一眼光"}, {"uid": "45294520", "content": "草"}, {"uid": "12560410", "content": "哈哈哈哈哈麦宝"}, {"uid": "12560410", "content": "哈哈哈哈哈哈哈哈这个声音"}, {"uid": "45294520", "content": "草"}, {"uid": "20427603", "content": "和哈哈哈哈哈哈哈哈哈哈或或或"}, {"uid": "45294520", "content": "好家伙，我感觉我是来坐牢的"}, {"uid": "20427603", "content": "hhhhh"}, {"uid": "20427603", "content": "hhhhh"}, {"uid": "20427603", "content": "？？？"}, {"uid": "20427603", "content": "哈哈哈哈哈"}, {"uid": "11090132", "content": "草草草草草草草草草草"}, {"uid": "52433457", "content": "Dota2装C盘草草草"}, {"uid": "52433457", "content": "囚禁嘿嘿嘿"}, {"uid": "259115508", "content": "没有一个人记得店名也太好笑了"}, {"uid": "19509587", "content": "柴哈哈哈哈哈"}, {"uid": "11084643", "content": "wow"}, {"uid": "295344051", "content": "就像光一哥说话一样吗？"}, {"uid": "295344051", "content": "哈哈哈哈哈哈，想不到吧，死宅"}, {"uid": "295344051", "content": "你的耳机？"}, {"uid": "7215945", "content": "孩子不要了是吧"}, {"uid": "278066507", "content": "h'h'h"}, {"uid": "88464008", "content": "“你tm是不是要杠？”（kaka音）"}, {"uid": "278066507", "content": "要来了"}, {"uid": "88464008", "content": "？？？"}, {"uid": "278066507", "content": "编弹幕是吧"}, {"uid": "31319163", "content": "麦麦我问问"}, {"uid": "79888", "content": "？"}, {"uid": "650035922", "content": "啊啊啊啊啊啊啊啊啊啊啊啊啊啊啊"}, {"uid": "11090132", "content": "全麻了全麻了全麻了全麻了全麻了全麻了"}]