[{"uid": "31319163", "content": "好可爱啊阿柴"}, {"uid": "444393742", "content": "草"}, {"uid": "94631140", "content": "好可爱"}, {"uid": "34498788", "content": "柴柴强啊！！"}, {"uid": "357106782", "content": "上流人"}, {"uid": "44969536", "content": "小耳朵好可爱！！！！！！"}, {"uid": "11697770", "content": "牛的还挺好听"}, {"uid": "2077626872", "content": "上流"}, {"uid": "13789422", "content": "怎么说呢，听起来还不错"}, {"uid": "310327617", "content": "草"}, {"uid": "29414534", "content": "上流"}, {"uid": "324069412", "content": "小学生春游并感"}, {"uid": "40631445", "content": "雅"}]