[{"uid": "503385160", "content": "柴柴柴柴"}, {"uid": "28170550", "content": "卧槽太会唱了！！田野柴！！"}, {"uid": "288244442", "content": "柴柴柴柴柴"}, {"uid": "67811612", "content": "真的鸡皮疙瘩！！！卧槽头皮发麻"}, {"uid": "179329719", "content": "柴柴柴柴柴柴柴柴柴"}, {"uid": "179329719", "content": "柴柴柴柴柴柴柴柴柴"}, {"uid": "179329719", "content": "柴柴柴柴柴柴"}, {"uid": "179329719", "content": "好听"}, {"uid": "401920979", "content": "铍"}, {"uid": "14191299", "content": "太好听了！！！！！！"}, {"uid": "35232695", "content": "1080个小耳朵分10次上梁山呜呜呜"}, {"uid": "15329119", "content": "darling darling"}, {"uid": "23032321", "content": "pv也很不错！！！！！！！"}, {"uid": "23032321", "content": "TT好绝"}, {"uid": "23032321", "content": "柴柴！！"}, {"uid": "23032321", "content": "开口跪"}, {"uid": "16021754", "content": "草原来“我”是女的吗！！！"}, {"uid": "446698451", "content": "kksk！！"}, {"uid": "1367653", "content": "这段很美"}, {"uid": "24451061", "content": "来了来了"}, {"uid": "11960428", "content": "好会唱！！！！"}, {"uid": "34262397", "content": "不知道为什么感觉这几声有点像梅原小哥（"}, {"uid": "302457062", "content": "天哪柴这个磁性的声线绝了"}, {"uid": "302457062", "content": "这两声darling我死了"}, {"uid": "767109", "content": "好好听，这段是和声嘛，耳朵里回荡的感觉"}, {"uid": "158577990", "content": "我耳机被痒掉了hshshs"}, {"uid": "98987917", "content": "好牛好牛"}, {"uid": "336496", "content": "狗人唱歌干部死awsl"}, {"uid": "135642944", "content": "好棒"}, {"uid": "13380338", "content": "和声我死了"}, {"uid": "31455573", "content": "天呐这里太绝了"}, {"uid": "798261", "content": "柴的咬字好色("}, {"uid": "179329719", "content": "柴柴柴柴柴柴"}, {"uid": "15329119", "content": "谢谢你 田野柴"}, {"uid": "356001889", "content": "柴柴柴柴柴柴柴柴柴"}, {"uid": "14706780", "content": "柴柴柴柴柴柴柴柴柴柴柴柴柴"}, {"uid": "354821163", "content": "柴柴柴柴柴柴柴柴柴柴柴柴"}, {"uid": "179329719", "content": "柴柴柴柴柴柴柴柴柴"}, {"uid": "316750", "content": "谢谢你田野柴真的感谢你"}, {"uid": "25843168", "content": "呜呜呜柴柴独特的声线太好听了啊"}, {"uid": "15329119", "content": "darling darling"}, {"uid": "23032321", "content": "病娇绝了"}, {"uid": "24451061", "content": "来了来了"}, {"uid": "22748730", "content": "女子口斤！！！！"}, {"uid": "13380338", "content": "我趣太神了"}, {"uid": "112376571", "content": "好好听啊啊啊"}, {"uid": "23032321", "content": "柴好强"}, {"uid": "169957619", "content": "我靠，我死了"}, {"uid": "13380338", "content": "绝了这里"}, {"uid": "13380338", "content": "我今天就躺在这里了姐妹们"}, {"uid": "876603", "content": "好色气！！"}, {"uid": "106357665", "content": "救命鸡皮疙瘩"}, {"uid": "11069011", "content": "哇塞"}, {"uid": "102645359", "content": "热乎的！"}, {"uid": "582066831", "content": "好棒好棒好棒"}, {"uid": "179329719", "content": "柴柴柴柴柴柴柴柴柴柴柴柴"}, {"uid": "179329719", "content": "柴柴柴"}, {"uid": "179329719", "content": "柴柴柴柴柴柴"}, {"uid": "15329119", "content": "darling darling"}, {"uid": "130835726", "content": "截图了！！！画师妈咪太强了！柴也好棒！"}, {"uid": "44754358", "content": "hos"}, {"uid": "388433896", "content": "救命"}, {"uid": "23032321", "content": "啊啊啊啊啊啊啊啊啊啊啊啊"}, {"uid": "40634246", "content": "好好听！！！"}, {"uid": "302457062", "content": "和声太绝了"}, {"uid": "34262397", "content": "好神"}, {"uid": "302457062", "content": "低语suki"}, {"uid": "13380338", "content": "我死了"}, {"uid": "13380338", "content": "尾音呜呜"}, {"uid": "43736615", "content": "姐姐姐姐姐姐（）"}, {"uid": "179329719", "content": "柴柴柴柴柴柴柴柴柴柴柴柴"}, {"uid": "23032321", "content": "我在（doge"}, {"uid": "3983800", "content": "喜欢！"}, {"uid": "302457062", "content": "wink"}, {"uid": "28395253", "content": "kksk"}, {"uid": "38211041", "content": "awsl"}, {"uid": "476322832", "content": "www好好听"}, {"uid": "35232695", "content": "hso"}, {"uid": "43736615", "content": "我趣"}, {"uid": "14449787", "content": "kksk"}, {"uid": "11069011", "content": "这么绝！太牛了太牛了"}, {"uid": "13380338", "content": "awsl"}, {"uid": "5749094", "content": "kksk"}, {"uid": "449319171", "content": "太绝了！"}, {"uid": "179329719", "content": "柴柴柴"}, {"uid": "9615462", "content": "好好听"}, {"uid": "1706522", "content": "awsl"}, {"uid": "13116749", "content": "ohh"}, {"uid": "446698451", "content": "啊啊啊啊啊啊啊"}, {"uid": "179329719", "content": "柴柴柴柴柴柴柴柴柴柴柴柴柴柴柴柴柴柴"}, {"uid": "179329719", "content": "柴柴柴柴柴柴柴柴柴柴柴柴柴柴柴"}, {"uid": "179329719", "content": "柴柴柴柴柴柴柴柴柴柴柴柴柴柴柴"}, {"uid": "179329719", "content": "柴柴柴柴柴柴柴柴柴柴柴柴柴柴柴"}, {"uid": "400170600", "content": "\\阿柴/\\阿柴/\\阿柴/\\阿柴/\\阿柴/"}]