[{"uid": "316750", "content": "落泪了"}, {"uid": "65448787", "content": "口哨！！"}, {"uid": "336496", "content": "开口跪，真好听"}, {"uid": "1706522", "content": "口哨好欸"}, {"uid": "313778591", "content": "好想你啊"}, {"uid": "313778591", "content": "抬头看月亮就能想到你了"}, {"uid": "240896556", "content": "温柔死了呜呜"}, {"uid": "519330139", "content": "！好听！"}, {"uid": "13380338", "content": "柴柴柴柴柴柴柴柴柴"}, {"uid": "13380338", "content": "当时错过了哭哭"}, {"uid": "13380338", "content": "好喜欢呜呜"}, {"uid": "13380338", "content": "好温柔啊呜呜"}, {"uid": "8082157", "content": "太温柔啦"}, {"uid": "13380338", "content": "好会唱"}]