[{"uid": "392614708", "content": "罗伊，不愧是你"}, {"uid": "526774785", "content": "喜翻惹，喜翻惹噜"}, {"uid": "438302213", "content": "医保"}, {"uid": "432330524", "content": "这个画的好好（不是）"}, {"uid": "98945713", "content": "又回来了，再看亿遍"}, {"uid": "1756896", "content": "这么晚了，不来一杯咖啡吗"}, {"uid": "346727802", "content": "用什么眼看的？"}, {"uid": "8432301", "content": "男同既在我身边"}, {"uid": "309525", "content": "？？？"}, {"uid": "27368398", "content": "逐渐离谱"}, {"uid": "275630606", "content": "男同 事"}, {"uid": "26286581", "content": "哈哈哈"}, {"uid": "10741560", "content": "草"}, {"uid": "215264402", "content": "  罗伊和光一哈哈哈哈哈哈"}, {"uid": "37460205", "content": "哈哈哈哈哈"}, {"uid": "215567603", "content": "嗨！医保！"}, {"uid": "650035922", "content": "两个压根连语气都变了喂！！！"}, {"uid": "650035922", "content": "好怪，但为什么我莫名感觉有点香？"}, {"uid": "650035922", "content": "突然霸道总裁"}, {"uid": "650035922", "content": "这个语气是怎么回事阿喂！"}, {"uid": "650035922", "content": "拿哪儿看的"}, {"uid": "650035922", "content": "震撼我亲妈一百年"}, {"uid": "195183657", "content": "从百草园杀到三味书屋"}, {"uid": "7212374", "content": "哈哈哈哈哈果然有这一幕"}, {"uid": "3196091", "content": "气氛好焦灼"}, {"uid": "742701", "content": "我先打出一个“草”放在这里"}, {"uid": "1618133", "content": "你看出了甚么！"}, {"uid": "306209752", "content": "这是什么，经典永流传吗？"}, {"uid": "23284587", "content": "草。救命。这就是VR铜仁区吗？"}, {"uid": "30334195", "content": " 字正腔圆"}, {"uid": "9576755", "content": "《一眼》"}, {"uid": "690608706", "content": "注:字幕打错了 应该是亲昵称呼男同事"}, {"uid": "4556743", "content": "幽宝的头由我来摸！！！"}, {"uid": "293662356", "content": "她接受了呢，小公主这个称呼"}, {"uid": "2605841", "content": "《 高 手 过 招 》"}, {"uid": "84276658", "content": "草，怪起来了"}, {"uid": "821562", "content": "这里的字幕好像有问题"}, {"uid": "3946020", "content": "哈哈哈哈哈哈哈哈"}, {"uid": "302457062", "content": "楠桐指数变高了"}, {"uid": "316750", "content": "我先放一个田野柴端水大师在这里"}, {"uid": "526774785", "content": "洗完麻溜的给我上！"}, {"uid": "526774785", "content": "晚上看的呗"}, {"uid": "32478613", "content": "哈哈哈哈哈哈哈哈哈哈哈"}, {"uid": "34532172", "content": "太怪了哈哈哈哈哈"}, {"uid": "34532172", "content": "草哈哈哈哈哈哈哈哈哈哈哈"}, {"uid": "355633192", "content": "哈哈哈哈哈哈"}, {"uid": "12368337", "content": "我的脚趾刚扣出了比奇堡"}, {"uid": "21641889", "content": "卧槽 越看越想笑"}, {"uid": "250089999", "content": "草？？？？"}, {"uid": "24200145", "content": "哈哈哈哈哈哈哈哈哈"}, {"uid": "22348735", "content": "定眼一看"}, {"uid": "8432301", "content": "尺寸"}, {"uid": "188567821", "content": "哈哈哈"}, {"uid": "52078744", "content": "哈哈哈哈哈哈"}, {"uid": "300404403", "content": "姐妹们走吧，没我们事了●‿●"}, {"uid": "495727244", "content": "wc，已经要出鞘了"}, {"uid": "18091166", "content": "我的脚趾连夜买站票出逃了"}, {"uid": "4915863", "content": "典中典"}, {"uid": "35947245", "content": "帮男同吹眼睛"}, {"uid": "677781962", "content": "草，光一哥吗"}, {"uid": "262161534", "content": "草草草草草草c"}, {"uid": "2188539", "content": "哈哈哈哈哈哈哈哈哈哈哈哈哈哈"}, {"uid": "24450642", "content": "锐利的剑锐利的眼"}, {"uid": "527840", "content": "哈哈哈哈哈哈哈哈哈哈哈哈哈哈"}, {"uid": "133629105", "content": "哈哈哈哈哈哈哈哈哈哈哈哈"}, {"uid": "8082157", "content": "草  太怪了"}, {"uid": "481441556", "content": "草卡宝这句hso"}, {"uid": "13789422", "content": "？？？？？？？？"}, {"uid": "490092323", "content": "草"}, {"uid": "6831390", "content": "另外一只手在摸“头”吗"}, {"uid": "38975693", "content": "哟西哟西哟西哟西哟西"}, {"uid": "316750", "content": "？？？？？？？？"}, {"uid": "1618133", "content": "有被土到"}, {"uid": "3979182", "content": "？怪起来了"}, {"uid": "98945713", "content": "三天一看"}, {"uid": "10650378", "content": "？？？"}, {"uid": "432330524", "content": "草"}, {"uid": "499974612", "content": "草"}, {"uid": "454176704", "content": "这是在干什么"}, {"uid": "265228531", "content": "草草草草草草草草"}, {"uid": "8235023", "content": "神经病啊哈哈哈哈哈哈哈哈哈"}, {"uid": "472996900", "content": "每日单身小技巧"}, {"uid": "693256094", "content": "屏幕外面在干啥子啊，做啥呢？"}, {"uid": "693256094", "content": "你脸红个泡茶壶壶？"}, {"uid": "10231893", "content": "嗨。杰宝"}, {"uid": "660390071", "content": "懵逼"}, {"uid": "473967640", "content": "草"}, {"uid": "855591297", "content": "好家伙我直接好家伙"}, {"uid": "1780823", "content": "666"}, {"uid": "354870684", "content": "哈哈哈哈哈哈"}, {"uid": "500836533", "content": "草草草"}, {"uid": "52078744", "content": "哈哈哈哈哈哈哈哈"}, {"uid": "25737379", "content": "草草草草草草草草草"}, {"uid": "18179935", "content": "太草了"}, {"uid": "361386422", "content": "?????????? "}, {"uid": "4896931", "content": "草哈哈哈哈哈哈"}, {"uid": "301451671", "content": "草"}, {"uid": "5006516", "content": "哈哈哈哈哈哈哈哈哈哈或或或"}, {"uid": "5749094", "content": "笑死我了"}, {"uid": "53728904", "content": "笑死我了"}, {"uid": "23032321", "content": "那没事了"}, {"uid": "37460205", "content": "太对了哥"}, {"uid": "395224974", "content": "草"}, {"uid": "30013413", "content": "嗨，Q宝"}, {"uid": "37713378", "content": "开幕雷击"}, {"uid": "506642286", "content": "草，千幽"}, {"uid": "313778591", "content": "开头见"}, {"uid": "38523561", "content": "草草草草草草"}, {"uid": "11622504", "content": "？？？"}, {"uid": "43659495", "content": "？？？？？？？？？"}, {"uid": "323757", "content": "太乖了"}, {"uid": "4892", "content": "语气都不一样了"}, {"uid": "8185392", "content": "哈哈哈哈哈哈哈哈哈哈哈哈哈"}, {"uid": "10957920", "content": "怎么全是卡宝"}, {"uid": "313778591", "content": "草草草草草草草草草草"}, {"uid": "197533732", "content": "救命"}, {"uid": "6434260", "content": "草"}, {"uid": "35033112", "content": "？？？"}, {"uid": "107965751", "content": "草"}, {"uid": "13990000", "content": "哈哈哈哈哈哈"}, {"uid": "14488652", "content": "草"}, {"uid": "289458717", "content": "草"}, {"uid": "432330524", "content": "草"}, {"uid": "432330524", "content": "？草"}, {"uid": "356399107", "content": "这是什么眼神？"}, {"uid": "3077447", "content": "哈哈哈"}, {"uid": "27368398", "content": "草"}, {"uid": "180043213", "content": "反讽？"}, {"uid": "188858607", "content": "？？？？？？？？？？？？？"}, {"uid": "22007640", "content": "草"}, {"uid": "406359", "content": "？？？？"}, {"uid": "12806848", "content": "往哪看"}, {"uid": "27114658", "content": "草"}, {"uid": "147080606", "content": "草"}, {"uid": "27265403", "content": "草？？？？"}, {"uid": "283826819", "content": "草"}, {"uid": "301451671", "content": "草草草草草草草"}, {"uid": "22936257", "content": "草"}, {"uid": "8317069", "content": "千幽揍他"}, {"uid": "476817", "content": "草"}, {"uid": "18119183", "content": "草"}, {"uid": "2727164", "content": "气氛到了"}, {"uid": "11069011", "content": "草"}, {"uid": "7212374", "content": "草草草草草草"}, {"uid": "221720910", "content": "都是卡宝啊草！！！"}, {"uid": "760031", "content": "哈哈哈哈哈哈哈哈哈哈"}, {"uid": "23384234", "content": "？？？？？？？？"}, {"uid": "82647958", "content": "光一！！！！！"}, {"uid": "4556743", "content": "太怪了草"}, {"uid": "492949930", "content": "太草了"}, {"uid": "379491", "content": "？草"}, {"uid": "104377234", "content": "草"}, {"uid": "4895775", "content": "草草草草草草草"}, {"uid": "38523561", "content": "草"}, {"uid": "35033112", "content": "草"}, {"uid": "2132480", "content": "？？？？？"}, {"uid": "289458717", "content": "草"}, {"uid": "11616050", "content": "？？？"}, {"uid": "16540196", "content": "草"}, {"uid": "21194302", "content": "草"}, {"uid": "16898416", "content": "？？？？？？？？？"}, {"uid": "646292134", "content": "亮剑"}, {"uid": "349259869", "content": "草"}, {"uid": "496532367", "content": "草"}, {"uid": "282511162", "content": "哈哈哈"}, {"uid": "282511162", "content": "卧槽"}, {"uid": "481743884", "content": "我不是东西"}, {"uid": "28807724", "content": "生草"}, {"uid": "28067155", "content": "？？？？"}, {"uid": "693934689", "content": "大草"}, {"uid": "5876736", "content": "草"}, {"uid": "22936257", "content": "草"}, {"uid": "13928260", "content": "草"}, {"uid": "485742582", "content": "草"}, {"uid": "7921358", "content": "？？"}, {"uid": "3196091", "content": "？？？？"}, {"uid": "2727164", "content": "草"}, {"uid": "515877616", "content": "？？？"}, {"uid": "291269303", "content": "草"}, {"uid": "179329719", "content": "三连了三连了"}, {"uid": "293662356", "content": "草"}, {"uid": "24188784", "content": "草"}, {"uid": "13022273", "content": "草"}, {"uid": "45557549", "content": "草"}, {"uid": "13893362", "content": "草"}, {"uid": "23915490", "content": "草"}, {"uid": "9259578", "content": "草"}, {"uid": "13380338", "content": "？？"}, {"uid": "20569434", "content": "草"}, {"uid": "7916556", "content": "草"}, {"uid": "432330524", "content": "？？？"}, {"uid": "432330524", "content": "草"}, {"uid": "23386561", "content": "草"}, {"uid": "37889789", "content": "？？？"}, {"uid": "114044998", "content": "笑吐了"}, {"uid": "30181527", "content": "草"}, {"uid": "197533732", "content": "草"}, {"uid": "349259869", "content": "草"}, {"uid": "177741542", "content": "怪"}, {"uid": "16540196", "content": "草"}, {"uid": "420370429", "content": "草"}, {"uid": "294698530", "content": "草"}, {"uid": "524796757", "content": "有毒"}, {"uid": "39969955", "content": "草"}, {"uid": "10741560", "content": "草"}, {"uid": "2349164", "content": "草"}, {"uid": "85778526", "content": "草"}, {"uid": "475529843", "content": "草"}, {"uid": "20527214", "content": "草wwwwwwwwww"}, {"uid": "190775081", "content": "草"}, {"uid": "6434260", "content": "草"}, {"uid": "329394770", "content": "草"}, {"uid": "329394770", "content": "草"}, {"uid": "329394770", "content": "草"}, {"uid": "677781962", "content": "草太怪了"}, {"uid": "11622504", "content": "草"}, {"uid": "351729982", "content": "草"}, {"uid": "498791452", "content": "？ ？。"}, {"uid": "2304922", "content": "草"}, {"uid": "27871398", "content": "草"}, {"uid": "81726642", "content": "草，千幽"}, {"uid": "38253148", "content": "草"}, {"uid": "82647958", "content": "欢迎回来"}, {"uid": "111961", "content": "？？？？？？"}, {"uid": "13789422", "content": "草"}, {"uid": "4338135", "content": "草"}, {"uid": "291840", "content": "草"}, {"uid": "4304729", "content": "？？？？"}, {"uid": "4761312", "content": "？？？"}, {"uid": "11434324", "content": "草"}, {"uid": "323757", "content": "太怪了"}, {"uid": "400170600", "content": "？南通"}, {"uid": "433940577", "content": "？？？？"}, {"uid": "15416745", "content": "草"}, {"uid": "66751157", "content": "？"}, {"uid": "178434627", "content": "草"}, {"uid": "432330524", "content": "？？？"}, {"uid": "432330524", "content": "草"}, {"uid": "6434260", "content": "太楠桐了"}, {"uid": "6434260", "content": "草"}, {"uid": "7610685", "content": "草"}, {"uid": "471493534", "content": "草"}, {"uid": "114044998", "content": "草"}, {"uid": "114044998", "content": "笑吐了"}, {"uid": "38063511", "content": "草"}, {"uid": "177741542", "content": "草"}, {"uid": "231601", "content": "裂开"}, {"uid": "48363525", "content": "6666666"}, {"uid": "2237010", "content": "草"}, {"uid": "2237010", "content": "草"}, {"uid": "6733835", "content": "草"}, {"uid": "171507014", "content": "草"}, {"uid": "108445753", "content": "草"}, {"uid": "351729982", "content": "草草草草草"}, {"uid": "351729982", "content": "草啊"}, {"uid": "31444333", "content": "草草草"}, {"uid": "580506799", "content": "草"}, {"uid": "6185724", "content": "草"}, {"uid": "12391506", "content": "草"}, {"uid": "313778591", "content": "kimomo"}, {"uid": "28674218", "content": "草"}, {"uid": "11448171", "content": "？？？？？？"}, {"uid": "37603645", "content": "草"}, {"uid": "313778591", "content": "太怪了 再看一遍"}, {"uid": "4761312", "content": "草"}, {"uid": "4892", "content": "诶嘿"}, {"uid": "4892", "content": "笑yue了"}, {"uid": "13893362", "content": "？？？？？？"}, {"uid": "7177923", "content": "草"}, {"uid": "356001889", "content": "草"}, {"uid": "424613709", "content": "草"}, {"uid": "1434386", "content": "草"}, {"uid": "6434260", "content": "草"}, {"uid": "38642685", "content": "草"}, {"uid": "22973915", "content": "草"}, {"uid": "8432301", "content": "666"}, {"uid": "35666760", "content": "？？？"}, {"uid": "405999827", "content": "草"}, {"uid": "9947652", "content": "？？？？"}, {"uid": "52303197", "content": "？？？"}, {"uid": "52303197", "content": "？？？"}, {"uid": "161839578", "content": "？？？？？"}, {"uid": "5155551", "content": "草"}, {"uid": "10741560", "content": "草"}, {"uid": "190926454", "content": "草"}, {"uid": "190775081", "content": "草"}, {"uid": "190775081", "content": "草"}, {"uid": "34009015", "content": "草"}, {"uid": "90627733", "content": "草"}, {"uid": "515877616", "content": "草"}, {"uid": "31444333", "content": "草"}, {"uid": "31444333", "content": "草"}, {"uid": "580506799", "content": "草"}, {"uid": "11069011", "content": "草"}, {"uid": "1802628", "content": "？？？"}, {"uid": "20877518", "content": "什么南酮"}, {"uid": "3302619", "content": "？"}, {"uid": "38253148", "content": "草草草"}, {"uid": "323549419", "content": "草"}, {"uid": "2687357", "content": "草"}, {"uid": "870394250", "content": "草"}, {"uid": "445714861", "content": "草啊"}, {"uid": "37603645", "content": "草"}, {"uid": "4338135", "content": "？"}, {"uid": "12775810", "content": "?"}, {"uid": "379491", "content": "我喷了"}, {"uid": "7177923", "content": "？？"}, {"uid": "8185392", "content": "？？？"}, {"uid": "8185392", "content": "草"}, {"uid": "1618133", "content": "草"}, {"uid": "11167521", "content": "草"}, {"uid": "526774785", "content": "啊？啊？啊？"}, {"uid": "696804049", "content": "草"}, {"uid": "490425848", "content": "草"}, {"uid": "13555585", "content": "内裤也有小码中码大码的好吗？你不分尺寸？"}, {"uid": "249669475", "content": "草"}, {"uid": "432330524", "content": "草"}, {"uid": "13625416", "content": "草"}, {"uid": "109905555", "content": "看的一脸懵逼"}, {"uid": "525008490", "content": "草"}, {"uid": "693256094", "content": "干啥呢，干啥呢，假戏真做也没必要这么真，真的，过了啊"}, {"uid": "22973915", "content": "草"}, {"uid": "411388763", "content": "草"}, {"uid": "302512348", "content": "？？？？"}, {"uid": "8432301", "content": "？？？"}, {"uid": "349259869", "content": "草"}, {"uid": "1780823", "content": "？"}, {"uid": "435048925", "content": "???"}, {"uid": "52303197", "content": "？？"}, {"uid": "433543651", "content": "mdzz"}, {"uid": "3053573", "content": "我们男的穿这玩意不分尺寸的好吗"}, {"uid": "34709738", "content": "草"}, {"uid": "94754270", "content": "草"}, {"uid": "38523561", "content": "草"}, {"uid": "21684661", "content": "草？"}, {"uid": "580506799", "content": "草"}, {"uid": "43659495", "content": "草"}, {"uid": "1819467", "content": "草"}, {"uid": "111961", "content": "？？？？？"}, {"uid": "247668582", "content": "草啊"}, {"uid": "2605841", "content": "《 锐 利 的 剑，锐 利 的 眼 》"}, {"uid": "37277476", "content": "？"}, {"uid": "3015134", "content": "太怪了"}, {"uid": "11448171", "content": "草"}, {"uid": "35883832", "content": "？"}, {"uid": "24739403", "content": "？"}, {"uid": "24739403", "content": "草"}, {"uid": "13893362", "content": "？"}, {"uid": "12633677", "content": "？"}, {"uid": "1618133", "content": "草"}, {"uid": "500608164", "content": "?"}, {"uid": "490425848", "content": "草"}, {"uid": "490425848", "content": "草"}, {"uid": "114044998", "content": "？"}, {"uid": "1494260320", "content": "草"}, {"uid": "38642685", "content": "吓到我了，好丑"}, {"uid": "255583202", "content": "？"}, {"uid": "8432301", "content": "？？？"}, {"uid": "21594671", "content": "老男桐了"}, {"uid": "14045529", "content": "？？？？？"}, {"uid": "52303197", "content": "？？？"}, {"uid": "650606178", "content": "gun"}, {"uid": "1477642", "content": "不去楼顶晒一发吗"}, {"uid": "4731666", "content": "糙"}, {"uid": "2237010", "content": "草"}, {"uid": "6434260", "content": "？"}, {"uid": "11253992", "content": "？"}, {"uid": "547111121", "content": "太怪了"}, {"uid": "313778591", "content": "？？？"}, {"uid": "38253148", "content": "？"}, {"uid": "446698451", "content": "草"}, {"uid": "9135383", "content": "？"}, {"uid": "24188784", "content": "？"}, {"uid": "314513297", "content": "？"}, {"uid": "313778591", "content": "啊？"}, {"uid": "3392197", "content": "?"}, {"uid": "189758243", "content": "？"}, {"uid": "13380338", "content": "？"}, {"uid": "13380338", "content": "草"}, {"uid": "26662478", "content": "草"}, {"uid": "746369", "content": "？"}, {"uid": "31903720", "content": "草"}, {"uid": "53728904", "content": "哈哈哈哈哈哈哈哈哈哈哈哈哈哈哈"}, {"uid": "446698451", "content": "哈哈哈哈哈哈哈哈哈哈哈哈哈哈哈哈哈哈哈哈哈哈哈哈"}]