[{"uid": "357106782", "content": "好温柔啊"}, {"uid": "526774785", "content": "这么可以那么温柔呜呜呜呜呜"}, {"uid": "397519871", "content": "好汀好温柔"}, {"uid": "444393742", "content": "好听；；"}, {"uid": "526774785", "content": "想拿纸巾擦干柴的眼泪"}, {"uid": "340501283", "content": "亚撒西阿柴！！"}, {"uid": "1921064", "content": "亚撒西~"}, {"uid": "1684604", "content": "suki"}, {"uid": "313778591", "content": "好安心啊 柴柴呜呜呜呜"}, {"uid": "4915863", "content": "好听"}, {"uid": "291147157", "content": "好温柔呀"}, {"uid": "33445207", "content": "热乎"}, {"uid": "195252860", "content": "kwiiiiiiii"}]