[{"uid": "754186", "content": "田野柴中之人竟是沃玛"}, {"uid": "350913528", "content": "燕尾服直接飞到我身上"}, {"uid": "526774785", "content": "什么时候跟沃玛联动一起吹啊（doge）"}, {"uid": "400383719", "content": "我已经穿上礼服了"}, {"uid": "29156721", "content": "蜜雪冰城（爵士版）"}, {"uid": "1468490501", "content": "这首歌就很上头 "}, {"uid": "33532452", "content": "沃  玛  亲  传"}, {"uid": "630680941", "content": "流：我已经报警了"}, {"uid": "545869772", "content": "@八云兔不秃"}, {"uid": "518023733", "content": "若是就此结束也不失为一个美好的故事"}, {"uid": "406087849", "content": "3"}, {"uid": "669756532", "content": "《蜜雪头七》"}, {"uid": "32239840", "content": "燕尾服穿起来了谢谢"}, {"uid": "248181480", "content": "齐齐贺下你 祝新岁"}, {"uid": "248181480", "content": "Bgm让我想到广东新年的一首贺岁歌"}, {"uid": "474131024", "content": "逐渐下头doge"}, {"uid": "22146202", "content": "灭人器！"}, {"uid": "247260345", "content": "“菊次郎的头七”"}, {"uid": "526774785", "content": "多才多艺的阿柴喜翻惹"}, {"uid": "6992479", "content": "吹出了泰坦尼克号沉船的赶脚2333333"}, {"uid": "34378966", "content": "1"}, {"uid": "80703274", "content": "1"}, {"uid": "486801854", "content": "1"}, {"uid": "4895775", "content": "1"}, {"uid": "14233805", "content": "1"}, {"uid": "4544396", "content": "1"}, {"uid": "108614596", "content": "1"}, {"uid": "10745445", "content": "1"}, {"uid": "7212374", "content": "2"}, {"uid": "107162449", "content": "1"}, {"uid": "293613", "content": "1"}, {"uid": "451461211", "content": "1"}, {"uid": "154005303", "content": "1"}, {"uid": "38317219", "content": "2"}, {"uid": "11468717", "content": "2"}, {"uid": "360615370", "content": "1"}, {"uid": "91310586", "content": "1"}, {"uid": "400170600", "content": "1"}, {"uid": "2450857", "content": "1"}, {"uid": "5455881", "content": "1"}, {"uid": "43187841", "content": "2"}, {"uid": "438116926", "content": "1"}, {"uid": "3366650", "content": "1"}, {"uid": "13380338", "content": "1"}, {"uid": "11998344", "content": "1"}, {"uid": "894015", "content": "2"}, {"uid": "346080331", "content": "2"}, {"uid": "19831651", "content": "1"}, {"uid": "20678104", "content": "2"}, {"uid": "406065681", "content": "1"}, {"uid": "4655921", "content": "1"}, {"uid": "7304721", "content": "1"}, {"uid": "6577887", "content": "1"}, {"uid": "1886465", "content": "1"}, {"uid": "1330279", "content": "1"}, {"uid": "6451785", "content": "1"}, {"uid": "55944633", "content": "1"}, {"uid": "104170344", "content": "2"}, {"uid": "21584321", "content": "1"}, {"uid": "2941306", "content": "1"}, {"uid": "1772761", "content": "2"}, {"uid": "495477955", "content": "2"}, {"uid": "8962966", "content": "好家伙，上流！"}, {"uid": "56917901", "content": "二营长把老子的燕尾服拿来!"}, {"uid": "146331808", "content": "蜜 雪 殡 城"}, {"uid": "381861105", "content": "瞬间高贵起来了"}, {"uid": "40141621", "content": "萨克斯好好听啊"}, {"uid": "1643965064", "content": "快去把爷的唢呐请来"}, {"uid": "2485102", "content": "这是接地府了？？"}, {"uid": "327020894", "content": "胡基森：这个我熟"}, {"uid": "89464730", "content": "灭人器！"}, {"uid": "348901318", "content": "心脏骤停（bushi"}, {"uid": "21931900", "content": "灭人器出现"}, {"uid": "496465108", "content": "手机突然就变成了红酒杯"}, {"uid": "31672565", "content": "章鱼哥狂喜"}, {"uid": "5422175", "content": "高贵起来了"}, {"uid": "6434260", "content": "贵起来了草"}, {"uid": "439552351", "content": "万元萨克斯 对战 嘛撸哇撸"}, {"uid": "609161593", "content": "你爱我呀  我爱你"}, {"uid": "10935965", "content": "灭人器！"}, {"uid": "268290284", "content": "章鱼哥"}, {"uid": "367423403", "content": "上流"}, {"uid": "371014498", "content": "好好听！"}, {"uid": "34352417", "content": "喝不起了"}, {"uid": "16446281", "content": "这是怎么响的？"}, {"uid": "98974814", "content": "哈哈哈哈哈哈哈哈哈哈哈哈哈"}, {"uid": "470306734", "content": "是不是跟不上哈哈哈哈"}, {"uid": "316540123", "content": "下面来听听章鱼哥的美妙音乐吧，谢谢，谢谢"}, {"uid": "33598230", "content": "上流"}, {"uid": "43478555", "content": "高雅"}, {"uid": "258363279", "content": "高端"}, {"uid": "88915504", "content": "蛮可爱的"}, {"uid": "411219524", "content": "好可爱啊"}, {"uid": "13380338", "content": "好可爱的小人"}, {"uid": "16821376", "content": "好活"}, {"uid": "12966286", "content": "下流笑死"}, {"uid": "392614708", "content": "上流"}, {"uid": "1945462249", "content": "上流"}, {"uid": "15225452", "content": "上流"}, {"uid": "267319046", "content": "草这hhhhhhh"}, {"uid": "282154252", "content": "上流"}, {"uid": "518023733", "content": "一元一杯我都不要"}, {"uid": "740209187", "content": "当场去世"}, {"uid": "1662886433", "content": "衣服变成了燕尾服"}, {"uid": "42415849", "content": "章鱼哥？？"}, {"uid": "76684632", "content": "hhhhhhhh"}, {"uid": "35010246", "content": "@weimandaren"}, {"uid": "353237236", "content": "高雅"}, {"uid": "4869801", "content": "下头"}, {"uid": "19072320", "content": "好听"}, {"uid": "677781962", "content": "上流"}, {"uid": "94742245", "content": "上流"}, {"uid": "518023733", "content": "上流"}, {"uid": "335920521", "content": "上流"}, {"uid": "26692739", "content": "上流"}, {"uid": "441820546", "content": "越来越离谱"}, {"uid": "21641571", "content": "要不要穿上燕尾服听？"}, {"uid": "314971517", "content": "哈哈哈哈哈哈"}, {"uid": "535371889", "content": "救命"}, {"uid": "295440962", "content": "下流"}, {"uid": "454042537", "content": "雅"}, {"uid": "7627057", "content": "上流"}, {"uid": "3727259", "content": "可爱！"}, {"uid": "4835249", "content": "。"}, {"uid": "1618133", "content": "可爱！"}, {"uid": "6451785", "content": "草"}, {"uid": "9259578", "content": "上流"}, {"uid": "272388327", "content": "上流"}, {"uid": "161360018", "content": "上流"}, {"uid": "446223579", "content": "上流"}, {"uid": "609161593", "content": "你爱我  我爱你  蜜雪冰城甜蜜蜜"}, {"uid": "4133935", "content": "精彩绝伦"}, {"uid": "13813138", "content": "上流"}, {"uid": "371014498", "content": "hhh"}, {"uid": "651087485", "content": "渣男行为"}, {"uid": "401995066", "content": "@沃玛"}, {"uid": "424291670", "content": "下流"}, {"uid": "292799592", "content": "上流"}, {"uid": "295440962", "content": "燕来"}, {"uid": "177797223", "content": "草"}, {"uid": "232966868", "content": "Joji哈哈哈哈"}, {"uid": "23032321", "content": "生草"}, {"uid": "49645254", "content": "上流"}, {"uid": "35440151", "content": "草"}, {"uid": "49645254", "content": "草"}, {"uid": "4847742", "content": "上流"}, {"uid": "13928260", "content": "上流"}, {"uid": "2322315", "content": "@乃老师"}, {"uid": "294693199", "content": "萎了"}, {"uid": "228559584", "content": "上流"}, {"uid": "442015280", "content": "上流"}, {"uid": "118872964", "content": "上流"}, {"uid": "95069995", "content": "喵帕斯"}, {"uid": "20335682", "content": "封面灭人器"}, {"uid": "27974676", "content": "上流"}, {"uid": "184340314", "content": "还挺好听？"}, {"uid": "400182789", "content": "苏珊娜"}, {"uid": "332862686", "content": "操"}, {"uid": "31444333", "content": "草"}, {"uid": "6591477", "content": "草"}, {"uid": "445714861", "content": "草"}, {"uid": "518023733", "content": "下流"}, {"uid": "272388327", "content": "草"}, {"uid": "631824775", "content": "草"}, {"uid": "240768467", "content": "你爱我 我爱你 蜜雪冰城甜蜜蜜"}, {"uid": "1217908682", "content": "上流"}, {"uid": "518023733", "content": "1元一杯了。"}, {"uid": "43691361", "content": "啥"}, {"uid": "2485102", "content": "上流"}, {"uid": "1132217131", "content": "克拉斯"}, {"uid": "442210074", "content": "上流"}, {"uid": "292799592", "content": "下流"}, {"uid": "407427851", "content": "快件雷雷来看什么是上流"}, {"uid": "208665861", "content": "上流"}, {"uid": "2292074", "content": "草"}, {"uid": "179876897", "content": "上流"}, {"uid": "13625416", "content": "草"}, {"uid": "2450857", "content": "草"}, {"uid": "687057019", "content": "上流"}, {"uid": "26692739", "content": "？"}, {"uid": "2323580", "content": "上流"}, {"uid": "609161593", "content": "你爱我  我爱你  蜜雪冰城甜蜜蜜"}, {"uid": "609161593", "content": "你爱我   我爱你  蜜雪冰城甜蜜蜜"}, {"uid": "475148036", "content": "沃玛行为"}, {"uid": "37603645", "content": "上流"}, {"uid": "573660146", "content": "我会这个"}, {"uid": "544112", "content": "下流"}, {"uid": "470306734", "content": "上流"}, {"uid": "1411776120", "content": "老荒野了"}, {"uid": "154043956", "content": "上流"}, {"uid": "2292074", "content": "笑死"}, {"uid": "365038", "content": "上档次"}, {"uid": "28687739", "content": "草"}, {"uid": "198557001", "content": "草"}, {"uid": "687057019", "content": "上流"}, {"uid": "328002942", "content": "上流"}, {"uid": "72278756", "content": "上流"}, {"uid": "677961", "content": "忽然变烧"}, {"uid": "442210074", "content": "下流"}, {"uid": "292799592", "content": "下流"}, {"uid": "456460799", "content": "你橡皮，我橡皮，我们一起笑嘻嘻"}, {"uid": "517595158", "content": "你碍我，我害你，你学编程天灭你"}, {"uid": "354335078", "content": "下流"}, {"uid": "483746896", "content": "草"}, {"uid": "169957619", "content": "草"}, {"uid": "31444333", "content": "草"}, {"uid": "444393742", "content": "牛牛"}, {"uid": "506970128", "content": "不要麻烦了 不要麻烦不要麻烦了"}, {"uid": "377950737", "content": "阴                乐"}, {"uid": "13820225", "content": "哈哈哈哈哈哈哈哈哈哈哈哈哈哈哈哈哈哈哈"}, {"uid": "1794647", "content": "下流"}, {"uid": "11217477", "content": "咋还岔气了呢哈哈哈哈哈哈哈哈哈哈哈哈哈哈哈哈哈哈哈"}]