[{"uid": "174056594", "content": "好爵士哦"}, {"uid": "174392651", "content": "漏气了哈哈哈哈哈哈哈哈哈哈哈"}, {"uid": "526774785", "content": "抱起就一边跑一边rua！"}, {"uid": "400959610", "content": "专业对口"}, {"uid": "29872401", "content": "屁声（也不是"}, {"uid": "44667644", "content": "卡祖笛哈哈哈哈哈哈哈哈哈"}, {"uid": "1846108", "content": "哈哈哈哈哈哈哈哈哈笑yue了"}, {"uid": "218817456", "content": "1"}, {"uid": "14279540", "content": "1"}, {"uid": "92124964", "content": "2"}, {"uid": "5897423", "content": "1"}, {"uid": "746369", "content": "2"}, {"uid": "50204247", "content": "2"}, {"uid": "286712666", "content": "2"}, {"uid": "179550696", "content": "1"}, {"uid": "19486308", "content": "1"}, {"uid": "2273852", "content": "2"}, {"uid": "3950916", "content": "1"}, {"uid": "32651840", "content": "2"}, {"uid": "1985491", "content": "1"}, {"uid": "55080459", "content": "1"}, {"uid": "36295296", "content": "2"}, {"uid": "15054978", "content": "1"}, {"uid": "131343291", "content": "2"}, {"uid": "36608511", "content": "2"}, {"uid": "10911775", "content": "2"}, {"uid": "24450642", "content": "2"}, {"uid": "109688770", "content": "1"}, {"uid": "34522655", "content": "1"}, {"uid": "39606445", "content": "1"}, {"uid": "107974301", "content": "2"}, {"uid": "97554472", "content": "2"}, {"uid": "13570442", "content": "1"}, {"uid": "8775812", "content": "2"}, {"uid": "4078240", "content": "1"}, {"uid": "49645254", "content": "2"}, {"uid": "17422126", "content": "2"}, {"uid": "11697770", "content": "可爱死了"}, {"uid": "10550972", "content": "1"}, {"uid": "30980860", "content": "2"}, {"uid": "625059985", "content": "2"}, {"uid": "10832915", "content": "1"}, {"uid": "2745535", "content": "1"}, {"uid": "7679116", "content": "2"}, {"uid": "388433896", "content": "卡祖笛：在努力了"}, {"uid": "2374448", "content": "2"}, {"uid": "15049718", "content": "吹得真不错"}, {"uid": "365214129", "content": "1"}, {"uid": "10954416", "content": "1"}, {"uid": "11460643", "content": "1"}, {"uid": "432136555", "content": "1"}, {"uid": "13380338", "content": "2"}, {"uid": "9371744", "content": "1"}, {"uid": "289036343", "content": "1"}, {"uid": "215168657", "content": "1"}, {"uid": "70426040", "content": "2"}, {"uid": "23384234", "content": "1"}, {"uid": "19969118", "content": "1"}, {"uid": "314513297", "content": "1"}, {"uid": "5039892", "content": "1"}, {"uid": "157622402", "content": "1"}, {"uid": "163979830", "content": "1"}, {"uid": "2274827", "content": "1"}, {"uid": "484546127", "content": "1"}, {"uid": "14706780", "content": "1"}, {"uid": "25843168", "content": "卡祖笛在努力"}, {"uid": "12248211", "content": "草  生了出来"}, {"uid": "313778591", "content": "彳亍"}, {"uid": "8082157", "content": "柴好牛！！！！"}, {"uid": "5487199", "content": "放屁笛名不虚传"}, {"uid": "65448787", "content": "笑yue了哈哈哈哈哈哈"}, {"uid": "188786901", "content": "卡祖笛可太恐怖了"}, {"uid": "302457062", "content": "居然还有节奏"}, {"uid": "49645254", "content": "哈哈哈哈哈这个和声"}, {"uid": "13380338", "content": "哇可爱死了、"}, {"uid": "5897423", "content": "草这段转音"}, {"uid": "439552351", "content": "前方生草"}, {"uid": "621892758", "content": ":-)哈"}, {"uid": "627386817", "content": "放儿歌！"}, {"uid": "237000452", "content": "这不是你哼出来的吧"}, {"uid": "40631445", "content": "草"}, {"uid": "190775081", "content": "太可爱了额啊啊啊啊啊啊啊"}, {"uid": "441898263", "content": "草还有颤音是我妹想到的阿哈哈哈哈哈哈"}, {"uid": "49789101", "content": "太草了哈哈哈哈"}, {"uid": "36295296", "content": "草哈哈哈哈哈哈哈哈"}, {"uid": "1846108", "content": "哈哈哈哈哈哈哈哈哈"}, {"uid": "10903949", "content": "好可爱啊啊啊啊啊啊"}, {"uid": "23384234", "content": "卡祖笛（狗头"}, {"uid": "12070947", "content": "上流！！！！！！！！！！"}, {"uid": "402591696", "content": "(憋笑ing)"}, {"uid": "392614708", "content": "kwiiiiiiii"}, {"uid": "621892758", "content": "hhhh"}, {"uid": "29528189", "content": "草啊"}, {"uid": "344878509", "content": "草，zz"}, {"uid": "49789101", "content": "牛牛"}, {"uid": "446698451", "content": "哈哈哈哈哈哈哈哈哈哈哈哈"}, {"uid": "446698451", "content": "草"}, {"uid": "625965800", "content": "卡祖笛！"}, {"uid": "314513297", "content": "哈哈哈哈哈哈哈"}, {"uid": "3312072", "content": "太拉了兄弟们  ᶘ ᵒᴥᵒᶅ  "}, {"uid": "313778591", "content": "耳朵！！"}, {"uid": "9161681", "content": "这个就是黄金体验 生草"}, {"uid": "8082157", "content": "噗"}, {"uid": "228703818", "content": "牛！！！"}, {"uid": "28074960", "content": "好可爱！！"}, {"uid": "2056405", "content": "DNA动了！"}, {"uid": "13380338", "content": "草哈哈哈哈哈哈哈"}, {"uid": "8350258", "content": "哈哈哈哈哈哈哈"}, {"uid": "20569434", "content": "都喜欢！！！都！！可爱！！"}, {"uid": "9258622", "content": "草"}, {"uid": "392614708", "content": "草"}, {"uid": "392614708", "content": "上流！"}, {"uid": "621892758", "content": "hhhh笑ye了"}, {"uid": "49989733", "content": "kksk"}, {"uid": "5516156", "content": "草"}, {"uid": "446698451", "content": "好可爱啊啊啊"}, {"uid": "402734887", "content": "双厨狂喜"}, {"uid": "198557001", "content": "草"}, {"uid": "3727259", "content": "草"}, {"uid": "13380338", "content": "卡祖笛yyds"}, {"uid": "49645254", "content": "笑死了"}, {"uid": "31319163", "content": "好可爱（）"}, {"uid": "302346429", "content": "草"}, {"uid": "450780625", "content": "草"}, {"uid": "1967745", "content": "草"}, {"uid": "432330524", "content": "kwi"}, {"uid": "129995095", "content": "ohhhhhhhhhhhhhhhhhhh"}, {"uid": "446698451", "content": "柴宝好棒"}, {"uid": "70426040", "content": "草"}, {"uid": "24765653", "content": "草"}, {"uid": "9381237", "content": "草"}, {"uid": "25843168", "content": "太草了"}, {"uid": "12976291", "content": "草"}, {"uid": "687057019", "content": "草"}, {"uid": "392614708", "content": "哇"}, {"uid": "20462165", "content": "送行曲"}, {"uid": "40631445", "content": "卡瓦"}, {"uid": "4895775", "content": "草草草"}, {"uid": "11580582", "content": "啊这"}, {"uid": "44667644", "content": "草"}, {"uid": "39548315", "content": "贵气"}, {"uid": "12309283", "content": "好可爱啊"}, {"uid": "37603645", "content": "草"}, {"uid": "14043921", "content": "草"}, {"uid": "11187248", "content": "放屁声（）"}, {"uid": "313778591", "content": "草啊"}, {"uid": "5086404", "content": "？我喜欢达诺西巴"}, {"uid": "10049786", "content": "草啊"}, {"uid": "23384234", "content": "上流！"}, {"uid": "117081026", "content": "草"}, {"uid": "179329719", "content": "喜欢狗勾"}, {"uid": "111961", "content": "哇"}, {"uid": "12966286", "content": "草可爱"}, {"uid": "302346429", "content": "草"}, {"uid": "1405239035", "content": "喷了"}, {"uid": "301451671", "content": "草"}, {"uid": "424733030", "content": "牛牛牛"}, {"uid": "87294610", "content": "草"}, {"uid": "49645254", "content": "太可爱了"}, {"uid": "33532262", "content": "草"}, {"uid": "14279540", "content": "草"}, {"uid": "336496", "content": "太帅了"}, {"uid": "313778591", "content": "是真的狗勾"}, {"uid": "313778591", "content": "好吹"}, {"uid": "13928260", "content": "草"}, {"uid": "49160225", "content": "草"}, {"uid": "111961", "content": "草"}, {"uid": "34486888", "content": "我投出了决定性的一票，现在萨克斯170，卡祖笛171，卡祖笛yyds"}, {"uid": "259230627", "content": "草"}, {"uid": "303265644", "content": "我更喜欢你"}, {"uid": "11090132", "content": "草"}, {"uid": "129995095", "content": "草"}, {"uid": "446698451", "content": "啊啊啊啊啊啊啊啊"}, {"uid": "86423404", "content": "草"}, {"uid": "424733030", "content": "草"}, {"uid": "14662161", "content": "上流"}, {"uid": "313778591", "content": " 哈哈哈哈哈一想到还想自配这段音效就想笑哈哈哈哈哈"}, {"uid": "506879520", "content": "kwiiiiiiiiiii！"}, {"uid": "481441556", "content": "草"}, {"uid": "35440151", "content": "牛哇"}, {"uid": "35440151", "content": "草"}, {"uid": "2056405", "content": "草"}, {"uid": "49645254", "content": "草"}, {"uid": "49645254", "content": "可爱死了"}, {"uid": "410975042", "content": "草"}, {"uid": "388242862", "content": "草"}, {"uid": "424733030", "content": "好耶"}, {"uid": "424733030", "content": "草"}, {"uid": "659859", "content": "... ？"}, {"uid": "157622402", "content": "草"}, {"uid": "313778591", "content": "是狗勾"}, {"uid": "9161681", "content": "带感"}, {"uid": "773438", "content": "草"}, {"uid": "12493134", "content": "kwiiiii"}, {"uid": "240896556", "content": "草"}, {"uid": "8932298", "content": "草"}, {"uid": "3983800", "content": "草"}, {"uid": "91575524", "content": "草"}, {"uid": "5897423", "content": "草"}, {"uid": "392614708", "content": "擦"}, {"uid": "531721186", "content": "草"}, {"uid": "49645254", "content": "草"}, {"uid": "220772246", "content": "草"}, {"uid": "228703818", "content": "草"}, {"uid": "117081026", "content": "草"}, {"uid": "179329719", "content": "草"}, {"uid": "82213459", "content": "草"}, {"uid": "179315658", "content": "哈哈哈哈哈哈哈哈哈哈哈哈哈哈哈"}, {"uid": "259482844", "content": "草哈哈哈哈哈哈哈哈哈哈哈哈哈哈哈哈哈哈哈哈哈哈哈"}, {"uid": "446698451", "content": "好可爱呜呜呜呜呜呜呜呜呜呜呜呜呜呜呜"}, {"uid": "23384234", "content": "草哈哈哈哈哈哈哈哈哈哈哈哈哈哈"}]