[{"uid": "483372682", "content": "自取其辱"}, {"uid": "1376949596", "content": "《薪王》"}, {"uid": "1376949596", "content": "哈哈哈哈哈哈哈哈"}, {"uid": "20569434", "content": "哈哈哈哈哈哈哈哈哈哈哈哈"}, {"uid": "499456467", "content": "唉"}, {"uid": "31319163", "content": "后起之秀（？"}, {"uid": "155622457", "content": "哈哈哈哈哈哈哈哈"}, {"uid": "95342899", "content": "草哈哈哈哈哈"}, {"uid": "6694776", "content": "哈哈哈哈哈哈哈·"}, {"uid": "11697770", "content": "好好笑"}, {"uid": "13625416", "content": "确实"}, {"uid": "33310255", "content": "超 级 天 才"}, {"uid": "18091166", "content": "差点给我笑拉了"}, {"uid": "21666801", "content": "《三加四等于六》"}, {"uid": "4376815", "content": "忧郁乌龟"}, {"uid": "141162638", "content": "哈哈哈哈哈哈哈哈"}, {"uid": "141162638", "content": "不愧是你"}, {"uid": "16922181", "content": "草"}, {"uid": "143874256", "content": "忧郁乌龟哈哈哈哈哈哈哈"}, {"uid": "799474", "content": "哦豁"}, {"uid": "6697363", "content": "哈哈哈哈哈哈"}, {"uid": "642585175", "content": "？？3+4=6？？"}, {"uid": "1376949596", "content": "哈哈哈哈哈哈哈"}, {"uid": "23032321", "content": "李姐"}, {"uid": "11697770", "content": "笑死"}, {"uid": "141162638", "content": "哈哈哈哈哈哈哈哈"}, {"uid": "15416745", "content": "哈哈哈哈哈哈哈"}, {"uid": "320990133", "content": "《智慧》"}, {"uid": "29110389", "content": "确实"}, {"uid": "13625416", "content": "哈哈哈哈哈哈哈哈"}, {"uid": "799474", "content": "草"}, {"uid": "320990133", "content": "草"}, {"uid": "13380338", "content": "草"}, {"uid": "38465564", "content": "k wi"}, {"uid": "499456467", "content": "哈哈哈哈哈哈哈哈"}, {"uid": "499456467", "content": "ohhhhhhhh"}, {"uid": "499456467", "content": "唉"}, {"uid": "499456467", "content": "新锐"}, {"uid": "37962980", "content": "哈哈哈哈哈"}, {"uid": "6694776", "content": "草"}, {"uid": "6732200", "content": "弱智也是 滑稽"}, {"uid": "263054047", "content": "哈哈哈哈哈哈哈"}, {"uid": "13380338", "content": "草"}, {"uid": "272388327", "content": "草"}, {"uid": "1376949596", "content": "hhhhhh"}, {"uid": "43944704", "content": "憂鬱烏龜"}, {"uid": "629376070", "content": "哈哈哈哈哈"}, {"uid": "13625416", "content": "唉"}, {"uid": "141162638", "content": "唉"}, {"uid": "4835249", "content": "唉"}, {"uid": "1376949596", "content": "确实不太理解"}, {"uid": "499456467", "content": "精确"}, {"uid": "141162638", "content": "？"}, {"uid": "356001889", "content": "草"}, {"uid": "499456467", "content": "唉"}, {"uid": "143874256", "content": "唉"}, {"uid": "272388327", "content": "哈哈哈哈哈哈哈哈哈哈哈哈哈哈哈哈哈"}, {"uid": "179315658", "content": "哈哈哈哈哈哈哈哈哈哈哈哈哈哈哈哈哈哈哈哈哈哈哈哈哈哈哈"}, {"uid": "217919384", "content": "哈哈哈哈哈哈哈哈哈哈哈哈哈哈哈哈哈"}, {"uid": "37972906", "content": "干啥呢hhhhhhhhhhhhh"}, {"uid": "396096100", "content": "哈哈哈哈哈哈哈哈哈哈哈哈哈哈哈哈哈哈哈"}]