[{"uid": "29872401", "content": "这个视角 我是回转寿司（？"}, {"uid": "3878873", "content": "煮熟了还能抢救吗"}, {"uid": "138486409", "content": "草声道都在换"}, {"uid": "1034373442", "content": "回转寿司视角"}, {"uid": "14043921", "content": "？？？？"}, {"uid": "446698451", "content": "我死了"}, {"uid": "22460464", "content": "来点海蜇头（"}, {"uid": "346268056", "content": "我这个是寿司视角吗"}, {"uid": "17119581", "content": "原来我才是寿司吗"}, {"uid": "457760227", "content": "？"}, {"uid": "446698451", "content": "草"}, {"uid": "13380338", "content": "草"}, {"uid": "141162638", "content": "？草"}, {"uid": "356001889", "content": "快鱼草"}, {"uid": "123772866", "content": "？"}, {"uid": "13380338", "content": "草笑死我了"}, {"uid": "24765653", "content": "草"}, {"uid": "3878873", "content": "鱼能放生吗"}, {"uid": "473913303", "content": "草"}, {"uid": "7916556", "content": "草"}, {"uid": "446698451", "content": "kwi"}, {"uid": "450780625", "content": "草"}, {"uid": "3950916", "content": "草"}]