[{"uid": "351678282", "content": "新版黑黑kana？"}, {"uid": "1684604", "content": "？？"}, {"uid": "8167325", "content": "斑羚飞渡哈哈哈"}, {"uid": "29872401", "content": "笑的块撅过去了"}, {"uid": "509209057", "content": "草 感觉好像卡欧斯在田野柴怀里（）"}, {"uid": "544608778", "content": "好强啊！！！！！！"}, {"uid": "1873032415", "content": "大丑草"}, {"uid": "1873032415", "content": "亲上了亲上了"}, {"uid": "481441556", "content": "草"}, {"uid": "30019499", "content": "？"}, {"uid": "30019499", "content": "前方音量诉讼"}, {"uid": "7104155", "content": "？草奇怪的位置"}, {"uid": "35232695", "content": "斑羚飞渡可太草了哈哈哈哈哈"}, {"uid": "400927463", "content": "草"}, {"uid": "39829467", "content": "菊 花 超 市"}, {"uid": "39829467", "content": "左脚踩右脚起飞"}, {"uid": "197533732", "content": "？"}, {"uid": "197533732", "content": "草"}, {"uid": "284634974", "content": "？"}, {"uid": "799474", "content": "？草"}, {"uid": "799474", "content": "草草草"}, {"uid": "799474", "content": "草"}, {"uid": "799474", "content": "这就是蜘蛛侠亲亲吗x"}, {"uid": "39548315", "content": "致命打鸡"}, {"uid": "907188", "content": "怪的不行"}, {"uid": "907188", "content": "？"}, {"uid": "907188", "content": "？"}, {"uid": "7553421", "content": "我甚至倒回去又看了一遍笑死我了"}, {"uid": "28465684", "content": "cheeki breeki danke！！！"}, {"uid": "28465684", "content": "hardbass！！！"}, {"uid": "6175962", "content": "哈哈哈哈哈哈哈哈哈哈哈哈哈哈"}, {"uid": "627163836", "content": "大家好，我叫马牛逼"}, {"uid": "38430064", "content": "没救了"}, {"uid": "584994537", "content": "好家伙，骂我苏卡不列"}, {"uid": "488332083", "content": "？？？"}, {"uid": "488332083", "content": "？？？"}, {"uid": "6142508", "content": "哈哈哈哈"}, {"uid": "473178845", "content": "反思一下你为什么点进这个视频"}, {"uid": "63433856", "content": "？"}, {"uid": "626753866", "content": "男男的上加男"}, {"uid": "263843447", "content": "双 头 龙"}, {"uid": "479246951", "content": "哥谭市蝙蝠侠小丑"}, {"uid": "479246951", "content": "JoJo"}, {"uid": "626753866", "content": "哲学行为"}, {"uid": "520836530", "content": "小丑竟在我身边"}, {"uid": "510043797", "content": "牛顿的棺材板快压不住了"}, {"uid": "35242635", "content": "左脚踩右脚原理"}, {"uid": "481310620", "content": "男同竟在我身边"}, {"uid": "51193731", "content": "太怪了"}, {"uid": "2842009", "content": "怪"}, {"uid": "2842009", "content": "倒也不必哈哈哈哈哈"}, {"uid": "49989733", "content": "呜呜卡宝好可爱"}, {"uid": "49989733", "content": "贴"}, {"uid": "50401412", "content": "太怪了"}, {"uid": "144901990", "content": "？？？"}, {"uid": "144901990", "content": "怪 卡欧斯 怪"}, {"uid": "135642944", "content": "草"}, {"uid": "37960377", "content": "时代姐妹花"}, {"uid": "11697770", "content": "大草"}, {"uid": "23205093", "content": "草"}, {"uid": "1570297", "content": "草 狗头人倾情客串"}, {"uid": "38234412", "content": "草，竟然上来了"}, {"uid": "449657647", "content": "草"}, {"uid": "449657647", "content": "笑吐了"}, {"uid": "13625416", "content": "感动中国"}, {"uid": "13625416", "content": "忆童年"}, {"uid": "13625416", "content": "谢谢崽儿 已经瞎了"}, {"uid": "95342899", "content": "萝卜 好萝卜！"}, {"uid": "6714479", "content": "斑羚飞渡草啊"}, {"uid": "22375357", "content": "草"}, {"uid": "299344272", "content": "其他人做得到吗.jpg"}, {"uid": "3718984", "content": "好强的片尾啊"}, {"uid": "7884052", "content": "悬崖勒马"}, {"uid": "7884052", "content": "笑死我了笑死我了"}, {"uid": "30651984", "content": "暂停成功"}, {"uid": "21831827", "content": "这是怎么做到的，太怪了呀唯"}, {"uid": "5463640", "content": "飞出银河系，我的妈"}, {"uid": "12885863", "content": "我擦笑死"}, {"uid": "290794019", "content": "我要笑飞了"}, {"uid": "479246951", "content": "九六式"}, {"uid": "611232400", "content": "有内味儿了"}, {"uid": "629277536", "content": "牛顿呢"}, {"uid": "13964403", "content": "还能上去是我妹想到的"}, {"uid": "13625416", "content": "草这游戏是这么自救的吗？？？"}, {"uid": "6714479", "content": "哈哈哈哈哈哈哈哈哈哈强啊"}, {"uid": "22375357", "content": "ohhhhhhhh！哈哈哈哈"}, {"uid": "217919384", "content": "笑死我了我头呢"}, {"uid": "5463640", "content": "头都笑掉了"}, {"uid": "265228531", "content": "弹射起步"}, {"uid": "150339458", "content": "哈哈哈哈哈"}, {"uid": "907188", "content": "卧槽哈哈哈哈哈哈哈"}, {"uid": "10040253", "content": "哈哈哈哈哈哈哈哈哈哈"}, {"uid": "508470340", "content": "卧槽牛逼"}, {"uid": "1954092", "content": "草哈哈哈哈哈哈哈"}, {"uid": "24451061", "content": "来了来了"}, {"uid": "95342899", "content": "草哈哈哈哈哈哈哈哈哈"}, {"uid": "549378785", "content": "生草"}, {"uid": "526774785", "content": "woc这都行！"}, {"uid": "7104155", "content": "woc哈哈哈哈哈哈"}, {"uid": "11750698", "content": "笑吐了"}, {"uid": "611232400", "content": "好兄弟！"}, {"uid": "38430064", "content": "放手吧！"}, {"uid": "195235533", "content": "？？？？？？"}, {"uid": "486193737", "content": "?"}, {"uid": "486193737", "content": "你不太对劲"}, {"uid": "11697770", "content": "怪视频"}, {"uid": "163979830", "content": "哈哈哈哈哈哈哈哈哈"}, {"uid": "13380338", "content": "草笑死了"}, {"uid": "302465761", "content": "草哈哈哈哈哈哈哈"}, {"uid": "3718984", "content": "哈哈哈哈哈哈"}, {"uid": "481441556", "content": "草飞起来了"}, {"uid": "35232695", "content": "卧槽牛逼啊"}, {"uid": "284634974", "content": "草！！！！"}, {"uid": "531721186", "content": "草"}, {"uid": "11152613", "content": "直接起飞"}, {"uid": "63433856", "content": "这不是秦先生吗"}, {"uid": "95342899", "content": "草"}, {"uid": "1873032415", "content": "地铁  老人  手机"}, {"uid": "799474", "content": "草"}, {"uid": "799474", "content": "草"}, {"uid": "44754358", "content": "草"}, {"uid": "30334195", "content": "我笑吐了"}, {"uid": "611232400", "content": "苏卡不列"}, {"uid": "479246951", "content": "刚刚闪过的是我们课文剧情"}, {"uid": "7177923", "content": "草"}, {"uid": "22342292", "content": "秦川草"}, {"uid": "2056405", "content": "草"}, {"uid": "49989733", "content": "卧槽牛逼"}, {"uid": "196345323", "content": "草"}, {"uid": "436675868", "content": "wwwww"}, {"uid": "24451061", "content": "草"}, {"uid": "12597722", "content": "草 这也行"}, {"uid": "95342899", "content": "哈哈哈哈哈"}, {"uid": "35530748", "content": "nb啊"}, {"uid": "3745241", "content": "是quin草"}, {"uid": "13380338", "content": "草"}, {"uid": "327519839", "content": "看了这么多人玩这个 第一次有人能这么救上来"}, {"uid": "400927463", "content": "笑拉了"}, {"uid": "405924302", "content": "？"}, {"uid": "522286168", "content": "啊这"}, {"uid": "443345710", "content": "yg"}, {"uid": "7177923", "content": "草"}, {"uid": "17321944", "content": "草这也行？"}, {"uid": "475826619", "content": "草"}, {"uid": "198557001", "content": "草"}, {"uid": "6714479", "content": "开幕雷击"}, {"uid": "317021750", "content": "ohhhhhhhhhhhh"}, {"uid": "337830577", "content": "草"}, {"uid": "33313423", "content": "草"}, {"uid": "59810236", "content": "太牛逼了"}, {"uid": "73277246", "content": "草"}, {"uid": "1873032415", "content": "草"}, {"uid": "177741542", "content": "？真的"}, {"uid": "355245852", "content": "哈哈哈哈哈哈哈哈"}, {"uid": "340501283", "content": "草"}, {"uid": "19076818", "content": "666666"}, {"uid": "475208118", "content": "？？？"}, {"uid": "180466824", "content": "？"}, {"uid": "13380338", "content": "草"}, {"uid": "337830577", "content": "好家伙"}, {"uid": "5897423", "content": "草"}, {"uid": "1420589454", "content": "ohhhhhhhhhh"}, {"uid": "159089910", "content": "草"}, {"uid": "63433856", "content": "？？？"}, {"uid": "490127721", "content": "？"}, {"uid": "7860154", "content": "草"}, {"uid": "22375357", "content": "草"}, {"uid": "457760227", "content": "草 "}, {"uid": "356001889", "content": "草"}, {"uid": "11604522", "content": "草"}, {"uid": "278857347", "content": "草"}, {"uid": "1618133", "content": "草"}, {"uid": "85573674", "content": "草"}, {"uid": "159089910", "content": "草"}, {"uid": "335326811", "content": "绝啊"}, {"uid": "14879481", "content": "？？？"}, {"uid": "28376281", "content": "哪来的狗"}, {"uid": "10050784", "content": "这tm居然能上来哈哈哈哈哈哈哈哈哈"}, {"uid": "159089910", "content": "哈哈哈哈哈哈哈哈哈哈哈哈哈哈哈哈哈哈哈哈哈哈哈哈哈哈哈哈哈哈哈哈哈哈哈哈哈哈哈哈哈哈哈哈哈哈哈哈哈哈哈哈哈哈哈哈哈哈哈哈哈哈哈哈哈哈哈哈哈哈哈哈"}, {"uid": "436788086", "content": "哈哈哈哈哈哈哈哈哈哈哈哈哈哈哈哈哈哈哈哈哈哈哈哈哈哈哈哈哈哈哈"}, {"uid": "436788086", "content": "哈哈哈哈哈哈哈哈哈哈哈哈哈哈哈哈哈哈哈哈哈哈哈哈哈哈哈哈哈哈哈哈哈哈哈哈哈哈哈哈哈"}, {"uid": "11697770", "content": "和哈哈哈哈哈哈哈哈哈哈哈哈哈哈哈哈哈哈哈哈哈哈哈哈哈哈哈哈哈哈哈哈哈哈哈哈"}, {"uid": "24451061", "content": "哈哈哈哈哈哈哈哈哈哈哈哈哈哈哈"}, {"uid": "24451061", "content": "哈哈哈哈哈哈哈哈哈哈哈哈哈哈哈哈"}]