[{"uid": "15085265", "content": "更好笑了哈哈哈哈哈哈哈"}, {"uid": "15085265", "content": "我躺下了jpg"}, {"uid": "1911041713", "content": "草"}, {"uid": "272388327", "content": "草"}, {"uid": "492102978", "content": "哈哈哈哈哈哈草"}, {"uid": "492102978", "content": "草"}, {"uid": "95342899", "content": "草草草哈哈哈哈哈哈哈"}, {"uid": "95342899", "content": "哈哈哈哈哈哈哈哈坂本大佬"}, {"uid": "95342899", "content": "已经开始笑了"}, {"uid": "450780625", "content": "草这个弔图"}, {"uid": "246071420", "content": "狗勾擦盘"}, {"uid": "526774785", "content": "所以说到底值不值哈哈哈哈哈哈"}, {"uid": "526774785", "content": "心脏骤停"}, {"uid": "526774785", "content": "谢谢，脚趾拇已经开始扣起来了"}, {"uid": "13584345", "content": "开始麻了"}, {"uid": "287515149", "content": "hhhhhhhhhhhhhhhhhhhhhhhhhhhhhhhhhhhhhhhhhhhhhhhhhhhhhhhhhhhhhhhh"}, {"uid": "287515149", "content": "hhhhhhhhhhhhh"}, {"uid": "287515149", "content": "hhhhhhhhhhhhhhh"}, {"uid": "287515149", "content": "hhhhhhhhhhhhhhhhhhhhhhhhhh"}, {"uid": "452233313", "content": "草。bgm。"}, {"uid": "84107266", "content": "草 笑的好狗（指真的很像狗）"}, {"uid": "25848139", "content": "草"}, {"uid": "502677613", "content": "哈哈哈哈哈哈哈哈"}, {"uid": "83060676", "content": "哈哈哈哈哈哈哈哈哈哈哈哈"}, {"uid": "31444333", "content": "草草草"}, {"uid": "31444333", "content": "草"}, {"uid": "33131483", "content": "233"}, {"uid": "11697770", "content": "《美女，我可是坏透了呢》"}, {"uid": "5073726", "content": "别说画的还挺好"}, {"uid": "10049786", "content": "开始带入了，很尴尬"}, {"uid": "29414534", "content": "笑死了"}, {"uid": "6992479", "content": "糟了糟了"}, {"uid": "922137", "content": "笑拉了"}, {"uid": "236578799", "content": "开始笑了"}, {"uid": "45206", "content": "救命"}, {"uid": "44969536", "content": "哈哈哈哈哈哈哈哈哈哈救命啊"}, {"uid": "14662161", "content": "败犬"}, {"uid": "356001889", "content": "哈哈哈哈哈哈哈哈哈哈哈"}, {"uid": "49645254", "content": "        笑他↓"}, {"uid": "399686863", "content": "草哈哈哈哈哈哈哈痛苦面具"}, {"uid": "76527300", "content": "哈哈哈哈哈哈"}, {"uid": "272388327", "content": "哈哈哈哈哈哈哈哈哈哈哈哈哈哈哈哈哈哈哈哈"}, {"uid": "272388327", "content": "哈哈哈哈哈哈哈哈哈哈哈哈哈哈哈哈"}]