[{"uid": "305826365", "content": "哈哈哈哈哈太可爱了"}, {"uid": "37814728", "content": "哈哈哈哈哈哈哈哈哈哈"}, {"uid": "322983256", "content": "世界上最好的面捕♡"}, {"uid": "1974223", "content": "草"}, {"uid": "299344272", "content": "文明做狗人，从我做起"}, {"uid": "94735409", "content": "鹅鹅鹅鹅鹅鹅鹅鹅鹅"}, {"uid": "31319163", "content": "哈哈哈哈哈哈哈"}, {"uid": "13380338", "content": "草哈哈哈哈哈哈哈哈哈哈哈哈哈"}, {"uid": "305826365", "content": "我直接嗨老婆"}, {"uid": "517371326", "content": "哈哈哈哈哈哈哈哈"}, {"uid": "6142508", "content": "哈哈哈哈"}, {"uid": "10269850", "content": "在现场哈哈哈哈"}, {"uid": "8221334", "content": "哈哈哈哈哈哈哈哈"}, {"uid": "283745952", "content": "草"}, {"uid": "31444333", "content": "草"}, {"uid": "33741261", "content": "草"}, {"uid": "501444725", "content": "草"}, {"uid": "8345248", "content": "草"}, {"uid": "52600565", "content": "草"}, {"uid": "302191906", "content": "草"}, {"uid": "2292074", "content": "草哈哈哈哈哈"}, {"uid": "197533732", "content": "草"}, {"uid": "17371717", "content": "草"}, {"uid": "88657316", "content": "草"}, {"uid": "363874967", "content": "草"}, {"uid": "492102978", "content": "草"}, {"uid": "24199924", "content": "草"}, {"uid": "294631693", "content": "草"}, {"uid": "6733835", "content": "草"}, {"uid": "94722021", "content": "草"}, {"uid": "320990133", "content": "草"}, {"uid": "320990133", "content": "wwww"}, {"uid": "438108993", "content": "草"}, {"uid": "19923720", "content": "草"}, {"uid": "4556743", "content": "草"}, {"uid": "51770271", "content": "草"}, {"uid": "272388327", "content": "哈哈哈哈哈哈哈哈哈哈哈哈哈哈哈"}, {"uid": "1479522", "content": "哈哈哈哈哈哈哈哈哈哈哈哈哈哈哈哈哈哈哈"}]