[{"uid": "526774785", "content": "哦～"}, {"uid": "526774785", "content": "真的吗，我不信"}, {"uid": "526774785", "content": "这个角度好帅"}, {"uid": "526774785", "content": "可爱"}, {"uid": "526774785", "content": "方舟！"}, {"uid": "526774785", "content": "这句话超苏啊"}, {"uid": "526774785", "content": "姐妹穿件衣服吧（doge）"}, {"uid": "526774785", "content": "我也想感受阿柴的胸膛"}, {"uid": "526774785", "content": "啊？啊？啊？"}, {"uid": "526774785", "content": "我不对劲"}, {"uid": "526774785", "content": "喜翻惹，喜翻惹噜"}, {"uid": "526774785", "content": "小壁崽子！"}, {"uid": "526774785", "content": "刚下过雨的天空，带走了灰尘，却带不走你给我打心疼（什么东西啊哈哈哈！）"}, {"uid": "526774785", "content": "狗狗撩我"}, {"uid": "526774785", "content": "诶～！真不错"}, {"uid": "526774785", "content": "因为有胸肌？"}, {"uid": "240379329", "content": "好好笑"}, {"uid": "52433457", "content": "碱水粽子蘸蜂蜜也好吃！"}, {"uid": "685416", "content": "头皮上抹油？？？"}, {"uid": "685416", "content": "正面火并 当场火葬"}, {"uid": "685416", "content": "换位思考.JPG"}, {"uid": "11697770", "content": "笑死"}, {"uid": "31319163", "content": "草草草"}, {"uid": "2181738", "content": "Kimo"}, {"uid": "2181738", "content": "舔地板也太怪了"}, {"uid": "11697770", "content": "《一般情况下会狗叫吗》"}, {"uid": "11697770", "content": "犬帮：这就是你要推翻我的理由？"}, {"uid": "313778591", "content": "油起来了"}, {"uid": "313778591", "content": " 可 爱 草"}, {"uid": "313778591", "content": "撒娇我死了"}, {"uid": "313778591", "content": "狗听完狗死了"}, {"uid": "313778591", "content": "蟑螂出道 草"}, {"uid": "313778591", "content": "撒娇太可爱了wwwww"}, {"uid": "313778591", "content": "我不配做南方蟑螂"}, {"uid": "313778591", "content": "南桐浓度提高了"}, {"uid": "313778591", "content": "百家狗草"}, {"uid": "313778591", "content": "好怪好怪好怪"}, {"uid": "313778591", "content": "大脑缺氧狗勾 喜欢"}, {"uid": "313778591", "content": "是d了"}, {"uid": "313778591", "content": "老gaymer丝了"}, {"uid": "313778591", "content": "初体验太草了"}, {"uid": "313778591", "content": "大哥还不会自主眨眼"}, {"uid": "313778591", "content": "正经起来了"}, {"uid": "313778591", "content": "厕所摸鱼up"}, {"uid": "313778591", "content": "狗勾超会撒娇的"}, {"uid": "8550615", "content": "尾巴擦黑板"}, {"uid": "10550972", "content": "草"}, {"uid": "10550972", "content": "竟然让女孩子舔黑板"}, {"uid": "10550972", "content": "更京巴狗了（bu"}, {"uid": "21119054", "content": "小弟草"}, {"uid": "668611833", "content": "简称“八萨”罗那"}, {"uid": "87896750", "content": "xs"}, {"uid": "87896750", "content": "cc"}, {"uid": "438473881", "content": "沃⬆️日⬇️"}, {"uid": "1818384", "content": "草这个动捕笑死"}, {"uid": "86574472", "content": "？"}, {"uid": "686078306", "content": "？？？为什么会讲的出来介种话"}, {"uid": "686078306", "content": "阿柴，是九块九"}, {"uid": "23032321", "content": "888888"}, {"uid": "23032321", "content": "好强！！！"}, {"uid": "23032321", "content": "即兴wow"}, {"uid": "23032321", "content": "上流i了"}, {"uid": "23032321", "content": "看了一下一列表都是我的弹幕怎么会这样"}, {"uid": "23032321", "content": "太强了"}, {"uid": "23032321", "content": "好池快进到基建"}, {"uid": "23032321", "content": "牙也太可爱了我干"}, {"uid": "23032321", "content": "大哥真的好帅"}, {"uid": "23032321", "content": "快进到基建"}, {"uid": "23032321", "content": "太池了"}, {"uid": "23032321", "content": "斯哈斯哈"}, {"uid": "23032321", "content": "面捕可爱"}, {"uid": "23032321", "content": "？？？"}, {"uid": "23032321", "content": "憨死了"}, {"uid": "23032321", "content": "来多点来多点"}, {"uid": "23032321", "content": "好耶"}, {"uid": "23032321", "content": "我假唱我自己"}, {"uid": "23032321", "content": "笑死"}, {"uid": "23032321", "content": "狗言狗语"}, {"uid": "23032321", "content": "？？？？？"}, {"uid": "23032321", "content": "撒娇suki"}, {"uid": "23032321", "content": "来了来了是中文歌"}, {"uid": "23032321", "content": "撒娇太可爱了吧"}, {"uid": "23032321", "content": "我不骑"}, {"uid": "23032321", "content": "贴脸"}, {"uid": "23032321", "content": "狗不能 至少不应该"}, {"uid": "23032321", "content": "？？？？？"}, {"uid": "23032321", "content": "虾滑好吃的"}, {"uid": "23032321", "content": "百事什么时候能站起来"}, {"uid": "23032321", "content": "哈哈哈哈哈哈哈哈哈哈哈哈"}, {"uid": "23032321", "content": "？？？？？？"}, {"uid": "23032321", "content": "？？？？？？？"}, {"uid": "23032321", "content": "你不行吗大哥"}, {"uid": "23032321", "content": "笑得也太可爱了吧"}, {"uid": "23032321", "content": "可爱"}, {"uid": "23032321", "content": "哈哈哈哈哈哈哈哈哈哈哈"}, {"uid": "23032321", "content": "大哥好会唱"}, {"uid": "23032321", "content": "前方高能"}, {"uid": "23032321", "content": "哭哭哭哭大声点"}, {"uid": "23032321", "content": "哈哈哈哈哈哈哈哈哈哈哈哈"}, {"uid": "23032321", "content": "555555可爱了"}, {"uid": "23032321", "content": "来点二次元"}, {"uid": "23032321", "content": "你好嗲"}, {"uid": "23032321", "content": "哈哈哈哈哈哈哈哈哈哈哈哈"}, {"uid": "23032321", "content": "哈哈哈哈哈哈哈哈哈哈哈"}, {"uid": "11945953", "content": "黄澄澄的绿眼睛"}, {"uid": "11517300", "content": "笑得好可爱"}, {"uid": "13380338", "content": "kwiiii"}, {"uid": "13380338", "content": "太好听了"}, {"uid": "13380338", "content": "眼泪 掉下来了"}, {"uid": "10550972", "content": "什么哈哈哈哈哈哈哈哈哈哈哈哈哈"}]