[{"uid": "94774913", "content": "草"}, {"uid": "23105821", "content": "得价钱"}, {"uid": "8254614", "content": "笑死"}, {"uid": "29528189", "content": "哈哈哈哈哈哈"}, {"uid": "33821295", "content": "替柴尴尬草草草"}, {"uid": "33821295", "content": "草"}, {"uid": "34765893", "content": "笑死，吻给全员听"}, {"uid": "317169414", "content": "可是他给的实在太多了"}, {"uid": "409518630", "content": "草"}, {"uid": "13247876", "content": "《可她给的太多了》"}, {"uid": "19923720", "content": "草"}, {"uid": "8082157", "content": "笑死这个特效"}, {"uid": "356001889", "content": "草"}, {"uid": "356001889", "content": "草？？？？"}, {"uid": "37928563", "content": "噔噔咚"}, {"uid": "11090132", "content": "阿柴：呆住"}, {"uid": "313778591", "content": "草"}, {"uid": "6036414", "content": "阿柴这颈链子不扎吗"}, {"uid": "13247876", "content": "哈哈哈哈哈哈哈哈哈哈哈"}, {"uid": "32824295", "content": "麻了也爽了（混乱）"}, {"uid": "668047", "content": "（心理斗争中）"}, {"uid": "13380338", "content": "愣住"}, {"uid": "35046902", "content": "也不是不是不行（三重否定）"}, {"uid": "24739403", "content": "草"}, {"uid": "20877518", "content": "一唱一和是吧"}, {"uid": "11697770", "content": "草"}, {"uid": "1559331", "content": "面子果实"}, {"uid": "13022273", "content": "草"}, {"uid": "356001889", "content": "草"}, {"uid": "483733106", "content": "在现场哈哈哈哈哈哈哈哈哈"}, {"uid": "157622402", "content": "哈哈哈哈哈哈哈"}, {"uid": "13247876", "content": "草"}, {"uid": "9381237", "content": "笑死了"}, {"uid": "13247876", "content": "呃啊啊啊啊啊啊啊啊啊啊啊啊"}, {"uid": "13380338", "content": "笑死我了"}, {"uid": "314513297", "content": "草"}, {"uid": "313778591", "content": "呃呃呃啊啊啊啊"}, {"uid": "313778591", "content": "草草草"}, {"uid": "8254614", "content": "呵呵呵哈哈哈哈哈哈哈哈哈哈哈哈"}, {"uid": "9381237", "content": "哈哈哈哈哈哈哈哈哈哈哈哈哈哈哈"}]