[{"uid": "24765653", "content": "草"}, {"uid": "2182403", "content": "黑帮被枪声吓到，笑死"}, {"uid": "27172270", "content": "草"}, {"uid": "596996830", "content": "好快的车车"}, {"uid": "473228029", "content": "很抱歉以这种方式认识你"}, {"uid": "450780625", "content": "草草草"}, {"uid": "429520566", "content": "噫!好!我中了!"}, {"uid": "13380338", "content": "笑死我了这里"}, {"uid": "13380338", "content": "哈哈哈哈哈哈哈哈哈"}, {"uid": "2931874", "content": ".336"}, {"uid": "8082157", "content": "《经典老番》"}, {"uid": "8082157", "content": "？？？"}, {"uid": "13380338", "content": "笑死我了"}, {"uid": "190842243", "content": "vr里就数萨麦尔最不对劲"}, {"uid": "281996980", "content": "虎狼之词"}, {"uid": "434136901", "content": "孩子看的很开心哈哈哈哈"}, {"uid": "63396096", "content": "祖传结尾"}, {"uid": "2280146", "content": "那么sml是dt吗"}, {"uid": "441305254", "content": "好家伙"}, {"uid": "13380338", "content": "返祖现象"}, {"uid": "13380338", "content": "哈哈哈哈啊哈哈哈哈哈哈傻哈哈"}, {"uid": "13380338", "content": "我笑死我了再放送"}, {"uid": "390166389", "content": "烫嘴"}, {"uid": "13380338", "content": "草"}, {"uid": "22342292", "content": "南通来了快跑快跑（"}, {"uid": "13380338", "content": "草"}, {"uid": "11697770", "content": "笑得屠吐了"}, {"uid": "7916556", "content": "？？？"}, {"uid": "446698451", "content": "哈哈哈哈哈哈哈哈哈哈哈哈"}, {"uid": "2931874", "content": "3"}, {"uid": "11187248", "content": "怪 怪得很"}, {"uid": "741520", "content": "？？？？？？？？？"}, {"uid": "52718309", "content": "？"}, {"uid": "3366650", "content": "？"}, {"uid": "113539850", "content": "草"}, {"uid": "1992183", "content": "？"}, {"uid": "13380338", "content": "草"}, {"uid": "43736615", "content": "？？sml"}, {"uid": "100840859", "content": "萨麦尔你在说什么？？？"}, {"uid": "12423682", "content": "？"}]