[{"uid": "526774785", "content": "阿柴唱歌是真的好听"}, {"uid": "526774785", "content": "前方ut厨爆炸"}, {"uid": "526774785", "content": "土到极致就是潮，潮到极致就是上流"}, {"uid": "526774785", "content": "hso"}, {"uid": "490400157", "content": "宝你字好可爱www"}, {"uid": "237800229", "content": "危险发炎"}, {"uid": "17119581", "content": "hso()"}, {"uid": "22284521", "content": "脏话不回避www"}, {"uid": "1706522", "content": "丝儿维斯"}, {"uid": "322695189", "content": "hso"}, {"uid": "322695189", "content": "太傻了，就是有点涩"}, {"uid": "13019094", "content": "校服草"}, {"uid": "13019094", "content": "衣服穿岔半儿了"}, {"uid": "13019094", "content": "毛儿茸茸"}, {"uid": "13019094", "content": "丈育草"}, {"uid": "85573674", "content": "??????"}, {"uid": "685416", "content": "唱 砸"}, {"uid": "499456467", "content": "速来击剑"}, {"uid": "499456467", "content": "快进到击剑"}, {"uid": "499456467", "content": "上流"}, {"uid": "8082157", "content": "好耶"}, {"uid": "8082157", "content": "哈哈哈哈哈哈哈"}, {"uid": "313778591", "content": "我 田野柴 火辣"}, {"uid": "20303842", "content": "是喜剧人"}, {"uid": "925800", "content": "太有内味儿了，老百京人了"}, {"uid": "300227", "content": "草"}, {"uid": "86574472", "content": "上流"}, {"uid": "438473881", "content": "哦呗"}, {"uid": "86574472", "content": "老创业人了"}, {"uid": "86574472", "content": "哈哈哈哈哈哈哈哈哈哈哈哈哈哈"}, {"uid": "86574472", "content": "确实确实"}, {"uid": "86574472", "content": "太顶了"}, {"uid": "86574472", "content": "好家伙"}, {"uid": "86574472", "content": "太顶了，上流"}, {"uid": "205252463", "content": "草"}, {"uid": "5793282", "content": "千手观音草"}, {"uid": "5793282", "content": "这首！"}, {"uid": "5793282", "content": "发音草"}, {"uid": "1367653", "content": "vr传奇"}, {"uid": "1367653", "content": "《吸入》"}, {"uid": "366074929", "content": "太色了 这两个英文"}, {"uid": "366074929", "content": "考虑一下和673的度人前辈搭伙儿说相声吧"}, {"uid": "366074929", "content": "救命笑死我了"}, {"uid": "299344272", "content": "这是免费可以看的东西吗？"}, {"uid": "23032321", "content": "ohhhhhhhhhhhhhhhhh"}, {"uid": "23032321", "content": "哈哈哈哈哈哈哈哈哈哈"}, {"uid": "23032321", "content": "打咩哈哈哈哈哈哈哈"}, {"uid": "23032321", "content": "vvvvvvvv"}, {"uid": "23032321", "content": "笑死"}, {"uid": "23032321", "content": "太可爱了"}, {"uid": "23032321", "content": "上流"}, {"uid": "23032321", "content": "没赶上直播"}, {"uid": "23032321", "content": "来了"}, {"uid": "399481", "content": "舌头打结了"}, {"uid": "399481", "content": "四个大痔"}, {"uid": "382862082", "content": "笑死了尾巴"}, {"uid": "37619033", "content": "！！！！！！！！！！"}, {"uid": "37619033", "content": "！！！！！！！！！！！！！"}, {"uid": "37619033", "content": "“别了俩耳环”草这口音"}, {"uid": "37619033", "content": "大zhi"}, {"uid": "37619033", "content": "京巴狗"}, {"uid": "83498855", "content": "真可爱啊～"}, {"uid": "19857265", "content": "有相声内味儿了"}, {"uid": "32587443", "content": "看成同志爱的我是不是有些问题"}, {"uid": "591938", "content": "北京英语草"}, {"uid": "2514120", "content": "噢，不用买两副耳机，省了几个亿"}, {"uid": "2514120", "content": "买airpods pro要买两副"}, {"uid": "2514120", "content": "循环利用"}, {"uid": "2514120", "content": "里面很热？"}, {"uid": "7392284", "content": "帅"}, {"uid": "1805730", "content": "四个大痣"}, {"uid": "7392284", "content": "啊这首！"}, {"uid": "356001889", "content": "欧被"}, {"uid": "7392284", "content": "哈哈哈哈哈哈"}, {"uid": "7392284", "content": "哈哈哈哈虚拟世界"}, {"uid": "32641434", "content": "上流"}, {"uid": "591938", "content": "？？"}, {"uid": "591938", "content": "？"}]