[{"uid": "22342292", "content": "谜之弹舌"}, {"uid": "143874256", "content": "明明是歌势却超爱整活"}, {"uid": "452806966", "content": "百草园"}, {"uid": "588166907", "content": "百 草 园"}, {"uid": "160982454", "content": "草"}, {"uid": "102587849", "content": "极道弹舌草"}, {"uid": "150339458", "content": "这个弹舌就很草"}, {"uid": "22748730", "content": "弹舌草"}, {"uid": "22748730", "content": "从未想过是这种东西，是我太嫩了"}, {"uid": "239762", "content": "开 幕 雷 击"}, {"uid": "29179911", "content": "刚是不是有弹舌"}, {"uid": "34481368", "content": "弹舌草"}, {"uid": "37293913", "content": "哈哈哈哈哈哈哈"}, {"uid": "511208409", "content": "看着就不太聪明"}, {"uid": "799474", "content": "唱歌真的好听！"}, {"uid": "150339458", "content": "你还tm弹舌"}, {"uid": "28190787", "content": "草？？？"}, {"uid": "15181399", "content": "开幕雷击"}, {"uid": "150339458", "content": "好帅 看着还不聪明 d了"}, {"uid": "181937", "content": "中文翻译草"}, {"uid": "21755373", "content": "草草草"}, {"uid": "452806966", "content": "百草园"}, {"uid": "452806966", "content": "草"}, {"uid": "33598230", "content": "还TM弹舌？？？"}, {"uid": "150339458", "content": "还tm弹舌"}, {"uid": "150339458", "content": "哈哈哈哈哈哈哈"}, {"uid": "430551603", "content": "草"}, {"uid": "1668420", "content": "草"}, {"uid": "24765653", "content": "草"}, {"uid": "21755373", "content": "弹舌草"}, {"uid": "52589913", "content": "草"}, {"uid": "479849002", "content": "草"}, {"uid": "30538284", "content": "草"}, {"uid": "7269129", "content": "还弹舌"}, {"uid": "37203592", "content": "弹舌草"}, {"uid": "302457062", "content": "草"}, {"uid": "35776501", "content": "草"}, {"uid": "407438275", "content": "草"}, {"uid": "499456467", "content": "草"}, {"uid": "438108993", "content": "草"}, {"uid": "77455346", "content": "草啊哈哈哈"}, {"uid": "34131986", "content": "？"}, {"uid": "102830343", "content": "开屏雷击"}, {"uid": "196394654", "content": "草"}, {"uid": "119015190", "content": "草"}, {"uid": "604589515", "content": "草"}, {"uid": "86574472", "content": "弹射"}, {"uid": "432330524", "content": "草"}, {"uid": "2209382", "content": "草"}, {"uid": "102830343", "content": "草"}, {"uid": "36065815", "content": "草"}, {"uid": "35776501", "content": "弹舌强强"}, {"uid": "16975585", "content": "草"}, {"uid": "29179911", "content": "草"}, {"uid": "65987122", "content": "草"}, {"uid": "432330524", "content": "草"}, {"uid": "23651008", "content": "草"}, {"uid": "313635602", "content": "草"}, {"uid": "100913104", "content": "草"}, {"uid": "511208409", "content": "草"}, {"uid": "36938330", "content": "？"}, {"uid": "51770271", "content": "草"}, {"uid": "20106643", "content": "草"}, {"uid": "159040512", "content": "草"}, {"uid": "171366900", "content": "草"}, {"uid": "33598230", "content": "草"}, {"uid": "10269850", "content": "草啊"}, {"uid": "5329183", "content": "???"}, {"uid": "102587849", "content": "草"}, {"uid": "51836497", "content": "草"}, {"uid": "18237552", "content": "草"}, {"uid": "302191906", "content": "草"}, {"uid": "1272990454", "content": "？？？？"}, {"uid": "81249233", "content": "草"}, {"uid": "154190290", "content": "草"}, {"uid": "3804783", "content": "草"}, {"uid": "7269129", "content": "草"}, {"uid": "276082949", "content": "草"}, {"uid": "40631445", "content": "？"}, {"uid": "5329183", "content": "草"}, {"uid": "13789422", "content": "草"}, {"uid": "34481368", "content": "草"}, {"uid": "51770271", "content": "草"}, {"uid": "93695217", "content": "草"}, {"uid": "2450857", "content": "草？"}, {"uid": "517352205", "content": "开屏暴击"}, {"uid": "15710512", "content": "草"}]