[{"uid": "526774785", "content": "啊♂"}, {"uid": "411523901", "content": "嘿嘿嘿哈哈哈哈"}, {"uid": "177137607", "content": "草草草看到我的id了"}, {"uid": "454807359", "content": "笑飞了救命"}, {"uid": "11697770", "content": "哈哈哈哈哈哈哈哈哈哈哈哈《小丑竟是你自己！》"}, {"uid": "11697770", "content": "？笑死"}, {"uid": "492102978", "content": "哈哈哈哈哈哈"}, {"uid": "11253992", "content": "草"}, {"uid": "13380338", "content": "？？？？？？？"}, {"uid": "24212247", "content": "屑 前 辈"}, {"uid": "24212247", "content": "小伙嗓子挺好啊"}, {"uid": "23032321", "content": "？？？？？？"}, {"uid": "102830343", "content": "哈哈哈哈哈哈哈哈"}, {"uid": "94722021", "content": "？？？？？？"}, {"uid": "7026136", "content": "？？？？？？"}, {"uid": "21154426", "content": "？？？？？？"}, {"uid": "335289371", "content": "草"}, {"uid": "18571218", "content": "？"}, {"uid": "11697770", "content": "？"}, {"uid": "23741939", "content": "sos"}, {"uid": "11069011", "content": "？？？？？"}, {"uid": "1474042", "content": "柴柴别叫了"}, {"uid": "451537575", "content": "草"}, {"uid": "40082143", "content": "？？？？？？"}, {"uid": "34445782", "content": "草"}, {"uid": "11697770", "content": "哈哈哈哈哈哈哈哈哈哈哈哈"}, {"uid": "438108993", "content": "草"}, {"uid": "87896750", "content": "草啊"}, {"uid": "492102978", "content": "草"}, {"uid": "13380338", "content": "草"}, {"uid": "444178119", "content": "草"}, {"uid": "37603645", "content": "？？？"}, {"uid": "492102978", "content": "草"}, {"uid": "94722021", "content": "草"}, {"uid": "35776501", "content": "草"}, {"uid": "433170466", "content": "哈哈哈哈哈哈哈哈哈哈或或或"}, {"uid": "1873032415", "content": "草"}, {"uid": "240896556", "content": "草"}, {"uid": "217919384", "content": "？？？？"}, {"uid": "5724605", "content": "草"}, {"uid": "433170466", "content": "？？？？？？？？"}, {"uid": "97489760", "content": "？？？？？"}, {"uid": "51770271", "content": "草"}, {"uid": "6497205", "content": "？"}, {"uid": "13789422", "content": "？？？？"}, {"uid": "1559331", "content": "喷了"}, {"uid": "413434847", "content": "哈哈哈哈哈哈哈哈"}, {"uid": "15626738", "content": "？？？"}, {"uid": "449108168", "content": "？"}, {"uid": "382862082", "content": "草"}, {"uid": "437957186", "content": "？"}, {"uid": "277636821", "content": "?"}, {"uid": "4933198", "content": "？"}]