[{"uid": "259435736", "content": "？？"}, {"uid": "2605841", "content": "寻血猎犬草啊hhhhhhh"}, {"uid": "499456467", "content": "不愧是你"}, {"uid": "11697770", "content": "哈哈哈哈哈哈哈哈已经在笑了"}, {"uid": "95342899", "content": "脑子里都是吃的"}, {"uid": "87896750", "content": "柴柴傻傻憨憨"}, {"uid": "87896750", "content": "开幕雷击"}, {"uid": "6669982", "content": "开屏雷击"}, {"uid": "383699441", "content": "请问这是吃播吗"}, {"uid": "4001461", "content": "草"}, {"uid": "320990133", "content": "开屏震惊"}, {"uid": "26652532", "content": "草"}, {"uid": "179947478", "content": "我已经开始笑了"}, {"uid": "35139972", "content": "未知生物"}, {"uid": "8221334", "content": "你冷静点"}, {"uid": "37271054", "content": "草啊怎么回事www"}, {"uid": "320990133", "content": "你怎么老爱吃"}, {"uid": "327519839", "content": "这真的不是在吸鼻子嘛哈哈哈"}, {"uid": "19529814", "content": "水管吧"}, {"uid": "19529814", "content": "哥大可不必"}, {"uid": "392614708", "content": "草，狗人"}, {"uid": "217919384", "content": "好可爱"}, {"uid": "10269850", "content": "在现场"}, {"uid": "457760227", "content": "在现场 "}, {"uid": "131565501", "content": "狗狗好可爱呜呜呜"}, {"uid": "79888", "content": "？好瑟哦"}, {"uid": "36193563", "content": "？"}, {"uid": "21684661", "content": "？"}, {"uid": "602401653", "content": "哈哈哈"}, {"uid": "42291363", "content": "草"}, {"uid": "23205093", "content": "草"}, {"uid": "10269850", "content": "可爱呜呜"}, {"uid": "11697770", "content": "笑死了"}, {"uid": "13625416", "content": "？？？"}, {"uid": "37814728", "content": "？"}, {"uid": "10269850", "content": "狗勾"}, {"uid": "293613", "content": "？？？"}, {"uid": "387476128", "content": "？"}, {"uid": "179947478", "content": "笑死了"}, {"uid": "14043921", "content": "？？？"}, {"uid": "24739403", "content": "草"}, {"uid": "87896750", "content": "草"}, {"uid": "388242862", "content": "草"}, {"uid": "13380338", "content": "草"}, {"uid": "390358250", "content": "草"}, {"uid": "390358250", "content": "草"}, {"uid": "109873084", "content": "？"}, {"uid": "14043921", "content": "？"}, {"uid": "1479522", "content": "？？？？"}, {"uid": "4595976", "content": "？"}, {"uid": "24739403", "content": "？"}, {"uid": "339108707", "content": "笑死我了"}, {"uid": "36065815", "content": "草"}, {"uid": "179947478", "content": "？？？？"}, {"uid": "96601070", "content": "？"}, {"uid": "28973508", "content": "？"}, {"uid": "492102978", "content": "草"}, {"uid": "19529814", "content": "？"}, {"uid": "11697770", "content": "？"}, {"uid": "26692739", "content": "？"}, {"uid": "22034922", "content": "？"}, {"uid": "141162638", "content": "？"}, {"uid": "87896750", "content": "好傻"}, {"uid": "413434847", "content": "好！"}, {"uid": "310112827", "content": "？"}, {"uid": "499456467", "content": "？"}, {"uid": "499456467", "content": "？"}, {"uid": "492102978", "content": "草"}]