[{"uid": "1434386", "content": "草"}, {"uid": "193745", "content": "草"}, {"uid": "26231783", "content": "going home"}, {"uid": "292958403", "content": "阿蒙"}, {"uid": "450780625", "content": "草"}, {"uid": "11697770", "content": "哈哈哈哈哈哈哈哈哈"}, {"uid": "20427603", "content": "回家"}, {"uid": "20427603", "content": "哈哈哈哈哈"}, {"uid": "43659495", "content": "打人"}, {"uid": "157151", "content": "艾因补完计划"}, {"uid": "12796809", "content": "草"}, {"uid": "71370", "content": "草"}, {"uid": "24739403", "content": "草"}, {"uid": "111961", "content": "都 是 艾 因"}, {"uid": "13380338", "content": "人声萨克斯草"}, {"uid": "13380338", "content": "VR哥背全锅"}, {"uid": "6694776", "content": "专业"}, {"uid": "13380338", "content": "草哈哈哈哈哈哈"}, {"uid": "13380338", "content": "草哈哈哈哈"}, {"uid": "6694776", "content": "艾因好久没有打人了"}, {"uid": "6694776", "content": "草"}, {"uid": "146309740", "content": "哈哈哈哈哈"}, {"uid": "497441789", "content": "回家哈哈哈哈哈哈"}, {"uid": "490092323", "content": "草"}, {"uid": "12796809", "content": "放学了（"}, {"uid": "336496", "content": "像像像太像了"}, {"uid": "11697770", "content": "笑得死了"}, {"uid": "43659495", "content": "草"}, {"uid": "433170466", "content": "草"}, {"uid": "3908469", "content": "太好笑了"}, {"uid": "24143705", "content": "中音萨克斯 高音萨克斯 艾因萨克斯"}, {"uid": "356001889", "content": "草"}, {"uid": "32824295", "content": "草啊"}, {"uid": "7651806", "content": "草"}, {"uid": "2658192", "content": "草"}, {"uid": "67912772", "content": "草，"}, {"uid": "4694783", "content": "草"}, {"uid": "19857265", "content": "草"}, {"uid": "5876736", "content": "草"}]