[{"uid": "515614483", "content": "1"}, {"uid": "222775211", "content": "2"}, {"uid": "175344208", "content": "1"}, {"uid": "301836422", "content": "2"}, {"uid": "8464473", "content": "1"}, {"uid": "457087965", "content": "2"}, {"uid": "109655902", "content": "1"}, {"uid": "22341124", "content": "2"}, {"uid": "262464109", "content": "1"}, {"uid": "130847647", "content": "1"}, {"uid": "296296424", "content": "2"}, {"uid": "4008926", "content": "1"}, {"uid": "1501857340", "content": "2"}, {"uid": "54645407", "content": "2"}, {"uid": "354874346", "content": "1"}, {"uid": "327207049", "content": "1"}, {"uid": "2502347", "content": "2"}, {"uid": "274726779", "content": "2"}, {"uid": "66713549", "content": "2"}, {"uid": "176031445", "content": "1"}, {"uid": "394968466", "content": "1"}, {"uid": "355095758", "content": "2"}, {"uid": "269066248", "content": "2"}, {"uid": "209567336", "content": "1"}, {"uid": "68085625", "content": "2"}, {"uid": "13476261", "content": "2"}, {"uid": "24490636", "content": "2"}, {"uid": "39442829", "content": "1"}, {"uid": "4274730", "content": "2"}, {"uid": "2873206", "content": "2"}, {"uid": "11415561", "content": "2"}, {"uid": "7251907", "content": "2"}, {"uid": "4246245", "content": "1"}, {"uid": "8135723", "content": "2"}, {"uid": "20657801", "content": "2"}, {"uid": "327296806", "content": "2"}, {"uid": "3173272", "content": "1"}, {"uid": "7723948", "content": "1"}, {"uid": "94671420", "content": "1"}, {"uid": "241203969", "content": "2"}, {"uid": "175856183", "content": "1"}, {"uid": "94811338", "content": "1"}, {"uid": "131830554", "content": "2"}, {"uid": "263727766", "content": "2"}, {"uid": "21296999", "content": "2"}, {"uid": "125127", "content": "1"}, {"uid": "401117419", "content": "1"}, {"uid": "21130522", "content": "1"}, {"uid": "8920616", "content": "2"}, {"uid": "939797", "content": "2"}, {"uid": "27781122", "content": "2"}, {"uid": "18632783", "content": "1"}, {"uid": "16422945", "content": "1"}, {"uid": "2766604", "content": "2"}, {"uid": "2525013", "content": "1"}, {"uid": "184260604", "content": "1"}, {"uid": "60252762", "content": "2"}, {"uid": "237762862", "content": "1"}, {"uid": "1351827", "content": "1"}, {"uid": "5314385", "content": "2"}, {"uid": "2833483", "content": "1"}, {"uid": "288635495", "content": "1"}, {"uid": "3108606", "content": "2"}, {"uid": "79972189", "content": "2"}, {"uid": "441175", "content": "1"}, {"uid": "28841103", "content": "2"}, {"uid": "2558295", "content": "2"}, {"uid": "5662", "content": "2"}, {"uid": "28449738", "content": "厕所里肯定是玩手机啊"}, {"uid": "342209380", "content": "2"}, {"uid": "2154078", "content": "2"}, {"uid": "50939322", "content": "2"}, {"uid": "10335152", "content": "好家伙 我直接好家伙"}, {"uid": "13628002", "content": "还有这种投票的"}, {"uid": "10312101", "content": "草 这么多玩粑粑的"}, {"uid": "2833483", "content": "????"}, {"uid": "13628002", "content": "我没得选"}, {"uid": "372341649", "content": "当然是玩粑粑了 不然我干嘛啊我"}]