[{"uid": "354760999", "content": "好的小吉巴"}, {"uid": "155938313", "content": "初见 可爱 单挑"}, {"uid": "8255255", "content": "实属带恶人"}, {"uid": "72963239", "content": "我抢自己抢自己"}, {"uid": "432619331", "content": "草 好可爱"}, {"uid": "470483664", "content": "卡面来打身份藏不住了"}, {"uid": "471079324", "content": "区 区 人 类"}, {"uid": "470831989", "content": "取名鬼才"}, {"uid": "423750566", "content": "没问题吉宝"}, {"uid": "470527706", "content": "原来真是纸片人啊"}, {"uid": "455017100", "content": "我是在玩galgame吗"}, {"uid": "349656751", "content": "说吉不说吧，文明你我他"}, {"uid": "319410763", "content": "好家伙，这个v老来打厨了"}, {"uid": "455758101", "content": "两块钱？我要了"}, {"uid": "401502930", "content": "国际友好手势"}, {"uid": "25463491", "content": "还有好久啊"}, {"uid": "268600867", "content": "副乳好可爱"}, {"uid": "470911445", "content": "手偶比你懂事怎么回事"}, {"uid": "471292083", "content": "好家伙，吃霸王餐"}, {"uid": "457855058", "content": "懂了，吉吉国王"}, {"uid": "455216789", "content": "从百草园到三味书屋"}, {"uid": "22388776", "content": "暂停成功：BEST (猴) MATCH"}, {"uid": "241709247", "content": "佛：我没说过"}, {"uid": "474019100", "content": "小啥？？？？"}, {"uid": "157681073", "content": "小吉什么(ﾟoﾟ;"}, {"uid": "157681073", "content": "猴王吉吉"}, {"uid": "33884937", "content": "吉吉国王【doge"}, {"uid": "10335152", "content": "不可以吃霸王餐！"}, {"uid": "424632567", "content": "是应急食品"}, {"uid": "485748705", "content": "“猴”字在前面，让我想起了猴头菇。"}, {"uid": "13628002", "content": "太草了 这配音 哈哈哈"}, {"uid": "5662", "content": "好家伙 你在哪请的配音啊"}, {"uid": "28070098", "content": "有被笑到！"}, {"uid": "604011236", "content": "魁拔？蛮吉？（下意识）"}, {"uid": "13824464", "content": "不老不死不灭？这不是僵尸吗？"}, {"uid": "625567492", "content": "电车战队！"}, {"uid": "72963239", "content": "小吉宝"}, {"uid": "19551800", "content": "猴里蟹"}, {"uid": "455143574", "content": "好糟糕的词"}, {"uid": "470277202", "content": "你有问题？"}, {"uid": "470062519", "content": "坏，都可以坏"}, {"uid": "319410763", "content": "↑↓↑↓"}, {"uid": "304014771", "content": "说吉不说？文明你我他。"}, {"uid": "470074550", "content": "扶不需要过马路的老莱莱"}, {"uid": "355205220", "content": "好的，吉吉国王"}, {"uid": "457599950", "content": "一命通关"}, {"uid": "13918667", "content": "旁白好听 是本音吗（bu）"}, {"uid": "457379854", "content": "大片既视感"}, {"uid": "157681073", "content": "开幕整活"}, {"uid": "513352442", "content": "你一定是小吉吧"}, {"uid": "2556736", "content": "惊了"}, {"uid": "859873", "content": "？？？？"}, {"uid": "291046331", "content": "她是个特摄厨"}, {"uid": "15406894", "content": "呀吼 大家吼"}, {"uid": "470322889", "content": "为什么你有音效"}, {"uid": "470527706", "content": "那就下下次"}, {"uid": "455361301", "content": "佛说不行"}, {"uid": "471451144", "content": "哈哈哈哈笑死"}, {"uid": "471383167", "content": "好的小吉吧"}, {"uid": "457258350", "content": "小什么？"}, {"uid": "432619331", "content": "坏起来了"}, {"uid": "241424723", "content": "小吉什么？"}, {"uid": "455378771", "content": "好家伙太值钱了"}, {"uid": "470277202", "content": "中指山"}, {"uid": "456953517", "content": "太魔鬼了"}, {"uid": "398385272", "content": "淦"}, {"uid": "3382799", "content": "？？？？？？？？？？？"}, {"uid": "457089819", "content": "太草了"}, {"uid": "456054795", "content": "我听过一个叫猴赛雷的"}, {"uid": "241709247", "content": "百事，可乐。最佳搭配"}, {"uid": "25463491", "content": "太草了"}, {"uid": "59857967", "content": "哈哈哈"}, {"uid": "2833483", "content": "来了来了"}, {"uid": "5662", "content": "可以叫笀崎酱吗"}, {"uid": "13107220", "content": "挺会抢（"}, {"uid": "1517862", "content": "小什么？"}, {"uid": "299995", "content": "哦哦你就是猴妖王吧"}, {"uid": "67803987", "content": "？？？？？？"}, {"uid": "457530617", "content": "什么身份呀"}, {"uid": "470682701", "content": "好的吉宝"}, {"uid": "457493134", "content": "草草草草"}, {"uid": "470247822", "content": "草草"}, {"uid": "21889659", "content": "坏起来了"}, {"uid": "319410763", "content": "Level Up！"}, {"uid": "457307907", "content": "这就是猴妖王吗"}, {"uid": "355205220", "content": "猴妖王不是孙悟空吗？"}, {"uid": "454906216", "content": "牛头人战士不请自来"}, {"uid": "424020259", "content": "来打time！"}, {"uid": "13918667", "content": "你再骂！"}, {"uid": "456922888", "content": "草草草"}, {"uid": "25854102", "content": "草 魔鬼"}, {"uid": "354295340", "content": "好的，小吉吧"}, {"uid": "357295490", "content": "太草了"}, {"uid": "25463491", "content": "啊   这"}, {"uid": "33528990", "content": "？？？？？"}, {"uid": "2892715", "content": "？？？？"}, {"uid": "436137076", "content": "大片"}, {"uid": "429632118", "content": "草"}, {"uid": "35535129", "content": "坏耶！"}, {"uid": "470767000", "content": "你再骂?"}, {"uid": "470682506", "content": "你在骂?"}, {"uid": "470378231", "content": "哈哈哈哈哈"}, {"uid": "423706050", "content": "可爱可爱"}, {"uid": "457089819", "content": "好通缉"}, {"uid": "319410763", "content": "Mighty Jump！Mighty Kick！Mighty Mighty Action X！"}, {"uid": "454968451", "content": "草草草草"}, {"uid": "1566785", "content": "过马路看红绿灯啊kora"}, {"uid": "455133472", "content": "不要啊！"}, {"uid": "470349586", "content": "大草"}, {"uid": "11603872", "content": "？？？？？"}, {"uid": "3665372", "content": "来了来了"}, {"uid": "13628002", "content": "来了来了"}, {"uid": "291046331", "content": "还是这种无袖好看"}, {"uid": "4827719", "content": "？"}, {"uid": "89136066", "content": "？？？？？？？？？"}, {"uid": "1922156", "content": "？？？？？？？？？？？？"}, {"uid": "67803987", "content": "坏，都可以坏"}, {"uid": "443303330", "content": "？？？"}, {"uid": "429632118", "content": "这不是僵尸吗"}, {"uid": "30014409", "content": "？"}, {"uid": "470074550", "content": "不是玩偶是啥？"}, {"uid": "455018579", "content": "佛说，不行"}, {"uid": "661308465", "content": "草"}, {"uid": "457307907", "content": "好不起来了"}, {"uid": "241424723", "content": "草"}, {"uid": "319410763", "content": "开花开花"}, {"uid": "470756935", "content": "好好听人家说话啊"}, {"uid": "457090321", "content": "快住手"}, {"uid": "21889659", "content": "吉吧"}, {"uid": "455758101", "content": "带制作啊"}, {"uid": "455664137", "content": "是本音吗？"}, {"uid": "19490639", "content": "这个bgm味太冲了"}, {"uid": "40860452", "content": "？"}, {"uid": "25463491", "content": "吉宝"}, {"uid": "2497435", "content": "被抢的竟是"}, {"uid": "357295490", "content": "这么值钱的吗？？？？？？？"}, {"uid": "259082811", "content": "那就以后一定"}, {"uid": "513352442", "content": "带恶人"}, {"uid": "93407745", "content": "？"}, {"uid": "5662", "content": "小什么？"}, {"uid": "451232533", "content": "？"}, {"uid": "1532251", "content": "好憨"}, {"uid": "2198530", "content": "可爱"}, {"uid": "470582195", "content": "那就这次也不要"}, {"uid": "471025095", "content": "啊这啊这"}, {"uid": "14122823", "content": "？？？？"}, {"uid": "456814336", "content": "小吉坏！"}, {"uid": "319410763", "content": "Gashat！"}, {"uid": "470450145", "content": "哈哈哈哈哈哈"}, {"uid": "457008417", "content": "太草了"}, {"uid": "423924235", "content": "卡面来打！"}, {"uid": "18632783", "content": "."}, {"uid": "366019839", "content": "草"}, {"uid": "456944245", "content": "草"}, {"uid": "327238", "content": "啊这"}, {"uid": "496606424", "content": "爷青回"}, {"uid": "1728398", "content": "可爱！"}, {"uid": "1728398", "content": "草"}, {"uid": "24739403", "content": "小吉吧"}, {"uid": "2833483", "content": "啥?"}, {"uid": "2556736", "content": "小吉吧"}, {"uid": "28131606", "content": "小叽吧"}, {"uid": "352458959", "content": "？"}, {"uid": "436137076", "content": "啊这"}, {"uid": "1565541", "content": "啊？"}, {"uid": "418407720", "content": "三天之内…"}, {"uid": "1532251", "content": "草"}, {"uid": "470757138", "content": "九折九折？"}, {"uid": "470261613", "content": "？？？"}, {"uid": "455143574", "content": "没听过呢"}, {"uid": "470472889", "content": "对啊你是谁啊"}, {"uid": "455627366", "content": "呀猴！"}, {"uid": "398385272", "content": "草"}, {"uid": "455593864", "content": "艾克赛德"}, {"uid": "228710454", "content": "草"}, {"uid": "88412730", "content": "来力来力！"}, {"uid": "516320802", "content": "？？？？？"}, {"uid": "25463491", "content": "exaid"}, {"uid": "33884937", "content": "草"}, {"uid": "2497435", "content": "？"}, {"uid": "279804352", "content": "??????"}, {"uid": "13918667", "content": "小什么"}, {"uid": "13316735", "content": "下次一定"}, {"uid": "470757138", "content": "？？？？"}, {"uid": "470945577", "content": "小吉吧"}, {"uid": "65706481", "content": "????"}, {"uid": "457018816", "content": "草"}, {"uid": "454966447", "content": "噫"}, {"uid": "14122823", "content": "？？？？。"}, {"uid": "433948377", "content": "2.33"}, {"uid": "471309017", "content": "带恶人"}, {"uid": "7054977", "content": "？"}, {"uid": "470893986", "content": "勇士"}, {"uid": "470986895", "content": "ex-aid"}, {"uid": "670321337", "content": "小吉吧？"}, {"uid": "176879165", "content": "草"}, {"uid": "18632783", "content": ".."}, {"uid": "59857967", "content": "草"}, {"uid": "51120507", "content": "草"}, {"uid": "357295490", "content": "没听过！"}, {"uid": "252527804", "content": "埃克塞德"}, {"uid": "5019310", "content": "山吉哥"}, {"uid": "628671872", "content": "？？？？？？"}, {"uid": "628671872", "content": "哈哈"}, {"uid": "89136066", "content": "草"}, {"uid": "13107220", "content": "下次一定"}, {"uid": "451232533", "content": "草"}, {"uid": "432415042", "content": "啊这"}, {"uid": "455685378", "content": "？？？？？"}, {"uid": "470757138", "content": "呀咩咯"}, {"uid": "457258350", "content": "好耶"}, {"uid": "470541316", "content": "草"}, {"uid": "350902303", "content": "？？？"}, {"uid": "372341649", "content": "呀猴！"}, {"uid": "51120507", "content": "？？？"}, {"uid": "431000299", "content": "草"}, {"uid": "448317005", "content": "???"}, {"uid": "628671872", "content": "草"}, {"uid": "357295490", "content": "？？？？？？？？？？？？？？？"}]