[{"uid": "544626523", "content": "仙人指路"}, {"uid": "543121988", "content": "图上这个地图是棉兰老岛"}, {"uid": "514740814", "content": "皮克斯可还行"}, {"uid": "429439345", "content": "？"}, {"uid": "51169940", "content": "P站是安全的"}, {"uid": "1871756148", "content": "好懂"}, {"uid": "79972189", "content": "原来是这个意思吗（战术后仰）"}, {"uid": "10312101", "content": "草 为什么你看得懂英文"}, {"uid": "13628002", "content": "哈哈哈拼了半天"}, {"uid": "13918667", "content": "草"}, {"uid": "10312101", "content": "哈哈哈哈这就是错别字的图"}, {"uid": "499709969", "content": "露珀塔表示很赞"}, {"uid": "93407745", "content": "？？"}, {"uid": "18632783", "content": "？？？？？？"}, {"uid": "526624", "content": "草，开幕雷击"}, {"uid": "10335152", "content": "你的英语本当上手"}, {"uid": "2497435", "content": "销受给点作用啊销受"}, {"uid": "429632118", "content": "文化沙漠"}, {"uid": "629703582", "content": "r18启动"}, {"uid": "8742831", "content": "哈哈"}, {"uid": "275529510", "content": "pixiv"}, {"uid": "10335152", "content": "憨八龟这个被子"}, {"uid": "665406361", "content": "dilidili"}, {"uid": "429632118", "content": "？？？"}, {"uid": "497893", "content": "？？？"}, {"uid": "35655516", "content": "文化沙漠"}, {"uid": "434450684", "content": "好家伙"}, {"uid": "10312101", "content": "？？？？"}, {"uid": "498791452", "content": "？"}]