[{"uid": "88073399", "content": "不，男孩子穿裙子那才叫变态"}, {"uid": "246214653", "content": "？？？？"}, {"uid": "429632118", "content": "心理阴影"}, {"uid": "203302803", "content": "男孩子要保护还自己"}, {"uid": "35492271", "content": "如果大就还行"}, {"uid": "35492271", "content": "不对劲非常不对劲"}, {"uid": "43210220", "content": "现在会的话，你就危险了"}, {"uid": "241818949", "content": "草"}, {"uid": "384796790", "content": "哈哈哈哈哈哈"}, {"uid": "79646219", "content": "什么折磨"}, {"uid": "444578122", "content": "丧失三年择偶权"}, {"uid": "436280092", "content": "两个人都不对劲"}, {"uid": "28522623", "content": "叽叽：不！这边天天都要飚车的！"}, {"uid": "100371790", "content": "强"}, {"uid": "85320885", "content": "？？？"}, {"uid": "12754387", "content": "草"}, {"uid": "4274730", "content": "冥场景：月下观鸟"}, {"uid": "88751903", "content": "这个尾巴，不行，我想咬一口"}, {"uid": "578789237", "content": "社会性死亡 "}, {"uid": "42000164", "content": "？？？"}, {"uid": "258538355", "content": "我以为！！！！鼻子呢！！！"}, {"uid": "2288947", "content": "嗯，我知道你俩都不对劲"}, {"uid": "121938437", "content": "什么！？"}, {"uid": "2954926", "content": "草"}, {"uid": "94811338", "content": "等等，到底是被掀的变态还是掀的变态？doge"}, {"uid": "28449738", "content": "现在有更多的人知道了"}, {"uid": "243941782", "content": "大象，大象你的鼻子为什么那么长"}, {"uid": "13628002", "content": "只对男孩子动手hso"}, {"uid": "10312101", "content": "hhhh"}, {"uid": "203302803", "content": "你好变态，我好爱"}, {"uid": "35492271", "content": "你对男孩子的裤子？？、"}, {"uid": "6801767", "content": "草"}, {"uid": "456353", "content": "什么虎狼之词"}, {"uid": "429632118", "content": "草。"}, {"uid": "13918667", "content": "？？？"}, {"uid": "367041", "content": "？？？？哪个头？"}, {"uid": "22587065", "content": "小学生哪里的择偶权hhh"}, {"uid": "79646219", "content": "？？？"}, {"uid": "22587065", "content": "迟早被榨干"}, {"uid": "243941782", "content": "好家伙"}, {"uid": "5305517", "content": "？？？"}, {"uid": "241818949", "content": "草"}, {"uid": "384796790", "content": "啊？"}, {"uid": "6249368", "content": "这俩都不对劲"}, {"uid": "28449738", "content": "笑死"}, {"uid": "28449738", "content": "吉吉小心啊"}, {"uid": "28449738", "content": "什么虎狼标题"}, {"uid": "22460464", "content": "草"}, {"uid": "10335152", "content": "爷青回"}, {"uid": "429632118", "content": "？？？"}, {"uid": "2556736", "content": "草"}, {"uid": "35394794", "content": "胖头鱼"}, {"uid": "13918667", "content": "小心早稻叽"}, {"uid": "23001624", "content": "草"}, {"uid": "13316735", "content": "什么？"}, {"uid": "79972189", "content": "？嫁"}, {"uid": "79646219", "content": "西索"}, {"uid": "13628002", "content": "确实bt"}, {"uid": "429632118", "content": "草"}, {"uid": "33732420", "content": "害怕"}]