[{"uid": "67791123", "content": "小吉全新形态变换！"}, {"uid": "372341649", "content": "第一次听帅吉"}, {"uid": "10312101", "content": "进度条 危"}, {"uid": "10335152", "content": "好听~  吉！"}, {"uid": "357295490", "content": "但是有猪！"}, {"uid": "13628002", "content": "帅哥你谁"}, {"uid": "13628002", "content": "好短！"}, {"uid": "356615214", "content": "来了"}, {"uid": "10312101", "content": "喜欢这首歌！！！"}, {"uid": "357295490", "content": "惊喜！"}, {"uid": "28449738", "content": "好听"}, {"uid": "372341649", "content": "吉宝！！！！！！！！"}, {"uid": "10312101", "content": "kksk"}]