[{"uid": "285961237", "content": "没事我吃你就行。"}, {"uid": "420370974", "content": "有点黄少天的意思"}, {"uid": "13742821", "content": "给我报菜名整饿了"}, {"uid": "13742821", "content": "我怎么还上电视了 笑死"}, {"uid": "25463491", "content": "小胡不算胡"}, {"uid": "21438853", "content": "草"}, {"uid": "70938480", "content": "太草"}, {"uid": "70938480", "content": "吵死了吵死了 不就起床嘛 至于吗（草"}, {"uid": "70938480", "content": "草"}, {"uid": "9169799", "content": "？"}, {"uid": "2892715", "content": "好家伙 直接要炸了··"}, {"uid": "5512", "content": "好家伙 凌晨起床吃早饭"}, {"uid": "10312101", "content": "哈哈哈哈吵死啦！！"}, {"uid": "246183017", "content": "prprprprprpr"}, {"uid": "10335152", "content": "无路赛"}, {"uid": "246183017", "content": "亚卡马西！"}, {"uid": "10335152", "content": "砖头们 草"}, {"uid": "13628002", "content": "砖头们"}, {"uid": "13918667", "content": "草草草"}, {"uid": "13628002", "content": "好家伙"}, {"uid": "13628002", "content": "在起了在起了"}, {"uid": "10312101", "content": "大草"}, {"uid": "13742821", "content": "我还投个b坷垃笑死我了！"}, {"uid": "13918667", "content": "草"}, {"uid": "381292530", "content": "啊wasl"}, {"uid": "381292530", "content": "啊awsl"}, {"uid": "18632783", "content": "？？"}, {"uid": "25463491", "content": "口胡"}]