[{"uid": "2515154", "content": "笑死。"}, {"uid": "28449738", "content": "大概布料多？"}, {"uid": "28449738", "content": "动了买的心思"}, {"uid": "28449738", "content": "香蕉君哈哈哈"}, {"uid": "10335152", "content": "确实"}, {"uid": "10335152", "content": "草"}, {"uid": "13628002", "content": "现在你就看到了"}, {"uid": "246183017", "content": "可以拿起来当抹布擦擦汗"}, {"uid": "10312101", "content": "Bgm是jay诶"}, {"uid": "10312101", "content": "太刺激了吧"}, {"uid": "10312101", "content": "你好  有的"}]