[{"uid": "8742831", "content": "哈哈哈哈哈哈哈哈"}, {"uid": "8742831", "content": "重温经典"}, {"uid": "8742831", "content": "看笨蛋"}, {"uid": "8742831", "content": "哈哈"}, {"uid": "15404302", "content": "哈哈哈"}, {"uid": "15404302", "content": "送了啊"}, {"uid": "13793313", "content": "草"}, {"uid": "13824464", "content": "帅不过五秒"}, {"uid": "13824464", "content": "这特效酷"}, {"uid": "38566836", "content": "血压上来了……"}, {"uid": "2497435", "content": "带制作！"}, {"uid": "13898813", "content": "？？？"}, {"uid": "13898813", "content": "百万特效"}, {"uid": "95108744", "content": "?"}, {"uid": "168825727", "content": "《这不可能再输了吧》"}, {"uid": "13517993", "content": "完了完了"}, {"uid": "13517993", "content": "胜利的法则已经决定了"}, {"uid": "11138182", "content": "哈哈哈哈哈哈哈哈"}, {"uid": "13107220", "content": "感觉 黑白棋这种 翻盘一瞬间的游戏 很不错呢"}, {"uid": "516320802", "content": "哈哈哈哈哈哈"}, {"uid": "516320802", "content": "这不比傅人传燃！"}, {"uid": "13628002", "content": "这不比博人传燃？？？？？？！！！"}, {"uid": "13316735", "content": "玩不起"}, {"uid": "10335152", "content": "拔网线草"}, {"uid": "10335152", "content": "不知所措哈哈"}, {"uid": "22388776", "content": "燃起来了！！！"}, {"uid": "10335152", "content": "妹啊 你傻了吗"}, {"uid": "10335152", "content": "没电了 草"}, {"uid": "8742831", "content": "假哭，suki"}, {"uid": "18632783", "content": "送她一排好了"}, {"uid": "8742831", "content": "哈哈哈哈哈哈哈哈"}, {"uid": "8988076", "content": "完惹"}, {"uid": "22388776", "content": "燃完了"}, {"uid": "13194675", "content": "好看"}, {"uid": "11138182", "content": "哈哈哈哈"}, {"uid": "28128713", "content": "？？？？"}, {"uid": "246183017", "content": "哈哈哈哈哈"}]