[{"uid": "3078826", "content": "无敌了"}, {"uid": "243941782", "content": "初见，可爱，单挑！"}, {"uid": "372341649", "content": "我单推谁你知道的"}, {"uid": "13628002", "content": "草 这句也太电了"}, {"uid": "10335152", "content": "收到，这就去D"}, {"uid": "10312101", "content": "开幕雷击 草"}, {"uid": "3078826", "content": "逆天"}, {"uid": "25463491", "content": "给我电麻了"}, {"uid": "7975839", "content": "手机电满了"}, {"uid": "10312101", "content": "开D!"}, {"uid": "28449738", "content": "我手机电满了"}, {"uid": "516320802", "content": "厉害厉害厉害"}, {"uid": "372341649", "content": "太草了"}, {"uid": "13628002", "content": "在d了在d了"}, {"uid": "18632783", "content": "？？？"}]