[{"uid": "372341649", "content": "好活就是有点好"}, {"uid": "372341649", "content": "建议加大力度"}, {"uid": "357295490", "content": "再看一眼"}, {"uid": "1930585432", "content": "暴露本性。"}, {"uid": "13918667", "content": "好怪哦 再看一眼"}, {"uid": "15404302", "content": "哈哈哈哈"}, {"uid": "13628002", "content": "好怪哦 再看一眼"}, {"uid": "99405133", "content": "四分钟，热热还可以"}, {"uid": "21889659", "content": "怪东西"}, {"uid": "10335152", "content": "谁？"}, {"uid": "10312101", "content": "你再骂"}, {"uid": "357295490", "content": "谁？"}, {"uid": "1549278277", "content": "苏卡不列！"}, {"uid": "13628002", "content": "kksk"}, {"uid": "10312101", "content": "好怪哦"}, {"uid": "21889659", "content": "太怪了"}, {"uid": "356615214", "content": "西内！"}, {"uid": "10335152", "content": "舒服了"}, {"uid": "372341649", "content": "whl"}]