[{"uid": "37280277", "content": "哈哈哈这标准的yue"}, {"uid": "516320802", "content": "吓我一跳"}, {"uid": "516320802", "content": "哈哈哈哈哈哈哈哈哈"}, {"uid": "516320802", "content": "开幕雷击"}, {"uid": "28449738", "content": "我可太害怕了"}, {"uid": "28449738", "content": "宁还是喝奶茶吧"}, {"uid": "28449738", "content": "又是一个下饭的视频"}, {"uid": "10312101", "content": "吓我一跳 哈哈"}, {"uid": "10312101", "content": "这是什么人间疾苦啊"}, {"uid": "357295490", "content": "就免疫了，yue"}, {"uid": "357295490", "content": "太下饭了（"}, {"uid": "10335152", "content": "《减 肥 视 频》"}, {"uid": "13628002", "content": "吓我一机灵"}, {"uid": "13628002", "content": "在饭点看这个视频真的好吗"}, {"uid": "22388776", "content": "黄金开口YUE"}, {"uid": "372341649", "content": "草 太惨了"}, {"uid": "372341649", "content": "好家伙 开幕雷击"}, {"uid": "22388776", "content": "好耶！是新开头。"}, {"uid": "10312101", "content": "开幕雷击"}, {"uid": "17850931", "content": "大王卒"}, {"uid": "2497435", "content": "可爱"}, {"uid": "10312101", "content": "在yue了在yue了"}, {"uid": "357295490", "content": "太草了"}, {"uid": "13628002", "content": "草"}]