[{"uid": "28449738", "content": "是我不懂音乐"}, {"uid": "28449738", "content": "《掀起你的棺材板》"}, {"uid": "10335152", "content": "这有什么轴的必要吗kora"}, {"uid": "10335152", "content": "开始上头了 救命"}, {"uid": "93407745", "content": "试图把我送走"}, {"uid": "5662", "content": "我上当了 哈哈"}, {"uid": "26197585", "content": "把我送走了"}, {"uid": "13628002", "content": "有点好听怎么回事"}, {"uid": "28449738", "content": "开场二胡"}, {"uid": "499327411", "content": "草哈哈哈哈哈哈哈哈"}, {"uid": "28449738", "content": "屁声大作"}, {"uid": "22460464", "content": "开幕雷击"}]