[{"uid": "8742831", "content": "吉宝真厉害"}, {"uid": "2892715", "content": "好听！！！"}, {"uid": "79972189", "content": "亚撒西"}, {"uid": "10312101", "content": "摩多摩多"}, {"uid": "5662", "content": "好！"}, {"uid": "13628002", "content": "好汀"}, {"uid": "10335152", "content": "好御"}, {"uid": "33528990", "content": "吉吉认真的样子真的好可爱"}, {"uid": "33528990", "content": "好听~"}, {"uid": "10335152", "content": "香水好耶"}, {"uid": "10312101", "content": "好听"}]