[{"uid": "2031381", "content": "中之人是WTM! "}, {"uid": "455143574", "content": "哈哈哈哈哈哈"}, {"uid": "471156598", "content": "可爱可爱"}, {"uid": "82579948", "content": "爷青回"}, {"uid": "82579948", "content": "草"}, {"uid": "454976948", "content": "双厨狂喜"}, {"uid": "455419709", "content": "2.33"}, {"uid": "455324235", "content": "哈哈哈哈哈哈"}, {"uid": "473723015", "content": "太草了"}, {"uid": "455143574", "content": "新酱卡哇伊"}, {"uid": "470062519", "content": "从百草园到三味书屋"}, {"uid": "457586675", "content": "野原吉之助"}, {"uid": "155916394", "content": "草"}, {"uid": "357295490", "content": "哈哈哈哈哈哈太可爱了"}, {"uid": "13628002", "content": "小新唱得好"}, {"uid": "455637300", "content": "哈哈哈哈哈"}, {"uid": "470430538", "content": "小新唱的好"}, {"uid": "697273291", "content": "开幕雷击"}, {"uid": "2056023", "content": "哈哈哈哈"}, {"uid": "423706050", "content": "大草"}, {"uid": "25463491", "content": "草"}, {"uid": "13628002", "content": "好活"}, {"uid": "11413916", "content": "草"}, {"uid": "18213537", "content": "草"}, {"uid": "4494836", "content": "草"}, {"uid": "423271446", "content": "哈哈哈哈笑死"}, {"uid": "10335152", "content": "草草草草草"}, {"uid": "5345965", "content": "草"}, {"uid": "35445492", "content": "草"}, {"uid": "457586675", "content": "草"}, {"uid": "108140630", "content": "？"}, {"uid": "470074550", "content": "草草草草"}, {"uid": "455068916", "content": "草草"}, {"uid": "471426480", "content": "笑死"}, {"uid": "45348721", "content": "草"}, {"uid": "13628002", "content": "草"}, {"uid": "4130547", "content": "!!?"}, {"uid": "470016015", "content": "草"}, {"uid": "471376876", "content": "呀咩咯"}, {"uid": "356835973", "content": "？？？"}, {"uid": "10312101", "content": "草"}, {"uid": "454909688", "content": "好耶"}, {"uid": "457370384", "content": "可以"}, {"uid": "526624", "content": "草"}, {"uid": "10335152", "content": "草"}, {"uid": "455301654", "content": "啊这"}, {"uid": "9881751", "content": "草"}, {"uid": "67803987", "content": "草"}, {"uid": "357295490", "content": "新酱"}, {"uid": "372341649", "content": "草"}]