[{"uid": "516320802", "content": "哈哈哈哈哈哈哈哈哈哈哈"}, {"uid": "70251165", "content": "先开开嗓嘛"}, {"uid": "70251165", "content": "是健康的笑声"}, {"uid": "314107846", "content": "？？？？？"}, {"uid": "10335152", "content": "草"}, {"uid": "28449738", "content": "明明是尿裙子"}, {"uid": "13628002", "content": "哈哈哈哈哈哈哈哈哈哈"}, {"uid": "5662", "content": "吓漏尿了吗 bushi"}, {"uid": "10312101", "content": "太魔性了"}, {"uid": "10312101", "content": "草"}, {"uid": "15404302", "content": "笑起来啊"}, {"uid": "13628002", "content": "草"}, {"uid": "29657893", "content": "草"}]