[{"uid": "627130372", "content": "这只猴子好好骗wwwwwww"}, {"uid": "5512", "content": "叽叽震怒"}, {"uid": "5512", "content": "好家伙 复刻啊"}, {"uid": "18213537", "content": "经典复刻"}, {"uid": "429632118", "content": "三人成虎"}, {"uid": "429632118", "content": "也有可能是假的"}, {"uid": "429632118", "content": "早稻叽"}, {"uid": "26439059", "content": "上两个送一个"}, {"uid": "498834645", "content": "慈善家"}, {"uid": "516320802", "content": "没毛病！"}, {"uid": "516320802", "content": "哈哈哈哈哈哈哈哈"}, {"uid": "309851482", "content": "早稻叽：你报我id得了"}, {"uid": "29655660", "content": "好像没问题，开两个月收益一个月的没毛病"}, {"uid": "174553563", "content": "《不 至 于》"}, {"uid": "174553563", "content": "名场面"}, {"uid": "27431210", "content": "老板大气，老板野性消费"}, {"uid": "168825727", "content": "没毛病"}, {"uid": "518871899", "content": "这孩子好憨啊"}, {"uid": "269480511", "content": "这直播效果有点明显了"}, {"uid": "54292552", "content": "感觉你在影射某人"}, {"uid": "526624", "content": "你好，有的"}, {"uid": "526624", "content": "又是这首希望之花"}, {"uid": "571220632", "content": "叽叽：？？？"}, {"uid": "8307918", "content": "真信了"}, {"uid": "34856517", "content": "三人成虎"}, {"uid": "15404302", "content": "三人成虎现实版"}, {"uid": "25463491", "content": "《我可有文化了》"}, {"uid": "1566785", "content": "三人成虎"}, {"uid": "25463491", "content": "我试过了 是真的"}, {"uid": "10335152", "content": "那你去去找物管啊"}, {"uid": "10335152", "content": "确实"}, {"uid": "10312101", "content": "哈哈哈哈哈哈哈"}, {"uid": "10312101", "content": "已经开始笑了"}, {"uid": "10312101", "content": "哈哈哈哈嗝"}, {"uid": "25463491", "content": "没错 有的"}, {"uid": "10335152", "content": "是的真的 我试过"}, {"uid": "516320802", "content": "是真的！！！"}, {"uid": "11415561", "content": "早 稻 叽 啊"}, {"uid": "429632118", "content": "经典复刻"}, {"uid": "18213537", "content": "138买两个月舰长"}, {"uid": "516320802", "content": "就是真的！"}, {"uid": "114541024", "content": "后宫兲"}, {"uid": "31658471", "content": "哈哈"}, {"uid": "526624", "content": "经典复刻"}, {"uid": "10312101", "content": "笨笨笨"}, {"uid": "436968344", "content": "@早稻叽"}, {"uid": "18632783", "content": "又来？这合理吗"}, {"uid": "10335152", "content": "你是对的"}, {"uid": "429632118", "content": "有的"}, {"uid": "357295490", "content": "确实"}, {"uid": "11415561", "content": "  逐  渐  说  服  自  己"}]