[{"uid": "25463491", "content": "胳膊不动人动hi十八"}, {"uid": "89101105", "content": "2"}, {"uid": "159199654", "content": "2"}, {"uid": "519088528", "content": "1"}, {"uid": "494595850", "content": "1"}, {"uid": "430962665", "content": "2"}, {"uid": "108911110", "content": "1"}, {"uid": "2984759", "content": "1"}, {"uid": "356615214", "content": "1"}, {"uid": "7103464", "content": "1"}, {"uid": "23760056", "content": "1"}, {"uid": "21931062", "content": "2"}, {"uid": "216178994", "content": "2"}, {"uid": "1895988", "content": "2"}, {"uid": "11603872", "content": "2"}, {"uid": "21296999", "content": "2"}, {"uid": "627903706", "content": "1"}, {"uid": "23254253", "content": "1"}, {"uid": "89042990", "content": "2"}, {"uid": "939797", "content": "2"}, {"uid": "4064143", "content": "2"}, {"uid": "9169799", "content": "1"}, {"uid": "79972189", "content": "2"}, {"uid": "26161139", "content": "1"}, {"uid": "125127", "content": "2"}, {"uid": "122775098", "content": "因为大家都去心疼giegie了"}, {"uid": "95532964", "content": "1"}, {"uid": "122775098", "content": "2"}, {"uid": "788578", "content": "2"}, {"uid": "2766604", "content": "2"}, {"uid": "102527120", "content": "1"}, {"uid": "209567336", "content": "2"}, {"uid": "7787467", "content": "2"}, {"uid": "72963239", "content": "1"}, {"uid": "784025", "content": "2"}, {"uid": "31915476", "content": "1"}, {"uid": "526624", "content": "好色哦"}, {"uid": "3824471", "content": "2"}, {"uid": "1549278277", "content": "2"}, {"uid": "10312101", "content": "孕吐~"}, {"uid": "10312101", "content": "1"}, {"uid": "10312101", "content": "太对了哥"}, {"uid": "372341649", "content": "演起来了"}, {"uid": "372341649", "content": "1"}, {"uid": "357295490", "content": "1"}, {"uid": "13628002", "content": "草 蛋白质女王"}, {"uid": "13628002", "content": "这就是孕吐！！！！！！！！！"}, {"uid": "13628002", "content": "2"}, {"uid": "13628002", "content": "听懂掌声！"}, {"uid": "2154078", "content": "1"}, {"uid": "10335152", "content": "她操作起来了"}, {"uid": "59598535", "content": "反重力刘海"}, {"uid": "5980926", "content": "这就是孕肚！"}, {"uid": "10335152", "content": "还有这种要求"}, {"uid": "1549278277", "content": "鸟大了 什么林子都有"}, {"uid": "3382799", "content": "这就是孕肚"}, {"uid": "6095177", "content": "她悟了"}, {"uid": "357295490", "content": "确实"}, {"uid": "48186212", "content": "？"}, {"uid": "526624", "content": "妖怪啊！"}, {"uid": "10312101", "content": "什么妖魔鬼怪都有"}, {"uid": "372341649", "content": "这就是孕肚"}, {"uid": "372341649", "content": "太对了"}, {"uid": "246183017", "content": "没错 我的id叫弹幕！"}, {"uid": "1549278277", "content": "没错("}, {"uid": "357295490", "content": "孕肚！"}, {"uid": "2497435", "content": "确实"}]