[{"uid": "10335152", "content": "想要被爱是『全球规模』"}, {"uid": "10335152", "content": "想要被爱 想要被爱"}, {"uid": "10335152", "content": "没有被满足 所以 讨厌"}, {"uid": "10335152", "content": "想要被满足 想要被满足"}, {"uid": "10335152", "content": "没有被理解 想要被理解"}, {"uid": "10335152", "content": "没有被满足是『感觉』"}, {"uid": "10335152", "content": "没有被满足 没有被满足"}, {"uid": "10335152", "content": "问卷调查工具"}, {"uid": "10335152", "content": "现在 开发中的"}, {"uid": "10335152", "content": "因为不可爱所以，想消失?"}, {"uid": "10335152", "content": "不那么可爱 不那么可爱"}, {"uid": "10335152", "content": "想要被爱是机密事项！"}, {"uid": "10335152", "content": "没有被满足是『感觉』"}, {"uid": "10335152", "content": "没有被满足 没有被满足"}, {"uid": "10335152", "content": "要是你的一切都是人家就好了"}, {"uid": "10335152", "content": "I I I LOVE YOU"}, {"uid": "10335152", "content": "不要走 呐 请不要走"}, {"uid": "10335152", "content": "让我忘掉讨厌的事情吧?"}, {"uid": "10335152", "content": "不得不吃掉  啊  不吃掉的话"}, {"uid": "15404302", "content": "ohhhhh"}, {"uid": "79972189", "content": "I love you！"}, {"uid": "10335152", "content": "没有被理解是『全球规模』"}, {"uid": "10335152", "content": "『要是人家的全部都是那个孩子就好了』"}, {"uid": "10335152", "content": "潸然泪下也是末班车"}, {"uid": "10335152", "content": "想要被爱 想要被爱"}, {"uid": "10335152", "content": "I I I HATE YOU"}, {"uid": "10335152", "content": "你的体温还有，心脏"}, {"uid": "429632118", "content": "好听"}]