[{"uid": "231341623", "content": "？？？？"}, {"uid": "46384076", "content": "真实"}, {"uid": "4382947", "content": "老朽"}, {"uid": "297224797", "content": "哈哈哈哈哈哈哈哈哈哈"}, {"uid": "297224797", "content": "赛高的aliya酱！！！！"}, {"uid": "297224797", "content": "塑料袋！"}, {"uid": "297224797", "content": "小胖！"}, {"uid": "297224797", "content": "wait大可爱！"}, {"uid": "297224797", "content": "盗版阿解！"}, {"uid": "297224797", "content": "三古桑！"}, {"uid": "297224797", "content": "主任！"}, {"uid": "544649367", "content": "世界名画"}, {"uid": "297224797", "content": "失踪的标记公主"}, {"uid": "297224797", "content": "洛河！"}, {"uid": "297224797", "content": "英语大佬！"}, {"uid": "297224797", "content": "阿解酱！"}, {"uid": "297224797", "content": "滴滴哈哈哈哈哈"}]