[{"uid": "2124639", "content": "好家伙，虽然是在骂人，但是一句都听不懂"}, {"uid": "432049661", "content": "看来我比aliya聪明"}, {"uid": "2124639", "content": "好听，起飞"}, {"uid": "322695277", "content": "逐渐混沌……"}, {"uid": "322695277", "content": "为什么又脸红了"}, {"uid": "399833401", "content": "然后谢谢贎斔啊这个什么什么毛毛的冰可乐（狗头）"}, {"uid": "160213825", "content": "这不得琵琶行安排上？"}, {"uid": "22189714", "content": "舰长的鬼哭狼嚎针不错"}]