[{"uid": "26512071", "content": "黄旭东是你吗？"}, {"uid": "45518033", "content": "这些都不是（"}, {"uid": "34779398", "content": "哈哈哈哈哈"}, {"uid": "17945084", "content": "好耶"}, {"uid": "31024695", "content": "针不戳针不戳"}, {"uid": "31024695", "content": "《不是很难》"}, {"uid": "31024695", "content": "头脑特别好"}, {"uid": "12375011", "content": "看着傻敷敷的样子"}, {"uid": "382168581", "content": "啊！驴呀！[滑稽]"}, {"uid": "326791530", "content": "DNA动了"}, {"uid": "12156108", "content": "。。（动词）"}, {"uid": "12156108", "content": "请文明用语。这姑娘看起来文文静静的咋开口就骂人捏"}, {"uid": "432125610", "content": "多才多艺啊"}, {"uid": "676248988", "content": "好凶啊，还会左右摇［滑稽］"}, {"uid": "676248988", "content": "啊！你呀［手动滑稽］"}, {"uid": "322695277", "content": "蜜汁脸红"}, {"uid": "322695277", "content": "见BGM知结局"}, {"uid": "480097806", "content": "DNA动了DNA动了"}, {"uid": "512233881", "content": "[ 鼓掌 ]……"}, {"uid": "228793", "content": "招 猫 逗 狗"}, {"uid": "81178830", "content": "标题看着像骂人"}, {"uid": "595238954", "content": "你脸红个泡泡茶壶"}, {"uid": "689997440", "content": "你脸红个泡泡茶壶"}, {"uid": "470406698", "content": "不知道对不对，但挺好听"}, {"uid": "45318347", "content": "针不戳"}, {"uid": "160213825", "content": "虽然听不懂韩语，但好像很厉害的样子"}, {"uid": "160213825", "content": "不是很难"}, {"uid": "7429023", "content": "卧槽，dna动了"}, {"uid": "36868271", "content": "啊~~~~驴呀！（滑稽）"}, {"uid": "628804049", "content": "哈哈"}, {"uid": "435617271", "content": "宁波人：？"}, {"uid": "195402418", "content": "看起来就很聪明的亚子"}, {"uid": "6781874", "content": "为什么脸这么红"}, {"uid": "417477704", "content": "接龙小说我一个人干完了，最速传说！"}, {"uid": "44626346", "content": "自 欺 欺 人"}, {"uid": "38063411", "content": "《头 脑 很 不 错》"}, {"uid": "498104396", "content": "怎么骂人那（"}, {"uid": "36180732", "content": "蛇佬腔"}, {"uid": "437323475", "content": "《很聪明》"}, {"uid": "631682533", "content": "出道理由极度离谱"}, {"uid": "352652495", "content": "绝赞丢人中~"}, {"uid": "650155937", "content": "qioudomadei，你是不是秋名山车神藤原拓海"}, {"uid": "650155937", "content": "女武神"}, {"uid": "35846662", "content": "单推了"}, {"uid": "11471076", "content": "麦克风长脖子上的吗？原力抖动"}, {"uid": "23123474", "content": "还会韩语？？？可以的"}, {"uid": "356056578", "content": "好耶"}, {"uid": "399871610", "content": "对啊"}, {"uid": "105613272", "content": "以上都没有（滑稽）"}, {"uid": "415311947", "content": "哎，怎么骂人（doge）"}, {"uid": "580523", "content": "哈哈哈哈哈哈哈"}, {"uid": "1858742", "content": "满头黑线"}, {"uid": "472045864", "content": "卧槽？！我猜对了苏南口音"}, {"uid": "351602187", "content": "懂了是个憨憨"}, {"uid": "430551969", "content": "这不拿一手死亡细胞"}, {"uid": "39565827", "content": "阿库娅"}, {"uid": "492170402", "content": "关系…嗯，很有粤语味道的口音"}, {"uid": "124298102", "content": "《外语》"}, {"uid": "391254279", "content": "报告是个sa子已经准备ru了"}, {"uid": "473558693", "content": "诶怎么骂人呢"}, {"uid": "90859714", "content": "文 明 用 语"}, {"uid": "14326381", "content": "好顺"}, {"uid": "176283877", "content": "请大家好好珍惜这个时候的她"}, {"uid": "346757377", "content": "怎么和我上补习班一样"}, {"uid": "345325209", "content": "是个好妈妈"}, {"uid": "413134522", "content": "看着好憨"}, {"uid": "106787475", "content": "必定黑历史"}, {"uid": "124298102", "content": "《德才仙贝》"}, {"uid": "3408378", "content": "主页和我结婚？"}, {"uid": "25596485", "content": "你刚才说的性格能重复一遍吗？"}, {"uid": "13100274", "content": "哈哈哈哈哈哈哈哈哈哈哈"}, {"uid": "44626346", "content": "哇哦，听起来不错啊"}, {"uid": "90557825", "content": "来了"}, {"uid": "31434666", "content": "口胡哈哈哈"}, {"uid": "422664235", "content": "大汉之栋梁也"}, {"uid": "442354192", "content": "失去高光"}, {"uid": "2336732", "content": "好么招猫逗狗"}, {"uid": "81178830", "content": "骂人"}, {"uid": "22272283", "content": "很快就混沌了"}, {"uid": "18671652", "content": "！！ff关注了"}, {"uid": "350792488", "content": "好耶，和我方言一样"}, {"uid": "388416208", "content": "用不大也不小比较好吧"}, {"uid": "356056578", "content": "好耶"}, {"uid": "372747832", "content": "很可爱呢"}, {"uid": "33266744", "content": "aliya"}, {"uid": "415164164", "content": "狗语。"}, {"uid": "12779408", "content": "等等，谁逼你的？"}, {"uid": "23120016", "content": "等几个月后就混沌了，啊，好吧，不用那么久（）"}, {"uid": "38186858", "content": "不是丈育太好了"}, {"uid": "33552351", "content": "好（huai）东西"}, {"uid": "472045864", "content": "看来是江浙的"}, {"uid": "50258975", "content": "哦吼~"}, {"uid": "4130547", "content": "！？"}, {"uid": "31024695", "content": "可爱老婆结婚"}, {"uid": "407778113", "content": "你妈上海？"}, {"uid": "294746349", "content": "Amiya"}, {"uid": "216039", "content": "哦吼?头脑不错?"}, {"uid": "247062392", "content": "？？？"}, {"uid": "252399607", "content": "可爱好看单推结婚"}, {"uid": "33583757", "content": "？？"}, {"uid": "93821924", "content": "啊驴啊（不是）"}, {"uid": "65351307", "content": "阿库娅​"}, {"uid": "85276137", "content": "嗯"}, {"uid": "628804049", "content": "？"}, {"uid": "36180732", "content": "阿姨压一压"}, {"uid": "438011572", "content": "可以玩没有脚的游戏壶男吗​"}, {"uid": "102783855", "content": "用脚可以通关的游戏？建议黑暗之魂3"}, {"uid": "94535740", "content": "ff14"}, {"uid": "94535740", "content": "坏"}, {"uid": "57285", "content": "？？？？？？？？？？"}, {"uid": "120149842", "content": "用脚通关只狼"}, {"uid": "247062392", "content": "阿库娅"}, {"uid": "147993778", "content": "好耶，能听懂"}, {"uid": "228793", "content": "你再骂？"}, {"uid": "2014594", "content": "阿力啊"}, {"uid": "25596485", "content": "？？？"}, {"uid": "629512937", "content": "阿米娅"}, {"uid": "353862999", "content": "好耶！"}, {"uid": "375252359", "content": "哈哈哈哈哈哈哈哈哈哈"}, {"uid": "1915239", "content": "？？？"}, {"uid": "397503878", "content": "宁波话吗"}, {"uid": "356056578", "content": "好耶"}, {"uid": "26105491", "content": "呜啦啦啦"}, {"uid": "23836850", "content": "nmbd？"}, {"uid": "43432899", "content": "有才无德()"}, {"uid": "233678914", "content": "可以啊"}, {"uid": "595238954", "content": "看着有点傻"}, {"uid": "37407498", "content": "确实"}, {"uid": "25596485", "content": "写作好东西读作坏东西"}, {"uid": "33119064", "content": "好耶"}, {"uid": "660979063", "content": "？？？"}, {"uid": "211527962", "content": "太小了，我不喜欢吃嫩草"}, {"uid": "102045682", "content": "不是上海话，苏州话有点像"}, {"uid": "88867413", "content": "阿驴呀"}, {"uid": "5127265", "content": "阿米驴"}, {"uid": "216039", "content": "?"}, {"uid": "5163912", "content": "ff14？d了d了"}, {"uid": "85276137", "content": "？"}, {"uid": "111194286", "content": "哈哈哈"}, {"uid": "14979122", "content": "c++"}, {"uid": "11585931", "content": "草"}, {"uid": "399833401", "content": "阿姨啊"}, {"uid": "28131606", "content": "？？"}, {"uid": "1531751578", "content": "好"}, {"uid": "16601179", "content": "尼"}, {"uid": "12462684", "content": "是个傻子"}, {"uid": "4905522", "content": "哈哈哈哈哈哈哈哈哈哈哈哈哈哈妈妈绝了"}]