[{"uid": "476846016", "content": "很抱歉以这种方式认识你"}, {"uid": "286964409", "content": "很高兴用这样的方式认识你"}, {"uid": "20209727", "content": "真可怜（容我偷偷笑一会）"}, {"uid": "323658937", "content": "听，她笑得多开心～～～"}, {"uid": "130645551", "content": "很高兴以这种方式认识你"}, {"uid": "668830043", "content": "很想知道怎么能摔成这样。。床太高嘛QAQ"}, {"uid": "299206271", "content": "很高兴用这种方式认识你"}, {"uid": "346970350", "content": "这是碳基生物的理解能力吗？噗哈哈"}, {"uid": "346970350", "content": "很高兴以这种方式认识你，哈哈哈哈"}, {"uid": "38676472", "content": "\"失足少女\""}, {"uid": "442410074", "content": "很高兴以这种方式认识你"}, {"uid": "31215182", "content": "很高兴以这种方式认识你"}, {"uid": "152296164", "content": "很高兴以这种方式认识你"}, {"uid": "629343523", "content": "我哄人的时候也是用什么揉揉摸摸头之类的啊！"}, {"uid": "25972209", "content": "很高兴以这种形式认识你"}, {"uid": "3391392", "content": "非常高兴用这种方式认识你"}, {"uid": "62816762", "content": "很高兴以这种方式认识你"}, {"uid": "67117939", "content": "你这种醒来方式，很难不笑"}, {"uid": "67117939", "content": "地板没砸坏吧bushi"}, {"uid": "275952315", "content": "很遗憾用这种方式认识你但是希望人没事"}, {"uid": "434360397", "content": "哈哈哈哈哈哈哈哈"}, {"uid": "410286208", "content": "很抱歉以这种方式认识你"}, {"uid": "434455600", "content": "很抱歉以这种方式认识你"}, {"uid": "434443558", "content": "很抱歉以这种方式认识你"}, {"uid": "434396910", "content": "很抱歉以这种方式认识你"}, {"uid": "359327330", "content": "很抱歉以这种方式认识你"}, {"uid": "402951762", "content": "很高兴以这种方式认识你"}, {"uid": "7282819", "content": "非常抱歉以这种方式认识你"}, {"uid": "21037180", "content": "很高兴以这种方式认识你。"}, {"uid": "371012936", "content": "屁股在树上呢，不疼了"}, {"uid": "187326768", "content": "很抱歉以这方式认识你"}, {"uid": "10617114", "content": "很高兴以这种方式认识你"}, {"uid": "358807554", "content": "哈哈哈哈哈哈哈哈"}, {"uid": "434443153", "content": "很抱歉以这种方式认识你"}, {"uid": "434505872", "content": "很抱歉以这种方式认识你"}, {"uid": "434487199", "content": "很抱歉以这种方式认识你"}, {"uid": "406338418", "content": "很抱歉以这种方式认识你"}, {"uid": "235809179", "content": "很抱歉以这种方式认识你"}, {"uid": "713420007", "content": "好可爱啊hhhh摸摸头"}, {"uid": "299595741", "content": "很抱歉以这种方式认识你"}, {"uid": "165821777", "content": "哈哈哈哈哈"}, {"uid": "451922007", "content": "很荣幸以这种方式认识你"}, {"uid": "476322601", "content": "这孩子摔傻了？"}, {"uid": "62816762", "content": "不哭不哭，站起来哭，这样看起来有点仪式感"}, {"uid": "296904187", "content": "不疼了，屁股在树上呢（"}, {"uid": "596029514", "content": "这是什么量子级理解力"}, {"uid": "2242410", "content": "安详"}, {"uid": "434119116", "content": "哈哈哈哈哈哈哈哈"}, {"uid": "434395485", "content": "很抱歉以这种方式认识你"}, {"uid": "431935428", "content": "很抱歉以这种方式认识你"}, {"uid": "434483577", "content": "很抱歉以这种方式认识你"}, {"uid": "407235892", "content": "很抱歉以这种方式认识你"}, {"uid": "361320568", "content": "很抱歉以这种方式认识你"}, {"uid": "406972357", "content": "很抱歉以这种方式认识你"}, {"uid": "434369637", "content": "很抱歉以这种方式认识你"}, {"uid": "434500639", "content": "很抱歉以这种方式认识你"}, {"uid": "44654338", "content": "很抱歉以这种方式认识你"}, {"uid": "434435635", "content": "很抱歉以这种方式认识你"}, {"uid": "434412602", "content": "很抱歉以这种方式认识你"}, {"uid": "434508258", "content": "很抱歉以这种方式认识你"}, {"uid": "360221979", "content": "很抱歉以这种方式认识你"}, {"uid": "631018782", "content": "看她笑得多开心啊(✪▽✪)"}, {"uid": "314061499", "content": "可可爱爱没有脑袋"}, {"uid": "515268122", "content": "很抱歉我以这种方式认识你"}, {"uid": "333386840", "content": "摔昏死过去了？"}, {"uid": "333386840", "content": "这年头居然还有人滚下床的？"}, {"uid": "62785914", "content": "很荣幸以这种方式认识你"}, {"uid": "549108", "content": "很抱歉以这种方式认识你"}, {"uid": "773271", "content": "很抱歉以这种方式认识你"}, {"uid": "366655200", "content": "很抱歉以这种方式认识你"}, {"uid": "434509368", "content": "很抱歉以这种方式认识你"}, {"uid": "397490913", "content": "哭大点声  多吃点饭"}, {"uid": "691806871", "content": "走的安详"}, {"uid": "85572086", "content": "很抱歉以这种方式认识你"}, {"uid": "3163493", "content": "很抱歉以这种方式认识你"}, {"uid": "314061499", "content": "你这床不会是二楼吧"}, {"uid": "350881300", "content": "很抱歉以这种方式认识你"}, {"uid": "482438883", "content": "很抱歉以这种方式认识你"}, {"uid": "1081196291", "content": "很兴奋用这种方式认识你"}, {"uid": "177385168", "content": "我真要笑死了"}, {"uid": "233590259", "content": "很抱歉以这种方式认识你"}, {"uid": "272288627", "content": "很抱歉以这种方式认识你"}, {"uid": "361246826", "content": "很抱歉以这种方式认识你"}, {"uid": "434430923", "content": "很抱歉以这种方式认识你"}, {"uid": "402951762", "content": "建议买个两米婴儿床"}, {"uid": "443930737", "content": "很抱歉用这种方式认识你"}, {"uid": "12339767", "content": "啊这啊这"}, {"uid": "438990027", "content": "很抱歉以这种方式认识你"}, {"uid": "130645551", "content": "本来没笑，你一说我没忍住"}, {"uid": "56327792", "content": "很抱歉，通过这样的方式认识你"}, {"uid": "4127509", "content": "这声音感觉好像真的哭了"}, {"uid": "189655086", "content": "师爷，屁股在树上呢"}, {"uid": "352411", "content": "草"}, {"uid": "475849202", "content": "草"}, {"uid": "7242967", "content": "委屈哭了"}, {"uid": "32423963", "content": "屁股不疼，屁股在树上呢"}, {"uid": "7051627", "content": "屁股在树上呢"}, {"uid": "629343523", "content": "这……我觉得吧………不是这个意思吧…………"}, {"uid": "500703005", "content": "建议床加个扶手doge"}, {"uid": "500703005", "content": "哈哈哈哈哈哈哈哈"}, {"uid": "25782427", "content": "很抱歉是在这种场合初见"}, {"uid": "434509242", "content": "哈哈哈哈哈哈哈哈"}, {"uid": "415337425", "content": "哈哈哈哈哈哈哈哈"}, {"uid": "361301354", "content": "很抱歉以这种方式认识你"}, {"uid": "434510531", "content": "很抱歉以这种方式认识你"}, {"uid": "298786754", "content": "很抱歉以这种方式认识你"}, {"uid": "213987851", "content": "很抱歉以这样的方式认识你"}, {"uid": "37746038", "content": "走跟我进屋"}, {"uid": "100478678", "content": "笨笨的女人"}, {"uid": "1930348685", "content": "很抱歉以这种方式认识你"}, {"uid": "10059893", "content": "抱歉以这种方式认识你"}, {"uid": "3602627", "content": "很抱歉以这种方式认识你"}, {"uid": "86209676", "content": "抱歉，很高兴认识你"}, {"uid": "470017234", "content": "很抱歉以这种方式认识你"}, {"uid": "27182312", "content": "为什么眼睛还是闭着的。。。太小了？"}, {"uid": "596029514", "content": "笑死，根本笑不死"}, {"uid": "434508994", "content": "草ww"}, {"uid": "434446879", "content": "草ww"}, {"uid": "44654338", "content": "很抱歉以这种方式认识你"}, {"uid": "12339767", "content": "哈哈哈哈哈哈哈哈笑死我了"}, {"uid": "258941656", "content": "哈哈哈哈哈哈"}, {"uid": "1319336963", "content": "+1"}, {"uid": "8617136", "content": "床高两米吗"}, {"uid": "439343370", "content": "哎 怎么进来就开幕呢 还整个外放 挺无语的 "}, {"uid": "189742355", "content": "？"}, {"uid": "449735433", "content": "没事吧"}, {"uid": "333386840", "content": "草"}, {"uid": "317676158", "content": "摔傻了吗"}, {"uid": "57677816", "content": "哈哈哈哈"}, {"uid": "244518773", "content": "xs"}, {"uid": "98326765", "content": "很抱歉用这种方式认识你"}, {"uid": "290351602", "content": "床没事吧？"}, {"uid": "248912033", "content": "qc"}, {"uid": "4320564", "content": "没救了眉毛以下截肢吧"}, {"uid": "514610", "content": "屁股在树上呢，不痛嗷"}, {"uid": "105045538", "content": "很抱歉以这种方式认识你 wwwwwww"}, {"uid": "433039226", "content": "很抱歉以这种方式认识你​"}, {"uid": "434503394", "content": "草ww"}, {"uid": "66466945", "content": "本来不想笑 可实在忍不住"}, {"uid": "363345458", "content": "草"}, {"uid": "526894642", "content": "纯粹好奇→_→"}, {"uid": "323658937", "content": "23333"}, {"uid": "449735433", "content": "没事吧"}, {"uid": "28423366", "content": "这是真哭了啊"}, {"uid": "2488354", "content": "破防了"}, {"uid": "471498863", "content": "我已经开始笑了"}, {"uid": "352411", "content": "哈哈哈哈哈哈哈哈"}, {"uid": "37405606", "content": "活该"}, {"uid": "171221999", "content": "很抱歉以这种方式认识你"}, {"uid": "3773507", "content": "哈哈哈"}, {"uid": "22244376", "content": "摔懵了？"}, {"uid": "596029514", "content": "草"}, {"uid": "358750957", "content": "草ww"}, {"uid": "430552726", "content": "别哭了，不痛不痛。。。不好意思哈哈哈"}, {"uid": "430552726", "content": "哈哈哈"}, {"uid": "29657893", "content": "好耶！"}, {"uid": "183781013", "content": "安详"}, {"uid": "37405606", "content": "睡觉都睡不好"}, {"uid": "306386216", "content": "？"}, {"uid": "21963695", "content": "没救了"}, {"uid": "8413797", "content": "草"}, {"uid": "361360048", "content": "草ww"}]