[{"uid": "434479997", "content": "好眼熟"}, {"uid": "434907538", "content": "可以的"}, {"uid": "361303912", "content": "大家好，我是死忠粉"}, {"uid": "1518372987", "content": "感人的进度条"}, {"uid": "447164863", "content": "很好，关注了"}, {"uid": "434898885", "content": "熟悉的BGM"}, {"uid": "447228695", "content": "终于出道了加油！"}, {"uid": "434501844", "content": "可爱！我不当人了我要当dd"}, {"uid": "435107267", "content": "现在d以后就是老粉"}, {"uid": "434455043", "content": "狗子可爱 推了"}, {"uid": "434503033", "content": "单推结婚"}, {"uid": "1953681978", "content": "从此我又多个让我单推的虚拟偶像"}, {"uid": "361233640", "content": "求我也没用"}, {"uid": "436070502", "content": "下次一定"}, {"uid": "444127481", "content": "可爱，单挑了"}, {"uid": "442907879", "content": "来啦来啦，有新v可以单推了"}, {"uid": "1585914189", "content": "我从出生就已经"}, {"uid": "1476324716", "content": "来了来了"}, {"uid": "1647423722", "content": "终于等到了"}, {"uid": "434899725", "content": "发现新女人"}, {"uid": "244817402", "content": "可爱"}, {"uid": "93806810", "content": "好耶"}, {"uid": "240996200", "content": "在？看？"}, {"uid": "442776827", "content": "皮套可爱"}, {"uid": "445049852", "content": "草"}, {"uid": "437706053", "content": "可爱d了"}, {"uid": "447302464", "content": "草草草"}, {"uid": "476852177", "content": "好怪噢"}, {"uid": "438025306", "content": "UP加油"}, {"uid": "447325033", "content": "你就是dd头子？"}, {"uid": "434896236", "content": "d了d了"}, {"uid": "447057111", "content": "suki"}, {"uid": "434899401", "content": "唔姆"}, {"uid": "434908181", "content": "来了"}, {"uid": "1300516752", "content": "？怪起来了"}, {"uid": "61197478", "content": "来了来了"}, {"uid": "434902085", "content": "冲"}, {"uid": "434908021", "content": "？"}, {"uid": "1774688288", "content": "11111"}, {"uid": "26330314", "content": "草"}, {"uid": "435983032", "content": "单推了"}]