[{"uid": "277330500", "content": "确实"}, {"uid": "277330500", "content": "\\小浣熊/\\艾露露/\\艾福根/\\小熊猫/"}, {"uid": "277330500", "content": "\\小浣熊/\\艾露露/\\艾福根/\\小熊猫/"}, {"uid": "277330500", "content": "\\小浣熊/\\艾露露/\\艾福根/\\小熊猫/"}, {"uid": "277330500", "content": "两张"}, {"uid": "510197", "content": "我已经爱上这只艾露露了"}, {"uid": "228435399", "content": "⊙∀⊙！"}, {"uid": "3885523", "content": "来了来了来了"}, {"uid": "22748505", "content": "艾老师强啊"}, {"uid": "8776187", "content": "一张图贯穿全场"}, {"uid": "11715991", "content": "露露也太牛了，想给她一拳"}, {"uid": "30448289", "content": "suki"}, {"uid": "49575", "content": "猕猴桃"}, {"uid": "66026623", "content": "棒棒"}, {"uid": "40756825", "content": "原来歌词这么有感觉的"}, {"uid": "7611231", "content": "虽然但是 hso"}, {"uid": "6711229", "content": "第三遍了"}, {"uid": "35375176", "content": "？"}, {"uid": "35375176", "content": "你谁？"}]