[{"uid": "433316299", "content": "把笑忍住，忍出泪哈哈"}, {"uid": "3523616", "content": "她怎么笑着哭来着"}, {"uid": "3897016", "content": "家里没厕所，太惨了"}, {"uid": "444206881", "content": "不，是在憋笑"}, {"uid": "82658096", "content": "这个屑完能欺负柔柔"}, {"uid": "544024095", "content": "哈哈哈哈哈哈哈哈哈哈"}, {"uid": "12495137", "content": "我想起高兴的事情"}, {"uid": "12400719", "content": "揍你个生活不能自理"}, {"uid": "21352", "content": "你一直都在笑，根本就没停过"}, {"uid": "108706735", "content": "柔宝被骗得好可爱啊"}, {"uid": "3675179", "content": "坚持设定的鉴"}, {"uid": "40150830", "content": "绷不住了是吧"}, {"uid": "118591876", "content": "哈哈哈哈"}, {"uid": "15468526", "content": "离谱"}, {"uid": "2651859", "content": "臣附议"}, {"uid": "28932308", "content": "计划开始"}, {"uid": "4648007", "content": "为什么会有经验来推荐药"}, {"uid": "41342004", "content": "这小怂猫真的是屑"}, {"uid": "41342004", "content": "绷不住了"}, {"uid": "25678905", "content": "欺负肉包吃我一拳！！！"}, {"uid": "14122823", "content": "哈哈哈哈哈"}, {"uid": "252109563", "content": "反派的笑声"}, {"uid": "273927442", "content": "孙女好单纯好骗"}, {"uid": "29407849", "content": "厕所能躺着？"}, {"uid": "29407849", "content": "《已经下播了》"}, {"uid": "41342004", "content": "这小怂猫好屑啊哈哈哈哈"}, {"uid": "41342004", "content": "哈哈哈哈哈哈哈"}, {"uid": "71577658", "content": "老亚撒西了"}, {"uid": "2106045858", "content": "可家里一般不是有厕所吗（"}, {"uid": "3113179", "content": "夺笋啊"}, {"uid": "4861566", "content": "我蚌埠住了，哈哈哈哈哈"}, {"uid": "67117939", "content": "嗯，你说，我在听.jpg"}, {"uid": "27920049", "content": "艾老师你下次能不能绷住啊"}, {"uid": "108706735", "content": "第一声我就觉得是笑绷不住了"}, {"uid": "108706735", "content": "要泪目了吗"}, {"uid": "108706735", "content": "毛毛不用枕头"}, {"uid": "36769691", "content": "已经下播了.jpg"}, {"uid": "23427189", "content": "可能是把尾巴割掉了"}, {"uid": "99490144", "content": "兰音：…"}, {"uid": "234280149", "content": "月亮国在南极？"}, {"uid": "11774588", "content": "福根果然是医学生？"}, {"uid": "454397731", "content": "骗完了就扔是吧"}, {"uid": "178142367", "content": "你一直再笑根本就没有停过"}, {"uid": "3248344", "content": "我哭不出来啊，我眼泪在肚子里打转（憋笑）"}, {"uid": "36140651", "content": "你明明在笑，你都没有停过！"}, {"uid": "23363362", "content": "哈哈哈哈哈哈哈"}, {"uid": "43315261", "content": "蚌埠住了"}, {"uid": "364653020", "content": "？？？？？？？？"}, {"uid": "34455909", "content": "这屑熊猫节目效果这么好怎么就不火啊"}, {"uid": "544024095", "content": "你明明在笑一直没停过"}, {"uid": "473377515", "content": "绷不住了"}, {"uid": "92901099", "content": "狼来了 福根来了"}, {"uid": "108706735", "content": "笑强行变哭"}, {"uid": "302642882", "content": "哈哈哈哈哈哈哈哈哈哈哈"}, {"uid": "16724726", "content": "你明明一直在笑"}, {"uid": "14524105", "content": "这下睡不着了"}, {"uid": "15505781", "content": "厕所怎么躺=-="}, {"uid": "6676614", "content": "憋不住了"}, {"uid": "544024095", "content": "我们受过训练，无论多好笑我们都不会笑，除非忍不住"}, {"uid": "3111473", "content": "哈哈哈哈哈笑死我了"}, {"uid": "41342004", "content": "好屑啊"}, {"uid": "41342004", "content": "绷不住了"}, {"uid": "168209192", "content": "原来你是四川的小熊猫？"}, {"uid": "4861566", "content": "蚌埠住了是吧"}, {"uid": "108706735", "content": "终于发现了"}, {"uid": "302642882", "content": "夺笋"}, {"uid": "251978319", "content": "兰兰：？？？"}, {"uid": "454397731", "content": "绷不住了"}, {"uid": "24212247", "content": "憋笑是吧"}, {"uid": "10655488", "content": "哈哈哈哈哈哈"}, {"uid": "43315261", "content": "夺笋那"}, {"uid": "2249988", "content": "大家都知道了"}, {"uid": "43315261", "content": "哈哈哈哈"}, {"uid": "3523616", "content": "绷不住了"}, {"uid": "400683934", "content": "躺厕所？"}, {"uid": "544024095", "content": "北美"}, {"uid": "108706735", "content": "暴露了"}, {"uid": "25727869", "content": "绷不住desu"}, {"uid": "36958798", "content": "bon不jour"}, {"uid": "22460464", "content": "草"}, {"uid": "50258975", "content": "哈哈哈哈哈哈哈哈哈哈哈哈哈"}, {"uid": "23999020", "content": "哈哈哈哈哈哈哈哈哈哈哈哈"}, {"uid": "171774", "content": "蚌不住了"}, {"uid": "2256631", "content": "绷不住了"}, {"uid": "108706735", "content": "Ahhhhhhhhhhhh"}, {"uid": "108706735", "content": "很难不想歪"}, {"uid": "51155099", "content": "哈哈蚌埠住了"}, {"uid": "86932768", "content": "hhhhhhh"}, {"uid": "381881997", "content": "？？？？？"}, {"uid": "41342004", "content": "哈哈哈哈哈哈哈哈哈哈哈哈"}, {"uid": "3095723", "content": "哈哈哈哈哈"}, {"uid": "50258975", "content": "哈哈哈哈哈"}, {"uid": "12904717", "content": "？？？"}, {"uid": "41342004", "content": "绷不住了"}, {"uid": "32909590", "content": "蚌埠住了"}, {"uid": "14373321", "content": "美好拳——"}, {"uid": "365131", "content": "蚌埠住了"}, {"uid": "66026623", "content": "哈哈哈"}, {"uid": "234280149", "content": "确实惨，被这样背刺"}, {"uid": "454397731", "content": "绷不住了"}, {"uid": "24212247", "content": "风评被害"}, {"uid": "27185926", "content": "23333"}, {"uid": "27185926", "content": "蚌埠住了"}, {"uid": "544024095", "content": "哈哈哈哈哈哈哈哈哈哈"}, {"uid": "1895740", "content": "迫真"}, {"uid": "41342004", "content": "蚌埠住了"}, {"uid": "40150830", "content": "绷不住了"}, {"uid": "14122823", "content": "噗哈哈哈哈哈哈"}, {"uid": "21298686", "content": "生痔疮了"}, {"uid": "171774", "content": "吃我一拳"}, {"uid": "65561752", "content": "蚌埠住了"}, {"uid": "306221064", "content": "一脸dio.样"}, {"uid": "2256631", "content": "绷不住了"}, {"uid": "15268629", "content": "对面是蜡笔小新吗"}, {"uid": "2570337", "content": "好家伙w"}, {"uid": "11076934", "content": "太坏了"}, {"uid": "11076934", "content": "笑死了"}, {"uid": "164559077", "content": "哈哈哈哈哈"}, {"uid": "251978319", "content": "坏女人"}, {"uid": "22748505", "content": "憋不住了吧"}, {"uid": "424409", "content": "艾露露真是个坏女人啊"}, {"uid": "2392243", "content": "蚌埠住了吧"}, {"uid": "4476251", "content": "为什么你会有推荐的药？？？"}, {"uid": "1895740", "content": "泪目"}, {"uid": "15354798", "content": "蚌埠住了"}, {"uid": "8227075", "content": "泪目"}, {"uid": "9218472", "content": "兰兰得痔疮啦？"}, {"uid": "21035915", "content": "这月亮国时间太怪了"}, {"uid": "33875370", "content": "蚌埠住了"}, {"uid": "1374503", "content": "绷不住了"}, {"uid": "34303469", "content": "哈哈哈哈哈哈哈哈"}, {"uid": "13233351", "content": "嗯"}, {"uid": "11076934", "content": "草草草草"}, {"uid": "11076934", "content": "草"}, {"uid": "108706735", "content": "这个图我笑了"}, {"uid": "302642882", "content": "兰音呐~~~~"}, {"uid": "50057051", "content": "我提前笑了"}, {"uid": "364653020", "content": "草草草草"}, {"uid": "3248344", "content": "蚌埠住了"}, {"uid": "23363362", "content": "露露小坏蛋"}, {"uid": "12544524", "content": "鹅叫声"}, {"uid": "86932768", "content": "哈哈哈哈哈"}, {"uid": "83790237", "content": "哈哈哈哈哈哈"}, {"uid": "364653020", "content": "yue~~~~"}, {"uid": "364653020", "content": "痔疮？"}, {"uid": "82509090", "content": "蚌埠住了"}, {"uid": "88154", "content": "蚌埠住了"}, {"uid": "332329265", "content": "没有整你，整的是孙老师罢了"}, {"uid": "9218472", "content": "想笑就笑吧"}, {"uid": "9218472", "content": "毛毛!!!"}, {"uid": "1503920", "content": "蚌埠住了"}, {"uid": "122368177", "content": "想笑就笑吧"}, {"uid": "214685299", "content": "彻底崩不jo了"}, {"uid": "11076934", "content": "在？给你一拳"}, {"uid": "27920049", "content": "蚌埠住了"}, {"uid": "2201628", "content": "并没有相信，，"}, {"uid": "3523616", "content": "她怎么哭来着"}, {"uid": "2078907891", "content": "呃呃"}, {"uid": "73674638", "content": "xswl"}, {"uid": "3675179", "content": "露露的老师?医学生?"}, {"uid": "620082", "content": "涂药膏，痔疮吗"}, {"uid": "15468526", "content": "www"}, {"uid": "41342004", "content": "同事，真不熟"}, {"uid": "2570337", "content": "hhh"}, {"uid": "164559077", "content": "哈哈哈哈"}, {"uid": "108706735", "content": "蚌埠住了"}, {"uid": "108706735", "content": "又是痔疮？"}, {"uid": "36769691", "content": "草"}, {"uid": "454397731", "content": "什么坏女人嘴脸"}, {"uid": "31231933", "content": "明明是在哭"}, {"uid": "4476251", "content": "小柔感觉迷迷糊糊的样子"}, {"uid": "301819581", "content": "这时候说没有其实更好"}, {"uid": "110742027", "content": "蚌埠"}, {"uid": "3914693", "content": "这么冷漠吗"}, {"uid": "2119156", "content": "去二龙路吧"}, {"uid": "9218472", "content": "太假了"}, {"uid": "50258975", "content": "哈哈哈哈哈哈哈哈哈哈哈哈哈哈哈哈哈哈哈"}, {"uid": "22748505", "content": "哈哈哈哈哈哈哈哈哈哈哈哈哈哈哈"}, {"uid": "251978319", "content": "我没在笑，内心哈哈哈哈哈哈哈哈哈哈"}]