[{"uid": "11691053", "content": "好听好听"}, {"uid": "2165384", "content": "so tm kawaii"}, {"uid": "2892952", "content": "太好汀了"}, {"uid": "14458191", "content": "就点了个赞和收藏"}, {"uid": "14458191", "content": "我没币了"}, {"uid": "14458191", "content": "不可能 绝对不可能!"}, {"uid": "14458191", "content": "不可能 绝对不可能"}, {"uid": "6431088", "content": "可爱w"}, {"uid": "78829786", "content": "不错，三连了"}, {"uid": "12417933", "content": "kksk"}, {"uid": "12417933", "content": "kksk"}, {"uid": "20802853", "content": "露露好棒~~"}, {"uid": "8517978", "content": "你的小可爱突然出现"}, {"uid": "470984990", "content": "2个币不足以表达我的感动"}, {"uid": "93722780", "content": "很棒啊露露"}, {"uid": "4454853", "content": "唱歌的艾露露！suki"}, {"uid": "403218", "content": "清楚，可爱，单推"}, {"uid": "178142367", "content": "艾露露我稀饭你啊"}, {"uid": "33520823", "content": "露露！"}, {"uid": "41342004", "content": "露露  可爱"}, {"uid": "41342004", "content": "好耶"}, {"uid": "1658643", "content": "好汀~"}, {"uid": "470984990", "content": "露露最棒了"}, {"uid": "470984990", "content": "艾露露是我们的女神"}, {"uid": "4861566", "content": "全体起立！"}, {"uid": "151341687", "content": "＼艾露露/"}, {"uid": "18130778", "content": "唱的真好"}, {"uid": "10203254", "content": "awsl"}, {"uid": "544024095", "content": "露露最惨！"}, {"uid": "510197", "content": "小可爱突然出现"}, {"uid": "33520823", "content": "可爱"}, {"uid": "638884", "content": "小小福根，可爱可爱~"}, {"uid": "544024095", "content": "发错"}, {"uid": "4861566", "content": "Awsl"}, {"uid": "298525976", "content": "awsl"}, {"uid": "2558433", "content": "意识流pv"}, {"uid": "9008384", "content": "\\露露/"}, {"uid": "544024095", "content": "好耶"}, {"uid": "14134189", "content": "好耶"}, {"uid": "20957079", "content": "好耶！520露露"}, {"uid": "9008384", "content": "好耶"}, {"uid": "544024095", "content": "露露最棒"}, {"uid": "228435399", "content": "辛苦"}, {"uid": "1658643", "content": "♪\\露露/\\露露/\\露露/♪"}, {"uid": "14458191", "content": "谁？"}, {"uid": "281647264", "content": "\\全♡世♡界♡最♡可♡艾♡的♡露♡露/"}, {"uid": "14893541", "content": "好耶"}, {"uid": "1658643", "content": "♪\\露露/♪"}, {"uid": "1658643", "content": "♪\\露露/\\露露/\\露露/\\露露/\\露露/♪"}, {"uid": "46037071", "content": "\\露露/\\露露/\\露露/\\露露/\\露露/\\露露/"}, {"uid": "71538707", "content": "\\露露/\\露露/\\露露/\\露露/\\露露/\\露露/\\露露/\\露露/\\露露/"}, {"uid": "71538707", "content": "\\露露/\\露露/\\露露/\\露露/\\露露/\\露露/"}, {"uid": "71538707", "content": "\\露露/\\露露/\\露露/\\露露/\\露露/\\露露/"}]