[{"uid": "510197", "content": "我心动了，我是不是有什么大病"}, {"uid": "470984990", "content": "掏心掏肺还要挖眼睛"}, {"uid": "100002175", "content": "夺笋啊！笋都让您夺完了"}, {"uid": "22731580", "content": "啊——"}, {"uid": "7457104", "content": "不行，哪怕是这样，露霸也太甜美了，awsl"}, {"uid": "37843048", "content": "hhhhhh"}, {"uid": "6343709", "content": "淦，我酒劲给吓没了"}, {"uid": "18704916", "content": "她犹豫了0.5秒，她还是爱我的!"}, {"uid": "12904717", "content": "轮椅也是四个轮"}, {"uid": "46037071", "content": "《艾露露不可能这么可爱》"}, {"uid": "43756396", "content": "《辅 助 轮》"}, {"uid": "242170483", "content": "卧槽"}, {"uid": "242170483", "content": "我需要心理准备"}, {"uid": "110742027", "content": "卧槽 别！"}, {"uid": "110742027", "content": "塞你嘴里！"}, {"uid": "1856080", "content": "摘花，勿Q"}, {"uid": "36769691", "content": "好耶，饭钱你也给了吧"}, {"uid": "182840844", "content": "按你那个掉分速度，确实帮得到"}, {"uid": "75418408", "content": "跟马铃薯干上了是吧"}, {"uid": "182840844", "content": "主要是上次工作人员跑到家里来追讨洗手液，我嫌丢人"}, {"uid": "182840844", "content": "那你别把肯德基的洗手液偷回来啊"}, {"uid": "182840844", "content": "小浣熊干脆面"}, {"uid": "182840844", "content": "我只会被熬夜写作业的露露吓到，你可以每天都表演一下吗？"}, {"uid": "182840844", "content": "那你能不能给我报销路费啊？"}, {"uid": "27141716", "content": "你坐呀！小熊猫"}, {"uid": "182840844", "content": "那你为什么不直接给我钱呢"}, {"uid": "182840844", "content": "没事，为了逼你写作业，这算不了什么"}, {"uid": "182840844", "content": "不用了，我把电影院买下来了，你把钱给我吧"}, {"uid": "182840844", "content": "跟你学的"}, {"uid": "182840844", "content": "要不是我良心发现，我得在你被晒成小熊猫干之后再来"}, {"uid": "18992484", "content": "你这是要我死啊"}, {"uid": "182840844", "content": "不听话是吧，给我塞三无产品是吧，咳啊（被打）"}, {"uid": "7317738", "content": "精分"}, {"uid": "108706735", "content": "露露太肯德基只吃土豆"}, {"uid": "35419834", "content": "福根你干嘛呀"}, {"uid": "4454853", "content": "好孩子牌四轮自行车"}, {"uid": "19548273", "content": "这是什么地狱啊草"}, {"uid": "100995752", "content": "原 形 毕 露"}, {"uid": "22903579", "content": "加一整包福根儿"}, {"uid": "110742027", "content": "挖我试试？"}, {"uid": "110742027", "content": "大郎。。。"}, {"uid": "6677", "content": "看来得整个滑板了"}, {"uid": "182840844", "content": "点着你的尾巴"}, {"uid": "182840844", "content": "你怎么不坐下呀？"}, {"uid": "510197", "content": "我爱上这只小怂猫了"}, {"uid": "298525976", "content": "魔鬼"}, {"uid": "164146227", "content": "？？？"}, {"uid": "164146227", "content": "为什么不要共享单车？"}, {"uid": "544024095", "content": "哈哈哈哈哈哈哈哈哈哈"}, {"uid": "1895740", "content": "？"}, {"uid": "5791350", "content": "你当这是麦当劳呢"}, {"uid": "88154", "content": "谋杀亲夫啊"}, {"uid": "41342004", "content": "你以为像你一样不洗澡"}, {"uid": "65561752", "content": "吃干脆面！"}, {"uid": "242170483", "content": "屑"}, {"uid": "4233059", "content": "好好好，那就去吃肯德基吧"}, {"uid": "8234008", "content": "吃完好上路"}, {"uid": "454397731", "content": "哈哈哈哈剪的挺好"}, {"uid": "454397731", "content": "属于是长征了"}, {"uid": "182840844", "content": "我把你ow玩上3000分了，我对不起自己的良心"}, {"uid": "182840844", "content": "哦"}, {"uid": "182840844", "content": "喂我？你是不是想那你没做好的打发我"}, {"uid": "214685299", "content": "？？？？？？"}, {"uid": "108706735", "content": "啊！"}, {"uid": "22748505", "content": "？？？？"}, {"uid": "251978319", "content": "tui"}, {"uid": "2556736", "content": "草草草草"}, {"uid": "16989141", "content": "诶，没吃呢！"}, {"uid": "73674638", "content": "辣的"}, {"uid": "24680495", "content": "我要干脆面"}, {"uid": "22748505", "content": "？"}, {"uid": "164559077", "content": "草"}, {"uid": "41342004", "content": "哈哈哈哈哈哈哈哈哈哈哈哈哈"}, {"uid": "41342004", "content": "哈哈哈哈哈哈哈哈哈哈"}, {"uid": "10227156", "content": "?？??"}, {"uid": "228435399", "content": "阿姨"}, {"uid": "17093190", "content": "露露这俩字差点没绷住"}, {"uid": "1720633", "content": "你骑着小，小滑板车来见我，你女朋友不会生气吧"}, {"uid": "36769691", "content": "yamero"}, {"uid": "8761243", "content": "哈哈哈哈哈"}, {"uid": "5688230", "content": "不会是轮椅吧"}, {"uid": "11076934", "content": "草"}, {"uid": "472654980", "content": "啊这"}, {"uid": "8844733", "content": "那确实是要一个半小时啊"}, {"uid": "73674638", "content": "草"}, {"uid": "2705066", "content": "用嘴喂吧"}, {"uid": "65561752", "content": "？"}, {"uid": "8761243", "content": "草"}, {"uid": "79646219", "content": "？"}, {"uid": "2890401", "content": "e'x'x"}, {"uid": "21916203", "content": "泪目"}, {"uid": "18226", "content": "好耶！"}, {"uid": "1895740", "content": "辅助轮给我整笑了"}, {"uid": "429885424", "content": "前方音量高能"}, {"uid": "27920049", "content": "太难吃了"}, {"uid": "8761243", "content": "丽娇曲苑"}, {"uid": "100995752", "content": "？？？？"}, {"uid": "100995752", "content": "266什么时候播恐怖游戏啊？（）"}, {"uid": "30225015", "content": "跟妈妈学的吗"}, {"uid": "10227156", "content": "哈人"}, {"uid": "10227156", "content": "不对劲"}, {"uid": "242170483", "content": "哈哈哈哈"}, {"uid": "242170483", "content": "草"}, {"uid": "17149397", "content": "笑死"}, {"uid": "4990791", "content": "草"}, {"uid": "110742027", "content": "好骂！"}, {"uid": "36769691", "content": "？"}, {"uid": "22748505", "content": "？？？？？"}, {"uid": "182840844", "content": "你以为你到了，其实你没到，因为你没到，所以到了"}, {"uid": "214685299", "content": "发生甚么事"}, {"uid": "214685299", "content": "yue"}, {"uid": "108706735", "content": "？？？"}, {"uid": "316751413", "content": "哈哈哈哈哈"}, {"uid": "413108996", "content": "草"}, {"uid": "6982233", "content": "？"}, {"uid": "470984990", "content": "？？？？？？"}, {"uid": "41905330", "content": "？"}, {"uid": "2556736", "content": "草草草"}, {"uid": "2556736", "content": "草"}, {"uid": "24680495", "content": "那我关了"}, {"uid": "18226", "content": "？？？？？"}, {"uid": "30225015", "content": "lulu我不想再努力了"}, {"uid": "2154", "content": "吃我一拳！"}, {"uid": "303529", "content": "啊这"}, {"uid": "39756183", "content": "瞧你瘦的，还是你吃吧，多吃点，我爱看。"}, {"uid": "242170483", "content": "铁咩"}, {"uid": "36958798", "content": "麻了"}, {"uid": "110742027", "content": "哈人"}, {"uid": "14373321", "content": "加两个辅助轮是吧"}, {"uid": "18992484", "content": "真想给你一拳"}, {"uid": "214685299", "content": "这是选错分支读档了？"}, {"uid": "75379", "content": "？？？"}, {"uid": "472654980", "content": "草"}, {"uid": "251978319", "content": "？？？"}, {"uid": "23363362", "content": "草"}, {"uid": "1467831", "content": "run,艾露露, run"}, {"uid": "8344580", "content": "这就是病娇吗？"}, {"uid": "5060735", "content": "吃我一拳！！！！"}, {"uid": "242170483", "content": "什么家庭啊吃kfc"}, {"uid": "4990791", "content": "？？？"}, {"uid": "110742027", "content": "麻麻的"}, {"uid": "265698386", "content": "草"}, {"uid": "11847945", "content": "你干嘛呀"}, {"uid": "675843", "content": "这不还没八点么"}, {"uid": "182840844", "content": "那你和你奶奶约会去啊"}, {"uid": "75379", "content": "？"}, {"uid": "79646219", "content": "外卖是吧"}, {"uid": "23363362", "content": "我为什么哭你心里没数吗"}, {"uid": "37390415", "content": "？？？"}, {"uid": "510197", "content": "这样的露露我可以"}, {"uid": "1895740", "content": "吃我一拳"}, {"uid": "1895740", "content": "？"}, {"uid": "24836377", "content": "我前一秒跟你说马上就到了这不一秒就到了吗"}, {"uid": "33520823", "content": "吃我一拳"}, {"uid": "12904717", "content": "泥奏凯"}, {"uid": "242170483", "content": "？？？？？？？？？？？？？"}, {"uid": "110742027", "content": "什么好女人"}, {"uid": "454397731", "content": "还带辅助轮是吧，什么学龄前儿童"}, {"uid": "675843", "content": "后三轮是吧"}, {"uid": "214685299", "content": "？？？？？？？？？？"}, {"uid": "214685299", "content": "被辣哭了"}, {"uid": "214685299", "content": "？"}, {"uid": "298525976", "content": "草"}, {"uid": "214685299", "content": "？？？？？"}, {"uid": "214685299", "content": "？？？"}, {"uid": "251978319", "content": "???????"}, {"uid": "413108996", "content": "啊"}, {"uid": "2558433", "content": "吃拳！"}, {"uid": "18992484", "content": "你干嘛呀"}]