[{"uid": "297978332", "content": "帅帅帅帅！"}, {"uid": "510197", "content": "这是什么神仙小熊猫"}, {"uid": "214429204", "content": "我沦陷了"}, {"uid": "3248344", "content": "估计是第十遍了"}, {"uid": "66026623", "content": "要来了"}, {"uid": "626887820", "content": "炸裂"}, {"uid": "265185325", "content": "很有画面感和表现力，仿佛沙漠女王！"}, {"uid": "282995543", "content": "露露！太强了！"}, {"uid": "96782782", "content": "脑子麻了好几次"}, {"uid": "524708", "content": "惊艳"}, {"uid": "3727259", "content": "辽阔"}, {"uid": "523859157", "content": "熊の力量笑到我了"}, {"uid": "414073674", "content": "很喜欢这段！！"}, {"uid": "3248344", "content": "这里起来了"}, {"uid": "323408945", "content": "卧槽，这也太高了，太帅了吧"}, {"uid": "216066010", "content": "鸡皮疙瘩掉了一地了"}, {"uid": "638884", "content": "熊的力量！"}, {"uid": "26156366", "content": "天灵盖炸穿了"}, {"uid": "48708240", "content": "握草"}, {"uid": "214685299", "content": "你可以永远相信艾露露的歌喉"}, {"uid": "118591876", "content": "露露和兰兰的一起听"}, {"uid": "4861566", "content": "哇哇哇"}, {"uid": "118591876", "content": "唱歌时的艾露露就是我老婆"}, {"uid": "94585964", "content": "真的好听！！！"}, {"uid": "10040519", "content": "这个高音过的太顺畅了，听得很舒服！"}, {"uid": "11715991", "content": "炸裂！"}, {"uid": "10040519", "content": "我要单曲循环起来"}, {"uid": "10040519", "content": "再来一遍！！！"}, {"uid": "302642882", "content": "露露和兰兰打擂台"}, {"uid": "544024095", "content": "露露爱你"}, {"uid": "14218356", "content": "这里好震撼！！"}, {"uid": "281647264", "content": "感觉露露唱的好有力量呀！"}, {"uid": "281647264", "content": "\\全♡世♡界♡最♡可♡艾♡的♡露♡露/"}, {"uid": "250068834", "content": "鸡皮疙瘩起来了"}, {"uid": "524708", "content": "哇 和兰兰各有千秋 风格鲜明"}, {"uid": "5676856", "content": "太强了我的熊宝"}, {"uid": "14439947", "content": "飞了"}, {"uid": "917094", "content": "露露这也太帅了"}, {"uid": "7611231", "content": "欢迎回来"}, {"uid": "476384486", "content": "能高质量翻唱萨老师歌的不多，你算一个"}, {"uid": "302642882", "content": "好震撼"}, {"uid": "87479567", "content": "牛批牛批"}, {"uid": "352121119", "content": "我超，露！"}, {"uid": "77936663", "content": "太强了！"}, {"uid": "2651859", "content": "我超，露！"}, {"uid": "20949868", "content": "每日一遍"}, {"uid": "135193746", "content": "太强了！"}, {"uid": "250068834", "content": "彻底被折服了"}, {"uid": "14609476", "content": "……草，直播间鬼哭狼嚎的感觉（黑听战士印象深刻）"}, {"uid": "74089294", "content": "我飞起来了"}, {"uid": "24234136", "content": "惊了"}, {"uid": "18268759", "content": "熊妹飚得好高"}, {"uid": "1762193", "content": "牛啊"}, {"uid": "1469844", "content": "熊妹唱的好有力量感"}, {"uid": "34455909", "content": "我超！露！"}, {"uid": "429885424", "content": "啊啊啊啊啊啊熊妹强啊"}, {"uid": "1518689", "content": "牛啊"}, {"uid": "250068834", "content": "惊了"}, {"uid": "1478371", "content": "太强了"}, {"uid": "14439947", "content": "开头见"}, {"uid": "12347219", "content": "ohhhhhhhhhhhhh"}, {"uid": "423569446", "content": "好!"}, {"uid": "510197", "content": "爱了"}, {"uid": "135193746", "content": "越听越好听"}, {"uid": "66026623", "content": "太棒了！"}, {"uid": "524708", "content": "挖槽"}, {"uid": "353176669", "content": "喜欢这声音"}, {"uid": "11076934", "content": "颤音好好听"}, {"uid": "3248344", "content": "舞起来！"}, {"uid": "32142753", "content": "强啊"}, {"uid": "455228296", "content": "卧槽"}, {"uid": "2604338", "content": "卧槽"}, {"uid": "2822070", "content": "厉害呀熊妹"}, {"uid": "1727013115", "content": "我币真的不多了"}, {"uid": "66026623", "content": "露露棒棒"}, {"uid": "32423963", "content": "强啊"}, {"uid": "1894174", "content": "哇"}, {"uid": "14516207", "content": "高！真高！"}, {"uid": "17043008", "content": "23再看好耶"}, {"uid": "3523616", "content": "好听好听"}, {"uid": "638884", "content": "吃我一拳！"}, {"uid": "13184863", "content": "好好好好好好好好好好好好"}, {"uid": "32844917", "content": "牛啊"}, {"uid": "53747173", "content": "好听"}, {"uid": "15344333", "content": "露露强啊"}, {"uid": "122605036", "content": "棒啊"}, {"uid": "510197", "content": "好听"}, {"uid": "510197", "content": "太好听了"}, {"uid": "626887820", "content": "好"}, {"uid": "250068834", "content": "炸裂"}, {"uid": "250068834", "content": "哇哦"}, {"uid": "179048538", "content": "牛牛牛牛牛牛牛牛牛"}, {"uid": "353176669", "content": "裂了"}, {"uid": "38571266", "content": "好听啊"}, {"uid": "32890227", "content": "好！"}, {"uid": "106582155", "content": "好听"}, {"uid": "476384486", "content": "同时出来两个鸿音翻唱，都还不错，来来来，pk一下"}, {"uid": "13875807", "content": "wooooooo！"}, {"uid": "2392243", "content": "真牛哇"}, {"uid": "178142367", "content": "266666"}, {"uid": "19073771", "content": "666"}, {"uid": "12158364", "content": "好耶"}, {"uid": "13489593", "content": "天灵盖没了！"}, {"uid": "423569446", "content": "好聽"}, {"uid": "6027385", "content": "棒！"}, {"uid": "281647264", "content": "\\露露/\\露露/\\露露/"}, {"uid": "23528513", "content": "棒棒棒！！！"}, {"uid": "544024095", "content": "露露"}, {"uid": "41905330", "content": "tql"}, {"uid": "277330500", "content": "华——"}, {"uid": "12176581", "content": "你谁啊？"}, {"uid": "2309271", "content": "卧槽恐怖"}, {"uid": "14439947", "content": "\\小浣熊/\\小熊猫/\\艾锅巴/\\艾福根/\\熊妹/"}, {"uid": "14439947", "content": "熊妹有点感觉的"}, {"uid": "122368177", "content": "强强强"}, {"uid": "323378303", "content": "好哦"}, {"uid": "5197362", "content": "离谱了"}, {"uid": "2719931", "content": "谁？"}, {"uid": "7611231", "content": "啊啊啊啊啊"}, {"uid": "31607633", "content": "熊妹好棒啊，太好听了熊妹！！！！！"}, {"uid": "302642882", "content": "好听"}, {"uid": "3523616", "content": "666666"}, {"uid": "106582155", "content": "艾露露唱的我恐高症都犯了"}, {"uid": "22395470", "content": "⎛⎝≥⏝⏝≤⎛⎝266⎛⎝≥⏝⏝≤⎛⎝266⎛⎝≥⏝⏝≤⎛⎝"}, {"uid": "22395470", "content": "⎛⎝≥⏝⏝≤⎛⎝266⎛⎝≥⏝⏝≤⎛⎝266⎛⎝≥⏝⏝≤⎛⎝"}, {"uid": "22395470", "content": "⎛⎝≥⏝⏝≤⎛⎝266⎛⎝≥⏝⏝≤⎛⎝266⎛⎝≥⏝⏝≤⎛⎝"}, {"uid": "22395470", "content": "⎛⎝≥⏝⏝≤⎛⎝266⎛⎝≥⏝⏝≤⎛⎝266⎛⎝≥⏝⏝≤⎛⎝"}, {"uid": "22395470", "content": "⎛⎝≥⏝⏝≤⎛⎝266⎛⎝≥⏝⏝≤⎛⎝266⎛⎝≥⏝⏝≤⎛⎝"}, {"uid": "22395470", "content": "⎛⎝≥⏝⏝≤⎛⎝266⎛⎝≥⏝⏝≤⎛⎝266⎛⎝≥⏝⏝≤⎛⎝"}, {"uid": "22395470", "content": "⎛⎝≥⏝⏝≤⎛⎝266⎛⎝≥⏝⏝≤⎛⎝266⎛⎝≥⏝⏝≤⎛⎝"}, {"uid": "17430747", "content": "\\艾露露/\\艾露露/\\艾露露/\\艾露露/"}, {"uid": "17430747", "content": "\\艾露露/\\艾露露/\\艾露露/\\艾露露/"}, {"uid": "17430747", "content": "\\艾露露/\\艾露露/\\艾露露/\\艾露露/"}, {"uid": "17430747", "content": "\\艾露露/\\艾露露/\\艾露露/\\艾露露/"}, {"uid": "17430747", "content": "\\艾露露/\\艾露露/\\艾露露/\\艾露露/"}, {"uid": "17430747", "content": "\\艾露露/\\艾露露/\\艾露露/\\艾露露/"}, {"uid": "3523616", "content": "\\艾露露/\\艾露露/\\艾露露/\\艾露露/\\艾露露/"}, {"uid": "3523616", "content": "\\艾露露/\\艾露露/\\艾露露/\\艾露露/\\艾露露/"}, {"uid": "13489593", "content": "开出万多莲花！！！"}, {"uid": "35177540", "content": "\\艾露露/\\艾露露/\\艾露露/\\艾露露/\\艾露露/"}, {"uid": "35177540", "content": "\\艾露露/\\艾露露/\\艾露露/\\艾露露/\\艾露露/"}, {"uid": "35177540", "content": "\\艾露露/\\艾露露/\\艾露露/\\艾露露/\\艾露露/"}, {"uid": "23363362", "content": "\\艾露露/\\露露/\\艾露露/\\露露/"}, {"uid": "13489593", "content": "冲啊艾露露！！！！"}, {"uid": "13489593", "content": "艾露露给我冲！！！！！"}, {"uid": "281647264", "content": "\\露露/\\露露/\\露露/\\露露/\\露露/"}, {"uid": "281647264", "content": "\\黄头发妹妹/\\黄头发妹妹/\\黄头发妹妹/"}, {"uid": "281647264", "content": "\\露露/\\露露/\\露露/\\露露/"}, {"uid": "544024095", "content": "露露露露露露露露露露露露露露露露露露露露"}, {"uid": "544024095", "content": "露露露露露露露露露露露露露露露露露露"}]