[{"uid": "510197", "content": "好魔性"}, {"uid": "510197", "content": "爱了"}, {"uid": "421468000", "content": "开口脆"}, {"uid": "1655633", "content": "绝了"}, {"uid": "6953203", "content": "好听！"}, {"uid": "172281740", "content": "好耶/"}, {"uid": "510197", "content": "爱了"}, {"uid": "222903239", "content": "原声大碟啊"}, {"uid": "203785", "content": "怪,怪上瘾的"}, {"uid": "13875807", "content": "这个声线高级！"}, {"uid": "21562356", "content": "666"}, {"uid": "35046902", "content": "原声大碟"}, {"uid": "3791576", "content": "真是毫无违和"}, {"uid": "13875807", "content": "救命！我出不去了！"}, {"uid": "8645666", "content": "耳机一带，谁都不爱"}, {"uid": "2701524", "content": "好听"}, {"uid": "477932537", "content": "拜托了另一个我"}, {"uid": "11715991", "content": "这可太魔性了"}, {"uid": "87479567", "content": "厉害了！！！"}, {"uid": "523018446", "content": "唱错了对不起啊重来一遍"}, {"uid": "3224676", "content": "魔性"}, {"uid": "251978319", "content": "未曾设想的腔调"}, {"uid": "12904717", "content": "好听"}, {"uid": "2309271", "content": "未曾设想的道路"}, {"uid": "228435399", "content": "迷茫"}, {"uid": "510197", "content": "上头了"}, {"uid": "87479567", "content": "牛批牛批！！！！！！！！"}, {"uid": "387245859", "content": "草"}, {"uid": "143277547", "content": "很不错耶 这个感觉"}, {"uid": "1631806", "content": "唱的挺好的"}, {"uid": "9263840", "content": "开口跪"}, {"uid": "18268759", "content": "惊了"}, {"uid": "3629189", "content": "ohhhhh还不错嘛！"}, {"uid": "20072431", "content": "流批流批啊啊啊啊"}, {"uid": "3776916", "content": "芜~~~"}, {"uid": "353269079", "content": "双厨狂喜"}, {"uid": "8161819", "content": "惊了"}, {"uid": "477932537", "content": "6啊"}, {"uid": "13875807", "content": "芜湖~"}, {"uid": "108706735", "content": "爱死了"}, {"uid": "22903579", "content": "牛啊"}, {"uid": "11026544", "content": "tql"}, {"uid": "16559456", "content": "这是我认识的露露么？"}, {"uid": "6950455", "content": "好怪哦，我喜欢(◔◡◔)"}, {"uid": "108706735", "content": "Ohye！"}, {"uid": "2309271", "content": "卧槽66666"}, {"uid": "44350848", "content": "这都能翻唱的吗"}, {"uid": "3365475", "content": "已经被这个刷屏好久了"}, {"uid": "8195711", "content": "\\露露/\\露露/\\露露/"}, {"uid": "2558433", "content": "i66"}, {"uid": "94233026", "content": "好耶！！"}, {"uid": "1317007349", "content": "双厨狂喜"}, {"uid": "81474750", "content": "双厨狂喜"}, {"uid": "510197", "content": "好妖异的感觉喜欢"}, {"uid": "22044990", "content": "好怪哦，上头"}, {"uid": "2392243", "content": "艾露露！艾露露！"}, {"uid": "40756825", "content": "艾露露"}, {"uid": "1430427", "content": "好耶！"}, {"uid": "274884365", "content": "1.25倍打开新世界"}, {"uid": "94233026", "content": "已经是露露的颜色了呢"}, {"uid": "7611231", "content": "艾露露小姐！"}, {"uid": "3365475", "content": "芜↑↓↑↓↑↓↑↓↑↓↑↓↑↓↑↓↑↓↑↓"}]