[{"uid": "34370061", "content": "这就是不做沙雕的后果吗（dog"}, {"uid": "6968507", "content": "感动啦"}, {"uid": "11970914", "content": "谁？"}, {"uid": "1916733", "content": "太强了"}, {"uid": "178142367", "content": "艾露露小姐"}, {"uid": "100366661", "content": "我擦？！！？？！"}, {"uid": "37636931", "content": "甚至我到现在才知道二期生有三位"}, {"uid": "549278733", "content": "这只小熊猫太棒啦！"}, {"uid": "307040518", "content": "村里又一位歌手！！！"}, {"uid": "265698386", "content": "福根老师太强了"}, {"uid": "13241793", "content": "AWSL"}, {"uid": "6615803", "content": "woc这高音"}, {"uid": "23578782", "content": "一听就是老泽曲风了"}, {"uid": "434992561", "content": "太强了"}, {"uid": "6615803", "content": "woc我的天太强了"}, {"uid": "37088152", "content": "这不是我认识的那个混沌小怂猫"}, {"uid": "25429438", "content": "强强干脆面"}, {"uid": "30448289", "content": "这是专业的吧"}, {"uid": "4233059", "content": "好家伙，跟平时聊天的声音差距好大，爱了爱了"}, {"uid": "37315433", "content": "好强"}, {"uid": "13813138", "content": "太强了"}, {"uid": "21089861", "content": "你是谁，你把我们的小怂猫藏哪去了（手动狗头）"}, {"uid": "18709549", "content": "哇，这歌声太惊艳了"}, {"uid": "194528682", "content": "好汀，爱了爱了！！！"}, {"uid": "37815472", "content": "爱了爱了"}, {"uid": "7611231", "content": "啊啊啊啊这个高音 我死了"}, {"uid": "358701489", "content": "干脆面！干脆面！干脆面！"}, {"uid": "358701489", "content": "好听！"}, {"uid": "2558433", "content": "艾老师发生甚么事了"}, {"uid": "20128769", "content": "真好听，是新人吗，什么时候出道啊（"}, {"uid": "365131", "content": "干脆面强"}, {"uid": "6615803", "content": "我的天哪"}, {"uid": "27636779", "content": "好听"}, {"uid": "251978319", "content": "这居然是露露？？"}, {"uid": "35711560", "content": "开 口 跪"}, {"uid": "13241793", "content": "每日一遍"}, {"uid": "21320642", "content": "开口跪"}, {"uid": "282249327", "content": "超级喜欢这里"}, {"uid": "5278581", "content": "这，，，，强到没边儿了"}, {"uid": "15202705", "content": "promare"}, {"uid": "14439947", "content": "这什么神仙歌声"}, {"uid": "524708", "content": "妈耶 这··NB"}, {"uid": "11473586", "content": "牛的"}, {"uid": "25039856", "content": "第一声我居然以为是aimei"}, {"uid": "8170587", "content": "我tm当场轻轻跪下"}, {"uid": "9492654", "content": "wow"}, {"uid": "86652919", "content": "？？？你谁"}, {"uid": "24786013", "content": "！！！"}, {"uid": "8517978", "content": "再来一遍"}, {"uid": "71577658", "content": "跪了"}, {"uid": "5463640", "content": "这段太强了"}, {"uid": "96782782", "content": "？新人这声线？？"}, {"uid": "31005627", "content": "强啊艾老师"}, {"uid": "310650985", "content": "太强了吧"}, {"uid": "20649773", "content": "太强了吧呜呜呜"}, {"uid": "17411651", "content": "谁？？？"}, {"uid": "39411662", "content": "？？这么强"}, {"uid": "38561802", "content": "强"}, {"uid": "120115", "content": "干脆面太强了"}, {"uid": "251978319", "content": "露露好强"}, {"uid": "51194664", "content": "这段也太牛了"}, {"uid": "23226610", "content": "真的好棒"}, {"uid": "16058747", "content": "这就是小完能的实力吗"}, {"uid": "23366441", "content": "woc"}, {"uid": "3351739", "content": "哇？"}, {"uid": "385210398", "content": "好棒"}, {"uid": "11435289", "content": "好白的窗户"}, {"uid": "12329657", "content": "捡到宝了"}, {"uid": "25031372", "content": "太强了吧"}, {"uid": "81305327", "content": "离谱！"}, {"uid": "20605178", "content": "tql"}, {"uid": "228435399", "content": "唱功是真的强"}, {"uid": "667208075", "content": "太强了"}, {"uid": "11420234", "content": "woc强！"}, {"uid": "1916733", "content": "跪了"}, {"uid": "25763197", "content": "哦天啊太厉害了"}, {"uid": "13615449", "content": "你谁"}, {"uid": "7269129", "content": "开口跪"}, {"uid": "2761279", "content": "牛的~！"}, {"uid": "25031372", "content": "。。。"}, {"uid": "16936774", "content": "强啊"}, {"uid": "90156063", "content": "太强了"}, {"uid": "90156063", "content": "太强了吧"}, {"uid": "90156063", "content": "这是露露吗"}, {"uid": "90156063", "content": "你谁啊"}, {"uid": "14338845", "content": "来了"}, {"uid": "17949457", "content": "太强了"}, {"uid": "4476251", "content": "你谁？"}, {"uid": "159113071", "content": "哇哦！"}, {"uid": "26944597", "content": "好听"}, {"uid": "2104462", "content": "原唱（误）"}, {"uid": "8156512", "content": "强"}, {"uid": "11691053", "content": "好听"}, {"uid": "11473586", "content": "牛的"}, {"uid": "32142753", "content": "太强了"}, {"uid": "12348", "content": "你谁？？？？"}, {"uid": "86932768", "content": "你谁啊！！！！！"}, {"uid": "531412577", "content": "热乎的"}, {"uid": "8517978", "content": "小能田yyds！"}, {"uid": "4861566", "content": "好听"}, {"uid": "4328222", "content": "太强了"}, {"uid": "45841950", "content": "你谁？别拿原唱糊弄我/doge"}, {"uid": "299666557", "content": "极致享受"}, {"uid": "31005627", "content": "帅惨了"}, {"uid": "6615803", "content": "这高音"}, {"uid": "3816193", "content": "蒸牛蛙"}, {"uid": "26473917", "content": "啊？！！！！！！！？？"}, {"uid": "3306426", "content": "0."}, {"uid": "26481598", "content": "太好了"}, {"uid": "8170587", "content": "？嘶"}, {"uid": "14609476", "content": "啊这！"}, {"uid": "17173221", "content": "这人谁？？？？？？？"}, {"uid": "102748947", "content": "绝了"}, {"uid": "39411662", "content": "太强了"}, {"uid": "90156063", "content": "你谁啊"}, {"uid": "27556238", "content": "牛啊"}, {"uid": "22574130", "content": "？《本人》？"}, {"uid": "52809026", "content": "nb"}, {"uid": "2437955", "content": "你谁啊？"}, {"uid": "144123", "content": "太棒了"}, {"uid": "5676856", "content": "TQL"}, {"uid": "37088152", "content": "？？？"}, {"uid": "2256631", "content": "你谁啊"}, {"uid": "26944597", "content": "awsl"}, {"uid": "11473586", "content": "推了"}, {"uid": "358701489", "content": "wow"}, {"uid": "9399892", "content": "哦天"}, {"uid": "39411662", "content": "来啦"}, {"uid": "415382982", "content": "好听"}, {"uid": "1916733", "content": "这么强？"}, {"uid": "75379", "content": "谁？"}, {"uid": "26944597", "content": "好听"}, {"uid": "865388", "content": "？？？？？？"}, {"uid": "19291595", "content": "tql"}, {"uid": "19291595", "content": "啊啊啊啊啊啊啊啊啊啊啊"}, {"uid": "40075553", "content": "？？"}, {"uid": "17411651", "content": "谁？"}, {"uid": "13813138", "content": "WOW"}, {"uid": "25039856", "content": "声音好像Aimer"}, {"uid": "11802954", "content": "Tql"}, {"uid": "749891", "content": "好听吗？清楚换的"}, {"uid": "36545114", "content": "艾露露！艾露露！艾露露！"}, {"uid": "90156063", "content": "请up不要放原唱（doge）"}, {"uid": "6711229", "content": "！！"}, {"uid": "11582906", "content": "芜湖"}, {"uid": "3509958", "content": "好听"}, {"uid": "2256631", "content": "？？？"}, {"uid": "193865", "content": "你是哪个？？？"}, {"uid": "2558433", "content": "孙老师"}, {"uid": "48117748", "content": "牛蛙"}, {"uid": "5369357", "content": "翻唱了我最喜欢的泽野大大的歌！！呜呜，太感动了"}, {"uid": "186573675", "content": "谁？"}, {"uid": "90156063", "content": "\\小怂猫/\\小怂猫/\\小怂猫/\\小怂猫/\\小怂猫/\\小怂猫/​"}]