[{"uid": "781606", "content": "喂~~~~~~~~"}, {"uid": "194528682", "content": "活路不zu,qi个铲铲！"}, {"uid": "1916733", "content": "四 川 小 熊 猫"}, {"uid": "781606", "content": "喂~~~~"}, {"uid": "14903409", "content": "狗宝震怒"}, {"uid": "8408307", "content": "狗宝正在赶来的路上x"}, {"uid": "854013", "content": "开幕雷击"}, {"uid": "27636779", "content": "哈哈"}, {"uid": "28407975", "content": "开幕雷击"}, {"uid": "20957079", "content": "哈哈哈哈哈哈"}, {"uid": "544024095", "content": "爱露露"}, {"uid": "79646219", "content": "666666"}, {"uid": "32423963", "content": "233"}, {"uid": "8638194", "content": "草"}, {"uid": "1434386", "content": "草"}, {"uid": "228435399", "content": "Chinese，OK"}, {"uid": "120965806", "content": "四川人"}, {"uid": "35375176", "content": "草"}, {"uid": "22748505", "content": "？"}]