[{"uid": "81897675", "content": "思路清晰"}, {"uid": "2651859", "content": "好"}, {"uid": "319720", "content": "哇，你这个口音好机车的吼"}, {"uid": "438439", "content": "下班排队打卡是真闹听"}, {"uid": "438439", "content": "上班都是"}, {"uid": "214685299", "content": "死循环"}, {"uid": "214685299", "content": "进入小区请戴口罩"}, {"uid": "214685299", "content": "还好宿舍楼下门禁还挺好用的"}, {"uid": "4100553", "content": "等等，露露要去上班打卡？"}, {"uid": "79561139", "content": "传下去，艾露露手上出油多"}, {"uid": "3154199", "content": "《今日方知我是我》"}, {"uid": "17149397", "content": "Hhhhhhhhhhhhhhhhhhh"}, {"uid": "3154199", "content": "233333"}, {"uid": "30225015", "content": "你究竟是不是你"}, {"uid": "2078907891", "content": "我是一名保安"}, {"uid": "5791350", "content": "师傅：再试试!"}, {"uid": "5791350", "content": "确实，疫情之后我们学校操场再也看不到遛弯大爷了555"}, {"uid": "59757", "content": "糟了，我成替身了！"}, {"uid": "110895184", "content": "可能是你手太大了"}, {"uid": "86932768", "content": "露露"}, {"uid": "98439551", "content": "哈哈哈哈哈哈哈哈哈哈哈哈双关"}, {"uid": "191839", "content": "看看自己的大尾巴确认一下"}, {"uid": "92904608", "content": "哈哈哈哈哈哈哈哈哈哈太真实了"}, {"uid": "14373321", "content": "哲学家也来当客服？"}, {"uid": "225907227", "content": "好家伙哲学三问都整出来了"}, {"uid": "92904608", "content": "和哈哈哈哈哈哈哈哈哈哈哈哈哈"}, {"uid": "7457104", "content": "小熊猫眼睛颜色不对吧"}, {"uid": "349131787", "content": "P话你是独一份的"}, {"uid": "68769236", "content": "噔噔咚"}, {"uid": "373885729", "content": "哈哈哈哈可以的"}, {"uid": "131592279", "content": "哈哈哈哈哈哈哈哈哈"}, {"uid": "98439551", "content": "哈哈哈哈哈哈哈哈哈哈哈"}, {"uid": "7491757", "content": "当保安去吧，哲学三问都会了"}, {"uid": "84671972", "content": "我们学校的还是蛮好用的……戴着口罩都能识别出来"}, {"uid": "50986843", "content": "我杀了我……"}, {"uid": "28932308", "content": "突然正常起来"}, {"uid": "401099828", "content": "吕秀才：这个我熟"}, {"uid": "544024095", "content": "哈哈哈哈哈哈哈哈哈哈"}, {"uid": "24271481", "content": "哈哈哈哈哈"}, {"uid": "214685299", "content": "就是戴眼镜的哥们儿没那么灵敏"}, {"uid": "395707", "content": "哈哈哈哈哈哈"}, {"uid": "12802982", "content": "哈哈哈哈哈哈"}, {"uid": "7783083", "content": "哈哈哈哈哈哈"}, {"uid": "11076934", "content": "小熊猫的指纹"}, {"uid": "132860208", "content": "？"}, {"uid": "6343709", "content": "好像没啥问题（）"}, {"uid": "284942234", "content": "我是谁？我在哪里？！！！"}, {"uid": "81897675", "content": "啊这！"}, {"uid": "1420003", "content": "哈哈哈哈哈哈"}, {"uid": "430074865", "content": "哈哈哈哈"}, {"uid": "214685299", "content": "你也要起舞吗"}, {"uid": "4745710", "content": "线程死锁可还行"}, {"uid": "86932768", "content": "露露！"}, {"uid": "86932768", "content": "噔噔咚"}, {"uid": "12206447", "content": "草"}, {"uid": "11076934", "content": "这个口罩哈哈哈哈"}, {"uid": "92904608", "content": "哈哈哈哈哈哈哈哈哈"}, {"uid": "14373321", "content": "笑死，我实验室的指纹锁根本开不了"}, {"uid": "27955298", "content": "Ohhhhh"}, {"uid": "21754184", "content": "哈哈哈哈"}, {"uid": "1658643", "content": "哈哈哈哈哈哈哈哈哈哈"}, {"uid": "2077907", "content": "哈哈哈哈哈"}, {"uid": "92904608", "content": "哈哈哈哈哈哈哈哈"}, {"uid": "202486", "content": "好"}, {"uid": "21754184", "content": "哈哈哈哈哈"}, {"uid": "214685299", "content": "刷脸请摘口罩"}, {"uid": "214685299", "content": "我的绿水晶瞳孔呢"}, {"uid": "281647264", "content": "你是我老婆！老婆老婆老婆♡"}, {"uid": "5791350", "content": "23333"}, {"uid": "164559077", "content": "哈哈哈哈"}, {"uid": "302642882", "content": "熊猫爪指纹"}, {"uid": "12206447", "content": "哈哈哈哈哈哈"}, {"uid": "22748505", "content": "你平时坏事做尽了"}, {"uid": "228129498", "content": "HAHAHA"}, {"uid": "35178996", "content": "我是福根啦"}, {"uid": "278808263", "content": "专业！"}, {"uid": "1420003", "content": "哈哈哈哈哈"}, {"uid": "284942234", "content": "哈哈"}, {"uid": "284942234", "content": "哈哈哈"}, {"uid": "544024095", "content": "露露"}, {"uid": "5676856", "content": "草哈哈哈哈哈哈哈哈哈哈"}, {"uid": "2409157", "content": "指纹打卡是不是最容易冒充的。。"}, {"uid": "438439", "content": "我单位的保安3年了都认识我"}, {"uid": "438439", "content": "打不上卡，是真闹听"}, {"uid": "438439", "content": "好"}, {"uid": "214685299", "content": "？？？？？？"}, {"uid": "110895184", "content": "来我这里"}, {"uid": "11076934", "content": "我是我吗？"}, {"uid": "128648633", "content": "哈哈哈哈哈"}, {"uid": "68769236", "content": "才发现是1播放"}, {"uid": "1420003", "content": "2333333"}, {"uid": "9739870", "content": "对吧"}, {"uid": "13489593", "content": "哈哈哈哈哈哈哈哈"}, {"uid": "13489593", "content": "哈哈哈哈哈哈哈哈哈哈"}, {"uid": "13489593", "content": "哈哈哈哈哈哈哈哈哈哈哈哈哈"}, {"uid": "438439", "content": "确实"}, {"uid": "110895184", "content": "来我这里"}, {"uid": "21728239", "content": "草"}, {"uid": "277330500", "content": "确实"}, {"uid": "4233059", "content": "。。。"}, {"uid": "284942234", "content": "哲学"}, {"uid": "1420003", "content": "这里也能开团"}, {"uid": "194528682", "content": "？？？"}, {"uid": "2558433", "content": "反转了"}, {"uid": "22470746", "content": "小熊猫也有指纹吗"}, {"uid": "523018446", "content": "化了妆也认不出"}, {"uid": "45403807", "content": "我麦克谁啊"}, {"uid": "37880815", "content": "这里我笑了"}, {"uid": "28289790", "content": "艾秀才别念了"}, {"uid": "13489593", "content": "哈哈哈哈哈哈哈哈哈哈哈哈哈哈哈哈哈哈哈哈哈哈哈"}, {"uid": "7611231", "content": "哈哈哈哈哈哈哈哈哈哈哈哈哈哈哈哈哈哈哈"}, {"uid": "7611231", "content": "哈哈哈哈哈哈哈哈哈哈哈哈哈哈哈哈哈哈哈"}]