[{"uid": "284942234", "content": "无辜的两人"}, {"uid": "284942234", "content": "核善的眼神"}, {"uid": "284942234", "content": "看了原版特地回来再看一遍"}, {"uid": "51169208", "content": "草，那个魔性广告"}, {"uid": "3154199", "content": "福根·黑手"}, {"uid": "209730937", "content": "希爹脸红了！"}, {"uid": "48117748", "content": "失  去  高  光"}, {"uid": "6950455", "content": "篡位副社长，就在今天"}, {"uid": "5197362", "content": "不吃小红果的AI有难了"}, {"uid": "19286805", "content": "桃桃秃了！（风扇没了）"}, {"uid": "344997589", "content": "桃妈你的本体呢？（悲）"}, {"uid": "4494836", "content": "太魔性了，看了好几遍"}, {"uid": "20233779", "content": "高冷小希"}, {"uid": "11778532", "content": "苏醒吧，猎杀时刻"}, {"uid": "1658643", "content": "时机已到！今日起兵！艾研社"}, {"uid": "9739870", "content": "孝出强大"}, {"uid": "523018446", "content": "yysy桃桃发量突飞猛进（"}, {"uid": "13785250", "content": "草，在看肌肉狗宝"}, {"uid": "110895184", "content": "闪过一只狗宝"}, {"uid": "7611231", "content": "0.5倍速高酥"}, {"uid": "365131", "content": "我桃桃的风扇呢，灵魂没了啊"}, {"uid": "455557607", "content": "我好像知道是什么( ✘_✘ )↯"}, {"uid": "2549446", "content": "这本书封面是金轮 里面是那个自由的男人"}, {"uid": "118591876", "content": "你好坏啊，我好喜欢！"}, {"uid": "28932308", "content": "特技操作，高空抛物属违法行为，请勿模仿"}, {"uid": "209730937", "content": "永远不要对小熊猫说不"}, {"uid": "209730937", "content": "蛋蛋，买她来累死他"}, {"uid": "5197362", "content": "桃桃你的散热器呢"}, {"uid": "281647264", "content": "露露(灬ꈍ ꈍ灬)啵"}, {"uid": "27920049", "content": "希爹的jio，嘿嘿嘿"}, {"uid": "41342004", "content": "哈哈哈哈哈哈哈哈哈"}, {"uid": "6950455", "content": "露露的36E呢！"}, {"uid": "1053779219", "content": "社长是不是飞了过去"}, {"uid": "477932537", "content": "好怪哦再看一遍"}, {"uid": "110895184", "content": "小希你在看什么！"}, {"uid": "86932768", "content": "希——爹———"}, {"uid": "544024095", "content": "哈哈哈哈哈哈哈哈哈哈"}, {"uid": "98439551", "content": "辣个男人！"}, {"uid": "23999020", "content": "哈哈哈哈哈哈哈哈哈"}, {"uid": "209730937", "content": "蛋蛋，买它来累死他"}, {"uid": "9218472", "content": "哈哈哈哈"}, {"uid": "19073771", "content": "草"}, {"uid": "5197362", "content": "哈哈哈"}, {"uid": "302642882", "content": "你这只小熊猫"}, {"uid": "544024095", "content": "露露我也买了"}, {"uid": "98439551", "content": "危"}, {"uid": "4494836", "content": "哈哈哈哈哈哈哈哈"}, {"uid": "284942234", "content": "什么情况？！！！"}, {"uid": "471682290", "content": "太怪了，再看一遍"}, {"uid": "2462487", "content": "哈哈哈哈哈哈哈哈"}, {"uid": "7611231", "content": "盘它 买它来害死他"}, {"uid": "39950059", "content": "草"}, {"uid": "4861566", "content": "看金轮的希爹"}, {"uid": "86932768", "content": "好可爱！"}, {"uid": "4494836", "content": "草"}, {"uid": "7258322", "content": "？？？？？？？？？/"}, {"uid": "284942234", "content": "哈哈哈哈"}, {"uid": "656138", "content": "造反了"}, {"uid": "118591876", "content": "哈哈哈"}, {"uid": "108706735", "content": "好家伙"}, {"uid": "26342237", "content": "草"}, {"uid": "344824580", "content": "草，笑死了"}, {"uid": "36140651", "content": "太怪了，再看一遍"}, {"uid": "40756825", "content": "最强广告"}, {"uid": "1467133", "content": "草"}, {"uid": "7821", "content": "笑死了"}, {"uid": "84922589", "content": "草"}, {"uid": "2890401", "content": "草"}, {"uid": "85906906", "content": "逆天"}, {"uid": "90156063", "content": "草"}, {"uid": "4861566", "content": "草"}, {"uid": "294681000", "content": "没穿鞋哦   小希"}, {"uid": "43584977", "content": "危"}, {"uid": "3078826", "content": "草"}, {"uid": "37726304", "content": "？？？"}, {"uid": "90156063", "content": "?"}, {"uid": "43756396", "content": "自由？"}, {"uid": "2558433", "content": "？？？"}, {"uid": "424409", "content": "肌肉狗宝里面是香蕉君"}, {"uid": "8638194", "content": "草"}, {"uid": "284942234", "content": "住手！！！不要对小希这样！！！"}, {"uid": "46050806", "content": "什么鬼，莫名好笑"}, {"uid": "13785250", "content": "胡说，福根哪有那么高"}, {"uid": "1916733", "content": "危"}, {"uid": "1053779219", "content": "笑死了"}, {"uid": "4454853", "content": "肌肉狗宝是吧"}]