[{"uid": "122422602", "content": "可是三里屯在东城"}, {"uid": "389603893", "content": "哈哈"}, {"uid": "232753940", "content": "弹蟑螂"}, {"uid": "308813687", "content": "《我又被踢出群啦！》"}, {"uid": "308813687", "content": "《我被踢出群啦！》"}, {"uid": "43795", "content": "hhhhhhhhhhhhh"}, {"uid": "4861566", "content": "哈哈哈哈哈哈哈哈"}, {"uid": "4861566", "content": "恶龙咆哮(不是)"}, {"uid": "411466481", "content": "哈哈哈哈哈哈我被踢出群了"}, {"uid": "411466481", "content": "哈哈哈哈哈哈哈"}, {"uid": "36102778", "content": "搁这七擒孟获呢"}, {"uid": "14122823", "content": "哈哈哈哈哈哈哈"}, {"uid": "12529944", "content": "梅开二度"}, {"uid": "401099828", "content": "五福临门"}, {"uid": "401099828", "content": "四世同堂"}, {"uid": "401099828", "content": "梅花三弄"}, {"uid": "440664348", "content": "欢迎来到对。。。走错了"}, {"uid": "7258322", "content": "哈哈哈哈哈哈"}, {"uid": "456971634", "content": "我被踢出群啦！"}, {"uid": "5197362", "content": "哈哈哈哈"}, {"uid": "332329265", "content": "失去同步"}, {"uid": "130925648", "content": "这一帧好像白神遥"}, {"uid": "6950455", "content": "谁？"}, {"uid": "218750", "content": "哈哈哈哈哈"}, {"uid": "108706735", "content": "hhhhhh"}, {"uid": "8872050", "content": "自评组自己人233"}, {"uid": "4861566", "content": "哈哈哈哈哈哈哈"}, {"uid": "1598477", "content": "ohhhhhh"}, {"uid": "19488015", "content": "哈哈哈哈哈哈哈"}, {"uid": "2288947", "content": "三声够了"}, {"uid": "13732358", "content": "我被踢出群了"}, {"uid": "14122823", "content": "哈哈哈哈哈哈哈。"}, {"uid": "401099828", "content": "梅开二度"}, {"uid": "191268466", "content": "哈哈哈哈哈哈"}, {"uid": "3629189", "content": "哈哈哈哈哈"}, {"uid": "41905330", "content": "哈哈哈嗝"}, {"uid": "11136710", "content": "泪目了"}, {"uid": "6950455", "content": "帽子戏法"}, {"uid": "20949868", "content": "咆哮片头"}, {"uid": "13785250", "content": "组长或成最大anti"}, {"uid": "401099828", "content": "六六大顺"}, {"uid": "5197362", "content": "哈哈哈哈哈哈"}, {"uid": "374838695", "content": "哈哈哈哈哈"}, {"uid": "19488015", "content": "哈哈哈哈哈哈"}, {"uid": "242170483", "content": "哈哈哈哈哈"}, {"uid": "14122823", "content": "噗哈哈哈哈哈哈"}, {"uid": "15468526", "content": "正道的光"}, {"uid": "28613079", "content": "小桃小希"}, {"uid": "411466481", "content": "整活"}, {"uid": "93581899", "content": "故意的吧"}, {"uid": "237305766", "content": "哈哈哈哈哈"}, {"uid": "237305766", "content": "哈哈哈哈哈"}, {"uid": "15468526", "content": "哈哈哈哈哈"}, {"uid": "6677", "content": "好耶 是ntr"}, {"uid": "6950455", "content": "hhhhhhhhhhhhh"}, {"uid": "26355378", "content": "要三声"}, {"uid": "17411651", "content": "这表情真想给你一拳"}, {"uid": "108706735", "content": "可爱"}, {"uid": "1598477", "content": "危"}, {"uid": "53068123", "content": "哈哈哈哈哈"}, {"uid": "6950455", "content": "草"}, {"uid": "14338845", "content": "至少会弹蟑螂"}, {"uid": "14338845", "content": "在现场"}, {"uid": "84671972", "content": "经典"}, {"uid": "4861566", "content": "哈哈哈哈哈哈哈哈哈"}, {"uid": "24985139", "content": "23333333"}, {"uid": "18226", "content": "哈哈哈哈"}, {"uid": "9218472", "content": "没有你我早红了"}, {"uid": "3997600", "content": "草"}, {"uid": "316751413", "content": "泪目"}, {"uid": "7783083", "content": "hhhhhh"}, {"uid": "411466481", "content": "好活"}, {"uid": "14122823", "content": "怂"}, {"uid": "15468526", "content": "泪目"}, {"uid": "401099828", "content": "死"}, {"uid": "49575", "content": "cao"}, {"uid": "228435399", "content": "在这"}, {"uid": "411466481", "content": "哈哈哈哈哈哈哈哈哈哈哈哈或或或或或哈哈哈哈哈哈哈哈哈哈哈哈哈哈哈哈"}, {"uid": "411466481", "content": "哈哈哈哈哈哈哈哈哈哈或或或或或或或或或或或或或好活"}, {"uid": "95345077", "content": "你不是艾露露的舰长，被踢出群不是很正常嘛"}]