[{"uid": "312310193", "content": "吃我一拳"}, {"uid": "2102644", "content": "俩个人在做俯卧撑？？"}, {"uid": "807708", "content": "玩挺大"}, {"uid": "122627996", "content": "？"}, {"uid": "122627996", "content": "？"}, {"uid": "14122823", "content": "？？？就这"}, {"uid": "14122823", "content": "？？？"}, {"uid": "284942234", "content": "你真行！"}, {"uid": "1720633", "content": "??????????"}, {"uid": "3629189", "content": "就这？"}, {"uid": "2892952", "content": "经典开会"}, {"uid": "3860112", "content": "？？？"}, {"uid": "23363362", "content": "你会怕被开除（狗头）"}, {"uid": "13785250", "content": "福根偷窥锁眼，转头：“Ni——ce！”"}, {"uid": "12158364", "content": "哈哈哈哈哈"}, {"uid": "36145491", "content": "窃听风云"}, {"uid": "228435399", "content": "哈哈"}, {"uid": "1743403334", "content": "这个表情，随手一截就是贱贱的表情包"}, {"uid": "104655981", "content": "你就是想说吧"}, {"uid": "284942234", "content": "吃我一拳"}, {"uid": "8857368", "content": "？？？？？？"}, {"uid": "1326322", "content": "草，smjb特效"}, {"uid": "2102644", "content": "草"}, {"uid": "544024095", "content": "给露露一拳"}, {"uid": "544024095", "content": "露露"}, {"uid": "2102644", "content": "？？？？"}, {"uid": "2102644", "content": "细说"}, {"uid": "122627996", "content": "？？？"}, {"uid": "12158364", "content": "好耶"}, {"uid": "29141466", "content": "哈哈哈"}, {"uid": "22748505", "content": "？？？？"}, {"uid": "6731833", "content": "?"}, {"uid": "23363362", "content": "草"}, {"uid": "503744385", "content": "就这？"}]