[{"uid": "86580566", "content": "你不要过来！要过来请勒得用力点儿！"}, {"uid": "284942234", "content": "艾lurus！！！"}, {"uid": "5480844", "content": "这Z幕有D音内味儿了"}, {"uid": "1916733", "content": "漏词了啊喂，我“老公”呢"}, {"uid": "84922589", "content": "饮茶"}, {"uid": "301836972", "content": "当场去世"}, {"uid": "302642882", "content": "福根你正常一点行不行"}, {"uid": "12295812", "content": "你还是勒死我吧"}, {"uid": "88237141", "content": "你正常点我害怕"}, {"uid": "12326867", "content": "咕  你勒死我罢！"}, {"uid": "41342004", "content": "哈哈哈哈哈哈"}, {"uid": "3190798", "content": "瘫倒在地了已经"}, {"uid": "28956847", "content": "化骨散是吧"}, {"uid": "3997600", "content": "？懂了这就取关（"}, {"uid": "51544468", "content": "麻了"}, {"uid": "32423963", "content": "草"}, {"uid": "22941123", "content": "好嘞！"}, {"uid": "16058747", "content": "吃我一拳"}, {"uid": "4861566", "content": "？？？"}, {"uid": "27609183", "content": "？"}, {"uid": "30244782", "content": "？"}, {"uid": "284942234", "content": "喔吼吼吼吼！！！"}, {"uid": "84922589", "content": "狗头"}, {"uid": "251978319", "content": "已经yue了"}, {"uid": "5772672", "content": "？？？"}, {"uid": "23874332", "content": "好的"}, {"uid": "12829595", "content": "he tui~"}, {"uid": "15354798", "content": "???"}, {"uid": "188901755", "content": "还是勒死吧"}, {"uid": "62972900", "content": "好"}, {"uid": "21728239", "content": "yue了"}, {"uid": "29297792", "content": "你让我取关我就取关，那我岂不是很没面子"}, {"uid": "503744385", "content": "好，马上取关"}, {"uid": "39863934", "content": "太糙了"}]