[{"uid": "22748505", "content": "来啦来啦"}, {"uid": "67912303", "content": "中之人紧急更换"}, {"uid": "78829786", "content": "好听"}, {"uid": "11076934", "content": "混沌"}, {"uid": "8563010", "content": "这是谁！！！"}, {"uid": "107280372", "content": "懂的都懂"}, {"uid": "2309271", "content": "不愧是福根老师"}, {"uid": "1670310", "content": "经典赛前垃圾话"}, {"uid": "10453390", "content": "暴打主持是吧"}, {"uid": "2556736", "content": "草"}, {"uid": "16191994", "content": "经典p话环节"}, {"uid": "20957079", "content": "草"}, {"uid": "5676856", "content": "小完能草草草草"}, {"uid": "50057051", "content": "飒飞了"}, {"uid": "14893541", "content": "一上来就是很屑的表情"}, {"uid": "15153325", "content": "满是无敌的嗓音"}, {"uid": "29407849", "content": "p话真多"}, {"uid": "26473917", "content": "哈哈哈哈台上打人是吧"}, {"uid": "6036414", "content": "从左到右的头型变化"}, {"uid": "65561752", "content": "谁？"}, {"uid": "65561752", "content": "谁"}, {"uid": "286233510", "content": "你很懂啊"}, {"uid": "30448289", "content": "wsl"}, {"uid": "2705066", "content": "小完能是另一个物种了吧"}, {"uid": "683993", "content": "紧张了吧"}, {"uid": "43315261", "content": "上勾拳"}, {"uid": "343033363", "content": "小完能"}, {"uid": "14516207", "content": "这次艾露露唱得比以往调子高了？"}, {"uid": "14516207", "content": "艾露露我爱你！"}, {"uid": "10655488", "content": "！！！！！！！"}, {"uid": "10655488", "content": "好的小浣熊"}, {"uid": "66026623", "content": "上勾拳！"}, {"uid": "66026623", "content": "vup恶霸"}, {"uid": "242170483", "content": "出现了露露语"}, {"uid": "251978319", "content": "紧张小怂猫"}, {"uid": "23363362", "content": "草"}, {"uid": "3755077", "content": "？"}, {"uid": "14338845", "content": "唱歌的艾露露"}, {"uid": "8563010", "content": "是替身？！！！！"}, {"uid": "27955298", "content": "草"}, {"uid": "66026623", "content": "小怂猫"}, {"uid": "9237364", "content": "换人了？？？？？"}, {"uid": "6036414", "content": "不是谁"}, {"uid": "3890681", "content": "小浣熊"}, {"uid": "92901099", "content": "哈哈哈哈哈"}, {"uid": "21728239", "content": "草"}, {"uid": "11076934", "content": "太强了"}, {"uid": "107280372", "content": "露露我爱你"}, {"uid": "21921959", "content": "谁？"}, {"uid": "2201628", "content": "就因为这次的歌关注的"}, {"uid": "20957079", "content": "好耶"}, {"uid": "108595", "content": "dare?"}, {"uid": "30448289", "content": "好听"}, {"uid": "40756825", "content": "\\艾霸霸/\\艾霸霸/\\艾霸霸/"}, {"uid": "40756825", "content": "\\艾霸霸/\\艾霸霸/\\艾霸霸/"}]