[{"uid": "2945897", "content": "不要用模型做奇怪的事情啊hhhhhhhhh"}, {"uid": "41342004", "content": "可爱"}, {"uid": "2383138", "content": "原来是个秃瓢！"}, {"uid": "6950455", "content": "？？？？"}, {"uid": "43705626", "content": "离天下之大谱"}, {"uid": "11076934", "content": "吹没了（物理）"}, {"uid": "13785250", "content": "摇起来了兄弟们"}, {"uid": "13785250", "content": "又新又好，又新又好"}, {"uid": "416089487", "content": "就挺秃然的"}, {"uid": "2705066", "content": "这是假发吧"}, {"uid": "72317145", "content": "草"}, {"uid": "350227954", "content": "假发要掉了"}, {"uid": "23874332", "content": "原来你是秃头"}, {"uid": "228435399", "content": "头发没了"}, {"uid": "7611231", "content": "草"}, {"uid": "225991061", "content": "草"}, {"uid": "266178682", "content": "开幕雷击"}, {"uid": "22748505", "content": "开幕雷击"}, {"uid": "27920049", "content": "头发要掉了露露"}, {"uid": "2165384", "content": "所以裙子不能飘起来吗"}, {"uid": "79646219", "content": "？"}, {"uid": "503744385", "content": "脑袋侧面居然没有头发"}, {"uid": "200473283", "content": "????????"}, {"uid": "1278543039", "content": "开幕雷击"}, {"uid": "281043595", "content": "草"}, {"uid": "503744385", "content": "你也没有腿？"}, {"uid": "3675179", "content": "秃头啊"}, {"uid": "523018446", "content": "好活"}, {"uid": "875849", "content": "下半身其实是袜子成精了23333333"}, {"uid": "32423963", "content": "假发？"}, {"uid": "298525976", "content": "假发要掉了"}, {"uid": "1518162", "content": "兹拉"}, {"uid": "200473283", "content": "??????"}, {"uid": "1518162", "content": "真的没有"}, {"uid": "23874332", "content": "？"}, {"uid": "23874332", "content": "？"}, {"uid": "1598477", "content": "草"}, {"uid": "544475851", "content": "草"}, {"uid": "5060735", "content": "？？？？？？？？"}, {"uid": "4387258", "content": "？"}, {"uid": "41905330", "content": "？"}, {"uid": "200473283", "content": "秃头"}, {"uid": "2761105", "content": "假发"}, {"uid": "2559692", "content": "？"}, {"uid": "295541001", "content": "？？？"}, {"uid": "350227954", "content": "????????"}, {"uid": "20957079", "content": "草"}, {"uid": "79646219", "content": "啥也没有啊（笑）"}, {"uid": "6890827", "content": "？？？？？？"}, {"uid": "544024095", "content": "草"}, {"uid": "4861566", "content": "やめろ"}, {"uid": "350227954", "content": "jia"}, {"uid": "350227954", "content": "???"}, {"uid": "280856263", "content": "光头"}, {"uid": "84671972", "content": "脑子有问题的小熊猫你喜欢吗"}]