[{"uid": "122627996", "content": "？？？？？？"}, {"uid": "110742027", "content": "给你一拳！"}, {"uid": "2358204", "content": "草"}, {"uid": "43756396", "content": "什么海绵宝宝（）"}, {"uid": "6431088", "content": "比兰兰那次可怕多了"}, {"uid": "14000388", "content": "不愧是你"}, {"uid": "434403487", "content": "来拒去留"}, {"uid": "35431294", "content": "？？"}, {"uid": "2558433", "content": "？？？"}, {"uid": "13732358", "content": "reoreoreoreo"}, {"uid": "273927442", "content": "草！！！！"}, {"uid": "11677812", "content": "草，烈焰红唇"}, {"uid": "277330500", "content": "烈焰红唇"}, {"uid": "2040173", "content": "？？？？？？？？？？？？"}, {"uid": "14516207", "content": "？？？？？？？？？？？？？"}, {"uid": "401099828", "content": "草"}, {"uid": "1467133", "content": "？？？？？？？？？"}, {"uid": "6898", "content": "？？？？？？？？、"}, {"uid": "11970914", "content": "？？？？？"}, {"uid": "178142367", "content": "san值狂掉"}, {"uid": "2705066", "content": "已经没有什么好怕的了"}, {"uid": "330141964", "content": "？？？？？"}, {"uid": "2558433", "content": "？？？？？？？"}, {"uid": "14007884", "content": "？？？？？？？？"}, {"uid": "2945897", "content": "prprprprpr"}, {"uid": "14458191", "content": "我yue了"}, {"uid": "298525976", "content": "？？？？"}, {"uid": "4861566", "content": "草"}, {"uid": "232753940", "content": "太可怕了"}, {"uid": "3324370", "content": "？？？？？"}, {"uid": "1720633", "content": "草"}, {"uid": "298525976", "content": "草"}, {"uid": "32423963", "content": "草"}, {"uid": "14373321", "content": "说谎的味道"}, {"uid": "11388533", "content": "？？？"}, {"uid": "214685299", "content": "？？？？"}, {"uid": "1729842", "content": "想"}, {"uid": "102783855", "content": "草"}, {"uid": "3426028", "content": "草"}, {"uid": "25401796", "content": "发病了"}, {"uid": "14458191", "content": "我真想给你一拳"}, {"uid": "232753940", "content": "？"}, {"uid": "41342004", "content": "想"}, {"uid": "1598477", "content": "草"}, {"uid": "14516207", "content": "炽热香吻"}, {"uid": "14516207", "content": "草"}, {"uid": "14516207", "content": "hso"}, {"uid": "19073771", "content": "草"}, {"uid": "307992580", "content": "想"}, {"uid": "104655981", "content": "？？"}, {"uid": "401099828", "content": "凤姐是你吗？"}, {"uid": "470984990", "content": "就好这口 以后就这样吧"}, {"uid": "41342004", "content": "哈哈哈哈哈哈哈哈哈哈哈哈哈哈哈"}]