[{"uid": "87479567", "content": "好家伙"}, {"uid": "4454853", "content": "【一般弹幕施工人员理解不了这种艺术】"}, {"uid": "4454853", "content": "究竟是在热恋呢 还是没有呢 希望能给我把这秘密揭开"}, {"uid": "4454853", "content": "MA的 Wi-Fi 不给力"}, {"uid": "4454853", "content": "想照照我内心深处啊"}, {"uid": "4454853", "content": "给我做个切片 检查一下吧"}, {"uid": "4454853", "content": "现在最真实的我究竟在哪里"}, {"uid": "4454853", "content": "快说啊"}, {"uid": "4454853", "content": "你是想被解冻呢 还是不想呢"}, {"uid": "4454853", "content": "你是想被融化呢 还是不想呢"}, {"uid": "4454853", "content": "真是的"}, {"uid": "4454853", "content": "已经冻僵了的黄金比率"}, {"uid": "4454853", "content": "已经冷透了的绝对领域"}, {"uid": "4454853", "content": "减少中"}, {"uid": "4454853", "content": "不是吧 SpO2已经在"}, {"uid": "4454853", "content": "天呐 在这我"}, {"uid": "4454853", "content": "被拘留在画地为牢的城堡正中心 简直让人抓狂"}, {"uid": "4454853", "content": "孤独啊 孤独 说到底不还是孤独吗"}, {"uid": "4454853", "content": "为什么收不到你的回信"}, {"uid": "4454853", "content": "脑海正在妄想"}, {"uid": "4454853", "content": "黑客正在攻击"}, {"uid": "4454853", "content": "为你着迷了 都要发炎肿胀了 就是现在"}, {"uid": "4454853", "content": "完全被你击中要害了呢"}, {"uid": "4454853", "content": "结果却是中间顺位 真是糟糕"}, {"uid": "4454853", "content": "真的入选了个IOC"}, {"uid": "4454853", "content": "而我却在傲娇中"}, {"uid": "1631946", "content": "每次小熊猫唱歌给人的反应都是 这谁啊"}, {"uid": "4454853", "content": "国家复兴途中"}, {"uid": "4454853", "content": "目前正在大特价"}, {"uid": "4454853", "content": "话说你可真是超不会看时机啊"}, {"uid": "4454853", "content": "希望你能给我一个详细的诊断报告书"}, {"uid": "4454853", "content": "拜托了 来给我做个透视看看吧"}, {"uid": "4454853", "content": "快点 快点啊 CRP正在"}, {"uid": "4454853", "content": "出乎意料 真可恨"}, {"uid": "4454853", "content": "你被出售中"}, {"uid": "228435399", "content": "扫堂腿"}, {"uid": "20957079", "content": "hso小熊猫"}, {"uid": "3885523", "content": "来了来了来了"}, {"uid": "470984990", "content": "再来亿次"}, {"uid": "6711229", "content": "上勾拳"}, {"uid": "8776187", "content": "全是脂肪"}, {"uid": "6012420", "content": "好露骨"}, {"uid": "4454853", "content": "究竟是在热恋呢 还是没有呢 希望能给我把这秘密揭开"}, {"uid": "4454853", "content": "还喜欢你的时候"}, {"uid": "251978319", "content": "hso"}, {"uid": "99490144", "content": "熊，加油啊！你是最棒的"}, {"uid": "323408945", "content": "艾老师好厉害！！！"}, {"uid": "3885523", "content": "♪⸜(๑ ॑꒳ ॑๑)⸝♪✰"}, {"uid": "4454853", "content": "好想知道 我这身体"}, {"uid": "4454853", "content": "通过MRI的映射"}, {"uid": "4454853", "content": "上升中"}, {"uid": "4454853", "content": "魅力啊 魅力 说到底靠的还不是魅力"}, {"uid": "66026623", "content": "好耶"}, {"uid": "33432888", "content": "开口跪"}, {"uid": "251978319", "content": "来了"}, {"uid": "22395470", "content": "⎛⎝≥⏝⏝≤⎛⎝露露⎛⎝≥⏝⏝≤⎛⎝露露⎛⎝≥⏝⏝≤⎛⎝"}]