[{"uid": "2651859", "content": "艾露rua丝"}, {"uid": "79646219", "content": "刀刀致命"}, {"uid": "24471638", "content": "高雅=要加钱"}, {"uid": "14458191", "content": "见 钱 嗓 开"}, {"uid": "2705066", "content": "得加钱"}, {"uid": "62028", "content": "懂了，那就是只认钱了"}, {"uid": "32423963", "content": "见钱（嗓子）眼开"}, {"uid": "395707", "content": "哈哈"}, {"uid": "104655981", "content": "懂了，名字叫高雅是吧"}, {"uid": "91406984", "content": "那就是掉钱眼儿里了是吧"}, {"uid": "440664348", "content": "医学奇迹"}, {"uid": "4438960", "content": "那您可不就是坐在钱眼里了吗"}, {"uid": "2126217685", "content": "不，你就是（滑稽）"}, {"uid": "544024095", "content": "哈哈哈哈哈哈哈哈哈哈"}, {"uid": "273927442", "content": "得加钱是吧？"}, {"uid": "284942234", "content": "哎哟喂～"}, {"uid": "14516207", "content": "我对钱没有兴趣（"}, {"uid": "441353269", "content": "哈哈哈"}, {"uid": "16077955", "content": "得加钱"}, {"uid": "544024095", "content": "哈哈哈哈哈哈哈哈哈哈"}, {"uid": "284942234", "content": "高雅你个头！"}, {"uid": "1854175", "content": "AUV"}, {"uid": "432791263", "content": "爱发电可以购买哦"}, {"uid": "21143310", "content": "？"}, {"uid": "544024095", "content": "得加钱"}, {"uid": "544024095", "content": "得加钱"}, {"uid": "74173597", "content": "《高雅》"}, {"uid": "232753940", "content": "绝"}, {"uid": "29657893", "content": "？"}, {"uid": "41342004", "content": "哈哈哈哈"}, {"uid": "656138", "content": "马家人是吧"}, {"uid": "480404110", "content": "刀，美刀，可以吧。"}, {"uid": "544024095", "content": "草"}, {"uid": "544024095", "content": "得加钱"}, {"uid": "544024095", "content": "真的假的？？？"}, {"uid": "74173597", "content": "得加钱"}, {"uid": "79646219", "content": "笑死"}, {"uid": "18992484", "content": "你不是吗？"}, {"uid": "31714116", "content": "草"}, {"uid": "87479567", "content": "哈哈哈哈哈"}, {"uid": "242586943", "content": "弹蟑螂？？"}, {"uid": "4990791", "content": "？？？？"}, {"uid": "544024095", "content": "？？？？"}, {"uid": "544024095", "content": "高雅？？？？什么高雅"}, {"uid": "544024095", "content": "坏露露"}, {"uid": "76816827", "content": "眼睛是鼻孔得以证明"}, {"uid": "18226", "content": "？？？"}, {"uid": "18130778", "content": "那不就是只知道钱了吗"}, {"uid": "302642882", "content": "你就是啊，露露"}]