[{"uid": "5676856", "content": "扎心了"}, {"uid": "82658096", "content": "哈哈哈"}, {"uid": "284942234", "content": "两个舒适圈环境必须要是不一样的（世界）"}, {"uid": "39863934", "content": "太对了露，露太对’"}, {"uid": "94253215", "content": "哈哈哈哈哈哈哈哈"}, {"uid": "13785250", "content": "↓本人自述"}, {"uid": "400683934", "content": "让老板的腰子更“肥”了"}, {"uid": "400683934", "content": "这耳朵突然动的很灵性"}, {"uid": "250415085", "content": "想起教主的黑暗五部曲"}, {"uid": "281647264", "content": "懂了，露露肚子上有呼啦圈（确信）"}, {"uid": "281647264", "content": "社长也懂传销语录？！"}, {"uid": "84671972", "content": "但是希望是会战胜绝望的"}, {"uid": "177379371", "content": "还是球室的BGM"}, {"uid": "292547", "content": "哈哈哈哈哈哈哈哈哈哈哈"}, {"uid": "34455909", "content": "啊突然想起来，给你拴根绳儿去把一周前踹下去的小希捞上来"}, {"uid": "403218", "content": "跳出舒适圈的目的是为老板创造新的价值"}, {"uid": "34455909", "content": "恭喜毕业"}, {"uid": "9492654", "content": "我改变了我的发量！"}, {"uid": "2309271", "content": "草 真实"}, {"uid": "10417687", "content": "有道理"}, {"uid": "22961764", "content": "起早汤黑"}, {"uid": "284942234", "content": "《坦然》"}, {"uid": "263058175", "content": "好真实"}, {"uid": "423569446", "content": "草"}, {"uid": "37880815", "content": "我改变了我的肚子"}, {"uid": "32423963", "content": "扎心了"}, {"uid": "92904608", "content": "哈哈哈哈哈哈哈哈哈哈哈说的对"}, {"uid": "228129498", "content": "哈哈哈"}, {"uid": "5676856", "content": "雀食"}, {"uid": "164559077", "content": "草"}, {"uid": "284942234", "content": "艾lurus！！！"}, {"uid": "3102373", "content": "蚌埠住了"}, {"uid": "3629189", "content": "草这段说得还挺好"}, {"uid": "25319026", "content": "确实"}, {"uid": "171774", "content": "真实"}, {"uid": "8517978", "content": "蚌埠住了"}, {"uid": "1299366", "content": "怕死，不就够了"}, {"uid": "21916203", "content": "蚌埠住了"}, {"uid": "11378814", "content": "我悟了！"}, {"uid": "20557671", "content": "哈哈"}, {"uid": "473377515", "content": "true"}, {"uid": "1895740", "content": "QQ桌球？"}, {"uid": "32423963", "content": "嗯？"}, {"uid": "7611231", "content": "真实"}, {"uid": "72317145", "content": "草"}, {"uid": "1598477", "content": "qs"}, {"uid": "388995806", "content": "确实"}, {"uid": "354146157", "content": "草"}, {"uid": "2535375", "content": "2333"}, {"uid": "11566864", "content": "qs"}, {"uid": "284942234", "content": "哈哈"}, {"uid": "8601187", "content": "好！！！！！"}, {"uid": "71538707", "content": "哈哈哈哈哈哈"}, {"uid": "8123188", "content": "草"}, {"uid": "214685299", "content": "？"}, {"uid": "28932308", "content": "那您请赶紧说完表演一下"}, {"uid": "194528682", "content": "蚌埠住了"}, {"uid": "24727251", "content": "草"}, {"uid": "455228296", "content": "2333333"}, {"uid": "455228296", "content": "23333"}, {"uid": "354146157", "content": "确实"}, {"uid": "4861566", "content": "草"}, {"uid": "186645063", "content": "确实"}, {"uid": "388995806", "content": "草"}, {"uid": "108706735", "content": "？"}, {"uid": "110895184", "content": "推翻狗宝"}, {"uid": "14373321", "content": "确实"}, {"uid": "385210398", "content": "草"}, {"uid": "25319026", "content": "妙啊"}, {"uid": "50987563", "content": "我改变了头发"}, {"uid": "6409700", "content": "Yysy，qs"}, {"uid": "6711229", "content": "我改变了时间"}, {"uid": "4861566", "content": "草"}, {"uid": "43315261", "content": "确实"}, {"uid": "1598477", "content": "草"}, {"uid": "247286", "content": "这就是你来做脱口秀的理由吗"}, {"uid": "1303774", "content": "你再骂？"}, {"uid": "1658643", "content": "狗宝震怒！"}, {"uid": "92904608", "content": "？？？？？？？？？？"}, {"uid": "92904608", "content": "就是我了"}, {"uid": "22460464", "content": "你再骂"}, {"uid": "6409700", "content": "套娃是吧"}, {"uid": "6898", "content": "草"}, {"uid": "110895184", "content": "到点了是吧"}, {"uid": "14373321", "content": "狗宝 is watching you"}, {"uid": "131592279", "content": "是"}, {"uid": "3248344", "content": "不是因为怕高吗"}, {"uid": "21916203", "content": "是"}, {"uid": "487279", "content": "nsz"}, {"uid": "13705461", "content": "改变了发际线"}, {"uid": "4472088", "content": "狗宝要打你了"}, {"uid": "34455909", "content": "方唐镜是吧"}, {"uid": "14373321", "content": "绝"}, {"uid": "8123188", "content": "草"}, {"uid": "92904608", "content": "？？？？？？？？？？"}, {"uid": "544024095", "content": "露露快跳"}, {"uid": "544024095", "content": "露露"}, {"uid": "14000388", "content": "这就冲了狗宝"}, {"uid": "7611231", "content": "草"}, {"uid": "171774", "content": "的确"}, {"uid": "372205529", "content": "是"}, {"uid": "9008384", "content": "草"}, {"uid": "98439551", "content": "哈哈哈哈哈哈哈哈哈哈哈哈"}, {"uid": "482662631", "content": "剩余价值。"}, {"uid": "482662631", "content": "三室一厅"}, {"uid": "13489593", "content": "哈哈哈哈哈哈哈哈"}, {"uid": "13489593", "content": "草，活着就是为了说批话是吧"}, {"uid": "13489593", "content": "哈哈哈哈哈哈哈哈哈哈草"}, {"uid": "1894174", "content": "老网抑云了"}, {"uid": "251978319", "content": "网抑云是吧"}]