[{"uid": "14458191", "content": "逐渐机车起来了"}, {"uid": "14458191", "content": "这才对"}, {"uid": "22941123", "content": "两个人相性好好"}, {"uid": "171774", "content": "是头大"}, {"uid": "3113179", "content": "不用万一  就是有"}, {"uid": "14122823", "content": "红红火火恍恍惚惚"}, {"uid": "14122823", "content": "哈哈哈哈哈哈"}, {"uid": "11202526", "content": "太对了，√都不看"}, {"uid": "4861566", "content": "笑到我了"}, {"uid": "251978319", "content": "你们两个说话好机车哦"}, {"uid": "271541", "content": "手好滑"}, {"uid": "84671972", "content": "二十九杀吃鸡是吧"}, {"uid": "14516207", "content": "害怕"}, {"uid": "79646219", "content": "唉"}, {"uid": "342300", "content": "开幕巫婆笑"}, {"uid": "14122823", "content": "好耶"}]