[{"uid": "310650985", "content": "草"}, {"uid": "284942234", "content": "哈哈哈"}, {"uid": "3113179", "content": "知道了"}, {"uid": "281647264", "content": "ohhhhhhhhhhhhhh"}, {"uid": "281647264", "content": "开  幕  雷  击"}, {"uid": "470984990", "content": "草"}, {"uid": "10005302", "content": "中气十足"}, {"uid": "23363362", "content": "哈哈哈哈哈哈哈"}, {"uid": "7611231", "content": "阿望"}, {"uid": "44036174", "content": "那确实"}, {"uid": "487279", "content": "好！"}, {"uid": "2558433", "content": "好！"}, {"uid": "7611231", "content": "ohhhh"}, {"uid": "1655633", "content": "好的！"}, {"uid": "544024095", "content": "猪"}, {"uid": "310650985", "content": "好"}, {"uid": "2558433", "content": "不至于？至于！"}, {"uid": "229883213", "content": "土猪"}, {"uid": "11076934", "content": "草"}, {"uid": "11388533", "content": "好"}, {"uid": "110742027", "content": "猪鼻吧"}, {"uid": "12158364", "content": "好耶"}, {"uid": "23107722", "content": "草"}, {"uid": "46050806", "content": "大可不必"}, {"uid": "1916733", "content": "?"}, {"uid": "4719846", "content": "如果你是猪，也好"}, {"uid": "37100580", "content": "艾老师，你别被这样"}]