[{"uid": "284942234", "content": "哈哈哈哈"}, {"uid": "10453390", "content": "神探威威猫"}, {"uid": "2651859", "content": "老心机熊了"}, {"uid": "2651859", "content": "就哈哈哈哈哈"}, {"uid": "2383138", "content": "不应该是她吗"}, {"uid": "79646219", "content": "？"}, {"uid": "281043595", "content": "高速神言"}, {"uid": "41342004", "content": "哈哈哈哈哈  热心群众"}, {"uid": "6036414", "content": "假面骑士w"}, {"uid": "251978319", "content": "草"}, {"uid": "228435399", "content": "好家伙一期生"}, {"uid": "8638194", "content": "草"}, {"uid": "3997600", "content": "草"}, {"uid": "29141466", "content": "哈哈哈"}, {"uid": "32423963", "content": "草"}, {"uid": "164559077", "content": "草"}, {"uid": "21600681", "content": "草"}]