[{"uid": "544024095", "content": "社长看到了"}, {"uid": "544024095", "content": "哈哈哈哈哈哈哈哈哈哈"}, {"uid": "299666557", "content": "你再骂哈哈哈哈哈哈哈"}, {"uid": "35342449", "content": "谁喝醉了草"}, {"uid": "2872227", "content": "？？？"}, {"uid": "22748505", "content": "哦吼完蛋"}, {"uid": "213896447", "content": "？？"}, {"uid": "22941123", "content": "极限反杀"}, {"uid": "106762449", "content": "脑回路清奇"}, {"uid": "1405719648", "content": "还没有到十二点，不能破防"}, {"uid": "6754466", "content": "可持续性破防"}, {"uid": "100995752", "content": "突然觉得266脸好白"}, {"uid": "171774", "content": "好自为之"}, {"uid": "171774", "content": "安度晚年"}, {"uid": "171774", "content": "小怂猫"}, {"uid": "45922237", "content": "聊天鬼才"}, {"uid": "108706735", "content": "hhhhhh"}, {"uid": "131659105", "content": "哈哈哈"}, {"uid": "6677", "content": "父慈女孝"}, {"uid": "84671972", "content": "《没在直播》"}, {"uid": "84671972", "content": "？？？"}, {"uid": "84671972", "content": "p话开始"}, {"uid": "84671972", "content": "防太薄了，建议出肉装"}, {"uid": "3113179", "content": "怎么天天切片怼老板"}, {"uid": "30630914", "content": "秒怂"}, {"uid": "79646219", "content": "噗噗哈哈哈"}, {"uid": "1345445", "content": "喂，你谁呀？"}, {"uid": "2426314", "content": "真的是啥都敢说"}, {"uid": "300175", "content": "草"}, {"uid": "22748505", "content": "哈哈哈哈哈哈哈哈哈哈"}, {"uid": "84671972", "content": "《又》"}, {"uid": "84671972", "content": "经典破防"}, {"uid": "84671972", "content": "《你谁呀》"}, {"uid": "286529311", "content": "高手过招"}, {"uid": "90559379", "content": "社长声音好帅"}, {"uid": "41905330", "content": "哈哈哈哈哈"}, {"uid": "100995752", "content": "《每天》"}, {"uid": "92901099", "content": "哈哈哈哈哈哈啊哈哈哈"}, {"uid": "108706735", "content": "社长：？"}, {"uid": "444206881", "content": "joker王牌"}, {"uid": "284942234", "content": "哈哈哈哈"}, {"uid": "544024095", "content": "哈哈哈哈哈哈哈哈哈哈"}, {"uid": "544475851", "content": "哈哈哈哈哈"}, {"uid": "18232134", "content": "夺笋呐"}, {"uid": "171774", "content": "什么舰娘"}, {"uid": "108706735", "content": "说都不会话了"}, {"uid": "108706735", "content": "笑死我了"}, {"uid": "300175", "content": "草够狠"}, {"uid": "300175", "content": "诈骗"}, {"uid": "4861566", "content": "哈哈哈哈哈哈"}, {"uid": "544024095", "content": "哈哈哈哈哈哈哈哈哈哈"}, {"uid": "53223895", "content": "？？？？？"}, {"uid": "32423963", "content": "233"}, {"uid": "14516207", "content": "？？？？？？？"}, {"uid": "14516207", "content": "社长很懂嘛"}, {"uid": "491352861", "content": "哈哈哈"}, {"uid": "1345445", "content": "又"}, {"uid": "10005302", "content": "哈哈哈"}, {"uid": "284942234", "content": "哈哈哈哈"}, {"uid": "273927442", "content": "？？？？？？"}, {"uid": "369006405", "content": "又"}, {"uid": "84671972", "content": "小丑竟是我自己"}, {"uid": "300175", "content": "？？？"}, {"uid": "297473407", "content": "？？"}, {"uid": "292547", "content": "？？？？"}, {"uid": "295518", "content": "？？？。。。。"}, {"uid": "232753940", "content": "哈哈哈"}, {"uid": "22470746", "content": "草"}, {"uid": "14516207", "content": "又"}, {"uid": "14516207", "content": "小怂猫"}, {"uid": "108706735", "content": "耗子尾汁"}, {"uid": "108706735", "content": "诶嘿"}, {"uid": "108706735", "content": "hhhhhh"}, {"uid": "1620970", "content": "你这个年龄段"}, {"uid": "400639819", "content": "草"}, {"uid": "84671972", "content": "？？？？"}, {"uid": "300175", "content": "哈哈哈哈！"}, {"uid": "22748505", "content": "老？"}, {"uid": "187570", "content": "草"}, {"uid": "544024095", "content": "社长"}, {"uid": "2256631", "content": "又"}, {"uid": "544475851", "content": "？？？"}, {"uid": "43756396", "content": "危"}, {"uid": "171774", "content": "？？？"}, {"uid": "389137168", "content": "哈哈哈哈"}, {"uid": "12206447", "content": "你GB谁啊！"}, {"uid": "4861566", "content": "危"}, {"uid": "312310193", "content": "？？？"}, {"uid": "1895740", "content": "？"}, {"uid": "35342449", "content": "？？？"}, {"uid": "298525976", "content": "小怂猫"}, {"uid": "86871795", "content": "好家伙"}, {"uid": "7611231", "content": "狗宝"}, {"uid": "171774", "content": "又"}, {"uid": "108706735", "content": "hhhhhh"}, {"uid": "182840844", "content": "你有没有出息啊？"}, {"uid": "1345445", "content": "哈哈哈哈"}, {"uid": "12400719", "content": "根本不是对手"}, {"uid": "7661198", "content": "哈哈哈哈哈"}, {"uid": "297473407", "content": "？"}, {"uid": "297473407", "content": "又"}, {"uid": "4168522", "content": "hahahaha"}, {"uid": "43315261", "content": "？"}, {"uid": "28289790", "content": "草"}, {"uid": "228435399", "content": "杀了"}, {"uid": "2556736", "content": "c嗷"}, {"uid": "11327783", "content": "《出息》"}, {"uid": "96788969", "content": "哈哈哈哈哈哈"}, {"uid": "96788969", "content": "哈哈哈哈哈哈"}, {"uid": "544024095", "content": "哈哈哈哈哈哈哈哈哈哈"}, {"uid": "544024095", "content": "哈哈哈哈哈哈哈哈哈哈"}, {"uid": "544024095", "content": "哈哈哈哈哈哈哈哈哈哈"}, {"uid": "23999020", "content": "哈哈哈哈哈哈哈哈哈哈哈哈哈哈哈哈哈哈哈"}]