[{"uid": "2102644", "content": "好家伙"}, {"uid": "2102644", "content": "恶魔之低语"}, {"uid": "435283627", "content": "你摸着你的良心说:没有人?!"}, {"uid": "79646219", "content": "哈哈哈，那没事了"}, {"uid": "284942234", "content": "开幕雷击"}, {"uid": "46050806", "content": "哈哈哈果然是这个"}, {"uid": "104655981", "content": "我爸爸说女人都是老虎"}, {"uid": "104655981", "content": "一路走好（"}, {"uid": "104655981", "content": "我们追的都结婚了，暗示我们也该结婚了（"}, {"uid": "22941123", "content": "你也结婚"}, {"uid": "3629189", "content": "哈哈哈哈哈哈冥婚不能算婚！"}, {"uid": "8857368", "content": "你看她笑得多开啊"}, {"uid": "41342004", "content": "累了，毁灭吧"}, {"uid": "2383138", "content": "你又破防啦？"}, {"uid": "272989634", "content": "兰兰：我不是人？"}, {"uid": "487279", "content": "自动播放《突然发现同事是个好骗的女人》"}, {"uid": "41342004", "content": "开幕雷击"}, {"uid": "28932308", "content": "众所周知兔子不是人"}, {"uid": "1598477", "content": "爸爸敢怒不敢言"}, {"uid": "284942234", "content": "这是什么??婚礼！"}, {"uid": "194528682", "content": "宝贝别哭，你还有熊友们啊！"}, {"uid": "303529", "content": "笑得多开心"}, {"uid": "3597323", "content": "你看她还在笑啊"}, {"uid": "303529", "content": "这画面怎么这么奇怪"}, {"uid": "4861566", "content": "草，冥婚"}, {"uid": "41342004", "content": "你爸爸有话说"}, {"uid": "14516207", "content": "hhhhhhhhh"}, {"uid": "544024095", "content": "？？？？？？我不是"}, {"uid": "23363362", "content": "哈哈哈哈哈哈哈"}, {"uid": "168539415", "content": "2333"}, {"uid": "2102644", "content": "草"}, {"uid": "4494836", "content": "草"}, {"uid": "544024095", "content": "哈哈哈哈哈哈哈哈哈哈"}, {"uid": "544024095", "content": "那你看看我啊！！！"}, {"uid": "544024095", "content": "露露不哭摸摸头"}, {"uid": "30225015", "content": "那可以找女人"}, {"uid": "135074895", "content": "棒不住了"}, {"uid": "285523941", "content": "哈哈哈"}, {"uid": "284942234", "content": "我裂开了"}, {"uid": "284942234", "content": "哈哈"}, {"uid": "544024095", "content": "？？？？"}, {"uid": "8638194", "content": "草"}, {"uid": "440664348", "content": "哈哈哈哈哈哈"}, {"uid": "36169346", "content": "草"}, {"uid": "4494836", "content": "草"}, {"uid": "284942234", "content": "哈哈哈哈"}, {"uid": "11225146", "content": "可是花江夏树是男人啊"}, {"uid": "79646219", "content": "太对了"}, {"uid": "5676856", "content": "草 "}, {"uid": "18226", "content": "对"}, {"uid": "12019087", "content": "我！"}, {"uid": "21600681", "content": "草"}, {"uid": "18226", "content": "冥婚"}, {"uid": "41342004", "content": "哈哈哈哈哈哈哈哈哈哈哈哈哈哈哈"}]