[{"uid": "10809741", "content": "走的很安详"}, {"uid": "424409", "content": "yue的声音好可爱"}, {"uid": "82658096", "content": "露露～～你不要走～～"}, {"uid": "286720632", "content": "飞升了"}, {"uid": "344997589", "content": "格瓦斯罪不至此啊喂"}, {"uid": "19291595", "content": "蚌埠住了"}, {"uid": "281647264", "content": "接住！"}, {"uid": "302642882", "content": "格瓦斯很好喝的"}, {"uid": "285523941", "content": "草，还喝"}, {"uid": "12281294", "content": "hhhhhhhhhh"}, {"uid": "7934774", "content": "格瓦斯我以前还挺喜欢喝 但是停产了"}, {"uid": "67902953", "content": "好狠啊 鲸吞天下啊艾露露"}, {"uid": "259312964", "content": "格瓦斯很好喝啊，另外两种没喝过不清楚"}, {"uid": "29376084", "content": "人生有梦，各自精彩"}, {"uid": "104655981", "content": "慢走，有空再来啊"}, {"uid": "1598477", "content": "快去傻孩子，等会儿们就关了"}, {"uid": "1598477", "content": "什么亡命赌徒hhh"}, {"uid": "854013", "content": "光环还和耳朵一起动哈哈哈"}, {"uid": "284942234", "content": "原地升天"}, {"uid": "457040739", "content": "不喝在哪装什么"}, {"uid": "285523941", "content": "草，还青眼究极龙"}, {"uid": "67117939", "content": "蒙主宠召了？"}, {"uid": "2376693", "content": "我鬼畜我自己"}, {"uid": "14373321", "content": "露露，振作起来啊"}, {"uid": "496063", "content": "高级药水ver2.0"}, {"uid": "42454132", "content": "泪目"}, {"uid": "32303", "content": "这三个我都蛮喜欢喝的"}, {"uid": "46178", "content": "露露！你不要走！"}, {"uid": "47716873", "content": "kksk"}, {"uid": "8607367", "content": "升华了属于是"}, {"uid": "362812781", "content": "不要停下来啊！！"}, {"uid": "47122712", "content": "沙士明明很好喝"}, {"uid": "251978319", "content": "蚌埠住了"}, {"uid": "475422", "content": "草"}, {"uid": "344997589", "content": "熊卡贝拉"}, {"uid": "2201628", "content": "这么屑也能上天"}, {"uid": "26944429", "content": "yue了"}, {"uid": "67117939", "content": "把三种水！混～合～在～一～起～"}, {"uid": "11076934", "content": "好活"}, {"uid": "17712609", "content": "不至于不至于"}, {"uid": "35081416", "content": "哈哈哈哈"}, {"uid": "6711229", "content": "哈哈哈哈哈"}, {"uid": "14373321", "content": "妈妈，快看，天使！"}, {"uid": "813925", "content": "搁着开始整活了是吧"}, {"uid": "284942234", "content": "那么？"}, {"uid": "284942234", "content": "哈哈哈"}, {"uid": "1498243", "content": "黑松沙士蛮好喝的"}, {"uid": "32423963", "content": "勇士"}, {"uid": "171774", "content": "好家伙"}, {"uid": "1895740", "content": "格瓦斯挺棒的呀"}, {"uid": "108706735", "content": "好活！"}, {"uid": "21916203", "content": "这个小熊猫，她是不是傻啊？"}, {"uid": "7934774", "content": "格瓦斯不挺好喝"}, {"uid": "2705066", "content": "音容犹在"}, {"uid": "15871106", "content": "泪目"}, {"uid": "118591876", "content": "牛人啊"}, {"uid": "17712609", "content": "草"}, {"uid": "91498934", "content": "好耶"}, {"uid": "4435366", "content": "这后期厉害的"}, {"uid": "92904608", "content": "哈哈哈哈哈哈哈哈"}, {"uid": "284942234", "content": "哈哈"}, {"uid": "1999183", "content": "也是个牌佬？"}, {"uid": "75418408", "content": "三幻神"}, {"uid": "1916733", "content": "草"}, {"uid": "302642882", "content": "格瓦斯挺好喝的"}, {"uid": "21916203", "content": "笑死我了"}, {"uid": "7934774", "content": "你不就是吗"}, {"uid": "164559077", "content": "草"}, {"uid": "5676856", "content": "草"}, {"uid": "31804458", "content": "格瓦斯也不难喝啊"}, {"uid": "11076934", "content": "（（（（呐呐呐））））"}, {"uid": "11076934", "content": "还没喝就醉了是吧"}, {"uid": "249195305", "content": "格瓦斯好喝!格瓦斯好喝!（震声）"}, {"uid": "156918814", "content": "混～合～在～一～起～(双厨狂喜)"}, {"uid": "285523941", "content": "回光返照？"}, {"uid": "2651859", "content": "草"}, {"uid": "13805660", "content": "你不就是二次元吗？！"}, {"uid": "32992818", "content": "不至于"}, {"uid": "3277130", "content": "kksk"}, {"uid": "82634677", "content": "抱歉，以这样的方式认识你"}, {"uid": "107280372", "content": "草"}, {"uid": "544024095", "content": "露露"}, {"uid": "34716691", "content": "格瓦斯是不难喝，但是有些牌子的格瓦斯饮料很难喝"}, {"uid": "78829786", "content": "冲你这后期投个币"}, {"uid": "32423963", "content": "草"}, {"uid": "110742027", "content": "玩我是吧"}, {"uid": "33520823", "content": "？"}, {"uid": "14373321", "content": "露露，你带我走吧(>﹏<)"}, {"uid": "2249988", "content": "你怕不是有什么大病"}, {"uid": "29026444", "content": "蕾姆"}, {"uid": "2376693", "content": "艾—————露——————露——————"}, {"uid": "445268104", "content": "格瓦斯超级好喝的"}]