[{"uid": "544024095", "content": "哈哈哈哈哈哈哈哈哈哈"}, {"uid": "544024095", "content": "哈哈哈哈哈哈哈哈哈哈"}, {"uid": "544024095", "content": "哈哈哈哈哈哈哈哈哈哈"}, {"uid": "406434563", "content": "她慌了她慌了2333"}, {"uid": "342158350", "content": "字幕错字捉"}, {"uid": "510197", "content": "花栗鼠"}, {"uid": "21795630", "content": "贷款上班艾露露"}, {"uid": "35846024", "content": "擦盘子哈哈哈哈"}, {"uid": "23874332", "content": "刚刚的是不知道说什么吧"}, {"uid": "9218472", "content": "哈哈哈"}, {"uid": "108706735", "content": "说不好就毕业"}, {"uid": "108706735", "content": "擦盘子吓死"}, {"uid": "14122823", "content": "？？？？？"}, {"uid": "14122823", "content": "哈哈哈哈哈"}, {"uid": "79646219", "content": "666666"}, {"uid": "228435399", "content": "校长"}, {"uid": "108706735", "content": "阅读理解是吧"}]