[{"uid": "10005302", "content": "爱了"}, {"uid": "10040519", "content": "太好听了！一直在循环"}, {"uid": "107280372", "content": "好听"}, {"uid": "477932537", "content": "爱了爱了"}, {"uid": "14458191", "content": "谁？"}, {"uid": "14458191", "content": "好家伙"}, {"uid": "7611231", "content": "好听"}, {"uid": "9492654", "content": "好好听！"}, {"uid": "3885523", "content": "来了来了来了"}, {"uid": "46037071", "content": "好棒啊！"}, {"uid": "510197", "content": "喜欢"}, {"uid": "2822070", "content": "好耶"}, {"uid": "510197", "content": "爱了"}, {"uid": "22748505", "content": "一个都不许走，按住"}, {"uid": "228435399", "content": "燃"}, {"uid": "470984990", "content": "越听愈好听"}, {"uid": "2165384", "content": "我要当艾露露小姐的狗，放开我，我没病"}, {"uid": "251978319", "content": "interesting"}, {"uid": "15208052", "content": "好耶"}, {"uid": "5726099", "content": "tql"}, {"uid": "2892952", "content": "打卡"}, {"uid": "14458191", "content": "谁？"}, {"uid": "66026623", "content": "芜湖"}, {"uid": "2763024", "content": "棒！！！！！！！！！！！！！！"}]