[{"uid": "57732701", "content": "这是什么意思"}, {"uid": "116825", "content": "第一是傻豹？"}, {"uid": "7179835", "content": "豹豹正在准备前来对线"}, {"uid": "49080331", "content": "第一笨蛋竞争还挺激烈的，比第一聪明激烈多了"}, {"uid": "10391528", "content": "你就是第一笨蛋了"}, {"uid": "14000388", "content": "很难不傻"}, {"uid": "8281503", "content": "V圈3大笨蛋个个实力强劲你很难啊！"}, {"uid": "23874332", "content": "你好友的"}, {"uid": "36609892", "content": "你的对手太强"}, {"uid": "12713859", "content": "@白神遥"}, {"uid": "12757545", "content": "@小希"}, {"uid": "22090727", "content": "无法反驳"}, {"uid": "41342004", "content": "哈哈哈哈哈哈哈哈哈"}, {"uid": "32974431", "content": "豹豹"}, {"uid": "26442968", "content": "后面的笑声好像提莫哦"}, {"uid": "6677", "content": "那你的对手还蛮强劲的"}, {"uid": "41342004", "content": "这傻熊"}, {"uid": "93010213", "content": "白神遥第一个不服"}, {"uid": "19532359", "content": "高不成低不就"}, {"uid": "57732701", "content": "这是什么debu音"}, {"uid": "284942234", "content": "哈哈哈"}, {"uid": "14458191", "content": "小希是第一沙雕"}, {"uid": "14122823", "content": "哈哈哈哈哈"}, {"uid": "544024095", "content": "没错你就是"}, {"uid": "143562286", "content": "傻"}, {"uid": "41342004", "content": "豹豹"}, {"uid": "81457061", "content": "不至于"}, {"uid": "4861566", "content": "傻傻的"}, {"uid": "2892952", "content": "？"}, {"uid": "286199349", "content": "不可能"}, {"uid": "8846276", "content": "@白神遥"}, {"uid": "14373321", "content": "傻"}, {"uid": "14458191", "content": "小希"}]