[{"uid": "11607119", "content": "杨宝：你礼貌吗"}, {"uid": "828649", "content": "声音像冷鸟哈哈"}, {"uid": "22782399", "content": "生动形象"}, {"uid": "43756396", "content": "杨枝甘露是真的（）"}, {"uid": "123323757", "content": "我告你哈哈哈"}, {"uid": "437388262", "content": "福根是奇美拉吧（悲）"}, {"uid": "32746755", "content": "因为兰兰不吃胡萝卜所以才要送出去"}, {"uid": "50539085", "content": "心肺停止"}, {"uid": "276315", "content": "所以脚臭和头臭都是真的哦"}, {"uid": "401099828", "content": "好像哪里不对"}, {"uid": "401099828", "content": "你们工资都没了"}, {"uid": "401099828", "content": "声音像纯姐"}, {"uid": "242170483", "content": "虚研社动物园大型吵架现场"}, {"uid": "43756396", "content": "《水    表》"}, {"uid": "41342004", "content": "杨宝：躺着也中枪？"}, {"uid": "182522461", "content": "杨宝惨"}, {"uid": "28053667", "content": "柔光灯震怒"}, {"uid": "3914693", "content": "支持正义比武！"}, {"uid": "36769691", "content": "草"}, {"uid": "163832", "content": "卖的一手好队友"}, {"uid": "37390415", "content": "兰兰：怂了"}, {"uid": "15468526", "content": "她怎么做人"}, {"uid": "15468526", "content": "已经知道了"}, {"uid": "438760664", "content": "柔光灯震怒"}, {"uid": "251978319", "content": "？？？？？转手就卖队友？？？"}, {"uid": "2558433", "content": "终于剪出来了"}, {"uid": "2106045858", "content": "信息量好大"}, {"uid": "251978319", "content": "小学生吵架"}, {"uid": "84671972", "content": "甩锅是吧"}, {"uid": "26473917", "content": "哈哈哈哈哈哈哈早发现早治疗"}, {"uid": "4102890", "content": "卖友求荣的屑熊猫"}, {"uid": "36140651", "content": "危"}, {"uid": "43756396", "content": "极 限 反 杀"}, {"uid": "38120827", "content": "哈哈哈哈哈哈哈哈哈哈哈"}, {"uid": "26023645", "content": "逻辑关系异常清楚"}, {"uid": "43756396", "content": "一转攻势，杨宝：？？？"}, {"uid": "108706735", "content": "哈哈哈哈"}, {"uid": "4861566", "content": "好评"}, {"uid": "5512", "content": "好家伙！"}, {"uid": "12400719", "content": "反手就卖了"}, {"uid": "80262616", "content": "加的孜然？"}, {"uid": "57254535", "content": "你两是小孩子吧"}, {"uid": "401099828", "content": "停一下，有人躺枪了"}, {"uid": "8607367", "content": "一转攻势"}, {"uid": "1303774", "content": "危 福根 危"}, {"uid": "108706735", "content": "哈哈哈哈哈哈，反手卖了"}, {"uid": "19683002", "content": "吃？？？"}, {"uid": "485305596", "content": "像扇宝的声音"}, {"uid": "4494836", "content": "哈哈哈哈哈哈哈哈"}, {"uid": "12400719", "content": "反手就卖"}, {"uid": "12400719", "content": "这俩夺笋呐"}, {"uid": "34791954", "content": "小学生吵架"}, {"uid": "82658096", "content": "柔光灯震怒！"}, {"uid": "350227954", "content": "哈哈哈哈哈哈哈哈"}, {"uid": "242170483", "content": "杨宝：？？？"}, {"uid": "91498934", "content": "好家伙，干的漂亮"}, {"uid": "92904608", "content": "哈哈哈哈哈哈哈哈哈哈哈哈哈"}, {"uid": "15468526", "content": "哈哈哈哈"}, {"uid": "7611231", "content": "反手就给卖了是吧"}, {"uid": "251978319", "content": "哈哈哈哈哈哈哈哈哈哈"}, {"uid": "84671972", "content": "一转攻势"}, {"uid": "1303774", "content": "只有杨宝受伤的世界达成了"}, {"uid": "4102890", "content": "川剧变脸"}, {"uid": "108706735", "content": "好可爱啊"}, {"uid": "8517978", "content": "杨宝：？？？"}, {"uid": "19683002", "content": "背刺带师是吧"}, {"uid": "41342004", "content": "这表情好屑啊"}, {"uid": "4494836", "content": "哈哈哈哈哈哈哈哈"}, {"uid": "39438869", "content": "杨宝:？？？"}, {"uid": "454397731", "content": "哈哈哈哈"}, {"uid": "232753940", "content": "哈哈哈哈"}, {"uid": "1467133", "content": "虚研鱼震怒"}, {"uid": "300175", "content": "？？？"}, {"uid": "1916733", "content": "可兰音你不是最讨厌胡萝卜了吗"}, {"uid": "8089083", "content": "杨宝：？？？"}, {"uid": "7611231", "content": "怪我是吧？没爱了是吧？"}, {"uid": "6677", "content": "这波没处理好 寄了"}, {"uid": "7783083", "content": "草草草"}, {"uid": "20957079", "content": "哈哈哈哈哈哈哈"}, {"uid": "18226", "content": "哈哈哈哈哈"}, {"uid": "8344580", "content": "当场背刺"}, {"uid": "350227954", "content": "哈哈哈哈哈哈哈"}, {"uid": "242170483", "content": "哈哈哈哈哈哈哈"}, {"uid": "66026623", "content": "哈哈哈哈"}, {"uid": "66026623", "content": "？？？"}, {"uid": "182522461", "content": "杨宝惨"}, {"uid": "20949868", "content": "哈哈哈哈"}, {"uid": "104655981", "content": "草"}, {"uid": "7611231", "content": "这个小兔子好气人啊"}, {"uid": "251978319", "content": "杨宝：？？？"}, {"uid": "38120827", "content": "哈哈哈哈哈哈哈哈哈"}, {"uid": "14262061", "content": "哈哈哈哈哈哈哈哈哈哈哈哈哈哈"}, {"uid": "108140630", "content": "草"}, {"uid": "53223895", "content": "草"}, {"uid": "74173597", "content": "草￼"}, {"uid": "438760664", "content": "前面还说不喜欢红豆和葡萄干的福根"}, {"uid": "438760664", "content": "对不起福根，明天你开场道歉，后面又被踢出舰长群，但是兰音没有。"}, {"uid": "41342004", "content": "卖队友是吧"}, {"uid": "242170483", "content": "？？？"}, {"uid": "23874332", "content": "草"}, {"uid": "475828612", "content": "HHHHHHHHHH"}, {"uid": "23388996", "content": "连环背刺"}, {"uid": "164559077", "content": "没毛病"}, {"uid": "92904608", "content": "哈哈哈哈哈哈哈哈哈哈哈哈"}, {"uid": "1402141", "content": "？内鬼"}, {"uid": "11076934", "content": "草"}, {"uid": "15468526", "content": "？？？"}, {"uid": "251978319", "content": "好活"}, {"uid": "8857368", "content": "小学生吵架"}, {"uid": "3629189", "content": "哈哈哈哈哈哈哈"}, {"uid": "4102890", "content": "川剧变脸"}, {"uid": "36140651", "content": "虚研鱼震怒！"}, {"uid": "438760664", "content": "可是兰兰，你不是不喜欢胡萝卜吗"}, {"uid": "99622594", "content": "哈哈哈"}, {"uid": "4494836", "content": "草"}, {"uid": "53223895", "content": "？？？？"}, {"uid": "18232134", "content": "太屑了"}, {"uid": "10134067", "content": "双向暗恋？"}, {"uid": "509982596", "content": "小学生吵架"}, {"uid": "80262616", "content": "艾"}, {"uid": "32890227", "content": "23333"}, {"uid": "242170483", "content": "草"}, {"uid": "36769691", "content": "？？？？"}, {"uid": "14338845", "content": "这锅我们不背"}, {"uid": "1631946", "content": "我记得兰音说她不吃胡萝卜。。。。"}, {"uid": "15468526", "content": "太屑了"}, {"uid": "318450449", "content": "背刺"}, {"uid": "1720633", "content": "哈哈哈哈哈"}, {"uid": "251978319", "content": "草"}, {"uid": "8857368", "content": "好活"}, {"uid": "14516207", "content": "屑熊猫"}, {"uid": "4861566", "content": "？？？"}, {"uid": "5512", "content": "@杨宝"}, {"uid": "108706735", "content": "hh"}, {"uid": "20454963", "content": "这个声音有点像泠鸢"}, {"uid": "13245453", "content": "?"}, {"uid": "297473407", "content": "？"}, {"uid": "352099154", "content": "姓福（"}, {"uid": "10227156", "content": "笑死"}, {"uid": "23874332", "content": "草"}, {"uid": "20557671", "content": "可可爱爱"}, {"uid": "20557671", "content": "啊这。。。你。。。她。。。"}, {"uid": "41342004", "content": "好怂啊哈哈哈"}, {"uid": "32423963", "content": "草"}, {"uid": "19073771", "content": "草"}, {"uid": "33520823", "content": "草"}, {"uid": "15468526", "content": "喜欢"}, {"uid": "251978319", "content": "危"}, {"uid": "2556736", "content": "草"}, {"uid": "26023645", "content": "恶臭社团"}, {"uid": "36862707", "content": "这段好像泠鸢。。"}, {"uid": "297473407", "content": "？"}, {"uid": "1326322", "content": "？"}, {"uid": "74173597", "content": "草"}, {"uid": "74173597", "content": "？"}, {"uid": "11970914", "content": "？？？？？？？"}, {"uid": "82658096", "content": "屑"}, {"uid": "41342004", "content": "太屑了"}, {"uid": "332329265", "content": "好活"}, {"uid": "36769691", "content": "草"}, {"uid": "18208014", "content": "俩小学生呀"}, {"uid": "318450449", "content": "危"}, {"uid": "3865788", "content": "兰宝就这么把自己最讨厌的胡萝卜送了"}, {"uid": "29141466", "content": "？？？"}, {"uid": "2392243", "content": "你们俩必被杨宝杀害"}, {"uid": "4861566", "content": "草"}, {"uid": "82658096", "content": "？"}, {"uid": "351746678", "content": "？"}, {"uid": "41342004", "content": "哈哈哈哈哈哈哈哈哈哈哈哈，什么小朋友吵架"}, {"uid": "300175", "content": "散柏快，你懂我意思吗？"}, {"uid": "25401796", "content": "叛徒！"}, {"uid": "5538467", "content": "???"}, {"uid": "948952", "content": "等一下等一下等一下，哪里不对"}, {"uid": "19488015", "content": "？？？？？"}, {"uid": "95121543", "content": "只会发是吧是吧"}, {"uid": "282515064", "content": "柔宝不背锅"}, {"uid": "193865", "content": "？？？？？？？？？？？？？？？？？？？？？？？？？？？？？？？？？？？？？？？？？？？？？？？？？"}, {"uid": "67117939", "content": "就这？还333岁？3岁不能再多了好吧"}, {"uid": "80262616", "content": "虚  研  幼  儿  园"}, {"uid": "401099828", "content": "始皇帝诏书"}, {"uid": "14516207", "content": "打起来！打起来！打起来！打起来！"}]