[{"uid": "1420003", "content": "确实挺熊的233"}, {"uid": "418088", "content": "绷不住了，吃我一拳"}, {"uid": "284942234", "content": "哈哈哈哈"}, {"uid": "194528682", "content": "???骗我是吧？吃我一拳"}, {"uid": "9566398", "content": "就~我明明年纪这么小"}, {"uid": "9566398", "content": "我不知道为什么，上一辈子的人"}, {"uid": "9566398", "content": "然后有一天呢我妈就问我"}, {"uid": "9566398", "content": "小女生之间的矛盾"}, {"uid": "9566398", "content": "他们总是会翻我的日记"}, {"uid": "9566398", "content": "而是我的父母呢，他们就非常的担心我"}, {"uid": "9566398", "content": "我坚信知识可以改变命运"}, {"uid": "431094", "content": "小浣熊"}, {"uid": "9566398", "content": "也没有谈恋爱的时候呢"}, {"uid": "9566398", "content": "我是一个偶像，但是其实呢"}, {"uid": "27920049", "content": "你不会是在等我把"}, {"uid": "523018446", "content": "因为我知道偶像是不能谈恋爱的"}, {"uid": "13785250", "content": "哎！你别跑呀你"}, {"uid": "13785250", "content": "熊爸看着空无一物的日记本，陷入了沉思"}, {"uid": "3248976", "content": "所以你的命运被5分改变了"}, {"uid": "9566398", "content": "也没有见我谈恋爱"}, {"uid": "9566398", "content": "以及为什么男同桌为什么不洗澡"}, {"uid": "9566398", "content": "但是我，在让人失望这个事情上"}, {"uid": "9566398", "content": "而我的朋友和同学们"}, {"uid": "9566398", "content": "而为时过早的恋情当中"}, {"uid": "1598477", "content": "好沉重，嘶"}, {"uid": "8305261", "content": "本人男，我妈也问过我，草"}, {"uid": "11225146", "content": "为啥你十五岁上大学啊，神童小熊猫"}, {"uid": "84671972", "content": "可是你现在也很熊啊"}, {"uid": "400683934", "content": "你要跑？！"}, {"uid": "523018446", "content": "我从出生到现在没有谈过一次恋爱"}, {"uid": "167838302", "content": "hhh"}, {"uid": "40756825", "content": "请打开cc外挂字幕观看"}, {"uid": "9566398", "content": "婚姻的这种，这种特别痛苦的方式来报复我"}, {"uid": "9566398", "content": "他们挺（开放）open的"}, {"uid": "9566398", "content": "╭(╯^╰)╮ ^_^ o(╥﹏╥)o知识改变命运"}, {"uid": "9566398", "content": "他们都当了老板和人上人"}, {"uid": "9566398", "content": "我觉得我可能要火了"}, {"uid": "27920049", "content": "你不会是喜欢我吧"}, {"uid": "523018446", "content": "啊啊啊蚌不住了语速过快"}, {"uid": "3523616", "content": "绷不住了"}, {"uid": "98439551", "content": "让人失望这件事上从没让人失望过"}, {"uid": "317143781", "content": "百合起来"}, {"uid": "23999020", "content": "靠"}, {"uid": "6711229", "content": "好家伙"}, {"uid": "284942234", "content": "哈哈哈哈"}, {"uid": "9566398", "content": "长这么大，我就没有见过几个人结了婚是幸福的"}, {"uid": "7611231", "content": "所以他们open的是日记对吧"}, {"uid": "9566398", "content": "他们就想着用这种"}, {"uid": "9566398", "content": "我感觉到很恐惧"}, {"uid": "9566398", "content": "我身边的同学和朋友们"}, {"uid": "28932308", "content": "小熊猫你的动物园呢？"}, {"uid": "5676856", "content": "草"}, {"uid": "281647264", "content": "芝士改变命运ԅ(¯ㅂ¯ԅ)"}, {"uid": "510197", "content": "所以和我结婚吧"}, {"uid": "228435399", "content": "无惨"}, {"uid": "20957079", "content": "来了"}, {"uid": "124746783", "content": "草"}, {"uid": "110742027", "content": "你学到了甚么"}, {"uid": "284942234", "content": "哈哈哈哈"}, {"uid": "880744", "content": "绷不住了"}, {"uid": "470984990", "content": "這樣挺好的"}, {"uid": "9566398", "content": "就开始陷入一些不约而同"}, {"uid": "14007884", "content": "草"}, {"uid": "84671972", "content": "少壮不辛苦，老大vup"}, {"uid": "1469844", "content": "小熊猫熊那太正常了"}, {"uid": "17149397", "content": "矛盾定理"}, {"uid": "2558433", "content": "这bgm......"}, {"uid": "6711229", "content": "来了"}, {"uid": "167838302", "content": "？？？"}, {"uid": "284942234", "content": "艾lurus！"}, {"uid": "158777843", "content": "老EDG了"}, {"uid": "429885424", "content": "和我结婚！"}, {"uid": "9566398", "content": "毕竟婚姻嘛，都不是说是爱情的坟墓"}, {"uid": "9566398", "content": "为什么那么着急让我结婚"}, {"uid": "9566398", "content": "为什么要越三八线这种问题"}, {"uid": "9566398", "content": "也~从~未~让~人~失~望~过~(＾－＾)V"}, {"uid": "164559077", "content": "草"}, {"uid": "64942654", "content": "那样不好吗"}, {"uid": "6950455", "content": "怎么感觉自带rap"}, {"uid": "14516207", "content": "芝士就是力量！"}, {"uid": "455228296", "content": "草"}, {"uid": "14894175", "content": "来了"}, {"uid": "1420003", "content": "233"}, {"uid": "20557671", "content": "为什么呢？"}, {"uid": "445702", "content": "36.9"}, {"uid": "34879592", "content": "少壮不努力老大~~~"}, {"uid": "1933184", "content": "？"}, {"uid": "5197362", "content": "哈哈"}, {"uid": "14893541", "content": "skr~"}, {"uid": "9566398", "content": "严重的就是人生的坟墓对吧"}, {"uid": "7611231", "content": "草"}, {"uid": "72317145", "content": "草"}, {"uid": "868719", "content": "open"}, {"uid": "131592279", "content": "太快了"}, {"uid": "544024095", "content": "露露"}, {"uid": "523018446", "content": "到了大学的时候呢"}, {"uid": "395707", "content": "真相了"}, {"uid": "1596732", "content": "草"}, {"uid": "14173162", "content": "air"}, {"uid": "9218472", "content": "真的吗？我不信"}, {"uid": "9566398", "content": "我不会是喜欢同性吧"}, {"uid": "9566398", "content": "啧，就为什么这么久了"}, {"uid": "12305150", "content": "其实是找不到"}, {"uid": "2102772", "content": "正经人谁写日记啊"}, {"uid": "9566398", "content": "我要飞黄腾达了"}, {"uid": "46037071", "content": "wwwww"}, {"uid": "523018446", "content": "大家好！我是艾露露，我是一名偶像"}, {"uid": "472654980", "content": "草"}, {"uid": "10005302", "content": "反转了，李华耀不是朋友"}, {"uid": "20557671", "content": "搬砖的那些你是没看到啊？喂喂喂。"}, {"uid": "41905330", "content": "仌"}, {"uid": "284942234", "content": "别跑！不打不相识！吃我一拳！233"}, {"uid": "14609476", "content": "你没谈过恋爱？那昨晚上果然不算数吗渣女！"}, {"uid": "6565403", "content": "偶像不能谈恋爱，不是不谈恋爱就是偶像。"}, {"uid": "9566398", "content": "不要乱想，对吧"}, {"uid": "9566398", "content": "我的日记无非都是那些"}, {"uid": "9566398", "content": "所以我现在在这里当V U P ！！说脱口秀！！"}, {"uid": "9566398", "content": "早在我初中的时候呢"}, {"uid": "14373321", "content": "对的，露露爱小柔（"}, {"uid": "6950455", "content": "+1"}, {"uid": "1469844", "content": "我替遥遥感到不值"}, {"uid": "523018446", "content": "我想和你们说一点事情"}, {"uid": "40568829", "content": "父母呢"}, {"uid": "89607654", "content": "他们，，，和人上人，，"}, {"uid": "265579", "content": "/remake"}, {"uid": "18268759", "content": "和我结婚吧！"}, {"uid": "20581082", "content": "不也挺好的吗..jpg"}, {"uid": "523018446", "content": "就我知道很多人可能不相信"}, {"uid": "2249114", "content": "正经人谁写日记啊"}, {"uid": "40006632", "content": "正经人谁写日记啊！"}]