[{"uid": "11558795", "content": "二    二   六"}, {"uid": "242170483", "content": "哈哈哈哈哈·"}, {"uid": "12400719", "content": "日常毕业"}, {"uid": "41648681", "content": "小桃要绷不住了w"}, {"uid": "36100585", "content": "瞳孔地震"}, {"uid": "4438960", "content": "请以实物为准"}, {"uid": "10844434", "content": "希女王八之前都说对土味免疫了，这点法力又怎么会动得了她"}, {"uid": "17411651", "content": "福根老师，发生了甚么事"}, {"uid": "1405719648", "content": "其实不是2.26，是2.16…没搞清前辈生日的屑干脆面"}, {"uid": "19035948", "content": "哈哈哈哈哈哈哈哈哈哈哈哈哈"}, {"uid": "7558085", "content": "你干嘛呀"}, {"uid": "700624231", "content": "？？"}, {"uid": "39924707", "content": "桃老师已经蒙圈了哈哈"}, {"uid": "1518162", "content": "重要的事说三遍"}, {"uid": "1402141", "content": "桃桃痛苦面具"}, {"uid": "2154", "content": "其实不是2.26啊，只是为了一起过十五"}, {"uid": "16559456", "content": "啊！小桃！"}, {"uid": "393180828", "content": "露露太秀了"}, {"uid": "302642882", "content": "哈哈哈哈哈哈哈哈哈哈哈"}, {"uid": "38120827", "content": "哈哈哈哈哈哈哈"}, {"uid": "10967597", "content": "你干嘛呀"}, {"uid": "6677", "content": "桃宝难顶了"}, {"uid": "14458191", "content": "屑露露"}, {"uid": "12400719", "content": "彩虹屁"}, {"uid": "17345706", "content": "小希怎么这么淡定"}, {"uid": "35602554", "content": "迅速"}, {"uid": "2106045858", "content": "噗哈哈哈"}, {"uid": "6012420", "content": "小学作文"}, {"uid": "393180828", "content": "哈哈哈哈"}, {"uid": "5676856", "content": "五光十色草"}, {"uid": "34534149", "content": "2333333"}, {"uid": "38120827", "content": "你干嘛啊"}, {"uid": "43795", "content": "草"}, {"uid": "524428254", "content": "hhh]"}, {"uid": "7749450", "content": "啊啊啊啊啊"}, {"uid": "200473283", "content": "266np"}, {"uid": "21673488", "content": "蚌埠住了"}, {"uid": "34791954", "content": "你干嘛呀"}, {"uid": "374838695", "content": "哈哈哈"}, {"uid": "36769691", "content": "草"}, {"uid": "14458191", "content": "啊!海燕!"}, {"uid": "242170483", "content": "啊、"}, {"uid": "108706735", "content": "啊！"}, {"uid": "503744385", "content": "干嘛呀这是"}, {"uid": "6012420", "content": "笑死"}, {"uid": "35602554", "content": "笑死"}, {"uid": "28045355", "content": "草"}, {"uid": "524428254", "content": "草"}, {"uid": "15468526", "content": "wwwww"}, {"uid": "393180828", "content": "草"}, {"uid": "108706735", "content": "啊！"}, {"uid": "200473283", "content": "我叫266"}, {"uid": "19195611", "content": "草"}, {"uid": "1132062", "content": "干嘛呀你"}, {"uid": "269979816", "content": "草"}, {"uid": "12348", "content": "草"}, {"uid": "1420003", "content": "草"}, {"uid": "35602554", "content": "草"}, {"uid": "28289790", "content": "草"}]