[{"uid": "679193111", "content": "救命，听了四遍了"}, {"uid": "679193111", "content": "卧槽我怎么退不出去"}, {"uid": "8125233", "content": "原声大碟"}, {"uid": "14373321", "content": "这一段是原声吗，怎么这么像"}, {"uid": "194528682", "content": "不会我只会心疼giegie"}, {"uid": "4861566", "content": "不至于不至于，害怕"}, {"uid": "8601168", "content": "绝了"}, {"uid": "4476251", "content": "隔着套娃呢"}, {"uid": "2558433", "content": "yue了"}, {"uid": "2106045858", "content": "不听声音看字幕一样感觉大草"}, {"uid": "94233026", "content": "福根过来让我给你一拳好不好"}, {"uid": "23226610", "content": "你搁这儿叠罗汉呢"}, {"uid": "40175156", "content": "吃我一拳"}, {"uid": "108706735", "content": "YE~S~"}, {"uid": "544024095", "content": "？？？？？？？？"}, {"uid": "8517978", "content": "再来一遍"}, {"uid": "8776187", "content": "什么阿三绝技"}, {"uid": "108706735", "content": "印度摩托车？"}, {"uid": "79646219", "content": "当我？"}, {"uid": "4861566", "content": "草"}, {"uid": "15354798", "content": "？？？？？？"}, {"uid": "11041571", "content": "很难不揍"}, {"uid": "22903579", "content": "开火车"}, {"uid": "401958469", "content": "？？？？？？？？？？"}, {"uid": "36769691", "content": "草"}, {"uid": "73674638", "content": "草"}, {"uid": "22748505", "content": "草生出来了"}, {"uid": "239067993", "content": "双厨狂喜"}, {"uid": "19073771", "content": "草"}, {"uid": "30254330", "content": "草"}, {"uid": "14122823", "content": "？？？？？？，"}, {"uid": "5835978", "content": "神似"}, {"uid": "14516207", "content": "草"}, {"uid": "7749450", "content": "？？？"}, {"uid": "14122823", "content": "？？？？"}, {"uid": "2392243", "content": "？"}, {"uid": "251978319", "content": "？？？？"}, {"uid": "431590946", "content": "？？？？？"}, {"uid": "20957079", "content": "可怕"}, {"uid": "51155099", "content": "吃我一拳"}, {"uid": "164559077", "content": "草"}, {"uid": "164559077", "content": "？？？？？？？"}, {"uid": "32423963", "content": "草"}, {"uid": "182522461", "content": "草"}, {"uid": "22903579", "content": "草"}, {"uid": "262167062", "content": "？？"}, {"uid": "2426314", "content": "？？？"}, {"uid": "23874332", "content": "？？？"}, {"uid": "152023523", "content": "草"}, {"uid": "15354798", "content": "¿"}, {"uid": "679193111", "content": "你币有了"}, {"uid": "300175", "content": "????"}, {"uid": "22903579", "content": "草"}, {"uid": "164559077", "content": "草"}, {"uid": "7783083", "content": "？"}, {"uid": "83790237", "content": "？？？"}, {"uid": "84671972", "content": "？叠罗汉呢"}, {"uid": "108706735", "content": "？？？"}, {"uid": "108706735", "content": "00糖"}, {"uid": "2487511", "content": "???"}, {"uid": "31452053", "content": "害怕"}, {"uid": "13421411", "content": "？？？印度来的？？"}, {"uid": "550971326", "content": "我要杀了你"}, {"uid": "75418408", "content": "印度人"}, {"uid": "410261473", "content": "？？？？？？？？？？？？？？？"}, {"uid": "122720235", "content": "哈哈哈哈哈哈哈哈哈哈哈哈哈哈哈哈哈哈"}, {"uid": "242170483", "content": "？？？？？？？？能不能来点阳间点的"}]