[{"uid": "10453390", "content": "艾露露继续唱，不要让福老师出来"}, {"uid": "62680406", "content": "出口成脏，我爱了"}, {"uid": "74816748", "content": "孩子都疯了关注一下"}, {"uid": "6706731", "content": "未曾设想的声音～"}, {"uid": "110742027", "content": "看明白了"}, {"uid": "807708", "content": "哈哈哈"}, {"uid": "14000388", "content": "不愧是你"}, {"uid": "35739242", "content": "《蹭》"}, {"uid": "6343709", "content": "原 形 毕 露"}, {"uid": "15468526", "content": "哈哈哈哈哈哈"}, {"uid": "10668158", "content": "哈哈哈哈哈哈"}, {"uid": "24739403", "content": "草"}, {"uid": "302642882", "content": "哈哈哈哈哈哈哈哈哈哈哈"}, {"uid": "449672897", "content": "一定哈哈哈"}, {"uid": "26473917", "content": "破防啦哈哈哈哈"}, {"uid": "23160734", "content": "继承了前辈的开团技巧"}, {"uid": "25241454", "content": "热知识，露露天天破防"}, {"uid": "46050806", "content": "欸！你他娘还真是个人才"}, {"uid": "473377515", "content": "好开"}, {"uid": "267710801", "content": "草好听"}, {"uid": "27647977", "content": "好活当赏"}, {"uid": "320043984", "content": "唱的不错，爱了"}, {"uid": "23384766", "content": "哈哈哈哈哈哈哈"}, {"uid": "19332", "content": "恭喜上首页了"}, {"uid": "7527066", "content": "垮起个小熊批脸"}, {"uid": "400683934", "content": "这小表情好可爱"}, {"uid": "429885424", "content": "今天一定！"}, {"uid": "35246614", "content": "好家伙"}, {"uid": "37880815", "content": "可以的可以的"}, {"uid": "12214092", "content": "下次一定"}, {"uid": "12698794", "content": "有点东西"}, {"uid": "108868170", "content": "哈哈哈哈哈"}, {"uid": "15468526", "content": "好开"}, {"uid": "7527066", "content": "绷不住了"}, {"uid": "53068123", "content": "2333"}, {"uid": "41342004", "content": "哈哈哈哈哈哈"}, {"uid": "292547", "content": "对劲了"}, {"uid": "5197362", "content": "2333"}, {"uid": "512774", "content": "好活"}, {"uid": "4136732", "content": "大草原"}, {"uid": "108868170", "content": "爱了"}, {"uid": "23384766", "content": "好嘛,关注了~"}, {"uid": "8162087", "content": "哈哈哈"}, {"uid": "15468526", "content": "泪目"}, {"uid": "2651859", "content": "草"}, {"uid": "2651859", "content": "破防了"}, {"uid": "127460804", "content": "真实"}, {"uid": "41905330", "content": "好开"}, {"uid": "455228296", "content": "破防了"}, {"uid": "71114815", "content": "破防了"}, {"uid": "85332492", "content": "好开"}, {"uid": "8555916", "content": "草"}, {"uid": "6265364", "content": "好开！"}, {"uid": "507099395", "content": "好活"}, {"uid": "24739403", "content": "草"}, {"uid": "303529", "content": "哈哈哈哈"}, {"uid": "41905330", "content": "惨"}, {"uid": "7611231", "content": "草"}, {"uid": "8645666", "content": "草"}, {"uid": "6898", "content": "233333"}, {"uid": "473377515", "content": "好开"}, {"uid": "388003", "content": "多多唱歌吧 感觉声音听起来不错 多出翻唱 会好的"}, {"uid": "386432", "content": "惨"}, {"uid": "32191148", "content": "草"}, {"uid": "366034110", "content": "惨"}, {"uid": "366130114", "content": "狗子的眉毛？"}, {"uid": "16724726", "content": "haokai"}, {"uid": "19073771", "content": "草"}, {"uid": "22903579", "content": "前辈的开团技巧"}, {"uid": "3523616", "content": "垮起个熊脸"}, {"uid": "2558433", "content": "好听"}, {"uid": "429885424", "content": "？？？？"}, {"uid": "416418834", "content": "草"}, {"uid": "236973", "content": "草"}, {"uid": "4494836", "content": "草"}, {"uid": "1498243", "content": "想想50w粉的希爹和小桃，才多少舰长"}, {"uid": "2296818", "content": "您就是AI界的汪峰吗？"}, {"uid": "3997600", "content": "草"}, {"uid": "8761243", "content": "yyut"}, {"uid": "1850145", "content": "草"}, {"uid": "2892952", "content": "露露最近太丧了 要稳住啊 不要让自己消磨殆尽"}, {"uid": "255269139", "content": "蚌埠住了"}, {"uid": "39218955", "content": "草"}, {"uid": "10005302", "content": "草"}, {"uid": "3057859", "content": "你就知足吧 2w粉就破百舰了"}, {"uid": "128648633", "content": "草"}, {"uid": "15783413", "content": "草"}, {"uid": "11778532", "content": "突发恶疾"}, {"uid": "3914693", "content": "草"}, {"uid": "416376757", "content": "草"}, {"uid": "1762193", "content": "蚌"}, {"uid": "21916203", "content": "草"}, {"uid": "510197", "content": "淦"}, {"uid": "9739870", "content": "不一定"}, {"uid": "429885424", "content": "草"}, {"uid": "35246614", "content": "热知识福根1.5w粉的时候就破二百舰长了"}, {"uid": "607680216", "content": "让我蹭蹭"}, {"uid": "124937751", "content": "蹭蹭不能进"}, {"uid": "31670874", "content": "草"}, {"uid": "1756767342", "content": "草"}, {"uid": "263058175", "content": "噗哈哈哈"}, {"uid": "294884618", "content": "没完了…"}, {"uid": "312658876", "content": "下次也丕定"}, {"uid": "1292223", "content": "草"}, {"uid": "9739870", "content": "p话熊"}, {"uid": "2558433", "content": "？？？"}, {"uid": "39218955", "content": "谁？"}, {"uid": "629910", "content": "有艾味了"}, {"uid": "11406396", "content": "下次也不一定"}, {"uid": "350664428", "content": "？？？？？？？"}, {"uid": "1467831", "content": "好可怜一up主"}, {"uid": "30465071", "content": "垮个小猫批脸"}, {"uid": "36140651", "content": "跨起个熊脸"}, {"uid": "8661581", "content": "好惨"}, {"uid": "354146157", "content": "？"}, {"uid": "102036135", "content": "蹭不上热度不是祖传的么"}, {"uid": "40756825", "content": "确实没热度了"}]