[{"uid": "433316299", "content": "那个……"}, {"uid": "544024095", "content": "哈哈哈哈哈哈哈"}, {"uid": "41342004", "content": "哈哈哈哈哈哈哈"}, {"uid": "1405719648", "content": "艾霸霸之后的御姐音爱了爱了"}, {"uid": "32890227", "content": "啊这"}, {"uid": "14122823", "content": "红红火火恍恍惚惚"}, {"uid": "84671972", "content": "秒怂"}, {"uid": "84671972", "content": "《也不重要》"}, {"uid": "182522461", "content": "哈哈哈"}, {"uid": "105091348", "content": "《感人》"}, {"uid": "2705066", "content": "秒怂草"}, {"uid": "10227156", "content": "还是有想法的"}, {"uid": "302642882", "content": "哈哈哈哈哈哈哈哈哈哈哈"}, {"uid": "38120827", "content": "好兄弟们，露露转生了踢踢我"}, {"uid": "53155179", "content": "小心肝？喊狗宝小心肝"}, {"uid": "343033363", "content": "小心肝？我还小宝贝呢！"}, {"uid": "343033363", "content": "十几万粉丝的高仿"}, {"uid": "43756396", "content": "《时光时光慢些吧》"}, {"uid": "300175", "content": "笑死我了"}, {"uid": "20957079", "content": "哈哈哈哈哈哈哈"}, {"uid": "4738537", "content": "《以前》《也》"}, {"uid": "11225146", "content": "艾霸霸"}, {"uid": "4738537", "content": "危"}]