[{"uid": "302642882", "content": "程序员小哥哥提上40米大砍刀赶来"}, {"uid": "232753940", "content": "太 恐 怖 了"}, {"uid": "232753940", "content": "精通人性，指一句话让人无所适从 ( •ิ_• ิ)"}, {"uid": "232753940", "content": "嘲讽和尚院？！"}, {"uid": "232753940", "content": "六道口：顾名思义，六道里面选一个洞口给你扔进去转世投胎( ˙-˙ )"}, {"uid": "64942654", "content": "谐音梗，扣钱"}, {"uid": "352574", "content": "游泳健身了解一下"}, {"uid": "1326324", "content": "另一个说：我是布洛特亨格尔 你也可以叫我重伤倒地"}, {"uid": "2912902", "content": "扣钱！！"}, {"uid": "6984821", "content": "草，这BGM"}, {"uid": "22470746", "content": "还有一个妹子出来说，你看我没有胸"}, {"uid": "46050806", "content": "然后你吃一人一拳"}, {"uid": "277330500", "content": "这配乐就很走近科学"}, {"uid": "4919126", "content": "先輩、好きッス"}, {"uid": "4919126", "content": "太恐怖了"}, {"uid": "5791350", "content": "草，生物人怒了"}, {"uid": "4170536", "content": "脸红啦"}, {"uid": "47640911", "content": "进步很大了耶"}, {"uid": "104537542", "content": "好甜的小嘴儿"}, {"uid": "22941123", "content": "露露节奏越来越好了"}, {"uid": "2165384", "content": "社恐竟然会出门拼桌"}, {"uid": "2165384", "content": "我是你的粉丝呀"}, {"uid": "14373321", "content": "杰哥不要啊"}, {"uid": "14373321", "content": "你也悟了？"}, {"uid": "25804996", "content": "六道口女子学院"}, {"uid": "34455909", "content": "这学长还是个烧0"}, {"uid": "18268759", "content": "白耳朵的露露，好可爱"}, {"uid": "98439551", "content": "闹gay笑死"}, {"uid": "281647264", "content": "恐怖，只能恐怖一点点"}, {"uid": "281647264", "content": "程序员小哥哥：露露你礼貌吗？！"}, {"uid": "6693646", "content": "犹记得那位挖穿轮回的大人"}, {"uid": "2383138", "content": "灵异事件：狗宝给子辰说形象开发进度"}, {"uid": "178142367", "content": "《情商高》"}, {"uid": "40756825", "content": "不可能，社恐不会搭讪的"}, {"uid": "26156366", "content": "跟了"}, {"uid": "438760664", "content": "程序员小哥哥———"}, {"uid": "232753940", "content": "“你知道吧”"}, {"uid": "250068834", "content": "恐怖，但没完全恐怖"}, {"uid": "15468526", "content": "？？？？"}, {"uid": "5915411", "content": "？？？？？？？？？？？？？"}, {"uid": "264522558", "content": "这说的以后谁还敢上班去啊"}, {"uid": "78829786", "content": "哈哈哈哈哈"}, {"uid": "40429547", "content": "好家伙"}, {"uid": "1598477", "content": "扎心了"}, {"uid": "1598477", "content": "哈哈哈哈哈哈"}, {"uid": "1598477", "content": "这个真实"}, {"uid": "17149397", "content": "没头发过分了"}, {"uid": "33875370", "content": "嗯♂？"}, {"uid": "24727251", "content": "草草草"}, {"uid": "2383138", "content": "然后你就直接举爪认投了"}, {"uid": "301836972", "content": "杰哥不要啊"}, {"uid": "302642882", "content": "？？？？？？？"}, {"uid": "100775045", "content": "？？？？？"}, {"uid": "37080177", "content": "有女鬼来上身吗？我准备好了"}, {"uid": "194528682", "content": "？？？"}, {"uid": "15468526", "content": "哈哈哈哈"}, {"uid": "35960805", "content": "草了"}, {"uid": "2409157", "content": "这就是你不上班的理由？"}, {"uid": "873450", "content": "看到了露露的进步，三连以示鼓励"}, {"uid": "21728239", "content": "？？？？？？？？"}, {"uid": "7783083", "content": "哈哈哈哈哈哈"}, {"uid": "13705461", "content": "另一个说：这条街我说了算"}, {"uid": "72317145", "content": "哈哈哈哈哈"}, {"uid": "14373321", "content": "真实伤害了"}, {"uid": "14373321", "content": "那确实"}, {"uid": "84671972", "content": "矛盾文学奖是吧"}, {"uid": "1598477", "content": "开场谐音梗www"}, {"uid": "17149397", "content": "俺也一样"}, {"uid": "281647264", "content": "我不信╮(￣▽￣)╭"}, {"uid": "924147", "content": "哈哈哈哈哈哈哈靠！"}, {"uid": "178142367", "content": "都被你吓跑啦"}, {"uid": "40756825", "content": "哈哈哈"}, {"uid": "26156366", "content": "好冷"}, {"uid": "11338074", "content": "爆地址不合适吧兄弟"}, {"uid": "352574", "content": "哈哈哈哈"}, {"uid": "352574", "content": "哈哈哈，说得好"}, {"uid": "401099828", "content": "草"}, {"uid": "2078907891", "content": "懂了"}, {"uid": "7558085", "content": "围起来一人一拳"}, {"uid": "3224676", "content": "？？？"}, {"uid": "14000388", "content": "？？？"}, {"uid": "6898", "content": "六道口原来是这个解释"}, {"uid": "44076601", "content": "？？？？"}, {"uid": "14373321", "content": "那确实"}, {"uid": "1420003", "content": "真实233"}, {"uid": "1420003", "content": "233333"}, {"uid": "227673317", "content": "？？？？？？"}, {"uid": "281647264", "content": "？？？？？？？"}, {"uid": "284942234", "content": "哈哈哈哈哈哈哈哈"}, {"uid": "344997589", "content": "没头怎么说的话？"}, {"uid": "232753940", "content": "欠打了这是"}, {"uid": "37080177", "content": "草"}, {"uid": "39950059", "content": "？？？"}, {"uid": "6054194", "content": "？？"}, {"uid": "507259273", "content": "一眼看穿"}, {"uid": "879301", "content": "是vup脱口秀"}, {"uid": "2558433", "content": "？？？"}, {"uid": "2106045858", "content": "这性质不一样好吗www"}, {"uid": "306412834", "content": "草"}, {"uid": "43315261", "content": "草"}, {"uid": "156950764", "content": "这个配乐不错"}, {"uid": "3320529", "content": "草"}, {"uid": "4861566", "content": "？？？"}, {"uid": "48117748", "content": "彳亍"}, {"uid": "110742027", "content": "这是否"}, {"uid": "1463090", "content": "草"}, {"uid": "284942234", "content": "你吓我！"}, {"uid": "284942234", "content": "哈哈哈哈哈哈哈哈"}, {"uid": "3629189", "content": "哈哈哈哈哈哈哈"}, {"uid": "302642882", "content": "？？？？？？？、"}, {"uid": "250068834", "content": "草，合着全是男的是吧"}, {"uid": "8123188", "content": "别骂了别骂了"}, {"uid": "23363362", "content": "？？？？？？"}, {"uid": "352574", "content": "节奏的确好多了"}, {"uid": "35143542", "content": "兰兰出现:你看，我没有胸...."}, {"uid": "6984821", "content": "哈哈哈哈哈，笑死。"}, {"uid": "4919126", "content": "哈哈哈哈哈"}, {"uid": "4919126", "content": "草"}, {"uid": "2558433", "content": "？？？？？？？？？？？"}, {"uid": "5676856", "content": "？？"}, {"uid": "22748505", "content": "哈哈哈哈哈哈哈哈哈哈哈哈"}, {"uid": "473377515", "content": "草"}, {"uid": "306412834", "content": "？？？？？"}, {"uid": "18268759", "content": "红红火火恍恍惚惚"}, {"uid": "1420003", "content": "草"}, {"uid": "524708", "content": "所以你？"}, {"uid": "4472088", "content": "？？"}, {"uid": "84671972", "content": "？？？"}, {"uid": "90156063", "content": "草"}, {"uid": "2526220", "content": "【幽灵】子辰"}, {"uid": "8131449", "content": "？？？"}, {"uid": "178142367", "content": "????"}, {"uid": "284942234", "content": "确定是人？"}, {"uid": "284942234", "content": "哈哈哈"}, {"uid": "39388923", "content": "吃我一拳"}, {"uid": "250068834", "content": "？？？？？？"}, {"uid": "2651859", "content": "？？？"}, {"uid": "2078907891", "content": "哈人"}, {"uid": "6898", "content": "草"}, {"uid": "44076601", "content": "草"}, {"uid": "18011345", "content": "另一个说 要盘嘛"}, {"uid": "1420003", "content": "hhhhhhhh"}, {"uid": "7611231", "content": "？？？？"}, {"uid": "17149397", "content": "hhhhhhhhhhhhhhhhhhhhhhhhhhhh"}, {"uid": "4861566", "content": "草"}, {"uid": "13489593", "content": "哟，你脸红啦？来，让我康康"}, {"uid": "24727251", "content": "草"}, {"uid": "341480124", "content": "围住给你一拳是吧"}, {"uid": "3248344", "content": "农大林大女生不少吧"}, {"uid": "40756825", "content": "？？？"}, {"uid": "26156366", "content": "草"}, {"uid": "1473755178", "content": "？"}, {"uid": "37080177", "content": "？？？？？？？"}, {"uid": "23363362", "content": "草"}, {"uid": "352574", "content": "经典"}, {"uid": "32890227", "content": "少壮不努力。老大vup"}, {"uid": "2041738", "content": "草"}, {"uid": "21728239", "content": "草"}, {"uid": "879301", "content": "?"}, {"uid": "5676856", "content": "草"}, {"uid": "32423963", "content": "？？？"}, {"uid": "32423963", "content": "草"}, {"uid": "1727013115", "content": "淦"}, {"uid": "6898", "content": "2333"}, {"uid": "84671972", "content": "看不起理科是吧"}, {"uid": "385210398", "content": "草"}, {"uid": "13489593", "content": "啊这啊这！"}, {"uid": "37100580", "content": "？？？？？"}, {"uid": "178142367", "content": "?"}, {"uid": "164559077", "content": "草"}, {"uid": "15468526", "content": "没有你的bgm阴间"}, {"uid": "1720633", "content": "cao"}, {"uid": "69144", "content": "不是怕被狗宝骂？"}, {"uid": "27955298", "content": "草"}, {"uid": "1727013115", "content": "咖喱给给"}, {"uid": "6898", "content": "？？？？？？"}, {"uid": "14373321", "content": "@六道轮回"}, {"uid": "6950455", "content": "噗"}, {"uid": "1420003", "content": "啊这"}, {"uid": "34455909", "content": "巴麻美学姐是吧"}, {"uid": "1598477", "content": "……"}, {"uid": "7012056", "content": "草，小心狗宝灭了你"}, {"uid": "90156063", "content": "啊这"}, {"uid": "4861566", "content": "？？"}, {"uid": "13489593", "content": "哈哈哈哈哈哈哈哈哈哈"}, {"uid": "171774", "content": "笑了"}, {"uid": "43476000", "content": "?????????????"}, {"uid": "110742027", "content": "被你上身是吧"}, {"uid": "890271", "content": "@长门"}, {"uid": "15468526", "content": "确实"}, {"uid": "19073771", "content": "？"}, {"uid": "879301", "content": "6"}, {"uid": "27955298", "content": "？"}, {"uid": "1464090", "content": "她？"}, {"uid": "131592279", "content": "好"}, {"uid": "13489593", "content": "啊这啊这"}, {"uid": "924147", "content": "¿"}, {"uid": "5915411", "content": "太可怕了！！！！！！！！！！！！"}, {"uid": "98439551", "content": "哈哈哈哈哈哈哈哈哈哈哈哈哈秃瓢"}, {"uid": "26156366", "content": "程——序——员——小——哥——哥——"}]