[{"uid": "5922085", "content": "我一两亿就行"}, {"uid": "83344983", "content": "兰兰的胸毛"}, {"uid": "345681448", "content": "我康康"}, {"uid": "456860613", "content": "这耳朵针不戳"}, {"uid": "1868593566", "content": "社长：请打开麦克风交流"}, {"uid": "630480112", "content": "爱略～嘶"}, {"uid": "8844733", "content": "居然跟我同一天生日，我不能接受"}, {"uid": "11165870", "content": "头臭的原因找到了"}, {"uid": "11165870", "content": "一身半永久套装"}, {"uid": "11165870", "content": "这也有半永久的"}, {"uid": "385193300", "content": "法国浣熊"}, {"uid": "28830603", "content": "懂了，这就取关"}, {"uid": "8003326", "content": "这是什么逻辑"}, {"uid": "14122823", "content": "？？？？"}, {"uid": "250068834", "content": "真·眼前"}, {"uid": "6950455", "content": "经典贯口来了"}, {"uid": "51925", "content": "都给你懂完了嗷"}, {"uid": "284942234", "content": "仪式感"}, {"uid": "284942234", "content": "哈哈哈哈哈哈哈哈"}, {"uid": "284942234", "content": "厨房用具才不怕"}, {"uid": "284942234", "content": "好家伙"}, {"uid": "100002175", "content": "末日铁拳是吧？"}, {"uid": "523018446", "content": "赶紧取关"}, {"uid": "104655981", "content": "挂社长电话的屑"}, {"uid": "2383138", "content": "虚研社小姨子——冰糖（大姨子纯姐）"}, {"uid": "1053779219", "content": "法国人是吧"}, {"uid": "441353269", "content": "重新定义小清新"}, {"uid": "1854175", "content": "多读几下就yue出来了"}, {"uid": "298525976", "content": "害怕"}, {"uid": "23363362", "content": "哈哈哈哈哈哈哈"}, {"uid": "347418456", "content": "懂了，这就取关等艾露露来关注我。"}, {"uid": "23363362", "content": "？？？？"}, {"uid": "298525976", "content": "给自己打电话23333333"}, {"uid": "214685299", "content": "可惜社里根本没人"}, {"uid": "170022294", "content": "离谱"}, {"uid": "544024095", "content": "小矮子露露"}, {"uid": "544024095", "content": "32E？？？？不太相信哎！"}, {"uid": "400683934", "content": "回顾到这，突然害怕“给你一拳”"}, {"uid": "2651859", "content": "吃shi是吧"}, {"uid": "351179596", "content": "？？？"}, {"uid": "228435399", "content": "干脆面"}, {"uid": "4472088", "content": "？？？？？你谁"}, {"uid": "651088667", "content": "好的干脆面"}, {"uid": "7611231", "content": "吃了吗 吃我一拳"}, {"uid": "32423963", "content": "法国"}, {"uid": "11225146", "content": "那不是拉丁语吗"}, {"uid": "122627996", "content": "是兰兰的尾巴"}, {"uid": "298525976", "content": "法国军礼"}, {"uid": "214685299", "content": "你就是在水视频"}, {"uid": "544024095", "content": "好的浣熊，没问题浣熊！"}, {"uid": "12158364", "content": "。。。。"}, {"uid": "11179887", "content": "法国军礼"}]