[{"uid": "32965649", "content": "拿不拿永远滴神"}, {"uid": "21921959", "content": "什么叫歌声掩盖一切缺点啊。"}, {"uid": "12422794", "content": "福根抱抱"}, {"uid": "470984990", "content": "多动人的歌声"}, {"uid": "11093468", "content": "谁？"}, {"uid": "15302272", "content": "福根 福根"}, {"uid": "544024095", "content": "露露"}, {"uid": "544024095", "content": "好耶"}, {"uid": "544024095", "content": "爱露露爱露露"}, {"uid": "544024095", "content": "爱露露"}, {"uid": "544024095", "content": "好耶！露露"}, {"uid": "228435399", "content": "混沌"}, {"uid": "14458191", "content": "屑露露"}]