[{"uid": "5769582", "content": "《15岁大学毕业的天才》"}, {"uid": "51169208", "content": "暗示（给一拳）"}, {"uid": "510197", "content": "我的爱好是看艾露露"}, {"uid": "833836", "content": "中枪"}, {"uid": "232753940", "content": "我还以为是弹遍大江南北的蟑螂哈哈哈"}, {"uid": "14000388", "content": "狗宝雇佣童工实锤"}, {"uid": "3324370", "content": "绷不住了"}, {"uid": "284942234", "content": "哪来衣服？！"}, {"uid": "3997600", "content": "哈哈哈哈哈哈"}, {"uid": "400683934", "content": "小熊猫，少一个字体重可差不少呢"}, {"uid": "10246005", "content": "福根你穿模了"}, {"uid": "281647264", "content": "露露的语文口语水平并不理想๑乛v乛๑嘿嘿"}, {"uid": "544024095", "content": "非洲酋长？"}, {"uid": "38145917", "content": "痛失头顶的艾露露"}, {"uid": "242170483", "content": "很有自知自明"}, {"uid": "82134075", "content": "给你一拳，这个暗示够明显了吗？"}, {"uid": "38832225", "content": "说吧，你小子混哪个桥洞的O_o"}, {"uid": "5054109", "content": "你脸红个泡泡茶壶"}, {"uid": "21916203", "content": "？"}, {"uid": "9119751", "content": "学的太精髓了"}, {"uid": "26156366", "content": "禁止套娃禁止套娃"}, {"uid": "21916203", "content": "什么吸尘器？"}, {"uid": "14516207", "content": "没关系，抗揍就行"}, {"uid": "2104462", "content": "《优 势》"}, {"uid": "2104462", "content": "擅长挨拳"}, {"uid": "14516207", "content": "禁止禁止套娃"}, {"uid": "34455909", "content": "改变老板工资是吧"}, {"uid": "2104462", "content": "《十五岁》"}, {"uid": "13785250", "content": "很能吃是吧，来人，上必剩客！"}, {"uid": "5791350", "content": "确实"}, {"uid": "40867918", "content": "刚刚的还不是劣势？"}, {"uid": "15783413", "content": "语无伦次有内味了"}, {"uid": "122078", "content": "看出来了"}, {"uid": "5197362", "content": "哪能问下另外几个低质量的小熊猫是谁吗（带节奏）"}, {"uid": "33520823", "content": "语无伦次开始了"}, {"uid": "281647264", "content": "体重139公斤，是个debu"}, {"uid": "281647264", "content": "好耶！是最最可艾的露露(灬ꈍ ꈍ灬)啵"}, {"uid": "279229672", "content": "这个重4有内味了"}, {"uid": "316751413", "content": "吃我一拳"}, {"uid": "10005302", "content": "咬牙切齿了属于"}, {"uid": "6711229", "content": "是新衣服，好唉！"}, {"uid": "11375123", "content": "哈哈哈哈哈"}, {"uid": "44076601", "content": "吃我一拳"}, {"uid": "700723", "content": "太有利益了"}, {"uid": "1053779219", "content": "I要大写捏"}, {"uid": "14000388", "content": "确实"}, {"uid": "3997600", "content": "身体素质好，适合当沙袋是吧"}, {"uid": "90131877", "content": "支持正义诉讼！"}, {"uid": "307992580", "content": "好家伙"}, {"uid": "21728239", "content": "不走路不呼吸是吧"}, {"uid": "10227156", "content": "好优势"}, {"uid": "8844733", "content": "刚刚的还不够劣势啊"}, {"uid": "736281", "content": "广西人震怒"}, {"uid": "22748505", "content": "啥东西？"}, {"uid": "171774", "content": "好家伙"}, {"uid": "2104462", "content": "我我我，我就是"}, {"uid": "14458191", "content": "给你一拳"}, {"uid": "1053779219", "content": "你搁这儿搁那儿呢"}, {"uid": "7535012", "content": "艾福根1"}, {"uid": "149294", "content": "残饭骑士长"}, {"uid": "18011345", "content": "计算机计算计算机行业吗？"}, {"uid": "13809", "content": "楞何"}, {"uid": "1570297", "content": "草"}, {"uid": "281647264", "content": "狗宝罪大恶极（doge）"}, {"uid": "544024095", "content": "草"}, {"uid": "242170483", "content": "？？？"}, {"uid": "3102373", "content": "确实"}, {"uid": "21916203", "content": "蚌埠住了"}, {"uid": "2104462", "content": "我要了"}, {"uid": "214685299", "content": "你没吃饭吗这么小声"}, {"uid": "31670874", "content": "草"}, {"uid": "637144582", "content": "哈哈哈"}, {"uid": "130925648", "content": "法国震怒"}, {"uid": "194528682", "content": "好耶！"}, {"uid": "73674638", "content": "草"}, {"uid": "11076934", "content": "草"}, {"uid": "234280149", "content": "不是室女座吗"}, {"uid": "364101754", "content": "草"}, {"uid": "32890227", "content": "北京桥洞是吧"}, {"uid": "32890227", "content": "？？？"}, {"uid": "380437", "content": "15歲？ 走了 我怕被查水表"}, {"uid": "1658219", "content": "太屑了"}, {"uid": "375156846", "content": "确实"}, {"uid": "2535375", "content": "23333"}, {"uid": "47716873", "content": "草"}, {"uid": "23442119", "content": "好"}, {"uid": "2945897", "content": "还带点菜的是吧"}, {"uid": "7611231", "content": "广西和贵州相比"}, {"uid": "2651859", "content": "好啊，吃我一拳"}, {"uid": "23171898", "content": "可爱呢"}, {"uid": "364101754", "content": "哈哈哈哈哈哈哈"}, {"uid": "164559077", "content": "草"}, {"uid": "43315261", "content": "很能吃是吧"}, {"uid": "98439551", "content": "最喜欢的是不喜欢"}, {"uid": "14516207", "content": "暗示"}, {"uid": "124653130", "content": "食力"}, {"uid": "22275828", "content": "你搁这搁那呢？"}, {"uid": "11075626", "content": "屑"}, {"uid": "12158364", "content": "好耶"}, {"uid": "329359452", "content": "老巴黎正白旗"}, {"uid": "32905288", "content": "这是模仿下面那个视频"}, {"uid": "284942234", "content": "哈哈哈"}, {"uid": "110742027", "content": "什么b腮红啊"}, {"uid": "3997600", "content": "草"}, {"uid": "15783413", "content": "吃我一拳！"}, {"uid": "22903579", "content": "经典胡说八道"}, {"uid": "52234", "content": "赶紧run"}, {"uid": "209730937", "content": "草"}, {"uid": "10246005", "content": "我要了"}, {"uid": "32423963", "content": "草"}, {"uid": "13189975", "content": "吃我一拳"}, {"uid": "165286", "content": "曹县？？"}, {"uid": "43315261", "content": "捡垃圾是吧"}, {"uid": "107280372", "content": "？？？。"}, {"uid": "171774", "content": "蚌埠住了"}, {"uid": "35735428", "content": "？？？"}, {"uid": "6693646", "content": "你还搁这搁哪了"}, {"uid": "4719846", "content": "？"}, {"uid": "51169208", "content": "真够屑的"}, {"uid": "82658096", "content": "吃我一拳"}, {"uid": "284942234", "content": "？？？"}, {"uid": "149294", "content": "有弹过的蟑螂的尸体是吧"}, {"uid": "5242031", "content": "我对艾露露感兴趣也不接受是吧？"}, {"uid": "90131877", "content": "好吃懒做是吧"}, {"uid": "21728239", "content": "这个确实，吃我一拳！！"}, {"uid": "8844733", "content": "什么犀利哥"}, {"uid": "423569446", "content": "LUUUL"}, {"uid": "23798165", "content": "你搁这没搁这呢"}, {"uid": "3997600", "content": "什么垃圾桶草"}, {"uid": "7535012", "content": "低质量求养是吧？"}, {"uid": "2078907891", "content": "好好好"}, {"uid": "2078907891", "content": "？？？"}, {"uid": "8563010", "content": "贵州和广西相比～"}, {"uid": "11076934", "content": "帮助您帮助到我 hhhhhhhh"}, {"uid": "11076934", "content": "BMI 22，是debu但不完全是"}, {"uid": "22460464", "content": "吃我一拳吧还是"}, {"uid": "307992580", "content": "啊这"}, {"uid": "287156292", "content": "能吃？那吃我一拳"}, {"uid": "242170483", "content": "啥东西"}, {"uid": "27647977", "content": "狗宝不涨工资是吧"}, {"uid": "32890227", "content": "可信心是啥子呦"}, {"uid": "21916203", "content": "？"}, {"uid": "98439551", "content": "你XX！"}, {"uid": "14516207", "content": "宇宙的中心是曹县"}, {"uid": "4719846", "content": "你RUN吧"}, {"uid": "424409", "content": "吃我一拳吧你"}, {"uid": "2651859", "content": "吃我一拳"}, {"uid": "2426314", "content": "漫长的三分钟"}, {"uid": "32974431", "content": "？？？？？？？？？？？？？？？？？？？？？？？？"}, {"uid": "17060383", "content": "讲得什么玩意儿"}]