[{"uid": "34455909", "content": "有只猪啊有只猪啊！"}, {"uid": "12904717", "content": "近战打不过用远程的266"}, {"uid": "164559077", "content": "哈哈哈哈"}, {"uid": "28869871", "content": "卡其脱离太"}, {"uid": "2202123", "content": "小熊猫的天敌，雄鹿"}, {"uid": "13785250", "content": "不行，太anti了，我笑死了"}, {"uid": "2487511", "content": "开幕雷击"}, {"uid": "17949457", "content": "快去请沃玛"}, {"uid": "242170483", "content": "哈哈哈哈哈哈哈"}, {"uid": "242170483", "content": "学个寂寞"}, {"uid": "104655981", "content": "露露打鹿鹿"}, {"uid": "266178682", "content": "不行，绷不住了"}, {"uid": "185787612", "content": "哈哈哈哈哈哈哈哈"}, {"uid": "228435399", "content": "强个头"}, {"uid": "28869871", "content": "一生之敌"}, {"uid": "942504", "content": "哈哈哈哈哈哈哈哈哈"}, {"uid": "23999020", "content": "哈哈哈哈哈哈哈哈"}, {"uid": "20957079", "content": "开局结束"}, {"uid": "15484101", "content": "哈哈哈哈哈"}, {"uid": "544024095", "content": "哈哈哈哈哈哈哈哈哈哈"}, {"uid": "26473917", "content": "哈哈哈哈哈哈"}, {"uid": "470984990", "content": "哈哈哈哈"}, {"uid": "108706735", "content": "下饭"}, {"uid": "108706735", "content": "要笑死了"}, {"uid": "17149397", "content": "hhhh"}, {"uid": "164559077", "content": "太下饭了"}, {"uid": "1345445", "content": "哈哈哈哈哈哈"}, {"uid": "942504", "content": "哈哈哈"}, {"uid": "8679649", "content": "无能狂怒"}, {"uid": "285523941", "content": "哈哈哈"}, {"uid": "108706735", "content": "hhh"}]