[{"uid": "4221326", "content": "好听"}, {"uid": "1326322", "content": "福根真的是强的离谱，二期生里的ur（"}, {"uid": "470984990", "content": "我永远追随艾露露"}, {"uid": "2558433", "content": "艾露露！忠诚！"}, {"uid": "20557671", "content": "听着这个歌声谁能想到背后的混沌呢~"}, {"uid": "429632118", "content": "好听好听"}, {"uid": "429632118", "content": "好好听！"}, {"uid": "429632118", "content": "好好听"}, {"uid": "429632118", "content": "好听"}, {"uid": "429632118", "content": "来了！"}, {"uid": "429632118", "content": "来了来了"}, {"uid": "172281740", "content": "好耶！"}, {"uid": "251978319", "content": "露露太棒了"}, {"uid": "107280372", "content": "这不是普通的艾露露"}, {"uid": "2558433", "content": "很难不gachi"}, {"uid": "2558433", "content": "我就是艾露露小姐的dog"}, {"uid": "41905330", "content": "好棒！"}, {"uid": "26473917", "content": "高质量高质量"}, {"uid": "9971097", "content": "好听"}, {"uid": "9971097", "content": "说不定唱出了自己ʕ๑•ɷ•๑ʔ"}, {"uid": "228435399", "content": "强"}, {"uid": "284242429", "content": "好棒！"}, {"uid": "6012420", "content": "欢呼将淹没哭喊！"}, {"uid": "6012420", "content": "喜欢艾露露后果然会有更多惊喜！"}, {"uid": "6012420", "content": "一起看的45位养熊人"}, {"uid": "6012420", "content": "喜欢艾露露后世界都变得美好了呢"}, {"uid": "477932537", "content": "露露歌力超顶！"}, {"uid": "1374503", "content": "看来不说P话时，唱歌还是很好听的"}, {"uid": "266178682", "content": "来了来了"}, {"uid": "214685299", "content": "我看是记不住"}, {"uid": "93722780", "content": "艾老师是真滴牛批"}, {"uid": "251978319", "content": "露露棒棒棒"}, {"uid": "33456100", "content": "强强强"}, {"uid": "79646219", "content": "牛啊"}, {"uid": "14516207", "content": "厉害厉害"}, {"uid": "14516207", "content": "艾老师还是强啊"}, {"uid": "4454853", "content": "我知道是为我 嘿嘿"}, {"uid": "454397731", "content": "哈哈哈哈前面的过分了"}, {"uid": "2822070", "content": "很难不gachi"}, {"uid": "429632118", "content": "来了来了！"}, {"uid": "4102890", "content": "很难不化妆"}, {"uid": "4102890", "content": "很难赶得上"}, {"uid": "4102890", "content": "孙鹏会叫你起床的"}, {"uid": "477932537", "content": "gachi了"}, {"uid": "21447740", "content": "我把三连给你交了"}, {"uid": "40756825", "content": "唱歌都能忘词的"}, {"uid": "106601856", "content": "是这首！"}, {"uid": "61152", "content": "这个点赶不上了"}, {"uid": "323408945", "content": "两点多，刷会B站准备睡觉，完了，被露露唱的睡不着了"}, {"uid": "429632118", "content": "好听！"}, {"uid": "429632118", "content": "来了"}, {"uid": "46795775", "content": "又能整活又能唱的小熊猫谁不喜欢呢"}, {"uid": "66026623", "content": "好棒"}, {"uid": "2238942", "content": "不至于不至于"}, {"uid": "40821888", "content": "你早起过吗"}, {"uid": "51194664", "content": "6"}, {"uid": "282249327", "content": "强强露露"}, {"uid": "24762295", "content": "闭嘴就是高冷美女的艾露露"}, {"uid": "214685299", "content": "你有笔记吗"}, {"uid": "1631946", "content": "谁？"}, {"uid": "18231292", "content": "谁？"}, {"uid": "14516207", "content": "早起？不存在的"}, {"uid": "15354798", "content": "你是谁？"}, {"uid": "251978319", "content": "不能doge"}, {"uid": "3997600", "content": "能上个网易云就好捞"}, {"uid": "3095723", "content": "\\艾露露/\\艾露露/\\艾露露/"}, {"uid": "266178682", "content": "好听  \\露露/\\露露/\\露露/​"}, {"uid": "251978319", "content": "\\艾露露/\\艾露露/\\艾露露/\\艾露露/\\艾露露/\\艾露露/\\艾露露/\\艾露露/\\艾露露/\\艾露露/"}]