[{"uid": "27773317", "content": "挺像的，好听"}, {"uid": "299840126", "content": "做的针不戳"}, {"uid": "121937912", "content": "燕姿没发新歌就听这个来解馋了"}, {"uid": "121937912", "content": "up主厉害！！！"}, {"uid": "661634169", "content": "这咬字太像了"}, {"uid": "26130364", "content": "开头还行，逐渐不像"}, {"uid": "50038793", "content": "哈哈七成像很难得了"}, {"uid": "72767704", "content": "我反正是听不出来区别"}, {"uid": "8043497", "content": "好听"}, {"uid": "7895846", "content": "105度这一句是真的像，都能想象出她唱这句的表情"}, {"uid": "35382399", "content": "105度也拯救不了的“冷门歌手”"}, {"uid": "2748474", "content": "果然孙燕姿的声线还是太独特了"}, {"uid": "26753661", "content": "孙燕姿小破站分燕"}, {"uid": "480995357", "content": "唱法有点像的，就是孙燕姿声音太特别了。"}, {"uid": "629996579", "content": "咬字像 声线毕竟实在是姿妈特色难模仿 up很棒"}, {"uid": "86905667", "content": "还是有三四分像的，up辛苦了"}, {"uid": "279779017", "content": "简直了！人能救歌系列！！！！​"}, {"uid": "593370747", "content": "冷门歌手孙燕姿？！"}, {"uid": "17743600", "content": "这里特别像"}, {"uid": "2138489772", "content": "天后开小号了"}, {"uid": "1751388", "content": "有点像"}, {"uid": "134785801", "content": "咬字真的好像！"}, {"uid": "434978320", "content": "三四分像吧，孙燕姿唱腔太特别了"}, {"uid": "438793576", "content": "挺像的啊"}, {"uid": "223344351", "content": "副歌赞哎～"}, {"uid": "559742", "content": "有点儿那意思，牛哇牛哇"}, {"uid": "12432333", "content": "78分像了"}, {"uid": "692580915", "content": "AI合成的声音？"}, {"uid": "525164787", "content": "像早期的郭采洁"}, {"uid": "11447931", "content": "咬字像的，确实有点那味儿"}, {"uid": "63960841", "content": "燕姿年轻时候的嗓音，你很棒"}, {"uid": "16955642", "content": "尾音真的绝了"}, {"uid": "20786019", "content": "这首歌很适合燕姿唱呀"}, {"uid": "323408945", "content": "真好听！"}, {"uid": "26606618", "content": "图片仅供参考"}, {"uid": "82364595", "content": "那个光字，有点绝！"}, {"uid": "510197", "content": "好御的露露"}, {"uid": "510197", "content": "福根最可爱"}, {"uid": "38768869", "content": "图片仅供参考"}, {"uid": "92904608", "content": "卧槽听到这个和声瞬间绷不住了，就是内味"}, {"uid": "10209158", "content": "有内味儿"}, {"uid": "346360028", "content": "已经够像了！"}, {"uid": "243566998", "content": "现身吧，孙燕姿本姿"}, {"uid": "8043497", "content": "天啊，太像了"}, {"uid": "2781521", "content": "冷门歌手"}, {"uid": "182320181", "content": "很像，但差点味道。燕资迷弟一枚"}, {"uid": "46822789", "content": "有几个地方很像"}, {"uid": "272481832", "content": "太搞了哈哈哈哈哈"}, {"uid": "21367752", "content": "今年春晚有这首歌"}, {"uid": "547365404", "content": "再尖点就好了"}, {"uid": "586041834", "content": "麻姐"}, {"uid": "2763024", "content": "哇挺像的！"}, {"uid": "18081297", "content": "《奔》"}, {"uid": "41274259", "content": "爱了爱了，露露做我小妾吧"}, {"uid": "3073201", "content": "突然张韶涵"}, {"uid": "475017108", "content": "真有點像啊"}, {"uid": "10004793", "content": "可以可以，这很燕姿"}, {"uid": "391690976", "content": "有燕姿声音的质感"}, {"uid": "311032537", "content": "御姐御姐"}, {"uid": "66026623", "content": "露露太棒了！"}, {"uid": "19505625", "content": "一切以实物为准"}, {"uid": "510197", "content": "声线爱了"}, {"uid": "302642882", "content": "好御啊"}, {"uid": "4868441", "content": "太像了吧也！！！！"}, {"uid": "19107267", "content": "有那味了~~"}, {"uid": "91863642", "content": "大爱燕姿"}, {"uid": "31790075", "content": "像了像了"}, {"uid": "226334515", "content": "哇 我的idol出新歌啦"}, {"uid": "647315364", "content": "不能说一模一样 可以说和孙燕姿毫无关系"}, {"uid": "332540884", "content": "孙燕姿冷门...."}, {"uid": "1143415028", "content": "一点也不想"}, {"uid": "8043497", "content": "大离谱"}, {"uid": "307909228", "content": "这里超像"}, {"uid": "403209385", "content": "像！！！！！！"}, {"uid": "3300972", "content": "熊燕姿！"}, {"uid": "695966252", "content": "很好听呢"}, {"uid": "44119006", "content": "有没有腾格尔大叔的"}, {"uid": "289030197", "content": "尾音牛逼"}, {"uid": "76537120", "content": "这里特像"}, {"uid": "10712753", "content": "并不像"}, {"uid": "19775347", "content": "燕姿燕姿"}, {"uid": "24522254", "content": "三连了，太好听了"}, {"uid": "514950425", "content": "不像 "}, {"uid": "3451867", "content": "生硬"}, {"uid": "140372771", "content": "还挺像"}, {"uid": "176837", "content": "惊了！"}, {"uid": "92904608", "content": "太优秀了"}, {"uid": "266279123", "content": "这还不像？说不像的真听过孙燕姿吗？"}, {"uid": "38437736", "content": "咬字学得很像啊，说不像的简直鸡蛋里挑骨头"}, {"uid": "221889428", "content": "不像"}, {"uid": "37127833", "content": "好好听啊"}, {"uid": "434740649", "content": "尾音多少有点"}, {"uid": "482210192", "content": "味儿太冲了"}, {"uid": "252178800", "content": "这几句像，特别是尾声"}, {"uid": "495953327", "content": "真离谱，就超像小燕姿"}, {"uid": "491076316", "content": "姐姐你有事吗？没事可以别扯上孙燕姿吗"}, {"uid": "20021707", "content": "萧亚轩？"}, {"uid": "270477593", "content": "哪里像"}, {"uid": "41000970", "content": "勇气可嘉  模仿冷门歌手的不多 顺便喜欢下你吧"}, {"uid": "405331", "content": "一点都不像"}, {"uid": "3543799", "content": "洋气了"}, {"uid": "28302720", "content": "不像"}, {"uid": "12554434", "content": "还挺像"}, {"uid": "344359900", "content": "有那味了"}, {"uid": "32134676", "content": "不像？没有那么硬"}, {"uid": "249518432", "content": "一发入魂，太像了这咬字"}, {"uid": "166054928", "content": "这要是模仿的声音 可以原地出道了"}, {"uid": "295084125", "content": "这孙燕姿啊"}, {"uid": "3629189", "content": "好强"}, {"uid": "92904608", "content": "超棒！"}, {"uid": "6898", "content": "好听"}, {"uid": "510197", "content": "好耶"}, {"uid": "277330500", "content": "\\小浣熊/\\艾露露/\\艾福根/\\小熊猫/"}, {"uid": "266279123", "content": "我超，我超"}, {"uid": "30368783", "content": "nbnbnbnb！"}, {"uid": "408342048", "content": "你不说还真不知道像孙燕姿"}, {"uid": "394681775", "content": "像的啊"}, {"uid": "13410738", "content": "这还有点像"}, {"uid": "631235725", "content": "有些地方很生硬，不过三四分像还是有的，"}, {"uid": "332268415", "content": "孙燕姿冷门歌手我傻了"}, {"uid": "480224244", "content": "冷门歌手的粉丝觉得你真的蛮像的！"}, {"uid": "482851957", "content": "厉害厉害"}, {"uid": "295772890", "content": "不像"}, {"uid": "35435844", "content": "有点像"}, {"uid": "29383952", "content": "回到孙燕姿的时间"}, {"uid": "491369364", "content": "腾大爷的更好听"}, {"uid": "76537120", "content": "鼻音还不够"}, {"uid": "24198840", "content": "女版腾格尔"}, {"uid": "909725", "content": "这是吃了多少个啊"}, {"uid": "51763946", "content": "开口有点像。。"}, {"uid": "3073201", "content": "不像"}, {"uid": "11165870", "content": "这是熊姐"}, {"uid": "25703382", "content": "挺像的"}, {"uid": "19893049", "content": "比现在的孙燕姿声音还好了"}, {"uid": "414065644", "content": "不象，不像"}, {"uid": "327907401", "content": "挺好"}, {"uid": "110759189", "content": "声音是有点像而已"}, {"uid": "5139227", "content": "不太像"}, {"uid": "352970539", "content": "在张扬点就更像了 "}, {"uid": "2882109", "content": "像"}, {"uid": "88837171", "content": "感觉修的太过了"}, {"uid": "399230902", "content": "没有孙燕姿嗓音清澈，有点哑了"}, {"uid": "237814403", "content": "你币有了！"}, {"uid": "49491722", "content": "一开始 有两句挺像 别的都不像了。"}, {"uid": "19668587", "content": "高音滑音真有点像"}, {"uid": "19668587", "content": "哇"}, {"uid": "283924358", "content": "差点意思"}, {"uid": "1554236", "content": "厉害。"}, {"uid": "51263804", "content": "挺像的了"}, {"uid": "181015", "content": "什么 不是燕姿在唱吗"}, {"uid": "181859618", "content": "以后多唱孙燕姿吧，不然取关"}, {"uid": "214413741", "content": "太像了！真的挺像的！！！nb啊up主！！！"}, {"uid": "21001277", "content": "不像"}, {"uid": "4045750", "content": "刻意学咬字，但是韵律就差了"}, {"uid": "424308874", "content": "离题了， 好听但不像"}, {"uid": "74551863", "content": "就离谱"}, {"uid": "117467636", "content": "不太像啊"}, {"uid": "1449520", "content": "好听"}, {"uid": "484048550", "content": "像"}, {"uid": "11524387", "content": "一毛一样"}, {"uid": "3248344", "content": "听着就忘了发弹幕"}, {"uid": "277330500", "content": "\\小浣熊/\\艾露露/\\艾福根/\\小熊猫/"}, {"uid": "43711088", "content": "nb"}, {"uid": "1716829", "content": "好爱"}, {"uid": "478127605", "content": "作为一个00年粉上燕姿的老粉看，很像，厉害"}, {"uid": "912100", "content": "一毛一样"}, {"uid": "504612734", "content": "哈哈哈哈哈哈"}, {"uid": "25836744", "content": "有点像啊 说完全不像的一定不是燕姿真粉丝"}, {"uid": "222668948", "content": "拉倒吧，和孙燕姿一点都不象好么"}, {"uid": "503934530", "content": "有内味"}, {"uid": "6603511", "content": "不像啊"}, {"uid": "77320816", "content": "很像啊"}, {"uid": "1640359", "content": "孙燕姿可不算冷门。。。"}, {"uid": "514346933", "content": "像"}, {"uid": "32329544", "content": "太像了"}, {"uid": "18514146", "content": "咬字很像，声线还算接近，不过缺少了文艺自然的味道"}, {"uid": "91763112", "content": "像唉"}, {"uid": "415857332", "content": "有种统一冰红茶的味道"}, {"uid": "19612159", "content": "有点点像吧"}, {"uid": "523355500", "content": "很像啊"}, {"uid": "598398511", "content": "不像啊"}, {"uid": "34370061", "content": "我………"}, {"uid": "363811323", "content": "这个真假音 可以 还原了"}, {"uid": "151497503", "content": "好听耶"}, {"uid": "35593324", "content": "咬字的节奏不像"}, {"uid": "10851759", "content": "确实像"}, {"uid": "4045750", "content": "差太多了"}, {"uid": "91777853", "content": "好活"}, {"uid": "470574966", "content": "(≧▽≦)"}, {"uid": "18358404", "content": "喝一口又活了全开，有孙燕姿内味了"}, {"uid": "37765937", "content": "咬字像，声音还好"}, {"uid": "478127605", "content": "很像"}, {"uid": "10598436", "content": "不太像"}, {"uid": "15970828", "content": "完全一样"}, {"uid": "385486227", "content": "前面冷门歌手什么意思。。？"}, {"uid": "365208470", "content": "太像了"}, {"uid": "96082297", "content": "吃了几个孙燕姿？"}, {"uid": "412369690", "content": "好听"}, {"uid": "416485606", "content": "这首歌我一直觉得低俗，孙燕姿唱立马高大上了"}, {"uid": "472232654", "content": "不像不像不像"}, {"uid": "107196716", "content": "鉴定完毕，我姿不是这个声线"}, {"uid": "27975398", "content": "咬字不太像、、"}, {"uid": "416833714", "content": "有那么一点意思 但是还是差感觉"}, {"uid": "88506603", "content": "不像"}, {"uid": "66743414", "content": "好听"}, {"uid": "85906385", "content": "很的有那个味"}, {"uid": "2051311", "content": "不像"}, {"uid": "35593324", "content": "咬字接3"}, {"uid": "32423963", "content": "有内味了"}, {"uid": "15153325", "content": "这谁啊"}, {"uid": "37100580", "content": "来了"}, {"uid": "228435399", "content": "太美了"}, {"uid": "502506313", "content": "真不像"}, {"uid": "39559326", "content": "666"}, {"uid": "635078455", "content": "真的好像啊！"}, {"uid": "409062581", "content": "不像..."}, {"uid": "1468487513", "content": "差点意思"}, {"uid": "263058175", "content": "吼吼吼"}, {"uid": "270657609", "content": "郭采洁谢谢"}, {"uid": "14873112", "content": "厉害"}, {"uid": "399230448", "content": "咬字很像"}, {"uid": "23286032", "content": "不太像哎"}, {"uid": "171462123", "content": "我感觉蛮像的"}, {"uid": "416124548", "content": "其实不用硬夸"}, {"uid": "18991409", "content": "到特别的位置暂停？？？"}, {"uid": "415857332", "content": "挺像的 就当是啦"}, {"uid": "128837418", "content": "网红唱腔"}, {"uid": "22861731", "content": "声音像，韵味不像，哈哈"}, {"uid": "24799847", "content": "有那味"}, {"uid": "3241498", "content": "不说真没听出来像孙燕姿"}, {"uid": "22156963", "content": "有点像"}, {"uid": "181859618", "content": "爱你"}, {"uid": "10559141", "content": "其实挺像的 燕姿唱快歌基本就是这种咬字感"}, {"uid": "1810082742", "content": "太像了吧"}, {"uid": "341057307", "content": "啊这。。。"}, {"uid": "14671484", "content": "不像"}, {"uid": "7398839", "content": "不像孙燕姿，像郭采洁"}, {"uid": "890258", "content": "有点那味"}, {"uid": "123748877", "content": "哪像了？？？？"}, {"uid": "239814471", "content": "像在哪，一股网络味"}, {"uid": "12785926", "content": "不是很像惹"}, {"uid": "365208470", "content": "我喜欢听 奔"}, {"uid": "102029470", "content": "不像"}, {"uid": "86346996", "content": "别说，还真有点内味儿"}, {"uid": "10412181", "content": "好听"}, {"uid": "108059341", "content": "不像"}, {"uid": "208895520", "content": "燕姿敢唱我就敢买她专辑"}, {"uid": "222872372", "content": "给我吐出来"}, {"uid": "8661581", "content": "这谁"}, {"uid": "74270269", "content": "这照片是露露的妈妈吗"}, {"uid": "12614174", "content": "还挺像"}, {"uid": "65812422", "content": "？？？？？？？？？？？？？？？？？？？"}, {"uid": "37037034", "content": "咬字不像"}, {"uid": "7272267", "content": "一堆人说像一堆人说不像，果然复杂的是人，到底像不像，你们也没答案"}, {"uid": "17060383", "content": "小浣熊终于蹭到热度了"}, {"uid": "1206854420", "content": "不像。谢谢"}, {"uid": "12590038", "content": "一点都不像好吗"}, {"uid": "241845047", "content": "别碰瓷了谢谢，一点都不像"}, {"uid": "43300525", "content": "明明就很像孙燕姿呀！"}, {"uid": "405331", "content": "一点都不像。。"}, {"uid": "68564974", "content": "不像 但是你喜欢燕姿我就喜欢你"}, {"uid": "70128923", "content": "爱像不像 关我锤子事哦"}, {"uid": "305520102", "content": "不像，像山寨的山寨"}, {"uid": "2586952", "content": "已经非常像了，没见过更像的"}, {"uid": "400646356", "content": "不像我姿，像阿肆"}, {"uid": "400646356", "content": "咬字抓住了点，声线不像，20年姿迷"}, {"uid": "70363354", "content": "差别还是有点大的"}, {"uid": "13994768", "content": "挺像呀"}, {"uid": "23363362", "content": "\\艾露露/\\露露/\\艾露露/\\露露/"}, {"uid": "638884", "content": "这还是熊妹？"}, {"uid": "251978319", "content": "\\艾露露/\\艾露露/\\艾露露/\\艾露露/\\艾露露/"}]