[{"uid": "23226610", "content": "正常，小熊猫就是这个样子啦"}, {"uid": "675151511", "content": "哈哈哈哈哈哈"}, {"uid": "675151511", "content": "开幕雷击"}, {"uid": "41342004", "content": "这个傻子在笑什么"}, {"uid": "9218472", "content": "真可爱，是本音吗（猪叫）"}, {"uid": "32423963", "content": "在现场，笑出猪叫"}, {"uid": "523018446", "content": "物种暴露"}, {"uid": "523018446", "content": "??????????"}, {"uid": "22903579", "content": "草"}, {"uid": "87479567", "content": "笑出强大"}, {"uid": "1420003", "content": "233333"}, {"uid": "3914693", "content": "草"}, {"uid": "53155179", "content": "草？"}, {"uid": "41342004", "content": "哈哈哈哈哈哈哈哈哈哈哈哈哈"}, {"uid": "84922589", "content": "草"}, {"uid": "4065669", "content": "好憨hhh"}, {"uid": "258801015", "content": "cao"}, {"uid": "736281", "content": "芝"}, {"uid": "35178996", "content": "看不出你尴尬"}, {"uid": "33520823", "content": "好活"}, {"uid": "74173597", "content": "草"}, {"uid": "697741855", "content": "哇"}, {"uid": "27955298", "content": "草"}, {"uid": "41342004", "content": "哈哈哈哈哈哈哈"}, {"uid": "470984990", "content": "齁齁"}]