[{"uid": "383209561", "content": "你好 謝謝 小泡芙 再見"}, {"uid": "302642882", "content": "哈哈哈哈哈哈哈哈哈哈哈"}, {"uid": "4472088", "content": "我超，露！"}, {"uid": "41342004", "content": "哈哈哈哈哈哈哈哈哈哈"}, {"uid": "133155882", "content": "反客为主"}, {"uid": "44926078", "content": "？？？？？？？？？？？？？？"}, {"uid": "110742027", "content": "狠狠地缝！"}, {"uid": "110742027", "content": "哈人"}, {"uid": "32753195", "content": "反客为主"}, {"uid": "14122823", "content": "？？？？"}, {"uid": "14516207", "content": "？？？？？？"}, {"uid": "859948", "content": "太哈人了"}, {"uid": "302642882", "content": "？？？？？？、、、"}, {"uid": "4476251", "content": "?????/"}, {"uid": "362714009", "content": "草"}, {"uid": "544024095", "content": "草"}, {"uid": "2558433", "content": "？？？？？"}, {"uid": "1895740", "content": "哈人"}, {"uid": "544024095", "content": "草"}, {"uid": "44926078", "content": "裂开"}, {"uid": "213485", "content": "？？？"}, {"uid": "2392243", "content": "？"}, {"uid": "1570297", "content": "草"}, {"uid": "164559077", "content": "草"}, {"uid": "17049801", "content": "¿¿¿¿¿¿"}, {"uid": "23363362", "content": "草"}, {"uid": "276588640", "content": "草"}, {"uid": "110742027", "content": "？"}, {"uid": "4254761", "content": "？"}, {"uid": "84922589", "content": "草"}, {"uid": "285523941", "content": "草"}, {"uid": "144760661", "content": "草"}, {"uid": "458113715", "content": "好活"}, {"uid": "4494836", "content": "草"}, {"uid": "53155179", "content": "害怕"}, {"uid": "429885424", "content": "草"}, {"uid": "17049801", "content": "草"}, {"uid": "21853443", "content": "草"}, {"uid": "37815472", "content": "草"}, {"uid": "2012761", "content": "？？？"}, {"uid": "32423963", "content": "草"}, {"uid": "4861566", "content": "草"}, {"uid": "21728239", "content": "草"}, {"uid": "4919126", "content": "草"}, {"uid": "53155179", "content": "草"}, {"uid": "2106045858", "content": "草"}, {"uid": "338101974", "content": "？"}, {"uid": "11076934", "content": "草"}, {"uid": "7783083", "content": "我超"}, {"uid": "399261649", "content": "草"}, {"uid": "3248344", "content": "草"}]