[{"uid": "10719227", "content": "好听"}, {"uid": "510197", "content": "社恐小熊猫"}, {"uid": "34455909", "content": "防伪认证"}, {"uid": "3523616", "content": "拉胯了，但是没有完全拉胯"}, {"uid": "82658096", "content": "哈哈哈哈哈哈"}, {"uid": "20557671", "content": "唱歌时自己都静不下来，还能让观众静下来？"}, {"uid": "2426314", "content": "啊这，你怎么关键时刻掉链子，我要破防了啊！"}, {"uid": "284942234", "content": "金属啊，厉害了"}, {"uid": "284942234", "content": "哟嚯，大舞台！"}, {"uid": "9218472", "content": "哈哈哈"}, {"uid": "32423963", "content": "233"}, {"uid": "2763024", "content": "这也太紧张了，多参加下活动就不紧张了，加油"}, {"uid": "34370061", "content": "诸位见谅，孩子这次有点紧张"}, {"uid": "15302272", "content": "对不起诸位，我家孩子太紧张了（"}, {"uid": "2705066", "content": "隔着屏幕都能感觉到紧张"}, {"uid": "2705066", "content": "草"}, {"uid": "481298298", "content": "哈哈哈哈哈"}, {"uid": "13785250", "content": "好！"}, {"uid": "13785250", "content": "拉了拉了"}, {"uid": "445702", "content": "加油 没事的"}, {"uid": "890271", "content": "孩子紧张了"}, {"uid": "10809741", "content": "惊了"}, {"uid": "7359539", "content": "我也紧张了"}, {"uid": "15505781", "content": "听得我都紧张了2333"}, {"uid": "249115697", "content": "小拉不算拉"}, {"uid": "19577973", "content": "这么紧张"}, {"uid": "32974431", "content": "草"}, {"uid": "12176581", "content": "大拉特拉"}, {"uid": "14516207", "content": "防伪认证"}, {"uid": "302642882", "content": "福根适合演小品"}, {"uid": "302642882", "content": "哈哈哈哈哈哈哈哈哈哈哈"}, {"uid": "1727013115", "content": "福根加油"}, {"uid": "1727013115", "content": "有味了"}, {"uid": "365131", "content": "柔宝哈哈哈"}, {"uid": "1435110", "content": "好听！！"}, {"uid": "33520823", "content": "好家伙"}, {"uid": "292547", "content": "hhhhhh"}, {"uid": "2839008", "content": "早上六点？ 勤劳的小熊猫"}, {"uid": "342605068", "content": "hhh"}, {"uid": "9218472", "content": "磕巴小熊猫"}, {"uid": "302642882", "content": "哈哈哈哈哈哈哈哈哈哈哈"}, {"uid": "3914693", "content": "？？"}, {"uid": "510197", "content": "虚拟赵四"}, {"uid": "365131", "content": "这里是不是柔宝笑了一下？"}, {"uid": "12176581", "content": "什么混沌势vtb"}, {"uid": "277330500", "content": "\\艾露露/\\艾福根/\\艾露露/\\艾福根/"}, {"uid": "277330500", "content": "\\艾露露/\\艾福根/\\艾露露/\\艾福根/"}, {"uid": "277330500", "content": "\\艾露露/\\艾福根/\\艾露露/\\艾福根/"}]