[{"uid": "1741116491", "content": "啊啊啊啊啊啊"}, {"uid": "1741116491", "content": "吔吔吔吔吔"}, {"uid": "11418582", "content": "好帅！"}, {"uid": "4123272", "content": "强的"}, {"uid": "1741116491", "content": "帅帅帅帅帅帅"}, {"uid": "12151107", "content": "盖姐太帅啦！！！！"}, {"uid": "12151107", "content": "啊啊啊啊啊啊！！！"}, {"uid": "12151107", "content": "姐姐看我！！！"}, {"uid": "12151107", "content": "盖子姐帅的呜呜呜呜"}, {"uid": "27352268", "content": "再来亿遍"}, {"uid": "27352268", "content": "开头见"}, {"uid": "12151107", "content": "好帅呜呜呜"}, {"uid": "58871636", "content": "好帅呜呜呜"}, {"uid": "196819", "content": "先三连再听"}, {"uid": "30008520", "content": "盖盖盖盖盖盖盖盖盖盖盖盖盖盖盖盖盖盖盖盖盖盖盖盖盖盖盖盖盖盖盖盖盖盖盖盖盖盖"}]