[{"uid": "30008520", "content": "盖亚！！！"}, {"uid": "400762045", "content": "prprprrprprprprpr"}, {"uid": "683367562", "content": "XP系统启动！"}, {"uid": "4223627", "content": "pow"}, {"uid": "4223627", "content": "也太辣了盖宝"}, {"uid": "4223627", "content": "hshs"}, {"uid": "5082249", "content": "pow."}, {"uid": "4223627", "content": "好辣好辣好辣"}, {"uid": "455280857", "content": "高级一图流"}, {"uid": "178582991", "content": "沙发"}, {"uid": "18253249", "content": "太美啦！"}, {"uid": "455280857", "content": "我来辣！"}, {"uid": "674132715", "content": "好听"}, {"uid": "415141246", "content": "牛牛牛"}, {"uid": "2186597", "content": "太帅了！"}, {"uid": "30008520", "content": "盖盖盖盖盖盖盖盖盖盖盖盖盖盖盖盖盖盖盖盖盖盖盖盖盖盖盖盖盖盖"}, {"uid": "190345392", "content": "盖盖盖盖盖盖盖盖盖盖盖盖盖盖盖盖盖盖盖盖盖盖盖盖盖盖盖盖盖盖盖盖盖盖盖盖盖"}, {"uid": "30008520", "content": "盖盖盖盖盖盖盖盖盖盖盖盖盖盖盖盖盖盖盖盖盖盖盖盖盖盖盖盖盖盖"}, {"uid": "400762045", "content": "\\盖拉稀/\\盖拉稀/\\盖拉稀/"}, {"uid": "400762045", "content": "\\盖拉稀/\\盖拉稀/\\盖拉稀/"}, {"uid": "294620232", "content": "盖盖盖盖盖盖盖盖盖盖盖盖盖盖盖盖盖盖盖盖盖盖盖盖盖盖盖"}, {"uid": "5082249", "content": "盖盖盖盖盖盖盖盖盖盖盖盖盖盖盖盖盖盖盖盖"}, {"uid": "4223627", "content": "盖盖盖盖盖盖盖盖盖盖盖盖盖盖盖盖盖盖盖盖盖盖盖盖盖盖盖盖盖盖盖盖盖盖盖盖盖"}, {"uid": "18253249", "content": "盖盖盖盖盖盖盖盖盖盖盖盖盖盖盖盖盖盖盖盖盖盖盖盖盖盖盖盖盖盖盖盖盖盖盖盖盖盖盖盖盖盖盖盖盖盖盖盖盖盖盖盖盖盖盖盖盖盖盖盖盖盖盖盖盖盖盖盖盖盖盖盖盖盖盖盖盖盖盖盖盖盖盖盖盖盖盖盖盖盖盖盖盖盖盖盖盖盖盖盖"}]