[{"uid": "30008520", "content": "♡恋♡爱♡循♡环♡"}, {"uid": "403017618", "content": "♡盖♡乃♡希♡亞♡"}, {"uid": "403017618", "content": "♡盖♡乃♡希♡亞♡"}, {"uid": "403017618", "content": "♡恋♡爱♡循♡环♡"}, {"uid": "294620232", "content": "盖盖盖盖盖盖盖盖盖盖盖盖盖"}, {"uid": "403017618", "content": "♡恋♡爱♡循♡环♡"}, {"uid": "403017618", "content": "♡恋♡爱♡循♡环♡"}, {"uid": "5082249", "content": "？"}, {"uid": "403017618", "content": "♡盖♡乃♡希♡亞♡"}, {"uid": "4123272", "content": "这不是可以发出可爱的声音嘛（bushi）"}, {"uid": "30008520", "content": "♡恋♡爱♡循♡环♡"}, {"uid": "30008520", "content": "♡恋♡爱♡循♡环♡"}, {"uid": "30008520", "content": "盖盖盖盖盖盖盖盖盖盖盖盖盖盖盖盖盖盖盖盖盖盖盖盖盖盖盖盖盖盖盖盖盖盖盖盖盖盖"}]