[{"uid": "2348300", "content": "！！！"}, {"uid": "43722779", "content": "ohhhhhhh"}, {"uid": "234525490", "content": "你就是原唱本人吧"}, {"uid": "234525490", "content": "可以，高音服了"}, {"uid": "415474694", "content": "要  来  了"}, {"uid": "187949193", "content": "尤弥尔"}, {"uid": "491621037", "content": "厉害"}, {"uid": "34227321", "content": "鸡婆疙瘩起来了"}, {"uid": "5082249", "content": "啊啊啊啊啊啊啊啊啊"}, {"uid": "228046039", "content": "这里太顶了"}, {"uid": "96967395", "content": "盖盖盖盖盖盖盖盖盖盖盖盖盖盖"}, {"uid": "96967395", "content": "盖盖盖盖盖盖盖盖盖盖盖"}, {"uid": "8221334", "content": "劲啊"}, {"uid": "470799588", "content": "可惜了，这么好听的出现在巨人"}, {"uid": "2990694", "content": "陶醉"}, {"uid": "282882190", "content": "？？？你再骂？？？"}, {"uid": "5082249", "content": "啊啊啊啊啊啊啊啊啊"}, {"uid": "30008520", "content": "盖盖盖盖盖盖盖盖盖盖盖盖盖盖盖盖盖盖盖盖盖盖盖盖盖盖盖盖"}, {"uid": "1632389", "content": "盖盖盖盖盖盖盖盖盖盖盖盖盖盖盖盖盖盖盖盖"}, {"uid": "96967395", "content": "盖盖盖盖盖盖盖盖盖盖盖盖盖盖盖盖盖盖盖盖"}, {"uid": "96967395", "content": "盖盖盖盖盖盖盖盖盖盖盖盖盖盖盖盖盖盖盖盖盖盖"}]