[{"uid": "209399973", "content": "爷在病床上，动都动不了"}, {"uid": "637847476", "content": "我咽了一口口水，然后感觉到害怕 "}, {"uid": "523353491", "content": "闸种，直视我！！（doge）"}, {"uid": "2524734", "content": "好病娇的笑声"}, {"uid": "450953205", "content": "《平 板 垫 脑》"}, {"uid": "567513227", "content": "这波我在大气层"}, {"uid": "36765175", "content": "大姐姐虽好，但是养成不是更好吗（狗头）"}, {"uid": "516320802", "content": "绝对领域，妙啊妙啊"}, {"uid": "291595705", "content": "初见，可爱，单挑，埋葬"}, {"uid": "291595705", "content": "崽种！只是我！（doge）"}, {"uid": "33967838", "content": "小的，会哭了孩子所以……[doge]​"}, {"uid": "394028344", "content": "没错，说的对"}, {"uid": "30889332", "content": "三 司 绫 濑"}, {"uid": "2247830", "content": "新的刺激：指飞机场上开飞机！"}, {"uid": "6490851", "content": "腐 团 儿"}, {"uid": "317774371", "content": "好家伙，你跟我说这是16岁？"}, {"uid": "434321225", "content": "这放荡的笑声我爱了，一看就是个有趣的女人(滑稽"}, {"uid": "490866949", "content": "你管你这不叫邪魅？！（doge）"}, {"uid": "483405999", "content": "一点都不新，一直就是这个版本"}, {"uid": "29860653", "content": "不 能 自 拔"}, {"uid": "496817220", "content": "有一点涩但好想笑"}, {"uid": "496817220", "content": "主公涩不起来2333"}, {"uid": "496817220", "content": "睿智の眼神"}, {"uid": "496817220", "content": "在现场，她急了（doge）"}, {"uid": "496817220", "content": "《这首BGM很浪漫》"}, {"uid": "174952927", "content": "小小甜心大大牢饭\\"}, {"uid": "673777199", "content": "符华：就是就是"}, {"uid": "400124975", "content": "小 的 更 贴 心"}, {"uid": "32828236", "content": "平板垫脑大草"}, {"uid": "423495492", "content": "卧槽我才注意我在外放！！！"}, {"uid": "456785093", "content": "噔 噔 咚"}, {"uid": "35412616", "content": "不新啊，一直都是啊（疑惑）"}, {"uid": "35412616", "content": "不是也可以，是只有可爱的眼神可以"}, {"uid": "35412616", "content": "古明地拖鞋（不是）"}, {"uid": "637086232", "content": "小孩子就要有小孩子的亚子"}, {"uid": "87849116", "content": "靠低俗是走不远的，但我喜欢"}, {"uid": "158417722", "content": "新的刺鸡：指fbi"}, {"uid": "6798572", "content": "好处就是平躺玩手机没有难受的感觉"}, {"uid": "11813621", "content": "小馒头"}, {"uid": "1590555967", "content": "为什么我家门口有警车"}, {"uid": "453601213", "content": "你先让我计算一下犯罪成本"}, {"uid": "452179564", "content": "给弟弟康康（震声）"}, {"uid": "436467934", "content": "起码是个好枕头，有助于颈椎"}, {"uid": "404557845", "content": "这就是魅魔属性嘛……"}, {"uid": "36122356", "content": "谁把肩膀另一个也拉下来"}, {"uid": "135532364", "content": "这就去找龙王下棋（doge）"}, {"uid": "546702928", "content": "我有个朋友说他好了"}, {"uid": "93009646", "content": "突然病娇哈哈哈哈"}, {"uid": "8857368", "content": "声音逐渐病娇"}, {"uid": "407198952", "content": "好像输入(doge就行"}, {"uid": "434804542", "content": "既然追求刺鸡，就要贯彻到底"}, {"uid": "399685105", "content": "不行，车速太快我要下车。"}, {"uid": "2959587", "content": "?？？?"}, {"uid": "2959587", "content": "?？？?"}, {"uid": "105658582", "content": "超过十四周岁以上可以称为妇女［doge］"}, {"uid": "356352303", "content": "好兄弟，睁开眼"}, {"uid": "454946911", "content": "盲生，你发现了华点"}, {"uid": "498073403", "content": "这时候就需要正义的力量上升气流了。"}, {"uid": "23212212", "content": "绝对领域！不能再过分了"}, {"uid": "102690042", "content": "平板贴心"}, {"uid": "239360774", "content": "那兄弟是怎么在直播里发狗头的？"}, {"uid": "516867273", "content": "《试图讲道理》"}, {"uid": "626855532", "content": "XP系统你值得拥有"}, {"uid": "626855532", "content": "妙啊妙啊妙啊啊"}, {"uid": "626855532", "content": "等会16岁是不是不让直播啊"}, {"uid": "69901424", "content": "我不信只有十六"}, {"uid": "16907468", "content": "这个反派笑声太赞了"}, {"uid": "24853228", "content": "这个笑声，单推了！"}, {"uid": "471474398", "content": "你别眨啊"}, {"uid": "274249126", "content": "《浪漫的BGM》"}, {"uid": "16398232", "content": "今天的b站就先到这里了"}, {"uid": "19724079", "content": "新的刺激（指牢饭"}, {"uid": "596029514", "content": "咚咚咚，美团外卖，开一下门"}, {"uid": "50109885", "content": "真羡慕，年纪轻轻就有了自己的飞机场"}, {"uid": "13975010", "content": "？？？？？？？？？？？"}, {"uid": "758602881", "content": "有口难言"}, {"uid": "588741395", "content": "FBI：open the door"}, {"uid": "675772041", "content": "《靠低俗是走不远的》"}, {"uid": "396072409", "content": "这个应该不是眨眼，只是facerig鬼畜了"}, {"uid": "2016748", "content": "那就更大的"}, {"uid": "179998691", "content": "之前QQ群里传的那个白细胞大姐姐，我就不信你们不心动？"}, {"uid": "12539499", "content": "这是你最喜欢的牢饭"}, {"uid": "436467934", "content": "这眼睛让我突然联想到超人高中生，没感觉了"}, {"uid": "108031897", "content": "知道屁股一定还是有点肉的拍起来不会手疼（当然是父爱的拍打）"}, {"uid": "473038246", "content": "重来没有觉得大的好！！！"}, {"uid": "297618480", "content": "FBI:什么东西？（拉栓）"}, {"uid": "415360584", "content": "姑且一问超管去哪啦"}, {"uid": "7228199", "content": "我觉得我要去跟龙王抢牢饭吃"}, {"uid": "1718428848", "content": "老   肩   巨   滑"}, {"uid": "512763539", "content": "小不小无所谓，关键是你没有"}, {"uid": "356352303", "content": "这个笑声不去当反派可惜了"}, {"uid": "356935419", "content": "小的，不可以的"}, {"uid": "8857368", "content": "老魅魔了"}, {"uid": "18185062", "content": "大的有包容性，小的叫临阵磨枪？"}, {"uid": "422630954", "content": "这个up好可爱，hso"}, {"uid": "488672525", "content": "在监狱里与龙王相见"}, {"uid": "433549809", "content": "是的，我已经沦陷啊啊啊啊"}, {"uid": "28615236", "content": "拖孩i了（"}, {"uid": "400327421", "content": "绝对领域系列？"}, {"uid": "626855532", "content": "你就会上Pixiv"}, {"uid": "626855532", "content": "其实是个抠脚大汉"}, {"uid": "485417190", "content": "c，是不可视领域"}, {"uid": "479989769", "content": "累了黑化吧"}, {"uid": "91827815", "content": "直视我，崽种！"}, {"uid": "622404101", "content": "只能说毫无色气可言。"}, {"uid": "221587649", "content": "快抓我 我太变态了"}, {"uid": "548245725", "content": "大姐姐你正常点"}, {"uid": "26944429", "content": "啊这"}, {"uid": "600317547", "content": "面无表情中...（认真）"}, {"uid": "9587283", "content": "这是在诱我犯罪"}, {"uid": "224829303", "content": "大的好！！！"}, {"uid": "1730240", "content": "太涩了"}, {"uid": "174020863", "content": "这个笑声！关注了"}, {"uid": "434321225", "content": "懂了，你是Debu("}, {"uid": "434321225", "content": "我已经变成你的形状了("}, {"uid": "490866949", "content": "BGM煽情（doge）"}, {"uid": "35412616", "content": "只有小的好！！！！！！！！"}, {"uid": "244072211", "content": "卡姿兰大眼睛"}, {"uid": "477954737", "content": "热血沸腾"}, {"uid": "477954737", "content": "我喜欢……这个拖鞋"}, {"uid": "351418536", "content": "所以我可以跟你结婚吗"}, {"uid": "1590555967", "content": "你这个魔鬼"}, {"uid": "177341104", "content": "呦，你很懂呢"}, {"uid": "36122356", "content": "大家好但是太涩了"}, {"uid": "291037464", "content": "我反手就是一个关注三连"}, {"uid": "486130139", "content": "还以为在上d"}, {"uid": "7228199", "content": "我觉得妳快要成为我坐牢的理由"}, {"uid": "431582991", "content": "追求刺激贯彻到底"}, {"uid": "10795975", "content": "十六岁的老女人"}, {"uid": "355356003", "content": "啊这个笑声"}, {"uid": "21639219", "content": "你倒是掀起来啊"}, {"uid": "90378777", "content": "反派笑声好耶"}, {"uid": "226799137", "content": "老人，地铁，手机.jpg"}, {"uid": "442057260", "content": "所以啊，平板才是真理啊"}, {"uid": "411194093", "content": "好家伙，蹦蹦玩家"}, {"uid": "516867273", "content": "承包这个笑声"}, {"uid": "431155582", "content": "不是（老实人）"}, {"uid": "438248561", "content": "笑死 真以为我体内的dna控制的住？"}, {"uid": "508079143", "content": "好邪恶的感觉啊"}, {"uid": "626855532", "content": "我应该还是绿的"}, {"uid": "626855532", "content": "床上？"}, {"uid": "626855532", "content": "他太大了"}, {"uid": "626855532", "content": "不会成长就去医院吧"}, {"uid": "479989769", "content": "你脸红个泡泡茶壶"}, {"uid": "650731048", "content": "我要单推我要当"}, {"uid": "1718428848", "content": "阿伟出来走一下流程"}, {"uid": "1718428848", "content": "夜 店 金 曲"}, {"uid": "622404101", "content": "不能说很色，只能说毫无设计可言。"}, {"uid": "159338", "content": "看多了之后更喜欢了✓"}, {"uid": "800144", "content": "你很懂嘛"}, {"uid": "22751965", "content": "这可太好了"}, {"uid": "359079788", "content": "其实已经是三个孩子的妈了"}, {"uid": "448796890", "content": "放我下车"}, {"uid": "291754", "content": "不知道啊！"}, {"uid": "291754", "content": "可以垫鼠标"}, {"uid": "296371988", "content": "牢底坐穿"}, {"uid": "527456911", "content": "一个不好两个最好。"}, {"uid": "527456911", "content": "哦，我点错了。"}, {"uid": "174952927", "content": "诸君我好兴奋啊"}, {"uid": "496817220", "content": "谁逗谁玩还不一定呢"}, {"uid": "496817220", "content": "包容（物理）"}, {"uid": "32828236", "content": "平板电脑大草"}, {"uid": "423495492", "content": "可恶我撑不住了"}, {"uid": "522897960", "content": "举报了吧，草，引诱我犯罪，"}, {"uid": "36106480", "content": "上升气流何在"}, {"uid": "54451499", "content": "这是16岁孩子应该懂的东西？"}, {"uid": "436467934", "content": "嗯。（认真脸）"}, {"uid": "201187886", "content": "别眨啊 喂"}, {"uid": "36122356", "content": "想画什么！难道是！"}, {"uid": "488396677", "content": "她太会了"}, {"uid": "436287601", "content": "我觉得牢饭挺香的"}, {"uid": "232655868", "content": "wc，hso"}, {"uid": "2959587", "content": "?？？?"}, {"uid": "1718428848", "content": "我DNA动了"}, {"uid": "1718428848", "content": "主公好涩，我好爱"}, {"uid": "631278760", "content": "已经升级版本了"}, {"uid": "631278760", "content": "但她太大了"}, {"uid": "475409116", "content": "prprprprpr"}, {"uid": "37098213", "content": "垫鼠标"}, {"uid": "178445390", "content": "awsl"}, {"uid": "34953245", "content": "我沦陷了"}, {"uid": "23212212", "content": "很显然没经历社会的。。。"}, {"uid": "29532419", "content": "？"}, {"uid": "617155228", "content": "XP糸统更新中"}, {"uid": "617155228", "content": "单推了单推了"}, {"uid": "626855532", "content": "妙啊"}, {"uid": "626855532", "content": "妙啊妙啊妙啊啊"}, {"uid": "278013031", "content": "这是在犯罪(doge)"}, {"uid": "418068551", "content": "笑声好反派"}, {"uid": "354555692", "content": "近い！近い！"}, {"uid": "650717414", "content": "绝对领域"}, {"uid": "516320802", "content": "哈哈哈哈哈哈哈哈哈哈"}, {"uid": "500189", "content": "草"}, {"uid": "600317547", "content": "弱弱的说一句:没有"}, {"uid": "158597853", "content": "好了，别说了，单推，结婚"}, {"uid": "128541", "content": "新的刺激"}, {"uid": "627732225", "content": "今天的b站时间就到此结束了......"}, {"uid": "448796890", "content": "引导犯罪"}, {"uid": "588741395", "content": "合法的"}, {"uid": "440986155", "content": "珍惜直播间呀"}, {"uid": "496817220", "content": "凹     陷"}, {"uid": "506921046", "content": "合法化"}, {"uid": "454943273", "content": "狱友"}, {"uid": "12539499", "content": "但天亮必须奔跑"}, {"uid": "12539499", "content": "天黑可以痛苦"}, {"uid": "30181527", "content": "hso"}, {"uid": "196723808", "content": "好家伙"}, {"uid": "36122356", "content": "结界领域"}, {"uid": "36122356", "content": "涩诱"}, {"uid": "472351447", "content": "啊啊啊，单推了"}, {"uid": "80947716", "content": "比如说"}, {"uid": "359215736", "content": "拖拉板儿（doge"}, {"uid": "244116402", "content": "摄，拆，懂？"}, {"uid": "7228199", "content": "怎么个刺激法？你想我坐牢啊？"}, {"uid": "356352303", "content": "勾引我"}, {"uid": "23212212", "content": "有多小？好奇"}, {"uid": "520164627", "content": "可爱即正义"}, {"uid": "617155228", "content": "awsl"}, {"uid": "626855532", "content": "妙啊妙啊妙啊啊"}, {"uid": "479989769", "content": "燃nm,涩起来了"}, {"uid": "215328454", "content": "小的是好，监狱也好"}, {"uid": "100501615", "content": "那不就去见龙王了嘛"}, {"uid": "111265735", "content": "看到了中二"}, {"uid": "471474398", "content": "难道不是吗？"}, {"uid": "21098678", "content": "好家伙"}, {"uid": "622404101", "content": "指头发"}, {"uid": "32542254", "content": "这家伙是S吧"}, {"uid": "544087415", "content": "好像病娇"}, {"uid": "37144073", "content": "可以带大"}, {"uid": "50109885", "content": "你别笑场啊"}, {"uid": "241424723", "content": "好会哦"}, {"uid": "434321225", "content": "16岁已经是老女人了"}, {"uid": "527456911", "content": "但不是16岁。"}, {"uid": "68458201", "content": "好家伙"}, {"uid": "7428076", "content": "364364"}, {"uid": "599149788", "content": "我？？？！！！"}, {"uid": "295896928", "content": "好耶！"}, {"uid": "400124975", "content": "我已经沦陷了"}, {"uid": "91870040", "content": "前提是先看多啊"}, {"uid": "449204869", "content": "妙啊"}, {"uid": "90426181", "content": "awsl"}, {"uid": "1353985199", "content": "抠脚大汉那个，我笑了"}, {"uid": "66855006", "content": "沦陷了"}, {"uid": "578722972", "content": "？"}, {"uid": "70681107", "content": "确实已经老了（bushi）"}, {"uid": "435655398", "content": "啊啊啊草"}, {"uid": "34957132", "content": "好家伙"}, {"uid": "480561295", "content": "请问小的紧吗？（狗头）"}, {"uid": "496408803", "content": "还没成年了"}, {"uid": "65447802", "content": "推了"}, {"uid": "203451800", "content": "我直接问号"}, {"uid": "217545727", "content": "我就不能都要吗"}, {"uid": "14659330", "content": "好家伙"}, {"uid": "23212212", "content": "您眼睛进沙子了么？"}, {"uid": "29532419", "content": "你好骚哦"}, {"uid": "29532419", "content": "你是魅魔么"}, {"uid": "626855532", "content": "车速太快啦"}, {"uid": "626855532", "content": "妙啊啊"}, {"uid": "626855532", "content": "妙啊"}, {"uid": "626855532", "content": "我不喜欢你"}, {"uid": "242384130", "content": "？？？？"}, {"uid": "278013031", "content": "？？"}, {"uid": "7416815", "content": "已经是三个孩子的妈妈了"}, {"uid": "339100860", "content": "火钳刘明！！！！"}, {"uid": "339100860", "content": "封号斗萝！！！！！"}, {"uid": "354555692", "content": "awsl"}, {"uid": "197907535", "content": "xp是指的电脑xp系统，也就是Windows XP。 xp系统是是美国微软公司研发的bai基于X86、X64架构的PC和平板电脑使用的操作系统，于2001年8月24日发布RTM版本"}, {"uid": "567513227", "content": "完蛋了"}, {"uid": "77685103", "content": "？？"}, {"uid": "113741666", "content": "so"}, {"uid": "7332180", "content": "已经冲了，xdm"}, {"uid": "534956694", "content": "正义！正义必胜！"}, {"uid": "35940984", "content": "炼起来了"}, {"uid": "100389047", "content": "？？？？"}, {"uid": "27034769", "content": "性吧清读"}, {"uid": "435912569", "content": "FBI"}, {"uid": "444232649", "content": "DD永远地神"}, {"uid": "673777199", "content": "前面的"}, {"uid": "440528531", "content": "绿色弹幕魔鬼"}, {"uid": "353877260", "content": "看多了，还是不腻"}, {"uid": "29338168", "content": "whl"}, {"uid": "454943273", "content": "propropro"}, {"uid": "501360578", "content": "蓝紫色"}, {"uid": "66855006", "content": "熄火了"}, {"uid": "490866949", "content": "好涩啊"}, {"uid": "201187886", "content": "地铁老人手机"}, {"uid": "201187886", "content": "啊嘞嘞？"}, {"uid": "505844247", "content": "笑死，我xp系统早就已经是这个版本了"}, {"uid": "87434747", "content": "prprprprprpr"}, {"uid": "70681107", "content": "犯罪的说"}, {"uid": "294605335", "content": "好家伙"}, {"uid": "1718428848", "content": "开车"}, {"uid": "517332076", "content": "诶嘿嘿嘿"}, {"uid": "10604320", "content": "兄弟矬两刀？"}, {"uid": "457058307", "content": "awsl"}, {"uid": "631278760", "content": "妙啊"}, {"uid": "187786127", "content": "年幼的目光"}, {"uid": "280040531", "content": "好耶"}, {"uid": "178445390", "content": "hso"}, {"uid": "9469049", "content": "哈哈哈哈哈"}, {"uid": "93672377", "content": "awsl"}, {"uid": "29532419", "content": "你更邪"}, {"uid": "29532419", "content": "高情商"}, {"uid": "189196368", "content": "棒棒棒"}, {"uid": "189196368", "content": "prpr"}, {"uid": "626855532", "content": "没有"}, {"uid": "626855532", "content": "看不见，懂？"}, {"uid": "626855532", "content": "看不见"}, {"uid": "626855532", "content": "妙啊"}, {"uid": "516632890", "content": "他怎么知道"}, {"uid": "660084306", "content": "好得很"}, {"uid": "22973630", "content": "大姐姐虽然好，但是还是有一点好"}, {"uid": "1718428848", "content": "和龙王抢牢饭"}, {"uid": "171226016", "content": "awsl"}, {"uid": "162218336", "content": "sodayo"}, {"uid": "637847476", "content": "啊。。这！！。。"}, {"uid": "474779723", "content": "有刻那味了"}, {"uid": "21098678", "content": "好憨"}, {"uid": "21098678", "content": "确实好"}, {"uid": "275886988", "content": "全都要"}, {"uid": "224829303", "content": "屁！大姐姐天下第一！"}, {"uid": "19461301", "content": "最棒！"}, {"uid": "19461301", "content": "她怎么知道？"}, {"uid": "315304031", "content": "雾枝行为。。"}, {"uid": "18541981", "content": "钢板"}, {"uid": "241424723", "content": "winwinwin"}, {"uid": "13975010", "content": "我去"}, {"uid": "176961921", "content": "hso"}, {"uid": "435912569", "content": "？？？"}, {"uid": "435912569", "content": "？？？"}, {"uid": "262116455", "content": "不是"}, {"uid": "407764976", "content": "有"}, {"uid": "43664801", "content": "妙啊"}, {"uid": "522012115", "content": "我还是白的"}, {"uid": "4147082", "content": "啊这"}, {"uid": "35412616", "content": "一点也不新，一直都是这种xp"}, {"uid": "637086232", "content": "靠低俗是走不远的"}, {"uid": "105631096", "content": "哈哈哈哈"}, {"uid": "406236924", "content": "古拉拉黑暗之神的笑声"}, {"uid": "490866949", "content": "超管救我！！她这是在勾引我犯罪！！"}, {"uid": "470149510", "content": "？"}, {"uid": "80947716", "content": "当然"}, {"uid": "406995656", "content": "hso"}, {"uid": "406995656", "content": "？？？？？"}, {"uid": "413178993", "content": "d了d了"}, {"uid": "26025013", "content": "冲冲冲！"}, {"uid": "457058307", "content": "啊这"}, {"uid": "631278760", "content": "喜欢"}, {"uid": "158415346", "content": "笑的不错"}, {"uid": "246473860", "content": "好耶"}, {"uid": "128752604", "content": "草"}, {"uid": "35988337", "content": "我的DNA动了"}, {"uid": "354555692", "content": "看再多也不是自己的，拿到手才是最好的"}, {"uid": "474779723", "content": "在画了在画了"}, {"uid": "474779723", "content": "hso"}, {"uid": "171163942", "content": "？？？？"}, {"uid": "53046141", "content": "是的"}, {"uid": "38858037", "content": "en了"}, {"uid": "509711362", "content": "没有"}, {"uid": "1730240", "content": "hsao"}, {"uid": "18541981", "content": "草"}, {"uid": "529063005", "content": "没有"}, {"uid": "241424723", "content": "嗯好"}, {"uid": "434321225", "content": "确实会看腻，然后我打开了浏览器看"}, {"uid": "527456911", "content": "所以要看完大姐姐，要来看你平复下心情。"}, {"uid": "1890133933", "content": "？"}, {"uid": "495605403", "content": "doge"}, {"uid": "1648679691", "content": "哇"}, {"uid": "402640688", "content": "好!"}, {"uid": "33809110", "content": "hso"}, {"uid": "20504637", "content": "坏耶"}, {"uid": "201187886", "content": "所以，这个时候你是不是应该讲一下小的的好处是什么？讲不出来我就不认同你的观点"}, {"uid": "201187886", "content": "不喜欢，不喜欢。"}, {"uid": "40747739", "content": "fbi！！！"}, {"uid": "80947716", "content": "DNA"}, {"uid": "80947716", "content": "当然"}, {"uid": "413178993", "content": "？？？"}, {"uid": "262536361", "content": "不是，你们都不看的吗"}, {"uid": "512763539", "content": "死海"}, {"uid": "399828534", "content": "绝壁"}, {"uid": "178445390", "content": "kksk"}, {"uid": "178445390", "content": "D了D了"}, {"uid": "178445390", "content": "hso"}, {"uid": "178445390", "content": "？？？"}, {"uid": "23212212", "content": "还没成年？"}, {"uid": "598326236", "content": "某羊前辈温馨提示您：靠低俗是走不远的（doge"}, {"uid": "256371728", "content": "看弹幕中间应该是还隔了有一段时间的，anti组给剪一块了草"}, {"uid": "508079143", "content": "啊这"}, {"uid": "626855532", "content": "不是"}, {"uid": "11471076", "content": "这声音太病了，单推了"}, {"uid": "242384130", "content": "这不是小不小的问题吧，这没有啊"}, {"uid": "479989769", "content": "怖いです"}, {"uid": "123226439", "content": "hso"}, {"uid": "1718428848", "content": "awsl"}, {"uid": "474779723", "content": "妙啊"}, {"uid": "474779723", "content": "真好"}, {"uid": "649109412", "content": "害怕"}, {"uid": "600317547", "content": "太蓝了"}, {"uid": "19461301", "content": "好！"}, {"uid": "482159848", "content": "在？美颜开一下"}, {"uid": "175099919", "content": "指警察找你吗……"}, {"uid": "588741395", "content": "好耶"}, {"uid": "436380060", "content": "啊啊啊"}, {"uid": "301490517", "content": "爷就喜欢贫的"}, {"uid": "138957373", "content": "prprpr"}, {"uid": "36106480", "content": "dog"}, {"uid": "669813608", "content": "C"}, {"uid": "12539499", "content": "靠低俗是走不远的"}, {"uid": "80947716", "content": "当然"}, {"uid": "34782699", "content": "prpr"}, {"uid": "2959587", "content": "?"}, {"uid": "27669045", "content": "斯哈"}, {"uid": "203451800", "content": "啊？"}, {"uid": "123970197", "content": "？？"}, {"uid": "178445390", "content": "？？？"}, {"uid": "626855532", "content": "各位听得懂不？"}, {"uid": "502822742", "content": "？"}, {"uid": "1718428848", "content": "awsl"}, {"uid": "354555692", "content": "啊啊啊啊啊啊啊啊啊啊啊啊啊啊啊"}, {"uid": "631023389", "content": "吾——伊——哈——噜———！——"}, {"uid": "602035010", "content": "超————————管————————"}]