[{"uid": "21266379", "content": "草"}, {"uid": "647578917", "content": "音容宛在牛逼"}, {"uid": "526482209", "content": "音容犹在"}, {"uid": "1368845705", "content": "←俺也是"}, {"uid": "96255300", "content": "音容宛在"}, {"uid": "70467208", "content": "居然可以这么玩哈哈哈"}, {"uid": "516320802", "content": "开  幕  雷  击"}, {"uid": "638227716", "content": "你看她笑得多开心"}, {"uid": "295097769", "content": "我不是戴耳机嘛？听不见？"}, {"uid": "436467934", "content": "这二元一次方程可真容易"}, {"uid": "22695437", "content": "《小天才》"}, {"uid": "8857368", "content": "大惊失色"}, {"uid": "37435101", "content": "我现在关注你，等你十万粉了，我就是老粉了"}, {"uid": "362432091", "content": "《小天才》"}, {"uid": "1718428848", "content": "你 真 是 个 小 天 才"}, {"uid": "1718428848", "content": "小   天   才"}, {"uid": "481862936", "content": "小天才啊让你做的黑色"}, {"uid": "174952927", "content": "叉出去哈哈哈"}, {"uid": "435912569", "content": "《小天才》"}, {"uid": "435912569", "content": "哈哈哈哈哈"}, {"uid": "327619352", "content": "你吼那么大声吗嘛(doge"}, {"uid": "13975010", "content": "哈哈哈"}, {"uid": "33410014", "content": "谢谢up已经聋了"}, {"uid": "1718428848", "content": "保 护 耳 膜"}, {"uid": "516320802", "content": "哈哈哈哈哈哈哈哈哈"}, {"uid": "13975010", "content": "小天才说的"}, {"uid": "15812077", "content": "nice！"}, {"uid": "11292122", "content": "孩子多委屈"}, {"uid": "171226016", "content": "音量注意！！！"}, {"uid": "435912569", "content": "直接事故"}, {"uid": "6684188", "content": "啊这"}, {"uid": "477685885", "content": "世界再见"}, {"uid": "1368845705", "content": "前方高能，注意调小音量"}, {"uid": "436293913", "content": "嗓子觉得针不戳"}, {"uid": "34245964", "content": "awsl"}, {"uid": "22304886", "content": "hhhhhhhh"}, {"uid": "289265336", "content": "开幕雷击"}, {"uid": "285293583", "content": "叉出去"}, {"uid": "171226016", "content": "前方高能！！！"}, {"uid": "434321225", "content": "不好看嘛，我觉得还不戳"}, {"uid": "34586708", "content": "www"}, {"uid": "612424970", "content": "www"}, {"uid": "241424723", "content": "草"}, {"uid": "8635002", "content": "n=5 m=4"}, {"uid": "362432091", "content": "当场阵亡"}, {"uid": "454766689", "content": "《    小   天   才   》"}]