[{"uid": "113896652", "content": "一个公主的国家"}, {"uid": "487237474", "content": "公猪殿下"}, {"uid": "612424970", "content": "太 平 国 家"}, {"uid": "612424970", "content": "太 平 公 主"}, {"uid": "676041960", "content": "11111'1'"}, {"uid": "516320802", "content": "绝壁的声音（震惊"}, {"uid": "516320802", "content": "她急了，她急了"}, {"uid": "516320802", "content": "开  幕  雷  击"}, {"uid": "291595705", "content": "太平公主（doge）"}, {"uid": "89340585", "content": "一个公主的主公"}, {"uid": "455943502", "content": "和男孩子拍一个声音"}, {"uid": "362432091", "content": "你在教我做事啊[doge]"}, {"uid": "430176789", "content": "公主勉强看清了局面（"}, {"uid": "444232649", "content": "不满意"}, {"uid": "490866949", "content": "好的主公，知道了主公"}, {"uid": "316074144", "content": "我喜欢大的"}, {"uid": "407198952", "content": "说实话，是真的"}, {"uid": "409145714", "content": "我很正很直（bushi"}, {"uid": "444232649", "content": "公驹垫下"}, {"uid": "1718428848", "content": "好的主公，明白了主公！"}, {"uid": "442506003", "content": "确实"}, {"uid": "34832700", "content": "宽广的像东北平原一样"}, {"uid": "301166671", "content": "她急了她急了"}, {"uid": "301166671", "content": "急了急了"}, {"uid": "21422627", "content": "暴露了jo厨本质"}, {"uid": "275580454", "content": "公主殿下"}, {"uid": "572281410", "content": "难为配音了"}, {"uid": "1548184760", "content": "宫煮"}, {"uid": "11947976", "content": "《这是我本身的经历》"}, {"uid": "362432091", "content": "噗哈哈"}, {"uid": "496817220", "content": "那叫跆拳道啊公主（doge）"}, {"uid": "1718428848", "content": "自 爆 设 定"}, {"uid": "496817220", "content": "两分钟的公主，i了"}, {"uid": "609225915", "content": "确实"}, {"uid": "527456911", "content": "钢板日川是谁"}, {"uid": "490866949", "content": "FBI去哪了！快来救我！她又在勾引我犯罪了！"}, {"uid": "517895278", "content": "好的，公猪（"}, {"uid": "445010474", "content": "我不信，除非让我摸摸"}, {"uid": "23317521", "content": "两分钟，长本事了"}, {"uid": "435816982", "content": "可怜"}, {"uid": "3450381", "content": "公主连结未上架角色?"}, {"uid": "205099", "content": "噔噔咚"}, {"uid": "29507801", "content": "竟然有声音？？"}, {"uid": "350310259", "content": "太平天国的公主"}, {"uid": "34832700", "content": "一个国家的主公"}, {"uid": "21422627", "content": "茶水洗脚那个我看见你了"}, {"uid": "572281410", "content": "？"}, {"uid": "446177905", "content": "钢板好耶"}, {"uid": "470137121", "content": "开幕雷击"}, {"uid": "32189716", "content": "我喜欢大的"}, {"uid": "480429640", "content": "太平公主"}, {"uid": "516867273", "content": "那我更XF了"}, {"uid": "26767402", "content": "破防了啊"}, {"uid": "21639219", "content": "妈妈换一批"}, {"uid": "411468516", "content": "受的"}, {"uid": "1933425249", "content": "太平公主"}, {"uid": "434321225", "content": "她急了"}, {"uid": "362432091", "content": "好的，拱猪"}, {"uid": "13710825", "content": "开幕雷击"}, {"uid": "496817220", "content": "回收开头"}, {"uid": "1549576463", "content": "好平"}, {"uid": "88867413", "content": "我喜欢大的"}, {"uid": "25986215", "content": "急了急了"}, {"uid": "11229537", "content": "一个国家的主公"}, {"uid": "410254673", "content": "太平公主"}, {"uid": "444232649", "content": "又寸"}, {"uid": "483405999", "content": "プリンセス！"}, {"uid": "574031649", "content": "工作"}, {"uid": "435912569", "content": "这个声音估计真的是平的，我也这个声音"}, {"uid": "12842128", "content": "好平的声音"}, {"uid": "232086558", "content": "因为被设定成这样"}, {"uid": "572281410", "content": "不是"}, {"uid": "29918385", "content": "平的好耶"}, {"uid": "1147443781", "content": "对"}, {"uid": "74034613", "content": "hso!"}, {"uid": "351418536", "content": "喜欢"}, {"uid": "1147443781", "content": "。。"}, {"uid": "130826075", "content": "平的不是更好"}, {"uid": "65373926", "content": "公猪"}, {"uid": "15395158", "content": "太平公主"}, {"uid": "35129070", "content": "平的不好吗？"}, {"uid": "518393067", "content": "《太 平 主 公》(doge)"}, {"uid": "514131876", "content": "木大木大木大木大木大木大木大木大木大木大木大"}]