[{"uid": "30210166", "content": "-648"}, {"uid": "189848251", "content": "这日子越来越有刑头"}, {"uid": "498930907", "content": "我选的是爷…"}, {"uid": "498930907", "content": "医疗兵！血包！我要血包！"}, {"uid": "671984343", "content": "再来亿遍"}, {"uid": "2011735383", "content": "辛亏我看过中文版，换成了电脑，结果...耳机依旧逃不过"}, {"uid": "10897086", "content": "久野美咲本人吧！太可爱了！"}, {"uid": "1445884761", "content": "-6480"}, {"uid": "312997928", "content": "卡哇伊呐"}, {"uid": "349188786", "content": "为可莉献上心脏"}, {"uid": "1430061", "content": "好家伙，又是你"}, {"uid": "588114456", "content": "刷！刷爆我的卡！"}, {"uid": "588114456", "content": "我超度了"}, {"uid": "598408129", "content": "巴巴托斯:你礼貌吗"}, {"uid": "243566134", "content": "鸭蛋"}, {"uid": "11947976", "content": "好听好听～～～"}, {"uid": "516918265", "content": "欧卡哇伊扩多"}, {"uid": "437593786", "content": "卡哇伊，牙白"}, {"uid": "352196147", "content": "money-=648"}, {"uid": "11947976", "content": "-648"}, {"uid": "411989636", "content": "648-"}, {"uid": "10933642", "content": "klee 收工！"}, {"uid": "491475825", "content": "火钳刘明"}, {"uid": "849073", "content": "好家伙"}, {"uid": "437593786", "content": "可莉卡哇伊"}, {"uid": "349470619", "content": "-648*4"}, {"uid": "1420299863", "content": "巴巴托斯：你是个人"}, {"uid": "1671032714", "content": "@哦呼w"}, {"uid": "671984343", "content": "再来一亿遍"}, {"uid": "296741751", "content": "-648x5"}, {"uid": "456259995", "content": "-648"}, {"uid": "498930907", "content": "-648"}, {"uid": "489730159", "content": "-648*N"}, {"uid": "456171387", "content": "-648"}, {"uid": "525005845", "content": "-6480"}, {"uid": "644637410", "content": "三连了"}, {"uid": "348005106", "content": "-648"}, {"uid": "25905676", "content": "哈哈哈哈"}, {"uid": "324038759", "content": "-648"}, {"uid": "90912", "content": "-648"}, {"uid": "96172646", "content": "火钳刘明"}, {"uid": "18872533", "content": "太可爱了"}, {"uid": "1652529288", "content": "为什么没人三连"}, {"uid": "597953380", "content": "648-"}, {"uid": "542839561", "content": "一648"}, {"uid": "10087365", "content": "-648"}, {"uid": "491475825", "content": "-648"}, {"uid": "71703875", "content": "648"}, {"uid": "1476501373", "content": "巴巴托斯：？？？"}, {"uid": "384999", "content": "可爱"}, {"uid": "554531447", "content": "好可爱"}, {"uid": "1606394399", "content": "-648"}, {"uid": "544314239", "content": "-648*N"}, {"uid": "35846457", "content": "还是中文的可爱"}, {"uid": "443780094", "content": "-648"}, {"uid": "525349757", "content": "-648"}, {"uid": "914550", "content": "成佛了"}, {"uid": "11947976", "content": "！！！！"}, {"uid": "501048093", "content": "好听"}, {"uid": "38954021", "content": "648"}, {"uid": "437593786", "content": "可莉酱我女儿"}, {"uid": "437593786", "content": "可莉好可爱"}, {"uid": "355811224", "content": "-648"}, {"uid": "1716611284", "content": "砰砰火花~"}, {"uid": "610172875", "content": "您就是吉良吉影他女儿？"}, {"uid": "430060037", "content": "–648"}, {"uid": "794897552", "content": "首页通知书"}, {"uid": "353777498", "content": "不精神，听不见"}, {"uid": "1472172675", "content": "保底人"}, {"uid": "9196235", "content": "救命"}, {"uid": "411989636", "content": "648-"}, {"uid": "1652529288", "content": "为什么不火"}, {"uid": "37011410", "content": "可爱"}, {"uid": "275350897", "content": "主公牌面！"}, {"uid": "578471203", "content": "这是男生配的？"}, {"uid": "430060037", "content": "–648"}, {"uid": "431466404", "content": "三连了"}, {"uid": "411989636", "content": "648-"}, {"uid": "491475825", "content": "-648"}, {"uid": "1620583770", "content": "-648"}, {"uid": "521359144", "content": "－648"}, {"uid": "430060037", "content": "–648"}, {"uid": "1439847768", "content": "人少？"}, {"uid": "1197673491", "content": "说吧，吃了几个可莉"}, {"uid": "1472172675", "content": "-648"}, {"uid": "1339630710", "content": "-648"}, {"uid": "96172646", "content": "阿伟死了"}, {"uid": "491475825", "content": "-648"}, {"uid": "85273612", "content": "很好听，但是稍微听不出原调了？x"}, {"uid": "1743207660", "content": "蹦"}, {"uid": "687645227", "content": "-648*n"}, {"uid": "454616844", "content": "我是小丑 -648＊n"}, {"uid": "616554130", "content": "精    神    污    染"}, {"uid": "546484695", "content": "这里是FBI！！！！！！！都抓起来！！！！！！！"}, {"uid": "481716713", "content": "............................."}]