[{"uid": "494705123", "content": "斯巴拉西，迭斯捏"}, {"uid": "595323458", "content": "四丘の煮込み"}, {"uid": "595323458", "content": "三丘の薬草"}, {"uid": "595323458", "content": "往生堂に時給をとる"}, {"uid": "595323458", "content": "昼はあっちこっち駆け回る"}, {"uid": "595323458", "content": "よく飲む胡桃の夢"}, {"uid": "595323458", "content": "運命無常"}, {"uid": "331385908", "content": "钟离：不用，我自己已经给自己办过了"}, {"uid": "324839173", "content": "当时看了一个《Dio：不做人》，结果现在看到这闪过去的画面脑袋里就冒出3个High\t"}, {"uid": "401813930", "content": "失去灵魂"}, {"uid": "24054584", "content": "《六千多岁的年轻人》"}, {"uid": "523409925", "content": "上头了然后突然想起来忘记是什么歌……"}, {"uid": "535078227", "content": "你骂a（恳求）"}, {"uid": "409566731", "content": "胡桃应该是くるみ"}, {"uid": "44004100", "content": "やる気満々 hhh"}, {"uid": "500996580", "content": "帝  君  遇  刺"}, {"uid": "402089584", "content": "哇，好柔好顺"}, {"uid": "514239358", "content": "每天一遍，上头"}, {"uid": "110944847", "content": "这原本是中文的，中文是翘"}, {"uid": "628890578", "content": "阿伟！出来走下流程！"}, {"uid": "255193298", "content": "感觉这个版本的声音更清晰"}, {"uid": "483469687", "content": "上头了哈！"}, {"uid": "27498683", "content": "这个版本也很好听啊～"}, {"uid": "441432290", "content": "塞够呢？（想起了dio的屑"}, {"uid": "499179187", "content": "别有一番风味"}, {"uid": "238110495", "content": "上头了上头了"}, {"uid": "291215156", "content": "めいうんむじょう（doge"}, {"uid": "52533656", "content": "擅长抬棺的胡桃同学"}, {"uid": "37149575", "content": "七秋秋却说：别想投胎！"}, {"uid": "408591530", "content": "字幕皮了，二丘丘是“翘”"}, {"uid": "142364113", "content": "我的天啊，太可爱了吧！！！！"}, {"uid": "476219210", "content": "要意思完整译下来还是有难度啊，押韵什么的"}, {"uid": "349282999", "content": "不知道胡桃日配这么好听（心情简单"}, {"uid": "17326877", "content": "最喜欢的还是嗷~"}, {"uid": "11947976", "content": "好听∠( ᐛ 」∠)_"}, {"uid": "158417722", "content": "不愧是主公，傲娇属性点满"}, {"uid": "19915369", "content": "突出一个上头"}, {"uid": "483907826", "content": "这一段好听！"}, {"uid": "470648442", "content": "每日一遍（第11天）"}, {"uid": "1094511485", "content": "帝君遇刺，封锁现场！"}, {"uid": "697539400", "content": "感觉没有“嗷～～”的胡桃失去了灵魂"}, {"uid": "1070273988", "content": "《原来七神是七个丘丘人》"}, {"uid": "595323458", "content": "夜遅く寝る人は翻ります"}, {"uid": "693980821", "content": "熬～～～"}, {"uid": "21331406", "content": "为什么不是斯巴拉西"}, {"uid": "39498826", "content": "人声的肯定比调的丝滑啊.."}, {"uid": "702170737", "content": "在三连的路上作死"}, {"uid": "88901126", "content": "她想我死，她心里有我"}, {"uid": "32674775", "content": "太可爱了！"}, {"uid": "32674775", "content": "听完原版再来亿遍"}, {"uid": "479430871", "content": "这不是日配版胡桃是作者翻唱"}, {"uid": "437578981", "content": "陶典那是大条神经风，高桥zhesgi"}, {"uid": "499665418", "content": "好好好，好活当赏"}, {"uid": "690637526", "content": "每日看一遍，胡桃陪你睡"}, {"uid": "2379971", "content": "依旧效果震撼"}, {"uid": "24857455", "content": "有点罗德千年公之歌的感觉"}, {"uid": "327142249", "content": "sa yi na la"}, {"uid": "336153915", "content": "哈哈哈哈帝君遇刺"}, {"uid": "480045488", "content": "你好，我是6000岁的钟离小朋友"}, {"uid": "689719462", "content": "嗯真好听(✪▽✪)"}, {"uid": "43077580", "content": "瓦塔西哈哈哈哈"}, {"uid": "346897292", "content": "没有振动模式ww"}, {"uid": "483469687", "content": "有内味了啊！"}, {"uid": "30192862", "content": "你以为我听不出来你在骂我？》"}, {"uid": "109333501", "content": "我还是喜欢高桥的声线"}, {"uid": "442629003", "content": "ko no胡桃 da！"}, {"uid": "522605173", "content": "往生堂第七十七代堂主ko no 胡桃 da"}, {"uid": "100569405", "content": "哦哈哈哈哈"}, {"uid": "11691710", "content": "音读听着很像，和训读不一样"}, {"uid": "455653132", "content": "温迪被迫成为丘丘人"}, {"uid": "455653132", "content": "《六千多岁的年轻人》"}, {"uid": "1917747", "content": "胡桃的日语台词翻译确实损失太多信息了，可惜。唱的很不错"}, {"uid": "454526466", "content": "老二次元还是喜欢日语"}, {"uid": "286488948", "content": "是你！惠惠！"}, {"uid": "93948916", "content": "命运无常好像中文"}, {"uid": "505533537", "content": "吃水煮鱼配虾饺喽"}, {"uid": "624321021", "content": "我已经上头了"}, {"uid": "92104760", "content": "KO NO 胡桃 DA"}, {"uid": "411313864", "content": "地沟油~地沟油~"}, {"uid": "595323458", "content": "妊娠したくないですよ"}, {"uid": "595323458", "content": "胡桃は今、私の心は雄鷹です。"}, {"uid": "595323458", "content": "明るい月が空を覆う"}, {"uid": "595323458", "content": "天地万象"}, {"uid": "7375635", "content": "日语也不错 问题我觉得灵魂是那一声 嗷~"}, {"uid": "31477297", "content": "这里应该说压力马斯内！"}, {"uid": "278958721", "content": "中文版上头"}, {"uid": "437578981", "content": "陶典那是大条神经风，高桥那是腹黑病娇风"}, {"uid": "412170559", "content": "行秋害怕"}, {"uid": "402654094", "content": "你给陆大有"}, {"uid": "693521215", "content": "抢人工作？！"}, {"uid": "327142249", "content": "si guo yi 捏"}, {"uid": "315589589", "content": "你再骂！（恳求）"}, {"uid": "20335935", "content": "再来亿遍"}, {"uid": "125964993", "content": "卧槽up牛逼！"}, {"uid": "510447985", "content": "丘丘做错了什么​"}, {"uid": "165561969", "content": "再来亿遍"}, {"uid": "662643713", "content": "也挺好听的"}, {"uid": "389362803", "content": "爷爷爷汁汁汁嗷嗷嗷"}, {"uid": "514905216", "content": "有内味了"}, {"uid": "354555692", "content": "我还能怎么办呢？投币呗！"}, {"uid": "364705971", "content": "视频是这样的并且已获得授权"}, {"uid": "272313767", "content": "有点上头"}, {"uid": "516834784", "content": "zaz再来亿遍"}, {"uid": "1818112949", "content": "我：她巴不得我s，她心里有我"}, {"uid": "356465077", "content": "别有一番风味"}, {"uid": "433582966", "content": "太上头了"}, {"uid": "255194", "content": "终于听到了日语版丘丘谣！（游戏里是日版儿歌并不是丘丘谣）"}, {"uid": "480045488", "content": "比原版还有毒"}, {"uid": "2103274", "content": "上头，超级好听、！！"}, {"uid": "398585162", "content": "嗷~嗷~嗷~"}, {"uid": "549601656", "content": "BAKA(〃▽〃)"}, {"uid": "294011377", "content": "中文好几十个音日文会多出来五个以上的音，还想要押韵？╮(￣⊿￣\")╭"}, {"uid": "526574923", "content": "用天动万象填坟墓"}, {"uid": "114611034", "content": "不行了  上头"}, {"uid": "474032532", "content": "帝君第二次遇刺"}, {"uid": "474252677", "content": "熬 熬 熬 熬 熬 ～～"}, {"uid": "33946448", "content": "终于等到了！好耶！"}, {"uid": "455721922", "content": "尼给陆大有！！！"}, {"uid": "79817062", "content": "嗷~"}, {"uid": "670223862", "content": "一顿饭几个高桥李依啊"}, {"uid": "595323458", "content": "六丘担ぎ"}, {"uid": "595323458", "content": "新しく来た店員"}, {"uid": "595323458", "content": "早起きは体に良いです"}, {"uid": "595323458", "content": "ひいひい"}, {"uid": "595323458", "content": "ひいひい"}, {"uid": "595323458", "content": "詩を一首作る"}, {"uid": "595323458", "content": "路地派の暗黒の油揚げ詩人はまさに本人です。"}, {"uid": "1176123080", "content": "温迪：丘丘人竟是我自己"}, {"uid": "474371082", "content": "可以可以"}, {"uid": "499665418", "content": "再来亿遍"}, {"uid": "22150159", "content": "すごい"}, {"uid": "167831503", "content": "好可爱啊"}, {"uid": "1212206236", "content": "日本語うまい〜！！"}, {"uid": "292020886", "content": "每日亿遍"}, {"uid": "14952856", "content": "人才"}, {"uid": "598693299", "content": "这水印还没去呢"}, {"uid": "510447985", "content": "上头啊"}, {"uid": "500996580", "content": "温迪被迫成丘丘人"}, {"uid": "362481510", "content": "玛修唱的好"}, {"uid": "476482898", "content": "嗷~"}, {"uid": "525682047", "content": "啦啦啦啦~~"}, {"uid": "2006880125", "content": "两位被日配返老归童的角色"}, {"uid": "617516361", "content": "月亮出来，我杀月亮"}, {"uid": "617516361", "content": "太阳出来我杀太阳"}, {"uid": "147967857", "content": "爱蜜莉雅的声音"}, {"uid": "10522785", "content": "这里是鹅妈妈童谣的改版 不要搜原曲很吓人的"}, {"uid": "1386472429", "content": "爱了爱了"}, {"uid": "106183690", "content": "さーよーなーらー ~"}, {"uid": "650999993", "content": "斯国一"}, {"uid": "446027559", "content": "中文因为不是配音原唱所以是用碎音剪辑成的"}, {"uid": "238110495", "content": "上头了"}, {"uid": "11691710", "content": "翻唱很到位了，爱了"}, {"uid": "14573352", "content": "像凹酱的声音"}, {"uid": "49868029", "content": "绝世好活！"}, {"uid": "223303126", "content": "再来亿遍"}, {"uid": "282382631", "content": "屑~"}, {"uid": "424889244", "content": "好听上头"}, {"uid": "455325169", "content": "每日一遍"}, {"uid": "172404170", "content": "熬 熬 熬 熬 熬~~"}, {"uid": "37149575", "content": "二秋秋瞧"}, {"uid": "390199358", "content": "才发现双水印！"}, {"uid": "475777102", "content": "嗷～"}, {"uid": "474252677", "content": "熬 熬 熬 熬 熬～～"}, {"uid": "108784436", "content": "高桥李依本人"}, {"uid": "444906578", "content": "这个戒指，鼬神啊"}, {"uid": "668630087", "content": "地沟油的够了！"}, {"uid": "51135259", "content": "再来一次"}, {"uid": "454449372", "content": "塞口你？？？DNA错乱"}, {"uid": "1070273988", "content": "貼り付けホールの77世代はクルミである"}, {"uid": "595323458", "content": "お葬式をする自信があります。"}, {"uid": "595323458", "content": "買ったら一つサービスします"}, {"uid": "595323458", "content": "ひいひい"}, {"uid": "595323458", "content": "くるみはくるみです"}, {"uid": "595323458", "content": "陰陽がきちんとしている"}, {"uid": "595323458", "content": "生老病死"}, {"uid": "595323458", "content": "私も出かけましょう"}, {"uid": "595323458", "content": "にこにこする"}, {"uid": "652658832", "content": "风神被迫成为丘丘人"}, {"uid": "168018156", "content": "一点都不怪！"}, {"uid": "572503229", "content": "这里有点吓人"}, {"uid": "325852668", "content": "KKSK"}, {"uid": "1617817806", "content": "香菱：？？？合着小丑就是我自己呗"}, {"uid": "468493384", "content": "すっごい"}, {"uid": "316370679", "content": "确实好听"}, {"uid": "498764157", "content": "再来亿遍！"}, {"uid": "1428442626", "content": "感觉日文比较好听，胡桃可爱死了"}, {"uid": "429476524", "content": "di gou you～"}, {"uid": "1690126771", "content": "上头了"}, {"uid": "595728951", "content": "比原版还有毒，真不错"}, {"uid": "478570244", "content": "这些丘丘人我都有，唉嘿"}, {"uid": "439905445", "content": "好！你三连有了"}, {"uid": "92666863", "content": "主公suki"}, {"uid": "707609733", "content": "上头"}, {"uid": "1304708281", "content": "日常迫害丘丘人"}, {"uid": "414644537", "content": "看老娘一鼻涕泡摔死尔等"}, {"uid": "453044089", "content": "嗷嗷嗷"}, {"uid": "471537945", "content": "我他吗现在心思雄鹰"}, {"uid": "510447985", "content": "上头有点"}, {"uid": "1346127663", "content": "啊这，我觉得有内味"}, {"uid": "375493252", "content": "每日一遍"}, {"uid": "34422002", "content": "上头啊"}, {"uid": "514905216", "content": "日语yyds"}, {"uid": "483957564", "content": "印度味大大滴"}, {"uid": "634279284", "content": "上头 洗脑 现在满脑子都是"}, {"uid": "470838760", "content": "高桥 ！！！"}, {"uid": "519886990", "content": "高桥李依JPG"}, {"uid": "522231094", "content": "你给路打油"}, {"uid": "23155112", "content": "还是有点含蓄"}, {"uid": "398566248", "content": "有那味了"}, {"uid": "24446601", "content": "赛高尼嗨铁鸭子哒"}, {"uid": "277586386", "content": "前面的小心阿强欧拉你"}, {"uid": "505090826", "content": "七七出来我埋七七"}, {"uid": "47382089", "content": "上头"}, {"uid": "475777102", "content": "有点上头"}, {"uid": "290870696", "content": "有点上头"}, {"uid": "1204383881", "content": "命运无常听着像奥浯"}, {"uid": "33946448", "content": "哎嘿～"}, {"uid": "595323458", "content": "二丘み"}, {"uid": "595323458", "content": "大丘病です"}, {"uid": "1070273988", "content": "所有者の所有者はどうですか？"}, {"uid": "595323458", "content": "純陽正気と陰陽が一つになる"}, {"uid": "595323458", "content": "買い占めが多い"}, {"uid": "595323458", "content": "月が出たら月を干すよ。"}, {"uid": "595323458", "content": "月が出ました"}, {"uid": "498930907", "content": "这个版本也很好听的啊！！！！！！！"}, {"uid": "291007145", "content": "是UP主唱的哦"}, {"uid": "336002698", "content": " すっごいねー"}, {"uid": "257633911", "content": "高桥李依（破音）！"}, {"uid": "1334436779", "content": "再来亿遍"}, {"uid": "468493384", "content": "すみません"}, {"uid": "606577577", "content": "米高扬"}, {"uid": "1212206236", "content": "胡桃可愛いな〜！！"}, {"uid": "329098207", "content": "嗷！"}, {"uid": "39828476", "content": "嗷嗷啊"}, {"uid": "24857455", "content": "千年公之歌"}, {"uid": "518594257", "content": "帝一一君一一！"}, {"uid": "22313132", "content": "每日一刷"}, {"uid": "2050402160", "content": "贼上头"}, {"uid": "1763280130", "content": "七七快跑！！！"}, {"uid": "23251554", "content": "嗷是可以快读あお（ao）来得到哒～"}, {"uid": "620819936", "content": "你再骂！！！"}, {"uid": "57434288", "content": "上头"}, {"uid": "568280024", "content": "太上头了"}, {"uid": "38247573", "content": "人才"}, {"uid": "1557798337", "content": "i了i丁"}, {"uid": "283192877", "content": "真的好"}, {"uid": "386863544", "content": "泥给路哒油"}, {"uid": "1335395", "content": "地沟油"}, {"uid": "382868566", "content": "火钳刘明"}, {"uid": "19198468", "content": "挺奈斯的"}, {"uid": "483957564", "content": "印度大大滴"}, {"uid": "629218413", "content": "上头"}, {"uid": "452183756", "content": "火钳刘明"}, {"uid": "511665876", "content": "嗷"}, {"uid": "511665876", "content": "五丘丘怎么了……"}, {"uid": "616760463", "content": "高桥李依赛高"}, {"uid": "184696845", "content": "日语这个我是真爱了"}, {"uid": "472699319", "content": "七七快跑"}, {"uid": "20969983", "content": "押韵还是中文的到位"}, {"uid": "28054320", "content": "米蔻油"}, {"uid": "480045488", "content": "欢迎回来"}, {"uid": "14205766", "content": "嗷~"}, {"uid": "1318990278", "content": "还是很好听的。"}, {"uid": "1543979982", "content": "可以当赏"}, {"uid": "497324271", "content": "上洗脑了啊"}, {"uid": "156544829", "content": "两个都再看亿遍"}, {"uid": "37149575", "content": "六秋秋抬"}, {"uid": "37149575", "content": "三秋秋采药"}, {"uid": "302128550", "content": "真不错（滑稽）"}, {"uid": "1893327", "content": "有点上头"}, {"uid": "94222162", "content": "awsl"}, {"uid": "587758193", "content": "考，我刚刚听到他的那个抠脚，我就想到了那个无敌的男人"}, {"uid": "510187167", "content": "我就知道"}, {"uid": "4295249", "content": "好家伙"}, {"uid": "35508854", "content": "嗷这里没灵魂了"}, {"uid": "2603156", "content": "日语没有嗷吧我记得（"}, {"uid": "2603156", "content": "是西片太太"}, {"uid": "102912932", "content": "嗷呜"}, {"uid": "23105824", "content": "awsl"}, {"uid": "508525774", "content": "嗷~~"}, {"uid": "34224105", "content": "没那味儿，可以试着改改词儿。"}, {"uid": "637988191", "content": "阿伟乱葬岗"}, {"uid": "426006309", "content": "差点意思"}, {"uid": "533215040", "content": "嗷"}, {"uid": "1472172675", "content": "嗷ソ~"}, {"uid": "91805609", "content": "斯国一"}, {"uid": "52921634", "content": "日が出たらひなたぼっこをする"}, {"uid": "595323458", "content": "くるみは桃ではありません"}, {"uid": "595323458", "content": "空が晴れて海が広々としている"}, {"uid": "524399267", "content": "高桥李依不是吹的"}, {"uid": "164640995", "content": "有些听着像百话"}, {"uid": "134918513", "content": "最后亻乙遍"}, {"uid": "438973737", "content": "鸡皮疙瘩起来了…"}, {"uid": "441049636", "content": "？？？？？？？？？？？？？"}, {"uid": "475467608", "content": "尼克杨"}, {"uid": "440227006", "content": "嗷嗷嗷"}, {"uid": "468493384", "content": "大丈夫ですか"}, {"uid": "224960357", "content": "小冥"}, {"uid": "548144377", "content": "好可爱啊啊啊"}, {"uid": "1042536005", "content": "上头"}, {"uid": "402654094", "content": "牛 但为什么不火？"}, {"uid": "1354418158", "content": "塞扣你high铁鸭子大"}, {"uid": "510447985", "content": "丘丘做错了什么"}, {"uid": "514239358", "content": "上头"}, {"uid": "631060582", "content": "进我的收藏里吃灰去吧"}, {"uid": "631060582", "content": "上头"}, {"uid": "1743207660", "content": "嗷、、"}, {"uid": "446153566", "content": "主公yyds"}, {"uid": "176080763", "content": "你给路哒呦"}, {"uid": "354486994", "content": "EMT"}, {"uid": "276623861", "content": "呐呐呐"}, {"uid": "983652101", "content": "阿伟乱葬岗"}, {"uid": "470822114", "content": "直接三连好吧"}, {"uid": "1847253", "content": "好好听"}, {"uid": "30192862", "content": "你再骂？"}, {"uid": "170361558", "content": "斯国一"}, {"uid": "33546018", "content": "哇哦"}, {"uid": "1307195647", "content": "好洗脑。。"}, {"uid": "107739843", "content": "哇！"}, {"uid": "720171555", "content": "哦⊙∀⊙！"}, {"uid": "11849783", "content": "好啊"}, {"uid": "159964396", "content": "太可爱了"}, {"uid": "430683615", "content": "地沟油"}, {"uid": "430683615", "content": "地沟油"}, {"uid": "222785700", "content": "阿列"}, {"uid": "10434128", "content": "嗷嗷嗷"}, {"uid": "172404170", "content": "别有一番风味"}, {"uid": "237683316", "content": "我绝对没有咽口水"}, {"uid": "175656073", "content": "好耶"}, {"uid": "515839863", "content": "更毒了"}, {"uid": "361382062", "content": "好听"}, {"uid": "228268732", "content": "可爱"}, {"uid": "1196957784", "content": "感觉没有中文的魔性。"}, {"uid": "349733189", "content": "阿爸哟"}, {"uid": "38915143", "content": "火钳刘明"}, {"uid": "411358251", "content": "还挺好听的。"}, {"uid": "11947976", "content": "哈哈哈哈哈"}, {"uid": "191092483", "content": "来啦来啦"}, {"uid": "519782146", "content": "好家伙"}, {"uid": "1204383881", "content": "思呐达卡"}, {"uid": "475444777", "content": "火钳刘明"}, {"uid": "11947976", "content": "好听好听～～～～"}, {"uid": "2105482571", "content": "久等了"}, {"uid": "624321021", "content": "再来亿遍"}, {"uid": "472980678", "content": "0.75倍速"}, {"uid": "185847843", "content": "没有嗷～了，难受"}, {"uid": "1729667621", "content": "没有中文那么好听呢"}, {"uid": "26222025", "content": "前方高能"}, {"uid": "595323458", "content": "時計はこんなに若いです。"}, {"uid": "595323458", "content": "とても満足しています"}, {"uid": "595323458", "content": "うん？"}, {"uid": "1003862822", "content": "巴巴托丘"}, {"uid": "20652583", "content": "嗷嗷嗷"}, {"uid": "610157363", "content": "你币有了"}, {"uid": "294507431", "content": "李依李！"}, {"uid": "472261159", "content": "地沟油。"}, {"uid": "1617817806", "content": "风神乱入"}, {"uid": "1476373377", "content": "推荐2倍速"}, {"uid": "365074206", "content": "嗷"}, {"uid": "1892914278", "content": "幺儿 "}, {"uid": "13301879", "content": "啦啦啦啦啦啦啦啦"}, {"uid": "37121047", "content": "不会有人刷不到这个吧，，，，"}, {"uid": "1690126771", "content": "爱了爱了"}, {"uid": "39828476", "content": "嗷"}, {"uid": "39143478", "content": "kobe+"}, {"uid": "36299361", "content": "日语版好听"}, {"uid": "441336878", "content": "社会"}, {"uid": "534956694", "content": "！日语版？"}, {"uid": "650962178", "content": "awsl"}, {"uid": "178445390", "content": "哈哈哈"}, {"uid": "763829387", "content": "上头"}, {"uid": "409884010", "content": "更毒了"}, {"uid": "514239358", "content": "熬~"}, {"uid": "666667216", "content": "日语阿"}, {"uid": "490441620", "content": "十级中文"}, {"uid": "439905445", "content": "好耶"}, {"uid": "3367842", "content": "嗷"}, {"uid": "310932041", "content": "老婆"}, {"uid": "148855778", "content": "ヒルチャールのお兄さんが病気になった。ヒルチャールのお姉さんが看病して〜"}, {"uid": "131469852", "content": "芜湖"}, {"uid": "480045488", "content": "丘丘托斯"}, {"uid": "14205766", "content": "emmm"}, {"uid": "266667409", "content": "不错哦"}, {"uid": "1731222056", "content": "嗷嗷嗷嗷"}, {"uid": "200444275", "content": "李依李"}, {"uid": "477512864", "content": "芜湖"}, {"uid": "603310442", "content": "！！！！"}, {"uid": "549974551", "content": "可爱"}, {"uid": "495300588", "content": "《年轻》"}, {"uid": "294607501", "content": "好活"}, {"uid": "698603493", "content": "唱的还行，就是没那劲儿。"}, {"uid": "22470757", "content": "火钳刘明"}, {"uid": "94624689", "content": "桃子"}, {"uid": "309555954", "content": "钟离！！！！！"}, {"uid": "454106370", "content": "好听"}, {"uid": "454106370", "content": "好听"}, {"uid": "474415656", "content": "？？？？"}, {"uid": "233424969", "content": "ฅ۶•ﻌ•♡"}, {"uid": "221985219", "content": "嗷"}, {"uid": "30207191", "content": "怎么没人呢？"}, {"uid": "26188650", "content": "好听"}, {"uid": "6696047", "content": "好听"}, {"uid": "105123949", "content": "火钳刘明"}, {"uid": "651811346", "content": "兔子 "}, {"uid": "88652139", "content": "凹酱？"}, {"uid": "510976252", "content": "？？？"}, {"uid": "424937527", "content": "up主唱的哦"}, {"uid": "407987913", "content": "kksk"}, {"uid": "510108646", "content": "我更喜欢听日语的"}, {"uid": "595323458", "content": "七丘は"}, {"uid": "1006242317", "content": "0.75"}, {"uid": "524007154", "content": "emt"}, {"uid": "402462671", "content": "llidllid"}, {"uid": "617270612", "content": "没必要，各有各的喜欢谁说老二次元就喜欢日语了"}, {"uid": "88652139", "content": "cv是凹酱？"}, {"uid": "26989354", "content": "是UP唱的这明显不是李依李的声音"}, {"uid": "621620575", "content": "兄弟们，不是我说我是真的，鸡皮疙瘩起来 "}, {"uid": "1844976", "content": "没嗷？"}, {"uid": "157626193", "content": "00"}, {"uid": "1791577849", "content": "୧(⁎˃ ◡˂⁎)୨ꔛ♩"}, {"uid": "284212106", "content": "AWSL"}, {"uid": "1212206236", "content": "私は中国語がすごく好きですよ"}, {"uid": "429476524", "content": "wudao！！"}, {"uid": "353133677", "content": "emt"}, {"uid": "602449072", "content": "爱了"}, {"uid": "1249973928", "content": "真不错"}, {"uid": "646363033", "content": "你币有了"}, {"uid": "1125182259", "content": "这不我老婆么"}, {"uid": "652376339", "content": "许愿胡桃"}, {"uid": "1548156", "content": "3.【】////////。。。。。。。。。。。。。。。。。。。。。。。。。。。。。。。。。。。。。。。。。。。。。。；了 吗"}, {"uid": "283192877", "content": "比，"}, {"uid": "199175014", "content": "有艾米莉亚那味了"}, {"uid": "442610155", "content": "好活"}, {"uid": "1107425826", "content": "别想投币哦"}, {"uid": "494844392", "content": "有点怪"}, {"uid": "442764444", "content": "这声音有点像明日香"}, {"uid": "232602145", "content": "上头"}, {"uid": "364705971", "content": "视频是借用的"}, {"uid": "118200854", "content": "爱了爱了"}, {"uid": "49765264", "content": "香菱！~~"}, {"uid": "439905445", "content": "三连一定三连"}, {"uid": "37712978", "content": "不好意思  你存在感太低了  无法被观测到"}, {"uid": "511665876", "content": "嗷"}, {"uid": "1818112949", "content": "嗷"}, {"uid": "28300187", "content": "芜湖"}, {"uid": "311863739", "content": "高桥李依！！"}, {"uid": "430683615", "content": "嗷"}, {"uid": "346742774", "content": "。"}, {"uid": "476209268", "content": "oh"}, {"uid": "1952617720", "content": "熬熬熬熬~~"}, {"uid": "688153098", "content": "嗷嗷嗷~~"}, {"uid": "37149575", "content": "四秋秋熬"}, {"uid": "37149575", "content": "大秋秋病了"}, {"uid": "495300588", "content": "嗷嗷嗷嗷"}, {"uid": "508011988", "content": "不对"}, {"uid": "380002278", "content": "哇哦"}, {"uid": "400507339", "content": "好听"}, {"uid": "27773372", "content": "确实有点怪"}, {"uid": "441900777", "content": "冒泡"}, {"uid": "646480979", "content": "草（一种元素力）。"}, {"uid": "30402553", "content": "好耶"}, {"uid": "268590215", "content": "草"}, {"uid": "34224105", "content": "押韵是押韵，但是没那味儿了。"}, {"uid": "508414016", "content": "7.15卧槽！生日快乐  ！！"}, {"uid": "1512052200", "content": "从中国那边过来的"}, {"uid": "543970505", "content": "日文"}, {"uid": "595323458", "content": "五丘丘で死ぬ"}, {"uid": "48260395", "content": "逃(ni）げ(ge）る（ru）な（na）よ(yo）"}, {"uid": "595323458", "content": "商売の世話をする"}, {"uid": "595323458", "content": "腹いっぱい食べてお腹をいっぱいにしていってください。"}, {"uid": "595323458", "content": "この気持ちはこの景色にぴったりだ。"}, {"uid": "595323458", "content": "太陽が出たら、私は太陽を浴びます。"}, {"uid": "595323458", "content": "本堂を探していますが、何か御用ですか？"}, {"uid": "491160454", "content": "死吧啦系"}, {"uid": "521331955", "content": "比原版丝滑可爱一些"}, {"uid": "508492448", "content": "前面的，不是日配。"}, {"uid": "44370870", "content": "日语不押韵"}, {"uid": "228277211", "content": "日语好押韵"}, {"uid": "507273185", "content": "没原版押韵"}, {"uid": "480072632", "content": "胡桃，你家办丧葬需要多少钱呢？我想办个丧事。"}, {"uid": "1530503027", "content": "我TM现在形似雄鹰"}, {"uid": "28741633", "content": "EMT"}, {"uid": "24054584", "content": "六千多岁的年轻人"}, {"uid": "314198216", "content": "日语配音没有嗷"}, {"uid": "43831188", "content": "日语版毒中毒"}, {"uid": "595728951", "content": "死狗一内"}, {"uid": "126399054", "content": "憨八嘎"}, {"uid": "14236586", "content": "日语cv是惠惠啊  胡桃红传说"}, {"uid": "502708696", "content": "建议日语适当改歌词，不然有点怪"}, {"uid": "583699296", "content": "没嗷的嗷 还叫嗷嘛"}, {"uid": "324238549", "content": "日语不押韵"}, {"uid": "137730467", "content": "有噶哇噶忒库洛酷又"}, {"uid": "215982098", "content": "注意水印"}, {"uid": "148855778", "content": "ヒルチャールのお兄さんが病気になった。ヒルチャールのお姉さんが看病して〜"}, {"uid": "652670571", "content": "日语音更长所以才不押韵的，某些人可以去看中文版……"}, {"uid": "523381632", "content": "刚开始感觉没中文那味了，现在嘛……上头"}, {"uid": "627130206", "content": "我tm现在心似雄鹰"}, {"uid": "1570473318", "content": "这是我的翻唱，不是日配！！！大家不要搞混啦！！"}, {"uid": "569464837", "content": "日语没有嗷"}, {"uid": "23545906", "content": "个人还是更喜欢汉语版"}, {"uid": "419195606", "content": "日本人唐代在北方学习，后来应该是北方有部分人向南迁移把河南口音带到了南方、现在北方人的口音又受北方少数民族影响"}, {"uid": "266460189", "content": "制作不改一下嘛"}, {"uid": "26514307", "content": "有中文版的"}, {"uid": "37149575", "content": "五秋秋死了"}, {"uid": "1987784698", "content": "弹幕呢？"}, {"uid": "276601349", "content": "哟西！"}, {"uid": "786275", "content": "敖 熬"}, {"uid": "524527539", "content": "1. 25倍燃起来了"}, {"uid": "349672495", "content": "感觉中文版押韵"}, {"uid": "423264132", "content": "吾名为慧慧……"}, {"uid": "595323458", "content": "老衰で死ぬ"}, {"uid": "6258656", "content": "这还不押韵 你耳朵被狗吃了吧"}, {"uid": "70128923", "content": "八嘎"}, {"uid": "2046098", "content": "日语也不错┗|｀O′|┛ 嗷~~"}, {"uid": "299566406", "content": "可以可以"}, {"uid": "37712978", "content": "别在这ky了 听不惯就左上角 在这找存在感吗"}, {"uid": "155601607", "content": "？？？？？？？？？？？？？？？？"}, {"uid": "4664005", "content": "日语不押韵了，没那味"}, {"uid": "2103274", "content": "好上头~~~~~~~~~~~~~~~"}, {"uid": "2103274", "content": "好听~~~~~~~~~~~~~~~~"}]