[{"uid": "700391572", "content": "《 鸡 翅 》"}, {"uid": "700391572", "content": "鸡：你白切兔关我什么事？"}, {"uid": "286744957", "content": "第十道菜:桐生战兔"}, {"uid": "286744957", "content": "檀黎斗，诗岛刚觉得很赞"}, {"uid": "12451016", "content": "九等分的帕里"}, {"uid": "523440453", "content": "危　帕里　危"}, {"uid": "489074194", "content": "全  兔  宴"}, {"uid": "20578322", "content": "艾 妈 手 撕 烤 兔"}, {"uid": "915081", "content": "危 帕里 危"}, {"uid": "310843417", "content": "猎  杀  时  刻"}, {"uid": "310843417", "content": "用妈妈做的料理"}, {"uid": "10826451", "content": "快进到警察叔叔敲门x"}, {"uid": "384796790", "content": "《带孝女》"}, {"uid": "2854211", "content": "十 兄 弟"}, {"uid": "2907196", "content": "图片是后期吧，怕是根本没有白切兔的图，就是想要迫害（"}, {"uid": "259088979", "content": "但是为什么在上下动啊，要忍不住了喂"}, {"uid": "129281106", "content": "猎  杀  时  刻"}, {"uid": "2170632", "content": "等等，仔细一看确实是白切鸡哈哈哈哈哈哈哈"}, {"uid": "78091670", "content": "封面魔鬼"}, {"uid": "22584063", "content": "月之美（食）兔"}, {"uid": "815440", "content": "我会怎么样我不知道，但帕里会被撑坏的"}, {"uid": "34349251", "content": "兔子肉不够，暗示帕里身上的肉"}, {"uid": "1415724", "content": "兔 笑 九 泉"}, {"uid": "1415724", "content": "八 兔 过 海"}, {"uid": "1415724", "content": "斩 六 兔"}, {"uid": "1415724", "content": "五 兔 分 尸"}, {"uid": "1415724", "content": "兔 四 狐 悲"}, {"uid": "1415724", "content": "月 之 三 兔"}, {"uid": "1415724", "content": "双 兔 傍 地"}, {"uid": "1415724", "content": "次　は　お　前　だ"}, {"uid": "2771774", "content": "P家日常带孝女"}, {"uid": "327388057", "content": "这是干拌刀削面呀。。猫猫放错图了"}, {"uid": "327388057", "content": "十三年脑血栓少一天都整不出这活"}, {"uid": "426239924", "content": "烘 糖 大 孝"}, {"uid": "5084411", "content": "麻 辣 秃 头"}, {"uid": "398825879", "content": "第十道，帕里兔，齐了！"}, {"uid": "253419", "content": "鸡 兔 同 笼"}, {"uid": "186942240", "content": "危　帕里　危"}, {"uid": "3207714", "content": "帕里：好 全吃（毕竟吃过）"}, {"uid": "186942240", "content": "字　正　腔　圆"}, {"uid": "222627254", "content": "天地壹号"}, {"uid": "2170632", "content": "发音太可爱了"}, {"uid": "49921746", "content": "肉不够-指没抓到帕里"}, {"uid": "202432639", "content": "兔兔怎么可爱怎么可以吃兔兔"}, {"uid": "278006262", "content": "色相烤兔"}, {"uid": "282103", "content": "麻 辣 兔 头"}, {"uid": "205633122", "content": "辣口的艾丽娅必然要做麻辣兔头"}, {"uid": "241635", "content": "《P 家 孝 女 》"}, {"uid": "471919752", "content": "暗示帕里是第十只兔子"}, {"uid": "2784710", "content": "帕里：你给路达哟"}, {"uid": "2784710", "content": "九 大 碗"}, {"uid": "9892542", "content": " 又 刨 土"}, {"uid": "9892542", "content": "麻 辣 秃 头"}, {"uid": "5731447", "content": "母 慈 女 孝"}, {"uid": "2629851", "content": "LOCK ON"}, {"uid": "174016622", "content": "口水不争气地流了下来"}, {"uid": "496063", "content": "九  大  簋"}, {"uid": "4661588", "content": "草，白切兔"}, {"uid": "676057", "content": "口水，流下来了"}, {"uid": "676057", "content": "还 很 正 常"}, {"uid": "1842529", "content": "帕里吃过兔子"}, {"uid": "327388057", "content": "这不是鸡全翅吗。。"}, {"uid": "8284532", "content": "帕里：吐血"}, {"uid": "39050544", "content": "aria头一天准备了九道不同的兔肉料理庆祝妈妈的生日"}, {"uid": "34486246", "content": "帕里你真是瘦了，才做了九个菜"}, {"uid": "401099828", "content": "断手警告"}, {"uid": "253419", "content": "一只帕里一条腿～"}, {"uid": "20221270", "content": "补全字幕：要（用帕里）做什么好呢"}, {"uid": "489957", "content": "帕里原来是这种味道的啊"}, {"uid": "568190", "content": "母慈女孝"}, {"uid": "1921067", "content": "草，母慈女孝"}, {"uid": "700391572", "content": "最后一抓帕里来就好了"}, {"uid": "158229081", "content": "全pari宴"}, {"uid": "415382982", "content": "《孝女》"}, {"uid": "608496", "content": "你给路哒哟！"}, {"uid": "20578322", "content": "真正的勇士"}, {"uid": "10948200", "content": "这是油泼面啊"}, {"uid": "2854211", "content": "下一个就是你了,帕里！"}, {"uid": "2854211", "content": "九 大 簋"}, {"uid": "2907196", "content": "暗示长胖"}, {"uid": "9892542", "content": "胸肌帕金森了"}, {"uid": "226749734", "content": "荜，我都吃过 "}, {"uid": "4709884", "content": "这个确实是兔腿来着"}, {"uid": "11331084", "content": "白切鸡（tu）"}, {"uid": "11331084", "content": "虽然但是，这是油泼面啊"}, {"uid": "270040493", "content": "这个太标准了"}, {"uid": "13449149", "content": "孝死我了"}, {"uid": "13449149", "content": "准备了一整晚的菜"}, {"uid": "23360177", "content": "音调开始准了"}, {"uid": "10890200", "content": "别念了，饿了23332"}, {"uid": "10890200", "content": "母慈女孝"}, {"uid": "747644", "content": "满汉全席）"}, {"uid": "8511707", "content": "Hello大家好，她是王刚"}, {"uid": "16755759", "content": "可你这是白切鸡啊"}, {"uid": "2063566", "content": "mana秃头"}, {"uid": "23425706", "content": "这不是油泼面嘛doge"}, {"uid": "30514029", "content": "坐等断头"}, {"uid": "30514029", "content": "我已经开始笑了"}, {"uid": "327388057", "content": "危"}, {"uid": "8284532", "content": "危 帕里 危"}, {"uid": "8284532", "content": "带孝女草"}, {"uid": "628562790", "content": "母辞子笑"}, {"uid": "483498", "content": "麻辣秃头"}, {"uid": "12598613", "content": "带  孝  女"}, {"uid": "324284874", "content": "危 Paryi 危"}, {"uid": "11898578", "content": "这几句好标准啊"}, {"uid": "10455913", "content": "可是这是白切鸡啊！"}, {"uid": "223810354", "content": "整活鬼才"}, {"uid": "15588298", "content": "一兔九吃."}, {"uid": "393294", "content": "《孝 顺》"}, {"uid": "700391572", "content": "？这不是白切鸡啊？"}, {"uid": "1806389", "content": "帕里，危"}, {"uid": "511181482", "content": "第十道:帕里刺身"}, {"uid": "34999078", "content": "噔噔咚"}, {"uid": "25873203", "content": "草！！！！！"}, {"uid": "346659376", "content": "哈哈哈哈哈哈"}, {"uid": "20320371", "content": "不是 兔呢？！"}, {"uid": "31714116", "content": "哈哈哈"}, {"uid": "222030498", "content": "仔细一看 有几张图用错了"}, {"uid": "5731447", "content": "这是白切鸡啊"}, {"uid": "2881638", "content": "帕里，快跑"}, {"uid": "51427", "content": "报菜名"}, {"uid": "393294", "content": "妹啊 这是白切鸡啊"}, {"uid": "9617502", "content": "一个比一个孝"}, {"uid": "23360177", "content": "把妈妈做成料理（）"}, {"uid": "17462", "content": "兔子做菜系列"}, {"uid": "22351697", "content": "鸡兔同笼"}, {"uid": "33019863", "content": "？？？"}, {"uid": "23482415", "content": "开始饿了"}, {"uid": "4461822", "content": "太孝顺了！！！"}, {"uid": "15496318", "content": "真有你的奥"}, {"uid": "23001624", "content": "这个帕里还真吃过"}, {"uid": "13171500", "content": "那是白切鸡呀可恶"}, {"uid": "7991044", "content": "已经开始流口水了"}, {"uid": "3916674", "content": "噔噔咚"}, {"uid": "5043517", "content": "你还敢发出来。"}, {"uid": "38349569", "content": "冷吃兔不错"}, {"uid": "478379089", "content": "老实说我饿了"}, {"uid": "6329996", "content": "噔 噔 噔"}, {"uid": "589066639", "content": "帕里，你吃啊"}, {"uid": "502922349", "content": "真的有这么Q弹吗？"}, {"uid": "324284874", "content": "paryi 危"}, {"uid": "20699551", "content": "狩 猎"}, {"uid": "485929845", "content": "帕里危"}, {"uid": "348504366", "content": "哈哈哈"}, {"uid": "521432572", "content": "太孝了"}, {"uid": "128541", "content": "全兔宴"}, {"uid": "847725", "content": "草"}, {"uid": "18108368", "content": "油泼兔是怎么操作的"}, {"uid": "3326169", "content": "哈哈哈哈"}, {"uid": "677116468", "content": "哈哈哈"}, {"uid": "15568897", "content": "你确定这不是鸡翅？"}, {"uid": "488280601", "content": "孝死我了"}, {"uid": "10826451", "content": "口水，流下来了"}, {"uid": "12915929", "content": "草草"}, {"uid": "696046339", "content": "母慈女孝"}, {"uid": "174016622", "content": "提前带孝女"}, {"uid": "372659", "content": "带孝女"}, {"uid": "15671027", "content": "2333"}, {"uid": "938551", "content": "管他是什么，当兔子就好了"}, {"uid": "4297382", "content": "口水流了下来"}, {"uid": "2132589", "content": "大晚上看饿了"}, {"uid": "197471427", "content": "把帕里抓来现做？"}, {"uid": "305617742", "content": "带孝女"}, {"uid": "4107988", "content": "为什么说这些这么标准？！！"}, {"uid": "6898", "content": "危"}, {"uid": "23928217", "content": "危"}, {"uid": "282570765", "content": "属兔的在瑟瑟发抖"}, {"uid": "91274780", "content": "真是个带孝女啊"}, {"uid": "482927152", "content": "噔噔咚"}, {"uid": "23001624", "content": "好耶草"}, {"uid": "8493078", "content": "开怀大孝"}, {"uid": "93756174", "content": "断手"}, {"uid": "93756174", "content": "白切兔?"}, {"uid": "401099828", "content": "我有种不好的预感"}, {"uid": "3190186", "content": "草草草"}, {"uid": "8280965", "content": "噔噔咚"}, {"uid": "6520612", "content": "草！"}, {"uid": "33031792", "content": "草"}, {"uid": "5598346", "content": "草"}, {"uid": "1971366", "content": "兔肉口感跟鸡肉差不多"}, {"uid": "91276786", "content": "孝"}, {"uid": "677116468", "content": "哈哈哈哈"}, {"uid": "193099038", "content": "吐血"}, {"uid": "9639428", "content": "封面可怕"}, {"uid": "489074194", "content": "哈哈哈哈"}, {"uid": "422192", "content": "带孝女"}, {"uid": "488280601", "content": "草"}, {"uid": "5123387", "content": "草"}, {"uid": "310843417", "content": "孝死我了"}, {"uid": "310843417", "content": "草"}, {"uid": "110390", "content": "真正的debubu"}, {"uid": "4675964", "content": "危"}, {"uid": "441433041", "content": "饿了"}, {"uid": "430522", "content": "妈妈的味道"}, {"uid": "2203831", "content": "好吃，又大补"}, {"uid": "3854072", "content": "白色史莱姆"}, {"uid": "23277060", "content": "哈哈哈哈哈哈"}, {"uid": "1943919", "content": "报兔名"}, {"uid": "105589471", "content": "危"}, {"uid": "245335", "content": "报菜名呢？"}, {"uid": "85312408", "content": "危"}, {"uid": "5598346", "content": "危"}, {"uid": "4929611", "content": "草"}, {"uid": "68021351", "content": "这是白切鸡啊"}, {"uid": "23001624", "content": "危"}, {"uid": "3916674", "content": "报菜名呢"}, {"uid": "27404083", "content": "（用）妈妈（指正）"}, {"uid": "36769691", "content": "草"}, {"uid": "8876105", "content": "麻了,饿了"}, {"uid": "436096", "content": "危"}, {"uid": "223810354", "content": "草"}, {"uid": "174020042", "content": "危"}, {"uid": "2629851", "content": "危"}, {"uid": "354135260", "content": "草"}, {"uid": "7842414", "content": "咯噔噔"}, {"uid": "693929898", "content": "大招CD了"}, {"uid": "7827963", "content": "四川人狂喜"}, {"uid": "677116468", "content": "草"}, {"uid": "25873203", "content": "瑟瑟发抖"}, {"uid": "19174622", "content": "棒读草"}, {"uid": "415382982", "content": "危"}, {"uid": "20320371", "content": "神他妈兔有这种皮"}, {"uid": "1825150", "content": "报菜名"}, {"uid": "277975006", "content": "好可爱"}, {"uid": "391784152", "content": "孝死我了"}, {"uid": "10826451", "content": "危"}, {"uid": "224658115", "content": "伯邑考（"}, {"uid": "35299806", "content": "恐怖"}, {"uid": "14808605", "content": "那必然是麻辣兔头啦"}, {"uid": "29877960", "content": "封面魔鬼"}, {"uid": "351975302", "content": "草"}, {"uid": "1808632", "content": "危"}, {"uid": "87456940", "content": "饿了"}, {"uid": "13449149", "content": "好标准啊"}, {"uid": "2250322", "content": "草"}, {"uid": "105589471", "content": "草"}, {"uid": "85312408", "content": "带孝女"}, {"uid": "44403666", "content": "帕里妈妈生日快乐"}, {"uid": "91274780", "content": "yysy我饿了"}, {"uid": "315304031", "content": "帕里，偶诶洗"}, {"uid": "574345", "content": "口水～"}, {"uid": "23001624", "content": "还可以白切？"}, {"uid": "3916674", "content": "草"}, {"uid": "27404083", "content": "讲究"}, {"uid": "782482", "content": "大孝女"}, {"uid": "11344630", "content": "草"}, {"uid": "262284680", "content": "危"}, {"uid": "33935601", "content": "草"}, {"uid": "489957", "content": "用心了"}, {"uid": "649551", "content": "？？？？？？？？"}, {"uid": "94825468", "content": "00.00.@"}, {"uid": "388700862", "content": "哈哈"}, {"uid": "193099038", "content": "草"}, {"uid": "415382982", "content": "哈哈哈哈哈哈"}, {"uid": "415382982", "content": "草"}, {"uid": "15568897", "content": "草"}, {"uid": "488280601", "content": "草"}, {"uid": "488280601", "content": "草"}, {"uid": "70682013", "content": "孝死了"}, {"uid": "502991442", "content": "危"}, {"uid": "442911519", "content": "你也是带孝女？"}, {"uid": "17784911", "content": "草"}, {"uid": "22798829", "content": "草"}, {"uid": "2220830", "content": "草"}, {"uid": "23588755", "content": "草"}, {"uid": "7218098", "content": "看饿了"}, {"uid": "341093139", "content": "危"}, {"uid": "1915514", "content": "？？？"}, {"uid": "8792590", "content": "草"}, {"uid": "224354528", "content": "流口水"}, {"uid": "2250322", "content": "草"}, {"uid": "4661588", "content": "wwwwwwwwwww"}, {"uid": "37743993", "content": "草"}, {"uid": "676057", "content": "危"}, {"uid": "614160", "content": "草"}, {"uid": "44403666", "content": "艾莉娅赛高！"}, {"uid": "125420", "content": "这不都是鸡吗！"}, {"uid": "5006598", "content": "危"}, {"uid": "487397377", "content": "孝死我了"}, {"uid": "747098", "content": "用心了"}, {"uid": "6428460", "content": "ohhhh"}, {"uid": "401099828", "content": "危"}, {"uid": "3722980", "content": "胸肌好奇怪啊"}, {"uid": "782482", "content": "草"}, {"uid": "3190186", "content": "危"}, {"uid": "280736108", "content": "危"}, {"uid": "361186356", "content": "草"}, {"uid": "580506799", "content": "危"}, {"uid": "193099038", "content": "草"}, {"uid": "193099038", "content": "草"}, {"uid": "1964691605", "content": "危"}, {"uid": "415382982", "content": "带孝女"}, {"uid": "9111145", "content": "危"}, {"uid": "4556743", "content": "草"}, {"uid": "14080692", "content": "带孝女"}, {"uid": "12993427", "content": "危"}, {"uid": "207613158", "content": "这不是白斩鸡？"}, {"uid": "309027183", "content": "虚拟王刚"}, {"uid": "166217", "content": "草"}, {"uid": "253419", "content": "危"}, {"uid": "3773507", "content": "草"}, {"uid": "4661588", "content": "？？？"}, {"uid": "30514029", "content": "草"}, {"uid": "1758863", "content": "麻辣兔头"}, {"uid": "11244465", "content": "草"}, {"uid": "321398350", "content": "草"}, {"uid": "411946345", "content": "草"}, {"uid": "4929611", "content": "危"}, {"uid": "482927152", "content": "草"}, {"uid": "116680", "content": "看饿了"}, {"uid": "294648001", "content": "草"}, {"uid": "7991044", "content": "带孝女"}, {"uid": "8354617", "content": "危"}, {"uid": "36769691", "content": "草"}, {"uid": "1644534", "content": "带孝女"}, {"uid": "86954029", "content": "草"}, {"uid": "1986503", "content": "？？？"}, {"uid": "353453090", "content": "草"}, {"uid": "3190186", "content": "草"}, {"uid": "1225837659", "content": "草"}, {"uid": "17436256", "content": "草"}, {"uid": "223810354", "content": "两分钟！"}, {"uid": "388700862", "content": "妙啊"}, {"uid": "334926483", "content": "草"}, {"uid": "21612496", "content": "好香"}, {"uid": "3963973", "content": "wwwwwwwwwww"}, {"uid": "17626307", "content": "草"}, {"uid": "774664", "content": "危"}, {"uid": "523440453", "content": "草"}, {"uid": "523440453", "content": "草"}, {"uid": "523440453", "content": "草"}, {"uid": "33911402", "content": "？？"}, {"uid": "103022524", "content": "草"}, {"uid": "481442389", "content": "危"}, {"uid": "21118843", "content": "草"}, {"uid": "14135915", "content": "麻辣兔头"}, {"uid": "416049300", "content": "草"}, {"uid": "44060664", "content": "草"}, {"uid": "357248", "content": "草"}, {"uid": "39813625", "content": "...."}, {"uid": "90962120", "content": "好耶"}, {"uid": "90962120", "content": "麻辣兔头"}, {"uid": "177718697", "content": "草"}, {"uid": "5598346", "content": "草"}, {"uid": "300846", "content": "下 一 道 菜 就 是 你 "}, {"uid": "23001624", "content": "好耶"}, {"uid": "36769691", "content": "危"}, {"uid": "357639", "content": "草"}, {"uid": "2466863", "content": "危"}, {"uid": "485929845", "content": "草"}, {"uid": "17436256", "content": "www"}, {"uid": "560502127", "content": "깜짝 놀란"}]