[{"uid": "397200148", "content": "kksk"}, {"uid": "38550786", "content": "好听"}, {"uid": "33491", "content": "笑声whl"}, {"uid": "13990000", "content": "每天亿遍"}, {"uid": "30872046", "content": "再来一遍"}, {"uid": "96060870", "content": "要是和阿萨一起合唱就太赞了"}, {"uid": "480973914", "content": "赛高"}, {"uid": "30872046", "content": "debubu笑"}, {"uid": "411167400", "content": "又多了一个剔牙人"}, {"uid": "35538918", "content": "来了来了"}, {"uid": "19179225", "content": "debu笑"}, {"uid": "475596", "content": "开口跪，太强了！"}, {"uid": "2881638", "content": "配合歌词做了各种表情变化 好耶"}, {"uid": "122670998", "content": "好听！！！！！"}, {"uid": "20777701", "content": "郡主何故谋反？"}, {"uid": "212101", "content": "kksk"}, {"uid": "237691", "content": "她真的好可爱"}, {"uid": "11130518", "content": "开头见"}, {"uid": "327388057", "content": "新的立绘增加了！"}, {"uid": "21851472", "content": "好听！！"}, {"uid": "2163611", "content": "白猫歌力我真的喜欢"}, {"uid": "35538918", "content": "白雪QUEEN"}, {"uid": "170267763", "content": "有内味了"}, {"uid": "213883382", "content": "眼睛好美"}, {"uid": "786526", "content": "每日一遍"}, {"uid": "500703005", "content": "幼儿king"}, {"uid": "276843", "content": "笑声 whl"}, {"uid": "20777701", "content": "郡主何故谋反？"}, {"uid": "510737", "content": "\\All hail the Queen!/"}, {"uid": "524586935", "content": "又多了一个"}, {"uid": "67655543", "content": "好耶"}, {"uid": "99094467", "content": "ohhhh"}, {"uid": "11691053", "content": "ohhhhh很强"}, {"uid": "475596", "content": "sukiki！！"}, {"uid": "10778462", "content": "雪国king"}, {"uid": "272505419", "content": "sukiki"}, {"uid": "10518197", "content": "歌力MAX"}, {"uid": "1476130", "content": "管人金曲"}, {"uid": "200863", "content": "好听"}, {"uid": "1090596773", "content": "又一个"}, {"uid": "1834184", "content": "帅啊"}, {"uid": "30074314", "content": "太强了1"}, {"uid": "2466863", "content": "sukiki！！"}, {"uid": "21851472", "content": "kksk"}, {"uid": "3885523", "content": "来了来了来了"}, {"uid": "14505577", "content": "开口跪"}, {"uid": "448547231", "content": "好耶"}, {"uid": "399084943", "content": "kksk"}, {"uid": "17436256", "content": "老婆叫我来打call了"}, {"uid": "512017416", "content": "热乎"}, {"uid": "415382982", "content": "kksk"}, {"uid": "14505577", "content": "vtb必会曲目"}, {"uid": "213883382", "content": "kksk"}, {"uid": "544299387", "content": "可爱"}, {"uid": "3307323", "content": "YOU ARE KIM"}, {"uid": "33053785", "content": "スキキスキキスキキスキキ"}, {"uid": "3690746", "content": "sukiki"}, {"uid": "248596729", "content": "awsl"}, {"uid": "9535416", "content": "awsl"}, {"uid": "1758863", "content": "爷是王"}, {"uid": "185749", "content": "kksk"}, {"uid": "15654133", "content": "好听"}, {"uid": "432198421", "content": "真不错"}, {"uid": "415382982", "content": "好耶"}, {"uid": "131652679", "content": "kksk"}, {"uid": "7690412", "content": "King"}, {"uid": "25410470", "content": "孩子也唱了"}, {"uid": "248883011", "content": "好耶"}, {"uid": "4297094", "content": "变成女王大人了吗"}, {"uid": "544299387", "content": "kksk"}, {"uid": "5425162", "content": "kksk"}, {"uid": "5886594", "content": "夜斗？"}, {"uid": "1522079", "content": "还挺好看"}, {"uid": "415382982", "content": "i了i了"}, {"uid": "579951689", "content": "42分，热热还能吃"}, {"uid": "22541384", "content": "kksk"}, {"uid": "179743616", "content": "这么快？"}, {"uid": "23805034", "content": "p家少主"}, {"uid": "30872046", "content": "debubu"}, {"uid": "55480851", "content": "好耶"}, {"uid": "88910629", "content": "好耶"}, {"uid": "310843417", "content": "my queen"}, {"uid": "310843417", "content": "kksk"}, {"uid": "310843417", "content": "好耶"}, {"uid": "457414086", "content": "热乎"}, {"uid": "135434964", "content": "kksk"}, {"uid": "490495029", "content": "抠牙齿"}, {"uid": "30872046", "content": "aria"}, {"uid": "309482778", "content": "suki"}, {"uid": "8417344", "content": "kksk"}, {"uid": "23588755", "content": "vtb经典曲"}, {"uid": "517169247", "content": "好耶"}, {"uid": "253419", "content": "太好听了"}, {"uid": "1931345", "content": "kksk"}, {"uid": "212101", "content": "好耶"}, {"uid": "25410470", "content": "？"}, {"uid": "351891174", "content": "\\アリア/\\アリア/\\アリア/"}, {"uid": "23588755", "content": "\\aria/\\aria/\\aria/\\aria/\\aria/\\aria/\\aria/\\aria/"}, {"uid": "23588755", "content": "\\aria/\\aria/\\aria/\\aria/\\aria/\\aria/\\aria/\\aria/"}, {"uid": "23588755", "content": "\\aria/\\aria/\\aria/\\aria/\\aria/\\aria/\\aria/\\aria/"}, {"uid": "23588755", "content": "\\aria/\\aria/\\aria/\\aria/"}, {"uid": "23588755", "content": "\\aria/\\aria/\\aria/\\aria/"}, {"uid": "23588755", "content": "\\aria/\\aria/\\aria/\\aria/"}, {"uid": "17436256", "content": "\\アリア/\\アリア/\\アリア/\\アリア/\\アリア/\\アリア/"}, {"uid": "17436256", "content": "\\アリア/\\アリア/\\アリア/\\アリア/\\アリア/\\アリア/\\アリア/"}, {"uid": "17436256", "content": "\\アリア/\\アリア/\\アリア/\\アリア/\\アリア/\\アリア/\\アリア/"}, {"uid": "17436256", "content": "\\アリア/\\アリア/\\アリア/\\アリア/\\アリア/\\アリア/\\アリア/"}, {"uid": "17436256", "content": "\\アリア/\\アリア/\\アリア/\\アリア/\\アリア/\\アリア/\\アリア/\\アリア/\\アリア/\\アリア/\\アリア/\\アリア/\\アリア/\\アリア/"}, {"uid": "17436256", "content": "\\アリア/\\アリア/\\アリア/\\アリア/\\アリア/\\アリア/\\アリア/\\アリア/\\アリア/\\アリア/\\アリア/\\アリア/\\アリア/\\アリア/"}, {"uid": "17436256", "content": "\\アリア/\\アリア/\\アリア/\\アリア/"}, {"uid": "32407447", "content": "\\aria/\\aria/\\aria/\\aria/"}, {"uid": "32407447", "content": "\\aria/\\aria/\\aria/\\aria/"}, {"uid": "32407447", "content": "\\aria/\\aria/\\aria/\\aria/"}]