[{"uid": "348504366", "content": "哈哈哈"}, {"uid": "401099828", "content": "同传：【（盲区）】"}, {"uid": "8192650", "content": "awsl"}, {"uid": "3401118", "content": "等等？上辈子的事吧？我有印象啊"}, {"uid": "439819", "content": "pro啊"}, {"uid": "439819", "content": "嗯？兴趣来了"}, {"uid": "28275", "content": "这一行都是可爱能干的！"}, {"uid": "91788059", "content": "同传：（盲区）"}, {"uid": "12784318", "content": "你不是猫吗？"}, {"uid": "4177006", "content": "anmr（不是）"}, {"uid": "89498", "content": "想起来了，还有张和屑精灵女仆装的合照"}, {"uid": "10165668", "content": "awsl"}, {"uid": "8916154", "content": "枣 子 姐"}, {"uid": "36769691", "content": "好耶"}, {"uid": "36769691", "content": "好耶"}, {"uid": "36769691", "content": "awsl"}, {"uid": "36769691", "content": "wow"}, {"uid": "4007", "content": "好熟练.."}, {"uid": "4007", "content": "诶?一瞬间以为是花园猫猫"}, {"uid": "477305623", "content": "社恐表示无法理解"}, {"uid": "1989561", "content": "专业"}, {"uid": "101193063", "content": "没事，还有个德国吸血鬼也干过一样的事情"}, {"uid": "475208", "content": "体验生活"}, {"uid": "10826451", "content": "你为什么这么熟练啊"}, {"uid": "2280651", "content": "女仆店头牌aria"}, {"uid": "11642683", "content": "没有debubu的我都不去"}, {"uid": "37913832", "content": "轻车熟路"}, {"uid": "8370185", "content": "athome听说过"}, {"uid": "8227407", "content": "猫会钓鱼不是很合理吗"}, {"uid": "786526", "content": "行家"}, {"uid": "786526", "content": "kksk"}, {"uid": "3869309", "content": "好家伙，女排"}, {"uid": "20328733", "content": "女仆店绝学草"}, {"uid": "380276", "content": "没少去吧"}, {"uid": "30872046", "content": "暑假工"}, {"uid": "343616", "content": "还是行家www"}, {"uid": "253419", "content": "钓鱼执法草"}, {"uid": "343616", "content": "怪不得业务这么熟练www"}, {"uid": "253419", "content": "被击沉了"}, {"uid": "7374249", "content": "有 閑 喫 茶"}, {"uid": "286774129", "content": "你怎么变得和你姐姐那只黄色的猫猫一样了"}, {"uid": "12784318", "content": "awsl"}, {"uid": "203821", "content": "指。。。"}, {"uid": "11403125", "content": "草，钓鱼的屑猫咪"}, {"uid": "36769691", "content": "13岁就合法了啊（"}, {"uid": "490914116", "content": "WC绝了，好可爱"}, {"uid": "10826451", "content": "awsl"}, {"uid": "4912018", "content": "艾丽娅啊啊啊啊啊啊啊太可爱了"}, {"uid": "569389", "content": "白菜好像也打工过"}, {"uid": "10663306", "content": "注意这里，同传被击沉wwww"}, {"uid": "1883452", "content": "翻译：这个我懂"}, {"uid": "29505163", "content": "嗯？！"}, {"uid": "28298271", "content": "体验生活"}, {"uid": "8403689", "content": "呐，这个就叫做专业"}, {"uid": "20658", "content": "anmr 泪流出来"}, {"uid": "34593348", "content": "awsl"}, {"uid": "33296976", "content": "awsl"}, {"uid": "7253838", "content": "猫娘咖啡"}, {"uid": "298744227", "content": "雇佣童工"}, {"uid": "380276", "content": "可爱死了"}, {"uid": "2234625", "content": "有羊排吗"}, {"uid": "6027385", "content": "哈哈哈哈"}, {"uid": "348504366", "content": "哈哈哈哈"}, {"uid": "2629851", "content": "awsl"}, {"uid": "74173597", "content": "好家伙"}, {"uid": "12226098", "content": "awsl"}, {"uid": "273707124", "content": "想起了约会大作战"}, {"uid": "20680", "content": "这只猫怎么回事，，为什么这么可爱"}, {"uid": "10165668", "content": "草"}, {"uid": "253419", "content": "awsl"}, {"uid": "28567815", "content": "不意外"}, {"uid": "602770583", "content": "awsl"}, {"uid": "737724", "content": "帮大忙了"}, {"uid": "20317592", "content": "草"}, {"uid": "36769691", "content": "awsl"}, {"uid": "20217140", "content": "我要血包"}, {"uid": "4007", "content": "同传傻了...."}, {"uid": "2629851", "content": "awsl"}, {"uid": "2629851", "content": "awsl"}, {"uid": "10778462", "content": "资深业者"}, {"uid": "44513645", "content": "好熟练啊"}, {"uid": "512305207", "content": "女排？好家伙"}, {"uid": "74173597", "content": "童工"}, {"uid": "23465723", "content": "哈哈哈哈哈哈哈触及到了同传盲区"}, {"uid": "7021272", "content": "绝了"}, {"uid": "12784318", "content": "awsl"}, {"uid": "20680", "content": "嗯？"}, {"uid": "251355", "content": "草"}, {"uid": "185872154", "content": "好可爱"}, {"uid": "2554477", "content": "草"}, {"uid": "34593348", "content": "卧槽"}, {"uid": "27847491", "content": "童工犯法啊"}, {"uid": "11642683", "content": "awsl"}, {"uid": "2629851", "content": "kksk"}, {"uid": "786526", "content": "草？"}, {"uid": "23928217", "content": "女排。。。"}, {"uid": "4197830", "content": "老董哥了"}, {"uid": "491117", "content": "问题发言"}, {"uid": "429815808", "content": "？？？"}, {"uid": "343616", "content": "那就是初中的时候？"}, {"uid": "2629851", "content": "awsl"}, {"uid": "20578322", "content": "awsl"}, {"uid": "482756087", "content": "草"}, {"uid": "4130547", "content": "草"}, {"uid": "4130547", "content": "阿这"}, {"uid": "16919703", "content": "草"}, {"uid": "480362513", "content": "草"}, {"uid": "9335968", "content": "草"}, {"uid": "7253838", "content": "←_←"}, {"uid": "431778772", "content": "字幕喜欢看夺冠吧（）"}, {"uid": "430099272", "content": "草"}, {"uid": "74173597", "content": "草"}, {"uid": "397383521", "content": "草"}, {"uid": "651993634", "content": "awsl"}, {"uid": "574862", "content": "行家"}, {"uid": "12784318", "content": "草"}, {"uid": "2193135", "content": "钓D执法"}, {"uid": "238299312", "content": "？？？"}, {"uid": "238299312", "content": "awsl"}, {"uid": "27457325", "content": "哦，我的上帝"}, {"uid": "33935601", "content": "awsl"}, {"uid": "380276", "content": "可爱"}, {"uid": "74173597", "content": "草"}, {"uid": "74173597", "content": "草"}, {"uid": "487978053", "content": "awsl"}, {"uid": "351341", "content": "可恶啊可恶啊可恶啊可恶啊"}, {"uid": "1438789", "content": "草"}, {"uid": "4130547", "content": "好懂"}, {"uid": "7483126", "content": "homo"}, {"uid": "300846", "content": "??????"}, {"uid": "4432183", "content": "女排？"}, {"uid": "10165668", "content": "草"}, {"uid": "602770583", "content": "awsl"}, {"uid": "33156053", "content": "lswa"}, {"uid": "126558617", "content": "！"}, {"uid": "223952124", "content": "awhl"}, {"uid": "1776874", "content": "v圈人均女仆是吧"}]