[{"uid": "438237990", "content": "你骑着小电动车带着我"}, {"uid": "2167061", "content": "彩电 冰箱 洗衣机"}, {"uid": "25061091", "content": "眯眯眼都是怪物"}, {"uid": "282103", "content": "我第一次见到有v可以说出儿化音"}, {"uid": "24573662", "content": "没 事 儿 吧"}, {"uid": "23588755", "content": "水电  冰箱  洗衣机"}, {"uid": "10518197", "content": "这中日混在一起莫名搞笑 草"}, {"uid": "2276520", "content": "草 这个儿化音"}, {"uid": "27764058", "content": "giegie~"}, {"uid": "9892542", "content": "吃了我=心里有我"}, {"uid": "1796309", "content": "她要吃人了"}, {"uid": "22816698", "content": "好可爱，这声哥哥让我睹物思情了"}, {"uid": "6361313", "content": "走走走，马上出发"}, {"uid": "50928", "content": "她要吃人啦"}, {"uid": "28667796", "content": "？没事儿吧草"}, {"uid": "2629851", "content": "awsl"}, {"uid": "92121645", "content": "狂人日记"}, {"uid": "23362230", "content": "awsl"}, {"uid": "3293318", "content": "有内味儿了。"}, {"uid": "136551", "content": "↑草"}, {"uid": "136551", "content": "↑草"}, {"uid": "253419", "content": "文 明 礼 貌 小 宝 宝"}, {"uid": "2629851", "content": "awsl"}, {"uid": "2629851", "content": "awsl"}, {"uid": "10620365", "content": "有大事"}, {"uid": "434321225", "content": "你喜欢吃我？害怕"}, {"uid": "2203831", "content": "吃人啦"}, {"uid": "23792720", "content": "没事儿吧？"}, {"uid": "87629078", "content": "哥哥哥哥你女朋友会不会生气呀"}, {"uid": "253419", "content": "没事吧 儿"}, {"uid": "109691027", "content": "awsl"}, {"uid": "556547", "content": "慢走(无关心)"}, {"uid": "29644843", "content": "awsl"}, {"uid": "4130547", "content": "可爱"}, {"uid": "10826451", "content": "awsl"}, {"uid": "402482140", "content": "awsl"}, {"uid": "253419", "content": "awsl"}, {"uid": "414171", "content": "全是吃的啊！"}, {"uid": "13310817", "content": "草"}, {"uid": "10201951", "content": "没事"}, {"uid": "30181527", "content": "草"}, {"uid": "2629851", "content": "awsl"}, {"uid": "602770583", "content": "awsl"}, {"uid": "23562069", "content": "awsl"}, {"uid": "14122823", "content": "？？？？？"}, {"uid": "16497695", "content": "草"}, {"uid": "5123387", "content": "草"}, {"uid": "197615845", "content": "可爱"}, {"uid": "830157", "content": "草"}, {"uid": "12700753", "content": "草"}, {"uid": "523440453", "content": "草"}, {"uid": "44060664", "content": "草"}, {"uid": "3300481", "content": "没事"}, {"uid": "5294260", "content": "草"}, {"uid": "441730561", "content": "草"}, {"uid": "441730561", "content": "可爱"}, {"uid": "35538918", "content": "kksk"}, {"uid": "589810425", "content": "草"}, {"uid": "3916674", "content": "？！"}, {"uid": "23588755", "content": "草"}, {"uid": "2956619", "content": "草"}, {"uid": "67655543", "content": "草"}, {"uid": "523440453", "content": "awsl"}, {"uid": "23370153", "content": "草"}, {"uid": "1931345", "content": "草"}, {"uid": "78870225", "content": "草"}, {"uid": "30761199", "content": "37还吉利"}, {"uid": "67148720", "content": "老儿北儿京儿"}, {"uid": "273252538", "content": "吃你肉"}, {"uid": "2344403", "content": "害怕"}, {"uid": "219595075", "content": "妹啊你这是北京人罢"}, {"uid": "6221030", "content": "wwwwww"}, {"uid": "487279", "content": "人ww"}, {"uid": "345253576", "content": "？？？？？？？？？？？？？？？？？？？？？？？？"}]