[{"uid": "10908755", "content": "毕竟年纪还没到意识到求己也一样"}, {"uid": "10908755", "content": "这是坚定地我命由我，根本不是唯物"}, {"uid": "337588", "content": "创价大胜利（不是"}, {"uid": "32147060", "content": "太阳神呢？"}, {"uid": "173229096", "content": "越洗越混沌"}, {"uid": "334926483", "content": "《反正不要钱，多少信一点儿》"}, {"uid": "334926483", "content": "有一说一，确实"}, {"uid": "50264426", "content": "阿 库 西 斯 教"}, {"uid": "107373", "content": "阿  克  西  斯  教"}, {"uid": "11090941", "content": "光伟正的唯物主义者＋10"}, {"uid": "418025", "content": "变态也有变态的卡密啊"}, {"uid": "418025", "content": "教会:都给艾莉娅整明白了"}, {"uid": "418025", "content": "极致的混沌便是清楚"}, {"uid": "418025", "content": "唯 一 神"}, {"uid": "228198316", "content": "居然被拉去参加圣餐仪式了"}, {"uid": "1931345", "content": "这不就是单推人嘛"}, {"uid": "1931345", "content": "让老子也加入罢"}, {"uid": "1931345", "content": "草"}, {"uid": "755531", "content": "物 极 必 反"}, {"uid": "755531", "content": "实 事 求 是"}, {"uid": "3459390", "content": "三分天注定，七分靠打拼，爱拼才会赢"}, {"uid": "2203831", "content": "除了颜色外感觉不到纯洁的点呢"}, {"uid": "2203831", "content": "正能量啊"}, {"uid": "2203831", "content": "吞噬圣子的猫"}, {"uid": "3168569", "content": "细数你的罪恶吧"}, {"uid": "270374045", "content": "格斯直呼内行​"}, {"uid": "110027400", "content": "佛学院草"}, {"uid": "37913832", "content": "人   文   主   义"}, {"uid": "2019988", "content": "我命由我不由天"}, {"uid": "1597017", "content": "草，埃尔德里奇啊"}, {"uid": "266255540", "content": "Aria是坚定地唯物主义者（确信"}, {"uid": "2907196", "content": "有清晰的自我认知"}, {"uid": "2907196", "content": "圣餐"}, {"uid": "458579", "content": "未成年人禁止信教.jpg"}, {"uid": "194175206", "content": "草"}, {"uid": "18749747", "content": "Hhh"}, {"uid": "1739853", "content": "坚定的唯物主义者"}, {"uid": "354112", "content": "aria is good"}, {"uid": "1808632", "content": "哎"}, {"uid": "556547", "content": "因为猫怕水是吧"}, {"uid": "6520124", "content": "北方正统拒绝南伪的宗教思想（"}, {"uid": "418025", "content": "犹大觉得很赞"}, {"uid": "85447589", "content": "芬格尔：耶稣的血和肉也太不经饿了"}, {"uid": "36967840", "content": "生啖其肉,饮其血,抽其筋,挫骨扬灰是吧"}, {"uid": "3916674", "content": "唯物主义suki"}, {"uid": "418025", "content": "唯一神就是自己"}, {"uid": "5785365", "content": "提亚马特"}, {"uid": "5785365", "content": "确实"}, {"uid": "36810930", "content": "有理有据令人信服"}, {"uid": "3366602", "content": "唐僧肉是吧？"}, {"uid": "1931345", "content": "确实"}, {"uid": "1838902", "content": "这是好事"}, {"uid": "4964376", "content": "耶稣牌面包，宇宙牌香烟并感"}, {"uid": "107122", "content": "确实"}, {"uid": "409278", "content": "sodayao"}, {"uid": "107122", "content": "圣餐与圣血"}, {"uid": "2708151", "content": "想吃圣子"}, {"uid": "36769691", "content": "太真实了"}, {"uid": "231667339", "content": "太阳神震怒"}, {"uid": "86918711", "content": "草"}, {"uid": "8121571", "content": "debu不"}, {"uid": "10908755", "content": "还没到需要信念活下去的年龄"}, {"uid": "6520124", "content": "可以说是非常韩国人了"}, {"uid": "15568897", "content": "忘了什么教草"}, {"uid": "6027937", "content": "母神艾莉娅"}, {"uid": "142347", "content": "坚定的北国战士"}, {"uid": "81773", "content": "不愧是北国的公主"}, {"uid": "1597017", "content": "圣餐啊。。。葡萄酒不提供一下？？？"}, {"uid": "1838902", "content": "不愧是韩国麻麻"}, {"uid": "309942927", "content": "好耶"}, {"uid": "737724", "content": "debubu"}, {"uid": "931185", "content": "???"}, {"uid": "23196727", "content": "？"}, {"uid": "418025", "content": "求人不如求己"}, {"uid": "15568897", "content": "确实"}, {"uid": "2203831", "content": "草"}, {"uid": "36769691", "content": "草"}, {"uid": "89498", "content": "弥撒"}, {"uid": "484927", "content": "唉"}, {"uid": "12664732", "content": "啊这"}, {"uid": "737724", "content": "草"}, {"uid": "1739853", "content": "草"}, {"uid": "755531", "content": "金雪姬"}, {"uid": "188542401", "content": "????"}, {"uid": "357076438", "content": "？"}, {"uid": "3366602", "content": "？？"}, {"uid": "336455219", "content": "阿门！！！！！"}, {"uid": "137255479", "content": "举报了"}, {"uid": "401992636", "content": "草"}, {"uid": "107122", "content": "确定"}, {"uid": "3083310", "content": "这是对的"}, {"uid": "16713196", "content": "wwwwwww"}, {"uid": "9131508", "content": "《  狂  人  日  记  》"}]