[{"uid": "28464230", "content": "石头门泪目"}, {"uid": "281735638", "content": "猫娘乐园"}, {"uid": "5529326", "content": "好看个鬼"}, {"uid": "2777381", "content": "棍勇(即答)"}, {"uid": "302450574", "content": "宁也康棍勇？"}, {"uid": "239935528", "content": "艾莉娅的同传好强啊"}, {"uid": "796345", "content": "棍勇你想笑死我"}, {"uid": "35086599", "content": "都刻进dna了"}, {"uid": "9062012", "content": "谢谢你，但是你是太阳神的女儿"}, {"uid": "4107988", "content": "叠词词"}, {"uid": "2907196", "content": "误会，巧合"}, {"uid": "163582", "content": "《阿姨洗铁路-大天使-》"}, {"uid": "35950363", "content": "棍之勇者成名录"}, {"uid": "492133", "content": "吃人陷阱"}, {"uid": "492133", "content": "好 动 画"}, {"uid": "85447589", "content": "无职转生"}, {"uid": "128541", "content": "也没那么喜欢"}, {"uid": "367396179", "content": "棍勇（即答"}, {"uid": "95687718", "content": "石头门yyds!!"}, {"uid": "6971266", "content": "开 始 吃 人"}, {"uid": "188580497", "content": "创圣大天使？"}, {"uid": "6971266", "content": "不不不，我们没有30熟悉，那家伙首播唱福星小子的"}, {"uid": "341130672", "content": "这个大尾巴太刺激了"}, {"uid": "27937", "content": "嘿嘿嘿 还好啦"}, {"uid": "36769691", "content": "确实"}, {"uid": "8352860", "content": "创圣的大天使"}, {"uid": "13149341", "content": "堀与宫村！！！近期最爱~"}, {"uid": "2203831", "content": "看哭了（指小豪抓到了水君）"}, {"uid": "3216374", "content": "因为你是一个人单挑直播间所有观众的阅历啊"}, {"uid": "361095729", "content": "重启术士的治愈人生（确信）"}, {"uid": "27228410", "content": "她太会了"}, {"uid": "6422553", "content": "草 棍之勇者的叉出去"}, {"uid": "2169040", "content": "如果你非要问我只能回答你 因为这是B站了"}, {"uid": "4929611", "content": "冻 鳗 高 手"}, {"uid": "22800236", "content": "米娜桑，我喜欢大奈猫猫！"}, {"uid": "46252062", "content": "直播吃人"}, {"uid": "859444", "content": "老二次元了"}, {"uid": "665507288", "content": "她太会了"}, {"uid": "31286105", "content": "棍勇太草了"}, {"uid": "36810930", "content": "不是二次元怎么认识的你"}, {"uid": "10826451", "content": "因为你姐姐们教我们的"}, {"uid": "217797936", "content": "草，不要棍勇"}, {"uid": "7173953", "content": "我也在追第三部"}, {"uid": "94075089", "content": "这个好耶~"}, {"uid": "71329244", "content": "回复术士的重启人生"}, {"uid": "21781204", "content": "老二次元了"}, {"uid": "2053878", "content": "看哭指被阿豪气哭"}, {"uid": "26160350", "content": "破站不缺老二次元"}, {"uid": "34005584", "content": "老二次元了"}, {"uid": "303694579", "content": "mea唱过（）"}, {"uid": "6541056", "content": "哪有麦麦清楚吖"}, {"uid": "13682636", "content": "ybb"}, {"uid": "9417771", "content": "你刚才说，jojo了，对吧"}, {"uid": "19522252", "content": "棍之勇者（"}, {"uid": "85646911", "content": "老二次元（"}, {"uid": "10826451", "content": "一球超人，馋哭了"}, {"uid": "10826451", "content": "欧拉欧拉"}, {"uid": "147058372", "content": "棍勇"}, {"uid": "7713860", "content": "堀与宫村好！"}, {"uid": "15138435", "content": "石头门好评"}, {"uid": "671144198", "content": "看封面还以为是香草"}, {"uid": "2705066", "content": "二次元浓度极高"}, {"uid": "207613158", "content": "我们人多势众"}, {"uid": "6422553", "content": "警惕字幕。。poi 警惕白猫的吃人陷阱"}, {"uid": "2169040", "content": "这句阿姨洗铁路算是空耳起源了  传唱度很高"}, {"uid": "1712220", "content": "本音暴露"}, {"uid": "128108", "content": "草"}, {"uid": "523440453", "content": "棍勇"}, {"uid": "303694579", "content": "你看的一定是前6部吧"}, {"uid": "21098678", "content": "你也是女友系？"}, {"uid": "40278466", "content": "kksk"}, {"uid": "100408696", "content": "这"}, {"uid": "23676883", "content": "恶心心"}, {"uid": "3343251", "content": "人多力量大"}, {"uid": "110390", "content": "草"}, {"uid": "475596", "content": "棍之勇者"}, {"uid": "320821", "content": "mikufans不知道为什么呢！"}, {"uid": "590223", "content": "老二次元了"}, {"uid": "8596557", "content": "因为我是冻鳗高手"}, {"uid": "35354722", "content": "因为都是死宅（悲"}, {"uid": "30977085", "content": "你刚才说了jojo吧"}, {"uid": "523440453", "content": "确实"}, {"uid": "351907371", "content": "JOJO1-5部"}, {"uid": "37913832", "content": "把小豪阉割了就可以了"}, {"uid": "546643", "content": "棍勇"}, {"uid": "8309253", "content": "dd无所不能"}, {"uid": "4188964", "content": "你不都懂嘛"}, {"uid": "5721218", "content": "棍勇"}, {"uid": "492133", "content": "别骂了别骂了"}, {"uid": "23928217", "content": "你再骂"}, {"uid": "23928217", "content": "棍勇www"}, {"uid": "193571614", "content": "经常听"}, {"uid": "193571614", "content": "全是二次元"}, {"uid": "7770107", "content": "kksk"}, {"uid": "2571678", "content": "草在现场"}, {"uid": "437004129", "content": "棍勇（狗头）"}, {"uid": "351907371", "content": "龙珠"}, {"uid": "8583234", "content": "喜欢"}, {"uid": "534545", "content": "创圣op"}, {"uid": "13275281", "content": "过分"}, {"uid": "2344403", "content": "你是个好人"}, {"uid": "73139361", "content": "高度营业"}, {"uid": "440522200", "content": "别晃了"}, {"uid": "683432", "content": "屑"}, {"uid": "14216863", "content": "谢谢你"}, {"uid": "217797936", "content": "吃人"}, {"uid": "5773287", "content": "因为人多啊。。。。你一个和这一堆人比"}, {"uid": "15138435", "content": "超级喜欢啊!!!"}, {"uid": "872269", "content": "因为有一万个死宅啊，涵盖面很广的。jpg"}, {"uid": "1438789", "content": "能被国内购买的番一般都是好番了，差一点的都不会去买"}, {"uid": "4176584", "content": "NGNL"}, {"uid": "11950021", "content": "clannad"}, {"uid": "16438254", "content": "哈哈哈哈哈"}, {"uid": "35194390", "content": "你再骂！"}, {"uid": "207613158", "content": "回复术士"}, {"uid": "32964081", "content": "阿姨洗铁路"}, {"uid": "3144857", "content": "全员otaku"}, {"uid": "6445265", "content": "谁？"}, {"uid": "49144633", "content": "全是大魔法师"}, {"uid": "436871584", "content": "创圣"}, {"uid": "8298552", "content": "草"}, {"uid": "2993743", "content": "天国的ngnl2"}, {"uid": "8583234", "content": "叠词词恶心心"}, {"uid": "12891523", "content": "好耶"}, {"uid": "429815808", "content": "创圣"}, {"uid": "4130547", "content": "OTAKU"}, {"uid": "418025", "content": "因为是DD啊"}, {"uid": "7713860", "content": "别晃了别晃了"}, {"uid": "15138435", "content": "因为是bilibili"}, {"uid": "1663567", "content": "蚌埠住了"}, {"uid": "7991044", "content": "棍勇"}, {"uid": "37051501", "content": "棍之勇者（）"}, {"uid": "8488421", "content": "debubu"}, {"uid": "6596683", "content": "dd老二次猿了"}, {"uid": "5099697", "content": "可惜旅途烂了"}, {"uid": "13936795", "content": "别骂了别骂了"}, {"uid": "523440453", "content": "你再骂"}, {"uid": "89543", "content": "棍之勇者"}, {"uid": "442250487", "content": "这个好！"}, {"uid": "79072247", "content": "刹那要抓住未来"}, {"uid": "2163611", "content": "啊这"}, {"uid": "163582", "content": "别骂了"}, {"uid": "163582", "content": "别骂了别骂了"}, {"uid": "11247513", "content": "b站以前叫mikufans。。。。。。"}, {"uid": "108164782", "content": "动作幅度好大"}, {"uid": "110390", "content": "因为DT"}, {"uid": "4176584", "content": "NGNL！！！"}, {"uid": "310843417", "content": "因爲這裏是B站"}, {"uid": "2203831", "content": "吃人啦"}, {"uid": "2203831", "content": "泪目"}, {"uid": "2203831", "content": "可爱"}, {"uid": "43812828", "content": "无印确实哭过  "}, {"uid": "22800236", "content": "debu"}, {"uid": "616477", "content": "棍勇草"}, {"uid": "205633122", "content": "阿童木"}, {"uid": "1551447", "content": "因为是mikufans啊"}, {"uid": "23928217", "content": "草"}, {"uid": "25484522", "content": "巨人"}, {"uid": "110390", "content": "也算有机设"}, {"uid": "110390", "content": "举高高"}, {"uid": "8538867", "content": "我不是宅，我不是宅"}, {"uid": "207613158", "content": "！？"}, {"uid": "20633587", "content": "这里为啥听着有点像家长麦……"}, {"uid": "2203831", "content": "那可不是高达啊"}, {"uid": "2203831", "content": "谢谢你，艾莉娅"}, {"uid": "485709481", "content": "棍勇（）"}, {"uid": "28740523", "content": "小豪出来挨打"}, {"uid": "8471378", "content": "老二次元了"}, {"uid": "12662172", "content": "老二次元"}, {"uid": "13275281", "content": "噔噔咚"}, {"uid": "253762835", "content": "别骂了别骂了"}, {"uid": "2629851", "content": "好耶！"}, {"uid": "420465", "content": "pokemon动画现在的口碑咋滴？"}, {"uid": "91777036", "content": "高达，好耶"}, {"uid": "5773287", "content": "应该是无职转生吧"}, {"uid": "18485252", "content": "ybb！"}, {"uid": "34764184", "content": "草"}, {"uid": "9062012", "content": "那你肯定是没看最新版的。。。。。。。。。"}, {"uid": "15165699", "content": "死肥宅"}]