[{"uid": "88145446", "content": "白雪猫"}, {"uid": "15123915", "content": "阅读理解满分"}, {"uid": "13787857", "content": "dd常年修炼左右互搏"}, {"uid": "8021583", "content": "她懂了 ww"}, {"uid": "442250487", "content": "只是谐音可爱啊"}, {"uid": "796345", "content": "草，一如既往的屑"}, {"uid": "253419", "content": "鸽了"}, {"uid": "7713860", "content": "千万别猫丸子啊，我可还记着剪蛋蛋的那张图的"}, {"uid": "3404022", "content": "毕竟日语汉字丸可以形容圆hhh"}, {"uid": "4017646", "content": "低情商:你们都是我的金玉"}, {"uid": "166413848", "content": "其实她还真挺喜欢debu的"}, {"uid": "200863", "content": "猫金玉"}, {"uid": "3690746", "content": "生气气"}, {"uid": "32407447", "content": "猫丸子"}, {"uid": "1551447", "content": "王国民复国了！"}, {"uid": "110390", "content": "猫丸子"}, {"uid": "7412768", "content": "企业级理解"}, {"uid": "13541524", "content": "国民！！！！"}, {"uid": "5598346", "content": "草"}, {"uid": "4964376", "content": "某种意义上也没错（"}, {"uid": "3651311", "content": "没事，隔壁肉肉和乙民天天打架"}, {"uid": "4213301", "content": "？"}, {"uid": "17480001", "content": "初见 可爱 单推"}, {"uid": "34390376", "content": "草 复国了"}, {"uid": "500703005", "content": "叫猫薄荷"}, {"uid": "6027937", "content": "她心里有我！（"}, {"uid": "110390", "content": "也能指猫的蛋蛋 猫金玉"}, {"uid": "1363022", "content": "草，还真是"}, {"uid": "85267745", "content": "被发现了"}, {"uid": "17480001", "content": "debu猫"}, {"uid": "28567815", "content": "警觉"}, {"uid": "28567815", "content": "猫金玉"}, {"uid": "334461", "content": "直接叫debubu算了"}, {"uid": "196805295", "content": "还有这种好事？！"}, {"uid": "3335602", "content": "u1s1，确实"}, {"uid": "7412768", "content": "哈哈哈哈"}, {"uid": "185749", "content": "DD常常左手打右手，小意思"}, {"uid": "7153723", "content": "其实也可以这么理解"}, {"uid": "64031293", "content": "新少主好！"}, {"uid": "375996855", "content": "也可以理解成用猫肉做的肉丸子"}, {"uid": "185872154", "content": "草草草"}, {"uid": "23928217", "content": "还有这种好事？！"}, {"uid": "9272615", "content": "这样理解也可以"}, {"uid": "22911008", "content": "揩油？"}, {"uid": "508734070", "content": "草"}, {"uid": "19686150", "content": "这么说好像也可以"}, {"uid": "293349718", "content": "草"}, {"uid": "4240527", "content": "H aira H"}, {"uid": "470522", "content": "揩油www"}, {"uid": "15123915", "content": "草草草"}, {"uid": "334926483", "content": "草"}, {"uid": "57226992", "content": "还有这种好事"}, {"uid": "5598346", "content": "草"}, {"uid": "3153180", "content": "猫debu"}, {"uid": "2699074", "content": "好像也对"}, {"uid": "10778462", "content": "都给你理解完了"}, {"uid": "13977", "content": "明明是你一开始说猫王子但发音是丸子才会说猫丸子的"}, {"uid": "212101", "content": "还有这种好事？"}, {"uid": "212101", "content": "草"}, {"uid": "36769691", "content": "草"}, {"uid": "95116810", "content": "可爱"}, {"uid": "2203831", "content": "我生气了！怒怒"}, {"uid": "4213301", "content": "亚哒"}, {"uid": "17480001", "content": "草"}, {"uid": "14216863", "content": "务必囚禁我"}, {"uid": "523440453", "content": "草"}, {"uid": "37913832", "content": "你硬要这么理解也行吧。。。"}, {"uid": "23928217", "content": "习惯就好"}, {"uid": "15568897", "content": "草"}, {"uid": "13024389", "content": "金玉就好了"}, {"uid": "419371", "content": "也没错"}, {"uid": "76436975", "content": "还有这好事？"}, {"uid": "619168", "content": "这么一想也不是不可以"}, {"uid": "17480001", "content": "好耶"}, {"uid": "3675179", "content": "野兽的直觉？"}, {"uid": "22206256", "content": "早"}, {"uid": "8021583", "content": "啊这。。。"}, {"uid": "15496318", "content": "草"}, {"uid": "40025213", "content": "草"}, {"uid": "2130977", "content": "不是猫蛋蛋的意思吗？"}, {"uid": "4964376", "content": "有这种好事？"}, {"uid": "34764184", "content": "草"}, {"uid": "5043517", "content": "可是我想叫debubu因为白小姐说debubu的时候真的很可爱"}, {"uid": "19824793", "content": "草"}, {"uid": "11956081", "content": "你再骂"}, {"uid": "185872154", "content": "草"}, {"uid": "128541", "content": "可以是"}, {"uid": "9272615", "content": "草"}, {"uid": "1397128", "content": "草"}, {"uid": "3153180", "content": "还有这种好事？"}, {"uid": "3300481", "content": "是的是的"}, {"uid": "9111145", "content": "草"}, {"uid": "50264426", "content": "虚拟铁男"}, {"uid": "23928217", "content": "debubu"}]