[{"uid": "30847900", "content": "吃掉（无感情）"}, {"uid": "11797451", "content": "不吃会营养不均衡的！快吃！"}, {"uid": "11797451", "content": "全萝卜宴！"}, {"uid": "5800394", "content": "nenene"}, {"uid": "13031989", "content": "多吃蔬菜"}, {"uid": "20369025", "content": "kksk"}, {"uid": "255261564", "content": "官方认证"}, {"uid": "8357250", "content": "！？？？？？？"}, {"uid": "8357250", "content": "debu"}, {"uid": "315304031", "content": "白给"}, {"uid": "315304031", "content": "不要胡萝卜！"}, {"uid": "34434375", "content": "草"}, {"uid": "32535121", "content": "抓到了就让你天天唱攻击"}, {"uid": "110390", "content": "捉到了捉到了 是debubu"}, {"uid": "12750267", "content": "但是炒饭里面放胡萝卜还挺常见的吧"}, {"uid": "3916674", "content": "还有这种好事"}, {"uid": "3916674", "content": "↓kksk"}, {"uid": "694492738", "content": "请夏小姐来给你做饭"}, {"uid": "38000529", "content": "嘿嘿嘿嘿"}, {"uid": "11872189", "content": "sc老坏蛋了"}, {"uid": "11872189", "content": "24h高强度直播，然后抢走收益"}, {"uid": "11872189", "content": "嘿嘿嘿嘿"}, {"uid": "11872189", "content": "败北tag，我day到了"}, {"uid": "3326169", "content": "B-BOX"}, {"uid": "3326169", "content": "可爱"}, {"uid": "26939536", "content": "你诈死，洒家和你慢慢理会！"}, {"uid": "755531", "content": "p家绝学：欧拉欧拉欧拉"}, {"uid": "45166", "content": "她 太 会 了"}, {"uid": "45166", "content": "那不是更好么？"}, {"uid": "253419", "content": "那还用说嘛"}, {"uid": "200863", "content": "不喜欢吃吗 www"}, {"uid": "18368921", "content": "中之人大叔说"}, {"uid": "30514029", "content": "怎么可以这么可爱"}, {"uid": "30514029", "content": "哈哈哈哈哈哈哈"}, {"uid": "7083389", "content": "想看付费剧情，有后续吗"}, {"uid": "7083389", "content": "只有小笼包可以吗？\\doge"}, {"uid": "20335327", "content": "当你的面吃好吃的"}, {"uid": "20335327", "content": "结婚！"}, {"uid": "35299806", "content": "猛男吐血"}, {"uid": "35299806", "content": "太可爱了，受不了了"}, {"uid": "2854211", "content": "铁 笼 格 斗"}, {"uid": "89543", "content": "吃掉"}, {"uid": "16438254", "content": "那是过敏吧"}, {"uid": "16438254", "content": "全肉会营养不良的"}, {"uid": "37051501", "content": "草"}, {"uid": "16438254", "content": "让你直播养家，我来给你点外卖.jpg"}, {"uid": "3204753", "content": "单口相声"}, {"uid": "16438254", "content": "？？这么简单"}, {"uid": "384796790", "content": "哈哈哈哈哈小可爱"}, {"uid": "36769691", "content": "那岂不是更好"}, {"uid": "44452288", "content": "麻婆豆腐老干妈（发出京华的声音）"}, {"uid": "21532255", "content": "艾莉娅中之大叔暴露"}, {"uid": "20328733", "content": "那就那么关着吧（无情"}, {"uid": "20328733", "content": "画师我要看！"}, {"uid": "85255397", "content": "变瘦（指胸"}, {"uid": "176425791", "content": "做高数题（认真）"}, {"uid": "86717009", "content": "靠，看见了自己"}, {"uid": "172215385", "content": "山东话哈哈哈哈"}, {"uid": "40871541", "content": "你在期待什么啊"}, {"uid": "786526", "content": "草 debubu"}, {"uid": "786526", "content": "哦？"}, {"uid": "2178186", "content": "气绝还行"}, {"uid": "2178186", "content": "哈哈哈"}, {"uid": "15217917", "content": "一股地方腔普通话的味道"}, {"uid": "1491889", "content": "不行  必须吃胡萝卜  营养平衡"}, {"uid": "110854105", "content": "好（"}, {"uid": "110854105", "content": "胡萝卜和碳烤黑炭二选一（"}, {"uid": "110854105", "content": "碳烤黑炭"}, {"uid": "67655543", "content": "有画面了，草"}, {"uid": "110854105", "content": "养着一起睡（"}, {"uid": "145507", "content": "学会了"}, {"uid": "110854105", "content": "懂了这就去水里加点粒白砂糖"}, {"uid": "587064", "content": "听的我也饿了"}, {"uid": "510737", "content": "不仅做得出来，甚至诱饵会更丰盛wwwww"}, {"uid": "39943748", "content": "你的大叔可以放生吗"}, {"uid": "2907196", "content": "wwwwwww"}, {"uid": "2907196", "content": "竟有这种好事.jpg"}, {"uid": "3659432", "content": "最速捕获传说"}, {"uid": "10778462", "content": "人都断气了 "}, {"uid": "10778462", "content": "她太可爱了"}, {"uid": "619414", "content": "噗"}, {"uid": "472953846", "content": "可爱"}, {"uid": "680433", "content": "天天喂麦当劳"}, {"uid": "26055728", "content": "有画面了"}, {"uid": "50699664", "content": "放生，明天再抓一次"}, {"uid": "290512", "content": "附近没人（和我抢）吧？"}, {"uid": "17194682", "content": "她说的小笼包为什么听着像是上海话"}, {"uid": "34388930", "content": "在你面前吃肯德基"}, {"uid": "65150177", "content": "抓回去当苦力"}, {"uid": "65219882", "content": "大叔丢河里，很河狸（无慈悲）"}, {"uid": "220939179", "content": "有这好事？"}, {"uid": "35299806", "content": "做各种事情"}, {"uid": "786526", "content": "草"}, {"uid": "20096435", "content": "填 鸭"}, {"uid": "2842559", "content": "不要吃陌生人的东西（）"}, {"uid": "7896115", "content": "喂成。。。"}, {"uid": "523440453", "content": "草"}, {"uid": "4093010", "content": "每天撸猫"}, {"uid": "200863", "content": "嘿嘿嘿滴"}, {"uid": "2719275", "content": "喂饭(即答"}, {"uid": "772867", "content": "麻婆豆腐加水吗"}, {"uid": "2907196", "content": "确实（"}, {"uid": "22311678", "content": "给我变"}, {"uid": "20578322", "content": "来了来了"}, {"uid": "220939179", "content": "然后把艾莉娅喂成debubu"}, {"uid": "14036398", "content": "帮我写作业"}, {"uid": "510737", "content": "wwwwwwwwwwwww"}, {"uid": "39441394", "content": "你来中国怕不是走不动路了"}, {"uid": "16933612", "content": "吼吼吼"}, {"uid": "18368921", "content": "甚至麻辣兔头"}, {"uid": "3207714", "content": "住在kfc吃到变成球"}, {"uid": "2163611", "content": "嗯？"}, {"uid": "7083389", "content": "y1s1，qs"}, {"uid": "220939179", "content": "对30说结婚"}, {"uid": "57314", "content": "强迫24小时直播"}, {"uid": "8284532", "content": "狂热粉丝"}, {"uid": "268587214", "content": "咦？这么大叔心的艾莉娅难道不是大叔吗？"}, {"uid": "253419", "content": "放生（无慈悲"}, {"uid": "11797451", "content": "在你面前吃kfc，然后要求你唱攻击战喽"}, {"uid": "453393358", "content": "抽她的成！"}, {"uid": "8357250", "content": "？"}, {"uid": "29644843", "content": "真的？"}, {"uid": "282103", "content": "草"}, {"uid": "36810930", "content": "那你来了中国这路怎么走啊"}, {"uid": "610933", "content": "还有这等好事？"}, {"uid": "262284680", "content": "草"}, {"uid": "6916642", "content": "结婚"}, {"uid": "108167611", "content": "草"}, {"uid": "10778462", "content": "当然是喂成debubu"}, {"uid": "55480851", "content": "确实"}, {"uid": "253419", "content": "准备网子和陷阱工具/麻醉珠和陷阱工具吧"}, {"uid": "315304031", "content": "诶嘿嘿"}, {"uid": "553721", "content": "下锅"}, {"uid": "220939179", "content": "好耶"}, {"uid": "36769691", "content": "？"}, {"uid": "2109984", "content": "debubu"}, {"uid": "2907196", "content": "kawaii"}, {"uid": "157979", "content": "就钓就硬钓"}, {"uid": "523440453", "content": "结婚"}, {"uid": "36593818", "content": "千 与 千 寻"}, {"uid": "35299806", "content": "prprprpr"}, {"uid": "89543", "content": "然后被卖给了广东人"}, {"uid": "523440453", "content": "木大木大木大木大木大木大木大木大木大木大木大木大木大木大木大"}, {"uid": "470345017", "content": "中之人大叔无疑"}]