[{"uid": "30212587", "content": "中文真上手"}, {"uid": "30212587", "content": "唱歌er哈哈哈"}, {"uid": "87909069", "content": "北 傀 特 工"}, {"uid": "229599391", "content": "好可爱救命，尾巴太可了"}, {"uid": "352784377", "content": "大耳朵图图：这个我熟"}, {"uid": "442924992", "content": "这对耳朵已经被我吉良吉影碰过了。"}, {"uid": "516401802", "content": "怕不是会被炮决了吧（悲）"}, {"uid": "343478", "content": "被处决了是吗？（迫真）"}, {"uid": "157979", "content": "来人，给这位女士上麦当劳。"}, {"uid": "437336000", "content": "真的有那么Q弹吗"}, {"uid": "2150025", "content": "已经（被炮决）了（雾）"}, {"uid": "31756296", "content": "《打断手》"}, {"uid": "400668950", "content": "是吗，那我这边建议关注贝爷"}, {"uid": "300473", "content": "众所周知，一个苹果44.5kg"}, {"uid": "20578322", "content": "有麦当劳"}, {"uid": "20578322", "content": "第一问：何时演唱攻击战？"}, {"uid": "20578322", "content": "蝙 蝠 语"}, {"uid": "20578322", "content": "都已经在洗澡的时候被金金拳击了！"}, {"uid": "168768250", "content": "幻视成让我摸摸x"}, {"uid": "14986061", "content": "唱歌（指攻击战）"}, {"uid": "19174622", "content": "终于见面了（泪目"}, {"uid": "19174622", "content": "新人（确信"}, {"uid": "23332494", "content": "警告：麦克风驱动异常，错误代号8"}, {"uid": "277721786", "content": "好家伙和我一样高"}, {"uid": "27180703", "content": "无风自动。。。。。"}, {"uid": "580506799", "content": "《字幕组失业》"}, {"uid": "403272990", "content": "耳朵.exe已停止运行"}, {"uid": "40779646", "content": "你的尾巴是怎么装上去的（"}, {"uid": "241635", "content": "本性不变"}, {"uid": "2335812", "content": "标准结局"}, {"uid": "4953194", "content": "被攻击了（"}, {"uid": "3345765", "content": "上 条 当 麻"}, {"uid": "3164819", "content": "你下面一直晃我眼睛都花了"}, {"uid": "5774948", "content": "油炸蚂蚱、鞋子、蜘蛛、知了"}, {"uid": "11466143", "content": "上  条  当  麻"}, {"uid": "288672159", "content": "林  檎"}, {"uid": "64031293", "content": "好活哈哈哈哈哈"}, {"uid": "5425162", "content": "nice boat（错乱）"}, {"uid": "131962", "content": "mea你可真是开了个好头啊"}, {"uid": "110390", "content": "你昨天不是怎么说的"}, {"uid": "110390", "content": "草兔子在后面"}, {"uid": "38224263", "content": "北 朝 特 工金 雪 姬(确信)"}, {"uid": "38224263", "content": "新 人(大嘘)"}, {"uid": "8844791", "content": "麦当劳（速答）"}, {"uid": "15138435", "content": "不存在的东西，就让我来抹杀掉.jpg"}, {"uid": "196805295", "content": "幻  想  杀  手"}, {"uid": "33030701", "content": "中之人胡图图暴露"}, {"uid": "329085", "content": "帕里不敢（）"}, {"uid": "74116971", "content": "16岁，是个公主"}, {"uid": "12384997", "content": "特技：攻击"}, {"uid": "556547", "content": "道理我都懂，可是为什么背部逗猫棒也会跟着耳朵掉呢"}, {"uid": "44431691", "content": "好家伙，难道我是上条当麻？"}, {"uid": "7577621", "content": "传统艺能草"}, {"uid": "363074497", "content": "无法突破次元壁ಥ_ಥ"}, {"uid": "453641159", "content": "耳朵会董~（好耶）"}, {"uid": "453641159", "content": "唱鸽儿~做假舞（不是)~还有作翻~"}, {"uid": "371051859", "content": "警察：欢迎来到派出所"}, {"uid": "11624558", "content": "三个苹果（指MacPro主机）"}, {"uid": "1552496", "content": "指胸部的重量"}, {"uid": "8511707", "content": "败 者 食 尘"}, {"uid": "31281033", "content": "被可爱暴击到..."}, {"uid": "36769691", "content": "三个苹果（工作站）那么重"}, {"uid": "3036901", "content": "有趣儿"}, {"uid": "5146971", "content": "这个超声波频率不在我们人类的听觉范围内啊"}, {"uid": "351418536", "content": "ok，请务必跟我姐军"}, {"uid": "2938618", "content": "这胸有自己的想法"}, {"uid": "145586", "content": "本人打轴可还行"}, {"uid": "227647942", "content": "有趣的事情"}, {"uid": "207613158", "content": "您还是越活越年轻啊"}, {"uid": "172930320", "content": "帕里：吐血"}, {"uid": "319438875", "content": "这北京话学的真的是……太可爱了"}, {"uid": "1476130", "content": "烤肉组下班了？自己烤自己发"}, {"uid": "432866", "content": "摸摸アリア"}, {"uid": "786526", "content": "草 好孩子"}, {"uid": "159992381", "content": "懂了，尾巴是插拔的吧"}, {"uid": "33902337", "content": "哦看看这兴奋的胸肌，像极了那些健美运动员（"}, {"uid": "89543", "content": "蓝蓝路的脚有多大呢（"}, {"uid": "24822777", "content": "异世相遇，尽享美味"}, {"uid": "194893", "content": "消 音 处 理"}, {"uid": "257561938", "content": "会动也太草了"}, {"uid": "1540843", "content": "我记得你初配信时候说17岁，一天没见小了一岁"}, {"uid": "271320068", "content": "奇怪的物理模型"}, {"uid": "10620365", "content": "虫 豸 驱 散"}, {"uid": "472273245", "content": "老新人了（doge）"}, {"uid": "5693124", "content": "胸变小了所以是逆生长，合理"}, {"uid": "74041", "content": "新人（确信）"}, {"uid": "32411985", "content": "攻击！攻击！"}, {"uid": "3630271", "content": "挨了大埔洞导弹么"}, {"uid": "354752695", "content": "三个洋葱那么重"}, {"uid": "316929569", "content": "相关推送，塔冲了过来"}, {"uid": "648460221", "content": "那我务必娶了你"}, {"uid": "648460221", "content": "说麻辣兔头的人夺笋啊"}, {"uid": "34959019", "content": "你是只假猫"}, {"uid": "36399091", "content": "耳熟（doge）"}, {"uid": "19174622", "content": "虫族（幻听"}, {"uid": "19174622", "content": "上条当麻竟是我"}, {"uid": "23311699", "content": "收入后宫了?"}, {"uid": "12880597", "content": "福建人（即答）"}, {"uid": "22241072", "content": "这个是猫咪不是狐狸了吧"}, {"uid": "13275281", "content": "难怪帕里最近失踪了"}, {"uid": "219522596", "content": "哈哈哈哈哈哈"}, {"uid": "580506799", "content": "我的目光无法移开…"}, {"uid": "9849637", "content": "是六岁（雾）"}, {"uid": "13233351", "content": "蝙蝠（不是"}, {"uid": "495993", "content": "兔子是怎么生猫咪的？"}, {"uid": "4742882", "content": "炭烧生蚝"}, {"uid": "693929898", "content": "不如说有四个耳朵233"}, {"uid": "21029585", "content": "真的有这么Q弹吗"}, {"uid": "241635", "content": "本性不改"}, {"uid": "892409", "content": "正缺一个做家务的"}, {"uid": "12720898", "content": "被大浦洞轰入力()悲"}, {"uid": "17982209", "content": "快进到字幕组还没组建好就已经失业这件事"}, {"uid": "242791191", "content": "p家中文第二天花板"}, {"uid": "10452263", "content": "《新 人》"}, {"uid": "243491", "content": "是用黑暗剑砍了22刀么"}, {"uid": "252100619", "content": "44.5*3（bushi）"}, {"uid": "1451236", "content": "屑天使直呼内行"}, {"uid": "22871583", "content": "不要把话藏起来啊"}, {"uid": "16096557", "content": "打断舌头吧"}, {"uid": "513199307", "content": "一看见虚拟姐姐就忍不住关注了"}, {"uid": "84534506", "content": "图图，我是你牛爷爷"}, {"uid": "15138435", "content": "好 孩 子"}, {"uid": "15138435", "content": "去势了是吧"}, {"uid": "74116971", "content": "我直接自信，嗨！老婆"}, {"uid": "2784710", "content": "这就把兔子烤了给你补一补"}, {"uid": "49976766", "content": "图哈列夫司机(误)"}, {"uid": "616477", "content": "一听就是二环内的，地道儿"}, {"uid": "263395", "content": "这弹舌哈哈哈"}, {"uid": "80171758", "content": "反复听这个唱歌儿"}, {"uid": "346769187", "content": "所以尾巴是插件吧"}, {"uid": "1225837659", "content": "16岁，是vtuber 啊啊啊啊啊"}, {"uid": "32173355", "content": "都被割掉金玉了"}, {"uid": "351418536", "content": "请务必跟我结婚"}, {"uid": "103302929", "content": "真的有怎么Q弹吗"}, {"uid": "271635", "content": "给我变.jpg"}, {"uid": "145586", "content": "3个苹果小姐那么重（"}, {"uid": "30070758", "content": "silence wench"}, {"uid": "12445084", "content": "影片制作/字幕制作/时间轴：白雪艾莉娅（本人）"}, {"uid": "27073454", "content": "草，混沌无误"}, {"uid": "874099", "content": "H-CUP混沌系"}, {"uid": "166413848", "content": "图图，你牛爷爷来啦！"}, {"uid": "71329244", "content": "确实，30的耳朵就是我摸下来的"}, {"uid": "432866", "content": "草，被摸走了"}, {"uid": "97284", "content": "这装甲可动性好强"}, {"uid": "28156853", "content": "中国语本当上手"}, {"uid": "2881638", "content": "真会整活"}, {"uid": "7729473", "content": "你居然不是纸片人"}, {"uid": "13024389", "content": "我的猫变成人了"}, {"uid": "13024389", "content": "抱住就是一顿亲"}, {"uid": "243796444", "content": "传统艺能"}, {"uid": "472273245", "content": "别以为我不知道你前世是谁"}, {"uid": "4504", "content": "在？来首攻击战"}, {"uid": "2288947", "content": "上条竟是我自己"}, {"uid": "201376074", "content": "44.5的都是魔鬼吧"}, {"uid": "29497186", "content": "盲猜混沌系"}, {"uid": "350727660", "content": "草莓牛奶芒果杯"}, {"uid": "279498215", "content": "哈哈哈好可爱"}, {"uid": "34959019", "content": "北朝特工（"}, {"uid": "425367858", "content": "初见 可爱 单推"}, {"uid": "2499384", "content": "杯政治保卫局枪毙了"}, {"uid": "252355536", "content": "真的有这么Q弹吗"}, {"uid": "437336000", "content": "草"}, {"uid": "437336000", "content": "实在不行了"}, {"uid": "182634676", "content": "《Q弹》"}, {"uid": "24968319", "content": "silence hench"}, {"uid": "523440453", "content": "？？？？？？？？？？"}, {"uid": "14986061", "content": "被大浦洞了"}, {"uid": "10826451", "content": "mana兔头好耶"}, {"uid": "472819412", "content": "朝武芳乃直呼内行"}, {"uid": "673754648", "content": "好Q弹"}, {"uid": "196856", "content": "接下来播放：？？？？"}, {"uid": "190897355", "content": "好可爱真的"}, {"uid": "66745947", "content": "P家?草"}, {"uid": "403272990", "content": "老婆你来了！"}, {"uid": "403272990", "content": "好7的"}, {"uid": "6027937", "content": "手抓羊肉"}, {"uid": "17331897", "content": "可爱，单推"}, {"uid": "10201951", "content": "草"}, {"uid": "15568897", "content": "尾巴是插的还是勾的"}, {"uid": "3900958", "content": "人格修正"}, {"uid": "9535416", "content": "本当上手"}, {"uid": "262284680", "content": "害怕"}, {"uid": "1695045", "content": "这尾巴翘得老高了"}, {"uid": "91777036", "content": "好家伙是被枪毙了罢"}, {"uid": "3916674", "content": "传统艺能"}, {"uid": "64031293", "content": "我天汉语可以啊。赞！"}, {"uid": "359432640", "content": "好耶！是白猫猫！推了"}, {"uid": "680433", "content": "nice boat"}, {"uid": "1594494", "content": "被x鲜特工xxx了是吧"}, {"uid": "85999950", "content": "我很可爱，请给我钱"}, {"uid": "273252538", "content": "草，专业"}, {"uid": "2203831", "content": "原来是假猫娘！怒怒"}, {"uid": "564182", "content": "头？你是说哪个头？"}, {"uid": "937618", "content": "44.5x3"}, {"uid": "2083983", "content": "这表情xswl，太帕里了"}, {"uid": "12564556", "content": "？？？？？"}, {"uid": "453641159", "content": "耳朵会董"}, {"uid": "11329290", "content": "俺の嫁！！！"}, {"uid": "3326169", "content": "她厨艺确实不错"}, {"uid": "34036", "content": "44.5*3=133.5"}, {"uid": "22429106", "content": "新人v都这么强的嘛"}, {"uid": "17436256", "content": "？？？你不是说17岁吗？"}, {"uid": "11244465", "content": "mana兔头"}, {"uid": "24505503", "content": "草，北京也没有唱歌儿的说法啊"}, {"uid": "2938618", "content": "被特工做掉了？"}, {"uid": "30070758", "content": "mana兔头"}, {"uid": "78870225", "content": "数据删除"}, {"uid": "457355", "content": "新 人"}, {"uid": "874099", "content": "尾巴好直！"}, {"uid": "2776570", "content": "不是17岁的吗"}, {"uid": "432866", "content": "臭兔子guna"}, {"uid": "52216644", "content": "她在抖"}, {"uid": "3985607", "content": "这个儿哈哈哈哈哈哈哈哈哈"}, {"uid": "6100276", "content": "那尾巴是不是（"}, {"uid": "350668452", "content": "mana兔头"}, {"uid": "33902337", "content": "虫族（"}, {"uid": "7643736", "content": "逆生长还行"}, {"uid": "35154644", "content": "动耳神功？"}, {"uid": "1540843", "content": "娶了娶了，现在就娶"}, {"uid": "12158423", "content": "胡萝卜桑（无端"}, {"uid": "114006", "content": "碰瓷儿呢"}, {"uid": "7416777", "content": "唱歌！做饭！结婚！"}, {"uid": "20326678", "content": "斩首是前辈"}, {"uid": "379256396", "content": "初见，可爱，单推"}, {"uid": "491863306", "content": "草"}, {"uid": "10620365", "content": "会被角龙冲撞"}, {"uid": "116416610", "content": "hinako"}, {"uid": "51403713", "content": "这绝对是个混沌"}, {"uid": "10581", "content": "人 参"}, {"uid": "85703064", "content": "草"}, {"uid": "96937837", "content": "啾啾白猫猫"}, {"uid": "371448", "content": "猫猫来这里"}, {"uid": "157979", "content": "迫真新人"}, {"uid": "30732418", "content": "我直接，老婆！"}, {"uid": "677116468", "content": "好可爱"}, {"uid": "287547086", "content": "可爱，单推了"}, {"uid": "401099828", "content": "人人都是教主"}, {"uid": "3156545", "content": "草"}, {"uid": "10031973", "content": "关注了关注了"}, {"uid": "470490499", "content": "噗哈哈哈哈哈哈哈哈哈哈哈"}, {"uid": "219522596", "content": "啊啊啊啊啊啊啊啊好可爱"}, {"uid": "34891673", "content": "我竟是上条当麻"}, {"uid": "158161806", "content": "动耳神功【？】"}, {"uid": "693929898", "content": "唱嗝儿"}, {"uid": "91409218", "content": "搞事情"}, {"uid": "110854105", "content": "那当我老婆8"}, {"uid": "1779969", "content": "新人（相关推荐）"}, {"uid": "12575555", "content": "右边推荐就离谱"}, {"uid": "3900958", "content": "真能整活"}, {"uid": "2437955", "content": "白毛特攻来了"}, {"uid": "3916674", "content": "不要乱冲啊kora"}, {"uid": "38274277", "content": "草。"}, {"uid": "64031293", "content": "黄焖鸡肉！"}, {"uid": "1451236", "content": "p家中文天花板？"}, {"uid": "3548397", "content": "特技不是快速干饭和大量干饭吗"}, {"uid": "1577552", "content": "莲花血鸭"}, {"uid": "21098678", "content": "都被空露露了（"}, {"uid": "432198421", "content": "真的有这么Q弹吗"}, {"uid": "34434375", "content": "你们不对劲"}, {"uid": "6569554", "content": "快进到结婚"}, {"uid": "362066686", "content": "麻婆豆腐（）"}, {"uid": "4188964", "content": "ruaruarua"}, {"uid": "2493480", "content": "啊这属性》"}, {"uid": "21839948", "content": "草"}, {"uid": "14505577", "content": "？？？？"}, {"uid": "534973", "content": "断头断手都看过了 来个解除前装甲的活吧"}, {"uid": "17436256", "content": "草"}, {"uid": "347868012", "content": "王致和臭豆腐"}, {"uid": "558377", "content": "害怕ww"}, {"uid": "10319", "content": "特技，攻○"}, {"uid": "10319", "content": "3个リンコン那么重？？"}, {"uid": "33412614", "content": "？？？"}, {"uid": "271635", "content": "16岁，vtb desu"}, {"uid": "351418536", "content": "比我大一岁，我可以！"}, {"uid": "1739853", "content": "3个44.5的走错片场了"}, {"uid": "107122", "content": "居然是假猫"}, {"uid": "3690746", "content": "耳朵被我偷了"}, {"uid": "20317592", "content": "那可太重了"}, {"uid": "10778462", "content": "既然你这样说了，我也只好娶你了"}, {"uid": "432866", "content": "害怕"}, {"uid": "320119710", "content": "好像有些黄油啊草"}, {"uid": "389356408", "content": "？？？"}, {"uid": "3985607", "content": "哈哈哈哈哈"}, {"uid": "20834052", "content": "草"}, {"uid": "3985607", "content": "p家传统"}, {"uid": "10455913", "content": "“新”人"}, {"uid": "700698", "content": "唱歌儿，老北京了"}, {"uid": "1540843", "content": "中文上手"}, {"uid": "22987058", "content": "？？？"}, {"uid": "91287916", "content": "是个好老婆！"}, {"uid": "8206868", "content": "3克苹果"}, {"uid": "3544485", "content": "初见，结婚"}, {"uid": "1864956", "content": "碰瓷系"}, {"uid": "2003915", "content": "北傀特工"}, {"uid": "2003915", "content": "西冰库北傀分库"}, {"uid": "258896797", "content": "白猫猫"}, {"uid": "258896797", "content": "白猫猫"}, {"uid": "14135915", "content": "能摸胸吗"}, {"uid": "498176258", "content": "这不是蝙蝠嘛"}, {"uid": "4151632", "content": "新的猫猫！"}, {"uid": "496700788", "content": "佛跳墙"}, {"uid": "391102860", "content": "晕车了"}, {"uid": "212101", "content": "草"}, {"uid": "15939713", "content": "44.5＊3"}, {"uid": "1548774", "content": "炸蝉蛹"}, {"uid": "15568897", "content": "老干妈"}, {"uid": "15568897", "content": "在？唱个攻击"}, {"uid": "23249820", "content": "好的老婆"}, {"uid": "1779969", "content": "唱歌儿xswl"}, {"uid": "72591228", "content": "干饭人"}, {"uid": "680433", "content": "麦当劳啊麦当劳"}, {"uid": "176272552", "content": "真是老新人了"}, {"uid": "2203831", "content": "好，请嫁给我！"}, {"uid": "16881547", "content": "好家伙"}, {"uid": "29961953", "content": "唉，我表呢？"}, {"uid": "67803987", "content": "草草草"}, {"uid": "27112187", "content": "我直接老婆"}, {"uid": "353536909", "content": "wwwwwwwwwwww"}, {"uid": "196805295", "content": "你说的哟，老婆"}, {"uid": "6569554", "content": "新的老婆已经出现！"}, {"uid": "329085", "content": "44.5*3"}, {"uid": "2945563", "content": "44.5*3"}, {"uid": "33156053", "content": "好活"}, {"uid": "5872079", "content": "神龙系vtuber"}, {"uid": "23773661", "content": "特技不是快速干饭嘛"}, {"uid": "15496318", "content": "这也太q弹了吧"}, {"uid": "1474310", "content": "草"}, {"uid": "24141412", "content": "新人嗯我能信？"}, {"uid": "7991044", "content": "真的这么q弹吗"}, {"uid": "34435038", "content": "我还在吧"}, {"uid": "9535416", "content": "可爱，单推了"}, {"uid": "2848296", "content": "草"}, {"uid": "3248251", "content": "133.5KG？！"}, {"uid": "432055588", "content": "危"}, {"uid": "290713863", "content": "一定要搞死我"}, {"uid": "13898366", "content": "？？？？？"}, {"uid": "351418536", "content": "儿话音好严重，中之人是北京人吗（"}, {"uid": "796668", "content": "唱歌儿～"}, {"uid": "6019233", "content": "？？？？"}, {"uid": "1694662", "content": "44.5*3"}, {"uid": "10162553471", "content": "尾巴也没了"}, {"uid": "2683805", "content": "草"}, {"uid": "35747402", "content": "结婚"}, {"uid": "2705066", "content": "说尾巴的是魔鬼吧"}, {"uid": "8818984", "content": "草"}, {"uid": "786526", "content": "初见 可爱 单推 结婚"}, {"uid": "16606820", "content": "3个苹果酱那么重"}, {"uid": "786526", "content": "标准标准"}, {"uid": "786526", "content": "别晃了 晕了晕了"}, {"uid": "516386", "content": "还可以贴符"}, {"uid": "33902337", "content": "唱歌er，你也是老儿北儿京儿人儿"}, {"uid": "89543", "content": "迷迭迷迭帕里桑"}, {"uid": "8186821", "content": "好，一定搞死你"}, {"uid": "2332327", "content": "草，是HelloKitty吗"}, {"uid": "5661239", "content": "草"}, {"uid": "29275394", "content": "nya"}, {"uid": "1595754", "content": "草，你好怪啊"}, {"uid": "5693124", "content": "但你不是喜欢妹子的吗"}, {"uid": "283765022", "content": "哈哈哈"}, {"uid": "27164642", "content": "153"}, {"uid": "619481", "content": "麦当劳"}, {"uid": "51403713", "content": "打断手是mea吗哈哈哈哈哈哈（有端联想）"}, {"uid": "477305623", "content": "宁就是mana的情人吗"}, {"uid": "2499384", "content": "白头山天降帕里"}, {"uid": "14135915", "content": "这尾巴强啊"}, {"uid": "392703018", "content": "哟西哟西哟西哟西哟西哟西"}, {"uid": "437336000", "content": "草"}, {"uid": "300756591", "content": "危"}, {"uid": "20578322", "content": "攻击！攻击！"}, {"uid": "523440453", "content": "可爱，单推"}, {"uid": "29221526", "content": "麻辣兔头"}, {"uid": "82579948", "content": "新的狐狸"}, {"uid": "3992443", "content": "懂的都懂"}, {"uid": "353874449", "content": "rape"}, {"uid": "8149643", "content": "goushi兔子"}, {"uid": "1732875", "content": "新猫猫"}, {"uid": "310843417", "content": "awsl"}, {"uid": "9849637", "content": "你们干脆娶个xxx老婆算了（"}, {"uid": "37865026", "content": "好"}, {"uid": "2163611", "content": "装甲。。"}, {"uid": "85312408", "content": "害怕"}, {"uid": "22482787", "content": "真的那么q弹吗"}, {"uid": "2907454", "content": "为什么在乱动"}, {"uid": "4179396", "content": "苹果x3，我的天www"}, {"uid": "1779969", "content": "说好的17呢？"}, {"uid": "14544759", "content": "老干妈"}, {"uid": "206169", "content": "老婆！"}, {"uid": "5280531", "content": "白毛，推了"}, {"uid": "1776512", "content": "？"}, {"uid": "14216863", "content": "awsl"}, {"uid": "44060664", "content": "害怕"}, {"uid": "355659247", "content": "草"}, {"uid": "1808632", "content": "草"}, {"uid": "30181527", "content": "草"}, {"uid": "110390", "content": "草"}, {"uid": "74216835", "content": "麻辣兔头"}, {"uid": "26774591", "content": "30完了"}, {"uid": "8511707", "content": "韦天！"}, {"uid": "6553414", "content": "草"}, {"uid": "8354617", "content": "？？"}, {"uid": "33030701", "content": "歌er"}, {"uid": "74116971", "content": "30你还好吗？？？"}, {"uid": "12384997", "content": "战国有什么好吃的？"}, {"uid": "473409122", "content": "危"}, {"uid": "7577621", "content": "老北京人儿了"}, {"uid": "2236985", "content": "那确实"}, {"uid": "6543784", "content": "133.5"}, {"uid": "39675854", "content": "？？？？？？？？？？？"}, {"uid": "3291854726", "content": "是学生"}, {"uid": "19444312", "content": "kksk"}, {"uid": "151022440", "content": "awsl"}, {"uid": "36769691", "content": "一天一岁"}, {"uid": "107122", "content": "30，快上！！！"}, {"uid": "2707525", "content": "好晃！好晃！"}, {"uid": "8467804", "content": "草"}, {"uid": "796668", "content": "可爱"}, {"uid": "78870225", "content": "危"}, {"uid": "62028", "content": "在日北儿京儿人儿"}, {"uid": "28954108", "content": "awsl"}, {"uid": "2683805", "content": "老北京人儿了"}, {"uid": "10778462", "content": "老三样"}, {"uid": "23089036", "content": "你是图图吗？"}, {"uid": "313790861", "content": "不是17吗"}, {"uid": "102060175", "content": "晃到我眼睛了"}, {"uid": "2094645201", "content": "我看看要多久你才会觉得这个视频尴尬"}, {"uid": "24099991", "content": "vvvvvvvv"}, {"uid": "38982153", "content": "草"}, {"uid": "1936835", "content": "麻辣兔头（"}, {"uid": "89543", "content": "啾啾白猫猫"}, {"uid": "243796444", "content": "那好结婚吧"}, {"uid": "22532208", "content": "吃麦当劳吧"}, {"uid": "243796444", "content": "危"}, {"uid": "18139194", "content": "我耳朵呢？"}, {"uid": "442548554", "content": "嗨，老婆"}, {"uid": "34025031", "content": "debucat"}, {"uid": "677116468", "content": "草"}, {"uid": "13635741", "content": "白龙"}, {"uid": "57966", "content": "胸碰上去也会掉吗？"}, {"uid": "20578322", "content": "awsl"}, {"uid": "259433126", "content": "awsl"}, {"uid": "32021142", "content": "？"}, {"uid": "10826451", "content": "还有贴符呢"}, {"uid": "2699074", "content": "是白毛！单推"}, {"uid": "140525885", "content": "好，老婆"}, {"uid": "82422983", "content": "麻辣兔头（）"}, {"uid": "310843417", "content": "草"}, {"uid": "285826982", "content": "大数据推送"}, {"uid": "212101", "content": "害怕"}, {"uid": "562257281", "content": "麻辣兔头"}, {"uid": "562257281", "content": "草"}, {"uid": "43077580", "content": "这么Q弹？"}, {"uid": "13194949", "content": "右边推荐就离谱"}, {"uid": "85312408", "content": "麻辣兔头"}, {"uid": "185749", "content": "老婆"}, {"uid": "197784703", "content": "唱歌儿"}, {"uid": "3164819", "content": "中国得麦当劳，好吃！"}, {"uid": "228944066", "content": "??????"}, {"uid": "1273558", "content": "草"}, {"uid": "4538756", "content": "？"}, {"uid": "915478", "content": "草"}, {"uid": "1776512", "content": "22"}, {"uid": "3916674", "content": "歌er"}, {"uid": "37801573", "content": "awsl"}, {"uid": "475080", "content": "被炮决了"}, {"uid": "64031293", "content": "不好意思大家，我还是暴露了暴露了。"}, {"uid": "762943", "content": "不是病娇，词不同的"}, {"uid": "110390", "content": "字圆腔正"}, {"uid": "16881547", "content": "老婆mua"}, {"uid": "2854211", "content": "北 国 公 主"}, {"uid": "29961953", "content": "休想"}, {"uid": "6811048", "content": "确实"}, {"uid": "359806404", "content": "awsl"}, {"uid": "329085", "content": "老婆！！！"}, {"uid": "488206434", "content": "草"}, {"uid": "329085", "content": "www"}, {"uid": "33156053", "content": "草"}, {"uid": "2297252", "content": "好耶"}, {"uid": "612870901", "content": "雪花猫(^･ｪ･^)"}, {"uid": "6760836", "content": "昨天不是17岁吗"}, {"uid": "14505577", "content": "草"}, {"uid": "240360", "content": "危，"}, {"uid": "240360", "content": "危"}, {"uid": "450674876", "content": "奥利给"}, {"uid": "17436256", "content": "上手"}, {"uid": "361033321", "content": "麻辣兔头"}, {"uid": "361776", "content": "！！"}, {"uid": "502922349", "content": "帕里危"}, {"uid": "7653623", "content": "hso"}, {"uid": "27073454", "content": "草"}, {"uid": "4297094", "content": "断手警告"}, {"uid": "3690746", "content": "神龙？"}, {"uid": "9272615", "content": "不是17吗"}, {"uid": "2683805", "content": "危"}, {"uid": "10183614", "content": "？？"}, {"uid": "3985607", "content": "老婆！"}, {"uid": "10292269", "content": "大嘘（）"}, {"uid": "71993", "content": "歌er"}, {"uid": "786526", "content": "草"}, {"uid": "33902337", "content": "？？？"}, {"uid": "19606121", "content": "草"}, {"uid": "13024389", "content": "摸没了"}, {"uid": "1885789", "content": "？老儿北儿京儿人儿了儿"}, {"uid": "5661239", "content": "mua"}, {"uid": "323864030", "content": "好晃"}, {"uid": "48741665", "content": "dddd"}, {"uid": "26246979", "content": "被北朝特工做了（）"}, {"uid": "18745037", "content": "好秃"}, {"uid": "64869715", "content": "？"}, {"uid": "5693124", "content": "草"}, {"uid": "5693124", "content": "建议把腿砍了，这样就不会收益化飞行了"}, {"uid": "27164642", "content": "? "}, {"uid": "1296905", "content": "大数据推荐"}, {"uid": "397847885", "content": "烤面筋"}, {"uid": "2629851", "content": "我直接嗨老婆"}, {"uid": "88822273", "content": "16岁应该不算炼吧？"}, {"uid": "303726597", "content": "一听就是老百京人了"}, {"uid": "481080857", "content": "可爱"}, {"uid": "544299387", "content": "歌儿 草wwwwwwwwww"}, {"uid": "248596729", "content": "awsl"}, {"uid": "414448185", "content": "清楚"}, {"uid": "9849637", "content": "44.5x3"}, {"uid": "126112951", "content": "好的老婆"}, {"uid": "495993", "content": "怎么你也讨厌吃胡萝卜"}, {"uid": "37865026", "content": "草"}, {"uid": "693929898", "content": "比我都沉"}, {"uid": "10201951", "content": "嗨，老婆"}, {"uid": "6676614", "content": "好重"}, {"uid": "544972", "content": "变小了"}, {"uid": "72591228", "content": "草"}, {"uid": "1185094508", "content": "哈哈哈"}, {"uid": "24679217", "content": "懂了，44.5*3=133.5。"}, {"uid": "262284680", "content": "摸摸"}, {"uid": "2732940", "content": "麦当劳"}, {"uid": "4408249", "content": "这相关视频推送就离谱"}, {"uid": "2629851", "content": "可爱"}, {"uid": "1842801", "content": "不是金雪姬？"}, {"uid": "21098678", "content": "帕里能画这种装甲？"}, {"uid": "3293318", "content": "草。"}, {"uid": "513199307", "content": "和我结婚！！！"}, {"uid": "6811048", "content": "草"}, {"uid": "35986910", "content": "草"}, {"uid": "33030701", "content": "晃"}, {"uid": "473409122", "content": "香啊"}, {"uid": "15496318", "content": "没炸毛差评"}, {"uid": "11329290", "content": "老婆！！！"}, {"uid": "351465310", "content": "麻辣兔头"}, {"uid": "240360", "content": "草"}, {"uid": "293646936", "content": "30!"}, {"uid": "437001951", "content": "awsl"}, {"uid": "436096", "content": "草"}, {"uid": "813330", "content": "131.5"}, {"uid": "107122", "content": "30！！！！！！"}, {"uid": "2119256", "content": "？"}, {"uid": "3690746", "content": "？17呢？"}, {"uid": "6887858", "content": "debubu"}, {"uid": "4297094", "content": "摸摸头~"}, {"uid": "9272615", "content": "草"}, {"uid": "8818984", "content": "草"}, {"uid": "8818984", "content": "草"}, {"uid": "494002", "content": "这尾巴"}, {"uid": "10183614", "content": "老北京人儿了"}, {"uid": "3985607", "content": "害怕"}, {"uid": "3985607", "content": "草"}, {"uid": "7253838", "content": "?"}, {"uid": "479232", "content": "？？？？？"}, {"uid": "23588755", "content": "别抖了 害怕"}, {"uid": "19845762", "content": "草"}, {"uid": "14188092", "content": "结婚"}, {"uid": "1399210", "content": "指愿意为了快餐嫁到中国来"}, {"uid": "694641688", "content": "草"}, {"uid": "4760671", "content": "草"}, {"uid": "14126480", "content": "假猫"}, {"uid": "6628100", "content": "？？？"}, {"uid": "419195606", "content": "老北京人儿了"}, {"uid": "10620365", "content": "被炮决了"}, {"uid": "30982451", "content": "混沌"}, {"uid": "1109362591", "content": "44.5草"}, {"uid": "157979", "content": "那请问您为什么勾搭38岁的妇女？"}, {"uid": "677116468", "content": "草"}, {"uid": "523440453", "content": "麻辣兔头"}, {"uid": "32021142", "content": "害怕"}, {"uid": "10826451", "content": "草"}, {"uid": "310843417", "content": "自考"}, {"uid": "212101", "content": "麻辣兔头"}, {"uid": "154942917", "content": "awsl"}, {"uid": "562257281", "content": "老婆！"}, {"uid": "498858139", "content": "dd"}, {"uid": "25527586", "content": "草草草"}, {"uid": "38389367", "content": "草"}, {"uid": "20738601", "content": "被炮决了"}, {"uid": "241635", "content": "新人？"}, {"uid": "12891523", "content": "草"}, {"uid": "12891523", "content": "可爱"}, {"uid": "12891523", "content": "awsl"}, {"uid": "544972", "content": "好家伙"}, {"uid": "87640183", "content": "帕里最开始的皮肤不就是巨R嘛"}, {"uid": "107842209", "content": "新人"}, {"uid": "262284680", "content": "好耶"}, {"uid": "300401053", "content": "嗨  老婆"}, {"uid": "35351639", "content": "白毛"}, {"uid": "288672159", "content": "娶北朝女人"}, {"uid": "37801573", "content": "awsl"}, {"uid": "2072005", "content": "中国的麦当劳怎么样"}, {"uid": "3307323", "content": "132.5kg"}, {"uid": "1808632", "content": "awsl"}, {"uid": "128541", "content": "虫族"}, {"uid": "2203831", "content": "害怕"}, {"uid": "110390", "content": "并不是猫"}, {"uid": "434431", "content": "这里说的是病娇"}, {"uid": "6520124", "content": "北傀公主"}, {"uid": "7577621", "content": "草"}, {"uid": "11329290", "content": "害怕"}, {"uid": "34988307", "content": "好！"}, {"uid": "507646048", "content": "好耶"}, {"uid": "1474310", "content": "老北京人了"}, {"uid": "17436256", "content": "懂了，是********了吧"}, {"uid": "2956619", "content": "草"}, {"uid": "36769691", "content": "在日北儿京儿人儿"}, {"uid": "1551447", "content": "一个苹果44.5，三个苹果。。。"}, {"uid": "3153180", "content": "debubu"}, {"uid": "229755273", "content": "三个苹果电脑那么重？也不算重吧"}, {"uid": "432055588", "content": "啊???"}, {"uid": "66795888", "content": "alielie"}, {"uid": "361776", "content": "草草草"}, {"uid": "1338630", "content": "草"}, {"uid": "361776", "content": "？？？"}, {"uid": "632679", "content": "草"}, {"uid": "813330", "content": "老北儿京儿"}, {"uid": "813330", "content": "老北京人了"}, {"uid": "351418536", "content": "草"}, {"uid": "170976360", "content": "老儿百京人儿了"}, {"uid": "7067213", "content": "debubu"}, {"uid": "7245334", "content": "哔哔"}, {"uid": "33935601", "content": "草"}, {"uid": "24099991", "content": "草"}, {"uid": "26623255", "content": "麻辣兔头"}, {"uid": "32250348", "content": "kksk"}, {"uid": "4760671", "content": "？"}, {"uid": "683432", "content": "geer"}, {"uid": "1490673", "content": "妹啊 三个苹果有h cup那么重吗"}, {"uid": "328422", "content": "自成神龙？"}, {"uid": "22063278", "content": "boingboingboing"}, {"uid": "34496680", "content": "哔哔哔哔哔哔"}, {"uid": "473305980", "content": "老婆！"}, {"uid": "5693124", "content": "新人草"}, {"uid": "203395997", "content": "我不屑狐狸，屑猫咪"}, {"uid": "346633425", "content": "老婆"}, {"uid": "100408696", "content": "草"}, {"uid": "682763094", "content": "好Q"}, {"uid": "523440453", "content": "好的老婆"}, {"uid": "523440453", "content": "44.5*3"}, {"uid": "10031973", "content": "老婆！"}, {"uid": "66745947", "content": "D"}, {"uid": "580506799", "content": "危"}, {"uid": "212101", "content": "草草"}, {"uid": "694492738", "content": "白米饭"}, {"uid": "85312408", "content": "草"}, {"uid": "85312408", "content": "awsl"}, {"uid": "279569404", "content": "纳德纳德"}, {"uid": "1185094508", "content": "ohhhhh"}, {"uid": "9535416", "content": "好家伙"}, {"uid": "262284680", "content": "草"}, {"uid": "1776512", "content": "草"}, {"uid": "5731447", "content": "草"}, {"uid": "236973", "content": "？"}, {"uid": "236973", "content": "老新人了"}, {"uid": "14216863", "content": "唱歌儿"}, {"uid": "351675333", "content": "麻辣兔头"}, {"uid": "1268209", "content": "？"}, {"uid": "2723373", "content": "摸摸"}, {"uid": "2629851", "content": "我直接嗨老婆"}, {"uid": "2629851", "content": "麻辣兔头"}, {"uid": "2629851", "content": "草"}, {"uid": "2629851", "content": "awsl"}, {"uid": "329085", "content": "草"}, {"uid": "11329290", "content": "一定会的"}, {"uid": "1474310", "content": "上手"}, {"uid": "240360", "content": "好耶"}, {"uid": "17436256", "content": "歌儿"}, {"uid": "293646936", "content": "危"}, {"uid": "293646936", "content": "啊这？"}, {"uid": "293646936", "content": "草"}, {"uid": "87904163", "content": "老婆跟我回家吧"}, {"uid": "99453925", "content": "？？？？？？"}, {"uid": "34435038", "content": "？？？？"}, {"uid": "66795888", "content": "上手"}, {"uid": "17823384", "content": "？？"}, {"uid": "221622866", "content": "好Q"}, {"uid": "30111632", "content": "Kfc"}, {"uid": "27073454", "content": "好耶"}, {"uid": "9272615", "content": "草"}, {"uid": "3985607", "content": "麻辣兔头"}, {"uid": "34068040", "content": "还行"}, {"uid": "5598346", "content": "？？？？？？？"}, {"uid": "19082923", "content": "debubu"}, {"uid": "2250070", "content": "^ ^"}, {"uid": "786526", "content": "？？？？"}, {"uid": "23588755", "content": "？"}, {"uid": "3524641", "content": "神龙vtb"}, {"uid": "354293575", "content": "17虚岁16周岁？"}, {"uid": "7729473", "content": "？？？？？"}, {"uid": "3715598", "content": "唱歌儿"}, {"uid": "387768075", "content": "？"}, {"uid": "29275394", "content": "？？？？"}, {"uid": "82640767", "content": "哈哈哈哈哈哈哈哈哈哈哈哈哈哈哈"}, {"uid": "523968175", "content": "爱    蜜     莉     雅"}, {"uid": "9062012", "content": "又是个在日儿北儿京儿人儿，我为什么要说又呢？"}, {"uid": "1792556", "content": "她真可爱啊啊啊啊啊~~~~~~~~"}]