[{"uid": "20811981", "content": "看久了有点可爱"}, {"uid": "239727587", "content": "登dua龙"}, {"uid": "97030135", "content": "传说长管猎枪，麻醉镖，非凡饲料已就位（）"}, {"uid": "577419732", "content": "我要抱抱这条龙"}, {"uid": "34744267", "content": "一下老了几个纪"}, {"uid": "351675333", "content": "这玩意杀了能掉装备吗"}, {"uid": "129274289", "content": "这首歌现在已经不记得原版歌词，只记得小何哥哥和414了……"}, {"uid": "237730525", "content": "！"}, {"uid": "35118504", "content": "这嘴巴哈哈哈哈哈"}, {"uid": "194175206", "content": "这样就能和Aria永远的在一起了（"}, {"uid": "339757", "content": "sodayo"}, {"uid": "2907196", "content": "怕了怕了"}, {"uid": "2907196", "content": "恭喜3D233333"}, {"uid": "230951989", "content": "你谁 快给我变回去"}, {"uid": "24740710", "content": "开 心 恐 龙"}, {"uid": "166413848", "content": "猫猫以前还变过狼呢，不稀奇"}, {"uid": "5842642", "content": "帕里妈妈白生了"}, {"uid": "19174622", "content": "如果你是龙，也好www"}, {"uid": "19174622", "content": "逼真肉食系"}, {"uid": "52433747", "content": "谁不喜欢恐龙呢"}, {"uid": "1971366", "content": "龙头再整好点可能有点帅"}, {"uid": "22574447", "content": "gachi变少（指被吃掉）"}, {"uid": "3168569", "content": "现出原形"}, {"uid": "3168569", "content": "p家最速3d"}, {"uid": "2203831", "content": "请不要吃我！"}, {"uid": "4912018", "content": "好可爱的声音wwww"}, {"uid": "178553196", "content": "好可怕的大嘴"}, {"uid": "525539555", "content": "「骇人恶兽」"}, {"uid": "525539555", "content": "骇人恶兽"}, {"uid": "36810930", "content": "放在谁胸前？"}, {"uid": "36769691", "content": "这艺术对我来说还是太早了"}, {"uid": "7702616", "content": "骇 人 恶 兽 "}, {"uid": "26036404", "content": "sodayo（即答）"}, {"uid": "26036404", "content": "人不能，至少不……什么我也是，啊那没事了（"}, {"uid": "11068448", "content": "中之龙暴露"}, {"uid": "12880597", "content": "牙口不错（"}, {"uid": "337557349", "content": "肚子：轻点，疼"}, {"uid": "3529224", "content": "太多冲击"}, {"uid": "130804664", "content": "我特么直接一套气刃大回旋"}, {"uid": "1438789", "content": "wwwwwwwwww"}, {"uid": "12059624", "content": "开幕雷击"}, {"uid": "35299806", "content": "笑死了"}, {"uid": "7220745", "content": "开幕雷击，整活猫又开始了"}, {"uid": "312097", "content": "还带翅膀的"}, {"uid": "328422", "content": "迫真肉食系……"}, {"uid": "19174622", "content": "尾巴不再是天线了呢（喜"}, {"uid": "231601", "content": "猛兽侠"}, {"uid": "577419732", "content": "卡哇伊阔多!"}, {"uid": "10826451", "content": "变回去！"}, {"uid": "27164642", "content": "真身暴露"}, {"uid": "11139215", "content": "草 血盆大口 笑死我了"}, {"uid": "20317592", "content": "开幕雷击草"}, {"uid": "3300481", "content": "嘶，吓人"}, {"uid": "170204766", "content": "开幕雷击"}, {"uid": "56595", "content": "她接受了"}, {"uid": "9330374", "content": "我擦卧槽卧槽卧槽"}, {"uid": "1993462", "content": "开幕雷击"}, {"uid": "130804664", "content": "我特么直接就是朝头一发五瓶超姐"}, {"uid": "1739853", "content": "中 之 人 暴 露"}, {"uid": "30872046", "content": "开幕雷击"}, {"uid": "452985223", "content": "开屏雷击"}, {"uid": "297123797", "content": "舰长连夜抗火车跑了"}, {"uid": "49756319", "content": "中之人暴露了"}, {"uid": "67655543", "content": "魔性"}, {"uid": "35004205", "content": "鬼 女 红 叶"}, {"uid": "13024389", "content": "害怕"}, {"uid": "1255939087", "content": "她把舰长吃了"}, {"uid": "351675333", "content": "单杀了"}, {"uid": "79589546", "content": "直接开刃登龙"}, {"uid": "341048421", "content": "毫无违和感"}, {"uid": "262319692", "content": "？？？开幕雷击"}, {"uid": "194175206", "content": "中之人（龙）暴露"}, {"uid": "2907196", "content": "牙白"}, {"uid": "2907196", "content": "开幕雷击"}, {"uid": "384796790", "content": "？？？？？？？？？？？？"}, {"uid": "43783608", "content": "骇人恶兽"}, {"uid": "19174622", "content": "一转攻势"}, {"uid": "2203831", "content": "？！"}, {"uid": "4912018", "content": "草wwwwwwwwwww"}, {"uid": "56595", "content": "血盆大口"}, {"uid": "16933612", "content": "开幕雷击"}, {"uid": "26036404", "content": "change raptor"}, {"uid": "116133672", "content": "骇 人 恶 兽"}, {"uid": "1522907", "content": "开幕雷击"}, {"uid": "1438789", "content": "嘴巴章张的好大"}, {"uid": "3529224", "content": "超美丽"}, {"uid": "44512795", "content": "草草草"}, {"uid": "108220883", "content": "被骗了"}, {"uid": "207613158", "content": "恐龙妹"}, {"uid": "67655543", "content": "开幕雷击"}, {"uid": "42195795", "content": "太草了哈哈哈哈哈"}, {"uid": "204995819", "content": "吓得我直接掏出绿陶"}, {"uid": "13990000", "content": "好大的嘴！"}, {"uid": "103022524", "content": "开幕雷击"}, {"uid": "79589546", "content": "草"}, {"uid": "266812299", "content": "草"}, {"uid": "27164642", "content": "不也挺好的吗"}, {"uid": "9539753", "content": "不准变身"}, {"uid": "443529239", "content": "草"}, {"uid": "4453298", "content": "开幕雷击"}, {"uid": "2203831", "content": "帅吗……"}, {"uid": "36810930", "content": "血盆大口"}, {"uid": "36769691", "content": "开幕雷击"}, {"uid": "606689", "content": "？？？？？？？"}, {"uid": "2558958", "content": "中之龙"}, {"uid": "1438789", "content": "wwwwwww"}, {"uid": "170865942", "content": "？？？？？？？草"}, {"uid": "3529224", "content": "抗船跑路"}, {"uid": "3529224", "content": "草"}, {"uid": "10165668", "content": "草"}, {"uid": "253419", "content": "开幕雷击"}, {"uid": "2735173", "content": "真香"}, {"uid": "20317592", "content": "草"}, {"uid": "544972", "content": "啊这..."}, {"uid": "24740710", "content": "哈哈哈哈哈"}, {"uid": "23001624", "content": "？？"}, {"uid": "12891523", "content": "开幕雷击"}, {"uid": "2629851", "content": "舰——长——"}, {"uid": "2629851", "content": "草"}, {"uid": "2629851", "content": "开幕雷击"}, {"uid": "9272615", "content": "草"}, {"uid": "9272615", "content": "开幕雷击"}, {"uid": "23091926", "content": "草"}, {"uid": "305617742", "content": "草"}, {"uid": "11022101", "content": "超 古 代 3 D"}, {"uid": "80025877", "content": "开幕雷击"}, {"uid": "253419", "content": "有点离谱，不过不是完全离谱"}, {"uid": "383084364", "content": "开幕雷击"}, {"uid": "397383521", "content": "草"}, {"uid": "310843417", "content": "草"}, {"uid": "401992636", "content": "草"}, {"uid": "39616261", "content": "血盆大口"}, {"uid": "334926483", "content": "卧槽"}, {"uid": "7052933", "content": "草"}, {"uid": "262319692", "content": "？？？？？？？？"}, {"uid": "230951989", "content": "蜥蜴猫"}, {"uid": "23001624", "content": "草"}, {"uid": "2629851", "content": "sodayo"}, {"uid": "23576276", "content": "不 良 母 龙"}, {"uid": "8308058", "content": "哈哈哈哈哈"}, {"uid": "56595", "content": "草"}, {"uid": "2763024", "content": "草"}, {"uid": "21896921", "content": "wwwwwwwww"}, {"uid": "833257", "content": "这就投胡萝卜jpg"}, {"uid": "11244465", "content": "这嘴笑死了"}, {"uid": "400761112", "content": "？？？？"}, {"uid": "44512795", "content": "她在狂笑"}, {"uid": "242082893", "content": "草"}, {"uid": "471628", "content": "草"}, {"uid": "88227984", "content": "哈——"}, {"uid": "580506799", "content": "草"}, {"uid": "354204934", "content": "草"}, {"uid": "126783684", "content": "这就是中之人吗"}, {"uid": "253419", "content": "恐龙龙崎进入直播间"}, {"uid": "130958", "content": "快乐"}, {"uid": "2924626", "content": "开幕龙击枪"}, {"uid": "5598346", "content": "草"}, {"uid": "44060664", "content": "害怕"}, {"uid": "34744267", "content": "这嘴嚼不了了"}, {"uid": "96148206", "content": "草"}, {"uid": "262319692", "content": "草wwww"}, {"uid": "11202938", "content": "牢记设定"}, {"uid": "27164642", "content": "??? "}, {"uid": "194175206", "content": "草"}, {"uid": "23001624", "content": "突然"}, {"uid": "508734070", "content": "害怕"}, {"uid": "32191148", "content": "?????"}, {"uid": "47589006", "content": "草"}, {"uid": "10159973", "content": "草"}, {"uid": "37851426", "content": "草"}, {"uid": "12408245", "content": "?????"}, {"uid": "62028", "content": "oto二形态"}, {"uid": "544299387", "content": "kksk"}, {"uid": "401739128", "content": "草"}, {"uid": "197816147", "content": "草"}, {"uid": "15021114", "content": "要吃人啊1"}, {"uid": "383084364", "content": "草"}, {"uid": "253419", "content": "不也挺好吗"}, {"uid": "67655543", "content": "草"}, {"uid": "239870250", "content": "草"}, {"uid": "475596", "content": "草"}, {"uid": "37152145", "content": "awsl（"}, {"uid": "21612496", "content": "草"}, {"uid": "31546332", "content": "变身"}, {"uid": "194175206", "content": "wwww"}, {"uid": "544972", "content": "草"}, {"uid": "453839177", "content": "草"}, {"uid": "473909195", "content": "超美丽3D"}, {"uid": "9330374", "content": "？？？"}, {"uid": "36769691", "content": "草"}, {"uid": "2256057", "content": "草"}, {"uid": "240999265", "content": "这女人长得像恐龙 ，这可不是什么好话啊 "}, {"uid": "26036404", "content": "henshin！"}, {"uid": "89739012", "content": "？？？"}, {"uid": "23091926", "content": "害怕"}, {"uid": "305617742", "content": "草"}, {"uid": "374374149", "content": "草"}, {"uid": "15295081", "content": "确实"}, {"uid": "1438789", "content": "草"}, {"uid": "2280651", "content": "oto"}, {"uid": "35299806", "content": "草wwww"}, {"uid": "35299806", "content": "这3d可以"}, {"uid": "291031618", "content": "可怕"}, {"uid": "15588298", "content": "草"}, {"uid": "49756319", "content": "害怕"}, {"uid": "10165668", "content": "草"}, {"uid": "100408696", "content": "草"}, {"uid": "334926483", "content": "？？？？？"}, {"uid": "31546332", "content": "草"}, {"uid": "194175206", "content": "www"}, {"uid": "2907196", "content": "wwwwwww"}, {"uid": "88247344", "content": "害怕"}, {"uid": "3118424", "content": "草"}, {"uid": "3300481", "content": "这就是rui君么"}, {"uid": "19174622", "content": "変身"}, {"uid": "4912018", "content": "草"}, {"uid": "36769691", "content": "草"}, {"uid": "26036404", "content": "逐  渐  接  受  一  切"}, {"uid": "12707559", "content": "？"}, {"uid": "11244465", "content": "草"}, {"uid": "3885523", "content": "草"}, {"uid": "30872046", "content": "裂开了"}, {"uid": "12813493", "content": "tcl"}, {"uid": "2705066", "content": "害怕"}, {"uid": "87629078", "content": "害怕"}, {"uid": "86954029", "content": "草"}, {"uid": "126783684", "content": "。。。"}, {"uid": "207613158", "content": "草"}, {"uid": "25520962", "content": "????"}, {"uid": "508734070", "content": "草"}, {"uid": "229144257", "content": "草"}, {"uid": "423296", "content": "？"}, {"uid": "62028", "content": "草"}, {"uid": "97131235", "content": "迅猛龙哈哈哈哈哈"}, {"uid": "452985223", "content": "我天"}, {"uid": "12813493", "content": "这啥啊"}, {"uid": "35299806", "content": "错"}, {"uid": "89941", "content": "？？？"}, {"uid": "580506799", "content": "草"}]