[{"uid": "419195606", "content": "真的有平的吗"}, {"uid": "53056384", "content": "嘶)那大概是没见过真平的……"}, {"uid": "350727660", "content": "草"}, {"uid": "4270565", "content": "哈哈哈哈哈哈哈"}, {"uid": "2335812", "content": "终于知道标题啥意思了"}, {"uid": "334926483", "content": "？？？"}, {"uid": "934786", "content": "所言极是（"}, {"uid": "22863629", "content": "三世轮回，仍是绝壁"}, {"uid": "375755245", "content": "要生完孩子的哺乳期内才会有奶水"}, {"uid": "2163611", "content": "好嚣张的“对不起”哈哈哈"}, {"uid": "24992120", "content": "这个还真是遗传"}, {"uid": "1931345", "content": "我全都要"}, {"uid": "19174622", "content": "我，再生产"}, {"uid": "19174622", "content": "确实"}, {"uid": "84892567", "content": "字 正 腔 圆！"}, {"uid": "37913832", "content": "理论上哺乳动物都是可以出奶的"}, {"uid": "248883011", "content": "新片头好生草www"}, {"uid": "6811048", "content": "草草草草"}, {"uid": "15823004", "content": "这孩子都在说些什么呢"}, {"uid": "217797936", "content": "具体说说？"}, {"uid": "217797936", "content": "已经/respawn了"}, {"uid": "34589673", "content": "这也被切出来了草"}, {"uid": "71993", "content": "?"}, {"uid": "755531", "content": "草，新片头又怪又好"}, {"uid": "22420132", "content": "牛奶没有那就猫奶"}, {"uid": "3735621", "content": "带制作，带制作"}, {"uid": "400096053", "content": "好像闪过了奇怪的东西"}, {"uid": "489844", "content": "猫耳蝙蝠牛"}, {"uid": "19940327", "content": "高情商：和夏小姐生小孩 低情商：平的像男的（"}, {"uid": "11244465", "content": "初见 清楚 单推"}, {"uid": "1739853", "content": "草"}, {"uid": "1774754", "content": "夏小姐重开好几轮都是平板"}, {"uid": "25410470", "content": "笑得打不出字"}, {"uid": "13052443", "content": "前景提要"}, {"uid": "577143", "content": "她已经在收敛了"}, {"uid": "401593773", "content": "。。。"}, {"uid": "253419", "content": "你再骂"}, {"uid": "8206542", "content": "奶猫"}, {"uid": "6221030", "content": "夏小姐：我不听，你狡辩，我不信，不是这样的！"}, {"uid": "6221030", "content": "这猫确定是不能要了"}, {"uid": "6221030", "content": "这猫还要的吗？"}, {"uid": "35520443", "content": "DDDD"}, {"uid": "9845124", "content": "你你你你再生产？"}, {"uid": "254088638", "content": "我不信，除非……嗯…嗯…嗯"}, {"uid": "334926483", "content": "？？？我听到了什么"}, {"uid": "2163611", "content": "猫奶没有吗"}, {"uid": "93756174", "content": "大制作"}, {"uid": "21363074", "content": "好恶毒！:P"}, {"uid": "4091868", "content": "这开头好"}, {"uid": "67655543", "content": "可以挤出猫奶"}, {"uid": "67655543", "content": "哈哈哈哈"}, {"uid": "22066278", "content": "可夏小姐重开好几次了还是绝壁"}, {"uid": "45166", "content": "hhhhh"}, {"uid": "10708661", "content": "怪，请继续！"}, {"uid": "35568469", "content": "哈哈哈哈哈"}, {"uid": "25474093", "content": "挤奶工夏小姐"}, {"uid": "30111632", "content": "草"}, {"uid": "194175206", "content": "别骂了"}, {"uid": "730671", "content": "这里单曲循环HSO"}, {"uid": "794571", "content": "可爱"}, {"uid": "254088638", "content": "？什么东西，榨汁！"}, {"uid": "334926483", "content": "细嗦"}, {"uid": "23562069", "content": "草"}, {"uid": "101163396", "content": "这辈子寄了"}, {"uid": "30011434", "content": "重开还行"}, {"uid": "2629851", "content": "可爱"}, {"uid": "1959286", "content": "夏小姐已经重开3次了……"}, {"uid": "22460464", "content": "出猫奶就行（"}, {"uid": "22863629", "content": "我不信 除非让我试试"}, {"uid": "11004842", "content": "对不起（河南话）"}, {"uid": "8262140", "content": "不试试怎么知道不行呢！"}, {"uid": "2163611", "content": "好 好"}, {"uid": "24992120", "content": "卧槽，无情~"}, {"uid": "589810425", "content": "草"}, {"uid": "6811048", "content": "草 "}, {"uid": "1915514", "content": "闪过去不得了的东西了"}, {"uid": "39156096", "content": "你在说神魔啊！"}, {"uid": "730671", "content": "我都要"}, {"uid": "101193063", "content": "？？？？？"}, {"uid": "253419", "content": "@夏诺雅"}, {"uid": "128541", "content": "大片感"}, {"uid": "6221030", "content": "草"}, {"uid": "92996981", "content": "可爱"}, {"uid": "6906877", "content": "不试试怎么知道呢"}, {"uid": "36769691", "content": "草"}, {"uid": "4675964", "content": "草"}, {"uid": "4675964", "content": "草"}, {"uid": "2163611", "content": "草"}, {"uid": "10481048", "content": "细说"}, {"uid": "28495278", "content": "夏小姐重开了还是绝壁"}, {"uid": "16713196", "content": "？"}, {"uid": "11244465", "content": "好怪哦 再看一次 顺便点个赞"}, {"uid": "383396212", "content": "草"}, {"uid": "24213285", "content": "草"}, {"uid": "212101", "content": "草"}, {"uid": "4538756", "content": "？？？"}, {"uid": "475596", "content": "草"}, {"uid": "487279", "content": "太屑了"}, {"uid": "30514029", "content": "哈哈哈哈哈哈哈哈"}, {"uid": "13146318", "content": "好怪，再看一眼"}, {"uid": "1808632", "content": "草"}, {"uid": "86918711", "content": "草"}, {"uid": "254088638", "content": "猫奶也行"}, {"uid": "2629851", "content": "草"}, {"uid": "4675964", "content": "？？？"}, {"uid": "2854211", "content": "惨啊"}, {"uid": "2163611", "content": "唔。。。"}, {"uid": "6486338", "content": "好屑的猫"}, {"uid": "29990327", "content": "？？？？？？？"}, {"uid": "22077434", "content": "草"}, {"uid": "5043517", "content": "等等你不是魔法少女用魔法长得猫耳吗？你的设定呢？"}, {"uid": "16586347", "content": "？？？？"}, {"uid": "11927551", "content": "？？？、"}, {"uid": "357639", "content": "草"}, {"uid": "730671", "content": "怎么生？"}, {"uid": "86918711", "content": "草。"}, {"uid": "154684", "content": "草"}, {"uid": "475849202", "content": "草"}, {"uid": "334926483", "content": "草"}, {"uid": "52956766", "content": "她重开好几次了"}, {"uid": "52956766", "content": "草"}, {"uid": "4130547", "content": "草"}, {"uid": "2756033", "content": "?!?"}, {"uid": "8262140", "content": "TKB!TKB!"}, {"uid": "2163611", "content": "重开吧"}, {"uid": "3996412", "content": "问题发言"}, {"uid": "3996412", "content": "好怪啊"}, {"uid": "1931345", "content": "确实"}, {"uid": "1931345", "content": "tkb草"}, {"uid": "37498399", "content": "草"}, {"uid": "217797936", "content": "你再骂"}, {"uid": "1400358", "content": "好怪哦——再看一眼"}, {"uid": "1400358", "content": "？？？？"}, {"uid": "28502339", "content": "草"}, {"uid": "16586347", "content": "草"}, {"uid": "13761664", "content": "？"}, {"uid": "24213285", "content": "草"}, {"uid": "158526024", "content": "？？？？？、"}, {"uid": "158526024", "content": "重点不对吧草"}, {"uid": "25636", "content": "草"}, {"uid": "30111632", "content": "debu起"}, {"uid": "5598346", "content": "草"}, {"uid": "194175206", "content": "草"}, {"uid": "8435314", "content": "好活"}, {"uid": "101193063", "content": "草"}, {"uid": "253419", "content": "不能要了"}, {"uid": "802107341", "content": "???"}, {"uid": "480362513", "content": "草"}, {"uid": "45927838", "content": "???"}, {"uid": "49998877", "content": "草"}, {"uid": "23562069", "content": "夏小姐重开也没用"}, {"uid": "3916674", "content": "草"}, {"uid": "36769691", "content": "草"}, {"uid": "36769691", "content": "草"}, {"uid": "4675964", "content": "确实"}, {"uid": "36769691", "content": "草"}, {"uid": "1931345", "content": "草"}, {"uid": "1931345", "content": "草"}, {"uid": "544972", "content": "草"}, {"uid": "67655543", "content": "kksk"}, {"uid": "22986750", "content": "草草草草草草"}, {"uid": "24213285", "content": "？？？"}, {"uid": "34435038", "content": "？？？？？？？"}, {"uid": "10708661", "content": "永世绝壁"}, {"uid": "194175206", "content": "太怪了"}, {"uid": "30514029", "content": "草"}, {"uid": "253419", "content": "对不七（很吊）"}, {"uid": "20926273", "content": "Hso"}, {"uid": "86918711", "content": "哈哈"}, {"uid": "45087547", "content": "草"}, {"uid": "419195606", "content": "荷兰人"}, {"uid": "109691027", "content": "？？？"}, {"uid": "4675964", "content": "草"}, {"uid": "4675964", "content": "又不是哺乳期()"}, {"uid": "52956766", "content": "草"}, {"uid": "934786", "content": "？？？"}, {"uid": "2756033", "content": "太可爱了x？？？ 太混沌了√！！！！！"}, {"uid": "19824793", "content": "草"}, {"uid": "93756174", "content": "草"}, {"uid": "28233581", "content": "草"}, {"uid": "291501", "content": "？？？"}, {"uid": "589810425", "content": "好活"}, {"uid": "5972885", "content": "草"}, {"uid": "6811048", "content": "？"}, {"uid": "10913878", "content": "？？？？？？？"}, {"uid": "2558958", "content": "淦 好怪啊 再看一眼"}, {"uid": "4912018", "content": "草wwww"}, {"uid": "4912018", "content": "草"}, {"uid": "194175206", "content": "ww"}, {"uid": "253419", "content": "草"}, {"uid": "131666195", "content": "草"}, {"uid": "4270565", "content": "笑死"}, {"uid": "23562069", "content": "太怪了"}, {"uid": "36769691", "content": "?"}, {"uid": "355211351", "content": "草"}, {"uid": "19824793", "content": "草"}, {"uid": "1858404199", "content": "kksk"}, {"uid": "6811048", "content": "hso"}, {"uid": "436871584", "content": "草"}, {"uid": "2151569", "content": "只产羊毛不产奶？？养你何用？？"}, {"uid": "8325090", "content": "无奶转生"}, {"uid": "141338", "content": "ushiushi"}, {"uid": "45166", "content": "?????????????"}, {"uid": "308060", "content": "草"}, {"uid": "191098", "content": "草"}, {"uid": "1739853", "content": "？？？？"}, {"uid": "730671", "content": "太凡了"}, {"uid": "13031989", "content": "草"}, {"uid": "194175206", "content": "？？？"}, {"uid": "8134493", "content": "草"}, {"uid": "194175206", "content": "ww"}, {"uid": "194175206", "content": "？？"}, {"uid": "253419", "content": "草"}, {"uid": "6221030", "content": "？？？？？？"}, {"uid": "503765714", "content": "？？？？？"}, {"uid": "17800331", "content": "?"}, {"uid": "22209485", "content": "草"}, {"uid": "689626624", "content": "?"}, {"uid": "11899482", "content": "dududu"}, {"uid": "22066278", "content": "?"}, {"uid": "81132653", "content": "wwww"}, {"uid": "544299387", "content": "wwwww"}, {"uid": "4912018", "content": "かわいいいいいいいいいいいいいいいいい"}]