[{"uid": "128541", "content": "草"}, {"uid": "2713847", "content": "草"}, {"uid": "10312668", "content": "好汉羞，脸红了"}, {"uid": "8357250", "content": "同传：？"}, {"uid": "201376074", "content": "请不要与工作中的驾驶员（同传man）聊天"}, {"uid": "34005584", "content": "开始了，套娃"}, {"uid": "14122823", "content": "？？？？怎么回事"}, {"uid": "2163611", "content": "哎哟，你"}, {"uid": "755531", "content": "碾红了（锤子并感）"}, {"uid": "6361313", "content": "原地tp"}, {"uid": "4408249", "content": "要套起来了"}, {"uid": "4408249", "content": "？"}, {"uid": "217797936", "content": "草"}, {"uid": "37913832", "content": "自   回   归"}, {"uid": "177587223", "content": "这"}, {"uid": "4675964", "content": "哎哟你脸红啦"}, {"uid": "4675964", "content": "那是同传啊草"}, {"uid": "4675964", "content": "草"}, {"uid": "452198061", "content": "那边的人都是处男吗？（"}, {"uid": "3346365", "content": "好标准"}, {"uid": "114964846", "content": "哈哈哈哈"}, {"uid": "90962120", "content": "草"}, {"uid": "38654719", "content": "《脑壳痛》（幻听）"}, {"uid": "200863", "content": "草 原来看到同传了"}, {"uid": "401099828", "content": "又开始套娃了"}, {"uid": "2829992", "content": "那边的..无端联想."}, {"uid": "253419", "content": "哎哟，你脸红啦"}, {"uid": "310843417", "content": "哎呦，你臉紅了"}, {"uid": "310843417", "content": "bakaka debubu sukiki tekoki"}, {"uid": "253419", "content": "互 相 烤 肉"}, {"uid": "253419", "content": "哈哈哈哈"}, {"uid": "253419", "content": "递 归"}, {"uid": "262284680", "content": "草"}, {"uid": "30514029", "content": "可以哦，我特么想到了华农兄弟"}, {"uid": "1225837659", "content": "哎呦，你脸红了，让我康康"}, {"uid": "141338", "content": "草"}, {"uid": "786526", "content": "草"}, {"uid": "189954623", "content": "草，误解大了"}, {"uid": "35747402", "content": "哈哈哈"}, {"uid": "21851472", "content": "草"}, {"uid": "2193135", "content": "草"}, {"uid": "110390", "content": "开始土味"}, {"uid": "110390", "content": "自己乐到自己"}, {"uid": "52433747", "content": "不是哈慈卡西吗"}, {"uid": "1363022", "content": "草，所以是在读同传吗"}, {"uid": "41001864", "content": "【这是同传】"}, {"uid": "591952017", "content": "弹幕瞩目"}, {"uid": "44307505", "content": "好可爱啊h"}, {"uid": "33935601", "content": "健康的笑声"}, {"uid": "36005920", "content": "读到同传了"}, {"uid": "6361313", "content": "同传懵逼中"}, {"uid": "329085", "content": "哈哈哈哈哈"}, {"uid": "207613158", "content": "同传：？？？"}, {"uid": "253419", "content": "孩子笑的真好听"}, {"uid": "25793499", "content": "哎呦，你脸红啦"}, {"uid": "67655543", "content": "草"}, {"uid": "401099828", "content": "同传：？？？"}, {"uid": "310843417", "content": "這是同傳"}, {"uid": "5582949", "content": "如蜜传如蜜"}, {"uid": "20228958", "content": "哈哈"}, {"uid": "35611036", "content": "原地tp"}, {"uid": "1808632", "content": "哎哟 你脸红啦"}, {"uid": "7021272", "content": "这笑声wwwww"}, {"uid": "310843417", "content": "kksk"}, {"uid": "3537215", "content": "草"}, {"uid": "3424819", "content": "草"}, {"uid": "35747402", "content": "草"}, {"uid": "99536164", "content": "这也是同传"}, {"uid": "425237", "content": "禁止套娃"}, {"uid": "24574", "content": "很清楚的笑声呢"}, {"uid": "8308058", "content": "草"}, {"uid": "32964081", "content": "精神焕发"}, {"uid": "253419", "content": "自 相 似"}, {"uid": "920584", "content": "这是……这是台词。"}, {"uid": "1808632", "content": "草"}, {"uid": "1858404199", "content": "kksk"}, {"uid": "2713847", "content": "草"}, {"uid": "523440453", "content": "草"}, {"uid": "523440453", "content": "草"}, {"uid": "4675964", "content": "草"}, {"uid": "434431", "content": "又套娃了"}, {"uid": "19686150", "content": "草"}, {"uid": "36401197", "content": "承包这个笑"}, {"uid": "523440453", "content": "【这是同传】"}, {"uid": "329085", "content": "www"}, {"uid": "11037817", "content": "草"}, {"uid": "186891845", "content": "结果还是同传"}, {"uid": "108167611", "content": "草"}, {"uid": "49352", "content": "草"}, {"uid": "33935601", "content": "草"}, {"uid": "3916674", "content": "草"}, {"uid": "13310817", "content": "草"}, {"uid": "81607", "content": "复读"}, {"uid": "23928217", "content": "又开始了w"}, {"uid": "36769691", "content": "草"}, {"uid": "262284680", "content": "草"}, {"uid": "122481503", "content": "草"}, {"uid": "5779356", "content": "草"}, {"uid": "14122823", "content": "？？？？"}, {"uid": "523440453", "content": "草"}, {"uid": "1563892", "content": "草"}, {"uid": "23928217", "content": "くさ"}, {"uid": "253419", "content": "好汉"}, {"uid": "262284680", "content": "wwwwww"}, {"uid": "1438789", "content": "这是同传"}, {"uid": "3366602", "content": "火了"}, {"uid": "25968061", "content": "草"}, {"uid": "10778462", "content": "草"}]