[{"uid": "37913832", "content": "sodayo（便乘）"}, {"uid": "26036404", "content": "高    兴（棒读）"}, {"uid": "466446823", "content": "很快就不是了"}, {"uid": "495009523", "content": "草！！！！！！你再骂！！！！"}, {"uid": "1777092", "content": "那边的人全都是爽哥吗"}, {"uid": "357274793", "content": "处应为第三声，一般人都念错了"}, {"uid": "21550586", "content": "我觉得我的生命受到了威胁"}, {"uid": "3729648", "content": "我连女生的手从小学之后就没碰过，所以和我结婚吧艾丽娅"}, {"uid": "6569554", "content": "草，字正腔圆"}, {"uid": "2907196", "content": "兼 爱 天 下"}, {"uid": "2907196", "content": "你这，怕不是狩猎本能（）"}, {"uid": "2907196", "content": "不用解释了，已经在哭了"}, {"uid": "8778050", "content": "我谢谢你啊（怒）"}, {"uid": "2255632", "content": "你是伤害纯情阿宅的坏女人！！"}, {"uid": "236973", "content": "我就知道了"}, {"uid": "6873216", "content": "人才啊"}, {"uid": "272374", "content": "一 转 攻 势"}, {"uid": "1457815", "content": "敲里吗（幻听）"}, {"uid": "34764024", "content": "只有纯洁的男人才能成为魔法师"}, {"uid": "34764024", "content": "你要干嘛草"}, {"uid": "239935528", "content": "我知道一定是下次还敢"}, {"uid": "38274277", "content": "欲扬先抑"}, {"uid": "313577377", "content": "逐渐熟练"}, {"uid": "12891523", "content": "我的拳头还是，你能让它毕业吗"}, {"uid": "37913832", "content": "。那个经典表情包www"}, {"uid": "2881638", "content": "唯独“处男”的发音很标准"}, {"uid": "18218712", "content": "我谢谢你啊白雪"}, {"uid": "1363022", "content": "是的（咬牙切齿"}, {"uid": "27483999", "content": "处男的处在字典里是发三声的"}, {"uid": "2370108", "content": "那可太开心了"}, {"uid": "36810930", "content": "原形毕露"}, {"uid": "45942840", "content": "疯 铝 人（确 信）"}, {"uid": "18894663", "content": "梦回了"}, {"uid": "10872829", "content": "“处发音好标准啊"}, {"uid": "112776970", "content": "感觉有被冒犯到2333"}, {"uid": "7412768", "content": "伤害极大"}, {"uid": "28740523", "content": "眼睛都亮了"}, {"uid": "3933668", "content": "魔法使。。"}, {"uid": "32021142", "content": "(∩_∩)魔法师"}, {"uid": "85255397", "content": "一生童贞真君"}, {"uid": "20326678", "content": "不是，因为还没走成为大魔法使"}, {"uid": "20326678", "content": "对处男这个词这么熟悉的？"}, {"uid": "2003435", "content": "她开始了www"}, {"uid": "6221030", "content": "但是我是DD啊"}, {"uid": "128541", "content": "看到封面我就懂了"}, {"uid": "36769691", "content": "谢谢，有被冒犯到"}, {"uid": "4649907", "content": "喜欢迫害（）"}, {"uid": "23216397", "content": "不要学这种奇怪的东西啊kora"}, {"uid": "14584934", "content": "字腔正圆"}, {"uid": "763341", "content": "祖传情人役"}, {"uid": "110390", "content": "草这图改得"}, {"uid": "348834127", "content": "这小猫咪学坏了，这样下去是不行的"}, {"uid": "348834127", "content": "草草草"}, {"uid": "89543", "content": "经典截图"}, {"uid": "194731691", "content": "p家完了"}, {"uid": "5294260", "content": "童贞杀手"}, {"uid": "126783684", "content": "伤害不高，但侮辱性极强- -！"}, {"uid": "9111145", "content": "感谢（大嘘）"}, {"uid": "32964081", "content": "谷歌念错的音还给正过来了，草"}, {"uid": "649315", "content": "这可真是感激你了"}, {"uid": "20792494", "content": "她喜欢我，她心里有我"}, {"uid": "20792494", "content": "这直挺挺的尾巴，我想……"}, {"uid": "207613158", "content": "豆腐……"}, {"uid": "207613158", "content": "“感谢”"}, {"uid": "576956", "content": "渣 女"}, {"uid": "2826213", "content": "童真杀手"}, {"uid": "1892986", "content": "义乌巫医饼干"}, {"uid": "308877", "content": "拳头已经不是了（笑）"}, {"uid": "351341", "content": "什么童贞狩猎者"}, {"uid": "253419", "content": "纯净的心才可以淬炼魔力"}, {"uid": "108164782", "content": "开幕雷击（别骂了别骂了"}, {"uid": "2907196", "content": "她记住了"}, {"uid": "1620995", "content": "你再骂！？"}, {"uid": "2629851", "content": "？？？？？草"}, {"uid": "9847", "content": "接下来播放：【熟肉】从芒果里流出草莓牛奶的宇森ひなこ"}, {"uid": "35900221", "content": "高中生，不起眼，纯真处男（）"}, {"uid": "1451236", "content": "够了啊，给处男留点面子"}, {"uid": "27228190", "content": "你好 我不是"}, {"uid": "14960", "content": "处男特别标准，，离谱"}, {"uid": "7896115", "content": "反复处刑"}, {"uid": "12891523", "content": "更气人了"}, {"uid": "12891523", "content": "？？？"}, {"uid": "36810930", "content": "字幕组先自裁"}, {"uid": "128743960", "content": "sodesu"}, {"uid": "20770026", "content": "你再骂？！"}, {"uid": "15138435", "content": "草，你别说话了"}, {"uid": "15138435", "content": "经典无师自通"}, {"uid": "7412768", "content": "p家混沌担当"}, {"uid": "212101", "content": "我谢谢你啊（"}, {"uid": "122711304", "content": "原来如此，那我就是处男了"}, {"uid": "34435038", "content": "草"}, {"uid": "763341", "content": "喜好DT喜欢DEBU"}, {"uid": "219213", "content": "哈哈哈哈"}, {"uid": "110390", "content": "你这前也说过"}, {"uid": "352420437", "content": "我谢谢你啊（"}, {"uid": "334926483", "content": "？？？？"}, {"uid": "325181", "content": "“很高兴”"}, {"uid": "520417335", "content": "我可是谢谢你啊bfm"}, {"uid": "520417335", "content": "很高兴，梅丽碳"}, {"uid": "89543", "content": "白猫猫好坏啊"}, {"uid": "87904163", "content": "可我是dd啊"}, {"uid": "4988004", "content": "她终于开始了"}, {"uid": "916967", "content": "为什么处男发音那么精准啊"}, {"uid": "374374149", "content": "谢谢你，梅莉小姐"}, {"uid": "131652679", "content": "生为处男，我很欣慰"}, {"uid": "313897", "content": "蹬蹬蹬"}, {"uid": "2091174", "content": "我破防了"}, {"uid": "2826213", "content": "在画了在画了"}, {"uid": "33935601", "content": "别骂了别骂了T_T"}, {"uid": "3190186", "content": "珍惜动物kana?"}, {"uid": "5146971", "content": "童贞desu"}, {"uid": "35641505", "content": "？？？？？？、"}, {"uid": "30982451", "content": "草"}, {"uid": "352642190", "content": "白马？定叫他有来无回"}, {"uid": "3729648", "content": "？？？？？？？？？？？？？"}, {"uid": "2907196", "content": "她记住了"}, {"uid": "2907196", "content": "咱还得谢谢她呢（"}, {"uid": "6089656", "content": "确实是三声"}, {"uid": "24169318", "content": "漫画超虐..."}, {"uid": "181359", "content": "？？？？？"}, {"uid": "236973", "content": "童贞收割者"}, {"uid": "38381207", "content": "？？？？。"}, {"uid": "2994337", "content": "我可TM的真是谢谢你"}, {"uid": "5529326", "content": "我喜欢你，还有大家"}, {"uid": "5529326", "content": "处男狩猎者"}, {"uid": "85999950", "content": "巧了，我是"}, {"uid": "229272", "content": "病娇可还行"}, {"uid": "370769", "content": "草"}, {"uid": "19179225", "content": "kawii ko do"}, {"uid": "546643", "content": "王牌机师"}, {"uid": "591952017", "content": "很高兴（"}, {"uid": "4964376", "content": "你就可劲造吧"}, {"uid": "133238607", "content": "女人只会影响dd的速度"}, {"uid": "1597017", "content": "草"}, {"uid": "31955486", "content": "好高兴啊"}, {"uid": "15138435", "content": "おかわいいコド"}, {"uid": "6761144", "content": "姑且信一下"}, {"uid": "248167010", "content": "该不会那个经典表情包吧"}, {"uid": "3933668", "content": "no。。。"}, {"uid": "5123387", "content": "草"}, {"uid": "23348921", "content": "嗯你继续说，我在听"}, {"uid": "513526221", "content": "都是钱(doge)"}, {"uid": "763341", "content": "神经质mehera"}, {"uid": "110390", "content": "对对对都是DT"}, {"uid": "8598748", "content": "你自己信吗"}, {"uid": "28824", "content": "混沌猫"}, {"uid": "633439", "content": "？？？？？"}, {"uid": "89543", "content": "草"}, {"uid": "10778462", "content": "处男情节是吧"}, {"uid": "8779603", "content": "！？！！！！？"}, {"uid": "33877833", "content": "《情商》"}, {"uid": "126783684", "content": "本性不改啊"}, {"uid": "28561947", "content": "真的吗，我不信"}, {"uid": "131652679", "content": "童贞美味しい"}, {"uid": "207613158", "content": "艾莉亚我啊，最喜欢处男了呢"}, {"uid": "17064786", "content": "草，长了出来"}, {"uid": "2826213", "content": "好家伙"}, {"uid": "12498660", "content": "草"}, {"uid": "31876947", "content": "草"}, {"uid": "288758321", "content": "好家伙"}, {"uid": "22911008", "content": "信你就有鬼了"}, {"uid": "35611036", "content": "我裂开"}, {"uid": "881529", "content": "关爱弱势群体"}, {"uid": "14817", "content": "哈哈哈哈哈哈"}, {"uid": "357274793", "content": "你到底想说什么"}, {"uid": "285749346", "content": "草"}, {"uid": "351153791", "content": "我可真tm谢谢你！"}, {"uid": "236973", "content": "那真是谢谢你了"}, {"uid": "2203831", "content": "？"}, {"uid": "85999950", "content": "老板大气？"}, {"uid": "12408245", "content": "魅魔"}, {"uid": "34764024", "content": "别骂了别骂了"}, {"uid": "239935528", "content": "她说喜欢我耶"}, {"uid": "2881638", "content": "我谢谢你！"}, {"uid": "772867", "content": "草"}, {"uid": "2881638", "content": "草"}, {"uid": "520494", "content": "正能量"}, {"uid": "272897827", "content": "感谢"}, {"uid": "10518197", "content": "一生童贞君"}, {"uid": "491117", "content": "别骂了别骂了"}, {"uid": "7412768", "content": "我不听我不听"}, {"uid": "5824243", "content": "比谷歌娘还要标准"}, {"uid": "3933668", "content": "你再骂"}, {"uid": "32021142", "content": "豆腐？"}, {"uid": "8122164", "content": "别骂了别骂了，呜呜呜呜呜"}, {"uid": "93756174", "content": "草"}, {"uid": "386845290", "content": "弹幕里满脸写着高兴"}, {"uid": "128541", "content": "好高兴()"}, {"uid": "26939536", "content": "独角兽の魂"}, {"uid": "73468598", "content": "那我真的谢谢你"}, {"uid": "3207714", "content": "楚男"}, {"uid": "320119710", "content": "就好这口"}, {"uid": "110390", "content": "草"}, {"uid": "116791", "content": "草"}, {"uid": "325181", "content": "？？？？？？"}, {"uid": "45584928", "content": "？？会变色的？"}, {"uid": "23016125", "content": "不是哦～"}, {"uid": "21781204", "content": "草"}, {"uid": "131652679", "content": "不需要！"}, {"uid": "131652679", "content": "童贞杀手！"}, {"uid": "15513859", "content": "草"}, {"uid": "6846017", "content": "？"}, {"uid": "91287916", "content": "草www"}, {"uid": "103389070", "content": "他喜欢我"}, {"uid": "31876947", "content": "我麻了"}, {"uid": "21143310", "content": "草"}, {"uid": "2773928", "content": "？？？"}, {"uid": "82117583", "content": "？？"}, {"uid": "30982451", "content": "嗯？？？"}, {"uid": "252355536", "content": "草"}, {"uid": "2907196", "content": "草，谢谢您了"}, {"uid": "109691027", "content": "猎杀时刻"}, {"uid": "272374", "content": "草"}, {"uid": "248527140", "content": "xdm把？打在公屏上"}, {"uid": "253419", "content": "《情商》"}, {"uid": "30446724", "content": "草"}, {"uid": "20319049", "content": "草"}, {"uid": "38274277", "content": "草"}, {"uid": "546643", "content": "sodayo"}, {"uid": "89620618", "content": "？？"}, {"uid": "36401197", "content": "草"}, {"uid": "132921", "content": "啊这"}, {"uid": "7412768", "content": "草"}, {"uid": "32021142", "content": "算了吧"}, {"uid": "16796381", "content": "你再骂？"}, {"uid": "6377041", "content": "cao"}, {"uid": "299718231", "content": "你以为她不会啊？"}, {"uid": "14597675", "content": "我谢谢你啊"}, {"uid": "135649219", "content": "你还知道发四声啊"}, {"uid": "14160518", "content": "？？？？。"}, {"uid": "7993607", "content": "我爱你白雪公主"}, {"uid": "1474310", "content": "太屑了"}, {"uid": "17002040", "content": "我可谢谢你啊"}, {"uid": "805779", "content": "感觉更气人了"}, {"uid": "106531445", "content": "算了，我先d为敬"}, {"uid": "2476296", "content": "我好像有个童贞的粉丝牌"}, {"uid": "4988004", "content": "？？？？"}, {"uid": "166407177", "content": "草草草"}, {"uid": "2091174", "content": "？？"}, {"uid": "19444312", "content": "你再骂"}, {"uid": "19686150", "content": "草"}, {"uid": "859444", "content": "草"}, {"uid": "70853903", "content": "???"}, {"uid": "2629851", "content": "？？？？？？"}, {"uid": "2629851", "content": "我谢谢你啊"}, {"uid": "354112", "content": "对不起，我是DD"}, {"uid": "84855667", "content": "？"}, {"uid": "357274793", "content": "是啊"}, {"uid": "30982451", "content": "我特么谢谢你"}, {"uid": "102584891", "content": "草"}, {"uid": "262453520", "content": "？？"}, {"uid": "21550586", "content": "狩猎律动"}, {"uid": "285826982", "content": "我tm谢谢你"}, {"uid": "2907196", "content": "高兴坏了"}, {"uid": "297140858", "content": "？？？"}, {"uid": "6089656", "content": "草"}, {"uid": "6111471", "content": "白马？"}, {"uid": "6906877", "content": "？"}, {"uid": "5529326", "content": "极黑的"}, {"uid": "4128874", "content": "？"}, {"uid": "3916674", "content": "草"}, {"uid": "14960", "content": "我真的谢谢你哦"}, {"uid": "3914948", "content": "这个不是结局不太好，是烂尾了"}, {"uid": "38274277", "content": "别骂了别骂了"}, {"uid": "494345064", "content": "你也看番茄酱？"}, {"uid": "12891523", "content": "草"}, {"uid": "237691", "content": "还好我不是"}, {"uid": "41648881", "content": "在养anti？？"}, {"uid": "248700387", "content": "？"}, {"uid": "32021142", "content": "？？？？？"}, {"uid": "10518197", "content": "不是可爱 是可怜"}, {"uid": "122711304", "content": "那还是算了"}, {"uid": "299718231", "content": "别别别，一点都不清楚"}, {"uid": "33327221", "content": "谢谢你，艾莉娅"}, {"uid": "3119770", "content": "绷不住了"}, {"uid": "30564187", "content": "别骂了，别骂了"}, {"uid": "16391204", "content": "越来越混沌"}, {"uid": "128541", "content": "太多冲击"}, {"uid": "36769691", "content": "好耶"}, {"uid": "2319920", "content": "草"}, {"uid": "388155", "content": "？"}, {"uid": "565180", "content": "？？？？"}, {"uid": "59849266", "content": "？？"}, {"uid": "3603486", "content": "草草草"}, {"uid": "110390", "content": "因为净白才好搞混沌"}, {"uid": "347356957", "content": "别骂了别骂了"}, {"uid": "13971403", "content": "？？？？"}, {"uid": "73782738", "content": "すみません、DTです"}, {"uid": "20792494", "content": "草"}, {"uid": "131652679", "content": "草"}, {"uid": "2245028", "content": "草"}, {"uid": "2826213", "content": "不要啊"}, {"uid": "30111632", "content": "草"}, {"uid": "19444312", "content": "???"}, {"uid": "489957", "content": "呜呜"}, {"uid": "59511590", "content": "KUSO"}, {"uid": "204473401", "content": "草"}, {"uid": "9994946", "content": "????"}, {"uid": "12773458", "content": "还好"}, {"uid": "357274793", "content": "谁高兴了啊"}, {"uid": "285826982", "content": "草"}, {"uid": "201376074", "content": "虽然口语“处”大家一般都读第四声，但是这个词里“处”确实应该读第三声"}, {"uid": "13477546", "content": "草"}, {"uid": "109691027", "content": "？？？"}, {"uid": "61514616", "content": "cao"}, {"uid": "236973", "content": "不对劲"}, {"uid": "14477677", "content": "？？？"}, {"uid": "20606028", "content": "别钓了"}, {"uid": "356207", "content": "UC啊"}, {"uid": "17704251", "content": "？"}, {"uid": "3118424", "content": "草"}, {"uid": "31119654", "content": "王牌机师"}, {"uid": "16877414", "content": "？？？？"}, {"uid": "36810930", "content": "草"}, {"uid": "15138435", "content": "我是不是应该高兴一下，没错吧"}, {"uid": "15138435", "content": "草"}, {"uid": "6474368", "content": "草"}, {"uid": "202256967", "content": "我谢谢你"}, {"uid": "3933668", "content": "啊这"}, {"uid": "28567815", "content": "草"}, {"uid": "8074959", "content": "？？？？"}, {"uid": "225238237", "content": "？"}, {"uid": "71993", "content": "???"}, {"uid": "574345", "content": "草"}, {"uid": "2854211", "content": "爽国王朝"}, {"uid": "128541", "content": "好家伙,来了"}, {"uid": "442580518", "content": "我谢谢你"}, {"uid": "5598346", "content": "草"}, {"uid": "7253838", "content": "诶?"}, {"uid": "468373", "content": "草"}, {"uid": "110390", "content": "你的处比谷歌都读得好"}, {"uid": "73488768", "content": "？"}, {"uid": "37051501", "content": "谢谢你"}, {"uid": "86954029", "content": "你再骂？"}, {"uid": "86954029", "content": "？？？？？"}, {"uid": "126783684", "content": "不演了"}, {"uid": "34764184", "content": "草"}, {"uid": "21781204", "content": "草"}, {"uid": "185872154", "content": "草草草"}, {"uid": "484312", "content": "我谢谢你啊"}, {"uid": "153802", "content": "草"}, {"uid": "99885967", "content": "？"}, {"uid": "2559692", "content": "？"}, {"uid": "36028321", "content": "？？？？？？"}, {"uid": "1914968", "content": "草"}, {"uid": "39869252", "content": "你有问题？"}, {"uid": "2629851", "content": "草"}, {"uid": "2907196", "content": "？？？？？？"}, {"uid": "356004027", "content": "草"}, {"uid": "385338953", "content": "情商"}, {"uid": "5529326", "content": "？？？？"}, {"uid": "12408245", "content": "？？？？？"}, {"uid": "2629851", "content": "？？？？？"}, {"uid": "34764024", "content": "草"}, {"uid": "44765190", "content": "草"}, {"uid": "12891523", "content": "草草草"}, {"uid": "12303169", "content": "帕里你生了个什么玩意"}, {"uid": "72989482", "content": "你再骂"}, {"uid": "135390287", "content": "治愈番"}, {"uid": "26623255", "content": "？？？？"}, {"uid": "31955486", "content": "真是谢谢了啊"}, {"uid": "2281084", "content": "打咩"}, {"uid": "7412768", "content": "哈哈哈哈"}, {"uid": "5824243", "content": "童貞狩り？"}, {"uid": "32021142", "content": "住口"}, {"uid": "5123387", "content": "？？？？？？？"}, {"uid": "483345023", "content": "(๑˙ー˙๑)"}, {"uid": "212101", "content": "草"}, {"uid": "73139361", "content": "？？？"}, {"uid": "35552949", "content": "？"}, {"uid": "408645838", "content": "我谢谢你啊"}, {"uid": "31546332", "content": "kkak"}, {"uid": "15282277", "content": "sodayo"}, {"uid": "6221030", "content": "????"}, {"uid": "6221030", "content": "wwwwwwwwwwwwwwwwww"}, {"uid": "23216397", "content": "草"}, {"uid": "793009", "content": "？？？"}, {"uid": "2699074", "content": "??"}, {"uid": "17002040", "content": "是谁让你产生了p家还有救的错觉？nano吗"}, {"uid": "110390", "content": "草"}, {"uid": "3773507", "content": "草"}, {"uid": "66795888", "content": "是哦"}, {"uid": "5294260", "content": "草"}, {"uid": "11927551", "content": "好好地孩子 就这么毁了"}, {"uid": "23001624", "content": "泪目"}, {"uid": "99885967", "content": "草"}, {"uid": "36028321", "content": "草"}, {"uid": "7153723", "content": "草"}, {"uid": "2826213", "content": "我tm屑屑你啊"}, {"uid": "26149668", "content": "？"}, {"uid": "4912018", "content": "草"}, {"uid": "17048622", "content": "？？？？"}, {"uid": "285826982", "content": "?"}, {"uid": "5948639", "content": "是的"}, {"uid": "305617742", "content": "草"}, {"uid": "13477546", "content": "别骂了别骂了"}, {"uid": "14477677", "content": "草"}, {"uid": "12408245", "content": "草"}, {"uid": "1451236", "content": "不用教，她的混沌不是你能想到的，还是担心自己不要被她教坏吧w"}, {"uid": "6683157", "content": "草"}, {"uid": "17704251", "content": "？"}, {"uid": "38274277", "content": "啊这"}, {"uid": "38274277", "content": "草"}, {"uid": "12891523", "content": "草草"}, {"uid": "32423963", "content": "草"}, {"uid": "22460464", "content": "sodayo"}, {"uid": "109331760", "content": "？？？"}, {"uid": "6761144", "content": "草"}, {"uid": "5824243", "content": "草"}, {"uid": "95687718", "content": "建议大家去看一下这部番（虽然结局不太好）"}, {"uid": "212101", "content": "别骂了别骂了"}, {"uid": "112805", "content": "为什么处字她能念对。。"}, {"uid": "589810425", "content": "你再骂"}, {"uid": "368303627", "content": "????"}, {"uid": "6221030", "content": "wwwwwwwwwwwwww"}, {"uid": "2956619", "content": "草"}, {"uid": "2370108", "content": "sdy"}, {"uid": "279795041", "content": "这。。。。。"}, {"uid": "334926483", "content": "草"}, {"uid": "34036", "content": "别骂了"}, {"uid": "520417335", "content": "menhara是什么"}, {"uid": "166413848", "content": "不要相信V们会念啥好的特别台词，尤其别信帕里女儿"}, {"uid": "786526", "content": "感到冒犯"}, {"uid": "786526", "content": "草"}, {"uid": "1225837659", "content": "喜欢童贞是吧"}, {"uid": "23001624", "content": "草"}, {"uid": "374374149", "content": "草"}, {"uid": "185872154", "content": "草"}, {"uid": "2245028", "content": "草www"}, {"uid": "1808632", "content": "草"}, {"uid": "2826213", "content": "？？？"}, {"uid": "16287499", "content": "别钓了，别钓了"}, {"uid": "73679", "content": "谁教她的？？？"}, {"uid": "8583234", "content": "童贞"}, {"uid": "45864857", "content": "好耶"}, {"uid": "21781204", "content": "草"}, {"uid": "121493", "content": "？？？？？"}, {"uid": "142609501", "content": "草"}, {"uid": "290805024", "content": "草"}, {"uid": "15784954", "content": "？！"}, {"uid": "2629851", "content": "？？？？？？？"}, {"uid": "354112", "content": "？"}, {"uid": "30982451", "content": "？？？？"}, {"uid": "356004027", "content": "草"}, {"uid": "14477677", "content": "你再骂"}, {"uid": "30446724", "content": "草"}, {"uid": "8538867", "content": "草"}, {"uid": "239935528", "content": "草"}, {"uid": "38274277", "content": "草"}, {"uid": "11585931", "content": "谢谢哦"}, {"uid": "6811048", "content": "草"}, {"uid": "9417771", "content": "？？？"}, {"uid": "10518197", "content": "草"}, {"uid": "14160518", "content": "？？？？？"}, {"uid": "89543", "content": "上辈子就已经毁了"}, {"uid": "226824908", "content": "草"}, {"uid": "37051501", "content": "？"}, {"uid": "15568897", "content": "啊这"}, {"uid": "1596750", "content": "？？？？？"}, {"uid": "11927551", "content": "草"}, {"uid": "373641902", "content": "草"}, {"uid": "166407177", "content": "????????"}, {"uid": "5961345", "content": "はい！！！！！童貞です！！！！！"}, {"uid": "91287916", "content": "好耶"}, {"uid": "39869252", "content": "？？？？"}, {"uid": "15588298", "content": "草"}, {"uid": "727769", "content": "草"}, {"uid": "35641505", "content": "我信你个鬼"}]