[{"uid": "508998499", "content": "mana做过的"}, {"uid": "16640794", "content": "记者招待会刷牙太草了"}, {"uid": "27613203", "content": "同传翻一下牙刷在说什么可以吗"}, {"uid": "3189321", "content": "不用电动的吗"}, {"uid": "157979", "content": "来人把这位施主叉出去"}, {"uid": "10042939", "content": "这ID"}, {"uid": "20765652", "content": "可以炸天妇罗"}, {"uid": "23576276", "content": "在家被采访"}, {"uid": "1739853", "content": "草"}, {"uid": "266812299", "content": "拜托了！"}, {"uid": "266812299", "content": "左边弹幕:可以变成恐龙刷牙吗"}, {"uid": "544834505", "content": "草"}, {"uid": "153338083", "content": "风评被害"}, {"uid": "3254961", "content": "suki"}, {"uid": "3254961", "content": "守子哥狗子说"}, {"uid": "397698233", "content": "114"}, {"uid": "383759146", "content": "114"}, {"uid": "383759146", "content": "草"}, {"uid": "5780385", "content": "是非とも！！"}, {"uid": "261518839", "content": "洗脚可以吗"}, {"uid": "29188246", "content": "可以洗菜直播啊"}, {"uid": "5785365", "content": "sodayo"}, {"uid": "143124393", "content": "好家伙，大家刷牙都这么久的嘛"}, {"uid": "101193063", "content": "草"}, {"uid": "106608", "content": "草"}, {"uid": "17228471", "content": "一边刷一边吃"}, {"uid": "2629851", "content": "好耶！"}, {"uid": "2629851", "content": "刷牙音sukiki"}, {"uid": "15027139", "content": "好硬的感觉啊，我平时刷牙好像不是这声"}, {"uid": "91557724", "content": "清楚三统士2021再复刻（）"}, {"uid": "2350991", "content": "缝合DD"}, {"uid": "562820", "content": "有人问起来我们就说在炸天妇罗"}, {"uid": "7950335", "content": "可以。做过"}, {"uid": "7577621", "content": "哈哈哈哈"}, {"uid": "3214219", "content": "这是横着拉刷牙啊"}, {"uid": "37786578", "content": "疯狂抽搐的嘴ww"}, {"uid": "11640761", "content": "刷的很顺啊，看来牙齿很齐，喜欢"}, {"uid": "2705066", "content": "女孩子是香香的，软软的"}, {"uid": "59997782", "content": "草"}, {"uid": "35004205", "content": "草"}, {"uid": "4679143", "content": "听声音就知道刷牙方式不对，请用巴氏刷牙法"}, {"uid": "9892542", "content": "记者会见刷牙，好活！好活儿啊！"}, {"uid": "81132653", "content": "想起了火炩"}, {"uid": "1343952538", "content": "意思就是其它地方可以?"}, {"uid": "66589800", "content": "草"}, {"uid": "66589800", "content": "？不是牙刷？"}, {"uid": "128541", "content": "难道是因为这个星期有风吕配信所以才发这个吗"}, {"uid": "36769691", "content": "草"}, {"uid": "291063416", "content": "闭上眼新世界"}, {"uid": "755531", "content": "刚刚"}, {"uid": "266812299", "content": "我已经开始笑了"}, {"uid": "340360939", "content": "猫术魔刃"}, {"uid": "3254961", "content": "刷牙记者会"}, {"uid": "32707412", "content": "这不是横着刷牙的吗，这声音。"}, {"uid": "647074868", "content": "你管着叫刷牙？你说磨牙我都行"}, {"uid": "10042939", "content": "刷牙play"}, {"uid": "266812299", "content": "话说这样不会把泡沫吞掉吗？"}, {"uid": "66583234", "content": "已经闻到味儿了"}, {"uid": "2750773", "content": "这不是在刷假牙吧？！"}, {"uid": "240360", "content": "草"}, {"uid": "20765652", "content": "火怜饼干"}, {"uid": "153338083", "content": "草"}, {"uid": "7577621", "content": "香香aria"}, {"uid": "7577621", "content": "刷牙好耶"}, {"uid": "384796790", "content": "kksk"}, {"uid": "9713141", "content": "弹幕必被鈴宝欧拉"}, {"uid": "10986324", "content": "kksk"}, {"uid": "346588391", "content": "我也这么刷的"}, {"uid": "3665372", "content": "kksk"}, {"uid": "101193063", "content": "真刷牙啊"}, {"uid": "337588", "content": "草"}, {"uid": "477571439", "content": "别这么用力啊"}, {"uid": "266812299", "content": "草"}, {"uid": "3254961", "content": "草"}, {"uid": "2629851", "content": "kksk"}, {"uid": "1343952538", "content": "在电脑桌前刷牙？"}, {"uid": "6455994", "content": "wwwww"}, {"uid": "5445287", "content": "草"}, {"uid": "33885599", "content": "kksk"}, {"uid": "2167061", "content": "儿童牙刷？"}, {"uid": "10986324", "content": "wwww"}, {"uid": "222757394", "content": "没想到是真的直播刷牙"}, {"uid": "354624", "content": "草"}, {"uid": "38015320", "content": "草"}, {"uid": "6221030", "content": "草"}, {"uid": "2629851", "content": "kksk"}, {"uid": "30022071", "content": "感觉刷的没什么沫子"}, {"uid": "450432770", "content": "同传惨"}, {"uid": "110027400", "content": "草"}, {"uid": "33935601", "content": "草"}, {"uid": "557777", "content": "草"}, {"uid": "5445287", "content": "whl"}, {"uid": "1785005", "content": "hso"}, {"uid": "2705066", "content": "水都没有，就干刷啊"}, {"uid": "651993634", "content": "草"}, {"uid": "340360939", "content": "草"}, {"uid": "544972", "content": "啊这..."}, {"uid": "2711928", "content": "草"}, {"uid": "11156438", "content": "草"}, {"uid": "340360939", "content": "草"}, {"uid": "27164642", "content": "乱刷"}]