[{"uid": "1271891", "content": "草"}, {"uid": "229871483", "content": "布鲁艾斯外特多拉贡"}, {"uid": "20619959", "content": "年龄比较相近是会这样的"}, {"uid": "20619959", "content": "确实"}, {"uid": "20619959", "content": "不会真的和三月是双胞胎吧（"}, {"uid": "25400947", "content": "老乡你还有个妹妹啊（棒读）"}, {"uid": "99719791", "content": "检查设定的鉴"}, {"uid": "99719791", "content": "意思是打pp"}, {"uid": "116791", "content": "哇 居然有妹妹 好惊讶（棒读"}, {"uid": "116791", "content": "可是没有继承清楚……"}, {"uid": "2031947", "content": "我寻思你也是阳角啊"}, {"uid": "1872542", "content": "我的回合，抽卡"}, {"uid": "27457325", "content": "好耶"}, {"uid": "574862", "content": "草"}, {"uid": "574862", "content": "草"}, {"uid": "574862", "content": "好耶"}, {"uid": "2629851", "content": "电鸡小子大草"}, {"uid": "28567815", "content": "草"}, {"uid": "28567815", "content": "草"}, {"uid": "28567815", "content": "ん"}, {"uid": "2699074", "content": "爸爸呢"}, {"uid": "19174622", "content": "たわわ家族"}, {"uid": "19174622", "content": "用决斗带来笑容"}, {"uid": "19174622", "content": "白雪猩猩"}, {"uid": "19174622", "content": "同卵不算D"}, {"uid": "19174622", "content": "颤音suki"}, {"uid": "19174622", "content": "同化失败"}, {"uid": "19174622", "content": "阿妹你看23333"}, {"uid": "19174622", "content": "おたく（幻听"}, {"uid": "158302", "content": "哇第一次听说呢（棒读）"}, {"uid": "217797936", "content": "bilibili风评被害"}, {"uid": "110390", "content": "电击小子也被知道了"}, {"uid": "110390", "content": "都会的"}, {"uid": "110390", "content": "都一样的"}, {"uid": "110390", "content": "全在单推妹妹"}, {"uid": "110390", "content": "白猫做饭也很强的"}, {"uid": "110390", "content": "妈妈要来了"}, {"uid": "14234348", "content": "草，电鸡小子"}, {"uid": "20317592", "content": "hhh"}, {"uid": "22992267", "content": "ARIA大家族来了"}, {"uid": "8403689", "content": "真羡慕爸爸"}, {"uid": "8403689", "content": "hso"}, {"uid": "8403689", "content": "你是喜欢吃吧"}, {"uid": "30872046", "content": "草"}, {"uid": "3860516", "content": "大 爸爸 大，越来越奇怪了呢"}, {"uid": "7569830", "content": "星期一的丰满（"}, {"uid": "10910103", "content": "爸爸也大"}, {"uid": "109691027", "content": "帕里多生点"}, {"uid": "280383681", "content": "刀了刀了"}, {"uid": "36810930", "content": "三位球王"}, {"uid": "36810930", "content": "你明明也是阳角"}, {"uid": "32243", "content": "vip喷位"}, {"uid": "34005584", "content": "阿丽亚会做饭吗？"}, {"uid": "24241879", "content": "是不是在哪里对bilibili产生了莫名的误解"}, {"uid": "7083389", "content": "懂了，这就去和岳母对线"}, {"uid": "252355536", "content": "妹妹大失败"}, {"uid": "10312668", "content": "选词填空   a牙白  b清楚"}, {"uid": "286420910", "content": "震惊"}, {"uid": "22010327", "content": "噗"}, {"uid": "22010327", "content": "暴露了"}, {"uid": "22010327", "content": "好妹妹"}, {"uid": "22010327", "content": "说不定就是妈妈发的（doge）"}, {"uid": "5284973", "content": "草"}, {"uid": "110027400", "content": "草"}, {"uid": "2854211", "content": "@马桶哥"}, {"uid": "1597017", "content": "放心，我们虽然dd但也都不是好人"}, {"uid": "408645838", "content": "草"}, {"uid": "36769691", "content": "请把您的女儿给我"}, {"uid": "253419", "content": "【很天然呢】"}, {"uid": "766706", "content": "草。懂了"}, {"uid": "766706", "content": "sodayo"}, {"uid": "85650700", "content": "問題來了，大猩猩是怎麼吵架的"}, {"uid": "1779969", "content": "sodayo"}, {"uid": "1779969", "content": "岳母 请把你女儿交给我！"}, {"uid": "6520124", "content": "是会说芽衣shake it的妈妈呢"}, {"uid": "15732740", "content": "“大”家族"}, {"uid": "337588", "content": "你也是黑道千金？"}, {"uid": "1931345", "content": "草草"}, {"uid": "1931345", "content": "好耶！"}, {"uid": "1931345", "content": "单推双胞胎也是单推（）"}, {"uid": "11329290", "content": "那不是会更兴奋了嘛！"}, {"uid": "11329290", "content": "姐姐hso"}, {"uid": "82689273", "content": "牙白"}, {"uid": "112776970", "content": "哈哈哈哈真就叫家长了哈哈哈哈"}, {"uid": "431778772", "content": "怎么跟我一样的w虽然妹也宅"}, {"uid": "431778772", "content": "全员？？岳父debu说"}, {"uid": "431778772", "content": "基本没有，有就是撕破脸皮的那种"}, {"uid": "431778772", "content": "危"}, {"uid": "431778772", "content": "背后的原因令人暖心"}, {"uid": "431778772", "content": "你好懂哦"}, {"uid": "450598175", "content": "深有体会"}, {"uid": "34809510", "content": "“基因选择性表达”"}, {"uid": "38015320", "content": "开幕雷击"}, {"uid": "2907196", "content": "那双胞胎的事情能算劈腿么（狗头"}, {"uid": "2907196", "content": "天使啊（）"}, {"uid": "14765170", "content": "下次还敢"}, {"uid": "200627809", "content": "hhhhhhh"}, {"uid": "200627809", "content": "会的"}, {"uid": "480362513", "content": "我也这样对我弟说过"}, {"uid": "480362513", "content": "爸爸腹肌很大（不是）"}, {"uid": "88227984", "content": "たぶん"}, {"uid": "108167611", "content": "做饭 X 吃饭 O"}, {"uid": "5690785", "content": "我兴奋起来了"}, {"uid": "5690785", "content": "爸爸的够了，岳父别听他说话"}, {"uid": "5690785", "content": "大家都是单推（嘘）"}, {"uid": "437420658", "content": "草 电击小子"}, {"uid": "384796790", "content": "草"}, {"uid": "5795784", "content": "高情商"}, {"uid": "35299806", "content": "笑死了"}, {"uid": "35299806", "content": "好可爱啊"}, {"uid": "46252062", "content": "bilibili风评被害"}, {"uid": "46252062", "content": "打码更色了！！！"}, {"uid": "2280651", "content": "开幕雷击"}, {"uid": "755531", "content": "预言家刀了"}, {"uid": "9713141", "content": "我差点就信了"}, {"uid": "17997439", "content": "爸爸呢？"}, {"uid": "23928217", "content": "草"}, {"uid": "23928217", "content": "美眉"}, {"uid": "253419", "content": "施 法 前 摇"}, {"uid": "253419", "content": "小 闪 电 消 失 术"}, {"uid": "253419", "content": "我的娇蛮公主（"}, {"uid": "253419", "content": "Aria punch"}, {"uid": "253419", "content": "《我的单推偶像竟是SSR》"}, {"uid": "253419", "content": "随机事件触发"}, {"uid": "8583234", "content": "我不对劲，我眼花了"}, {"uid": "2450646", "content": "真叫家长了"}, {"uid": "13932999", "content": "暗示自己（不是"}, {"uid": "15138435", "content": "绝了"}, {"uid": "15138435", "content": "草、やめる!"}, {"uid": "15138435", "content": "草"}, {"uid": "126558617", "content": "草"}, {"uid": "15138435", "content": "磨刀霍霍向妹妹"}, {"uid": "436096", "content": "草"}, {"uid": "15138435", "content": "草"}, {"uid": "37431436", "content": "bgm:だいたい(大概 )"}, {"uid": "253419", "content": "电击小子草"}, {"uid": "253419", "content": "sodayo！（振声）"}, {"uid": "126558617", "content": "差点被BAN了草"}, {"uid": "475684835", "content": "草"}, {"uid": "253419", "content": "再 放 送"}, {"uid": "399599752", "content": "哇好耶，两个一起单（？推"}, {"uid": "20619959", "content": "不会真的和三月是双胞胎吧（"}, {"uid": "20619959", "content": "不会真的和三月是双胞胎吧（"}, {"uid": "400796597", "content": "请务必把女儿给我"}, {"uid": "253419", "content": "【我稍微问问看吧】"}, {"uid": "358335", "content": "真叫家长，笑死"}, {"uid": "453839177", "content": "开幕雷击"}, {"uid": "34809510", "content": "开幕雷击"}, {"uid": "2907196", "content": "这句爱了爱了"}, {"uid": "5690785", "content": "双倍享受"}, {"uid": "35299806", "content": "Aria真是我的神。。。。"}, {"uid": "353486272", "content": "强迫症直接裂开"}, {"uid": "786526", "content": "开幕雷击"}, {"uid": "99719791", "content": "坚持设定的鉴"}, {"uid": "116791", "content": "原来是岳母大人来电"}, {"uid": "86531127", "content": "所以在直播的可能是妹妹"}, {"uid": "110390", "content": "等互暴黑历史"}, {"uid": "35257643", "content": "请务必把她交给我"}, {"uid": "52151939", "content": "我可不是这个意思啊"}, {"uid": "253419", "content": "【不要再见呀！】"}, {"uid": "1779969", "content": "第一次听说"}, {"uid": "614160", "content": "草"}, {"uid": "1931345", "content": "开幕雷击"}, {"uid": "42269715", "content": "草，yoasobi的歌"}, {"uid": "82689273", "content": "gkdgkd"}, {"uid": "18757490", "content": "wc双声道..."}, {"uid": "112776970", "content": "帕里快生！2333"}, {"uid": "407438275", "content": "开幕雷击"}, {"uid": "3326169", "content": "都给她懂完了"}, {"uid": "185943", "content": "P家料理大会可能性微存！"}, {"uid": "128108", "content": "开幕雷击"}, {"uid": "675526896", "content": "我想看全裸"}, {"uid": "17703518", "content": "刀了刀了"}, {"uid": "203821", "content": "早就知道了（"}, {"uid": "31250", "content": "梅莉小姐"}, {"uid": "2629851", "content": "开幕雷击"}, {"uid": "22421009", "content": "确石"}, {"uid": "170976360", "content": "对上了"}, {"uid": "8403689", "content": "现充"}, {"uid": "23562069", "content": "娶一送一？"}, {"uid": "170204766", "content": "⊙∀⊙！诶～～～"}, {"uid": "167683", "content": "太极竟在雪国"}, {"uid": "112776970", "content": "家长真就来了2333"}, {"uid": "2907196", "content": "轴 man 地 狱"}, {"uid": "384796790", "content": "？？？？？？？？？？？？"}, {"uid": "755531", "content": "家长来了"}, {"uid": "4772997", "content": "电话铃声是啥"}, {"uid": "3326169", "content": "她厨艺确实可以"}, {"uid": "437752515", "content": "？？？"}, {"uid": "87640183", "content": "哈哈哈哈哈哈哈哈"}, {"uid": "31250", "content": "请把女儿嫁给我"}, {"uid": "574862", "content": "刀了预言家"}, {"uid": "306797", "content": "同传分得清哪个是姐姐哪个是妹妹吗"}, {"uid": "23233256", "content": "开幕雷击"}, {"uid": "1931345", "content": "双厨狂喜"}, {"uid": "200627809", "content": "帕里怎么还漏了啊"}, {"uid": "46252062", "content": "火把大量消耗"}, {"uid": "11091551", "content": "好家伙"}, {"uid": "434822285", "content": "开幕雷击"}, {"uid": "23928217", "content": "嚯~"}, {"uid": "15138435", "content": "双份快乐"}, {"uid": "494145454", "content": "双倍的快乐！好耶！"}, {"uid": "1754326069", "content": "开幕雷击"}, {"uid": "99719791", "content": "在现场"}, {"uid": "1872542", "content": "草"}, {"uid": "17703518", "content": "她太会了"}, {"uid": "203821", "content": "お前も陽キャだろう"}, {"uid": "23001624", "content": "草"}, {"uid": "86531127", "content": "惊了"}, {"uid": "13812519", "content": "艾莉娅请把你妈妈给我！！之后的话你也是我的了"}, {"uid": "170976360", "content": "啊这 知道（）"}, {"uid": "34670630", "content": "草"}, {"uid": "20578322", "content": "可以可以"}, {"uid": "286420910", "content": "震惊"}, {"uid": "11329290", "content": "草"}, {"uid": "11329290", "content": "好耶"}, {"uid": "37853987", "content": "她好会"}, {"uid": "431778772", "content": "草"}, {"uid": "5690785", "content": "？？？？真的吗！"}, {"uid": "35299806", "content": "233333"}, {"uid": "401992636", "content": "草"}, {"uid": "3326169", "content": "惊了"}, {"uid": "3529224", "content": "草"}, {"uid": "15138435", "content": "草"}, {"uid": "357716771", "content": "爱了爱了"}, {"uid": "18359062", "content": "？？？？？？？"}, {"uid": "574862", "content": "同传地狱"}, {"uid": "80015977", "content": "哦？是岳母的电话"}, {"uid": "23153039", "content": "这还真不知道？？"}, {"uid": "36294254", "content": "？？？"}, {"uid": "185872154", "content": "草"}, {"uid": "110390", "content": "快进到刀了"}, {"uid": "360986", "content": "蓝色的还是绿色的"}, {"uid": "934627", "content": "草"}, {"uid": "4899954", "content": "同卵双……哦是猫啊"}, {"uid": "1289471", "content": "好耶"}, {"uid": "2907196", "content": "明明是同卵"}, {"uid": "88227984", "content": "泪目"}, {"uid": "200627809", "content": "嗯？？"}, {"uid": "116179", "content": "HSO"}, {"uid": "93920845", "content": "好人"}, {"uid": "10165668", "content": "？？？？？？？？"}, {"uid": "9617502", "content": "岳母好"}, {"uid": "5598346", "content": "草"}, {"uid": "786526", "content": "草"}, {"uid": "802107341", "content": "草"}, {"uid": "17703518", "content": "草"}, {"uid": "520929", "content": "哇。。。完全不知道呢。。。绝对是第一次听说。。。"}, {"uid": "28567815", "content": "高"}, {"uid": "110390", "content": "没想到"}, {"uid": "36283238", "content": "草"}, {"uid": "1931345", "content": "ohhhhhhhhhhh"}, {"uid": "137751706", "content": "草"}, {"uid": "2907196", "content": "草"}, {"uid": "14765170", "content": "草"}, {"uid": "108167611", "content": "草"}, {"uid": "558554", "content": "好耶"}, {"uid": "2450646", "content": "mea和meu"}, {"uid": "8583234", "content": "？？？"}, {"uid": "574862", "content": "惊"}, {"uid": "28567815", "content": "ん?"}, {"uid": "28567815", "content": "草"}, {"uid": "306797", "content": "？？？"}, {"uid": "110390", "content": "草"}, {"uid": "2956619", "content": "草"}, {"uid": "3860516", "content": "同卵双胞胎"}, {"uid": "10910103", "content": "一卵香肠"}, {"uid": "109691027", "content": "???"}, {"uid": "4211233", "content": "Hhh"}, {"uid": "84908819", "content": "握草这个打码。。比没打还涩。。"}, {"uid": "36769691", "content": "草"}, {"uid": "544299387", "content": "妹妹单推！！！"}, {"uid": "253419", "content": "草"}, {"uid": "305617742", "content": "？"}, {"uid": "32682830", "content": "？？？"}, {"uid": "13932999", "content": "たぶん-YOASOBI"}, {"uid": "192230889", "content": "啊"}, {"uid": "1833581578", "content": "no"}, {"uid": "1597017", "content": "nani?"}, {"uid": "279241258", "content": "哇哦。"}]