[{"uid": "8583234", "content": "100刷成就达成"}, {"uid": "17436256", "content": "[\"0.395\",\"0.64\",\"1-1\",\"0.6\",\"我老婆唱歌(´▽`ʃ♡ƪ)\",0,0,\"0.395\",\"0.64\",\"500\",0,0,\"\\\"Microsoft YaHei\\\"\",1]"}, {"uid": "17436256", "content": "[\"0\",\"0\",\"1-1\",\"7\",\"感谢收听\",0,0,\"0.318\",\"0.364\",\"500\",0,0,\"\\\"Microsoft YaHei\\\"\",1]"}, {"uid": "766706", "content": "北国大统领"}, {"uid": "17436256", "content": "[\"0.078\",\"0.737\",\"1-1\",\"2.6\",\"如果我是(S'il vous)大大大统领\",0,0,\"0.078\",\"0.737\",500,0,1,\"FangSong\",1]"}, {"uid": "17436256", "content": "[\"0.078\",\"0.737\",\"1-1\",\"5\",\"夜晚的道路要小心 代替拜拜的是枪声\",0,0,\"0.078\",\"0.737\",500,0,1,\"FangSong\",1]"}, {"uid": "17436256", "content": "[\"0.078\",\"0.737\",\"1-1\",\"2.5\",\"发现了 暴露了（我就说~！）\",0,0,\"0.078\",\"0.737\",500,0,1,\"FangSong\",1]"}, {"uid": "17436256", "content": "[\"0.078\",\"0.737\",\"1-1\",\"2.5\",\"在哪里啊 你现在（哦呀~？）\",0,0,\"0.078\",\"0.737\",500,0,1,\"FangSong\",1]"}, {"uid": "17436256", "content": "[\"0.078\",\"0.737\",\"1-1\",\"4.5\",\"用湿的毛巾 一点不留地让你吐出来（do・do・do!）\",0,0,\"0.078\",\"0.737\",500,0,1,\"FangSong\",1]"}, {"uid": "17436256", "content": "[\"0.078\",\"0.737\",\"1-1\",\"5.9\",\"大・大・大・如果成为了大统领 真的要抓住你哦\",0,0,\"0.078\",\"0.737\",500,0,1,\"FangSong\",1]"}, {"uid": "17436256", "content": "[\"0.078\",\"0.737\",\"1-1\",\"5\",\"热情就是不注意 哪怕是微热也想清除掉\",0,0,\"0.078\",\"0.737\",500,0,1,\"FangSong\",1]"}, {"uid": "17436256", "content": "[\"0.078\",\"0.737\",\"1-1\",\"2.5\",\"是真的吗 好吧（你看~）\",0,0,\"0.078\",\"0.737\",500,0,1,\"FangSong\",1]"}, {"uid": "17436256", "content": "[\"0.078\",\"0.737\",\"1-1\",\"2.4\",\"是约会吗 晚上好（呜哇~）\",0,0,\"0.078\",\"0.737\",500,0,1,\"FangSong\",1]"}, {"uid": "17436256", "content": "[\"0.078\",\"0.737\",\"1-1\",\"5\",\"装傻 敷衍搪塞 闪烁其词（de・de・de!）\",0,0,\"0.078\",\"0.737\",500,0,1,\"FangSong\",1]"}, {"uid": "17436256", "content": "[\"0.078\",\"0.737\",\"1-1\",\"5.8\",\"大・大・大・就算成为了大统领 可能你也不会改变吧\",0,0,\"0.078\",\"0.737\",500,0,1,\"FangSong\",1]"}, {"uid": "17436256", "content": "[\"0.078\",\"0.737\",\"1-1\",\"2.8\",\"不可能什么都没有的 对吧？\",0,0,\"0.078\",\"0.737\",500,0,1,\"FangSong\",1]"}, {"uid": "17436256", "content": "[\"0.078\",\"0.737\",\"1-1\",\"1.5\",\"轻薄！NONO！厚颜无耻！\",0,0,\"0.078\",\"0.737\",500,0,1,\"FangSong\",1]"}, {"uid": "17436256", "content": "[\"0.078\",\"0.737\",\"1-1\",\"5\",\"没有爱？不是理由 不是你的错 好的好的好的\",0,0,\"0.078\",\"0.737\",500,0,1,\"FangSong\",1]"}, {"uid": "380276", "content": "可爱"}, {"uid": "17436256", "content": "[\"0.078\",\"0.737\",\"1-1\",\"4.4\",\"末・末・末・末端价格 没有用的独家新闻呢\",0,0,\"0.078\",\"0.737\",500,0,1,\"FangSong\",1]"}, {"uid": "17436256", "content": "[\"0.078\",\"0.737\",\"1-1\",\"3.7\",\"紧・紧・紧・紧贴 完全就是装作花花公子的丑闻\",0,0,\"0.078\",\"0.737\",500,0,1,\"FangSong\",1]"}, {"uid": "17436256", "content": "[\"0.078\",\"0.737\",\"1-1\",\"1.5\",\" 把树脂灌进他们的嘴封起来！\",0,0,\"0.078\",\"0.737\",500,0,1,\"FangSong\",1]"}, {"uid": "17436256", "content": "[\"0.078\",\"0.737\",\"1-1\",\"1.5\",\" \",0,0,\"0.078\",\"0.737\",500,0,1,\"FangSong\",1]"}, {"uid": "17436256", "content": "[\"0.078\",\"0.737\",\"1-1\",\"2.4\",\"说\\\"不是，是对方太强硬了~\\\"的男人\",0,0,\"0.078\",\"0.737\",500,0,1,\"FangSong\",1]"}, {"uid": "17436256", "content": "[\"0.083\",\"0.743\",\"0.9-0.9\",\"1.1\",\"宣誓！以下省略！\",0,0,\"0.083\",\"0.743\",500,0,1,\"FangSong\",1]"}, {"uid": "17436256", "content": "[\"0.083\",\"0.743\",\"0.9-0.9\",\"1.4\",\"我会让他再也动不了\",0,0,\"0.083\",\"0.743\",500,0,1,\"FangSong\",1]"}, {"uid": "17436256", "content": "[\"0.083\",\"0.743\",\"0.9-0.9\",\"2.3\",\"说\\\"只是工作上的关系\\\"的家伙\",0,0,\"0.083\",\"0.743\",500,0,1,\"FangSong\",1]"}, {"uid": "17436256", "content": "[\"0.083\",\"0.743\",\"0.9-0.9\",\"1.7\",\"宣誓！如果我成为了大统领\",0,0,\"0.083\",\"0.743\",500,0,1,\"FangSong\",1]"}, {"uid": "17436256", "content": "[\"0.083\",\"0.743\",\"0.9-0.9\",\"2.4\",\"如果我是(S'il vous)大大大统领\",0,0,\"0.083\",\"0.743\",500,0,1,\"FangSong\",1]"}, {"uid": "17436256", "content": "[\"0.083\",\"0.743\",\"0.9-0.9\",\"5.1\",\"浪漫的丑闻 不让你逃走 把你消除掉\",0,0,\"0.083\",\"0.743\",500,0,1,\"FangSong\",1]"}, {"uid": "17436256", "content": "[\"0.083\",\"0.743\",\"0.9-0.9\",\"2.6\",\"不行吗 这样啊（啊啦~）\",0,0,\"0.083\",\"0.743\",500,0,1,\"FangSong\",1]"}, {"uid": "17436256", "content": "[\"0.083\",\"0.743\",\"0.9-0.9\",\"2.5\",\"那个女人是谁啊（咿呀~）\",0,0,\"0.083\",\"0.743\",500,0,1,\"FangSong\",1]"}, {"uid": "17436256", "content": "[\"0.083\",\"0.743\",\"0.9-0.9\",\"4.8\",\"用湿的毛巾 一点不留地让你吐出来（大・大・大！）\",0,0,\"0.083\",\"0.743\",500,0,1,\"FangSong\",1]"}, {"uid": "17436256", "content": "[\"0.083\",\"0.743\",\"0.9-0.9\",\"5.7\",\"大・大・大・如果成为了大统领 首先要抓你\",0,0,\"0.083\",\"0.743\",500,0,1,\"FangSong\",1]"}, {"uid": "17436256", "content": "[\"0.083\",\"0.743\",\"0.9-0.9\",\"2.8\",\"什么都没有但是想制裁 对吧？\",0,0,\"0.083\",\"0.743\",500,0,1,\"FangSong\",1]"}, {"uid": "17436256", "content": "[\"0.083\",\"0.743\",\"0.9-0.9\",\"1.3\",\"权力！财产！地位名声！\",0,0,\"0.083\",\"0.743\",500,0,1,\"FangSong\",1]"}, {"uid": "17436256", "content": "[\"0.083\",\"0.743\",\"0.9-0.9\",\"5.2\",\"不愿意？没办法？渣渣还真是一种病啊拜拜・拜\",0,0,\"0.083\",\"0.743\",500,0,1,\"FangSong\",1]"}, {"uid": "17436256", "content": "[\"0.083\",\"0.743\",\"0.9-0.9\",\"4.5\",\"D,D,D,Don't cry 干起来吧彻底调查\",0,0,\"0.083\",\"0.743\",500,0,1,\"FangSong\",1]"}, {"uid": "17436256", "content": "[\"0.083\",\"0.743\",\"0.9-0.9\",\"4.5\",\"大・大・大・胆大包天 重大特写事件\",0,0,\"0.083\",\"0.743\",500,0,1,\"FangSong\",1]"}, {"uid": "17436256", "content": "[\"0.083\",\"0.743\",\"0.9-0.9\",\"1.5\",\"从肚脐眼里通上电流\",0,0,\"0.083\",\"0.743\",500,0,1,\"FangSong\",1]"}, {"uid": "17436256", "content": "[\"0.083\",\"0.743\",\"0.9-0.9\",\"2.4\",\"我会把说\\\"我们只是朋友啊\\\"想蒙混过关的人\",0,0,\"0.083\",\"0.743\",500,0,1,\"FangSong\",1]"}, {"uid": "17436256", "content": "[\"0.083\",\"0.743\",\"0.9-0.9\",\"2.4\",\"宣誓！如果我成为了大统领\",0,0,\"0.083\",\"0.743\",500,0,1,\"FangSong\",1]"}, {"uid": "17436256", "content": "[\"0.083\",\"0.743\",\"0.9-0.9\",\"2.7\",\"我会把向别人的男人出手的女人流放到孤岛\",0,0,\"0.083\",\"0.743\",500,0,1,\"FangSong\",1]"}, {"uid": "17436256", "content": "[\"0.083\",\"0.743\",\"0.9-0.9\",\"2.2\",\"宣誓！如果我成为了大统领\",0,0,\"0.083\",\"0.743\",500,0,1,\"FangSong\",1]"}, {"uid": "17436256", "content": "[\"0.083\",\"0.743\",\"0.9-0.9\",\"3.5\",\"把你消除掉\",0,0,\"0.083\",\"0.743\",500,0,1,\"FangSong\",1]"}, {"uid": "17436256", "content": "[\"0.083\",\"0.743\",\"0.9-0.9\",\"3.5\",\"浪漫的丑闻 不让你逃走\",0,0,\"0.083\",\"0.743\",500,0,1,\"FangSong\",1]"}, {"uid": "17436256", "content": "是约会吗 晚上好（呜哇~）"}, {"uid": "353486272", "content": "可爱"}, {"uid": "15138435", "content": "很适合aria的歌呢www"}, {"uid": "17436256", "content": "发现了 暴露了（我就说~！）"}, {"uid": "17436256", "content": "在哪里啊 你现在（哦呀~？）"}, {"uid": "17436256", "content": "用湿的毛巾 一点不留地让你吐出来（do・do・do!）"}, {"uid": "17436256", "content": "大・大・大・如果成为了大统领 真的要抓住你哦"}, {"uid": "17436256", "content": "热情就是不注意 哪怕是微热也想清除掉"}, {"uid": "17436256", "content": "大・大・大・就算成为了大统领 可能你也不会改变吧"}, {"uid": "17436256", "content": "轻薄！NONO！厚颜无耻！"}, {"uid": "17436256", "content": "末・末・末・末端价格 没有用的独家新闻呢"}, {"uid": "17436256", "content": "把树脂灌进他们的嘴封起来！"}, {"uid": "17436256", "content": "说\"只是工作上的关系\"的家伙"}, {"uid": "17436256", "content": "用湿的毛巾 一点不留地让你吐出来（大・大・大！）"}, {"uid": "17436256", "content": "权力！财产！地位名声！"}, {"uid": "17436256", "content": "D,D,D,Don't cry 干起来吧彻底调查"}, {"uid": "17436256", "content": "我会把说\"我们只是朋友啊\"想蒙混过关的人"}, {"uid": "17436256", "content": "宣誓！如果我成为了大统领"}, {"uid": "17436256", "content": "浪漫的丑闻 不让你逃走"}, {"uid": "2170632", "content": "\\アリア/\\アリア/"}, {"uid": "2170632", "content": "アリア！！アリア！！アリア！"}, {"uid": "8844791", "content": "双 厨 狂 喜"}, {"uid": "17436256", "content": "不行吗 这样啊（啊啦~）"}, {"uid": "17436256", "content": "是约会吗 晚上好（呜哇~）"}, {"uid": "17436256", "content": "从肚脐眼里通上电流"}, {"uid": "36769691", "content": "来了来了"}, {"uid": "276843", "content": "アリア！アリア！アリア！"}, {"uid": "4912018", "content": "可爱！！！"}, {"uid": "3885523", "content": "来了来了来了"}, {"uid": "248883011", "content": "awsl"}, {"uid": "17053782", "content": "来了来了！！！！！"}, {"uid": "21550415", "content": "aria可爱！！"}, {"uid": "2170632", "content": "高级弹幕，讲究"}, {"uid": "1911150", "content": "Aria!Aria!Aria!"}, {"uid": "17436256", "content": "紧・紧・紧・紧贴 完全就是装作花花公子的丑闻"}, {"uid": "17436256", "content": "我会让他再也动不了"}, {"uid": "17436256", "content": "不行吗 这样啊（啊啦~）"}, {"uid": "17436256", "content": "大・大・大・如果成为了大统领  首先要抓你"}, {"uid": "17436256", "content": "宣誓！如果我成为了大统领"}, {"uid": "3303215", "content": "\\アリア/"}, {"uid": "158526024", "content": "可爱！！"}, {"uid": "32270938", "content": "kksk"}, {"uid": "351636", "content": "超可爱！"}, {"uid": "17436256", "content": "在哪里啊 你现在（哦呀~？）"}, {"uid": "7912795", "content": "debubusukiki"}, {"uid": "17436256", "content": "装傻 敷衍搪塞 闪烁其词（de・de・de!）"}, {"uid": "17436256", "content": "不可能什么都没有的 对吧？"}, {"uid": "2170632", "content": "我来补弹幕了，嘿嘿，让白猫高兴点。"}, {"uid": "36769691", "content": "可爱"}, {"uid": "3885523", "content": "♪⸜(๑ ॑꒳ ॑๑)⸝♪✰"}, {"uid": "29275394", "content": "很对我的电波"}, {"uid": "690656469", "content": "hzgyz"}, {"uid": "233442199", "content": "kksk"}, {"uid": "15138435", "content": "wwwwwwww"}, {"uid": "17436256", "content": "宣誓！以下省略！"}, {"uid": "158526024", "content": "可爱"}, {"uid": "36769691", "content": "好耶"}, {"uid": "28233581", "content": "可爱"}, {"uid": "493857471", "content": "居然是……！"}, {"uid": "424788094", "content": "双厨狂喜"}, {"uid": "2629851", "content": "可爱"}, {"uid": "3996412", "content": "KKSK"}, {"uid": "337588", "content": "先生，男生比女生多了一名（不是"}, {"uid": "470395974", "content": "kksk "}, {"uid": "5565962", "content": "结婚"}, {"uid": "17436256", "content": "夜晚的道路要小心 代替拜拜的是枪声"}, {"uid": "17436256", "content": "宣誓！如果我成为了大统领"}, {"uid": "17436256", "content": "什么都没有但是想制裁 对吧？"}, {"uid": "17436256", "content": "把你消除掉"}, {"uid": "10778462", "content": "欧耶"}, {"uid": "67655543", "content": "awsl"}, {"uid": "548081", "content": "好耶"}, {"uid": "3690746", "content": "kksk"}, {"uid": "3996412", "content": "KWII"}, {"uid": "2170632", "content": "kksk"}, {"uid": "446107011", "content": "好听"}, {"uid": "223494", "content": "www"}, {"uid": "1911150", "content": "Aria!Aria!Aria!"}, {"uid": "17436256", "content": "那个女人是谁啊（咿呀~）"}, {"uid": "17436256", "content": "不愿意？没办法？渣渣还真是一种病啊拜拜・拜"}, {"uid": "122110763", "content": "kksk"}, {"uid": "122110763", "content": "kksk"}, {"uid": "11587177", "content": "树脂摩多摩多！"}, {"uid": "68021351", "content": "好耶！"}, {"uid": "380276", "content": "awsl"}, {"uid": "544972", "content": "好耶，双厨狂喜"}, {"uid": "16438968", "content": "好唉"}, {"uid": "23001624", "content": "哇偶"}, {"uid": "4476322", "content": "可爱"}, {"uid": "17436256", "content": "浪漫的丑闻 不让你逃走 把你消除掉"}, {"uid": "27631997", "content": "草p丸"}, {"uid": "122110763", "content": "kksk"}, {"uid": "67655543", "content": "感谢字幕君"}, {"uid": "5529326", "content": "可爱"}, {"uid": "28954108", "content": "可爱"}, {"uid": "1911150", "content": "Aria!Aria!Aria!"}, {"uid": "316628720", "content": "来了"}, {"uid": "17436256", "content": "是真的吗 好吧（你看~）"}, {"uid": "17436256", "content": "大・大・大・胆大包天 重大特写事件"}, {"uid": "67655543", "content": "好耶！"}, {"uid": "310843417", "content": "好耶"}, {"uid": "45166", "content": "\\アリア/\\アリア/\\アリア/\\アリア/\\アリア/"}, {"uid": "182353662", "content": "\\アリア/\\アリア/\\アリア/"}, {"uid": "351891174", "content": "\\アリア/\\アリア/\\アリア/"}, {"uid": "351891174", "content": "\\アリア/\\アリア/\\アリア/"}, {"uid": "359970", "content": "\\アリア/\\アリア/\\アリア/\\アリア/\\アリア/"}, {"uid": "2629851", "content": "\\アリア/\\アリア/\\アリア/\\アリア/"}, {"uid": "2629851", "content": "\\アリア/\\アリア/\\アリア/\\アリア/"}, {"uid": "2629851", "content": "\\アリア/\\アリア/\\アリア/\\アリア/"}, {"uid": "3690746", "content": "\\アリア/\\アリア/\\アリア/"}, {"uid": "3690746", "content": "\\アリア/\\アリア/\\アリア/"}, {"uid": "2170632", "content": "\\アリア/\\アリア/\\アリア/\\アリア/\\アリア/"}, {"uid": "2170632", "content": "\\アリア/\\アリア/\\アリア/\\アリア/"}, {"uid": "2170632", "content": "\\アリア/\\アリア/\\アリア/\\アリア/\\アリア/"}, {"uid": "22010327", "content": "アリア！！アリア！！アリア！！アリア！！"}, {"uid": "22010327", "content": "アリア！！アリア！！アリア！！アリア！！"}, {"uid": "22010327", "content": "アリア！！アリア！！アリア！！アリア！！"}, {"uid": "45797277", "content": "\\アリア/\\アリア/\\アリア/\\アリア/"}, {"uid": "2170632", "content": "アリア！！アリア！！アリア！！アリア！"}, {"uid": "2170632", "content": "アリア！！アリア！！アリア！！アリア！！アリア！！アリア！！"}, {"uid": "2170632", "content": "アリア！！アリア！！アリア！！アリア！！"}, {"uid": "2170632", "content": "アリア！！アリア！！アリア！！アリア！！アリア！！アリア！！"}, {"uid": "158526024", "content": "\\アリア/\\アリア/\\アリア/\\アリア/\\アリア/"}, {"uid": "17436256", "content": "没有爱？不是理由 不是你的错 好的好的好的"}, {"uid": "786526", "content": "\\aria/\\aria/\\aria/"}, {"uid": "544299387", "content": "谁？黄发"}, {"uid": "22339428", "content": "\\aria/\\aria/\\aria/\\aria/\\aria/\\aria/"}, {"uid": "22339428", "content": "\\aria/\\aria/\\aria/\\aria/\\aria/\\aria/"}, {"uid": "436096", "content": "アリア!アリア!アリア!アリア!"}, {"uid": "436096", "content": "アリア!アリア!アリア!アリア!"}, {"uid": "436096", "content": "アリア!アリア!アリア!アリア"}, {"uid": "2847160", "content": "\\アリア/\\アリア/\\アリア/\\アリア/"}, {"uid": "17436256", "content": "没有爱？不是理由 不是你的错 好的好的好的"}, {"uid": "786526", "content": "\\アリア/\\アリア/\\アリア/\\アリア/"}, {"uid": "8003876", "content": "\\aria/\\aria/\\aria/"}, {"uid": "158526024", "content": "\\aria/\\aria/\\aria/"}, {"uid": "158526024", "content": "アリア！！アリア！！アリア！！"}, {"uid": "2170632", "content": "\\アリア/\\アリア/\\アリア/\\アリア/"}, {"uid": "2170632", "content": "\\アリア/\\アリア/\\アリア/\\アリア/"}, {"uid": "3303215", "content": "\\アリア/\\アリア/\\アリア/"}, {"uid": "3303215", "content": "\\アリア/\\アリア/\\アリア/\\アリア/"}, {"uid": "3303215", "content": "\\アリア/\\アリア/\\アリア/\\アリア/\\アリア/"}, {"uid": "2170632", "content": "\\Aria/\\Aria/\\Aria/\\Aria/\\Aria/\\Aria/\\Aria/\\Aria/\\Aria/"}, {"uid": "2170632", "content": "\\Aria/\\Aria/\\Aria/\\Aria/\\Aria/\\Aria/"}, {"uid": "2170632", "content": "\\Aria/\\Aria/\\Aria/"}, {"uid": "2170632", "content": "アリア！！アリア！！アリア！！"}, {"uid": "2170632", "content": "アリア！！アリア！！アリア！！アリア！！アリア！！"}, {"uid": "2170632", "content": "アリア！！アリア！！アリア！！アリア！！"}, {"uid": "2170632", "content": "アリア！！アリア！！アリア！！アリア！！アリア！！アリア！！"}, {"uid": "1601159", "content": "＼aria／＼aria／＼aria／"}, {"uid": "19824793", "content": "\\アリア/\\アリア/\\アリア/"}, {"uid": "4912018", "content": "アリア！！アリア！！アリア！！アリア！！アリア！！アリア！！"}, {"uid": "4304729", "content": "\\aria/\\aria/\\aria/"}, {"uid": "122110763", "content": "\\アリア/\\アリア/\\アリア/\\アリア/"}, {"uid": "276843", "content": "\\アリア/\\アリア/\\アリア/\\アリア/"}, {"uid": "786526", "content": "\\アリア/\\アリア/\\アリア/"}, {"uid": "276843", "content": "\\アリア/\\アリア/\\アリア/"}, {"uid": "295708", "content": "\\アリア/\\アリア/\\アリア/\\アリア/\\アリア/"}, {"uid": "276843", "content": "\\アリア/\\アリア/\\アリア/\\アリア/\\アリア/"}, {"uid": "295708", "content": "\\アリア/\\アリア/\\アリア/\\アリア/\\アリア/\\アリア/"}, {"uid": "185749", "content": "\\Aria/\\Aria/\\Aria/"}, {"uid": "185749", "content": "\\Aria/\\Aria/\\Aria/"}, {"uid": "185749", "content": "\\Aria/\\Aria/\\Aria/"}, {"uid": "1392114", "content": "アリア！！アリア！！アリア！！"}, {"uid": "295708", "content": "\\アリア/\\アリア/\\アリア/"}, {"uid": "490265", "content": "\\アリア/\\アリア/\\アリア/\\アリア/"}, {"uid": "4912018", "content": "アリア！！アリア！！アリア！！アリア！！アリア！！"}, {"uid": "4912018", "content": "アリア！！アリア！！アリア！！アリア！"}, {"uid": "116791", "content": "\\aria/\\aria/\\aria/\\aria/\\aria/"}, {"uid": "87629078", "content": "\\アリア/\\アリア/\\アリア/"}, {"uid": "453687920", "content": "\\アリア/\\アリア/\\アリア/\\アリア/"}]