[{"uid": "2814433", "content": "？？？"}, {"uid": "174091713", "content": "大姐：演我？"}, {"uid": "174091713", "content": "哈哈哈哈哈哈哈哈哈或"}, {"uid": "1543888", "content": "卧槽"}, {"uid": "57749067", "content": "尸体在说话"}, {"uid": "16640794", "content": "太可爱了"}, {"uid": "184752", "content": "????"}, {"uid": "26068454", "content": "母  慈  女  孝"}, {"uid": "26068454", "content": "母慈女孝现场"}, {"uid": "35488721", "content": "大姐好温柔"}, {"uid": "15671027", "content": "大姐不知道发生了什么233"}, {"uid": "15671027", "content": "啊这23333"}, {"uid": "15671027", "content": "2333"}, {"uid": "15671027", "content": "真 自家女儿毛东西"}, {"uid": "15671027", "content": "抢劫现场"}, {"uid": "35004205", "content": "？孔明老师醒醒起来加班了"}, {"uid": "9182476", "content": "米奇妙妙屋"}, {"uid": "102558393", "content": "来找你了"}, {"uid": "24946243", "content": "这伤害力量v弓吧"}, {"uid": "109691027", "content": "吐血"}, {"uid": "523440453", "content": "？？？？？？？？？"}, {"uid": "523440453", "content": "草"}, {"uid": "523440453", "content": "草"}, {"uid": "480362513", "content": "“惹变态生气了”草"}, {"uid": "480362513", "content": "厕所草"}, {"uid": "480362513", "content": "大姐还供火草"}, {"uid": "480362513", "content": "至高无上的太阳神发火了，你们全部都要死（）"}, {"uid": "480362513", "content": "草怎么这么燃"}, {"uid": "454859569", "content": "七颗刚好是一个裤子的价格"}, {"uid": "24462075", "content": "猫  耳  洞"}, {"uid": "328422", "content": "土工掘进……"}, {"uid": "13310817", "content": "？？？？"}, {"uid": "13310817", "content": "草"}, {"uid": "222030498", "content": "可以看出兔子为联动时准备的东西是真的多"}, {"uid": "35887208", "content": "前方高能"}, {"uid": "3844363", "content": "大姐懵逼 回过头不知道发生了什么"}, {"uid": "241837504", "content": "燃起来了"}, {"uid": "241837504", "content": "boss战"}, {"uid": "9849637", "content": "建筑王的记忆复苏了"}, {"uid": "38339485", "content": "草"}, {"uid": "334926483", "content": "？？？"}, {"uid": "211178186", "content": "《生气了》"}, {"uid": "14477677", "content": "哈哈哈哈"}, {"uid": "11491955", "content": "OTO剑……"}, {"uid": "9272615", "content": "草"}, {"uid": "8404157", "content": "心疼大姐233"}, {"uid": "25520962", "content": "不愧是你"}, {"uid": "3900958", "content": "大姐正蒙头做装备呢，一回头发现妹妹一身钻石2333"}, {"uid": "400668950", "content": "前方高能"}, {"uid": "6361313", "content": "还记得上次30是怎样被神罚的吗，没人能违抗太阳神"}, {"uid": "6959362", "content": "goushi兔子就射箭特别准"}, {"uid": "37808404", "content": "军事素养极佳，是特工！"}, {"uid": "194175206", "content": "草"}, {"uid": "349801537", "content": "等等，没裤子（不算蓝白碗）"}, {"uid": "5529326", "content": "高技术力"}, {"uid": "37913832", "content": "防   御   工   事"}, {"uid": "265282669", "content": "草"}, {"uid": "357669401", "content": "没有裤子"}, {"uid": "52453166", "content": "大姐傻了"}, {"uid": "52453166", "content": "草"}, {"uid": "52453166", "content": "可惜大姐没听到，不然千里救驾"}, {"uid": "52453166", "content": "田中，Thai kick！！"}, {"uid": "2170632", "content": "大姐懵逼了"}, {"uid": "2170632", "content": "现场做一套装备准备给白雪"}, {"uid": "21781204", "content": "哈哈哈哈哈"}, {"uid": "7253838", "content": "绝了"}, {"uid": "332542", "content": "哈哈哈哈"}, {"uid": "2170632", "content": "触发boss战"}, {"uid": "2629851", "content": "？？？？？？"}, {"uid": "2629851", "content": "太燃了太燃了"}, {"uid": "217797936", "content": "使用手中的第六样道具，与太阳神同归于尽吧（"}, {"uid": "10518197", "content": "其他装备随便拿，唯独oto剑拿了会被帕里追杀"}, {"uid": "217797936", "content": "下一站，太阳神的审判"}, {"uid": "10755817", "content": "ctm的燃起来了"}, {"uid": "128409442", "content": "大姐果然是p家的神"}, {"uid": "128409442", "content": "没有裤子"}, {"uid": "1821770", "content": "大姐：我有丢这些东西吗"}, {"uid": "9126374", "content": "但是大姐手上依旧拿着马桶"}, {"uid": "2466863", "content": "床是从白菜家顺的"}, {"uid": "104349408", "content": "？？？"}, {"uid": "104349408", "content": "吓到我了www"}, {"uid": "104349408", "content": "草"}, {"uid": "104349408", "content": "草"}, {"uid": "1457815", "content": "噔 噔 咚"}, {"uid": "1457815", "content": "看见了吗，这才是强迫症的最高境界"}, {"uid": "128541", "content": "?!"}, {"uid": "10906871", "content": "大姐傻了"}, {"uid": "275617132", "content": "过于生草"}, {"uid": "217797936", "content": "我觉得姓匹挺正常的啊"}, {"uid": "217797936", "content": "这床是顺来了的吧"}, {"uid": "1434386", "content": "？！"}, {"uid": "22010327", "content": "nano的琴"}, {"uid": "22010327", "content": "太阳神的收藏"}, {"uid": "22010327", "content": "兔子窝"}, {"uid": "253419", "content": "最强的被拒绝型"}, {"uid": "2410137", "content": "eva草"}, {"uid": "285474", "content": "不会被骂 但会被杀"}, {"uid": "12891523", "content": "草草"}, {"uid": "12891523", "content": "www"}, {"uid": "12891523", "content": "草 草"}, {"uid": "441730561", "content": "草"}, {"uid": "441730561", "content": "哈哈哈"}, {"uid": "441730561", "content": "危"}, {"uid": "285826982", "content": "草"}, {"uid": "23163677", "content": "来送东西了233"}, {"uid": "17784911", "content": "草"}, {"uid": "17784911", "content": "大姐：？！"}, {"uid": "17784911", "content": "大姐懵了"}, {"uid": "17784911", "content": "一开始以为是烈焰人，但这是附魔弓所以是帕里吗？"}, {"uid": "34764024", "content": "bgm好带感"}, {"uid": "22911008", "content": "优秀的作战素质 直接找掩体"}, {"uid": "10778462", "content": "30：kimomo"}, {"uid": "15138435", "content": "小丑竟是我自己"}, {"uid": "15138435", "content": "草"}, {"uid": "2193135", "content": "草"}, {"uid": "252463588", "content": "我还没上车呢"}, {"uid": "2163611", "content": "呜呜呜，要变成paryi gachi了"}, {"uid": "2414845", "content": "真的神回，当时看这段快笑死了"}, {"uid": "4709884", "content": "肘，跟我进屋"}, {"uid": "9737373", "content": "死 亡 列 车"}, {"uid": "23588755", "content": "？？？？？"}, {"uid": "23588755", "content": "大姐懵了哈哈哈哈刚准备给装备"}, {"uid": "23588755", "content": "这孩子嘴太甜了 密码太正确了 对比30 唉"}, {"uid": "9190626", "content": "大姐 蒙了"}, {"uid": "9190626", "content": "哈哈哈哈"}, {"uid": "399364", "content": "你是第一个敢在pali家搞事的女儿"}, {"uid": "399364", "content": "完了"}, {"uid": "399364", "content": "反复横跳"}, {"uid": "399364", "content": "大姐懵了"}, {"uid": "399364", "content": "此时此刻，大姐依然手持马桶"}, {"uid": "2203831", "content": "草"}, {"uid": "185872154", "content": "杀 人 诛 心"}, {"uid": "417923", "content": "当时恰好点进直播间的30震惊地目睹了这一幕"}, {"uid": "253419", "content": "草"}, {"uid": "253419", "content": "大姐：「？！」"}, {"uid": "10518197", "content": "BOSS来了"}, {"uid": "25438232", "content": "死 亡 预 告"}, {"uid": "25438232", "content": "害怕"}, {"uid": "25438232", "content": "噔噔咚"}, {"uid": "90962120", "content": "0.5倍新世界"}, {"uid": "75083634", "content": "草，异闻带"}, {"uid": "253419", "content": "艾莉娅：「帕里妈妈是便便」"}, {"uid": "253419", "content": "多么优秀的作战素质"}, {"uid": "253419", "content": "战 壕"}, {"uid": "67655543", "content": "草"}, {"uid": "253419", "content": "大姐：「好啦好啦，没事没事」"}, {"uid": "253419", "content": "艾莉娅：「被帕里妈妈烧了」"}, {"uid": "67655543", "content": "来了"}, {"uid": "93875339", "content": "燃起来了"}, {"uid": "93875339", "content": "草"}, {"uid": "37913832", "content": "大姐：发生甚么事了？"}, {"uid": "2686738", "content": "草"}, {"uid": "2686738", "content": "杀女证道太阳神"}, {"uid": "35114110", "content": "帕里提着剑冲上门了"}, {"uid": "35114110", "content": "朕没给你的，你不能拿"}, {"uid": "88025177", "content": "毛了"}, {"uid": "71295603", "content": "草"}, {"uid": "173983308", "content": "危"}, {"uid": "107122", "content": "大姐：？！"}, {"uid": "137579340", "content": "oto的剑↓"}, {"uid": "57314", "content": "帕里顶盔掼甲手持长剑进门吓我一跳"}, {"uid": "31887000", "content": "无了"}, {"uid": "107122", "content": "还敢拨龙剑"}, {"uid": "107122", "content": "不会，只是会落命"}, {"uid": "580506799", "content": "#帕里谋杀女儿"}, {"uid": "421769925", "content": "bgm逐渐不对劲起来"}, {"uid": "23274551", "content": "？？？？？？？？？？？？？？"}, {"uid": "23274551", "content": "草"}, {"uid": "165185284", "content": "为什么没有裤子"}, {"uid": "1914968", "content": "DD害人不浅.jpg"}, {"uid": "23928217", "content": "燃起来了"}, {"uid": "30254330", "content": "踏上了死亡的列车"}, {"uid": "491117", "content": "土 工 作 业"}, {"uid": "491117", "content": "真就暗影太阳啊"}, {"uid": "12664732", "content": "草，这段也切出来了"}, {"uid": "207613158", "content": "妹子啊，你是无敌破坏王么？"}, {"uid": "19456401", "content": "那个就是裤子"}, {"uid": "5056662", "content": "草，太草了"}, {"uid": "207613158", "content": "哈哈哈哈哈，还给堵回去了"}, {"uid": "491117", "content": "你惊动了兔子"}, {"uid": "5056662", "content": "草"}, {"uid": "5056662", "content": "草哈哈哈哈"}, {"uid": "611080", "content": "这段要是被大姐听到，怕是要超度升天"}, {"uid": "74116971", "content": "在兔子的家里果然没有裤子吗"}, {"uid": "6221030", "content": "wwwwwwwwwww"}, {"uid": "3938997", "content": "咪跌咪跌帕里桑"}, {"uid": "359404038", "content": "杀啊"}, {"uid": "415287136", "content": "白雪：帕里是便便"}, {"uid": "359404038", "content": "是他！他来了"}, {"uid": "611080", "content": "迷迭~"}, {"uid": "34593348", "content": "草"}, {"uid": "3118424", "content": "黑魂草"}, {"uid": "2253671", "content": "谁呀草"}, {"uid": "15279466", "content": "强迫症血压爆满"}, {"uid": "378371", "content": "草"}, {"uid": "18368921", "content": "谁呀太草了"}, {"uid": "13634152", "content": "付费内容（"}, {"uid": "2854211", "content": "大姐YYDS"}, {"uid": "388155", "content": "雷普妹妹的屑姐姐"}, {"uid": "388155", "content": "草"}, {"uid": "388155", "content": "他怕了"}, {"uid": "24241879", "content": "拿了oto的剑  paryi：那是oto的 白雪：那我的呢？（理直气壮）"}, {"uid": "253419", "content": "修筑掩体，攻击！"}, {"uid": "415287136", "content": "大姐：跟我来"}, {"uid": "415287136", "content": "大姐：乖~乖~"}, {"uid": "253419", "content": "陷入危机还不忘保护地貌，鉴猫猫"}, {"uid": "415287136", "content": "白雪：我被帕里妈妈烧了"}, {"uid": "253419", "content": "此时的艾莉娅还对自己的处境一无所知"}, {"uid": "388155", "content": "只会被烧死（"}, {"uid": "253419", "content": "你惊扰了兔子"}, {"uid": "415287136", "content": "大姐：怎么了"}, {"uid": "251552385", "content": "大姐：你们玩的什么把戏"}, {"uid": "190650", "content": "高手过招"}, {"uid": "253419", "content": "白菜：それ以上は言うな！！"}, {"uid": "190650", "content": "帕里回收了团长的剑？"}, {"uid": "19097830", "content": "埋下伏笔"}, {"uid": "230337405", "content": "草"}, {"uid": "15588298", "content": "大姐懵了"}, {"uid": "230337405", "content": "大姐：小丑竟是我自己"}, {"uid": "253419", "content": "收 拾 作 案 现 场"}, {"uid": "212101", "content": "草"}, {"uid": "253419", "content": "开心到扭曲"}, {"uid": "212101", "content": "ptsd"}, {"uid": "5496045", "content": "草 这也有"}, {"uid": "378371", "content": "中文？"}, {"uid": "190650", "content": "挖战壕前进"}, {"uid": "230337405", "content": "草 大姐在建厕所"}, {"uid": "253419", "content": "田 中 先 生"}, {"uid": "174044707", "content": "？？？"}, {"uid": "190650", "content": "使徒来袭"}, {"uid": "173867516", "content": "大姐一脸懵"}, {"uid": "173867516", "content": "这goushi兔子进来吓我一跳"}, {"uid": "20317592", "content": "草"}, {"uid": "727769", "content": "暗影太阳帕里德林"}, {"uid": "1803372", "content": "危"}, {"uid": "230337405", "content": "帕里：你竟想违抗太阳神吗？"}, {"uid": "15588298", "content": "牙白"}, {"uid": "212101", "content": "太阳神"}, {"uid": "212101", "content": "bgm?"}, {"uid": "230337405", "content": "草"}, {"uid": "37212035", "content": "前方高热源反应，是那个人！"}, {"uid": "212101", "content": "草"}, {"uid": "37212035", "content": "wwww"}, {"uid": "2542492", "content": "你已经死了"}, {"uid": "212101", "content": "兔子洞"}, {"uid": "37212035", "content": "灵子转移草"}, {"uid": "37212035", "content": "地狱，以及帕里家"}, {"uid": "15671027", "content": "大姐的厕所2333"}, {"uid": "15671027", "content": "2333 又一个带孝女 2333"}, {"uid": "9182476", "content": "拿，都可以拿"}, {"uid": "332495419", "content": "特异点？"}, {"uid": "38381207", "content": "哈哈哈哈哈哈"}, {"uid": "52453166", "content": "岩浆火化，讲究"}, {"uid": "243971358", "content": "p家传统——不穿裤子（"}, {"uid": "5582949", "content": "射杀女儿之日"}, {"uid": "22911008", "content": "大姐：便便的孩子"}, {"uid": "26939536", "content": "可 恶 的 兔 子（拍桌）"}, {"uid": "253419", "content": "大姐：「跟我来」"}, {"uid": "490127301", "content": "草"}, {"uid": "310843417", "content": "kksk"}, {"uid": "2711928", "content": "awsl"}, {"uid": "22911008", "content": "兔子洞真是宝库啊"}, {"uid": "12664732", "content": "跳过草"}, {"uid": "3157354", "content": "团长的剑哈哈哈哈哈"}, {"uid": "2109984", "content": "草"}, {"uid": "26623255", "content": "太阳神射火箭，没毛病"}, {"uid": "388155", "content": "太阳神の制裁"}, {"uid": "37212035", "content": "射杀焚烧一条龙服务"}, {"uid": "207453", "content": "埋下祸根 拿了不能拿的剑"}, {"uid": "309027183", "content": "是观众的错"}, {"uid": "22911008", "content": "攻坚失败"}, {"uid": "3254961", "content": "草，在现场"}, {"uid": "297679665", "content": "大姐：？"}, {"uid": "240355", "content": "都可以拿"}, {"uid": "6811048", "content": "草"}, {"uid": "440900688", "content": "大姐的旱厕"}, {"uid": "8388612", "content": "大草"}, {"uid": "1185094508", "content": "姐姐救我ww"}, {"uid": "17784911", "content": "太阳神的制裁"}, {"uid": "17784911", "content": "草"}, {"uid": "1185094508", "content": "其实是可以拿的"}, {"uid": "10778462", "content": "神罚即将降临"}, {"uid": "15138435", "content": "我 全 都 要"}, {"uid": "9190626", "content": "危"}, {"uid": "388155", "content": "甚至火化"}, {"uid": "253419", "content": "大姐「便便便便」"}, {"uid": "421936", "content": "拿，都可以拿"}, {"uid": "430308442", "content": "裸腿"}, {"uid": "88025177", "content": "毛了毛了"}, {"uid": "107122", "content": "艾莉娅：那我的呢？"}, {"uid": "6520124", "content": "艾莉娅使用挖地法"}, {"uid": "37218987", "content": "草"}, {"uid": "1914968", "content": "大姐还拱火草"}, {"uid": "1914968", "content": "团长和oto的剑，危"}, {"uid": "207613158", "content": "草，还火化了"}, {"uid": "7454324", "content": "草"}, {"uid": "36433544", "content": "草还焚尸"}, {"uid": "9434960", "content": "团长的剑的名字"}, {"uid": "79540", "content": "居然真被杀了，哈哈"}, {"uid": "415287136", "content": "白雪：亲亲我"}, {"uid": "388155", "content": "7钻=裤子"}, {"uid": "189790025", "content": "明天断头直播"}, {"uid": "189790025", "content": "这不得把兔子洞扬了？"}, {"uid": "309027183", "content": "太阳神之怒"}, {"uid": "40613413", "content": "团长选的材质包问那变态去"}, {"uid": "523440453", "content": "awsl"}, {"uid": "89414338", "content": "偷了根萝卜"}, {"uid": "11491955", "content": "这个材质包我没记错的话应该是团长以前弄得"}, {"uid": "15283237", "content": "拿了不能碰的剑"}, {"uid": "440900688", "content": "这个材质包裤子是蓝白条，所以放了7个钻石，想穿的可以自己合成"}, {"uid": "2466863", "content": "草"}, {"uid": "12891523", "content": "草"}, {"uid": "294670308", "content": "oto之剑没了……"}, {"uid": "22911008", "content": "其他东西还好说  这把剑不能拿的"}, {"uid": "2163611", "content": "无情"}, {"uid": "32867322", "content": "awsl"}, {"uid": "399364", "content": "被制裁了"}, {"uid": "185872154", "content": "草"}, {"uid": "36769691", "content": "草"}, {"uid": "93875339", "content": "草"}, {"uid": "107657792", "content": "kksk"}, {"uid": "14524105", "content": "梅川库子"}, {"uid": "5056662", "content": "草，还烧了"}, {"uid": "7454324", "content": "草"}, {"uid": "2892411", "content": "危！"}, {"uid": "190650", "content": "大姐抱抱"}, {"uid": "37212035", "content": "goushi兔子"}, {"uid": "7705659", "content": "dna动了"}, {"uid": "212101", "content": "拿，都可以拿"}, {"uid": "222030498", "content": "没有裤子233"}, {"uid": "241837504", "content": "草"}, {"uid": "211178186", "content": "《生气了》"}, {"uid": "2629851", "content": "草"}, {"uid": "409803025", "content": "危"}, {"uid": "13275281", "content": "草"}, {"uid": "441730561", "content": "dd害人不浅"}, {"uid": "17784911", "content": "兔之宝库"}, {"uid": "22911008", "content": "危"}, {"uid": "2163611", "content": "草，岩浆"}, {"uid": "9190626", "content": "危"}, {"uid": "37051501", "content": "草"}, {"uid": "253419", "content": "艾莉娅：「来亲亲」"}, {"uid": "37913832", "content": "拿拿拿，都可以拿"}, {"uid": "2036597", "content": "草"}, {"uid": "19456401", "content": "火花"}, {"uid": "5056662", "content": "好 人"}, {"uid": "23758110", "content": "密码错误（"}, {"uid": "10952610", "content": "草"}, {"uid": "212101", "content": "草"}, {"uid": "401520956", "content": "光影了解一下"}, {"uid": "14477677", "content": "毁尸灭迹"}, {"uid": "495009523", "content": "fgo草"}, {"uid": "25520962", "content": "一看就是一人准备了一套，兔子强"}, {"uid": "25520962", "content": "兔子洞"}, {"uid": "20606028", "content": "田中庄司？"}, {"uid": "38381207", "content": "草"}, {"uid": "33030701", "content": "地 道 战"}, {"uid": "5529326", "content": "灵堂"}, {"uid": "5529326", "content": "迷迭迷迭帕里桑"}, {"uid": "52453166", "content": "草 大姐 草"}, {"uid": "2170632", "content": "这里シオリ:しょうがないなぁ"}, {"uid": "39204203", "content": "感谢黄子"}, {"uid": "217797936", "content": "公共厕所草"}, {"uid": "13275281", "content": "草"}, {"uid": "104349408", "content": "岩浆草"}, {"uid": "22010327", "content": "完蛋"}, {"uid": "22010327", "content": "没加modwww"}, {"uid": "294670308", "content": "强 盗"}, {"uid": "285826982", "content": "hhhhhhhh"}, {"uid": "285826982", "content": "草"}, {"uid": "17784911", "content": "oto的剑啊kora"}, {"uid": "1185094508", "content": "不拿那把剑啥事没有ww"}, {"uid": "17784911", "content": "危"}, {"uid": "17784911", "content": "awsl"}, {"uid": "2163611", "content": "随意跳脸"}, {"uid": "20738601", "content": "百合猛兽"}, {"uid": "2203831", "content": "大姐疑问中"}, {"uid": "5043517", "content": "讲道理继续砍别跑应该能赢的。弓攻速毕竟慢"}, {"uid": "253419", "content": "哈哈哈哈"}, {"uid": "19004116", "content": "草"}, {"uid": "2178186", "content": "草"}, {"uid": "168016375", "content": "危"}, {"uid": "309027183", "content": "密码正确"}, {"uid": "425237", "content": "草"}, {"uid": "378371", "content": "unko哈哈哈哈哈"}, {"uid": "22063278", "content": "hhhhhh"}, {"uid": "25636", "content": "专心修厕所的大姐"}, {"uid": "37212035", "content": "这里又下了一次，被帕里打回来了"}, {"uid": "37212035", "content": "冲锋！和他拼了"}, {"uid": "286621735", "content": "草"}, {"uid": "81948530", "content": "草"}, {"uid": "32385", "content": "reishift还行"}, {"uid": "174091713", "content": "哈哈哈哈可爱"}, {"uid": "523440453", "content": "草"}, {"uid": "14234348", "content": "被帕里烧了，亲我"}, {"uid": "32511532", "content": "不会断手，会断头"}, {"uid": "217797936", "content": "跳过"}, {"uid": "22010327", "content": "p家没有裤子"}, {"uid": "22010327", "content": "危"}, {"uid": "253419", "content": "awsl"}, {"uid": "28275", "content": "还倒岩浆~"}, {"uid": "441730561", "content": "awsl"}, {"uid": "152675890", "content": "塔诺西~"}, {"uid": "285826982", "content": "草草草"}, {"uid": "285826982", "content": "p家不穿裤子"}, {"uid": "11872189", "content": "P家没有裤子不是很正常的吗"}, {"uid": "15138435", "content": "好剪，无能狂怒"}, {"uid": "10755817", "content": "依稀想起前世恋人的姓氏"}, {"uid": "3753", "content": "没事 会被融化而已"}, {"uid": "93875339", "content": "草"}, {"uid": "310843417", "content": "awsl"}, {"uid": "107122", "content": "死因，拿了oto的剑"}, {"uid": "144166", "content": "帕里黑料找到了"}, {"uid": "30254330", "content": "可以拿哦，不会被骂，会死而已"}, {"uid": "361095729", "content": "这孩子记仇了哈哈哈哈哈哈哈哈哈"}, {"uid": "5056662", "content": "草"}, {"uid": "9617502", "content": "危"}, {"uid": "43909", "content": "田 中 庄 司"}, {"uid": "253419", "content": "wwww"}, {"uid": "230337405", "content": "草 大姐"}, {"uid": "5906569", "content": "哈哈哈"}, {"uid": "212101", "content": "危"}, {"uid": "1679449", "content": "想要（拿"}, {"uid": "34434375", "content": "草"}, {"uid": "49678443", "content": "夢乃栞"}, {"uid": "3844363", "content": "草岩浆"}, {"uid": "495009523", "content": "帕里黑料有了"}, {"uid": "495009523", "content": "嗯～只会被鲨哦"}, {"uid": "194175206", "content": "草"}, {"uid": "5529326", "content": "帕里可以直接指令抹杀的"}, {"uid": "52453166", "content": "帕里：吐血，都是艾莉欧的错！！是她选的这个mod！"}, {"uid": "7220745", "content": "其实里面的家伙什都可以拿，也是帕里给女儿们准备的，但是团长的田中剑不能动那是私人物品啊"}, {"uid": "294464633", "content": "帕里黑料又找到了？"}, {"uid": "297121", "content": "剪出来发给大姐"}, {"uid": "285826982", "content": "攻击!攻击!"}, {"uid": "1185094508", "content": "拿了不能拿的剑ww"}, {"uid": "427439806", "content": "但是帕里有权限啊，帕里要是挂了就不只是拿弓箭这么简单了吧"}, {"uid": "23588755", "content": "密码正确"}, {"uid": "9190626", "content": "哈哈哈"}, {"uid": "45864857", "content": "哈哈哈哈哈"}, {"uid": "3753", "content": "危"}, {"uid": "107122", "content": "帕里：XXX剑是oto酱的东西"}, {"uid": "107122", "content": "大阳神之箭"}, {"uid": "23248386", "content": "帕里不穿裤子吗？"}, {"uid": "2616636", "content": "母慈女孝"}, {"uid": "23928217", "content": "？又有特异点了"}, {"uid": "9617502", "content": "草"}, {"uid": "31887000", "content": "草"}, {"uid": "422661966", "content": "mea的吗"}, {"uid": "10055073", "content": "233"}, {"uid": "190650", "content": "拿了不该拿的东西"}, {"uid": "190650", "content": "？？？"}, {"uid": "14477677", "content": "草"}, {"uid": "25520962", "content": "噔噔噔"}, {"uid": "212014886", "content": "销毁一切证据"}, {"uid": "240355", "content": "草"}, {"uid": "3456400", "content": "田中谦介"}, {"uid": "23548440", "content": "/kill"}, {"uid": "2466863", "content": "危"}, {"uid": "104349408", "content": "哈哈哈哈哈"}, {"uid": "104349408", "content": "？？？"}, {"uid": "243971358", "content": "？"}, {"uid": "128541", "content": "百合猛兽"}, {"uid": "10906871", "content": "剑不能拿哦"}, {"uid": "441730561", "content": "草"}, {"uid": "1185094508", "content": "厉害了"}, {"uid": "22911008", "content": "被帕里妈妈烧了  想要亲亲"}, {"uid": "22911008", "content": "记住这把剑"}, {"uid": "291885623", "content": "因为P家不穿裤子"}, {"uid": "36769691", "content": "危"}, {"uid": "485185130", "content": "尸体在说话？"}, {"uid": "6520124", "content": "做人不能太韦天"}, {"uid": "40781307", "content": " 想想铃宝古守，paryi不喜欢裤子的"}, {"uid": "9070169", "content": "在看的人比弹幕多"}, {"uid": "6221030", "content": "wwwwww"}, {"uid": "611080", "content": "恭喜你发现了P家服的one piece"}, {"uid": "138510172", "content": "yysy，这材质包是团长弄的"}, {"uid": "212101", "content": "哈哈哈"}, {"uid": "52697502", "content": "草"}, {"uid": "309027183", "content": "点了跳过..."}, {"uid": "222030498", "content": "shiori狂喜"}, {"uid": "9272615", "content": "草"}, {"uid": "409803025", "content": "草"}, {"uid": "1434386", "content": "草"}, {"uid": "88597292", "content": "顺手点了一下跳过"}, {"uid": "826501", "content": "帕里黑料找到了"}, {"uid": "614905", "content": "田中庄司w"}]