[{"uid": "327388057", "content": "FBI！OPEN UP！！"}, {"uid": "27631997", "content": "草"}, {"uid": "1507922", "content": "我先来：远古版本"}, {"uid": "10945629", "content": "环p家不得来一堆人"}, {"uid": "20210269", "content": "经典素材。"}, {"uid": "67655543", "content": "草"}, {"uid": "434431", "content": "经典片头"}, {"uid": "25344895", "content": "草"}, {"uid": "17461471", "content": "草"}, {"uid": "74543", "content": "怪"}, {"uid": "36769691", "content": "草"}, {"uid": "207458634", "content": "草"}, {"uid": "544972", "content": "好耶"}, {"uid": "1404857", "content": "草"}]