[{"uid": "20619959", "content": "谢谢打钱太标准了草"}, {"uid": "457349714", "content": "爷忘了就挺离谱的"}, {"uid": "674315", "content": "我可以是馄饨人"}, {"uid": "14455635", "content": "馄饨人hhh"}, {"uid": "13990000", "content": "哈哈哈哈哈哈哈哈哈哈哈哈哈"}, {"uid": "332215", "content": "阿热"}, {"uid": "2427912", "content": "money money money~."}, {"uid": "20006195", "content": "阿巴顿是阿宅（绝望）"}, {"uid": "24637666", "content": "有屑女人那味了"}, {"uid": "2323793", "content": "你再骂（恳求"}, {"uid": "46252062", "content": "清楚人:打钱是吧，我懂的"}, {"uid": "32021142", "content": "清楚人"}, {"uid": "33135102", "content": "难道你的良心不会流草莓牛奶吗（"}, {"uid": "5529326", "content": "字腔正圆"}, {"uid": "5529326", "content": "你很可爱，请让我给你钱"}, {"uid": "4250284", "content": "AWSL"}, {"uid": "401099828", "content": "DNA重组"}, {"uid": "401099828", "content": "我DNA动了，我不看了"}, {"uid": "401099828", "content": "字正腔圆"}, {"uid": "253419", "content": "眼睛眨眨好可爱"}, {"uid": "3970880", "content": "可爱与混沌不冲突，混沌且可爱"}, {"uid": "3970880", "content": "良心在滴血"}, {"uid": "3970880", "content": "nononono，是混沌人"}, {"uid": "17480001", "content": "我很可爱请亏我钱"}, {"uid": "28576412", "content": "（良心）"}, {"uid": "37909588", "content": "在打钱了在打钱了("}, {"uid": "37909588", "content": "她wsm这么明白"}, {"uid": "34005584", "content": "我很可爱，谢谢打钱（DNA重组了）"}, {"uid": "34005584", "content": "我很可爱，请给我钱（bushi）"}, {"uid": "253419", "content": "草"}, {"uid": "7371089", "content": "我很快？"}, {"uid": "20022534", "content": "DNA修复"}, {"uid": "1751167", "content": "混沌人"}, {"uid": "35026748", "content": "空优（幻听"}, {"uid": "415287136", "content": "我很可爱 请亏我钱"}, {"uid": "217797936", "content": "你是混沌猫，是清楚人的死敌（"}, {"uid": "4661588", "content": "你好，混沌人"}, {"uid": "9047004", "content": "馄饨人"}, {"uid": "253419", "content": "危 清楚人 危"}, {"uid": "241635", "content": "清楚人不会自己说自己清楚"}, {"uid": "398545659", "content": "此乃谎言！"}, {"uid": "207613158", "content": "w"}, {"uid": "398545659", "content": "不要什么女仆都往DNA里刻啊"}, {"uid": "38274277", "content": "妹啊，你前半句也忘了？"}, {"uid": "38274277", "content": "草，直接歪"}, {"uid": "71993", "content": "谢谢你，泰罗"}, {"uid": "71993", "content": "倒 打 一 耙"}, {"uid": "11960415", "content": "当你说出这句话的时候，你已经和清楚无缘了啊"}, {"uid": "30211336", "content": "良心大大的 不会痛 ●‿●"}, {"uid": "101193063", "content": "逐渐离谱"}, {"uid": "5087", "content": "一时间不知道是在乳混沌还是在乳宅"}, {"uid": "196851", "content": "帝皇震怒"}, {"uid": "14817", "content": "哈哈哈哈哈哈哈哈"}, {"uid": "22421009", "content": "可爱是硬通货～"}, {"uid": "202303979", "content": "我很可爱 请亏我钱"}, {"uid": "33135102", "content": "这么清楚的话就唱个攻击战吧（无端"}, {"uid": "4494836", "content": "尤里X"}, {"uid": "272458461", "content": "你不跟给你花园猫是同类猫吗？"}, {"uid": "2955391", "content": "转 基 因"}, {"uid": "91300048", "content": "来自二姐的封印"}, {"uid": "4148560", "content": "我想起了kimo人"}, {"uid": "10319", "content": "前世的记忆"}, {"uid": "8332046", "content": "这么丝滑的吗"}, {"uid": "71993", "content": "没有人比我更懂清楚。——白雪aria"}, {"uid": "611080", "content": "被封印的记忆！！！"}, {"uid": "415382982", "content": "哈哈哈哈"}, {"uid": "101193063", "content": "哈哈哈哈哈哈"}, {"uid": "846359", "content": "换蛋人"}, {"uid": "733086", "content": "草 真是哪里都能看到混沌佬"}, {"uid": "4228391", "content": "哈哈哈哈"}, {"uid": "20006195", "content": "实际谎言!"}, {"uid": "13575409", "content": "混沌的清楚"}, {"uid": "128760397", "content": "我很可爱，请给我钱"}, {"uid": "35299806", "content": "好可爱啊"}, {"uid": "26939536", "content": "魂淡人"}, {"uid": "13394574", "content": "骂骂我！！"}, {"uid": "523440453", "content": "我才不是分蛋人"}, {"uid": "10918145", "content": "尤里X"}, {"uid": "27112187", "content": "我dna动了"}, {"uid": "10876201", "content": "阿巴顿"}, {"uid": "7072493", "content": "《清楚》"}, {"uid": "3916674", "content": "分蛋人草"}, {"uid": "10319", "content": "読み替える記憶"}, {"uid": "253419", "content": "DNA随意剪接"}, {"uid": "253419", "content": "DNA自我修复"}, {"uid": "253419", "content": "混蛋人"}, {"uid": "453839177", "content": "都让你懂完了"}, {"uid": "253419", "content": "清楚人狂喜"}, {"uid": "31245416", "content": "照 桥 心 美"}, {"uid": "415382982", "content": "《清楚》"}, {"uid": "66795888", "content": "DNA动了"}, {"uid": "11391557", "content": "都是2姐的锅，还是俩2姐"}, {"uid": "19992814", "content": "混蛋人"}, {"uid": "421935312", "content": "我很可爱，清亏我全"}, {"uid": "4538756", "content": "我dna动了"}, {"uid": "35805329", "content": "前世记忆觉醒"}, {"uid": "212573876", "content": "草"}, {"uid": "8357250", "content": "有钱一起赚？"}, {"uid": "26609803", "content": "混沌可爱"}, {"uid": "42260922", "content": "混沌人"}, {"uid": "86954029", "content": "你再骂"}, {"uid": "4250284", "content": "草"}, {"uid": "1451236", "content": "光可爱不要钱，很好"}, {"uid": "401099828", "content": "你清楚个张京华"}, {"uid": "3970880", "content": "良心在滴血"}, {"uid": "2203831", "content": "草"}, {"uid": "10755817", "content": "在现场"}, {"uid": "3725651", "content": "空优人（"}, {"uid": "174195139", "content": "你再骂！"}, {"uid": "415287136", "content": "我很可爱 谢谢打钱"}, {"uid": "128108", "content": "达不溜"}, {"uid": "3916674", "content": "照桥心美草"}, {"uid": "475596", "content": "清楚（大雾）"}, {"uid": "8360100", "content": "请亏我钱"}, {"uid": "16681197", "content": "？"}, {"uid": "87629078", "content": "谢谢你，清楚人"}, {"uid": "2163611", "content": "名字的话那确实"}, {"uid": "98488", "content": "醒醒（"}, {"uid": "28192091", "content": "我很可爱请给我钱"}, {"uid": "27073454", "content": "草"}, {"uid": "2323793", "content": "草"}, {"uid": "46252062", "content": "你很可爱！"}, {"uid": "20578322", "content": "？"}, {"uid": "74150713", "content": "hana的头像，是个dd"}, {"uid": "6486338", "content": "魂淡人"}, {"uid": "695183725", "content": "什么v有什么粉"}, {"uid": "524428254", "content": "你再骂"}, {"uid": "21098678", "content": "真的吗，我不信"}, {"uid": "34779076", "content": "DNA重铸了"}, {"uid": "389131049", "content": "？？？？"}, {"uid": "523440453", "content": "混沌人"}, {"uid": "523440453", "content": "《清楚》"}, {"uid": "433734175", "content": "请亏我钱"}, {"uid": "12203000", "content": "我很可爱，请亏我全"}, {"uid": "17480001", "content": "草"}, {"uid": "7991044", "content": "你再骂"}, {"uid": "9047004", "content": "草"}, {"uid": "64869715", "content": "什么基因工程"}, {"uid": "24075431", "content": "震怒"}, {"uid": "2881638", "content": "别闹了"}, {"uid": "253419", "content": "眼睛眨啊眨"}, {"uid": "11655517", "content": "草"}, {"uid": "19732703", "content": "混蛋人"}, {"uid": "111984910", "content": "A不出来"}, {"uid": "61005915", "content": "照桥心美草"}, {"uid": "3005920", "content": "收益化粉碎踢"}, {"uid": "20293616", "content": "呐"}, {"uid": "429887060", "content": "可愛じゃねい"}, {"uid": "27943526", "content": "丘丘人"}, {"uid": "82373094", "content": "草"}, {"uid": "523440453", "content": "草"}, {"uid": "523440453", "content": "你再骂"}, {"uid": "95477596", "content": "这发音确定不是故意的？"}, {"uid": "294751312", "content": "清亏我全"}, {"uid": "141422", "content": "要来了"}, {"uid": "9535416", "content": "你再骂？"}, {"uid": "19195611", "content": "混蛋人"}, {"uid": "253419", "content": "wow"}, {"uid": "253419", "content": "请给我拳"}, {"uid": "207613158", "content": "草"}, {"uid": "13541524", "content": "亲亏我全"}, {"uid": "11568111", "content": "清楚清楚"}, {"uid": "23370153", "content": "草ww"}, {"uid": "2713847", "content": "噔噔咚"}, {"uid": "354112", "content": "草"}, {"uid": "354112", "content": "？"}, {"uid": "29983", "content": "名前だけは清楚"}, {"uid": "409803025", "content": "草"}, {"uid": "678488339", "content": "钱钱"}, {"uid": "626973414", "content": "草"}, {"uid": "339023852", "content": "丘丘人？"}, {"uid": "28704270", "content": "混蛋"}, {"uid": "429887060", "content": "你再骂"}, {"uid": "17496146", "content": "丘丘人"}, {"uid": "2163611", "content": "转基因www"}, {"uid": "4250284", "content": "wwwwwwwww"}, {"uid": "523440453", "content": "草"}, {"uid": "4494836", "content": "草 "}, {"uid": "3970880", "content": "哈哈哈哈，的确是这样，不说话的时候还是很清楚的"}, {"uid": "17480001", "content": "清楚清楚"}, {"uid": "4863459", "content": "丘丘人"}, {"uid": "2151327", "content": "混蛋人"}, {"uid": "33911402", "content": "?清楚发言()"}, {"uid": "91287916", "content": "草wwww"}, {"uid": "2203831", "content": "下半句呢"}, {"uid": "2203831", "content": "我是混蛋人！"}, {"uid": "3254961", "content": "草"}, {"uid": "253419", "content": "w"}, {"uid": "4661588", "content": "草"}, {"uid": "241635", "content": "混沌人能不能唱首攻击战啊？"}, {"uid": "5548883", "content": "请亏我全"}, {"uid": "253419", "content": "要不出来"}, {"uid": "99719791", "content": "大嘘"}, {"uid": "786526", "content": "有片头了"}, {"uid": "1187619192", "content": "向可愛2k7孩子上貢的時代www"}, {"uid": "6486338", "content": "不给你钱"}, {"uid": "23362230", "content": "草"}, {"uid": "4211233", "content": "草"}, {"uid": "188646068", "content": "密码正确，账号错误"}, {"uid": "15205502", "content": "草"}, {"uid": "396846611", "content": "早露?"}, {"uid": "523440453", "content": "混蛋人"}, {"uid": "4494836", "content": "草"}, {"uid": "4494836", "content": "草"}, {"uid": "2203831", "content": "草"}, {"uid": "21515866", "content": "请给我拳"}, {"uid": "15641003", "content": "dna动了"}, {"uid": "14493102", "content": "我分了。你们呢"}, {"uid": "212014886", "content": "现在是"}, {"uid": "22111917", "content": "尤 里 X"}, {"uid": "4197830", "content": "草"}, {"uid": "17436256", "content": "片头好耶"}, {"uid": "26748349", "content": "绯赤艾丽欧的名字也很清楚，可是光名字清楚有个毛用"}, {"uid": "313566859", "content": "草"}, {"uid": "678488339", "content": "我很可爱请给我钱"}, {"uid": "202303979", "content": "草"}, {"uid": "20578322", "content": "草"}, {"uid": "81180332", "content": "你再骂"}, {"uid": "10650378", "content": "草"}, {"uid": "2874576", "content": "清楚？"}, {"uid": "13013407", "content": "尤里x笑死我了"}, {"uid": "677116468", "content": "草"}, {"uid": "523440453", "content": "草"}, {"uid": "670072674", "content": "你再骂？"}, {"uid": "17480001", "content": "草"}, {"uid": "580506799", "content": "草"}, {"uid": "22858725", "content": "草"}, {"uid": "20022534", "content": "草"}, {"uid": "23928217", "content": "啊这"}, {"uid": "174195139", "content": "丘丘人？"}, {"uid": "253419", "content": "草"}, {"uid": "38274277", "content": "草"}, {"uid": "16586347", "content": "？？？？"}, {"uid": "415382982", "content": "草"}, {"uid": "32818399", "content": "草"}, {"uid": "30211336", "content": "草"}, {"uid": "4538756", "content": "？"}, {"uid": "108551", "content": "你的这话让我觉得有一股超级清楚的阿夸的妹妹天天的味道~"}, {"uid": "22459086", "content": "丘丘人"}, {"uid": "86954029", "content": "草"}, {"uid": "677116468", "content": "草"}, {"uid": "677116468", "content": "草"}, {"uid": "7577621", "content": "粉丝们表示无辜"}, {"uid": "18744510", "content": "后面爷忘了"}, {"uid": "4297382", "content": "新op！"}, {"uid": "24445785", "content": "八————嘎————人—————"}]