[{"uid": "13366559", "content": "最高司令官同志永远健康！"}, {"uid": "3657234", "content": "帕里妈妈 又生女儿了"}, {"uid": "3366602", "content": "刻在dna里的声音"}, {"uid": "64031293", "content": "新少主！P家的少主！"}, {"uid": "273252538", "content": "白发猫耳特攻角色吗"}, {"uid": "900047", "content": "帕里用力快用力已经看到头了"}, {"uid": "126783684", "content": "这声音，是你回来了"}, {"uid": "2776570", "content": "猫猫来这里！！！！"}, {"uid": "18139194", "content": "一开口就知道又一个单推了"}, {"uid": "54090493", "content": "好可爱的耳朵！"}, {"uid": "16681197", "content": "开了变声器的拜登"}, {"uid": "326981983", "content": "不带音调的标准工地中文OvO"}, {"uid": "3844363", "content": "猫猫同款耳朵"}, {"uid": "6361313", "content": "工地中文，爱了爱了"}, {"uid": "10042939", "content": "工地中文，i了i了"}, {"uid": "807315", "content": "这goushi兔子是真的能生，已经D不过来啦！"}, {"uid": "1595754", "content": "这工地中文哈哈哈哈"}, {"uid": "21143310", "content": "字正腔圆"}, {"uid": "432055588", "content": "用力啊帕里!头出来了"}, {"uid": "29643", "content": "初见 可爱 单推 结婚"}, {"uid": "264073", "content": "草，还蛮标准的么"}, {"uid": "397698233", "content": "帕里加油啊！头出来了！用力啊！"}, {"uid": "160196", "content": "卧槽？？？感谢帕里！！！"}, {"uid": "10518197", "content": "头出来了 帕里再用力点"}, {"uid": "109338699", "content": "似曾相识"}, {"uid": "371857", "content": "快进到和沙包一起唱攻击战"}, {"uid": "126783684", "content": "是你回来了，太好了"}, {"uid": "17383985", "content": "加油帕里，已经出来一个头了"}, {"uid": "8091061", "content": "帕里加油，头出来了"}, {"uid": "8250814", "content": "草。这声音怎么这么像啊"}, {"uid": "39489593", "content": "喵好可爱"}, {"uid": "23001624", "content": "熟悉的耳朵"}, {"uid": "23562069", "content": "白毛，特攻了"}, {"uid": "22363074", "content": "我已经是老粉了"}, {"uid": "230903266", "content": "我赌她一定是钢板"}, {"uid": "23561820", "content": "帕里加油，头出来了"}, {"uid": "1522079", "content": "说的好标准！"}, {"uid": "35299806", "content": "可爱！！！！！！！！！！！！"}, {"uid": "826432", "content": "啾啾猫猫"}, {"uid": "2276520", "content": "绝了 是羊小姐"}, {"uid": "690823746", "content": "可爱，关注了"}, {"uid": "331539648", "content": "白毛，对对对"}, {"uid": "9647818", "content": "猫猫来这里！！"}, {"uid": "2969964", "content": "猫猫来这里！"}, {"uid": "17758362", "content": "又是白毛太棒了"}, {"uid": "520260517", "content": "帕里加油啊，头出来了"}, {"uid": "353269079", "content": "好标准！"}, {"uid": "23588755", "content": "啊这(狗头"}, {"uid": "125660", "content": "听起来好清楚啊"}, {"uid": "25723599", "content": "经典土豆地雷"}, {"uid": "364611207", "content": "还以为说好人"}, {"uid": "50492925", "content": "真的挺标准"}, {"uid": "2203831", "content": "迷之中文"}, {"uid": "174075133", "content": "帕里加油快生了！！"}, {"uid": "802119", "content": "中文十级"}, {"uid": "225902859", "content": "初见，可爱，结婚！"}, {"uid": "13945059", "content": "可恶，明明已经忘了那个杏人"}, {"uid": "74928521", "content": "好想看见打架"}, {"uid": "307874337", "content": "用力啊帕里"}, {"uid": "8678061", "content": "ohhhhhhhhhhhhhhh"}, {"uid": "6054140", "content": "初见，单推！"}, {"uid": "2763024", "content": "ohhhhhhhhhhhhhhhhhhhhh"}, {"uid": "146766796", "content": "帕里加油生,我全D"}, {"uid": "12883042", "content": "新女儿？！"}, {"uid": "1476130", "content": "老婆快开门！"}, {"uid": "1426588", "content": "王国民流泪"}, {"uid": "415382982", "content": "帕里好人"}, {"uid": "471978", "content": "散装"}, {"uid": "4213301", "content": "耳朵！！！"}, {"uid": "16164798", "content": "帕里，我的岳父"}, {"uid": "110390", "content": "你还没出生我就单推了"}, {"uid": "23001624", "content": "快开门，快开门"}, {"uid": "326158612", "content": "单推了"}, {"uid": "23561820", "content": "来了来了"}, {"uid": "16881547", "content": "我也想"}, {"uid": "1692523", "content": "白毛特攻"}, {"uid": "13213559", "content": "你好强大"}, {"uid": "76996595", "content": "喵！"}, {"uid": "76996595", "content": "喵！"}, {"uid": "6004408", "content": "单推了"}, {"uid": "128541", "content": "又生了"}, {"uid": "450683256", "content": "赞美太阳"}, {"uid": "3603486", "content": "ohhhhhhhhhhhhhhhh"}, {"uid": "2682182", "content": "王国民泪目"}, {"uid": "8589126", "content": "帕里超人"}, {"uid": "8589126", "content": "ohhhhh"}, {"uid": "115439", "content": "猫耳帕里"}, {"uid": "1730667", "content": "是猫猫！"}, {"uid": "230903266", "content": "帕里我的超人"}, {"uid": "279795041", "content": "帕里，我的超人"}, {"uid": "490265", "content": "白毛！"}, {"uid": "677116468", "content": "可爱"}, {"uid": "1779969", "content": "哇哦哦"}, {"uid": "523440453", "content": "单推了​"}, {"uid": "523440453", "content": "单推了​"}, {"uid": "696295302", "content": "赞美太阳"}, {"uid": "33935601", "content": "单推了"}, {"uid": "238299312", "content": "kawaii！！！！"}, {"uid": "201300", "content": "赞美太阳"}, {"uid": "41790386", "content": "单推了"}, {"uid": "400515567", "content": "可爱"}, {"uid": "223494", "content": "喵"}, {"uid": "13394574", "content": "标准哦"}, {"uid": "112717", "content": "好."}, {"uid": "11691053", "content": "可爱"}, {"uid": "11691053", "content": "可可爱爱"}, {"uid": "4633647", "content": "新老婆"}, {"uid": "5365941", "content": "草？"}, {"uid": "457277894", "content": "？厉害了"}, {"uid": "171204", "content": "单推了"}, {"uid": "6098626", "content": "帕里给了啊"}, {"uid": "2957060", "content": "喵！"}, {"uid": "523440453", "content": "草"}, {"uid": "74173597", "content": "草"}, {"uid": "212101", "content": "喵？"}, {"uid": "185488592", "content": "好家伙"}, {"uid": "307315372", "content": "我不行了"}, {"uid": "31546332", "content": "清楚"}, {"uid": "307315372", "content": "喵"}, {"uid": "112717", "content": "白猫？"}]