[{"uid": "6906877", "content": "腌入味了属于是"}, {"uid": "412915139", "content": "p家好多女校的，？帕里怕不是也是女校的（"}, {"uid": "36495428", "content": "大姐看这个已经崩溃了"}, {"uid": "14362084", "content": "你们上的是同一个女校？"}, {"uid": "8926346", "content": "你们全员女校吗（aira，0,30，mana）"}, {"uid": "282103", "content": "我已经看到多个v看了这个震撼人心的切片了"}, {"uid": "34670630", "content": "涮涮口倒是能接受。。"}, {"uid": "351075761", "content": "三年？"}, {"uid": "37913832", "content": "不能刷的太频繁，牙齿会损伤的"}, {"uid": "4988004", "content": "臭臭0宝"}, {"uid": "1300676", "content": "0宝上厕所还不洗手"}, {"uid": "20619959", "content": "早晚两次就行了吧…"}, {"uid": "192578", "content": "帕里可能上的也是女校"}, {"uid": "42269715", "content": "草，健康作息"}, {"uid": "11279100", "content": "准备拿舌头去舔.jpg"}, {"uid": "1808632", "content": "肺部感染真菌"}, {"uid": "16633967", "content": "萌牙家警告（"}, {"uid": "694492738", "content": "16岁，是白猫"}, {"uid": "23290620", "content": "鞋子拒绝袜子，这翻译机神断句"}, {"uid": "306977659", "content": "《经典永流传》"}, {"uid": "7577621", "content": "草，开幕雷击黑历史"}, {"uid": "1739853", "content": "0的家境和你能比么wwww"}, {"uid": "16287499", "content": "出大问题了呀"}, {"uid": "9028227", "content": "P家所有人知道臭臭0宝了，连非P家都知道了草"}, {"uid": "9028227", "content": "哈哈哈哈"}, {"uid": "37152145", "content": "那医用牙签+一粒口香糖就可以了"}, {"uid": "81607", "content": "因为是富婆白猫"}, {"uid": "3207714", "content": "吃晚饭不要立刻刷牙会有损害的"}, {"uid": "22911008", "content": "臭名远扬 2333"}, {"uid": "11758259", "content": "重铸女校荣光，吾辈义不容辞"}, {"uid": "346007544", "content": "小孩子0宝"}, {"uid": "1579187", "content": "aria的口腔知识还挺到位"}, {"uid": "401858702", "content": "该来的还是来了"}, {"uid": "15240753", "content": "白猫：^^"}, {"uid": "1255939087", "content": "早晚刷两次就已经很干净了 次数太多的话容易伤到牙龈"}, {"uid": "17496146", "content": "可以点燃的那种吗？"}, {"uid": "37913832", "content": "恶臭学校"}, {"uid": "683473", "content": "aria不忍直视"}, {"uid": "7269129", "content": "臭臭铃宝"}, {"uid": "9190626", "content": "草 哈哈哈哈哈"}, {"uid": "463955", "content": "校友录招人"}, {"uid": "37152145", "content": "啊这，两次足矣"}, {"uid": "3326169", "content": "？"}, {"uid": "374547", "content": "俺也一样.jpg"}, {"uid": "10910103", "content": "调高音量，细嗦"}, {"uid": "282103", "content": "重铸女校荣光 aria义不容辞！"}, {"uid": "6486338", "content": "0宝名声败坏了"}, {"uid": "37913832", "content": "你是鲨鱼吗"}, {"uid": "37913832", "content": "三次有点多了吧，牙齿容易刷坏"}, {"uid": "1953995", "content": "默默调大音量"}, {"uid": "5773287", "content": "人均女校"}, {"uid": "694492738", "content": "夺笋呐"}, {"uid": "87896682", "content": "被发现了"}, {"uid": "10778462", "content": "0宝臭名远扬"}, {"uid": "2846225", "content": "开幕雷击"}, {"uid": "11758259", "content": "草"}, {"uid": "24858940", "content": "这是刷得牙缝都大了"}, {"uid": "346007544", "content": "0宝究极风评被害"}, {"uid": "62028", "content": "劲大！"}, {"uid": "1579187", "content": "不止要刷牙还要用牙线"}, {"uid": "49776249", "content": "香香艾莉娅"}, {"uid": "3914948", "content": "啊，你背后还长翅膀的时候说过了"}, {"uid": "694492738", "content": "没事，我每次如厕完也换一次内裤"}, {"uid": "129001766", "content": "哈哈哈哈哈哈哈哈"}, {"uid": "37152145", "content": "睡前一杯奶"}, {"uid": "176811188", "content": "皮鞋yang草"}, {"uid": "32974431", "content": "臭臭0宝"}, {"uid": "2959340", "content": "真的健康"}, {"uid": "1592759", "content": "日本这么多女校吗，那其他学校女生比例多低啊"}, {"uid": "255783601", "content": "哈哈哈哈哈哈哈哈哈哈哈"}, {"uid": "12784318", "content": "草"}, {"uid": "11640761", "content": "帕里蹲在女校门口招人的场景想象出来了"}, {"uid": "17461471", "content": "开幕雷击"}, {"uid": "11869933", "content": "草"}, {"uid": "110390", "content": "香香DEBUBU"}, {"uid": "307214", "content": "劲大，我喜欢"}, {"uid": "143371", "content": "平民铃宝 贵族艾莉娅"}, {"uid": "30929286", "content": "香香aria"}, {"uid": "51427", "content": "因为牙膏不好吃"}, {"uid": "80967503", "content": "劲大"}, {"uid": "116791", "content": "香香aria"}, {"uid": "749746", "content": "我也一样，不过是午觉前一定得刷牙"}, {"uid": "13275281", "content": "哈哈哈哈哈"}, {"uid": "212101", "content": "草"}, {"uid": "1552496", "content": "草"}, {"uid": "4408249", "content": "roll了吧"}, {"uid": "8116446", "content": "刷太多对牙齿和牙龈不好"}, {"uid": "87896682", "content": "臭臭0宝"}, {"uid": "8673972", "content": "人均女高 草"}, {"uid": "3326169", "content": "草"}, {"uid": "128765", "content": "你P怎么全是女校。。"}, {"uid": "491117", "content": "臭臭〇宝"}, {"uid": "26036404", "content": "俺也一样（并感）"}, {"uid": "26673", "content": "牙线弄干净"}, {"uid": "408645838", "content": "0宝不喜欢把进嘴里的东西吐出去"}, {"uid": "24858940", "content": "现在的人一天刷三次牙吗,我感觉我落后了"}, {"uid": "33935601", "content": "香香aria"}, {"uid": "2854211", "content": "雪国女校还是稳"}, {"uid": "384796790", "content": "草"}, {"uid": "9028227", "content": "刷太多是不是也不太好啊。。。"}, {"uid": "11778532", "content": "你们上的事同一所学校？"}, {"uid": "3711385", "content": "谁告诉你中国没女校的，少是少不是没有好吧"}, {"uid": "282103", "content": "草"}, {"uid": "397698233", "content": "114"}, {"uid": "8243531", "content": "? "}, {"uid": "82024", "content": "这么说古守也是=- =-"}, {"uid": "497893", "content": "？"}, {"uid": "2466863", "content": "这也太多了！"}, {"uid": "9659884", "content": "要不抽奖送了吧"}, {"uid": "22911008", "content": "这倒不至于 不过吃完东西漱漱口倒是必须的"}, {"uid": "131478", "content": "等臭臭古宝切片"}, {"uid": "17703518", "content": "草"}, {"uid": "5661239", "content": "艾莉娅臭臭"}, {"uid": "374547", "content": "精致白猫"}, {"uid": "800144", "content": "嘶"}, {"uid": "212101", "content": "臭臭0宝"}, {"uid": "128541", "content": "0宝都快臭破圈了"}, {"uid": "37152145", "content": "sc草"}, {"uid": "81607", "content": "臭臭0宝"}, {"uid": "360997", "content": "辣眼睛"}, {"uid": "328964917", "content": "臭名远扬"}, {"uid": "3109422", "content": "臭臭拉拉"}, {"uid": "4197830", "content": "？"}, {"uid": "430100906", "content": "草"}, {"uid": "3204753", "content": "給我"}, {"uid": "5661239", "content": "臭臭艾丽娅"}, {"uid": "64869715", "content": "？"}, {"uid": "10581", "content": "中国有女校啊（大学）"}, {"uid": "387239877", "content": "h"}, {"uid": "8243531", "content": "? "}, {"uid": "1300878", "content": "欺负中国没女校是吧"}, {"uid": "15434900", "content": "草，买过一双不行？非要穿这么久？"}, {"uid": "87896682", "content": "巧合"}, {"uid": "33911402", "content": "？？"}, {"uid": "544299387", "content": "！！！！"}, {"uid": "329085", "content": "和臭女人的不解之缘？"}, {"uid": "29644843", "content": "wwwww"}, {"uid": "36028321", "content": "草"}, {"uid": "143371", "content": "草"}, {"uid": "351636", "content": "你牙缝太大了吧"}, {"uid": "544972", "content": "草"}, {"uid": "29014158", "content": "？"}, {"uid": "380276", "content": "臭    名      远        扬"}]