[{"uid": "259169", "content": "即答"}, {"uid": "222381766", "content": "笑死，根本藏不住"}, {"uid": "76751425", "content": "大姐在后面一脸淡然的睡觉2333"}, {"uid": "4007", "content": "这不是更色了????"}, {"uid": "13100453", "content": "等会来个aria装甲"}, {"uid": "36028321", "content": "屑啊"}, {"uid": "934786", "content": "所言极是"}, {"uid": "3168569", "content": "对不起下次还敢"}, {"uid": "3168569", "content": "对不起 下次还敢"}, {"uid": "44004423", "content": "我擦嘞"}, {"uid": "589985520", "content": "你再说？！"}, {"uid": "14362084", "content": "我即使是死了,钉在在棺材里了,也要在墓里,用这腐朽的声带喊出（）"}, {"uid": "8121571", "content": "夏小姐震怒 提刀在路上了"}, {"uid": "25520962", "content": "?????"}, {"uid": "6486338", "content": "草"}, {"uid": "656894", "content": "这是谁教的"}, {"uid": "1255939087", "content": "前方高能吟唱"}, {"uid": "1255939087", "content": "DD：低头能看到脚吗 夏小姐：低头除了脚还能看到其他东西吗（doge）"}, {"uid": "20619959", "content": "我菜"}, {"uid": "30212587", "content": "封面迫害夏小姐"}, {"uid": "875065", "content": "字正腔圆"}, {"uid": "72948266", "content": "这跟没遮住有什么区别啊kora！"}, {"uid": "6906877", "content": "kimo宅☞"}, {"uid": "291862", "content": "早已用墓碑建好了防御工事的屑在让夏小姐打她"}, {"uid": "153338083", "content": "太顶了"}, {"uid": "1433095", "content": "草"}, {"uid": "5056662", "content": "反复鞭尸"}, {"uid": "13251044", "content": "气氛一度十分沉重"}, {"uid": "14493102", "content": "吕布这个vf下的有点早啊"}, {"uid": "2629851", "content": "夺笋呐"}, {"uid": "10581", "content": "胸口碎大石"}, {"uid": "2907196", "content": "草"}, {"uid": "2907196", "content": "好活儿啊23333"}, {"uid": "10308696", "content": "你也能用派派碎西瓜？"}, {"uid": "10944776", "content": "草哈哈哈哈哈"}, {"uid": "12891523", "content": "草"}, {"uid": "380276", "content": "你明明在笑 一直没停下来"}, {"uid": "253419", "content": "杀人，还要诛心？！"}, {"uid": "10233411", "content": "遮住了，但是没有完全遮住"}, {"uid": "4211233", "content": "草"}, {"uid": "323953409", "content": "谁教的啊！"}, {"uid": "28704270", "content": "夏——小——姐——"}, {"uid": "432135", "content": "夺笋啊！！！"}, {"uid": "736530", "content": "下次还敢"}, {"uid": "23153039", "content": "你甚至乳她料理"}, {"uid": "29454431", "content": "现学现用"}, {"uid": "36769691", "content": "草"}, {"uid": "36769691", "content": "草"}, {"uid": "468373", "content": "看比赛 看比赛"}, {"uid": "189865", "content": "您也太会了吧"}, {"uid": "16919703", "content": "卧槽"}, {"uid": "10338320", "content": "破防了"}, {"uid": "22421009", "content": "是你自己就很喜欢吧，这可不算惩罚啊kora！"}, {"uid": "19824793", "content": "草"}, {"uid": "101949", "content": "我菜"}, {"uid": "3916674", "content": "噔 噔 咚"}, {"uid": "7029067", "content": "早 有 预 谋"}, {"uid": "10042939", "content": "这个“卧槽”没以前标准了"}, {"uid": "194175206", "content": "caowww"}, {"uid": "702523", "content": "你明明一直在笑，你都没停过"}, {"uid": "194175206", "content": "已经变成只会道歉的站桩机了（"}, {"uid": "14143547", "content": "谁教的啊草"}, {"uid": "1522907", "content": "这谁教的"}, {"uid": "12082320", "content": "蝙蝠特有超声波"}, {"uid": "26036404", "content": "七  上  八  下"}, {"uid": "26036404", "content": "六  六  大  顺"}, {"uid": "26036404", "content": "反复鞭尸"}, {"uid": "26036404", "content": "五  连  绝  世"}, {"uid": "26036404", "content": "四  世  同  堂"}, {"uid": "26036404", "content": "三  花  聚  顶"}, {"uid": "26036404", "content": "梅  开  二  度"}, {"uid": "21550586", "content": "谁教的！这tm谁教的！本来就混沌，这下更混沌了"}, {"uid": "2207090", "content": "再度迫害"}, {"uid": "401099828", "content": "草"}, {"uid": "131652679", "content": "对不起，下次还敢"}, {"uid": "131652679", "content": "草"}, {"uid": "57797611", "content": "噔 噔 咚"}, {"uid": "2616636", "content": "要道歉的话，要吃下一整个夏小姐特制饺子哦"}, {"uid": "21550586", "content": "你！对nano做了什么，心里没点数？"}, {"uid": "2616636", "content": "yamero，夏小姐快被击沉了"}, {"uid": "14007884", "content": "梦幻联动"}, {"uid": "7991044", "content": "字正腔圆"}, {"uid": "7991044", "content": "我菜"}, {"uid": "11773507", "content": "南半球hso"}, {"uid": "37498399", "content": "毫 不 犹 豫"}, {"uid": "5284973", "content": "草"}, {"uid": "87640183", "content": "感觉Aria的中文挺标准的"}, {"uid": "13045152", "content": "夏小姐表示很淦233333"}, {"uid": "110390", "content": "2333"}, {"uid": "34764184", "content": "我们受过专业训练（"}, {"uid": "2629851", "content": "你 菜"}, {"uid": "1739853", "content": "这句出生前就学会了"}, {"uid": "147058372", "content": "笑容逐渐放肆"}, {"uid": "4912018", "content": "草www"}, {"uid": "82659133", "content": "草，绝了"}, {"uid": "110390", "content": "下次还敢"}, {"uid": "173983308", "content": "再放一遍"}, {"uid": "82659133", "content": "反复处刑"}, {"uid": "1739853", "content": "你和天天打一架吧"}, {"uid": "475596", "content": "草，古守机场是我发的sc"}, {"uid": "3078826", "content": "把奶油挤在上面然后吃奶油"}, {"uid": "3078826", "content": "还挺准的读的"}, {"uid": "128541", "content": "草"}, {"uid": "93811978", "content": "反 复 鞭 尸"}, {"uid": "15154", "content": "你明明在笑 你都没停过"}, {"uid": "33026756", "content": "what’s up"}, {"uid": "21180775", "content": "我菜"}, {"uid": "21582460", "content": "笑容逐渐放肆"}, {"uid": "253419", "content": "发自内心的嘲笑（"}, {"uid": "19174622", "content": "特写草"}, {"uid": "92094772", "content": "这才是你真心话吧‘"}, {"uid": "253419", "content": "破防了"}, {"uid": "41982192", "content": "这都谁教的啊www"}, {"uid": "253419", "content": "我 菜"}, {"uid": "253419", "content": "w w w"}, {"uid": "30929286", "content": "你是故意的吧"}, {"uid": "41982192", "content": "草"}, {"uid": "253419", "content": "噔 噔 咚 ！"}, {"uid": "36283238", "content": "梅开二度"}, {"uid": "145507", "content": "学的真好"}, {"uid": "253419", "content": "前方高能预警"}, {"uid": "253419", "content": "是谁啊，我也在找原因呢"}, {"uid": "27457325", "content": "好耶"}, {"uid": "31298127", "content": "毛遂自荐"}, {"uid": "13100453", "content": "草，论anti还是您在行啊aria"}, {"uid": "3532446", "content": "图 穷 匕 见"}, {"uid": "122103", "content": "蓄谋已久"}, {"uid": "30009618", "content": "草真正的anti"}, {"uid": "12987035", "content": "无情的肯定机器"}, {"uid": "656894", "content": "哈哈哈哈守子哥黑历史"}, {"uid": "1255939087", "content": "表面谢罪 实则鞭尸"}, {"uid": "1255939087", "content": "蓄力中"}, {"uid": "1255939087", "content": "说出了内心的真实想法"}, {"uid": "153338083", "content": "噔噔咚"}, {"uid": "2843294", "content": "杀人还要诛心"}, {"uid": "544972", "content": "草"}, {"uid": "4211233", "content": "南半球"}, {"uid": "3916674", "content": "毛遂自荐草"}, {"uid": "194175206", "content": "？？？嘴下留情，直播间危"}, {"uid": "194175206", "content": "anti头子发言www"}, {"uid": "194175206", "content": "？？自摸人"}, {"uid": "42269715", "content": "夺笋"}, {"uid": "488371", "content": "不愧是你"}, {"uid": "14135915", "content": "封面就很草"}, {"uid": "26036404", "content": "真有你的吼"}, {"uid": "26036404", "content": "你一直在笑，都没有停过！（震怒）"}, {"uid": "131652679", "content": "一时不知道该酸谁"}, {"uid": "2207090", "content": "好家伙，真有你的"}, {"uid": "131652679", "content": "夏小姐损友+1"}, {"uid": "82659133", "content": "太牙白了"}, {"uid": "755531", "content": "夏厨震怒（多来点）"}, {"uid": "17904068", "content": "她还在笑"}, {"uid": "4276337", "content": "这是……虾仁猪心？！"}, {"uid": "253419", "content": "软 砧 板"}, {"uid": "253419", "content": "圣光，照了出来"}, {"uid": "9131508", "content": "一定是我的打开方式不对"}, {"uid": "5485807", "content": "草，更瑟了"}, {"uid": "97928", "content": "草，夏诺雅"}, {"uid": "43074", "content": "嚣张地笑了起来"}, {"uid": "3049518", "content": "是战争ne"}, {"uid": "349229621", "content": "越说越不对劲"}, {"uid": "934786", "content": "不愧是你"}, {"uid": "3168569", "content": "猫遂自荐"}, {"uid": "307214", "content": "沦陷的信仰"}, {"uid": "5731509", "content": "？？？会变成熔岩的"}, {"uid": "5773287", "content": "疯狂迫害"}, {"uid": "296888", "content": "你这明明是有备而来"}, {"uid": "2907196", "content": "夺笋啊"}, {"uid": "2907196", "content": "不要说出来啊（"}, {"uid": "2907196", "content": "你就是想再看一遍（）"}, {"uid": "823979", "content": "我酸了"}, {"uid": "67655543", "content": "草"}, {"uid": "128541", "content": "叹息之墙"}, {"uid": "251355", "content": "打开方式不对"}, {"uid": "803587", "content": "看见标题就开始笑了"}, {"uid": "12700753", "content": "真有你的，草"}, {"uid": "3916674", "content": "夏小姐震怒"}, {"uid": "30342074", "content": "草..."}, {"uid": "6377041", "content": "屑，这猫太屑了"}, {"uid": "131652679", "content": "夏小姐乐喜欢揍人了w"}, {"uid": "21550586", "content": "好家伙"}, {"uid": "59997782", "content": "瞧这得意的小眼神"}, {"uid": "348612", "content": "好屑的笑声"}, {"uid": "110390", "content": "你看上的是夏小姐的PP"}, {"uid": "110390", "content": "我也想要"}, {"uid": "475596", "content": "hso！"}, {"uid": "1847119", "content": "草www屑白猫www"}, {"uid": "353453090", "content": "你尾巴没了"}, {"uid": "865097", "content": "是下乳！！"}, {"uid": "36283238", "content": "我也要（"}, {"uid": "7491757", "content": "顶级凡尔赛"}, {"uid": "185749", "content": "明明你自己笑得那么开心"}, {"uid": "41982192", "content": "不愧是你"}, {"uid": "253419", "content": "草"}, {"uid": "431981067", "content": "如此生草的视频"}, {"uid": "147123", "content": "？？？？"}, {"uid": "649787", "content": "看哭了"}, {"uid": "23563537", "content": "aria你在赣神魔"}, {"uid": "742286", "content": "你说她飞机场对吧？我听到了"}, {"uid": "4795758", "content": "草"}, {"uid": "430707457", "content": "夏小姐一日游"}, {"uid": "656894", "content": "草"}, {"uid": "5056662", "content": "疯狂鞭尸"}, {"uid": "5056662", "content": "草哈哈哈啊哈哈"}, {"uid": "92935827", "content": "是化学佬"}, {"uid": "23087549", "content": "这句对不起好标准！"}, {"uid": "2629851", "content": "？？？？？？？？？"}, {"uid": "543947819", "content": "猎奇本（）"}, {"uid": "2907196", "content": "太坏了，再看一遍"}, {"uid": "380276", "content": "噔噔咚"}, {"uid": "103022524", "content": "草"}, {"uid": "134696", "content": "！！！！！！！"}, {"uid": "8308058", "content": "草草草草草"}, {"uid": "15568897", "content": "熔岩艾莉娅"}, {"uid": "48677", "content": "还有这种用法?"}, {"uid": "131652679", "content": "??！"}, {"uid": "131652679", "content": "草！过分了哦"}, {"uid": "57797611", "content": "草"}, {"uid": "131652679", "content": "草"}, {"uid": "147058372", "content": "毛遂自荐"}, {"uid": "87640183", "content": "你需要花音装甲"}, {"uid": "10464050", "content": "你明明就在笑，你都没停过"}, {"uid": "2629851", "content": "噔噔咚"}, {"uid": "475596", "content": "虾仁猪心"}, {"uid": "9824302", "content": "白猫一开始看的视频叫什么名字啊"}, {"uid": "6761144", "content": "草"}, {"uid": "12495051", "content": "根本遮不住"}, {"uid": "401992636", "content": "草，夏厨震怒"}, {"uid": "11344630", "content": "草"}, {"uid": "353453090", "content": "草"}, {"uid": "3566667", "content": "前方高能"}, {"uid": "1776512", "content": "草"}, {"uid": "397383521", "content": "hso"}, {"uid": "16172850", "content": "熔岩奈子"}, {"uid": "8121571", "content": "夏小姐震怒"}, {"uid": "10579112", "content": "草"}, {"uid": "153338083", "content": "怪就是好，好就是怪"}, {"uid": "1433095", "content": "噔噔咚"}, {"uid": "310843417", "content": "這個封面wwww"}, {"uid": "253419", "content": "debu起"}, {"uid": "3225540", "content": "？？？"}, {"uid": "3225540", "content": "草！"}, {"uid": "3659432", "content": "草"}, {"uid": "36401197", "content": "草"}, {"uid": "28192091", "content": "飞机场"}, {"uid": "2207090", "content": "艾莉娅和天天比还是有差异的"}, {"uid": "6221030", "content": "？？？"}, {"uid": "803290", "content": "???"}, {"uid": "87640183", "content": "哈哈哈哈哈哈哈哈或"}, {"uid": "1415724", "content": "超声波"}, {"uid": "2629851", "content": "？？？？？？？？？"}, {"uid": "110390", "content": "雪遂自荐"}, {"uid": "4912018", "content": "草"}, {"uid": "12974557", "content": "草"}, {"uid": "10778462", "content": "噔噔咚"}, {"uid": "393294", "content": "草"}, {"uid": "1808632", "content": "？？？？？？？"}, {"uid": "6523329", "content": "你一直在笑，就没停过！"}, {"uid": "286494238", "content": "反复处刑"}, {"uid": "253419", "content": "说的是"}, {"uid": "10165668", "content": "草"}, {"uid": "31298127", "content": "捧哏"}, {"uid": "147123", "content": "草"}, {"uid": "2031944614", "content": "哈哈哈哈哈哈哈哈"}, {"uid": "30009618", "content": "草"}, {"uid": "934786", "content": "对不起我错了下次还敢"}, {"uid": "934786", "content": "绝了"}, {"uid": "16541722", "content": "要来了"}, {"uid": "45927838", "content": "不亏是你"}, {"uid": "12408245", "content": "草"}, {"uid": "656894", "content": "草草草"}, {"uid": "656894", "content": "草"}, {"uid": "291862", "content": "她本体超巨大"}, {"uid": "153338083", "content": "处刑了"}, {"uid": "5056662", "content": "草"}, {"uid": "195663725", "content": "？？？？"}, {"uid": "6811048", "content": "草"}, {"uid": "158526024", "content": "？？？？？？"}, {"uid": "2907196", "content": "秀起来了"}, {"uid": "2907196", "content": "太坏了"}, {"uid": "12891523", "content": "草草草草草草草草"}, {"uid": "12891523", "content": "草"}, {"uid": "380276", "content": "夺笋哪啊"}, {"uid": "2158592", "content": "hso"}, {"uid": "7800695", "content": "小心天天"}, {"uid": "194175206", "content": "草"}, {"uid": "131652679", "content": "确实w"}, {"uid": "401099828", "content": "草"}, {"uid": "401099828", "content": "草"}, {"uid": "189956812", "content": "就算是为了夏小姐，对艾莉娅使用炎拳吧doge"}, {"uid": "1295223", "content": "草"}, {"uid": "34764184", "content": "草"}, {"uid": "2629851", "content": "俺也要"}, {"uid": "1739853", "content": "有一说一 确实"}, {"uid": "9131508", "content": "？？？？？"}, {"uid": "116791", "content": "你就是想迫害夏小姐而已"}, {"uid": "110390", "content": "太大了 挡不住"}, {"uid": "264073", "content": "？？？？？"}, {"uid": "2629851", "content": "hso"}, {"uid": "2004764", "content": "反而更涩了草"}, {"uid": "340360939", "content": "？？？"}, {"uid": "29658910", "content": "双厨狂喜"}, {"uid": "1734919", "content": "是新鲜的乳夏"}, {"uid": "145507", "content": "？？？？？"}, {"uid": "2178186", "content": "草"}, {"uid": "36283238", "content": "草"}, {"uid": "253419", "content": "草"}, {"uid": "431981067", "content": "九九归一"}, {"uid": "2031944614", "content": "？草"}, {"uid": "2031944614", "content": "哈哈哈哈"}, {"uid": "2031944614", "content": "哈哈哈哈哈"}, {"uid": "5598346", "content": "草"}, {"uid": "44127617", "content": "草"}, {"uid": "44127617", "content": "草"}, {"uid": "5731447", "content": "？？？？？？"}, {"uid": "1255939087", "content": "shanoa牌国际航空"}, {"uid": "1433095", "content": "牙白"}, {"uid": "5056662", "content": "？？？？？"}, {"uid": "17194837", "content": "哈哈哈"}, {"uid": "91467382", "content": "笑死"}, {"uid": "310843417", "content": "好傢夥"}, {"uid": "2907196", "content": "嗯？"}, {"uid": "2907196", "content": "草"}, {"uid": "1400358", "content": "贴anti"}, {"uid": "823979", "content": "？？"}, {"uid": "67655543", "content": "草"}, {"uid": "67655543", "content": "来了"}, {"uid": "6486338", "content": "献祭aria的胸部"}, {"uid": "500703005", "content": "不愧是你"}, {"uid": "194175206", "content": "反复点火"}, {"uid": "337588", "content": "南半球"}, {"uid": "337588", "content": "cao"}, {"uid": "11202938", "content": "草"}, {"uid": "48677", "content": "?"}, {"uid": "2207090", "content": "好家伙，这也能听出来？"}, {"uid": "20157703", "content": "hhhhhh"}, {"uid": "131652679", "content": "草"}, {"uid": "6221030", "content": "草"}, {"uid": "108162851", "content": "ciao"}, {"uid": "3254961", "content": "草"}, {"uid": "29657893", "content": "草"}, {"uid": "110390", "content": "草"}, {"uid": "110390", "content": "-8000 下次还敢"}, {"uid": "22987058", "content": "哈哈哈"}, {"uid": "4912018", "content": "草wwww"}, {"uid": "31298127", "content": "我也要"}, {"uid": "401992636", "content": "草"}, {"uid": "401992636", "content": "草"}, {"uid": "401992636", "content": "草"}, {"uid": "660963", "content": "草"}, {"uid": "5731447", "content": "草"}, {"uid": "9205728", "content": "cao"}, {"uid": "505731670", "content": "？？？？"}, {"uid": "147123", "content": "草草"}, {"uid": "349229621", "content": "草"}, {"uid": "651993634", "content": "草"}, {"uid": "5731447", "content": "草"}, {"uid": "523632191", "content": "草"}, {"uid": "3933668", "content": "裂开"}, {"uid": "3933668", "content": "绝壁"}, {"uid": "1255939087", "content": "草"}, {"uid": "520417335", "content": "顶级凡尔赛"}, {"uid": "7800695", "content": "HSO"}, {"uid": "12891523", "content": "草"}, {"uid": "4211233", "content": "哈哈哈"}, {"uid": "30514029", "content": "草"}, {"uid": "32423963", "content": "草"}, {"uid": "3346365", "content": "？？？"}, {"uid": "15568897", "content": "天天古守装甲"}, {"uid": "11658477", "content": "kimomo"}, {"uid": "11658477", "content": "夏小姐要打我?好耶"}, {"uid": "6221030", "content": "？？？？"}, {"uid": "223664870", "content": "？？？"}, {"uid": "2629851", "content": "草"}, {"uid": "10778462", "content": "hso"}, {"uid": "209713813", "content": "草"}, {"uid": "2109984", "content": "hso"}, {"uid": "19174622", "content": "草"}, {"uid": "41982192", "content": "？？？"}, {"uid": "17823384", "content": "草"}, {"uid": "65845356", "content": "草"}, {"uid": "31298127", "content": "草"}, {"uid": "2312285", "content": "草"}, {"uid": "21550586", "content": "你对nano做了什么心里没点数？"}, {"uid": "523440453", "content": "hso"}, {"uid": "3537215", "content": "草"}, {"uid": "15823004", "content": "好怪哦，再看一次"}, {"uid": "23563537", "content": "？？？？"}, {"uid": "30009618", "content": "草"}, {"uid": "480437617", "content": "？？？？？。"}, {"uid": "430707457", "content": "夏小姐在看哦"}, {"uid": "7451126", "content": "看比赛看比赛,烦死了"}, {"uid": "33491", "content": "草"}, {"uid": "4130547", "content": "草"}, {"uid": "3225540", "content": "草"}, {"uid": "3659432", "content": "阿？"}, {"uid": "36769691", "content": "？"}, {"uid": "23001624", "content": "草"}, {"uid": "12700753", "content": "草"}, {"uid": "2881638", "content": "你们这些家伙真是。。。。干得漂亮啊"}, {"uid": "194175206", "content": "草www"}, {"uid": "194175206", "content": "圣母在上（"}, {"uid": "20111133", "content": "草"}, {"uid": "28192091", "content": "草"}, {"uid": "2815859", "content": "？？？"}, {"uid": "5365941", "content": "？？？？？？"}, {"uid": "131652679", "content": "泪目"}, {"uid": "10464050", "content": "？？？？？？"}, {"uid": "10464050", "content": "草"}, {"uid": "110390", "content": "-8000"}, {"uid": "359428966", "content": "qs"}, {"uid": "59849266", "content": "？？？"}, {"uid": "193557901", "content": "蚌埠住了"}, {"uid": "33026756", "content": "草"}, {"uid": "4425721", "content": "草"}, {"uid": "253419", "content": "草"}, {"uid": "130958", "content": "草"}, {"uid": "30929286", "content": "草"}, {"uid": "126070443", "content": "草"}, {"uid": "41982192", "content": "wwwwwww"}, {"uid": "802107341", "content": "草"}, {"uid": "35641505", "content": "我也想"}, {"uid": "35641505", "content": "这笑的，逐渐猖狂"}, {"uid": "2031944614", "content": "草"}, {"uid": "501061236", "content": "???"}, {"uid": "8121571", "content": "?"}, {"uid": "36769691", "content": "草"}, {"uid": "8308058", "content": "？？"}, {"uid": "19522252", "content": "?"}, {"uid": "19522252", "content": "hso"}, {"uid": "194175206", "content": "wwww"}, {"uid": "194175206", "content": "草"}, {"uid": "15502770", "content": "绝壁就算了，你还来个漏风"}, {"uid": "33935601", "content": "草"}, {"uid": "37884293", "content": "草"}, {"uid": "4912018", "content": "草ww"}, {"uid": "28567815", "content": "草"}, {"uid": "19174622", "content": "草"}, {"uid": "35747402", "content": "？"}, {"uid": "500728322", "content": "？"}, {"uid": "2306975", "content": "哈哈哈哈哈哈哈哈哈哈哈哈哈哈哈哈"}]