[{"uid": "14817", "content": "想peach"}, {"uid": "10826451", "content": "清楚起来了"}, {"uid": "46252062", "content": "猫   猫   踩   奶"}, {"uid": "523440453", "content": "kksk"}, {"uid": "4240527", "content": "特效好评"}, {"uid": "99719791", "content": "西舞人→谐音"}, {"uid": "99719791", "content": "某个要钱发音还不清楚的屑女人过来取经（恼）"}, {"uid": "99719791", "content": "正是因为有你这种人死宅才会被误解.jpg"}, {"uid": "143990866", "content": "kksk"}, {"uid": "1491889", "content": "我没有上半身（狗头）"}, {"uid": "2854211", "content": "刑 天"}, {"uid": "14122823", "content": "？？？"}, {"uid": "470522", "content": "油 库 里 公 国"}, {"uid": "470522", "content": "桃 子 新 说"}, {"uid": "32535121", "content": "金玉不要可以贡献给隔壁森永组"}, {"uid": "2735173", "content": "回想起了自己前世身为〇〇公主的事实"}, {"uid": "3857253", "content": "草 高位截瘫"}, {"uid": "36810930", "content": "知识储备丰富"}, {"uid": "700698", "content": "锦衣卫"}, {"uid": "23588755", "content": "觉醒了前世记忆（"}, {"uid": "243971358", "content": "30:是谁之前在圣诞节说要把我的头放着船上来着？"}, {"uid": "243971358", "content": "我不认为她知道的比dd少（"}, {"uid": "5425162", "content": "远 古 巫 灵"}, {"uid": "5425162", "content": "怪 诞 虫"}, {"uid": "5425162", "content": "鲁 提 辖"}, {"uid": "23001624", "content": "全员雌堕"}, {"uid": "468373", "content": "波浪符波浪符波浪符"}, {"uid": "3326169", "content": "好听"}, {"uid": "2344403", "content": "wow 变态程度超出我的想象"}, {"uid": "12558597", "content": "好家伙，都已经绝育了呗"}, {"uid": "37808404", "content": "觉醒了前世的记忆XD"}, {"uid": "1474310", "content": "高 位 截 瘫"}, {"uid": "14524105", "content": "桃税？使不得！使不得！"}, {"uid": "38654719", "content": "そんなことないよ！(大嘘"}, {"uid": "3109422", "content": "是乙民吗"}, {"uid": "10518197", "content": "这小祖宗可是混沌鼻祖之一，不教坏DD就不错了"}, {"uid": "16497695", "content": "草 字正腔圆"}, {"uid": "6995265", "content": "草"}, {"uid": "6221030", "content": "但那些卫兵恐怕也都是DD哦，他会包庇我的"}, {"uid": "11364613", "content": "监守自盗(笑"}, {"uid": "4943880", "content": "咩啊和卡农和三十都点了一个赞"}, {"uid": "351418536", "content": "你好会哦"}, {"uid": "6221030", "content": "你好，会哦！"}, {"uid": "112776970", "content": "波浪符也给读出来了2333"}, {"uid": "487279", "content": "标志性的wow"}, {"uid": "544972", "content": "草."}, {"uid": "1700392", "content": "好家伙，全是丧妖"}, {"uid": "4240527", "content": "好看"}, {"uid": "419371", "content": "没有下半身（指金玉没有了）"}, {"uid": "4912018", "content": "www"}, {"uid": "71993", "content": "灵 魂 拷 问"}, {"uid": "31546332", "content": "帕里踩我！！！"}, {"uid": "2881638", "content": "不不不，不用等一个月"}, {"uid": "2881638", "content": "放心吧，已经混沌了，不需要教"}, {"uid": "107122", "content": "P家女儿，出道三件套，谢谢打钱，迫害帕里，断手"}, {"uid": "32905695", "content": "艾莉娅"}, {"uid": "32905695", "content": "你明明是在说艾丽娅的观众没有下半身"}, {"uid": "1540843", "content": "这也太涩了"}, {"uid": "253419", "content": "圣 殿 骑 士"}, {"uid": "5450078", "content": "没错我用下半身"}, {"uid": "205633122", "content": "波浪符，波浪符也要说。这弹幕姬皮的很啊"}, {"uid": "243971358", "content": "哇，这次好早"}, {"uid": "439136123", "content": "宅男是不分国家的"}, {"uid": "11797451", "content": "草，更过分了"}, {"uid": "11090941", "content": "点名批评xu宝"}, {"uid": "310843417", "content": "腰  斩"}, {"uid": "5425162", "content": "泰 式 踩 背"}, {"uid": "23001624", "content": "女  儿  国"}, {"uid": "8511707", "content": "帕里：？"}, {"uid": "3326169", "content": "哇哦"}, {"uid": "44765190", "content": "别，放过我()"}, {"uid": "11331084", "content": "全员腰斩"}, {"uid": "32250348", "content": "草"}, {"uid": "1185094508", "content": "没下半身的意思是成公公了ww"}, {"uid": "2082713", "content": "我得看看这个女人能坚持设定多久"}, {"uid": "4501418", "content": "草，王国民幻视感"}, {"uid": "7247412", "content": "腰 斩"}, {"uid": "334461", "content": "她。。。本来就挺混沌的。。。"}, {"uid": "3544121", "content": "《善良的心》"}, {"uid": "22911008", "content": "草 腰斩"}, {"uid": "4912018", "content": "草"}, {"uid": "188050024", "content": "一个月后你就不一样了"}, {"uid": "253419", "content": "点名批评xu宝"}, {"uid": "13031989", "content": "不愧是你"}, {"uid": "384796790", "content": "吃桃子"}, {"uid": "193973642", "content": "????????????"}, {"uid": "37005707", "content": "p家传统"}, {"uid": "20598421", "content": "请让我蹭蹭你！"}, {"uid": "345870904", "content": "非我也，兵也"}, {"uid": "1451236", "content": "旁边推荐的都是宇森hinako，哦吼吼"}, {"uid": "1451236", "content": "bfm觉醒了"}, {"uid": "9535416", "content": "说好的善良呢？"}, {"uid": "15138435", "content": "草"}, {"uid": "31071931", "content": "ネコのふみふみ"}, {"uid": "23588755", "content": "wow"}, {"uid": "11331084", "content": "DD斩首，单推腰斩，自己选一个吧"}, {"uid": "333377855", "content": "dd都是刑天"}, {"uid": "11202938", "content": "乙民权责"}, {"uid": "5731447", "content": "无头DD"}, {"uid": "415287136", "content": "借 刀 杀 人"}, {"uid": "588708440", "content": "1"}, {"uid": "341048421", "content": "wow"}, {"uid": "1739853", "content": "直接腰斩"}, {"uid": "1739853", "content": "她不教我们奇怪的东西就不错了"}, {"uid": "202326727", "content": "cool bilibili"}, {"uid": "71993", "content": "wow"}, {"uid": "107122", "content": "懂了，DD斩首，单推阉割"}, {"uid": "253419", "content": "入国审查.jpg"}, {"uid": "3324370", "content": "啊这"}, {"uid": "1927500", "content": "还用问吗。因为就是想啊！"}, {"uid": "802107341", "content": "？？？"}, {"uid": "4426657", "content": "字正腔圆草草"}, {"uid": "193973642", "content": "???????"}, {"uid": "502922349", "content": "？为何我听个币池"}, {"uid": "500703005", "content": "wow"}, {"uid": "258868871", "content": "下半身全都木大"}, {"uid": "36769691", "content": "物理阉割"}, {"uid": "23001624", "content": "30姐姐...我有点不习惯"}, {"uid": "23001624", "content": "草"}, {"uid": "194175206", "content": "wwwww"}, {"uid": "356023188", "content": "？？？？"}, {"uid": "5043517", "content": "啊这。比如追杀嘛？"}, {"uid": "13936795", "content": "我的脸和○好酸啊"}, {"uid": "3109422", "content": "？？？？？"}, {"uid": "4494836", "content": "草"}, {"uid": "16586347", "content": "？？？？"}, {"uid": "3970880", "content": "别担心教她奇怪的东西，相反你们应该担心她会不会教我们奇怪的东西"}, {"uid": "31286105", "content": "天使！"}, {"uid": "11540197", "content": "前世记忆（"}, {"uid": "56309415", "content": "去势了。。。。"}, {"uid": "1540843", "content": "全国民油库里"}, {"uid": "1540843", "content": "草"}, {"uid": "266679665", "content": "帕里草"}, {"uid": "266679665", "content": "都是老m了"}, {"uid": "380276", "content": "阿这 金玉没了"}, {"uid": "253419", "content": "什么V什么粉"}, {"uid": "102584891", "content": "草"}, {"uid": "523440453", "content": "wow"}, {"uid": "126112951", "content": "草"}, {"uid": "28567815", "content": "草"}, {"uid": "4988004", "content": "wow"}, {"uid": "30070758", "content": "草"}, {"uid": "3065026", "content": "驱虎吞狼"}, {"uid": "10042939", "content": "放心吧，已经是p家最混沌得了"}, {"uid": "7438473", "content": "草"}, {"uid": "9417771", "content": "次回预告"}, {"uid": "6221030", "content": "腰斩？！"}, {"uid": "351418536", "content": "草"}, {"uid": "574345", "content": "？？？？？"}, {"uid": "10201951", "content": "草w"}, {"uid": "10201951", "content": "草"}, {"uid": "3970880", "content": "一转按摩"}, {"uid": "590223", "content": "如果去势"}, {"uid": "389356408", "content": "草"}, {"uid": "802107341", "content": "草"}, {"uid": "4577168", "content": "？？？？？"}, {"uid": "66589800", "content": "？？？"}, {"uid": "523440453", "content": "草"}, {"uid": "99719791", "content": "其实就是西舞人，没啥意味"}, {"uid": "32021142", "content": "草"}, {"uid": "16312917", "content": "啊这"}, {"uid": "38274277", "content": "太会了"}, {"uid": "306453054", "content": "sodayo~"}, {"uid": "36810930", "content": "草"}, {"uid": "131394304", "content": "这个wow简直安度因"}, {"uid": "36769691", "content": "草"}, {"uid": "1808632", "content": "wow"}, {"uid": "128541", "content": "那不是更好"}, {"uid": "23001624", "content": "wow"}, {"uid": "16606820", "content": "\\"}, {"uid": "2136212", "content": "乙民先例"}, {"uid": "37051501", "content": "草"}, {"uid": "2815859", "content": "？"}, {"uid": "4494836", "content": "草"}, {"uid": "9417771", "content": "艾卫兵"}, {"uid": "421161574", "content": "全员影魔说"}, {"uid": "71329244", "content": "真就鲁咪蕾啊"}, {"uid": "6221030", "content": "天使"}, {"uid": "35747402", "content": "草"}, {"uid": "22911008", "content": "可一般人也不会幽禁人呀"}, {"uid": "31286105", "content": "草"}, {"uid": "4912018", "content": "帕里坏人"}, {"uid": "4633647", "content": "？？？？"}, {"uid": "2826213", "content": "波浪符草"}, {"uid": "4912018", "content": "草www"}, {"uid": "7577621", "content": "乙民全责"}, {"uid": "131478", "content": "乙民都这样的吗？？？"}, {"uid": "6329996", "content": "草"}, {"uid": "6811048", "content": "？"}, {"uid": "253419", "content": "鲁咪蕾草"}, {"uid": "327016949", "content": "aria请踩我"}, {"uid": "520929", "content": "腰斩。。。"}, {"uid": "693929898", "content": "anti这个世界的一切！"}, {"uid": "523440453", "content": "你再骂"}, {"uid": "523440453", "content": "草"}, {"uid": "384796790", "content": "草"}, {"uid": "14477677", "content": "草"}, {"uid": "562820", "content": "害怕"}, {"uid": "40278466", "content": "草"}, {"uid": "7775751", "content": "？？？？"}, {"uid": "2845170", "content": "草"}, {"uid": "15138435", "content": "害怕害怕害怕害怕"}, {"uid": "360735841", "content": "？"}, {"uid": "360735841", "content": "？"}, {"uid": "14122823", "content": "？？？？"}, {"uid": "310843417", "content": "30"}, {"uid": "23588755", "content": "你不会真觉得她知道的比你少吧"}, {"uid": "128541", "content": "sodayo"}, {"uid": "36617449", "content": "好会啊"}, {"uid": "3109422", "content": "都是半身人？"}, {"uid": "4494836", "content": "草"}, {"uid": "4494836", "content": "王国民不请自来"}, {"uid": "351418536", "content": "草"}, {"uid": "3544121", "content": "然而斩他们的人也是DD"}, {"uid": "7770107", "content": "王国机甲德莱文"}, {"uid": "25571108", "content": "wwwww"}, {"uid": "2826213", "content": "字正腔圆"}, {"uid": "1576727", "content": "草"}, {"uid": "107122", "content": "多段谐音"}, {"uid": "32905695", "content": "kimo人"}, {"uid": "266679665", "content": "别乱教她些奇怪的东西啊"}, {"uid": "327016949", "content": "？？？"}, {"uid": "36213604", "content": "哇哦"}, {"uid": "523440453", "content": "awsl"}, {"uid": "523440453", "content": "草"}, {"uid": "6303242", "content": "草"}, {"uid": "12470978", "content": "?"}, {"uid": "28567815", "content": "草"}, {"uid": "15513859", "content": "草"}, {"uid": "39969059", "content": "啊"}, {"uid": "36769691", "content": "草"}, {"uid": "36769691", "content": "wow"}, {"uid": "128541", "content": "wow"}, {"uid": "194175206", "content": "草"}, {"uid": "207089993", "content": "草"}, {"uid": "3109422", "content": "30终于不是最小的了"}, {"uid": "2043808", "content": "因为坏女人"}, {"uid": "121493", "content": "awsl"}, {"uid": "14150446", "content": "草"}, {"uid": "200863", "content": "？？？"}, {"uid": "31286105", "content": "草"}, {"uid": "266679665", "content": "草"}, {"uid": "37824028", "content": "因为能舔啊（滑稽"}, {"uid": "91287916", "content": "草"}, {"uid": "626973414", "content": "害怕"}, {"uid": "6522841", "content": "曾经的唯一神是跟你开玩笑的？"}, {"uid": "130137395", "content": "我想成为艾莉娅小姐的狗"}, {"uid": "14122823", "content": "？？？？？。"}, {"uid": "20738601", "content": "电次君"}, {"uid": "23723313", "content": "cool bili"}, {"uid": "36769691", "content": "好耶"}, {"uid": "23001624", "content": "草"}, {"uid": "23001624", "content": "草"}, {"uid": "182375497", "content": "？？？？"}, {"uid": "686247030", "content": "我不是我没有你不要污蔑我（感受脚底板）"}, {"uid": "1425171", "content": "是紫桃"}, {"uid": "23928217", "content": "？"}, {"uid": "5662342", "content": "鲁咪蕾草"}, {"uid": "6221030", "content": "？？？？？？"}, {"uid": "71993", "content": "这波啊，只能说配合的不是很好"}, {"uid": "22866390", "content": "？？？？？"}, {"uid": "4571850", "content": "帕里你没有心"}, {"uid": "26117", "content": "草"}, {"uid": "3305746", "content": "帕里踩我"}, {"uid": "17499117", "content": "亚萨西捏"}, {"uid": "73139361", "content": "这女人太会了，伪装太好了"}, {"uid": "253419", "content": "awsl"}, {"uid": "193973642", "content": "wow"}, {"uid": "353269079", "content": "？？？"}, {"uid": "240999265", "content": "出生的时候就已经被腰斩了"}, {"uid": "66795888", "content": "kksk"}, {"uid": "6221030", "content": "wwwwwwwwwwwwww"}, {"uid": "4912018", "content": "草ww"}, {"uid": "6811048", "content": "草"}, {"uid": "5450078", "content": "草"}, {"uid": "8309253", "content": "大家玩梗不要瞎扯呀"}, {"uid": "37913832", "content": "王   国   大   将   军"}, {"uid": "590223", "content": "？？？？？？？？？？？？？？？？？"}]