[{"uid": "2170632", "content": "个人最喜欢的翻唱版本。"}, {"uid": "446107011", "content": "好汀"}, {"uid": "485929845", "content": "感谢大佬的高级弹幕"}, {"uid": "3168569", "content": "噜噜噜"}, {"uid": "33491", "content": "高产，艾莉娅好勤奋啊"}, {"uid": "33767", "content": "[\"0.35\",\"0.01\",\"0-1\",\"1\",\"再见宣言\",\"0\",\"0\",\"0.35\",\"0.01\",500,0,1,\"FangSong\",1]"}, {"uid": "33767", "content": "[\"0.4\",\"0.8\",\"0-1\",\"1\",\"开始\",\"0\",\"0\",\"0.4\",\"0.8\",500,0,0,\"FangSong\",1]"}, {"uid": "33767", "content": "[\"0.4\",\"0.56\",\"0-1\",\"1\",\"开始\",\"0\",\"0\",\"0.4\",\"0.56\",500,0,0,\"FangSong\",1]"}, {"uid": "33767", "content": "[\"0.4\",\"0.26\",\"0-1\",\"1\",\"开始\",\"0\",\"0\",\"0.4\",\"0.26\",500,0,0,\"FangSong\",1]"}, {"uid": "33767", "content": "[\"0.3\",\"0.6\",\"0-1\",\"1\",\"狂乱绽放\",\"0\",\"0\",\"0.3\",\"0.6\",500,0,0,\"FangSong\",1]"}, {"uid": "33767", "content": "[\"0.28\",\"0.7\",\"0-1\",\"1\",\"窝在家里\",\"0\",\"0\",\"0.28\",\"0.7\",500,0,0,\"FangSong\",1]"}, {"uid": "33767", "content": "[\"0.18\",\"0.7\",\"0-1\",\"1\",\"就要放飞自我\",\"0\",\"0\",\"0.18\",\"0.7\",500,0,0,\"FangSong\",1]"}, {"uid": "33767", "content": "[\"0.13\",\"0.7\",\"0-1\",\"1\",\"时机已到的现在\",\"0\",\"0\",\"0.13\",\"0.7\",500,0,0,\"FangSong\",1]"}, {"uid": "33767", "content": "[\"0.25\",\"0.1\",\"0-1\",\"1\",\"wowow\",\"0\",\"0\",\"0.25\",\"0.1\",500,0,0,\"FangSong\",1]"}, {"uid": "33767", "content": "[\"0.44\",\"0.54\",\"0-1\",\"1\",\"裹而已\",\"0\",\"0\",\"0.44\",\"0.54\",500,0,0,\"FangSong\",1]"}, {"uid": "33767", "content": "[\"0.3\",\"0.5\",\"0-1\",\"1\",\"包\",\"0\",\"0\",\"0.3\",\"0.5\",500,0,0,\"FangSong\",1]"}, {"uid": "33767", "content": "[\"0.05\",\"0.4\",\"0-1\",\"1\",\"被你\",\"0\",\"0\",\"0.05\",\"0.4\",500,0,0,\"FangSong\",1]"}, {"uid": "33767", "content": "[\"0.5\",\"0.8\",\"0-1\",\"1\",\"音\",\"0\",\"0\",\"0.5\",\"0.8\",500,0,0,\"FangSong\",1]"}, {"uid": "33767", "content": "[\"0.35\",\"0.6\",\"0-1\",\"1\",\"声\",\"10\",\"0\",\"0.35\",\"0.6\",500,0,0,\"FangSong\",1]"}, {"uid": "33767", "content": "[\"0.6\",\"0.5\",\"0-1\",\"1\",\"自\\n  己\\n   的\",\"0\",\"0\",\"0.6\",\"0.5\",500,0,0,\"FangSong\",1]"}, {"uid": "33767", "content": "[\"0.55\",\"0.2\",\"0-1\",\"1\",\"我\\n \",\"0\",\"0\",\"0.55\",\"0.2\",500,0,0,\"FangSong\",1]"}, {"uid": "33767", "content": "[\"0.35\",\"0.4\",\"0-1\",\"1\",\"的\",\"0\",\"0\",\"0.35\",\"0.4\",500,0,0,\"FangSong\",1]"}, {"uid": "33767", "content": "[\"0.25\",\"0.15\",\"0-1\",\"1\",\"我\",\"0\",\"0\",\"0.25\",\"0.15\",500,0,0,\"FangSong\",1]"}, {"uid": "33767", "content": "[\"0.54\",\"0.45\",\"0-1\",\"1\",\"闻\",\"0\",\"0\",\"0.54\",\"0.45\",500,0,0,\"FangSong\",1]"}, {"uid": "33767", "content": "[\"0.35\",\"0.5\",\"0-1\",\"1\",\"而不   的约会\",\"0\",\"0\",\"0.35\",\"0.5\",500,0,0,\"FangSong\",1]"}, {"uid": "33767", "content": "[\"0.08\",\"0.4\",\"0-1\",\"1\",\"听\",\"0\",\"0\",\"0.08\",\"0.4\",500,0,0,\"FangSong\",1]"}, {"uid": "33767", "content": "[\"0.3\",\"0.9\",\"0-1\",\"1\",\"之中\",\"0\",\"0\",\"0.3\",\"0.9\",500,0,0,\"FangSong\",1]"}, {"uid": "33767", "content": "[\"0.07\",\"0.85\",\"0-1\",\"1\",\"小盒\",\"0\",\"0\",\"0.07\",\"0.85\",500,0,0,\"FangSong\",1]"}, {"uid": "33767", "content": "[\"0.68\",\"0.13\",\"0-1\",\"1\",\"我\",\"0\",\"0\",\"0.68\",\"0.13\",500,0,0,\"FangSong\",1]"}, {"uid": "33767", "content": "[\"0.4\",\"0.18\",\"0-1\",\"1\",\"仅属于   的\",\"0\",\"0\",\"0.4\",\"0.18\",500,0,0,\"FangSong\",1]"}, {"uid": "33767", "content": "[\"0.35\",\"0.45\",\"0-1\",\"1\",\"的\",\"0\",\"0\",\"0.35\",\"0.45\",500,0,0,\"FangSong\",1]"}, {"uid": "33767", "content": "[\"0.25\",\"0.15\",\"0-1\",\"1\",\"我\",\"0\",\"0\",\"0.25\",\"0.15\",500,0,0,\"FangSong\",1]"}, {"uid": "33767", "content": "[\"0.9\",\"0.65\",\"0-1\",\"1\",\"正\\n义 \",\"0\",\"0\",\"0.9\",\"0.65\",500,0,0,\"FangSong\",1]"}, {"uid": "33767", "content": "[\"0.87\",\"0.3\",\"0-1\",\"1\",\"绝\\n对\\n\",\"0\",\"0\",\"0.87\",\"0.3\",500,0,0,\"FangSong\",1]"}, {"uid": "33767", "content": "[\"0.15\",\"0.6\",\"0-1\",\"1\",\"里蹲的\",\"0\",\"0\",\"0.15\",\"0.6\",500,0,0,\"FangSong\",1]"}, {"uid": "33767", "content": "[\"0.05\",\"0.45\",\"0-1\",\"1\",\"家\",\"5\",\"0\",\"0.05\",\"0.45\",500,0,0,\"FangSong\",1]"}, {"uid": "33767", "content": "[\"0.73\",\"0.15\",\"0-1\",\"1\",\"你\\n 的\\n  色\\n   彩\\n    为\\n     止\",\"0\",\"0\",\"0.73\",\"0.15\",500,0,0,\"FangSong\",1]"}, {"uid": "33767", "content": "[\"0.65\",\"0.25\",\"0-1\",\"1\",\"上\\n\",\"0\",\"0\",\"0.65\",\"0.25\",500,0,0,\"FangSong\",1]"}, {"uid": "33767", "content": "[\"0.6\",\"0.05\",\"0-1\",\"1\",\"染\\n\",\"0\",\"0\",\"0.6\",\"0.05\",500,0,0,\"FangSong\",1]"}, {"uid": "33767", "content": "[\"0.7\",\"0.6\",\"0-1\",\"0.6\",\"仅\\n 有\\n  的\",\"0\",\"0\",\"0.7\",\"0.6\",500,0,0,\"FangSong\",1]"}, {"uid": "33767", "content": "[\"0.55\",\"0.45\",\"0-1\",\"0.6\",\"我\",\"0\",\"0\",\"0.55\",\"0.45\",500,0,0,\"FangSong\",1]"}, {"uid": "33767", "content": "[\"0.43\",\"0.78\",\"0-1\",\"0.6\",\"音\",\"0\",\"0\",\"0.43\",\"0.78\",500,0,0,\"FangSong\",1]"}, {"uid": "33767", "content": "[\"0.3\",\"0.6\",\"0-1\",\"0.6\",\"声\",\"10\",\"0\",\"0.3\",\"0.6\",500,0,0,\"FangSong\",1]"}, {"uid": "33767", "content": "[\"0.35\",\"0.4\",\"0-1\",\"0.6\",\"的\",\"0\",\"0\",\"0.35\",\"0.4\",500,0,0,\"FangSong\",1]"}, {"uid": "33767", "content": "[\"0.25\",\"0.15\",\"0-1\",\"0.6\",\"我\",\"0\",\"0\",\"0.25\",\"0.15\",500,0,0,\"FangSong\",1]"}, {"uid": "33767", "content": "[\"0.35\",\"0.8\",\"0-1\",\"0.6\",\"约会\",\"0\",\"0\",\"0.35\",\"0.8\",500,0,0,\"FangSong\",1]"}, {"uid": "33767", "content": "[\"0.15\",\"0.75\",\"0-1\",\"0.6\",\"的\",\"0\",\"0\",\"0.15\",\"0.75\",500,0,0,\"FangSong\",1]"}, {"uid": "33767", "content": "[\"0.55\",\"0.45\",\"0-1\",\"0.6\",\"闻\",\"0\",\"0\",\"0.55\",\"0.45\",500,0,0,\"FangSong\",1]"}, {"uid": "33767", "content": "[\"0.35\",\"0.45\",\"0-1\",\"0.6\",\"而不\",\"0\",\"0\",\"0.35\",\"0.45\",500,0,0,\"FangSong\",1]"}, {"uid": "33767", "content": "[\"0.08\",\"0.4\",\"0-1\",\"0.6\",\"听\",\"0\",\"0\",\"0.08\",\"0.4\",500,0,0,\"FangSong\",1]"}, {"uid": "33767", "content": "[\"0.2\",\"0.9\",\"0-1\",\"0.6\",\"之中\",\"0\",\"0\",\"0.2\",\"0.9\",500,0,0,\"FangSong\",1]"}, {"uid": "33767", "content": "[\"0.05\",\"0.85\",\"0-1\",\"0.6\",\"小盒\",\"0\",\"0\",\"0.05\",\"0.85\",500,0,0,\"FangSong\",1]"}, {"uid": "33767", "content": "[\"0.5\",\"0.8\",\"0-1\",\"0.6\",\"我\",\"0\",\"0\",\"0.5\",\"0.8\",500,0,0,\"FangSong\",1]"}, {"uid": "33767", "content": "[\"0.3\",\"0.82\",\"0-1\",\"0.6\",\"仅为  所有的\",\"0\",\"0\",\"0.3\",\"0.82\",500,0,0,\"FangSong\",1]"}, {"uid": "33767", "content": "[\"0.2\",\"0.4\",\"0-1\",\"0.6\",\" 我\\n  的\",\"0\",\"0\",\"0.2\",\"0.4\",500,0,0,\"FangSong\",1]"}, {"uid": "33767", "content": "[\"0.2\",\"0.1\",\"0-1\",\"0.6\",\"在\\n\",\"0\",\"0\",\"0.2\",\"0.1\",500,0,0,\"FangSong\",1]"}, {"uid": "33767", "content": "[\"0.08\",\"0.9\",\"0-1\",\"0.6\",\"正义\",\"0\",\"0\",\"0.08\",\"0.9\",500,0,0,\"FangSong\",1]"}, {"uid": "33767", "content": "[\"0.01\",\"0.4\",\"0-1\",\"0.6\",\"绝对\",\"0\",\"0\",\"0.01\",\"0.4\",500,0,0,\"FangSong\",1]"}, {"uid": "33767", "content": "[\"0.5\",\"0.01\",\"0-1\",\"0.8\",\"的\",\"0\",\"0\",\"0.5\",\"0.01\",500,0,0,\"FangSong\",1]"}, {"uid": "33767", "content": "[\"0.08\",\"0.01\",\"0-1\",\"0.8\",\"家里蹲\",\"0\",\"0\",\"0.08\",\"0.01\",500,0,0,\"FangSong\",1]"}, {"uid": "33767", "content": "[\"0.57\",\"0.72\",\"0-1\",\"0.8\",\"！\",\"0\",\"0\",\"0.57\",\"0.72\",500,0,0,\"FangSong\",1]"}, {"uid": "33767", "content": "[\"0.55\",\"0.32\",\"0-1\",\"0.8\",\"说\\n再\\n见\\n \",\"0\",\"0\",\"0.55\",\"0.32\",500,0,0,\"FangSong\",1]"}, {"uid": "33767", "content": "[\"0.61\",\"0.35\",\"0-1\",\"1\",\"都\",\"0\",\"0\",\"0.61\",\"0.35\",500,0,0,\"FangSong\",1]"}, {"uid": "33767", "content": "[\"0.05\",\"0.4\",\"0-1\",\"1\",\"都在这里毫无意义的  市\",\"0\",\"0\",\"0.05\",\"0.4\",500,0,0,\"FangSong\",1]"}, {"uid": "33767", "content": "[\"0.2\",\"0.2\",\"0-1\",\"1\",\"和\\n常\\n识\",\"0\",\"0\",\"0.2\",\"0.2\",500,0,0,\"FangSong\",1]"}, {"uid": "33767", "content": "[\"0.9\",\"0.2\",\"0-1\",\"1\",\"向\\n正\\n论\",\"0\",\"0\",\"0.9\",\"0.2\",500,0,0,\"FangSong\",1]"}, {"uid": "33767", "content": "[\"0.5\",\"0.61\",\"0-1\",\"1\",\"腐\",\"0\",\"0\",\"0.5\",\"0.61\",500,0,0,\"FangSong\",1]"}, {"uid": "33767", "content": "[\"0.35\",\"0.6\",\"0-1\",\"1\",\"早就  败了\",\"0\",\"0\",\"0.35\",\"0.6\",500,0,0,\"FangSong\",1]"}, {"uid": "33767", "content": "[\"0.6\",\"0.7\",\"0-1\",\"1\",\"噜\",\"0\",\"0\",\"0.6\",\"0.7\",500,0,0,\"FangSong\",1]"}, {"uid": "33767", "content": "[\"0.3\",\"0.6\",\"0-1\",\"1\",\"噜\",\"0\",\"0\",\"0.3\",\"0.6\",500,0,0,\"FangSong\",1]"}, {"uid": "33767", "content": "[\"0.1\",\"0.4\",\"0-1\",\"1\",\"噜\",\"0\",\"0\",\"0.1\",\"0.4\",500,0,0,\"FangSong\",1]"}, {"uid": "33767", "content": "[\"0.66\",\"0.58\",\"0-1\",\"0.6\",\"话\",\"0\",\"0\",\"0.66\",\"0.58\",500,0,0,\"FangSong\",1]"}, {"uid": "33767", "content": "[\"0.35\",\"0.6\",\"0-1\",\"0.6\",\"说出口的\",\"0\",\"0\",\"0.35\",\"0.6\",500,0,0,\"FangSong\",1]"}, {"uid": "33767", "content": "[\"0.7\",\"0.7\",\"0-1\",\"0.6\",\"噜\",\"0\",\"0\",\"0.7\",\"0.7\",500,0,0,\"FangSong\",1]"}, {"uid": "33767", "content": "[\"0.4\",\"0.6\",\"0-1\",\"0.8\",\"噜\",\"0\",\"0\",\"0.4\",\"0.6\",500,0,0,\"FangSong\",1]"}, {"uid": "33767", "content": "[\"0.2\",\"0.4\",\"0-1\",\"1\",\"噜\",\"0\",\"0\",\"0.2\",\"0.4\",500,0,0,\"FangSong\",1]"}, {"uid": "33767", "content": "[\"0.6\",\"0.8\",\"0-1\",\"1\",\"缠绵在一起\",\"343\",\"0\",\"0.6\",\"0.8\",500,0,0,\"FangSong\",1]"}, {"uid": "33767", "content": "[\"0.1\",\"0.5\",\"0-1\",\"1\",\"与堕落愉悦的夜晚\",\"343\",\"0\",\"0.1\",\"0.5\",500,0,0,\"FangSong\",1]"}, {"uid": "33767", "content": "[\"0.6\",\"0.6\",\"0-1\",\"0.5\",\"翻来翻去\\n的\",\"340\",\"0\",\"0.6\",\"0.6\",500,0,0,\"FangSong\",1]"}, {"uid": "33767", "content": "[\"0.1\",\"0.5\",\"0-1\",\"0.5\",\"滚来滚去\",\"340\",\"0\",\"0.1\",\"0.5\",500,0,0,\"FangSong\",1]"}, {"uid": "33767", "content": "[\"0.4\",\"0.4\",\"0-1\",\"0.5\",\"窝\\n在\\n家\\n里\",\"\",\"0\",\"0.4\",\"0.4\",500,0,0,\"FangSong\",1]"}, {"uid": "33767", "content": "[\"0.4\",\"0.1\",\"0-1\",\"0.5\",\"c\\nr\\na\\nz\\ny\\n\\ni\\nn\\n \\nt\\nh\\ne\\n\\nt\\no\\nw\\nn\",\"\",\"0\",\"0.4\",\"0.1\",500,0,0,\"FangSong\",1]"}, {"uid": "33767", "content": "[\"0.35\",\"0.5\",\"0-1\",\"0.4\",\"他\\n们\\n在\",\"330\",\"0\",\"0.35\",\"0.5\",500,0,0,\"FangSong\",1]"}, {"uid": "33767", "content": "[\"0.4\",\"0.4\",\"0-1\",\"0.4\",\"零\\n点\",0,0,\"0.4\",\"0.4\",500,0,0,\"FangSong\",1]"}, {"uid": "33767", "content": "[\"0.4\",\"0.4\",\"0-1\",\"1\",\"紧\\n急\\n状\\n况\",0,0,\"0.4\",\"0.4\",500,0,0,\"FangSong\",1]"}, {"uid": "33767", "content": "[\"0.4\",\"0.4\",\"0-1\",\"0.5\",\"2\",0,0,\"0.4\",\"0.4\",500,0,0,\"FangSong\",1]"}, {"uid": "33767", "content": "[\"0.4\",\"0.4\",\"0-1\",\"0.5\",\"1\",0,0,\"0.4\",\"0.4\",500,0,0,\"FangSong\",1]"}, {"uid": "1838902", "content": "aria suki"}, {"uid": "74173597", "content": "来了来了"}, {"uid": "8205709", "content": "来了！"}, {"uid": "17436256", "content": "狂乱绽放吧！"}, {"uid": "17436256", "content": "放飞自我"}, {"uid": "17436256", "content": "只是我的仅为我所有的声音"}, {"uid": "17436256", "content": "小盒之中"}, {"uid": "17436256", "content": "染上你的色彩为止"}, {"uid": "17436256", "content": "在我的仅为我所有的 小盒之中"}, {"uid": "17436256", "content": "而拐骗走啊"}, {"uid": "17436256", "content": "请不要被无止境的焦躁"}, {"uid": "17436256", "content": "拥堵着的街道"}, {"uid": "17436256", "content": "丝毫没有改变的"}, {"uid": "17436256", "content": "被牵线木偶一般的感情"}, {"uid": "17436256", "content": "世界毫无变化的 一直在旋转"}, {"uid": "17436256", "content": "就要放飞自我"}, {"uid": "17436256", "content": "只是我的仅为我所有的声音 被你包裹而已"}, {"uid": "17436256", "content": "在我的仅为我所有的 小盒之中"}, {"uid": "17436256", "content": "在我的仅为我所有的 小盒之中"}, {"uid": "17436256", "content": "与堕落愉悦的夜晚 缠绵在一起"}, {"uid": "17436256", "content": "紧急状况 零点 他们在"}, {"uid": "35817909", "content": "aria 好听 喜欢 结婚"}, {"uid": "109691027", "content": "suki~suki~"}, {"uid": "3885523", "content": "来了来了来了"}, {"uid": "17436256", "content": "染上你的色彩为止"}, {"uid": "17436256", "content": "听而不闻的约会"}, {"uid": "17436256", "content": "crazy in the town 窝在家里"}, {"uid": "17436256", "content": "再来一遍"}, {"uid": "10778462", "content": "Aria Aria sukiki"}, {"uid": "39576563", "content": "没字幕喂"}, {"uid": "148149758", "content": "awsl"}, {"uid": "89543", "content": "白猫猫可爱"}, {"uid": "354293575", "content": "debubu，sukiki"}, {"uid": "122110763", "content": "kksk"}, {"uid": "3885523", "content": "♪⸜(๑ ॑꒳ ॑๑)⸝♪✰"}, {"uid": "185749", "content": "来了来了"}, {"uid": "17436256", "content": "狂乱绽放吧！"}, {"uid": "17436256", "content": "染上你的色彩为止"}, {"uid": "10201951", "content": "再来一遍"}, {"uid": "17436256", "content": "所发现了"}, {"uid": "17436256", "content": "紧急状况 0点 没有办法"}, {"uid": "17436256", "content": "窝在家里"}, {"uid": "2203831", "content": "好听啊！"}, {"uid": "17436256", "content": "直到我的仅为我所有的声音"}, {"uid": "2170632", "content": "这段唱得太棒了啊。。。"}, {"uid": "633439", "content": "白猫可爱！"}, {"uid": "39204203", "content": "aria可爱"}, {"uid": "651993634", "content": "好耶！"}, {"uid": "1546077338", "content": "47"}, {"uid": "17436256", "content": "被你包围而已"}, {"uid": "109113540", "content": "saxibuliの高级弹幕"}, {"uid": "36283238", "content": "kksk"}, {"uid": "23001624", "content": "高质量"}, {"uid": "85374874", "content": "可爱"}, {"uid": "475596", "content": "kksk！！！！！"}, {"uid": "17436256", "content": "家中"}, {"uid": "17436256", "content": "狂乱绽放"}, {"uid": "17436256", "content": "时机已到的现在"}, {"uid": "30872046", "content": "好耶"}, {"uid": "67655543", "content": "好耶！"}, {"uid": "10201951", "content": "awsl"}, {"uid": "148149758", "content": "Awsl"}, {"uid": "17436256", "content": "多来点弹幕 哦呢该"}, {"uid": "1758863", "content": "早早早"}, {"uid": "185749", "content": "可爱"}, {"uid": "1546077338", "content": "首页通知书"}, {"uid": "17436256", "content": "只是我的仅为我所有的声音"}, {"uid": "17436256", "content": "直到我的仅为我所有的声音"}, {"uid": "17436256", "content": "家里蹲的 绝对正义"}, {"uid": "35520443", "content": "sukiki"}, {"uid": "17436256", "content": "你的视线正"}, {"uid": "17436256", "content": "疯狂的计划泡汤啦"}, {"uid": "2203831", "content": "kksk"}, {"uid": "67655543", "content": "kksk"}, {"uid": "33935601", "content": "好耶！"}, {"uid": "10201951", "content": "可爱！"}, {"uid": "2170632", "content": "这段太好了"}, {"uid": "2170632", "content": "这高级弹幕真很酷炫"}, {"uid": "273252538", "content": "HIHIHIHIHIHIHIHIHIHI"}, {"uid": "272935999", "content": "啊啊啊啊"}, {"uid": "8450298", "content": "看"}, {"uid": "17436256", "content": "在能抛弃羞耻心的"}, {"uid": "17436256", "content": "时机已到的现在"}, {"uid": "131260000", "content": "35分钟！"}, {"uid": "786526", "content": "好耶"}, {"uid": "17436256", "content": "向正论和常识 都在这里毫无意义的都市说再见"}, {"uid": "17436256", "content": "滚来滚去 翻来翻去的"}, {"uid": "45927838", "content": "不愧是你"}, {"uid": "12891523", "content": "可爱"}, {"uid": "2170632", "content": "完美"}, {"uid": "343616", "content": "家里横宣言w"}, {"uid": "3916674", "content": "kksk"}, {"uid": "19824793", "content": "kksk"}, {"uid": "17436256", "content": "在我的仅为我所有的"}, {"uid": "17436256", "content": "模糊消失掉"}, {"uid": "13990000", "content": "来啦！！"}, {"uid": "17436256", "content": "kksk"}, {"uid": "17436256", "content": "かわいい！！！！！！！！！"}, {"uid": "2170632", "content": "每天不来一遍不舒服"}, {"uid": "456653484", "content": "塞高"}, {"uid": "95886943", "content": "kksk"}, {"uid": "1808632", "content": "绿了"}, {"uid": "185749", "content": "可爱"}, {"uid": "36769691", "content": "可爱"}, {"uid": "17436256", "content": "家里"}, {"uid": "431778772", "content": "热乎的"}, {"uid": "487981", "content": "老婆！"}, {"uid": "17436256", "content": "家里蹲的 绝对正义"}, {"uid": "17436256", "content": "家里蹲的 绝对正义"}, {"uid": "35538918", "content": "来了"}, {"uid": "487279", "content": "可爱"}, {"uid": "497399689", "content": "卡哇伊！！！！！！！！"}, {"uid": "207458634", "content": "来了"}, {"uid": "2170632", "content": "▁▂▃▅▆▇▆▅▃▂▁▁▂▃▅▆▇▆▅▃▂▁▁▂▃▅▆▇▆▅▃▂▁▁▂▃▅▆▇▆▅▃▂▁▁▂▃▅▆▇▆▅▃▂▁▁▂▃▅▆▇▆▅▃▂▁▁▂▃▅▆▇▆▅▃▂▁▁▂▃▅▆▇▆▅▃▂▁▁▂▃▅▆▇▆▅▃▂▁"}, {"uid": "2170632", "content": "▁▂▃▅▆▇▆▅▃▂▁▁▂▃▅▆▇▆▅▃▂▁▁▂▃▅▆▇▆▅▃▂▁▁▂▃▅▆▇▆▅▃▂▁▁▂▃▅▆▇▆▅▃▂▁▁▂▃▅▆▇▆▅▃▂▁▁▂▃▅▆▇▆▅▃▂▁▁▂▃▅▆▇▆▅▃▂▁▁▂▃▅▆▇▆▅▃▂▁"}, {"uid": "2170632", "content": "▁▂▃▅▆▇▆▅▃▂▁▁▂▃▅▆▇▆▅▃▂▁▁▂▃▅▆▇▆▅▃▂▁▁▂▃▅▆▇▆▅▃▂▁▁▂▃▅▆▇▆▅▃▂▁▁▂▃▅▆▇▆▅▃▂▁▁▂▃▅▆▇▆▅▃▂▁▁▂▃▅▆▇▆▅▃▂▁▁▂▃▅▆▇▆▅▃▂▁"}, {"uid": "2170632", "content": "▁▂▃▅▆▇▆▅▃▂▁▁▂▃▅▆▇▆▅▃▂▁▁▂▃▅▆▇▆▅▃▂▁▁▂▃▅▆▇▆▅▃▂▁▁▂▃▅▆▇▆▅▃▂▁▁▂▃▅▆▇▆▅▃▂▁▁▂▃▅▆▇▆▅▃▂▁▁▂▃▅▆▇▆▅▃▂▁▁▂▃▅▆▇▆▅▃▂▁"}, {"uid": "2170632", "content": "▁▂▃▅▆▇▆▅▃▂▁▁▂▃▅▆▇▆▅▃▂▁▁▂▃▅▆▇▆▅▃▂▁▁▂▃▅▆▇▆▅▃▂▁▁▂▃▅▆▇▆▅▃▂▁▁▂▃▅▆▇▆▅▃▂▁▁▂▃▅▆▇▆▅▃▂▁▁▂▃▅▆▇▆▅▃▂▁▁▂▃▅▆▇▆▅▃▂▁"}, {"uid": "148149758", "content": "艾丽娅艾丽娅艾丽娅艾丽娅艾丽娅艾丽娅艾丽娅艾丽娅艾丽娅艾丽娅艾丽娅艾丽娅"}, {"uid": "17436256", "content": "▁▂▃▅▆▇▆▅▃▂▁▁▂▃▅▆▇▆▅▃▂▁▁▂▃▅▆▇▆▅▃▂▁▁▂▃▅▆▇▆▅▃▂▁▁▂▃▅▆▇▆▅▃▂▁▁▂▃▅▆▇▆▅▃▂▁▁▂▃▅▆▇▆▅▃▂▁▁▂▃▅▆▇▆▅▃▂▁▁▂▃▅▆▇▆▅▃▂▁"}, {"uid": "17436256", "content": "▁▂▃▅▆▇▆▅▃▂▁▁▂▃▅▆▇▆▅▃▂▁▁▂▃▅▆▇▆▅▃▂▁▁▂▃▅▆▇▆▅▃▂▁▁▂▃▅▆▇▆▅▃▂▁▁▂▃▅▆▇▆▅▃▂▁▁▂▃▅▆▇▆▅▃▂▁▁▂▃▅▆▇▆▅▃▂▁▁▂▃▅▆▇▆▅▃▂▁"}, {"uid": "17436256", "content": "▁▂▃▅▆▇▆▅▃▂▁▁▂▃▅▆▇▆▅▃▂▁▁▂▃▅▆▇▆▅▃▂▁▁▂▃▅▆▇▆▅▃▂▁▁▂▃▅▆▇▆▅▃▂▁▁▂▃▅▆▇▆▅▃▂▁▁▂▃▅▆▇▆▅▃▂▁▁▂▃▅▆▇▆▅▃▂▁▁▂▃▅▆▇▆▅▃▂▁"}, {"uid": "122110763", "content": "\\アリア/\\アリア/\\アリア/\\アリア/\\アリア/\\アリア/\\アリア/\\アリア/\\アリア/\\アリア/\\アリア/\\アリア/\\アリア/\\アリア/\\アリア/\\アリア/\\アリア/"}, {"uid": "122110763", "content": "\\アリア/\\アリア/\\アリア/\\アリア/\\アリア/\\アリア/\\アリア/\\アリア/\\アリア/\\アリア/\\アリア/\\アリア/\\アリア/\\アリア/\\アリア/\\アリア/\\アリア/"}, {"uid": "67655543", "content": "\\Aria/\\Aria/\\Aria/"}, {"uid": "27766502", "content": "\\艾莉亚/\\艾莉亚/\\艾莉亚/\\艾莉亚/\\艾莉亚/"}, {"uid": "17436256", "content": "\\アリア/\\アリア/\\アリア/"}, {"uid": "17436256", "content": "\\アリア/\\アリア/\\アリア/"}, {"uid": "17436256", "content": "\\アリア/\\アリア/\\アリア/\\アリア/"}, {"uid": "17436256", "content": "\\アリア/\\アリア/\\アリア/\\アリア/\\アリア/\\アリア/\\アリア/\\アリア/\\アリア/\\アリア/\\アリア/\\アリア/\\アリア/\\アリア/\\アリア/\\アリア/\\アリア/"}]