[{"uid": "390688213", "content": "这里不能吵架可以打架吗"}, {"uid": "20006195", "content": "我就知道，我就知道!"}, {"uid": "57578913", "content": "还有这种好事"}, {"uid": "189954623", "content": "我们和好吧（命令）"}, {"uid": "351891174", "content": "断尾警告"}, {"uid": "243971358", "content": "没事，反正都是魔法变出来的（"}, {"uid": "84724970", "content": "断 手 警 告"}, {"uid": "580506799", "content": "草"}, {"uid": "110390", "content": "你这是去迫害"}, {"uid": "110390", "content": "赚了 这就过去"}, {"uid": "110390", "content": "草日常迫害"}, {"uid": "10042939", "content": "oshiri草"}, {"uid": "21550586", "content": "恶人先告状"}, {"uid": "281735638", "content": "你说的这个观众是不是你自己.jpg"}, {"uid": "34005584", "content": "你们都教了什么啊"}, {"uid": "838438", "content": "毕竟大姐日文名oshiri来着（不是"}, {"uid": "32844952", "content": "差不多要上刑了"}, {"uid": "2253671", "content": "开幕雷击"}, {"uid": "10778462", "content": "？？？开幕雷击"}, {"uid": "2907196", "content": "原来是这样吗233"}, {"uid": "2907196", "content": "好耶～"}, {"uid": "2907196", "content": "全垒打！"}, {"uid": "2907196", "content": "what？.jph"}, {"uid": "71993", "content": "好，这就过去（狂喜"}, {"uid": "32818399", "content": "把尾巴折了"}, {"uid": "30872046", "content": "复婚"}, {"uid": "444279684", "content": "请务必对我这么做"}, {"uid": "23362230", "content": "还有这种好事？"}, {"uid": "3254961", "content": "要干架吗"}, {"uid": "2854211", "content": "开幕雷击"}, {"uid": "15784954", "content": "嗯？有什么不对劲"}, {"uid": "253419", "content": "开幕雷击"}, {"uid": "89498", "content": "白猫的尾巴为啥是根棍子啊"}, {"uid": "34801174", "content": "还有这种好事"}, {"uid": "2629851", "content": "开幕雷击"}, {"uid": "9227657", "content": "开幕雷击"}, {"uid": "5774948", "content": "P  あり"}, {"uid": "3916674", "content": "开幕雷击"}, {"uid": "2907196", "content": "好可爱啊"}, {"uid": "544972", "content": "草."}, {"uid": "6221030", "content": "开幕雷击"}, {"uid": "36513944", "content": "shiri生産"}, {"uid": "7654379", "content": "还有这种好事？"}, {"uid": "2629851", "content": "开幕雷击"}, {"uid": "81614539", "content": "开幕pp"}, {"uid": "2629851", "content": "好，这就来"}, {"uid": "10826451", "content": "开幕雷击"}, {"uid": "30982451", "content": "明天尾巴就没了"}, {"uid": "37851426", "content": "大姐那个你给我站住"}, {"uid": "6569554", "content": "哈哈哈哈哈哈哈"}, {"uid": "7991044", "content": "然后你就要断手了"}, {"uid": "2907196", "content": "awsl"}, {"uid": "4453298", "content": "开幕雷击"}, {"uid": "28740523", "content": "法棍伺候"}, {"uid": "604979", "content": "开幕孝女"}, {"uid": "86433410", "content": "来了来了"}, {"uid": "128541", "content": "开幕雷击"}, {"uid": "34108128", "content": "-30警告"}, {"uid": "401858702", "content": "迷迭迷迭帕里桑~"}, {"uid": "3168569", "content": "有这种好事？"}, {"uid": "44875455", "content": "你过来呀"}, {"uid": "28704270", "content": "草"}, {"uid": "10826451", "content": "来了来了"}, {"uid": "2854211", "content": "请务必！"}, {"uid": "170204766", "content": "？？？"}, {"uid": "3916674", "content": "草，这也没好到哪去啊"}, {"uid": "3078826", "content": "草，可爱"}, {"uid": "2907196", "content": ".jpg"}, {"uid": "4494836", "content": "草"}, {"uid": "544972", "content": "钝器"}, {"uid": "443529239", "content": "P0RN"}, {"uid": "401858702", "content": "迷迭迷迭帕里桑~"}, {"uid": "4538756", "content": "草"}, {"uid": "616321", "content": "请务必"}, {"uid": "31759443", "content": "草"}, {"uid": "30982451", "content": "草"}, {"uid": "37051501", "content": "ass"}, {"uid": "8084587", "content": "封妈谱"}, {"uid": "29195881", "content": "草"}, {"uid": "35299806", "content": "请务必"}, {"uid": "437420658", "content": "草"}, {"uid": "226263732", "content": "草"}, {"uid": "282103", "content": "奶！"}, {"uid": "9227657", "content": "？？？"}, {"uid": "13310817", "content": "草"}, {"uid": "325878386", "content": "草"}, {"uid": "10201951", "content": "马上来"}, {"uid": "2907196", "content": "wwwwwwwwww"}, {"uid": "71993", "content": "阿这"}, {"uid": "786526", "content": "草"}, {"uid": "23001624", "content": "cao1"}, {"uid": "3168569", "content": "来嘞"}, {"uid": "15588298", "content": "草"}, {"uid": "2263935", "content": "草"}, {"uid": "30872046", "content": "草"}, {"uid": "431234601", "content": "草"}, {"uid": "253419", "content": "嗯？"}, {"uid": "39412131", "content": "开幕雷击"}, {"uid": "23001624", "content": "？"}, {"uid": "325878386", "content": "草"}, {"uid": "356738114", "content": "ww"}, {"uid": "32818399", "content": "啊这"}]