[{"uid": "434033722", "content": "那个猫是摇摇车吗"}, {"uid": "8191276", "content": "你居然能抢到白银乡的房子"}, {"uid": "33440686", "content": "."}, {"uid": "12082320", "content": "等等等，不给猫换名字的吗"}, {"uid": "44875455", "content": "《五彩斑斓的黑》"}, {"uid": "44875455", "content": "恩？白银乡？原来房子是被你抢的"}, {"uid": "15138435", "content": "叔叔也该谢谢你"}, {"uid": "15138435", "content": "真敢呀，艾莉娅桑"}, {"uid": "202303979", "content": "草，这不是毫不掩饰嘛"}, {"uid": "20369025", "content": "《甲方要求》"}, {"uid": "13912932", "content": "想和艾丽娅一起碎觉觉(*≧▽≦)ﾉｼ))"}, {"uid": "36769691", "content": "草"}, {"uid": "36769691", "content": "火 rui 火（"}, {"uid": "35541332", "content": "日本r 发r的音的话就一样了"}, {"uid": "10031973", "content": "rui君？"}, {"uid": "34891673", "content": "明天因为右手先开直播间被剔除小闪电"}, {"uid": "367041", "content": "rui君都出来了"}, {"uid": "1425171", "content": "果然是你梅丽"}, {"uid": "1451236", "content": "这房间冬天一定会觉得特别冷"}, {"uid": "13275281", "content": "波斯地毯"}, {"uid": "35519975", "content": "草"}, {"uid": "30872046", "content": "小陈 小闪电安排了吗"}, {"uid": "30872046", "content": "wwww"}, {"uid": "101193063", "content": "风铃吗"}, {"uid": "101193063", "content": "知道，大学选修课学过"}, {"uid": "101193063", "content": "这个尾巴太有个性了"}, {"uid": "157763", "content": "冰雪公主房间"}, {"uid": "57889391", "content": "挖槽，rui"}, {"uid": "8284532", "content": "酸 rui君 酸"}, {"uid": "35299806", "content": "好可爱啊，救命啊"}, {"uid": "755531", "content": "本体"}, {"uid": "28495278", "content": "标准甲方"}, {"uid": "11329290", "content": "rui君被阉了，小陈啊……"}, {"uid": "323953409", "content": "好可爱的房间啊~"}, {"uid": "619168", "content": "危 金玉 危"}, {"uid": "164125", "content": "这个背景画的的确NB，，，"}, {"uid": "128541", "content": "果然是齿轮桑"}, {"uid": "3020373", "content": "法国最早开始流行的奢华风格"}, {"uid": "217797936", "content": "暗中观察"}, {"uid": "11300145", "content": "不该叫陈桑吗"}, {"uid": "10826451", "content": "奥数好耶"}, {"uid": "10826451", "content": "知道，鱼丸虹卡222进化让对面变成13"}, {"uid": "10826451", "content": "猫随主人"}, {"uid": "15496318", "content": "小陈快来单推，别不识好歹"}, {"uid": "4912018", "content": "酸了"}, {"uid": "3900958", "content": "窗外那个不是30？"}, {"uid": "16586347", "content": "草"}, {"uid": "171204", "content": "小陈"}, {"uid": "145586", "content": "陈叔叔草"}, {"uid": "262562160", "content": "小rui 现在的你很卑鄙"}, {"uid": "94506", "content": "收益化终止不可避"}, {"uid": "1808632", "content": "草"}, {"uid": "130958", "content": "草"}, {"uid": "399587902", "content": "草"}, {"uid": "234584532", "content": "很可爱，窗户外面是帕里的影子吗"}, {"uid": "277975006", "content": "@陈睿"}, {"uid": "766706", "content": "其实很像"}, {"uid": "286472323", "content": "草"}, {"uid": "766706", "content": "小陈快点"}, {"uid": "786526", "content": "草"}, {"uid": "38274277", "content": "《永远不要相信 你的甲方知道他需要什么》"}, {"uid": "371656071", "content": "迷迭迷迭帕里桑～"}, {"uid": "454548766", "content": "爹爹~"}, {"uid": "41287274", "content": "这尾巴都是直的"}, {"uid": "23274551", "content": "blm太草了"}, {"uid": "6811048", "content": "草"}, {"uid": "455090", "content": "这不得at一下小陈"}, {"uid": "5731509", "content": "暗示叔叔没有蛋蛋"}, {"uid": "10826451", "content": "你居然能在白银乡抢到L房？？"}, {"uid": "6520124", "content": "自爆了草"}, {"uid": "2705066", "content": "你家还蛮大的"}, {"uid": "66960942", "content": "没有蛋蛋？"}, {"uid": "254088638", "content": "ohhhhhhh好漂亮"}, {"uid": "86191", "content": "哪有 都是小陈"}, {"uid": "371656071", "content": "迷迭迷迭帕里桑～"}, {"uid": "30009618", "content": "草"}, {"uid": "4029049", "content": "小陈来一下小陈"}, {"uid": "2003915", "content": "blm"}, {"uid": "44875455", "content": "收益化被砍不可避"}, {"uid": "13358463", "content": "你的猫也叫rui ?（"}, {"uid": "31507104", "content": "这房间对眼睛不好吧"}, {"uid": "28020815", "content": "好厉害啊"}, {"uid": "2163611", "content": "卧槽，睿"}, {"uid": "197784703", "content": "看上去很冷www"}, {"uid": "253830", "content": "black lives matter草"}, {"uid": "11773507", "content": "全是冷色调啊"}, {"uid": "314512251", "content": "草"}, {"uid": "16096557", "content": "自爆步兵"}, {"uid": "2907196", "content": "哇，有点好看啊~~~~"}, {"uid": "386584259", "content": "rui君草，自爆了"}, {"uid": "227530491", "content": "草，牌佬来了"}, {"uid": "65241177", "content": "帕里桑"}, {"uid": "1788374", "content": "后后巴洛克，贵族死要面子活受罪的时期"}, {"uid": "2571678", "content": "窗户外面有两个人？"}, {"uid": "35299806", "content": "睿总来看看艾丽娅啊"}, {"uid": "35509930", "content": "草"}, {"uid": "4988004", "content": "就是看着有点冷"}, {"uid": "13634152", "content": "草"}, {"uid": "5689215", "content": "帕里桑~"}, {"uid": "13634152", "content": "好华丽！"}, {"uid": "71507197", "content": "小陈走开呀"}, {"uid": "3656970", "content": "rui君？中之人暴露"}, {"uid": "37721489", "content": "没有蛋蛋的rui君"}, {"uid": "2907196", "content": "小陈来一下小陈（"}, {"uid": "44875455", "content": "脱口而出"}, {"uid": "15138435", "content": "哇哦哦哦哦哦"}, {"uid": "3326169", "content": "RUI君还行"}, {"uid": "8849690", "content": "好冷的色调"}, {"uid": "128541", "content": "小陈金玉交一下"}, {"uid": "40205983", "content": "小陈"}, {"uid": "1825150", "content": "挺好看的"}, {"uid": "36143746", "content": "睿君大草"}, {"uid": "50505623", "content": "草"}, {"uid": "23001624", "content": "哇偶"}, {"uid": "17637149", "content": "太漂亮了"}, {"uid": "6192444", "content": "一开始还没反应过来rui君是啥wwwww"}, {"uid": "27112187", "content": "草"}, {"uid": "23274551", "content": "草"}, {"uid": "694492738", "content": "WOW！"}, {"uid": "22063278", "content": "www"}, {"uid": "393294", "content": "白银乡？"}, {"uid": "8243531", "content": "小睿"}, {"uid": "8243531", "content": "? "}, {"uid": "2854211", "content": "小陈……小陈……金玉"}, {"uid": "35752144", "content": "bl草"}, {"uid": "11091551", "content": "窗外的人影是谁"}, {"uid": "1825150", "content": "这歌玩偶不错"}, {"uid": "2350991", "content": "@陈睿"}, {"uid": "423328618", "content": "占沙发了"}, {"uid": "194175206", "content": "beautiful"}, {"uid": "163401", "content": "危"}, {"uid": "38274277", "content": "太强了吧"}, {"uid": "17758362", "content": "请中国画手画的吗"}, {"uid": "279241258", "content": "挺冷的"}, {"uid": "1619259792", "content": "下次用巴洛克式吧"}, {"uid": "36769691", "content": "草"}, {"uid": "439819", "content": "自爆"}, {"uid": "439819", "content": "woooow"}, {"uid": "434431", "content": "←不用进化，爆能5"}, {"uid": "30446724", "content": "看上去很冷"}, {"uid": "30254330", "content": "哇"}, {"uid": "5425162", "content": "陈路易"}, {"uid": "436096", "content": "还是有点像的"}, {"uid": "4912018", "content": "太漂亮了"}, {"uid": "4912018", "content": "哇"}, {"uid": "108167611", "content": "草"}, {"uid": "475596", "content": "xswl"}, {"uid": "2907196", "content": "wwwwww"}, {"uid": "43074", "content": "草"}, {"uid": "2907196", "content": "rui君suki！"}, {"uid": "19174622", "content": "草"}, {"uid": "85783039", "content": "rui"}, {"uid": "5422629", "content": "睿君("}, {"uid": "81607", "content": "睿桑阿里嘎多"}, {"uid": "4988004", "content": "哇"}, {"uid": "1563471", "content": "太亮了"}, {"uid": "2854211", "content": "rui君——！"}, {"uid": "217797936", "content": "好闪"}, {"uid": "10826451", "content": "blm？"}, {"uid": "16497695", "content": "好看唉"}, {"uid": "30162874", "content": "叔叔听到了吗，小闪电还不安排上"}, {"uid": "727769", "content": "好看"}, {"uid": "15138435", "content": "rui君是吧"}, {"uid": "20369025", "content": "我 上 面 有 人"}, {"uid": "85255397", "content": "厄运"}, {"uid": "38000529", "content": "上流"}, {"uid": "10826451", "content": "好冷"}, {"uid": "17480001", "content": "草"}, {"uid": "453258811", "content": "小陈"}, {"uid": "20293616", "content": "超豪华"}, {"uid": "82222380", "content": "睿睿"}, {"uid": "383490560", "content": "草"}, {"uid": "277975006", "content": "哇"}, {"uid": "766706", "content": "@小睿"}, {"uid": "349522340", "content": "好烫"}, {"uid": "103302929", "content": "冷"}, {"uid": "544299387", "content": "bl www"}, {"uid": "29644843", "content": "888888"}, {"uid": "23928217", "content": "啊这"}, {"uid": "2405004", "content": "漂亮"}, {"uid": "30111632", "content": "迷迭迷迭"}]