[{"uid": "10023488", "content": "这就是清楚吗"}, {"uid": "3303215", "content": "不 就是你一开始理解的意思"}, {"uid": "416251400", "content": "《清楚担当》"}, {"uid": "54720423", "content": "在现场"}, {"uid": "30982451", "content": "就是你想的那个意思"}, {"uid": "3930046", "content": "清楚担当（草莓牛奶限定）"}, {"uid": "217797936", "content": "字正腔圆"}, {"uid": "2203831", "content": "这能解释吗？！"}, {"uid": "2203831", "content": "让我看看"}, {"uid": "642808", "content": "但凡说自己清楚的，全是混沌的。。"}, {"uid": "67994833", "content": "草"}, {"uid": "87896682", "content": "草猫5没你我不玩"}, {"uid": "81607", "content": "是猫儿棒硬那个"}, {"uid": "384796790", "content": "？？？？？？？？？？？？？"}, {"uid": "6761144", "content": "不要放大啊"}, {"uid": "8839580", "content": "啾啾猫猫"}, {"uid": "8839580", "content": "啾啾猫猫"}, {"uid": "212101", "content": "太草了"}, {"uid": "7896115", "content": "ガチガチ猫"}, {"uid": "1939565", "content": "尾巴硬硬的"}, {"uid": "36932948", "content": "哦！她发出r的音了"}, {"uid": "57578913", "content": "好可爱啊草"}, {"uid": "13561995", "content": "不愧是你"}, {"uid": "30872046", "content": "要来了"}, {"uid": "270040493", "content": "装不知道的清楚偶像"}, {"uid": "327388057", "content": "封面有内味了"}, {"uid": "13742821", "content": "那么可爱的皮居然那么混沌 我d了"}, {"uid": "306797", "content": "很 有 精 神"}, {"uid": "82659133", "content": "aria学的这些鬼在座的群友都有责任（"}, {"uid": "82659133", "content": "“说自己清楚的人其实是不清楚的”"}, {"uid": "170865942", "content": "《清 楚 代 表》"}, {"uid": "170865942", "content": "每个混沌代表都讲自己清楚"}, {"uid": "667229452", "content": "懂得都懂"}, {"uid": "11872189", "content": "你也是清楚担当"}, {"uid": "280936739", "content": "她都学了些什么啊"}, {"uid": "182561331", "content": "草什么弔图都有"}, {"uid": "10581", "content": "前 尾 巴"}, {"uid": "67655543", "content": "草"}, {"uid": "2281084", "content": "和超管斗智斗勇"}, {"uid": "430099272", "content": "得给这猫去势"}, {"uid": "589694196", "content": "草"}, {"uid": "217797936", "content": "对猫来讲挺下流的"}, {"uid": "38339485", "content": "吊图一堆"}, {"uid": "109691027", "content": "？！"}, {"uid": "291862", "content": "开 幕 诈 骗"}, {"uid": "334461", "content": "你们都教了些什么啊！"}, {"uid": "259489909", "content": "太有精神了！"}, {"uid": "468373", "content": "清 楚"}, {"uid": "468373", "content": "开幕雷击"}, {"uid": "30872046", "content": "这个封面就离谱"}, {"uid": "178553196", "content": "哈哈哈"}, {"uid": "39813625", "content": "清楚？你再说一边~~~"}, {"uid": "86954029", "content": "？？？？"}, {"uid": "403285686", "content": "不要乱学啊！！！！！"}, {"uid": "2629851", "content": "awsl"}, {"uid": "2220830", "content": "？清楚"}, {"uid": "401099828", "content": "你不是人吗"}, {"uid": "401099828", "content": "清 楚"}, {"uid": "49144633", "content": "草"}, {"uid": "217797936", "content": "这恐怕是正面"}, {"uid": "217797936", "content": "看起来超清楚"}, {"uid": "498834645", "content": "P家的清楚担当（）"}, {"uid": "84240", "content": "怎么上来就说自己是清楚担当，骗谁呢"}, {"uid": "73139361", "content": "完了完了"}, {"uid": "73139361", "content": "可以啊，哈哈哈"}, {"uid": "21238132", "content": "草"}, {"uid": "2629851", "content": "草"}, {"uid": "143371", "content": "尾巴而已"}, {"uid": "36769691", "content": "她懂了"}, {"uid": "13356152", "content": "草"}, {"uid": "67655543", "content": "草"}, {"uid": "253419", "content": "虽然不知道你怎么想的，但你想的对"}, {"uid": "10581", "content": "我什么都看不见了"}, {"uid": "28567815", "content": "就装"}, {"uid": "50479517", "content": "awsl"}, {"uid": "8308058", "content": "哈哈哈哈哈哈哈"}, {"uid": "19195611", "content": "草"}, {"uid": "38339485", "content": "草"}, {"uid": "36294254", "content": "呲溜，是说谎的味道呢"}, {"uid": "57578913", "content": "awsl"}, {"uid": "87896682", "content": "又长又挺"}, {"uid": "36401197", "content": "牙白"}, {"uid": "16586347", "content": "草"}, {"uid": "544972", "content": "草"}, {"uid": "22916140", "content": "看了个寂寞"}, {"uid": "1931345", "content": "awsl"}, {"uid": "2629851", "content": "草草草"}, {"uid": "3627749", "content": "标题改了 哈哈"}, {"uid": "15823004", "content": "不愧是你"}, {"uid": "45851999", "content": "好耶"}, {"uid": "3627749", "content": "猫尾巴草"}, {"uid": "189954623", "content": "awsl"}, {"uid": "2629851", "content": "awsl"}, {"uid": "334926483", "content": "草"}, {"uid": "350911903", "content": "？？？？？？？"}, {"uid": "2629851", "content": "可爱"}, {"uid": "2629851", "content": "？？？？？？"}, {"uid": "5598346", "content": "草"}, {"uid": "101193063", "content": "又要？"}, {"uid": "544972", "content": "可爱"}, {"uid": "1438789", "content": "草"}, {"uid": "354112", "content": "草"}, {"uid": "337588", "content": "你也是清楚担当？"}, {"uid": "170865942", "content": "草"}, {"uid": "115981", "content": "猫猫来这里"}, {"uid": "2629851", "content": "awsl"}, {"uid": "2629851", "content": "草"}, {"uid": "288357911", "content": "草"}, {"uid": "13792286", "content": "草"}, {"uid": "2907196", "content": "应该问题不大"}, {"uid": "2907196", "content": "awsl"}, {"uid": "6761144", "content": "草"}, {"uid": "7454324", "content": "草"}, {"uid": "2629851", "content": "awsl"}, {"uid": "409803025", "content": "草"}, {"uid": "1438789", "content": "可以吧"}, {"uid": "30872046", "content": "无限立直（不好意思刚刚发底端弹幕了）"}, {"uid": "36769691", "content": "草"}, {"uid": "36769691", "content": "草"}, {"uid": "2629851", "content": "草"}, {"uid": "2629851", "content": "？？？？？？"}, {"uid": "30982451", "content": "你就装吧"}, {"uid": "182561331", "content": "草"}, {"uid": "667229452", "content": "？"}, {"uid": "67369443", "content": "你是个锤子的爱抖露"}, {"uid": "34764184", "content": "草"}, {"uid": "34764184", "content": "这怎么解释（"}, {"uid": "3168569", "content": "草"}, {"uid": "23362230", "content": "awsl"}, {"uid": "109040246", "content": "草"}, {"uid": "2629851", "content": "草"}, {"uid": "6906877", "content": "超管不会也是funny控吧？不是的话那没事了"}, {"uid": "252084554", "content": "草"}, {"uid": "350911903", "content": "？？？？？？？？？？？？"}, {"uid": "217797936", "content": "装"}, {"uid": "217797936", "content": "草"}, {"uid": "2629851", "content": "awsl"}, {"uid": "232747", "content": "草"}, {"uid": "67023605", "content": "awsl"}, {"uid": "12993427", "content": "草"}, {"uid": "413434", "content": "尾巴而已"}, {"uid": "212101", "content": "草"}, {"uid": "13031989", "content": "哦？"}, {"uid": "9272615", "content": "草"}, {"uid": "468373", "content": "草"}, {"uid": "10165668", "content": "立直喵"}, {"uid": "499044", "content": "笑死"}, {"uid": "253419", "content": "一柱擎天草"}, {"uid": "10581", "content": "（笑）"}, {"uid": "23562069", "content": "标题就离谱"}, {"uid": "2629851", "content": "awsl"}, {"uid": "401099828", "content": "？？？？"}, {"uid": "294025608", "content": "？？？？"}, {"uid": "28567815", "content": "草"}, {"uid": "7833743", "content": "草"}, {"uid": "2203831", "content": "草"}, {"uid": "476817", "content": "草"}, {"uid": "5855044", "content": "草"}, {"uid": "354112", "content": "精神小妹"}, {"uid": "13575070", "content": "草"}, {"uid": "212101", "content": "Awsl"}, {"uid": "36769691", "content": "草"}, {"uid": "2773928", "content": "？？？"}, {"uid": "415272166", "content": "草"}, {"uid": "86954029", "content": "草"}, {"uid": "6761144", "content": "草"}, {"uid": "27457325", "content": "好活"}, {"uid": "337557349", "content": "还要放大 笑s了哈哈哈哈哈哈哈哈哈"}, {"uid": "8243531", "content": "? "}, {"uid": "1559765925", "content": "这猫的yi巴太……"}, {"uid": "109691027", "content": "草"}, {"uid": "2552121", "content": "wwwwww"}, {"uid": "16438254", "content": "这没啥啊"}, {"uid": "3529224", "content": "草"}, {"uid": "2629851", "content": "wwwwwwww"}, {"uid": "2629851", "content": "kksk"}, {"uid": "143371", "content": "又"}, {"uid": "143371", "content": "awsl"}, {"uid": "29188246", "content": "草"}, {"uid": "306797", "content": "草"}, {"uid": "131859696", "content": "？"}, {"uid": "15138435", "content": "好像!!!"}, {"uid": "2790068", "content": "草"}, {"uid": "253419", "content": "awsl"}, {"uid": "416049300", "content": "草"}, {"uid": "510003812", "content": "草"}, {"uid": "4007", "content": "清楚个鬼!"}, {"uid": "18368921", "content": "挡字幕的拖出去喂猫"}, {"uid": "170204766", "content": "誰？"}, {"uid": "304104155", "content": "？"}, {"uid": "384796790", "content": "？？？？？？？？？？？？？？？"}]