[{"uid": "401099828", "content": "我们遇到什么困难也不要怕，微笑着面对它"}, {"uid": "348504366", "content": "他们就是那么熟练的"}, {"uid": "8308058", "content": "太草"}, {"uid": "27164642", "content": "？"}, {"uid": "27164642", "content": "？"}, {"uid": "39156096", "content": "新型网络暴力"}, {"uid": "30159944", "content": "你反省了个锤子"}, {"uid": "2450646", "content": "paryi pro("}, {"uid": "678063801", "content": "我错了，下次还敢，既视感"}, {"uid": "19425226", "content": "草"}, {"uid": "3526996", "content": "吃我吃我吃我！"}, {"uid": "44875455", "content": "白百合：？"}, {"uid": "21098678", "content": "婚约者太草"}, {"uid": "104503620", "content": "？"}, {"uid": "37458259", "content": "最高指令"}, {"uid": "37458259", "content": "草草草"}, {"uid": "37458259", "content": "混沌发言"}, {"uid": "40874233", "content": "watashimo+1"}, {"uid": "11624558", "content": "崭新的知识增加了JPG."}, {"uid": "38339485", "content": "婚约者（幻听）"}, {"uid": "28042174", "content": "笑得太猖狂了"}, {"uid": "10826451", "content": "没事。。。草莓牛奶还没。。。"}, {"uid": "10826451", "content": "混 沌 本 源"}, {"uid": "11331084", "content": "2200的2200种写法.jpg"}, {"uid": "523440453", "content": "草"}, {"uid": "15279466", "content": "我觉得还是直接动手好点"}, {"uid": "30564187", "content": "上房揭瓦"}, {"uid": "45029989", "content": "冷 暴 力"}, {"uid": "94043141", "content": "游击战那个停下来"}, {"uid": "11872189", "content": "危 号 危"}, {"uid": "17480001", "content": "草"}, {"uid": "3992443", "content": "越说越不相信自己"}, {"uid": "1847746", "content": "草"}, {"uid": "2683805", "content": "草"}, {"uid": "1185094508", "content": "一股yyut既视感是怎么回事"}, {"uid": "197816147", "content": "草"}, {"uid": "415287136", "content": "她又懂了"}, {"uid": "3401118", "content": "不还是放出来了"}, {"uid": "1415724", "content": "勇敢的面对她，战胜恐惧的唯一方法就是面对恐惧"}, {"uid": "6433566", "content": "地 下 党"}, {"uid": "435098815", "content": "《狂 人 日 记》"}, {"uid": "7958827", "content": "pepepupu"}, {"uid": "15733751", "content": "出来，面对我"}, {"uid": "2554008", "content": "然后翻译man被ban了"}, {"uid": "35752144", "content": "草"}, {"uid": "439136123", "content": "我也喜欢呀"}, {"uid": "30872046", "content": "派派可以用馒头代替"}, {"uid": "378371", "content": "俺也一样"}, {"uid": "5948639", "content": "水果摊主打欧柏和欧西梨"}, {"uid": "36769691", "content": "草"}, {"uid": "348834127", "content": "打了不会更高兴？"}, {"uid": "694492738", "content": "你一直在说这两个词，从来没有停过！"}, {"uid": "761900", "content": "？"}, {"uid": "6898", "content": "不要紧"}, {"uid": "323953409", "content": "？？？？血压逐渐升高"}, {"uid": "279286688", "content": "草"}, {"uid": "319438875", "content": "不用翻译都能听懂的词就不要这样了吧"}, {"uid": "45422143", "content": "草"}, {"uid": "35118504", "content": "销户直播间那可是谜语人的终极战场啊"}, {"uid": "95246440", "content": "什么spanking？"}, {"uid": "5529326", "content": "不会道歉哦"}, {"uid": "37458259", "content": "暗号正确"}, {"uid": "13310817", "content": "俺也一样"}, {"uid": "452985223", "content": "开屏雷击"}, {"uid": "457349714", "content": "Ass"}, {"uid": "31286105", "content": "草"}, {"uid": "10826451", "content": "草，你还知道"}, {"uid": "5324014", "content": "字正腔圆"}, {"uid": "30564187", "content": "草"}, {"uid": "683473", "content": "白百合莉莉震怒"}, {"uid": "796668", "content": "草"}, {"uid": "1808632", "content": "你看不起谁wwwww"}, {"uid": "2938618", "content": "隔壁白百合：？"}, {"uid": "351418536", "content": "我也一样"}, {"uid": "282103", "content": "派派 曼曼"}, {"uid": "11544870", "content": "哈哈哈哈"}, {"uid": "131652679", "content": "草"}, {"uid": "223810354", "content": "草"}, {"uid": "401986767", "content": "我错了，到没有完全错"}, {"uid": "10165668", "content": "只要不说草莓牛奶一切都可以"}, {"uid": "2220830", "content": "草"}, {"uid": "253419", "content": "学 到 了"}, {"uid": "319089958", "content": "她太懂了"}, {"uid": "240999265", "content": "08？"}, {"uid": "103022524", "content": "？草"}, {"uid": "37665009", "content": "暗  号"}, {"uid": "406349620", "content": "草"}, {"uid": "2629851", "content": "草"}, {"uid": "14635861", "content": "清 楚 三 铳 士（确信"}, {"uid": "452985223", "content": "满屏写着吃人（bushi）"}, {"uid": "452985223", "content": "我也喜欢，贴贴"}, {"uid": "37513210", "content": "同传：你反省的样子是真的吗"}, {"uid": "430522", "content": "动手他们会兴奋的"}, {"uid": "13275281", "content": "你立字据"}, {"uid": "15138435", "content": "哈哈哈哈"}, {"uid": "2648536", "content": "暴露了"}, {"uid": "90962120", "content": "玉碎指令"}, {"uid": "5073680", "content": "peepeepoopoo"}, {"uid": "7692705", "content": "？"}, {"uid": "7692705", "content": "我们怕超管啊"}, {"uid": "83260181", "content": "纳尼！还完美翻译"}, {"uid": "7991044", "content": "但是会被叔叔炖的啊"}, {"uid": "32423963", "content": "草"}, {"uid": "13594081", "content": "pp"}, {"uid": "13594081", "content": "草"}, {"uid": "3916674", "content": "对不起，下次还敢"}, {"uid": "6433566", "content": "环境使然，游击战打多了（悲"}, {"uid": "6433566", "content": "不同传就无法活下去"}, {"uid": "6433566", "content": "毫无悔意  十分嚣张"}, {"uid": "3165318", "content": "P家的P，其实就是……"}, {"uid": "9535416", "content": "你倒是反省啊！"}, {"uid": "82024", "content": "《清楚》"}, {"uid": "52433747", "content": "水果摊 芒果什么的"}, {"uid": "307214", "content": "俺也一样"}, {"uid": "11344630", "content": "草"}, {"uid": "71993", "content": "原来是不可抗力啊，那没事了（狗头"}, {"uid": "27164642", "content": "？"}, {"uid": "14706512", "content": "隔壁憨天使傻了23333"}, {"uid": "10579112", "content": "草草草"}, {"uid": "740471", "content": "翻译组被迫支起了水果摊"}, {"uid": "22680307", "content": "大国躬酱"}, {"uid": "20326678", "content": "还不是因为正常发出来会被ban"}, {"uid": "36401197", "content": "派派：？？"}, {"uid": "353039514", "content": "大变申"}, {"uid": "2629851", "content": "？？？"}, {"uid": "35777504", "content": "草"}, {"uid": "452985223", "content": "她叫我88，她心里有我"}, {"uid": "20578472", "content": "www"}, {"uid": "3574603", "content": "有什么区别吗"}, {"uid": "19522252", "content": "草"}, {"uid": "10826451", "content": "屡 教 不 改"}, {"uid": "248596729", "content": "本音草"}, {"uid": "15138435", "content": "pp"}, {"uid": "15138435", "content": "你都反省些了什么"}, {"uid": "6119188", "content": "草"}, {"uid": "14166175", "content": "草"}, {"uid": "8298552", "content": "草"}, {"uid": "6522841", "content": "在销户直播间练出来了"}, {"uid": "1971366", "content": "dd"}, {"uid": "351418536", "content": "草"}, {"uid": "6433566", "content": "威 胁"}, {"uid": "6221030", "content": "《有》"}, {"uid": "435098815", "content": "Peach pie"}, {"uid": "3254961", "content": "草"}, {"uid": "306336851", "content": "嘶……这都什么混沌魔神"}, {"uid": "36769691", "content": "草"}, {"uid": "20328733", "content": "不 我们怕的是平台违禁"}, {"uid": "4130547", "content": "草"}, {"uid": "33919342", "content": "这就是躬匠精神吗"}, {"uid": "185872154", "content": "草"}, {"uid": "740471", "content": "ommc"}, {"uid": "354112", "content": "确实，提高文字效率造词很快"}, {"uid": "334926483", "content": "草"}, {"uid": "341093139", "content": "草"}, {"uid": "37458259", "content": "？"}, {"uid": "36810930", "content": "那不是更明显了吗"}, {"uid": "217797936", "content": "言 语 暴 力"}, {"uid": "31286105", "content": "屁"}, {"uid": "248596729", "content": "草"}, {"uid": "14642241", "content": "当初谁说的清楚系！"}, {"uid": "5731447", "content": "你没问题了"}, {"uid": "614160", "content": "狂笑"}, {"uid": "83260181", "content": "草"}, {"uid": "92085", "content": "很难不喜欢"}, {"uid": "523133505", "content": "草"}, {"uid": "23360177", "content": "那确实"}, {"uid": "11342575", "content": "草"}, {"uid": "71129403", "content": "小艾莉娅还挺q弹"}, {"uid": "435098815", "content": "ass"}, {"uid": "11786477", "content": "草"}, {"uid": "101193063", "content": "你也知道啊草"}, {"uid": "30872046", "content": "草"}, {"uid": "205420067", "content": "被发现了"}, {"uid": "4912018", "content": "草."}, {"uid": "2624781", "content": "草"}, {"uid": "350727660", "content": "还有人记得游佬啊"}, {"uid": "9892542", "content": "这都小事，同传直接给BAN了不就解了？（doge"}, {"uid": "37665009", "content": "ass♂"}, {"uid": "33540376", "content": "????"}, {"uid": "471295015", "content": "我在想为啥一直在抖啊"}, {"uid": "354112", "content": "无法同时达到的信达雅"}, {"uid": "10042939", "content": "对不起，下次继续"}, {"uid": "2907196", "content": "她真懂"}, {"uid": "571812", "content": "一 亿 玉 碎"}, {"uid": "104503620", "content": "？？？"}, {"uid": "1552496", "content": "草"}, {"uid": "452985223", "content": "排排和。。。。。"}, {"uid": "452985223", "content": "《下次不一定》"}, {"uid": "452985223", "content": "《我错了》"}, {"uid": "37513210", "content": "虽然很抱歉，但下次一定"}, {"uid": "414996747", "content": "突然发现派派和屁屁不需要翻译也能听懂啊kora"}, {"uid": "36810930", "content": "同传man被绑架了就眨眨眼"}, {"uid": "360997", "content": "∞"}, {"uid": "755531", "content": "我们没怕你，我们怕你没了"}, {"uid": "23576276", "content": "好耶"}, {"uid": "15138435", "content": "啊这"}, {"uid": "6522841", "content": "就用Siri代替吧"}, {"uid": "197816147", "content": "草"}, {"uid": "13185222", "content": "草，派和屁都可以用pi来指代，真是奇怪的双关呢"}, {"uid": "6433566", "content": "草"}, {"uid": "131652679", "content": "《完美地》"}, {"uid": "4297382", "content": "hhhhhhh"}, {"uid": "197045249", "content": "草"}, {"uid": "4912018", "content": "哈哈哈哈哈哈"}, {"uid": "7152756", "content": "俺也一样"}, {"uid": "212101", "content": "草"}, {"uid": "4912018", "content": "草"}, {"uid": "323953409", "content": "哈哈哈哈哈"}, {"uid": "259169", "content": "dd当场逮捕"}, {"uid": "40613413", "content": "本音大放送"}, {"uid": "1255939087", "content": "业界黑话"}, {"uid": "374374149", "content": "白百合探头"}, {"uid": "10579112", "content": "草"}, {"uid": "153338083", "content": "sodayo（"}, {"uid": "21855889", "content": "同传直接气炸.jpg"}, {"uid": "9892542", "content": "我们怕吃B站的口球啊"}, {"uid": "30159944", "content": "隔壁憨憨天使傻了"}, {"uid": "20326678", "content": "左边sc 请对同传善良一点"}, {"uid": "10042939", "content": "派派：？？？"}, {"uid": "2907196", "content": "我们遇到什么困难"}, {"uid": "2907196", "content": "强 行 转 折（"}, {"uid": "95246440", "content": "中国人用日语芒果避讳，日本人用汉语拼音避讳，太草了。"}, {"uid": "244302637", "content": "peepeepoopoo"}, {"uid": "37458259", "content": "？"}, {"uid": "452985223", "content": "姐姐骂我，姐姐打我（恳求）"}, {"uid": "73139361", "content": "这女人不装了"}, {"uid": "6664981", "content": "脑死了23333"}, {"uid": "31286105", "content": "游佬太难了"}, {"uid": "10826451", "content": "习惯了"}, {"uid": "156656", "content": "草"}, {"uid": "523440453", "content": "草"}, {"uid": "237825306", "content": "o40"}, {"uid": "683473", "content": "中文互联网的黑话博大精深"}, {"uid": "683473", "content": "吃 人 日 记"}, {"uid": "1451236", "content": "PP又是派派又是屁屁 通用，以后直接说4P就好了"}, {"uid": "1847746", "content": "？有差吗"}, {"uid": "4760671", "content": "草"}, {"uid": "37913832", "content": "yyut（确信）"}, {"uid": "351418536", "content": "草"}, {"uid": "17029425", "content": "草"}, {"uid": "3254961", "content": "请鞭打他们（"}, {"uid": "131652679", "content": "对不起，下次还来"}, {"uid": "20200533", "content": "我们没有怕你，只是怕超管来查房啊"}, {"uid": "205420067", "content": "我也喜欢，我们贴贴"}, {"uid": "1940757", "content": "翻译：我错了 但我不改 还要变本加厉"}, {"uid": "116791", "content": "我错了  可是我不会改"}, {"uid": "487279", "content": "草"}, {"uid": "39546766", "content": "？？？"}, {"uid": "23346132", "content": "草草草"}, {"uid": "33919342", "content": "俺也一样"}, {"uid": "4097245", "content": "只要我不尴尬，尴尬的就是你们了！"}, {"uid": "807708", "content": "我错了，下次加大力度"}, {"uid": "2212470", "content": "死 不 悔 改"}, {"uid": "224658115", "content": "密 码 战"}, {"uid": "2629851", "content": "草草草"}, {"uid": "3690746", "content": "88888（）"}, {"uid": "74173597", "content": "草草草草草"}, {"uid": "13310817", "content": "草"}, {"uid": "11624558", "content": "大 力 水 手"}, {"uid": "14335602", "content": "白切黄"}, {"uid": "38274277", "content": "放肆地笑了"}, {"uid": "66005745", "content": "屁屁是99"}, {"uid": "7692705", "content": "下次还敢"}, {"uid": "2938618", "content": "草"}, {"uid": "132680", "content": "环境下是这样的…"}, {"uid": "12974557", "content": "草"}, {"uid": "125720", "content": "草 p"}, {"uid": "18368921", "content": "pp应该不是说派派是屁屁吧"}, {"uid": "152765066", "content": "草草草草"}, {"uid": "22911008", "content": "草  过分了"}, {"uid": "36769691", "content": "对不起，下次还敢"}, {"uid": "4912018", "content": "草？？"}, {"uid": "4134415", "content": "我错了，下次还敢"}, {"uid": "348504366", "content": "pp"}, {"uid": "259169", "content": "还不如被你吃了啊"}, {"uid": "362300973", "content": "peepeepoopoo的那个走错了"}, {"uid": "35004205", "content": "你看她笑得多开心啊"}, {"uid": "35004205", "content": "？？"}, {"uid": "27164642", "content": "ちんちんくらい"}, {"uid": "23964614", "content": "密 码 本"}, {"uid": "23001624", "content": "草"}, {"uid": "10844615", "content": "草"}, {"uid": "33919342", "content": "哈哈哈哈哈哈哈哈哈哈"}, {"uid": "153338083", "content": "自欺欺人"}, {"uid": "10952446", "content": "俺也一样"}, {"uid": "20326678", "content": "胸罩叫派蒙是吧"}, {"uid": "11869933", "content": "草"}, {"uid": "95246440", "content": "这个肥肠爆欠下次还敢就很有以前内味儿"}, {"uid": "36810930", "content": "字正腔圆"}, {"uid": "31286105", "content": "草"}, {"uid": "7653623", "content": "可他们更渴望被动手"}, {"uid": "523440453", "content": "草"}, {"uid": "2163611", "content": "还真是，草"}, {"uid": "15138435", "content": "草，开幕雷击"}, {"uid": "30872046", "content": "debu笑"}, {"uid": "418025", "content": "已经不需要为收益化战斗了"}, {"uid": "21482042", "content": "OMMC）"}, {"uid": "128541", "content": "有区别吗"}, {"uid": "125720", "content": "草 p家"}, {"uid": "167683", "content": "《玉碎指令》"}, {"uid": "46218593", "content": "草"}, {"uid": "19174622", "content": "口派草"}, {"uid": "3109422", "content": "2333333"}, {"uid": "32535121", "content": "我们怕超管啊"}, {"uid": "142927977", "content": "哈？道歉有用的话还要警察干什么"}, {"uid": "10650378", "content": "草"}, {"uid": "30872046", "content": "让我们去狩猎那些欧西里吧"}, {"uid": "786526", "content": "草"}, {"uid": "4360410", "content": "下次还敢"}, {"uid": "401099828", "content": "草"}, {"uid": "23631236", "content": "草"}, {"uid": "259169", "content": "对不起 以后加倍"}, {"uid": "20680", "content": "草"}, {"uid": "109389235", "content": "？？？？？？"}, {"uid": "526074531", "content": "完全没在反省"}, {"uid": "53571040", "content": "对的"}, {"uid": "37513210", "content": "衷 情 同 传"}, {"uid": "2163611", "content": "嗯？这不什么都没有改变吗"}, {"uid": "5731447", "content": "开始加密"}, {"uid": "7692705", "content": "草"}, {"uid": "2938618", "content": "不翻译出来就是没有咯"}, {"uid": "920584", "content": "下次还敢，还要加大力度。"}, {"uid": "253419", "content": "88"}, {"uid": "21530", "content": "你一只白猫怎么干了隔壁的粉猫的活？"}]