[{"uid": "27631997", "content": "书接上回"}, {"uid": "314129445", "content": "我的好基友跟我打招呼就是上来就对我的臀部摸"}, {"uid": "27631997", "content": "视监是吧"}, {"uid": "24946243", "content": "草"}, {"uid": "38839510", "content": "下次还敢"}, {"uid": "13310817", "content": "草"}, {"uid": "456612560", "content": "要 来 力"}, {"uid": "2245028", "content": "草"}, {"uid": "23576276", "content": "天 堂 制 造    疯狂加速时间"}, {"uid": "23576276", "content": "每日任务新增一位"}, {"uid": "15138435", "content": "每日任务是吧"}, {"uid": "8284532", "content": "草"}, {"uid": "3204753", "content": "人财两空"}, {"uid": "207613158", "content": "怎么谁都能学nano"}, {"uid": "176914844", "content": "全家便利店哈哈哈哈哈哈，DNA动了"}, {"uid": "8665575", "content": "↓目睹了一切的帕里↓"}, {"uid": "2954926", "content": "www"}, {"uid": "859444", "content": "草"}, {"uid": "17461471", "content": "草"}, {"uid": "31071931", "content": "BV1KK4y1T7pm"}, {"uid": "384796790", "content": "噔噔咚！"}, {"uid": "384796790", "content": "噔噔咚！"}, {"uid": "2854211", "content": "野兽的气息"}, {"uid": "1989561", "content": "天 堂 制 造"}, {"uid": "12730176", "content": "在现场，nano的反应超可爱"}, {"uid": "11292122", "content": "跋山涉水"}, {"uid": "110390", "content": "草这家回的路程有点远"}, {"uid": "291885623", "content": "艾莉娅kilai"}, {"uid": "4297382", "content": "毛手毛脚（指正）"}, {"uid": "2188737", "content": "草，这个门铃是便利店吗"}, {"uid": "15784954", "content": "过于kimo吓跑了"}, {"uid": "15784954", "content": "害怕.jpg"}, {"uid": "5948639", "content": "tagおしり草"}, {"uid": "20317592", "content": "草"}, {"uid": "129482983", "content": "得 寸 进 尺"}, {"uid": "2234625", "content": "你退半步的动作认真的吗"}, {"uid": "30872046", "content": "草"}, {"uid": "1796309", "content": "你后退半步的动作是认真的吗"}, {"uid": "30872046", "content": "逻辑鬼才"}, {"uid": "19686150", "content": "？？？？是这个问题吗"}, {"uid": "217797936", "content": "言外之意"}, {"uid": "6753203", "content": "漂洋过海来摸屁屁"}, {"uid": "323953409", "content": "这个bgm有点吓到了"}, {"uid": "480362513", "content": "nano：阿里嘎豆↓"}, {"uid": "2817283", "content": "不如说夜深了才正好呢"}, {"uid": "253419", "content": "草"}, {"uid": "253419", "content": "欲擒故纵"}, {"uid": "253419", "content": "你退半步的样子认真的吗"}, {"uid": "253419", "content": "草"}, {"uid": "253419", "content": "好像啊hh"}, {"uid": "1552496", "content": "草"}, {"uid": "180313117", "content": "人财两空"}, {"uid": "189865", "content": "你给路达油~"}, {"uid": "3839104", "content": "草"}, {"uid": "431234601", "content": "谨防新型网络诈骗"}, {"uid": "431234601", "content": "nano：a li ga do"}, {"uid": "6101597", "content": "噔噔咚"}, {"uid": "404885669", "content": "阿里嘎豆↓"}, {"uid": "354112", "content": "シリhunter"}, {"uid": "44078585", "content": "仙人跳"}, {"uid": "14150446", "content": "开幕雷击"}, {"uid": "384796790", "content": "哈哈哈哈哈哈哈"}, {"uid": "384796790", "content": "草"}, {"uid": "384796790", "content": "草"}, {"uid": "133007", "content": "夕阳西下 断肠人在天涯！"}, {"uid": "14953466", "content": "财色两空"}, {"uid": "110390", "content": "草"}, {"uid": "32844952", "content": "好家伙，先礼后兵"}, {"uid": "19135546", "content": "危"}, {"uid": "431234601", "content": "蹬蹬咚"}, {"uid": "253419", "content": "噔噔咚"}, {"uid": "3118424", "content": "哈哈哈哈"}, {"uid": "227015029", "content": "嫖   资"}, {"uid": "253419", "content": "哈哈哈哈哈哈哈"}, {"uid": "12730176", "content": "哈哈哈哈哈"}, {"uid": "22902249", "content": "草"}, {"uid": "110390", "content": "开始小剧场"}, {"uid": "20317592", "content": "哈哈哈"}, {"uid": "71993", "content": "下次  还 敢"}, {"uid": "30872046", "content": "不容易啊为了摸屁股"}, {"uid": "1271891", "content": "哈哈哈"}, {"uid": "15174876", "content": "哈哈哈哈哈"}, {"uid": "334926483", "content": "草"}, {"uid": "384796790", "content": "哈哈哈哈哈哈"}, {"uid": "343845149", "content": "既然要追求刺激的话……"}, {"uid": "2980355", "content": "入店音草"}, {"uid": "30872046", "content": "wwww好像啊"}, {"uid": "325878386", "content": "草"}, {"uid": "431234601", "content": "经典老番"}, {"uid": "430099272", "content": "草"}, {"uid": "402482140", "content": "草"}, {"uid": "49715565", "content": "我曾经跨过山和大海"}, {"uid": "212014886", "content": "就为了摸.....至于吗"}, {"uid": "30982451", "content": "名场面"}, {"uid": "30982451", "content": "名场面"}, {"uid": "36769691", "content": "草"}, {"uid": "2679511", "content": "你还知道是kimo发言啊..."}, {"uid": "32423963", "content": "草"}, {"uid": "22902249", "content": "噔噔咚"}, {"uid": "23397069", "content": "笑吐了"}, {"uid": "7991044", "content": "嫖资"}, {"uid": "5276373", "content": "收买狗狗"}, {"uid": "34764024", "content": "哈哈哈哈哈哈"}, {"uid": "358335", "content": "草"}, {"uid": "30872046", "content": "抛砖引玉"}, {"uid": "30872046", "content": "debu笑"}, {"uid": "30872046", "content": "草"}, {"uid": "525518252", "content": "冥场面"}, {"uid": "47716873", "content": "太像了"}, {"uid": "33744652", "content": "草"}, {"uid": "207613158", "content": "草"}, {"uid": "36769691", "content": "草"}, {"uid": "441433041", "content": "虽然不在同一个时间"}, {"uid": "58164", "content": "嫖资"}, {"uid": "7485802", "content": "红围巾的狗可还行，丢人"}, {"uid": "18089432", "content": "草"}, {"uid": "75040882", "content": "要来了"}, {"uid": "5598346", "content": "草"}, {"uid": "297121", "content": "草"}, {"uid": "397698233", "content": "阿里嘎豆↓"}, {"uid": "4093010", "content": "嫖资"}, {"uid": "14150446", "content": "草"}, {"uid": "114864562", "content": "wwwwwwwwwwwwwwwwww"}, {"uid": "34764184", "content": "草"}, {"uid": "21128558", "content": "草"}, {"uid": "86924343", "content": "嫖资"}, {"uid": "286621735", "content": "嫖资草"}, {"uid": "30872046", "content": "草"}, {"uid": "100032699", "content": "哈哈哈哈哈哈哈哈"}, {"uid": "6811048", "content": "草"}, {"uid": "24946243", "content": "草"}, {"uid": "340360939", "content": "草"}, {"uid": "5657275", "content": "草"}, {"uid": "694492738", "content": "草"}, {"uid": "1931345", "content": "全家草"}, {"uid": "99719791", "content": "我nano酱，最喜欢对自以为是的人说no"}, {"uid": "286621735", "content": "草"}, {"uid": "587064", "content": "hhhhhh"}, {"uid": "67655543", "content": "草"}, {"uid": "525518252", "content": "草"}, {"uid": "683473", "content": "wwwwwww"}]