[{"uid": "1835257015", "content": "翼徳：有眼光"}, {"uid": "19846650", "content": "张飞演义里那时候17岁"}, {"uid": "574058", "content": "这句好可爱哦"}, {"uid": "290806403", "content": "字正腔圆！"}, {"uid": "277836529", "content": "已经见过好多日本的vtuber说张飞或者李逵可爱了 →_→"}, {"uid": "11337444", "content": "所以你倒是知道一下这是张飞啊"}, {"uid": "166191349", "content": "所以你是突然就理解了夏侯氏?"}, {"uid": "399282911", "content": "吾乃燕人张翼德"}, {"uid": "10088950", "content": "李靖飞：？？？"}, {"uid": "45000184", "content": "24还是年轻人，阿姨得多大年纪了"}, {"uid": "383361", "content": "草这也太标准了"}, {"uid": "14524105", "content": "姑娘，您真有个性"}, {"uid": "358713693", "content": "张飞：可爱"}, {"uid": "413743699", "content": "憨厚朴实确实是一种可爱"}, {"uid": "194175206", "content": "未见其人，先闻其声（"}, {"uid": "351907371", "content": "我是永远的24岁（谢谢兄弟，已经1000%了）"}, {"uid": "79902177", "content": "那个时候讲究人治，亲亲相隐是特别正常而公开的"}, {"uid": "241837504", "content": "张飞：“老人”？ “大叔”？"}, {"uid": "398515029", "content": "重新定义可爱"}, {"uid": "291958289", "content": "字正腔圆"}, {"uid": "455722183", "content": "但是以前一但犯法就没了"}, {"uid": "35950363", "content": "这句“俺也一样”说的太标准了"}, {"uid": "35950363", "content": "你这口味真的独特"}, {"uid": "471122024", "content": "24岁，是学生"}, {"uid": "2907196", "content": "那还是个没有安全裤的年代（"}, {"uid": "2907196", "content": "确实"}, {"uid": "5690785", "content": "这就是丑萌的美丽吗"}, {"uid": "166413848", "content": "想起她前世（或者说前前世？）说三弟可爱了，我还在想为什么她的xp能这么怪"}, {"uid": "107122", "content": "打不过打不过，不敢火不敢火"}, {"uid": "25873203", "content": "张飞：？？？？？？"}, {"uid": "11730611", "content": "张飞：什么玩意？！"}, {"uid": "354697938", "content": "现在人与人之间最基本的信任都没有了，比如安全裤"}, {"uid": "110390", "content": "这笑声不能信"}, {"uid": "30299777", "content": "真•切身体会"}, {"uid": "8937535", "content": "张飞：？？？"}, {"uid": "12662172", "content": "重新定义可爱"}, {"uid": "100342521", "content": "艾莉娅发音好标准……"}, {"uid": "217797936", "content": "毕竟b站怎么说也还年轻"}, {"uid": "185872154", "content": "24岁，是学生"}, {"uid": "20317592", "content": "你这个笑声让我很难相信你"}, {"uid": "9892542", "content": "小姑娘，你的XX好姬芭怪哦~"}, {"uid": "3078826", "content": "秦朝的时候法律就已经相对比较完善了"}, {"uid": "3078826", "content": "桃园结义可是千古美谈啊"}, {"uid": "571812", "content": "字正腔圆"}, {"uid": "319431083", "content": "好家伙，大叔控"}, {"uid": "29461825", "content": "喜欢环眼贼？没想到的doge"}, {"uid": "400367409", "content": "18岁学生表示很草"}, {"uid": "24992120", "content": "她真的喜欢大叔"}, {"uid": "37913832", "content": "24岁，是学生"}, {"uid": "20261384", "content": "你自己就是大叔样"}, {"uid": "92121645", "content": "金色的草"}, {"uid": "934786", "content": "也给俺也整一个"}, {"uid": "33919342", "content": "火 张飞 火"}, {"uid": "17703518", "content": "24岁，是学生"}, {"uid": "12247916", "content": "以前道德的地位在一定程度上是高于法律的。"}, {"uid": "40501902", "content": "提大叔的只有aria"}, {"uid": "6906877", "content": "酸 张翼德 酸"}, {"uid": "548598279", "content": "按原著，这时候的张飞也就二十来岁"}, {"uid": "13031989", "content": "25岁，是学生"}, {"uid": "103118473", "content": "哟，这不翼德兄吗？"}, {"uid": "524428254", "content": "张飞：欧尼酱呆死ki"}, {"uid": "2907196", "content": "结义就是真兄弟！"}, {"uid": "2629851", "content": "《可爱》"}, {"uid": "401099828", "content": "翼德：？？？"}, {"uid": "656990", "content": "可爱（确信）"}, {"uid": "110390", "content": "不不不我们最喜欢叫欧尼酱的张飞了"}, {"uid": "286621735", "content": "重新定义可爱"}, {"uid": "11870481", "content": "三人认识的时候刘备30出头 张飞好像18吧"}, {"uid": "7569830", "content": "老三国早年可是被日本正式引进，做了本地化处理并且电视台播放的"}, {"uid": "167843729", "content": "卡哇伊得丝"}, {"uid": "32385", "content": "因为当时在科学和律法之外，还有极强的信仰约束"}, {"uid": "37815622", "content": "我说大叔脸（女少口阿）"}, {"uid": "907752", "content": "但是张飞那时候其实很年轻啊23333"}, {"uid": "6611155", "content": "俺也一样，给俺也整一个！"}, {"uid": "380276", "content": "火 张飞 火"}, {"uid": "1808632", "content": "30岁还不算大叔啊喂"}, {"uid": "6792835", "content": "飞飞那么可爱"}, {"uid": "495281499", "content": "身是张翼德 谁来共决死"}, {"uid": "1017075360", "content": "本来就是年轻人看V"}, {"uid": "74173597", "content": "草草草草"}, {"uid": "37913832", "content": "张飞和刘备刚出山的时候可能也就不到30"}, {"uid": "10319", "content": "翼德 打不过"}, {"uid": "315304031", "content": "哈哈哈哈"}, {"uid": "1357302", "content": "30岁大叔狂喜"}, {"uid": "194175206", "content": "新概念可爱"}, {"uid": "3992443", "content": "一起舍生取义跟缔结交易当然不同了"}, {"uid": "354293575", "content": "21路过"}, {"uid": "4784719", "content": "30岁就大叔了？"}, {"uid": "8211248", "content": "我三弟天下无敌"}, {"uid": "142455", "content": "长得像猫的张飞酱"}, {"uid": "30570046", "content": "awsl"}, {"uid": "2907196", "content": "人在做，天在看"}, {"uid": "36399091", "content": "喜欢浓眉大眼的啊2333"}, {"uid": "15224120", "content": "二师兄"}, {"uid": "496710", "content": "三弟确实"}, {"uid": "21794988", "content": "百合猛兽kana？"}, {"uid": "30402071", "content": "自己的切身体会"}, {"uid": "361735394", "content": "飞飞公主"}, {"uid": "5773287", "content": "艾丽娅对我的爱就是这么热烈"}, {"uid": "3366602", "content": "因为以前是要拼命的"}, {"uid": "185872154", "content": "张飞：欧尼酱！"}, {"uid": "270040493", "content": "你也可爱"}, {"uid": "12586727", "content": "这是watashimo+1"}, {"uid": "3204753", "content": "火 张飞 火"}, {"uid": "7113977", "content": "这时候张飞也就二十岁左右，就是长得老了点"}, {"uid": "7565178", "content": "切身体会"}, {"uid": "20317592", "content": "草"}, {"uid": "33879675", "content": "火 翼德 火"}, {"uid": "380276", "content": "我懂了  我现在就和艾莉娅结拜"}, {"uid": "380276", "content": "火 张飞 火 火 张翼德 火"}, {"uid": "32905695", "content": "超越了法律的爱（？）"}, {"uid": "32905695", "content": "watashimo"}, {"uid": "19846650", "content": "张飞演义是167年出生，184年17岁"}, {"uid": "21547161", "content": "张飞这时候年龄不大吧"}, {"uid": "688144674", "content": "的确可爱233333"}, {"uid": "407438275", "content": "草"}, {"uid": "35004205", "content": "草"}, {"uid": "28562584", "content": "日本版的怎么这么暗"}, {"uid": "74173597", "content": "俺也一样"}, {"uid": "91485244", "content": "那就等于对女的感兴趣？"}, {"uid": "326404976", "content": "soudayo!～"}, {"uid": "145093836", "content": "我喜欢他二哥"}, {"uid": "28587221", "content": "确实...挺可爱的吧？"}, {"uid": "602770583", "content": "可爱"}, {"uid": "524428254", "content": "火 张飞 火"}, {"uid": "2907196", "content": "刘关张三兄弟真的传颂千年"}, {"uid": "23001624", "content": "《不感兴趣》"}, {"uid": "18971082", "content": "草"}, {"uid": "23340504", "content": "这也能可爱"}, {"uid": "110027400", "content": "24岁，是张飞"}, {"uid": "22590027", "content": "她喜欢张飞?"}, {"uid": "185872154", "content": "Sodayo"}, {"uid": "2207090", "content": "张飞就是胡子茂盛了点"}, {"uid": "361033321", "content": "草"}, {"uid": "212101", "content": "24岁 是.."}, {"uid": "23625514", "content": "可爱的翼德"}, {"uid": "9272615", "content": "草"}, {"uid": "270040493", "content": "欧尼酱！带死姬！"}, {"uid": "8984532", "content": "虽每不同，但建看医"}, {"uid": "571812", "content": "24歳 学生です"}, {"uid": "35729172", "content": "awsl"}, {"uid": "380276", "content": "有一说一 确实"}, {"uid": "2427912", "content": "真的吗~"}, {"uid": "19628", "content": "妳也跟白菜一样是大叔控？？"}, {"uid": "8974962", "content": "那我今年30+"}, {"uid": "1562732438", "content": "俺也一样！"}, {"uid": "507461775", "content": "草"}, {"uid": "29392789", "content": "oremo"}, {"uid": "22057876", "content": "谁教的，草"}, {"uid": "326404976", "content": "就是啊！（便乘）"}, {"uid": "59728419", "content": "摇啊摇"}, {"uid": "8116446", "content": "应该是感觉表情有意思吧"}, {"uid": "450223336", "content": "居然和我有一样的品味"}, {"uid": "19649034", "content": "牙白"}, {"uid": "153338083", "content": "张飞要被炎上力（"}, {"uid": "5026761", "content": "刘备这样的人几百年才出一个呢"}, {"uid": "483185711", "content": "草"}, {"uid": "304104155", "content": "草"}, {"uid": "523440453", "content": "草"}, {"uid": "17365666", "content": "历史上张飞可是美男子"}, {"uid": "5881134", "content": "不仅播，收视率还不错"}, {"uid": "50258975", "content": "草"}, {"uid": "334926483", "content": "草"}, {"uid": "240355", "content": "草"}, {"uid": "10481048", "content": "说的太可爱了"}, {"uid": "248627858", "content": "草"}, {"uid": "496710", "content": "大嘘"}, {"uid": "34593348", "content": "好软好可爱"}, {"uid": "3906006", "content": "叔控"}, {"uid": "22590027", "content": "这时候的张飞其实也不大吧"}, {"uid": "360986", "content": "俺毛"}, {"uid": "217797936", "content": "草"}, {"uid": "2207090", "content": "三弟？"}, {"uid": "212101", "content": "watashimo"}, {"uid": "5056662", "content": "草"}, {"uid": "22858725", "content": "确实"}, {"uid": "18744510", "content": "欧吉桑大胜利！"}, {"uid": "81237099", "content": "草"}, {"uid": "486868318", "content": "把以前想的也太好了点"}, {"uid": "12589975", "content": "张飞确实也算可爱"}, {"uid": "651993634", "content": "草"}, {"uid": "88680738", "content": "欧尼酱"}, {"uid": "315304031", "content": "？？？什么可怕发言？？？"}, {"uid": "315304031", "content": "燕人艾莉娅"}, {"uid": "27030398", "content": "3D！"}, {"uid": "212710", "content": "有刘关张的年代不也同时有曹操司马懿么，只能说幸存者偏差"}, {"uid": "8000357", "content": "草"}, {"uid": "282515064", "content": "awsl"}, {"uid": "400796597", "content": "俺也一样"}, {"uid": "166529", "content": "草"}, {"uid": "13486215", "content": "中日韩信赖发音就没变过，我看说不定越南语也叫信赖。"}, {"uid": "302642882", "content": "白雪可爱"}, {"uid": "50258975", "content": "哈哈哈哈哈哈哈哈哈"}, {"uid": "12343804", "content": "？？"}, {"uid": "35299806", "content": "这是张飞还是李逵？"}, {"uid": "18971082", "content": "草"}, {"uid": "472275647", "content": "估计是想起了前世的遭遇......"}, {"uid": "22421009", "content": "翼德~可爱~"}, {"uid": "431178194", "content": "义"}, {"uid": "110390", "content": "草"}, {"uid": "50505623", "content": "？？？"}, {"uid": "36283238", "content": "草"}, {"uid": "14948369", "content": "草"}, {"uid": "55519483", "content": "oremo+1"}, {"uid": "185872154", "content": "怎么会不感兴趣呢.jpg"}, {"uid": "185872154", "content": "草"}, {"uid": "14615063", "content": "俺も一緒に"}, {"uid": "35803572", "content": "封建时期中国的法律就没有完善过"}, {"uid": "13705598", "content": "啊呀呀呀"}, {"uid": "26636742", "content": "o(╥﹏╥)o"}, {"uid": "26636742", "content": "watashimo+1"}, {"uid": "50264426", "content": "草"}, {"uid": "32905695", "content": "watashimo+1"}, {"uid": "362300973", "content": "飞飞公主排面"}, {"uid": "1808632", "content": "草"}, {"uid": "259605673", "content": "大叔控么"}, {"uid": "259605673", "content": "翼德啊草"}, {"uid": "36461595", "content": "草"}, {"uid": "22434381", "content": "奇怪的xp"}, {"uid": "407438275", "content": "张飞酱"}, {"uid": "87849964", "content": "17"}, {"uid": "74173597", "content": "？？"}, {"uid": "74173597", "content": "草"}, {"uid": "11202938", "content": "西游和三国才叫文化输出"}, {"uid": "11585931", "content": "？"}, {"uid": "121112364", "content": "噢噢"}, {"uid": "3895638", "content": "草"}, {"uid": "89498", "content": "老三国服道化用了一部分日本电视剧的东西"}, {"uid": "18077729", "content": "卡哇翼德咝~"}, {"uid": "512770", "content": "watashimo+1"}, {"uid": "413434", "content": "哇他洗猫"}, {"uid": "8911836", "content": "60"}, {"uid": "413432617", "content": "谁告诉她的"}, {"uid": "523440453", "content": "确实"}, {"uid": "35086599", "content": "??"}, {"uid": "5598346", "content": "草"}, {"uid": "10650378", "content": "草"}, {"uid": "13575409", "content": "飞飞公主?"}, {"uid": "92116", "content": "sodayo"}, {"uid": "334926483", "content": "？？？？"}, {"uid": "35299806", "content": "我53，怎么样"}, {"uid": "954660", "content": "草"}, {"uid": "1552496", "content": "草"}, {"uid": "19824793", "content": "人的xp不能？？？"}, {"uid": "185872154", "content": "草"}, {"uid": "286621735", "content": "草"}, {"uid": "496710", "content": "watashimo+1"}, {"uid": "23187162", "content": "草"}, {"uid": "3168569", "content": "我们不懂"}, {"uid": "35314901", "content": "这玩意卡哇伊？"}, {"uid": "47386516", "content": "桃园结义吗－"}, {"uid": "4099555", "content": "草"}, {"uid": "121243704", "content": "只不过那些背叛的没有流传下来罢了。"}, {"uid": "51987497", "content": "草"}, {"uid": "52151939", "content": "可爱的张飞"}, {"uid": "3985607", "content": "草"}, {"uid": "102584891", "content": "草"}, {"uid": "2954926", "content": "草"}, {"uid": "526870134", "content": "确实可爱，这性格不可爱吗"}, {"uid": "311561485", "content": "是吗 我60了"}, {"uid": "407438275", "content": "草"}, {"uid": "37913832", "content": "也有一部分幸存者偏差，因为流传下来的佳话大多数都是重情重义的故事，其实古代背信弃义的事也不少"}, {"uid": "434364483", "content": "加一"}, {"uid": "74173597", "content": "草"}, {"uid": "145093836", "content": "夏侯氏"}, {"uid": "9190626", "content": "俺也一样"}, {"uid": "399994106", "content": "草"}, {"uid": "82627224", "content": "义绝"}, {"uid": "13310817", "content": "草"}, {"uid": "512305207", "content": "草"}, {"uid": "697553101", "content": "草"}, {"uid": "400796597", "content": "awslawsl"}, {"uid": "400796597", "content": "卡哇伊～"}, {"uid": "600562", "content": "？"}, {"uid": "49332476", "content": "草"}, {"uid": "10201951", "content": "草"}, {"uid": "11978675", "content": "怎么可能有人没兴趣啊"}, {"uid": "93875339", "content": "草"}, {"uid": "783834", "content": "三国演义在日本知名度蛮高的"}, {"uid": "36810930", "content": "人情淡泊"}, {"uid": "23340504", "content": "现代也是有强强羁绊的，你说是吧？master "}, {"uid": "306797", "content": "草"}, {"uid": "544972", "content": "可爱"}, {"uid": "1616314", "content": "？"}, {"uid": "1540213", "content": "草"}, {"uid": "8424263", "content": "草"}, {"uid": "11323170", "content": "俺也一样"}, {"uid": "185872154", "content": "草"}, {"uid": "212101", "content": "火"}, {"uid": "212101", "content": "草"}, {"uid": "533369", "content": "俺也一样？？？"}, {"uid": "290512", "content": "草"}, {"uid": "20602584", "content": "乱世出英雄·"}, {"uid": "1475312088", "content": "草"}, {"uid": "2296717", "content": "草"}, {"uid": "97430734", "content": "。。"}, {"uid": "74173597", "content": "？"}, {"uid": "652454013", "content": "废话24岁不是年轻人那多少岁是年轻人？"}, {"uid": "1407086628", "content": "金額。"}, {"uid": "1553548", "content": "本来就小，刘备去世时才63，张飞还比刘备小，还比刘备年轻，再往回倒退近40年，你觉得张飞那会才多少？二十都没啊"}, {"uid": "194175206", "content": "草"}, {"uid": "386845290", "content": "有时候真的觉得这只猫是个中国人装出来的"}, {"uid": "400796597", "content": "awsl"}, {"uid": "523440453", "content": "草"}, {"uid": "49332476", "content": "草"}, {"uid": "10137826", "content": "三国演义海外版单集收费很高的，中国第一部赚外汇的电视剧"}, {"uid": "2264478", "content": "古时候确实有严刑峻法的年代，但实际执行下去只能说呵呵了"}, {"uid": "35299806", "content": "危"}, {"uid": "105771", "content": "草"}, {"uid": "88596436", "content": "kawaiii"}, {"uid": "227525701", "content": "夏侯艾莉娅"}, {"uid": "25873203", "content": "张飞？？？？"}, {"uid": "19824793", "content": "？？？"}, {"uid": "286621735", "content": "泪，冲了出来"}, {"uid": "42260922", "content": "?"}, {"uid": "28662020", "content": "可爱"}, {"uid": "36769691", "content": "草"}, {"uid": "23187162", "content": "草"}, {"uid": "3168569", "content": "草"}, {"uid": "7833743", "content": "草"}, {"uid": "34593348", "content": "草"}, {"uid": "385746108", "content": "草"}, {"uid": "23297023", "content": "你都知道了我们能不知道？"}, {"uid": "197816147", "content": "草"}, {"uid": "26036404", "content": "？？？？？"}, {"uid": "407217061", "content": "2d 3d"}, {"uid": "1446018", "content": "张飞控？"}, {"uid": "253419", "content": "草"}, {"uid": "284663016", "content": "三国演义？"}, {"uid": "59428319", "content": "20"}, {"uid": "319431083", "content": "？？？"}, {"uid": "220224", "content": "草"}, {"uid": "430099272", "content": "可爱配大叔？错乱"}, {"uid": "702466514", "content": "真的吗"}, {"uid": "74173597", "content": "草"}, {"uid": "399994106", "content": "？？？？"}, {"uid": "220939179", "content": "我的名字是吉良吉影，年龄33岁"}, {"uid": "400796597", "content": "awsl"}, {"uid": "354293575", "content": "哪来的历史上张飞是美男子，三国演义和三国志都没说，哪来的地摊文"}, {"uid": "17758362", "content": "其实未成年挺多的，因为b站越来越多人玩了"}, {"uid": "2264478", "content": "你喜欢燕人张翼德？"}, {"uid": "30570046", "content": "草"}, {"uid": "476817", "content": "www"}, {"uid": "17784911", "content": "草"}, {"uid": "31546332", "content": "草"}, {"uid": "19824793", "content": "草"}, {"uid": "21118843", "content": "草"}, {"uid": "11033771", "content": "还有日文版？？"}, {"uid": "3916674", "content": "草"}, {"uid": "8858537", "content": "？"}, {"uid": "189865", "content": "草"}, {"uid": "354112", "content": "播放1？"}, {"uid": "35867831", "content": "你也喜欢张三吗哈哈哈"}, {"uid": "6351407", "content": "俺不......不...不..也一样！"}]