[{"uid": "23176010", "content": "危 帕里 危"}, {"uid": "746108", "content": "来个说相声的来段报菜名"}, {"uid": "12247916", "content": "开水白带的才是狠人"}, {"uid": "339023852", "content": "异食相遇，尽享每位(doge)"}, {"uid": "497399689", "content": "好厉害，中文读的挺好"}, {"uid": "46252062", "content": "妹啊，这我能说三分钟不带重样的"}, {"uid": "49783379", "content": "异世相遇，尽享美味!"}, {"uid": "488229092", "content": "mana秃头"}, {"uid": "20594660", "content": "哟～你脸红辣"}, {"uid": "5312877", "content": "开水白菜的魔鬼吧"}, {"uid": "480167442", "content": "竹鼠"}, {"uid": "37815622", "content": "打屁股（确信）"}, {"uid": "23274551", "content": "危 帕里 危"}, {"uid": "357058238", "content": "真的有那么Q弹吗(doge)"}, {"uid": "37913832", "content": "帕里：我熟了"}, {"uid": "29283392", "content": "帕里：但凡我兔子特征明显点都活不到现在"}, {"uid": "362834132", "content": "母慈子孝"}, {"uid": "19944383", "content": "这个祖传刘海..."}, {"uid": "38242335", "content": "你的帕里妈妈好香  很下饭"}, {"uid": "112776970", "content": "帕里自己都吃过2333"}, {"uid": "10826451", "content": "mana兔头"}, {"uid": "355904832", "content": "帕里: 吐血"}, {"uid": "28055043", "content": "帕里吃过这个还有冷吃兔来着"}, {"uid": "2178366", "content": "开水白菜国宴菜，平时甚至见不到"}, {"uid": "7786667", "content": "这个胸..她有自己的想法"}, {"uid": "18218712", "content": "帕里吃了，然后腹泻感冒了"}, {"uid": "23548440", "content": "麻辣太阳神（确信）"}, {"uid": "1464060", "content": "麻辣秃头"}, {"uid": "2250070", "content": "帕里吃的是兔锅，也会做饭"}, {"uid": "11870758", "content": "帕里吃过的，还拍了张活兔子的照片"}, {"uid": "36028321", "content": "帕里吃的很开心"}, {"uid": "2025908", "content": "始祖尤弥尔和她的女儿们"}, {"uid": "4240527", "content": "断手警告233"}, {"uid": "86954029", "content": "帕里红了（bushi）"}, {"uid": "2655419", "content": "带  孝  女"}, {"uid": "2655419", "content": "麻  辣  兔  头"}, {"uid": "2280651", "content": "mana秃头"}, {"uid": "4641303", "content": "mana秃头"}, {"uid": "289015", "content": "帕里：吐血"}, {"uid": "435576506", "content": "妈妈，你（是个）好（人）"}, {"uid": "33935601", "content": "mana兔头"}, {"uid": "137752720", "content": "噔 噔 咚"}, {"uid": "87629078", "content": "麻 辣 秃 头"}, {"uid": "99701226", "content": "农家小炒肉"}, {"uid": "282003527", "content": "垂耳兔肉质不好啊kora"}, {"uid": "401099828", "content": "铁锅炖自己"}, {"uid": "548598279", "content": "确实，以前给你发过（"}, {"uid": "196775368", "content": "含泪猛吃三大碗"}, {"uid": "10518197", "content": "麻辣帕里头"}, {"uid": "8481415", "content": "麻婆豆腐"}, {"uid": "67369443", "content": "mana兔头"}, {"uid": "36850276", "content": "《这家伙》"}, {"uid": "8284532", "content": "自己吃自己"}, {"uid": "8284532", "content": "馋妈妈身子的屑猫猫"}, {"uid": "282570765", "content": "涮牛肉，不用蘸生鸡蛋的寿喜锅"}, {"uid": "112776970", "content": "麻辣帕里2333"}, {"uid": "112776970", "content": "一猜就是麻辣兔头2333"}, {"uid": "227647942", "content": "宽油竹鼠"}, {"uid": "341687956", "content": "开水白菜才是真正的弃肉吃汤"}, {"uid": "423503123", "content": "麻辣兔头大草"}, {"uid": "11496519", "content": "老 干 妈"}, {"uid": "23001624", "content": "帕——里——"}, {"uid": "35834595", "content": "麻辣秃头"}, {"uid": "1852543", "content": "麦当劳"}, {"uid": "371857", "content": "真是刻到DNA里面的馋"}, {"uid": "2193135", "content": "已经没有什么好害怕的了.jpg"}, {"uid": "2193135", "content": "mana兔头"}, {"uid": "10308696", "content": "五等分的帕里"}, {"uid": "667770", "content": "开水白菜那个做起来复杂"}, {"uid": "288585004", "content": "兔儿脑壳"}, {"uid": "30070758", "content": "mana兔头"}, {"uid": "23562069", "content": "这么说你很勇哦？"}, {"uid": "16586347", "content": "开播一星期，就要断首了"}, {"uid": "6683157", "content": "mana帕里"}, {"uid": "49783379", "content": "豆汁儿"}, {"uid": "26673", "content": "烤腰子"}, {"uid": "17703518", "content": "王致和怎么说"}, {"uid": "10137826", "content": "pary头"}, {"uid": "49783379", "content": "异世相遇"}, {"uid": "82348933", "content": "喜欢辣就好办了"}, {"uid": "4763002", "content": "开水白菜那不是一般家庭吃的起的"}, {"uid": "548598279", "content": "朝〇特工指定套餐"}, {"uid": "580506799", "content": "危 帕里 危"}, {"uid": "37913832", "content": "太好了，可以开饭了"}, {"uid": "121493", "content": "噔 噔 咚"}, {"uid": "5529326", "content": "笑得停不下来了"}, {"uid": "8284532", "content": "剪耳朵警告"}, {"uid": "9028227", "content": "异世相遇，尽享美味笑死我了草草草草草"}, {"uid": "10826451", "content": "兔一一头一一"}, {"uid": "28055043", "content": "建议看帕里吃冷吃兔"}, {"uid": "544972", "content": "好吃，草"}, {"uid": "764389", "content": "妈妈的味道"}, {"uid": "220939179", "content": "帕里看的冷吃兔"}, {"uid": "2881638", "content": "妈妈，奥依西扫。。"}, {"uid": "39441394", "content": "猫耳朵"}, {"uid": "1868700", "content": "这不来一趟重庆？"}, {"uid": "6891061", "content": "以前不是给你发过吗（"}, {"uid": "37367240", "content": "麻辣 帕里 麻辣"}, {"uid": "14199490", "content": "红红火火恍恍惚惚"}, {"uid": "503563321", "content": "麻辣秃头"}, {"uid": "859303", "content": "mana兔头"}, {"uid": "33935601", "content": "泪从嘴角流了出来"}, {"uid": "71329244", "content": "开水白菜可是国宴名菜啊"}, {"uid": "786526", "content": "能吃十个"}, {"uid": "288758321", "content": "mana兔头"}, {"uid": "288758321", "content": "哈哈哈哈哈"}, {"uid": "49783379", "content": "豆汁儿"}, {"uid": "282155629", "content": "草"}, {"uid": "2212470", "content": "精神焕发！"}, {"uid": "19064246", "content": "hhhhhhhh"}, {"uid": "283247905", "content": "哈哈哈哈"}, {"uid": "99719791", "content": "熟人"}, {"uid": "354112", "content": "麻辣兔头猫耳朵"}, {"uid": "1692523", "content": "断尾警告"}, {"uid": "7860927", "content": "香香鸡"}, {"uid": "13594081", "content": "噔噔咚"}, {"uid": "188580497", "content": "毛血旺请"}, {"uid": "7961756", "content": "mana兔头"}, {"uid": "183203", "content": "打掉外部装甲"}, {"uid": "241635", "content": "这个是要被打断身体什么部位呢？"}, {"uid": "241635", "content": "感觉之前这个问题也问过"}, {"uid": "102328199", "content": "mana秃头"}, {"uid": "145586", "content": "一道开水白菜可能比你家平常一顿饭还贵"}, {"uid": "425574992", "content": "猫耳朵"}, {"uid": "494002", "content": "真能吃10个？"}, {"uid": "310843417", "content": "斩首断尾斩手"}, {"uid": "7756952", "content": "断尾警告"}, {"uid": "24894492", "content": "精神焕发"}, {"uid": "13455418", "content": "异世相遇！"}, {"uid": "17904068", "content": "断尾警告"}, {"uid": "7341757", "content": "那必然要尝尝酸菜鱼了"}, {"uid": "5056662", "content": "帕里：危"}, {"uid": "19048839", "content": "mana秃头"}, {"uid": "6221030", "content": "wwwwwwwwwwwww"}, {"uid": "4964376", "content": "帕里会做饭吗（"}, {"uid": "305507196", "content": "斩首警告（"}, {"uid": "8308223", "content": "麻辣帕里"}, {"uid": "35504702", "content": "草"}, {"uid": "38036599", "content": "猫仔粥"}, {"uid": "65692841", "content": "宽油竹鼠"}, {"uid": "11797451", "content": "老婆饼"}, {"uid": "472967813", "content": "麻辣艾莉娅"}, {"uid": "204906351", "content": "dio（无端"}, {"uid": "30342074", "content": "草"}, {"uid": "99719791", "content": "草"}, {"uid": "60639626", "content": "有幸第四千个赞"}, {"uid": "29283392", "content": "p家喜添孝女一名"}, {"uid": "14362084", "content": "草，那四川湖南的不都是老m了？"}, {"uid": "5157926", "content": "所以你有痔疮"}, {"uid": "14336522", "content": "油炸臭豆腐"}, {"uid": "630855010", "content": "烤田鼠【】"}, {"uid": "310843417", "content": "mana paryi"}, {"uid": "8779603", "content": "帕里里！！！！！"}, {"uid": "18368921", "content": "妈妈你好香"}, {"uid": "34434375", "content": "草"}, {"uid": "1808632", "content": "草"}, {"uid": "17496146", "content": "MANA烫"}, {"uid": "17436256", "content": "おまえは もう しんでいる"}, {"uid": "23562069", "content": "草"}, {"uid": "23163677", "content": "p家都是好吃的"}, {"uid": "23163677", "content": "麻辣兔头，开水白菜"}, {"uid": "29643", "content": "麻辣帕里头"}, {"uid": "35504702", "content": "草"}, {"uid": "170865942", "content": "草"}, {"uid": "8464771", "content": "白条猫"}, {"uid": "397125669", "content": "不加水的麻婆豆腐"}, {"uid": "528701501", "content": "草"}, {"uid": "2051462", "content": "螺蛳粉"}, {"uid": "43722779", "content": "好Q弹"}, {"uid": "82545500", "content": "猫耳朵"}, {"uid": "556547", "content": "推荐视频第一个就是ww"}, {"uid": "523440453", "content": "草"}, {"uid": "2003435", "content": "麻辣兔头"}, {"uid": "236973", "content": "一转跳脸"}, {"uid": "14316468", "content": "好家伙"}, {"uid": "282570765", "content": "麻辣韩国人"}, {"uid": "9028227", "content": "？"}, {"uid": "386845290", "content": "仰望星空好像不是中国菜吧"}, {"uid": "10826451", "content": "好耶，开饭"}, {"uid": "261308", "content": "麻辣兔头，妈妈秃头"}, {"uid": "796668", "content": "草"}, {"uid": "7577621", "content": "断尾警告"}, {"uid": "826432", "content": "烤猫猫"}, {"uid": "3404022", "content": "麻辣兔头拳"}, {"uid": "28755431", "content": "含泪吃了两大碗"}, {"uid": "89588872", "content": "草"}, {"uid": "4240527", "content": "麻辣帕里头"}, {"uid": "1758863", "content": "孝死我了"}, {"uid": "7021272", "content": "草"}, {"uid": "673754648", "content": "Q弹"}, {"uid": "110390", "content": "吃不起的开水白菜"}, {"uid": "205633122", "content": "四川妹子"}, {"uid": "38274277", "content": "草"}, {"uid": "196856", "content": "蒜泥白肉，咸烧白，蚂蚁上树，夫妻肺片，口水鸡，樟茶鸭wwwww多了去了"}, {"uid": "401897", "content": "麻辣秃头"}, {"uid": "197712", "content": "屁股已经开始痛了"}, {"uid": "15393528", "content": "麻辣妈头"}, {"uid": "105064586", "content": "母慈女孝"}, {"uid": "305507196", "content": "草"}, {"uid": "291618727", "content": "草"}, {"uid": "12915929", "content": "麻辣兔头"}, {"uid": "407438275", "content": "草"}, {"uid": "154093980", "content": "你的妈妈好香呀~~"}, {"uid": "288672159", "content": "始  祖  巨  人  帕  里"}, {"uid": "401099828", "content": "草"}, {"uid": "482604888", "content": "开水白菜不会做就是煮白菜"}, {"uid": "580506799", "content": "危"}, {"uid": "63179194", "content": "异世相遇尽享美味"}, {"uid": "31286105", "content": "带孝女"}, {"uid": "386845290", "content": "帕里桑的女儿都特别喜欢迫害帕里桑吗？"}, {"uid": "39256560", "content": "草"}, {"uid": "87640183", "content": "断手预警"}, {"uid": "18218712", "content": "草"}, {"uid": "224354528", "content": "兔头"}, {"uid": "253762835", "content": "危"}, {"uid": "5217103", "content": "开封菜"}, {"uid": "1740584", "content": "开水白菜？这菜很难做好的"}, {"uid": "354293575", "content": "孝死我了"}, {"uid": "86954029", "content": "草"}, {"uid": "21256475", "content": "麻辣兔头"}, {"uid": "359404038", "content": "帕里啊啊啊啊"}, {"uid": "14199490", "content": "断手警告"}, {"uid": "104349408", "content": "草草草"}, {"uid": "217797936", "content": "草草草"}, {"uid": "10308696", "content": "喜欢吃辣的都是M"}, {"uid": "107833860", "content": "帕里只会吃不会做"}, {"uid": "5056662", "content": "噔噔咚"}, {"uid": "6707086", "content": "帕里~~~~"}, {"uid": "196856", "content": "其实goushi兔子来成都的时候吃过麻辣兔头，评价是“意外的好吃感觉很微妙”www"}, {"uid": "4135928", "content": "麻辣兔头"}, {"uid": "318450918", "content": "wwwww"}, {"uid": "6221030", "content": "麻辣兔头"}, {"uid": "4381817", "content": "草"}, {"uid": "4114593", "content": "意式韩国风味无水麻婆豆腐"}, {"uid": "151322488", "content": "尿蛋"}, {"uid": "2186566", "content": "。。。。"}, {"uid": "1811270", "content": "毛蛋"}, {"uid": "480167442", "content": "毛蛋"}, {"uid": "330279336", "content": "皮蛋"}, {"uid": "12773458", "content": "为什么感觉有点洋葱味"}, {"uid": "225166929", "content": "福建人"}, {"uid": "354112", "content": "草"}, {"uid": "270040493", "content": "好女儿"}, {"uid": "236973", "content": "草"}, {"uid": "31286105", "content": "草"}, {"uid": "4211233", "content": "草"}, {"uid": "5529326", "content": "草"}, {"uid": "8284532", "content": "带孝女"}, {"uid": "7755711", "content": "韩裔种族天赋（"}, {"uid": "12891523", "content": "可爱"}, {"uid": "33505777", "content": "油炸蝗虫"}, {"uid": "102328199", "content": "草"}, {"uid": "425574992", "content": "草"}, {"uid": "425574992", "content": "帕里！"}, {"uid": "10850881", "content": "带孝女啊"}, {"uid": "310843417", "content": "你是个好人"}, {"uid": "86954029", "content": "草"}, {"uid": "4912018", "content": "草"}, {"uid": "67655543", "content": "草"}, {"uid": "25636", "content": "帕里吃过这个"}, {"uid": "17480001", "content": "草"}, {"uid": "33292810", "content": "开水白菜的你能还是人"}, {"uid": "15993007", "content": "四川人狂喜"}, {"uid": "241248896", "content": "三吱儿"}, {"uid": "2711928", "content": "带孝女"}, {"uid": "407029906", "content": "北斗神拳 拳四郎的台词都会说啊"}, {"uid": "616350", "content": "福建人"}, {"uid": "23274551", "content": "草"}, {"uid": "523440453", "content": "草"}, {"uid": "1692523", "content": "吃席吃席"}, {"uid": "270158", "content": "没有买卖就没有杀害"}, {"uid": "9126082", "content": "麻辣兔头"}, {"uid": "90113", "content": "开水白菜是喝里面汤的   国宴菜"}, {"uid": "31286105", "content": "那麻辣兔头最好了"}, {"uid": "786526", "content": "草"}, {"uid": "5598346", "content": "麻辣兔头"}, {"uid": "12684343", "content": "孩怕"}, {"uid": "470221112", "content": "别晃了"}, {"uid": "66983838", "content": "愉悦豆腐"}, {"uid": "10850881", "content": "草"}, {"uid": "5632434", "content": "草"}, {"uid": "6835653", "content": "wwwwwww"}, {"uid": "562257281", "content": "草"}, {"uid": "1808632", "content": "帕里"}, {"uid": "37367240", "content": "麻辣兔头2333"}, {"uid": "34764184", "content": "自 刎"}, {"uid": "27959171", "content": "辣子鸡"}, {"uid": "59997782", "content": "别晃了，别晃了！！"}, {"uid": "520688508", "content": "麻婆豆腐。"}, {"uid": "14199490", "content": "麻辣兔头"}, {"uid": "289015", "content": "噔噔咚"}, {"uid": "185749", "content": "大孝女"}, {"uid": "17436256", "content": "wwwwww"}, {"uid": "23163677", "content": "帕里好像吃过？"}, {"uid": "200863", "content": "辣椒油"}, {"uid": "1953916", "content": "wwwww"}, {"uid": "4168741", "content": "头疼"}, {"uid": "170865942", "content": "草"}, {"uid": "8357250", "content": "？"}, {"uid": "523440453", "content": "草"}, {"uid": "580506799", "content": "草"}, {"uid": "269462640", "content": "帕里过来评论了"}, {"uid": "22798829", "content": "盲猜王刚？"}, {"uid": "21550586", "content": "麻辣兔头"}, {"uid": "29285757", "content": "螺蛳粉"}, {"uid": "4526961", "content": "肯德基！！！异世相遇，尽享美味！！！！！！！！！"}, {"uid": "423503123", "content": "草"}, {"uid": "23001624", "content": "噔噔咚"}, {"uid": "44678312", "content": "麻辣兔头"}, {"uid": "131394304", "content": "sukiki"}, {"uid": "2629851", "content": "草"}, {"uid": "1885789", "content": "cao"}, {"uid": "318450918", "content": "hhhhh"}, {"uid": "23588755", "content": "草"}, {"uid": "88145446", "content": "无数的小吃美食"}, {"uid": "35834595", "content": "帕         里！！！！！！！！！！！！！"}, {"uid": "440990296", "content": "@汉伯克烤肠 "}, {"uid": "81607", "content": "中国的垃圾食品"}, {"uid": "31546332", "content": "因为垃圾食物就想嫁到中国的XXX"}]