[{"uid": "10312668", "content": "就很秃然"}, {"uid": "354112", "content": "乌 拉 席 露"}, {"uid": "3061091", "content": "就是说 没了猫耳朵真的好秃（"}, {"uid": "6089656", "content": "114"}, {"uid": "43849575", "content": "谢谢(你是个好人)"}, {"uid": "157979", "content": "v区达拉然"}, {"uid": "157979", "content": "国民探头"}, {"uid": "436707760", "content": "fire ball！"}, {"uid": "30875809", "content": "绷不住了"}, {"uid": "3020681", "content": "还真的不需要"}, {"uid": "37913832", "content": "恩   底   弥   翁"}, {"uid": "217797936", "content": "我摸了很久才发现，原来DD是没有良心的啊"}, {"uid": "2955751", "content": "可爱卡"}, {"uid": "3404022", "content": "/cast 火球术"}, {"uid": "253419", "content": "神圣魔导王"}, {"uid": "253419", "content": "魔法都市 恩底弥翁"}, {"uid": "30842550", "content": "魔   法   联   邦"}, {"uid": "185872154", "content": "神 圣 魔 导 王"}, {"uid": "185872154", "content": "全国上下都是大魔法师"}, {"uid": "37860616", "content": "对，都是30岁的大魔法师"}, {"uid": "2854211", "content": "你说是 辣就是"}, {"uid": "131652679", "content": "哈哈啊"}, {"uid": "8640711", "content": "哈哈哈哈真实的暴击伤害"}, {"uid": "487279", "content": "绷不住了"}, {"uid": "387698", "content": "我能摸摸你的良心吗("}, {"uid": "18894663", "content": "因为他找不到女朋友（"}, {"uid": "220939179", "content": "放心吧，转头这句话就能对别的女人说出这句话"}, {"uid": "11593250", "content": "草，你们这个王国好奇怪啊"}, {"uid": "15760898", "content": "真心的，贴贴，结婚"}, {"uid": "4258257", "content": "别信啊，他们一定对别的女人也这样说"}, {"uid": "1457815", "content": "摸了摸我的砧板，搜哒呦~"}, {"uid": "288360146", "content": "这个时候应该说一句DD斩首"}, {"uid": "131652679", "content": "可以（摸）"}, {"uid": "628891283", "content": "我听见了鼠标声"}, {"uid": "16438254", "content": "不需要女朋友是真的，因为找不到"}, {"uid": "126619", "content": "魔 导 国"}, {"uid": "9182476", "content": "达  拉  然"}, {"uid": "495009523", "content": "毫无违和感。。。"}, {"uid": "31507104", "content": "放心我没有良心"}, {"uid": "222030498", "content": "魔法师之国 （大嘘）"}, {"uid": "23152178", "content": "啊，有女朋友的人也在看你的直播哦"}, {"uid": "3970880", "content": "但是请你吃桃"}, {"uid": "110390", "content": "30岁的大贤者"}, {"uid": "6221030", "content": "没事，我已经22级魔法师了"}, {"uid": "414603", "content": "摸不到的"}, {"uid": "4526269", "content": "初見 可愛 單推 結婚 殉情 轉生 世界征服"}, {"uid": "227800", "content": "达 拉 然"}, {"uid": "1821770", "content": "我可以摸你的吗"}, {"uid": "8309253", "content": "这个魔法有鼠标的声音"}, {"uid": "475596", "content": "魔导王aria"}, {"uid": "109189718", "content": "你一直在笑，你都没有停过"}, {"uid": "34988307", "content": "摸"}, {"uid": "2956619", "content": "国民无后代，灭国危机"}, {"uid": "470161353", "content": "い！らない！"}, {"uid": "171805537", "content": "草"}, {"uid": "37913832", "content": "达拉然草"}, {"uid": "5598346", "content": "草"}, {"uid": "130958", "content": "雪精灵族"}, {"uid": "36028321", "content": "可以"}, {"uid": "363825871", "content": "真"}, {"uid": "9182476", "content": "/cast 气定神闲  /cast 炎爆术"}, {"uid": "1383848", "content": "野性 德鲁伊"}, {"uid": "17626307", "content": "你30了？？？？"}, {"uid": "17480001", "content": "草"}, {"uid": "128541", "content": "是的"}, {"uid": "185872154", "content": "魔 导 都 市 恩 底 弥 翁"}, {"uid": "652454013", "content": "好家伙dd竟是我自己"}, {"uid": "185872154", "content": "恩 底 弥 翁"}, {"uid": "38960285", "content": "日式英语"}, {"uid": "40822011", "content": "爷是女孩子，不需要女朋友"}, {"uid": "241635", "content": "转头跟别的女人也是这么说"}, {"uid": "309027183", "content": "魔法王国"}, {"uid": "1931345", "content": "awsl"}, {"uid": "76984604", "content": "放心吧 摸不到的"}, {"uid": "38258587", "content": "是的"}, {"uid": "327016949", "content": "awsl"}, {"uid": "282103", "content": "！！！"}, {"uid": "126783684", "content": "王国民不请自来"}, {"uid": "253419", "content": "你更可爱"}, {"uid": "2263266", "content": "所以是魔导王嘛"}, {"uid": "3141216", "content": "你们死宅说话真的很搞笑诶（"}, {"uid": "1739853", "content": "是的（"}, {"uid": "487279", "content": "笑嘻了"}, {"uid": "87640183", "content": "草"}, {"uid": "287933086", "content": "我老婆"}, {"uid": "31714116", "content": "草"}, {"uid": "574345", "content": "草"}, {"uid": "431671807", "content": "我只要你"}, {"uid": "380276", "content": "可以是"}, {"uid": "91287916", "content": "草"}, {"uid": "65403357", "content": "草"}, {"uid": "21098678", "content": "土土土土土"}, {"uid": "422192", "content": "sodayo"}, {"uid": "28495278", "content": "这里就是达拉然吗"}, {"uid": "7029126", "content": "这里不是雪王国 这里是达拉然哒"}, {"uid": "131652679", "content": "awsl"}, {"uid": "200863", "content": "你在演 DD们也在演 大家都有光明的未来"}, {"uid": "1931345", "content": "114"}, {"uid": "12872787", "content": "对每个女人都这么说，她们就是我的备胎"}, {"uid": "87629078", "content": "蚌埠住了"}, {"uid": "23070351", "content": "空的。。。"}, {"uid": "105771", "content": "草"}, {"uid": "20777701", "content": "野性隐藏       野性爆发"}]