[{"uid": "330277858", "content": "盖卡发动，非常食"}, {"uid": "264456739", "content": "老八流下了感动的泪水"}, {"uid": "178333693", "content": "jsc：啊？ 这样的吗"}, {"uid": "178333693", "content": "艾海皇 你看的好透彻！"}, {"uid": "3118424", "content": "小猫咪又有什么坏心眼呢.jpg"}, {"uid": "20006195", "content": "P家人均带孝女"}, {"uid": "22421009", "content": "草"}, {"uid": "693929898", "content": "一觉醒来头没了"}, {"uid": "693929898", "content": "人参讨厌"}, {"uid": "12731029", "content": "危 帕里 危"}, {"uid": "386723", "content": "俺毛"}, {"uid": "2881638", "content": "话题忽然变得生草起来"}, {"uid": "2881638", "content": "前面那个鲱鱼罐头的是魔鬼吗？"}, {"uid": "12343804", "content": "炸蝉蛹有话说"}, {"uid": "361106090", "content": "来人，上鲱鱼罐头"}, {"uid": "382187", "content": "旧 印 在 手"}, {"uid": "386584259", "content": "不愧是你，还是跟以前一样呢"}, {"uid": "8844791", "content": "汉 尼 拔"}, {"uid": "20606028", "content": "马口枷"}, {"uid": "7577621", "content": "喜欢到顿顿都得有"}, {"uid": "3970880", "content": "食物链的悲剧"}, {"uid": "401099828", "content": "不用描述得这么详细"}, {"uid": "2854211", "content": "不愧是来自北方的继承人（"}, {"uid": "389736910", "content": "四川人表示吃了你就出不来了"}, {"uid": "12662172", "content": "一 物 降 一 物"}, {"uid": "3916674", "content": "过于详细诉讼"}, {"uid": "1744319469", "content": "猫吃兔子很合理呀"}, {"uid": "34809510", "content": "我在吃饭啊哼哼啊啊啊啊啊啊啊"}, {"uid": "2907196", "content": "吃掉妻子也是啊草"}, {"uid": "2907196", "content": "这背后是人性的扭曲还是道德的沦丧.jpg"}, {"uid": "5722507", "content": "食 人 魔"}, {"uid": "86028", "content": "请听我狡辩"}, {"uid": "82422983", "content": "吞噬太阳神的白猫猫（）"}, {"uid": "28662020", "content": "代餐食物"}, {"uid": "110390", "content": "生理反应"}, {"uid": "5662342", "content": "吃掉妹妹就可以吗（悲）"}, {"uid": "82659133", "content": "抽筋兔子人的你可真是个鬼"}, {"uid": "86954029", "content": "草 不要解释的那么详细啊"}, {"uid": "3303215", "content": "好家伙 还没尝出味道就变骨头了"}, {"uid": "26036404", "content": "帕里：吐血"}, {"uid": "11292122", "content": "赛口球（bushi）"}, {"uid": "388155", "content": "你的脑内到底有多么恐怖"}, {"uid": "128541", "content": "你是螳螂吗"}, {"uid": "10581", "content": "小猫咪充满了坏心眼"}, {"uid": "383490560", "content": "狂人日记"}, {"uid": "22969328", "content": "汉 尼 拔"}, {"uid": "40899320", "content": "猫吃兔子，天经地义"}, {"uid": "253419", "content": "这个胡萝卜，我吉良吉影已经摸过了"}, {"uid": "253419", "content": "我们之间已经隔了一道可悲的厚障壁了"}, {"uid": "7630061", "content": "帕里跑路"}, {"uid": "30299777", "content": "她要吃人啦！！！"}, {"uid": "13784559", "content": "活吃！太恐怖了"}, {"uid": "15138435", "content": "虚拟卡兹克"}, {"uid": "23196727", "content": "？？："}, {"uid": "503225007", "content": "《吃人》"}, {"uid": "189144736", "content": "食杀事件"}, {"uid": "15378755", "content": "哦 扣球啊（doge）"}, {"uid": "10201951", "content": "草、"}, {"uid": "389736910", "content": "我知道了，就是汉尼拔戴那个是吧"}, {"uid": "431778772", "content": "派蒙直呼内行"}, {"uid": "2907196", "content": "啊这，我不用说到这一步吧草"}, {"uid": "7220745", "content": "帕里那是我妈妈，要吃得加钱（滑稽）"}, {"uid": "36769691", "content": "？？？？？"}, {"uid": "12880597", "content": "生吃兔子，我很抱歉（"}, {"uid": "20317592", "content": "防身物品"}, {"uid": "107639295", "content": "人生吃兔子啦"}, {"uid": "191098", "content": "草"}, {"uid": "151368", "content": "胡萝卜加兔子,我的DNA动了"}, {"uid": "151368", "content": "点名批评"}, {"uid": "32161754", "content": "所以为什么不是跟兔子相处时都带上口塞呢"}, {"uid": "217797936", "content": "大孝女"}, {"uid": "217797936", "content": "建议下次玩超级兔子人"}, {"uid": "97664640", "content": "生吃了只兔，我很抱歉"}, {"uid": "217797936", "content": "能下嘴的 重点"}, {"uid": "120080", "content": "被虫钻出洞的胡萝卜"}, {"uid": "649787", "content": "你说的这个胡萝卜，怕不是…"}, {"uid": "1108376384", "content": "麻辣兔头wwwwww"}, {"uid": "602770583", "content": "hso"}, {"uid": "432135", "content": "帕里 危"}, {"uid": "17784911", "content": "危 帕里 危"}, {"uid": "22421009", "content": "食亲者草"}, {"uid": "57578913", "content": "口球hso"}, {"uid": "12731029", "content": "虚拟派蒙"}, {"uid": "12731029", "content": "皮蛋"}, {"uid": "35867", "content": "那请问下其他人脑内被吃掉次数排第二的是谁"}, {"uid": "9713141", "content": "你是黑洞吗啥都吃"}, {"uid": "2003435", "content": "叶公好龙"}, {"uid": "25363364", "content": "病 娇"}, {"uid": "212101", "content": "什么时候帕里就消失了"}, {"uid": "3675179", "content": "那白萝卜呢？"}, {"uid": "3109422", "content": "吞噬神明的阿尔德里齐"}, {"uid": "12676651", "content": "一本正经的说怪话"}, {"uid": "6825082", "content": "？？？？？？"}, {"uid": "388155", "content": "hso"}, {"uid": "244836465", "content": "伊丽莎白圈"}, {"uid": "207613158", "content": "啊这，胡萝卜有这么大的味道？又不是韭菜"}, {"uid": "128108", "content": "虎狼之言"}, {"uid": "45263301", "content": "逃过一劫"}, {"uid": "10455913", "content": "？？？"}, {"uid": "12086576", "content": "谏山创直呼内行"}, {"uid": "253419", "content": "狗套儿hh"}, {"uid": "89543", "content": "胡萝卜还可以 水萝卜就不行 辣口"}, {"uid": "1501190", "content": "aria吃螺狮粉吗"}, {"uid": "548305856", "content": "所以你喜欢兔子"}, {"uid": "602770583", "content": "把清楚还给我"}, {"uid": "3118424", "content": "ｈそ"}, {"uid": "109691027", "content": "！？"}, {"uid": "2931349", "content": "俺也一样"}, {"uid": "12343804", "content": "母慈子孝"}, {"uid": "667229452", "content": "臭豆腐腐乳"}, {"uid": "4675964", "content": "草"}, {"uid": "401099828", "content": "好 女 儿"}, {"uid": "2203831", "content": "艾 伦 耶 格 尔"}, {"uid": "2854211", "content": "哎呦 会玩啊！"}, {"uid": "2854211", "content": "神秘的展开"}, {"uid": "2629851", "content": "口球"}, {"uid": "3109422", "content": "小猫咪心里坏的很"}, {"uid": "11018482", "content": "艾 伦"}, {"uid": "470952496", "content": "？？？？？？？？？？？？"}, {"uid": "2907196", "content": "p家女儿们真的是各有各的孝顺"}, {"uid": "2907196", "content": "断罪！"}, {"uid": "110390", "content": "hso"}, {"uid": "329085", "content": "小兔子狂喜"}, {"uid": "86954029", "content": "过失吃兔罪"}, {"uid": "4526269", "content": "麻辣秃头"}, {"uid": "1808632", "content": "嚼子"}, {"uid": "19000298", "content": "？？？"}, {"uid": "1808632", "content": "草"}, {"uid": "12676651", "content": "食亲者"}, {"uid": "30254330", "content": "为啥和三月在一起你不带啊"}, {"uid": "33911402", "content": "您就是虚拟螳螂？？"}, {"uid": "14122823", "content": "？？？怪起来了"}, {"uid": "14122823", "content": "？？？？"}, {"uid": "253419", "content": "我好梦中吃兔"}, {"uid": "1739853", "content": "草"}, {"uid": "807080", "content": "¿¿¿¿¿¿"}, {"uid": "432135", "content": "？！"}, {"uid": "558377", "content": "帕里早晚被你吃"}, {"uid": "89103174", "content": "艾伦耶格尔"}, {"uid": "45927838", "content": "？？？？？？"}, {"uid": "4675964", "content": "艾伦直呼内行"}, {"uid": "402482140", "content": "？？？？？"}, {"uid": "2629851", "content": "草"}, {"uid": "13031989", "content": "嘴球？"}, {"uid": "7412768", "content": "？？？？？？"}, {"uid": "6423682", "content": "噔 噔 咚"}, {"uid": "523440453", "content": "？？？？？？？？？？？"}, {"uid": "8298552", "content": "hso"}, {"uid": "475596", "content": "口球！！"}, {"uid": "10918657", "content": "beastars"}, {"uid": "36769691", "content": "蓝纹奶酪了解一下"}, {"uid": "360986", "content": "hso"}, {"uid": "207613158", "content": "口球？"}, {"uid": "253419", "content": "食杀"}, {"uid": "602770583", "content": "害怕"}, {"uid": "3659719", "content": "艾伦知乎内行"}, {"uid": "20006195", "content": "吃神可太草了"}, {"uid": "158229081", "content": "一股p5的味扑面而来"}, {"uid": "19452090", "content": "@兎田ぺこら"}, {"uid": "25770964", "content": "????????????"}, {"uid": "57578913", "content": "有悖孝道"}, {"uid": "503225007", "content": "吃人"}, {"uid": "143968411", "content": "草"}, {"uid": "342067781", "content": "笼嘴"}, {"uid": "212101", "content": "带孝女"}, {"uid": "212101", "content": "hso"}, {"uid": "401099828", "content": "草"}, {"uid": "401099828", "content": "螳 螂"}, {"uid": "2203831", "content": "害怕"}, {"uid": "11244465", "content": "草"}, {"uid": "2629851", "content": "？？？？？"}, {"uid": "470952496", "content": "草"}, {"uid": "2907196", "content": "孝顺啊"}, {"uid": "2907196", "content": "太坏了"}, {"uid": "453839177", "content": "草"}, {"uid": "285826982", "content": "草"}, {"uid": "10031973", "content": "???犯罪预告"}, {"uid": "329085", "content": "重油炒胡萝卜也好吃的"}, {"uid": "35086599", "content": "？？？？？"}, {"uid": "2954926", "content": "hso"}, {"uid": "2954926", "content": "草"}, {"uid": "286697508", "content": "雷格西"}, {"uid": "36769691", "content": "草"}, {"uid": "30254330", "content": "活吃啊"}, {"uid": "33911402", "content": "太怪了 太怪了"}, {"uid": "10455913", "content": "活吃兔"}, {"uid": "128541", "content": "输了输了"}, {"uid": "10455913", "content": "胡萝卜汁洗头"}, {"uid": "602770583", "content": "帕里狂喜"}, {"uid": "619481", "content": "臭豆腐腐乳，加柠檬"}, {"uid": "3118424", "content": "晚上和早上上面和下面味道一样的味道（"}, {"uid": "355448587", "content": "草"}, {"uid": "11184845", "content": "？？？？"}, {"uid": "1931345", "content": "？？？？？？？？"}, {"uid": "4211233", "content": "草"}, {"uid": "3493644", "content": "食亲者"}, {"uid": "4307185", "content": "胡萝卜炖牛肉里的胡萝卜不好吃吗？？？"}, {"uid": "401099828", "content": "草"}, {"uid": "453389652", "content": "??"}, {"uid": "8793550", "content": "hso"}, {"uid": "36810930", "content": "？？？"}, {"uid": "34593348", "content": "hso"}, {"uid": "3326169", "content": "草"}, {"uid": "523440453", "content": "？？？？？？？？？？"}, {"uid": "86028", "content": "口球"}, {"uid": "110390", "content": "???"}, {"uid": "23758110", "content": "Amazon！"}, {"uid": "329085", "content": "？？？"}, {"uid": "63523", "content": "带孝女"}, {"uid": "4526269", "content": "小猫咪能有什么坏心眼呢"}, {"uid": "196713943", "content": "@吃妈巨"}, {"uid": "4148560", "content": "？？？"}, {"uid": "36769691", "content": "hso"}, {"uid": "36769691", "content": "草"}, {"uid": "126319666", "content": "带孝女"}, {"uid": "20317592", "content": "草"}, {"uid": "286292590", "content": "草"}, {"uid": "207613158", "content": "炒蚕蛹"}, {"uid": "485709481", "content": "@雷格西"}, {"uid": "1739853", "content": "草"}, {"uid": "11090941", "content": "hso"}, {"uid": "30299777", "content": "虫子。。。算是少部分人才会吃的吧。。。"}, {"uid": "13961563", "content": "虫子好吃"}, {"uid": "115651", "content": "草"}, {"uid": "34518556", "content": "hso"}, {"uid": "286262671", "content": "王致和臭豆腐。"}, {"uid": "516875", "content": "害怕"}, {"uid": "7577621", "content": "艾伦草"}, {"uid": "10201951", "content": "草"}, {"uid": "2203831", "content": "草"}, {"uid": "389736910", "content": "？草"}, {"uid": "44875455", "content": "????"}, {"uid": "2629851", "content": "草"}, {"uid": "416226", "content": "带孝女"}, {"uid": "47663316", "content": "艾伦"}, {"uid": "299727433", "content": "孝死了"}, {"uid": "110390", "content": "太孝了"}, {"uid": "364867251", "content": "、"}, {"uid": "544972", "content": "？？？"}, {"uid": "4526269", "content": "危"}, {"uid": "34959019", "content": "？？？"}, {"uid": "1808632", "content": "debuff"}, {"uid": "1386921", "content": "口球?"}, {"uid": "383490560", "content": "hso"}, {"uid": "253419", "content": "paryistars"}, {"uid": "21839948", "content": "？"}, {"uid": "11090941", "content": "hs"}, {"uid": "8058578", "content": "？"}, {"uid": "2711928", "content": "太孝了"}, {"uid": "430099272", "content": "雷普"}, {"uid": "173877049", "content": "汉尼拔"}, {"uid": "602770583", "content": "??????"}, {"uid": "3659719", "content": "草"}, {"uid": "3118424", "content": "エレン・イェーガー発言"}, {"uid": "104503620", "content": "？？"}, {"uid": "443529239", "content": "？？l？"}, {"uid": "443529239", "content": "恐怖"}, {"uid": "1931345", "content": "草草草"}, {"uid": "503225007", "content": "？？？"}, {"uid": "16586347", "content": "？？？"}, {"uid": "212101", "content": "草"}, {"uid": "1503156", "content": "母螳螂"}, {"uid": "523440453", "content": "草"}, {"uid": "3303215", "content": "讨厌胡萝卜但喜欢可以把胡萝卜变成兔肉的兔子"}, {"uid": "589810425", "content": "?"}, {"uid": "67655543", "content": "草"}, {"uid": "13443040", "content": "秋裤输力"}, {"uid": "30254330", "content": "草"}, {"uid": "114369", "content": "螺蛳粉？臭豆腐？"}, {"uid": "7485802", "content": "？"}, {"uid": "360986", "content": "？"}, {"uid": "128108", "content": "dd"}, {"uid": "24919552", "content": "???"}, {"uid": "217797936", "content": "？"}, {"uid": "89543", "content": "是嘴套 不是口球  你们怎么这么污啊"}, {"uid": "51418548", "content": "害怕"}, {"uid": "400796597", "content": "？"}, {"uid": "4675964", "content": "草"}, {"uid": "204906351", "content": "喰种"}, {"uid": "416049300", "content": "hso"}, {"uid": "523440453", "content": "hso"}, {"uid": "523440453", "content": "草"}, {"uid": "1295223", "content": "？？"}, {"uid": "7485802", "content": "？"}, {"uid": "20317592", "content": "。。。"}, {"uid": "207613158", "content": "真是好孝"}, {"uid": "207613158", "content": "好耶"}, {"uid": "409803025", "content": "草"}, {"uid": "37455019", "content": "虫呢"}]