[{"uid": "64031293", "content": "对不起大家，最终我还是暴露了。"}, {"uid": "87640183", "content": "这句话好标准"}, {"uid": "253419", "content": "早点休息 我在被窝里打你"}, {"uid": "17436256", "content": "不好意思，我又来了，再看最后一遍"}, {"uid": "17436256", "content": "我在被窝里打你"}, {"uid": "87629078", "content": "我在被窝里打你"}, {"uid": "66795888", "content": "你是曹县的猫猫"}, {"uid": "253419", "content": "出不去了"}, {"uid": "40278466", "content": "噔噔咚"}, {"uid": "310843417", "content": "草"}, {"uid": "602770583", "content": "awsl"}, {"uid": "1522079", "content": "草"}, {"uid": "786526", "content": "草"}, {"uid": "10650378", "content": "草"}, {"uid": "2335812", "content": "草"}, {"uid": "2203831", "content": "我也爱你"}, {"uid": "2629851", "content": "草"}, {"uid": "13310817", "content": "草"}, {"uid": "110390", "content": "草"}, {"uid": "523440453", "content": "草"}, {"uid": "3844363", "content": "谢谢"}, {"uid": "16438254", "content": "哇"}, {"uid": "291392091", "content": "草"}, {"uid": "262284680", "content": "草"}, {"uid": "28567815", "content": "草"}, {"uid": "253419", "content": "我是韩国的苦力"}, {"uid": "30162874", "content": "你还要看几遍？"}]