[{"uid": "348504366", "content": "能被艾丽娅记住名字，我酸了"}, {"uid": "2629851", "content": "还有这种好事？？"}, {"uid": "25375745", "content": "你怎么这么懂啊（"}, {"uid": "25375745", "content": "承认自己是老年人（"}, {"uid": "109107768", "content": "说多了就有叶公好龙之嫌了"}, {"uid": "15138435", "content": "我188都没95公斤啊"}, {"uid": "20578322", "content": "封面为什么不是麦当劳？"}, {"uid": "323953409", "content": "懂了 我这就去健身加吃饭！！！"}, {"uid": "323953409", "content": "生气了哈哈哈"}, {"uid": "1971366", "content": "你也是个面包拳"}, {"uid": "62069332", "content": "要不，有机会试试健身环？"}, {"uid": "42269715", "content": "她说她担心我"}, {"uid": "42269715", "content": "俺也一样，就是吃不胖，艾丽娅快来打我"}, {"uid": "33911402", "content": "高情商之鉴"}, {"uid": "1765763", "content": "锻炼完洗个澡就好了"}, {"uid": "30872046", "content": "懂了 aria已经四十岁了"}, {"uid": "36769691", "content": "草"}, {"uid": "108167611", "content": "她喜欢我（狂喜"}, {"uid": "291862", "content": "是我的错觉吗，梅小姐的这个声线好勾八像圣皇啊"}, {"uid": "10826451", "content": "QAQ"}, {"uid": "266679665", "content": "建议去找健身环的神oto"}, {"uid": "37815622", "content": "啊这，我好酸啊www"}, {"uid": "37815622", "content": "明白了，艾莉娅是真的debu（doge）"}, {"uid": "305617742", "content": "魔鬼筋肉猫"}, {"uid": "5400027", "content": "草"}, {"uid": "337588", "content": "所以不洗澡了么之后就…"}, {"uid": "34928555", "content": "pro"}, {"uid": "212101", "content": "还有这种好事"}, {"uid": "212101", "content": "所以是50岁"}, {"uid": "157979", "content": "奶。。奶油面包。"}, {"uid": "157979", "content": "你听听这说的是人话吗"}, {"uid": "86028", "content": "这个千焦..."}, {"uid": "384796790", "content": "一拳打死dd（确信）"}, {"uid": "12208925", "content": "是千卡不是千焦"}, {"uid": "165115", "content": "pro debubu"}, {"uid": "13259694", "content": "how dare u"}, {"uid": "278488", "content": "这里应该是大卡，不是千焦吧？"}, {"uid": "875065", "content": "《有 点 》"}, {"uid": "128541", "content": "还有这种好事?"}, {"uid": "52697502", "content": "但是睡前出汗不会难受吗"}, {"uid": "629870056", "content": "《这个是debubu吗》大老师爱丽娅（）"}, {"uid": "4324179", "content": "懂了，老阿姨"}, {"uid": "614287", "content": "偉い"}, {"uid": "110854105", "content": "身体原因消化不良还有各种各样的原因"}, {"uid": "35299806", "content": "太可爱了，救命啊救命~~"}, {"uid": "110854105", "content": "不是这个比例一米八不到一百斤这不是根杆子，我一米六不到一百都有人说我太瘦了"}, {"uid": "1931345", "content": "你再骂！（恳求)"}, {"uid": "24522078", "content": "（贫穷或是富有"}, {"uid": "668800", "content": "所以你是30岁40岁吗（）"}, {"uid": "14367824", "content": "已经是生气了"}, {"uid": "2629851", "content": "你再骂（恳求）"}, {"uid": "25375745", "content": "dna动了草"}, {"uid": "323953409", "content": "awsl好可爱"}, {"uid": "619168", "content": "如果我是debu你会爱我吗.m0"}, {"uid": "36810930", "content": "开幕跳脸"}, {"uid": "3177275", "content": "声音好可爱啊"}, {"uid": "13787857", "content": "暴露真实年龄"}, {"uid": "253419", "content": "嘴太甜了"}, {"uid": "14367824", "content": "她太会了"}, {"uid": "12140928", "content": "她心里有我"}, {"uid": "323953409", "content": "太会了吧"}, {"uid": "11191284", "content": "高情商"}, {"uid": "562257281", "content": "自爆卡车？"}, {"uid": "36769691", "content": "自爆卡车"}, {"uid": "82653981", "content": "高情商"}, {"uid": "232885242", "content": "锻炼肌肉和debu不矛盾啊"}, {"uid": "305617742", "content": "还有这种好事？"}, {"uid": "305617742", "content": "所以艾莉亚是debu"}, {"uid": "282103", "content": "职 业 de bu"}, {"uid": "282103", "content": "哈！"}, {"uid": "2350991", "content": "叉出去"}, {"uid": "14524105", "content": "不愧是艾丽娅 轻易做到了别人做不到的事情"}, {"uid": "14036398", "content": "前面，并没有。雪猫猫两个都不沾的"}, {"uid": "221955", "content": "@38岁单亲妈妈"}, {"uid": "1651467", "content": "192公分104公斤勉强看起来不会胖"}, {"uid": "2694029", "content": "那就是承认自己是个debubu了"}, {"uid": "9182476", "content": "人？"}, {"uid": "2658916", "content": "懂了，云健身"}, {"uid": "196952", "content": "是个懂的！"}, {"uid": "51498050", "content": "我最近有在健身啦（"}, {"uid": "82653981", "content": "前面的老公，白猫说的是千克啊"}, {"uid": "14838593", "content": "pro"}, {"uid": "36401197", "content": "但是会体温升高"}, {"uid": "166413848", "content": "人话？"}, {"uid": "938939", "content": "死刑"}, {"uid": "241792603", "content": "不会的  健身会让你精神百倍"}, {"uid": "544972", "content": "摇头晃脑"}, {"uid": "4912018", "content": "えらい！"}, {"uid": "4912018", "content": "草"}, {"uid": "30872046", "content": "跳脸了ww"}, {"uid": "2629851", "content": "她心里有我"}, {"uid": "2203831", "content": "这算是优点吗？！"}, {"uid": "562257281", "content": "草"}, {"uid": "244272865", "content": "好耶 她喜欢我"}, {"uid": "2831395", "content": "30岁的debubu老阿姨"}, {"uid": "1577552", "content": "还有这种好事？"}, {"uid": "12208925", "content": "所以艾莉亚是debu"}, {"uid": "22911008", "content": "把公斤和斤搞错了吧"}, {"uid": "354112", "content": "西方哪道菜我没有吃过"}, {"uid": "109691027", "content": "她担心我"}, {"uid": "33030701", "content": "我185已经95公斤了，我得动一动了"}, {"uid": "217797936", "content": "确实"}, {"uid": "31939135", "content": "180 95 我太难了"}, {"uid": "404786247", "content": "大概50岁。"}, {"uid": "404786247", "content": "50岁的时候。"}, {"uid": "1825150", "content": "kksk"}, {"uid": "323953409", "content": "awsl"}, {"uid": "37913832", "content": "岸边露伴（有端联想）"}, {"uid": "2203831", "content": "泪目"}, {"uid": "2203831", "content": "草"}, {"uid": "88154", "content": "哈哈哈哈哈"}, {"uid": "11553986", "content": "神OP"}, {"uid": "3207714", "content": "筋肉debubu"}, {"uid": "7896115", "content": "好家伙，还jo起来了"}, {"uid": "305617742", "content": "草"}, {"uid": "282103", "content": "笨蛋！"}, {"uid": "3254961", "content": "草"}, {"uid": "212101", "content": "草"}, {"uid": "128108", "content": "承认debu了"}, {"uid": "110854105", "content": "不好意思我看字幕少看了个“公”字"}, {"uid": "2694029", "content": "老debu了"}, {"uid": "42269715", "content": "木大的，就是没法子"}, {"uid": "23340504", "content": "快去找oto前辈"}, {"uid": "10826451", "content": "这个我回"}, {"uid": "6760836", "content": "pro debubu"}, {"uid": "36810930", "content": "草"}, {"uid": "2817283", "content": "kksk"}, {"uid": "2648536", "content": "并没有，都是常识"}, {"uid": "49926124", "content": "草"}, {"uid": "2777381", "content": "草"}, {"uid": "69199754", "content": "太pro了"}, {"uid": "7770107", "content": "懂了 mea是debu"}, {"uid": "786526", "content": "筋肉猫猫"}, {"uid": "470345017", "content": "仰卧~起坐"}, {"uid": "544972", "content": "那你是debu啊"}, {"uid": "37051501", "content": "泪目"}, {"uid": "73478180", "content": "叉出去"}, {"uid": "10201951", "content": "草"}, {"uid": "4912018", "content": "草."}, {"uid": "4912018", "content": "太可爱了啊啊啊啊啊"}, {"uid": "110854105", "content": "艾莉娅是dd"}, {"uid": "2629851", "content": "kksk"}, {"uid": "32191148", "content": "暖心"}, {"uid": "2203831", "content": "肌肉艾莉娅"}, {"uid": "3484457", "content": "草"}, {"uid": "3346365", "content": "？"}, {"uid": "219233", "content": "debu阿姨"}, {"uid": "431778772", "content": "@陈阿姨"}, {"uid": "116179", "content": "我就是debubu"}, {"uid": "30514029", "content": "草"}, {"uid": "544972", "content": "草"}, {"uid": "5842642", "content": "那不还是debu吗"}, {"uid": "74041", "content": "TAT"}, {"uid": "8243531", "content": "草"}, {"uid": "409803025", "content": "草"}, {"uid": "10159973", "content": "扁担"}, {"uid": "36769691", "content": "草"}, {"uid": "58830264", "content": "她太会了"}, {"uid": "266679665", "content": "这就是anti的好处吗，懂了，这就去anti"}, {"uid": "8333831", "content": "100KG还不debu吗"}, {"uid": "73478180", "content": "debubu"}, {"uid": "427507", "content": "没有搞错。要是95斤怎么会说胖？而且国外不说斤"}, {"uid": "2705066", "content": "艾莉娅震怒"}, {"uid": "325181", "content": "草"}, {"uid": "30872046", "content": "草"}, {"uid": "3346365", "content": "好骂"}, {"uid": "470522", "content": "不但暴露了自己是debu的事实，还暴露了年龄？"}, {"uid": "937618", "content": "久    病    成    医"}]