[{"uid": "934786", "content": "草"}, {"uid": "157763", "content": "幻化成风，好耶"}, {"uid": "33549806", "content": "还真是猫的报恩"}, {"uid": "11044651", "content": "花粉症？"}, {"uid": "100342521", "content": "rui嗓子还好嘛 注意保养啊"}, {"uid": "100342521", "content": "rui一直眨巴眼睛……可爱"}, {"uid": "100342521", "content": "好可爱……想抱抱！！想埋毛！！！"}, {"uid": "100342521", "content": "大猫猫！！！软乎乎…可爱……"}, {"uid": "397383521", "content": "还没变，但是已经开始用了"}, {"uid": "422192", "content": "完全一致"}, {"uid": "1039858159", "content": "全裸，能冲"}, {"uid": "13990000", "content": "超棒！"}, {"uid": "13990000", "content": "啊太可爱了！！"}, {"uid": "535008089", "content": "无 缝 剪 辑"}, {"uid": "2629851", "content": "kksk"}, {"uid": "2274400", "content": "变回去"}, {"uid": "9639428", "content": "突然想到，猫的瞳孔只有在黑暗中才变圆吧。。"}, {"uid": "39662", "content": "草"}, {"uid": "23731516", "content": "还真是猫的报恩"}, {"uid": "6811048", "content": "www"}, {"uid": "323953409", "content": "可爱kksk"}, {"uid": "323953409", "content": "好好听"}, {"uid": "1931345", "content": "kksk"}, {"uid": "11585931", "content": "变回去了，悲"}, {"uid": "319477", "content": "变回去"}, {"uid": "484927", "content": "oto前世啊"}, {"uid": "18089432", "content": "草"}, {"uid": "10706154", "content": "草"}, {"uid": "36769691", "content": "好耶"}, {"uid": "36769691", "content": "草"}, {"uid": "128541", "content": "“我的可爱小恐龙呢？”"}, {"uid": "128541", "content": "你们就跟睿君过吧"}, {"uid": "82659133", "content": "大小参考萨达哈鲁"}, {"uid": "81607", "content": "睿总~睿总~"}, {"uid": "2881638", "content": "发现自己在现场。。"}, {"uid": "67655543", "content": "好听！"}, {"uid": "306797", "content": "rui喵是公公"}, {"uid": "6486338", "content": "花粉症吗"}, {"uid": "6486338", "content": "请务必让我来收拾"}, {"uid": "2874576", "content": "那哪里平台可以全裸呢"}, {"uid": "9272615", "content": "草"}, {"uid": "21666889", "content": "艾莉娅多唱歌呀！好听哭了"}, {"uid": "1739853", "content": "草"}, {"uid": "2907196", "content": "毛球草"}, {"uid": "838438", "content": "等下，你这把自己的塔爆了把？？？"}, {"uid": "4297382", "content": "没事，oto本体也是全裸（"}, {"uid": "2907196", "content": "不会不会，你去看那些萌宠直播，没穿衣服的好多（"}, {"uid": "389018605", "content": "那么哪个平台可以全裸呢（"}, {"uid": "334926483", "content": "草"}, {"uid": "20619959", "content": "什么furry"}, {"uid": "7107842", "content": "哈哈哈"}, {"uid": "2170632", "content": "此时rui君在背后用微妙的眼神看着主子"}, {"uid": "56362035", "content": "亲亲亲亲亲抱抱举高高"}, {"uid": "11585931", "content": "但是我可以"}, {"uid": "8308058", "content": "开幕雷击"}, {"uid": "35299806", "content": "草，全裸？？"}, {"uid": "145987680", "content": "说这个我可不困啦"}, {"uid": "756304", "content": "fury控狂喜！"}, {"uid": "145093836", "content": "夭寿，猫唱歌了"}, {"uid": "10165668", "content": "变回去了"}, {"uid": "10165668", "content": "变反了"}, {"uid": "13936795", "content": "成年人.jpg"}, {"uid": "397383521", "content": "草"}, {"uid": "422192", "content": "中之猫暴露"}, {"uid": "109371935", "content": "哈哈哈"}, {"uid": "39662", "content": "福瑞控是吧.jpg"}, {"uid": "170204766", "content": "可是你有毛啊"}, {"uid": "234584532", "content": "小手拉大手？"}, {"uid": "27457325", "content": "。。。给我变回来啊"}, {"uid": "29859", "content": "白猫成精啦"}, {"uid": "89543", "content": "白猫猫"}, {"uid": "93756174", "content": "好灵性的猫"}, {"uid": "34593348", "content": "福瑞控是吧？"}, {"uid": "347829383", "content": "我来帮你收拾"}, {"uid": "2881638", "content": "草 开幕雷击"}, {"uid": "1414003", "content": "P开头的某网站"}, {"uid": "384796790", "content": "hso"}, {"uid": "42260922", "content": "猫成精了"}, {"uid": "42260922", "content": "哪里可以？"}, {"uid": "27164642", "content": "dmm配信，请"}, {"uid": "11869933", "content": "草"}, {"uid": "13990000", "content": "之后就这么播吧！"}, {"uid": "109691027", "content": "？？。 ？？"}, {"uid": "337588", "content": "小陈你好"}, {"uid": "476817", "content": "草"}, {"uid": "5036", "content": "rui叔叔是你吗"}, {"uid": "17547106", "content": "好听好听~"}, {"uid": "8594655", "content": "8888"}, {"uid": "131260000", "content": "睿叔叔草"}, {"uid": "14007884", "content": "好听"}, {"uid": "10826451", "content": "哪里也不可以啊kora"}, {"uid": "386845290", "content": "rui君你被威胁了就喵一下（doge）"}, {"uid": "2874576", "content": "rui君不是男生嘛！"}, {"uid": "374374149", "content": "草"}, {"uid": "2907196", "content": "awsl"}, {"uid": "337358511", "content": "哪里都不能全裸吧"}, {"uid": "4494836", "content": "awsl"}, {"uid": "334926483", "content": "？？？开幕雷击"}, {"uid": "20948774", "content": "斯巴拉西"}, {"uid": "212101", "content": "草"}, {"uid": "182375497", "content": "？？？"}, {"uid": "92085", "content": "这个猫皮整的还挺好"}, {"uid": "9111145", "content": "草"}, {"uid": "2616636", "content": "开幕雷击"}, {"uid": "37958104", "content": "awsl"}, {"uid": "6486338", "content": "巨型白猫"}, {"uid": "402482140", "content": "草"}, {"uid": "501320013", "content": "草"}, {"uid": "689354437", "content": "为了可爱别管这些细节了"}, {"uid": "4130547", "content": "没事吧； ；"}, {"uid": "8594655", "content": "声音真好听"}, {"uid": "3933668", "content": "叔叔"}, {"uid": "2629851", "content": "kksk"}, {"uid": "1597017", "content": "草"}, {"uid": "383759146", "content": "这可不兴报啊"}, {"uid": "323953409", "content": "awsl"}, {"uid": "2854211", "content": "rui总是吧"}, {"uid": "8308058", "content": "草"}, {"uid": "17480001", "content": "awsl"}, {"uid": "36769691", "content": "awsl"}, {"uid": "89543", "content": "我可以"}, {"uid": "19174622", "content": "kksk"}, {"uid": "81607", "content": "开幕雷击"}, {"uid": "30009618", "content": "草"}, {"uid": "306797", "content": "草"}, {"uid": "6486338", "content": "好棒"}, {"uid": "26602940", "content": "高清步兵"}, {"uid": "5661239", "content": "吸吸吸"}, {"uid": "4130547", "content": "阿这"}, {"uid": "34959019", "content": "woc"}, {"uid": "8672285", "content": "舒服的"}, {"uid": "73609534", "content": "？？？？？？"}, {"uid": "2629851", "content": "awsl"}, {"uid": "126783684", "content": "...."}, {"uid": "1597017", "content": "FC2呢？？"}, {"uid": "456308956", "content": "kksk"}, {"uid": "323953409", "content": "草"}, {"uid": "114964846", "content": "草"}, {"uid": "30982451", "content": "awsl"}, {"uid": "5731509", "content": "是陈睿（"}, {"uid": "25773", "content": "hso"}, {"uid": "16421103", "content": "草"}, {"uid": "2555269", "content": "草"}, {"uid": "616321", "content": "hso"}, {"uid": "30162874", "content": "她好可爱"}, {"uid": "30872046", "content": "草"}, {"uid": "413303230", "content": "草"}, {"uid": "266812299", "content": "？？？？"}, {"uid": "2629851", "content": "awsl"}, {"uid": "12700753", "content": "草"}, {"uid": "3064962", "content": "晋元帝是吧"}, {"uid": "12880597", "content": "草"}, {"uid": "13356152", "content": "草"}, {"uid": "29983", "content": "rui叔叔草"}, {"uid": "2854211", "content": "给我变"}, {"uid": "8308058", "content": "whl"}, {"uid": "931185", "content": "草"}, {"uid": "5598346", "content": "草"}, {"uid": "49858331", "content": "草"}, {"uid": "23274551", "content": "??????? "}, {"uid": "42195795", "content": "awsl"}, {"uid": "10165668", "content": "草"}, {"uid": "2629851", "content": "awsl"}, {"uid": "1039858159", "content": "能冲"}, {"uid": "2629851", "content": "whl"}, {"uid": "544972", "content": "草"}, {"uid": "30346", "content": "fc2可以"}, {"uid": "5718643", "content": "草"}, {"uid": "6811048", "content": "草"}, {"uid": "5632434", "content": "草"}, {"uid": "128541", "content": "debubu"}, {"uid": "1986709", "content": "草"}, {"uid": "81607", "content": "睿早就是公公了"}, {"uid": "81607", "content": "是睿"}, {"uid": "602770583", "content": "awsl"}, {"uid": "10826451", "content": "rui很早就切了吧"}, {"uid": "15823004", "content": "rui不是公的吗kora"}, {"uid": "23001624", "content": "?v"}, {"uid": "10826451", "content": "好耶"}, {"uid": "802107341", "content": "草"}, {"uid": "27164642", "content": "？"}, {"uid": "3933668", "content": "？"}, {"uid": "29983", "content": "fc2，请"}, {"uid": "31556357", "content": "？？"}, {"uid": "33030701", "content": "fc2"}, {"uid": "71507197", "content": "睿公公"}, {"uid": "602770583", "content": "????"}, {"uid": "616073998", "content": "蝙蝠的报恩"}]