[{"uid": "107414575", "content": "哈哈哈哈哈哈哈不愧是你"}, {"uid": "348504366", "content": "一开始没有清楚这一设定就不会发生这种事了"}, {"uid": "289461176", "content": "正经人谁写台本啊（doge）"}, {"uid": "110390", "content": "毕竟混沌偶像"}, {"uid": "157979", "content": "homo特有的自信"}, {"uid": "157979", "content": "那味回来了"}, {"uid": "251552385", "content": "俺也一样"}, {"uid": "15138435", "content": "把清楚的艾莉娅还回来!"}, {"uid": "236973", "content": "你就算了"}, {"uid": "13213559", "content": "百合猛兽"}, {"uid": "19174622", "content": "结果还是绷不住23333"}, {"uid": "19693200", "content": "其实是奔着混沌来的（"}, {"uid": "755531", "content": "难掩本性"}, {"uid": "166413848", "content": "但你无论啥时候都不是人吧"}, {"uid": "3914948", "content": "“你最好照着词儿说” “嗨，哪儿有词儿啊？”"}, {"uid": "76996595", "content": "  清  楚  "}, {"uid": "21550586", "content": "没想到吧，大家都是变态"}, {"uid": "35299806", "content": "俺也一样"}, {"uid": "2450646", "content": "俺也一样！"}, {"uid": "4912018", "content": "草，我也一样"}, {"uid": "496710", "content": "清楚（"}, {"uid": "315304031", "content": "不忘初心方得始终"}, {"uid": "315304031", "content": "晃得眼晕"}, {"uid": "7253838", "content": "营业声线"}, {"uid": "71993", "content": "原 形 毕 露"}, {"uid": "2705066", "content": "kimomo还行"}, {"uid": "7300047", "content": "本性难移"}, {"uid": "36810930", "content": "下 定 决 心"}, {"uid": "10042939", "content": "15分钟就绷不住了"}, {"uid": "31876947", "content": "俺也一样"}, {"uid": "2450646", "content": "俺也一样"}, {"uid": "20317592", "content": "草，绷不住了"}, {"uid": "315304031", "content": "哈哈哈，我也一样"}, {"uid": "1847221", "content": "老前辈不需要台本"}, {"uid": "441730561", "content": "草"}, {"uid": "236973", "content": "居然坚持了15分钟"}, {"uid": "21589622", "content": "？？？？？？？？？"}, {"uid": "3580236", "content": "攻击攻击"}, {"uid": "6271880", "content": "清楚（大嘘）"}, {"uid": "37680383", "content": "我会更加兴奋"}, {"uid": "20606028", "content": "不忘初心"}, {"uid": "92085", "content": "确实"}, {"uid": "2629851", "content": "草"}, {"uid": "29983", "content": "要靠台本才能演绎的清楚那可是伪物啊（"}, {"uid": "285826982", "content": "清楚"}, {"uid": "306336851", "content": "结果有台本也就撑了15分钟（捂脸）"}, {"uid": "153338083", "content": "认 识 清 晰"}, {"uid": "19174622", "content": "老新人了"}, {"uid": "31374611", "content": "草"}, {"uid": "101193063", "content": "人均混沌信徒"}, {"uid": "16312917", "content": "看到你不清楚，我们就放心了"}, {"uid": "108551", "content": "然后就名正言顺的……混沌开场了……"}, {"uid": "183203", "content": "俺也一样"}, {"uid": "310843417", "content": "清楚（）"}, {"uid": "23744794", "content": "不清楚，模糊"}, {"uid": "2629851", "content": "蚌 埠 住 了"}, {"uid": "398428631", "content": "草"}, {"uid": "212101", "content": "草"}, {"uid": "315304031", "content": "哈哈哈哈"}, {"uid": "33030701", "content": "咱们谁跟谁啊"}, {"uid": "10890200", "content": "蚌埠住了"}, {"uid": "13310817", "content": "草"}, {"uid": "262284680", "content": "哈哈哈"}, {"uid": "15138435", "content": "本当に绷不住了です"}, {"uid": "36810930", "content": "你可别逗我了"}, {"uid": "28567815", "content": "清楚清楚"}, {"uid": "6545742", "content": "俺也一样"}, {"uid": "4148560", "content": "台本:???"}, {"uid": "229679", "content": "俺也一样"}, {"uid": "76996595", "content": "！！！！"}, {"uid": "2033732", "content": "不会，请带我一起"}, {"uid": "108551", "content": "完全不会，应该说你不清楚了正好合了好多好多好多人的心愿（笑）"}, {"uid": "212101", "content": "俺也一样"}, {"uid": "121493", "content": "草"}, {"uid": "380276", "content": "不可能的"}, {"uid": "10031973", "content": "草！！"}, {"uid": "1808632", "content": "草"}, {"uid": "40613413", "content": "你前辈都是这样走过来的   现在就太阳神和nano算清楚的了"}, {"uid": "589066639", "content": "虚拟楠田亚衣奈"}, {"uid": "4130547", "content": "？？？"}, {"uid": "488371", "content": "不说其他的，接下来播放那一串就没有一个清楚的"}, {"uid": "508734070", "content": "草"}, {"uid": "23928217", "content": "这倒是真的"}, {"uid": "786526", "content": "草"}, {"uid": "14524105", "content": "然而b站网友们喜欢沙雕多一点"}, {"uid": "1739853", "content": "P家观众，懂的都懂"}, {"uid": "197816147", "content": "草"}, {"uid": "104349408", "content": "哈哈哈"}, {"uid": "371101875", "content": "（台本）"}, {"uid": "110390", "content": "带上我一起"}, {"uid": "157979", "content": "你最好照着词说"}, {"uid": "36810930", "content": "蚌埠住了"}, {"uid": "19174622", "content": "别逗我了老妹"}, {"uid": "3293318", "content": "草。"}, {"uid": "3254961", "content": "草"}, {"uid": "11344630", "content": "草"}, {"uid": "328422", "content": "清楚营业大失败……"}, {"uid": "589810425", "content": "草"}, {"uid": "178134982", "content": "草"}, {"uid": "5855044", "content": "蚌埠住了"}, {"uid": "49926124", "content": "草"}, {"uid": "3985607", "content": "草"}, {"uid": "4912018", "content": "草"}, {"uid": "5043517", "content": "谁会喜欢清楚啊。我们喜欢的是你啊"}, {"uid": "18242480", "content": "你可别逗我了"}, {"uid": "10201951", "content": "草"}, {"uid": "262284680", "content": "草"}, {"uid": "1869412", "content": "蚌埠住了"}, {"uid": "332390", "content": "草"}, {"uid": "28704270", "content": "？？？？？？？？？？？？？？？？？？？？？？？？？？？？？？？？？？？？"}]