[{"uid": "40613413", "content": "不要小看debubu的腕力"}, {"uid": "121243704", "content": "萌混过关"}, {"uid": "2629851", "content": "awsl"}, {"uid": "2907196", "content": "可爱是一样的"}, {"uid": "649315", "content": "awsl"}, {"uid": "20619959", "content": "かわいいいいいい"}, {"uid": "38464645", "content": "白羽川的这段绕口令是我的短信铃声"}, {"uid": "14686325", "content": "awsl"}, {"uid": "2167061", "content": "可爱死了！"}, {"uid": "561780", "content": "锟斤拷锟斤拷锟斤拷烫烫烫烫"}, {"uid": "7991044", "content": "猫言猫语"}, {"uid": "87629078", "content": "可爱死了！"}, {"uid": "87629078", "content": "a w s l"}, {"uid": "442250487", "content": "awsl"}, {"uid": "15784954", "content": "晚上9点，已经修好了"}, {"uid": "285459327", "content": "nya"}, {"uid": "306977659", "content": "你很勇哦（）"}, {"uid": "25571108", "content": "完全一致"}, {"uid": "173537192", "content": "这是视频压制出问题了"}, {"uid": "219233", "content": "不是火星文啊"}, {"uid": "475080", "content": "烤成了不可名状的物体"}, {"uid": "11342575", "content": "草，这字幕真乱码了，我还以为是整活"}, {"uid": "1971366", "content": "歪比歪比 外币八部"}, {"uid": "1914968", "content": "这字幕哈哈哈哈哈哈哈哈哈"}, {"uid": "280936739", "content": "呐呐呐吶呐呐呐"}, {"uid": "223810354", "content": "这翻译看傻了"}, {"uid": "438237990", "content": "烫手"}, {"uid": "27631997", "content": "阿拉垃圾君竟是我自己！"}, {"uid": "2629851", "content": "awsl"}, {"uid": "285459327", "content": "萌混过关 wwwww"}, {"uid": "306977659", "content": "awsl"}, {"uid": "1804822", "content": "直接打架"}, {"uid": "25571108", "content": "乱 码"}, {"uid": "294719754", "content": "这字幕太优秀了"}, {"uid": "31804554", "content": "萌混过关"}, {"uid": "2203831", "content": "可爱！"}, {"uid": "544972", "content": "可爱"}, {"uid": "291083154", "content": "字幕组是从雪国来的吗？"}, {"uid": "25225255", "content": "经典咕咕噜森se"}, {"uid": "3078826", "content": "可爱"}, {"uid": "28205495", "content": "听到听得懂，就是字幕看不懂"}, {"uid": "1971366", "content": "标题和字幕就离谱"}, {"uid": "796668", "content": "草 啥玩意儿"}, {"uid": "9131508", "content": "草，乱码字幕"}, {"uid": "280824206", "content": "？？？？这是碳基生物能看懂的字幕？"}, {"uid": "65692841", "content": "萌混过关"}, {"uid": "1915514", "content": "awsl"}, {"uid": "223810354", "content": "awsl"}, {"uid": "30559101", "content": "可爱可爱"}, {"uid": "74033617", "content": "awsl"}, {"uid": "1931345", "content": "nyanyananyanya"}, {"uid": "59468234", "content": "awsl"}, {"uid": "355015489", "content": "还有这种好事？"}, {"uid": "13129396", "content": "可爱"}, {"uid": "28020815", "content": "かわいい"}, {"uid": "544972", "content": "这就太可爱了"}, {"uid": "2629851", "content": "awsl"}, {"uid": "491027806", "content": "这胸"}, {"uid": "87629078", "content": "好活"}, {"uid": "393294", "content": "这字幕？？乱码了吧？"}, {"uid": "66910860", "content": "字幕xswl"}, {"uid": "223810354", "content": "两分钟！"}, {"uid": "334926483", "content": "awsl"}, {"uid": "244482940", "content": "烫嘴"}, {"uid": "30982451", "content": "awsl"}, {"uid": "1842813899", "content": "自暴自弃"}, {"uid": "30982451", "content": "草"}, {"uid": "7185696", "content": "？？？"}, {"uid": "11244465", "content": "草"}, {"uid": "10910103", "content": "？？？？"}, {"uid": "2256057", "content": "原來如此 我完全看懂了"}, {"uid": "304841957", "content": "? ? ?"}, {"uid": "67655543", "content": "开幕雷击"}, {"uid": "2629851", "content": "かわいいいいいいい"}, {"uid": "109691027", "content": "nyanyanya"}, {"uid": "354293575", "content": "awsl"}, {"uid": "3729648", "content": "Kawai"}, {"uid": "2629851", "content": "awsl"}, {"uid": "2629851", "content": "かわいい"}, {"uid": "36769691", "content": "好耶"}, {"uid": "353269079", "content": "wsl"}, {"uid": "1804822", "content": "？？？"}, {"uid": "12707559", "content": "hhhhhhhhhhhhhhhhhh"}, {"uid": "786526", "content": "？？？？"}, {"uid": "223810354", "content": "草"}, {"uid": "27586015", "content": "kksk"}, {"uid": "10620365", "content": "拉了呀"}, {"uid": "435279131", "content": "awsl"}, {"uid": "191790956", "content": "nyanaynaynaynyan"}, {"uid": "219233", "content": "这是啥啊"}, {"uid": "7901924", "content": "火星文（日文版）"}, {"uid": "6221030", "content": "？？？？？"}, {"uid": "27586015", "content": "kksk"}, {"uid": "109691027", "content": "suki"}, {"uid": "109691027", "content": "wasl"}, {"uid": "6811048", "content": "dv？"}, {"uid": "116791", "content": "wwwwwwwwww"}, {"uid": "4912018", "content": "ww"}, {"uid": "306977659", "content": "kksk"}, {"uid": "1892986", "content": "这咩字幕啊"}, {"uid": "193973642", "content": "cao"}, {"uid": "5123387", "content": "？？？？？？"}, {"uid": "10778462", "content": "草"}, {"uid": "223810354", "content": "这啥？"}, {"uid": "334926483", "content": "a"}, {"uid": "106376257", "content": "nb"}, {"uid": "401992636", "content": "awsllllllll"}, {"uid": "497096105", "content": "喵喵喵喵喵喵喵喵喵喵喵喵喵喵～"}, {"uid": "20619959", "content": "かわいいいいいいいいいいいいいいい"}, {"uid": "3061091", "content": "可爱！！！！！！！！！！！！！！"}, {"uid": "4912018", "content": "かわいいいいいいいいいいいいいいいいいいいいいいあああああああああああああああ"}]