[{"uid": "1400358", "content": "飞鸟好看！"}, {"uid": "19174622", "content": "西野七濑suki"}, {"uid": "19462853", "content": "俺也一样"}, {"uid": "2629851", "content": "石油佬竟是我的推"}, {"uid": "116791", "content": "俺也一样"}, {"uid": "166413848", "content": "有胸有钱有颜"}, {"uid": "11461", "content": "麻辣子的嫂子骨"}, {"uid": "35118504", "content": "你真的好懂啊"}, {"uid": "16422038", "content": "你好懂你好懂 是真的宅宅"}, {"uid": "16422038", "content": "迷路姬8错8错"}, {"uid": "17554009", "content": "我老婆西野七濑。"}, {"uid": "17554009", "content": "富婆、我也贡献了一点点"}, {"uid": "40899320", "content": "张嘴就是神曲"}, {"uid": "40899320", "content": "太富了草，我也就贡献了三辆电动车"}, {"uid": "40899320", "content": "这俩哪里冷门了，一个博多门面，一个难波双旦www"}, {"uid": "240360", "content": "时代的眼泪了"}, {"uid": "240360", "content": "夏天嫂子好！"}, {"uid": "11139215", "content": "神7！"}, {"uid": "11139215", "content": "我也喜欢"}, {"uid": "11139215", "content": "这还冷门吗"}, {"uid": "11139215", "content": "谈起48group我可起劲了"}, {"uid": "32516157", "content": "我我我也是！！！"}, {"uid": "1657606", "content": "娜个女人；；我泪崩"}, {"uid": "883841", "content": "我不是，我没...有点想"}, {"uid": "3711385", "content": "那感觉aria年纪应该不小了诶"}, {"uid": "62028", "content": "这就是富婆的实力吗"}, {"uid": "104953891", "content": "迷路姬！"}, {"uid": "380276", "content": "俺也一样"}, {"uid": "305837", "content": "不冷门，都是akbgroup的大物"}, {"uid": "23416514", "content": "渡边麻友天下第一！"}, {"uid": "10183614", "content": "韩国人？"}, {"uid": "253419", "content": "我的宅草"}, {"uid": "332820517", "content": "你一说喜欢张飞我就精神了"}, {"uid": "253419", "content": "酸 团扇 酸"}, {"uid": "2629851", "content": "真就富婆"}, {"uid": "2655419", "content": "草 富婆"}, {"uid": "2447820", "content": "喜欢小樱花那我就首推了"}, {"uid": "1289471", "content": "富婆无误"}, {"uid": "380276", "content": "你就是石油佬"}, {"uid": "305837", "content": "肉体饭"}, {"uid": "309303", "content": "您可太大了"}, {"uid": "3254961", "content": "富婆"}, {"uid": "7665745", "content": "真夏嫂子好"}, {"uid": "480044813", "content": "斋藤飞鸟超好看"}, {"uid": "64869715", "content": "富婆"}, {"uid": "480362513", "content": "富婆"}, {"uid": "384796790", "content": "俺也一样"}, {"uid": "339023852", "content": "好家伙小富婆"}, {"uid": "171455936", "content": "好，我也喜欢宫脇小姐"}, {"uid": "3254961", "content": "like idol, like fans ("}, {"uid": "4130547", "content": "阿这"}, {"uid": "2629851", "content": "？？？？？？"}, {"uid": "400671712", "content": "指原莉乃！！！！！"}, {"uid": "36769691", "content": "富婆"}, {"uid": "29454431", "content": "呆头飞鸟"}, {"uid": "29454431", "content": "俺也一样"}, {"uid": "2447820", "content": "Wizone报道！"}, {"uid": "240360", "content": "迷路姬suki"}, {"uid": "24858940", "content": "在现场，我就是那团扇"}, {"uid": "11139215", "content": "我也喜欢呜呜呜"}, {"uid": "270040493", "content": "我还是更喜欢RMB（狗头）"}, {"uid": "1739853", "content": "富婆"}, {"uid": "170865942", "content": "草，你可太大了"}, {"uid": "12891523", "content": "富婆"}, {"uid": "277721786", "content": "！我也喜欢，我和你贴贴"}, {"uid": "16633967", "content": "富婆"}, {"uid": "520929", "content": "小富婆"}, {"uid": "15823004", "content": "限界化"}, {"uid": "171455936", "content": "草"}, {"uid": "7665745", "content": "樱花糖！！"}, {"uid": "7665745", "content": "迷路姬！！"}, {"uid": "25477441", "content": "这个我也知道"}, {"uid": "16422038", "content": "这首夏单超喜欢"}, {"uid": "2554477", "content": "富婆啊"}, {"uid": "31546332", "content": "组合名字nmb？"}, {"uid": "170314131", "content": "俺也一样"}, {"uid": "273725902", "content": "草"}, {"uid": "786526", "content": "草"}, {"uid": "309303", "content": "确实好冷门啊"}, {"uid": "313897", "content": "草"}, {"uid": "3885523", "content": "Ｏ(≧▽≦)Ｏ "}, {"uid": "19174622", "content": "斋藤飞鸟すき"}, {"uid": "4554036", "content": "什么玩意?(狂起来了？"}, {"uid": "545087610", "content": "俺也一样～"}, {"uid": "23016047", "content": "斋藤飞鸟！！"}, {"uid": "19462853", "content": "可惜毕业得早"}, {"uid": "475470331", "content": "nmb..."}, {"uid": "40899320", "content": "你麻不是个憨憨女王吗?wwww"}, {"uid": "357234508", "content": "樱花！"}, {"uid": "240360", "content": "小樱花"}, {"uid": "11139215", "content": "草"}, {"uid": "176337042", "content": "我也喜欢西野七濑"}, {"uid": "20022534", "content": "草"}, {"uid": "126196", "content": "俺也一样"}, {"uid": "786526", "content": "卧槽"}, {"uid": "15823004", "content": "草"}, {"uid": "9095357", "content": "24"}, {"uid": "25477441", "content": "草"}, {"uid": "1661440", "content": "真夏嫂子"}, {"uid": "6811048", "content": "？？？"}, {"uid": "2629851", "content": "小樱花！！！"}, {"uid": "3168569", "content": "牙白"}, {"uid": "3456400", "content": "俺也一样"}, {"uid": "253419", "content": "草"}, {"uid": "277721786", "content": "啊啊啊啊啊啊我也是"}, {"uid": "19462853", "content": "哈哈"}, {"uid": "19462853", "content": "樱花不错"}, {"uid": "480044813", "content": "宫脇咲良！"}, {"uid": "1931345", "content": "草"}, {"uid": "3293318", "content": "草"}, {"uid": "480362513", "content": "？"}, {"uid": "225339852", "content": "确实"}, {"uid": "1971366", "content": "NMB"}, {"uid": "23562069", "content": "？？？"}, {"uid": "544299387", "content": "！！！"}]