[{"uid": "24992120", "content": "她的声音简直是蜜糖"}, {"uid": "5653714", "content": "可爱炸了"}, {"uid": "591990", "content": "gie"}, {"uid": "4270565", "content": "可愛"}, {"uid": "2741850", "content": "l;;lllklllll"}, {"uid": "7412768", "content": "察觉"}, {"uid": "23576307", "content": "零点给嘞，吸猫先拉"}, {"uid": "6486338", "content": "哈哈"}, {"uid": "16713196", "content": "可爱"}, {"uid": "240061", "content": "哈哈哈"}, {"uid": "432135", "content": "热乎"}, {"uid": "158526024", "content": "草"}, {"uid": "185749", "content": "饮茶先啦"}, {"uid": "96212045", "content": "喂！朋友，零点几饮茶训唔着喔！"}, {"uid": "87629078", "content": "喂喂可爱"}, {"uid": "106021", "content": "草，同传说的那什么兄弟是什么情况？"}, {"uid": "28567815", "content": "哈哈哈哈"}, {"uid": "380276", "content": "草 谁教的"}, {"uid": "1931345", "content": "草"}, {"uid": "7412768", "content": "草"}, {"uid": "88596436", "content": "kawaiiii"}, {"uid": "288469", "content": "wwwww"}, {"uid": "1971366", "content": "你也是个广door人"}, {"uid": "1779969", "content": "wwww"}, {"uid": "195784549", "content": "紧跟当前版本"}, {"uid": "229871483", "content": "还挺标准"}, {"uid": "279286688", "content": "草"}, {"uid": "401992636", "content": "草草草，真可爱啊awsl"}, {"uid": "345054264", "content": "同传？？？"}, {"uid": "1686538", "content": "有点可爱"}, {"uid": "185749", "content": "可爱"}, {"uid": "19522252", "content": "草"}, {"uid": "2714625", "content": "??"}, {"uid": "2741850", "content": "、、、、、、、、、、、、、、、、、、、、、、、、、、、、、、"}, {"uid": "602770583", "content": "草"}, {"uid": "432055588", "content": "草"}, {"uid": "74928521", "content": "草"}, {"uid": "88165334", "content": "草"}, {"uid": "2629851", "content": "在现场"}, {"uid": "74033617", "content": "草"}, {"uid": "348504366", "content": "蜜汁发音"}, {"uid": "624856674", "content": "我不对劲"}, {"uid": "474287625", "content": "草"}, {"uid": "355015489", "content": "kawaii"}, {"uid": "4270565", "content": "哈哈哈哈哈哈哈哈哈哈"}, {"uid": "16919703", "content": "先拉草"}, {"uid": "73488768", "content": "草"}, {"uid": "67655543", "content": "草"}, {"uid": "13024389", "content": "哈哈哈哈哈哈"}, {"uid": "4130547", "content": "哈哈哈哈"}, {"uid": "4130547", "content": "可爱"}, {"uid": "116791", "content": "饮紧茶啦"}, {"uid": "932595", "content": "还挺可爱的"}, {"uid": "11869933", "content": "草"}, {"uid": "196856", "content": "不愧是学过一点基础的大奈猫猫"}, {"uid": "23576307", "content": "没有精神，重来！"}, {"uid": "151322488", "content": "新鲜出炉"}, {"uid": "53571040", "content": "草 但又有点标准"}, {"uid": "349490384", "content": "饮茶先啦"}, {"uid": "7335450", "content": "草"}, {"uid": "355015489", "content": "awsl"}, {"uid": "310843417", "content": "广door人狂喜"}, {"uid": "10850881", "content": "草"}, {"uid": "7412768", "content": "哈哈哈"}, {"uid": "7412768", "content": "哈哈哈哈"}, {"uid": "196856", "content": "哈哈哈哈左边被ban的同传你好惨啊"}, {"uid": "464806", "content": "韩语？"}, {"uid": "67655543", "content": "什么时候学的"}, {"uid": "120332", "content": "做，做卵啊做"}, {"uid": "217797936", "content": "可爱"}, {"uid": "4494836", "content": "草"}, {"uid": "2559692", "content": "饮！"}, {"uid": "2629851", "content": "可爱"}, {"uid": "355015489", "content": "wwwwwwww"}, {"uid": "19486969", "content": "是白色毛毛"}, {"uid": "2701524", "content": "草"}, {"uid": "6811048", "content": "草"}, {"uid": "602770583", "content": "可爱"}, {"uid": "2263935", "content": "草"}, {"uid": "2040771", "content": "很标准，但又不完全标准"}, {"uid": "30872046", "content": "文化入侵"}, {"uid": "22311678", "content": "草"}, {"uid": "28567815", "content": "可爱"}, {"uid": "2629851", "content": "awsl"}, {"uid": "23576276", "content": "上手上手"}, {"uid": "401992636", "content": "草"}, {"uid": "12891523", "content": "草"}, {"uid": "185749", "content": "广东人狂喜"}, {"uid": "52433747", "content": "这真的是只土味猫"}, {"uid": "12784318", "content": "没有劲儿，根本听不见!"}, {"uid": "7412768", "content": "没有劲(>﹏<)"}, {"uid": "13024389", "content": "饮茶咯"}, {"uid": "4912018", "content": "草"}, {"uid": "15588298", "content": "草"}, {"uid": "45087547", "content": "草"}, {"uid": "87629078", "content": "饮茶先啦"}, {"uid": "23576276", "content": "kawayi"}, {"uid": "1738522", "content": "哈哈哈哈"}, {"uid": "786526", "content": "草"}, {"uid": "19486969", "content": "bai"}, {"uid": "544972", "content": "可爱"}, {"uid": "1838902", "content": "好可爱啊啊啊啊啊"}, {"uid": "6486338", "content": "饮茶先拉"}, {"uid": "1779969", "content": "wwww"}, {"uid": "27631997", "content": "草"}, {"uid": "2629851", "content": "可爱"}, {"uid": "1971366", "content": "突然清楚"}, {"uid": "10778462", "content": "草"}, {"uid": "6486338", "content": "这发音"}, {"uid": "384796790", "content": "可爱"}, {"uid": "14199490", "content": "饮茶先啦"}]