[{"uid": "27631997", "content": "难道是那首1？"}, {"uid": "89543", "content": "想听可以听蝙蝠妹的嘛 （"}, {"uid": "9892542", "content": "还有这种好事？？"}, {"uid": "16287499", "content": "白猫，带弟兄们攻一下吧"}, {"uid": "2518973", "content": "爷青回了属于是"}, {"uid": "357274793", "content": " 砍 头 还 好 点"}, {"uid": "2003435", "content": "逐出家门"}, {"uid": "5648694", "content": "不忘初心？"}, {"uid": "354293575", "content": "嘶……其他还好，后面这种我真觉得严重了，看得出来生气了"}, {"uid": "693929898", "content": "没事，我已经是了"}, {"uid": "21438853", "content": "估计是因为当时古守因为攻击被ban了的缘故吧"}, {"uid": "736530", "content": "下次还敢"}, {"uid": "3163222", "content": "经 典 老 番"}, {"uid": "127876", "content": "满 门 忠 烈"}, {"uid": "4494836", "content": "太狠了"}, {"uid": "229272", "content": "相 关 推 荐"}, {"uid": "4130547", "content": "理解，礼节"}, {"uid": "89941", "content": "攻击攻击！"}, {"uid": "604184", "content": "我一个白头山滑铲"}, {"uid": "264689", "content": "骨折（无故联想）"}, {"uid": "10910103", "content": "p家人均残疾人，太励志了"}, {"uid": "397698233", "content": "帕里:我感觉被内涵了"}, {"uid": "7577621", "content": "草，太狠了"}, {"uid": "1931345", "content": "区区致命伤"}, {"uid": "3935190", "content": "草"}, {"uid": "153338083", "content": "清 理 门 户"}, {"uid": "619481", "content": "你怎么可能会有女朋友.jpg"}, {"uid": "348464383", "content": "@1551"}, {"uid": "253419", "content": "你再骂（恳求）"}, {"uid": "13356152", "content": "草"}, {"uid": "121243704", "content": "我家还蛮大的，来我家教你登dua郎啊"}, {"uid": "40613413", "content": "帕里：？！说我？！"}, {"uid": "40613413", "content": "唱出的话 vtb生涯就……"}, {"uid": "87629078", "content": "剃须 捡到混沌白猫"}, {"uid": "2771004", "content": "草，被逐出了再唱"}, {"uid": "89543", "content": "集资养猫"}, {"uid": "89543", "content": "祖综之法不可抗"}, {"uid": "9892542", "content": "还有这种好事？"}, {"uid": "256243111", "content": "哈哈哈哈哈哈"}, {"uid": "87909069", "content": "帕里西冰库大酒店服务员说"}, {"uid": "7912795", "content": "当然愿意 我愿意养一辈子"}, {"uid": "27631997", "content": "攻击是看了你才知道的了"}, {"uid": "10159973", "content": "憋憋憋憋"}, {"uid": "32964081", "content": "P家是黑社会老巢吗（）"}, {"uid": "535069", "content": "火 帕里 火"}, {"uid": "3484457", "content": "这不挺好的嘛，有条件我真想啃老"}, {"uid": "805779", "content": "你就断胸吧，变成合群的平板"}, {"uid": "1673865", "content": "白猫的传奇故事"}, {"uid": "3500192", "content": "终于，要来了吗？"}, {"uid": "126783684", "content": "难道是那首！"}, {"uid": "40613413", "content": "这是听过最严重的处理了   可不是以前断手断脚的警告了"}, {"uid": "340360939", "content": "找不到女朋友？@帕里_Paryi "}, {"uid": "67655543", "content": "头都给你段了"}, {"uid": "36398456", "content": "你再骂?！"}, {"uid": "3735621", "content": "刻在DNA深处的歌曲?"}, {"uid": "108162851", "content": "攻击！攻击！"}, {"uid": "206487", "content": "帕里黑料找到了！"}, {"uid": "110390", "content": "别啃老"}, {"uid": "11872189", "content": "区区断头"}, {"uid": "173853408", "content": "其实我家还蛮大的"}, {"uid": "20006195", "content": "不愧是你"}, {"uid": "12773458", "content": "战斗战斗"}, {"uid": "10778462", "content": "看到相关推荐我知道哪首了"}, {"uid": "4494836", "content": "你再骂！"}, {"uid": "7071730", "content": "还有这种好事?"}, {"uid": "8403689", "content": "太恶毒了"}, {"uid": "13998632", "content": "那个剃须笑死我了"}, {"uid": "185749", "content": "毕竟你就是源头"}, {"uid": "85886878", "content": "？？？？？？？？"}, {"uid": "496710", "content": "水果摊子不听也罢"}, {"uid": "2629851", "content": "是那首吗？？"}, {"uid": "4912018", "content": "草、かわいいいいい"}, {"uid": "6474368", "content": "你再骂！"}, {"uid": "7577621", "content": "你再骂？？"}, {"uid": "206412", "content": "DNA里的那首歌"}, {"uid": "332820517", "content": "还有这种好事？"}, {"uid": "756304", "content": "那我可太愿意了"}, {"uid": "2281084", "content": "p家黑道组织说"}, {"uid": "189076", "content": "是那首歌吗？"}, {"uid": "131478", "content": "不是剪了耳朵吗？"}, {"uid": "87629078", "content": "你也是赘婿？"}, {"uid": "1944015", "content": "是那首歌吗？！"}, {"uid": "28298271", "content": "攻击！"}, {"uid": "2424187", "content": "是那首歌吗"}, {"uid": "252355536", "content": "火 帕里 火"}, {"uid": "470395974", "content": "幸好我善良"}, {"uid": "39662", "content": "有这种好事？"}, {"uid": "121493", "content": "火 帕里 火"}, {"uid": "8403689", "content": "那是啃老啊"}, {"uid": "89941", "content": "是那首歌吗？"}, {"uid": "12720898", "content": "会被抓进西冰库的(悲)"}, {"uid": "10620365", "content": "P家？批家！接着奏乐接着舞"}, {"uid": "78817", "content": "？？？？？"}, {"uid": "10910103", "content": "残疾人组合"}, {"uid": "1823157", "content": "？？？？"}, {"uid": "397698233", "content": "吃米就能恢复怕啥啊"}, {"uid": "1931345", "content": "还有这等好事"}, {"uid": "15138435", "content": "草"}, {"uid": "15138435", "content": "别骂了别骂了w"}, {"uid": "755531", "content": "毕竟有个首播被封的"}, {"uid": "1565334", "content": "DV啊DV"}, {"uid": "340360939", "content": "我养你啊"}, {"uid": "23563537", "content": "你再骂？"}, {"uid": "736530", "content": "你再骂"}, {"uid": "2699074", "content": "火 帕里 火"}, {"uid": "121493", "content": "是那首吗"}, {"uid": "3938997", "content": "就是那首歌吗"}, {"uid": "2203831", "content": "我养你啊"}, {"uid": "27037", "content": "草"}, {"uid": "6071825", "content": "早有预谋"}, {"uid": "2775138", "content": "难道是那个"}, {"uid": "87986420", "content": "我可不想"}, {"uid": "30070758", "content": "草"}, {"uid": "3935190", "content": "哈哈"}, {"uid": "10031973", "content": "？？你再骂"}, {"uid": "358335", "content": "草"}, {"uid": "240999265", "content": "俺也一样"}, {"uid": "126783684", "content": "草"}, {"uid": "87629078", "content": "你再骂"}, {"uid": "786526", "content": "不是你还真想唱吗"}, {"uid": "4211233", "content": "哈哈哈"}, {"uid": "13480579", "content": "鳖鳖鳖"}, {"uid": "4073161", "content": "火 帕里 火"}, {"uid": "4494836", "content": "养！"}, {"uid": "4494836", "content": "草"}, {"uid": "89543", "content": "养！"}, {"uid": "89543", "content": "绝活？"}, {"uid": "4130547", "content": "？？？"}, {"uid": "32964081", "content": "三清教导队警告"}, {"uid": "673498385", "content": "好的，大姐头，至少我不会去点这首歌"}, {"uid": "29983", "content": "yysyqs"}, {"uid": "27037", "content": "是辣首歌吗"}, {"uid": "10650378", "content": "草"}, {"uid": "432135", "content": "草"}, {"uid": "124456", "content": "要来了？"}, {"uid": "19174622", "content": "草"}, {"uid": "240355", "content": "？？？"}, {"uid": "25410470", "content": "两个首播被封"}, {"uid": "10031973", "content": "草"}, {"uid": "468373", "content": "草"}, {"uid": "651993634", "content": "？！"}, {"uid": "71993", "content": "快，来我家"}, {"uid": "512770", "content": "草"}, {"uid": "1641953", "content": "俺也一样"}, {"uid": "11237149", "content": "我，没什么所谓"}, {"uid": "108200634", "content": "aria 。。"}, {"uid": "9617502", "content": "你再骂"}, {"uid": "4218620", "content": "草"}, {"uid": "167509052", "content": "？？？？？"}, {"uid": "305617742", "content": "草"}, {"uid": "430499808", "content": "草"}, {"uid": "551511", "content": "要来了吗"}, {"uid": "160196", "content": "你算是万恶之源了"}, {"uid": "4494836", "content": "草"}, {"uid": "334926483", "content": "？？？？"}, {"uid": "2332492", "content": "别骂了"}, {"uid": "20646493", "content": "攻O战"}, {"uid": "432135", "content": "好的 好的"}, {"uid": "211114779", "content": "草"}, {"uid": "11244465", "content": "草"}, {"uid": "97240747", "content": "草"}, {"uid": "30327137", "content": "那首歌？"}, {"uid": "1931345", "content": "养！"}, {"uid": "1838902", "content": "我来！！！！！"}, {"uid": "86918711", "content": "草"}, {"uid": "19174622", "content": "草"}, {"uid": "240355", "content": "？？"}, {"uid": "874234", "content": "嗯？"}, {"uid": "934627", "content": "王女处刑！"}, {"uid": "651993634", "content": "草"}, {"uid": "75042849", "content": "？？？"}, {"uid": "15568897", "content": "草"}, {"uid": "15649077", "content": "前世你唱过"}, {"uid": "11872189", "content": "草"}, {"uid": "6811048", "content": "草"}, {"uid": "301381230", "content": "ん"}, {"uid": "106608", "content": "俺也一样"}, {"uid": "35798347", "content": "别骂了"}, {"uid": "10159973", "content": "鳖"}, {"uid": "475849202", "content": "草"}, {"uid": "313383", "content": "俺也一样"}, {"uid": "401099828", "content": "草"}, {"uid": "22451074", "content": "养"}, {"uid": "1739853", "content": "草"}, {"uid": "434780627", "content": "草"}, {"uid": "432135", "content": "你可是人啊"}, {"uid": "240355", "content": "草"}, {"uid": "36769691", "content": "草"}, {"uid": "36769691", "content": "我来"}, {"uid": "36769691", "content": "草"}, {"uid": "71993", "content": "早该骂骂了"}, {"uid": "71993", "content": "？？？"}, {"uid": "30872046", "content": "草"}, {"uid": "3168569", "content": "养！"}, {"uid": "30111632", "content": "草"}, {"uid": "4099555", "content": "是那个吗"}, {"uid": "24161151", "content": "？"}, {"uid": "11253844", "content": "草"}, {"uid": "106608", "content": "草"}, {"uid": "24951", "content": "是那个吗"}, {"uid": "18701844", "content": "再骂"}, {"uid": "107414575", "content": "？？？？？？"}, {"uid": "4494836", "content": "草"}, {"uid": "116179", "content": "你再骂，信不信我要你一生当我老婆"}, {"uid": "23001624", "content": "草"}, {"uid": "2203831", "content": "草"}, {"uid": "38654719", "content": "草"}, {"uid": "10910103", "content": "草"}, {"uid": "11244465", "content": "？？？？？？？"}, {"uid": "35299806", "content": "草"}, {"uid": "3935190", "content": "是它吗"}, {"uid": "19174622", "content": "鳖鳖鳖"}, {"uid": "23928217", "content": "？"}, {"uid": "36769691", "content": "草"}, {"uid": "10201951", "content": "好啊"}, {"uid": "786526", "content": "草"}, {"uid": "13052443", "content": "恁再骂"}, {"uid": "13455418", "content": "？"}, {"uid": "340360939", "content": "mua"}, {"uid": "10319", "content": "那就视频投稿吧"}, {"uid": "34835", "content": "？"}, {"uid": "106608", "content": "不能唱就不唱，别理小鬼。"}, {"uid": "6522841", "content": "马萨卡？"}, {"uid": "26721", "content": "我要跟帕里过一辈子，然后用帕里的钱生活吗？那我不就是...爸爸？"}, {"uid": "27164642", "content": "？"}, {"uid": "332542", "content": "确实不太好，还是别了！"}, {"uid": "359970", "content": "草"}, {"uid": "1931345", "content": "草"}, {"uid": "409876636", "content": "?"}, {"uid": "2281084", "content": "c"}, {"uid": "13031989", "content": "我来"}, {"uid": "11279100", "content": "？"}]