[{"uid": "2832946", "content": "你再骂（恳求）"}, {"uid": "2713847", "content": "ohhhhhhh!"}, {"uid": "693929898", "content": "不愧是学过发音的就是不一样"}, {"uid": "693929898", "content": "去就去谁怕谁"}, {"uid": "693929898", "content": "前面的别刀了"}, {"uid": "317314934", "content": "字正腔圆"}, {"uid": "248596729", "content": "kksk"}, {"uid": "5993906", "content": "字正腔圆"}, {"uid": "354752695", "content": "我和艾莉娅贴贴（错乱）"}, {"uid": "180313117", "content": "好可爱的白猫"}, {"uid": "13912932", "content": "你再骂？(恳求"}, {"uid": "24445785", "content": "撒的我想起了另一个女人"}, {"uid": "433506194", "content": "很有名"}, {"uid": "433506194", "content": "呜呼，起飞。"}, {"uid": "32653502", "content": "法棍猫尾"}, {"uid": "18761713", "content": "满足了!非常感谢!"}, {"uid": "12993427", "content": "字正腔圆"}, {"uid": "195663725", "content": "草"}, {"uid": "4135928", "content": "字正腔圆"}, {"uid": "143696649", "content": "字正腔圆"}, {"uid": "82579948", "content": "草"}, {"uid": "9713141", "content": "awsl"}, {"uid": "3254961", "content": "对对对"}, {"uid": "315304031", "content": "爱了爱了"}, {"uid": "587064", "content": "哥哥变蛋hhhhhhh"}, {"uid": "677116468", "content": "好可爱"}, {"uid": "7253838", "content": "姨母笑"}, {"uid": "310843417", "content": "草"}, {"uid": "3970880", "content": "芜湖星际航空港，全宇宙日起飞航班次数最多的地方"}, {"uid": "37909588", "content": "她太会了"}, {"uid": "17480001", "content": "草"}, {"uid": "2466863", "content": "kksk"}, {"uid": "6993487", "content": "笑的时候好像那个女人，夸夸，呜呜呜"}, {"uid": "22911008", "content": "P家里边发音最标准的了"}, {"uid": "22911008", "content": "你有说过正常话？"}, {"uid": "7950335", "content": "老板为你点赞"}, {"uid": "733687", "content": "便当，变菜，炒色拉！"}, {"uid": "1451236", "content": "笨蛋 变态 吵死啦 叉出去"}, {"uid": "1451236", "content": "这只猫怎么那么能动"}, {"uid": "37262199", "content": "全球日起飞次数最多的机场——芜湖机场"}, {"uid": "8156736", "content": "上手上手"}, {"uid": "8156736", "content": "芜湖就是起飞的意思"}, {"uid": "84066632", "content": "你再骂（恳求）"}, {"uid": "470791992", "content": "你无马无车无对象 我芜湖起飞 "}, {"uid": "258613", "content": "老板并感"}, {"uid": "7460247", "content": "她真可爱"}, {"uid": "3078826", "content": "字正腔圆可爱"}, {"uid": "400668950", "content": "这nm也太准了吧"}, {"uid": "139764", "content": "好标准啊！！！"}, {"uid": "139764", "content": "这也会了？"}, {"uid": "139764", "content": "这，最后一段很标准啊？"}, {"uid": "5449165", "content": "很有先辈味（指正"}, {"uid": "5449165", "content": "很有先辈味（指正"}, {"uid": "16164798", "content": "草"}, {"uid": "415287136", "content": "whl"}, {"uid": "1758863", "content": "臭起来了"}, {"uid": "128541", "content": "awsl"}, {"uid": "217797936", "content": "我觉得她听懂了"}, {"uid": "7577621", "content": "好家伙，你学的是真的快啊"}, {"uid": "101667250", "content": "那尾巴好想握手里= ="}, {"uid": "11244465", "content": "最 高 指 令"}, {"uid": "200863", "content": "草 这个长音笑死了"}, {"uid": "200863", "content": "字正腔圆"}, {"uid": "544972", "content": "字正腔圆"}, {"uid": "35653327", "content": "就好这一口"}, {"uid": "19540577", "content": "这个机翻读的 啊 好草啊"}, {"uid": "435576506", "content": "不，你一直在说怪话"}, {"uid": "435576506", "content": "这个白猫可动性好高啊"}, {"uid": "6249086", "content": "字正腔圆"}, {"uid": "435576506", "content": "芜湖是个地名（确信"}, {"uid": "524586935", "content": "这个吵死了非常的标准"}, {"uid": "32867322", "content": "我听成便当变态"}, {"uid": "3895638", "content": "发音好准啊"}, {"uid": "23576276", "content": "太可爱了"}, {"uid": "319477", "content": "太可爱了！"}, {"uid": "282103", "content": "太标准了"}, {"uid": "315304031", "content": "awsl"}, {"uid": "402482140", "content": "awsl 请务必"}, {"uid": "14586426", "content": "好标准草"}, {"uid": "35299806", "content": "好可爱啊"}, {"uid": "14122823", "content": "谢谢你，盖亚"}, {"uid": "14122823", "content": "？？？？哈哈哈哈哈"}, {"uid": "268341372", "content": "她真可爱"}, {"uid": "4211233", "content": "是糖豆人"}, {"uid": "12343804", "content": "飞飞飞"}, {"uid": "289843132", "content": "步惊云画面来了"}, {"uid": "435098815", "content": "芜湖起飞"}, {"uid": "680664", "content": "你发音真的标准"}, {"uid": "14007884", "content": "你再骂（恳求"}, {"uid": "2629851", "content": "她真可爱"}, {"uid": "386845290", "content": "这是我见过所有日本Vup里中文发音最标准的"}, {"uid": "11244465", "content": "草"}, {"uid": "354112", "content": "谷歌娘怎么变臭了"}, {"uid": "22541384", "content": "好可爱！"}, {"uid": "180313117", "content": "好开心"}, {"uid": "2907196", "content": "上手上手"}, {"uid": "1971366", "content": "孔慈你不能死"}, {"uid": "8126357", "content": "好标准"}, {"uid": "11279100", "content": "这个便还是韩式发音就离谱"}, {"uid": "14122823", "content": "？？？你再骂"}, {"uid": "677116468", "content": "awsl"}, {"uid": "314325715", "content": "地名"}, {"uid": "23588755", "content": "起飞 嘻嘻嘻嘻嘻"}, {"uid": "252463588", "content": "起飞"}, {"uid": "17480001", "content": "哎，妹妹乖"}, {"uid": "4176584", "content": "好耶！！！"}, {"uid": "22911008", "content": "完美"}, {"uid": "20736031", "content": "Giegie"}, {"uid": "42269715", "content": "是我看中文发音最准的"}, {"uid": "8064784", "content": "awsl "}, {"uid": "3020373", "content": "你一定要喊吗"}, {"uid": "680664", "content": "好标准！！"}, {"uid": "5449165", "content": "wu ~fu~"}, {"uid": "384796790", "content": "叉出去"}, {"uid": "253419", "content": "标准洪亮，好！"}, {"uid": "186721", "content": "giegie"}, {"uid": "217797936", "content": "好家伙发音真不错"}, {"uid": "632010", "content": "不 你读的很准"}, {"uid": "453839177", "content": "好可爱"}, {"uid": "15812077", "content": "好家伙起飞"}, {"uid": "388571858", "content": "awsl"}, {"uid": "113741666", "content": "好可爱"}, {"uid": "317314934", "content": "什么牙鹿"}, {"uid": "12974557", "content": "awsl"}, {"uid": "1971366", "content": "moooo neee!"}, {"uid": "74173597", "content": "awsl"}, {"uid": "273318519", "content": "awsl"}, {"uid": "240999265", "content": "步惊云"}, {"uid": "9713141", "content": "摩多摩多"}, {"uid": "35299806", "content": "笑死了"}, {"uid": "11279100", "content": "芜湖~"}, {"uid": "68129973", "content": "啊不出来"}, {"uid": "6683157", "content": "我的妈耶"}, {"uid": "310843417", "content": "awsl"}, {"uid": "12158843", "content": "地名"}, {"uid": "17480001", "content": "你再骂！(恳求)"}, {"uid": "6993487", "content": "ohhhhhhhhhhhhh"}, {"uid": "13129396", "content": "草"}, {"uid": "341048421", "content": "《读音不准》"}, {"uid": "93875339", "content": "芜湖！！"}, {"uid": "5548883", "content": "好标准"}, {"uid": "37884293", "content": "草死了W"}, {"uid": "4912018", "content": "太可爱了"}, {"uid": "489957", "content": "哥哥在"}, {"uid": "489957", "content": "芜湖！"}, {"uid": "302486987", "content": "莫名标准"}, {"uid": "2220830", "content": "awsl"}, {"uid": "200863", "content": "草"}, {"uid": "129001766", "content": "你再骂！"}, {"uid": "33296976", "content": "awsl"}, {"uid": "108147050", "content": "好可爱啊"}, {"uid": "331105", "content": "芜湖起飞飞飞飞"}, {"uid": "5309948", "content": "awsl"}, {"uid": "677116468", "content": "起飞"}, {"uid": "274710", "content": "awsl"}, {"uid": "310843417", "content": "awsl"}, {"uid": "100408696", "content": "可爱"}, {"uid": "540729", "content": "awsl"}, {"uid": "185749", "content": "awsl"}, {"uid": "523440453", "content": "awsl"}, {"uid": "20912577", "content": "起飞"}, {"uid": "34593348", "content": "起飞"}, {"uid": "2629851", "content": "awsl"}, {"uid": "243796444", "content": "awsl"}, {"uid": "12675513", "content": "awsl"}, {"uid": "8719922", "content": "awsl"}, {"uid": "90601028", "content": "草"}, {"uid": "200863", "content": "起飞"}, {"uid": "66795888", "content": "可爱"}, {"uid": "20578322", "content": "kksk"}, {"uid": "20578322", "content": "awsl"}, {"uid": "503894", "content": "草"}, {"uid": "1971366", "content": "怕踩到什么红线"}, {"uid": "470183965", "content": "awsl"}, {"uid": "96738021", "content": "起飞"}, {"uid": "2440562", "content": "（花钱挨骂）"}, {"uid": "33919342", "content": "awsl"}, {"uid": "8357250", "content": "awsl"}, {"uid": "315304031", "content": "已经死了"}, {"uid": "15303645", "content": "awsl"}, {"uid": "3970880", "content": "你读音挺准的"}, {"uid": "13310817", "content": "awsl"}, {"uid": "125720", "content": "我觉得很标准了"}, {"uid": "19522252", "content": "草"}, {"uid": "5294260", "content": "标准"}, {"uid": "128108", "content": "很可以了"}, {"uid": "2509299", "content": "awsl"}, {"uid": "29218583", "content": "罗文人?"}, {"uid": "102829093", "content": "*死了"}, {"uid": "341048421", "content": "awsl"}, {"uid": "295896904", "content": "我爱了"}, {"uid": "523440453", "content": "叉出去"}, {"uid": "680664", "content": "awsl"}, {"uid": "9111145", "content": "起飞"}, {"uid": "472891135", "content": "吓死人"}, {"uid": "70687775", "content": "飞飞飞飞"}, {"uid": "384796790", "content": "快跟我去结婚"}, {"uid": "1758863", "content": "草"}, {"uid": "9535416", "content": "awsl"}, {"uid": "786526", "content": "草"}, {"uid": "786526", "content": "歪了 草"}, {"uid": "33911402", "content": "awsl"}, {"uid": "32850750", "content": "起飞"}, {"uid": "30111632", "content": "awsl"}, {"uid": "81948530", "content": "芜湖~"}, {"uid": "91274780", "content": "刚刚"}, {"uid": "164844082", "content": "awsl"}, {"uid": "326129829", "content": "芜湖"}, {"uid": "686306280", "content": "我约了索马里去开罗哒 ！！！！！！！！"}, {"uid": "248596729", "content": "awsl"}, {"uid": "44678312", "content": "awsl"}, {"uid": "6970335", "content": "awsl"}, {"uid": "38961237", "content": "awsl"}, {"uid": "252355536", "content": "草死了"}, {"uid": "240999265", "content": "可本"}, {"uid": "668322311", "content": "......"}, {"uid": "323953409", "content": "awsl"}, {"uid": "602770583", "content": "awsl"}, {"uid": "2237366", "content": "awsl"}, {"uid": "677116468", "content": "草"}, {"uid": "310843417", "content": "好耶"}, {"uid": "17480001", "content": "芜湖！"}, {"uid": "76063254", "content": "h'"}, {"uid": "22911008", "content": "啊呢？"}, {"uid": "34148080", "content": "烦死了会不会好点？"}, {"uid": "23362230", "content": "awsl"}, {"uid": "128108", "content": "草"}, {"uid": "13129396", "content": "awsl"}, {"uid": "14597675", "content": "awsl"}, {"uid": "523440453", "content": "草"}, {"uid": "108167611", "content": "草"}, {"uid": "384796790", "content": "草"}, {"uid": "19028270", "content": "你比白菜可强多了"}, {"uid": "253419", "content": "whl"}, {"uid": "2571678", "content": "kksk"}, {"uid": "33911402", "content": "kksk"}, {"uid": "262525769", "content": "awsl"}, {"uid": "22421009", "content": "一分钟内"}, {"uid": "412968360", "content": "草"}, {"uid": "693929898", "content": "给她看 那个视频啊 她不懂这梗"}, {"uid": "3537215", "content": "草"}, {"uid": "3537215", "content": "草"}, {"uid": "5598346", "content": "草"}, {"uid": "5598346", "content": "芜湖"}, {"uid": "23134800", "content": "好厉害"}, {"uid": "480973914", "content": "芜湖"}, {"uid": "350835473", "content": "awsl"}, {"uid": "229272", "content": "啊—"}, {"uid": "9190626", "content": "芜湖"}, {"uid": "17480001", "content": "舒服"}, {"uid": "76063254", "content": "好耶"}, {"uid": "437035768", "content": "草"}, {"uid": "53571040", "content": "awsl"}, {"uid": "348002857", "content": "芜湖"}, {"uid": "8064784", "content": "还是日语有感觉"}, {"uid": "108167611", "content": "好耶"}, {"uid": "9311478", "content": "说的可太准了。。"}, {"uid": "2629851", "content": "舒服了"}, {"uid": "2721865", "content": "awdl"}, {"uid": "223810354", "content": "太好了"}, {"uid": "223810354", "content": "舒服了"}, {"uid": "9535416", "content": "芜湖"}, {"uid": "34543465", "content": "草"}, {"uid": "36000624", "content": "whl"}, {"uid": "107648057", "content": "wsl"}, {"uid": "317314934", "content": "没内味了"}, {"uid": "248596729", "content": "草"}, {"uid": "180313117", "content": "谢谢"}, {"uid": "262453520", "content": "芜湖"}, {"uid": "480973914", "content": "awsl"}, {"uid": "82579948", "content": "好臭"}, {"uid": "677116468", "content": "可爱"}, {"uid": "310843417", "content": "ilil"}, {"uid": "3970880", "content": "好耶"}, {"uid": "4176584", "content": "好耶"}, {"uid": "875065", "content": "？？？？"}, {"uid": "6221030", "content": "wwww"}, {"uid": "8156736", "content": "好"}, {"uid": "694492738", "content": "草"}, {"uid": "185749", "content": "舒服"}, {"uid": "513087869", "content": "hhhhhhc"}, {"uid": "523440453", "content": "awsl"}, {"uid": "523440453", "content": "awsl"}, {"uid": "523440453", "content": "芜湖"}, {"uid": "523440453", "content": "起飞"}, {"uid": "260558452", "content": "草"}, {"uid": "34593348", "content": "好了"}, {"uid": "39662", "content": "好耶"}, {"uid": "2220830", "content": "whl"}, {"uid": "317154346", "content": "aswl"}, {"uid": "78537820", "content": "whl"}, {"uid": "20578322", "content": "whl"}, {"uid": "88154", "content": "好耶"}, {"uid": "8357250", "content": "？"}, {"uid": "14122823", "content": "好耶"}, {"uid": "677116468", "content": "awsl"}, {"uid": "3970880", "content": "好耶"}, {"uid": "31546332", "content": "芜湖大司马"}, {"uid": "253419", "content": "无妇"}, {"uid": "9272615", "content": "whl"}, {"uid": "489957", "content": "舒服了"}, {"uid": "3434239", "content": "whl"}, {"uid": "6004408", "content": "好耶"}, {"uid": "343616", "content": "啊啊啊啊啊啊啊啊啊啊啊才是本体阿www"}, {"uid": "25873203", "content": "好！！！很好！！！很有精神！！！！"}]