[{"uid": "87659667", "content": "同步动作"}, {"uid": "2629851", "content": "不愧是你"}, {"uid": "15608420", "content": "有罪"}, {"uid": "16287499", "content": "嗯......草莓味的"}, {"uid": "403388920", "content": "天才天才"}, {"uid": "403388920", "content": "nanopunch！"}, {"uid": "403388920", "content": "普通的在床上"}, {"uid": "403388920", "content": "我没有错"}, {"uid": "403388920", "content": "误会"}, {"uid": "31809760", "content": "你为什么这么熟练啊"}, {"uid": "3603486", "content": "噔噔咚"}, {"uid": "3603486", "content": "震惊nano一整年"}, {"uid": "293601433", "content": "再这样下去怕是nano要被玩成病娇了"}, {"uid": "2629851", "content": "百合猛兽"}, {"uid": "401099828", "content": "禁止套娃"}, {"uid": "401099828", "content": "《玛纳利亚的密友》"}, {"uid": "401099828", "content": "误 会"}, {"uid": "23248386", "content": "好委屈啊白猫！"}, {"uid": "282103", "content": "愉 悦 犯"}, {"uid": "282103", "content": "nano punch！"}, {"uid": "282103", "content": "《心情很好》"}, {"uid": "282103", "content": "还有切片草"}, {"uid": "20326678", "content": "被抓了感觉后悔（x）"}, {"uid": "311589339", "content": "受 害 者 有 罪 论"}, {"uid": "45927838", "content": "铁咩"}, {"uid": "24951", "content": "草"}, {"uid": "23562069", "content": "一 笔 勾 销"}, {"uid": "1321642", "content": "偷腥猫"}, {"uid": "1321642", "content": "用的很熟练了啊"}, {"uid": "14632931", "content": "《贴面礼》"}, {"uid": "239139", "content": "哈哈哈"}, {"uid": "14150446", "content": "草"}, {"uid": "243971358", "content": "草，还要听一下片头"}, {"uid": "370769", "content": "草"}, {"uid": "37141131", "content": "草"}, {"uid": "4964376", "content": "又把nano逗笑了"}, {"uid": "128541", "content": "兜兜佬叛变了"}, {"uid": "57314", "content": "在床上学外语（"}, {"uid": "131652679", "content": "愉悦犯"}, {"uid": "131652679", "content": "太多冲击"}, {"uid": "25720923", "content": "你明明很开心 对不起 下次还敢"}, {"uid": "25720923", "content": "哈哈哈哈哈哈哈企业文化nano punch"}, {"uid": "20328733", "content": "被害者有罪，常事了2333"}, {"uid": "15568897", "content": "去勾引nano不就好啦"}, {"uid": "2699074", "content": "所以把nano也勾引了吧"}, {"uid": "2699074", "content": "《普通的睡》"}, {"uid": "2699074", "content": "《普通的在床上》"}, {"uid": "6361313", "content": "也就普通的在床上哦，什么都没干"}, {"uid": "76358929", "content": "重新定义普通"}, {"uid": "26748349", "content": "nano只是和DD熟了有点小恶作剧，还是很清楚的"}, {"uid": "238865667", "content": "nano punch"}, {"uid": "696295302", "content": "有罪！欺负nano有罪！"}, {"uid": "696295302", "content": "nano坏掉了"}, {"uid": "696295302", "content": "愉悦的表情"}, {"uid": "9126374", "content": "哈哈哈哈"}, {"uid": "405928743", "content": "兜佬的sc哈哈哈哈哈"}, {"uid": "40205983", "content": "我竟然觉得有一些道理"}, {"uid": "7770107", "content": "我错了 下次还敢"}, {"uid": "6221030", "content": "顺便把nano也勾引了吧"}, {"uid": "6221030", "content": "wwwwwwwwwwww"}, {"uid": "442250487", "content": "快进到nano开始逃跑"}, {"uid": "442250487", "content": "渣狐狸"}, {"uid": "2082713", "content": "manarianominnaha...对不起走错了"}, {"uid": "4748147", "content": "兜兜老狂喜hhhhh"}, {"uid": "37455019", "content": "你也要nano punch？"}, {"uid": "4297094", "content": "愉悦犯"}, {"uid": "4297094", "content": "我们只是在练台词啊"}, {"uid": "15784954", "content": "亲了就跑"}, {"uid": "2163611", "content": "绷不住了"}, {"uid": "5773287", "content": "nano的嘴就没合上过"}, {"uid": "10455913", "content": "这是何等虎狼之词"}, {"uid": "10455913", "content": "今日金句"}, {"uid": "3773507", "content": "有罪！"}, {"uid": "3773507", "content": "哈哈哈哈哈哈哈"}, {"uid": "3773507", "content": "震撼nano"}, {"uid": "128541", "content": "我突然想通了....你勾引mana是为了30吧....这样nano就有可能回到30的身边了?"}, {"uid": "5151610", "content": "wwwww"}, {"uid": "79540", "content": "考验mana日语能力的时候到了"}, {"uid": "36810930", "content": "未曾设想的道路"}, {"uid": "36810930", "content": "这里说的应该是manano夫妇吧"}, {"uid": "36810930", "content": "一言不发偷税犯"}, {"uid": "36810930", "content": "nano：你看我想理你吗"}, {"uid": "36810930", "content": "普通的上床"}, {"uid": "36810930", "content": "你听我狡辩"}, {"uid": "36810930", "content": "manaria海沟草"}, {"uid": "133238607", "content": "第三者愉悦视角，哈哈哈"}, {"uid": "430522", "content": "助攻喂糖，太懂了"}, {"uid": "93875339", "content": "sc太草了吧"}, {"uid": "93875339", "content": "是她先动的手！("}, {"uid": "231667339", "content": "草"}, {"uid": "39869252", "content": "你笑起来都没停过"}, {"uid": "39869252", "content": "有罪！"}, {"uid": "39869252", "content": "愉悦犯"}, {"uid": "39869252", "content": "看nano脸埋在我身上"}, {"uid": "2322190", "content": "快进到mana看这个视频"}, {"uid": "8404157", "content": "完了，清楚的只剩nano了233"}, {"uid": "280824206", "content": "是她勾引我的"}, {"uid": "6454997", "content": "一 转 攻 势"}, {"uid": "166529", "content": "嘿嘿嘿嘿"}, {"uid": "649315", "content": "普通在床"}, {"uid": "23248386", "content": "别用我DNA弹琴了，"}, {"uid": "81607", "content": "太多冲击，我无法说话"}, {"uid": "20221270", "content": "愉悦犯↓"}, {"uid": "443853879", "content": "震撼nano"}, {"uid": "7451126", "content": "《普通的在床上》"}, {"uid": "7451126", "content": "她在狂笑"}, {"uid": "4194025", "content": "南北朝battle"}, {"uid": "7153723", "content": "？？？"}, {"uid": "18208014", "content": "いいんじゃない.jpg"}, {"uid": "7451126", "content": "嘿嘿嘿嘿"}, {"uid": "38274277", "content": "笑疯了"}, {"uid": "114964846", "content": "所以把nano也勾引了吧"}, {"uid": "114964846", "content": "反打一棒槌"}, {"uid": "114964846", "content": "哈哈哈哈"}, {"uid": "114964846", "content": "mana傻掉了"}, {"uid": "15138435", "content": "不也挺好吗.jpg"}, {"uid": "2140144", "content": "犯 罪 预 告"}, {"uid": "1804822", "content": "企图跳楼"}, {"uid": "1804822", "content": "太 多 冲 击"}, {"uid": "217797936", "content": "铁咩～nano punch!"}, {"uid": "46061", "content": "其实是龙车"}, {"uid": "15496318", "content": "套起来了"}, {"uid": "186742460", "content": "不能敲 毕竟都裂成两半了"}, {"uid": "217797936", "content": "呜哇你好屑啊"}, {"uid": "166413848", "content": "你也要把穴兄弟变成情人？"}, {"uid": "7093836", "content": "其实是头槌攻击"}, {"uid": "36384557", "content": "草 怎么你也会啊"}, {"uid": "207613158", "content": "罪犯通常会回到犯罪现场"}, {"uid": "285826982", "content": "草"}, {"uid": "207613158", "content": "你好懂哦"}, {"uid": "285826982", "content": "nano punch!"}, {"uid": "285826982", "content": "《普通》"}, {"uid": "112776970", "content": "不愧是你啊2333"}, {"uid": "185872154", "content": "好可爱"}, {"uid": "409278", "content": "狐说八道"}, {"uid": "588079", "content": "渣男"}, {"uid": "415287136", "content": "《普通的在床上》"}, {"uid": "5425162", "content": "《普通的睡》"}, {"uid": "5425162", "content": "《普通的在床上》"}, {"uid": "2616636", "content": "我缓缓打出一个？"}, {"uid": "5425162", "content": "《普通的打招呼》"}, {"uid": "101331207", "content": "负 负 得 正"}, {"uid": "5425162", "content": "《误会》"}, {"uid": "248208994", "content": "《我在直播间看我的直播间》"}, {"uid": "13832195", "content": "（这时aria的眼睛眨巴了几下"}, {"uid": "248208994", "content": "罪 犯 回 顾 犯 罪 现 场"}, {"uid": "103022524", "content": "草草草草草草"}, {"uid": "23274551", "content": "？？？？？？？？？？？？？"}, {"uid": "253419", "content": "开幕雷击"}, {"uid": "2178186", "content": "腹黑nano"}, {"uid": "35086599", "content": "原一脸愉悦"}, {"uid": "370769", "content": "草"}, {"uid": "696295302", "content": "雷击"}, {"uid": "128541", "content": "屁屁猎手aria"}, {"uid": "39869252", "content": "没 问 题"}, {"uid": "31071931", "content": "好像是我@的白雪アリア來著。"}, {"uid": "280824206", "content": "《一笔勾销》"}, {"uid": "22911008", "content": "哈哈哈 自己都看不下去了"}, {"uid": "649315", "content": "3方套娃"}, {"uid": "37051501", "content": "？"}, {"uid": "38274277", "content": "不愧是你"}, {"uid": "186742460", "content": "看样子这孩子很懂嘛"}, {"uid": "33935601", "content": "dna动了"}, {"uid": "286472323", "content": "草"}, {"uid": "26155064", "content": "百  合  猛  兽"}, {"uid": "588079", "content": "负负得正"}, {"uid": "5425162", "content": "都摸了等于都没摸"}, {"uid": "492404", "content": "好一口广普"}, {"uid": "29633520", "content": "没有"}, {"uid": "169731526", "content": "角度刁钻"}, {"uid": "282103", "content": "nano震惊"}, {"uid": "251552385", "content": "天才想法"}, {"uid": "5951071", "content": "？"}, {"uid": "14150446", "content": "夫目前犯"}, {"uid": "2297252", "content": "草"}, {"uid": "13275281", "content": "智将"}, {"uid": "25720923", "content": "好家伙"}, {"uid": "25720923", "content": "哈哈哈哈哈哈哈哈哈哈哈"}, {"uid": "683473", "content": "嘿嘿嘿嘿"}, {"uid": "2699074", "content": "普通的"}, {"uid": "619168", "content": "真正的目的是这个吗？！！"}, {"uid": "15393528", "content": "都摸了就等于都没摸"}, {"uid": "900047", "content": "等再套一个"}, {"uid": "10826451", "content": "开幕雷击"}, {"uid": "10455913", "content": " “就看着再解释吧”"}, {"uid": "10455913", "content": "罪犯通常会回到犯罪现场.jpg"}, {"uid": "36810930", "content": "草"}, {"uid": "36810930", "content": "你怎么有机会经常看到的"}, {"uid": "193978638", "content": "套娃开始"}, {"uid": "1397128", "content": "？"}, {"uid": "32138872", "content": "嘿嘿嘿嘿"}, {"uid": "22911008", "content": "套起来了"}, {"uid": "1804822", "content": "恶狼发言"}, {"uid": "226824908", "content": "？"}, {"uid": "217797936", "content": "sc草"}, {"uid": "16050479", "content": "草"}, {"uid": "38982153", "content": "开幕雷击"}, {"uid": "401099828", "content": "开幕雷击"}, {"uid": "30982451", "content": "语言崩坏"}, {"uid": "30982451", "content": "禁止套娃"}, {"uid": "194175206", "content": "你看nano都看傻了都"}, {"uid": "33053785", "content": "？"}, {"uid": "3916674", "content": "开幕雷击"}, {"uid": "523440453", "content": "草"}, {"uid": "4964376", "content": "你很懂嘛，看来没少见过（"}, {"uid": "9272615", "content": "草"}, {"uid": "557252", "content": "草"}, {"uid": "2655419", "content": "嘿嘿嘿"}, {"uid": "2335812", "content": "草"}, {"uid": "7770107", "content": "草"}, {"uid": "13275281", "content": "没看过没看过"}, {"uid": "103022524", "content": "草"}, {"uid": "10455913", "content": "草，你太懂了"}, {"uid": "280824206", "content": "雨露均沾就没问题了"}, {"uid": "173098587", "content": "？？？？"}, {"uid": "167683", "content": "哈↑哈↑，aria"}, {"uid": "431778772", "content": "套起来了"}, {"uid": "17480001", "content": "草"}, {"uid": "12535989", "content": "草"}, {"uid": "285826982", "content": "nano punch!"}, {"uid": "409278", "content": "？？"}, {"uid": "5425162", "content": "《误会》*2"}, {"uid": "5425162", "content": "嘿嘿嘿嘿"}, {"uid": "354560772", "content": "快进到三重套娃"}, {"uid": "2629851", "content": "开幕雷击"}, {"uid": "377565354", "content": "？？？？"}, {"uid": "23274551", "content": "啊这"}, {"uid": "18757490", "content": "都是我的翅膀"}, {"uid": "21098678", "content": "法式打招呼"}, {"uid": "10031973", "content": "开幕雷击"}, {"uid": "229536886", "content": "这猫从出生就没清楚过"}, {"uid": "696295302", "content": "好家伙"}, {"uid": "485929845", "content": "阿阿阿阿阿阿啊啊高能警告"}, {"uid": "6221030", "content": "wwwwwwwwwwwwww"}, {"uid": "4297094", "content": "啊？"}, {"uid": "13198149", "content": "？？？？？？？？？？"}, {"uid": "408645838", "content": "？？？"}, {"uid": "46061", "content": "？？？？？"}, {"uid": "207613158", "content": "嘿嘿嘿嘿"}, {"uid": "2002622", "content": "？"}, {"uid": "441843", "content": "嘿嘿嘿嘿"}, {"uid": "6761144", "content": "草"}, {"uid": "3156545", "content": "？"}, {"uid": "307274", "content": "哟，你脸红啦"}, {"uid": "33535255", "content": "三厨狂喜"}, {"uid": "2629851", "content": "开幕雷击"}, {"uid": "10464050", "content": "之前有过企图了，nano光速下线hhhh"}, {"uid": "31987000", "content": "？？？？"}, {"uid": "185749", "content": "嘿嘿嘿"}, {"uid": "403388920", "content": "？？？？"}, {"uid": "3603486", "content": "禁止套娃"}, {"uid": "2629851", "content": "？？？？？"}, {"uid": "401099828", "content": "？？？？？"}, {"uid": "7654379", "content": "嘿嘿嘿嘿"}, {"uid": "103022524", "content": "草莓"}, {"uid": "36769691", "content": "草"}, {"uid": "1914968", "content": "心理学研究表明，一部分罪犯有会在犯罪后回到犯罪现场的行为.jpg"}, {"uid": "57314", "content": "语无伦次"}, {"uid": "13275281", "content": "套起来了"}, {"uid": "5582949", "content": "毫无悔过"}, {"uid": "100408696", "content": "草"}, {"uid": "241837504", "content": "？？？？？？】、"}, {"uid": "472502034", "content": "嘿嘿嘿嘿"}, {"uid": "696295302", "content": "普通的打招呼"}, {"uid": "355802585", "content": "懂了她之所以这么懂是因为她未婚夫是我"}, {"uid": "128541", "content": "你真是个小天才"}, {"uid": "128541", "content": "公平对待"}, {"uid": "128541", "content": "听我狡辩"}, {"uid": "36810930", "content": "慌 mana 慌"}, {"uid": "1808632", "content": "马纳利亚海沟"}, {"uid": "39869252", "content": "草"}, {"uid": "131962", "content": "？"}, {"uid": "649315", "content": "渣狐"}, {"uid": "649315", "content": "头锤打招呼"}, {"uid": "649315", "content": "白切黑"}, {"uid": "87712480", "content": "嘿嘿嘿嘿"}, {"uid": "6849370", "content": "不也挺好吗.jpg"}, {"uid": "14493102", "content": "是角龙龙车"}, {"uid": "1985022", "content": "不也挺好吗.jpg"}, {"uid": "1804822", "content": "老懂哥了"}, {"uid": "185872154", "content": "草"}, {"uid": "1295223", "content": "草"}, {"uid": "67393034", "content": "嘿嘿嘿嘿"}, {"uid": "67393034", "content": "？？？"}, {"uid": "282103", "content": "草"}, {"uid": "651993634", "content": "草"}, {"uid": "20326678", "content": "是杏瑷吧"}, {"uid": "311589339", "content": "草草草"}, {"uid": "194175206", "content": "草"}, {"uid": "35777504", "content": "草"}, {"uid": "23274551", "content": "草"}, {"uid": "523440453", "content": "草"}, {"uid": "523440453", "content": "？？？？？？？？？？？？"}, {"uid": "131652679", "content": "哈哈哈"}, {"uid": "25720923", "content": "天才"}, {"uid": "2699074", "content": "我没有错"}, {"uid": "2655419", "content": "我解释下，我不是破坏你们的关系，我是来加入的"}, {"uid": "32423963", "content": "？"}, {"uid": "9847", "content": "↑ 是真的（ ）"}, {"uid": "319438875", "content": "等等等……你这个完全没有反省吧"}, {"uid": "39869252", "content": "你看她开心的↓"}, {"uid": "23001624", "content": "草"}, {"uid": "124402754", "content": "这个动作有点像帕里"}, {"uid": "131962", "content": "？？？"}, {"uid": "4912018", "content": "草"}, {"uid": "258613", "content": "↓不也挺好吗"}, {"uid": "58164", "content": "?????????"}, {"uid": "33935601", "content": "你好懂啊"}, {"uid": "14765170", "content": "草"}, {"uid": "434780627", "content": "？？？？？"}, {"uid": "27584732", "content": "不也挺好的吗？.jpg"}, {"uid": "415382982", "content": "草"}, {"uid": "248271737", "content": "??? "}, {"uid": "305617742", "content": "？"}, {"uid": "8367382", "content": "？？？？？"}, {"uid": "23274551", "content": "？"}, {"uid": "2629851", "content": "草草草"}, {"uid": "17704251", "content": "？"}, {"uid": "523440453", "content": "？？？？？？？？？？？？？"}, {"uid": "9028227", "content": "这不是那个啊，这是nano抓到mana的那个切片啊草"}, {"uid": "42260922", "content": "？"}, {"uid": "103022524", "content": "？"}, {"uid": "3083310", "content": "兜兜佬动机不纯"}, {"uid": "3773507", "content": "哈哈哈哈哈"}, {"uid": "3773507", "content": "？？"}, {"uid": "36810930", "content": "好 屁 股"}, {"uid": "104349408", "content": "草"}, {"uid": "23163677", "content": "狐狸精！！（）"}, {"uid": "87640183", "content": "嘿嘿嘿嘿"}, {"uid": "4929611", "content": "草"}, {"uid": "186742460", "content": "以后唱水果摊子我也不奇怪了"}, {"uid": "70308482", "content": "太懂了"}, {"uid": "5598346", "content": "草"}, {"uid": "3254286", "content": "拱坝老哥狂喜"}, {"uid": "12495051", "content": "草，不忌口啊"}, {"uid": "3254286", "content": "日语模块崩坏"}, {"uid": "129001766", "content": "草"}, {"uid": "403388920", "content": "。"}, {"uid": "523440453", "content": "嘿嘿嘿嘿"}, {"uid": "523440453", "content": "草"}, {"uid": "37141131", "content": "草0"}, {"uid": "170976360", "content": "草"}, {"uid": "12891523", "content": "嘿嘿嘿嘿"}, {"uid": "1464060", "content": "看了看了"}, {"uid": "2699074", "content": "对对对"}, {"uid": "2699074", "content": "可以可以"}, {"uid": "238865667", "content": "草"}, {"uid": "4667000", "content": "？？？"}, {"uid": "11099321", "content": "你怎么这么懂"}, {"uid": "128541", "content": "日语模块支离破碎"}, {"uid": "415287136", "content": "不想看这个  不想看啊"}, {"uid": "17002040", "content": "？"}, {"uid": "23001624", "content": "？？"}, {"uid": "38001333", "content": "套娃"}, {"uid": "7451126", "content": "太屑了"}, {"uid": "1804822", "content": "nano的嘴就没合上过"}, {"uid": "16586347", "content": "草"}, {"uid": "285826982", "content": "?"}, {"uid": "212101", "content": "草"}, {"uid": "409278", "content": "扯平了"}, {"uid": "341048421", "content": "看着解释吧"}, {"uid": "248208994", "content": "翻译：贴一个人不行，那就贴两个人吧"}, {"uid": "28404714", "content": "草"}, {"uid": "258930921", "content": "贵圈好乱"}, {"uid": "21896921", "content": "？？？？？？？？？？"}, {"uid": "3916674", "content": "草"}, {"uid": "334926483", "content": "？？？？？"}, {"uid": "2571678", "content": "嘿嘿嘿嘿"}, {"uid": "36143746", "content": "-"}, {"uid": "128541", "content": "草"}, {"uid": "176914844", "content": "草"}, {"uid": "12664732", "content": "？"}, {"uid": "269462640", "content": "草草草"}, {"uid": "523440453", "content": "？？？？？？？？？？？？？？？"}, {"uid": "89312127", "content": "nano也越来越不清楚了（"}, {"uid": "415287136", "content": "这难道就是nano punch吗？nano punch？"}]