[{"uid": "430099272", "content": "好大"}, {"uid": "27586015", "content": "500円就被收买（"}, {"uid": "402709628", "content": "来自其他次元的东西增加了"}, {"uid": "108843", "content": "-30"}, {"uid": "37913832", "content": "被500日元就收买了的屑妹妹"}, {"uid": "6811048", "content": "草"}, {"uid": "6811048", "content": "草"}, {"uid": "6811048", "content": "草"}, {"uid": "808341", "content": "神tm大钢镚子"}, {"uid": "2629851", "content": "awsl"}, {"uid": "2629851", "content": "awsl"}, {"uid": "134589", "content": "小小年纪就如此头大"}, {"uid": "3300481", "content": "kksk"}, {"uid": "2203831", "content": "好大的钱"}, {"uid": "2203831", "content": "草"}, {"uid": "12700753", "content": "草"}, {"uid": "33935601", "content": "awsl"}, {"uid": "266163123", "content": "哈哈哈哈哈"}, {"uid": "266163123", "content": "开幕暴击"}, {"uid": "35299806", "content": "太可爱了"}, {"uid": "36769691", "content": "草"}, {"uid": "2629851", "content": "awsl"}, {"uid": "375996855", "content": "游戏立绘还变了"}, {"uid": "437417502", "content": "啊，这"}, {"uid": "437417502", "content": "PPT"}, {"uid": "437417502", "content": "awsl"}, {"uid": "194175206", "content": "草"}, {"uid": "340360939", "content": "草，好大的硬币"}, {"uid": "223810354", "content": "草"}, {"uid": "223810354", "content": "可爱"}, {"uid": "1931345", "content": "awsl"}, {"uid": "71129403", "content": "もおおおおおおお"}, {"uid": "71129403", "content": "ねえええええ"}, {"uid": "71129403", "content": "アリア"}, {"uid": "71129403", "content": "嘘つき"}, {"uid": "543947819", "content": "挺好打发"}, {"uid": "107122", "content": "咋还显示的中文"}, {"uid": "107122", "content": "太生草了"}, {"uid": "21098678", "content": "这读音有那味了"}, {"uid": "21098678", "content": "我妹怎么是猫啊"}, {"uid": "21098678", "content": "草，逆天"}, {"uid": "2629851", "content": "草"}, {"uid": "2629851", "content": "kksk"}, {"uid": "2629851", "content": "awsl"}, {"uid": "2629851", "content": "开幕可爱"}, {"uid": "52166923", "content": "开幕社死"}, {"uid": "475596", "content": "kksk"}, {"uid": "14615063", "content": "嘶~~~~"}, {"uid": "35520443", "content": "草"}, {"uid": "482193626", "content": "哈？字幕组好皮呀！"}, {"uid": "30982451", "content": "awsl"}, {"uid": "1739853", "content": "草"}, {"uid": "1739853", "content": "debubu"}, {"uid": "9892542", "content": "这之后猫妹和哥哥聊起了牛年的牛故事"}, {"uid": "9892542", "content": "这剧情走向有点不对劲？"}, {"uid": "9892542", "content": "这猫太牙白"}, {"uid": "1971366", "content": "洋葱"}, {"uid": "2370108", "content": "怪"}, {"uid": "87629078", "content": "幻听某紫发"}, {"uid": "420974064", "content": "可爱"}, {"uid": "86954029", "content": "草 是ppt"}, {"uid": "253419", "content": "sc"}, {"uid": "253419", "content": "awsl"}]