[{"uid": "87465704", "content": "我是剑骨头"}, {"uid": "92589422", "content": "草"}, {"uid": "421853581", "content": "尾巴是撬棍"}, {"uid": "602770583", "content": "？？？"}, {"uid": "2909494", "content": "怪起来了"}, {"uid": "30813818", "content": "我是剑骨头  铁血玻璃心"}, {"uid": "9972826", "content": "薯条满头问号"}, {"uid": "16164798", "content": "这猫猫好怪哦"}, {"uid": "6553414", "content": "草"}, {"uid": "400940990", "content": "卫宫大侠震怒"}, {"uid": "586853", "content": "无限剑制"}, {"uid": "6216398", "content": "这只猫是不是坏了，不如我们（狗头）"}, {"uid": "6216398", "content": "猫猫你怎么了"}, {"uid": "353695896", "content": "kksk"}, {"uid": "14030387", "content": "薯条都迷惑了，哈哈哈"}, {"uid": "65779497", "content": "我是剑骨头"}, {"uid": "6944494", "content": "?"}, {"uid": "15666318", "content": "孤儿又成一人"}, {"uid": "60263286", "content": "我是剑骨头"}, {"uid": "5413187", "content": "铁血玻璃心"}, {"uid": "32250348", "content": "kksk"}, {"uid": "286764176", "content": "无限剑制"}, {"uid": "20739099", "content": "剑骨头玻璃心"}, {"uid": "27229667", "content": "假  面  骑  士  最  光"}]