[{"uid": "5912523", "content": "身高：六个苹果，体重：141  x"}, {"uid": "894892", "content": "唐突唱歌"}, {"uid": "34410203", "content": "开幕唱歌有点熟悉www"}, {"uid": "59437971", "content": "141awsl"}, {"uid": "414077589", "content": "论遗传学"}, {"uid": "472864202", "content": "闸薯条和miya的女鹅"}, {"uid": "18196409", "content": "奶味suki "}, {"uid": "38049359", "content": "草"}, {"uid": "2118689", "content": "草"}, {"uid": "441730561", "content": "好耶"}, {"uid": "128601821", "content": "唐突乳爽"}, {"uid": "564182", "content": "祝~你呀~生日~快~乐~~"}, {"uid": "12408245", "content": "生于世界的理由（字面意思）"}, {"uid": "293601433", "content": "因为很涩"}, {"uid": "12408245", "content": "草"}, {"uid": "12408245", "content": "身高爱了"}, {"uid": "12408245", "content": "普通"}, {"uid": "372135983", "content": "23333333"}, {"uid": "372135983", "content": "好听！"}, {"uid": "372135983", "content": "好耶"}, {"uid": "372135983", "content": "awsl"}, {"uid": "372135983", "content": "黄爪"}, {"uid": "372135983", "content": "黄爪"}, {"uid": "372135983", "content": "草"}, {"uid": "372135983", "content": "23333333"}, {"uid": "372135983", "content": "黄爪"}, {"uid": "372135983", "content": "好耶"}, {"uid": "372135983", "content": "awsl"}, {"uid": "8497625", "content": "整点阳间的活吧"}, {"uid": "279245011", "content": "DNA动了"}, {"uid": "279245011", "content": "就是那个啊"}, {"uid": "279245011", "content": "弹射起步"}, {"uid": "279245011", "content": "那就恐怖游戏吧（无情）"}, {"uid": "279245011", "content": "突然希望之花"}, {"uid": "16069967", "content": "草"}, {"uid": "335267629", "content": "我DNA动了，我不看了"}, {"uid": "2642252", "content": "对呀对呀"}, {"uid": "2642252", "content": "可以原谅的（丈育）"}, {"uid": "2642252", "content": "你也是丈育"}, {"uid": "23919438", "content": "越看越像"}, {"uid": "23919438", "content": "似曾相识"}, {"uid": "479406198", "content": "会教炖猫"}, {"uid": "34410203", "content": "草 薯条上舰了"}, {"uid": "136043", "content": "这也太清凉了"}, {"uid": "136043", "content": "我不信 除非你让我摸摸"}, {"uid": "136043", "content": "不仅下半身清凉 上半身还不是很清楚"}, {"uid": "136043", "content": "普通（指生物工程学奇迹"}, {"uid": "356041372", "content": "草"}, {"uid": "356041372", "content": "可爱可爱"}, {"uid": "25841657", "content": "抱脸虫"}, {"uid": "43229448", "content": "那个(指王牌极致驱动)"}, {"uid": "165948663", "content": "因为很涩"}, {"uid": "1547399", "content": "←manaka还行"}, {"uid": "1547399", "content": "嗷呜"}, {"uid": "12799154", "content": "怪盗被炸成了薯条（"}, {"uid": "12799154", "content": "o_0"}, {"uid": "1547399", "content": "还好这孩子没学坏"}, {"uid": "1547399", "content": "是娇嫩的家猫"}, {"uid": "1547399", "content": "可爱（大嘘"}, {"uid": "1547399", "content": "搜索猫 黄瓜会打开新世界（"}, {"uid": "1547399", "content": "不许死掉"}, {"uid": "1547399", "content": "不仅揍猫还要炖猫（）"}, {"uid": "1547399", "content": "怕热就把毛都剃掉（bushi）"}, {"uid": "1547399", "content": "好耶好软"}, {"uid": "1547399", "content": "爸爸已经变姐姐了（悲"}, {"uid": "1547399", "content": "不说还不像，一说回不去了（"}, {"uid": "1547399", "content": "相当于人类两岁？"}, {"uid": "1547399", "content": "幼幼营业声线和御姐笑声hh很奇妙"}, {"uid": "1547399", "content": "草"}, {"uid": "1547399", "content": "黄爪草"}, {"uid": "1547399", "content": "辣条吃多了也不好呀ww"}, {"uid": "1547399", "content": "又是一个下半身不好好穿的"}, {"uid": "1547399", "content": "唱歌暖场效果很好诶"}, {"uid": "1547399", "content": "MF歌力巅峰（）"}, {"uid": "1547399", "content": "唱歌好甜"}, {"uid": "1547399", "content": "ohhhhhhhhhhhh"}, {"uid": "1547399", "content": "笑声好御"}, {"uid": "1547399", "content": "薯条上舰瞩目"}, {"uid": "1547399", "content": "字幕居然不是下牛好，2333"}, {"uid": "1547399", "content": "可爱"}, {"uid": "1547399", "content": "耳朵动动~"}, {"uid": "1547399", "content": "不够看~"}, {"uid": "1547399", "content": "《真不熟》"}, {"uid": "1547399", "content": "草"}, {"uid": "1547399", "content": "妈妈们"}, {"uid": "1547399", "content": "不许变身"}, {"uid": "437933", "content": "这绝对不是echo"}, {"uid": "2436125", "content": "令人安心的声音"}, {"uid": "396079", "content": "啊这"}, {"uid": "396079", "content": "草"}, {"uid": "396079", "content": "棒读恋口上"}, {"uid": "396079", "content": "清楚，可爱，单推"}, {"uid": "396079", "content": "因为很色"}, {"uid": "396079", "content": "是有爱心的孩子呢"}, {"uid": "11023115", "content": "耳朵是不是踩点了"}, {"uid": "346370967", "content": "啊啊啊太萌了"}, {"uid": "105091348", "content": "草"}, {"uid": "105091348", "content": "草"}, {"uid": "346370967", "content": "Awsl"}, {"uid": "346370967", "content": "小可爱我来了"}, {"uid": "105091348", "content": "草"}, {"uid": "105091348", "content": "好耶"}, {"uid": "105091348", "content": "草"}, {"uid": "1547399", "content": "MF妇联说"}, {"uid": "1547399", "content": "会秃头的（）"}, {"uid": "1547399", "content": "不要阴间"}, {"uid": "1547399", "content": "DD天天过生日呢"}, {"uid": "131652679", "content": "来了来了"}, {"uid": "3653840", "content": "唠撸"}, {"uid": "3653840", "content": "对呀对呀"}, {"uid": "3653840", "content": "因为随爸爸"}, {"uid": "3653840", "content": "越说越像"}, {"uid": "3653840", "content": "随爸爸"}, {"uid": "3653840", "content": "草"}, {"uid": "3653840", "content": "爸爸是粉毛"}, {"uid": "1547399", "content": "毛 十 力"}, {"uid": "1547399", "content": "好听！！"}, {"uid": "1547399", "content": "毛二力"}, {"uid": "1547399", "content": "笑声suki"}, {"uid": "1547399", "content": "真清楚啊"}, {"uid": "1547399", "content": "好听！"}, {"uid": "1547399", "content": "伴奏轻的快像清唱了（"}, {"uid": "1547399", "content": "多才多艺猫"}, {"uid": "1547399", "content": "粗粗厕"}, {"uid": "1547399", "content": "出粗厕施鸡尿路"}, {"uid": "1547399", "content": "阿姨洗铁路（无感情）"}, {"uid": "1547399", "content": "看直播的miya这时候羞得变成了猫猫雷（）"}, {"uid": "1547399", "content": "怪起来了"}, {"uid": "1547399", "content": "草，这就懂了"}, {"uid": "1547399", "content": "迷迭迷迭miya酱~"}, {"uid": "1547399", "content": "就是那个"}, {"uid": "1547399", "content": "来点出租车"}, {"uid": "1547399", "content": "猫猫的奇妙比喻"}, {"uid": "1547399", "content": "不要男妈妈"}, {"uid": "250689366", "content": "草，奇怪起来了"}, {"uid": "1547399", "content": "来点鲱鱼罐头"}, {"uid": "1547399", "content": "耳朵一直在动好可爱"}, {"uid": "1547399", "content": "呼噜呼噜~"}, {"uid": "3986075", "content": "草不自我介绍一下吗"}, {"uid": "14689729", "content": "DNA动了"}, {"uid": "14689729", "content": "因为很涩（确信）"}, {"uid": "12358846", "content": "完蛋"}, {"uid": "30559101", "content": "玩具熊点名表扬"}, {"uid": "482284585", "content": "因为遗传"}, {"uid": "269902192", "content": "因为manaka很涩"}, {"uid": "12834502", "content": "即使是唱歌也是小心翼翼的"}, {"uid": "269902192", "content": "为什么monaka的眼睛有爱心"}, {"uid": "269902192", "content": "echo：那我呢"}, {"uid": "12834502", "content": "awsl"}, {"uid": "269902192", "content": "这耳朵太鬼畜了"}, {"uid": "429891989", "content": "初配信即歌回www"}, {"uid": "6944494", "content": "草"}, {"uid": "6944494", "content": "对呀对呀"}, {"uid": "421853581", "content": "这个对呀对呀DNA动了"}, {"uid": "523958", "content": "爷清回"}, {"uid": "26827771", "content": "猫蛋"}, {"uid": "101321462", "content": "对呀对呀"}, {"uid": "523958", "content": "玩具熊的点名表扬"}, {"uid": "6944494", "content": "\\monaka/\\monaka/"}, {"uid": "421853581", "content": "绿echo绿"}, {"uid": "26827771", "content": "电子工程猫"}, {"uid": "6944494", "content": "草"}, {"uid": "26827771", "content": "学，都可以学"}, {"uid": "1547399", "content": "草w"}, {"uid": "1547399", "content": "这也太可爱了吧"}, {"uid": "1547399", "content": "草"}, {"uid": "1547399", "content": "不许阴间"}, {"uid": "1547399", "content": "不要教坏她啊！"}, {"uid": "26827771", "content": "不错，比cfm厉害"}, {"uid": "1547399", "content": "阳间生日歌，泪目"}, {"uid": "1547399", "content": "危"}, {"uid": "1547399", "content": "尾巴好能动，想拉住"}, {"uid": "1547399", "content": "sc推荐玩具熊的是魔鬼吗"}, {"uid": "1547399", "content": "这很好"}, {"uid": "6944494", "content": "男妈妈气冷抖"}, {"uid": "13270797", "content": "草 cst上舰了"}, {"uid": "1547399", "content": "猫猫好脆弱"}, {"uid": "19800341", "content": "先唱歌草"}, {"uid": "1547399", "content": "玩，都可以玩"}, {"uid": "1547399", "content": "记住这句话"}, {"uid": "1547399", "content": "手套和袜子都有神秘渐变"}, {"uid": "1547399", "content": "怕热（很涩）"}, {"uid": "1547399", "content": "可爱可爱"}, {"uid": "6944494", "content": "草"}, {"uid": "105091348", "content": "ohhhhhhhh"}, {"uid": "6944494", "content": "拉肚子（指吓到失禁）"}, {"uid": "4071735", "content": "我都要！！！！"}, {"uid": "4071735", "content": "不应该是类似于喝酒吗"}, {"uid": "6944494", "content": "恭喜"}, {"uid": "105091348", "content": "草，薯条上舰瞩目"}, {"uid": "6944494", "content": "草"}, {"uid": "6944494", "content": "可爱，清楚，单推，结婚"}, {"uid": "2294702", "content": "“新出的关于猫的新作”   可太草了"}, {"uid": "302283037", "content": "马饱果  草"}, {"uid": "856904", "content": "啊 本音suki"}, {"uid": "28587221", "content": "要来了要来了（打开电源）"}, {"uid": "65779497", "content": "妈妈miya，妈妈咪呀"}, {"uid": "26827771", "content": "寄养在薯条家的猫猫"}, {"uid": "26827771", "content": "黄爪"}, {"uid": "1547399", "content": "反重力袜带（）"}, {"uid": "1547399", "content": "下半身穿了个寂寞"}, {"uid": "441091654", "content": "负负得正（"}, {"uid": "1547399", "content": "这个好耶真好听"}, {"uid": "1547399", "content": "草莓牛奶（不是）"}, {"uid": "441091654", "content": "总感觉声音很熟悉呢"}, {"uid": "65779497", "content": "不走寻常路，上来先唱歌"}, {"uid": "297373696", "content": "这就笑出本音了嘛？"}, {"uid": "4071735", "content": "一眼认出犯罪嫌疑人"}, {"uid": "4071735", "content": "男妈妈大受伤！"}, {"uid": "4071735", "content": "被接回MF了啊，好耶！"}, {"uid": "26827771", "content": "下牛好"}, {"uid": "278095", "content": "黄爪"}, {"uid": "273190679", "content": "不吃老鼠可以吃老薯"}, {"uid": "28032899", "content": "草薯条上舰了hhh"}, {"uid": "398964", "content": "赢了"}, {"uid": "628571999", "content": "来了来了"}, {"uid": "273190679", "content": "喜欢任天堂和卡普空（doge）"}, {"uid": "672619146", "content": "小猫咪"}, {"uid": "11872189", "content": "玩具熊的五夜后宫"}, {"uid": "273190679", "content": "一起学猫叫"}, {"uid": "6944494", "content": "好耶！"}, {"uid": "4071735", "content": "然后错过了"}, {"uid": "4071735", "content": "偷偷摸尾巴"}, {"uid": "1547399", "content": "回不去了"}, {"uid": "1547399", "content": "我不信 除非让我摸摸"}, {"uid": "1547399", "content": "坏 姐 姐"}, {"uid": "1547399", "content": "141才6个苹果重，纸片人（）"}, {"uid": "1547399", "content": "好矮哦（"}, {"uid": "1547399", "content": "建议自己做美工（）"}, {"uid": "1547399", "content": "普 通"}, {"uid": "180269191", "content": "草"}, {"uid": "4071735", "content": "可可爱爱"}, {"uid": "94572448", "content": "确实，现在"}, {"uid": "1547399", "content": "这清楚能维持多久呢（）"}, {"uid": "1547399", "content": "啊呜太可爱了"}, {"uid": "1547399", "content": "啊呜~"}, {"uid": "1547399", "content": "太清楚了"}, {"uid": "1547399", "content": "看上去不太聪明的亚子"}, {"uid": "1547399", "content": "下牛好hh"}, {"uid": "1547399", "content": "awsl"}, {"uid": "1547399", "content": "猫猫雷！"}, {"uid": "1547399", "content": "令人安心的bgm"}, {"uid": "1547399", "content": "可可爱爱"}, {"uid": "1547399", "content": "扭PP猫猫hso"}, {"uid": "12408245", "content": "无冬镇bgm"}, {"uid": "335769025", "content": "来啦来啦"}, {"uid": "278095", "content": "来了"}, {"uid": "1547399", "content": "\\monaka/\\monaka/\\monaka/\\monaka/"}, {"uid": "1547399", "content": "\\monaka/\\monaka/\\monaka/"}]