[{"uid": "32250348", "content": "草"}, {"uid": "32250348", "content": "kksk"}, {"uid": "429632118", "content": "草"}, {"uid": "429632118", "content": "来了来了"}, {"uid": "6216398", "content": "奶凶奶凶的"}, {"uid": "6216398", "content": "小奶猫骂人很凶？我不信（直球激将）"}, {"uid": "353695896", "content": "ohhhhhhhhhhhh"}, {"uid": "476498836", "content": "需要你来告诉我"}, {"uid": "6944494", "content": "草"}, {"uid": "26827771", "content": "whl"}, {"uid": "26827771", "content": "地狱绘图"}, {"uid": "26827771", "content": "多来点，awsl"}, {"uid": "266767146", "content": "ohhhhhhj"}, {"uid": "210691", "content": "草"}, {"uid": "66744611", "content": "ohhhhhhh"}, {"uid": "66744611", "content": "草"}, {"uid": "66744611", "content": "恶心：？"}, {"uid": "66744611", "content": "所以爱是会消失的嘛"}, {"uid": "66744611", "content": "哈哈哈哈哈哈哈"}, {"uid": "66744611", "content": "草，味太冲了"}, {"uid": "66744611", "content": "hhhhhhh"}, {"uid": "242415366", "content": "好活"}, {"uid": "429632118", "content": "来了"}]