[{"uid": "672619146", "content": "猫猫探头"}, {"uid": "200188969", "content": "啊咧啊咧"}, {"uid": "288203351", "content": "进度条告诉我事情并不简单"}, {"uid": "288203351", "content": "wwwwwwww"}, {"uid": "1547399", "content": "上手上手（死了N次后"}, {"uid": "1547399", "content": "草"}, {"uid": "1547399", "content": "猫猫这个boss真的打了很久（"}, {"uid": "1547399", "content": "-1-1-1-1-1"}, {"uid": "169532651", "content": "ん?"}, {"uid": "169532651", "content": "ん"}, {"uid": "288203351", "content": "疯狂白给"}]