[{"uid": "5413187", "content": "monaka 已黑化"}, {"uid": "364821367", "content": "好帅"}, {"uid": "2909494", "content": "RGB猫猫"}, {"uid": "24758540", "content": "虹猫"}, {"uid": "8123513", "content": "草"}, {"uid": "12834502", "content": "？？？"}, {"uid": "3139277", "content": "草"}, {"uid": "22177665", "content": "黑夜里的黑猫"}, {"uid": "2724318", "content": "变色了"}, {"uid": "66744611", "content": "躲在暗处就是一闷棍"}, {"uid": "66744611", "content": "掉煤堆了"}, {"uid": "66744611", "content": "可以直接抓来绑在路边的招牌上了"}, {"uid": "66744611", "content": "隐身术"}, {"uid": "66744611", "content": "好家伙"}, {"uid": "32250348", "content": "草"}, {"uid": "32250348", "content": "草"}, {"uid": "370418775", "content": "这个粉紫的也好好看"}, {"uid": "477157256", "content": "草"}, {"uid": "32250348", "content": "草"}, {"uid": "8123513", "content": "啊这，还有点好看诶"}, {"uid": "24976256", "content": "赛博喵"}, {"uid": "50730567", "content": "赛博朋喵"}, {"uid": "17784911", "content": "草"}, {"uid": "14459842", "content": "发生啥事"}, {"uid": "364821367", "content": "好阴间"}, {"uid": "22304175", "content": " R G B"}, {"uid": "364821367", "content": "救命"}, {"uid": "95236760", "content": "草"}]