[{"uid": "485908153", "content": "她在乎我"}, {"uid": "288203351", "content": "是个笨蛋猫～(￣▽￣～)~"}, {"uid": "2722780", "content": "隔离隔离"}, {"uid": "36331119", "content": "好笨啊哈哈哈哈"}, {"uid": "1547399", "content": "龙咳快复！"}, {"uid": "281742491", "content": "mua"}, {"uid": "296904187", "content": "这……猫用的是黄幕？"}, {"uid": "6216398", "content": "这猫怎么掉色了"}, {"uid": "210691", "content": "木啊"}, {"uid": "8248098", "content": "mua~"}, {"uid": "494002", "content": "mua"}, {"uid": "344605332", "content": "粉猫猫"}]