[{"uid": "472864202", "content": "对鸭对鸭"}, {"uid": "28161525", "content": "monaka说得对"}, {"uid": "212648615", "content": "对呀对呀"}, {"uid": "1300676", "content": "对呀对呀"}, {"uid": "1607867", "content": "对呀对呀"}, {"uid": "22008497", "content": "对呀对呀"}, {"uid": "13779891", "content": "对呀对呀"}, {"uid": "429632118", "content": "对呀对呀"}, {"uid": "392019991", "content": "对呀对呀"}, {"uid": "15319081", "content": "对呀对呀"}, {"uid": "13530387", "content": "对呀对呀"}, {"uid": "702466514", "content": "好家伙"}, {"uid": "472864202", "content": "对呀对呀"}, {"uid": "472864202", "content": "对呀对呀"}, {"uid": "273190679", "content": "对呀对呀"}, {"uid": "36296676", "content": "对呀对呀"}, {"uid": "51477182", "content": "对呀对呀"}, {"uid": "104207", "content": "对呀对呀"}, {"uid": "85312408", "content": "对呀对呀"}, {"uid": "472864202", "content": "对呀对呀"}, {"uid": "53707179", "content": "对呀对呀"}, {"uid": "255510564", "content": "对呀对呀"}, {"uid": "174423957", "content": "对呀对呀"}, {"uid": "37253718", "content": "可爱"}, {"uid": "702466514", "content": "对呀对呀"}, {"uid": "8024134", "content": "嬲！"}]