[{"uid": "253499835", "content": "神乐七奈：？？？"}, {"uid": "5413187", "content": "也 还 可 以"}, {"uid": "416089487", "content": "耳朵呜呜呜呜"}, {"uid": "36169346", "content": "老薯"}, {"uid": "26827771", "content": "好怪哦"}, {"uid": "26827771", "content": "剪耳手术"}, {"uid": "12015837", "content": "草"}, {"uid": "429632118", "content": "来了来了"}, {"uid": "269359095", "content": "你们人"}, {"uid": "16597738", "content": "杰瑞"}, {"uid": "130111579", "content": "monaka：拥有两只左耳程度的能力"}, {"uid": "748525", "content": "太生草了"}, {"uid": "353695896", "content": "草"}, {"uid": "34188154", "content": "好怪"}, {"uid": "3020289", "content": "像老薯"}, {"uid": "277744156", "content": "准确来说是类人猿"}, {"uid": "884595", "content": "多啦最中"}, {"uid": "83550976", "content": "米〇鼠"}, {"uid": "21183232", "content": "闵老鼠"}, {"uid": "1608891", "content": "草"}, {"uid": "86915163", "content": "喜欢monaka"}, {"uid": "217797936", "content": "人耳美少猫是furry吗？？？"}, {"uid": "748525", "content": "草"}, {"uid": "6944494", "content": "草"}]