[{"uid": "409605375", "content": "monaka的清楚笑声"}, {"uid": "45029989", "content": "这是跟爹遗传的清楚笑声吗"}, {"uid": "130111579", "content": "大小玉，ptsd了"}, {"uid": "38871364", "content": "稻田姬又在骂人了"}, {"uid": "82627224", "content": "【无双瓜神】"}, {"uid": "429632118", "content": "草"}, {"uid": "288599597", "content": "是秋穰子的"}, {"uid": "75379", "content": "越共探头"}, {"uid": "1547399", "content": "草"}, {"uid": "174684450", "content": "千年幻想乡"}, {"uid": "90559379", "content": "秋姐妹 好耶"}, {"uid": "99064728", "content": "让你退后没让你到操场上"}, {"uid": "2102772", "content": "满目疮痍"}, {"uid": "6944494", "content": "草"}, {"uid": "73491654", "content": "草"}, {"uid": "365113205", "content": "草"}, {"uid": "6898", "content": "好活"}, {"uid": "130111579", "content": "为您带来真实的东方体验"}, {"uid": "75379", "content": "草"}, {"uid": "429632118", "content": "来了来了"}, {"uid": "26394109", "content": "在现场……"}, {"uid": "2761686", "content": "草"}, {"uid": "1547399", "content": "哈哈哈"}]