[{"uid": "401832752", "content": "可爱"}, {"uid": "602770583", "content": "哈哈哈哈哈哈哈哈哈哈"}, {"uid": "602770583", "content": "嘿嘿嘿嘿"}, {"uid": "274390", "content": "这op好可爱"}, {"uid": "196856", "content": "其实追的时候一边跑一边拉开环去吸，怪就跑不远"}, {"uid": "37246127", "content": "梅开二度"}, {"uid": "242415366", "content": "kksk"}, {"uid": "30110936", "content": "哈哈哈哈哈哈"}, {"uid": "255510564", "content": "哈哈哈哈"}, {"uid": "6944494", "content": "哈哈哈哈哈哈"}, {"uid": "6944494", "content": "好耶"}, {"uid": "39620517", "content": "哈哈哈哈"}, {"uid": "429632118", "content": "哈哈哈哈"}, {"uid": "255510564", "content": "言出法随"}, {"uid": "602770583", "content": "可爱"}, {"uid": "362307122", "content": "十分钟后热热还能吃"}, {"uid": "1547399", "content": "草"}, {"uid": "28583601", "content": "草"}, {"uid": "429632118", "content": "来了来了"}, {"uid": "26827771", "content": "kksk"}, {"uid": "10263749", "content": "kksk"}, {"uid": "156003132", "content": "可爱"}, {"uid": "354135260", "content": "好耶"}]