[{"uid": "318919970", "content": "绝了......"}, {"uid": "58234756", "content": "草"}, {"uid": "787096", "content": "草"}, {"uid": "25094800", "content": "ohhhhhhhhh"}, {"uid": "25094800", "content": "好清楚的猫猫啊"}, {"uid": "25094800", "content": "把屏幕捂住草"}, {"uid": "103169620", "content": "草"}, {"uid": "5381169", "content": "已经开始笑了，谢谢"}, {"uid": "346370967", "content": "片头可爱"}, {"uid": "6253473", "content": "草"}, {"uid": "7733650", "content": "清楚清楚"}, {"uid": "695634", "content": "草"}, {"uid": "1547399", "content": "天才天才"}, {"uid": "1547399", "content": "这也在你的计算之中吗"}, {"uid": "1547399", "content": "记住这两个箱子"}, {"uid": "1547399", "content": "猫猫，为什么你只是看着"}, {"uid": "1547399", "content": "你好 笑死"}, {"uid": "1547399", "content": "无能狂怒"}, {"uid": "1547399", "content": "鬼：你这样我很没面子"}, {"uid": "1547399", "content": "这合理吗"}, {"uid": "1547399", "content": "草"}, {"uid": "1547399", "content": "前方高能"}, {"uid": "1547399", "content": "这次后面的箱子怎么不动"}, {"uid": "1547399", "content": "啊 啊"}, {"uid": "1547399", "content": "危"}, {"uid": "1547399", "content": "动啊，箱子，你为什么不动"}, {"uid": "32250348", "content": "草"}, {"uid": "1547399", "content": "可爱"}]