[{"uid": "413100468", "content": "？？？"}, {"uid": "88544843", "content": "可爱！！suki！！"}, {"uid": "85255410", "content": "这是靴子吧"}, {"uid": "482514391", "content": "小樱，我滴童年！！"}, {"uid": "85876003", "content": "要我一直笑吗"}, {"uid": "429632118", "content": "？？？？"}, {"uid": "89514622", "content": "嘻嘻"}, {"uid": "89514622", "content": "草"}, {"uid": "89514622", "content": "草"}, {"uid": "441730561", "content": "awsl"}, {"uid": "421853581", "content": "monaka小心魔法少女可是高危职业（doge）"}, {"uid": "7661274", "content": "这不是完全没有嘛"}, {"uid": "34593348", "content": "爱心眼hso"}, {"uid": "353695896", "content": "？？？？？"}, {"uid": "399197477", "content": "小可爱出现了！"}, {"uid": "399197477", "content": "草"}, {"uid": "399197477", "content": "真不戳"}, {"uid": "399197477", "content": "可能太色了"}, {"uid": "399197477", "content": "变马赛克了"}, {"uid": "477157256", "content": "草"}, {"uid": "477157256", "content": "擦玻璃"}, {"uid": "3850842", "content": "❥"}, {"uid": "3850842", "content": "让我康康！！！"}, {"uid": "198398336", "content": "DNA动了"}, {"uid": "198398336", "content": "经典挥手"}, {"uid": "11872189", "content": "这冒号用的"}, {"uid": "367411534", "content": "给我变！"}, {"uid": "19934397", "content": "hso"}, {"uid": "35715150", "content": "薯条：好涩啊！！！！看去马要付费吗！"}, {"uid": "278095", "content": "hso"}, {"uid": "278095", "content": "草"}, {"uid": "14459842", "content": "10秒后哔声注意音量"}, {"uid": "14459842", "content": "前方哔声注意音量"}, {"uid": "14459842", "content": "前方哔声注意音量"}]