[{"uid": "10917785", "content": "芜湖，太可爱了"}, {"uid": "350743072", "content": "有内味了"}, {"uid": "29141466", "content": "好家伙"}, {"uid": "456113272", "content": "好耶"}, {"uid": "3139277", "content": "猫猫真可爱"}, {"uid": "24334910", "content": "mnk唱歌已经很好听辣"}, {"uid": "316556865", "content": "好听"}, {"uid": "1929792", "content": "好耶~"}, {"uid": "594437", "content": "mnk强强"}, {"uid": "255510564", "content": "好听！"}, {"uid": "195456823", "content": "这衣服好涩哦"}, {"uid": "87300544", "content": "太怪了"}, {"uid": "23977795", "content": "草"}, {"uid": "456113272", "content": "好耶"}, {"uid": "10917785", "content": "好耶！"}, {"uid": "13845167", "content": "草"}, {"uid": "36296676", "content": "今年BGM就这了"}]