[{"uid": "29021496", "content": "比如现在就没有"}, {"uid": "196680332", "content": "？"}, {"uid": "516982908", "content": "不我不敢"}, {"uid": "516982908", "content": "开幕雷击"}, {"uid": "17989111", "content": "泪目"}, {"uid": "17989111", "content": "已经开始笑了"}, {"uid": "35080575", "content": "忍不了了"}, {"uid": "290472245", "content": "草"}, {"uid": "2784506", "content": "兽化（X"}, {"uid": "36295646", "content": "不，我不敢"}, {"uid": "36295646", "content": "？？？？"}, {"uid": "3230099", "content": "master绿了"}, {"uid": "84336434", "content": "梦回kos"}, {"uid": "11699655", "content": "这年头生化人都开始父子局了？"}, {"uid": "11699655", "content": "桌子上的是master永远的家吗？"}, {"uid": "11699655", "content": "最后一定会变成和自我介绍不符的样子吧？"}, {"uid": "227673245", "content": "空巢老人"}, {"uid": "37460205", "content": "懂了，以后都没抑制器了"}, {"uid": "37460205", "content": "？"}, {"uid": "4901909", "content": "这个样子指上半身和下半身合不上了"}, {"uid": "8254614", "content": "我的保护欲炸了"}, {"uid": "160982454", "content": "完了，以后直播再也看不到这个环了（"}, {"uid": "448555", "content": "容易淤青的肉体"}, {"uid": "173025181", "content": "在网络上 没有人知道你是一条狗"}, {"uid": "30110297", "content": "？"}, {"uid": "51046852", "content": "草"}, {"uid": "4761312", "content": "草"}, {"uid": "4761312", "content": "草"}, {"uid": "8221334", "content": "好活"}, {"uid": "442254805", "content": "草"}, {"uid": "34706838", "content": "我重影了"}, {"uid": "24847314", "content": "bgm是说书人的背景音乐啊"}, {"uid": "305231254", "content": "草"}, {"uid": "291738", "content": "完了，没清楚的了"}, {"uid": "318226967", "content": "黑暗势力（指ssxs）"}, {"uid": "447358503", "content": "是在某个不知名的魔术机构工作吗"}, {"uid": "28961139", "content": "草"}, {"uid": "28676459", "content": "草"}, {"uid": "28676459", "content": "草"}, {"uid": "13789422", "content": "？？？？？？"}, {"uid": "37460205", "content": "算了勾老师别这样"}, {"uid": "448555", "content": "威严爆表的黑暗势力"}, {"uid": "10213319", "content": "还没首播就各自精彩"}, {"uid": "305231254", "content": "草"}, {"uid": "28676459", "content": "勾勾铁拳"}, {"uid": "448555", "content": "所以master是个啥，有令咒么"}, {"uid": "65997794", "content": "懂了，被污染成了Mayumu Alter了是吧？（doge）"}, {"uid": "368197059", "content": "哈哈哈哈哈"}, {"uid": "318226967", "content": "你也是铁拳？。？"}, {"uid": "2500994", "content": "我不敢！！"}, {"uid": "37460205", "content": "那么我看首播什么的，就没有必要了罢（"}, {"uid": "26628492", "content": "开幕雷击"}, {"uid": "30110297", "content": "驴肉草"}, {"uid": "51046852", "content": "草"}, {"uid": "86931921", "content": "？我不敢！！"}, {"uid": "31903720", "content": "可爱"}, {"uid": "34527205", "content": "开幕雷击"}, {"uid": "4761312", "content": "我不敢"}, {"uid": "171969", "content": "我不敢！"}, {"uid": "675112609", "content": "聚能环"}, {"uid": "18226", "content": "？？？？？"}, {"uid": "94364471", "content": "？？？？？"}, {"uid": "37460205", "content": "确实"}, {"uid": "448555", "content": "你果然不对劲"}, {"uid": "30110297", "content": "我不敢"}, {"uid": "30110297", "content": "草"}, {"uid": "878555", "content": "耳朵动的也太可爱了吧啊啊啊啊啊啊啊！！"}, {"uid": "305231254", "content": "黑（时）暗（守）势（星）力（沙）"}, {"uid": "368197059", "content": "不是炖了吗（不是）"}, {"uid": "7905448", "content": "草"}, {"uid": "31903720", "content": "可爱wsl"}, {"uid": "55288472", "content": "我不敢"}, {"uid": "320990133", "content": "驴肉（"}, {"uid": "26628492", "content": "开幕雷击"}, {"uid": "51046852", "content": "草"}, {"uid": "4761312", "content": "草"}, {"uid": "475826619", "content": "上勾拳"}, {"uid": "31903720", "content": "草"}, {"uid": "31980640", "content": "草"}, {"uid": "31980640", "content": "草"}, {"uid": "28961139", "content": "？？？"}, {"uid": "84336434", "content": "明白了，以后直播都不带"}, {"uid": "45557549", "content": "草"}, {"uid": "3848287", "content": "草"}, {"uid": "196680332", "content": "？？？"}, {"uid": "38431245", "content": "草"}, {"uid": "22460464", "content": "草"}, {"uid": "533425724", "content": "草啊"}, {"uid": "149675990", "content": "？"}, {"uid": "7905448", "content": "法国狗狗，爱了"}, {"uid": "697331975", "content": "？"}, {"uid": "41997768", "content": "上色选区没选完，难受啊啊啊啊啊啊啊啊啊啊啊啊啊啊啊啊啊啊啊啊啊啊啊啊啊啊啊啊"}]