[{"uid": "185468094", "content": "草哈哈哈"}, {"uid": "325487647", "content": "突发恶疾"}, {"uid": "177193705", "content": "远离派派，从我做起"}, {"uid": "13922279", "content": "太真实了，头已经开始疼了"}, {"uid": "307442053", "content": "再来一遍（不是"}, {"uid": "430167010", "content": "翻译:妈妈我要打泡泡[doge]"}, {"uid": "261682721", "content": "逐渐驴叫"}, {"uid": "1559331", "content": "草"}, {"uid": "1559331", "content": "太哈人了"}, {"uid": "5050457", "content": "要来了"}, {"uid": "515722868", "content": "逆大天"}, {"uid": "32962770", "content": "戒  断  反  应"}, {"uid": "234123180", "content": "哈哈哈哈哈哈哈"}, {"uid": "17792609", "content": "午睡打开这个视频，楼下以为我们杀猪"}, {"uid": "47293924", "content": "草"}, {"uid": "49341552", "content": "戒断反应属于是了"}, {"uid": "185882516", "content": "音 量 诉 讼"}, {"uid": "1645233", "content": "草"}, {"uid": "346659376", "content": "草"}, {"uid": "346659376", "content": "草"}, {"uid": "647290235", "content": "你看她笑得多开心"}, {"uid": "397698233", "content": "我的耳朵啊"}, {"uid": "483733131", "content": "4分钟，热乎的"}, {"uid": "1507922", "content": "草"}, {"uid": "5757985", "content": "草"}, {"uid": "39754580", "content": "吓我一跳"}, {"uid": "37396525", "content": "哭饱了草"}, {"uid": "142373095", "content": "哈哈哈哈哈哈哈哈"}, {"uid": "4955333", "content": "草"}, {"uid": "49756319", "content": "谁家杀猪呢"}, {"uid": "2477205", "content": "草"}, {"uid": "1559331", "content": "开幕雷击"}, {"uid": "32775650", "content": "进icu吧"}, {"uid": "221881538", "content": "？？？？"}, {"uid": "389385891", "content": "吓人"}, {"uid": "24883668", "content": "草"}, {"uid": "346659376", "content": "突发恶疾"}, {"uid": "45557549", "content": "草草草草草草草草草"}, {"uid": "149486326", "content": "派瘾发作"}, {"uid": "399321805", "content": "？？？"}, {"uid": "527840", "content": "哈哈哈哈哈哈哈哈哈哈"}, {"uid": "359544346", "content": "嗝？"}, {"uid": "105979", "content": "开幕雷击"}, {"uid": "96707346", "content": "被吓到了"}, {"uid": "389385891", "content": "？？？"}, {"uid": "31456630", "content": "草"}, {"uid": "553947305", "content": "勾勾笑的好开心啊"}, {"uid": "34992435", "content": "新人有被吓到，她一直这样吗？"}, {"uid": "36169346", "content": "草"}, {"uid": "15631172", "content": "？？？？"}, {"uid": "255368692", "content": "草"}, {"uid": "39826540", "content": "好真实"}, {"uid": "2112352936", "content": "水个视频假装以为我们不知道"}, {"uid": "1542245", "content": "草早上吃多了吧"}, {"uid": "38018409", "content": "开幕雷击"}, {"uid": "20877518", "content": "笑死了"}, {"uid": "6782340", "content": "哭yue了"}, {"uid": "1819467", "content": "cao"}, {"uid": "573737403", "content": "三分钟"}, {"uid": "5757985", "content": "牙卡马西！"}, {"uid": "81615218", "content": "你看她笑的多开心"}, {"uid": "33943438", "content": "哈哈哈"}, {"uid": "626388904", "content": "勾勾派是什么啊"}, {"uid": "244794738", "content": "十分钟"}, {"uid": "91057373", "content": "刚出生的宝宝"}, {"uid": "57254535", "content": "打什么？"}, {"uid": "510658268", "content": "？？？"}, {"uid": "40090242", "content": "怕不是du瘾犯了"}, {"uid": "307442053", "content": "你看她笑得多开心呀"}, {"uid": "46365602", "content": "憋狗叫了！"}, {"uid": "15456636", "content": "她这到底是在说什么"}, {"uid": "7215945", "content": "宝宝哭是吧"}, {"uid": "18521149", "content": "不会要哭1分多钟吧"}, {"uid": "342300", "content": "你正常点"}, {"uid": "10990915", "content": "吵死了（恼）"}, {"uid": "65982143", "content": "打个嗝也是绝了"}, {"uid": "5251083", "content": "不许打派派"}, {"uid": "4719846", "content": "不许打"}, {"uid": "647290235", "content": "鬼哭狼嚎啊"}]