[{"uid": "137467", "content": "自己混沌却要别人清楚)"}, {"uid": "10862365", "content": "要！(即答)"}, {"uid": "413436706", "content": "《论梗在游戏中的传递性》"}, {"uid": "413436706", "content": "奇怪的知识增加了"}, {"uid": "624649130", "content": "你再骂！（恳求）"}, {"uid": "629000105", "content": "ohhhhhhh，女王大人"}, {"uid": "538264011", "content": "指挥部表示请空降到3分17秒。"}, {"uid": "470659758", "content": "笑声好上头"}, {"uid": "478615640", "content": "哈哈哈哈哈哈哈"}, {"uid": "20216896", "content": "蚌埠住了草"}, {"uid": "476498836", "content": "沃特森"}, {"uid": "341221825", "content": "你看他笑得多开心啊"}, {"uid": "678333871", "content": "多谢款待"}, {"uid": "18226", "content": "清楚的笑声"}, {"uid": "1951859", "content": "打喷嚏打不出来是吧"}, {"uid": "4761312", "content": "谢谢你呀"}, {"uid": "4761312", "content": "绷不住了"}, {"uid": "4761312", "content": "噔噔咚"}, {"uid": "4761312", "content": "再也回不去了"}, {"uid": "4761312", "content": "酝酿中"}, {"uid": "4761312", "content": "从啊草草"}, {"uid": "41997768", "content": "突然黑白"}, {"uid": "437778957", "content": "emmm系统的错"}, {"uid": "20637721", "content": "还有这好事？"}, {"uid": "1280024", "content": "小星星"}, {"uid": "1280024", "content": "我，我怎么了"}, {"uid": "33904565", "content": "哈哈哈哈哈哈哈哈哈哈哈哈哈"}, {"uid": "18226", "content": "ohhhhhhhh"}, {"uid": "79646219", "content": "好家伙"}, {"uid": "638636664", "content": "开 屏 雷 击"}, {"uid": "689961503", "content": "？？？？？"}, {"uid": "629000105", "content": "这个好诶"}, {"uid": "22570530", "content": "只能度过一些相对来说比较失败的人生！"}, {"uid": "79646219", "content": "666666"}, {"uid": "11690600", "content": "哈哈哈哈哈哈"}, {"uid": "451789127", "content": "哔嘴好可爱（）"}, {"uid": "20637721", "content": "标题还有这好事？"}, {"uid": "673420326", "content": "一"}, {"uid": "375313137", "content": "蚌埠住了"}, {"uid": "1843618163", "content": "卧槽卧槽，牛逼"}, {"uid": "15576675", "content": "噗"}, {"uid": "2733952", "content": "蚌埠住了"}, {"uid": "629000105", "content": "额，，，我，我，我，我真帅"}, {"uid": "478615640", "content": "哈哈哈哈哈哈哈哈"}, {"uid": "286941782", "content": "蚌埠住了"}, {"uid": "8287872", "content": "哈哈哈"}, {"uid": "2811467", "content": "蚌埠住了"}, {"uid": "2206732", "content": "笑了"}, {"uid": "393351058", "content": "瞧这兴奋的笑声"}, {"uid": "494624097", "content": "。。。。。。"}, {"uid": "494624097", "content": "草死了"}, {"uid": "13518000", "content": "很抱歉以这种方式关注你"}, {"uid": "80841388", "content": "草"}, {"uid": "75199014", "content": "这个声音……"}, {"uid": "260676763", "content": "小公狗哈哈哈哈哈"}, {"uid": "176444704", "content": "送礼物还给你脸了是吗"}, {"uid": "629000105", "content": "诶，小苍葵诶，她心里有我"}, {"uid": "629000105", "content": "小什么，说出来！"}, {"uid": "629000105", "content": "试图把鞋舔穿。。。。。"}, {"uid": "36626538", "content": "密码正确"}, {"uid": "492825348", "content": "只是主人的要求罢了~"}, {"uid": "231349660", "content": "傻逼是的"}, {"uid": "3727259", "content": "谢谢，爽了"}, {"uid": "496261204", "content": "很抱歉以这种方式认识你"}, {"uid": "24824560", "content": "为什么里外封面不一样"}, {"uid": "222432298", "content": "真的有人喜欢皮套人吗"}, {"uid": "436637812", "content": "好怪啊"}, {"uid": "437778957", "content": "。。。"}, {"uid": "346831395", "content": "小笨蛋"}, {"uid": "384518984", "content": "舒服了"}, {"uid": "702129216", "content": "那还不简单骂他们就完事了（看）"}, {"uid": "443153772", "content": "我好兴奋"}, {"uid": "237187792", "content": "你 放 屁"}, {"uid": "237187792", "content": "吼，死了啦，都你害的啦，拜托"}, {"uid": "24025903", "content": "你们笑什么"}, {"uid": "389794898", "content": "这狂妄的标题吸引了爷"}, {"uid": "291462773", "content": "芬兰的波尔卡"}, {"uid": "98910312", "content": "。"}, {"uid": "611145341", "content": "懂了三连的人，话该被骂点踩的人都是大帅B。"}, {"uid": "11229756", "content": "小小"}, {"uid": "105099786", "content": "00:56"}, {"uid": "94145251", "content": "去spa就去spa，你吼辣么大声干嘛"}, {"uid": "299584541", "content": "真够夹啊"}, {"uid": "609588204", "content": "嘴脸"}, {"uid": "14326381", "content": "去spa"}, {"uid": "409893048", "content": "很抱歉以这种方式认识你"}, {"uid": "16129797", "content": "钉宫草"}, {"uid": "6176341", "content": "Master＝M  没有什么大问题"}, {"uid": "399884842", "content": "你再骂（gkd）"}, {"uid": "384766884", "content": "请务必让我来"}, {"uid": "384766884", "content": "我也好这口"}, {"uid": "354000611", "content": "蚌埠住了"}, {"uid": "36077319", "content": "草"}, {"uid": "33200199", "content": "很有自知之明"}, {"uid": "33200199", "content": "突然有了灵感"}, {"uid": "8195711", "content": "hso"}, {"uid": "426223589", "content": "嘶~"}, {"uid": "32986231", "content": "突然兴奋"}, {"uid": "300175", "content": "草"}, {"uid": "548305856", "content": "草  狗狗"}, {"uid": "33904565", "content": "讲完疯狂哈气惊魂未定的勾勾哈哈哈哈哈"}, {"uid": "33904565", "content": "勾勾笑的好可爱wwwwwwwwww"}, {"uid": "33904565", "content": "确实，双头龙名场面"}, {"uid": "402988525", "content": "土味视频"}, {"uid": "680621", "content": "你笑的不对劲"}, {"uid": "310810114", "content": "小  佣  人～～～～～"}, {"uid": "378944776", "content": "确实，例如双头龙"}, {"uid": "4761312", "content": "草草草"}, {"uid": "4761312", "content": "勾叫"}, {"uid": "4761312", "content": "你也好这口？"}, {"uid": "4761312", "content": "嘶"}, {"uid": "2004492664", "content": "特殊癖好的接受者"}, {"uid": "185872154", "content": "草"}, {"uid": "11833036", "content": "由s到m"}, {"uid": "165890139", "content": "你搁这杀人呢还回不去了（龙骑并感）"}, {"uid": "1686278", "content": "帮大忙了"}, {"uid": "31456630", "content": "好活"}, {"uid": "15208743", "content": "草"}, {"uid": "22460464", "content": "犬科的爱好好怪啊"}, {"uid": "317447680", "content": "确实"}, {"uid": "73674638", "content": "草"}, {"uid": "8546868", "content": "小仓葵"}, {"uid": "397296", "content": "你是一个一个一个"}, {"uid": "638636664", "content": "混淆视听"}, {"uid": "6766372", "content": "勾叫"}, {"uid": "676611", "content": "嘿↑嘿↑嘿↑"}, {"uid": "176444704", "content": "你这声音是开机变声器"}, {"uid": "176444704", "content": "那你去卖吧"}, {"uid": "95359042", "content": "声卡战士"}, {"uid": "346831395", "content": "舒服了"}, {"uid": "667720365", "content": "不给你打钱，看你怎么吃饭"}, {"uid": "81431347", "content": "哈哈哈哈哈哈哈哈哈哈哈哈哈哈哈哈哈哈哈哈哈哈哈哈哈哈哈哈"}, {"uid": "81431347", "content": "哈哈哈哈哈哈哈哈哈哈哈哈哈哈哈哈哈哈哈哈哈哈哈哈哈"}, {"uid": "33904565", "content": "哈哈哈哈哈哈哈哈哈哈哈哈哈哈哈哈"}, {"uid": "33904565", "content": "绷住啊哈哈哈哈哈哈哈哈哈哈哈哈哈"}]