[{"uid": "100150776", "content": "在放水（确信）"}, {"uid": "1560891", "content": "ks em ob"}, {"uid": "11926045", "content": "加油加油，还有一把！"}, {"uid": "11926045", "content": "bo服是吧？"}, {"uid": "1807359", "content": "bgm  权游!"}, {"uid": "31819263", "content": "这bgm笑死我了"}, {"uid": "8317069", "content": "这硕大的邪能眼睛"}, {"uid": "54284279", "content": "勾勾大"}, {"uid": "3347289", "content": "《比  我  还  要  笨》"}, {"uid": "34938166", "content": "这头大的就离谱"}, {"uid": "1631806", "content": "哈哈哈哈"}, {"uid": "50780987", "content": "和棋绝了"}, {"uid": "488295095", "content": "否则的话只要黑棋拿到先手就输"}, {"uid": "488295095", "content": "刚刚就已经没了，这里白棋的唯一解法是在左边直接拉出去一直抢先手"}, {"uid": "488295095", "content": "这个地方白已经没救了，黑必胜的，无所谓让不让"}, {"uid": "839794", "content": "被她装到了"}, {"uid": "281462088", "content": "嚣张"}, {"uid": "8989175", "content": "令人头大"}, {"uid": "1897341", "content": "让二追三是吧"}, {"uid": "26711806", "content": "请问勾勾输给笨蛋是什么感受"}, {"uid": "340477687", "content": "哇嘞哇嘞哇嘞啊！"}, {"uid": "13034550", "content": "气氛搞起来了"}, {"uid": "11690600", "content": "BO服"}, {"uid": "11690600", "content": "好可爱捏"}, {"uid": "250656563", "content": "bo服"}, {"uid": "37921443", "content": "脑袋好大。。。"}, {"uid": "32130835", "content": "都快看不到棋盘了"}, {"uid": "414422", "content": "败犬的悲鸣~"}, {"uid": "170997289", "content": "booyah震怒！"}, {"uid": "470605", "content": "赖皮勾"}, {"uid": "241779609", "content": "好臭啊~"}, {"uid": "168376480", "content": "g了啊"}, {"uid": "481940890", "content": "还是只河南勾"}]