[{"uid": "241346439", "content": "黑客我的英雄"}, {"uid": "59923663", "content": "开海开海"}, {"uid": "1645233", "content": "太可爱了吧哈哈哈"}, {"uid": "97154396", "content": "可爱捏"}, {"uid": "1579357", "content": "好好说话"}, {"uid": "21218523", "content": "是（"}, {"uid": "27304036", "content": "woc好可爱"}, {"uid": "1819467", "content": "是"}, {"uid": "1819467", "content": "哇哦 好棒哦"}, {"uid": "1819467", "content": "歪"}, {"uid": "37104845", "content": "这是密客最新活动的彩蛋（"}, {"uid": "47293924", "content": "太草了"}, {"uid": "1887198", "content": "亿点"}, {"uid": "38683888", "content": "草"}, {"uid": "12295812", "content": "见证历史"}, {"uid": "651546564", "content": "莫西莫西？"}, {"uid": "13034550", "content": "赶巧了"}, {"uid": "1962178", "content": "哈哈哈哈"}, {"uid": "21794988", "content": "可爱（"}, {"uid": "142373095", "content": "好可爱"}, {"uid": "5951642", "content": "中黑客攻击了"}, {"uid": "33962", "content": "说话拼A破音就离谱"}, {"uid": "6036414", "content": "分海呢，别吵"}, {"uid": "2758221", "content": "歪"}, {"uid": "5951642", "content": "莫西莫西，檀桑？"}, {"uid": "11076934", "content": "草"}, {"uid": "429870101", "content": "……"}, {"uid": "1819467", "content": "耶"}, {"uid": "51858795", "content": "第二个"}, {"uid": "160627387", "content": "好尬..........."}, {"uid": "1406610", "content": "恭喜你见证历史了"}]