[{"uid": "252199781", "content": "1分06秒，120都救不了"}, {"uid": "516982908", "content": "哈哈哈哈哈哈"}, {"uid": "7909989", "content": "cao"}, {"uid": "3727259", "content": "好可爱喔"}, {"uid": "3727259", "content": "虽然但是，好可爱！！！"}, {"uid": "320423499", "content": "好听（狗头）"}, {"uid": "320423499", "content": "啧啧啧"}, {"uid": "1367653", "content": "草草草草草"}, {"uid": "878555", "content": "留了后手w"}, {"uid": "4161464", "content": "千春放你进来的是吧"}, {"uid": "516982908", "content": "草"}, {"uid": "415987693", "content": "奇奇怪怪 但是我爱"}, {"uid": "428308422", "content": "姐就是女王！"}, {"uid": "10650378", "content": "草"}, {"uid": "286210490", "content": "本音？"}, {"uid": "431967676", "content": "二人转？"}, {"uid": "12306109", "content": "2333"}]