[{"uid": "257224357", "content": "勾勾这还是能唱歌的嘛！！"}, {"uid": "9442", "content": "开幕可爱"}, {"uid": "95243537", "content": "双厨暴击"}, {"uid": "320990133", "content": "k k s k"}, {"uid": "45326789", "content": "好可爱！！！！"}, {"uid": "426361196", "content": "针不戳"}, {"uid": "426361196", "content": "喜欢"}, {"uid": "6862113", "content": "太好听了；；"}, {"uid": "13371173", "content": "开幕雷击bgm"}, {"uid": "22460464", "content": "萌死了"}, {"uid": "450192861", "content": "かわいい！"}, {"uid": "7625486", "content": "好听 可爱 单推 下面忘了"}, {"uid": "14910449", "content": "软妹喜加一（awsl）"}, {"uid": "32177303", "content": "勾勾！"}, {"uid": "499220337", "content": "呜呜呜双厨狂喜"}, {"uid": "434092796", "content": "爱了爱了"}, {"uid": "41648681", "content": "你们叫这个叫唱歌不行？"}, {"uid": "473450206", "content": "awsl"}, {"uid": "471655543", "content": "卡哇伊！"}, {"uid": "8317069", "content": "太棒了吧"}, {"uid": "14910449", "content": "SUKI"}, {"uid": "677781962", "content": "!好可爱"}, {"uid": "451232533", "content": "可爱！"}, {"uid": "15948365", "content": "好耶"}, {"uid": "24000756", "content": "kwiiiiiiii"}]