[{"uid": "39262818", "content": "咋还打嗝了呢"}, {"uid": "167421027", "content": "老大哥经历丰富"}, {"uid": "406111565", "content": "这是我军优良传统"}, {"uid": "297962366", "content": "谢谢，孩子早饭吃的很香"}, {"uid": "354487895", "content": "普通话语言指导：星弥Hoshimi"}, {"uid": "2990694", "content": "？？？？"}, {"uid": "200760377", "content": "这班长，绝了"}, {"uid": "12391506", "content": "3."}, {"uid": "650125", "content": "部队周末可以领手机"}, {"uid": "6648074", "content": "这勾勾怎么还打起饱嗝了"}, {"uid": "11696942", "content": "好恶心啊"}, {"uid": "36482629", "content": "挂人是吧"}, {"uid": "36482629", "content": "自爆卡车草"}, {"uid": "36482629", "content": "我看不懂但我大受震撼"}, {"uid": "12486243", "content": "……"}, {"uid": "381881997", "content": "呜米的名字叽叽的牌子"}, {"uid": "194992", "content": "不退役不能让真么整的"}, {"uid": "38751864", "content": "《浅》"}, {"uid": "21399537", "content": "他在隔壁雪绘还有一段青梅竹马结婚又离婚拿学分同居跟男朋友分手又懵懵懂懂的爱情"}, {"uid": "1570297", "content": "救命"}, {"uid": "67148720", "content": "草，这老哥我在别的直播间也看过"}, {"uid": "67964", "content": "大概率是退役了"}, {"uid": "1979802", "content": "三观正的勾勾可爱捏"}, {"uid": "29653641", "content": "不行了 蚌埠住了"}, {"uid": "43578", "content": "这不是雪绘直播间里的故事老常客吗？！！"}, {"uid": "1507922", "content": "我是跳伞指挥官"}, {"uid": "32130835", "content": "逻辑模块离线了"}, {"uid": "20877518", "content": "怎么还有自爆的"}, {"uid": "32698675", "content": "提醒一点，健康的菜菜大概率被他们亲口吃掉捏"}, {"uid": "1819467", "content": "狗蛋马玉米已停止运行"}, {"uid": "195019356", "content": "语  无  伦  次"}, {"uid": "81615372", "content": "草"}, {"uid": "81615372", "content": "我大受震撼"}, {"uid": "585030450", "content": "震惊勾勾1万年"}, {"uid": "29021496", "content": "公开处刑"}, {"uid": "701675231", "content": "很高兴以这样的方式认识你"}, {"uid": "1570297", "content": "沉默勾勾"}, {"uid": "368197059", "content": "哈哈哈哈哈哈哈哈哈"}, {"uid": "54798395", "content": "草，又是这位边疆的dd"}, {"uid": "434539938", "content": "屯田"}, {"uid": "660340640", "content": "打嗝捏"}, {"uid": "38715918", "content": "瞳孔地震"}, {"uid": "348901318", "content": "谢谢已经yue了"}, {"uid": "381881997", "content": "哈哈哈老DD了"}, {"uid": "1572356", "content": "震撼勾勾"}, {"uid": "497457527", "content": "被水淹没不知所措"}, {"uid": "473626397", "content": "啊～No"}, {"uid": "93800903", "content": "这个是传统"}, {"uid": "482212228", "content": "专业DD"}, {"uid": "2990694", "content": "？？？？？"}, {"uid": "396029229", "content": "打嗝呢？"}, {"uid": "11696942", "content": "浅"}, {"uid": "104336207", "content": "退役草 应该是退伍吧"}, {"uid": "49858625", "content": "正常操作好伐，几十年了。"}, {"uid": "24908478", "content": "老大哥草"}, {"uid": "22172885", "content": "这几点的直播，这兄弟咋有手机，还是个DD。。。"}, {"uid": "486104675", "content": "草"}, {"uid": "3424427", "content": "大为震惊"}, {"uid": "691027448", "content": "3小时，"}, {"uid": "12013154", "content": "？"}, {"uid": "20877518", "content": "还是个狼崽"}, {"uid": "20877518", "content": "yue!"}, {"uid": "19508981", "content": "dd"}, {"uid": "433725309", "content": "勾呕"}, {"uid": "7916556", "content": "yue"}, {"uid": "15631172", "content": "？？？"}, {"uid": "368197059", "content": "哈哈哈哈哈哈哈哈哈哈hh或或或或或或或或或或或或"}]