[{"uid": "35813734", "content": "你这铁驭，怕是驾驶舱只有弹射一个按钮哦"}, {"uid": "8345174", "content": "采集机被摧毁了（"}, {"uid": "107715878", "content": "精神变态"}, {"uid": "275293304", "content": "阳光男孩在这里"}, {"uid": "583795407", "content": "他麻德是150好不好"}, {"uid": "32591041", "content": "-3还不是大狙？格局小了兄弟（滑稽）"}, {"uid": "2990694", "content": "草"}, {"uid": "135733859", "content": "见面拉电池真的太秀了"}, {"uid": "331191612", "content": "你管着叫大狙？"}, {"uid": "694640", "content": "《一丝》"}, {"uid": "126096708", "content": "你太看得起我了"}, {"uid": "14174759", "content": "升   华   主   题"}, {"uid": "14273677", "content": "早就是铁驭啦，ttf2经常打折的2333"}, {"uid": "104569512", "content": "好妙的破音"}, {"uid": "229020560", "content": "别骂了别骂了"}, {"uid": "319321235", "content": "场均105也太草了"}, {"uid": "9566611", "content": "3."}, {"uid": "15747227", "content": "猿形毕露（dog）"}, {"uid": "43859137", "content": "严重损坏，弹射，弹射！"}, {"uid": "2811053", "content": "成分检测"}, {"uid": "6076209", "content": "直接进行一个牢的坐"}, {"uid": "8748858", "content": "秒啊"}, {"uid": "62844005", "content": "真实 确实是一只标点"}, {"uid": "350046941", "content": "你才"}, {"uid": "12878068", "content": "你再骂？"}, {"uid": "192912458", "content": "破防了"}, {"uid": "12666775", "content": "这里改成激光笔违和感没那么强吧"}, {"uid": "511736608", "content": "17"}, {"uid": "34488695", "content": "别骂了"}, {"uid": "22795126", "content": "？"}, {"uid": "502269356", "content": "大狙"}, {"uid": "5155551", "content": "草"}, {"uid": "30183930", "content": "铁驭是不能铁驭的，啊哈哈哈哈"}, {"uid": "12900452", "content": "草"}, {"uid": "6859025", "content": "草草草"}, {"uid": "34122051", "content": "太强了"}, {"uid": "38228952", "content": "哈哈哈哈，这不是猴吗"}, {"uid": "19921075", "content": "你再骂"}, {"uid": "2130198", "content": "草"}, {"uid": "100816497", "content": "升华了呢"}, {"uid": "1495564013", "content": "我场均伤害250就离谱好吧"}, {"uid": "23507805", "content": "我250的场均!我是250!"}, {"uid": "11985677", "content": "你再骂"}, {"uid": "861144", "content": "哈哈哈哈 原来你有自知之明的啊"}, {"uid": "9385037", "content": "可以一起玩吗"}, {"uid": "34423646", "content": "去玩边境了是吧"}, {"uid": "23362230", "content": "哈哈哈哈哈"}, {"uid": "39337292", "content": "评论都是105 "}, {"uid": "41847454", "content": "今日就崩到这了"}, {"uid": "188076024", "content": "此处艾特滋宝有什么问题吗"}, {"uid": "2687357", "content": "草"}, {"uid": "6766372", "content": "蚌埠住了"}, {"uid": "387421318", "content": "好可爱"}, {"uid": "12715681", "content": "滋滋蹦"}, {"uid": "397296", "content": "弹射！弹射！弹射！"}, {"uid": "33386832", "content": "草"}, {"uid": "18170058", "content": "哈哈哈哈哈哈哈"}, {"uid": "397296", "content": "小夸直接Q走"}, {"uid": "59275", "content": "草"}, {"uid": "23433333", "content": "哈哈哈，"}, {"uid": "198674440", "content": "别骂了别骂了"}, {"uid": "22795126", "content": "别骂了别骂了呜呜呜"}, {"uid": "41751388", "content": "很真实"}, {"uid": "481270591", "content": "离谱"}, {"uid": "2687357", "content": "绷"}, {"uid": "6351482", "content": "不可能"}, {"uid": "32742536", "content": "骂的好"}, {"uid": "233908744", "content": "是我没错了"}, {"uid": "34571989", "content": "你这倒桩也就两千分水平"}, {"uid": "25981200", "content": "哈哈哈哈哈哈哈哈哈"}, {"uid": "34158387", "content": "草"}, {"uid": "89003314", "content": "好!"}, {"uid": "13433776", "content": "蚌埠住了"}, {"uid": "107715878", "content": "精神病院"}, {"uid": "17072658", "content": "b"}, {"uid": "6766372", "content": "勾叫"}, {"uid": "9148541", "content": "203———217"}, {"uid": "350046941", "content": "狗    勾    自   传"}, {"uid": "35080575", "content": "哈哈哈哈哈哈哈哈哈哈哈哈哈哈哈哈哈哈哈"}]