[{"uid": "302486697", "content": "这不是能好好唱歌吗？？"}, {"uid": "302486697", "content": "。。你？？"}, {"uid": "83555362", "content": "为什么这么好听啊喂"}, {"uid": "442973110", "content": "请务必让我摸一下耳朵！"}, {"uid": "624515218", "content": "勾勾？"}, {"uid": "401958469", "content": "蹲一个九九的回复，昨天看茉里的直播晚了点"}, {"uid": "320423499", "content": "来啦"}, {"uid": "426361196", "content": "可可爱爱"}, {"uid": "11260240", "content": "我将会用这一分十九秒治愈我的一生"}, {"uid": "210510079", "content": "这首歌歌名是什么？"}, {"uid": "426361196", "content": "好萌"}, {"uid": "426361196", "content": "awsl!!!"}, {"uid": "1343103082", "content": "可爱捏"}, {"uid": "516982908", "content": "好耶"}, {"uid": "342271004", "content": "早上好"}, {"uid": "2896425", "content": "好萌"}, {"uid": "33024766", "content": "wsl！"}, {"uid": "35080575", "content": "可可爱爱"}, {"uid": "35080575", "content": "可以哟"}, {"uid": "40994928", "content": "可爱"}]