[{"uid": "53728904", "content": "我死了太可爱了"}, {"uid": "270310", "content": "不存在的记忆"}, {"uid": "13203332", "content": "草"}, {"uid": "13203332", "content": "卧槽"}, {"uid": "85274291", "content": "？？？"}, {"uid": "8287872", "content": "一把姜"}, {"uid": "15225041", "content": "腿反了草"}, {"uid": "174059588", "content": "好大一个勾勾"}, {"uid": "18225027", "content": "你才是我在外面的狗"}, {"uid": "12506275", "content": "这个到还记得"}, {"uid": "38752834", "content": "已经开始笑了"}, {"uid": "452270811", "content": "不是有别的鸟了"}, {"uid": "330890137", "content": "草"}, {"uid": "330890137", "content": "下意识点了一个拒绝，我还以为我在看视频谁给我打电话呢"}, {"uid": "330890137", "content": "挺清楚的嘛"}, {"uid": "6094084", "content": "车轱辘压我脸上了"}, {"uid": "19439195", "content": "古尔丹"}, {"uid": "36295646", "content": "？？"}, {"uid": "172247496", "content": "草"}, {"uid": "172247496", "content": "我宁愿我没忘"}, {"uid": "41997768", "content": "fps射击游戏，yyds"}, {"uid": "41997768", "content": "fpsyy"}, {"uid": "202539110", "content": "草"}, {"uid": "12377224", "content": "尸块"}, {"uid": "12808306", "content": "不～知～道～"}, {"uid": "12808306", "content": "？"}, {"uid": "12808306", "content": "哈哈哈"}, {"uid": "12808306", "content": "洗澡？"}, {"uid": "474010206", "content": "？"}, {"uid": "29074102", "content": "这个甩头的意思是一鼻子甩死你吗？"}, {"uid": "168376480", "content": "？"}, {"uid": "168376480", "content": "好灵敏的眼睛"}, {"uid": "16187132", "content": "垮掉"}, {"uid": "22534652", "content": "我拼我自己可还行"}, {"uid": "3095840", "content": "下班很积极，思想没问题"}, {"uid": "45557549", "content": "好家伙"}, {"uid": "45557549", "content": "神tm"}, {"uid": "45557549", "content": "草草草"}, {"uid": "45557549", "content": "草 是ow（）"}, {"uid": "45557549", "content": "草草草草草"}, {"uid": "20865617", "content": "竟然是这个香水"}, {"uid": "191975878", "content": "随机枪毙粉丝吗"}, {"uid": "45557549", "content": "你也是futa？"}, {"uid": "45557549", "content": "关机=="}, {"uid": "45557549", "content": "我偏不"}, {"uid": "45557549", "content": "嗯？？"}, {"uid": "45557549", "content": "经典免费素材"}, {"uid": "53829902", "content": "腿反了啊"}, {"uid": "367190", "content": "???"}, {"uid": "16953304", "content": "狗蛋马玉米"}, {"uid": "339001", "content": "mua"}, {"uid": "16781719", "content": "没有 我没有别的狗蛋"}, {"uid": "16781719", "content": "没有的事"}, {"uid": "1345084", "content": "上一个这样的是魔魔"}, {"uid": "32268191", "content": "卧槽"}, {"uid": "8207213", "content": "啥 也 不 会"}, {"uid": "8207213", "content": "新概念90％"}, {"uid": "8207213", "content": "可以说是毫不相干了"}, {"uid": "8207213", "content": "还可以（？）"}, {"uid": "668611833", "content": "狗狗？哪只啊（狗头）"}, {"uid": "668611833", "content": "阿柴锁定新干部中"}, {"uid": "668611833", "content": "狗蛋马玉米"}, {"uid": "668611833", "content": "？？？"}, {"uid": "668611833", "content": "《自画像》"}, {"uid": "16627709", "content": "狗蛋马玉米笑死我了哈哈哈哈哈"}, {"uid": "668611833", "content": "腿反了………"}, {"uid": "47772150", "content": "？？？？"}, {"uid": "86931921", "content": "拒绝（）"}, {"uid": "86931921", "content": "来啦"}, {"uid": "99304660", "content": "？？？？？？？？？？？？？？？"}, {"uid": "17108", "content": "勾勾勾勾勾勾勾勾勾勾勾勾勾勾勾勾勾勾勾勾"}]