[{"uid": "7824546", "content": "笑得超大声"}, {"uid": "18244944", "content": "你是远古曲库"}, {"uid": "34300796", "content": "瞬 狱 影 杀 阵"}, {"uid": "6427806", "content": "俺寻思也没人问啊"}, {"uid": "51770271", "content": "蒙 太 奇"}, {"uid": "13530387", "content": "好活"}, {"uid": "410284136", "content": "你看那个人好像一条狗啊"}, {"uid": "219634577", "content": "你看那个人，像条狗一样卑微，好可怜哦doge"}, {"uid": "29657560", "content": "除客刀"}, {"uid": "342300", "content": "太对乐姐"}, {"uid": "2615120", "content": "上，捅我背"}, {"uid": "30268391", "content": "草"}, {"uid": "239315259", "content": "笑死，根本就笑不死"}, {"uid": "676611", "content": "好家伙，我差点没听出来"}, {"uid": "15747920", "content": "fy保护协会发出强烈谴责"}, {"uid": "264350129", "content": "届不到届不到"}, {"uid": "34056293", "content": "意外好听？？我耳朵不对劲了？"}, {"uid": "6766372", "content": "现在知道为啥不叫你了吧"}, {"uid": "723480", "content": "大师，我悟了，别念了"}, {"uid": "723480", "content": "草"}, {"uid": "103674", "content": "全是感情"}, {"uid": "103674", "content": "师傅，求放过"}, {"uid": "10822169", "content": "2"}, {"uid": "30254330", "content": "1"}, {"uid": "443068280", "content": "2"}, {"uid": "313630012", "content": "2"}, {"uid": "22194609", "content": "1"}, {"uid": "6916728", "content": "2"}, {"uid": "88482081", "content": "2"}, {"uid": "5596650", "content": "2"}, {"uid": "4538052", "content": "2"}, {"uid": "19467193", "content": "2"}, {"uid": "14891680", "content": "1"}, {"uid": "301477", "content": "2"}, {"uid": "502147771", "content": "2"}, {"uid": "527840", "content": "2"}, {"uid": "20299516", "content": "1"}, {"uid": "16029159", "content": "2"}, {"uid": "228064", "content": "1"}, {"uid": "8345151", "content": "2"}, {"uid": "2229825", "content": "2"}, {"uid": "289914860", "content": "1"}, {"uid": "636754", "content": "2"}, {"uid": "401958469", "content": "1"}, {"uid": "28211195", "content": "2"}, {"uid": "14584599", "content": "2"}, {"uid": "690608693", "content": "1"}, {"uid": "47195714", "content": "2"}, {"uid": "19311959", "content": "2"}, {"uid": "26113683", "content": "2"}, {"uid": "27208587", "content": "2"}, {"uid": "295823161", "content": "1"}, {"uid": "188850250", "content": "2"}, {"uid": "65394545", "content": "除端皆刀友"}, {"uid": "212014886", "content": "1"}, {"uid": "35692691", "content": "1"}, {"uid": "39813625", "content": "影流啊~~！"}, {"uid": "207071", "content": "2"}, {"uid": "78551774", "content": "2"}, {"uid": "65394545", "content": "2"}, {"uid": "2640786", "content": "2"}, {"uid": "6757720", "content": "2"}, {"uid": "144454", "content": "2"}, {"uid": "22909209", "content": "2"}, {"uid": "22529660", "content": "2"}, {"uid": "34289366", "content": "1"}, {"uid": "13170430", "content": "2"}, {"uid": "151235402", "content": "2"}, {"uid": "10921467", "content": "2"}, {"uid": "13174255", "content": "1"}, {"uid": "666015", "content": "2"}, {"uid": "3225970", "content": "1"}, {"uid": "18276908", "content": "2"}, {"uid": "2564929", "content": "2"}, {"uid": "611011534", "content": "2"}, {"uid": "7556200", "content": "2"}, {"uid": "612027", "content": "2"}, {"uid": "138722", "content": "2"}, {"uid": "202217698", "content": "哈哈哈哈哈哈哈哈哈哈哈哈哈"}, {"uid": "8221334", "content": "对比感强烈"}, {"uid": "15739784", "content": "明白为什么没叫你去KTV了吗"}, {"uid": "47293924", "content": "哈哈哈哈哈哈哈哈哈哈哈"}, {"uid": "487351", "content": "老年人歌库"}, {"uid": "11774588", "content": "全是感情，没有一点技巧"}, {"uid": "3525616", "content": "在现场，唱的那个叫撕心裂肺啊"}, {"uid": "6076209", "content": "全是感情"}, {"uid": "698217351", "content": "yue了yue了"}, {"uid": "225340880", "content": "草"}, {"uid": "452906712", "content": "受勾了"}, {"uid": "35224307", "content": "绝活"}, {"uid": "75310742", "content": "输麻了"}, {"uid": "286419689", "content": "我知道为什么不叫你了"}, {"uid": "50780987", "content": "自己人！"}, {"uid": "12707303", "content": "草！夺笋啊"}, {"uid": "2971345", "content": "？？？？？"}, {"uid": "12717027", "content": "哈哈哈哈哈哈哈哈哈哈哈哈哈哈"}, {"uid": "284483820", "content": "你们看这个人好像一条狗啊"}, {"uid": "92995150", "content": "显然还没有意识到问题所在"}, {"uid": "286210490", "content": "狗勾好像很少认真唱耶"}, {"uid": "13530387", "content": "哈哈哈哈哈哈哈哈哈"}, {"uid": "342300", "content": "感情这一块嗷"}, {"uid": "5674089", "content": "没有技巧，全是感情"}, {"uid": "40804471", "content": "草"}, {"uid": "1507922", "content": "届不到了。。。"}, {"uid": "8394229", "content": "插龙四顾心茫然"}, {"uid": "15576675", "content": "所以我好像明白了为什么不带勾勾线下ktv…"}, {"uid": "18244944", "content": "自己人啊"}, {"uid": "292958403", "content": "知道为什么不叫你了吧"}, {"uid": "6047887", "content": "过   火"}, {"uid": "2700164", "content": "求佛可还行"}, {"uid": "676611", "content": "全是感情"}, {"uid": "161031228", "content": "哈哈哈哈哈哈哈哈哈哈"}, {"uid": "1434386", "content": "草"}, {"uid": "670876440", "content": "哈哈哈哈哈哈"}, {"uid": "403788664", "content": "好活"}, {"uid": "23388057", "content": "别自己人"}, {"uid": "146309740", "content": "草"}, {"uid": "3250807", "content": "好活"}, {"uid": "2450857", "content": "草"}, {"uid": "265282669", "content": "草"}, {"uid": "342300", "content": "你看那个人，好像一条狗啊"}, {"uid": "305596344", "content": "哈哈哈哈哈哈哈"}, {"uid": "2199242", "content": "烟花 狗狗 烟花"}, {"uid": "8207213", "content": "哈哈哈哈哈哈哈哈"}, {"uid": "4709005", "content": "输麻了"}, {"uid": "18226", "content": "哈哈哈哈"}, {"uid": "15259530", "content": "烟火神"}, {"uid": "282755073", "content": "败勾"}, {"uid": "18244944", "content": "多开心的"}, {"uid": "2761686", "content": "《对比》"}, {"uid": "32888277", "content": "（烟火声）"}, {"uid": "13530387", "content": "草"}, {"uid": "37460205", "content": "好家伙"}, {"uid": "349508216", "content": "0技巧，满情绪"}, {"uid": "67271679", "content": "我DNA動了"}, {"uid": "300227", "content": "草"}, {"uid": "11906203", "content": "好家伙"}, {"uid": "8207213", "content": "99犬童贴贴"}, {"uid": "10650378", "content": "草"}, {"uid": "470605", "content": "草"}, {"uid": "28460416", "content": "好听"}, {"uid": "8700118", "content": "别求了别求了"}, {"uid": "161173324", "content": "打死白学家"}, {"uid": "13530387", "content": "草"}, {"uid": "110152939", "content": "写实ktv"}, {"uid": "7720970", "content": "笑死"}, {"uid": "3441983", "content": "我在狂笑"}, {"uid": "1507922", "content": "草"}, {"uid": "8890998", "content": "草"}, {"uid": "6796603", "content": "败犬罢了"}, {"uid": "18244944", "content": "嘛了"}, {"uid": "408797", "content": "难怪没叫你。。。"}, {"uid": "296637690", "content": "草"}, {"uid": "7644780", "content": "9童贴贴"}, {"uid": "14043921", "content": "草"}, {"uid": "1836058", "content": "草"}, {"uid": "265282669", "content": "草"}, {"uid": "37460205", "content": "草"}, {"uid": "3441983", "content": "自己好好想想，为什么不叫你"}, {"uid": "11906203", "content": "草"}, {"uid": "4304729", "content": "草"}]