[{"uid": "12019474", "content": "hhhhhh"}, {"uid": "431338", "content": "日常第一个出罗八之后买不了组合了哈哈哈"}, {"uid": "13933454", "content": "挨住了"}, {"uid": "21305658", "content": "通行证没了"}, {"uid": "28967792", "content": "笨比捏"}, {"uid": "520454304", "content": "密客玩家觉得这个皮很好看"}, {"uid": "7550040", "content": "勾勾的等级居然比我低哈哈"}, {"uid": "12594355", "content": "2"}, {"uid": "440369943", "content": "2"}, {"uid": "30938359", "content": "2"}, {"uid": "23230504", "content": "2"}, {"uid": "3952112", "content": "1"}, {"uid": "85941886", "content": "2"}, {"uid": "454042989", "content": "2"}, {"uid": "7843224", "content": "1"}, {"uid": "3953277", "content": "2"}, {"uid": "41751388", "content": "2"}, {"uid": "293613", "content": "2"}, {"uid": "2698568", "content": "2"}, {"uid": "174995", "content": "2"}, {"uid": "62215765", "content": "2"}, {"uid": "279365244", "content": "2"}, {"uid": "321376358", "content": "2"}, {"uid": "503914057", "content": "2"}, {"uid": "8595464", "content": "2"}, {"uid": "22543993", "content": "2"}, {"uid": "49341552", "content": "2"}, {"uid": "203302614", "content": "2"}, {"uid": "143709180", "content": "2"}, {"uid": "3321676", "content": "1"}, {"uid": "38025839", "content": "1"}, {"uid": "6094084", "content": "2"}, {"uid": "7256280", "content": "2"}, {"uid": "266703414", "content": "2"}, {"uid": "8284785", "content": "1"}, {"uid": "34726253", "content": "1"}, {"uid": "233881222", "content": "2"}, {"uid": "188522675", "content": "2"}, {"uid": "162195405", "content": "2"}, {"uid": "22529660", "content": "2"}, {"uid": "13816148", "content": "2"}, {"uid": "233909189", "content": "2"}, {"uid": "66636769", "content": "2"}, {"uid": "15599866", "content": "2"}, {"uid": "255798222", "content": "2"}, {"uid": "21852829", "content": "2"}, {"uid": "404485550", "content": "2"}, {"uid": "7159813", "content": "2"}, {"uid": "379256633", "content": "2"}, {"uid": "1961402", "content": "2"}, {"uid": "247953052", "content": "2"}, {"uid": "33529213", "content": "2"}, {"uid": "356337470", "content": "2"}, {"uid": "32878480", "content": "2"}, {"uid": "15733751", "content": "2"}, {"uid": "2958738", "content": "2"}, {"uid": "167198595", "content": "2"}, {"uid": "3495534", "content": "2"}, {"uid": "2019011", "content": "2"}, {"uid": "19743262", "content": "2"}, {"uid": "4950255", "content": "2"}, {"uid": "111605330", "content": "2"}, {"uid": "32943733", "content": "2"}, {"uid": "6086212", "content": "2"}, {"uid": "21853443", "content": "2"}, {"uid": "23282601", "content": "2"}, {"uid": "34363794", "content": "2"}, {"uid": "776797", "content": "1"}, {"uid": "16171733", "content": "2"}, {"uid": "2486123", "content": "2"}, {"uid": "114671542", "content": "2"}, {"uid": "17240921", "content": "2"}, {"uid": "349681326", "content": "2"}, {"uid": "15567746", "content": "2"}, {"uid": "5724605", "content": "哈哈哈哈哈哈"}, {"uid": "79526218", "content": "憨憨哈哈哈憨憨"}]