[{"uid": "12909978", "content": "正在使用凤梨治疗包"}, {"uid": "1559331", "content": "好快的润"}, {"uid": "1559331", "content": "同样的剧情反复上演"}, {"uid": "3162178", "content": "？？？"}, {"uid": "645471253", "content": "不换个弹就冲"}, {"uid": "483733131", "content": "众所周知，把打架的人打死就会起到劝架的作用"}, {"uid": "491949451", "content": "愈发熟练的屑前辈"}, {"uid": "439024658", "content": "大快人心（doge）"}, {"uid": "439024658", "content": "这个转场酷啊"}, {"uid": "439024658", "content": "屑前辈（doge）"}, {"uid": "2811467", "content": "又润"}, {"uid": "22599", "content": "求bgm"}, {"uid": "1329138619", "content": "2"}, {"uid": "1343103082", "content": "物理劝架"}, {"uid": "3532446", "content": "又菜又爱玩"}, {"uid": "22765357", "content": "？笑得括约肌痛？？"}, {"uid": "149486326", "content": "猫狗组kdl"}, {"uid": "409540159", "content": "草"}, {"uid": "85569914", "content": "一针给自己戳死了可还行（）"}, {"uid": "5338025", "content": "《还是喜欢打架》"}, {"uid": "4766935", "content": "2"}, {"uid": "359935699", "content": "1"}, {"uid": "341767224", "content": "2"}, {"uid": "81614168", "content": "开大跑路"}, {"uid": "7550040", "content": "2"}, {"uid": "353298290", "content": "1"}, {"uid": "97947735", "content": "1"}, {"uid": "252658296", "content": "1"}, {"uid": "1542245", "content": "1"}, {"uid": "34527205", "content": "2"}, {"uid": "3005134", "content": "2"}, {"uid": "8546868", "content": "1"}, {"uid": "11567573", "content": "1"}, {"uid": "85817651", "content": "1"}, {"uid": "10911420", "content": "1"}, {"uid": "86716506", "content": "2"}, {"uid": "513444977", "content": "2"}, {"uid": "11733815", "content": "2"}, {"uid": "28795224", "content": "2"}, {"uid": "228910136", "content": "2"}, {"uid": "6034085", "content": "2"}, {"uid": "10063429", "content": "1"}, {"uid": "18132661", "content": "1"}, {"uid": "13259173", "content": "2"}, {"uid": "23036279", "content": "1"}, {"uid": "291213119", "content": "2"}, {"uid": "18755841", "content": "1"}, {"uid": "81841601", "content": "1"}, {"uid": "285223970", "content": "1"}, {"uid": "18472168", "content": "1"}, {"uid": "291098379", "content": "1"}, {"uid": "102207", "content": "1"}, {"uid": "6473948", "content": "1"}, {"uid": "263769574", "content": "1"}, {"uid": "12976291", "content": "2"}, {"uid": "184549920", "content": "1"}, {"uid": "248821835", "content": "1"}, {"uid": "27633126", "content": "1"}, {"uid": "946813", "content": "2"}, {"uid": "8482246", "content": "1"}, {"uid": "57920865", "content": "1"}, {"uid": "23373910", "content": "2"}, {"uid": "143709180", "content": "2"}, {"uid": "338239866", "content": "1"}, {"uid": "6474580", "content": "2"}, {"uid": "4919144", "content": "2"}, {"uid": "6643223", "content": "2"}, {"uid": "4398325", "content": "1"}, {"uid": "20344913", "content": "1"}, {"uid": "288790921", "content": "1"}, {"uid": "346216023", "content": "1"}, {"uid": "35407696", "content": "1"}, {"uid": "2757503", "content": "2"}, {"uid": "17240921", "content": "2"}, {"uid": "17094306", "content": "1"}, {"uid": "42829852", "content": "2"}, {"uid": "62841735", "content": "1"}, {"uid": "14910449", "content": "2"}, {"uid": "244208129", "content": "、、、、"}, {"uid": "12506275", "content": "“劝架”"}, {"uid": "101261650", "content": "标题不对劲儿"}, {"uid": "23230504", "content": "？？？？"}, {"uid": "348901318", "content": "？？？？"}, {"uid": "150419342", "content": "开始怪起来了"}, {"uid": "94862705", "content": "？？"}, {"uid": "7916556", "content": "？？？"}, {"uid": "281462088", "content": "？？？"}, {"uid": "450780625", "content": "？"}, {"uid": "10541680", "content": "？"}, {"uid": "30431934", "content": "？"}]