[{"uid": "12688541", "content": "快停下!你把大哥吹死啦!"}, {"uid": "12416023", "content": "脑髓吸食者"}, {"uid": "35416421", "content": "现在走还来得及"}, {"uid": "44432566", "content": "？？"}, {"uid": "438860493", "content": "草"}, {"uid": "6036414", "content": "唢呐倒吸风"}, {"uid": "29527774", "content": "mua"}, {"uid": "28676459", "content": "拉链？"}, {"uid": "8287872", "content": "草"}, {"uid": "12416023", "content": "草"}, {"uid": "9448798", "content": "草"}, {"uid": "434092796", "content": "？？？？"}, {"uid": "4799339", "content": "？"}, {"uid": "8227075", "content": "害怕"}, {"uid": "162966413", "content": "???"}, {"uid": "476209268", "content": "草"}]