[{"uid": "50887489", "content": "数据给你备份到头盔里了"}, {"uid": "5951642", "content": "泪目"}, {"uid": "5951642", "content": "呜呜呜"}, {"uid": "34562048", "content": "雷姆"}, {"uid": "51896751", "content": "这里不选好像会有彩蛋"}, {"uid": "5507486", "content": "还好我暂停保住了BT"}, {"uid": "59363444", "content": "BT VR出道"}, {"uid": "22995675", "content": "能，但没法把你扔出来了"}, {"uid": "33406988", "content": "俺也一样"}, {"uid": "515557428", "content": "最后BT把核心弹射出去了"}, {"uid": "515557428", "content": "其实你们认真看他在最后把核心弹射出去了"}, {"uid": "515557428", "content": "完了又玩哭一位铁驭"}, {"uid": "13119058", "content": "超级加倍"}, {"uid": "268232526", "content": "就像是刚做鼻拭子一样"}, {"uid": "5416731", "content": "好家伙 怪话小王子是吧"}, {"uid": "1644574828", "content": "去PVP见他吧你"}, {"uid": "2658192", "content": "233"}, {"uid": "582439240", "content": "bt：那我走?"}, {"uid": "84113071", "content": "黑匣子"}, {"uid": "25041741", "content": "您这是得多懒呀，好早前的直播了，现在才切片"}, {"uid": "6992479", "content": "那你赔它一起去喽"}, {"uid": "3121350", "content": "很难不同意"}, {"uid": "289091135", "content": "先锋级泰坦机身好像没了"}, {"uid": "341670275", "content": "见泰坦陨落进"}, {"uid": "9590025", "content": "bt被玩坏了（悲）"}, {"uid": "4644408", "content": "他们后来给我换了一台新的泰坦，可我还是喜欢旧的那台"}, {"uid": "34562048", "content": "蕾姆"}, {"uid": "603787291", "content": "可能"}, {"uid": "603787291", "content": "BT是男的我们都把她当兄弟"}, {"uid": "179612409", "content": "不要伤心其实有彩蛋暗示的，bt没死"}, {"uid": "10021251", "content": "hhhhh"}, {"uid": "2990694", "content": "憋得难受"}, {"uid": "314147984", "content": "能"}, {"uid": "11853147", "content": "有，有完整录播吗"}, {"uid": "582439240", "content": "那我走?"}, {"uid": "2037681400", "content": "死啦，都是你害的"}]