[{"uid": "7916556", "content": "什么大导演发言"}, {"uid": "7916556", "content": "好能说啊草"}, {"uid": "7916556", "content": "好懂哦"}, {"uid": "54792887", "content": "不应该是双头龙吗"}, {"uid": "31456630", "content": "有机会捏"}, {"uid": "2811467", "content": "你有把柄？"}, {"uid": "26598345", "content": "起头！"}, {"uid": "161031228", "content": "歌里全是感情"}, {"uid": "44483758", "content": "勾导剪辑版"}, {"uid": "38074249", "content": "草"}, {"uid": "6336201", "content": "好家伙"}, {"uid": "15524745", "content": "双头龙大没伤害"}, {"uid": "670825110", "content": "不一定能养gachi，但可以养个嘎嘎"}, {"uid": "3546807", "content": "？"}, {"uid": "36880779", "content": "2345678"}, {"uid": "16796381", "content": "全是感情"}, {"uid": "286630242", "content": "喝假酒了？"}, {"uid": "3066247", "content": "笑死"}, {"uid": "47293924", "content": "哈哈哈哈哈哈哈哈哈哈"}, {"uid": "24739403", "content": "不至于不至于"}, {"uid": "92901099", "content": "这位是真没少看啊..."}, {"uid": "102642739", "content": "我是礼貌的魔鬼~"}, {"uid": "35068151", "content": "代表作品是吧"}, {"uid": "11690600", "content": "给个链接"}, {"uid": "44230248", "content": "此段全是感情，没有技巧"}, {"uid": "12312798", "content": "2345678(打一视频平台)"}, {"uid": "1542245", "content": "？给个链接"}, {"uid": "8287872", "content": "2345678"}, {"uid": "286517710", "content": "你好勇啊"}, {"uid": "297182481", "content": "回收开头"}, {"uid": "3066247", "content": "唱的还挺准"}, {"uid": "12312728", "content": "来了"}, {"uid": "316254094", "content": "这是咋了？"}, {"uid": "24739403", "content": "草"}, {"uid": "488371", "content": "？"}, {"uid": "68377614", "content": "91就离谱？%"}, {"uid": "455214293", "content": "91????"}, {"uid": "38074249", "content": "？"}, {"uid": "6119188", "content": "不至于"}, {"uid": "38751864", "content": "前方请调小音量"}, {"uid": "286517710", "content": "全是感情"}, {"uid": "13936795", "content": "？"}, {"uid": "297182481", "content": "？"}, {"uid": "7916556", "content": "草"}, {"uid": "7916556", "content": "？？？"}, {"uid": "521083531", "content": "？？？"}, {"uid": "541676563", "content": "就这样被送走了"}, {"uid": "6336201", "content": "？？？？"}, {"uid": "1343103082", "content": "2345678"}, {"uid": "8120", "content": "一个魂儿是吧"}, {"uid": "35761017", "content": "114514"}, {"uid": "2990694", "content": "？"}, {"uid": "326790", "content": "双头龙"}, {"uid": "37176305", "content": "草"}, {"uid": "26750055", "content": "草"}, {"uid": "6119188", "content": "？"}, {"uid": "8353332", "content": "好"}, {"uid": "289215", "content": "虚拟张鹤伦"}, {"uid": "8159881", "content": "8"}, {"uid": "6336201", "content": "真有你的啊"}, {"uid": "2931874", "content": "?"}, {"uid": "11881909", "content": "？？？"}, {"uid": "3532446", "content": "网络乞讨是吧"}]