[{"uid": "286419689", "content": "不是还这叫送给你 "}, {"uid": "483193387", "content": "“还给我”"}, {"uid": "177923901", "content": "队友：你拿紫甲干这事？"}, {"uid": "95778228", "content": "已经玩腻了（"}, {"uid": "168176520", "content": "给予牛头人正义的铁拳！"}, {"uid": "276315", "content": "这何尝不是一场NTR"}, {"uid": "22353204", "content": "嗦大哟（无慈悲）"}, {"uid": "24662705", "content": "纯爱大胜利"}, {"uid": "6782340", "content": "正 义 执 行"}, {"uid": "7916556", "content": "草"}, {"uid": "108147050", "content": "牛头人的终结"}, {"uid": "21940580", "content": "牛头人之死"}, {"uid": "220754209", "content": "差点给我送走。。。"}, {"uid": "30995598", "content": "好"}, {"uid": "32962770", "content": "舔我的指甲"}, {"uid": "449555274", "content": "有的人走着走着就没了"}, {"uid": "8207213", "content": "热水烧开了"}, {"uid": "276156432", "content": "草"}, {"uid": "417368235", "content": "ntr震怒"}, {"uid": "22235060", "content": "是别人的终究还是别人的"}, {"uid": "362195863", "content": "这一嗓子……猝不及防"}, {"uid": "8287872", "content": "哈哈哈"}, {"uid": "50780987", "content": "这一嗓子没破音"}, {"uid": "5833488", "content": "ohhhhhh"}, {"uid": "107414575", "content": "草哈哈哈哈哈哈哈哈"}, {"uid": "11624146", "content": "是的（速答）"}, {"uid": "8394229", "content": "双头龙"}, {"uid": "291709147", "content": "纯爱战士NB！"}, {"uid": "334439697", "content": "我出息了 "}, {"uid": "29289861", "content": "开幕雷击"}, {"uid": "107414575", "content": "草"}, {"uid": "286517710", "content": "牛头人不可取"}, {"uid": "284483820", "content": "在现场"}, {"uid": "4353879", "content": "这又何尝不是ntr"}, {"uid": "148174077", "content": "用完了"}, {"uid": "2523496", "content": "这波啊，这边"}, {"uid": "7655359", "content": "当面NTR，好！"}, {"uid": "13878407", "content": "耳膜！我的耳膜！"}, {"uid": "292547", "content": "物归原主罢了"}, {"uid": "363725077", "content": "我出息了7分钟"}, {"uid": "5027019", "content": "草"}, {"uid": "3225970", "content": "牛"}, {"uid": "2004492664", "content": "好人啊"}, {"uid": "26750055", "content": "草"}, {"uid": "286517710", "content": "ntr"}, {"uid": "348901318", "content": "草"}, {"uid": "348901318", "content": "？？？？"}, {"uid": "437336000", "content": "啊这"}, {"uid": "45557549", "content": "草"}, {"uid": "122775098", "content": "？？？？？"}, {"uid": "355692541", "content": "牛  头  人  的  末  路"}]