[{"uid": "433402273", "content": "1.5倍有东西"}, {"uid": "110790246", "content": "tql 给跪了"}, {"uid": "38040035", "content": "新皮肤？啥时候换上？"}, {"uid": "547349209", "content": "我感觉应该换成炎柱大哥。这样总感觉少了点儿啥。"}, {"uid": "8918512", "content": "帅啊！！！"}, {"uid": "181868807", "content": "好康"}, {"uid": "181868807", "content": "绘绘！"}, {"uid": "3394621", "content": "差点以为是爱剪辑警告"}, {"uid": "477932537", "content": "姐姐好帅！"}, {"uid": "34307003", "content": "好耶是绘绘"}, {"uid": "11822560", "content": "(ノ≧∇≦)ノ绘绘(ノ≧∇≦)ノ绘绘(ノ≧∇≦)ノ绘绘"}, {"uid": "477932537", "content": "\\绘绘/\\绘绘/\\绘绘/\\绘绘/\\绘绘/\\绘绘/"}]