[{"uid": "687224062", "content": "请以实物为准谢谢！请勿虚假宣传！"}, {"uid": "349199168", "content": "？"}, {"uid": "628662254", "content": "图片仅供参考，请以实物为准[doge]"}, {"uid": "106373024", "content": "还电眼"}, {"uid": "501458165", "content": "图片仅供参考"}, {"uid": "208198159", "content": "《主 动 请 缨 》"}, {"uid": "490507132", "content": "片哥认证直播间《防伪标识》"}, {"uid": "3933996", "content": "《片哥们的心尖宠》"}, {"uid": "512233881", "content": "好耶！"}, {"uid": "12946581", "content": "还不快多谢片哥？"}, {"uid": "81237099", "content": "就离谱"}, {"uid": "34307003", "content": "好耶"}]