[{"uid": "401400373", "content": "¿?¿"}, {"uid": "454184884", "content": "咕噜噜噜"}, {"uid": "74173597", "content": "？"}, {"uid": "443610176", "content": "？？"}, {"uid": "443610176", "content": "？"}, {"uid": "187699030", "content": "原来你也好这口"}, {"uid": "187699030", "content": "你怎么这么懂啊"}, {"uid": "1311785319", "content": "我直接放个更臭的教他做人【doge】"}, {"uid": "473409494", "content": "大"}, {"uid": "82598392", "content": "？？？？？"}, {"uid": "3394621", "content": "萌混过关？"}, {"uid": "3394621", "content": "拉链可太形象了"}, {"uid": "443610176", "content": "？？"}]