[{"uid": "57007759", "content": "不会的，我已经看过一个了"}, {"uid": "49682224", "content": "不是需要氧气瓶吗"}, {"uid": "25219465", "content": "哈哈哈哈"}, {"uid": "350891430", "content": "顺便超度了"}, {"uid": "2110662241", "content": "怎么没味呀！！！！"}, {"uid": "660213573", "content": "不是，之前有一个感谢送礼物差点断气"}, {"uid": "157830215", "content": "这口水怎么没味道（"}, {"uid": "2912902", "content": "强行超度"}, {"uid": "476769357", "content": "完了"}, {"uid": "476769357", "content": "哦豁"}, {"uid": "100721955", "content": "这白开水怎么没味啊"}, {"uid": "202698181", "content": "给我超度了"}, {"uid": "28950699", "content": "这白开水怎么没味啊"}, {"uid": "514123445", "content": "这白开水怎么没味儿啊～～～"}, {"uid": "410284136", "content": "确 实"}, {"uid": "3394621", "content": "感觉得到绘绘已经要断气了"}, {"uid": "662223750", "content": "在现场"}, {"uid": "629000105", "content": "口水有味道吗"}, {"uid": "34307003", "content": "氧 气 中 毒"}, {"uid": "99227259", "content": "七小时，热乎"}, {"uid": "3394621", "content": "阿巴阿巴阿巴"}, {"uid": "426223589", "content": "hhhh"}, {"uid": "410284136", "content": "超级赛亚人4"}, {"uid": "662223750", "content": "在现场"}]