[{"uid": "23081776", "content": "太棒了，欸嘿嘿"}, {"uid": "23081776", "content": "大猫猫姐姐可爱"}, {"uid": "5772738", "content": "老板:胡说！喜欢的不得了"}, {"uid": "2434237", "content": "这张图好看唉"}, {"uid": "354293575", "content": "神龙v出现了"}, {"uid": "3394621", "content": "好白的猫"}, {"uid": "1828506816", "content": "okle"}, {"uid": "5843406", "content": "适合打拳击（错乱）"}, {"uid": "34307003", "content": "好大的猫"}, {"uid": "354293575", "content": "bt竟在我身边——bt竟是我自己？"}, {"uid": "354293575", "content": "心脏停跳了那么一瞬间"}, {"uid": "1814648", "content": "老魔法师的魔法那能叫魔法吗（捂脸）"}, {"uid": "354293575", "content": "？？？"}, {"uid": "1814648", "content": "诶那这样魔法师真的大有问题"}, {"uid": "235617022", "content": "草"}, {"uid": "181868807", "content": "变态竟在我身边"}, {"uid": "23013078", "content": "魔法小饼干"}, {"uid": "414766658", "content": "我就是变态！"}, {"uid": "11196556", "content": "不，我就是变态！"}, {"uid": "112160", "content": "我当然选4拉"}, {"uid": "159634439", "content": "到了30岁还是处男，似乎会变成魔法师"}, {"uid": "112160", "content": "不，你叫大铃久绘，是只大白猫（狗头"}, {"uid": "60267537", "content": "妈妈，我被一只猫撩了"}, {"uid": "60267537", "content": "你太绘了"}, {"uid": "60267537", "content": "dd们都是魔法师"}, {"uid": "60267537", "content": "迷糊的原因找到了"}, {"uid": "430522", "content": "这三分钟的信息量也太多了"}, {"uid": "181868807", "content": "暂停看内容"}, {"uid": "60267537", "content": "结婚！"}, {"uid": "60267537", "content": "我闻到了，能让我舔一舔吗"}, {"uid": "60267537", "content": "这个蛋糕吃下去真的不要紧吗"}, {"uid": "99227259", "content": "让人无法直视的大小……"}, {"uid": "629850909", "content": "好大的……"}, {"uid": "235617022", "content": "盆哈哈哈哈"}, {"uid": "60267537", "content": "原来我是变态"}, {"uid": "5772738", "content": "给我变.jpg"}, {"uid": "23081776", "content": "prprprpr"}, {"uid": "5772738", "content": "好家伙"}, {"uid": "24272650", "content": "啊 太涩了"}, {"uid": "1828506816", "content": "可愛可愛"}, {"uid": "1828506816", "content": "可愛い"}, {"uid": "19042194", "content": "？？？"}, {"uid": "235617022", "content": "awsl"}, {"uid": "235617022", "content": "斯哈斯哈"}, {"uid": "60267537", "content": "三连三连！！！"}, {"uid": "60267537", "content": "太棒了"}, {"uid": "60267537", "content": "好大。。。"}, {"uid": "60267537", "content": "我喜欢你，来我这里打工吧"}, {"uid": "629850909", "content": "好大"}, {"uid": "354293575", "content": "草"}, {"uid": "235617022", "content": "我就是！！"}, {"uid": "23013078", "content": "魔法小饼干！"}, {"uid": "112160", "content": "给我变！啊！？"}, {"uid": "1452357091", "content": "我就是变态的"}, {"uid": "1828506816", "content": "我的老婆"}, {"uid": "354293575", "content": "好耶"}, {"uid": "181868807", "content": "wwww"}, {"uid": "15282277", "content": "好Q弹阿"}]