[{"uid": "415382982", "content": "很抱歉以这种方式认识你"}, {"uid": "162465486", "content": "七千换三十万，这波不亏"}, {"uid": "35394500", "content": "塞翁失马，焉知非福。"}, {"uid": "508525774", "content": "很高兴以这种方式认识你"}, {"uid": "509472246", "content": "很抱歉以这种方式认识你"}, {"uid": "33365638", "content": "很抱歉以这种方式认识你"}, {"uid": "389454867", "content": "很遗憾以这种方式认识你"}, {"uid": "199702080", "content": "并且还要打一棒子加个倍把我们变成失忆者是不是？"}, {"uid": "1237395294", "content": "七千多播放换23万播放很值啊"}, {"uid": "1006064357", "content": "23.6万换7000不亏"}, {"uid": "269524721", "content": "很遗憾以这种方式认识你"}, {"uid": "437584666", "content": "二十二万了，赌赢了，最强赌狗"}, {"uid": "480466702", "content": "很奇妙以这种方式认识你"}, {"uid": "480466702", "content": "很奇妙以这种方式认识你"}, {"uid": "480466702", "content": "以这种方式认识你我感觉很奇妙"}, {"uid": "445712205", "content": "这波不亏［狗头］"}, {"uid": "21400310", "content": "很开心以这种方式认识你"}, {"uid": "437691147", "content": "失    亿"}, {"uid": "56323385", "content": "投资鬼才，7千变成18.8w，这利润巴菲特都没你强"}, {"uid": "1478613167", "content": "7.15   18.5w"}, {"uid": "85462115", "content": "18.4了"}, {"uid": "404285265", "content": "很遗憾通过这种方式认识你"}, {"uid": "353483005", "content": "7千换17万，四舍五入赚了一个亿"}, {"uid": "478736085", "content": "抱歉这样认识你hhhhh"}, {"uid": "35137105", "content": "《跑没了。"}, {"uid": "214698790", "content": "很遗憾以这种方式认识你"}, {"uid": "90045642", "content": "很抱歉以这种方式认识你"}, {"uid": "40074965", "content": "舍不得孩子套不着狼现在15万了"}, {"uid": "522458994", "content": "十三万够了吗"}, {"uid": "549279244", "content": "锤平了你就富了"}, {"uid": "1144899119", "content": "很高兴以这种方式认识你"}, {"uid": "432008446", "content": "很高兴以这种方式认识你"}, {"uid": "503986189", "content": "从各种意义上来讲"}, {"uid": "666644063", "content": "投资鬼才13万"}, {"uid": "518342155", "content": "很抱歉以这样的方式认识你"}, {"uid": "476086872", "content": "很抱歉以这种方式认识你"}, {"uid": "501247760", "content": "很高兴用这种方式认识你"}, {"uid": "89543621", "content": "很高兴用这种方式认识你"}, {"uid": "7825834", "content": "很抱歉以这样的方式认识你哈哈哈哈哈"}, {"uid": "527723731", "content": "很高兴以这种方式认识你（）"}, {"uid": "35113396", "content": "接近十万了，这个最高"}, {"uid": "8564690", "content": "很高兴以这种方式关注你"}, {"uid": "101696886", "content": "很抱歉以这种方式认识你"}, {"uid": "85349216", "content": "好家伙，直接超级翻倍"}, {"uid": "604017593", "content": "很抱歉以这种方式认识你"}, {"uid": "81756795", "content": "7千换7万不亏"}, {"uid": "20338354", "content": "不要伤心，这条视频已经6万播放了/doge"}, {"uid": "480146766", "content": "十万播放了！！(doge)"}, {"uid": "296040377", "content": "投资鬼才"}, {"uid": "15690544", "content": "事实证明整活视频播放比较高"}, {"uid": "292078410", "content": "抛砖引玉，5万了"}, {"uid": "435474453", "content": "很遗憾这种方式认识你"}, {"uid": "629226062", "content": "很开心以这种方式认识你哈哈哈哈"}, {"uid": "2470863", "content": "首页来的，很遗憾以这种方式认识你（滑稽）"}, {"uid": "209005860", "content": "很遗憾这种方式认识你"}, {"uid": "422485465", "content": "我是看见高速咏唱进来的"}, {"uid": "39548276", "content": "跟遗憾以这种方式认识你"}, {"uid": "49783379", "content": "鸽势"}, {"uid": "85718366", "content": "这个也快7000了，超越历史，指日可待（"}, {"uid": "628202764", "content": "很抱歉以这种方式认识你"}, {"uid": "404082994", "content": "很抱歉以这种方式认识你"}, {"uid": "1421294251", "content": "七千换二十七点一万不亏。"}, {"uid": "424973256", "content": "很遗憾这种方式认识你"}, {"uid": "477582847", "content": "不亏，24.7万了"}, {"uid": "505106081", "content": "很抱歉以这种方式认识你"}, {"uid": "1302304762", "content": "很抱歉，以这种方式认识到你 "}, {"uid": "310058304", "content": "很抱歉以这种方式认识你"}, {"uid": "389204219", "content": "很高兴认识你"}, {"uid": "244529332", "content": "7000换20W不亏啊"}, {"uid": "8540019", "content": "很遗憾以这种方式认识你"}, {"uid": "429764889", "content": "19.8万了，马上20万了"}, {"uid": "445712205", "content": "没事，这个这个19.2w了［狗头］"}, {"uid": "519249268", "content": "快二十万了"}, {"uid": "425880005", "content": "7千换19万这波不亏"}, {"uid": "56323385", "content": "投资鬼才，"}, {"uid": "33147745", "content": "7k换16w不亏"}, {"uid": "392138787", "content": "这波啊，这波是献祭下位召唤上位"}, {"uid": "94367414", "content": "很遗憾以这种方式认识你"}, {"uid": "94346644", "content": "现在14.5你赚大了"}, {"uid": "1557087", "content": "怎么办？要不要夸夸你"}, {"uid": "638434674", "content": "12万够吗？孩子"}, {"uid": "497859220", "content": "emm~7000换11.9万不亏的呀"}, {"uid": "40796589", "content": "抛七千引十一万"}, {"uid": "423079238", "content": "很抱歉以这样的方式认识你"}, {"uid": "56455757", "content": "以小博大，不亏！"}, {"uid": "527723731", "content": "这图hso"}, {"uid": "407629985", "content": "然后这个视频成了你播放最高的"}, {"uid": "419045274", "content": "现在10万够了吗"}, {"uid": "517795092", "content": "9.6万贺电"}, {"uid": "384982947", "content": "这个光点赞都破万了"}, {"uid": "1254900699", "content": "七千换七万不亏"}, {"uid": "24165873", "content": "很抱歉以这种方式认识你"}, {"uid": "21460203", "content": "很抱歉以这种方式认识你"}, {"uid": "377927841", "content": "人在家，凌晨五点，笑出猪叫声"}, {"uid": "294867526", "content": "现在比七千多六w了"}, {"uid": "300034883", "content": "六万了不亏"}, {"uid": "261894315", "content": "上首页了别难过，值了"}, {"uid": "269927", "content": "恭喜你，凭借这个标题播放到4.7万了"}, {"uid": "35734263", "content": "三万二了，要旧的不去新的不来"}, {"uid": "299887697", "content": "现在dd都不听歌的（doge"}, {"uid": "224565809", "content": "很抱歉，以这种方式认识到你 "}, {"uid": "315866548", "content": "现在开始看，假如火了我就是老粉了"}, {"uid": "45939011", "content": "很遗憾以这种方式认识你"}, {"uid": "696172722", "content": "牛啊，献祭七千换取两万，这种法术已经失传很久了！"}, {"uid": "88949928", "content": "七千变1.7万不亏"}, {"uid": "5701539", "content": "没事现在这个是最高得了！"}, {"uid": "34307003", "content": "酒醉の猫猫"}, {"uid": "1456874400", "content": "28.7万，不亏不亏"}, {"uid": "30584738", "content": "已经翻了40多倍了"}, {"uid": "88813380", "content": "不用担心这条播放量已经过28万"}, {"uid": "299164646", "content": "很抱歉以这种方式认识你"}, {"uid": "353864399", "content": "二十六万了"}, {"uid": "455398655", "content": "变暴发户了"}, {"uid": "349194293", "content": "很抱歉以这样的方式认识你"}, {"uid": "34334715", "content": "很抱歉以这种方式认识你"}, {"uid": "297962002", "content": "24万了，不亏"}, {"uid": "537893450", "content": "已经23.2万了"}, {"uid": "669235613", "content": "7千换22.7万，赚了"}, {"uid": "516034877", "content": "七千换二十一万不亏"}, {"uid": "36996217", "content": "这个二十一万了"}, {"uid": "518427791", "content": "二十多万了不亏"}, {"uid": "66088811", "content": "4399哈哈哈哈"}, {"uid": "295258566", "content": "真的有这么大嘛，有的话我就关注了"}, {"uid": "410193851", "content": "现在快二十万了"}, {"uid": "496752834", "content": "七千换18万，不亏"}, {"uid": "493637929", "content": "十八点七万"}, {"uid": "516953803", "content": "up好可爱"}, {"uid": "394728069", "content": "很抱歉，以这种方式认识你"}, {"uid": "471725580", "content": "七千换十七万，不亏"}, {"uid": "243059213", "content": "现在15万了你可以删了"}, {"uid": "31539494", "content": "不慌，已经15万了"}, {"uid": "6490365", "content": "很抱歉用这种方式认识您"}, {"uid": "392138787", "content": "十四点六万了"}, {"uid": "183827755", "content": "七千换十四万，不亏"}, {"uid": "102720130", "content": "居然以这种方式认识你"}, {"uid": "389282743", "content": "看她笑的多开心啊"}, {"uid": "409555011", "content": "13.3万了，不亏"}, {"uid": "595533179", "content": "十二万了"}, {"uid": "8564690", "content": "涨粉速度因为这个视频起飞了"}, {"uid": "2103338136", "content": "很抱歉以这种方式认识你"}, {"uid": "489021221", "content": "没事没事这个10.2万了"}, {"uid": "366014488", "content": "很抱歉以这种方式认识你"}, {"uid": "302460737", "content": "这个都9万了"}, {"uid": "481301416", "content": "没事没事，这个8.9万了。"}, {"uid": "24082028", "content": "你这个有8.6万播放了"}, {"uid": "6252434", "content": "哈哈哈哈哈哈哈哈哈哈还哈哈"}, {"uid": "40852530", "content": "八万了"}, {"uid": "400278232", "content": "七千献祭掉换来了七万的播放牛啊牛啊"}, {"uid": "182552945", "content": "带预言家"}, {"uid": "1206464918", "content": "4399……挺吉利啊"}, {"uid": "74458019", "content": "四点一万了。。。"}, {"uid": "351813400", "content": "3.9W了"}, {"uid": "6549319", "content": "好了，别急，现在3.5w了"}, {"uid": "23093492", "content": "三万了！"}, {"uid": "683459801", "content": "当场脑淤血"}, {"uid": "439024658", "content": "新人就喜欢看这个（doge）"}, {"uid": "439024658", "content": "经过一天这个视频1.4w了"}, {"uid": "34307003", "content": "目力猫猫"}, {"uid": "165439782", "content": "不亏"}, {"uid": "27792000", "content": "我们联合"}, {"uid": "494318693", "content": "29万了，不亏"}, {"uid": "67212432", "content": "26.9万贺电"}, {"uid": "179840556", "content": "二十五万了"}, {"uid": "1468758", "content": "7千换24.8万不亏～"}, {"uid": "174672805", "content": "二十四万六嘞"}, {"uid": "167434433", "content": "24.3w了不亏"}, {"uid": "589621276", "content": "现在24万，不亏"}, {"uid": "430082890", "content": "24万了，不亏"}, {"uid": "101734041", "content": "七千换23万"}, {"uid": "162554016", "content": "很抱歉以这种方式认识你"}, {"uid": "526014905", "content": "23.1万了，不亏"}, {"uid": "514571660", "content": "23万够了吗"}, {"uid": "342037238", "content": "七千换二十万不亏"}, {"uid": "490554327", "content": "7000换21万不亏"}, {"uid": "325829769", "content": "21w了"}, {"uid": "513913124", "content": "20.4万了"}, {"uid": "34298256", "content": "19.8万了"}, {"uid": "402708086", "content": "七千换19.5，不亏"}, {"uid": "452317657", "content": "十九万了"}, {"uid": "38746657", "content": "7千换19万不亏"}, {"uid": "493637929", "content": "十八点七万"}, {"uid": "450661081", "content": "抱歉 很高兴以这种方式认识你"}, {"uid": "450661081", "content": "换16·5万赚飞"}, {"uid": "78157366", "content": "这个16w了"}, {"uid": "587081480", "content": "꒰ঌ(˚ᆺ˚)໒꒱"}, {"uid": "3127348", "content": "没事，这个14w了"}, {"uid": "153012746", "content": "那个脸放大我要笑死了"}, {"uid": "599375609", "content": "这个视频已经是12万了"}, {"uid": "110763318", "content": "哈哈哈哈哈哈哈哈哈"}, {"uid": "228194170", "content": "十万了"}, {"uid": "295924470", "content": "这个视频10万，woc"}, {"uid": "436092108", "content": "已经十几万了"}, {"uid": "576661024", "content": "七千换十点二万"}, {"uid": "1209968037", "content": "10.1万可以呀。"}, {"uid": "451611854", "content": "9.8万了"}, {"uid": "99851817", "content": "9w(●°u°●)​ 」"}, {"uid": "122126176", "content": "不不不，新人就是这样被你吸引过来的"}, {"uid": "419059158", "content": "现在6万了"}, {"uid": "5791350", "content": "4399草"}, {"uid": "20340847", "content": "6.2w了"}, {"uid": "1384337875", "content": "现在都5.9万播放了不要要求那么多啊"}, {"uid": "302135615", "content": "现在有了一个新的"}, {"uid": "470616633", "content": "这个2.4w了"}, {"uid": "11958034", "content": "这个1.4万了"}, {"uid": "27969670", "content": "这个都八千多了"}, {"uid": "400328301", "content": "已经过七千了"}, {"uid": "40466448", "content": "哈哈哈哈"}, {"uid": "1560650348", "content": "不亏，28万了"}, {"uid": "499325389", "content": "首页通知书"}, {"uid": "30584738", "content": "这下直接鼎盛期"}, {"uid": "240192904", "content": "27万了"}, {"uid": "598573339", "content": "二十七万够不够"}, {"uid": "593395600", "content": "270000勒"}, {"uid": "286293626", "content": "26.8万了"}, {"uid": "497734319", "content": "二十六万了"}, {"uid": "265986363", "content": "上首页了，24.6w了"}, {"uid": "316391309", "content": "二十二万了"}, {"uid": "472317931", "content": "22.7万，不亏"}, {"uid": "14225071", "content": "7千换22.7万不亏"}, {"uid": "3233695", "content": "很抱歉这样的方式认识你"}, {"uid": "516307699", "content": "有点可怜，给你个币"}, {"uid": "295258566", "content": "没事，这个19.7w"}, {"uid": "456169534", "content": "19万，1币支持"}, {"uid": "488420443", "content": "不亏"}, {"uid": "1286098756", "content": "恭喜目前17.4万播放。"}, {"uid": "106132017", "content": "因为up很笨亚子，关注三连走一波"}, {"uid": "49682224", "content": "芜湖，起飞"}, {"uid": "482210125", "content": "15.9w不亏"}, {"uid": "37987871", "content": "十五万贺电"}, {"uid": "407377458", "content": "十四万了哦"}, {"uid": "91916802", "content": "笨比2333"}, {"uid": "1088363253", "content": "不亏啊，这都13万了"}, {"uid": "489665077", "content": "一万了一万了"}, {"uid": "99042192", "content": "13W！！"}, {"uid": "122121316", "content": "已经12.5w了"}, {"uid": "588761671", "content": "现在11w了"}, {"uid": "490507132", "content": "没事，已经11万了"}, {"uid": "34166451", "content": "十万了！"}, {"uid": "22944934", "content": "快十万了"}, {"uid": "40769920", "content": "9.4万"}, {"uid": "451812041", "content": "九万了"}, {"uid": "499915725", "content": "9.2万了"}, {"uid": "490127449", "content": "九万了"}, {"uid": "92122205", "content": "就凭这个OP，我关注了"}, {"uid": "520821784", "content": "这个有七万了"}, {"uid": "342205887", "content": "很抱歉以这种遗憾的方式认识你"}, {"uid": "669481314", "content": "这个五万了"}, {"uid": "472568177", "content": "现在是4.2w了"}, {"uid": "114103542", "content": "/remake"}, {"uid": "472714121", "content": "3.6万了"}, {"uid": "645764004", "content": "这个2.5万诶"}, {"uid": "34040714", "content": "这个一万八"}, {"uid": "7418806", "content": "现在这个是最多咯"}, {"uid": "64901310", "content": "太惨了，"}, {"uid": "88755478", "content": "好耶(✪▽✪)"}, {"uid": "518024454", "content": "29.7万"}, {"uid": "7692911", "content": "不亏"}, {"uid": "496176898", "content": "不亏27w"}, {"uid": "481976083", "content": "七千变26.4万。。。"}, {"uid": "1269828582", "content": "25.9万了"}, {"uid": "244418948", "content": "7000换22万"}, {"uid": "355428318", "content": "22.6万了"}, {"uid": "259513821", "content": "22.4W了……"}, {"uid": "75476706", "content": "21.6万了"}, {"uid": "498631790", "content": "二十一万了"}, {"uid": "293926779", "content": "不亏啊"}, {"uid": "436293913", "content": "上主页了"}, {"uid": "36203575", "content": "4399yyds"}, {"uid": "625161218", "content": "开幕雷击"}, {"uid": "417866470", "content": "7000换17万。"}, {"uid": "417788707", "content": "十七万了"}, {"uid": "550283593", "content": "17万够了吧"}, {"uid": "11961091", "content": "7千换16.6w不亏"}, {"uid": "521764393", "content": "16.5万了"}, {"uid": "1617490625", "content": "15.7万贺电"}, {"uid": "697013585", "content": "15W够了不"}, {"uid": "44455933", "content": "14.4w了"}, {"uid": "23693284", "content": "以7000换13万"}, {"uid": "510815154", "content": "13.4万了"}, {"uid": "1556086462", "content": "可怜，我给个三连"}, {"uid": "495384830", "content": "现在13.1万了"}, {"uid": "389814803", "content": "上主页推荐了"}, {"uid": "522497111", "content": "12.8万"}, {"uid": "193353646", "content": "12.6w贺电"}, {"uid": "521885502", "content": "这个12万了"}, {"uid": "381258235", "content": "十万了"}, {"uid": "5978720", "content": "十万了"}, {"uid": "482823715", "content": "十万了"}, {"uid": "1824395857", "content": "十万了"}, {"uid": "384982947", "content": "这个9万6了"}, {"uid": "7418806", "content": "已经快八万了"}, {"uid": "351813882", "content": "刀了刀了"}, {"uid": "61441533", "content": "快8万了"}, {"uid": "38655286", "content": "7万了"}, {"uid": "36758545", "content": "7千换7万"}, {"uid": "456668582", "content": "6w了"}, {"uid": "395200038", "content": "快六万了"}, {"uid": "499433177", "content": "这个视频5.5万了"}, {"uid": "587081480", "content": "✿✿ヽ(°▽°)ノ✿"}, {"uid": "315111522", "content": "4万了"}, {"uid": "199678334", "content": "3.4w了"}, {"uid": "412798809", "content": "一万七了"}, {"uid": "184752", "content": "八千了！"}, {"uid": "481536735", "content": "已有7000！"}, {"uid": "504195158", "content": "很抱歉以这种防晒"}, {"uid": "336040907", "content": "很抱歉以这种方式认识你"}, {"uid": "32872147", "content": "4399草"}, {"uid": "34307003", "content": "妙啊"}, {"uid": "511080170", "content": "29万了"}, {"uid": "404082994", "content": "26.8万"}, {"uid": "2022995470", "content": "28.9万了"}, {"uid": "226130475", "content": "28万了..."}, {"uid": "397047999", "content": "26.8万"}, {"uid": "663185945", "content": "26万"}, {"uid": "1269828582", "content": "25.9了"}, {"uid": "764459626", "content": "25万了，原来大家都爱看这些吗"}, {"uid": "99697605", "content": "24w了"}, {"uid": "80538003", "content": "23.7万贺电"}, {"uid": "500290351", "content": "23.1了"}, {"uid": "258606502", "content": "22万"}, {"uid": "635791556", "content": "22万。。。。"}, {"uid": "695472973", "content": "七千多万"}, {"uid": "269034720", "content": "22.2w了，不亏"}, {"uid": "92960612", "content": "现在22万了"}, {"uid": "24806191", "content": "换了个21万的"}, {"uid": "401382600", "content": "现在21.3w了"}, {"uid": "26047000", "content": "21.3万了"}, {"uid": "44699782", "content": "20万了"}, {"uid": "187618365", "content": "20.4万了"}, {"uid": "27113779", "content": "已经20万了"}, {"uid": "525414589", "content": "19万了"}, {"uid": "85958312", "content": "快20万了，塞翁失马啊"}, {"uid": "520792076", "content": "朋友18万了"}, {"uid": "439343371", "content": "18.4w"}, {"uid": "668145110", "content": "已经17.7万了"}, {"uid": "1932091166", "content": "现在已经17万了"}, {"uid": "1301182", "content": "15万播放了   什么时候再删一下这个？"}, {"uid": "475391611", "content": "已经15万4了"}, {"uid": "505058195", "content": "7000换14万不亏"}, {"uid": "216168893", "content": "13.4w了"}, {"uid": "456656081", "content": "这个已经12万"}, {"uid": "56017503", "content": "12.3"}, {"uid": "630327063", "content": "12.3w"}, {"uid": "80624306", "content": "11万了，别又删了"}, {"uid": "490507132", "content": "12万了"}, {"uid": "70877419", "content": "_11万了。"}, {"uid": "18229544", "content": "现在10.8W了"}, {"uid": "437779981", "content": "啊，恭喜啊"}, {"uid": "490507132", "content": "5万了"}, {"uid": "473543326", "content": "4.1w"}, {"uid": "14362315", "content": "4万了"}, {"uid": "37055", "content": "可以啊"}, {"uid": "296682897", "content": "此视频已过2万。"}, {"uid": "106135798", "content": "没事没事，已经1.7万了"}, {"uid": "510686322", "content": "一万四"}, {"uid": "96871003", "content": "已经1万1了"}, {"uid": "449040451", "content": "这个马上七千了"}, {"uid": "3394621", "content": "真是个笨女人呐"}, {"uid": "67950426", "content": "为啥我的推荐都是种类型啊？"}, {"uid": "404082994", "content": "28.6万"}, {"uid": "165137409", "content": "炒作"}, {"uid": "1857135305", "content": "二十七万了"}, {"uid": "1304964136", "content": "27.7万了。"}, {"uid": "282934090", "content": "26.8W"}, {"uid": "32542254", "content": "26万了"}, {"uid": "406294908", "content": "26.2万了"}, {"uid": "195571271", "content": "26万"}, {"uid": "297607796", "content": "25.7w"}, {"uid": "525210915", "content": "4399好耶"}, {"uid": "522466601", "content": "25.5"}, {"uid": "453640663", "content": "25.1了"}, {"uid": "220757933", "content": "24.8w"}, {"uid": "390087530", "content": "24.4了"}, {"uid": "51275648", "content": "23.4万"}, {"uid": "497354351", "content": "23.2W了"}, {"uid": "19532559", "content": "22.9了"}, {"uid": "361354439", "content": "不亏"}, {"uid": "574678323", "content": "已经过20万了"}, {"uid": "8540019", "content": "你视频呢？"}, {"uid": "637390167", "content": "20万贺电"}, {"uid": "1163169118", "content": "20.7万了"}, {"uid": "478961238", "content": "19万了，尼玛"}, {"uid": "94754256", "content": "19.1"}, {"uid": "396683072", "content": "值"}, {"uid": "1558217660", "content": "17.2万"}, {"uid": "291232338", "content": "已经16.8w了"}, {"uid": "651463753", "content": "？"}, {"uid": "255763355", "content": "16万了"}, {"uid": "3646097", "content": "16w了"}, {"uid": "1513516296", "content": "14.2w了"}, {"uid": "483430838", "content": "14万了"}, {"uid": "388142369", "content": "12 w"}, {"uid": "14085247", "content": "12.7萬囉~"}, {"uid": "611141131", "content": "12.6W"}, {"uid": "360442686", "content": "好清奇的风格啊，对味"}, {"uid": "438314484", "content": "12.5w"}, {"uid": "9139629", "content": "11.8万了"}, {"uid": "323568278", "content": "10.9W了"}, {"uid": "1944725269", "content": "快10万了"}, {"uid": "301361865", "content": "9.4万"}, {"uid": "472905455", "content": "9.4w了"}, {"uid": "34924639", "content": "8万"}, {"uid": "524629958", "content": "7.9w了"}, {"uid": "475863477", "content": "已经七万了"}, {"uid": "277676792", "content": "献祭流"}, {"uid": "517295620", "content": "6.1万了"}, {"uid": "352024842", "content": "4万"}, {"uid": "631913946", "content": "3.3w了"}, {"uid": "15850136", "content": "30W了"}, {"uid": "56812229", "content": "26.9w了"}, {"uid": "595536266", "content": "25.8万"}, {"uid": "359720770", "content": "25.6w"}, {"uid": "504747302", "content": "25万了"}, {"uid": "351221", "content": "25.1w了"}, {"uid": "113909743", "content": "有人吗？"}, {"uid": "28045040", "content": "23万"}, {"uid": "652662568", "content": "22万了"}, {"uid": "344760521", "content": "22wl"}, {"uid": "489222759", "content": "22万了"}, {"uid": "399243", "content": "21万了"}, {"uid": "1900580436", "content": "21.4w了"}, {"uid": "498631790", "content": "21.1万了"}, {"uid": "360753488", "content": "72千换21万"}, {"uid": "440307835", "content": "20万了"}, {"uid": "284832339", "content": "20.1"}, {"uid": "451046620", "content": "20w了"}, {"uid": "77171623", "content": "20万了"}, {"uid": "651567409", "content": "03:06，19.8w"}, {"uid": "651567409", "content": "19.8w了"}, {"uid": "1341353229", "content": "18.8w"}, {"uid": "627771087", "content": "18.8万了"}, {"uid": "205158417", "content": "18万了"}, {"uid": "2048748947", "content": "十七万了"}, {"uid": "1670404318", "content": "17.1w"}, {"uid": "144853195", "content": "16.9万贺电"}, {"uid": "35475384", "content": "16w"}, {"uid": "35217837", "content": "16.1万了"}, {"uid": "1510219810", "content": "现在15.7w了"}, {"uid": "512558290", "content": "15.3了耶"}, {"uid": "288031697", "content": "14 万啦"}, {"uid": "358588020", "content": "13万了"}, {"uid": "478135851", "content": "十二万了"}, {"uid": "500120270", "content": "11.3万"}, {"uid": "3364679", "content": "你搞个搞笑视频就可以10w+"}, {"uid": "1854947513", "content": "10.5万"}, {"uid": "496031939", "content": "9.6w了"}, {"uid": "277818962", "content": "8万"}, {"uid": "411291802", "content": "8.1万了"}, {"uid": "482271181", "content": "玫兰莎？"}, {"uid": "449259275", "content": "7万了"}, {"uid": "490720694", "content": "5.6万了"}, {"uid": "407781582", "content": "4.2w了"}, {"uid": "3020057", "content": "3W2了"}, {"uid": "95204378", "content": "3.2w了"}, {"uid": "7661198", "content": "nice"}, {"uid": "565180", "content": "666"}, {"uid": "424676908", "content": "9015了"}, {"uid": "525386455", "content": "28.7w了"}, {"uid": "24311733", "content": "放弃吧。。不要挣扎了。。。哈哈哈"}, {"uid": "486536434", "content": "28万了"}, {"uid": "1906975", "content": "28.3了"}, {"uid": "46237316", "content": "27万了"}, {"uid": "486250082", "content": "26万"}, {"uid": "5213682", "content": "25.1万了"}, {"uid": "353987888", "content": "23，3w"}, {"uid": "391376909", "content": "22.8万了"}, {"uid": "82703177", "content": "22.8w"}, {"uid": "538909616", "content": "2.6w了"}, {"uid": "660057326", "content": "21.5万了"}, {"uid": "1910281669", "content": "换20万"}, {"uid": "76048120", "content": "19.3"}, {"uid": "354100191", "content": "18万了"}, {"uid": "391387864", "content": "18w了"}, {"uid": "123331245", "content": "17.7万"}, {"uid": "395994879", "content": "17.3w了"}, {"uid": "336398479", "content": "17.3万"}, {"uid": "1373992637", "content": "17.2w"}, {"uid": "87174156", "content": "16.6w"}, {"uid": "1289322111", "content": "16.6万了"}, {"uid": "33415355", "content": "十六万"}, {"uid": "259100332", "content": "很抱歉  以这样的方式认识你  哈哈哈哈"}, {"uid": "492573871", "content": "13万了"}, {"uid": "62579849", "content": "12w了"}, {"uid": "302415501", "content": "12w了"}, {"uid": "44766551", "content": "12万"}, {"uid": "290304793", "content": "10W了"}, {"uid": "488447438", "content": "9万了"}, {"uid": "1348066668", "content": "8万"}, {"uid": "353175598", "content": "很遗憾，以这种方式认识你"}, {"uid": "419308739", "content": "6.1w了"}, {"uid": "1390575389", "content": "六万了"}, {"uid": "296040533", "content": "4，9w"}, {"uid": "662018818", "content": "4.3w了"}, {"uid": "302201249", "content": "3.9w了"}, {"uid": "13402514", "content": "3.6w了"}, {"uid": "1906197098", "content": "三万了"}, {"uid": "258444911", "content": "29000"}, {"uid": "389636818", "content": "4399"}, {"uid": "171682818", "content": "1.1w了"}, {"uid": "351131286", "content": "九千了"}, {"uid": "489222759", "content": "很抱歉以这种方式认识你"}]