[{"uid": "99227259", "content": "因为它们想要"}, {"uid": "345565979", "content": "一个玥玥好评"}, {"uid": "14946873", "content": "恼羞成怒"}, {"uid": "354293575", "content": "hhhhhhhh"}, {"uid": "1814648", "content": "碎了啦，都是你害的啦"}, {"uid": "3394621", "content": "言外之意：我是来送的"}, {"uid": "34307003", "content": "大朗，该喝药了"}, {"uid": "34307003", "content": "妈妈在这，绘宝不怕（狗头）"}, {"uid": "34307003", "content": "开局就是耳膜爆破"}, {"uid": "8918512", "content": "妈妈来了！绘宝别怕"}, {"uid": "42260922", "content": "你是外卖？"}]