[{"uid": "630013990", "content": "給人下跪 "}, {"uid": "645471253", "content": "终于杀了一个"}, {"uid": "645471253", "content": "试试就逝世"}, {"uid": "25608575", "content": "這一槍很關鍵!!"}, {"uid": "395965003", "content": "等错了"}, {"uid": "93398081", "content": "电子竞技不需要视力"}, {"uid": "11822560", "content": "ohhhhhhhhhhhhhhhh"}, {"uid": "3394621", "content": "绘绘是冲着别人的枪口跑过去的"}, {"uid": "3394621", "content": "终于看到一个打死人的了"}, {"uid": "3394621", "content": "准星贴脸了啊，开枪他就死了"}, {"uid": "3394621", "content": "绘绘还在想着按F上楼梯啊"}, {"uid": "3394621", "content": "绘绘知道救人了哦"}, {"uid": "3394621", "content": "打了86点伤害，不错了"}, {"uid": "3394621", "content": "痛击我的队友"}, {"uid": "3394621", "content": "机器人可以用Q把敌人拉过来的"}, {"uid": "3394621", "content": "原地升天"}, {"uid": "89104696", "content": "开幕雷击"}, {"uid": "411893946", "content": "吃席了"}, {"uid": "3394621", "content": "???"}]