[{"uid": "435826245", "content": "我来帮你刷播放量了（doge"}, {"uid": "2127786", "content": "没有嗨皮起来啊。。"}, {"uid": "24088015", "content": "好听"}, {"uid": "25219465", "content": "画风好神奇啊"}, {"uid": "490507132", "content": "原来绘绘是唱见"}, {"uid": "431331320", "content": "？"}, {"uid": "249493515", "content": "唱的居然还不错"}, {"uid": "16312917", "content": "好听唉"}, {"uid": "547331680", "content": "十分钟！！！"}, {"uid": "456700500", "content": "？？？"}, {"uid": "37515901", "content": "14分钟"}, {"uid": "34307003", "content": "好耶"}, {"uid": "8564690", "content": "好耶"}, {"uid": "237817859", "content": "\\久绘/\\久绘/\\久绘/\\久绘/"}]