[{"uid": "2103338136", "content": "你看她笑得多开心啊"}, {"uid": "419813909", "content": "还真投了，从咏唱视频来的"}, {"uid": "523811673", "content": "终于发现了吗你"}, {"uid": "629226062", "content": "哈哈哈哈哈哈哈哈哈哈"}, {"uid": "74192388", "content": "我失忆了"}, {"uid": "92871670", "content": "失忆了"}, {"uid": "439024658", "content": "次次都提醒超管烦了（doge）"}, {"uid": "650988028", "content": "假装无事发生"}, {"uid": "3394621", "content": "所以聊天电台是又专门的礼物对吧"}, {"uid": "284544444", "content": "失忆了失忆了"}, {"uid": "485755020", "content": "我失忆了（）"}, {"uid": "74192388", "content": "我失忆了"}, {"uid": "147123", "content": "还好，我也就来回看了200遍"}, {"uid": "21562027", "content": "偷偷抱走绘绘"}, {"uid": "16312917", "content": "来失忆了"}, {"uid": "501751621", "content": "加一，从咏唱视频来的"}, {"uid": "405798984", "content": "《每次》"}, {"uid": "490507132", "content": "我没看过这个视频"}, {"uid": "147123", "content": "可太喜欢绘绘了"}, {"uid": "101724862", "content": "笑死我哈哈哈"}, {"uid": "262500467", "content": "每次？？？"}, {"uid": "3394621", "content": "真是 个笨女人呐"}, {"uid": "43669757", "content": "火钳刘明"}, {"uid": "651463753", "content": "？"}, {"uid": "482001451", "content": "没看过这个视频"}]