[{"uid": "483968580", "content": "果然是女司机恐怖如斯"}, {"uid": "189762370", "content": "怪起来了"}, {"uid": "99227259", "content": "就离谱"}, {"uid": "14946873", "content": "人行道不是很宽敞吗"}, {"uid": "108140630", "content": "草"}, {"uid": "326101618", "content": "就这技术妥妥的马路杀手啊"}, {"uid": "26150080", "content": "我说停停"}, {"uid": "181868807", "content": "哈哈哈"}, {"uid": "181868807", "content": "卡bug了"}, {"uid": "3394621", "content": "原地升天"}, {"uid": "249617516", "content": "鬼畜了"}, {"uid": "5772738", "content": "主动碰瓷233"}, {"uid": "5772738", "content": "车，我是自由的"}, {"uid": "121938437", "content": "见到绘绘开心到飞起"}, {"uid": "121938437", "content": "灵车"}, {"uid": "121938437", "content": "是怎么会开往这边来的啊"}, {"uid": "1931819", "content": "神奇车祸现场"}, {"uid": "121938437", "content": "你们只会担心东西！有谁在乎过司机绘绘吗"}, {"uid": "1931819", "content": "感觉会花式翻车"}, {"uid": "121938437", "content": "倒档，左转，回正方向盘"}, {"uid": "34307003", "content": "车：嗨起来"}, {"uid": "1931819", "content": "啥时候玩一下snow runner"}, {"uid": "29990327", "content": "？？？？？？？"}, {"uid": "8317480", "content": "绝了"}, {"uid": "181868807", "content": "？？？"}, {"uid": "41414232", "content": "空耳的神"}, {"uid": "363291651", "content": "草"}, {"uid": "473409494", "content": "来了"}, {"uid": "302313506", "content": "卡路里了"}, {"uid": "34307003", "content": "震惊猫猫一百年"}, {"uid": "489801448", "content": "？？"}, {"uid": "74173597", "content": "？"}, {"uid": "108140630", "content": "？"}]