[{"uid": "96533305", "content": "哈哈哈"}, {"uid": "687224062", "content": "H"}, {"uid": "297778899", "content": "草逆天"}, {"uid": "418290477", "content": "这莫名的自信是怎么回事（doge）"}, {"uid": "38863884", "content": "hhhhhhhhhhhh"}, {"uid": "3394621", "content": "我很想知道那天炸服了之后绘绘播了什么。"}, {"uid": "1428072025", "content": "空降01:32"}, {"uid": "1853279964", "content": "KKkoBillbill"}, {"uid": "403280904", "content": "危   小铃久绘    危"}, {"uid": "490507132", "content": "离谱"}, {"uid": "181868807", "content": "哈哈哈"}, {"uid": "915844", "content": "哈哈哈"}, {"uid": "284044784", "content": "离谱"}, {"uid": "628662254", "content": "请以实物为准[doge]"}, {"uid": "147123", "content": "哈哈哈哈"}, {"uid": "364826977", "content": "瓦尔哈拉，好"}, {"uid": "16203052", "content": "热乎"}]