[{"uid": "412915139", "content": "你这操作，我还以为是手柄入坑呢。。"}, {"uid": "497824479", "content": "血压高了，看不下去了"}, {"uid": "354697125", "content": "点射r99就离谱"}, {"uid": "15266338", "content": "仁慈枪法"}, {"uid": "60267537", "content": "开箱和捡东西是e，绘酱习惯按f，f是标记有敌人"}, {"uid": "4067294", "content": "真就一枪不中"}, {"uid": "345911830", "content": "姐姐的国宴"}, {"uid": "34307003", "content": "啊♂"}, {"uid": "26150080", "content": "血压拉满了"}, {"uid": "26150080", "content": "被吓到猫叫"}, {"uid": "23668366", "content": "这就是游戏黑洞吗"}, {"uid": "19342555", "content": "一枪没中太流弊了"}, {"uid": "3394621", "content": "未曾设想的道路"}, {"uid": "209426768", "content": "是我的枪法了"}, {"uid": "14946873", "content": "燃起来了"}, {"uid": "25219465", "content": "专业描边"}, {"uid": "34307003", "content": "火了"}, {"uid": "37994519", "content": "点射r99"}, {"uid": "248287286", "content": "？？？？？？？？？"}]