[{"uid": "10097734", "content": "啊"}, {"uid": "7846303", "content": "噔噔咚"}, {"uid": "7846303", "content": "本 性 难 移"}, {"uid": "301822120", "content": "哈哈哈"}, {"uid": "401555215", "content": "帕里桑？"}, {"uid": "630450553", "content": "这是奖励↑"}, {"uid": "272303492", "content": "好家伙文字游戏"}, {"uid": "439008639", "content": "垂死病中惊坐起，笨蛋竟是我自己"}, {"uid": "43210220", "content": "草哈哈哈哈哈哈哈"}, {"uid": "23053645", "content": "帕里"}, {"uid": "524260027", "content": "1885的，因为建国之后不许成精【doge】"}, {"uid": "87465704", "content": "12.61hhh没十年黑粉发不出来绝了"}, {"uid": "34410203", "content": "kksk"}, {"uid": "34410203", "content": "好耶！"}, {"uid": "457812459", "content": "笑死了，三连了但没硬币。已关注"}, {"uid": "70329136", "content": "左下角吵到我眼睛了"}, {"uid": "179093451", "content": "？？？？？？？？？"}, {"uid": "429632118", "content": "《我当时冷笑一声》"}, {"uid": "3767882", "content": "投喂电线"}, {"uid": "441730561", "content": "？？？？？？？"}, {"uid": "3773507", "content": "？？？？？"}, {"uid": "22867537", "content": "我一个学生 表示麻了"}, {"uid": "4346877", "content": "10个月=多年"}, {"uid": "286764176", "content": "顺手牵兔子"}, {"uid": "401099828", "content": "小丑竟是我自己"}, {"uid": "22205615", "content": "兔娘好耶"}, {"uid": "150945089", "content": "亚人和furry不一样的"}, {"uid": "7550595", "content": "就叫薯条吧"}, {"uid": "7550595", "content": "笑死我这个音效哈哈哈"}, {"uid": "3197678", "content": "摸索了半天"}, {"uid": "13224104", "content": "请记住这句话！！！！！"}, {"uid": "83073340", "content": "猛男安赛尔"}, {"uid": "4806695", "content": "我挂后台，听了半天硬是一句没听懂"}, {"uid": "37072997", "content": "齿轮在转"}, {"uid": "11081434", "content": "这个模型的眼睛好灵动啊"}, {"uid": "12101178", "content": "猫猫是这样的"}, {"uid": "111373209", "content": "我觉得你是会的"}, {"uid": "111373209", "content": "懂了，这就去把我自己和小皮掉包"}, {"uid": "234315366", "content": "“她的xp系统还远不及我们”"}, {"uid": "24253206", "content": "人外（一级）"}, {"uid": "243920254", "content": "不愧是你"}, {"uid": "3792847", "content": "主语呢?!"}, {"uid": "422482", "content": "帕里：？"}, {"uid": "402811909", "content": "神奇！就像我这么神奇！"}, {"uid": "33672012", "content": "原来是偷的，好家伙，不忘初心"}, {"uid": "109389235", "content": "？？？？？"}, {"uid": "88462509", "content": "江山易改本性难移的屑（doge"}, {"uid": "11548564", "content": "就怕变成了流氓兔"}, {"uid": "5500159", "content": "不愧是博闻强识的带发明家"}, {"uid": "471844", "content": "饮食？天天啃梳子和网线，吃得可好了"}, {"uid": "56807159", "content": "¿ ¿ ¿ "}, {"uid": "20263065", "content": "猜到了，是miya（）"}, {"uid": "9231836", "content": "我当时就冷笑一声"}, {"uid": "91915734", "content": "《时光机宰人事件》"}, {"uid": "166996", "content": "严谨"}, {"uid": "12625827", "content": "让我想起了当时的采耳"}, {"uid": "485233704", "content": "ん？"}, {"uid": "424467504", "content": "我猜是猫猫"}, {"uid": "184284705", "content": "？？？？？"}, {"uid": "482109212", "content": "好耶！"}, {"uid": "23053645", "content": "帕里哈哈哈哈或"}, {"uid": "55865642", "content": "不愧是你"}, {"uid": "513233636", "content": "？？？？？？？"}, {"uid": "34410203", "content": "草PEKO"}, {"uid": "29238695", "content": "？？？？？"}, {"uid": "11622042", "content": "噶了就更变不了了"}, {"uid": "239207896", "content": "超时空怪盗"}, {"uid": "1779969", "content": "帕里草"}, {"uid": "311724949", "content": "？？？？？"}, {"uid": "153338083", "content": "时 间 悖 论"}, {"uid": "280997228", "content": "牢记设定"}, {"uid": "431778969", "content": "指帕里（"}, {"uid": "29420546", "content": "？？？？？"}, {"uid": "235634315", "content": "？？？？？？？？"}, {"uid": "397425823", "content": "叫帕里是吗"}, {"uid": "73827141", "content": "啊哈？"}, {"uid": "16379704", "content": "兔子啊，那没事儿了"}, {"uid": "404885669", "content": "帕      里"}, {"uid": "4025632", "content": "好耶"}, {"uid": "4494836", "content": "？？？？？？？？"}, {"uid": "347134006", "content": "笑死"}, {"uid": "786526", "content": "有备而来"}, {"uid": "6615803", "content": "时光机杀人事件"}, {"uid": "489742537", "content": "？？？？？"}, {"uid": "6252316", "content": "是猫"}, {"uid": "3970880", "content": "牢记设定"}, {"uid": "569573628", "content": "？？。？？"}, {"uid": "39073040", "content": "有人想到英语兔吗？"}, {"uid": "85267522", "content": "皮酱"}, {"uid": "1594552490", "content": "？？？？？？？"}, {"uid": "3197678", "content": "这不是福瑞啊"}, {"uid": "348901318", "content": "那不就帕里吗！？"}, {"uid": "7209949", "content": "帕里草"}, {"uid": "235634315", "content": "？？？？？"}, {"uid": "14929534", "content": "？？？？？"}, {"uid": "2178366", "content": "给我变！"}, {"uid": "32827069", "content": "帕里"}, {"uid": "3767882", "content": "peko"}, {"uid": "37408926", "content": "那个这个"}, {"uid": "401099828", "content": "？？？？？？？"}, {"uid": "11872189", "content": "12.61左右"}, {"uid": "34164126", "content": "哈哈哈哈，这表情"}, {"uid": "93672377", "content": "kksk"}, {"uid": "10889392", "content": "我要看字幕就很合理"}, {"uid": "91915734", "content": "给我变！！！"}, {"uid": "12676662", "content": "设定严谨"}, {"uid": "393393", "content": "那不就是帕里吗"}, {"uid": "14362954", "content": "？"}, {"uid": "7846303", "content": "百合也可以的"}, {"uid": "7846303", "content": "帕里是吧"}, {"uid": "7846303", "content": "宰兔"}, {"uid": "475423758", "content": "？？？？？？？？？？？？？"}, {"uid": "485017072", "content": "然后喝3lu奶粉"}, {"uid": "2906951", "content": "毛了"}, {"uid": "401759669", "content": "？？？？？？？？？？"}, {"uid": "375275207", "content": "？？？？"}, {"uid": "225131628", "content": "《愚蠢的主人》"}, {"uid": "168190494", "content": "？？"}, {"uid": "358836258", "content": "?"}, {"uid": "189954623", "content": "？？"}, {"uid": "591990", "content": "？"}, {"uid": "408774353", "content": "？？？？"}, {"uid": "161913862", "content": "？？？"}, {"uid": "373139095", "content": "???????"}, {"uid": "373139095", "content": "???"}, {"uid": "33211327", "content": "？？？？"}, {"uid": "2723162", "content": "？？？？"}, {"uid": "13806319", "content": "生儿育女"}, {"uid": "1887871950", "content": "????"}, {"uid": "600142571", "content": "百合剧情啊"}, {"uid": "31804554", "content": "啊，这……嗯，确实"}, {"uid": "383408349", "content": "前面的自信点，把猫猫去掉。。。"}, {"uid": "545652513", "content": "？？？？？？？？？？？？？"}, {"uid": "21808491", "content": "绝育能长寿都是真的，太监普遍比普通人寿命长……"}, {"uid": "81180332", "content": "帕里？"}, {"uid": "42297620", "content": "大哥你念成free了吧，furry英式音标['fɜːri]"}, {"uid": "12874889", "content": "太怪了"}, {"uid": "392862111", "content": "。。"}, {"uid": "42297620", "content": "？？？"}, {"uid": "321398350", "content": "？？？"}, {"uid": "513233636", "content": "？"}, {"uid": "55865642", "content": "？？？？"}, {"uid": "38727099", "content": "很抱歉以……哦我认识你啊"}, {"uid": "1572760885", "content": "舌头打结了"}, {"uid": "1572760885", "content": "怎么听起来你舌头做了手术"}, {"uid": "502548321", "content": "很抱歉以这种形式认识你。"}, {"uid": "356089321", "content": "？"}, {"uid": "34410203", "content": "草"}, {"uid": "34410203", "content": "草  不 忘 初 心"}, {"uid": "34410203", "content": "猜到了 是miya（"}, {"uid": "163751706", "content": "反思一下，你为什么要点进这个视频"}, {"uid": "1438921932", "content": "做了绝育手术 保证你没有孩子了 "}, {"uid": "12355711", "content": "？？"}, {"uid": "439826483", "content": "垂耳就和哈巴狗一样是人类为了自己审美造出来的畸形带病残次品"}, {"uid": "473254933", "content": "？？？"}, {"uid": "44217850", "content": "就叫麻衣罢"}, {"uid": "487059868", "content": "az"}, {"uid": "487059868", "content": "？？？"}, {"uid": "1977271423", "content": "宰人"}, {"uid": "367163457", "content": "没听懂想看剧本"}, {"uid": "2130304872", "content": "全都是被标题骗来的"}, {"uid": "182585562", "content": "老本行草"}, {"uid": "429632118", "content": "？？？"}, {"uid": "429632118", "content": "？？？？？？"}, {"uid": "3767882", "content": "愚蠢的主人"}, {"uid": "375724819", "content": "主  语  缺  失"}, {"uid": "548053019", "content": "我一生行善积德，为什么会刷到这个视频"}, {"uid": "396778253", "content": "安塞尔"}, {"uid": "88154", "content": "讲究"}, {"uid": "178501119", "content": "????????"}, {"uid": "174620235", "content": "当初我也认为我家狗狗是♂的，直到我有一年暑假回家，发现它生了一窝小狗。。"}, {"uid": "4427359", "content": "？？？？"}, {"uid": "486132945", "content": "？？？"}, {"uid": "36968206", "content": "？？？"}, {"uid": "1563892", "content": "没有毛不算furry"}, {"uid": "202741218", "content": "兽人控是吧"}, {"uid": "88450629", "content": "我猜是她养的宠物"}, {"uid": "8564690", "content": "没毛病"}, {"uid": "70714556", "content": "？？？"}, {"uid": "569573628", "content": "哈哈哈哈"}, {"uid": "569573628", "content": "兔子只有发情日"}, {"uid": "239207896", "content": "腾杨天下"}, {"uid": "394120", "content": "？？？？？？？？？"}, {"uid": "84922589", "content": "兔女郎有了"}, {"uid": "84922589", "content": "草"}, {"uid": "335639757", "content": "?"}, {"uid": "14103608", "content": "？？？"}, {"uid": "586853", "content": "会的"}, {"uid": "586853", "content": "变"}, {"uid": "586853", "content": "兔女郎吧"}, {"uid": "516851576", "content": "超高校级的塔菲——开始处刑"}, {"uid": "471486477", "content": "抱歉，以这种方式认识你"}, {"uid": "8850984", "content": "？？？？？？"}, {"uid": "360651213", "content": "？"}, {"uid": "441730561", "content": "草"}, {"uid": "441730561", "content": "我居然被塔菲科普了"}, {"uid": "302400973", "content": "人外1级（（（"}, {"uid": "48339185", "content": "草"}, {"uid": "78075936", "content": "双兔傍地走，安能辨我是雌雄"}, {"uid": "45841950", "content": "主语丢了"}, {"uid": "37865026", "content": "？？"}, {"uid": "31286105", "content": "确实可以防止掉头发"}, {"uid": "217797936", "content": "严谨"}, {"uid": "636883067", "content": "？"}, {"uid": "247829", "content": "老本行了"}, {"uid": "22867537", "content": "？？？？"}, {"uid": "22867537", "content": "？？？"}, {"uid": "45373319", "content": "？"}, {"uid": "13224104", "content": "我觉得你是在说我，，，但是我又没有证据"}, {"uid": "8575192", "content": "老怪盗了"}, {"uid": "42343002", "content": "懂了，纯洁的塔菲因为太害羞没法下手确认公母"}, {"uid": "60243802", "content": "草"}, {"uid": "175117840", "content": "没事儿，还可以变兔美女"}, {"uid": "3725159", "content": "哦，你说小皮是吧"}, {"uid": "3725159", "content": "结扎了？？？？"}, {"uid": "29654385", "content": "？？？"}, {"uid": "36286252", "content": "???"}, {"uid": "18196409", "content": "草peko"}, {"uid": "33120869", "content": "？？？"}, {"uid": "23184113", "content": "？？？？？？"}, {"uid": "401099828", "content": "@帕里Paryi"}, {"uid": "401099828", "content": "江 山 易 改"}, {"uid": "233827362", "content": "!?"}, {"uid": "509623911", "content": "？？？??"}, {"uid": "319734314", "content": "刀客塔实锤"}, {"uid": "301126172", "content": "一脸无辜"}, {"uid": "589879888", "content": "?"}, {"uid": "254577830", "content": "哦，那即使每天（）也不用担心了"}, {"uid": "94995620", "content": "草"}, {"uid": "26827771", "content": "帕里（"}, {"uid": "150945089", "content": "亚人"}, {"uid": "457131", "content": "割以永治是吧"}, {"uid": "457131", "content": "草"}, {"uid": "18422187", "content": "给爷变！！！"}, {"uid": "2904365", "content": "主语缺失"}, {"uid": "3197678", "content": "兔女郎不是更好"}, {"uid": "685112", "content": "你明明扒着看过，只是没找到oo在哪（"}, {"uid": "9338126", "content": "小批"}, {"uid": "39303189", "content": "愚蠢的主人"}, {"uid": "273190679", "content": "没事这年头别说是宠物的性别，你连你d的V的性别都不一定搞的清的"}, {"uid": "273190679", "content": "《愚蠢的主人在哪里?》"}, {"uid": "273190679", "content": "两猫傍地走，安能辨我是雄雌"}, {"uid": "273190679", "content": "Bunny man是吧"}, {"uid": "273190679", "content": "时空怪盗"}, {"uid": "1464514", "content": "？？？"}, {"uid": "46800723", "content": "一切逐渐合理，某些粉毛也是时空干涉的幻象"}, {"uid": "46800723", "content": "男女价格不一样，也许是装傻("}, {"uid": "214075483", "content": "事联动（错乱）"}, {"uid": "4984603", "content": "阉了，变了也没用……（狗头）"}, {"uid": "896226", "content": "变成兔女郎"}, {"uid": "896226", "content": "百合也可以的"}, {"uid": "34159970", "content": "该图片仅供参考.jpg"}, {"uid": "82663209", "content": "？？？？"}, {"uid": "1467133", "content": "？"}, {"uid": "1467133", "content": "实验动物是吧"}, {"uid": "29420546", "content": "??????"}, {"uid": "44999247", "content": "《愚蠢的主人》"}, {"uid": "88064264", "content": "？？？"}, {"uid": "11872189", "content": "轻度furry控"}, {"uid": "11872189", "content": "老本行了"}, {"uid": "290500549", "content": "??"}, {"uid": "335769025", "content": "原来是在说宠物吗？"}, {"uid": "24721306", "content": "草"}, {"uid": "235634315", "content": "帕里"}, {"uid": "475807798", "content": "木毛"}, {"uid": "235634315", "content": "？？？？？？"}, {"uid": "517844400", "content": "你不会是男的吧？"}, {"uid": "11081434", "content": "是2021年-1月"}, {"uid": "397425823", "content": "帕里桑"}, {"uid": "143564249", "content": "愚蠢的主人在这里"}, {"uid": "143564249", "content": "草"}, {"uid": "143564249", "content": "草"}, {"uid": "4346877", "content": "老 行 当"}, {"uid": "73827141", "content": "??????????"}, {"uid": "681920", "content": "建议塔飞也去医院做个鉴定"}, {"uid": "702466514", "content": "肯定是宠物"}, {"uid": "702466514", "content": "？？？"}, {"uid": "681920", "content": "谁绝育"}, {"uid": "111373209", "content": "等会，我把自己掉包后会不会被切掉……"}, {"uid": "65773231", "content": "草"}, {"uid": "44004100", "content": "那不就是福瑞控吗？"}, {"uid": "2335812", "content": "重 操 旧 业"}, {"uid": "2335812", "content": "你是谁？"}, {"uid": "2335812", "content": "？？？"}, {"uid": "400145985", "content": "哈哈哈哈，小丑竟是我自己。"}, {"uid": "357051988", "content": "小心福瑞控（"}, {"uid": "2178366", "content": "你是猫吗"}, {"uid": "243920254", "content": "草"}, {"uid": "87039134", "content": "老雷诺了"}, {"uid": "3765860", "content": "不太适应=勉强接受"}, {"uid": "433891555", "content": "愚蠢的taffy"}, {"uid": "5413187", "content": "小皮是谁（"}, {"uid": "3792847", "content": "???????"}, {"uid": "189210957", "content": "让我康康，你发育这不正常"}, {"uid": "5115380", "content": "新日暮里神秘兔♂人"}, {"uid": "5115380", "content": "是莫娜吧"}, {"uid": "422482", "content": "变成兔女郎不好吗！"}, {"uid": "15823004", "content": "双兔傍地走，安能辨我是雌雄"}, {"uid": "25464862", "content": "传统手艺"}, {"uid": "15823004", "content": "河里"}, {"uid": "90163410", "content": "皮可西"}, {"uid": "535128349", "content": "？？？"}, {"uid": "8623451", "content": "草"}, {"uid": "422040165", "content": "？"}, {"uid": "2295510", "content": "掉毛，宠物无疑"}, {"uid": "480487568", "content": "？？？"}, {"uid": "15527661", "content": "愚蠢的主人"}, {"uid": "6537929", "content": "就是 愚蠢的主人"}, {"uid": "23173420", "content": "铁皮"}, {"uid": "479501", "content": "我觉得是你比较神奇"}, {"uid": "23173420", "content": "其实是已经割过了"}, {"uid": "35939182", "content": "老本行了"}, {"uid": "6537929", "content": "耳廓发育不良 属于人造的残次品"}, {"uid": "15527661", "content": "科普博主"}, {"uid": "23173420", "content": "割已永治"}, {"uid": "205073980", "content": "建议樱岛麻衣"}, {"uid": "6537929", "content": "哦 你在说小皮是吧"}, {"uid": "23173420", "content": "可能有新来的观众不知道小皮是谁，我在这澄清一下，老观众也不知道"}, {"uid": "250656965", "content": "furry+futa 我可太好了"}, {"uid": "2022471", "content": "主人都把母的认成公的"}, {"uid": "338900244", "content": "河里"}, {"uid": "4062798", "content": "严谨"}, {"uid": "557252", "content": "草"}, {"uid": "4062798", "content": "？？？？你是谁？？？"}, {"uid": "11475998", "content": "?"}, {"uid": "344931774", "content": "小皮雄堕了"}, {"uid": "109389235", "content": "愚蠢的taffy"}, {"uid": "109389235", "content": "？？？？"}, {"uid": "6898", "content": "？？？"}, {"uid": "351975302", "content": "愚蠢的主人"}, {"uid": "351975302", "content": "愚蠢"}, {"uid": "40474093", "content": "？？？"}, {"uid": "28869871", "content": "就是不讲主语是吧"}, {"uid": "11093834", "content": "变兔女郎吧"}, {"uid": "94212276", "content": "你是不是被人掉包了？"}, {"uid": "11870816", "content": "草"}, {"uid": "316395953", "content": "那一般用雌雄不用男女"}, {"uid": "371009554", "content": "？"}, {"uid": "109678555", "content": "？？？？？？"}, {"uid": "629495", "content": "医生：让我看看你发育正不正常啊"}, {"uid": "562820", "content": "原来是偷的"}, {"uid": "75379", "content": "怪盗是吧"}, {"uid": "200349826", "content": "那不是咱奶奶帕里吗？"}, {"uid": "1795170", "content": "兔 女 郎"}, {"uid": "85312408", "content": "？？？"}, {"uid": "382237309", "content": "神奇"}, {"uid": "401832752", "content": "草"}, {"uid": "401832752", "content": "顺走了"}, {"uid": "476909382", "content": "草"}, {"uid": "476909382", "content": "兔美女"}, {"uid": "8248098", "content": "屑侦探"}, {"uid": "476909382", "content": "百合是好文明("}, {"uid": "13787793", "content": "？"}, {"uid": "8673634", "content": "？"}, {"uid": "52994641", "content": "是去给猫做吧"}, {"uid": "160007837", "content": "宰人"}, {"uid": "476909382", "content": "？"}, {"uid": "476909382", "content": "怪 盗"}, {"uid": "24646275", "content": "qs"}, {"uid": "59125366", "content": "不愧是你"}, {"uid": "50402719", "content": "安能辨我是雌雄"}, {"uid": "1570297", "content": "帕里是吧"}, {"uid": "1570297", "content": "呵呵 偷兔子是吧"}, {"uid": "24962356", "content": "兔女郎不是更好"}, {"uid": "23341809", "content": "?"}, {"uid": "274390", "content": "快给我变！"}, {"uid": "38580900", "content": "草"}, {"uid": "39662", "content": "福瑞控！"}, {"uid": "42864459", "content": "呵呵 主人太愚蠢了"}, {"uid": "42864459", "content": "草  没想到"}, {"uid": "859303", "content": "@帕里"}, {"uid": "42864459", "content": "重操旧业哈哈哈哈哈哈"}, {"uid": "477790984", "content": "草"}, {"uid": "42864459", "content": "懂了 小皮是1970年的兔子"}, {"uid": "4494836", "content": "草"}, {"uid": "136043", "content": "？？"}, {"uid": "195456823", "content": "？？？你是谁？"}, {"uid": "29145526", "content": "???"}, {"uid": "42864459", "content": "嗯 绝育增加体脂率"}, {"uid": "477790984", "content": "草"}, {"uid": "29145526", "content": "草"}, {"uid": "12807147", "content": "重 操 旧 业 "}, {"uid": "153062", "content": "母兔子牙"}, {"uid": "39357594", "content": "???"}, {"uid": "25732001", "content": "@帕里"}, {"uid": "477790984", "content": "那不是割蛋才有的吗"}, {"uid": "29145526", "content": "？？？"}, {"uid": "356390855", "content": "变兔女郎"}, {"uid": "8665575", "content": "草"}, {"uid": "61961346", "content": "调皮：指咬断薯条网线"}, {"uid": "13373302", "content": "??????"}, {"uid": "185262", "content": "太怪叻"}, {"uid": "151928378", "content": "kksk"}, {"uid": "33614239", "content": "我当时心中就一阵冷笑：呵，自己养大的兔子，都养到了绝育年龄的兔子，还不知道公母，呵，愚痴的主人"}, {"uid": "522350073", "content": "愚蠢的主人"}, {"uid": "356390855", "content": "给我变！"}, {"uid": "95768088", "content": "愚蠢"}, {"uid": "8665575", "content": "本 性 难 移"}, {"uid": "275641945", "content": "帕里垂耳兔？"}, {"uid": "61961346", "content": "怪      盗"}, {"uid": "61961346", "content": "打开时空裂缝偷兔子"}, {"uid": "73659210", "content": "¿¿¿"}, {"uid": "242415366", "content": "草"}, {"uid": "685112", "content": "小皮一拳一个医生"}, {"uid": "435356088", "content": "怎么会有人把性别搞错啊"}, {"uid": "28583601", "content": "给她圆回来了"}, {"uid": "15242541", "content": "我讨厌H的东西"}, {"uid": "33614239", "content": "@ 帕里payri"}, {"uid": "11022585", "content": "草."}, {"uid": "242415366", "content": "台本准备充足"}, {"uid": "10516193", "content": "草"}, {"uid": "36169346", "content": "草"}, {"uid": "685227", "content": "草"}, {"uid": "424467504", "content": "怪起来了"}, {"uid": "424467504", "content": "？？？"}, {"uid": "615732", "content": "???"}, {"uid": "353034918", "content": "?"}, {"uid": "185262", "content": "???"}, {"uid": "204492476", "content": "？"}, {"uid": "155098", "content": "草"}, {"uid": "20779385", "content": "????"}, {"uid": "86168911", "content": "？？？？？？？？？？？？？？？？"}, {"uid": "251128932", "content": "丑男多作怪"}, {"uid": "6487403", "content": "哈哈哈哈哈哈哈哈哈哈或或或或或或"}, {"uid": "479501", "content": "???????????????"}, {"uid": "47597658", "content": "???????????????????"}]