[{"uid": "3784448", "content": "mix辛苦了"}, {"uid": "13829876", "content": "开播半小时内开始混沌，不能再多了"}, {"uid": "4632246", "content": "音乐细胞真好"}, {"uid": "429632118", "content": "好听"}, {"uid": "501758300", "content": "无人区"}, {"uid": "182585562", "content": "草"}, {"uid": "205471175", "content": "再来一遍"}, {"uid": "50402719", "content": "明明是塔语"}, {"uid": "243971358", "content": "你会唱歌了？（"}, {"uid": "248270093", "content": "↓游标卡尺↓"}, {"uid": "103169620", "content": "多久混沌"}, {"uid": "7565178", "content": "我已经开始笑了"}, {"uid": "13728504", "content": "可爱"}, {"uid": "351975302", "content": "kksk"}, {"uid": "21116613", "content": "日语当然听不懂（"}, {"uid": "21116613", "content": "什么孤独传说（"}, {"uid": "362009818", "content": "哦哦哦夏露露哦哦哦"}, {"uid": "381880198", "content": "奶味溢出屏幕"}, {"uid": "26394109", "content": "黑薯雏宝"}, {"uid": "2724500", "content": "熟悉的配方，熟悉的味道"}, {"uid": "4211233", "content": "一句没听懂的 有没有"}, {"uid": "33059854", "content": "你居然唱歌了！？"}, {"uid": "440690201", "content": "暗示塔有尺"}, {"uid": "12217877", "content": "一开口儿歌味道就出来了"}, {"uid": "440690201", "content": "关上六分钟的大门"}, {"uid": "3618358", "content": "熟悉的口吃("}, {"uid": "15341769", "content": "卧槽，居然唱歌了"}, {"uid": "81615372", "content": "奶味好足suki"}, {"uid": "8248098", "content": "奶喝饱了"}, {"uid": "3020681", "content": "我看见了mix的肝"}, {"uid": "437933", "content": "没有spade内味"}, {"uid": "50540192", "content": "惊了"}, {"uid": "182585562", "content": "奶味溢出"}, {"uid": "7652293", "content": "奶味十足，得劲！"}, {"uid": "21533663", "content": "好幼啊，奶味真的浓"}, {"uid": "10826451", "content": "奶味十足"}, {"uid": "4071735", "content": "奶味溢出"}, {"uid": "421853581", "content": "“初”翻唱"}, {"uid": "347089504", "content": "不对，你到底是谁"}, {"uid": "8248098", "content": "奶味溢出"}, {"uid": "6315561", "content": "奶味溢出www"}, {"uid": "16535445", "content": "奶味太足了"}, {"uid": "429632118", "content": "来了！"}, {"uid": "350372173", "content": "草，电起来了"}, {"uid": "441091654", "content": "草"}, {"uid": "268891978", "content": "居然唱歌了！"}, {"uid": "13122992", "content": "ohhhhhhhhh"}, {"uid": "392182", "content": "想听塔菲唱spade"}, {"uid": "770991", "content": "你是谁你是谁"}, {"uid": "18328215", "content": "这里口胡了吧！自己都在憋笑？"}, {"uid": "198398336", "content": "好听！"}, {"uid": "21686250", "content": "噢噢噢噢！雏宝 ！！！！"}, {"uid": "36331119", "content": "看看我找到了什么"}, {"uid": "1841711", "content": "奶出来了"}, {"uid": "4795758", "content": "谁？"}, {"uid": "429632118", "content": "来了来了"}, {"uid": "39411662", "content": "夏露露好耶"}, {"uid": "23392446", "content": "开幕有尺"}, {"uid": "1547399", "content": "这里好"}, {"uid": "23508332", "content": "mix辛苦了"}, {"uid": "183261030", "content": "这合理吗"}, {"uid": "18731565", "content": "哇！新人vtb的初翻唱"}, {"uid": "20602584", "content": "奶味调淡了"}, {"uid": "2788462", "content": "唱歌了耶"}, {"uid": "175977643", "content": "熟悉的味道"}, {"uid": "82419411", "content": "我手动了"}, {"uid": "3885523", "content": "来了来了来了"}, {"uid": "2724500", "content": "suki！taffy suki！"}, {"uid": "8623451", "content": "kksk"}, {"uid": "2049849", "content": "我老婆真可爱"}, {"uid": "429632118", "content": "来了"}, {"uid": "436288940", "content": "ohhhhhhhhhhhhhh"}, {"uid": "31407261", "content": "谁？"}, {"uid": "603717", "content": "？？？？？你谁"}, {"uid": "23508332", "content": "辛苦了"}, {"uid": "89514622", "content": "清晨~（"}, {"uid": "51303", "content": "谁？"}, {"uid": "243920254", "content": "？？？美女你谁？？？"}, {"uid": "7924963", "content": "好吧，这下真确定是谁了"}, {"uid": "307992580", "content": "好耶"}, {"uid": "50540192", "content": "好听"}, {"uid": "182585562", "content": "奶味太足了"}, {"uid": "24094583", "content": "KKSK"}, {"uid": "180966928", "content": "kksk"}, {"uid": "103169620", "content": "这合理吗？"}, {"uid": "184760590", "content": "好耶"}, {"uid": "109389235", "content": "欢迎回来，黑。。。不，是塔菲在对！"}, {"uid": "498284615", "content": "da re"}, {"uid": "175016948", "content": "好耶"}, {"uid": "100010704", "content": "mnk！"}, {"uid": "23936900", "content": "在？为什么能在音频里掺奶粉？"}, {"uid": "102432786", "content": "来了"}, {"uid": "207812", "content": "你哪位"}, {"uid": "216083815", "content": "？"}, {"uid": "16605196", "content": "可以耶"}, {"uid": "786526", "content": "奶"}, {"uid": "362739786", "content": "好耶"}, {"uid": "24094583", "content": "好耶"}, {"uid": "82549073", "content": "kksk"}, {"uid": "36197764", "content": "没忍住"}, {"uid": "446859216", "content": "hso"}, {"uid": "10619059", "content": "好耶"}, {"uid": "3885523", "content": "♪⸜(๑ ॑꒳ ॑๑)⸝♪✰"}, {"uid": "29065167", "content": "KKSK"}, {"uid": "75119", "content": "好耶"}, {"uid": "73827141", "content": "谁？"}, {"uid": "98614984", "content": "kksk"}, {"uid": "474314011", "content": "好耶！！、"}, {"uid": "6315561", "content": "好耶"}, {"uid": "409623896", "content": "kksk"}, {"uid": "29699705", "content": "好耶"}, {"uid": "4139597", "content": "kksk"}, {"uid": "22936257", "content": "我的spade呢？"}, {"uid": "6537929", "content": "好多了"}, {"uid": "81807310", "content": "谁？"}, {"uid": "589879888", "content": "好耶！"}, {"uid": "88011462", "content": "好耶好耶好耶"}, {"uid": "7716668", "content": "taffytaffy"}, {"uid": "290500549", "content": "好耶"}, {"uid": "440690201", "content": "再见薯条，早安塔菲"}, {"uid": "4211233", "content": "wwwwwwwwww"}, {"uid": "26188784", "content": "笑出声"}, {"uid": "384201209", "content": "儿歌王？"}, {"uid": "1608891", "content": "你谁？"}, {"uid": "142090390", "content": "好耶"}, {"uid": "435408831", "content": "新吧歌"}, {"uid": "18657661", "content": "好耶"}, {"uid": "8155861", "content": "？？？"}, {"uid": "246633442", "content": "~\\(≧▽≦)/~~\\(≧▽≦)/~"}, {"uid": "6127378", "content": "辛苦调音师了"}, {"uid": "4211233", "content": "谁啊？？"}, {"uid": "34524560", "content": "好耶"}, {"uid": "280732142", "content": "有种电子合成的感觉，不会是人力vc吧"}, {"uid": "12891523", "content": "好耶"}, {"uid": "2118689", "content": "塔宝塔宝塔宝塔宝塔宝！"}, {"uid": "1608891", "content": "？？？"}, {"uid": "11400738", "content": "我就要听Spade"}, {"uid": "22504302", "content": "??"}, {"uid": "81305327", "content": "好耶好呀"}, {"uid": "75379", "content": "好"}, {"uid": "2118689", "content": "塔菲塔菲塔菲塔菲好喜欢喜欢喜欢喜欢喜欢喜欢"}, {"uid": "440562187", "content": "xdm这是你们的前女友黑桃影"}, {"uid": "2118689", "content": "\\塔宝/\\塔宝/\\塔宝/\\塔宝/\\塔宝/\\塔宝/\\塔宝/"}, {"uid": "2118689", "content": "\\塔宝/\\塔宝/\\塔宝/\\塔宝/\\塔宝/\\塔宝/\\塔宝/\\塔宝/"}, {"uid": "22008497", "content": "\\taffy/\\taffy/\\taffy/\\taffy/\\taffy/"}, {"uid": "283273151", "content": "\\塔菲/\\塔菲/\\塔菲/\\塔菲/\\塔菲/\\塔菲/"}]