[{"uid": "275195522", "content": "上北下南左西右东"}, {"uid": "539790629", "content": "毁灭吧，赶紧的"}, {"uid": "539790629", "content": "其实还可以左右移动"}, {"uid": "22676697", "content": "!!!!好期待"}, {"uid": "23120016", "content": "懂 礼 义 ， 知 廉 耻"}, {"uid": "504096537", "content": "初中那不是坐标系吗"}, {"uid": "504096537", "content": "好耶！"}, {"uid": "351975804", "content": "echo人士"}, {"uid": "351975804", "content": "红红火火恍恍惚惚"}, {"uid": "28185697", "content": "好耶"}, {"uid": "169532651", "content": "自然选择，前进四"}, {"uid": "94414151", "content": "程心"}, {"uid": "94414151", "content": "章北海"}, {"uid": "33331827", "content": "草"}, {"uid": "512292041", "content": "裸奔的男性 危"}, {"uid": "440431122", "content": "逃亡主义万岁"}, {"uid": "440431122", "content": "狼虎之词"}, {"uid": "440431122", "content": "好耶"}, {"uid": "458181976", "content": "好耶"}, {"uid": "94819652", "content": "哈哈哈"}, {"uid": "432040863", "content": "极限走位拉扯"}, {"uid": "110513009", "content": "世界赶快毁灭吧hhhh"}, {"uid": "39184689", "content": "无敌帧"}, {"uid": "436005409", "content": "好耶！！"}, {"uid": "472136311", "content": "只有taffy受伤的世界完成了"}, {"uid": "442604830", "content": "陨石：？"}, {"uid": "27996929", "content": "好！！"}, {"uid": "27996929", "content": "哈哈哈你怎么只亲男的啊"}, {"uid": "35845164", "content": "亲嘴！（挥拳）"}, {"uid": "43796691", "content": "躺床上等死"}, {"uid": "265183403", "content": "好耶"}, {"uid": "180269191", "content": "草"}, {"uid": "180269191", "content": "不至于不至于"}, {"uid": "180269191", "content": "hso"}, {"uid": "397425823", "content": "塔  菲  里  茨  基"}, {"uid": "1162623560", "content": "近战不出狂战斧，不如回家卖红薯"}, {"uid": "366018398", "content": "《这下侄子可以学好了》"}, {"uid": "366018398", "content": "救了陨石"}, {"uid": "366018398", "content": "草"}, {"uid": "366018398", "content": "《好侄子》"}, {"uid": "631144846", "content": "好"}, {"uid": "610811", "content": "把他们全拖下水"}, {"uid": "476909382", "content": "献！"}, {"uid": "5609039", "content": "章 北 海"}, {"uid": "225401981", "content": "汪汪"}, {"uid": "506844371", "content": "屑"}, {"uid": "244992668", "content": "侄子太棒了"}, {"uid": "617111022", "content": "神 风 特 攻 队"}, {"uid": "32861556", "content": "守护美釹不受变态侵害（确信）"}, {"uid": "34268173", "content": "watashimo"}, {"uid": "34268173", "content": "想"}, {"uid": "21189975", "content": "福瑞控是吧"}, {"uid": "234453278", "content": "陨石:？？？你怕是有什么大病"}, {"uid": "29692021", "content": "面壁人章北海"}, {"uid": "858924045", "content": "给我一个支点我能撬动整个陨石"}, {"uid": "29692021", "content": "好耶"}, {"uid": "13728504", "content": "还真有"}, {"uid": "470616633", "content": "好耶"}, {"uid": "23248935", "content": "流鼻涕黄豆是吧"}, {"uid": "693777931", "content": "我竟然无法反驳"}, {"uid": "693777931", "content": "好耶"}, {"uid": "472312884", "content": "仗助是你吗"}, {"uid": "515139029", "content": "请务必这样做"}, {"uid": "22574447", "content": "二 人 幸 终"}, {"uid": "1563892", "content": "言之有理"}, {"uid": "1563892", "content": "不要玩了啦"}, {"uid": "1563892", "content": "哈哈哈哈哈"}, {"uid": "1563892", "content": "无敌侄子"}, {"uid": "471173444", "content": "太好了"}, {"uid": "1563892", "content": "可是... 裸奔也不用消音啊"}, {"uid": "1129489601", "content": "好耶！"}, {"uid": "107481544", "content": "哈哈哈哈哈哈哈哈哈哈哈"}, {"uid": "107481544", "content": "嘿嘿嘿嘿"}, {"uid": "107481544", "content": "草"}, {"uid": "107481544", "content": "啊这"}, {"uid": "107481544", "content": "好~~~~"}, {"uid": "107481544", "content": "hso"}, {"uid": "107481544", "content": "哈哈哈"}, {"uid": "11392865", "content": "？"}, {"uid": "11392865", "content": "？"}, {"uid": "1595669", "content": "草"}, {"uid": "204296785", "content": "taffy眼里为什么会有爱心？"}, {"uid": "204296785", "content": "英雄拯救世界"}, {"uid": "204296785", "content": "这孩子有前途"}, {"uid": "204296785", "content": "不愧是你"}, {"uid": "204296785", "content": "好耶！（我为什么要开心？）"}, {"uid": "8932364", "content": "天生万物以养人"}, {"uid": "377556563", "content": "亲拦杆"}, {"uid": "8932364", "content": "卫 宫 士 郎"}, {"uid": "8932364", "content": "范 马 勇 次 郎"}, {"uid": "86523208", "content": "好戳啊我死了"}, {"uid": "86523208", "content": "好好好"}, {"uid": "296973369", "content": "自雷"}, {"uid": "896226", "content": "不忘初心"}, {"uid": "896226", "content": "确实"}, {"uid": "896226", "content": "好！"}, {"uid": "22872396", "content": "武士道，乃死而后生"}, {"uid": "22872396", "content": "疯 狂 伊 文"}, {"uid": "342391424", "content": "哈哈哈哈哈哈哈哈哈"}, {"uid": "327543508", "content": "塔菲平时就不会这样对我"}, {"uid": "200627809", "content": "坏毁灭吧"}, {"uid": "8573429", "content": "消音消了个寂寞"}, {"uid": "349209874", "content": "好耶"}, {"uid": "349209874", "content": "草"}, {"uid": "424885838", "content": "好"}, {"uid": "56560366", "content": "哈哈哈哈惊到我了笑死"}, {"uid": "30157017", "content": "天动万象"}, {"uid": "23341403", "content": "."}, {"uid": "32601419", "content": "俺也一样"}, {"uid": "422040165", "content": "？"}, {"uid": "550475820", "content": "章  北  海"}, {"uid": "480546", "content": "？？？？？？？？？？？？？"}, {"uid": "480546", "content": "？？？？"}, {"uid": "202271", "content": "在那之前要多想"}, {"uid": "485886411", "content": "好耶！"}, {"uid": "171714501", "content": "好耶"}, {"uid": "397846394", "content": "杀杀杀杀杀"}, {"uid": "76996595", "content": "亲！多亲点！"}, {"uid": "147037001", "content": "好耶"}, {"uid": "99851817", "content": "绝了，无敌帧"}, {"uid": "18773612", "content": "草"}, {"uid": "403073350", "content": "逃亡主义（确信）"}, {"uid": "275195522", "content": "快趁热！"}, {"uid": "38727099", "content": "？？？？？"}, {"uid": "38727099", "content": "世界名画"}, {"uid": "32589761", "content": "本 性 难 移"}, {"uid": "364187999", "content": "哈哈哈哈哈哈哈"}, {"uid": "275195522", "content": "想是想（"}, {"uid": "37573416", "content": "刷河道蟹时的你"}, {"uid": "42297620", "content": "草，这侄子来之前到底带了多少武器"}, {"uid": "803587", "content": "二人幸终"}, {"uid": "42297620", "content": "最早是小学四年级还是五年级学的东南西北吧我记得"}, {"uid": "275195522", "content": "taffy○奔带我一个，"}, {"uid": "42297620", "content": "确实有全员生还的结局"}, {"uid": "275195522", "content": "都让开！我第一个"}, {"uid": "42297620", "content": "这个结局好像在60s内什么都不做就能得到（我记得是）"}, {"uid": "297635972", "content": "未 来 之 星"}, {"uid": "42297620", "content": "光说不做的taffy是屑"}, {"uid": "42297620", "content": "草"}, {"uid": "39502421", "content": "全部脱光"}, {"uid": "4214679", "content": "好家伙 没看到a和d移动"}, {"uid": "23270451", "content": "快点去提瓦特请岩王爷来发天动万象"}, {"uid": "14362954", "content": "汪汪汪"}, {"uid": "170726627", "content": "好耶，塔菲亲我了，她心里有我"}, {"uid": "676632951", "content": "《正常人》"}, {"uid": "21973396", "content": "思 想 钢 印"}, {"uid": "423674284", "content": "未曾设想的道路"}, {"uid": "454600250", "content": "有"}, {"uid": "441113781", "content": "我嘞个气"}, {"uid": "4494836", "content": "确实"}, {"uid": "28870963", "content": "我这就去白宫偷核弹密码"}, {"uid": "21973396", "content": "陨石:“这样我好没面子哦”"}, {"uid": "21973396", "content": "这侄子不是个好东西哈哈哈哈哈哈哈"}, {"uid": "4494836", "content": "？？？？"}, {"uid": "21973396", "content": "啊，我不行了"}, {"uid": "244288318", "content": "让我来"}, {"uid": "10076039", "content": "疯 狂 伊 文"}, {"uid": "10076039", "content": "汪汪"}, {"uid": "10076039", "content": "毛毛控结局"}, {"uid": "5318904", "content": "这侄子怎么长的那么流汗黄豆"}, {"uid": "521885043", "content": "独爱jk"}, {"uid": "521885043", "content": "今晚，猎个痛快"}, {"uid": "521885043", "content": "杀人狂是吧"}, {"uid": "2344488", "content": "做过，不知道多少次了"}, {"uid": "2344488", "content": "死了啦，都你害的"}, {"uid": "21843375", "content": "好像没毛病"}, {"uid": "5318904", "content": "无 敌 帧"}, {"uid": "93672377", "content": "好"}, {"uid": "490986089", "content": "想，相亲穿jk的塔菲~"}, {"uid": "399705863", "content": "不忘初心"}, {"uid": "523821888", "content": "逃过一劫"}, {"uid": "299870332", "content": "给侄子种下逃亡主义的种子"}, {"uid": "226594509", "content": "逃亡主义盛行"}, {"uid": "51949292", "content": "笑了，全人类马上就都完蛋了还管这呢"}, {"uid": "11025420", "content": "绝了"}, {"uid": "13825787", "content": "薯条"}, {"uid": "79902177", "content": "我想当塔菲的狗(不是)"}, {"uid": "172995951", "content": "想不到博士你居然好这口."}, {"uid": "645471253", "content": "请务必这么做"}, {"uid": "10826451", "content": "那你很熟练"}, {"uid": "10826451", "content": "有啊有啊"}, {"uid": "226594509", "content": "好"}, {"uid": "100150776", "content": "taffy的发言还有必要发电报吗（半恼）"}, {"uid": "172995951", "content": "你再骂！"}, {"uid": "172995951", "content": "真●南桐"}, {"uid": "521885043", "content": "草"}, {"uid": "521885043", "content": "好耶！从现在开始吧"}, {"uid": "521885043", "content": "草"}, {"uid": "14225167", "content": "草"}, {"uid": "30055022", "content": "俺也一样"}, {"uid": "521885043", "content": "bt啊"}, {"uid": "9382309", "content": "草，侄子也被抓了"}, {"uid": "334093011", "content": "确实"}, {"uid": "470541205", "content": "爱雏草姬有好结果("}, {"uid": "161948151", "content": "草"}, {"uid": "34799261", "content": "亲嘴(指用自己的拳头亲别人的嘴)"}, {"uid": "9382309", "content": "草，理直气壮"}, {"uid": "334093011", "content": "啊这"}, {"uid": "9643544", "content": "当场社死"}, {"uid": "334093011", "content": "?????"}, {"uid": "76482582", "content": "好耶"}, {"uid": "334093011", "content": "????"}, {"uid": "154012401", "content": "好.！！！"}, {"uid": "14225167", "content": "草"}, {"uid": "255870451", "content": "麻了jk没杀"}, {"uid": "432936544", "content": "陨石，你做的好！你做的好啊！"}, {"uid": "24031460", "content": "说着这个好自己不做的屑（doge"}, {"uid": "353695896", "content": "你不似楞呐"}, {"uid": "9301135", "content": "我就是要出狂战斧"}, {"uid": "457812459", "content": "对！我是博士！"}, {"uid": "457812459", "content": "玩梗的吧"}, {"uid": "34524560", "content": "确实"}, {"uid": "25105473", "content": "草"}, {"uid": "457812459", "content": "我答应这门亲事！"}, {"uid": "306977659", "content": "《挺好》"}, {"uid": "26827771", "content": "择日不如撞日"}, {"uid": "357080998", "content": "亲嘴（一拳）"}, {"uid": "34524560", "content": "现在就放！快点！"}, {"uid": "403472451", "content": "草"}, {"uid": "1547399", "content": "？？？？"}, {"uid": "407515872", "content": "好耶"}, {"uid": "74511795", "content": "hso"}, {"uid": "3050127", "content": "亲我！我这就排队！"}, {"uid": "422506966", "content": "好！！！！！！"}, {"uid": "419148726", "content": "要找大姐姐"}, {"uid": "27229667", "content": "好耶"}, {"uid": "27229667", "content": "??????????"}, {"uid": "1547399", "content": "hso"}, {"uid": "470633049", "content": "年 少 有 为"}, {"uid": "1547399", "content": "如何毁灭地球 在线等"}, {"uid": "37300276", "content": "好耶！"}, {"uid": "323953409", "content": "嗯，可以有"}, {"uid": "33672012", "content": "独爱jk"}, {"uid": "470633049", "content": "确实有这个测试测完就社死了吧"}, {"uid": "1547399", "content": "消了个寂寞"}, {"uid": "24159590", "content": "假新闻"}, {"uid": "289343143", "content": "你再骂？"}, {"uid": "470633049", "content": "顶级电报员"}, {"uid": "167383531", "content": "汪"}, {"uid": "35503351", "content": "王牌级电报员"}, {"uid": "94906084", "content": "我懂了，你是想直播"}, {"uid": "429684120", "content": "那你快脱！"}, {"uid": "62070632", "content": "好耶，世界赶紧毁灭吧（bushi"}, {"uid": "94752688", "content": "叠buff呐"}, {"uid": "485886411", "content": "多亲点！"}, {"uid": "485886411", "content": "？？？？"}, {"uid": "38727099", "content": "汪"}, {"uid": "367330367", "content": "？？？我不是"}, {"uid": "275195522", "content": "福瑞控（）"}, {"uid": "1796309", "content": "好耶，陨石gkd"}, {"uid": "441113781", "content": "好！！"}, {"uid": "244288318", "content": "请务必拿我开刀！"}, {"uid": "10076039", "content": "快快，我抢前排"}, {"uid": "226594509", "content": "马上排队"}, {"uid": "26188784", "content": "天动万象！"}, {"uid": "26827771", "content": "陨石：那我走？"}, {"uid": "37821054", "content": "这侄子有问题啊"}, {"uid": "26827771", "content": "这就去搬陨石"}, {"uid": "37549730", "content": "能表演一下吗（"}, {"uid": "6944494", "content": "草"}, {"uid": "545652513", "content": "好耶！"}, {"uid": "359147235", "content": "？？？"}, {"uid": "1249265181", "content": "好耶！！！！！！！"}, {"uid": "397508048", "content": "得想个办法毁灭世界"}, {"uid": "244418948", "content": "老电报员了"}, {"uid": "1563892", "content": "是我我也裸奔，反正最后60秒"}, {"uid": "31804554", "content": "好耶！gkdgkd！"}, {"uid": "86523208", "content": "好好好"}, {"uid": "492760939", "content": "好耶！！！"}, {"uid": "424885838", "content": "草"}, {"uid": "499301156", "content": "好耶(✪▽✪)"}, {"uid": "38727099", "content": "把小怪都亲了（）"}, {"uid": "74054556", "content": "汪"}, {"uid": "74054556", "content": "好家伙"}, {"uid": "454600250", "content": "原来还能这样过去"}, {"uid": "397846394", "content": "县中"}, {"uid": "21843375", "content": "汪"}, {"uid": "645471253", "content": "好刺激"}, {"uid": "297517147", "content": "喝taffy"}, {"uid": "2344488", "content": "这个好这个好"}, {"uid": "14225167", "content": "陨石：？？"}, {"uid": "470541205", "content": " 亲 嘴 "}, {"uid": "26827771", "content": "一包"}, {"uid": "287076979", "content": "好耶"}, {"uid": "27229667", "content": "Hso"}, {"uid": "481282167", "content": "我现在就去红岸基地发信号，让他们快点"}, {"uid": "652922", "content": "不愧是你"}, {"uid": "287076979", "content": "草"}, {"uid": "440667531", "content": "不愧是你"}, {"uid": "440867728", "content": "啊这"}, {"uid": "291986594", "content": "你刚才是被打进去的"}, {"uid": "351975804", "content": "快快快"}, {"uid": "180269191", "content": "？？？"}, {"uid": "180269191", "content": "还能这么过去啊"}, {"uid": "359147235", "content": "好耶！"}, {"uid": "334926483", "content": "？？？？"}, {"uid": "34268173", "content": "好！！ "}, {"uid": "1249265181", "content": "汪汪"}, {"uid": "471173444", "content": "好啊，你来吧"}, {"uid": "1563892", "content": "taffy到底说了什么"}, {"uid": "22189852", "content": "南通人，集合！"}, {"uid": "896226", "content": "所以福瑞控有好结局"}, {"uid": "630013818", "content": "哈哈哈"}, {"uid": "38482867", "content": "这个侄子yygq有一手"}, {"uid": "18773612", "content": "我先来！！"}, {"uid": "38727099", "content": "开始搬陨石"}, {"uid": "42297620", "content": "这侄子炸弹是哪来的"}, {"uid": "4494836", "content": "哈哈哈哈哈哈哈"}, {"uid": "73827141", "content": "？？？？"}, {"uid": "641620227", "content": "草"}, {"uid": "14225167", "content": "那你也脱啊"}, {"uid": "284255", "content": "福瑞控是吧"}, {"uid": "73827141", "content": "哔哩哔哩"}, {"uid": "424624982", "content": "好耶！"}, {"uid": "156876575", "content": "对青少年的坏影响不可估量"}, {"uid": "591457", "content": "谢谢你"}, {"uid": "1547399", "content": "草"}, {"uid": "440667531", "content": "说着亲嘴打人の屑cfm"}, {"uid": "180807916", "content": "草"}, {"uid": "22676697", "content": "这个好耶!!"}, {"uid": "673790516", "content": "虎狼之词"}, {"uid": "46916971", "content": "好耶"}, {"uid": "241335915", "content": "好耶!"}, {"uid": "11618693", "content": "这就是速通吗"}, {"uid": "896226", "content": "草"}, {"uid": "630013818", "content": "？？？"}, {"uid": "437310004", "content": "草"}, {"uid": "400852276", "content": "好耶"}, {"uid": "480990825", "content": "好耶！"}, {"uid": "84922589", "content": "30秒过去了"}, {"uid": "178842969", "content": "我好想做taffy的狗啊！"}, {"uid": "490986089", "content": "好耶！！"}, {"uid": "348901318", "content": "好！！"}, {"uid": "15182913", "content": "指和拳头亲嘴"}, {"uid": "334093011", "content": "好耶"}, {"uid": "9382309", "content": "草"}, {"uid": "243847597", "content": "一堆暴言"}, {"uid": "25105473", "content": "？？？草"}, {"uid": "34524560", "content": "好耶！"}, {"uid": "24712237", "content": "好哎"}, {"uid": "74511795", "content": "草"}, {"uid": "148172691", "content": "草"}, {"uid": "323953409", "content": "草"}, {"uid": "440431122", "content": "你再骂"}, {"uid": "429684120", "content": "好耶"}, {"uid": "65773231", "content": "哇哦"}, {"uid": "375275207", "content": "太棒里"}, {"uid": "265183403", "content": "好耶"}, {"uid": "180269191", "content": "绝了"}, {"uid": "317016095", "content": "大英雄（指阿拉什）"}, {"uid": "436985884", "content": "好家伙火箭都不放过"}, {"uid": "426219252", "content": "草"}, {"uid": "172065206", "content": "好耶"}, {"uid": "29692021", "content": "？？？？？"}, {"uid": "470616633", "content": "你再骂"}, {"uid": "107481544", "content": "哈人"}, {"uid": "107481544", "content": "都是福瑞控"}, {"uid": "107481544", "content": "啊这啊这"}, {"uid": "107481544", "content": "哈哈哈哈哈哈哈哈哈哈哈"}, {"uid": "107481544", "content": "火箭打爆了233333"}, {"uid": "4168741", "content": "老美发的啊，那没事了"}, {"uid": "896226", "content": "汪汪汪"}, {"uid": "302400973", "content": "好耶"}, {"uid": "349209874", "content": "草"}, {"uid": "424885838", "content": "？？？？？？？？？？？？"}, {"uid": "147037001", "content": "快快快"}, {"uid": "147037001", "content": "这个好"}, {"uid": "99851817", "content": "(≧∇≦)"}, {"uid": "38727099", "content": "好耶"}, {"uid": "27558344", "content": "2333"}, {"uid": "454600250", "content": "准确讲是除自己以外"}, {"uid": "480990825", "content": "陨石：那我走？"}, {"uid": "4494836", "content": "好耶"}, {"uid": "4494836", "content": "草"}, {"uid": "4494836", "content": "cao"}, {"uid": "521885043", "content": "你再骂"}, {"uid": "521885043", "content": "草"}, {"uid": "432936544", "content": "好耶！"}, {"uid": "26827771", "content": "Dio 狂喜"}, {"uid": "367415439", "content": "哇这个好耶"}, {"uid": "419148726", "content": "要核弹"}, {"uid": "35468679", "content": "好耶，第一"}, {"uid": "171479400", "content": "老美发的愚人节祝福"}, {"uid": "33331827", "content": "草"}, {"uid": "471011383", "content": "好耶"}, {"uid": "180269191", "content": "草"}, {"uid": "6859192", "content": "你要的南通结局哦"}, {"uid": "366018398", "content": "社死"}, {"uid": "477236299", "content": "好耶"}, {"uid": "225401981", "content": "好耶快来"}, {"uid": "225401981", "content": "好耶"}, {"uid": "407623523", "content": "草"}, {"uid": "29692021", "content": "女南通什么时候站起来"}, {"uid": "470616633", "content": "好耶"}, {"uid": "693777931", "content": "汪汪汪"}, {"uid": "19683002", "content": "那你也脱啊"}, {"uid": "107481544", "content": "草"}, {"uid": "107481544", "content": "好家伙"}, {"uid": "1250683743", "content": "狗不算人。"}, {"uid": "204296785", "content": "真的想这么长时间都有六十秒了，你能不能在60秒内做到还是个问题"}, {"uid": "349209874", "content": "好耶"}, {"uid": "378982004", "content": "好耶"}, {"uid": "32589761", "content": "好耶"}, {"uid": "22531124", "content": "额是嫩叠"}, {"uid": "55865642", "content": "？？？？？？"}, {"uid": "244288318", "content": "你再骂！"}, {"uid": "41130405", "content": "好耶"}, {"uid": "375304128", "content": "好耶"}, {"uid": "93672377", "content": "好耶"}, {"uid": "402323763", "content": "Stella！"}, {"uid": "9643544", "content": "好耶"}, {"uid": "14225167", "content": "不愧是你"}, {"uid": "14225167", "content": "草"}, {"uid": "399197477", "content": "草"}, {"uid": "25105473", "content": "草"}, {"uid": "399197477", "content": "清   楚"}, {"uid": "27135607", "content": "开摆！"}, {"uid": "375547593", "content": "啥都不做就行"}, {"uid": "366018398", "content": "好耶"}, {"uid": "285490163", "content": "好！"}, {"uid": "50540192", "content": "草"}, {"uid": "29692021", "content": "一拳超人啊"}, {"uid": "73406901", "content": "好耶"}, {"uid": "107481544", "content": "？？？？"}, {"uid": "86523208", "content": "我要看"}, {"uid": "302400973", "content": "汪汪汪"}, {"uid": "630013818", "content": "好耶"}, {"uid": "549051620", "content": "汪汪汪"}, {"uid": "18657661", "content": "汪汪汪"}, {"uid": "4045162", "content": "？？？？？"}, {"uid": "42297620", "content": "？？"}, {"uid": "441113781", "content": "所以到底说了啥"}, {"uid": "494775580", "content": "疯 狂 伊 文"}, {"uid": "280453189", "content": "草"}, {"uid": "8416948", "content": "好耶"}, {"uid": "521885043", "content": "？"}, {"uid": "152675890", "content": "好耶"}, {"uid": "9382309", "content": "好耶"}, {"uid": "35219258", "content": "好耶"}, {"uid": "10619059", "content": "？"}, {"uid": "690735313", "content": "？？？"}, {"uid": "33331827", "content": "草"}, {"uid": "458181976", "content": "好耶"}, {"uid": "375275207", "content": "挺好"}, {"uid": "27996929", "content": "好耶"}, {"uid": "515139029", "content": "好耶！"}, {"uid": "471173444", "content": "汪汪汪"}, {"uid": "104396709", "content": "？？？"}, {"uid": "107481544", "content": "汪汪汪？？？？"}, {"uid": "107481544", "content": "啥"}, {"uid": "164804745", "content": "好耶！"}, {"uid": "15287639", "content": "如果是假的那乐子可大了"}, {"uid": "437310004", "content": "好耶"}, {"uid": "18773612", "content": "草，这个粉毛就是怪啦！"}, {"uid": "16779923", "content": "好耶"}, {"uid": "1796309", "content": "我是狗？"}, {"uid": "140489364", "content": "汪汪汪"}, {"uid": "523821888", "content": "空大"}, {"uid": "645471253", "content": "好耶"}, {"uid": "43633510", "content": "好耶"}, {"uid": "24031460", "content": "好耶"}, {"uid": "26188784", "content": "你管这叫亲嘴"}, {"uid": "457812459", "content": "这怎么模仿？"}, {"uid": "255870451", "content": "60秒也办不了什么啊"}, {"uid": "74511795", "content": "哔哔哔哔"}, {"uid": "1547399", "content": "好耶"}, {"uid": "6944494", "content": "好耶"}, {"uid": "1547399", "content": "哔哔哔哔"}, {"uid": "351975804", "content": "仗助？"}, {"uid": "375275207", "content": "好耶"}, {"uid": "452906187", "content": "那你做呀（doge"}, {"uid": "1129489601", "content": "汪汪汪"}, {"uid": "107481544", "content": "好耶"}, {"uid": "479564589", "content": "世界赶紧毁灭吧"}, {"uid": "2720956", "content": "好耶！"}, {"uid": "896226", "content": "好耶"}, {"uid": "91694815", "content": "好呀好呀"}, {"uid": "77988479", "content": "好耶"}, {"uid": "403073350", "content": "好耶！！"}, {"uid": "84922589", "content": "为什么没有S"}, {"uid": "645471253", "content": "汪汪汪"}, {"uid": "244279221", "content": "好耶！！！"}, {"uid": "422506966", "content": "好！！！！！！"}, {"uid": "32236202", "content": "《亲嘴》"}, {"uid": "160827363", "content": "kono塔菲哒！"}, {"uid": "350720580", "content": "赛文 赛文 赛文，赛文 赛文 赛文"}, {"uid": "403073350", "content": "前面都是老三体了"}, {"uid": "403073350", "content": "汪汪汪"}, {"uid": "403073350", "content": "等死结局"}, {"uid": "403073350", "content": "好！！！！！！！！！！！！！！！！！！！！！！！！！！！！！！！！！！！！"}, {"uid": "403073350", "content": "？？？？？？？？？？？？？？"}, {"uid": "4374133", "content": "狗就狗"}, {"uid": "10926049", "content": "龙哥就是龙"}, {"uid": "74511795", "content": "美国？那就是假新闻"}]