[{"uid": "295583822", "content": "新概念化学"}, {"uid": "23169697", "content": "你外婆帕里已经自己修炼化形了（"}, {"uid": "41978174", "content": "用等号连接鸭傻taffy"}, {"uid": "41978174", "content": "？？？？？标题出大问题"}, {"uid": "187866541", "content": "别问，问就是反应条件不对（ "}, {"uid": "431981067", "content": "字母守恒定律"}, {"uid": "471477445", "content": "科学原理在空间上是不均匀的"}, {"uid": "87465704", "content": "地球online已修复bug"}, {"uid": "21791784", "content": "时 间 平 移 对 称 性"}, {"uid": "645815945", "content": "反思一下自己为什么会进来"}, {"uid": "442709540", "content": "初三化学"}, {"uid": "34921630", "content": "虚 拟 赵 明 毅"}, {"uid": "38698120", "content": "你都是这么记的吗（"}, {"uid": "91316236", "content": "好家伙，氖都加进来了"}, {"uid": "616008867", "content": "懂了，塔菲是隔壁果树林里撒波尔多液的老大娘"}, {"uid": "224777263", "content": "你别骗我，我才刚开始学选考"}, {"uid": "91316236", "content": "湿 法 治 铜"}, {"uid": "85753483", "content": "盲猜从左到右硫酸铜、品红、氯化亚铁、六氟化铂溶液（doge）"}, {"uid": "487950585", "content": "都不是化学方程式，要把箭头改为等号"}, {"uid": "25729003", "content": "科学的尽头是魔法(误，你这是往回穿越了"}, {"uid": "254577830", "content": "看到标题我就进来了，很快啊"}, {"uid": "36753794", "content": "科 技 的 倒 退"}, {"uid": "45000184", "content": "炼，狠狠地炼，taffy就很不错（"}, {"uid": "359653873", "content": "Ba+2Na=banana工业制香蕉"}, {"uid": "359653873", "content": "Co+2Fe=coffee 工业制咖啡"}, {"uid": "3514566", "content": "是世界的规则发生了改变(确信)"}, {"uid": "242415366", "content": "这字幕可太对劲了"}, {"uid": "21559206", "content": "练不出老婆就抓你回去当老婆"}, {"uid": "41978174", "content": "草炼都可以炼"}, {"uid": "157629716", "content": "稀有气体排面"}, {"uid": "500783307", "content": "生成物如果是固体的话要加沉淀符号"}, {"uid": "258458666", "content": "打两拳不就行了（）"}, {"uid": "36462093", "content": "危 实验室 危"}, {"uid": "176361278", "content": "化  合  反  应"}, {"uid": "455546491", "content": "二价铁离子是绿色的"}, {"uid": "20289994", "content": "让她装到了"}, {"uid": "20289994", "content": "炼taffy"}, {"uid": "31546332", "content": "可恶，让她装到了"}, {"uid": "452269559", "content": "氧原子单独反应，没问题"}, {"uid": "309425785", "content": "化学老师震怒("}, {"uid": "165458554", "content": "不愧是你"}, {"uid": "38698120", "content": "材料不纯了（确信"}, {"uid": "1563892", "content": "噫～ 不愧是你"}, {"uid": "401099828", "content": "你从哪个平行世界过来的"}, {"uid": "4519980", "content": "我报警了"}, {"uid": "25729003", "content": "停一下，帕里连夜跑路"}, {"uid": "25729003", "content": "这是超理反应，作为碳基生物，超纲了"}, {"uid": "11872189", "content": "是化学式不是化学方程式吧？"}, {"uid": "295583822", "content": "亚铁离子"}, {"uid": "12454320", "content": "去做实验，然后把结果告诉大家"}, {"uid": "1563892", "content": "贤者之石都练不出来"}, {"uid": "431981067", "content": "？？？字母守恒定律"}, {"uid": "86794249", "content": "不是方程式吗"}, {"uid": "20289994", "content": "？？？？？"}, {"uid": "31286105", "content": "wife就离谱"}, {"uid": "235078700", "content": "Fe＋CuSo4=Cu+FeSo4"}, {"uid": "34703901", "content": "合情合理"}, {"uid": "647190383", "content": "希望这位能给我一些金属钠，可以用来做水雷"}, {"uid": "647190383", "content": "请问有没有金属钠"}, {"uid": "4346877", "content": "末 法 时 代"}, {"uid": "27865655", "content": "不愧是你"}, {"uid": "14943984", "content": "炼 自 己"}, {"uid": "24141412", "content": "一点也不色呢"}, {"uid": "90559379", "content": "taffy好歹不是丈育"}, {"uid": "11872189", "content": "世界是时变系统"}, {"uid": "283610124", "content": "你的意思是科学原理在时空上来说不是绝对的吗？原来如此"}, {"uid": "343271225", "content": "初中化学"}, {"uid": "94795009", "content": "箭头就不需要配平了鸭（化学生路过）"}, {"uid": "359175274", "content": "重复了不知道几遍"}, {"uid": "104400729", "content": "Ba+2Na=Banana"}, {"uid": "3514566", "content": "单向箭头其实也可以不配平("}, {"uid": "3799877", "content": "魔法之风含量"}, {"uid": "197751968", "content": "兔子变成兔美男需要满足每月一号这个条件"}, {"uid": "642583941", "content": "？？？？？？"}, {"uid": "323953409", "content": "这标题？？？？？？？？"}, {"uid": "106354134", "content": "化学30分开始窒息了"}, {"uid": "17784911", "content": "草"}, {"uid": "7267813", "content": "天才天才"}, {"uid": "1472172675", "content": "液 体"}, {"uid": "94757212", "content": "不愧是你"}, {"uid": "34921630", "content": "虚 拟 赵 明 毅"}, {"uid": "550475820", "content": "字母守恒定律"}, {"uid": "5589506", "content": "？狂喜"}, {"uid": "17887038", "content": "草"}, {"uid": "12672555", "content": "魔法炼金"}, {"uid": "352099154", "content": "草 氧单质一般都是氧气啊"}, {"uid": "15162788", "content": "物理学在空间上不平均"}, {"uid": "187570", "content": "大人时代变了"}, {"uid": "24141412", "content": "一点都不色呢"}, {"uid": "5696150", "content": "不可复现的实验都是放屁（"}, {"uid": "46389", "content": "很难绷得住"}, {"uid": "13936795", "content": "版本更新了是吧"}, {"uid": "23406387", "content": "taffyhso"}, {"uid": "295583822", "content": "人类の末路"}, {"uid": "106986184", "content": "等于号才配平啊"}, {"uid": "233881222", "content": "？？？？？？？"}, {"uid": "544462443", "content": "不打等号你前面加数字干嘛"}, {"uid": "237780780", "content": "那不是汗吗"}, {"uid": "413323448", "content": "草"}, {"uid": "42864459", "content": "？？？？？？"}, {"uid": "323874093", "content": "好家伙，你搁这搞超理呢"}, {"uid": "429632118", "content": "来了来了"}, {"uid": "34206504", "content": "草"}, {"uid": "22570530", "content": "牛牛勇敢！"}, {"uid": "92121645", "content": "好可爱"}, {"uid": "453959642", "content": "？？？？"}, {"uid": "50540192", "content": "草"}, {"uid": "401099828", "content": "草"}, {"uid": "1923172", "content": "...?????"}, {"uid": "1467203", "content": "炼金术士.JPG"}, {"uid": "74033617", "content": "举抱"}, {"uid": "143564249", "content": "《科学》"}, {"uid": "295583822", "content": "幻想科学时代"}, {"uid": "285569471", "content": "再来一遍"}, {"uid": "413323448", "content": "？？？？？？？？？"}, {"uid": "91485244", "content": "炼金术师"}, {"uid": "591457", "content": "炼金术"}, {"uid": "182585562", "content": "？？？？？？"}, {"uid": "299503099", "content": "你别骗我，我初二还没学过化学"}, {"uid": "491117", "content": "？？？？？？？"}, {"uid": "53707179", "content": "？？？"}, {"uid": "13666411", "content": "对呀对呀"}, {"uid": "334926483", "content": "？？？？"}, {"uid": "78121", "content": "peko可以变吗"}, {"uid": "5115380", "content": "已举办"}, {"uid": "55258", "content": "神代最后的残留是吧"}, {"uid": "24996702", "content": "你好懂啊"}, {"uid": "26382938", "content": "？"}, {"uid": "37884293", "content": "过了保质期了"}, {"uid": "353695896", "content": "？？？？？？"}, {"uid": "4494836", "content": "？？？？？？"}, {"uid": "336165862", "content": "？"}, {"uid": "400145985", "content": "已截"}, {"uid": "243796444", "content": "因为塔菲很色"}, {"uid": "6221030", "content": "？？？？？？"}, {"uid": "537937", "content": "已举办"}, {"uid": "190781921", "content": "？"}, {"uid": "394209786", "content": "99年"}, {"uid": "15666318", "content": "已举办"}, {"uid": "1977271423", "content": "就是我DD哒！"}, {"uid": "75379", "content": "？"}, {"uid": "19841653", "content": "一点也不涩了"}, {"uid": "382079250", "content": "食大便了"}, {"uid": "272674891", "content": "？？？？"}, {"uid": "482703963", "content": "○之炼金术师"}, {"uid": "7916556", "content": "草"}, {"uid": "25729003", "content": "听一下"}, {"uid": "25729003", "content": "？？？"}, {"uid": "160343317", "content": "？"}, {"uid": "15823004", "content": "什么发明家，炼金术士是吧"}, {"uid": "9669499", "content": "草"}, {"uid": "9669499", "content": "草"}, {"uid": "4494836", "content": "？？？？？"}, {"uid": "31183734", "content": "？？？"}, {"uid": "477790984", "content": "草"}, {"uid": "74033617", "content": "为什么我没有炼出猫耳娘？"}, {"uid": "478869199", "content": "来了"}, {"uid": "242415366", "content": "可爱"}, {"uid": "29056388", "content": "????"}, {"uid": "312150540", "content": "老婆"}, {"uid": "162192066", "content": "写箭头不是有机化学吗"}, {"uid": "429632118", "content": "？？？"}, {"uid": "23362230", "content": "？？？"}, {"uid": "359146771", "content": "？"}, {"uid": "432936544", "content": "hso"}, {"uid": "12158843", "content": "不是等号，可以不用配平吧"}, {"uid": "17887038", "content": "？？"}, {"uid": "78121", "content": "害怕"}, {"uid": "26827771", "content": "???"}, {"uid": "355141618", "content": "nekopara"}, {"uid": "10076039", "content": "炼金术"}, {"uid": "91226120", "content": "？"}, {"uid": "59437971", "content": "？"}, {"uid": "2788462", "content": "刚出生几天就不清楚了"}, {"uid": "356390855", "content": "？？？"}, {"uid": "73827141", "content": "???"}, {"uid": "8838222", "content": "太对了"}, {"uid": "309425785", "content": "草"}, {"uid": "283632", "content": "已举办"}, {"uid": "6221030", "content": "？？？？？？？？"}, {"uid": "644521936", "content": "？？？"}, {"uid": "8895532", "content": "？？？"}, {"uid": "16120788", "content": "hso"}, {"uid": "431981067", "content": "你会炼出一堆氧化钾渣渣"}, {"uid": "3026394", "content": "？？？"}, {"uid": "295088726", "content": "???"}, {"uid": "351975302", "content": "？？？"}, {"uid": "491117", "content": "炼 金"}, {"uid": "477790984", "content": "？"}, {"uid": "8071814", "content": "？？？"}, {"uid": "8790270", "content": "????"}, {"uid": "482703963", "content": "@桃井最中Monaka"}, {"uid": "26097712", "content": "草"}, {"uid": "161948151", "content": "时代的不同造就不同的科学是吧，懂了，现代灵气不足"}, {"uid": "13832195", "content": "？"}, {"uid": "4795758", "content": "向钾通纯氧（"}, {"uid": "489742537", "content": "？？？"}, {"uid": "3792847", "content": "?????"}, {"uid": "3002664", "content": "？？？"}, {"uid": "477790984", "content": "草"}, {"uid": "94609662", "content": "？？？？？？？？"}, {"uid": "271583129", "content": "？"}, {"uid": "1150133942", "content": "标题党举报了"}, {"uid": "74173597", "content": "？"}, {"uid": "237807028", "content": "啊这"}, {"uid": "521501444", "content": "？"}, {"uid": "480990825", "content": "？"}, {"uid": "87170938", "content": "科技倒退"}, {"uid": "26106151", "content": "可恶，无机反应写等于号啊"}, {"uid": "1977271423", "content": "hso"}, {"uid": "160431668", "content": "草"}, {"uid": "1901178", "content": "？？？"}, {"uid": "14943984", "content": "@帕里Paryi "}, {"uid": "521488342", "content": "啊这"}, {"uid": "224845275", "content": "？"}, {"uid": "295583822", "content": "时   代   局   限   性"}, {"uid": "204317899", "content": "标妈谱"}]