[{"uid": "351975804", "content": "诺斯克？"}, {"uid": "27229667", "content": "可恶，被她装到了"}, {"uid": "443702759", "content": "没戴耳机，社死了，谢谢"}, {"uid": "107481544", "content": "强强强"}, {"uid": "107481544", "content": "hso"}, {"uid": "107481544", "content": "kksk"}, {"uid": "107481544", "content": "嘻嘻"}, {"uid": "107481544", "content": "嘻嘻~、"}, {"uid": "107481544", "content": "？？？"}, {"uid": "107481544", "content": "哈哈哈哈哈哈哈哈哈哈哈"}, {"uid": "107481544", "content": "好帅哦"}, {"uid": "107481544", "content": "哈哈哈"}, {"uid": "107481544", "content": "这个眼神"}, {"uid": "107481544", "content": "hso"}, {"uid": "107481544", "content": "？？？？"}, {"uid": "107481544", "content": "喵"}, {"uid": "107481544", "content": "哈哈哈"}, {"uid": "107481544", "content": "taffy好帅哦"}, {"uid": "165458554", "content": "？"}, {"uid": "225131628", "content": "塔菲确实没玩过（）"}, {"uid": "22189852", "content": "选择了弹幕最多的打法"}, {"uid": "8130002", "content": "????"}, {"uid": "1563892", "content": "不愧是你"}, {"uid": "8930179", "content": "？"}, {"uid": "1621708", "content": "星弧破碎"}, {"uid": "39371375", "content": "全都she出来了"}, {"uid": "7267813", "content": "好呀好呀"}, {"uid": "7267813", "content": "嘻嘻"}, {"uid": "471011383", "content": "2333"}, {"uid": "471011383", "content": "梅开2度 "}, {"uid": "22189852", "content": "都给她懂完了"}, {"uid": "22189852", "content": "这太有节目效果了"}, {"uid": "22189852", "content": "完了，直播给她玩明白了"}, {"uid": "66745947", "content": "???"}, {"uid": "22189852", "content": "你也知道是怪话呀（"}, {"uid": "22189852", "content": "左下，alt+f4过分了（doge"}, {"uid": "204296785", "content": "所以你就卡在这了？"}, {"uid": "204296785", "content": "我是来这看游戏的啊"}, {"uid": "204296785", "content": "因为taffy很（）"}, {"uid": "204296785", "content": "轮流来不就是……"}, {"uid": "204296785", "content": "经典问题发言"}, {"uid": "204296785", "content": "妹啊，不是这吧"}, {"uid": "204296785", "content": "不要发出那种奇怪的声音啊kora"}, {"uid": "17879847", "content": "塔菲这么涩，还需要什么节目效果"}, {"uid": "2444574", "content": "辉夜是吧"}, {"uid": "1563892", "content": "嘻嘻"}, {"uid": "1563892", "content": "体感游戏"}, {"uid": "545652513", "content": "Ohhhhhhhhhhhhhhhhhhhhhhhhhhhhhhhhhhhhh"}, {"uid": "545652513", "content": "好呀好呀"}, {"uid": "545652513", "content": "嘻嘻"}, {"uid": "545652513", "content": "？？？？"}, {"uid": "545652513", "content": "嘻嘻"}, {"uid": "545652513", "content": "草"}, {"uid": "545652513", "content": "？？？？？？？？？？？？？？"}, {"uid": "34410203", "content": "可爱啊被她装到了！"}, {"uid": "34410203", "content": "Ohhhhhhhhhhhhhhhhhhhhhhhhhhhhhhhhhhhhhhhhhh"}, {"uid": "34410203", "content": "草 还说你不会东方！"}, {"uid": "34410203", "content": "破防了破防了！（"}, {"uid": "34410203", "content": "好耶！我也想一发入魂taffy！（"}, {"uid": "34410203", "content": "好腰"}, {"uid": "34410203", "content": "怪起来了"}, {"uid": "34410203", "content": "确实 这辈子确实还没玩过（"}, {"uid": "34410203", "content": "草 有8bit内味儿了"}, {"uid": "34410203", "content": "好呀好呀"}, {"uid": "34410203", "content": "余裕余裕！"}, {"uid": "34410203", "content": "太稳了"}, {"uid": "34410203", "content": "一时语塞"}, {"uid": "34410203", "content": "何止（"}, {"uid": "34410203", "content": "bad apple（"}, {"uid": "34410203", "content": "擦弹了草"}, {"uid": "34410203", "content": "可以 越共狂喜"}, {"uid": "34410203", "content": "演砸了 没演好不小心真的撞上去了的声音"}, {"uid": "34410203", "content": "草"}, {"uid": "34410203", "content": "来了来了"}, {"uid": "34410203", "content": "kksk"}, {"uid": "34410203", "content": "我们都想轮流触摸taffy"}, {"uid": "34410203", "content": "回来回来回来回来"}, {"uid": "34410203", "content": "出现了！经典勾引"}, {"uid": "10579112", "content": "kksk"}, {"uid": "10579112", "content": "??"}, {"uid": "10579112", "content": "？？??"}, {"uid": "348483505", "content": "天堂制造！"}, {"uid": "644521936", "content": "？"}, {"uid": "348483505", "content": "死因"}, {"uid": "42297620", "content": "左下角小剧场咋sans都整出来了"}, {"uid": "42297620", "content": "不对劲"}, {"uid": "103212335", "content": "存档点假的吧"}, {"uid": "103212335", "content": "选择了弹幕最多的打法"}, {"uid": "124288766", "content": "绿血没毛病（"}, {"uid": "108412025", "content": "绿的似血好像没错....."}, {"uid": "90559379", "content": "大江山岚简化版（确信）"}, {"uid": "402725067", "content": "东方经典弹幕"}, {"uid": "61961346", "content": "？？？？？"}, {"uid": "22349293", "content": "一包薯条嘻嘻"}, {"uid": "14689729", "content": "薯条玩过关我塔菲什么事"}, {"uid": "84794576", "content": "好呀好呀"}, {"uid": "84794576", "content": "金果（"}, {"uid": "84794576", "content": "您"}, {"uid": "1563892", "content": "ohhhhhhhh"}, {"uid": "1563892", "content": "怪诶"}, {"uid": "1563892", "content": "阴乐"}, {"uid": "1563892", "content": "嘻嘻"}, {"uid": "1563892", "content": "盖亚！！！"}, {"uid": "1563892", "content": "努力一下还是能上去的"}, {"uid": "1563892", "content": "高伤害 好帅哦"}, {"uid": "1563892", "content": "不愧是你"}, {"uid": "694900068", "content": "卧槽极限神穿"}, {"uid": "457812459", "content": "太弱小了，没有力量"}, {"uid": "2706424", "content": "？？太怪了"}, {"uid": "2706424", "content": "？？？？"}, {"uid": "101321462", "content": "Hso"}, {"uid": "97667024", "content": "只会掉到嘴里"}, {"uid": "221734726", "content": "我来我来"}, {"uid": "221734726", "content": "被害妄想症"}, {"uid": "4315483", "content": "她选择了弹幕最多的打法"}, {"uid": "8673634", "content": "？"}, {"uid": "473886657", "content": "??????"}, {"uid": "629217010", "content": "本音x2"}, {"uid": "8790270", "content": "强啊"}, {"uid": "8790270", "content": "节目效果来了"}, {"uid": "192040729", "content": "这合理吗"}, {"uid": "439826483", "content": "微软我燃烧你的梦啊"}, {"uid": "37408926", "content": "唱点能听的"}, {"uid": "6970044", "content": "哈哈哈"}, {"uid": "11749575", "content": "？？？"}, {"uid": "353695896", "content": "？？？？？？？？？？？"}, {"uid": "353695896", "content": "？？？？？？？？"}, {"uid": "9382309", "content": "确实比我好"}, {"uid": "9382309", "content": "kksk"}, {"uid": "9382309", "content": "好晃眼"}, {"uid": "9382309", "content": "嘻嘻"}, {"uid": "9382309", "content": "稳"}, {"uid": "9382309", "content": "我拉了"}, {"uid": "9382309", "content": "这是真牛，基本功扎实"}, {"uid": "9382309", "content": "草，没想到的地方"}, {"uid": "9382309", "content": "流汗黄豆是吧"}, {"uid": "9382309", "content": "开个()"}, {"uid": "9382309", "content": "玩明白了"}, {"uid": "9382309", "content": "嘻嘻"}, {"uid": "9382309", "content": "草"}, {"uid": "9382309", "content": "草，装起来了"}, {"uid": "9382309", "content": "？"}, {"uid": "437173802", "content": "阴乐"}, {"uid": "411235435", "content": "hso"}, {"uid": "27595631", "content": "？？？"}, {"uid": "24135443", "content": "直播都让你玩明白了"}, {"uid": "27626868", "content": "那就自己搞点罢"}, {"uid": "88154", "content": "体感游戏"}, {"uid": "6777397", "content": "大珠峰"}, {"uid": "88154", "content": "玩这个游戏的都有妄想症"}, {"uid": "6777397", "content": "iw经典之粘滞键"}, {"uid": "685112", "content": "恨不能再给20个硬币"}, {"uid": "771447", "content": "不设不去？"}, {"uid": "242415366", "content": "清晨（ ）"}, {"uid": "242415366", "content": "这也是一种直播效果了"}, {"uid": "243796444", "content": "高伤害，好帅哦"}, {"uid": "169532651", "content": "转生"}, {"uid": "65773231", "content": "草"}, {"uid": "388286875", "content": "草刚刚有个巫女说要一命通关（"}, {"uid": "388286875", "content": "波与粒的境界草"}, {"uid": "177626738", "content": "《高玩》"}, {"uid": "3914076", "content": "勾引了"}, {"uid": "28667796", "content": "不是因为taffy很（）？"}, {"uid": "28667796", "content": "有的人活着"}, {"uid": "20926212", "content": "嘻嘻"}, {"uid": "163067428", "content": "速度"}, {"uid": "34518556", "content": "hso"}, {"uid": "163067428", "content": "经典诱捕器，有的人活着"}, {"uid": "34518556", "content": "？"}, {"uid": "34518556", "content": "？"}, {"uid": "429632118", "content": "《没玩过》"}, {"uid": "429632118", "content": "《聪明》"}, {"uid": "429632118", "content": "《难度》"}, {"uid": "429632118", "content": "草"}, {"uid": "429632118", "content": "《人呢》"}, {"uid": "429632118", "content": "？"}, {"uid": "187889", "content": "这已经不是骗弹幕了，抢弹幕了属于是"}, {"uid": "295088726", "content": "hso"}, {"uid": "6315561", "content": "草"}, {"uid": "1977271423", "content": "hso"}, {"uid": "37072997", "content": "笑死"}, {"uid": "7154335", "content": "好呀好呀"}, {"uid": "397425823", "content": "请校准时钟"}, {"uid": "8390043", "content": "小跳不磕脑袋之术"}, {"uid": "8390043", "content": "死因，挺简单的"}, {"uid": "477585", "content": "hso"}, {"uid": "477585", "content": "好呀好呀"}, {"uid": "477585", "content": "？？？"}, {"uid": "14234348", "content": "擦弹"}, {"uid": "26929207", "content": "？？？"}, {"uid": "494825751", "content": "成年人学猫叫就很色气"}, {"uid": "457217602", "content": "草"}, {"uid": "114522730", "content": "人就离谱！"}, {"uid": "10738025", "content": "越共探头"}, {"uid": "652198876", "content": "《特别简单》"}, {"uid": "24996702", "content": "笑死"}, {"uid": "24996702", "content": "阴乐"}, {"uid": "11825934", "content": "你也知道是怪话啊（半恼"}, {"uid": "24996702", "content": "哈哈哈哈哈"}, {"uid": "24996702", "content": "？？？"}, {"uid": "435356088", "content": "《没玩过雀魂》"}, {"uid": "3020289", "content": "《特别简单"}, {"uid": "14964777", "content": "前世的记忆没有想起"}, {"uid": "14964777", "content": "？"}, {"uid": "192522780", "content": "泪目"}, {"uid": "192522780", "content": "这流不流汗黄豆啊这太流汗黄豆了这个"}, {"uid": "192522780", "content": "绿的似血太真实了"}, {"uid": "351975302", "content": "hso"}, {"uid": "192522780", "content": "草"}, {"uid": "192522780", "content": "弹幕最多的打法"}, {"uid": "290386463", "content": "帕佬又在dd了（"}, {"uid": "192522780", "content": "日本队又赢了！！！"}, {"uid": "192522780", "content": "？"}, {"uid": "2608071", "content": "简单这个词和iwanna系列似乎并不相关"}, {"uid": "24031460", "content": "搁这产卵呢"}, {"uid": "100150776", "content": "因为他没有在公共场合满音量放过这个视频"}, {"uid": "100150776", "content": "探头"}, {"uid": "24031460", "content": "体感游戏"}, {"uid": "100150776", "content": "草，真实"}, {"uid": "22518105", "content": "成菲球了"}, {"uid": "409570258", "content": "王牌级的gao wan"}, {"uid": "409570258", "content": "王牌级的hao wan"}, {"uid": "24031460", "content": "瞳孔地震"}, {"uid": "8004797", "content": "你打他啊"}, {"uid": "39719262", "content": "好强"}, {"uid": "8004797", "content": "这个存档到最后也没存上2333"}, {"uid": "8004797", "content": "黑白画风中，斜着的就是刺"}, {"uid": "8718103", "content": "捕鼠器"}, {"uid": "8718103", "content": "经典《这哪儿》"}, {"uid": "46402285", "content": "东 方 苹 果 录"}, {"uid": "109401722", "content": "小跳不磕脑袋之术"}, {"uid": "239260", "content": "也太涩了吧"}, {"uid": "5413187", "content": "您"}, {"uid": "5413187", "content": "亚卡马西！"}, {"uid": "6898", "content": "？？？"}, {"uid": "26004391", "content": "卡死了hhh"}, {"uid": "26004391", "content": "影视界"}, {"uid": "91915734", "content": "kksk"}, {"uid": "2291848", "content": "克星刺"}, {"uid": "33979659", "content": "亡牌级"}, {"uid": "472312884", "content": "这不来了个人嘛"}, {"uid": "472312884", "content": "？"}, {"uid": "13768920", "content": "？？？"}, {"uid": "140489364", "content": "草"}, {"uid": "2291848", "content": "hso"}, {"uid": "13761378", "content": "开始审判"}, {"uid": "422506966", "content": "表情应景 "}, {"uid": "140489364", "content": "tql"}, {"uid": "2053206", "content": "？？？？？？？？？？"}, {"uid": "1796309", "content": "朱自清震怒"}, {"uid": "1796309", "content": "拜托了，另一个我"}, {"uid": "16320187", "content": "烂苹果"}, {"uid": "7576566", "content": "经典被害妄想症"}, {"uid": "13167506", "content": "《没坑》"}, {"uid": "11872189", "content": "这里有种miya的语气"}, {"uid": "27229667", "content": "完了，被她装到了"}, {"uid": "2075668", "content": "我来！"}, {"uid": "187451825", "content": "粘贴  黏贴 粘糕"}, {"uid": "11872189", "content": "你也签了弹幕合约？"}, {"uid": "109389235", "content": "妈妈：我也不知道"}, {"uid": "27229667", "content": "太真实了草"}, {"uid": "3784448", "content": "？？？"}, {"uid": "23248116", "content": "成年人学猫叫就很____"}, {"uid": "33620493", "content": "属实给她整明白了"}, {"uid": "11872189", "content": "轮流来还行"}, {"uid": "403073350", "content": "？"}, {"uid": "109389235", "content": "草"}, {"uid": "185262", "content": "hso"}, {"uid": "19459126", "content": "节目效果拉满了属于是"}, {"uid": "36169346", "content": "猜到了"}, {"uid": "15693595", "content": "黄的似你"}, {"uid": "109389235", "content": "哈哈哈哈"}, {"uid": "36169346", "content": "草"}, {"uid": "12426769", "content": "薯条玩的，关我taffy什么事"}, {"uid": "2093645", "content": "真就10分钟"}, {"uid": "679473805", "content": "... "}, {"uid": "679473805", "content": "？？？"}, {"uid": "109389235", "content": "？？？"}, {"uid": "38286816", "content": "？？？"}, {"uid": "6590110", "content": "中 之 人 替 换"}, {"uid": "2093645", "content": "？？？"}, {"uid": "37865026", "content": "hso"}, {"uid": "245730942", "content": "蚌埠住了"}, {"uid": "37865026", "content": "？"}, {"uid": "5179708", "content": "DNA动了"}, {"uid": "471230847", "content": "hso"}, {"uid": "53613967", "content": "无事发生٩(๑•ㅂ•)۶"}, {"uid": "36822", "content": "完了完了我被困在这个时间段里面了"}, {"uid": "83550976", "content": "杀意的百合"}, {"uid": "37865026", "content": "？？？"}, {"uid": "29081127", "content": "看右上角真就10分钟"}, {"uid": "53613967", "content": "？？？？"}, {"uid": "11256385", "content": "草"}, {"uid": "83550976", "content": "bad apple"}, {"uid": "83550976", "content": "无双风神"}, {"uid": "37865026", "content": "草"}, {"uid": "83550976", "content": "波与粒的境界"}, {"uid": "83550976", "content": "二非乱弹"}, {"uid": "83550976", "content": "一非圆环"}, {"uid": "37865026", "content": "草"}, {"uid": "14016742", "content": "你脸红了"}, {"uid": "179946044", "content": "hso"}, {"uid": "23406387", "content": "kksk"}, {"uid": "50540192", "content": "草"}, {"uid": "14016742", "content": "???"}, {"uid": "37865026", "content": "hhh"}, {"uid": "37865026", "content": "hhh"}, {"uid": "398505408", "content": "《简单的地方》"}, {"uid": "100150776", "content": "情理之中"}, {"uid": "398505408", "content": "《难度》"}, {"uid": "2252831", "content": "hso"}, {"uid": "37865026", "content": "没有魅力(确信)"}, {"uid": "45401108", "content": "这就是传说中的chinv吗"}, {"uid": "7027653", "content": "？"}, {"uid": "422506966", "content": "与空气斗智斗勇"}, {"uid": "157556524", "content": "不射不去"}, {"uid": "92589422", "content": "草"}, {"uid": "422506966", "content": "hso"}, {"uid": "92589422", "content": "..."}, {"uid": "400564060", "content": "死因:怎么这么简单"}, {"uid": "11918104", "content": "这个女人戏好多哦（）"}, {"uid": "264872459", "content": "这话可太怪了"}, {"uid": "264872459", "content": "傻孩子啊"}, {"uid": "5628660", "content": "就这"}, {"uid": "23093167", "content": "经典打脸"}, {"uid": "403269758", "content": "死因：这有什么不好躲的"}, {"uid": "26968492", "content": "233333"}, {"uid": "403269758", "content": "死因：怎么有绿苹果"}, {"uid": "403269758", "content": "死因：不过还好存上了"}, {"uid": "403269758", "content": "死因：咦？"}, {"uid": "3201046", "content": "？？？？"}, {"uid": "92589422", "content": "强运taffy"}, {"uid": "474124871", "content": "这就是高玩吗？alal"}, {"uid": "403269758", "content": "死因：挺简单的"}, {"uid": "23936900", "content": "一会就这么勾引它.mp3"}, {"uid": "6011165", "content": "还轮流的，这孩子没救了"}, {"uid": "51540124", "content": "hso"}, {"uid": "484869307", "content": "？？？"}, {"uid": "438856352", "content": "《重新定义人》"}, {"uid": "7978767", "content": "轮流"}, {"uid": "23235356", "content": "？？？？？？？？？？？？？"}, {"uid": "156537015", "content": "与空气斗智斗勇"}, {"uid": "22189852", "content": "苹果，谢谢你！"}, {"uid": "545652513", "content": "？？？？？？？？？？？"}, {"uid": "34410203", "content": "CFM你怎么又在打电动哦！（cao"}, {"uid": "10579112", "content": "？？？？？"}, {"uid": "18992484", "content": "他好冷静呀"}, {"uid": "8359359", "content": "高伤害好帅哦~"}, {"uid": "7647381", "content": "这对劲吗"}, {"uid": "192522780", "content": "震撼"}, {"uid": "187451825", "content": "我怀疑 但没有"}, {"uid": "3784448", "content": "？？？"}, {"uid": "21703713", "content": "啊啊啊好帅啊"}, {"uid": "21703713", "content": "高伤害，好帅哦"}, {"uid": "4494836", "content": "？？？？？？？？？？？？"}, {"uid": "1563892", "content": "好帅哦."}, {"uid": "1563892", "content": "还是你伤害高"}, {"uid": "499279864", "content": "经典"}, {"uid": "12931170", "content": "合理"}, {"uid": "652198876", "content": "《简单》"}, {"uid": "30854181", "content": "？？？"}, {"uid": "140489364", "content": "？？？"}, {"uid": "253382817", "content": "？？？？？？？"}, {"uid": "31618", "content": "？？？？"}, {"uid": "421853581", "content": "好帅哦"}, {"uid": "36169346", "content": "taffy很涩"}, {"uid": "2093645", "content": "？？？"}, {"uid": "37865026", "content": "cfm好有魅力啊"}, {"uid": "242602963", "content": "？？？"}, {"uid": "400564060", "content": "《特 别 简 单》"}, {"uid": "264872459", "content": "？？？？？"}, {"uid": "4494836", "content": "？？？？？？？？？？"}, {"uid": "352048748", "content": "嗯啊"}, {"uid": "10579112", "content": "？？？？？？"}, {"uid": "103212335", "content": "粘"}, {"uid": "4168741", "content": "有的人活着"}, {"uid": "277330500", "content": "太涩了"}, {"uid": "424624982", "content": "hso"}, {"uid": "24996702", "content": "？？？"}, {"uid": "24031460", "content": "？？？"}, {"uid": "13768920", "content": "草"}, {"uid": "35329148", "content": "好家伙"}, {"uid": "100150776", "content": "高伤害"}, {"uid": "37865026", "content": "那就让cfm动起来好了"}, {"uid": "591457", "content": "我变大了"}, {"uid": "23936900", "content": "来了，经典"}, {"uid": "33079487", "content": "好涩啊"}, {"uid": "107481544", "content": "？？？"}, {"uid": "7267813", "content": "？？？？"}, {"uid": "34410203", "content": "kksk"}, {"uid": "2706424", "content": "？？？"}, {"uid": "411235435", "content": "嗯"}, {"uid": "499279864", "content": "？？？？"}, {"uid": "499279864", "content": "《那么简单》"}, {"uid": "5123387", "content": "hso"}, {"uid": "3500209", "content": "你再骂"}, {"uid": "24996702", "content": "？？？"}, {"uid": "33009957", "content": "太帅了"}, {"uid": "37865026", "content": "草"}, {"uid": "484869307", "content": "《高玩》"}, {"uid": "38870808", "content": "粘"}, {"uid": "1563892", "content": "好帅哦"}, {"uid": "10579112", "content": "hso"}, {"uid": "348483505", "content": "hso"}, {"uid": "4168741", "content": "危"}, {"uid": "277330500", "content": "你也知道啊"}, {"uid": "1563892", "content": "<特别简单>"}, {"uid": "2655419", "content": "Hso"}, {"uid": "221734726", "content": "你还知道你在说怪话"}, {"uid": "10316708", "content": "？"}, {"uid": "88154", "content": "我大了"}, {"uid": "3914076", "content": "太涩了"}, {"uid": "5123387", "content": "？？？？？？"}, {"uid": "771447", "content": "hso"}, {"uid": "429632118", "content": "？？？？"}, {"uid": "351975302", "content": "？？？"}, {"uid": "8481415", "content": "那边是必死"}, {"uid": "13768920", "content": "hso"}, {"uid": "95768088", "content": "怪"}, {"uid": "19459126", "content": "hso"}, {"uid": "10710079", "content": "???"}, {"uid": "400564060", "content": "???"}, {"uid": "107481544", "content": "kksk"}, {"uid": "1563892", "content": "好帅哦"}, {"uid": "277330500", "content": "草"}, {"uid": "422040165", "content": "hso"}, {"uid": "6315561", "content": "6666"}, {"uid": "7647381", "content": "hso"}, {"uid": "23764591", "content": "《开玩笑》"}, {"uid": "3784448", "content": "？？？？？"}, {"uid": "95768088", "content": "搞完"}, {"uid": "360219847", "content": "？？？"}, {"uid": "179002624", "content": "？？？"}, {"uid": "24213285", "content": "hso"}, {"uid": "4494836", "content": "草"}, {"uid": "175572283", "content": "hso"}, {"uid": "23093167", "content": "？"}, {"uid": "484869307", "content": "？？？"}, {"uid": "15160795", "content": "？好怪哦"}, {"uid": "12977484", "content": "这是哪"}, {"uid": "110513009", "content": "。。。"}, {"uid": "66745947", "content": "GG'"}, {"uid": "26827771", "content": "?"}, {"uid": "226263732", "content": "？"}, {"uid": "9382309", "content": "我大了"}, {"uid": "5123387", "content": "？？？"}, {"uid": "34518556", "content": "？？？"}, {"uid": "73827141", "content": "????"}, {"uid": "192522780", "content": "？？？"}, {"uid": "13768920", "content": "？？？"}, {"uid": "33009957", "content": "太小了"}, {"uid": "3784448", "content": "hso"}, {"uid": "8248098", "content": "hso"}, {"uid": "484869307", "content": "《简单》"}, {"uid": "27958300", "content": "？"}, {"uid": "107481544", "content": "喵"}, {"uid": "354045945", "content": "左下角弹幕疯了"}, {"uid": "638650113", "content": "？？？？？？"}, {"uid": "411235435", "content": "啊这"}, {"uid": "295088726", "content": "hso"}, {"uid": "263743487", "content": "《经   典    再    现》"}, {"uid": "557127", "content": "啊这这这"}, {"uid": "192522780", "content": "？"}, {"uid": "176576564", "content": "？？？？？？"}, {"uid": "420995055", "content": "hso"}, {"uid": "11256385", "content": "你还知道你说怪话"}, {"uid": "894892", "content": "？"}, {"uid": "33614239", "content": "这话好怪啊"}, {"uid": "23093167", "content": "？"}, {"uid": "4494836", "content": "哈哈哈哈哈哈哈哈哈哈哈"}, {"uid": "347762161", "content": "hso"}, {"uid": "258928310", "content": "这真的是我能免费看的吗！！！！！？？？"}, {"uid": "437135404", "content": "？"}, {"uid": "6537929", "content": "开玩笑 论讲怪话咱们可是祖宗！"}, {"uid": "7258322", "content": "？"}, {"uid": "487468715", "content": "？"}, {"uid": "34410203", "content": "经典再现哈哈哈哈哈哈哈哈哈哈哈哈哈哈哈哈哈哈哈哈"}, {"uid": "251128932", "content": "三回啊三回"}, {"uid": "403073350", "content": "她太懂直播了，"}, {"uid": "403073350", "content": "这就是高玩"}, {"uid": "245730942", "content": "就喜欢大舌头"}]