[{"uid": "23169697", "content": "“你怎么这么不标准啊？”"}, {"uid": "288926319", "content": "君中国语本当上手（"}, {"uid": "354004531", "content": "擦玻璃（x）鹅叫（√）"}, {"uid": "19678275", "content": "出租车司机带着大宝贝绕路"}, {"uid": "22189852", "content": "《那你能说》"}, {"uid": "99851817", "content": "准确度为1%(●°u°●)​ 」"}, {"uid": "617111022", "content": "字幕姬の无奈"}, {"uid": "305673160", "content": "这个翻译机yygq的（恼）"}, {"uid": "38727099", "content": "不令人心安，但令人安心的笑声"}, {"uid": "38727099", "content": "对线起来了"}, {"uid": "38727099", "content": "智械危机"}, {"uid": "50659", "content": "这玩意成精了"}, {"uid": "12784318", "content": "草哈哈哈哈"}, {"uid": "12784318", "content": "草，"}, {"uid": "23332494", "content": "是，一个间一个字的对了一半"}, {"uid": "15117779", "content": "老司机开出租车绕路"}, {"uid": "423431078", "content": "和翻译姬对线起来"}, {"uid": "39620517", "content": "出粗车司机绕路啊哈哈哈"}, {"uid": "13787793", "content": "哈哈哈哈哈哈"}, {"uid": "1556687", "content": "翻译软件：绕了我罢"}, {"uid": "452078243", "content": "哈哈哈哈哈这是笨蛋哈哈哈哈哈"}, {"uid": "34410203", "content": "《他不是故意的》"}, {"uid": "34410203", "content": "发出了美少女清楚的哼哼声"}, {"uid": "34410203", "content": "发出了很清楚的笑声"}, {"uid": "34410203", "content": "上手 上手"}, {"uid": "34410203", "content": "它已经傻了哈哈哈哈哈"}, {"uid": "3914076", "content": "全自动对线机哈哈哈"}, {"uid": "191349861", "content": "出租车司机水里绕路"}, {"uid": "409090687", "content": "肚子大了，我干的"}, {"uid": "7267813", "content": "王 牌 级 普 通 话"}, {"uid": "645471253", "content": "《看了你爸爸》"}, {"uid": "645471253", "content": "《那你还挺高的》"}, {"uid": "645471253", "content": "《这个怎么说》"}, {"uid": "3784448", "content": "没字幕完全看不懂（恼"}, {"uid": "401832209", "content": "收藏家早期与观众聊天大笑视频（）"}, {"uid": "10134067", "content": "笨笨笨笨"}, {"uid": "23169697", "content": "出租车司机水里绕路"}, {"uid": "189429601", "content": "《 智 械 危 机》"}, {"uid": "79395920", "content": "全自动对线机"}, {"uid": "129274289", "content": "塔斯马尼亚语"}, {"uid": "436338042", "content": "人 工 智 能"}, {"uid": "401099828", "content": "↑楼上，两生之敌"}, {"uid": "73827141", "content": "全自动对线"}, {"uid": "359653873", "content": "对线机"}, {"uid": "356041372", "content": "出租车司机绕路"}, {"uid": "35745020", "content": "祖传擦盘子"}, {"uid": "510105481", "content": "亡牌级"}, {"uid": "37408926", "content": "除草机"}, {"uid": "253138307", "content": "金  坷  垃(doge)"}, {"uid": "215177739", "content": "居然真的变标准了"}, {"uid": "25792383", "content": "翻译机受不了了，准备对线了"}, {"uid": "351975302", "content": "《那你还挺高的》"}, {"uid": "29453758", "content": "神会，载入史册"}, {"uid": "49224289", "content": "开始对线了"}, {"uid": "76996595", "content": "警惕新型人工智能"}, {"uid": "275195522", "content": "诶~女儿乖（doge"}, {"uid": "39357594", "content": "怕不是有个雏草姬藏在翻译机里面"}, {"uid": "206948882", "content": "这个翻译机有自己的吐槽方式"}, {"uid": "24058665", "content": "王牌级侦探发明家美少女的清楚笑声"}, {"uid": "82663209", "content": "高伤害，好帅哦"}, {"uid": "143564249", "content": "开始对线了草"}, {"uid": "3186258", "content": "草"}, {"uid": "82663209", "content": "自己乳自己，i了i了i"}, {"uid": "594437", "content": "开心到飞起的肚皮草"}, {"uid": "119029008", "content": "草 出租车 一生之敌"}, {"uid": "26031051", "content": "前 世 梦 魇"}, {"uid": "157629716", "content": "《一半都对了》"}, {"uid": "84116917", "content": "《我的》"}, {"uid": "309425785", "content": "哈哈哈哈哈哈哈笑死我了"}, {"uid": "29692021", "content": "哈哈哈哈哈哈哈哈哈哈哈哈哈"}, {"uid": "432936544", "content": "经典复刻"}, {"uid": "50540192", "content": "《那你还挺高的》"}, {"uid": "107481544", "content": "哈哈哈哈哈哈哈哈哈哈哈"}, {"uid": "55865642", "content": "哈哈哈哈哈哈"}, {"uid": "489742537", "content": "这是笨蛋哈哈哈哈哈哈哈哈"}, {"uid": "28623333", "content": "爽朗的笑声"}, {"uid": "28623333", "content": "经典出租车司机绕路"}, {"uid": "440142685", "content": "智械危机"}, {"uid": "13787793", "content": "哈哈哈哈哈"}, {"uid": "34410203", "content": "这不是传统艺能么2333外人永远听不懂cfm在说什么"}, {"uid": "295088726", "content": "人工智能"}, {"uid": "255602865", "content": "mian gao bou"}, {"uid": "29195881", "content": "加密"}, {"uid": "645471253", "content": "《他不是故意的》"}, {"uid": "10134067", "content": "草，和翻译机对线哈哈哈哈"}, {"uid": "3133310", "content": "机 器 学 习"}, {"uid": "9997952", "content": "它已经听傻了"}, {"uid": "26827771", "content": "素质翻译机"}, {"uid": "26827771", "content": "太胖了拍不响（"}, {"uid": "359653873", "content": "太准了，我都不看字幕听懂了"}, {"uid": "5183706", "content": "出租车司机绕路"}, {"uid": "84006587", "content": "“准确”"}, {"uid": "19683002", "content": "众所周知语音识别会有自动联想修复的功能"}, {"uid": "439826483", "content": "感觉这些俗语都有记录，只要音差不多就自动显示"}, {"uid": "215177739", "content": "出租车司机绕路"}, {"uid": "67780", "content": "我怀疑翻译机有AI自动补正"}, {"uid": "3618358", "content": "经典出租车司机"}, {"uid": "2349818", "content": "？？？？"}, {"uid": "76996595", "content": "草笑死了哈哈哈哈哈哈"}, {"uid": "291887477", "content": "王牌级，王牌级（捧读）"}, {"uid": "7639222", "content": "塔语可还行"}, {"uid": "356013766", "content": "哈哈哈哈"}, {"uid": "82663209", "content": "真令人兴奋！"}, {"uid": "86235334", "content": "出租车司机水里绕路"}, {"uid": "26031051", "content": "《呵呵》"}, {"uid": "23169697", "content": "这里念的比前世好多了"}, {"uid": "236973", "content": "成精了"}, {"uid": "14362954", "content": "哈哈哈哈哈"}, {"uid": "267620", "content": "狗妈一拳砸碎翻译机"}, {"uid": "245100357", "content": "擦盘子"}, {"uid": "109134807", "content": "标准"}, {"uid": "107481544", "content": "阴阳怪气的翻译姬"}, {"uid": "4045162", "content": "经典出租车司机"}, {"uid": "423431078", "content": "哈哈哈哈哈哈哈哈哈哈哈"}, {"uid": "14943984", "content": "花寄少女的笑声（幻听）"}, {"uid": "23562069", "content": "人工智能"}, {"uid": "565688", "content": "经典再现"}, {"uid": "76782133", "content": "请记住这句话"}, {"uid": "12900452", "content": "草"}, {"uid": "8063559", "content": "？？？？？"}, {"uid": "15162788", "content": "《我的》"}, {"uid": "452078243", "content": "哈哈哈看了你爸爸"}, {"uid": "29221526", "content": "杠铃般的笑声"}, {"uid": "29221526", "content": "哈哈哈哈哈哈哈哈哈哈哈"}, {"uid": "88011462", "content": "哈哈哈哈哈哈草"}, {"uid": "645471253", "content": "开始对线了"}, {"uid": "29420546", "content": "hso"}, {"uid": "147037001", "content": "哈哈哈哈"}, {"uid": "401099828", "content": "亡 牌"}, {"uid": "73827141", "content": "哈哈哈哈哈哈哈"}, {"uid": "26827771", "content": "哈哈哈哈哈哈哈"}, {"uid": "160431668", "content": "上头"}, {"uid": "14234348", "content": "说ji不说ba文明你我他"}, {"uid": "33943438", "content": "哈哈哈哈"}, {"uid": "94795009", "content": "出租车司机绕路"}, {"uid": "39036532", "content": "《节目效果》"}, {"uid": "656138", "content": "它也听不懂"}, {"uid": "4328909", "content": "祝坐飞机的人，不能一路顺风"}, {"uid": "23629990", "content": "好家伙！人工智能觉醒"}, {"uid": "197751968", "content": "比桃语要简单一些"}, {"uid": "345306920", "content": "发出了收藏家的笑声"}, {"uid": "24213285", "content": "hso"}, {"uid": "2904365", "content": "至今为止最清楚的一句"}, {"uid": "34184367", "content": "警惕智械危机（"}, {"uid": "136043", "content": "哈哈哈哈哈哈"}, {"uid": "265183403", "content": "我寻思这不是翻译机么"}, {"uid": "86235334", "content": "哈哈哈哈哈哈哈"}, {"uid": "80896001", "content": "经典出租车司机"}, {"uid": "243847597", "content": "健康的笑声"}, {"uid": "236973", "content": "哈哈哈哈哈哈哈哈哈哈"}, {"uid": "2084411", "content": "突发恶疾"}, {"uid": "107481544", "content": "哈哈哈哈哈哈"}, {"uid": "73356582", "content": "用力点啊"}, {"uid": "38727099", "content": "节目效果"}, {"uid": "153338083", "content": "和翻译机对线"}, {"uid": "489742537", "content": "哈哈哈哈哈哈哈哈哈哈"}, {"uid": "489742537", "content": "哈哈哈哈哈哈"}, {"uid": "4062798", "content": "哈哈哈哈哈哈哈哈哈哈哈"}, {"uid": "14689729", "content": "cu cu ce司机在sui里lao路"}, {"uid": "88011462", "content": "草对线了"}, {"uid": "226263732", "content": "hhhhhh"}, {"uid": "323953409", "content": "哈哈哈哈哈哈哈"}, {"uid": "39156062", "content": "唠路"}, {"uid": "205471175", "content": "hso"}, {"uid": "37072997", "content": "塔语太标准了"}, {"uid": "355900717", "content": "？？？？？"}, {"uid": "359653873", "content": "没有出租车司机水里绕路？"}, {"uid": "34390986", "content": "广西壮族zi zi区"}, {"uid": "2724318", "content": "哈哈哈哈哈"}, {"uid": "15198272", "content": "DNA动了"}, {"uid": "3773507", "content": "哈哈哈哈"}, {"uid": "225677308", "content": "？？？？？？"}, {"uid": "348502020", "content": "不会，我觉得桃子的声音很吸引人，一直都是这么认为的"}, {"uid": "350727660", "content": "涝路"}, {"uid": "14105563", "content": "这东西绝对搞了模糊搜索"}, {"uid": "394414", "content": "阴阳怪气"}, {"uid": "22147168", "content": "厉害厉害！"}, {"uid": "4494836", "content": "文明你我他"}, {"uid": "15242541", "content": "又疯了一个"}, {"uid": "4494836", "content": "哈哈哈哈哈哈哈哈"}, {"uid": "24758540", "content": "还能给自己辩护的，好高级"}, {"uid": "3186258", "content": "听的上瘾w"}, {"uid": "177986667", "content": "《你怎么这么不标准啊》"}, {"uid": "26338644", "content": "--/-...../.."}, {"uid": "50540192", "content": "草"}, {"uid": "70714556", "content": "对线机"}, {"uid": "4045162", "content": "智械危机"}, {"uid": "24150171", "content": "哈哈哈哈"}, {"uid": "50659", "content": "绝了"}, {"uid": "369491497", "content": "hso"}, {"uid": "77694917", "content": "突发恶疾"}, {"uid": "1363022", "content": "魔塔大陆语吗（"}, {"uid": "27548261", "content": "收藏家（"}, {"uid": "75379", "content": "经典再现"}, {"uid": "452078243", "content": "哈哈哈哈哈哈哈哈哈哈"}, {"uid": "29221526", "content": "智械危机"}, {"uid": "557127", "content": "翻译什么？？？？"}, {"uid": "323953409", "content": "哈哈哈哈哈哈哈"}, {"uid": "645471253", "content": "哈哈哈哈哈哈哈"}, {"uid": "645471253", "content": "哈哈哈哈哈哈"}, {"uid": "8021583", "content": "玻璃擦起来！"}, {"uid": "7749450", "content": "？？？？"}, {"uid": "359653873", "content": "经典之一"}, {"uid": "160431668", "content": "hhhhhhhhhhhhh"}, {"uid": "14234348", "content": "智械危机"}, {"uid": "3927530", "content": "理解万岁"}, {"uid": "5029812", "content": "天呐你真高"}, {"uid": "204898877", "content": "经典再现"}, {"uid": "3102804", "content": "突发恶疾"}, {"uid": "22121272", "content": "草"}, {"uid": "37865026", "content": "草"}, {"uid": "13908646", "content": "亡牌级"}, {"uid": "6553414", "content": "草"}, {"uid": "1796309", "content": "【AC娘_你看看你】"}, {"uid": "6315561", "content": "ohhhh"}, {"uid": "86235334", "content": "哈哈哈哈哈哈哈哈哈哈"}, {"uid": "86235334", "content": "哈哈哈哈哈笑死"}, {"uid": "143564249", "content": "哈哈哈"}, {"uid": "3510164", "content": "哈哈哈哈"}, {"uid": "736530", "content": "我的天 这口齿还是那么不清。。"}, {"uid": "373133571", "content": "我是笨蛋"}, {"uid": "50540192", "content": "草草草"}, {"uid": "107481544", "content": "666"}, {"uid": "369491497", "content": "亡牌"}, {"uid": "9075124", "content": "哈哈哈"}, {"uid": "39620517", "content": "胡言乱语"}, {"uid": "487955398", "content": "一生之敌"}, {"uid": "12180501", "content": "完了，听不懂啊"}, {"uid": "153338083", "content": "666"}, {"uid": "489742537", "content": "哈哈哈哈哈哈哈哈哈哈"}, {"uid": "489742537", "content": "哈哈哈哈哈哈哈哈"}, {"uid": "489742537", "content": "ohhhhhhhh"}, {"uid": "489742537", "content": "？？？？？？"}, {"uid": "13787793", "content": "现在已经比以前容易听懂多了"}, {"uid": "34410203", "content": "清楚 清楚"}, {"uid": "34410203", "content": "我DNA动了"}, {"uid": "3914076", "content": "哈哈哈哈哈哈"}, {"uid": "82702664", "content": "我DNA动了"}, {"uid": "34260922", "content": "经典老番"}, {"uid": "266986370", "content": "echo"}, {"uid": "5413187", "content": "666"}, {"uid": "157581094", "content": "神回"}, {"uid": "131652679", "content": "哈哈哈"}, {"uid": "8021583", "content": "哈哈哈哈"}, {"uid": "9669499", "content": "hso"}, {"uid": "6455994", "content": "草"}, {"uid": "16938711", "content": "阴阳翻译"}, {"uid": "2724318", "content": "太准了"}, {"uid": "15691780", "content": "我当时也登机了"}, {"uid": "1977271423", "content": "？？？翻译什么？？？"}, {"uid": "482072438", "content": "17岁零多少个月的少少女"}, {"uid": "8607104", "content": "可以要求不放"}, {"uid": "33672012", "content": "突然发病"}, {"uid": "671981", "content": "说话没R音全部发了L"}, {"uid": "1570297", "content": "文明翻译机"}, {"uid": "176279806", "content": "突发恶疾"}, {"uid": "200627809", "content": "草"}, {"uid": "76996595", "content": "呵呵，哈哈哈哈哈哈哈哈哈"}, {"uid": "76996595", "content": "hso"}, {"uid": "321596361", "content": "没有水里绕路？"}, {"uid": "6944494", "content": "草"}, {"uid": "24213285", "content": "哈哈哈哈哈"}, {"uid": "78509817", "content": "突发恶疾"}, {"uid": "57902614", "content": "平翘舌不分感觉，不太明显"}, {"uid": "82663209", "content": "狗妈∶？"}, {"uid": "6100084", "content": "这补正。。"}, {"uid": "307992580", "content": "好家伙"}, {"uid": "119029008", "content": "ohhhhhhhhhhhhhhhhhhhhhh"}, {"uid": "89001957", "content": "突发恶疾"}, {"uid": "36169346", "content": "说机不说吧"}, {"uid": "354004531", "content": "《不懂非懂》"}, {"uid": "309425785", "content": "有内味了"}, {"uid": "545652513", "content": "666"}, {"uid": "37067133", "content": "666"}, {"uid": "169196973", "content": "很厉害了"}, {"uid": "4045162", "content": "草"}, {"uid": "4045162", "content": "666"}, {"uid": "4045162", "content": "好家伙"}, {"uid": "1563892", "content": "樱言菲语"}, {"uid": "489742537", "content": "？？？？"}, {"uid": "489742537", "content": "呵呵哈哈哈哈哈哈"}, {"uid": "452078243", "content": "哈哈哈哈哈"}, {"uid": "452078243", "content": "哈哈哈哈哈哈哈哈哈哈"}, {"uid": "34410203", "content": "对呀对呀"}, {"uid": "88011462", "content": "好耶"}, {"uid": "93672377", "content": "hso"}, {"uid": "645471253", "content": "哈哈哈哈哈"}, {"uid": "3784448", "content": "ohhhhhhhhh"}, {"uid": "6455994", "content": "？？"}, {"uid": "147037001", "content": "？？？"}, {"uid": "73827141", "content": "对线机"}, {"uid": "12891523", "content": "草"}, {"uid": "2474312", "content": "草"}, {"uid": "1977271423", "content": "哈哈哈哈"}, {"uid": "1977271423", "content": "哈哈哈哈"}, {"uid": "1977271423", "content": "突发恶疾"}, {"uid": "30860563", "content": "好家伙"}, {"uid": "780683", "content": "造反了"}, {"uid": "1533224", "content": "草"}, {"uid": "19683002", "content": "经典重置"}, {"uid": "291840", "content": "草"}, {"uid": "11919272", "content": "666我滴宝贝"}, {"uid": "2904365", "content": "哈哈哈哈哈哈"}, {"uid": "76996595", "content": "草"}, {"uid": "253138097", "content": "不绕路了？"}, {"uid": "11076934", "content": "草"}, {"uid": "39357594", "content": "666"}, {"uid": "14166856", "content": "草草草"}, {"uid": "36169346", "content": "翻译机都比塔菲清楚"}, {"uid": "281278715", "content": "广西人狂喜"}, {"uid": "10579112", "content": "草"}, {"uid": "309425785", "content": "《陈华》"}, {"uid": "19092287", "content": "？？？"}, {"uid": "4045162", "content": "离谱"}, {"uid": "12784318", "content": "草"}, {"uid": "17887038", "content": "二甲！"}, {"uid": "489742537", "content": "哈哈哈哈哈哈哈哈哈"}, {"uid": "489742537", "content": "hso"}, {"uid": "4062798", "content": "hso"}, {"uid": "452078243", "content": "哈哈哈哈哈"}, {"uid": "488371", "content": "塔语海星"}, {"uid": "34410203", "content": "hso"}, {"uid": "191349861", "content": "DNA动了"}, {"uid": "7267813", "content": "我的我的"}, {"uid": "7267813", "content": "666"}, {"uid": "131652679", "content": "草"}, {"uid": "1509391", "content": "草"}, {"uid": "645471253", "content": "哈哈哈哈哈哈哈"}, {"uid": "645471253", "content": "说机不说吧"}, {"uid": "10134067", "content": "天才"}, {"uid": "8021583", "content": "草"}, {"uid": "6537929", "content": "这剪辑神了"}, {"uid": "24875583", "content": "草"}, {"uid": "9669499", "content": "？"}, {"uid": "73827141", "content": "草"}, {"uid": "421853581", "content": "对呀对呀"}, {"uid": "32423963", "content": "草"}, {"uid": "12891523", "content": "草kksk"}, {"uid": "160431668", "content": "哈哈哈哈"}, {"uid": "1570297", "content": "草"}, {"uid": "1830090", "content": "233"}, {"uid": "291887477", "content": "草"}, {"uid": "47597658", "content": "66"}, {"uid": "143564249", "content": "ohhhhhh"}, {"uid": "426877768", "content": "？？？？？？"}, {"uid": "177986667", "content": "呵呵"}, {"uid": "786526", "content": "草"}, {"uid": "36169346", "content": "草"}, {"uid": "236973", "content": "草"}, {"uid": "11562156", "content": "七奈老师好吗？"}, {"uid": "309425785", "content": "草"}, {"uid": "29692021", "content": "笑死"}, {"uid": "545652513", "content": "草"}, {"uid": "523440453", "content": "666"}, {"uid": "4045162", "content": "离谱"}, {"uid": "4045162", "content": "好"}, {"uid": "609534713", "content": "略略略略略略略略略"}, {"uid": "23562069", "content": "草"}, {"uid": "9075124", "content": "？"}, {"uid": "11256385", "content": "笑死"}, {"uid": "75379", "content": "？"}, {"uid": "452078243", "content": "啊这"}, {"uid": "11022585", "content": "666"}, {"uid": "5413187", "content": "呵 呵"}, {"uid": "645471253", "content": "哈哈哈哈哈"}, {"uid": "10134067", "content": "666"}, {"uid": "29133575", "content": "笑死"}, {"uid": "73827141", "content": "怎么不是烙鹿"}, {"uid": "73827141", "content": "烙鹿"}, {"uid": "26827771", "content": "EMP"}, {"uid": "26827771", "content": "草"}, {"uid": "485886411", "content": "草"}, {"uid": "20619959", "content": "你神经病呀"}, {"uid": "160431668", "content": "？？？？？？"}, {"uid": "170865942", "content": "草"}, {"uid": "1467356", "content": "笑死"}, {"uid": "15172763", "content": "？？？"}, {"uid": "225677308", "content": "ziziqu"}, {"uid": "1888396", "content": "？？？"}, {"uid": "251128932", "content": "那就祝坐飞机一路逆风？"}, {"uid": "1597872", "content": "字字区"}, {"uid": "351975302", "content": "吵死了"}, {"uid": "76996595", "content": "666"}, {"uid": "7639222", "content": "塔语？"}, {"uid": "297635972", "content": "草"}, {"uid": "37300276", "content": "呵呵呵呵"}, {"uid": "36220520", "content": "hso"}, {"uid": "34159970", "content": "好耶"}, {"uid": "6315561", "content": "草"}, {"uid": "20291", "content": "说ji不说吧"}, {"uid": "136043", "content": "？？"}, {"uid": "136043", "content": "辱菲勒"}, {"uid": "1135495297", "content": "诶"}, {"uid": "358836258", "content": "？"}, {"uid": "1722211649", "content": "Hso"}, {"uid": "35641505", "content": "人工智能竟恐怖如斯"}, {"uid": "20877518", "content": "拉了"}, {"uid": "407623523", "content": "草"}, {"uid": "489742537", "content": "666"}, {"uid": "31876354", "content": "广西人狂喜"}, {"uid": "2724318", "content": "呵呵"}, {"uid": "2474312", "content": "呵呵"}, {"uid": "2474312", "content": "cfm吵死了"}, {"uid": "1977271423", "content": "呵呵哈哈哈"}, {"uid": "1977271423", "content": "？？？"}, {"uid": "6442638", "content": "哈哈哈哈哈哈哈呢，哈哈哈哈哈哈哈怎么没翻译.jpg"}, {"uid": "13074070", "content": "奶t"}, {"uid": "11256385", "content": "xs"}, {"uid": "11076934", "content": "呵呵"}, {"uid": "4494836", "content": "cfm吵死了"}, {"uid": "136043", "content": "吵死了cfm"}, {"uid": "36169346", "content": "草"}, {"uid": "545652513", "content": "哈哈哈哈哈哈哈哈哈哈哈哈哈哈哈哈哈哈"}, {"uid": "50540192", "content": "哈哈哈哈哈哈哈哈哈哈哈哈哈哈哈"}, {"uid": "557127", "content": "哈哈哈哈哈哈哈哈哈哈哈哈哈哈哈哈哈哈哈哈哈哈哈哈哈哈哈哈哈"}, {"uid": "5413187", "content": "？？？？？？？？？？？？？？？？？？？？？？？"}, {"uid": "181357281", "content": "疑似被大司马夺舍"}]