[{"uid": "130122597", "content": "草一模一样"}, {"uid": "511986614", "content": "tql"}, {"uid": "511986614", "content": "扣血取消硬直"}, {"uid": "31303296", "content": "确实好打多了"}, {"uid": "113962028", "content": "人没了"}, {"uid": "247637255", "content": "没有送花给寻神者，不圆满"}, {"uid": "247637255", "content": "没有龙牙姐，好评"}, {"uid": "247637255", "content": "《初见》"}, {"uid": "383260924", "content": "高玩？=gaowan"}, {"uid": "11869550", "content": "你骗人，你刚刚明明就有砸芬达出来"}, {"uid": "11869550", "content": "这个梦钉吸魂就很熟练"}, {"uid": "390188571", "content": "蓝血岂是如此不便之物"}, {"uid": "183337212", "content": "都这么贪刀还说初见"}, {"uid": "471141926", "content": "？？？"}, {"uid": "23248935", "content": "谢谢，已经被室友塞到柜子里了"}, {"uid": "1553724227", "content": "好像排球"}, {"uid": "488476906", "content": "你好像脚粘在地上了似的"}, {"uid": "128458483", "content": "初见，忘了"}, {"uid": "128458483", "content": "《初见》"}, {"uid": "22189852", "content": "一口一个好可怕（"}, {"uid": "320931116", "content": "一拳打死嘤嘤怪"}, {"uid": "23319491", "content": "初 见"}, {"uid": "35930827", "content": "初见蓝血？"}, {"uid": "448361208", "content": "直接黑吼开局秒一个就好了"}, {"uid": "124288766", "content": "音游金粉yyds"}, {"uid": "1563892", "content": "在宿舍、用青轴、玩音游、死"}, {"uid": "3934587", "content": "初见指知道后面有温泉"}, {"uid": "2046798759", "content": "在下面之间，黑红，他不香么？"}, {"uid": "2046798759", "content": "是初通不是初见"}, {"uid": "408023401", "content": "好打（doge）"}, {"uid": "408023401", "content": "不是初通吗（doge）"}, {"uid": "12184720", "content": "蓝血：那我走？"}, {"uid": "167930265", "content": "可爱，单挑了"}, {"uid": "44159467", "content": "藏私是师门传统，不爽不要学（雾）"}, {"uid": "8485080", "content": "初见 后面有温泉"}, {"uid": "268605079", "content": "说实话，辐光真不难"}, {"uid": "4998237", "content": "好稳的打法"}, {"uid": "281749357", "content": "前四锁通再打的五门？"}, {"uid": "396687577", "content": "好厉害"}, {"uid": "84879074", "content": "开始洗头"}, {"uid": "101694476", "content": "有道理啊（doge）"}, {"uid": "133096200", "content": "??????"}, {"uid": "457812459", "content": "刚刚那个嫌弃的眼神2333333"}, {"uid": "505658097", "content": "看攻略〖doge〗"}, {"uid": "74104060", "content": "搁这拍肚皮呢"}, {"uid": "104379816", "content": "完 全 一 致"}, {"uid": "443022271", "content": "闪现迁坟"}, {"uid": "16518329", "content": "不会打（指攻击在对方身上就没停过）"}, {"uid": "38581789", "content": "2333"}, {"uid": "457217602", "content": "完全一致"}, {"uid": "288645307", "content": "两分钟"}, {"uid": "524012835", "content": "尿分叉怪"}, {"uid": "524012835", "content": "草，这老逼登没交我们怎么起飞"}, {"uid": "6859192", "content": "打这个超爽的"}, {"uid": "510614896", "content": "这熟悉的小碎步"}, {"uid": "175555448", "content": "我可算知道我当时五门为什么死这么惨了，我按梦魇格林的打法来打不死才怪"}, {"uid": "12193998", "content": "tql"}, {"uid": "12193998", "content": "tql"}, {"uid": "12193998", "content": "这可能就是大佬吧"}, {"uid": "12193998", "content": "青"}, {"uid": "231843202", "content": "没送花花 你是坏人"}, {"uid": "13190877", "content": "确实，抓一下接升龙这么躲，我是不敢"}, {"uid": "39238056", "content": "社死"}, {"uid": "19731438", "content": "蓝血那没事了，tql"}, {"uid": "522128513", "content": "《不要冲》"}, {"uid": "281742491", "content": "tql"}, {"uid": "15475629", "content": "茶轴手感也太差了"}, {"uid": "15475629", "content": "初见（指作为taffy初见"}, {"uid": "99851817", "content": "好砸"}, {"uid": "15618652", "content": "好，粉红色的，关注了"}, {"uid": "99851817", "content": "qiao实"}, {"uid": "99851817", "content": "白色夫人本体！"}, {"uid": "99851817", "content": "刚刚说白芬达的时候干嘛来着？"}, {"uid": "99851817", "content": "放了个bo'bo(●°u°●)​ 」"}, {"uid": "99851817", "content": "啊啊就，一命就很强了呀"}, {"uid": "99851817", "content": "可以开始莽了"}, {"uid": "99851817", "content": "我喜欢在地刺的时候蓄个钉技(●°u°●)​ 」"}, {"uid": "99851817", "content": "绝了"}, {"uid": "99851817", "content": "胡长老的招式很难不给面子"}, {"uid": "99851817", "content": "强的"}, {"uid": "99851817", "content": "我也是这么觉得，席奥的辐辉我拿的很早"}, {"uid": "99851817", "content": "喔！这个下砸"}, {"uid": "99851817", "content": "打得挺好的呀"}, {"uid": "99851817", "content": "行吧，开心就好"}, {"uid": "99851817", "content": "那个不能叫弹刀……"}, {"uid": "148416112", "content": "tql"}, {"uid": "1796040", "content": "？？？"}, {"uid": "94901692", "content": "草"}, {"uid": "302986611", "content": "《初见》"}, {"uid": "42343002", "content": "万般相逢如初见"}, {"uid": "345306920", "content": "当然是看攻略啦"}, {"uid": "30944673", "content": "我信你个鬼 第一次玩"}, {"uid": "8033913", "content": "开场下砸就行了，或者碰瓷"}, {"uid": "179494106", "content": "6666666"}, {"uid": "179494106", "content": "完全一致"}, {"uid": "163119784", "content": "66666"}, {"uid": "163119784", "content": "牛哇"}, {"uid": "121904381", "content": "沃玛款nya"}, {"uid": "26827771", "content": "反 冲 斗 士"}, {"uid": "17759414", "content": "大蛾子"}, {"uid": "17759414", "content": "马爹，yyd爹"}, {"uid": "147037001", "content": "ohhhhh"}, {"uid": "586679478", "content": "蓝血是种负担（"}, {"uid": "586679478", "content": "开头说过之前看过但没玩"}, {"uid": "549478255", "content": "打点计时器"}, {"uid": "109389235", "content": "辐光了"}, {"uid": "109389235", "content": "来了"}, {"uid": "109389235", "content": "草，第一次看见小碎步"}, {"uid": "109389235", "content": "祖师爷！"}, {"uid": "109389235", "content": "师兄"}, {"uid": "109389235", "content": "这就是初见的实力吗！太厉害了，就像想起了前世的记忆一样"}, {"uid": "4783487", "content": "你必肥"}, {"uid": "109389235", "content": "管理员，快开空调.jpg"}, {"uid": "109389235", "content": "？？？？"}, {"uid": "109389235", "content": "打的好快"}, {"uid": "583542700", "content": "初见指前四门都完成四锁"}, {"uid": "226163442", "content": "666"}, {"uid": "335769025", "content": "我也在等"}, {"uid": "335769025", "content": "强强"}, {"uid": "335769025", "content": "下面请欣赏taffy小姐为我们带来的颠球表演（）"}, {"uid": "335769025", "content": "一害怕就把人家杀了"}, {"uid": "335769025", "content": "？？？"}, {"uid": "10356442", "content": "草"}, {"uid": "335769025", "content": "←你对师兄怕是有什么误解，这不都是师傅吗"}, {"uid": "37222285", "content": "果然最后死的总是中间的"}, {"uid": "65580151", "content": "看到以前的自己"}, {"uid": "6859192", "content": "芬达！"}, {"uid": "282003527", "content": "前世的记忆"}, {"uid": "52258286", "content": "逊呐，这个塔菲就是逊呐"}, {"uid": "6045710", "content": "tql"}, {"uid": "106531174", "content": "寝室关系终结者"}, {"uid": "1050172794", "content": "石之 庇 护 所"}, {"uid": "1050172794", "content": "因 果 律 大 跳"}, {"uid": "1050172794", "content": "六 喜 丸 子"}, {"uid": "1876620", "content": "草"}, {"uid": "28452457", "content": "有暗影冲刺，有帝王之翼直接上去空战"}, {"uid": "1550750", "content": "小师弟殴打二三师兄"}, {"uid": "66319", "content": "太熟练了"}, {"uid": "511640024", "content": "偷袭，不讲武德"}, {"uid": "803587", "content": "？？？"}, {"uid": "32423963", "content": "草"}, {"uid": "667030306", "content": "菜的真实"}, {"uid": "667030306", "content": "耗子叫"}, {"uid": "667030306", "content": "有本事梦魇也这么打"}, {"uid": "667030306", "content": "???"}, {"uid": "667030306", "content": "好打多了"}, {"uid": "667030306", "content": "好厉害的"}, {"uid": "667030306", "content": "你在淦神魔"}, {"uid": "667030306", "content": "b站有剑技流打三螳螂的视频，超帅"}, {"uid": "667030306", "content": "弄死她"}, {"uid": "667030306", "content": "你怎么不超载亡怒呢"}, {"uid": "667030306", "content": "刚刚不用黑波吗"}, {"uid": "667030306", "content": "我玩法术流，感觉除了失败冠军都比较好打"}, {"uid": "594437", "content": "她要的档特意说不要救左特的（"}, {"uid": "667030306", "content": "它前摇怎么长你不回?"}, {"uid": "52258286", "content": "法术留着过年"}, {"uid": "352962266", "content": "tql"}, {"uid": "352962266", "content": "惊了"}, {"uid": "352962266", "content": "好接"}, {"uid": "352962266", "content": "马爹yyds，只要是新手就一定在五门被马爹教过做人"}, {"uid": "5413187", "content": "看的是不是一包薯条嘻嘻的攻略"}, {"uid": "352962266", "content": "叛徒领主要是血多点估计能劝退不少人"}, {"uid": "352962266", "content": "劲舞团的太顶了，我这条命都是下砸给的"}, {"uid": "1547399", "content": "草"}, {"uid": "352962266", "content": "收藏家早期v界视频流出"}, {"uid": "352962266", "content": "之前就想说了，下砸的节奏掌握的好棒，"}, {"uid": "352962266", "content": "打的好不如接的好"}, {"uid": "402121695", "content": "其实这里感觉已经很熟练了"}, {"uid": "352962266", "content": "惊了"}, {"uid": "402121695", "content": "打他不会用剑技的话真的很折磨"}, {"uid": "402121695", "content": "草，果然都是这样挑键盘的"}, {"uid": "43210220", "content": "？？？？啊？hso？啊？"}, {"uid": "1547399", "content": "5分钟（"}, {"uid": "43210220", "content": "说了云过，有时候看个攻略也没什么问题吧"}, {"uid": "34276112", "content": "草"}, {"uid": "525921406", "content": "左特呢？？？"}, {"uid": "115202156", "content": "？"}, {"uid": "115202156", "content": "？"}, {"uid": "29067496", "content": "初见指无数遍了 "}, {"uid": "113649674", "content": "阿米洛樱花（"}, {"uid": "282799733", "content": "太强了"}, {"uid": "45029989", "content": "牛的"}, {"uid": "525921406", "content": "白给姐妹"}, {"uid": "282799733", "content": "耳膜，我的耳膜"}, {"uid": "20926212", "content": "完全一致"}, {"uid": "21843375", "content": "洗头"}, {"uid": "255602865", "content": "初见根本到不了神居打不了门"}, {"uid": "309425785", "content": "？"}, {"uid": "309425785", "content": "草"}, {"uid": "309425785", "content": "h so"}, {"uid": "34444872", "content": "？？？？？？"}, {"uid": "21843375", "content": "你库爹"}, {"uid": "21843375", "content": "你眼奶奶"}, {"uid": "21843375", "content": "这关喜之郎是真的烦"}, {"uid": "3604263", "content": "KKSK"}, {"uid": "21843375", "content": "阿伟警告"}, {"uid": "135253416", "content": "臭粉毛"}, {"uid": "67729959", "content": "奶狗suki"}, {"uid": "2035630", "content": "草"}, {"uid": "21843375", "content": "白给贤者"}, {"uid": "21843375", "content": "一边过（"}, {"uid": "932662", "content": "初见怎么知道有温泉的"}, {"uid": "21843375", "content": "白给水母"}, {"uid": "21843375", "content": "白给骑士团"}, {"uid": "190871041", "content": "太强了"}, {"uid": "21843375", "content": "团长！！！！！！"}, {"uid": "21843375", "content": "恶心驯服者"}, {"uid": "21843375", "content": "白给家"}, {"uid": "21843375", "content": "蓝血毁灭者"}, {"uid": "21843375", "content": "草学到了"}, {"uid": "446859216", "content": "其实失败冠军死了也可以劈铠甲回灵魂"}, {"uid": "437267064", "content": "完 全 一 致"}, {"uid": "21843375", "content": "白给领主"}, {"uid": "1796309", "content": "能不能玩点比新游戏还刺激的"}, {"uid": "67729959", "content": "初见就懂了大师的语言耶(doge"}, {"uid": "11872189", "content": "听着很爽"}, {"uid": "21843375", "content": "白给大师"}, {"uid": "12904717", "content": "强呀"}, {"uid": "21843375", "content": "没魂"}, {"uid": "189210957", "content": "同 化"}, {"uid": "189210957", "content": "完全一致"}, {"uid": "21843375", "content": "手鼓猫"}, {"uid": "7154335", "content": "言语已经无法表达我对cfm的敬佩之情"}, {"uid": "159533035", "content": "《这东西好厉害的》"}, {"uid": "7154335", "content": "太强了"}, {"uid": "171991910", "content": "强 塔菲 强"}, {"uid": "424552929", "content": "好家伙，完全一致"}, {"uid": "108103414", "content": "？"}, {"uid": "159533035", "content": "帅啊"}, {"uid": "20919862", "content": "ohhhhhhhhhh"}, {"uid": "11872189", "content": "中之人找到了"}, {"uid": "7154335", "content": "对味儿了"}, {"uid": "437135404", "content": "草，完全一致"}, {"uid": "1796309", "content": "不愧是你"}, {"uid": "171991910", "content": "普通人打五门的，谁不尊称一声马爹（doge）"}, {"uid": "2026686", "content": "草，害挺像"}, {"uid": "2026686", "content": "胡长老不想给面子"}, {"uid": "7154335", "content": "hso"}, {"uid": "87656186", "content": "taffy真厉害"}, {"uid": "87656186", "content": "强强taffy"}, {"uid": "87656186", "content": "ohhhhhhhhhh"}, {"uid": "87656186", "content": "ohhhhhhhhhhhh"}, {"uid": "87656186", "content": "ohhhhhhhhh"}, {"uid": "87656186", "content": "ohhhhhhhhhhh"}, {"uid": "87656186", "content": "ohhhhhhhhhhhhh"}, {"uid": "28583601", "content": "tql"}, {"uid": "28583601", "content": "ohhhhhhh"}, {"uid": "87656186", "content": "诶！"}, {"uid": "28583601", "content": "强啊"}, {"uid": "87656186", "content": "厉害，指自己"}, {"uid": "87656186", "content": "厉害，指自己"}, {"uid": "23936900", "content": "经典来了"}, {"uid": "180590463", "content": "草"}, {"uid": "28583601", "content": "草"}, {"uid": "87656186", "content": "小菲菲变强了"}, {"uid": "4469038", "content": "？？？"}, {"uid": "42343002", "content": "《根本不会打》"}, {"uid": "6944494", "content": "ohhhhh"}, {"uid": "7154335", "content": "笑死，根本不需要会打，直接满血"}, {"uid": "12689283", "content": "草"}, {"uid": "42343002", "content": "初见会拼刀的新手（雾"}, {"uid": "42343002", "content": "谁家初见会打五门啊kora"}, {"uid": "42343002", "content": "青轴累手卡手，一般都是茶轴红轴"}, {"uid": "102553868", "content": "还是怀念那个挂壁的cfm（）"}, {"uid": "102553868", "content": "雀食"}, {"uid": "37865026", "content": "塔菲头上的是什么呀"}, {"uid": "429632118", "content": "来了来了"}, {"uid": "245168353", "content": "我也云过 打了不下几十遍了就是没你那么熟练"}, {"uid": "28835930", "content": "听着像青轴"}, {"uid": "5744826", "content": "会发出 所有人都喜欢的声音"}, {"uid": "780683", "content": "您又初见了是吧"}, {"uid": "9563797", "content": "波吼砸留着过年？"}, {"uid": "26841631", "content": "迫真演技"}, {"uid": "38071289", "content": "可爱！"}, {"uid": "37865026", "content": "草"}, {"uid": "37865026", "content": "确实"}, {"uid": "429632118", "content": "《初见》"}, {"uid": "99851817", "content": "这里还可以抽"}, {"uid": "39148756", "content": "这说话声听起来像是含着口水说的"}, {"uid": "11824464", "content": "这弹簧音是没场润吗"}, {"uid": "28623333", "content": "音游不是银轴快乐一点吗"}, {"uid": "373127873", "content": "来晚了"}, {"uid": "7027653", "content": "这个我记得玩过呀（怎么就初见了）"}, {"uid": "19125293", "content": "前世记忆是吧"}, {"uid": "3207714", "content": "看的黑桃影的攻略是吧"}, {"uid": "396079", "content": "红轴吧"}, {"uid": "282771184", "content": "谁家小狗叫了"}, {"uid": "155592440", "content": "臭粉毛不愧是你"}, {"uid": "129980021", "content": "居然不带萨满。"}, {"uid": "32423963", "content": "233"}, {"uid": "11872189", "content": "不愧是cfm"}, {"uid": "350727660", "content": "音游红轴吧"}, {"uid": "5696150", "content": "云cst的视频是吧"}, {"uid": "442247411", "content": "1分钟"}, {"uid": "170141183", "content": "夹？"}, {"uid": "1595669", "content": "你是不是云的黑桃影的直播"}, {"uid": "40107747", "content": "中之人是吉娃娃确定了"}, {"uid": "457812459", "content": "？？？？？？？？？？？？？？？"}]