[{"uid": "514370115", "content": "布衾多年冷似铁"}, {"uid": "29171721", "content": "玛丽莲-taffy"}, {"uid": "82627224", "content": "这是可丽饼"}, {"uid": "350811945", "content": "好涩哦我都不看这些的jpg"}, {"uid": "4494836", "content": "prprprprprprpr"}, {"uid": "122618224", "content": "泪子直呼内行"}, {"uid": "27964422", "content": "sc瞩目"}, {"uid": "11945356", "content": "笑死，更不色不起了"}, {"uid": "36628085", "content": "超管：收到，在赶来的路上"}, {"uid": "2050808538", "content": "这个taffy怎么跟桃子似的（恼）"}, {"uid": "545652513", "content": "哈哈哈哈哈哈哈哈哈哈哈哈哈哈"}, {"uid": "545652513", "content": "？？？？？"}, {"uid": "402725067", "content": "军旅生活"}, {"uid": "621685198", "content": "《我有一个朋友》"}, {"uid": "475768454", "content": "碳基生物不会认为这是腿"}, {"uid": "438803804", "content": "10元一下？"}, {"uid": "438803804", "content": "可能超管正看得津津有味"}, {"uid": "521885043", "content": "这已经不是地球人能理解的了"}, {"uid": "521885043", "content": "超管：极限拉扯"}, {"uid": "35939182", "content": "绝了，热门"}, {"uid": "107481544", "content": "10块钱！给我来100块钱的"}, {"uid": "90242681", "content": "雨 脚 如 麻 未 断 绝"}, {"uid": "795401", "content": "“干货全拿走，开店就赚钱，小吃虽小也有大学问”"}, {"uid": "85168151", "content": "超管已经晕过去了.jpg"}, {"uid": "490866949", "content": "草，还附带腿毛"}, {"uid": "490866949", "content": "危"}, {"uid": "347134006", "content": "hso我要一份"}, {"uid": "401099828", "content": "@佐天泪子"}, {"uid": "645471253", "content": "超管：你再骂"}, {"uid": "19174622", "content": "kksk"}, {"uid": "14954329", "content": "埃菲尔铁塔"}, {"uid": "347754118", "content": "这不是根本没看到吗（恼"}, {"uid": "234502276", "content": "查询世界上最大的头（）"}, {"uid": "3156545", "content": "ohhhhhhh"}, {"uid": "3156545", "content": "“超管已经三天没打我了”"}, {"uid": "3156545", "content": "给我来一份！"}, {"uid": "176930608", "content": "薯条也就十块钱"}, {"uid": "424885838", "content": "今日乳法（1/1）"}, {"uid": "88063970", "content": "超管:你礼貌吗？"}, {"uid": "3233284", "content": "有没有大佬高清重制一下"}, {"uid": "178844393", "content": "娇儿恶卧踏里裂了属于是"}, {"uid": "18773612", "content": "草，这个粉毛就是怪哦！"}, {"uid": "178844393", "content": "超管腾不出手了"}, {"uid": "4613957", "content": "雨 脚 如 麻 未 断 绝"}, {"uid": "36932948", "content": "笑死，被抓住都不够赔的"}, {"uid": "9382309", "content": "超管：“这是腿？”"}, {"uid": "8130169", "content": "超管：我得看全了再警告"}, {"uid": "499420581", "content": "一分钟，我出息了"}, {"uid": "29171721", "content": "玛利亚梦taffy"}, {"uid": "475423758", "content": "凶杀现场"}, {"uid": "18688043", "content": "我出一万！"}, {"uid": "4494836", "content": "十块钱给我来100份"}, {"uid": "4494836", "content": "？？？？？？？"}, {"uid": "4494836", "content": "prprprprprprpr"}, {"uid": "2514120", "content": "过"}, {"uid": "88236253", "content": "原来那天画得是腿……"}, {"uid": "56848844", "content": "危"}, {"uid": "265497654", "content": "666"}, {"uid": "290311012", "content": "热门通知书"}, {"uid": "18196409", "content": "我的热门第一就离谱"}, {"uid": "416552610", "content": "当代毕加索"}, {"uid": "107481544", "content": "哈哈哈哈哈哈可怜"}, {"uid": "290912252", "content": "草别说还有点像"}, {"uid": "99608199", "content": "学到了"}, {"uid": "698083167", "content": "lv.6"}, {"uid": "11372688", "content": "10块？我买爆！"}, {"uid": "170949843", "content": "超管：就这就这（不屑）"}, {"uid": "351509601", "content": "prprprprpr"}, {"uid": "458181976", "content": "？我要吃"}, {"uid": "33351431", "content": "灵魂画师"}, {"uid": "441091654", "content": "好帅哦"}, {"uid": "403781013", "content": "可爱呀"}, {"uid": "217797936", "content": "我也不知道，超管应该知道"}, {"uid": "2556736", "content": "草，ruki"}, {"uid": "17784911", "content": "？？？？？"}, {"uid": "7846303", "content": "薯条是吧"}, {"uid": "452737137", "content": "？？？？？"}, {"uid": "402725067", "content": "前线军营实录"}, {"uid": "455698053", "content": "爱了"}, {"uid": "525762048", "content": "泪目"}, {"uid": "609670149", "content": "重新定义腿"}, {"uid": "88275773", "content": "哈哈哈哈"}, {"uid": "37230432", "content": "我裂开了"}, {"uid": "318221862", "content": "吃小塔菲"}, {"uid": "93672377", "content": "我来一个"}, {"uid": "54292552", "content": "草这说的不是万子姐嘛"}, {"uid": "9465757", "content": "suki"}, {"uid": "413323448", "content": "prprprprprpr"}, {"uid": "413323448", "content": "可爱"}, {"uid": "423873088", "content": "草ruki那件事（笑哭）"}, {"uid": "432216", "content": "10块一次是吧"}, {"uid": "13768920", "content": "来一打"}, {"uid": "18773612", "content": "10块我买了！"}, {"uid": "88195485", "content": "不愧是你"}, {"uid": "392710759", "content": "《陋  室  铭》"}, {"uid": "403781013", "content": "可爱"}, {"uid": "4494836", "content": "？？？？？"}, {"uid": "10971697", "content": "保～～安～～"}, {"uid": "13787793", "content": "还挺牛"}, {"uid": "89594066", "content": "kksk"}, {"uid": "3156545", "content": "怎么上热门了"}, {"uid": "96082557", "content": "薯条是吧"}, {"uid": "23035211", "content": "星野饼美觉得很淦"}, {"uid": "15527661", "content": "可爱"}, {"uid": "8248098", "content": "10元一次（"}, {"uid": "215148802", "content": "内涵ruki"}, {"uid": "340360939", "content": "我买十个"}, {"uid": "529023744", "content": "可爱"}, {"uid": "289687260", "content": "我出20！"}, {"uid": "161948151", "content": "ruki是吧"}, {"uid": "22008497", "content": "prprpr"}, {"uid": "125281471", "content": "这不夹子吗？"}, {"uid": "401400350", "content": "prprprprpr"}, {"uid": "38281713", "content": "我出100"}, {"uid": "667030306", "content": "在现场"}, {"uid": "1884600500", "content": "11笑死买不起"}, {"uid": "177719733", "content": "13分钟，好耶！"}, {"uid": "117563310", "content": "两分钟，好耶"}, {"uid": "32728904", "content": "城管现在还会管吗"}, {"uid": "9465757", "content": "kksk"}, {"uid": "645471253", "content": "我出11块"}, {"uid": "440690201", "content": "星野饼美觉得很淦"}, {"uid": "362158339", "content": "热乎"}, {"uid": "3935190", "content": "黄色套子"}, {"uid": "7846303", "content": "那是因为taffy很涩"}, {"uid": "7846303", "content": "根本涩不起来"}, {"uid": "7846303", "content": "是否还记得某次出道就被警告（"}, {"uid": "48614058", "content": "草"}, {"uid": "503459856", "content": "我要吃棒棒糖"}, {"uid": "13952073", "content": "5头身？"}, {"uid": "313806643", "content": "完全不涩"}, {"uid": "38049359", "content": "？"}, {"uid": "7923531", "content": "你又开始了"}, {"uid": "3139277", "content": "奶酪味的是吧"}, {"uid": "12661947", "content": "草"}, {"uid": "18688043", "content": "草"}, {"uid": "4494836", "content": "草"}, {"uid": "23838334", "content": "明天下午就考了，没有就算了吧"}, {"uid": "4494836", "content": "hso"}, {"uid": "4494836", "content": "草"}, {"uid": "35148361", "content": "你这饼皮子是金子做的还是饼里的东西是金子做的啊"}, {"uid": "12422794", "content": "就这？"}, {"uid": "795948831", "content": "这孩子怎么这么爱作死呢……"}, {"uid": "157018527", "content": "顶到我了"}, {"uid": "672531765", "content": "？？？"}, {"uid": "432040863", "content": "一万，我都要了"}, {"uid": "11584250", "content": "你无法展示没有画出的内容"}, {"uid": "80959022", "content": "草"}, {"uid": "487516287", "content": "草"}, {"uid": "13787793", "content": "草"}, {"uid": "402617443", "content": "眼睛里的爱心。。"}, {"uid": "447611222", "content": "上升气流"}, {"uid": "38071289", "content": "草"}, {"uid": "23362230", "content": "草"}, {"uid": "271972266", "content": "敌方"}, {"uid": "41978174", "content": "233333疯狂勾引"}, {"uid": "23162653", "content": "这个皮一点都涩不起来"}, {"uid": "23162653", "content": "确实不涩"}, {"uid": "1605383", "content": "可惜没画里面"}, {"uid": "312769509", "content": "醒目的大头"}, {"uid": "35845164", "content": "超管：舒服了"}, {"uid": "22543221", "content": "？？？"}, {"uid": "498386368", "content": "买身"}, {"uid": "157979", "content": "超管哥哥，你看我的大腿白不白"}, {"uid": "220754209", "content": "笑死，根本涩不起来"}, {"uid": "349927", "content": "这是火腿，夹到法棍里用的，算食材，不涩"}, {"uid": "325922294", "content": "草"}, {"uid": "325922294", "content": "草"}, {"uid": "325922294", "content": "？？？？"}, {"uid": "271602447", "content": "因为taffy很涩"}, {"uid": "1545859", "content": "纸箱，十块，懂了，塔菲中之人是孙渣"}, {"uid": "20111133", "content": "？？？？"}, {"uid": "441379460", "content": "草"}, {"uid": "404256868", "content": "超管还没冲完"}, {"uid": "90335661", "content": "编弹幕wk"}, {"uid": "82057730", "content": "超管开启了单手模式"}, {"uid": "454119302", "content": "？？？"}, {"uid": "220224", "content": "？？？"}, {"uid": "411152678", "content": "草"}, {"uid": "15691780", "content": "你能从椅子上站起来就医学奇迹了"}, {"uid": "521885043", "content": "娇儿恶卧踏里裂"}, {"uid": "232579661", "content": "？？"}, {"uid": "404333864", "content": "level5上升气流"}, {"uid": "3256477", "content": "很抱歉以这样的方式认识你"}, {"uid": "313215655", "content": "涩不起来了"}, {"uid": "89594066", "content": "hso"}, {"uid": "40184516", "content": "好小一只啊"}, {"uid": "471477445", "content": "还有这种好事？"}, {"uid": "475190160", "content": "你在骂"}, {"uid": "422421276", "content": "娇儿恶卧榻里裂"}, {"uid": "349597720", "content": "我怎么感觉有透视？"}, {"uid": "159359581", "content": "真的很赚，bw里吃的贵死了"}, {"uid": "38335116", "content": "@琉琦ruki"}, {"uid": "13788297", "content": "大头娃娃"}, {"uid": "290912252", "content": "长 夜 沾 湿 何 由 彻"}, {"uid": "290912252", "content": "以 身 试 法"}, {"uid": "5126814", "content": "亲手抓的还行"}, {"uid": "596523475", "content": "↑上升气流↑"}, {"uid": "38281713", "content": "？？？？"}, {"uid": "22785468", "content": "不够涩"}, {"uid": "168871657", "content": "好傻哦"}, {"uid": "7267813", "content": "这孩子连好点的被子都没有呜呜"}, {"uid": "7267813", "content": "？？？"}, {"uid": "631144846", "content": "草"}, {"uid": "631144846", "content": "草"}, {"uid": "238737873", "content": "万子姐那个别跑"}, {"uid": "35019207", "content": "草"}, {"uid": "294951355", "content": "？？？？？？？？？？"}, {"uid": "407693463", "content": "草"}, {"uid": "40474093", "content": "我要了！"}, {"uid": "93232364", "content": "非法經營，取締"}, {"uid": "26108330", "content": "大头儿子是吧"}, {"uid": "264380072", "content": "你是泪爷吗？"}, {"uid": "26335620", "content": "？？？？？？"}, {"uid": "650314632", "content": "垂 死 病 中 惊 坐 起"}, {"uid": "21183232", "content": "大头菲"}, {"uid": "21183232", "content": "大头"}, {"uid": "89607654", "content": "可能是腿太毛了"}, {"uid": "478778318", "content": "?"}, {"uid": "368932540", "content": "这大脑袋"}, {"uid": "413323448", "content": "草"}, {"uid": "413323448", "content": "hso"}, {"uid": "85276137", "content": "不够涩（大声）"}, {"uid": "168348", "content": "孝悌忠信礼义廉"}, {"uid": "103169620", "content": "？？？"}, {"uid": "103169620", "content": "直接进去了还赚个鬼"}, {"uid": "103169620", "content": "？？？"}, {"uid": "647558895", "content": "超管去看别的女人了"}, {"uid": "288143849", "content": "草"}, {"uid": "1547743102", "content": "草"}, {"uid": "586198", "content": "？？？"}, {"uid": "225131628", "content": "娇儿恶卧踏里裂"}, {"uid": "225131628", "content": "草"}, {"uid": "10759008", "content": "总感觉是什么东西把裙子顶起来"}, {"uid": "1509391", "content": "草"}, {"uid": "30055022", "content": "这被子都有补丁了"}, {"uid": "404287512", "content": "娇儿恶卧踏里裂"}, {"uid": "291662681", "content": "我要！"}, {"uid": "26827771", "content": "hso"}, {"uid": "6315561", "content": "草"}, {"uid": "26827771", "content": "hso"}, {"uid": "2444574", "content": "草"}, {"uid": "186883612", "content": "头发像耳朵一样"}, {"uid": "519994062", "content": "娇儿恶卧踏里裂"}, {"uid": "41379239", "content": "头好大啊"}, {"uid": "33620493", "content": "草"}, {"uid": "156874677", "content": "依稀记得E***：超管不管了，E***要继续玩了。"}, {"uid": "76678766", "content": "正"}, {"uid": "51586044", "content": "经典跳脸"}, {"uid": "51586044", "content": "草"}, {"uid": "23248116", "content": "hso"}, {"uid": "104207", "content": "屑粉毛"}, {"uid": "104207", "content": "？"}, {"uid": "270020687", "content": "《懂礼仪知廉耻》"}, {"uid": "7251124", "content": "taffy不涩(外表)，taffy很涩(内心)"}, {"uid": "401099828", "content": "草，还有这字真丑"}, {"uid": "3773507", "content": "？？？？"}, {"uid": "436462769", "content": "？"}, {"uid": "3773507", "content": "草"}, {"uid": "35004205", "content": "草"}, {"uid": "225677308", "content": "头大诶"}, {"uid": "645471253", "content": "hso"}, {"uid": "6553414", "content": "草"}, {"uid": "412651329", "content": "草"}, {"uid": "38580900", "content": "好大脑袋hhhhhhh"}, {"uid": "39357594", "content": "好家伙第一行字要倒着读！"}, {"uid": "14430997", "content": "？"}, {"uid": "13768920", "content": "？"}, {"uid": "85529466", "content": "狗妈：这女儿不能要了"}, {"uid": "35192985", "content": "娇儿恶卧踏里裂"}, {"uid": "946813", "content": "这是顶起来的吗"}, {"uid": "13768920", "content": "草"}, {"uid": "27513598", "content": "头好大"}, {"uid": "11642871", "content": "？"}, {"uid": "454506190", "content": "这个也就是可爱，也不涩"}, {"uid": "3156545", "content": "？"}, {"uid": "3156545", "content": "？？？"}, {"uid": "136551", "content": "跳脸了"}, {"uid": "3156545", "content": "草"}, {"uid": "21761005", "content": "上升气流"}, {"uid": "439372668", "content": "taffy是可爱，涩不起来"}, {"uid": "42864459", "content": "娇 儿 恶 卧 踏 里 裂"}, {"uid": "51458083", "content": "?"}, {"uid": "1604979", "content": "好大的头"}, {"uid": "474453140", "content": "是脚抓饼吗"}, {"uid": "28583601", "content": "草"}, {"uid": "17784911", "content": "草"}, {"uid": "67360122", "content": "？"}, {"uid": "474453140", "content": "还不够"}, {"uid": "424885838", "content": "草"}, {"uid": "424885838", "content": "草草草"}, {"uid": "37142234", "content": "你管这叫腿"}, {"uid": "18504388", "content": "不够涩"}, {"uid": "23385235", "content": "因为塔菲很涩"}, {"uid": "14245607", "content": "？？？"}, {"uid": "20877518", "content": "掀起来掀起来"}, {"uid": "20877518", "content": "？"}, {"uid": "5435775", "content": "草"}, {"uid": "3537215", "content": "草"}, {"uid": "4613957", "content": "床 头 屋 漏 无 干 处"}, {"uid": "8181532", "content": "被蚊子咬死()"}, {"uid": "4613957", "content": "娇 儿 恶 卧 踏 里 裂"}, {"uid": "198660429", "content": "你不涩，你清楚"}, {"uid": "379982365", "content": "hso"}, {"uid": "4613957", "content": "布 衾 多 年 冷 似 铁"}, {"uid": "1533224", "content": "草"}, {"uid": "43667342", "content": "草"}, {"uid": "497137040", "content": "不够涩"}, {"uid": "297539430", "content": "草"}, {"uid": "9382309", "content": "你这被子怎么还破了"}, {"uid": "50545954", "content": "那是因为Taffy很涩！"}, {"uid": "14933912", "content": "好憨啊"}, {"uid": "50545954", "content": "那是因为Taffy很涩！！！"}, {"uid": "50545954", "content": "上升气流"}, {"uid": "7743103", "content": "医学奇迹！"}, {"uid": "474911932", "content": "草 ruki"}, {"uid": "8130169", "content": "？？？"}, {"uid": "8623451", "content": "不色"}, {"uid": "499420581", "content": "？"}, {"uid": "685112", "content": "草"}, {"uid": "13589723", "content": "一个头比俩个腿大"}]