[{"uid": "550475820", "content": "狂人日记"}, {"uid": "180269191", "content": "我饿了"}, {"uid": "675287630", "content": "没错，你卡了"}, {"uid": "91256246", "content": "？？？？？？？？？"}, {"uid": "325836149", "content": "怪起来了"}, {"uid": "354045945", "content": "我要喝"}, {"uid": "334926483", "content": "圣水？hso"}, {"uid": "204296785", "content": "能听到肚子饿声音证明很健全"}, {"uid": "204296785", "content": "贴肚子上了吧这是"}, {"uid": "18693079", "content": "歪着身子发出排气声，就像。。。fart"}, {"uid": "191177802", "content": "来了"}, {"uid": "77988479", "content": "口水流出来了"}, {"uid": "35062949", "content": "？？？？？？？？？？？？？"}, {"uid": "291226349", "content": "横竖睡不着"}, {"uid": "479087", "content": "格雷厨师"}, {"uid": "267407235", "content": "？？？？？？？？？"}, {"uid": "290805024", "content": "???"}, {"uid": "179002624", "content": "？？？？？"}, {"uid": "38727099", "content": "现配现用"}, {"uid": "1563892", "content": "不愧是你"}, {"uid": "33351431", "content": "好帅哦"}, {"uid": "495653507", "content": "打嗝没了！！！悲"}, {"uid": "194253517", "content": "？？？"}, {"uid": "180181203", "content": "心跳声都听得到"}, {"uid": "95768088", "content": "这声音好爽"}, {"uid": "109003103", "content": "舔 食 者"}, {"uid": "545652513", "content": "？？？？？？？？？"}, {"uid": "7027653", "content": "又这个字很灵性啊"}, {"uid": "7027653", "content": "又这个字很灵性啊"}, {"uid": "7027653", "content": "？？？"}, {"uid": "7027653", "content": "？？？"}, {"uid": "38727099", "content": "从雨伞里拿出冰激凌（）"}, {"uid": "617111022", "content": "欢迎收听调查员实录之《古神的低语》"}, {"uid": "192522780", "content": "草"}, {"uid": "192522780", "content": "草"}, {"uid": "38727099", "content": "听多了"}, {"uid": "38727099", "content": "是黄色的（）"}, {"uid": "38727099", "content": "圣水是要新制取吗？"}, {"uid": "38727099", "content": "失去灵魂.jpg"}, {"uid": "100781324", "content": "感谢翻译"}, {"uid": "52833734", "content": "（起飞飞飞飞飞飞飞飞）"}, {"uid": "52833734", "content": "对不是雪碧是芬达"}, {"uid": "52833734", "content": "对，汽不足，因为已经是昨天的芬达了"}, {"uid": "52833734", "content": "（芜湖～！！）"}, {"uid": "52833734", "content": "taffy会以为自己直播间又被封了"}, {"uid": "52833734", "content": "你们发这么多问号"}, {"uid": "52833734", "content": "这是什么，这是taffy的圣水（每日怪话1/1）"}, {"uid": "52833734", "content": "今天开播主要还是想体验一下法 外 狂 徒"}, {"uid": "52833734", "content": "taffy吃完这个冰淇淋就睡"}, {"uid": "59431198", "content": "雏草机打开了taffy的脑袋，失望的走了（bushi"}, {"uid": "52833734", "content": "超管快睡觉"}, {"uid": "59431198", "content": "taffy打开了雏草鸡的脑袋，高兴的吃了起来"}, {"uid": "59431198", "content": "草"}, {"uid": "52833734", "content": "巧克力～，有巧克力"}, {"uid": "52833734", "content": "在吃你们的脑子"}, {"uid": "52833734", "content": "在吃你们的脑子"}, {"uid": "52833734", "content": "对，既然要追求刺♂激，就要追求到底呀"}, {"uid": "52833734", "content": "肚子因为在吃东西呀"}, {"uid": "52833734", "content": "心脏怎么越来越快，因为紧张啊"}, {"uid": "52833734", "content": "应该让你们听心跳声然后吃冰淇淋"}, {"uid": "52833734", "content": "超管不管了哈哈哈哈（头给你打歪）"}, {"uid": "52833734", "content": "天啊，有个巧克力豆不见了"}, {"uid": "52833734", "content": "（鸡蛋的？）不好，里面有好多巧克力啊"}, {"uid": "84019990", "content": "？？？？？？？？"}, {"uid": "293924141", "content": "¿"}, {"uid": "293924141", "content": "¿"}, {"uid": "44535", "content": "？？？"}, {"uid": "1299817", "content": "吸食脑髓"}, {"uid": "3355809", "content": "感觉被抱脸虫跳脸上了"}, {"uid": "20926212", "content": "？"}, {"uid": "228034957", "content": "音量拉满，勇者无所畏惧"}, {"uid": "290451287", "content": "哈哈哈"}, {"uid": "11308037", "content": "?"}, {"uid": "234877586", "content": "大脑被吸掉惹"}, {"uid": "168781212", "content": "??"}, {"uid": "39121029", "content": "taffy心跳好快哦"}, {"uid": "329332975", "content": "京中有善口技者"}, {"uid": "74511795", "content": "草"}, {"uid": "26827771", "content": "???"}, {"uid": "502484204", "content": "？？？？？？？？"}, {"uid": "26827771", "content": "从雨伞中拿出冰淇淋（"}, {"uid": "9972335", "content": "草"}, {"uid": "149090008", "content": "kksk"}, {"uid": "38502831", "content": "草"}, {"uid": "11872189", "content": "不出字幕是不是因为所有人都听不清了("}, {"uid": "510975932", "content": "有点像磨牙"}, {"uid": "210499280", "content": "芬达！！"}, {"uid": "4211233", "content": "哈哈哈哈 肚子叫的好响"}, {"uid": "91694815", "content": "？？？？？？？？"}, {"uid": "205471175", "content": "草"}, {"uid": "415358580", "content": "歪比巴卜？"}, {"uid": "493487051", "content": "趁早起来吃一个大脑步枪(离谱的幻听)(?"}, {"uid": "34400845", "content": "这嘴巴动的我想笑"}, {"uid": "34400845", "content": "？？？？？什么水"}, {"uid": "24058665", "content": "乐了"}, {"uid": "24058665", "content": "草，为什么这段这么好笑"}, {"uid": "24058665", "content": "咬食骨髓的声音"}, {"uid": "645471253", "content": "弹幕炸锅了"}, {"uid": "24058665", "content": "草"}, {"uid": "24058665", "content": "像是在吃人草"}, {"uid": "24058665", "content": "脑髓吸食"}, {"uid": "24058665", "content": "不愧是你"}, {"uid": "24058665", "content": "肚子的声音草"}, {"uid": "24058665", "content": "你，在紧张吧"}, {"uid": "24058665", "content": "美少女的清楚笑声"}, {"uid": "38727099", "content": "从雨伞里拿出冰激凌（）"}, {"uid": "38727099", "content": "好，奥术这块算给你弄明白了"}, {"uid": "52833734", "content": "肚子不要叫啊啊啊"}, {"uid": "26827771", "content": "按时吃饭（"}, {"uid": "415358580", "content": "心跳不是肚子叫"}, {"uid": "11827508", "content": "妹啊，你这估计是肠胃有点问题，注意一下吧"}, {"uid": "402801199", "content": "哈哈哈哈哈哈"}, {"uid": "204296785", "content": "不过也确实不太一样，让taffy来总有一种奇怪的感觉"}, {"uid": "545652513", "content": "哈哈哈哈哈哈哈哈"}, {"uid": "617111022", "content": "欢迎收听调查员实录之《古神的低语》"}, {"uid": "59431198", "content": "前面的刚刚她说那句时还有肚子的声音，心跳一直在不知道cfm注意到没"}, {"uid": "52833734", "content": "为什么肚子会叫啊"}, {"uid": "52833734", "content": "声音会怪怪的"}, {"uid": "52833734", "content": "好奇怪啊"}, {"uid": "3163493", "content": "完全听不懂"}, {"uid": "176279806", "content": "这句话怎么似曾相识"}, {"uid": "342739141", "content": "ohhhhhhhhhh"}, {"uid": "204296785", "content": "可能是我DNA动了吧"}, {"uid": "13196491", "content": "带耳机听心跳声好爽哦"}, {"uid": "7749450", "content": "哈哈哈哈"}, {"uid": "52833734", "content": "唉～，肚子的声音会被听到"}, {"uid": "52833734", "content": "超管不管了，taffy要随便播了"}, {"uid": "52833734", "content": "超管不管了，taffy要随便播了"}, {"uid": "52833734", "content": "等一下，去拿个冰淇淋过来"}, {"uid": "471985", "content": "能听到心音"}, {"uid": "859680", "content": "真有你的（"}, {"uid": "21981285", "content": "这心音"}, {"uid": "318221862", "content": "草"}, {"uid": "339833688", "content": "哈哈哈哈哈"}, {"uid": "15172763", "content": "？？？"}, {"uid": "494609648", "content": "怎么感觉像洗澡"}, {"uid": "38727099", "content": "好，好听"}, {"uid": "3163493", "content": "完全听不懂"}, {"uid": "3888905", "content": "封面就离谱"}, {"uid": "66908828", "content": "梦回前生"}, {"uid": "26827771", "content": "hso"}, {"uid": "506201658", "content": "hso"}, {"uid": "407623523", "content": "耳朵好痒啊"}, {"uid": "401627", "content": "=】"}, {"uid": "355657542", "content": "触手水声？"}, {"uid": "12121570", "content": "有没有字幕"}, {"uid": "151928378", "content": "草"}, {"uid": "38727099", "content": "肚子叫能做成奥术吗？"}, {"uid": "52833734", "content": "怎么还能听到，啊啊啊啊啊"}, {"uid": "52833734", "content": "吃糖，家里面有糖"}, {"uid": "52833734", "content": "总，总觉得这个声音跟他们的不一样"}, {"uid": "3102804", "content": "离谱"}, {"uid": "859680", "content": "笑死"}, {"uid": "37884293", "content": "好耶"}, {"uid": "24058665", "content": "你是不是饿了"}, {"uid": "27801227", "content": "吃我吧"}, {"uid": "457812459", "content": "肠鸣音是很正常的，如果完全没有才有问题"}, {"uid": "1563892", "content": "好帅哦"}, {"uid": "4311806", "content": "啊！啊啊啊！"}, {"uid": "15823004", "content": "放飞自我"}, {"uid": "52833734", "content": "啊啊啊肚子不要叫呀呀"}, {"uid": "52833734", "content": "好耶"}, {"uid": "52833734", "content": "这巧克力不知道滚哪去了好在意啊"}, {"uid": "3102804", "content": "离谱"}, {"uid": "932662", "content": "debu啊"}, {"uid": "8718103", "content": "听不懂啊"}, {"uid": "29065167", "content": "草"}, {"uid": "12193857", "content": "??????"}, {"uid": "144615884", "content": "草"}, {"uid": "17152440", "content": "hso"}, {"uid": "231373802", "content": "热乎"}, {"uid": "215177739", "content": "草"}, {"uid": "234877586", "content": "hso"}, {"uid": "39121029", "content": "hso"}, {"uid": "13904107", "content": "确定是肚子不是心跳？"}, {"uid": "583011", "content": "粉色灵吸怪！"}, {"uid": "37799885", "content": "草"}, {"uid": "24875583", "content": "草"}, {"uid": "209713813", "content": "hso"}, {"uid": "352298142", "content": "吃太多不好，里面有太多巧克力啊"}, {"uid": "52833734", "content": "是不是可以吃点什么东西"}, {"uid": "619481", "content": "？"}, {"uid": "1977271423", "content": "？？？？？"}, {"uid": "22008497", "content": "hso"}, {"uid": "11872189", "content": "好好玩"}, {"uid": "589879888", "content": "hso"}, {"uid": "9669499", "content": "？"}, {"uid": "151928378", "content": "草"}, {"uid": "11872189", "content": "好好玩"}, {"uid": "22731580", "content": "hso"}, {"uid": "140028245", "content": "骨传"}]