[{"uid": "625831743", "content": "果然和桃子是双胞胎，同一个妈，而且声音也比较像"}, {"uid": "285422408", "content": "目瞪口呆"}, {"uid": "33278416", "content": "超有辨识度的声音"}, {"uid": "1563892", "content": "菲 姬 杯"}, {"uid": "403452312", "content": "经 典 复 刻"}, {"uid": "1563892", "content": "菲姬杯哈哈哈哈哈"}, {"uid": "23169697", "content": "原来回音铲转生了吗"}, {"uid": "510105481", "content": "指除了穿其他都很涩"}, {"uid": "225677308", "content": "亲妈认证"}, {"uid": "47700321", "content": "防伪标识"}, {"uid": "245100357", "content": "那是因为taffy很色，下一题"}, {"uid": "23362230", "content": "草"}, {"uid": "2474312", "content": "官 方 认 证"}, {"uid": "174620235", "content": "草  咱这p图技术"}, {"uid": "383906666", "content": "因为（）很涩"}, {"uid": "94768948", "content": "清楚（确信）"}, {"uid": "387004208", "content": "我在满世界D的时候听见了熟悉的声音…"}, {"uid": "15225041", "content": "这熟悉的声音和标题！"}, {"uid": "349187955", "content": "黑    影"}, {"uid": "1937744", "content": "亲妈认证 taffy很涩"}, {"uid": "473953130", "content": "噫 飞机场"}, {"uid": "3784448", "content": "因为taffy很涩"}, {"uid": "702466514", "content": "穿的清楚"}, {"uid": "186926734", "content": "诶，我薯条呢？！哦，在老婆这，那没事了。"}, {"uid": "30559101", "content": "早就被七奈妈妈看透了"}, {"uid": "4346877", "content": "知女莫若母"}, {"uid": "179373303", "content": "一脸懵"}, {"uid": "1825905", "content": "因为taffy很涩！"}, {"uid": "243847597", "content": "亲妈认证"}, {"uid": "102553868", "content": "是你有问题"}, {"uid": "456119535", "content": "今天的B站就先刷到这里"}, {"uid": "82075013", "content": "太清雏了"}, {"uid": "1937744", "content": "因为taffy很涩"}, {"uid": "400811074", "content": "这不是桃子吗！！"}, {"uid": "507947803", "content": "经典再现"}, {"uid": "24637666", "content": "黑_影"}, {"uid": "24637666", "content": "黑_影"}, {"uid": "4346877", "content": "知女莫若母"}, {"uid": "2344024", "content": "因为塔菲很涩"}, {"uid": "2344024", "content": "因为塔菲很涩"}, {"uid": "5525911", "content": "我才意识到这个cfm的视频有字幕"}, {"uid": "5525911", "content": "我才意识到这个cfm的视频有字幕"}, {"uid": "21761005", "content": "因为很涩"}, {"uid": "21761005", "content": "因为很涩"}, {"uid": "179373303", "content": "一脸懵"}, {"uid": "43348350", "content": "因为↓taffy↑很↑色↓"}, {"uid": "43348350", "content": "因为↓taffy↑很↑色↓"}, {"uid": "702466514", "content": "确实"}, {"uid": "702466514", "content": "确实"}, {"uid": "24141412", "content": "清楚得很《混沌》"}, {"uid": "489074194", "content": "哈哈哈亲妈"}, {"uid": "6576815", "content": "?"}, {"uid": "6576815", "content": "?"}, {"uid": "146888690", "content": "wtf"}, {"uid": "2468754", "content": "经典复刻 （"}, {"uid": "60661350", "content": "←miya球我抱走了"}, {"uid": "444788109", "content": "？"}, {"uid": "141573558", "content": "转生了！"}, {"uid": "13787793", "content": "经典"}, {"uid": "3888905", "content": "很涩"}, {"uid": "6796603", "content": "这熟悉的声音"}, {"uid": "39411662", "content": "经典"}, {"uid": "702466514", "content": "草"}, {"uid": "14917900", "content": "老活新整"}, {"uid": "31474674", "content": "有涩鬼，我不说是谁"}, {"uid": "8071814", "content": "草"}, {"uid": "353907481", "content": "草，声音有反应了"}, {"uid": "7267813", "content": "因为不够色"}, {"uid": "263847081", "content": "？"}, {"uid": "35028971", "content": "原来转生了"}, {"uid": "4494836", "content": "亲妈认证"}, {"uid": "4494836", "content": "亲妈认证"}, {"uid": "334926483", "content": "草"}, {"uid": "685227", "content": "77：我生的我还不知道谁涩？"}, {"uid": "685227", "content": "77：我生的我还不知道谁涩？"}, {"uid": "1608891", "content": "C草"}, {"uid": "1608891", "content": "C草"}, {"uid": "24141412", "content": "清楚得很《混沌》"}, {"uid": "489074194", "content": "哈哈哈亲妈"}, {"uid": "431838557", "content": "因为（）很涩"}, {"uid": "20214372", "content": "你又来了"}, {"uid": "362011908", "content": "我啥时候关注的陌生人？"}, {"uid": "7044371", "content": "哈哈哈哈被亲妈认证的色"}, {"uid": "156761502", "content": "cfm不对劲"}, {"uid": "261077793", "content": "并没有（"}, {"uid": "436369168", "content": "旧活新整"}, {"uid": "5906569", "content": "什么 我居然早就关注了"}, {"uid": "769983", "content": "没有泳装吗"}, {"uid": "769983", "content": "你不色我很难办啊.jpg"}, {"uid": "769983", "content": "你不色我很难办啊.jpg"}, {"uid": "7267813", "content": "因为不够色"}, {"uid": "263847081", "content": "？"}, {"uid": "498157260", "content": "哈哈哈哈哈哈哈哈。"}, {"uid": "35028971", "content": "原来转生了"}, {"uid": "4494836", "content": "因为taffy很色"}, {"uid": "4494836", "content": "因为taffy很色"}, {"uid": "678668545", "content": "不愧是妈"}, {"uid": "20926212", "content": "字幕草"}, {"uid": "1547399", "content": "弔图一堆"}, {"uid": "334926483", "content": "草"}, {"uid": "142224411", "content": "可能因为塔菲真的很涩"}, {"uid": "142224411", "content": "可能因为塔菲真的很涩"}, {"uid": "24719707", "content": "臭粉毛"}, {"uid": "11749575", "content": "右边的不就是echo吗 哭了"}, {"uid": "429632118", "content": "来了来了"}, {"uid": "485886411", "content": "亲妈认证"}, {"uid": "1420003", "content": "233333"}, {"uid": "2049849", "content": "好可爱"}, {"uid": "702466514", "content": "因为taffy很色"}, {"uid": "37958104", "content": "cfm！"}, {"uid": "10077869", "content": "旧活新整"}, {"uid": "395486320", "content": "经典再现"}, {"uid": "421853581", "content": "因为_______很涩"}, {"uid": "421853581", "content": "好耶粉毛的妈妈是狗妈！好耶"}, {"uid": "28185697", "content": "因为taffy很色"}, {"uid": "1536363", "content": "因为taffy很涩！"}, {"uid": "769983", "content": "没有泳装吗"}, {"uid": "498157260", "content": "哈哈哈哈哈哈哈哈。"}, {"uid": "6476674", "content": "草"}, {"uid": "33211327", "content": "《清楚》"}, {"uid": "678668545", "content": "不愧是妈"}, {"uid": "20926212", "content": "字幕草"}, {"uid": "17784911", "content": "亲妈认证"}, {"uid": "22956199", "content": "经典复刻"}, {"uid": "102553868", "content": "是你有问题"}, {"uid": "489074194", "content": "好急"}, {"uid": "8416948", "content": "亲妈认证"}, {"uid": "497137040", "content": "因为echo很涩"}, {"uid": "1321496", "content": "老活新整"}, {"uid": "26306", "content": "CFM"}, {"uid": "1536363", "content": "因为taffy很涩！"}, {"uid": "457217602", "content": "草"}, {"uid": "457217602", "content": "草"}, {"uid": "7037368", "content": "又是你涩"}, {"uid": "6476674", "content": "草"}, {"uid": "34959019", "content": "你说呢"}, {"uid": "4211233", "content": "哈哈哈哈"}, {"uid": "4211233", "content": "哈哈哈哈"}, {"uid": "33211327", "content": "《清楚》"}, {"uid": "324758506", "content": "你有问题"}, {"uid": "1547399", "content": "弔图一堆"}, {"uid": "256330848", "content": "好笨的大脸"}, {"uid": "256330848", "content": "好笨的大脸"}, {"uid": "243920254", "content": "菲姬杯有问题"}, {"uid": "8927739", "content": "来自母亲的认可"}, {"uid": "22956199", "content": "经典复刻"}, {"uid": "30559101", "content": "亲妈"}, {"uid": "30559101", "content": "亲妈"}, {"uid": "81615372", "content": "关上10分钟大门"}, {"uid": "81615372", "content": "关上10分钟大门"}, {"uid": "351773594", "content": "因为__很涩 完形填空，请"}, {"uid": "2468754", "content": "高伤害，好帅哦"}, {"uid": "355419409", "content": "草，这声音，我还以为是谁（）"}, {"uid": "122534934", "content": "就是很涩"}, {"uid": "444788109", "content": "因为taffy很涩"}, {"uid": "188616267", "content": "经典台词"}, {"uid": "18657661", "content": "字幕草"}, {"uid": "43433525", "content": "开幕dd船"}, {"uid": "10134067", "content": "ED塔菲好幼呀好可爱！"}, {"uid": "2372268", "content": "那就是不否认咯2333"}, {"uid": "7267813", "content": "好耶"}, {"uid": "7037368", "content": "又是你涩"}, {"uid": "3866313", "content": "塔菲酱H哒卡啦"}, {"uid": "186742460", "content": "不 taffy很涩"}, {"uid": "34959019", "content": "你说呢"}, {"uid": "296904187", "content": "我们审核24小时盯着这个账号.jpg"}, {"uid": "296904187", "content": "我们审核24小时盯着这个账号.jpg"}, {"uid": "194646715", "content": "因为taffy很色"}, {"uid": "194646715", "content": "因为taffy很色"}, {"uid": "324758506", "content": "你有问题"}, {"uid": "17784911", "content": "亲妈认证"}, {"uid": "243920254", "content": "菲姬杯有问题"}, {"uid": "243847597", "content": "亲妈认证"}, {"uid": "8927739", "content": "来自母亲的认可"}, {"uid": "102553868", "content": "哪个dd竟然泄露了天机给nana"}, {"uid": "23613722", "content": "一闪而过的涩批"}, {"uid": "6537929", "content": "加油啊"}, {"uid": "82663209", "content": "真令人兴奋！"}, {"uid": "1937744", "content": "一定是你"}, {"uid": "355900717", "content": "草"}, {"uid": "4071735", "content": "肉喵的大佬的A面"}, {"uid": "302190304", "content": "经典复刻"}, {"uid": "8937315", "content": "因为taffy很涩"}, {"uid": "20803427", "content": "是闸薯条（无慈悲）"}, {"uid": "4778997", "content": "一包薯条？"}, {"uid": "441730561", "content": "因为塔菲很涩"}, {"uid": "20263065", "content": "哈哈哈哈哈哈"}, {"uid": "443163844", "content": "桃子？"}, {"uid": "23762888", "content": "？？？？"}, {"uid": "23762888", "content": "？？？？"}, {"uid": "7267813", "content": "好耶"}, {"uid": "414077589", "content": "因为taffy很色"}, {"uid": "414077589", "content": "因为taffy很色"}, {"uid": "186742460", "content": "不 taffy很涩"}, {"uid": "318221862", "content": "那是因为塔菲很清楚"}, {"uid": "318221862", "content": "那是因为塔菲很清楚"}, {"uid": "10076039", "content": "是你有问题"}, {"uid": "8668241", "content": "以前你让把裙子再改短一点啊"}, {"uid": "102553868", "content": "哪个dd竟然泄露了天机给nana"}, {"uid": "23613722", "content": "一闪而过的涩批"}, {"uid": "6537929", "content": "加油啊"}, {"uid": "3156545", "content": "老活新整"}, {"uid": "50000108", "content": "对呀对呀"}, {"uid": "34410203", "content": "对呀对呀对呀对呀对呀"}, {"uid": "163850423", "content": "保留节目"}, {"uid": "3773507", "content": "哈哈哈哈哈哈哈"}, {"uid": "106865580", "content": "？？？？？？？"}, {"uid": "20057679", "content": "好活"}, {"uid": "10440446", "content": "右边那是monaka。。"}, {"uid": "10281699", "content": "因为taffy很涩"}, {"uid": "309425785", "content": "？？啊"}, {"uid": "29286193", "content": "经典复刻"}, {"uid": "34326729", "content": "因为taffy很涩"}, {"uid": "267738", "content": "常识不需要教"}, {"uid": "5871020", "content": "原来转生了吗"}, {"uid": "594718", "content": "草，这段谢谢礼物没字幕我一句没听懂"}, {"uid": "435356088", "content": "难道不是你自己教的吗（）"}, {"uid": "435356088", "content": "难道不是你自己教的吗（）"}, {"uid": "30559101", "content": "早就被七奈妈妈看透了"}, {"uid": "3866313", "content": "塔菲酱H哒卡啦"}, {"uid": "33211327", "content": "草"}, {"uid": "33211327", "content": "草"}, {"uid": "10076039", "content": "是你有问题"}, {"uid": "8668241", "content": "以前你让把裙子再改短一点啊"}, {"uid": "23486217", "content": "？？"}, {"uid": "1825905", "content": "因为taffy很涩！"}, {"uid": "489074194", "content": "好急"}, {"uid": "107481544", "content": "草"}, {"uid": "3156545", "content": "？？？"}, {"uid": "314498421", "content": "梅开二度"}, {"uid": "35641505", "content": "？？？"}, {"uid": "38727099", "content": "粉色问号"}, {"uid": "355667423", "content": "中文听力"}, {"uid": "734035", "content": "哈哈"}, {"uid": "1796309", "content": "嗨呀，是我吗"}, {"uid": "252914024", "content": "心心眼镜是吧"}, {"uid": "295088726", "content": "应为塔菲很涩"}, {"uid": "10820706", "content": "瑟"}, {"uid": "629296691", "content": "对呀对呀"}, {"uid": "401634690", "content": "？"}, {"uid": "1563892", "content": "菲姬杯"}, {"uid": "85606104", "content": "草果然国语听这种东西就是好尴尬。。。"}, {"uid": "4859409", "content": "对呀对呀"}, {"uid": "50522501", "content": "对呀对呀对呀对呀"}, {"uid": "3197678", "content": "动啊怎么不动"}, {"uid": "15225041", "content": "！"}, {"uid": "351773594", "content": "因为__很涩 完形填空，请"}, {"uid": "12057841", "content": "???????????????????"}]