[{"uid": "9012140", "content": "开始了"}, {"uid": "351975804", "content": "奶奶好"}, {"uid": "351975804", "content": "领结上的齿轮会转欸"}, {"uid": "351975804", "content": "你来啦？那个百岁老人已经成灰了"}, {"uid": "351975804", "content": "左特觉得点赞"}, {"uid": "94615158", "content": "？"}, {"uid": "295302710", "content": "嗯哼"}, {"uid": "507801097", "content": "gt6"}, {"uid": "25213349", "content": "贝尔骂骂咧咧的闯进了实验室，亲自向你展示了电话组装技巧。"}, {"uid": "646262289", "content": "弹幕炸了"}, {"uid": "507801097", "content": "呆毛1米4？"}, {"uid": "514912639", "content": "那不是更厉害吗？"}, {"uid": "617111022", "content": "争取有一天能拿下（各种意义上的）福尔摩斯？"}, {"uid": "617111022", "content": "传下去，taffy喜欢福尔摩斯"}, {"uid": "617111022", "content": "越共探头"}, {"uid": "42297620", "content": "草"}, {"uid": "2481428", "content": "绷不住了"}, {"uid": "2481428", "content": "黄色的不行，来点红色的可以吗"}, {"uid": "1162623560", "content": "阿蒙拌的莫里亚蒂，快跑！"}, {"uid": "1162623560", "content": "从里面挑了个自己喜欢的是吧"}, {"uid": "42297620", "content": "爱迪生是谁啊"}, {"uid": "1563892", "content": "开始了 开始了"}, {"uid": "1563892", "content": "ass"}, {"uid": "1563892", "content": "觉得拗口是因为邹zou常见，雏chu不常见"}, {"uid": "1563892", "content": "菲迟但到"}, {"uid": "14879026", "content": "二十面相（确信）"}, {"uid": "281771434", "content": "我永远二十四岁.jpg"}, {"uid": "356913853", "content": "有前科的侦探谁会委托呢(doge"}, {"uid": "277943381", "content": "王牌级的数学家"}, {"uid": "25942909", "content": "???"}, {"uid": "270020687", "content": "因为塔菲很涩"}, {"uid": "457812459", "content": "太棒了，我的假期作业写不完了，所以-----呐，懂我意思吗"}, {"uid": "457812459", "content": "长的太矮了看不见"}, {"uid": "292701697", "content": "？"}, {"uid": "302161495", "content": "3D化草"}, {"uid": "140108301", "content": "超高校级的打招呼"}, {"uid": "11724679", "content": "指爱迪生在偷发明上是神偷"}, {"uid": "37408926", "content": "一米四吧"}, {"uid": "227603562", "content": "永 远 清 楚"}, {"uid": "227603562", "content": "是胸前可以自己转动的永动饼干"}, {"uid": "437135404", "content": "？？？？？"}, {"uid": "34410203", "content": "cfm"}, {"uid": "34410203", "content": "居然是这样么"}, {"uid": "34410203", "content": "对呀对呀"}, {"uid": "34410203", "content": "对呀对呀对呀对呀对呀对呀对呀"}, {"uid": "34410203", "content": "那稳了"}, {"uid": "34410203", "content": "塔妃"}, {"uid": "34410203", "content": "来了就好，亲爱的taffy"}, {"uid": "34410203", "content": "对呀对呀对呀对呀对呀对呀对呀"}, {"uid": "34410203", "content": "毕生所学哈哈哈哈哈"}, {"uid": "205471175", "content": "草"}, {"uid": "205471175", "content": "永“雏”塔菲"}, {"uid": "168949391", "content": "有什么烤的必要吗（微恼"}, {"uid": "2093645", "content": "？？"}, {"uid": "280732142", "content": "蒸汽之都的侦探少女"}, {"uid": "43025237", "content": "招 安"}, {"uid": "10620130", "content": "？？？"}, {"uid": "318221862", "content": "斑点带子的案件"}, {"uid": "13728504", "content": "？？？"}, {"uid": "13728504", "content": "差点奶狗叫"}, {"uid": "9163851", "content": "你就是佐特中之人吗"}, {"uid": "27229667", "content": "？？？？？"}, {"uid": "27229667", "content": "joker("}, {"uid": "291887477", "content": "你看的这个催眠漫画好像有点问题"}, {"uid": "291887477", "content": "？？？？"}, {"uid": "291887477", "content": "草"}, {"uid": "291887477", "content": "冲妈逆女上线"}, {"uid": "291887477", "content": "？？？？？"}, {"uid": "291887477", "content": "草"}, {"uid": "88025177", "content": "?"}, {"uid": "16597738", "content": "最色的发明(幻听）"}, {"uid": "249141415", "content": "侦探和鼠标（）"}, {"uid": "249141415", "content": "生日快乐歌（害怕）"}, {"uid": "249141415", "content": "毕 生 所 学"}, {"uid": "29019722", "content": "王牌级的永远清楚就是究极混沌"}, {"uid": "1479700", "content": "？？？？？"}, {"uid": "356818543", "content": "我先来，cfm！"}, {"uid": "3674812", "content": "所以不如翘了吧（ ）"}, {"uid": "243971358", "content": "五门请（"}, {"uid": "243971358", "content": "无限的cfm"}, {"uid": "243971358", "content": "这是假唱吧（"}, {"uid": "243971358", "content": "牙牙乐"}, {"uid": "243971358", "content": "版权警告（"}, {"uid": "243971358", "content": "《王牌级的清楚》"}, {"uid": "243971358", "content": "阴乐（"}, {"uid": "243971358", "content": "可惜cfm和我十年后在同一个直播间看日食的约定完成不了了。。。。"}, {"uid": "243971358", "content": "薯条"}, {"uid": "243971358", "content": "出租车司机在水里绕路（"}, {"uid": "685112", "content": "勇除塔菲"}, {"uid": "415358580", "content": "好听 ffy"}, {"uid": "429950355", "content": "草"}, {"uid": "22205615", "content": "taoheicfmying"}, {"uid": "27180703", "content": "“已经不好笑了”"}, {"uid": "205073980", "content": "kksk"}, {"uid": "4140192", "content": "原来是奥数魔"}, {"uid": "4140192", "content": "？？？？？你说的那个造人，需要帮忙吗"}, {"uid": "4140192", "content": "？？？？？？你说的那个遭"}, {"uid": "4140192", "content": "“普普通通的猫娘”"}, {"uid": "61509437", "content": "非酋？"}, {"uid": "5219663", "content": "超强的舞技"}, {"uid": "14943984", "content": "米哈伊·杜米特鲁·马加列塔·柯捏留·雷欧波尔德·布尔卡·卡罗尔·伊翁·伊格纳帝斯·拉斐尔·玛利亚·尼凯塔斯·亚·希拉吉(doge)"}, {"uid": "64662609", "content": "制造委托"}, {"uid": "64662609", "content": "出租车司机绕路"}, {"uid": "5219663", "content": "快 乐 死 了"}, {"uid": "5219663", "content": "再 放 送"}, {"uid": "5219663", "content": "我还以为是去制造案件（"}, {"uid": "5219663", "content": "谁会找怪盗变的侦探啊！（"}, {"uid": "22872396", "content": "不知今是何世"}, {"uid": "22872396", "content": "毕 生 所 学"}, {"uid": "4304729", "content": "？？？"}, {"uid": "5146971", "content": "阿涩咖啡"}, {"uid": "296904187", "content": "我信了（"}, {"uid": "1533224", "content": "开始了"}, {"uid": "256253711", "content": "舒服了"}, {"uid": "11022585", "content": "mc"}, {"uid": "39411662", "content": "草"}, {"uid": "258080603", "content": "懂了，永远混沌的塔菲（"}, {"uid": "258080603", "content": "永远清雏的塔菲"}, {"uid": "390188571", "content": "大头"}, {"uid": "390188571", "content": "Ass"}, {"uid": "11749575", "content": "难道不是怪盗吗"}, {"uid": "641891", "content": "对呀对呀"}, {"uid": "475202872", "content": "？？？？？？？？？？"}, {"uid": "475202872", "content": "？？？？？？？？？？？？？"}, {"uid": "475202872", "content": "？？？"}, {"uid": "475202872", "content": "？？？？？？？？？？？"}, {"uid": "3970880", "content": "泪目了，连20分钟都没有坚持住"}, {"uid": "377352", "content": "演唱会"}, {"uid": "345809726", "content": "？"}, {"uid": "345809726", "content": "？"}, {"uid": "345809726", "content": "巜毕生所学》"}, {"uid": "345809726", "content": "巜自我厌恶》"}, {"uid": "345809726", "content": "都是因为taffy很涩(即答)"}, {"uid": "345809726", "content": "都是因为taffy很涩"}, {"uid": "345809726", "content": "《亡牌级》"}, {"uid": "345809726", "content": "当起了怪盗 (确信)"}, {"uid": "345809726", "content": "《活生生的虚拟》"}, {"uid": "377352", "content": "原子崩坏，幻想杀手"}, {"uid": "377352", "content": "就你最晚了，其他人都直播多长时间了呀"}, {"uid": "377352", "content": "怪盗"}, {"uid": "273190679", "content": "这很河里，毕竟小叮当的时光机基本都会碰上时空乱流，延迟了几十年到也很正常"}, {"uid": "59431198", "content": "那想必抓个怪盗也是随随便便的事情（）"}, {"uid": "59431198", "content": "反正cfm的叫法是可以不变的"}, {"uid": "59431198", "content": "王牌级，指《毕生所学》"}, {"uid": "1547399", "content": "这表情太可爱了"}, {"uid": "452078243", "content": "为什么在下面("}, {"uid": "452078243", "content": "草，全息"}, {"uid": "452078243", "content": "好耶！！！"}, {"uid": "452078243", "content": "？"}, {"uid": "452078243", "content": "草"}, {"uid": "1547399", "content": "穿越前确实还没亡，233"}, {"uid": "1547399", "content": "好听捏"}, {"uid": "1547399", "content": "黑猫狂喜"}, {"uid": "1547399", "content": "捉虫：日语版"}, {"uid": "1547399", "content": "阿巴阿巴阿巴"}, {"uid": "1547399", "content": "你问我？"}, {"uid": "1547399", "content": "泪目"}, {"uid": "452078243", "content": "草"}, {"uid": "452078243", "content": "？"}, {"uid": "452078243", "content": "？？"}, {"uid": "386598381", "content": "因为100年了所以肯定是个鬼（楼上）"}, {"uid": "386598381", "content": "鬼！（doge）"}, {"uid": "386598381", "content": "对呀对呀.jpg"}, {"uid": "452078243", "content": "？？"}, {"uid": "452078243", "content": "？"}, {"uid": "452078243", "content": "啊这"}, {"uid": "452078243", "content": "草"}, {"uid": "452078243", "content": "果然还是不清楚"}, {"uid": "10738025", "content": "好"}, {"uid": "197780382", "content": "清楚个锤子你清楚（）"}, {"uid": "3826277", "content": "？"}, {"uid": "140489364", "content": "？？？"}, {"uid": "68401490", "content": "非酋"}, {"uid": "140489364", "content": "？？"}, {"uid": "140489364", "content": "qs"}, {"uid": "140489364", "content": "？"}, {"uid": "8773882", "content": "清楚清除"}, {"uid": "204409119", "content": "划重点（戴上耳机）"}, {"uid": "204409119", "content": "比如糖豆人？"}, {"uid": "204409119", "content": "危"}, {"uid": "204409119", "content": "痴汉。。。。"}, {"uid": "204409119", "content": "ohhhhhhhhhhh"}, {"uid": "204409119", "content": "好起来了"}, {"uid": "204409119", "content": "要来力"}, {"uid": "204409119", "content": "开始了"}, {"uid": "204409119", "content": "台球宝贝可还行"}, {"uid": "204409119", "content": "记忆苏醒"}, {"uid": "204409119", "content": "喜欢糖豆人吗"}, {"uid": "204409119", "content": "这俩撮毛好像小龙虾的手在晃↑"}, {"uid": "204409119", "content": "@花生"}, {"uid": "204409119", "content": "那先抓个怪盗吧"}, {"uid": "783559", "content": "这是朕的塔妃啊"}, {"uid": "783559", "content": "地雷冒雏头"}, {"uid": "10738025", "content": "消防栓"}, {"uid": "204409119", "content": "对呀对呀对呀"}, {"uid": "10738025", "content": "笑死"}, {"uid": "10738025", "content": "纸片人"}, {"uid": "25080300", "content": "讨厌自己的屑"}, {"uid": "864315", "content": "杂鱼体力"}, {"uid": "205073980", "content": "催眠学院"}, {"uid": "205073980", "content": "轮回眼"}, {"uid": "589879888", "content": "?"}, {"uid": "589879888", "content": "hso"}, {"uid": "589879888", "content": "?"}, {"uid": "518202604", "content": "不是亲生的，怪不得"}, {"uid": "15075", "content": "吃饭呢"}, {"uid": "518202604", "content": "真实"}, {"uid": "518202604", "content": "米老头那不是张鲁吗"}, {"uid": "14338305", "content": "不准咕噜咕噜！"}, {"uid": "35097388", "content": "谁？"}, {"uid": "14338305", "content": "肯定不是啊小笨蛋"}, {"uid": "14338305", "content": "经典老番土豆雷"}, {"uid": "20700720", "content": "这是恶堕了吧"}, {"uid": "231667339", "content": "臭粉毛"}, {"uid": "401832209", "content": "H taffy（幻听）"}, {"uid": "359653873", "content": "taffy的代言词，taffy讨厌自己"}, {"uid": "88245459", "content": "大写的清楚"}, {"uid": "402629694", "content": "毕生所学"}, {"uid": "402629694", "content": "毕生所学"}, {"uid": "2123458", "content": "mnk：喵？"}, {"uid": "20289994", "content": "草？"}, {"uid": "20289994", "content": "超级可疑"}, {"uid": "20289994", "content": "抓怪盗"}, {"uid": "53613967", "content": "不，我没有(ˇ╮ˇ)← 我选择死亡"}, {"uid": "20289994", "content": "能"}, {"uid": "20289994", "content": "不愧是你"}, {"uid": "171714501", "content": "甜菜"}, {"uid": "38215389", "content": "听阴乐"}, {"uid": "91696349", "content": "无 声 铃 鹿"}, {"uid": "196346", "content": "那先抓cfm吧"}, {"uid": "8327682", "content": "清楚"}, {"uid": "321639127", "content": "DNA动了，草"}, {"uid": "283815", "content": "那不是更好吗"}, {"uid": "283815", "content": "深度 长度？？？？？？？？"}, {"uid": "18196409", "content": "mnk：？"}, {"uid": "8327682", "content": "？"}, {"uid": "42343002", "content": "懂了，就叫它佐特吧"}, {"uid": "39662", "content": "好怪哦"}, {"uid": "39662", "content": "老阿姨.jpg"}, {"uid": "42343002", "content": "草，蚌埠住了"}, {"uid": "42343002", "content": "福尔摩斯不和塔菲结婚很难收场（doge"}, {"uid": "12408245", "content": "?????"}, {"uid": "12408245", "content": "手动wink"}, {"uid": "12408245", "content": "自我厌恶"}, {"uid": "12408245", "content": "?????"}, {"uid": "1451236", "content": "什么都王牌就对了"}, {"uid": "29630659", "content": "开始了 不愧是你"}, {"uid": "29630659", "content": "说别人是笨蛋的才是笨蛋——琪露诺"}, {"uid": "49678443", "content": "不对，提取猫耳娘的DNA，不是前提是有那种生物吗"}, {"uid": "49678443", "content": "真不愧是你"}, {"uid": "18657661", "content": "是不是头发有两种颜色的猫"}, {"uid": "18657661", "content": "俺也一样"}, {"uid": "18657661", "content": "？？？"}, {"uid": "780683", "content": "经典对呀对呀对呀"}, {"uid": "32338757", "content": "草，好老的笑话"}, {"uid": "499705163", "content": "贝尔:那我走？"}, {"uid": "12505763", "content": "远古的记忆正在苏醒"}, {"uid": "12505763", "content": "我桃子被鼠条叼走了，塔菲快帮我找找"}, {"uid": "27229667", "content": "可爱"}, {"uid": "1646268", "content": "故事王"}, {"uid": "27229667", "content": "左   翔  太  郎"}, {"uid": "1646268", "content": "草"}, {"uid": "9237364", "content": "??????"}, {"uid": "12841443", "content": "想线下唱歌？"}, {"uid": "12841443", "content": "您不是发明家吗？"}, {"uid": "111373209", "content": "成为了死宅debu"}, {"uid": "5372400", "content": "桃子游戏（幻听）"}, {"uid": "12841443", "content": "没事，也就这会句句王牌级，过段时间自己就不记得了"}, {"uid": "5372400", "content": "笑死"}, {"uid": "5372400", "content": "hso"}, {"uid": "12841443", "content": "高伤害，好帅哦"}, {"uid": "12841443", "content": "好家伙，发明，兼职侦探，老怪盗了"}, {"uid": "12841443", "content": "《求 生 欲》"}, {"uid": "5372400", "content": "嘻嘻"}, {"uid": "12841443", "content": "坏了，怪盗行业内卷，改行侦探也卷起来了"}, {"uid": "446393701", "content": "堕天使黑猫是吧"}, {"uid": "896226", "content": "你看的这个催眠漫画正经吗"}, {"uid": "51213476", "content": "你也要睡过头道歉吗"}, {"uid": "53006347", "content": "嘎嘎嘎嘎嘎嘎"}, {"uid": "14689729", "content": "因为上年纪了所以记忆衰退"}, {"uid": "14689729", "content": "不愧是你"}, {"uid": "3185214", "content": "？？？"}, {"uid": "40712818", "content": "亡派发明家"}, {"uid": "132338236", "content": "扫黄，"}, {"uid": "7735805", "content": "草，祖传桃心眼"}, {"uid": "3784448", "content": "草"}, {"uid": "7735805", "content": "比如那些小孩子不能念的游戏"}, {"uid": "27229667", "content": "不愧是你cfm"}, {"uid": "3784448", "content": "8888888"}, {"uid": "6455994", "content": "自己制造事件，委托自己解决，计划通"}, {"uid": "6455994", "content": "抓怪盗，炸薯条"}, {"uid": "6455994", "content": "永 远 清 楚"}, {"uid": "6455994", "content": "回音铲"}, {"uid": "9002261", "content": "机什么？"}, {"uid": "9002261", "content": "那个那个"}, {"uid": "9002261", "content": "能搞个记忆体驱动器吗（）"}, {"uid": "9002261", "content": "爷 忘 了"}, {"uid": "6455994", "content": "混沌预告函"}, {"uid": "9002261", "content": "坏了，怪盗内卷转行又发现内卷"}, {"uid": "9002261", "content": "joker！joker！"}, {"uid": "6455994", "content": "对呀对呀"}, {"uid": "50402719", "content": "归零"}, {"uid": "607336869", "content": "哪来的闹钟呢？"}, {"uid": "607336869", "content": "呦，哪来的手机"}, {"uid": "39586249", "content": "qwq"}, {"uid": "11001186", "content": "草"}, {"uid": "91694815", "content": "左特是吧"}, {"uid": "21984134", "content": "？"}, {"uid": "18225027", "content": "你需要个托（怪盗）"}, {"uid": "28583601", "content": "kksk"}, {"uid": "22663985", "content": "贝尔吐血了"}, {"uid": "441730561", "content": "草"}, {"uid": "441730561", "content": "才"}, {"uid": "369671037", "content": "《经典》"}, {"uid": "53219912", "content": "真就怪盗侦探不分家是吧"}, {"uid": "53219912", "content": "侦探?"}, {"uid": "1451236", "content": "你就是正义的化身"}, {"uid": "1451236", "content": "侦探就是伪装，怪盗才是本行"}, {"uid": "1451236", "content": "怪盗和侦探可不就是死对头么"}, {"uid": "1451236", "content": "你是带着房子一起穿越过来的吗"}, {"uid": "261077793", "content": "是酷乐吗？"}, {"uid": "35715150", "content": "解剖纯爱歌（"}, {"uid": "1451236", "content": "这就是王牌级的清楚 懂了懂了"}, {"uid": "1451236", "content": "你是不是穿越过来的时候先去见过井上喜久子了"}, {"uid": "12408245", "content": "时光什么"}, {"uid": "1451236", "content": "能不能穿回去给同治皇帝带个信让他小心他妈"}, {"uid": "1451236", "content": "王牌阴阳师？"}, {"uid": "1451236", "content": "永雏=ace，塔=泽塔，菲=佐菲，佐菲捡回了ace，传承了泽塔，一条龙齐了呀"}, {"uid": "12408245", "content": "抓怪盗吗"}, {"uid": "1451236", "content": "你永雏两个字是姓，日本人读的话一定是ナガヒナ，绝对不会读成えいす"}, {"uid": "109061423", "content": "自我厌恶"}, {"uid": "35715150", "content": "mnk：真的假的！！！"}, {"uid": "1451236", "content": "任何事情到了一个极端等级那就一定会是相反的存在，这就叫物极必反，王牌级清楚就是极度混乱"}, {"uid": "8247603", "content": "侦探和凶手的差别只在于一线之隔（）"}, {"uid": "8247603", "content": "抓怪盗（）"}, {"uid": "8247603", "content": "高伤害好帅哦"}, {"uid": "1451236", "content": "老本行出现了"}, {"uid": "334926483", "content": "亲女儿"}, {"uid": "334926483", "content": "？？？真的么"}, {"uid": "334926483", "content": "你很懂哦"}, {"uid": "334926483", "content": "？？？好怪哦"}, {"uid": "334926483", "content": "总感觉有点涩"}, {"uid": "334926483", "content": "可爱"}, {"uid": "334926483", "content": "因为taffy很涩"}, {"uid": "3773507", "content": "清楚大逆转"}, {"uid": "334926483", "content": "shi尿操纵"}, {"uid": "334926483", "content": "？？？？"}, {"uid": "334926483", "content": "？？？"}, {"uid": "334926483", "content": "突然桃心眼"}, {"uid": "169389742", "content": "不 是joker"}, {"uid": "334926483", "content": "？？？？？"}, {"uid": "334926483", "content": "草"}, {"uid": "334926483", "content": "啊这"}, {"uid": "334926483", "content": "《清 楚》"}, {"uid": "334926483", "content": "？？？hso"}, {"uid": "334926483", "content": "算上呆毛才148？？"}, {"uid": "334926483", "content": "taffy=太妃糖"}, {"uid": "334926483", "content": "s=色，色taffy"}, {"uid": "334926483", "content": "听着就跟“我之后是究极混沌”的宣告一样"}, {"uid": "334926483", "content": "草"}, {"uid": "334926483", "content": "？？同行？"}, {"uid": "334926483", "content": "？？？"}, {"uid": "103169620", "content": "游戏耐久？"}, {"uid": "22205615", "content": "这是kumomo吗（"}, {"uid": "103169620", "content": "讨厌（非常喜欢）"}, {"uid": "34444872", "content": "又开始了是吧"}, {"uid": "103169620", "content": "生日歌。。。"}, {"uid": "1451236", "content": "对呀对呀~"}, {"uid": "34959019", "content": "？"}, {"uid": "34444872", "content": "对呀对呀"}, {"uid": "395486320", "content": "王牌=叠buff"}, {"uid": "4735117", "content": "对呀对呀"}, {"uid": "397425823", "content": "抓echo这样的怪盗"}, {"uid": "10081661", "content": "对呀对呀对呀"}, {"uid": "429632118", "content": "擅 长 数 学"}, {"uid": "429632118", "content": "《聪明》"}, {"uid": "5280343", "content": "草"}, {"uid": "429632118", "content": "我讨厌我自己"}, {"uid": "429632118", "content": "自我厌恶"}, {"uid": "429632118", "content": "？？？"}, {"uid": "31286105", "content": "你搁这搁这呢"}, {"uid": "31286105", "content": "草"}, {"uid": "27558344", "content": "她太懂病娇了"}, {"uid": "31286105", "content": "好奇怪哦，再看一眼.jpg"}, {"uid": "27558344", "content": "哈哈哈哈哈"}, {"uid": "31286105", "content": "自我厌恶，草"}, {"uid": "31286105", "content": "弹幕：想参与造人计划。太草了"}, {"uid": "429632118", "content": "哈哈哈哈哈哈"}, {"uid": "31286105", "content": "造人，我也会（"}, {"uid": "429632118", "content": "草"}, {"uid": "31286105", "content": "版权警告"}, {"uid": "27558344", "content": "一生的词汇"}, {"uid": "31286105", "content": "黑子，炮姐，草"}, {"uid": "31286105", "content": "miya，草"}, {"uid": "31286105", "content": "某某A梦"}, {"uid": "31286105", "content": "?????"}, {"uid": "429632118", "content": "奶奶"}, {"uid": "31286105", "content": "蚌不住了，草"}, {"uid": "31286105", "content": "？？？"}, {"uid": "31286105", "content": "草，按错了，太草了"}, {"uid": "27558344", "content": "绷不住了"}, {"uid": "31286105", "content": "内卷，什么都可以卷"}, {"uid": "2642252", "content": "是不是带铁棒的那种？"}, {"uid": "31286105", "content": "抓怪盗，草"}, {"uid": "31286105", "content": "？？？？？"}, {"uid": "31286105", "content": "一米四吧"}, {"uid": "473412016", "content": "左下角弹幕起飞了"}, {"uid": "27558344", "content": "哈哈哈啊哈哈"}, {"uid": "31286105", "content": "草"}, {"uid": "27558344", "content": "她真可爱"}, {"uid": "27558344", "content": "哈哈哈哈哈"}, {"uid": "15716330", "content": "也不想想你之前是干什么的→_→"}, {"uid": "450024049", "content": "“电子负载”融合"}, {"uid": "2642252", "content": "？？"}, {"uid": "27558344", "content": "她努力清楚的样子真可爱"}, {"uid": "12661947", "content": "“你说，我行吗？”"}, {"uid": "91316236", "content": "你搁这儿叠buff呢"}, {"uid": "27558344", "content": "她可爱吗？她努力写台本的样子真的很可爱"}, {"uid": "74484617", "content": "百步笑50步"}, {"uid": "74484617", "content": "藏玉发明家"}, {"uid": "12661947", "content": "草"}, {"uid": "450024049", "content": "时光鸡"}, {"uid": "8481415", "content": "喜欢磋麻"}, {"uid": "2642252", "content": "不不，请让我继续看球"}, {"uid": "12440637", "content": "时光“机吧”"}, {"uid": "181004827", "content": "第四行第二列是擦玻璃"}, {"uid": "3767524", "content": "好糟糕"}, {"uid": "33005241", "content": "自 我 厌 恶"}, {"uid": "67673855", "content": "cfm的清楚甚至坚持不到20分钟了吗"}, {"uid": "249370049", "content": "感谢指挥部"}, {"uid": "67673855", "content": "H taffy 更顺口一点"}, {"uid": "5524224", "content": "爱迪生牛顿大发明（确信）"}, {"uid": "24574268", "content": "开始讲设定"}, {"uid": "409278", "content": "自我否定？？"}, {"uid": "150572074", "content": "回来了，都回来了，爷的心心眼"}, {"uid": "49678443", "content": "跟某鸟一样？"}, {"uid": "6898", "content": "草"}, {"uid": "453989329", "content": "黑猫的探戈！"}, {"uid": "150572074", "content": "抓怪盗"}, {"uid": "12217877", "content": "懂了，130的小矮子"}, {"uid": "150572074", "content": "hso"}, {"uid": "396079", "content": "就喜欢奥数"}, {"uid": "396079", "content": "好耶"}, {"uid": "35019207", "content": "广 告 位 招 租"}, {"uid": "150572074", "content": "cfm"}, {"uid": "85295417", "content": "不愧是清楚地taffy"}, {"uid": "6898", "content": "那不是更厉害"}, {"uid": "396079", "content": "对口型是吧"}, {"uid": "396079", "content": "只 会 造 人"}, {"uid": "14943984", "content": "塔 菲 三 号"}, {"uid": "14943984", "content": "懂了，这就推荐孩子玩皇牌空战（）"}, {"uid": "14943984", "content": "奶味爆炸的Ace发明家（点头）"}, {"uid": "285698793", "content": "?"}, {"uid": "2850493", "content": "502"}, {"uid": "6898", "content": "米老鸭"}, {"uid": "6898", "content": "草"}, {"uid": "6898", "content": "王牌级的阴阳怪气"}, {"uid": "396079", "content": "经典复刻"}, {"uid": "6898", "content": "王牌塔菲"}, {"uid": "7735805", "content": "活生生的虚拟"}, {"uid": "6898", "content": "草"}, {"uid": "27135607", "content": "永远清楚？"}, {"uid": "27135607", "content": "莫名想起某铲子"}, {"uid": "6898", "content": "非酋"}, {"uid": "205471175", "content": "脸好大（"}, {"uid": "205073980", "content": "唐老头"}, {"uid": "35355605", "content": "开幕草生"}, {"uid": "7735805", "content": "区 别 不 大"}, {"uid": "36169346", "content": "草"}, {"uid": "36169346", "content": "cfm"}, {"uid": "205073980", "content": "侏儒症（doge）"}, {"uid": "205073980", "content": "太妃糖"}, {"uid": "441902840", "content": "超 越 光 速 的 发 明"}, {"uid": "205073980", "content": "尖儿taffy"}, {"uid": "205073980", "content": "尖儿"}, {"uid": "36169346", "content": "草"}, {"uid": "441902840", "content": "taffy 比光速快"}, {"uid": "36169346", "content": "皮太清楚了和cfm配不上"}, {"uid": "205073980", "content": "留声机：？？？"}, {"uid": "28032899", "content": "纳格夏洛克福尔摩斯（指正）"}, {"uid": "15172763", "content": "？"}, {"uid": "371009554", "content": "我 讨 厌 我 自 己"}, {"uid": "11022585", "content": "钢板"}, {"uid": "371009554", "content": "王牌级的跑调"}, {"uid": "15302272", "content": "CFM不值得信任"}, {"uid": "15302272", "content": "一米四吧"}, {"uid": "371009554", "content": "噔噔咚"}, {"uid": "15302272", "content": "我是谁，我在哪"}, {"uid": "164146227", "content": "？？？"}, {"uid": "371009554", "content": "早"}, {"uid": "15302272", "content": "CFM"}, {"uid": "85438718", "content": "对呀对呀"}, {"uid": "23406387", "content": "草"}, {"uid": "53593855", "content": "丈育发明家"}, {"uid": "491117", "content": "17^17岁"}, {"uid": "477095022", "content": "因为taffy很涩"}, {"uid": "491117", "content": "多了36%啊妹啊"}, {"uid": "491117", "content": "饺子饺子饺子"}, {"uid": "14943984", "content": "永远是孩子的taffy(确信)"}, {"uid": "378982004", "content": "草"}, {"uid": "31839190", "content": "joker"}, {"uid": "347754118", "content": "迷迭迷迭"}, {"uid": "269359095", "content": "代购薯条桃子，抓怪盗"}, {"uid": "378982004", "content": "你一直在笑，根本就没有停过"}, {"uid": "378982004", "content": "就硬编"}, {"uid": "28501213", "content": "臭粉毛（bushi）"}, {"uid": "28501213", "content": "老油条了"}, {"uid": "138811503", "content": "草"}, {"uid": "46402285", "content": "草"}, {"uid": "378982004", "content": "？？？？？？"}, {"uid": "897992", "content": "爱迪生不是电灯么2333"}, {"uid": "1393972", "content": "妹啊造人比造机器人可难多了"}, {"uid": "378982004", "content": "太天才了，才短短一分钟就解出了世纪难题（"}, {"uid": "241617", "content": "对呀对呀"}, {"uid": "169240734", "content": "老左翔太郎了"}, {"uid": "381840088", "content": "？"}, {"uid": "307992580", "content": "对呀对呀"}, {"uid": "307992580", "content": "傻气溢出"}, {"uid": "351492129", "content": "塔菲兽进化~大–塔–菲–兽！！（）"}, {"uid": "307992580", "content": "好耶"}, {"uid": "351492129", "content": "因为金盆洗手前做过怪盗（）"}, {"uid": "351492129", "content": "过载（年迈的萨满）"}, {"uid": "351492129", "content": "小心痴汉（应该不是在说我吧？）"}, {"uid": "9059531", "content": "编不下去可还行"}, {"uid": "1393972", "content": "老蒸汽朋克了"}, {"uid": "5413187", "content": "伏 笔 回 收"}, {"uid": "9059531", "content": "塔菲在这扯淡，把monaka吓坏了"}, {"uid": "351492129", "content": "喜欢啥？（）"}, {"uid": "291009523", "content": "拗口两个字的发音竟然是对的，我不相信"}, {"uid": "9059531", "content": "再骂，你再骂（恳求）"}, {"uid": "432943245", "content": "？"}, {"uid": "351492129", "content": "讨厌=傲娇=喜欢=多来点"}, {"uid": "351492129", "content": "这个我也想会"}, {"uid": "9059531", "content": "才反应过来不对劲可还行"}, {"uid": "8327682", "content": "Htaffy"}, {"uid": "40062137", "content": "佐特的亲女儿没错了"}, {"uid": "351492129", "content": "真的是编的（）"}, {"uid": "351492129", "content": "猫耳娘（指miya）"}, {"uid": "351492129", "content": "mnk种族碳基生物存疑（？）"}, {"uid": "8327682", "content": "¿"}, {"uid": "8327682", "content": "？"}, {"uid": "8327682", "content": "谐音梗扣钱"}, {"uid": "8248098", "content": "我讨厌我自己"}, {"uid": "351492129", "content": "还能武"}, {"uid": "8248098", "content": "自我欺诈、自我否定、自我厌恶"}, {"uid": "351492129", "content": "隐藏身份的怪盗（不是）"}, {"uid": "351492129", "content": "编不下去，强行写死（）"}, {"uid": "138811503", "content": "对呀"}, {"uid": "4062798", "content": "毕 生 所 学"}, {"uid": "138811503", "content": "这可太能算了"}, {"uid": "302986611", "content": "好耶"}, {"uid": "351492129", "content": "努力想故事"}, {"uid": "351492129", "content": "尝试编故事（）"}, {"uid": "37925438", "content": "A  色  taffy"}, {"uid": "5115380", "content": "开始了是吧？"}, {"uid": "351492129", "content": "蚌埠住了"}, {"uid": "138811503", "content": "百年老人"}, {"uid": "351492129", "content": "是怪盗（）"}, {"uid": "39574203", "content": "贝尔：？？？"}, {"uid": "37960680", "content": "对呀对呀"}, {"uid": "9558857", "content": "回音铲牌计算器（有端联想）"}, {"uid": "37960680", "content": "这就是侦探兼王牌发明家吗~~~~"}, {"uid": "9558857", "content": "妹啊你这个还要思考的嘛"}, {"uid": "138811503", "content": "好非酋"}, {"uid": "291204667", "content": "灰 色 王 子 菲 球"}, {"uid": "157581094", "content": "秽土转生"}, {"uid": "284564995", "content": "？？？？电话，难道贝尔发明的灯泡？"}, {"uid": "14338305", "content": "隔这叠buff呢"}, {"uid": "204898877", "content": "贝尔：那我走？"}, {"uid": "50402719", "content": "用完了开场白后就再也没用的口癖ffy"}, {"uid": "10997970", "content": "活动性好高啊"}, {"uid": "421853581", "content": "因为Taffy很涩"}, {"uid": "83416", "content": "非酋.."}, {"uid": "42297620", "content": "爱迪生改没改进电话……不知道诶，但是大家都知道爱迪生发明电灯"}, {"uid": "88011221", "content": "。。。。。的左特的直播间（大雾）"}, {"uid": "35019207", "content": "这居然没有忘开麦（）"}, {"uid": "24141412", "content": "一点都不色呢"}, {"uid": "502484204", "content": "对呀对呀"}, {"uid": "12408245", "content": "爱迪生：???"}, {"uid": "429632118", "content": "来了来了"}, {"uid": "421853581", "content": "粉毛转生成粉毛转生成粉毛"}, {"uid": "441902840", "content": "我到现在也不会拼这个词"}, {"uid": "491117", "content": "清楚倒计时13分钟"}, {"uid": "138811503", "content": "不是亚历山大•贝尔吗？"}, {"uid": "1563892", "content": "忘记自己设定"}, {"uid": "243971358", "content": "草，少壮不努力，老大vup。"}, {"uid": "624652", "content": "重复了还行"}, {"uid": "806713", "content": "抢专利这点确实是同行"}, {"uid": "27996929", "content": "老丈育了"}, {"uid": "3484830", "content": "贝尔骂骂咧咧的退出直播间 "}, {"uid": "434543084", "content": "老佐特了"}, {"uid": "307758", "content": "你搁这儿叠buff呢"}, {"uid": "205471175", "content": "hello fly"}, {"uid": "205073980", "content": "银河计算机"}, {"uid": "403878456", "content": "粉色王子左特"}, {"uid": "138811503", "content": "傻气溢出"}, {"uid": "248270093", "content": "时代变了，1885的工艺能和2021比？"}, {"uid": "351975804", "content": "啊！吗没嘛！"}, {"uid": "269895518", "content": "飞飞飞飞飞"}, {"uid": "603717", "content": "你也是带资本家"}, {"uid": "74484617", "content": "爱迪生抢专利"}, {"uid": "42981809", "content": "菲酋"}, {"uid": "85438718", "content": "电话是贝尔发明的"}, {"uid": "138811503", "content": "土豆雷"}, {"uid": "35939182", "content": "左特王子"}, {"uid": "1563892", "content": "吔～～～～"}, {"uid": "23741671", "content": "好家伙宁就是抢了别人作品的那个大资本头子？"}, {"uid": "39361566", "content": "忘了（"}, {"uid": "14338305", "content": "哈喽单车"}, {"uid": "44535", "content": "为什么眼罩是爱心？因为塔菲很色！"}, {"uid": "24875583", "content": "林克嘛"}, {"uid": "32338757", "content": "臭粉毛！"}, {"uid": "3773507", "content": "丈育"}, {"uid": "395486320", "content": "懒狗的塔菲"}, {"uid": "2124037", "content": "色气的"}, {"uid": "494002", "content": "电灯也不是爱迪生发明的啊"}, {"uid": "205471175", "content": "清楚的（？）"}, {"uid": "8773882", "content": "老丈育了"}, {"uid": "85438718", "content": "说吧，这几个词想了几天"}, {"uid": "378982004", "content": "草"}, {"uid": "8327682", "content": "丈育粉毛"}, {"uid": "73468744", "content": "01：26 开始"}, {"uid": "138811503", "content": "很色的"}, {"uid": "73468744", "content": "来了！"}, {"uid": "277943381", "content": "王牌级的丈育"}, {"uid": "34410203", "content": "oHHHHHH"}, {"uid": "275641945", "content": "贝尔(ﾟoﾟ;"}, {"uid": "27996929", "content": "对呀对呀对呀"}, {"uid": "302704655", "content": "126"}, {"uid": "136043", "content": "别念稿子了cfm"}, {"uid": "51364855", "content": "？？？？？？"}, {"uid": "1451236", "content": "对呀对呀"}, {"uid": "1852543", "content": "臭粉毛不许凶菲球"}, {"uid": "91316236", "content": "草"}, {"uid": "205471175", "content": "草"}, {"uid": "28501213", "content": "草"}, {"uid": "7821", "content": "非酋"}, {"uid": "73468744", "content": "空降01：26"}, {"uid": "138811503", "content": "ffy"}, {"uid": "5208700", "content": "中国人就说你好"}, {"uid": "5219663", "content": "1985"}, {"uid": "39411662", "content": "好耶"}, {"uid": "3081165", "content": "？？"}, {"uid": "78509817", "content": "草"}, {"uid": "171991910", "content": "左特是吧"}, {"uid": "10453498", "content": "a//"}, {"uid": "7733650", "content": "kksk"}, {"uid": "307992580", "content": "好耶"}, {"uid": "335769025", "content": "你是左特吗？"}, {"uid": "39411662", "content": "对呀对呀"}, {"uid": "39411662", "content": "憨"}, {"uid": "4877477", "content": "不是贝尔吗"}, {"uid": "13909502", "content": "佐特啊"}, {"uid": "103169620", "content": "？？？"}, {"uid": "103169620", "content": "不准欺负我的非酋"}, {"uid": "429632118", "content": "？？？"}, {"uid": "161767419", "content": "echo"}, {"uid": "42786064", "content": "定语真多"}, {"uid": "147037001", "content": "好耶"}, {"uid": "138811503", "content": "kksk"}, {"uid": "457812459", "content": "？？？"}, {"uid": "205471175", "content": "有尺的"}, {"uid": "39411662", "content": "离谱"}, {"uid": "507801097", "content": "？？？？？？？？？？？？？？？？？？？？？？？？？？？？？？？？？？？？？？？？？？？？？？？？？？"}, {"uid": "507801097", "content": "？？？？？？？？？？？？？？？？？？？？？？？？？？？？？？？？？？？？？？？？？？？？？？？？？？？？？"}, {"uid": "507801097", "content": "？？？？？？？？？？？？？？？？？？？？？？？？？？？？？？？？？？？？？？？？？？？？？？？？？？？？？？？？？？"}, {"uid": "507801097", "content": "？？？？？？？？？？？？？？？？？？？？？？？？？？？？？？？？？？？？？？？？？？？？？？？？？？"}, {"uid": "507801097", "content": "？？？？？？？？？？？？？？？？？？？？？？？？？？？？？？？？？？？？？？？？？？？？？？？？？？？？？？？？？？？"}, {"uid": "507801097", "content": "？？？？？？？？？？？？？？？？？？？？？？？？？？？？？？？？？？？？？？？？？？？？？？？？？？？"}, {"uid": "507801097", "content": "？？？？？？？？？？？？？？？？？？？？？？？？？？？？？？？？？？？？？？？？？？？？？？？？"}, {"uid": "507801097", "content": "？？？？？？？？？？？？？？？？？？？？？？？？？？？？？？？？？？？？？？？？？？？？？？？？？？？？？？？？？？？？？？？？？？？？？？？？？？？？？"}, {"uid": "475202872", "content": "？？？？？？？？？？？？？？？"}, {"uid": "3784448", "content": "\\cfm/\\cfm/\\cfm/"}]