[{"uid": "41978174", "content": "因为taffy过于涩了"}, {"uid": "392385013", "content": "你带着黄色的眼镜"}, {"uid": "19678275", "content": "职业惯性"}, {"uid": "442604830", "content": "全程看翻译机"}, {"uid": "442604830", "content": "《为什么翻译中文》"}, {"uid": "442604830", "content": "不小心坐到了一对母女？？？"}, {"uid": "4780694", "content": "肌 肉 记 忆"}, {"uid": "6602257", "content": "这是什么推理小说情节w"}, {"uid": "29692021", "content": "《taffy很清楚》"}, {"uid": "397425823", "content": "重  操  旧  业"}, {"uid": "88011221", "content": "棒冰厨震怒！！！（探头"}, {"uid": "278095", "content": "老本行"}, {"uid": "83845846", "content": "边看边吃了个冰棒，就是赤豆抹茶..."}, {"uid": "151928378", "content": "不愧是你"}, {"uid": "37251700", "content": "还一个吃了一半的圣代"}, {"uid": "407969", "content": "哈哈哈哈哈哈哈"}, {"uid": "591457", "content": "人行道挺宽敞"}, {"uid": "10899709", "content": "棒冰爱好者震怒"}, {"uid": "1451236", "content": "当了一把伞    翻译及时止住了最后一个字的出现"}, {"uid": "14689729", "content": "你不说还没人往哪方面想"}, {"uid": "204296785", "content": "小豆豆下流那看来你是真没少见，我怎么不知道"}, {"uid": "499279864", "content": "惊恐.jpg"}, {"uid": "219522596", "content": "这个翻译笑死我了"}, {"uid": "71325", "content": "婴儿车不贵"}, {"uid": "20877518", "content": "忽然有种小壆生日记的感觉"}, {"uid": "190179641", "content": "你不说，我想没人会往那想"}, {"uid": "3914076", "content": "偷冰激凌哈哈哈哈哈"}, {"uid": "34410203", "content": "啊~啊~小豆豆吃冰淇淋"}, {"uid": "285478273", "content": "只能说不愧是你"}, {"uid": "41139319", "content": "被怪盗偷走了"}, {"uid": "8004797", "content": "卡在了嗓子里，看来已经吃了"}, {"uid": "8004797", "content": "吃了商场（"}, {"uid": "600142571", "content": "谷歌生草机直呼内行"}, {"uid": "92850071", "content": "窗边的小豆豆"}, {"uid": "119029008", "content": "?不愧是你"}, {"uid": "245100357", "content": "那是因为taffy很涩，下一题"}, {"uid": "10076039", "content": "作案手法娴熟，系惯犯"}, {"uid": "74033617", "content": "那我给你买绿豆的咯【傲娇】"}, {"uid": "23248116", "content": "怪盗（确信）"}, {"uid": "7803680", "content": "草，只有你才会这么想！"}, {"uid": "181971171", "content": "本 性 难 移"}, {"uid": "435356088", "content": "已经被taffy同化力（悲）"}, {"uid": "181971171", "content": "老社恐了"}, {"uid": "19678275", "content": "触发被动"}, {"uid": "87502525", "content": "出租车司机wwwww"}, {"uid": "51544468", "content": "我寻思这也妹人要啊.jpg"}, {"uid": "82539877", "content": "左边是谁问的"}, {"uid": "694900068", "content": "暂停成功，剥皮"}, {"uid": "355789319", "content": "不愧是你"}, {"uid": "225131628", "content": "本 能 反 应 "}, {"uid": "3913652", "content": "特性：偷盗"}, {"uid": "117563310", "content": "究竟还是暴露了怪盗的本质"}, {"uid": "26996107", "content": "？？？？？？？？"}, {"uid": "1796309", "content": "严查翻译机"}, {"uid": "29532419", "content": "只有你才在这方面如此活跃"}, {"uid": "50540192", "content": "哈哈哈哈哈哈哈哈哈"}, {"uid": "9534244", "content": "小豆豆怎么了?"}, {"uid": "359653873", "content": "????本来想不到你这么一说"}, {"uid": "458181976", "content": "什么小豆豆"}, {"uid": "957243", "content": "什么怪盗的巧妙手法"}, {"uid": "26024213", "content": "小痘痘吃冰淇淋 很怪"}, {"uid": "8327682", "content": "重操旧业"}, {"uid": "34410203", "content": "作案手法娴熟（"}, {"uid": "34410203", "content": "草   前 世 本 能"}, {"uid": "23843498", "content": ">?////???"}, {"uid": "3773507", "content": "草"}, {"uid": "602211882", "content": "？？？？你联想可以这么快吗hso"}, {"uid": "131791210", "content": "hso"}, {"uid": "41978174", "content": "Taffy神 偷"}, {"uid": "47716873", "content": "草"}, {"uid": "34832218", "content": "不愧是你"}, {"uid": "309425785", "content": "草，bksn"}, {"uid": "267620", "content": "cream豆豆"}, {"uid": "1564119", "content": "黄油还行"}, {"uid": "13930521", "content": "taffy的家长是shy哥"}, {"uid": "13373302", "content": "？？？？"}, {"uid": "771501", "content": "各种意义上的老本行"}, {"uid": "351826843", "content": "hso"}, {"uid": "2706424", "content": "你很懂啊"}, {"uid": "29532419", "content": "？？？你不说谁会觉得下流啊"}, {"uid": "4062798", "content": "？？？？？？？？？？"}, {"uid": "354879894", "content": "不愧是你"}, {"uid": "3355809", "content": "老 本 行"}, {"uid": "73853959", "content": "可能是不知道taffy说的普通话是哪国语言（"}, {"uid": "13433776", "content": "马没打全可还行"}, {"uid": "359147235", "content": "前世今生了属于是"}, {"uid": "4311806", "content": "好生动的模型！"}, {"uid": "23281638", "content": "《突出吃肉不喜欢吃饭》"}, {"uid": "392710759", "content": "《买 菜》"}, {"uid": "3139277", "content": "怪盗固有被动技能"}, {"uid": "8327682", "content": "钢板撞上来了"}, {"uid": "34410203", "content": "哈哈哈哈哈哈哈哈哈哈"}, {"uid": "476142118", "content": "发明随发明家吧"}, {"uid": "4045162", "content": "哈哈哈哈哈哈哈哈"}, {"uid": "285028805", "content": "笑吐了旁边的生草翻译机"}, {"uid": "119029008", "content": "不愧是怪盗 真是怪啊"}, {"uid": "17784911", "content": "老本行被动"}, {"uid": "110305422", "content": "重操旧业"}, {"uid": "148445", "content": "苏醒了记忆"}, {"uid": "99251521", "content": "哈哈哈哈"}, {"uid": "29692021", "content": "？？？？？？？？"}, {"uid": "32827069", "content": "老本行了"}, {"uid": "19093679", "content": "hso"}, {"uid": "1796309", "content": "母女：哪来的cfm"}, {"uid": "21559206", "content": "标题什么炸了?"}, {"uid": "57899391", "content": "草看到了"}, {"uid": "32423963", "content": "草"}, {"uid": "28583601", "content": "草"}, {"uid": "1451236", "content": "クリトリス"}, {"uid": "160007837", "content": "人行道上不是很宽敞吗"}, {"uid": "1328146", "content": "你很懂吗"}, {"uid": "60958589", "content": "认出来了"}, {"uid": "359147235", "content": "？？？？？"}, {"uid": "24213285", "content": "哈哈哈哈哈哈哈"}, {"uid": "147037001", "content": "hso"}, {"uid": "457131", "content": "哈哈哈哈哈哈"}, {"uid": "86814859", "content": "草"}, {"uid": "4494836", "content": "？？？？？？？？"}, {"uid": "4494836", "content": "不愧是你"}, {"uid": "50402719", "content": "还回去草"}, {"uid": "14450730", "content": "hso"}, {"uid": "38711340", "content": "红茶（无端）"}, {"uid": "1742947", "content": "吃肉剥皮冰淇淋"}, {"uid": "1742947", "content": "这么恐怖的吗"}, {"uid": "422482", "content": "老本行被动"}, {"uid": "543176832", "content": "怪盗（"}, {"uid": "92459783", "content": "所以你含着罪恶吃了吗？"}, {"uid": "7916556", "content": "原来不是后期做的字幕啊！"}, {"uid": "508346209", "content": "下面的小豆豆"}, {"uid": "5146971", "content": "职业病"}, {"uid": "2706424", "content": "？？？？"}, {"uid": "335060824", "content": "重操旧业"}, {"uid": "31864963", "content": "怪盗被动"}, {"uid": "407969", "content": "哪来的怪盗（"}, {"uid": "169532651", "content": "hso"}, {"uid": "12999146", "content": "怎么会事呢"}, {"uid": "402725067", "content": "可能是dd听出来声音了？"}, {"uid": "4168741", "content": "我喜欢吃小豆豆"}, {"uid": "285261497", "content": "看的不少啊"}, {"uid": "645471253", "content": "？？？？？？？"}, {"uid": "71325", "content": "剥皮咋了？没吃过橘子吗！"}, {"uid": "457131", "content": "老本行"}, {"uid": "356342273", "content": "自爆"}, {"uid": "33620493", "content": "？？？？"}, {"uid": "600142571", "content": "没少看呐"}, {"uid": "788991", "content": "?????????????"}, {"uid": "788991", "content": "哈哈哈哈哈哈哈"}, {"uid": "3653840", "content": "认出来了"}, {"uid": "17784911", "content": "hso"}, {"uid": "17784911", "content": "草"}, {"uid": "18773612", "content": "冰淇淋怪盗"}, {"uid": "624129843", "content": "草"}, {"uid": "7916556", "content": "嗯？"}, {"uid": "34832218", "content": "草"}, {"uid": "82539877", "content": "还有绿豆的，但奶奶就喜欢红豆"}, {"uid": "198660429", "content": "哈哈哈哈哈哈"}, {"uid": "435912569", "content": "？？？？？"}, {"uid": "313282144", "content": "职业病"}, {"uid": "8645666", "content": "怎么和我第一遍看的不一样了？"}, {"uid": "51213476", "content": "还回去大可不必"}, {"uid": "411956117", "content": "哈哈哈哈哈哈哈哈"}, {"uid": "10579112", "content": "hso"}, {"uid": "310181779", "content": "老本行"}, {"uid": "247829", "content": "重操旧业"}, {"uid": "8637205", "content": "怪盗本能"}, {"uid": "131652679", "content": "草"}, {"uid": "36296676", "content": "??  ?"}, {"uid": "65773231", "content": "？？？？？"}, {"uid": "3271640", "content": "吃了？"}, {"uid": "8004797", "content": "惯犯惯犯"}, {"uid": "4045162", "content": "？？？？？"}, {"uid": "4045162", "content": "？？？？？"}, {"uid": "4801434", "content": "涩米马赛"}, {"uid": "38711340", "content": "妹啊那东西还能吃么"}, {"uid": "922438", "content": "老  本  行"}, {"uid": "23318791", "content": "草"}, {"uid": "44999247", "content": "细说"}, {"uid": "1742947", "content": "？？？？？？？？？？"}, {"uid": "9382309", "content": "草"}, {"uid": "9382309", "content": "原来如此"}, {"uid": "307992580", "content": "好家伙jpg"}, {"uid": "9382309", "content": "翻译机又搞事"}, {"uid": "7916556", "content": "？？？？？"}, {"uid": "7916556", "content": "??"}, {"uid": "646782446", "content": "哈哈哈"}, {"uid": "2279852", "content": "怪盗"}, {"uid": "288143849", "content": "？？？"}, {"uid": "34832218", "content": "草"}, {"uid": "2084411", "content": "???????"}, {"uid": "9037", "content": "ce zi X che zi X ce zhi O"}, {"uid": "334926483", "content": "？？？？？"}, {"uid": "418290477", "content": "zi zhi 不分"}, {"uid": "485886411", "content": "没少看吧"}, {"uid": "11773507", "content": "突然发现在现场"}, {"uid": "630093229", "content": "左边字幕小剧场"}, {"uid": "77488393", "content": "因为taffy很涩"}, {"uid": "385975698", "content": "？？？？"}, {"uid": "75379", "content": "草"}, {"uid": "100781324", "content": "这就是怪盗吗"}, {"uid": "15319081", "content": "红豆泥阿里嘎多"}, {"uid": "50000108", "content": "老本行了"}, {"uid": "3355809", "content": "认出来了"}, {"uid": "94802805", "content": "？？？"}, {"uid": "424885838", "content": "?????????"}, {"uid": "359147235", "content": "？？？？"}, {"uid": "645471253", "content": "哈哈哈哈哈哈哈哈哈哈"}, {"uid": "20877518", "content": "惊了"}, {"uid": "457131", "content": "草"}, {"uid": "276846", "content": "人行道不是挺宽敞的吗"}, {"uid": "4494836", "content": "？？？？？？？"}, {"uid": "4494836", "content": "？？？？？？"}, {"uid": "523440453", "content": "草"}, {"uid": "5464174", "content": "草"}, {"uid": "166373008", "content": "怪盗（"}, {"uid": "196268349", "content": "哈哈哈哈哈"}, {"uid": "28623333", "content": "真实怪盗（"}, {"uid": "478589", "content": "本能了属于是"}, {"uid": "477790984", "content": "？"}, {"uid": "9020923", "content": "？？？"}, {"uid": "485886411", "content": "前世本能     真实怪盗啊"}, {"uid": "2706424", "content": "泪目"}, {"uid": "40329678", "content": "？？？"}, {"uid": "75379", "content": "老本行"}, {"uid": "770159067", "content": "？？？？？？？？？？？？？"}, {"uid": "50540192", "content": "怪盗（"}, {"uid": "90520246", "content": "车祸"}, {"uid": "5871020", "content": "嘶"}, {"uid": "94814709", "content": "hhhhhhh"}, {"uid": "205294919", "content": "还有盐水棒冰"}, {"uid": "359147235", "content": "？？？？？？"}, {"uid": "297635972", "content": "？"}, {"uid": "6216398", "content": "？"}, {"uid": "457217602", "content": "草"}, {"uid": "4494836", "content": "老本行"}, {"uid": "29145526", "content": "？？？？"}, {"uid": "378982004", "content": "草"}, {"uid": "2747310", "content": "hso"}, {"uid": "8623451", "content": "？？"}, {"uid": "8623451", "content": "？"}, {"uid": "446658415", "content": "老本行了"}, {"uid": "8623451", "content": "草"}, {"uid": "33136342", "content": "草"}, {"uid": "1556687", "content": "草"}, {"uid": "38170705", "content": "？"}, {"uid": "291226349", "content": "啊这"}, {"uid": "14933912", "content": "老本行了"}, {"uid": "8227075", "content": "？"}, {"uid": "1796309", "content": "？"}, {"uid": "161694037", "content": "?"}, {"uid": "546912605", "content": "感觉是没听懂不好意思"}, {"uid": "131344150", "content": "草"}, {"uid": "5871020", "content": "怪盗"}, {"uid": "5871020", "content": "老八"}, {"uid": "6861206", "content": "baopi"}, {"uid": "30741392", "content": "草草草草草草草草"}, {"uid": "57159127", "content": "？？？"}, {"uid": "3324370", "content": "？？？"}, {"uid": "645471253", "content": "草"}, {"uid": "8327682", "content": "？"}, {"uid": "36296676", "content": "老本行了"}, {"uid": "23341809", "content": "草"}, {"uid": "37943023", "content": "毕竟人家steam里都是。。。。。"}, {"uid": "34410203", "content": "来了 热乎"}, {"uid": "51122139", "content": "kksk"}, {"uid": "122342220", "content": "草"}, {"uid": "457812459", "content": "2333333"}, {"uid": "788991", "content": "神偷"}, {"uid": "119029008", "content": "草"}, {"uid": "602770583", "content": "？"}, {"uid": "6944494", "content": "草"}, {"uid": "485886411", "content": "草"}, {"uid": "38286816", "content": "？"}, {"uid": "75379", "content": "？？？"}, {"uid": "32423963", "content": "？"}, {"uid": "290424388", "content": "？？"}, {"uid": "12426769", "content": "?"}, {"uid": "107481544", "content": "啊这"}, {"uid": "392862111", "content": "？？"}, {"uid": "186926734", "content": "baopi"}, {"uid": "4494836", "content": "草"}, {"uid": "4045162", "content": "离谱"}, {"uid": "334093011", "content": "?????"}, {"uid": "334093011", "content": "???"}, {"uid": "199626001", "content": "有吗"}, {"uid": "140381659", "content": "????"}, {"uid": "256106349", "content": "哈哈哈哈哈哈哈哈哈哈哈哈哈哈哈哈"}, {"uid": "1451236", "content": "我姓黄啊，黄豆豆的黄，豆呢就是黄豆豆的豆啊，我的名字连起来就是黄~豆豆"}, {"uid": "424885838", "content": "??????????????????????????????????"}, {"uid": "87433748", "content": "小豆豆？？？？？？？？？？？？？？？"}, {"uid": "87433748", "content": "？？？？？？？？？？？？？？？"}, {"uid": "34410203", "content": "哈哈哈哈哈哈哈哈哈哈哈哈哈哈哈哈哈哈哈哈哈哈哈哈哈哈哈哈哈哈哈哈"}]