[{"uid": "37253718", "content": "suki"}, {"uid": "23088362", "content": "越来越好听了~"}, {"uid": "23088362", "content": "趁着空屏！抱走了！"}, {"uid": "23088362", "content": "趁着空屏！抱走了！"}, {"uid": "23088362", "content": "趁着空屏！抱走了！"}, {"uid": "23088362", "content": "趁着空屏！抱走了！"}, {"uid": "23088362", "content": "趁着空屏！抱走了！"}, {"uid": "37253718", "content": "suki"}, {"uid": "21610865", "content": "想peach↑"}, {"uid": "188937869", "content": "kksk"}, {"uid": "188937869", "content": "awsl"}, {"uid": "314889", "content": "难顶难顶，我前两条名字打错了我没发现"}, {"uid": "26898155", "content": "好听，milky"}, {"uid": "66876546", "content": "昭和的味道"}, {"uid": "2606263", "content": "awsl 单推了"}, {"uid": "240838691", "content": "\\橘猫/\\橘猫/\\橘/猫"}, {"uid": "240838691", "content": "唱的好听，很有感觉"}, {"uid": "240838691", "content": "好听！！"}, {"uid": "240838691", "content": "没人，那我抱走橘猫了"}, {"uid": "240838691", "content": "来了来了"}, {"uid": "37253718", "content": "可爱橘猫！"}, {"uid": "3121318", "content": "可爱！"}, {"uid": "37253718", "content": "可爱橘猫！"}, {"uid": "26898155", "content": "好听南方"}, {"uid": "14111581", "content": "⭐milky⭐milky⭐milky⭐milky⭐"}, {"uid": "14111581", "content": "⭐milky⭐milky⭐milky⭐milky⭐"}, {"uid": "14111581", "content": "⭐milky⭐milky⭐milky⭐milky⭐"}, {"uid": "14111581", "content": "⭐milky⭐milky⭐milky⭐milky⭐"}, {"uid": "14111581", "content": "⭐milky⭐milky⭐milky⭐milky⭐"}, {"uid": "14111581", "content": "⭐milky⭐milky⭐milky⭐milky⭐"}, {"uid": "14111581", "content": "⭐milky⭐milky⭐milky⭐milky⭐"}, {"uid": "14111581", "content": "⭐milky⭐milky⭐milky⭐milky⭐"}, {"uid": "12283027", "content": "\\Milky/\\Milky/\\Milky/\\Milky/\\Milky/"}]