[{"uid": "104655981", "content": "毛毛虫咋样？"}, {"uid": "392953435", "content": "这就是平行宇宙里的Ame吗"}, {"uid": "1831377398", "content": "请多指教"}, {"uid": "1831377398", "content": "真·半身不遂"}, {"uid": "1831377398", "content": "awsl"}, {"uid": "20758752", "content": "人偶是秃头的，需要假发哈哈哈"}, {"uid": "358911242", "content": "因为tomo太美所以设计师破产"}, {"uid": "358911242", "content": "太可爱了啊啊啊啊！"}, {"uid": "234702", "content": "草"}, {"uid": "276580414", "content": "球形关节，那岂不是可动性很低吗？"}, {"uid": "499262468", "content": "tomo加油"}, {"uid": "270489874", "content": "好可爱！"}, {"uid": "82394300", "content": "六花永远的神"}, {"uid": "82394300", "content": "六花永远的神！"}, {"uid": "82394300", "content": "六花永远的神！"}, {"uid": "455929063", "content": "哈哈哈哈哈，神tm半身不遂"}, {"uid": "11907361", "content": "假发kana"}, {"uid": "1819467", "content": "可能是因为头大（"}, {"uid": "1819467", "content": "高级义眼（）"}, {"uid": "1819467", "content": "kwiiiiiiiii"}, {"uid": "1819467", "content": "kwiiiiiiiiiiiiiiiiiiiiiiiiiiiii"}, {"uid": "35539247", "content": "真。半身不遂"}, {"uid": "3162606", "content": "狐狸！"}, {"uid": "4001461", "content": "口音好可爱"}, {"uid": "1344413", "content": "量产后可以把成本降下来呀"}, {"uid": "296560", "content": "可爱w"}, {"uid": "4001461", "content": "辫子摇起来可爱"}, {"uid": "446237553", "content": "这是台风吧喂！！"}, {"uid": "19043986", "content": "半身不遂"}, {"uid": "1831377398", "content": "哈哈哈哈哈哈"}, {"uid": "1323945", "content": "难道是罗真？"}, {"uid": "36151687", "content": "可爱"}, {"uid": "306971116", "content": "kksk"}, {"uid": "1819467", "content": "www"}, {"uid": "1819467", "content": "？"}, {"uid": "1819467", "content": "wwwwwwwww"}, {"uid": "3162606", "content": "kwiiiiiiiiiiiiiiiii"}, {"uid": "8635662", "content": "摇起来头发好棒"}, {"uid": "667651805", "content": "小刺猬？？？？？？？"}, {"uid": "4001461", "content": "kwiiii"}, {"uid": "34744477", "content": "不 你喜欢黄瓜"}, {"uid": "1819467", "content": "可爱！！！！！！！！！！！！！！！！！！！！！！！！"}]