[{"uid": "519785746", "content": "好可爱"}, {"uid": "29045886", "content": "太可爱了卧槽"}, {"uid": "37881530", "content": "真好听，棒的"}, {"uid": "37881530", "content": "我tomo真可爱~！"}, {"uid": "62072633", "content": "声音有点温柔"}, {"uid": "34019871", "content": "kksk"}, {"uid": "35224307", "content": "KKSK"}, {"uid": "3677907", "content": "可爱"}, {"uid": "51364855", "content": "kksk"}, {"uid": "51364855", "content": "可爱！！！！！！！！"}, {"uid": "167838302", "content": "好可爱"}, {"uid": "636037736", "content": "绝绝子"}, {"uid": "1598477", "content": "牙白~卡哇伊~"}, {"uid": "487689202", "content": "没人？"}]