[{"uid": "360833981", "content": "爱了"}, {"uid": "360833981", "content": "好可爱啊"}, {"uid": "687493301", "content": "日文版的不怎么好听。"}, {"uid": "454779254", "content": "好好听"}, {"uid": "695500361", "content": "怪怪的感觉"}, {"uid": "159950479", "content": "这段，我为何想起了本兮"}, {"uid": "1831377398", "content": "前方高能预警"}, {"uid": "1831377398", "content": "好听～"}, {"uid": "455042802", "content": "声音很好听"}, {"uid": "204323772", "content": "声音好听！"}, {"uid": "670699770", "content": "上头了，我想上头了。"}, {"uid": "27761753", "content": "锤子露出欣慰的笑容"}, {"uid": "49529501", "content": "tono太可爱啦/##！"}, {"uid": "1901395", "content": "原来是重新填的词"}, {"uid": "475863849", "content": "awsl"}, {"uid": "519979817", "content": "爽歪歪"}, {"uid": "399851452", "content": "牛逼"}, {"uid": "298557530", "content": "这是个好鸟！！！"}, {"uid": "506787211", "content": "希卡利奥特曼"}, {"uid": "20169197", "content": "声线还行"}, {"uid": "29712885", "content": "啊啊啊可爱～"}, {"uid": "353284399", "content": "强啊"}, {"uid": "353284399", "content": "i了i了"}, {"uid": "114916918", "content": "前方高能"}, {"uid": "26230955", "content": "阿伟反复去世"}, {"uid": "289573969", "content": "确实上头"}, {"uid": "15816004", "content": "上头"}, {"uid": "35224307", "content": "好听KKSK"}, {"uid": "320758949", "content": "加词了，好像还改了一点词"}, {"uid": "169633580", "content": "没有原版清丽的感觉了"}, {"uid": "1661455479", "content": "可爱到爆"}, {"uid": "2995226", "content": "还挺像yousa的"}, {"uid": "508673418", "content": "热乎的"}, {"uid": "696058078", "content": "毫无违和感嗷呜"}, {"uid": "499654441", "content": "awsl"}, {"uid": "114916918", "content": "tomo永远的神！"}, {"uid": "296797482", "content": "好听好听"}, {"uid": "291249492", "content": "好活当赏"}, {"uid": "454779254", "content": "好耶"}, {"uid": "695500361", "content": "中文歌翻唱成日语歌怪怪"}, {"uid": "632336", "content": "悄悄承包"}, {"uid": "174769384", "content": "丝滑！"}, {"uid": "399851452", "content": "大佬啊"}, {"uid": "298557530", "content": "这鸟有腿了"}, {"uid": "456512684", "content": "好耶"}, {"uid": "26150107", "content": "kksk"}, {"uid": "75815869", "content": "好耶"}, {"uid": "506136082", "content": "awsl"}, {"uid": "199456611", "content": "狂喜"}, {"uid": "1661455479", "content": "报喜鸟"}, {"uid": "38550786", "content": "太好听了8"}, {"uid": "8309149", "content": "真不错"}, {"uid": "10196128", "content": "kksk"}, {"uid": "1428596011", "content": "哇好棒"}, {"uid": "86936104", "content": "666"}, {"uid": "1607914766", "content": "awsl"}, {"uid": "2620499", "content": "好听!"}, {"uid": "454779254", "content": "好听好听好听好听好听好听好听好听"}]