[{"uid": "353839911", "content": "好听"}, {"uid": "102712499", "content": "很符合我们那"}, {"uid": "499909994", "content": "没人？"}, {"uid": "35224307", "content": "KKSK，这段太好听了"}, {"uid": "35224307", "content": "好暖好治愈"}, {"uid": "2515154", "content": "好暖，泪目。"}, {"uid": "2515154", "content": "啊，这，我死了。"}, {"uid": "2515154", "content": "好听。"}, {"uid": "480213062", "content": "好听"}, {"uid": "1819467", "content": "；；"}, {"uid": "81141674", "content": "太暖了"}]