[{"uid": "71370", "content": "所以回来看录播了hhhhh"}, {"uid": "1455530", "content": "秃mo"}, {"uid": "446237553", "content": "确实"}, {"uid": "92092922", "content": "这舒服的姿势"}, {"uid": "606403022", "content": "这瓜包熟吗"}, {"uid": "2515154", "content": "iz上吊了！"}, {"uid": "2515154", "content": "wwww好可爱。"}, {"uid": "2515154", "content": "那其实也挺好的。"}, {"uid": "2515154", "content": "放心，不存在的。"}, {"uid": "2515154", "content": "并不会。"}, {"uid": "35224307", "content": "awsl"}, {"uid": "234702", "content": "？？？低血压治疗型vtb还行"}, {"uid": "4001461", "content": "开场动画好可爱"}]