[{"uid": "202087437", "content": "好耶"}, {"uid": "202087437", "content": "？"}, {"uid": "82727145", "content": "我卡了？"}, {"uid": "103646722", "content": "味很重"}, {"uid": "6223089", "content": "没有喉结，不性感"}, {"uid": "382264945", "content": "哈哈"}, {"uid": "68388971", "content": "？"}, {"uid": "322815501", "content": "我卡了"}, {"uid": "24311275", "content": "咩妈妈"}, {"uid": "24311275", "content": "熟悉的味道"}, {"uid": "24311275", "content": "外面全是成龙"}, {"uid": "24311275", "content": "王の邀请"}, {"uid": "24311275", "content": "密室直播"}, {"uid": "24311275", "content": "哇哦"}, {"uid": "24311275", "content": "哦这该死的翻译腔"}, {"uid": "35592703", "content": "还是一如既往的憨"}, {"uid": "35592703", "content": "是你的弟弟"}, {"uid": "35592703", "content": "花姐好久不见"}, {"uid": "35592703", "content": "好耶"}, {"uid": "23081776", "content": "咦惹"}, {"uid": "259948707", "content": "不怪崽崽怕你，哈哈哈哈哈"}, {"uid": "259948707", "content": "空降成功！"}, {"uid": "23081776", "content": "你就是憨"}, {"uid": "46887581", "content": "正片开始"}]