[{"uid": "12754387", "content": "如 你 所 愿"}, {"uid": "2634396", "content": "？？？"}, {"uid": "108745999", "content": "草"}, {"uid": "108745999", "content": "本音笑出来了哈哈哈"}, {"uid": "261717640", "content": "前方爆笑来袭"}, {"uid": "382264945", "content": "你这一说你们还蛮像的"}, {"uid": "1832288851", "content": "桌子HP－114514"}, {"uid": "98868043", "content": "氪了198，螃蟹老婆回家。在路上他妈，随便花！"}, {"uid": "11976173", "content": "还不如来螃蟹呢"}, {"uid": "39620517", "content": "本体暴露"}, {"uid": "8493085", "content": "吓得我姨妈巾都掉马桶里了"}, {"uid": "2607346", "content": "这笑声一定是健康的证明"}, {"uid": "35408024", "content": "天雷收命"}, {"uid": "35408024", "content": "好正片开始"}, {"uid": "9206594", "content": "《法 老 的 愤 怒》"}, {"uid": "35699620", "content": "我来我来"}, {"uid": "25746480", "content": "两红，离谱"}, {"uid": "298523", "content": "笑死我了"}, {"uid": "30476152", "content": "崽崽：我谢谢你嗷"}, {"uid": "412492846", "content": "笑死"}, {"uid": "285804990", "content": "雷神来取你猫命了"}, {"uid": "3196091", "content": "凯尔希某种意义上也是猫猫"}, {"uid": "3196091", "content": "《妈妈最喜欢你了》"}, {"uid": "38040184", "content": "《如你所愿》"}, {"uid": "168691048", "content": "暴击：桌子HP-10086"}, {"uid": "5946425", "content": "双黄！"}, {"uid": "440550536", "content": "双黄？！"}, {"uid": "351602210", "content": "紫气东来"}, {"uid": "12404176", "content": "大不敬"}, {"uid": "109359934", "content": "两岸猿声啼不住"}, {"uid": "515584988", "content": "在现场"}, {"uid": "133801224", "content": "吓死宝宝了"}, {"uid": "10665087", "content": "我还是白色对吧"}, {"uid": "173490982", "content": "螃蟹"}, {"uid": "513449401", "content": "猫：你不要过来啊啊啊啊！！！！！"}, {"uid": "293984535", "content": "哈哈，大家可能都一样吧"}, {"uid": "90534212", "content": "两个6星"}, {"uid": "179295935", "content": "《 赤  冬人 柱 力 》"}, {"uid": "388042855", "content": "四个螃蟹还好，我溢出15个了。但是我出凯尔希了"}, {"uid": "372268015", "content": "确实没有螃蟹"}, {"uid": "335759705", "content": "你不要赤冬就给你紫气东来"}, {"uid": "249208206", "content": "？行刺法老"}, {"uid": "383913477", "content": "等等，不对劲"}, {"uid": "383913477", "content": "屑"}, {"uid": "6268272", "content": "猫：？？？你是不是有什么毛病"}, {"uid": "26218814", "content": "猩猩拍胸"}, {"uid": "6223089", "content": "？？？？？？？？？"}, {"uid": "14086478", "content": "前方高能"}, {"uid": "430546995", "content": "差点没给我送走"}, {"uid": "37127229", "content": "在现场，在现场，给崽崽吓得都不会了。"}, {"uid": "45981554", "content": "猫猫一脸嫌弃"}, {"uid": "45981554", "content": "危危危"}, {"uid": "45981554", "content": "猫猫做错了什么"}, {"uid": "88867413", "content": "本音都笑出来了！"}, {"uid": "7973676", "content": "看弹幕，没有剪辑过，真的言出法随"}, {"uid": "169195225", "content": "在现场"}, {"uid": "57208763", "content": "双黄蛋吸吸"}, {"uid": "115737", "content": "猫咪绝了"}, {"uid": "2586889", "content": "本音都出来了"}, {"uid": "414422", "content": "草"}, {"uid": "412652855", "content": "猫（危）！"}, {"uid": "414422", "content": "企图玄学"}, {"uid": "312680644", "content": "怪哦，溢出来了"}, {"uid": "16109025", "content": "《改运》"}, {"uid": "209500246", "content": "赤冬很努力地在up呢"}, {"uid": "45981554", "content": "吓死了。。"}, {"uid": "355536153", "content": "因为只有赤冬在认真up"}, {"uid": "19653779", "content": "把我送走了"}, {"uid": "5946425", "content": "魔鬼笑声"}, {"uid": "1244427042", "content": "怎么忍不住了"}, {"uid": "12603762", "content": "我靠吓我一跳"}, {"uid": "12754387", "content": "害怕"}, {"uid": "207568717", "content": "喝酒女神"}, {"uid": "445427488", "content": "吓我一跳"}, {"uid": "12404176", "content": "我来我来"}, {"uid": "112719833", "content": "好魔性啊"}, {"uid": "23081776", "content": "乜乜姐可怕"}, {"uid": "70541608", "content": "桌子hp-1"}, {"uid": "283284090", "content": "吓死我了"}, {"uid": "115737", "content": "？？？？？？？？？"}, {"uid": "364637912", "content": "吓死我了。。。。"}, {"uid": "1463149540", "content": "都笑破音了"}, {"uid": "412492846", "content": "吓死我了"}, {"uid": "343286560", "content": "卧槽双黄蛋"}, {"uid": "7963277", "content": "？？"}, {"uid": "18244944", "content": "198！蒂蒂老婆回家"}, {"uid": "424226133", "content": "在现场"}, {"uid": "133262166", "content": "？？？？"}, {"uid": "144937624", "content": "都是过来人"}, {"uid": "443889155", "content": "168！"}, {"uid": "2528360", "content": "有种蔡明在笑的感觉"}, {"uid": "349322163", "content": "？"}, {"uid": "88867413", "content": "桌子-11"}, {"uid": "38637949", "content": "放心，每次限定池5星必满潜"}, {"uid": "147592745", "content": "这笑声"}, {"uid": "414422", "content": "疯了~抬走吧。。。"}, {"uid": "97374627", "content": "这笑声很蔡明"}, {"uid": "16157375", "content": "？？？？？？"}, {"uid": "346069313", "content": "疯了，抬走吧"}, {"uid": "97979493", "content": "？？？？？"}, {"uid": "5979374", "content": "san-999"}, {"uid": "23081776", "content": "笑死"}, {"uid": "312680644", "content": "阿姨，你正常点 阿姨"}, {"uid": "649959129", "content": "在现场好吧"}, {"uid": "65975407", "content": "疯了"}, {"uid": "275553357", "content": "疯了"}, {"uid": "489640561", "content": "回归一发十连中蒂蒂"}, {"uid": "398293552", "content": "猫：............wdnmd"}, {"uid": "65975407", "content": "这女的氪疯了"}, {"uid": "8263167", "content": "蔡明老师？"}, {"uid": "88867413", "content": "哈哈哈哈哈哈哈哈哈哈哈哈哈哈哈哈"}, {"uid": "273128053", "content": "我50发老人与海都出了，赤东也满潜了"}, {"uid": "23676568", "content": "哈哈哈哈哈哈哈哈哈哈哈哈哈哈哈哈哈哈哈哈哈哈哈哈"}]