[{"uid": "19941557", "content": "这瞳孔不对劲"}, {"uid": "522447", "content": "他是前辈了哈哈哈"}, {"uid": "87585856", "content": "很高兴以这种方式认识你"}, {"uid": "480704953", "content": "我居然也有点想搜了……"}, {"uid": "253094777", "content": "看到这个沙世子突然惊醒"}, {"uid": "3488324", "content": "开游乐场的德高望重艺术家~"}, {"uid": "11210786", "content": "他在放屁哈哈哈哈哈"}, {"uid": "38629769", "content": "枪间家族大luan交"}, {"uid": "548462496", "content": "一窥深渊之时，便是思维腐朽之日"}, {"uid": "229666926", "content": "奇怪的知识又增加了。"}, {"uid": "20228187", "content": "疯狂学习新知识"}, {"uid": "7940825", "content": "你想懂，那我这里有好康的"}, {"uid": "411812932", "content": "点进来当然是为了看夜之女神啊还能是什么"}, {"uid": "29994332", "content": "很抱歉已这种方式认识你doge"}, {"uid": "543724497", "content": "眼睛里的爱心瞬间就变味了"}, {"uid": "23207109", "content": "yysy确实是"}, {"uid": "23207109", "content": "这不把水龙老师叫过来"}, {"uid": "33018577", "content": "他是开游乐园的"}, {"uid": "475182733", "content": "学校校长"}, {"uid": "17989357", "content": "你的表情就像水龙敬的模子"}, {"uid": "24614625", "content": "还真是"}, {"uid": "313938219", "content": "好涩的表情"}, {"uid": "104393240", "content": "你们好好反思一下为什么会点进来"}, {"uid": "660340640", "content": "哟，你脸红啦"}, {"uid": "430272580", "content": "什么水龙敬乐园啊，迪士尼吗"}, {"uid": "233227813", "content": "全是你这种眼镜是爱心的姐姐玩乐的游乐场"}, {"uid": "452970939", "content": "欲擒故纵"}, {"uid": "290077554", "content": "游乐场主吗不是"}, {"uid": "283745283", "content": "游乐园园长（确信"}, {"uid": "13079862", "content": "哈哈哈哈哈哈我还看过"}, {"uid": "476498836", "content": "水龙敬老师家里开游乐场的，可有钱现在退休在家画画[脱单doge]"}, {"uid": "44504658", "content": "画眼睛里有爱心的人"}, {"uid": "3444119", "content": "人类的梦想笑死我了"}, {"uid": "302122573", "content": "开口拼音就说水龙还不知道是什么吗？"}, {"uid": "37146206", "content": "你这眼睛珠子这样，还说不知道啥事水龙敬"}, {"uid": "95233573", "content": "水龙敬乐园可好玩了"}, {"uid": "480704953", "content": "水龙井？"}, {"uid": "3725159", "content": "恶堕佐藤空气大佬擅长"}, {"uid": "292639465", "content": "woc，还能在b站看到水龙敬公园"}, {"uid": "768803", "content": "你不懂？我觉的我没你懂"}, {"uid": "7940825", "content": "你的画风是为什么存在的"}, {"uid": "25662074", "content": "简直一模一样"}, {"uid": "498621539", "content": "懂，但只能懂一点"}, {"uid": "243094349", "content": "我只是想知道这个乐园才来的"}, {"uid": "409077423", "content": "很抱歉以这种方式认识你"}, {"uid": "480992491", "content": "建议上某粉色APP找"}, {"uid": "390918088", "content": "超棒的超现实游乐园"}, {"uid": "283745283", "content": "你悟到了"}, {"uid": "33004082", "content": "哎呀，你脸红啦"}, {"uid": "44504658", "content": "眼睛里有爱心不是好事儿～"}, {"uid": "144567", "content": "人类的梦想"}, {"uid": "302122573", "content": "好玩的地方"}, {"uid": "11743930", "content": "你看你这眼神你说你不知道？"}, {"uid": "3488324", "content": "巧了，我有高清大图~"}, {"uid": "32351010", "content": "游乐园园长"}, {"uid": "287427688", "content": "好康的"}, {"uid": "16740561", "content": "你眼睛的画风就挺水龙敬的"}, {"uid": "5192761", "content": "我不懂但大受震撼"}, {"uid": "486736728", "content": "画漫画的（bushi）"}, {"uid": "16808180", "content": "下班偷偷看"}, {"uid": "491403634", "content": "画风不对劲"}, {"uid": "593810482", "content": "抢间家族"}, {"uid": "15736012", "content": "是个主题乐园，没毛病吧？"}, {"uid": "82984319", "content": "哎哟，你脸红啦？"}, {"uid": "57955232", "content": "《画师》"}, {"uid": "40687437", "content": "看你的爱心眼就不对劲"}, {"uid": "283745283", "content": "说他是vtb好像也对"}, {"uid": "13079862", "content": "吸溜注入灵魂"}, {"uid": "11594528", "content": "你别说，我现在觉得真的像"}, {"uid": "4320564", "content": "水龙敬开游乐园的"}, {"uid": "62540029", "content": "家教应该是二姐吧"}, {"uid": "83166761", "content": "管理大师"}, {"uid": "12040817", "content": "可以喷水"}, {"uid": "4168741", "content": "太不干净了(doge)"}, {"uid": "286949169", "content": "学园园长"}, {"uid": "95233573", "content": "水龙敬乐园"}, {"uid": "471463410", "content": "可以，我关注了，还是特别关注"}, {"uid": "33809298", "content": "鬼畜的眼睛"}, {"uid": "24869963", "content": "开游乐园的"}, {"uid": "458113715", "content": "水龙敬乐园"}, {"uid": "81641403", "content": "哈哈哈哈哈哈"}, {"uid": "171717352", "content": "好康的东西"}, {"uid": "149278610", "content": "也眼睛。。。还有这标题。。。"}, {"uid": "17989357", "content": "知道名字不知道"}, {"uid": "39931324", "content": "营养好的可以去"}, {"uid": "3823673", "content": "哎呦 你脸红了"}, {"uid": "2951668", "content": "游乐园园长"}, {"uid": "252276776", "content": "就是游乐园啦"}, {"uid": "1630121", "content": "快住手！前面可是深渊啊"}, {"uid": "14125447", "content": "好玩的游乐园"}, {"uid": "343649003", "content": "这个皮很适合去"}, {"uid": "17889984", "content": "他还真的是vtb"}, {"uid": "13936795", "content": "城市规划建设（"}, {"uid": "282368828", "content": "游乐园园长"}, {"uid": "402359619", "content": "那位先生"}, {"uid": "26660571", "content": "水龙敬乐园"}, {"uid": "14847308", "content": "热血漫画"}, {"uid": "49963196", "content": "已经有番了"}, {"uid": "486736728", "content": "写漫画的（bushi）"}, {"uid": "6767667", "content": "水龙敬确实是VTB"}, {"uid": "23207109", "content": "哦吼完蛋"}, {"uid": "291204444", "content": "这眼睛要睡着了"}, {"uid": "8634188", "content": "好怪哦，再看一下～"}, {"uid": "21373853", "content": "这个皮肤可以"}, {"uid": "3823673", "content": "哎呦 你脸红"}, {"uid": "2951668", "content": "别懂，快跑"}, {"uid": "523995997", "content": "开始以为是韩国的"}, {"uid": "13367659", "content": "枪间"}, {"uid": "48885773", "content": "是个游乐园"}, {"uid": "609615", "content": "开游乐园的"}, {"uid": "10844737", "content": "疯狂吸口水"}, {"uid": "414422", "content": "噔 噔 咚"}, {"uid": "1401809710", "content": "你是蔡少芬吗"}, {"uid": "8010325", "content": "确实是vtuber"}, {"uid": "85316843", "content": "卧槽 这标题"}, {"uid": "437638215", "content": "弹幕：和双头龙是一个性质的东西"}, {"uid": "3725159", "content": "你脸红啦？"}, {"uid": "30295646", "content": "千万别！！！"}, {"uid": "44827906", "content": "嗯~"}, {"uid": "229807490", "content": "里番（大声）"}, {"uid": "450579377", "content": "不是能打出来吗？"}, {"uid": "450579377", "content": "水龙敬"}, {"uid": "153461759", "content": "画你眼睛那种漫画的"}, {"uid": "1512927", "content": "太怪了，再看一眼"}, {"uid": "4883965", "content": "确实是vtb"}, {"uid": "30185849", "content": "确实有点内味"}, {"uid": "457643520", "content": "我劝你不要搜索，这个对有些人是一种冲击"}, {"uid": "50979249", "content": "人口规划"}, {"uid": "16557940", "content": "哈哈哈哈"}, {"uid": "123220699", "content": "哈哈哈哈"}, {"uid": "512756", "content": "这皮确实很合适！"}, {"uid": "305072215", "content": "好地方"}, {"uid": "259316471", "content": "还真也是vtb"}, {"uid": "18226", "content": "你想懂？"}, {"uid": "483079572", "content": "点进来的都是老司机"}, {"uid": "69793887", "content": "不是你的画师吗"}, {"uid": "269861316", "content": "呱"}, {"uid": "7044840", "content": "我就是不反思！哼！"}, {"uid": "491825966", "content": "C 前几天刚看"}, {"uid": "399177758", "content": "离谱"}, {"uid": "16808180", "content": "是新世界"}, {"uid": "141658", "content": "女权斗士水龙敬"}, {"uid": "3488656", "content": "怎么感觉在哪见过"}, {"uid": "221627325", "content": "额，到底是干啥的"}, {"uid": "1681331289", "content": "还说不懂"}, {"uid": "35374256", "content": "直接给网站吧"}, {"uid": "481362703", "content": "白莲花"}, {"uid": "168531891", "content": "草"}, {"uid": "46523239", "content": "故意的，能装，为了节目效果而已"}, {"uid": "8733491", "content": "游乐园"}, {"uid": "180956370", "content": "别念了"}, {"uid": "486109260", "content": "哦～"}, {"uid": "4883965", "content": "怎么还念出来的"}, {"uid": "488616360", "content": "不够看（"}, {"uid": "21639219", "content": "这皮很水龙敬"}, {"uid": "8263167", "content": "还真是"}, {"uid": "12295812", "content": "yamero!!!"}, {"uid": "1438329", "content": "草"}, {"uid": "11743930", "content": "水龙是周淑怡"}, {"uid": "22075331", "content": "好家伙"}, {"uid": "768803", "content": "确实像"}, {"uid": "158578089", "content": "催眠"}, {"uid": "501468112", "content": "我有一个朋友"}, {"uid": "81641403", "content": "别说，真像"}, {"uid": "81641403", "content": "别说，真像"}, {"uid": "2142008", "content": "别说还真的有点像"}, {"uid": "13215170", "content": "的确是"}, {"uid": "180956370", "content": "完了"}, {"uid": "3069162", "content": "一般"}, {"uid": "242198902", "content": "哈哈"}, {"uid": "27651858", "content": "水龙敬是里番"}, {"uid": "166382920", "content": "我不信"}, {"uid": "476498836", "content": "你懂了？"}, {"uid": "476498836", "content": "是来自日本的同行阿，有什么问题吗（[脱单doge][脱单doge]"}, {"uid": "507828631", "content": "这个瞳孔不对劲啊，危"}, {"uid": "668180693", "content": "不困了"}, {"uid": "18652552", "content": "水龙敬不是国人么？"}, {"uid": "15046767", "content": "我好像看过"}, {"uid": "3725159", "content": "是漫画"}, {"uid": "433715108", "content": "？？？？"}, {"uid": "192522780", "content": "确实"}, {"uid": "584580330", "content": "？？"}, {"uid": "289763169", "content": "捏嘿"}, {"uid": "44827906", "content": "哦"}, {"uid": "593810482", "content": "枪间"}, {"uid": "8472386", "content": "？"}, {"uid": "146252238", "content": "草"}, {"uid": "243800323", "content": "确实像"}, {"uid": "41675425", "content": "什么乐园？"}, {"uid": "17131243", "content": "不干净了"}, {"uid": "180956370", "content": "这里我看过了"}, {"uid": "362338898", "content": "就是u咩（"}, {"uid": "22730289", "content": "别看啊"}, {"uid": "16557940", "content": "草"}, {"uid": "476498836", "content": "水龙敬Official   水龙敬本人就在b站有号"}, {"uid": "476498836", "content": "再发一遍，那我也来。直播的我：前面是万丈深渊啊啊啊啊啊啊啊啊啊评论的我：不要停下来啊啊啊啊啊啊啊啊啊啊啊"}, {"uid": "4400997", "content": "枪间"}, {"uid": "626772587", "content": "水龙敬？常年霸占热度榜第一的画师？"}, {"uid": "520998068", "content": "？？？？不是动漫吗？？？"}, {"uid": "19952396", "content": "是vtb"}, {"uid": "437264604", "content": "好家伙。我直接好家伙"}, {"uid": "257386893", "content": "？？。"}, {"uid": "13521487", "content": "你都知道是日本的了你不知道是干什么的我不信"}, {"uid": "19118398", "content": "是vup哦"}, {"uid": "71407412", "content": "qs"}, {"uid": "476498836", "content": "水龙敬老师确实是Vtuber~还在B站有号~这个先放一边，老师的作品乜乜你观看之前可得做好思想准备，看完后可就打开了新世界的大门，在魅魔这条路上越走越远了啊。。。[笑哭][笑哭][笑哭]"}, {"uid": "243836347", "content": "真的吗？我不信"}]