[{"uid": "1064304708", "content": "睁眼了"}, {"uid": "2078024", "content": "《我都不看这些的》"}, {"uid": "457101398", "content": "都是断句小天才"}, {"uid": "295294996", "content": "还就那个欲拒还迎"}, {"uid": "504224364", "content": "梦开始的地方"}, {"uid": "34605735", "content": "哈哈哈哈"}, {"uid": "425457294", "content": "卧槽（倒装句）"}, {"uid": "457618813", "content": "睁开眼睛，什么出家人四大皆空"}, {"uid": "457179332", "content": "嗦口水的声音！"}, {"uid": "511226560", "content": "嘴上说着不感兴趣，但却紧闭双眼。你睁开眼睛看看，不相信两眼空空滑稽"}, {"uid": "375249183", "content": "《我对男人不感兴趣》"}, {"uid": "125920062", "content": "嘴巴张着就说明她一直在笑"}, {"uid": "5988441", "content": "每次的笑都是暴露"}, {"uid": "237282814", "content": "谢谢，把我送走了"}, {"uid": "646430708", "content": "听你这意思你看过收费的。"}, {"uid": "384963648", "content": "what's up"}, {"uid": "444745791", "content": "《我对男人不感兴趣》"}, {"uid": "34861849", "content": "一直在看"}, {"uid": "86015743", "content": "老傲娇了"}, {"uid": "32376569", "content": "这放肆的笑声"}, {"uid": "354505924", "content": "在现场"}, {"uid": "439958595", "content": "瞪大眼睛"}, {"uid": "23280618", "content": "满腹金轮了"}, {"uid": "82173871", "content": "一直吸溜口水"}, {"uid": "181691260", "content": "你能不能把眼睛睁开（表情）"}, {"uid": "39898031", "content": "满桌子都是口水"}, {"uid": "39898031", "content": "这笑声 直接暴露本性"}, {"uid": "6900827", "content": "这不是一般的男人，这可是金轮！"}, {"uid": "476498836", "content": "令郎的胸肌为何如此浮夸?"}, {"uid": "105184001", "content": "马云体：我对钱没有兴趣！"}, {"uid": "359103232", "content": "《肉 蛋 葱 鸡》"}, {"uid": "3066411", "content": "卧槽这一笑直接人设炸了"}, {"uid": "1673124249", "content": "我以为厨师在偷吃原来厨师在健身，狗头AI换脸"}, {"uid": "93653947", "content": "禁止谈厨师"}, {"uid": "7139663", "content": "《我没有兴趣的》"}, {"uid": "2078024", "content": "《我对男人真的没有兴趣的》"}, {"uid": "65679195", "content": "这笑声哈哈哈哈哈"}, {"uid": "357624607", "content": "口 是 心 非"}, {"uid": "35740636", "content": "看了三和2"}, {"uid": "35740636", "content": "意犹未尽"}, {"uid": "12315581", "content": "逆天"}, {"uid": "82693069", "content": "腿麻了"}, {"uid": "83174334", "content": "今天我马老师就是要把你掰直"}, {"uid": "6619351", "content": "兄弟们，自信点，去满足她"}, {"uid": "342857148", "content": "她太会直播了"}, {"uid": "646430708", "content": "你确定"}, {"uid": "41689500", "content": "进度条告诉我不简单"}, {"uid": "17050340", "content": "那必须是我了"}, {"uid": "21529939", "content": "请问这症状持续多久？"}, {"uid": "489935520", "content": "笑出强大益达。"}, {"uid": "342333639", "content": "哎呦，你脸红啦？"}, {"uid": "24371043", "content": "一边说没兴趣一边点下一个视频（老口嫌体正直了）"}, {"uid": "95185721", "content": "声音很御姐啊！好听！"}, {"uid": "25617558", "content": "我人傻了，这笑声"}, {"uid": "185088676", "content": "蔡明的声线效果都出来了"}, {"uid": "34590134", "content": "这个笑容由我来守护！"}, {"uid": "2017498", "content": "发出蔡明老师的声音"}, {"uid": "284942234", "content": "哈哈哈"}, {"uid": "262252305", "content": "口嫌体正直"}, {"uid": "16606658", "content": "迟疑了"}, {"uid": "8489122", "content": "呲溜的一声"}, {"uid": "22421288", "content": "《看一下这个》"}, {"uid": "12315581", "content": "睁眼说话"}, {"uid": "26568890", "content": "这笑声太生草了"}, {"uid": "1032666302", "content": "字幕？？？"}, {"uid": "4361679", "content": "哈哈哈哈哈哈，这一声哦哟~~~~就很灵性"}, {"uid": "399195053", "content": "注意你的吃相 口水擦干净啊"}, {"uid": "611232400", "content": "没有偷偷瞄，是光明正大的看"}, {"uid": "18856002", "content": "痴笑"}, {"uid": "6619351", "content": "你这一笑，你是到底有多饥渴"}, {"uid": "444745791", "content": "经典倒装句"}, {"uid": "9379800", "content": "蔡老师哈哈哈哈哈哈哈哈"}, {"uid": "647252778", "content": "早中晚各看20分钟用来下饭是吧"}, {"uid": "390962097", "content": "意犹未尽"}, {"uid": "39969955", "content": "男色直播"}, {"uid": "55077257", "content": "为什么都是看到顶胯这个动作就笑？"}, {"uid": "38545317", "content": "“没有兴趣”"}, {"uid": "625137", "content": "眼睛都睁开了"}, {"uid": "11836343", "content": "这就是魅魔吗"}, {"uid": "244491242", "content": "《这一面》"}, {"uid": "451224049", "content": "倒装句"}, {"uid": "1310991", "content": "完了，停不下来了"}, {"uid": "687224062", "content": "《我对男人不感兴趣》（手动滑稽）"}, {"uid": "10444293", "content": "身体倒是挺诚实的"}, {"uid": "241741765", "content": "“最近冲得比较少”"}, {"uid": "34038253", "content": "这笑声hhh"}, {"uid": "414422", "content": "没兴趣：指看的停不下来"}, {"uid": "629226062", "content": "哈哈哈哈哈我笑死了哈哈哈哈"}, {"uid": "7755249", "content": "口嫌体正直"}, {"uid": "81598320", "content": "蔡明老师？"}, {"uid": "16606658", "content": "逐渐上瘾"}, {"uid": "283615304", "content": "嘴角已经开始上扬了"}, {"uid": "37386938", "content": "上网冲浪这词就很有时代感了"}, {"uid": "342857148", "content": "经典继续看哈哈哈"}, {"uid": "26335620", "content": "《我没有兴趣》"}, {"uid": "358588128", "content": "倒装句"}, {"uid": "241254115", "content": "你也喜欢金轮？（doge）"}, {"uid": "444745791", "content": "《我对男人不感兴趣》"}, {"uid": "444745791", "content": "这口水声就离谱"}, {"uid": "256235844", "content": "鹅鹅鹅鹅鹅，曲项向天歌"}, {"uid": "475752570", "content": "流口水还行"}, {"uid": "244491242", "content": "逆天"}, {"uid": "16870806", "content": "你明明在吸口水 就没停过"}, {"uid": "33660", "content": "《我没有兴趣》(继续点开)"}, {"uid": "407407293", "content": "那必须是我！！！"}, {"uid": "156915304", "content": "意思是你看过收费的？"}, {"uid": "156915304", "content": "又流口水一个"}, {"uid": "1673124249", "content": "你在勾引我"}, {"uid": "315492143", "content": "百合？"}, {"uid": "284942234", "content": "眼神太销魂了！"}, {"uid": "35740636", "content": "哎呀！"}, {"uid": "12315581", "content": "上瘾了属于是"}, {"uid": "89630189", "content": "吸口水的声音"}, {"uid": "457179332", "content": "还看过收费的？"}, {"uid": "545675857", "content": "口水流了小姐"}, {"uid": "628823901", "content": "那你倒是投币啊"}, {"uid": "444745791", "content": "当然马老师帅的一"}, {"uid": "18226", "content": "《蔡明》"}, {"uid": "29143788", "content": "姐姐口水收一下"}, {"uid": "28482474", "content": "哈喇子收一下"}, {"uid": "478702068", "content": "大"}, {"uid": "5833488", "content": "淌口水"}, {"uid": "348050139", "content": "没有兴趣默默的点开4"}, {"uid": "260422750", "content": "前面都说了为什么毫无违和感了"}, {"uid": "396893", "content": "酥酥麻麻？("}, {"uid": "1673124249", "content": "这不合适吗这合适的不得了"}, {"uid": "30104582", "content": "哦？女粉狂喜"}, {"uid": "700869406", "content": "经典倒装句"}, {"uid": "700869406", "content": "经典倒装句"}, {"uid": "30643797", "content": "这清爽的笑声"}, {"uid": "218524850", "content": "刺激的来了"}, {"uid": "7842220", "content": "发出鹅叫"}, {"uid": "22421288", "content": "又点开一个"}, {"uid": "35740636", "content": "哦哟"}, {"uid": "35740636", "content": "这个屁股！"}, {"uid": "245422878", "content": "冲的比较少"}, {"uid": "40529083", "content": "又一个，抬走抬走"}, {"uid": "470628417", "content": "意犹未尽"}, {"uid": "434983072", "content": "司马老师的话就算了"}, {"uid": "30595732", "content": "亚美，亚美"}, {"uid": "4361679", "content": "ohho"}, {"uid": "34784966", "content": "上瘾了"}, {"uid": "646430708", "content": "那也是。"}, {"uid": "457221149", "content": "我对钱没有兴趣"}, {"uid": "2122153", "content": "字幕夹杂私货"}, {"uid": "444745791", "content": "搁这追番呢"}, {"uid": "444745791", "content": "看过付费的？"}, {"uid": "390962097", "content": "梅开二度"}, {"uid": "782021153", "content": "倒装句是吧？"}, {"uid": "2451325", "content": "宾语前置"}, {"uid": "104515371", "content": "字幕夹带私货"}, {"uid": "372308251", "content": "官人不要啊官人。"}, {"uid": "244491242", "content": "效果爆炸"}, {"uid": "11358815", "content": "淌口水"}, {"uid": "35499108", "content": "爆粗口"}, {"uid": "114503402", "content": "直接变成老太婆"}, {"uid": "271952359", "content": "你一直在流口水你都没有停过"}, {"uid": "271952359", "content": "误以为真可还行"}, {"uid": "271952359", "content": "已经开始了是吗"}, {"uid": "1673124249", "content": "哎呦不错哦"}, {"uid": "1780621", "content": "不 感 兴 趣"}, {"uid": "35080575", "content": "哦？真的吗？"}, {"uid": "637742065", "content": "蔡明一样的笑声"}, {"uid": "30295646", "content": "哎呀~"}, {"uid": "433839824", "content": "拉丁金轮也可以的"}, {"uid": "433596013", "content": "司马老师～"}, {"uid": "403588647", "content": "啊？"}, {"uid": "34605735", "content": "我也是但不知道为什么就是笑"}, {"uid": "35740636", "content": "期待下一部"}, {"uid": "18226", "content": "吃辣条"}, {"uid": "151070081", "content": "前方高能！"}, {"uid": "12925839", "content": "和我一样已经开始yy了吗"}, {"uid": "25658318", "content": "鹅鹅鹅鹅鹅"}, {"uid": "85933398", "content": "圣诞节限定呢"}, {"uid": "511868102", "content": "上头"}, {"uid": "244785513", "content": "蔡明老师？"}, {"uid": "444745791", "content": "《没兴趣》"}, {"uid": "504146569", "content": "没有兴趣"}, {"uid": "28482474", "content": "哈喇子收一下눈_눈"}, {"uid": "10840490", "content": "哈哈哈哈"}, {"uid": "2078170409", "content": "那付费的你也看过？"}, {"uid": "451224049", "content": "突发恶疾"}, {"uid": "6482223", "content": "哪麻了？"}, {"uid": "562045489", "content": "说具体点，哪里麻？"}, {"uid": "181877455", "content": "突发恶疾"}, {"uid": "174554644", "content": "蔡老师是你吗"}, {"uid": "3066411", "content": "我不知道为什么我对男人没兴趣可是这个就，，，，，，"}, {"uid": "1673124249", "content": "我笑了"}, {"uid": "107995093", "content": "笑得真猖狂啊"}, {"uid": "445779564", "content": "哈喇子收一下"}, {"uid": "406591", "content": "感觉一直在流口水啊（doge）"}, {"uid": "242433957", "content": "？？？？？？？？"}, {"uid": "7040729", "content": "直播间禁止养鹅！"}, {"uid": "122446279", "content": "蔡明老师？"}, {"uid": "476443434", "content": "这你这么说你看费付费版请把地址给我也要去看"}, {"uid": "18226", "content": "？？？？？？"}, {"uid": "114041374", "content": "鹅"}, {"uid": "342857148", "content": "没兴趣，反手就是看第三个系列视频了"}, {"uid": "322429555", "content": "吸口水了"}, {"uid": "591832111", "content": "嘴脸"}, {"uid": "646430708", "content": "那我有一个问题想问一下你不说你对男的不感兴趣吗？所以你为什么还要看？这可真是个严肃的问题。"}, {"uid": "281410181", "content": "吸溜"}, {"uid": "444745791", "content": "吸口水"}, {"uid": "444745791", "content": "麻了"}, {"uid": "444745791", "content": "叫大司马谢谢"}, {"uid": "10542822", "content": "司马老师暴露成分咯"}, {"uid": "36030421", "content": "哈哈哈哈哈哈哈哈"}, {"uid": "324931020", "content": "口水擦干净再说话好么？水音都出来了"}, {"uid": "11836343", "content": "魅魔乜乜实锤了"}, {"uid": "244491242", "content": "《经常》"}, {"uid": "244491242", "content": "《不喜欢男》"}, {"uid": "482789864", "content": "戳xp了"}, {"uid": "12915929", "content": "那必须是我啦！！！"}, {"uid": "435958042", "content": "称呼都变了嘿！从马老师变成了臭弟弟，哈哈哈！"}, {"uid": "35499108", "content": "这笑声"}, {"uid": "408387222", "content": "开始人设崩塌了"}, {"uid": "34589673", "content": "阿姨别这样"}, {"uid": "12903913", "content": "你还当真了是吧"}, {"uid": "1673124249", "content": "说着没有兴趣，然后点了进去然后，心也进了去"}, {"uid": "405504310", "content": "我对男人不感兴趣，边看边流口水。"}, {"uid": "354005305", "content": "没兴趣（再点开一个）"}, {"uid": "414422", "content": "上头了"}, {"uid": "30295646", "content": "吸口水"}, {"uid": "282110986", "content": "已经出5了"}, {"uid": "8306660", "content": "司马老师"}, {"uid": "37144836", "content": "吸口水"}, {"uid": "301980566", "content": "大司马的女粉丝"}, {"uid": "8195760", "content": "劲夫"}, {"uid": "289381149", "content": "合适，合适！"}, {"uid": "8677323", "content": "不感兴趣呢？"}, {"uid": "438150053", "content": "嘴上不喜欢男的，身体很诚实"}, {"uid": "182465151", "content": "这是睁眼换成闭眼闭眼换成睁眼吗"}, {"uid": "5819164", "content": "你管这叫没兴趣？"}, {"uid": "646430708", "content": "嘴上这么说，不知道现实里面看没看。"}, {"uid": "8564377", "content": "吸溜"}, {"uid": "20459958", "content": "菜名"}, {"uid": "390962097", "content": "呵，女人"}, {"uid": "32683880", "content": "别放屁了"}, {"uid": "6851867", "content": "嘴"}, {"uid": "544024095", "content": "？？？？"}, {"uid": "28486282", "content": "What's up"}, {"uid": "23112257", "content": "她太懂直播了"}, {"uid": "20424281", "content": "不感兴趣，但是期待下一集"}, {"uid": "9225018", "content": "冲的比较少"}, {"uid": "289995544", "content": "可以"}, {"uid": "29541254", "content": "知道为什么虚拟角色一直闭着眼吗？你试试眼睛一直看下面就知道了"}, {"uid": "21608624", "content": "我 对 男 人 不 感 兴 趣"}, {"uid": "139284668", "content": "司马老师？"}, {"uid": "97767513", "content": "对男人不感兴趣，但对金轮感兴趣"}, {"uid": "1673124249", "content": "说着没有兴趣，然后点了进去，心也进了去"}, {"uid": "549108", "content": "吸口水"}, {"uid": "298523", "content": "笑死了"}, {"uid": "514610", "content": "没兴趣的（点开下一个视频）"}, {"uid": "28612464", "content": "这笑的跟蔡明一样"}, {"uid": "456619960", "content": "你不是说对男人不感兴趣吗你这流口水是什么意思"}, {"uid": "184866830", "content": "？"}, {"uid": "250214451", "content": "？"}, {"uid": "12315581", "content": "《司马老师》"}, {"uid": "344914054", "content": "还说对男人不感兴趣"}, {"uid": "8677323", "content": "说好的对男人不感兴趣呢"}, {"uid": "646430708", "content": "没有兴趣那你为什么还要点开这个视频？"}, {"uid": "384963648", "content": "蔡明"}, {"uid": "6851867", "content": "？"}, {"uid": "3066411", "content": "我知道你不感兴趣了不用一直说一直确认肯定"}, {"uid": "29837019", "content": "真就人均说反话是吧"}, {"uid": "256420530", "content": "那你还想看付费内容？"}, {"uid": "284942234", "content": "哈哈哈哈哈哈哈哈哈哈哈哈哈哈哈哈哈哈哈哈哈哈哈哈"}, {"uid": "284942234", "content": "哈哈哈哈哈哈哈哈哈哈哈哈哈哈哈哈哈哈哈哈哈哈哈哈"}, {"uid": "284942234", "content": "哈哈哈哈哈哈哈哈哈哈哈哈哈哈哈哈哈哈哈哈哈哈哈哈哈哈哈哈哈哈哈哈"}, {"uid": "30750125", "content": "经典弹幕看黄看魔性。经典歪曲意思"}, {"uid": "646430708", "content": "文明一点，不要叫司马叫大司马。"}, {"uid": "436174500", "content": "你看过收费的？？？？？？？？？"}, {"uid": "21599768", "content": "盲侠么"}, {"uid": "349034458", "content": "哪里麻了"}, {"uid": "3897245", "content": "《不感兴趣》"}, {"uid": "389431", "content": "太戳点了哈哈哈哈哈哈哈哈哈哈哈哈哈"}]