[{"uid": "1007887065", "content": "《科普知识》"}, {"uid": "596029514", "content": "离天下之大谱"}, {"uid": "687224062", "content": "非常抱歉以这种方式认识你"}, {"uid": "367551217", "content": " 离天下之大谱"}, {"uid": "38959139", "content": "很高兴以这种方式认识你"}, {"uid": "924147", "content": "单  身  快  乐  杯"}, {"uid": "11145624", "content": "我觉得很合理"}, {"uid": "28011220", "content": "戴头上【——】"}, {"uid": "106941738", "content": "啊啊，这个脸长在我审美上"}, {"uid": "250148994", "content": "因为你的受众和粉丝大多数是男性？"}, {"uid": "494145454", "content": "仙   女   棒"}, {"uid": "5873461", "content": "很高兴以这种方式认识您"}, {"uid": "283284090", "content": "男士的也可以试穿啊doge"}, {"uid": "80940687", "content": "木羽直呼内行"}, {"uid": "43872041", "content": "那也应该是尿不湿吧??！"}, {"uid": "364781315", "content": "那你有没有想过为什么"}, {"uid": "38944856", "content": "言下之意：快来找我推广"}, {"uid": "10035", "content": "好勤劳的孩子，一边刷盘子一边直播w"}, {"uid": "38273679", "content": "？？？？？"}, {"uid": "82539877", "content": "关键可能是最下面那句"}, {"uid": "62680406", "content": "男士的也可以试穿啊"}, {"uid": "37084631", "content": "那不挺好的吗哈哈哈哈"}, {"uid": "90657693", "content": "其实你也可以试"}, {"uid": "273257190", "content": "眼神闪躲，她害羞了"}, {"uid": "498751182", "content": "谁家的鹅跑出来"}, {"uid": "680585155", "content": "飞什么杯那个你是魔鬼吗…………"}, {"uid": "297270420", "content": "思路是对的，只是产品出了问题"}, {"uid": "362561758", "content": "从未设想的道路"}, {"uid": "27811108", "content": "合理"}, {"uid": "190800352", "content": "粉丝大多数都是男性倒是真的，推广效果估计比贴电线杆上好一些"}, {"uid": "234288434", "content": "夺笋呐"}, {"uid": "258498883", "content": "因为你的观众都是男的（"}, {"uid": "178123146", "content": "盲猜男士内裤狗头"}, {"uid": "37802193", "content": "草"}, {"uid": "3447503", "content": "比如水龙敬"}, {"uid": "11814925", "content": "科普了：shuilonjing"}, {"uid": "357058238", "content": "那就对了，说明这个推广人员指向精准，找你推广女士内裤那就完了，只能卖给你。"}, {"uid": "282438201", "content": "科 普 视 频"}, {"uid": "94190614", "content": "因为老板也看..【doge】"}, {"uid": "94190614", "content": "竟然是这个..www"}, {"uid": "4183479", "content": "试穿然后卖 "}, {"uid": "3196091", "content": "科普知识就离谱"}, {"uid": "3163493", "content": "逻辑严谨令人信服"}, {"uid": "473305695", "content": "危险的想法"}, {"uid": "473305695", "content": "思路清奇"}, {"uid": "191349861", "content": "我要笑傻了哈哈哈哈恍恍惚惚"}, {"uid": "1001288038", "content": "你是魅魔"}, {"uid": "240871185", "content": "科 普 知 识"}, {"uid": "596029514", "content": "仙女棒是个什么鬼玩意"}, {"uid": "436785570", "content": "我感觉可以，试穿之后再卖，也许会更火。"}, {"uid": "7040729", "content": "直播间不许养鹅！"}, {"uid": "494145454", "content": "给对象"}, {"uid": "225445838", "content": "很抱歉以这样的方式认识你"}, {"uid": "708194", "content": "这认真的跟开玩笑一样"}, {"uid": "141658", "content": "因为你的观众多数是男性"}, {"uid": "290461702", "content": "这内裤是防水吗"}, {"uid": "3447503", "content": "比如水龙敬"}, {"uid": "23676568", "content": "神TM科普视频"}, {"uid": "3163493", "content": "你敢推我就敢买"}, {"uid": "290360695", "content": "我仔细地看了一下。没有吧。。。"}, {"uid": "407438275", "content": "哈哈哈哈哈"}, {"uid": "407438275", "content": "科普知识"}, {"uid": "49298882", "content": "因为观众的男性比例吧"}, {"uid": "24928749", "content": "育儿经"}, {"uid": "7040729", "content": "人生常见错觉"}, {"uid": "31094932", "content": "鹅鹅鹅鹅鹅鹅鹅鹅鹅鹅"}, {"uid": "29077785", "content": "迎接新热点，新时代"}, {"uid": "24893591", "content": "这头发我以为南极石呢"}, {"uid": "494145454", "content": "请务必推广给我"}, {"uid": "6918022", "content": "非常合理"}, {"uid": "6918022", "content": "接受了这个设定怎么不能试"}, {"uid": "273358879", "content": "让画师改一下虚拟形象，露出运动内裤的一小角，肯定卖爆"}, {"uid": "375660764", "content": "那来的鹅"}, {"uid": "452970939", "content": "很抱歉以这种方式认识你"}, {"uid": "39620517", "content": "哈哈哈哈哈哈"}, {"uid": "231659572", "content": "精准投放"}, {"uid": "52123869", "content": "你先试穿完一遍，然后直播抽出去（doge）"}, {"uid": "94190614", "content": "太草了..."}, {"uid": "473305695", "content": "这合理吗啊"}, {"uid": "450895416", "content": "因为你的粉丝都是男粉"}, {"uid": "37523186", "content": "男士内裤？（doge）"}, {"uid": "13811048", "content": "哈哈哈"}, {"uid": "278067504", "content": "很抱歉以这种方式认识你"}, {"uid": "433428904", "content": "那玩意你用不吧"}, {"uid": "35846024", "content": "无稽之谈"}, {"uid": "12666552", "content": "鹅鹅鹅鹅鹅鹅"}, {"uid": "15965555", "content": "其实也可以试穿"}, {"uid": "1087484780", "content": "自己看看自己的视频"}, {"uid": "51271026", "content": "裤衩子"}, {"uid": "35814228", "content": "这河里吗？ 非常河里"}, {"uid": "443917203", "content": "孝敬父母也不合适呀"}, {"uid": "443917203", "content": "高低买一条"}, {"uid": "12793562", "content": "看你直播的难道还有女的？"}, {"uid": "479704646", "content": "md绝了"}, {"uid": "1857173569", "content": "科普了水龙敬（不是）"}, {"uid": "13936795", "content": "受众正确！"}, {"uid": "474039836", "content": "草"}, {"uid": "153363215", "content": "哈哈哈哈哈"}, {"uid": "162989699", "content": "鹅鹅鹅鹅鹅鹅鹅鹅鹅"}, {"uid": "24471426", "content": "合理"}, {"uid": "494145454", "content": "给家里人"}, {"uid": "7886735", "content": "哈哈哈哈"}, {"uid": "924855", "content": "hhhhhhh"}, {"uid": "800144", "content": "草"}, {"uid": "257305234", "content": "可以试的"}, {"uid": "249932551", "content": "这个人不得了"}, {"uid": "388966964", "content": "“科普”"}, {"uid": "29552145", "content": "杯子"}, {"uid": "4320564", "content": "你敢推我就敢买"}, {"uid": "36783232", "content": "你敢推我就敢买"}, {"uid": "31930889", "content": "鹅鹅鹅"}, {"uid": "12891523", "content": "草"}, {"uid": "4759677", "content": "你可以试"}, {"uid": "62370445", "content": "好家伙"}, {"uid": "31374611", "content": "草"}, {"uid": "354349134", "content": "群发 是群发"}, {"uid": "62442904", "content": "育儿"}, {"uid": "4340935", "content": "必须印头像"}, {"uid": "2913003", "content": "好像也不是不可以"}, {"uid": "107519953", "content": "合理"}, {"uid": "29040542", "content": "也不是不能试"}, {"uid": "1087484780", "content": "加个[滑稽]就不认真了"}, {"uid": "37110200", "content": "你可以寄给粉丝穿嘛"}, {"uid": "134127169", "content": "危"}, {"uid": "17668831", "content": "内裤！不用猜了！"}, {"uid": "15335647", "content": "空〔消音〕无凭的（doge）"}, {"uid": "18215618", "content": "鹅鹅鹅鹅鹅"}, {"uid": "27811108", "content": "水龙敬"}, {"uid": "439026541", "content": "好像一只大鹅"}, {"uid": "51059181", "content": "鹅鹅鹅鹅鹅鹅"}, {"uid": "289763539", "content": "裂开了"}, {"uid": "359412565", "content": "鹅叫"}, {"uid": "286148800", "content": "哪都挺符合的"}, {"uid": "94190614", "content": "奇怪的想法.."}, {"uid": "610719", "content": "合理"}, {"uid": "94190614", "content": "风评被害.."}, {"uid": "94190614", "content": "因为男DD比较多？【一本正经的胡说八道】"}, {"uid": "43690193", "content": "因为觉得是单亲妈妈吧（笑）"}, {"uid": "285981944", "content": "哈哈哈哈哈哈哈哈哈哈哈哈哈"}, {"uid": "596029514", "content": "离谱"}, {"uid": "29552145", "content": "和很符合"}, {"uid": "352101084", "content": "没一个能回的弹幕"}, {"uid": "173398045", "content": "所以你接了吗"}, {"uid": "229732969", "content": "芝士～"}, {"uid": "11621950", "content": "草"}, {"uid": "7040729", "content": "草"}, {"uid": "4103323", "content": "敢推就敢买"}, {"uid": "508460060", "content": "没什么问题啊"}, {"uid": "99304660", "content": "所有和niao有关的都得联系一下"}, {"uid": "1272124833", "content": "？？？？？？"}, {"uid": "75693676", "content": "门清啊"}, {"uid": "37110200", "content": "可以啊"}, {"uid": "249932551", "content": "没毛病真的"}, {"uid": "62680406", "content": "好想法"}, {"uid": "1941609", "content": "科普知识?"}, {"uid": "432336386", "content": "主要是没谈拢"}, {"uid": "127422897", "content": "WTF"}, {"uid": "423471988", "content": "洗盘子"}, {"uid": "290424388", "content": "草"}, {"uid": "282438201", "content": "来了来了"}, {"uid": "473305695", "content": "23333333"}, {"uid": "348050139", "content": "杯子啊"}, {"uid": "81528216", "content": "可以试啊"}, {"uid": "1204990916", "content": "恒河里"}, {"uid": "1464060", "content": "可以穿"}, {"uid": "7040729", "content": "？？？"}, {"uid": "29077785", "content": "hso"}, {"uid": "27287437", "content": "抱歉以这种情况认识你"}, {"uid": "12812159", "content": "套"}, {"uid": "127422897", "content": "卧槽"}, {"uid": "92932844", "content": "嘎嘎嘎嘎嘎嘎嘎嘎"}, {"uid": "27811108", "content": "有的"}, {"uid": "8916363", "content": "嘎嘎嘎嘎嘎嘎嘎嘎嘎"}, {"uid": "32633565", "content": "没错呀"}, {"uid": "473305695", "content": "绝了"}, {"uid": "19548892", "content": "笑嘛了"}, {"uid": "302777623", "content": "好耶"}, {"uid": "166599286", "content": "哈哈哈哈哈哈哈哈"}, {"uid": "407438275", "content": "？？？"}, {"uid": "499944324", "content": "大呐"}, {"uid": "189101987", "content": "可以"}, {"uid": "403924343", "content": "十分合理"}, {"uid": "1743127274", "content": "靠"}, {"uid": "1743127274", "content": "可以啊"}, {"uid": "6918022", "content": "给dd"}, {"uid": "32904141", "content": "抽"}, {"uid": "3811434", "content": "草"}, {"uid": "293984535", "content": "男的也不行吧"}, {"uid": "27621266", "content": "这"}, {"uid": "62680406", "content": "很合理"}, {"uid": "37975185", "content": "避孕O是吧！"}, {"uid": "24149805", "content": "有一说一嗷，没问题的，你的粉丝大多都是男粉。"}, {"uid": "702466514", "content": "？？？"}, {"uid": "32496411", "content": "科普"}, {"uid": "1311975951", "content": "很好"}, {"uid": "8478254", "content": "¿ ¿ ¿ ¿ ¿ ¿ ¿ ¿ ¿ ¿ ¿ ¿ ¿ ¿ ¿ "}, {"uid": "7724661", "content": "鹅鹅鹅鹅鹅鹅鹅鹅鹅鹅鹅鹅鹅鹅鹅鹅鹅鹅鹅"}, {"uid": "473305695", "content": "？？？？？？？？？？？？？？？？？？？？"}]