[{"uid": "312765572", "content": "咬字过于清晰"}, {"uid": "45496029", "content": "降key了？"}, {"uid": "90548210", "content": "岳母大人直播间给幽乜姐征婚了"}, {"uid": "90548210", "content": "带滑越甲板的飞机场"}, {"uid": "45981554", "content": "不要你离开"}, {"uid": "40475195", "content": "好耶"}, {"uid": "5946425", "content": "温柔的歌声"}, {"uid": "45981554", "content": "糟了，是心动的感觉"}, {"uid": "45981554", "content": "爱了爱了"}, {"uid": "450903886", "content": "好，不离开！"}, {"uid": "35080575", "content": "姐姐我可以"}, {"uid": "23081776", "content": "斯哈斯哈"}, {"uid": "488361037", "content": "呜呜呜不离开"}, {"uid": "450903886", "content": "我懂了 这叫爱！"}, {"uid": "450903886", "content": "御姐腔就我好耶！"}, {"uid": "450903886", "content": "不要你离开！！"}, {"uid": "300255", "content": "\\魅魔/\\魅魔/\\魅魔/\\魅魔/\\魅魔/\\魅魔/\\魅魔/"}]