[{"uid": "430557859", "content": "嘎嘣脆，鸡肉味"}, {"uid": "507180242", "content": "贝爷狂喜"}, {"uid": "24393844", "content": "据说啊，据说蟑螂可以治便秘"}, {"uid": "22228468", "content": "就是因为听过这个说法，现在我睡觉都是紧闭嘴巴的"}, {"uid": "1514446578", "content": "身为一个神界女王，在教书的时候，我还真没有遇上过吃蟑螂这种事，到是知道冬虫夏草"}, {"uid": "421775552", "content": "鳞粉"}, {"uid": "60482472", "content": "你这样降低了尿不湿售卖业绩啊"}, {"uid": "60482472", "content": "也可能是蚊子"}, {"uid": "358111863", "content": "我懂了 神界吃大蛆虫doge"}, {"uid": "471747007", "content": "不不不我睡觉的时候被子把嘴挡住了"}, {"uid": "65232875", "content": "？？？"}, {"uid": "3163493", "content": "我先来：富含丰富蛋白质"}, {"uid": "44910080", "content": "奇怪的知识增加了"}, {"uid": "5045215", "content": "因为虫子会出来找水喝，唾液也是水"}, {"uid": "8489122", "content": "侧漏？"}, {"uid": "351795318", "content": "这里好色喔"}, {"uid": "49526626", "content": "啊西"}, {"uid": "33038110", "content": "大可不必，真的"}, {"uid": "16975961", "content": "？？？"}, {"uid": "6004408", "content": "whl"}, {"uid": "60482472", "content": "南方蟑螂！"}, {"uid": "27608178", "content": "不可能"}, {"uid": "88755478", "content": "？？？"}, {"uid": "358111863", "content": "........"}]