[{"uid": "512573169", "content": "啊"}, {"uid": "151192144", "content": "二仙桥最速传说"}, {"uid": "9379800", "content": "猪八戒实锤了"}, {"uid": "618668668", "content": "带来春天的梦[doge]"}, {"uid": "3873854", "content": "左上角雪狐瞩目"}, {"uid": "3873854", "content": "左上雪狐"}, {"uid": "622404101", "content": "这个女神怎么傻里傻气的"}, {"uid": "3998530", "content": "咩咩子？我扩散弹按不住了"}, {"uid": "97722844", "content": "01期待的清楚大姐姐"}, {"uid": "74234126", "content": "噫这个人怎么这么整活，单推了"}, {"uid": "357424160", "content": "男女通吃？！我喜欢"}, {"uid": "17933287", "content": "有点卡？"}, {"uid": "17933287", "content": "草"}, {"uid": "234603161", "content": "嘿嘿嘿小猫咪。"}, {"uid": "34000093", "content": "这句话唤醒了我尘封多日的记忆"}, {"uid": "20921591", "content": "没口胡"}, {"uid": "23139782", "content": "棒读"}, {"uid": "396093306", "content": "这是七岁该有的发育？？"}, {"uid": "35592703", "content": "不，你是千岁的那啥！【doge】"}, {"uid": "352430752", "content": "猫猫!"}, {"uid": "23081776", "content": "草"}, {"uid": "38063707", "content": "好家伙，一上来就相亲"}, {"uid": "2146878", "content": "走成华大道"}, {"uid": "523739860", "content": "哈哈哈哈哈"}, {"uid": "27316727", "content": "琦玉老师？"}, {"uid": "523739860", "content": "草"}, {"uid": "3873854", "content": "咩咩子？！盾斧超解！"}, {"uid": "24311275", "content": "哪找来的字啊哈哈哈"}, {"uid": "442599788", "content": "居然还真有人叫U咩"}, {"uid": "434318943", "content": "7？？？？"}, {"uid": "90548210", "content": "因为这是岳母大人提出的问题呀"}, {"uid": "8634215", "content": "这不就是魅魔吗？"}, {"uid": "92459783", "content": "幽也姐姐好漂亮呀"}, {"uid": "357424160", "content": "能不能成为最强我不知道，最H的我觉得可以（滑稽）"}, {"uid": "77364889", "content": "咩咩子？我太刀动了"}, {"uid": "617528512", "content": "月亮公主！你怎么在这儿！（大雾）"}, {"uid": "13117115", "content": "这特喵七岁？"}, {"uid": "1941609", "content": "我叫kibo"}, {"uid": "562061282", "content": "听见了没，孩子都7岁了"}, {"uid": "6096755", "content": "机枪换弹笑死"}, {"uid": "90548210", "content": "哎嘿嘿，小猫咪"}, {"uid": "183796570", "content": "？"}, {"uid": "562481", "content": "我很可爱！"}, {"uid": "396093306", "content": "又进去了"}, {"uid": "124650398", "content": "草"}, {"uid": "23081776", "content": "7岁发育这么好"}, {"uid": "157436627", "content": "？？？"}, {"uid": "25746317", "content": "咩咩子！？"}, {"uid": "275920440", "content": "食梦貘"}, {"uid": "357424160", "content": "你确定是七岁？？？不是18岁？"}, {"uid": "3517038", "content": "声音好好听⊙▽⊙"}, {"uid": "24311275", "content": "我来啦！！！！"}, {"uid": "124650398", "content": "草"}, {"uid": "38063707", "content": "乖乖进去吧"}, {"uid": "523739860", "content": "U咩姐（"}, {"uid": "37618251", "content": "乜"}, {"uid": "13259173", "content": "？"}, {"uid": "88867413", "content": "一出来就是不清楚。。"}, {"uid": "88867413", "content": "不清楚。。"}]