[{"uid": "31362836", "content": "虎狼之词"}, {"uid": "20195026", "content": "女神其实也是涩涩得生物"}, {"uid": "92143152", "content": "《腋之女神》"}, {"uid": "173532992", "content": "堕天使工口女仆（doge）"}, {"uid": "36303837", "content": "路西法神堕，莫甘娜也是"}, {"uid": "272202003", "content": "好家伙，神也会打嗝"}, {"uid": "28336516", "content": "魅魔也有魅魔之耻的雅儿贝德(狗头)"}, {"uid": "351156785", "content": "好的，魅魔女神"}, {"uid": "617570178", "content": "堕天使"}, {"uid": "214240764", "content": "一念神魔（doge）"}, {"uid": "10667656", "content": "堕天使啊"}, {"uid": "207354223", "content": "你好懂哦"}, {"uid": "14349374", "content": "正派（指偷偷吃人）"}, {"uid": "58326676", "content": "《偷吃》"}, {"uid": "145674317", "content": "回声新皮?"}, {"uid": "49571038", "content": "学习资料"}, {"uid": "10447009", "content": "珈百璃的堕落"}, {"uid": "21137011", "content": "魅魔之事，交给粉黛乱子来，你月之娇女莫添乱"}, {"uid": "473305695", "content": "长出羊角和尾巴"}, {"uid": "17626307", "content": "自 我 催 眠"}, {"uid": "3903634", "content": "我的声音直达你的思维"}, {"uid": "308813687", "content": "嘴飘了"}, {"uid": "49170648", "content": "急了急了"}, {"uid": "15089579", "content": "夜 之 女 神 的 打 嗝"}, {"uid": "33213536", "content": "好的魅魔，没问题魅魔"}, {"uid": "101991801", "content": "四舍五入是魅魔"}, {"uid": "6565403", "content": "床头婆婆？"}, {"uid": "456054795", "content": "反向催眠"}, {"uid": "8389136", "content": "噎之女神也行（确信）"}, {"uid": "302122573", "content": "来女神给我装备一个好梦！"}, {"uid": "21973465", "content": "《我不是空虚公子我是肾虚公子》"}, {"uid": "93140656", "content": "那就统合一下叫你夜之魅魔吧"}, {"uid": "34289366", "content": "夜之魅魔"}, {"uid": "38072639", "content": "半神半魔会变成奈非天"}, {"uid": "141009631", "content": "那为什么能是魅魔呢"}, {"uid": "65679195", "content": "你好懂哦"}, {"uid": "303809", "content": "单亲妈妈"}, {"uid": "272202003", "content": "好的，魅魔"}, {"uid": "20921573", "content": "魅魔的低语"}, {"uid": "24482437", "content": "好家伙艾尔德里奇附身了 她要吃人了！"}, {"uid": "729145", "content": "我不是魅魔，你是"}, {"uid": "1605196768", "content": "不对呀我记得西方的夜之女神眼睛是用布蒙着的"}, {"uid": "302122573", "content": "魅魔も夢鏡を司ることができるのではないでしょうか。"}, {"uid": "35117462", "content": "正派的魅魔"}, {"uid": "27621266", "content": "有区别吗"}, {"uid": "487720779", "content": "你好懂哦"}, {"uid": "488059831", "content": "腋汁女神（错乱）"}, {"uid": "46797585", "content": "你是床母吗"}, {"uid": "438456216", "content": "李在赣神魔（doge）"}, {"uid": "10447009", "content": "stocking那种的"}, {"uid": "10447009", "content": "你是神魔恋"}, {"uid": "36741940", "content": "我就不保守秘密～"}, {"uid": "20905241", "content": "夜神夜神夜神~"}, {"uid": "6751348", "content": "流口水了。。。"}, {"uid": "23230199", "content": "有区别夜里还有可能是吸血鬼"}, {"uid": "87342548", "content": "是夜之魅魔"}, {"uid": "13216015", "content": "好家伙，恶堕"}, {"uid": "11767926", "content": "就要男妈妈，就要男妈妈"}, {"uid": "32262415", "content": "有我当年中二的那味儿了"}, {"uid": "93701087", "content": "吃了满嘴的小孩子"}, {"uid": "87176693", "content": "不是洛世奇么"}, {"uid": "508726", "content": "那克莱恩你认识吗？"}, {"uid": "306855", "content": "夜神夜神夜神夜神"}, {"uid": "20497161", "content": "哈哈哈哈哈，刚吃了个不听话的水友"}, {"uid": "479238", "content": "叶纸铝深"}, {"uid": "29552145", "content": "液汁女神（"}, {"uid": "25618210", "content": "我没搞 我没搞"}, {"uid": "98761364", "content": "路西法？"}, {"uid": "482372890", "content": "镜？"}, {"uid": "9968485", "content": "好的（躺）"}, {"uid": "38850115", "content": "好家伙魅魔无误了"}, {"uid": "10447009", "content": "好像更不得了"}, {"uid": "474738790", "content": "李信(∗❛ั∀❛ั∗)✧*。"}, {"uid": "107855137", "content": "夜之城女神"}, {"uid": "17626307", "content": "出大问题"}, {"uid": "470089994", "content": "看毛玉牛乳的本本"}, {"uid": "23230199", "content": "在现场"}, {"uid": "33213536", "content": "夜之魅魔"}, {"uid": "79933581", "content": "？？？"}, {"uid": "174952927", "content": "好懂哦"}, {"uid": "693382398", "content": "嗝！"}, {"uid": "689234503", "content": "《来 着》"}, {"uid": "100455265", "content": "液汁女神"}, {"uid": "88755478", "content": "嘿嘿(º﹃º )"}, {"uid": "347387392", "content": "我就是太阳！"}, {"uid": "272202003", "content": "H神"}, {"uid": "272202003", "content": "？"}, {"uid": "357637145", "content": "？？？？？？"}, {"uid": "341007395", "content": "魅神"}, {"uid": "277562444", "content": "莫甘娜"}, {"uid": "289672315", "content": "偷偷吃人♡"}, {"uid": "3288387", "content": "奈非天"}, {"uid": "11833036", "content": "小恶魔？"}, {"uid": "97489624", "content": "去吧！"}, {"uid": "314814012", "content": "有区别。。。"}, {"uid": "18541981", "content": "2333333"}, {"uid": "58872010", "content": "我懂你是夜魅。"}, {"uid": "3333545", "content": "夢魔"}, {"uid": "603314329", "content": "来，跟我读，你是魅魔你是魅魔，你就是魅魔"}, {"uid": "56803665", "content": "星露谷！？"}, {"uid": "363952251", "content": "？"}, {"uid": "500009364", "content": "死淡都怕我"}, {"uid": "189727806", "content": "恶堕"}, {"uid": "693382398", "content": "嗝儿~~~~"}, {"uid": "693382398", "content": "我四夜自女森"}, {"uid": "24282926", "content": "？？"}, {"uid": "12466864", "content": "我搞晕的我搞晕的我搞晕的"}, {"uid": "238110517", "content": "梦魔"}, {"uid": "507562", "content": "是单亲妈妈"}, {"uid": "27669045", "content": "珈百璃？"}, {"uid": "87176693", "content": "嘻嘻嘻"}, {"uid": "11870150", "content": "有区别？"}, {"uid": "10186089", "content": "你就是nyx？"}, {"uid": "224327557", "content": "路西法？"}, {"uid": "431215954", "content": "是梦魔"}]