[{"uid": "31721121", "content": "呓语!"}, {"uid": "448307535", "content": "咩～"}, {"uid": "273362640", "content": "声音好酥啊！"}, {"uid": "403285686", "content": "警惕新型诈骗"}, {"uid": "343384084", "content": "阿巴阿巴"}, {"uid": "17945662", "content": "恶堕233"}, {"uid": "93140656", "content": "夜之魅魔"}, {"uid": "24614625", "content": "为  什  么  我  叫  小  腹  黑"}, {"uid": "228718939", "content": "挣钱嘛，不寒碜"}, {"uid": "70890506", "content": "整个身心已经被玩坏了（悲）"}, {"uid": "5869579", "content": "看来多的两句算是承认了？"}, {"uid": "21137011", "content": "魅魔是小舞和粉黛乱子！"}, {"uid": "71155617", "content": "赚钱嘛，不寒颤"}, {"uid": "442599788", "content": "我本来是不愿意的，但他给的实在是太多了.jpg"}, {"uid": "95445223", "content": "《我没有承认》"}, {"uid": "11241089", "content": "哈哈哈哈哈哈哈"}, {"uid": "473305695", "content": "欲言又止"}, {"uid": "99993442", "content": "“我没有承认”"}, {"uid": "38599495", "content": "什么时候承认了？我好兴奋啊"}, {"uid": "307992580", "content": "魅魔好耶"}, {"uid": "336408839", "content": "就这个心心眼，一看就是魅魔"}, {"uid": "326291101", "content": "河豚大姐姐"}, {"uid": "2109580319", "content": "《记得切出来》"}, {"uid": "20427113", "content": "蚌埠住了"}, {"uid": "398930256", "content": "终于有一个我在的切片了"}, {"uid": "309472337", "content": "雪女？(doge)"}, {"uid": "93140656", "content": "夜之魅魔"}, {"uid": "22570888", "content": "是魅魔大姐姐！好耶"}, {"uid": "166548348", "content": "嘎嘎嘎"}, {"uid": "41373123", "content": "不寒碜"}, {"uid": "30295646", "content": "赚钱，不丢人DOGE"}, {"uid": "487720779", "content": "hso关注了"}, {"uid": "302122573", "content": "实话实说"}, {"uid": "26405549", "content": "阿巴阿巴"}, {"uid": "11385687", "content": "冒泡"}, {"uid": "20427113", "content": "蚌埠了"}, {"uid": "42965999", "content": "还说不是魅魔"}, {"uid": "89242970", "content": "哈哈哈哈哈哈"}, {"uid": "398930256", "content": "在现场"}, {"uid": "308813687", "content": "2233"}, {"uid": "38343105", "content": "草"}, {"uid": "308813687", "content": "笑死了"}, {"uid": "486882957", "content": "sc"}, {"uid": "454663820", "content": "hso"}, {"uid": "552460657", "content": "草草草草草草草草草草草草草草草草草草草草"}, {"uid": "414422", "content": "哈哈哈哈红红火火恍恍惚惚哈哈哈哈~"}]