[{"uid": "437786939", "content": "可爱"}, {"uid": "437786939", "content": "可爱"}, {"uid": "437786939", "content": "可爱"}, {"uid": "437786939", "content": "v圈砧板还少吗"}, {"uid": "437786939", "content": "砧板园长"}, {"uid": "10579112", "content": "草"}, {"uid": "437786939", "content": "特效好棒"}, {"uid": "430552726", "content": "好听"}, {"uid": "430552726", "content": "园长园长"}, {"uid": "125901711", "content": "下次求骂我也用sc"}, {"uid": "5662342", "content": "从现在开始我也是园长的歌迷了"}, {"uid": "437786939", "content": "砧板好耶"}, {"uid": "437786939", "content": "哈哈哈哈哈"}, {"uid": "437786939", "content": "哈哈哈哈哈"}, {"uid": "13345404", "content": "园长可爱"}, {"uid": "244272034", "content": "草"}, {"uid": "437786939", "content": "太阳能板"}, {"uid": "437786939", "content": "单推可爱"}, {"uid": "437786939", "content": "是我了"}, {"uid": "437786939", "content": "憨憨"}, {"uid": "437786939", "content": "乐"}, {"uid": "437786939", "content": "是砧板 谢谢"}, {"uid": "437786939", "content": "草"}, {"uid": "437786939", "content": "草"}, {"uid": "430552726", "content": "不看不看"}, {"uid": "7269129", "content": "草"}, {"uid": "1767437", "content": "好耶"}, {"uid": "437786939", "content": "草"}]