[{"uid": "295799688", "content": "良心up，白嫖了！白嫖了！"}, {"uid": "650805067", "content": "《添柴》"}, {"uid": "635579278", "content": "想起了小贝的游戏食堂"}, {"uid": "1958575066", "content": "已经绝版了"}, {"uid": "576490378", "content": "这明明是驴啊（dog）"}, {"uid": "601373534", "content": "嗯怎么感觉有点阴森森的感觉？"}, {"uid": "1015640248", "content": "《要，要出来了》"}, {"uid": "487041556", "content": "0.5倍速魔鬼!"}, {"uid": "569869772", "content": "核善的眼神"}, {"uid": "597925573", "content": "那电鹿一起陪着睡觉不行吗？[奸笑]"}, {"uid": "647230808", "content": "三 鹿 奶 粉"}, {"uid": "478835918", "content": "鹿妹你好短啊’"}, {"uid": "1547606664", "content": "好可爱，原来你是傻狍子"}, {"uid": "453206393", "content": "猫：请打开麦克风交流"}, {"uid": "616065995", "content": "猫:我们搁那斗地主呢"}, {"uid": "617585434", "content": "《电鹿真帅》"}, {"uid": "328373968", "content": "电鹿则巾"}, {"uid": "259962033", "content": "天 才 玩 家 鹿"}, {"uid": "730983990", "content": "理解"}, {"uid": "1715603759", "content": "高  尔  夫  人"}, {"uid": "679532997", "content": "这个背景在他的专栏里可以找到"}, {"uid": "679532997", "content": "他的专栏里有♂"}, {"uid": "549887880", "content": "小鹿蠢萌蠢萌的好可爱呀 "}, {"uid": "559656660", "content": "良心up弎廉嘞弎廉嘞"}, {"uid": "621109920", "content": "腹语大师"}, {"uid": "421810398", "content": "有没有人啊，打麻将三缺一啊！"}, {"uid": "522596518", "content": "良心up，白嫖了！白嫖了！"}, {"uid": "67925444", "content": "我终于想到这个全损音质像谁了，有点散老师的味道"}, {"uid": "513733605", "content": "核善的眼神"}, {"uid": "673815151", "content": "《全程后期配音》"}, {"uid": "1896966615", "content": "“玩法多样”的一款游戏"}, {"uid": "519561965", "content": "@神戳戳的苏神"}, {"uid": "268595833", "content": "《算好了》"}, {"uid": "268595833", "content": "良心up，白嫖了白嫖了"}, {"uid": "526318208", "content": "因为有加雷斯贝尔作代言"}, {"uid": "418117474", "content": "我冲了（doge"}, {"uid": "526471037", "content": "良心up，白嫖了！白嫖了！"}, {"uid": "1828730328", "content": " 这个老板″真帅″"}, {"uid": "431385298", "content": "鬼     画     符"}, {"uid": "674125161", "content": "良心up白嫖了白嫖了"}, {"uid": "39571708", "content": "文 豪 迷 犬 怪 奇 谭"}, {"uid": "402139546", "content": "高 速 公 鹿"}, {"uid": "510946062", "content": "有你的克隆人卖吗awa"}, {"uid": "558403808", "content": "牛啊(捷兔称赞)"}, {"uid": "729117854", "content": "《电 鹿 真 帅》"}, {"uid": "268595833", "content": "商业互吹"}, {"uid": "214786647", "content": "設計師出來挨打"}, {"uid": "6021248", "content": "仙蒂创业未半而中道崩殂"}, {"uid": "499131376", "content": "哇哦~"}, {"uid": "499131376", "content": "在现场"}, {"uid": "535119231", "content": "没经济能力的呢"}, {"uid": "629482157", "content": "这么大...姐姐！我可以！"}, {"uid": "495943878", "content": "QAQ QAQ QAQ QAQ QAQ QAQ QAQ"}, {"uid": "316548413", "content": "有杯子卖吗"}, {"uid": "609209826", "content": "rua"}, {"uid": "495869351", "content": "良心up，白嫖了白嫖了"}, {"uid": "693093802", "content": "妈妈真大"}, {"uid": "524625752", "content": "麦克风太牛逼了。"}, {"uid": "689843039", "content": "然后灵魂穿线了hhhh"}, {"uid": "359886549", "content": "电鹿真受"}, {"uid": "549749988", "content": "《算好了》"}, {"uid": "549749988", "content": "带了什么的小鸟？"}, {"uid": "189740161", "content": "良心up三连了"}, {"uid": "605851043", "content": "《从百草园到三味书屋》"}, {"uid": "59462928", "content": "鹿哥你好短啊"}, {"uid": "59462928", "content": "《天才》"}, {"uid": "59462928", "content": "《运气不好》"}, {"uid": "617168234", "content": "鹿哥你好短呦"}, {"uid": "500284528", "content": "这个是别人发给他投稿的"}, {"uid": "617168234", "content": "《你不对劲》"}, {"uid": "617168234", "content": "《算好了》"}, {"uid": "457017428", "content": "小猫:我谢谢你"}, {"uid": "614104055", "content": "我们也没发现"}, {"uid": "699071656", "content": "电鹿 你被放出来了！"}, {"uid": "426864372", "content": "那个开洞的，涉黄了哈"}, {"uid": "454534119", "content": "纯三联，良心up路人了"}, {"uid": "454534119", "content": "纯三联，良心路人up了"}, {"uid": "454534119", "content": "纯路人，良心up三连了"}, {"uid": "527094915", "content": "《这太真实了》"}, {"uid": "677972344", "content": "这时候就有观众要问了:鹿哥鹿哥你昨天晚上鸽直播就是搞这个啊"}, {"uid": "687364516", "content": "自己打自己。23333333"}, {"uid": "570462529", "content": "牛顿气哭了"}, {"uid": "595342693", "content": "失踪人口回来了"}, {"uid": "348930021", "content": "这饭真香"}, {"uid": "348930021", "content": "恰饭"}, {"uid": "348930021", "content": "恰饭"}, {"uid": "348930021", "content": "重来！没有精神！"}, {"uid": "348930021", "content": "说的好，我选择双推！"}, {"uid": "348930021", "content": "鹿野不奶，鹿野可是大总攻！"}, {"uid": "348930021", "content": "鹿哥，你好短啊！"}, {"uid": "348930021", "content": "《下次一定》《这次算了》"}, {"uid": "348930021", "content": "鹿老爷，生了生了！是个男孩！"}, {"uid": "348930021", "content": "全村的希望可真行"}, {"uid": "348930021", "content": "社畜模拟器"}, {"uid": "348930021", "content": "《电鹿真师》"}, {"uid": "348930021", "content": "《电鹿真帅》"}, {"uid": "436885297", "content": "暂停成功"}, {"uid": "348930021", "content": "《电 鹿 真 帅》"}, {"uid": "348930021", "content": "这！就是建筑！"}, {"uid": "348930021", "content": "这！就是艺术！"}, {"uid": "468083592", "content": "香蕉君:蕉个朋友吗？"}, {"uid": "21366267", "content": "天才玩家M的弟弟L（doge）"}, {"uid": "667564154", "content": "要推就要推倒帅鹿（doge)"}, {"uid": "586470131", "content": "緛"}, {"uid": "471294157", "content": "一个抱枕有何用，你陪我睡才香"}, {"uid": "521085900", "content": "啊这。。。这踏马是哈士奇吧"}, {"uid": "645245479", "content": "就，非常像驴（狗头保命）"}, {"uid": "514976040", "content": "“没 有 死”"}, {"uid": "403472729", "content": "良心up，白嫖啦！白嫖啦！"}, {"uid": "673442921", "content": "性高，名而夫"}, {"uid": "46849049", "content": "你变回去了"}, {"uid": "700295288", "content": "眼睛瞄准着淘宝"}, {"uid": "646077894", "content": "猝不及防"}, {"uid": "383928787", "content": "好可爱的驴阿doge"}, {"uid": "662591527", "content": "电   路   刺   身"}, {"uid": "293952348", "content": "一股咖喱味"}, {"uid": "375704569", "content": "买了"}, {"uid": "319553630", "content": "学业加油啊，学霸你就是我们心中的那颗星星"}, {"uid": "325946176", "content": "成人抱枕"}, {"uid": "19344138", "content": "【‘】【"}, {"uid": "610297740", "content": "早安，打工人"}, {"uid": "356641938", "content": "我    的    狗"}, {"uid": "689968752", "content": "宝宝在拼多多"}, {"uid": "494691356", "content": "是一块吗"}, {"uid": "182408366", "content": "哎呀这不就是我的老板吗？dog"}, {"uid": "489694430", "content": "电鹿加油啦！"}, {"uid": "489694430", "content": "好可爱的抱枕"}, {"uid": "614104055", "content": "鹿哥昨天直播说今天晚上8.30依然直播呢！"}, {"uid": "614104055", "content": "鹿哥昨天直播说今天晚上8.30依然直播呢！"}, {"uid": "524830706", "content": "快乐暂停每一天"}, {"uid": "489694430", "content": "支持鹿哥"}, {"uid": "605720336", "content": "我 说 我 自 己"}, {"uid": "357406971", "content": "每次看到这么可爱的小鹿，都在想哪里可以领养"}, {"uid": "92485616", "content": "卧槽花绕北"}, {"uid": "249399545", "content": "褪去皮毛会方便上我"}, {"uid": "635831035", "content": "拜拜电鹿下次见，（白嫖）"}, {"uid": "33214085", "content": "《计算鬼才》"}, {"uid": "666806430", "content": "陪 着 你 睡 觉"}, {"uid": "495437090", "content": "《算 好 了》"}, {"uid": "597143722", "content": "《你那好短哟》"}, {"uid": "500600642", "content": "鹿鹿加油学业"}, {"uid": "597143722", "content": "《奇怪的东西》"}, {"uid": "500919931", "content": "可以下单了"}, {"uid": "597143722", "content": "《奇怪的东西》"}, {"uid": "647130399", "content": "……"}, {"uid": "10747679", "content": "烫伤手了，第4，刚刚"}, {"uid": "652328724", "content": "良心up，白嫖了，哈哈哈"}, {"uid": "514157318", "content": "《算好了》*N"}, {"uid": "485772481", "content": "《通 天 帝 国》"}, {"uid": "429695131", "content": "电  鹿  真  狮"}, {"uid": "453557348", "content": "电  鹿  朝  巾"}, {"uid": "451737415", "content": "曹将军大气"}, {"uid": "454751902", "content": "危 猫 危"}, {"uid": "342195105", "content": "《如何学好腹语》——电鹿"}, {"uid": "446898049", "content": "失踪人口回归"}, {"uid": "674075480", "content": "我有一只猪，同款的（doge）"}, {"uid": "474924876", "content": "好大的衣服(￣￢￣*）"}, {"uid": "647287058", "content": "真·傻狍子"}, {"uid": "588690420", "content": "在现场，写的是电鹿好湿(doge)"}, {"uid": "472234039", "content": "我想要拟人的电鹿"}, {"uid": "392686607", "content": "抱着老婆睡觉的愿望实现了"}, {"uid": "3859042", "content": "每天带薪拉翔20分钟，每月相当于少上1天班"}, {"uid": "392686607", "content": "那一天，我看到了草原"}, {"uid": "358854341", "content": "商业互吹"}, {"uid": "392686607", "content": "鹿野不是柴犬吗（doge）"}, {"uid": "289147595", "content": "反  客  为  主"}, {"uid": "689719429", "content": "ohhhhhhhhhhhhhhhhhhhhhhhhhhhhhhhhhh"}, {"uid": "470262313", "content": "带着鹿哥（的抱枕）上床，岂不美哉"}, {"uid": "443754760", "content": "太 空 电 梯"}, {"uid": "283168898", "content": "良心up，白嫖了"}, {"uid": "269406492", "content": "电  鹿  真  受"}, {"uid": "498152256", "content": "ohhhhhhhhhhhhhhhhhhhhhhhhh"}, {"uid": "180322546", "content": "我好像听到了奥利给"}, {"uid": "390429352", "content": "暂停成功"}, {"uid": "390429352", "content": "《算出来的》"}, {"uid": "497096557", "content": "甲 骨 文"}, {"uid": "365306081", "content": "ruarua电鹿！！"}, {"uid": "385962714", "content": "凉心up讪脸了，讪脸了"}, {"uid": "650729104", "content": "第一个买的人"}, {"uid": "490156068", "content": "《惊慌失措》"}, {"uid": "490156068", "content": "《玩耍》"}, {"uid": "490156068", "content": "良心up，白嫖啦！白嫖啦！"}, {"uid": "475227204", "content": "鹿哥鹿哥你的声音和口型怎么对不上啊？"}, {"uid": "689827533", "content": "鹿哥你的背景好奇怪"}, {"uid": "384925548", "content": "扭 曲 的 帅 气"}, {"uid": "592326197", "content": "鹿野：你再骂我可爱！哼哼哼！用小拳拳捶你胸口啦！哼……"}, {"uid": "592326197", "content": "rua~"}, {"uid": "670216965", "content": "《面试天才》"}, {"uid": "441932293", "content": "@鹿野灸 "}, {"uid": "407280067", "content": "小猫:我TM谢谢你啊"}, {"uid": "490156068", "content": "鹿哥真的很短"}, {"uid": "490156068", "content": "奥力给！"}, {"uid": "490156068", "content": "自欺欺人"}, {"uid": "495810926", "content": "良心up 白嫖了白嫖了"}, {"uid": "490156068", "content": "都是路，没几间房子"}, {"uid": "586468130", "content": "良心！！！下次一定"}, {"uid": "490156068", "content": "《这次我算好了》"}, {"uid": "490156068", "content": "《算好了》"}, {"uid": "306151209", "content": "第一个看完"}, {"uid": "173439637", "content": "为什么要迫害小鸟小鸟做错了什么（doge）"}, {"uid": "490156068", "content": "？刚才的放大你不对劲？"}, {"uid": "511710235", "content": "刚刚！有出息了我"}, {"uid": "490156068", "content": "成功抢到沙发"}, {"uid": "154591332", "content": "《天才》"}, {"uid": "1441598717", "content": "啊背景我i了i了"}, {"uid": "241823548", "content": "我的天，给我可爱坏了"}, {"uid": "162308725", "content": "光遇的太神了哈哈哈"}, {"uid": "1208626359", "content": "难道up要鸽子精附体了吗(惊)"}, {"uid": "676707655", "content": "娘心up，白嫖了！白嫖了!"}, {"uid": "432331835", "content": "声音又变了。"}, {"uid": "1759807763", "content": "甲 骨 文"}, {"uid": "2097857230", "content": "电   路   刺   身"}, {"uid": "270288980", "content": "诶！鹿野你来得正好。给我加一口血。"}, {"uid": "178549609", "content": "动  物  之  友"}, {"uid": "700286967", "content": "我找到你说的抱枕了，但是太贵了，我只有¥8。"}, {"uid": "688127886", "content": "鹿野很奶的"}, {"uid": "2143544951", "content": "带了什么的小鸟？？？？"}, {"uid": "1560053448", "content": "白漂了白漂了白漂"}, {"uid": "597925573", "content": "仔细看能注意到这是电鹿"}, {"uid": "1547606664", "content": "《良心》"}, {"uid": "697276956", "content": "←你们都不对劲，诶，我怎么也变了。"}, {"uid": "549887880", "content": "友谊的小船说翻就翻了 "}, {"uid": "327622981", "content": "bgm 德彪西 月光"}, {"uid": "645744451", "content": "电鹿朝巾"}, {"uid": "563187293", "content": "达芬奇头号弟子"}, {"uid": "526318208", "content": "加雷斯·贝尔"}, {"uid": "278146109", "content": "九  龙  城  寨"}, {"uid": "592326197", "content": "良心up，白嫖拉白嫖啦！"}, {"uid": "590210128", "content": "山鹿奶粉"}, {"uid": "663415469", "content": "通往天国的倒计时？！"}, {"uid": "676554470", "content": "老板这长的让我眼睛疼"}, {"uid": "1828730328", "content": "这个车不对劲。"}, {"uid": "478637711", "content": "（故技重施）"}, {"uid": "478637711", "content": "（提示：鹿野不是鹿）"}, {"uid": "598925318", "content": "作者你是傻狍子我去"}, {"uid": "524145931", "content": "傻狍子"}, {"uid": "37094175", "content": "我才看出来是电鹿真帅"}, {"uid": "1722170", "content": "电鹿真奶"}, {"uid": "526249150", "content": "数 学 天 才"}, {"uid": "629482157", "content": "！？！？？？？？？？？？？"}, {"uid": "547242213", "content": "未什么没加饱食度"}, {"uid": "433958370", "content": "良心23333"}, {"uid": "521965454", "content": "光遇直呼内行"}, {"uid": "447632160", "content": "你咋被放了，是因为卖不出去吗"}, {"uid": "443057304", "content": "有趣的灵魂终将串线"}, {"uid": "441572942", "content": "鹿哥，你好短哦"}, {"uid": "26070355", "content": "还有飞机"}, {"uid": "698092457", "content": "像极了你起床搭路的时候"}, {"uid": "221604183", "content": "这耳熟的声带…耳熟的奥利给"}, {"uid": "482279899", "content": "“吹牛逼模拟器”"}, {"uid": "476782433", "content": "这次，我看到了草原"}, {"uid": "617168234", "content": "良心up，白嫖了"}, {"uid": "390262148", "content": "laila"}, {"uid": "379832834", "content": "良心up白嫖了白嫖了！"}, {"uid": "43126934", "content": "良心up，下次一定，下次一定"}, {"uid": "470042845", "content": "失踪人口回归"}, {"uid": "454534119", "content": "纯up，良心路人三连了"}, {"uid": "470677469", "content": "来自好友的肯定"}, {"uid": "701375282", "content": "《系统不行》"}, {"uid": "542196297", "content": "光遇直呼内行"}, {"uid": "226521856", "content": "@鹿野灸"}, {"uid": "226521856", "content": "爷关更"}, {"uid": "627559004", "content": "不，这个人事球"}, {"uid": "1305162", "content": "我有个类似的桌面"}, {"uid": "687572448", "content": "人口回归"}, {"uid": "578822839", "content": "美团外卖直呼内行"}, {"uid": "645766763", "content": "电鹿刺甲"}, {"uid": "348930021", "content": "《你能行的》"}, {"uid": "348930021", "content": "不会，怎么会呢？鹿野不会的"}, {"uid": "674946493", "content": "麦克风。三年了。你币有了。"}, {"uid": "348930021", "content": "下次吧！下次一定给！"}, {"uid": "348930021", "content": "打工是不可能的，除非你为我打工"}, {"uid": "348930021", "content": "打工最牛逼！"}, {"uid": "484611308", "content": "那 不 勒 斯"}, {"uid": "348930021", "content": "《电鹿真帅》"}, {"uid": "348930021", "content": "《电鹿真帅》"}, {"uid": "348930021", "content": "象形建筑"}, {"uid": "650999993", "content": "《算出来的》"}, {"uid": "650472654", "content": "你在开车"}, {"uid": "507167244", "content": "我要背景！！！"}, {"uid": "477086689", "content": "癜  鑪  黮  縗"}, {"uid": "672568540", "content": "五小时的，还算热乎"}, {"uid": "694443695", "content": "你不对经"}, {"uid": "545486082", "content": "良心up下次一定，下次一定【doge】"}, {"uid": "499131376", "content": "哇哦~ 在现场"}, {"uid": "609244388", "content": "失踪人口回归"}, {"uid": "631980154", "content": "哈哈哈，那个天真无邪的眼神。"}, {"uid": "8412293", "content": "在工作的时候脱出来的话 人生就结束了罢"}, {"uid": "499328605", "content": "热乎的憨批"}, {"uid": "489694430", "content": "鹿哥好好学习啦！"}, {"uid": "614104055", "content": "鹿哥昨天直播说今天晚上8.30依然直播呢！"}, {"uid": "520010698", "content": "FBI！！Hands   up！！"}, {"uid": "2137258", "content": "工作中脱出来的话，社员生涯就结束力"}, {"uid": "33214085", "content": "《算好》"}, {"uid": "19772310", "content": "背景好评"}, {"uid": "588703946", "content": "两个小时热乎"}, {"uid": "517782153", "content": "dark♂game"}, {"uid": "597143722", "content": "没心啊破猪，打脸了打脸了"}, {"uid": "352926353", "content": "背景表情注目"}, {"uid": "490737929", "content": "《兲才》"}, {"uid": "22063391", "content": "你不对劲"}, {"uid": "402870689", "content": "良心up，白嫖了白嫖了"}, {"uid": "277935024", "content": "《算好了》"}, {"uid": "146887662", "content": "猫猫去世"}, {"uid": "674341659", "content": "背景不对劲啊~~~"}, {"uid": "549569218", "content": "良心up"}, {"uid": "513459156", "content": "莫名上镜头"}, {"uid": "89279085", "content": "这如雷锋的故事一样的建模"}, {"uid": "696219360", "content": "妈呀，终于更新了。"}, {"uid": "474924876", "content": "？？？？？？？我还是白的"}, {"uid": "431793752", "content": "两极反转"}, {"uid": "471518389", "content": "你不对劲"}, {"uid": "588690420", "content": "天堂巴比伦"}, {"uid": "588690420", "content": "游戏睾手"}, {"uid": "452517483", "content": "鹿鹿学业加油吼qwq！"}, {"uid": "392686607", "content": "鹿哥你好短哟"}, {"uid": "392686607", "content": "大姨夫"}, {"uid": "34008348", "content": "良心up,白嫖了，白嫖了。"}, {"uid": "214288056", "content": "刚刚那个涩图怎么没有人"}, {"uid": "322906662", "content": "傻狍子↓"}, {"uid": "283168898", "content": "鹿哥学业有成！"}, {"uid": "398100916", "content": "良心up，三连了三连了"}, {"uid": "490633831", "content": "鹿哥你好短哦"}, {"uid": "490633831", "content": "电鹿則巾"}, {"uid": "390429352", "content": "《算好了》"}, {"uid": "390429352", "content": "你的香蕉不对劲"}, {"uid": "525452148", "content": "奈斯，48分钟之前，还热乎"}, {"uid": "545246385", "content": "良心up，白嫖啦白嫖啦"}, {"uid": "604738969", "content": "《天才》"}, {"uid": "512005523", "content": "早期高尔夫球驯服人类视频"}, {"uid": "616852789", "content": "电鹿真受"}, {"uid": "401814817", "content": "电鹿刺身"}, {"uid": "437860866", "content": "良心up 三連了"}, {"uid": "6907132", "content": "《命运之轮EX》"}, {"uid": "351417960", "content": "鹿哥你好短哟"}, {"uid": "351417960", "content": "电路真帅"}, {"uid": "441695331", "content": "《 算 好 了 》"}, {"uid": "520513407", "content": "物理带师模拟器"}, {"uid": "450891369", "content": "这只我可以！！"}, {"uid": "651925556", "content": "良心up,三联了三联了"}, {"uid": "276535225", "content": "哈哈哈哈"}, {"uid": "526414913", "content": "良心up 白嫖了 白嫖了"}, {"uid": "23436552", "content": "良心up，白嫖了白嫖了（doge）"}, {"uid": "522443859", "content": "凉心up，下次丕定（doge）"}, {"uid": "521010574", "content": "一分钟的好烫啊！"}, {"uid": "433217111", "content": "腹语狍子"}, {"uid": "669236433", "content": "幽默的灵魂终将串线"}, {"uid": "1973699340", "content": "这是一条神奇的天路"}, {"uid": "647143502", "content": "有趣的灵魂终将串线"}, {"uid": "1015640248", "content": "电鹿真受的那个是魔鬼吗？"}, {"uid": "140080916", "content": "握着我的抱枕"}, {"uid": "178549609", "content": "算 出 来 的"}, {"uid": "687084981", "content": "《菜就多练练》"}, {"uid": "687084981", "content": "皇帝的新计算机"}, {"uid": "569869772", "content": "威 尼 斯 共 和 国"}, {"uid": "569869772", "content": "水城威尼斯"}, {"uid": "597925573", "content": "估计大家都猜到了"}, {"uid": "597925573", "content": "背景有毒"}, {"uid": "652646343", "content": "鹿野灸：？？？"}, {"uid": "344706631", "content": "高速公路"}, {"uid": "451832923", "content": "受受up主"}, {"uid": "616065995", "content": "好久之前就三连聊了"}, {"uid": "647817987", "content": "傻狍子。"}, {"uid": "478595488", "content": "《天才》"}, {"uid": "478595488", "content": "什么小鸟？？？"}, {"uid": "1648129519", "content": "《算好了》"}, {"uid": "1648129519", "content": "良心up，下次不一定"}, {"uid": "616330156", "content": "美的鹿"}, {"uid": "407459201", "content": "好大的……"}, {"uid": "696436313", "content": "《为 我 们》"}, {"uid": "679532997", "content": "背景我还真有"}, {"uid": "226835266", "content": "wo  rd  go"}, {"uid": "569701297", "content": "带了？的小鸟"}, {"uid": "363980107", "content": "传销公司"}, {"uid": "363980107", "content": "电鹿削叼"}, {"uid": "363980107", "content": "电鹿削叼"}, {"uid": "563187293", "content": "气氛突然变得蕉♂灼起来"}, {"uid": "5834721", "content": "良心up"}, {"uid": "437041906", "content": "电鹿真受"}, {"uid": "401095970", "content": "夹，夹不住了？"}, {"uid": "801586887", "content": "电 鹿 杀 猫 了 ！"}, {"uid": "592326197", "content": "鹿野不是小奶狗吗？"}, {"uid": "567751242", "content": "良心up，三连了，三连了，"}, {"uid": "1753177998", "content": "《好       看》"}, {"uid": "348895825", "content": "不要点评论区里蓝色3的:00"}, {"uid": "429911450", "content": "我摊牌了，我干的"}, {"uid": "478637711", "content": "现已绝版"}, {"uid": "598925318", "content": "逃不出的五指山"}, {"uid": "597180704", "content": "奇怪的东西"}, {"uid": "597180704", "content": "会行走的小鸟儿"}, {"uid": "268595833", "content": "你继续搭，牛顿那边我来解释"}, {"uid": "691478768", "content": "无敌，这不是五福鼠的吗"}, {"uid": "499131376", "content": "在现场"}, {"uid": "661069491", "content": "一个大帅逼"}, {"uid": "426038901", "content": "这老板长的好潦草"}, {"uid": "526249150", "content": "牛顿...牛顿：闭嘴我是火葬的"}, {"uid": "526249150", "content": "肯 定 能 进"}, {"uid": "526249150", "content": "天 真 善 良"}, {"uid": "526249150", "content": "毫 无 感 情"}, {"uid": "526249150", "content": "自 相 残 杀"}, {"uid": "526249150", "content": "动 物 之 友"}, {"uid": "513941564", "content": "力的作用是相互的"}, {"uid": "689315148", "content": "我在吃瓜子"}, {"uid": "516818290", "content": "良心up，白嫖啦，白嫖啦。"}, {"uid": "524625752", "content": "有点更奇怪了。"}, {"uid": "693867292", "content": "对，会搜出些奇怪的东西"}, {"uid": "693867292", "content": "打球把自己打出去"}, {"uid": "522005018", "content": "《算好了》"}, {"uid": "206860050", "content": "白嫖了白嫖了"}, {"uid": "407434009", "content": "光遇直呼内行"}, {"uid": "549749988", "content": "鹿哥你好短哟！"}, {"uid": "189740161", "content": "奥利给"}, {"uid": "617168234", "content": "电鹿真受"}, {"uid": "663196131", "content": "电鹿真帅"}, {"uid": "667999224", "content": "《算好了》"}, {"uid": "702407701", "content": "偷偷表白电路应该不会被发现"}, {"uid": "692807763", "content": "快毕业了的举个爪！"}, {"uid": "349947485", "content": "在现场"}, {"uid": "495392422", "content": "3D环绕音"}, {"uid": "576309234", "content": "《算好了》"}, {"uid": "482197890", "content": "香蕉插哪了"}, {"uid": "701375282", "content": "《精密计算》"}, {"uid": "393879634", "content": "《 全 程 后 期 配 音 》"}, {"uid": "519545633", "content": "多少天没更新了。￼"}, {"uid": "440664644", "content": "良心up白嫖了白嫖了"}, {"uid": "620784128", "content": "那怕白嫖了白嫖了"}, {"uid": "254896172", "content": "华回号哈哈号户户"}, {"uid": "33474252", "content": "从百草园到一块电鹿板"}, {"uid": "348930021", "content": "来了来了"}, {"uid": "348930021", "content": "哎，电哥你好短啊"}, {"uid": "348930021", "content": "老板发际线不行"}, {"uid": "348930021", "content": "完全能……"}, {"uid": "477637277", "content": "在现场"}, {"uid": "436885297", "content": "哇，我推荐的游戏"}, {"uid": "436885297", "content": "哇，我推荐的游戏！"}, {"uid": "701831529", "content": "啊 老婆 ！！！热乎的"}, {"uid": "396094793", "content": "电鹿真受"}, {"uid": "547320199", "content": "良心阿婆白嫖了白嫖了"}, {"uid": "448637988", "content": "你一点都不帅，只是单纯的可爱，哈哈哈哈"}, {"uid": "501988391", "content": "背景好评(o^^o)"}, {"uid": "86714831", "content": "这破路也能开车"}, {"uid": "446012440", "content": "扭曲了哈哈哈哈哈哈"}, {"uid": "421181059", "content": "娘心up"}, {"uid": "26427635", "content": "全自动的啊"}, {"uid": "543881431", "content": "鹿哥你好短哟"}, {"uid": "486970752", "content": "四小时有生之年"}, {"uid": "499131376", "content": "？？？？？？？？？？？？"}, {"uid": "499131376", "content": "？？？？？？？？？？？？？"}, {"uid": "543881431", "content": "良心up白嫖了白嫖了"}, {"uid": "297479701", "content": " Yeah, right right, right."}, {"uid": "501467145", "content": "三小时"}, {"uid": "667866861", "content": "《算好了》"}, {"uid": "614104055", "content": "鹿哥昨天直播说今天晚上8.30依然直播呢！"}, {"uid": "489694430", "content": "哈哈哈哈哈"}, {"uid": "614104055", "content": "这个在现场，没玩完就下播了"}, {"uid": "524830706", "content": "笑死我了哈哈哈哈哈哈哈哈"}, {"uid": "347755174", "content": "鹿   角   巷"}, {"uid": "547380767", "content": "老八：嘿嘿，来啦"}, {"uid": "440694836", "content": "有趣的灵魂终将串线"}, {"uid": "479860349", "content": "鹿哥学业加油！给我冲"}, {"uid": "515117292", "content": "鹿哥加油给爷冲！！！"}, {"uid": "457099111", "content": "良心up主，白嫖了白嫖了"}, {"uid": "451450993", "content": "来了来了"}, {"uid": "521405594", "content": "鹿哥你好短哟"}, {"uid": "696513435", "content": "热乎的热乎的"}, {"uid": "429695131", "content": "你好短啊"}, {"uid": "674341659", "content": "背景不对劲啊~~~"}, {"uid": "395209970", "content": "要脱出来力（"}, {"uid": "601656545", "content": "多  物  运  动"}, {"uid": "404077768", "content": "这是什么玩意儿？好羞"}, {"uid": "26337048", "content": "九  龙   寨  城"}, {"uid": "588690420", "content": "这是一条神奇的天路~"}, {"uid": "588690420", "content": "在现场，我是球，我很慌"}, {"uid": "630020544", "content": "良心up！白嫖了！白嫖了！"}, {"uid": "668957643", "content": "直播看溺了都"}, {"uid": "392686607", "content": "凉心up，白嫖啦，白嫖啦"}, {"uid": "541807455", "content": "送外卖的"}, {"uid": "668704485", "content": "《996是福报》"}, {"uid": "672745608", "content": "娘心up，白嫖了！白嫖了！"}, {"uid": "390429352", "content": "《真实》"}, {"uid": "607369167", "content": "烫手"}, {"uid": "525452148", "content": "在现场"}, {"uid": "470262313", "content": "《算好了》"}, {"uid": "472914149", "content": "wow，这Nb的建模i了爱了"}, {"uid": "649717355", "content": "睡大街模拟器"}, {"uid": "588735704", "content": "woc，烫手！！！"}, {"uid": "401814817", "content": "电路刺身"}, {"uid": "23269135", "content": "电鹿削巾"}, {"uid": "505217058", "content": "暗示收藏？⬇️                                       "}, {"uid": "501423421", "content": "良性up"}, {"uid": "498993071", "content": "您就是草书创始人吧"}, {"uid": "592326197", "content": "给你点赞投币了，你还想让我炸么样的麽？~~~"}, {"uid": "384925548", "content": "纯 真（确信）"}, {"uid": "456490129", "content": "良心up，三连了三连了"}, {"uid": "626728091", "content": "《电鹿真帅》"}, {"uid": "471805290", "content": "小————猫———————"}, {"uid": "38645086", "content": "双十一之前必买～"}, {"uid": "632550718", "content": "终于更新了"}, {"uid": "407280067", "content": "热乎热乎烫人"}, {"uid": "351417960", "content": "终于更新了"}, {"uid": "687066565", "content": "气氛变得蕉灼起来"}, {"uid": "505423184", "content": "hhhhhhhhhh"}, {"uid": "450891369", "content": "热乎热乎"}, {"uid": "195262544", "content": "才发现我居然是第一"}, {"uid": "626374777", "content": "奇怪的东西"}, {"uid": "626374777", "content": "凉心up，白嫖了，白嫖了。"}, {"uid": "479273006", "content": "这个麦克风好别扭"}, {"uid": "699655314", "content": "BGM：万里の长城"}, {"uid": "1506086027", "content": "这壁纸好奇怪"}, {"uid": "275741312", "content": "《算 好 了》"}, {"uid": "591132326", "content": "《光 遇》"}, {"uid": "792853613", "content": "可以打鹿吗（滑稽）"}, {"uid": "651008758", "content": "电鹿共和国"}, {"uid": "437073744", "content": "我是跤♂警，高速公鹿你给我停车，我要给你贴张fa♂单"}, {"uid": "437073744", "content": "好大……的鹿标"}, {"uid": "437073744", "content": "违章建筑拆除，并罚款1000块"}, {"uid": "1528594599", "content": "别,我在吃早餐"}, {"uid": "1051848958", "content": "背景不对劲"}, {"uid": "700286967", "content": "太贵了，买不起。"}, {"uid": "494080860", "content": "丑"}, {"uid": "615806239", "content": "握着我的抱枕"}, {"uid": "2143544951", "content": "这个香蕉不对劲"}, {"uid": "1171335957", "content": "连续翻车"}, {"uid": "569869772", "content": "威尼斯共和国"}, {"uid": "510080224", "content": "良心阿婆白嫖了白嫖了"}, {"uid": "517793451", "content": "写错了真字里面三个横"}, {"uid": "33911531", "content": "良心up，白嫖了！白嫖了！"}, {"uid": "541449769", "content": "老史莱姆弹弓了"}, {"uid": "1008392842", "content": "核善的眼神"}, {"uid": "403398896", "content": "电鹿真帅！"}, {"uid": "521790511", "content": "天才"}, {"uid": "637615979", "content": "光遇直呼有被冒犯"}, {"uid": "284590944", "content": "鹿鹿能有什么坏心眼呢？"}, {"uid": "670924040", "content": "哎呀白嫖～下次一定～"}, {"uid": "493290968", "content": "大 聪 明"}, {"uid": "621109920", "content": "胡了，给钱给钱"}, {"uid": "421810398", "content": "你说啥？？？？？？"}, {"uid": "482054083", "content": "电屁真帅哈哈哈哈"}, {"uid": "457708026", "content": "我半夜笑出声"}, {"uid": "649912648", "content": "电鹿真狮"}, {"uid": "1896966615", "content": "注意他的嘴，哈哈哈哈"}, {"uid": "495935308", "content": "都推都推行了吧？"}, {"uid": "350270132", "content": "电鹿剌巾"}, {"uid": "628935771", "content": "我 的 狗"}, {"uid": "689375721", "content": "《肯定能进》"}, {"uid": "1875385124", "content": "放达大到了奇怪的地方"}, {"uid": "567751242", "content": "电鹿真帅"}, {"uid": "471019637", "content": "你不对劲"}, {"uid": "31306183", "content": "上次给了"}, {"uid": "676554470", "content": "你好短啊"}, {"uid": "662179790", "content": "凉心up，白嫖了"}, {"uid": "401212210", "content": "反正后面的图好看"}, {"uid": "318829688", "content": "良心up"}, {"uid": "687348870", "content": "《天才》"}, {"uid": "598925318", "content": "饿了么说为什么不点我"}, {"uid": "598925318", "content": "下次一定下次一定"}, {"uid": "509258902", "content": "瓢了瓢了"}, {"uid": "2037025377", "content": "我推我自己"}, {"uid": "520550917", "content": "你的狗？？？？"}, {"uid": "604553764", "content": "良心up三连了三连了"}, {"uid": "400707755", "content": "？？？？？？？？？？"}, {"uid": "268595833", "content": "不是这都能开车吗"}, {"uid": "526188061", "content": "兲  才"}, {"uid": "50977370", "content": "生了个鹿蛋"}, {"uid": "526249150", "content": "弹 到 那"}, {"uid": "433958370", "content": "电鹿真帅"}, {"uid": "592326197", "content": "江西人hhh"}, {"uid": "353280628", "content": "城  市  天  际  线"}, {"uid": "351894493", "content": "hhhhh"}, {"uid": "549749988", "content": "电鹿真帅！"}, {"uid": "665680898", "content": "爱 猫 人 士"}, {"uid": "584479518", "content": "你要生了？！"}, {"uid": "36402730", "content": "良心up三连了！！"}, {"uid": "399917638", "content": "哈哈哈哈哈哈哈哈"}, {"uid": "59462928", "content": "《算好了》"}, {"uid": "651812874", "content": "电鹿真帅（衰）"}, {"uid": "477470913", "content": "威 尼 斯 水 城"}, {"uid": "650726983", "content": "小猫：？？？？？"}, {"uid": "669013387", "content": "情敌拔刀吧"}, {"uid": "2392715", "content": "良心up，白嫖了，白嫖了"}, {"uid": "668024523", "content": "一天拿大伊万热热"}, {"uid": "269117382", "content": "孽畜！胆敢在此水视频！"}, {"uid": "348930887", "content": "呦，变回来了"}, {"uid": "576309234", "content": "电鹿则巾"}, {"uid": "527094915", "content": "就和人类博物馆一样"}, {"uid": "500953225", "content": "我居然玩过！"}, {"uid": "226521856", "content": "针不戳"}, {"uid": "71099630", "content": "在现场"}, {"uid": "71099630", "content": "妈…妈妈?！"}, {"uid": "455177122", "content": "通 天 路"}, {"uid": "581489222", "content": "电……臀真帅？"}, {"uid": "673801573", "content": "为什么感觉这个王者那像大雄呢"}, {"uid": "700319204", "content": "良心up，三连了三连了"}, {"uid": "348930021", "content": "来了来了"}, {"uid": "348930021", "content": "来了来了"}, {"uid": "348930021", "content": "鹿哥，你好短哟"}, {"uid": "348930021", "content": "哎！鹿哥你好短啊"}, {"uid": "348930021", "content": "哎，鹿哥你好短啊"}, {"uid": "348930021", "content": "哦，真的吗？我不信！"}, {"uid": "348930021", "content": "真不错！真！不错！"}, {"uid": "672867808", "content": "七个小时有点凉了"}, {"uid": "348930021", "content": "我看成电镇湿……"}, {"uid": "348930021", "content": "真不错！"}, {"uid": "348930021", "content": "我觉得我又行了"}, {"uid": "348930021", "content": "好……大"}, {"uid": "541418269", "content": "那是一条神奇的天路"}, {"uid": "436885297", "content": "哇，我推荐的游戏"}, {"uid": "612439659", "content": "还有飞机～"}, {"uid": "70022382", "content": "鹿师傅，不是这么打的"}, {"uid": "440044020", "content": "游戏兲才"}, {"uid": "492295011", "content": "良心三联，UP了UP了"}, {"uid": "485420355", "content": "什么什么没听清楚，再来一遍"}, {"uid": "650518114", "content": "这也在你的算计之中吗"}, {"uid": "695534058", "content": "OHHHHHHHHHH"}, {"uid": "499131376", "content": "在线场"}, {"uid": "678404874", "content": "有生之年"}, {"uid": "524275244", "content": "下次亿定"}, {"uid": "526807496", "content": "电鹿加油冲冲冲！"}, {"uid": "170629475", "content": "良心up，白嫖了，白嫖了"}, {"uid": "421339134", "content": "良心up 白嫖了白嫖了"}, {"uid": "634285577", "content": "良心阿婆主三连了三连了"}, {"uid": "687069493", "content": "我猜这个王总是陈老师！"}, {"uid": "628935771", "content": "我 的 狗"}, {"uid": "544366115", "content": "鹿哥你好短哦"}, {"uid": "544366115", "content": "鹿哥你好短哦"}, {"uid": "673393446", "content": "《算好了》"}, {"uid": "544366115", "content": "《王国》"}, {"uid": "281080136", "content": "热乎的！"}, {"uid": "603928691", "content": "这个字比较<电鹿真帅>"}, {"uid": "509521264", "content": "买了买了"}, {"uid": "34520477", "content": "下次一定了"}, {"uid": "630146162", "content": "愉 快 的 玩 耍"}, {"uid": "687340549", "content": "小潮路短"}, {"uid": "626720933", "content": "你到底有角没角"}, {"uid": "648749494", "content": "你相信引力吗"}, {"uid": "121996674", "content": "？？："}, {"uid": "602061069", "content": "bgm有了，闪光弹忘放了"}, {"uid": "228914644", "content": "热乎～"}, {"uid": "513751031", "content": "有生之年"}, {"uid": "404077768", "content": "你不对劲"}, {"uid": "454503012", "content": "热乎热乎"}, {"uid": "475702203", "content": "摄像机自带的麦克风好像没有收音"}, {"uid": "276577064", "content": "来了来了"}, {"uid": "541807455", "content": "23333~~~~"}, {"uid": "330176858", "content": "来了来了"}, {"uid": "495477763", "content": "热乎的热乎的"}, {"uid": "672745608", "content": "？？？？？？？？？"}, {"uid": "269406492", "content": "凉心up，扇脸了，扇脸了"}, {"uid": "668704485", "content": "鹿哥鹿哥你的声音和口型怎么对不上"}, {"uid": "549360681", "content": "注意电鹿头上"}, {"uid": "518800256", "content": "请把电鹿真受打在公屏上"}, {"uid": "290263621", "content": "在现场"}, {"uid": "511655869", "content": "凉心up，白嫖了白嫖了"}, {"uid": "400119255", "content": "《姜  子  牙》"}, {"uid": "349685564", "content": "妈妈我有出息了"}, {"uid": "490156068", "content": "电鹿真帅"}, {"uid": "329051768", "content": "良心up，白嫖了白嫖了"}, {"uid": "164841785", "content": "怎么长得像个驴"}, {"uid": "626728091", "content": "美团外卖"}, {"uid": "2067280672", "content": "自恋狂魔"}, {"uid": "586468130", "content": "热乎！！4分钟"}, {"uid": "592326197", "content": "《算好了》"}, {"uid": "306151209", "content": "两分钟热乎的"}, {"uid": "505423184", "content": "hhhhhhhhh"}, {"uid": "431128311", "content": "爷来了"}, {"uid": "446911209", "content": "那你露脸啊"}, {"uid": "668186254", "content": "你们有没有注意到一件事那个人比汽车还大"}, {"uid": "675281002", "content": "牛顿棺材板压不住了"}, {"uid": "472974953", "content": "可真是天才。聪明。"}, {"uid": "530886668", "content": "电 屁 莫 帅"}, {"uid": "1295097735", "content": "不对劲（dog）"}, {"uid": "437073744", "content": "诱睡天才(滑稽)"}, {"uid": "2040175963", "content": "小鹿又有什么坏心思呢"}, {"uid": "178549609", "content": "计算鬼才"}, {"uid": "178549609", "content": "良心up！白嫖了！白嫖了！"}, {"uid": "2143544951", "content": "跟我一起念：电鹿真水"}, {"uid": "1243375432", "content": "巜算出来》"}, {"uid": "1243375432", "content": "良心up。"}, {"uid": "1008392842", "content": "良心up三联三联"}, {"uid": "1852374363", "content": "丧失天良"}, {"uid": "519114802", "content": "背景搞四情"}, {"uid": "1547606664", "content": "你是傻狍子"}, {"uid": "71009859", "content": "书 法 大 师"}, {"uid": "71009859", "content": "（全程配音）"}, {"uid": "701855287", "content": "《算好了》"}, {"uid": "698551438", "content": "《算好了》"}, {"uid": "616330156", "content": "猝不及防啊"}, {"uid": "526945475", "content": "电鹿真师"}, {"uid": "670924040", "content": "电路真帅"}, {"uid": "549887880", "content": "啊，巧了 我也没失败过 除啦 跟女朋友在床上时间有点儿晚 "}, {"uid": "549887880", "content": "?????????i@i"}, {"uid": "502462335", "content": "光遇哈哈哈"}, {"uid": "1768229953", "content": "《电鹿真帅》"}, {"uid": "1968168618", "content": "良心up给三连"}, {"uid": "80936761", "content": "帅到扭曲"}, {"uid": "572486883", "content": "Check it out. Check it out. I've seen it. "}, {"uid": "572486883", "content": "Giant banana.That's awesome, Coras. "}, {"uid": "16360438", "content": "软工专业有被冒犯"}, {"uid": "435941975", "content": "太短了～"}, {"uid": "21742723", "content": "娘心up，白嫖啦，白嫖啦！"}, {"uid": "570326357", "content": "滑稽滑稽滑稽"}, {"uid": "626861632", "content": "白嫖之王登场。"}, {"uid": "517127003", "content": "我不对劲？？"}, {"uid": "620998314", "content": "良心NB"}, {"uid": "695386755", "content": "动物之友"}, {"uid": "401602093", "content": "哈哈哈哈嗝"}, {"uid": "444427851", "content": "电鹿最帅"}, {"uid": "27934570", "content": "你不对劲"}, {"uid": "598925318", "content": "王炸三杀，猫猫去世"}, {"uid": "598925318", "content": "建议改成打人尔夫"}, {"uid": "597180704", "content": "一堆球"}, {"uid": "426038901", "content": "爱猫人士表示强烈谴责"}, {"uid": "526249150", "content": "算 好 了"}, {"uid": "615692726", "content": "三缺一"}, {"uid": "430357467", "content": "良心vup，白嫖了，白嫖了"}, {"uid": "247002540", "content": "老婆，你好。"}, {"uid": "526249150", "content": "人 畜 无 害"}, {"uid": "539180655", "content": "母球杀手"}, {"uid": "419049887", "content": "良心up，白嫖了，白嫖了！"}, {"uid": "470472734", "content": " 危"}, {"uid": "189740161", "content": "哈哈哈哈哈哈哈哈哈哈哈哈哈哈"}, {"uid": "189740161", "content": "天空之城"}, {"uid": "189740161", "content": "哈哈哈哈哈哈哈哈哈哈哈哈哈"}, {"uid": "411048959", "content": "傻狍子！全程注意这个。"}, {"uid": "379832834", "content": "？？？？？？"}, {"uid": "425409206", "content": "玩   耍"}, {"uid": "676505982", "content": "带了。。啥？"}, {"uid": "225849838", "content": "？？？？？？？"}, {"uid": "523516913", "content": "？？？？？？？？？？？？？？"}, {"uid": "402792791", "content": "鹿哥你好短哟"}, {"uid": "555045365", "content": "好了，现在零缺四。"}, {"uid": "701375282", "content": "良心up，下次啦下次啦"}, {"uid": "488478806", "content": "凯瑞甘！"}, {"uid": "541844360", "content": "你不对劲"}, {"uid": "476560625", "content": "本气黑猫"}, {"uid": "437735003", "content": "良心up，白嫖了白嫖了"}, {"uid": "585217536", "content": "良心up，白嫖了白嫖了"}, {"uid": "595342693", "content": "对得上刚才的字"}, {"uid": "400759933", "content": "良心up主"}, {"uid": "348930021", "content": "对！"}, {"uid": "348930021", "content": "下次一定"}, {"uid": "348930021", "content": "好棒"}, {"uid": "348930021", "content": "世界名画"}, {"uid": "650999993", "content": "靓鑫up，闪恋了，闪恋了"}, {"uid": "541418269", "content": "电路真受"}, {"uid": "468083592", "content": "嘿嘿，嘿嘿嘿！"}, {"uid": "153509956", "content": "良心up，白嫖了，白嫖了"}, {"uid": "430948745", "content": "好早！！！！"}, {"uid": "677056310", "content": "？？？？？？？？？？？？？"}, {"uid": "538464349", "content": "？？？？？？？"}, {"uid": "698803174", "content": "好家伙"}, {"uid": "420402555", "content": "来了"}, {"uid": "5907638", "content": "背景hso"}, {"uid": "521085900", "content": "电屁剽中"}, {"uid": "674982272", "content": "终于啊"}, {"uid": "142350286", "content": "我居然看懂了！？"}, {"uid": "543881431", "content": "电鹿真受"}, {"uid": "499131376", "content": "哈哈哈哈哈哈哈哈哈哈哈哈"}, {"uid": "499131376", "content": "哇哦~"}, {"uid": "22791835", "content": "良心up，白嫖啦白嫖啦"}, {"uid": "66537223", "content": "你不对劲"}, {"uid": "471953184", "content": "肯 定 能 进"}, {"uid": "427715503", "content": "还热乎的"}, {"uid": "8307872", "content": "下次一定"}, {"uid": "489694430", "content": "单推电鹿"}, {"uid": "489694430", "content": "鹿哥多久没更新视频啦"}, {"uid": "614104055", "content": "鹿哥昨天直播说今天晚上8.30依然直播呢！"}, {"uid": "489694430", "content": "鹿哥，你好短哦"}, {"uid": "527991475", "content": "烫手了"}, {"uid": "430090120", "content": "两小时热乎"}, {"uid": "599125311", "content": "要推受的鹿【DOGS"}, {"uid": "46920206", "content": "？？？？？？？？？？"}, {"uid": "297250279", "content": "白嫖了白嫖了"}, {"uid": "289630931", "content": "鹿草书法"}, {"uid": "387087194", "content": "热乎的"}, {"uid": "413369463", "content": "白表白表了"}, {"uid": "390170858", "content": "这就离谱"}, {"uid": "558714648", "content": "在现场"}, {"uid": "404077768", "content": "巜王国》"}, {"uid": "177579254", "content": "睡觉？？？"}, {"uid": "135613429", "content": "247名还能上前排吗"}, {"uid": "404386817", "content": "单推鹿乃（doge）"}, {"uid": "640283586", "content": "哈哈哈哈哈哈哈哈哈哈哈"}, {"uid": "588690420", "content": "奶死！"}, {"uid": "193017306", "content": "小驴抱枕"}, {"uid": "662081960", "content": "看来这只小鹿喜欢玩游戏"}, {"uid": "604001135", "content": "草草草草草（一种植物）"}, {"uid": "541807455", "content": "草！"}, {"uid": "583054739", "content": "真字少了一横……"}, {"uid": "541807455", "content": "好大！"}, {"uid": "470262313", "content": "下次丕一定"}, {"uid": "438151632", "content": "？？？？？"}, {"uid": "299689625", "content": "电路真受"}, {"uid": "607369167", "content": "电鹿"}, {"uid": "390429352", "content": "哈哈哈哈哈哈哈哈哈哈哈"}, {"uid": "616852789", "content": "是我干的！"}, {"uid": "472914149", "content": "？？？？？"}, {"uid": "470684504", "content": "我玩过哈哈哈哈哈哈"}, {"uid": "616852789", "content": "良心up，白嫖了白嫖了"}, {"uid": "652248847", "content": "飞岛国（确信）"}, {"uid": "299557605", "content": "热乎的"}, {"uid": "6907132", "content": "油睡天才"}, {"uid": "453890032", "content": "在现场！"}, {"uid": "142685757", "content": "~"}, {"uid": "6907132", "content": "聋了聋了"}, {"uid": "477455805", "content": "当你看到我你就不是第一个了"}, {"uid": "592326197", "content": "猝不及防！！！"}, {"uid": "520513407", "content": "《天才》"}, {"uid": "670216965", "content": "《诡异》"}, {"uid": "522443859", "content": "游说天才"}, {"uid": "519122118", "content": "当代梵高"}, {"uid": "648979496", "content": "好TM抽象"}, {"uid": "164841785", "content": "前排前排！"}, {"uid": "628609988", "content": "？？？？？？？？？？"}, {"uid": "28314585", "content": "老婆来了"}, {"uid": "28314585", "content": "来了"}, {"uid": "450891369", "content": "老婆我来了"}, {"uid": "508575582", "content": "一分钟之前还热乎。"}, {"uid": "490156068", "content": "当你看到我时你已经不是第一名了"}, {"uid": "508575582", "content": "背景不错。"}, {"uid": "18149351", "content": "挼！"}, {"uid": "2126579505", "content": "这次丕定  下次也丕定"}, {"uid": "1142677032", "content": "你咋还没被拆呢？"}, {"uid": "566802034", "content": "全程配音。"}, {"uid": "699689536", "content": "背景牛皮."}, {"uid": "1740029391", "content": "电鹿真帅还有五秒到达战场"}, {"uid": "2097857230", "content": "别,我在吃早餐"}, {"uid": "166020243", "content": "数学高手"}, {"uid": "437073744", "content": "电鹿是母的鹿，没那东♂西，怎么会短呢!(手动滑稽、狗头保命)"}, {"uid": "437073744", "content": "核(Sans)杉的眼神"}, {"uid": "437073744", "content": "良心老婆，三连了！三连了！(滑稽)"}, {"uid": "526650482", "content": "我不对劲"}, {"uid": "140080916", "content": "鹿姐"}, {"uid": "1239233558", "content": "欢迎回来"}, {"uid": "178549609", "content": "算  好"}, {"uid": "687084981", "content": "大聪明学府，老牛逼公司"}, {"uid": "597925573", "content": "算数天才"}, {"uid": "510080224", "content": "宁不对劲"}, {"uid": "1852374363", "content": "丧失天良"}, {"uid": "344706631", "content": "好家伙"}, {"uid": "478595488", "content": "我我我是白的"}, {"uid": "697276956", "content": "好...好大...(我说我指的是眼睛你信吗？)"}, {"uid": "701855287", "content": "有税天才"}, {"uid": "701855287", "content": " 字体飘逸"}, {"uid": "407459201", "content": "不对劲"}, {"uid": "398268917", "content": "文迷那个等等我哈哈哈哈"}, {"uid": "549887880", "content": "Wow，看起来他们应该很快乐 "}, {"uid": "549887880", "content": "那跟大兴就不对劲 "}, {"uid": "493290968", "content": "发现笨蛋"}, {"uid": "327622981", "content": "bgm 维瓦尔第 四季 春"}, {"uid": "508753717", "content": "广  告"}, {"uid": "451654505", "content": "回来看香蕉"}, {"uid": "499249054", "content": "电鹿真受"}, {"uid": "513733605", "content": "好大"}, {"uid": "1896966615", "content": "建模简直一毛一样"}, {"uid": "1896966615", "content": "这里不归我管"}, {"uid": "672591711", "content": "良心白嫖"}, {"uid": "567646854", "content": "良心up,白嫖了，白嫖了"}, {"uid": "662652874", "content": "下次一定"}, {"uid": "676554470", "content": "要什么"}, {"uid": "676554470", "content": "我刚是不是在高速路"}, {"uid": "676554470", "content": "良心"}, {"uid": "635439435", "content": "动物之友"}, {"uid": "661491886", "content": "傻狍子！"}, {"uid": "1828730328", "content": "准备"}, {"uid": "485273652", "content": "下次一定"}, {"uid": "401602093", "content": "下次一定"}, {"uid": "490755950", "content": "好家伙"}, {"uid": "622587518", "content": "哇 字如其鹿呀！"}, {"uid": "598925318", "content": "改成算好了的打人高尔夫"}, {"uid": "516431435", "content": "我一定是白色的"}, {"uid": "597180704", "content": "史莱姆"}, {"uid": "30224796", "content": "同一个时间，同一个撤所，干了，奥利给"}, {"uid": "591906704", "content": "电路真帅"}, {"uid": "510946062", "content": "我干的！"}, {"uid": "299358425", "content": "乙雅三！！！"}, {"uid": "268595833", "content": "哈哈哈哈哈哈哈哈哈哈哈"}, {"uid": "629791031", "content": "算  好  了"}, {"uid": "396727119", "content": "在现场"}, {"uid": "615692726", "content": "王炸！"}, {"uid": "316548413", "content": "话说可以加杯吗，滑稽"}, {"uid": "547242213", "content": "八言八语"}, {"uid": "596908085", "content": "鬼画符"}, {"uid": "695485904", "content": "↓高尔基"}, {"uid": "519198386", "content": "又是一个爱护环境的呢"}, {"uid": "400616351", "content": "凉心up"}, {"uid": "452407781", "content": "危"}, {"uid": "598680015", "content": "你好短啊"}, {"uid": "440552783", "content": "白嫖了"}, {"uid": "668738273", "content": "哈哈哈哈哈哈哈哈哈哈"}, {"uid": "497120637", "content": "良心up,下次一定"}, {"uid": "489005110", "content": "电鹿针师"}, {"uid": "479893604", "content": "哈哈哈哈"}, {"uid": "674977992", "content": "最高只能256个（MC玩家）"}, {"uid": "59462928", "content": "良心up，白嫖啦，白嫖啦"}, {"uid": "282373900", "content": "???????"}, {"uid": "590167348", "content": "电路辛苦了。"}, {"uid": "617168234", "content": "？？？？"}, {"uid": "485574908", "content": "？？？？？？"}, {"uid": "650726983", "content": "小鸟~~~"}, {"uid": "502386269", "content": "良心up，白嫖了白嫖了"}, {"uid": "455595081", "content": "电路真帅！"}, {"uid": "581635561", "content": "哈哈哈哈哈哈哈哈哈哈哈哈"}, {"uid": "667999224", "content": "牛顿哭了。"}, {"uid": "318922507", "content": "在现场"}, {"uid": "463665226", "content": "在现场"}, {"uid": "477201706", "content": "《算好了》"}, {"uid": "585217536", "content": "在现场"}, {"uid": "451364518", "content": "你不对劲"}, {"uid": "400759933", "content": "？？？？？？？？？？？"}, {"uid": "687973389", "content": "？？？？？"}, {"uid": "591660176", "content": "电   屁   真   师（doge）"}, {"uid": "348930021", "content": "下次一定"}, {"uid": "701831529", "content": "你不对劲 "}, {"uid": "33592968", "content": "良心up，白嫖了，白嫖了"}, {"uid": "481305161", "content": "白嫖了白嫖了"}, {"uid": "510946775", "content": "终于更新了"}, {"uid": "473337837", "content": "你再骂!"}, {"uid": "516807998", "content": "没事"}, {"uid": "418384617", "content": "哈哈哈哈哈哈哈哈"}, {"uid": "432512108", "content": "凉心up"}, {"uid": "512042073", "content": "来啦来啦"}, {"uid": "299901898", "content": "良心up，白嫖啦，白嫖啦"}, {"uid": "515883566", "content": "嘶，评论都被压下去了"}, {"uid": "696747595", "content": "名场面"}, {"uid": "694443695", "content": "哈哈哈哈"}, {"uid": "687161144", "content": "热乎的"}, {"uid": "499131376", "content": "？？？？？？？？？？？"}, {"uid": "499131376", "content": "哈哈哈哈"}, {"uid": "499131376", "content": "在现场"}, {"uid": "499131376", "content": "卧槽？"}, {"uid": "499131376", "content": "？？？？？？？？？"}, {"uid": "302530715", "content": "鹿哥加油！！"}, {"uid": "499131376", "content": "来了"}, {"uid": "593607719", "content": "你出生就是个失败"}, {"uid": "524015569", "content": "热乎的"}, {"uid": "402979582", "content": "热乎的"}, {"uid": "421339134", "content": "？？？？？？？？？？？？？"}, {"uid": "673373614", "content": "阶梯计划"}, {"uid": "673373614", "content": "几何物理天才"}, {"uid": "431805661", "content": "热乎的"}, {"uid": "614104055", "content": "鹿哥昨天直播说今天晚上8.30依然直播呢！"}, {"uid": "416163979", "content": "？？？？？？？？？？？？？"}, {"uid": "673393446", "content": "美团外卖"}, {"uid": "673393446", "content": "《算好了》"}, {"uid": "499523600", "content": "热乎的"}, {"uid": "484362798", "content": "这次我看到了草原"}, {"uid": "352926353", "content": "字迹潦草"}, {"uid": "551933412", "content": "良心up，白嫖了，白嫖了[doge]"}, {"uid": "297250279", "content": "凉心up"}, {"uid": "637880466", "content": "2小时，蛮热的"}, {"uid": "473549377", "content": "凉新UP弎怜楽弎怜楽"}, {"uid": "285721832", "content": "热乎"}, {"uid": "561731440", "content": "热乎的"}, {"uid": "646934310", "content": "好活"}, {"uid": "531242026", "content": "电鹿真受"}, {"uid": "402420477", "content": "哈哈哈哈哈"}, {"uid": "431793752", "content": "电鹿真奶"}, {"uid": "504095357", "content": "草草草草草"}, {"uid": "668957643", "content": "终于发视频了"}, {"uid": "319468379", "content": "良心"}, {"uid": "535020451", "content": "一小时还热乎"}, {"uid": "541807455", "content": "？？？？？？？？？？？？？？"}, {"uid": "628720455", "content": "WTF"}, {"uid": "497178693", "content": "下次一定了！下次一定了！"}, {"uid": "651473934", "content": "在现场"}, {"uid": "35711300", "content": "香蕉君"}, {"uid": "504721155", "content": "好大(✪▽✪)"}, {"uid": "504090599", "content": "三连了"}, {"uid": "432337613", "content": "良心up，白嫖啦！白嫖啦！"}, {"uid": "251465972", "content": "让他恰！"}, {"uid": "400937522", "content": "热乎的"}, {"uid": "105504540", "content": "电鹿刺中"}, {"uid": "604738969", "content": "良心up白嫖了！白嫖了！"}, {"uid": "342190496", "content": "不对劲啊"}, {"uid": "437017297", "content": "爷青回"}, {"uid": "600109955", "content": "鹿哥你好短哟"}, {"uid": "6907132", "content": "电鹿真受"}, {"uid": "6907132", "content": "鹿哥算了算了"}, {"uid": "521700694", "content": "啊这，好烫"}, {"uid": "432341440", "content": "boom"}, {"uid": "28037541", "content": "短短短短短"}, {"uid": "456490129", "content": "十分钟还有点热"}, {"uid": "474162423", "content": "草草草草草"}, {"uid": "435106755", "content": "【？】"}, {"uid": "521957493", "content": "字迹潦草"}, {"uid": "449672087", "content": "啊啊啊啊啊第一！！"}, {"uid": "542840867", "content": "厚颜无耻"}, {"uid": "522443859", "content": "电鹿真帅"}, {"uid": "592326197", "content": "电路"}, {"uid": "435106755", "content": "芜！"}, {"uid": "479034007", "content": "热乎的"}, {"uid": "514141805", "content": "热乎的"}, {"uid": "433217111", "content": "鹿姐！！！"}, {"uid": "92199373", "content": "良心up三年啦"}, {"uid": "2140116924", "content": "算数，你是最nb  的"}, {"uid": "622591535", "content": "凉心Up白嫖了白嫖"}, {"uid": "241823548", "content": "我whatZCJ三连了：）"}, {"uid": "601373534", "content": "电鹿真帅(chou)"}, {"uid": "1715602364", "content": "杀不，三年呢。"}, {"uid": "1976153195", "content": "！o！"}, {"uid": "628423456", "content": "三连了三连了"}, {"uid": "1949322683", "content": "彳亍"}, {"uid": "490489544", "content": "背景。。。"}, {"uid": "317680443", "content": "wc"}, {"uid": "99002926", "content": "下次一定"}, {"uid": "556431917", "content": "天      才"}, {"uid": "597925573", "content": "真就算好了呗"}, {"uid": "628423456", "content": "真又少了一横"}, {"uid": "663054682", "content": "小一一猫一一"}, {"uid": "701855287", "content": "破音"}, {"uid": "1272950286", "content": "良   心   u   p"}, {"uid": "634113855", "content": "๑乛v乛๑嘿嘿"}, {"uid": "109891849", "content": "艺术细菌"}, {"uid": "480042956", "content": "电鹿真受"}, {"uid": "1768229953", "content": "巜算好了》"}, {"uid": "1314571580", "content": "下次一定"}, {"uid": "668341092", "content": "截到了"}, {"uid": "563187293", "content": "要生了？"}, {"uid": "1294454192", "content": "电路好受"}, {"uid": "1875385124", "content": "你不对劲"}, {"uid": "676554470", "content": "电鹿真帅"}, {"uid": "401212210", "content": "电鹿真受"}, {"uid": "678488157", "content": "？？？？？？？？？？？"}, {"uid": "28861242", "content": "？？？？？？？？"}, {"uid": "534957184", "content": "哈哈哈哈哈哈"}, {"uid": "598925318", "content": "我的疯"}, {"uid": "598925318", "content": "缘分呐"}, {"uid": "598925318", "content": "现场打脸"}, {"uid": "597180704", "content": "小鸟"}, {"uid": "235578747", "content": "？？？？？"}, {"uid": "602958137", "content": "？？？？"}, {"uid": "499131376", "content": "哇哦"}, {"uid": "572126816", "content": "？？？？？？"}, {"uid": "628423456", "content": "你三连有了"}, {"uid": "629482157", "content": "？？？？？？？？。"}, {"uid": "636183989", "content": "白嫖了"}, {"uid": "247002540", "content": "老婆，好！"}, {"uid": "698832746", "content": "没关系"}, {"uid": "400883499", "content": "良心up，三连了三连了"}, {"uid": "598680015", "content": "？？？？？？？"}, {"uid": "693867292", "content": "带善人"}, {"uid": "693867292", "content": "在现场"}, {"uid": "549749988", "content": "Ohhhhhhhhhhhhh"}, {"uid": "441572942", "content": "？？？？"}, {"uid": "474894077", "content": "真！"}, {"uid": "474894077", "content": "哈哈哈哈哈哈哈哈哈哈哈哈哈哈"}, {"uid": "496848937", "content": "下次一定"}, {"uid": "189740161", "content": "加油！！！"}, {"uid": "486479421", "content": "？？？？？？？"}, {"uid": "698832746", "content": "电路真帅"}, {"uid": "270592624", "content": "？？？？？"}, {"uid": "493836632", "content": "侵权问题已处理，若想知道更多请看到这个弹幕后立刻跳转到BV1Sy4y1r7kG！"}, {"uid": "395982461", "content": "哈哈哈"}, {"uid": "567418472", "content": "在现场"}, {"uid": "225849838", "content": "？？？？？？"}, {"uid": "102073798", "content": "不对劲"}, {"uid": "523516913", "content": "好多。。鸟"}, {"uid": "403969885", "content": "搞事BGM"}, {"uid": "519545633", "content": "哈哈哈哈哈"}, {"uid": "699687079", "content": "计算小天才"}, {"uid": "590081703", "content": "这啥破字儿"}, {"uid": "34624382", "content": "良心UP，三连了"}, {"uid": "186489933", "content": "它永远不会堵车~（哔·····）"}, {"uid": "602958137", "content": "白嫖了"}, {"uid": "348930021", "content": "早上好！"}, {"uid": "348930021", "content": "下次一定"}, {"uid": "348930021", "content": "哈哈哈哈hahaha~"}, {"uid": "541418269", "content": "@小奶狗"}, {"uid": "481305161", "content": "哈哈哈哈"}, {"uid": "699110333", "content": "凉心up三连嘞"}, {"uid": "293611343", "content": "在现场"}, {"uid": "510946775", "content": "没人了？"}, {"uid": "510946775", "content": "没人了？"}, {"uid": "590237988", "content": "下次也不一定"}, {"uid": "433623869", "content": "电鹿真帅"}, {"uid": "497987469", "content": "哈哈哈哈哈哈"}, {"uid": "80910611", "content": "哈哈哈哈哈"}, {"uid": "493189667", "content": "俺也一样"}, {"uid": "237594080", "content": "hhhhhhh"}, {"uid": "536335458", "content": "你不对劲"}, {"uid": "545690655", "content": "四小时"}, {"uid": "499131376", "content": "？？？？？？？？？？？？？"}, {"uid": "499131376", "content": "肯定进"}, {"uid": "241301533", "content": "哈哈哈哈"}, {"uid": "678404874", "content": "良心up猪,就白嫖!就白嫖!"}, {"uid": "673903928", "content": "鹿哥你好短哟"}, {"uid": "402117170", "content": "加油！打工人"}, {"uid": "519511650", "content": "来了"}, {"uid": "614104055", "content": "鹿哥昨天直播说今天晚上8.30依然直播呢！"}, {"uid": "614104055", "content": "鹿哥昨天直播说今天晚上8.30依然直播呢！"}, {"uid": "554531971", "content": "townscape"}, {"uid": "435644426", "content": "在现场。"}, {"uid": "410765520", "content": "¿¿¿¿¿¿¿"}, {"uid": "600045140", "content": "一股咖喱味"}, {"uid": "627027416", "content": "热乎！"}, {"uid": "427822301", "content": "在现场"}, {"uid": "333049162", "content": "热乎"}, {"uid": "567837954", "content": "???????"}, {"uid": "480850208", "content": "我在场。"}, {"uid": "697738967", "content": "？？？？？？？"}, {"uid": "490737929", "content": "美团"}, {"uid": "627894550", "content": "在现场QWQ"}, {"uid": "641720248", "content": "电路好湿"}, {"uid": "429695131", "content": "猝不及防"}, {"uid": "277935024", "content": "？？？？"}, {"uid": "668400099", "content": "？？？？？？？？？？？？？"}, {"uid": "520230253", "content": "电鏖"}, {"uid": "448793040", "content": "梁心up，山练了，山年了"}, {"uid": "553562457", "content": "热乎的"}, {"uid": "1509158", "content": "这背景"}, {"uid": "485269794", "content": "1小时！，！"}, {"uid": "404077768", "content": "良心UP，点彩了就白飘了"}, {"uid": "470656351", "content": "哈哈哈"}, {"uid": "432826882", "content": "百草园"}, {"uid": "455885560", "content": "热乎"}, {"uid": "640283586", "content": "？？？"}, {"uid": "451737415", "content": "在现场"}, {"uid": "640283586", "content": "哈哈哈哈哈哈哈哈哈哈哈"}, {"uid": "640283586", "content": "哈哈哈哈哈哈哈哈哈哈哈"}, {"uid": "640283586", "content": "？？？"}, {"uid": "549625404", "content": "凉心up下辈丕一定"}, {"uid": "255835395", "content": "1小时热乎"}, {"uid": "10691497", "content": "电鹿加油呀"}, {"uid": "687040145", "content": "法克……"}, {"uid": "497178693", "content": "自♂由"}, {"uid": "668247626", "content": "在现场"}, {"uid": "504721155", "content": "好大"}, {"uid": "511657256", "content": "草草草草草草草"}, {"uid": "283168898", "content": "热乎的！"}, {"uid": "511548403", "content": "电路真帅"}, {"uid": "3799742", "content": "王校长？？"}, {"uid": "630851504", "content": "下次一定"}, {"uid": "516951631", "content": "烫手"}, {"uid": "470262313", "content": "热乎的"}, {"uid": "663639691", "content": "哈哈哈哈哈哈哈哈"}, {"uid": "663639691", "content": "哈哈哈哈哈"}, {"uid": "18146602", "content": "热乎的"}, {"uid": "30033746", "content": "白嫖"}, {"uid": "315999880", "content": "草"}, {"uid": "220654372", "content": "真艺术"}, {"uid": "571917599", "content": "热乎的"}, {"uid": "6907132", "content": "@李姐"}, {"uid": "475298451", "content": "白嫖了"}, {"uid": "411269692", "content": "投币收藏转发？"}, {"uid": "475298451", "content": "来了"}, {"uid": "498661719", "content": "良心up，三连了三连了"}, {"uid": "439005248", "content": "热乎"}, {"uid": "455203598", "content": "在现场"}, {"uid": "7043113", "content": "哇这个好玩"}, {"uid": "471411298", "content": "好家伙"}, {"uid": "495759026", "content": "良心up,三联了三联了"}, {"uid": "391367842", "content": "在现场"}, {"uid": "456490129", "content": "热乎"}, {"uid": "592326197", "content": "ohhhhhhhhhhhhhhhhhhhhhhhhhhhhhhhhhhhhhhhhhhhhhhhhhhhhhhhh鹿哥你变回来了！！！！！！！！！ohhhhhhhhhhhhhhhhhhhhhhhhhh"}, {"uid": "601536144", "content": "电鹿真帅"}, {"uid": "38645086", "content": "猝不及防"}, {"uid": "522443859", "content": "游税天才"}, {"uid": "553569339", "content": "5分钟"}, {"uid": "592326197", "content": "电路真帅……………………确实挺帅啊（doge）"}, {"uid": "511370337", "content": "电鹿真帅  "}, {"uid": "603683282", "content": "来了"}, {"uid": "589010165", "content": "来了"}, {"uid": "524808241", "content": "来了"}, {"uid": "1904759409", "content": "我的公司是007"}, {"uid": "588495697", "content": "天    才"}, {"uid": "576724863", "content": "你真帅气"}, {"uid": "241823548", "content": "三连了"}, {"uid": "621240351", "content": "良心up，白嫖了，白嫖啦！"}, {"uid": "1246030228", "content": "三连了三连了"}, {"uid": "668584522", "content": "电鹿真衰"}, {"uid": "150395507", "content": "电鹿真可爱"}, {"uid": "1831502188", "content": "我看是家里蹲大学。"}, {"uid": "481456130", "content": "我他妈真的可以三年了。"}, {"uid": "1852374363", "content": "国家需要你"}, {"uid": "344706631", "content": "完全能"}, {"uid": "616065995", "content": "管他呢"}, {"uid": "581653063", "content": "二连"}, {"uid": "648124555", "content": "？？？"}, {"uid": "522596518", "content": "冲"}, {"uid": "173515136", "content": "电鹿真帅"}, {"uid": "378030276", "content": "草"}, {"uid": "1027545784", "content": "蜜汁计算"}, {"uid": "1027545784", "content": "良心up，衫连了"}, {"uid": "668341092", "content": "好大"}, {"uid": "627871184", "content": "？？？"}, {"uid": "1896966615", "content": "前方高能"}, {"uid": "1896966615", "content": "白嫖了昂"}, {"uid": "519936942", "content": "电   屁   真   师（doge）"}, {"uid": "1215819096", "content": "！？？？？？？？？…"}, {"uid": "683044519", "content": "我的狗？？？"}, {"uid": "131721051", "content": "光之崽种"}, {"uid": "702249238", "content": "这………"}, {"uid": "20414347", "content": "真漂亮"}, {"uid": "1753177998", "content": "？？？？？？？"}, {"uid": "693690830", "content": "水视频"}, {"uid": "318829688", "content": "白嫖了"}, {"uid": "444427851", "content": "牗䁻天才"}, {"uid": "677889379", "content": "针不戳"}, {"uid": "677889379", "content": "电鹿针帅"}]