[{"uid": "8860145", "content": "帅气"}, {"uid": "10093770", "content": "好好听！！！"}, {"uid": "68394832", "content": "好好听？！"}, {"uid": "407029906", "content": "这是本音     平时说话是营业声线"}, {"uid": "179162519", "content": "太可爱了"}, {"uid": "28820431", "content": "柯南柯南，好听"}, {"uid": "14197525", "content": "芜湖起飞"}, {"uid": "69206731", "content": "芜湖"}, {"uid": "146950457", "content": "好听"}, {"uid": "547527696", "content": "呜呜"}, {"uid": "219213", "content": "谁？"}, {"uid": "110514076", "content": "芜湖~"}, {"uid": "249066001", "content": "龙叫"}, {"uid": "27675223", "content": "福州人？"}, {"uid": "85519397", "content": "赛高"}]