[{"uid": "364427", "content": "禁止随地大小变"}, {"uid": "10478887", "content": "关键在于货币是日元还是人民币了"}, {"uid": "323045299", "content": "公然骗氪"}, {"uid": "28586665", "content": "前面的一个提督才2000啊，第一个打的一万看清楚了吗"}, {"uid": "38826760", "content": "草"}, {"uid": "412957936", "content": "右边那个告示牌上写了一些奇怪的东西"}, {"uid": "108144056", "content": "日元一万块大概是人民币一单648"}, {"uid": "27030398", "content": "成龙：我啥时候变张学友了？"}, {"uid": "43733538", "content": "我很可爱请给我钱（有端联想"}, {"uid": "3882130", "content": "这就是石油佬的快乐吗？i了i了"}, {"uid": "347669131", "content": "老板糊涂啊！"}, {"uid": "443335426", "content": "《网 络 诈 骗》"}, {"uid": "162597366", "content": "究极石油佬"}, {"uid": "57075708", "content": "我很可爱，请给我钱（有端"}, {"uid": "40947492", "content": "很想要但是又不敢要，太可爱了"}, {"uid": "34250751", "content": "我很可爱，请给我钱"}, {"uid": "263259", "content": "石油佬"}, {"uid": "55480851", "content": "钞能力是吧"}, {"uid": "2319500", "content": "好便宜啊"}, {"uid": "20318089", "content": "复读鸡"}, {"uid": "9207636", "content": "老板大气"}, {"uid": "357639", "content": "草"}, {"uid": "279292302", "content": "这就是石油佬吗"}, {"uid": "160239534", "content": "懂了，要红的"}, {"uid": "35830560", "content": "一万块，野性消费啊"}, {"uid": "8219975", "content": "大额sc诱导（"}, {"uid": "475849202", "content": "谨防新型诈骗"}, {"uid": "8031313", "content": "老板野性消费！"}, {"uid": "85997343", "content": "老板糊涂"}, {"uid": "10478887", "content": "老板大气"}, {"uid": "190911079", "content": "一万日元也有六百多了"}, {"uid": "3225540", "content": "抢钱啊喂"}, {"uid": "498971334", "content": "弹幕划过一个 草"}, {"uid": "20202429", "content": "明抢了属于是"}, {"uid": "131566021", "content": "红橙黄绿青蓝紫"}, {"uid": "28820431", "content": "老板大气"}, {"uid": "287803376", "content": "硬核彩虹"}, {"uid": "30028641", "content": "一共18500日元按照现在日本往中国打钱的汇率大概是1w等于580差不多1100块钱"}, {"uid": "34086635", "content": "丧失语言能力"}, {"uid": "1967311", "content": "老板野性消费"}, {"uid": "503819319", "content": "新兴网络诈骗"}, {"uid": "330649311", "content": "明抢"}, {"uid": "266812299", "content": "老板大气"}, {"uid": "379501968", "content": "l老板大气啊"}, {"uid": "100029388", "content": "首页通知！"}, {"uid": "407217061", "content": "已经开始懂了"}, {"uid": "497002989", "content": "老板大气"}, {"uid": "438438432", "content": "哈哈哈哈"}, {"uid": "97185863", "content": "老板大气"}, {"uid": "631018782", "content": "泪水拉了出来(ಥ_ಥ)"}, {"uid": "476196093", "content": "草"}, {"uid": "389218203", "content": "老板大气"}, {"uid": "438438432", "content": "老板大气"}, {"uid": "3057859", "content": "明抢属于是 doge"}, {"uid": "10481048", "content": "这个SC是日元吗"}, {"uid": "435402359", "content": "这？"}, {"uid": "1318353", "content": "明抢了属实是"}, {"uid": "32641613", "content": "老板大气"}, {"uid": "45492", "content": "老板大气啊"}, {"uid": "363935885", "content": "这个衣服实在是太好看了呜呜呜"}, {"uid": "323045299", "content": "明抢"}, {"uid": "290549134", "content": "是日元"}, {"uid": "40102065", "content": "¥"}, {"uid": "5371980", "content": "老板糊涂啊"}, {"uid": "7451642", "content": "离谱"}, {"uid": "179162519", "content": "可爱可爱"}, {"uid": "6172387", "content": "也野性消费"}, {"uid": "41208492", "content": "卧槽"}, {"uid": "471314445", "content": "但是加起来可能连一个提督的钱都不够"}, {"uid": "476196093", "content": "暗示打红sc"}, {"uid": "279292302", "content": "是我无法触及的区域"}, {"uid": "361033321", "content": "老板大气"}, {"uid": "537937", "content": "一万是日元好伐"}, {"uid": "23087611", "content": "石油佬"}, {"uid": "85621268", "content": "哈哈笑死我了"}, {"uid": "409773385", "content": " 谨  防  新  型  网  络  诈  骗"}, {"uid": "7451642", "content": "？？？"}, {"uid": "515887119", "content": "."}, {"uid": "176479131", "content": "啊这"}, {"uid": "429737535", "content": "捉个虫 jacky cheng是龙哥么"}, {"uid": "479504962", "content": "这样说不太好吧？都快说明了"}, {"uid": "10420596", "content": "wwww"}, {"uid": "28125001", "content": "草"}, {"uid": "53222806", "content": "老板大气"}, {"uid": "142333226", "content": "哇。。。老板大气"}, {"uid": "443320008", "content": "好家伙"}, {"uid": "54141330", "content": "？一共也超不过一个提督 ？？？  ？ ？什么"}, {"uid": "7069244", "content": "1W5日语=888人民币"}]