[{"uid": "232621587", "content": "哈哈，快五万了"}, {"uid": "10729759", "content": "呆毛（即答）"}, {"uid": "104393240", "content": "我恨考试呐（高考生的幻听）"}, {"uid": "104393240", "content": "四万七了，坐等五万感谢"}, {"uid": "3882130", "content": "↓艾哲红石"}, {"uid": "2817586", "content": "是这样啊（拔）"}, {"uid": "24122766", "content": "突然四川话"}, {"uid": "11069011", "content": "那不揪一下说不过去了"}, {"uid": "11069011", "content": "哈哈哈哈还有这种解释"}, {"uid": "522203", "content": "5w解锁老火鸡汤做法"}, {"uid": "197682661", "content": "阿这越说越想拔"}, {"uid": "161391159", "content": "4.5w，在过几天你又要发视频了"}, {"uid": "482429275", "content": "因为这个感谢视频，五个小时又要到5万了。"}, {"uid": "172839017", "content": "这个转场太可爱啦"}, {"uid": "62864531", "content": "我很好吃啊"}, {"uid": "2957060", "content": "屁～～～～～～"}, {"uid": "126619", "content": "艾哲红石！"}, {"uid": "25400434", "content": "奇怪的知识增加了"}, {"uid": "94620397", "content": "屁"}, {"uid": "46411311", "content": "支架可还行"}, {"uid": "134600874", "content": "我很好吃啊"}, {"uid": "281509628", "content": "马萨卡，其实皇冠才是本体吗"}, {"uid": "6075783", "content": "诶？！原来是这样吗"}, {"uid": "349951055", "content": "“卟！”"}, {"uid": "291148622", "content": "这个口音wwwkwi"}, {"uid": "509795636", "content": "好可爱(ɔˆ ³(ˆ⌣ˆc)"}, {"uid": "7775751", "content": "草"}, {"uid": "406256249", "content": "感谢区up主"}, {"uid": "24852616", "content": "这个口音，SUKI"}, {"uid": "26160002", "content": "还有这种设定么哈哈哈哈"}, {"uid": "362582150", "content": "鸡言鸡语"}, {"uid": "289177759", "content": "救命她好可爱"}, {"uid": "404741957", "content": "我很好吃呐"}, {"uid": "292078410", "content": "我是小鸡，我是自愿的"}, {"uid": "476196093", "content": "明白了这就吃"}, {"uid": "3834072", "content": "草"}, {"uid": "98417330", "content": "？？？公鸡"}, {"uid": "957509", "content": "这孩子对粉丝数过于敏感了www"}, {"uid": "301881895", "content": "热乎着"}, {"uid": "147811", "content": "?"}, {"uid": "503882450", "content": "好像蛮鸡"}, {"uid": "6746951", "content": "很可爱呢，加油！"}, {"uid": "1464060", "content": "有秘密？"}, {"uid": "325181", "content": "??????"}, {"uid": "143808589", "content": "？靠"}, {"uid": "404741957", "content": "小鸡们，要不要来我的堡里当鸡公煲呀~？"}, {"uid": "36400646", "content": "屁屁屁"}, {"uid": "62864531", "content": "草"}, {"uid": "704553614", "content": "明明是呆毛"}, {"uid": "114178064", "content": "尊重设定"}, {"uid": "77488393", "content": "好耶"}, {"uid": "404128161", "content": "哈哈"}, {"uid": "10899709", "content": "我很好吃啊"}, {"uid": "956835", "content": "草"}, {"uid": "407217061", "content": "9分钟"}, {"uid": "259312964", "content": "鸡冠（）"}, {"uid": "2357393", "content": "来了来了！"}, {"uid": "509795636", "content": "靠心，我快笑死了 "}, {"uid": "38424251", "content": "鸡冠头哈哈"}, {"uid": "315631312", "content": "piii！"}, {"uid": "363935885", "content": "很烤心wwww"}, {"uid": "1464514", "content": "草"}, {"uid": "3813268", "content": "哈哈哈"}, {"uid": "5676856", "content": "？？"}, {"uid": "490735921", "content": "屁来了！"}, {"uid": "277836529", "content": "已经4.5w了 加把劲马上就5w了啊"}, {"uid": "23016125", "content": "揪～"}, {"uid": "631018782", "content": "屁酱关注超4w了，噗噗噗～"}, {"uid": "18231707", "content": "真纸片人"}, {"uid": "330649311", "content": "好！"}, {"uid": "2357393", "content": "5W解锁项，众筹呢这是"}, {"uid": "375634", "content": "草"}, {"uid": "509795636", "content": "傻....傻的，，"}, {"uid": "667691037", "content": "piii"}, {"uid": "446235044", "content": "4.5w了"}, {"uid": "89442216", "content": "鸡冠"}, {"uid": "95310198", "content": "离谱"}, {"uid": "10620365", "content": "带上会更好吃吗？"}, {"uid": "490735921", "content": "屁来了"}, {"uid": "379501968", "content": "屁"}, {"uid": "166599286", "content": "好耶！！！！！！！！"}, {"uid": "184752", "content": "好~"}, {"uid": "843125", "content": "草"}, {"uid": "140301678", "content": "哈哈哈哈哈哈"}, {"uid": "80558654", "content": "草"}, {"uid": "22916673", "content": "好耶～"}, {"uid": "1964170", "content": "烤心？烤鸡心？！"}, {"uid": "366130114", "content": "要五万了"}, {"uid": "519989491", "content": "可爱呜呜"}, {"uid": "365401130", "content": "草"}, {"uid": "323953409", "content": "piiii"}, {"uid": "122499636", "content": "ohhhhhh"}, {"uid": "172839017", "content": "这"}, {"uid": "2957060", "content": "鸡冠！"}, {"uid": "704553614", "content": "好家伙"}, {"uid": "9212109", "content": "真好玩儿"}, {"uid": "1976890648", "content": "啊我死了"}, {"uid": "44096738", "content": "4.5  了"}, {"uid": "492463054", "content": "好耶！"}, {"uid": "476196093", "content": "草"}, {"uid": "46411311", "content": "草"}, {"uid": "750656", "content": "？？？？？？？？"}, {"uid": "125370968", "content": "我很考试？"}, {"uid": "224854416", "content": "再见啊"}, {"uid": "403452", "content": "草"}, {"uid": "403452", "content": "屁"}, {"uid": "9222625", "content": "男公主？"}, {"uid": "9601257", "content": "草w"}, {"uid": "894840", "content": "拔了会怎么样？"}, {"uid": "23170778", "content": "傻里傻气的"}, {"uid": "179162519", "content": "ohhhhhhhhhhh"}, {"uid": "179162519", "content": "可爱可爱"}, {"uid": "32191148", "content": "yeeeeee!"}, {"uid": "4986259", "content": "草"}, {"uid": "370225190", "content": "哈哈哈哈哈"}, {"uid": "12891523", "content": "草"}, {"uid": "1003838559", "content": "是本体啊魂淡"}, {"uid": "704553614", "content": "哈哈哈哈哈"}, {"uid": "4324179", "content": "啊？"}, {"uid": "1825150", "content": "4我、"}, {"uid": "11123915", "content": "屁屁屁屁"}, {"uid": "224854416", "content": "太好啦piiii"}, {"uid": "500352246", "content": "好烫好烫！"}, {"uid": "10729759", "content": "？？"}, {"uid": "76958508", "content": "这画质？"}, {"uid": "82672277", "content": "草"}, {"uid": "14520187", "content": "我很好吃呐"}, {"uid": "3384706", "content": "？？？？"}, {"uid": "481952714", "content": "明明是鸡冠"}, {"uid": "90359282", "content": "草"}, {"uid": "343902113", "content": "你是个pi"}, {"uid": "32641613", "content": "来了来了"}, {"uid": "1943884", "content": ">8"}, {"uid": "32792016", "content": "笑死我了"}, {"uid": "307992580", "content": "好耶"}, {"uid": "203489865", "content": "？？？？！！！！"}, {"uid": "956835", "content": "膨胀了啊"}, {"uid": "472534184", "content": "好耶"}, {"uid": "24634542", "content": "热乎"}, {"uid": "201631582", "content": "呆毛"}, {"uid": "10957946", "content": "要6W了"}, {"uid": "135279623", "content": "可爱！"}, {"uid": "135279623", "content": "4.7"}, {"uid": "4297094", "content": "好耶！piiiiii~"}, {"uid": "4395672", "content": "哈哈哈哈哈哈"}, {"uid": "4496833", "content": "233"}, {"uid": "317733565", "content": "pipipipi"}, {"uid": "46411311", "content": "pi"}, {"uid": "25865711", "content": "草"}, {"uid": "957509", "content": "好耶！"}, {"uid": "18231707", "content": "？？？？？？？？？？？？"}, {"uid": "407217061", "content": "小鸡也有鸡冠？"}, {"uid": "330649311", "content": "已经4.5了"}, {"uid": "759913175", "content": "。。。。"}, {"uid": "38424251", "content": "哈哈哈"}, {"uid": "14197525", "content": "好耶"}, {"uid": "163593096", "content": "呜呜X﹏X"}, {"uid": "114522730", "content": "草"}, {"uid": "7888055", "content": "这怎么说话一股狐臭味"}, {"uid": "184752", "content": "草"}, {"uid": "307992580", "content": "屁"}, {"uid": "3109362", "content": "？？"}, {"uid": "310308958", "content": "Piiiiiiiiiiiiiiiiiiiii"}, {"uid": "920163", "content": "（弹）"}]