[{"uid": "747098", "content": "只能说一模一样"}, {"uid": "1899362", "content": "直接从首页点进来 我吊不吊？啊？"}, {"uid": "179162519", "content": "太可爱了"}, {"uid": "87472798", "content": "好像啊哈哈哈哈"}, {"uid": "252352508", "content": "太可爱了"}, {"uid": "39964368", "content": "阿西！！！！！！！！！！！！"}, {"uid": "6097142", "content": "确实有点像哦"}, {"uid": "95310198", "content": "哈哈哈哈哈哈"}, {"uid": "84085960", "content": "太像了"}, {"uid": "4130547", "content": "阿这"}, {"uid": "157855544", "content": "虎牙！"}, {"uid": "446137610", "content": "6666"}, {"uid": "407217061", "content": "来了"}, {"uid": "476196093", "content": "好"}, {"uid": "6172387", "content": "还真有点像"}]