[{"uid": "1471168996", "content": "这个我能看一天(￣∇￣)"}, {"uid": "9835735", "content": "晚上好"}, {"uid": "4130547", "content": "晚安"}, {"uid": "19129870", "content": "我没赶上emmm"}, {"uid": "345707445", "content": "晚安"}, {"uid": "77286546", "content": "uyu也要注意休息呦"}, {"uid": "20430240", "content": "晚安  爱你"}, {"uid": "13106096", "content": "早点睡大家"}, {"uid": "291676", "content": "晚安"}, {"uid": "143643221", "content": "晚安"}, {"uid": "13106096", "content": "晚安uyu"}, {"uid": "28582428", "content": "晚安晚安"}, {"uid": "291676", "content": "同传辛苦了"}, {"uid": "1861416807", "content": "晚安！！！！！ 谢谢大家！！！"}, {"uid": "422586341", "content": "拜拜了！！！"}, {"uid": "4718031", "content": "大家晚安 早休息"}, {"uid": "23185455", "content": "同传辛苦"}, {"uid": "77286546", "content": "莲花佬辛苦了"}, {"uid": "350714431", "content": "同传辛苦！"}, {"uid": "57233702", "content": "同传辛苦了"}, {"uid": "363935885", "content": "同传辛苦！"}, {"uid": "1683284", "content": "同传man辛苦了"}, {"uid": "8778512", "content": "还有5分钟"}, {"uid": "77286546", "content": "晚安piiiii"}, {"uid": "49810010", "content": "谢谢同传"}, {"uid": "77286546", "content": "拜拜"}, {"uid": "1683284", "content": "好喜欢这段bgn"}, {"uid": "179515180", "content": "她在发光"}, {"uid": "77286546", "content": "piiiiii"}, {"uid": "28582428", "content": "byebye"}, {"uid": "289831586", "content": "piiii"}, {"uid": "304633883", "content": "sukisuki"}, {"uid": "29984632", "content": "一进来就这么大头"}, {"uid": "95744291", "content": "晚安piiiiiii"}, {"uid": "363935885", "content": "她在亲我！"}, {"uid": "59861", "content": "8888888"}, {"uid": "77286546", "content": "晚安piiiiiiiiii"}, {"uid": "3767409", "content": "."}, {"uid": "88253853", "content": "(⌒▽⌒)"}, {"uid": "38419012", "content": "今天也好可爱啊呜呜呜"}, {"uid": "27040737", "content": "晚安！！！"}, {"uid": "304633883", "content": "piiiiiiiiiiiiiiiiiii"}, {"uid": "88253853", "content": "拜拜"}, {"uid": "422586341", "content": "希望下次直播的时候可以早一些，那么晚安！"}, {"uid": "363935885", "content": "鬼畜起来了草"}, {"uid": "77286546", "content": "piiiiiiii"}, {"uid": "12207174", "content": "～(￣▽￣～)"}, {"uid": "13106096", "content": "晚安uyu"}, {"uid": "27040737", "content": "我爱你！！！！"}, {"uid": "6860838", "content": "晚安piiiiiiiiii"}, {"uid": "657279321", "content": "晚安"}, {"uid": "2559141", "content": "piiiiiiiii！！！！！！！"}, {"uid": "157855544", "content": "今天也是清楚可爱的uyu"}, {"uid": "332495419", "content": "我也爱你！"}, {"uid": "2811742", "content": "晚安"}, {"uid": "363935885", "content": "piiiii！！"}, {"uid": "22267791", "content": "piiii"}, {"uid": "38377219", "content": "拜拜！"}, {"uid": "49810010", "content": "piiiiiii"}, {"uid": "34359261", "content": "晚安"}, {"uid": "31856790", "content": "我也爱你"}, {"uid": "386432", "content": "おやすみpiiiii"}, {"uid": "363935885", "content": "我也爱你！！！"}, {"uid": "32151921", "content": "888"}, {"uid": "86605940", "content": "晚安"}, {"uid": "18795612", "content": "888"}, {"uid": "57445391", "content": "piiiiiiii"}, {"uid": "332495419", "content": "88888"}, {"uid": "306797", "content": "晚安"}, {"uid": "7451642", "content": "piiiiiii"}, {"uid": "13068079", "content": "晚安"}, {"uid": "18795612", "content": "8888"}, {"uid": "157855544", "content": "晚安uyu"}, {"uid": "17985613", "content": "晚安"}, {"uid": "9109870", "content": "爱你"}, {"uid": "38419012", "content": "piiiiiiiii"}, {"uid": "672398315", "content": "晚安"}, {"uid": "32151921", "content": "晚安"}, {"uid": "18795612", "content": "88888"}, {"uid": "77286546", "content": "晚安piiiiii"}, {"uid": "18795612", "content": "88"}, {"uid": "363935885", "content": "来床上吧（）"}, {"uid": "18795612", "content": "晚安、"}, {"uid": "11841960", "content": "おやすみなさい"}, {"uid": "36258277", "content": "晚安！"}, {"uid": "276325770", "content": "晚安"}, {"uid": "29023584", "content": "晚安"}, {"uid": "31856790", "content": "晚安"}, {"uid": "386432", "content": "晚安"}, {"uid": "9109870", "content": "piiii"}, {"uid": "12207174", "content": "晚安！"}, {"uid": "87694207", "content": "piiiiiiiiiiiiiii"}, {"uid": "3759292", "content": "晚安piiiiii"}, {"uid": "11762060", "content": "晚安晚安晚安晚安"}, {"uid": "20430240", "content": "晚安 我的公主"}, {"uid": "547527696", "content": "晚安"}, {"uid": "22267791", "content": "晚安"}, {"uid": "350714431", "content": "rua一口小鸡"}, {"uid": "661388", "content": "晚安安安安"}, {"uid": "363935885", "content": "要睡了吗 uyu晚安"}, {"uid": "2559141", "content": "爱你~"}, {"uid": "4718031", "content": "【晚安】"}, {"uid": "6406638", "content": "晚安"}, {"uid": "77286546", "content": "晚安，piiiiiii"}, {"uid": "291676", "content": "晚安"}, {"uid": "127184912", "content": "晚安"}, {"uid": "332495419", "content": "晚安"}, {"uid": "28582428", "content": "晚安晚安"}, {"uid": "11762060", "content": "好的，uyu也要早点休息！"}, {"uid": "1683284", "content": "晚安"}, {"uid": "350714431", "content": "晚安安"}, {"uid": "9844748", "content": "uyu辛苦了，晚安哦"}, {"uid": "7451642", "content": "晚安uyu"}, {"uid": "2559141", "content": "晚安！"}, {"uid": "29358975", "content": "晚安！"}, {"uid": "954660", "content": "晚安"}, {"uid": "116791", "content": "晚安"}, {"uid": "49810010", "content": "晚安"}, {"uid": "403357840", "content": "晚安"}, {"uid": "179917852", "content": "再见了各位，我睡了"}, {"uid": "4718031", "content": "【大家晚安】"}, {"uid": "151458", "content": "晚安"}, {"uid": "20430240", "content": "好的 爱你"}, {"uid": "299082", "content": "晚安"}, {"uid": "381922777", "content": "晚安"}, {"uid": "661388", "content": "piiiiii"}, {"uid": "87694207", "content": "困了，uyu晚安"}, {"uid": "38419012", "content": "晚安！"}, {"uid": "18795612", "content": "晚安"}, {"uid": "57445391", "content": "love ya"}, {"uid": "9109870", "content": "晚安"}, {"uid": "12207174", "content": "晚安！"}, {"uid": "9109870", "content": "uyu辛苦了，早点休息吧"}, {"uid": "230510597", "content": "爱你"}, {"uid": "4718031", "content": "【要是到时能直播的话 再通知大家】"}, {"uid": "38419012", "content": "小鸟要不要早点休息"}, {"uid": "179917852", "content": "早点休息吧"}, {"uid": "29358975", "content": "ゆっくり休んで、おやすみなさい"}, {"uid": "52854974", "content": "时差也就一个小时"}, {"uid": "520325929", "content": "啊撑不住了，要睡了"}, {"uid": "49810010", "content": "乌愈晚安"}, {"uid": "77286546", "content": "感觉uyu睡的好晚"}, {"uid": "46411311", "content": "日本比咱们快一个小时"}, {"uid": "347374197", "content": "やっとひよこが見えた"}, {"uid": "31793189", "content": "播了好久了。"}, {"uid": "13106096", "content": "Uyu辛苦啦"}, {"uid": "422586341", "content": "小鸡喜欢吃什么样的鸡肉？（￣▽￣）"}, {"uid": "18795612", "content": "要下播了嘛"}, {"uid": "179917852", "content": "不好意思，把piiii看成pi"}, {"uid": "954660", "content": "晚上好piiiiiiii"}, {"uid": "4718031", "content": "【但是很晚了已经】"}, {"uid": "381922777", "content": "日本那边快一点了吧"}, {"uid": "547527696", "content": "今天播好久啊"}, {"uid": "4718031", "content": "【大家能来真的很感谢 】"}, {"uid": "291676", "content": "晚安！"}, {"uid": "350714431", "content": "桃子少吃，多吃炸鸡jpg"}, {"uid": "126619", "content": "小鸡，sukiki！"}, {"uid": "403357840", "content": "晚上好"}, {"uid": "9942740", "content": "这么晚还不去睡觉啊"}, {"uid": "31793189", "content": "晚安晚安"}, {"uid": "29358975", "content": "可愛い、好き、结婚"}, {"uid": "422586341", "content": "又来了一个DD吗？"}, {"uid": "363935885", "content": "前面结婚那个不能绿我嗷（）"}, {"uid": "18795612", "content": "晚上好啊"}, {"uid": "11762060", "content": "出了，肯定去买"}, {"uid": "31793189", "content": "晚安哦。今天还要上班"}, {"uid": "8063215", "content": "mua~~"}, {"uid": "38419012", "content": "我永远喜欢小鸟"}, {"uid": "87694207", "content": "uyu 加油！"}, {"uid": "290770140", "content": "我永远喜欢uyu小姐"}, {"uid": "363935885", "content": "出了我必买"}, {"uid": "179917852", "content": "mua"}, {"uid": "26289210", "content": "初见，可爱，单推，结婚"}, {"uid": "430600187", "content": "阿拉阿拉"}, {"uid": "4718031", "content": "【是吗 可以做吗】"}, {"uid": "422586341", "content": "早点出专属的表情包吧！"}, {"uid": "363935885", "content": "小猫uyu！！"}, {"uid": "11762060", "content": "以后在bilibili也可以制专属表情包"}, {"uid": "20430240", "content": "(≧∇≦)"}, {"uid": "3109362", "content": "晚上好啊"}, {"uid": "332495419", "content": "可爱"}, {"uid": "49810010", "content": "可爱"}, {"uid": "381922777", "content": "来个套装_(:3」∠)_"}, {"uid": "11762060", "content": "这套表情包我保存了"}, {"uid": "38419012", "content": "可爱可爱可爱"}, {"uid": "179917852", "content": "弄一个Q版的"}, {"uid": "1683284", "content": "可爱"}, {"uid": "87694207", "content": "uyu 能做那些表情吗(･∀･)"}, {"uid": "7451642", "content": "piiiiiiii"}, {"uid": "422586341", "content": "希望在哔哩哔哩上也可以出现相应的表情包"}, {"uid": "276325770", "content": "可愛"}, {"uid": "363935885", "content": "我！要！买！"}, {"uid": "350714431", "content": "阿b！"}, {"uid": "350714431", "content": "立刻！安排！"}, {"uid": "422586341", "content": "这个我看过"}, {"uid": "28582428", "content": "一套表情包"}, {"uid": "4718031", "content": "【这个很棒呢 UYU也想要呢】"}, {"uid": "38419012", "content": "这个也是表情包吧好可爱啊"}, {"uid": "281282459", "content": "精神支柱"}, {"uid": "363935885", "content": "uyu主题装扮安排上啊啊啊啊"}, {"uid": "4718031", "content": "【可爱吗】"}, {"uid": "204246414", "content": "好耶"}, {"uid": "87694207", "content": "(⌒▽⌒)"}, {"uid": "179917852", "content": "舒服"}, {"uid": "657279321", "content": "精神支柱"}, {"uid": "291676", "content": "哈哈哈"}, {"uid": "4718031", "content": "【不是这个】"}, {"uid": "27040737", "content": "精神支柱！"}, {"uid": "363935885", "content": "怪起来了"}, {"uid": "2176423", "content": "精神支柱"}, {"uid": "9109870", "content": "www"}, {"uid": "11762060", "content": "精神支柱！"}, {"uid": "4718031", "content": "【啊 搞错了】"}, {"uid": "291676", "content": "好看"}, {"uid": "38419012", "content": "这个表情包哈哈哈"}, {"uid": "363935885", "content": "？"}, {"uid": "28820431", "content": "哈哈哈"}, {"uid": "49810010", "content": "乌愈公主可爱"}, {"uid": "12207174", "content": "高贵的"}, {"uid": "28820431", "content": "这个也不错"}, {"uid": "179917852", "content": "哦嚯嚯"}, {"uid": "9109870", "content": "好美"}, {"uid": "38419012", "content": "这个也好好看"}, {"uid": "12207174", "content": "好贵的感觉"}, {"uid": "14197525", "content": "震惊！飞行系训练家自己居然是鸟？"}, {"uid": "11762060", "content": "公主的模样"}, {"uid": "422586341", "content": "哇这张也是可爱呀！"}, {"uid": "12207174", "content": "好淑女"}, {"uid": "42915277", "content": "给块鸡肉就可以收服了吧，没什么难度"}, {"uid": "363935885", "content": "我的天这个好好看"}, {"uid": "13106096", "content": "Uyu get daze！！"}, {"uid": "42481744", "content": "dd，yyds"}, {"uid": "363935885", "content": "我要当乌愈小姐的宠物！！"}, {"uid": "3560204", "content": "这个鸟好可爱，单推了"}, {"uid": "23185455", "content": "手里的球是给自己住的吗？（doge）"}, {"uid": "11635848", "content": "鸟系训练家？"}, {"uid": "4718031", "content": "【抓住了uyu？】"}, {"uid": "38419012", "content": "可爱可爱呜呜"}, {"uid": "381922777", "content": "就决定是你了"}, {"uid": "3560204", "content": "oh"}, {"uid": "506531949", "content": "w"}, {"uid": "291676", "content": "想抓uyu"}, {"uid": "332495419", "content": "可爱啊"}, {"uid": "12207174", "content": "小鸡！get daze！"}, {"uid": "11762060", "content": "懂了，小鸡就是从精灵球扔出来的"}, {"uid": "28582428", "content": "可爱"}, {"uid": "363935885", "content": "uyu把我抓回家吧！！"}, {"uid": "6860838", "content": "不愧是小鸡公主！"}, {"uid": "87694207", "content": "pokemon get daze"}, {"uid": "42915277", "content": "好可爱，打一拳会嘤嘤哭还是哇哇哭呢"}, {"uid": "363935885", "content": "双厨狂喜"}, {"uid": "4718031", "content": "【可爱吧 真的非常谢谢呢】"}, {"uid": "38419012", "content": "这个好厉害"}, {"uid": "2811742", "content": "可爱"}, {"uid": "285683", "content": "可爱啊"}, {"uid": "620547701", "content": "可爱！"}, {"uid": "11635848", "content": "看有人气的视频吧。现在流行能火"}, {"uid": "49810010", "content": "可爱"}, {"uid": "23185455", "content": "可爱"}, {"uid": "143643221", "content": "你喜欢黑色的锅还是粉色的锅（"}, {"uid": "20430240", "content": "可爱！"}, {"uid": "87694207", "content": "大眼睛pulingpuling"}, {"uid": "38419012", "content": "好可爱"}, {"uid": "81393893", "content": "可爱"}, {"uid": "9109870", "content": "可爱"}, {"uid": "179917852", "content": "哇哦"}, {"uid": "12207174", "content": "太强了"}, {"uid": "381922777", "content": "这个好可爱！"}, {"uid": "13106096", "content": "可爱呀"}, {"uid": "4718031", "content": "【这个非常可爱呢】"}, {"uid": "11762060", "content": "哇，太可爱了，这个"}, {"uid": "1683284", "content": "可爱"}, {"uid": "291676", "content": "好可爱"}, {"uid": "22267791", "content": "这个好可爱"}, {"uid": "28582428", "content": "(⊙o⊙)哇"}, {"uid": "276325770", "content": "可愛呀"}, {"uid": "422586341", "content": "小鸡看过jojo吗？（￣▽￣）"}, {"uid": "28820431", "content": "好看"}, {"uid": "363935885", "content": "好可爱这个！！"}, {"uid": "87694207", "content": "卡哇伊ฅฅ*"}, {"uid": "9109870", "content": "壳子"}, {"uid": "332495419", "content": "好可爱"}, {"uid": "128990483", "content": "这个可爱"}, {"uid": "363935885", "content": "我也！"}, {"uid": "38419012", "content": "小鸟又可爱又温柔"}, {"uid": "49810010", "content": "可爱"}, {"uid": "4718031", "content": "【很可爱呢】"}, {"uid": "157855544", "content": "她真的..太温柔了 我哭死"}, {"uid": "37942899", "content": "我可以猜"}, {"uid": "13106096", "content": "这游戏确实适合"}, {"uid": "363935885", "content": "uyu的每个皮都好好看呜呜呜"}, {"uid": "8051192", "content": "只看日语里的汉字能大概懂"}, {"uid": "4718031", "content": "【那样大家就不懂了 所以算了吧】"}, {"uid": "38419012", "content": "小鸟要不要用日语玩"}, {"uid": "87694207", "content": "uyu玩的开心就好(°∀°)ﾉ"}, {"uid": "4718031", "content": "【很帅呢】"}, {"uid": "363935885", "content": "被片哥入侵也是一种进步（）"}, {"uid": "11762060", "content": "侧面说明小鸡人气高了，才有片哥"}, {"uid": "37942899", "content": "用日语吧"}, {"uid": "27040737", "content": "大公鸡很帅"}, {"uid": "178827550", "content": "我很纯洁的"}, {"uid": "393114", "content": "有片哥了，小鸡也有人气了，感动"}, {"uid": "4718031", "content": "【但是中文了看不懂呢】"}, {"uid": "20430240", "content": "那用日语吧"}, {"uid": "10821345", "content": "只有人气高的才有片哥"}, {"uid": "179917852", "content": "哈"}, {"uid": "36485809", "content": "还没有房管吗？"}, {"uid": "178827550", "content": "我就说个名"}, {"uid": "4718031", "content": "【为了UYU做的游戏呢】"}, {"uid": "87694207", "content": "uyu也有片哥来了"}, {"uid": "11635848", "content": "啊我去，这什么阴间游戏"}, {"uid": "13068079", "content": "这也有片哥嘛？"}, {"uid": "10821345", "content": "小鸡火辣"}, {"uid": "381922777", "content": "就离谱，这都有片哥"}, {"uid": "12207174", "content": "片哥上个舰"}, {"uid": "252763208", "content": "草"}, {"uid": "253164441", "content": "哇 片哥都来了"}, {"uid": "34359261", "content": "有房管吗？"}, {"uid": "345707445", "content": "这都来？"}, {"uid": "2176423", "content": "片哥别走，上个舰吧"}, {"uid": "13106096", "content": "小鸡也能有片哥来了吗"}, {"uid": "87694207", "content": "好消息还是坏消息"}, {"uid": "2357393", "content": "片哥上舰！"}, {"uid": "184730691", "content": "这也有片哥离谱"}, {"uid": "20430240", "content": "不是吧 这也能来"}, {"uid": "345707445", "content": "？"}, {"uid": "82348601", "content": "片哥"}, {"uid": "13106096", "content": "？"}, {"uid": "36485809", "content": "？"}, {"uid": "24908717", "content": "？？？"}, {"uid": "28582428", "content": "片哥"}, {"uid": "42481744", "content": "片哥，草"}, {"uid": "34359261", "content": "？"}, {"uid": "350714431", "content": "房管干活！"}, {"uid": "4718031", "content": "【是 稍微有点贵呢】"}, {"uid": "363935885", "content": "？"}, {"uid": "38419012", "content": "？"}, {"uid": "381922777", "content": "片哥?"}, {"uid": "20430240", "content": "?"}, {"uid": "4718031", "content": "【好有意思啊】"}, {"uid": "332495419", "content": "鸡哥的声音好棒啊"}, {"uid": "20430240", "content": "这鸡居然和鹿一样大"}, {"uid": "422586341", "content": "70￥有些贵呀！"}, {"uid": "38419012", "content": "鸡哥好帅啊哈哈哈"}, {"uid": "9109870", "content": "steam 公鸡侦探 70元 有简体中文"}, {"uid": "253164441", "content": "お休み"}, {"uid": "253164441", "content": "I am so tired  寝るに行く"}, {"uid": "15657278", "content": "晚安uyu，piiiii"}, {"uid": "11762060", "content": "我之前没完全懂剧情，现在可以懂了"}, {"uid": "285636435", "content": "(°∀°)ﾉ"}, {"uid": "422586341", "content": "突然一下失误了"}, {"uid": "422586341", "content": "因为异世界所以看到其他攻击"}, {"uid": "9063998", "content": "晚安哦公主大人"}, {"uid": "11028398", "content": "piiii"}, {"uid": "4718031", "content": "【开个新游戏吧】"}, {"uid": "8051192", "content": "草"}, {"uid": "11762060", "content": "贴心，竟然是中文的字幕，爱你"}, {"uid": "435814669", "content": "简体看懂了的吗"}, {"uid": "4718031", "content": "【好帅呢】"}, {"uid": "15657278", "content": "马蒂鸡和桑尼鸡"}, {"uid": "38419012", "content": "小鸟玩同类的游戏"}, {"uid": "354352863", "content": "好家伙"}, {"uid": "187389", "content": "草"}, {"uid": "280392008", "content": "piii"}, {"uid": "386432", "content": "ww"}, {"uid": "13068079", "content": "草"}, {"uid": "49810010", "content": "这鸡好酷啊"}, {"uid": "4718031", "content": "【这游戏好有趣的】"}, {"uid": "87694207", "content": "看uyu的同类"}, {"uid": "27926434", "content": "好帅的鸡"}, {"uid": "28820431", "content": "我去"}, {"uid": "276325770", "content": "wwwww"}, {"uid": "11012567", "content": "帅鸡"}, {"uid": "422586341", "content": "小鸡喜欢玩中国的游戏吗？"}, {"uid": "38419012", "content": "草"}, {"uid": "184730691", "content": "厉害了，真是公鸡啊"}, {"uid": "22267791", "content": "专属游戏"}, {"uid": "4718031", "content": "【这个游戏UYU相当喜欢】"}, {"uid": "28582428", "content": "wwww"}, {"uid": "1443188926", "content": "这只鸡能买回家吗"}, {"uid": "1683284", "content": "草"}, {"uid": "761193", "content": "草"}, {"uid": "27926434", "content": "鸡哥"}, {"uid": "345707445", "content": "好家伙"}, {"uid": "128990483", "content": "草"}, {"uid": "20430240", "content": "草"}, {"uid": "74928521", "content": "还真是鸡啊"}, {"uid": "9109870", "content": "草"}, {"uid": "15657278", "content": "草"}, {"uid": "11762060", "content": "果然，是大公鸡侦探"}, {"uid": "169373279", "content": "这眼神很呆萌（￣▽￣）"}, {"uid": "661388", "content": "草"}, {"uid": "184730691", "content": "╮(￣▽￣)╭"}, {"uid": "13106096", "content": "第一次看uyu玩游戏的样子"}, {"uid": "208052250", "content": "uyu，晚安安(￣3￣)"}, {"uid": "208439", "content": "有个游戏是大白鹅模拟器"}, {"uid": "422586341", "content": "“我是一只鸽子”她玩的是这个游戏"}, {"uid": "106211437", "content": "还自带翻译的吗哈哈哈"}, {"uid": "22267791", "content": "piiiii是3d游戏吗"}, {"uid": "13106096", "content": "好耶"}, {"uid": "4718031", "content": "【这游戏很有趣】"}, {"uid": "87694207", "content": "神奇的游戏"}, {"uid": "81887075", "content": "今天真热闹啊"}, {"uid": "15657278", "content": "白切鸡，烤鸡，小鸡炖蘑菇"}, {"uid": "169934978", "content": "有谁那边有黄焖鸡的吗"}, {"uid": "280558873", "content": "piiiiiiii"}, {"uid": "24259504", "content": "口水鸡也不错"}, {"uid": "27926434", "content": "嘶溜"}, {"uid": "13106096", "content": "(〜￣△￣)〜"}, {"uid": "11762060", "content": "公鸡侦探？"}, {"uid": "169934978", "content": "我们这边水煮鸡很好吃"}, {"uid": "13106096", "content": "欢迎uyu来中国"}, {"uid": "15657278", "content": "还有辣子鸡"}, {"uid": "4718031", "content": "【稍等一下哦】"}, {"uid": "13106096", "content": "中国的鸡料理可多了"}, {"uid": "28582428", "content": "好像uyu玩过一个鸟类的gal"}, {"uid": "6860838", "content": "piiiiiiii"}, {"uid": "15657278", "content": "都是屁。。民"}, {"uid": "12207174", "content": "鹅"}, {"uid": "34380528", "content": "小鸡炖蘑菇一定很好吃吧"}, {"uid": "85285428", "content": "《我是鹅》（即答）"}, {"uid": "6918386", "content": "."}, {"uid": "208439", "content": "愤怒的小鸟"}, {"uid": "401427274", "content": "piiiiiii"}, {"uid": "184730691", "content": "话说有没有好玩的主角是鸟的游戏"}, {"uid": "49810010", "content": "漂亮"}, {"uid": "74928521", "content": "扔的是piiii民"}, {"uid": "38419012", "content": "小鸡太可爱了呜呜"}, {"uid": "4718031", "content": "【漂亮吧 红色的】"}, {"uid": "160983451", "content": "piiiiiiiiiiii"}, {"uid": "15657278", "content": "是小鸟不是小鸡"}, {"uid": "13106096", "content": "像游戏里那只鸟"}, {"uid": "11762060", "content": "小鸡投掷物"}, {"uid": "160983451", "content": "晚上好"}, {"uid": "87694207", "content": "是老婆(･∀･)"}, {"uid": "422586341", "content": "小鸡还玩过愤怒的小鸟？"}, {"uid": "13106096", "content": "Uyu红色衣服好看"}, {"uid": "325956050", "content": "piiiiiiiii～！"}, {"uid": "4718031", "content": "【不是食物啊】"}, {"uid": "88799364", "content": "piiii"}, {"uid": "187389", "content": "晚上好，来晚了"}, {"uid": "422586341", "content": "把本体扔过来给大家当食物，谢谢你小鸡"}, {"uid": "4718031", "content": "【那个很有趣呢 愤怒的小鸟】"}, {"uid": "67018042", "content": "晚上好呀"}, {"uid": "74928521", "content": "愤怒的小鸡"}, {"uid": "15657278", "content": "mua"}, {"uid": "219695", "content": "yes"}, {"uid": "375520958", "content": "piiiii"}, {"uid": "13106096", "content": "Uyu给大家来张床"}, {"uid": "20430240", "content": "屏幕里的公主"}, {"uid": "190101507", "content": "晚上好(*^▽^*)"}, {"uid": "782024", "content": "刚才谁朝我扔了只鸡？"}, {"uid": "548467033", "content": "好诶"}, {"uid": "93214", "content": "乌愈来唱歌吧"}, {"uid": "559631", "content": "晚上好"}, {"uid": "77286546", "content": "piiiii"}, {"uid": "4718031", "content": "【和大家稍微看了看小鸟门】"}, {"uid": "38419012", "content": "晚上好piiiiii"}, {"uid": "87694207", "content": "贴贴"}, {"uid": "11762060", "content": "今天就睡直播间了，不出去了"}, {"uid": "37942899", "content": "刚刚那是什么？？"}, {"uid": "57966", "content": "又被鸟砸了"}, {"uid": "4718031", "content": "【回来了】"}, {"uid": "87694207", "content": "晚上好，piiii"}, {"uid": "74928521", "content": "今晚睡这了"}, {"uid": "189028970", "content": "晚上好"}, {"uid": "4718031", "content": "【好厉害啊】"}, {"uid": "4718031", "content": "【祝好梦】"}, {"uid": "14505577", "content": "太生草了"}, {"uid": "13106096", "content": "摇起来了"}, {"uid": "44104629", "content": "おやすみなさい"}, {"uid": "20430240", "content": "创意十足啊"}, {"uid": "400475682", "content": "晚安uyu，我先睡了，晚安"}, {"uid": "23185455", "content": "同化80%"}, {"uid": "524284583", "content": "piii"}, {"uid": "4718031", "content": "【做这个的人真厉害呢 好有趣】"}, {"uid": "28582428", "content": "鸟国拳击手"}, {"uid": "379866372", "content": "成精了"}, {"uid": "422586341", "content": "鸟类公主下凡听民间乐音(⌒▽⌒)"}, {"uid": "11762060", "content": "确实，制作的人真的厉害"}, {"uid": "28582428", "content": "鸟类王国知名乐队组合"}, {"uid": "184730691", "content": "乐队"}, {"uid": "32992818", "content": "这视频做的真有才"}, {"uid": "63317076", "content": "鬼才"}, {"uid": "42481744", "content": "好可爱"}, {"uid": "34896067", "content": "草"}, {"uid": "85285428", "content": "鸟国UYU城乐团（）"}, {"uid": "332495419", "content": "鸟类乐队"}, {"uid": "386432", "content": "ww"}, {"uid": "57233702", "content": "天秀"}, {"uid": "31856790", "content": "草"}, {"uid": "435814669", "content": "有创意"}, {"uid": "20430240", "content": "这视频真是人才"}, {"uid": "38106574", "content": "草"}, {"uid": "4718031", "content": "【Uyu王国的日常】"}, {"uid": "6210158", "content": "同类才能理解的世界"}, {"uid": "524284583", "content": "草"}, {"uid": "13024389", "content": "草"}, {"uid": "422586341", "content": "看来还有人记得小鸡曾经说过她喜欢吃鸡肉"}, {"uid": "9109870", "content": "看到uyu洗澡了，好h"}, {"uid": "9534124", "content": "召唤华农 ，这只小鸡不行了"}, {"uid": "42481744", "content": "哈哈哈哈"}, {"uid": "21856894", "content": "女儿阿！在熬夜你就秃了"}, {"uid": "20430240", "content": "uyu是长了手的鸟啊"}, {"uid": "32992818", "content": "UYU的日常"}, {"uid": "42481744", "content": "草"}, {"uid": "13024389", "content": "烤鸡，好吃"}, {"uid": "4718031", "content": "【我懂得 这种感觉】"}, {"uid": "1541381", "content": "www"}, {"uid": "288296233", "content": "哈哈哈"}, {"uid": "12207174", "content": "Wwwwwwww"}, {"uid": "2357393", "content": "哈哈哈哈"}, {"uid": "4718031", "content": "【这就是UYU的日常呢】"}, {"uid": "13106096", "content": "Uyu会吃同类"}, {"uid": "290770140", "content": "只是看到乌愈开心我就已经很幸福了！"}, {"uid": "13024389", "content": "鸟语"}, {"uid": "20430240", "content": "草"}, {"uid": "82399285", "content": "草"}, {"uid": "11762060", "content": "哈哈哈哈哈哈"}, {"uid": "22267791", "content": "xs"}, {"uid": "1312433810", "content": "Piiiiii"}, {"uid": "13106096", "content": "Uyu来了，大家赶紧跑"}, {"uid": "32992818", "content": "piiipiiii"}, {"uid": "287803376", "content": "草"}, {"uid": "2772954", "content": "哈哈哈哈"}, {"uid": "13024389", "content": "piiiiiii"}, {"uid": "2176423", "content": "鸟国日常还行"}, {"uid": "2357393", "content": "草"}, {"uid": "436932847", "content": "鸡也是鸟类啊"}, {"uid": "36510233", "content": "草，你们都推荐了啥啊"}, {"uid": "422586341", "content": "同传因为不会鸟语，从而停止思考（￣▽￣）"}, {"uid": "95744291", "content": "同类交流中"}, {"uid": "95744291", "content": "tonei"}, {"uid": "157855544", "content": "uyu不休息吗 日本那边挺晚了吧"}, {"uid": "959964377", "content": "好好好"}, {"uid": "11762060", "content": "鸟类王国的日常场景"}, {"uid": "51213476", "content": "关于鸡在看鸟类整活这当事"}, {"uid": "28582428", "content": "哈哈哈哈"}, {"uid": "20430240", "content": "太怪了 好可爱啊"}, {"uid": "12207174", "content": "草"}, {"uid": "436932847", "content": "ありがとうございます"}, {"uid": "524284583", "content": "同传man裂开"}, {"uid": "36258277", "content": "同传不会鸟语啊"}, {"uid": "17985613", "content": "谁会鸟语翻译一下"}, {"uid": "39754580", "content": "快翻译一下"}, {"uid": "20430240", "content": "wwww"}, {"uid": "436932847", "content": "鳥の鳴き声がわかりました。"}, {"uid": "128990483", "content": "已经超出人类理解的范畴"}, {"uid": "27040737", "content": "《动物世界》"}, {"uid": "9109870", "content": "同传呢，同传救一下啊，快翻译下鸟语"}, {"uid": "345707445", "content": "语言还是学的少了"}, {"uid": "23185455", "content": "《走进自然》"}, {"uid": "4718031", "content": "（？？？？）"}, {"uid": "415388505", "content": "鳥の音"}, {"uid": "11762060", "content": "同传快翻译"}, {"uid": "51213476", "content": "鸡！！！！"}, {"uid": "36510233", "content": "太草了"}, {"uid": "57233702", "content": "同传表示翻译不了"}, {"uid": "2761517", "content": "小时候好喜欢杜鹃鸟的叫声，咕咕咕咕"}, {"uid": "128990483", "content": "？"}, {"uid": "436932847", "content": "鳥の言葉に精通していますか。"}, {"uid": "36510233", "content": "雄鸟呼叫老婆的意思好家伙"}, {"uid": "2176423", "content": "同传阵亡"}, {"uid": "23185455", "content": "鸟语N1"}, {"uid": "332495419", "content": "鸟语大师"}, {"uid": "73856508", "content": "翻译：明天和我结婚"}, {"uid": "3494435", "content": "鸟语10级？"}, {"uid": "422586341", "content": "鸟语十级(⌒▽⌒)"}, {"uid": "782024", "content": "尝试与外国的鸟类进行交流"}, {"uid": "2176423", "content": "鸟语精通还行"}, {"uid": "436932847", "content": "模倣しようとする"}, {"uid": "49810010", "content": "精通鸟语"}, {"uid": "11762060", "content": "我听懂了，是求偶的声音"}, {"uid": "11028398", "content": "好家伙，哪个是乌愈"}, {"uid": "5743909", "content": "wwwwww"}, {"uid": "22267791", "content": "看来同是鸟类听得懂呢"}, {"uid": "422586341", "content": "小鸡也是鸟啊！同一个概念啊！(･∀･)"}, {"uid": "184730691", "content": "这样的模仿会损伤嗓子吗"}, {"uid": "69581345", "content": "好家伙"}, {"uid": "11028398", "content": "我也分不清了"}, {"uid": "35422409", "content": "   刚进来。发生了什么？"}, {"uid": "23185455", "content": "《百鸟朝凤》"}, {"uid": "2176423", "content": "学鸟语还行"}, {"uid": "20430240", "content": "哈哈哈 学的好像啊 口技直播"}, {"uid": "13965427", "content": "翻译一下呀？"}, {"uid": "36510233", "content": "好像是求偶"}, {"uid": "355859", "content": "鸟语"}, {"uid": "28582428", "content": "分不清视频和uyu了"}, {"uid": "157855544", "content": "可爱"}, {"uid": "9964794", "content": "_(:3」∠)_"}, {"uid": "157855544", "content": "哈哈哈哈哈哈"}, {"uid": "13106096", "content": "拜托uyu翻译一下呀"}, {"uid": "436932847", "content": "これは鳥の鳴き声の全集です"}, {"uid": "11762060", "content": "哈哈哈哈哈哈"}, {"uid": "28820431", "content": "奇怪的鸟"}, {"uid": "4718031", "content": "【这是UYU呢】"}, {"uid": "27040737", "content": "？？？"}, {"uid": "23185455", "content": "进鸟园了"}, {"uid": "524284583", "content": "哈哈哈哈哈哈哈"}, {"uid": "11028398", "content": "乌愈啊，他们在说啥啊"}, {"uid": "422586341", "content": "DD们切片了吗？"}, {"uid": "12207174", "content": "画面没了"}, {"uid": "13106096", "content": "《天籁之音》"}, {"uid": "9534124", "content": "uyu変な知識が増えました"}, {"uid": "30013101", "content": "一起说话，指一起鸟叫"}, {"uid": "20430240", "content": "？怎么做到的"}, {"uid": "12207174", "content": "？？？？"}, {"uid": "289461176", "content": "www"}, {"uid": "60428475", "content": "晚安uyu和大家！"}, {"uid": "24399549", "content": "？？？"}, {"uid": "436932847", "content": "イギリスのオウムだ"}, {"uid": "4530797", "content": "www"}, {"uid": "36510233", "content": "竹鸡"}, {"uid": "4718031", "content": "【吓一跳】"}, {"uid": "153736", "content": "奇怪的知识增加了"}, {"uid": "2357393", "content": "wwww"}, {"uid": "782024", "content": "鹦鹉之间相互教脏话"}, {"uid": "12207174", "content": "请看这个！BV1yC4y1H7HV"}, {"uid": "441962252", "content": "草"}, {"uid": "4718031", "content": "【UYU上新闻了】"}, {"uid": "22267791", "content": "晚上好"}, {"uid": "22267791", "content": "piiiiii"}, {"uid": "37942899", "content": "这个视频是说几只鹦鹉互相教脏话"}, {"uid": "9922976", "content": "这播放动不动就上亿"}, {"uid": "29794114", "content": "草"}, {"uid": "289461176", "content": "uyu听得懂吗"}, {"uid": "38964216", "content": "草"}, {"uid": "40234684", "content": "希望明年能在BML上看见乌愈"}, {"uid": "381922777", "content": "CCTV"}, {"uid": "782024", "content": "草"}, {"uid": "28582428", "content": "没有翻译uyu看不懂"}, {"uid": "184730691", "content": "CCTV可还行"}, {"uid": "2357393", "content": "哈哈哈，这个看过"}, {"uid": "289461176", "content": "草"}, {"uid": "20430240", "content": "草"}, {"uid": "81614539", "content": "央视我笑了"}, {"uid": "28820431", "content": "这标题"}, {"uid": "357719", "content": "╮(￣▽￣)╭"}, {"uid": "81614539", "content": "草"}, {"uid": "661388", "content": "草"}, {"uid": "290770140", "content": "乌愈是我见过最可爱的女孩子!"}, {"uid": "12207174", "content": "看这个"}, {"uid": "37942899", "content": "我这里还好"}, {"uid": "12207174", "content": "BV1yC4y1H7HV"}, {"uid": "4718031", "content": "【好可爱呢】"}, {"uid": "422586341", "content": "我这里好卡啊！"}, {"uid": "2265612", "content": "Hhhhhh"}, {"uid": "4718031", "content": "【不会错的】"}, {"uid": "81614539", "content": "草哈哈"}, {"uid": "4718031", "content": "【这就是UYU呢】"}, {"uid": "13106096", "content": "Uyu 天才"}, {"uid": "291676", "content": "大狗鸟喝小狗鸡"}, {"uid": "157855544", "content": "uyu在后仰吗"}, {"uid": "29794114", "content": "机翻是啥啊草"}, {"uid": "436932847", "content": "無効なコミュニケーション"}, {"uid": "422586341", "content": "小鸡有没有兴趣开一集吃播？(°∀°)ﾉ"}, {"uid": "184730691", "content": "鹦鹉养起来还是挺麻烦的"}, {"uid": "38377219", "content": "乌愈，dddddddd"}, {"uid": "290770140", "content": "乌愈太可爱辣!!!"}, {"uid": "63317076", "content": "草"}, {"uid": "2761517", "content": "原来uyu是八哥"}, {"uid": "436932847", "content": "くうかんこうりゅう"}, {"uid": "20430240", "content": "小鸡真是语言天才（"}, {"uid": "4718031", "content": "【汪汪 嗷呜】"}, {"uid": "524284583", "content": "和小鸡公主一样哈哈哈"}, {"uid": "81614539", "content": "奶 uyu 奶"}, {"uid": "49810010", "content": "在交流吗"}, {"uid": "394186398", "content": "完全一致"}, {"uid": "422586341", "content": "产生了共鸣反应(･∀･)"}, {"uid": "29794114", "content": "嗷嗷"}, {"uid": "2357393", "content": "uyu的小狗"}, {"uid": "11762060", "content": "用鸟也可以守门了"}, {"uid": "94128501", "content": "完全一致"}, {"uid": "2176423", "content": "虚空交流"}, {"uid": "11028398", "content": "天才小鸡"}, {"uid": "34388930", "content": "（￣▽￣）"}, {"uid": "23185455", "content": "完全一致"}, {"uid": "782024", "content": "我也会这么叫"}, {"uid": "436932847", "content": "インコがせいせいした"}, {"uid": "94128501", "content": "鸟国耻辱"}, {"uid": "524284583", "content": "哈哈哈哈"}, {"uid": "13106096", "content": "天才"}, {"uid": "5311501", "content": "哈哈哈哈哈哈哈"}, {"uid": "28820431", "content": "狗叫的鸟"}, {"uid": "12207174", "content": "那里"}, {"uid": "27040737", "content": "下面有个蓝色的按钮"}, {"uid": "12207174", "content": "弹"}, {"uid": "253164441", "content": "不在那里"}, {"uid": "37942899", "content": "点一下"}, {"uid": "2357393", "content": "这有啥，UYU也会"}, {"uid": "4718031", "content": "【是哪个啊】"}, {"uid": "13106096", "content": "弹"}, {"uid": "5311501", "content": "哈哈哈哈哈哈哈哈"}, {"uid": "20430240", "content": "这鹦鹉wwww"}, {"uid": "13106096", "content": "蓝色的"}, {"uid": "37942899", "content": "下面那个蓝蓝的"}, {"uid": "60428475", "content": "这叫声？？"}, {"uid": "436932847", "content": "BV1a54y1L7h5"}, {"uid": "4718031", "content": "【不知道怎么关弹幕】"}, {"uid": "363935885", "content": "好漂亮我受不了了呜呜呜"}, {"uid": "11028398", "content": "这是鸟是狗啊"}, {"uid": "2176423", "content": "这是狗吧？"}, {"uid": "291676", "content": "是鸟是狗"}, {"uid": "2761517", "content": "草"}, {"uid": "81614539", "content": "这怎么翻译"}, {"uid": "11762060", "content": "会狗叫啊，这鸟"}, {"uid": "363935885", "content": "这个衣服！"}, {"uid": "631018782", "content": "众所周知鸡跟鸟是同类（￣▽￣）"}, {"uid": "11028398", "content": "？？"}, {"uid": "184730691", "content": "弹幕关掉吧"}, {"uid": "422586341", "content": "不行，我有点困"}, {"uid": "37942899", "content": "弹幕有点碍眼"}, {"uid": "2265612", "content": "没声hhh"}, {"uid": "11762060", "content": "日本的bilibili"}, {"uid": "4718031", "content": "【翻译一下】"}, {"uid": "2265612", "content": "【给大家翻译一下】"}, {"uid": "60428475", "content": "（￣▽￣）pii"}, {"uid": "4718031", "content": "【给大家翻一下】"}, {"uid": "27040737", "content": "晚上好！"}, {"uid": "9109870", "content": "看 都可以看"}, {"uid": "2761517", "content": "这个可爱啊，"}, {"uid": "12207174", "content": "弹幕是可以关掉的"}, {"uid": "422586341", "content": "piiiiii"}, {"uid": "9826153", "content": "嘟嘟嘟嘟嘟"}, {"uid": "422586341", "content": "鸡看猫？(°∀°)ﾉ"}, {"uid": "17985613", "content": "可爱"}, {"uid": "23185455", "content": "wwwwwww"}, {"uid": "33325788", "content": "wwwww"}, {"uid": "29794114", "content": "流体猫猫"}, {"uid": "2761517", "content": "她刷起来了，明天见"}, {"uid": "9109870", "content": "www"}, {"uid": "157855544", "content": "哈哈哈哈好可爱啊uyu"}, {"uid": "16995962", "content": "ｈｈｈｈ草"}, {"uid": "11762060", "content": "众所周知，猫是液体"}, {"uid": "436932847", "content": "あなたも私の手に横になってもいいですか"}, {"uid": "2265612", "content": "？？？"}, {"uid": "1913480847", "content": "有猫饼"}, {"uid": "341560498", "content": "哈哈哈"}, {"uid": "287803376", "content": "？"}, {"uid": "13106096", "content": "那么可爱，一定很好吃吧"}, {"uid": "11762060", "content": "？"}, {"uid": "1913480847", "content": "哈哈"}, {"uid": "42915277", "content": "这原来是个营销号的视频啊"}, {"uid": "863762", "content": "太可爱了"}, {"uid": "1913480847", "content": "摸摸uyu"}, {"uid": "11762060", "content": "听话又可爱，还好吃"}, {"uid": "8213297", "content": "没几两肉"}, {"uid": "652249347", "content": "bigger video plz"}, {"uid": "9109870", "content": "可爱"}, {"uid": "85285428", "content": "她晃起来了"}, {"uid": "56327792", "content": "突然饿了"}, {"uid": "631018782", "content": "好可爱啊小鸡,,Ծ^Ծ,,"}, {"uid": "8213297", "content": "煲汤吧"}, {"uid": "1913480847", "content": "摸摸"}, {"uid": "53706463", "content": "挺无情的卡哇伊机器"}, {"uid": "9534124", "content": "これは烏羽の日常行為?"}, {"uid": "17666808", "content": "因为会熟"}, {"uid": "524284583", "content": "可爱"}, {"uid": "451131769", "content": "。，。"}, {"uid": "291676", "content": "红烧应该好吃"}, {"uid": "13106096", "content": "呆呆的"}, {"uid": "73943847", "content": "打卡"}, {"uid": "436932847", "content": "Uyuの仲間が発見した。"}, {"uid": "1913480847", "content": "晚上好"}, {"uid": "332495419", "content": "晚上好"}, {"uid": "2265612", "content": "【可爱可爱可爱】"}, {"uid": "11762060", "content": "文鸟！特别安静的！"}, {"uid": "3098779", "content": "今天唱歌么？"}, {"uid": "182028487", "content": "piiiiiiiiiiiiiiiiiii"}, {"uid": "17060383", "content": "猪突猛进"}, {"uid": "2265612", "content": "【应该也不是可爱吧…？】"}, {"uid": "11762060", "content": "笑死了，我这个也看了好多好多遍"}, {"uid": "3725651", "content": "小鸡晚上好"}, {"uid": "2265612", "content": "【嗯…是说可爱吗？】"}, {"uid": "4718031", "content": "【可爱】"}, {"uid": "184730691", "content": "观看时关弹幕可能会更好"}, {"uid": "17060383", "content": "学说话？学鸡说话！"}, {"uid": "287803376", "content": "草"}, {"uid": "128990483", "content": "哈哈哈"}, {"uid": "2357393", "content": "麦香鸡www"}, {"uid": "436932847", "content": "Uyu发现同类"}, {"uid": "327180036", "content": "哈哈"}, {"uid": "2176423", "content": "完美"}, {"uid": "44958843", "content": "这下尬了"}, {"uid": "10420596", "content": "草"}, {"uid": "747098", "content": "草"}, {"uid": "514191336", "content": "弹幕关了吧"}, {"uid": "436932847", "content": "吃不完带走"}, {"uid": "8213297", "content": "请打开麦克风交流"}, {"uid": "60428475", "content": "离谱"}, {"uid": "17060383", "content": "搁着学说话来了emmm"}, {"uid": "231136", "content": "ｗｗｗｗｗｗｗ"}, {"uid": "205075", "content": "这好像是鸟类的通病来着？"}, {"uid": "2477205", "content": "本体吗"}, {"uid": "386432", "content": "草"}, {"uid": "13106096", "content": "毕竟uyu是公主"}, {"uid": "51286444", "content": "（￣▽￣）（￣▽￣）"}, {"uid": "13106096", "content": "这叫探寻民间生活"}, {"uid": "2357393", "content": "套环呢"}, {"uid": "422733189", "content": "这就是uyu本体吗"}, {"uid": "4718031", "content": "【可爱】"}, {"uid": "2761517", "content": "梅开二度"}, {"uid": "2176423", "content": "带上了！"}, {"uid": "29794114", "content": "草"}, {"uid": "2265612", "content": "草"}, {"uid": "44958843", "content": "？"}, {"uid": "524284583", "content": "？？！！"}, {"uid": "29872878", "content": "经典永流传"}, {"uid": "20430240", "content": "草"}, {"uid": "290803324", "content": "小鸡看小鸡"}, {"uid": "88548530", "content": "草"}, {"uid": "422586341", "content": "小鸡看小鸡(･∀･)"}, {"uid": "291676", "content": "什么东西哈哈哈"}, {"uid": "205075", "content": "草"}, {"uid": "9109870", "content": "草"}, {"uid": "12207174", "content": "我推荐的！"}, {"uid": "28820431", "content": "？？！？？！"}, {"uid": "23185455", "content": "草"}, {"uid": "2357393", "content": "我已经开始笑了"}, {"uid": "487397377", "content": "www"}, {"uid": "2772954", "content": "草"}, {"uid": "12207174", "content": "Hhhhhhhhhh"}, {"uid": "2265612", "content": "【想给大家看下】"}, {"uid": "11762060", "content": "wwwww"}, {"uid": "4718031", "content": "【大家一起看看吧】"}, {"uid": "2357393", "content": "草"}, {"uid": "524284583", "content": "老板大气"}, {"uid": "350714431", "content": "老板大气"}, {"uid": "436932847", "content": "但说实话"}, {"uid": "8213297", "content": "好怪"}, {"uid": "85285428", "content": "谷歌翻译名词的时候都是随机抓取对应词的（"}, {"uid": "441162159", "content": "好耶！我花一个小时打死了11只蚊子！"}, {"uid": "422733189", "content": "uyu可以说喜欢我吗"}, {"uid": "29872878", "content": "晚上好！(･∀･)"}, {"uid": "8213297", "content": "！"}, {"uid": "20430240", "content": "打中文吧 有机翻的（"}, {"uid": "4718031", "content": "【稍等一下哦】"}, {"uid": "29872878", "content": "piiiiii"}, {"uid": "524284583", "content": "哈哈哈哈"}, {"uid": "4718031", "content": "【额 去哪里了】"}, {"uid": "28820431", "content": "哈哈哈"}, {"uid": "2357393", "content": "为什么生草机写的是骑士"}, {"uid": "4718031", "content": "【给大家看看小鸡】"}, {"uid": "350714431", "content": "菲尼克斯！"}, {"uid": "404128161", "content": "ハハ可愛い"}, {"uid": "8213297", "content": "擅长打鸣的母鸡可不常见"}, {"uid": "436932847", "content": "除非上船"}, {"uid": "350714431", "content": "uyu是凤凰哒！"}, {"uid": "9534124", "content": "母鸡呀"}, {"uid": "49810010", "content": "是小鸡"}, {"uid": "363935885", "content": "piii！"}, {"uid": "422733189", "content": "uyu的本体"}, {"uid": "38377219", "content": "乌愈是公鸡还是母鸡呀"}, {"uid": "436932847", "content": "20个"}, {"uid": "4718031", "content": "【UYU是小鸡】"}, {"uid": "8213297", "content": "啥品种的鸟呀"}, {"uid": "88502057", "content": "我永远喜欢羽澄照乌愈"}, {"uid": "661388", "content": "毕竟乌愈是天才"}, {"uid": "13106096", "content": "Uyu大好き！"}, {"uid": "524284583", "content": "好厉害！名字完全说对了！"}, {"uid": "85884290", "content": "晚上好"}, {"uid": "9534124", "content": "ひよこは企業に入りますか?"}, {"uid": "422733189", "content": "uyu的本体长什么样呀"}, {"uid": "4718031", "content": "【我是鸟】"}, {"uid": "60428475", "content": "今天的uyu也是最可爱的！"}, {"uid": "363935885", "content": "乌愈太棒太漂亮了呜呜呜"}, {"uid": "4718031", "content": "【小鸡没唱过呢】"}, {"uid": "28582428", "content": "uyu的拼音已经很好了呢"}, {"uid": "36014602", "content": "打卡"}, {"uid": "524284583", "content": "piiii"}, {"uid": "4718031", "content": "【小明 谢谢】"}, {"uid": "167228694", "content": "piiii！"}, {"uid": "291075204", "content": "混入其中"}, {"uid": "356902396", "content": "piiiiiiiiiiiii"}, {"uid": "4718031", "content": "【所以 还好了】"}, {"uid": "178896509", "content": "piiiiii"}, {"uid": "11762060", "content": "I see，支持uyu的决定！"}, {"uid": "422586341", "content": "蜜雪冰城甜蜜蜜，小鸡有唱过吗？"}, {"uid": "28582428", "content": "兴趣使然的uyu"}, {"uid": "4718031", "content": "【我不想那样】"}, {"uid": "22670918", "content": "1"}, {"uid": "31856790", "content": "最喜欢了"}, {"uid": "11762060", "content": "bilibili流行三种语言混合直播"}, {"uid": "8778512", "content": "Piiiii"}, {"uid": "23182260", "content": "哈哈"}, {"uid": "361033321", "content": "uyu！喜欢！"}, {"uid": "4971312", "content": "他心里有我"}, {"uid": "4971312", "content": "他心里因"}, {"uid": "13106096", "content": "Uyu可以三国语言直播"}, {"uid": "23697497", "content": "←◡←"}, {"uid": "60428475", "content": "imissyou"}, {"uid": "28582428", "content": "uyu最终的决定就是保持个人势"}, {"uid": "381875994", "content": "piiiiii"}, {"uid": "4718031", "content": "【你爱我？是的】"}, {"uid": "217744", "content": "摸摸小鸡"}, {"uid": "400475682", "content": "uyu拒绝了企业势"}, {"uid": "28582428", "content": "uyu在之前粉丝少的时候会觉得很艰难吗"}, {"uid": "436932847", "content": "we will support you"}, {"uid": "123287848", "content": "晚上好"}, {"uid": "11762060", "content": "摸摸头，心疼你"}, {"uid": "85285428", "content": "所以uyu最后的决定是什么？"}, {"uid": "89706707", "content": "You love me"}, {"uid": "35429680", "content": "pilll"}, {"uid": "398495700", "content": "piiiiiii"}, {"uid": "350714431", "content": "叫对名字了，就是一个切片了，老板快上！"}, {"uid": "375520958", "content": "piiiii！"}, {"uid": "89706707", "content": "i love you"}, {"uid": "363935885", "content": "大家都听到了嗷 乌愈最喜欢我了"}, {"uid": "94128501", "content": "这个皮笑起来露齿，笑容看着好爽朗"}, {"uid": "422733189", "content": "啊，不得了，突然觉得uyu好可爱"}, {"uid": "3384706", "content": "晚上好piiiii"}, {"uid": "2265612", "content": "【我也考虑了好久，也哭了好几次】"}, {"uid": "422586341", "content": "文昌鸡、宫保鸡丁、干锅鸡、三杯鸡、大盘鸡"}, {"uid": "8126357", "content": "U’re the best."}, {"uid": "36049133", "content": "auto 哈哈哈哈"}, {"uid": "49810010", "content": "最喜欢乌愈了"}, {"uid": "14505577", "content": "我也喜欢你"}, {"uid": "4718031", "content": "【UYU想了好久】"}, {"uid": "27523096", "content": "打错了，piiiii"}, {"uid": "20430240", "content": "我也喜欢你"}, {"uid": "285683", "content": "又被叫错名字了"}, {"uid": "9109870", "content": "我也喜欢你"}, {"uid": "8213297", "content": "这名字咋读"}, {"uid": "2265612", "content": "【真的说，我喜欢大家】"}, {"uid": "4324179", "content": "watashimo"}, {"uid": "4718031", "content": "【最喜欢大家了】"}, {"uid": "27523096", "content": "pillll"}, {"uid": "86514212", "content": "自动翻译？"}, {"uid": "28820431", "content": "老板大气"}, {"uid": "2176423", "content": "这个名字，哈哈"}, {"uid": "350714431", "content": "老板大气"}, {"uid": "13106096", "content": "Uyu is the best name"}, {"uid": "20430240", "content": "现在也很可爱啊"}, {"uid": "400475682", "content": "黄色的那个被子更可爱"}, {"uid": "417026871", "content": "老板大气"}, {"uid": "9948774", "content": "谢谢你 uyu"}, {"uid": "49810010", "content": "汪汪汪汪汪！！！"}, {"uid": "8126357", "content": "A whole new person？？"}, {"uid": "2265612", "content": "【我不想要换皮和名字！！】"}, {"uid": "28582428", "content": "穿上睡衣，准备睡觉了"}, {"uid": "436932847", "content": "加油"}, {"uid": "13641530", "content": "(⌒▽⌒)"}, {"uid": "2357393", "content": "wwww"}, {"uid": "28820431", "content": "刚才紫色是什么"}, {"uid": "12207174", "content": "uyu以后会做3D模型吗"}, {"uid": "3616391", "content": "（￣▽￣）"}, {"uid": "29794114", "content": "doggyiiiiii"}, {"uid": "4718031", "content": "【大家好 我叫UYU汪】"}, {"uid": "17007091", "content": "小狗？"}, {"uid": "13106096", "content": "还挺齐全"}, {"uid": "85285428", "content": "更换了模型又更换了名字，那岂不是等于重生"}, {"uid": "20430240", "content": "安全气囊（"}, {"uid": "37942899", "content": "今天晚上有什么安排呀"}, {"uid": "3459390", "content": "确实，抛弃现在的皮和名字就相当于销声匿迹"}, {"uid": "128990483", "content": "啊这"}, {"uid": "17007091", "content": "kawaii"}, {"uid": "1295863", "content": "（￣▽￣）"}, {"uid": "4718031", "content": "【那个。。】"}, {"uid": "400475682", "content": "重新开始肯定很难的"}, {"uid": "28582428", "content": "什么东西？！"}, {"uid": "661388", "content": "日常事故（1/1）"}, {"uid": "4718031", "content": "【稍等下 不是这个】"}, {"uid": "6962983", "content": "うゆちゃん頑張って、応援します！"}, {"uid": "11762060", "content": "改变自己名字，和model ？肯定很难过"}, {"uid": "4718031", "content": "【如果我加入企业的 不止皮名字也要改变】"}, {"uid": "13106096", "content": "No！"}, {"uid": "514191336", "content": "成立自己的公司吧！"}, {"uid": "128990483", "content": "懂了"}, {"uid": "28582428", "content": "成立自己的公司wwww"}, {"uid": "52605347", "content": "加油！"}, {"uid": "4718031", "content": "【如果我加入企业 我就不得不换皮了】"}, {"uid": "85285428", "content": "这个皮确实挺可爱的"}, {"uid": "11762060", "content": "你可以三种语言都说(中,日，英)"}, {"uid": "4718031", "content": "【我喜欢我的PI】"}, {"uid": "8126357", "content": "来晚了"}, {"uid": "14146176", "content": "晚上好"}, {"uid": "6210158", "content": "uyu是肯德基派还是麦当劳派"}, {"uid": "163688479", "content": "用英说吧"}, {"uid": "13106096", "content": "皮不变uyu还是想有更好发展的"}, {"uid": "4718031", "content": "【UYU的味道？】"}, {"uid": "400475682", "content": "来一首青鸟咋样"}, {"uid": "436932847", "content": "be a personal model"}, {"uid": "417026871", "content": "今天直播啊，刚刚打开就看到了"}, {"uid": "39754580", "content": "。。。"}, {"uid": "9109870", "content": "都很可爱"}, {"uid": "13106096", "content": "主要问题还是皮"}, {"uid": "422733189", "content": "uyu的味道怎么样？"}, {"uid": "514191336", "content": "日语好"}, {"uid": "27675223", "content": "找找lnga聊聊？"}, {"uid": "11360156", "content": "晚上好"}, {"uid": "415115793", "content": "开心就好"}, {"uid": "4718031", "content": "【我不喜欢改变我的皮】"}, {"uid": "86514212", "content": "来了"}, {"uid": "661388", "content": "我选c"}, {"uid": "9109870", "content": "理解"}, {"uid": "135679243", "content": "理解理解"}, {"uid": "312939952", "content": "Piiiiiii～"}, {"uid": "22205", "content": "来晚了！"}, {"uid": "8213297", "content": "OK，为了各位老公，我选择留在这"}, {"uid": "253164441", "content": "全然 理解できる"}, {"uid": "1312433810", "content": "打工是不会打工的"}, {"uid": "4718031", "content": "【所以我就放弃了】"}, {"uid": "325956050", "content": "来啦"}, {"uid": "4718031", "content": "【那样我们就不能像现在一样聊天】"}, {"uid": "12016700", "content": "。"}, {"uid": "28582428", "content": "可以试试其他的公司呢"}, {"uid": "4324179", "content": "Ok ok"}, {"uid": "13106096", "content": "这是最狠的"}, {"uid": "165573128", "content": "爱了爱了爱了爱了"}, {"uid": "436932847", "content": "yes"}, {"uid": "363935885", "content": "迪士尼在逃公主"}, {"uid": "4718031", "content": "【你知道 我不带想改变我的皮和直播】"}, {"uid": "8267700", "content": "OK"}, {"uid": "363935885", "content": "六语小鸡suki！！"}, {"uid": "165573128", "content": "⊙∀⊙！，不用勉强自己"}, {"uid": "363935885", "content": "呆毛煮熟了肯定很好吃吧（）"}, {"uid": "8901297", "content": "。"}, {"uid": "8213297", "content": "_(:3」∠)_"}, {"uid": "253164441", "content": "ok"}, {"uid": "44958843", "content": "中国时间都11点了"}, {"uid": "400475682", "content": "要不然语言交流障碍"}, {"uid": "381922777", "content": "毕竟11点多了，人少点"}, {"uid": "165573128", "content": "口头禅了"}, {"uid": "400475682", "content": "其实在b站直播的话，得学会中文才行"}, {"uid": "436932847", "content": "speak English"}, {"uid": "415115793", "content": "呆毛摇来摇去的"}, {"uid": "4718031", "content": "【用日语写弹幕 谢谢了】"}, {"uid": "165573128", "content": "uyu，小时候到底经历了什么，piii都"}, {"uid": "385087642", "content": "晚上好啊，uyu"}, {"uid": "57252452", "content": "piiii"}, {"uid": "13106096", "content": "完全不好用"}, {"uid": "44104629", "content": "こんばんは"}, {"uid": "291676", "content": "晚上好！piii"}, {"uid": "5211117", "content": "kwii"}, {"uid": "2176423", "content": "还以为呆毛已经成熟了"}, {"uid": "17666808", "content": "鸡翅真好吃"}, {"uid": "14112487", "content": "晚上好，好久不见piiiii"}, {"uid": "165573128", "content": "piiiii"}, {"uid": "30013101", "content": "这个翻译机好用吗"}, {"uid": "436932847", "content": "疑是银河落九天"}, {"uid": "363935885", "content": "皇冠乌愈！"}, {"uid": "129337317", "content": "周五人少"}, {"uid": "49810010", "content": "乌愈最棒了！"}, {"uid": "661388", "content": "哈哈哈哈 秒带上"}, {"uid": "436932847", "content": "飞流直下三千尺"}, {"uid": "36049133", "content": "晚向好，谢谢你来砍我昂hhhhh"}, {"uid": "363935885", "content": "！"}, {"uid": "58316", "content": "（￣▽￣）"}, {"uid": "363935885", "content": "五万粉冲鸭！？"}, {"uid": "11762060", "content": "矫正器没了，是不是说明uyu长大了"}, {"uid": "436932847", "content": "母鸡司晨"}, {"uid": "89706707", "content": "因为是老公啊"}, {"uid": "36510233", "content": "好兄弟！？"}, {"uid": "475402559", "content": "piiiiiiiii"}, {"uid": "356638898", "content": "晚上好"}, {"uid": "52837138", "content": "哔哔哔"}, {"uid": "2265612", "content": "【像男孩子一样为什么？】"}, {"uid": "4718031", "content": "【像男孩子一样？为什么啊】"}, {"uid": "661388", "content": "帅气的行为！"}, {"uid": "21457232", "content": "可爱的叫声"}, {"uid": "363935885", "content": "想一直听uyu鸡叫（）"}, {"uid": "44958843", "content": "suki"}, {"uid": "11762060", "content": "特别喜欢，很可爱的皮"}, {"uid": "2265612", "content": "【我自己也很喜欢的】"}, {"uid": "38377219", "content": "乌愈这种时候就像是男孩子一样呢"}, {"uid": "4718031", "content": "【这个小鸡爱死了？谢谢】"}, {"uid": "94128501", "content": "piiii"}, {"uid": "29794114", "content": "突然打鸣"}, {"uid": "616788753", "content": "笑起来太可爱了"}, {"uid": "287803376", "content": "现在最好看！"}, {"uid": "4718031", "content": "【这形象很合适？谢谢】"}, {"uid": "436932847", "content": "现在这个挺好的"}, {"uid": "57966", "content": "现在这个形象非常好哦"}, {"uid": "422733189", "content": "我真是爱死这只小鸡了"}, {"uid": "64319541", "content": "按自己喜欢的来就好啦～(￣▽￣～)"}, {"uid": "363935885", "content": "uyu的鸡叫是不会被换皮影响辨识度的（）"}, {"uid": "436932847", "content": "弹幕这个是机翻吗"}, {"uid": "13106096", "content": "总之支持uyu就对啦(°∀°)ﾉ"}, {"uid": "6210158", "content": "uyu这形象挺合适的"}, {"uid": "2357393", "content": "主要就是不想换皮"}, {"uid": "28582428", "content": "uyu的衣服似乎很多啊"}, {"uid": "94128501", "content": "进企业后还可以用旧皮播吗，企业管不到旧皮"}, {"uid": "422586341", "content": "可可爱爱，做你自己就可以了"}, {"uid": "24259504", "content": "而且企业的话很容易被无辜牵连"}, {"uid": "436932847", "content": "听不懂"}, {"uid": "4718031", "content": "【不太想换皮啊 uyu就是Uyua1】"}, {"uid": "347374197", "content": "こんばんは"}, {"uid": "400475682", "content": "企业势确实要求太多了"}, {"uid": "208439", "content": "企业势就要换皮了"}, {"uid": "436932847", "content": "piiiiii"}, {"uid": "94128501", "content": "企业是有整体规划的"}, {"uid": "661388", "content": "帅气帅气"}, {"uid": "24259504", "content": "不过说真的，我竟然感觉我大部分都能听懂…"}, {"uid": "3459390", "content": "能被企业相中说明有能力，成为个人也不会差"}, {"uid": "28820431", "content": "piiiii"}, {"uid": "4718031", "content": "【所以拒绝了】"}, {"uid": "4718031", "content": "【没有寂寞的是吧】"}, {"uid": "165573128", "content": "终于有粉丝牌了（￣▽￣）"}, {"uid": "4718031", "content": "【寂寞？什么事很寂寞啊】"}, {"uid": "31793189", "content": "机翻很捞的。一眼就能看出来哈哈哈"}, {"uid": "350714431", "content": "理解不能（小鸡限定）jpg"}, {"uid": "13106096", "content": "机器翻译生草"}, {"uid": "6210158", "content": "要是日本还理解，但海外有这规矩就挺怪的"}, {"uid": "101348446", "content": "吼吼吼（￣▽￣）"}, {"uid": "390629573", "content": "晚上好 pili"}, {"uid": "13106096", "content": "笑死"}, {"uid": "38377219", "content": "乌愈自己播的话会不会很寂寞"}, {"uid": "4718031", "content": "【没看懂】"}, {"uid": "22006200", "content": "机器翻译看不懂哈哈哈哈哈"}, {"uid": "6210158", "content": "是挺奇怪的"}, {"uid": "363935885", "content": "怪起来了"}, {"uid": "3272604", "content": "不是日本又不能在b站播?"}, {"uid": "12207174", "content": "鸭＝呀"}, {"uid": "157855544", "content": "uyu那边已经要12点了吧"}, {"uid": "24259504", "content": "不是日本的，那估计是vshoujo？"}, {"uid": "15445444", "content": "日本的小公司企业势感觉不值得去做"}, {"uid": "13106096", "content": "不是日本公司吗"}, {"uid": "6210158", "content": "不是日本公司吗？这样啊"}, {"uid": "363935885", "content": "我也喜欢uyu！！"}, {"uid": "2265612", "content": "【不能说是哪里的公司，但是不是日本的】"}, {"uid": "38377219", "content": "喜欢乌愈"}, {"uid": "6210158", "content": "我也喜欢你"}, {"uid": "354024052", "content": "piiiiii"}, {"uid": "39253793", "content": "piiii"}, {"uid": "6210158", "content": "话说，是哪家公司要请你"}, {"uid": "4718031", "content": "（话说现在是不是小闪电停发了）"}, {"uid": "343553615", "content": "piiiii"}, {"uid": "354024052", "content": "皮iiiiii?"}, {"uid": "28450000", "content": "大家好这是我老婆"}, {"uid": "3459390", "content": "B站的奇迹是偶然，加入企业恐怕也无法复制"}, {"uid": "14112487", "content": "晚上好"}, {"uid": "2957060", "content": "piiiiiiiiiiiiiiii"}, {"uid": "343553615", "content": "开心快乐就好"}, {"uid": "89706707", "content": "有趣的中之人万里挑一"}, {"uid": "4718031", "content": "【UYU完全不累啊】"}, {"uid": "157855544", "content": "piiii"}, {"uid": "514191336", "content": "要是有人气的话，就可以签约了"}, {"uid": "2357393", "content": "保持自我挺好的"}, {"uid": "661388", "content": "不过乌愈已经做了选择 会支持你的"}, {"uid": "13106096", "content": "大丈夫"}, {"uid": "9169988", "content": "晚上好"}, {"uid": "89706707", "content": "好看的皮囊千篇一律"}, {"uid": "361033321", "content": "晚上好！"}, {"uid": "350714431", "content": "老板大气"}, {"uid": "363935885", "content": "有些助力也不用这么累了"}, {"uid": "87472798", "content": "wa ga da"}, {"uid": "350714431", "content": "挣钱的皮有什么好的，到处都是，还是小鸡好看"}, {"uid": "4159343", "content": "企业会提供更好的宣传，但是抽成也多"}, {"uid": "661388", "content": "【要预约所以不能做到每日直播】"}, {"uid": "354024052", "content": "piiiiiii?"}, {"uid": "381922777", "content": "小鸡今天说话好温柔呀"}, {"uid": "634945040", "content": "我来啦~"}, {"uid": "38377219", "content": "乌愈很温柔呀，对粉丝们"}, {"uid": "6210158", "content": "企业的皮或许更好，但资源会有很多影响"}, {"uid": "343553615", "content": "加油"}, {"uid": "343553615", "content": "按自己的喜好来最好"}, {"uid": "4159343", "content": "大家努力给小鸡在东京买套房"}, {"uid": "10952446", "content": "晚上好"}, {"uid": "76710965", "content": "我们都会陪着你"}, {"uid": "13106096", "content": "现在就很好啦"}, {"uid": "6210158", "content": "你的形象太合适你了"}, {"uid": "38377219", "content": "piiii～"}, {"uid": "661388", "content": "其实不管是个人还是企业 b站这边粉丝大多都是希望你过的更好"}, {"uid": "76710965", "content": "加油"}, {"uid": "279923705", "content": "こんばんは、はじめまして"}, {"uid": "4718031", "content": "【UYU还是想按照现在这个步调直播】"}, {"uid": "77286546", "content": "uyu加油"}, {"uid": "523240223", "content": "公主加油啊"}, {"uid": "3272604", "content": "你的外形好看，大家喜欢，保留住很好"}, {"uid": "23353808", "content": "加油加油"}, {"uid": "4718031", "content": "【UYU是个人势】"}, {"uid": "28582428", "content": "今天晚上是温柔的小鸡呢"}, {"uid": "1494311", "content": "来晚了来晚了"}, {"uid": "363935885", "content": "不管怎么样都希望小鸡能越来越好呀"}, {"uid": "422586341", "content": "好想为你充舰长，可惜我没有钱∽"}, {"uid": "4159343", "content": "piiii8"}, {"uid": "6210158", "content": "避免前世的瓜分这样"}, {"uid": "15445444", "content": "pii是企业势的吗"}, {"uid": "13106096", "content": "现在最可爱了哈"}, {"uid": "6210158", "content": "企业规矩都有这样规矩"}, {"uid": "13106096", "content": "不换不换"}, {"uid": "616788753", "content": "啊！我来晚了！"}, {"uid": "350714431", "content": "这么可爱的小鸡，不喜欢，理解不能"}, {"uid": "21457232", "content": "有同传的啊"}, {"uid": "400475682", "content": "而且皮什么的都要换掉，从新开始的"}, {"uid": "276325770", "content": "現在的是最可愛的"}, {"uid": "4718031", "content": "【UYU觉得现在这样就很好了】"}, {"uid": "49810010", "content": "我喜欢我的pi"}, {"uid": "400475682", "content": "毕竟换了企业势，就得接受别人的安排"}, {"uid": "12207174", "content": "我也喜欢现在的小鸡"}, {"uid": "661388", "content": "嗯嗯嗯 现在最可爱！"}, {"uid": "4718031", "content": "【要是不干了 就很对不起他们】"}, {"uid": "52605347", "content": "晚上好"}, {"uid": "4718031", "content": "【63的舰长呢】"}, {"uid": "661388", "content": "乌愈更想做自己的意思？"}, {"uid": "24442983", "content": "好可爱"}, {"uid": "31856790", "content": "piiii"}, {"uid": "661388", "content": "大概意思就是虽然合格了 但是不能在b站播+要换皮（大概）"}, {"uid": "4718031", "content": "【想和大家见面】"}, {"uid": "281167011", "content": "piiiii"}, {"uid": "46411311", "content": "加油啊 pii"}, {"uid": "274451876", "content": "晚上好"}, {"uid": "4718031", "content": "【B站最近才刚开始】"}, {"uid": "400475682", "content": "没事没事 只要能翻译大概就行了，学渣的恨"}, {"uid": "363935885", "content": "爱了"}, {"uid": "4718031", "content": "【B站最近没怎么直播不是吗】"}, {"uid": "6210158", "content": "很多企业势确实有这样规矩"}, {"uid": "40106452", "content": "没有公司"}, {"uid": "363935885", "content": "不管多少遍我还是要说 这身衣服的小鸡太可"}, {"uid": "351501010", "content": "这下听不懂了"}, {"uid": "4718031", "content": "（我只能翻点听得懂的）"}, {"uid": "6210158", "content": "是哪家公司的？"}, {"uid": "422586341", "content": "辛苦了，这么晚了还直播"}, {"uid": "400475682", "content": "有同传不"}, {"uid": "6210158", "content": "晚上好"}, {"uid": "477988690", "content": "可爱即正义~~"}, {"uid": "7454324", "content": "_(:3 ⌒ﾞ)_"}, {"uid": "350714431", "content": "老板大气"}, {"uid": "360497068", "content": "老婆！"}, {"uid": "422586341", "content": "可爱即正义√"}, {"uid": "4718031", "content": "【谢谢一南】"}, {"uid": "363935885", "content": "可爱即正义~~"}, {"uid": "3272604", "content": "好辛苦啊 三栖小鸡"}, {"uid": "4718031", "content": "【但是呢】"}, {"uid": "46411311", "content": "晚上好piiii"}, {"uid": "87055958", "content": "乌愈，しゅつげき！"}, {"uid": "4718031", "content": "【之前面试来着 合格了】"}, {"uid": "8519568", "content": "三个平台uyu辛苦了"}, {"uid": "40106452", "content": "晚上好"}, {"uid": "362846613", "content": "晚上好"}, {"uid": "523240223", "content": "晚上好"}, {"uid": "4718031", "content": "【是说Y台和T台】"}, {"uid": "407217061", "content": "吃人"}, {"uid": "13932999", "content": "UYU"}, {"uid": "179515180", "content": "发现老公"}, {"uid": "360497068", "content": "piiiiiiiiiiiiii"}, {"uid": "4718031", "content": "【B站是没啥事的】"}, {"uid": "477988690", "content": "感谢野生字幕菌"}, {"uid": "89706707", "content": "好想要之前的那个钥匙扣啊"}, {"uid": "3459390", "content": "赶上了，晚上好！"}, {"uid": "431368878", "content": "piiii！"}, {"uid": "350714431", "content": "群里全是dd，没有组（吃人"}, {"uid": "407217061", "content": "(-^〇^-)"}, {"uid": "363935885", "content": "让！她！吃！人！"}, {"uid": "77286546", "content": "辛苦了"}, {"uid": "36628793", "content": "prprprprprprprprprpr"}, {"uid": "3272604", "content": "辛苦了，翻译，剪辑都是自己吗"}, {"uid": "422586341", "content": "野生字幕君，谢谢"}, {"uid": "7063947", "content": "Piiiiiii"}, {"uid": "20430240", "content": "原来没有字幕组吗"}, {"uid": "11048346", "content": "piiiiii！"}, {"uid": "4718031", "content": "【现在全都是自己在做的】"}, {"uid": "296520142", "content": "piiii"}, {"uid": "436932847", "content": "piiiiiiiii"}, {"uid": "20333759", "content": "我爱你"}, {"uid": "4718031", "content": "【想要个经纪人】"}, {"uid": "36049133", "content": "piii"}, {"uid": "4530797", "content": "www"}, {"uid": "97243427", "content": "piiiiiii"}, {"uid": "363935885", "content": "晚上好！！"}, {"uid": "430952653", "content": "晚上好"}, {"uid": "25110913", "content": "晚上好"}, {"uid": "293470670", "content": "好耶"}, {"uid": "21457232", "content": "晚上好"}, {"uid": "108597031", "content": "pilll"}, {"uid": "188748726", "content": "piiiiiiiiii"}, {"uid": "36129235", "content": "来了"}, {"uid": "57966", "content": "发生了什么"}, {"uid": "422586341", "content": "可爱！！！"}, {"uid": "26392", "content": "晚上好"}, {"uid": "424700", "content": "Uyu晚上好~"}, {"uid": "20430240", "content": "uyu语速太快了www"}, {"uid": "253164441", "content": "因为好吃"}, {"uid": "89706707", "content": "谨防新型网络诈骗（bushi"}, {"uid": "3272604", "content": "啊大佬来了"}, {"uid": "87055958", "content": "想听“ガンダム 出発”这样的羞耻台词ww"}, {"uid": "399895817", "content": "suki"}, {"uid": "77286546", "content": "彩虹sc好贵啊"}, {"uid": "49810010", "content": "彩虹"}, {"uid": "4530797", "content": "suki"}, {"uid": "470060402", "content": "piiii"}, {"uid": "3272604", "content": "现在没有同传大佬了吗"}, {"uid": "129337317", "content": "105！"}, {"uid": "57966", "content": "虹色sc，我们这边打还要贵好多"}, {"uid": "4718031", "content": "【之前那个彩虹色的SC真的太厉害了】"}, {"uid": "470060402", "content": "piiii"}, {"uid": "350714431", "content": "别动我dna，蜜城住嘴"}, {"uid": "253164441", "content": "鳥お姫様として なんて 鳥肉が好きですか"}, {"uid": "422586341", "content": "我爱你，你爱我(･∀･)"}, {"uid": "24455887", "content": "乌愈太可爱了"}, {"uid": "325978825", "content": "加油学中文，最大的障碍就是语音不通"}, {"uid": "477988690", "content": "你爱我 我爱你（"}, {"uid": "94128501", "content": "晚上好"}, {"uid": "82079461", "content": "喜欢"}, {"uid": "350714431", "content": "rua一口小鸡_(:3」∠)_"}, {"uid": "3272604", "content": "小鸟国现在已经晚上十一点半了"}, {"uid": "316557849", "content": "爱你"}, {"uid": "88247344", "content": "你喜欢吃什么"}, {"uid": "4311386", "content": "。"}, {"uid": "361331902", "content": "喜欢！"}, {"uid": "2559141", "content": "好耶！！！"}, {"uid": "13106096", "content": "虽然一直都是这么个阴间时间（￣▽￣）"}, {"uid": "40153880", "content": "晚上好piii"}, {"uid": "13106096", "content": "辛苦啦这么晚直播"}, {"uid": "185777", "content": "piiiiii"}, {"uid": "87055958", "content": "にわとりを焼く"}, {"uid": "40954872", "content": "piiiiiiii(°∀°)ﾉ"}, {"uid": "422586341", "content": "。。。"}, {"uid": "672398315", "content": "好！"}, {"uid": "31793189", "content": "你也辛苦了"}, {"uid": "89706707", "content": "好治愈"}, {"uid": "18539372", "content": "（￣▽￣）"}, {"uid": "253164441", "content": "我喜欢吃鸡肉"}, {"uid": "277664089", "content": "她说她喜欢我，她心里有我"}, {"uid": "422586341", "content": "好！"}, {"uid": "259312964", "content": "她喜欢我，她心里有我"}, {"uid": "325978825", "content": "她喜欢我，她心里有我！！"}, {"uid": "20430240", "content": "www辛苦了"}, {"uid": "95744291", "content": "我也喜欢你！！"}, {"uid": "350714431", "content": "喜欢吃鸡肉jpg"}, {"uid": "355712374", "content": "蒙混过关"}, {"uid": "2513937", "content": "好！"}, {"uid": "3272604", "content": "中文很好啊，会看会说会读"}, {"uid": "6172387", "content": "好耶"}, {"uid": "253164441", "content": "鸡肉"}, {"uid": "661388", "content": "萌混过关"}, {"uid": "93214", "content": "这不是就一句嘛"}, {"uid": "49810010", "content": "很不错"}, {"uid": "77560788", "content": "初見、可愛い、結婚"}, {"uid": "7187324", "content": "o"}, {"uid": "26696829", "content": "piiiiiiii"}, {"uid": "31793189", "content": "中文好多了"}, {"uid": "10583934", "content": "可爱"}, {"uid": "2761517", "content": "我听懂了！"}, {"uid": "173229133", "content": "晚上好"}, {"uid": "275657926", "content": "我来了"}, {"uid": "661388", "content": "一点点~"}, {"uid": "13106096", "content": "来啦uyu！！"}, {"uid": "57966", "content": "piiiiiiiii"}, {"uid": "11182453", "content": "  piii"}, {"uid": "477988690", "content": "uyu的中文练的怎么样了ww"}, {"uid": "325978825", "content": "初见，可爱，单推，烧水，拔毛，下锅，上桌"}, {"uid": "31793189", "content": "说话不用夹着。平常音就好了呢"}, {"uid": "93214", "content": "乌愈晚上会唱歌吗？"}, {"uid": "88247344", "content": "等一个调味"}, {"uid": "95744291", "content": "看起来就很好吃（雾"}, {"uid": "3272604", "content": "好看晚上好"}, {"uid": "31238369", "content": "晚上好！鸡老师！0.0"}, {"uid": "368032488", "content": "哈哈哈"}, {"uid": "89706707", "content": "木有uyu的日子我要死啦"}, {"uid": "2513937", "content": "快五万了"}, {"uid": "60121335", "content": "晚上好"}, {"uid": "4427828", "content": "piiii"}, {"uid": "661388", "content": "好看好看！"}, {"uid": "357724792", "content": "(￣3￣)"}, {"uid": "93214", "content": "同传大佬速来救我"}, {"uid": "12207174", "content": "等一个野生同传"}, {"uid": "446596317", "content": "piiiiiiii"}, {"uid": "6172387", "content": "有同传大佬吗"}, {"uid": "325978825", "content": "初见，可爱，单挑"}, {"uid": "8213297", "content": "来个鸟语翻译"}, {"uid": "8519568", "content": "piiiiiiiiiiii"}, {"uid": "487115499", "content": "晚上好！！！"}, {"uid": "360388329", "content": "晚上好 piiii"}, {"uid": "277664089", "content": "晚上好"}, {"uid": "661388", "content": "谢谢你来看我~"}, {"uid": "490316143", "content": "原来10：30才是晚上的开始"}, {"uid": "7746007", "content": "晚上好"}, {"uid": "26236404", "content": "晚上好"}, {"uid": "81887075", "content": "こんばんは"}, {"uid": "661388", "content": "是红色的新衣服！！！"}, {"uid": "16594995", "content": "来啦~"}, {"uid": "259312964", "content": "来了来了"}, {"uid": "11887978", "content": "piiiiiii"}, {"uid": "259312964", "content": "来了来了"}, {"uid": "12207174", "content": "公主换装中"}, {"uid": "46378818", "content": "piiiiiiiiiii"}, {"uid": "26236404", "content": "piiii"}, {"uid": "8823344", "content": "来了来了"}, {"uid": "87055958", "content": "大鸡宝卡哇伊"}, {"uid": "26236404", "content": "piiii"}, {"uid": "361391590", "content": "piiiiiiiiiiiii"}, {"uid": "93214", "content": "来了来了"}, {"uid": "29564444", "content": "piiiii"}, {"uid": "519594362", "content": "晚上好哦！"}, {"uid": "89706707", "content": "啊啊啊啊啊啊啊啊"}, {"uid": "487115499", "content": "piiiiiiiii"}, {"uid": "487115499", "content": "我来了！"}, {"uid": "12753092", "content": "piiiii"}, {"uid": "661388", "content": "piiiiiiiiii"}, {"uid": "345707445", "content": "来了"}, {"uid": "12207174", "content": "很喜庆"}, {"uid": "17985613", "content": "来了"}, {"uid": "296905979", "content": "晚上好"}, {"uid": "8540019", "content": "こんばんpiiiii"}, {"uid": "350235131", "content": "晚上好"}, {"uid": "89706707", "content": "哇，新衣服吗？"}, {"uid": "12207174", "content": "是没见过的衣服！"}, {"uid": "353114854", "content": "pii  pi  pi  pi"}, {"uid": "384818562", "content": "piiii"}, {"uid": "31793189", "content": "晚上好呢晚上好"}, {"uid": "49810010", "content": "超可爱"}, {"uid": "13751492", "content": "晚上好piiiiiiiiii"}, {"uid": "77488393", "content": "洋装好可爱啊啊啊"}, {"uid": "2064852173", "content": "こんばんは"}, {"uid": "49810010", "content": "晚上好"}, {"uid": "345707445", "content": "网上好"}, {"uid": "29794114", "content": "piiiiiii"}, {"uid": "20430240", "content": "晚上好 我的公主(〜￣△￣)〜"}, {"uid": "437111259", "content": "（￣▽￣）"}, {"uid": "276325770", "content": "Piiiiiiii"}, {"uid": "698112452", "content": "piiiiiiii"}, {"uid": "366134", "content": "Piiiiiii"}, {"uid": "353114854", "content": "piiiiiiii"}, {"uid": "453822302", "content": "晚上好"}, {"uid": "72788736", "content": "晚上好"}, {"uid": "277664089", "content": "piiii"}, {"uid": "3272604", "content": "晚上好"}, {"uid": "325978825", "content": "piiiiiiiiiiiiii"}, {"uid": "95744291", "content": "来了ohhhhhh"}, {"uid": "29794114", "content": "piiiiiiiiiiiii"}, {"uid": "12207174", "content": "Piiiiiiiiii"}, {"uid": "287803376", "content": "晚上好"}, {"uid": "276325770", "content": "很可愛"}, {"uid": "477988690", "content": "可爱"}, {"uid": "49810010", "content": "可爱"}, {"uid": "95744291", "content": "piiiiiiiii"}, {"uid": "95744291", "content": "晚好呀piiiiiiii"}, {"uid": "81887075", "content": "（￣▽￣）"}, {"uid": "81887075", "content": "我是屁"}, {"uid": "49810010", "content": "piiiiiiii"}, {"uid": "43492469", "content": "晚上好"}, {"uid": "437111259", "content": "piiiiiiiii"}, {"uid": "49810010", "content": "piiiiiiiiiiiiiii"}, {"uid": "1471168996", "content": "piiiii"}, {"uid": "95744291", "content": "好好看呀"}, {"uid": "57007759", "content": "piiiii"}, {"uid": "496000420", "content": "piiiiiii"}, {"uid": "77488393", "content": "piiiiiiiii"}, {"uid": "350714431", "content": "high！"}, {"uid": "94862443", "content": "晚上好"}, {"uid": "95744291", "content": "晚上好！！"}, {"uid": "184431778", "content": "piiiiiii"}, {"uid": "276325770", "content": "Piiiiiii"}, {"uid": "350714431", "content": "我直接好耶"}, {"uid": "6172387", "content": "新衣服？"}, {"uid": "661388", "content": "piiiiiiiiiiiiiiiiiii"}, {"uid": "325978825", "content": "怎么老是大晚上直播(〜￣△￣)〜"}, {"uid": "368032488", "content": "piiiiiiiiiiiiiiiii"}, {"uid": "23016125", "content": "piiiiiiiiiii！"}, {"uid": "442807156", "content": "piiiiiiiiii!"}, {"uid": "49810010", "content": "piiiiiiii"}, {"uid": "353114854", "content": "呜呼"}, {"uid": "403357840", "content": "晚上好"}, {"uid": "14941640", "content": "好看"}, {"uid": "165573128", "content": "晚上好"}, {"uid": "37942899", "content": "晚上好！"}, {"uid": "29794114", "content": "piiiiiiiii"}, {"uid": "477988690", "content": "piiiiiiii"}, {"uid": "24455887", "content": "piiiiiiiiiiii"}, {"uid": "88247344", "content": "烧鸡你好"}, {"uid": "3759292", "content": "晚上好"}, {"uid": "437111259", "content": "piiiiiii"}, {"uid": "276325770", "content": "晚上好"}, {"uid": "6172387", "content": "晚上好"}, {"uid": "95744291", "content": "piiiii"}, {"uid": "386432", "content": "piiiiiii！piiiiiii！"}, {"uid": "66958323", "content": "piiiii"}, {"uid": "87055958", "content": "烧鸡小可爱！"}, {"uid": "87055958", "content": "大鸡宝可爱！！"}, {"uid": "442807156", "content": "piiiiiiiiiii"}, {"uid": "89706707", "content": "piiiiiiiiiiiiiiiii"}, {"uid": "26160002", "content": "piiiiiii"}, {"uid": "686613265", "content": "piiiiiiiiiiiii"}, {"uid": "10552047", "content": "晚上好"}, {"uid": "20430240", "content": "piiiiii"}, {"uid": "384818562", "content": "piiiiiiiiii"}, {"uid": "14941640", "content": "piiii"}, {"uid": "276325770", "content": "好看"}, {"uid": "526773", "content": "好耶"}, {"uid": "526773", "content": "piiiiiiiiiii"}, {"uid": "16391204", "content": "晚上好"}, {"uid": "4006277", "content": "晚上好呀"}, {"uid": "29794114", "content": "咕咕"}, {"uid": "345707445", "content": "晚上好"}, {"uid": "26236404", "content": "piiii"}, {"uid": "12207174", "content": "晚上好！"}, {"uid": "8540019", "content": "Piiiii"}, {"uid": "16594995", "content": "晚上好"}, {"uid": "296905979", "content": "piiiiiiiii"}, {"uid": "43492469", "content": "晚上好"}, {"uid": "2811742", "content": "晚安piiiiiii！！！！！！"}, {"uid": "422586341", "content": "可爱可爱可爱可爱可爱可爱可爱可爱可爱可爱"}, {"uid": "33935601", "content": "晚上好piiiiiiiiiiiii"}, {"uid": "95744291", "content": "啊啊啊啊啊啊来了piiiii！"}]