[{"uid": "31641647", "content": "和自己斗智斗勇"}, {"uid": "1512927", "content": "妈呀这哭腔可爱炸了"}, {"uid": "436788410", "content": "日语是这四门语言里最好上手的吧（）"}, {"uid": "894840", "content": "原来这鸟也是个DD"}, {"uid": "379501968", "content": "pilllll"}, {"uid": "2693867", "content": "piiiiiiiiiii~"}, {"uid": "4548002", "content": "怪不得，英语说的那么没有日本味"}, {"uid": "193046600", "content": "哈哈哈哈，好可爱"}, {"uid": "224854416", "content": "摸摸手"}, {"uid": "45492", "content": "难怪唱英文歌没有口音"}, {"uid": "652633054", "content": "我和乌愈贴贴"}, {"uid": "1032536499", "content": "干他！"}, {"uid": "23838334", "content": "偶像WWWWW"}, {"uid": "142333226", "content": "不哭不哭，摸摸头~~~"}, {"uid": "142333226", "content": "？！"}, {"uid": "327212199", "content": "这老师太严厉了"}, {"uid": "5043517", "content": "my 森c 是什么语法。语言模块错乱了啊我的公主"}, {"uid": "230092665", "content": "哈哈哈"}, {"uid": "95744291", "content": "啄她！！"}, {"uid": "49050175", "content": "1分钟"}, {"uid": "549602076", "content": "草"}, {"uid": "1461416", "content": "Piiiiiiiiiiiiiiiiii"}, {"uid": "9212109", "content": "怪不得英语没有日本味儿"}, {"uid": "11758259", "content": "中文更难"}, {"uid": "95310198", "content": "可爱"}, {"uid": "4750540", "content": "坏女人"}, {"uid": "1032536499", "content": "中国欢迎你"}, {"uid": "21262290", "content": "五分钟热乎的"}, {"uid": "85285428", "content": "太师（）"}, {"uid": "488399083", "content": "刚刚来"}, {"uid": "100695733", "content": "公主的家教一定要严格一点哦piiiiii"}, {"uid": "2350991", "content": "真实"}, {"uid": "18377", "content": "不是岛国人？"}, {"uid": "15695780", "content": "卷起来了？"}, {"uid": "86211129", "content": "混装"}, {"uid": "441698", "content": "日语对于汉字圈算好学，但和其他的比就不算简单了"}]