[{"uid": "12593807", "content": "哈哈哈哈哈哈哈哈哈哈哈"}, {"uid": "12593807", "content": "哈哈哈哈"}, {"uid": "68198769", "content": "鸡？鸭？鸟？谢谢。。。。"}, {"uid": "266812299", "content": "草"}, {"uid": "382935386", "content": "太离谱了"}, {"uid": "88554321", "content": "害怕"}, {"uid": "31641647", "content": "萌混过关"}, {"uid": "11453613", "content": "我看v玩恐怖游戏也怕的要死"}, {"uid": "843125", "content": "dota2草，某种意义上来说的确是恐怖游戏（）"}, {"uid": "435300584", "content": "要打"}, {"uid": "400900493", "content": "京中有善口技者"}, {"uid": "122499636", "content": "ya↑da↓"}, {"uid": "11925939", "content": "哈哈哈哈哈哈"}, {"uid": "9601257", "content": "听前奏还以为网易云音乐在放，笑死"}, {"uid": "357971918", "content": "？？？"}, {"uid": "89588", "content": "到底是小鸡还是鸭鸭？"}, {"uid": "21033819", "content": "女鹅好可爱呀wwww"}, {"uid": "88454058", "content": "谁还记得恐怖游戏"}, {"uid": "389218203", "content": "????"}, {"uid": "412957936", "content": "音mad安排一下"}, {"uid": "446244", "content": "鸭达公主"}, {"uid": "240789580", "content": "xswl"}, {"uid": "6473948", "content": "草"}, {"uid": "631018782", "content": "鸡叫变鸭叫Ծ‸Ծ"}, {"uid": "299119665", "content": "哈哈"}, {"uid": "171504912", "content": "pien都害怕。。那确实是真的胆小了"}, {"uid": "379501968", "content": "牡蛎，鸭蛋"}, {"uid": "347825214", "content": "草"}, {"uid": "1655191", "content": "哇哇哇哇"}, {"uid": "122499636", "content": "小鸡变鸭子？？？"}, {"uid": "543947819", "content": "变成鸭了（悲）"}, {"uid": "71682028", "content": "鱼人语十级"}, {"uid": "435300584", "content": "要打"}, {"uid": "354181664", "content": "Piiii"}, {"uid": "3153180", "content": "你要这么说我还就一定要想法子让你玩了"}, {"uid": "21664327", "content": "唱起来了"}, {"uid": "354181664", "content": "唐老鸭？？？"}, {"uid": "2091174", "content": "变成了鸭子"}, {"uid": "194256548", "content": "？？"}, {"uid": "9255492", "content": "哈哈哈"}, {"uid": "2995971", "content": "可爱"}, {"uid": "435300584", "content": "要打"}, {"uid": "6455994", "content": "wwww"}, {"uid": "11925939", "content": "鸭鸭"}, {"uid": "102861942", "content": "有没有翻译官啊"}, {"uid": "89588", "content": "草"}, {"uid": "68198769", "content": "？？？？？？？？？？"}, {"uid": "300162", "content": "草"}, {"uid": "894840", "content": "hhhh"}, {"uid": "330649311", "content": "鸭大"}, {"uid": "354181664", "content": "鸭蛋鸭蛋"}, {"uid": "350712000", "content": "piiiiiiiiiii"}, {"uid": "304127071", "content": "？？？"}, {"uid": "407217061", "content": "来了"}, {"uid": "389218203", "content": "vanvanvnavanvna"}, {"uid": "288297574", "content": "草"}, {"uid": "363110053", "content": "？？？"}]