[{"uid": "230092665", "content": "牛逼啊卧槽"}, {"uid": "258991556", "content": "？？？？"}, {"uid": "36482488", "content": "这特效wow"}, {"uid": "10093770", "content": "这也太好听了吧？！！！"}, {"uid": "36662", "content": "豪华！"}, {"uid": "25136372", "content": "哈哈哈草"}, {"uid": "5676856", "content": "我免费！"}, {"uid": "5676856", "content": "ohhhhhhh"}, {"uid": "382935386", "content": "你的切片我都会好好去听的"}, {"uid": "150984298", "content": "ohh"}, {"uid": "80080500", "content": "草"}, {"uid": "2907955", "content": "小鸡公主好御姐啊！"}, {"uid": "546479218", "content": "正片开始"}, {"uid": "20872165", "content": "Profect"}, {"uid": "282203617", "content": "\\uyu/"}, {"uid": "239935695", "content": "累地沟累地沟"}, {"uid": "3034194", "content": "piiiiiiiii"}, {"uid": "3034194", "content": "太帅了鸡宝"}, {"uid": "179162519", "content": "可爱可爱 "}, {"uid": "6301", "content": "你是谁，你把小鸡丢哪里去了"}, {"uid": "407217061", "content": "小鸡早，冲5万"}, {"uid": "12159389", "content": "老婆！"}, {"uid": "400833355", "content": "可爱可爱"}, {"uid": "394009781", "content": "u1s1，确实强"}, {"uid": "93214", "content": "强"}, {"uid": "108597031", "content": "？？？"}, {"uid": "382935386", "content": "凤凰"}, {"uid": "3813268", "content": "suki"}, {"uid": "129136", "content": "谁？"}, {"uid": "10042939", "content": "刚刚那个mon"}, {"uid": "94146565", "content": "？是冰雪奇缘诶"}, {"uid": "36294254", "content": "好听耶"}, {"uid": "425618521", "content": "小鸡女王！"}, {"uid": "407217061", "content": "早"}, {"uid": "4530797", "content": "wwww"}]