[{"uid": "13284689", "content": "震惊（"}, {"uid": "364704015", "content": "你不是鸡吗怎么变成鸟了（doge）"}, {"uid": "5676856", "content": "宾斗？？"}, {"uid": "5676856", "content": "想吃谁吃谁是吧"}, {"uid": "197682661", "content": "点开uyu的视频发现满屏幕都只有两个字“吃鸡"}, {"uid": "3789279", "content": "高 压 统 治"}, {"uid": "8116446", "content": "这是真的，我外婆用吃剩的鸡肉和骨头去喂鸡"}, {"uid": "2357393", "content": "真的吗（恳求）"}, {"uid": "8091061", "content": "我说行就行，我就是规则哒"}, {"uid": "843125", "content": "请务必！"}, {"uid": "9212109", "content": "好家伙我吃我自己"}, {"uid": "4351655", "content": "好家伙"}, {"uid": "379501968", "content": "好家伙(✪▽✪)"}, {"uid": "14197525", "content": "养过鸡的表示说的对"}, {"uid": "355077", "content": "哈人"}, {"uid": "126196", "content": "咩"}, {"uid": "16104560", "content": "太黑暗了（"}, {"uid": "179162519", "content": "可爱可爱"}, {"uid": "468099", "content": "草"}, {"uid": "2450682", "content": "害怕w"}, {"uid": "184752", "content": "黑暗国度吧"}, {"uid": "12250614", "content": "黑 了"}, {"uid": "1507936", "content": "封建是吧"}, {"uid": "340224671", "content": "吃掉"}, {"uid": "319720", "content": "黑暗起来了吗"}, {"uid": "37334505", "content": "一分钟"}, {"uid": "305620213", "content": "为uyu献上心脏！"}, {"uid": "3834072", "content": "草"}, {"uid": "11440840", "content": "害怕"}, {"uid": "5076444", "content": "草"}, {"uid": "80558654", "content": "？？"}, {"uid": "31971405", "content": "奴隶社会"}, {"uid": "547527696", "content": "露露哇露露哒"}, {"uid": "244489061", "content": "可怕"}, {"uid": "91704080", "content": "来咯"}, {"uid": "2608934", "content": "是啊家里养鸡都知道吃剩下的基本都能喂鸡"}, {"uid": "16104560", "content": "请务必"}, {"uid": "476196093", "content": "草"}, {"uid": "407217061", "content": "？"}]