[{"uid": "12393800", "content": "？"}, {"uid": "544686083", "content": "i"}, {"uid": "8021583", "content": "wwww"}, {"uid": "11773507", "content": "好强啊"}, {"uid": "354181664", "content": "可爱捏"}, {"uid": "263259", "content": "这声音就离谱"}, {"uid": "33800310", "content": "阿姨洗铁路草"}, {"uid": "231667339", "content": "突然谢谢，吓我一跳"}, {"uid": "319720", "content": "哈哈哈哈哈"}, {"uid": "128559300", "content": "piiiiiiii"}, {"uid": "467078664", "content": "！！！！！！！"}, {"uid": "22521247", "content": "吓我一跳"}, {"uid": "4541181", "content": "草"}, {"uid": "4355117", "content": "Hhhhhhh"}, {"uid": "158640230", "content": "吓我一跳"}, {"uid": "16391204", "content": "太强了"}, {"uid": "179162519", "content": "好听好听！！！"}, {"uid": "59861", "content": "草"}, {"uid": "450220", "content": "草草草"}, {"uid": "232747", "content": "整的跟俩人似的……"}, {"uid": "11207100", "content": "suki~"}, {"uid": "204848512", "content": "强"}, {"uid": "2007142", "content": "好美"}, {"uid": "188966", "content": "草"}, {"uid": "3789279", "content": "转换厉害"}, {"uid": "420798", "content": "歌力太强"}, {"uid": "5269113", "content": "哈哈哈哈哈哈哈哈哈哈哈哈哈哈哈哈哈哈哈哈哈哈哈或或"}]