[{"uid": "11453613", "content": "腿长不一样(doge)"}, {"uid": "371223858", "content": "我选4（全部都要）"}, {"uid": "17416995", "content": "危险的发型"}, {"uid": "36277250", "content": "这123,属实潦草啊"}, {"uid": "502848155", "content": "333"}, {"uid": "107513312", "content": "1"}, {"uid": "9601257", "content": "2"}, {"uid": "645471253", "content": "腿是拿去做烤鸡腿了么"}, {"uid": "16312917", "content": "看起来有点勒脖子？"}, {"uid": "98473712", "content": "我全都要！"}, {"uid": "189175945", "content": "危险的发型"}, {"uid": "5409323", "content": "折中一下觉得2比较好"}, {"uid": "340224671", "content": "2"}, {"uid": "11306226", "content": "2"}, {"uid": "35305730", "content": "1"}, {"uid": "112776970", "content": "我选2"}, {"uid": "32072565", "content": "很危险的发型"}, {"uid": "507295719", "content": "可以（都）"}, {"uid": "35429680", "content": "我全要（震声）"}, {"uid": "28175721", "content": "2222"}, {"uid": "2000444", "content": "1好看啊"}, {"uid": "9212109", "content": "好耶"}, {"uid": "3583863", "content": "我全都要"}, {"uid": "288748436", "content": "好看哎，可爱小公主"}, {"uid": "190041323", "content": "3"}, {"uid": "285896718", "content": "3"}, {"uid": "80558654", "content": "感觉1好看，2好幼，看着反而像花童"}, {"uid": "108597031", "content": "22222"}, {"uid": "500508392", "content": "在你看到这条评论时你就不是第一了"}, {"uid": "107854746", "content": "1"}, {"uid": "36277250", "content": "兄弟们，语气都变了，你们不会不识抬举吧"}, {"uid": "179162519", "content": "可爱可爱"}, {"uid": "894840", "content": "1111"}, {"uid": "87091079", "content": "222222"}, {"uid": "22753531", "content": "确实"}, {"uid": "232621587", "content": "结婚"}, {"uid": "407217061", "content": "1"}, {"uid": "288748436", "content": "喜欢"}, {"uid": "2961896", "content": "1"}]