[{"uid": "689321040", "content": "很想要（指正）"}, {"uid": "438523884", "content": "马猴烧酒，"}, {"uid": "2000818", "content": "无情的卡哇伊机器"}, {"uid": "286974169", "content": "可爱w"}, {"uid": "286974169", "content": "确实每张都不错"}, {"uid": "402454881", "content": "无情的卡哇伊机器"}, {"uid": "225204516", "content": "好可爱www"}, {"uid": "81614539", "content": "草，无情的卡哇伊机器"}, {"uid": "244962", "content": "无情的卡哇伊机器("}, {"uid": "393114", "content": "就是本人（确信）"}, {"uid": "74169883", "content": "卡哇伊区UP主"}, {"uid": "141658", "content": "粉丝滤镜"}, {"uid": "379501968", "content": "咖哇姨"}, {"uid": "14505577", "content": "kawaii"}, {"uid": "35305730", "content": "piiii"}, {"uid": "92085704", "content": "不要钱的卡哇伊"}, {"uid": "13460804", "content": "无情的kawaii"}, {"uid": "189028970", "content": "哈哈哈哈"}, {"uid": "34372369", "content": "好危险的发型"}, {"uid": "509160711", "content": "piiiiiiii​！"}, {"uid": "259312964", "content": "无情的卡哇伊机器"}, {"uid": "24455887", "content": "piiiiiiiiiiiiiiii"}, {"uid": "17060383", "content": "声音太可爱了555"}, {"uid": "277836529", "content": "无情的卡哇伊怪  →_→"}, {"uid": "294103449", "content": "piiiii"}, {"uid": "90359282", "content": "哈哈哈哈"}, {"uid": "10610995", "content": "哈哈哈哈哈哈哈哈哈哈 同人逼死官方"}]