[{"uid": "269479533", "content": "好的老公（bushi）"}, {"uid": "363873958", "content": "我拿你当食物，你却想当我老公"}, {"uid": "293964189", "content": "一夫亿妻"}, {"uid": "179162519", "content": "太可爱了"}, {"uid": "62864531", "content": "你们都是我的翅膀"}, {"uid": "689321040", "content": "好的老公"}, {"uid": "36574138", "content": "好的，老公"}, {"uid": "10610995", "content": "这腿"}, {"uid": "86458", "content": "原来你才是海王"}, {"uid": "5043517", "content": "好的老公"}, {"uid": "169328778", "content": "标题离谱"}, {"uid": "32657054", "content": "反向DD"}, {"uid": "224854416", "content": "好哒老公"}, {"uid": "410751542", "content": "好的老公"}, {"uid": "10093770", "content": "我可以！"}, {"uid": "85489834", "content": "好的老婆"}, {"uid": "230092665", "content": "好的老公"}, {"uid": "29020876", "content": "好耶！"}, {"uid": "481952714", "content": "好的老公"}, {"uid": "349951055", "content": "好帅！"}, {"uid": "97645746", "content": "老公，我来啦"}, {"uid": "60391063", "content": "我来了老公"}, {"uid": "288659715", "content": "好好好好好"}, {"uid": "32663477", "content": "好的老公"}, {"uid": "283133341", "content": "好的老公"}, {"uid": "37089026", "content": "好的老公"}, {"uid": "225833195", "content": "好耶！"}, {"uid": "17205108", "content": "大叔？"}, {"uid": "379501968", "content": "好的 老公o(≧v≦)o"}, {"uid": "29872878", "content": "好耶"}, {"uid": "843125", "content": "好耶！"}, {"uid": "48228630", "content": "好的老公"}, {"uid": "645471253", "content": "老公！"}, {"uid": "2957060", "content": "piiiiiiiiii"}, {"uid": "506480347", "content": "刚刚"}, {"uid": "35568469", "content": "一夫一妻"}, {"uid": "10610995", "content": "？？？"}, {"uid": "16104560", "content": "老公"}, {"uid": "476196093", "content": "好"}, {"uid": "611115997", "content": "一分钟。"}, {"uid": "19038466", "content": "好的老公，没问题老公，什么时候领证啊老公"}]