[{"uid": "104393240", "content": "不愧是公主，这语言天赋点满了"}, {"uid": "290352964", "content": "真不错"}, {"uid": "407029906", "content": "这是本音"}, {"uid": "422469551", "content": "萌混过关"}, {"uid": "422469551", "content": "？？？"}, {"uid": "312264059", "content": "躲汉子行为？"}, {"uid": "286104", "content": "不错"}, {"uid": "406333873", "content": "唱回原形哈哈哈"}, {"uid": "8205405", "content": "？？？假日本人"}, {"uid": "350712000", "content": "piiiiiiiiiiiiiiiiiiiiiiiiiii"}, {"uid": "10093770", "content": "？？？"}, {"uid": "231667339", "content": "这普通话某种意义上比我标准"}, {"uid": "526284", "content": "惊了，这才多久"}, {"uid": "743127", "content": "？？？"}, {"uid": "28820431", "content": "好听好听打call"}, {"uid": "129337317", "content": "听着暖心的翻唱"}, {"uid": "4777328", "content": "母语唱歌"}, {"uid": "129337317", "content": "太强啦"}, {"uid": "8929233", "content": "哈哈，试图萌混过关"}, {"uid": "278954830", "content": "鸡言鸡语~~~~~~"}, {"uid": "288936652", "content": "试图萌混过关"}, {"uid": "288936652", "content": "好好听"}, {"uid": "17194837", "content": "好强，suki"}, {"uid": "511823483", "content": "萌混过关"}, {"uid": "8540019", "content": "？。？"}, {"uid": "312939952", "content": "爱了"}, {"uid": "9212109", "content": "我的天小鸡的语言天赋有点东西呀"}, {"uid": "88596436", "content": "いいね"}, {"uid": "258991556", "content": "牛逼了"}, {"uid": "112776970", "content": "pi混过关2333"}, {"uid": "349246084", "content": "离谱"}, {"uid": "1808632", "content": "哈哈哈哈哈哈"}, {"uid": "1808632", "content": "ohhhhhhhhhhh"}, {"uid": "37271298", "content": "不错"}, {"uid": "281258319", "content": "防伪标识"}, {"uid": "237892", "content": "？？？"}, {"uid": "21143310", "content": "虚拟杨丞琳"}, {"uid": "88596436", "content": "piiipiiipiii"}, {"uid": "87870884", "content": "？"}, {"uid": "232621587", "content": "好"}, {"uid": "28820431", "content": "？？哈哈哈"}, {"uid": "278954830", "content": "woc.......!!!!!!"}, {"uid": "278954830", "content": "!!!!!!"}, {"uid": "204246414", "content": "卧槽"}, {"uid": "2350991", "content": "强"}, {"uid": "57007759", "content": "？"}, {"uid": "88596436", "content": "uyu uyu uyu"}, {"uid": "407029906", "content": "这是本音唱歌吧 无语  乌羽"}, {"uid": "843125", "content": "hhhhhhh"}, {"uid": "237444719", "content": "uyu！！！"}, {"uid": "223673911", "content": "大威天龙"}, {"uid": "25594035", "content": "piiiiiiiiiiiii"}, {"uid": "2761517", "content": "太强了，太强了"}, {"uid": "407217061", "content": "已经很好了"}, {"uid": "27040737", "content": "绷不住"}, {"uid": "26541980", "content": "经典已经很好了"}, {"uid": "8519568", "content": "好听"}, {"uid": "26038184", "content": "？"}, {"uid": "8205405", "content": "日本人？假的吧"}, {"uid": "350712000", "content": "挺好的piiiiiiiiiiiiiiiiiiiii"}, {"uid": "269537818", "content": "\\uyu/\\uyu/\\uyu/\\uyu/\\uyu/\\uyu/\\uyu/\\uyu/\\uyu/\\uyu/\\uyu/\\uyu/"}]