[{"uid": "263259", "content": "好肥"}, {"uid": "38242335", "content": "肥美 烤了一定香"}, {"uid": "182374804", "content": "可爱"}, {"uid": "9212109", "content": "debu鸡石锤了"}, {"uid": "179162519", "content": "可爱可爱"}, {"uid": "2783748", "content": "看起来挺可爱（口）的"}, {"uid": "626710616", "content": "所以乌愈会影分身之术吗？"}, {"uid": "379886076", "content": "更违和了！"}, {"uid": "179162519", "content": "debu鸟ww"}, {"uid": "232621587", "content": "哈哈"}, {"uid": "179162519", "content": "好可爱w"}, {"uid": "24802683", "content": "看饿了"}, {"uid": "80558654", "content": "看起来挺好吃的（"}, {"uid": "366100853", "content": "草"}, {"uid": "7451642", "content": "???"}, {"uid": "224854416", "content": "可爱 肥美"}, {"uid": "76958508", "content": "这就是乌愈真正的姿态"}, {"uid": "3789279", "content": "？"}, {"uid": "476196093", "content": "可爱"}, {"uid": "302534621", "content": "我把它吃了"}, {"uid": "2941201", "content": "草"}, {"uid": "377111512", "content": "好耶！"}, {"uid": "895261", "content": "蚌埠住了"}, {"uid": "165435363", "content": "好胖……"}, {"uid": "351450320", "content": "可爱"}, {"uid": "232621587", "content": "快乐"}, {"uid": "1471168996", "content": "小鸟可爱w"}]