[{"uid": "1631806", "content": "？？？？？？？？？？"}, {"uid": "18513677", "content": "好听好听"}, {"uid": "49050175", "content": "好听"}, {"uid": "240789580", "content": "防伪标识"}, {"uid": "16535770", "content": "气息真的稳"}, {"uid": "15462284", "content": "虚拟杨丞琳"}, {"uid": "246214653", "content": "？？？？？！！！"}, {"uid": "12593807", "content": "怎么这里有点奇怪哈哈哈哈"}, {"uid": "28820431", "content": "哈哈哈"}, {"uid": "28820431", "content": "学得也台快了吧"}, {"uid": "407029906", "content": "唱歌的声音这才是本音  哔哔是营业声线"}, {"uid": "129337317", "content": "我的泪流在心里，学会放鸡～"}, {"uid": "10093770", "content": "piiiiiiii"}, {"uid": "350712000", "content": "piiiiiiiiiiiiiiiiiiiiiiiiiiiii"}, {"uid": "203584", "content": "突然破功www"}, {"uid": "382935386", "content": "太努力了"}, {"uid": "435141974", "content": "uyuyyds"}, {"uid": "157855544", "content": "piii"}, {"uid": "547527696", "content": "强强强"}, {"uid": "193046600", "content": "我也不想看鸡～"}, {"uid": "363935885", "content": "啊呀抢拍啦"}, {"uid": "49907086", "content": "哈哈哈哈哈"}, {"uid": "363935885", "content": "突然本音"}, {"uid": "363935885", "content": "又棒又可爱呜呜呜"}, {"uid": "363935885", "content": "她在对我wink！！"}, {"uid": "363935885", "content": "太标准了趴"}, {"uid": "645471253", "content": "piiiiiiiiiiii！"}, {"uid": "49854375", "content": "卧槽"}, {"uid": "1631806", "content": "好听啊"}, {"uid": "11202855", "content": "ohhhhhhh"}, {"uid": "70657795", "content": "草"}, {"uid": "193046600", "content": "我也不想看鸡～"}, {"uid": "350712000", "content": "piiiiiiiiiiiii"}, {"uid": "11202855", "content": "ohhhhhh"}, {"uid": "11202855", "content": "ohhhhhhh"}, {"uid": "363935885", "content": "小鸡公主yyds！！"}, {"uid": "399578748", "content": "第一，芜湖，热乎的"}, {"uid": "4006277", "content": "卧槽"}, {"uid": "29705218", "content": "棒！"}, {"uid": "231667339", "content": "防伪标志"}, {"uid": "24572098", "content": "好听！！"}, {"uid": "436092866", "content": "好听"}, {"uid": "135279623", "content": "٩(๑^o^๑)۶"}, {"uid": "1426272064", "content": "没听出来都，wco"}, {"uid": "407029906", "content": "这是杨丞琳粉丝吧  无语 UYU"}]