[{"uid": "10729759", "content": "字 正 腔 圆"}, {"uid": "25136372", "content": "瞧把孩子急得"}, {"uid": "2907196", "content": "理解理解，屁都不是wwww"}, {"uid": "352566975", "content": "你是尿 我是屁 我们都不是人"}, {"uid": "51274378", "content": "你太美"}, {"uid": "170204766", "content": "同pi 同pee"}, {"uid": "39692712", "content": "？？？完全一致"}, {"uid": "5450078", "content": "草"}, {"uid": "292078410", "content": "屁哈哈哈哈哈"}, {"uid": "678758362", "content": "翻译太草了"}, {"uid": "379501968", "content": "丕 ，季季季季"}, {"uid": "232621587", "content": "屁哈哈哈"}, {"uid": "15171634", "content": "和H啊哈哈哈"}, {"uid": "179162519", "content": "骂粉丝是p的屑鸟酱（"}, {"uid": "23016125", "content": "看把孩子急得wwwwww"}, {"uid": "387497619", "content": "尿（鸟）"}, {"uid": "387497619", "content": "pee（尿）"}, {"uid": "74169883", "content": "感谢区up主"}, {"uid": "3353519", "content": "你还骂？"}, {"uid": "500382500", "content": "OMG"}, {"uid": "6086449", "content": "好家伙一股川味"}, {"uid": "112776970", "content": "对，大家都是屁酱2333"}, {"uid": "2306975", "content": "你再骂"}, {"uid": "676633873", "content": "痞"}, {"uid": "108872094", "content": "哈哈哈哈哈哈哈"}, {"uid": "57677816", "content": "？？？"}, {"uid": "179162519", "content": "草"}, {"uid": "179162519", "content": "可爱可爱"}, {"uid": "407217061", "content": "屁酱"}, {"uid": "613799", "content": "....这家伙中文谁教的啊"}, {"uid": "40895075", "content": "鸡Piiii"}, {"uid": "1565853693", "content": "草"}, {"uid": "43429522", "content": "？？？"}, {"uid": "5021052", "content": "pee？"}, {"uid": "212101", "content": "你再骂"}, {"uid": "179162519", "content": "草"}, {"uid": "9538888", "content": "草"}, {"uid": "3353519", "content": "急到母语模块失灵"}, {"uid": "27143130", "content": "屁"}, {"uid": "302450574", "content": "你放piiii"}, {"uid": "31856790", "content": "我是乌愈女王的piii"}, {"uid": "5820925", "content": "草"}, {"uid": "4297094", "content": "你再骂？"}, {"uid": "1318353", "content": "草"}, {"uid": "3916674", "content": "草"}, {"uid": "193865", "content": "屁"}, {"uid": "37141131", "content": "是屁"}, {"uid": "3857253", "content": "是屁"}, {"uid": "270040493", "content": "去去去去去去去去去去去去去"}, {"uid": "131602610", "content": "屁酱！"}, {"uid": "179162519", "content": "太可爱了"}, {"uid": "330708635", "content": "好家伙"}, {"uid": "499282176", "content": "哇4分钟"}, {"uid": "17850931", "content": "这。。有区别？"}, {"uid": "1565853693", "content": "草"}, {"uid": "408042019", "content": "屁   所以大家是屁"}, {"uid": "29561631", "content": "好可爱，kksk"}, {"uid": "23371852", "content": "大家是屁"}, {"uid": "10689923", "content": "你再骂"}, {"uid": "5598346", "content": "屁"}, {"uid": "498513494", "content": "草"}, {"uid": "179162519", "content": "李在吗！"}, {"uid": "62864531", "content": "piiiiii酱还是大家很喜欢击剑"}, {"uid": "443610176", "content": "？？？"}, {"uid": "20231997", "content": "哈哈哈哈哈"}, {"uid": "425618521", "content": "hhhh"}, {"uid": "348504366", "content": "哈哈哈哈"}, {"uid": "520795506", "content": "hhhhh"}, {"uid": "520795506", "content": "乌羽酱的屁"}, {"uid": "288748436", "content": "？？"}, {"uid": "1464514", "content": "草"}, {"uid": "212101", "content": "哈哈哈哈哈"}, {"uid": "15233575", "content": "这不一样嘛妹"}, {"uid": "25725566", "content": "屁"}, {"uid": "832079", "content": "屁"}, {"uid": "431826449", "content": "屁"}, {"uid": "43988749", "content": "？？？"}, {"uid": "2219632", "content": "可爱的屁"}, {"uid": "28125001", "content": "好的，屁"}, {"uid": "173530634", "content": "你再骂"}, {"uid": "48654116", "content": "屁"}, {"uid": "353746155", "content": "草"}, {"uid": "15258842", "content": "你再骂"}, {"uid": "13439013", "content": "甚至急出中文"}, {"uid": "4297094", "content": "？？？"}, {"uid": "362777787", "content": "屁"}, {"uid": "1550905", "content": "你再骂"}, {"uid": "9212109", "content": "大家都是piiii"}, {"uid": "48228630", "content": "piiiiiiiiiiiiiiiiiiii~"}, {"uid": "136731889", "content": "蚌埠住了"}, {"uid": "676633873", "content": "piiiiii"}, {"uid": "43429522", "content": "？？？"}, {"uid": "242170483", "content": "标准啊"}, {"uid": "242170483", "content": "屁？"}, {"uid": "5450078", "content": "草"}, {"uid": "3353519", "content": "你再骂？"}, {"uid": "7514006", "content": "哈哈哈"}, {"uid": "2357393", "content": "好家伙"}, {"uid": "396296999", "content": "你再骂"}, {"uid": "646442659", "content": "屁"}, {"uid": "306376038", "content": "草"}, {"uid": "353133", "content": "？？？"}, {"uid": "1225837659", "content": "？"}, {"uid": "244814532", "content": "屁"}, {"uid": "86814859", "content": "草"}, {"uid": "143516484", "content": "草"}, {"uid": "35446022", "content": "？"}, {"uid": "214869704", "content": "弹幕蚌埠住了"}, {"uid": "290723733", "content": "看把孩子急的"}, {"uid": "409278", "content": "？？？"}, {"uid": "300227527", "content": "哈哈哈哈"}, {"uid": "33935601", "content": "草"}, {"uid": "170204766", "content": "pi"}, {"uid": "174327", "content": "哈哈哈哈"}, {"uid": "15588298", "content": "piiii"}, {"uid": "20736466", "content": "？"}, {"uid": "13334769", "content": "⊙▽⊙"}, {"uid": "252448187", "content": "？"}, {"uid": "662761319", "content": "！"}, {"uid": "13394574", "content": "和"}, {"uid": "688941", "content": "你再骂？？？"}, {"uid": "256190250", "content": "屁？"}, {"uid": "28060528", "content": "草"}, {"uid": "588690266", "content": "可爱www"}, {"uid": "37127800", "content": "好的，屁"}, {"uid": "620547701", "content": "屁"}, {"uid": "45005679", "content": "woc"}, {"uid": "415291450", "content": "开玩笑的开玩笑的  看把孩子急的"}]