[{"uid": "152325553", "content": "我就几天没有D，为什么语言都变了"}, {"uid": "2359368", "content": "可爱"}, {"uid": "203821", "content": "真会玩"}, {"uid": "670178210", "content": "449……级！？"}, {"uid": "5871020", "content": "可爱"}, {"uid": "157855544", "content": "可爱！"}, {"uid": "28841274", "content": "来了"}, {"uid": "281167011", "content": "逼逼逼逼逼（幻听）"}, {"uid": "363935885", "content": "太可爱了呜呜呜"}, {"uid": "179162519", "content": "可爱可爱"}, {"uid": "16312917", "content": "449..."}, {"uid": "363935885", "content": "好耶"}, {"uid": "353114854", "content": "呜呼"}]