[{"uid": "65561174", "content": "强的呀"}, {"uid": "65561174", "content": "piiiii"}, {"uid": "10093770", "content": "是真的好听啊！"}, {"uid": "285749346", "content": "piiiiiiii"}, {"uid": "28189258", "content": "nb啊！我的Piiiiiii"}, {"uid": "756304", "content": "哈哈哈，高音小鸡叫~！"}, {"uid": "306797", "content": "太正了"}, {"uid": "281258319", "content": "防伪标识"}, {"uid": "265713639", "content": "鸡型毕露"}, {"uid": "2359368", "content": "开场就抖了ww"}, {"uid": "29561631", "content": "太好听啦"}, {"uid": "14197525", "content": "你是谁，你是谁"}, {"uid": "3789279", "content": "哈哈哈哈哈这是注入灵魂吗"}, {"uid": "29561631", "content": "太好听啦"}, {"uid": "20485145", "content": "又草又心动是咋回事"}, {"uid": "17060383", "content": "？"}, {"uid": "59861", "content": "kksk"}, {"uid": "617567673", "content": "好听"}, {"uid": "76544977", "content": "？"}, {"uid": "84053510", "content": "开口跪"}, {"uid": "84053510", "content": "kksk"}, {"uid": "21796560", "content": "强强小鸡"}, {"uid": "157855544", "content": "piiiii"}, {"uid": "60428475", "content": "大姐姐和女儿之间来回切换，我父亲和弟弟之间反复横跳"}, {"uid": "407217061", "content": "牛"}, {"uid": "1921067", "content": "这....说好的立本人口音呢"}, {"uid": "35295644", "content": "哇这个转音"}, {"uid": "513526221", "content": "一秒破功"}, {"uid": "141603673", "content": "惠特尼休斯顿？"}, {"uid": "35295644", "content": "？？？？"}, {"uid": "56327792", "content": "注入灵魂"}, {"uid": "23281930", "content": "卧槽，日本人英语这么准"}, {"uid": "33935601", "content": "草"}, {"uid": "82399285", "content": "www"}, {"uid": "29561631", "content": "piiii"}, {"uid": "179162519", "content": "可爱可爱"}, {"uid": "34582215", "content": "厉害"}, {"uid": "27675223", "content": "换个人？"}, {"uid": "89498", "content": "保镖"}, {"uid": "12891523", "content": "强强"}, {"uid": "76544977", "content": "？？？？？"}, {"uid": "398211891", "content": "piiiii"}, {"uid": "175810618", "content": "请问你是？"}, {"uid": "244962", "content": "？？？"}, {"uid": "179020172", "content": "谁？"}, {"uid": "27073011", "content": "太强了吧"}]