[{"uid": "12676651", "content": "经典人力柱"}, {"uid": "24399549", "content": "？？？？"}, {"uid": "13394574", "content": "小几公主可爱"}, {"uid": "85255410", "content": " 文 化 输 出 "}, {"uid": "232621587", "content": "传统艺能"}, {"uid": "354181664", "content": "制作了，但没完全制作"}, {"uid": "3735621", "content": "好歹扣一下原图背景啊，kora"}, {"uid": "6753", "content": "30秒都用不了就可以做出来"}, {"uid": "31971405", "content": "1分钟做一个"}, {"uid": "198025", "content": "柱子图草"}, {"uid": "270040493", "content": "精神支柱！"}, {"uid": "285896718", "content": "草"}, {"uid": "1295863", "content": "哈哈哈"}, {"uid": "209300938", "content": "太经典了这个"}, {"uid": "442054774", "content": "笑死哈哈哈哈"}, {"uid": "1670155", "content": "草"}, {"uid": "843125", "content": "哈哈哈哈"}, {"uid": "89862483", "content": "便宜同人"}, {"uid": "2319500", "content": "这个每v都有"}, {"uid": "1318353", "content": "经典"}, {"uid": "78817", "content": "草"}, {"uid": "39204203", "content": "草"}, {"uid": "2704156", "content": "草"}, {"uid": "291900280", "content": "p了但没完全p"}, {"uid": "35305730", "content": "piiii"}, {"uid": "232621587", "content": "人人都有哈哈"}, {"uid": "82585445", "content": "日本好像不吃熊猫梗吧哈哈"}, {"uid": "828754", "content": "这也做的太糙了 草"}, {"uid": "151458", "content": "草"}, {"uid": "287803376", "content": "草"}, {"uid": "10420596", "content": "wwwww"}, {"uid": "348502020", "content": "好图"}, {"uid": "476196093", "content": "好"}, {"uid": "15588298", "content": "草"}, {"uid": "433330034", "content": "《草》"}, {"uid": "88552622", "content": "草"}, {"uid": "307992580", "content": "wwwww"}, {"uid": "9190338", "content": "wwww"}, {"uid": "18253454", "content": "草"}, {"uid": "19195611", "content": "草"}, {"uid": "6190811", "content": "草"}, {"uid": "93643266", "content": "草"}, {"uid": "1918042387", "content": "草"}]