[{"uid": "53105364", "content": "好活233333"}, {"uid": "53105364", "content": "有点可爱"}, {"uid": "668611833", "content": "倒是给床被啊………"}, {"uid": "20361690", "content": "这么小的床都让你睡完了，我的位置呢（恼"}, {"uid": "451446933", "content": "挤一挤 挤一挤"}, {"uid": "17060383", "content": "其他的几万号兄弟挤一张床哈哈哈哈"}, {"uid": "5654124", "content": "哈哈哈"}, {"uid": "33634266", "content": "整活带师"}, {"uid": "10838438", "content": "哈哈哈哈哈哈"}, {"uid": "3361200", "content": "单 人 床"}, {"uid": "470463099", "content": "草生拉出来"}, {"uid": "354181664", "content": "草"}, {"uid": "354181664", "content": "你这床能睡多少人啊(狗头)"}, {"uid": "476196093", "content": "草"}, {"uid": "86256954", "content": "哈哈啊哈哈哈啊哈哈"}, {"uid": "401402", "content": "怎么感觉跟要埋了似的（皱眉"}, {"uid": "15695780", "content": "开幕雷击"}, {"uid": "247241249", "content": "哈哈哈"}, {"uid": "1464060", "content": "单鸡床"}, {"uid": "329938933", "content": "《草》"}, {"uid": "12207174", "content": "草"}, {"uid": "15174744", "content": "www"}, {"uid": "631018782", "content": "和小鸡公主一起睡觉，好耶！(♡˙︶˙♡)"}, {"uid": "142778004", "content": "首页了这是啥"}, {"uid": "2535375", "content": "挤得下吗？"}, {"uid": "179162519", "content": "可爱可爱"}, {"uid": "3073838", "content": "草"}, {"uid": "24987058", "content": "哈哈哈哈哈哈"}, {"uid": "16586347", "content": "草"}, {"uid": "16586347", "content": "草"}, {"uid": "430706419", "content": "1分钟？"}, {"uid": "166908388", "content": "就地入睡草"}, {"uid": "689321040", "content": "kksk"}, {"uid": "85621268", "content": "哈哈哈哈"}, {"uid": "371223858", "content": "放开让我来"}, {"uid": "1100939863", "content": "好兄弟一起看"}, {"uid": "11453613", "content": "草"}, {"uid": "354181664", "content": "我这边没被子啊piiiii"}, {"uid": "292078410", "content": "看到我你就不是第一了"}, {"uid": "29872878", "content": "好！我先来！"}, {"uid": "43531157", "content": "草"}, {"uid": "27064021", "content": "好耶"}, {"uid": "4500197", "content": "哈哈哈"}, {"uid": "31337711", "content": "草"}, {"uid": "476196093", "content": "草"}, {"uid": "356902396", "content": "草"}, {"uid": "350712000", "content": "piii"}, {"uid": "530577", "content": "草"}, {"uid": "9212109", "content": "好的"}, {"uid": "266812299", "content": "草"}, {"uid": "84879074", "content": "草"}, {"uid": "96861026", "content": "！！！"}, {"uid": "6644345", "content": "可爱"}, {"uid": "8403689", "content": "114"}, {"uid": "89706707", "content": "草"}]