[{"uid": "89177671", "content": "我活着是为什么"}, {"uid": "22942116", "content": "凤凰公主！"}, {"uid": "363873958", "content": "凤凰公主！！！"}, {"uid": "689321040", "content": "一键变憨"}, {"uid": "10093770", "content": "唱得是真好听啊！"}, {"uid": "19939647", "content": "好汀"}, {"uid": "10838855", "content": "你这明明是原唱"}, {"uid": "184752", "content": "好"}, {"uid": "29561631", "content": "好听"}, {"uid": "201300", "content": "颤抖吧！"}, {"uid": "14432161", "content": "这英语水平，好得不像日本人啊"}, {"uid": "511204778", "content": "piiii"}, {"uid": "7451642", "content": "good"}, {"uid": "85255410", "content": "无后期能唱成这样在V里面歌力确实算很不错了"}, {"uid": "25136372", "content": "绝"}, {"uid": "13106096", "content": "我的凤凰公主!!"}, {"uid": "511204778", "content": "piiiiiiiiiiiiiiiiiiiiiiiiiiiiiiiiiiiiiiiiiiiiiiiiiiiiiiiiiiiiii"}, {"uid": "29279198", "content": "tql"}, {"uid": "179162519", "content": "好听！"}, {"uid": "400649", "content": "歌力确实不错"}, {"uid": "22942116", "content": "uyu！uyu！uyu！"}, {"uid": "232621587", "content": "。。"}]