[{"uid": "232621587", "content": "可拆卸翅膀"}, {"uid": "319720", "content": "一键换装~"}, {"uid": "430899100", "content": "哇"}, {"uid": "317733565", "content": "可可爱爱"}, {"uid": "63762295", "content": "gachi距离"}, {"uid": "96995158", "content": "可  拆  卸  翅  膀"}, {"uid": "125370968", "content": "你的发型很危险啊"}, {"uid": "292078410", "content": "青好像是介于蓝和绿之间的一种颜色"}, {"uid": "385871044", "content": "小鸡，你的发型很危险哦"}, {"uid": "52988998", "content": "这个，可爱！"}, {"uid": "128409442", "content": "好看"}, {"uid": "22008425", "content": "羽根"}, {"uid": "759913175", "content": "这不老婆吗"}, {"uid": "16391204", "content": "你到底有几套衣服啊"}, {"uid": "16391204", "content": "这是蓝鸟吧"}, {"uid": "424126094", "content": "大将青雉，似李√"}, {"uid": "642521554", "content": "这个老卡哇伊呐"}, {"uid": "13129396", "content": "太近啦要tom了"}, {"uid": "84053510", "content": "草"}, {"uid": "84519836", "content": "危险的发型"}, {"uid": "179162519", "content": "太可爱了"}, {"uid": "379501968", "content": "危险的发型"}, {"uid": "112776970", "content": "这是粉鸟2333"}, {"uid": "4324179", "content": "草"}, {"uid": "1569516", "content": "急冻鸟"}, {"uid": "1607417", "content": "青雉"}, {"uid": "203584", "content": "好可爱！"}, {"uid": "1464060", "content": "会变成蓝色纯种拉比鸟"}, {"uid": "1000486779", "content": "危险的发型"}, {"uid": "109882577", "content": "危险的发型"}, {"uid": "398593112", "content": "好看！"}, {"uid": "486844135", "content": "十分可爱"}, {"uid": "147811", "content": "草"}, {"uid": "330649311", "content": "好！"}, {"uid": "628926226", "content": "我来组成第一个弹幕"}, {"uid": "34809510", "content": "日语里的青是蓝"}, {"uid": "12930385", "content": "这套好好看"}, {"uid": "523133505", "content": "whl"}, {"uid": "438705391", "content": "草"}, {"uid": "38795107", "content": "危险的发型"}, {"uid": "3109362", "content": "哈哈哈"}, {"uid": "3879537", "content": "已经够红了，我的脸颊已经够红了"}, {"uid": "17474185", "content": "翅膀错位"}, {"uid": "9367208", "content": "草"}, {"uid": "1916285", "content": "好看！"}, {"uid": "219213", "content": "草"}, {"uid": "96572593", "content": "有趣"}, {"uid": "189175945", "content": "可爱"}, {"uid": "11461", "content": "青鸡"}, {"uid": "8231879", "content": "这个好"}, {"uid": "347719374", "content": "迪迦？"}, {"uid": "2761517", "content": "吓我一跳"}, {"uid": "12930385", "content": "好可爱"}, {"uid": "32949128", "content": "可爱"}, {"uid": "3930240", "content": "好家伙"}, {"uid": "296641609", "content": "好看"}, {"uid": "628954130", "content": "好看"}, {"uid": "42985584", "content": "哇 还会换装 还以为就是很简陋的皮呢"}, {"uid": "18076740", "content": "青出于蓝"}, {"uid": "266812299", "content": "草"}, {"uid": "772867", "content": "青鸡"}, {"uid": "407381955", "content": "这套好看"}]