[{"uid": "25758056", "content": "piiiiiiiiiiiiiii！"}, {"uid": "660398011", "content": "好听"}, {"uid": "3659432", "content": "好听"}, {"uid": "278199", "content": "yeah"}, {"uid": "1134557372", "content": "加油"}, {"uid": "208439", "content": "好听"}, {"uid": "803900", "content": "百变小鸡"}, {"uid": "1655191", "content": "耶"}, {"uid": "6054140", "content": "可爱可爱"}, {"uid": "367281029", "content": "好听～"}, {"uid": "292099547", "content": "耶！"}, {"uid": "107541199", "content": "pii！pii！piii～piu！"}, {"uid": "60428475", "content": "百变小鸡"}, {"uid": "3885523", "content": "♪⸜(๑ ॑꒳ ॑๑)⸝♪✰"}, {"uid": "19234455", "content": "很厉害哦"}, {"uid": "613799", "content": "还可以嘛"}, {"uid": "1100939863", "content": "谢谢小鸡能来b站，"}, {"uid": "1100939863", "content": "超级好听"}, {"uid": "9212109", "content": "可爱的一"}, {"uid": "843125", "content": "耶！"}, {"uid": "241247", "content": "☆(￣▽￣)/$:*"}, {"uid": "26308259", "content": "kawayi！"}, {"uid": "28841274", "content": "来了"}, {"uid": "479232", "content": "可爱"}, {"uid": "10777227", "content": "可爱 好可爱啊"}, {"uid": "179162519", "content": "可爱可爱"}, {"uid": "10093770", "content": "好耶好耶(^o^;)"}, {"uid": "441021728", "content": "还热乎的"}, {"uid": "832079", "content": "谁在唱？"}, {"uid": "10420596", "content": "可爱！"}, {"uid": "2572719", "content": "暴露年龄系列？老二次元了"}, {"uid": "894840", "content": "好听好听好听"}, {"uid": "503100157", "content": "好耶"}, {"uid": "354181664", "content": "5.7万粉了！！"}, {"uid": "204246414", "content": "谁？"}]