[{"uid": "83537403", "content": "笑起来好苏"}, {"uid": "30912708", "content": "我怀疑你在水时长"}, {"uid": "628954130", "content": "我跟着学，现在看到刑天了"}, {"uid": "104933789", "content": "幼  年  斯  图  卡"}, {"uid": "301225", "content": "被吓到了！！太强啦"}, {"uid": "165435363", "content": "这肺活量牛逼啊"}, {"uid": "417873260", "content": "防空警报"}, {"uid": "107649806", "content": "小鸡打鸣（）"}, {"uid": "429737535", "content": "好家伙 这肺活量高低是个练家子"}, {"uid": "11028398", "content": "到后面直接变蚊子了"}, {"uid": "39692712", "content": "这肺活量tql"}, {"uid": "84053510", "content": "是我家水开了"}, {"uid": "47104304", "content": "电     钻"}, {"uid": "35684036", "content": "诚哥，你家水烧好了"}, {"uid": "84803569", "content": "完了，脑袋嗡嗡的了"}, {"uid": "663018407", "content": "嗯，时间没我久，我能有一分钟"}, {"uid": "2772943", "content": "中气十足"}, {"uid": "38440079", "content": "？？？？国家级运动员？"}, {"uid": "470311012", "content": "引蚊之鸡"}, {"uid": "316447908", "content": "打蚊子了，啪"}, {"uid": "267738", "content": "突然小摩托"}, {"uid": "3879537", "content": "兄弟们我不行了我吸气去了"}, {"uid": "382278355", "content": "蚊子，快干掉"}, {"uid": "533102660", "content": "离谱"}, {"uid": "33935601", "content": "好家伙tql"}, {"uid": "34591090", "content": "出大问题"}, {"uid": "174327", "content": "有蚊子！"}, {"uid": "293767460", "content": "防空警报"}, {"uid": "15502770", "content": "飞机降落了"}, {"uid": "11202855", "content": "草"}, {"uid": "39441394", "content": "夏天，快点蚊香"}, {"uid": "288936652", "content": "最后这打鸣也太绝了"}, {"uid": "11773507", "content": "要坠毁力"}, {"uid": "12581631", "content": "哈哈哈哈哈"}, {"uid": "667691037", "content": "piiiiiiiiiiiiiiiiiiiiiiiiiiiiiiiiiiiiiiiiiiiiiiiiiiiiiiiiiiiiiiiiiiiiiiiiiiiiiiiiiiii~~~~~"}, {"uid": "1225837659", "content": "草"}, {"uid": "349007701", "content": "警报姬"}, {"uid": "14197525", "content": "导弹来袭！导弹来袭！"}, {"uid": "1891647073", "content": "？草"}, {"uid": "90359282", "content": "不好意思我水开了"}, {"uid": "299382149", "content": "不行了越听越像蚊子"}, {"uid": "843125", "content": "草"}, {"uid": "8131726", "content": "拖拉机"}, {"uid": "330658254", "content": "蚊子？"}, {"uid": "36873174", "content": "有蚊子啊啊啊"}, {"uid": "355536151", "content": "?"}, {"uid": "11069011", "content": "这么牛！！！"}, {"uid": "146950457", "content": "草"}, {"uid": "82399285", "content": "草"}, {"uid": "349951055", "content": "？？？？？？"}, {"uid": "244869711", "content": "警报么？"}, {"uid": "497443802", "content": "好肺活量"}, {"uid": "4130547", "content": "草"}, {"uid": "26891605", "content": "？"}, {"uid": "35295644", "content": "？？？？？？"}, {"uid": "12110857", "content": "？？？？？"}, {"uid": "179162519", "content": "可爱可爱"}, {"uid": "398211891", "content": "nb！？"}, {"uid": "28667796", "content": "草"}, {"uid": "84053510", "content": "？？？"}, {"uid": "9948774", "content": "Piiiiii"}, {"uid": "252628041", "content": "弹幕有我！"}, {"uid": "863762", "content": "草"}, {"uid": "171924341", "content": "？？？？？？？"}, {"uid": "645471253", "content": "??????"}, {"uid": "384599581", "content": "44秒"}, {"uid": "80080500", "content": "？？？？"}, {"uid": "419195606", "content": "嗯？"}, {"uid": "522132264", "content": "太离谱了"}, {"uid": "35863107", "content": "？"}, {"uid": "2872557", "content": "打鸣了"}, {"uid": "36743760", "content": "有蚊子"}, {"uid": "32191148", "content": "诶？"}, {"uid": "354181664", "content": "？"}, {"uid": "14438146", "content": "c"}, {"uid": "44827906", "content": "草"}, {"uid": "581510310", "content": "p ii ii ii ii ii ii ii ii ii ii ii ii ii ii ii ii ii ii ii ii ii ii ii"}, {"uid": "267738", "content": "草"}, {"uid": "361702012", "content": "草"}, {"uid": "12053538", "content": "我已经死了"}, {"uid": "10610995", "content": "都是啥特技"}, {"uid": "7021272", "content": "tql"}, {"uid": "290649684", "content": "？？？"}, {"uid": "50258975", "content": "666"}, {"uid": "106376257", "content": "？？？？？"}, {"uid": "295966260", "content": "？好厉害"}, {"uid": "326098057", "content": "可爱"}, {"uid": "80080500", "content": "草"}, {"uid": "3616391", "content": "piiiiiiiiiiiiiiiiiiiii"}, {"uid": "38578580", "content": "???"}, {"uid": "642521554", "content": "哈哈哈"}, {"uid": "174574049", "content": "草"}, {"uid": "14438146", "content": "草"}, {"uid": "25400434", "content": "草"}, {"uid": "94051047", "content": "厉害啊"}, {"uid": "19751190", "content": "？？？"}, {"uid": "351501010", "content": "绝活"}]