[{"uid": "363873958", "content": "可爱"}, {"uid": "224854416", "content": "可爱"}, {"uid": "45684", "content": "神秘古堡，密血边城"}, {"uid": "277291430", "content": "突然换发型"}, {"uid": "188850368", "content": "5分钟"}, {"uid": "412957936", "content": "赞比播放量多"}, {"uid": "18377", "content": "好耶"}, {"uid": "512756", "content": "？？？"}, {"uid": "263051529", "content": "热乎的"}, {"uid": "7615169", "content": "好可爱。。。。"}, {"uid": "40271624", "content": "蜜雪鞭城"}, {"uid": "407217061", "content": "1分钟"}, {"uid": "3839840", "content": "热乎的"}, {"uid": "30527188", "content": "热乎"}, {"uid": "363935885", "content": "好耶"}, {"uid": "102953419", "content": "4分钟，热乎着"}, {"uid": "6054140", "content": "wwwww"}, {"uid": "661388", "content": "我也爱你piiiii"}, {"uid": "41458114", "content": "好耶"}, {"uid": "371223858", "content": "可以呀"}, {"uid": "346323580", "content": "刚刚！！！我出息了！！！！！！！"}]