[{"uid": "15462284", "content": "一秒破功"}, {"uid": "8205405", "content": "没有大佐口音耶，狠人啊"}, {"uid": "108094223", "content": "2.0-2.5倍速观看效果最佳"}, {"uid": "8793780", "content": "哇 居然会用拼音"}, {"uid": "697427339", "content": "2倍速出电音了"}, {"uid": "5043517", "content": "甚至会自己纠正平翘舌音"}, {"uid": "477105251", "content": "莫名鸡叫哈哈哈哈哈哈"}, {"uid": "71464418", "content": "初见，可爱，结婚"}, {"uid": "405835255", "content": "好厉害诶！"}, {"uid": "416735", "content": "这音准好准呀"}, {"uid": "451324", "content": "1.5速才是正常速度！！！"}, {"uid": "2535375", "content": "你跟我说  她是国人  我都能信的程度  …"}, {"uid": "433559977", "content": "这里是被蒸馏水呛到了吗？（"}, {"uid": "830157", "content": "打鸣草"}, {"uid": "31804554", "content": "哇嗷……超出想象的标准"}, {"uid": "4719846", "content": "你很可爱"}, {"uid": "11044651", "content": "这句もう一回やっていい太像0宝了"}, {"uid": "104349408", "content": "草"}, {"uid": "6753", "content": "像及了我唱日语歌的样子"}, {"uid": "12259274", "content": "小鸡发音好棒啊"}, {"uid": "184752", "content": "发音好标准"}, {"uid": "184752", "content": "加油！"}, {"uid": "184752", "content": "pii"}, {"uid": "179162519", "content": "太可爱了"}, {"uid": "163394284", "content": "鸡酱等于鸡的塩辛真的草"}, {"uid": "5668599", "content": "放pii还行"}, {"uid": "5668599", "content": "像快脱出来了一样（半恼）"}, {"uid": "10620365", "content": "你怎么拼的这么标准的？我听的日V都是大佐味拉满"}, {"uid": "28638845", "content": "发音还是很标准的"}, {"uid": "363935885", "content": "老婆你不要这么可爱好不好（）"}, {"uid": "363935885", "content": "真的很努力很棒了"}, {"uid": "363935885", "content": "晃来晃去太可爱了吧"}, {"uid": "16104560", "content": "很努力了x"}, {"uid": "491412075", "content": "太可爱啦"}, {"uid": "4803877", "content": "这也太标准了吧"}, {"uid": "112776970", "content": "乌愈唱歌一直是御姐声线"}, {"uid": "4426657", "content": "前后晃来晃去的hhh"}, {"uid": "520325929", "content": "一秒破功（指女王范）"}, {"uid": "299228", "content": "一唱歌声线年龄长20岁"}, {"uid": "283683658", "content": "2倍数真香"}, {"uid": "2694448", "content": "歌词与up完美对应"}, {"uid": "421134", "content": "这么标准的吗？"}, {"uid": "26204202", "content": "御姐声线？"}, {"uid": "346832580", "content": "臻乐事"}, {"uid": "843125", "content": "前方二倍速可以跟上原版（doge）"}, {"uid": "292078410", "content": "热乎"}, {"uid": "14197525", "content": "这个女人为什么如此可爱"}, {"uid": "526164994", "content": "太可爱了吧"}, {"uid": "269466080", "content": "这个声音！！"}, {"uid": "122476", "content": "？ 字正腔圆"}, {"uid": "23422751", "content": "唱歌的音色也挺好听的"}, {"uid": "232929230", "content": "母鸡怎么会打鸣了？"}, {"uid": "363935885", "content": "妈耶这也太标准了"}, {"uid": "259312964", "content": "2倍速才是正常语速"}, {"uid": "251887081", "content": "自带降速piiiiii"}, {"uid": "18744105", "content": "自己翻译的吗好棒呜呜呜"}, {"uid": "526164994", "content": "太可爱了吧"}, {"uid": "8793780", "content": "会用拼音好强啊"}, {"uid": "80080500", "content": "突发恶疾doge"}, {"uid": "166298194", "content": "这声音，我可以"}, {"uid": "512756", "content": "????这么标准！@"}, {"uid": "438049719", "content": "太标准了吧。这样好的人咋关注不多呢"}, {"uid": "362582150", "content": "蒸发DD"}, {"uid": "843125", "content": "哈哈哈哈哈可爱"}, {"uid": "407217061", "content": "自己烤？"}, {"uid": "29279198", "content": "太标准了吧"}, {"uid": "9568304", "content": "哈哈，挺厉害的"}, {"uid": "51459335", "content": "1.5倍速"}, {"uid": "248950330", "content": "？？？？有点厉害诶"}, {"uid": "11330729", "content": "好棒！！！"}, {"uid": "428455696", "content": "好听，D了"}, {"uid": "288643604", "content": "新头发好看"}, {"uid": "285586", "content": "什么鬼，这是同一个小鸡吗"}, {"uid": "280451468", "content": "草太标准了吧"}, {"uid": "15397103", "content": "太可爱了"}, {"uid": "299228", "content": "杀鸡般的悲鸣"}, {"uid": "362582150", "content": "中文也太好了"}, {"uid": "13559338", "content": "广东人路过"}, {"uid": "629255151", "content": "拼音酱也太顶了吧"}, {"uid": "325181", "content": "好标准"}, {"uid": "526164994", "content": "可爱"}, {"uid": "15784954", "content": "自动降速"}, {"uid": "64104642", "content": "我的妈呀"}, {"uid": "32128353", "content": "DD清纯的蒸馏水"}, {"uid": "17481667", "content": "完成吃吃吃！"}, {"uid": "319720", "content": "好标准！"}, {"uid": "26392", "content": "好标准"}, {"uid": "18377", "content": "这练了很久了吧"}, {"uid": "410751542", "content": "ohhhhhhh太爱了"}, {"uid": "620947905", "content": "piiiiiiiiiiiiiiiiiii"}, {"uid": "1512927", "content": "不是换人啦，唱歌是本音但是唱的是真的好，平时说话是伪音坚持设定"}, {"uid": "407029906", "content": "唱中文差不多接近本音了  日语才用营业的声线所以听起来差别大"}, {"uid": "476196093", "content": "可爱"}, {"uid": "4463162", "content": "哇好像"}, {"uid": "27260458", "content": "牛牛牛"}, {"uid": "399280146", "content": "倍速播放等于原曲节奏"}, {"uid": "32983085", "content": "哈哈哈哈哈哈哈"}, {"uid": "8116446", "content": "痛苦面具"}, {"uid": "15264586", "content": "标准"}, {"uid": "10420596", "content": "太可爱了"}, {"uid": "16312917", "content": "2倍速完美！"}, {"uid": "363935885", "content": "已经很棒啦"}, {"uid": "363935885", "content": "不哭不哭 要哭来我怀里（）"}, {"uid": "29566679", "content": "哈哈哈"}, {"uid": "30498975", "content": "已经很棒了啊"}, {"uid": "38904262", "content": "有点东西"}, {"uid": "910588", "content": "二倍速好评"}, {"uid": "291148622", "content": "好好听！！"}, {"uid": "407217061", "content": "拼音"}, {"uid": "4971312", "content": "发音属实标准"}, {"uid": "8021583", "content": "这发音？？？？？？"}, {"uid": "1918105", "content": "这么标准？"}, {"uid": "184752", "content": "好听"}, {"uid": "521085", "content": "发音强啊"}, {"uid": "88596436", "content": "kawaii"}, {"uid": "88596436", "content": "可爱"}, {"uid": "3387630", "content": "标准"}, {"uid": "436527660", "content": "日本人太难翘舌了"}, {"uid": "112776970", "content": "piiiiiiiii音2333"}, {"uid": "29566679", "content": "太好了"}, {"uid": "143884545", "content": "2倍速刚好"}, {"uid": "379501968", "content": "呦西呦西"}, {"uid": "11497168", "content": "好听！"}, {"uid": "24455887", "content": "uyuuyuuyuuyuuyuuyu"}, {"uid": "67091935", "content": "Piiiiiiiiiiiii​Piiiiiiiiiiiii​"}, {"uid": "43281047", "content": "？？？？？？"}, {"uid": "828649", "content": "哈哈哈"}, {"uid": "2535375", "content": "666"}, {"uid": "21131097", "content": "厉害"}, {"uid": "184752", "content": "2倍速完美"}, {"uid": "3361200", "content": "打鸣"}, {"uid": "74169883", "content": "真雷水"}, {"uid": "86458", "content": "2倍速完美"}, {"uid": "287590337", "content": "好棒"}, {"uid": "14621567", "content": "好听"}, {"uid": "355211351", "content": "牛啊"}, {"uid": "40091220", "content": "换人了？"}, {"uid": "141658", "content": "2倍速"}, {"uid": "7665745", "content": "因为uyu是用拼音唱的吧 有的日v直接用假名唱的"}, {"uid": "110514076", "content": "好听"}, {"uid": "13807539", "content": "换人了？"}, {"uid": "4426657", "content": "？？？？？"}, {"uid": "3268163", "content": "可以可以"}, {"uid": "43281047", "content": "？？"}, {"uid": "285586", "content": "？？？？？"}, {"uid": "9857664", "content": "？？？"}, {"uid": "285749346", "content": "好听"}, {"uid": "95744291", "content": "好听！！"}, {"uid": "294726415", "content": "打鸣哈哈"}]