[{"uid": "22534652", "content": "韩语？"}, {"uid": "38100419", "content": "人体描边"}, {"uid": "12802541", "content": "bb鸡"}, {"uid": "45454900", "content": "这就是菜鸡本鸡了"}, {"uid": "5676856", "content": "防空警报是吧"}, {"uid": "438049719", "content": "光速白给"}, {"uid": "9212109", "content": "哈哈哈哈哈哈"}, {"uid": "9212109", "content": "战斗鸡模式启动"}, {"uid": "1893197", "content": "简直精分"}, {"uid": "77488393", "content": "草"}, {"uid": "613799", "content": "居然是逛街派派"}, {"uid": "371223858", "content": "可能这就是描边大师吧"}, {"uid": "33935601", "content": "www"}, {"uid": "437089719", "content": "夕阳红枪法"}, {"uid": "288748436", "content": "可爱的小鸡公主"}, {"uid": "412957936", "content": "主题语音字幕到此完毕"}, {"uid": "45492", "content": "这个转向一看就是手柄啊"}, {"uid": "157855544", "content": "哈哈哈哈"}, {"uid": "288936652", "content": "致命空枪"}, {"uid": "470577458", "content": "没有队友我都没信心"}, {"uid": "412957936", "content": "桌子hp-1x4"}, {"uid": "33128739", "content": "伯乐直呼内行"}, {"uid": "157855544", "content": "哈哈哈哈哈"}, {"uid": "32765753", "content": "战斗鸡"}, {"uid": "511214867", "content": "伯乐看了直呼好马"}, {"uid": "179162519", "content": "可爱可爱"}, {"uid": "9212109", "content": "致命空枪"}, {"uid": "7069244", "content": "慈悲枪法"}, {"uid": "15784954", "content": "随缘腰射"}, {"uid": "94170145", "content": "这笑声想到pekora了"}, {"uid": "389909058", "content": "芜湖~~~"}, {"uid": "293470670", "content": "好家伙"}, {"uid": "412957936", "content": "ahhhwuprprprrah"}, {"uid": "412957936", "content": "ahhhhhhhhhh"}, {"uid": "412957936", "content": "ahhhhhhha"}, {"uid": "157855544", "content": "伯乐直呼好马！"}, {"uid": "299228", "content": "战斗歌鸡wwwww"}, {"uid": "359113171", "content": "哈哈哈哈"}, {"uid": "343136649", "content": "哦豁~"}, {"uid": "44999887", "content": "战斗歌鸡是吧"}, {"uid": "407217061", "content": "？"}, {"uid": "1461416", "content": "Piiiiiiii"}, {"uid": "11453613", "content": "草"}, {"uid": "32441425", "content": "哈哈哈哈哈哈哈哈"}, {"uid": "233737190", "content": "芜湖~~~~啊啊啊啊啊啊"}, {"uid": "88596436", "content": "piiiiii"}, {"uid": "3472878", "content": "单人三排？"}, {"uid": "3310138", "content": "好马！"}, {"uid": "476196093", "content": "好汀"}, {"uid": "204246414", "content": "她四语都会"}, {"uid": "77488393", "content": "piiiiiiiii"}, {"uid": "293470670", "content": "战斗机"}, {"uid": "412957936", "content": "hohuuu"}, {"uid": "412957936", "content": "huhu"}, {"uid": "12802541", "content": "bb鸡"}, {"uid": "490735921", "content": "白给"}, {"uid": "33935601", "content": "马枪姬w"}, {"uid": "204246414", "content": "韩服"}, {"uid": "438049719", "content": "菜～"}, {"uid": "675564468", "content": "韩语？小鸡不是日本的吗"}, {"uid": "8880189", "content": "笑死"}, {"uid": "23061496", "content": "卧槽"}, {"uid": "412957936", "content": "yoyiiiiiiiiii"}, {"uid": "412957936", "content": "hahaaha"}]