[{"uid": "345835844", "content": "伊洛纳的BGM"}, {"uid": "183909612", "content": "哈哈哈哈"}, {"uid": "12129539", "content": "这bgm怎么这么熟悉"}, {"uid": "360196009", "content": "卡哇伊！"}, {"uid": "11651635", "content": "嘿嘿嘿好可爱的声音"}, {"uid": "25412175", "content": "英语好可爱啊"}, {"uid": "18136112", "content": "实力到位"}, {"uid": "65561174", "content": "哈哈哈哈哈"}, {"uid": "436527660", "content": "搭噶，口头哇路"}, {"uid": "457889818", "content": "泪目了"}, {"uid": "263259", "content": "好孩子啊"}, {"uid": "36810930", "content": "这英语可以啊"}, {"uid": "14399951", "content": "心疼"}, {"uid": "97185863", "content": "加油啊"}, {"uid": "270040493", "content": "泪目了，真是好孩子"}, {"uid": "346317702", "content": "不哭，抱抱宝"}, {"uid": "365074206", "content": "给你点个赞"}, {"uid": "5871020", "content": "突然英语"}, {"uid": "5597412", "content": "vshojo(bushi)"}, {"uid": "832079", "content": "piiiiiiiiii"}, {"uid": "2359368", "content": "心疼惹"}, {"uid": "5755205", "content": "piiii泪目了"}, {"uid": "2357393", "content": "尊重uyu的决定"}, {"uid": "613799", "content": "突然中文"}, {"uid": "4297094", "content": "泪目了"}, {"uid": "434801676", "content": "卡哇伊ฅฅ*"}, {"uid": "47281141", "content": "加油加油"}, {"uid": "719853867", "content": "单推，结婚"}, {"uid": "403498674", "content": "加油！！！"}, {"uid": "32765456", "content": "伊洛纳的bgm"}, {"uid": "232621587", "content": "哎嘿"}, {"uid": "520184406", "content": "5w粉啦"}, {"uid": "3297655", "content": "哈哈哈哈哈哈哈哈好可爱"}, {"uid": "2941201", "content": "加油！"}, {"uid": "39514744", "content": "初见单推结婚"}, {"uid": "9241550", "content": "加油啊"}, {"uid": "90359282", "content": "piiiiiiiiiiiii"}, {"uid": "2941201", "content": "泪目"}, {"uid": "14833492", "content": "哇哦"}, {"uid": "86256954", "content": "piiiiiiiiiiiiiiiiiiiiii"}, {"uid": "9132306", "content": "蚌埠住了"}, {"uid": "131526931", "content": "不至于"}, {"uid": "28355419", "content": "这bgm好像在哪听过……"}, {"uid": "43531157", "content": "加油"}, {"uid": "93417916", "content": "不哭"}, {"uid": "81178512", "content": "bgm好耳熟，， 伊洛纳吧"}, {"uid": "3962613", "content": "加油"}, {"uid": "1451236", "content": "某只狗子好好学学怎么重视粉丝"}, {"uid": "2704156", "content": "草"}, {"uid": "588709177", "content": "日本语困惑"}, {"uid": "101617728", "content": "不是，这bgm？？"}, {"uid": "688905115", "content": "需要石油佬"}, {"uid": "12182932", "content": "有点像萌惠呀"}, {"uid": "1468987", "content": "说实话，没啥经验的企业势真的不如单干"}, {"uid": "12982117", "content": "加入中国公司就行了"}, {"uid": "1597002", "content": "单腿了！"}, {"uid": "442226371", "content": "加油"}, {"uid": "442226371", "content": "加油"}, {"uid": "14621567", "content": "加油"}, {"uid": "24255014", "content": "50弹幕"}, {"uid": "301796819", "content": "头上是鸡屁股吗"}, {"uid": "38517030", "content": "作为日本人这发音太惊人了"}, {"uid": "85272393", "content": "韩国的?"}, {"uid": "105771", "content": "好孩子呢"}, {"uid": "36028321", "content": "初见单推"}, {"uid": "3882130", "content": "这么好的开头粉丝数也不少，突然叫你从头再来？谁答应啊 （；￣ェ￣） "}, {"uid": "36810930", "content": "草"}, {"uid": "14399951", "content": "加油"}, {"uid": "40278837", "content": "结婚那个站住，我这个老父亲不同意"}, {"uid": "8511707", "content": "这语调有点东西"}, {"uid": "366080481", "content": "同传不熟练啊"}, {"uid": "1463081", "content": "不至于"}, {"uid": "7211099", "content": "突然被头上的呆毛吸引了注意力"}, {"uid": "112776970", "content": "果然不能用自己的皮了"}, {"uid": "646442659", "content": "加油"}, {"uid": "420716207", "content": "鸡翻"}, {"uid": "36127586", "content": "同传怎么一句都没翻对啊？"}, {"uid": "470328688", "content": "加油"}, {"uid": "365074206", "content": "加油"}, {"uid": "340787509", "content": "小傻瓜呀，在B站你大概率会不温不火的"}, {"uid": "266812299", "content": "好孩子"}, {"uid": "407217061", "content": "？"}, {"uid": "95744291", "content": "新来的piii们可以去看看乌愈酱的唱歌作品哦！相当优秀呢ww"}, {"uid": "419505415", "content": "放弃吧"}]