[{"uid": "3789279", "content": "越发熟练的发音"}, {"uid": "354181664", "content": "看把孩子激动的"}, {"uid": "14833492", "content": "她爱我，她说她爱我"}, {"uid": "390293195", "content": "金的稀稀啊！"}, {"uid": "82527238", "content": "好绕的名字想起一个叫凤凰院什么的"}, {"uid": "589545", "content": "感谢区up主"}, {"uid": "89656712", "content": "你出现在了我的推荐界面"}, {"uid": "86668663", "content": "10万粉冲冲冲"}, {"uid": "422586341", "content": "我先预言一下，要是小鸡关注者到十万记得回应我一下。"}, {"uid": "549886692", "content": "必须的"}, {"uid": "81614539", "content": "草"}, {"uid": "259312964", "content": "她爱我，她心里有我"}, {"uid": "82640767", "content": "瞧孩子高兴的"}, {"uid": "6172387", "content": "很好，很有精神"}, {"uid": "231667339", "content": "这顺溜了好多！"}, {"uid": "514191336", "content": "那至少要等到十月份……"}, {"uid": "435251242", "content": "哈哈哈，yysy这几个字我都觉得饶舌"}, {"uid": "363935885", "content": "中文越发标准 女儿长大了呜呜呜"}, {"uid": "171504912", "content": "好的乌鱼"}, {"uid": "157855544", "content": "突击DD"}, {"uid": "6075783", "content": "令人羡慕的肺活量……"}, {"uid": "6075783", "content": "水烧开的声音太草了"}, {"uid": "652633054", "content": "piiiiii"}, {"uid": "957509", "content": "看把她高兴的"}, {"uid": "631018782", "content": "好的小鸡，单恋，结婚！≥﹏≤"}, {"uid": "39798554", "content": "看把孩子高兴的"}, {"uid": "438705391", "content": "越发顺溜的中国话"}, {"uid": "35429680", "content": "我也爱你老公"}, {"uid": "341357299", "content": "太可爱了www"}, {"uid": "31286105", "content": "感谢区up主hhhh"}, {"uid": "375108163", "content": "我也爱你"}, {"uid": "371223858", "content": "中文八级"}, {"uid": "307992580", "content": "有那个大病JPG"}, {"uid": "15588298", "content": "piii~"}, {"uid": "348380148", "content": "小鸡加油！！！"}, {"uid": "23595906", "content": "传统艺能"}, {"uid": "363935885", "content": "突然就5w了！恭喜小鸡公主！"}, {"uid": "13024389", "content": "等一个打鸣piiii"}, {"uid": "406070057", "content": "感谢区唯一up主"}, {"uid": "6386248", "content": "中气挺足"}, {"uid": "151449635", "content": "感谢区up主"}, {"uid": "36277250", "content": "高强度自搜，我们懂的"}, {"uid": "3326244", "content": "水开了，喝水！"}, {"uid": "94933777", "content": "感谢区up主"}, {"uid": "2102135", "content": "来了 是感谢区up主"}, {"uid": "407217061", "content": "5·3万"}, {"uid": "1835009201", "content": "可爱"}, {"uid": "141603673", "content": "中文变溜了"}, {"uid": "179162519", "content": "太可爱了"}, {"uid": "21319796", "content": "ohhhhhhhhhhhh！！！"}, {"uid": "542671", "content": "耳膜，我新换的耳膜"}, {"uid": "10610995", "content": "哈哈哈哈哈哈哈"}, {"uid": "366130114", "content": "四万五万隔半天"}, {"uid": "46411311", "content": "语言系统错乱"}, {"uid": "95136752", "content": "硬币投喂"}, {"uid": "300372325", "content": "piiiiiiiiiiiiiiiiiiiiiiiii"}, {"uid": "67086524", "content": "piiiiiiiii"}, {"uid": "1646678", "content": "传统艺能"}, {"uid": "2059048", "content": "马上6W了"}, {"uid": "44875455", "content": "等一个打鸣"}, {"uid": "6455994", "content": "piiiiiiiiiiiiiiiiiiii"}, {"uid": "96861026", "content": "卡哇伊！！！OWO"}, {"uid": "53706463", "content": "又打鸣了ww"}, {"uid": "21273340", "content": "你爱我我爱你，蜜雪冰城甜蜜蜜~"}, {"uid": "109371935", "content": "哈哈哈哈哈草"}, {"uid": "13024389", "content": "好快"}, {"uid": "438705391", "content": "gkd"}, {"uid": "177602108", "content": "2分钟！"}, {"uid": "9255492", "content": "加油！！！"}, {"uid": "87472798", "content": "加油加油"}, {"uid": "5871020", "content": "打鸣了"}, {"uid": "6004408", "content": "恭喜恭喜"}, {"uid": "6406638", "content": "piiiiiiiiiiii"}, {"uid": "16104560", "content": "草"}, {"uid": "549886692", "content": "必须的必须的"}, {"uid": "232621587", "content": "五万了"}, {"uid": "13788875", "content": "piiiiiiii~"}, {"uid": "414835453", "content": "中文进步好大"}, {"uid": "895261", "content": "我也爱你piii"}, {"uid": "36765907", "content": "中文进步好大"}, {"uid": "1003838559", "content": "piiiiiiiiiiiiiiiiiiiiiiiiiiiiiiiiiiiiiiiiiiiiiiiiiiiiiiiiiiiii"}, {"uid": "14112487", "content": "我也爱你啊"}, {"uid": "484943389", "content": "加油加油！"}, {"uid": "843125", "content": "OHHHHHHHHHHHHHHHHHH"}, {"uid": "50679128", "content": "piii"}, {"uid": "263901383", "content": "好的，uyupiii"}, {"uid": "8580789", "content": "屁？"}, {"uid": "460832", "content": "piiiiiiiiiiiiiiiiii"}, {"uid": "179162519", "content": "可爱可爱"}, {"uid": "21425542", "content": "piiiiiiiiiiiiiiiii"}, {"uid": "90359282", "content": "piiiiiiiiiiiii"}, {"uid": "15850136", "content": "一会就10万了"}, {"uid": "3885523", "content": "好耶"}, {"uid": "363935885", "content": "Ohhhhhh"}, {"uid": "91704080", "content": "哈哈哈哈"}, {"uid": "50679128", "content": "piiiiii"}, {"uid": "438705391", "content": "恭喜"}, {"uid": "470920692", "content": "piiiiiiiiiiiiiiiii "}, {"uid": "58149330", "content": "嗯 她值得"}, {"uid": "37479986", "content": "开了开了"}, {"uid": "13788875", "content": "好耶"}, {"uid": "400833355", "content": "piiiiii"}, {"uid": "4943546", "content": "草"}, {"uid": "453089976", "content": "草"}, {"uid": "77488393", "content": "piiiiiiiii"}, {"uid": "14197525", "content": "我水烧开了？"}, {"uid": "294926172", "content": "水开了"}, {"uid": "27569177", "content": "piiiiiiiiiiiiiiiiii！！"}, {"uid": "21425542", "content": "感谢视频下都是那个100关注感谢，每次都容易看成100万关注"}, {"uid": "10950195", "content": "鸡鸣"}, {"uid": "10610995", "content": "这是啥鬼畜"}, {"uid": "7679462", "content": "piiiiiii"}, {"uid": "228853793", "content": "有钱酱污愈"}, {"uid": "13788875", "content": "piii~"}, {"uid": "379501968", "content": "加油"}, {"uid": "363935885", "content": "piiiiiiii!!!"}, {"uid": "13024389", "content": "piiiiii"}, {"uid": "8879768", "content": "加油~"}, {"uid": "14228992", "content": "加油"}, {"uid": "81614539", "content": "好耶！"}, {"uid": "15502770", "content": "piiiii"}, {"uid": "363935885", "content": "好耶！！！！！"}, {"uid": "2957060", "content": "piiiiiiiiiiiiiii"}, {"uid": "549886692", "content": "頑張ります！！！！"}, {"uid": "76958508", "content": "黑桐亚里亚真的惨，那么久还没5万"}]