[{"uid": "160377112", "content": "好家伙"}, {"uid": "34606506", "content": "哈哈好可爱"}, {"uid": "513307756", "content": "刚刚一瞬间凤凰女王出来了？！"}, {"uid": "285896718", "content": "草，可爱！！！"}, {"uid": "4219455", "content": "草  有点上头"}, {"uid": "438843436", "content": "你 不 是 人 "}, {"uid": "90359282", "content": "哈哈哈哈"}, {"uid": "240789580", "content": "怎么像小奶狗叫哈哈哈哈"}, {"uid": "2359368", "content": "不愧是小鸡公主"}, {"uid": "2359368", "content": "哈哈哈哈哈哈好可爱"}, {"uid": "346832580", "content": "还 有 唱 歌 ！"}, {"uid": "40270384", "content": "还挺可爱的可恶"}, {"uid": "309920", "content": "感谢系完全没问题，只要不是道歉系"}, {"uid": "471787722", "content": "事实上inactive的太多"}, {"uid": "62864531", "content": "阿里嘎多区UP主"}, {"uid": "143643221", "content": "我隐隐猜到了什么（狗头）"}, {"uid": "366508674", "content": "看的人太少 qwp"}, {"uid": "7069244", "content": "哦哦哦 重大发布！！"}, {"uid": "197682661", "content": "和我想的一样，不愧是你啊uyu"}, {"uid": "894840", "content": "哦！"}, {"uid": "341357299", "content": "好可爱！！！！！！"}, {"uid": "26162131", "content": "回头看了看 阿黄"}, {"uid": "22267791", "content": "我在期待什么"}, {"uid": "277381484", "content": "被 骗 了"}, {"uid": "345707445", "content": "不愧是你"}, {"uid": "421460989", "content": "原形毕露"}, {"uid": "957509", "content": "这孩子真的太老实了"}, {"uid": "88799364", "content": "你是鸟，我是狗，我们都不是人"}, {"uid": "136185", "content": "发音越来越标准"}, {"uid": "289177759", "content": "我懂了，是鸡叫"}, {"uid": "511214867", "content": "哈哈哈 官方吐槽"}, {"uid": "4290165", "content": "好小只hhh"}, {"uid": "7615169", "content": "你看这个小黄鸡这么可爱，一定很好吃（bushi）"}, {"uid": "194256548", "content": "是否准备调小声一点？？"}, {"uid": "803900", "content": "开幕满足"}, {"uid": "354181664", "content": "你礼貌吗"}, {"uid": "354181664", "content": "六van宁"}, {"uid": "536530361", "content": "感谢区UP主"}, {"uid": "13785689", "content": "哈哈哈哈哈哈哈哈"}, {"uid": "3657234", "content": "又被骗了 "}, {"uid": "11440840", "content": "真的，太可爱了吧"}, {"uid": "266812299", "content": "哈哈哈哈哈哈哈哈哈哈"}, {"uid": "384818562", "content": "好可爱"}, {"uid": "631018782", "content": "你被骗了ԅ(¯ㅂ¯ԅ)"}, {"uid": "353114854", "content": "居然认识到了自己"}, {"uid": "56327792", "content": "不愧是你"}, {"uid": "28820431", "content": "哈哈哈哈，上当了"}, {"uid": "2941201", "content": "发音逐渐标准"}, {"uid": "843125", "content": "哈哈哈哈哈哈哈哈哈哈"}, {"uid": "3970880", "content": "声音真可爱啊，是本音吗"}, {"uid": "7584296", "content": "好耶"}, {"uid": "363935885", "content": "意料之中"}, {"uid": "363935885", "content": "太可爱了啊啊啊啊"}, {"uid": "277836529", "content": "真就是小鸟啊 (⊙o⊙)"}, {"uid": "136185", "content": "果然如此"}, {"uid": "80558654", "content": "盲猜一直“piiii”"}, {"uid": "2957060", "content": "可爱！！！！"}, {"uid": "2957060", "content": "在意在意在意！"}, {"uid": "1448064141", "content": "我在期待着什么？"}, {"uid": "489826835", "content": "既然这样，我也不用装什么正人君子了"}, {"uid": "398211891", "content": "piiiiiiiii"}, {"uid": "16391204", "content": "太可爱了"}, {"uid": "151458", "content": "这不是小奶狗吗www"}, {"uid": "294926172", "content": "感谢区和开水区的up"}, {"uid": "78091670", "content": "草"}, {"uid": "18253454", "content": "草"}, {"uid": "3657234", "content": "学中文好快啊"}, {"uid": "9212109", "content": "wc小鸡学的也太快了吧  "}, {"uid": "11651635", "content": "噢~！"}, {"uid": "353114854", "content": "哈哈哈"}, {"uid": "259312964", "content": "piiiiiiiii！"}, {"uid": "7069244", "content": "坚持设定的小鸡"}, {"uid": "496936112", "content": "母鸡打鸣了！"}, {"uid": "12207174", "content": "我就知道！"}, {"uid": "25323312", "content": "草"}, {"uid": "379501968", "content": "呀呼"}, {"uid": "24455887", "content": "卡球"}, {"uid": "29375033", "content": "谨记设定哈哈哈哈哈"}, {"uid": "181230", "content": "草"}, {"uid": "80558654", "content": "ww"}, {"uid": "2957060", "content": "可恶，上当了"}, {"uid": "20807149", "content": "鸡叫吗"}, {"uid": "194256548", "content": "果然！！！"}, {"uid": "14197525", "content": "piiiiiiiiiiiiiiiiiiii"}, {"uid": "646442659", "content": "草"}, {"uid": "7635087", "content": "老卡尔了"}, {"uid": "88214286", "content": "卡哇伊"}, {"uid": "3472878", "content": "哈哈哈哈哈"}, {"uid": "359754612", "content": "哈哈哈哈哈哈"}, {"uid": "348502020", "content": "涨粉太快了"}, {"uid": "3657234", "content": "平常直播或转播也行"}, {"uid": "1939565", "content": "爱了爱了"}, {"uid": "420444026", "content": "健康的叫声"}, {"uid": "6816892", "content": "我就知道"}, {"uid": "353114854", "content": "老公唱歌超好听的"}, {"uid": "56327792", "content": "谁造的谣？扬了他！明明是唱歌的！"}, {"uid": "7679462", "content": "piiiiiiiiii"}, {"uid": "500187822", "content": "卡哇伊"}, {"uid": "487379637", "content": "感谢区up主"}, {"uid": "341357299", "content": "好耶！！！！！！"}, {"uid": "1032536499", "content": "えっと、本当ですか？いいですか？ウ愈ちゃん。"}, {"uid": "89706707", "content": "嘿嘿嘿"}, {"uid": "52956736", "content": "果然不是人（笑"}, {"uid": "19333262", "content": "哈哈哈哈，明明是口技vtuber"}, {"uid": "515295548", "content": "wwwww"}, {"uid": "14112487", "content": "，草"}, {"uid": "20430240", "content": "wwww这身好好看"}, {"uid": "281258319", "content": "感谢系vtuber"}, {"uid": "179515180", "content": "………"}, {"uid": "747098", "content": "可爱wwww"}, {"uid": "76958508", "content": "草"}, {"uid": "4606342", "content": "好玩"}, {"uid": "240789580", "content": "来了，感谢区vup"}, {"uid": "1851908", "content": "草"}, {"uid": "95310198", "content": "既合理又离谱"}, {"uid": "11170154", "content": "噢噢噢噢噢噢"}, {"uid": "16312917", "content": "上当了！！"}, {"uid": "185872154", "content": "好诶！"}, {"uid": "9255492", "content": "哈哈哈哈"}, {"uid": "353114854", "content": "卡哇伊"}, {"uid": "7069244", "content": "岂可修 被骗了"}, {"uid": "197682661", "content": "我也不做人了uyu(O∆O)"}, {"uid": "349229621", "content": "上当了"}, {"uid": "197393064", "content": "哈哈哈哈"}, {"uid": "97161013", "content": "这，好像也对"}, {"uid": "363935885", "content": "Piiiii！！"}, {"uid": "1032536499", "content": "唉真的吗哇可以吗乌愈酱"}, {"uid": "95744291", "content": "好耶！"}, {"uid": "107361576", "content": "真刑啊"}, {"uid": "240155589", "content": "？？？"}, {"uid": "256250395", "content": "希望乌愈越来越棒"}, {"uid": "14197525", "content": "啊我死了"}, {"uid": "13123468", "content": "哈哈哈哈"}, {"uid": "15652685", "content": "草"}, {"uid": "163593096", "content": "piiiiiiii"}, {"uid": "90359282", "content": "piiiiiiiii"}, {"uid": "25136372", "content": "哈哈哈哈"}, {"uid": "693127626", "content": "我就知道！！！"}, {"uid": "15588298", "content": "草"}, {"uid": "355927848", "content": "卧槽卧槽卧槽"}, {"uid": "289492741", "content": "我就知道"}, {"uid": "39754580", "content": "哦哦哦哦哦哦哦哦哦哦哦"}, {"uid": "263259", "content": "草"}, {"uid": "3073838", "content": "上当了"}, {"uid": "10093770", "content": "？"}, {"uid": "384818562", "content": "草"}, {"uid": "1267833", "content": "好像没什么问题，又哪里不对劲"}, {"uid": "59861", "content": "上当了"}, {"uid": "476196093", "content": "好耶"}, {"uid": "349229621", "content": "是的呢"}, {"uid": "51033455", "content": "回归"}, {"uid": "29375033", "content": "piiiiiiii"}, {"uid": "8778512", "content": "piiiiii 我懂的"}, {"uid": "313993796", "content": "鸡叫"}, {"uid": "108419021", "content": "鸟语十级"}, {"uid": "9601257", "content": "离谱w"}, {"uid": "13024389", "content": "piiiiiii"}, {"uid": "6952499", "content": "好耶！"}, {"uid": "400107221", "content": "？？？"}, {"uid": "179162519", "content": "可爱可爱"}, {"uid": "77488393", "content": "piiiiiii"}, {"uid": "18253454", "content": "好耶！！！"}, {"uid": "473979667", "content": "wwwwww"}, {"uid": "2438064", "content": "Piii"}, {"uid": "263259", "content": "完全没问题"}, {"uid": "263259", "content": "感谢系VTB"}, {"uid": "3657234", "content": "2333"}, {"uid": "9212109", "content": "上当了"}, {"uid": "2933183", "content": "加油十万!"}, {"uid": "4355784", "content": "可爱"}, {"uid": "15133497", "content": "wwwwww"}, {"uid": "1683284", "content": "果然"}, {"uid": "476196093", "content": "草"}, {"uid": "435260385", "content": "！"}, {"uid": "6473948", "content": "草"}, {"uid": "27064021", "content": "草"}, {"uid": "251527861", "content": "草"}, {"uid": "73859864", "content": "上当了"}, {"uid": "239935695", "content": "感谢区up"}, {"uid": "28582428", "content": "草"}, {"uid": "17194837", "content": "哈哈哈"}, {"uid": "13327981", "content": "好活"}, {"uid": "46411311", "content": "piiiiii"}, {"uid": "6190811", "content": "草"}, {"uid": "136185", "content": "我懂了"}, {"uid": "1631806", "content": "？？？？？？？？？"}, {"uid": "13788875", "content": "好耶"}, {"uid": "2359368", "content": "草"}, {"uid": "10610995", "content": "2333333"}, {"uid": "95310198", "content": "哈哈哈哈哈"}, {"uid": "8700985", "content": "草"}, {"uid": "25158945", "content": "ooooohhhhhhhhh"}, {"uid": "143643221", "content": "果然"}, {"uid": "4150523", "content": "piiiii"}, {"uid": "954660", "content": "可爱"}, {"uid": "49918771", "content": "？？？？？？？"}, {"uid": "38419012", "content": "piiiiiii"}, {"uid": "341357299", "content": "！！！！！"}, {"uid": "24455887", "content": "哈哈哈哈哈"}, {"uid": "18134581", "content": "我不做人了"}, {"uid": "20981077", "content": "小埋是吧"}, {"uid": "843125", "content": "草"}, {"uid": "843125", "content": "ohhhhhhhhhhhhhhh"}, {"uid": "172839017", "content": "哈哈哈哈我要听的不是这个啊哈哈哈哈虽然也很可爱"}, {"uid": "107361576", "content": "哈哈哈"}, {"uid": "43889439", "content": "哈哈哈"}, {"uid": "3272604", "content": "诶?"}, {"uid": "31114395", "content": "是小鸡呢"}, {"uid": "400835906", "content": "草"}, {"uid": "5676856", "content": "好家伙"}, {"uid": "14833492", "content": "！？？"}, {"uid": "25115", "content": "被骗了"}, {"uid": "11019692", "content": "草"}, {"uid": "15445444", "content": "草"}, {"uid": "90359282", "content": "草"}, {"uid": "90359282", "content": "好耶！！！"}, {"uid": "26649", "content": "可爱"}, {"uid": "18253454", "content": "可爱"}, {"uid": "3073838", "content": "？？？？"}, {"uid": "10093770", "content": "好耶！"}, {"uid": "59861", "content": "哦哦哦哦哦哦"}, {"uid": "9255492", "content": "piiiiiiiii"}, {"uid": "259312964", "content": "piiiiii！"}, {"uid": "954660", "content": "piiiiii~"}, {"uid": "45864857", "content": "这样也没错"}, {"uid": "35837124", "content": "？"}, {"uid": "27575692", "content": "？？？？？？？？"}, {"uid": "29375033", "content": "感觉下个星期可以准备七万人的感谢视频了"}, {"uid": "51033455", "content": "这发音，6啊"}, {"uid": "37897347", "content": "我就知道"}, {"uid": "377796660", "content": "草"}, {"uid": "750656", "content": "草"}, {"uid": "1461416", "content": "Piiiiiiiiiiiiiiiiiiii"}, {"uid": "3272604", "content": "ohhhhhhhhh"}, {"uid": "157855544", "content": "wwww"}, {"uid": "160377112", "content": "鸟叫"}, {"uid": "20361690", "content": "？？？"}, {"uid": "288936652", "content": "可爱"}, {"uid": "11019692", "content": "草"}, {"uid": "16391204", "content": "草"}, {"uid": "11170154", "content": "草"}, {"uid": "314395900", "content": "piiiiiiiiii"}, {"uid": "1267833", "content": "？"}, {"uid": "7909650", "content": "哈哈哈哈哈"}, {"uid": "1899362", "content": "小狗"}, {"uid": "12953806", "content": "可爱wwww"}, {"uid": "4450118", "content": "草"}, {"uid": "6172387", "content": "纳尼"}, {"uid": "3272604", "content": "ohhhhhhhhhhhhhhhh"}, {"uid": "330824481", "content": "piiiiiiiiiiiiii"}, {"uid": "9182025", "content": "明明是piiiiiiiiiiiiii系vtb"}, {"uid": "29375033", "content": "乌愈哈哈哈哈哈哈哈哈哈哈哈哈哈哈哈哈哈"}, {"uid": "6952499", "content": "哈哈哈哈哈哈哈哈哈哈哈哈哈哈哈"}, {"uid": "46411311", "content": "坚持设定"}]