[{"uid": "60663033", "content": "26岁初吻还在"}, {"uid": "15138435", "content": "啊这。。。你是天才吗"}, {"uid": "13275281", "content": "不要啊"}, {"uid": "4165903", "content": "那不如互相配对解决吧（无悲）"}, {"uid": "160987", "content": "默默地流下了眼泪，我走了"}, {"uid": "14495557", "content": "直接还有初吻"}, {"uid": "925980", "content": "b站捡到鬼了"}, {"uid": "8033913", "content": "没有呢"}, {"uid": "18544285", "content": "草 过分了"}, {"uid": "23001624", "content": "外部矛盾内部处理"}, {"uid": "23001624", "content": "泪目"}, {"uid": "22363074", "content": "右边弹幕有个“我兴奋了”？？"}, {"uid": "22363074", "content": "老天才了"}, {"uid": "8367382", "content": "这个是陷阱。"}, {"uid": "5922085", "content": "Pinoなら大ok"}, {"uid": "5922085", "content": "duck不必"}, {"uid": "5922085", "content": "这样评论区的人就都解决了（"}, {"uid": "326981983", "content": "兔子都是魔鬼QAQ"}, {"uid": "439819", "content": "十八岁考完高考哦"}, {"uid": "472342171", "content": "我来亲，务必让我来亲！！"}, {"uid": "549602076", "content": "登登冻"}, {"uid": "3885523", "content": "草"}, {"uid": "7991044", "content": "杀人诛心"}, {"uid": "23001624", "content": "内部解决"}, {"uid": "22363074", "content": "嗯？行!"}, {"uid": "442548242", "content": "我觉得   彳亍！"}, {"uid": "20095870", "content": "你真聪明"}, {"uid": "67778694", "content": "速速击剑！"}, {"uid": "22363074", "content": "这，太过刺激了吧"}, {"uid": "5922085", "content": "草"}, {"uid": "638736", "content": "天才pino"}, {"uid": "526624", "content": "你这个恶魔"}, {"uid": "440687734", "content": "草"}, {"uid": "3153180", "content": "好耶"}, {"uid": "16673336", "content": "？？？？"}, {"uid": "476835027", "content": "别骂了"}, {"uid": "245686433", "content": "啊这"}, {"uid": "3651311", "content": "←我兴奋了"}, {"uid": "161994719", "content": "没"}, {"uid": "14495557", "content": "来来来来"}, {"uid": "8488421", "content": "现在还在哦"}, {"uid": "14998059", "content": "你们不会是处男吧"}, {"uid": "602003", "content": "？？？"}, {"uid": "16673336", "content": "好家伙"}, {"uid": "11266007", "content": "你再骂？"}, {"uid": "53105364", "content": "？？？？"}, {"uid": "20317592", "content": "？？？"}, {"uid": "512770", "content": "好耶"}, {"uid": "7556722", "content": "？？？"}, {"uid": "201631582", "content": "草"}, {"uid": "53339046", "content": "草"}, {"uid": "3346365", "content": "？"}, {"uid": "67778694", "content": "说不出来呀"}, {"uid": "20162801", "content": "别骂了别骂了"}, {"uid": "220631262", "content": "草"}, {"uid": "201631582", "content": "草"}, {"uid": "22363074", "content": "？？？？"}, {"uid": "22363074", "content": "你.."}, {"uid": "450967276", "content": "草"}, {"uid": "14075018", "content": "？"}, {"uid": "439819", "content": "YAMERO"}, {"uid": "3885523", "content": "草"}, {"uid": "15138435", "content": "草w"}, {"uid": "13275281", "content": "混账啊啊啊"}, {"uid": "512770", "content": "住口！"}, {"uid": "23001624", "content": "别骂了"}, {"uid": "21896921", "content": "？？？？？？？？？"}, {"uid": "28613830", "content": "我就知道"}, {"uid": "349962230", "content": "？草"}, {"uid": "3153180", "content": "倒也不必"}, {"uid": "476835027", "content": "草"}, {"uid": "19762", "content": "？"}, {"uid": "512770", "content": "但是我拒绝！"}, {"uid": "1901178", "content": "草"}, {"uid": "68326", "content": "？？？？？？"}, {"uid": "10830153", "content": "天才"}, {"uid": "537972", "content": "好耶"}, {"uid": "326981983", "content": "魔鬼"}, {"uid": "454119302", "content": "草"}, {"uid": "140781", "content": "别骂了别骂了"}, {"uid": "512770", "content": "？？？"}, {"uid": "442548242", "content": "啊这？"}, {"uid": "2644474", "content": "你再骂"}, {"uid": "2644474", "content": "你再骂"}, {"uid": "801974", "content": "？？？？？"}, {"uid": "50074520", "content": "？？？？？？"}, {"uid": "185872154", "content": "草草草"}, {"uid": "579930", "content": "？？？"}, {"uid": "4768475", "content": "¿¿¿¿¿¿¿¿¿¿¿¿¿¿¿¿¿¿¿¿¿¿¿¿¿¿¿¿¿¿¿¿¿¿¿¿"}]