[{"uid": "193101996", "content": "You are my angle"}, {"uid": "8063179", "content": "_(:3 ⌒ﾞ)_"}, {"uid": "141338", "content": "可愛い"}, {"uid": "11691053", "content": "好听好听"}, {"uid": "20162801", "content": "pinopinopi"}, {"uid": "2203831", "content": "偶像！pino！偶像！"}, {"uid": "16768366", "content": "\\天才/\\pino/\\天才/\\pino/"}, {"uid": "23001624", "content": "！！！"}, {"uid": "416376757", "content": "suki"}, {"uid": "434408610", "content": "3d化gkd"}, {"uid": "1585993", "content": "比乃就是天使！！！"}, {"uid": "533369", "content": "恭喜出道！爱多路皮诺大好！！"}, {"uid": "108162851", "content": "加油"}, {"uid": "11684829", "content": "加油皮喏"}, {"uid": "5709594", "content": "可爱！pino！天才！"}, {"uid": "1788946", "content": "好听好听"}, {"uid": "900537", "content": "天才pino！"}, {"uid": "2829311", "content": "好"}, {"uid": "11625907", "content": "歌词真好"}, {"uid": "305527", "content": "\\天才/\\pino/\\天才/\\pino/"}, {"uid": "13644883", "content": "\\pino/\\天才/"}, {"uid": "3885523", "content": "♪⸜(๑ ॑꒳ ॑๑)⸝♪✰"}, {"uid": "883841", "content": "you are my angel！"}, {"uid": "28675688", "content": "可以期待的"}, {"uid": "30949266", "content": "\\天才pino/\\天才pino/"}, {"uid": "3885523", "content": "来了来了来了"}, {"uid": "3238106", "content": "\\pino/"}, {"uid": "3236276", "content": "真可爱啊"}, {"uid": "7861653", "content": "让我康康"}, {"uid": "883791", "content": "\\pino/\\pino/\\pino/"}, {"uid": "1585993", "content": "\\比乃/\\比乃/\\比乃/\\比乃/\\比乃/​"}, {"uid": "110726543", "content": "♪pino♪pino♪pino♪pino♪pino♪"}, {"uid": "2260675", "content": "\\天才/\\pino/\\天才/\\pino/\\天才/\\pino/\\天才/\\pino/\\天才/\\pino/\\天才/\\pino/"}, {"uid": "2260675", "content": "\\天才/\\pino/\\天才/\\pino/\\天才/\\pino/\\天才/\\pino/\\天才/\\pino/\\天才/\\pino/"}]