[{"uid": "6607462", "content": "儿童座椅是吧"}, {"uid": "20157703", "content": "！！！！"}, {"uid": "399039390", "content": "这是个孩子吧..."}, {"uid": "24975958", "content": "不如椅子上绑个安全带"}, {"uid": "78091670", "content": "太小只了……"}, {"uid": "198687504", "content": "哈哈哈"}, {"uid": "101193063", "content": "草"}, {"uid": "15138435", "content": "草www有画面了"}, {"uid": "5582949", "content": "草"}, {"uid": "489074194", "content": "草()"}, {"uid": "22363074", "content": "这也太可爱了吧"}, {"uid": "2054990", "content": "你把投稿的框看成桌子边就有画面了"}, {"uid": "416376757", "content": "草"}, {"uid": "30949266", "content": "www"}, {"uid": "8309253", "content": "桌子太高了，www"}, {"uid": "32147060", "content": "哈哈哈"}, {"uid": "32147060", "content": "？"}, {"uid": "8063179", "content": "还有特效"}, {"uid": "497893", "content": "特效还加上了草"}, {"uid": "22363074", "content": "开幕整活"}, {"uid": "1808632", "content": "经典脚不着地？"}, {"uid": "1464514", "content": "草"}, {"uid": "5450078", "content": "草"}, {"uid": "7991044", "content": "这是有多小只啊"}, {"uid": "101193063", "content": "还有z这种事"}, {"uid": "34670630", "content": "草"}, {"uid": "12576377", "content": "好耶"}, {"uid": "23994857", "content": "草"}, {"uid": "185872154", "content": "草"}, {"uid": "32147060", "content": "我该去看录播了"}, {"uid": "82653981", "content": "预防颈椎病"}, {"uid": "4225009", "content": "草，绝了"}, {"uid": "12738614", "content": "草"}, {"uid": "334926483", "content": "草"}, {"uid": "497893", "content": "草"}, {"uid": "78091670", "content": "草"}, {"uid": "185872154", "content": "好可爱"}, {"uid": "489074194", "content": "哈哈哈哈"}, {"uid": "8367382", "content": "哈哈哈哈哈"}, {"uid": "4213301", "content": "草"}, {"uid": "2405004", "content": "桌子太高了吧"}, {"uid": "68326", "content": "草"}, {"uid": "16673336", "content": "草"}, {"uid": "3773507", "content": "好低"}, {"uid": "23994857", "content": "哈哈"}, {"uid": "130554", "content": "阿哲"}, {"uid": "513904", "content": "草，该不会是14x吧"}, {"uid": "747098", "content": "草"}, {"uid": "2316613", "content": "草"}, {"uid": "8979804", "content": "草"}, {"uid": "12891523", "content": "草"}, {"uid": "13787857", "content": "啊这"}, {"uid": "8021583", "content": "草"}, {"uid": "1903167", "content": "草"}, {"uid": "3885523", "content": "Ｏ(≧▽≦)Ｏ "}]