[{"uid": "20279659", "content": "这是什么神奇的比喻？"}, {"uid": "258613", "content": "说死一位"}, {"uid": "211736327", "content": "团长你安息吧，兔兔在给你报仇了"}, {"uid": "211736327", "content": "草"}, {"uid": "8063179", "content": "草，团长升天啦"}, {"uid": "8063179", "content": "草"}, {"uid": "7105828", "content": "哥哥长得很可疑还行"}, {"uid": "23994857", "content": "草"}, {"uid": "7991044", "content": "草"}, {"uid": "2524261", "content": "这是我不掏钱也能看的内容吗"}, {"uid": "525207", "content": "草"}, {"uid": "3109422", "content": "谢谢你，任天堂"}, {"uid": "3109422", "content": "谢谢你，任天堂"}, {"uid": "3109422", "content": "dark oto"}, {"uid": "12520961", "content": "哈哈哈哈哈哈"}, {"uid": "12520961", "content": "草"}, {"uid": "68326", "content": "？？？？？"}, {"uid": "1901178", "content": "草"}, {"uid": "579930", "content": "合法"}, {"uid": "900537", "content": "草，阿团被pino献祭了（误"}, {"uid": "900537", "content": "hhhhhhhh   pino太矮了"}, {"uid": "7607529", "content": "？"}, {"uid": "300846", "content": "？"}, {"uid": "7991044", "content": "???????"}, {"uid": "3447366", "content": "？？？"}]