[{"uid": "24436744", "content": "大爷来玩啊("}, {"uid": "98258", "content": "卡布达不坏，另一个似乎没看过？"}, {"uid": "294464633", "content": "涩不起来"}, {"uid": "59861", "content": "哇哦"}, {"uid": "1914968", "content": "好家伙，这个是真论文啊"}, {"uid": "8063179", "content": "？？？"}, {"uid": "3844363", "content": "老涩皮"}, {"uid": "143990866", "content": "草"}, {"uid": "98654326", "content": "草"}, {"uid": "2282698", "content": "草"}, {"uid": "285826982", "content": "草"}, {"uid": "3885523", "content": "草"}, {"uid": "14495557", "content": "hso"}, {"uid": "189752", "content": "草"}, {"uid": "59861", "content": "草"}, {"uid": "3344957", "content": "草"}, {"uid": "16673336", "content": "草"}, {"uid": "2203831", "content": "草"}, {"uid": "3109422", "content": "OMO"}]