[{"uid": "95699", "content": "完了 我怎么看怎么杀意喵"}, {"uid": "4093010", "content": "霸气的大魔王"}, {"uid": "33205365", "content": "非静止画面"}, {"uid": "3019210", "content": "好威严hhhhhhh"}, {"uid": "754761", "content": "喵 大 林"}, {"uid": "686344", "content": "非静止画面"}, {"uid": "1437754", "content": "一股子黑道大佬的感觉"}, {"uid": "23001624", "content": "草，真的很像大魔王"}, {"uid": "58263616", "content": "好，很有精神"}, {"uid": "5892616", "content": "威严满满"}, {"uid": "100611699", "content": "吊面无情"}, {"uid": "577143", "content": "配信が無い日の殺意様"}, {"uid": "322569054", "content": "大林同志"}, {"uid": "37531245", "content": "威严"}, {"uid": "754761", "content": "凶神恶煞"}, {"uid": "23001624", "content": "威严"}, {"uid": "10856525", "content": "思考猫生~"}, {"uid": "364653020", "content": "是大林"}, {"uid": "7991044", "content": "杀意佬？"}, {"uid": "7912318", "content": "吊面猫？"}, {"uid": "29643", "content": "威严"}, {"uid": "16096557", "content": "？"}, {"uid": "309027183", "content": "杀 意 喵"}]