[{"uid": "211736327", "content": "长耳兔使用报恩"}, {"uid": "12891523", "content": "草"}, {"uid": "154093980", "content": "？？现实不可以！这是真正的变态啊！！！"}, {"uid": "259169", "content": "是的"}, {"uid": "259169", "content": "干杯！"}, {"uid": "259169", "content": "等等 你是来四川上厕所了吗"}, {"uid": "259169", "content": "干杯！"}, {"uid": "78091670", "content": "对不起！我们都是！耶！"}, {"uid": "78091670", "content": "？？？？？？？"}, {"uid": "78091670", "content": "所以你是走到一半就回来了是吧？(狗头)"}, {"uid": "248600282", "content": "卧槽，那是真变态"}, {"uid": "354112", "content": "南水北调草"}, {"uid": "98258", "content": "原来是兔子吗？我还以为是羊之类的"}, {"uid": "81614539", "content": "草"}, {"uid": "30874795", "content": "我特么？这不直接报警"}, {"uid": "341048421", "content": "她太变态了"}, {"uid": "73356582", "content": "sodayo"}, {"uid": "488229092", "content": "梅开二度"}, {"uid": "488229092", "content": "pino的肯定"}, {"uid": "355927848", "content": "sorry. 真的"}, {"uid": "26631", "content": "你家还蛮大的哦"}, {"uid": "318161777", "content": "想逃过我的24k纯钛合金狗眼？门都没有！"}, {"uid": "4698160", "content": "不了，我们玩不过那个女人"}, {"uid": "16438254", "content": "现实遇到的话还是...."}, {"uid": "7991044", "content": "官方肯定"}, {"uid": "50258975", "content": "我是变态 但我没有"}, {"uid": "7991044", "content": "富婆！"}, {"uid": "7991044", "content": "提前干杯"}, {"uid": "31286105", "content": "草"}, {"uid": "31286105", "content": "草"}, {"uid": "1397128", "content": "干杯"}, {"uid": "126619", "content": "干杯（混入其中）"}, {"uid": "301386111", "content": "注：团长当初就是上班憋尿进医院的"}, {"uid": "667999", "content": "不要以为你可以躲过去"}, {"uid": "21550586", "content": "。。。我不是！我没有！别乱说！"}, {"uid": "257585863", "content": "原来是有阴影"}, {"uid": "8403689", "content": "我家还蛮大的"}, {"uid": "635759", "content": "炎拳艾……艾……艾莉欧？"}, {"uid": "67778694", "content": "团长：九折？？"}, {"uid": "3109422", "content": "在现场，皮诺回来看到弹幕一堆干杯还一起干杯来着"}, {"uid": "41648881", "content": "好姐妹"}, {"uid": "81614539", "content": "草?现实的也太......"}, {"uid": "53571040", "content": "？？？"}, {"uid": "4698160", "content": "现实遇到建议报警"}, {"uid": "50258975", "content": "哈哈哈哈哈或"}, {"uid": "395280", "content": "草"}, {"uid": "31955486", "content": "误会了啊"}, {"uid": "21582460", "content": "？？？这是真变态吧"}, {"uid": "98654326", "content": "？？"}, {"uid": "21550586", "content": "好家伙"}, {"uid": "6374269", "content": "南 辕 北 辙"}, {"uid": "6819689", "content": "哦~舒爽！"}, {"uid": "243131261", "content": "？？？？？？？？？？？？？"}, {"uid": "1939565", "content": "？？？"}, {"uid": "488229092", "content": "草"}, {"uid": "23562069", "content": "草"}, {"uid": "31286105", "content": "草"}, {"uid": "2780116", "content": "啊这"}, {"uid": "549602076", "content": "好家伙"}, {"uid": "8290068", "content": "暂停成功"}, {"uid": "1566935", "content": "干杯！干杯！"}, {"uid": "259169", "content": "草？"}, {"uid": "21832162", "content": "铁咩"}, {"uid": "37531245", "content": "草"}, {"uid": "775716", "content": "？？？？"}, {"uid": "9643544", "content": "草"}, {"uid": "73356582", "content": "南水北调"}, {"uid": "251129323", "content": "建议报警"}, {"uid": "483498", "content": "sodayo"}, {"uid": "1361936", "content": "？？？？？"}, {"uid": "273252538", "content": "哈哈哈哈"}, {"uid": "11202938", "content": "？？？？"}, {"uid": "14872124", "content": "五千公里大草"}, {"uid": "23994857", "content": "草"}, {"uid": "549602076", "content": "假面骑士www"}, {"uid": "21143310", "content": "草"}, {"uid": "500391027", "content": "报警！"}, {"uid": "17480001", "content": "草"}, {"uid": "310843417", "content": "u"}, {"uid": "23562069", "content": "？？？"}, {"uid": "31286105", "content": "不了，玩不过她"}, {"uid": "211736327", "content": "草，还真有?"}, {"uid": "13792286", "content": "草"}, {"uid": "2488815", "content": "现实中还有这种人？"}, {"uid": "6457206", "content": "草"}, {"uid": "6279647", "content": "草"}, {"uid": "306973215", "content": "？？？？？"}, {"uid": "761193", "content": "？？？？"}, {"uid": "488229092", "content": "我不是呀"}, {"uid": "50258975", "content": "哈哈哈哈"}, {"uid": "126619", "content": "114514"}, {"uid": "2282698", "content": "草"}, {"uid": "78817", "content": "？？？"}, {"uid": "251129323", "content": "嗯？？？"}, {"uid": "488229092", "content": "草"}, {"uid": "98654326", "content": "草"}, {"uid": "427376369", "content": "草"}, {"uid": "11202938", "content": "揍他丫的"}, {"uid": "78091670", "content": "？？？？？？？？？？？？？？？？"}]