[{"uid": "17699054", "content": "さすがピノ"}, {"uid": "17699054", "content": "多分ルフィです"}, {"uid": "17699054", "content": "おんこちしん"}, {"uid": "17699054", "content": "こうがんむち"}, {"uid": "17699054", "content": "がりょうてんせい"}, {"uid": "17699054", "content": "其实针小棒大在汉语词典里也能查到"}, {"uid": "17699054", "content": "全国3位すごい！"}, {"uid": "17699054", "content": "焼肉定食！"}, {"uid": "17699054", "content": "正解！"}, {"uid": "17699054", "content": "正解:D"}, {"uid": "17699054", "content": "正解:10分"}, {"uid": "17699054", "content": "正解:10分"}, {"uid": "17699054", "content": "正解:5日"}, {"uid": "17699054", "content": "正解:ねこが11匹、アヒルが12匹"}, {"uid": "17699054", "content": "这里都たぶん后面就惨了"}, {"uid": "325181", "content": "？？？槽点太多不知道从哪里开始比较好"}, {"uid": "1952406", "content": "压轴题"}]