[{"uid": "18287192", "content": "11只猫12只鸭（即答）"}, {"uid": "2078024", "content": "C"}, {"uid": "11797451", "content": "大概还行"}, {"uid": "259169", "content": "？？？"}, {"uid": "259169", "content": "居然反应过来了"}, {"uid": "259169", "content": "真合理！"}, {"uid": "78091670", "content": "“大概”"}, {"uid": "78091670", "content": "灵魂画手"}, {"uid": "12257689", "content": "这孩子不得了"}, {"uid": "108822714", "content": "这个用大学会计的知识就很容易解出来了"}, {"uid": "50074520", "content": "天才"}, {"uid": "543947819", "content": "啊这"}, {"uid": "2182008", "content": "草，天才"}, {"uid": "401099828", "content": "三千减五百得应缴两千五，服务员私吞两百，返还三百，加起来还是三千，题目逻辑不对"}, {"uid": "80558654", "content": "人家叫五郎丸你猜老三叫啥（滑稽）"}, {"uid": "286465476", "content": "天才"}, {"uid": "1271249", "content": "五郎"}, {"uid": "22363074", "content": "天才就对了"}, {"uid": "635759", "content": "正确答案：选C，丙坐在C座"}, {"uid": "652198876", "content": "这种题也只有‘天才’能理解了"}, {"uid": "372659", "content": "变成脑筋急转弯了"}, {"uid": "8091061", "content": "y＋x＝23"}, {"uid": "10733398", "content": "日语里兄弟包含兄弟姐妹的意思吧？"}, {"uid": "2186707", "content": "哈哈哈哈哈"}, {"uid": "7181616", "content": "老三和老四是姐妹，不是兄弟，嗯"}, {"uid": "7181616", "content": "万一，小明是爸爸的名字呢……"}, {"uid": "7181616", "content": "3+2x>10，接完得答案"}, {"uid": "4661588", "content": "哈哈哈哈哈哈"}, {"uid": "4661588", "content": "草"}, {"uid": "3109422", "content": "经典问题小明家兄弟两人，老大叫大毛，老二叫啥"}, {"uid": "476835027", "content": "海马是社长"}, {"uid": "51427", "content": "可能他还有两个姐姐"}, {"uid": "51427", "content": "哈哈哈"}, {"uid": "14075018", "content": "猫11只鸭子12只"}, {"uid": "240974", "content": "鸡兔同笼做成鸡兔同锅是吧"}, {"uid": "93141", "content": "2x+4y=68 x+y=23 联立方程组"}, {"uid": "429737535", "content": "jo级生物pino"}, {"uid": "1808632", "content": "我已经开始笑了"}, {"uid": "23001624", "content": "答案，解开了"}, {"uid": "23001624", "content": "鸡兔同笼草"}, {"uid": "23001624", "content": "草"}, {"uid": "15138435", "content": " 未曾设想的道路"}, {"uid": "68326", "content": "不愧是你"}, {"uid": "2907196", "content": "wwww漫画之国特有的解题技巧w"}, {"uid": "55950", "content": "啊这"}, {"uid": "3827357", "content": "草草草"}, {"uid": "807315", "content": "这不是数学问题么？怎么还画上了233333"}, {"uid": "87896682", "content": "鸡兔同笼"}, {"uid": "296678", "content": "少壮不努力"}, {"uid": "581645", "content": "吃掉还行"}, {"uid": "59420354", "content": "尘封的生物知识，海马记得好像是鱼来着"}, {"uid": "24971901", "content": "你就离谱"}, {"uid": "38242335", "content": "DD折磨题"}, {"uid": "1597017", "content": "草"}, {"uid": "13551973", "content": "草"}, {"uid": "526624", "content": "最经典的答案来了"}, {"uid": "497243", "content": "草"}, {"uid": "173877049", "content": "难怪原题是鸡兔同笼，因为互相都没法吃对方"}, {"uid": "32376569", "content": "天才"}, {"uid": "5099697", "content": "虎鲸和海豚是同一类生物"}, {"uid": "3779717", "content": "真田昌幸点了个赞"}, {"uid": "52453166", "content": "草"}, {"uid": "4661588", "content": "?"}, {"uid": "2260184", "content": "草。这个题当时难倒一大片人"}, {"uid": "2260184", "content": "啊这"}, {"uid": "127978", "content": "IQ 52亿（自称）的甜菜偶像Pino DA☆ZE"}, {"uid": "175810618", "content": "这恒河里"}, {"uid": "23001624", "content": "？？"}, {"uid": "813330", "content": "完美生物"}, {"uid": "7607529", "content": "天才"}, {"uid": "37531245", "content": "？？？？？？？？？"}, {"uid": "55950", "content": "？？？？？？？"}, {"uid": "343038735", "content": "经典折磨"}, {"uid": "380517", "content": "开幕就是鸡兔同笼"}, {"uid": "12891523", "content": "草"}, {"uid": "29676271", "content": "草"}, {"uid": "10853631", "content": "草"}, {"uid": "7991044", "content": "？？？"}, {"uid": "15568897", "content": "果然vtb都是丈育"}, {"uid": "286465476", "content": "少壮不努力，长大（）"}, {"uid": "22363074", "content": "天才pino"}, {"uid": "4784719", "content": "把正负号弄清楚。这题就根本糊弄不到人"}, {"uid": "3952015", "content": "C"}, {"uid": "4661588", "content": "哈哈哈哈哈哈哈哈"}, {"uid": "326081815", "content": "哺乳动物"}, {"uid": "23561820", "content": "？？"}, {"uid": "175810618", "content": "草"}, {"uid": "175810618", "content": "哈哈哈哈哈哈"}, {"uid": "1808632", "content": "草"}, {"uid": "131459984", "content": "合理"}, {"uid": "23001624", "content": "刁钻"}, {"uid": "36774639", "content": "这不是唐伯虎点秋香里的神鸟凤凰吗？"}, {"uid": "2907196", "content": "天才"}, {"uid": "46669923", "content": "虎鲸是海豚科的"}, {"uid": "57007759", "content": "草"}, {"uid": "319616", "content": "200重复计了"}, {"uid": "50074520", "content": "草"}, {"uid": "34959019", "content": "少壮不努力，老大________."}, {"uid": "8091061", "content": "公式来了，算吧"}, {"uid": "443032541", "content": "草"}, {"uid": "15138435", "content": "草"}, {"uid": "125720", "content": "草"}, {"uid": "6793712", "content": "？？？？？？？？"}, {"uid": "36277250", "content": "是哺乳动物"}, {"uid": "248600282", "content": "天才"}, {"uid": "12891523", "content": "哈哈哈"}, {"uid": "481227155", "content": "草"}, {"uid": "39925", "content": "草"}, {"uid": "44303444", "content": "题目就有问题了  "}, {"uid": "11023660", "content": "草"}, {"uid": "401099828", "content": "草"}, {"uid": "80558654", "content": "就为了骗你取的"}, {"uid": "34959019", "content": "???????"}, {"uid": "434431", "content": "龟兔赛跑问题"}, {"uid": "377129740", "content": "猫11鸭12"}, {"uid": "4661588", "content": "？"}, {"uid": "101193063", "content": "实在不会就列一个二元一次方程组啊。。。"}, {"uid": "23561820", "content": "天才"}, {"uid": "127978", "content": "？？？？？？？"}, {"uid": "11810609", "content": "草"}, {"uid": "23001624", "content": "？？"}, {"uid": "1791955", "content": "怕不是要穷举了"}, {"uid": "2907196", "content": "草"}, {"uid": "671968", "content": "草"}, {"uid": "349770186", "content": "设鸭为x只，猫为y"}, {"uid": "401099828", "content": "草"}, {"uid": "259169", "content": "？？？？"}, {"uid": "78091670", "content": "草"}, {"uid": "12891523", "content": "啊这"}, {"uid": "87896682", "content": "？"}, {"uid": "10778462", "content": "还能大概的？"}, {"uid": "543947819", "content": "太经典了"}, {"uid": "33620493", "content": "！"}, {"uid": "296678", "content": "老大vtb"}, {"uid": "1921751", "content": "草"}, {"uid": "80558654", "content": "？"}, {"uid": "1464514", "content": "草"}, {"uid": "44681183", "content": "逻辑错误"}, {"uid": "91663645", "content": "？"}, {"uid": "2186707", "content": "屁的2700，明明是2800"}, {"uid": "10162553503", "content": "草"}, {"uid": "16438254", "content": "我笑死了快"}, {"uid": "16438254", "content": "hHhH"}, {"uid": "3109422", "content": "草"}, {"uid": "52047503", "content": "穷举法"}, {"uid": "23561820", "content": "合理"}, {"uid": "354624", "content": "草"}, {"uid": "6361313", "content": "天才"}, {"uid": "80558654", "content": "草"}, {"uid": "345075613", "content": "2233"}, {"uid": "173877049", "content": "哺乳动物"}, {"uid": "277979070", "content": "草"}, {"uid": "495535", "content": "草"}, {"uid": "375232", "content": "？？恶魔"}, {"uid": "20022534", "content": "卡兹～"}, {"uid": "4661588", "content": "绝了"}, {"uid": "1474859", "content": "天才"}, {"uid": "23001624", "content": "草"}, {"uid": "11157021", "content": "万万没想到的回答"}, {"uid": "4213301", "content": "？"}, {"uid": "8793780", "content": "这个很简单啊：分出去的是300（分掉的）  加回来的是200（服务员手上的）差值100"}, {"uid": "512770", "content": "草"}, {"uid": "33620493", "content": "????画出来？？"}, {"uid": "652198876", "content": "错误的题目啊这"}, {"uid": "8091061", "content": "2y+4x＝68"}, {"uid": "16438254", "content": "......"}, {"uid": "32147060", "content": "草草草"}, {"uid": "443032541", "content": "好耶"}, {"uid": "81614539", "content": "草"}, {"uid": "848689", "content": "合理"}, {"uid": "2178186", "content": "草"}, {"uid": "23001624", "content": "痴呆"}, {"uid": "68060881", "content": "草"}, {"uid": "6104958", "content": "????"}, {"uid": "24234281", "content": "天才啊"}, {"uid": "3356727", "content": "草"}, {"uid": "300846", "content": "你们都问的什么问题啊！"}, {"uid": "81614539", "content": "草"}, {"uid": "813330", "content": "草"}, {"uid": "181566", "content": "草"}, {"uid": "42313195", "content": "虎鲸是哺乳动物鲸目，海马倒是鱼纲海龙目"}, {"uid": "58359037", "content": "题目问题，根本就不是每人900"}]