[{"uid": "49805658", "content": "铁蒺藜？"}, {"uid": "3882130", "content": "“我家还蛮大的”"}, {"uid": "16287499", "content": "你怎么这么熟练"}, {"uid": "1596732", "content": "草"}, {"uid": "1596732", "content": "草"}, {"uid": "3583863", "content": "青梅竹马的胜利"}, {"uid": "497315106", "content": "比乃赢没赢我不知到，但早稻叽肯定输了"}, {"uid": "37141131", "content": "你还想有什么想法？"}, {"uid": "32147060", "content": "“欢迎来我家玩，玩累了就直接睡觉”"}, {"uid": "32147060", "content": "？还有这种事？"}, {"uid": "353039514", "content": "修学旅行?"}, {"uid": "185872154", "content": "草"}, {"uid": "401099828", "content": "早小姐输麻了"}, {"uid": "401099828", "content": "地刺"}, {"uid": "7991044", "content": "已经赢了"}, {"uid": "7991044", "content": "？？？"}, {"uid": "29859", "content": "赢了！"}, {"uid": "526624", "content": "太主动了"}, {"uid": "526624", "content": "妹妹卡"}, {"uid": "7713860", "content": "哈哈哈哈哈哈哈哈哈哈哈"}, {"uid": "900537", "content": "hhhhhhhhh"}, {"uid": "20022534", "content": "草"}, {"uid": "925980", "content": "妹妹卡"}, {"uid": "925980", "content": "渣"}, {"uid": "925980", "content": "先说出口的赢了草"}, {"uid": "258165", "content": "可怜的和子"}, {"uid": "590272", "content": "噔噔咚"}, {"uid": "355927848", "content": "来了 来了"}, {"uid": "393294", "content": "早小姐*2"}, {"uid": "170865942", "content": "《才》"}, {"uid": "8298552", "content": "草"}, {"uid": "37141131", "content": "草"}, {"uid": "33919342", "content": "渣男标准发言"}, {"uid": "306797", "content": "草"}, {"uid": "258165", "content": "@早稻叽"}, {"uid": "185872154", "content": "草"}, {"uid": "8367382", "content": "wwwwwwwwwww"}, {"uid": "185872154", "content": "草"}, {"uid": "29859", "content": "别无选择"}, {"uid": "59861", "content": "草"}, {"uid": "526624", "content": "草"}, {"uid": "258165", "content": "草"}, {"uid": "11625907", "content": "草"}, {"uid": "78091670", "content": "草"}, {"uid": "2629851", "content": "赢了赢了赢了"}, {"uid": "68326", "content": "草"}, {"uid": "174327", "content": "草"}, {"uid": "170865942", "content": "？？？？？"}, {"uid": "2629851", "content": "草"}, {"uid": "32147060", "content": "老渣女了"}, {"uid": "16673336", "content": "好渣"}]