[{"uid": "401099828", "content": "团长都没她变态是怎么回事"}, {"uid": "442376", "content": "虚空假面？"}, {"uid": "8605613", "content": "你是个锤子偶像"}, {"uid": "1686538", "content": "那头岂不是……"}, {"uid": "9065270", "content": "牙白"}, {"uid": "337588", "content": "好臭啊啊啊啊"}, {"uid": "4150879", "content": "那脖子到头的部分岂不就是…"}, {"uid": "200863", "content": "？？？"}, {"uid": "21832162", "content": "给组长点赞"}, {"uid": "21832162", "content": "那可真是抱歉"}, {"uid": "21832162", "content": "。。。。。"}, {"uid": "21832162", "content": "假装不是很懂"}, {"uid": "21832162", "content": "团长无言以对"}, {"uid": "21832162", "content": "场面逐渐失控。黑历史合影。"}, {"uid": "21832162", "content": "震惊"}, {"uid": "21832162", "content": "话题逐渐不正常"}, {"uid": "21832162", "content": "早小姐输麻了"}, {"uid": "18762640", "content": "玩懂了www"}, {"uid": "5449165", "content": "让团长玩懂了"}, {"uid": "5449165", "content": "最 高 指 令"}, {"uid": "13976403", "content": "草"}, {"uid": "380276", "content": "草"}, {"uid": "9994946", "content": "击剑"}, {"uid": "36183024", "content": "草"}, {"uid": "642368", "content": "草"}, {"uid": "50659", "content": "我信你个鬼,你个糟老头子坏的很"}, {"uid": "50659", "content": "绝了"}, {"uid": "7615461", "content": "字幕组：懂了"}, {"uid": "7991044", "content": "？？？？？？"}, {"uid": "6027937", "content": "吉尼斯世界纪录最大金玉("}, {"uid": "282177030", "content": "草"}, {"uid": "635759", "content": "不能切！"}, {"uid": "635759", "content": "早小姐快来！"}, {"uid": "953858", "content": "在切了在切了"}, {"uid": "1808632", "content": "不许切"}, {"uid": "30949266", "content": "？"}, {"uid": "23001624", "content": "草"}, {"uid": "8605613", "content": "车速飙起来了"}, {"uid": "5400027", "content": "太混沌了"}, {"uid": "200863", "content": "？？？"}, {"uid": "21832162", "content": "这波配合的不是很好"}, {"uid": "326981983", "content": "？？？？？"}, {"uid": "8935279", "content": "啊？"}, {"uid": "9994946", "content": "最高指令"}, {"uid": "187273", "content": "草"}, {"uid": "22429106", "content": "懂了"}, {"uid": "22429106", "content": "最高指令"}, {"uid": "20022534", "content": "草"}, {"uid": "635759", "content": "哈哈哈"}, {"uid": "18762640", "content": "哈哈哈哈哈哈"}, {"uid": "401099828", "content": "草"}, {"uid": "8935279", "content": "草"}, {"uid": "483401256", "content": "是梦想啊"}, {"uid": "18762640", "content": "草"}, {"uid": "694641688", "content": "草"}, {"uid": "170846946", "content": "被压制的团长suki"}, {"uid": "642368", "content": "哈哈哈"}, {"uid": "15190652", "content": "最高指令"}, {"uid": "5681054", "content": "哈哈哈哈哈"}, {"uid": "30949266", "content": "哈哈哈，最高指令"}, {"uid": "231667339", "content": "？？？？？？"}, {"uid": "318161777", "content": "哈哈哈哈哈哈哈"}, {"uid": "7991044", "content": "至高指令"}, {"uid": "282177030", "content": "？"}, {"uid": "1952406", "content": "草"}, {"uid": "1808632", "content": "哈哈哈哈哈"}, {"uid": "30949266", "content": "？？？"}, {"uid": "13832195", "content": "？？？"}, {"uid": "5752743", "content": "太混沌了"}, {"uid": "23001624", "content": "早小姐输了"}, {"uid": "9065270", "content": "草"}, {"uid": "23561820", "content": "？？？"}, {"uid": "7713860", "content": "草"}]