[{"uid": "21674164", "content": "泽   城   美   雪"}, {"uid": "21674164", "content": "ohhhhhh"}, {"uid": "78091670", "content": "哈哈哈哈哈哈哈哈哈"}, {"uid": "1433095", "content": "好熟练啊"}, {"uid": "2629851", "content": "三倍速草草草"}, {"uid": "18167711", "content": "草，我口水喷出来了"}, {"uid": "121938437", "content": "？？？"}, {"uid": "274684952", "content": "我也想知道怎么过的"}, {"uid": "290512", "content": "一张嘴就渣男音"}, {"uid": "60263286", "content": "魔能释放怎么说"}, {"uid": "1459833535", "content": "三倍icecream！！"}, {"uid": "189752", "content": "草"}, {"uid": "444979990", "content": "这个特效莫名想笑哈哈哈哈哈"}, {"uid": "8403689", "content": "真.好快的车"}, {"uid": "54724", "content": "虎狼之词"}, {"uid": "442340133", "content": "FBI open the door"}, {"uid": "44796830", "content": "cece好快的车车"}, {"uid": "25636", "content": "不愧是赤色彗星"}, {"uid": "25636", "content": "草"}, {"uid": "1624028", "content": "所以团长中之人是夏亚嘛（大雾）"}, {"uid": "23001624", "content": "草"}, {"uid": "45087547", "content": "草草草"}, {"uid": "1433095", "content": "???"}, {"uid": "401099828", "content": "我的想法就跟标题一样"}, {"uid": "1941721212", "content": "夏亚来了.mp3"}, {"uid": "8988076", "content": "草？？？？"}, {"uid": "549591", "content": "草"}, {"uid": "423569446", "content": "？"}, {"uid": "22363074", "content": "红色三倍速!"}, {"uid": "318161777", "content": "草"}, {"uid": "619097", "content": "草"}, {"uid": "472342171", "content": "？？？？？？"}, {"uid": "16673336", "content": "？？？？"}, {"uid": "11329290", "content": "老夏亚了"}, {"uid": "11117923", "content": "???????"}, {"uid": "6607462", "content": "《棒读》"}, {"uid": "6109995", "content": "棒读.jpg"}, {"uid": "504461453", "content": "圣耀之艾利欧"}, {"uid": "1509391", "content": "？"}, {"uid": "4590260", "content": "？？？？"}, {"uid": "6683157", "content": "草"}, {"uid": "8403689", "content": "wwwww"}, {"uid": "125720", "content": "草"}, {"uid": "16673336", "content": "草草草"}, {"uid": "13667611", "content": "真的吗"}, {"uid": "7713860", "content": "草"}, {"uid": "264073", "content": "草"}, {"uid": "93756174", "content": "草,这"}, {"uid": "45512609", "content": "草"}, {"uid": "7775751", "content": "草"}, {"uid": "15968925", "content": "草"}, {"uid": "281159434", "content": "噗"}, {"uid": "288672159", "content": "草"}, {"uid": "1371064", "content": "打梅打"}, {"uid": "19522252", "content": "草"}, {"uid": "12930385", "content": "草"}, {"uid": "432135", "content": "？？？？？？？草"}, {"uid": "121938437", "content": "啊？"}, {"uid": "800144", "content": "？"}, {"uid": "29877960", "content": "渣男音"}, {"uid": "2669150", "content": "草"}, {"uid": "11344630", "content": "草"}, {"uid": "50074520", "content": "草"}, {"uid": "4213301", "content": "？？？？？？"}, {"uid": "325181", "content": "?????"}, {"uid": "23001624", "content": "？？？"}, {"uid": "259169", "content": "草"}, {"uid": "121938437", "content": "草"}, {"uid": "31876947", "content": "绝了"}, {"uid": "31876947", "content": "草"}, {"uid": "103293537", "content": "草"}, {"uid": "6991361", "content": "草"}, {"uid": "8651960", "content": "hhhhhhhh"}, {"uid": "6811048", "content": "草"}, {"uid": "67194215", "content": "Hso"}, {"uid": "508734070", "content": "草"}, {"uid": "6683157", "content": "？？？"}, {"uid": "4213301", "content": "草"}, {"uid": "9065270", "content": "草"}, {"uid": "16975465", "content": "wwww"}, {"uid": "7713860", "content": "????"}, {"uid": "78091670", "content": "？？？？？？？？"}, {"uid": "2629851", "content": "？？？？？？？？？"}, {"uid": "26748349", "content": "团长还是那个熟悉的变态"}, {"uid": "1464514", "content": "草"}, {"uid": "226824908", "content": "？"}, {"uid": "20317592", "content": "草"}, {"uid": "11621563", "content": "棒读"}, {"uid": "318161777", "content": "？？？？？？"}, {"uid": "23562069", "content": "草"}, {"uid": "8540019", "content": "？？？"}, {"uid": "98654326", "content": "草"}, {"uid": "476196093", "content": "草"}, {"uid": "152249993", "content": "？？？？？？"}, {"uid": "5056459", "content": "草"}, {"uid": "28439225", "content": "草"}, {"uid": "1808632", "content": "草"}, {"uid": "2934881", "content": "ERIO总帅"}, {"uid": "17784911", "content": "草"}, {"uid": "2260184", "content": "草团长这时候你就别鼓掌了。。。"}, {"uid": "8021583", "content": "草"}, {"uid": "16274324", "content": "6666666"}, {"uid": "2078024", "content": "草"}, {"uid": "32287303", "content": "草"}, {"uid": "26631", "content": "草"}, {"uid": "30216615", "content": "紅髮渣女（"}, {"uid": "6361313", "content": "啊啊？？？"}, {"uid": "8403689", "content": "wow"}, {"uid": "2854211", "content": "啊这"}, {"uid": "238596", "content": "草"}, {"uid": "45512609", "content": "绝活"}, {"uid": "12675513", "content": "草"}, {"uid": "1808632", "content": "？？？？？？？？？？？"}, {"uid": "23001624", "content": "hso"}, {"uid": "227530491", "content": "草"}, {"uid": "33919342", "content": "棒读中"}, {"uid": "1324347", "content": "草"}, {"uid": "4360410", "content": "草"}, {"uid": "4113427", "content": "草"}, {"uid": "35046902", "content": "草"}, {"uid": "14692505", "content": "红色三倍速"}, {"uid": "2156827", "content": "？？"}, {"uid": "21896921", "content": "？？"}, {"uid": "638736", "content": "草"}, {"uid": "2854211", "content": "？？？"}, {"uid": "7821", "content": "无感情"}, {"uid": "857549", "content": "？？？？？？"}, {"uid": "68326", "content": "还能连起来么"}, {"uid": "23001624", "content": "唐突夏亚"}, {"uid": "430778799", "content": "草"}, {"uid": "1464514", "content": "？？？"}, {"uid": "22363074", "content": "老夏亚了"}, {"uid": "488229092", "content": "草"}, {"uid": "488229092", "content": "草"}, {"uid": "23506796", "content": "草草草"}, {"uid": "39067890", "content": "？？？"}, {"uid": "7833743", "content": "草"}, {"uid": "2203831", "content": "？"}, {"uid": "175810618", "content": "？？？？？"}, {"uid": "2486118", "content": "草"}, {"uid": "5881385", "content": "草"}, {"uid": "353039514", "content": "草"}, {"uid": "8367382", "content": "草"}, {"uid": "23001624", "content": "cast off！"}, {"uid": "3885523", "content": "草"}, {"uid": "406097113", "content": "草"}, {"uid": "251129323", "content": "早小姐"}, {"uid": "24456133", "content": "草"}, {"uid": "95271", "content": "草"}, {"uid": "2289722", "content": "草"}, {"uid": "54233241", "content": "？？？？？？？？"}, {"uid": "472342171", "content": "？"}, {"uid": "5541424", "content": "草"}, {"uid": "11329290", "content": "????"}, {"uid": "68326", "content": "草"}, {"uid": "171703387", "content": "草草草草草"}]