[{"uid": "574345", "content": "草"}, {"uid": "7878286", "content": "安心，他有时会打轴打到六点"}, {"uid": "8470813", "content": "火 杀意佬 火"}, {"uid": "9994946", "content": "????"}, {"uid": "23001624", "content": "草"}, {"uid": "474019100", "content": "草"}, {"uid": "42474471", "content": "hh"}, {"uid": "50074520", "content": "夜行生命体！"}, {"uid": "49262690", "content": "火 杀意 火"}, {"uid": "885004", "content": "火 杀意 火"}, {"uid": "326981983", "content": "火 杀意 火"}, {"uid": "238596", "content": "火 杀意 火"}, {"uid": "32626172", "content": "草，酸杀意"}, {"uid": "185872154", "content": "草"}, {"uid": "185872154", "content": "酸了"}, {"uid": "185872154", "content": "草草草"}, {"uid": "185872154", "content": "草"}, {"uid": "185872154", "content": "好可爱"}, {"uid": "185872154", "content": "酸了"}, {"uid": "3203638", "content": "究极轻小说标题"}, {"uid": "37531245", "content": "火 杀意 火"}, {"uid": "900537", "content": "杀意一直是夜行时间基本上~"}, {"uid": "2405004", "content": "这标题我都得看半天"}, {"uid": "23561820", "content": "火 杀意 火"}, {"uid": "11625907", "content": "酸了"}, {"uid": "15950", "content": "吸血鬼喵"}, {"uid": "87678727", "content": "炎上杀意吧（）"}, {"uid": "111673", "content": "火 杀意 火"}, {"uid": "152249993", "content": "草  中之猫"}, {"uid": "7878286", "content": "草，确实"}, {"uid": "1631461", "content": "这标题就离谱"}, {"uid": "50074520", "content": "？？？？？？"}, {"uid": "19028270", "content": "火 杀意佬 火"}, {"uid": "43607821", "content": "草"}, {"uid": "329592113", "content": "轻小说是吧"}, {"uid": "141338", "content": "？？？？"}, {"uid": "7878286", "content": "太真实了"}, {"uid": "8403689", "content": "好强势的标题"}, {"uid": "635759", "content": "火炎焱燚  杀意  燚焱炎火"}, {"uid": "185872154", "content": "火炎焱燚  杀意  燚焱炎火"}, {"uid": "5872079", "content": "？？？"}, {"uid": "239139", "content": "草"}]