[{"uid": "14007884", "content": "才注意到，好像是鲨鱼齿诶~"}, {"uid": "10579112", "content": "草"}, {"uid": "37881530", "content": "字正腔圆是吧"}, {"uid": "91295811", "content": "？？"}, {"uid": "450683256", "content": "加油 唱的很好听！"}, {"uid": "91121904", "content": "草？"}, {"uid": "431360424", "content": "英语靠你了"}, {"uid": "595629420", "content": "可爱可爱"}, {"uid": "595629420", "content": "太可爱啦"}, {"uid": "247287219", "content": "深海少女，好怀念啊"}, {"uid": "21596619", "content": "好耶！"}, {"uid": "217002682", "content": "有点强啊"}, {"uid": "13310510", "content": "爱了爱了"}, {"uid": "51364855", "content": "好听！"}, {"uid": "471930017", "content": "AWSL"}, {"uid": "15328777", "content": "？？"}, {"uid": "91845657", "content": "广东人狂喜"}, {"uid": "236112144", "content": "你再骂"}, {"uid": "236112144", "content": "三点多啦，饮茶啦先"}, {"uid": "806979", "content": "背一下岳阳楼记"}, {"uid": "2907196", "content": "我不信，除非你让我尝一口"}, {"uid": "84421557", "content": "好耶 女粉也觉得自己好了"}, {"uid": "2326228", "content": "发音好标准啊，英音吗"}, {"uid": "38021302", "content": "有点强"}, {"uid": "212101", "content": "三连"}, {"uid": "212101", "content": "丢个雷姆什么的"}, {"uid": "212101", "content": "好标准"}, {"uid": "541674799", "content": "你再骂（恳求）"}, {"uid": "237678332", "content": "好好听啊"}, {"uid": "8588293", "content": "好听诶"}, {"uid": "500189", "content": "草"}, {"uid": "500189", "content": "神仙"}, {"uid": "95526549", "content": "skks"}, {"uid": "95526549", "content": "她好懂哦"}, {"uid": "95526549", "content": "草"}, {"uid": "95526549", "content": "可爱"}, {"uid": "66584464", "content": "爱了爱了"}, {"uid": "66584464", "content": "好可爱！！"}, {"uid": "15599373", "content": "关注了"}, {"uid": "403472451", "content": "深海少女，我最喜欢的歌，单推了单推了"}, {"uid": "41211811", "content": "打黑工"}, {"uid": "8069431", "content": "断"}, {"uid": "9179233", "content": "歌力有点强"}, {"uid": "8473629", "content": "？？？？？"}, {"uid": "39813625", "content": "一猜就是这个~！"}, {"uid": "39813625", "content": "华点~！华点~！你说反了吧？"}, {"uid": "39813625", "content": "那个，Anti呢？ 你超擅长这个的啊~~"}, {"uid": "39813625", "content": "不是被0某拔出来的么？"}, {"uid": "3930046", "content": "你用中文不是这语气吧！"}, {"uid": "217002682", "content": "好听  留爪"}, {"uid": "217002682", "content": "草"}, {"uid": "8049749", "content": "牛哒"}, {"uid": "5898484", "content": "最喜欢的深海少女！"}, {"uid": "2023281789", "content": "建国之后不是不许成精吗"}, {"uid": "507515566", "content": "芜湖"}, {"uid": "11018482", "content": "四级靠你了"}, {"uid": "23277060", "content": "哈哈哈哈哈"}, {"uid": "19174622", "content": "草"}, {"uid": "99943402", "content": "数学我行啊我教你"}, {"uid": "437752515", "content": "好耶"}, {"uid": "140525885", "content": "汚い咲は嫌いです"}, {"uid": "140525885", "content": "キモい 咲は嫌いです"}, {"uid": "12784318", "content": "真就海里的唱深海少女呗www"}, {"uid": "12784318", "content": "ohhhhhhhhhh"}, {"uid": "415382982", "content": "清楚的来了？"}, {"uid": "12784318", "content": "草"}, {"uid": "5941269", "content": "广东人狂喜！"}, {"uid": "10608750", "content": "请问是99级的海葵吗"}, {"uid": "49563049", "content": "歌力好强，D了"}, {"uid": "357427128", "content": "whl"}, {"uid": "357427128", "content": "好耶"}, {"uid": "357427128", "content": "komori输了"}, {"uid": "357427128", "content": "?????"}, {"uid": "16015740", "content": "whl"}, {"uid": "23994857", "content": "草"}, {"uid": "2642252", "content": "“大部分”"}, {"uid": "2642252", "content": "关注了"}, {"uid": "7104026", "content": "希望你一直清楚"}, {"uid": "88165334", "content": "快进到披萨难题"}, {"uid": "454419586", "content": "俺也一样"}, {"uid": "2608934", "content": "就这？"}, {"uid": "2608934", "content": "不吃生姜？开除广东户籍！"}, {"uid": "2860231", "content": "物种越来越奇怪"}, {"uid": "263847081", "content": "你认识鲨鱼吗（狗头"}, {"uid": "4861566", "content": "意外的好听"}, {"uid": "4861566", "content": "草"}, {"uid": "4861566", "content": "？？"}, {"uid": "504949554", "content": "冰糖！（doge）"}, {"uid": "504949554", "content": "触手好耶！"}, {"uid": "20570272", "content": "惨惨惨"}, {"uid": "3844363", "content": "粤语？广东人狂喜"}, {"uid": "3844363", "content": "尼莫！！！哒咩！！！"}, {"uid": "1500913", "content": "很好听哦，会来看直播哒~"}, {"uid": "267058820", "content": "泡酒？"}, {"uid": "15968925", "content": "01全责"}, {"uid": "382264945", "content": "好了"}, {"uid": "102099910", "content": "清楚"}, {"uid": "102099910", "content": "草"}, {"uid": "626155688", "content": "快进到直播期间学会高数("}, {"uid": "626155688", "content": "01就是你把moni捞出来的？"}, {"uid": "3204510", "content": "saki就是好，saki就是妙。以下略……"}, {"uid": "13792286", "content": "wow"}, {"uid": "82646513", "content": "niiiiiice"}, {"uid": "885053", "content": "！！？？"}, {"uid": "36769691", "content": "好耶"}, {"uid": "36769691", "content": "好耶"}]