[{"uid": "2320259", "content": "有感觉了"}, {"uid": "134931912", "content": "小—强—哥"}, {"uid": "3040526", "content": "草 不要说了"}, {"uid": "30987652", "content": "听到鞋子就感觉不对劲了"}, {"uid": "359404038", "content": "我现在穿鞋都会往里看，抖一抖才敢穿"}, {"uid": "359404038", "content": "有够吓人"}, {"uid": "359404038", "content": "QAQ同样的经历，我还是回家后才发现的"}, {"uid": "474019100", "content": "麻了麻了"}, {"uid": "626155688", "content": "大 预 言 家"}, {"uid": "3938997", "content": "婷婷，别说了 我退了兄弟们"}, {"uid": "3938997", "content": "脚底有东西？"}, {"uid": "89588872", "content": "如  你  所  愿"}, {"uid": "357427128", "content": "预言家"}]