[{"uid": "8488421", "content": "香蕉皮"}, {"uid": "9059531", "content": "梅花三弄"}, {"uid": "34929821", "content": "ohhh得到mua了"}, {"uid": "34929821", "content": "h'hh"}, {"uid": "34929821", "content": "每日一gi（1/1）"}, {"uid": "34929821", "content": "已经不清楚了"}, {"uid": "34929821", "content": "夸！"}, {"uid": "34929821", "content": "\\沫沫/ \\沫沫/ \\沫沫/"}, {"uid": "34929821", "content": "嘿嘿才是精髓ww"}, {"uid": "34929821", "content": "真香"}, {"uid": "34929821", "content": "《关于我首播就被运营背刺这件事》"}, {"uid": "34929821", "content": "不清楚了"}, {"uid": "34929821", "content": "（憨得可爱噗）"}, {"uid": "34929821", "content": "后面的嘿嘿太可爱了ww"}, {"uid": "34929821", "content": "02 谢谢你"}, {"uid": "34929821", "content": "哈哈哈哈哈哈"}, {"uid": "34929821", "content": "芜湖圣经警告"}, {"uid": "34929821", "content": "好听！！"}, {"uid": "34929821", "content": "好听"}, {"uid": "34929821", "content": "这就买潜水服"}, {"uid": "34929821", "content": "记笔记咧"}, {"uid": "34929821", "content": "沫霓卡[赞]"}, {"uid": "34929821", "content": "hhhhhhh变成喜欢的食物了"}, {"uid": "34929821", "content": "哇哦"}, {"uid": "34929821", "content": "葵妈带的头ww"}, {"uid": "34929821", "content": "盲猜葵妈"}, {"uid": "34929821", "content": "骗了这300岁的年轻海葵"}, {"uid": "34929821", "content": "doki！"}, {"uid": "34929821", "content": "夸夸"}, {"uid": "34929821", "content": "\\沫沫/\\沫沫/\\沫沫/"}, {"uid": "34929821", "content": "\\沫沫/\\沫沫/\\沫沫/"}, {"uid": "34929821", "content": "好听  夸夸"}, {"uid": "34929821", "content": "\\沫沫/\\沫沫/\\沫沫/"}, {"uid": "2767190", "content": "好，很好，非常好"}, {"uid": "34929821", "content": "这小眼睛眨得  doki doki！"}, {"uid": "34929821", "content": "头上才是本体"}, {"uid": "34929821", "content": "葵上葵"}, {"uid": "34929821", "content": "多才多艺葵，suki"}, {"uid": "34929821", "content": "经典语录，要考的"}, {"uid": "34929821", "content": "（葵の低语）"}, {"uid": "248101464", "content": "胸长背上是吧"}]