[{"uid": "378923048", "content": "奶油大蒜【点头"}, {"uid": "617432236", "content": "记住这句话"}, {"uid": "389866168", "content": "《我的中文不好》"}, {"uid": "176272552", "content": "《没有那么好听》"}, {"uid": "176272552", "content": "你这社团什么鬼名字啊哈哈哈哈哈"}, {"uid": "374818829", "content": "你好 奶油大蒜"}, {"uid": "35247225", "content": "中文的用语方式好标准"}, {"uid": "321150148", "content": "奶   油   大   蒜"}, {"uid": "24939300", "content": "重新定义一塌糊涂"}, {"uid": "35501650", "content": "逐渐卸下伪装"}, {"uid": "481251531", "content": "《中  文  不  好》"}, {"uid": "480679110", "content": "更在乎性别的我"}, {"uid": "680664", "content": "重新定义一塌糊涂"}, {"uid": "403376272", "content": "病句（doge）"}, {"uid": "451868263", "content": "中文说的很好啊"}, {"uid": "480316212", "content": "好可爱又温柔耶耶"}, {"uid": "35934538", "content": "这句对于外国人来说已经很标准了呀"}, {"uid": "20325174", "content": "多  邻  国"}, {"uid": "11629123", "content": "这句好标准"}, {"uid": "160982454", "content": "你说中文是母语我也信了"}, {"uid": "347092219", "content": "《我的中文不好》"}, {"uid": "383888986", "content": "说的好标准！！！可爱！！！"}, {"uid": "25001036", "content": "声音好好听！"}, {"uid": "423856390", "content": "奶声奶气的我爱了呀呜呜呜呜"}, {"uid": "181991992", "content": "卧槽好流畅啊中文"}, {"uid": "106290990", "content": "我直接反手一个单推"}, {"uid": "213915281", "content": "？？？《中文不好》"}, {"uid": "356673014", "content": "玉白亲中文好棒！好可爱！喜欢！"}, {"uid": "288680536", "content": "刚刚中文还是挺好的！"}, {"uid": "11103331", "content": "小伤指膝盖中了一箭"}, {"uid": "33995733", "content": "救命，好可爱！！！"}, {"uid": "520114150", "content": "君の中国語本当上手"}, {"uid": "6013934", "content": "《我的中文不好》"}, {"uid": "73331122", "content": "すごく可愛いの子。"}, {"uid": "524575324", "content": "《我的中文不好》"}, {"uid": "430225581", "content": "噫呜噫呜28号刚好开学一天"}, {"uid": "411291068", "content": "《烂得一塌糊涂》"}, {"uid": "176272552", "content": "《烂得一塌糊涂》"}, {"uid": "406085068", "content": "太可爱了让我d你"}, {"uid": "33915812", "content": "你管这个叫不好？"}, {"uid": "431258596", "content": "我的中文ber好"}, {"uid": "38381207", "content": "《中文不好》"}, {"uid": "802197352", "content": "《我的中文不好》"}, {"uid": "449997033", "content": "《中文不太好》"}, {"uid": "451868263", "content": "太可爱了绝了绝了绝了"}, {"uid": "9662223", "content": "关注了关注了很可爱"}, {"uid": "9465790", "content": "《中文不好》"}, {"uid": "38279174", "content": "英语也好啊，这个读音好标准"}, {"uid": "188485220", "content": "卡哇伊内～～～～～好可爱的男孩子www"}, {"uid": "385460981", "content": "！！！！声调标准"}, {"uid": "36958597", "content": "声音好好听呀！"}, {"uid": "4802707", "content": "《中文不好》"}, {"uid": "515052397", "content": "救命！救命！太可爱了！"}, {"uid": "430499712", "content": "太可爱了！！！"}, {"uid": "484703525", "content": "扑哧好可爱"}, {"uid": "527570081", "content": "www太可爱了当然可以"}, {"uid": "347092219", "content": "《我的中文不好》"}, {"uid": "401721105", "content": "明明说的很好！！可爱！"}, {"uid": "400891869", "content": "好可爱！！！"}, {"uid": "288680536", "content": "发音很好了"}, {"uid": "85270507", "content": "我要上学呜呜呜看不了（哭了）"}, {"uid": "2430825", "content": "救命好可爱，我要死了"}, {"uid": "443024813", "content": "一   塌   糊   涂"}, {"uid": "62604994", "content": "《我的中文不好》"}, {"uid": "51174369", "content": "中文相当可以了啊"}, {"uid": "480452243", "content": "《没有那么好听》"}, {"uid": "174897609", "content": "好可爱！！！！！！！！！！"}, {"uid": "493790601", "content": "好可爱(≧∇≦)"}, {"uid": "16015122", "content": "“我的中文不好”"}, {"uid": "384164877", "content": "发音超级标准啊"}, {"uid": "749846042", "content": "好可爱——"}, {"uid": "480000329", "content": "奶油大蒜妈妈爱你！！"}, {"uid": "176272552", "content": "《不装了》"}, {"uid": "483619712", "content": "抹茶风小可爱，，初见，单推，"}, {"uid": "110028821", "content": "《不太好》"}, {"uid": "5151610", "content": "对！我的膝盖中了一箭"}, {"uid": "9465790", "content": "《中文不好》"}, {"uid": "234390330", "content": "这中文很好啊"}, {"uid": "9815701", "content": "这中文太强了"}, {"uid": "14090638", "content": "好可爱啊！"}, {"uid": "399924222", "content": "好可爱啊啊啊"}, {"uid": "24252309", "content": "一 塌 糊 涂"}, {"uid": "13823197", "content": "好可爱SOS"}, {"uid": "236112144", "content": "你管这个叫不好？"}, {"uid": "286765319", "content": "好可耐啊"}, {"uid": "107713583", "content": "太可爱了！！"}, {"uid": "318610783", "content": "好好好！！大可爱呜呜呜"}, {"uid": "90657070", "content": "怎么这么可爱啊啊啊啊！"}, {"uid": "617294500", "content": "太可爱了！！！"}, {"uid": "106367251", "content": "可爱！单推了！！"}, {"uid": "484703525", "content": "中文很好啦！"}, {"uid": "1245489265", "content": "《中文不好》"}, {"uid": "60675285", "content": "撒。。。啥哈哈哈"}, {"uid": "544075792", "content": "《烂得一塌糊涂》"}, {"uid": "451282548", "content": "太可爱了呜呜"}, {"uid": "435577190", "content": "《中 文 不 好》"}, {"uid": "341687122", "content": "救命 太可爱乐"}, {"uid": "632960339", "content": "呜呜呜呜呜呜呜说的好标准！"}, {"uid": "470435466", "content": "可可爱爱，抹茶味我爱了"}, {"uid": "353002832", "content": "是抹茶！单推了"}, {"uid": "3570412", "content": "这中文有点太好l"}, {"uid": "3570412", "content": "好可爱哈哈哈哈"}, {"uid": "419129952", "content": "你好可爱！！"}, {"uid": "8031313", "content": "这个日发音好棒"}, {"uid": "27980142", "content": "宝贝你的中文也太好了吧"}, {"uid": "455158803", "content": "卡哇伊！卡哇伊！嘶哈！"}, {"uid": "141190130", "content": "《中文不好》"}, {"uid": "498138933", "content": "中文已经好成这个样子了 "}, {"uid": "14150026", "content": "太可爱了呜呜呜呜"}, {"uid": "402245399", "content": "《一塌糊涂》"}, {"uid": "34932533", "content": "？这中文好流利"}, {"uid": "583094814", "content": "新定义一塌糊涂"}, {"uid": "414677030", "content": "有点小林大纪的感jio"}, {"uid": "176272552", "content": "给别的多语言v一条生路吧"}, {"uid": "358008197", "content": "中 文 不 好"}, {"uid": "2312637", "content": "信了你的邪"}, {"uid": "47083197", "content": "性格好好 喜欢了"}, {"uid": "451868263", "content": "啊我死了啊我死了啊我死了"}, {"uid": "40789790", "content": "救命好可爱！！！"}, {"uid": "11187142", "content": "好可爱啊"}, {"uid": "22206940", "content": "中文好棒的呀！！"}, {"uid": "483049618", "content": "还是台味中文呢"}, {"uid": "515052397", "content": "太可爱了"}, {"uid": "318610783", "content": "好可爱！~"}, {"uid": "477682385", "content": "太可爱了！！！"}, {"uid": "648215386", "content": "有点可爱"}, {"uid": "526536399", "content": "好可爱哦！"}, {"uid": "661621474", "content": "卡哇伊啊！"}, {"uid": "277677963", "content": "可爱可爱"}, {"uid": "26260230", "content": "太好了！！（"}, {"uid": "11058813", "content": "救命！好可爱！"}, {"uid": "17795358", "content": "太可爱了太可爱了呜呜呜！"}, {"uid": "608375569", "content": "这个声线我直接爱了"}, {"uid": "383888986", "content": "好厉害！单推了！"}, {"uid": "32266834", "content": "好可爱啊！"}, {"uid": "227673245", "content": "会儿化音我的妈"}, {"uid": "40193745", "content": "太可爱了吧呜呜呜呜"}, {"uid": "477907375", "content": "好可爱ww！！"}, {"uid": "89443266", "content": "好可爱呀！"}, {"uid": "26601154", "content": "好可爱！！"}, {"uid": "425658032", "content": "呜呜呜呜呜呜呜救命好可爱awsl"}, {"uid": "14150026", "content": "玉白老师冲冲冲"}, {"uid": "11746158", "content": "这个中文很不错啦"}, {"uid": "401341138", "content": "呜呜呜呜呜呜呜呜呜这太可爱了"}, {"uid": "2058522", "content": "好可爱！！！"}, {"uid": "564543051", "content": "好可爱！！！！"}, {"uid": "583094814", "content": "草英语发音也好好"}, {"uid": "35247225", "content": "中文不好jpg"}, {"uid": "557734546", "content": "mo,yi dai na no ni.a da xi mi dai jia nai."}, {"uid": "4168741", "content": "肾么社?"}, {"uid": "201501952", "content": "好可爱"}, {"uid": "47083197", "content": "好可爱 阳角suki"}, {"uid": "686491533", "content": "发音是我听过最清楚之一"}, {"uid": "652512686", "content": "咔哇伊！！！！！！！！！"}, {"uid": "307297046", "content": "中文也太好了呜呜呜呜"}, {"uid": "285811858", "content": "太牛了真的不是母语者吗"}, {"uid": "14151008", "content": "好可爱！！！！"}, {"uid": "11678169", "content": "你好～"}, {"uid": "37067589", "content": "kawaii！中文很棒！"}, {"uid": "515052397", "content": "《日本人》"}, {"uid": "486155163", "content": "我们会夸夸"}, {"uid": "481046821", "content": "太可爱了"}, {"uid": "400834891", "content": "中文很好啊！！！！！"}, {"uid": "484703525", "content": "好可爱www"}, {"uid": "474310280", "content": "好可爱！！！！！"}, {"uid": "373867654", "content": "你的中文很好好吗"}, {"uid": "395200479", "content": "可以可以可以的啊啊啊"}, {"uid": "29011626", "content": "这个中文也太棒了"}, {"uid": "29011626", "content": "我的妈啊这叫不好吗儿子"}, {"uid": "252327154", "content": "好可爱啊啊啊啊啊啊"}, {"uid": "1215890978", "content": "好可爱！！！！！！！"}, {"uid": "60643773", "content": "中文挺好的啊"}, {"uid": "60643773", "content": "可爱！"}, {"uid": "26536492", "content": "我的中文不好.jpg"}, {"uid": "480452243", "content": "想吃吃（bushi"}, {"uid": "19597112", "content": "太可爱了呜呜呜呜呜呜"}, {"uid": "34625243", "content": "1万助攻"}, {"uid": "14150026", "content": "快破万了！！！"}, {"uid": "14150026", "content": "哈哈哈哈哈太可爱啦"}, {"uid": "14150026", "content": "中文真的好棒"}, {"uid": "14150026", "content": "你好！！"}, {"uid": "524575324", "content": "我 的 中 文不 好"}, {"uid": "535533402", "content": "wwww太可爱了"}, {"uid": "480000329", "content": "妈妈爱你呜呜呜呜"}, {"uid": "22080017", "content": "白术"}, {"uid": "2092276478", "content": "卡哇伊！！！"}, {"uid": "436625330", "content": "单推单推!!suki!!"}, {"uid": "488482729", "content": "吃了你(☆∀☆)"}, {"uid": "76708156", "content": "我的中文不好=超神，很好=木大"}, {"uid": "35144692", "content": "这叫中文不好？！"}, {"uid": "32013423", "content": "宝贝你在说什么？"}, {"uid": "451133089", "content": "太可爱了，呜呜呜呜suki！"}, {"uid": "307297046", "content": "好可爱呜呜呜呜呜呜呜呜"}, {"uid": "291069935", "content": "好可爱！"}, {"uid": "1361667367", "content": "卡哇伊！！！"}, {"uid": "516442523", "content": "wwwwwww可爱可爱"}, {"uid": "407241909", "content": "卡哇伊！！"}, {"uid": "13703836", "content": "好可爱！"}, {"uid": "405818082", "content": "老婆老婆老婆！！！！"}, {"uid": "23189184", "content": "麻吉天使TT"}, {"uid": "8010325", "content": "好可爱！！"}, {"uid": "8010325", "content": "好可爱！！"}, {"uid": "160982454", "content": "这个中文还不好？"}, {"uid": "28087408", "content": "中文非常棒！"}, {"uid": "222695", "content": "我的中文比你差"}, {"uid": "179783974", "content": "好流利的中午啊"}, {"uid": "661772133", "content": "太可爱了啊啊啊啊啊"}, {"uid": "19208782", "content": "好可爱"}, {"uid": "520144350", "content": "好可爱呀"}, {"uid": "627195495", "content": "可爱！！！"}, {"uid": "430307680", "content": "可爱~啊啊"}, {"uid": "15246756", "content": "中文强强！d了"}, {"uid": "185872154", "content": "可爱！！！！！"}, {"uid": "10583158", "content": "可爱！！"}, {"uid": "19484084", "content": "可爱"}, {"uid": "308863314", "content": "太可爱力"}, {"uid": "62604994", "content": "我的心化了"}, {"uid": "50477561", "content": "?重新定义中文不好"}, {"uid": "52589913", "content": "好可爱"}, {"uid": "37051640", "content": "我心化了…"}, {"uid": "2058522", "content": "哈哈哈哈哈哈哈你好可爱"}, {"uid": "25730622", "content": "这已经很很很很好了好吗"}, {"uid": "44008078", "content": "这个中文是真的可以"}, {"uid": "87810074", "content": "君的中文已经上手"}, {"uid": "749846042", "content": "中文很好啊"}, {"uid": "401130244", "content": "其实就是国人吧("}, {"uid": "379038416", "content": "烂 得 一 塌 糊 涂"}, {"uid": "190092879", "content": "有股台湾味ww"}, {"uid": "627681176", "content": "伞兵社"}, {"uid": "215462082", "content": "这绝对比锤子强的"}, {"uid": "686491533", "content": "中国語上手"}, {"uid": "13990000", "content": "抹茶儿"}, {"uid": "454353342", "content": "中文好好啊！"}, {"uid": "384596109", "content": "好可爱啊！！！"}, {"uid": "358024043", "content": "卡哇伊跌死捏"}, {"uid": "11678169", "content": "可爱！！！"}, {"uid": "352848182", "content": "可爱！"}, {"uid": "406013048", "content": "说的比很多中国人都好了叭！"}, {"uid": "430499712", "content": "可爱！！！！"}, {"uid": "358108042", "content": "太可爱了啦乌乌"}, {"uid": "477215989", "content": "可爱！！！"}, {"uid": "695721145", "content": "太可爱了！！！"}, {"uid": "299072348", "content": "可爱！！！！！！"}, {"uid": "434321225", "content": "好家伙boku娘"}, {"uid": "14946767", "content": "很好了！，宝贝"}, {"uid": "197779643", "content": "所以可以吃？"}, {"uid": "29776536", "content": "！好可爱"}, {"uid": "8913562", "content": "这叫不好吗"}, {"uid": "19130533", "content": "好可爱"}, {"uid": "359872730", "content": "可爱55555"}, {"uid": "508718316", "content": "好可爱！！"}, {"uid": "310733703", "content": "老婆"}, {"uid": "2047492368", "content": "可爱，单推"}, {"uid": "513284651", "content": "可爱！"}, {"uid": "28706554", "content": "好可爱！！！"}, {"uid": "60643773", "content": "“烂”"}, {"uid": "404405836", "content": "好耶！！！！！！！"}, {"uid": "26137403", "content": "当然可以呜呜呜呜"}, {"uid": "382519710", "content": "卡哇伊"}, {"uid": "339118239", "content": "好可爱救命妈妈咪爱你！"}, {"uid": "175470721", "content": "《我  的  中  文  不  好》"}, {"uid": "14150026", "content": "中文很棒！"}, {"uid": "14150026", "content": "呜呜呜太可爱了"}, {"uid": "25730622", "content": "可愛い！"}, {"uid": "483619712", "content": "老婆酱suki"}, {"uid": "168861862", "content": "救命我最喜欢抹茶"}, {"uid": "36789161", "content": "好可爱呜呜呜！！"}, {"uid": "2006898", "content": "男的女的好中性的声音"}, {"uid": "631204042", "content": "《我 的 中 文 不 太 好》"}, {"uid": "7877000", "content": "哦 在说中文啊"}, {"uid": "24252309", "content": "kawai呜呜呜呜呜呜呜呜"}, {"uid": "515052397", "content": "救命！"}, {"uid": "515052397", "content": "啊啊啊啊啊喜欢！"}, {"uid": "93544810", "content": "？？？不好"}, {"uid": "502700816", "content": "俺好了"}, {"uid": "41554504", "content": "这叫不好?"}, {"uid": "25595923", "content": "看饿了……"}, {"uid": "14946767", "content": "厉害！"}, {"uid": "14937205", "content": "不 好"}, {"uid": "66962885", "content": "救命！！！！这是什么宝贝！！啊啊啊"}, {"uid": "508222250", "content": "可以可以"}, {"uid": "185872154", "content": "好可爱…"}, {"uid": "404609856", "content": "太可爱了呜呜呜呜"}, {"uid": "3070636", "content": "你好！"}, {"uid": "82081852", "content": "中文好好"}, {"uid": "428649426", "content": "中文很不错啊"}, {"uid": "60643773", "content": "不 好"}, {"uid": "696142914", "content": "宝贝你好可爱啊啊啊啊啊"}, {"uid": "6256074", "content": "可爱啊啊啊啊"}, {"uid": "505161924", "content": "这还叫不好？！"}, {"uid": "431065054", "content": "好可爱"}, {"uid": "448319517", "content": "可爱！！"}, {"uid": "51174369", "content": "卡哇伊"}, {"uid": "6013934", "content": "感觉英语也很好"}, {"uid": "249180922", "content": "好可爱"}, {"uid": "14150026", "content": "加油！！"}, {"uid": "14150026", "content": "加油！！"}, {"uid": "440477093", "content": "中文好棒！"}, {"uid": "11746158", "content": "这也太流利了吧"}, {"uid": "2878453", "content": "我的中文不好"}, {"uid": "228145797", "content": "哈哈哈哈哈"}, {"uid": "329520568", "content": "awsl"}, {"uid": "483619712", "content": "我和抹茶贴贴"}, {"uid": "34744267", "content": "中文不好？vtb也开始内卷了"}, {"uid": "22001393", "content": "？"}, {"uid": "27242173", "content": "哈比下，"}, {"uid": "2312637", "content": "？？？？？"}, {"uid": "1587302", "content": "《我 的 中 文 不 太 好》"}, {"uid": "141162638", "content": "？"}, {"uid": "47083197", "content": "kwii"}, {"uid": "498129219", "content": "老婆！！"}, {"uid": "493737574", "content": "可以"}, {"uid": "13990000", "content": "明明很棒啊！"}, {"uid": "1465303", "content": "中文好好"}, {"uid": "19977584", "content": "啊啊啊啊啊啊啊啊啊啊啊啊啊啊"}, {"uid": "59422871", "content": "可爱!"}, {"uid": "609936727", "content": "好可啊"}, {"uid": "661621474", "content": "卡哇呀"}, {"uid": "306416105", "content": "中文不好"}, {"uid": "277677963", "content": "可爱子"}, {"uid": "617294500", "content": "我中文都没一个日本人说的好"}, {"uid": "484703525", "content": "啊白加油！"}, {"uid": "407065082", "content": "这不是不好啊宝，这么流利呜呜呜呜呜"}, {"uid": "352414066", "content": "别骂了呃呜"}, {"uid": "26260230", "content": "好"}, {"uid": "405747461", "content": "可爱！"}, {"uid": "22800196", "content": "可爱"}, {"uid": "119158682", "content": "老婆呜呜呜呜"}, {"uid": "185872154", "content": "好耶！"}, {"uid": "373867654", "content": "我喜欢抹茶"}, {"uid": "181868640", "content": "太可爱啦"}, {"uid": "28706554", "content": "哇！"}, {"uid": "431670731", "content": "这中文也太好了吧！"}, {"uid": "1397305", "content": "可爱"}, {"uid": "39721697", "content": "单推了"}, {"uid": "39721697", "content": "宝贝你好可爱"}, {"uid": "627266947", "content": "こんにちは"}, {"uid": "50477561", "content": "泰可爱勒"}, {"uid": "14150026", "content": "来了来了"}, {"uid": "1641692", "content": "这叫不好？"}, {"uid": "16015122", "content": "我的中文不好"}, {"uid": "27554588", "content": "这叫不好"}, {"uid": "30830253", "content": "？什么社"}, {"uid": "609338412", "content": "啊呜（）"}, {"uid": "1826472079", "content": "卡哇伊"}, {"uid": "436625330", "content": "老婆!!!!!"}, {"uid": "440015664", "content": "也许自己不太满意吧，但是其实不一定要学的和普通话一模一样，这样很可爱的"}, {"uid": "10608750", "content": "别再拉高中文不好的标准了"}, {"uid": "50067314", "content": "！"}, {"uid": "454043773", "content": "傻逼社？？"}, {"uid": "391682233", "content": "抹茶！"}, {"uid": "262132680", "content": "中文好棒哦"}, {"uid": "34453516", "content": "抹茶是中国发明的吧"}, {"uid": "7404262", "content": "专业"}, {"uid": "323533800", "content": "男的女的？"}, {"uid": "10321382", "content": "救命啊"}, {"uid": "481046821", "content": "可爱"}, {"uid": "484703525", "content": "冲鸭"}, {"uid": "407065082", "content": "你好可爱呜呜呜呜呜呜呜aws了"}, {"uid": "1446537403", "content": "中文好棒！"}, {"uid": "1446537403", "content": "啊啊啊啊啊啊啊多好啊！大宝贝！"}, {"uid": "441968013", "content": "不好"}, {"uid": "29011626", "content": "我的吗"}, {"uid": "39428175", "content": "kawaii"}, {"uid": "11103331", "content": "流利"}, {"uid": "696142914", "content": "救命！宝贝我爱你啊啊啊啊啊啊！！！"}, {"uid": "401454860", "content": "太可爱了"}, {"uid": "439297317", "content": "好耶"}, {"uid": "438866488", "content": "哦哦哦哦"}, {"uid": "175470721", "content": "《我  的  中  文  不  好》"}, {"uid": "37707238", "content": "这叫中文不太好？？"}, {"uid": "11479697", "content": "可愛い"}, {"uid": "401341138", "content": "可以可以可以可以"}, {"uid": "425385571", "content": "砂糖（）"}, {"uid": "480255772", "content": "我心化了呃啊啊啊啊啊啊啊啊啊啊啊啊"}, {"uid": "400786322", "content": "你是天使吗！！♡♡♡♡♡♡♡♡"}, {"uid": "102977415", "content": "呜呜呜呜呜呜呜呜呜呜呜我呜呜呜呜呜呜呜呜宝！！！！妈妈爱你！！！！！！！！！！！！"}, {"uid": "102977415", "content": "宝贝妈咪来晚了啊啊啊啊啊啊啊啊啊啊啊啊啊啊啊啊啊啊啊啊啊啊啊啊啊啊啊啊啊啊啊啊"}, {"uid": "102977415", "content": "啊啊啊啊啊啊啊啊啊啊啊啊啊啊啊啊啊啊啊啊啊啊啊啊啊啊啊啊啊啊啊啊啊啊啊啊啊啊啊啊啊啊啊啊啊"}, {"uid": "102977415", "content": "啊啊啊啊啊啊啊啊啊啊啊啊啊啊啊啊啊啊啊啊啊啊啊啊啊啊啊啊啊啊啊啊啊啊啊啊啊啊啊啊啊啊"}, {"uid": "102977415", "content": "啊啊啊啊啊啊啊啊啊啊啊啊啊啊啊啊啊啊啊啊啊啊啊啊啊啊啊啊啊啊啊啊啊啊啊啊啊啊啊啊啊啊啊啊啊啊啊啊啊啊啊啊啊啊啊啊啊啊啊啊啊啊啊"}, {"uid": "88941618", "content": "中    文     不      好"}]