[{"uid": "14090638", "content": "好听好听好听好听好听"}, {"uid": "5965654", "content": "我直接自信打招呼，嗨老婆"}, {"uid": "403386010", "content": "可爱死了"}, {"uid": "451868263", "content": "好听好听好听好听！！！"}, {"uid": "5965654", "content": "和善的笑容"}, {"uid": "34498788", "content": "kwiiiiiiiiiiiiiiiiiiii"}, {"uid": "41343165", "content": "kksk"}, {"uid": "425658032", "content": "老婆！"}, {"uid": "477467312", "content": "28分钟ww"}, {"uid": "512052032", "content": "！！！！"}, {"uid": "8668814", "content": "好耶双厨狂喜"}, {"uid": "426938440", "content": "啊啊啊啊啊啊啊啊啊啊啊啊啊啊"}, {"uid": "451868263", "content": "啊啊啊啊啊啊"}, {"uid": "14090638", "content": "老婆"}, {"uid": "477215989", "content": "awsl"}, {"uid": "426938440", "content": "老婆老婆"}, {"uid": "41343165", "content": "kksk"}, {"uid": "355572041", "content": "嗯？没翻译吗www"}, {"uid": "426938440", "content": "啊啊啊啊啊啊啊啊"}, {"uid": "426938440", "content": "老婆老婆老婆老婆"}, {"uid": "686221", "content": "老婆老婆老婆我爱你"}, {"uid": "29750370", "content": "好听"}, {"uid": "686221", "content": "笑的好メンヘラ呜呜呜呜呜喜欢"}, {"uid": "163862068", "content": "啊啊啊啊啊啊啊啊啊啊啊啊撒撒撒"}, {"uid": "14090638", "content": "\\玉白/\\玉白/\\玉白/\\玉白/\\玉白/"}]