[{"uid": "12032037", "content": "这是苍蝇吧"}, {"uid": "27302177", "content": "“你中文不好唉”太可爱了www！！"}, {"uid": "27302177", "content": "哈哈哈哈哈"}, {"uid": "27302177", "content": "活过来了（"}, {"uid": "402658436", "content": "kwiii"}, {"uid": "225441015", "content": "！！！！！"}, {"uid": "225441015", "content": "夏令时记录？！"}, {"uid": "225441015", "content": "ha i——！"}, {"uid": "225441015", "content": "啊啊啊拟剧论"}, {"uid": "225441015", "content": "？？Eve的拟剧论吗！！"}, {"uid": "225441015", "content": "糖果语"}, {"uid": "225441015", "content": "期待！"}, {"uid": "225441015", "content": "wwww妹妹是男生还是女生"}, {"uid": "225441015", "content": "dei suuuuuuu wwwww"}, {"uid": "225441015", "content": "草"}, {"uid": "225441015", "content": "wwwww"}, {"uid": "225441015", "content": "www玉白中文有闽南话的感觉"}, {"uid": "225441015", "content": "wwwwww"}, {"uid": "225441015", "content": "？！"}, {"uid": "225441015", "content": "一米七十二www"}, {"uid": "225441015", "content": "玉白笑得好开心wwwww"}, {"uid": "225441015", "content": "霓虹金都好喜欢边笑边拍掌wwww"}, {"uid": "225441015", "content": "卡人剑士www"}, {"uid": "225441015", "content": "口胡好可爱www"}, {"uid": "225441015", "content": "吃事故了！"}, {"uid": "557734546", "content": "啊！发现啦～"}, {"uid": "13680963", "content": "哈哈哈哈"}, {"uid": "1826472079", "content": "时常真把我吓到"}, {"uid": "401178956", "content": "eve困的歌！双厨狂喜！"}, {"uid": "24084705", "content": "京中有善口技者"}, {"uid": "24084705", "content": "阳炎人一把子支持"}, {"uid": "24084705", "content": "才听出是阳炎！双厨狂喜！"}, {"uid": "24084705", "content": "呆毛占了四厘米（x"}, {"uid": "20747599", "content": "糊"}, {"uid": "455795140", "content": "救命太可爱了"}, {"uid": "14701844", "content": "好家伙，身高单位是米"}, {"uid": "11182453", "content": "还说不会整活"}, {"uid": "11182453", "content": "卡住了，掉不下去"}, {"uid": "357518357", "content": "探头"}, {"uid": "686491533", "content": "172米 玉白巨人w"}, {"uid": "686491533", "content": "我都怀疑是我这边卡了w"}, {"uid": "527161766", "content": "笑的好可爱！！！太喜欢啦"}, {"uid": "527161766", "content": "太可爱啦"}, {"uid": "449472530", "content": "救命！！！！！可爱炸了！！！！！！！！！"}, {"uid": "14156876", "content": "KWIIIIII"}, {"uid": "14156876", "content": "笑声好可爱"}, {"uid": "14156876", "content": "172米哈哈哈哈哈哈"}, {"uid": "548733944", "content": "好！可！爱！"}, {"uid": "31366559", "content": "太可爱啦"}, {"uid": "514146327", "content": "卡     白"}, {"uid": "433818090", "content": "renzaixianchang"}, {"uid": "8447012", "content": "哈哈哈哈哈哈哈哈"}, {"uid": "8447012", "content": "呜呜他好可爱我要娶他（错乱"}, {"uid": "8295960", "content": "刚开始学，差点信了"}, {"uid": "5965654", "content": "这个不知道理直气壮"}, {"uid": "5965654", "content": "逻 辑 严 谨"}, {"uid": "256118067", "content": "awsl"}, {"uid": "477916955", "content": "肯定是因为你的呆毛！！"}, {"uid": "477916955", "content": "看着这么小只，没想到比我高。。"}, {"uid": "6487403", "content": "《刚开始学》"}, {"uid": "6487403", "content": "太可爱了我当场窒息啊啊啊"}, {"uid": "3493266", "content": "啊啊啊啊啊啊啊啊啊啊啊啊啊啊啊啊啊啊啊是夏令时记录！！！！！！！！！！！！！！"}, {"uid": "3493266", "content": "哈哈哈哈哈"}, {"uid": "615762871", "content": "玉白太可爱了"}, {"uid": "3493266", "content": "好欸"}, {"uid": "3493266", "content": "抓狂（"}, {"uid": "81875745", "content": "呆毛かわいい呜呜呜呜呜呜（爆哭）"}, {"uid": "23651008", "content": "可爱！"}, {"uid": "3302713", "content": "不许涩小孩啦！！"}, {"uid": "482202258", "content": "你的呆毛暴露了（雾）"}, {"uid": "3302713", "content": "乌乌，好听"}, {"uid": "364790765", "content": "真的巨kwi！！！！"}, {"uid": "42871190", "content": "哈哈哈哈哈哈哈哈哈一百七十二米"}, {"uid": "42871190", "content": "好可爱"}, {"uid": "93629895", "content": "老婆结婚(狗头)"}, {"uid": "457142555", "content": "笑得也太好听了www"}, {"uid": "651752", "content": "哈哈哈哈哈哈哈哈哈哈"}, {"uid": "651752", "content": "哈哈哈哈哈哈哈哈哈哈"}, {"uid": "651752", "content": "哈哈哈哈哈哈哈哈哈哈"}, {"uid": "651752", "content": "我这个女孩子跟你声线蛮接近的。比你沙哑一点。(●—●)"}, {"uid": "651752", "content": "嗯，你不是人"}, {"uid": "651752", "content": "真的好爱笑啊，可爱(๑• . •๑)"}, {"uid": "355572041", "content": "求BGM！www"}, {"uid": "12062985", "content": "孩子笑傻了都"}, {"uid": "593981297", "content": "老婆太可爱了呜呜"}, {"uid": "593981297", "content": "不卡了好耶！！！！"}, {"uid": "455847689", "content": "啊啊啊好可爱"}, {"uid": "75988993", "content": "可爱"}, {"uid": "593981297", "content": "玉白酱！！！卡哇伊！！！"}, {"uid": "19484856", "content": "好可爱呜呜呜"}, {"uid": "92141839", "content": "是有点卡吗"}, {"uid": "437461460", "content": "太可爱了叭"}, {"uid": "437461460", "content": "www现在才有时间看直播QAQ"}, {"uid": "93517213", "content": "笑声好奶好甜呜呜呜呜"}, {"uid": "432243107", "content": "真的好可爱啊"}, {"uid": "484703525", "content": "我要上学www"}, {"uid": "676729202", "content": "网页是中文的！白玉的中文真的很好了！"}, {"uid": "676729202", "content": "中文说的好棒啊"}, {"uid": "686221", "content": "这个表情好甜啊！！kwiiiiii"}, {"uid": "686221", "content": "终于动了！一下！"}, {"uid": "686221", "content": "看录播已经分不出是我卡了 还是玉白卡了"}, {"uid": "686221", "content": "男孩子闭上眼睛就是要chuchu 030"}, {"uid": "686221", "content": "kwiiiiiiiii卡卡的也超绝可爱！"}, {"uid": "686221", "content": "宝宝你中文真好 你好可爱啊！！！TT"}, {"uid": "472366457", "content": "事实上已经开始了整活草"}, {"uid": "472366457", "content": "给孩子笑傻了"}, {"uid": "472366457", "content": "脑也卡了哈哈哈哈哈哈哈太可爱了"}, {"uid": "472366457", "content": "笑的时候就是天使吧天使"}, {"uid": "472366457", "content": "救命呜呜呜呜呜要单推了兄弟们"}, {"uid": "160982454", "content": "好哎"}, {"uid": "160982454", "content": "yygq起来了（"}, {"uid": "160982454", "content": "薛定谔的猫"}, {"uid": "160982454", "content": "yoro草"}, {"uid": "160982454", "content": "声音和太好听了吧哭哭"}, {"uid": "93517213", "content": "也太可爱了叭"}, {"uid": "473032719", "content": "在现场被笑死了哈哈哈"}, {"uid": "234013305", "content": "玉宝好可爱哈哈哈"}, {"uid": "234013305", "content": "老婆多多骂我呜呜"}, {"uid": "540060460", "content": "笑起来好可爱！"}, {"uid": "433818090", "content": "好可爱啊哈哈哈"}, {"uid": "144995203", "content": "tan幕"}, {"uid": "433818090", "content": "哦哦哦哦哦哦哦哦哦哦哦哦（逐渐兴奋）"}, {"uid": "6013934", "content": "深思咻咻咻"}, {"uid": "6013934", "content": "好口技ww"}, {"uid": "6013934", "content": "硬核不忘初心草"}, {"uid": "6013934", "content": "八嘎感谢（"}, {"uid": "400363737", "content": "真的吗？我不信"}, {"uid": "400363737", "content": "太可爱啦！！！，！，！"}, {"uid": "41343165", "content": "好卡wwwww不愧是卡白"}, {"uid": "28087408", "content": "玉白笑的也太可爱了吧"}, {"uid": "28087408", "content": "呆毛可爱"}, {"uid": "109411020", "content": "哈哈哈哈哈哈哈哈哈哈哈哈哈哈哈"}, {"uid": "23127931", "content": "太可爱啦！！！！！！！"}, {"uid": "314136504", "content": "每一帧都是表情包"}, {"uid": "387243848", "content": "男的？！击剑预定！！"}, {"uid": "15126787", "content": "好可爱好可爱"}, {"uid": "263713196", "content": "中文超好的！"}, {"uid": "25730622", "content": "你可爱你说的都对 "}, {"uid": "109411020", "content": "好可爱啊啊啊啊啊啊啊啊啊啊啊啊啊"}, {"uid": "23125984", "content": "太可爱了呜呜呜"}, {"uid": "23125984", "content": "真的太可爱了呜呜呜呜"}, {"uid": "23125984", "content": "好可爱555555"}, {"uid": "63517838", "content": "？！！！以为是女孩子！！"}, {"uid": "25730622", "content": "哈哈哈哈"}, {"uid": "480452243", "content": "宝我来了"}, {"uid": "23127931", "content": "可爱！！！"}, {"uid": "46400787", "content": "这个呆毛哈哈哈太可爱了吧"}, {"uid": "63517838", "content": "吃事故了（幻听"}, {"uid": "1641692", "content": "有声漫画哈哈哈"}, {"uid": "63517838", "content": "你好可爱"}, {"uid": "501935158", "content": "藏在下面的呆毛哈哈哈哈"}, {"uid": "3943084", "content": "好可爱！"}, {"uid": "430231017", "content": "呆毛也太卡哇伊了扒www"}, {"uid": "25730622", "content": "在现场"}, {"uid": "339118239", "content": "卡哇伊玉白酱"}, {"uid": "25730622", "content": "把我搞si对你有啥好处wwww"}, {"uid": "25730622", "content": "重温"}, {"uid": "235398538", "content": "玉白！！"}, {"uid": "235398538", "content": "增加弹幕！！！"}]