[{"uid": "1450761894", "content": "打破333的收藏"}, {"uid": "295588452", "content": "玉白虽迟但到"}, {"uid": "405818082", "content": "其他：Roya"}, {"uid": "405818082", "content": "绘：AreYou欧Kei"}, {"uid": "405818082", "content": "调混：玉白"}, {"uid": "405818082", "content": "KING"}, {"uid": "405818082", "content": "露出獠牙 papapa"}, {"uid": "405818082", "content": "屏气敛息 深信不疑"}, {"uid": "405818082", "content": "每次许下 崭新的愿望"}, {"uid": "405818082", "content": "狼狈不堪地死去 苦涩的回忆也随之消逝"}, {"uid": "405818082", "content": "天真无邪的玩闹"}, {"uid": "405818082", "content": "HAHA YOU ARE KING"}, {"uid": "405818082", "content": "伸出獠牙 pa pa pa"}, {"uid": "405818082", "content": "屏气凝神 深信不疑"}, {"uid": "405818082", "content": "爱也依旧未变 况且"}, {"uid": "405818082", "content": "像是任何人都渴求的 无机物 那样子"}, {"uid": "405818082", "content": "你讨厌那个伶俐 真是个难题Darling"}, {"uid": "405818082", "content": "幽闭 伶俐 在逝去之前"}, {"uid": "161028671", "content": "ohhhhhh"}, {"uid": "383023915", "content": "好诶！"}, {"uid": "405818082", "content": "动画：采贺"}, {"uid": "405818082", "content": "旁人所祈祷的 那零碎的讽刺"}, {"uid": "483619712", "content": "suki！！"}, {"uid": "405818082", "content": "曲：Kanaria"}, {"uid": "405818082", "content": "向新生的虚无 许下愿望"}, {"uid": "405818082", "content": "坚强勇敢地微笑 那些疼痛都变得无影无踪"}, {"uid": "405818082", "content": "向新生的虚无 许下愿望"}, {"uid": "405818082", "content": "幽闭 停止 我不知道啊"}, {"uid": "161028671", "content": "You Are KING"}, {"uid": "442381730", "content": "妙啊～"}, {"uid": "23172448", "content": "久等了！"}, {"uid": "405818082", "content": "深恶痛绝地 低声 哭泣 Down"}, {"uid": "405818082", "content": "想要 先行一步那样"}, {"uid": "430499712", "content": "来了！"}, {"uid": "65417345", "content": "真的好强啊我去"}, {"uid": "405818082", "content": "坚强勇敢地微笑 那些疼痛都变得无影无踪"}, {"uid": "627681176", "content": "新皮肤"}, {"uid": "439619496", "content": "好耶！！！"}, {"uid": "648215386", "content": "好听"}, {"uid": "433945065", "content": "好耶！"}, {"uid": "156765770", "content": "芜湖~"}, {"uid": "405818082", "content": "YOU ARE KING"}, {"uid": "405818082", "content": "HAHA YOU ARE KING"}, {"uid": "405818082", "content": "Warning Warning"}, {"uid": "405818082", "content": "YOU ARE KING"}, {"uid": "405818082", "content": "Warning Warning"}, {"uid": "405818082", "content": "向新生的虚无 许下愿望"}, {"uid": "298041281", "content": "好耶！"}, {"uid": "385982463", "content": "好耶！"}, {"uid": "405818082", "content": "爱也依旧未变 Pickup的"}, {"uid": "405818082", "content": "满怀期待的 Darling"}, {"uid": "405818082", "content": "看不到未来的 Virgin happy SHOW"}, {"uid": "430968939", "content": "帽子不错"}, {"uid": "651189602", "content": "好耶！"}, {"uid": "398834842", "content": "耶"}, {"uid": "405818082", "content": "YOU ARE KING"}, {"uid": "405818082", "content": "露出獠牙 papapa 真是碍事啊"}, {"uid": "405818082", "content": "伸出獠牙 pa pa pa 真是羞耻啊"}, {"uid": "87208061", "content": "好耶"}, {"uid": "346370312", "content": "啊啊啊啊啊啊啊啊啊"}, {"uid": "347836717", "content": "好耶"}, {"uid": "405818082", "content": "啦啦啦啦 塔拉拉"}, {"uid": "184720166", "content": "好耶"}, {"uid": "446030811", "content": "好耶。"}, {"uid": "16543710", "content": "\\蒜宝/\\蒜宝/\\蒜宝/\\蒜宝/\\蒜宝/\\蒜宝/"}, {"uid": "405818082", "content": "高抬贵手吧 真是残忍高抬贵手吧 真是残忍，"}, {"uid": "161028671", "content": "\\玉白/\\玉白/\\玉白/\\玉白/"}]