[{"uid": "455847689", "content": "笑死了哈哈哈哈哈哈完全一致"}, {"uid": "523548814", "content": "好可爱好可爱"}, {"uid": "35253566", "content": "字正腔圆哈哈哈哈"}, {"uid": "11366119", "content": "哎我刚刚突然就听懂了日本话诶"}, {"uid": "262511356", "content": "笑死我了"}, {"uid": "262511356", "content": "他以为你听不懂中文吧"}, {"uid": "176272552", "content": "《啊 我这个timinグ外卖到了吗》"}, {"uid": "1688351078", "content": "哈哈哈哈哈哈"}, {"uid": "4765788", "content": "哈哈哈哈哈哈哈哈哈哈哈哈"}, {"uid": "92137173", "content": "哈哈哈哈哈哈"}, {"uid": "501004358", "content": "啊男生啊是吗，路人一直不敢问来着"}, {"uid": "11520514", "content": "这个英语一下就会暴露啦"}, {"uid": "20173369", "content": "御坂是吧 哈哈哈哈"}, {"uid": "10286763", "content": "我来搜你，给你大大的举报"}, {"uid": "23195850", "content": "哈哈哈哈哈"}, {"uid": "30004356", "content": "选修课必逃，必修课选逃"}, {"uid": "449838148", "content": "自  动  过  滤"}, {"uid": "253373931", "content": "玉白这一声笑,hhhhhhc"}, {"uid": "349186635", "content": "《挖！我看到我了！》"}, {"uid": "349186635", "content": "《对✓》啊哈哈哈哈哈哈哈"}, {"uid": "28391945", "content": "知识盲区hhhhh"}, {"uid": "261868774", "content": "账号密码正确（狗头）"}, {"uid": "261868774", "content": "必修课选逃，选修课必逃"}, {"uid": "230521578", "content": "篡改国际"}, {"uid": "99552867", "content": "哈哈哈哈哈哈哈哈哈"}, {"uid": "386270917", "content": "“口音相当中式……”"}, {"uid": "37881530", "content": "虽然比前作泰坦陨落2少了滑墙，但APEX的上限还是很高的"}, {"uid": "37881530", "content": "哈哈哈哈哈纯纯的新手"}, {"uid": "37881530", "content": "哈哈哈哈哈哈哈哈哈半斤八两"}, {"uid": "37881530", "content": "哈哈哈哈哈哈哈太真实了"}, {"uid": "354168154", "content": "我看到我了哈哈哈哈"}, {"uid": "534939731", "content": "等   鱼   上   钩"}, {"uid": "33491", "content": "儿话音.."}, {"uid": "502699156", "content": "哈哈哈哈哈"}, {"uid": "24192585", "content": "沉默了哈哈哈哈"}, {"uid": "97713341", "content": "以为可以加密通话"}, {"uid": "118958484", "content": "御坂绷不住了"}, {"uid": "9040246", "content": "队友：对。嗯？好像哪里不对"}, {"uid": "12277004", "content": "其实也是能听出一点点，音调很好但吐字不太好www"}, {"uid": "12277004", "content": "草哈哈哈哈"}, {"uid": "19254383", "content": "有那味了哈哈哈哈"}, {"uid": "24939300", "content": "难为您了哈哈哈哈哈哈哈哈"}, {"uid": "27558679", "content": "王丶白"}, {"uid": "10026745", "content": "诶！说得好标准"}, {"uid": "84155074", "content": "wataxi是男女通用的.."}, {"uid": "30287477", "content": "watashi是通用的自称，不是单女性用的"}, {"uid": "275645336", "content": "小 心 二 次 元"}, {"uid": "31848360", "content": "艾伦:勿cue"}, {"uid": "442483906", "content": "hhhh这不是东京服吗，为啥中文会变成公用语言啊啊哈哈哈"}, {"uid": "351789552", "content": "草，味儿太对了"}, {"uid": "290319708", "content": "哈哈哈哈哈哈哈哈哈哈哈"}, {"uid": "35501873", "content": "我不装了，我摊牌了"}, {"uid": "24505", "content": "你只要不是盒子掉下去都能上来"}, {"uid": "182409478", "content": "哈哈哈难为你了"}, {"uid": "32196968", "content": "幸好不是奥林匹斯哈哈哈"}, {"uid": "106394044", "content": "永远不知道你的对手都在干什么"}, {"uid": "27164642", "content": "666"}, {"uid": "2474312", "content": "迟早他们会在首页刷到这个视频"}, {"uid": "482927152", "content": "战 狼 震 怒"}, {"uid": "38149727", "content": "？？？？咋跳上来的"}, {"uid": "59934539", "content": "hhhhhhhh"}, {"uid": "34968821", "content": "习惯性的回答"}, {"uid": "285068063", "content": "哈哈哈哈哈哈哈哈"}, {"uid": "7894092", "content": "入戏太深"}, {"uid": "1474950", "content": "叔叔狂喜（不是"}, {"uid": "384535944", "content": "大哥早已经看穿你的伪装了"}, {"uid": "522101059", "content": "好可爱的男孩子"}, {"uid": "7111416", "content": "这标准的chinalish"}, {"uid": "10707193", "content": "哈哈哈哈哈哈哈哈哈"}, {"uid": "10707193", "content": "哈哈哈哈哈哈哈"}, {"uid": "30315057", "content": "选修课去几次太真实了哈哈哈哈哈"}, {"uid": "672698497", "content": "有 模 有 样"}, {"uid": "720525", "content": "下饭哈哈哈哈"}, {"uid": "7270360", "content": "因为没有大陆server"}, {"uid": "48460330", "content": "哈哈哈哈哈"}, {"uid": "201501952", "content": "哈哈哈哈哈哈哈哈哈哈哈哈哈"}, {"uid": "57598764", "content": "小鬼子 狡猾"}, {"uid": "313022630", "content": "第一天玩就被懵了∠( ᐛ 」∠)_"}, {"uid": "62588033", "content": "哈哈哈哈哈哈哈"}, {"uid": "412469942", "content": "好家伙全对一个人没杀"}, {"uid": "286468368", "content": "御坂哈哈哈哈哈哈"}, {"uid": "480679110", "content": "等等，所以up女的？"}, {"uid": "229568210", "content": "亿 点 点"}, {"uid": "13105027", "content": "没发现可还行"}, {"uid": "23375036", "content": "哈哈哈我不装了"}, {"uid": "23375036", "content": "没发现就离谱"}, {"uid": "1400489", "content": "御坂哈哈哈"}, {"uid": "10617600", "content": "这拍手哈哈哈哈哈"}, {"uid": "100989064", "content": "哈哈哈"}, {"uid": "39472500", "content": "日本人教中国人中文（）"}, {"uid": "406907949", "content": "御坂酱"}, {"uid": "4236358", "content": "东亚服务器大概率碰到中文哈哈哈"}, {"uid": "693929898", "content": "你这是想用肩膀顶死对面吗"}, {"uid": "30335145", "content": "哈哈哈哈哈哈"}, {"uid": "30335145", "content": "草"}, {"uid": "26730053", "content": "还拍手哈哈哈哈"}, {"uid": "692105610", "content": " 我 喜 欢 日 本 "}, {"uid": "143431149", "content": "强行挽尊23333"}, {"uid": "398908926", "content": "御坂发出了一个？"}, {"uid": "280604225", "content": "御坂哈哈哈"}, {"uid": "5820136", "content": "一开口就是大佐级别的了"}, {"uid": "1932197657", "content": "哈哈哈"}, {"uid": "29443487", "content": "我傻掉了然后直布罗陀正好锤了一下头"}, {"uid": "177777865", "content": "真实系枪法"}, {"uid": "12646337", "content": "kirito冲锋陷阵！ 刀光鸽！冲鸭！"}, {"uid": "226183323", "content": "看到自己的哈哈哈哈哈哈哈"}, {"uid": "370008427", "content": "兄弟，外卖哪里都有"}, {"uid": "8545420", "content": "我就是去体验一下忍着服的上忍有多能躲的"}, {"uid": "34425491", "content": "这样的英语真的考得到大学吗"}, {"uid": "100803615", "content": "经典立本，这就叫专业"}, {"uid": "21560954", "content": "真·教科书般的回答"}, {"uid": "12651745", "content": "主要亚服真的太难打。太刚了"}, {"uid": "11652681", "content": "中文好好23333333"}, {"uid": "37480905", "content": "哈哈哈哈哈哈哈哈哈哈"}, {"uid": "35144692", "content": "这拍手太灵性了"}, {"uid": "515325548", "content": "众所周知日服是国服"}, {"uid": "128743960", "content": "这就是被人暗中观察的感觉吗，i了"}, {"uid": "514617208", "content": "太坏了哈哈哈哈哈哈哈哈哈"}, {"uid": "9555651", "content": "毫无违和感"}, {"uid": "281667916", "content": "御坂草"}, {"uid": "281667916", "content": "yeah~yeah~yeah~"}, {"uid": "81459897", "content": "可能以为是自己的那个队友说的"}, {"uid": "3083838", "content": "气氛逐渐焦灼"}, {"uid": "20658532", "content": "哈哈哈哈哈哈哈没反应过来"}, {"uid": "91233598", "content": "这个狗子叫kilito桐人草"}, {"uid": "47138343", "content": "这好标准的中式英文"}, {"uid": "5338846", "content": "哈哈哈哈哈哈哈哈哈哈哈"}, {"uid": "292195076", "content": "众所周知日服才是国服"}, {"uid": "355572041", "content": "www没在现场好难受"}, {"uid": "40459041", "content": "这个图不小心掉进一些悬崖会让你飞回来"}, {"uid": "421048578", "content": "君の日本语本当上手"}, {"uid": "421048578", "content": "跨  服  交  流"}, {"uid": "14222307", "content": "难为你了"}, {"uid": "44644279", "content": "这个id总能看到"}, {"uid": "236220376", "content": "哈哈哈哈哈"}, {"uid": "13749269", "content": "“妈妈我上电视啦！”"}, {"uid": "3517594", "content": "御坂233333"}, {"uid": "354077141", "content": "我不装了 我摊牌了"}, {"uid": "701707441", "content": "红字小哥哥好可爱"}, {"uid": "3846939", "content": "没有意识到事情的严重性"}, {"uid": "222695", "content": "英文尬聊开始了hhh"}, {"uid": "429996335", "content": "想遇到vtb"}, {"uid": "33299057", "content": "落不能踩着的岩浆会扣血起飞"}, {"uid": "262511356", "content": "好憨啊哈哈哈"}, {"uid": "183620786", "content": "书到用时方恨少"}, {"uid": "26536492", "content": "毕生所学"}, {"uid": "289990073", "content": "好可爱哈哈哈"}, {"uid": "234402539", "content": "那味儿对了"}, {"uid": "426614914", "content": "很抱歉以这种方式认识你"}, {"uid": "23195850", "content": "太塑料了老哥哈哈哈哈"}, {"uid": "81577555", "content": "舌头不过直"}, {"uid": "85645809", "content": "好像女孩子"}, {"uid": "34538548", "content": "不应该是no matter嘛"}, {"uid": "77032781", "content": "哈哈哈哈味对了"}, {"uid": "17503070", "content": "哈哈哈哈哈哈哈哈哈哈哈哈哈"}, {"uid": "7261695", "content": "毕生所学"}, {"uid": "401913820", "content": "他们在蹲日本小姐姐"}, {"uid": "487974223", "content": "字正腔圆"}, {"uid": "10026745", "content": "草"}, {"uid": "35552949", "content": "还有翻译的草"}, {"uid": "2397715", "content": "没发现是最草的"}, {"uid": "13196831", "content": "怪不得病友w"}, {"uid": "401212615", "content": "毕生所学"}, {"uid": "12295109", "content": "鹅——"}, {"uid": "357873481", "content": "等下你就被打我跟你讲"}, {"uid": "243871342", "content": "出现了，俺也一样"}, {"uid": "9384739", "content": "这一个呃的延长音就能暴露（霓虹人不该用阿诺吗"}, {"uid": "176272552", "content": "亿 点 点"}, {"uid": "47121791", "content": "一般日本人会说：我说中文一点。记得倒装"}, {"uid": "174047012", "content": "太生草了"}, {"uid": "645471253", "content": "欺骗两个幼小单纯的心灵"}, {"uid": "44824546", "content": "等被打得时候狂喊救命"}, {"uid": "1562936", "content": "还真是萌新"}, {"uid": "49758811", "content": "毕生所学：hello"}, {"uid": "11076934", "content": "我不装了.jpg"}, {"uid": "11076934", "content": "没发现哈哈哈哈哈哈哈哈"}, {"uid": "1690656415", "content": "过于生草"}, {"uid": "189257480", "content": "你这一年学了个寂寞啊"}, {"uid": "436625330", "content": "救命笑起来好可爱啊啊"}, {"uid": "23375036", "content": "没发现就离谱"}, {"uid": "33915812", "content": "哈哈哈哈哈哈哈哈哈哈xswl"}, {"uid": "11944479", "content": "哈哈哈，加起来没过200"}, {"uid": "11944479", "content": "哈哈哈，味儿对了"}, {"uid": "11944479", "content": "哈哈哈哈，崩溃了"}, {"uid": "94051047", "content": "什么玩意儿啊哈哈哈"}, {"uid": "668185", "content": "毕生所学"}, {"uid": "11700732", "content": "为什么要瞄箱子呢"}, {"uid": "11700732", "content": "立本？我的好兄弟在哪？"}, {"uid": "50013926", "content": "啦啦啦啦哩啦哩啦撒啦哩哩哩啦"}, {"uid": "702466514", "content": "《亿点点》"}, {"uid": "21172372", "content": "哈哈啊哈毕生所学啊哈哈哈哈"}, {"uid": "23400434", "content": "老影帝了"}, {"uid": "382350960", "content": "中日友好交流"}, {"uid": "274160437", "content": "太对了！哥！太对了！"}, {"uid": "186928", "content": "毕生所学的英文. jpg"}, {"uid": "39539760", "content": "哈哈哈哈哈哈哈哈哈哈草"}, {"uid": "22873670", "content": "尬住了"}, {"uid": "478721283", "content": "选其他角色估计人就没了"}, {"uid": "526481658", "content": "steam国服锁区了"}, {"uid": "13388431", "content": "都挤碎了"}, {"uid": "29209614", "content": "我的 英语 不 是 很 好"}, {"uid": "1588531", "content": "声音好可爱"}, {"uid": "202659415", "content": "好家伙，国籍改不回来了（狗头）"}, {"uid": "85489417", "content": "众所周知只要能加速，那就是国服"}, {"uid": "326640009", "content": "八嘎，苦嗖，西内"}, {"uid": "493940733", "content": "他们习惯了"}, {"uid": "118747696", "content": "毕 生 所 学"}, {"uid": "19999783", "content": "笑拉了草"}, {"uid": "421048578", "content": "这到底是几点了啊！（摔"}, {"uid": "920077", "content": "搜打油"}, {"uid": "358989784", "content": "我she立本愣"}, {"uid": "176272552", "content": "《我看到我了》"}, {"uid": "82704037", "content": "这起码是大佐级别的"}, {"uid": "395468378", "content": "玉白甚至感觉中文说着比英文顺口"}, {"uid": "178150778", "content": "高兴的拍起了肚皮"}, {"uid": "130838444", "content": "《翻斗花园突破手胡英俊》"}, {"uid": "354077141", "content": "笑拉了 说得太好了没听出来"}, {"uid": "533849221", "content": "亿点点"}, {"uid": "300005271", "content": "你們擠碎啊"}, {"uid": "1900480", "content": "应该是没发现这话是UP说的"}, {"uid": "13079558", "content": "亿点点"}, {"uid": "481107670", "content": "散装英语"}, {"uid": "4788565", "content": "轰多尼阿里嘎多"}, {"uid": "34674754", "content": "老 兵 回 归"}, {"uid": "501004358", "content": "男的"}, {"uid": "1688351078", "content": "哈哈哈哈哈哈回归就离谱"}, {"uid": "5881191", "content": "太真实了哥们"}, {"uid": "5733692", "content": "24岁，是学生"}, {"uid": "11219290", "content": "难为你了"}, {"uid": "3257419", "content": "难为您了"}, {"uid": "34562048", "content": "正常啦"}, {"uid": "106400624", "content": "马哥"}, {"uid": "20173369", "content": "毕生所学"}, {"uid": "346659376", "content": "哈哈哈哈草"}, {"uid": "611208122", "content": "亿点点"}, {"uid": "611208122", "content": "毕生所学"}, {"uid": "23195850", "content": "可爱死了我上电视了"}, {"uid": "37881530", "content": "都是玩游戏的，很难不知道"}, {"uid": "37881530", "content": "哈哈哈哈哈哈哈哈哈哈哈哈"}, {"uid": "55424400", "content": "太屑了哈哈哈哈哈"}, {"uid": "1903061780", "content": "笑死了哈哈哈哈哈哈哈"}, {"uid": "306113770", "content": "anime"}, {"uid": "20627077", "content": "勾罕见是吧"}, {"uid": "9040246", "content": "哦哈哟（意识到不对）坑吧哇"}, {"uid": "437073894", "content": "哈哈哈哈哈哈哈哈哈哈哈哈哈"}, {"uid": "38574519", "content": "文化沙漠"}, {"uid": "151494552", "content": "俺也一样"}, {"uid": "19254383", "content": "笑死了救命"}, {"uid": "13196831", "content": "这输出就离谱"}, {"uid": "361047150", "content": "蚌埠住了"}, {"uid": "361047150", "content": "达咩"}, {"uid": "187776206", "content": "不 是 很 好"}, {"uid": "2435189", "content": "哈哈哈哈哈哈哈哈哈"}, {"uid": "357873481", "content": "等下你就被打"}, {"uid": "361176127", "content": "第一天玩就排位！！！？？？"}, {"uid": "68201026", "content": "哈哈哈哈哈哈哈哈哈哈哈哈"}, {"uid": "455051437", "content": "这输出就离谱"}, {"uid": "7823643", "content": "只会中文都这样，有事说中文:)滑稽"}, {"uid": "40271624", "content": "你是三姐还是三哥"}, {"uid": "645471253", "content": "累了，不装了"}, {"uid": "645471253", "content": "有些位置能飞，有的不能"}, {"uid": "21476248", "content": "贴脸转换者被秒"}, {"uid": "13142474", "content": "一年学了个寂寞"}, {"uid": "374019266", "content": "wwwww"}, {"uid": "98743867", "content": "毕生所学"}, {"uid": "39217114", "content": "毕生所学"}, {"uid": "245669", "content": "小 学 英 语"}, {"uid": "38595671", "content": "这发音不得是个大佐"}, {"uid": "1464060", "content": "好中性的声音"}, {"uid": "24205440", "content": "国服没人玩了，就都跑日服美服玩了"}, {"uid": "176266654", "content": "心脏撒撒给有"}, {"uid": "81008586", "content": "哈哈哈哈哈哈哈"}, {"uid": "5911", "content": "右上角海贼团"}, {"uid": "88612404", "content": "假装不会"}, {"uid": "10408598", "content": "哈哈哈哈哈哈哈哈"}, {"uid": "11984983", "content": "亿点点"}, {"uid": "702466514", "content": "哈哈哈哈哈"}, {"uid": "452160905", "content": "是不是在线查翻译去了啊哈哈哈"}, {"uid": "15568897", "content": "草，我们学校日语选修课从来都抢不上"}, {"uid": "413503849", "content": "awsl"}, {"uid": "66939085", "content": "选修课必逃，必修课选逃"}, {"uid": "1416062", "content": "这里是“中国”!"}, {"uid": "430778799", "content": "毕生所学"}, {"uid": "22491593", "content": "左上角名字瞩目"}, {"uid": "85233615", "content": "笑死了hhhhhh"}, {"uid": "29209614", "content": "真就直翻hhh"}, {"uid": "106724627", "content": "哈哈哈哈哈哈哈哈嗝"}, {"uid": "450223336", "content": "姐姐声音好帅"}, {"uid": "281667916", "content": "《对》"}, {"uid": "25763225", "content": "《对》"}, {"uid": "431392670", "content": "这不上个舰 大兄dai"}, {"uid": "10617114", "content": "他可能以为是另一个哥们说的"}, {"uid": "24953837", "content": "怪不得病友"}, {"uid": "493940733", "content": "忠蚊"}, {"uid": "4507273", "content": "日本人的英文不是这样的"}, {"uid": "313524828", "content": "桐姥爷不是kirito嘛"}, {"uid": "39350396", "content": "真实哈哈哈哈我还修过俄语"}, {"uid": "236973", "content": "旗鼓相当"}, {"uid": "1478064", "content": "然而只有这个位置能飞"}, {"uid": "7896688", "content": "毕生所学"}, {"uid": "25661922", "content": "这个大哥的名字是桐姥爷"}, {"uid": "5965654", "content": "对还行"}, {"uid": "23272180", "content": "哈哈哈哈哈哈队友好可爱哦"}, {"uid": "395468378", "content": "对方竟然没发现发生了什么"}, {"uid": "395468378", "content": "对方已经使出了毕生所学"}, {"uid": "305548179", "content": "出现了，中国人必会英语句子！"}, {"uid": "2564929", "content": "《亿点点》"}, {"uid": "523048405", "content": "哈哈哈哈哈哈哈"}, {"uid": "523048405", "content": "哈哈哈哈哈哈哈哈"}, {"uid": "30402553", "content": "立本我的神"}, {"uid": "172455193", "content": "server"}, {"uid": "7178219", "content": "亿点"}, {"uid": "21196284", "content": "亿点点"}, {"uid": "244824302", "content": "毕生所学"}, {"uid": "243877406", "content": "哈哈哈哈哈哈哈哈哈哈"}, {"uid": "23195850", "content": "亿点点"}, {"uid": "15608440", "content": "节目效果拉满"}, {"uid": "102546015", "content": "一听就知道现场翻译的"}, {"uid": "281217101", "content": "标准暗号"}, {"uid": "8934475", "content": "君日语本当上手"}, {"uid": "99552867", "content": "哈哈哈哈哈哈哈"}, {"uid": "37881530", "content": "哈哈哈哈哈哈哈哈哈哈哈哈哈哈"}, {"uid": "240355", "content": "毕生所学"}, {"uid": "24192585", "content": "这反射弧"}, {"uid": "1967311", "content": "Lol日服曾经一段时间一局9个国人"}, {"uid": "437073894", "content": "亿点点"}, {"uid": "11797947", "content": "我看到我了还有点可爱"}, {"uid": "28192997", "content": "哈哈哈哈哈哈哈哈"}, {"uid": "24939300", "content": "哈哈哈哈哈哈哈哈哈哈哈"}, {"uid": "27558679", "content": "50音战士够用了"}, {"uid": "407568323", "content": "我选修的日语，毕业了五十音都不记得"}, {"uid": "20320371", "content": "Not so good把爷笑死了"}, {"uid": "85946460", "content": "哈哈哈哈哈哈哈哈绝了"}, {"uid": "418864392", "content": "哈哈哈"}, {"uid": "6811048", "content": "对，草草草草"}, {"uid": "3616005", "content": "立本人"}, {"uid": "2746944", "content": "哈哈哈哈哈有点憨"}, {"uid": "283727269", "content": "回一个牛壁就行了"}, {"uid": "399803118", "content": "哈哈哈哈哈哈哈哈"}, {"uid": "260340124", "content": "登dua郎啦"}, {"uid": "84124622", "content": "还是那一大堆话"}, {"uid": "45553338", "content": "well认真的？不是该用poor"}, {"uid": "385387374", "content": "not well（一直想纠正，但奈何才初中"}, {"uid": "68201026", "content": "哈哈哈哈哈哈哈哈哈哈哈哈"}, {"uid": "516150023", "content": "笑声暴露身份"}, {"uid": "516150023", "content": "中式英语暴露身份"}, {"uid": "498971914", "content": "主人的命令"}, {"uid": "75096095", "content": "你不是"}, {"uid": "245669", "content": "哈哈哈哈哈哈哈哈哈哈"}, {"uid": "4551201", "content": "你这发音就很不日本哈哈哈哈"}, {"uid": "437173802", "content": "中式英语完全暴露"}, {"uid": "189257480", "content": "TMD这个英语我忍不住了"}, {"uid": "29487875", "content": "毕生所学"}, {"uid": "5876170", "content": "毕生所学草"}, {"uid": "88197555", "content": "干游戏重要"}, {"uid": "289399229", "content": "太草了"}, {"uid": "392095249", "content": "回归哈哈哈哈哈哈"}, {"uid": "341148030", "content": "日本人在东京服和中国人用中文交流"}, {"uid": "131758862", "content": "战术无视"}, {"uid": "61506466", "content": "蚌埠住了"}, {"uid": "628864223", "content": "哈哈哈哈哈"}, {"uid": "36782246", "content": "哈哈哈哈哈哈哈哈哈"}, {"uid": "28322508", "content": "菜得透彻"}, {"uid": "15138435", "content": "到底早上还是晚上呀！"}, {"uid": "215876", "content": "屑，太屑了！"}, {"uid": "21560954", "content": "哈哈哈哈哈哈哈哈哈哈哈"}, {"uid": "358211468", "content": "csgo里边都是"}, {"uid": "29143976", "content": "这英文没东京味啊"}, {"uid": "7412768", "content": "奥斯卡"}, {"uid": "1203065561", "content": "hhhhhhhh，立本 yyds"}, {"uid": "4106032", "content": "哈哈哈哈哈哈哈"}, {"uid": "6029542", "content": "交涉还行"}, {"uid": "7613302", "content": "hhhhh"}, {"uid": "29265607", "content": "焦流"}, {"uid": "26644301", "content": "毕生所学"}, {"uid": "33344725", "content": "哈哈哈哈哈哈哈"}, {"uid": "479390", "content": "24是大学生"}, {"uid": "224518493", "content": "东京属于中国（滑稽）"}, {"uid": "38550786", "content": "奥斯卡奥斯卡"}, {"uid": "14389016", "content": "hhh"}, {"uid": "38467178", "content": "这句话，awsl"}, {"uid": "31893209", "content": "君de日本语本当上手"}, {"uid": "2419707", "content": "移动和电信裸连有概率就是日服"}, {"uid": "10617114", "content": "别尬黑，人家来进行忍者修行的"}, {"uid": "11235756", "content": "毕生所学"}, {"uid": "349245607", "content": "选修课就去几次太真实了"}, {"uid": "25576844", "content": "哈哈哈哈哈哈"}, {"uid": "615908404", "content": "啥啊哈哈哈哈哈哈哈哈哈哈哈"}, {"uid": "92355862", "content": "哈哈哈哈哈哈哈哈"}, {"uid": "286086612", "content": "毕生所学"}, {"uid": "23490468", "content": "好家伙第五名48_58_71"}, {"uid": "353099430", "content": "那个岩浆 掉下去就会飞 就是会掉血"}, {"uid": "85440872", "content": "太萌新了这也"}, {"uid": "214399646", "content": "为什么你可以灰？（萌新发言）"}, {"uid": "176272552", "content": "笑死我了"}, {"uid": "11155428", "content": "哈哈哈哈哈哈哈哈哈哈哈哈哈哈"}, {"uid": "6845257", "content": "笑yue了友友们"}, {"uid": "94895813", "content": "很抱歉以这种方式认识你"}, {"uid": "305820504", "content": "太尴尬了草啊啊"}, {"uid": "749846042", "content": "草一年就学成这样啊"}, {"uid": "13079558", "content": "早上？晚上？"}, {"uid": "178412633", "content": "哈哈哈哈哈哈哈哈哈"}, {"uid": "523048405", "content": "哈哈哈哈哈哈哈哈"}, {"uid": "26536492", "content": "哈哈哈哈哈哈"}, {"uid": "383128012", "content": "毕生所学"}, {"uid": "62585621", "content": "毕生所学"}, {"uid": "6707935", "content": "笑死我了，完全一致"}, {"uid": "437256340", "content": "哈哈哈哈哈哈哈哈哈哈kwii"}, {"uid": "38306784", "content": "好可爱"}, {"uid": "23195850", "content": "兄弟们哈哈哈哈哈哈太好笑了"}, {"uid": "132419118", "content": "绝了这中式英语"}, {"uid": "40994427", "content": "哈哈哈哈哈哈哈哈哈"}, {"uid": "420464439", "content": "哈哈哈哈哈哈哈哈哈"}, {"uid": "88084746", "content": "哈哈哈"}, {"uid": "146252238", "content": "哈哈哈哈哈哈哈哈哈"}, {"uid": "4359536", "content": "纯正chinglish发音啊（笑）"}, {"uid": "187776206", "content": "笑死我了"}, {"uid": "62070632", "content": "哈哈哈哈哈，not good"}, {"uid": "3189966", "content": "哈哈哈"}, {"uid": "2323580", "content": "对哈哈哈哈哈哈哈"}, {"uid": "11355721", "content": "菜"}, {"uid": "47121791", "content": "毕生绝学"}, {"uid": "1270647633", "content": "标准的英文交流方式"}, {"uid": "349799693", "content": "没发现就离谱"}, {"uid": "2372987", "content": "口音根本不像"}, {"uid": "11131937", "content": "素材+1"}, {"uid": "11308341", "content": "哈哈哈哈哈哈哈哈哈"}, {"uid": "201501952", "content": "哈哈哈哈哈哈哈哈哈哈哈哈哈"}, {"uid": "201501952", "content": "哈哈哈哈哈哈哈哈哈哈哈哈哈"}, {"uid": "57598764", "content": "毕竟日站"}, {"uid": "4297473", "content": "他这一年日语，为什么还会用女性我自称？"}, {"uid": "4297473", "content": "女性我可还行"}, {"uid": "480679110", "content": "这个颜色血压拉满"}, {"uid": "558081346", "content": "哈哈哈哈哈"}, {"uid": "40067253", "content": "厚礼谢特"}, {"uid": "12641381", "content": "简直折磨怪"}, {"uid": "5965654", "content": "pathfinder可爱（）"}, {"uid": "5965654", "content": "这里好亚撒西啊"}, {"uid": "38274510", "content": "哈哈哈哈哈哈哈"}, {"uid": "1475268", "content": "被√罕见气晕"}, {"uid": "2468679", "content": "立本人都没讲好（"}, {"uid": "5242164", "content": "这发音就不是日本人"}, {"uid": "193084935", "content": "哈哈哈哈哈哈哈哈哈"}, {"uid": "7845651", "content": "哈哈哈哈哈哈哈哈哈哈哈哈哈哈"}, {"uid": "11984983", "content": "哈哈哈哈哈哈哈"}, {"uid": "484225234", "content": "哈哈"}, {"uid": "15138435", "content": "经典立本人"}, {"uid": "21560954", "content": "好可爱啊"}, {"uid": "9134629", "content": "你们三个就是来聊天的？？"}, {"uid": "352270208", "content": "23333"}, {"uid": "286245", "content": "属于纯正中式英语了"}, {"uid": "34349251", "content": "都会飞"}, {"uid": "275683285", "content": "岩浆可以飞的"}, {"uid": "255783601", "content": "哈哈哈哈哈哈哈哈哈"}, {"uid": "371794635", "content": "哈哈哈哈哈哈哈哈哈哈哈哈"}, {"uid": "128743960", "content": "24（即答"}, {"uid": "33344725", "content": "哈哈哈哈哈哈哈"}, {"uid": "281667916", "content": "《单纯》"}, {"uid": "281667916", "content": "太草了"}, {"uid": "281667916", "content": "尬不尬啊2333"}, {"uid": "25763225", "content": "哈哈哈哈哈"}, {"uid": "175743966", "content": "草"}, {"uid": "261681422", "content": "hhhhhhhhhhhhhhhhhhhhhhh"}, {"uid": "276315", "content": "反射弧也太长"}, {"uid": "87572325", "content": "亿点点"}, {"uid": "87572325", "content": "哈哈哈哈哈哈"}, {"uid": "87572325", "content": "哈哈哈哈哈哈哈哈哈"}, {"uid": "79596571", "content": "亿点点"}, {"uid": "3508390", "content": "哈哈哈哈哈哈"}, {"uid": "18153887", "content": "わぃー　JP　サーバー"}, {"uid": "76966470", "content": "这个什么语速"}, {"uid": "40198105", "content": "这3q味儿太重了"}, {"uid": "109982", "content": "草。你们三干嘛来了"}, {"uid": "1967745", "content": "哈哈哈哈哈哈"}, {"uid": "3145487", "content": "众说周知有服务器的地方就有中国人人"}, {"uid": "66819200", "content": "毕生所学"}, {"uid": "95996068", "content": "毕生所学"}, {"uid": "57069967", "content": "草更尴尬了"}, {"uid": "92122205", "content": "你地日本话大大滴呦西"}, {"uid": "484095537", "content": "没问题……"}, {"uid": "398869434", "content": "no，打咩"}, {"uid": "86814859", "content": "哈哈哈哈哈哈哈"}, {"uid": "61450504", "content": "以为是别人说的"}, {"uid": "7863693", "content": "罕见！"}, {"uid": "135531012", "content": "哈哈哈哈"}, {"uid": "604851653", "content": "公开处刑wwwwwww"}, {"uid": "166531846", "content": "选修课必逃，了解了"}, {"uid": "3286076", "content": "地图是这样的"}, {"uid": "435947277", "content": "哈哈哈哈哈哈哈哈哈哈"}, {"uid": "435947277", "content": "太真实了"}, {"uid": "441990786", "content": "没"}, {"uid": "10286763", "content": "由内味儿了"}, {"uid": "35247225", "content": "哈哈哈哈哈哈啊哈哈"}, {"uid": "23195850", "content": "对！！"}, {"uid": "23195850", "content": "哈哈哈哈哈哈哈哈哈哈"}, {"uid": "23195850", "content": "哈哈哈哈哈哈哈哈哈"}, {"uid": "85645809", "content": "日本的外卖的话送得比较慢"}, {"uid": "3643892", "content": "味对了"}, {"uid": "12648039", "content": "一年还不会交流"}, {"uid": "313572340", "content": "哈哈哈哈哈哈"}, {"uid": "25334081", "content": "我摊牌了，我不装了"}, {"uid": "176016640", "content": "讲实话，我是真分不清玉白是男是女（新粉"}, {"uid": "342965080", "content": "就怕他在东京服来一句呦还是个日本人"}, {"uid": "291573646", "content": "学中文，而且这么流利，应该是在中国"}, {"uid": "1903061780", "content": "男生呀"}, {"uid": "66420", "content": "折磨队友www"}, {"uid": "345387226", "content": "这是日v？"}, {"uid": "269156113", "content": "应该是知っています才对"}, {"uid": "437815422", "content": "哈哈哈哈"}, {"uid": "20667675", "content": "射死现场？"}, {"uid": "285859157", "content": "草"}, {"uid": "359155143", "content": "哈哈哈"}, {"uid": "28192997", "content": "味对了"}, {"uid": "24939300", "content": "接着装x"}, {"uid": "10026745", "content": "wwwww"}, {"uid": "220224", "content": "哈哈哈哈哈"}, {"uid": "52028677", "content": "哈哈哈塑料"}, {"uid": "8821250", "content": "毕生所学"}, {"uid": "8029820", "content": "来了来了"}, {"uid": "131014977", "content": "反转了是京东"}, {"uid": "297167497", "content": "哈哈哈哈哈哈哈"}, {"uid": "102486022", "content": "哈哈哈哈"}, {"uid": "519906309", "content": "哈哈哈哈"}, {"uid": "23136884", "content": "哈哈哈哈哈"}, {"uid": "12570001", "content": "亚服挂太多了"}, {"uid": "12410999", "content": "日本人的英文味儿是这样的吗"}, {"uid": "85727023", "content": "这种坑有热能可以把你吹上来"}, {"uid": "283727269", "content": "菜的离谱"}, {"uid": "2998268", "content": "哈哈哈哈哈哈哈哈哈"}, {"uid": "399803118", "content": "哈哈哈哈可爱"}, {"uid": "399803118", "content": "毕生所学"}, {"uid": "418903507", "content": "妈妈，我三电视了！"}, {"uid": "469282091", "content": "太憨憨了哈哈哈"}, {"uid": "68201026", "content": "哈哈哈哈哈哈哈"}, {"uid": "68201026", "content": "哈哈哈哈哈哈哈哈哈哈哈哈"}, {"uid": "67996033", "content": "太对了"}, {"uid": "35914721", "content": "国际服都被中国玩家攻陷了"}, {"uid": "10707193", "content": "哈哈哈哈哈哈哈这也可以"}, {"uid": "645471253", "content": "工地日语"}, {"uid": "5710433", "content": "那不等于没学"}, {"uid": "8879997", "content": "八嘎呀路"}, {"uid": "13329375", "content": "好家伙"}, {"uid": "263187237", "content": "你这日式英语不对阿 没那味儿"}, {"uid": "357071918", "content": "绝了"}, {"uid": "12828568", "content": "好甜"}, {"uid": "29656247", "content": "哈哈哈哈哈"}, {"uid": "29656247", "content": "哈哈哈哈哈"}, {"uid": "349098367", "content": " I'm fine. Thank you and you?"}, {"uid": "201501952", "content": "哈哈哈哈哈哈哈哈哈"}, {"uid": "69893542", "content": "呦西"}, {"uid": "32279412", "content": "so good"}, {"uid": "88951920", "content": "秒变水友局"}, {"uid": "4551201", "content": "哈哈哈哈哈"}, {"uid": "35401760", "content": "ですが草"}, {"uid": "346470424", "content": "焦灼"}, {"uid": "382415339", "content": "哈哈哈哈"}, {"uid": "878477", "content": "我一年的时候已经考上修士了。。。"}, {"uid": "151242318", "content": "味对了"}, {"uid": "13003033", "content": "哈哈哈哈哈哈"}, {"uid": "153810236", "content": "勾罕见"}, {"uid": "272423984", "content": "一看就是假日本人，你没听过日式英语吗？"}, {"uid": "353427413", "content": "哈哈哈哈哈哈哈哈"}, {"uid": "515503896", "content": "堵枪口"}, {"uid": "31286105", "content": "哈哈哈哈哈哈哈"}, {"uid": "38274510", "content": "哈哈哈哈哈哈哈"}, {"uid": "13269798", "content": "妈妈我上电视了！"}, {"uid": "18780124", "content": "哈哈哈哈哈哈哈哈哈哈"}, {"uid": "34583839", "content": "哈哈哈"}, {"uid": "4962133", "content": "哈哈哈哈哈哈"}, {"uid": "4975497", "content": "小心二次元"}, {"uid": "1205876912", "content": "因为没有国服2333"}, {"uid": "21877794", "content": "你这是中式英文吧"}, {"uid": "7258159", "content": "？"}, {"uid": "650628931", "content": "hhhhhhhhh"}, {"uid": "21560954", "content": "草www"}, {"uid": "432257450", "content": "上电视了！"}, {"uid": "434364483", "content": "立本人就有那味了"}, {"uid": "12651745", "content": "2333333"}, {"uid": "477305623", "content": "粉丝喜加一"}, {"uid": "197653867", "content": "哈哈哈哈哈哈哈哈"}, {"uid": "171685941", "content": "应该是  話せます"}, {"uid": "10996987", "content": "选修课必逃"}, {"uid": "1588531", "content": "哈哈哈哈哈哈哈哈哈哈哈哈"}, {"uid": "128743960", "content": "差不多七点勒，饮茶先啦"}, {"uid": "3363138", "content": "好家伙 这ping 我在国内三十几"}, {"uid": "440130608", "content": "你这英语听着像中式英语"}, {"uid": "281667916", "content": "哈哈哈哈哈哈"}, {"uid": "549290", "content": "48-58-71"}, {"uid": "11500298", "content": "哈哈哈哈哈哈哈哈哈哈哈哈"}, {"uid": "6075668", "content": "离了个大谱"}, {"uid": "16989122", "content": "来点工地日语"}, {"uid": "26730667", "content": "毕生所学"}, {"uid": "8455365", "content": "哈哈哈哈哈哈哈哈"}, {"uid": "142347167", "content": "工地英语"}, {"uid": "102482981", "content": "我在北美也玩东京服务器"}, {"uid": "7320349", "content": "cod战区也一样  日服大半国人"}, {"uid": "13692624", "content": "这英语就不像日本人"}, {"uid": "421048578", "content": "兄弟萌你们上电视了！"}, {"uid": "33819799", "content": "我看到我了草"}, {"uid": "82662192", "content": "交涉"}, {"uid": "11622504", "content": "救命哈哈哈哈哈"}, {"uid": "161028671", "content": "哈哈哈哈哈哈哈哈哈哈"}, {"uid": "395468378", "content": "你不是也在一直说中文吗？"}, {"uid": "1182363587", "content": "哈哈哈哈哈哈哈哈哈哈"}, {"uid": "355170951", "content": "哈哈哈哈哈哈哈哈哈哈哈哈哈"}, {"uid": "314116874", "content": "哈哈哈哈哈哈哈"}, {"uid": "1688351078", "content": "哈哈哈哈哈哈哈哈哈笑死了"}, {"uid": "1688351078", "content": "哈哈哈这也太明显装的了"}, {"uid": "30763270", "content": "我上电视啦"}, {"uid": "31303296", "content": "草"}, {"uid": "10286763", "content": "欧谢特"}, {"uid": "15608440", "content": "装起来了"}, {"uid": "281217101", "content": "不会跳就无脑跳城里，资源管够"}, {"uid": "37881530", "content": "哈哈哈哈哈哈"}, {"uid": "2771672", "content": "但是游戏菜的离谱"}, {"uid": "17503070", "content": "哈哈哈哈哈哈哈哈哈哈哈哈"}, {"uid": "24192585", "content": "哈哈哈哈哈哈哈哈哈笑死"}, {"uid": "37164144", "content": "草"}, {"uid": "13923305", "content": "草"}, {"uid": "49881375", "content": "哈哈哈哈哈哈哈哈哈哈哈哈哈哈"}, {"uid": "112331949", "content": "草"}, {"uid": "26937214", "content": "哈哈哈哈哈哈哈"}, {"uid": "26937214", "content": "草"}, {"uid": "31220359", "content": "味对了"}, {"uid": "13196831", "content": "哈哈哈哈哈哈"}, {"uid": "22417943", "content": "一样大。。。"}, {"uid": "187776206", "content": "哈哈哈哈哈"}, {"uid": "33213126", "content": "毕生所学"}, {"uid": "506352827", "content": "哈哈哈哈哈哈哈"}, {"uid": "56903402", "content": "地图特色"}, {"uid": "1570297", "content": "哈哈哈"}, {"uid": "2746944", "content": "达咩"}, {"uid": "106049050", "content": "草"}, {"uid": "59424092", "content": "哈哈哈哈哈哈哈"}, {"uid": "399803118", "content": "哈哈哈哈哈哈哈"}, {"uid": "357873481", "content": "so good"}, {"uid": "342190496", "content": "哈哈哈哈哈哈哈哈哈哈"}, {"uid": "5921117", "content": "哈哈哈哈哈哈哈蚌埠住了"}, {"uid": "32714416", "content": "这一听就是中国人"}, {"uid": "14227879", "content": "《关于我是来日服进行忍者修习的伪大佐这件事》"}, {"uid": "87997963", "content": "草"}, {"uid": "349799693", "content": "阿扑猪"}, {"uid": "148665497", "content": "哈哈哈哈"}, {"uid": "10707193", "content": "哈哈哈哈哈哈哈呆萌新"}, {"uid": "10707193", "content": "笑死"}, {"uid": "10707193", "content": "草"}, {"uid": "516150023", "content": "没人拦着你"}, {"uid": "36071245", "content": "哈哈哈"}, {"uid": "189257480", "content": "噗"}, {"uid": "499325389", "content": "我也玩儿的东京服务器"}, {"uid": "11284359", "content": "辣你是真的牛批"}, {"uid": "23375036", "content": "哈哈哈哈哈哈哈"}, {"uid": "23356569", "content": "草"}, {"uid": "87910281", "content": "你这英语就没有日本口音内味"}, {"uid": "402801199", "content": "草"}, {"uid": "544499218", "content": "不会英文哈哈哈哈哈"}, {"uid": "49795397", "content": "直接暴露。日本人的英语发音不会这样的"}, {"uid": "52863408", "content": "好可爱"}, {"uid": "30335145", "content": "草"}, {"uid": "2556784", "content": "可是这个口音有点中式英语哈哈哈哈（个人感觉）"}, {"uid": "26730053", "content": "哈哈哈哈哈哈哈"}, {"uid": "31286105", "content": "哈哈哈哈哈"}, {"uid": "38669319", "content": "好真实"}, {"uid": "481879655", "content": "哈哈哈哈哈哈哈哈"}, {"uid": "20748041", "content": "马"}, {"uid": "5793076", "content": "逆天"}, {"uid": "222030498", "content": "哈哈哈哈哈"}, {"uid": "12953074", "content": "kilito草"}, {"uid": "10408598", "content": "哈哈哈哈哈哈"}, {"uid": "702466514", "content": "好家伙"}, {"uid": "11984983", "content": "哈哈哈哈哈"}, {"uid": "702466514", "content": "不标准啊"}, {"uid": "23222802", "content": "哈哈哈哈哈哈"}, {"uid": "15568897", "content": "但是国外血贵"}, {"uid": "13611164", "content": "哈哈哈哈哈"}, {"uid": "22373685", "content": "经典台词"}, {"uid": "508816406", "content": "哈哈哈哈"}, {"uid": "15138435", "content": "太真实了"}, {"uid": "255783601", "content": "哈哈哈哈哈哈哈哈"}, {"uid": "255783601", "content": "哈哈哈哈哈哈哈"}, {"uid": "154220508", "content": "我在你床底下啊"}, {"uid": "128743960", "content": "刚才都点外卖了，应该在国内把"}, {"uid": "33344725", "content": "哈哈哈哈哈哈哈"}, {"uid": "479390", "content": "草"}, {"uid": "38550786", "content": "完全没发现问题"}, {"uid": "11500298", "content": "笑死"}, {"uid": "20658532", "content": "日本人在东京服用中文和中国人聊天，哈哈哈哈哈哈哈哈"}, {"uid": "87572325", "content": "www"}, {"uid": "5338846", "content": "哈哈哈哈哈哈哈哈哈"}, {"uid": "107762081", "content": "哈哈哈哈哈"}, {"uid": "358223942", "content": "亿点点"}, {"uid": "11934400", "content": "23333"}, {"uid": "76966470", "content": "草"}, {"uid": "21781204", "content": "哈哈哈哈"}, {"uid": "236973", "content": "这英文一听就不是日本人"}, {"uid": "172401669", "content": "23333"}, {"uid": "600255796", "content": "hhh"}, {"uid": "5965654", "content": "怎么这么会学"}, {"uid": "341636481", "content": "毕生所学"}, {"uid": "28539242", "content": "这也菜了吧"}, {"uid": "382056479", "content": "太坏了"}, {"uid": "179605320", "content": "蚌埠住了"}, {"uid": "262511356", "content": "你就是立本？原石modomodo"}, {"uid": "11133653", "content": "不v   、】"}, {"uid": "4765788", "content": "哈哈哈哈哈哈哈"}, {"uid": "4765788", "content": "我修的韩国语 哈哈哈哈直接给我整懵"}, {"uid": "28209297", "content": "这个kirito还拼错了，最然的确是li的读法"}, {"uid": "12638759", "content": "自报家门"}, {"uid": "478025595", "content": "不应该是is poor吗"}, {"uid": "346659376", "content": "哈哈哈哈哈"}, {"uid": "23195850", "content": "我不演了"}, {"uid": "19537555", "content": "哈哈哈哈"}, {"uid": "37881530", "content": "哈哈哈哈哈哈哈哈哈哈哈哈h"}, {"uid": "35410522", "content": "一样大"}, {"uid": "7261695", "content": "草"}, {"uid": "353847624", "content": "啊？♂"}, {"uid": "1967311", "content": "hhhhhhhhh"}, {"uid": "50029297", "content": "日本英语发音这么好的常见吗？"}, {"uid": "10026745", "content": "草"}, {"uid": "447700164", "content": "说你好啊"}, {"uid": "290714499", "content": "笑死我了"}, {"uid": "50720921", "content": "哈哈哈哈哈哈哈哈哈哈哈哈哈哈"}, {"uid": "57209817", "content": "这一年白学了"}, {"uid": "102486022", "content": "哈哈哈哈"}, {"uid": "35800693", "content": "草"}, {"uid": "493857471", "content": "学一年就这？"}, {"uid": "454223992", "content": "草"}, {"uid": "650016459", "content": "哈哈哈哈哈哈哈哈哈"}, {"uid": "10707193", "content": "太好笑了"}, {"uid": "37620722", "content": "哈哈哈"}, {"uid": "436625330", "content": "玉白是男的。"}, {"uid": "436625330", "content": "？？？玉白男的，都六月了为什么还有人问这个问题"}, {"uid": "498971914", "content": "密码正确"}, {"uid": "446639982", "content": "？"}, {"uid": "6393409", "content": "对"}, {"uid": "437173802", "content": "这反射弧"}, {"uid": "14440304", "content": "を知ります....."}, {"uid": "320040972", "content": "是中国人就来砍我"}, {"uid": "23375036", "content": "太好玩了 太搞笑了哈哈哈"}, {"uid": "23375036", "content": "哈哈哈哈哈"}, {"uid": "26659255", "content": "啊這"}, {"uid": "289399229", "content": "草"}, {"uid": "27242173", "content": "这盛世如你所愿"}, {"uid": "399984832", "content": "蚌埠住了"}, {"uid": "1872960", "content": "夺笋啊"}, {"uid": "812617", "content": "这类游戏的精髓不就是网骗嘛"}, {"uid": "37141131", "content": "私"}, {"uid": "1673865", "content": "中国人掌握个三四门语言不是很正常"}, {"uid": "170113516", "content": "草"}, {"uid": "30335145", "content": "草"}, {"uid": "38274510", "content": "哈哈哈哈哈哈"}, {"uid": "11415378", "content": "草"}, {"uid": "644572591", "content": "哈哈哈哈哈哈"}, {"uid": "16549633", "content": "日本人又不是只会日式英语哈哈哈"}, {"uid": "17076370", "content": "？？？？"}, {"uid": "258869628", "content": "众所周知，中国玩家无处不在"}, {"uid": "67285291", "content": "日式英文又不是英文，学过的能发出正常音"}, {"uid": "7294479", "content": "渣渣辉发音"}, {"uid": "702466514", "content": "哈哈哈哈哈哈哈哈"}, {"uid": "20317592", "content": "又寸"}, {"uid": "33953351", "content": "哈哈哈哈"}, {"uid": "2150139", "content": "哈哈哈哈哈哈"}, {"uid": "20105882", "content": "bugyellow"}, {"uid": "5788806", "content": "哈哈哈哈哈"}, {"uid": "27554598", "content": "吃"}, {"uid": "430778799", "content": "立本yyds"}, {"uid": "508816406", "content": "哈哈哈"}, {"uid": "43722779", "content": "？"}, {"uid": "496706379", "content": "正常"}, {"uid": "197653867", "content": "笑yue了"}, {"uid": "8670", "content": "日常。。。。"}, {"uid": "9254771", "content": "二次元来了"}, {"uid": "128743960", "content": "草草草操操"}, {"uid": "70054241", "content": "。"}, {"uid": "4297094", "content": "我也给你点了"}, {"uid": "33344725", "content": "哈哈哈哈哈"}, {"uid": "5944576", "content": "。。。草"}, {"uid": "202659415", "content": "2333333"}, {"uid": "39110404", "content": "你这完全美式中文"}, {"uid": "1877087", "content": "可能是海龟日本人"}, {"uid": "8929544", "content": "草"}, {"uid": "24953837", "content": "哇 我看到我了"}, {"uid": "385115878", "content": "草"}, {"uid": "43927915", "content": "欢声笑语中打出48 58 71"}, {"uid": "16321746", "content": "没有日式英语那味（"}, {"uid": "287452400", "content": "草"}, {"uid": "3858870", "content": "哈哈哈哈哈哈哈"}, {"uid": "1899595", "content": "病友局"}, {"uid": "8455365", "content": "hhhhhh"}, {"uid": "36607091", "content": "思想混乱"}, {"uid": "378442448", "content": "上电视了！"}, {"uid": "66819200", "content": "哈哈哈"}, {"uid": "19999783", "content": "草草草"}, {"uid": "3427039", "content": "现在都能飞了吗？"}, {"uid": "225903549", "content": "一个早上好，一个晚上好，这到底是早上还是晚上"}, {"uid": "2232748", "content": "im fine thankyou"}, {"uid": "35707695", "content": "草"}, {"uid": "354077141", "content": "笑死"}, {"uid": "8139289", "content": "日本人发不出你这英语音w"}, {"uid": "32140286", "content": "草"}, {"uid": "1400573263", "content": "某游戏日本开服的时候，上线人数远超日本总人数"}, {"uid": "4625566", "content": "?"}, {"uid": "35253566", "content": "哈哈哈哈哈"}, {"uid": "197533732", "content": "草"}, {"uid": "14466089", "content": "哇塔西本来就是男女通用的。。。上日语第一课就会讲"}, {"uid": "26536492", "content": "笑死"}, {"uid": "1688351078", "content": "哈哈哈"}, {"uid": "1688351078", "content": "哈哈哈哈哈哈"}, {"uid": "66781694", "content": "草"}, {"uid": "344633449", "content": "22%那个别散布谣言"}, {"uid": "435947277", "content": "草"}, {"uid": "31303296", "content": "草"}, {"uid": "26561503", "content": "笑死了"}, {"uid": "10286763", "content": "自爆"}, {"uid": "23195850", "content": "？？"}, {"uid": "23195850", "content": "哈哈哈哈哈哈"}, {"uid": "23195850", "content": "说"}, {"uid": "429985831", "content": "有中国人很正常，有的游戏人家专门跑各种外服来玩"}, {"uid": "33735297", "content": "女性我的，wadaxi是男女共用好吧~_~，ada开头的才是女性我"}, {"uid": "230521578", "content": "篡改国籍"}, {"uid": "3875205", "content": "蚌埠住了"}, {"uid": "26575575", "content": "说女性自称的一看就没好好听课，“私”是男女通用的好吧？"}, {"uid": "1273558", "content": "草"}, {"uid": "1967311", "content": "都在以为是另外一个说hhhhhhhhh"}, {"uid": "492656421", "content": "哈哈哈哈哈哈"}, {"uid": "350835352", "content": "草ww"}, {"uid": "13196831", "content": "哈哈哈哈哈"}, {"uid": "1529017640", "content": "菜得离谱"}, {"uid": "6811048", "content": "太塑料了"}, {"uid": "161640736", "content": "你的英语就穿帮了"}, {"uid": "13831048", "content": "草"}, {"uid": "36568468", "content": "死不了的"}, {"uid": "38149727", "content": "所以说这口音根本不是日本人啊"}, {"uid": "313446171", "content": "对"}, {"uid": "454634976", "content": "所有角色都一样。。。不是因为胖子肉，我一手残狗子经常下去也一样"}, {"uid": "91482141", "content": "."}, {"uid": "399803118", "content": "草"}, {"uid": "260340124", "content": "才几岁喔"}, {"uid": "35800693", "content": "草"}, {"uid": "47121791", "content": "一年就会个日本語知りました这也。。"}, {"uid": "496106516", "content": "哈哈哈哈"}, {"uid": "187557992", "content": "桐人哎"}, {"uid": "164104544", "content": "红红火火恍恍惚惚"}, {"uid": "650016459", "content": "草"}, {"uid": "148665497", "content": "尬"}, {"uid": "1825150", "content": "草"}, {"uid": "40766556", "content": "这时候你应该说我学了五年！！！！哈哈哈哈"}, {"uid": "27163538", "content": "太搞了，一个没发现他在说中文，另一个没发现他在说话"}, {"uid": "49758811", "content": "apex没有中国服"}, {"uid": "19268988", "content": "草"}, {"uid": "35005996", "content": "0/0/07x3"}, {"uid": "201079727", "content": "哈哈哈哈哈哈哈not good我也经常这么说"}, {"uid": "661901309", "content": "立本是再生父母"}, {"uid": "198728003", "content": "这国人英语好差wwww"}, {"uid": "148172197", "content": "我又回归草"}, {"uid": "436625330", "content": "啊我死了"}, {"uid": "13105027", "content": "笑死"}, {"uid": "245784444", "content": "蔡"}, {"uid": "27167725", "content": "芜！"}, {"uid": "80266497", "content": "日本人说的英语不是这个口音"}, {"uid": "1673865", "content": "中国拥有全世界22%的人口，和全世界最多的中产阶级数量，理论上。。网上都是中国人"}, {"uid": "30033576", "content": "只会日语的话，英语不会这么标准"}, {"uid": "668185", "content": "哈哈哈哈哈"}, {"uid": "11605048", "content": "被gua迫害跑到其它地方避难害怕别歧视 太难了"}, {"uid": "358369679", "content": "笑死我了"}, {"uid": "11740051", "content": "一听就是华腔英语"}, {"uid": "544075792", "content": "哈哈哈哈哈哈哈"}, {"uid": "10408598", "content": "笑死了"}, {"uid": "321956504", "content": "我在国内ping都比这好"}, {"uid": "2921530", "content": "省服是这样的"}, {"uid": "454088544", "content": "下饭"}, {"uid": "702466514", "content": "对"}, {"uid": "341081340", "content": "草"}, {"uid": "47722254", "content": "中式英语"}, {"uid": "3324595", "content": "草"}, {"uid": "22386467", "content": "日本也有外卖，但是比较慢，而且没国内发达"}, {"uid": "10852054", "content": "233333"}, {"uid": "24946243", "content": "草"}, {"uid": "650628931", "content": "草"}, {"uid": "50506034", "content": "笑吐了"}, {"uid": "9043196", "content": "折磨"}, {"uid": "430778799", "content": "草"}, {"uid": "61764", "content": "兄弟，外卖不是国内才有"}, {"uid": "14372141", "content": "太有意思了"}, {"uid": "1587302", "content": "草"}, {"uid": "352394665", "content": "日服很容易遇见中国人的"}, {"uid": "43722779", "content": "经典中国人"}, {"uid": "150285095", "content": "日式英语是你这么发音的？"}, {"uid": "1588531", "content": "笑死"}, {"uid": "21986031", "content": "日语说的比英语溜hhhhhhhh"}, {"uid": "13813138", "content": "NONONO"}, {"uid": "702207", "content": "又寸"}, {"uid": "37872804", "content": "废话"}, {"uid": "281667916", "content": "2333"}, {"uid": "8665429", "content": "这英语明显不是日本人的发音"}, {"uid": "29664649", "content": "笑死"}, {"uid": "3022", "content": "人多"}, {"uid": "236973", "content": "草"}, {"uid": "302292592", "content": "爱波"}, {"uid": "7975005", "content": "草"}, {"uid": "35707695", "content": "草"}, {"uid": "198582141", "content": "上选修课不如看日漫"}, {"uid": "407228136", "content": "草ww"}, {"uid": "600350072", "content": "草"}, {"uid": "10795707", "content": "塔塔开！"}, {"uid": "23195850", "content": "哈哈哈哈哈"}, {"uid": "23195850", "content": "？？"}, {"uid": "8067107", "content": "就是这样的"}, {"uid": "37881530", "content": "笑死"}, {"uid": "20704292", "content": "草"}, {"uid": "240355", "content": "草"}, {"uid": "66420", "content": "草"}, {"uid": "1788786", "content": "人家选修 这水平差不多了"}, {"uid": "1629515", "content": "菜"}, {"uid": "40989070", "content": "3岁拉"}, {"uid": "24939300", "content": "上电视了"}, {"uid": "283684784", "content": "是京东服"}, {"uid": "113524160", "content": "草"}, {"uid": "124539017", "content": "日奸"}, {"uid": "340383507", "content": "？菜什麼第四啊"}, {"uid": "16937257", "content": "不（not）太（so）好（good）"}, {"uid": "338805500", "content": "草"}, {"uid": "22424442", "content": "草"}, {"uid": "169527313", "content": "草"}, {"uid": "285492636", "content": "草"}, {"uid": "37365795", "content": "没反应过来自己听懂日本人说话了吗"}, {"uid": "1270647633", "content": "正常来说在国外也就这么几句了"}, {"uid": "433945065", "content": "草"}, {"uid": "187557992", "content": "哈哈，is not so good"}, {"uid": "700702275", "content": "gusha"}, {"uid": "148665497", "content": "草"}, {"uid": "32934042", "content": "塑料英语"}, {"uid": "1825150", "content": "草"}, {"uid": "10707193", "content": "笑死"}, {"uid": "2750449", "content": "我们bilibili可真是太厉害了"}, {"uid": "542352", "content": "你这英语不日本啊"}, {"uid": "47720826", "content": "？"}, {"uid": "34431214", "content": "草"}, {"uid": "201501952", "content": "草"}, {"uid": "22190024", "content": "自导自演xswl"}, {"uid": "452686805", "content": "草"}, {"uid": "151218078", "content": "不想想国服都是什么神仙跑到外服完全就是虐菜"}, {"uid": "88197555", "content": "我是就来一句你好小rb"}, {"uid": "33569154", "content": "watashi……尬死我了"}, {"uid": "7016529", "content": "塔塔开？"}, {"uid": "812617", "content": "迫真演技"}, {"uid": "6580331", "content": "经典聊动漫"}, {"uid": "31286105", "content": "草"}, {"uid": "151310873", "content": "不只是日本服务器，所有服务器你都能听到中文"}, {"uid": "160295020", "content": "ow转去apex了，反正国人巨多"}, {"uid": "7408521", "content": "红红火火恍恍惚惚队友也好可爱阿哈哈哈哈"}, {"uid": "8950579", "content": "告诉你们 你们打日服 应该有一般是国人 所以说中文没问题"}, {"uid": "447982601", "content": "哈哈，不应该是I can't speak English very much吗"}, {"uid": "1932197657", "content": "哈哈哈哈哈哈哈哈哈"}, {"uid": "1932197657", "content": "哈哈哈哈哈哈哈哈哈"}, {"uid": "544075792", "content": "笑死了"}, {"uid": "229041584", "content": "日式英语本来就不是英语是日语里的拼音啊"}, {"uid": "702466514", "content": "笑死我了"}, {"uid": "36058", "content": "草"}, {"uid": "67256455", "content": "東京鯖"}, {"uid": "91316236", "content": "玉白还真就是日本人"}, {"uid": "371794635", "content": "草"}, {"uid": "35747402", "content": "草"}, {"uid": "314601531", "content": "你这英语一听就是中国人"}, {"uid": "440130608", "content": "草"}, {"uid": "440130608", "content": "对"}, {"uid": "23651008", "content": "草"}, {"uid": "1402319", "content": "这段英文都听不懂属实文盲"}, {"uid": "173412705", "content": "草"}, {"uid": "24953837", "content": "哈哈哈哈多语言环境对方脑子已经瓦特了"}, {"uid": "493940733", "content": "mc问号"}, {"uid": "87572325", "content": "wwwww"}, {"uid": "79596571", "content": "作为广东人，有时候普通话说着说着说出了粤语"}, {"uid": "243894127", "content": "草"}, {"uid": "12808512", "content": "老病友了"}, {"uid": "2325940", "content": "到底是早上还是晚上啊哈哈哈哈哈哈"}, {"uid": "1478064", "content": "草"}, {"uid": "742286", "content": "草"}, {"uid": "22293724", "content": "哪个服没有中国人"}, {"uid": "44644279", "content": "草"}, {"uid": "49958495", "content": "你有我这样的队友，晚上你几点....对不起，走错了"}, {"uid": "11214584", "content": "假，日本人英语这么标准？"}, {"uid": "38381207", "content": "233333"}, {"uid": "165435363", "content": "草"}, {"uid": "13965993", "content": "草（中日双语）"}, {"uid": "176272552", "content": "笑死了 你这英语水平比中文水平差远了啊"}, {"uid": "4765788", "content": "吼吼吼吼吼吼吼吼吼吼吼吼吼吼吼"}, {"uid": "3257419", "content": "哈哈哈哈哈哈哈哈哈哈哈哈哈哈好好"}, {"uid": "26561503", "content": "哈哈哈哈哈哈哈哈哈哈哈哈哈哈哈哈"}, {"uid": "26561503", "content": "哈哈哈哈哈哈哈哈哈哈哈哈哈哈哈哈哈哈哈哈哈哈哈哈"}, {"uid": "37881530", "content": "哈哈哈哈哈哈哈哈哈哈哈哈哈哈哈哈哈哈哈"}, {"uid": "37881530", "content": "哈哈哈哈哈哈哈哈哈哈哈哈哈哈哈哈哈哈哈御坂美琴是吧"}, {"uid": "9040246", "content": "哈哈哈哈哈哈哈哈哈哈哈哈哈哈哈哈哈哈哈"}, {"uid": "437073894", "content": "哈哈哈哈哈哈哈哈哈哈哈哈哈哈哈"}, {"uid": "12827369", "content": "看来都相当二鬼子"}, {"uid": "37619300", "content": "老 病 回 归"}, {"uid": "60059042", "content": "哈哈哈哈哈哈哈哈哈哈哈哈哈哈哈哈哈哈哈哈哈哈哈哈哈哈哈哈哈哈哈哈哈哈哈哈哈哈哈哈哈哈"}, {"uid": "60059042", "content": "哈哈哈哈哈哈哈哈哈哈哈哈哈哈哈哈哈哈哈哈哈哈哈哈哈哈哈哈哈哈哈哈哈哈哈哈哈哈哈哈哈哈"}, {"uid": "60059042", "content": "哈哈哈哈哈哈哈哈哈哈哈哈哈哈哈哈哈哈哈哈哈哈哈哈对"}, {"uid": "11290377", "content": "苟罕见"}, {"uid": "25140371", "content": "日本人的英语不是这个调的，明显中国口音。日本英语发音比较硬"}, {"uid": "407247495", "content": "哈哈哈哈哈哈哈哈哈哈哈哈哈哈哈哈哈哈哈哈哈哈哈哈哈"}, {"uid": "181782497", "content": "日本人英语不能标准？前面杠啥呢"}, {"uid": "103517851", "content": "吴京 沙发 闭眼.jpg"}, {"uid": "346470424", "content": "哈哈哈哈哈哈哈哈哈哈哈哈哈哈哈哈哈哈哈哈哈哈哈哈"}, {"uid": "294460306", "content": "日本也有外卖不过比较贵"}, {"uid": "154093980", "content": "耶耶耶哈哈哈哈哈哈哈哈哈哈哈哈哈哈"}, {"uid": "352726374", "content": "中国人多少日本人有多少doge"}, {"uid": "915022", "content": "明显不是日本人"}, {"uid": "11019692", "content": "巨人烂尾了啊"}, {"uid": "4106032", "content": "哈哈哈哈哈哈哈哈哈哈哈哈哈哈哈哈哈哈哈哈哈"}, {"uid": "13930173", "content": "就你这英语也不是日本人啊"}, {"uid": "11241988", "content": "这也不是日本人的英文吧"}, {"uid": "53272270", "content": "英语没内味"}, {"uid": "5338846", "content": "哈哈哈哈哈哈哈哈哈哈哈哈哈哈哈"}, {"uid": "628291559", "content": "好尬啊"}]