[{"uid": "283759399", "content": "情境交际"}, {"uid": "122577427", "content": "啊好喜欢这个声音"}, {"uid": "232615984", "content": "你说话好机车哦"}, {"uid": "451351546", "content": "哈哈哈哈哈哈哈哈哈哈哈哈哈"}, {"uid": "266221936", "content": "我感觉这个应该儿童造句列如：你好，小狗。再见，鸟类似于于这种（doge）"}, {"uid": "38488803", "content": "中文有敬语啊！"}, {"uid": "401130244", "content": "真的不是国人吗？？"}, {"uid": "401130244", "content": "真的sr"}, {"uid": "501004358", "content": "救命我喘不上气了"}, {"uid": "501004358", "content": "我  喝  我  自  己"}, {"uid": "501004358", "content": "草哈哈哈哈哈哈哈哈哈哈哈哈哈"}, {"uid": "314116874", "content": "跟茶过不去了哈哈哈哈"}, {"uid": "1649102143", "content": "您 去 过 东 京 吗（）"}, {"uid": "1649102143", "content": "《闰土与猹》"}, {"uid": "1807792849", "content": "怎么还带口音呢，哈哈哈哈哈"}, {"uid": "87678851", "content": "《施氏食狮史》"}, {"uid": "403939623", "content": "变帅了哈哈哈"}, {"uid": "142358868", "content": "啪的一下就关注了，很快啊"}, {"uid": "46017417", "content": "哈哈哈哈我要笑死了"}, {"uid": "409561431", "content": "？宝你不要发出这样糟糕的声音啊啊"}, {"uid": "477335004", "content": "选“茶”"}, {"uid": "176272552", "content": "牢记设定的玉白是鉴"}, {"uid": "176272552", "content": "起太高了哈哈哈哈"}, {"uid": "387285305", "content": "完  全  相  反"}, {"uid": "385660999", "content": "你在干嘛啊wwww"}, {"uid": "1577649291", "content": "好家伙我学日语都没这么费劲［doge］"}, {"uid": "286782508", "content": "放歌须纵酒"}, {"uid": "507912438", "content": "唉！（梅开二度"}, {"uid": "33798135", "content": "别喘了别喘了裤子扛不住"}, {"uid": "82932823", "content": "哈哈哈哈哈哈哈哈"}, {"uid": "409561431", "content": "救命怎么会这么好笑"}, {"uid": "5338846", "content": "河南口音哈哈哈哈哈哈哈"}, {"uid": "5338846", "content": "哈哈哈哈哈哈哈哈哈哈哈哈救命"}, {"uid": "358008197", "content": "哈哈哈哈哈哈哈"}, {"uid": "686178548", "content": "啊啊不行，我选修课也要选日语"}, {"uid": "686178548", "content": "好帅啊"}, {"uid": "686178548", "content": "带着口音了哈哈哈哈哈"}, {"uid": "686178548", "content": "你好苟啊hhhhhh"}, {"uid": "524830793", "content": "自己人别开腔"}, {"uid": "28851326", "content": "被帅到了TTTTTTTT"}, {"uid": "38945784", "content": "哈哈哈哈哈哈哈"}, {"uid": "38306784", "content": "哈哈哈哈哈哈哈哈哈"}, {"uid": "23023938", "content": "《学中文》"}, {"uid": "523872027", "content": "全程高能请务必看下去"}, {"uid": "225441015", "content": "桌子HP－1"}, {"uid": "421859826", "content": "咋还带口音呢哈哈哈哈哈"}, {"uid": "557734546", "content": "不不不，有啊！cha你清醒的！【这称呼不对劲】"}, {"uid": "557734546", "content": "《贫 富 qi shi》"}, {"uid": "1053122163", "content": "翻译题硬是做成问答题"}, {"uid": "81726642", "content": "你tnd去过东京吗（）"}, {"uid": "82627224", "content": "铁咩"}, {"uid": "420905477", "content": "禁  止  套  娃"}, {"uid": "533849221", "content": "呜呜呜撒娇犯规了"}, {"uid": "28576126", "content": "您，光临，鄙人，阁下"}, {"uid": "28576126", "content": "好帅！"}, {"uid": "580752541", "content": "本来打算下多邻国，但还是算了"}, {"uid": "400168526", "content": "突然a起来了！"}, {"uid": "934786", "content": "你这家伙去过东京吗？啊？"}, {"uid": "934786", "content": "你小子去过东京吗？"}, {"uid": "934786", "content": "你丫的去过东京吗？"}, {"uid": "33270469", "content": "哈哈哈哈哈哈"}, {"uid": "318586", "content": "什么题啊这都是"}, {"uid": "436625330", "content": "草奶油大蒜屑也好可爱"}, {"uid": "93577201", "content": "为什么玉白那么执着茶嘞"}, {"uid": "13680963", "content": "你好懂"}, {"uid": "436625330", "content": "池面suki"}, {"uid": "236220376", "content": "天不是上面短下面长吗"}, {"uid": "4906686", "content": "要  来  力"}, {"uid": "270400678", "content": "草，好听，快出完整版（x"}, {"uid": "259890204", "content": "您？"}, {"uid": "159886778", "content": "你打过巅峰赛吗？"}, {"uid": "62866620", "content": "xs"}, {"uid": "633830182", "content": "你个B仔去过东京吗？doge"}, {"uid": "27367774", "content": "其实阿娜达也不算，正常发言用阿娜达算不礼貌的"}, {"uid": "34057375", "content": "依山尽（即答"}, {"uid": "1459833535", "content": "这是你丫去过东京吗？"}, {"uid": "431324260", "content": "不你是奶油大蒜"}, {"uid": "305548179", "content": "？太草了，裤子飞了"}, {"uid": "161028671", "content": "老板！这里卡碟了！！"}, {"uid": "423766734", "content": "开始造句"}, {"uid": "71259835", "content": "敬语的话您算吧"}, {"uid": "161028671", "content": "笑死"}, {"uid": "161028671", "content": "无法反驳"}, {"uid": "615762871", "content": "去过！"}, {"uid": "159441791", "content": "白宝笑死了哈哈哈哈哈哈哈"}, {"uid": "19537555", "content": "“茶”"}, {"uid": "271157468", "content": "突然变攻"}, {"uid": "561964601", "content": "高兴的拍起了肚皮"}, {"uid": "3643892", "content": "吵起来吵起来"}, {"uid": "3892163", "content": "完 全 可 以"}, {"uid": "256332239", "content": "糟糕的声音"}, {"uid": "8771853", "content": "你再骂！"}, {"uid": "749846042", "content": "你好拽啊哈哈哈"}, {"uid": "534975100", "content": "下巴快掉了靠哈哈哈哈哈哈哈"}, {"uid": "489673121", "content": "零食八元"}, {"uid": "349186635", "content": "一股子大东北碴子味"}, {"uid": "349186635", "content": "白日  依山尽？"}, {"uid": "35253566", "content": "例句太毒了"}, {"uid": "46017417", "content": "哈哈哈哈哈哈哈你怎么这么可爱"}, {"uid": "26561503", "content": "前方持续爆笑"}, {"uid": "229608504", "content": "救救救哈哈哈哈哈哈哈"}, {"uid": "66063753", "content": "《玻璃宝库》"}, {"uid": "25310197", "content": "我学日语的时候也这样觉得"}, {"uid": "535344085", "content": "《学中文》"}, {"uid": "686178548", "content": "宝贝太可爱了"}, {"uid": "686178548", "content": "不要叭叭，哈哈哈哈哈"}, {"uid": "686178548", "content": "太可爱了宝贝！！"}, {"uid": "93577201", "content": "因为玉白是抹茶味哒！"}, {"uid": "342638724", "content": "自己人，别开腔"}, {"uid": "1053122163", "content": "答非所问"}, {"uid": "85489417", "content": "“你好再见鸟”能有什么水平呢（doge）"}, {"uid": "436625330", "content": "学习态度不端正!"}, {"uid": "131754546", "content": "这是怎样的一种执念啊"}, {"uid": "436625330", "content": "救命刚才好涩（？）"}, {"uid": "436625330", "content": "哈哈哈哈大佬装萌新"}, {"uid": "284076809", "content": "一股东北味哈哈哈哈哈哈哈哈"}, {"uid": "319204236", "content": "你是大蒜"}, {"uid": "8268740", "content": "这鬼畜是工具人小言的报复(我这双眼看过太多"}, {"uid": "17563102", "content": "是“他”"}, {"uid": "33344725", "content": "哈哈哈哈哈哈哈"}, {"uid": "615762871", "content": "刻入DNA"}, {"uid": "35311476", "content": "离谱(物理)"}, {"uid": "489999476", "content": "孩子好可爱哈哈哈"}, {"uid": "65417345", "content": "啊好可爱这两句！"}, {"uid": "471328217", "content": "自己人，多唱点"}, {"uid": "436625330", "content": "？禁止大佬装萌新"}, {"uid": "262511356", "content": "哈哈哈哈哈"}, {"uid": "489673121", "content": "茶水，是么"}, {"uid": "501004358", "content": "草哈哈哈哈哈哈哈哈哈哈哈哈哈"}, {"uid": "501004358", "content": "我学日语好像没这么怪来着www"}, {"uid": "1436060121", "content": "让你重复不是让你回答啊喂"}, {"uid": "358008197", "content": "哈哈哈哈哈"}, {"uid": "314116874", "content": "哈哈哈哈哈我茶喝茶哈哈哈哈"}, {"uid": "314116874", "content": "这个vup我在qq上的表情有看到诶"}, {"uid": "74138997", "content": "哈哈哈哈哈哈哈哈哈哈哈"}, {"uid": "523003896", "content": "糟糕的声音"}, {"uid": "91730078", "content": "笑死哈哈哈哈哈哈哈哈哈哈哈哈"}, {"uid": "438858734", "content": "桌子hp－2"}, {"uid": "239192994", "content": "笑声好可爱wwwww"}, {"uid": "215177739", "content": "哈哈哈哈哈哈哈"}, {"uid": "433401477", "content": "我相信你们好可爱！！！"}, {"uid": "34379487", "content": "哈哈哈哈哈哈哈哈哈哈哈"}, {"uid": "87572325", "content": "东北味哈哈哈哈哈哈"}, {"uid": "671103417", "content": "出自冤罪律师"}, {"uid": "535344085", "content": "噗哈哈哈哈哈哈好可爱"}, {"uid": "358008197", "content": "哈哈哈哈哈哈哈哈还玩起来了"}, {"uid": "358008197", "content": "哈哈哈哈哈哈"}, {"uid": "13802681", "content": "草"}, {"uid": "28851326", "content": "hso白白好可爱呜呜呜呜呜"}, {"uid": "28218475", "content": "凎我老是忘记他就是我国人"}, {"uid": "519330139", "content": "给这网站澄清一下，因为刚刚玉白一直错，所以题目才这么简单"}, {"uid": "28199530", "content": "归归归归归归归归归归归零"}, {"uid": "28174458", "content": "别这样，玉总，那天你可不是这样的（doge）"}, {"uid": "612595108", "content": "“不要叭叭”"}, {"uid": "934786", "content": "我的……王之力啊啊啊啊啊啊"}, {"uid": "437552811", "content": "零食八元"}, {"uid": "1389109733", "content": "依山尽"}, {"uid": "93577201", "content": "桥豆麻袋，我怎么看不到，我也要学中文了吗"}, {"uid": "436625330", "content": "草你不要这么涩"}, {"uid": "436625330", "content": "banana fish!!!"}, {"uid": "23793133", "content": "绝美男高音"}, {"uid": "5891918", "content": "好酷这语气"}, {"uid": "321391623", "content": "好可爱啊啊啊"}, {"uid": "475856659", "content": "一股东北味哈哈哈哈"}, {"uid": "21325268", "content": "哈哈哈哈"}, {"uid": "20271602", "content": "糟糕的声音"}, {"uid": "423766734", "content": "哈哈哈哈哈哈哈"}, {"uid": "527791589", "content": "啊！我的王之力啊！！！！"}, {"uid": "527791589", "content": "开幕雷击"}, {"uid": "31298127", "content": "他是知道，整活而已"}, {"uid": "5496381", "content": "把读音题改成造句还行"}, {"uid": "476133044", "content": "你这口音太逗了"}, {"uid": "14983365", "content": "大佬喝茶"}, {"uid": "258879286", "content": "我寻思着我手机也没卡啊"}, {"uid": "455275471", "content": "好！多邻国好！"}, {"uid": "646247698", "content": "听取猹声一片"}, {"uid": "403939623", "content": "突然变帅"}, {"uid": "419052408", "content": "鸡叫"}, {"uid": "490040361", "content": "我叫猹"}, {"uid": "176272552", "content": "这是在干什么"}, {"uid": "176272552", "content": "《学中文》"}, {"uid": "89298101", "content": "好诶！白日"}, {"uid": "87572325", "content": "哈哈哈哈哈哈哈哈"}, {"uid": "507912438", "content": "哎！（"}, {"uid": "5338846", "content": "哈哈哈哈哈哈哈哈哈哈哈哈好"}, {"uid": "5338846", "content": "哈哈哈哈哈哈哈"}, {"uid": "358008197", "content": "哈哈哈哈哈哈哈哈哈哈"}, {"uid": "38945784", "content": "哈哈哈哈笑死"}, {"uid": "498870622", "content": "？？？？？"}, {"uid": "176603439", "content": "哈哈哈天元突破的我也是先想到的这个"}, {"uid": "507981037", "content": "禁止套娃"}, {"uid": "82627224", "content": "左右互搏"}, {"uid": "28576126", "content": "好可爱"}, {"uid": "651189602", "content": "河南人表示很淦"}, {"uid": "275308100", "content": "打碟"}, {"uid": "437552811", "content": "依山尽"}, {"uid": "676729202", "content": "原来是多邻国呀 "}, {"uid": "43716296", "content": "你猫狗好~"}, {"uid": "40803188", "content": "演起来了"}, {"uid": "23662592", "content": "好可爱救命"}, {"uid": "33784153", "content": "哈哈哈哈哈哈哈哈笑死"}, {"uid": "161028671", "content": "桌子hp-1"}, {"uid": "161028671", "content": "笑死我了哈哈哈哈哈"}, {"uid": "161028671", "content": "绝美高音"}, {"uid": "159441791", "content": "欧kei的切片好好笑"}, {"uid": "431324260", "content": "你都学了些什么"}, {"uid": "19537555", "content": "反  义  词"}, {"uid": "455847689", "content": "哈哈哈哈哈哈哈哈哈哈哈哈哈"}, {"uid": "159563344", "content": "我拼死把声音关了"}, {"uid": "32809124", "content": "！没有口音竟然"}, {"uid": "37962886", "content": "救命哈哈哈哈哈哈哈哈"}, {"uid": "358008197", "content": "哈哈哈哈哈哈哈哈哈哈哈哈"}, {"uid": "14983365", "content": "天才"}, {"uid": "262511356", "content": "乖孩子"}, {"uid": "13384647", "content": "哈哈哈哈哈哈哈哈哈哈哈"}, {"uid": "13384647", "content": "草不要"}, {"uid": "501004358", "content": "我也用这个学日语来着ww"}, {"uid": "194205257", "content": "哈哈哈哈哈"}, {"uid": "314116874", "content": "哈哈哈哈"}, {"uid": "510820781", "content": "前面那个不是bf"}, {"uid": "91730078", "content": "哈哈哈哈哈哈哈哈哈哈哈哈猹"}, {"uid": "46017417", "content": "哈哈哈哈哈"}, {"uid": "318610783", "content": "哈哈哈哈哈哈哈哈哈哈哈"}, {"uid": "1831673564", "content": "可爱，单推了"}, {"uid": "402161524", "content": "蚌埠住了"}, {"uid": "114463652", "content": "狗白日！"}, {"uid": "87572325", "content": "哈哈哈哈哈哈哈哈哈"}, {"uid": "87572325", "content": "草"}, {"uid": "358008197", "content": "哈哈哈哈哈哈哈"}, {"uid": "686178548", "content": "直戳我心脏"}, {"uid": "686178548", "content": "哈哈哈哈哈哈哈"}, {"uid": "5921117", "content": "哈哈哈哈哈哈"}, {"uid": "454648003", "content": "十元我老婆"}, {"uid": "342638724", "content": "是茶水么"}, {"uid": "9337017", "content": "好可爱www"}, {"uid": "33819799", "content": "指狗为猫"}, {"uid": "31432806", "content": "河南话哈哈哈哈"}, {"uid": "934786", "content": "喧哗上等 夜露死苦"}, {"uid": "93577201", "content": "我茶，喝茶"}, {"uid": "183821917", "content": "草king gnu"}, {"uid": "633830182", "content": "别开嗓了"}, {"uid": "15761128", "content": "噗，玩起来了"}, {"uid": "6811048", "content": "草"}, {"uid": "483619712", "content": "hhhh"}, {"uid": "3643892", "content": "东北玉白"}, {"uid": "34088464", "content": "hso"}, {"uid": "164705036", "content": "我头发"}, {"uid": "40652817", "content": "哈哈哈哈哈哈哈哈"}, {"uid": "15109260", "content": "可爱晕了"}, {"uid": "501646564", "content": "哈哈哈哈哈哈哈哈哈"}, {"uid": "436807244", "content": "笑到无声"}, {"uid": "611001956", "content": "！！！！！"}, {"uid": "166720743", "content": "哈哈哈哈哈哈哈哈哈"}, {"uid": "382491892", "content": "哈哈哈哈哈哈哈哈"}, {"uid": "501004358", "content": "哈哈哈哈哈哈哈哈哈"}, {"uid": "501004358", "content": "啊这个不是多邻国吗！"}, {"uid": "477335004", "content": "东京去过你吗?"}, {"uid": "477335004", "content": "cha"}, {"uid": "176272552", "content": "hso"}, {"uid": "1688351078", "content": "哈哈哈"}, {"uid": "43092826", "content": "哈哈哈哈哈哈哈哈哈哈哈哈"}, {"uid": "87572325", "content": "哈哈哈哈哈哈哈哈哈哈"}, {"uid": "5338846", "content": "哈哈哈哈哈哈哈哈哈哈"}, {"uid": "10112383", "content": "草"}, {"uid": "358008197", "content": "哈哈哈哈哈哈"}, {"uid": "37190948", "content": "哈哈哈哈哈哈哈哈哈哈哈"}, {"uid": "358008197", "content": "哈哈哈哈哈哈哈哈哈"}, {"uid": "358008197", "content": "哈哈哈哈哈哈哈"}, {"uid": "358008197", "content": "哈哈哈哈哈哈哈哈哈哈哈"}, {"uid": "358008197", "content": "开幕雷击"}, {"uid": "346470424", "content": "香蕉鱼！"}, {"uid": "4765788", "content": "啊啊啊啊啊 好可爱"}, {"uid": "686178548", "content": "啊啊啊啊啊啊"}, {"uid": "38945784", "content": "哈哈哈哈哈哈"}, {"uid": "6594669", "content": "草"}, {"uid": "16956293", "content": "假的要死hhhh"}, {"uid": "17410868", "content": "草草草"}, {"uid": "1053122163", "content": "我是闰土"}, {"uid": "21174488", "content": "hso"}, {"uid": "153374760", "content": "阿这个网址，我之前拿来学日语"}, {"uid": "398860745", "content": "哈哈哈哈哈"}, {"uid": "28576126", "content": "哈哈哈哈哈哈哈哈哈哈"}, {"uid": "35997777", "content": "哈哈哈哈哈哈哈哈哈哈"}, {"uid": "6904246", "content": "hhhhhh哈哈哈哈"}, {"uid": "37537688", "content": "十十十……十元……十元里美！"}, {"uid": "437552811", "content": "东北玉白"}, {"uid": "2838738", "content": "河南口音草"}, {"uid": "676729202", "content": "哈哈哈哈哈哈"}, {"uid": "40803188", "content": "啊我的王之力"}, {"uid": "40803188", "content": "草"}, {"uid": "93770507", "content": "中文加日语"}, {"uid": "33344725", "content": "哈哈哈哈哈哈哈"}, {"uid": "17563102", "content": "再见狗！！！！！开幕爆笑"}, {"uid": "175360800", "content": "草"}, {"uid": "9363485", "content": "天元突破（"}, {"uid": "6058012", "content": "2333"}, {"uid": "361746943", "content": "hso"}, {"uid": "319074929", "content": "草莓"}, {"uid": "358008197", "content": "哈哈哈哈哈哈哈"}, {"uid": "358008197", "content": "hhhhhhhhhh"}, {"uid": "501646564", "content": "w w w w w w w w w"}, {"uid": "27302177", "content": "哈哈哈哈哈哈哈"}, {"uid": "358008197", "content": "草"}, {"uid": "454151740", "content": "草笑死"}, {"uid": "35253566", "content": "草你好狗"}, {"uid": "220898901", "content": "我弯了"}, {"uid": "176272552", "content": "旧嗯演"}, {"uid": "87572325", "content": "哈哈哈哈哈哈"}, {"uid": "5338846", "content": "诶诶诶诶诶"}, {"uid": "5338846", "content": "？？哈哈哈哈哈哈哈"}, {"uid": "5338846", "content": "哈哈哈哈哈哈哈哈哈哈哈哈哈哈"}, {"uid": "231380235", "content": "犬"}, {"uid": "51001659", "content": "草"}, {"uid": "358008197", "content": "哈哈哈哈哈哈"}, {"uid": "358008197", "content": "这不就连连看吗"}, {"uid": "686178548", "content": "笑死我了。草"}, {"uid": "8533573", "content": "生草"}, {"uid": "109188021", "content": "芜湖"}, {"uid": "33819799", "content": "为什么都是狗啊 草"}, {"uid": "11089290", "content": "我用这个学日语的"}, {"uid": "432265956", "content": "哈哈哈哈哈哈"}, {"uid": "413503849", "content": "你好 再见"}, {"uid": "1525228", "content": "十元（里美）！"}, {"uid": "1967745", "content": "草"}, {"uid": "482311819", "content": "哈哈哈哈哈哈哈哈哈哈哈"}, {"uid": "436625330", "content": "2"}, {"uid": "431662796", "content": "草"}, {"uid": "3974533", "content": "哈哈哈哈哈哈哈哈哈"}, {"uid": "436625330", "content": "草草草草"}, {"uid": "11095696", "content": "你再骂"}, {"uid": "94708409", "content": "草"}, {"uid": "102777139", "content": "猹"}, {"uid": "488158953", "content": "就很奇怪"}, {"uid": "364370925", "content": "好可爱！！！"}, {"uid": "159441791", "content": "哈哈哈哈哈哈哈"}, {"uid": "159441791", "content": "你再骂"}, {"uid": "1684604", "content": "草"}, {"uid": "271157468", "content": "笑死了哈哈哈哈哈哈哈哈哈"}, {"uid": "3643892", "content": "草"}, {"uid": "29503751", "content": "闰土狂喜"}, {"uid": "24084705", "content": "哈哈哈哈哈哈哈哈哈哈"}, {"uid": "31298127", "content": "哈哈哈哈哈"}, {"uid": "40652817", "content": "哈哈哈哈哈哈哈哈"}, {"uid": "40652817", "content": "草"}, {"uid": "39175417", "content": "冲了"}, {"uid": "15098260", "content": "草"}, {"uid": "489673121", "content": "886"}, {"uid": "501004358", "content": "草wwwwwww"}, {"uid": "501004358", "content": "草wwwwwww"}, {"uid": "314116874", "content": "啊啊啊好听"}, {"uid": "510820781", "content": "好耶"}, {"uid": "320829349", "content": "？新人，他是真不会还是假不会..."}, {"uid": "437073894", "content": "学中文"}, {"uid": "353155667", "content": "呵呵哈哈哈"}, {"uid": "87572325", "content": "哈哈哈哈哈哈哈"}, {"uid": "686933620", "content": "依山尽"}, {"uid": "5338846", "content": "哈哈哈哈哈哈"}, {"uid": "177932581", "content": "hso"}, {"uid": "358008197", "content": "哈哈哈哈哈哈哈哈哈哈"}, {"uid": "358008197", "content": "草"}, {"uid": "482528188", "content": "好可爱呜呜"}, {"uid": "452380373", "content": "水是有剧毒的 "}, {"uid": "9965621", "content": "草"}, {"uid": "341662539", "content": "草"}, {"uid": "82627224", "content": "死了都要猹"}, {"uid": "37164144", "content": "哈哈哈哈哈"}, {"uid": "1525228", "content": "什么鸟人啊！"}, {"uid": "436625330", "content": "1"}, {"uid": "436625330", "content": "她个鬼，这男的"}, {"uid": "40803188", "content": "草"}, {"uid": "477593148", "content": "可爱啊啊啊啊啊"}, {"uid": "209426768", "content": "这网站笑死我了"}, {"uid": "30870564", "content": "哈哈哈哈哈哈哈哈"}, {"uid": "172917961", "content": "大家信吗，反正我不信"}, {"uid": "340246930", "content": "？？？？？？？？"}, {"uid": "39622033", "content": "草wwwwwwww"}, {"uid": "87479920", "content": "臭小孩儿好幼稚哈哈哈哈哈哈哈哈"}, {"uid": "159441791", "content": "草"}, {"uid": "1153355786", "content": "热乎"}, {"uid": "23559224", "content": "？？哈哈哈哈哈哈哈哈哈哈"}, {"uid": "37015791", "content": "草"}, {"uid": "21606532", "content": "草"}, {"uid": "34088464", "content": "hso"}, {"uid": "399902573", "content": "hso"}, {"uid": "358008197", "content": "哈哈哈哈哈哈哈哈哈"}, {"uid": "40652817", "content": "草"}, {"uid": "35243289", "content": "啥啊这是"}, {"uid": "262511356", "content": "草"}, {"uid": "314116874", "content": "哈哈哈哈哈"}, {"uid": "349412301", "content": "笑吐了"}, {"uid": "175524706", "content": "！草"}, {"uid": "510820781", "content": "wwwwwww"}, {"uid": "10026745", "content": "草"}, {"uid": "10026745", "content": "草"}, {"uid": "239192994", "content": "哈哈哈哈哈哈"}, {"uid": "477335004", "content": "选cha"}, {"uid": "356802479", "content": "冲了"}, {"uid": "1688351078", "content": "hahaha"}, {"uid": "1688351078", "content": "哈哈哈"}, {"uid": "514127364", "content": "是茶水么"}, {"uid": "87572325", "content": "哈哈哈哈哈哈哈"}, {"uid": "12667565", "content": "多邻国！"}, {"uid": "101426556", "content": "哈哈哈哈哈哈哈哈"}, {"uid": "10112383", "content": "好怪啊"}, {"uid": "302191906", "content": "笑死了"}, {"uid": "346470424", "content": "草"}, {"uid": "498870622", "content": "hhhhhhhhh"}, {"uid": "1053122163", "content": "what"}, {"uid": "57169120", "content": "闭眼观看"}, {"uid": "282582233", "content": "草草草？"}, {"uid": "490132106", "content": "告诉你们个秘密，玉白是男的"}, {"uid": "110684640", "content": "连连看"}, {"uid": "3974533", "content": "草"}, {"uid": "383023915", "content": "哈哈哈哈哈哈哈哈"}, {"uid": "488158953", "content": "草"}, {"uid": "673003824", "content": "哈哈"}, {"uid": "23070797", "content": "草"}, {"uid": "6811048", "content": "草"}, {"uid": "269162633", "content": "猹"}, {"uid": "6819689", "content": "请这位考生不要超纲答题"}, {"uid": "161028671", "content": "wwwwwww"}, {"uid": "159441791", "content": "草"}, {"uid": "238107931", "content": "好假啊喂"}, {"uid": "271157468", "content": "哈哈哈哈哈哈哈哈哈"}, {"uid": "271157468", "content": "好可爱"}, {"uid": "3643892", "content": "好好笑"}, {"uid": "3643892", "content": "这网站例句都是些啥hhhhhhh"}, {"uid": "430580825", "content": "哈人"}, {"uid": "455847689", "content": "哈哈哈哈哈哈哈哈"}, {"uid": "38488803", "content": "おいおい、頭おかしいじゃない?ちゃんと中国語を喋ってるのになんで間違ったの?"}, {"uid": "262511356", "content": "草"}, {"uid": "241349870", "content": "冲了"}, {"uid": "10026745", "content": "草"}, {"uid": "477335004", "content": "河南欢迎你"}, {"uid": "477335004", "content": "哎哎哎哎哎哎"}, {"uid": "81564134", "content": "双厨狂喜"}, {"uid": "10112383", "content": "草，"}, {"uid": "358008197", "content": "连连看"}, {"uid": "262293166", "content": "草"}, {"uid": "934786", "content": "你好狗啊"}, {"uid": "436625330", "content": "3"}, {"uid": "474826548", "content": "？"}, {"uid": "436625330", "content": "草好"}, {"uid": "488158953", "content": "草"}, {"uid": "62866620", "content": "小时"}, {"uid": "6811048", "content": "草"}, {"uid": "271157468", "content": "铁咩"}, {"uid": "489999476", "content": "？"}, {"uid": "3579741", "content": "草"}, {"uid": "534975100", "content": "太有梗了麻蛋哈哈哈哈哈哈哈哈哈哈哈哈哈哈"}, {"uid": "358008197", "content": "哈哈哈哈哈哈哈哈哈哈哈哈哈哈哈哈"}, {"uid": "358008197", "content": "哈哈哈哈哈哈哈哈哈哈哈哈哈哈哈哈哈"}, {"uid": "358008197", "content": "哈哈哈哈哈哈哈哈哈哈哈哈哈哈哈哈哈哈"}, {"uid": "91730078", "content": "哈哈哈哈哈哈哈哈哈哈哈哈哈哈哈哈哈哈"}, {"uid": "46017417", "content": "哈哈哈哈哈哈哈哈哈哈哈哈哈哈哈"}, {"uid": "26561503", "content": "哈哈哈哈哈哈哈哈哈哈哈哈哈哈哈哈哈哈哈哈哈哈"}, {"uid": "356802479", "content": "哈哈哈哈哈哈哈哈哈哈哈哈哈哈哈哈哈哈哈哈哈哈哈哈哈哈哈哈哈哈哈哈"}, {"uid": "5338846", "content": "哈哈哈哈哈哈哈哈哈哈哈哈好哈哈哈哈哈"}, {"uid": "5338846", "content": "哈哈哈哈哈哈哈哈哈哈哈哈你们也要学"}, {"uid": "346470424", "content": "哈哈哈哈哈哈哈哈哈哈哈哈哈哈哈哈哈哈哈"}, {"uid": "346470424", "content": "哈哈哈哈哈哈哈哈哈哈哈哈哈哈哈哈哈哈哈哈"}, {"uid": "346470424", "content": "哈哈哈哈哈哈哈哈哈哈哈哈哈哈哈哈"}, {"uid": "38306784", "content": "哈哈哈哈哈哈哈哈哈哈哈哈哈哈哈哈哈哈哈哈"}, {"uid": "38306784", "content": "哈哈哈哈哈哈哈哈哈哈哈哈哈哈哈哈"}, {"uid": "38412394", "content": "哈哈哈哈哈哈哈哈哈哈哈哈哈哈哈哈哈哈哈哈哈哈哈哈"}, {"uid": "234159587", "content": "哈哈哈哈哈哈哈哈哈哈哈哈哈哈哈哈哈哈"}, {"uid": "400734250", "content": "哈哈哈哈哈哈哈哈哈哈哈哈哈哈哈哈哈哈哈哈哈哈"}, {"uid": "400734250", "content": "哈哈哈哈哈哈哈哈哈哈哈哈哈哈哈"}, {"uid": "21174488", "content": "好可爱！！！！！！！！！！！！！！！"}, {"uid": "3974533", "content": "哈哈哈哈哈哈哈哈哈哈哈哈哈哈哈哈哈哈哈哈哈"}, {"uid": "270400678", "content": "哈哈哈哈哈哈哈哈哈哈哈哈哈哈哈哈"}, {"uid": "21528717", "content": "哈哈哈哈哈哈哈哈哈哈哈哈哈哈哈哈哈哈哈哈哈哈哈哈哈哈哈哈哈哈哈哈哈哈哈"}, {"uid": "17563102", "content": "哈哈哈哈哈哈哈哈哈哈哈哈哈哈哈哈哈 一二san四"}, {"uid": "271157468", "content": "猹"}]