[{"uid": "442381730", "content": "？？发现了不对"}, {"uid": "362818319", "content": "有想要哼出下一句又哽住的感觉（）"}, {"uid": "5709033", "content": "你什么时候开演啊草！"}, {"uid": "179346218", "content": "简介好吵啊！！！（狗头）"}, {"uid": "510665912", "content": "好可爱！"}, {"uid": "446575115", "content": "（猜到了下一个视频就是这个歌了）"}, {"uid": "636262627", "content": "救命，上瘾了"}, {"uid": "686221", "content": "福娃福娃福娃福娃"}, {"uid": "515875074", "content": "草"}, {"uid": "374019266", "content": "上头了"}, {"uid": "446575115", "content": "好可爱啊！"}, {"uid": "204468045", "content": "草草"}, {"uid": "362034160", "content": "怎么这么可爱呀 ！！！！！"}, {"uid": "5965654", "content": "怎么又卡了"}, {"uid": "2237010", "content": "草？"}, {"uid": "14036625", "content": "草"}, {"uid": "39525316", "content": "每日循环"}, {"uid": "12135377", "content": "？草"}, {"uid": "358580566", "content": "福娃预警"}, {"uid": "242069693", "content": "草"}, {"uid": "449997033", "content": "草"}, {"uid": "35653897", "content": "草"}, {"uid": "35105587", "content": "草"}, {"uid": "13789222", "content": "草"}, {"uid": "33272900", "content": "woc有毒"}, {"uid": "742286", "content": "哈哈哈哈哈"}, {"uid": "648215386", "content": "？"}, {"uid": "433945065", "content": "來啦！！"}, {"uid": "39444106", "content": "？？？？"}, {"uid": "37392149", "content": "？"}, {"uid": "426938440", "content": "草"}, {"uid": "686221", "content": "fuwafuwafuwafuwafuwafuwa"}, {"uid": "498870622", "content": "草"}, {"uid": "39444106", "content": "？？？"}, {"uid": "106367251", "content": "？"}, {"uid": "354168154", "content": "？"}, {"uid": "35091587", "content": "？草"}, {"uid": "87143443", "content": "？？"}, {"uid": "255833470", "content": "？"}, {"uid": "225441015", "content": "？？？"}, {"uid": "481195471", "content": "？？？"}]