[{"uid": "176272552", "content": "草 纳米核心"}, {"uid": "36789161", "content": "这个拜拜好可爱哈哈哈哈"}, {"uid": "3115715", "content": "笑死哈哈哈哈哈好可爱"}, {"uid": "29750370", "content": "无能狂怒"}, {"uid": "426938440", "content": "哈哈哈哈哈哈哈哈"}, {"uid": "2564929", "content": "一个大写的惨哈哈哈哈啊哈"}, {"uid": "394718242", "content": "高兴：拜拜！"}, {"uid": "28367070", "content": "哈哈哈哈哈，好可爱"}, {"uid": "33270469", "content": "哈哈哈哈哈哈哈哈"}, {"uid": "450780625", "content": "哈哈哈哈哈哈哈"}, {"uid": "33344725", "content": "哈哈哈哈哈哈哈"}, {"uid": "23662592", "content": "好可爱"}, {"uid": "318610783", "content": "哈哈哈哈"}, {"uid": "648215386", "content": "哈哈哈哈哈"}, {"uid": "24953837", "content": "哈哈哈哈哈哈哈哈"}, {"uid": "28367070", "content": "哈哈哈哈哈"}, {"uid": "118494", "content": "草"}, {"uid": "63517838", "content": "拜拜！玉白你真的好可爱啊好可爱啊好可爱啊"}, {"uid": "433945065", "content": "哈哈哈哈哈哈哈哈哈哈哈哈哈哈哈哈哈哈"}]