[{"uid": "495213546", "content": "太可爱了..."}, {"uid": "433401477", "content": "听开头以为是小美女"}, {"uid": "25581007", "content": "本音听起来像大帅哥"}, {"uid": "2006898", "content": "可爱的男孩子"}, {"uid": "533849221", "content": "草，笑场了"}, {"uid": "282582233", "content": "我傻了"}, {"uid": "353534504", "content": "好可爱"}, {"uid": "72358757", "content": "怪物！！！！"}, {"uid": "2006898", "content": "秀吉"}, {"uid": "436625330", "content": "mafumafu也没那么多人认不清性别啊。"}, {"uid": "480452243", "content": "可爱！！"}, {"uid": "242178163", "content": "怪物！"}, {"uid": "111049496", "content": "？？？？？"}, {"uid": "1053122163", "content": "哇怪物啊"}]