[{"uid": "444439444", "content": "ohhhhhhhhhhhhhhhhh"}, {"uid": "444439444", "content": "玉白太可爱了哈哈哈哈哈"}, {"uid": "444439444", "content": "草"}, {"uid": "444439444", "content": "玉白宝好可爱！！"}, {"uid": "432021476", "content": "学以致用hhhhhc"}, {"uid": "25014121", "content": "太可爱了啊啊啊啊啊啊啊"}, {"uid": "25014121", "content": "好可爱啊！！"}, {"uid": "383872293", "content": "啊啊啊啊啊可爱"}, {"uid": "4765788", "content": "哈哈哈哈哈哈哈哈哈哈"}, {"uid": "439024658", "content": "通过了，也没完全通过（doge）"}, {"uid": "38306784", "content": "草"}, {"uid": "38306784", "content": "懂了，奈罗还想被骂()"}, {"uid": "225441015", "content": "笑死"}, {"uid": "225441015", "content": "玉白无时无刻不在撒娇w"}, {"uid": "225441015", "content": "这不就是撒娇了吗这不ww"}, {"uid": "225441015", "content": "玉白好机智哈哈哈哈"}, {"uid": "225441015", "content": "玉白表情wwww"}, {"uid": "557734546", "content": "。。这个语气，有点天然钓系是怎么回事"}, {"uid": "557734546", "content": "a ni ki？【大雾】"}, {"uid": "557734546", "content": "这已经算撒娇了啊wwww“不要～”"}, {"uid": "67862810", "content": "就这句我没有！！！"}, {"uid": "321150148", "content": "草了"}, {"uid": "475856659", "content": "啊啊啊啊啊好可爱！"}, {"uid": "8298552", "content": "麻了"}, {"uid": "59934539", "content": "hhhhhhhh"}, {"uid": "333966622", "content": "买一送一"}, {"uid": "629959553", "content": "哈哈哈哈嗝"}, {"uid": "42563486", "content": "太可爱了我趣"}, {"uid": "27730247", "content": "太极宗师"}, {"uid": "436625330", "content": "玉白：垮起个批脸"}, {"uid": "106326457", "content": "这个人的声音好像一个up"}, {"uid": "106326457", "content": "0"}, {"uid": "439846152", "content": "被发现了吗"}, {"uid": "244178909", "content": "玉白变脸"}, {"uid": "259345979", "content": "尊他?"}, {"uid": "220018555", "content": "有啊！我就是变态！我我我！"}, {"uid": "305548179", "content": "奈罗开始害羞了"}, {"uid": "152948286", "content": "玉白好可爱嘶哈嘶哈嘶哈嘶哈嘶哈"}, {"uid": "274657365", "content": "0"}, {"uid": "15417111", "content": "打开柜门.jpg"}, {"uid": "351926083", "content": "玉白听完都昏厥了（"}, {"uid": "10089363", "content": "awsl"}, {"uid": "29750370", "content": "小机灵鬼"}, {"uid": "282068913", "content": "草"}, {"uid": "364790765", "content": "我没了我没了 太可爱了"}, {"uid": "200431336", "content": "好可爱好可爱好可爱好可爱"}, {"uid": "200431336", "content": "好可爱呜呜"}, {"uid": "515875074", "content": "你再骂！（恳求）"}, {"uid": "204931925", "content": "可爱！！！！！！"}, {"uid": "648215386", "content": "看到我自己了！"}, {"uid": "114894662", "content": "草"}, {"uid": "475308204", "content": "好可爱ww"}, {"uid": "485126944", "content": "ohhhhhhhhhhh好可爱ww"}, {"uid": "485126944", "content": "可爱死"}, {"uid": "204931925", "content": "好学的玉白酱可爱！！！"}, {"uid": "430128612", "content": "哈哈哈哈这个对话莫名生草"}, {"uid": "162966413", "content": "可爱"}, {"uid": "1405445301", "content": "草草草草草"}, {"uid": "94781372", "content": "awsl"}, {"uid": "94781372", "content": "嘎嘎嘎嘎哈哈哈哈哈哈哈哈嘎嘎"}, {"uid": "7971567", "content": "好家伙"}, {"uid": "221799118", "content": "Hhhhhhhhhh"}, {"uid": "394718242", "content": "《高手打太极》"}, {"uid": "571070344", "content": "111"}, {"uid": "29402616", "content": "啥是丁工三连"}, {"uid": "2499133", "content": "玉白这里太可爱了呜呜呜"}, {"uid": "2499133", "content": "奈罗这个笑awsl"}, {"uid": "2499133", "content": "哈哈哈哈哈哈哈哈哈玉白小课堂开课啦"}, {"uid": "2499133", "content": "哈哈哈哈哈哈"}, {"uid": "2499133", "content": "太可爱了呜呜呜"}, {"uid": "2499133", "content": "白这句好高级笑晕我了"}, {"uid": "2499133", "content": "哈哈哈哈哈哈哈哈哈口臭的姐妹笑死我了"}, {"uid": "2499133", "content": "哈哈哈哈哈哈哈我的吗"}, {"uid": "2499133", "content": "哈哈哈哈哈哈哈哈"}, {"uid": "356802479", "content": "草"}, {"uid": "14156876", "content": "儿子好聪明"}, {"uid": "2045708", "content": "可爱啊5555"}, {"uid": "225932171", "content": "玉白的小表情好可爱www"}, {"uid": "10436488", "content": "哈哈哈哈哈"}, {"uid": "10436488", "content": "机智如玉白"}, {"uid": "580506799", "content": "草"}, {"uid": "2233733", "content": "不够不够你再骂"}, {"uid": "42495944", "content": "观众代表：奈罗"}, {"uid": "431324260", "content": "啊啊啊啊啊"}, {"uid": "355572041", "content": "awsl"}, {"uid": "8298552", "content": "草"}, {"uid": "648215386", "content": "卡哇伊"}, {"uid": "85270507", "content": "啊啊啊啊啊啊啊"}, {"uid": "451868263", "content": "啊啊啊啊"}, {"uid": "435329945", "content": "啊啊啊啊啊"}, {"uid": "25014121", "content": "哈哈哈哈哈哈哈哈哈哈哈哈哈哈哈哈哈"}]