[{"uid": "29491107", "content": "天使的心跳"}, {"uid": "109219886", "content": "我永远喜欢英梨梨。。"}, {"uid": "23062112", "content": "硬币拿好！UP主你让我笑得好开心"}, {"uid": "23062112", "content": "大话西游啊"}, {"uid": "10884689", "content": "？？？？？？"}, {"uid": "152211209", "content": "大老师，我的一色股还没卖呢"}, {"uid": "589088", "content": "真的是粉丝吗23333"}, {"uid": "18909734", "content": "黄漫老师第九卷标题是政宗和妹妹的新婚生活。。。"}, {"uid": "1594855", "content": "原来你还和绊爱一个设定…"}, {"uid": "10063", "content": "夏利欧机甲已经进机战了...."}, {"uid": "2383272", "content": "哲学"}, {"uid": "97340936", "content": "66666666"}, {"uid": "97340936", "content": "23333333333"}, {"uid": "15467495", "content": "完了，有生之年见不到这图了"}, {"uid": "20312", "content": "即使我死了，被钉在棺材里"}, {"uid": "20312", "content": "谁送谁被捅"}, {"uid": "36960520", "content": "我看到了《最近我的妹妹有点怪》……"}, {"uid": "20484471", "content": "233333333333"}, {"uid": "20484471", "content": "23333333333333333333333333333333"}, {"uid": "20484471", "content": "23333333333333333"}, {"uid": "20484471", "content": "23333333333333333"}, {"uid": "16862650", "content": "哭！都TM的给我哭~~~"}, {"uid": "9368560", "content": "我刚刚看到了言桂叶！"}, {"uid": "90333227", "content": "大老师和雪乃在一起"}, {"uid": "29755", "content": "德国骨科：病号太多要开个专科医院了～"}, {"uid": "76687055", "content": "现已加入豪华套餐。"}, {"uid": "76687055", "content": "大话西游的经典台词。"}, {"uid": "20571667", "content": "魔导书神判啊"}, {"uid": "25748841", "content": "大小姐的威严=-="}, {"uid": "110864830", "content": "23333"}, {"uid": "33385299", "content": "233333333333333333"}, {"uid": "11597657", "content": "厉害了，前方高能"}, {"uid": "65165825", "content": "惠惠即正义！壮哉我爆裂道！"}, {"uid": "34998620", "content": "星爷"}, {"uid": "34998620", "content": "666666"}, {"uid": "34998620", "content": "君明好评"}, {"uid": "34998620", "content": "十二大战确实感觉不错"}, {"uid": "34998620", "content": "一心一教"}, {"uid": "34998620", "content": "一心一教"}, {"uid": "16980345", "content": "快看快看是巨大夏利欧机甲！"}, {"uid": "931060", "content": "这游戏明天出"}, {"uid": "7213861", "content": "不愧是梨潭"}, {"uid": "74098545", "content": "666"}, {"uid": "77304634", "content": "233"}, {"uid": "7557139", "content": "？？"}, {"uid": "3455493", "content": "卧槽，鸡皮疙瘩都给我说出来了"}, {"uid": "83849", "content": "会玩"}, {"uid": "83849", "content": "噗"}, {"uid": "158455818", "content": "23333"}, {"uid": "4598762", "content": "666666"}, {"uid": "15697923", "content": "哈哈哈 23333"}, {"uid": "15697923", "content": "哈哈哈"}, {"uid": "4598762", "content": "233333333"}, {"uid": "221093067", "content": "666666"}, {"uid": "29294673", "content": "我去……"}, {"uid": "57506960", "content": "妹妹赛高"}, {"uid": "57506960", "content": "666"}, {"uid": "14188901", "content": "星爷"}, {"uid": "14188901", "content": "我去"}, {"uid": "49494915", "content": "没弹幕？那我就是第一个弹幕"}, {"uid": "20263292", "content": "不!我没有这样的妹妹！"}, {"uid": "24442170", "content": "泪目，人类圣经"}, {"uid": "1704037", "content": "6666"}, {"uid": "74944811", "content": "一闪而过的马猴烧酒，还被打码了，真惨"}, {"uid": "74944811", "content": "选A，走无头路线！"}, {"uid": "6969680", "content": "真-沉水扁"}, {"uid": "3129527", "content": "怎么没人"}, {"uid": "2241274", "content": "哦，牙白，我也有点想要入妹党了，但是不对啊！我是姐控！"}, {"uid": "3643458", "content": "66666"}, {"uid": "43361663", "content": "……"}, {"uid": "12308668", "content": "新世界的卡密——！(抱歉走错了"}, {"uid": "16100041", "content": "1.6 ak的声音"}, {"uid": "8436532", "content": "殿堂妹巡礼"}, {"uid": "8436532", "content": "如果有妹妹"}, {"uid": "8436532", "content": "俄语"}, {"uid": "535813", "content": "不要鞭尸啊！"}, {"uid": "117022", "content": "哈哈哈哈哈"}, {"uid": "504735", "content": "果然不是爆头，人直接炸了23333"}, {"uid": "16506621", "content": "2333"}, {"uid": "16506621", "content": "6666"}, {"uid": "39140083", "content": "推荐顶上去"}, {"uid": "67862810", "content": "笑死"}, {"uid": "26751377", "content": "哈哈哈哈哈哈哈哈哈哈哈哈哈"}, {"uid": "37187", "content": "正片点我。"}, {"uid": "948952", "content": "坐地铁做错方向了。。。"}, {"uid": "948952", "content": "【您的好友：沉水扁 已上线】"}, {"uid": "948952", "content": "系统提示：您已顺利进入天国，请选择难度"}, {"uid": "45409260", "content": "饶了ERR吧"}, {"uid": "948952", "content": "此处应有核爆神曲"}, {"uid": "948952", "content": "都是那个地方找的资源啊"}, {"uid": "111805", "content": "停！停！停！等一下！"}, {"uid": "932588", "content": "233333"}, {"uid": "14421539", "content": "好看不火系列"}, {"uid": "69031955", "content": "233333333"}, {"uid": "297951", "content": "666"}, {"uid": "293211", "content": "等等这是AK的音效啊23333"}, {"uid": "4892574", "content": "请问3ds怎么肝灰姑娘，急在线等"}, {"uid": "66759216", "content": "233333"}, {"uid": "24477727", "content": "哈哈哈"}, {"uid": "5584872", "content": "哈哈哈哈哈"}, {"uid": "86651112", "content": "233333333"}, {"uid": "40862768", "content": "up这么喜欢黄昏之时的吗？"}, {"uid": "59510151", "content": "红红火火恍恍惚惚哈"}, {"uid": "168588599", "content": "大大大大大老师！"}, {"uid": "9049869", "content": "大老师"}, {"uid": "167409574", "content": "超级高分"}, {"uid": "4462471", "content": "23333333333333333"}, {"uid": "4931583", "content": "周星驰23333"}, {"uid": "4931583", "content": "2333333"}, {"uid": "4867828", "content": "欺我听不懂粤语吗？是剑不是抢。"}, {"uid": "4462471", "content": "233333333333333333"}, {"uid": "16879792", "content": "23333"}, {"uid": "21802921", "content": "落地成盒"}, {"uid": "4462471", "content": "6666666666666666"}, {"uid": "31768109", "content": "要不是看过就信了"}, {"uid": "31768109", "content": "666666"}, {"uid": "97340936", "content": "233333"}, {"uid": "6922866", "content": "2333"}, {"uid": "199367964", "content": "2333333333"}, {"uid": "7668837", "content": "66656"}, {"uid": "421259", "content": "https://acgn-stock.com/"}, {"uid": "199367964", "content": "双飞双飞"}, {"uid": "2281824", "content": "人才啊哈哈哈哈哈哈哈哈哈哈哈"}, {"uid": "3466660", "content": "我也好前，真开心"}, {"uid": "109219886", "content": "我永远喜欢英梨梨"}, {"uid": "36960520", "content": "如果有妹妹就好了"}, {"uid": "76662982", "content": "66666"}, {"uid": "261655", "content": "德国车还行233"}, {"uid": "11597657", "content": "6666"}, {"uid": "20005607", "content": "成哥一路走好"}, {"uid": "16980345", "content": "乌丸大佬疯狂打尻"}, {"uid": "1381811", "content": "万花镜"}, {"uid": "5043941", "content": "马赛克是魔法少女么。。。。"}, {"uid": "6969680", "content": "2333333333333333333"}, {"uid": "662579", "content": "圣僧"}, {"uid": "25728894", "content": "神判2333"}, {"uid": "19849317", "content": "这是个妹子？！"}, {"uid": "33125665", "content": "hahahah"}, {"uid": "8436532", "content": "世界名画"}, {"uid": "8436532", "content": "666"}, {"uid": "4892574", "content": "突然月球"}, {"uid": "13591834", "content": "丧心病狂"}, {"uid": "5584872", "content": "人才啊hhhhh"}, {"uid": "39588484", "content": "万华镜还行"}, {"uid": "482893", "content": "哈哈哈"}, {"uid": "882524", "content": "噫 第一？"}, {"uid": "12613468", "content": "←这就是原字幕"}, {"uid": "28057448", "content": "我真的不懂俄语别骗我"}, {"uid": "8016049", "content": "露露不累卡！"}, {"uid": "109219886", "content": "我永远喜欢英梨梨。"}, {"uid": "109219886", "content": "BGN:爱的供养，再问自杀"}, {"uid": "10884689", "content": "woc6666666666666"}, {"uid": "7850708", "content": "等？？对话框什么情况？？"}, {"uid": "499492", "content": "伊利耶姐姐"}, {"uid": "25206597", "content": "23333"}, {"uid": "34998620", "content": "？？？？？？？？？？？？"}, {"uid": "8406252", "content": "已加入哄UP主专用收藏夹"}, {"uid": "4598762", "content": "23333333333"}, {"uid": "114209582", "content": "黄昏之时"}, {"uid": "14188901", "content": "直接炸了"}, {"uid": "14188901", "content": "万华镜"}, {"uid": "57506960", "content": "66666"}, {"uid": "822548", "content": "这一定是去德国的车"}, {"uid": "44479415", "content": "六娃是看不见，阿卡林连选择框都没了"}, {"uid": "24791", "content": "可怜的小斧子"}, {"uid": "16506621", "content": "我穹妹"}, {"uid": "111805", "content": "UP会玩，关注了"}, {"uid": "23169", "content": "开局献祭一个角色"}, {"uid": "68783193", "content": "天上的卡兹不说话"}, {"uid": "66759216", "content": "世界名画"}, {"uid": "4730541", "content": "求bgm名"}, {"uid": "168229250", "content": "人才"}, {"uid": "1867553", "content": "被恶搞耽误的MADer"}, {"uid": "133399140", "content": "这波操作六爆了"}, {"uid": "202277585", "content": "3"}, {"uid": "37665252", "content": "狂赌之渊"}, {"uid": "11786774", "content": "吃鸡啊吃鸡"}, {"uid": "26318076", "content": "魔伊是妹妹啊。。世界线不同，别乱说"}, {"uid": "2872241", "content": "cgss!"}, {"uid": "1501138", "content": "哭，都给老子哭"}, {"uid": "3493719", "content": "???"}, {"uid": "4598762", "content": "公主的图23333333"}, {"uid": "14188901", "content": "2333333"}, {"uid": "1603866", "content": "66"}, {"uid": "6021", "content": "连发挂VS锁血挂"}, {"uid": "16506621", "content": "BGMhop已举。。。高高"}, {"uid": "141345028", "content": "毫无违和感"}, {"uid": "66759216", "content": "233333"}, {"uid": "39413067", "content": "bgm如果有妹妹就好了ed"}, {"uid": "214411905", "content": "6666"}, {"uid": "34533510", "content": "求BGM"}, {"uid": "23402031", "content": "23333"}, {"uid": "4462471", "content": "？？？？？？？？？？？？？？"}, {"uid": "4462471", "content": "？？？？？？？？？？？？？"}, {"uid": "4462471", "content": "？？？？？？？？？？"}, {"uid": "421259", "content": "ACGN股票交易市场"}, {"uid": "7729829", "content": "太过分了2333"}, {"uid": "6021", "content": "１"}, {"uid": "199367964", "content": "23333333"}, {"uid": "18254759", "content": "哈尼吼"}, {"uid": "11256937", "content": "2秒17刀"}, {"uid": "30704663", "content": "？？？？？？"}, {"uid": "25206597", "content": "泪目"}, {"uid": "12614672", "content": "厉害厉害"}, {"uid": "21713468", "content": "2333333333333333333333333333333333333"}, {"uid": "87409148", "content": "我上错车了？"}, {"uid": "110864830", "content": "66666"}, {"uid": "34998620", "content": "？？？？？？？？？"}, {"uid": "22949347", "content": "厉害了"}, {"uid": "14188901", "content": "双飞"}, {"uid": "8436532", "content": "bgm是你的名字"}, {"uid": "56886386", "content": "大老师诶"}, {"uid": "6396199", "content": "23333"}, {"uid": "34864889", "content": "觋夕莉！"}, {"uid": "14092730", "content": "我的小斧子啊TAT"}, {"uid": "86651112", "content": "有点早"}, {"uid": "12561744", "content": "6娃和阿卡林重复属性了吧"}, {"uid": "30865169", "content": "23333"}, {"uid": "7729829", "content": "233333"}, {"uid": "199367964", "content": "日在校园2333333"}, {"uid": "23204769", "content": "就是谜叔啊"}, {"uid": "71081963", "content": "白！！！我老婆！！！！"}, {"uid": "28057448", "content": "泪目"}, {"uid": "71673271", "content": "切嗣！"}, {"uid": "7850708", "content": "我选a"}, {"uid": "76687055", "content": "都是时臣的错。"}, {"uid": "33385299", "content": "332的白刀"}, {"uid": "7213861", "content": "走好！"}, {"uid": "111095265", "content": "什么游戏"}, {"uid": "3493719", "content": "233333"}, {"uid": "17847004", "content": "华语第一梨谭"}, {"uid": "37145412", "content": "？？？？"}, {"uid": "4598762", "content": "缺德"}, {"uid": "4598762", "content": "233333333"}, {"uid": "85655066", "content": "？？？伽勒底？？？"}, {"uid": "59365570", "content": "诚哥！！！"}, {"uid": "14188901", "content": "日在校园"}, {"uid": "8436532", "content": "陈水扁"}, {"uid": "85640206", "content": "2333333333333"}, {"uid": "7633838", "content": "加入哄UP专用收藏夹"}, {"uid": "71247595", "content": "666"}, {"uid": "26115849", "content": "全是妹妹啊"}, {"uid": "34899663", "content": "妹妹赛高！！"}, {"uid": "20260447", "content": "求bgm"}, {"uid": "25908", "content": "233333333"}, {"uid": "167409574", "content": "泪目"}, {"uid": "9049869", "content": "6666"}, {"uid": "4931583", "content": "2333333333"}, {"uid": "16879792", "content": "2333"}, {"uid": "39588484", "content": "666"}, {"uid": "43894870", "content": "666"}, {"uid": "74007626", "content": "弹幕好少"}, {"uid": "17463782", "content": "把弹幕存多了在看"}, {"uid": "36960520", "content": "还是为我大ab刷一次弹幕吧"}, {"uid": "20186379", "content": "右上角出戏"}, {"uid": "77304634", "content": "2336"}, {"uid": "3493719", "content": "HAIPA"}, {"uid": "3493719", "content": "?"}, {"uid": "83849", "content": "就是迷之声"}, {"uid": "65722650", "content": "君的尻"}, {"uid": "4598762", "content": "233333333"}, {"uid": "4598762", "content": "23333333"}, {"uid": "107089081", "content": "BGM炸弹人"}, {"uid": "14188901", "content": "23333"}, {"uid": "16100041", "content": "什么番?"}, {"uid": "89691373", "content": "咦。虽然不想承认。但是我的确是其中一员啊。"}, {"uid": "67862810", "content": "人才"}, {"uid": "30611824", "content": "嗯呣"}, {"uid": "102662531", "content": "过分了"}, {"uid": "66759216", "content": "君名的bgm"}, {"uid": "13591834", "content": "没毛病"}, {"uid": "5393026", "content": "求BGM"}, {"uid": "86651112", "content": "哭，都给我哭"}, {"uid": "904506", "content": "一群妹妹出没"}, {"uid": "59510151", "content": "hop"}, {"uid": "4931583", "content": "这声音怎么那么像谜之声？？"}, {"uid": "17596422", "content": "弹幕"}, {"uid": "4462471", "content": "？？？？？？？？？？？"}, {"uid": "66083610", "content": "23333"}, {"uid": "5774331", "content": "是的是的，太早没人"}, {"uid": "109058695", "content": "来的太早了QAQ"}, {"uid": "23978850", "content": "66666"}, {"uid": "6922866", "content": "2333"}, {"uid": "34962137", "content": "9分钟前"}, {"uid": "103400049", "content": "6666666666666"}, {"uid": "51657769", "content": "我学姐呢，哎"}, {"uid": "17691343", "content": "BGM？？"}, {"uid": "21713468", "content": "23333333333333333333333333333333"}, {"uid": "128635891", "content": "承包雾枝"}, {"uid": "31829410", "content": "？？？？？？？"}, {"uid": "110864830", "content": "233333"}, {"uid": "11597657", "content": "可惜了，动画看太多听得懂，字幕违和了"}, {"uid": "29294673", "content": "……"}, {"uid": "114209582", "content": "青叶～"}, {"uid": "107843858", "content": "哭，都给我哭"}, {"uid": "20263292", "content": "？？？？？！"}, {"uid": "12308668", "content": "这味道……是败犬的味道……"}, {"uid": "34126143", "content": "6666"}, {"uid": "168824001", "content": "2"}, {"uid": "69031955", "content": "23333333"}, {"uid": "11747234", "content": "C简直作死"}, {"uid": "4462471", "content": "666666666666666666"}, {"uid": "39588484", "content": "妹妹赛高"}, {"uid": "34962137", "content": "？？？？"}, {"uid": "30865169", "content": "第一个看完"}, {"uid": "7668837", "content": "第一个看完"}, {"uid": "20507633", "content": "我穹！"}, {"uid": "84126128", "content": "骨科"}, {"uid": "4884191", "content": "小静赛高"}, {"uid": "25748841", "content": "威严？？不存在的"}, {"uid": "34998620", "content": "前面的打错字了不好意思"}, {"uid": "20186379", "content": "fgo"}, {"uid": "4598762", "content": "2333333333"}, {"uid": "57506960", "content": "hop"}, {"uid": "20263292", "content": "？？？？？？？"}, {"uid": "237710765", "content": "emmm"}, {"uid": "33125665", "content": "我永远喜欢英梨梨"}, {"uid": "83829", "content": "然而伊莉雅是姐姐"}, {"uid": "8436532", "content": "万花镜……"}, {"uid": "557284", "content": "为什么UI是FGO"}, {"uid": "6811048", "content": "hhh"}, {"uid": "43832667", "content": "？？？？"}, {"uid": "21829322", "content": "都是世界的错"}, {"uid": "504735", "content": "错的不是言叶是世界啊2333333"}, {"uid": "8761627", "content": "哈尼吼~"}, {"uid": "948952", "content": "这不是白学嘛，，"}, {"uid": "8788576", "content": "233"}, {"uid": "848444", "content": "有妹EDどんな星空よりも、どんな思い出よりも"}, {"uid": "4462471", "content": "？？？？？？？？？"}, {"uid": "21368545", "content": "伊莉雅绿，到底是被谁绿的呢？"}, {"uid": "17463782", "content": "233"}, {"uid": "39588484", "content": "秃子233"}, {"uid": "157696970", "content": "2333333"}, {"uid": "97340936", "content": "6666"}, {"uid": "95676201", "content": "6666666"}, {"uid": "87409148", "content": "23"}, {"uid": "4598762", "content": "哭，都TM给我哭！"}, {"uid": "12736607", "content": "?????????"}, {"uid": "14092730", "content": "66666"}, {"uid": "32523386", "content": "................"}, {"uid": "32523386", "content": "/"}, {"uid": "21360198", "content": "崩崩崩玩家日常"}, {"uid": "66759216", "content": "bgm：hop"}, {"uid": "168229250", "content": "哈哈哈哈哈哈哈哈哈哈哈哈哈哈哈哈哈哈"}, {"uid": "4462471", "content": "？？？？？？？？？？？？？？？？"}, {"uid": "4462471", "content": "？？？？？？？？？？？？？？？"}]