[{"uid": "1497109", "content": "今年已经53w票了 感动"}, {"uid": "5754058", "content": "233333看看自己所在地，无论如何也是在违法第一线啊"}, {"uid": "29023219", "content": "哦哦哦哦哦，暴君赛高"}, {"uid": "5267443", "content": "同人可以说是一部作品生命的源泉"}, {"uid": "196867", "content": "你不懂什么叫官僚"}, {"uid": "1469104", "content": "然后爸爸就退出了TPP协议"}, {"uid": "28353558", "content": "？？？？"}, {"uid": "7017865", "content": "充满梦想"}, {"uid": "7017865", "content": "古今东西，无论老少，大家都喜欢"}, {"uid": "162170823", "content": "轻音有个鬼问题啊(⊙o⊙)"}, {"uid": "162170823", "content": "我去"}, {"uid": "162170823", "content": "会啊"}, {"uid": "10381473", "content": "泪目"}, {"uid": "16544697", "content": "2333333333333"}, {"uid": "16544697", "content": "我们还算好的了"}, {"uid": "30986208", "content": "欢迎加入NHK  推荐补番"}, {"uid": "163857024", "content": "米特奥拉语录"}, {"uid": "1935694", "content": "创可贴暂停成功"}, {"uid": "13479360", "content": "我以为我的闹钟响了"}, {"uid": "25920442", "content": "一休？"}, {"uid": "39862638", "content": "什么鬼"}, {"uid": "5592649", "content": "这BGM！口袋少女！"}, {"uid": "33599846", "content": "我国同人本其实也是犯法的"}, {"uid": "33599846", "content": "其实在我国同人本也是犯法的，555555"}, {"uid": "40822375", "content": "卡在了奇怪的地方"}, {"uid": "40822375", "content": "卡在了奇怪的地方"}, {"uid": "44911491", "content": "小忍牌创可贴，安全无侧漏，你值得拥有"}, {"uid": "10753112", "content": "这个BGM？？？FC上的炸弹人？？"}, {"uid": "85490863", "content": "东方同人已经是奇迹了"}, {"uid": "8098183", "content": "还是中国好不碰底线都没事"}, {"uid": "39656768", "content": "韩国完就完了"}, {"uid": "8423492", "content": "啊我晕头"}, {"uid": "20597540", "content": "只是法律意义上的侵权。"}, {"uid": "18477721", "content": "把敌人变成自己人(滑稽)"}, {"uid": "407146", "content": "TM我电脑里的表番就够判20年了？"}, {"uid": "19680486", "content": "物语一生推！西尾丧天良！"}, {"uid": "7022761", "content": "卧槽刚才那是什么"}, {"uid": "156749395", "content": "敢禁本子，信不信我噶你命根，喂你吃熊氏老方"}, {"uid": "176499136", "content": "这是怎么通过审核的"}, {"uid": "176499136", "content": "知道为什么封面是小忍了"}, {"uid": "18170167", "content": "熊吉哈哈哈哈"}, {"uid": "10947889", "content": "我妈说过QAQ"}, {"uid": "8104429", "content": "BGM橙路→恭介 No.1"}, {"uid": "8104429", "content": "BGM"}, {"uid": "7839338", "content": "吃枣药丸？韩国已经完蛋了好吧，米国狗腿子"}, {"uid": "23467574", "content": "…"}, {"uid": "55117259", "content": "up！强！无敌！"}, {"uid": "55117259", "content": "我们需要这样的人！！（滑稽）"}, {"uid": "1915149", "content": "熔炉法"}, {"uid": "11982209", "content": "花舞……"}, {"uid": "123007078", "content": "道理我都懂，但为什么封面是小忍"}, {"uid": "26568277", "content": "别人家的政府官员…………"}, {"uid": "30449931", "content": "家长也打游戏看动漫怎么办哈哈哈"}, {"uid": "12405290", "content": "轻音都是暴力笑"}, {"uid": "39259598", "content": "比中国过分多了"}, {"uid": "39259598", "content": "买了一个98e的手办"}, {"uid": "5819048", "content": "这就是强行增加代价促使人们直接去qj吗？"}, {"uid": "7673794", "content": "这个人感动到我了"}, {"uid": "102584891", "content": "2333"}, {"uid": "7673794", "content": "我觉得他比安倍更适合当日本首相"}, {"uid": "149311442", "content": "66666厉害了"}, {"uid": "11319045", "content": "等下。那么那些韩国漫画哪来的"}, {"uid": "36112097", "content": "wtf"}, {"uid": "8831921", "content": "同意，一位合格的官员！"}, {"uid": "24282203", "content": "为封面献上硬币！"}, {"uid": "1406668", "content": "卧槽，这也算？幸亏我没出生在韩国"}, {"uid": "4340935", "content": "要是商定法案的时候弄这么一个，接着就药丸"}, {"uid": "11255278", "content": "这是超级玛丽3的bgm"}, {"uid": "26368418", "content": "匿名用户"}, {"uid": "28607770", "content": "这个5公斤的吓到我"}, {"uid": "35581608", "content": "带球撞人!"}, {"uid": "94932829", "content": "啥？物语挑逗？？？我不服！"}, {"uid": "92098073", "content": "致敬这位对御宅族做出伟大贡献的政治家"}, {"uid": "14722241", "content": "如果通过了的话，日本动漫应该和现在中国差不多"}, {"uid": "12640549", "content": "哈哈哈哈哈哈哈"}, {"uid": "22347282", "content": "那怎么告4s"}, {"uid": "37606917", "content": "韩国在这样下去，吃枣药丸"}, {"uid": "6976593", "content": "k－on？"}, {"uid": "1574327", "content": "这也是日本政治规则下，才能出现的事情啊"}, {"uid": "175933521", "content": "re:talker"}, {"uid": "36963940", "content": "这里攻壳画面很灵性。。。第一季结尾内阁洗牌。。。"}, {"uid": "34195449", "content": "感动"}, {"uid": "55383085", "content": "给小忍打call"}, {"uid": "37413254", "content": "动漫要是在韩国兴起，他们一群娘炮偶像怎么办，当然不给通过了"}, {"uid": "35075051", "content": "white，绝对是！"}, {"uid": "36960520", "content": "那个是兰斯系列游戏?"}, {"uid": "909732", "content": "一斤鸭梨！"}, {"uid": "10942604", "content": "亚可被劝反了"}, {"uid": "10942604", "content": "法制最前线"}, {"uid": "167328336", "content": "黄段子赛高"}, {"uid": "531931", "content": "冰菓！！！挑逗？！！！！"}, {"uid": "531931", "content": "大家都别拦着我，我要从事学术研究！"}, {"uid": "117308", "content": "TM突然觉得在天朝好幸福0.0"}, {"uid": "3484010", "content": "冰果..挑逗!??/"}, {"uid": "36823408", "content": "那还看个屁这些都封了看锤子"}, {"uid": "53624087", "content": "这是个现充压榨单身狗的世界"}, {"uid": "3915304", "content": "噗"}, {"uid": "16549", "content": "？？？"}, {"uid": "38758363", "content": "bgm梶浦由记的啊"}, {"uid": "3928496", "content": "最伟大的宅"}, {"uid": "38758363", "content": "宫崎骏？"}, {"uid": "19358240", "content": "英梨梨2333"}, {"uid": "8705743", "content": "幸运星里的全金本"}, {"uid": "57918137", "content": "成歩堂龍一"}, {"uid": "15264281", "content": "？？？？"}, {"uid": "24743174", "content": "不是吧，自由的世界唉"}, {"uid": "33540841", "content": "这也是增加原作人气的行为，想俺妹我就是看过本子慕名而去"}, {"uid": "12934362", "content": "商业化的判定可不是又没有卖钱这么简单"}, {"uid": "1653634", "content": "好...好燃"}, {"uid": "286462", "content": "这是那贴的。。"}, {"uid": "75702775", "content": "这样岂不是动漫在韩国暴死？"}, {"uid": "103334741", "content": "????"}, {"uid": "37187", "content": "韩国那个网络实名化也是..."}, {"uid": "32406845", "content": "等等一周的朋友"}, {"uid": "97340936", "content": "好厉害"}, {"uid": "535813", "content": "这个机械怪兽是一拳的吗？不记得了"}, {"uid": "32752624", "content": "暂停看手办"}, {"uid": "8069892", "content": "不告就无罪"}, {"uid": "30430362", "content": "那我不还在第一线"}, {"uid": "16651085", "content": "闪亮"}, {"uid": "330126", "content": "我觉得没问题，恋童癖在东亚几乎没有限制"}, {"uid": "10248", "content": "爆乳音头！！"}, {"uid": "18477442", "content": "6666666666"}, {"uid": "108449536", "content": "bmg好评"}, {"uid": "108449536", "content": "这是折棒………………吗？"}, {"uid": "2064264", "content": "LL？"}, {"uid": "108449536", "content": "猴式智降法"}, {"uid": "284756", "content": "折木奉太郎"}, {"uid": "108449536", "content": "哈哈哈，这个家教可以的"}, {"uid": "935734", "content": "桃色望远镜……"}, {"uid": "44009623", "content": "好像混进了什么奇怪的东西"}, {"uid": "108449536", "content": "柯南啊"}, {"uid": "97340936", "content": "这不公平啊"}, {"uid": "108449536", "content": "哎呦……画风突变"}, {"uid": "97340936", "content": "处于违法第一线2333"}, {"uid": "97340936", "content": "警察叔叔，就是这个up主"}, {"uid": "97340936", "content": "真相只有一个！！"}, {"uid": "4938249", "content": "同一时间只有我一个~"}, {"uid": "162170823", "content": "40卷的2333333很中肯。"}, {"uid": "27354224", "content": "猪突猛进"}, {"uid": "172831654", "content": "我擦，我好像见过这个标志，不要问我在哪看见的"}, {"uid": "176430045", "content": "射惠主意"}, {"uid": "33679927", "content": "握草，我看的时候都没发现"}, {"uid": "11882803", "content": "似李，white "}, {"uid": "17500220", "content": "托洛茨基:妨碍咱滴渣渣"}, {"uid": "8578711", "content": "莫名感人"}, {"uid": "16648878", "content": "暂停成功，创可贴"}, {"uid": "64704559", "content": "射惠   射惠"}, {"uid": "24925229", "content": "这个bgm一定要拥有，求告知"}, {"uid": "125312505", "content": "好人一生平安"}, {"uid": "145124556", "content": "刚刚是纱织黑化场景吧"}, {"uid": "26957865", "content": "这波不亏"}, {"uid": "35475035", "content": "空降成功？"}, {"uid": "94077120", "content": "约会大作战"}, {"uid": "23658031", "content": "(」゜ロ゜)」休想"}, {"uid": "7676279", "content": "黑肉！我连殴渣渣和龙珠一样！"}, {"uid": "21743396", "content": "@海蓝の心"}, {"uid": "36963940", "content": "笑脸男好评。选择沉默还是为正义而出"}, {"uid": "34195449", "content": "我告诉你我了听得懂日语！"}, {"uid": "49971581", "content": "为了御宅族！"}, {"uid": "20620392", "content": "林克2333333"}, {"uid": "3484010", "content": "666666666"}, {"uid": "102371681", "content": "同人＝桐人"}, {"uid": "38758363", "content": "因为肥啊"}, {"uid": "19358240", "content": "真是人才，山田。。。"}, {"uid": "1741359", "content": "2333333"}, {"uid": "21347354", "content": "暂停成功"}, {"uid": "510240", "content": "同人就是侵权，但是很多原作者默许了这一点"}, {"uid": "546945", "content": "议员慢慢变成御宅族 药丸药丸"}, {"uid": "32932042", "content": "一滴鸭梨"}, {"uid": "108449536", "content": "哎呦………………"}, {"uid": "2064264", "content": "所以军姬才强无敌"}, {"uid": "108449536", "content": "好像这个山田错了？"}, {"uid": "108449536", "content": "FBI…………"}, {"uid": "97340936", "content": "高能预警！！！！"}, {"uid": "401343", "content": "@卡米亚"}, {"uid": "7572756", "content": "我仿佛看到了P站"}, {"uid": "7017865", "content": "是永远！"}, {"uid": "39884574", "content": "好人啊好人啊，一生平安"}, {"uid": "159485178", "content": "为正义人士干杯"}, {"uid": "10275725", "content": "山田太郎大叔一生平安"}, {"uid": "184799335", "content": "琦玉老师"}, {"uid": "12764835", "content": "祁玉老师！！！"}, {"uid": "27527500", "content": "大爱中忍"}, {"uid": "17984309", "content": "业界药丸"}, {"uid": "30918169", "content": "我要进去了"}, {"uid": "87451022", "content": "(￣▽￣)"}, {"uid": "8572428", "content": "多么伟大"}, {"uid": "176164442", "content": "偷偷撸一发，没人发现吧？"}, {"uid": "23658031", "content": "承包小忍"}, {"uid": "24384315", "content": "黄段子"}, {"uid": "4990301", "content": "23333333"}, {"uid": "7398387", "content": "身体检查的那个萝莉番吗"}, {"uid": "37051247", "content": "BGM来自路人女主"}, {"uid": "36963940", "content": "让动画再次伟大。。。还行"}, {"uid": "34195449", "content": "好人一生平安！！！"}, {"uid": "32745646", "content": "英雄"}, {"uid": "18314112", "content": "偶像议员势在必行（笑"}, {"uid": "38758363", "content": "现在开始：表·现·自·由！！！！！"}, {"uid": "38758363", "content": "LO LO 纯正儿童味儿"}, {"uid": "38758363", "content": "也就几百，老子上万呢"}, {"uid": "19358240", "content": "实际上好像麻生首相任期时候好像很喜欢蔷薇少女的。。"}, {"uid": "2529004", "content": "這就是我追物語系列的理由"}, {"uid": "4087251", "content": "←好像是正确的卡多"}, {"uid": "193038", "content": "真正的英雄"}, {"uid": "97340936", "content": "大美兴，川普皇"}, {"uid": "7850708", "content": "图书馆战争！！！！"}, {"uid": "108449536", "content": "MAGA，没毛病"}, {"uid": "108449536", "content": "23333333333"}, {"uid": "108449536", "content": "一闪而过的LO车"}, {"uid": "108449536", "content": "发车了，发车了"}, {"uid": "44009623", "content": "桐人还行233"}, {"uid": "66629187", "content": "何老师？"}, {"uid": "44009623", "content": "扎心了"}, {"uid": "69204413", "content": "真巧"}, {"uid": "97340936", "content": "汪汪汪"}, {"uid": "97340936", "content": "微胖233"}, {"uid": "38054681", "content": "英雄！"}, {"uid": "33327866", "content": "马……马赛克？？？"}, {"uid": "60692588", "content": "大人们还看片呢"}, {"uid": "1479197", "content": "神bgm"}, {"uid": "133792279", "content": "致敬"}, {"uid": "33679927", "content": "错误的卡多"}, {"uid": "23007599", "content": "看来是时候未来国漫从政了！"}, {"uid": "39884574", "content": "好人啊"}, {"uid": "28271285", "content": "2333333333333"}, {"uid": "13769471", "content": "bgm：爆乳音头"}, {"uid": "1366738", "content": "卧槽！竟然有人@钢板"}, {"uid": "38308064", "content": "亚丝娜"}, {"uid": "14357614", "content": "好人一生平安"}, {"uid": "149311442", "content": "23333"}, {"uid": "91746247", "content": "创可贴……"}, {"uid": "121838961", "content": "一击10月份第二季不见不散。"}, {"uid": "87082678", "content": "叼叼叼"}, {"uid": "34806252", "content": "果然药????"}, {"uid": "14722241", "content": "为大佬托奶"}, {"uid": "36963940", "content": "主要看卖点吧。主要卖得是画"}, {"uid": "34195449", "content": "表现自由！！！"}, {"uid": "27200443", "content": "为什么放这么久啊"}, {"uid": "38758363", "content": "笑脸男"}, {"uid": "38758363", "content": "心疼"}, {"uid": "38758363", "content": "233"}, {"uid": "38758363", "content": "不是的，不是的~~~~~~"}, {"uid": "938890", "content": "明显不许"}, {"uid": "2477550", "content": "6666宅的代表"}, {"uid": "34597439", "content": "卡成PPT"}, {"uid": "28345045", "content": "暂停成功"}, {"uid": "75939669", "content": "加藤惠！！"}, {"uid": "23090823", "content": "日本药丸"}, {"uid": "29314564", "content": "我说这声音怎么这么熟悉。。"}, {"uid": "23278617", "content": "第一"}, {"uid": "32932042", "content": "日和23333"}, {"uid": "108449536", "content": "哈哈哈哈哈"}, {"uid": "44009623", "content": "emmmm"}, {"uid": "97340936", "content": "川皇笑死了"}, {"uid": "97340936", "content": "bgm好燃！"}, {"uid": "287394066", "content": "山田妖精?"}, {"uid": "14510406", "content": "sox神教"}, {"uid": "122711312", "content": "好人啊"}, {"uid": "89028863", "content": "创可贴？？！！！"}, {"uid": "33327866", "content": "先有圣人后有天，我惠美如画中仙"}, {"uid": "25005075", "content": "这什么番"}, {"uid": "166456351", "content": "承包加藤惠"}, {"uid": "921641", "content": "comicLO"}, {"uid": "184799335", "content": "琦玉老师"}, {"uid": "25153867", "content": "东方要是没有同人就不会有今天"}, {"uid": "2107361", "content": "这声音是老白吗?"}, {"uid": "29069513", "content": "教主"}, {"uid": "63713955", "content": "幸好父母不在"}, {"uid": "11982209", "content": "向二次元的英雄敬礼"}, {"uid": "20736030", "content": "致敬"}, {"uid": "125312505", "content": "好人一生平安"}, {"uid": "95109090", "content": "我去"}, {"uid": "34366405", "content": "666"}, {"uid": "30209926", "content": "BGM 哈哈哈哈哈哈哈哈啊哈"}, {"uid": "49906666", "content": "太感谢川普了"}, {"uid": "34806252", "content": "6的发亮"}, {"uid": "94932829", "content": "承包小忍！"}, {"uid": "24272959", "content": "碟片没有，只是百度云已经用了三个号了"}, {"uid": "24904829", "content": "暂停成功"}, {"uid": "168230336", "content": "没人看吗？"}, {"uid": "49971581", "content": "隔壁晓瞑"}, {"uid": "10942604", "content": "没毛病"}, {"uid": "23366049", "content": "才40卷……"}, {"uid": "117308", "content": "我的天简直就是宅界守护神"}, {"uid": "14220557", "content": "MAGA"}, {"uid": "10248", "content": "@蔷薇麻生"}, {"uid": "34864889", "content": "全看过没救了"}, {"uid": "108449536", "content": "承包诸葛惠"}, {"uid": "5267443", "content": "厉害"}, {"uid": "124542", "content": "伟大"}, {"uid": "32761760", "content": "23333333333333"}, {"uid": "174092589", "content": "好人"}, {"uid": "6578309", "content": "那么东方该怎么办？"}, {"uid": "11523921", "content": "white 是你吗"}, {"uid": "33599846", "content": "sox"}, {"uid": "8732595", "content": "就好像当年的电子海洛因？"}, {"uid": "2301043", "content": "快管管吧现在自由的作品甚至不如九十年代"}, {"uid": "12299523", "content": "莫名泪目"}, {"uid": "12299523", "content": "莫名感动"}, {"uid": "65441086", "content": "是小白吗"}, {"uid": "54472820", "content": "正片马上开始"}, {"uid": "189163886", "content": "致敬"}, {"uid": "26192330", "content": "致敬"}, {"uid": "28271285", "content": "2333333333333"}, {"uid": "12548669", "content": "日本药丸"}, {"uid": "18965133", "content": "创可贴（）"}, {"uid": "29785295", "content": "周一的丰满。。。"}, {"uid": "4589066", "content": "东方的ZUN不是同意的么"}, {"uid": "18936505", "content": "大叔真好"}, {"uid": "2964993", "content": "别动不动底端弹幕"}, {"uid": "6277046", "content": "抱住小忍"}, {"uid": "5722773", "content": "我手机看不了弹幕了5555"}, {"uid": "125312505", "content": "赞up主"}, {"uid": "201759", "content": "国内 不存在的"}, {"uid": "11536690", "content": "暂停成功"}, {"uid": "38676892", "content": "干得好"}, {"uid": "1512857", "content": "厉害了"}, {"uid": "14711432", "content": "承包小忍～"}, {"uid": "94932829", "content": "承包小忍！后来的不算！"}, {"uid": "12640549", "content": "好人一生平安！"}, {"uid": "36963940", "content": "异议"}, {"uid": "3410", "content": "英雄啊！！！"}, {"uid": "29475124", "content": "逆转裁判"}, {"uid": "102371681", "content": "补魔～"}, {"uid": "38758363", "content": "没本子看了"}, {"uid": "38758363", "content": "成步堂"}, {"uid": "11888654", "content": "小小英雄BGM？"}, {"uid": "15976033", "content": "23333333333333333333333333"}, {"uid": "4160658", "content": "还有我们被开除二次元籍了"}, {"uid": "97340936", "content": "如同黄河决堤，一发而不可收"}, {"uid": "931062", "content": "这歌词ww"}, {"uid": "196867", "content": "川皇万岁！"}, {"uid": "32932042", "content": "好人啊，为什么不来我们中国？"}, {"uid": "27330376", "content": "什么？宫崎骏？我是不是可以去看耳朵了"}, {"uid": "102350908", "content": "17分钟前"}, {"uid": "108449536", "content": "本子场"}, {"uid": "108449536", "content": "这个不错，cream lemon"}, {"uid": "108449536", "content": "rec真好用"}, {"uid": "97340936", "content": "桐人没毛病66666"}, {"uid": "7448098", "content": "再见"}, {"uid": "69204413", "content": "两分钟前"}, {"uid": "5267443", "content": "厉害了"}, {"uid": "180285", "content": "辣妹子"}, {"uid": "10097946", "content": "山田怕不是要引发一起stand alone complex了"}, {"uid": "22856520", "content": "23333333"}, {"uid": "162170823", "content": "黄段子"}, {"uid": "33599846", "content": "sox"}, {"uid": "24066641", "content": "致敬"}, {"uid": "34429491", "content": "bgm爆乳音头"}, {"uid": "24976581", "content": "伟大"}, {"uid": "65708674", "content": "敬礼！"}, {"uid": "17070846", "content": "净TM扯淡"}, {"uid": "30002477", "content": "暂停成功"}, {"uid": "86684527", "content": "这些都是什么动漫求番名"}, {"uid": "22353426", "content": "承包我忍"}, {"uid": "44553947", "content": "忍下心"}, {"uid": "99766705", "content": "这货可以顶"}, {"uid": "38308064", "content": "小直"}, {"uid": "40802341", "content": "原来up主。。"}, {"uid": "29616435", "content": "干得好"}, {"uid": "24128677", "content": "sox"}, {"uid": "12640549", "content": "致敬"}, {"uid": "49075734", "content": "承包小忍"}, {"uid": "4509653", "content": "致敬！"}, {"uid": "1297509", "content": "WWW"}, {"uid": "33585768", "content": "一瞬间听成蕾丝"}, {"uid": "12126096", "content": "干得好！"}, {"uid": "15044514", "content": "引起某种不适，举豹"}, {"uid": "10942604", "content": "日本政治家6666"}, {"uid": "10942604", "content": "666"}, {"uid": "117308", "content": "等等NMP你怎么解释你岛国的AV那个更可怕吧"}, {"uid": "38758363", "content": "卡多！！！！"}, {"uid": "38758363", "content": "TPP 不存在的"}, {"uid": "38758363", "content": "哈哈哈哈"}, {"uid": "38758363", "content": "66666"}, {"uid": "38758363", "content": "汪汪汪"}, {"uid": "38758363", "content": "第一"}, {"uid": "38013037", "content": "心疼樱"}, {"uid": "25026412", "content": "圣人惠我的"}, {"uid": "18557309", "content": "中国衣服过于暴露都给你你来一刀       我还能说什么"}, {"uid": "8172109", "content": "肥宅做错了什么？"}, {"uid": "6741275", "content": "对，日本和美国的两院结构刚好是反的"}, {"uid": "34191331", "content": "炸弹人的BGM"}, {"uid": "108449536", "content": "哈哈哈哈"}, {"uid": "108449536", "content": "2333333333"}, {"uid": "97340936", "content": "笑面男T T"}, {"uid": "108449536", "content": "走进扭曲宅"}, {"uid": "108449536", "content": "6666"}, {"uid": "43206228", "content": "对啊。"}, {"uid": "65610603", "content": "成功"}, {"uid": "15363565", "content": "欢迎加入nhk"}, {"uid": "67293971", "content": "刀剑手办"}, {"uid": "37136784", "content": "小忍！！"}, {"uid": "32225091", "content": "666"}, {"uid": "50968309", "content": "这是什么番啊"}, {"uid": "83064912", "content": "致敬"}, {"uid": "44553947", "content": "小忍"}, {"uid": "486608", "content": "Make China Great Again"}, {"uid": "22567791", "content": "干的好"}, {"uid": "61415334", "content": "日本？明明是全世界好吧"}, {"uid": "22038512", "content": "中国就是典型嗯例子"}, {"uid": "7673794", "content": "多么伟大，多么无私"}, {"uid": "34806252", "content": "TPP"}, {"uid": "4494231", "content": "300?"}, {"uid": "1297509", "content": "WWWWWWWW"}, {"uid": "64014363", "content": "sixsixsix"}, {"uid": "97340936", "content": "6666666"}, {"uid": "38758363", "content": "呃"}, {"uid": "38758363", "content": "我的英雄学院啊"}, {"uid": "19358240", "content": "致敬！"}, {"uid": "18557309", "content": "为什么这期没有广告？我要看广告"}, {"uid": "2493249", "content": "求bgm"}, {"uid": "201341217", "content": "3h前欧耶"}, {"uid": "12717997", "content": "暂停成功"}, {"uid": "14840266", "content": "暂停成功"}, {"uid": "8069892", "content": "炸弹人BGM。。"}, {"uid": "40010416", "content": "这都是什么翻啊？"}, {"uid": "108449536", "content": "桐人很重要！！！！！！！"}, {"uid": "108449536", "content": "川王"}, {"uid": "44009623", "content": "hhhh"}, {"uid": "7448098", "content": "福利不断"}, {"uid": "35315226", "content": "新ID见"}, {"uid": "160951610", "content": "是我"}, {"uid": "5267443", "content": "国内缺少这种为otaku们发声的人啊"}, {"uid": "8538802", "content": "40/5700，日本人有病吧"}, {"uid": "65125361", "content": "桌角女。。。。"}, {"uid": "17988329", "content": "封面我老婆"}, {"uid": "11777594", "content": "小忍我老婆"}, {"uid": "177199000", "content": "捏造陷阱连接吻都要圣光。。没天理啊。。"}, {"uid": "182436261", "content": "bgm是爆乳音头，小缘唱的比较好听"}, {"uid": "28271285", "content": "23333333333"}, {"uid": "23236461", "content": "国内也一样"}, {"uid": "23751770", "content": "见封滚"}, {"uid": "66863070", "content": "谭雅！"}, {"uid": "182138523", "content": "非现实什么的。这是啥？"}, {"uid": "197498155", "content": "什么鬼"}, {"uid": "25928237", "content": "像最伟大的英雄献上最为崇高的敬意!!"}, {"uid": "50981673", "content": "药丸啊"}, {"uid": "12859106", "content": "666"}, {"uid": "44134429", "content": "卧槽，这下面标签翻译过来是兄贵吧是兄贵吧是兄贵吧"}, {"uid": "87451022", "content": "2333333333"}, {"uid": "163074846", "content": "还好我才入宅5年，没那么猥琐"}, {"uid": "68520940", "content": "暂停成功"}, {"uid": "25636661", "content": "逆转裁判？"}, {"uid": "28607770", "content": "rec"}, {"uid": "98910498", "content": "666666666666"}, {"uid": "11755338", "content": "见忍滚"}, {"uid": "44538536", "content": "我的英雄学院"}, {"uid": "37051247", "content": "表现汽油"}, {"uid": "36963940", "content": "错。明明是塞尔达"}, {"uid": "27074783", "content": "没办法啊，现在连老美那边都满是铜臭和老人臭了"}, {"uid": "1297509", "content": "WWWWW"}, {"uid": "168230336", "content": "所以说同人到底算什么？"}, {"uid": "113999228", "content": "小樱qaq"}, {"uid": "4845001", "content": "什么林克明明是塞尔达.jpg"}, {"uid": "3915304", "content": "同人？"}, {"uid": "36007847", "content": "笑面男。。。。"}, {"uid": "16549", "content": "小忍"}, {"uid": "38758363", "content": "6666"}, {"uid": "38758363", "content": "暂停成功"}, {"uid": "1795329", "content": "nice"}, {"uid": "74151592", "content": "引起不适，举豹"}, {"uid": "2679225", "content": "亚可"}, {"uid": "11783622", "content": "唉 可惜了啊 这样的人或许不是合格的政治家，但是是一个合格的官员啊"}, {"uid": "16526324", "content": "日本药丸？"}, {"uid": "580773", "content": "同人本也卖钱啊，不算商业化么？"}, {"uid": "44009623", "content": "致敬"}, {"uid": "35125454", "content": "第一"}, {"uid": "103138359", "content": "ʕ•̫͡•ʕ•̫͡•ʔ•̫͡•ʔ围观"}, {"uid": "12152933", "content": "什么时候国内也能出现这样的官员"}, {"uid": "7802844", "content": "国内也需要等到20年后吧"}, {"uid": "19144277", "content": "lo"}, {"uid": "47560613", "content": "德国当年的禁欲政策导致大量癔症患者，同时缔造了弗洛伊德。"}, {"uid": "44553947", "content": "小忍赛高"}, {"uid": "17017400", "content": "6666"}, {"uid": "18513693", "content": "商业化...就个体卖的那几个钱，只能算侵权"}, {"uid": "34082153", "content": "致敬"}, {"uid": "8705743", "content": "九龙宗介bl本"}, {"uid": "21368545", "content": "暂停成功！创可贴小忍。"}, {"uid": "16035525", "content": "致敬"}, {"uid": "12507590", "content": "小忍舔舔舔"}, {"uid": "102350908", "content": "."}, {"uid": "179955106", "content": "lovelive？？？？？？"}, {"uid": "754725", "content": "搞笑吗。。你看日漫把暴露的地方遮起来就成了国漫？"}, {"uid": "44134429", "content": "哈哈哈哈哈哈哈哈哈哈哈哈哈哈哈哈哈哈哈哈"}, {"uid": "23679096", "content": "谜叔呢？？"}, {"uid": "7532231", "content": "别以为我听不懂在唱什么"}, {"uid": "3791558", "content": "韩国真是....真犯罪者没抓几个.."}, {"uid": "17474185", "content": "正义执行"}]