[{"uid": "438466", "content": "老粉丝受不了祖传女友的设定啊"}, {"uid": "241621441", "content": "画风挺像《来自深渊》"}, {"uid": "8886648", "content": "啊？魔法使的新娘呢"}, {"uid": "196630506", "content": "少女终末旅行"}, {"uid": "196630506", "content": "少女终末旅行"}, {"uid": "1609201", "content": "yanagi"}, {"uid": "2454863", "content": "业界良心"}, {"uid": "21722152", "content": "话说bgm出处是哪？好熟悉但想不起来啊_(:з」∠)_"}, {"uid": "16037418", "content": "好看这个"}, {"uid": "37217821", "content": "哈哈哈。芭比的设定。就一个人没有翅膀"}, {"uid": "8339189", "content": "你肯定看了"}, {"uid": "42590463", "content": "诶诶诶我我我我听到了什么?！小鹿！"}, {"uid": "31646521", "content": "up声音好评！！！！"}, {"uid": "29682630", "content": "感觉还不错"}, {"uid": "24070233", "content": "@现视研"}, {"uid": "13069325", "content": "诶诶诶诶//才想起来之前看过第一季//听bgm挺出来的"}, {"uid": "132502614", "content": "屁，这一堆暗牧敢说没有什么不自然"}, {"uid": "16640594", "content": "这个挺好看的"}, {"uid": "22003664", "content": "只关心封面"}, {"uid": "18199536", "content": "刚开始还挺无聊，后来接受了也蛮好看的"}, {"uid": "64911594", "content": "画风挺好看的"}, {"uid": "52504826", "content": "bgm哈哈哈哈"}, {"uid": "40409774", "content": "相亲对象是强硬问题儿童"}, {"uid": "25791127", "content": "封面我还以为是小樱爸爸"}, {"uid": "87932150", "content": "这部看过不怂????"}, {"uid": "27238109", "content": "虽说都是满满的套路，但是就是很喜欢啊"}, {"uid": "111976893", "content": "动画人物有点像K里面的"}, {"uid": "38494515", "content": "我觉得够长了"}, {"uid": "35556266", "content": "纳尼这就完了。。。。"}, {"uid": "31455977", "content": "啥？久保由莉香？花阳？！"}, {"uid": "57506960", "content": "ed带感"}, {"uid": "15420736", "content": "最近的暗牧都有所改良已经尽量在减少了"}, {"uid": "195164261", "content": "皆川茜？！"}, {"uid": "92102463", "content": "姐妹"}, {"uid": "41431824", "content": "你怎么知道"}, {"uid": "7902935", "content": "这个很治愈"}, {"uid": "104353820", "content": "我"}, {"uid": "14267929", "content": "原版可爱"}, {"uid": "29251195", "content": "up主声音好听ww"}, {"uid": "27102235", "content": "这个很中二，但是莫名其妙的追番了"}, {"uid": "25468056", "content": "啊啊啊啊 三叶你比四叶少一叶"}, {"uid": "16842157", "content": "一话弃"}, {"uid": "98801771", "content": "这两萌妹子是我追番的原因"}, {"uid": "19676192", "content": "终于有个在追得了"}, {"uid": "33638584", "content": "旧版看完，歌也好听的"}, {"uid": "28733984", "content": "这部真的好看"}, {"uid": "95714700", "content": "胸太大，弃"}, {"uid": "32410802", "content": "封面是强硬问题学生"}, {"uid": "14572931", "content": "这个超好看"}, {"uid": "25818906", "content": "魔性啊"}, {"uid": "70578423", "content": "tlj233"}, {"uid": "28064059", "content": "要不是男主说话永远一种老痰吐不出的感觉 我就追了"}, {"uid": "7984245", "content": "色调不太习惯，太鲜亮了"}, {"uid": "12686006", "content": "没错，就是新房玩脱了"}, {"uid": "4424138", "content": "他这个含就看不来了"}, {"uid": "131837139", "content": "看了一点，实在是受不了这部男主的声音，被吼出来了"}, {"uid": "8033811", "content": "推"}, {"uid": "8033811", "content": "好看"}, {"uid": "6300", "content": "祖传后宫受不了啊(눈_눈)"}, {"uid": "14706345", "content": "只要你看钟末我们还是好朋友"}, {"uid": "12841313", "content": "村上春树《世界尽头与冷酷仙境》"}, {"uid": "12841313", "content": "刀语是白狐社制作的。。。"}, {"uid": "38647415", "content": "等等！犬屋敷呢？没了？"}, {"uid": "83849", "content": "噗，原来还有32"}, {"uid": "290235", "content": "没了？"}, {"uid": "28453862", "content": "一堆暗牧根本看不了"}, {"uid": "13591834", "content": "2333333333"}, {"uid": "286462", "content": "这番是这样"}, {"uid": "300851", "content": "说的没错！！这番看的挺欢乐的！！"}, {"uid": "1758599", "content": "确实是火影套路啊，一样一样的"}, {"uid": "1758599", "content": "平均值，平均值"}, {"uid": "279340", "content": "这就完了？排名呢？"}, {"uid": "4931583", "content": "2333"}, {"uid": "4931583", "content": "比原版差"}, {"uid": "533333", "content": "这番极力推荐"}, {"uid": "11282128", "content": "=-=这么厉害？"}, {"uid": "8886648", "content": "耳机番"}, {"uid": "17425155", "content": "这BGM配的也是牛"}, {"uid": "172125692", "content": "蜜汁bgm～"}, {"uid": "91048026", "content": "封面动画"}, {"uid": "13069325", "content": " 黑色五叶草超好看的！真的太好看了QAQ"}, {"uid": "15490259", "content": "喜欢这个:-D"}, {"uid": "172997709", "content": "封面有r18版"}, {"uid": "30495261", "content": "我喜欢看啊"}, {"uid": "55896464", "content": "打call打call"}, {"uid": "12906768", "content": "哈哈哈哈"}, {"uid": "2092721", "content": "这部坚持了3集齐了"}, {"uid": "10514527", "content": "这个好看啊啊，正在追"}, {"uid": "17535999", "content": "平均值的hhhhhh"}, {"uid": "172926410", "content": "说真的，让我想起了未来日记(开头)"}, {"uid": "9947652", "content": "哈哈哈哈哈哈哈哈bgm"}, {"uid": "72239327", "content": "我再看"}, {"uid": "19473022", "content": "你居然看过了"}, {"uid": "728990", "content": "诶！你看过！？？？"}, {"uid": "4931583", "content": "热血套路番"}, {"uid": "11089104", "content": "耶！"}, {"uid": "12650386", "content": "这个动漫好有教育意义 我感觉"}, {"uid": "16610718", "content": "他说我们取个中间吧"}, {"uid": "11491261", "content": "这骚bgm！！噫。。。。"}, {"uid": "11304970", "content": "这个超好看"}, {"uid": "2092721", "content": "还不错的"}, {"uid": "57506960", "content": "每部都放主题歌好评"}, {"uid": "21471963", "content": "十二生肖"}, {"uid": "64629733", "content": "up主声音不错"}, {"uid": "22562616", "content": "已看过开心"}, {"uid": "95714700", "content": "超级好看"}, {"uid": "20266604", "content": "在d站可以看"}, {"uid": "98746781", "content": "23333333333333333"}, {"uid": "34506366", "content": "封面是什么动画?"}, {"uid": "564375", "content": "刀语是白狐社啊"}, {"uid": "290235", "content": "真是毫无吸引力的套路"}, {"uid": "29226764", "content": "bgm搞事情吖"}, {"uid": "21705", "content": "但是并没有新剧情，都是旧版装新瓶，而且第二话压缩严重"}, {"uid": "159132591", "content": "你看了"}, {"uid": "87214302", "content": "大赞，喜欢"}, {"uid": "16123152", "content": "好看 我在追"}, {"uid": "40881145", "content": "封面是？"}, {"uid": "17214394", "content": "维克多？"}, {"uid": "176562386", "content": "漫画很好看"}, {"uid": "44070783", "content": "有点像弹丸啊"}, {"uid": "13179455", "content": "迷之恶心"}, {"uid": "12906768", "content": "哈哈哈哈哈哈哈哈哈哈哈"}, {"uid": "694892", "content": "第六画本番了"}, {"uid": "25468056", "content": "啊啊啊啊 五叶你比四叶多一叶"}, {"uid": "9614286", "content": "哈哈哈哈哈哈"}, {"uid": "30928356", "content": "超喜欢"}, {"uid": "62252281", "content": "bgm好评"}, {"uid": "9587125", "content": "叠丝袜？"}, {"uid": "38603333", "content": "画风眼熟？？"}, {"uid": "34270893", "content": "这个真好看"}, {"uid": "44049353", "content": "总能看见我啵"}, {"uid": "35858635", "content": "23333333"}, {"uid": "13591834", "content": "233333333333"}, {"uid": "13591834", "content": "23333333333"}, {"uid": "728990", "content": "这里的头没暗牧~"}, {"uid": "4931583", "content": "强推"}, {"uid": "1669824", "content": "卧槽，这名字 这设定，宅游记吗"}, {"uid": "17763005", "content": "这骚气的bgm"}, {"uid": "201554940", "content": "有毒"}, {"uid": "104847542", "content": "参见咆哮帝"}, {"uid": "5989278", "content": "封面不是本子吗"}, {"uid": "7902935", "content": "这个真是好看"}, {"uid": "22530091", "content": "这个好"}, {"uid": "6367570", "content": "这个在哪里可以看"}, {"uid": "10801309", "content": "交出来"}, {"uid": "303089236", "content": "这个超好看"}, {"uid": "87456668", "content": "up声音点赞"}, {"uid": "2857384", "content": "男女不明pass"}, {"uid": "196630506", "content": "少女终末旅行"}, {"uid": "60651188", "content": "也有五叶草的译名，别的网站"}, {"uid": "11333451", "content": "你看过了"}, {"uid": "8339189", "content": "甜啊"}, {"uid": "37217821", "content": "不是类似于弹丸吗？"}, {"uid": "13423704", "content": "这个OP赞啊"}, {"uid": "18537550", "content": "确实很短 没啥看头"}, {"uid": "40409774", "content": "漫画男主也是聒噪啊"}, {"uid": "6406236", "content": "我觉得十二还好吧……"}, {"uid": "15862560", "content": "我没看"}, {"uid": "10823163", "content": "小李正传？！！"}, {"uid": "19244284", "content": "像不像网络小说的套路"}, {"uid": "43642256", "content": "好看呐"}, {"uid": "14029771", "content": "哈哈哈我我我我，被扇了一巴掌 哈哈"}, {"uid": "94502605", "content": "没有弹幕诶"}, {"uid": "9254773", "content": "迷之像弹丸论破"}, {"uid": "20632651", "content": "咆哮帝"}, {"uid": "30928356", "content": "表示喜欢这个"}, {"uid": "29935577", "content": "茜姐！"}, {"uid": "23234563", "content": "fengmianjin"}, {"uid": "6198792", "content": "这番不是已经确定是年番了吗？"}, {"uid": "13591834", "content": "233333333"}, {"uid": "1758599", "content": "漂浮感说得好"}, {"uid": "4931583", "content": "Oped超好听"}, {"uid": "25728894", "content": "暴露了什么"}, {"uid": "196867", "content": "当然是取平均数啦"}, {"uid": "196630506", "content": "少女终末旅行"}, {"uid": "91048026", "content": "骚气粉骚气"}, {"uid": "29682630", "content": "第一第一"}, {"uid": "4926368", "content": "看了第一集男主太吵"}, {"uid": "3036656", "content": "吵就算了，主要是有痰"}, {"uid": "24992673", "content": "这不是whirte吗"}, {"uid": "57506960", "content": "ed"}, {"uid": "92102463", "content": "这个好"}, {"uid": "27852906", "content": "=_="}, {"uid": "53497924", "content": "6666"}, {"uid": "17393513", "content": "我看过漫画也"}, {"uid": "8630801", "content": "年番啊"}, {"uid": "168725164", "content": " 已看过"}, {"uid": "25456377", "content": "最新一集没暗牧的。看的爽"}, {"uid": "17534183", "content": "旧版好"}, {"uid": "57451", "content": "都是黑黑一片"}, {"uid": "7453998", "content": "可是已经两集没死人了"}, {"uid": "88060968", "content": "打戏好"}, {"uid": "12841313", "content": "刀语上"}, {"uid": "33540841", "content": "没人呐？"}, {"uid": "199367964", "content": "这蜜汁鬼畜"}, {"uid": "13766", "content": "平均一下没毛病"}, {"uid": "1758599", "content": "需要先看第一季吗？"}, {"uid": "39789338", "content": "他看过了他看过了他看过了"}, {"uid": "589088", "content": "无聊已经是最大的缺点了吧"}, {"uid": "533333", "content": "弹幕好少"}, {"uid": "87214302", "content": "表白！！"}, {"uid": "196630506", "content": "少女终末旅行"}, {"uid": "213759758", "content": "虽然我还没有看新版的，但总感觉还是喜欢旧版"}, {"uid": "1609201", "content": "鸣人色诱术啊"}, {"uid": "36213011", "content": "未来日的+1"}, {"uid": "634617", "content": "我看过了.."}, {"uid": "13423704", "content": "当妈？"}, {"uid": "25731656", "content": "说得挺好的，那个新人声优是挺尬的"}, {"uid": "23461552", "content": "取平均值"}, {"uid": "21471963", "content": "BGM"}, {"uid": "52069270", "content": "？"}, {"uid": "83549878", "content": "没有弹幕?"}, {"uid": "86209941", "content": "为啥我觉得女主和人本那个茜迷之相像"}, {"uid": "10321101", "content": "@马克隆"}, {"uid": "1915085", "content": "膜帝膜帝"}, {"uid": "431180968", "content": "up主基岩后台？"}, {"uid": "23155542", "content": "皆川茜，是你吗"}, {"uid": "17259407", "content": "好看"}, {"uid": "22169647", "content": "这不就是跟国产端脑差不多嘛"}, {"uid": "18199536", "content": "真的。。很无聊，而且男主太吵"}, {"uid": "45012803", "content": "看up推荐去看。"}, {"uid": "15862560", "content": "这新番？"}, {"uid": "15862560", "content": "新番还没看"}, {"uid": "381356", "content": "作者战锤40K和BLAME！粉丝，作品受这两者影响很深啊"}, {"uid": "14069489", "content": "看了漫画 tm可快了就啪啪啪了"}, {"uid": "28663388", "content": "我也看过了"}, {"uid": "98801771", "content": "第八名4星，第七明3星，额密密麻麻"}, {"uid": "75897740", "content": "纳兹和鸣人也很能喊，但一点不吵人好不好"}, {"uid": "34270893", "content": "好看"}, {"uid": "11925306", "content": "一方通行和上条当麻"}, {"uid": "88220216", "content": "怎么有点像弹丸论破"}, {"uid": "35018483", "content": "五"}, {"uid": "2200441", "content": "阿斯塔本来就是很吵那种……漫画也很能喊 不是声优的锅"}, {"uid": "2200441", "content": "剧情不错的 表示看了漫画挺好看的"}, {"uid": "83849", "content": "31是垫底了吧"}, {"uid": "49971581", "content": "高拔高拔高爸爸"}, {"uid": "184448", "content": "你看过也不分享下"}, {"uid": "28959571", "content": "已看"}, {"uid": "18206016", "content": "亚可？"}, {"uid": "196630506", "content": "少女终末旅行"}, {"uid": "196630506", "content": "少女终末旅行"}, {"uid": "196630506", "content": "少女终末旅行"}, {"uid": "196630506", "content": "少女终末旅行"}, {"uid": "196630506", "content": "少女终末旅行"}, {"uid": "196630506", "content": "少女终末旅行"}, {"uid": "196630506", "content": "少女终末旅行"}, {"uid": "196630506", "content": "少女终末旅行"}, {"uid": "196630506", "content": "少女终末旅行"}, {"uid": "196630506", "content": "少女终末旅行"}, {"uid": "43642256", "content": "不咋滴"}, {"uid": "14508219", "content": "封面是什么动漫"}, {"uid": "27852906", "content": "真的。。。。。一般吧"}, {"uid": "27102235", "content": "阿松呢？？？？鬼灯呢？？？？？"}, {"uid": "22903414", "content": "女主的形象不是皆川茜吗？！"}, {"uid": "38919485", "content": "其实前两集还是挺无聊的。。。"}, {"uid": "34223", "content": "不是和谐版的 可没这么多暗牧"}, {"uid": "110595", "content": "这片弃点啊啊啊啊啊啊啊啊~~~~~~~~啊"}]