[{"uid": "68058496", "content": "老婆"}, {"uid": "1479981", "content": "这镜头还不如不动"}, {"uid": "92104618", "content": "水袋233"}, {"uid": "22984945", "content": "怕踩到围巾"}, {"uid": "22984945", "content": "等一个光的MMD"}, {"uid": "228087332", "content": "感觉舞蹈选的不好"}, {"uid": "29054", "content": "你居然是这样的爱撕衣"}, {"uid": "33082948", "content": "我打开方式不对？"}, {"uid": "102937", "content": "异度之刃天下第一"}, {"uid": "102937", "content": "我永远喜欢焰"}, {"uid": "533333", "content": "诈尸？"}, {"uid": "12031187", "content": "异乳之刃"}, {"uid": "8511037", "content": "天之罩杯"}, {"uid": "10041153", "content": "4"}, {"uid": "193038", "content": "naizi"}, {"uid": "207432", "content": "看吼姆拉这么跳感觉很违和233"}, {"uid": "102937", "content": "我要光"}, {"uid": "751700", "content": "2"}, {"uid": "105533844", "content": "水波蛋~"}, {"uid": "178532320", "content": "豆奶豆豆奶"}, {"uid": "489491", "content": "总觉得让花JD来跳比较合适"}, {"uid": "12031187", "content": "焰"}, {"uid": "10289485", "content": "该来的还是来了"}, {"uid": "85906521", "content": "多元了吗"}, {"uid": "1783346", "content": "莱克斯缺钱吗？你老婆出来了。"}, {"uid": "32804063", "content": "摇啊摇"}, {"uid": "11593575", "content": "豆奶之刃"}, {"uid": "3698807", "content": "乃抖得好厉害..."}, {"uid": "179966004", "content": "5"}, {"uid": "29411142", "content": "我永远喜欢吼穆拉~！"}, {"uid": "293396", "content": "退出来看了眼 up 主"}, {"uid": "18722246", "content": "我永远喜欢吼姆拉"}, {"uid": "105533844", "content": "1"}, {"uid": "1431078", "content": "这UP主转型了？"}, {"uid": "144545", "content": "我最喜欢小绿"}, {"uid": "32154633", "content": "3"}, {"uid": "10689062", "content": "弹幕呢"}, {"uid": "120167286", "content": "10"}, {"uid": "4686411", "content": "花jd＋1"}, {"uid": "44601863", "content": "电波台这是要转型了吗"}, {"uid": "21514490", "content": "多久没发视频了？"}, {"uid": "12812386", "content": "赤龙帝？"}]