[{"uid": "135395986", "content": "周星驰啊哈哈哈哈"}, {"uid": "21030663", "content": "窝草梅林（护符一出）"}, {"uid": "33116312", "content": "好恐怖"}, {"uid": "33116312", "content": "2333"}, {"uid": "252072566", "content": "男主把基友操一顿不就好了吗↓"}, {"uid": "196376502", "content": "奇怪的东西"}, {"uid": "123234123", "content": "召唤兽"}, {"uid": "196413115", "content": "这，不是fate？"}, {"uid": "196413115", "content": "'我要成为双马尾'么"}, {"uid": "15151205", "content": "哈哈哈隔"}, {"uid": "1480776", "content": "乙女向啊？"}, {"uid": "1480776", "content": "ovaa"}, {"uid": "90560614", "content": "1"}, {"uid": "23318278", "content": "灰色系列233"}, {"uid": "799864", "content": "233"}, {"uid": "8713243", "content": "社保hhhhhh"}, {"uid": "38574867", "content": "官方明示"}, {"uid": "12713497", "content": "给我射爆hhhh"}, {"uid": "37420995", "content": "冷盘凉了23333"}, {"uid": "694985", "content": "第三季热播中。。。"}, {"uid": "13772259", "content": "这里喷了出来"}, {"uid": "290235", "content": "那位被救出来的坛友报菜名真是笑死我了"}, {"uid": "1605104", "content": "食神。。。"}, {"uid": "4505953", "content": "左上角黑某优土么2333333"}, {"uid": "215020429", "content": "别笑你诚哥死的早，你日的比他少"}, {"uid": "103142", "content": "66666"}, {"uid": "32804063", "content": "欢迎进入S1的坑"}, {"uid": "636963", "content": "第三季op和第二季混起来…"}, {"uid": "18557309", "content": "鲁迅：是是是，我什么都说过"}, {"uid": "14343127", "content": "黑叔"}, {"uid": "314534", "content": "突然变臭"}, {"uid": "39767038", "content": "nice boat"}, {"uid": "4598762", "content": "233333333"}, {"uid": "4598762", "content": "居然还换了"}, {"uid": "2208767", "content": "克州匪首罗拐圣 23333"}, {"uid": "20597174", "content": "萨塔妮娅"}, {"uid": "6210160", "content": "第一季只有10话，彻底凉了"}, {"uid": "13342178", "content": "川原砾:我tm也没说啊，是茅场说的"}, {"uid": "6478156", "content": "美哭"}, {"uid": "6498114", "content": "真可怕"}, {"uid": "7952986", "content": "画风突变"}, {"uid": "7952986", "content": "心疼1S"}, {"uid": "6498114", "content": "不行了我叫外卖了"}, {"uid": "6498114", "content": "够了又虐诚哥233"}, {"uid": "7843135", "content": "药王扣1"}, {"uid": "533333", "content": "问题儿童都来自异世界OVA"}, {"uid": "44038879", "content": "2333"}, {"uid": "602248", "content": "然后上S1支招，最终在坛友帮助下脱困"}, {"uid": "806947", "content": "菜名侠..."}, {"uid": "69844886", "content": "我为药王打call"}, {"uid": "24890705", "content": "你的绳子"}, {"uid": "2130778", "content": "淘金者的bgm么。。。"}, {"uid": "2130778", "content": "100秒的amv么哈哈哈哈哈"}, {"uid": "24964626", "content": "没看到第二季"}, {"uid": "24964626", "content": "ova 好像是 然后说要出第二季 "}, {"uid": "24964626", "content": "然后到现在都没看第二季 凉了"}, {"uid": "2482788", "content": "这是一个顺口溜，一口气说完才叫好（。"}, {"uid": "21878728", "content": "王水能腐蚀黄金"}, {"uid": "21878728", "content": "浓盐酸和硝酸按3比1配置成王水"}, {"uid": "21878728", "content": "3HCL(浓)+HNO3(浓)＝NOCL+CL2↑+2H2O"}, {"uid": "153088046", "content": "这广告怎么变得这么长了"}, {"uid": "6688094", "content": "MD第几集啊"}, {"uid": "22887910", "content": "这破站脑洞真大（滑稽）"}, {"uid": "6688094", "content": "哈哈哈哈哈哈66666666"}, {"uid": "1498811", "content": "都是写什么番···"}, {"uid": "2482788", "content": "哈哈哈我要截下来这段"}, {"uid": "5997209", "content": "里啥里啊，问题儿童"}, {"uid": "347299", "content": "今年强者大赛肯定要投一票"}, {"uid": "6741275", "content": "甘城劳模"}, {"uid": "39140083", "content": "番名：问题儿童都来自异世界"}, {"uid": "26692121", "content": "这是哪部？"}, {"uid": "26692121", "content": "黑叔？"}, {"uid": "11498759", "content": "东木又是和平的一天"}, {"uid": "105231915", "content": "食神周星驰"}, {"uid": "27211803", "content": "2333333"}, {"uid": "27211803", "content": "这就是你拖更的理由？"}, {"uid": "20815232", "content": "重投了"}, {"uid": "17613936", "content": "？？？？？？你怎么这么熟练"}, {"uid": "8630246", "content": "封面音乐不是赤色要塞的吗？"}, {"uid": "215020429", "content": "别笑你诚哥死的早，你日的比他少"}, {"uid": "215020429", "content": "别笑你诚哥死的早，你日的比他少"}, {"uid": "32804063", "content": "鲁迅：怎么啥都是我说的"}, {"uid": "15636814", "content": "rua"}, {"uid": "19529057", "content": "哈哈哈哈哈哈哈哈哈哈哈哈"}, {"uid": "18206016", "content": "少战乱入2333"}, {"uid": "602248", "content": "这段说的是某位S1坛友深陷传销"}, {"uid": "77533522", "content": "等等慧慧？"}, {"uid": "2482788", "content": "哈哈哈哈太可爱了"}, {"uid": "21713468", "content": "666666666666666"}, {"uid": "7180278", "content": "梨潭梨潭"}, {"uid": "215020429", "content": "别笑你诚哥死的早，你日的比他少"}, {"uid": "215020429", "content": "别笑你诚哥死的早，你日的比他少"}, {"uid": "18557309", "content": "求BGM"}, {"uid": "39767038", "content": "我擦嘞"}, {"uid": "4598762", "content": "233333333"}, {"uid": "12967925", "content": "哈哈哈哈哈"}, {"uid": "3615405", "content": "迷书这波可以啊"}, {"uid": "57419", "content": "哈哈哈哈哈哈真报菜名！"}, {"uid": "102648690", "content": "好熟习的ＢＧＭ"}, {"uid": "11783622", "content": "哈哈哈"}, {"uid": "104948523", "content": "这图，，，"}, {"uid": "104948523", "content": "？？？？？？"}, {"uid": "33913584", "content": "斯雷因小天使"}, {"uid": "6688094", "content": "好哈哈哈哈"}, {"uid": "6688094", "content": "6666666666666666"}, {"uid": "14188901", "content": "幸好我在吃饭"}, {"uid": "535813", "content": "少战剧场"}, {"uid": "22124738", "content": "魂斗罗..."}, {"uid": "52881742", "content": "wocao!"}, {"uid": "1664934", "content": "封面！"}, {"uid": "30289821", "content": "封面是思影的学姐"}, {"uid": "16102679", "content": "跌丝袜"}, {"uid": "215020429", "content": "别笑你诚哥死的早，你日的比他少"}, {"uid": "215020429", "content": "别笑你诚哥死的早，你日的比他少"}, {"uid": "4598762", "content": "233333333"}, {"uid": "63646822", "content": "广告比正片好看系列。"}, {"uid": "22494069", "content": "麻蛇不学好"}, {"uid": "6877896", "content": "6666666666"}, {"uid": "12967925", "content": "鲁迅：我没说过!这是川原烁"}, {"uid": "602248", "content": "详情可看专栏文章cv87351"}, {"uid": "5291879", "content": "茂昌要被你奶起来"}, {"uid": "14188901", "content": "sox"}, {"uid": "1498811", "content": "我已经不知道 什么是真的了"}, {"uid": "20484471", "content": "233333333"}, {"uid": "33379483", "content": "233333363"}, {"uid": "215020429", "content": "别笑你诚哥死的早，你日的比他少"}, {"uid": "11783622", "content": "233333"}, {"uid": "11969045", "content": "封面是思影"}, {"uid": "13089743", "content": "66666666666666666666666666666666666666666666666666666666666666666666666666666666"}, {"uid": "104948523", "content": "泥垢了"}, {"uid": "162768102", "content": "666666666"}, {"uid": "4074715", "content": "23333"}, {"uid": "26692121", "content": "辛苦辛苦"}, {"uid": "3314106", "content": "喵喵喵？？"}, {"uid": "107758223", "content": "少战"}, {"uid": "873683", "content": "等等，前两点，这重点不对吧"}, {"uid": "35229570", "content": "住口，无耻老贼，我肚子饿了"}, {"uid": "23693235", "content": "风 评 被 害"}, {"uid": "215020429", "content": "别笑你诚哥死的早，你日的比他少"}, {"uid": "215020429", "content": "别笑你诚哥死的早，你日的比他少"}, {"uid": "701867", "content": "233"}, {"uid": "4598762", "content": "233333333"}, {"uid": "179799449", "content": "现在过2000了！！！"}, {"uid": "435796", "content": "666666"}, {"uid": "12967925", "content": "灵魂p图"}, {"uid": "12967925", "content": "666666"}, {"uid": "12967925", "content": "23333"}, {"uid": "4322113", "content": "并没有说过。。。"}, {"uid": "1498811", "content": "鲁迅到底说了什么"}, {"uid": "3237495", "content": "6666"}, {"uid": "39140083", "content": "黑叔"}, {"uid": "35254400", "content": "哈哈哈"}, {"uid": "29294673", "content": "6666"}, {"uid": "123488", "content": "败犬泥潭哈哈哈"}, {"uid": "194351983", "content": "吃了"}, {"uid": "3969900", "content": "666"}, {"uid": "3314106", "content": "前面..."}, {"uid": "25724962", "content": "四分钟前"}, {"uid": "21713468", "content": "66666666666666666666666666"}, {"uid": "30585989", "content": "....."}, {"uid": "290235", "content": "报菜名那位真是笑死我了"}, {"uid": "215020429", "content": "别笑你诚哥死的早，你日的比他少"}, {"uid": "215020429", "content": "别笑你诚哥死的早，你日的比他少"}, {"uid": "32801201", "content": "大狗的投枪，，，"}, {"uid": "103142", "content": "sox"}, {"uid": "214569", "content": "报菜名侠"}, {"uid": "2513272", "content": "五十铃"}, {"uid": "34470870", "content": "有点尴尬"}, {"uid": "19395461", "content": "23333"}, {"uid": "1659841", "content": "斯雷因啊啊啊啊啊啊啊啊"}, {"uid": "14188901", "content": "233333333"}, {"uid": "14188901", "content": "23333333"}, {"uid": "297951", "content": "666"}, {"uid": "35254400", "content": "火钳刘明"}, {"uid": "1738022", "content": "没记错图应该是思影吧"}, {"uid": "14923582", "content": "666666"}, {"uid": "44229835", "content": "66666"}, {"uid": "6007361", "content": "抱歉，实在是不喜欢吃鸡，所以一直收藏的我拒绝收藏"}, {"uid": "8713243", "content": "女神吐的都是彩虹"}, {"uid": "61502597", "content": "6666666"}, {"uid": "215020429", "content": "别笑你诚哥死的早，你日的比他少"}, {"uid": "215020429", "content": "别笑你诚哥死的早，你日的比他少"}, {"uid": "22950316", "content": "没啥笑点啊‘’"}, {"uid": "20597174", "content": "惠惠"}, {"uid": "931062", "content": "风 评 被 害"}, {"uid": "37191558", "content": "鬼斩"}, {"uid": "6498114", "content": "饿了"}, {"uid": "535813", "content": "灰色"}, {"uid": "14188901", "content": "这个是少战？"}, {"uid": "228293429", "content": "投重了吧"}, {"uid": "33438578", "content": "团子。。"}, {"uid": "6741275", "content": "正常长度了，刚才太短了。"}, {"uid": "131264704", "content": "666"}, {"uid": "256698", "content": "买菜侠"}, {"uid": "96446385", "content": "只有崩巴注定孤独一生吗"}, {"uid": "246674913", "content": "呃"}, {"uid": "259178427", "content": " 哇"}, {"uid": "2414632", "content": "喷了"}, {"uid": "2962003", "content": "红黄蓝"}, {"uid": "215020429", "content": "别笑你诚哥死的早，你日的比他少"}, {"uid": "215020429", "content": "别笑你诚哥死的早，你日的比他少"}, {"uid": "157612455", "content": "32人,146弹幕..."}, {"uid": "390406", "content": "华语第一温暖论坛"}, {"uid": "24518942", "content": "不会撑死吗"}, {"uid": "31742865", "content": "什么鬼"}, {"uid": "16926138", "content": "这个片段是什么"}, {"uid": "30005811", "content": "思影"}, {"uid": "5997209", "content": "8888888888888888888888888888888888888888888888888888888888888"}, {"uid": "2133753", "content": "算了，什么JB都是我说的好吧——鲁迅"}, {"uid": "215020429", "content": "别笑你诚哥死的早，你日的比他少"}, {"uid": "594436", "content": "什么鬼"}, {"uid": "98565605", "content": "什么番?"}, {"uid": "277472669", "content": "闪闪EA秒一切"}, {"uid": "168216300", "content": "承包500"}, {"uid": "20312", "content": "冬马小三"}]