[{"uid": "34666104", "content": "这原本是圣母在上白蔷薇的歌(能登女神配音)"}, {"uid": "4876550", "content": "我永远相信大河内一楼.jpg"}, {"uid": "28658371", "content": "因为比原歌1.25倍速吧，大概"}, {"uid": "6835147", "content": "我永远喜欢公主.jpg"}, {"uid": "46790724", "content": "单元剧 稳了"}, {"uid": "46790724", "content": "大大大大河内一楼"}, {"uid": "307824", "content": "大河内：稳？ 还有第二季"}, {"uid": "102749559", "content": "稳如大河内"}, {"uid": "32812499", "content": "百合大法好"}, {"uid": "204014963", "content": "感觉会在剧场版第二季搞事"}, {"uid": "330126", "content": "话语第一手速论坛"}, {"uid": "50041720", "content": "想去看看"}, {"uid": "37443238", "content": "大河内终于稳一回了啊..."}, {"uid": "53011913", "content": "大河内还是稳啊"}, {"uid": "17418361", "content": "番名：公主准则princess principal"}, {"uid": "38004995", "content": "百合大法好！！！"}, {"uid": "24204297", "content": "这是啥"}, {"uid": "2109041", "content": "有百合的地方就有我"}, {"uid": "6252789", "content": "我永远喜欢安洁.jpg"}, {"uid": "43980253", "content": "大河内吃药一直吃了12集"}, {"uid": "1758599", "content": "大河内使我快乐"}, {"uid": "187934987", "content": "2245。。。"}, {"uid": "202051671", "content": "安洁小哭包(´;︵;`)"}, {"uid": "17418361", "content": "番名：公主准则princess principal"}, {"uid": "125126349", "content": "这是？"}, {"uid": "41051377", "content": "百合大发好⊙▽⊙"}, {"uid": "111568378", "content": "我永远相信大河内"}, {"uid": "8326567", "content": "过了那么多年，我终于见到了当初敬爱的大河内了"}, {"uid": "3282519", "content": "因为是加速版"}, {"uid": "25568354", "content": "是公主代理人"}, {"uid": "34666104", "content": "藤堂志摩子!!"}, {"uid": "17418361", "content": "番名：公主准则princess principal"}, {"uid": "13007519", "content": "第二季第二季"}, {"uid": "9084579", "content": "公主安洁  "}, {"uid": "30841596", "content": "什么番"}, {"uid": "1758599", "content": "期待第二季，应该有的吧？"}, {"uid": "166261775", "content": "前排"}, {"uid": "6636452", "content": "11集大河内没吃药换人了"}, {"uid": "451014", "content": "前排吐槽"}, {"uid": "175324097", "content": "肯定会有第二季的信不信"}, {"uid": "33294892", "content": "大河内最后两集不在，换人了"}, {"uid": "33816646", "content": "百合好好好"}, {"uid": "9084579", "content": "这 "}, {"uid": "25932129", "content": "大河我求求你放过他们吧"}, {"uid": "21278969", "content": "没有第二季，只是手游宣传片而已"}, {"uid": "8326567", "content": "这把大河内赢了"}, {"uid": "284191", "content": "不黑大河内能憋死你坛啊？能憋疯"}, {"uid": "75784", "content": "很确定自己是第八！"}, {"uid": "10167817", "content": "才看完12集"}, {"uid": "97340936", "content": "奶！"}, {"uid": "1731145", "content": "速度好快"}, {"uid": "161225323", "content": "吹爆!"}, {"uid": "247894186", "content": "2019有续作"}, {"uid": "12980620", "content": "这算是老歌了吧，而且还加了速，音质有问题难免"}, {"uid": "83849", "content": "为什么这歌音质怪怪的，因为是能登唱的吗？"}, {"uid": "40001784", "content": "第十七"}, {"uid": "65918759", "content": "O.O"}, {"uid": "6784550", "content": "1482。。。。"}, {"uid": "6614021", "content": "真*第九"}, {"uid": "3871635", "content": "2点24分！第五！"}, {"uid": "1794369", "content": "华语第三大河内粉丝论坛"}, {"uid": "17418361", "content": "虽然后两集没大河内但后两集剧本是大河内写的"}, {"uid": "13962813", "content": "囍"}, {"uid": "13427105", "content": "后两集没有大河内好不好"}, {"uid": "6211336", "content": "百合大法好"}, {"uid": "86559", "content": "华语第三速度真快"}, {"uid": "3950136", "content": "安公一生推"}, {"uid": "24463753", "content": "大家好，我站公安组"}, {"uid": "17418361", "content": "虽然后两集没大河内但后两集剧本是大河内写的"}, {"uid": "46790724", "content": "第二季没出 不能证明什么"}, {"uid": "168103030", "content": "从第12集来到这"}, {"uid": "931060", "content": "玩了一次再来一次？"}, {"uid": "86037273", "content": "666"}, {"uid": "3484010", "content": "大大大大大河内这一次居然没有搞事.我很意外"}, {"uid": "27315361", "content": "1948"}, {"uid": "7297624", "content": "稳个P，大河内 最后2集被换掉了好吧！！！"}, {"uid": "175324097", "content": "最后一集要WIP看不了????????????"}]