[{"uid": "109235951", "content": "这是阿婆主⬇️"}, {"uid": "46071866", "content": "小哥哥声音好好听呐"}, {"uid": "31912628", "content": "Alice？Alice pack？是6x7格子的还是加大的，是什么颜色的，里面的枫木突击什么的可不可以保存？"}, {"uid": "32372345", "content": "23333333"}, {"uid": "32372345", "content": "爱的结晶233333"}, {"uid": "210394452", "content": "小圆啊？"}, {"uid": "256231646", "content": "春宵一夜不是，不是我的错，谁听过嫁衣哈哈哈哈哈"}, {"uid": "39292974", "content": "bgm:小埋里的！"}, {"uid": "90806869", "content": "2333"}, {"uid": "156933376", "content": "←旁边的暴露了自己的颜值"}, {"uid": "22729826", "content": "那喜欢你呢"}, {"uid": "12652163", "content": "瑟瑟发抖"}, {"uid": "129292542", "content": "莫名恐怖"}, {"uid": "208983215", "content": "哈哈哈哈哈哈哈哈哈(ಡωಡ)hiahiahia"}, {"uid": "208983215", "content": "说得对٩(๑^o^๑)۶"}, {"uid": "130149675", "content": "up主↓"}, {"uid": "16210678", "content": "喜欢饰品的朋友 哈哈"}, {"uid": "97340936", "content": "233333"}, {"uid": "32324905", "content": "内裤大头目23333"}, {"uid": "14730", "content": "\"然而首先...\""}, {"uid": "61502597", "content": "66"}, {"uid": "8713243", "content": "不存在的"}, {"uid": "8713243", "content": "2333333"}, {"uid": "388770", "content": "应该放四叠半的ED，那个有毒"}, {"uid": "564375", "content": "女装这段美到我了真的"}, {"uid": "4574827", "content": "卡米亚哈哈哈"}, {"uid": "35453892", "content": "一眼看成了刘翔…"}, {"uid": "5957309", "content": "这个四叠半就出现过，同样的意象手法"}, {"uid": "4632212", "content": "好诗好诗"}, {"uid": "2843294", "content": "76人观看，68 啊不 69条弹幕"}, {"uid": "36212526", "content": "好湿好湿"}, {"uid": "36746865", "content": "↓卡米亚"}, {"uid": "36746865", "content": "↓卡米亚"}, {"uid": "12841313", "content": "有顶天家族是吉原正行导演的啊"}, {"uid": "286462", "content": "哇这就来安利四叠半了"}, {"uid": "286462", "content": "看过四点半都知道乔尼"}, {"uid": "12967925", "content": "爱的结晶2333"}, {"uid": "12503518", "content": "喜欢AKG的这首歌"}, {"uid": "15716422", "content": "昨天刚补完四畳半神话大系"}, {"uid": "97340936", "content": "真是让人痛彻心扉啊"}, {"uid": "97340936", "content": "竟然要遭遇咖喱浴这样的酷刑"}, {"uid": "97340936", "content": "这位沉鱼落雁闭月羞花的美人"}, {"uid": "97340936", "content": "2333333333333333333"}, {"uid": "97340936", "content": "虽然看这在线人数已经凉了OTL"}, {"uid": "97340936", "content": "手机端麻烦点个赞！"}, {"uid": "237564921", "content": "姐姐嗓子好了啊"}, {"uid": "97340936", "content": "前面，没错，我这里有个悬崖你要不要跳一跳"}, {"uid": "97340936", "content": "元气弹！！！"}, {"uid": "97340936", "content": "这是男的！"}, {"uid": "97340936", "content": "对这个看脸的世界绝望了！！！"}, {"uid": "97340936", "content": "放下那个抱枕！冲我来！"}, {"uid": "931060", "content": "所以我没女朋友是因为我不能飞咯？"}, {"uid": "97340936", "content": "学姐躺枪233333"}, {"uid": "97340936", "content": "就是我了"}, {"uid": "97340936", "content": "2333333333"}, {"uid": "97340936", "content": "来跟我做50个提肛"}, {"uid": "97340936", "content": "他喝的啥……我有不好的预感"}, {"uid": "97340936", "content": "手！"}, {"uid": "97340936", "content": "终极梦想不是结婚吗"}, {"uid": "97340936", "content": "我竟然看懂了火星文"}, {"uid": "4931583", "content": "菊花2333333"}, {"uid": "23169", "content": "今天不就是周五。。。"}, {"uid": "7936294", "content": "卡米亚哈哈哈哈哈哈"}, {"uid": "19346330", "content": "上映了？？？"}, {"uid": "38709754", "content": "哈哈哈哈哈哈卡米亚桑你认真的吗"}, {"uid": "97340936", "content": "谁要看男的腿啦！封面的黑丝呢！"}, {"uid": "4931583", "content": "超好看"}, {"uid": "108198247", "content": "做你女朋友真好！"}, {"uid": "208983215", "content": "哈哈哈哈  我的肚子啊"}, {"uid": "1984680", "content": "有顶天家族不是"}, {"uid": "24353245", "content": "哈哈哈哈哈"}, {"uid": "4931583", "content": "233333333333333"}, {"uid": "97340936", "content": "跌了2333333333"}, {"uid": "8894433", "content": "要让女票飞"}, {"uid": "246588577", "content": "呵，你未来会有女朋友吗【滑稽】"}, {"uid": "2113140", "content": "四叠半OZ？"}, {"uid": "151424606", "content": "封面？"}, {"uid": "97340936", "content": "狗了"}, {"uid": "12024140", "content": "寿老人"}, {"uid": "40232", "content": "有顶天不是汤浅的"}, {"uid": "97340936", "content": "猫汤很好看，推荐大家都去看"}, {"uid": "97340936", "content": "看到那里我也想到学姐断头"}, {"uid": "97340936", "content": "我不是"}, {"uid": "97340936", "content": "饿了"}, {"uid": "4931583", "content": "污"}, {"uid": "97340936", "content": "我刷了3遍！"}, {"uid": "82273269", "content": "对对对！！！一直想这个"}, {"uid": "32406845", "content": "hhhhhhh"}, {"uid": "28057448", "content": "看了！"}, {"uid": "24855511", "content": "hhhhh"}, {"uid": "259118531", "content": "beholder"}, {"uid": "87663948", "content": "233333"}, {"uid": "16769008", "content": "跑马"}, {"uid": "22804930", "content": "……这么好听的声音吗……"}, {"uid": "9852628", "content": "还有这恰到好处的字幕233"}, {"uid": "97340936", "content": "23333333333"}, {"uid": "11901570", "content": "超好看"}, {"uid": "650209", "content": "没看完"}, {"uid": "29294673", "content": "333"}, {"uid": "36746865", "content": "最后一段剧情爆炸哦"}, {"uid": "97340936", "content": "我也想买……"}, {"uid": "97340936", "content": "卧槽我真没看出来"}, {"uid": "97340936", "content": "辣眼睛"}, {"uid": "97340936", "content": "23333333333"}, {"uid": "34557003", "content": "前"}, {"uid": "7702426", "content": "是小津"}, {"uid": "20312", "content": "立白"}, {"uid": "114209582", "content": "好看"}, {"uid": "6478156", "content": "没有说是啊"}, {"uid": "123918", "content": "这个牛仔叫Johnny……四叠半里代表男主的小勾勾"}, {"uid": "37420995", "content": "死心吧这辈子不会有了"}, {"uid": "6922866", "content": "今天不就是周五吗"}, {"uid": "9387480", "content": "转发这条锦鲤~"}, {"uid": "97340936", "content": "我找到女朋友了，也不会飞啊？？？"}, {"uid": "97340936", "content": "我也不是"}, {"uid": "26300776", "content": "打死不火。。。"}, {"uid": "97340936", "content": "前进吧骚年！"}, {"uid": "4931583", "content": "够了"}, {"uid": "34557003", "content": "前"}, {"uid": "25385420", "content": "哇⊙ω⊙厉害了(ง •̀_•́)ง我的台词"}, {"uid": "10340029", "content": "撸"}, {"uid": "368956", "content": "23333333"}, {"uid": "291620", "content": "有顶天家族并不是"}, {"uid": "97340936", "content": "没有"}, {"uid": "24174891", "content": "卡米亚"}, {"uid": "87663948", "content": "哈哈哈哈哈"}, {"uid": "130149675", "content": "5个rmb"}, {"uid": "83276", "content": "看过后确实吹爆"}, {"uid": "223595417", "content": "汤浅政明，怎么说呢，个人色彩非常浓的一个监督"}, {"uid": "223595417", "content": "个人色彩既可以是褒义，也可以是贬义"}, {"uid": "1536493", "content": "说的是原作者。。。有顶天的原作者是森见"}, {"uid": "47261057", "content": "我给这部漫四分美工画面分，剧情分只给一分都嫌多☄☄ฺ"}, {"uid": "156573441", "content": "黑的"}, {"uid": "32372345", "content": "哈哈哈哈哈哈哈哈或或或或或或或或或或或"}, {"uid": "223595417", "content": "没必要吹的爱高也没必要贬的太低"}, {"uid": "223595417", "content": "喜欢的人很喜欢，不喜欢的人很不喜欢，大家仁者见仁，智者见智就好"}]