[{"uid": "5740561", "content": "杰克！！！"}, {"uid": "52040285", "content": "不羁的尾巴"}, {"uid": "10248", "content": "土豪巨巨又把阿比西尼亚猫拉出来遛了"}, {"uid": "12538077", "content": "原来你还活着"}, {"uid": "50985346", "content": "大地之灵"}, {"uid": "96595937", "content": "猝不及防的诈尸"}, {"uid": "699612", "content": "诈尸！"}, {"uid": "2591", "content": "????"}, {"uid": "3606764", "content": "死者苏生"}, {"uid": "117251", "content": "还以为被煮了"}]