[{"uid": "49928682", "content": "脑洞太大"}, {"uid": "49218", "content": "金庸确实是领先业界几十年 NTR傲娇断手之类什么要素都有"}, {"uid": "178691417", "content": "哇哇哇，刚刚我看到了什么？"}, {"uid": "39698398", "content": "交封不杀"}, {"uid": "6900659", "content": "开玩笑，中国的言情小说可是几千年了，比如什么金瓶梅啊肉蒲团啊（雾）"}, {"uid": "26641949", "content": "都tm给我看简介"}, {"uid": "12153668", "content": "厉害了"}, {"uid": "932588", "content": "原来如此23333"}, {"uid": "269285", "content": "随便在s1发的帖子，居然做出mv了，233"}, {"uid": "15339095", "content": "只是做着好玩而已一帮认真党进来了"}, {"uid": "50253279", "content": "可以看出撸主沉迷神雕侠侣不能自拔。"}, {"uid": "102937", "content": "毕竟领先三十年"}, {"uid": "6618393", "content": "会玩"}, {"uid": "4367109", "content": "真是人才"}, {"uid": "4367109", "content": "23333"}, {"uid": "10009494", "content": "夫妇剑士最骚的hhhh"}, {"uid": "12996277", "content": "2333333"}, {"uid": "108168762", "content": "233333333"}, {"uid": "49928682", "content": "厉害了2333"}, {"uid": "300851", "content": "厉害！！！"}, {"uid": "23448851", "content": "这么一说的确好像啊"}, {"uid": "168216300", "content": "233333"}, {"uid": "12153668", "content": "哈哈哈哈"}, {"uid": "21713468", "content": "2333333333333333333333333"}, {"uid": "2170529", "content": "娱乐而已，不看右上"}, {"uid": "6205864", "content": "2333333333333"}, {"uid": "38919380", "content": "哈哈哈哈"}, {"uid": "269285", "content": "随便在s1"}, {"uid": "4598762", "content": "23333333"}, {"uid": "7685770", "content": "233333333"}, {"uid": "11597657", "content": "666"}, {"uid": "37106756", "content": "厉害了"}, {"uid": "23532538", "content": "厉害了"}, {"uid": "37771188", "content": "23333"}, {"uid": "20761132", "content": "无敌"}, {"uid": "32851116", "content": "up主辛苦了"}, {"uid": "49971581", "content": "666666666666666666"}, {"uid": "36525736", "content": "滑稽"}, {"uid": "95129235", "content": "歌还是挺好听的"}, {"uid": "6586371", "content": "强行抄袭，没毛病hhh"}, {"uid": "3944540", "content": "666666666666666666666666666666666"}, {"uid": "69031955", "content": "666666666666"}, {"uid": "45445431", "content": "红红火火恍恍惚惚"}, {"uid": "10009494", "content": "hhh古代没有手机了吧"}, {"uid": "14220557", "content": "广州土著表示来听歌的233"}, {"uid": "95129235", "content": "6666"}, {"uid": "12876609", "content": "这......"}, {"uid": "92102463", "content": "噗"}, {"uid": "65682615", "content": "没有任何意义"}, {"uid": "12486062", "content": "233333333"}, {"uid": "17300711", "content": "太经典了，以前的歌曲真的棒"}, {"uid": "65732857", "content": "一直在看桐亚的只有我吗？"}, {"uid": "6741275", "content": "喂，刚才哪里有很像"}, {"uid": "7516706", "content": "毕竟扭曲论坛"}, {"uid": "10921123", "content": "神似"}, {"uid": "33496273", "content": "10086"}, {"uid": "98758480", "content": "666666666666666666666"}, {"uid": "23285662", "content": "6666"}, {"uid": "39900890", "content": "刚刚的雪花是向上飘的"}, {"uid": "22050094", "content": "666666"}, {"uid": "43894870", "content": "666"}, {"uid": "931060", "content": "泥潭是有多扭曲才会这样"}, {"uid": "321972", "content": "有些人真是KY啊233"}, {"uid": "21187805", "content": "@龙骑士"}, {"uid": "121653746", "content": "charge"}, {"uid": "123488", "content": "金庸老爷子放现在就是卖胃药的，金学"}, {"uid": "3026450", "content": "6666666666"}, {"uid": "1906615", "content": "有趣啊"}, {"uid": "76662982", "content": "66666666666666"}, {"uid": "38549292", "content": "没对比我可能就信了"}, {"uid": "11860516", "content": "2333"}, {"uid": "30739719", "content": "强"}, {"uid": "431596942", "content": "绝对借鉴了，剧情有好多处类似情节"}, {"uid": "10515945", "content": "我赌一包辣条，尹志平那段是须乡"}, {"uid": "95601551", "content": "66666"}, {"uid": "1932654", "content": "强行对比"}, {"uid": "61098191", "content": "表示来听粤语歌的"}, {"uid": "13591834", "content": "没毛病"}, {"uid": "24241343", "content": "6666666"}, {"uid": "95812237", "content": "有什么好比的"}, {"uid": "1523333", "content": "听一首BGM也是足矣"}, {"uid": "98758480", "content": "2333333333333333333333333333333"}, {"uid": "142495483", "content": "34分钟前"}, {"uid": "28572332", "content": "6666666666"}, {"uid": "6992479", "content": "我去 强行剪辑"}, {"uid": "3129527", "content": "100866"}, {"uid": "10325499", "content": "笑死"}, {"uid": "28552644", "content": "66666666666"}, {"uid": "16134143", "content": "hhhhhhhhhhhhhhhhhhhhhhhhhhhhhhhhh"}, {"uid": "177761338", "content": "说没意义的，搞笑娱乐不是意义吗"}, {"uid": "6932137", "content": "这么多玻璃心。。电影不见你买票支持"}, {"uid": "20159564", "content": "啊♂·············"}, {"uid": "68162496", "content": "冒个泡"}, {"uid": "3791558", "content": "..........................这对比。毫无意义.."}]