[{"uid": "237497197", "content": "第二次破产警告"}, {"uid": "67821947", "content": "这只是为了宣传比赛"}, {"uid": "67821947", "content": "你竟然想上石头，而且还是钻石，它那么硬你"}, {"uid": "30887608", "content": "水团"}, {"uid": "30887608", "content": "我要上钻石"}, {"uid": "6992479", "content": "昭和队长大战干闺女亲爹"}, {"uid": "102708116", "content": "庸医超美"}, {"uid": "256367651", "content": "啊啊啊啊啊喜欢这个"}, {"uid": "4905581", "content": "顶爆ITF！"}, {"uid": "362697", "content": "十（2）六（0）"}, {"uid": "37724245", "content": "你说连年霸预定都过期了..."}, {"uid": "6457729", "content": "想看能登配的霸王啊"}, {"uid": "1749177", "content": "低了"}, {"uid": "2454863", "content": "画风好棒"}, {"uid": "2454863", "content": "卡多的问题不在3d上"}, {"uid": "2414632", "content": "不不不，2018年的比赛规则直逼moba"}, {"uid": "1669824", "content": "悟空大战十万天兵天将即视感"}, {"uid": "30775647", "content": "jB学"}, {"uid": "46744858", "content": "谁说的？我就喜欢脆皮组(๑`･ᴗ･´๑)"}, {"uid": "46744858", "content": "？？？说好的20呢？"}, {"uid": "46744858", "content": "我不识字第二季"}, {"uid": "46744858", "content": "…………卡多………第九集以后都跟翔没有区别"}, {"uid": "13866040", "content": "不喜欢"}, {"uid": "13866040", "content": "看了一集就弃了"}, {"uid": "17535999", "content": "承包十四"}, {"uid": "6010846", "content": "这个好看"}, {"uid": "81619135", "content": "看不了"}, {"uid": "421259", "content": "抖S的三话排名呢？"}, {"uid": "11783622", "content": "2星都给多了= ="}, {"uid": "11783622", "content": "这个漫画也看过了 真心是屎= ="}, {"uid": "350205", "content": "辣鸡啊"}, {"uid": "177664", "content": "你说的是全职高手么"}, {"uid": "482893", "content": "屎片"}, {"uid": "774764", "content": "是幻界战线"}, {"uid": "10321101", "content": "能登久违的女主"}, {"uid": "83849", "content": "不不不，比赛就是这样的"}, {"uid": "15731549", "content": "这个后面很致郁……真的"}, {"uid": "233871589", "content": "我不服，鬼灯为什么是17？！"}, {"uid": "15235223", "content": "这睫毛刷可以的_(:з」∠)_"}, {"uid": "88060968", "content": "能登"}, {"uid": "10047742", "content": "我永远喜欢木星.jpg"}, {"uid": "2720213", "content": "好像3星的都还不错"}, {"uid": "6504", "content": "鸦把公司都做破产了"}, {"uid": "80160535", "content": "有个妹子叫夏目……emmm，分分钟跳戏"}, {"uid": "80160535", "content": "昂！对，没错，我要上钻石"}, {"uid": "13144685", "content": "害怕真实"}, {"uid": "73521730", "content": "爽番"}, {"uid": "13591834", "content": "科普:TC的角色还是念jiao 只有SC才是用的jue色"}, {"uid": "15590", "content": "好想看小宫哭啊！撕心裂肺那种！"}, {"uid": "948952", "content": "然后特朗普的S，N，B"}, {"uid": "2513013", "content": "大家终于知道学习了，本阿姨很欣慰"}, {"uid": "172331710", "content": "我就一个印象就是绿。。"}, {"uid": "172331710", "content": "这个我是真的不喜欢看"}, {"uid": "15428646", "content": "这番制作组太能省钱了"}, {"uid": "8436532", "content": "卖萌hhh"}, {"uid": "1959909", "content": "我想看小宫哭.jpg"}, {"uid": "528682", "content": "这个恶心了"}, {"uid": "14029771", "content": "狗屎"}, {"uid": "114034408", "content": "有玛奇，真的"}, {"uid": "8185224", "content": "88"}, {"uid": "8185224", "content": "第一集上板堇配音有失水准"}, {"uid": "8185224", "content": "乌拉哈啦？"}, {"uid": "20809063", "content": "顶这个"}, {"uid": "904506", "content": "完"}, {"uid": "615355", "content": "十（二）六（十）"}, {"uid": "11630718", "content": "狗血剧"}, {"uid": "30887608", "content": "哇，钻石"}, {"uid": "1758599", "content": "我看你是故意为难我卡多"}, {"uid": "18184518", "content": "那是‘治愈’片"}, {"uid": "4931583", "content": "顶"}, {"uid": "35973127", "content": "？？20？"}, {"uid": "30887608", "content": "我永远喜欢钻石小姐姐"}, {"uid": "8231093", "content": "这部超好看！！！！！但是人超少，强烈安利！！！！！！"}, {"uid": "362697", "content": "卡多是剧情崩啊，不是制作的锅"}, {"uid": "11939546", "content": "想上钻石"}, {"uid": "1984680", "content": "和月色真美一样崩 果然这种题材筹不到钱"}, {"uid": "2815374", "content": "哇~好前排啊"}, {"uid": "8185224", "content": "还有辰砂"}, {"uid": "8185224", "content": "我永远喜欢钻石.jpg"}, {"uid": "2454863", "content": "3d挺惊艳的"}, {"uid": "26785800", "content": "啊啊啊啊"}, {"uid": "8329185", "content": "简称J B"}, {"uid": "728990", "content": "强行20"}, {"uid": "822548", "content": "崩吧、、已经不care了，剧情人设真好看"}, {"uid": "33275042", "content": "..."}, {"uid": "8231093", "content": "这部超好看！！！！！但是人超少，强烈安利！！！！"}, {"uid": "102708116", "content": "但是磷最后真的看不下去啊，换手换腿的"}, {"uid": "4479650", "content": "这番给PA做多好。"}, {"uid": "8169725", "content": "三月的狮子呢"}, {"uid": "66759216", "content": "？？？"}, {"uid": "67821947", "content": "只是血腥没剧情"}, {"uid": "30887608", "content": "钻石"}, {"uid": "8231093", "content": "这部超好看！！！！！但是人超少，强烈安利！！！！！"}, {"uid": "20351198", "content": "别说了，南极石已经凉了"}, {"uid": "64903", "content": "这个挺不错的"}, {"uid": "84128885", "content": "可惜我不喜欢日常番"}, {"uid": "290235", "content": "S1不识数！"}, {"uid": "421259", "content": "S.O.B!"}, {"uid": "535813", "content": "20？16？"}, {"uid": "20505902", "content": "我看你就是看不起我卡多，卡多天下第一（lan"}, {"uid": "1426557", "content": "卡多那3d其实还行，就是后期剧情..."}, {"uid": "81433818", "content": "超级虐心"}, {"uid": "13347921", "content": "一小时前"}, {"uid": "8436532", "content": "扭曲极了"}, {"uid": "728990", "content": "JB学"}, {"uid": "4931583", "content": "剧情有看点，作画真的崩"}, {"uid": "8185224", "content": "芳文社BG？"}, {"uid": "43912888", "content": "我喜欢双子啊"}, {"uid": "5897311", "content": "你们是不是要把所有玩笑话都当真然后批判一顿"}, {"uid": "26785800", "content": "咦？"}, {"uid": "12047777", "content": "食戟之灵呢"}, {"uid": "17847004", "content": "卡多前三级我也挺惊喜的"}, {"uid": "1539531", "content": "鸭田一个人就够了，比村什么的。。。。。。"}, {"uid": "80160535", "content": "说20打16???"}, {"uid": "220091", "content": "卡多制作可以，不然开播时也不会有那么多人安利，问题是后期剧情。。"}, {"uid": "2235524", "content": "角jue色"}, {"uid": "48473624", "content": "我要上钻石"}, {"uid": "13591834", "content": "这个蜜汁3D。。。颇有国产动画的风味"}, {"uid": "165138", "content": "讲道理卡多技术上没啥问题吧"}, {"uid": "4598762", "content": "这排名还真有点老年感，倒是也有用"}, {"uid": "24927018", "content": "刚刚"}, {"uid": "23169", "content": "贾斯丁比克斯"}, {"uid": "6198792", "content": "卡多最后讲宇宙起源的时候的3D还是没得说的"}, {"uid": "20505902", "content": "嗯，卡多除了制作其他都不能看"}, {"uid": "6504", "content": "前面几集还好，后面就有点过于狗血琼瑶了"}, {"uid": "9140028", "content": "我永远喜欢辰砂"}, {"uid": "286462", "content": "不然什么叫扭曲"}, {"uid": "728990", "content": "我喜欢FOS啊"}, {"uid": "904506", "content": "撒马特"}, {"uid": "66759216", "content": "十（er）六（shi）"}, {"uid": "37992188", "content": "芳文你飘了"}, {"uid": "41595548", "content": "打call"}]