[{"uid": "168230336", "content": "元首最开始的梦想是画画"}, {"uid": "254669727", "content": "这得喝了多少饮料啊"}, {"uid": "254669727", "content": "日常被防空炮大队招待"}, {"uid": "138815077", "content": "2333333笑死"}, {"uid": "100820537", "content": "666"}, {"uid": "10281682", "content": "制裁"}, {"uid": "83276", "content": "元首回来了"}, {"uid": "445091", "content": "元首的非日常"}, {"uid": "39221520", "content": "片名：希特勒回来了"}, {"uid": "35816672", "content": "bgm 好评！  "}, {"uid": "38574867", "content": "哈哈哈哈哈哈哈哈哈哈"}, {"uid": "30259127", "content": "233333333333333333"}, {"uid": "213884701", "content": "那么圆神，我想买麻美"}, {"uid": "33373353", "content": "打野大爷可以开挂了"}, {"uid": "3670421", "content": "有些东西不是没有界线的"}, {"uid": "4149825", "content": "此时光剑应该改成平底锅"}, {"uid": "144096235", "content": "幸运星bgm"}, {"uid": "10573271", "content": "卡在了不得了的地方"}, {"uid": "11874795", "content": "@秦川"}, {"uid": "85718811", "content": "求啊"}, {"uid": "85718811", "content": " 这到底是啥漫画？？？"}, {"uid": "5271421", "content": "昨天，今天以及永远"}, {"uid": "5271421", "content": "出现了一个奇迹"}, {"uid": "5271421", "content": "一场看似不可能的相遇"}, {"uid": "1903649", "content": "6666666666666"}, {"uid": "16542921", "content": "woc心疼刹那"}, {"uid": "16868601", "content": "拖延症对文字创作者就是一场噩梦，"}, {"uid": "16645046", "content": "666"}, {"uid": "65688248", "content": "23333333"}, {"uid": "4161743", "content": "我也以为是谜叔。。"}, {"uid": "2408178", "content": "我是来求本子的"}, {"uid": "4074715", "content": "刚才的天猫好鬼畜"}, {"uid": "605096", "content": "没有下半场了"}, {"uid": "41043558", "content": "电影名字现代的是：希特勒回来了。二战的是：帝国毁灭"}, {"uid": "73860940", "content": "66666666666666666666666666666666666666666666666666666666666666666666666666666666666666666"}, {"uid": "2146866", "content": "哎哎哎我怎么听到迷叔的声音了"}, {"uid": "817753", "content": "6666666"}, {"uid": "105668142", "content": "五毛钱的特效"}, {"uid": "104948523", "content": "可以这黑的强无敌"}, {"uid": "104948523", "content": "本子强啊"}, {"uid": "104948523", "content": "催更催更"}, {"uid": "104948523", "content": "ss晾支持哇"}, {"uid": "5277158", "content": "右上  风见雄二  灰色三部曲主角"}, {"uid": "7244760", "content": "啊啊啊啊胡一铲拯救世界"}, {"uid": "162731875", "content": "给大佬跪了"}, {"uid": "240318757", "content": "哈哈哈毫无违和感"}, {"uid": "202277585", "content": "都是挂B，神仙打架"}, {"uid": "6696", "content": "剑姬"}, {"uid": "34549750", "content": "阿婆主是个人才系列"}, {"uid": "21394814", "content": "666666666666666666"}, {"uid": "518290", "content": "@乔治啊啊马丁"}, {"uid": "13168142", "content": "233333"}, {"uid": "141499044", "content": "公主法则233"}, {"uid": "87409148", "content": "我去"}, {"uid": "87409148", "content": "啊。。。我的王之力"}, {"uid": "34082153", "content": "666"}, {"uid": "14327192", "content": "23333333333"}, {"uid": "14327192", "content": "下方小剧场"}, {"uid": "39769512", "content": "富坚老贼"}, {"uid": "30128256", "content": "胡一铲好帅"}, {"uid": "4598762", "content": "233333333"}, {"uid": "4598762", "content": "666666"}, {"uid": "4598762", "content": "666666"}, {"uid": "2025978", "content": "大嫌いだ"}, {"uid": "931062", "content": "哈哈哈哈画便器还行"}, {"uid": "14730", "content": "真是难以拒绝的收藏+关注阿~"}, {"uid": "11783622", "content": "233333333333333333"}, {"uid": "23060119", "content": "我信了你的邪喲"}, {"uid": "1498811", "content": "666"}, {"uid": "11256937", "content": "小圆，不好的预感，学姐又双叒叕……"}, {"uid": "6101982", "content": "万能德语/滑稽"}, {"uid": "6101982", "content": "双声道，戴好耳机"}, {"uid": "314399", "content": "斯大林"}, {"uid": "314399", "content": "渣渣"}, {"uid": "314399", "content": "求本子名字"}, {"uid": "314399", "content": "华语第一梨坛"}, {"uid": "314399", "content": "66666666"}, {"uid": "13071474", "content": "233333"}, {"uid": "314399", "content": "23333333啥都有啊"}, {"uid": "17839887", "content": "被节目耽误的鬼畜大触"}, {"uid": "1659841", "content": "哈哈哈大嫌いだ"}, {"uid": "1659841", "content": "哈哈哈哈哈哈"}, {"uid": "4262111", "content": "23333333333"}, {"uid": "290235", "content": "这个厉害hhhh"}, {"uid": "102524003", "content": "冬木车神上线"}, {"uid": "8569410", "content": "左右声道真是绝了"}, {"uid": "236077", "content": "神同步"}, {"uid": "236077", "content": "666666"}, {"uid": "7417669", "content": "刚刚元首讲日语“最讨厌了”"}, {"uid": "6396199", "content": "闻到味道。。。"}, {"uid": "8436532", "content": "画便器233333"}, {"uid": "4261481", "content": "这不是调教咖啡厅的声音吗hhhh"}, {"uid": "4322313", "content": "卖货郎还行"}, {"uid": "13629", "content": "你就这么爱画画吗你这个小画家"}, {"uid": "589088", "content": "一口老血吐出来"}, {"uid": "589088", "content": "=3=神秘的打码"}, {"uid": "2720213", "content": "双12.。。"}, {"uid": "3293409", "content": "未来日记"}, {"uid": "315062", "content": "元首复活那个2333"}, {"uid": "518290", "content": "元首回来了么233"}, {"uid": "30613678", "content": "毫无ps感2333"}, {"uid": "12784502", "content": "那部是黑色幽默戲呀"}, {"uid": "11851285", "content": "2333333333333333333"}, {"uid": "754173", "content": "华语第一err论坛"}, {"uid": "38658400", "content": "左右声道骚的死"}, {"uid": "2615324", "content": "谜之声666"}, {"uid": "7952986", "content": "哈哈哈哈哈"}, {"uid": "751240", "content": "大天使真是天使"}, {"uid": "787349", "content": "想起了阿良良木历"}, {"uid": "207505293", "content": "求元首这部电影名字！！"}, {"uid": "16909585", "content": "⊙∀⊙！"}, {"uid": "111184120", "content": "要不是我听得懂就要被他骗了"}, {"uid": "85946904", "content": "前前前世"}, {"uid": "97340936", "content": "小米平衡车666666"}, {"uid": "97340936", "content": "斯大林"}, {"uid": "97340936", "content": "喷了"}, {"uid": "97340936", "content": "元首啊"}, {"uid": "97340936", "content": "这个啥本子"}, {"uid": "97340936", "content": "2333333"}, {"uid": "97340936", "content": "哈哈哈哈"}, {"uid": "97340936", "content": "err同款笑容，你值得拥有。"}, {"uid": "13591834", "content": "2333333"}, {"uid": "38540436", "content": "你的元首"}, {"uid": "5897311", "content": "不愧是梨坛..."}, {"uid": "143685136", "content": "毫无ps痕迹"}, {"uid": "5271421", "content": "即将上映于影院"}, {"uid": "12896700", "content": "这是什么番！"}, {"uid": "20016330", "content": "承包胡一铲！！！！！！"}, {"uid": "38241992", "content": "黑子！！！"}, {"uid": "11740098", "content": "东乡啊啊啊"}, {"uid": "24807258", "content": "p5z天下第一"}, {"uid": "32169938", "content": "我玩了假的吃鸡。。。。"}, {"uid": "237564921", "content": "姐姐嗓子好了吗"}, {"uid": "10832472", "content": "画便器吗23333@孙渣"}, {"uid": "20658645", "content": "神仙打架"}, {"uid": "20312", "content": "男高呢"}, {"uid": "6637405", "content": "成盒落地"}, {"uid": "22770387", "content": "要荒野上steam是需要代价的"}, {"uid": "3791558", "content": "刚刚看到了胡一铲"}, {"uid": "97340936", "content": "神同步"}, {"uid": "97340936", "content": "笑死了"}, {"uid": "97340936", "content": "落地成盒"}, {"uid": "13591834", "content": "好险我听得懂"}, {"uid": "12350556", "content": "过气(￣▽￣)\""}, {"uid": "14991673", "content": "p5 bgm"}, {"uid": "35704450", "content": "p5天下第一"}, {"uid": "1828533", "content": "P5天下第一！"}, {"uid": "36999027", "content": "欺负我不懂日语"}, {"uid": "18568362", "content": "切丝来炸飞机"}, {"uid": "35708208", "content": "333333"}, {"uid": "16868601", "content": "即将交稿而我确在这里看视频╮(╯﹏╰）╭"}, {"uid": "4180128", "content": "收藏了"}, {"uid": "207780", "content": "还有黑五呢，各位！"}, {"uid": "10908827", "content": "p5天下第一"}, {"uid": "36746865", "content": "电影是《希特勒回来了》"}, {"uid": "11442988", "content": "胡一铲"}, {"uid": "535813", "content": "It's time~~"}, {"uid": "62948866", "content": "～2333333"}, {"uid": "314399", "content": "忍不住要笑"}, {"uid": "3125042", "content": "404收藏我都不忍心"}, {"uid": "6517629", "content": "加油加油！"}, {"uid": "13144685", "content": "这tm就是挂啊！"}, {"uid": "22244290", "content": "司波打野，不给就送"}, {"uid": "51552166", "content": "好像是 希特勒回来了"}, {"uid": "11851285", "content": "hhhhhhhhhhhhhhhhhhhhhh"}, {"uid": "32484861", "content": "丧尸模式"}, {"uid": "3915304", "content": "落地成盒"}, {"uid": "33528346", "content": "为圆神发个弹幕"}, {"uid": "97340936", "content": "还有双十二666"}, {"uid": "97340936", "content": "翻车了6"}, {"uid": "16096759", "content": "哈哈哈哈哈哈哈"}, {"uid": "20990249", "content": "66666666666666"}, {"uid": "459618", "content": "PRPRPRP"}, {"uid": "35708208", "content": "0233333333"}, {"uid": "26912673", "content": "无敌平底锅"}, {"uid": "179022", "content": "太太的车技"}, {"uid": "89606669", "content": "哈哈哈哈哈、"}, {"uid": "6005078", "content": "-125%什么鬼！"}, {"uid": "11783622", "content": "@白箱"}, {"uid": "44038879", "content": "23333"}, {"uid": "34126143", "content": "哈哈"}, {"uid": "32933630", "content": "？？？"}, {"uid": "314399", "content": "天猫广告吗"}, {"uid": "314399", "content": "这是梦想啊！"}, {"uid": "1659841", "content": "帝国的毁灭？好像是"}, {"uid": "37635480", "content": "谜叔2333"}, {"uid": "7729829", "content": "很棒"}, {"uid": "34025311", "content": "前面的，电影名：帝国的毁灭"}, {"uid": "28464060", "content": "胡一。。。。锅？"}, {"uid": "315062", "content": "233333333333333333"}, {"uid": "96844040", "content": "??????"}, {"uid": "48574685", "content": "一个小时前"}, {"uid": "6877896", "content": "心疼。。"}, {"uid": "10892169", "content": "要上咯，joker"}, {"uid": "3915304", "content": "66666666666666"}, {"uid": "3915304", "content": "噗"}, {"uid": "97340936", "content": "哈哈哈哈"}, {"uid": "97340936", "content": "马里奥……"}, {"uid": "36271608", "content": "hahaha"}, {"uid": "6252789", "content": "PRPR"}, {"uid": "8075834", "content": "23333333"}, {"uid": "35708208", "content": "233333333"}, {"uid": "29755", "content": "？？？"}, {"uid": "97340936", "content": "还好懂日文"}, {"uid": "535813", "content": "战斗音乐wwwww"}, {"uid": "2454154", "content": "haha"}, {"uid": "1498811", "content": "233333"}, {"uid": "34126143", "content": "哈哈"}, {"uid": "314399", "content": "233333333"}, {"uid": "314399", "content": "舞空术呢？"}, {"uid": "10519670", "content": "p5真好听"}, {"uid": "7729829", "content": "哈哈哈"}, {"uid": "28758283", "content": "司波打野不给就送"}, {"uid": "3237495", "content": "23333"}, {"uid": "97340936", "content": "哈哈哈哈"}, {"uid": "254669727", "content": "可以"}, {"uid": "15076917", "content": "6666"}, {"uid": "12613468", "content": "改名字吧"}, {"uid": "12613468", "content": "666"}, {"uid": "213884701", "content": "心疼我焰"}, {"uid": "82242368", "content": "2333333"}, {"uid": "2019621", "content": "23333"}, {"uid": "13598235", "content": "这里是什么动漫"}, {"uid": "817753", "content": "66666"}, {"uid": "131559788", "content": "下面"}, {"uid": "104948523", "content": "66666666"}, {"uid": "7641390", "content": "UP是个人才啊"}, {"uid": "179293504", "content": "啧啧啧"}, {"uid": "89606669", "content": "6666666666666"}, {"uid": "878755", "content": "胡一铲！"}, {"uid": "86906526", "content": "要火"}, {"uid": "596426", "content": "ぼく"}, {"uid": "4598762", "content": "2333333333"}, {"uid": "11783622", "content": "还好我听得懂"}, {"uid": "11783622", "content": "233333"}, {"uid": "1629722", "content": "谜叔！"}, {"uid": "694892", "content": "艾斯一中年人居然玩这种辣鸡游戏？"}, {"uid": "314399", "content": "哈哈哈哈"}, {"uid": "314399", "content": "给你给你"}, {"uid": "314399", "content": "喷了"}, {"uid": "589088", "content": "哇 最后下场都是钱包爆炸"}, {"uid": "7213861", "content": "真是扭曲啊"}, {"uid": "21403280", "content": "6666"}, {"uid": "96844040", "content": "厉害了啊"}, {"uid": "194351983", "content": "6666"}, {"uid": "311909", "content": "灰色！"}, {"uid": "109838955", "content": "太早来没弹幕？"}, {"uid": "97340936", "content": "我也是这样拖呢，不到最后不完工"}, {"uid": "97340936", "content": "抢跑了啊"}, {"uid": "238420", "content": "喷了"}, {"uid": "254669727", "content": "我靠"}, {"uid": "38574867", "content": "豆丁！"}, {"uid": "18404671", "content": "噗"}, {"uid": "5271421", "content": "Untergang"}, {"uid": "3905095", "content": "↑这个是出自哪个动漫的？"}, {"uid": "7911613", "content": "吃鸡"}, {"uid": "13598235", "content": "这里是什么动漫"}, {"uid": "5993006", "content": "P5天下第一"}, {"uid": "104948523", "content": "666666"}, {"uid": "95060796", "content": "哈慈"}, {"uid": "21814443", "content": "胡桃"}, {"uid": "21814443", "content": "神仙"}, {"uid": "255360", "content": "@孙渣"}, {"uid": "13764075", "content": "切嗣哈哈哈"}, {"uid": "535813", "content": "P5天下第一！"}, {"uid": "11783622", "content": "王之力"}, {"uid": "224626787", "content": "怕不是拱墅驾校毕业的"}, {"uid": "1498811", "content": "火不火真是门玄学"}, {"uid": "11256937", "content": "g胖"}, {"uid": "314399", "content": "突然老中医"}, {"uid": "314399", "content": "2333333"}, {"uid": "314399", "content": "挂"}, {"uid": "32804063", "content": "23333"}, {"uid": "20312", "content": "胡一铲"}, {"uid": "12784502", "content": "我也想要圓神的制裁"}, {"uid": "14923582", "content": "6666"}, {"uid": "2615324", "content": "承包圆神"}, {"uid": "11781314", "content": "我举报他开挂了！！能看到弹道！！！"}, {"uid": "85199927", "content": "6666"}, {"uid": "150668937", "content": "没看过小圆的我真信了"}, {"uid": "47433415", "content": "233"}, {"uid": "97340936", "content": "23333"}, {"uid": "243800158", "content": "wihte？"}, {"uid": "28048874", "content": "胡一铲"}, {"uid": "121211365", "content": "我举报打野开挂"}, {"uid": "109150575", "content": "23333"}, {"uid": "2913606", "content": "p5天下第一"}, {"uid": "5271421", "content": "Der"}, {"uid": "7984542", "content": "6666666"}, {"uid": "518222", "content": "嗯，我不会日语！！你说的都对！！"}, {"uid": "85439301", "content": "京东给了你多少钱说吧"}, {"uid": "15796974", "content": "6b继续哦"}, {"uid": "745055", "content": "P5天下第一"}, {"uid": "67202028", "content": "动漫吃鸡"}, {"uid": "95227662", "content": "up你真特么是个人才"}, {"uid": "4598762", "content": "666666"}, {"uid": "1498811", "content": "不错的视频为啥没人看？"}, {"uid": "6478156", "content": "华语第一过气论坛"}, {"uid": "3915304", "content": "2333333333333"}, {"uid": "5370666", "content": "persona!"}, {"uid": "1572834", "content": "p5？"}, {"uid": "97340936", "content": "诸葛惠"}, {"uid": "97340936", "content": "平底锅"}, {"uid": "6021", "content": "P5天下第一"}, {"uid": "6021", "content": "1"}, {"uid": "106334227", "content": "风夏你死的好惨！"}, {"uid": "88402740", "content": "吃鸡？"}, {"uid": "243947547", "content": "1111"}, {"uid": "6252789", "content": "番名：PrincessPrincipal"}, {"uid": "20617726", "content": "999999"}, {"uid": "2201775", "content": "66666666"}, {"uid": "22657016", "content": "这投错区了吧"}, {"uid": "179293504", "content": "6666666666666666"}, {"uid": "33149342", "content": "666666"}, {"uid": "27784237", "content": "趁没人抱走圆神"}, {"uid": "2220185", "content": "梨潭"}, {"uid": "22870445", "content": "P5天下第一"}, {"uid": "314399", "content": "耶"}, {"uid": "314399", "content": "平底锅……"}, {"uid": "209582795", "content": "666"}, {"uid": "22244290", "content": "三星bomb7"}, {"uid": "10285090", "content": "666666"}, {"uid": "24818955", "content": "1"}, {"uid": "4719846", "content": "P5天下第一"}, {"uid": "15871106", "content": "........."}, {"uid": "97340936", "content": "老中医啊"}, {"uid": "10921819", "content": "真.神仙打架"}, {"uid": "557284", "content": "挂B啊"}, {"uid": "39140083", "content": "收藏收藏"}, {"uid": "185429505", "content": "6"}, {"uid": "100820537", "content": "666"}, {"uid": "12613468", "content": "赞"}, {"uid": "73860940", "content": "66666666666666666666666666666666666666666666666666666666666"}, {"uid": "25342793", "content": "女神异闻录的bgm"}, {"uid": "6877896", "content": "6666"}, {"uid": "5963856", "content": "我老婆"}, {"uid": "38574867", "content": "承包黑子！！！！！！！！！！！！！"}, {"uid": "112877682", "content": "有挂B，举报举报！！233333333"}, {"uid": "15076931", "content": "taijian"}, {"uid": "2220185", "content": "垃圾狗东"}]