[{"uid": "15328229", "content": "异度吹爆"}, {"uid": "3403521", "content": "异度风情"}, {"uid": "3403521", "content": "我手机铃声响了……"}, {"uid": "20131566", "content": "论pv看到吐"}, {"uid": "2651426", "content": "噗"}, {"uid": "23204769", "content": "好像啊"}, {"uid": "685231", "content": "当初满大街的唱片店和商场都放的雨蝶，洗脑的不行……"}, {"uid": "685231", "content": "一猜就会有这首，大爱"}, {"uid": "685231", "content": "打字机打出钢琴的感觉……"}, {"uid": "685231", "content": "坐等RE:0第二季……"}, {"uid": "37990412", "content": "发动魔法卡“我觉得不行”"}, {"uid": "69679210", "content": "woc"}, {"uid": "69679210", "content": "woc，机械纪元"}, {"uid": "6523676", "content": "人 类 圣 经"}, {"uid": "6523676", "content": "ん？"}, {"uid": "148194493", "content": "可以可以"}, {"uid": "6171236", "content": "异度传说"}, {"uid": "153079", "content": "第五才对吧"}, {"uid": "153079", "content": "可能性の紫"}, {"uid": "11400", "content": "<——前面那知道“国xxxx歌”是什么意思吗?"}, {"uid": "8231250", "content": "异度2！！"}, {"uid": "14886173", "content": "独角兽毁灭模式开启"}, {"uid": "14886173", "content": "毁灭模式开启"}, {"uid": "14886173", "content": "哈哈哈哈哈(ಡωಡ)"}, {"uid": "36580652", "content": "感觉眼神都犀利了起来"}, {"uid": "23078657", "content": "2333333333"}, {"uid": "23078657", "content": "hhhh日本奇幻之父"}, {"uid": "25898553", "content": "肯定原版好啊，女主敲按键的节奏和钢琴是一样的"}, {"uid": "145561865", "content": "来了，我大xb2"}, {"uid": "22197006", "content": "违和感十足"}, {"uid": "22197006", "content": "可以，除了开头"}, {"uid": "37212481", "content": "太违和了吧"}, {"uid": "14884041", "content": "8w8"}, {"uid": "14884041", "content": "吾王"}, {"uid": "14884041", "content": "@誠哥"}, {"uid": "14884041", "content": "6666666666"}, {"uid": "14884041", "content": "Ok"}, {"uid": "14884041", "content": "8w8"}, {"uid": "14884041", "content": "國歌"}, {"uid": "14884041", "content": "去病"}, {"uid": "14884041", "content": "站好"}, {"uid": "14884041", "content": "不"}, {"uid": "14884041", "content": "雞塊獸！"}, {"uid": "14884041", "content": "神了"}, {"uid": "14884041", "content": "@紅A"}, {"uid": "14884041", "content": "有feel"}, {"uid": "14884041", "content": "Ok"}, {"uid": "14884041", "content": "違和感太高"}, {"uid": "14884041", "content": "不"}, {"uid": "14884041", "content": "不"}, {"uid": "14884041", "content": "6666666666"}, {"uid": "14884041", "content": "....."}, {"uid": "14884041", "content": "不不"}, {"uid": "14884041", "content": "我圓最高"}, {"uid": "82354442", "content": "泥潭会玩"}, {"uid": "82354442", "content": "看完了，谁还记得原版？？？"}, {"uid": "82354442", "content": "233333"}, {"uid": "82354442", "content": "很好"}, {"uid": "82354442", "content": "听到这个 忍不住"}, {"uid": "82354442", "content": "节奏对上了   但好违和"}, {"uid": "82354442", "content": "违和爆炸"}, {"uid": "82354442", "content": "很好啊"}, {"uid": "82354442", "content": "歌好听"}, {"uid": "82354442", "content": "可以"}, {"uid": "49698118", "content": "有何意义，我不信哪个比原版好，原版无敌"}, {"uid": "49698118", "content": "违和爆炸"}, {"uid": "27633213", "content": "神奇的万用打字机"}, {"uid": "49971581", "content": "你们的梦想有多大！"}, {"uid": "28262234", "content": "wtf"}, {"uid": "37731929", "content": "为吾王刷一波"}, {"uid": "37731929", "content": "感觉不搭"}, {"uid": "37731929", "content": "听到这个 忍不住"}, {"uid": "96518822", "content": "ok"}, {"uid": "136529", "content": "不行a"}, {"uid": "136529", "content": "我觉得不行"}, {"uid": "136529", "content": "不行"}, {"uid": "136529", "content": "ok、"}, {"uid": "136529", "content": "可以"}, {"uid": "136529", "content": "ok"}, {"uid": "136529", "content": "no"}, {"uid": "136529", "content": "2333333333"}, {"uid": "136529", "content": "我觉得不行；"}, {"uid": "136529", "content": "233333333"}, {"uid": "136529", "content": "我觉得不行"}, {"uid": "9172533", "content": "我乌龟啊～～"}, {"uid": "9172533", "content": "千年的女鬼～～"}, {"uid": "9172533", "content": "的女鬼啊～～～"}, {"uid": "9172533", "content": "千年的女鬼～"}, {"uid": "4867828", "content": "老婆快到我床上来，冬天 床冷，快来暖暖。"}, {"uid": "4867828", "content": "打字兽超进化————暖床兽"}, {"uid": "77121", "content": "有毒吧"}, {"uid": "77121", "content": "可以啊"}, {"uid": "77121", "content": "大片感"}, {"uid": "77121", "content": "毫无违和"}, {"uid": "2965629", "content": "你们知道京阿尼有多努力吗！"}, {"uid": "2965629", "content": "我gosick！"}, {"uid": "25554564", "content": "我觉得OK。。。。"}, {"uid": "25554564", "content": "热血番hahahaha。。。。"}, {"uid": "822210", "content": "woc"}, {"uid": "822210", "content": "国歌"}, {"uid": "822210", "content": "水果篮子……久远的记忆"}, {"uid": "33746802", "content": "泥潭黑话真多"}, {"uid": "822210", "content": "亚丝娜救我"}, {"uid": "7663655", "content": "恶魔人配紫罗兰也是灵性"}, {"uid": "33195741", "content": "专门来听这个的"}, {"uid": "33195741", "content": "这个挺搭的"}, {"uid": "33195741", "content": "感觉人的动作都变敏捷了"}, {"uid": "33195741", "content": "这个风格很不错"}, {"uid": "12157978", "content": "原曲好弱"}, {"uid": "12157978", "content": "正片！"}, {"uid": "12157978", "content": "歐買嘎"}, {"uid": "12157978", "content": "贏了"}, {"uid": "12157978", "content": "我   京   無   敵"}, {"uid": "12157978", "content": "人   類   射   精"}, {"uid": "12157978", "content": "可能性の8e8"}, {"uid": "12157978", "content": "可以"}, {"uid": "12157978", "content": "應該搭swordland那一段"}, {"uid": "12157978", "content": "viva la sawano"}, {"uid": "12157978", "content": "很可以"}, {"uid": "12157978", "content": "萬用"}, {"uid": "12157978", "content": "很搭"}, {"uid": "12157978", "content": "www"}, {"uid": "12157978", "content": "萬用之歌"}, {"uid": "12157978", "content": "秒變fate"}, {"uid": "12157978", "content": "可以"}, {"uid": "12157978", "content": "aimer加成"}, {"uid": "12157978", "content": "GG"}, {"uid": "5184", "content": "前面高能"}, {"uid": "5184", "content": "发现游戏曲都超兼容啊"}, {"uid": "389750", "content": "虽然尽力剪辑了，但是还很好笑"}, {"uid": "7205368", "content": "咖啡苏打呢？"}, {"uid": "342197", "content": "Why are we still here?just to suffer?"}, {"uid": "342197", "content": "嗯？"}, {"uid": "342197", "content": "喷了"}, {"uid": "7330795", "content": "合金装备吗"}, {"uid": "7330795", "content": "绝了"}, {"uid": "7330795", "content": "hhhh"}, {"uid": "7330795", "content": "k社的歌，京阿尼的画"}, {"uid": "7330795", "content": "我就知道后面是晓之车"}, {"uid": "8982710", "content": "还是原版好"}, {"uid": "7330795", "content": "敬礼"}, {"uid": "37101162", "content": "流向改变"}, {"uid": "15047179", "content": "我觉得不行"}, {"uid": "15047179", "content": "妈耶，是时候为gosick刷一发弹幕了"}, {"uid": "102937", "content": "女主同声优"}, {"uid": "102937", "content": "女主声优石川由依"}, {"uid": "44390", "content": "突然间就变成青春恋爱题材了"}, {"uid": "100346", "content": "KOS-MOS"}, {"uid": "100346", "content": "异度传说的，游戏主机上的"}, {"uid": "89691373", "content": "nononono！！！"}, {"uid": "89691373", "content": "停停停！住手！我已经忘记原版了。"}, {"uid": "89691373", "content": "美和美的东西合在一起有点违和"}, {"uid": "74944811", "content": "呀咩咯"}, {"uid": "74944811", "content": "卧槽？？？"}, {"uid": "74944811", "content": "我觉得OK"}, {"uid": "3335664", "content": "毫无违和感"}, {"uid": "18366856", "content": "孤独的巡礼"}, {"uid": "7863046", "content": "这个真的吊"}, {"uid": "110707533", "content": "瞬间笑炸"}, {"uid": "20672966", "content": "这样万能的打字机我也想来一台"}, {"uid": "110215571", "content": "可以"}, {"uid": "110215571", "content": "我觉得可以"}, {"uid": "20672966", "content": "悲～伤~"}, {"uid": "20672966", "content": "这个不错"}, {"uid": "20672966", "content": "BGM炸出来（"}, {"uid": "6457848", "content": "节奏对上了"}, {"uid": "315062", "content": "居然有这个"}, {"uid": "6457848", "content": "整个画风都不对了23333"}, {"uid": "102937", "content": "今年最佳游戏配乐候补"}, {"uid": "2528223", "content": "一   转   攻   势"}, {"uid": "315062", "content": "233333333333"}, {"uid": "315062", "content": "国歌"}, {"uid": "315062", "content": "略违和"}, {"uid": "315062", "content": "种命都没有弹幕了233"}, {"uid": "3978527", "content": "不行"}, {"uid": "74353839", "content": "=-="}, {"uid": "435796", "content": "没毛病"}, {"uid": "435796", "content": "毫无违和感"}, {"uid": "8184660", "content": "哎呦不行不行"}, {"uid": "8184660", "content": "这个好棒"}, {"uid": "8436532", "content": "2B！"}, {"uid": "8436532", "content": "这个好"}, {"uid": "8184660", "content": "风格本来就像"}, {"uid": "8184660", "content": "还有这个啊"}, {"uid": "8436532", "content": "ん？"}, {"uid": "8184660", "content": "维包子"}, {"uid": "8184660", "content": "这个ok"}, {"uid": "8436532", "content": "是不是快了？"}, {"uid": "8436532", "content": "完全胜利"}, {"uid": "8184660", "content": "打字机兽进化"}, {"uid": "8184660", "content": "这个可以"}, {"uid": "8436532", "content": "霸权之歌"}, {"uid": "8436532", "content": "违和了"}, {"uid": "25750873", "content": "正戏到了"}, {"uid": "8184660", "content": "有种女主怒开无限剑制的感觉"}, {"uid": "7308298", "content": "key社二连"}, {"uid": "8184660", "content": "热血战斗番。。"}, {"uid": "13118369", "content": "违和感好大，高潮画面配低潮音乐，低潮音乐配高潮画面"}, {"uid": "1891459", "content": "14果然棒"}, {"uid": "1891459", "content": "11这个可以"}, {"uid": "7857727", "content": "剪一下，完美"}, {"uid": "7857727", "content": "教练 他开挂"}, {"uid": "15135433", "content": "魔卡少女樱是上个世纪的，本世纪霸权一定是京紫"}, {"uid": "7857727", "content": "战斗番即视感"}, {"uid": "40101950", "content": "欧洲系列，毫无违和感"}, {"uid": "1114287", "content": "这首太磅礴了，其实不是很搭PV"}, {"uid": "40101950", "content": "莫名配一脸"}, {"uid": "40101950", "content": "可以可以"}, {"uid": "83849", "content": "感觉原曲也并不是太配了"}, {"uid": "1114287", "content": "这个可以的"}, {"uid": "59267", "content": "喵了个咪"}, {"uid": "59267", "content": "天哪"}, {"uid": "1114287", "content": "太违和了喂！"}, {"uid": "56413", "content": "怎么突然就加戏了！"}, {"uid": "83849", "content": "喷了"}, {"uid": "83849", "content": "好像并没有什么不妥"}, {"uid": "34437", "content": "这首是pain吧"}, {"uid": "1948811", "content": "nice"}, {"uid": "56413", "content": "渣特吃键盘"}, {"uid": "83849", "content": "国歌都换多少首了"}, {"uid": "83849", "content": "一口水喷出来"}, {"uid": "337563", "content": "流向改变"}, {"uid": "84112092", "content": "我的天啊????"}, {"uid": "3262", "content": "抖抖抖"}, {"uid": "227618", "content": "んんんんん"}, {"uid": "3262", "content": "住手 啊"}, {"uid": "3262", "content": "你们简直有毒"}, {"uid": "8812724", "content": "突变"}, {"uid": "83849", "content": "你坛应该去mad区占个山头"}, {"uid": "8713243", "content": "2b"}, {"uid": "8812724", "content": "这么牛逼的吗"}, {"uid": "227618", "content": "10分"}, {"uid": "4775000", "content": "来人把意大利刀拿来"}, {"uid": "4775000", "content": "绝啊，氛围一样的片"}, {"uid": "4775000", "content": "连续俩死人干啥。。。"}, {"uid": "4686569", "content": "喵喵喵？？？"}, {"uid": "7266246", "content": "这个6"}, {"uid": "20312", "content": "此处可以鬼畜一波"}, {"uid": "15707992", "content": "OK"}, {"uid": "15707992", "content": "66666"}, {"uid": "97340936", "content": "我已经对原曲无感了"}, {"uid": "97340936", "content": "哈哈哈哈哈哈，走你妹啊"}, {"uid": "97340936", "content": "您还记得十八年前大明湖畔的"}, {"uid": "97340936", "content": "莫名和幻3OP很像"}, {"uid": "97340936", "content": "我永远喜欢2B"}, {"uid": "1506199", "content": "还是violet snow好听"}, {"uid": "97340936", "content": "泥潭年度最佳RPG（滑稽"}, {"uid": "1506199", "content": "？？？？？？"}, {"uid": "97340936", "content": "XB2……"}, {"uid": "97340936", "content": "异度传说呀"}, {"uid": "1506199", "content": "2B主场！！！"}, {"uid": "1506199", "content": "果然还是有尼尔啊"}, {"uid": "97340936", "content": "你以为你这是影身迷彩啊"}, {"uid": "1506199", "content": "完  全  胜  利"}, {"uid": "1506199", "content": "ktkr"}, {"uid": "1506199", "content": "en？"}, {"uid": "97340936", "content": "我被洗脑了"}, {"uid": "1506199", "content": "笑成猪"}, {"uid": "3464", "content": "还真有尼尔"}, {"uid": "1506199", "content": "高能预警"}, {"uid": "97340936", "content": "来了来了"}, {"uid": "97340936", "content": "不行不行，下一个"}, {"uid": "1506199", "content": "加速了"}, {"uid": "97340936", "content": "核爆神曲……"}, {"uid": "1506199", "content": "国歌齐唱"}, {"uid": "97340936", "content": "泥潭有病"}, {"uid": "1506199", "content": "可以有"}, {"uid": "97340936", "content": "你们知道京阿尼有多努力嘛"}, {"uid": "1506199", "content": "噗"}, {"uid": "97340936", "content": "我觉得原曲应该用这个…………"}, {"uid": "1506199", "content": "哇这个节奏棒啊！！"}, {"uid": "1506199", "content": "色调不对啊 = ="}, {"uid": "97340936", "content": "国歌国歌"}, {"uid": "97340936", "content": "洗脑了…………"}, {"uid": "582833", "content": "……………………"}, {"uid": "1506199", "content": "嗯，可以"}, {"uid": "1506199", "content": "re0也是霸权？#滑稽"}, {"uid": "582833", "content": "放飞自我"}, {"uid": "80124", "content": "违和感爆表"}, {"uid": "582833", "content": "？？？？？"}, {"uid": "97340936", "content": "泥潭有毛病啊——笑喷了"}, {"uid": "1506199", "content": "开始唱的时候就好了！"}, {"uid": "97340936", "content": "哎呦妈妈啊"}, {"uid": "3464", "content": "女主石川由衣的话应该在尼尔里选一首来着（"}, {"uid": "97340936", "content": "笑死了我了，太有毒了"}, {"uid": "97340936", "content": "笑死了"}, {"uid": "582833", "content": "还有这种操作？"}, {"uid": "80313", "content": "不行"}, {"uid": "582833", "content": "这样也行？？"}, {"uid": "80313", "content": "不好"}, {"uid": "80313", "content": "新房神作"}, {"uid": "582833", "content": "骑士王的农药"}, {"uid": "80313", "content": "这个可以"}, {"uid": "80313", "content": "有点吵"}, {"uid": "582833", "content": "水果篮子！！"}, {"uid": "17847004", "content": "一句话，作画优良就是可以为所欲为"}, {"uid": "582833", "content": "23333333"}, {"uid": "2965629", "content": "莫名搭配"}, {"uid": "2965629", "content": "这个号"}, {"uid": "2965629", "content": "卧槽听的一身鸡皮疙瘩"}, {"uid": "2965629", "content": "很搭配"}, {"uid": "2965629", "content": "被洗脑了"}, {"uid": "43482230", "content": "有点鬼畜"}, {"uid": "102970374", "content": "6666还珠格格都出来了"}, {"uid": "102970374", "content": "我......."}, {"uid": "526867", "content": "Neir还行，是NieR续作吗"}, {"uid": "102970374", "content": "剪辑有问题  有画面卡帧"}, {"uid": "88508925", "content": "厉害"}, {"uid": "1835812", "content": "前面那首比較好"}, {"uid": "102970374", "content": "这个好像还行耶"}, {"uid": "102970374", "content": "神曲 晓之车"}, {"uid": "102970374", "content": "这个还行  不怎么违和"}, {"uid": "102970374", "content": ".........."}, {"uid": "102970374", "content": "不行"}, {"uid": "1835812", "content": "大愛水果籃！"}, {"uid": "88508925", "content": "有点感觉"}, {"uid": "1835812", "content": "好配！"}, {"uid": "1835812", "content": "這個可以"}, {"uid": "26751377", "content": "哈哈哈哈哈哈哈"}, {"uid": "102937", "content": "冈部启一"}, {"uid": "102937", "content": "我永远喜欢光"}, {"uid": "102937", "content": "nier"}, {"uid": "102937", "content": "还珠格格神了"}, {"uid": "102937", "content": "光田康典 天下第一"}, {"uid": "102937", "content": "异度之刃"}, {"uid": "2356533", "content": "住手！！这不是钢琴！！"}, {"uid": "15002394", "content": "毫无违和感"}, {"uid": "2684526", "content": "原来这才是原曲"}, {"uid": "2684526", "content": "卧槽"}, {"uid": "2684526", "content": "惊了怎么还有MGS的"}, {"uid": "2684526", "content": "求求你，快停下"}, {"uid": "2684526", "content": "别吧..."}, {"uid": "2684526", "content": "喷了woc"}, {"uid": "2684526", "content": "怎么还有AIR的"}, {"uid": "2684526", "content": "OK"}, {"uid": "2684526", "content": "我觉得OK"}, {"uid": "2684526", "content": "绝了"}, {"uid": "2684526", "content": "喷了，怎么还有SAO的"}, {"uid": "2684526", "content": "我觉得不行"}, {"uid": "531931", "content": "知道，但就想不起出处！！！"}, {"uid": "2684526", "content": "抬走下一个"}, {"uid": "531931", "content": "第一首不知道的"}, {"uid": "2684526", "content": "绝了，完美"}, {"uid": "531931", "content": "等好久了"}, {"uid": "728990", "content": "异度传说？"}, {"uid": "728990", "content": "似李！湿内裤！"}, {"uid": "531931", "content": "已经记不得了"}, {"uid": "531931", "content": "666"}, {"uid": "531931", "content": "这已经剪到爆炸了"}, {"uid": "8881613", "content": "6666666666666"}, {"uid": "8881613", "content": "哈哈哈哈哈"}, {"uid": "2280641", "content": "不行"}, {"uid": "2280641", "content": "都是欧洲系列"}, {"uid": "2280641", "content": "可以可以"}, {"uid": "728990", "content": "核弹！？"}, {"uid": "2280641", "content": "这个可以"}, {"uid": "728990", "content": "还没违和感！你敢信"}, {"uid": "728990", "content": "当场笑出声来！"}, {"uid": "728990", "content": "目前被跳舞提裙和那个吃饼干的镜头洗脑！！！"}, {"uid": "8881613", "content": "可以有"}, {"uid": "8881613", "content": "有毒"}, {"uid": "96595937", "content": "后面还好"}, {"uid": "96595937", "content": "已死"}, {"uid": "2032950", "content": "这首我不知道，惊了"}, {"uid": "8881613", "content": "突然怀念"}, {"uid": "96595937", "content": "违和感爆炸"}, {"uid": "8881613", "content": "666666666666"}, {"uid": "96595937", "content": "瞬间爆炸"}, {"uid": "2032950", "content": "该届不到的爱了"}, {"uid": "8802745", "content": "这个可以诶，刚好是尼尔"}, {"uid": "8802745", "content": "emmmmm"}, {"uid": "11363024", "content": "18年的一月番都是怪物吗.jpg"}, {"uid": "8802745", "content": "我觉得可以"}, {"uid": "8802745", "content": "..."}, {"uid": "728990", "content": "诶~这个感觉可以！"}, {"uid": "25957333", "content": "ん？"}, {"uid": "18798129", "content": "33分钟，我觉得看完后要记不得原bgm了"}, {"uid": "2529679", "content": "！！！！！！！！！！！！！"}, {"uid": "2529679", "content": "2B"}, {"uid": "25224", "content": "法海：是我说的是我说的"}, {"uid": "5238275", "content": "建议添加情深深雨蒙蒙"}, {"uid": "20338493", "content": "说你想捅谁"}, {"uid": "25224", "content": "来也匆匆，去也冲冲"}, {"uid": "5238275", "content": "挺搭的"}, {"uid": "5238275", "content": "还可以"}, {"uid": "5238275", "content": "意外挺搭的"}, {"uid": "5238275", "content": "应该用在战场上"}, {"uid": "5238275", "content": "泽野菊苣！"}, {"uid": "5238275", "content": "pass"}, {"uid": "5238275", "content": "和京阿尼的就是合"}, {"uid": "5238275", "content": "ok!"}, {"uid": "5238275", "content": "ok"}, {"uid": "26500933", "content": "违和感严重换个pv啊"}, {"uid": "5238275", "content": "太苦大仇深了"}, {"uid": "5238275", "content": "下一个"}, {"uid": "392861", "content": "突然鬼片"}, {"uid": "5238275", "content": "ok！"}, {"uid": "5238275", "content": "ok"}, {"uid": "18522546", "content": "噗╭(°A°`)╮"}, {"uid": "5238275", "content": "连吐槽都没有了"}, {"uid": "5238275", "content": "奶飞之子2333"}, {"uid": "88170346", "content": "秀"}, {"uid": "88170346", "content": "6666"}, {"uid": "5584872", "content": "一看到千年，就想到千年一遇的霸权"}, {"uid": "5584872", "content": "hhhhhhhhh"}, {"uid": "5584872", "content": "有毒啊"}, {"uid": "19152724", "content": "陛下不唱歌还是很可爱的"}, {"uid": "1098", "content": "为啥不用游乐场"}, {"uid": "36746865", "content": "emmmm"}, {"uid": "36746865", "content": "？？？"}, {"uid": "224563", "content": "玩起来了么要。。。"}, {"uid": "5997209", "content": "不行，绝对不行"}, {"uid": "1098", "content": "噗，还有人刷国歌"}, {"uid": "5997209", "content": "敬礼！"}, {"uid": "15590", "content": "快住手！"}, {"uid": "723344", "content": "杀大老虎穆斯塔法祭天！"}, {"uid": "5997209", "content": "莫名想笑"}, {"uid": "5997209", "content": "我觉得ok"}, {"uid": "1867553", "content": "小狼君"}, {"uid": "18005814", "content": "233333333333"}, {"uid": "176821318", "content": "没错！世纪霸权！！"}, {"uid": "18005814", "content": "惊了，还有游戏曲目"}, {"uid": "40499051", "content": "不错"}, {"uid": "40499051", "content": "超搭"}, {"uid": "15590", "content": "差点喷出来"}, {"uid": "3282519", "content": "2333"}, {"uid": "2464597", "content": "紫薇~"}, {"uid": "18005814", "content": "哈哈哈哈"}, {"uid": "46144418", "content": "2333"}, {"uid": "97340936", "content": "洗脑了"}, {"uid": "5295", "content": "神tm国产"}, {"uid": "97340936", "content": "哈哈哈哈哈哈哈"}, {"uid": "9551703", "content": "可以"}, {"uid": "97340936", "content": "神TM走我路"}, {"uid": "9551703", "content": "前段吻合"}, {"uid": "97340936", "content": "2333333"}, {"uid": "9551703", "content": "合适"}, {"uid": "9551703", "content": "国歌"}, {"uid": "27537086", "content": "果然比较柔和舒缓的更合适"}, {"uid": "9551703", "content": "好温柔的歌"}, {"uid": "97340936", "content": "前面saga后面XB2"}, {"uid": "97340936", "content": "Kosmos嘛"}, {"uid": "97340936", "content": "………………"}, {"uid": "97340936", "content": "老年人模式上线……"}, {"uid": "286462", "content": "论坛上不去啦"}, {"uid": "97340936", "content": "有毒"}, {"uid": "36746865", "content": "突然FBI"}, {"uid": "97340936", "content": "23333333"}, {"uid": "97340936", "content": "UP主太坏了"}, {"uid": "97340936", "content": "这个好像不错啊，快歌蛮好的"}, {"uid": "6178992", "content": "神tm契合度还挺高"}, {"uid": "106152933", "content": "存活确认"}, {"uid": "97340936", "content": "可是卡嘉莉在哭啊"}, {"uid": "138739", "content": "论坛又姨妈了。。。"}, {"uid": "97340936", "content": "呃"}, {"uid": "97340936", "content": "扑哧"}, {"uid": "97340936", "content": "洗脑了"}, {"uid": "27007589", "content": "emmmmmm"}, {"uid": "8641678", "content": "违和感上线了"}, {"uid": "97340936", "content": "233333"}, {"uid": "723296", "content": "这是天农八部吧"}, {"uid": "6178992", "content": "为什么诚哥千古的匹配度还挺高的。。。。"}, {"uid": "7843135", "content": "这首可以"}, {"uid": "6178992", "content": "意外的还能过得去。。。。"}, {"uid": "7843135", "content": "毫无违和感"}, {"uid": "6178992", "content": "这个还可以。。。。fate原作的曲子"}, {"uid": "97340936", "content": "我已经被洗脑了"}, {"uid": "6178992", "content": "这个也还行"}, {"uid": "6178992", "content": "这个好像还可以"}, {"uid": "6178992", "content": "比较违和"}, {"uid": "6178992", "content": "冈崎律子小姐。。。。。这个匹配度还可以"}, {"uid": "6178992", "content": "这个不错"}, {"uid": "12867", "content": "新加坡放飞了"}, {"uid": "1313821", "content": "嗯>"}, {"uid": "12867", "content": "倚天屠龙记……放飞自我了"}, {"uid": "12867", "content": "雨蝶……"}, {"uid": "6178992", "content": "剧烈的违和感"}, {"uid": "5803673", "content": "23333333333333333"}, {"uid": "10877435", "content": "前方高能"}, {"uid": "14067073", "content": "我已经洗好手了"}, {"uid": "26138027", "content": "从零最好"}, {"uid": "10877435", "content": "2333"}, {"uid": "10877435", "content": "绝了"}, {"uid": "10877435", "content": "敬礼"}, {"uid": "80331287", "content": "前方高能"}, {"uid": "80331287", "content": "可怕"}, {"uid": "39862734", "content": "声线违和感爆棚"}, {"uid": "2555927", "content": "这也太..."}, {"uid": "80331287", "content": "二刀流！"}, {"uid": "80331287", "content": "有的听了"}, {"uid": "80331287", "content": "好听"}, {"uid": "80331287", "content": "嗯"}, {"uid": "10877435", "content": "啊啊啊ab刷一发"}, {"uid": "12686006", "content": "神秘"}, {"uid": "46901339", "content": "............"}, {"uid": "46901339", "content": "6666666"}, {"uid": "1540843", "content": "666"}, {"uid": "11547710", "content": "极高的违和感"}, {"uid": "27211803", "content": "我能摸摸你的奖杯吗"}, {"uid": "23078657", "content": "刚刚那一下很舒服"}, {"uid": "100525063", "content": "节奏对上了   但好违和"}, {"uid": "7330795", "content": "变成热血番了。。。"}, {"uid": "80313", "content": "哈哈哈"}, {"uid": "27537086", "content": "有种诡异的感觉"}, {"uid": "9551703", "content": "合适"}, {"uid": "49988916", "content": "这个还可以"}, {"uid": "27211803", "content": "23333333"}, {"uid": "13973230", "content": "热血番"}, {"uid": "14884041", "content": "京紫不合快歌吧"}, {"uid": "14884041", "content": "我覺得不行"}, {"uid": "100525063", "content": "节奏对上了   但好违和"}, {"uid": "33195741", "content": "跟这唯美的画面完全不搭"}, {"uid": "280579", "content": "奶飞之子…"}, {"uid": "1911065", "content": "完全不搭了"}, {"uid": "80124", "content": "这个还行"}, {"uid": "565905", "content": "莫名同步"}, {"uid": "80313", "content": "月球对撞人类圣经"}, {"uid": "2487469", "content": "不搭"}, {"uid": "176821318", "content": "世纪霸权小樱"}, {"uid": "40499051", "content": "莫名搭配"}, {"uid": "2864088", "content": "整个味道变了"}, {"uid": "6478156", "content": "画风不搭"}, {"uid": "13973230", "content": "成了"}, {"uid": "822210", "content": "明明是王小明"}, {"uid": "33195741", "content": "还是挺搭的"}, {"uid": "12157978", "content": "真的很可以"}, {"uid": "280579", "content": "这个好"}, {"uid": "129771", "content": "什么情况"}, {"uid": "80124", "content": "毫无兼容性。。。"}, {"uid": "2965629", "content": "锤出动感瞬间笑尿"}, {"uid": "43482230", "content": "？？？"}, {"uid": "46633", "content": "233333333333"}, {"uid": "96595937", "content": "还可以"}, {"uid": "5606636", "content": "违和感爆表"}, {"uid": "4931583", "content": "违和感好强"}, {"uid": "4931583", "content": "2333333333"}, {"uid": "13118369", "content": "违和感大，高潮画面配"}, {"uid": "22658034", "content": "画面加速了啊"}, {"uid": "1506199", "content": "66 啊！！"}, {"uid": "1506199", "content": "色调都变了"}, {"uid": "24179876", "content": "小老公"}, {"uid": "50564205", "content": "是么？我倒觉得不违和，只是另一个故事罢了"}, {"uid": "67228175", "content": "鬼畜"}, {"uid": "1607528", "content": "绝了，很合适"}, {"uid": "10200766", "content": "违和感很强"}, {"uid": "44634469", "content": "经费爆了"}, {"uid": "2555927", "content": "...."}, {"uid": "94897120", "content": "666"}, {"uid": "94897120", "content": "这"}, {"uid": "87836933", "content": "这个不行"}, {"uid": "131732356", "content": "后面还好"}, {"uid": "2764212", "content": "新房？"}, {"uid": "22658034", "content": "画面加速了"}, {"uid": "1506199", "content": "有毒啊！！！"}, {"uid": "80313", "content": "。。。、"}, {"uid": "43482230", "content": "风格不搭"}, {"uid": "1835812", "content": "不行"}, {"uid": "7448098", "content": "人类圣经"}, {"uid": "96595937", "content": "......"}, {"uid": "8802745", "content": "精了"}, {"uid": "29294673", "content": "这段真棒"}, {"uid": "5584872", "content": "这个违和啊"}, {"uid": "40499051", "content": "可以233"}, {"uid": "15590", "content": "我快被这画面洗脑了"}, {"uid": "15590", "content": "我觉得不行"}, {"uid": "34044922", "content": "！！！"}, {"uid": "478107", "content": "这里节奏乱了"}, {"uid": "80331287", "content": "有点违和"}, {"uid": "3660992", "content": "6666"}, {"uid": "87975247", "content": "绝"}, {"uid": "9202163", "content": "1....."}, {"uid": "37212481", "content": "不错"}, {"uid": "14884041", "content": "欸不錯"}, {"uid": "14884041", "content": "不配"}, {"uid": "49971581", "content": "！！！"}, {"uid": "7330795", "content": "违和感爆炸"}, {"uid": "8436532", "content": "小老公"}, {"uid": "43482230", "content": "可以"}, {"uid": "12877073", "content": "这个nb"}, {"uid": "1304902", "content": "违和"}, {"uid": "3262", "content": "很合适嘛"}, {"uid": "14184916", "content": "2333333"}, {"uid": "7448098", "content": "紫罗兰的永恒花园"}, {"uid": "96595937", "content": "不错不错"}, {"uid": "67228175", "content": "鬼畜×2"}, {"uid": "5584872", "content": "哈哈哈哈"}, {"uid": "66212260", "content": "京紫天下第一"}, {"uid": "4931583", "content": "不搭"}, {"uid": "80331287", "content": "这个可以"}, {"uid": "3660992", "content": "违和感呢？？"}, {"uid": "143957", "content": "鬼片了"}, {"uid": "6342185", "content": "不搭，节奏有点迷"}, {"uid": "14884041", "content": "不行"}, {"uid": "15297082", "content": "用ed好些"}, {"uid": "8436532", "content": "小樱！"}, {"uid": "585399", "content": "可一个P...."}, {"uid": "5606636", "content": "带感"}, {"uid": "169055", "content": "节奏不对..."}, {"uid": "38117720", "content": "这个太鬼畜了2333"}, {"uid": "5509606", "content": "绝了"}, {"uid": "5563677", "content": "这个可以"}, {"uid": "14884041", "content": "Fate"}, {"uid": "14884041", "content": "不行"}, {"uid": "20312", "content": "剪辑了吧"}, {"uid": "270017357", "content": "是不是傻这是国家队的pv配京紫的画面"}, {"uid": "1304902", "content": "233333"}, {"uid": "2684526", "content": "喷了"}, {"uid": "96595937", "content": "+1"}, {"uid": "493803", "content": "歌合适"}, {"uid": "57451", "content": "我觉得OK"}, {"uid": "2487469", "content": "可以可以"}, {"uid": "23339951", "content": "233"}, {"uid": "12677395", "content": "额"}, {"uid": "80331287", "content": "锤出动感"}, {"uid": "873683", "content": "泥潭整天就搞些这玩意儿......"}, {"uid": "12157978", "content": "大   賣   八   億   八"}, {"uid": "22658034", "content": "节奏这里还是乱了"}]