[{"uid": "34877092", "content": "的确又摸鱼了"}, {"uid": "423110", "content": "怀念当年在b站追银魂的时光QAQ"}, {"uid": "11847476", "content": "然而是走光篇，又是摸鱼的"}, {"uid": "4884191", "content": "田中"}, {"uid": "4876550", "content": "2333333"}, {"uid": "20276271", "content": "柯南整天摸鱼"}, {"uid": "15404245", "content": "前列腺刹车一生只能玩一次"}, {"uid": "14406744", "content": "被白夜叉降诞骗得举个爪0.0"}, {"uid": "19592116", "content": "银魂还有主线。。。。"}, {"uid": "2034716", "content": "完结？开什么玩笑，已经开始看第四遍了"}, {"uid": "24773187", "content": "立誓今生尊你为王，用我热血为你封疆"}, {"uid": "24773187", "content": "立誓今生尊你为王，用我热血为你封疆"}, {"uid": "2680685", "content": "通过他们的吐槽了解到不少制作人的真心话啊，至少很接近真心话来hh"}, {"uid": "31136459", "content": "ed泪目"}, {"uid": "31136459", "content": "哈哈哈哈哈"}, {"uid": "23410353", "content": "no!！！！！！"}, {"uid": "10991038", "content": "这里其实不算摸鱼吧，剧情需要加上漫画原作就有这段"}, {"uid": "77667168", "content": "没版权"}, {"uid": "16855297", "content": "这墨"}, {"uid": "16855297", "content": "这摸鱼我还能再看几百集！"}, {"uid": "55813386", "content": "落寞的眼睛娘—猿飞菖蒲"}, {"uid": "97143332", "content": "把硬币拿走！拿走拿走"}, {"uid": "109456047", "content": "又双叒叕来拖延时间了"}, {"uid": "26303887", "content": "柳生篇"}, {"uid": "31151549", "content": "pptv可以看"}, {"uid": "183077", "content": "换监督后找不到那种感觉了。可惜最后一季藤田阳一也只是兼修。"}, {"uid": "96883966", "content": "月you"}, {"uid": "46430905", "content": "银魂怎么能完结！！！"}, {"uid": "10063", "content": "这个其实是不会画画的导演画的分镜啦，基本能看懂就可以了"}, {"uid": "161162450", "content": "手机响了"}, {"uid": "5567447", "content": "哇哦"}, {"uid": "174520803", "content": "这很银魂"}, {"uid": "47712597", "content": "點讚！大愛銀魂！"}, {"uid": "47712597", "content": "哈哈哈哈哈哈哈哈"}, {"uid": "47712597", "content": "真是太經典了XDD"}, {"uid": "174136178", "content": "决定去补"}, {"uid": "174136178", "content": "银魂的主线就是没有主线。"}, {"uid": "174136178", "content": "跳ed的我"}, {"uid": "174136178", "content": "卡卡卡卡卡"}, {"uid": "20806840", "content": "教不了教不了"}, {"uid": "13424818", "content": "我也不要完结"}, {"uid": "12249432", "content": "最后   我银魂  不存在"}, {"uid": "5394598", "content": "炸弹人！"}, {"uid": "26193754", "content": "刷一波四天王"}, {"uid": "20462242", "content": "而我竟然还看的挺开心(´-ι_-｀)"}, {"uid": "32172932", "content": "哈哈哈哈哈哈哈哈哈哈哈"}, {"uid": "39944777", "content": "猩猩说现在才十分之七左右"}, {"uid": "39944777", "content": "优酷独播→_→"}, {"uid": "109165150", "content": "歌名：《银色之空》"}, {"uid": "109165150", "content": "什么鬼！不可能是最后一季！拒绝！"}, {"uid": "107662271", "content": "哈哈"}, {"uid": "16125619", "content": "猩猩说是真的要完结了...."}, {"uid": "11700779", "content": "我老奶奶都不服，就服银魂"}, {"uid": "59475837", "content": "我觉得空知你可以再多骗我几遍"}, {"uid": "195672839", "content": "这是什么鬼？！"}, {"uid": "104945466", "content": "都好看啊"}, {"uid": "15379869", "content": "bg only"}, {"uid": "89607654", "content": "我看了四次了"}, {"uid": "6831541", "content": "优酷有"}, {"uid": "10615011", "content": "前列腺刹车"}, {"uid": "70205304", "content": "不会完结的。最终篇没有干出来"}, {"uid": "168197838", "content": "我觉得温泉篇好看"}, {"uid": "168197838", "content": "银魂是我见过摸鱼最好看的"}, {"uid": "168197838", "content": "这里阿妙拿出鸡蛋是的那声尖叫笑死我了"}, {"uid": "168197838", "content": "秘技，400集回忆"}, {"uid": "20160335", "content": "死神！"}, {"uid": "18071189", "content": "不完结！还可以摸鱼啊"}, {"uid": "68463663", "content": "现在的海贼王动画正在摸鱼段。"}, {"uid": "7595399", "content": "洒家感觉最好玩的是十四吸烟篇"}, {"uid": "16862650", "content": "前列腺刹车？？"}, {"uid": "155537210", "content": "这个看的时候我笑出猪叫"}, {"uid": "18952917", "content": "绝对会追完的"}, {"uid": "18952917", "content": "这剧情进展，怕是真的要完结了"}, {"uid": "8576957", "content": "我大银魂再战五百年"}, {"uid": "69893702", "content": "印象最深的难道不上将军篇吗？"}, {"uid": "21753415", "content": "我印象最深的是吉原篇"}, {"uid": "4695499", "content": "还有spyair"}, {"uid": "4695499", "content": "完结欺诈完结欺诈来欺诈我啊"}, {"uid": "10652644", "content": " 不看 就不会完结"}, {"uid": "29320973", "content": "荣耀尽归鲁路修"}, {"uid": "87113577", "content": "一定要是摸鱼啊"}, {"uid": "82662583", "content": "优酷"}, {"uid": "445957", "content": "万一又是摸鱼呢？"}, {"uid": "27881676", "content": "尬 ga aaa"}, {"uid": "17872465", "content": "那叫迂回 不叫摸鱼 "}, {"uid": "15117086", "content": "哈哈哈好可爱"}, {"uid": "27519731", "content": "我银魂是不会完结的"}, {"uid": "146536061", "content": "没有看，逃学失败了ヽ(≧Д≦)ノ"}, {"uid": "130181214", "content": "银魂。。一部意外画出来来的经典。。"}, {"uid": "132641309", "content": "咦，我没开弹幕吗"}, {"uid": "21713468", "content": "2333333333333"}, {"uid": "21713468", "content": "233333333"}, {"uid": "15743179", "content": "我教你，就是怕你死了"}, {"uid": "1635280", "content": "你也开始摸鱼了？这一分半的进度拖得我给满分"}, {"uid": "1635280", "content": "给银魂作OP和ED的良曲是真的多，不过我最喜欢的还是DOES"}, {"uid": "1635280", "content": "Mr.Raindrop是真的好听"}, {"uid": "168322380", "content": "你们谁能教我怎么前列腺刹车不"}, {"uid": "24076625", "content": "要完结了吗∠( ᐛ 」∠)＿"}, {"uid": "24076625", "content": "期待(´°ᗜ°)ﾊﾊｯ.."}, {"uid": "2910737", "content": "想当年看红樱篇的时候，震撼啊"}, {"uid": "520475", "content": "摸鱼届的豪杰"}, {"uid": "8086063", "content": "同感同感啊诸位"}, {"uid": "19395461", "content": "秘技！火影之回忆！"}, {"uid": "39561147", "content": "经典啊，快哭了这首歌"}, {"uid": "13351583", "content": "经典"}, {"uid": "35945056", "content": "电学当道"}, {"uid": "57794477", "content": "银魂银魂银魂银魂银魂银魂"}, {"uid": "861297", "content": "优酷看"}, {"uid": "564375", "content": "银色之空！红樱篇呜呜"}, {"uid": "564375", "content": "已经完全没有当初银魂那种味道了…"}, {"uid": "564375", "content": "激怒了大量宅的一集www"}, {"uid": "564375", "content": "当年的staff…"}, {"uid": "15135433", "content": "百度云影院"}, {"uid": "15135433", "content": "等等，总集(pian)篇(ji)?s1娘怕不是要工作餐没肉一段时间了(´･ᆺ･`)"}, {"uid": "25596284", "content": "d站"}, {"uid": "10858198", "content": "优酷"}, {"uid": "10942604", "content": "银时：你说画面不动是吧，那就让他转起来！"}, {"uid": "12817221", "content": "拉登:喵喵喵？"}, {"uid": "1596372", "content": "好怀念的op"}, {"uid": "334510", "content": "说的好 但是在哪里有的看呢"}, {"uid": "19211402", "content": "电。电。电路图！"}, {"uid": "2720213", "content": "这个是neta口袋妖怪吧"}, {"uid": "4074715", "content": "吐槽我就输了"}, {"uid": "19462429", "content": "原来你也在水呀"}, {"uid": "11223295", "content": "惊了，这进度条，这熟悉的摸鱼手法！"}, {"uid": "10808982", "content": "2333333333"}, {"uid": "115049", "content": "前x线 刹车"}, {"uid": "13837092", "content": "三赖子"}, {"uid": "7850708", "content": "bg only！！"}, {"uid": "2091980", "content": "最后部分看了一定会后悔"}, {"uid": "2091980", "content": "最高潮的地方的被砍了"}, {"uid": "34760477", "content": "。。"}, {"uid": "184483143", "content": "承包银子，后来的不算"}, {"uid": "107077008", "content": "我宁愿银魂不要主线  次次波日常篇就好了"}, {"uid": "520475", "content": "hhhhhh"}, {"uid": "115049", "content": "红樱篇"}, {"uid": "1801241", "content": "2星/5星"}, {"uid": "30611824", "content": "360度转，全景的万事屋……"}, {"uid": "14406744", "content": "不行了我要再刷一遍"}, {"uid": "33445044", "content": "今天下午二刷50集233333333333"}, {"uid": "174520803", "content": "没事，我愿意看！"}, {"uid": "107662271", "content": "哈哈"}, {"uid": "20142819", "content": "不，一个万事屋的图就撑过了不知道多少分钟了"}, {"uid": "2529004", "content": "主線就是沒有主線"}, {"uid": "2529004", "content": "回憶殺+與主線不相關的支線任務"}, {"uid": "170112770", "content": "我告诉你们，要是人体滑雪那段真人化才是最强的"}, {"uid": "24076625", "content": "233333"}, {"uid": "92213720", "content": "是你吗？新吧唧"}, {"uid": "57794477", "content": "当然这是银魂"}, {"uid": "57794477", "content": "这是银魂的特色"}, {"uid": "13210597", "content": "不敢吐槽"}, {"uid": "37725107", "content": "重复无数次了"}, {"uid": "97143332", "content": "嗯嗯嗯四天王感触最深"}, {"uid": "6024914", "content": "这水刮得我服→_→"}, {"uid": "47712597", "content": "哈哈哈哈哈"}, {"uid": "47712597", "content": "BGM only XDDDD"}, {"uid": "11147771", "content": "这个应该不可能会演吧-_-||"}, {"uid": "20160335", "content": "一叽咕qaq"}, {"uid": "175280421", "content": "迂回战斗法"}, {"uid": "6783875", "content": "军曹"}, {"uid": "57794477", "content": "好看"}, {"uid": "482893", "content": "那不是摸鱼是真的来不及做吧？"}, {"uid": "95601551", "content": "第四"}, {"uid": "60692588", "content": "哇什么番"}, {"uid": "113971", "content": "路过一波"}, {"uid": "174520803", "content": "好久不见的开头。。。。"}, {"uid": "107662271", "content": "哈哈哈哈"}, {"uid": "197758944", "content": "红红火火恍恍惚惚"}, {"uid": "53624087", "content": "紫拉加奈，卡紫拉哒"}, {"uid": "172130", "content": "总篇集……"}, {"uid": "160079", "content": "这个明明是模仿日本某电视台的新年节目"}, {"uid": "17281063", "content": "sunrise破产问过BANDAI没有啊"}, {"uid": "12066284", "content": "这个是什么"}, {"uid": "31136459", "content": "卧槽我这竟然没看过"}, {"uid": "10829981", "content": "前列腺刹车"}, {"uid": "8658126", "content": "日常篇"}, {"uid": "184483143", "content": "最后刹车器坏了 看着都疼"}, {"uid": "150103186", "content": "我要成为武士王"}, {"uid": "197797566", "content": "官方吐槽最为致命"}, {"uid": "47712597", "content": "就是監督本人XDD"}, {"uid": "174136178", "content": "嗯，变身美少女那一段又让我想重新看一遍。"}, {"uid": "32172932", "content": "‘好，五分钟就这么拖过去了！‘’"}, {"uid": "107662271", "content": "哈哈哈哈"}, {"uid": "4695499", "content": "一直划水都可以"}, {"uid": "44450667", "content": "鼬的那集是买游戏送的动画"}, {"uid": "44450667", "content": "最后镜头坑"}, {"uid": "53624087", "content": "魔堕恶"}, {"uid": "35945056", "content": "哈哈哈哈哈哈哈哈哈哈"}, {"uid": "589088", "content": "emmmmmmmm摸鱼摸鱼"}, {"uid": "564375", "content": "3Z作者不是大崎知仁么"}, {"uid": "564375", "content": "最后银桂刷怪变成银高互殴，冲这点原本可以粉丝五星冲顶三星。"}, {"uid": "12191891", "content": "本体"}, {"uid": "12736607", "content": "6666"}, {"uid": "17425281", "content": "拖了半集。。。"}, {"uid": "33812134", "content": "三次了吧"}, {"uid": "7113836", "content": "wocQ娃也被恶搞过啊"}, {"uid": "158504299", "content": "关上前一千大门"}, {"uid": "115049", "content": "只有声音 定格万事屋侧面 最后转了一圈 拖了半集时间"}, {"uid": "146810722", "content": "这些番你是怎么翻到的"}, {"uid": "1954828", "content": "总篇集是什么鬼啊！"}, {"uid": "423110", "content": "摸鱼我就服银魂"}, {"uid": "77009835", "content": "前列腺刹车"}, {"uid": "25319015", "content": "哈哈哈哈哈哈哈嗝"}, {"uid": "174520803", "content": "是的是的，每次都有莫名熟悉感。。。"}, {"uid": "107662271", "content": "哈哈哈哈"}, {"uid": "107662271", "content": "因为本体是眼镜。"}, {"uid": "10932742", "content": "狂赌之渊"}, {"uid": "10795314", "content": "没钱所以这样"}, {"uid": "88419927", "content": "在吗"}, {"uid": "174572207", "content": "我桂桂"}, {"uid": "174572207", "content": "前列腺刹车"}, {"uid": "12077933", "content": "bgm only"}, {"uid": "14567468", "content": "总集篇<<<<<"}, {"uid": "25584", "content": "还有大肚子"}, {"uid": "4074715", "content": "吐槽我就输了"}, {"uid": "115049", "content": "鬼压床"}, {"uid": "52739421", "content": "刚刚"}, {"uid": "3969900", "content": "游戏里的，特点动画，鼬为了帮佐助煎荷包蛋用了，万花筒"}, {"uid": "14687765", "content": "应该是倒幕运动那个时期"}, {"uid": "24086975", "content": "甜=amai=天真"}, {"uid": "7501810", "content": "5分钟"}, {"uid": "5567447", "content": "666666666"}, {"uid": "59475837", "content": "银魂的原创还是蛮喜欢的"}, {"uid": "43390687", "content": "桥本胖了？"}, {"uid": "67833229", "content": "因为新吧唧是带着人类的眼镜啊"}, {"uid": "17847004", "content": "狂赌之渊"}, {"uid": "196867", "content": "这一定是故意想让观众吐槽，一定是的"}, {"uid": "172130", "content": "咬到了23333"}, {"uid": "13713729", "content": "后宫篇"}, {"uid": "14573296", "content": "哈哈"}, {"uid": "150141134", "content": "233。。每次我都会跳过"}, {"uid": "59475837", "content": "说的我又想看银魂了"}, {"uid": "3760949", "content": "s1娘扣工资了"}, {"uid": "1882915", "content": "哪是这个bgm啊，老板换碟"}, {"uid": "97340936", "content": "沟"}, {"uid": "108877968", "content": "有人？"}, {"uid": "7332475", "content": "黑魂bgm？？？"}, {"uid": "28656139", "content": "什么动漫"}, {"uid": "14406744", "content": "小将死的时候我哭了"}, {"uid": "84101785", "content": "小将死了就没敢看了，怕虐哭啊啊啊！"}, {"uid": "184483143", "content": "什么怎么回事？新八不是很健全地在给我们解说吗？"}, {"uid": "21095384", "content": "紫拉加卡紫拉哒"}, {"uid": "5605450", "content": "拒绝银魂完结"}, {"uid": "27436412", "content": "银魂10月1日重新上线，混蛋们一定要看啊"}, {"uid": "326166", "content": "烂"}, {"uid": "112407973", "content": "不……我不要银魂完结……再陪我五百年吧……"}, {"uid": "167199085", "content": "五次了。。。五次了。。。"}, {"uid": "107662271", "content": "银八三三"}, {"uid": "107662271", "content": "额额"}, {"uid": "10615011", "content": "火影火影和火影"}, {"uid": "67699803", "content": "四天王篇"}, {"uid": "16862650", "content": "B站买版权么！？"}, {"uid": "19978291", "content": "有个毛主线"}, {"uid": "101310557", "content": "给我感触最深的就是真选组乱动篇了"}, {"uid": "101310557", "content": "最后一季？不存在的"}, {"uid": "101310557", "content": "我们追银魂就是因为这个啊魂淡"}, {"uid": "36107546", "content": "为我小英雄疯狂打call！！！！！！"}, {"uid": "2856524", "content": "鼬那段是哪集的？"}, {"uid": "15743179", "content": "对，废材军曹"}, {"uid": "34223", "content": "怀念小将"}, {"uid": "2640222", "content": "为什么又姨妈"}, {"uid": "145543", "content": "我选择菜菜绪..."}, {"uid": "2091980", "content": "太业余了"}]