[{"uid": "40385795", "content": "很真！！！"}, {"uid": "14198890", "content": "不思议游戏我的恋爱启蒙番"}, {"uid": "1364967", "content": "哈哈哈，打篮球那个你快停下！"}, {"uid": "1364967", "content": "魔鬼啊这是"}, {"uid": "1377362", "content": "明显差了一个时代的作曲风格"}, {"uid": "4596668", "content": "违和感死亡【"}, {"uid": "2109583", "content": "老奶奶上线支持"}, {"uid": "1381811", "content": "朱雀"}, {"uid": "5108155", "content": "都是老番"}, {"uid": "3985596", "content": "没有一点违和感。。ԅ(¯㉨¯ԅ)"}, {"uid": "593782", "content": "不可思议游戏已经是时代的眼泪了"}, {"uid": "16965587", "content": "老上加老？"}, {"uid": "27633213", "content": "你是谁为何会出现在我爷爷的收藏里面"}, {"uid": "97340936", "content": "这个纯属老年活动"}, {"uid": "34061760", "content": "谁拿原片哄我！"}, {"uid": "96326", "content": "我想看皇帝和齐格飞打篮球"}, {"uid": "244551", "content": "哇，老年人集中吧"}, {"uid": "51339789", "content": "其实这首歌挺好听"}, {"uid": "1364967", "content": "哈哈哈哈哈"}, {"uid": "30741", "content": "配合的好啊"}, {"uid": "1408725", "content": "还蛮合适的"}, {"uid": "21784275", "content": "银英比不思议更老"}, {"uid": "5939068", "content": "这音乐很怀旧！！"}, {"uid": "28023305", "content": "为不可思议游戏贡献弹幕"}, {"uid": "2973038", "content": "居然还能听到不思议游戏的OP"}, {"uid": "6498114", "content": "诈尸啦"}, {"uid": "33912710", "content": "我要看S1娘啦"}, {"uid": "18714543", "content": "我来证明你开了弹幕"}, {"uid": "13744052", "content": "B站没有  可惜啊"}, {"uid": "103328735", "content": "没有弹幕？"}, {"uid": "27633213", "content": "诈尸了啊"}]