[{"uid": "907666", "content": "为我龙虎疯狂打call！！！！"}, {"uid": "238055308", "content": "这一段和封面都是这个，番名是  心灵想大声呼喊"}, {"uid": "67939486", "content": "番名：心灵想要大声呼喊"}, {"uid": "18567944", "content": "我永远喜欢小宫惠那"}, {"uid": "1639694", "content": "2333333"}, {"uid": "5286324", "content": "败犬专属"}, {"uid": "1777435", "content": "祈之助的声音好有穿透力，表白"}, {"uid": "11721144", "content": "搞事情啊"}, {"uid": "34000663", "content": "别看了，伤心"}, {"uid": "12613468", "content": "直接改名叫第三败犬论坛算了"}, {"uid": "8306201", "content": "51位朋友好"}, {"uid": "2720132", "content": "2333届不到届不到"}, {"uid": "2174597", "content": "如果最开始你就不曾出现"}, {"uid": "12507322", "content": "hahahah 败犬"}, {"uid": "907666", "content": "龙虎一生推！"}, {"uid": "907666", "content": "这部电影名字叫，心灵想要大声呼喊。。"}, {"uid": "7332475", "content": "搞事啊！！"}, {"uid": "172431064", "content": "心灵想要大声呼喊"}, {"uid": "11179381", "content": "黑猫"}, {"uid": "103328735", "content": "求bgm"}, {"uid": "165228", "content": "届不到×N"}, {"uid": "176712804", "content": "这bgm叫什么？"}, {"uid": "3969315", "content": "金毛败犬的伪恋樱花庄"}, {"uid": "75823654", "content": "心疼美海"}, {"uid": "148879968", "content": "心灵想要大声呼喊"}, {"uid": "103328735", "content": "败犬合集"}, {"uid": "9040246", "content": "败犬合集？"}, {"uid": "34000663", "content": "届不到届不到"}, {"uid": "27790449", "content": "承包成濑顺"}, {"uid": "97340936", "content": "1"}, {"uid": "907666", "content": "还不错可以尝试补一下"}, {"uid": "4479650", "content": "美海！"}, {"uid": "8265233", "content": "发现自己有败犬情节"}, {"uid": "207432", "content": "等下 真白赢了啊"}, {"uid": "111805", "content": "届不到，届不到"}, {"uid": "36746865", "content": "突然发现我看过"}, {"uid": "3920277", "content": "统统届不到"}, {"uid": "32721682", "content": "真白白"}, {"uid": "176712804", "content": "这bgm到底叫什么啊？"}, {"uid": "15086726", "content": "这段是什么番"}, {"uid": "6568148", "content": "梨坛，梨坛"}, {"uid": "30865169", "content": "论第1败犬"}, {"uid": "653101", "content": "搞事情啊"}, {"uid": "34000663", "content": "伏见老贼丧天良，我与黑猫共存亡"}, {"uid": "6586371", "content": "金毛注定败犬 qaq"}, {"uid": "34899663", "content": "但是我啊"}, {"uid": "9606943", "content": "放过err吧"}, {"uid": "12507322", "content": "全部看过了我也是6"}, {"uid": "1758599", "content": "缺德，缺德"}, {"uid": "95129235", "content": "白"}, {"uid": "686998", "content": "偷偷承包小宫"}, {"uid": "75823654", "content": "届不到届不到"}, {"uid": "80002721", "content": "沒有敗犬沒有神作,雖然我知"}, {"uid": "2038272", "content": "会玩"}, {"uid": "2720132", "content": "美海是我的"}, {"uid": "50143609", "content": "黑猫"}, {"uid": "85479599", "content": "七海  七海"}, {"uid": "207432", "content": "败犬大合集"}, {"uid": "95129235", "content": "败犬之歌"}, {"uid": "46358068", "content": "这是啥番"}, {"uid": "2910737", "content": "败犬之歌"}, {"uid": "2054359", "content": "真实败犬论坛"}, {"uid": "7034332", "content": "败犬之歌？"}]