[{"uid": "19984602", "content": "哈哈哈哈哈哈"}, {"uid": "2064101", "content": "我只认衫元的奥索玛"}, {"uid": "34652502", "content": "这个码就很灵性"}, {"uid": "91451757", "content": "奥索马 奥伊西"}, {"uid": "40396205", "content": "毫无违和感啊真好"}, {"uid": "605027", "content": "越狱兔？"}, {"uid": "9820235", "content": "这是谁，我为什么关注了？"}, {"uid": "33799", "content": "毫无违和感"}, {"uid": "104948523", "content": "6666666666666+"}, {"uid": "104948523", "content": "你还知道回来_(:з」∠)_"}, {"uid": "654251", "content": "万能日语"}, {"uid": "443040", "content": "哎哟喂"}, {"uid": "118555458", "content": "功夫打牛肉"}, {"uid": "108449536", "content": "是啊，有意见吗？"}, {"uid": "314399", "content": "取关取关"}, {"uid": "314399", "content": "十八铜人…………哈！"}, {"uid": "314399", "content": "哈哈哈哈"}, {"uid": "108449536", "content": "神同步"}, {"uid": "314399", "content": "我还以为会用食戟之灵"}, {"uid": "108449536", "content": "笑死了"}, {"uid": "108449536", "content": "十八般兵器之首"}, {"uid": "7920221", "content": "监狱兔还行"}, {"uid": "314399", "content": "美食番无误"}, {"uid": "7920221", "content": "碉堡啦！！！"}, {"uid": "729734", "content": "你居然还会更新"}, {"uid": "91451757", "content": "奥索马"}, {"uid": "6877874", "content": "真香"}, {"uid": "87093675", "content": "我还以为UP主，消失在历史的长河中了。😀😄"}, {"uid": "48052214", "content": "品那品那"}, {"uid": "314399", "content": "这片颜艺番没跑了"}, {"uid": "108449536", "content": "酱爆撒尿牛丸，撒尿呢？"}, {"uid": "88484567", "content": "奥索玛真可爱"}, {"uid": "6877874", "content": "op真的好听的一批"}, {"uid": "16085903", "content": "哇靠  史前UP啊"}, {"uid": "174153361", "content": "新人都是怪物"}, {"uid": "174153361", "content": "失踪人口回归"}, {"uid": "2670626", "content": "居然更新了还行"}, {"uid": "91451757", "content": "奥索马"}, {"uid": "12538077", "content": "我擦这么鬼畜的吗"}, {"uid": "10786016", "content": "真香"}, {"uid": "10786016", "content": "奥索马真好吃"}, {"uid": "83849", "content": "喷了"}, {"uid": "165896", "content": "居然复活了"}, {"uid": "85906521", "content": "终于跟了"}, {"uid": "33267711", "content": "恭喜出坟"}, {"uid": "108449536", "content": "碉堡了还行"}, {"uid": "7920221", "content": "真实屎尿屁论坛"}, {"uid": "314399", "content": "外野去死"}, {"uid": "11789754", "content": "品那品那"}, {"uid": "56413", "content": "哇，我看到了什么？"}, {"uid": "314399", "content": "搞笑番请不要一本正经唱歌"}, {"uid": "108449536", "content": "十分还原"}, {"uid": "18969549", "content": "你是谁？"}, {"uid": "34489531", "content": "草"}, {"uid": "14572160", "content": "@吃大便"}, {"uid": "917614", "content": "……"}, {"uid": "19696", "content": "诈尸"}, {"uid": "314399", "content": "哦哦哦"}, {"uid": "13327485", "content": "。。。。。。"}, {"uid": "2162915", "content": "品纳品那"}, {"uid": "71141158", "content": "..............................."}]