[{"uid": "38705310", "content": "用爱发电的是尼禄陛下（滑稽）"}, {"uid": "28120407", "content": "背后达克尼斯……噗！"}, {"uid": "24820923", "content": "氪金大佬karry全场"}, {"uid": "168230336", "content": "其实这个是原版(一脸严肃)"}, {"uid": "183394590", "content": "为（没有）会员的世界献上祝福"}, {"uid": "10371820", "content": "永生之酒哈哈哈"}, {"uid": "49402211", "content": "999"}, {"uid": "49402211", "content": "卧槽"}, {"uid": "16477894", "content": "每个fgo玩家的梦想"}, {"uid": "205308029", "content": "无缝衔接"}, {"uid": "1488381", "content": "23333333"}, {"uid": "258165", "content": "原来是拿了曹操的剧本"}, {"uid": "4479650", "content": "G胖~"}, {"uid": "9204437", "content": "卧槽  巨型肝帝啊"}, {"uid": "4873577", "content": "吃键盘吧，为双王的诞生献上礼炮"}, {"uid": "7632941", "content": "月球人：狂化ex！！"}, {"uid": "45819182", "content": "魔术师不是靠肝吗？"}, {"uid": "4325148", "content": "2333333333333"}, {"uid": "58931249", "content": "社会我路哥，人狠话不多"}, {"uid": "11081450", "content": "卧槽，好多！"}, {"uid": "944051", "content": "契约者又团灭了2333"}, {"uid": "27271492", "content": "2333333"}, {"uid": "175031145", "content": "令人智熄的操作"}, {"uid": "8193712", "content": "23333333333333333"}, {"uid": "8193712", "content": "23333333333333333333"}, {"uid": "8193712", "content": "23333333333333333333333"}, {"uid": "4796997", "content": "我去偶像大师"}, {"uid": "13643251", "content": "233333333333333"}, {"uid": "9316453", "content": "共享心脏"}, {"uid": "11879600", "content": "心脏交出来"}, {"uid": "86386460", "content": "↙这个是泷"}, {"uid": "32148266", "content": "哈哈哈哈哈"}, {"uid": "175400728", "content": "共享一下英灵吧"}, {"uid": "13622740", "content": "为什么，我的学妹没反伤"}, {"uid": "32573315", "content": "没写，不准备写了"}, {"uid": "86232653", "content": "hhhhhh"}, {"uid": "21713468", "content": "23333333 666666666"}, {"uid": "73861599", "content": "禁基的巨人"}, {"uid": "21967995", "content": "哇，好多心脏（流口水）"}, {"uid": "10811126", "content": "有少女心的肾二"}, {"uid": "60563524", "content": "终物语都躲不过"}, {"uid": "33809597", "content": "bgm:献出心脏"}, {"uid": "123326984", "content": "为什么要交给你？老娘是有尊严的人"}, {"uid": "38138920", "content": "有道理有道理"}, {"uid": "490709", "content": "所以你就掏心了吗"}, {"uid": "20616191", "content": "改变B萌历史的特异点"}, {"uid": "13911086", "content": "23333333333333"}, {"uid": "80002721", "content": "嗯,澳門停電了4天還沒全面恢復"}, {"uid": "13090053", "content": "hhhhhh萨斯噶武内p毫无违和感"}, {"uid": "13090053", "content": "好像没什么不对哈哈哈哈哈哈哈"}, {"uid": "34360752", "content": "鲁迅：我没说过，但我觉得他说的对"}, {"uid": "175595565", "content": "肾杯"}, {"uid": "94923180", "content": "飞哥就是幸运e啊"}, {"uid": "6942114", "content": "停电不用晚自习hhhhhh"}, {"uid": "35481737", "content": "要上了，英雄王，武器的储备还够吗"}, {"uid": "36207513", "content": "献出心脏"}, {"uid": "38198048", "content": "把心脏给我交出来！"}, {"uid": "107829309", "content": "献出心脏！！！"}, {"uid": "11744091", "content": "亚丝娜落选了，气死人了"}, {"uid": "4536431", "content": "够的够的全给医生了"}, {"uid": "27592069", "content": "诺克特:我每天弄发型的时间比我钓鱼的时间还长"}, {"uid": "18708562", "content": "月球人无法反驳"}, {"uid": "32289090", "content": "哈哈哈哈逸站指定二次元"}, {"uid": "7091210", "content": "那个男人又出现了"}, {"uid": "2887929", "content": "心臓を捧げよ"}, {"uid": "2887929", "content": "それでも世界は美しい"}, {"uid": "39392908", "content": "搞事啊哈哈哈哈哈哈哈哈哈"}, {"uid": "174589467", "content": "全程颜艺"}, {"uid": "26900160", "content": "少女心的二爷"}, {"uid": "96326", "content": "不怕大佬3000搞你们"}, {"uid": "23226251", "content": "够够够，全给玛修了(ಡωಡ) "}, {"uid": "113999228", "content": "woc"}, {"uid": "2604846", "content": "你们不能用钱来污染二次元，我们可是靠爱发电的.jpg"}, {"uid": "16863169", "content": "bgm满分"}, {"uid": "36062167", "content": "共享妹妹"}, {"uid": "27689788", "content": "这个剪辑很容易让人误会啊hhhhhhh"}, {"uid": "37223086", "content": "无限票制"}, {"uid": "20616191", "content": "~大家来抱抱萌萌哒小康娜吧~╮(￣▽￣)╭~"}, {"uid": "909732", "content": "献出心脏"}, {"uid": "21423143", "content": "献出心脏"}, {"uid": "355655", "content": "听到陛下的声音吓一跳"}, {"uid": "4598762", "content": "23333333"}, {"uid": "4598762", "content": "23333333"}, {"uid": "3351211", "content": "哈哈哈哈"}, {"uid": "8974549", "content": "对不起，天命真的可以为所欲为"}, {"uid": "23005198", "content": "吔"}, {"uid": "1397250", "content": "p得一手好图"}, {"uid": "51804287", "content": "hhhhhh"}, {"uid": "11563981", "content": "正在摸鱼（汗）"}, {"uid": "102100844", "content": "有道理有道理"}, {"uid": "163959557", "content": "令人窒息的操作"}, {"uid": "34345973", "content": "哇软谜真可爱"}, {"uid": "12640680", "content": "2333333333333"}, {"uid": "7278662", "content": "这是台湾停电时那边论坛上发的2333"}, {"uid": "7130077", "content": "哈哈哈哈哈"}, {"uid": "23286210", "content": "王舍不得劈掉自己的饭桌"}, {"uid": "7130077", "content": "哈哈哈哈哈哈哈哈"}, {"uid": "29857", "content": "别再黑ww啦 那是歧视残障人士"}, {"uid": "153068785", "content": "黑无毛：kao！劳资把饭桌打爆了还怎么吃饭！赶紧收波！"}, {"uid": "34913639", "content": "BGM:星星点灯"}, {"uid": "133399140", "content": "幸运e！！！求乐乐心里心里隐形面积"}, {"uid": "4160658", "content": "用爱发光"}, {"uid": "3484010", "content": "2333333333333"}, {"uid": "3484010", "content": "233333333333"}, {"uid": "133399140", "content": "社会我路哥 人狠话不多"}, {"uid": "20585442", "content": "飞哥……"}, {"uid": "20585442", "content": "666"}, {"uid": "10953141", "content": "好多！"}, {"uid": "10953141", "content": "给我心脏！！"}, {"uid": "1915847", "content": "上一个挑战月球势力的龙和人家都被掀了你台药丸"}, {"uid": "13450836", "content": "握草毫无违和感"}, {"uid": "13450836", "content": "心疼一下飞哥"}, {"uid": "13450836", "content": "噗"}, {"uid": "4074715", "content": "爱发电vs爱发光"}, {"uid": "5963700", "content": "这就是“有钱时可以为所欲为的”出处"}, {"uid": "108449536", "content": "二手的"}, {"uid": "108449536", "content": "共享一下你的老婆"}, {"uid": "640551", "content": "似谜叔"}, {"uid": "24871516", "content": "黄旭东：飞龙骑脸，怎么输？"}, {"uid": "44009623", "content": "woc"}, {"uid": "44009623", "content": "共享心脏？"}, {"uid": "44009623", "content": "这心脏"}, {"uid": "44009623", "content": "哈哈哈，不怕路哥来找你"}, {"uid": "44009623", "content": "2333"}, {"uid": "87688188", "content": "就算是路人也是个喂你吃了无数狗粮的路人，而且你还吃得津津有味"}, {"uid": "12697362", "content": "2333333333"}, {"uid": "20041044", "content": "大狗：老子不会自爆"}, {"uid": "104381457", "content": "我信了你的邪"}, {"uid": "26483262", "content": "666黑的漂亮"}, {"uid": "31914125", "content": "woc"}, {"uid": "7120941", "content": "bgm应景"}, {"uid": "6205864", "content": "233333333333333"}, {"uid": "13916824", "content": "飞哥啊！！"}, {"uid": "13916824", "content": "23333333"}, {"uid": "6586371", "content": "所以后面的抖m骑士是什么鬼？"}, {"uid": "34272401", "content": "壮哉我大巨人"}, {"uid": "5841084", "content": "原来私李！喵茶！"}, {"uid": "1274719", "content": "这个bgm无敌了"}, {"uid": "6205864", "content": "233333333333"}, {"uid": "4679832", "content": "好多契约者陨落了啊23333"}, {"uid": "7685770", "content": "2333333333333333333"}, {"uid": "6433656", "content": "72和阁下。（｡ò ∀ ó｡）"}, {"uid": "19995656", "content": "你的饭桌"}, {"uid": "19995656", "content": "你的饭桌"}, {"uid": "9319448", "content": "woc"}, {"uid": "97340936", "content": "女装可不止小女孩穿啊"}, {"uid": "292295", "content": "台湾停电？"}, {"uid": "195305", "content": "居然能接上"}, {"uid": "158504299", "content": "前排"}, {"uid": "31882006", "content": "我信了你的邪"}, {"uid": "20484471", "content": "23333333333"}, {"uid": "176909874", "content": "注意下方滚动新闻"}, {"uid": "86458533", "content": "一个房间，一个人，一只笔，一盏灯，一个奇迹"}, {"uid": "58931249", "content": "肾杯"}, {"uid": "6685228", "content": "哈哈哈哈6666666"}, {"uid": "32148266", "content": "哈哈哈哈哈"}, {"uid": "13622740", "content": "？？？？？？？？？？？？"}, {"uid": "96855917", "content": "又是核平的一天"}, {"uid": "21713468", "content": "233333333333333"}, {"uid": "10092231", "content": "就是因为萌二这样骂人，bgo玩家才会越想争口气"}, {"uid": "2789230", "content": "hhh"}, {"uid": "100821968", "content": "2333333"}, {"uid": "13911086", "content": "23333333"}, {"uid": "3915304", "content": "2333333333333333"}, {"uid": "951832", "content": "来了"}, {"uid": "88199658", "content": "肾杯"}, {"uid": "483027", "content": "Stella！"}, {"uid": "7048897", "content": "有钱真的能为所欲为哦.jpg"}, {"uid": "29673781", "content": "233333"}, {"uid": "12821423", "content": "又一个契约者陨落了"}, {"uid": "3117402", "content": "我们真爱票还有多少啊？！"}, {"uid": "28096637", "content": "这首歌来自（尽管如此世界依然美丽）"}, {"uid": "44627786", "content": "鲁迅:什么都是我说的"}, {"uid": "22750444", "content": "這段台詞都背別想騙我hhhhhh"}, {"uid": "56319878", "content": "萌王马修！燃王医生！为王的诞生献上炮礼！"}, {"uid": "16457140", "content": "震惊，广告区女主角进入决赛"}, {"uid": "4598762", "content": "23333333"}, {"uid": "4598762", "content": "233333333"}, {"uid": "15420799", "content": "玛修，罗曼，萌王不能输"}, {"uid": "12538077", "content": "stella"}, {"uid": "133399140", "content": "我信了你的邪！！"}, {"uid": "3484010", "content": "233333333333"}, {"uid": "13450836", "content": "饭桌的一个都别跑哈哈哈"}, {"uid": "11636109", "content": "卧槽是谜之声吗……"}, {"uid": "108449536", "content": "连月厨自己都不知道有多少真爱票"}, {"uid": "19358240", "content": "这个太天才了!"}, {"uid": "29282277", "content": "666666"}, {"uid": "28588635", "content": "233333"}, {"uid": "19131979", "content": "每颗星的消失代表着一个阿拉什和契约者的陨落"}, {"uid": "6205864", "content": "23333333333333"}, {"uid": "13916824", "content": "hhhhhh"}, {"uid": "29197485", "content": "刚刚"}, {"uid": "6205864", "content": "6666666666666"}, {"uid": "37744690", "content": "23333333333333"}, {"uid": "9319448", "content": "23333333"}, {"uid": "37618953", "content": "没有，下一个"}, {"uid": "80619140", "content": "前排"}, {"uid": "97340936", "content": "666666"}, {"uid": "14327192", "content": "23333333"}, {"uid": "23285662", "content": "前排"}, {"uid": "122526473", "content": "66666666"}, {"uid": "49402211", "content": "6666666"}, {"uid": "258165", "content": "没反应过来就换话题了"}, {"uid": "3660992", "content": "哆啦A梦？？！！"}, {"uid": "8918180", "content": "脚后跟承包"}, {"uid": "26143018", "content": "灵魂p图"}, {"uid": "11927935", "content": "233333"}, {"uid": "19575603", "content": "然后直播烧SABER手办，王厨下场，瞬间GG"}, {"uid": "28613482", "content": "嘟嘟噜"}, {"uid": "7787601", "content": "然而月球人承包双王"}, {"uid": "7265853", "content": "大英雄:我不服，那是我的羁绊礼装。STELAAAAAAAA"}, {"uid": "60563524", "content": "23333"}, {"uid": "100821968", "content": "666666666666666"}, {"uid": "13911086", "content": "233333333333333333333333"}, {"uid": "751115", "content": "赞美太阳！！"}, {"uid": "3915304", "content": "6666666666666"}, {"uid": "12412462", "content": "心疼舞娘"}, {"uid": "1391414", "content": "bgm : the shield of chaldeas"}, {"uid": "34577845", "content": "慎杯"}, {"uid": "4627115", "content": "肝……我的肝啊_(:з」∠)_"}, {"uid": "154094434", "content": "2333333"}, {"uid": "7405967", "content": "扎心了 没写完"}, {"uid": "1741359", "content": "2333333"}, {"uid": "2008823", "content": "砌我生猪肉（陷害我）"}, {"uid": "39111256", "content": "废狗党的胜利✌"}, {"uid": "3356850", "content": "0"}, {"uid": "34345973", "content": "谜破音了啊hhhh"}, {"uid": "158455818", "content": "2333"}, {"uid": "13450836", "content": "2333"}, {"uid": "35238260", "content": "233333、"}, {"uid": "16143274", "content": "Stella"}, {"uid": "108449536", "content": "猝不及防"}, {"uid": "2041467", "content": "别黑湾湾了23333"}, {"uid": "12697362", "content": "23333333333"}, {"uid": "228794", "content": "bgm说明一切了"}, {"uid": "37111356", "content": "666"}, {"uid": "13916824", "content": "233333333"}, {"uid": "12967925", "content": "cv梗23333"}, {"uid": "37387851", "content": "stella!"}, {"uid": "34272401", "content": "233333333"}, {"uid": "19995656", "content": "你的饭桌"}, {"uid": "12967925", "content": "2333333333"}, {"uid": "13916824", "content": "23333333"}, {"uid": "49971581", "content": "前一百万"}, {"uid": "31882006", "content": "满分作文"}, {"uid": "76878416", "content": "第一名"}, {"uid": "35280718", "content": "路哥看了想打人"}, {"uid": "39075914", "content": "666666"}, {"uid": "97340936", "content": "233333333"}, {"uid": "19480249", "content": "6666666666"}, {"uid": "8398162", "content": "12秒之前"}, {"uid": "317073330", "content": "闪闪得颜色"}, {"uid": "43685551", "content": "6666666"}, {"uid": "4985444", "content": "6666666"}, {"uid": "49742332", "content": "看成大小姐"}, {"uid": "58931249", "content": "路哥强无敌"}, {"uid": "37026453", "content": "666"}, {"uid": "27500077", "content": "前辈                                                     "}, {"uid": "38248419", "content": "哈哈哈哈哈哈哈哈哈哈哈哈"}, {"uid": "531818", "content": "hhhhhhh"}, {"uid": "35499438", "content": "献出心脏"}, {"uid": "35261218", "content": "66666"}, {"uid": "57603162", "content": "不过，"}, {"uid": "148183190", "content": "6666666"}, {"uid": "13911086", "content": "233333"}, {"uid": "951832", "content": "66666666"}, {"uid": "29834233", "content": "哈哈哈哈哈哈，大快人心"}, {"uid": "22289902", "content": "bgm grand battle"}, {"uid": "32834166", "content": "666666"}, {"uid": "11819879", "content": "猝不胜放"}, {"uid": "3117402", "content": "为阿塔打call"}, {"uid": "2896284", "content": "B萌"}, {"uid": "113999228", "content": "一个手机号可以投一个票"}, {"uid": "195404633", "content": "厉害了"}, {"uid": "39111256", "content": "废狗党的胜利✌"}, {"uid": "109254847", "content": "毫无违和感"}, {"uid": "35689803", "content": "好多契约者"}, {"uid": "123488", "content": "惠！"}, {"uid": "123488", "content": "月球人"}, {"uid": "27506876", "content": "你看，萌豚们都说了，我们月球人与狗不得投票，还被开除二籍。"}, {"uid": "4867828", "content": "菈菲尔都结婚了"}, {"uid": "40668252", "content": "233333"}, {"uid": "49018154", "content": "救命谜之声！！！假酒害人"}, {"uid": "7130077", "content": "君名以前刷了好几遍了"}, {"uid": "35889122", "content": "被自家饭桌打"}, {"uid": "7130077", "content": "剪辑的666666"}, {"uid": "29189016", "content": "对不起，福神组真的能为所欲为"}, {"uid": "5189791", "content": "怎么可以没有阿福"}, {"uid": "6922866", "content": "我惠要看烟花，就给她放一场最大的"}, {"uid": "81678746", "content": "没毛病"}, {"uid": "108449536", "content": "233333333"}, {"uid": "24179876", "content": "太坏了你"}, {"uid": "87688188", "content": "前天台风，停电停了三十多个小时"}, {"uid": "12697362", "content": "2333333333333"}, {"uid": "20041044", "content": "令人肝疼的bgm"}, {"uid": "3455493", "content": "66666"}, {"uid": "29062846", "content": "233333333333"}, {"uid": "11034368", "content": "???"}, {"uid": "6205864", "content": "66666666666"}, {"uid": "19995656", "content": "你的饭桌"}, {"uid": "98391575", "content": "what。。。。。"}, {"uid": "97340936", "content": "暂停看英文"}, {"uid": "97340936", "content": "没毛病"}, {"uid": "29295322", "content": "怎么没有弹幕"}, {"uid": "83858500", "content": "第二"}, {"uid": "37117562", "content": "木有"}, {"uid": "25544059", "content": "？？？？？？"}, {"uid": "71129011", "content": "啊啊啊，我的黑叔！！!!!"}, {"uid": "9645540", "content": "666666666666666"}, {"uid": "204447579", "content": "6666666666666666666666666666666666666666666666666666666666666666666666666666666666666666666666666666"}, {"uid": "258165", "content": "心疼慧慧"}, {"uid": "26692121", "content": "滑稽"}, {"uid": "38685515", "content": "大菊"}, {"uid": "45819182", "content": "有道理"}, {"uid": "13643251", "content": "23333333333333"}, {"uid": "3227214", "content": "这个skip让我想起了宝具无法跳过"}, {"uid": "28096637", "content": "很甜的番噢"}, {"uid": "39590599", "content": "杂兵ol音效"}, {"uid": "154094434", "content": "6666666"}, {"uid": "52131346", "content": "我信了你的邪"}, {"uid": "59395213", "content": "飞哥！"}, {"uid": "16039979", "content": "这BGM听到肝疼"}, {"uid": "77241956", "content": "一闪而过黑叔"}, {"uid": "39111256", "content": "废狗党的胜利✌"}, {"uid": "2168364", "content": "狗屎"}, {"uid": "27213147", "content": "笑出了声"}, {"uid": "27213147", "content": "Stella!"}, {"uid": "11245891", "content": "2333333"}, {"uid": "619292", "content": "心疼舞娘和布妈"}, {"uid": "37943701", "content": "哈哈哈”"}, {"uid": "4160658", "content": "哇这个歌"}, {"uid": "108449536", "content": "体育场…………"}, {"uid": "769128", "content": "66666666666666"}, {"uid": "85465510", "content": "黑叔那个你说对了"}, {"uid": "30517891", "content": "慎杯"}, {"uid": "108449536", "content": "23333333333"}, {"uid": "108449536", "content": "这对"}, {"uid": "49971581", "content": "2333333333333333333333333333"}, {"uid": "13916824", "content": "stella"}, {"uid": "19995656", "content": "你的饭桌"}, {"uid": "12967925", "content": "高产"}, {"uid": "9319448", "content": "2333333"}, {"uid": "9319448", "content": "6666666"}, {"uid": "31882006", "content": "666666666"}, {"uid": "36049441", "content": "666"}, {"uid": "9833649", "content": "第一次这么早。"}, {"uid": "24518942", "content": "大赛是了不起的意思啊"}, {"uid": "15523526", "content": "好燃"}, {"uid": "49402211", "content": "圣杯沈二"}, {"uid": "49402211", "content": "蛋蛋……"}, {"uid": "199240375", "content": "2333"}, {"uid": "1488381", "content": "6666666"}, {"uid": "49134988", "content": "Stella！！！"}, {"uid": "38207564", "content": "阁下被我承包了"}, {"uid": "2103463", "content": "哈哈哈哈哈哈这个棒读"}, {"uid": "175031145", "content": "流星72条"}, {"uid": "8193712", "content": "又玩声优梗"}, {"uid": "21435788", "content": "咋没有杰克吃心脏那段"}, {"uid": "131821541", "content": "没有"}, {"uid": "34193197", "content": "我笑抽了"}, {"uid": "38138920", "content": "噗，，，"}, {"uid": "11627008", "content": "stella"}, {"uid": "751115", "content": "赞美太阳！！！！"}, {"uid": "951832", "content": "666"}, {"uid": "85501079", "content": "毫无违和感"}, {"uid": "12022828", "content": "233333"}, {"uid": "22921369", "content": "23333333"}, {"uid": "122322982", "content": "嘟嘟噜"}, {"uid": "29668632", "content": "流星一条"}, {"uid": "6485611", "content": "没有暑假扎心了"}, {"uid": "11015350", "content": "skip很想点"}, {"uid": "27284773", "content": "Stella！"}, {"uid": "44627786", "content": "肝疼"}, {"uid": "4662303", "content": "这是不是一篇课文..."}, {"uid": "12822175", "content": "我是不是打开了高达"}, {"uid": "909732", "content": "无缝连接……"}, {"uid": "1741359", "content": "23"}, {"uid": "169055", "content": "承包谜叔~~"}, {"uid": "34358277", "content": "Lancer又死了！太没人性了！"}, {"uid": "31342460", "content": "圣人惠现在票也挺高的"}, {"uid": "21368545", "content": "天国的伊莉雅。。。。"}, {"uid": "28238", "content": "这TM是龙珠的音效吧2333"}, {"uid": "45388053", "content": "点了skip也跳不过广告！骗纸！哼～(╯°□°）╯︵ ┻━┻"}, {"uid": "2052226", "content": "逸统天下"}, {"uid": "7130077", "content": "boss战的bgm"}, {"uid": "12538077", "content": "stella"}, {"uid": "153068785", "content": "遥远的理想之城"}, {"uid": "517931", "content": "谜叔谜叔"}, {"uid": "13995964", "content": "反了"}, {"uid": "27018937", "content": "用爱发电笑死我了"}, {"uid": "108449536", "content": "茶叶蛋"}, {"uid": "108449536", "content": "6666666"}, {"uid": "94701493", "content": "尽管如此世界依然如此美丽！？"}, {"uid": "108449536", "content": "哈哈哈哈"}, {"uid": "169231117", "content": "好熟悉的bgm"}, {"uid": "87688188", "content": "刚刚那是爱回家？"}, {"uid": "91433604", "content": "e"}, {"uid": "13629", "content": "米苏一脸正经！"}, {"uid": "29062846", "content": "哈哈"}, {"uid": "108449536", "content": "啥"}, {"uid": "8764452", "content": "笑炸"}, {"uid": "1274719", "content": "毫无违和"}, {"uid": "9319448", "content": "我的饭桌啊啊"}, {"uid": "31882006", "content": "我的饭桌"}, {"uid": "97340936", "content": "美瞳哈哈哈哈"}, {"uid": "97340936", "content": "哈哈哈哈"}, {"uid": "97074632", "content": "没有"}, {"uid": "18999074", "content": "前一百"}, {"uid": "37977570", "content": "我信了你的邪啊"}, {"uid": "32385", "content": "grand battle"}, {"uid": "1488381", "content": "2233333"}, {"uid": "258165", "content": "我的学妹为什么不能反伤！"}, {"uid": "238597", "content": "哈哈哈"}, {"uid": "21782197", "content": "玛修真可爱"}, {"uid": "19303132", "content": "stella"}, {"uid": "30344328", "content": "开玩笑b战赢了我们压根就不会得到奖励，玛修和医生是真爱"}, {"uid": "24920391", "content": "契约者不会暴击"}, {"uid": "148183190", "content": "哈哈哈哈哈哈"}, {"uid": "3915304", "content": "三叶"}, {"uid": "82182792", "content": "为所欲为"}, {"uid": "25236723", "content": "已经奶死了，别说了"}, {"uid": "34427985", "content": "黑叔"}, {"uid": "32795649", "content": "这BGM选的真应景……"}, {"uid": "7091210", "content": "都是萌二，互相怼而已啦"}, {"uid": "4504450", "content": "已经是第三次大战了！"}, {"uid": "86442467", "content": "233"}, {"uid": "4627115", "content": "Stella！"}, {"uid": "21942081", "content": "stella"}, {"uid": "192978592", "content": "666"}, {"uid": "37223086", "content": "哈哈哈哈哈哈哈"}, {"uid": "53105506", "content": "流星一线"}, {"uid": "20616191", "content": "康娜是B萌唯一压制过玛修的，像去年狂三上午压制雷姆"}, {"uid": "15420799", "content": "噗hhh"}, {"uid": "12713497", "content": "摸鱼还行"}, {"uid": "1635280", "content": "哎黑一手湾湾就很舒服哈哈"}, {"uid": "5061218", "content": "黑！！！！！！！！"}, {"uid": "2168364", "content": "会不会给人一种…"}, {"uid": "36960520", "content": "抱歉，有钱是真的能为所欲为.jpg"}, {"uid": "4867828", "content": "天界有兽人吗？"}, {"uid": "102100844", "content": "23333"}, {"uid": "564375", "content": "運命～grand battle~"}, {"uid": "564375", "content": "又一个契约者死亡了"}, {"uid": "564375", "content": "武内p哈哈哈哈哈哈哈哈哈哈"}, {"uid": "7130077", "content": "大英雄：mmp"}, {"uid": "29189016", "content": "就我一个人感觉像口袋妖怪的音乐吗"}, {"uid": "5346033", "content": "？？？？？？？"}, {"uid": "34913639", "content": "这个是什么番"}, {"uid": "4160658", "content": "可以可以"}, {"uid": "1915847", "content": "不要妄想破坏璐哥在我心中的形象"}, {"uid": "13450836", "content": "理想的遥远之城"}, {"uid": "686199", "content": "又是声优梗"}, {"uid": "4074715", "content": "这首歌好久没听了"}, {"uid": "7259978", "content": "这句话明显骂bp吧23333"}, {"uid": "34107774", "content": " 刚刚"}, {"uid": "35835131", "content": "写完了，哈哈"}, {"uid": "44009623", "content": "是是是，我们BOG玩家都是三次元现充"}, {"uid": "91433604", "content": "e"}, {"uid": "32932042", "content": "变短了"}, {"uid": "35368504", "content": "为我大加藤打call"}, {"uid": "40522124", "content": "哈哈哈哈"}, {"uid": "108449536", "content": "三国喽"}, {"uid": "108449536", "content": "啊哈哈"}, {"uid": "3158", "content": "一记背刺"}, {"uid": "31882006", "content": "我的饭桌"}, {"uid": "9319448", "content": "飞哥你死的好惨啊"}, {"uid": "98637991", "content": "眼神？？？"}, {"uid": "97340936", "content": "茶叶蛋哈哈哈"}, {"uid": "292295", "content": "完全听不出是同CV啊"}, {"uid": "4048469", "content": "搞姬日常"}, {"uid": "33017262", "content": "泪目"}, {"uid": "160751", "content": "觉得月厨不是B站用户的出来晒空间编号啊"}, {"uid": "24484118", "content": "up人才"}, {"uid": "91722164", "content": "跪求此处bgm"}, {"uid": "20616191", "content": "用钱发电？2000欧元抽奖大佬都删博了，白骗了几千选票"}, {"uid": "2883481", "content": "好像是谜叔（痴汉脸"}, {"uid": "97181448", "content": "然而海贼王最近这个op的作词者就叫绫小路"}, {"uid": "37026453", "content": "猝不及防"}, {"uid": "10958072", "content": "谜叔声线？"}, {"uid": "13736338", "content": "月厨表示，5块收一张真爱票，先到先得"}, {"uid": "66239685", "content": "流星七条"}, {"uid": "44377735", "content": "诶呦王"}, {"uid": "27420111", "content": "233"}, {"uid": "18219946", "content": "开局一人一狗"}, {"uid": "35487465", "content": "BGM俄罗斯方块"}, {"uid": "6193589", "content": "地球保卫战"}, {"uid": "11819879", "content": "Stella！"}, {"uid": "25042997", "content": "二不起二不起"}, {"uid": "4110600", "content": "想按skip"}, {"uid": "37223086", "content": "Stella"}, {"uid": "36980232", "content": "这个可以用"}, {"uid": "2072000", "content": "尽管如此世界依然美丽的歌！"}, {"uid": "95515540", "content": "万年fate"}, {"uid": "60235077", "content": "去！"}, {"uid": "5397884", "content": "慎杯hhhh"}, {"uid": "25327036", "content": "确实我自己都不知道自己有多少"}, {"uid": "7130077", "content": "哈哈哈哈哈哈   "}, {"uid": "37943701", "content": "哈哈哈"}, {"uid": "20585442", "content": "阿拉什又死了！"}, {"uid": "13856463", "content": "二爷"}, {"uid": "66871848", "content": "哈哈哈"}, {"uid": "2910285", "content": "~"}, {"uid": "14623881", "content": "BGM！"}, {"uid": "4074715", "content": "达克尼斯貌似玩的很开心"}, {"uid": "23381821", "content": "我第几？"}, {"uid": "34107774", "content": "刚刚"}, {"uid": "104381457", "content": "水土不服就服你"}, {"uid": "107838344", "content": "00"}, {"uid": "34272401", "content": "献出心脏"}, {"uid": "231919", "content": "好坏啊！"}, {"uid": "292295", "content": "有毒"}, {"uid": "97340936", "content": "大局是谁？"}, {"uid": "37928641", "content": "黑叔！"}, {"uid": "15003669", "content": "66666"}, {"uid": "97340936", "content": "噗哈哈哈"}, {"uid": "83858500", "content": "第二"}, {"uid": "14435396", "content": "？？？？？"}, {"uid": "14435396", "content": "？？？？？？"}, {"uid": "39187544", "content": "讲真，脚月群什么都是笑话。"}, {"uid": "258165", "content": "果然是这个···"}, {"uid": "19728306", "content": "要不是这个背刺，我觉得第六章出来。好好玩游戏。谁管什么B萌啊？????"}, {"uid": "58931249", "content": "不求功与名，潜心草大局"}, {"uid": "5390894", "content": "吃不起茶叶蛋~"}, {"uid": "8436532", "content": "停电hhhh"}, {"uid": "2064441", "content": "Stell"}, {"uid": "2789230", "content": "遭了我好想点那个skip啊"}, {"uid": "13911086", "content": "23333"}, {"uid": "162979130", "content": "你真把acg的g当gay了"}, {"uid": "12022828", "content": "66666"}, {"uid": "87577654", "content": "突然肝疼"}, {"uid": "11045686", "content": "6666"}, {"uid": "14016184", "content": "stella"}, {"uid": "34225434", "content": "尼玛我的伊莉雅"}, {"uid": "7091210", "content": "吃茶叶蛋喷了"}, {"uid": "100992668", "content": "没有，扎心了"}, {"uid": "38058414", "content": "慎杯"}, {"uid": "18531415", "content": "黑叔!!!!!"}, {"uid": "12919198", "content": "契约者死了哈哈哈哈"}, {"uid": "37223086", "content": "我的饭桌！！"}, {"uid": "39511690", "content": "我都不知道我是什么籍的"}, {"uid": "4159782", "content": "bgm是俄罗斯方块的"}, {"uid": "531931", "content": "脑洞服"}, {"uid": "137660924", "content": "啊，我的肝啊"}, {"uid": "83849", "content": "一瞬间没意识到这是粤语"}, {"uid": "7130077", "content": "有钱就是可以为所欲为"}, {"uid": "7130077", "content": "66666"}, {"uid": "2021263", "content": "这么黑湾湾"}, {"uid": "5346033", "content": "信了你的邪"}, {"uid": "13730380", "content": "学妹！！！！"}, {"uid": "74016889", "content": "糸守爆炸原来是喵茶的锅"}, {"uid": "20585442", "content": "没了"}, {"uid": "20585442", "content": "233"}, {"uid": "10248", "content": "然而这个时间点泥潭婆罗门已经坐不住了"}, {"uid": "33700075", "content": "666666666666"}, {"uid": "108449536", "content": "BGM喷了"}, {"uid": "3869860", "content": "晚上好呀"}, {"uid": "87688188", "content": "讯哥儿瞩目"}, {"uid": "37782792", "content": "bgm是游戏里的吧"}, {"uid": "34441173", "content": "慎杯。"}, {"uid": "4718437", "content": "这不是电学吗？~~"}, {"uid": "3455493", "content": "这声音是迷叔吗？"}, {"uid": "1816047", "content": "大局是谁"}, {"uid": "5617641", "content": "红红火火恍恍惚惚"}, {"uid": "20682497", "content": "刚刚乱入了个黑叔吗？"}, {"uid": "85906521", "content": "第一"}, {"uid": "9319448", "content": "stella"}, {"uid": "97074632", "content": "哈哈哈"}, {"uid": "39385549", "content": "啥"}, {"uid": "39385549", "content": "这明明是流星十条"}, {"uid": "8890136", "content": "第一"}, {"uid": "37727637", "content": "Stella！"}, {"uid": "45564886", "content": "哈哈哈，说得好"}, {"uid": "98807718", "content": "这，毫无违和感"}, {"uid": "21240847", "content": "666"}, {"uid": "6428285", "content": "终章的自爆bgm....."}, {"uid": "8355586", "content": "噗"}, {"uid": "8436532", "content": "hhhhhhh武内p"}, {"uid": "23486106", "content": "杂兵宇宙图音效"}, {"uid": "18668171", "content": "......这个bgm"}, {"uid": "29673781", "content": "求你们给学妹投一张票。"}, {"uid": "6193589", "content": "这么看来，我真是哔了型月了"}, {"uid": "22921369", "content": "可以的"}, {"uid": "16863169", "content": "bgm没毛病"}, {"uid": "1829007", "content": "哦 我们又被开除b站用户了么"}, {"uid": "87409148", "content": "啊嘞？"}, {"uid": "564375", "content": "黑叔啊啊啊啊啊啊啊啊"}, {"uid": "7130077", "content": "二爷哈哈哈哈哈哈哈哈哈"}, {"uid": "21252561", "content": "流星一条"}, {"uid": "44104720", "content": "别拿真的骗我"}, {"uid": "28345045", "content": "50分钟前"}, {"uid": "33975014", "content": "我还没投呢"}, {"uid": "108449536", "content": "哎呦连着的啊"}, {"uid": "94701493", "content": "这个BGM把我炸出来了"}, {"uid": "15614376", "content": "狗才摸鱼"}, {"uid": "59363444", "content": "為啥我的學妹沒辦法反傷~!!"}, {"uid": "16862650", "content": "三叶：MMP"}, {"uid": "1816047", "content": "Stella！！！"}, {"uid": "4876550", "content": "游戏和动漫还能撕，笑死我了，一群两边占的人看的尴尬得一比"}, {"uid": "15102508", "content": "龟派气功波"}, {"uid": "18189517", "content": "一颗SO，AOU，核弹的储备还够吗？？？"}, {"uid": "18189517", "content": "死爹啦！！！！！"}, {"uid": "430902", "content": "然而支援的动画也是碾压性的"}, {"uid": "14534945", "content": "少女幻葬是八云蓝的bgm八云紫的bgm是死亡幻想曲"}, {"uid": "32475601", "content": "exm？？？"}, {"uid": "30933820", "content": "玛修有人用小号刷投票，还上第一？"}, {"uid": "206126050", "content": "我想不通啊，做得挺好的啊？为什么看的人这么少"}, {"uid": "4048469", "content": "魔蛋之王与战姬"}, {"uid": "107506671", "content": "白莲花"}, {"uid": "1882020", "content": "無語這種沒啥人的地方"}, {"uid": "204447579", "content": "这个广告是什么鬼，好方。"}, {"uid": "49402211", "content": "巨人……"}, {"uid": "23726674", "content": "我蕾某人用。。。对不起走错了"}, {"uid": "19728306", "content": "要不是这个被刺EX,我们就不会狂化EX????"}, {"uid": "32647217", "content": "虽然我在b站看动漫，但我还这真不知道有b萌，要不是康纳闹这么大……"}, {"uid": "18557309", "content": "那不就是脸瘫吗？"}, {"uid": "74600237", "content": "沒有"}, {"uid": "167143954", "content": "月球双王了"}, {"uid": "167143954", "content": "作为月球人我竟无言以对"}, {"uid": "22239362", "content": "这不是龙珠的战斗音效么！"}, {"uid": "166261775", "content": "emmm没有"}, {"uid": "29257032", "content": "我家伊莉雅的小心脏啊啊啊啊啊啊！"}, {"uid": "16019916", "content": "我记得好像叫kiss in the rain"}, {"uid": "45819182", "content": "还没开动"}, {"uid": "18856942", "content": "抱歉，今年fgo大一统了……"}, {"uid": "23546056", "content": "黄字笑死我了 游戏玩家有号不代表有手机号啊"}, {"uid": "111195856", "content": "玛修没了就不看了"}, {"uid": "944051", "content": "李瞬生，斯你"}, {"uid": "8193712", "content": "又虐二爷"}, {"uid": "67769247", "content": "暗示了"}, {"uid": "54756221", "content": "全程看下面吐槽的只有我吗？"}, {"uid": "34572056", "content": "2017 8 27 学妹和医生夺冠"}, {"uid": "5683348", "content": "不，天下两分"}, {"uid": "13719815", "content": "马修马修人理之恶后援团来支援马修"}, {"uid": "8130054", "content": "又死了一堆契约者"}, {"uid": "8130054", "content": "契约者又死了"}, {"uid": "86103453", "content": "我fate招惹谁了……"}, {"uid": "24053929", "content": "我们月球人不仅有七八个石头号，还有七八部手机"}, {"uid": "24135337", "content": "你这视频怕不是要引战哦"}, {"uid": "4024879", "content": "你都在说啥？"}, {"uid": "29670486", "content": "玛修必须赢！！！！"}, {"uid": "345058", "content": "要上了，本子王，真爱票的储量还充足吗？！"}, {"uid": "43763986", "content": "我老婆才不给你们，。。。。。。。她是十香"}, {"uid": "49935227", "content": "已经凉了"}, {"uid": "10092231", "content": "闭嘴，无耻老贼"}, {"uid": "17262106", "content": "倾家荡产压我惠"}, {"uid": "42518553", "content": "萌王是玛修！"}, {"uid": "13911086", "content": "？？？？？？？？？？？？？？？？？"}, {"uid": "13911086", "content": "？？？？？？？？？？？？？？？？？？？？？？？？？？？"}, {"uid": "51802241", "content": "凉了"}, {"uid": "27420111", "content": "契约者不会做梦"}, {"uid": "71589259", "content": "为牧濑红莉栖/土豪十七/助手/克里斯蒂娜/我心目中的女主刷一波"}, {"uid": "71589259", "content": "我怎么感觉像星矢？"}, {"uid": "3915304", "content": "尼玛"}, {"uid": "13900420", "content": "龙珠音效"}, {"uid": "11740098", "content": "说的是物语系列没有路人"}, {"uid": "34211898", "content": "抱歉，有钱真的可以为所欲为"}, {"uid": "71648380", "content": "在fgo的bgm中马修不可能输"}, {"uid": "71648380", "content": "谁是萌王自己心里没点b数玛"}, {"uid": "1902787", "content": "学妹票要求吗。自动就上去了好吗10块钱一张差不多呗"}, {"uid": "21223819", "content": "大局是谁"}, {"uid": "161838323", "content": "绝对是玛修"}, {"uid": "11744091", "content": "亚丝娜啊"}, {"uid": "10209367", "content": "revo。。。"}, {"uid": "31371768", "content": "死爹啦～"}, {"uid": "52731062", "content": "广告。。。"}, {"uid": "2614390", "content": "bgo,bgo  萌王是谁心里还没点b数吗，滑稽"}, {"uid": "14340093", "content": "是是是，二不起，二不起"}, {"uid": "43830261", "content": "话说这样是引战哪！！"}, {"uid": "7240930", "content": " 八云紫角色歌"}, {"uid": "18708562", "content": "闪闪这个不对吧hhhhhhhhh"}, {"uid": "44575789", "content": "请投学妹"}, {"uid": "18877312", "content": "为什么是大狗的stella"}, {"uid": "34225434", "content": "当我听不懂日文吧"}, {"uid": "626980", "content": "是是是，要不是这个背刺，谁来玩这个B萌啊"}, {"uid": "3117402", "content": "王厨下场了，啧啧啧"}, {"uid": "7612167", "content": "龙珠"}, {"uid": "39392908", "content": "哈哈哈哈哈哈哈哈哈哈哈哈哈哈哈哈哈哈哈哈哈哈哈哈哈哈哈"}, {"uid": "5563720", "content": "不是大英雄吗？"}, {"uid": "91407648", "content": "大英雄又死了"}, {"uid": "96326", "content": "泥潭已经被睿国收了 笑什么笑都是一国人"}, {"uid": "4627115", "content": "洉了，不要黑脑壳痛他们ԅ(¯ㅂ¯ԅ)"}, {"uid": "74431169", "content": "求bm"}, {"uid": "62802156", "content": "圣人惠"}, {"uid": "23002285", "content": "二不起，二不起"}, {"uid": "84510214", "content": "马修马修"}, {"uid": "13827333", "content": "扯淡，我们现充go都是四次元无机链合物了"}, {"uid": "52131346", "content": "水土不服就服你"}, {"uid": "6446289", "content": "枪兵又死了，真没人性"}, {"uid": "32056890", "content": "良心一阵抽痛"}, {"uid": "53105506", "content": "不应该是，为啥体育馆有电，为啥我这没电吗。"}, {"uid": "20616191", "content": "游戏玩家都几个石头号，动漫党只有一个"}, {"uid": "39511690", "content": "是是是，二不起二不起"}, {"uid": "34947806", "content": "泰罗"}, {"uid": "46232153", "content": "神TD广告"}, {"uid": "151397443", "content": "@湾湾"}, {"uid": "2008823", "content": "你冇以为有钱大嗮啊"}, {"uid": "8156045", "content": "都被开二籍了，内什么战"}, {"uid": "12946512", "content": "黝黑3000"}, {"uid": "39111256", "content": "废狗党的胜利"}, {"uid": "39111256", "content": "废狗党的胜利"}, {"uid": "39111256", "content": "废狗党的胜利"}, {"uid": "39111256", "content": "废狗党的胜利"}, {"uid": "39111256", "content": "废狗党的胜利"}, {"uid": "39111256", "content": "废狗党的胜利"}, {"uid": "39111256", "content": "废狗党的胜利"}, {"uid": "39111256", "content": "废狗党的胜利"}, {"uid": "39111256", "content": "废狗党的胜利"}, {"uid": "2072000", "content": "物语没人？啊？"}, {"uid": "2072000", "content": "凭什么说我们有黑幕啊，讲真我只是爱的比较深而已"}, {"uid": "2072000", "content": "医生必须赢！"}, {"uid": "10942604", "content": "玛修确定"}, {"uid": "24715858", "content": "二不起"}, {"uid": "2845411", "content": "补了16天课的路过"}, {"uid": "35689803", "content": "又有多少契约者死了?"}, {"uid": "35689803", "content": "契约者不会做梦"}, {"uid": "8624558", "content": "莫名其妙高达"}, {"uid": "2168364", "content": "爽到"}, {"uid": "92213720", "content": "为兵长献出.........................抱歉走错片场了"}, {"uid": "35704450", "content": "二不起二不起，我们都被开除二籍了"}, {"uid": "27506876", "content": "回家洗洗睡，额，不对，忘了BGO玩家不用睡觉…………"}, {"uid": "579133", "content": "圣人惠都凉了"}, {"uid": "27632539", "content": "meiyou，cnm（手动滑稽¥"}, {"uid": "20851397", "content": "啊啊啊啊，还有三本没写啊啊啊啊"}, {"uid": "10846336", "content": "台电中油"}, {"uid": "7130077", "content": "少女幻葬"}, {"uid": "2021263", "content": "有程序员啊"}, {"uid": "2021263", "content": "喷了"}, {"uid": "113999228", "content": "我们月球人又被开除二籍了？"}, {"uid": "619292", "content": "鞭尸np回的多笑尿"}, {"uid": "3389494", "content": "野  獸  先  輩"}, {"uid": "3389494", "content": "哇！是S1娘！19191919！！！"}, {"uid": "22062715", "content": "非啊"}, {"uid": "87605656", "content": "哇，好多契约者诞生"}, {"uid": "43668322", "content": "说倒贴那位你想表达什么请去评论区，没人在乎你喜欢什么。"}, {"uid": "20585442", "content": "饭桌带我一个！"}, {"uid": "15428646", "content": "火火火"}, {"uid": "4160658", "content": "大狗又死了！"}, {"uid": "12424161", "content": "不太可能是玛修"}, {"uid": "29052129", "content": "似李，龙珠"}, {"uid": "3975295", "content": "p折大狗皮的枪阶大英雄???"}, {"uid": "74478711", "content": "萌王玛修，学妹赛高！"}, {"uid": "2053310", "content": "枪兵又死了？真没人性"}, {"uid": "5963700", "content": "玩声优梗啊.."}, {"uid": "73908304", "content": "小樱赢了"}, {"uid": "686199", "content": "武内p"}, {"uid": "4074715", "content": "看了，我决定去螚死他"}, {"uid": "33700075", "content": "牛批"}, {"uid": "83035225", "content": "奉献吧，奉献吧，献出你们的心脏"}, {"uid": "74375130", "content": "没有，滚"}, {"uid": "22375336", "content": "卫宫巨侠"}, {"uid": "108449536", "content": "吐槽优酷独播喽"}, {"uid": "35943034", "content": "这是什么嘛电视剧呀"}, {"uid": "108449536", "content": "猪…………"}, {"uid": "4031324", "content": "妖兽了 谜叔喝多了！！！！！！！！！"}, {"uid": "7259978", "content": "是是是，你们白嫖有理"}, {"uid": "11257822", "content": "这帮个忙满满的恶意"}, {"uid": "23955850", "content": "这里的bgm在某个歌单里都听过⊙▽⊙"}, {"uid": "85494251", "content": "没有，滚"}, {"uid": "87688188", "content": "我惠赛高！"}, {"uid": "37782792", "content": "讲个笑话 fgo玩家不能参加b萌"}, {"uid": "12766857", "content": "弯弯日常用爱发电，什么停电了？那是爱不够"}, {"uid": "35368504", "content": "真爱票给我老婆加藤惠，"}, {"uid": "4347144", "content": "25分钟"}, {"uid": "3183992", "content": "吐槽PPT吗。。。。。"}, {"uid": "36556104", "content": "然而圣人惠都快凉了"}, {"uid": "23442129", "content": "用爱发电"}, {"uid": "1518805", "content": "死了好多契约者"}, {"uid": "30517891", "content": "死爹啦"}, {"uid": "20761132", "content": "啧啧啧"}, {"uid": "71647636", "content": "萌王玛修！学妹赛高！"}, {"uid": "16079229", "content": "我觉得是EVA？"}, {"uid": "24054845", "content": "关上前712的门"}, {"uid": "85906521", "content": "蛋蛋"}, {"uid": "66759216", "content": "你不要茜了吗"}, {"uid": "158504299", "content": "有人吗"}, {"uid": "34812253", "content": "如果奇迹有颜色，那它一定是橙色"}, {"uid": "34812253", "content": "如果奇迹有颜色，那它一定是橙色"}, {"uid": "34812253", "content": "如果奇迹有颜色，那它一定是橙色"}, {"uid": "2776912", "content": "吐槽不能。。"}, {"uid": "9319448", "content": "秃子"}, {"uid": "11247736", "content": "刚才是龙珠的音效把？？？"}, {"uid": "1816047", "content": "同cv"}, {"uid": "292295", "content": "啧啧啧"}, {"uid": "1614148", "content": "cv梗呀"}, {"uid": "19995656", "content": "只身挡月的拉拉蒂娜"}, {"uid": "31882006", "content": "关上前50的大门"}, {"uid": "37117562", "content": "up会玩"}, {"uid": "29295322", "content": "哎～"}]