[{"uid": "15358086", "content": "卧槽"}, {"uid": "4326746", "content": "爱了爱了，告诉s1娘我晚上不回家吃饭了"}, {"uid": "17814148", "content": "初体验好"}, {"uid": "538817", "content": "这也太过拉胯了吧"}, {"uid": "281453", "content": "kksk"}, {"uid": "7998266", "content": "草"}, {"uid": "87673685", "content": "怎么除了清楚没有别的属性？"}, {"uid": "23001624", "content": "???"}, {"uid": "87462", "content": "是大王"}, {"uid": "2872134", "content": "我QQ响了，我不看了"}, {"uid": "2872134", "content": "开幕拉跨的女人"}, {"uid": "6760166", "content": "好！"}]