[{"uid": "21158586", "content": "柯南的后劲一般也就五倍多点。。"}, {"uid": "3588528", "content": "eva的销量算是前无古人后无来者了"}, {"uid": "14357614", "content": "电影都没听说过"}, {"uid": "381356", "content": "毕竟和深夜动画不在一个量级"}, {"uid": "199855356", "content": "命运石"}, {"uid": "112994", "content": "初代交响诗篇质量很高！"}, {"uid": "1311741", "content": "同期怎么没竞争？你看不到就是没有？"}, {"uid": "1311741", "content": "战狼2是现象级就跟你的名字一样，都是出乎意料的片子"}, {"uid": "111278598", "content": "EX咖喱棒"}, {"uid": "274619", "content": "原来有新作剧场上映啊！"}, {"uid": "274619", "content": "反正厨子坐车两小时看场动画也不会嫌"}, {"uid": "16098507", "content": "其实我还是挺喜欢ao的(ao色)"}, {"uid": "16098507", "content": "escape！！！"}, {"uid": "17903757", "content": "哈哈为托尔打call~"}, {"uid": "5420010", "content": "票房很迷的"}, {"uid": "528537", "content": "惊了这个有电影= =！"}, {"uid": "518674", "content": "300馆以上却不到20亿票房的打上花火，该砍新房还是川村的头呢？"}, {"uid": "19248762", "content": "为小新大Call"}, {"uid": "14119654", "content": "比如说君名"}, {"uid": "86673406", "content": "一上来就是京紫"}, {"uid": "85894087", "content": "报告组织，一周前己经破十亿了"}, {"uid": "89377718", "content": "助手红"}, {"uid": "36573580", "content": "为nico疯狂打call"}, {"uid": "36573580", "content": "为果疯狂打call"}, {"uid": "13395648", "content": "名字是买断了吧"}, {"uid": "14397759", "content": "不要再刷中国队长2了好吗，一个R级片，同期还没竞争，数字还被吹上天了"}, {"uid": "152409981", "content": "你的名字"}, {"uid": "14984572", "content": "为啥把目隐都市放到这里……"}, {"uid": "7204742", "content": "未闻花名剧场版完全是坑粉丝"}, {"uid": "7204742", "content": "@银魂剧场版红缨篇"}, {"uid": "17411493", "content": "三次元过来的想说动画票房都好高啊 真人能有20y就hit了"}, {"uid": "626560", "content": "礼装听着像女装"}, {"uid": "806743", "content": "哈哈哈哈哈"}, {"uid": "773423", "content": "大爱魔女宅急便"}, {"uid": "9268181", "content": "一首借不到的凉凉送给up"}, {"uid": "17901172", "content": "hf要是中国上映你猜会不会爆炸"}, {"uid": "21511834", "content": "还好我有 我这一首情歌"}, {"uid": "21511834", "content": "你和我 十指紧扣"}, {"uid": "21511834", "content": "你写给我 我的第一首歌"}, {"uid": "15259063", "content": "音乐还是可以的"}, {"uid": "15259063", "content": "名字都没听过。。。"}, {"uid": "15259063", "content": "三大邪教"}, {"uid": "15259063", "content": "SHI一样的加速剧场版"}, {"uid": "1897328", "content": "女装？？"}, {"uid": "15259063", "content": "然而在广州上映，分分钟给你爆满"}, {"uid": "15259063", "content": "高达SEED剧场版？"}, {"uid": "19805378", "content": "卫宫巨侠剧情感觉有点赶，节奏太快感觉跟不上233"}, {"uid": "58331", "content": "前面的，本身放映方都会有分成的好不？"}, {"uid": "58331", "content": "蒸汽男孩 这种制作 不赔都难啊"}, {"uid": "206615", "content": "很好，我大交响"}, {"uid": "206615", "content": "没事，我就想看看马戏而已"}, {"uid": "14990140", "content": "这个足控是啥片子"}, {"uid": "15579730", "content": "战狼2 算什么后劲？"}, {"uid": "206615", "content": "哪有那么容易8W8"}, {"uid": "101680705", "content": "你需要雷总宣传"}, {"uid": "2865301", "content": "准备去看看烟花到底有多惨"}, {"uid": "22139156", "content": "厉害  两亿美元不低了"}, {"uid": "141088", "content": "还挺喜欢交响诗篇"}, {"uid": "10212219", "content": "是你  战场原荡漾"}, {"uid": "109812199", "content": "王の微笑"}, {"uid": "1386156", "content": "胡说！"}, {"uid": "21260438", "content": "我朋友买了9张你的名字的票"}, {"uid": "109812199", "content": "看。。。看片？？？"}, {"uid": "6805877", "content": "在中国分分钟让你爆棚"}, {"uid": "3484010", "content": "23333"}, {"uid": "208780681", "content": "声之形"}, {"uid": "29755", "content": "原谅毛～"}, {"uid": "275944", "content": "难怪要来中国"}, {"uid": "204764178", "content": "有道理"}, {"uid": "13744052", "content": "交响诗篇啊  太久了...."}, {"uid": "908575", "content": "日本电影哪有用分账片配额的资格。都是直接买断的"}, {"uid": "769181", "content": "溜了溜了"}, {"uid": "165199336", "content": "妄想学生会真的好看，能笑成傻子"}, {"uid": "314399", "content": "这片剧场版一堆老画面，搞毛啊"}, {"uid": "314399", "content": "中国有实时票房~~~~~~"}, {"uid": "314399", "content": "哈哈哈"}, {"uid": "314399", "content": "今年放烟花，看雾霾"}, {"uid": "314399", "content": "侧耳倾听"}, {"uid": "314399", "content": "所谓白鹅纪TV动画化"}, {"uid": "314399", "content": "大海鱼塘来钓鱼"}, {"uid": "564375", "content": "月R头上一把土。"}, {"uid": "65918759", "content": "S1小姐姐感冒好了啊，很好0.0"}, {"uid": "39605459", "content": "安利一波壁吧，壁吧也有销量追踪专楼"}, {"uid": "158557025", "content": "乐园追放，这个蛮好看的"}, {"uid": "15213924", "content": "交响诗篇第一季好看"}, {"uid": "7188570", "content": "交响诗篇AO有一集特别篇，男主女装，跟他母亲一模一样..."}, {"uid": "7188570", "content": "这样男主所生活的地球就不会再有珊瑚礁出现了，男主救安全了"}, {"uid": "7188570", "content": "最后男主老爹跟着跑到地球，决定用结晶体回到过去"}, {"uid": "7188570", "content": "使用结晶矿抵达没有珊瑚礁的世界（地球），并生下了男主"}, {"uid": "7188570", "content": "老爹使用了结晶矿（类似某个万年被嫌弃的破杯子）"}, {"uid": "7188570", "content": "这样珊瑚粒子浓度下降，男主就能活下来了"}, {"uid": "7188570", "content": "为了让男主活下来，老爹和老娘决定把珊瑚礁全部摧毁"}, {"uid": "7188570", "content": "珊瑚礁粒子太浓，导致两人结合的孩子会珊瑚化（石化）"}, {"uid": "7188570", "content": "交响诗篇AO，儿子跟娘长的完全一模一样系列"}, {"uid": "2529004", "content": "我有個想法應該在電影結尾放下禮裝提取碼彩蛋 只有看完的人才能領"}, {"uid": "2529004", "content": "因為影院少檔期短想去看也買不到票 只能去動漫店買BD來看"}, {"uid": "12953724", "content": "命运石在天朝上映路人看估计能睡一片"}, {"uid": "112366", "content": "居然拿AO做结尾，其心可诛"}, {"uid": "14029771", "content": "国内要抽提成的，日方只能拿到百分之40甚至只有百分之10！"}, {"uid": "304481", "content": "讲的实在是太乱了，简直就是不让人看懂"}, {"uid": "10614", "content": "用一个屏幕所赚取的票房来分析该片是赚是赔"}, {"uid": "10614", "content": "10年本篇UBW剧场版上映馆数更少 只有13馆"}, {"uid": "2162915", "content": "骨头的电波又暴死了"}, {"uid": "2162915", "content": "南泽。。这车开的猝不及防"}, {"uid": "12024140", "content": "毕竟是南泽十八，感觉不能看那些大众向的影评"}, {"uid": "1758599", "content": "一首凉凉送给交响诗篇"}, {"uid": "1758599", "content": "少战剧场版不是史诗级后劲吗……"}, {"uid": "1758599", "content": "卫宫巨侠传好惨啊233333"}, {"uid": "1959909", "content": "可怜的交响"}, {"uid": "1758599", "content": "那岂不是一个县才一家影院上映？？"}, {"uid": "12028194", "content": "扎心了~T^T"}, {"uid": "10254019", "content": "少女与战车！"}, {"uid": "8016049", "content": "顺便，hf的重点还是在二三章，特别是第三章的时髦值"}, {"uid": "56413", "content": "凉了凉了"}, {"uid": "28238", "content": "所以说新剧场版好看不= =？"}, {"uid": "96938813", "content": "233333"}, {"uid": "931062", "content": "AO"}, {"uid": "948952", "content": "突然感觉UP也已经快凉了。。"}, {"uid": "97340936", "content": "给给给"}, {"uid": "97340936", "content": "23333333333"}, {"uid": "16907491", "content": "这运镜，似李！南泽十八！"}, {"uid": "292295", "content": "看起来就不是能大卖的【"}, {"uid": "948952", "content": "刚出来就被玩儿坏了。。也是可以"}, {"uid": "7685770", "content": "交响诗篇就第一部TV最棒了"}, {"uid": "19153856", "content": "哈哈哈哈哈哈黑王冠"}, {"uid": "7685770", "content": "君名完全是冲着诚哥才去刷了3遍的"}, {"uid": "97340936", "content": "一宽=883"}, {"uid": "97340936", "content": "是的，非常爽23333"}, {"uid": "37420995", "content": "然后你就放了交响诗篇的歌"}, {"uid": "101576226", "content": "2333333333333333333"}, {"uid": "111278598", "content": "结衣酱"}, {"uid": "36573580", "content": "为海疯狂打call"}, {"uid": "169458254", "content": "火车五厘米"}, {"uid": "564375", "content": "瘦死的物语比马大……"}, {"uid": "7188570", "content": "然后在男主小的时候，为了阻止结晶体接触珊瑚礁爆炸（爆炸会波及男主）"}, {"uid": "12953724", "content": "我们这儿当时火影和银魂排片挺多的"}, {"uid": "81459897", "content": "这个不是前段时间的那个白鹅记的专栏文章吗"}, {"uid": "292295", "content": "爽爆"}, {"uid": "279340", "content": "日常(1/1)"}, {"uid": "225564383", "content": "嗯。。。 果然是玄学"}, {"uid": "588702", "content": "bones又要打几年工了？"}, {"uid": "40766488", "content": "壮哉我大海贼"}, {"uid": "286462", "content": "烟花啊"}, {"uid": "36573580", "content": "为凛疯狂打call"}, {"uid": "36573580", "content": "为maki疯狂打call"}, {"uid": "17715309", "content": "No Game No Life Zero"}, {"uid": "206615", "content": "关注壁吧 让你学习"}, {"uid": "52828560", "content": "2333333333333"}, {"uid": "8713243", "content": "这个不用观影的，去电影院定位都有"}, {"uid": "12877073", "content": "这就很担心一月fe的成绩了，蓝泽十八加大众向的作品，想起暴死的阳炎"}, {"uid": "15283962", "content": "这无比物语的画风……"}, {"uid": "314399", "content": "为啥放石头门的画面"}, {"uid": "314399", "content": "SAO啊"}, {"uid": "7188570", "content": "所以她也受到了攻击，最后主角母亲在怀孕期间"}, {"uid": "112366", "content": "久石让还行，又会作曲又会拍片的天才吗"}, {"uid": "2656783", "content": "开头走脚步这是什么番？"}, {"uid": "16907491", "content": "和壁吧抢生意啦！"}, {"uid": "6645631", "content": "这个特典的效应太辣鸡了"}, {"uid": "16907491", "content": "巨侠传23333，你够了"}, {"uid": "292295", "content": "总篇集完全不想看！！"}, {"uid": "650568", "content": "为什么感觉中国的每个电影院都上映啊"}, {"uid": "582108", "content": "AO把我炸了出来"}, {"uid": "22414040", "content": "轻音倒是再出啊，出了绝对去看"}, {"uid": "36573580", "content": "为鸟疯狂打call"}, {"uid": "334375", "content": "初动5秒"}, {"uid": "15259063", "content": "高达SEED两季的剧场版？"}, {"uid": "5535461", "content": "一般看分享版"}, {"uid": "22850393", "content": "军神军神"}, {"uid": "125315", "content": "S1娘感冒好了呀"}, {"uid": "11783622", "content": "233333333333333333"}, {"uid": "314399", "content": "23333333333333"}, {"uid": "314399", "content": "龙猫"}, {"uid": "97340936", "content": "幽灵公主！"}, {"uid": "37919745", "content": "我也感觉最近在哪看过"}, {"uid": "5800394", "content": "灰暗世界"}, {"uid": "7188570", "content": "用能够干涉因果和过去的结晶枪消灭所有结晶体"}, {"uid": "8016049", "content": "什么？这个不是物语吗?可我明明看到垃圾君和长发荡漾了！（滑稽）"}, {"uid": "97340936", "content": "可是有周边拿啊"}, {"uid": "97340936", "content": "233333333333"}, {"uid": "97340936", "content": "月球作品也这么少？"}, {"uid": "97340936", "content": "小白龙！"}, {"uid": "2967411", "content": "才这么低啊"}, {"uid": "2967411", "content": "小姐姐声音好听"}, {"uid": "19248762", "content": "LL邪教"}, {"uid": "36573580", "content": "为花疯狂打call"}, {"uid": "39457108", "content": "然而后来扩大规模了"}, {"uid": "7204742", "content": "听到没有，银他吗，说的就是你"}, {"uid": "15259063", "content": "乐园追放还是很好看的，虽然不是3D"}, {"uid": "8713243", "content": "hhhhhh"}, {"uid": "1386156", "content": "300家就大规模了？日本有3000家电影院呢！"}, {"uid": "7188570", "content": "交响诗篇结尾，男女主结婚生下男主，但是珊瑚"}, {"uid": "3915304", "content": "大暴死"}, {"uid": "948952", "content": "一看就是久石让的"}, {"uid": "199855356", "content": "言叶之庭"}, {"uid": "10802401", "content": "www少女与战车 埃尔文我爱你"}, {"uid": "102937", "content": "玩王冠王之力就是s1和战吧开始的"}, {"uid": "23510076", "content": "宇宙神作刀剑神域！"}, {"uid": "922744", "content": "因为是霸权正在起航的梗"}, {"uid": "5420010", "content": "我看过文章"}, {"uid": "36573580", "content": "为希疯狂打call"}, {"uid": "152409981", "content": "五厘米"}, {"uid": "1458640", "content": "底端字幕够了hhhhh跟着唱出来"}, {"uid": "21511834", "content": "默写前奏 可是那然后呢"}, {"uid": "14115965", "content": "言叶之庭"}, {"uid": "22850393", "content": "乐园追放"}, {"uid": "144869149", "content": "为秒五刷一条、、、"}, {"uid": "919206", "content": "中国几千上万家都很正常……"}, {"uid": "109660", "content": "石头门也是有电影版啊"}, {"uid": "314399", "content": "别去看AO…………"}, {"uid": "314399", "content": "啥时候说说这些有故事女人呀？"}, {"uid": "314399", "content": "过气吉卜力"}, {"uid": "87409148", "content": "应该拿到中国来"}, {"uid": "87409148", "content": "233333"}, {"uid": "53302387", "content": "22333333"}, {"uid": "3713970", "content": "山本宽"}, {"uid": "596426", "content": "s1娘感冒好了啊"}, {"uid": "7188570", "content": "所以男主的姐姐生下来没几天就死了"}, {"uid": "14567468", "content": "一宽"}, {"uid": "3915304", "content": "233333333333"}, {"uid": "2032950", "content": "还是种田合适老子"}, {"uid": "23354826", "content": "好像看过？"}, {"uid": "12349722", "content": "大教主"}, {"uid": "292295", "content": "hhhhhh"}, {"uid": "154025", "content": "这弹幕是在报菜名呢？"}, {"uid": "199855356", "content": "嘟嘟噜"}, {"uid": "23303420", "content": "那你的名字呢?"}, {"uid": "16905", "content": "ガルパンはいいぞ"}, {"uid": "3625336", "content": "好像nogame no life 0属于大规模了吧"}, {"uid": "7060445", "content": "西宫"}, {"uid": "252468272", "content": "哦"}, {"uid": "36573580", "content": "为绘疯狂打call"}, {"uid": "8304903", "content": "xswl，白嫖姥爷养活日漫？"}, {"uid": "22313282", "content": "= =烟花也就歌好听了吧，不过还是还是去看下。。为信仰充值"}, {"uid": "178460909", "content": "京紫！"}, {"uid": "1932479", "content": "然而不适用于少战"}, {"uid": "20292307", "content": "春婊"}, {"uid": "10881755", "content": "不是3"}, {"uid": "42618323", "content": "23333"}, {"uid": "6437876", "content": "魔法少女小圆剧场版是重做了好不好，搞不懂你"}, {"uid": "15259063", "content": "我现在都不看了，那些动漫不好看了"}, {"uid": "15259063", "content": "IS吧"}, {"uid": "580489", "content": "果然有新房看画风就像"}, {"uid": "251053618", "content": "~~~"}, {"uid": "314399", "content": "扑哧"}, {"uid": "10813812", "content": "sox!"}, {"uid": "314399", "content": "不，骗的就是你们这些粉丝"}, {"uid": "314399", "content": "233333"}, {"uid": "33540841", "content": "把文章版做成视频"}, {"uid": "7188570", "content": "创造了专门针对珊瑚礁的种族，但是由于主角母亲本质也是珊瑚礁的缘故"}, {"uid": "935734", "content": "紫罗兰"}, {"uid": "123488", "content": "尼玛上海都不止这么多影院吧"}, {"uid": "97340936", "content": "就看中国票房能不能救了"}, {"uid": "582108", "content": "其实蛮好看的啊"}, {"uid": "252468272", "content": "233333"}, {"uid": "36573580", "content": "此生无悔入LL 我爱缪斯"}, {"uid": "4860239", "content": "fgo我愿意"}, {"uid": "36185126", "content": "过气千寻"}, {"uid": "201469016", "content": "大鱼海棠"}, {"uid": "48717609", "content": "五代噶！！！博库弄!哦弄奇卡拉噶！！！！"}, {"uid": "12303788", "content": "新房风，就是有点点担心呢"}, {"uid": "23461304", "content": "23333"}, {"uid": "9571608", "content": "石头门！！！！！"}, {"uid": "7188570", "content": "结果变成类似量子幽灵的存在，何处都在，何处都不在"}, {"uid": "34971659", "content": "超爽"}, {"uid": "8016049", "content": "因为伊利亚是后娘的啊，虽然比领养的fa要好，但跟本家的比。。。"}, {"uid": "62068669", "content": "是的"}, {"uid": "57657641", "content": "5fenzhong"}, {"uid": "103400049", "content": "我擦！！为石头门打Call~~~"}, {"uid": "243894678", "content": "看不懂"}, {"uid": "252468272", "content": "秒5"}, {"uid": "65990192", "content": "Lisa小姐姐"}, {"uid": "6805877", "content": "中国漫宅养活日本动漫"}, {"uid": "19473022", "content": "@lex"}, {"uid": "18089957", "content": "京紫"}, {"uid": "12781164", "content": "你是蕾丝么23333"}, {"uid": "10614", "content": "2010年的UBW剧场版更少 13馆"}, {"uid": "79340", "content": "第二部不那么好看"}, {"uid": "123918", "content": "前面的，久石让是作曲……不是导演"}, {"uid": "97340936", "content": "点蜡"}, {"uid": "97340936", "content": "好少"}, {"uid": "292295", "content": "阿宽已死"}, {"uid": "11099659", "content": "sox爆死我非常开心，这证明日本人还没瞎"}, {"uid": "2967411", "content": "这片已经引进到国内了，，狂吹"}, {"uid": "2716308", "content": "@lex"}, {"uid": "4860239", "content": "fgo"}, {"uid": "66073953", "content": "绿字。。。"}, {"uid": "204014963", "content": "300分之16还行的吧。"}, {"uid": "15163840", "content": "AO做结尾 其心可诛"}, {"uid": "293063", "content": "我的销量永远超不过EVA，超过EVA是不可能的。"}, {"uid": "22862071", "content": "12月国内上映"}, {"uid": "5358599", "content": "哎，宅男还跑电影院看电影吗？"}, {"uid": "112877682", "content": "日常黑王冠.............你是蕾丝么？2333333333333333333333"}, {"uid": "1541292", "content": "这个。。。都没听说有电影。。。。"}, {"uid": "314399", "content": "垃圾AO啊"}]