[{"uid": "303349", "content": "草 许久不见的更新竟然是看海参"}, {"uid": "1907939", "content": "我是谁我我在哪我为什么关注了这个up？？？"}, {"uid": "57657641", "content": "我到底关注了什么东西"}, {"uid": "20965562", "content": "好久没更新了"}, {"uid": "873683", "content": "惊了，突然诈尸"}, {"uid": "4759", "content": "怎么就诈尸了"}, {"uid": "1290963", "content": "等我有钱了，我也换个有声音的手机"}, {"uid": "4660661", "content": "第一条弹幕"}]