[{"uid": "33214757", "content": "震惊了"}, {"uid": "40962774", "content": "哇塞，老版全职的第一个片头曲"}, {"uid": "266688", "content": "不，我还年轻，什么阿重霞、津名魅、魉呼什么的我统统不认识！"}, {"uid": "96245669", "content": "男神"}, {"uid": "1305081", "content": "为歌曲献上硬币"}, {"uid": "1675760", "content": "久保带（da）人（ren）"}, {"uid": "564375", "content": "“我们所认识的可符香……”"}, {"uid": "16163864", "content": "天地无用寓意主角上下颠倒的人生"}, {"uid": "8905008", "content": "99空巢老人"}, {"uid": "26115990", "content": "小时候的画风哇"}, {"uid": "3537833", "content": "诗人98"}, {"uid": "5773065", "content": "中老年人23333333"}, {"uid": "5773065", "content": "花了五天二刷"}, {"uid": "795522", "content": "童年！"}, {"uid": "1637471", "content": "时代的眼泪"}, {"uid": "825407", "content": "用了一季的op"}, {"uid": "28563197", "content": "为全职高手疯狂打call!"}, {"uid": "86285913", "content": "作为一个老年人了 还单身 抱紧自己哇的一声哭了出来"}, {"uid": "86285913", "content": "老年人了啊！"}, {"uid": "11273300", "content": "作者？？你来画"}, {"uid": "11434996", "content": "百岁老人路过ヽ( ￣д￣;)ノ"}, {"uid": "18113809", "content": "漫画尾页里fj讲过名字的由来"}, {"uid": "910494", "content": "不，不要，我还年轻不要放了"}, {"uid": "910494", "content": "出现了奇怪的东西"}, {"uid": "14042768", "content": "比你想象的斜往上那么一点儿"}, {"uid": "10063", "content": "横山成名角色"}, {"uid": "10063", "content": "沙莎美俱乐部和魔法少女不是一部作品"}, {"uid": "10063", "content": "这么激昂热血的曲调歌词却是怎么教你泡妞..."}, {"uid": "45916371", "content": "老人"}, {"uid": "33296373", "content": "？？？没看过"}, {"uid": "15119226", "content": "ed的开头，王子的are you ready?非常苏哦"}, {"uid": "40002599", "content": "我们放弃这个思想"}, {"uid": "40002599", "content": "旧版op最喜欢早安和太阳在夜晚依旧燃烧！！！"}, {"uid": "43842522", "content": "漂白水hhhhh"}, {"uid": "15654738", "content": "最喜欢的是xxxholic"}, {"uid": "225593542", "content": "我还以为是因为小杰跟奇犽双人，略过×咳咳…"}, {"uid": "225593542", "content": "笑死了23333"}, {"uid": "8104237", "content": "90，中老年人的我的在上学。。。。"}, {"uid": "5708744", "content": "我就喜欢这个op233"}, {"uid": "7229075", "content": "这OP一出，硬币必须给了"}, {"uid": "153392313", "content": "突然想起来我看过"}, {"uid": "31598667", "content": "四叶妹妹(>ω<)"}, {"uid": "2328740", "content": "level e ！！！！"}, {"uid": "2596706", "content": "传说中的少女A"}, {"uid": "20309371", "content": "绝望先生这么冷么"}, {"uid": "5004870", "content": "从小时候开始，一眼看到《死神》这个名字当机立断绕道而行的我崩溃了"}, {"uid": "19276694", "content": "勿忘我"}, {"uid": "9041615", "content": "卧槽DT。。。"}, {"uid": "4771557", "content": "233333333333"}, {"uid": "1319160", "content": "超级喜欢touch这个作品"}, {"uid": "16993097", "content": "我不说话"}, {"uid": "16993097", "content": "英语不好的我"}, {"uid": "57073470", "content": "淡忘的记忆..无用"}, {"uid": "110905990", "content": "大叔我没看过"}, {"uid": "1563196", "content": "那悠哉日常大王呢"}, {"uid": "97340936", "content": "6666"}, {"uid": "28402106", "content": "完全是乱伦，贵圈太乱"}, {"uid": "28402106", "content": "10年珍藏光碟"}, {"uid": "3948381", "content": "我想知道bleach怎么变成死神的"}, {"uid": "29294287", "content": "糸"}, {"uid": "29294287", "content": "拿衣服"}, {"uid": "29294287", "content": "如果我说是铅笔小星 你一定会问我为什么不是蜡笔"}, {"uid": "82329784", "content": "为我花名刷一波"}, {"uid": "16549", "content": "天地无用啊"}, {"uid": "4870483", "content": "92年老年人 哎"}, {"uid": "11155503", "content": "听到这首歌眼泪要出来了"}, {"uid": "15139667", "content": "23333好随意"}, {"uid": "32885623", "content": "噫！white！"}, {"uid": "18021372", "content": "后宫无用"}, {"uid": "79256", "content": "还以为是住在三月街，赢得狮子杯呐"}, {"uid": "45452277", "content": "23333333"}, {"uid": "8348015", "content": "大姐承包"}, {"uid": "4310350", "content": "时代的眼泪"}, {"uid": "27166689", "content": "一大群中老年人正在赶来→_→"}, {"uid": "367162", "content": "哇，S1"}, {"uid": "314399", "content": "老婆"}, {"uid": "404765", "content": "老年人被炸出来了……"}, {"uid": "33540841", "content": "哔哩哔哩正版万岁≧▽≦"}, {"uid": "4149033", "content": "魉呼刀剑神域"}, {"uid": "699824", "content": "被三狮炸出来"}, {"uid": "112366", "content": "天地无用这个名字……"}, {"uid": "172130", "content": "小时候刚装上机顶盒经常在龙城动漫看这部动画"}, {"uid": "172130", "content": "貌似就是男主的名字"}, {"uid": "554300", "content": "糸（mi）四声  姓氏"}, {"uid": "6210160", "content": "OP的一百种用法"}, {"uid": "31525817", "content": "233333"}, {"uid": "12867", "content": "地球篇的制作真棒啊"}, {"uid": "10248", "content": "作画爆炸"}, {"uid": "10248", "content": "魔法少女砂沙美名气更大"}, {"uid": "10248", "content": "老年婆罗门"}, {"uid": "654251", "content": "女装 大佬库拉皮卡"}, {"uid": "29857", "content": "天地无用设定太JB乱了  还是这TV的的印象比较深"}, {"uid": "29857", "content": "我是S1制片厂的忠实粉丝 萨拉巴什么的完全不知道"}, {"uid": "50041720", "content": "这是百合漫吗"}, {"uid": "602248", "content": "嗯，果然是首尾呼应的满分作文"}, {"uid": "602248", "content": "面瘫一枪打爆敌人的头作为故事的开端"}, {"uid": "85215", "content": "糸mi系xi"}, {"uid": "73688889", "content": "没人？"}, {"uid": "97340936", "content": "不要和我抢魉呼"}, {"uid": "97340936", "content": "天地无用"}, {"uid": "97340936", "content": "不对，这是第二"}, {"uid": "15590", "content": "emmmmmm，S1"}, {"uid": "97340936", "content": "明明是S1频道啊"}, {"uid": "97340936", "content": "666666"}, {"uid": "97340936", "content": "天地无用可以的"}, {"uid": "97340936", "content": "233333333333、"}, {"uid": "34223", "content": "阿重霞"}, {"uid": "97340936", "content": "老年"}, {"uid": "97340936", "content": "233333333"}, {"uid": "97340936", "content": "BL each66666666"}, {"uid": "97340936", "content": "那个东西不是蜡笔呀2333333"}, {"uid": "231919", "content": "啊，这个我懂！BL each嘛"}, {"uid": "97340936", "content": "6666"}, {"uid": "478107", "content": "天地无用"}, {"uid": "6300", "content": "老年人顿时泪目"}, {"uid": "13591834", "content": "三大妈哈哈哈"}, {"uid": "286462", "content": "怎么90后就变中老年了，s1你这定位不对啊"}, {"uid": "2091980", "content": "想杀死小朋友吗"}, {"uid": "3791558", "content": "对啊，应该是三遍"}, {"uid": "12934362", "content": "g胖：我有一个神奇的绿色咒语"}, {"uid": "15193342", "content": "好听惹"}, {"uid": "4322113", "content": "还有个黑暗都市传说为什么叫蜡笔小新"}, {"uid": "11944717", "content": "瞬间中老年"}, {"uid": "31719050", "content": "中老年人。。。"}, {"uid": "3327980", "content": "哇！！猎人又出新OP了！！"}, {"uid": "6476806", "content": "给小杰打call"}, {"uid": "23440153", "content": "hhhhh"}, {"uid": "1739205", "content": "level E!!!!!!!!!!!!!!!!!!"}, {"uid": "14042768", "content": "我要太阳在夜晚依旧闪耀"}, {"uid": "14413858", "content": "社会社会"}, {"uid": "130909249", "content": "中老年人表示要用整套军体拳up"}, {"uid": "2488424", "content": "一集一op，经费燃烧"}, {"uid": "76944302", "content": "社会我亥哥"}, {"uid": "5775429", "content": "hhhhhh新风"}, {"uid": "9041615", "content": "漫画NB！！"}, {"uid": "64836080", "content": "富坚老贼！什么时候更新动漫呀！"}, {"uid": "50000567", "content": "我大死神！"}, {"uid": "97340936", "content": "哈哈哈哈"}, {"uid": "22048420", "content": "绝望赛高◥(ฅº￦ºฅ)◤"}, {"uid": "141620028", "content": "果然很随意"}, {"uid": "33727441", "content": "嗷呜，我的酷拉"}, {"uid": "687119", "content": "早安好评"}, {"uid": "403315", "content": "幸运四叶草"}, {"uid": "6950648", "content": "念mi"}, {"uid": "5745066", "content": "啊啊啊啊啊啊啊啊啊"}, {"uid": "22713842", "content": "哇这几个人把头发换换完全一样的好吗"}, {"uid": "86285913", "content": "已经中老年人了啊！"}, {"uid": "2548139", "content": "背景漂白化"}, {"uid": "15119226", "content": "这个我居然看完了"}, {"uid": "32761760", "content": "23333333333"}, {"uid": "948392", "content": "起床闹钟！"}, {"uid": "421259", "content": "等下，这英文翻译完全不对啊。"}, {"uid": "16942250", "content": "老版BGM最爱"}, {"uid": "3404569", "content": "？？？"}, {"uid": "29294287", "content": "hunterxhunter"}, {"uid": "1479056", "content": "全职猎人所有op里最喜欢的一首"}, {"uid": "10822659", "content": "应该是HUNTERX3"}, {"uid": "22046048", "content": "没看猎人之前一直以为奇犽是主角"}, {"uid": "67664782", "content": "衣架x衣架"}, {"uid": "4310350", "content": "BIAME有剧场版"}, {"uid": "174136178", "content": "女装大佬"}, {"uid": "10722029", "content": "大佬，大佬！"}, {"uid": "903519", "content": "you can smile again and again"}, {"uid": "47712597", "content": "XDDDDDDD"}, {"uid": "83849", "content": "《狮子座》"}, {"uid": "377086", "content": "富坚老贼为什么不开个麻将漫画的新坑呢"}, {"uid": "50041720", "content": "有喔"}, {"uid": "102343604", "content": "浅仓南女神啊"}, {"uid": "89355952", "content": "早安真的是童年"}, {"uid": "229651653", "content": "没看过"}, {"uid": "910494", "content": "三大妈首发（滑稽）"}, {"uid": "23319607", "content": "抱走奇犽，其他你们随意！！"}, {"uid": "41699727", "content": "给三月的狮子疯狂打call！！！！！！"}, {"uid": "149421495", "content": "233333333"}, {"uid": "16993097", "content": "66666"}, {"uid": "16993097", "content": "原来如此"}, {"uid": "16993097", "content": "厉害了"}, {"uid": "15086726", "content": "这个看过！"}, {"uid": "16933111", "content": "啊啊啊啊，blame！！"}, {"uid": "18557309", "content": "富坚老贼"}, {"uid": "16879792", "content": "touch feel"}, {"uid": "28582235", "content": "233333"}, {"uid": "753366", "content": "哟哟哟新op"}, {"uid": "207188", "content": "不遑huáng多让……"}, {"uid": "602248", "content": "最后面瘫被敌人一枪爆头故事结束"}, {"uid": "9903", "content": "BL each"}, {"uid": "97340936", "content": "level E强推！"}, {"uid": "11058307", "content": "新OP"}, {"uid": "31932468", "content": "富坚老贼"}, {"uid": "13215527", "content": "捞B小新"}, {"uid": "12416265", "content": "重制148看完"}, {"uid": "24073683", "content": "熟悉的bgm"}, {"uid": "5708744", "content": "level e！"}, {"uid": "43251408", "content": "和也童年小男神"}, {"uid": "16942250", "content": "承包猎人"}, {"uid": "110905990", "content": "95的婊试没看过"}, {"uid": "861297", "content": "哪一集"}, {"uid": "10248", "content": "别再放这首歌了啊啊啊"}, {"uid": "2396308", "content": "2333333333"}, {"uid": "97340936", "content": "BL each"}, {"uid": "97340936", "content": "哈哈哈哈，90后中老年人不看这个的，是80后百岁老人看的"}, {"uid": "4364", "content": "中老年人....."}, {"uid": "286462", "content": "ET是吧。。"}, {"uid": "2683891", "content": "？？？？"}, {"uid": "934687", "content": "漫画视觉太牛逼！牛逼到污染的程度！"}, {"uid": "40962774", "content": "90后中老年人，，，扎心"}, {"uid": "27527377", "content": "看过，很好看"}, {"uid": "192371", "content": "这个字念si1，汉字“丝”的日文简化字不念mi"}, {"uid": "6678735", "content": "谁说漫画就一定要完结的！"}, {"uid": "21261933", "content": "四月是你的谎言？四月的开始？愚人节？"}, {"uid": "35987595", "content": "23333"}, {"uid": "14508434", "content": "别了 司徒雷登"}, {"uid": "18861613", "content": "是神大人的作品？？"}, {"uid": "225593542", "content": "等等，蜡笔不会戳瞎人？等会，我去试试…！"}, {"uid": "37758015", "content": "100多集的歌"}, {"uid": "5456061", "content": "燃起来啦！！"}, {"uid": "43251408", "content": "早安神曲"}, {"uid": "16942250", "content": "卧槽这BGM"}, {"uid": "16993097", "content": "厉害了"}, {"uid": "16993097", "content": "6666"}, {"uid": "16993097", "content": "厉害了"}, {"uid": "16106059", "content": "90后中老年人表示不看"}, {"uid": "4252630", "content": "6666666666"}, {"uid": "4252630", "content": "早安！！"}, {"uid": "34985986", "content": "新OP"}, {"uid": "95490174", "content": "诗人98"}, {"uid": "24654588", "content": "大爱早安"}, {"uid": "4598762", "content": "23333333"}, {"uid": "4598762", "content": "666666"}, {"uid": "86645455", "content": "都不会"}, {"uid": "2363496", "content": "这啦啦啦啦啦啦"}, {"uid": "5774331", "content": "3"}, {"uid": "7417669", "content": "死神"}, {"uid": "97340936", "content": "2333333"}, {"uid": "6300", "content": "BL each"}, {"uid": "2091980", "content": "BL EACH"}, {"uid": "2091980", "content": "这不是S1的内容吗"}, {"uid": "97340936", "content": "naive？"}, {"uid": "3791558", "content": "LE那个看过，有点意思"}, {"uid": "36331538", "content": "哪集"}, {"uid": "16471534", "content": "最早是蜡笔画的"}, {"uid": "40962774", "content": "三遍"}, {"uid": "272916229", "content": "酷拉皮卡那张好像玛琪，太美"}, {"uid": "53260203", "content": "上初中？不存在的老大！"}, {"uid": "33748098", "content": "彩笔小新...."}, {"uid": "1395279", "content": "et嘛"}, {"uid": "1739205", "content": "疯狂打CALLLLLLLLL"}, {"uid": "2745543", "content": "啊啊啊啊啊啊为三月狮打call！"}, {"uid": "6392849", "content": "喜欢奇犽。。。。"}, {"uid": "2554290", "content": "中老年人……"}, {"uid": "21443151", "content": "好奇"}, {"uid": "22080108", "content": "不可能的事把"}, {"uid": "97709", "content": "新op"}, {"uid": "8333612", "content": "。。"}, {"uid": "29294287", "content": "猎人x猎人"}, {"uid": "649944", "content": "oppppp"}, {"uid": "220184672", "content": "全职猎人"}, {"uid": "18557309", "content": "00后表示看过"}, {"uid": "753366", "content": "哇新op！"}, {"uid": "2363496", "content": "66666"}, {"uid": "97340936", "content": "3月"}, {"uid": "261655", "content": "我咋没看到这段？"}, {"uid": "3791558", "content": "对啊，就是中老年人"}, {"uid": "97340936", "content": "b*tch"}, {"uid": "2480466", "content": "中老年人。。。"}, {"uid": "105090763", "content": "王子"}, {"uid": "238157015", "content": "壮哉我大死神！！！！！！！！！"}, {"uid": "7307163", "content": "6666666"}, {"uid": "16892222", "content": "柯南先上，小新应该永远上不了。。。"}, {"uid": "37836636", "content": "好看吗？"}, {"uid": "5773065", "content": "表白"}, {"uid": "229117894", "content": "哇"}, {"uid": "23440153", "content": "中老人今天就要打死你"}, {"uid": "10069773", "content": "66666666666666"}, {"uid": "13232250", "content": "为什么叫全职？"}, {"uid": "21126004", "content": "发弹幕支持"}, {"uid": "16993097", "content": "什么鬼"}, {"uid": "223527311", "content": "怀念"}, {"uid": "27751401", "content": "不用担心 小新作者早遇难了"}, {"uid": "14206253", "content": "新op"}, {"uid": "22084848", "content": "所以4月就说谎了吗？"}, {"uid": "8348015", "content": "大死神"}, {"uid": "16907491", "content": "就读系"}, {"uid": "16651085", "content": "三遍"}, {"uid": "97340936", "content": "白嫖三大妈"}, {"uid": "97340936", "content": "初代bgm"}, {"uid": "13591834", "content": "中。。。中老年人"}, {"uid": "2091980", "content": "接过二手货"}, {"uid": "238157015", "content": "壮哉我大死神！！！！！！！！！"}, {"uid": "40962774", "content": "et"}, {"uid": "12667654", "content": "为啥touch配的是四叶游戏的剪辑"}, {"uid": "22854083", "content": "因为少重复了一遍？"}, {"uid": "40225375", "content": "。"}, {"uid": "1637471", "content": "最讨厌的op"}, {"uid": "1357332", "content": "蚂蚁爱咖喱"}, {"uid": "33161276", "content": "为什么level E切到猎人的画面。。。"}, {"uid": "96326", "content": "求别放了听了两年"}, {"uid": "5491648", "content": "我看足球小将的"}, {"uid": "1333963", "content": "+1"}, {"uid": "16136416", "content": "全职猎人最爱"}, {"uid": "22046048", "content": "不可能！你别想了"}, {"uid": "2660386", "content": "小新能不能上小学都是个问题好吗2333"}, {"uid": "4310350", "content": "有剧场版啊，国内很多人不知道，推荐一下"}, {"uid": "11783622", "content": "看过 希德尼亚的骑士里面的彩蛋"}, {"uid": "66073953", "content": "3dm"}, {"uid": "7801043", "content": "卧槽 这个片头。。。太兴奋。。"}, {"uid": "97340936", "content": "皇土，举报"}, {"uid": "97340936", "content": "狮子王的梗啊"}, {"uid": "38688574", "content": "打野"}, {"uid": "202277585", "content": "2"}, {"uid": "1874582", "content": "早安"}, {"uid": "5906046", "content": "漂白"}, {"uid": "228128566", "content": "骚"}, {"uid": "2052226", "content": "圆珠笔小新，中性笔小新，马克笔小新，针管笔小新……"}, {"uid": "9565196", "content": "所以原来不是说译名怎么来的哦？？！"}, {"uid": "28402106", "content": "奇犽X小杰？？？"}, {"uid": "52479534", "content": "？"}, {"uid": "1512857", "content": "蚂蚁爱咖喱！"}, {"uid": "33540841", "content": "666"}, {"uid": "238157015", "content": "壮哉我大死神！！！！！！！！！！"}, {"uid": "111890123", "content": "重制版的音乐真难听"}, {"uid": "21742268", "content": "穿山甲到底说了什么......"}, {"uid": "229117894", "content": "额"}, {"uid": "229117894", "content": "一二猎人"}, {"uid": "8184239", "content": "小樱都上初中了"}, {"uid": "20651931", "content": "早安！！！！"}, {"uid": "2406855", "content": "尼玛，80的怎么办"}, {"uid": "33854149", "content": "中老年人"}, {"uid": "51782387", "content": "一直不更新，等死人了"}, {"uid": "1788220", "content": "中老人今天就要打死你"}, {"uid": "1788220", "content": "mmp放完op又放bgm，你是想被打死？"}, {"uid": "1788220", "content": "这个图黑我酷妹！"}, {"uid": "4058525694", "content": "那个字念huang...不遑多让"}, {"uid": "5370666", "content": "打错了naive怕是要被…"}, {"uid": "5370666", "content": " 三大妈正版"}, {"uid": "97340936", "content": "见猎滚"}]