[{"uid": "16591403", "content": "我怎么感觉加快了。"}, {"uid": "28535092", "content": "歌真好听"}, {"uid": "32639887", "content": "十月新番"}, {"uid": "2008846", "content": "泉"}, {"uid": "2008846", "content": "好看"}, {"uid": "2008846", "content": "支持"}, {"uid": "2008846", "content": "番很好看"}, {"uid": "2008846", "content": "每周追"}, {"uid": "5803427", "content": "播放量2334强迫症受不了了"}, {"uid": "36398535", "content": "每周胃疼番"}, {"uid": "97340936", "content": "just because呀，新番呀"}, {"uid": "110063123", "content": "都有什么番，求大神帮忙"}, {"uid": "110063123", "content": "都有什么番？？  求大神帮忙"}, {"uid": "49971581", "content": "毫无违和感系列"}, {"uid": "3262", "content": "泥潭这喜欢用老素材的习惯 真好"}, {"uid": "94954834", "content": "佳能 还行"}, {"uid": "37645809", "content": "毫无违和感"}, {"uid": "4310350", "content": "歌好听啊"}, {"uid": "728990", "content": "恰克飞鸟"}, {"uid": "81259352", "content": "有点喜欢做个番"}, {"uid": "4058525694", "content": "甜咖啡噗噗噗"}, {"uid": "50024123", "content": "没看过唉"}, {"uid": "5448314", "content": "一切自然而然"}, {"uid": "4320282", "content": "整体配合的很不错呢"}, {"uid": "144096235", "content": "投币量233"}, {"uid": "8958164", "content": "做的相当不错啊"}, {"uid": "3848246", "content": "好前哦"}, {"uid": "18319120", "content": "准备补这番，第一季名字就是on your marks一阵回忆啊"}, {"uid": "48473624", "content": "前"}, {"uid": "97340936", "content": "标题写了"}, {"uid": "26433627", "content": "比村老师画风"}, {"uid": "22157225", "content": "..."}, {"uid": "23284686", "content": "是加快了"}, {"uid": "7332475", "content": "毫无违和感"}, {"uid": "107139916", "content": "刚刚"}, {"uid": "39212784", "content": "播放量322"}, {"uid": "262204886", "content": "有人吗"}, {"uid": "2008846", "content": "good"}, {"uid": "35973127", "content": "做的真的好像广告"}, {"uid": "25026412", "content": "672"}, {"uid": "9466220", "content": "前"}, {"uid": "930496", "content": "来听歌"}, {"uid": "8622871", "content": "就一十月新番《Juts Because》"}, {"uid": "5448314", "content": "不疼也不甜"}, {"uid": "2008846", "content": "喜欢"}]