[{"uid": "513314", "content": "wtf为什么会有谜叔？？？"}, {"uid": "3127573", "content": "卧槽。。。"}, {"uid": "2350148", "content": "233333"}, {"uid": "177666492", "content": "诚哥仿佛看到了当年的自己..."}, {"uid": "20405095", "content": "见埋进"}, {"uid": "1426142", "content": "let it out"}, {"uid": "15490389", "content": "看见标题进来的"}, {"uid": "471838", "content": "谜叔这样的哥哥请给我来一车！"}, {"uid": "27226987", "content": "处男吗？你确定不是某膜吗"}, {"uid": "2767488", "content": "听酥了~~"}, {"uid": "8007248", "content": "SOX大法好~~！（咦，我怎么，不，我还是白色的）"}, {"uid": "55927094", "content": "iPhone4的怕是要笑死我233333"}, {"uid": "52040285", "content": "66666"}, {"uid": "3181658", "content": "500元怎么便宜！务必让我试试！"}, {"uid": "121907174", "content": "我还真还以为是广告"}, {"uid": "527391", "content": "谜叔你本人就是啊！"}, {"uid": "28338907", "content": "吓得我把桌子拍成两截"}, {"uid": "2990375", "content": "这俩其实在re0里面本来就激情四射的"}, {"uid": "100821968", "content": "这段吓坏"}, {"uid": "100821968", "content": "这是肋骨"}, {"uid": "10942604", "content": "女孩子短小有什么错2333"}, {"uid": "10942604", "content": "风评被害"}, {"uid": "15523526", "content": "松岗大佬，，哈哈"}, {"uid": "15523526", "content": "哈哈哈哈哈哈"}, {"uid": "909732", "content": "谜苏是当叔的(￣3￣)"}, {"uid": "17773452", "content": "握草这音量"}, {"uid": "390406", "content": "哈哈哈哈缺德"}, {"uid": "8073833", "content": "昨天没听asmr我差点失眠"}, {"uid": "17847004", "content": "风评被害"}, {"uid": "4598762", "content": "2333333"}, {"uid": "4598762", "content": "233333333"}, {"uid": "4598762", "content": "援  交   始祖还行"}, {"uid": "11783622", "content": "钢之炼金术师FA"}, {"uid": "5286929", "content": "亚娜大一卡"}, {"uid": "1897209", "content": "一 转 攻 势"}, {"uid": "23318278", "content": "他的青梅竹马是贫乳啊"}, {"uid": "8436532", "content": "23333333突然"}, {"uid": "12204020", "content": "噶路game？"}, {"uid": "694892", "content": "姐姐cv有点吵 因为新人"}, {"uid": "123326984", "content": "嗯，我的生物知识被颠覆了"}, {"uid": "20312", "content": "兵长你的鞋垫有点厚"}, {"uid": "15518740", "content": "然而有些麦当劳连厕所都没有。"}, {"uid": "34126143", "content": "女孩子短小有什么错吗"}, {"uid": "6430399", "content": "哈哈哈都是神"}, {"uid": "14217497", "content": "sox sox"}, {"uid": "11632656", "content": "wtf，虽然有心理准备了"}, {"uid": "7332475", "content": "一闪而过的黑之契约者 唉，天国的第三季"}, {"uid": "6733376", "content": "援 始 天 尊"}, {"uid": "6922866", "content": "放过err吧"}, {"uid": "20065143", "content": "毫无ps痕迹"}, {"uid": "20484471", "content": "23333333333333333333333"}, {"uid": "29954827", "content": "2333333333"}, {"uid": "1959949", "content": "啊哈哈哈哈哈哈"}, {"uid": "40545998", "content": "风  评  被  害"}, {"uid": "85918160", "content": "巧了，我有"}, {"uid": "3181658", "content": "我去！笑死我了！"}, {"uid": "91192584", "content": " 标准开头"}, {"uid": "16675926", "content": "毫无ps痕迹"}, {"uid": "11522637", "content": "音 量 注 意"}, {"uid": "35499438", "content": "夹击妹抖，检查！"}, {"uid": "20406311", "content": "就凭这片尾也要收藏"}, {"uid": "663600", "content": "ipone4!iPhone4!我一定带你回来！"}, {"uid": "24407903", "content": "变黄的绝对不止我一个"}, {"uid": "25323784", "content": "没毛病2333"}, {"uid": "17397256", "content": "毫無ps痕跡"}, {"uid": "458426", "content": "谜之声这样的哥哥请给我来一打！"}, {"uid": "20798001", "content": "23332333"}, {"uid": "84126128", "content": "脸红，，"}, {"uid": "6972427", "content": "这是什么比喻？"}, {"uid": "1754029", "content": "真的真的"}, {"uid": "415251", "content": "当你膀胱濒临爆炸的时候发现麦当劳厕所在排队"}, {"uid": "6361054", "content": "现在走还来得及"}, {"uid": "14175498", "content": "放学别走！"}, {"uid": "21713468", "content": "我耳机坏了？"}, {"uid": "100821968", "content": "一起Van游戏"}, {"uid": "101730251", "content": "666666"}, {"uid": "6210160", "content": "嗯，并没有问题"}, {"uid": "12668590", "content": "SOXSOXSOXSOX"}, {"uid": "14327192", "content": "23333333"}, {"uid": "11783622", "content": "哈哈哈哈哈哈哈哈或或或或"}, {"uid": "20374226", "content": "SOX!!!!!!!SOX!!!!!!!"}, {"uid": "8388576", "content": "什么？sm？AR？"}, {"uid": "14572160", "content": "果然梨坛"}, {"uid": "40668252", "content": "23333"}, {"uid": "40668252", "content": "2333333"}, {"uid": "48048746", "content": "我看见疾风了，（旋风管家）好怀念"}, {"uid": "701867", "content": "新子憧还行2333"}, {"uid": "87876165", "content": "第十六！！！！"}, {"uid": "4754742", "content": "放过err吧"}, {"uid": "30461333", "content": "23333333"}, {"uid": "1438454", "content": "人比弹幕多"}, {"uid": "16987869", "content": "公然放荒片！"}, {"uid": "9660573", "content": "............."}, {"uid": "15428646", "content": "我永远喜欢霞之丘诗羽！"}, {"uid": "32986881", "content": "48手"}, {"uid": "6789641", "content": "assmua"}, {"uid": "4598762", "content": "23333333"}, {"uid": "11783622", "content": "哈哈哈哈哈"}, {"uid": "478107", "content": "放过err吧"}, {"uid": "35521598", "content": "你这是音我犯罪"}, {"uid": "13591834", "content": "2333"}, {"uid": "284756", "content": "奴隶兔"}, {"uid": "11165870", "content": "SOX!SOX!SOX!"}, {"uid": "4891634", "content": "拜见O交女王新子大佬"}, {"uid": "21104488", "content": "233333"}, {"uid": "20798001", "content": "2333"}, {"uid": "52040285", "content": "23333333333333333"}, {"uid": "169055", "content": "哈哈哈~谜叔想要个哥哥~"}, {"uid": "15523526", "content": "赞"}, {"uid": "16675926", "content": "hhhhhhhhh"}, {"uid": "109838955", "content": "p的毫无违和感"}, {"uid": "77304634", "content": "666"}, {"uid": "1576177", "content": "谜叔~"}, {"uid": "29294673", "content": "……"}, {"uid": "20312", "content": "唯一神"}, {"uid": "2168364", "content": "狗屎！！！！！白天被虐晚上又被这张图洗脸"}, {"uid": "510197", "content": "杏这段超心动"}, {"uid": "7850708", "content": "为啥是这段。。。"}, {"uid": "20159564", "content": "x小上神"}, {"uid": "1651543", "content": "迷叔？！"}, {"uid": "20484471", "content": "??"}, {"uid": "20484471", "content": "2333333333333333"}, {"uid": "3920760", "content": "什么麦当劳，要叫金拱门"}, {"uid": "61945365", "content": "23333"}, {"uid": "12521354", "content": "钢炼啊！！！"}, {"uid": "4605554", "content": "2333"}, {"uid": "25038930", "content": "好想点SKIP"}, {"uid": "774709", "content": "233"}, {"uid": "2315123", "content": "感你大爷 感同身受的感是感谢的意思 我耳朵痒还要感谢上帝？"}, {"uid": "951832", "content": "厉害"}, {"uid": "2421006", "content": "什么?太假了"}, {"uid": "10942604", "content": "6666"}, {"uid": "92199717", "content": "这什么番"}, {"uid": "96643402", "content": "2333333333"}, {"uid": "101730251", "content": "666"}, {"uid": "145857933", "content": "承包我桐人，不接受任何反驳"}, {"uid": "1741359", "content": "23333"}, {"uid": "110078358", "content": "6666"}, {"uid": "16879792", "content": "6666"}, {"uid": "128324665", "content": "2333"}, {"uid": "4598762", "content": "233333333"}, {"uid": "3931791", "content": "sox"}, {"uid": "11920263", "content": "钢炼！"}, {"uid": "8436532", "content": "三大桑asmr！"}, {"uid": "33812134", "content": "sox!sox!sox!"}, {"uid": "16980345", "content": "政委！"}, {"uid": "11969045", "content": "哈哈哈"}, {"uid": "44479415", "content": "耳机坏了"}, {"uid": "3314106", "content": "233333"}, {"uid": "179353306", "content": "23333333333333333333333333333333"}, {"uid": "10332929", "content": "你还有什么不满的"}, {"uid": "11721144", "content": "2233333"}, {"uid": "97340936", "content": "233333333"}, {"uid": "16907491", "content": "风评被害"}, {"uid": "5702085", "content": "2333333"}, {"uid": "11420563", "content": "红豆泥？？"}, {"uid": "20484471", "content": "233333333333333"}, {"uid": "20798001", "content": "2333333"}, {"uid": "33190871", "content": "蕾姆：mmp"}, {"uid": "349767", "content": "等等谜叔！！？？"}, {"uid": "806819", "content": "2333333"}, {"uid": "61502597", "content": "66"}, {"uid": "100821968", "content": "五年生物白学了"}, {"uid": "38713548", "content": "没注意到啊我去"}, {"uid": "2220185", "content": "本质梨潭"}, {"uid": "7310962", "content": "喷了"}, {"uid": "19874378", "content": "松岗日常被黑"}, {"uid": "86586517", "content": "666"}, {"uid": "13591834", "content": "2333"}, {"uid": "12996277", "content": "66666"}, {"uid": "284756", "content": "梨梨乐"}, {"uid": "129412", "content": "太強了"}, {"uid": "17657224", "content": "11111111"}, {"uid": "3127573", "content": "SOXSOX"}, {"uid": "20484471", "content": "233333333333"}, {"uid": "29954827", "content": "？？？、、、"}, {"uid": "19551800", "content": "女孩子有就麻烦了，还短小"}, {"uid": "33190871", "content": "666"}, {"uid": "415740", "content": "nga?"}, {"uid": "7457892", "content": "iphone4"}, {"uid": "1754029", "content": "我擦"}, {"uid": "1752230", "content": "迷叔？"}, {"uid": "9651696", "content": "鸡皮疙瘩+1"}, {"uid": "15428646", "content": "sox"}, {"uid": "10813812", "content": "SOX!"}, {"uid": "97461988", "content": "..."}, {"uid": "108024110", "content": "总之我先收藏了----在哄UP专用收藏夹"}, {"uid": "152808", "content": "233"}, {"uid": "123488", "content": "这啥！"}, {"uid": "151347674", "content": "666666"}, {"uid": "46901339", "content": "666666"}, {"uid": "16862650", "content": "前面CL没这段的！估计你看了假的了！"}, {"uid": "127631", "content": "败犬梨"}, {"uid": "90614025", "content": "牛批"}, {"uid": "4942588", "content": "头像是怠惰"}, {"uid": "727108", "content": "哇 迷叔！！！！！！！我要关注"}, {"uid": "2833449", "content": "鸡皮疙瘩"}, {"uid": "15428646", "content": "败犬！"}, {"uid": "28533562", "content": "关我碧事，厉害了..."}, {"uid": "20163019", "content": "广告"}, {"uid": "24890705", "content": "头像怠惰"}, {"uid": "6568148", "content": "缺德，缺德！"}, {"uid": "128324665", "content": "23333"}, {"uid": "4598762", "content": "666666"}, {"uid": "1818211", "content": "梨坛"}, {"uid": "123326984", "content": "看着看着就吐了"}, {"uid": "40668252", "content": "666666"}, {"uid": "26115849", "content": "你这就是左右双声道切换，人家是人头录音，能一样么？"}, {"uid": "2114023", "content": "233"}, {"uid": "97340936", "content": "……………………"}, {"uid": "13543285", "content": "晒妹十循"}, {"uid": "21104488", "content": "我的cl怎么没有这一段？"}, {"uid": "52040285", "content": "？？？？？？？？？？？？？？"}, {"uid": "19322960", "content": "没有BGM有点尴尬"}, {"uid": "61502597", "content": "6"}, {"uid": "123488", "content": "败犬只有眼镜"}, {"uid": "694892", "content": "cv更？"}, {"uid": "20312", "content": "政委"}, {"uid": "90614025", "content": "这什么动漫"}, {"uid": "66770237", "content": "番名-关我碧事"}, {"uid": "31551228", "content": "每次跟女友出门玩她都是穿jk，丝袜超好摸emmmmmm"}, {"uid": "30461333", "content": "我曹  怠惰怠惰怠惰怠惰怠惰怠惰怠惰"}, {"uid": "48786574", "content": "哇 小丑声音好好听"}, {"uid": "28751419", "content": "cl！！！！"}, {"uid": "837577", "content": "一打怎么够！！！要一箱啊！！！！！！！！！！！！！！！"}, {"uid": "4598762", "content": "败犬英"}, {"uid": "535813", "content": "玩这段................"}, {"uid": "1866763", "content": "又婊松冈"}]