[{"uid": "228901113", "content": "草（一种草本植物）"}, {"uid": "1870204", "content": "元首不是要当维也纳美院的学生吗"}, {"uid": "214600558", "content": "电影《希特勒回来了》"}, {"uid": "14107109", "content": "万能德语系列"}, {"uid": "40153402", "content": "《元首回来了》还挺有意思的"}, {"uid": "180955932", "content": "눈_눈您的好友【元首】已上线"}, {"uid": "37901651", "content": "摸胸233333"}, {"uid": "213746217", "content": "你真的是人才"}, {"uid": "22180046", "content": "电影《帝国的覆灭》"}, {"uid": "258517459", "content": "万能德语"}, {"uid": "37530198", "content": "斯大林:喵喵喵"}, {"uid": "1664696", "content": "确定不会被德国警察抓吗"}, {"uid": "29665197", "content": "希特勒回来了"}, {"uid": "116517540", "content": "你的♂名字"}, {"uid": "171759028", "content": "世界欠元首一个斯大林"}, {"uid": "31499575", "content": "万能德语"}, {"uid": "13184116", "content": "万能的德语  哈哈哈哈哈哈哈"}, {"uid": "6101982", "content": "双声道，快戴上耳机"}, {"uid": "228901113", "content": "神了"}, {"uid": "86563133", "content": "人才"}, {"uid": "163064425", "content": "up主人才"}, {"uid": "251966482", "content": "真当希特勒不上b站呐"}, {"uid": "227044524", "content": "毫无违和感"}, {"uid": "165016345", "content": "毫无违和感"}, {"uid": "184916761", "content": "万能的德语"}, {"uid": "171759028", "content": "元首归来！！！"}, {"uid": "184762864", "content": "你的名字欠元首一个斯大林哦"}, {"uid": "163601126", "content": "《元首回来了》！！！"}, {"uid": "29659417", "content": "万能的德♂语"}, {"uid": "33584169", "content": "万能的德语"}, {"uid": "108449536", "content": "立体声元首"}, {"uid": "70138", "content": "。。。有点厉害"}, {"uid": "13327549", "content": "耳机福利"}, {"uid": "262522354", "content": "希特勒，哈哈"}, {"uid": "200803160", "content": "斯大林和元首"}, {"uid": "179389648", "content": "23333333333"}, {"uid": "31996123", "content": "这是什么电影呀？求大佬解答。"}, {"uid": "38172618", "content": "双声道"}, {"uid": "258517459", "content": "斯大林"}, {"uid": "14833963", "content": "被玩坏了"}, {"uid": "237758333", "content": "他哈哈哈哈哈"}, {"uid": "171871225", "content": "毫无违和感"}, {"uid": "171871225", "content": "up主人才啊"}, {"uid": "4337590", "content": "这是元首回来了，这电影超好看！"}, {"uid": "6358926", "content": "这里的素材是：元首回来了，又名：他回来了"}, {"uid": "677908", "content": "我留着硬币要何用啊"}, {"uid": "28914302", "content": "万能的德语"}, {"uid": "769181", "content": "哈哈哈哈哈哈"}, {"uid": "587870299", "content": "老德三了"}, {"uid": "170711603", "content": "妙啊妙啊"}, {"uid": "23901751", "content": "嗨，希特勒！"}, {"uid": "161243718", "content": "23333"}, {"uid": "99174312", "content": "这是元首那部电影"}, {"uid": "115296486", "content": "少拿两个原版骗我"}, {"uid": "37220174", "content": "丧心病狂"}, {"uid": "108206740", "content": "人才啊"}, {"uid": "23912065", "content": "希特勒回来了"}, {"uid": "314399", "content": "神同步"}, {"uid": "4462471", "content": "2333333333333333"}, {"uid": "164863334", "content": "这个巨推荐太有意思了"}, {"uid": "17814086", "content": "emmmm斯大林"}, {"uid": "195429854", "content": "厉害"}, {"uid": "202367137", "content": "喂斯大林"}, {"uid": "228014490", "content": "参见元首"}, {"uid": "4337590", "content": "人才啊！"}, {"uid": "153862791", "content": "up主人才"}, {"uid": "255735608", "content": "666"}, {"uid": "22222397", "content": "wtf？！！！"}, {"uid": "13907818", "content": "我的天啊"}, {"uid": "13907818", "content": "我的天啊"}, {"uid": "59928003", "content": "我信了。。。"}, {"uid": "8109674", "content": "来了来了"}, {"uid": "37551310", "content": "23336666"}, {"uid": "294099988", "content": "岂不美哉"}, {"uid": "102576048", "content": "颤抖"}, {"uid": "180490956", "content": "厉害了"}, {"uid": "20297526", "content": "哈哈哈"}, {"uid": "196716489", "content": "666"}, {"uid": "112457592", "content": "没毛病"}, {"uid": "255945680", "content": "人才"}, {"uid": "46792573", "content": "2333333"}, {"uid": "104630401", "content": "2333"}, {"uid": "36593541", "content": "火钳刘明"}, {"uid": "66920705", "content": "大佬"}, {"uid": "19077365", "content": "23333"}, {"uid": "174594153", "content": "666"}, {"uid": "169617529", "content": "秒啊"}, {"uid": "18594867", "content": "23333"}, {"uid": "11777990", "content": "OMG"}, {"uid": "21250943", "content": "厉害呀"}, {"uid": "196716489", "content": "666"}, {"uid": "196716489", "content": "23333"}, {"uid": "196716489", "content": "火钳刘明"}, {"uid": "38319542", "content": "元首帅啊"}, {"uid": "52454285", "content": "up你就是个人才"}, {"uid": "37349627", "content": "火钳刘明"}, {"uid": "94504321", "content": "66666666"}, {"uid": "85506072", "content": "火钳刘明"}, {"uid": "2034466", "content": "666"}, {"uid": "18594867", "content": "火钳刘明"}, {"uid": "314399", "content": "66666"}, {"uid": "23425505", "content": "23333"}, {"uid": "285210945", "content": "元首×元首?"}, {"uid": "262522354", "content": "希特勒"}, {"uid": "216685043", "content": "666"}, {"uid": "7779211", "content": "给阿婆主跪了"}, {"uid": "202367137", "content": "6666"}, {"uid": "40493722", "content": "什么鬼"}, {"uid": "34663802", "content": "6666666666"}, {"uid": "8537853", "content": "一个烟花，一个你的名字，火钳刘明"}, {"uid": "8576135", "content": "2333"}, {"uid": "163996971", "content": "6666"}, {"uid": "203134873", "content": "666"}, {"uid": "199367964", "content": "666666666"}, {"uid": "4462471", "content": "23333333333333333"}, {"uid": "38376260", "content": "纳尼"}, {"uid": "5998997", "content": "这个好像元首到现代的电影叫啥呀"}, {"uid": "73913543", "content": "我不草拟把"}, {"uid": "97378405", "content": "666666"}, {"uid": "270010521", "content": "此贴比火系列"}, {"uid": "107964216", "content": "66"}, {"uid": "216685043", "content": "这是什么电影"}, {"uid": "40817106", "content": "6666666666666666666"}, {"uid": "43950606", "content": "元首"}, {"uid": "247873858", "content": "元首"}, {"uid": "89113821", "content": "火前留名"}, {"uid": "19277725", "content": "火钳刘明"}, {"uid": "28105082", "content": "丧心病狂。。"}, {"uid": "60466050", "content": "打工是不可能的"}, {"uid": "32804063", "content": "气死我咧"}, {"uid": "4462471", "content": "真当我不懂德语？？？好吧我只是在刚学"}, {"uid": "10836819", "content": "第一！！！！"}, {"uid": "252082919", "content": "前前前世"}, {"uid": "39255288", "content": "斯大林已经凉了"}, {"uid": "255945680", "content": "6666"}, {"uid": "251011138", "content": "火前留名"}, {"uid": "18124963", "content": "你赢了"}, {"uid": "19698502", "content": "..."}, {"uid": "66119509", "content": "你的元首"}, {"uid": "65927418", "content": "焚书"}, {"uid": "99709039", "content": "丧(gan)心(de)病(piao)狂(liang)"}, {"uid": "227056084", "content": "画面真的神同步，毫无违和感????????????????????"}, {"uid": "4462471", "content": "哈哈哈哈哈哈哈哈哈哈哈哈哈哈哈哈"}]