[{"uid": "356790173", "content": "0083啊，比你国家队nb多了"}, {"uid": "7287955", "content": "乡秀树：这一定是致敬"}, {"uid": "24517929", "content": "I need the magic when i touch your hand"}, {"uid": "5675139", "content": "突然才发现心梳着个危险的发型"}, {"uid": "270839425", "content": "求另一部动画名字"}, {"uid": "225541292", "content": "違和君你死得真惨"}, {"uid": "2967411", "content": "还是当年的画风好啊"}, {"uid": "44137231", "content": "肥宅到底做错了什么？？？"}, {"uid": "5775016", "content": "莓良心，太惨了"}, {"uid": "3301614", "content": "心满意足 满心欢喜"}, {"uid": "16673277", "content": "太惨了，太莓良心"}, {"uid": "685556", "content": "心满意足，心太爆炸"}, {"uid": "11394441", "content": "缺德23333"}, {"uid": "818992", "content": "哈哈哈哈哈哈哈哈哈哈哈哈"}, {"uid": "4872011", "content": "完 全 一 致"}, {"uid": "760451", "content": "心 太 爆 炸"}, {"uid": "268655", "content": "太缺德了哈哈哈哈"}, {"uid": "2783144", "content": "肥仔好可怜"}, {"uid": "258165", "content": "完 全 一 致"}, {"uid": "1479981", "content": "满 心 欢 喜"}, {"uid": "8040434", "content": "完 全 一 致"}, {"uid": "358862", "content": "可怕，诈尸了"}, {"uid": "518290", "content": "完 全 一 致"}, {"uid": "89428599", "content": "左边国家队 右边0083"}, {"uid": "24517929", "content": "毕竟是上个世纪的良心动画"}, {"uid": "28177600", "content": "高达0083星尘的回忆"}, {"uid": "218721", "content": "完全一致"}, {"uid": "1736649", "content": "完 全 一 致"}, {"uid": "1381811", "content": "危险的发型"}, {"uid": "10706154", "content": "肥宅到底做错了什么"}, {"uid": "2168364", "content": "没区别啊233333"}, {"uid": "75894", "content": "完 全 一 致"}, {"uid": "4298928", "content": "肥宅是没有媳妇的。。"}, {"uid": "62989970", "content": "丧心病狂"}, {"uid": "1911598", "content": "心疼QWQ"}, {"uid": "145556", "content": "我应该在车底 不应该在车里"}, {"uid": "1491326", "content": "...."}, {"uid": "11810463", "content": "第一个看诈尸up！"}, {"uid": "14943413", "content": "高达UC0083"}, {"uid": "15258252", "content": "GREEN"}, {"uid": "5105424", "content": "2333333333333"}, {"uid": "14943413", "content": "卧槽66666"}, {"uid": "7031230", "content": "哇，真的惨"}, {"uid": "75894", "content": "完 全 一 致"}, {"uid": "898646", "content": "无良心"}, {"uid": "12538077", "content": "居然出视频了"}, {"uid": "2168364", "content": "绝了哈哈哈哈哈"}, {"uid": "33912710", "content": "诈尸!投币投币"}, {"uid": "20821138", "content": "太惨了，太惨了"}, {"uid": "108420774", "content": "心疼小胖子啊"}, {"uid": "36027150", "content": "唉，真心疼"}, {"uid": "818992", "content": "adult only哈哈哈哈哈哈哈哈哈"}, {"uid": "31542058", "content": "特林顿综合症发作"}, {"uid": "2783144", "content": "真的强"}, {"uid": "1911598", "content": "完全一致QWQ"}, {"uid": "50038900", "content": "6666"}, {"uid": "12299766", "content": "完全一致"}, {"uid": "14943413", "content": "不是剪辑，你去对比下，你会发现就只是偏差那么几秒钟"}, {"uid": "28464060", "content": "哈哈哈哈"}, {"uid": "206689059", "content": "毫無違和感"}, {"uid": "9161940", "content": "绿帽侠浦木宏"}, {"uid": "342382", "content": "GP03D警告！"}, {"uid": "23828807", "content": "脏心烂肺  满肚坏水"}, {"uid": "25112438", "content": "心太爆炸"}, {"uid": "7733102", "content": "太缺德太扭曲了"}, {"uid": "2783144", "content": "心疼肥仔"}, {"uid": "32814080", "content": "厉害啊"}, {"uid": "483762", "content": "adult only哈哈哈哈哈"}, {"uid": "35347735", "content": "beng！"}, {"uid": "103899", "content": "牛逼啊，笑死了"}, {"uid": "13591834", "content": "23333333333333"}, {"uid": "1736649", "content": "肥仔做错了什么"}, {"uid": "774110", "content": "hhhhhh"}, {"uid": "100313519", "content": "可怜的肥宅"}, {"uid": "37700587", "content": "太惨了"}, {"uid": "56387769", "content": "心态爆炸"}, {"uid": "237633540", "content": "这个回头。。。"}, {"uid": "2145364", "content": "23333333"}, {"uid": "26863", "content": "过分了！"}, {"uid": "466501", "content": "缺德 莓良心"}, {"uid": "12362091", "content": "好扭曲啊 哈哈哈哈哈哈哈哈"}, {"uid": "27120304", "content": "哈哈哈"}, {"uid": "1911598", "content": "肥宅做错了什么QWQ"}, {"uid": "15813718", "content": "尽力了"}, {"uid": "410230", "content": "太缺德了"}, {"uid": "23755856", "content": "歌名叫啥magic"}, {"uid": "23755856", "content": "0083里面的歌.."}, {"uid": "92146194", "content": "莓良心"}, {"uid": "24517929", "content": "高达0083啊"}, {"uid": "65949", "content": "为什么右边画面精细这么多"}, {"uid": "11770580", "content": "666666"}, {"uid": "17387166", "content": "太惨了"}, {"uid": "7031230", "content": "丧心病狂"}, {"uid": "6481448", "content": "石斛兰准备"}, {"uid": "531931", "content": "好久不见"}, {"uid": "414597", "content": "太缺德了"}, {"uid": "93587673", "content": "肥仔做错了什么"}, {"uid": "8177025", "content": "绝了"}, {"uid": "97340936", "content": "2333"}, {"uid": "169578", "content": "真缺德"}, {"uid": "38592165", "content": "1:54.........................................................................."}, {"uid": "26190700", "content": "哈哈哈"}, {"uid": "65949", "content": "哈哈哈哈哈啊哈哈"}, {"uid": "8275080", "content": "哈哈"}, {"uid": "24517929", "content": "高达0083"}, {"uid": "92146194", "content": "莓良心"}, {"uid": "2967411", "content": "？？？"}, {"uid": "188043683", "content": "嘿嘿嘿"}, {"uid": "32493967", "content": "太莓素质了。。。"}, {"uid": "39443786", "content": "卧槽？"}, {"uid": "2168364", "content": "23333333333"}, {"uid": "7712", "content": "哈哈"}, {"uid": "66780308", "content": "太缺德了"}, {"uid": "7702426", "content": "莓良心"}, {"uid": "26863", "content": "肥仔又死了，太没人性了！"}, {"uid": "356915", "content": "adult only 缺德"}, {"uid": "2349", "content": "笑死我了"}, {"uid": "50472", "content": "你们是真的皮"}, {"uid": "35347735", "content": "我去"}, {"uid": "160381960", "content": "？"}, {"uid": "24517929", "content": "有毒"}, {"uid": "285130460", "content": "可怜肥宅但不心疼"}, {"uid": "92146194", "content": "肥宅好可怜"}, {"uid": "92146194", "content": "莓良心"}, {"uid": "28464060", "content": "66666"}, {"uid": "7031230", "content": "太缺德"}, {"uid": "7031230", "content": "我去"}, {"uid": "37123095", "content": "233333"}, {"uid": "46403", "content": "66666"}, {"uid": "20663207", "content": "233"}, {"uid": "8226925", "content": "??????"}, {"uid": "1911598", "content": "肥宅吃你家大米了吗？？"}, {"uid": "1911598", "content": "6666"}, {"uid": "5846581", "content": "666"}, {"uid": "290235", "content": "笑死我了"}, {"uid": "34557003", "content": "1"}, {"uid": "28793573", "content": "操心"}, {"uid": "92146194", "content": "莓良心"}, {"uid": "36602118", "content": "6666666"}, {"uid": "23371320", "content": "说画风的，你拿TV和OVA比？"}, {"uid": "6715061", "content": "然而肥宅又做错了什么!"}, {"uid": "138170", "content": "太，你一定不懂吧~~~"}, {"uid": "898646", "content": "过分了"}, {"uid": "9606904", "content": "感觉胖子，跟眼镜妹。才是真CP"}, {"uid": "34641826", "content": "66666666666666666666666666"}, {"uid": "22987950", "content": "太莓良心"}, {"uid": "26863", "content": "亚美咯！！！"}, {"uid": "62989970", "content": "肥仔做错了什么"}, {"uid": "4872011", "content": "6666666"}, {"uid": "23872378", "content": "6666666"}, {"uid": "258165", "content": "66666"}, {"uid": "28271725", "content": "这"}, {"uid": "36169097", "content": "666669"}, {"uid": "3698923", "content": "不懂你们为什么心满意足？？？"}, {"uid": "8921750", "content": "暂停"}, {"uid": "32441247", "content": "着这么虐胖子好吗？"}, {"uid": "7712", "content": "致敬"}, {"uid": "108420774", "content": "哇"}, {"uid": "19701093", "content": "剪辑版而已"}, {"uid": "1911598", "content": "绿了绿了"}, {"uid": "20312", "content": "大便脸"}, {"uid": "10718392", "content": "这里没有任何要素麻烦就别刷野兽梗了，眼睛疼"}, {"uid": "63812732", "content": "我满老爷喜欢的是广 这女的只是倒贴"}]