[{"uid": "285923335", "content": "十 字 军 之 王 2"}, {"uid": "114697156", "content": "这是第几集？"}, {"uid": "74202683", "content": "人家是跳舞，这是打架好吗"}, {"uid": "74202683", "content": "我是金子我要报警了"}, {"uid": "74202683", "content": "我是立花响，我要报警了"}, {"uid": "21805341", "content": "槽，聋了"}, {"uid": "35097905", "content": "欢迎大家来到06年德国世界杯，我支持意大利。"}, {"uid": "1474684", "content": "逼王自带BGM"}, {"uid": "18777248", "content": "一言不合就防毒"}, {"uid": "222853682", "content": "今年的台风都去广州玩了，福建好伤心"}, {"uid": "49156946", "content": "把塔姐当球了啊你这是"}, {"uid": "129980966", "content": "这弯，让我差点翻车了"}, {"uid": "77009835", "content": "妈妈呐~我要秋裤~"}, {"uid": "3854711", "content": "FATE/extra CCC op  分岛花音的サクラメイキュウ"}, {"uid": "10414594", "content": "别放毒给你硬币QAQ"}, {"uid": "47144225", "content": "小明:我不是这个网瘾少年，我是爱学习的学霸，总被一只猴子干扰(滑稽)"}, {"uid": "97392733", "content": "天道好轮回"}, {"uid": "196558618", "content": "我大牧师又要削弱5张牌了"}, {"uid": "94776925", "content": "噗噗噗"}, {"uid": "94776925", "content": "一言不合就放毒"}, {"uid": "94776925", "content": "哇，炸了出来"}, {"uid": "10720790", "content": "果皇钢管舞"}, {"uid": "10720790", "content": "神tm水团"}, {"uid": "176032616", "content": "令人窒息的操作"}, {"uid": "16040010", "content": "跳车.jpg"}, {"uid": "5022447", "content": "战姬绝唱Ⅲ"}, {"uid": "150668937", "content": "对不起我跳车了"}, {"uid": "35689803", "content": "这是这部动漫被黑得最惨的一次"}, {"uid": "26066994", "content": "乌鸦坐飞机"}, {"uid": "12039747", "content": "6666"}, {"uid": "49641621", "content": "有毒"}, {"uid": "16675926", "content": "公然放毒"}, {"uid": "27200443", "content": "极乐净土"}, {"uid": "11783622", "content": "23333333333333"}, {"uid": "11783622", "content": "放毒"}, {"uid": "88216606", "content": "fu♂q"}, {"uid": "44009623", "content": "噗"}, {"uid": "8705743", "content": "公主：喵喵喵，我年龄咋了？"}, {"uid": "8705743", "content": "原（谅）码语者"}, {"uid": "8705743", "content": "王样：跟我没啥关系(￣ー￣)"}, {"uid": "11701862", "content": "其实官方说了是叫新大师规则"}, {"uid": "7221416", "content": "右边一列黑人问号"}, {"uid": "4598762", "content": "2333333333"}, {"uid": "2529004", "content": "舅舅的奇妙冒險"}, {"uid": "122613016", "content": "哈哈哈"}, {"uid": "7221416", "content": "卧槽这画面是传说中的阿松第1话。。。"}, {"uid": "8096241", "content": "黑小四吗233"}, {"uid": "34677562", "content": "打扰了"}, {"uid": "760055", "content": "膨胀了，膨胀了，泥潭变第二了"}, {"uid": "236077", "content": "哈哈哈"}, {"uid": "236077", "content": "喷了"}, {"uid": "89633321", "content": "感谢静音提醒"}, {"uid": "27949454", "content": "魔性"}, {"uid": "19892701", "content": "林明美阿 !"}, {"uid": "153088046", "content": "WHAT F U C K I N G COMING"}, {"uid": "35048314", "content": "前方高能，请关闭声音"}, {"uid": "36207513", "content": "多谢静音提醒"}, {"uid": "8224784", "content": "bgm我报警了233333"}, {"uid": "21964698", "content": "BGM分岛花音的 樱花迷宫 自问自答包住心疼的自己"}, {"uid": "21964698", "content": "这首歌叫什么啊 大佬们  跪求"}, {"uid": "84038110", "content": "救命，这不是去幼儿园的车，我要下车"}, {"uid": "34032626", "content": "这个轮流毒真的好吗？"}, {"uid": "837577", "content": "串戏严重2333333"}, {"uid": "20159564", "content": "小上神"}, {"uid": "102371681", "content": "麻婆：切嗣你弄得圣晶石抽的什么玩意"}, {"uid": "37879391", "content": "aqours的小姐姐(●'◡'●)ﾉ❤"}, {"uid": "37879391", "content": "为LL疯狂打call"}, {"uid": "77032256", "content": "官方有钱不重置月姬，乱搞系列"}, {"uid": "28918296", "content": "妈妈呐~我要秋裤~"}, {"uid": "28918296", "content": "三个……"}, {"uid": "13711268", "content": "背景bgm是炸弹超人啊 好怀念"}, {"uid": "18054531", "content": "武藤游戏"}, {"uid": "2168364", "content": "凛的手上哈哈哈哈哈哈哈哈哈哈"}, {"uid": "1740410", "content": "不不不 这才是完全失控了吧"}, {"uid": "25514797", "content": "人类混沌恶显现！！！"}, {"uid": "2783144", "content": "老铁厉害了，倒放是最骚的"}, {"uid": "2783144", "content": "过分了啊2333"}, {"uid": "33024571", "content": "C妈表情"}, {"uid": "602248", "content": "我绝对不会说这段是在黑郭小四233"}, {"uid": "45452277", "content": "我差点以为是蕾丝声音呢"}, {"uid": "137660924", "content": "66666"}, {"uid": "137660924", "content": "暂停成功"}, {"uid": "60235077", "content": "妈妈呐~我要秋裤~"}, {"uid": "97340936", "content": "666666666666666666666666关系更复杂了，哦不，更简单了"}, {"uid": "97340936", "content": "德国骨科就算亲身也合情合法啊"}, {"uid": "97340936", "content": "杰哥不要啊"}, {"uid": "97340936", "content": "小圆…………"}, {"uid": "841515", "content": "我的豪宅还蛮大的，吃完鸡直接睡觉，也没问题"}, {"uid": "37661696", "content": "哇，我的耳朵啊啊啊"}, {"uid": "109486010", "content": "幻想嘉年华啊。。。"}, {"uid": "36388182", "content": "公然放毒"}, {"uid": "44038879", "content": "又放毒.刚刚从戒毒所出来，我不想回去。"}, {"uid": "2906705", "content": "少女与战车"}, {"uid": "478107", "content": "自恋刑警233"}, {"uid": "477328", "content": "b萌事件？"}, {"uid": "34768061", "content": "哇，被恶心到了"}, {"uid": "1735250", "content": "林明美2333"}, {"uid": "1735250", "content": "可曾记得爱好评"}, {"uid": "10942604", "content": "好的"}, {"uid": "10942604", "content": "天才23333"}, {"uid": "10942604", "content": "点射破门，建功了2333"}, {"uid": "37127256", "content": "抱歉，关了"}, {"uid": "33912710", "content": "我记得是爆炸默示录还是什么的，看了以后忘了"}, {"uid": "35935762", "content": "出处:惊爆游戏"}, {"uid": "34812253", "content": "居然把μ's和tfboy摆一起=-="}, {"uid": "8705743", "content": "因为他是主角啊"}, {"uid": "34812253", "content": "μ'sic forever"}, {"uid": "3484010", "content": "自恋刑警2333"}, {"uid": "19395461", "content": "黑得满分！"}, {"uid": "39652550", "content": "我TM刚戒的"}, {"uid": "27166689", "content": "突然放毒，猝不及防"}, {"uid": "19395461", "content": "大主教似李！"}, {"uid": "28636573", "content": "又黑我巨人原创好女色清贫作家郭敬明"}, {"uid": "1594855", "content": "从bgm已经预感到了什么……"}, {"uid": "87307185", "content": "神tm氪金手册"}, {"uid": "40075553", "content": "前方高能，快静音！"}, {"uid": "33149342", "content": "要不是看过番我还真信了 = ="}, {"uid": "2021263", "content": "外野那帖吗"}, {"uid": "102585301", "content": "天道好轮回，净土饶过谁"}, {"uid": "7698787", "content": "给作哥打call"}, {"uid": "97340936", "content": "哈哈哈哈哈哈"}, {"uid": "97340936", "content": "老年人运动引战"}, {"uid": "97340936", "content": "打起来了，打起来"}, {"uid": "97340936", "content": "233333333"}, {"uid": "7698787", "content": "居然有游戏王2333333"}, {"uid": "97340936", "content": "哎呦，我擦，可曾记得爱"}, {"uid": "97340936", "content": "等等，有奇怪的东西混进来了。"}, {"uid": "18442723", "content": "毫无违和感"}, {"uid": "97340936", "content": "你们是亲生的啊"}, {"uid": "8705743", "content": "醒醒，大师四了！"}, {"uid": "23155980", "content": "一起挠鸡鸡吗"}, {"uid": "97340936", "content": "为了做这个示意图，我把20多年来没有搞明白的亲戚关系弄清楚了！！！"}, {"uid": "8705743", "content": "BGM热烈的决斗者"}, {"uid": "34908505", "content": "毒"}, {"uid": "19847281", "content": "第1"}, {"uid": "32932042", "content": "这是立华奏？"}, {"uid": "14067073", "content": "妈妈呐~我要秋裤~~"}, {"uid": "110943699", "content": "你是怎么做到的"}, {"uid": "18557309", "content": "华语电视台自黑？"}, {"uid": "97340936", "content": "自己第一"}, {"uid": "172624144", "content": "这是刚刚看完的学园默示录，，"}, {"uid": "9096418", "content": "惊爆游戏"}, {"uid": "7947837", "content": "卧槽，心痛阿塔"}, {"uid": "11856845", "content": "谢谢高能提醒"}, {"uid": "30864806", "content": "对不起！！！打扰了"}, {"uid": "32052706", "content": "giligili爱"}, {"uid": "11783622", "content": "这是真的hop"}, {"uid": "11783622", "content": "自恋刑警 哈哈哈"}, {"uid": "32807398", "content": "这是口球吗"}, {"uid": "13914475", "content": "真毒。。。"}, {"uid": "15151205", "content": "笑的嘴疼"}, {"uid": "769181", "content": "没有我阿福不会吹的曲子"}, {"uid": "2406237", "content": "完全没问题，凹酱和阳子太太两边都参加了ww"}, {"uid": "8705743", "content": "玩大师4的请退群！"}, {"uid": "13961553", "content": "2333"}, {"uid": "1444300", "content": "刚要关居然有游戏王"}, {"uid": "35944656", "content": "脑后插管，尸者的帝国"}, {"uid": "33125665", "content": "突然的燃"}, {"uid": "54362573", "content": "拉二池子第一个就是飞哥，还好后面出了"}, {"uid": "38718779", "content": "这伏笔……"}, {"uid": "5617641", "content": "给阿福打call"}, {"uid": "6493017", "content": "炸弹人bgm"}, {"uid": "65230058", "content": "进门啦!!!!!!!"}, {"uid": "12944134", "content": "就靠这首歌，硬币的，不要想了"}, {"uid": "3389494", "content": "保加利亚妖王啊【迫真】"}, {"uid": "3389494", "content": "S1娘好きです"}, {"uid": "8717688", "content": "你还想要硬币？不存在的"}, {"uid": "45041857", "content": "好看不火系列"}, {"uid": "34812253", "content": "μ'sic forever"}, {"uid": "34812253", "content": "μ'sic forever"}, {"uid": "3194071", "content": "刚刚那个镜头出自哪里？"}, {"uid": "87307185", "content": "woc硬币别想了"}, {"uid": "2856524", "content": "懔的是宝石2333333"}, {"uid": "98613956", "content": "人才呀"}, {"uid": "13629", "content": "囚徒2333"}, {"uid": "6205864", "content": "承包这个BB！！！"}, {"uid": "8705743", "content": "星光子！"}, {"uid": "138799132", "content": "毫无违和感"}, {"uid": "5670485", "content": "这里暂停有颜艺"}, {"uid": "14067073", "content": "妈妈呐~我要秋裤~~"}, {"uid": "34855413", "content": "2333333333333"}, {"uid": "34908505", "content": "2333"}, {"uid": "145794986", "content": "艾尔！"}, {"uid": "3612969", "content": "strom access"}, {"uid": "25153867", "content": "够黑够血腥的番被讲成这样（╯‵□′）╯︵┴─┴"}, {"uid": "172831654", "content": "克里斯芬蒂悬挂！"}, {"uid": "163509973", "content": "妈妈呀我要秋裤"}, {"uid": "163509973", "content": "大师四退群吧，官方叫新大师"}, {"uid": "183923647", "content": "智减"}, {"uid": "11783622", "content": "握草 .....不行 别放了"}, {"uid": "11783622", "content": "哈哈哈"}, {"uid": "4598762", "content": "233333333333"}, {"uid": "24715858", "content": "哇哦 ccc"}, {"uid": "28582235", "content": "老咸肉23333"}, {"uid": "58931249", "content": "啊～路哥他不低头"}, {"uid": "3975295", "content": "切嗣射的是圣晶石?！！"}, {"uid": "1488381", "content": "233333"}, {"uid": "27949454", "content": "厉害"}, {"uid": "4950255", "content": "青玉护符...杰克？"}, {"uid": "102371681", "content": "幻想嘉年华"}, {"uid": "20065143", "content": "这就很皮"}, {"uid": "37879391", "content": "woc我是真的被恶心到了快放一首μ's要么aqours的歌压压惊"}, {"uid": "33125665", "content": "妈妈呐我要秋裤"}, {"uid": "33125665", "content": "真滴牛逼哟"}, {"uid": "28582235", "content": "哈哈哈哈哈哈"}, {"uid": "1957664", "content": "片头广告永远是最好看的"}, {"uid": "2168364", "content": "脑后插管还行"}, {"uid": "2168364", "content": "杰哥不要啊"}, {"uid": "2168364", "content": "闭嘴啊啊（淚"}, {"uid": "39547724", "content": "哇，金色传说"}, {"uid": "137660924", "content": "杰克和软妹币(#ﾟДﾟ)"}, {"uid": "43489348", "content": "2333333"}, {"uid": "97340936", "content": "666666666666畅的游戏"}, {"uid": "3417433", "content": "人才啊"}, {"uid": "3389494", "content": "S1娘好きです"}, {"uid": "33912710", "content": "一小时"}, {"uid": "34812253", "content": "μ'sic forever"}, {"uid": "34812253", "content": "μ'sic forever"}, {"uid": "66974794", "content": "金色传说"}, {"uid": "66974794", "content": "2333333333333"}, {"uid": "97340936", "content": "233333333333333"}, {"uid": "97340936", "content": "23333333"}, {"uid": "97340936", "content": "伟大的意大利"}, {"uid": "31843662", "content": "giligili爱"}, {"uid": "31843662", "content": "giligili爱"}, {"uid": "31843662", "content": "giligili爱"}, {"uid": "4949848", "content": "我的腿怎么抖起来了"}, {"uid": "34908505", "content": "前排"}, {"uid": "14067073", "content": "不干嘛搞事！"}, {"uid": "31843662", "content": "卧槽666666"}, {"uid": "67901842", "content": "战姬绝唱第四季"}, {"uid": "103055404", "content": "s1娘有本子→_→"}, {"uid": "49727519", "content": "，，yamada"}, {"uid": "129980966", "content": "人才啊"}, {"uid": "9096371", "content": "流畅。。。。23333"}, {"uid": "97392733", "content": "跳车"}, {"uid": "32761760", "content": "23333333333333"}, {"uid": "72365089", "content": "66666"}, {"uid": "11783622", "content": "6666666666666666666"}, {"uid": "4557224", "content": "阿松还行"}, {"uid": "4557224", "content": "上网冲浪有甚么好奇怪的"}, {"uid": "64311310", "content": "？？？？？"}, {"uid": "11701862", "content": "为作哥发条弹幕！"}, {"uid": "66871848", "content": "对不起先生"}, {"uid": "10251268", "content": "玩大师4打请退群"}, {"uid": "1319156", "content": "哈哈哈哈哈"}, {"uid": "1319156", "content": "speedrunners BGM？"}, {"uid": "4574827", "content": "我大师4玩家不服！"}, {"uid": "11799574", "content": "可以开声音了，不过硬币不给了"}, {"uid": "29010214", "content": "100E。。。高级"}, {"uid": "390406", "content": "此处封面av13956845"}, {"uid": "8834627", "content": "好想点skip"}, {"uid": "77304634", "content": "23333"}, {"uid": "28918296", "content": "想要硬币和收藏？就冲你这首歌不给了"}, {"uid": "9319448", "content": "23333"}, {"uid": "3262", "content": "外野那个帖子 哈哈哈哈"}, {"uid": "10942604", "content": "μ'sic forever"}, {"uid": "3484010", "content": "飞哥23333"}, {"uid": "10447988", "content": "脑后插管?黑客帝国吗？"}, {"uid": "11219041", "content": "惊爆游戏"}, {"uid": "87307185", "content": "233333333333333333"}, {"uid": "33385299", "content": "hhhhhhhh"}, {"uid": "30120776", "content": "会玩666"}, {"uid": "7091210", "content": "广场武斗还行"}, {"uid": "97340936", "content": "过气搞事"}, {"uid": "97340936", "content": "哈哈哈哈哈哈"}, {"uid": "97340936", "content": "1.4米"}, {"uid": "97340936", "content": "喷了"}, {"uid": "31843662", "content": "giligili爱"}, {"uid": "31843662", "content": "giligili爱"}, {"uid": "35281459", "content": "脑洞好大……"}, {"uid": "97340936", "content": "hhhhhhhhhhh"}, {"uid": "34908505", "content": "搞事"}, {"uid": "34908505", "content": "2333"}, {"uid": "4074715", "content": "我晕了"}, {"uid": "82163459", "content": "66666666666666"}, {"uid": "4074715", "content": "2333333"}, {"uid": "59425039", "content": "前"}, {"uid": "18777248", "content": "23333333"}, {"uid": "18777248", "content": "6666666666666"}, {"uid": "177997337", "content": "什么鬼！！！"}, {"uid": "16040010", "content": "神抽！"}, {"uid": "32522898", "content": "阿福！！！！！！！"}, {"uid": "151245501", "content": "23333"}, {"uid": "11783622", "content": "哇哦~"}, {"uid": "11783622", "content": "？？？？？？"}, {"uid": "531931", "content": "hhhh"}, {"uid": "155500339", "content": "我塔喵射爆！"}, {"uid": "91433604", "content": "e"}, {"uid": "4598762", "content": "2333333333"}, {"uid": "104702818", "content": "暴力"}, {"uid": "13998686", "content": "游戏王vrains"}, {"uid": "97176209", "content": "打老了"}, {"uid": "67113338", "content": "打扰了"}, {"uid": "67113338", "content": "打扰了"}, {"uid": "89633321", "content": "妈妈呐我要秋裤"}, {"uid": "769181", "content": "老咸肉"}, {"uid": "5541198", "content": "noooooo!"}, {"uid": "37879391", "content": "笨女孩op。。。"}, {"uid": "2168364", "content": "啊 老婆"}, {"uid": "2168364", "content": "hop"}, {"uid": "8750970", "content": "教主"}, {"uid": "13916824", "content": "硬币别想要了"}, {"uid": "108225876", "content": "说hop的已经举……已经举高高了"}, {"uid": "44038879", "content": "别放毒，刚从戒毒所出来"}, {"uid": "7417669", "content": "突然放毒"}, {"uid": "10942604", "content": "giligili爱"}, {"uid": "34812253", "content": "μ'sic forever"}, {"uid": "34812253", "content": "μ'sic forever"}, {"uid": "33149342", "content": "我的天"}, {"uid": "15614376", "content": "苟！！！"}, {"uid": "92987831", "content": "第一？"}, {"uid": "97340936", "content": "23333333333"}, {"uid": "23155980", "content": "233333333333333"}, {"uid": "31843662", "content": "giligili爱"}, {"uid": "32932042", "content": "66666"}, {"uid": "74202683", "content": "战姬不服"}, {"uid": "172624144", "content": "政宗和京介66"}, {"uid": "1474684", "content": "biu~"}, {"uid": "35223560", "content": "？？？？"}, {"uid": "129980966", "content": "hop这是背景音乐"}, {"uid": "168230336", "content": "人才啊"}, {"uid": "179016622", "content": "硬币没了，叫你放比hop还恶心的歌"}, {"uid": "2417293", "content": "求BUG"}, {"uid": "39561147", "content": "这可以66666"}, {"uid": "94776925", "content": "双马尾？还是什么？"}, {"uid": "163509973", "content": "游基王"}, {"uid": "4327726", "content": "ppppp"}, {"uid": "49641621", "content": "hhhhhhhhh"}, {"uid": "758550", "content": "..."}, {"uid": "531931", "content": "哈哈哈哈哈哈"}, {"uid": "49402211", "content": "游戏王bgm."}, {"uid": "49402211", "content": "xp音乐"}, {"uid": "49402211", "content": "bgm出色"}, {"uid": "113957210", "content": "妙啊"}, {"uid": "2529004", "content": "妈妈呐~我要秋裤~~"}, {"uid": "21713468", "content": "6666666666666666"}, {"uid": "21713468", "content": "2333333333333"}, {"uid": "21713468", "content": "2333333333333333333333333"}, {"uid": "21713468", "content": "666666666666666666666666666"}, {"uid": "11563981", "content": "wtf"}, {"uid": "11563981", "content": "型月"}, {"uid": "100821968", "content": "HOP"}, {"uid": "40110016", "content": "………………"}, {"uid": "24986068", "content": "2333333"}, {"uid": "421259", "content": "妈妈那我要秋裤"}, {"uid": "102371681", "content": "我女儿"}, {"uid": "37450801", "content": "6666"}, {"uid": "12640680", "content": "2333333333333"}, {"uid": "1488381", "content": "2333333333"}, {"uid": "3915304", "content": "黑的好"}, {"uid": "137660924", "content": "bgm：hop（没人反对了吧→_→）"}, {"uid": "97340936", "content": "笑死了"}, {"uid": "3053427", "content": "你们这种、"}, {"uid": "97340936", "content": "360卫士…………"}, {"uid": "297951", "content": "666"}, {"uid": "10542224", "content": "。。"}, {"uid": "7685770", "content": "23333333333333"}, {"uid": "34812253", "content": "μ'sic forever"}, {"uid": "34812253", "content": "μ'sic forever"}, {"uid": "34812253", "content": "μ'sic forever"}, {"uid": "67800405", "content": "我大游戏王用不言败"}, {"uid": "10901731", "content": "嗯"}, {"uid": "2021263", "content": "我要死了"}, {"uid": "81791633", "content": "……"}, {"uid": "15614376", "content": "靠"}, {"uid": "40010416", "content": "第一个看完"}, {"uid": "7698787", "content": "23333"}, {"uid": "7698787", "content": "23333333333"}, {"uid": "23178666", "content": "25分前"}, {"uid": "97340936", "content": "脏！！！！！"}, {"uid": "8705743", "content": "这不是zexal吗"}, {"uid": "28805291", "content": "妈妈呀我要"}, {"uid": "97340936", "content": "卡机了"}, {"uid": "32932042", "content": "能啊，反正不是三代之内的近亲"}, {"uid": "19847281", "content": "105"}, {"uid": "32824447", "content": "没过一分钟"}, {"uid": "44634469", "content": "强无敌"}, {"uid": "263732614", "content": "666666"}, {"uid": "40380232", "content": "真恶心"}, {"uid": "196558618", "content": "哇偶"}, {"uid": "168230336", "content": "我想学"}, {"uid": "16040010", "content": "砂星（哇）"}, {"uid": "108591356", "content": "哈哈哈"}, {"uid": "32522898", "content": "艾爾！！！！！"}, {"uid": "11856845", "content": "没有"}, {"uid": "89940530", "content": "66666666‘’"}, {"uid": "14573296", "content": "伊莉雅"}, {"uid": "2942704", "content": "被恶心到了"}, {"uid": "4327726", "content": "p"}, {"uid": "23196161", "content": "卧槽不怕河蟹"}, {"uid": "20312", "content": "农者要亡"}, {"uid": "10248", "content": "第二？K岛还是PPT死了？"}, {"uid": "49402211", "content": "嘉年华……"}, {"uid": "49402211", "content": "卧槽"}, {"uid": "24791", "content": "....."}, {"uid": "40003934", "content": "23333333"}, {"uid": "83910748", "content": "mmp"}, {"uid": "40110016", "content": "……………………"}, {"uid": "24986068", "content": "打扰了"}, {"uid": "421259", "content": "BTOOOM！！！"}, {"uid": "102371681", "content": "咕哒子？！"}, {"uid": "8974549", "content": "真的牛逼呦"}, {"uid": "37879391", "content": "幻想嘉年华。。。官方有病且病的不轻系列"}, {"uid": "40668252", "content": "6666666"}, {"uid": "194824", "content": "这个是真吃鸡了"}, {"uid": "2168364", "content": "？？？？？"}, {"uid": "8750970", "content": "杰哥你干什么，杰哥不要啊，不要啊杰哥"}, {"uid": "33024571", "content": "233333"}, {"uid": "39547724", "content": "66666"}, {"uid": "14636394", "content": "bb！"}, {"uid": "137660924", "content": "(#ﾟДﾟ)"}, {"uid": "97340936", "content": "石头打给我"}, {"uid": "18795312", "content": "cnmbg"}, {"uid": "33488450", "content": "猝不及防。"}, {"uid": "2906705", "content": "迦南"}, {"uid": "34082153", "content": "妈妈呢我要秋裤~"}, {"uid": "35839334", "content": "666666666"}, {"uid": "35686459", "content": "23333333333"}, {"uid": "2918562", "content": "我服"}, {"uid": "34812253", "content": "μ'sic forever"}, {"uid": "34812253", "content": "μ'sic forever"}, {"uid": "32090881", "content": "＋1s"}, {"uid": "10256747", "content": "求出处啊"}, {"uid": "33149342", "content": "太暴力了"}, {"uid": "21939988", "content": "BGM:hop   不会被举报吧...."}, {"uid": "97340936", "content": "2333333333333"}, {"uid": "12123274", "content": "wwww"}, {"uid": "97340936", "content": "2333333333"}, {"uid": "34908505", "content": "2333"}, {"uid": "23270947", "content": "2333"}, {"uid": "8176531", "content": "6666。"}, {"uid": "114697156", "content": "忽然发现这一页的女的长的都差不多→_→"}, {"uid": "67901842", "content": "没毛病响神圆神猿神一个声优悠木碧"}, {"uid": "174946071", "content": "天杀的"}, {"uid": "179389648", "content": "up你过来"}, {"uid": "2275474", "content": "恶意"}, {"uid": "152093371", "content": "什么鬼"}, {"uid": "94776925", "content": "噗"}, {"uid": "6288719", "content": "NOOOOOOOO！！！！"}, {"uid": "35948529", "content": "666666666"}, {"uid": "70847887", "content": "是狗吧"}, {"uid": "531931", "content": "hhhhh"}, {"uid": "822210", "content": "打扰了"}, {"uid": "8545740", "content": "人活着就是为了歌颂黎明卿"}, {"uid": "97340936", "content": "111111"}, {"uid": "113957210", "content": "妙啊"}, {"uid": "4598762", "content": "6666666666"}, {"uid": "4892574", "content": "打扰了"}, {"uid": "40101950", "content": "战姬绝唱啊"}, {"uid": "99400907", "content": "2333"}, {"uid": "104948523", "content": "这什么烦啊？"}, {"uid": "30355912", "content": "放毒"}, {"uid": "9319448", "content": "再见"}, {"uid": "33024571", "content": "66666666"}, {"uid": "6830953", "content": "没有"}, {"uid": "17978966", "content": "对不起"}, {"uid": "535813", "content": "琴魔！"}, {"uid": "21347354", "content": "666666"}, {"uid": "34812253", "content": "μ'sic forever"}, {"uid": "34812253", "content": "μ'sic forever"}, {"uid": "87307185", "content": "猴啊猴啊"}, {"uid": "18124963", "content": "官方有病系列"}, {"uid": "11361103", "content": "就写个京吹真的好吗"}, {"uid": "1948258", "content": "6666"}, {"uid": "97340936", "content": "我是狗"}, {"uid": "97340936", "content": "噗嗤"}, {"uid": "31843662", "content": "第一个看完"}, {"uid": "8705743", "content": "黑的好！"}, {"uid": "21784693", "content": "bgm：HOP"}, {"uid": "34855413", "content": "bgm:hop不谢"}, {"uid": "27305317", "content": "bb"}, {"uid": "12784502", "content": "比骨科還複雜"}, {"uid": "20281041", "content": "第一"}, {"uid": "181915036", "content": "男孩？"}, {"uid": "77009835", "content": "μ'sic forever"}, {"uid": "39774039", "content": "抱歉，德鲁伊真的可以为所欲为"}, {"uid": "14917829", "content": "哈哈哈哈哈哈哈囚徒梗进军二次元"}, {"uid": "87717338", "content": "这，黑车"}, {"uid": "13655658", "content": "杜蕾斯on"}, {"uid": "65541496", "content": "吾王我的"}, {"uid": "97392733", "content": "吾王我老婆"}, {"uid": "34350854", "content": "666666666666"}, {"uid": "99415555", "content": "吓死我了"}, {"uid": "40093537", "content": "你们太过分了吧……"}, {"uid": "11783622", "content": "刚才乳弹炸弹的出处是惊爆游戏 女主"}, {"uid": "11783622", "content": "切嗣 哈哈哈"}, {"uid": "35539557", "content": "什么鬼"}, {"uid": "49402211", "content": "对不起，打扰啦"}, {"uid": "11615643", "content": "这不是CCC的op吗"}, {"uid": "113957210", "content": "woc好恶心"}, {"uid": "87204241", "content": "为什么会看见有人刷路哥。。"}, {"uid": "104702818", "content": "警告，该视频随时会被举报"}, {"uid": "97176209", "content": "关了"}, {"uid": "97176209", "content": "66666"}, {"uid": "67113338", "content": "笨女孩血洗b站"}, {"uid": "28771321", "content": "66666666"}, {"uid": "39075914", "content": "6666666"}, {"uid": "38138920", "content": "66666"}, {"uid": "40110016", "content": "…………………………"}, {"uid": "390406", "content": "就写个京吹……"}, {"uid": "1471049", "content": "什么鬼图啊！完全不对啊！怎么没有娜娜奇"}, {"uid": "830152377", "content": "恐怖！恐怖！"}, {"uid": "8974549", "content": "还好我看过，汪酱死得惨"}, {"uid": "11870840", "content": "d"}, {"uid": "951832", "content": "hah"}, {"uid": "15288099", "content": "@维达大人"}, {"uid": "5617641", "content": "凛是怎么回事"}, {"uid": "1984502", "content": "666666"}, {"uid": "1964218", "content": "嗯？是新游戏吼？"}, {"uid": "29105335", "content": "郭敬明？"}, {"uid": "36095839", "content": "牧师对我打出抱歉，唉"}, {"uid": "123276308", "content": "1小时前"}, {"uid": "34082153", "content": "学园默示录"}, {"uid": "34082153", "content": "2333"}, {"uid": "34812253", "content": "μ'sic forever"}, {"uid": "33149342", "content": ".."}, {"uid": "97340936", "content": "棒读"}, {"uid": "97340936", "content": "不给"}, {"uid": "97340936", "content": "哎呦"}, {"uid": "44634469", "content": "电玩咖"}, {"uid": "6518151", "content": "自恋刑警~~"}, {"uid": "172624144", "content": "这是玷污吧，，"}, {"uid": "10720790", "content": "过气女团。。过高人气女团"}, {"uid": "32522898", "content": "他們是一隊的=="}, {"uid": "7304265", "content": "还是静音吧"}, {"uid": "11783622", "content": "μ'sic forever"}, {"uid": "7850708", "content": "等等凛。。。"}, {"uid": "39681477", "content": "哇，被恶心到了"}, {"uid": "104702818", "content": "牧狗到处跑"}, {"uid": "21782197", "content": "对不起，对不起"}, {"uid": "456104", "content": "硬币没了"}, {"uid": "11799574", "content": "多谢静音提醒"}, {"uid": "170528728", "content": "f*ck"}, {"uid": "7362015", "content": "这是什么动漫"}, {"uid": "35944656", "content": "刚刚那个最丑的是骇客娃娃"}, {"uid": "4330570", "content": "····？？？"}, {"uid": "34864889", "content": "BB@"}, {"uid": "258165", "content": "服了你们了"}, {"uid": "35898151", "content": " 嗯 我穿越了。。"}, {"uid": "158504299", "content": "关上前500大门"}, {"uid": "27305317", "content": "没什么是我阿福吹不出来的"}, {"uid": "38592165", "content": "前排"}, {"uid": "173489423", "content": "吃鸡？"}, {"uid": "34149370", "content": "说bgm是hop的，举。。。。举高高"}, {"uid": "104968204", "content": "恶心"}, {"uid": "32761760", "content": "卧槽23333333333333"}, {"uid": "110078358", "content": "额呃呃呃呃呃呃额额，我真的没吐"}, {"uid": "79536907", "content": "恶心"}, {"uid": "3498840", "content": "???????什么鬼？？？？？、"}, {"uid": "36525736", "content": "醒醒，不要要你自己当上帝了，取关说明你开始不喜欢UP视频，那就取关呗"}, {"uid": "89633321", "content": "说BGM是hop的，我要把你们举。。。举高高"}, {"uid": "39767038", "content": "说hop的已经举。。。。举睾睾了のνの"}, {"uid": "40001784", "content": "还是取关吧"}, {"uid": "22524542", "content": "德国已经没有骨科了。"}, {"uid": "12944134", "content": "听着要吐，这歌词，好烂！！！！！"}, {"uid": "24850095", "content": "bgm：hop"}, {"uid": "9535197", "content": "？？？？？？？？？？？？？？？？？？？？"}, {"uid": "4573209", "content": "取关 再见"}, {"uid": "3956213", "content": "哈哈哈哈哈哈哈哈哈哈哈哈哈哈哈哈哈"}, {"uid": "35898151", "content": "我呸 tfb"}, {"uid": "102585301", "content": "说hop的已经举。。。。。举高高！"}, {"uid": "27586146", "content": "bgm:hop"}, {"uid": "87605656", "content": "我好像听到了hop"}, {"uid": "87605656", "content": "才发现我是第一，发条弹幕纪念一下"}]