[{"uid": "49589264", "content": "6"}, {"uid": "49589264", "content": "66666"}, {"uid": "49589264", "content": "2333333333"}, {"uid": "137660924", "content": "stella(#ﾟДﾟ)"}, {"uid": "84502279", "content": "交封不杀"}, {"uid": "49990390", "content": "明明是兰斯"}, {"uid": "32761760", "content": "2333333333333"}, {"uid": "1983262", "content": "惊爆游戏"}, {"uid": "20484471", "content": "2333333333333333"}, {"uid": "627807", "content": "百合大法好"}, {"uid": "26215111", "content": "世界核平"}, {"uid": "26215111", "content": "这番剧太虐心了每次都是看着心疼"}, {"uid": "47693703", "content": "我去  我差点信了"}, {"uid": "815675", "content": "东大：？？？？"}, {"uid": "35487637", "content": "薛之谦哈哈哈哈哈哈，笑死"}, {"uid": "75337891", "content": "切嗣：这锅我不背"}, {"uid": "20616191", "content": "我怀疑原型就是鬼畜王兰斯"}, {"uid": "114206532", "content": "前方高能"}, {"uid": "19804019", "content": "声优居然还对上了"}, {"uid": "150991761", "content": "哔哩哔哩-(゜-゜)つロ乾杯~"}, {"uid": "7336166", "content": "..."}, {"uid": "27976904", "content": "为什么我在虾米上下载的唱的慢一拍，感觉没这个好听"}, {"uid": "832228", "content": "66666666666666"}, {"uid": "4159483", "content": "@早乙女·阿鲁特233333"}, {"uid": "22893672", "content": "我差点就相信你的鬼话了"}, {"uid": "39799278", "content": "BGM：片手だけつないで  能登麻美子  不会打日文的可以查歌手名字"}, {"uid": "166486", "content": "棒球大佬"}, {"uid": "166486", "content": "哈哈哈哈哈哈"}, {"uid": "36760207", "content": "哭，都给我哭！"}, {"uid": "169505097", "content": "误解"}, {"uid": "42874573", "content": "跪求bgm"}, {"uid": "30344671", "content": "声优梗刷的飞起"}, {"uid": "4598762", "content": "666666666"}, {"uid": "4598762", "content": "2333333333"}, {"uid": "4598762", "content": "2333333333"}, {"uid": "197575987", "content": "路哥表示我的目的和他们不一样"}, {"uid": "26626219", "content": "核爆"}, {"uid": "26626219", "content": "没看过啊"}, {"uid": "22822079", "content": "诚哥再现"}, {"uid": "24791", "content": "全国最大的交友网站呢？"}, {"uid": "34654671", "content": "诚哥在天上看着你"}, {"uid": "27931930", "content": "哈哈哈"}, {"uid": "27931930", "content": "哈哈哈哈"}, {"uid": "88617738", "content": "bgm求"}, {"uid": "198640526", "content": "233333"}, {"uid": "198640526", "content": "23333333"}, {"uid": "198640526", "content": "233333333"}, {"uid": "198640526", "content": "2333"}, {"uid": "219713951", "content": "大师球!!!"}, {"uid": "108735956", "content": "人渣"}, {"uid": "177771867", "content": "埃罗芒阿老师"}, {"uid": "177771867", "content": "嘴型对上是最骚的"}, {"uid": "36713439", "content": "抱歉青玉德能为所欲为"}, {"uid": "32301034", "content": "白学现场！！！"}, {"uid": "11783622", "content": "23333333333333333"}, {"uid": "21989", "content": "我x，受不了了"}, {"uid": "1488854", "content": "23333"}, {"uid": "106719747", "content": "核爆核爆  我擦"}, {"uid": "21648788", "content": "这剧情，有点眼熟啊！"}, {"uid": "21112967", "content": ".....woc吾王"}, {"uid": "90985064", "content": "这是什么番"}, {"uid": "128614610", "content": "哈哈哈 毫无违和感"}, {"uid": "40836118", "content": "幸好我看过"}, {"uid": "142774566", "content": "暂停选老婆"}, {"uid": "37691079", "content": "233333"}, {"uid": "49490980", "content": "欢迎来到实力至上的教室主义..."}, {"uid": "28464060", "content": "厉害了233333"}, {"uid": "99203438", "content": "233333没毛病"}, {"uid": "619292", "content": "这形状是情趣内裤啊"}, {"uid": "104948523", "content": "黑啊"}, {"uid": "97340936", "content": "你肚子这点小九九我还不知道"}, {"uid": "33624249", "content": "2333333333333333"}, {"uid": "531931", "content": "哈哈哈哈哈哈，这个没毛病"}, {"uid": "3915304", "content": "233333333"}, {"uid": "3915304", "content": "诚哥？"}, {"uid": "314399", "content": "石头打给我"}, {"uid": "20312", "content": "这桌麻将打不下去了"}, {"uid": "97340936", "content": "geass"}, {"uid": "20312", "content": "声音有点不同"}, {"uid": "751240", "content": "迷叔读英语真好啊（"}, {"uid": "2267309", "content": "我永远喜欢高崎美咲！"}, {"uid": "1741359", "content": "2333333"}, {"uid": "15554651", "content": "没人。"}, {"uid": "20159564", "content": "没看过的我差点信了"}, {"uid": "28582235", "content": "哈哈哈哈哈哈"}, {"uid": "4892574", "content": "竟然毫无违和感"}, {"uid": "2346372", "content": "狗屎一般的结局"}, {"uid": "14921698", "content": "stella!!!!!"}, {"uid": "7017865", "content": "呆毛：mmp我的伙食费啊"}, {"uid": "108449536", "content": "没人了"}, {"uid": "20566235", "content": "66666666666666666666666666666666"}, {"uid": "9208425", "content": "这个厉害了"}, {"uid": "20566235", "content": "6666666666666666666666666666666666"}, {"uid": "35963594", "content": "2333333"}, {"uid": "35391113", "content": "66666666666666666666666666666666"}, {"uid": "35391113", "content": "6366666666666666666666666666666"}, {"uid": "34521308", "content": "23333"}, {"uid": "82645285", "content": "前方高能"}, {"uid": "108449536", "content": "志摩子是我圣叔的"}, {"uid": "108449536", "content": "白家"}, {"uid": "108449536", "content": "AIR"}, {"uid": "108449536", "content": "四个毒"}, {"uid": "108449536", "content": "2333333333"}, {"uid": "108449536", "content": "春"}, {"uid": "108449536", "content": "操作……"}, {"uid": "26870601", "content": "2333333333"}, {"uid": "108449536", "content": "哈哈哈哈"}, {"uid": "7017865", "content": "惊爆游戏"}, {"uid": "169466680", "content": "真是核平的一天"}, {"uid": "97340936", "content": "哈哈哈啊哈"}, {"uid": "97340936", "content": "233333333"}, {"uid": "97340936", "content": "要催泪"}, {"uid": "97340936", "content": "哇，四个喂史的"}, {"uid": "40712059", "content": "老虚你够了"}, {"uid": "875814", "content": "谜叔好萌"}, {"uid": "97340936", "content": "京都脸233333333"}, {"uid": "97340936", "content": "哈哈哈哈"}, {"uid": "97340936", "content": "23333"}, {"uid": "102371681", "content": "神tm又一春"}, {"uid": "102371681", "content": "自带bgm"}, {"uid": "102371681", "content": "Stella！"}, {"uid": "102371681", "content": "一手stella技能使的出神入化"}, {"uid": "102371681", "content": "大公：我不干了"}, {"uid": "102371681", "content": "欢迎收看大公（老师）的中二朋♂友"}, {"uid": "150945016", "content": "厉害了"}, {"uid": "27396287", "content": "我差点信了"}, {"uid": "20841010", "content": "23333"}, {"uid": "165410029", "content": "地狱少女……"}, {"uid": "21713468", "content": "2333333333333"}, {"uid": "31525817", "content": "我的天毫无违和感"}, {"uid": "46901339", "content": "66666"}, {"uid": "1635280", "content": "老薛无fa可说"}, {"uid": "133399140", "content": "我的天！这高级黑！"}, {"uid": "14413858", "content": "23333333333333"}, {"uid": "14413858", "content": "23333333333333"}, {"uid": "7557139", "content": "wcao"}, {"uid": "11256937", "content": "出场自带bgm"}, {"uid": "535813", "content": "麻枝准的棒球哈哈哈哈"}, {"uid": "2091980", "content": "你是看不起我平井大神了哦"}, {"uid": "292295", "content": "人在家中坐，胖次天上来"}, {"uid": "292295", "content": "胖次炼成！"}, {"uid": "292295", "content": "欢乐树BGMhhh"}, {"uid": "292295", "content": "大老师毫无违和感"}, {"uid": "19679344", "content": "业界四大表齐聚一堂23333"}, {"uid": "74045670", "content": "呆毛：mmp"}, {"uid": "94893013", "content": "毫无违和感"}, {"uid": "94893013", "content": "没毛病"}, {"uid": "20484471", "content": "233333333333333333333"}, {"uid": "20484471", "content": "233333333333333"}, {"uid": "100705679", "content": "啊~路哥他不低头"}, {"uid": "28582235", "content": "哈哈哈哈哈哈"}, {"uid": "36760207", "content": "路哥出场就是不一样，bgm都起来了"}, {"uid": "4598762", "content": "23333333333"}, {"uid": "4598762", "content": "233333333"}, {"uid": "219713951", "content": "这绝对是天降之物吧"}, {"uid": "22856520", "content": "23333"}, {"uid": "22856520", "content": "233333"}, {"uid": "10942604", "content": "毫无违和感"}, {"uid": "57008675", "content": "封面水谷雫"}, {"uid": "104948523", "content": "233333"}, {"uid": "531931", "content": "hhhhhh"}, {"uid": "314399", "content": "毫无违和"}, {"uid": "794197", "content": "2333333"}, {"uid": "7017865", "content": "团子这个声音配小太阳好可爱"}, {"uid": "728990", "content": "哈哈哈哈哈哈"}, {"uid": "9292263", "content": "23333"}, {"uid": "26870601", "content": "233333"}, {"uid": "32406845", "content": "hhhhhh"}, {"uid": "97340936", "content": "66666666666"}, {"uid": "21713468", "content": "233333333333333"}, {"uid": "2021263", "content": "2333"}, {"uid": "292295", "content": "hhhhhhh"}, {"uid": "2385427", "content": "去音乐会……"}, {"uid": "3389494", "content": "听了S1娘的声音，jjyy的"}, {"uid": "8227075", "content": "真实辛苦你了"}, {"uid": "7210741", "content": "我大老师"}, {"uid": "29069513", "content": "看第一集我就知道这是虐番"}, {"uid": "87640411", "content": "扭扭捏捏"}, {"uid": "35258281", "content": "毫无违和感"}, {"uid": "166486", "content": "不死人不行"}, {"uid": "4598762", "content": "23333333333"}, {"uid": "4598762", "content": "2333333333"}, {"uid": "95528469", "content": "，哈哈哈哈"}, {"uid": "219713951", "content": "春物配音"}, {"uid": "78633431", "content": "什么番啊"}, {"uid": "78633431", "content": "666"}, {"uid": "84637234", "content": "23333333"}, {"uid": "18155160", "content": "这是什么番？"}, {"uid": "28553287", "content": "这是智神吧"}, {"uid": "28553287", "content": "口型对上是最骚的"}, {"uid": "99203438", "content": "毫无违和感"}, {"uid": "10942604", "content": "这辈子是不可能的"}, {"uid": "22943736", "content": "吾"}, {"uid": "22943736", "content": "吾"}, {"uid": "33624249", "content": "233333333333"}, {"uid": "769181", "content": "233333"}, {"uid": "314399", "content": "哈哈哈哈"}, {"uid": "38602183", "content": "鸡酱！"}, {"uid": "88534731", "content": "路哥就是厉害，出场自带bgm"}, {"uid": "1332676", "content": "哈哈哈"}, {"uid": "17062922", "content": "求bgm"}, {"uid": "97340936", "content": "笑死了"}, {"uid": "97340936", "content": "解锁失败"}, {"uid": "22770387", "content": "讨伐狗叔啊"}, {"uid": "1488381", "content": "233333"}, {"uid": "6478156", "content": "东三"}, {"uid": "12736607", "content": "233333"}, {"uid": "11256937", "content": "这剧情……略显熟悉"}, {"uid": "15086726", "content": "哈哈哈哈哈"}, {"uid": "19679344", "content": "23333333"}, {"uid": "38140", "content": "还以为泥潭就此沉沦了"}, {"uid": "19679344", "content": "233333"}, {"uid": "36960520", "content": "第一"}, {"uid": "8444226", "content": "大老师23333"}, {"uid": "32761760", "content": "23333333333333333"}, {"uid": "13307458", "content": "疯狂点SKIP"}, {"uid": "832228", "content": "23333333333"}, {"uid": "36830705", "content": "路哥好！"}, {"uid": "11779448", "content": "全程看下面小字"}, {"uid": "121653746", "content": "毫无违和感"}, {"uid": "169505097", "content": "666"}, {"uid": "4598762", "content": "2333333333"}, {"uid": "85837280", "content": "哈哈哈"}, {"uid": "164821667", "content": "智树呢"}, {"uid": "164821667", "content": "春物终于出了刀片没白寄"}, {"uid": "33771158", "content": "真的毫无违和感(>﹏<)"}, {"uid": "28277595", "content": "大老师：嗯？？？？？"}, {"uid": "67254038", "content": "娜露梅雅我老婆"}, {"uid": "58685302", "content": "好吧，差点忘了发弹幕，收藏"}, {"uid": "107937786", "content": "6666666666"}, {"uid": "10942604", "content": "欺负我听不懂日语？"}, {"uid": "204014963", "content": "胖次真可怜"}, {"uid": "22943736", "content": "吾王兰斯"}, {"uid": "34082153", "content": "哈哈，学园默示录"}, {"uid": "247265", "content": "我第一眼还没反应过来，这tm不是来自风平浪静的明天么！"}, {"uid": "26683809", "content": "66666"}, {"uid": "20312", "content": "你不是已经是吨了吗"}, {"uid": "27211803", "content": "笑抽2333333"}, {"uid": "1741359", "content": "23333"}, {"uid": "1741359", "content": "WA2 coda"}, {"uid": "108449536", "content": "能登！"}, {"uid": "284191", "content": "黝黑我京"}, {"uid": "26020364", "content": "666"}, {"uid": "4940733", "content": "厉害了"}, {"uid": "286462", "content": "阿抖还行"}, {"uid": "292295", "content": "基啊死！"}, {"uid": "292295", "content": "2333333"}, {"uid": "29929453", "content": "小莫又死了"}, {"uid": "94893013", "content": "路哥就是不一样"}, {"uid": "85899980", "content": "有谁跟我一样点了skip"}, {"uid": "14101956", "content": "又挂我老婆画像"}, {"uid": "8139639", "content": "666"}, {"uid": "87680078", "content": "233"}, {"uid": "31042844", "content": "这个很厉害，毫无违和感"}, {"uid": "52371413", "content": "什么番？"}, {"uid": "198640526", "content": "23333"}, {"uid": "10347031", "content": "封面是堀北啊"}, {"uid": "10942604", "content": "你的国家已经完了"}, {"uid": "97189692", "content": "。。"}, {"uid": "2563862", "content": "不要硬币啊"}, {"uid": "20312", "content": "bl the time"}, {"uid": "40348173", "content": "欺负我听不懂日语系列"}, {"uid": "20566235", "content": "666666666666666666666666666666"}, {"uid": "23402031", "content": "哈哈哈"}, {"uid": "8436532", "content": "乳京了"}, {"uid": "24179876", "content": "233333333"}, {"uid": "65232253", "content": "233"}, {"uid": "109838955", "content": "233333"}, {"uid": "7432984", "content": "感谢前方弹幕提供bgm"}, {"uid": "169466680", "content": "66666"}, {"uid": "97340936", "content": "我也要这技能"}, {"uid": "14959175", "content": "md，音乐会啊啊啊啊"}, {"uid": "46901339", "content": "不愧老虚"}, {"uid": "12458099", "content": "666的cv梗"}, {"uid": "12555105", "content": "哈哈哈"}, {"uid": "36960520", "content": "哈哈哈哈吾王兰斯"}, {"uid": "7210741", "content": "醉了"}, {"uid": "22567791", "content": "6666666"}, {"uid": "10035269", "content": "谜叔？？？"}, {"uid": "27190305", "content": "春物"}, {"uid": "27190305", "content": "6666"}, {"uid": "869051", "content": "老虚又做错了什么"}, {"uid": "5522823", "content": "承包鸡酱"}, {"uid": "93649342", "content": "啊哈哈哈"}, {"uid": "207348951", "content": "谍战番"}, {"uid": "11482282", "content": "春物"}, {"uid": "153961154", "content": "社会我诚哥，"}, {"uid": "193420632", "content": "毫无违和感"}, {"uid": "4598762", "content": "233333333"}, {"uid": "24183249", "content": "什么番剧"}, {"uid": "85837280", "content": "6666666"}, {"uid": "104320338", "content": "想骗我？我路哥可不是吃素的"}, {"uid": "22447233", "content": "妈妈呐路哥他要秋裤"}, {"uid": "4479650", "content": "哇，好闪啊~"}, {"uid": "4479650", "content": "来自风平浪静的明天"}, {"uid": "21816959", "content": "bgn"}, {"uid": "88702351", "content": "眼睛真可怕"}, {"uid": "80327741", "content": "噗，没毛病"}, {"uid": "68477031", "content": "片手だけつないで"}, {"uid": "5719587", "content": "为吾王打call"}, {"uid": "44707015", "content": "春物"}, {"uid": "34082153", "content": "233"}, {"uid": "314399", "content": "咦？"}, {"uid": "13629", "content": "哈哈哈没毛病"}, {"uid": "102371681", "content": "有头学姐。。。"}, {"uid": "108449536", "content": "MV剧透（滑稽"}, {"uid": "8436532", "content": "承包帅照"}, {"uid": "8436532", "content": "神tm侍奉部"}, {"uid": "7017865", "content": "REC这个镜头真是万能……"}, {"uid": "108449536", "content": "飞来的"}, {"uid": "108449536", "content": "鲁鲁修"}, {"uid": "108449536", "content": "23333333"}, {"uid": "108449536", "content": "噗哈哈"}, {"uid": "97340936", "content": "哈哈啊哈哈"}, {"uid": "429080", "content": "，迷之治愈"}, {"uid": "79593550", "content": "毫无违和感"}, {"uid": "92155189", "content": "人在做，诚在看"}, {"uid": "14413858", "content": "已截图"}, {"uid": "11256937", "content": "……完了，要吹号角了"}, {"uid": "314399", "content": "大老师"}, {"uid": "14413858", "content": "没毛病"}, {"uid": "2091980", "content": "乳月了"}, {"uid": "535813", "content": "过分了xdddd"}, {"uid": "292295", "content": "我也想家里蹲啊"}, {"uid": "535813", "content": "谜叔的英语好带感"}, {"uid": "7353777", "content": "233"}, {"uid": "73216266", "content": "这是什么动漫"}, {"uid": "214592929", "content": "骚气"}, {"uid": "27267976", "content": "我觉得ok"}, {"uid": "107266751", "content": "？？？？？？？？？"}, {"uid": "74164229", "content": "有"}, {"uid": "14035462", "content": "人狠话不多"}, {"uid": "28781218", "content": "承包银子"}, {"uid": "4598762", "content": "233333333"}, {"uid": "87680078", "content": "666"}, {"uid": "26626219", "content": "厉害了"}, {"uid": "76693626", "content": "哈哈哈厉害了大老师"}, {"uid": "177771867", "content": "啊，路哥他不低头"}, {"uid": "199745387", "content": "这声优233"}, {"uid": "3931936", "content": "完美p图，我服233"}, {"uid": "27586146", "content": "我觉得ok"}, {"uid": "40286033", "content": "666"}, {"uid": "20555385", "content": "我，德鲁伊，为所欲为"}, {"uid": "3915304", "content": "我曹"}, {"uid": "34082153", "content": "喂?爆破组准备"}, {"uid": "314399", "content": "桐人失误"}, {"uid": "4310350", "content": "我才看到第四集"}, {"uid": "20312", "content": "京阿尼想打人"}, {"uid": "20159564", "content": "小上神"}, {"uid": "59894268", "content": "封面是。。"}, {"uid": "32941864", "content": "哈哈哈哈哈哈哈"}, {"uid": "8436532", "content": "去音乐会……"}, {"uid": "108449536", "content": "乳月了"}, {"uid": "108449536", "content": "66666666666"}, {"uid": "291620", "content": "明明是东部王国"}, {"uid": "97340936", "content": "笑死了"}, {"uid": "3951395", "content": "竟然有广告"}, {"uid": "10809484", "content": "233"}, {"uid": "73082", "content": "GBF"}, {"uid": "6105794", "content": "求bgm"}, {"uid": "6478156", "content": "辱月了"}, {"uid": "292295", "content": "日哦"}, {"uid": "314399", "content": "难怪开场图是"}, {"uid": "292295", "content": "果然有他"}, {"uid": "535813", "content": "兰斯xdddd"}, {"uid": "89312421", "content": "bgm是什么？"}, {"uid": "225257938", "content": "大老师？"}, {"uid": "77527842", "content": "路哥自带bgm"}, {"uid": "22567791", "content": "我当时看到这选项时真想一豆腐撞死"}, {"uid": "106163288", "content": "6666666"}, {"uid": "100705679", "content": "封面倔北铃音"}, {"uid": "155942899", "content": "666"}, {"uid": "27291137", "content": "公主准则"}, {"uid": "200311991", "content": "强无敌"}, {"uid": "193420632", "content": "没毛病"}, {"uid": "26626219", "content": "prpr"}, {"uid": "62538434", "content": "神tm流产"}, {"uid": "19088544", "content": "毫无违和感"}, {"uid": "125233844", "content": "毫无违和感"}, {"uid": "17260595", "content": "66666"}, {"uid": "204014963", "content": "月姬重制版有生之年"}, {"uid": "27347274", "content": "大老师他们的配音"}, {"uid": "45428778", "content": "实力至上主义教室"}, {"uid": "518290", "content": "我的圣杯战争果然有问题"}, {"uid": "314399", "content": "果然是鬼畜王"}, {"uid": "314399", "content": "噗嗤"}, {"uid": "20577807", "content": "想为所欲为？玩德鲁伊吧"}, {"uid": "15143008", "content": "都是早见当然不违和……"}, {"uid": "4867828", "content": "拿的不是剑吗？"}, {"uid": "32941864", "content": "66666"}, {"uid": "8436532", "content": "666"}, {"uid": "7017865", "content": "小莫作死2333"}, {"uid": "67388", "content": "GBF还行"}, {"uid": "297951", "content": "233"}, {"uid": "19807106", "content": "骚气"}, {"uid": "97340936", "content": "噗嗤，有毒啊"}, {"uid": "8761627", "content": "哈尼吼~"}, {"uid": "172130", "content": "兰斯……"}, {"uid": "38865540", "content": "硬币声"}, {"uid": "372332", "content": "woc"}, {"uid": "258165", "content": "熊孩子作死的日常"}, {"uid": "28552730", "content": "哭都给我哭"}, {"uid": "27267976", "content": "我tm。。"}, {"uid": "114206532", "content": "路哥好"}, {"uid": "114206532", "content": "雪乃赛高"}, {"uid": "832228", "content": "6666666666"}, {"uid": "86377156", "content": "这是幻想嘉年华"}, {"uid": "13849758", "content": "sixsixsix"}, {"uid": "35115357", "content": "bgm俄罗斯方块"}, {"uid": "5960273", "content": "233"}, {"uid": "32136494", "content": "高能"}, {"uid": "164821667", "content": "鸡酱"}, {"uid": "11783622", "content": "CV梗"}, {"uid": "28814271", "content": "卧槽。我的鲁殿。"}, {"uid": "40648424", "content": "度航老贼我还记得你"}, {"uid": "40648424", "content": "无敌无敌"}, {"uid": "100860095", "content": "折棒"}, {"uid": "133736929", "content": "违和君以下线"}, {"uid": "3915304", "content": "玩梗玩的飞起"}, {"uid": "3915304", "content": "兰斯"}, {"uid": "314399", "content": "大老师"}, {"uid": "837577", "content": "大公已经很可怜了不要这样2333333"}, {"uid": "71307579", "content": "签发哦"}, {"uid": "83849", "content": "rec这段真好用"}, {"uid": "12067974", "content": "风评受害"}, {"uid": "97340936", "content": "又一春"}, {"uid": "94803364", "content": "声优梗哈哈"}, {"uid": "1488381", "content": "66666"}, {"uid": "12750192", "content": "md，我也没得选"}, {"uid": "17847004", "content": "哟黑鋈"}, {"uid": "14413858", "content": "没毛病"}, {"uid": "332633", "content": "毫无维和"}, {"uid": "6873530", "content": "这么可怜的口气，那就收藏吧……"}, {"uid": "372332", "content": "完美还行"}, {"uid": "13433135", "content": "路哥无敌"}, {"uid": "115359658", "content": "6666666"}, {"uid": "39634764", "content": "6666"}, {"uid": "200512740", "content": "这是魔禁吗？？？？"}, {"uid": "8762178", "content": "不就是收藏吗我收藏还不行吗"}, {"uid": "177771867", "content": "路哥呢"}, {"uid": "3915304", "content": "又黑京都"}, {"uid": "71307579", "content": "不就是你都不"}, {"uid": "91408845", "content": "大老师"}, {"uid": "108449536", "content": "233333333"}, {"uid": "16376", "content": "桧山和早见声优梗"}, {"uid": "97340936", "content": "十肛学院"}, {"uid": "38999271", "content": "明示了明示了233"}, {"uid": "7210741", "content": "我智神"}, {"uid": "7210741", "content": "我智神在哪里"}, {"uid": "7210741", "content": "我大刀剑"}, {"uid": "7210741", "content": "我春物"}, {"uid": "28707939", "content": "什么动漫"}, {"uid": "213179575", "content": "是你吧，薛之谦"}, {"uid": "47542413", "content": "薛之谦"}, {"uid": "3905095", "content": "是不是该 @薛之谦 了？"}, {"uid": "81160263", "content": "抱歉，原谅我上课笑出声"}, {"uid": "122497827", "content": "麻枝准。。。"}, {"uid": "200512740", "content": "诚哥在天上看着你们呢？？！！！！！！"}, {"uid": "200512740", "content": "这是魔禁吗？"}, {"uid": "94073649", "content": "????????????????????????"}, {"uid": "38156339", "content": "我大刀剑"}, {"uid": "19178900", "content": "神经病啊"}, {"uid": "220108502", "content": "e"}, {"uid": "39201440", "content": "分明胡扯"}, {"uid": "14337261", "content": "这不是soxok？这是群居布料"}, {"uid": "14337261", "content": "王女是我的"}, {"uid": "102393469", "content": "我诚哥的后裔？"}, {"uid": "21704293", "content": "又话说，这不是倒叙，结局不是第一集"}, {"uid": "21704293", "content": "话说b战没有，没去搜来看哟"}, {"uid": "51279612", "content": "啊，路哥他不低头。"}, {"uid": "51279612", "content": "学园默示录巨好看，入坑作。"}, {"uid": "203353922", "content": "一本正经的胡说八道，我都看完了。"}, {"uid": "101386717", "content": "这不是春物里面的配音吗。。。"}, {"uid": "152929228", "content": "我只是想知道这首原曲是少女幻葬的bgm叫什么名字.."}, {"uid": "101245331", "content": "(╯#-_-)╯~~~~~~~~~~~~~~~~~╧═╧"}, {"uid": "49490980", "content": "薛之谦"}, {"uid": "13424204", "content": "薛之谦"}, {"uid": "619292", "content": "肝报废滚啊"}, {"uid": "32880856", "content": "@薛之谦   ？？？？"}, {"uid": "8982224", "content": "肥渡"}, {"uid": "769181", "content": "这明明是智神"}, {"uid": "12465828", "content": "就不能好好介绍？"}, {"uid": "153804530", "content": "毫无，违和感"}, {"uid": "2689240", "content": "谜之声！！！！！！！！！！！！"}, {"uid": "32941864", "content": "我想知道prprpr是怎么读的..."}, {"uid": "8436532", "content": "黑的漂亮"}, {"uid": "8436532", "content": "薛之谦？"}, {"uid": "7017865", "content": "京都脸"}, {"uid": "7017865", "content": "塔喵和雪乃cv都是沙织吧"}, {"uid": "10651270", "content": "好尬啊"}, {"uid": "97340936", "content": "剧透了…………"}, {"uid": "97340936", "content": "黑死那个薛之谦，哈哈哈"}, {"uid": "40001784", "content": "这是拖时间吧"}, {"uid": "97340936", "content": "果然是薛之谦啊"}, {"uid": "97340936", "content": "@薛之谦"}, {"uid": "97340936", "content": "自带bgm的面瘫6666666"}, {"uid": "97340936", "content": "不是初中二年级吗（滑稽"}, {"uid": "97340936", "content": "ex"}, {"uid": "436257", "content": "圣母在上 - 片手だけつないで - 能登麻美子"}, {"uid": "102371681", "content": "老虚，你……"}, {"uid": "12486243", "content": "感觉没了一楼，prpr稳了不少呀"}, {"uid": "5370666", "content": "薛之谦"}, {"uid": "3158", "content": "薛X谦"}, {"uid": "15590", "content": "这梗好多啊……薛……"}, {"uid": "2247455", "content": "强那边不是共和国吗也有王子？"}, {"uid": "12750192", "content": "今天白学梗玩的有点多啊"}, {"uid": "292295", "content": "哈哈哈哈后哈哈哈哈哈哈哈哈哈哈哈哈"}, {"uid": "2091980", "content": "你出钱了吗  只有有钱的月球人才能为所欲为"}, {"uid": "535813", "content": "靠 能不能不要放这个选项! 尼玛作为个雪菜党都看不下去了"}, {"uid": "11256937", "content": "难怪你爹不要你，熊孩子"}, {"uid": "2385427", "content": "初音岛3"}, {"uid": "36960520", "content": "鬼畜兰斯"}, {"uid": "36960520", "content": "希露是我的"}]