[{"uid": "40883030", "content": "今年49，快要50了"}, {"uid": "99107730", "content": "隔壁型月世界"}, {"uid": "355271846", "content": "bgm:司刻ル十二ノ盟約"}, {"uid": "8668837", "content": "他已经被我装进礼物盒里面了"}, {"uid": "33696628", "content": "传奇经历：快递盒－礼物盒－取子箱"}, {"uid": "1509568", "content": "诶诶诶pako"}, {"uid": "15523526", "content": "6666666669"}, {"uid": "12466130", "content": "超赞同社长的这一句话！"}, {"uid": "29662612", "content": "同样是人差距咋就这么大呢！"}, {"uid": "89417772", "content": "这一切都是社长的选择"}, {"uid": "22028666", "content": "太强了 大佬"}, {"uid": "2765850", "content": "都有电话微波炉乐。学会了什么穿回来就行了hhh"}, {"uid": "694900", "content": "正确的卡多hhhhh"}, {"uid": "12182293", "content": "还开始学中文了 太恐怖了"}, {"uid": "575800", "content": "666真的6"}, {"uid": "25391645", "content": "成龙既视感"}, {"uid": "36451804", "content": "表白助手老婆"}, {"uid": "23741955", "content": "这一切都是命运石之门的选择"}, {"uid": "14169923", "content": "可惜是个变态233333"}, {"uid": "5767056", "content": "厉害了我的社长"}, {"uid": "5767056", "content": "只有别人家的孩子才从小学开始就接触程序"}, {"uid": "21939467", "content": "这切换6666"}, {"uid": "872038", "content": "社长深夜直播编曲的时候基本是真颜，真的是不显老啊"}, {"uid": "13230474", "content": "@荒木飞吕彦"}, {"uid": "759092", "content": "@荒木飞吕彦"}, {"uid": "18719108", "content": "以下作品是指改编为游戏，不是动画"}, {"uid": "7719715", "content": "有点像五月天的阿信"}, {"uid": "21009", "content": "ch的发音是K，这个词的读音是很古怪的，KOS"}, {"uid": "26225178", "content": "石头门ed起来瞬间鸡皮疙瘩都起来了"}, {"uid": "375231", "content": "6666666666"}, {"uid": "11705285", "content": "突然发现毫无违和感，up可以拿出来单独发了"}, {"uid": "9402283", "content": "这tm47岁？？？"}, {"uid": "28374898", "content": "简直卧槽啊！！！！！！"}, {"uid": "48033930", "content": "这一切都是命运石之门的选择"}, {"uid": "22079582", "content": "科学三部曲，石头门，混沌之脑，机器人笔记，B站都有的亲"}, {"uid": "14670364", "content": "礼物盒其实是社长、梅原几个人一起想出来的...志仓表示这锅我背了"}, {"uid": "14670364", "content": "bgm：Find the blue"}, {"uid": "1480872", "content": "这是有中国员工助攻"}, {"uid": "17488698", "content": "同样是人，差距·......巨大。"}, {"uid": "8193712", "content": "2333333333333333333"}, {"uid": "66175366", "content": "这就是我渴望的人生啊"}, {"uid": "3222229", "content": "40....真实不显老啊"}, {"uid": "9380642", "content": "快去做秋之回忆8"}, {"uid": "11901570", "content": "@荒木飞吕彦"}, {"uid": "11599603", "content": "woc膜拜大佬！！！！"}, {"uid": "8704609", "content": "等等，有点像是怎么回事？？"}, {"uid": "35753816", "content": "这一切都是命运石之门的选择"}, {"uid": "8704609", "content": "哇，游戏好几个有买"}, {"uid": "95923181", "content": "怕不是和荒木一样是个妖精"}, {"uid": "87174562", "content": "一条突然失去了一个咸鱼。"}, {"uid": "24952059", "content": "主角剧情一般的人生"}, {"uid": "11783622", "content": "46？"}, {"uid": "11783622", "content": "BGM居然是超自然九人组的"}, {"uid": "303349", "content": "神主颜值怎么比哦"}, {"uid": "303349", "content": "受神眷顾的男人"}, {"uid": "35971874", "content": "某头顶礼物盒的王子"}, {"uid": "183879830", "content": "呼叫荒木老妖"}, {"uid": "183879830", "content": "厉害了"}, {"uid": "20268195", "content": "@荒木老妖"}, {"uid": "20268195", "content": "这个是冈部的脑洞，而且树状图的三日循环里也有提到"}, {"uid": "52990492", "content": "命运食之门"}, {"uid": "10722029", "content": "你今天圈粉了吗？系列"}, {"uid": "10722029", "content": "颜文字赛高，赛高！"}, {"uid": "11563981", "content": "打击程度让人不禁想睡一会"}, {"uid": "11563981", "content": "一人扛起日本业界！"}, {"uid": "11563981", "content": "woc寒蝉都是他的 拜见大佬！"}, {"uid": "34669029", "content": "pako爹实力抢镜"}, {"uid": "45018412", "content": "大佬"}, {"uid": "16533938", "content": "很好"}, {"uid": "17296314", "content": "超自然九人组"}, {"uid": "66759216", "content": "6666被圈粉"}, {"uid": "8705743", "content": "至今不忘被翔太支配的恐怖"}, {"uid": "33357785", "content": "我收藏我收藏还不行吗233"}, {"uid": "7272135", "content": "＠土方岁三啊不荒木飞吕彦"}, {"uid": "8831674", "content": "嘟嘟噜"}, {"uid": "8831674", "content": "大爱石头门！！！！"}, {"uid": "3937072", "content": "@荒木飞吕彦"}, {"uid": "8369052", "content": "不是我说，本来我们是要去当科学家的"}, {"uid": "17839887", "content": "ma ji ya ba ku ne"}, {"uid": "804804", "content": "所以为什么要把石头门和超九的画面与音乐对调呢"}, {"uid": "804804", "content": "查鲍克斯"}, {"uid": "804804", "content": "发礼物盒啦"}, {"uid": "804804", "content": "那既然这样你为什么要读卡奥斯呢2333333"}, {"uid": "804804", "content": "bgm一响起来，下集预告就开始了"}, {"uid": "112366", "content": "超斯柴尔德还行"}, {"uid": "10395157", "content": "啊啊啊啊啊！！九人组！！！！"}, {"uid": "1515289", "content": "经历了这么多公司危机反而越做越大。。"}, {"uid": "34749409", "content": "bgm： open your eyes"}, {"uid": "102463975", "content": "每一部都是话题作。。。。"}, {"uid": "40548477", "content": "233第一次觉得百度英语语音这么萌"}, {"uid": "102463975", "content": "插爆死"}, {"uid": "40548477", "content": "今晚留下来*助手"}, {"uid": "40548477", "content": "居然毫无违和感！唱这么久我都没想起这是超九的op！！"}, {"uid": "4892574", "content": "这完全是逆生长啊"}, {"uid": "4892574", "content": "有钱有颜有才华，全方位碾压"}, {"uid": "26692121", "content": "你知道荒木老妖么？"}, {"uid": "334510", "content": "真是残酷 为什么会有这种有钱 有脸 又有才华的人"}, {"uid": "5797579", "content": "Leanbox（绿荫箱庭）知名艺人——5pb"}, {"uid": "94653002", "content": "业界大佬"}, {"uid": "2744672", "content": "666666"}, {"uid": "117288", "content": "06年听到彩音的歌曲时喜欢上王子，只是因为音乐上的才华，后来更"}, {"uid": "37079", "content": "实际是由你坛社畜带写的，S1面子多"}, {"uid": "8264244", "content": "《走进珂学》"}, {"uid": "4328716", "content": "这就学会了？喵喵喵"}, {"uid": "589088", "content": "比你有钱比你有才比你帅还有梦想的人···对不起请让我去睡一会·"}, {"uid": "589088", "content": "40？？？？？"}, {"uid": "15264281", "content": "嘟嘟噜"}, {"uid": "7510422", "content": "酷！我也想当这样的男人！"}, {"uid": "15264281", "content": "这一切都是命运石之门的选择"}, {"uid": "35143151", "content": "这一切都是石头门的选择"}, {"uid": "8175300", "content": "堪比荒木老妖"}, {"uid": "34082153", "content": "再也不怕读错了系列"}, {"uid": "21465560", "content": "6666"}, {"uid": "34175778", "content": "石头门！！！"}, {"uid": "20618602", "content": "超自然九人组把我给炸了出来"}, {"uid": "36881135", "content": ".不服不行！"}, {"uid": "12285854", "content": "@荒木老妖"}, {"uid": "159257220", "content": "好销魂的叫声"}, {"uid": "97340936", "content": "哈哈哈哈，助手"}, {"uid": "159257220", "content": "这个图片诠释我给100分"}, {"uid": "97340936", "content": "怪不得当初搞乐队！去杰尼斯出道都没有问题啊"}, {"uid": "36881135", "content": "旁白不会英语吗...."}, {"uid": "97340936", "content": "回头看了看我爸"}, {"uid": "292295", "content": "社长不进杰尼斯真是遗憾啊"}, {"uid": "292295", "content": "卧槽40……"}, {"uid": "292295", "content": "厉害了我的社长"}, {"uid": "95535835", "content": "厉害了的样子"}, {"uid": "2186807", "content": "这个写法的创始是不吉波普"}, {"uid": "15205721", "content": "这一切都是命运石之门的选择！"}, {"uid": "184972791", "content": "超喜欢社长"}, {"uid": "9798230", "content": "超自然9人组不也是和混沌头石头门一样，模仿打越钢太郎的无限轮回系列"}, {"uid": "2218078", "content": "科学世界啊"}, {"uid": "94712304", "content": "窒息窒息"}, {"uid": "59432084", "content": "零之大门！"}, {"uid": "41140492", "content": "这一切都是命运石之门的选择"}, {"uid": "246672", "content": "233333 山本我曰你仙人系列"}, {"uid": "22536512", "content": "比你帅比你有梦想比你有钱，"}, {"uid": "37899665", "content": "非实在社长"}, {"uid": "148184552", "content": "啧，这就是大佬吗"}, {"uid": "8704609", "content": "为什么，因为这一切都是命运石之门的选择"}, {"uid": "1521586", "content": "超自然9人组的ed"}, {"uid": "10645520", "content": "看到这个吐槽我忍不了了233"}, {"uid": "22920002", "content": "成龙脸什么鬼?！"}, {"uid": "20765849", "content": "礼物盒啊啊啊"}, {"uid": "606707", "content": "chaos都读不对，本混沌走狗要收了旁白的脑袋"}, {"uid": "73861599", "content": "woc这么厉害"}, {"uid": "2607412", "content": "插死拆得是啥啦2:33"}, {"uid": "21104488", "content": "c++ 从入门到入土"}, {"uid": "6993609", "content": "深有同感，不是很喜欢现在流行的异世界题材"}, {"uid": "21423143", "content": "明明是ed。。。。。"}, {"uid": "8831674", "content": "嘟嘟噜"}, {"uid": "8831674", "content": "嘟嘟噜"}, {"uid": "8831674", "content": "嘟嘟噜"}, {"uid": "137660924", "content": "助手（｡ò ∀ ó｡）"}, {"uid": "516355", "content": "华丽人生啊"}, {"uid": "3708864", "content": "说的是游戏制作"}, {"uid": "102463975", "content": "卧槽卧槽卧槽"}, {"uid": "102463975", "content": "明显是故意用机器读的啊"}, {"uid": "4892574", "content": "5pb！！！原来是你建立的！！！！"}, {"uid": "89377718", "content": "这一切都是命运石之门的选择！"}, {"uid": "4310350", "content": "所以是怪xbox咯（滑稽"}, {"uid": "1851959", "content": "等等为什么11eyes不用233"}, {"uid": "54241290", "content": "天国的宽叔"}, {"uid": "4216490", "content": "那个念ˈkeɪɑ:s吧？百密一疏呀"}, {"uid": "11245891", "content": "完全不给你吐槽的机会"}, {"uid": "9155865", "content": "曲不对片但对人"}, {"uid": "10088849", "content": "英文都是机器人hah"}, {"uid": "36272636", "content": "这一切都是命运石之门的选择"}, {"uid": "97340936", "content": "好多轻改佳作"}, {"uid": "17739382", "content": "混沌头之门"}, {"uid": "3784207", "content": "有钱长得帅又有才不是我的错"}, {"uid": "143468154", "content": "非实在社长"}, {"uid": "22028666", "content": "2是真的最经典了。然后是4"}, {"uid": "9238099", "content": "毒赌撸"}, {"uid": "41140492", "content": "一切都是命运石之门的选择"}, {"uid": "5767056", "content": "这一切都是命运石之门的选择！"}, {"uid": "101986", "content": "BGM不能忍了"}, {"uid": "2009140", "content": "用脑洞创造一个用脑洞战斗的世界"}, {"uid": "6696632", "content": "white哈哈哈哈"}, {"uid": "22536512", "content": "真的厉害了"}, {"uid": "17521325", "content": "2333333333333"}, {"uid": "5075330", "content": "K 哦 是"}, {"uid": "7974889", "content": "克丽丝汀~~~~~娜"}, {"uid": "48033930", "content": "握草！！握草！"}, {"uid": "24520", "content": "技能都又多又广"}, {"uid": "7120941", "content": "BGM是超⑨，OP是石头门0"}, {"uid": "20268195", "content": "…路人女主还是棒"}, {"uid": "20268195", "content": "amadues好听啊"}, {"uid": "11563981", "content": "为秋之回忆刷一波~"}, {"uid": "20623240", "content": "尸体派对!？"}, {"uid": "76716273", "content": "我貌似听到了东京的粤语"}, {"uid": "769181", "content": "11eye好久的了…   以前看过动画"}, {"uid": "8831674", "content": "嘟嘟噜"}, {"uid": "8831674", "content": "嘟嘟噜"}, {"uid": "137660924", "content": "这是0线剧场版吗"}, {"uid": "85642262", "content": "毫无违和感"}, {"uid": "33880147", "content": "这一切都是命运石之门的选择"}, {"uid": "5709336", "content": "社长这么强大？"}, {"uid": "804804", "content": "嘟嘟噜"}, {"uid": "161838323", "content": "真–人生赢家"}, {"uid": "804804", "content": "查奥斯233333"}, {"uid": "40548477", "content": "这一切都是命运石之门的选择"}, {"uid": "4892574", "content": "卧槽卧槽？？？"}, {"uid": "4892574", "content": "宁宁鸡！！！"}, {"uid": "89377718", "content": "re0也是佳作啊"}, {"uid": "4815819", "content": "石头门！！"}, {"uid": "589088", "content": "- -所以说你就是不想读是吧"}, {"uid": "13217682", "content": "卧槽好厉害全是佳作"}, {"uid": "26174869", "content": "BGM高事情啊"}, {"uid": "1518805", "content": "是不是加个公司语音这是最骚的"}, {"uid": "45007519", "content": "话说这就是社长整天黑2CH众的原因吗233"}, {"uid": "45007519", "content": "原本CH是叫哀～Sword的"}, {"uid": "34920772", "content": "逼格迷之高"}, {"uid": "27970949", "content": "一口奶"}, {"uid": "97340936", "content": "干♂过♂程♂序♂员"}, {"uid": "15145305", "content": "第一？"}, {"uid": "80030080", "content": "主...主角光环？"}, {"uid": "36274325", "content": "非实在社长"}, {"uid": "202276", "content": "呜呜呜 ~士力架~"}, {"uid": "7588032", "content": "非实在志仓千代丸"}, {"uid": "15490870", "content": "11eyes前作是3days啊 "}, {"uid": "33287763", "content": "然而《超自然9人组》确实有致敬石头门的地方"}, {"uid": "9820595", "content": "66666666666666这个服"}, {"uid": "18719108", "content": "哈哈啊啊哈哈哈"}, {"uid": "24295092", "content": "红莉栖！"}, {"uid": "22079582", "content": "膜拜大佬"}, {"uid": "282652", "content": "这人是个万能侠"}, {"uid": "8704609", "content": "秋之回忆！！"}, {"uid": "12182438", "content": "比如学中文"}, {"uid": "11783622", "content": "2333333333333"}, {"uid": "531931", "content": "为社长打call"}, {"uid": "4457898", "content": "跟我读：chaos カオス ka o su"}, {"uid": "11563981", "content": "哇哇哇哇"}, {"uid": "2607412", "content": "插死 "}, {"uid": "11755338", "content": "助手！"}, {"uid": "2168364", "content": "chaos的ch发k的音啊"}, {"uid": "16364436", "content": "主角模板"}, {"uid": "86029159", "content": "火爆摔跤我玩过"}, {"uid": "804804", "content": "社长还是强"}, {"uid": "804804", "content": "你一定是cc症候群，把chaos幻想成读作查奥斯的汉字了"}, {"uid": "18739004", "content": "2ch是读twich的吧。。"}, {"uid": "10942604", "content": "niconico动画！"}, {"uid": "89377718", "content": "谁能给萌新科普下什么叫做科学adv大纲系列……"}, {"uid": "13914475", "content": "是你龙叔！"}, {"uid": "35499438", "content": "6666666666666"}, {"uid": "137714193", "content": "氪学？"}, {"uid": "28016670", "content": "嘟嘟噜  麻有喜deisi"}, {"uid": "1704037", "content": "毫无违和感"}, {"uid": "4328716", "content": "麻有喜desu"}, {"uid": "4328716", "content": "这段认同"}, {"uid": "22673021", "content": "嘟嘟噜"}, {"uid": "7510422", "content": "春物是真的好"}, {"uid": "15264281", "content": "白狐社？"}, {"uid": "931062", "content": "卧槽卧槽？"}, {"uid": "303717", "content": "自己玩女仆！"}, {"uid": "115378352", "content": "人呢？"}, {"uid": "58931249", "content": "哔哩哔哩"}, {"uid": "240299", "content": "轻改帝"}, {"uid": "10088849", "content": "嘟嘟噜"}, {"uid": "478701", "content": "一句英文都不读233"}, {"uid": "97340936", "content": "卡多……"}, {"uid": "16802158", "content": "这个节目的观众感觉一直都不多"}, {"uid": "935734", "content": "真是杰作啊"}, {"uid": "6594900", "content": "卧槽，全部玩过"}, {"uid": "17691092", "content": "对对对对对"}, {"uid": "7588032", "content": "全能社长"}, {"uid": "16641079", "content": "怕不是自己坐时光机回到过去"}, {"uid": "22028666", "content": "秋之回忆真的不错"}, {"uid": "5066645", "content": "超9ed啊"}, {"uid": "140738", "content": "无法匹敌"}, {"uid": "41140492", "content": "石头门大爱，毕辣石"}, {"uid": "95983050", "content": "好厉害！"}, {"uid": "272520", "content": "太可怕了。。我投币还不行吗"}, {"uid": "9380642", "content": "公司一路倒闭，社长却越做越大"}, {"uid": "290235", "content": "真天才...."}, {"uid": "20268195", "content": "曲子不对啊"}, {"uid": "531931", "content": "秋之回忆2我的入坑作！！！"}, {"uid": "91235270", "content": "嘟嘟噜"}, {"uid": "12967925", "content": "最可恨的是比你有才的人还比你帅(ﾉಥ益ಥ)"}, {"uid": "8348015", "content": "助手啊"}, {"uid": "32785539", "content": "成龙似李吗？你的头发Dang的出来了？"}, {"uid": "9606943", "content": "可瑞欧斯"}, {"uid": "38711723", "content": "66666"}, {"uid": "8717688", "content": "跟神主的经历好像啊"}, {"uid": "314399", "content": "哈哈哈哈"}, {"uid": "34195449", "content": "牛逼"}, {"uid": "90333227", "content": "啥？之前完全不知道啊"}, {"uid": "16921473", "content": "为我九人组献上弹幕"}, {"uid": "1589350", "content": "非实在支仓"}, {"uid": "22673021", "content": "我收藏还不行吗"}, {"uid": "26119006", "content": "这不是会读么"}, {"uid": "12934362", "content": "n站都懒得讲已经不是英语不好的问题了吧23333"}, {"uid": "109838955", "content": "厉害了"}, {"uid": "35281459", "content": "666666"}, {"uid": "58931249", "content": "哔哩哔哩"}, {"uid": "21377136", "content": " bgm open your eyes"}, {"uid": "33785673", "content": "6666666666666666"}, {"uid": "92104618", "content": "志仓千代丸的OP和动画，可以随便搭配(-_-#)"}, {"uid": "123918", "content": "志仓超强的"}, {"uid": "16802158", "content": "嘟嘟噜"}, {"uid": "184972791", "content": "吹爆"}, {"uid": "773480", "content": "天才少女志仓千代丸"}, {"uid": "94712304", "content": "niconico？"}, {"uid": "1488381", "content": "666666"}, {"uid": "5725256", "content": "5pb出秋之回忆8会死啊。"}, {"uid": "19947948", "content": "挺好的"}, {"uid": "19947948", "content": "哈哈哈"}, {"uid": "21009", "content": "社长的歌曲很不错"}, {"uid": "11058028", "content": "忽然想到神主"}, {"uid": "4866416", "content": "6666"}, {"uid": "375231", "content": "66666666666666"}, {"uid": "9017754", "content": "差距太大"}, {"uid": "9402283", "content": "简直可怕"}, {"uid": "14670364", "content": "ch剧情很棒！"}, {"uid": "11599603", "content": "简直了"}, {"uid": "303349", "content": "カオス"}, {"uid": "35878954", "content": "这就很厉害了"}, {"uid": "91235270", "content": "这不是红警的配音吗"}, {"uid": "7166351", "content": "2333333333333333"}, {"uid": "951832", "content": "l来了"}, {"uid": "2607412", "content": "非实在，非实在"}, {"uid": "2607412", "content": "查奥斯海德"}, {"uid": "104948523", "content": "打call"}, {"uid": "12967925", "content": "这么强吗"}, {"uid": "66759216", "content": "woc666"}, {"uid": "40428268", "content": "别向生活抱怨什么，因为生活根本不知道你是谁。"}, {"uid": "41619190", "content": "嘟嘟噜"}, {"uid": "4892574", "content": "嘟嘟噜"}, {"uid": "4892574", "content": "66666"}, {"uid": "37187", "content": "我怀疑是读错了后期补掉的吧？"}, {"uid": "26692121", "content": "233333333333333"}, {"uid": "228632", "content": "11ass"}, {"uid": "8200420", "content": "无共鸣+1008611"}, {"uid": "61864744", "content": "摔♂跤"}, {"uid": "12794233", "content": "捏捏鸡？"}, {"uid": "1740410", "content": "买买买"}, {"uid": "13483749", "content": "好多名作"}, {"uid": "297951", "content": "没毛病"}, {"uid": "2488293", "content": "keios"}, {"uid": "5175535", "content": "有点像成龙"}, {"uid": "9820235", "content": "hhhhhhhhhh"}, {"uid": "43711411", "content": "嘟嘟噜！"}, {"uid": "7017865", "content": "明明是ed你们怎么一个个都说是op"}, {"uid": "7103462", "content": "明明是超9的ed…"}, {"uid": "474981", "content": "6666666"}, {"uid": "97340936", "content": "66"}, {"uid": "94543985", "content": "前十"}, {"uid": "58900022", "content": "嘟噜噜"}, {"uid": "85635261", "content": "前排"}, {"uid": "12424215", "content": "。。"}, {"uid": "149418623", "content": "假的吧"}, {"uid": "51303234", "content": "666"}, {"uid": "1550769", "content": "同感"}, {"uid": "38973911", "content": "命运石之门0。。。"}, {"uid": "22536512", "content": "可以可以"}, {"uid": "375231", "content": "人才"}, {"uid": "1988048", "content": "woc ？"}, {"uid": "8704609", "content": "真的很赞"}, {"uid": "42595773", "content": "基德"}, {"uid": "11721144", "content": "666666"}, {"uid": "32333553", "content": "壁吧之痛"}, {"uid": "8436532", "content": "kuan"}, {"uid": "16533938", "content": "嗯哼"}, {"uid": "2607412", "content": "嘟嘟噜"}, {"uid": "12967925", "content": "卧槽"}, {"uid": "12967925", "content": "好厉害"}, {"uid": "66759216", "content": "嘟嘟噜"}, {"uid": "8705743", "content": "怀念小莹"}, {"uid": "513577", "content": "非实在志仓"}, {"uid": "14720123", "content": "啊  佛 kei啊死"}, {"uid": "3201608", "content": "有钱有地位有才华有颜值，梦想还远大，好的我去躺尸了"}, {"uid": "17823050", "content": "受不了这个查尔斯????"}, {"uid": "40428268", "content": "别BGM炸出来"}, {"uid": "49971581", "content": "喵喵喵？"}, {"uid": "85642262", "content": "嘟嘟噜好伐"}, {"uid": "8156744", "content": "嘟噜噜"}, {"uid": "12817221", "content": "全看过"}, {"uid": "4892574", "content": "所以怪盒子？"}, {"uid": "4892574", "content": "厉害了我的哥"}, {"uid": "4892574", "content": "摔♂跤"}, {"uid": "1851959", "content": "66666"}, {"uid": "1851959", "content": "5pb都用是最骚的"}, {"uid": "314399", "content": "歌不对啊"}, {"uid": "6568148", "content": "好玩啊"}, {"uid": "31542058", "content": "一句英文也不读"}, {"uid": "7633838", "content": "这个chaos是念尅欧斯吧。。。"}, {"uid": "5286929", "content": "remember11"}, {"uid": "26683809", "content": "笑死"}, {"uid": "6764968", "content": "2333333333333"}, {"uid": "104702818", "content": "笑出声"}, {"uid": "2021263", "content": "chaos发音错啦"}, {"uid": "14923582", "content": "这么厉害的"}, {"uid": "19395461", "content": "为什么不用谷歌娘？"}, {"uid": "33785673", "content": "human不是人类吗？"}, {"uid": "4538219", "content": "wc"}, {"uid": "12285854", "content": "white"}, {"uid": "97340936", "content": "笑死了"}, {"uid": "97340936", "content": "XBOX360"}, {"uid": "8682662", "content": "嘟嘟噜~"}, {"uid": "97340936", "content": "没人？"}, {"uid": "97340936", "content": "………………"}, {"uid": "7698787", "content": "好早"}, {"uid": "6021", "content": "3"}, {"uid": "18170518", "content": "第一哇哇，不是你孙子，刚刚滑稽"}, {"uid": "17820489", "content": "哇"}, {"uid": "272314088", "content": "666666"}, {"uid": "3784207", "content": "这个不是lass社的？？？？虽然这个社已经倒闭了"}, {"uid": "9798230", "content": "什么时候重置yu no？"}, {"uid": "9798230", "content": "不就是照搬【infinity】无限轮回的设定，何来完全原创？石头门也有无限轮回的影子"}, {"uid": "22028666", "content": "超9ED啊。。。"}, {"uid": "41140492", "content": "弹幕好少"}, {"uid": "15026647", "content": "bgm！"}, {"uid": "40200599", "content": "???"}, {"uid": "3030844", "content": "我曹"}, {"uid": "822210", "content": "66666"}, {"uid": "199762674", "content": "好"}, {"uid": "14670364", "content": "ever17！"}, {"uid": "42595773", "content": "zero"}, {"uid": "11783622", "content": "对的"}, {"uid": "531931", "content": "超九发售了？"}, {"uid": "10722029", "content": "厉害，厉害，别等下告诉我灵剑山和狐妖都是他旗下就行！"}, {"uid": "2119026", "content": "那个读kei ao s chaos"}, {"uid": "12967925", "content": "明明是日本公司为什么全是英文，mmp"}, {"uid": "137660924", "content": "嘟嘟噜"}, {"uid": "23285662", "content": "6666"}, {"uid": "13764363", "content": "人才"}, {"uid": "2225686", "content": "笑出声"}, {"uid": "5286929", "content": "白河萤！"}, {"uid": "589088", "content": "都是好作品啊··"}, {"uid": "589088", "content": "我曹···"}, {"uid": "16517543", "content": "66666666666"}, {"uid": "2488293", "content": "666"}, {"uid": "490709", "content": "44分钟"}, {"uid": "4754106", "content": "嘟嘟噜"}, {"uid": "429080", "content": "神同步"}, {"uid": "15086726", "content": "6666"}, {"uid": "5189791", "content": "英语不好度娘来凑"}, {"uid": "13914075", "content": "嗯？这不是超自然9人组的op吗？虽然游戏是一个公司的..."}, {"uid": "292295", "content": "真的是厉害"}, {"uid": "471820", "content": "chaos读错惹"}, {"uid": "97340936", "content": "6666"}, {"uid": "46412720", "content": "当你看见这条弹幕的时候，你就不是第一个看完的了"}, {"uid": "9798230", "content": "傻子吧！真当没有一个观众玩过12riven，理论设定都一样，就是换个剧情而已"}, {"uid": "9798230", "content": "超9的设定又是模仿12riven（读:瑞文）的游戏设定"}, {"uid": "1415463", "content": "为什么是美国要放霍金的照片"}, {"uid": "1415463", "content": "chaos读错了啊"}, {"uid": "5767056", "content": "bgm@"}, {"uid": "15026647", "content": "  嘟嘟噜"}, {"uid": "15026647", "content": "666666"}, {"uid": "120405567", "content": "毫无违和感"}, {"uid": "8187455", "content": "奥秘!!!"}, {"uid": "375231", "content": "什么都有"}, {"uid": "330625", "content": " 灵梦？"}, {"uid": "3042924", "content": "眼光都很好啊"}, {"uid": "32745646", "content": "6"}, {"uid": "303349", "content": "カオスチャイルド"}, {"uid": "1488833", "content": "哇！"}, {"uid": "131445153", "content": "chao,child,似你！"}, {"uid": "22972598", "content": "怎么这么卡"}, {"uid": "12967925", "content": "?????"}, {"uid": "1741359", "content": "评价很好吧，只是不出名"}, {"uid": "95710947", "content": "就我觉得这里有点像成龙吗"}, {"uid": "3883236", "content": "chaos  发音应该是 kei ao s"}, {"uid": "137660924", "content": "0线诶（｡ò ∀ ó｡）"}, {"uid": "89377718", "content": "拿香菜来要挟我们投硬币，太贝比了啊，这硬币给你便是"}, {"uid": "23316204", "content": "可怕"}, {"uid": "314399", "content": "这啥片"}, {"uid": "19580696", "content": "bgm！"}, {"uid": "589088", "content": "强的不行··"}, {"uid": "35817861", "content": "wt好6"}, {"uid": "22673021", "content": "这是，while?！！！快去更视频啊while，在这里干什么"}, {"uid": "83849", "content": "噗"}, {"uid": "43920943", "content": "牛逼"}, {"uid": "22567791", "content": "没错  我同意"}, {"uid": "43920943", "content": "๑乛◡乛๑"}, {"uid": "23987136", "content": "为毛我觉得是害怕版权纠纷?这也不像不会读的样子"}, {"uid": "123107", "content": "当时被朋友安利很不屑的去看，看完后我也成了命运石吹了"}, {"uid": "38192902", "content": "真-人生赢家"}, {"uid": "2346372", "content": "帅"}, {"uid": "35491897", "content": "233"}, {"uid": "9155865", "content": "mo11眼凭这些你们还不赶快厨5pb？"}, {"uid": "10088849", "content": "蝴蝶"}, {"uid": "11283764", "content": "..."}, {"uid": "16802158", "content": "嘟嘟噜"}, {"uid": "96326", "content": "为啥我天天上论坛 感觉没这么多人？"}, {"uid": "4538219", "content": "承包真帆"}, {"uid": "97340936", "content": "见石头门滚"}, {"uid": "85745205", "content": "第32"}, {"uid": "97340936", "content": "看不懂"}, {"uid": "97340936", "content": "英文不好，度娘凑"}, {"uid": "97340936", "content": "这期好多机器人…………"}, {"uid": "33912710", "content": "又是刚刚"}, {"uid": "94543985", "content": "十"}, {"uid": "149029229", "content": "一分钟前"}, {"uid": "23318278", "content": "第5"}, {"uid": "15523526", "content": "卧槽，，喵喵喵？，，这么吊的吗"}, {"uid": "15523526", "content": "超9其实掐去结尾，略看开头，，其实还不错，emmmmmm"}, {"uid": "22028666", "content": "是K凹斯，不是茶奥斯"}, {"uid": "101986", "content": "nononono"}, {"uid": "759092", "content": "应该念卡欧斯"}, {"uid": "2238320", "content": "我老婆，牧濑红莉栖"}, {"uid": "8704609", "content": "玩gal的表示玩的gal包装盒上不会没有5pb"}, {"uid": "85906521", "content": "不是op是ed"}, {"uid": "21423143", "content": "哪里不对啊bgm23333333"}, {"uid": "12543524", "content": "都是改编的游戏"}, {"uid": "67445069", "content": "春物、re0、路人不是A1的作品吗？求解"}, {"uid": "13764363", "content": "6"}, {"uid": "4892574", "content": "哈哈哈哈哈哈(ಡωಡ)hiahiahia"}, {"uid": "2488293", "content": "moxing"}, {"uid": "21519329", "content": "这bgm...不是超自然九人组的open your eyes嘛"}, {"uid": "244448278", "content": "无限轮回早就有了，互相借鉴的程度而已，设定实际上完全不一样啊"}, {"uid": "142656195", "content": "超自然九人组OP"}]