[{"uid": "544024095", "content": "请大家多多支持柔宝"}, {"uid": "544024095", "content": "柔宝真的很努力了"}, {"uid": "2552121", "content": "断气了"}, {"uid": "109389235", "content": "草，这马赛克"}, {"uid": "2649155", "content": ":)"}, {"uid": "214456198", "content": "AI的新进化.JPG"}, {"uid": "1916733", "content": "哪——吒——"}, {"uid": "3885523", "content": "♪⸜(๑ ॑꒳ ॑๑)⸝♪✰"}, {"uid": "288563345", "content": "：）"}, {"uid": "288563345", "content": "：）"}, {"uid": "8250049", "content": "这里莫名的想起来一段恋口上"}, {"uid": "53131638", "content": "略惨"}, {"uid": "13189975", "content": "宝相威严（迫真）"}, {"uid": "8645666", "content": "3年才生的果然都三头六臂"}, {"uid": "26023645", "content": "千手小柔"}, {"uid": "146766796", "content": "草,这特效"}, {"uid": "27684367", "content": "来了来了"}, {"uid": "26023645", "content": "戛然而止"}, {"uid": "6767888", "content": "单头六臂"}, {"uid": "544024095", "content": "柔宝最厉害了"}, {"uid": "320591230", "content": "）："}, {"uid": "3885523", "content": "来了来了来了"}, {"uid": "200473283", "content": "？？？"}, {"uid": "99490144", "content": "柔宝加油！！"}, {"uid": "51155099", "content": "哇"}, {"uid": "544024095", "content": "好耶"}, {"uid": "17949457", "content": "切片？"}, {"uid": "34791954", "content": "：）：）：）：）：）：）：）：）：）：）：）：）：）"}, {"uid": "8645666", "content": "：）：）：）：）：）：）：）：）"}, {"uid": "99490144", "content": "＼柔宝/＼柔宝/＼柔宝/＼柔宝/＼柔宝/＼柔宝/"}]