[{"uid": "7749450", "content": "awsl"}, {"uid": "27636779", "content": "好耶，好棒的柔宝"}, {"uid": "4454853", "content": "给我延长时间吧 绝对还能再继续啦"}, {"uid": "4454853", "content": "索求之后又会枯竭这是第几次了？"}, {"uid": "4454853", "content": "你也是吸血鬼"}, {"uid": "4454853", "content": "可以呀 可以吸我的哦"}, {"uid": "4454853", "content": "真想试一试啊 想吸饱到吐出来 绝对还能继续啦"}, {"uid": "4454853", "content": "我是吸血鬼"}, {"uid": "4454853", "content": "沉溺其中就会变成癖好啦 尖叫"}, {"uid": "4454853", "content": "但是太多啦说不定会被压得喘不过气呢"}, {"uid": "4454853", "content": "无数的“万一” 虽然都想去实现"}, {"uid": "4454853", "content": "虽然放不下全部的感情但也不会有多余"}, {"uid": "4454853", "content": "要是吐露出来的话只剩下“确实”"}, {"uid": "4454853", "content": "秘密的思绪一滴也没有了"}, {"uid": "4454853", "content": "请给我爱 绝对还能再继续啦"}, {"uid": "52661868", "content": "柔宝吸我！"}, {"uid": "4454853", "content": "人家是吸血鬼"}, {"uid": "4454853", "content": "直到吃尽你的一切为止都要尖叫"}, {"uid": "4454853", "content": "逞强也忤逆不了内心"}, {"uid": "4454853", "content": "也没有必要 也只是烦躁"}, {"uid": "15761128", "content": "我不是吸血鬼"}, {"uid": "3885523", "content": "♪⸜(๑ ॑꒳ ॑๑)⸝♪✰"}, {"uid": "2774637", "content": "好听！"}, {"uid": "251978319", "content": "来了"}, {"uid": "87810741", "content": "好耶"}, {"uid": "87810741", "content": "组成弹幕"}, {"uid": "4454853", "content": "人家是吸血鬼"}, {"uid": "349131787", "content": "好耶"}, {"uid": "484469439", "content": "你不坐做AI了?"}, {"uid": "4454853", "content": "你也是吸血鬼 总之先到我这边来吧"}, {"uid": "4454853", "content": "就在似乎可以看见星星的泡泡之中"}, {"uid": "4454853", "content": "就算了啦 就是很悲伤啊 就是很心痛啊"}, {"uid": "4454853", "content": "直到早上都悄悄地做拦路虎"}, {"uid": "25210443", "content": "小柔果然是妥妥的攻啊"}, {"uid": "4454853", "content": "不安的果实越发成熟"}, {"uid": "43841900", "content": "柔宝，好耶"}, {"uid": "276884856", "content": "suki"}, {"uid": "35960805", "content": "你笑了对吧，你刚刚一定是笑了"}, {"uid": "484469439", "content": "平角裤平角裤"}, {"uid": "4454853", "content": "不是你的话肯定不行啦 快来让我称赞吧"}, {"uid": "4454853", "content": "你也是吸血鬼"}, {"uid": "4454853", "content": "可以吗？可以吸你的血吗？"}, {"uid": "4454853", "content": "太过贪心又让机会溜走"}, {"uid": "4454853", "content": "人家是吸血鬼 总之先到我这边来吧"}, {"uid": "4454853", "content": "索求之后又会枯竭看吧真是令人讨厌"}, {"uid": "4454853", "content": "可以吗？可以吸你的血吗？"}, {"uid": "4454853", "content": "要是和谁在一起 要是那样就好了"}, {"uid": "2649155", "content": "好听~"}, {"uid": "4454853", "content": "绝对还能行啦"}, {"uid": "4454853", "content": "你也是吸血鬼"}, {"uid": "4454853", "content": "直到吃尽你的一切"}, {"uid": "4454853", "content": "重复的“讨厌” 任性也只是"}, {"uid": "4454853", "content": "真想试一试啊 想吸饱到吐出来 绝对还能继续啦"}, {"uid": "4454853", "content": "就算了啦 就是很悲伤啊 就是很心痛啊"}, {"uid": "4454853", "content": "就算不在一起 也能感受到的感情"}, {"uid": "4454853", "content": "No more 发展 就算连呼吸都是嫉妒"}, {"uid": "4454853", "content": "人家是吸血鬼"}, {"uid": "275662368", "content": "好耶"}, {"uid": "4454853", "content": "哭了就会忘了的话又能再说“初次见面”"}, {"uid": "4454853", "content": "最坏最好 一直反反复复"}, {"uid": "4454853", "content": "如果能联系起来确认它 说不定就能死去了"}, {"uid": "4454853", "content": "可以吗？可以吸你的血吗？"}, {"uid": "228435399", "content": "好听"}, {"uid": "4454853", "content": "让我说出“受不了了受不了了”吧"}, {"uid": "4454853", "content": "说什么“受不了了受不了了” 真是坏孩子"}, {"uid": "4454853", "content": "这不挺好嘛 这不挺开心嘛 这不很舒服嘛"}, {"uid": "4454853", "content": "说什么“受不了了受不了了” 真是坏孩子"}, {"uid": "4454853", "content": "说什么“受不了了受不了了” 真是坏孩子"}]