[{"uid": "282511693", "content": "rap喜欢"}, {"uid": "544024095", "content": "头发长我喜欢"}, {"uid": "544024095", "content": "柔宝好大"}, {"uid": "423968", "content": "好听、"}, {"uid": "38248943", "content": "好听！！！"}, {"uid": "455228296", "content": "草，有点恐怖谷效应"}, {"uid": "11338074", "content": "watashi也是大喜"}, {"uid": "544024095", "content": "柔宝头发好长好漂亮"}, {"uid": "544024095", "content": "你干嘛呀"}, {"uid": "2620499", "content": "awsl"}, {"uid": "363776431", "content": "只有三个弹幕，你们在干什么"}, {"uid": "86090297", "content": "发迹线啊"}, {"uid": "14373321", "content": "柔宝的脸色好差，注意休息呀（"}, {"uid": "13943146", "content": "柔柔"}]