[{"uid": "66093410", "content": "好"}, {"uid": "3645724", "content": "好家伙"}, {"uid": "19683002", "content": "失 控 机 仆"}, {"uid": "410049631", "content": "用日文翻译日文"}, {"uid": "410049631", "content": "哈哈哈哈哈哈哈哈"}, {"uid": "6933386", "content": "哇，上首页了？"}, {"uid": "5000075", "content": "赶在直播前"}, {"uid": "348277020", "content": "我鬼畜我自己"}, {"uid": "17368147", "content": "夺命连环call"}, {"uid": "280383681", "content": "看把孩子吓得"}, {"uid": "179095039", "content": "居然没有强行秘密"}, {"uid": "2965539", "content": "内置两个憨憨"}, {"uid": "14609476", "content": "真 小 兰"}, {"uid": "438778448", "content": "非正常死亡"}, {"uid": "438778448", "content": "第100个弹幕"}, {"uid": "438778448", "content": "这沙雕基因好强大呀"}, {"uid": "242170483", "content": "《吃人日记》"}, {"uid": "1420003", "content": "好活23333333"}, {"uid": "53155179", "content": "一说这个我就不困了"}, {"uid": "1631281", "content": "整本书写着“吃人”"}, {"uid": "214456198", "content": "哈哈哈"}, {"uid": "517647905", "content": "硬核劝架"}, {"uid": "517647905", "content": "《谢谢你》"}, {"uid": "34779398", "content": "哈哈哈哈哈哈哈哈哈"}, {"uid": "34779398", "content": "绝世好活"}, {"uid": "61967151", "content": "我tm谢谢你"}, {"uid": "1916733", "content": "yygq哈哈哈哈"}, {"uid": "3163493", "content": "太合适了"}, {"uid": "185940240", "content": "真.抹蜜"}, {"uid": "11076934", "content": "小嘴抹了蜜"}, {"uid": "19042194", "content": "口 吐 芬 芳"}, {"uid": "20957079", "content": "内置两个ai"}, {"uid": "20957079", "content": "毛毛沦为食材"}, {"uid": "89018664", "content": "谢谢你（tmd烦死了）"}, {"uid": "15484101", "content": "哈哈哈哈哈哈哈"}, {"uid": "168194031", "content": "谢谢你柔宝"}, {"uid": "179799344", "content": "哈哈哈哈哈哈哈哈"}, {"uid": "438778448", "content": "隔代传，不对。是是代代传"}, {"uid": "364081293", "content": "吃   人"}, {"uid": "517647905", "content": "痛苦面具"}, {"uid": "29565520", "content": "哈哈哈哈"}, {"uid": "92904608", "content": "好家活，直接给充满电了"}, {"uid": "12854926", "content": "自己发的就离谱"}, {"uid": "18247482", "content": "谢谢你柔宝"}, {"uid": "88182661", "content": "哈哈哈"}, {"uid": "42825505", "content": "毛毛震怒"}, {"uid": "173823714", "content": "哈哈哈哈哈哈哈"}, {"uid": "5676856", "content": "好活"}, {"uid": "26473917", "content": "就哈哈哈哈哈哈哈哈"}, {"uid": "242170483", "content": "谢谢你柔宝"}, {"uid": "1420003", "content": "哈哈哈哈哈"}, {"uid": "17949457", "content": "谢谢你，泰罗"}, {"uid": "284050808", "content": "敢怒不敢言"}, {"uid": "517647905", "content": "官方鬼畜？"}, {"uid": "284242429", "content": "好家伙"}, {"uid": "5305517", "content": "哈哈哈哈"}, {"uid": "32894404", "content": "哈哈哈哈哈哈哈哈"}, {"uid": "3629189", "content": "毛——毛——"}, {"uid": "2674225", "content": "《小嘴抹了蜜》"}, {"uid": "3645724", "content": "哈哈哈哈哈"}, {"uid": "280383681", "content": "柔宝，谢谢你"}, {"uid": "26473917", "content": "哈哈哈哈哈"}, {"uid": "171774", "content": "这ai要吃人啦"}, {"uid": "171774", "content": "？？？"}, {"uid": "34160590", "content": "真抹蜜"}, {"uid": "17949457", "content": "毛——毛——"}, {"uid": "5000075", "content": "哈哈哈哈哈"}, {"uid": "11076934", "content": "233"}, {"uid": "85186649", "content": "狂人日记"}, {"uid": "383148522", "content": "该来的还是会来的"}, {"uid": "1412039", "content": "hhhhhhhhh"}, {"uid": "300175", "content": "??"}, {"uid": "102748947", "content": "awsl"}, {"uid": "410049631", "content": "草"}, {"uid": "2256631", "content": "hhhhhh"}, {"uid": "171774", "content": "毛毛危"}, {"uid": "34160590", "content": "？？？"}, {"uid": "49784695", "content": "热乎的"}, {"uid": "82658096", "content": "哈哈哈哈哈哈"}, {"uid": "228435399", "content": "awsl"}, {"uid": "102748947", "content": "毛——毛——"}, {"uid": "74173597", "content": "awsl"}, {"uid": "549278733", "content": "哈哈哈"}, {"uid": "3645724", "content": "哈哈哈"}, {"uid": "5676856", "content": "柔宝谢谢你"}, {"uid": "39411662", "content": "草"}, {"uid": "18325452", "content": "哈哈哈哈哈哈"}, {"uid": "410049631", "content": "awsl"}, {"uid": "43681035", "content": "草"}, {"uid": "85758978", "content": "草"}, {"uid": "280383681", "content": "好！"}, {"uid": "2965539", "content": "？？？"}, {"uid": "20626741", "content": "哈哈哈哈"}, {"uid": "364081293", "content": "好活(✪▽✪)"}, {"uid": "472301473", "content": "好屑的柔宝"}, {"uid": "34779398", "content": "awsl"}, {"uid": "218750", "content": "哈哈哈哈"}, {"uid": "1478371", "content": "好活"}, {"uid": "698020592", "content": "吓哭了"}, {"uid": "917094", "content": "柔宝谢谢你"}, {"uid": "917094", "content": "好活！"}, {"uid": "496644640", "content": "痛苦面具"}, {"uid": "74173597", "content": "草"}, {"uid": "41905330", "content": "哈哈哈哈"}, {"uid": "391394823", "content": "hhhh"}, {"uid": "406002793", "content": "？。？。？"}, {"uid": "1842195467", "content": "awsl"}, {"uid": "4168522", "content": "233333"}, {"uid": "364081293", "content": "好活"}, {"uid": "34160590", "content": "吃人"}, {"uid": "580219929", "content": "离谱"}, {"uid": "3320529", "content": "好活"}, {"uid": "11076934", "content": "hhhhhhhhhhhh"}, {"uid": "22882694", "content": "毛毛？？？"}, {"uid": "227618", "content": "awsl"}, {"uid": "79646219", "content": "哈哈哈"}, {"uid": "4102890", "content": "？？？？？？？"}, {"uid": "74173597", "content": "？？？？"}, {"uid": "9157461", "content": "草"}, {"uid": "4438960", "content": "好活"}, {"uid": "870055", "content": "¿"}, {"uid": "472301473", "content": "？？？"}, {"uid": "34779398", "content": "哈哈哈哈哈"}, {"uid": "12904717", "content": "谢谢你"}, {"uid": "28289790", "content": "柔宝你不爱兰兰了吗"}, {"uid": "79646219", "content": "啊这"}, {"uid": "343033363", "content": "？？？"}, {"uid": "19042194", "content": "太中二了"}, {"uid": "3139637", "content": "谢谢你"}, {"uid": "342838206", "content": "z"}, {"uid": "74173597", "content": "草"}, {"uid": "8200448", "content": "好活"}, {"uid": "410049631", "content": "太中二了"}, {"uid": "438778448", "content": "..."}, {"uid": "34779398", "content": "？？？？？"}, {"uid": "580219929", "content": "？？？"}, {"uid": "28879614", "content": "whl"}, {"uid": "30935436", "content": "好活"}, {"uid": "2605489", "content": "小兰本兰"}, {"uid": "4102890", "content": "好中二"}, {"uid": "19098822", "content": "？？？"}, {"uid": "27636779", "content": "好耶"}, {"uid": "42825505", "content": "www"}, {"uid": "410049631", "content": "啊这，双重小兰"}, {"uid": "38435858", "content": "¿"}, {"uid": "44973462", "content": "原谅我不人道的笑了"}, {"uid": "300175", "content": "?"}]