[{"uid": "84520321", "content": "左右边是小希的散热器和小桃的风扇！"}, {"uid": "1772516", "content": "出道吧好专业"}, {"uid": "1772516", "content": "听上瘾了，循环好多遍"}, {"uid": "259105128", "content": "爱也依旧未变 Pickup的"}, {"uid": "259105128", "content": "每次许下 崭新的愿望"}, {"uid": "259105128", "content": "狼狈不堪地死去 苦涩的回忆也随之消逝"}, {"uid": "259105128", "content": "YOU ARE KING"}, {"uid": "259105128", "content": "伸出獠牙 pa pa pa"}, {"uid": "259105128", "content": "屏气凝神 深信不疑"}, {"uid": "259105128", "content": "想要 先行一步那样"}, {"uid": "259105128", "content": "像是任何人都渴求的 无机物 那样子"}, {"uid": "259105128", "content": "幽闭 停止 我不知道啊"}, {"uid": "259105128", "content": "你讨厌那个伶俐 真是个难题Darling"}, {"uid": "259105128", "content": "幽闭 伶俐 在逝去之前"}, {"uid": "2376693", "content": "再来一遍"}, {"uid": "20557671", "content": "毛毛？"}, {"uid": "409730930", "content": "腹黑的企鹅"}, {"uid": "3139637", "content": "小希小桃散热器被拆下来了"}, {"uid": "484774843", "content": "承包小柔的笑声！"}, {"uid": "652646389", "content": "这个笑声sa我"}, {"uid": "481567036", "content": "逐渐企业文化[doge]"}, {"uid": "453058507", "content": "再来亿遍"}, {"uid": "16724726", "content": "好喜欢这个笑声"}, {"uid": "9551781", "content": "全村的（歌姬偶像）希望"}, {"uid": "8821328", "content": "全村的希望，kono小柔da！"}, {"uid": "85916482", "content": "后面是希桃的散热器草"}, {"uid": "27636779", "content": "\\大/转\\柔/\\柔/\\柔/"}, {"uid": "11019692", "content": "这个转调666"}, {"uid": "34003711", "content": "小柔！小柔！"}, {"uid": "484774843", "content": "好帅！"}, {"uid": "94750501", "content": "全村的希望"}, {"uid": "298525976", "content": "我又又双叒叕来了"}, {"uid": "7738712", "content": "所以小柔的散热器是什么？内置水冷？"}, {"uid": "298525976", "content": "发誓这是最后一遍了"}, {"uid": "259105128", "content": "屏气敛息 深信不疑"}, {"uid": "259105128", "content": "坚强勇敢地微笑 那些疼痛都变得无影无踪"}, {"uid": "259105128", "content": "Left side Right side"}, {"uid": "259105128", "content": "Left side Right side"}, {"uid": "259105128", "content": "爱也依旧未变 况且"}, {"uid": "57039039", "content": "笑声"}, {"uid": "2442997", "content": "我们村儿有希望了！！！！！"}, {"uid": "7973907", "content": "柔柔就变圆了"}, {"uid": "168264654", "content": "承包笑声"}, {"uid": "2774637", "content": "年放原图吗，想收藏"}, {"uid": "2309271", "content": "woc这么专业"}, {"uid": "14116685", "content": "这图太威严了"}, {"uid": "2376693", "content": "欢迎回来"}, {"uid": "28231676", "content": "又一个剔牙组的？？？？"}, {"uid": "49784695", "content": "真实的偶像"}, {"uid": "11830962", "content": "全村的希望"}, {"uid": "12277907", "content": "草！！！！！"}, {"uid": "1509386956", "content": "来了来了"}, {"uid": "16724726", "content": "再来一遍"}, {"uid": "29594293", "content": "哇，好帅的声音"}, {"uid": "4057069", "content": "电音起来了"}, {"uid": "259105128", "content": "露出獠牙 papa"}, {"uid": "259105128", "content": "Warning Warning"}, {"uid": "259105128", "content": "深恶痛绝地 低声 哭泣 Down"}, {"uid": "259105128", "content": "满怀期待的 Darling"}, {"uid": "11677812", "content": "再来亿遍！！！！"}, {"uid": "12143533", "content": "ohhhhhhhhhhhhhhhhh"}, {"uid": "57039039", "content": "哇"}, {"uid": "4454853", "content": "柔宝太强了啊啊啊啊啊"}, {"uid": "453058507", "content": "再来亿遍"}, {"uid": "453058507", "content": "再来亿遍"}, {"uid": "3255757", "content": "这也太专业了"}, {"uid": "483904663", "content": "柔柔好飒！！！"}, {"uid": "3629189", "content": "柔柔nb！"}, {"uid": "251978319", "content": "虚研村老粉落泪"}, {"uid": "259105128", "content": "向新生的虚无 许下愿望"}, {"uid": "228151966", "content": "终于不是剔牙的了"}, {"uid": "70900900", "content": "好听好听"}, {"uid": "60643773", "content": "来了！！"}, {"uid": "298525976", "content": "再来一遍"}, {"uid": "259105128", "content": "Warning Warning"}, {"uid": "37039931", "content": "01:03再来一次"}, {"uid": "531412577", "content": "好耶"}, {"uid": "1307371399", "content": "首页通知书"}, {"uid": "453058507", "content": "上热门啦！！！"}, {"uid": "9237364", "content": "才注意到散热器"}, {"uid": "401535388", "content": "姐姐你谁啊"}, {"uid": "526781", "content": "TQL"}, {"uid": "265101988", "content": "很有精神！"}, {"uid": "15189602", "content": "柔宝太高产了"}, {"uid": "2774637", "content": "柔酱啊！awsl"}, {"uid": "859933", "content": "企鹅头上戴？"}, {"uid": "3046720", "content": "我孙女儿太棒了"}, {"uid": "11019692", "content": "剔牙大队"}, {"uid": "391394823", "content": "好听呀！"}, {"uid": "2270513", "content": "这个画风加上背后长辈的散热器...“No AI rules forever, my child”"}, {"uid": "1881793846", "content": "好听"}, {"uid": "453058507", "content": "前方阿伟乱葬岗"}, {"uid": "259105128", "content": "旁人所祈祷的 那零碎的讽刺"}, {"uid": "296160176", "content": "suki"}, {"uid": "432839255", "content": "小柔"}, {"uid": "253695767", "content": "小柔太棒了~"}, {"uid": "2442997", "content": "三连了！小柔我的！"}, {"uid": "28635692", "content": "来了来了"}, {"uid": "265101988", "content": "这haha杀我"}, {"uid": "9522291", "content": "哇哇哇哇！"}, {"uid": "84675638", "content": "awsl"}, {"uid": "180181442", "content": "来了来了"}, {"uid": "19540507", "content": "好听"}, {"uid": "553812239", "content": "热乎的！"}, {"uid": "102668744", "content": "kksk"}, {"uid": "11019692", "content": "水冷？"}, {"uid": "5197362", "content": "揉揉柔柔"}, {"uid": "391394823", "content": "ohhhhhhhhh"}, {"uid": "415570453", "content": "企鹅酷起来了"}, {"uid": "36738135", "content": "好好听"}, {"uid": "141294538", "content": "比你奶妈强，太棒了"}, {"uid": "4057069", "content": "好强"}, {"uid": "1881793846", "content": "awsl"}, {"uid": "259105128", "content": "啦啦啦啦 塔拉拉"}, {"uid": "259105128", "content": "向新生的虚无 许下愿望"}, {"uid": "259105128", "content": "高抬贵手吧 真是残忍"}, {"uid": "11677812", "content": "柔柔骂我！！！！！"}, {"uid": "88182661", "content": "什么时候给图"}, {"uid": "483904663", "content": "太棒了"}, {"uid": "185940240", "content": "来啦"}, {"uid": "483904663", "content": "柔柔踩我"}, {"uid": "478205209", "content": "好汀"}, {"uid": "207561948", "content": "这笑好戳我"}, {"uid": "7054902", "content": "\\小柔/\\小柔/\\小柔/"}, {"uid": "3785850", "content": "我们村出偶像啦"}, {"uid": "2774637", "content": "坏坏的小柔，好狂气啊！爱了爱了"}, {"uid": "344997589", "content": "ohhhhhhhhhhh"}, {"uid": "27636779", "content": "来了来了"}, {"uid": "391394823", "content": "来了来了"}, {"uid": "43756396", "content": "消音草！"}, {"uid": "60643773", "content": "太棒了！"}, {"uid": "259105128", "content": "露出獠牙 papa 真是碍事啊"}, {"uid": "259105128", "content": "向新生的虚无 许下愿望"}, {"uid": "259105128", "content": "看不到未来的 Virgin happy SHOW"}, {"uid": "27626810", "content": "芜湖！"}, {"uid": "99229183", "content": "好听！"}, {"uid": "87479567", "content": "黑化小柔"}, {"uid": "455228296", "content": "好耶"}, {"uid": "24431960", "content": "这还是兔兔吗？害啪"}, {"uid": "7611231", "content": "来啦"}, {"uid": "484774843", "content": "好帅！"}, {"uid": "6093710", "content": "池面！"}, {"uid": "4590416", "content": "kksk"}, {"uid": "91713026", "content": "可爱"}, {"uid": "2996627", "content": "啊，才反应过来左边小希散热，右边小桃散热啊"}, {"uid": "168264654", "content": "好棒！！！！！！！！"}, {"uid": "35045619", "content": "66666"}, {"uid": "536851", "content": "来了"}, {"uid": "470937228", "content": "那我想小桃不行？"}, {"uid": "439936773", "content": "好听"}, {"uid": "174187831", "content": "好帅气！！！"}, {"uid": "38169977", "content": "kkksk"}, {"uid": "453058507", "content": "awsl"}, {"uid": "259105128", "content": "HAHA"}, {"uid": "259105128", "content": "伸出獠牙 pa pa pa 真是羞耻啊"}, {"uid": "12143533", "content": "oghhhhhhhhhhhhhhhhh"}, {"uid": "265698386", "content": "笑得可爱"}, {"uid": "25673171", "content": "小柔太棒啦"}, {"uid": "6420608", "content": "太强了"}, {"uid": "342838206", "content": "揉揉柔柔"}, {"uid": "6687136", "content": "卧槽"}, {"uid": "10417687", "content": "声线好帅啊"}, {"uid": "234073033", "content": "妙啊"}, {"uid": "36981425", "content": "好听"}, {"uid": "35045619", "content": "ohhhh"}, {"uid": "1838221", "content": "好听"}, {"uid": "11082943", "content": "\\小柔/\\小柔/\\小柔/"}, {"uid": "57345848", "content": "揉揉柔！"}, {"uid": "5197362", "content": "柔柔真棒"}, {"uid": "107829309", "content": "\\小柔/"}, {"uid": "8156512", "content": "来了来了"}, {"uid": "453058507", "content": "\\/\\/\\/\\/\\/\\："}, {"uid": "259105128", "content": "天真无邪的玩闹"}, {"uid": "102973479", "content": "太强了"}, {"uid": "79646219", "content": "好耶！"}, {"uid": "50416730", "content": "8愧是我孙女"}, {"uid": "2035969", "content": "小揉"}, {"uid": "85312408", "content": "来了"}, {"uid": "15378755", "content": "好听"}, {"uid": "14609476", "content": "你是谁？你不是小柔，小柔嘴里有咸鱼"}, {"uid": "19291595", "content": "ohhhhhhhh"}, {"uid": "342838206", "content": "承包空屏"}, {"uid": "16724726", "content": "这图好看呀"}, {"uid": "35045619", "content": "ohhhhhhhhhh"}, {"uid": "5197362", "content": "柔柔，mua"}, {"uid": "12022828", "content": "！！！"}, {"uid": "2774637", "content": "开头间"}, {"uid": "553812239", "content": "承包小柔"}, {"uid": "2774637", "content": "好听"}, {"uid": "298525976", "content": "awsl"}, {"uid": "391394823", "content": "太帅了"}, {"uid": "15378755", "content": "首页通知书"}, {"uid": "18688043", "content": "强！"}, {"uid": "259105128", "content": "HAHA"}, {"uid": "254680540", "content": "好耶！"}, {"uid": "11677812", "content": "柔宝强强强！"}, {"uid": "6950455", "content": "好听！（不过看了小柔直播总觉得小柔凶不起来）"}, {"uid": "168264654", "content": "开头见"}, {"uid": "13866438", "content": "好耶"}, {"uid": "305577636", "content": "第一?"}, {"uid": "143275225", "content": "\\柔宝/\\柔宝/\\柔宝/\\柔宝/\\柔宝/"}, {"uid": "88170018", "content": "空屏抱住小柔"}, {"uid": "213104132", "content": "\\小柔/\\小柔/\\小柔/\\小柔/\\小柔/\\小柔/\\小柔/\\小柔/\\小柔/"}, {"uid": "97012013", "content": "\\小柔/\\小柔/\\小柔/\\小柔/"}, {"uid": "22395470", "content": "⎛⎝≥⏝⏝≤⎛⎝小柔⎛⎝≥⏝⏝≤⎛⎝小柔⎛⎝≥⏝⏝≤⎛⎝"}, {"uid": "22395470", "content": "⎛⎝≥⏝⏝≤⎛⎝小柔⎛⎝≥⏝⏝≤⎛⎝小柔⎛⎝≥⏝⏝≤⎛⎝⎛⎝≥⏝⏝≤⎛⎝小柔⎛⎝≥⏝⏝≤⎛⎝小柔⎛⎝≥⏝⏝≤⎛⎝⎛⎝≥⏝⏝≤⎛⎝小柔⎛⎝≥⏝⏝≤⎛⎝小柔⎛⎝≥⏝⏝≤⎛⎝"}, {"uid": "553812239", "content": "楼上的在想桃子，小柔是我的↑"}, {"uid": "553812239", "content": "小柔是我的"}, {"uid": "7098330", "content": "\\柔宝/\\柔宝/\\柔宝/\\柔宝/\\柔宝/\\柔宝/\\柔宝/"}, {"uid": "553812239", "content": "小柔色"}]