[{"uid": "192042034", "content": "歌词本来就有一些地方是不对的"}, {"uid": "471964794", "content": "这段实在太强了！！！"}, {"uid": "124177290", "content": "唱嗨了哈哈"}, {"uid": "3791576", "content": "BGM你放你的，歌词我唱我的"}, {"uid": "214456198", "content": "草，有综艺的味道了"}, {"uid": "300175", "content": "什么东西啊哈哈哈哈哈哈"}, {"uid": "2450857", "content": "这波柔宝把违和感干的粉碎"}, {"uid": "401099828", "content": "还能接回来就离谱"}, {"uid": "401099828", "content": "《我懂了》"}, {"uid": "90978548", "content": "流批，真的好听"}, {"uid": "1326322", "content": "草，这么好听的嘛"}, {"uid": "318625827", "content": "她认为她懂了"}, {"uid": "8161819", "content": "虽然上当了，但是很好听23333"}, {"uid": "14458191", "content": " BGM:星象仪 大冢爱"}, {"uid": "14458191", "content": "千里之外"}, {"uid": "14458191", "content": "柔宝强啊!"}, {"uid": "14458191", "content": "欺 负 柔 宝 "}, {"uid": "401099828", "content": "您的好友违和感已下线"}, {"uid": "401099828", "content": "杨明远的是魔鬼吗"}, {"uid": "8402219", "content": "BGM：当我不存在是吧"}, {"uid": "344997589", "content": "她懂了个张京华"}, {"uid": "286148800", "content": "她同意了"}, {"uid": "21728239", "content": "好合拍啊哈哈哈哈"}, {"uid": "7527066", "content": "跳回来了还行"}, {"uid": "37390415", "content": "草，声乐课dna动了"}, {"uid": "34779398", "content": "星象仪"}, {"uid": "3583863", "content": "好听"}, {"uid": "28045355", "content": "哈哈哈哈哈哈哈哈哈哈"}, {"uid": "11552078", "content": "小柔:缝合是吧？我们AI传统艺能没问题！"}, {"uid": "24895500", "content": "好听啊"}, {"uid": "1720633", "content": "杨明远哈哈哈哈"}, {"uid": "79646219", "content": "噗哈哈哈哈"}, {"uid": "369006405", "content": "她急了她急了"}, {"uid": "28879614", "content": "你懂了个啥（）"}, {"uid": "11076934", "content": "全错了草"}, {"uid": "11076934", "content": "太草了"}, {"uid": "11076934", "content": "哈哈哈哈哈开始了"}, {"uid": "86294176", "content": "片尾的bgm是什么啊？"}, {"uid": "948148", "content": "这也太强了"}, {"uid": "100840859", "content": "杨明远（幻听）"}, {"uid": "675843", "content": "她发现了！"}, {"uid": "27446932", "content": "《简单》"}, {"uid": "66026623", "content": "名场面哈哈哈"}, {"uid": "277330500", "content": "卡哇伊柔"}, {"uid": "414422", "content": "逐渐发现事情不对劲"}, {"uid": "6950455", "content": "完 全 上 当"}, {"uid": "859933", "content": "哈哈哈哈哈哈哈哈哈哈哈哈"}, {"uid": "34791954", "content": "无缝衔接"}, {"uid": "7783083", "content": "哪里来的摩托车啊"}, {"uid": "19286805", "content": "杨明远让回忆皎洁~"}, {"uid": "116825", "content": "某种程度更强了"}, {"uid": "108706735", "content": "《她同意了》"}, {"uid": "8517978", "content": "她 理 解 了"}, {"uid": "131506244", "content": "很好听呜呜呜"}, {"uid": "108706735", "content": "hhhhhh，发如千里雪"}, {"uid": "7821", "content": "联动迫害还行"}, {"uid": "1399607", "content": "你都理解了什么啊！"}, {"uid": "7590055", "content": "柔宝，我的超人"}, {"uid": "8389136", "content": "很会接（认真）"}, {"uid": "36958798", "content": "这是阳间人整的活？"}, {"uid": "1628157", "content": "？？？？草"}, {"uid": "29671428", "content": "卧槽了"}, {"uid": "8288159", "content": "哈哈哈哈哈哈"}, {"uid": "251978319", "content": "毫无违和感"}, {"uid": "27446932", "content": "莫名合拍"}, {"uid": "171774", "content": "她又懂了"}, {"uid": "15302272", "content": "您的好友【违和感】已下线"}, {"uid": "14373321", "content": "柔宝：我悟了！"}, {"uid": "1674300", "content": "但是唱得很好听hhhhh"}, {"uid": "192042034", "content": "毫无违和感"}, {"uid": "11914952", "content": "周董经典玩法"}, {"uid": "401099828", "content": "《欢乐颂》？"}, {"uid": "49784695", "content": "好听"}, {"uid": "210399", "content": "看来还不是很熟悉发如雪"}, {"uid": "418088", "content": "草"}, {"uid": "257224357", "content": "笑死，bgm和歌各唱各的"}, {"uid": "14361586", "content": "牛哒"}, {"uid": "1326322", "content": "草太过分了"}, {"uid": "1326322", "content": "草这个太猛了"}, {"uid": "2633650", "content": "串烧是吧"}, {"uid": "249186403", "content": "有一说一是真好听"}, {"uid": "544024095", "content": "柔宝尽力了"}, {"uid": "84922589", "content": "2333"}, {"uid": "351577060", "content": "哈哈哈哈哈"}, {"uid": "503744385", "content": "杨明远～"}, {"uid": "4494836", "content": "哈哈哈哈哈哈哈哈"}, {"uid": "23296236", "content": "6666"}, {"uid": "29860653", "content": "离谱"}, {"uid": "11332431", "content": "彻底上套了"}, {"uid": "7611231", "content": "杨明远"}, {"uid": "5662342", "content": "无缝衔接"}, {"uid": "30225015", "content": "目力小柔"}, {"uid": "34791954", "content": "无缝衔接"}, {"uid": "242170483", "content": "hhh《理解》"}, {"uid": "242170483", "content": "哈哈哈哈哈"}, {"uid": "192042034", "content": "好听欸！"}, {"uid": "549108", "content": "牛啊"}, {"uid": "418088", "content": "居然没有违和"}, {"uid": "14041133", "content": "强行压过BGM"}, {"uid": "247582788", "content": "哈哈哈哈哈"}, {"uid": "2953927", "content": "经典周董改词"}, {"uid": "2241595", "content": "柔宝强啊"}, {"uid": "169273490", "content": "哈哈哈哈"}, {"uid": "21728239", "content": "哈哈哈哈哈"}, {"uid": "23296236", "content": "哈哈哈哈？？？？"}, {"uid": "67196", "content": "最右边是Noworld的NoiR"}, {"uid": "65561752", "content": "？？？？？？"}, {"uid": "79646219", "content": "唱的居然海星！？"}, {"uid": "369006405", "content": "太强了"}, {"uid": "163832", "content": "流弊呀"}, {"uid": "11076934", "content": "哈哈哈哈哈哈"}, {"uid": "26505034", "content": "这就是remix么"}, {"uid": "66026623", "content": "哈哈哈哈离谱开始了"}, {"uid": "277330500", "content": "完全了解了"}, {"uid": "580219929", "content": "哈哈哈哈哈"}, {"uid": "81598320", "content": "内鬼哈哈哈哈"}, {"uid": "30225015", "content": "好"}, {"uid": "6950455", "content": "她懂了"}, {"uid": "6431088", "content": "可顺利了哈哈哈"}, {"uid": "917094", "content": "吃桃啦~"}, {"uid": "222776369", "content": "杨明远？!"}, {"uid": "1434386", "content": "草"}, {"uid": "9058991", "content": "千里之雪"}, {"uid": "71238673", "content": "？？？？？？？"}, {"uid": "300007760", "content": "啧啧啧啧"}, {"uid": "110742027", "content": "杨明远！"}, {"uid": "1676838", "content": "hhhhhhhh，硬唱"}, {"uid": "475828612", "content": "666"}, {"uid": "7121543", "content": "？？"}, {"uid": "65561752", "content": "？？？？？？？"}, {"uid": "65561752", "content": "？？？？？"}, {"uid": "26355378", "content": "noworld"}, {"uid": "11076934", "content": "柔宝太强了"}, {"uid": "251978319", "content": "平稳过渡"}, {"uid": "84671972", "content": "这就是同期情吗"}, {"uid": "16858873", "content": "哈哈哈哈哈哈哈哈哈哈"}, {"uid": "436921255", "content": "他懂了"}, {"uid": "38435858", "content": "？"}, {"uid": "21897593", "content": "强啊"}, {"uid": "19235822", "content": "好听！！！！"}, {"uid": "192042034", "content": "好家伙"}, {"uid": "5986680", "content": "草"}, {"uid": "35178996", "content": "没那么多我就知道"}, {"uid": "3135054", "content": "无敌了好吧"}, {"uid": "2633650", "content": "只要声音够大，就不需要BGM"}, {"uid": "39411662", "content": "肉包唱歌没的说"}, {"uid": "12490036", "content": "我悟了.jpg"}, {"uid": "341679552", "content": "懂了"}, {"uid": "12891523", "content": "强啊"}, {"uid": "23296236", "content": "tql"}, {"uid": "2705066", "content": "感觉不对劲"}, {"uid": "321394966", "content": "草"}, {"uid": "2266822", "content": "666"}, {"uid": "13975206", "content": "好汀"}, {"uid": "65561752", "content": "这也行的？"}, {"uid": "40846947", "content": "小柔NB"}, {"uid": "290635181", "content": "哈哈哈哈"}, {"uid": "277330500", "content": "好诶"}, {"uid": "401391685", "content": "草"}, {"uid": "21897593", "content": "太坏了"}, {"uid": "342158350", "content": "？？？？"}, {"uid": "1283421", "content": "好厉害啊！"}, {"uid": "108706735", "content": "hhhhhh"}, {"uid": "7558085", "content": "哈哈哈哈哈"}, {"uid": "391394823", "content": "热乎"}, {"uid": "300175", "content": "惊了"}, {"uid": "429885424", "content": "杨明远！"}, {"uid": "2450857", "content": "？？？？"}, {"uid": "23346132", "content": "了解了，但是没完全了解"}, {"uid": "23346132", "content": "太坏了"}, {"uid": "24883668", "content": "草，tqp"}, {"uid": "5820136", "content": "什么是bgm 节拍器罢了"}, {"uid": "2874518", "content": "太强了"}, {"uid": "237305766", "content": "强啊"}, {"uid": "150296589", "content": "？？"}, {"uid": "171703387", "content": "卧槽？"}, {"uid": "39411662", "content": "ohhhh"}, {"uid": "12621455", "content": "好听"}, {"uid": "36958798", "content": "草"}, {"uid": "391649253", "content": "好听"}, {"uid": "351577060", "content": "魔鬼"}, {"uid": "105091348", "content": "在现场"}, {"uid": "13732358", "content": "全部木大"}, {"uid": "272879899", "content": "太难了太难了"}, {"uid": "7012056", "content": "我愣是没听出来有什不对"}, {"uid": "6906877", "content": "？"}, {"uid": "28045355", "content": "太强了"}, {"uid": "3951305", "content": "nmd  为什么"}, {"uid": "17068942", "content": "来哩来哩"}, {"uid": "40846947", "content": "最右边这个是谁？霜星吗？"}, {"uid": "290256552", "content": "哦哦哦"}, {"uid": "675843", "content": "她们同意了！"}, {"uid": "7611231", "content": "？"}, {"uid": "177326907", "content": "好听"}, {"uid": "171774", "content": "她同意了"}, {"uid": "171774", "content": "啊啊啊啊，我懂了?"}, {"uid": "631632452", "content": "杨明远"}, {"uid": "26668183", "content": "哈哈哈哈哈"}, {"uid": "4991141", "content": "ohhhhhhhhhhhh"}, {"uid": "300175", "content": "牛逼"}, {"uid": "49784695", "content": "哈哈哈哈"}, {"uid": "222776369", "content": "666"}, {"uid": "9058991", "content": "不是我用无悔 刻永世爱你的碑吗？怎么是一生？？"}, {"uid": "286148800", "content": "666666"}, {"uid": "1326322", "content": "？？？？？？这是不是有点超人类战士了"}, {"uid": "1317731", "content": "好家伙"}, {"uid": "39411662", "content": "没得说TQL"}, {"uid": "171862606", "content": "完全没有违和感"}, {"uid": "37707238", "content": "好听啊"}, {"uid": "84922589", "content": "哈哈哈哈哈哈"}, {"uid": "21728239", "content": "草"}, {"uid": "79646219", "content": "啊这"}, {"uid": "163832", "content": "哈哈哈哈哈哈哈哈哈"}, {"uid": "32894404", "content": "强行什调"}, {"uid": "32894404", "content": "很强"}, {"uid": "3087024", "content": "hhhhhhh"}, {"uid": "40846947", "content": "居然很好听..."}, {"uid": "108140630", "content": "？"}, {"uid": "266178682", "content": "开幕雷击"}, {"uid": "33732420", "content": "6666666"}, {"uid": "15174876", "content": "哇嘎哒"}, {"uid": "576036", "content": "但是能听"}, {"uid": "14524105", "content": "嗯？？？"}, {"uid": "95121543", "content": "6666"}, {"uid": "35178996", "content": "厉害了"}, {"uid": "1326322", "content": "草"}, {"uid": "11053000", "content": "啾啾啾"}, {"uid": "9522291", "content": "太强了"}, {"uid": "544024095", "content": "哈哈哈"}, {"uid": "544024095", "content": "好听"}, {"uid": "108140630", "content": "tql"}, {"uid": "12891523", "content": "哈哈哈哈"}, {"uid": "5676856", "content": "全错了可还行hhhhhhhhhhh"}, {"uid": "11095696", "content": "草"}, {"uid": "251978319", "content": "好听"}, {"uid": "11332431", "content": "杨明远"}, {"uid": "73674638", "content": "强"}, {"uid": "5662342", "content": "草"}, {"uid": "342158350", "content": "？"}, {"uid": "68129973", "content": "梦魇融合怪"}, {"uid": "273986", "content": "好像没什么不对"}, {"uid": "53223895", "content": "还能回来？"}, {"uid": "53223895", "content": "哈哈哈哈"}, {"uid": "53223895", "content": "好活"}, {"uid": "2554008", "content": "？？？"}, {"uid": "257224357", "content": "草"}, {"uid": "14458191", "content": "强"}, {"uid": "39411662", "content": "没得说"}, {"uid": "4162406", "content": "草"}, {"uid": "2013399", "content": "哈哈哈哈"}, {"uid": "321394966", "content": "草"}, {"uid": "1821465", "content": "太强了"}]