[{"uid": "20877518", "content": "超越我心中的自己"}, {"uid": "20877518", "content": "奔跑吧 奔跑吧"}, {"uid": "20877518", "content": "为了能够守护你"}, {"uid": "20877518", "content": "渴望让自己变得更强大"}, {"uid": "20877518", "content": "只为让你保持微笑"}, {"uid": "20877518", "content": "吞噬殆尽"}, {"uid": "20877518", "content": "因为想和你一起欢笑"}, {"uid": "20877518", "content": "但我想要永远和你在一起"}, {"uid": "20877518", "content": "我祈祷着"}, {"uid": "20877518", "content": "今天也"}, {"uid": "20877518", "content": "我到底是什么人"}, {"uid": "20877518", "content": "我应该存在的姿态是什么"}, {"uid": "20877518", "content": "不会让谁悲伤的活着"}, {"uid": "20877518", "content": "渗透着的永不散去的味道"}, {"uid": "20877518", "content": "回响起脚步声的目的地是"}, {"uid": "20877518", "content": "我也装作不知道的样子转移了视线"}, {"uid": "20877518", "content": "美好的世界今天也一切安泰"}, {"uid": "20877518", "content": "为了让我能够成为真正的自己"}, {"uid": "20877518", "content": "只为让你保持微笑"}, {"uid": "20877518", "content": "绝不松口"}, {"uid": "20877518", "content": "不论多少次 也要紧咬住我所期望的未来"}, {"uid": "20877518", "content": "我只愿你那漆黑的眼眸"}, {"uid": "20877518", "content": "唤醒了我的本能"}, {"uid": "33426670", "content": "好攻 awsl"}, {"uid": "20877518", "content": "令人头晕目眩的诱人味道"}, {"uid": "20877518", "content": "今天也为美好的世界干杯"}, {"uid": "13813138", "content": "太好听了"}, {"uid": "18845032", "content": "太好听了这是什么帅气的声音"}, {"uid": "274884365", "content": "好听"}, {"uid": "391394823", "content": "终于更新了！！！"}, {"uid": "20877518", "content": "只要我能够变得更加强大"}, {"uid": "20877518", "content": "不会有泪水溢出"}, {"uid": "20877518", "content": "我能够做到的有什么"}, {"uid": "20877518", "content": "刺入我的鼻腔深处"}, {"uid": "47345002", "content": "大灰柔"}, {"uid": "7982074", "content": "果然YOASOBI是神"}, {"uid": "7982074", "content": "开口跪"}, {"uid": "6950455", "content": "柔柔太攻了！"}, {"uid": "20877518", "content": "让我颤抖着 呐喊"}, {"uid": "20877518", "content": "想要清白正确的活着"}, {"uid": "20877518", "content": "假装很认真的前行"}, {"uid": "20877518", "content": "今天又轮到谁了"}, {"uid": "2774637", "content": "柔酱"}, {"uid": "2558433", "content": "~~~~~~~"}, {"uid": "598989", "content": "Kksk"}, {"uid": "484774843", "content": "这段……"}, {"uid": "484774843", "content": "上首页了！"}, {"uid": "11677812", "content": "这段巨好听啊"}, {"uid": "14433375", "content": "给字幕君点赞↑"}, {"uid": "20877518", "content": "为了让我能够成为真正的自己"}, {"uid": "100366661", "content": "柔宝太强了！！！！"}, {"uid": "298525976", "content": "哇！有兔兔！"}, {"uid": "8776187", "content": "ohhhhhhhhhh"}, {"uid": "82180496", "content": "强"}, {"uid": "20877518", "content": "裏側の世界"}, {"uid": "27636779", "content": "柔宝永远的神"}, {"uid": "31197698", "content": "来了来了！"}, {"uid": "7982074", "content": "难定了"}, {"uid": "26476919", "content": "我以为在听原唱"}, {"uid": "37383751", "content": "感谢顶部字幕君"}, {"uid": "10584747", "content": "女王陛下（"}, {"uid": "282249327", "content": "小柔好强"}, {"uid": "24786013", "content": "小柔！"}, {"uid": "20877518", "content": "无论多少次 也要把懦弱的自己"}, {"uid": "20877518", "content": "现在开始行动吧"}, {"uid": "20877518", "content": "在没有答案的世界里"}, {"uid": "20877518", "content": "告诉我吧"}, {"uid": "20877518", "content": "实事求是的活着是正义吗"}, {"uid": "20877518", "content": "要正确不犯错的活着"}, {"uid": "20877518", "content": "背面的世界"}, {"uid": "20877518", "content": "一点也不正常"}, {"uid": "20877518", "content": "在街道上席卷而来的坏消息"}, {"uid": "33426670", "content": "ao！"}, {"uid": "5265574", "content": "ohhhhh"}, {"uid": "514382277", "content": "绝体绝命？"}, {"uid": "510197", "content": "好听"}, {"uid": "33919342", "content": "啊啊啊啊啊孙女啊好耶"}, {"uid": "74053669", "content": "柔柔柔柔柔"}, {"uid": "227298", "content": "唱的真好啊"}, {"uid": "195123", "content": "ohhhhh"}, {"uid": "24786013", "content": "肉包强"}, {"uid": "20877518", "content": "为了让谁也不必再哭泣"}, {"uid": "20877518", "content": "在这个错误百出的世界里"}, {"uid": "20877518", "content": "虽然我没有用"}, {"uid": "29951578", "content": "原唱?"}, {"uid": "49784695", "content": "好酷啊"}, {"uid": "391394823", "content": "太强了"}, {"uid": "141294538", "content": "孙女不愧是孙女"}, {"uid": "20877518", "content": "跳动的心脏"}, {"uid": "20877518", "content": "以欺骗谋生活下去才是正义吗"}, {"uid": "20877518", "content": "要不越矩直率的活着"}, {"uid": "20877518", "content": "在这个错误百出的世界里"}, {"uid": "20877518", "content": "在这个世界能做些什么"}, {"uid": "24786013", "content": "为什么唱这么好，播放上不去呢（生气）"}, {"uid": "2480343", "content": "原唱？"}, {"uid": "49784695", "content": "TQL"}, {"uid": "35895024", "content": "兔兔"}, {"uid": "35895024", "content": "好耶"}, {"uid": "20877518", "content": "我也只是装作看不见的样子 仅此而已"}, {"uid": "6752652", "content": "我点开了原唱？"}, {"uid": "213279009", "content": "我个人感觉比原唱好听 可能是我讨厌电音人声吧"}, {"uid": "14373321", "content": "双    厨    狂    喜"}]