[{"uid": "451293489", "content": "小桃草"}, {"uid": "262254458", "content": "真的吗，我不信(鲁豫脸)"}, {"uid": "262254458", "content": "要我就让她写费马大定理的证明233"}, {"uid": "74670019", "content": "虚研村的，齐了"}, {"uid": "4432342", "content": "感觉就像是一定要拉一个垫背的一样2333"}, {"uid": "7896115", "content": "会吃不下的感觉"}, {"uid": "6036414", "content": "同生共死"}, {"uid": "5911", "content": "背景的也太又能了"}, {"uid": "5911", "content": "没去过看动画也知道啊！"}, {"uid": "2256631", "content": "刚才兔耳和熊耳是兰音和艾露露"}, {"uid": "108706735", "content": "而且是猫儿小桃"}, {"uid": "86871795", "content": "好耶！"}, {"uid": "500353000", "content": "小桃女仆"}, {"uid": "23363362", "content": "草"}, {"uid": "32003624", "content": "hhhhhhhh"}, {"uid": "11628981", "content": "草，黑板上的例子是小桃啊"}, {"uid": "269913060", "content": "因为拍照也是要钱的（真实）"}, {"uid": "269913060", "content": "到底谁是顾客啊"}, {"uid": "269913060", "content": "这是要把女顾客全赶跑是吧"}, {"uid": "269913060", "content": "？？？想看！"}, {"uid": "17949457", "content": "代入感很强，已经开始脚趾抠地了"}, {"uid": "7783083", "content": "哈哈哈哈哈哈"}, {"uid": "20581082", "content": "虚研社社员再就业"}, {"uid": "531616403", "content": "迫害小桃"}, {"uid": "531616403", "content": "迫害小桃"}, {"uid": "53155179", "content": "好耶！"}, {"uid": "37383751", "content": "哈哈哈哈哈哈哈哈哈哈"}, {"uid": "5710433", "content": "草"}, {"uid": "43756396", "content": "桃桃哈哈哈"}]