[{"uid": "124177290", "content": "好听"}, {"uid": "4150148", "content": "柔柔真适合Aimer和yorushika的歌啊"}, {"uid": "11225146", "content": "柔宝！"}, {"uid": "5480844", "content": "柔宝这声音唱这歌绝妙啊"}, {"uid": "124177290", "content": "呜呜呜，太好听了"}, {"uid": "242170483", "content": "柔柔"}, {"uid": "5861987", "content": "肉包肉包"}, {"uid": "7794489", "content": "好"}, {"uid": "240882152", "content": "柔仔太棒惹"}, {"uid": "14373321", "content": "开口跪"}, {"uid": "23346132", "content": "肉包肉包"}, {"uid": "24880053", "content": "想哭的我戴上了猫的面具"}, {"uid": "1500913", "content": "柔宝唱的真好，歌曲中包含着温柔的感情"}, {"uid": "35709164", "content": "还不错"}, {"uid": "544024095", "content": "柔宝辛苦了"}, {"uid": "544024095", "content": "夏天来了"}, {"uid": "544024095", "content": "话说字幕君呢？"}, {"uid": "544024095", "content": "夏天的味道"}, {"uid": "544024095", "content": "柔宝柔宝！"}, {"uid": "99490144", "content": "柔宝"}, {"uid": "11691053", "content": "好听好听"}, {"uid": "12022828", "content": "ohhh"}, {"uid": "35709164", "content": "我也要贴贴"}, {"uid": "35709164", "content": "肉包肉包"}, {"uid": "544024095", "content": "柔宝贴贴！！！"}, {"uid": "19462162", "content": "好汀！"}, {"uid": "35709164", "content": "三连了"}, {"uid": "536851", "content": "\\柔宝/\\柔宝/\\柔宝/\\柔宝/\\柔宝/"}, {"uid": "143275225", "content": "\\柔宝/\\柔宝/\\柔宝/\\柔宝/\\柔宝/"}]