[{"uid": "400173322", "content": "吃我亿拳"}, {"uid": "700391572", "content": "好家伙，完全一致"}, {"uid": "295084125", "content": "我的天，这怎么这么可爱，像喝了假酒"}, {"uid": "43681035", "content": "不至于"}, {"uid": "23102079", "content": "刚那句好豹啊"}, {"uid": "2322315", "content": "什么顶晚人"}, {"uid": "645471253", "content": "她太懂直播了"}, {"uid": "102668744", "content": "可爱～～～"}, {"uid": "12566120", "content": "这波啊，是柔光灯预判了你的预判"}, {"uid": "289004174", "content": "横竖都是傻子（"}, {"uid": "223574323", "content": "我们早就知道了，你不用喊这么大声"}, {"uid": "172448666", "content": "按照这个理论，这个ID不管顺着念还是倒着念，都是小傻子"}, {"uid": "124177290", "content": "“本音”"}, {"uid": "31286105", "content": "开幕雷击"}, {"uid": "17765029", "content": "人艰不拆啊！"}, {"uid": "34455909", "content": "鉴定完毕，是虚研社的AI"}, {"uid": "110742027", "content": "经典大头"}, {"uid": "7611231", "content": "哈哈哈哈哈"}, {"uid": "3057859", "content": "开幕雷击"}, {"uid": "102668744", "content": "草"}, {"uid": "4396377", "content": "你可以不读啊"}, {"uid": "14122823", "content": "？？？？"}, {"uid": "14373321", "content": "这竟然还是个逻辑悖论"}, {"uid": "2106045858", "content": "哈哈哈哈哈这是个啥"}, {"uid": "18943934", "content": "可爱哈哈哈"}, {"uid": "60422849", "content": "不管怎么念，都是倒过来念"}, {"uid": "272303492", "content": "木大木大木大木大"}, {"uid": "2535375", "content": "2333"}, {"uid": "102668744", "content": "可爱"}, {"uid": "47122712", "content": "可爱！"}, {"uid": "1847651706", "content": "????????????"}, {"uid": "524674654", "content": "可可爱爱"}, {"uid": "8428818", "content": "乱序读"}, {"uid": "41905330", "content": "哈哈哈哈"}, {"uid": "110742027", "content": "坏了"}, {"uid": "15468526", "content": "可爱"}, {"uid": "15468526", "content": "确实"}, {"uid": "2715627", "content": "？？？"}, {"uid": "280383681", "content": "？？？"}, {"uid": "23271804", "content": "可爱"}, {"uid": "22748505", "content": "debu"}, {"uid": "31804554", "content": "草，hhhhhhhhhhhhhhhhhh"}]