[{"uid": "40808770", "content": "???"}, {"uid": "68167331", "content": "牙白"}, {"uid": "2045857", "content": "ふふふ～"}, {"uid": "32701097", "content": "？？？"}, {"uid": "27955298", "content": "hso"}, {"uid": "544024095", "content": "柔宝"}, {"uid": "544024095", "content": "柔宝好涩"}, {"uid": "544024095", "content": "柔宝要身体好好的才直播"}, {"uid": "50477561", "content": "初见，喜欢，结婚"}, {"uid": "21584717", "content": "初见可爱推推"}, {"uid": "8300580", "content": "好牙白的歌"}, {"uid": "167985243", "content": "hso"}, {"uid": "23102079", "content": "不是削弱，服装的正常效果"}, {"uid": "23375036", "content": "小柔呜呜呜 太好听了！"}, {"uid": "544024095", "content": "？？？？。"}, {"uid": "12566120", "content": "好耶"}, {"uid": "4861566", "content": "有问题[doge]"}, {"uid": "39411662", "content": "很舒服"}, {"uid": "214685299", "content": "柔宝惨遭史诗级削弱"}, {"uid": "126196", "content": "呼呼呼呼"}, {"uid": "168277397", "content": "好可爱"}, {"uid": "4275239", "content": "撒娇又有点害羞的柔宝最可爱了"}, {"uid": "4275239", "content": "好漂亮的衣服，很适合柔宝"}, {"uid": "11332431", "content": "这个小柔好软，好可爱啊"}, {"uid": "5197362", "content": "呼呼呼 起飞"}, {"uid": "37383751", "content": "这个画风的柔柔好可爱啊啊啊啊啊"}, {"uid": "164986426", "content": "柔宝！"}, {"uid": "544024095", "content": "柔宝柔宝！！！！"}, {"uid": "12019087", "content": "hso"}, {"uid": "23346132", "content": "好可爱啊"}, {"uid": "544024095", "content": "柔宝柔宝柔宝"}, {"uid": "194561571", "content": "kksk"}, {"uid": "110742027", "content": "好好好好好"}, {"uid": "524708", "content": "这画的好漂亮"}, {"uid": "14017239", "content": "好牙白的歌词"}, {"uid": "22547592", "content": "kksk"}, {"uid": "4472088", "content": "hso，柔宝我永远喜欢你！！！"}, {"uid": "29141466", "content": "啊"}, {"uid": "21542044", "content": "？"}, {"uid": "6029542", "content": "hso"}, {"uid": "11691053", "content": "好耶"}, {"uid": "39411662", "content": "kksk"}, {"uid": "39411662", "content": "kksk"}, {"uid": "39411662", "content": "好听！"}, {"uid": "2558433", "content": "太棒了"}, {"uid": "126196", "content": "hso"}, {"uid": "12022828", "content": "ohhhh"}, {"uid": "31343535", "content": "柔宝"}, {"uid": "544024095", "content": "肉包"}, {"uid": "544024095", "content": "柔宝柔宝"}, {"uid": "27321636", "content": "kksk"}, {"uid": "3130828", "content": "hso"}, {"uid": "9492654", "content": "肉包！"}, {"uid": "168203668", "content": "寄！！"}, {"uid": "27955298", "content": "好好好好好好好"}, {"uid": "544024095", "content": "柔宝"}, {"uid": "194561571", "content": "kksk"}, {"uid": "24582047", "content": "？？？"}, {"uid": "102668744", "content": "ihhhhhhhhhh"}, {"uid": "66093410", "content": "可爱"}, {"uid": "269913060", "content": "小黄歌？"}, {"uid": "289599770", "content": "kksk"}, {"uid": "267485027", "content": "这首歌……嗯……很好……"}, {"uid": "267485027", "content": "？？？？"}]