[{"uid": "510197", "content": "口哨好帅"}, {"uid": "510197", "content": "可爱"}, {"uid": "510197", "content": "有些俏皮的柔宝太可爱了"}, {"uid": "3523616", "content": "福根不唱"}, {"uid": "15662806", "content": "柔仔hhhhh"}, {"uid": "277330500", "content": "口哨好诶"}, {"uid": "3335761", "content": "太可爱了"}, {"uid": "204911383", "content": "肉仔hhhh"}, {"uid": "4233059", "content": "这也太可爱了吧"}, {"uid": "697525029", "content": "口哨好耶"}, {"uid": "223574323", "content": "嘻哈！"}, {"uid": "251978319", "content": "福根（幻听"}, {"uid": "29141466", "content": "好"}, {"uid": "200473283", "content": "嘿哈"}, {"uid": "157191394", "content": "咬字太清楚了，反而没那味，但有那味"}, {"uid": "32423963", "content": "柔仔233"}, {"uid": "41905330", "content": "awsl"}, {"uid": "28635692", "content": "咬字太清晰了"}, {"uid": "1916733", "content": "因为你还未满18岁"}, {"uid": "736667", "content": "因为柔仔1岁都不到＼（^_^）／"}, {"uid": "510197", "content": "好耶"}, {"uid": "510197", "content": "好可爱"}, {"uid": "200473283", "content": "嘿哈"}, {"uid": "1916733", "content": "哈哈哈哈"}, {"uid": "3901850", "content": "上♂"}, {"uid": "23346132", "content": "柔宝"}, {"uid": "11491610", "content": "嘻哈！"}, {"uid": "251978319", "content": "肉仔"}]