[{"uid": "2424187", "content": "刚看到小柔被裤衩~到月亮上了"}, {"uid": "145570514", "content": "听说被炸飞了，来找找孙女"}, {"uid": "17060383", "content": "小柔的脑袋上没有散热器！！！"}, {"uid": "6420608", "content": "胸口有痣，好色哦"}, {"uid": "108201379", "content": "？？？你们怎么捏的孙女？"}, {"uid": "2256631", "content": "祖传穿模"}, {"uid": "12854926", "content": "小柔你终于来了！！！！"}, {"uid": "21703766", "content": "你这大小就离谱"}, {"uid": "106432548", "content": "太美了太美了，我单推了"}, {"uid": "273927442", "content": "黑长直变白发了"}, {"uid": "37865026", "content": "穿模了草"}, {"uid": "64488839", "content": "胸痣！"}, {"uid": "17060383", "content": "这个小柔有点大"}, {"uid": "281064320", "content": "扎两个冲天揪，光着俩小脚丫~"}, {"uid": "74238418", "content": "经典穿模"}, {"uid": "44973462", "content": "犹抱琵琶半遮面"}, {"uid": "44973462", "content": "千呼万唤始出来"}, {"uid": "6239", "content": "胸有大志！！！"}, {"uid": "225714277", "content": "孙女真的好像我"}, {"uid": "14609476", "content": "卧槽，孙女营养正好"}, {"uid": "76562499", "content": "孙女难产出来了！！！"}, {"uid": "65561752", "content": "这基因隔了几代遗传的？"}, {"uid": "3203039", "content": "那年见证了小希小桃，现在来见证小柔！"}, {"uid": "23118446", "content": "孙女出来了(๑＞ڡ＜)☆"}, {"uid": "1464090", "content": "孙女来了？来 让爷爷抱抱(≧∇≦)/"}, {"uid": "1402141", "content": "这个大小不符合遗传学啊！"}, {"uid": "225907227", "content": "胸口有颗痣！"}, {"uid": "3729901", "content": "胸有大志"}, {"uid": "351577060", "content": "这脸跟小希一模一样"}, {"uid": "38954021", "content": "我的天孙女你怎么看起来比你外婆还年长。。"}, {"uid": "38954021", "content": "孙女孙女早！"}, {"uid": "4645886", "content": "水冷漏了的声音"}, {"uid": "32871432", "content": "问题来了，孙女能让我们康康你的散热器吗？"}, {"uid": "32954337", "content": "我现在加关注，就是老粉丝了"}, {"uid": "7855856", "content": "难产太久了，都这么大了？？"}, {"uid": "23200294", "content": "希望有更多表情啊"}, {"uid": "31804554", "content": "小柔……有点大啊"}, {"uid": "446196316", "content": "孙女难产出来了"}, {"uid": "10418782", "content": "孙女终于来了！"}, {"uid": "2456776", "content": "好深的事业线"}, {"uid": "11893758", "content": "这基因遗传的不对啊"}, {"uid": "181959228", "content": "看她的眉毛，多像朕"}, {"uid": "11830962", "content": "黑长直，我的黑长直，呜呜呜"}, {"uid": "56906820", "content": "告诉我老婆小桃，今晚我不回去了"}, {"uid": "1573930", "content": "的可爱孙女出生了！"}, {"uid": "2154", "content": "大————人"}, {"uid": "10286265", "content": "生出来了！！！！！！！！！！"}, {"uid": "198835", "content": "哪吒！你终于出生了！"}, {"uid": "107438210", "content": "事孙女，awsl"}, {"uid": "107829309", "content": "孙女生了!"}, {"uid": "77006164", "content": "针不戳"}, {"uid": "25039856", "content": "啊啊啊，我当爷爷了"}, {"uid": "22395470", "content": "她来了！她来了！！"}, {"uid": "74670019", "content": "小桃实名羡慕w"}, {"uid": "242170483", "content": "千呼万唤始出来"}, {"uid": "242170483", "content": "卧槽孙女出来了"}, {"uid": "71538707", "content": "哇～   孙女来了"}, {"uid": "351577060", "content": "可把你等来了"}, {"uid": "225907227", "content": "孙女终于来了！"}, {"uid": "15145095", "content": "小希危，小桃危"}, {"uid": "548467033", "content": "孙女比上两辈都大（）"}, {"uid": "640493749", "content": "屏幕正下方，小希的散热器"}, {"uid": "174783662", "content": "总之就是非常大"}, {"uid": "32871432", "content": "等下，孙女的散热器是什么？"}, {"uid": "367261440", "content": "孙女你终于来啦555"}, {"uid": "890487", "content": "可爱的孙女"}, {"uid": "2945897", "content": "孙女营养真好"}, {"uid": "43681035", "content": "终于等到了"}, {"uid": "6696", "content": "怀胎三年，哪吒生出来了"}, {"uid": "95807815", "content": "我当爷爷了"}, {"uid": "13909429", "content": "孙女为什么这么大"}, {"uid": "20264695", "content": "孙女出生啦！！！"}, {"uid": "361754689", "content": "开唱 I LOVE YOU"}, {"uid": "33919342", "content": "哦我可爱的孙女啊"}, {"uid": "1394267", "content": "终于出生了哭了哭了"}, {"uid": "11124795", "content": "出道漏论汁"}, {"uid": "282515064", "content": "kawaii！！！！！！！！！！（震声）"}, {"uid": "1961342", "content": "Boing Boing"}, {"uid": "361044035", "content": "见证历史"}, {"uid": "27446932", "content": "卧槽孙女"}, {"uid": "18268759", "content": "我在找散热器"}, {"uid": "4793617", "content": "终于出来了-0-"}, {"uid": "2805909", "content": "终于见面了"}, {"uid": "43705626", "content": "公然穿模"}, {"uid": "1894174", "content": "啊，是孙女，爱了。"}, {"uid": "29238695", "content": "好可爱！"}, {"uid": "226359313", "content": "我的黑长直么"}, {"uid": "1732493", "content": "胸这么大？？？？"}, {"uid": "5529660", "content": "胸有大痣"}, {"uid": "29226903", "content": "可算是生出来了"}, {"uid": "866001", "content": "竟然真的存在啊"}, {"uid": "32871432", "content": "这是孙女的水冷的声音吗？"}, {"uid": "27636779", "content": "哇，小柔活了"}, {"uid": "400726913", "content": "孙………孙女？"}, {"uid": "74047511", "content": "小柔yyds，梦开始了。"}, {"uid": "4102890", "content": "Boing！Boing！大！"}, {"uid": "317086794", "content": "孙女出来了！"}, {"uid": "40373231", "content": "两……年了"}, {"uid": "30935436", "content": "孙女？孙女！"}, {"uid": "30935436", "content": "孙女！孙女！"}, {"uid": "80212885", "content": "孙女出生了"}, {"uid": "20134061", "content": "哦呀哦呀～"}, {"uid": "171903788", "content": "这眼睫毛"}, {"uid": "107818867", "content": "ohhhhhhhhhhhhhhhhhhhhhhhhhh"}, {"uid": "93628379", "content": "孙女生了？？"}, {"uid": "1744822", "content": "孩子，爸爸爱你"}, {"uid": "418088", "content": "孙女这么大！？"}, {"uid": "6615803", "content": "眼睛随我"}, {"uid": "415570453", "content": "长这样是孙女？"}, {"uid": "298525976", "content": "ohhhhhhhh"}, {"uid": "33992813", "content": "生了！！！"}, {"uid": "23007354", "content": "终于等到了"}, {"uid": "50223927", "content": "青出于蓝胜于蓝"}, {"uid": "159943306", "content": "小柔来了！！！"}, {"uid": "3046720", "content": "生了生了！"}, {"uid": "230901049", "content": "有志少女"}, {"uid": "6489442", "content": "可爱，单推了"}, {"uid": "11626307", "content": "ohhhhhhhhhhhhhhh"}, {"uid": "77006164", "content": "好大"}, {"uid": "96788969", "content": "芜湖～起飞！"}, {"uid": "6615803", "content": "美少女"}, {"uid": "26355378", "content": "我也是老粉了"}, {"uid": "651794346", "content": "水冷散热器"}, {"uid": "6683157", "content": "孙女也太大了吧"}, {"uid": "10999335", "content": "穿模啦"}, {"uid": "2159134", "content": "一体式水冷"}, {"uid": "29021072", "content": "熟悉的bgm"}, {"uid": "286729333", "content": "说好的黑直长呢"}, {"uid": "32921410", "content": "两年了"}, {"uid": "40373231", "content": "终于来了"}, {"uid": "1682388", "content": "终于出来了"}, {"uid": "60643773", "content": "终于！！！"}, {"uid": "74173597", "content": "Ohhhhhhhhhhhhhhhhhhh"}, {"uid": "46360019", "content": "孙女！"}, {"uid": "93628379", "content": "孙女？？？？"}, {"uid": "4456826", "content": "痣HSO"}, {"uid": "353269079", "content": "恭喜出生！！！"}, {"uid": "1743516", "content": "这书真大"}, {"uid": "13175540", "content": "ohhhhhhh"}, {"uid": "25266650", "content": "生啦"}, {"uid": "2309271", "content": "生了生了"}, {"uid": "171991910", "content": "孙女大成这样？"}, {"uid": "286233510", "content": "ohhhhhhh"}, {"uid": "23542111", "content": "你就是孙女"}, {"uid": "35143542", "content": "胸太大了"}, {"uid": "436937", "content": "十年老粉来啦"}, {"uid": "25196373", "content": "老粉了"}, {"uid": "14609476", "content": "我的xp，我的xp！"}, {"uid": "76362589", "content": "来了，来了"}, {"uid": "50051919", "content": "这河里吗？"}, {"uid": "3989219", "content": "prpr孙女啊啊啊"}, {"uid": "77006164", "content": "终于来了"}, {"uid": "321618288", "content": "Ohhhhhhhh"}, {"uid": "16811386", "content": "见证历史"}, {"uid": "17169791", "content": "孙女？？？"}, {"uid": "277885516", "content": "孙女！你来啦！"}, {"uid": "3629189", "content": "见证历史"}, {"uid": "2245744", "content": "？怎么这么大"}, {"uid": "32954337", "content": "来了来了"}, {"uid": "103022524", "content": "大……"}, {"uid": "62891069", "content": "孙女！"}, {"uid": "391394823", "content": "好可爱"}, {"uid": "70900900", "content": "见证历史"}, {"uid": "32510566", "content": "ohhhhhh"}, {"uid": "28617569", "content": "见证历史"}, {"uid": "34123690", "content": "这个好这个好"}, {"uid": "4438960", "content": "生啦！"}, {"uid": "702466514", "content": "大。。大  好大"}, {"uid": "121277490", "content": "见证历史"}, {"uid": "4494836", "content": "ohhhhhhh"}, {"uid": "7689124", "content": "哪吒你来啦"}, {"uid": "282515064", "content": "prprprprprprprprprprprprprpr"}, {"uid": "1540548", "content": "是孙女"}, {"uid": "484774843", "content": "小柔！"}, {"uid": "87632632", "content": "孙女好"}, {"uid": "34412044", "content": "孙女"}, {"uid": "613462", "content": "孙女那么大"}, {"uid": "28763292", "content": "孙女！！！！"}, {"uid": "11860391", "content": "真不戳啊"}, {"uid": "28167856", "content": "ohhhhhhh"}, {"uid": "3989219", "content": "大大"}, {"uid": "80262616", "content": "ohhhhhh！"}, {"uid": "37636931", "content": "ohhhhhhhh"}, {"uid": "12022828", "content": "ohhhhhh"}, {"uid": "27920049", "content": "爷爷来辣"}, {"uid": "66657470", "content": "这么大的吗？"}, {"uid": "36583369", "content": "大点好啊"}, {"uid": "167314930", "content": "ohhhhhhhhhhhh"}, {"uid": "34272489", "content": "我没来晚吧"}, {"uid": "3729901", "content": "一体水嘛？"}, {"uid": "15035240", "content": "啊这……"}, {"uid": "103022524", "content": "大……"}, {"uid": "103022524", "content": "大……"}, {"uid": "1566340", "content": "孙女！"}, {"uid": "59119242", "content": "见证历史"}, {"uid": "20289994", "content": "太大了"}, {"uid": "378520874", "content": "小柔"}, {"uid": "103754", "content": "好大！"}, {"uid": "17234592", "content": "见证历史"}, {"uid": "9157461", "content": "来了来了"}, {"uid": "7490558", "content": "孙女！！！！！"}, {"uid": "2388725", "content": "是孙女啊啊啊啊啊"}, {"uid": "9922186", "content": "柔儿老婆"}, {"uid": "23645723", "content": "孙女来啦"}, {"uid": "8734102", "content": "见证历史"}, {"uid": "34991273", "content": "生了"}, {"uid": "325389011", "content": "见证历史"}, {"uid": "17807795", "content": "这么大"}, {"uid": "106361414", "content": "孙女来啦"}, {"uid": "24724800", "content": "孙女！"}, {"uid": "2035969", "content": "真的假的啊"}, {"uid": "185940240", "content": "来啦"}, {"uid": "100707914", "content": "见证历史"}, {"uid": "171740678", "content": "！！！！"}, {"uid": "348024463", "content": "散热器呢？"}, {"uid": "50416730", "content": "孙女早"}, {"uid": "6615803", "content": "老婆我想死你了"}, {"uid": "31479156", "content": "尿了"}, {"uid": "25766039", "content": "水冷！"}, {"uid": "13230573", "content": "这也太大了吧"}, {"uid": "12019087", "content": "ohhhhhhhhhhhhh"}, {"uid": "495776932", "content": "等你好久了"}, {"uid": "97474004", "content": "老婆，我想死你啦"}, {"uid": "194541035", "content": "ohhhhhhhhhhhhhhhhhhhhhhhhhhhhhhhhhhhhhhhhhhhhhhhhh"}, {"uid": "32366005", "content": "好耶！"}, {"uid": "14011517", "content": "叮!"}, {"uid": "40373231", "content": "见证历史"}, {"uid": "475730100", "content": "哈哈"}, {"uid": "932662", "content": "干杯"}, {"uid": "74173597", "content": "awsl"}, {"uid": "3976792", "content": "大"}, {"uid": "13247644", "content": "可爱"}, {"uid": "439936773", "content": "孙女"}, {"uid": "17412869", "content": "来了来了"}, {"uid": "24164671", "content": "太大了"}, {"uid": "85312408", "content": "小柔"}, {"uid": "13770690", "content": "孙女我来啦"}, {"uid": "702466514", "content": "来了来了"}, {"uid": "96782782", "content": "长得像她妈"}, {"uid": "51169208", "content": "卧槽"}, {"uid": "41342004", "content": "孙女"}, {"uid": "170686747", "content": "终于"}, {"uid": "75568306", "content": "见证历史"}, {"uid": "67679768", "content": "这么大？"}, {"uid": "9044879", "content": "老婆！"}, {"uid": "178138224", "content": "孙女！"}, {"uid": "180181442", "content": "见证历史"}, {"uid": "477598374", "content": "她太大了"}, {"uid": "7054902", "content": "孙女来啦"}, {"uid": "86357854", "content": "孙女！"}, {"uid": "9522291", "content": "哇哦！"}, {"uid": "12191112", "content": "OHHHHHHH"}, {"uid": "10751100", "content": "好耶"}, {"uid": "1775630", "content": "见证历史"}, {"uid": "65546952", "content": "泪目"}, {"uid": "501244439", "content": "好大"}, {"uid": "475730100", "content": "好"}, {"uid": "356764722", "content": "孩子我是你爷爷"}, {"uid": "296160176", "content": "好大"}, {"uid": "16966660", "content": "孙女"}, {"uid": "10263203", "content": "大"}, {"uid": "4062798", "content": "大"}, {"uid": "14310897", "content": "见证历史，孙女出生啦"}, {"uid": "22560671", "content": "孙女！！！可算把你盼来了！！！"}, {"uid": "9922186", "content": "老婆"}, {"uid": "22061889", "content": "孙女"}, {"uid": "13338317", "content": "随我"}, {"uid": "97563835", "content": "小柔！"}, {"uid": "631632452", "content": "芜湖"}, {"uid": "9195", "content": "我孙女"}, {"uid": "369902", "content": "好大"}, {"uid": "6615803", "content": "老婆"}, {"uid": "1306753", "content": "来力"}, {"uid": "35045619", "content": "vvvvvv"}, {"uid": "8324592", "content": "芜湖！！"}, {"uid": "4014815", "content": "大"}, {"uid": "423569446", "content": "大"}, {"uid": "243730558", "content": "芜湖 起飞啊啊啊啊  我好兴奋啊"}, {"uid": "11522592", "content": "来啦！"}, {"uid": "39411662", "content": "好看"}, {"uid": "12823747", "content": "可爱"}, {"uid": "19100208", "content": "！！！！！！！"}, {"uid": "277831", "content": "好大啊"}, {"uid": "2102679", "content": "大"}, {"uid": "536851", "content": "小柔！"}, {"uid": "12872787", "content": "孩子，我是你爷爷啊。"}, {"uid": "19161129", "content": "好耶"}, {"uid": "14306421", "content": "？"}, {"uid": "481232899", "content": "好耶"}, {"uid": "33919342", "content": "好大"}, {"uid": "2620244", "content": "哪吒好"}, {"uid": "21703766", "content": "和小希的脸都一样"}, {"uid": "4200646", "content": "孩子~我是你姥爷呀"}, {"uid": "79395920", "content": "好耶"}, {"uid": "230357", "content": "好大"}, {"uid": "272579061", "content": "好大"}, {"uid": "27446932", "content": "啊啊啊啊啊啊"}, {"uid": "950980", "content": "ddd"}, {"uid": "17060383", "content": "好耶"}, {"uid": "7893228", "content": "好耶"}, {"uid": "35278367", "content": "大"}, {"uid": "621371030", "content": "大"}, {"uid": "7224732", "content": "好大"}, {"uid": "4117199", "content": "啊啊啊啊啊"}, {"uid": "14609476", "content": "咋不说话呢，中之人呢"}, {"uid": "362812781", "content": "直觉告诉我小柔的粉丝数就是小希小桃目前活着的粉丝数"}, {"uid": "25372068", "content": "孙女出生了"}, {"uid": "6615803", "content": "好耶"}, {"uid": "8227075", "content": "好"}, {"uid": "335819515", "content": "这就是传说中的水冷吗"}, {"uid": "12019087", "content": "大！"}, {"uid": "225907227", "content": "大"}, {"uid": "39411662", "content": "!!!!!!!!"}, {"uid": "2159134", "content": "这次的核心是什么？AMD?Intel?Kirin？Qualcomm？"}, {"uid": "32871432", "content": "啊我的孙女出生了，我当爷爷了。"}, {"uid": "94635647", "content": "早"}, {"uid": "180191269", "content": "是孙女啊啊啊啊啊啊啊啊啊wsl"}, {"uid": "277642180", "content": "孙女！！！！！！！！！！！！！！！！！！！！"}, {"uid": "11491610", "content": "哦豁-ohhhhhhhhhhh"}]