[{"uid": "160156870", "content": "哇哇哇！破防啦！happy"}, {"uid": "499249541", "content": "好家伙"}, {"uid": "10486858", "content": "什么小作文"}, {"uid": "53757020", "content": "卧槽，✓罕见！"}, {"uid": "41905330", "content": "哈哈哈哈"}, {"uid": "5915411", "content": "太卑微了"}, {"uid": "272639772", "content": " 经 典 永 流 传 "}, {"uid": "30219289", "content": "嘉心糖好走不送"}, {"uid": "3057859", "content": "声情并茂"}, {"uid": "255269139", "content": "草"}, {"uid": "255269139", "content": "本当ni蚌埠住desu"}, {"uid": "4177591", "content": "严重怀疑在闭麦狂笑"}, {"uid": "28464358", "content": "声情并茂"}, {"uid": "23874332", "content": "BGM满分"}, {"uid": "14430997", "content": "一包薯条是吧"}, {"uid": "11338074", "content": "一包薯条嘻嘻还行"}, {"uid": "38954021", "content": "tql"}, {"uid": "5197362", "content": "柔宝，我的柔宝"}, {"uid": "23649100", "content": "麻了麻了"}, {"uid": "48117748", "content": "蚌埠住了"}, {"uid": "866001", "content": "一眼嘉心糖"}, {"uid": "5197362", "content": "我哭了，我装的"}, {"uid": "18688043", "content": "我的天哪"}, {"uid": "96788969", "content": "一包薯条嘻嘻"}, {"uid": "186645063", "content": "蚌埠住了"}, {"uid": "10709920", "content": "柔宝很拼命的在憋笑"}, {"uid": "917094", "content": "\\七尾/\\七尾/\\七尾/"}, {"uid": "12754387", "content": "专业"}, {"uid": "12754387", "content": "软体不稳定"}, {"uid": "12754387", "content": "专业"}, {"uid": "4861566", "content": "哇哦"}, {"uid": "4861566", "content": "好耶"}, {"uid": "2165384", "content": "啊啊啊啊，七尾~~"}, {"uid": "35178996", "content": "绷不住了"}, {"uid": "14458191", "content": "我已经抠出海景别墅了"}, {"uid": "43079682", "content": "软体不稳定↑↑↑"}, {"uid": "473377515", "content": "绷不住了"}, {"uid": "96788969", "content": "好强！"}, {"uid": "14430997", "content": "柔宝你带我走吧"}, {"uid": "176592708", "content": "逆天"}, {"uid": "11774687", "content": "一眼偷"}, {"uid": "151284413", "content": "蚌埠住了"}, {"uid": "12754387", "content": "草开口跪"}, {"uid": "272639772", "content": "草"}, {"uid": "164986426", "content": "哈哈哈哈哈哈哈哈"}, {"uid": "18688043", "content": "蚌埠住了"}, {"uid": "499249541", "content": "泪目"}, {"uid": "41905330", "content": "厉害厉害厉害"}, {"uid": "8700985", "content": "草"}, {"uid": "109003103", "content": "类目"}, {"uid": "7749450", "content": "泪目"}, {"uid": "176592708", "content": "绷不住了"}, {"uid": "7071386", "content": "类目了"}, {"uid": "23874332", "content": "蚌埠住了"}, {"uid": "12137079", "content": "什么是专业啊？"}, {"uid": "23649100", "content": "我坚持下来了"}, {"uid": "6618191", "content": "我笑了，我没装"}, {"uid": "21728239", "content": "蚌埠住了"}, {"uid": "48117748", "content": "秒5草"}, {"uid": "349507967", "content": "蚌埠住了"}, {"uid": "37383751", "content": "哈子卡西"}, {"uid": "5915411", "content": "草"}, {"uid": "3705098", "content": "嘉心糖滚呐"}, {"uid": "28813619", "content": "笑死"}, {"uid": "246214653", "content": "！？？！"}, {"uid": "13787857", "content": "爆笑了"}, {"uid": "23874332", "content": "蚌埠住了"}, {"uid": "186737166", "content": "???"}, {"uid": "35178996", "content": "啊这"}, {"uid": "36541012", "content": "厉害"}, {"uid": "524992", "content": "蚌埠住了"}, {"uid": "14103886", "content": "？？"}, {"uid": "591874", "content": "？？？"}, {"uid": "1577870", "content": "？"}, {"uid": "257913404", "content": "她在狂笑"}]