[{"uid": "20557671", "content": "结果你自己又发了一遍"}, {"uid": "91713026", "content": "是有点像"}, {"uid": "544024095", "content": "呐呐呐呐呐呐呐呐"}, {"uid": "79646219", "content": "老声呐了"}, {"uid": "32267867", "content": "她在狂笑"}, {"uid": "18854278", "content": "这个有凹酱那个味道了"}, {"uid": "18854278", "content": "哈哈哈哈哈哈哈哈"}, {"uid": "11491610", "content": "来了来了"}, {"uid": "273927442", "content": "哈哈哈哈哈哈哈"}, {"uid": "512770", "content": "yamero"}, {"uid": "10455347", "content": "柔某人。。。连口癖都遗传祖母了，你还说你没有纱雕的血"}, {"uid": "43756396", "content": "艾福根都上身了（）"}, {"uid": "28590382", "content": "哈哈哈哈哈哈哈哈哈哈"}, {"uid": "18854278", "content": "乖乖 浓度超标"}, {"uid": "639672", "content": "蚌埠住了"}, {"uid": "108706735", "content": "hhhhhhhhhhhh"}, {"uid": "224327557", "content": "（（（（（呐）））））"}, {"uid": "43315261", "content": "哈哈哈哈哈"}, {"uid": "134127169", "content": "呐呐呐"}, {"uid": "451293489", "content": "呐呐呐"}, {"uid": "32423963", "content": "草"}, {"uid": "12808306", "content": "哈哈哈哈"}, {"uid": "512770", "content": "你再骂？"}, {"uid": "616073998", "content": "毕竟阴间游戏的口号"}, {"uid": "18226", "content": "呐"}, {"uid": "28590382", "content": "草"}, {"uid": "26355378", "content": "你再骂"}, {"uid": "28578742", "content": "爷就好这口"}, {"uid": "6767888", "content": "hhhhh"}, {"uid": "23874332", "content": "呐呐呐呐"}, {"uid": "7094326", "content": "你也玩原神？"}, {"uid": "4494836", "content": "草"}, {"uid": "455228296", "content": "呐呐呐呐呐呐呐呐呐呐呐呐"}, {"uid": "18734729", "content": "柔宝~呐呐呐呐呐呐呐呐呐呐呐呐呐呐"}, {"uid": "251978319", "content": "呐呐呐呐呐呐呐呐呐呐呐呐呐呐呐呐呐呐呐呐呐呐"}]