[{"uid": "314362", "content": "好听"}, {"uid": "39411662", "content": "kksk"}, {"uid": "39411662", "content": "柔宝唱香椎双厨狂喜"}, {"uid": "238095857", "content": "好帅！"}, {"uid": "11332431", "content": "又是柔攻的一天呐"}, {"uid": "66026623", "content": "柔宝好棒"}, {"uid": "510197", "content": "柔宝好帅"}, {"uid": "60166153", "content": "好耶"}, {"uid": "37383751", "content": "好听！"}, {"uid": "544024095", "content": "柔宝柔宝"}, {"uid": "356086788", "content": "好听！！"}, {"uid": "15378755", "content": "双厨狂喜了可以说是"}, {"uid": "382434488", "content": "好耶！！！！！！"}, {"uid": "544024095", "content": "柔宝"}, {"uid": "164986426", "content": "柔宝！"}, {"uid": "39411662", "content": "帅"}, {"uid": "143275225", "content": "好耶"}, {"uid": "143275225", "content": "\\柔宝/\\柔宝/\\柔宝/\\柔宝/\\柔宝/"}, {"uid": "143275225", "content": "\\柔宝/\\柔宝/\\柔宝/\\柔宝/\\柔宝/"}]