[{"uid": "32890227", "content": "散热器"}, {"uid": "516320802", "content": "你之前看过啊"}, {"uid": "486176868", "content": "不好意思 我是个男的 这次东西没感兴趣 "}, {"uid": "345762576", "content": "hso"}, {"uid": "223574323", "content": "散热器狂转"}, {"uid": "544024095", "content": "哇!"}, {"uid": "544024095", "content": "柔宝萌萌哒"}, {"uid": "544024095", "content": "柔宝喜欢嘛？"}, {"uid": "172866131", "content": "小柔卡机了吗哈哈哈哈哈哈哈"}, {"uid": "36753266", "content": "cpu过载"}, {"uid": "520438230", "content": "臭了"}, {"uid": "14458191", "content": "小舞哎"}, {"uid": "14458191", "content": "黑 化 狗 宝"}, {"uid": "14458191", "content": "肌 肉 金 轮 "}, {"uid": "29141466", "content": "虾饺这看着像个外国人"}, {"uid": "150488186", "content": "开始咽口水了"}, {"uid": "150488186", "content": "哈哈哈哈哈哈"}, {"uid": "210399", "content": "有一说一确实帅"}, {"uid": "353746155", "content": "快放下手机吧，都已经近视了"}, {"uid": "32737720", "content": "温度高的肉宝都掉帧了"}, {"uid": "544024095", "content": "抱着柔宝睡觉"}, {"uid": "113406249", "content": "小桃：喊我干啥？"}, {"uid": "107233", "content": "@小桃，你女儿在求救"}, {"uid": "28932308", "content": "真被吓到了"}, {"uid": "210768", "content": "咽口水"}, {"uid": "437420658", "content": "wink了但是没有完全wink"}, {"uid": "108706735", "content": "《肌肉狗宝》"}, {"uid": "616073998", "content": "你之前还看过？"}, {"uid": "43756396", "content": "桃桃：啊这"}, {"uid": "176592708", "content": "还是马老师看着帅"}, {"uid": "862706", "content": "CPU过载啦"}, {"uid": "36180732", "content": "我得白内障了？"}, {"uid": "250320277", "content": "开幕暴击"}, {"uid": "3164819", "content": "我聋了？"}, {"uid": "516320802", "content": "？？？？？？？"}, {"uid": "284942234", "content": "原版毫无感觉……"}, {"uid": "14458191", "content": "啊这!"}, {"uid": "74173597", "content": "？"}, {"uid": "22748505", "content": "？？？"}, {"uid": "501281210", "content": "不能一个人瞎"}, {"uid": "544024095", "content": "哈哈哈哈哈哈哈哈哈哈狗宝好帅！！"}]