[{"uid": "441267766", "content": "最喜欢的一集！！！"}, {"uid": "39411662", "content": "\\小柔/"}, {"uid": "184968136", "content": "战术停顿"}, {"uid": "3675179", "content": "歌单的夜里奔跑好怪啊"}, {"uid": "30935436", "content": "可可爱爱没有嘴巴"}, {"uid": "228435399", "content": "(∗❛ั∀❛ั∗)✧*。"}, {"uid": "33426670", "content": "好！"}, {"uid": "33426670", "content": "好耶"}, {"uid": "18854278", "content": "好耶！！！"}, {"uid": "499052756", "content": "我DNA动了"}, {"uid": "13732358", "content": "\\小柔/"}, {"uid": "88177490", "content": "帕里呀～"}, {"uid": "234465845", "content": "\\柔宝/"}, {"uid": "661565278", "content": "好听"}, {"uid": "32737720", "content": "出现了，AI的量子波动速读"}, {"uid": "18845032", "content": "我要变橙汁了"}, {"uid": "11491610", "content": "来了来了"}, {"uid": "18854278", "content": "好听诶"}, {"uid": "19000048", "content": "芜湖，最喜欢的歌"}, {"uid": "22631864", "content": "好听"}, {"uid": "6767888", "content": "\\柔宝/\\柔宝/\\柔宝/\\柔宝/\\柔宝/\\柔宝/\\柔宝/"}]