[{"uid": "312514", "content": "怎么也是姚明月吧"}, {"uid": "14000388", "content": "杨明远"}, {"uid": "14000388", "content": "杨明远草"}, {"uid": "646675050", "content": "wow 针不戳"}, {"uid": "81457061", "content": "杨明远的笑死了瞬间出戏"}, {"uid": "7963277", "content": "杨明远，让回忆皎洁"}, {"uid": "675843", "content": "一身琉璃白"}, {"uid": "35709164", "content": "三连了"}, {"uid": "429885424", "content": "杨明远～"}, {"uid": "544024095", "content": "杨明远"}, {"uid": "33732420", "content": "???"}, {"uid": "5820136", "content": "好憨ww"}, {"uid": "32423963", "content": "杨明远～"}, {"uid": "178826745", "content": "杨明远～让回忆皎洁"}, {"uid": "9739870", "content": "好听"}, {"uid": "104079465", "content": "杨明远！"}, {"uid": "23271804", "content": "60点赞58播放，这是什么数据？"}]