[{"uid": "1727013115", "content": "强啊"}, {"uid": "12417933", "content": "车车人落泪"}, {"uid": "302642882", "content": "柔宝好棒"}, {"uid": "14373321", "content": "柔宝好强！！！"}, {"uid": "75379", "content": "tql"}, {"uid": "14458191", "content": "好重的极彩色味儿"}, {"uid": "3629189", "content": "听哭了，太好听了"}, {"uid": "356414", "content": "魂音泉狂喜"}, {"uid": "298198802", "content": "好听"}, {"uid": "514610", "content": "堇了，2021年听见魂音泉"}, {"uid": "561780", "content": "进入状态了"}, {"uid": "298525976", "content": "歌词有点烫嘴"}, {"uid": "357639", "content": "越共狂喜"}, {"uid": "7590055", "content": "好好听！！"}, {"uid": "14137707", "content": "至福"}, {"uid": "277330500", "content": "\\柔柔/\\柔柔/\\柔柔/\\柔柔/"}, {"uid": "277330500", "content": "\\柔柔/\\柔柔/\\柔柔/\\柔柔/"}, {"uid": "277330500", "content": "\\柔柔/\\柔柔/\\柔柔/\\柔柔/"}, {"uid": "6767888", "content": "\\柔宝/\\柔宝/\\柔宝/\\柔宝/"}, {"uid": "99667463", "content": "\\柔柔/\\柔柔/\\柔柔/\\柔柔/\\柔柔/\\柔柔/\\柔柔/\\柔柔/"}, {"uid": "14516207", "content": "\\柔柔/\\柔柔/\\柔柔/\\柔柔/\\柔柔/\\柔柔/\\柔柔/\\柔柔/"}, {"uid": "14516207", "content": "\\柔柔/\\柔柔/\\柔柔/\\柔柔/\\柔柔/\\柔柔/\\柔柔/\\柔柔/"}, {"uid": "14516207", "content": "\\柔柔/\\柔柔/\\柔柔/\\柔柔/\\柔柔/\\柔柔/\\柔柔/\\柔柔/\\柔柔/\\柔柔/"}]