[{"uid": "100417298", "content": "人间真实"}, {"uid": "51506", "content": "？？？"}, {"uid": "348277020", "content": "啊这"}, {"uid": "548229235", "content": "少女折寿中"}, {"uid": "35373643", "content": "跟我一样，哈哈哈哈"}, {"uid": "14007884", "content": "托是吧，草"}, {"uid": "57345848", "content": "？？？？"}, {"uid": "178142367", "content": "欧皇肉包"}, {"uid": "4861566", "content": "完蛋惹"}, {"uid": "37168104", "content": "啊？"}, {"uid": "331326", "content": "吃了吗？"}, {"uid": "281043595", "content": "少女折寿中（"}, {"uid": "37168104", "content": "啊?第一发就出？"}, {"uid": "544024095", "content": "爱柔宝"}, {"uid": "544024095", "content": "好耶"}, {"uid": "352962266", "content": "陌生人"}, {"uid": "96788969", "content": "哈哈哈哈哈哈"}, {"uid": "352471648", "content": "我不能接受"}, {"uid": "355211351", "content": "我不能接受！"}, {"uid": "376754389", "content": "哈哈哈哈哈"}, {"uid": "414677030", "content": "粗了吗"}, {"uid": "16564692", "content": "？？？？？？？？？？。？？"}, {"uid": "28879614", "content": "哈哈哈哈哈哈"}, {"uid": "14007884", "content": "？？？？"}, {"uid": "251978319", "content": "什么欧皇？"}, {"uid": "17002873", "content": "播放1？"}, {"uid": "352962266", "content": "大自然"}, {"uid": "376754389", "content": "啊这？？？"}, {"uid": "102668744", "content": "草"}, {"uid": "5819579", "content": "被骗了"}, {"uid": "28879614", "content": "hhhhhhhhh"}, {"uid": "251978319", "content": "？？？？？？？？？？？？？"}, {"uid": "544024095", "content": "柔宝"}, {"uid": "318593689", "content": "离谱"}, {"uid": "480325228", "content": "吸"}, {"uid": "28879614", "content": "wwwwwww"}, {"uid": "134127169", "content": "哈哈哈哈"}, {"uid": "23107722", "content": "哇"}, {"uid": "40688162", "content": "没吃"}, {"uid": "178142367", "content": "草"}, {"uid": "544024095", "content": "好耶"}, {"uid": "14217297", "content": "吸吸吸吸吸吸吸吸吸吸"}, {"uid": "917094", "content": "在同一个池子里两发十连搞定了两个。这可太欧了！"}, {"uid": "436979502", "content": "离谱"}, {"uid": "23999020", "content": "哈哈哈哈哈哈哈哈哈哈哈哈哈哈哈哈哈"}, {"uid": "234684645", "content": "吃了吗？吃了吗？吃了吗？吃了吗？"}]