[{"uid": "277330500", "content": "卡哇伊柔"}, {"uid": "510197", "content": "柔柔"}, {"uid": "31149213", "content": "爱日常 爱小柔"}, {"uid": "544024095", "content": "好可爱"}, {"uid": "544024095", "content": "喜欢"}, {"uid": "544024095", "content": "喜欢柔宝"}, {"uid": "544024095", "content": "喜欢柔宝"}, {"uid": "2035969", "content": "小柔的声线是个唱加帕里park啊"}, {"uid": "30935436", "content": "日常yyds"}, {"uid": "5197362", "content": "可可爱爱"}, {"uid": "65885420", "content": "日常永远的神"}, {"uid": "470691", "content": "好家伙直接干嚎啊"}, {"uid": "7558085", "content": "卡哇伊～"}, {"uid": "19462162", "content": "是柔宝！"}, {"uid": "11677812", "content": "老年人听歌时间"}, {"uid": "27937", "content": "这歌我怀念"}, {"uid": "11491610", "content": "zzzzzzzzzzzzzzzzzzz"}, {"uid": "14748511", "content": "好可爱"}, {"uid": "544024095", "content": "爱柔宝"}, {"uid": "275662368", "content": "柔宝柔宝柔宝！！！"}, {"uid": "2376693", "content": "ZZZZZZZZ"}, {"uid": "3566911", "content": "Zzzzzzzzzz"}, {"uid": "1945047", "content": "zzzzzzzzzzzz"}, {"uid": "2633650", "content": "什么天使"}, {"uid": "544024095", "content": "好耶柔宝"}, {"uid": "277330500", "content": "\\柔柔/\\柔柔/\\柔柔/\\柔柔/"}]