[{"uid": "510197", "content": "好听"}, {"uid": "134127169", "content": "绿色的"}, {"uid": "27216101", "content": "尾音太撩了"}, {"uid": "57039039", "content": "帅~"}, {"uid": "544024095", "content": "绿色？"}, {"uid": "544024095", "content": "萌萌哒"}, {"uid": "544024095", "content": "柔宝好可爱"}, {"uid": "544024095", "content": "好听"}, {"uid": "14042454", "content": "好可爱啊！！！！"}, {"uid": "275662368", "content": "柔宝！柔宝！"}, {"uid": "39411662", "content": "看看上课！"}, {"uid": "10840565", "content": "《突然我注意到 没人看简介》"}, {"uid": "35324762", "content": "啊，绿啦"}, {"uid": "35324762", "content": "这个手真的是人能搞出来了？"}, {"uid": "228435399", "content": "突然有一天我注意到 没有人看简介"}, {"uid": "249115697", "content": "绿了"}, {"uid": "24438190", "content": "我要杀~死丁力那个扑街"}, {"uid": "3885523", "content": "♪⸜(๑ ॑꒳ ॑๑)⸝♪✰"}, {"uid": "499245836", "content": "wc（幻听）"}, {"uid": "82654253", "content": "卧槽"}, {"uid": "251978319", "content": "可爱"}, {"uid": "3885523", "content": "来了来了来了"}, {"uid": "544024095", "content": "柔宝"}, {"uid": "164986426", "content": "柔宝！"}, {"uid": "33406988", "content": "卧槽"}, {"uid": "79646219", "content": "不，还是有的"}, {"uid": "26023645", "content": "直播间难民在此"}, {"uid": "4677339", "content": "等等你谁？"}, {"uid": "544024095", "content": "三连"}, {"uid": "510197", "content": "可爱"}, {"uid": "12891523", "content": "可爱"}, {"uid": "3253744", "content": "woc？"}, {"uid": "14122823", "content": "好耶"}, {"uid": "28626881", "content": "好耶！！！！！！！！！！！！！！！！！！！！！！！！！！！！！！！！！！！！！！！！！"}]