[{"uid": "238095857", "content": "加油！"}, {"uid": "14458191", "content": "柔宝冲鸭"}, {"uid": "5793208", "content": "柔宝加油！！！！"}, {"uid": "37383751", "content": "柔柔，我的宝贝"}, {"uid": "494420665", "content": "亚撒西"}, {"uid": "544024095", "content": "柔宝mua"}, {"uid": "4275239", "content": "翻译：各位DD调研完记得常回家看看（"}, {"uid": "4275239", "content": "柔光灯在照亮小柔耶"}, {"uid": "4275239", "content": "柔光灯在照亮小柔呀"}, {"uid": "165477167", "content": "好耶"}, {"uid": "39411662", "content": "888888"}, {"uid": "39411662", "content": "加油！"}, {"uid": "39411662", "content": "好好听！"}, {"uid": "23874332", "content": "草"}, {"uid": "11691053", "content": "好听可爱"}, {"uid": "18854278", "content": "哦吼"}, {"uid": "7749450", "content": "awsl"}, {"uid": "79561139", "content": "好好听啊啊啊啊啊啊"}, {"uid": "99490144", "content": "柔宝加油"}, {"uid": "7590055", "content": "柔宝柔宝！！"}, {"uid": "4233059", "content": "柔宝永远的女儿！！！"}, {"uid": "2649155", "content": "好听~"}, {"uid": "228435399", "content": "yeah"}, {"uid": "2465353", "content": "好耶~"}, {"uid": "23346132", "content": "柔宝"}, {"uid": "2558433", "content": "鼻子酸酸的"}, {"uid": "164986426", "content": "柔宝！"}, {"uid": "1320571685", "content": "好耶！"}, {"uid": "14373321", "content": "真好听"}, {"uid": "549247", "content": "好耶"}, {"uid": "37383751", "content": "好漂亮啊啊啊啊啊啊"}, {"uid": "11691053", "content": "好听好听"}, {"uid": "33520823", "content": "柔宝"}, {"uid": "544024095", "content": "三连了"}, {"uid": "94233026", "content": "＼柔宝/＼柔宝/＼柔宝/＼柔宝/"}, {"uid": "277330500", "content": "\\柔柔/\\柔柔/\\柔柔/\\柔柔/"}, {"uid": "277330500", "content": "\\柔柔/\\柔柔/\\柔柔/\\柔柔/"}, {"uid": "277330500", "content": "\\柔柔/\\柔柔/\\柔柔/\\柔柔/"}, {"uid": "5197362", "content": "\\柔宝/\\柔宝/\\柔宝/\\柔宝/\\柔宝/"}, {"uid": "1916733", "content": "\\柔宝/\\柔宝/\\柔宝/\\柔宝/\\柔宝/"}, {"uid": "6767888", "content": "\\柔宝/\\柔宝/\\柔宝/\\柔宝/\\柔宝/"}]