[{"uid": "2705066", "content": "农村重金属不来一个？"}, {"uid": "33055317", "content": "究极缝合怪"}, {"uid": "373885729", "content": "缩减版情歌王"}, {"uid": "1540213", "content": "梦回2013"}, {"uid": "1540213", "content": "五色石南叶"}, {"uid": "7749450", "content": "哈哈哈爷青回"}, {"uid": "7687612", "content": "什么终极缝合怪"}, {"uid": "79633460", "content": "听到这里记起来了草"}, {"uid": "2201628", "content": "这个歌出来时候杀玛特都快没了"}, {"uid": "5197362", "content": "柔宝你为什么这么熟练"}, {"uid": "5197362", "content": "哈哈哈哈哈哈哈"}, {"uid": "17759849", "content": "漫长的五分钟"}, {"uid": "17759849", "content": "原来那个时候就已经有金坷垃了"}, {"uid": "43079682", "content": "弔图一堆"}, {"uid": "1466406", "content": "草，爷青回，DNA已经动了"}, {"uid": "22748505", "content": "(*• . •*)?"}, {"uid": "429885424", "content": "草"}, {"uid": "335213936", "content": "噗哈哈哈哈哈，李狗蛋"}, {"uid": "303529", "content": "哈哈哈哈这封面"}, {"uid": "13785250", "content": "我还真不知道杀马特有金坷垃的片段"}, {"uid": "27211110", "content": "绝"}, {"uid": "27211110", "content": "？嵩鼠震怒"}, {"uid": "1598477", "content": "垚"}, {"uid": "344997589", "content": "全程地铁老人手机-_-||"}, {"uid": "43024040", "content": "这词这么强的吗？"}, {"uid": "510197", "content": "调皮的小柔宝太可爱了"}, {"uid": "544024095", "content": "哈哈哈哈哈哈哈哈哈哈"}, {"uid": "544024095", "content": "哇"}, {"uid": "7357194", "content": "草"}, {"uid": "12158364", "content": "好耶"}, {"uid": "544024095", "content": "柔宝！！！柔宝"}, {"uid": "251978319", "content": "草"}, {"uid": "21728239", "content": "草"}, {"uid": "4919126", "content": "哈哈哈哈哈"}, {"uid": "295084125", "content": "？？？"}, {"uid": "15922", "content": "草"}, {"uid": "23999020", "content": "哈哈哈哈哈哈哈哈哈哈哈哈"}, {"uid": "8125233", "content": "233333"}, {"uid": "15648605", "content": "对对对"}, {"uid": "34569256", "content": "弔图一堆"}, {"uid": "251978319", "content": "好活"}, {"uid": "23346132", "content": "草"}, {"uid": "88170018", "content": "哈哈哈"}, {"uid": "1095209802", "content": "有点放不开"}, {"uid": "17949457", "content": "许嵩？"}, {"uid": "32599247", "content": "xiao"}, {"uid": "65982143", "content": "这歌要素好多"}]