[{"uid": "8872050", "content": "哈哈哈哈哈，超级萌的孙女"}, {"uid": "325481879", "content": "店员：活动13号才开始！现在才几号？！"}, {"uid": "139120437", "content": "无损传输"}, {"uid": "298727498", "content": "店员听不懂啊"}, {"uid": "8687067", "content": "浓度过高"}, {"uid": "580558886", "content": "店员:?????说得啥?"}, {"uid": "23366441", "content": "草，已经抠出两室一厅了"}, {"uid": "3981139", "content": "我脚趾扣地板"}, {"uid": "1916733", "content": "红 灯 闪 烁"}, {"uid": "5843406", "content": "服务员：日语听不懂"}, {"uid": "8630003", "content": "我也是加把劲骑士了"}, {"uid": "8630003", "content": "异 世 相 遇  尽 享 美 味"}, {"uid": "1396992", "content": "柔宝这日语不比俩妈标准"}, {"uid": "18845032", "content": "没有劲！根本听不见！"}, {"uid": "18845032", "content": "没有劲儿！根本听不见！"}, {"uid": "14458191", "content": "海景房成了!"}, {"uid": "14458191", "content": "没有劲儿!根本听不到!"}, {"uid": "11076934", "content": "浓度过高"}, {"uid": "39237043", "content": "不行，要中日语混搭才够劲"}, {"uid": "866114", "content": "草，味太冲"}, {"uid": "624652", "content": "草，味儿出来了"}, {"uid": "31804554", "content": "哈哈哈哈哈哈哈，草"}, {"uid": "38954021", "content": "原来孙女也玩原神！"}, {"uid": "24850203", "content": "二次元拉满"}, {"uid": "513449401", "content": "社死警告 哈哈哈"}, {"uid": "349131787", "content": "异 世 相 遇  尽 享 美 味"}, {"uid": "21814443", "content": "脚趾施工中"}, {"uid": "90156063", "content": "全文背诵"}, {"uid": "139120437", "content": "加把劲骑士"}, {"uid": "401099828", "content": "内味太冲了"}, {"uid": "1672502", "content": "草，看不下去了"}, {"uid": "2419860", "content": "不对味儿啊，得普日混合才行"}, {"uid": "14458191", "content": "我别墅成了"}, {"uid": "2761279", "content": "原来你也玩原神"}, {"uid": "24196359", "content": "共感性羞耻。。"}, {"uid": "21162703", "content": "xx 已经社死了"}, {"uid": "94233026", "content": "这味儿……太冲了吧"}, {"uid": "24787866", "content": "味儿太冲了"}, {"uid": "282515064", "content": "柔柔好可爱"}, {"uid": "139120437", "content": "吧唧"}, {"uid": "74433986", "content": "我想说都没得说"}, {"uid": "27636779", "content": "一键三连"}, {"uid": "2309271", "content": "我死了"}, {"uid": "3750491", "content": "浓度太冲了"}, {"uid": "3772969", "content": "这味儿也太冲了吧"}, {"uid": "349131787", "content": "异 世 相 遇  尽 享 美 味"}, {"uid": "48708240", "content": "味太冲了"}, {"uid": "280383681", "content": "用日语说"}, {"uid": "34602586", "content": "霓虹语上手"}, {"uid": "12754387", "content": "哼哼啊啊啊啊啊啊啊"}, {"uid": "19872737", "content": "浓度过高"}, {"uid": "434242368", "content": "来份二次元套餐"}, {"uid": "3997600", "content": "草"}, {"uid": "19073771", "content": "草"}, {"uid": "349131787", "content": "异 世 相 遇  尽 享 美 味"}, {"uid": "174783662", "content": "味太冲"}, {"uid": "31005627", "content": "你很二次元"}, {"uid": "66026623", "content": "哈哈哈哈"}, {"uid": "3185214", "content": "味儿太冲了"}, {"uid": "11076934", "content": "给我说日语啊kora！！！！"}, {"uid": "71114815", "content": "草"}, {"uid": "43427634", "content": "有内味了"}, {"uid": "107280372", "content": "要哇要哇"}, {"uid": "8104071", "content": "草"}, {"uid": "28587221", "content": "草"}, {"uid": "29068105", "content": "柜台表示听不懂"}, {"uid": "300175", "content": "脚趾抠爆"}, {"uid": "4174241", "content": "哈哈哈哈"}, {"uid": "849073", "content": "原来你也玩原神"}, {"uid": "48708240", "content": "哎呀"}, {"uid": "35008302", "content": "草"}, {"uid": "349131787", "content": "原来你也是二次元？"}, {"uid": "24350970", "content": "原来你也玩原神"}, {"uid": "593664170", "content": "awsl"}, {"uid": "3928408", "content": "草"}, {"uid": "14122823", "content": "？？？！！！"}, {"uid": "338364", "content": "味太冲了"}, {"uid": "14458191", "content": "小柔加油"}, {"uid": "702466514", "content": "好羞耻啊"}, {"uid": "3914693", "content": "一库！"}, {"uid": "28587221", "content": "味儿太冲了！"}, {"uid": "2786060", "content": "？？？"}, {"uid": "6071825", "content": "？"}, {"uid": "6002228", "content": "听不见  根本听不见 这么小声还想要徽章？"}, {"uid": "236973", "content": "草"}, {"uid": "6094084", "content": "怎么能没有中文"}, {"uid": "3974850", "content": "盖亚！"}, {"uid": "1733258", "content": "味太冲（"}, {"uid": "404245092", "content": "草"}, {"uid": "18023022", "content": "危"}, {"uid": "24412766", "content": "？？？？？"}, {"uid": "108706735", "content": "hhhhhh"}, {"uid": "5420789", "content": "没有劲！"}, {"uid": "12019087", "content": "草"}, {"uid": "250935443", "content": "."}, {"uid": "57844144", "content": "猴戏？"}, {"uid": "1821119", "content": "日本语，听不懂~"}, {"uid": "4714753", "content": "草"}, {"uid": "4494836", "content": "草"}, {"uid": "7821", "content": "你也玩原神？"}, {"uid": "19872737", "content": "草"}, {"uid": "19174257", "content": "太冲了"}, {"uid": "364287688", "content": "一进来就看到我家憨憨柔宝"}, {"uid": "355820289", "content": "尬起来了"}, {"uid": "459476", "content": "草"}, {"uid": "442541", "content": "233"}, {"uid": "21143310", "content": "草"}, {"uid": "2715627", "content": "666"}, {"uid": "283788228", "content": "草"}, {"uid": "694203", "content": "草"}, {"uid": "35045619", "content": "草"}, {"uid": "426920312", "content": "草"}, {"uid": "364287688", "content": "异世相遇，尽享美味！"}, {"uid": "2556736", "content": "草"}]