[{"uid": "442783817", "content": "卢本伟中之人说"}, {"uid": "82658096", "content": "柔宝360的话，266属于黑屏直播了"}, {"uid": "13787857", "content": "1000以下"}, {"uid": "14458191", "content": "柔哥快点啦!"}, {"uid": "2388725", "content": "啊？单挑？"}, {"uid": "279021511", "content": "学不来哈哈哈哈哈哈哈哈哈"}, {"uid": "11850947", "content": "买个最便宜的"}, {"uid": "17260764", "content": "买把红棉凑合用就行，不缺钱就没事了xxx"}, {"uid": "13785250", "content": "大柔转转转"}, {"uid": "476498836", "content": "我单推之王"}, {"uid": "12808306", "content": "我就知道"}, {"uid": "13885", "content": "卢老爷"}, {"uid": "325347", "content": "有点难听草"}, {"uid": "1990255", "content": "yyut("}, {"uid": "401099828", "content": "众所周知字幕组都是anti"}, {"uid": "160936320", "content": "你别说唢呐还有老师，比如混元"}, {"uid": "33266744", "content": "马丁倾家荡产了"}, {"uid": "13785250", "content": "福根老师夺得学福根老师笑声第二名"}, {"uid": "87479567", "content": "哈哈钢铁直女"}, {"uid": "87479567", "content": "啊这"}, {"uid": "22177665", "content": "柔哥我还要~"}, {"uid": "43756396", "content": "然后柔柔你就开始学坏了T . T"}, {"uid": "43756396", "content": "悍匪觉得很淦"}, {"uid": "43756396", "content": "柔柔老直男了（滑稽）"}, {"uid": "5374981", "content": "1000左右吧 电的得再往上一点"}, {"uid": "4275239", "content": "电音蝌蚪和电吉他除了电字毫无关联啊（"}, {"uid": "495776932", "content": "你姥姥的拖拉机笑，妈麻德鹅鹅鹅鹅和艾老师的魔鬼笑声真是…"}, {"uid": "34102401", "content": "说话卡点了还行"}, {"uid": "3253744", "content": "登dua郎"}, {"uid": "29068105", "content": "欸嘿得难打哟"}, {"uid": "27823405", "content": "给你康点好康的"}, {"uid": "344997589", "content": "拿买吉他的钱去买一个尤克里里和一个卡祖笛（）"}, {"uid": "200405150", "content": "这进度条"}, {"uid": "4494836", "content": "来！"}, {"uid": "10473700", "content": "柔哥不要啦"}, {"uid": "476498836", "content": "电音100"}, {"uid": "87479567", "content": "啊太清楚了"}, {"uid": "2376693", "content": "呆唯退款（完了叫什么了）"}, {"uid": "34569256", "content": "柔哥不要啦"}, {"uid": "38036570", "content": "肯定呆唯同款啊doge"}, {"uid": "14458191", "content": "接地对空导弹"}, {"uid": "14458191", "content": "学吉他买了个琵琶……"}, {"uid": "601070", "content": "yamaha"}, {"uid": "410049631", "content": "柔宝可爱"}, {"uid": "200405150", "content": "进度条不对"}, {"uid": "80737170", "content": "越高越好"}, {"uid": "14458191", "content": "柔哥快点啦!"}, {"uid": "401099828", "content": "我曾经有份工作"}, {"uid": "234702", "content": "500块的就行"}, {"uid": "23874332", "content": "草"}, {"uid": "18854278", "content": "请把舌头捋直了说话2333333"}, {"uid": "14218356", "content": "柔哥不要啦"}, {"uid": "32879402", "content": "300以上"}, {"uid": "84671972", "content": "360p流畅"}, {"uid": "67117939", "content": "那就和悍匪贴贴"}, {"uid": "5769582", "content": "@接宝"}, {"uid": "30173340", "content": "马丁D200"}, {"uid": "455579590", "content": "200"}, {"uid": "14458191", "content": "小希小桃的笑还是很好听的"}, {"uid": "12808306", "content": "黑白"}, {"uid": "12808306", "content": "？？？"}, {"uid": "341600506", "content": "240p"}, {"uid": "2965539", "content": "自制"}, {"uid": "4275239", "content": "不是，前後有因果關係的嗎？？？"}, {"uid": "3997600", "content": "草"}, {"uid": "223574323", "content": "呵呵呵"}, {"uid": "10473700", "content": "草"}, {"uid": "509005961", "content": "刚刚"}, {"uid": "509005961", "content": "热乎"}, {"uid": "39411662", "content": "草"}, {"uid": "396927084", "content": "600"}, {"uid": "82627224", "content": "@混元"}, {"uid": "31714116", "content": "草"}, {"uid": "23874332", "content": "草"}, {"uid": "9386440", "content": "暗示"}, {"uid": "1510860", "content": "草"}, {"uid": "7783083", "content": "草草草"}, {"uid": "30225015", "content": "200"}, {"uid": "122368177", "content": "草"}, {"uid": "39841385", "content": "800"}, {"uid": "11931303", "content": "藏比"}, {"uid": "19073771", "content": "草"}, {"uid": "281164501", "content": "500"}, {"uid": "81007971", "content": "2600"}, {"uid": "22642237", "content": "@艾因"}, {"uid": "306797", "content": "草"}, {"uid": "5184518", "content": "720p 1080"}, {"uid": "305577636", "content": "哈哈哈，还好"}, {"uid": "4714753", "content": "（买便宜的，丢了不心疼"}, {"uid": "363183076", "content": "呆唯同款是Gibson lespaul50s番茄炒蛋的，好几万"}]