[{"uid": "9958329", "content": "超美丽3D 不穿模的那种哦"}, {"uid": "5699928", "content": "雾子眼里只有男人"}, {"uid": "190911079", "content": "我就说怎么这么眼熟，原来是已经看过了"}, {"uid": "2486997", "content": "hhhhhhhhhhhhhh"}, {"uid": "2486997", "content": "草"}, {"uid": "2486997", "content": "wwwww"}, {"uid": "154328", "content": "哈哈哈哈哈哈哈哈哈哈哈哈"}, {"uid": "24254572", "content": "灵魂画师"}, {"uid": "92064996", "content": "好可爱的总结hhh，和小孩子一样"}, {"uid": "179162519", "content": "prprpr"}, {"uid": "6992479", "content": "再 放 送"}, {"uid": "160887269", "content": "少儿频道"}, {"uid": "160887269", "content": "哈哈哈哈 狗遛葵"}, {"uid": "160887269", "content": "跑得真够快啊"}, {"uid": "160887269", "content": "是真人！"}, {"uid": "3885523", "content": "来了来了来了"}, {"uid": "49581070", "content": "哈哈哈哈"}, {"uid": "4901449", "content": "草"}, {"uid": "3674812", "content": "？？？"}, {"uid": "3674812", "content": "谁带谁？"}, {"uid": "43552853", "content": "wwwww"}, {"uid": "160887269", "content": "来了来了"}, {"uid": "1706981", "content": "哈哈哈哈好可爱"}, {"uid": "17436126", "content": "来了"}, {"uid": "2486997", "content": "来了"}]