[{"uid": "179162519", "content": "可爱"}, {"uid": "179162519", "content": "可爱可爱≧∇≦"}, {"uid": "179162519", "content": "太可爱了！！"}, {"uid": "179162519", "content": "可爱可爱"}, {"uid": "160887269", "content": "爱多爱多 卡哇伊"}, {"uid": "160887269", "content": "爱多葵"}, {"uid": "160887269", "content": "果然爱喝乳酸菌 上个视频就把工作细胞个代替了"}, {"uid": "160887269", "content": "love and peace 葵"}, {"uid": "160887269", "content": "爱多爱多"}, {"uid": "17771572", "content": "阿葵阿葵！"}, {"uid": "179162519", "content": "哈哈哈哈"}, {"uid": "243055", "content": "碎碎念su ki"}, {"uid": "2486997", "content": "可爱"}, {"uid": "160887269", "content": "爱多"}, {"uid": "160887269", "content": "啊啊啊 阔爱！"}, {"uid": "346291187", "content": "沙发"}]