[{"uid": "97793668", "content": "十分感动"}, {"uid": "160887269", "content": "再来亿遍"}, {"uid": "32911390", "content": "再来一遍"}, {"uid": "43552853", "content": "词写的也很合适"}, {"uid": "36113714", "content": "kksk"}, {"uid": "2359368", "content": "pv太美啦"}, {"uid": "179784", "content": "太棒了"}, {"uid": "442250487", "content": "好强"}, {"uid": "9536", "content": "这钢琴编得太好听了"}, {"uid": "285068063", "content": "卡哇伊！！！！！"}, {"uid": "285068063", "content": "深海少女的感觉"}, {"uid": "285068063", "content": "厉害。。。"}, {"uid": "11716758", "content": "好听"}, {"uid": "604944100", "content": "好美！"}, {"uid": "2595249", "content": "awsl"}, {"uid": "160887269", "content": "这套有手办么"}, {"uid": "160887269", "content": "再来亿遍"}, {"uid": "24106413", "content": "哇"}, {"uid": "24106413", "content": "哇"}, {"uid": "24106413", "content": "这转场！！！"}, {"uid": "2486997", "content": "mizusi！"}, {"uid": "2486997", "content": "kksk"}, {"uid": "358351", "content": "猫耳是本体"}, {"uid": "399229028", "content": "kksk"}, {"uid": "39850531", "content": "不愧是se，建模真牛逼，歌也很好听"}, {"uid": "29557450", "content": "oh，我的上帝看这美妙的脸部 很难不gachi"}, {"uid": "10605607", "content": "awsl"}, {"uid": "10605607", "content": "天使！"}, {"uid": "22173149", "content": "意境不错"}, {"uid": "259236", "content": "这距离，gachi惹"}, {"uid": "11329290", "content": "8888888"}, {"uid": "160887269", "content": "谢谢阿葵"}, {"uid": "160887269", "content": "纯净美腻！！"}, {"uid": "160887269", "content": "awsl"}, {"uid": "160887269", "content": "别看着我唱啊啊啊啊"}, {"uid": "160887269", "content": "这转的好帅"}, {"uid": "3885523", "content": "♪⸜(๑ ॑꒳ ॑๑)⸝♪✰"}, {"uid": "11602973", "content": "好听呜呜呜呜呜"}, {"uid": "43884216", "content": "来了"}, {"uid": "562820", "content": "~\\(≧▽≦)/~"}, {"uid": "562820", "content": "帅"}, {"uid": "3885523", "content": "来了来了来了"}, {"uid": "399229028", "content": "kksk"}, {"uid": "1509735626", "content": "来哈"}, {"uid": "2569323", "content": "宝石社建模是真精细"}, {"uid": "2569323", "content": "真不错"}, {"uid": "160887269", "content": "来了来了"}, {"uid": "562820", "content": "Nice"}, {"uid": "4677339", "content": "这建模，这渲染，我哭了"}, {"uid": "160887269", "content": "kksk"}, {"uid": "307315372", "content": "来看啊葵"}, {"uid": "99496813", "content": "白嫖失败"}, {"uid": "2486997", "content": "来了！"}, {"uid": "6991977", "content": "超级富有"}, {"uid": "160887269", "content": "这个晃脑袋 直接晃到我升天"}, {"uid": "5528550", "content": "技术是真强"}, {"uid": "3885523", "content": "来了来了来了"}, {"uid": "562820", "content": "开口跪"}, {"uid": "514610", "content": "拿根树枝当话筒"}, {"uid": "9536", "content": "神曲"}, {"uid": "11461", "content": "se的cg水平就是品质的保证"}, {"uid": "319616", "content": "素敵"}, {"uid": "2063876", "content": "舒服"}, {"uid": "439948878", "content": "树枝？"}]