[{"uid": "346070743", "content": "幼儿园前+七八年"}, {"uid": "1509735626", "content": "以为是可以摘掉的发卡...."}, {"uid": "11552078", "content": "幼儿园+78年，初中不是小学生"}, {"uid": "346070743", "content": "笑声魔性"}, {"uid": "3592159", "content": "什么？？！"}, {"uid": "5080411", "content": "草"}, {"uid": "160887269", "content": "平时没少喝乳酸菌 doge"}, {"uid": "160887269", "content": "诈骗警告哈哈"}, {"uid": "160887269", "content": "希望直播啊"}, {"uid": "160887269", "content": "乳酸菌可还行哈哈哈"}, {"uid": "160887269", "content": "现在这样就很好看吧"}, {"uid": "160887269", "content": "电饭煲都没有么T﹏T"}, {"uid": "160887269", "content": "哈哈哈哈哈哈"}, {"uid": "160887269", "content": "剪掉耳朵警告"}, {"uid": "160887269", "content": "对啊 也该直播了吧"}, {"uid": "160887269", "content": "老键盘手了！"}, {"uid": "160887269", "content": "呱唧呱唧太可爱了"}, {"uid": "6085179", "content": "她会在b站直播吗"}, {"uid": "2486997", "content": "8888"}, {"uid": "1930543", "content": "太真实了，大横按"}, {"uid": "179162519", "content": "好可爱哈哈哈哈"}, {"uid": "179162519", "content": "可爱可爱≧∇≦"}, {"uid": "15468526", "content": "哈哈哈哈"}, {"uid": "15468526", "content": "小学生"}, {"uid": "15468526", "content": "不懂"}, {"uid": "4458870", "content": "？？？幼儿园+7,8年？"}, {"uid": "11491610", "content": "来了来了"}, {"uid": "13654051", "content": "红细胞：挺突然的，不知道咋的就变成乳酸菌了"}, {"uid": "13654051", "content": "草"}, {"uid": "32974265", "content": "天气卡组（）"}, {"uid": "32974265", "content": "一直在笑啊wwww"}, {"uid": "160887269", "content": "水瓜葵"}, {"uid": "2486997", "content": "来了"}, {"uid": "179162519", "content": "太可爱了！！！"}, {"uid": "379295741", "content": "那为什么会被雾子带着跑"}, {"uid": "131786", "content": "不是耳朵是睡乱的头发"}, {"uid": "160887269", "content": "幼儿园开始弹弹了7、8年就是大人了？哈哈哈"}, {"uid": "160887269", "content": "草"}, {"uid": "160887269", "content": "初丁"}, {"uid": "24254572", "content": "大 横 按"}, {"uid": "26495119", "content": "草"}, {"uid": "160887269", "content": "晚上好"}, {"uid": "15468526", "content": "www"}, {"uid": "341048421", "content": "え？"}, {"uid": "43552853", "content": "wwwwwww"}]