[{"uid": "35419878", "content": "草"}, {"uid": "285068063", "content": "哈哈哈哈哈哈哈哈。。。怼进去"}, {"uid": "27685935", "content": "！！！"}, {"uid": "2486997", "content": "草"}, {"uid": "160887269", "content": "怼进去可还行 有画面感了！"}, {"uid": "160887269", "content": "在这抢答么"}, {"uid": "160887269", "content": "你的黑历史是啥"}, {"uid": "160887269", "content": "哈哈哈哈"}, {"uid": "160887269", "content": "水科葵椅子烫屁股 东哥"}, {"uid": "160887269", "content": "可可爱爱"}, {"uid": "160887269", "content": "爱多 爱多 爱多 rap么哈哈哈"}, {"uid": "179162519", "content": "太可爱了！！"}, {"uid": "179162519", "content": "哈哈哈哈哈哈哈哈"}, {"uid": "179162519", "content": "哈哈哈哈"}, {"uid": "179162519", "content": "好可爱哈哈哈哈"}, {"uid": "179162519", "content": "太可爱了哈哈哈哈"}, {"uid": "5080411", "content": "豆沙ww"}, {"uid": "23070351", "content": "卡哇伊ฅฅ*"}, {"uid": "2486997", "content": "可爱"}, {"uid": "179162519", "content": "可爱可爱"}, {"uid": "179162519", "content": "可爱可爱≧∇≦"}, {"uid": "164125", "content": "kksk"}, {"uid": "14527097", "content": "诶多诶多"}, {"uid": "160887269", "content": "卡点！"}, {"uid": "2486997", "content": "来了"}]