[{"uid": "124628", "content": "因为重 ？狗头"}, {"uid": "2486997", "content": "草"}, {"uid": "35419878", "content": "算 磁石项链 酸"}, {"uid": "35419878", "content": "草"}, {"uid": "160887269", "content": "哈哈 好憨"}, {"uid": "160887269", "content": "葵婆！"}, {"uid": "1509735626", "content": "有魔法的项链吗  哈"}, {"uid": "41914065", "content": "好！"}, {"uid": "7798364", "content": "我是磁石项链"}, {"uid": "179162519", "content": "可爱可爱"}, {"uid": "1509735626", "content": "www"}]