[{"uid": "2486997", "content": "来了！"}, {"uid": "179162519", "content": "太可爱了哈哈哈哈"}, {"uid": "404725890", "content": "哈哈哈，可爱"}, {"uid": "160887269", "content": "好憨哈哈哈"}, {"uid": "160887269", "content": "一脸开心"}, {"uid": "36102778", "content": "草"}, {"uid": "390951", "content": "w"}, {"uid": "4039593", "content": "乌 鸦 坐 飞 机"}, {"uid": "4039593", "content": "乌鸦坐飞机！！！"}, {"uid": "20807149", "content": "这是造句不是作文"}, {"uid": "14256809", "content": "乌鸦坐飞机！！！"}, {"uid": "160887269", "content": "突然烫嘴"}, {"uid": "160887269", "content": "来啦阿葵"}, {"uid": "20823543", "content": "哈哈哈哈"}, {"uid": "2486997", "content": "草"}, {"uid": "179162519", "content": "好可爱"}, {"uid": "160887269", "content": "仙鹤亮翅！？"}, {"uid": "179162519", "content": "可爱可爱！！！"}, {"uid": "367187", "content": "来了"}, {"uid": "4901449", "content": "这都啥wwww"}, {"uid": "390951", "content": "?"}, {"uid": "699336933", "content": "23333333"}]