[{"uid": "13654051", "content": "想听阿葵唱歌"}, {"uid": "31272764", "content": "确实会有"}, {"uid": "292658513", "content": "呐～"}, {"uid": "11159746", "content": "seyana"}, {"uid": "2462637", "content": "草"}, {"uid": "6482223", "content": "面部就没一块切开的肌肉吗"}, {"uid": "285068063", "content": "声音好可爱！！"}, {"uid": "9205980", "content": "嗷！"}, {"uid": "160887269", "content": "恭喜粉丝破万！"}, {"uid": "11386983", "content": "U咩"}, {"uid": "11386983", "content": "卧槽我死了，大家有什么头猪吗"}, {"uid": "2990694", "content": "吃豆沙可爱"}, {"uid": "3501990", "content": "憨憨可爱"}, {"uid": "3501990", "content": "阿葵好可爱~"}, {"uid": "40522124", "content": "这么朴素的梦想啊"}, {"uid": "218690", "content": "可爱死了"}, {"uid": "29557450", "content": "成为歌手就vtuber毕业了罢 悲"}, {"uid": "657005", "content": "一直在听的哦"}, {"uid": "11343146", "content": "很多豆沙啊哈哈"}, {"uid": "2990694", "content": "可爱！！"}, {"uid": "29557450", "content": "这个喵也太可爱了，我再好不能"}, {"uid": "2117185", "content": "变成豆沙的形状了"}, {"uid": "2990694", "content": "会一直听的哦！"}, {"uid": "25779359", "content": "阿葵真可爱"}, {"uid": "4901449", "content": "喵～"}, {"uid": "14832203", "content": "awsla"}, {"uid": "435664281", "content": "一直会听的"}, {"uid": "179162519", "content": "可爱可爱！！！"}, {"uid": "160887269", "content": "已经是了哦！"}, {"uid": "2990694", "content": "噢！"}, {"uid": "2990694", "content": "加油！！"}, {"uid": "81249233", "content": "呐～"}, {"uid": "4912018", "content": "太可爱了"}, {"uid": "7510341", "content": "俺也喜欢"}, {"uid": "30619896", "content": "呐"}, {"uid": "33873049", "content": "和我在一起，每天都吃豆沙"}, {"uid": "97224893", "content": "或者试试自己写歌？"}, {"uid": "2486997", "content": "hhhhhhh"}, {"uid": "801086", "content": "喵"}, {"uid": "160887269", "content": "摩多摩多"}, {"uid": "24254572", "content": "草"}, {"uid": "7510341", "content": "加油！"}, {"uid": "657005", "content": "喵"}, {"uid": "2486997", "content": "加油"}, {"uid": "2486997", "content": "喵"}, {"uid": "7084817", "content": "一定"}, {"uid": "2102686", "content": "好耶"}, {"uid": "399229028", "content": "一定会实现哦"}, {"uid": "367187", "content": "可爱"}, {"uid": "5181978", "content": "喵"}, {"uid": "23168606", "content": "支持！"}, {"uid": "29557450", "content": "hso"}, {"uid": "7510341", "content": "喵"}, {"uid": "2102686", "content": "wwww"}, {"uid": "1499826", "content": "瞄"}, {"uid": "7108693", "content": "可爱"}, {"uid": "292658513", "content": "呐～"}]