[{"uid": "277979070", "content": "哈哈哈"}, {"uid": "277979070", "content": "哈哈哈哈"}, {"uid": "277979070", "content": "哈哈哈"}, {"uid": "1509735626", "content": "233 哈哈哈"}, {"uid": "3245960", "content": "我的朋友"}, {"uid": "2486997", "content": "可爱"}, {"uid": "2486997", "content": "hhhhhhhhh"}, {"uid": "2486997", "content": "无中生友"}, {"uid": "2486997", "content": "hhhhh"}, {"uid": "160887269", "content": "这女人好平！"}, {"uid": "160887269", "content": "菩萨宁"}, {"uid": "160887269", "content": "wwww"}, {"uid": "160887269", "content": "哈哈哈哈哈"}, {"uid": "160887269", "content": "我摊牌了 不装了 我水瓜葵就是没胸！只有胸肌！"}, {"uid": "160887269", "content": "收买成功"}, {"uid": "160887269", "content": "使劲揉 悄悄告诉你"}, {"uid": "160887269", "content": "付给你"}, {"uid": "160887269", "content": "水科葵没有胸啊！！！"}, {"uid": "160887269", "content": "wwwww"}, {"uid": "160887269", "content": "哈哈哈哈 你再大声点骂！"}, {"uid": "160887269", "content": "谁要你多管闲事啊哈哈哈"}, {"uid": "160887269", "content": "这帽子到底是个啥"}, {"uid": "1365581", "content": "肯定是骗人点，让我康康"}, {"uid": "1365581", "content": "哈哈哈哈"}, {"uid": "1509735626", "content": "哈哈哈 阿葵和宁宁哈哈哈"}, {"uid": "179162519", "content": "可爱可爱≧∇≦"}, {"uid": "4426657", "content": "我好喜欢这只呀"}, {"uid": "4901449", "content": "嗓子不太好呐～得去医院看看呐wwwww"}, {"uid": "4901449", "content": "wwwwww"}, {"uid": "43552853", "content": "wwwww"}, {"uid": "43552853", "content": "原來剛在擠OO"}, {"uid": "15468526", "content": "哈哈哈哈"}, {"uid": "15468526", "content": "可爱"}, {"uid": "15468526", "content": "骗人，给我看看"}, {"uid": "15468526", "content": "那真是困扰呢"}, {"uid": "15468526", "content": "www"}, {"uid": "15468526", "content": "没有"}, {"uid": "1325729", "content": "草"}, {"uid": "21246672", "content": "草"}, {"uid": "10002754", "content": "HAHA"}, {"uid": "16662676", "content": "草"}, {"uid": "2486997", "content": "hhhhhhhhhhhhhh"}, {"uid": "11491610", "content": "草"}, {"uid": "18910223", "content": "额头酱gkd"}, {"uid": "2486997", "content": "草"}, {"uid": "160887269", "content": "便秘了？"}, {"uid": "1509735626", "content": "哈哈哈 阿葵"}, {"uid": "78695774", "content": "憋笑"}, {"uid": "43552853", "content": "Wwwwwwwwww"}, {"uid": "240061", "content": "草"}, {"uid": "15468526", "content": "没救了，放弃吧"}, {"uid": "2883786", "content": "你好"}, {"uid": "4182253", "content": "23333"}, {"uid": "18910223", "content": "hhhhhhh"}, {"uid": "160887269", "content": "可爱宁！"}, {"uid": "21246672", "content": "可是nnn你好像也没有胸"}, {"uid": "18910223", "content": "笑死"}]