[{"uid": "11461911", "content": "トマト　トマト　トマト就可以循环了"}, {"uid": "160887269", "content": "正片开始"}, {"uid": "160887269", "content": "最喜欢这两只"}, {"uid": "92064996", "content": "阿葵说我可爱！"}, {"uid": "13654051", "content": "就这？"}, {"uid": "151519589", "content": "教学日语单词"}, {"uid": "160887269", "content": "可可爱爱 牵手回家"}, {"uid": "160887269", "content": "太好玩了 这样的东西多来点"}, {"uid": "160887269", "content": "可可爱爱"}, {"uid": "2486997", "content": "草"}, {"uid": "2486997", "content": "震惊mizusi.ver"}, {"uid": "2486997", "content": "hhhhhhhhhhh"}, {"uid": "2486997", "content": "这动作！"}, {"uid": "2486997", "content": "草，用可爱的语气说出来那就是可爱的"}, {"uid": "1522907", "content": "kimi？"}, {"uid": "1522907", "content": "wwwwww"}, {"uid": "495535", "content": "一上来就咬舌www"}, {"uid": "15468526", "content": "888888"}, {"uid": "15468526", "content": "混了再说"}, {"uid": "15468526", "content": "www"}, {"uid": "15468526", "content": "发配京都"}, {"uid": "160887269", "content": "啊啊啊 好想摸摸这两只啊"}, {"uid": "160887269", "content": "被这两把头笑掉"}, {"uid": "160887269", "content": "两只傻傻的 kkk"}, {"uid": "160887269", "content": "宁宁 戴斯gi"}, {"uid": "160887269", "content": "kimi 可还行"}, {"uid": "160887269", "content": "奇怪的事情要开始了"}, {"uid": "341048421", "content": "哈哈哈哈"}, {"uid": "4901449", "content": "哈哈哈哈哈哈"}, {"uid": "4182253", "content": "越来越离谱233"}, {"uid": "4182253", "content": "新闻纸草"}, {"uid": "1205886701", "content": "水科葵太可爱了！"}, {"uid": "179162519", "content": "可爱可爱"}, {"uid": "160887269", "content": "来了来了"}, {"uid": "2486997", "content": "可爱hhhhhhhhhhhhhh"}]