[{"uid": "5007615", "content": "怠惰？？"}, {"uid": "160887269", "content": "哈哈哈"}, {"uid": "160887269", "content": "《就是装可爱》"}, {"uid": "160887269", "content": "这大眼珠是瞪了多久哈哈哈"}, {"uid": "160887269", "content": "截图保存"}, {"uid": "630346268", "content": "神仙饮料"}, {"uid": "179162519", "content": "太可爱了哈哈哈哈"}, {"uid": "43552853", "content": "居然還有表情    可愛"}, {"uid": "27265075", "content": "是我最爱的水科"}, {"uid": "179162519", "content": "可爱可爱"}, {"uid": "179162519", "content": "好可爱！！"}, {"uid": "179162519", "content": "哈哈哈哈"}, {"uid": "2486997", "content": "来了"}, {"uid": "179162519", "content": "憨憨的"}]