[{"uid": "27265075", "content": "哈哈哈哈"}, {"uid": "686247030", "content": "正常操作是沿边划2道口子倒完水再把口子拉开"}, {"uid": "2338428", "content": "kksk"}, {"uid": "1946908", "content": "不不不这在别人身上可不常见啊"}, {"uid": "401016313", "content": "食物全部进下水道了…"}, {"uid": "179162519", "content": "可爱可爱"}, {"uid": "179162519", "content": "可爱可爱！！！"}, {"uid": "179162519", "content": "≧∇≦"}, {"uid": "179162519", "content": "可爱可爱"}, {"uid": "179162519", "content": "好可爱啊"}, {"uid": "24393", "content": "刚刚的表情好可爱"}, {"uid": "11329290", "content": "哈哈哈"}, {"uid": "1751459", "content": "流泪猫猫头"}, {"uid": "317968", "content": "草"}, {"uid": "160887269", "content": "哈哈哈哈哈 忙活半天嘴边的肉飞了"}, {"uid": "160887269", "content": "吃了个寂寞"}, {"uid": "160887269", "content": "哦豁"}, {"uid": "160887269", "content": "她真好看"}, {"uid": "40522124", "content": "草"}, {"uid": "4426657", "content": "好可爱hhh"}, {"uid": "285068063", "content": "心疼豆腐。。。。"}, {"uid": "160887269", "content": "来了来了 阿葵"}, {"uid": "4901449", "content": "哈哈哈哈哈哈哈"}, {"uid": "7749450", "content": "哈哈哈"}, {"uid": "399229028", "content": "草"}, {"uid": "2486997", "content": "草"}, {"uid": "179162519", "content": "可爱可爱"}, {"uid": "240061", "content": "草"}, {"uid": "7141232", "content": "w"}, {"uid": "2486997", "content": "来了"}, {"uid": "13173493", "content": "w"}, {"uid": "9558468", "content": "草"}]