[{"uid": "285068063", "content": "美甲卡哇伊！！"}, {"uid": "9958329", "content": "手指长度。葵小姐不矮应该"}, {"uid": "4426657", "content": "加油！预祝一切大成功！"}, {"uid": "4426657", "content": "狗狗和阿葵都好可爱"}, {"uid": "4426657", "content": "是真实经历啊..."}, {"uid": "2486997", "content": "wwww"}, {"uid": "2486997", "content": "嚯嚯"}, {"uid": "27232737", "content": "羡慕狗子"}, {"uid": "7025187", "content": "加油"}, {"uid": "15468526", "content": "加油"}, {"uid": "15468526", "content": "可爱"}, {"uid": "179162519", "content": "超美丽3D"}, {"uid": "3885523", "content": "来了来了来了"}, {"uid": "29312503", "content": "手好看，结婚"}, {"uid": "1706981", "content": "我会听你唱歌的！！！"}, {"uid": "160887269", "content": "一起围观你"}, {"uid": "160887269", "content": "没抢到第一！"}, {"uid": "11491610", "content": "来了来了"}, {"uid": "3885523", "content": "Ｏ(≧▽≦)Ｏ "}, {"uid": "4426657", "content": "好可爱"}, {"uid": "179162519", "content": "wow"}, {"uid": "17436126", "content": "热乎"}, {"uid": "15468526", "content": "狗子"}, {"uid": "3163492", "content": "第一，好耶"}]