[{"uid": "5080411", "content": "草"}, {"uid": "1509735626", "content": "哇啊哈哈哈"}, {"uid": "4677339", "content": "无效自负草"}, {"uid": "630346268", "content": "你们都是魔鬼么"}, {"uid": "160887269", "content": "不行想改名去逗水科葵玩了"}, {"uid": "160887269", "content": "笑死"}, {"uid": "160887269", "content": "哈哈哈哈，中文夹英文烫嘴"}, {"uid": "160887269", "content": "下次得起个更绕口的哈哈哈草"}, {"uid": "160887269", "content": "舰长哈哈哈，都是海军要去抓水瓜葵！"}, {"uid": "160887269", "content": "会的会的"}, {"uid": "2486997", "content": "基本都对"}, {"uid": "496710", "content": "真好啊"}, {"uid": "6992479", "content": "什么破名字2333333"}, {"uid": "6868580", "content": "我哈哈哈哈哈哈哈笑死"}, {"uid": "6683157", "content": "这都什么鬼名字"}, {"uid": "13654051", "content": "好耶"}, {"uid": "162227863", "content": "起个随口的名字吧，你们"}, {"uid": "3674812", "content": "草"}, {"uid": "4039593", "content": "啊葵念我名字了呜呜呜呜"}, {"uid": "3163492", "content": "啊，阿葵叫我名字了"}, {"uid": "19499249", "content": "混沌哪都有你"}, {"uid": "229625151", "content": "哈哈哈哈哈"}, {"uid": "55950", "content": "BGM：难忘今宵"}, {"uid": "12307194", "content": "草，你们都什么名字"}, {"uid": "160887269", "content": "请下次把他念错，阿葵 doge"}, {"uid": "6992479", "content": "故意这么起的吧23333"}, {"uid": "7749450", "content": "好听"}, {"uid": "2462637", "content": "∵好家伙还记得中国小伙伴"}, {"uid": "4064298", "content": "笑死"}, {"uid": "28502339", "content": "草"}, {"uid": "285068063", "content": "哈哈哈哈哈哈哈哈"}, {"uid": "13654051", "content": "草"}, {"uid": "4677339", "content": "草草草草"}, {"uid": "4677339", "content": "草"}, {"uid": "1982853", "content": "哈哈哈哈哈"}, {"uid": "1629515", "content": "草"}, {"uid": "160887269", "content": "来了来了"}, {"uid": "166292251", "content": "怎么这么生草啊"}, {"uid": "306797", "content": "草"}, {"uid": "630346268", "content": "草"}, {"uid": "2486997", "content": "草"}, {"uid": "7749450", "content": "处刑时间"}, {"uid": "5276197", "content": "笑死"}, {"uid": "40731352", "content": "草"}, {"uid": "2486997", "content": "来了"}, {"uid": "6683157", "content": "草"}, {"uid": "4064298", "content": "哈哈哈哈哈哈"}, {"uid": "701832366", "content": "丿"}, {"uid": "6683157", "content": "草"}, {"uid": "3191808", "content": "草"}, {"uid": "1113721", "content": "草"}, {"uid": "7749450", "content": "草"}]