[{"uid": "442250487", "content": "wwwwwww"}, {"uid": "1509735626", "content": "吧啦啦啦"}, {"uid": "1509735626", "content": "宁宁和Mizushi 卡哇伊内"}, {"uid": "160887269", "content": "哈哈啊哈哈哈哈"}, {"uid": "160887269", "content": "《眼色》"}, {"uid": "160887269", "content": "恐怖的寂静"}, {"uid": "160887269", "content": "这两又被安排什么憨憨任务了"}, {"uid": "160887269", "content": "哈哈少儿频道"}, {"uid": "160887269", "content": "小品剧开始了 doge"}, {"uid": "15328777", "content": "什么幼儿园？"}, {"uid": "9536", "content": "我到底看了个啥wwwww"}, {"uid": "179162519", "content": "好可爱"}, {"uid": "11623384", "content": "哈哈哈哈两个都好可爱"}, {"uid": "1522907", "content": "好憨"}, {"uid": "43552853", "content": "wwwww"}, {"uid": "43552853", "content": "なにぬ～　なにぬ～"}, {"uid": "285068063", "content": "哈哈哈哈哈哈哈哈"}, {"uid": "179162519", "content": "太可爱了！！"}, {"uid": "179162519", "content": "可爱哈哈哈哈"}, {"uid": "179162519", "content": "awsl"}, {"uid": "179162519", "content": "可爱可爱！"}, {"uid": "160887269", "content": "来咯阿葵"}, {"uid": "285068063", "content": "哈哈哈哈哈哈哈哈"}, {"uid": "2486997", "content": "草"}, {"uid": "1522907", "content": "2333333"}, {"uid": "14948369", "content": "草"}]