[{"uid": "32974265", "content": "好呆ww"}, {"uid": "245342", "content": "当然啦 阿葵会唱好多70年代的歌"}, {"uid": "4426657", "content": "IT行业WatchDog说"}, {"uid": "4426657", "content": "可爱"}, {"uid": "179162519", "content": "可爱"}, {"uid": "24393", "content": "品味好怪w"}, {"uid": "404725890", "content": "哈哈哈小胡子"}, {"uid": "404725890", "content": "太可爱了"}, {"uid": "6992479", "content": "真的会有70代的人看这个吗2333"}, {"uid": "11491610", "content": "欢迎来到~70年代~"}, {"uid": "22012216", "content": "dandy？"}, {"uid": "33999454", "content": "awsl"}, {"uid": "410568594", "content": "it会有一头黑发？"}, {"uid": "1653844603", "content": "猫科葵"}, {"uid": "179162519", "content": "可爱可爱"}, {"uid": "7924963", "content": "好"}, {"uid": "3203778", "content": "好！"}, {"uid": "2486997", "content": "来啦"}, {"uid": "13654051", "content": "好耶"}, {"uid": "28536857", "content": "憨"}]