[{"uid": "11343146", "content": "水瓜葵 好可爱啊"}, {"uid": "35827195", "content": "king"}, {"uid": "2117185", "content": "重 要 考 点"}, {"uid": "34207835", "content": "好耶！"}, {"uid": "160887269", "content": "梦开始的地方"}, {"uid": "9536", "content": "大歓迎~~"}, {"uid": "64031293", "content": "好耶！三连三连！"}, {"uid": "64031293", "content": "哼哼～小葵呀小葵～你怕是不知道俺这个DD的专一吧～～"}, {"uid": "64031293", "content": "真的！？好耶！欢迎欢迎！"}, {"uid": "64031293", "content": "水瓜葵～哈哈哈哈可爱可爱！"}, {"uid": "564182", "content": "雪の華"}, {"uid": "6675568", "content": "经典打架好"}, {"uid": "4426657", "content": "我哭了呜呜呜"}, {"uid": "53571040", "content": "水~锅~盔wwww"}, {"uid": "24106413", "content": "听说过鲤鱼烧"}, {"uid": "24106413", "content": "豆沙包最好是里面还有几颗软糯的整豆那种"}, {"uid": "160887269", "content": "暂停，表情包来咯！"}, {"uid": "160887269", "content": "水瓜葵可还行"}, {"uid": "2486997", "content": "拜喵~"}, {"uid": "319616", "content": "髭男の曲全部好き"}, {"uid": "29557450", "content": "大家喜欢吃黄豆 吃完还疯狂流汗"}, {"uid": "22695160", "content": "恋爱循环"}, {"uid": "4308525", "content": "仲良くしよ"}, {"uid": "3190798", "content": "食べるよ"}, {"uid": "1825150", "content": "素晴の日常"}, {"uid": "2569323", "content": "夜に駆ける"}, {"uid": "18910223", "content": "三 十 四"}, {"uid": "7108693", "content": "VOCALOID"}, {"uid": "33972527", "content": "夜に駆ける！"}, {"uid": "23037165", "content": "拳 大草"}, {"uid": "3501990", "content": "这个表情好可爱"}, {"uid": "107372", "content": "金锷是薄薄的一层面浆裹着厚厚的红豆馅，然后煎熟表皮的一样日式甜品"}, {"uid": "2486997", "content": "ohhhhhhh！mizusi！"}, {"uid": "406998", "content": "水 瓜 葵"}, {"uid": "269422560", "content": "迷醉的蝴蝶"}, {"uid": "151519589", "content": "魔女（真）"}, {"uid": "4222421", "content": "老婆饼了解下"}, {"uid": "1470164", "content": "你好啊！！！"}, {"uid": "12755595", "content": "柠檬"}, {"uid": "64031293", "content": "《新世纪福音战士eva》正在热映呢！！小葵抓住机会唱呀！！"}, {"uid": "64031293", "content": "豆沙包常吃！糯糯的好吃呢～"}, {"uid": "2595249", "content": "ohhhhhh"}, {"uid": "160887269", "content": "拜喵~"}, {"uid": "7258742", "content": "哈哈哈好可爱"}, {"uid": "79017483", "content": "梦回2018"}, {"uid": "29557450", "content": "yoasobi  aimyon ずとまよ 米津玄师 等等这些人的歌在中国都很火哦"}, {"uid": "1930543", "content": "kksk"}, {"uid": "15126658", "content": "YOASOBI！"}, {"uid": "524708", "content": "666  来了来了 葵酱"}, {"uid": "56189874", "content": "没吃过，但是以前看葵提到过"}, {"uid": "252629", "content": "たくさん"}, {"uid": "6212161", "content": "我就知道会回来的"}, {"uid": "224354528", "content": "みずしー"}, {"uid": "14885791", "content": "YOASOBI"}, {"uid": "285068063", "content": "水瓜葵的魔鬼！！！"}, {"uid": "33491", "content": "金锷烧..你是..！"}, {"uid": "26071517", "content": "好耶！！！"}, {"uid": "874099", "content": "活了 惊了"}, {"uid": "173522635", "content": "好耶"}, {"uid": "5566229", "content": "OMMC"}, {"uid": "19306751", "content": "夜に駆ける"}, {"uid": "24106413", "content": "我吹爆豆沙包"}, {"uid": "7258742", "content": "吃"}, {"uid": "160887269", "content": "来了来了"}, {"uid": "358351", "content": "葵终于来了"}, {"uid": "2906652", "content": "Aimer"}, {"uid": "2102686", "content": "米津玄师"}, {"uid": "4130547", "content": "豆沙葵"}, {"uid": "749841", "content": "ohhhhhhh！"}, {"uid": "13114232", "content": "r&b可以的"}, {"uid": "415045", "content": "MELLOW"}, {"uid": "10973821", "content": "希望之花wwwww"}, {"uid": "21246672", "content": "吃过吃过"}, {"uid": "224354528", "content": "ある ある"}, {"uid": "11661512", "content": "ヨルシカ那几个，还有一些动漫歌曲什么的"}, {"uid": "6292245", "content": "damedane dameyo"}, {"uid": "776484", "content": "都关注啦"}, {"uid": "33491", "content": "好的水瓜葵"}, {"uid": "2059428", "content": "大悲咒"}, {"uid": "160887269", "content": "夜驱！+100000"}, {"uid": "64031293", "content": "专一？我自己都不信～～嘿嘿"}, {"uid": "64031293", "content": "好耶！欢迎欢迎！"}, {"uid": "33556516", "content": "哈哈哈水瓜葵"}, {"uid": "4426657", "content": "新宝岛草"}, {"uid": "4426657", "content": "红豆包吧"}, {"uid": "24106413", "content": "我能吃10个"}, {"uid": "2102686", "content": "yoasobi！"}, {"uid": "160887269", "content": "再来亿遍"}, {"uid": "313897", "content": "管人金曲都挺火的吧"}, {"uid": "110552", "content": "関西人や"}, {"uid": "110552", "content": "来たやで"}, {"uid": "22695160", "content": "白金迪斯科"}, {"uid": "8402594", "content": "那就周杰伦全集吧"}, {"uid": "3885523", "content": "来了来了来了"}, {"uid": "23037165", "content": "打架好"}, {"uid": "12636582", "content": "太甜了吃不了wwe"}, {"uid": "7924963", "content": "好耶"}, {"uid": "495048", "content": "基本都是anime song和 带neta的歌"}, {"uid": "97482484", "content": "拜喵~"}, {"uid": "168579724", "content": "bilibiliへようこそ"}, {"uid": "23495039", "content": "ohhhh"}, {"uid": "24104760", "content": "Lemon"}, {"uid": "307315372", "content": "动漫歌曲都火"}, {"uid": "45864857", "content": "好耶"}, {"uid": "50543646", "content": "豆沙包"}, {"uid": "99347360", "content": "红莲华"}, {"uid": "240061", "content": "管人金曲"}, {"uid": "34325586", "content": "第6感"}, {"uid": "4687915", "content": "好耶"}, {"uid": "179162519", "content": "可爱可爱"}, {"uid": "3390501", "content": "来了来了"}, {"uid": "262473", "content": "终于来了"}, {"uid": "1536826", "content": "bad apple"}, {"uid": "319616", "content": "三文小説"}, {"uid": "65379755", "content": "あるで～"}, {"uid": "92116", "content": "红豆包好吃"}, {"uid": "3006184", "content": "水 瓜 葵"}, {"uid": "398909647", "content": "铜锣烧？"}, {"uid": "224354528", "content": "哦哦哦哦"}, {"uid": "943357", "content": "终于来了"}, {"uid": "33491", "content": "うっせぇわ"}, {"uid": "364560", "content": "水樹奈々"}, {"uid": "32800842", "content": "你好啊"}, {"uid": "151519589", "content": "不可解"}, {"uid": "4687915", "content": "pink！ suki"}, {"uid": "240061", "content": "好汉歌草"}, {"uid": "160887269", "content": "ohohohohohoh"}, {"uid": "874099", "content": "encore"}, {"uid": "20807149", "content": "好耶"}, {"uid": "4494836", "content": "来了来了"}, {"uid": "7258742", "content": "Jay Chou "}, {"uid": "160887269", "content": "我最讨厌吃豆沙。。。。"}, {"uid": "110552", "content": "おい～おい～はいないのね"}, {"uid": "13767932", "content": "姐就是女王"}, {"uid": "112776970", "content": "新宝岛算吗2333"}, {"uid": "7749450", "content": "好多啊"}, {"uid": "7749450", "content": "mizusi"}, {"uid": "92116", "content": "日本的流行曲也ok，毕竟是b站"}, {"uid": "863041", "content": "米仔细"}, {"uid": "23037165", "content": "可爱"}, {"uid": "16662676", "content": "炸豆沙糕"}, {"uid": "15468526", "content": "好汉歌（滑稽"}, {"uid": "11602973", "content": "可爱"}, {"uid": "240061", "content": "好耶"}, {"uid": "240061", "content": "好耶"}, {"uid": "64031293", "content": "欢迎欢迎！你们的MV无论是编曲舞美还是剪辑都非常精彩！！三连学习了！！小葵加油！"}, {"uid": "64031293", "content": "欢迎欢迎！你们的MV无论是编曲舞美还是剪辑都非常精彩！！三连学习了！！小葵加油！"}, {"uid": "1982853", "content": "好的水瓜"}, {"uid": "457005909", "content": "米祖姬"}, {"uid": "2911555", "content": "中岛美雪的歌"}, {"uid": "4426657", "content": "awsl"}, {"uid": "2595249", "content": "好耶"}, {"uid": "7258742", "content": "ない"}, {"uid": "308899042", "content": "极乐净土 千本樱  "}, {"uid": "11535113", "content": "米子西（"}, {"uid": "2102686", "content": "没有耶"}, {"uid": "399229028", "content": "888888"}, {"uid": "1645177", "content": "好耶"}, {"uid": "22695160", "content": "凤凰传奇"}, {"uid": "27685935", "content": "葵葵！！"}, {"uid": "514610", "content": "卡其脱离太"}, {"uid": "2913117", "content": "你来b站的话，基本上你能想到的跟二次元沾边的，大多数观众歌单里都有那么一两首"}, {"uid": "34706470", "content": "大众范围内不多，二次元群体里基本上全歌单都是哦"}, {"uid": "317356333", "content": "水瓜葵"}, {"uid": "909894", "content": "驴打滚"}, {"uid": "21246672", "content": "蹦蹦蹦蹦蹦蹦蹦蹦蹦蹦蹦蹦蹦"}, {"uid": "257303", "content": "吃啊"}, {"uid": "15468526", "content": "太多了"}, {"uid": "7924963", "content": "还真没听说过"}, {"uid": "40522124", "content": "没听说过呢"}, {"uid": "2416032", "content": "要不来点邦邦"}, {"uid": "97224893", "content": "豆沙包"}, {"uid": "250873438", "content": "豆沙?"}, {"uid": "1470164", "content": "ohhhhhhh"}, {"uid": "64031293", "content": "MiZuSi 最高！"}, {"uid": "4743293", "content": "羋子西草"}, {"uid": "3882130", "content": "新宝岛"}, {"uid": "24106413", "content": "并没有什么非常火的，换句话说就是什么都很火"}, {"uid": "7258742", "content": "没听过"}, {"uid": "13057181", "content": "wowowowow"}, {"uid": "29140567", "content": "echo"}, {"uid": "13767932", "content": "好汉歌。。。"}, {"uid": "18910223", "content": "红豆沙包。。"}, {"uid": "1522907", "content": "动漫 v家都可以"}, {"uid": "3163492", "content": "好耶"}, {"uid": "12919879", "content": "那可太多了"}, {"uid": "1113721", "content": "周杰伦"}, {"uid": "28961139", "content": "不吃"}, {"uid": "5391921", "content": "上镇站神曲"}, {"uid": "357724792", "content": "老婆"}, {"uid": "307315372", "content": "啊+"}, {"uid": "151519589", "content": "炎"}, {"uid": "10667656", "content": "恶魔人op"}, {"uid": "766706", "content": "吃啊 豆沙包"}, {"uid": "20036549", "content": "米子溪"}, {"uid": "2595249", "content": "超爱阿葵唱的departures"}, {"uid": "160887269", "content": "摇滚么 ONEPUNCH OP"}, {"uid": "307315372", "content": "好"}, {"uid": "307315372", "content": "这"}, {"uid": "18910223", "content": "有但是我更想听在日本比较火的中文歌"}, {"uid": "801086", "content": "一堆"}, {"uid": "1522907", "content": "还真没听说过"}, {"uid": "2063876", "content": "新宝岛2333333"}, {"uid": "217257987", "content": "水瓜葵"}, {"uid": "33972527", "content": "zutomayo"}, {"uid": "160887269", "content": "好汉歌 你是魔鬼吗"}, {"uid": "11194048", "content": "金菊邦？"}, {"uid": "95899", "content": "好耶"}, {"uid": "4656062", "content": "美寿司(  )"}, {"uid": "4182253", "content": "那不就是油炸糕（）"}, {"uid": "15468526", "content": "好耶"}, {"uid": "15468526", "content": "豆沙包"}, {"uid": "442250487", "content": "超多"}, {"uid": "64031293", "content": "《新世纪福音战士eva》正在热映呢！！小葵抓住机会唱呀！！"}, {"uid": "64031293", "content": "我天炸出一堆弹幕～～哈哈哈哈"}, {"uid": "160887269", "content": "来咯"}, {"uid": "307315372", "content": "会"}, {"uid": "110552", "content": "モデルかわいい"}, {"uid": "252629", "content": "满多的"}, {"uid": "1586544", "content": "啊"}, {"uid": "1586544", "content": "www"}, {"uid": "107372", "content": "不吃，热量太高了，肥宅落泪"}, {"uid": "15468526", "content": "好的"}, {"uid": "7924963", "content": "好"}, {"uid": "523699", "content": "日本火什么国内火什么"}, {"uid": "403272990", "content": "李子柒（"}, {"uid": "7786667", "content": "李子柒？"}, {"uid": "358351", "content": "世纪初半个华语歌坛都是翻唱日本歌的天下"}, {"uid": "5218284", "content": "笑得好尬"}, {"uid": "1572356", "content": "ずとまよのファンです"}, {"uid": "5771593", "content": "李子柒？"}, {"uid": "2063876", "content": "林肯公园算吗23333"}, {"uid": "2063876", "content": "不少"}, {"uid": "875498", "content": "鸡你太美"}, {"uid": "2493149", "content": "水 瓜 鬼！"}, {"uid": "943357", "content": "芈子栖"}]