[{"uid": "630346268", "content": "不是已经直播了吗"}, {"uid": "2319645", "content": "阿葵真的好可爱！"}, {"uid": "9250409", "content": "很喜欢这个眼睛"}, {"uid": "3056135", "content": "真希望有更多人关注阿葵"}, {"uid": "4530797", "content": "爱了爱了"}, {"uid": "34853235", "content": "这剪辑，这镜头，太帅气了"}, {"uid": "630346268", "content": "忽悠忽悠~"}, {"uid": "630346268", "content": "镜头衔接真是太赞了"}, {"uid": "630346268", "content": "我的葵啊"}, {"uid": "630346268", "content": "好看不火系列"}, {"uid": "3935190", "content": "哎。。可惜不直播"}, {"uid": "10877286", "content": "kksk"}, {"uid": "4677339", "content": "时钟那句的动作太赞了"}, {"uid": "35935477", "content": "试图把我激怒"}, {"uid": "160887269", "content": "拜喵"}, {"uid": "160887269", "content": "水科葵yyds"}, {"uid": "160887269", "content": "超喜欢这段"}, {"uid": "160887269", "content": "kksk"}, {"uid": "160887269", "content": "宝石社的MV确实流弊"}, {"uid": "160887269", "content": "好听啊，表情巨好"}, {"uid": "160887269", "content": "官方夜驱终于来了！"}, {"uid": "2486997", "content": "kksk"}, {"uid": "36113714", "content": "kksk"}, {"uid": "68060881", "content": "好听"}, {"uid": "7749450", "content": "！！！"}, {"uid": "2514826", "content": "太强了"}, {"uid": "2514826", "content": "好好好！！"}, {"uid": "15662806", "content": "好听！！！！！"}, {"uid": "15662806", "content": "这段绝了"}, {"uid": "3885523", "content": "♪⸜(๑ ॑꒳ ॑๑)⸝♪✰"}, {"uid": "3801421", "content": "好耶"}, {"uid": "823980", "content": "葵葵！"}, {"uid": "89862483", "content": "酷到窒息"}, {"uid": "179162519", "content": "好听好听"}, {"uid": "630346268", "content": "这个动作，爱了爱了啊"}, {"uid": "2486997", "content": "来了！"}, {"uid": "15662806", "content": "好听！"}, {"uid": "179162519", "content": "ohhhh"}, {"uid": "630346268", "content": "推广给力点啊"}, {"uid": "38156670", "content": "好cool 太cool了"}, {"uid": "160887269", "content": "yyds"}, {"uid": "10605607", "content": "suki"}, {"uid": "3885523", "content": "来了来了来了"}, {"uid": "13553559", "content": "喜欢！！！"}, {"uid": "27185926", "content": "好耶"}, {"uid": "245342", "content": "首页"}, {"uid": "160887269", "content": "爷青回"}, {"uid": "15662806", "content": "ohhhhhhhhhh！"}, {"uid": "4687915", "content": "8888888"}, {"uid": "1904954", "content": "阿葵 虽然之前听了好几遍 但还是好听"}, {"uid": "5315616", "content": "太有感觉了"}, {"uid": "160887269", "content": "阿葵赛高！！"}, {"uid": "1509735626", "content": "cool"}, {"uid": "12891523", "content": "ohhhhhhhhhhh"}, {"uid": "630346268", "content": "啊啊啊啊啊啊啊啊啊啊啊啊啊啊啊啊啊啊"}, {"uid": "160887269", "content": "\\阿葵/\\阿葵/\\阿葵/\\阿葵/\\阿葵/\\阿葵/\\阿葵/"}]