[{"uid": "291087139", "content": "陈睿"}, {"uid": "938935", "content": "好像现在基本都是游戏。。"}, {"uid": "340407419", "content": "没关系为臣与那曹贼同好"}, {"uid": "6171745", "content": "现在已经天天打游戏了。。。"}, {"uid": "314625915", "content": "老肩巨滑"}, {"uid": "10647187", "content": "爱了爱了"}, {"uid": "83092924", "content": "前方音量较小"}, {"uid": "295286702", "content": "加油，奥利给"}, {"uid": "295286702", "content": "啊哈哈哈哈哈哈"}, {"uid": "295286702", "content": "吼吼吼"}, {"uid": "295286702", "content": "哈哈哈"}, {"uid": "295286702", "content": "奥利给"}, {"uid": "295286702", "content": "奥利干………………"}, {"uid": "7170201", "content": "辛苦了辛苦了"}, {"uid": "7170201", "content": "生活顺利！"}, {"uid": "7170201", "content": "零叁姐！！"}, {"uid": "1580984", "content": "whl"}, {"uid": "7170201", "content": "太可爱啦"}, {"uid": "295286702", "content": "加油，奥利给"}, {"uid": "343788213", "content": "妈"}]