[{"uid": "29419294", "content": "气急败坏"}, {"uid": "12364719", "content": "我还没上车呢！"}, {"uid": "7170201", "content": "强嗷！"}, {"uid": "12886469", "content": "对面击杀回放  这么小缝你都能射到我"}, {"uid": "12886469", "content": "还是手枪好用 "}, {"uid": "12886469", "content": "无能狂怒忘崽桥"}, {"uid": "12886469", "content": "大盾nb"}, {"uid": "7170201", "content": "姐太可爱啦！"}, {"uid": "173733694", "content": "妈好可爱"}, {"uid": "173733694", "content": "233333333"}]