[{"uid": "21380862", "content": "有一说一手柄打狙比键鼠舒服"}, {"uid": "396160991", "content": "ohhhhhhhh"}, {"uid": "7170201", "content": "全部木大哒！！"}, {"uid": "7170201", "content": "哈哈哈哈哈哈"}, {"uid": "7170201", "content": "6666"}, {"uid": "7170201", "content": "还是手枪好用("}, {"uid": "9315624", "content": "说死的时候妈妈好帅"}, {"uid": "287457026", "content": "woc"}, {"uid": "295824087", "content": "空中劈叉！！"}, {"uid": "295824087", "content": "233333333"}, {"uid": "24133620", "content": "在现场"}, {"uid": "295824087", "content": "666666"}]