[{"uid": "1344912316", "content": "水溢出来了"}, {"uid": "1344912316", "content": "我柜子动了，我不玩了"}, {"uid": "104645620", "content": "hso"}, {"uid": "11663843", "content": "哈哈哈哈哈哈哈哈"}, {"uid": "11663843", "content": "哈哈哈哈哈哈哈"}, {"uid": "104645620", "content": "《直面恐惧》"}, {"uid": "16577749", "content": "困宝不怕 妈妈在！"}, {"uid": "16577749", "content": "好了好了 困宝太软了 "}, {"uid": "16577749", "content": "哼 哼 呃啊啊啊啊啊啊"}, {"uid": "16577749", "content": "哭哭hso"}, {"uid": "702566985", "content": "为什么都不需要酝酿的？我直接聋"}, {"uid": "748374774", "content": "千万记得调小音量！！！！！"}, {"uid": "42888137", "content": "好形象的 啊~"}, {"uid": "748374774", "content": "本期视频音量过大，请注意调整"}, {"uid": "748374774", "content": "本期视频音量过大，请注意调整"}, {"uid": "110817084", "content": "真短"}, {"uid": "42888137", "content": "我←，草→！"}, {"uid": "42888137", "content": "春困channel我是你的粉丝啊"}]