[{"uid": "13486775", "content": "一闪而过的父亲哈哈哈"}, {"uid": "11663843", "content": "好家伙"}, {"uid": "28664497", "content": "莫奇龙"}, {"uid": "94369492", "content": "番茄"}, {"uid": "35577281", "content": "山神绝技：放水、犯困、摸鱼"}, {"uid": "42888137", "content": "好！"}, {"uid": "42888137", "content": "我不信，除非你用开水烫屁屁"}, {"uid": "2002793", "content": "天空是蔚蓝色，窗台外有千纸鹤"}, {"uid": "6415072", "content": "萨老师牛逼"}, {"uid": "8000190", "content": "这山，太精细了"}, {"uid": "2002793", "content": "好家伙 反向上分"}, {"uid": "6415072", "content": "笑死"}, {"uid": "86722859", "content": "这段配音好笑"}, {"uid": "6415072", "content": "草"}, {"uid": "28168648", "content": "哈哈哈"}, {"uid": "86722859", "content": "不许笑他，他是我爹！"}, {"uid": "297187154", "content": "美少女"}, {"uid": "35577281", "content": "番茄大人哦不山神大人请赐予我一箱春困哦不一箱番茄吧"}, {"uid": "42888137", "content": "山神：我自己都上不去"}, {"uid": "42888137", "content": "神有神经病，她承认了，好耶"}, {"uid": "42888137", "content": "小和尚说“神有神经病”"}]