[{"uid": "1344912316", "content": "老cod了"}, {"uid": "104645620", "content": "《没有任何紧张感》"}, {"uid": "15989670", "content": "血压拉满"}, {"uid": "15989670", "content": "奥利给"}, {"uid": "15989670", "content": "死因：这是干嘛呢"}, {"uid": "15989670", "content": "路人：我不"}, {"uid": "15989670", "content": "别骂了，别骂了"}, {"uid": "15989670", "content": "祖上最好的刀"}, {"uid": "15989670", "content": "已婚勿扰"}, {"uid": "15989670", "content": "小弟：大哥  他勒索我"}, {"uid": "15989670", "content": "狼人：姐妹们出来接客了~"}, {"uid": "15989670", "content": "梁山伯与祝英台"}, {"uid": "15989670", "content": "萨宝日常保姆"}, {"uid": "15989670", "content": "狼人：味道好极 liao~"}, {"uid": "15989670", "content": "怪：这种要求这辈子都没见过"}, {"uid": "15989670", "content": "高德地图正在为您导航"}, {"uid": "15989670", "content": "狼人：你瞅啥"}, {"uid": "15989670", "content": "陪葬品+1"}, {"uid": "15989670", "content": "该配和你演出就配合你演出"}, {"uid": "15989670", "content": "困宝我是你粉丝"}, {"uid": "15989670", "content": "来一口老弟"}, {"uid": "15989670", "content": "前方困宝神级拉枪"}, {"uid": "15989670", "content": "好吃的留到最后"}, {"uid": "15989670", "content": "怪：你瞅啥"}, {"uid": "15989670", "content": "精神－50"}, {"uid": "15989670", "content": "这不显得你枪法准嘛"}, {"uid": "15989670", "content": "来了老弟"}, {"uid": "15989670", "content": "来了老弟"}, {"uid": "15989670", "content": "大爷来玩啊"}, {"uid": "15989670", "content": "我柜子动了"}, {"uid": "15989670", "content": "我们又见面了"}, {"uid": "15989670", "content": "秘籍：物理开锁"}, {"uid": "15989670", "content": "它们给你一巴掌"}, {"uid": "15989670", "content": "死应：刮不到我"}, {"uid": "15989670", "content": "不，你不想"}, {"uid": "15989670", "content": "附魔水果刀+1"}]