[{"uid": "1631568449", "content": "起夜级李姐"}, {"uid": "1344912316", "content": "普信"}, {"uid": "73679706", "content": "好家伙,点赞了"}, {"uid": "73679706", "content": "草"}, {"uid": "73679706", "content": "哈哈哈"}, {"uid": "89651057", "content": "草后期可以的"}, {"uid": "476498836", "content": "为师把握得住，让为师来[狗子]"}, {"uid": "333996404", "content": "那不待喝三锅啊"}, {"uid": "480246930", "content": "尽然还是逻辑带师"}, {"uid": "11663843", "content": "好，单推了！"}, {"uid": "11663843", "content": "哈哈哈"}, {"uid": "629000105", "content": "你是好人（嘿嘿）"}, {"uid": "1332724442", "content": "木有弹幕吗"}, {"uid": "28168648", "content": "这个后期怕是和春困有仇，哈哈"}, {"uid": "28168648", "content": "哈哈哈"}, {"uid": "16577749", "content": "俗套♂ 她心里有我"}, {"uid": "16577749", "content": "《清楚》"}, {"uid": "16577749", "content": "草 debu卡密"}, {"uid": "16577749", "content": "《他暗恋我》"}, {"uid": "110817084", "content": "对不起你是个好人"}, {"uid": "13132728", "content": "好家伙，这就暗恋"}, {"uid": "6415072", "content": "都让你懂完了"}, {"uid": "42888137", "content": "逻 辑  带 师"}, {"uid": "73679706", "content": "？？？"}]