[{"uid": "216178994", "content": "一转攻势"}, {"uid": "73679706", "content": "《你是个什么东西》"}, {"uid": "73679706", "content": "哈哈哈哈"}, {"uid": "73679706", "content": "哈哈哈哈"}, {"uid": "73679706", "content": "好家伙"}, {"uid": "11663843", "content": "好家伙"}, {"uid": "11663843", "content": "哈哈哈哈"}, {"uid": "21784782", "content": "笑死"}, {"uid": "1344912316", "content": "梅开二度"}, {"uid": "17592381", "content": "这一个老八，我笑喷了"}, {"uid": "42888137", "content": "嗑到了"}, {"uid": "42888137", "content": "阿凌：我工资还没结呢"}, {"uid": "42888137", "content": "《你是个什么东西》"}, {"uid": "42888137", "content": "《观众要借钱吗》"}, {"uid": "515897941", "content": "萨老师好单纯"}, {"uid": "6415072", "content": "草"}, {"uid": "6415072", "content": "笑死我了"}, {"uid": "8190250", "content": "曾经我有份工作"}, {"uid": "16577749", "content": "气急败坏萨老师"}, {"uid": "16577749", "content": "单方面拒绝的屑"}, {"uid": "16577749", "content": "扭曲事实的屑山神"}, {"uid": "16577749", "content": "《你铁暗恋我》"}, {"uid": "4639", "content": "有来有回"}, {"uid": "28168648", "content": "哈哈哈哈"}, {"uid": "28168648", "content": "哈哈哈"}, {"uid": "110817084", "content": "加倍+加超级加倍"}, {"uid": "28168648", "content": "好家伙，太秀了"}, {"uid": "110817084", "content": "哈哈哈哈"}, {"uid": "28168648", "content": "屑哈哈哈"}, {"uid": "110817084", "content": "萨:你仿佛有那个大病"}, {"uid": "28168648", "content": "好家伙"}, {"uid": "42888137", "content": "#虚拟Xiao萨因嫉妒社员2.0皮太美辱骂其粉丝#"}, {"uid": "6415072", "content": "哈哈哈哈哈哈哈哈哈哈哈哈哈哈哈哈哈哈哈哈哈"}]