[{"uid": "15989670", "content": "荷叶：我谢谢你！"}, {"uid": "15989670", "content": "高建国：请打麦克风交流！"}, {"uid": "15989670", "content": "大蒜：你啥意思，看不起我？"}, {"uid": "15989670", "content": "僵尸打开了困宝的脑袋失望的离开了"}, {"uid": "15989670", "content": "辣椒－2"}, {"uid": "15989670", "content": "空炮+2"}, {"uid": "15989670", "content": "高建国：你醒醒！"}, {"uid": "15989670", "content": "梅开二度"}, {"uid": "15989670", "content": "空炮+1"}, {"uid": "15989670", "content": "火焰树桩：有事吗，没事我走了"}, {"uid": "15989670", "content": "倭瓜：我就静静的看着你装逼"}, {"uid": "15989670", "content": "矿工僵尸：？？？？"}, {"uid": "15989670", "content": "那叫旱鸭子困宝"}, {"uid": "15989670", "content": "辣椒－1"}, {"uid": "15989670", "content": "大蒜：大哥你这样显得我很没面子欸"}, {"uid": "15989670", "content": "双发豌豆：我是谁？我在哪？我要干什么？"}, {"uid": "15989670", "content": "智慧的眼神"}, {"uid": "15989670", "content": "倭瓜－2"}, {"uid": "15989670", "content": "小坚果－1"}, {"uid": "15989670", "content": "僵尸收到鼓舞攻击力+10"}, {"uid": "15989670", "content": "小鬼：让我看看！"}, {"uid": "15989670", "content": "小鬼：没想到吧主角是我"}, {"uid": "15989670", "content": "痴呆+10"}, {"uid": "28627704", "content": "小萨是真牛蛙"}, {"uid": "301132689", "content": "僵尸发现你没有脑子，失望地离开了"}, {"uid": "8353983", "content": "她怕僵尸口臭"}, {"uid": "38117720", "content": "蚌埠住了啊哈哈哈"}, {"uid": "28168648", "content": "语无伦次了都"}, {"uid": "702566985", "content": "大蒜前面放坚果，你是哪里来的大聪明"}, {"uid": "291741724", "content": "太强了"}, {"uid": "1332724442", "content": "草"}, {"uid": "15471808", "content": "脑子消失模拟器"}, {"uid": "15989670", "content": "倭瓜－1"}, {"uid": "16577749", "content": "突发恶疾"}, {"uid": "291741724", "content": "我理解差了"}, {"uid": "291741724", "content": "究极理解"}, {"uid": "8353983", "content": "你有脑子?"}]