[{"uid": "15989670", "content": "士 不 过 三"}, {"uid": "15989670", "content": "梅开二度"}, {"uid": "15989670", "content": "困宝：找个机会吓你一跳"}, {"uid": "15989670", "content": "萨老师：观众想看"}, {"uid": "15989670", "content": "困宝：我不"}, {"uid": "15989670", "content": "萨老师：困宝被吓到很可爱"}, {"uid": "15989670", "content": "困宝：我不敢玩了"}, {"uid": "15989670", "content": "萨老师：继续游戏"}, {"uid": "15989670", "content": "啊~~~~~~~~~"}, {"uid": "15989670", "content": "《我以为门打不开》"}, {"uid": "11773507", "content": "困宝这叫声，whl"}, {"uid": "15989670", "content": "鬼：别被我逮到了啊。"}, {"uid": "15989670", "content": "鬼：你给我等着"}, {"uid": "15989670", "content": "困宝：鬼哥给个机会？"}, {"uid": "15989670", "content": "困宝：发动魔法卡  变心"}, {"uid": "15989670", "content": "鬼：你想下播？"}, {"uid": "15989670", "content": "鬼：鬼手掏，诶嘿~"}, {"uid": "15989670", "content": "这边因为困宝迷路了不会解密卡了很久"}, {"uid": "15989670", "content": "男主：葛优躺"}, {"uid": "15989670", "content": "萨老师与番茄酱更配哦"}, {"uid": "15989670", "content": "我二弟天下无敌"}, {"uid": "15989670", "content": "萨老师：啊这"}, {"uid": "15989670", "content": "困宝：你行你上啊"}, {"uid": "15989670", "content": "萨老师：那就去接保险丝啊"}, {"uid": "15989670", "content": "困宝：现在安全"}, {"uid": "15989670", "content": "死应：以为安全了"}, {"uid": "15989670", "content": "困宝：你不要过来啊！"}, {"uid": "15989670", "content": "鬼：困宝你在哪儿"}, {"uid": "15989670", "content": "鬼：你看到了我，你看到了我~"}, {"uid": "15989670", "content": "鬼：困宝我是你粉丝"}, {"uid": "15989670", "content": "鬼：你秀完了吗，该我了"}, {"uid": "15989670", "content": "鬼：我就静静的看着你们秀恩爱"}, {"uid": "15989670", "content": "鬼：我只是路过你继续"}, {"uid": "15989670", "content": "困宝原型七彩葫芦山石锤了"}, {"uid": "15989670", "content": "缸王"}, {"uid": "15989670", "content": "困宝：其实我只能单纯的怂"}, {"uid": "15989670", "content": "萨老师：我想骗骗可爱的困宝"}, {"uid": "15989670", "content": "困宝心里：萨老师救我"}, {"uid": "15989670", "content": "我不知道x2"}, {"uid": "15989670", "content": "心肺停止"}, {"uid": "15989670", "content": "你瞅啥，没见过黑社会啊"}, {"uid": "472463142", "content": "自信点把觉得去掉"}, {"uid": "15989670", "content": "开幕雷击"}, {"uid": "15989670", "content": "三阳开泰"}, {"uid": "15989670", "content": "萨老师收到困宝100点精神伤害"}, {"uid": "15989670", "content": "鬼：困宝贴贴！"}, {"uid": "15989670", "content": "门神萨虎   困犬"}, {"uid": "15989670", "content": "萨老师心里：等死吧你"}, {"uid": "110817084", "content": "困萨贴贴"}, {"uid": "11882730", "content": "开幕雷击"}, {"uid": "15989670", "content": "盖————————亚———————！！"}, {"uid": "15989670", "content": "困宝犯病中............"}]