[{"uid": "18744510", "content": "亚卡吗西  齐jai咪咪酱"}, {"uid": "693136023", "content": "かわい"}, {"uid": "693136023", "content": "？？？"}, {"uid": "404353327", "content": "要来了"}, {"uid": "348464383", "content": "要来了！（狂喜）"}, {"uid": "348464383", "content": "？？？？？？"}, {"uid": "13792286", "content": "babu！"}, {"uid": "75607926", "content": "？"}, {"uid": "764389", "content": "hso"}, {"uid": "400380207", "content": "。。。玩还是宝宝会玩"}, {"uid": "11244465", "content": "XXBT"}, {"uid": "194175206", "content": "wwww"}, {"uid": "194175206", "content": "www"}, {"uid": "194175206", "content": "ww"}, {"uid": "194175206", "content": "草"}, {"uid": "221220", "content": "草"}, {"uid": "25410470", "content": "？？？？？？？？？？？？？"}, {"uid": "37498399", "content": "prprprprprprprpr"}, {"uid": "37498399", "content": "wwwwwww"}, {"uid": "23001624", "content": "草"}, {"uid": "3406905", "content": "？？？"}, {"uid": "23001624", "content": "babu"}]