[{"uid": "302450574", "content": "想做我儿子就直说"}, {"uid": "3204753", "content": "什麼夏亞"}, {"uid": "19199468", "content": "委屈巴巴"}, {"uid": "6811048", "content": "草"}, {"uid": "6793712", "content": "嚣张"}, {"uid": "77495016", "content": "自行放空炮太草了"}, {"uid": "351975302", "content": "？？？臭dd拖出去砍了"}, {"uid": "121112364", "content": "这话，柚子厨不请自来"}, {"uid": "6759353", "content": "笑死我了"}, {"uid": "401099828", "content": "我看懂了"}, {"uid": "116791", "content": "那弹幕是我发的 其实原文是不要碰我碗里的蘑菇啊"}, {"uid": "3047348", "content": "哈哈哈"}, {"uid": "384796790", "content": "草哈哈哈哈哈哈"}, {"uid": "32423963", "content": "这么小声还想当AA，听不见！重来！"}, {"uid": "217797936", "content": "左上好糟糕啊"}, {"uid": "89543", "content": "嘬一嘬 总会有的"}, {"uid": "358591916", "content": "不对劲了不对劲了"}, {"uid": "282515064", "content": "失去高光"}, {"uid": "205633122", "content": "草！三壮汉"}, {"uid": "205633122", "content": "上手！少说得生过三个娃！"}, {"uid": "680123217", "content": "？？？？？？"}, {"uid": "106021", "content": "委屈巴巴的小眼神ww"}, {"uid": "36769691", "content": "草"}, {"uid": "12321065", "content": "不行了，我要去看开大车的本"}, {"uid": "2107967744", "content": "好怪哦，倒回去再看一眼"}, {"uid": "173983308", "content": "队尾在这里"}, {"uid": "23562069", "content": "お乳.....飲みたい"}, {"uid": "106021", "content": "这就是奶妈吗"}, {"uid": "6486338", "content": "宝瞬间成熟了"}, {"uid": "39031119", "content": "草真有内味"}, {"uid": "287724687", "content": "草"}, {"uid": "16287499", "content": "我必须摘下黄色的角膜"}, {"uid": "22304929", "content": "草加直呼内行"}, {"uid": "369310006", "content": "草"}, {"uid": "7569830", "content": "草，都是什么怪东西啊"}, {"uid": "2571678", "content": "委屈屈"}, {"uid": "6221030", "content": "问题是你没有啊"}, {"uid": "1692523", "content": "是那天作为迟到的惩罚吗"}, {"uid": "23134800", "content": "委屈屈"}, {"uid": "336568", "content": "？！谁？！"}, {"uid": "30982451", "content": "？？？"}, {"uid": "41231115", "content": "夏亚的奇怪追求"}, {"uid": "154093980", "content": "草，你们冥冥民更怪"}, {"uid": "648684322", "content": "直播翻译官到底省略了多少东西？？？？"}, {"uid": "86918711", "content": "草"}, {"uid": "71576436", "content": "脑髓吸食"}, {"uid": "5036", "content": "↓队尾"}, {"uid": "51418548", "content": "好色哦"}, {"uid": "667229452", "content": "？"}, {"uid": "210097416", "content": "好傢夥"}, {"uid": "301506165", "content": "牛牛"}, {"uid": "103022524", "content": "不至于不至于"}, {"uid": "160306678", "content": "开幕雷击"}, {"uid": "285826982", "content": "委屈屈"}, {"uid": "489705", "content": "30：你寄吧谁啊"}, {"uid": "67778694", "content": "刚开始就结束了啊kora"}, {"uid": "163633", "content": "不对劲不对劲"}, {"uid": "116791", "content": "是60姐姐！！！！"}, {"uid": "487279", "content": "？？？"}, {"uid": "40613413", "content": "队尾这里+1"}, {"uid": "112776970", "content": "后街女孩的bgm2333"}, {"uid": "212101", "content": "kksk"}, {"uid": "60190352", "content": "草"}, {"uid": "29420546", "content": "30...30...妈妈"}, {"uid": "29420546", "content": "委屈屈"}, {"uid": "8308058", "content": "KKSK"}, {"uid": "1808632", "content": "草"}, {"uid": "272089656", "content": "夏亚的逆袭"}, {"uid": "77437", "content": "委屈的小眼神"}, {"uid": "24946243", "content": "这段不应该翻成举高高吗"}, {"uid": "2538230", "content": "这是夏亚发的吗"}, {"uid": "434364483", "content": "苦了孩子们了"}, {"uid": "6811048", "content": "草？？？"}, {"uid": "8284532", "content": "古守草"}, {"uid": "501320013", "content": "草"}, {"uid": "123997315", "content": "*1"}, {"uid": "163633", "content": "？？？？？"}, {"uid": "5785365", "content": "太多冲击"}, {"uid": "121112364", "content": "弹幕：这个我不翻了，危"}, {"uid": "1361936", "content": "？？？？？？"}, {"uid": "29420546", "content": "awsl"}, {"uid": "29420546", "content": "？？？？？？？？"}, {"uid": "1808632", "content": "？？？？？？"}, {"uid": "20278361", "content": "？？？"}, {"uid": "6486338", "content": "言不由衷"}, {"uid": "12754387", "content": "古守？"}, {"uid": "16363346", "content": "梅开二度"}, {"uid": "28576412", "content": "怪"}, {"uid": "365617923", "content": "？"}, {"uid": "501320013", "content": "kksk"}, {"uid": "8191276", "content": "夏亚叉出去"}, {"uid": "2555269", "content": "草"}, {"uid": "194175206", "content": "草"}, {"uid": "194175206", "content": "？？？"}, {"uid": "194175206", "content": "??"}, {"uid": "212101", "content": "？？？？？"}, {"uid": "29588889", "content": "??????"}, {"uid": "36769691", "content": "草"}, {"uid": "357639", "content": "?"}, {"uid": "2107967744", "content": "草"}, {"uid": "16287499", "content": "极道出没没注意"}, {"uid": "99518530", "content": "草"}, {"uid": "12700753", "content": "草"}, {"uid": "369310006", "content": "草"}, {"uid": "6301", "content": "拉拉震怒"}, {"uid": "334926483", "content": "草"}, {"uid": "67778694", "content": "草"}, {"uid": "401958449", "content": "??????????"}, {"uid": "123997315", "content": "*5"}, {"uid": "473376912", "content": "额额额额额额额"}, {"uid": "154095", "content": "张口闭眼"}, {"uid": "2156827", "content": "whl"}, {"uid": "544972", "content": "太怪了"}, {"uid": "212101", "content": "？？？？"}, {"uid": "91417414", "content": "??????"}, {"uid": "316966922", "content": "草"}, {"uid": "36769691", "content": "草"}, {"uid": "3589061", "content": "30拉拉说"}, {"uid": "12321065", "content": "草"}, {"uid": "1808632", "content": "？？？？？？？？"}, {"uid": "99518530", "content": "草"}, {"uid": "51418548", "content": "谁？？"}, {"uid": "51418548", "content": "谁？"}, {"uid": "6221030", "content": "*2"}, {"uid": "6221030", "content": "*1"}, {"uid": "693136023", "content": "？？？？"}, {"uid": "1730280178", "content": "草"}, {"uid": "6811048", "content": "？？？？"}, {"uid": "402427368", "content": "草"}, {"uid": "24213285", "content": "？？？"}, {"uid": "123997315", "content": "*4"}, {"uid": "401099828", "content": "草"}, {"uid": "198687504", "content": "草"}, {"uid": "487279", "content": "草"}, {"uid": "336568", "content": "wwww"}, {"uid": "28662020", "content": "??"}, {"uid": "544972", "content": "啊这...."}, {"uid": "544972", "content": "awsl"}, {"uid": "182441", "content": "你也是夏亚？"}, {"uid": "91417414", "content": "梅开二度"}, {"uid": "12700753", "content": "草"}, {"uid": "51418548", "content": "臭小鬼（"}, {"uid": "51418548", "content": "草"}, {"uid": "7883833", "content": "草"}, {"uid": "14788049", "content": "咪蕾suki"}, {"uid": "6221030", "content": "哈哈哈"}, {"uid": "6221030", "content": "？？？？？"}, {"uid": "6221030", "content": "草"}, {"uid": "1730280178", "content": "？？？？？？？？？"}, {"uid": "6301", "content": "夏亚。。。"}, {"uid": "6793712", "content": "草"}, {"uid": "6793712", "content": "hso"}, {"uid": "23169508", "content": "66666"}, {"uid": "67778694", "content": "带感"}, {"uid": "123997315", "content": "*3"}, {"uid": "28662020", "content": "???"}, {"uid": "544972", "content": "牙白"}, {"uid": "212101", "content": "草"}, {"uid": "915478", "content": "？？？"}, {"uid": "35641505", "content": "（排队）"}, {"uid": "31298127", "content": "？？？？？？？"}, {"uid": "7220745", "content": "色小鬼喜笑颜开"}, {"uid": "51418548", "content": "？？"}, {"uid": "33935601", "content": "草"}, {"uid": "6221030", "content": "*5"}, {"uid": "6221030", "content": "*4"}, {"uid": "5785365", "content": "hso"}, {"uid": "430099272", "content": "草"}, {"uid": "13855992", "content": "？？？？？？"}, {"uid": "6811048", "content": "草"}, {"uid": "334926483", "content": "？？？？"}, {"uid": "334926483", "content": "草"}, {"uid": "67778694", "content": "？"}, {"uid": "123997315", "content": "*1"}, {"uid": "20619959", "content": "？"}, {"uid": "1295223", "content": "草"}, {"uid": "105771", "content": "？？？"}, {"uid": "544972", "content": "草"}, {"uid": "1858404199", "content": "kksk"}, {"uid": "282515064", "content": "草"}, {"uid": "12321065", "content": "草"}, {"uid": "12321065", "content": "草"}, {"uid": "30514029", "content": "草"}, {"uid": "4912018", "content": "草"}, {"uid": "6221030", "content": "谁？"}, {"uid": "693136023", "content": "wal"}, {"uid": "693777931", "content": "草"}, {"uid": "123997315", "content": "*2"}, {"uid": "53571040", "content": "？？？？？"}, {"uid": "142224411", "content": "草加？"}, {"uid": "2156827", "content": "whl"}, {"uid": "35641505", "content": "？？？"}, {"uid": "21896921", "content": "？？"}, {"uid": "6221030", "content": "*3"}, {"uid": "401099828", "content": "哈哈哈哈哈哈哈哈哈哈哈哈哈哈哈哈"}]