[{"uid": "282103", "content": "这不比原作好看多了？"}, {"uid": "282103", "content": "aria：啊？"}, {"uid": "38381207", "content": "草"}, {"uid": "7066749", "content": "草，好活"}, {"uid": "85650700", "content": "前方神作預定"}, {"uid": "194175206", "content": "虾仁猪心"}, {"uid": "249662024", "content": "ショックのあまり"}, {"uid": "10319", "content": "ショックのあまり"}, {"uid": "8284532", "content": "今年下半年，由30出演的……"}, {"uid": "500703005", "content": "盲生你发现了华点"}, {"uid": "30514029", "content": "草"}, {"uid": "67778694", "content": "绯赤-日天-艾莉欧"}, {"uid": "7067213", "content": "喂 离冷鸟远点"}, {"uid": "1591623", "content": "哈哈哈哈哈哈哈"}, {"uid": "417662", "content": "好活"}, {"uid": "52573821", "content": "这表情毫无违和感"}, {"uid": "13780962", "content": "吸血鬼守子哥！"}, {"uid": "232002892", "content": "这是啊 这是家妻必死"}, {"uid": "2170632", "content": "草，是这样的活吗w"}, {"uid": "22363074", "content": "30.....嫌"}, {"uid": "37815622", "content": "30…讨厌.jpg，孩子输麻了都www"}, {"uid": "37815622", "content": "草www惨  30  惨"}, {"uid": "40205983", "content": "太 多 冲 级"}, {"uid": "1508937", "content": "好 追番了"}, {"uid": "453839177", "content": "主角可还行"}, {"uid": "2163611", "content": "这就是30官组吗？。。"}, {"uid": "40025213", "content": "草"}, {"uid": "5582949", "content": "黑mana与白mana"}, {"uid": "392481", "content": "草，格佬你说好的不进组呢，现在连30的切片里都有你啊"}, {"uid": "8926346", "content": "团长好帅"}, {"uid": "230337405", "content": "太草了"}, {"uid": "495972", "content": "美梦真好"}, {"uid": "15509041", "content": "草"}, {"uid": "3207714", "content": "草 守子哥在最新话被砸死了啊"}, {"uid": "294464633", "content": "毫无违和"}, {"uid": "328422", "content": "好人系列剧……"}, {"uid": "5178372", "content": "好活"}, {"uid": "38651533", "content": "！！！？"}, {"uid": "277278204", "content": "这猫可以"}, {"uid": "667114349", "content": "帕里，你是个好人"}, {"uid": "11839923", "content": "夹带私货"}, {"uid": "2629851", "content": "草草草"}, {"uid": "280824206", "content": "mana惨"}, {"uid": "252100619", "content": "30...嫌。不用谢我我叫雷锋（bushi）"}, {"uid": "417662", "content": "草"}, {"uid": "312585963", "content": "播放量不对劲，3小时3千？"}, {"uid": "492710449", "content": "草"}, {"uid": "492710449", "content": "草"}, {"uid": "212101", "content": "哈哈哈哈哈"}, {"uid": "10518197", "content": "草 笑喷了"}, {"uid": "442580518", "content": "30...嫌い"}, {"uid": "16321746", "content": "擦玻璃"}, {"uid": "5496045", "content": "Fake Cup!"}, {"uid": "6038651", "content": "草"}, {"uid": "5582949", "content": "太多冲击"}, {"uid": "766706", "content": "大草原"}, {"uid": "5662342", "content": "草"}, {"uid": "401099828", "content": "草"}, {"uid": "38274277", "content": "草，才发现不是我在看而是30直播在看"}, {"uid": "3924121", "content": "草"}, {"uid": "21482042", "content": "Re:30"}, {"uid": "21482042", "content": "绷不住了"}, {"uid": "417662", "content": "哈哈哈哈"}, {"uid": "212101", "content": "草"}, {"uid": "12993427", "content": "草"}, {"uid": "40205983", "content": "草"}, {"uid": "13936795", "content": "きらい"}, {"uid": "453839177", "content": "哈哈哈哈"}, {"uid": "82569222", "content": "草"}, {"uid": "269361710", "content": "守子哥哪里有这么大啊"}, {"uid": "392481", "content": "太草了"}, {"uid": "2083983", "content": "太多冲击"}, {"uid": "1972874", "content": "草"}, {"uid": "290750150", "content": "？"}, {"uid": "4641303", "content": "草"}, {"uid": "226009589", "content": "草"}, {"uid": "434780627", "content": "好家伙"}, {"uid": "434780627", "content": "强盗oto"}, {"uid": "434780627", "content": "帕里你离冷鸟远点"}, {"uid": "230337405", "content": "30......嫌い"}, {"uid": "282103", "content": "30看傻了"}, {"uid": "10474818", "content": "BGM徐晃一枪"}, {"uid": "277278204", "content": "好活"}, {"uid": "667114349", "content": "草"}, {"uid": "401099828", "content": "你是个好人"}, {"uid": "194175206", "content": "wwwwwwww"}, {"uid": "11344630", "content": "草"}, {"uid": "360189560", "content": "草"}, {"uid": "32423963", "content": "草"}, {"uid": "212101", "content": "太多冲击"}, {"uid": "12993427", "content": "好活"}, {"uid": "67655543", "content": "草"}, {"uid": "408645838", "content": "草"}, {"uid": "82569222", "content": "草"}, {"uid": "6221030", "content": "草"}, {"uid": "13047177", "content": "太多冲击"}, {"uid": "434780627", "content": "草"}, {"uid": "45553413", "content": "输嘛了"}, {"uid": "75040882", "content": "草"}, {"uid": "2629851", "content": "草"}, {"uid": "194175206", "content": "草"}, {"uid": "194175206", "content": "太多冲击"}, {"uid": "305617742", "content": "草"}, {"uid": "202206590", "content": "草"}, {"uid": "21482042", "content": "太多冲击"}, {"uid": "7438473", "content": "菜月30"}, {"uid": "52573821", "content": "破防了"}, {"uid": "391254279", "content": "草"}, {"uid": "342551672", "content": "草"}, {"uid": "12993427", "content": "蚌埠住了"}, {"uid": "8422", "content": "草"}, {"uid": "35538918", "content": "草"}, {"uid": "2935232", "content": "草"}, {"uid": "456308956", "content": "KUSA"}, {"uid": "3517180", "content": "这大小不对"}, {"uid": "88012340", "content": "草"}, {"uid": "16312917", "content": "草草草"}, {"uid": "38651533", "content": "草"}, {"uid": "1803372", "content": "太多冲击"}, {"uid": "557252", "content": "草"}, {"uid": "2629851", "content": "草"}, {"uid": "2629851", "content": "太多冲击"}, {"uid": "85650700", "content": "文藝復興 夢回2018"}, {"uid": "305617742", "content": "草"}, {"uid": "13792286", "content": "草"}, {"uid": "30514029", "content": "草"}, {"uid": "30514029", "content": "太多冲击"}, {"uid": "85255397", "content": "破防了"}, {"uid": "492710449", "content": "好活"}, {"uid": "25184876", "content": "草"}, {"uid": "25184876", "content": "草"}, {"uid": "12993427", "content": "太多冲击"}, {"uid": "2856263", "content": "草"}, {"uid": "1434386", "content": "草"}, {"uid": "28482323", "content": "哭了"}, {"uid": "6221030", "content": "wwwwwww"}, {"uid": "6221030", "content": "wwwwwwwwwwwwwwwwww"}, {"uid": "3699078", "content": "蚌埠住了"}, {"uid": "33417534", "content": "草"}, {"uid": "16287499", "content": "蚌埠住了"}, {"uid": "226009589", "content": "草"}, {"uid": "1295223", "content": "c"}, {"uid": "36769691", "content": "草"}, {"uid": "179848040", "content": "草"}, {"uid": "38381207", "content": "草"}, {"uid": "60368380", "content": "太多葱鸡"}, {"uid": "401099828", "content": "草"}, {"uid": "194175206", "content": "wwwww"}, {"uid": "305617742", "content": "太多冲击"}, {"uid": "30514029", "content": "草"}, {"uid": "176032", "content": "草"}, {"uid": "11491610", "content": "草"}, {"uid": "2170632", "content": "草"}, {"uid": "9272615", "content": "草"}, {"uid": "1433095", "content": "草"}, {"uid": "87159285", "content": "挡住了"}, {"uid": "128681635", "content": "草"}, {"uid": "2163611", "content": "草"}, {"uid": "6038651", "content": "草"}, {"uid": "369310006", "content": "草"}, {"uid": "4073161", "content": "草"}, {"uid": "434780627", "content": "大草"}, {"uid": "131962", "content": "嗯？"}, {"uid": "36769691", "content": "草"}, {"uid": "3659719", "content": "草"}, {"uid": "19824793", "content": "草"}, {"uid": "667114349", "content": "草"}, {"uid": "470952496", "content": "草"}, {"uid": "667229452", "content": "草"}, {"uid": "194175206", "content": "xswl"}, {"uid": "75379", "content": "草"}, {"uid": "76358929", "content": "草"}, {"uid": "3924121", "content": "惨"}, {"uid": "391254279", "content": "太多冲击"}, {"uid": "10256519", "content": "好活"}, {"uid": "492710449", "content": "笑死我了"}, {"uid": "349638723", "content": "死亡回归吧，菜月30"}, {"uid": "478634", "content": "草"}, {"uid": "401643351", "content": "草"}, {"uid": "392481", "content": "期待"}, {"uid": "7818264", "content": "草"}, {"uid": "230337405", "content": "草"}, {"uid": "4924179", "content": "草"}, {"uid": "10135066", "content": "?"}, {"uid": "2686738", "content": "草"}, {"uid": "40055502", "content": "草"}, {"uid": "2629851", "content": "草"}, {"uid": "38274277", "content": "吃"}, {"uid": "194175206", "content": "年度霸权"}, {"uid": "754937", "content": "草"}, {"uid": "385746108", "content": "草"}, {"uid": "34839925", "content": "草"}, {"uid": "17461471", "content": "草"}, {"uid": "20335327", "content": "草"}, {"uid": "8141441", "content": "草"}, {"uid": "457326", "content": "好活"}, {"uid": "93557384", "content": "草"}, {"uid": "24574", "content": "kusa"}, {"uid": "3585598", "content": "太多葱鸡"}, {"uid": "12653563", "content": "草"}, {"uid": "2163611", "content": "这是要回溯了吗？"}, {"uid": "8778512", "content": "草"}, {"uid": "15447441", "content": "惨"}, {"uid": "89342995", "content": "草"}, {"uid": "45553413", "content": "30干的"}, {"uid": "434780627", "content": "草"}, {"uid": "39869252", "content": "好活"}, {"uid": "21622878", "content": "草"}, {"uid": "38381207", "content": "草"}, {"uid": "8698085", "content": "www"}, {"uid": "13792286", "content": "草"}, {"uid": "11344630", "content": "草"}, {"uid": "7438473", "content": "草"}, {"uid": "226349279", "content": "草"}, {"uid": "28265197", "content": "草"}, {"uid": "15509041", "content": "草"}]