[{"uid": "154093980", "content": "单腿人"}, {"uid": "416376757", "content": "舞台吗"}, {"uid": "2881638", "content": "是吗，原来是说舞台啊"}, {"uid": "2881638", "content": "自家也没有BML的版权"}, {"uid": "215177739", "content": "不愧是你"}, {"uid": "5541424", "content": "(⋟﹏⋞)加油"}, {"uid": "44307505", "content": "打码了为什么看起来好丰满啊哈哈哈哈"}, {"uid": "291862", "content": "《本曲目已成为传说》"}, {"uid": "227293829", "content": "看帕里百年好合吗？"}, {"uid": "101962542", "content": "加油"}, {"uid": "10474818", "content": "被砍头干脆就抱着头吧"}, {"uid": "434408610", "content": "加油啊小闹钟"}, {"uid": "403388920", "content": "打码之后hso"}, {"uid": "403388920", "content": "两人幸冲"}, {"uid": "403388920", "content": "prprprprprprpr"}, {"uid": "201300", "content": "自动贴贴"}, {"uid": "2203831", "content": "加油呐"}, {"uid": "2203831", "content": "对B站宣战呐"}, {"uid": "408645838", "content": "不打码过不了审"}, {"uid": "1402682786", "content": "虚空贴贴的king"}, {"uid": "87778194", "content": "好可爱的muamua，像小猫一样"}, {"uid": "23091283", "content": "你很勇哦"}, {"uid": "89498", "content": "可爱"}, {"uid": "291031618", "content": "那你要加油整活儿啊"}, {"uid": "4877477", "content": "可是团长本来就很涩啊"}, {"uid": "5785365", "content": "blm??"}, {"uid": "12960561", "content": "没，，，，没有哦（心虚"}, {"uid": "36769691", "content": "毕竟这是视频，版权问题"}, {"uid": "194175206", "content": "加油吧"}, {"uid": "194175206", "content": "提头上台ww"}, {"uid": "194175206", "content": "巨型撞车现场www"}, {"uid": "194175206", "content": "ww感觉像是30在睡觉的时候抱着团长的手办"}, {"uid": "194175206", "content": "硬核贴贴ww"}, {"uid": "3418605", "content": "BML每年举办一次吧？"}, {"uid": "8775351", "content": "打码之后衣服显得好糟糕[捂脸]"}, {"uid": "9347062", "content": "严记设定"}, {"uid": "5353777", "content": "BL"}, {"uid": "5353777", "content": "你可以上表演整活"}, {"uid": "5353777", "content": "哈哈哈，这包袱抖得，浓度真高"}, {"uid": "32423963", "content": "脑垫波"}, {"uid": "22440909", "content": "打个码突然涩了起来，然后我近视眼一拿远就不涩了"}, {"uid": "6361313", "content": "哦，原来你说的是舞台啊"}, {"uid": "129001766", "content": "草"}, {"uid": "355927848", "content": "一boi一boi"}, {"uid": "355927848", "content": "牢记设定"}, {"uid": "355927848", "content": "啊，原来是指舞台啊…"}, {"uid": "111673", "content": "这个码看起来像没了一条腿"}, {"uid": "36077319", "content": "我右边镜片脏了？"}, {"uid": "31337711", "content": "你很懂哦"}, {"uid": "31337711", "content": "这小眼睛眨的"}, {"uid": "6905896", "content": "你很懂嘛~"}, {"uid": "8284532", "content": "30真的有一种调皮的邻家小妹的感觉"}, {"uid": "86458", "content": "摇起来了"}, {"uid": "38222917", "content": "加油吧"}, {"uid": "335250821", "content": "咦这里怎么没打码？"}, {"uid": "3172880", "content": "这打码有点草"}, {"uid": "71329244", "content": "可以把头拿下来脖子上接个团长"}, {"uid": "2869455", "content": "加油"}, {"uid": "25769441", "content": "这家伙真有意思"}, {"uid": "584386", "content": "这个马赛克绝了"}, {"uid": "396956723", "content": "车准备好了"}, {"uid": "11872189", "content": "草"}, {"uid": "11872189", "content": "我还以为是什么东西很大"}, {"uid": "34703702", "content": "草"}, {"uid": "26410", "content": "对，打了码更se了…"}, {"uid": "38107783", "content": "加油！"}, {"uid": "38107783", "content": "狂"}, {"uid": "4661588", "content": "熟练地版权规避"}, {"uid": "12343804", "content": "blm？"}, {"uid": "4040911", "content": "前面的路我们陪你一起走完"}, {"uid": "532875431", "content": "感觉团长少了一条腿"}, {"uid": "12343804", "content": "加油！"}, {"uid": "96196916", "content": "30上BML表演断头吧"}, {"uid": "313897", "content": "头铁30 出道就撞bml"}, {"uid": "532875431", "content": "这是怕超管警告吗？为什么打码？"}, {"uid": "38107783", "content": "真令人头大"}, {"uid": "12343804", "content": "别这样 硌着团长脑袋了"}, {"uid": "2322190", "content": "压力马斯内"}, {"uid": "207613158", "content": "草"}, {"uid": "437459993", "content": "可爱"}, {"uid": "207613158", "content": "好中二"}, {"uid": "313897", "content": "灵活的小舌头"}, {"uid": "207613158", "content": "视频里的人怎么只有一条腿？"}, {"uid": "342067781", "content": "草"}, {"uid": "207613158", "content": "这个马赛克……"}, {"uid": "4161388", "content": "P家撞车也不是一次两次了（笑）"}, {"uid": "38845380", "content": "撞车拉拉"}, {"uid": "454119302", "content": "www"}, {"uid": "342067781", "content": "还记得那天全屏的，“我回来了”，“大丈夫”之类的。哈哈"}, {"uid": "23561820", "content": "草"}, {"uid": "434408610", "content": "你很懂哦"}, {"uid": "432135", "content": "好家伙 我当时都没觉得好涩"}, {"uid": "90601028", "content": "草"}, {"uid": "350700017", "content": "再来亿遍背影"}, {"uid": "12502005", "content": "这也能让我破防?呜呜呜"}, {"uid": "8284532", "content": "涩起来了"}, {"uid": "147123", "content": "草"}, {"uid": "3172880", "content": "不许涩团长，不许涩团长"}, {"uid": "575398", "content": "Pr起来了草"}, {"uid": "1817888", "content": "好厚の码"}, {"uid": "403388920", "content": "不愧是你"}, {"uid": "28275", "content": "但是那天我在看你啊~"}, {"uid": "2203831", "content": "像是团长拿着30眼睛2333"}, {"uid": "87778194", "content": "前方高能左下角"}, {"uid": "520929", "content": "很懂哦"}, {"uid": "2500994", "content": "色起来了"}, {"uid": "2500994", "content": "这弹幕挡了个寂寞"}, {"uid": "36077319", "content": "草"}, {"uid": "31337711", "content": "你才知道啊"}, {"uid": "183203", "content": "是不是视频要打码？"}, {"uid": "16421103", "content": "草"}, {"uid": "2756033", "content": "这码 绝了"}, {"uid": "10778462", "content": "草"}, {"uid": "71329244", "content": "钢板太冷了冻着团长了"}, {"uid": "35538918", "content": "这样看hso"}, {"uid": "25184876", "content": "乗り上がる"}, {"uid": "251552385", "content": "我有熟练的版权规避"}, {"uid": "28954108", "content": "mua"}, {"uid": "285826982", "content": "草"}, {"uid": "36774639", "content": "草"}, {"uid": "403388920", "content": "草"}, {"uid": "747098", "content": "你很懂嘛"}, {"uid": "37458259", "content": "r18？"}, {"uid": "2822100", "content": "草"}, {"uid": "1436489", "content": "~~"}, {"uid": "31337711", "content": "就你最会玩"}, {"uid": "2756033", "content": "团长 从后面钻了出来"}, {"uid": "532875431", "content": "发生什么事了???"}, {"uid": "22363074", "content": "硬刚bml，不愧是你"}, {"uid": "569657", "content": "你才知道"}, {"uid": "2629851", "content": "草草草"}, {"uid": "22093138", "content": "平板垫脑"}, {"uid": "30462482", "content": "为啥要打码"}, {"uid": "189854873", "content": "hso"}, {"uid": "129001766", "content": "来了来了"}, {"uid": "355927848", "content": "嘿嘿嘿"}, {"uid": "23001624", "content": "草"}, {"uid": "8438046", "content": "草"}, {"uid": "25184876", "content": "贴贴"}, {"uid": "13976403", "content": "草"}, {"uid": "21482042", "content": "思春期色小鬼"}, {"uid": "285826982", "content": "虚空贴贴"}, {"uid": "12673727", "content": "铁头娃"}, {"uid": "403388920", "content": "妈妈！！！"}, {"uid": "2203831", "content": "草"}, {"uid": "194175206", "content": "草这吗打的"}, {"uid": "544972", "content": "团长的腿真棒"}, {"uid": "544972", "content": "啊这..."}, {"uid": "536114", "content": "版权内容无法播放.jpg"}, {"uid": "2180116", "content": "钢板太冷了"}, {"uid": "31337711", "content": "草"}, {"uid": "23548440", "content": "白菜看都没打码"}, {"uid": "735591", "content": "确实打码像比基尼，草"}, {"uid": "735591", "content": "你们不对劲"}, {"uid": "4219371", "content": "是的"}, {"uid": "12343804", "content": "你才发现？"}, {"uid": "859834", "content": "贴贴"}, {"uid": "326981983", "content": "草"}, {"uid": "160867759", "content": "我瞎了？"}, {"uid": "11625907", "content": "？？？？"}, {"uid": "544299387", "content": "自家还用打马？？"}, {"uid": "288994077", "content": "来了"}, {"uid": "75379", "content": "草"}, {"uid": "403388920", "content": "才。没有哦"}, {"uid": "403388920", "content": "呜呜呜呜"}, {"uid": "5353777", "content": "你很懂嘛"}, {"uid": "49365801", "content": "你才知道啊"}, {"uid": "30254330", "content": "草"}, {"uid": "11147123", "content": "就冲这码给个三连不过分吧"}, {"uid": "6361313", "content": "硬刚bml"}, {"uid": "129001766", "content": "30好会贴啊"}, {"uid": "129001766", "content": "贴贴"}, {"uid": "129001766", "content": "草"}, {"uid": "735591", "content": "打码。。。。。"}, {"uid": "4093010", "content": "我瞎了？"}, {"uid": "394620", "content": "草"}, {"uid": "12343804", "content": "？？！"}, {"uid": "1574139", "content": "来了"}, {"uid": "25184876", "content": "可愛い"}, {"uid": "85802865", "content": "贴贴"}, {"uid": "403388920", "content": "贴了起来"}, {"uid": "5785365", "content": "????????"}, {"uid": "194175206", "content": "草"}, {"uid": "355927848", "content": "哈哈哈"}, {"uid": "854471", "content": "？？？"}, {"uid": "735591", "content": "草"}, {"uid": "2535363", "content": "这个码，可以啊"}, {"uid": "16681197", "content": "HSO"}, {"uid": "4661588", "content": "？"}, {"uid": "7705659", "content": "草"}, {"uid": "342067781", "content": "这里没读懂空气应该是没眼力见的意思"}, {"uid": "1909545", "content": "不打码还好，打了，怎么感觉团长HSO"}, {"uid": "416376757", "content": "hso"}, {"uid": "416376757", "content": "贴"}, {"uid": "432135", "content": "啊 没事 事故拉拉 撞车拉拉 偶尔撞一次BML也是可以理解的"}, {"uid": "1402682786", "content": "秒嗨"}, {"uid": "224657804", "content": "草"}, {"uid": "457326", "content": "这码wwww"}, {"uid": "194175206", "content": "ww"}, {"uid": "544972", "content": "草."}, {"uid": "355927848", "content": "(º﹃º )"}, {"uid": "355927848", "content": "紧脏"}, {"uid": "183203", "content": "是不给放？"}, {"uid": "23001624", "content": "打码HSO"}, {"uid": "38107783", "content": "可爱"}, {"uid": "12343804", "content": "这啥分辨率啊"}, {"uid": "11491479", "content": "？？？"}, {"uid": "5598346", "content": "草"}, {"uid": "296369526", "content": "？？"}, {"uid": "300846", "content": "色小鬼"}]