[{"uid": "8648597", "content": "太多冲击"}, {"uid": "22863629", "content": "攻击三人组"}, {"uid": "3814798", "content": "大家一起察言观色"}, {"uid": "3814798", "content": "（；へ：）"}, {"uid": "93572463", "content": "整活儿之王 甚至能整哭我"}, {"uid": "93572463", "content": "30不说话 胜似无数呐喊"}, {"uid": "93572463", "content": "这个时候带个“帽子”直接无敌了"}, {"uid": "93572463", "content": "我的30  呜呜呜呜呜"}, {"uid": "93572463", "content": "我真的要哭了 草啊"}, {"uid": "337557349", "content": "冥冥民直接投降+哭"}, {"uid": "194175206", "content": "草，雨神BGM"}, {"uid": "6759353", "content": "草"}, {"uid": "354624", "content": "泪，流了下来，绷不住了"}, {"uid": "153338083", "content": "3——0——"}, {"uid": "153338083", "content": "局外人"}, {"uid": "153338083", "content": "太多冲击"}, {"uid": "417972", "content": "这个时候白菜直播间帕清姬都换成冥冥民的牌子"}, {"uid": "39606885", "content": "(';w;`)"}, {"uid": "29454431", "content": "30局外人"}, {"uid": "30514029", "content": "bgm太过分了也QAQ"}, {"uid": "11872189", "content": "所有的感情线都走到了尽头"}, {"uid": "13924851", "content": "她太懂了"}, {"uid": "544972", "content": "永远的好人"}, {"uid": "106021", "content": "草，看到最后竟然一句话没说"}, {"uid": "857549", "content": "冥河的形成.jpg"}, {"uid": "325181", "content": "草"}, {"uid": "121243704", "content": "30的神回太多，这个还比不上那几次断头回吧"}, {"uid": "755531", "content": "大惊失色"}, {"uid": "121243704", "content": "可怜的汤姆啊，去找inga吧"}, {"uid": "121243704", "content": "爱只会转移"}, {"uid": "221372", "content": "一夜白头"}, {"uid": "676610", "content": "冥界与妖精界大战一触即发"}, {"uid": "38525232", "content": "配这么悲伤的歌真的过分了"}, {"uid": "198345176", "content": "开幕就绷不住了"}, {"uid": "37751171", "content": "感觉很难过，笑的有些喘不过气"}, {"uid": "37498399", "content": "草"}, {"uid": "106021", "content": "所以爱会消失的对吗"}, {"uid": "94721476", "content": "太惨了"}, {"uid": "294464633", "content": "这也太惨了"}, {"uid": "3062824", "content": "o(╥﹏╥)o"}, {"uid": "294464633", "content": "这空气太难读了"}, {"uid": "7218098", "content": "3——0——"}, {"uid": "26060294", "content": "精彩的哑剧表演"}, {"uid": "27657907", "content": "局外人"}, {"uid": "3629442", "content": "开幕开哭"}, {"uid": "408645838", "content": "30变透明了"}, {"uid": "786526", "content": "prprppr"}, {"uid": "5690785", "content": "我已经分不清那个是真的弹幕了，我只想哭"}, {"uid": "93572463", "content": "30回来啊 我的30"}, {"uid": "93572463", "content": "我不管 我要哭了"}, {"uid": "478721283", "content": "30的消失"}, {"uid": "337557349", "content": "（‘；w ；’）"}, {"uid": "5040305", "content": "攻击！"}, {"uid": "2207090", "content": "30不哭"}, {"uid": "127978", "content": "30的灵压消失了"}, {"uid": "7653623", "content": "这白发还挺好看的"}, {"uid": "21532255", "content": "lv.30股大卖！！！"}, {"uid": "4250284", "content": "3------0-------"}, {"uid": "4250284", "content": "慘 30 慘"}, {"uid": "36769691", "content": "草"}, {"uid": "590223", "content": "图中表明，可怜的30被aria玩弄在鼓掌之中"}, {"uid": "33919342", "content": "（‘；w ；’）"}, {"uid": "12348017", "content": "3——0——"}, {"uid": "153338083", "content": "太 多 冲 击"}, {"uid": "68054", "content": "还有个头"}, {"uid": "153338083", "content": "花谱乱入"}, {"uid": "39606885", "content": "TAT"}, {"uid": "30514029", "content": "冥河奔流到海不复回"}, {"uid": "4250284", "content": "HSO"}, {"uid": "274336853", "content": "世界名画，跟锤子去年圣京又得一拼"}, {"uid": "2203831", "content": "以前的贴贴已不再"}, {"uid": "408645838", "content": "3——0——"}, {"uid": "212101", "content": "太惨了啊"}, {"uid": "13944251", "content": "少白头"}, {"uid": "51181043", "content": "草"}, {"uid": "4196104", "content": "初音30的消失"}, {"uid": "3603486", "content": "太多冲击"}, {"uid": "12700753", "content": "3----0----"}, {"uid": "2684121", "content": "蚌埠住了"}, {"uid": "94721476", "content": "hso"}, {"uid": "94721476", "content": "草"}, {"uid": "158229081", "content": "这抱着的不是30吗"}, {"uid": "153338083", "content": "可以开始哭了"}, {"uid": "93572463", "content": "30不哭 我们会哭的"}, {"uid": "1739853", "content": "草"}, {"uid": "194175206", "content": "太多冲击，说不出话"}, {"uid": "477790984", "content": "草"}, {"uid": "420713202", "content": "光都没了"}, {"uid": "448925969", "content": "30～"}, {"uid": "30514029", "content": "太多冲击"}, {"uid": "30514029", "content": "泪目"}, {"uid": "7653623", "content": "大家一起察言观色"}, {"uid": "4250284", "content": "慘到爆炸"}, {"uid": "269361710", "content": "T﹏T"}, {"uid": "544972", "content": "草"}, {"uid": "75379", "content": "草"}, {"uid": "509308", "content": "（‘；w ；’）"}, {"uid": "88174095", "content": "好家伙"}, {"uid": "212101", "content": "hso"}, {"uid": "107103503", "content": "暗妃鲁金木"}, {"uid": "25636", "content": "30~~~~~"}, {"uid": "52433747", "content": "局外人"}, {"uid": "1720955", "content": "太多冲击"}, {"uid": "11329290", "content": "hso"}, {"uid": "76082817", "content": "是30的头"}, {"uid": "3168569", "content": "（‘；w ；’）."}, {"uid": "3168569", "content": "（‘；w ；’）"}, {"uid": "30514029", "content": "hso"}, {"uid": "290090344", "content": "太多冲击"}, {"uid": "275515", "content": "www"}, {"uid": "544972", "content": "燃尽了"}, {"uid": "121243704", "content": "绝了，自带弹幕"}, {"uid": "2203831", "content": "30！"}, {"uid": "2203831", "content": "泪目"}, {"uid": "334926483", "content": "草"}, {"uid": "5718643", "content": "草"}, {"uid": "217797936", "content": "草"}, {"uid": "107160", "content": "掉色了"}, {"uid": "4219371", "content": "宝——"}, {"uid": "28954108", "content": "破防了"}, {"uid": "194175206", "content": "wwwww"}, {"uid": "285826982", "content": "30!"}, {"uid": "153338083", "content": "泪目"}, {"uid": "31546332", "content": "草"}, {"uid": "8298552", "content": "绝了"}, {"uid": "8298552", "content": "草"}, {"uid": "23371852", "content": "泪目"}, {"uid": "4250284", "content": "草"}, {"uid": "544972", "content": "太多冲击"}, {"uid": "121112364", "content": "草"}, {"uid": "3066976", "content": "30!!!!!"}, {"uid": "3062824", "content": "hso"}, {"uid": "8648597", "content": "hso"}, {"uid": "194175206", "content": "草"}, {"uid": "27657907", "content": "30！！"}, {"uid": "101962542", "content": "30"}, {"uid": "394620", "content": "不要消失啊！——3！——0！——"}, {"uid": "300846", "content": "草"}, {"uid": "343616", "content": "草"}, {"uid": "300846", "content": "这歌要刻进dna了"}, {"uid": "300846", "content": "草"}, {"uid": "193978638", "content": "冥冥民只会哭"}]