[{"uid": "27631997", "content": "要龙力"}, {"uid": "9062012", "content": "这就是冥冥民的由来吗 草"}, {"uid": "574345", "content": "真的可爱死了"}, {"uid": "88154", "content": "草草草，太会了"}, {"uid": "56595", "content": "草 龙了"}, {"uid": "27037", "content": "危！"}, {"uid": "3603486", "content": "她太懂了"}, {"uid": "5699276", "content": "？？"}, {"uid": "86954029", "content": "我死了"}, {"uid": "11354807", "content": "她太懂了"}, {"uid": "194175206", "content": "耳朵死了（"}, {"uid": "574345", "content": "30，我来冥界找你了！"}, {"uid": "7569830", "content": "她好会哄人啊，说真的"}, {"uid": "334926483", "content": "可恶 为什么这么可爱"}, {"uid": "23001624", "content": "噔噔咚"}, {"uid": "13936795", "content": "她装会的样子好可爱（"}, {"uid": "3651311", "content": "暗妃鲁咪蕾，真是个狡猾的女人呢"}, {"uid": "1808632", "content": "哈哈哈"}, {"uid": "30514029", "content": "草，可爱死了"}, {"uid": "21851472", "content": "令人安心的BGM（）"}, {"uid": "106021", "content": "草"}, {"uid": "415673", "content": "又屑又可爱"}, {"uid": "363811137", "content": "草，真可爱"}, {"uid": "439410591", "content": "太可爱了叭"}, {"uid": "349898206", "content": "她真可爱"}, {"uid": "1434386", "content": "可爱"}, {"uid": "194175206", "content": "该死，这甜美的30"}, {"uid": "11491610", "content": "草"}, {"uid": "12321065", "content": "太可爱了"}, {"uid": "2629851", "content": "她真可爱"}, {"uid": "125720", "content": "大家都去冥界了"}, {"uid": "125720", "content": ",.....?"}, {"uid": "101193063", "content": "这也能整活的啊"}, {"uid": "18745037", "content": "棒读:"}, {"uid": "66910860", "content": "muaaa"}, {"uid": "100732", "content": "太多冲击"}, {"uid": "252552936", "content": "？？？"}, {"uid": "12321065", "content": "太会了"}, {"uid": "3629442", "content": "死了就能去冥界了"}, {"uid": "30982451", "content": "mua"}, {"uid": "30982451", "content": "耳膜冲击"}, {"uid": "196735146", "content": "到冥界了"}, {"uid": "130958", "content": "？"}, {"uid": "35784689", "content": "mua  mua"}, {"uid": "71329244", "content": "刚好死了可以去冥界么，冥界女王的黑暗阴谋"}, {"uid": "306973215", "content": "非静止画面"}, {"uid": "32818399", "content": "可爱！"}, {"uid": "93875339", "content": "mua～"}, {"uid": "652139775", "content": "危"}, {"uid": "86954029", "content": "整活能手"}, {"uid": "194175206", "content": "草"}, {"uid": "546643", "content": "？"}, {"uid": "294464633", "content": "gachi打法"}, {"uid": "35784689", "content": "muaa"}, {"uid": "36769691", "content": "mua"}, {"uid": "36769691", "content": "mua"}, {"uid": "4661588", "content": "mua"}, {"uid": "39348789", "content": "太多冲击"}, {"uid": "7991044", "content": "看嘴型就知道你要mua"}, {"uid": "194175206", "content": "30，我来见你了！！"}, {"uid": "34435038", "content": "mua"}, {"uid": "2629851", "content": "mua"}, {"uid": "13792286", "content": "muamua"}, {"uid": "185872154", "content": "草"}, {"uid": "423802212", "content": "???"}, {"uid": "22421009", "content": "哈哈哈哈哈"}, {"uid": "86006122", "content": "太多冲击"}, {"uid": "3156545", "content": "草"}, {"uid": "3603486", "content": "草"}, {"uid": "141178947", "content": "mua"}, {"uid": "5915411", "content": "aｗｓｌ"}, {"uid": "6361313", "content": "草"}, {"uid": "12891523", "content": "mua"}, {"uid": "545950", "content": "mua"}, {"uid": "6759353", "content": "mua"}, {"uid": "544972", "content": "可爱"}, {"uid": "12321065", "content": "hhhh"}, {"uid": "3690746", "content": "皮小鬼"}, {"uid": "7451126", "content": "？？？"}, {"uid": "64659108", "content": "求bgm"}, {"uid": "106021", "content": "神切片（"}, {"uid": "56595", "content": "太多葱鸡"}, {"uid": "406349620", "content": "awsl"}, {"uid": "652139775", "content": "草"}, {"uid": "106021", "content": "mua"}, {"uid": "6361313", "content": "mua"}, {"uid": "546643", "content": "mua"}, {"uid": "29420546", "content": "muaaa"}, {"uid": "107160", "content": "なに？！"}, {"uid": "6759353", "content": "mua"}, {"uid": "13792286", "content": "草"}, {"uid": "35299806", "content": "草"}, {"uid": "49915678", "content": "太多冲击"}, {"uid": "36769691", "content": "草"}, {"uid": "212101", "content": "mua"}, {"uid": "3245960", "content": "？？？"}, {"uid": "4661588", "content": "草"}, {"uid": "2629851", "content": "awsl"}, {"uid": "194175206", "content": "mua"}, {"uid": "12891523", "content": "awsl"}, {"uid": "12891523", "content": "草"}, {"uid": "100732", "content": "？"}, {"uid": "2874576", "content": "30怎么可以那么可爱"}, {"uid": "11344630", "content": "mua"}, {"uid": "4912018", "content": "草w"}, {"uid": "53829602", "content": "草"}, {"uid": "383084018", "content": "？？？"}, {"uid": "406349620", "content": "？"}, {"uid": "5855044", "content": "草"}, {"uid": "694641688", "content": "mua"}, {"uid": "101962542", "content": "mua"}, {"uid": "334926483", "content": "mua"}, {"uid": "334926483", "content": "草"}, {"uid": "7713860", "content": "草"}, {"uid": "129859374", "content": "awsl"}, {"uid": "88535755", "content": "mua"}, {"uid": "4912018", "content": "草"}, {"uid": "475596", "content": "草"}, {"uid": "415673", "content": "草"}, {"uid": "574345", "content": "草"}, {"uid": "86954029", "content": "kksk"}, {"uid": "457326", "content": "mua"}, {"uid": "5785365", "content": "aWSL"}, {"uid": "40125447", "content": "为什么粉丝数变少了"}]