[{"uid": "22901176", "content": "草"}, {"uid": "282103", "content": "好 人 二 位"}, {"uid": "30299777", "content": "帕里是帕克哈哈哈哈"}, {"uid": "13443040", "content": "这也太能整活力"}, {"uid": "334926483", "content": "草。。"}, {"uid": "1941721212", "content": "噗哈哈哈"}, {"uid": "33327261", "content": "草草草"}, {"uid": "22421009", "content": "泪~奔了出来！"}, {"uid": "9089370", "content": "咪蕾太可爱了"}, {"uid": "49144633", "content": "弔图太多了"}, {"uid": "874099", "content": "草 这不是那个5000兆円欲しい的原格式么"}, {"uid": "194175206", "content": "点击关注，一键追番"}, {"uid": "194175206", "content": "re:30"}, {"uid": "4439854", "content": "弔图一堆"}, {"uid": "13275281", "content": "帕里哈哈哈哈哈"}, {"uid": "23367498", "content": "草"}, {"uid": "90962120", "content": "太多弔图"}, {"uid": "38000529", "content": "泪目"}, {"uid": "75379", "content": "草"}, {"uid": "75379", "content": "草"}, {"uid": "15509041", "content": "草"}, {"uid": "15509041", "content": "草"}, {"uid": "2178186", "content": "加油"}, {"uid": "2178186", "content": "大型悲情连续剧"}, {"uid": "2178186", "content": "哈哈哈"}, {"uid": "5582949", "content": "回忆杀"}, {"uid": "3579556", "content": "太多冲击"}, {"uid": "2935232", "content": "这些低音唱的真好"}, {"uid": "4148560", "content": "草"}, {"uid": "36769691", "content": "草"}, {"uid": "341496619", "content": "草"}, {"uid": "128541", "content": "个好人"}, {"uid": "23352835", "content": "组织语言ing"}, {"uid": "354624", "content": "草"}, {"uid": "354624", "content": "P家整活大师，无论国内还是国外，我愿称之为整活第一人"}, {"uid": "2163611", "content": "我只能说你的叼图在我之上"}, {"uid": "2163611", "content": "30真的太能整活了"}, {"uid": "11843907", "content": "太草了"}, {"uid": "11843907", "content": "又到了那个季节"}, {"uid": "286621735", "content": "太多冲击"}, {"uid": "286621735", "content": "太惨了QAQ"}, {"uid": "286621735", "content": "QAQ"}, {"uid": "286621735", "content": "草太惨了"}, {"uid": "286621735", "content": "泪目"}, {"uid": "68555", "content": "好多弔图啊"}, {"uid": "18757490", "content": "帕里是魔女咯"}, {"uid": "9272615", "content": "弔图一堆"}, {"uid": "100408696", "content": "这"}, {"uid": "144166", "content": "dc全熟好评"}, {"uid": "3844363", "content": "草"}, {"uid": "88025177", "content": "30，我的超人"}, {"uid": "2203831", "content": "哭了"}, {"uid": "73354022", "content": "草"}, {"uid": "88025177", "content": "30，我的30"}, {"uid": "266679665", "content": "太多冲击"}, {"uid": "392970681", "content": "弔图一堆"}, {"uid": "392970681", "content": "太草了哈哈哈"}, {"uid": "131478", "content": "眼睛失去高光"}, {"uid": "75379", "content": "草 弔图一堆"}, {"uid": "470952496", "content": "草"}, {"uid": "15165699", "content": "这个图哈哈"}, {"uid": "200863", "content": "开幕雷击"}, {"uid": "21622878", "content": "草"}, {"uid": "12993427", "content": "草"}, {"uid": "4102345", "content": "这人弔图怎么这么多"}, {"uid": "32423963", "content": "草"}, {"uid": "286621735", "content": "好像走马灯"}, {"uid": "10518197", "content": "现在已经晋升好人一位了"}, {"uid": "198687504", "content": "23333"}, {"uid": "2178186", "content": "草"}, {"uid": "153338083", "content": "世界名画"}, {"uid": "153338083", "content": "开幕雷击"}, {"uid": "5662342", "content": "太草了"}, {"uid": "9272615", "content": "太多冲击"}, {"uid": "10518197", "content": "终于转生到异世界了"}, {"uid": "8254260", "content": "太多冲击"}, {"uid": "67655543", "content": "草"}, {"uid": "355270351", "content": "哭了"}, {"uid": "171429609", "content": "30，整活的神"}, {"uid": "334926483", "content": "草"}, {"uid": "2203831", "content": "泪目"}, {"uid": "194175206", "content": "太多冲击"}, {"uid": "75379", "content": "泪目"}, {"uid": "49915678", "content": "太多冲击"}, {"uid": "30982451", "content": "太多冲击"}, {"uid": "4148560", "content": "草！！！"}, {"uid": "33850430", "content": "T_TT_T"}, {"uid": "33850430", "content": "QAQ"}, {"uid": "495673718", "content": "好人"}, {"uid": "2466863", "content": "草"}, {"uid": "11843907", "content": "草"}, {"uid": "88025177", "content": "草"}, {"uid": "40025213", "content": "泪目泪目"}, {"uid": "38236406", "content": "太惨了"}, {"uid": "2163611", "content": "叼图一堆真的"}, {"uid": "286621735", "content": "草"}, {"uid": "230337405", "content": "草"}, {"uid": "9272615", "content": "草"}, {"uid": "14150446", "content": "开幕雷击"}, {"uid": "10778462", "content": "太惨了"}, {"uid": "10778462", "content": "好"}, {"uid": "28662020", "content": "哈哈"}, {"uid": "57578913", "content": "草"}, {"uid": "38236406", "content": "草"}, {"uid": "6221030", "content": "wwwwwwwwwwww"}, {"uid": "326989748", "content": "草"}, {"uid": "194175206", "content": "wwww"}, {"uid": "32423963", "content": "离谱"}, {"uid": "100408696", "content": "这"}, {"uid": "100408696", "content": "草"}, {"uid": "230337405", "content": "草"}, {"uid": "392970681", "content": "草"}]