[{"uid": "454765579", "content": "左眼跳财，右眼跳灾 "}, {"uid": "18652672", "content": "好像"}, {"uid": "213811009", "content": "母性泛滥"}, {"uid": "213811009", "content": "能做女朋友的都变成女儿了"}, {"uid": "32218314", "content": "我DNA动了"}, {"uid": "198700234", "content": "因为他永远是张京华的老婆和老公"}, {"uid": "442023", "content": "难道你觉得帕里只为了一个人才长的那么帅的么？"}, {"uid": "1579824533", "content": "怎…怎么了？突然发出那么大的声音？"}, {"uid": "67778694", "content": "DNA自动转录（"}, {"uid": "67778694", "content": "《妈妈已经三天没打我了》"}, {"uid": "3500192", "content": "说不定是帕里dna动了（"}, {"uid": "122366604", "content": "DNA动了"}, {"uid": "1943919", "content": "突变鬼故事"}, {"uid": "3970880", "content": "帕里应该换个思维，他找男朋友就很容易了"}, {"uid": "37913832", "content": "带   孝   女"}, {"uid": "84240", "content": "庄生晓梦迷蝴蝶"}, {"uid": "359404038", "content": "做梦？"}, {"uid": "7072562", "content": "刻在DNA了？"}, {"uid": "295583822", "content": "为母则刚"}, {"uid": "4040911", "content": "刻入dna"}, {"uid": "351975302", "content": "《一两个》"}, {"uid": "238865667", "content": "嘿嘿嘿嘿"}, {"uid": "2784710", "content": "你的思想很危险啊"}, {"uid": "65695157", "content": "冥界的呼唤"}, {"uid": "212573876", "content": "各位hen...走错了"}, {"uid": "22363074", "content": "用温柔的眼神看着他就好"}, {"uid": "7577621", "content": "他把每一个有女友潜质的人都变成了女儿"}, {"uid": "86098559", "content": "草，好像听到本人声音了"}, {"uid": "128541", "content": "讲的像鬼故事一样"}, {"uid": "173983308", "content": "可能性别把得太死"}, {"uid": "32423963", "content": "草"}, {"uid": "515141436", "content": "我要是女的，直接去追帕里了，那么多可爱的女儿"}, {"uid": "907844", "content": "冷知识：睡觉时DNA也会发生转录"}, {"uid": "88025177", "content": "鬼故事可还行"}, {"uid": "15768226", "content": "天要下雨，娘要嫁人"}, {"uid": "87678727", "content": "我DNA动了  我不睡了"}, {"uid": "1510545", "content": "喂，BGM停了"}, {"uid": "145507", "content": "你一直在笑，就没听过"}, {"uid": "5582949", "content": "条件反射"}, {"uid": "5582949", "content": "大概是因为把身边的女生全变女儿了吧"}, {"uid": "2182394", "content": "你明明就在笑！根本就没有停过！"}, {"uid": "1921751", "content": "帕里怕是DNA动了（）"}, {"uid": "20157703", "content": "噗哈哈哈哈哈哈"}, {"uid": "52453166", "content": "傻孩子，他只是不想搭理你"}, {"uid": "236973", "content": "DNA动了"}, {"uid": "334926483", "content": "草？"}, {"uid": "3970880", "content": "毕竟是继承了妈妈好人体质的女儿"}, {"uid": "401099828", "content": "daisuki"}, {"uid": "2766392", "content": "我懂了，又到了白色相簿的季节了"}, {"uid": "7072562", "content": "找BGM的能力，遗传自京华（雾）"}, {"uid": "7950335", "content": "很难不断首"}, {"uid": "4468279", "content": "病情加重"}, {"uid": "198421419", "content": "哈哈哈哈哈哈哈"}, {"uid": "45553413", "content": "我要是女的，我就去追帕里了"}, {"uid": "602770583", "content": "哈哈哈哈哈哈"}, {"uid": "10518197", "content": "这里的意思是“起码也应该交过一两个女朋友（过去式）”"}, {"uid": "35354722", "content": "这不是找打吗？"}, {"uid": "2163611", "content": "噔噔咚"}, {"uid": "34764024", "content": "草"}, {"uid": "185872154", "content": "草"}, {"uid": "4732652", "content": "你隔这儿写散文呢？"}, {"uid": "28704270", "content": "无限触碰雷区"}, {"uid": "556547", "content": "←别去追帕里，你也会变成他女儿的"}, {"uid": "15138435", "content": "草，夺笋啊"}, {"uid": "401099828", "content": "一 两 个"}, {"uid": "401099828", "content": "他把能当女朋友的女人都变成了女儿"}, {"uid": "7607529", "content": "大suki"}, {"uid": "11292122", "content": "嘿嘿嘿"}, {"uid": "8410443", "content": "草"}, {"uid": "3603486", "content": "草"}, {"uid": "194175206", "content": "同病相怜"}, {"uid": "1434386", "content": "草"}, {"uid": "15768226", "content": "她哪来这么多曲儿啊啊啊啊啊"}, {"uid": "200863", "content": "因为你把能当女朋友的都变成女儿了"}, {"uid": "22745306", "content": "因为有孩子吧"}, {"uid": "24896030", "content": "草"}, {"uid": "13728504", "content": "好像"}, {"uid": "82443074", "content": "帕里mana贴贴（"}, {"uid": "1921751", "content": "草"}, {"uid": "7072562", "content": "一 两 个"}, {"uid": "530284986", "content": "一转恐怖"}, {"uid": "258465313", "content": "痴汉"}, {"uid": "8357250", "content": "mana真爱"}, {"uid": "17784911", "content": "草"}, {"uid": "41895461", "content": "草"}, {"uid": "359113171", "content": "草"}, {"uid": "403327", "content": "痴汉帕里"}, {"uid": "351975302", "content": "草"}, {"uid": "4468279", "content": "发病专用bgm"}, {"uid": "2784710", "content": "mana帕文艺复兴？"}, {"uid": "36769691", "content": "草"}, {"uid": "36769691", "content": "两个，挺好"}, {"uid": "231667339", "content": "草"}, {"uid": "7577621", "content": "没办法，一个两个的都成女儿了就不好下手了吧哈哈哈"}, {"uid": "326294813", "content": "一“两”个"}, {"uid": "194175206", "content": "www"}, {"uid": "13185222", "content": "印堂发黑"}, {"uid": "231052509", "content": "草"}, {"uid": "88025177", "content": "回他好人（"}, {"uid": "26355078", "content": "草"}, {"uid": "200863", "content": "你这不是在笑嘛"}, {"uid": "21482042", "content": "paryi kimo"}, {"uid": "602770583", "content": "草"}, {"uid": "207613158", "content": "说明mana是真爱"}, {"uid": "2178186", "content": "草"}, {"uid": "4197830", "content": "小鬼"}, {"uid": "20731637", "content": "是因为情商"}, {"uid": "122366604", "content": "草"}, {"uid": "4792886", "content": "你哪有心？？？"}, {"uid": "15138435", "content": "114514是吧"}, {"uid": "21170", "content": "草"}, {"uid": "2992808", "content": "草"}, {"uid": "285826982", "content": "帕里确实长的不错"}, {"uid": "523440453", "content": "草"}, {"uid": "198421419", "content": "草哈哈哈哈哈哈"}, {"uid": "176032", "content": "草"}, {"uid": "23001624", "content": "草"}, {"uid": "194175206", "content": "wwwwwww"}, {"uid": "10256519", "content": "草"}, {"uid": "88025177", "content": "害怕"}, {"uid": "88025177", "content": "又来了"}, {"uid": "13728504", "content": "草"}, {"uid": "11111982", "content": "两个还行"}, {"uid": "300763005", "content": "来了来了"}, {"uid": "10319", "content": "嘿嘿嘿嘿"}, {"uid": "13234278", "content": "草"}, {"uid": "22902249", "content": "草"}, {"uid": "10890200", "content": "》为母则刚《"}, {"uid": "361388268", "content": "那是因为不知道他住哪"}, {"uid": "122366604", "content": "草"}, {"uid": "6811048", "content": "草"}, {"uid": "12738614", "content": "草"}, {"uid": "290090344", "content": "草"}, {"uid": "23699164", "content": "他把能当女朋友的女人都变成了女儿"}, {"uid": "2203831", "content": "两个草"}, {"uid": "179232007", "content": "草"}, {"uid": "2711366", "content": "HSO"}, {"uid": "295583822", "content": "身为人母 为母则刚"}, {"uid": "403327", "content": "草"}, {"uid": "4468279", "content": "包 青 天"}, {"uid": "36769691", "content": "草"}, {"uid": "9028227", "content": "因为每一个想当他女朋友的女人，最后都成了他女儿"}, {"uid": "11480076", "content": "不是……为啥你们要连麦睡觉？"}, {"uid": "194175206", "content": "这啥怪叫"}, {"uid": "316966922", "content": "草"}, {"uid": "5824243", "content": "sodayo"}, {"uid": "10918145", "content": "感同身受"}, {"uid": "482434839", "content": "草"}, {"uid": "33053785", "content": "一两个"}, {"uid": "4661588", "content": "草"}, {"uid": "35354722", "content": "草"}, {"uid": "4912018", "content": "草www"}, {"uid": "1978870", "content": "草"}, {"uid": "190650", "content": "梦里全是mana"}, {"uid": "107122", "content": "你们自己聊天也玩梗的呀"}, {"uid": "383074963", "content": "熊孩子"}, {"uid": "2163611", "content": "挤 眉 弄 眼"}, {"uid": "34307003", "content": "这标题"}, {"uid": "35004205", "content": "泪目"}, {"uid": "21170", "content": "世界难题"}, {"uid": "114964846", "content": "草"}, {"uid": "197784703", "content": "-30，斬首"}, {"uid": "8243531", "content": "悲"}, {"uid": "263259", "content": "因为都成了女儿"}, {"uid": "418420482", "content": "可能真的是dna在说话"}, {"uid": "236973", "content": "？？？"}, {"uid": "50390923", "content": "多少？"}, {"uid": "683473", "content": "别笑出声啊"}, {"uid": "12799154", "content": "qq秀应该用猫猫画的古神帕里"}, {"uid": "359113171", "content": "草"}, {"uid": "2203831", "content": "草"}, {"uid": "2766392", "content": "草"}, {"uid": "345253576", "content": "、"}, {"uid": "523440453", "content": "草"}, {"uid": "523440453", "content": "草"}, {"uid": "3603486", "content": "嘿嘿嘿嘿"}, {"uid": "1692523", "content": "爽哥"}, {"uid": "198421419", "content": "草"}, {"uid": "4102345", "content": "她哪儿找的这么多bgm的啊"}, {"uid": "36769691", "content": "草"}, {"uid": "22363074", "content": "草"}, {"uid": "194175206", "content": "害怕"}, {"uid": "1295223", "content": "草"}, {"uid": "125720", "content": "哈哈哈哈哈"}, {"uid": "907844", "content": "草"}, {"uid": "19028270", "content": "草"}, {"uid": "85790419", "content": "草"}, {"uid": "578283", "content": "草"}, {"uid": "82443074", "content": "？？？"}, {"uid": "896574", "content": "你不也是这样吗？钢铁直女"}, {"uid": "1820587652", "content": "BGM是什么"}, {"uid": "354750756", "content": "？"}, {"uid": "67778694", "content": "害怕"}, {"uid": "334926483", "content": "草"}, {"uid": "7066749", "content": "wwwwww"}, {"uid": "111194286", "content": "确实"}, {"uid": "241837504", "content": "草"}, {"uid": "37455019", "content": "？？"}, {"uid": "25344895", "content": "草"}, {"uid": "13787857", "content": "笑出声"}, {"uid": "95704", "content": "草"}, {"uid": "2203831", "content": "害怕"}, {"uid": "15342449", "content": "草"}, {"uid": "2766392", "content": "一两个？"}, {"uid": "5598346", "content": "草"}, {"uid": "5598346", "content": "草"}, {"uid": "7950335", "content": "因为都成女儿了"}, {"uid": "10164507", "content": "太多葱击"}, {"uid": "23001624", "content": "qq秀草"}, {"uid": "194175206", "content": "帕里黑料+1"}, {"uid": "11480076", "content": "草"}, {"uid": "2707746", "content": "草"}, {"uid": "11111982", "content": "草"}, {"uid": "82443074", "content": "草"}, {"uid": "174893374", "content": "草"}, {"uid": "14166175", "content": "草"}, {"uid": "67778694", "content": "草"}, {"uid": "436180309", "content": "草"}, {"uid": "50390923", "content": "？？？"}, {"uid": "874099", "content": "你是帕里和京华的女儿吧！bgm切换有京华的风格了"}, {"uid": "308252", "content": "草"}, {"uid": "157507441", "content": "草"}, {"uid": "295583822", "content": "草"}, {"uid": "370769", "content": "草"}, {"uid": "3603486", "content": "草"}, {"uid": "42786064", "content": "sodayo"}, {"uid": "262284680", "content": "草"}, {"uid": "194175206", "content": "草"}, {"uid": "3226900", "content": "孩子，你有没有想过可能只是帕里不想理你wwww"}, {"uid": "602770583", "content": "泪目"}, {"uid": "602770583", "content": "?"}, {"uid": "4661588", "content": "？"}, {"uid": "4912018", "content": "草"}, {"uid": "286466345", "content": "害怕"}, {"uid": "25720923", "content": "草"}, {"uid": "107657792", "content": "草"}, {"uid": "52573821", "content": "？"}, {"uid": "14972105", "content": "草"}, {"uid": "328422", "content": "钢铁男女一对……"}, {"uid": "2163611", "content": "这这这。。老婆你的的思想很危险啊"}, {"uid": "82443074", "content": "草"}, {"uid": "236973", "content": "草"}, {"uid": "31759443", "content": "两个？"}, {"uid": "19522252", "content": "草"}, {"uid": "21170", "content": "大笑女"}, {"uid": "51427", "content": "草"}, {"uid": "262284680", "content": "草"}, {"uid": "194175206", "content": "wwwww"}, {"uid": "360189560", "content": "草"}, {"uid": "32423963", "content": "离谱"}, {"uid": "13171500", "content": "一两个？"}, {"uid": "19784544", "content": "草"}, {"uid": "33376107", "content": "daiyisuki"}, {"uid": "226009589", "content": "草"}]