[{"uid": "10908755", "content": "这里是加了音效？"}, {"uid": "33224269", "content": "wwww"}, {"uid": "130958", "content": "我是铁华团团长，奥尔加伊兹卡dazo"}, {"uid": "282103", "content": "草"}, {"uid": "282103", "content": "神踏马BGM还暂停一下"}, {"uid": "21087005", "content": "我们冥界人吃了阳间的毒药也死不掉的"}, {"uid": "354624", "content": "太草了这个"}, {"uid": "38000529", "content": "-30吐血"}, {"uid": "194175206", "content": "草"}, {"uid": "440545183", "content": "每一步"}, {"uid": "2687115", "content": "恢复高光 X  瞳孔放大 √"}, {"uid": "631896", "content": "每日任务(1/1)"}, {"uid": "153338083", "content": "无情nano"}, {"uid": "153338083", "content": "草 有内味了"}, {"uid": "52573821", "content": "草"}, {"uid": "1434386", "content": "草"}, {"uid": "12653563", "content": "这里可以把琴酒的头也p了"}, {"uid": "30982451", "content": "好活"}, {"uid": "30982451", "content": "你谁啊（棒读)"}, {"uid": "5582949", "content": "你到底有哪一步是走对的"}, {"uid": "694492738", "content": "靠 舔 识 毒"}, {"uid": "434780627", "content": "草"}, {"uid": "11645412", "content": "尼莎尼莎"}, {"uid": "106021", "content": "草，甚至还穿插模仿www"}, {"uid": "11111982", "content": "草"}, {"uid": "432135", "content": "明天三人联动两人失忆 你不是下个受害者就是凶手啊！"}, {"uid": "2193135", "content": "草学的好像"}, {"uid": "10518197", "content": "草re30都还没开始连载，这又要开新坑了"}, {"uid": "2616636", "content": "真正的亲女儿"}, {"uid": "2616636", "content": "太惨了"}, {"uid": "2616636", "content": "向着悲伤的彼岸"}, {"uid": "1821770", "content": "30什么bgm都有"}, {"uid": "51427", "content": "草"}, {"uid": "157763", "content": "整活滴神"}, {"uid": "157763", "content": "《我这把刀涂满了毒药。jpg》"}, {"uid": "176032", "content": "草"}, {"uid": "30514029", "content": "草，开幕雷击就"}, {"uid": "253419", "content": "草"}, {"uid": "253419", "content": "完全一致"}, {"uid": "253419", "content": "你谁啊（无关心）"}, {"uid": "19824793", "content": "草"}, {"uid": "11202938", "content": "草"}, {"uid": "11202938", "content": "草，直接杀人案了"}, {"uid": "2992808", "content": "“这是涂满毒药的匕首~”"}, {"uid": "106356", "content": "翻译字幕太调皮了"}, {"uid": "2203831", "content": "有内味了"}, {"uid": "37367240", "content": "《提供》"}, {"uid": "857588", "content": "草"}, {"uid": "415382982", "content": "报告那场直播有内鬼"}, {"uid": "415382982", "content": "草"}, {"uid": "88025177", "content": "好人称号专属技能：吐血"}, {"uid": "23196727", "content": "草"}, {"uid": "577143", "content": "后期：BGM都不用改了 太好了"}, {"uid": "2109984", "content": "太多冲击"}, {"uid": "212101", "content": "草"}, {"uid": "392481", "content": "草，发现在现场"}, {"uid": "90962120", "content": "实在是太草了"}, {"uid": "356929963", "content": "哈哈哈哈哈哈"}, {"uid": "356929963", "content": "草"}, {"uid": "9737373", "content": "草"}, {"uid": "48561", "content": "这BGM是什么来着"}, {"uid": "3985511", "content": "草"}, {"uid": "396024008", "content": "いい顔ｗ"}, {"uid": "12630046", "content": "草"}, {"uid": "200863", "content": "原来这不是黑化的眼神吗？"}, {"uid": "76358929", "content": "30 吐血"}, {"uid": "282103", "content": "一 转 攻 势"}, {"uid": "12664732", "content": "你还舔了www"}, {"uid": "30982451", "content": "太多冲击"}, {"uid": "174377199", "content": "太多冲击（"}, {"uid": "351975302", "content": "草"}, {"uid": "157763", "content": "圣经复咏"}, {"uid": "90601028", "content": "草"}, {"uid": "13787857", "content": "贼喊捉贼"}, {"uid": "56595", "content": "你谁啊"}, {"uid": "2203831", "content": "草"}, {"uid": "396024008", "content": "30：吐血"}, {"uid": "16586347", "content": "草"}, {"uid": "792601", "content": "30踩我协会"}, {"uid": "30982451", "content": "太多冲击"}, {"uid": "354624", "content": "好活"}, {"uid": "8665575", "content": "-30（化学）"}, {"uid": "478379089", "content": "草"}, {"uid": "9272615", "content": "草"}, {"uid": "30982451", "content": "开幕雷击"}, {"uid": "32423963", "content": "草"}, {"uid": "15342449", "content": "草"}, {"uid": "351975302", "content": "草anti组"}, {"uid": "262284680", "content": "草"}, {"uid": "212101", "content": "冥侦探"}, {"uid": "272679601", "content": "配信天才"}, {"uid": "354624", "content": "草"}, {"uid": "12321065", "content": "哈哈"}, {"uid": "5948639", "content": "誰やんねん"}, {"uid": "10778462", "content": "噔噔咚"}, {"uid": "28662020", "content": "太多冲击"}, {"uid": "316966922", "content": "草"}, {"uid": "106021", "content": "30切片不用找BGM"}, {"uid": "106021", "content": "草"}, {"uid": "56456352", "content": "太多冲击"}, {"uid": "30514029", "content": "太多冲击"}, {"uid": "30514029", "content": "草"}, {"uid": "262284680", "content": "草"}, {"uid": "221220", "content": "泪 目"}, {"uid": "212101", "content": "草"}, {"uid": "8648597", "content": "咋还活着"}, {"uid": "3690746", "content": "草"}, {"uid": "38000529", "content": "草"}, {"uid": "25636", "content": "草"}, {"uid": "116081", "content": "30 整活的神"}, {"uid": "4290466", "content": "草"}, {"uid": "4439854", "content": "草"}, {"uid": "1591623", "content": "草"}, {"uid": "3924121", "content": "草"}, {"uid": "40025213", "content": "草"}, {"uid": "33224269", "content": "整活"}, {"uid": "38381207", "content": "泪目"}, {"uid": "35354722", "content": "太多冲击"}, {"uid": "316966922", "content": "草"}, {"uid": "41895461", "content": "1/1"}, {"uid": "11111982", "content": "你已经死了"}, {"uid": "10256519", "content": "可以可以"}, {"uid": "351975302", "content": "草"}, {"uid": "351975302", "content": "草"}, {"uid": "13792286", "content": "草"}, {"uid": "226824908", "content": "当场暴毙"}, {"uid": "10042939", "content": "你谁啊"}, {"uid": "262284680", "content": "草"}, {"uid": "3715598", "content": "草"}, {"uid": "30254330", "content": "草"}, {"uid": "544972", "content": "草"}, {"uid": "415382982", "content": "草"}, {"uid": "4218620", "content": "草"}, {"uid": "12738614", "content": "草"}, {"uid": "456308956", "content": "草"}, {"uid": "12589975", "content": "下集预告"}, {"uid": "484927", "content": "草"}, {"uid": "396024008", "content": "ｗｗｗ"}, {"uid": "754937", "content": "草"}, {"uid": "33224269", "content": "说不出话来"}, {"uid": "282103", "content": "555"}, {"uid": "28662020", "content": "草"}, {"uid": "67655543", "content": "草"}, {"uid": "4148560", "content": "太强了"}, {"uid": "100732", "content": "太多冲击"}, {"uid": "226824908", "content": "完了"}, {"uid": "25636", "content": "草"}, {"uid": "487279", "content": "草"}, {"uid": "415382982", "content": "提前泪目"}, {"uid": "577143", "content": "BGM"}, {"uid": "13052443", "content": "草"}, {"uid": "51427", "content": "草"}, {"uid": "456308956", "content": "wwwwwwwwwwwwwwwwwww"}, {"uid": "1808632", "content": "草"}, {"uid": "485646", "content": "草"}, {"uid": "396024008", "content": "kksk"}, {"uid": "316966922", "content": "太多衝擊"}, {"uid": "30982451", "content": "草"}, {"uid": "2193135", "content": "草"}, {"uid": "2616636", "content": "你几个月整的活比别人几年的都多"}, {"uid": "1500913", "content": "吐血"}, {"uid": "226824908", "content": "？"}, {"uid": "176032", "content": "草"}, {"uid": "4290466", "content": "人直接没了"}, {"uid": "456308956", "content": "草"}, {"uid": "200863", "content": "草"}, {"uid": "280420640", "content": "一分钟热乎"}, {"uid": "396024008", "content": "ｗｗｗｗ"}, {"uid": "387815997", "content": "wwwwwwwwwwwwww"}, {"uid": "26748349", "content": "草"}, {"uid": "15513859", "content": "草"}, {"uid": "434780627", "content": "草"}, {"uid": "10256519", "content": "66"}, {"uid": "15342449", "content": "草"}, {"uid": "351975302", "content": "？"}, {"uid": "38107783", "content": "草"}, {"uid": "546643", "content": "？"}, {"uid": "116081", "content": "谁？"}, {"uid": "694641688", "content": "草"}, {"uid": "694641688", "content": "草"}, {"uid": "415382982", "content": "草"}, {"uid": "212101", "content": "草w"}, {"uid": "50390923", "content": "？？？"}, {"uid": "212101", "content": "好人"}, {"uid": "3924121", "content": "wwww"}, {"uid": "200863", "content": "好活"}]