[{"uid": "30729039", "content": "马自立"}, {"uid": "37815622", "content": "这不切个害羞表情？www"}, {"uid": "14293639", "content": "哈哈哈草"}, {"uid": "36054639", "content": "猝不及防"}, {"uid": "401099828", "content": "流向改变了"}, {"uid": "401099828", "content": "熟悉的句式"}, {"uid": "3651311", "content": "mua～"}, {"uid": "12700753", "content": "mua"}, {"uid": "587140", "content": "冲了，但又没完全冲出来"}, {"uid": "556547", "content": "这画面看起来像是你在摸阿宅一样……"}, {"uid": "89739012", "content": "哈哈哈哈"}, {"uid": "393294", "content": "ohhhhhhhhhhhhhhhhhhh"}, {"uid": "35086599", "content": "怎么又是定型文"}, {"uid": "12738614", "content": "ohhhhhhhhhhhhh"}, {"uid": "71545650", "content": "别，，，哥们挺不住"}, {"uid": "112776970", "content": "OHHHHHHHHHH！！！！"}, {"uid": "285226", "content": "为啥你读出来这么生草啊"}, {"uid": "32423963", "content": "露易丝定型文"}, {"uid": "8308058", "content": "牙白，突然感觉hso"}, {"uid": "8308058", "content": "ohhhhhhhhhhhhhhhhhh！！！"}, {"uid": "23562069", "content": "wwwww"}, {"uid": "3019210", "content": "嗯？"}, {"uid": "77437", "content": "自  我  呼  吸"}, {"uid": "1371808", "content": "啊 这个已经有一阵没看到了"}, {"uid": "245679691", "content": "肚脐都能看见砧板却看不见 创可贴无疑了（狗头）"}, {"uid": "16287499", "content": "犹露肚脐半蹦迪"}, {"uid": "1808632", "content": "哈哈哈哈哈"}, {"uid": "8470813", "content": "ohhhhhhhhhhhhhhhhhhhh"}, {"uid": "198687504", "content": "kimomo"}, {"uid": "35509930", "content": "草，标准流程"}, {"uid": "37498399", "content": "mua"}, {"uid": "116791", "content": "我呼吸我自己"}, {"uid": "30514029", "content": "这事都准备prprpr了？"}, {"uid": "24489981", "content": "开幕雷击"}, {"uid": "5785365", "content": "prprpprprprprpr"}, {"uid": "217797936", "content": "mmm不对劲"}, {"uid": "262284680", "content": "ohhhhhhhh"}, {"uid": "93572463", "content": "看了个寂寞"}, {"uid": "12521800", "content": "我只看到了一片绝壁"}, {"uid": "2653756", "content": "哈哈哈哈"}, {"uid": "8470813", "content": "ohhhhhhhhhhhhhhhhhhhh"}, {"uid": "2188402", "content": "露易丝定性文"}, {"uid": "37498399", "content": "哈哈哈哈哈"}, {"uid": "326981983", "content": "草"}, {"uid": "99453925", "content": "prprprprprrprprprprprprrprp"}, {"uid": "2629851", "content": "太多冲击"}, {"uid": "242791191", "content": "绝了，这也能踩点"}, {"uid": "6563353", "content": "？？？"}, {"uid": "401099828", "content": "我DNA动了"}, {"uid": "658115", "content": "ん?"}, {"uid": "128681635", "content": "斯哈斯哈斯哈斯哈斯哈"}, {"uid": "12321065", "content": "太懂了"}, {"uid": "45087547", "content": "草"}, {"uid": "46310", "content": "草"}, {"uid": "21781204", "content": "ohhhhhh"}, {"uid": "198687504", "content": "草"}, {"uid": "12630046", "content": "原来有肚脐，细啊"}, {"uid": "37498399", "content": "ohhhhhhhhhhh"}, {"uid": "30514029", "content": "不会真的要来吧"}, {"uid": "35641505", "content": "？？？？？？？"}, {"uid": "626973414", "content": "ohhhhhhhhhhhhhhhh"}, {"uid": "7245334", "content": "哈哈哈哈"}, {"uid": "3970880", "content": "哈哈哈哈哈"}, {"uid": "239935528", "content": "飞机呢喂准备起飞啊！"}, {"uid": "36769691", "content": "草"}, {"uid": "71545650", "content": "他太懂了"}, {"uid": "128681635", "content": "草"}, {"uid": "128681635", "content": "波纹呼吸"}, {"uid": "55451350", "content": "草"}, {"uid": "544972", "content": "冥冥民都好怪哦，我也是？那没事了"}, {"uid": "198687504", "content": "ohhhhhh"}, {"uid": "1808632", "content": "草"}, {"uid": "2629851", "content": "草"}, {"uid": "16541722", "content": "草"}, {"uid": "10853631", "content": "嗯？"}, {"uid": "23562069", "content": "草"}, {"uid": "3019210", "content": "草"}, {"uid": "544972", "content": "好家伙"}, {"uid": "108162851", "content": "好硬的平面"}, {"uid": "13001670", "content": "开幕雷击"}, {"uid": "383084018", "content": "ohhhhhhh"}, {"uid": "14293639", "content": "草"}, {"uid": "123997315", "content": "1:21"}, {"uid": "2629851", "content": "？？？？？"}, {"uid": "3406905", "content": "prprpprpprprpr"}, {"uid": "38819191", "content": "ん？"}, {"uid": "574345", "content": "草"}, {"uid": "874234", "content": "草"}, {"uid": "93572463", "content": "草"}, {"uid": "248271737", "content": "? "}, {"uid": "12321065", "content": "草"}, {"uid": "49164647", "content": "草"}, {"uid": "20335327", "content": "面壁人竟是我自己"}, {"uid": "46862629", "content": "太草了"}, {"uid": "39606885", "content": "哈哈哈哈哈"}, {"uid": "24213285", "content": "麻了"}, {"uid": "21128558", "content": "草"}, {"uid": "21128558", "content": "prprprprprpprpr"}, {"uid": "16713196", "content": "prprprpr"}, {"uid": "24489981", "content": "草"}, {"uid": "587140", "content": "草"}, {"uid": "2629851", "content": "prprprprprprprprpr"}, {"uid": "2629851", "content": "草"}, {"uid": "3406905", "content": "？"}, {"uid": "5774948", "content": "嗯？"}, {"uid": "3450", "content": "prprprprpr"}, {"uid": "36769691", "content": "草"}, {"uid": "39204203", "content": "草"}, {"uid": "8308058", "content": "好！"}, {"uid": "360735841", "content": "23333"}, {"uid": "198687504", "content": "hnya"}, {"uid": "6370967", "content": "草"}, {"uid": "86954029", "content": "草"}, {"uid": "517440", "content": "纯度 太高了"}, {"uid": "94877306", "content": "草"}, {"uid": "4360410", "content": "prprprprprpr"}, {"uid": "4360410", "content": "草"}, {"uid": "35177700", "content": "草"}, {"uid": "23563537", "content": "ん？"}, {"uid": "437417502", "content": "ohhhhhhhh"}, {"uid": "1725527", "content": "草"}, {"uid": "86146303", "content": "草"}, {"uid": "55451350", "content": "？？"}, {"uid": "11067552", "content": "怎么给看砧板"}, {"uid": "37498399", "content": "prprprprprprpr"}, {"uid": "24213285", "content": "草"}, {"uid": "30514029", "content": "草"}, {"uid": "26797237", "content": "草？"}, {"uid": "4360410", "content": "草"}, {"uid": "9109587", "content": "哦哦哦哦哦哦哦哦哦哦哦哦"}, {"uid": "106021", "content": "好耶！"}, {"uid": "5915411", "content": "prprprprprpr"}, {"uid": "28020815", "content": "prprprprprprprpr"}, {"uid": "23928217", "content": "ん？"}, {"uid": "544972", "content": "？？？"}, {"uid": "32818399", "content": "草"}, {"uid": "5541424", "content": "草"}, {"uid": "12208925", "content": "prprprprprpr"}, {"uid": "746108", "content": "prprprprprprprpr"}, {"uid": "5036", "content": "？"}, {"uid": "401099828", "content": "草"}, {"uid": "36769691", "content": "好耶"}, {"uid": "177833598", "content": "prprprprprprprpr"}, {"uid": "19199468", "content": "草"}, {"uid": "13792286", "content": "草"}, {"uid": "9109587", "content": "芜湖！！！！！！！！！！！！！！！"}]