[{"uid": "170726821", "content": "白菜鲨疯了（）"}, {"uid": "19028270", "content": "草1"}, {"uid": "19028270", "content": "草"}, {"uid": "454409066", "content": "好家伙，跟当年马自立一样的发言"}, {"uid": "10518197", "content": "其实是标题的问题"}, {"uid": "12664732", "content": "控　制　变　量　法"}, {"uid": "1591623", "content": "哈哈哈哈哈哈"}, {"uid": "401949515", "content": "草"}, {"uid": "239870250", "content": "哈哈哈哈哈哈"}, {"uid": "12343804", "content": "注:现在日本时间快半夜2点"}, {"uid": "12343804", "content": "控制变量"}, {"uid": "12343804", "content": "排列组合"}, {"uid": "130764455", "content": "用妈妈来挡草"}, {"uid": "31337711", "content": "草"}, {"uid": "31337711", "content": "超管真的迷"}, {"uid": "430019662", "content": "首身离兮。"}, {"uid": "334926483", "content": "草"}, {"uid": "334926483", "content": "草"}, {"uid": "334926483", "content": "大色狼草。。"}, {"uid": "153338083", "content": "都 不 行"}, {"uid": "153338083", "content": "小兔子找妈妈"}, {"uid": "153338083", "content": "草"}, {"uid": "153338083", "content": "白菜全责"}, {"uid": "26055728", "content": "哈哈哈"}, {"uid": "10159973", "content": "neeeeeeeeeeeeeeee"}, {"uid": "7787601", "content": "白菜全责"}, {"uid": "295583822", "content": "赢了，赢了"}, {"uid": "295583822", "content": "ohhhhhhhhhhhhhhhhh"}, {"uid": "295583822", "content": "好活"}, {"uid": "295583822", "content": "小丑竟是我自己"}, {"uid": "295583822", "content": "「The World」"}, {"uid": "499880463", "content": "彩虹猫"}, {"uid": "499880463", "content": "此人已接近崩溃"}, {"uid": "15283237", "content": "没记错是不是这里开始了30的好人之路"}, {"uid": "2686738", "content": "当时人都笑傻了"}, {"uid": "6361313", "content": "其实是标题问题"}, {"uid": "4792886", "content": "草"}, {"uid": "182056229", "content": "前方音量高能"}, {"uid": "11534726", "content": "细数你的罪恶吧"}, {"uid": "11111982", "content": "《有的人活着》"}, {"uid": "16575161", "content": "控制变量法"}, {"uid": "10159973", "content": "moooneeee"}, {"uid": "355927848", "content": "卧槽我才发现这"}, {"uid": "1821770", "content": "标题问题，和直播内容不符"}, {"uid": "13275281", "content": "哈哈哈哈哈哈"}, {"uid": "205202946", "content": "帕里妈妈拥有了名为30的翅膀"}, {"uid": "33607083", "content": "哈哈哈哈哈"}, {"uid": "170865942", "content": "草"}, {"uid": "305617742", "content": "草"}, {"uid": "754937", "content": "草"}, {"uid": "51590328", "content": "弹幕骂超管了"}, {"uid": "319438875", "content": "合成和终止的程式撞了"}, {"uid": "1692523", "content": "呐妈妈妈妈妈妈。。这句话不知道循环了多少遍"}, {"uid": "476606", "content": "都是他画的当然熟练阿"}, {"uid": "115678", "content": "哈哈哈哈哈哈哈哈哈哈哈"}, {"uid": "1503331", "content": "草"}, {"uid": "3207714", "content": "这个谁想得明白啊"}, {"uid": "4744344", "content": "？？？你脑袋都下来了还这么跳"}, {"uid": "532875431", "content": "草"}, {"uid": "182743542", "content": "草"}, {"uid": "182743542", "content": "前面的，早接上了啊"}, {"uid": "7653623", "content": "直播太久了"}, {"uid": "351800333", "content": "事实证明是标题问题，4万纪念的时候30断首也没有啥超管来"}, {"uid": "25520962", "content": "控制变量法"}, {"uid": "25520962", "content": "莫名其妙"}, {"uid": "107122", "content": "你俩为啥母女感这么足呀你俩"}, {"uid": "23588755", "content": "草"}, {"uid": "23588755", "content": "草哈哈哈哈哈哈哈哈"}, {"uid": "7150687", "content": "草"}, {"uid": "5445287", "content": "草"}, {"uid": "7438473", "content": "长翅膀的神"}, {"uid": "5445287", "content": "草"}, {"uid": "297679665", "content": "看把孩子吓的"}, {"uid": "500703005", "content": "控制变量草"}, {"uid": "500703005", "content": "哈哈哈哈哈哈哈"}, {"uid": "36077319", "content": "求生欲拉满"}, {"uid": "36077319", "content": "弹幕激增"}, {"uid": "48153444", "content": "控制变量法"}, {"uid": "85999950", "content": "掉脑袋不太好吧估计是"}, {"uid": "85999950", "content": "2333333"}, {"uid": "8314105", "content": "对比实验法"}, {"uid": "85999950", "content": "确实应该算是设计漏洞"}, {"uid": "3517180", "content": "草"}, {"uid": "85999950", "content": "又是白菜233333"}, {"uid": "85999950", "content": "23333"}, {"uid": "17942399", "content": "给孩子吓得"}, {"uid": "4383405", "content": "防御降临"}, {"uid": "194175206", "content": "奇怪的选择增加了"}, {"uid": "194175206", "content": "小闹钟30"}, {"uid": "194175206", "content": "？？？这两件事有什么关系啊wwww"}, {"uid": "194175206", "content": "护鸡仔"}, {"uid": "194175206", "content": "neeee~ moooooo~（幻听"}, {"uid": "194175206", "content": "wwww"}, {"uid": "494759400", "content": "？？？？？？"}, {"uid": "194175206", "content": "双杀"}, {"uid": "194175206", "content": "哈哈哈被nano终结了"}, {"uid": "194175206", "content": "来自小祖宗的背刺"}, {"uid": "194175206", "content": "白菜全责"}, {"uid": "456612560", "content": "噔 噔 咚"}, {"uid": "10238745", "content": "控制变量法"}, {"uid": "131481353", "content": "wwwww"}, {"uid": "127876", "content": "nano光速超越"}, {"uid": "207613158", "content": "草"}, {"uid": "207613158", "content": "草"}, {"uid": "7991044", "content": "草"}, {"uid": "2279200", "content": "哈哈哈哈哈哈哈"}, {"uid": "2279200", "content": "这一次的分数赢了几分钟"}, {"uid": "171200899", "content": "有种男女朋友的感觉（doge）"}, {"uid": "33919342", "content": "草？"}, {"uid": "7438473", "content": "草"}, {"uid": "281696514", "content": "自知之明"}, {"uid": "5276373", "content": "遇到危险叫妈妈"}, {"uid": "12993427", "content": "草"}, {"uid": "230215617", "content": "原来是这回事啊"}, {"uid": "2856263", "content": "帕里长翅膀了"}, {"uid": "454961000", "content": "超管警告全靠猜"}, {"uid": "13047177", "content": "这俩人的互动竟该死的甜"}, {"uid": "76082817", "content": "此时帕里还没意识到小闹钟的觉醒"}, {"uid": "85790419", "content": "wwwwwwww"}, {"uid": "11872189", "content": "为什么会觉得抱着头是很正常的事啊草"}, {"uid": "85790419", "content": "wwwwwwww"}, {"uid": "13784559", "content": "《我懂了》"}, {"uid": "342032633", "content": "啥时候把头接上啊啊啊啊啊"}, {"uid": "36339998", "content": "nano:嫌い"}, {"uid": "7545689", "content": "草"}, {"uid": "3544121", "content": "躲在妈妈后面"}, {"uid": "65891891", "content": "帕里盾"}, {"uid": "20955684", "content": "你也知道啊"}, {"uid": "384796790", "content": "哈哈哈哈哈哈哈"}, {"uid": "384796790", "content": "哈哈哈哈哈哈"}, {"uid": "384796790", "content": "草"}, {"uid": "384796790", "content": "草"}, {"uid": "16633967", "content": "哈哈哈哈"}, {"uid": "107122", "content": "草，叫家长"}, {"uid": "36174335", "content": "草"}, {"uid": "272370698", "content": "Nano第一次就一千三来着"}, {"uid": "511997225", "content": "boin747草"}, {"uid": "26631631", "content": "这个妈妈连呼鬼知道我听了几遍"}, {"uid": "333082064", "content": "十九分，还很热乎"}, {"uid": "29655499", "content": "哈哈哈哈"}, {"uid": "39189735", "content": "遇到危险就召唤妈妈是所有生物的共识呢"}, {"uid": "36769691", "content": "草"}, {"uid": "37212035", "content": "帕里以为是来邀功的"}, {"uid": "37212035", "content": "火灾报警草"}, {"uid": "37212035", "content": "妈妈盾"}, {"uid": "300846", "content": "这个时候的nano与30还是那么美好"}, {"uid": "87194636", "content": "火 帕里 火"}, {"uid": "5353777", "content": "下面那个嫌いwww"}, {"uid": "217797936", "content": "正下：nano：嫌い！！"}, {"uid": "37212035", "content": "不简单的进度条"}, {"uid": "94721476", "content": "白菜全责"}, {"uid": "23196727", "content": "草"}, {"uid": "300846", "content": "草草草牵丝蝠震怒"}, {"uid": "454409066", "content": "砸瓦鲁多"}, {"uid": "85999950", "content": "我最高就到1000分"}, {"uid": "194175206", "content": "大姐全责"}, {"uid": "7607529", "content": "草"}, {"uid": "454409066", "content": "她又懂了"}, {"uid": "401707106", "content": "胸都没有的在这说什么呢"}, {"uid": "499880463", "content": "卡了"}, {"uid": "11111982", "content": "什么弔图"}, {"uid": "21896921", "content": "？？"}, {"uid": "170865942", "content": "你又懂了？"}, {"uid": "291392091", "content": "白菜全责"}, {"uid": "4073161", "content": "草"}, {"uid": "8470813", "content": "然后没几分钟就被反超了"}, {"uid": "470952496", "content": "草"}, {"uid": "23297023", "content": "草，我DNA动了"}, {"uid": "23297023", "content": "草"}, {"uid": "153338083", "content": "哦~~~"}, {"uid": "295583822", "content": "她懂了"}, {"uid": "185872154", "content": "草"}, {"uid": "170865942", "content": "白菜全责"}, {"uid": "182743542", "content": "草"}, {"uid": "13792286", "content": "呐呐呐"}, {"uid": "194175206", "content": "太菜羽了"}, {"uid": "925980", "content": "草"}, {"uid": "490127301", "content": "草"}, {"uid": "512770", "content": "草"}, {"uid": "35777504", "content": "草"}, {"uid": "243971358", "content": "哈哈，太菜了，还没nano一半厉害"}, {"uid": "89025819", "content": "？"}, {"uid": "194175206", "content": "草草"}, {"uid": "114864562", "content": "草"}, {"uid": "2029860", "content": "草"}, {"uid": "1915743556", "content": "五千兆元草"}, {"uid": "90601028", "content": "草"}, {"uid": "295583822", "content": "moooooooo～"}, {"uid": "427000496", "content": "白菜全责，payi那也是"}, {"uid": "438353447", "content": "我第一次都跟这差不多啊"}, {"uid": "170865942", "content": "真的菜"}, {"uid": "170865942", "content": "草"}, {"uid": "30514029", "content": "草"}, {"uid": "35777504", "content": "草"}, {"uid": "35777504", "content": "菜是原罪"}, {"uid": "194175206", "content": "wwww"}, {"uid": "194175206", "content": "nano单杀30三回"}, {"uid": "194175206", "content": "草"}, {"uid": "342032633", "content": "为什么toilets还是分的啊？"}, {"uid": "5678750", "content": "草"}, {"uid": "153338083", "content": "泪目"}, {"uid": "295583822", "content": "没了"}, {"uid": "2629851", "content": "草"}, {"uid": "75379", "content": "？"}, {"uid": "4744344", "content": "草"}, {"uid": "123454368", "content": "啊这……"}, {"uid": "99753039", "content": "cao"}, {"uid": "207613158", "content": "草"}, {"uid": "41895461", "content": "草"}, {"uid": "23196727", "content": "？？"}, {"uid": "23196727", "content": "草"}, {"uid": "7826038", "content": "看到这个头突然想这个头是不是最大的。。"}, {"uid": "153338083", "content": "赢了赢了赢了"}, {"uid": "2651859", "content": "你懂个锤子"}, {"uid": "10159973", "content": "草"}, {"uid": "13275281", "content": "草"}, {"uid": "500703005", "content": "我懂了"}, {"uid": "7438473", "content": "草"}, {"uid": "6221030", "content": "cao"}, {"uid": "36769691", "content": "草"}, {"uid": "434675161", "content": "草"}, {"uid": "32021142", "content": "大色狼"}, {"uid": "153338083", "content": "咋瓦鲁多"}, {"uid": "305617742", "content": "草"}, {"uid": "38107783", "content": "草"}, {"uid": "12700753", "content": "草"}, {"uid": "66090250", "content": "?"}, {"uid": "28954108", "content": "草"}, {"uid": "13198149", "content": "？"}]