[{"uid": "40633692", "content": "草"}, {"uid": "355015489", "content": "(:3_ヽ)_"}, {"uid": "23001624", "content": "孝死我了"}, {"uid": "8387458", "content": "草"}, {"uid": "26543963", "content": "石刑是那个把人埋到地里然后对着扔石头的那个？"}, {"uid": "26543963", "content": "又改词？"}, {"uid": "26543963", "content": "呃，DNA动了（我把这歌设成闹钟了）"}, {"uid": "29140567", "content": "草"}, {"uid": "4909247", "content": "？"}, {"uid": "17784911", "content": "草"}, {"uid": "16734976", "content": "孝嘶我了"}, {"uid": "2655419", "content": "好活！"}, {"uid": "401099828", "content": "孝死我了"}, {"uid": "401099828", "content": "草"}, {"uid": "401099828", "content": "草"}, {"uid": "141178947", "content": "＼30/＼30/＼30/"}, {"uid": "107122", "content": "格佬"}, {"uid": "5494791", "content": "这左右声道绝了"}, {"uid": "5779356", "content": "草"}, {"uid": "5779356", "content": "字幕组强强！"}, {"uid": "5779356", "content": "草"}, {"uid": "4661588", "content": "？？"}, {"uid": "157771998", "content": "目测高能"}, {"uid": "128541", "content": "可可爱爱"}, {"uid": "10778462", "content": "？？？？"}, {"uid": "2784710", "content": "谢谢，有被孝到"}, {"uid": "470952496", "content": "草"}, {"uid": "11846045", "content": "原太阳神已死，好人当立（？）"}, {"uid": "408645838", "content": "草"}, {"uid": "36769691", "content": "母慈女孝"}, {"uid": "36769691", "content": "草"}, {"uid": "351975302", "content": "左右声道好评"}, {"uid": "129859374", "content": "？？？"}, {"uid": "7653623", "content": "大孝女"}, {"uid": "3207714", "content": "死ね~"}, {"uid": "8157972", "content": "草"}, {"uid": "2935232", "content": "草"}, {"uid": "22390536", "content": "草"}, {"uid": "22390536", "content": "草"}, {"uid": "32191148", "content": "草"}, {"uid": "13275281", "content": "帕里又死了啊"}, {"uid": "36769691", "content": "草"}, {"uid": "2686738", "content": "啊？"}, {"uid": "239870250", "content": "草"}, {"uid": "17784911", "content": "草"}, {"uid": "101193063", "content": "草"}, {"uid": "4661588", "content": "？？？"}, {"uid": "1876620", "content": "草"}, {"uid": "284044784", "content": "草"}, {"uid": "285826982", "content": "草"}, {"uid": "86926515", "content": "草"}, {"uid": "7991044", "content": "害怕"}, {"uid": "202206590", "content": "草"}, {"uid": "2178186", "content": "www"}, {"uid": "530214", "content": "文艺复兴啊"}, {"uid": "474316513", "content": "＼30/＼30/＼30/"}, {"uid": "353593114", "content": "草"}, {"uid": "96411455", "content": "草"}, {"uid": "9272615", "content": "草"}, {"uid": "230337405", "content": "草"}, {"uid": "7374249", "content": "好听啊"}, {"uid": "285826982", "content": "草"}, {"uid": "1397947", "content": "草"}, {"uid": "316966922", "content": "草"}, {"uid": "65272457", "content": "草"}, {"uid": "3450", "content": "草"}, {"uid": "22390536", "content": "烫手"}, {"uid": "88556721", "content": "草"}, {"uid": "2655419", "content": "草"}, {"uid": "38000529", "content": "害怕"}, {"uid": "221372", "content": "带孝女"}, {"uid": "694492738", "content": "害怕"}, {"uid": "4225009", "content": "草"}, {"uid": "50711397", "content": "草"}, {"uid": "43846794", "content": "草"}, {"uid": "487279", "content": "孝死了"}, {"uid": "23562069", "content": "草"}, {"uid": "2178186", "content": "草"}, {"uid": "17784911", "content": "草"}, {"uid": "128541", "content": "麻辣兔头就是你做的？"}, {"uid": "694492738", "content": "草"}, {"uid": "9535416", "content": "草"}, {"uid": "89342995", "content": "草"}, {"uid": "11370897", "content": "1"}, {"uid": "99518530", "content": "草"}, {"uid": "789928", "content": "草"}]