[{"uid": "8648597", "content": "全家草"}, {"uid": "153338083", "content": "自欺欺人"}, {"uid": "12460143", "content": "三 连 击"}, {"uid": "76082817", "content": "泽 塔 奥 特 曼"}, {"uid": "37815622", "content": "屁股痒了，该打了（doge"}, {"uid": "441129968", "content": "违章建筑"}, {"uid": "34593348", "content": "堵上p（眼"}, {"uid": "194175206", "content": "出来吧，古守鸡！！"}, {"uid": "20317592", "content": "草"}, {"uid": "2629851", "content": "草草草"}, {"uid": "23134800", "content": "这句也太可爱了咪蕾！！"}, {"uid": "291031618", "content": "这都能弄话，我赐你为弄活女王"}, {"uid": "112776970", "content": "这也太生草了2333"}, {"uid": "28233581", "content": "居然有点好看？？？"}, {"uid": "245679691", "content": "什么？把P的洞堵住？（doge）"}, {"uid": "327388057", "content": "危"}, {"uid": "327388057", "content": "迟早出咪蕾按钮"}, {"uid": "327388057", "content": "摇摇乐！"}, {"uid": "2203831", "content": "真白马里奥"}, {"uid": "10778462", "content": "门铃这块是给你玩明白了"}, {"uid": "39813625", "content": "会玩~~"}, {"uid": "2636434", "content": "国际友好手势"}, {"uid": "2636434", "content": "不愧是你"}, {"uid": "471684247", "content": "made in haven"}, {"uid": "9539753", "content": "危"}, {"uid": "1845972", "content": "全家的门铃233"}, {"uid": "2407523", "content": "慈 父"}, {"uid": "17784911", "content": "天堂制造草"}, {"uid": "17784911", "content": "草"}, {"uid": "427507", "content": "遥相辉映（"}, {"uid": "24277143", "content": "太草了"}, {"uid": "579930", "content": "案件回放"}, {"uid": "106021", "content": "说起来这个p有人注意到吗ww"}, {"uid": "217797936", "content": "1/1"}, {"uid": "217797936", "content": "欢迎光临（"}, {"uid": "217797936", "content": "这按钮不能要了"}, {"uid": "6811048", "content": "草？？？"}, {"uid": "27657907", "content": "世界线收束"}, {"uid": "95477596", "content": "这孩子太能整活了"}, {"uid": "8308058", "content": "草"}, {"uid": "4632246", "content": "一直拍，胸不痛吗？"}, {"uid": "334926483", "content": "草 皮痒了"}, {"uid": "50539085", "content": "斯巴拉西"}, {"uid": "112776970", "content": "你不是个好人2333"}, {"uid": "954660", "content": "草"}, {"uid": "6221030", "content": "草"}, {"uid": "100233606", "content": "熊孩子www"}, {"uid": "217797936", "content": "没想到你个白菜也是浓眉大眼的"}, {"uid": "68021351", "content": "哈哈哈哈全家"}, {"uid": "39345655", "content": "做个人吧，草"}, {"uid": "5036", "content": "帕清姬激怒"}, {"uid": "13792286", "content": "草"}, {"uid": "28824", "content": "魔动王"}, {"uid": "2091174", "content": "暗示三连"}, {"uid": "401099828", "content": "屑"}, {"uid": "23001624", "content": "两相辉映"}, {"uid": "23001624", "content": "全家草"}, {"uid": "3168569", "content": "你必被打屁屁"}, {"uid": "2842559", "content": "bravo草"}, {"uid": "2629851", "content": "草"}, {"uid": "11244465", "content": "浓 眉 大 眼"}, {"uid": "291031618", "content": "哈哈哈哈哈"}, {"uid": "449131541", "content": "马里奥"}, {"uid": "488371", "content": "全家草"}, {"uid": "68129973", "content": "还挺好看的"}, {"uid": "28954108", "content": "草"}, {"uid": "17784911", "content": "这按钮不能要了"}, {"uid": "24277143", "content": "全家的铃草"}, {"uid": "6811048", "content": "草"}, {"uid": "357106008", "content": "偷蛋"}, {"uid": "179215596", "content": "草"}, {"uid": "13792286", "content": "草草草草草"}, {"uid": "1808632", "content": "哈哈哈哈哈哈"}, {"uid": "295583822", "content": "nice body"}, {"uid": "480633085", "content": "你这不应该是绯红之王吗"}, {"uid": "43690313", "content": "草"}, {"uid": "2648536", "content": "kksk"}, {"uid": "401099828", "content": "草"}, {"uid": "401099828", "content": "草"}, {"uid": "262284680", "content": "草"}, {"uid": "2629851", "content": "？？？？？？"}, {"uid": "5915411", "content": "太熊了"}, {"uid": "2693867", "content": "全肯定的屑按钮"}, {"uid": "457326", "content": "全家草"}, {"uid": "172301379", "content": "made in heaven"}, {"uid": "2178186", "content": "哈哈哈"}, {"uid": "12535989", "content": "草"}, {"uid": "86918711", "content": "草"}, {"uid": "1853150", "content": "品客"}, {"uid": "15138435", "content": "怎么可能发现不了"}, {"uid": "13284689", "content": "草"}, {"uid": "23001624", "content": "草"}, {"uid": "2842559", "content": "全家草"}, {"uid": "351975302", "content": "草"}, {"uid": "291031618", "content": "全家打钱"}, {"uid": "15513859", "content": "草"}, {"uid": "17784911", "content": "草"}, {"uid": "4912018", "content": "草"}, {"uid": "442250487", "content": "熊孩子www"}, {"uid": "2109984", "content": "针不戳"}, {"uid": "15588298", "content": "草"}, {"uid": "67655543", "content": "草"}, {"uid": "2706845", "content": "草"}, {"uid": "12633677", "content": "捂脸笑"}, {"uid": "2699074", "content": "www"}, {"uid": "2842559", "content": "hso"}, {"uid": "194175206", "content": "wwwww"}, {"uid": "194175206", "content": "草草"}, {"uid": "194175206", "content": "草"}, {"uid": "20317592", "content": "草"}, {"uid": "415382982", "content": "草"}, {"uid": "231348", "content": "鸡蛋砸脸"}, {"uid": "32423963", "content": "233"}, {"uid": "500728322", "content": "草"}, {"uid": "35509930", "content": "草"}, {"uid": "15823004", "content": "小学生吗你"}, {"uid": "36769691", "content": "草"}, {"uid": "1408570", "content": "这个好耶"}, {"uid": "11491610", "content": "来了来了"}, {"uid": "56595", "content": "草"}, {"uid": "106021", "content": "草"}, {"uid": "68021351", "content": "哈哈哈哈"}, {"uid": "2256057", "content": "草"}, {"uid": "68326", "content": "像极了乱按人家门铃按了就跑的小鬼"}, {"uid": "694641688", "content": "草"}, {"uid": "11344630", "content": "草"}, {"uid": "11344630", "content": "草"}, {"uid": "241837504", "content": "草"}, {"uid": "67655543", "content": "开幕BGM"}, {"uid": "349898206", "content": "草"}, {"uid": "4519275", "content": "全家"}, {"uid": "181848", "content": "便利店草"}, {"uid": "343616", "content": "草"}, {"uid": "2842559", "content": "你不是个好人"}, {"uid": "262284680", "content": "草草"}, {"uid": "194175206", "content": "草wwwww"}, {"uid": "548598279", "content": "草"}, {"uid": "23562069", "content": "草"}, {"uid": "415382982", "content": "草"}, {"uid": "803587", "content": "没挨过打的臭小鬼www"}, {"uid": "2629851", "content": "草"}, {"uid": "2178186", "content": "草"}, {"uid": "20865617", "content": "草"}, {"uid": "17784911", "content": "草"}, {"uid": "12321065", "content": "哈哈哈"}, {"uid": "35086599", "content": "有"}, {"uid": "106021", "content": "熊孩子ww"}, {"uid": "6811048", "content": "草"}, {"uid": "1522079", "content": "草"}, {"uid": "3814798", "content": "咘咘"}, {"uid": "2212470", "content": "草"}, {"uid": "3168569", "content": "草"}, {"uid": "2758221", "content": "草"}, {"uid": "23562069", "content": "草"}, {"uid": "23562069", "content": "wwww"}, {"uid": "2220830", "content": "草"}, {"uid": "300846", "content": "好饿好饿好饿，我真的好饿"}, {"uid": "86918711", "content": "哈哈哈"}, {"uid": "1853150", "content": "草"}, {"uid": "217797936", "content": "好剪辑"}, {"uid": "6811048", "content": "草"}, {"uid": "15138435", "content": "草"}, {"uid": "2256057", "content": "???"}, {"uid": "23381722", "content": "草"}, {"uid": "216412", "content": "暗示"}, {"uid": "29374939", "content": ".0.0"}, {"uid": "334926483", "content": "草"}, {"uid": "41231115", "content": "草"}, {"uid": "401099828", "content": "草"}, {"uid": "2699074", "content": "?"}, {"uid": "194175206", "content": "www"}, {"uid": "2245028", "content": "草"}, {"uid": "21602679", "content": "埃列什基伽勒直呼内行"}, {"uid": "2203831", "content": "对咯"}, {"uid": "400380207", "content": "这明明是【KING CRIMSON】"}, {"uid": "2636434", "content": "草"}, {"uid": "17396845", "content": "!"}, {"uid": "2178186", "content": "www"}, {"uid": "33935601", "content": "草"}, {"uid": "5718643", "content": "草"}, {"uid": "15717988", "content": "全家吗"}, {"uid": "9849680", "content": "不是好人是坏女人"}, {"uid": "13792286", "content": "wwwww"}, {"uid": "6406310", "content": "那就是坏蛋了"}, {"uid": "23001624", "content": "臭小鬼"}, {"uid": "194175206", "content": "草ww"}, {"uid": "194175206", "content": "wwwwww"}, {"uid": "23134800", "content": "哈哈哈哈哈哈不愧是你 可爱的臭小鬼"}, {"uid": "2220830", "content": "草"}, {"uid": "96476523", "content": "cao"}, {"uid": "182273124", "content": "hhhhh"}, {"uid": "23134800", "content": "草笑出声哈哈哈哈哈哈哈哈哈哈哈"}]