[{"uid": "23274551", "content": "这漫画绝了"}, {"uid": "3724721", "content": "这真的不是在说恐龙酱吗wwww"}, {"uid": "35004205", "content": "我太刀动了草"}, {"uid": "8308058", "content": "太 多 冲 击"}, {"uid": "290090344", "content": "草，这漫画"}, {"uid": "45927838", "content": "不亏是冥界女王"}, {"uid": "34839925", "content": "草"}, {"uid": "16172850", "content": "是的，你卡了"}, {"uid": "7021272", "content": "噔 噔 咚"}, {"uid": "868719", "content": "眼神台撩了"}, {"uid": "51009459", "content": "可爱？可爱！（冥界审美转入DNA中）"}, {"uid": "8152204", "content": "尾巴人化后是胸"}, {"uid": "9892542", "content": "人 龙 合 一"}, {"uid": "4760671", "content": "可爱！"}, {"uid": "112776970", "content": "我靠，这是哪找来的恐怖片啊2333"}, {"uid": "4073161", "content": "老婆都不认识的屑"}, {"uid": "480362513", "content": "帕里又来30这投喂凉了草"}, {"uid": "480362513", "content": "这头好能扭"}, {"uid": "480362513", "content": "前方高能"}, {"uid": "480362513", "content": "震撼我妈一整年"}, {"uid": "480362513", "content": "肯定是假妈妈（欺骗自己）"}, {"uid": "93557384", "content": "我的30呢"}, {"uid": "294670308", "content": "【Scary Monsters】！"}, {"uid": "15823004", "content": "你们的面捕软件素材库里到底都有些什么奇怪的东西"}, {"uid": "23001624", "content": "twi草"}, {"uid": "31759443", "content": "草"}, {"uid": "9190626", "content": "草"}, {"uid": "24241879", "content": "请注意投喂礼物"}, {"uid": "36769691", "content": "草"}, {"uid": "9713141", "content": "一口一个冥冥民"}, {"uid": "34357302", "content": "因为在冥界啊（笑）"}, {"uid": "111199504", "content": "？"}, {"uid": "9713141", "content": "草"}, {"uid": "24871527", "content": "吓得我手机丢了"}, {"uid": "694492738", "content": "她俩真可爱"}, {"uid": "245679691", "content": "尾巴的摆动都是一样的 草"}, {"uid": "6221030", "content": "wwwww"}, {"uid": "341048421", "content": "草"}, {"uid": "341048421", "content": "你为什么这么熟练啊"}, {"uid": "198687504", "content": "还这么灵活ww"}, {"uid": "198687504", "content": "哪里可爱了？冥界审美www"}, {"uid": "67655543", "content": "草"}, {"uid": "349490384", "content": "尾巴好同步"}, {"uid": "4661588", "content": "草"}, {"uid": "158229081", "content": "哈哈哈这插图"}, {"uid": "327388057", "content": "看把孩子吓得"}, {"uid": "38107783", "content": "震撼我妈"}, {"uid": "131478", "content": "正活女王"}, {"uid": "225513013", "content": "选表情鬼才"}, {"uid": "3629442", "content": "噔噔咚"}, {"uid": "4497659", "content": "危"}, {"uid": "51418548", "content": "两只恐龙爱跳舞，诶！"}, {"uid": "29454431", "content": "震撼30一整年"}, {"uid": "23001624", "content": "？？？？？？？？？"}, {"uid": "515255", "content": "宝啊，你这打光也太惊悚片了吧"}, {"uid": "38349569", "content": "吓了一跳"}, {"uid": "9994946", "content": "吓人"}, {"uid": "158229081", "content": "？！"}, {"uid": "131478", "content": "帕里_Paryi 投喂 凉了↑"}, {"uid": "8359359", "content": "感谢帕里投喂的凉了~"}, {"uid": "93756174", "content": "草"}, {"uid": "226009589", "content": "b站这表情属实是让她玩明白了"}, {"uid": "353746155", "content": "同化成功"}, {"uid": "23001624", "content": "吓死"}, {"uid": "9713141", "content": "你是看到美味的食物了吗这么嗨"}, {"uid": "34357302", "content": "帕里：凉了"}, {"uid": "2845170", "content": "？！"}, {"uid": "1268209", "content": "？？？？？？"}, {"uid": "37498399", "content": "噔噔咚"}, {"uid": "37766610", "content": "太多冲击"}, {"uid": "4497659", "content": "下我一跳"}, {"uid": "4497659", "content": "震撼30"}, {"uid": "45927838", "content": "？？？！！！！"}, {"uid": "33935601", "content": "草"}, {"uid": "23001624", "content": "噔噔咚"}, {"uid": "22421009", "content": "草 ，这恐龙在dacall"}, {"uid": "137955", "content": "侏罗纪公园"}, {"uid": "1808632", "content": "？？？？？？"}, {"uid": "400380207", "content": "帕里投喂凉了"}, {"uid": "37766610", "content": "同化成功"}, {"uid": "11491610", "content": "来了来了"}, {"uid": "36756184", "content": "卧槽，吓死爷了"}, {"uid": "35004205", "content": "没错你卡了"}, {"uid": "4760671", "content": "草"}, {"uid": "4792886", "content": "草草草草草"}, {"uid": "36769691", "content": "草"}, {"uid": "101706630", "content": "化身为龙"}, {"uid": "11778532", "content": "害怕"}, {"uid": "2178186", "content": "草"}, {"uid": "16421103", "content": "草"}, {"uid": "4661588", "content": "？"}, {"uid": "328422", "content": "前方高能！"}, {"uid": "38107783", "content": "画风突变"}, {"uid": "401099828", "content": "草"}, {"uid": "4324179", "content": "巨ru（不是）"}, {"uid": "101962542", "content": "草"}, {"uid": "33935601", "content": "太多冲击"}, {"uid": "334926483", "content": "草 哈哈哈"}, {"uid": "334926483", "content": "草 老人地铁手机"}, {"uid": "8359359", "content": "帕里哈哈哈哈哈哈"}, {"uid": "49015168", "content": "草，谐音梗"}, {"uid": "67655543", "content": "这臭小鬼"}, {"uid": "6603406", "content": "草"}, {"uid": "4661588", "content": "尾巴同步了"}, {"uid": "158229081", "content": "咪蕾     桑"}, {"uid": "24213285", "content": "草"}, {"uid": "349380704", "content": "！？"}, {"uid": "6011165", "content": "加 帕里"}, {"uid": "645471253", "content": "问号风暴"}, {"uid": "290090344", "content": "草"}, {"uid": "11257752", "content": "太多冲击"}, {"uid": "1838902", "content": "草"}, {"uid": "34088272", "content": "主~看下私信啊"}, {"uid": "23001624", "content": "草"}, {"uid": "2845170", "content": "草"}, {"uid": "341048421", "content": "？？？"}, {"uid": "2178186", "content": "！！"}, {"uid": "17424957", "content": "草"}, {"uid": "11491610", "content": "草"}, {"uid": "23274551", "content": "草"}, {"uid": "242576", "content": "般配"}, {"uid": "8367382", "content": "草"}, {"uid": "387815997", "content": "草"}, {"uid": "1478011", "content": "太多冲击"}, {"uid": "36769691", "content": "草"}, {"uid": "24871527", "content": "？？？"}, {"uid": "1268209", "content": "帕里"}, {"uid": "88154", "content": "草"}, {"uid": "485709481", "content": "草"}, {"uid": "544299387", "content": "！！！！！！！"}, {"uid": "13055356", "content": "???"}, {"uid": "288684418", "content": "草"}, {"uid": "29014158", "content": "？"}, {"uid": "3603486", "content": "草"}, {"uid": "12700753", "content": "草"}, {"uid": "334926483", "content": "草"}, {"uid": "97284", "content": "说的是“恐龙酱”吧"}, {"uid": "22421009", "content": "草"}, {"uid": "198687504", "content": "草"}, {"uid": "198687504", "content": "草"}, {"uid": "67655543", "content": "草"}, {"uid": "190650", "content": "？"}, {"uid": "12700753", "content": "草"}, {"uid": "32423963", "content": "？？？"}, {"uid": "306797", "content": "草"}, {"uid": "3061091", "content": "为啥你这么黑阿哈哈哈哈哈哈哈哈"}, {"uid": "27164642", "content": "？"}, {"uid": "16586347", "content": "草"}, {"uid": "480362513", "content": "帕里哈哈哈哈哈哈哈哈哈哈哈哈哈"}, {"uid": "334926483", "content": "？？？？？？？？？？？？？？？？？？"}]