[{"uid": "43584977", "content": "发量惊人"}, {"uid": "67803987", "content": "好帅的回答，赞美太阳！"}, {"uid": "67803987", "content": "回来了，我感觉到全都回来了"}, {"uid": "355781386", "content": "你已经无法回头了JPG"}, {"uid": "31876947", "content": "这个皮做的也太精细了把"}, {"uid": "695183725", "content": "对自己的皮发情么"}, {"uid": "695183725", "content": "还真的都是好人"}, {"uid": "422192", "content": "草 你是怎么抢到帕里机体的"}, {"uid": "407458553", "content": "上面的又是幼灵梦？"}, {"uid": "37815622", "content": " 可爱（以冥界概念而言）"}, {"uid": "3781241", "content": "好搭啊"}, {"uid": "7950335", "content": "纪念作"}, {"uid": "67778694", "content": "为命运的不公而嘶吼！"}, {"uid": "400380207", "content": "ohhhhhhhhhhhhhhhhhhh"}, {"uid": "229272", "content": "horayo哈哈哈哈哈哈哈哈"}, {"uid": "11534726", "content": "30dio说"}, {"uid": "11534726", "content": "假面驾驭！帕里！"}, {"uid": "385460843", "content": "派派变大了呢"}, {"uid": "104953891", "content": "这皮咋不摇了"}, {"uid": "16391204", "content": "脸型一模一样  果然是亲妈"}, {"uid": "240355", "content": "我的身体就交给你了"}, {"uid": "6759353", "content": "ohhhhhhhhhhhhhhh"}, {"uid": "907844", "content": "防伪标识"}, {"uid": "86485375", "content": "草"}, {"uid": "3066976", "content": "爷青回!!!!!!!!!"}, {"uid": "14310897", "content": "此处此弹幕是我，当时我兴奋极了"}, {"uid": "755531", "content": "蛐蛐身体，你拿去罢"}, {"uid": "106021", "content": "我们成功了！请问现在是哪一年？"}, {"uid": "128541", "content": "小眼神"}, {"uid": "19174622", "content": "无内鬼，可以henshin"}, {"uid": "432135", "content": "好大啊！！"}, {"uid": "166413848", "content": "这是P箱尚幼，帕里妈妈尚大时的故事"}, {"uid": "106021", "content": "重新定义可爱"}, {"uid": "37751171", "content": "帕里使用了亡语，召唤一只p家女儿到场上"}, {"uid": "2203831", "content": "完 全 胜 利"}, {"uid": "2252831", "content": "回来了，我感觉到，都回来了"}, {"uid": "3310275", "content": "谁啊？不认识的孩子呢"}, {"uid": "22416445", "content": "还是30的眼神 果然驾驶员改变不了"}, {"uid": "668800", "content": "完 全 胜 利"}, {"uid": "664884", "content": "令人羡慕的毛量"}, {"uid": "22679", "content": "《》可爱的BGM》"}, {"uid": "60772", "content": "；光速切片"}, {"uid": "23001624", "content": "嘿嘿"}, {"uid": "40613413", "content": "ohhhhhh～～～～～～"}, {"uid": "5732820", "content": "大 概 是 帕 里"}, {"uid": "401099828", "content": "是你没有的东西呢"}, {"uid": "9028227", "content": "你给我变回去！"}, {"uid": "25968061", "content": "好乖的表情"}, {"uid": "763628", "content": "感觉和30还挺搭"}, {"uid": "68129973", "content": "把自己的头接到这个身体上吧，暗妃鲁咪蕾"}, {"uid": "56595", "content": "我 是 帕 里"}, {"uid": "879611", "content": "一秒破功"}, {"uid": "13728504", "content": "ohhhhhhhhhhhhhhhhhh"}, {"uid": "604979", "content": "字体颜色都变了草"}, {"uid": "45087547", "content": "草草，激光烤肉哈哈"}, {"uid": "695183725", "content": "我太可了"}, {"uid": "33031792", "content": "哈哈哈哈蚌埠住了"}, {"uid": "182375497", "content": "Ohhhhhhhhhhhhhhhhhhh"}, {"uid": "641891", "content": "今年是不是18年"}, {"uid": "81607", "content": "回来了，都回来了"}, {"uid": "351975302", "content": "绷不住了"}, {"uid": "1821770", "content": "只会这一句"}, {"uid": "16391204", "content": "文艺复兴"}, {"uid": "13855992", "content": "ohhhhhhhhhhhhhhhhhhh"}, {"uid": "7428076", "content": "流向转变了"}, {"uid": "6759353", "content": "哇30好配这个皮"}, {"uid": "135084608", "content": "帕里这个，质量好高"}, {"uid": "7577621", "content": "回来了，圣妈！"}, {"uid": "266679665", "content": "ohhhhhhhhhhhhh"}, {"uid": "8540019", "content": "Ohhhhhhhhhhhhhhhhhhh"}, {"uid": "24149271", "content": "2333"}, {"uid": "434364483", "content": "这旧皮简直就是F CUP的古守"}, {"uid": "36769691", "content": "ohhhhhhhh"}, {"uid": "336568", "content": "？！你谁？！"}, {"uid": "23328855", "content": "ohhhhhhhhhhhhhhhh"}, {"uid": "26721", "content": "好快的妈..不对，好快的片"}, {"uid": "131962", "content": "要变成帕里gachi力"}, {"uid": "3207714", "content": "帕里的机甲 每个女儿操作起来气质都不一样"}, {"uid": "2874576", "content": "帕里池面的发言"}, {"uid": "558011", "content": "ohhhhhhhhhhhhhhhhhhhhh"}, {"uid": "217797936", "content": "终将成为你"}, {"uid": "44640268", "content": "光速烤肉是吧"}, {"uid": "35520443", "content": "好快的烤肉"}, {"uid": "346312304", "content": "草 这个侧头有早期帕里的味道"}, {"uid": "1595754", "content": "切片太快了吧"}, {"uid": "16988189", "content": "她 回来了!"}, {"uid": "25968061", "content": "帅气的发言"}, {"uid": "5693124", "content": "现在是哪一年？"}, {"uid": "5693124", "content": "文艺复兴"}, {"uid": "474316513", "content": "ohhhhhhhhhhhhhhhhhhh"}, {"uid": "7569830", "content": "这个皮质量超高，头发分了n层"}, {"uid": "67778694", "content": "hso"}, {"uid": "67778694", "content": "奶思巴蒂"}, {"uid": "67778694", "content": "哈哈哈"}, {"uid": "67655543", "content": "Ohhhhhhh"}, {"uid": "6759353", "content": "蚌埠住了"}, {"uid": "305072215", "content": "ohhhhhhhhhhhhhhhh"}, {"uid": "54231322", "content": "蚌埠住了"}, {"uid": "3916674", "content": "ohhhhhhhhhhhhh"}, {"uid": "28055043", "content": "禁止变身"}, {"uid": "132159", "content": "草，拿去"}, {"uid": "13977709", "content": "草"}, {"uid": "1921998", "content": "那没事了"}, {"uid": "17784911", "content": "《可爱的bgm》"}, {"uid": "834187", "content": "太快了吧"}, {"uid": "755531", "content": "灵魂翻译"}, {"uid": "16543693", "content": "ohhhhhhhh"}, {"uid": "668800", "content": "完 全 胜 利"}, {"uid": "664884", "content": "请神了这是"}, {"uid": "22679", "content": "流向开始改变了"}, {"uid": "48655973", "content": "小表情太可爱了  这个皮"}, {"uid": "88025177", "content": "发出池面的声音"}, {"uid": "393294", "content": "一秒破功"}, {"uid": "337358511", "content": "ohhhhhhhhhhhhhhhhh"}, {"uid": "393294", "content": "追着肉烤"}, {"uid": "19004116", "content": "ohhhhhhhhhhhhhhhhh"}, {"uid": "125720", "content": "草 嘴角上扬"}, {"uid": "23001624", "content": "哭  丧"}, {"uid": "1853150", "content": "ohhhhhhhhhhhhhhhh"}, {"uid": "401099828", "content": "开幕转流向"}, {"uid": "512770", "content": "ohhhhhhhhhhhhh"}, {"uid": "10405148", "content": "这个阿拉阿拉有内味了"}, {"uid": "25344895", "content": "p妈，我的老婆"}, {"uid": "397698233", "content": "帕里:脖子没有错！我按照我自己的脖子画的怎么有错？"}, {"uid": "508688089", "content": "ohhhhhhhhhhhhhhhhhh"}, {"uid": "6361313", "content": "ohhhhhhhhhhhhhh"}, {"uid": "86963067", "content": "嗨唉～"}, {"uid": "86963067", "content": "好大好大好大，和30完全不一样"}, {"uid": "7556405", "content": "ohhhhhhhhhhhhh"}, {"uid": "177386972", "content": "ohhhhhhhhh"}, {"uid": "400380207", "content": "ohhhhhhhhhhhhhhhhhhh"}, {"uid": "400380207", "content": "ohhhhhhhhhhhhhhhhhhh"}, {"uid": "351975302", "content": "蚌埠住了"}, {"uid": "385460843", "content": "ohhhhhhhh"}, {"uid": "178257", "content": "自救"}, {"uid": "290710", "content": "P家幼管人是吧"}, {"uid": "356023188", "content": "你谁？"}, {"uid": "6674397", "content": "感觉应该是更三无的那种声音，阿拉阿拉太媚了"}, {"uid": "6793712", "content": "nice body"}, {"uid": "240355", "content": "？？"}, {"uid": "6759353", "content": "哈哈哈哈哈哈哈"}, {"uid": "392182", "content": "那没事了"}, {"uid": "305072215", "content": "当晚就切出来了？？"}, {"uid": "1464514", "content": "草"}, {"uid": "12390644", "content": "好快的cut"}, {"uid": "260187081", "content": "蚌埠住了"}, {"uid": "4360410", "content": "草"}, {"uid": "138510172", "content": "她破防了"}, {"uid": "3651311", "content": "回来了，都回来了"}, {"uid": "3814233", "content": "可爱"}, {"uid": "33919342", "content": "ohhhhhhhhhhhhhhhhhhhhhhhhh"}, {"uid": "22679", "content": "拿去吧，帕里皮"}, {"uid": "36107010", "content": "夺  ，夺舍了？"}, {"uid": "393294", "content": "ohhhhhhhhhhhhhh"}, {"uid": "1931345", "content": "草"}, {"uid": "516071042", "content": "赞美太阳!"}, {"uid": "262284680", "content": "Ohhhhhhhhhhhh！"}, {"uid": "668800", "content": "P妈我喜欢你啊啊啊啊啊啊啊啊啊啊啊啊啊啊啊啊啊啊啊啊啊啊！"}, {"uid": "328422", "content": "好快！"}, {"uid": "470876872", "content": "迷迭迷迭帕里桑"}, {"uid": "28521276", "content": "ん?"}, {"uid": "224657804", "content": "ohhhhhhhhhhh"}, {"uid": "3603486", "content": "ohhhhhhh"}, {"uid": "3781241", "content": "夺舍帕里"}, {"uid": "383126698", "content": "ohhhhhhhhhh"}, {"uid": "401876558", "content": "在现场"}, {"uid": "16391204", "content": "赞美太阳神"}, {"uid": "240355", "content": "变身！"}, {"uid": "6793712", "content": "ohhhhh"}, {"uid": "441344288", "content": "草"}, {"uid": "93557384", "content": "绷不住了"}, {"uid": "11872189", "content": "2019"}, {"uid": "3066976", "content": "“可爱”"}, {"uid": "17784911", "content": "草"}, {"uid": "4590260", "content": "ohhhhhhh"}, {"uid": "294152", "content": "草"}, {"uid": "668800", "content": "完 全 胜 利"}, {"uid": "393294", "content": "赞美太阳!"}, {"uid": "23001624", "content": "赞美太阳！"}, {"uid": "23001624", "content": "ohhhhhhhh"}, {"uid": "23001624", "content": "激光"}, {"uid": "4912018", "content": "草"}, {"uid": "34764024", "content": "ohhhhhhhhhh"}, {"uid": "25344895", "content": "ohhhhhhhhhh"}, {"uid": "198687504", "content": "ohhhhhh"}, {"uid": "262284680", "content": "赞美太阳！"}, {"uid": "28335705", "content": "这么快？？？"}, {"uid": "3254961", "content": "发出御姐的声音"}, {"uid": "349898206", "content": "ohhhhhhhhhhhhh"}, {"uid": "13647207", "content": "？"}, {"uid": "31876947", "content": "确实"}, {"uid": "2571678", "content": "只会一句草"}, {"uid": "5056662", "content": "哈哈哈哈"}, {"uid": "224657804", "content": "可爱！"}, {"uid": "224657804", "content": "哈哈哈哈哈哈"}, {"uid": "8284891", "content": "草"}, {"uid": "106021", "content": "ohhhhhhh"}, {"uid": "86963067", "content": "大姐姐声您老也就会句阿拉阿拉了"}, {"uid": "2193135", "content": "草"}, {"uid": "3781241", "content": "草"}, {"uid": "3781241", "content": "OHHHHHHHHHHHHHHH"}, {"uid": "351975302", "content": "ohhhhhhhhh"}, {"uid": "32423963", "content": "龙骑w"}, {"uid": "16391204", "content": "太大了"}, {"uid": "16391204", "content": "ohhhhhhhhhhh"}, {"uid": "111673", "content": "吼啦哟"}, {"uid": "393294", "content": "我感觉到了 回来了 都回来了！"}, {"uid": "38381207", "content": "草"}, {"uid": "6793712", "content": "草"}, {"uid": "441344288", "content": "赞美太阳"}, {"uid": "683473", "content": "ohhhhhhh"}, {"uid": "405995539", "content": "ohhhhhhhh"}, {"uid": "474316513", "content": "赞美太阳!"}, {"uid": "28055043", "content": "帕里？天才？要来试试银河么？"}, {"uid": "17784911", "content": "草"}, {"uid": "33919342", "content": "草"}, {"uid": "458145", "content": "草，30还有这声线"}, {"uid": "134025", "content": "ohhhhhhhhh"}, {"uid": "212101", "content": "赞美太阳"}, {"uid": "19628", "content": "kksk"}, {"uid": "19628", "content": "草"}, {"uid": "36769691", "content": "草"}, {"uid": "16543693", "content": "切片man yyds"}, {"uid": "154093980", "content": "吸溜吸溜吸溜吸溜吸溜吸溜吸溜"}, {"uid": "154093980", "content": "太阳神！！"}, {"uid": "198345176", "content": "ohhhhhh"}, {"uid": "131962", "content": "我感觉到了 回来了 都回来了！"}, {"uid": "19004116", "content": "草"}, {"uid": "1931345", "content": "ohhhhhhh"}, {"uid": "93756174", "content": "美丽的帕里哪里去了"}, {"uid": "879611", "content": "草"}, {"uid": "294152", "content": "草"}, {"uid": "525404670", "content": "好人！"}, {"uid": "269428452", "content": "待机音"}, {"uid": "5056662", "content": "草"}, {"uid": "224657804", "content": "草"}, {"uid": "33004481", "content": "好人"}, {"uid": "4792886", "content": "草"}, {"uid": "194175206", "content": "wwww"}, {"uid": "246633442", "content": "草"}, {"uid": "2316613", "content": "30 也能御起来？"}, {"uid": "544972", "content": "嗯？"}, {"uid": "259427670", "content": "草"}, {"uid": "351975302", "content": "草"}, {"uid": "290090344", "content": "ohhhhhhhhhh"}, {"uid": "251552385", "content": "ohhhhhhhhhhhhh"}, {"uid": "2655419", "content": "文 艺 复 兴"}, {"uid": "737724", "content": "确实呢.帕里妈"}, {"uid": "304973060", "content": "ohhhhh"}, {"uid": "573580", "content": "大山雀"}, {"uid": "474316513", "content": "Ohhhhhhhhhhhhhhhhhhhhhhhhhhhhhhhhhhhhhhhhhhhhhh"}, {"uid": "11872189", "content": "这个侧头有点像mea"}, {"uid": "37498399", "content": "赞美太阳"}, {"uid": "23013012", "content": "赞美太阳"}, {"uid": "4360410", "content": "草"}, {"uid": "15588298", "content": "ohhh"}, {"uid": "202486", "content": "？"}, {"uid": "326989748", "content": "好快"}, {"uid": "33768347", "content": "后面对暗号那段怎么没切？"}, {"uid": "12350938", "content": "ohhhhhh"}, {"uid": "7570409", "content": "最终降临草"}, {"uid": "1596732", "content": "小小小"}, {"uid": "1596732", "content": "草"}, {"uid": "33919342", "content": "ojhhhhhhhhhhhhhhhhhhhhhhhhhhhh"}, {"uid": "458145", "content": "好快"}, {"uid": "2250322", "content": "ohhhhhhhhh"}, {"uid": "776635", "content": "笑死"}, {"uid": "95415367", "content": "ohhhhhhhhh"}, {"uid": "237178802", "content": "ohhhhhhhhhh"}, {"uid": "487279", "content": "kksk"}, {"uid": "34840676", "content": "草"}, {"uid": "11015243", "content": "好快"}, {"uid": "6725754", "content": "kksk"}, {"uid": "294152", "content": "ohhhhhhhh"}, {"uid": "13647207", "content": "ん?"}, {"uid": "1943956199", "content": "ohhhhhh"}, {"uid": "471024915", "content": "草"}, {"uid": "2571678", "content": "草"}, {"uid": "3603486", "content": "赞美太阳"}, {"uid": "422192", "content": "表情不还是30自己么（"}, {"uid": "291963189", "content": "草"}, {"uid": "194175206", "content": "草"}, {"uid": "2316613", "content": "哦哦哦"}, {"uid": "2372268", "content": "ohhhhhjh"}, {"uid": "544972", "content": "hso"}, {"uid": "340360939", "content": "好帅"}, {"uid": "68021351", "content": "ohhhhhhhhhh"}, {"uid": "1842791", "content": "还很弱"}, {"uid": "356023188", "content": "ohhhhhhhhhhh"}, {"uid": "12954523", "content": "？"}, {"uid": "17425150", "content": "还挺搭的？"}, {"uid": "2636434", "content": "ohhh"}, {"uid": "40613413", "content": "留恋DMM"}, {"uid": "770991", "content": "太快了"}, {"uid": "479378902", "content": "ohhhhhhh"}, {"uid": "11253844", "content": "泪目"}, {"uid": "88450629", "content": "你是谁呀"}, {"uid": "19628", "content": "赞美太阳"}, {"uid": "19628", "content": "草"}, {"uid": "664884", "content": "草"}, {"uid": "154093980", "content": "Prprprprprprprprprprpr"}, {"uid": "20317592", "content": "草！"}, {"uid": "38274277", "content": "太草了"}, {"uid": "2699074", "content": "哦哦哦哦哦哦哦哦哦哦哦哦"}, {"uid": "23001624", "content": "？？"}, {"uid": "668800", "content": "蚌埠住了哈哈哈哈啊哈哈啊哈哈哈"}, {"uid": "658620041", "content": "ohhhhhhhh"}, {"uid": "40633692", "content": "赢了"}, {"uid": "331692399", "content": "ん?"}, {"uid": "3603486", "content": "草"}, {"uid": "7950335", "content": "继续啊"}, {"uid": "544972", "content": "草"}, {"uid": "23366441", "content": "ん？"}, {"uid": "340360939", "content": "草"}, {"uid": "340360939", "content": "hso"}, {"uid": "83260181", "content": "草"}, {"uid": "240355", "content": "草"}, {"uid": "93557384", "content": "ohhhhhhhhhhhh"}, {"uid": "4130547", "content": "ohhhhh"}, {"uid": "38000529", "content": "赞美太阳"}, {"uid": "874234", "content": "吼啦迷。。。不好意思串台了"}, {"uid": "56456352", "content": "好帅"}, {"uid": "479378902", "content": "草"}, {"uid": "289534989", "content": "夺舍"}, {"uid": "289534989", "content": "ohhhhhhhhh"}, {"uid": "10076039", "content": "龙骑"}, {"uid": "106021", "content": "泪目"}, {"uid": "106021", "content": "ohhhhhhhhhh"}, {"uid": "81948530", "content": "草"}, {"uid": "2203831", "content": "kksk"}, {"uid": "23216397", "content": "ん？"}, {"uid": "3001191", "content": "班"}, {"uid": "6959640", "content": "你payi个鬼喔，睁眼说瞎话2333"}, {"uid": "23001624", "content": "草"}, {"uid": "1821119", "content": "真好看"}, {"uid": "16356377", "content": "ohhhhhh"}, {"uid": "5732820", "content": "kksk"}, {"uid": "25344895", "content": "ohhhhhhhh"}, {"uid": "25344895", "content": "ohhhhhhhhhh"}, {"uid": "1618496", "content": "蚌埠住了"}, {"uid": "93756174", "content": "好快"}, {"uid": "262284680", "content": "草"}, {"uid": "525404670", "content": "草"}, {"uid": "353269079", "content": "草"}, {"uid": "357106008", "content": "色不起来"}, {"uid": "291963189", "content": "戌神沁音？"}, {"uid": "89543", "content": "草"}, {"uid": "7269129", "content": "草"}, {"uid": "62386432", "content": "ん？"}, {"uid": "17784911", "content": "草"}, {"uid": "33919342", "content": "草"}, {"uid": "212101", "content": "草"}, {"uid": "212101", "content": "???"}, {"uid": "9190626", "content": "草"}, {"uid": "2193135", "content": "草"}, {"uid": "131962", "content": "ohhhhhhhhh"}, {"uid": "544299387", "content": "kksk"}, {"uid": "512770", "content": "ん?"}, {"uid": "2023792", "content": "卧槽"}, {"uid": "107122", "content": "草"}]