[{"uid": "3659719", "content": "草 nano竟然再看"}, {"uid": "5690785", "content": "离谱"}, {"uid": "5690785", "content": "破防了"}, {"uid": "3651311", "content": "论传声筒的利与弊"}, {"uid": "3651311", "content": "草一转查房神回神回天天神回"}, {"uid": "456612560", "content": "她只是想和nano贴贴啊[doge]"}, {"uid": "488481106", "content": "泪目"}, {"uid": "229536886", "content": "你也是自动认输的太阳神么"}, {"uid": "114964846", "content": "草哈哈哈"}, {"uid": "321394966", "content": "看哭了wwwwwww"}, {"uid": "11111982", "content": "套起来了"}, {"uid": "1500913", "content": "好像一个音乐剧"}, {"uid": "6361313", "content": "nano：30迷惑行为"}, {"uid": "401099828", "content": "↓这还是那个跟字幕组对线的nano吗？"}, {"uid": "401099828", "content": "禁止套娃"}, {"uid": "401099828", "content": "草，传声筒功不可没"}, {"uid": "51007090", "content": "好奶啊"}, {"uid": "7577621", "content": "太懂了哈哈哈哈"}, {"uid": "7577621", "content": "这首歌确实太有悲伤的氛围了"}, {"uid": "7577621", "content": "你还是忘不了她"}, {"uid": "7577621", "content": "草"}, {"uid": "348062185", "content": "孩子失心疯了"}, {"uid": "1548774", "content": "泪目"}, {"uid": "3207714", "content": "：你们死宅还挺搞笑的.jpg"}, {"uid": "3207714", "content": "她终于疯了"}, {"uid": "441625058", "content": "可怜的30"}, {"uid": "2758221", "content": "泪目"}, {"uid": "3844363", "content": "当你成为一个神龙的时候，你才体会到把神回切片的好——nano启示录"}, {"uid": "5718643", "content": "好家伙 我直接好家伙"}, {"uid": "10778462", "content": "经典套娃"}, {"uid": "574738295", "content": "do you want to build a snow man～"}, {"uid": "59997782", "content": "你们搁这儿套起来了啊"}, {"uid": "590223", "content": "听着这首歌当场破防"}, {"uid": "7556405", "content": "你还是忘不了她"}, {"uid": "36118032", "content": "禁止套娃"}, {"uid": "23001624", "content": "泪目"}, {"uid": "4835814", "content": "mana震怒"}, {"uid": "153338083", "content": "无 情"}, {"uid": "425237", "content": "草，这转场"}, {"uid": "153338083", "content": "牵 丝 戏"}, {"uid": "11568111", "content": "背景：帕里妈妈亡了"}, {"uid": "262284680", "content": "草"}, {"uid": "262284680", "content": "套起来了"}, {"uid": "30514029", "content": "我为30感到不值"}, {"uid": "291885623", "content": "太惨了我都哭了"}, {"uid": "552082", "content": "30:谁敢比我惨啊。"}, {"uid": "200863", "content": "一秒变怂"}, {"uid": "21087005", "content": "偷偷亲wwwwww"}, {"uid": "2735173", "content": "场面一度陷入尴尬"}, {"uid": "19686150", "content": "nano已经放弃抵抗了"}, {"uid": "6221030", "content": "wwwwwwww"}, {"uid": "10663306", "content": "好家伙"}, {"uid": "2957060", "content": "哈哈哈草，硬核加音效"}, {"uid": "3659719", "content": "太草了"}, {"uid": "3629442", "content": "找 打"}, {"uid": "3651311", "content": "果然白切黑"}, {"uid": "401099828", "content": "草"}, {"uid": "291885623", "content": "啊这"}, {"uid": "129859374", "content": "好悲伤！"}, {"uid": "20317592", "content": "草"}, {"uid": "212101", "content": "惨 30 惨"}, {"uid": "1510545", "content": "感觉放黑白照片更合适"}, {"uid": "30514029", "content": "草"}, {"uid": "13275281", "content": "噔噔咚"}, {"uid": "442250487", "content": "互相背刺"}, {"uid": "321394966", "content": "草"}, {"uid": "32423963", "content": "草"}, {"uid": "12589975", "content": "明明是两个人的电影，30却不能有姓名"}, {"uid": "10256519", "content": "？？？"}, {"uid": "1966478462", "content": "一个人的对白"}, {"uid": "1966478462", "content": "一个人的剧场"}, {"uid": "938551", "content": "现在对不起都不会说了ww"}, {"uid": "11354807", "content": "一脸迷惑"}, {"uid": "7577621", "content": "哭出声了"}, {"uid": "7577621", "content": "惨 30 惨"}, {"uid": "441625058", "content": "心有余念"}, {"uid": "415382982", "content": "惨 30 惨"}, {"uid": "274336853", "content": "届不到的爱恋"}, {"uid": "200863", "content": "你在干神魔"}, {"uid": "6221030", "content": "wwwwwwwwwwwww"}, {"uid": "43400923", "content": "提前输麻了"}, {"uid": "158229081", "content": "我哭了T﹏T"}, {"uid": "277278204", "content": "30  可怜  30"}, {"uid": "277278204", "content": "你还是忘不了她"}, {"uid": "262429", "content": "我哭了"}, {"uid": "194175206", "content": "草"}, {"uid": "110017", "content": "套娃开始"}, {"uid": "441625058", "content": "泪目"}, {"uid": "453198753", "content": "草"}, {"uid": "89442216", "content": "草"}, {"uid": "415382982", "content": "30输麻了"}, {"uid": "15588298", "content": "草"}, {"uid": "30514029", "content": "哈哈哈哈哈哈哈哈哈"}, {"uid": "4130547", "content": "wwww"}, {"uid": "97664640", "content": "你还是忘不了她"}, {"uid": "200863", "content": "草"}, {"uid": "8395927", "content": "草"}, {"uid": "2687115", "content": "可怜的老TOM"}, {"uid": "2466863", "content": "太草了"}, {"uid": "5582949", "content": "好烦（下意识）"}, {"uid": "3844363", "content": "草"}, {"uid": "262284680", "content": "草"}, {"uid": "2707746", "content": "我也哭了"}, {"uid": "19686150", "content": "wwwwww"}, {"uid": "432866", "content": "泪目"}, {"uid": "3659719", "content": "30竟是我自己"}, {"uid": "3659719", "content": "哈哈哈"}, {"uid": "277278204", "content": "一个人的电影"}, {"uid": "24213285", "content": "泪目"}, {"uid": "52573821", "content": "破防了"}, {"uid": "401099828", "content": "哦豁"}, {"uid": "100732", "content": "？？？？？"}, {"uid": "194175206", "content": "带预言家（）"}, {"uid": "7577621", "content": "爱能有多卑微"}, {"uid": "1808632", "content": "哈哈哈哈哈"}, {"uid": "1808632", "content": "奶冒出来了"}, {"uid": "360189560", "content": "泪目"}, {"uid": "321394966", "content": "草"}, {"uid": "36118032", "content": "草"}, {"uid": "415382982", "content": "wwww"}, {"uid": "11568111", "content": "草"}, {"uid": "30514029", "content": "我哭了，你呢?QAQ不值当啊"}, {"uid": "4130547", "content": "草"}, {"uid": "489957", "content": "哈哈"}, {"uid": "142891", "content": "自导自演哈哈哈哈"}, {"uid": "13134999", "content": "30啊！败了啊"}, {"uid": "2957060", "content": "哈哈哈哈哈哈哈"}, {"uid": "2957060", "content": "好耶！！！！！"}, {"uid": "85255397", "content": "破防了"}, {"uid": "488481106", "content": "草"}, {"uid": "23562069", "content": "；；"}, {"uid": "10256519", "content": "好听好听"}, {"uid": "100732", "content": "这。。。"}, {"uid": "194175206", "content": "www"}, {"uid": "1808632", "content": "草"}, {"uid": "337588", "content": "为什么不喝呢？"}, {"uid": "412774476", "content": "泪目"}, {"uid": "321394966", "content": "泪目"}, {"uid": "590223", "content": "泪目了"}, {"uid": "205633122", "content": "草"}, {"uid": "30514029", "content": "好家伙"}, {"uid": "97664640", "content": "草"}, {"uid": "6279647", "content": "赢了！赢了！"}, {"uid": "1111358", "content": "套娃wwwwwew"}, {"uid": "6221030", "content": "wwwwwwwwwww"}, {"uid": "2735173", "content": "233333"}, {"uid": "277278204", "content": "泪目"}, {"uid": "253419", "content": "破防了"}, {"uid": "2954926", "content": "草"}, {"uid": "2784710", "content": "V圈警察这不给把传话筒扬了？"}, {"uid": "10256519", "content": "哎 30可怜"}, {"uid": "36769691", "content": "泪目"}, {"uid": "12700753", "content": "草"}, {"uid": "11354807", "content": "草"}, {"uid": "8668564", "content": "你好怪嗷"}, {"uid": "590223", "content": "输了！"}, {"uid": "2149006", "content": "提前QAQ"}, {"uid": "75379", "content": "草"}, {"uid": "2687115", "content": "泪 流了下来"}, {"uid": "11872189", "content": "我急了我急了"}, {"uid": "188050024", "content": "kimo"}, {"uid": "30376842", "content": "我哭了"}, {"uid": "21098678", "content": "30，这个女人不值得啊"}, {"uid": "6922679", "content": "草"}, {"uid": "10256519", "content": "草"}, {"uid": "10256519", "content": "真的感人"}, {"uid": "10256519", "content": "泪目"}, {"uid": "194175206", "content": "wwwwww"}, {"uid": "194175206", "content": "泪目"}, {"uid": "412774476", "content": "草wwwwwww"}, {"uid": "10778462", "content": "泪目"}, {"uid": "107122", "content": "泪目"}, {"uid": "30514029", "content": "我退出去看了看投稿人，30没错啊"}, {"uid": "238865667", "content": "可惜mana已经抢走了nano"}, {"uid": "415382982", "content": "QAQ"}, {"uid": "2149006", "content": "草"}, {"uid": "240061", "content": "草"}]