[{"uid": "7556405", "content": "30！！daisuki！！！"}, {"uid": "31914681", "content": "别拿原唱骗我（doge）"}, {"uid": "12321065", "content": "犯规啊！太可爱了，"}, {"uid": "12321065", "content": "太可爱了"}, {"uid": "31498", "content": "[\"0.05\",\"0.11\",\"1-1\",\"3.5\",\"高级弹幕：喜欢30のENA_Channel/译：Aloereed\",0,0,\"0.05\",\"0.11\",0,0,1,\"新宋体\",0]"}, {"uid": "31498", "content": "[\"0.05\",\"0.11\",\"1-1\",\"6.21\",\"飞回森林吧♡\",0,0,\"0.05\",\"0.11\",0,0,1,\"新宋体\",0]"}, {"uid": "31498", "content": "[\"0.05\",\"0.11\",\"1-1\",\"1.75\",\"喜欢喜欢心动心动\",0,0,\"0.05\",\"0.11\",0,0,1,\"新宋体\",0]"}, {"uid": "31498", "content": "[\"0.05\",\"0.11\",\"1-1\",\"0.98\",\"喜欢喜欢喜欢喜欢\",0,0,\"0.05\",\"0.11\",0,0,1,\"新宋体\",0]"}, {"uid": "31498", "content": "[\"0.05\",\"0.11\",\"1-1\",\"2.2\",\"喜欢喜欢心动心动\",0,0,\"0.05\",\"0.11\",0,0,1,\"新宋体\",0]"}, {"uid": "31498", "content": "[\"0.05\",\"0.11\",\"1-1\",\"2.1\",\"喜欢喜欢喜欢喜欢\",0,0,\"0.05\",\"0.11\",0,0,1,\"新宋体\",0]"}, {"uid": "31498", "content": "[\"0.05\",\"0.11\",\"1-1\",\"6.29\",\"千花啊 千花啊 千花千花♡\",0,0,\"0.05\",\"0.11\",0,0,1,\"新宋体\",0]"}, {"uid": "31498", "content": "[\"0.05\",\"0.11\",\"1-1\",\"2.17\",\"全力以赴活下去吧（哟）\",0,0,\"0.05\",\"0.11\",0,0,1,\"新宋体\",0]"}, {"uid": "31498", "content": "[\"0.05\",\"0.11\",\"1-1\",\"2.26\",\"坠入爱河就是男主角\",0,0,\"0.05\",\"0.11\",0,0,1,\"新宋体\",0]"}, {"uid": "31498", "content": "[\"0.05\",\"0.11\",\"1-1\",\"0.79\",\"无论何时无论是谁\",0,0,\"0.05\",\"0.11\",0,0,1,\"新宋体\",0]"}, {"uid": "31498", "content": "[\"0.05\",\"0.11\",\"1-1\",\"2.25\",\"喜欢喜欢心动心动 笨蛋——！\",0,0,\"0.05\",\"0.11\",0,0,1,\"新宋体\",0]"}, {"uid": "31498", "content": "[\"0.05\",\"0.11\",\"1-1\",\"2.21\",\"被依赖了就说不出“NO”的类型(Yes!)\",0,0,\"0.05\",\"0.11\",0,0,1,\"新宋体\",0]"}, {"uid": "31498", "content": "[\"0.05\",\"0.11\",\"1-1\",\"1.98\",\"喜欢喜欢书记书记初期设定（咚—）\",0,0,\"0.05\",\"0.11\",0,0,1,\"新宋体\",0]"}, {"uid": "31498", "content": "[\"0.05\",\"0.11\",\"1-1\",\"2.32\",\"（So(第二音)是什么—！！So~~~~~♬）\",0,0,\"0.05\",\"0.11\",0,0,1,\"新宋体\",0]"}, {"uid": "31498", "content": "[\"0.05\",\"0.11\",\"1-1\",\"1.16\",\"都会解决哒\",0,0,\"0.05\",\"0.11\",0,0,1,\"新宋体\",0]"}, {"uid": "31498", "content": "[\"0.05\",\"0.11\",\"1-1\",\"3.19\",\"无论怎样的麻烦\",0,0,\"0.05\",\"0.11\",0,0,1,\"新宋体\",0]"}, {"uid": "31498", "content": "[\"0.05\",\"0.11\",\"1-1\",\"2.25\",\"虽然心里有隐秘的想法（嘘—）\",0,0,\"0.05\",\"0.11\",0,0,1,\"新宋体\",0]"}, {"uid": "31498", "content": "[\"0.05\",\"0.11\",\"1-1\",\"2.09\",\"现代杀法 杀法回归\",0,0,\"0.05\",\"0.11\",0,0,1,\"新宋体\",0]"}, {"uid": "31498", "content": "[\"0.05\",\"0.11\",\"1-1\",\"6.37\",\"啊 这个真的美味~！！哇~吃完啦♡\",0,0,\"0.05\",\"0.11\",0,0,1,\"新宋体\",0]"}, {"uid": "31498", "content": "[\"0.05\",\"0.11\",\"1-1\",\"2.18\",\"超级硬的面条 淡一点的\",0,0,\"0.05\",\"0.11\",0,0,1,\"新宋体\",0]"}, {"uid": "31498", "content": "[\"0.05\",\"0.11\",\"1-1\",\"1.98\",\"酱油豚骨\",0,0,\"0.05\",\"0.11\",0,0,1,\"新宋体\",0]"}, {"uid": "31498", "content": "[\"0.05\",\"0.11\",\"1-1\",\"5.1\",\"拉面开关 超级硬面条 ON（咕嘟咕嘟咕嘟咕嘟咕嘟咕~）\",0,0,\"0.05\",\"0.11\",0,0,1,\"新宋体\",0]"}, {"uid": "31498", "content": "[\"0.05\",\"0.11\",\"1-1\",\"2.14\",\"因为最爱了\",0,0,\"0.05\",\"0.11\",0,0,1,\"新宋体\",0]"}, {"uid": "31498", "content": "[\"0.05\",\"0.11\",\"1-1\",\"2.07\",\"因为最喜欢了\",0,0,\"0.05\",\"0.11\",0,0,1,\"新宋体\",0]"}, {"uid": "31498", "content": "[\"0.05\",\"0.11\",\"1-1\",\"3.35\",\"YO YO 开始哒—YO！\",0,0,\"0.05\",\"0.11\",0,0,1,\"新宋体\",0]"}, {"uid": "31498", "content": "[\"0.05\",\"0.11\",\"1-1\",\"3.95\",\"啊！现在想到了非常好的事情！但第二段已经开始了\",0,0,\"0.05\",\"0.11\",0,0,1,\"新宋体\",0]"}, {"uid": "31498", "content": "[\"0.05\",\"0.11\",\"1-1\",\"0.94\",\"没什么事吗？\",0,0,\"0.05\",\"0.11\",0,0,1,\"新宋体\",0]"}, {"uid": "31498", "content": "[\"0.05\",\"0.11\",\"1-1\",\"3.27\",\"吃完便当的午后时分……呼啊~\",0,0,\"0.05\",\"0.11\",0,0,1,\"新宋体\",0]"}, {"uid": "31498", "content": "[\"0.05\",\"0.11\",\"1-1\",\"4.62\",\"换句话说，想成为芳留万世的名曲……\",0,0,\"0.05\",\"0.11\",0,0,1,\"新宋体\",0]"}, {"uid": "31498", "content": "[\"0.05\",\"0.11\",\"1-1\",\"2.5\",\"留下名言啊、格言什么的，像这样...\",0,0,\"0.05\",\"0.11\",0,0,1,\"新宋体\",0]"}, {"uid": "31498", "content": "[\"0.05\",\"0.11\",\"1-1\",\"2.88\",\"咚、因为这里歌曲进入了间奏\",0,0,\"0.05\",\"0.11\",0,0,1,\"新宋体\",0]"}, {"uid": "31498", "content": "[\"0.05\",\"0.11\",\"1-1\",\"4.3\",\"千花啊 千花啊 千花千花♡\",0,0,\"0.05\",\"0.11\",0,0,1,\"新宋体\",0]"}, {"uid": "31498", "content": "[\"0.05\",\"0.11\",\"1-1\",\"2.33\",\"全力以赴闪闪发光（哟）\",0,0,\"0.05\",\"0.11\",0,0,1,\"新宋体\",0]"}, {"uid": "31498", "content": "[\"0.05\",\"0.11\",\"1-1\",\"2.17\",\"坠入爱河就是女主角\",0,0,\"0.05\",\"0.11\",0,0,1,\"新宋体\",0]"}, {"uid": "31498", "content": "[\"0.05\",\"0.11\",\"1-1\",\"0.73\",\"无论何时无论是谁\",0,0,\"0.05\",\"0.11\",0,0,1,\"新宋体\",0]"}, {"uid": "31498", "content": "[\"0.05\",\"0.11\",\"1-1\",\"2.28\",\"喜欢喜欢怦然心动fortune teller\",0,0,\"0.05\",\"0.11\",0,0,1,\"新宋体\",0]"}, {"uid": "31498", "content": "[\"0.05\",\"0.11\",\"1-1\",\"2.17\",\"稍不留神磨磨蹭蹭地就快毕业咯（呼）\",0,0,\"0.05\",\"0.11\",0,0,1,\"新宋体\",0]"}, {"uid": "31498", "content": "[\"0.05\",\"0.11\",\"1-1\",\"2.25\",\"喜欢喜欢书记书记初期设定（咚—）\",0,0,\"0.05\",\"0.11\",0,0,1,\"新宋体\",0]"}, {"uid": "31498", "content": "[\"0.05\",\"0.11\",\"1-1\",\"2.11\",\"（I.Q 仅为3也全都交给我吧—！）\",0,0,\"0.05\",\"0.11\",0,0,1,\"新宋体\",0]"}, {"uid": "31498", "content": "[\"0.05\",\"0.11\",\"1-1\",\"1.11\",\"都会解决哒\",0,0,\"0.05\",\"0.11\",0,0,1,\"新宋体\",0]"}, {"uid": "31498", "content": "[\"0.05\",\"0.11\",\"1-1\",\"3.32\",\"管它什么问题 恋爱侦探千花\",0,0,\"0.05\",\"0.11\",0,0,1,\"新宋体\",0]"}, {"uid": "31498", "content": "[\"0.05\",\"0.11\",\"1-1\",\"2.19\",\"无论谁都隐瞒着真心\",0,0,\"0.05\",\"0.11\",0,0,1,\"新宋体\",0]"}, {"uid": "31498", "content": "[\"0.05\",\"0.11\",\"1-1\",\"2.09\",\"生活在混乱国度的我们\",0,0,\"0.05\",\"0.11\",0,0,1,\"新宋体\",0]"}, {"uid": "31498", "content": "[\"0.05\",\"0.11\",\"1-1\",\"2.2\",\"（书记千花、书记千花、啦——）\",0,0,\"0.05\",\"0.11\",0,0,1,\"新宋体\",0]"}, {"uid": "31498", "content": "[\"0.05\",\"0.11\",\"1-1\",\"3.53\",\"你不觉得是黄金成员吗？\",0,0,\"0.05\",\"0.11\",0,0,1,\"新宋体\",0]"}, {"uid": "31498", "content": "[\"0.05\",\"0.11\",\"1-1\",\"5.05\",\"会长和辉夜同学 石上君和书记千花♡\",0,0,\"0.05\",\"0.11\",0,0,1,\"新宋体\",0]"}, {"uid": "31498", "content": "[\"0.05\",\"0.11\",\"1-1\",\"4.77\",\"大家都憧憬的学生会（转呀转呀转呀转呀转呀转）\",0,0,\"0.05\",\"0.11\",0,0,1,\"新宋体\",0]"}, {"uid": "31498", "content": "[\"0.05\",\"0.11\",\"1-1\",\"2.21\",\"众所周知的事实\",0,0,\"0.05\",\"0.11\",0,0,1,\"新宋体\",0]"}, {"uid": "31498", "content": "[\"0.05\",\"0.11\",\"1-1\",\"2.19\",\"秀知院学园\",0,0,\"0.05\",\"0.11\",0,0,1,\"新宋体\",0]"}, {"uid": "31498", "content": "[\"0.05\",\"0.11\",\"1-1\",\"8.73\",\"YO-I YO-I 咚—哒YO！\",0,0,\"0.05\",\"0.11\",0,0,1,\"新宋体\",0]"}, {"uid": "31498", "content": "[\"0.05\",\"0.11\",\"1-1\",\"8.73\",\"YO-I YO-I 咚—哒YO！\",0,0,\"0.05\",\"0.11\",0,0,1,\"新宋体\",0]"}, {"uid": "2203831", "content": "可爱"}, {"uid": "8308058", "content": "宝太可爱了"}, {"uid": "3168569", "content": "来了来了"}, {"uid": "441344288", "content": "开头见"}, {"uid": "3885523", "content": "♪⸜(๑ ॑꒳ ॑๑)⸝♪✰"}, {"uid": "239935528", "content": "kawaii kawaii kawaii kawaii"}, {"uid": "1574139", "content": "30！！suki！"}, {"uid": "3406905", "content": "太可爱了！"}, {"uid": "13966525", "content": "冥界女王30suki！！！"}, {"uid": "735591", "content": "完全一致"}, {"uid": "89498", "content": "チカ・ミレ カワイイスギー"}, {"uid": "6780433", "content": "咪蕾太可爱了吧"}, {"uid": "2957060", "content": "可爱的要命"}, {"uid": "198345176", "content": "30太可爱了！！！"}, {"uid": "198345176", "content": "awsl"}, {"uid": "588704", "content": "宝太可爱了"}, {"uid": "525207", "content": "30吃可爱长大的"}, {"uid": "525207", "content": "好可爱好可爱"}, {"uid": "606668", "content": "奶气30"}, {"uid": "36774639", "content": "好带感！我跟着节奏疯狂点头"}, {"uid": "2280651", "content": "藤原30 sukiki"}, {"uid": "262525769", "content": "草"}, {"uid": "2874576", "content": "30好き！！！！1"}, {"uid": "12187793", "content": "kksk！"}, {"uid": "45087547", "content": "完全一致！本色出演！"}, {"uid": "2629851", "content": "30...30...sukiki"}, {"uid": "12321065", "content": "awsl"}, {"uid": "441344288", "content": "kksk"}, {"uid": "11491610", "content": "来了来了"}, {"uid": "198687504", "content": "开头见"}, {"uid": "428164", "content": "君 可愛いね 結婚"}, {"uid": "89498", "content": "wwwww. いっぱいラーメン"}, {"uid": "4946248", "content": "太可爱了"}, {"uid": "525207", "content": "宝太可爱了"}, {"uid": "10778462", "content": "好耶，宝的新作"}, {"uid": "266163123", "content": "新鲜的"}, {"uid": "95415367", "content": "30可爱！！！！！"}, {"uid": "405142", "content": "30！！！かわいい！！！！"}, {"uid": "226009589", "content": "30kawaiiiiiiiiiiiii"}, {"uid": "246633442", "content": "好耶"}, {"uid": "21896921", "content": "可爱！"}, {"uid": "441344288", "content": "awsl"}, {"uid": "2629851", "content": "kksk"}, {"uid": "3651311", "content": "30と！30と！3030！"}, {"uid": "152489", "content": "30 suki suki"}, {"uid": "308823", "content": "可爱！！"}, {"uid": "441344288", "content": "awsl"}, {"uid": "3168569", "content": "恋爱了"}, {"uid": "441344288", "content": "初见可爱单推结婚"}, {"uid": "212101", "content": "kawaii"}, {"uid": "24816297", "content": "可可爱爱"}, {"uid": "4946248", "content": "可爱可爱"}, {"uid": "37498399", "content": "kksk"}, {"uid": "35538918", "content": "再来再来"}, {"uid": "230337405", "content": "30可爱！！！！！"}, {"uid": "35538918", "content": "来了来了"}, {"uid": "51427", "content": "可爱"}, {"uid": "177308575", "content": "卡哇伊"}, {"uid": "106021", "content": "30！30！30！"}, {"uid": "7581143", "content": "rua！！!"}, {"uid": "19824793", "content": "OHHHHHHHHHHHHHHHHHHHHHHHHHHHH"}, {"uid": "20946146", "content": "好可爱"}, {"uid": "357274793", "content": "可爱！"}, {"uid": "441344288", "content": "好耶"}, {"uid": "2629851", "content": "kksk"}, {"uid": "351975302", "content": "可爱"}, {"uid": "8309253", "content": "又在DNA里改词了"}, {"uid": "408645838", "content": "awsl"}, {"uid": "441344288", "content": "awsl"}, {"uid": "212101", "content": "kksk"}, {"uid": "1858404199", "content": "kksk"}, {"uid": "1808632", "content": "awsl"}, {"uid": "2405004", "content": "30皮~~~"}, {"uid": "10778462", "content": "奶宝"}, {"uid": "246633442", "content": "kawaii"}, {"uid": "4946248", "content": "kksk"}, {"uid": "516409941", "content": "ilidildi"}, {"uid": "2629851", "content": "awsl"}, {"uid": "2629851", "content": "宝真可爱"}, {"uid": "441344288", "content": "好耶"}, {"uid": "6370967", "content": "可爱！"}, {"uid": "27228190", "content": "可爱"}, {"uid": "262525769", "content": "kksk"}, {"uid": "5855044", "content": "可爱"}, {"uid": "8298552", "content": "好耶"}, {"uid": "524428254", "content": "双厨狂喜"}, {"uid": "93416814", "content": "30kawai"}, {"uid": "30010818", "content": "为什么放原唱"}, {"uid": "33175600", "content": "hso"}, {"uid": "441344288", "content": "awsl"}, {"uid": "432135", "content": "为什么放原唱！"}, {"uid": "12630046", "content": "宝"}, {"uid": "93557384", "content": "30…30…suki"}, {"uid": "441344288", "content": "好耶"}, {"uid": "1858404199", "content": "这个好"}, {"uid": "7420452", "content": "hso"}, {"uid": "7420452", "content": "整活系歌势"}, {"uid": "2178186", "content": "kksk"}, {"uid": "6370967", "content": "kksk！！"}, {"uid": "15053846", "content": "好耶"}, {"uid": "207458634", "content": "可爱"}, {"uid": "9062519", "content": "www"}, {"uid": "8303092", "content": "奶味十足"}, {"uid": "9869584", "content": "可爱   单推   结婚"}, {"uid": "10856525", "content": "好听！"}, {"uid": "37498399", "content": "awsl"}, {"uid": "4219371", "content": "呜～"}, {"uid": "4946248", "content": "开头见"}, {"uid": "5919330", "content": "原唱"}, {"uid": "441344288", "content": "好耶"}, {"uid": "29420546", "content": "awsl kksk"}, {"uid": "29420546", "content": "可爱可爱可爱"}, {"uid": "262284680", "content": "可爱"}, {"uid": "194175206", "content": "开始循环"}, {"uid": "194175206", "content": "好可爱"}, {"uid": "58159657", "content": "确实是原唱（东哥"}, {"uid": "474316513", "content": "kksk"}, {"uid": "6301", "content": "30可爱"}, {"uid": "525207", "content": "kksk"}, {"uid": "313897", "content": "可爱"}, {"uid": "262284680", "content": "可爱！"}, {"uid": "544299387", "content": "可爱！！！！！！！！"}, {"uid": "35538918", "content": "可爱"}, {"uid": "39204203", "content": "好听30可爱"}, {"uid": "101193063", "content": "唱歌也要整活啊"}, {"uid": "19824793", "content": "kksk"}, {"uid": "385460843", "content": "303030！"}, {"uid": "317476455", "content": "我听不出区别！！！"}, {"uid": "441344288", "content": "来了"}, {"uid": "3168569", "content": "奇怪的歌词出生了"}, {"uid": "194175206", "content": "awsl"}, {"uid": "212101", "content": "30大小姐想让我告白"}, {"uid": "474316513", "content": "kksk"}, {"uid": "1515644", "content": "dare？"}, {"uid": "18741474", "content": "宝太过可爱"}, {"uid": "1591623", "content": "kksk"}, {"uid": "544299387", "content": "kksk"}, {"uid": "4439854", "content": "衣服真大"}, {"uid": "5043517", "content": "(￣3￣)(￣3￣)"}, {"uid": "22225273", "content": "来了"}, {"uid": "45087547", "content": "除了派派都完美得还原了呢，女王大人"}, {"uid": "2264478", "content": "第一！！咪蕾I LOVE U"}, {"uid": "5919330", "content": "哦吼"}, {"uid": "2629851", "content": "awsl"}, {"uid": "2629851", "content": "awsl"}, {"uid": "233121351", "content": "awsl"}, {"uid": "36769691", "content": "可爱"}, {"uid": "36769691", "content": "awsl"}, {"uid": "13275281", "content": "可爱可爱可爱可爱可爱可爱"}, {"uid": "441344288", "content": "来了"}, {"uid": "198687504", "content": "suki"}, {"uid": "487279", "content": "sukiki"}, {"uid": "474316513", "content": "awsl"}, {"uid": "19628", "content": "kksk"}, {"uid": "520386210", "content": "哎呦"}, {"uid": "101193063", "content": "好耶"}, {"uid": "51427", "content": "好耶"}, {"uid": "9629", "content": "30太幼"}, {"uid": "441344288", "content": "30…30…suki"}, {"uid": "7420452", "content": "30sukiki！"}, {"uid": "198345176", "content": "kksk"}, {"uid": "27890669", "content": "好耶"}, {"uid": "8470813", "content": "wwwww"}, {"uid": "667229452", "content": "好耶！！"}, {"uid": "8376976", "content": "谁？"}, {"uid": "198687504", "content": "为什么放原唱？？"}, {"uid": "26331022", "content": "这不直接跳起来？"}, {"uid": "28834858", "content": "我出生啦"}, {"uid": "11927551", "content": "臭小鬼终于正常不整活了"}, {"uid": "7713860", "content": "太可爱了！！！ 太可爱了！！！ 太可爱了！！！！！！！！"}, {"uid": "7713860", "content": "太可爱了！！！ 太可爱了！！！ 太可爱了！！！"}, {"uid": "7713860", "content": "太可爱了！！！！！！！！！！！！！！"}, {"uid": "544299387", "content": "IQ3  www （确实）"}, {"uid": "5043517", "content": "(￣3￣)(￣3￣)(￣3￣)(￣3￣)"}]