[{"uid": "430099272", "content": "要进去了哦"}, {"uid": "6628100", "content": "只有超管不喜欢"}, {"uid": "29857", "content": "老皮更小"}, {"uid": "306797", "content": "猫猫的本音"}, {"uid": "13234278", "content": "在奇怪的地方暂停"}, {"uid": "27631997", "content": "哈哈哈哈"}, {"uid": "194175206", "content": "草"}, {"uid": "34593348", "content": "你屑的起来就够了"}, {"uid": "73449836", "content": "哈哈哈哈哈，清楚三铳士"}, {"uid": "6793712", "content": "草"}, {"uid": "1541803", "content": "全世界的男人都是这样的"}, {"uid": "37778253", "content": "才21w"}, {"uid": "457355", "content": "你3D有了"}, {"uid": "22420132", "content": "今天的B站就看到这里"}, {"uid": "440900688", "content": "大姐可是怪物级的啊"}, {"uid": "1788374", "content": "当我知道朋友有30cm时 ↓"}, {"uid": "2571678", "content": "草"}, {"uid": "2571678", "content": "震惊30"}, {"uid": "512770", "content": "好！很有精神！"}, {"uid": "40101597", "content": "太多冲击"}, {"uid": "40101597", "content": "草"}, {"uid": "24169318", "content": "kksk"}, {"uid": "36769691", "content": "草"}, {"uid": "1808632", "content": "草"}, {"uid": "1808632", "content": "经典背字母表"}, {"uid": "297679665", "content": "发现自己在现场了草"}, {"uid": "22992267", "content": "我看到当时发的草了哈哈"}, {"uid": "2629851", "content": "小小的眼睛 大大的疑惑"}, {"uid": "206961", "content": "没错！喜欢！！！！"}, {"uid": "1931345", "content": "草"}, {"uid": "10581", "content": "我是去炸天妇罗的"}, {"uid": "32423963", "content": "布姐23333"}, {"uid": "357274793", "content": "30可爱就够了"}, {"uid": "193571614", "content": "hhhhh"}, {"uid": "350727660", "content": "确实，这还是高清重制版"}, {"uid": "350727660", "content": "谁听到这cup不是背字母表啊"}, {"uid": "418025", "content": "二次元女王"}, {"uid": "418025", "content": "沙雕图ww"}, {"uid": "34808383", "content": "震撼30"}, {"uid": "587140", "content": "懂完了"}, {"uid": "184752", "content": "暴露了"}, {"uid": "294546748", "content": "草，被发现了！"}, {"uid": "94721476", "content": "屑起来了"}, {"uid": "3970880", "content": "草，30国人说"}, {"uid": "23370153", "content": "草"}, {"uid": "545148302", "content": "震惊30"}, {"uid": "65353029", "content": "bushi"}, {"uid": "612499773", "content": "233333"}, {"uid": "8979804", "content": "草"}, {"uid": "8979804", "content": "学习炸天妇罗（"}, {"uid": "11872189", "content": "再看你的3D模型就没了"}, {"uid": "158229081", "content": "屑起来了"}, {"uid": "111459857", "content": "草"}, {"uid": "408645838", "content": "好巧，昨天0宝干了一样的事情"}, {"uid": "211114779", "content": "草"}, {"uid": "7797578", "content": "草"}, {"uid": "33935601", "content": "草"}, {"uid": "440900688", "content": "弔图一堆"}, {"uid": "167865345", "content": "草"}, {"uid": "73354022", "content": "我能打这孩子一顿吗"}, {"uid": "36769691", "content": "草"}, {"uid": "2629851", "content": "太多冲击"}, {"uid": "127876", "content": "经 典 永 流 传"}, {"uid": "21550586", "content": "啊？"}, {"uid": "25289709", "content": "草"}, {"uid": "693944360", "content": "你屑的起来"}, {"uid": "354624", "content": "草"}, {"uid": "23562069", "content": "假设检验"}, {"uid": "2629851", "content": "草"}, {"uid": "2629851", "content": "草"}, {"uid": "1931345", "content": "d 6 5"}, {"uid": "193571614", "content": "太多冲击"}, {"uid": "17784911", "content": "草"}, {"uid": "3207714", "content": "经典永流传"}, {"uid": "612499773", "content": "草"}, {"uid": "612499773", "content": "涩小鬼"}, {"uid": "17078410", "content": "草！"}, {"uid": "29857", "content": "弔图一堆"}, {"uid": "306797", "content": "色小鬼"}, {"uid": "4197830", "content": "草"}, {"uid": "8648597", "content": "太多冲击"}, {"uid": "3168569", "content": "wwwwww"}, {"uid": "24213285", "content": "草"}, {"uid": "12321065", "content": "草"}, {"uid": "1931345", "content": "草"}, {"uid": "397698233", "content": "震撼30"}, {"uid": "418025", "content": "太多冲击"}, {"uid": "306977659", "content": "布姐草"}, {"uid": "587140", "content": "检证"}, {"uid": "3567769", "content": "屑起来了"}, {"uid": "9043674", "content": "草"}, {"uid": "408645838", "content": "草"}, {"uid": "37778253", "content": "草"}, {"uid": "6455994", "content": "草"}, {"uid": "22420132", "content": "中国dd风评被害"}, {"uid": "12321065", "content": "草"}, {"uid": "337487", "content": "草"}, {"uid": "11874945", "content": "草"}, {"uid": "65353029", "content": "臭小鬼"}, {"uid": "7713860", "content": "草"}, {"uid": "480362513", "content": "草"}, {"uid": "26774591", "content": "太多葱鸡"}, {"uid": "194175206", "content": "www"}, {"uid": "412227", "content": "嗦不粗话"}, {"uid": "189452", "content": "翻译的真牛逼这句话翻来覆去地听，也没听出来30说的啥"}, {"uid": "23562069", "content": "太多冲击"}, {"uid": "1931345", "content": "草"}, {"uid": "138510172", "content": "小屁孩色的起来才怪了"}, {"uid": "3781241", "content": "草，涩小鬼"}, {"uid": "343616", "content": "草"}, {"uid": "349898206", "content": "草wwww"}, {"uid": "349898206", "content": "草"}, {"uid": "35641505", "content": "弔图一堆"}, {"uid": "108061820", "content": "？？？"}, {"uid": "221220", "content": "草"}, {"uid": "436949608", "content": "咪蕾太可爱了，涩不起来"}, {"uid": "8979804", "content": "草洗菜"}, {"uid": "401099828", "content": "高槻律一出现我就知道她要干嘛"}, {"uid": "27631997", "content": "草"}, {"uid": "194175206", "content": "wwww"}, {"uid": "194175206", "content": "草"}, {"uid": "12321065", "content": "验货"}, {"uid": "2629851", "content": "草"}, {"uid": "14107499", "content": "草"}, {"uid": "418025", "content": "草"}, {"uid": "418025", "content": "D65"}, {"uid": "34808383", "content": "草"}, {"uid": "8121571", "content": "震撼30"}, {"uid": "587140", "content": "草"}, {"uid": "134025", "content": "草"}, {"uid": "402813", "content": "草"}, {"uid": "804600", "content": "验货是吧？"}, {"uid": "23370153", "content": "wwww"}, {"uid": "401099828", "content": "草"}, {"uid": "430099272", "content": "草"}, {"uid": "19571256", "content": "www"}, {"uid": "13855992", "content": "草"}, {"uid": "1433095", "content": "草"}, {"uid": "4919877", "content": "H"}, {"uid": "32423963", "content": "草"}, {"uid": "13367534", "content": "？？？"}, {"uid": "2322190", "content": "草"}, {"uid": "51418548", "content": "草"}, {"uid": "9043674", "content": "草"}, {"uid": "408645838", "content": "涩小鬼"}, {"uid": "2203831", "content": "都是假的"}, {"uid": "182056229", "content": "草"}, {"uid": "40101597", "content": "草"}, {"uid": "36769691", "content": "草"}, {"uid": "23562069", "content": "草"}, {"uid": "190085081", "content": "草"}, {"uid": "34808383", "content": "草"}, {"uid": "3567769", "content": "草"}, {"uid": "65353029", "content": "草"}, {"uid": "194731691", "content": "社小鬼，色不起来"}, {"uid": "31546332", "content": "65D"}, {"uid": "510751", "content": "新鲜"}, {"uid": "1597017", "content": "草"}, {"uid": "418025", "content": "涩小鬼"}, {"uid": "2148851", "content": "草"}, {"uid": "6221030", "content": "wwwww"}, {"uid": "6221030", "content": "草"}, {"uid": "479378902", "content": "草"}, {"uid": "32818399", "content": "草"}]