[{"uid": "14493102", "content": "我不看了  我去厕所了"}, {"uid": "5718643", "content": "除了开头那两声 后面的完全涩不起来啊（捂脸）"}, {"uid": "67778694", "content": "生了！生了！"}, {"uid": "3651311", "content": "愿冥界没有瓶子"}, {"uid": "702431140", "content": "空降0023"}, {"uid": "588079", "content": "原来帕里是照着贝蒂画30的吗"}, {"uid": "103022524", "content": "？草"}, {"uid": "4857498", "content": "翻译怎么回事（）真当我们听不懂嘛"}, {"uid": "6486338", "content": "方言都说出来了"}, {"uid": "355015489", "content": "你再骂（恳求）"}, {"uid": "16543693", "content": "都听出猫叫了"}, {"uid": "297679665", "content": "好紧♂"}, {"uid": "102609923", "content": "愿冥界没有便秘"}, {"uid": "30587601", "content": "耿鬼倒了 快扶一下"}, {"uid": "2178186", "content": "哈哈哈"}, {"uid": "11872189", "content": "逐渐mea化"}, {"uid": "1858404199", "content": "姐姐音suki"}, {"uid": "4912018", "content": "草"}, {"uid": "6221030", "content": "您在冥界死了会去到天堂吗？然后030贴贴（计划行！）"}, {"uid": "6486338", "content": "30这么小力"}, {"uid": "20221270", "content": "为啥不翻译成好硬啊[手动狗头]"}, {"uid": "153338083", "content": "hso"}, {"uid": "1931345", "content": "hso"}, {"uid": "12321065", "content": "可怜的咪蕾，便秘了还直播"}, {"uid": "23562069", "content": "谢谢你，瓶盖"}, {"uid": "56595", "content": "hso"}, {"uid": "1931345", "content": "便秘草"}, {"uid": "523440453", "content": "hso"}, {"uid": "794571", "content": "便秘了吗"}, {"uid": "411390252", "content": "味道好冲"}, {"uid": "23134800", "content": "完了 怎么听都像便秘"}, {"uid": "23001624", "content": "你倒是唱啊"}, {"uid": "702431140", "content": "空降00：23"}, {"uid": "523739860", "content": "愿魔界没有便秘"}, {"uid": "3243746", "content": "愿魔界没有便秘"}, {"uid": "2758221", "content": "hso"}, {"uid": "18402178", "content": "33"}, {"uid": "16391204", "content": "加油，快生出来了"}, {"uid": "20735135", "content": "闭眼新世界"}, {"uid": "1808632", "content": "www"}, {"uid": "693929898", "content": "谢谢已经好了"}, {"uid": "45087547", "content": "便秘哈哈"}, {"uid": "45087547", "content": "hso"}, {"uid": "355015489", "content": "kawaii"}, {"uid": "23562069", "content": "hso"}, {"uid": "9824302", "content": "便秘"}, {"uid": "19628", "content": "hso"}, {"uid": "1858404199", "content": "kksk"}, {"uid": "37498399", "content": "kksk"}, {"uid": "23001624", "content": "草"}, {"uid": "521495320", "content": "碧翠丝好评"}, {"uid": "954660", "content": "hso"}, {"uid": "121493", "content": "hso"}, {"uid": "81180332", "content": "便秘"}, {"uid": "4360410", "content": "hso"}, {"uid": "27978362", "content": "便秘了"}, {"uid": "15588298", "content": "www"}, {"uid": "207458634", "content": "你在骂"}, {"uid": "106021", "content": "草"}, {"uid": "523440453", "content": "hso"}, {"uid": "194175206", "content": "hso"}, {"uid": "91288", "content": "kksk"}, {"uid": "2629851", "content": "hso"}, {"uid": "44409686", "content": "愿魔界没有便秘"}, {"uid": "5079253", "content": "？？？"}, {"uid": "735591", "content": "笑死"}, {"uid": "290750150", "content": "hso"}, {"uid": "19628", "content": "kksk"}, {"uid": "1858404199", "content": "xswl"}, {"uid": "15279466", "content": "便秘？"}, {"uid": "106021", "content": "HSO"}, {"uid": "441409999", "content": "同款手机盒"}, {"uid": "168509705", "content": "草"}, {"uid": "51427", "content": "hso"}, {"uid": "3603486", "content": "hso"}, {"uid": "19784544", "content": "kksk"}, {"uid": "393294", "content": "hso"}, {"uid": "9050193", "content": "hso"}, {"uid": "28954108", "content": "hso"}, {"uid": "1808632", "content": "？？？？"}, {"uid": "36769691", "content": "hso"}, {"uid": "37498399", "content": "hso"}, {"uid": "39204203", "content": "hso"}, {"uid": "91288", "content": "hso"}, {"uid": "8308058", "content": "草"}, {"uid": "194646715", "content": "？？？？？"}, {"uid": "16200750", "content": "力气还真的能小到打不开盖子 我一个朋友宅了很久 弱到出门没几分钟就能累垮 盖子拧不开 最好笑的是还是个男生"}, {"uid": "51427", "content": "hso"}, {"uid": "344725794", "content": "？？？"}, {"uid": "6370967", "content": "hso"}, {"uid": "6486338", "content": "hso"}, {"uid": "1808632", "content": "hso"}, {"uid": "88154", "content": "hso"}, {"uid": "29014158", "content": "？"}, {"uid": "645471253", "content": "hso"}, {"uid": "297571776", "content": "hso"}, {"uid": "351975302", "content": "草"}, {"uid": "512770", "content": "kksk"}, {"uid": "2594783", "content": "这个好冲？看来今天不得不冲啦xdm"}, {"uid": "2178186", "content": "草"}, {"uid": "397902", "content": "我出生了"}, {"uid": "4073161", "content": "hso"}, {"uid": "106021", "content": "hso"}, {"uid": "29420546", "content": "hso"}, {"uid": "3083310", "content": "hso"}, {"uid": "13455418", "content": "便秘是病，得治*"}, {"uid": "207458634", "content": "hso"}, {"uid": "496788", "content": "hso"}, {"uid": "341048421", "content": "kksk"}]