[{"uid": "4498776", "content": "狼虎之词"}, {"uid": "22010327", "content": "冥界女王"}, {"uid": "23134800", "content": "mua~"}, {"uid": "525207", "content": "开幕雷击"}, {"uid": "16919703", "content": "草"}, {"uid": "10159973", "content": "草"}, {"uid": "22609983", "content": "mua~"}, {"uid": "39813625", "content": "为什么出来了奶憨味？？"}, {"uid": "262284680", "content": "mua～"}, {"uid": "1693983", "content": "一瞬之间我以为是爱丽丝"}, {"uid": "141178947", "content": "mua～"}, {"uid": "240360", "content": "奶凶奶凶的"}, {"uid": "6486338", "content": "太可爱了"}, {"uid": "15513297", "content": "暗妃鲁咪蕾！卡哇伊！"}, {"uid": "113654724", "content": "可可爱爱"}, {"uid": "8155353", "content": "哈哈哈"}, {"uid": "2969944", "content": "开幕雷击"}, {"uid": "384796790", "content": "36分钟热乎"}, {"uid": "7713860", "content": "好大"}, {"uid": "13792286", "content": "可爱"}, {"uid": "10491189", "content": "可爱"}, {"uid": "87688072", "content": "kksk"}, {"uid": "408645838", "content": "babu"}, {"uid": "514313263", "content": "cao"}, {"uid": "14234348", "content": "我觉得没内味儿"}, {"uid": "694492738", "content": "草"}, {"uid": "1464471827", "content": "热乎的"}, {"uid": "28662020", "content": "CAO"}, {"uid": "1164105590", "content": "biabu"}, {"uid": "262525769", "content": "kksk"}]