[{"uid": "397698233", "content": "战忽局的同志哈哈哈哈"}, {"uid": "43796691", "content": "战忽局的同志出现了"}, {"uid": "34149628", "content": "我一开始还以为那个草是语气词…"}, {"uid": "4114593", "content": "虽然不是挺罕见的，但是乍一看真的非常酷炫"}, {"uid": "37315433", "content": "我们都是乡下人"}, {"uid": "496391812", "content": "资本大厦"}, {"uid": "14293639", "content": "东京不也有嘛（"}, {"uid": "146236631", "content": "曾家岩大桥"}, {"uid": "71329244", "content": "东京相当于一个很大的直辖市，但是市中心只有那么一块啊"}, {"uid": "399874513", "content": "战忽局的同志做的很到位啊"}, {"uid": "173522635", "content": "不 只有主要城市是这样的"}, {"uid": "71037", "content": "战忽局从不迟到"}, {"uid": "71037", "content": "相当普通"}, {"uid": "12553135", "content": "一线城市都这样吧"}, {"uid": "60504023", "content": "赛   博  朋   克"}, {"uid": "6905896", "content": "这个确实是重庆特产了"}, {"uid": "429737535", "content": "死宅的奇妙比喻"}, {"uid": "129322115", "content": "战忽局的功劳啊哈哈哈"}, {"uid": "434431", "content": "草，狗头人赛博重庆系列"}, {"uid": "34164683", "content": "靠…往前走就是洪崖洞哈哈哈"}, {"uid": "262337541", "content": "重庆也是一线才这样的了，我们这小地方也就城中心能这样"}, {"uid": "149366180", "content": "可能乍一看以为是代码形成的楼"}, {"uid": "14477677", "content": "这是不是有什么奇怪的误解啊"}, {"uid": "17499117", "content": "《冥界在乡下》"}, {"uid": "342276137", "content": "这个同志给力，升官！"}, {"uid": "342276137", "content": "各个大中型城市都有这种了"}, {"uid": "24788725", "content": "死鸭子嘴硬www"}, {"uid": "450223336", "content": "一开口就老傲娇了"}, {"uid": "450223336", "content": "重庆夜景在全国可是名列前茅的"}, {"uid": "11927601", "content": "哈哈哈哈哈乡下人进城啊"}, {"uid": "10620365", "content": "小秦原来生活在冥界游乐园"}, {"uid": "1725527", "content": "过山车也太草了"}, {"uid": "37152145", "content": "respect for 打工人们"}, {"uid": "2907196", "content": "不说全都是，但是这样的地方面基加起来也是相当大了"}, {"uid": "10312668", "content": "光  草  光"}, {"uid": "508998499", "content": "草，我一个生活在重庆的人都没认出来这是重庆"}, {"uid": "37141131", "content": "草，这岂不是说可以选景这里"}, {"uid": "323953409", "content": "你想多了哈哈哈哈"}, {"uid": "39313550", "content": "你这么一说看起来很好吃"}, {"uid": "23001624", "content": "试图说服自己"}, {"uid": "5405270", "content": "虽然不是常见级别，当大家都见惯不怪了"}, {"uid": "67778694", "content": "草：草"}, {"uid": "67778694", "content": "女王の矜持"}, {"uid": "24169318", "content": "过山车（轻轨）"}, {"uid": "194175206", "content": "不愧是冥界女王，只会想到冥界生物（"}, {"uid": "205471175", "content": "为啥不调个画质，是太卡了吗"}, {"uid": "20619959", "content": "草 不至于不至于"}, {"uid": "4578026", "content": "一般市区基本都还可以，豪华的话那就要一二线这些了"}, {"uid": "18641057", "content": "震撼孩子一整年"}, {"uid": "2031947", "content": "重庆的夜景在全国都是顶尖的"}, {"uid": "7855856", "content": "国外可能很少这样密集的高楼"}, {"uid": "24788725", "content": "这里打了个嗝好可爱ww"}, {"uid": "189748215", "content": "想象力真丰富呀哈哈哈哈"}, {"uid": "6891770", "content": "一个人横穿马路被我逮到了"}, {"uid": "11521683", "content": "战忽局的同志尽力了"}, {"uid": "354112", "content": "草，怪起来了"}, {"uid": "6486338", "content": "无敌的脑洞"}, {"uid": "306797", "content": "东京夜景做不到这种复数个超高层建筑协调性的观赏性灯光装饰"}, {"uid": "2163611", "content": "重庆nb啊，这摸鱼狗随便一拍都这么好看"}, {"uid": "2163611", "content": "好家伙，这是重庆吗，真好康"}, {"uid": "22987058", "content": "把你们的“草”打出来"}, {"uid": "5731509", "content": "冥界缺僵尸吗"}, {"uid": "15138435", "content": "过山车也太草了"}, {"uid": "69703", "content": "战忽局都来了哈哈哈哈"}, {"uid": "11279100", "content": "咱们的电费真的算很便宜的"}, {"uid": "38332165", "content": "赛博朋克主题乐园（"}, {"uid": "106021", "content": "草 在发光"}, {"uid": "13916344", "content": "翻译这些东西阴间都有"}, {"uid": "34900713", "content": "重庆地形复杂，更有内味"}, {"uid": "36632601", "content": "冥界在乡下"}, {"uid": "282155629", "content": "草，在发光"}, {"uid": "1568660492", "content": "日本地震多，高楼要稳定的地基，所以少"}, {"uid": "246954", "content": "重庆夜景在国内也是排的上号的呀"}, {"uid": "9142831", "content": "战忽局来了"}, {"uid": "348834127", "content": "精神川渝人狂喜"}, {"uid": "39256510", "content": "有的地方电多的没用不完 不方便存就"}, {"uid": "457131", "content": "秦国跑山模拟器"}, {"uid": "130804664", "content": "浦东那里晚上更离谱"}, {"uid": "389431", "content": "重庆南滨路么不是，东源附近"}, {"uid": "25262699", "content": "战忽局同志"}, {"uid": "227266703", "content": "大东京指整个东京圈吧"}, {"uid": "71037", "content": "浪 费 电 能"}, {"uid": "6678334", "content": "战忽局，出动！"}, {"uid": "896086", "content": "草 在发光"}, {"uid": "386513", "content": "原地震惊"}, {"uid": "353746155", "content": "跨坐式单轨列车吧"}, {"uid": "429737535", "content": "亮吗？里面都是加班的社畜"}, {"uid": "25751843", "content": "帧数警犬，出动"}, {"uid": "93875339", "content": "草！在发光！"}, {"uid": "153338083", "content": "东京人称小千叶（"}, {"uid": "153338083", "content": "30的奇妙比喻"}, {"uid": "516320802", "content": "不至于不至于"}, {"uid": "41231115", "content": "草 战忽局都来了"}, {"uid": "6486338", "content": "请观看30进城系列第一集"}, {"uid": "160196", "content": "东 京 很 小"}, {"uid": "508998499", "content": "草，战忽局来了"}, {"uid": "6348644", "content": "轻轨或者高架桥"}, {"uid": "12631275", "content": "巨大建筑群…我刚去也被震撼到"}, {"uid": "3168569", "content": "草（发光"}, {"uid": "388280251", "content": "我也是乡下人，别说了www"}, {"uid": "5405270", "content": "高架桥"}, {"uid": "6361313", "content": "战忽局出动了"}, {"uid": "6361313", "content": "30你别显得日本没有城市夜景吧哈哈哈"}, {"uid": "42195795", "content": "草，脑洞真大"}, {"uid": "6849370", "content": "战 忽 局 出 动"}, {"uid": "194175206", "content": "有亿点点冲击"}, {"uid": "25685373", "content": "不是，东京建筑也密集啊"}, {"uid": "20619959", "content": "小地方真的没这程度"}, {"uid": "2031947", "content": "重庆的夜景算是全国都顶尖了"}, {"uid": "189748215", "content": "城市建设真美啊，工人们辛苦了"}, {"uid": "1847299", "content": "其实也只有各大中心城市普遍"}, {"uid": "1831263", "content": "草是赛博重庆"}, {"uid": "313654837", "content": "战忽局辛苦了"}, {"uid": "38107783", "content": "光 草 光"}, {"uid": "87159285", "content": "鬼   形   兽"}, {"uid": "8359359", "content": "这不是遍地都有的东西吗。。。LED啊"}, {"uid": "398357639", "content": "重庆山城的威力"}, {"uid": "9994946", "content": "y1s1确实"}, {"uid": "2400519", "content": "草，狗头人拍的"}, {"uid": "127978", "content": "秦国夜景www"}, {"uid": "5036", "content": "30-50w投光灯加红色LED装饰灯带和路灯啊（无慈悲）"}, {"uid": "253419", "content": "草在发光"}, {"uid": "309425785", "content": "现在一二线城市基本都有这种地方"}, {"uid": "859933", "content": "桥啊"}, {"uid": "4114593", "content": "人家毕竟是冥界女王嘛"}, {"uid": "648684322", "content": "纯粹的装饰，实际上我感觉用处不大光污染还强"}, {"uid": "10826451", "content": "是服务器啊"}, {"uid": "32905288", "content": "？惊讶的点有点奇怪"}, {"uid": "15027139", "content": "就城市面积的话，应该还是东京大吧"}, {"uid": "12676651", "content": "西边的电不值钱 都想办法往东输 这灯可劲的点 不心疼"}, {"uid": "14652476", "content": "东京很大，但先发达起来后续建设跟不上而已"}, {"uid": "153338083", "content": "冥界光污染（"}, {"uid": "561780", "content": "妹啊东京基本上是世界上最大的城市了"}, {"uid": "348504366", "content": "是真的漂亮啊，我也没见过"}, {"uid": "52453166", "content": "重庆看远景也很厉害，依山而建的山城很震撼"}, {"uid": "450223336", "content": "草!在发光!"}, {"uid": "830152718", "content": "草 重庆跑山王奎恩"}, {"uid": "14362084", "content": "日本高层建筑太少了，我去东京塔上看过日本的夜景也挺震撼的"}, {"uid": "5752743", "content": "行车记录仪吧，存储空间有限画质低也正常"}, {"uid": "3500192", "content": "这玩意是地铁（）"}, {"uid": "44808915", "content": "真不敢重庆自驾游"}, {"uid": "22379856", "content": "乡下人进重庆"}, {"uid": "37141131", "content": "普通个屁啊！！！！"}, {"uid": "17958776", "content": "后面是洪崖洞？"}, {"uid": "29454431", "content": "夜景还是得看航拍"}, {"uid": "32147060", "content": "过山车草"}, {"uid": "112776970", "content": "洪崖洞！！！"}, {"uid": "78512604", "content": "草，这个不是很常见吗"}, {"uid": "1361936", "content": "草 狗头人"}, {"uid": "11773507", "content": "战忽局出动了"}, {"uid": "480362513", "content": "要是带她看一次黄浦江夜景估计都可以吓傻她了吧"}, {"uid": "101193063", "content": "这个确实应该也就重庆有了"}, {"uid": "441433041", "content": "国内人表示也没见过("}, {"uid": "5582949", "content": "战忽局出动"}, {"uid": "241837504", "content": "电费会很贵吧"}, {"uid": "51998514", "content": "乡下人进城.jpg"}, {"uid": "11018482", "content": "密码不至于不至于"}, {"uid": "19628", "content": "不至于不至于不至于"}, {"uid": "13907981", "content": "那玩意是地铁或者轻轨吧（）"}, {"uid": "28567815", "content": "不至于，只有大城市才有这种"}, {"uid": "57578913", "content": "秦国岂是普通之地？"}, {"uid": "588079", "content": "开了滤镜？"}, {"uid": "3207714", "content": "草"}, {"uid": "3207714", "content": "草"}, {"uid": "3207714", "content": "草"}, {"uid": "47055", "content": "什么奇妙联想"}, {"uid": "47055", "content": "你也是乡下土jk吗 草"}, {"uid": "9994946", "content": "亿点点"}, {"uid": "400380207", "content": "战忽局的兄弟吧？"}, {"uid": "5036", "content": "多线并联可编程LED灯带组，如果是RGB的还能变颜色哦"}, {"uid": "5036", "content": "可编程控制器的LED线条灯或者装饰灯带"}, {"uid": "15823004", "content": "草，怎么是狗头人的视频"}, {"uid": "22911008", "content": "乡下孩子进城？"}, {"uid": "352086614", "content": "草"}, {"uid": "4114593", "content": "听说重庆的立交桥跟迷宫一样"}, {"uid": "662080205", "content": "哇，好漂亮的夜晚呐！"}, {"uid": "475445352", "content": "是高速公路"}, {"uid": "14293639", "content": "哈哈哈哈"}, {"uid": "13991927", "content": "草"}, {"uid": "39565887", "content": "欢迎来到夜之城"}, {"uid": "18762640", "content": "广州塔"}, {"uid": "9892542", "content": "你这种夜景过几年就要交碳排放税了"}, {"uid": "17989357", "content": "战忽局出没"}, {"uid": "283561304", "content": "一二线城市的商业街基本都这样"}, {"uid": "3690746", "content": "不至于不至于"}, {"uid": "31266958", "content": "草"}, {"uid": "22911008", "content": "信了 哈哈哈"}, {"uid": "693929898", "content": "握草 确实很壮观"}, {"uid": "235608", "content": "嘛东京还真不大"}, {"uid": "25520962", "content": "这要是玩过山车人就没了"}, {"uid": "4266560", "content": "东京的绿化…"}, {"uid": "501320013", "content": "草"}, {"uid": "11284853", "content": "东京是世界最大的城市之一吧"}, {"uid": "166413848", "content": "杭州上海之类的地方这种东西也不少啊"}, {"uid": "85259008", "content": "战忽？？？"}, {"uid": "19824793", "content": "草战忽局"}, {"uid": "41231115", "content": "不至于不至于"}, {"uid": "6520124", "content": "主要是国外很少有这种往大楼外部铺满LED装饰的习惯，视觉上看起来就会很新奇"}, {"uid": "10579112", "content": "草"}, {"uid": "859444", "content": "重庆人狂喜"}, {"uid": "10620365", "content": "不会从小生活在山里吧"}, {"uid": "2203831", "content": "东京可不小啊喂！"}, {"uid": "14493102", "content": "东京小可还行"}, {"uid": "508998499", "content": "草"}, {"uid": "11778532", "content": "赛博重庆"}, {"uid": "144166", "content": "太可爱了"}, {"uid": "11872189", "content": "有一说一我也没见过"}, {"uid": "23001624", "content": "战忽局来了"}, {"uid": "23001624", "content": "白 玉 楼"}, {"uid": "5405270", "content": "国内的电费便宜啊，这是真nb"}, {"uid": "11139215", "content": "哇 重庆好厉害呀 我也没见过www"}, {"uid": "272664650", "content": "重庆夜景有名到我一内蒙人都听说过。。。。"}, {"uid": "4359316", "content": "普通（"}, {"uid": "36597375", "content": "前面有个美团小哥"}, {"uid": "4578026", "content": "这种挺常见的，我这儿市区也有"}, {"uid": "2031947", "content": "这种程度也只能在一些一二线城市才看得到了"}, {"uid": "473420", "content": "重庆确实很赛博"}, {"uid": "11773507", "content": "重庆人狂喜"}, {"uid": "37739556", "content": "那是高架"}, {"uid": "7072562", "content": "重庆是真的赛博朋克"}, {"uid": "926521", "content": "赛 博 朋 克"}, {"uid": "354112", "content": "左下瞩目"}, {"uid": "306797", "content": "草"}, {"uid": "14112487", "content": "这，中国随便一个省会都有这种程度把"}, {"uid": "7806059", "content": "草"}, {"uid": "3207714", "content": "高情商"}, {"uid": "2392243", "content": "狗的视频草"}, {"uid": "186788539", "content": "但是和真的也差不多（"}, {"uid": "309425785", "content": "草"}, {"uid": "309425785", "content": "哪里都有"}, {"uid": "434780627", "content": "别别别，不至于不至于"}, {"uid": "14293639", "content": "开始忽悠30"}, {"uid": "457131", "content": "4K夜之城"}, {"uid": "5881134", "content": "啊这日本到处都是这东西啊"}, {"uid": "290275156", "content": "东京是第一啊！傻妞！"}, {"uid": "170726821", "content": "乡村小镇会少一点，稍微大一点的城市就挺常见的了"}, {"uid": "7051627", "content": "真好骗"}, {"uid": "805779", "content": "轻轨应该很多地方都有的"}, {"uid": "372678054", "content": "草"}, {"uid": "32818399", "content": "草"}, {"uid": "500189", "content": "草"}, {"uid": "153905680", "content": "东京不也差不多"}, {"uid": "17989357", "content": "草，"}, {"uid": "234584532", "content": "草"}, {"uid": "70796148", "content": "RGB重庆"}, {"uid": "10910103", "content": "东京在地上看确实是没什么夜景"}, {"uid": "19143417", "content": "就是光污染，我完全不喜欢"}, {"uid": "6811048", "content": "草"}, {"uid": "348504366", "content": "哈哈哈哈"}, {"uid": "229095718", "content": "sao草"}, {"uid": "516320802", "content": "草"}, {"uid": "67674324", "content": "怎么看阿夸的视频"}, {"uid": "342276137", "content": "《小》"}, {"uid": "185872154", "content": "草"}, {"uid": "64257215", "content": "东京还小？？？"}, {"uid": "12065719", "content": "我老家十八线小县城的桥都有挂彩灯。"}, {"uid": "6520124", "content": "草草草怎么是奎恩哥啊"}, {"uid": "4322015", "content": "还在嘴硬（"}, {"uid": "473016565", "content": "那倒也不是全部"}, {"uid": "279795041", "content": "中国不是只有上海吗"}, {"uid": "4360410", "content": "光污染（即答）"}, {"uid": "37141131", "content": "草"}, {"uid": "323953409", "content": "说真的 确实很普通"}, {"uid": "6361313", "content": "不至于不至于，真不至于"}, {"uid": "154093980", "content": "哇这个真滴好看"}, {"uid": "22252779", "content": "不至于不至于。。"}, {"uid": "194175206", "content": "草"}, {"uid": "1361936", "content": "重庆好歹也是四大直辖市之一"}, {"uid": "473420", "content": "轻轨吧"}, {"uid": "30514029", "content": "哈哈哈哈哈哈哈哈哈哈"}, {"uid": "189748215", "content": "这游戏我是内测玩家"}, {"uid": "189748215", "content": "云观景蛮好的^o^~"}, {"uid": "11773507", "content": "斜拉索"}, {"uid": "2934881", "content": "日本战忽局"}, {"uid": "326919", "content": "这不是光污染么？"}, {"uid": "5718643", "content": "不至于 不至于"}, {"uid": "544299387", "content": "kksk"}, {"uid": "2163611", "content": "好看是真的好看的"}, {"uid": "393294", "content": "草"}, {"uid": "92901099", "content": "情商真是高"}, {"uid": "4875205", "content": "30大概不在东京生活吧"}, {"uid": "371213525", "content": "不至于 不至于"}, {"uid": "106021", "content": "草"}, {"uid": "449568207", "content": "地球OL预告"}, {"uid": "3567769", "content": "草"}, {"uid": "8648597", "content": "还好吧"}, {"uid": "4114593", "content": "立交桥吧？"}, {"uid": "38274277", "content": "草"}, {"uid": "457131", "content": "冥 界"}, {"uid": "457131", "content": "也不能算普通吧"}, {"uid": "146236631", "content": "菜园坝长江大桥往南坪走"}, {"uid": "4206331", "content": "这么点电真比不上工业用电，工厂用电是最夸张的"}, {"uid": "97240747", "content": "《小》"}, {"uid": "290038487", "content": "草"}, {"uid": "72153677", "content": "草"}, {"uid": "72153677", "content": "重庆的单轨列车吧"}, {"uid": "100021454", "content": "赛 博 朋 克 2021"}, {"uid": "17989357", "content": "额……"}, {"uid": "93875339", "content": "草"}, {"uid": "262337541", "content": "草"}, {"uid": "561780", "content": "秦先生打草啊"}, {"uid": "26543963", "content": "日本的广告屏不是也挺夸张的吗…"}, {"uid": "434780627", "content": "不至于不至于"}, {"uid": "424227607", "content": "就一二线城市有，不过比起日本真的多太多了"}, {"uid": "4176584", "content": "不至于不至于"}, {"uid": "54944074", "content": "东京明明世界第一大城市"}, {"uid": "34232103", "content": "草"}, {"uid": "37849632", "content": "中国的电永远是过剩的。。。"}, {"uid": "1852543", "content": "冬木大桥"}, {"uid": "2907196", "content": "wwwwwwww可爱"}, {"uid": "2766182", "content": "主要是山城"}, {"uid": "6348644", "content": "不至于全部，不过都整，看城市规模差距而已"}, {"uid": "21355980", "content": "啊这"}, {"uid": "9065270", "content": "草"}, {"uid": "13172285", "content": "草"}, {"uid": "4360410", "content": "草"}, {"uid": "13594081", "content": "东京都市圈可大得很啊"}, {"uid": "2842559", "content": "冥界僵尸不是很常见吗"}, {"uid": "200005252", "content": "草，怎么是狗头人的视频，我就说我怎么看过"}, {"uid": "37174571", "content": "草"}, {"uid": "23001624", "content": "rgb！"}, {"uid": "6361313", "content": "这不是挺正常嘛"}, {"uid": "6361313", "content": "啊这"}, {"uid": "32147060", "content": "联想丰富"}, {"uid": "42195795", "content": "横滨东京这些大城市也不差吧……"}, {"uid": "112776970", "content": "重庆这级别的确不普通了吧，成都都比不上2333"}, {"uid": "128681635", "content": "kksk"}, {"uid": "282103", "content": "草"}, {"uid": "5678750", "content": "草"}, {"uid": "13262879", "content": "哈哈哈哈哈哈哈哈哈哈"}, {"uid": "13262879", "content": "大城市真的很普通"}, {"uid": "482434839", "content": "草"}, {"uid": "2385384", "content": "这是360p吧"}, {"uid": "68326", "content": "其实在国内也算挺厉害了。。。"}, {"uid": "8298552", "content": "sao草"}, {"uid": "5718643", "content": "yysy这个确实普通"}, {"uid": "4912018", "content": "魂淡草"}, {"uid": "22440909", "content": "草"}, {"uid": "5322081", "content": "狗头人的视频草"}, {"uid": "28567815", "content": "草"}, {"uid": "7795842", "content": "草是狗"}, {"uid": "2392243", "content": "秦国首都"}, {"uid": "9994946", "content": "东京确实没这么"}, {"uid": "126619", "content": "23333"}, {"uid": "1808632", "content": "这个秋叶原也有吧"}, {"uid": "700391572", "content": "草"}, {"uid": "19446192", "content": "草哈哈哈哈哈哈"}, {"uid": "1451236", "content": "东京早就不是世界第一了，都不知道叠出多少了"}, {"uid": "591748558", "content": "？"}, {"uid": "1451236", "content": "基建方面现在全世界中国说第二没人敢说第一"}, {"uid": "515098442", "content": "日本的房子为了抗震，一般都不高"}, {"uid": "6906877", "content": "开始说阴间话了"}, {"uid": "10518197", "content": "东京要说大不算大，但也不是小的级别"}, {"uid": "91686738", "content": "烂大街"}, {"uid": "97240747", "content": "rgb"}, {"uid": "234584532", "content": "这玩意日本很多啊"}, {"uid": "728173", "content": "东京是世界第一啊傻妞"}, {"uid": "3690746", "content": "草"}, {"uid": "80363", "content": "很神秘"}, {"uid": "195663725", "content": "不至于不至于"}, {"uid": "92720526", "content": "东京很大啊"}, {"uid": "516320802", "content": "哈哈哈哈哈哈哈哈哈哈哈哈哈哈"}, {"uid": "10133896", "content": "中国就是不缺电"}, {"uid": "12533877", "content": "草"}, {"uid": "10187656", "content": "确实普通"}, {"uid": "24788725", "content": "草"}, {"uid": "487145767", "content": "草"}, {"uid": "1692523", "content": "日本电费贵吧？"}, {"uid": "29983", "content": "？"}, {"uid": "4360410", "content": "草"}, {"uid": "37141131", "content": "哈哈哈哈哈"}, {"uid": "37174571", "content": "?"}, {"uid": "194175206", "content": "wwww"}, {"uid": "152675890", "content": "我也是乡下人"}, {"uid": "2918590", "content": "嘴硬"}, {"uid": "2031947", "content": "虽然不能算普通，其他地方很少，但是大家真的见得多，已经不奇怪了"}, {"uid": "75379", "content": "quin的视频草"}, {"uid": "11773507", "content": "这是二极管放在绿化带上做的装饰灯吧，这不是很常见吗"}, {"uid": "32423963", "content": "草"}, {"uid": "197816147", "content": "草"}, {"uid": "544972", "content": "草"}, {"uid": "52951645", "content": "轻轨吧，那是"}, {"uid": "38491311", "content": "市中心全是rgb"}, {"uid": "5718643", "content": "这玩意就真不普通了"}, {"uid": "11625907", "content": "二次元入脑"}, {"uid": "20379085", "content": "草"}, {"uid": "23340504", "content": "哈哈哈哈哈"}, {"uid": "89543", "content": "你日不也有捷运么"}, {"uid": "1595754", "content": "哈哈哈哈哈"}, {"uid": "2163611", "content": "草"}, {"uid": "22987058", "content": "kksk"}, {"uid": "2130977", "content": "30不会是生活在乡下吧"}, {"uid": "11279100", "content": "基建大国的余裕"}, {"uid": "167243265", "content": "哈哈哈"}, {"uid": "732981", "content": "R!G!B!"}, {"uid": "36769691", "content": "草"}, {"uid": "247373758", "content": "草"}, {"uid": "1708527", "content": "RRGB"}, {"uid": "4114593", "content": "？？？"}, {"uid": "5843049", "content": "东京不小啊"}, {"uid": "7051627", "content": "草"}, {"uid": "4257583", "content": "这个……实话讲，很一般"}, {"uid": "17499117", "content": "什么乡下小妹30"}, {"uid": "1573357", "content": "重庆这么好？"}, {"uid": "23346132", "content": "这个真的很普通啊"}, {"uid": "5068215", "content": "东京一点也不小"}, {"uid": "72153677", "content": "东京都本身不大，但一般都是算东京都市圈，都市圈确实大"}, {"uid": "21238132", "content": "啊这"}, {"uid": "289524488", "content": "哈哈哈哈"}, {"uid": "1971366", "content": "赛博中国"}, {"uid": "1901178", "content": "草"}, {"uid": "8540019", "content": "草"}, {"uid": "348504366", "content": "不可能的"}, {"uid": "185872154", "content": "草"}, {"uid": "523958", "content": "俺也没见过"}, {"uid": "70657795", "content": "？？？"}, {"uid": "157771998", "content": "单轨草"}, {"uid": "19824793", "content": "草"}, {"uid": "14727070", "content": "草"}, {"uid": "13437132", "content": "草"}, {"uid": "6520124", "content": "次世代赛车游戏 DriverQuin QGN评分：22/22"}, {"uid": "13284689", "content": "草"}, {"uid": "23762888", "content": "草"}, {"uid": "8365308", "content": "nldg"}, {"uid": "3168569", "content": "草"}, {"uid": "23001624", "content": "草"}, {"uid": "388280251", "content": "日本不也挺多的嘛"}, {"uid": "587140", "content": "草"}, {"uid": "6166883", "content": "？？？"}, {"uid": "6166883", "content": "？？？"}, {"uid": "544299387", "content": "led"}, {"uid": "34842170", "content": "日本高楼少"}, {"uid": "27262258", "content": "草"}, {"uid": "11773507", "content": "led灯条吧"}, {"uid": "32423963", "content": "夺笋呐"}, {"uid": "101193063", "content": "在现场"}, {"uid": "38491311", "content": "轻轨吧"}, {"uid": "40501902", "content": "噗～"}, {"uid": "8252349", "content": "草"}, {"uid": "33981894", "content": "不致于"}, {"uid": "33981894", "content": "？？"}, {"uid": "170204766", "content": "？"}, {"uid": "170204766", "content": "大城市都有啊"}, {"uid": "32535121", "content": "重庆吧"}, {"uid": "1651467", "content": "其实11区和国内一对比就是能源危机,哪有那么多富裕的景观灯开何况国内这便宜的费用,三峡之后真是解决了许多用电问题"}, {"uid": "354112", "content": "？？？"}, {"uid": "2163611", "content": "草www"}, {"uid": "2163611", "content": "日本毕竟不能建高楼"}, {"uid": "19462853", "content": "佛山一条街都是这样了……"}, {"uid": "15138435", "content": "普通吗"}, {"uid": "24858940", "content": "可可爱爱"}, {"uid": "69703", "content": "草"}, {"uid": "309425785", "content": "hhhhhh"}, {"uid": "108058880", "content": "妹啊你是住在乡下吗（无恶意）"}, {"uid": "26308259", "content": "一线城市都有这样的城市天际线啦在中国"}, {"uid": "24102133", "content": "草奎恩"}, {"uid": "36986161", "content": "整个东京毒圈是很大的，但是市中心区域因为年代原因还真不见得有现在的一线城市大了..."}, {"uid": "457131", "content": "骗到了"}, {"uid": "237664240", "content": "草"}, {"uid": "237664240", "content": "sao草"}, {"uid": "13183513", "content": "？"}, {"uid": "107518835", "content": "要真有这么逼真的CG，我觉得比这夜景要流批（当然有这CG的时候夜景肯定也比这流批了。。）"}, {"uid": "107518835", "content": "？我们中国实在是太厉害了！"}, {"uid": "13991927", "content": "www"}, {"uid": "36585613", "content": "SAO草"}, {"uid": "5638537", "content": "赛博重庆"}, {"uid": "5856568", "content": "？"}, {"uid": "352411", "content": "草"}, {"uid": "93875339", "content": "草"}, {"uid": "452282", "content": "广州塔？"}, {"uid": "23676807", "content": "说实话真好看啊"}, {"uid": "516320802", "content": "哈哈哈哈哈哈"}, {"uid": "4266560", "content": "等雨景"}, {"uid": "4176584", "content": "草"}, {"uid": "13980930", "content": "日本的灯光真的不太行"}, {"uid": "19824793", "content": "？"}, {"uid": "8758638", "content": "草"}, {"uid": "351690906", "content": "不至于"}, {"uid": "2203831", "content": "什么乡下小妹"}, {"uid": "474316513", "content": "草"}, {"uid": "2907196", "content": "确实"}, {"uid": "13594081", "content": "草"}, {"uid": "323953409", "content": "草"}, {"uid": "23001624", "content": "草"}, {"uid": "6361313", "content": "这个普通的不能再普通，我们二十八线外的小县城都有"}, {"uid": "388201914", "content": "草，哪来的狗"}, {"uid": "194175206", "content": "wwwwww"}, {"uid": "4359316", "content": "？"}, {"uid": "22609439", "content": "你跟霓虹国讲建筑密集？"}, {"uid": "11773507", "content": "就是立交桥而已啊"}, {"uid": "480362513", "content": "草"}, {"uid": "260422750", "content": "emmm对于二三线城市来说应该算正常吧"}, {"uid": "50390923", "content": "骗到了"}, {"uid": "31714116", "content": "草"}, {"uid": "71329244", "content": "确实，是gta6，我是那个文件夹，里面有这个cg"}, {"uid": "127876", "content": "草"}, {"uid": "12700753", "content": "草"}, {"uid": "6486338", "content": "你这是没看过上海的航拍"}, {"uid": "99938198", "content": "草"}, {"uid": "21676938", "content": "这很普通啊"}, {"uid": "2163611", "content": "草"}, {"uid": "316966922", "content": "草"}, {"uid": "457326", "content": "哈哈哈"}, {"uid": "31759443", "content": "赛博朋克"}, {"uid": "126619", "content": "重庆？"}, {"uid": "5036", "content": "啊这个就是普通的白光LED灯串或者灯带卷上去的吧……"}, {"uid": "432135", "content": "草"}, {"uid": "3812324", "content": "灯光的重要性，没到sao的程度////////"}, {"uid": "19628", "content": "草"}, {"uid": "253419", "content": "cg w"}, {"uid": "22911008", "content": "哈哈哈"}, {"uid": "309425785", "content": "wwwwwwwww"}, {"uid": "108058880", "content": "也不能算普通了。。不过经常看新闻啥的也不能说有多稀奇就是了"}, {"uid": "1451236", "content": "中国是日本的25倍大小，一个东京算什么，小的可怜"}, {"uid": "4784719", "content": "东京很大好吧，面积世界前几的城市"}, {"uid": "12217028", "content": "大楼里也有"}, {"uid": "1318353", "content": "日本不也这样的么。。"}, {"uid": "14293639", "content": "草"}, {"uid": "259791", "content": "然而我只觉得浪费电……"}, {"uid": "401343", "content": "按照东京23区在中国排不上前十，按照东京都市圈那是世界前列"}, {"uid": "372678054", "content": "草"}, {"uid": "91686738", "content": "东京也有吧"}, {"uid": "234584532", "content": "我寻思日本这玩意也不少见啊。。。"}, {"uid": "262337541", "content": "日本除了东京应该繁华到重庆这个程度的也没几个城市吧……"}, {"uid": "262337541", "content": "国内人口密度大，搞这么个玩意不是啥难事，投资是回得了本的23333333"}, {"uid": "22911008", "content": "30乡下孩子吧"}, {"uid": "14477677", "content": "草"}, {"uid": "185872154", "content": "草"}, {"uid": "351975302", "content": "草"}, {"uid": "1255939087", "content": "啊这……"}, {"uid": "516013", "content": "东京小？"}, {"uid": "15117779", "content": "这是重庆吧有轨道修这么高的城市应该不多吧"}, {"uid": "99169410", "content": "草"}, {"uid": "2085751", "content": "以城市来说，这个的确是挺普通的"}, {"uid": "5353777", "content": "在现场"}, {"uid": "2634260", "content": "草"}, {"uid": "6760300", "content": "啥游戏啊，动态模糊这么严重"}, {"uid": "194175206", "content": "这CG可真不得了，那么在那里能玩到这款游戏呢？（"}, {"uid": "194175206", "content": "ww"}, {"uid": "5773287", "content": "在现场"}, {"uid": "2031947", "content": "这游戏的内测资格只有国内可以拥有（"}, {"uid": "11773507", "content": "重庆主城也不大啊"}, {"uid": "11773507", "content": "怎么是秦川的"}, {"uid": "72277644", "content": "草"}, {"uid": "38491311", "content": "rgb重百"}, {"uid": "10433", "content": "不是 重庆也不算普通了"}, {"uid": "110513672", "content": "我家乡不知道多少线的县城也有的。。"}, {"uid": "170204766", "content": "？？？"}, {"uid": "170204766", "content": "？"}, {"uid": "89543", "content": "草"}, {"uid": "28567815", "content": "草"}, {"uid": "28567815", "content": "那可不是"}, {"uid": "15972203", "content": "笑死"}, {"uid": "6221030", "content": "草"}, {"uid": "40350299", "content": "东京可太大了  只是他们不喜欢搞灯光秀"}, {"uid": "1515992372", "content": "哈哈哈哈哈哈哈哈哈哈哈哈哈哈哈哈哈哈哈哈哈哈哈哈"}, {"uid": "122691248", "content": "密码正确"}, {"uid": "3038448", "content": "人家给DD面子，不要不知好歹"}, {"uid": "544299387", "content": "我没去过日本 你别骗我！"}]