[{"uid": "116467714", "content": "一眼发现左边的丹丹姐"}, {"uid": "27631997", "content": "帕里起床音omg"}, {"uid": "480362513", "content": "估计是日本凌晨2点或者3点这样吧"}, {"uid": "588910661", "content": "流向改变了~"}, {"uid": "359404038", "content": "老板好，你没了（"}, {"uid": "766706", "content": "sodayo"}, {"uid": "50505623", "content": "草"}, {"uid": "5425162", "content": "伏笔"}, {"uid": "8309253", "content": "可爱"}, {"uid": "13275281", "content": "NB"}, {"uid": "87845931", "content": "777"}, {"uid": "85999950", "content": "耐久直播"}, {"uid": "7991044", "content": "差17"}, {"uid": "39729943", "content": "卧槽，为什么pari这里这么苏啊"}, {"uid": "94137427", "content": "赢了"}, {"uid": "4250284", "content": "wwwwwwwwwwwwwww"}, {"uid": "4250284", "content": "!!!!!!!"}, {"uid": "696295302", "content": "惨……30……惨"}, {"uid": "7438473", "content": "你就宠他吧"}, {"uid": "11111982", "content": "《朋友》"}, {"uid": "11111982", "content": "日本三点多"}, {"uid": "6776899", "content": "突然想到现在的mua可能是把头扔出去的飞吻"}, {"uid": "334926483", "content": "草"}, {"uid": "248167010", "content": "话说那会几点了啊？"}, {"uid": "40681672", "content": "花音全责"}, {"uid": "248167010", "content": "经典睡觉打电话"}, {"uid": "40681672", "content": "kksk"}, {"uid": "5276373", "content": "妈妈贴心的小闹钟"}, {"uid": "12589975", "content": "30小闹钟"}, {"uid": "694492738", "content": "草"}, {"uid": "694492738", "content": "草"}, {"uid": "2082713", "content": "然后就是喝奶回吗"}, {"uid": "17461471", "content": "至理名言"}, {"uid": "13792286", "content": "kksk"}, {"uid": "13001670", "content": "第一眼还有点艺术品的感觉"}, {"uid": "89498", "content": "这也太可爱了"}, {"uid": "297679665", "content": "袭击妈妈（"}, {"uid": "297679665", "content": "准备袭击妈妈（帕里"}, {"uid": "194175206", "content": "日常（1/1）"}, {"uid": "194175206", "content": "ww"}, {"uid": "47079996", "content": "心脏骤停"}, {"uid": "194175206", "content": "早上wwww"}, {"uid": "194175206", "content": "《那个兔子》来了"}, {"uid": "194175206", "content": "99%！！"}, {"uid": "194175206", "content": "是鬼火ww"}, {"uid": "112776970", "content": "然后游戏制作组给30做了一个2333"}, {"uid": "194175206", "content": "要开始了吗"}, {"uid": "194175206", "content": "777"}, {"uid": "194175206", "content": "差一点ww"}, {"uid": "194175206", "content": "嘴上说着不要，身体却很诚实"}, {"uid": "194175206", "content": "wwww"}, {"uid": "194175206", "content": "心肺骤停"}, {"uid": "2203831", "content": "可爱呐"}, {"uid": "487279", "content": "草"}, {"uid": "487279", "content": "草"}, {"uid": "7072562", "content": "被这种声音夸奖，谁都会被攻略啊"}, {"uid": "9028227", "content": "ohhhhhhhhhhhh"}, {"uid": "442580518", "content": "是有这个机智的，必须是同时3个一样的一起和能跳一级，遇见过一次"}, {"uid": "442580518", "content": "胸前的眼睛"}, {"uid": "7855856", "content": "其实我之前玩这个一直没看出来最小的是什么玩意。。。"}, {"uid": "12993427", "content": "团长并感"}, {"uid": "12993427", "content": "噔噔咚"}, {"uid": "4661588", "content": "草，真的和个小孩一样"}, {"uid": "4661588", "content": "哈哈哈哈哈哈哈哈"}, {"uid": "31243606", "content": "草"}, {"uid": "6457206", "content": "777"}, {"uid": "144358", "content": "奖状：好人第一名"}, {"uid": "21550586", "content": "哈哈哈哈"}, {"uid": "1921281", "content": "新女儿伏笔原来在这吗"}, {"uid": "95477596", "content": "三途川的舰长么？"}, {"uid": "10778462", "content": "草"}, {"uid": "33030701", "content": "帕里hso"}, {"uid": "207613158", "content": "草"}, {"uid": "2542492", "content": "小闹钟"}, {"uid": "410241208", "content": "世界聚焦於你"}, {"uid": "11578182", "content": "进度条告诉我事情不简单"}, {"uid": "442250487", "content": "孩子高兴了"}, {"uid": "42592387", "content": "cao,上个舰长就到冥界了"}, {"uid": "1776874", "content": "可爱"}, {"uid": "42592387", "content": "帕里hso"}, {"uid": "56595", "content": "ohhhhhhhhhhhhhhhh"}, {"uid": "487374066", "content": "来自DD的单推（狗头）"}, {"uid": "24896333", "content": "话说脖子上面那个是呆毛吗？"}, {"uid": "341048421", "content": "草"}, {"uid": "85317680", "content": "草"}, {"uid": "93875339", "content": "帕里：吐血"}, {"uid": "200863", "content": "朋友是指的谁阿？？"}, {"uid": "293802639", "content": "how old are you?"}, {"uid": "5582949", "content": "向妈妈撒娇的孩子"}, {"uid": "217797936", "content": "袭击妈妈～"}, {"uid": "217797936", "content": "赢了"}, {"uid": "5582949", "content": "30牌闹钟，你值得信赖的选择"}, {"uid": "5582949", "content": "所以你这么平么"}, {"uid": "429737535", "content": "你也是可惜maker"}, {"uid": "6361313", "content": "学习两小时，然后玩了4个小时，不愧是你"}, {"uid": "6361313", "content": "bgm燃起来了！"}, {"uid": "32882144", "content": "刚好7小时"}, {"uid": "3544121", "content": "断头直播回啊"}, {"uid": "107122", "content": "钢铁直男"}, {"uid": "9971955", "content": "太甜了"}, {"uid": "4130547", "content": "好变态"}, {"uid": "7705659", "content": "草"}, {"uid": "36769691", "content": "ohhhhhhhhhh"}, {"uid": "18698186", "content": "才发现30的头在手里"}, {"uid": "266679665", "content": "想多了，你可是砧板担当"}, {"uid": "214593247", "content": "袭击妈妈～锁孔看她～"}, {"uid": "7072562", "content": "看孩子高兴的"}, {"uid": "306977659", "content": "平静のBGM"}, {"uid": "4250284", "content": "ohhhhhhhhhhhhhhhhhhhhh"}, {"uid": "12648204", "content": "wwwwww"}, {"uid": "9028227", "content": "草"}, {"uid": "4661588", "content": "草"}, {"uid": "207613158", "content": "指鹿为马"}, {"uid": "207613158", "content": "老大哥草"}, {"uid": "442250487", "content": "孩子玩了7小时"}, {"uid": "4924179", "content": "太阳神准备上线"}, {"uid": "16182201", "content": "我们是冠军！"}, {"uid": "696295302", "content": "好惨……"}, {"uid": "12589975", "content": "赢了！赢了"}, {"uid": "194175206", "content": "赢了"}, {"uid": "5731509", "content": "neeeeemooooo"}, {"uid": "70983972", "content": "成了"}, {"uid": "36769691", "content": "草"}, {"uid": "131478", "content": "怎么还有下的。。。"}, {"uid": "588910661", "content": "和帕里神似的去世途径....."}, {"uid": "4250284", "content": "草www"}, {"uid": "47079996", "content": "我们是冠军！"}, {"uid": "194175206", "content": "是的狗头（"}, {"uid": "9028227", "content": "我们是冠军！！！！！！"}, {"uid": "5598346", "content": "草"}, {"uid": "239870250", "content": "777伏笔啊"}, {"uid": "9559448", "content": "开幕雷击"}, {"uid": "10823629", "content": "袭击nano"}, {"uid": "18698186", "content": "hso"}, {"uid": "139159548", "content": "我们是冠军！"}, {"uid": "7218098", "content": "ohhhhhhhhhhhhhhhhhh"}, {"uid": "3924121", "content": "hso"}, {"uid": "239870250", "content": "我们是冠军"}, {"uid": "239870250", "content": "赢了"}, {"uid": "23001624", "content": "草"}, {"uid": "6361313", "content": "草"}, {"uid": "4250284", "content": "草"}, {"uid": "696295302", "content": "泪目"}, {"uid": "2203831", "content": "我们是冠军！"}, {"uid": "4454318", "content": "这里好像bug了，三个猫猫就合了个爱音出来"}, {"uid": "239870250", "content": "草"}, {"uid": "10823629", "content": "锁孔看她"}, {"uid": "12589975", "content": "赢了"}, {"uid": "239804354", "content": "可爱"}, {"uid": "225339852", "content": "好耶"}, {"uid": "8470813", "content": "草"}, {"uid": "39606885", "content": "恭喜"}, {"uid": "19906237", "content": "上了个舰长就被抓到冥界，恩 将 仇 报"}, {"uid": "18208014", "content": "啊啊啊啊啊啊，帕里的池面音，啊啊啊"}]