[{"uid": "719853867", "content": "女王大人！！！"}, {"uid": "31597861", "content": "†救済執行†"}, {"uid": "31597861", "content": "†救済執行†"}, {"uid": "24380638", "content": "这里有一点怒音好帅！"}, {"uid": "481303507", "content": "suki"}, {"uid": "431778772", "content": "女王大人万岁！"}, {"uid": "23359247", "content": "臣居卑位，请主救赎"}, {"uid": "915081", "content": "跪了跪了，这个质量"}, {"uid": "10647045", "content": "恭迎冥界女王降临！！！"}, {"uid": "10647045", "content": "†救済執行†"}, {"uid": "2776567", "content": "请 救 赎 我"}, {"uid": "141178947", "content": "太帅了咪蕾"}, {"uid": "106021", "content": "救 济 执 行！"}, {"uid": "1776512", "content": "✟救济执行✟"}, {"uid": "1776512", "content": "✟救 济 执 行✟"}, {"uid": "31498", "content": "[\"0.05\",\"0.1\",\"1-1\",\"3.8\",\"译：Sato_Maizono\",0,0,\"0.05\",\"0.1\",0,0,1,\"微软雅黑\",0]"}, {"uid": "31498", "content": "[\"0.05\",\"0.1\",\"1-1\",\"9.8\",\"字幕君：ENA_Channel\",0,0,\"0.05\",\"0.1\",0,0,1,\"微软雅黑\",0]"}, {"uid": "31498", "content": "[\"0.05\",\"0.1\",\"1-1\",\"3.8\",\"给予救赎\",0,0,\"0.05\",\"0.1\",0,0,1,\"微软雅黑\",0]"}, {"uid": "31498", "content": "[\"0.05\",\"0.1\",\"1-1\",\"9.8\",\"给予救赎\",0,0,\"0.05\",\"0.1\",0,0,1,\"微软雅黑\",0]"}, {"uid": "31498", "content": "[\"0.05\",\"0.1\",\"1-1\",\"4.66\",\"“愿神明的庇佑与你同在”（神のご加護があらんことを）\",0,0,\"0.05\",\"0.1\",0,0,1,\"微软雅黑\",0]"}, {"uid": "31498", "content": "[\"0.05\",\"0.1\",\"1-1\",\"2.64\",\"若其生而为人却不能被称之为邪恶的话\",0,0,\"0.05\",\"0.1\",0,0,1,\"微软雅黑\",0]"}, {"uid": "31498", "content": "[\"0.05\",\"0.1\",\"1-1\",\"0.47\",\"愚钝之人\",0,0,\"0.05\",\"0.1\",0,0,1,\"微软雅黑\",0]"}, {"uid": "31498", "content": "[\"0.05\",\"0.1\",\"1-1\",\"0.46\",\"无所作为的\",0,0,\"0.05\",\"0.1\",0,0,1,\"微软雅黑\",0]"}, {"uid": "31498", "content": "[\"0.05\",\"0.1\",\"1-1\",\"0.48\",\"无法感知神明的\",0,0,\"0.05\",\"0.1\",0,0,1,\"微软雅黑\",0]"}, {"uid": "31498", "content": "[\"0.05\",\"0.1\",\"1-1\",\"0.68\",\"卑劣的 幼稚的\",0,0,\"0.05\",\"0.1\",0,0,1,\"微软雅黑\",0]"}, {"uid": "31498", "content": "[\"0.05\",\"0.1\",\"1-1\",\"1.14\",\"神明注视着一切\",0,0,\"0.05\",\"0.1\",0,0,1,\"微软雅黑\",0]"}, {"uid": "31498", "content": "[\"0.05\",\"0.1\",\"1-1\",\"1.45\",\"我们被何处的何人所迫害至此？\",0,0,\"0.05\",\"0.1\",0,0,1,\"微软雅黑\",0]"}, {"uid": "31498", "content": "[\"0.05\",\"0.1\",\"1-1\",\"1.37\",\"这次轮到我们了\",0,0,\"0.05\",\"0.1\",0,0,1,\"微软雅黑\",0]"}, {"uid": "31498", "content": "[\"0.05\",\"0.1\",\"1-1\",\"0.97\",\"主啊 请交给我处理\",0,0,\"0.05\",\"0.1\",0,0,1,\"微软雅黑\",0]"}, {"uid": "31498", "content": "[\"0.05\",\"0.1\",\"1-1\",\"1.52\",\"恶人们早已是不可救药\",0,0,\"0.05\",\"0.1\",0,0,1,\"微软雅黑\",0]"}, {"uid": "31498", "content": "[\"0.05\",\"0.1\",\"1-1\",\"1.21\",\"教义早已被疯狂所填满\",0,0,\"0.05\",\"0.1\",0,0,1,\"微软雅黑\",0]"}, {"uid": "31498", "content": "[\"0.05\",\"0.1\",\"1-1\",\"1.18\",\"谆谆告诫也只是费尽口舌\",0,0,\"0.05\",\"0.1\",0,0,1,\"微软雅黑\",0]"}, {"uid": "31498", "content": "[\"0.05\",\"0.1\",\"1-1\",\"0.74\",\"禁忌纲领的传承\",0,0,\"0.05\",\"0.1\",0,0,1,\"微软雅黑\",0]"}, {"uid": "31498", "content": "[\"0.05\",\"0.1\",\"1-1\",\"9.8\",\"给予救赎\",0,0,\"0.05\",\"0.1\",0,0,1,\"微软雅黑\",0]"}, {"uid": "31498", "content": "[\"0.05\",\"0.1\",\"1-1\",\"4.51\",\"若其生而为人却不能被称之为邪恶的话\",0,0,\"0.05\",\"0.1\",0,0,1,\"微软雅黑\",0]"}, {"uid": "31498", "content": "[\"0.05\",\"0.1\",\"1-1\",\"1.39\",\"披着人皮的腐肉\",0,0,\"0.05\",\"0.1\",0,0,1,\"微软雅黑\",0]"}, {"uid": "31498", "content": "[\"0.05\",\"0.1\",\"1-1\",\"1.35\",\"讴歌着藏匿于幽暗中的善的\",0,0,\"0.05\",\"0.1\",0,0,1,\"微软雅黑\",0]"}, {"uid": "31498", "content": "[\"0.05\",\"0.1\",\"1-1\",\"0.93\",\"卑鄙龌龊的\",0,0,\"0.05\",\"0.1\",0,0,1,\"微软雅黑\",0]"}, {"uid": "31498", "content": "[\"0.05\",\"0.1\",\"1-1\",\"1.14\",\"那些沉于乌黑浑浊之喜中\",0,0,\"0.05\",\"0.1\",0,0,1,\"微软雅黑\",0]"}, {"uid": "31498", "content": "[\"0.05\",\"0.1\",\"1-1\",\"1.29\",\"神明注视着一切\",0,0,\"0.05\",\"0.1\",0,0,1,\"微软雅黑\",0]"}, {"uid": "31498", "content": "[\"0.05\",\"0.1\",\"1-1\",\"1.58\",\"你被何处的何人所这般伤害？\",0,0,\"0.05\",\"0.1\",0,0,1,\"微软雅黑\",0]"}, {"uid": "31498", "content": "[\"0.05\",\"0.1\",\"1-1\",\"1.26\",\"到底发生了什么？\",0,0,\"0.05\",\"0.1\",0,0,1,\"微软雅黑\",0]"}, {"uid": "31498", "content": "[\"0.05\",\"0.1\",\"1-1\",\"0.92\",\"放心，我的兄弟，告诉我\",0,0,\"0.05\",\"0.1\",0,0,1,\"微软雅黑\",0]"}, {"uid": "31498", "content": "[\"0.05\",\"0.1\",\"1-1\",\"1.62\",\"“没有救赎了”\",0,0,\"0.05\",\"0.1\",0,0,1,\"微软雅黑\",0]"}, {"uid": "31498", "content": "[\"0.05\",\"0.1\",\"1-1\",\"1.15\",\"抱着红肿的脸颊哭泣着\",0,0,\"0.05\",\"0.1\",0,0,1,\"微软雅黑\",0]"}, {"uid": "31498", "content": "[\"0.05\",\"0.1\",\"1-1\",\"1.26\",\"纠缠于深邃的焦躁中\",0,0,\"0.05\",\"0.1\",0,0,1,\"微软雅黑\",0]"}, {"uid": "31498", "content": "[\"0.05\",\"0.1\",\"1-1\",\"0.93\",\"迷失的羔羊今天也\",0,0,\"0.05\",\"0.1\",0,0,1,\"微软雅黑\",0]"}, {"uid": "14505577", "content": "带上耳机直接爆炸"}, {"uid": "351975302", "content": "双声道suki"}, {"uid": "16615419", "content": "求一份动态壁纸！"}, {"uid": "291339907", "content": "啊啊啊啊啊，太酷了女王"}, {"uid": "755531", "content": "我的女王啊，请救济我"}, {"uid": "505541093", "content": "为冥界女王献上心脏！！！！！"}, {"uid": "13966525", "content": "为30女王献上灵魂（mmm太帅了）"}, {"uid": "106021", "content": "这才是冥界的女王！！！"}, {"uid": "70561", "content": "这PV满满的冥界风格非常适合30"}, {"uid": "5998085", "content": "救济执行"}, {"uid": "30949266", "content": "帅气"}, {"uid": "71934939", "content": "这才是女王30啊"}, {"uid": "31955486", "content": "帅！"}, {"uid": "13024389", "content": "久违掏出我的点赞"}, {"uid": "2203831", "content": "这个帅气的蓝发小姐姐是谁？！"}, {"uid": "4219371", "content": "GOD     BLESS     YOU"}, {"uid": "4219371", "content": "GOD     BLESS     YOU"}, {"uid": "8168131", "content": "不愧是冥界女王"}, {"uid": "434780627", "content": "戴耳机"}, {"uid": "7713860", "content": "恭迎冥界女王降临！！！！！！"}, {"uid": "7713860", "content": "恭迎冥界女王降临！！！！！"}, {"uid": "93557384", "content": "救济执行"}, {"uid": "35520443", "content": "GOD      BLESS      YOU`"}, {"uid": "1380449", "content": "踩我"}, {"uid": "777520", "content": "帅帅帅！"}, {"uid": "44689654", "content": "为冥界女王献出心脏！"}, {"uid": "44689654", "content": "为冥界女王献出心脏！"}, {"uid": "18139194", "content": "绑在十字架上的是帕里吗www"}, {"uid": "15652685", "content": "冥界当立"}, {"uid": "44689654", "content": "为冥界女王献出心脏！"}, {"uid": "4946248", "content": "女王大人！ 踩我！"}, {"uid": "31298127", "content": "冥界女王！！！"}, {"uid": "12752668", "content": "太阳已落，冥界当立"}, {"uid": "857549", "content": "炸了，帅炸了"}, {"uid": "19654470", "content": "恭迎冥界女王降临！"}, {"uid": "376102605", "content": "这立绘不对劲，30竟然有胸"}, {"uid": "15053846", "content": "太帅了"}, {"uid": "1624952", "content": "帅"}, {"uid": "106021", "content": "冥界的女王！！"}, {"uid": "106021", "content": "30这衣服太H了"}, {"uid": "419371", "content": "没想到是修女的歌"}, {"uid": "5915411", "content": "女王30"}, {"uid": "93416814", "content": "为冥界女王献上心脏"}, {"uid": "2218546", "content": "救济执行"}, {"uid": "819535", "content": "女王踩我！！！！"}, {"uid": "450683256", "content": "哇 好有感觉"}, {"uid": "106021", "content": "女王大人！女王大人！"}, {"uid": "13966525", "content": "为冥界女王献上灵魂"}, {"uid": "194175206", "content": "再来一遍"}, {"uid": "2861588", "content": "帅帅帅！！！！！"}, {"uid": "35488721", "content": "再来亿遍"}, {"uid": "67655543", "content": "这么帅的吗"}, {"uid": "71934939", "content": "！！！！"}, {"uid": "71934939", "content": "30！！！！"}, {"uid": "4219371", "content": "GOD     BLESS     YOU"}, {"uid": "93557384", "content": "mmm！"}, {"uid": "434780627", "content": "好帅"}, {"uid": "93557384", "content": "救济执行"}, {"uid": "7713860", "content": "恭迎冥界女王降临！！！"}, {"uid": "7713860", "content": "恭迎冥界女王降临！！"}, {"uid": "7713860", "content": "恭迎冥界女王降临！"}, {"uid": "434780627", "content": "冥界征兵广告"}, {"uid": "434780627", "content": "牛头人"}, {"uid": "51418548", "content": "这才是冥界女王啊啊啊"}, {"uid": "434714418", "content": "来占座了！！"}, {"uid": "52949924", "content": "女王本体请以实物为准"}, {"uid": "1607865511", "content": "开始循环"}, {"uid": "12752668", "content": "冥界出兵征战太阳神"}, {"uid": "38000529", "content": "女王踩我！！"}, {"uid": "42564296", "content": "ohhhhhhhhhhhhh"}, {"uid": "99453925", "content": "请拯救我吧！女王大人"}, {"uid": "719853867", "content": "救济执行"}, {"uid": "23001624", "content": "好听"}, {"uid": "10201506", "content": "再来"}, {"uid": "212101", "content": "太衬了"}, {"uid": "349250359", "content": "恭迎冥界女王降临！！！！！"}, {"uid": "349250359", "content": "恭迎冥界女王降临！！！！！"}, {"uid": "169273490", "content": "太帅了！"}, {"uid": "6793712", "content": "女王范"}, {"uid": "55058075", "content": "女王！"}, {"uid": "349250359", "content": "恭迎冥界女王降临！！！！！"}, {"uid": "336568", "content": "救济执行！"}, {"uid": "351975302", "content": "kksk"}, {"uid": "172921421", "content": "冥界女王永垂不朽"}, {"uid": "2178186", "content": "来了来了"}, {"uid": "8168131", "content": "帅我一脸"}, {"uid": "503914057", "content": "恭迎冥界女王降临！"}, {"uid": "503914057", "content": "恭迎冥界女王降临！"}, {"uid": "520386210", "content": "挺不错"}, {"uid": "262284680", "content": "Ohhhhhhh"}, {"uid": "67655543", "content": "帅啊"}, {"uid": "35488721", "content": "mmm也好帅"}, {"uid": "434780627", "content": "帅"}, {"uid": "434780627", "content": "带我走吧，我要去冥界"}, {"uid": "93756174", "content": "爱了爱了"}, {"uid": "8901297", "content": "好帅！"}, {"uid": "5923408", "content": "来了来了"}, {"uid": "14505577", "content": "真的帅气"}, {"uid": "212101", "content": "来了来了"}, {"uid": "35538918", "content": "太帅了"}, {"uid": "28954108", "content": "冲冲冲"}, {"uid": "7289818", "content": "太帅了，cool"}, {"uid": "8648597", "content": "不要扯淡，哪有这么大！"}, {"uid": "719853867", "content": "恭迎女王大王！！"}, {"uid": "31597861", "content": "†救済執行†"}, {"uid": "2874576", "content": "恭迎冥界女王降临！！！！"}, {"uid": "37816388", "content": "女王！！！"}, {"uid": "14622255", "content": "30你帶我走吧"}, {"uid": "349250359", "content": "†救済執行†"}, {"uid": "349250359", "content": "†救済執行†"}, {"uid": "316966922", "content": "救済執行"}, {"uid": "746108", "content": "恭迎冥界女王降临"}, {"uid": "8511799", "content": "mmm都这么帅，肯定不会只会哭吧"}, {"uid": "96242638", "content": "\\30/\\30/\\30/"}, {"uid": "21896921", "content": "啊啊啊啊"}, {"uid": "183167181", "content": "太帅了"}, {"uid": "505541093", "content": "恭迎冥界女王降临！！！"}, {"uid": "520386210", "content": "嗯嗯"}, {"uid": "520386210", "content": "好听"}, {"uid": "1776512", "content": "姐姐杀我"}, {"uid": "385639537", "content": "女王大人万岁！"}, {"uid": "9062519", "content": "冥界女王！！！"}, {"uid": "1873246", "content": "女王陛下啊"}, {"uid": "434780627", "content": "正义执行"}, {"uid": "42564296", "content": "ohhhhhhhhhhhhhhhhhhhhhhhh"}, {"uid": "5565962", "content": "30！！！！30！！"}, {"uid": "31955486", "content": "来了来了"}, {"uid": "2874576", "content": "太帅啦！！！！！"}, {"uid": "10647045", "content": "ohhhhhhhhhhh"}, {"uid": "6406310", "content": "恭迎冥界女王！"}, {"uid": "18084781", "content": "鸡皮疙瘩都起来了"}, {"uid": "1541980", "content": "来了来了"}, {"uid": "93756174", "content": "来了"}, {"uid": "746108", "content": "第一时间前来重温"}, {"uid": "405142", "content": "†救済執行†"}, {"uid": "5915411", "content": "女王30好美"}, {"uid": "544972", "content": "好帅啊"}, {"uid": "31298127", "content": "女王踩我!!!!!"}, {"uid": "325434559", "content": "太帅了"}, {"uid": "349250359", "content": "†救済執行†"}, {"uid": "10950195", "content": "女王！！！！！"}, {"uid": "23001624", "content": "芜湖"}, {"uid": "153802", "content": "好帅啊"}, {"uid": "91579995", "content": "救济执行"}, {"uid": "8131726", "content": "奶味"}, {"uid": "45087547", "content": "恭迎女王大人"}, {"uid": "7556405", "content": "太帅了吧！！！！！！"}, {"uid": "505541093", "content": "恭迎冥界女王降临！！！"}, {"uid": "520386210", "content": "可以"}, {"uid": "186721", "content": "30你带我走吧"}, {"uid": "316966922", "content": "太帥了"}, {"uid": "6307294", "content": "ohhhhhhh"}, {"uid": "131391165", "content": "超帅！"}, {"uid": "5855044", "content": "太帅了"}, {"uid": "93557384", "content": "帅帅帅"}, {"uid": "393420", "content": "。。。。"}, {"uid": "27870249", "content": "帅气"}, {"uid": "12850349", "content": "我的女王大人真帅"}, {"uid": "15053846", "content": "石膏男孩太出戏了"}, {"uid": "2771216", "content": "mmm前来报道~~~~"}, {"uid": "12129788", "content": "帅"}, {"uid": "212101", "content": "帅！！"}, {"uid": "341093139", "content": "suki"}, {"uid": "938623", "content": "coooool"}, {"uid": "6486338", "content": "邪恶势力"}, {"uid": "1808632", "content": "字幕君草wwwww"}, {"uid": "357204546", "content": "耶耶耶"}, {"uid": "12630046", "content": "冥界女王万岁"}, {"uid": "474316513", "content": "帅帅帅"}, {"uid": "100130", "content": "救済執行"}, {"uid": "2776567", "content": "带我去冥界吧"}, {"uid": "262284680", "content": "好帅！"}, {"uid": "198421419", "content": "帅"}, {"uid": "437417502", "content": "帅"}, {"uid": "245168353", "content": "恭迎女王大人！！！"}, {"uid": "245168353", "content": "帅气30"}, {"uid": "93416814", "content": "mmm参上"}, {"uid": "91579995", "content": "救济执行"}, {"uid": "11927551", "content": "大制作"}, {"uid": "12187793", "content": "kksk"}, {"uid": "186721", "content": "執すき"}, {"uid": "5855044", "content": "太帅帅帅帅帅帅帅帅帅了"}, {"uid": "36769691", "content": "好耶"}, {"uid": "1607865511", "content": "请跳转 00;00"}, {"uid": "67655543", "content": "女王陛下"}, {"uid": "35488721", "content": "恭迎女王陛下！"}, {"uid": "1873246", "content": "内裤瞩目w"}, {"uid": "30949266", "content": "kksk"}, {"uid": "1873246", "content": "好帅"}, {"uid": "93557384", "content": "吉吉炸了"}, {"uid": "3885523", "content": "来了来了来了"}, {"uid": "19199468", "content": "大姐姐30"}, {"uid": "434714418", "content": "帅气！"}, {"uid": "2957060", "content": "这个女王可以来直播吗！！！！"}, {"uid": "10153233", "content": "这就是是女王30"}, {"uid": "142347", "content": "我家废柴女王不可能这么帅"}, {"uid": "658115", "content": "来了来了"}, {"uid": "2771216", "content": "30"}, {"uid": "51418548", "content": "ohhhhhhhhhh"}, {"uid": "7043663", "content": "来了来了"}, {"uid": "194175206", "content": "30好帅"}, {"uid": "11673148", "content": "太帅了"}, {"uid": "481303507", "content": "suki"}, {"uid": "2874576", "content": "太帅了，30我的女王"}, {"uid": "450683256", "content": "太棒了"}, {"uid": "106021", "content": "奶味RAP！"}, {"uid": "29420546", "content": "救济执行！！！"}, {"uid": "95415367", "content": "欢迎回来"}, {"uid": "503914057", "content": "†救済執行†"}, {"uid": "437417502", "content": "恭迎冥界女王降临！！！"}, {"uid": "2389349", "content": "女王，我的女王"}, {"uid": "4433912", "content": "帅哦"}, {"uid": "307315372", "content": "哇哦"}, {"uid": "19654470", "content": "女王大人！"}, {"uid": "34542515", "content": "双厨狂喜"}, {"uid": "16391204", "content": "恭迎冥界女王！！！！"}, {"uid": "172921421", "content": "恭迎冥界女王"}, {"uid": "3651311", "content": "救济执行！"}, {"uid": "67778694", "content": "帅的"}, {"uid": "106021", "content": "太帅了！！！！！！！"}, {"uid": "106021", "content": "太帅了！！！"}, {"uid": "198687504", "content": "姐姐杀我"}, {"uid": "97664640", "content": "来了来了"}, {"uid": "408645838", "content": "帅 30 帅"}, {"uid": "8540019", "content": "好A我爱了"}, {"uid": "21550586", "content": "帅"}, {"uid": "35488721", "content": "女王大人万岁！"}, {"uid": "1873246", "content": "狂气啊"}, {"uid": "14505577", "content": "我已升天"}, {"uid": "99453925", "content": "来了来了"}, {"uid": "51418548", "content": "帅帅帅"}, {"uid": "557252", "content": "帅阿"}, {"uid": "51418548", "content": "帅啊啊啊啊"}, {"uid": "31298127", "content": "大制作"}, {"uid": "474517989", "content": "Ohhhhhhhhh!"}, {"uid": "14505577", "content": "来了"}, {"uid": "19654470", "content": "给宝多搞点弹幕呀！"}, {"uid": "106021", "content": "30！30！30！"}, {"uid": "23001624", "content": "明日方舟pv的感觉"}, {"uid": "10201506", "content": "来了"}, {"uid": "16391204", "content": "恭迎女王"}, {"uid": "16391204", "content": "恭迎女王降临！！！"}, {"uid": "194175206", "content": "60姐姐"}, {"uid": "186721", "content": "出不去了"}, {"uid": "765350", "content": "かっけぇー！"}, {"uid": "198421419", "content": "帅啊"}, {"uid": "11691053", "content": "帅气帅气"}, {"uid": "19654470", "content": "咪蕾踩我！"}, {"uid": "351975302", "content": "ohhhhhhh"}, {"uid": "182156455", "content": "哎呦，不错呦！"}, {"uid": "21128558", "content": "ohhhhhhhhhhhhhhh"}, {"uid": "27228190", "content": "女王大人，踩我！"}, {"uid": "45087547", "content": "帅啊30"}, {"uid": "1574139", "content": "帅啊！！！！！"}, {"uid": "23001624", "content": "哦哦哦哦哦"}, {"uid": "35538918", "content": "我看到我了，我在最左边"}, {"uid": "186721", "content": "/remake"}, {"uid": "51198294", "content": "帅帅帅"}, {"uid": "627941053", "content": "30 cool"}, {"uid": "8745736", "content": "来了来了"}, {"uid": "67655543", "content": "ohhhhh"}, {"uid": "35488721", "content": "冥界女王好帅"}, {"uid": "434780627", "content": "冥界女王"}, {"uid": "12738614", "content": "shuai"}, {"uid": "291501", "content": "kksk"}, {"uid": "28954108", "content": "太帅了"}, {"uid": "483723801", "content": "30女王大人 我爱你"}, {"uid": "38421240", "content": "kksk"}, {"uid": "541483077", "content": "†救済執行†"}, {"uid": "23001624", "content": "芜湖"}, {"uid": "2874576", "content": "30带我走！！！"}, {"uid": "627941053", "content": "好听好听"}, {"uid": "31298127", "content": "啊啊啊啊啊啊啊啊啊啊啊啊啊"}, {"uid": "441344288", "content": "太帅了"}, {"uid": "152489", "content": "救済執行！！"}, {"uid": "141178947", "content": "恭迎魔界女王陛下"}, {"uid": "36769691", "content": "来了来了"}, {"uid": "48655973", "content": "好帅"}, {"uid": "525207", "content": "宝太帅"}, {"uid": "23581592", "content": "30"}, {"uid": "457326", "content": "哇哦"}, {"uid": "95415367", "content": "太帅了"}, {"uid": "759642", "content": "HSO(好闪哦）"}, {"uid": "194175206", "content": "帕里~"}, {"uid": "503914057", "content": "我炸了"}, {"uid": "408645838", "content": "太帅了！"}, {"uid": "10647045", "content": "不存在的"}, {"uid": "22749986", "content": "女王大人万岁！"}, {"uid": "107207794", "content": "30，宝啊，妈妈来了"}, {"uid": "434780627", "content": "帕！里！"}, {"uid": "85999950", "content": "来啦来啦"}, {"uid": "434780627", "content": "上边那个是DD"}, {"uid": "93557384", "content": "救济执行"}, {"uid": "79546717", "content": "女王女王女王！"}, {"uid": "313897", "content": "帅帅帅！"}, {"uid": "1511044", "content": "帅啊"}, {"uid": "46970933", "content": "不懂就问这是30姐姐吗"}, {"uid": "185463520", "content": "ohhhhhhh"}, {"uid": "105512758", "content": "帅"}, {"uid": "95415367", "content": "女王大人！我爱你啊！"}, {"uid": "35538918", "content": "来了来了"}, {"uid": "337557349", "content": "好耶"}, {"uid": "341093139", "content": "好帅"}, {"uid": "434408610", "content": "帅帅30"}, {"uid": "106021", "content": "帅啊！."}, {"uid": "11691053", "content": "ohhhhhh"}, {"uid": "587140", "content": "太强了"}, {"uid": "93416814", "content": "为女王献上心脏"}, {"uid": "480182594", "content": "帅呀"}, {"uid": "2686738", "content": "女王大人万岁！"}, {"uid": "3651311", "content": "救济执行！"}, {"uid": "67655543", "content": "女王女王女王"}, {"uid": "106021", "content": "太帅了，我死了"}, {"uid": "12799549", "content": "ohhhhhhhhhhh"}, {"uid": "408645838", "content": "ohhhhhhhhh"}, {"uid": "20946146", "content": "好帅"}, {"uid": "319341557", "content": "太阳神"}, {"uid": "818139", "content": "冥界风格真不错"}, {"uid": "1873246", "content": "好帅"}, {"uid": "35520443", "content": "帅帅帅！为冥界女王献上心脏！！！"}, {"uid": "434780627", "content": "不存在的"}, {"uid": "100130", "content": "ミレイかっこいい！！！"}, {"uid": "31298127", "content": "来了来了"}, {"uid": "15053846", "content": "在看了，在看了www"}, {"uid": "299621", "content": "ohhhhhhh"}, {"uid": "44000870", "content": " (/^▽^)/  (/^▽^)/ "}, {"uid": "328041824", "content": "\\30/\\30/\\30/\\30/"}, {"uid": "91579995", "content": "帅帅帅帅帅帅帅帅帅帅帅帅帅帅帅"}, {"uid": "35520443", "content": "救      济      执      行！！！"}, {"uid": "35520443", "content": "救   济    执     行！！！！"}, {"uid": "19028270", "content": "女王大人太帅了！！！！！！！！！！！！"}, {"uid": "31209837", "content": "30强无敌"}, {"uid": "44689654", "content": "帅帅帅帅帅帅帅帅帅帅帅帅帅帅帅帅帅帅帅帅帅"}, {"uid": "131394304", "content": "帅死爷了"}]