[{"uid": "15649077", "content": "理论来说越平常的越远，胸越大的反而有缓冲"}, {"uid": "35004205", "content": "ん？"}, {"uid": "2854211", "content": "铁壁·奈特哈尔·古守"}, {"uid": "50017501", "content": "流向改变了"}, {"uid": "3398870", "content": "真·飞机跑道"}, {"uid": "86954029", "content": "領域展開、古守空港！"}, {"uid": "434675161", "content": "草"}, {"uid": "84240", "content": "眼珠子弹性挺高啊"}, {"uid": "30982451", "content": "求生欲极强"}, {"uid": "386845290", "content": "自欺欺人"}, {"uid": "122366604", "content": "我举报这是打假赛"}, {"uid": "122366604", "content": "赢了赢了赢了"}, {"uid": "22421009", "content": "哈哈哈哈"}, {"uid": "57578913", "content": "没有nano"}, {"uid": "11453613", "content": "30踢假球"}, {"uid": "194175206", "content": "ww"}, {"uid": "3659432", "content": "古玛利亚守之墙"}, {"uid": "14505577", "content": "草"}, {"uid": "30514029", "content": "？？？？你给这做梦呢"}, {"uid": "30514029", "content": "流向变了"}, {"uid": "755531", "content": "3号打假赛提前出局！"}, {"uid": "13936795", "content": "假赛+黑哨，真有你的30"}, {"uid": "85999950", "content": "整活儿小能手"}, {"uid": "85999950", "content": "好家伙，钢板收集成功"}, {"uid": "12416622", "content": "ん？"}, {"uid": "45927838", "content": "砧板一位"}, {"uid": "391254279", "content": "回つて"}, {"uid": "544972", "content": "草"}, {"uid": "2203831", "content": "古守激怒"}, {"uid": "2629851", "content": "你必被追杀"}, {"uid": "402133", "content": "草2333"}, {"uid": "11843907", "content": "草"}, {"uid": "59997782", "content": "只不过是自欺欺人罢了，可怜的30"}, {"uid": "11344630", "content": "草"}, {"uid": "14885687", "content": "草"}, {"uid": "1225837659", "content": "这孩子疯了"}, {"uid": "34671823", "content": "ん?"}, {"uid": "76082817", "content": "想多了，是眼珠子的弹性"}, {"uid": "297679665", "content": "草"}, {"uid": "388155", "content": "领域展开"}, {"uid": "116791", "content": "超越物理法则的盾"}, {"uid": "116791", "content": "流向开始改变了"}, {"uid": "8844791", "content": "足 球 小 将"}, {"uid": "8844791", "content": "盾 之 勇 者 成 名 录"}, {"uid": "291392091", "content": "草"}, {"uid": "33583757", "content": "你必被守子哥单杀"}, {"uid": "12630046", "content": "赢了"}, {"uid": "33417534", "content": "汉诺的崇高力量（雾）"}, {"uid": "9994946", "content": "23333"}, {"uid": "7713860", "content": "Duang～"}, {"uid": "5731509", "content": "你在做梦"}, {"uid": "5731509", "content": "《不能做失礼的事》"}, {"uid": "30582459", "content": "花音装甲"}, {"uid": "2629851", "content": "？？？？？？？？"}, {"uid": "2629851", "content": "你必被守子哥单杀"}, {"uid": "50017501", "content": "自欺欺人"}, {"uid": "50017501", "content": "草"}, {"uid": "3970880", "content": "举报！30号打假赛！"}, {"uid": "24971901", "content": "你犯规"}, {"uid": "13561995", "content": "FULL COUNTER！！"}, {"uid": "95142335", "content": "叹息之壁"}, {"uid": "4792886", "content": "骗过上帝"}, {"uid": "38274277", "content": "草"}, {"uid": "755531", "content": "领域展开！古守空港！"}, {"uid": "2203831", "content": "不要骗自己啊！"}, {"uid": "2203831", "content": "卸力盾"}, {"uid": "2203831", "content": "盾之勇者30"}, {"uid": "21482042", "content": "“盾牌上的凸起很适合弹反敌人的攻击”"}, {"uid": "12321065", "content": "草"}, {"uid": "736530", "content": "p家整活第一人"}, {"uid": "25400947", "content": "夹带私货"}, {"uid": "32883386", "content": "更过分哈哈哈哈"}, {"uid": "2907196", "content": "ohhhhhhhhhhhhhhhhhhhhhhhh"}, {"uid": "68129973", "content": "谢谢你，眼球"}, {"uid": "24971901", "content": "打假赛，退钱"}, {"uid": "17383985", "content": "草"}, {"uid": "29655499", "content": "哈哈哈哈哈哈"}, {"uid": "36769691", "content": "草"}, {"uid": "194175206", "content": "你有问题"}, {"uid": "31205732", "content": "这眼睛弹性不错啊"}, {"uid": "1433095", "content": "草"}, {"uid": "30514029", "content": "草"}, {"uid": "112776970", "content": "哈哈哈哈哈哈"}, {"uid": "574345", "content": "草"}, {"uid": "2629851", "content": "盾反大草"}, {"uid": "656894", "content": "草草草"}, {"uid": "656894", "content": "太草了"}, {"uid": "656894", "content": "草!"}, {"uid": "413308722", "content": "盾之勇者30"}, {"uid": "3207714", "content": "弹 反 盾"}, {"uid": "14007884", "content": "？？？？？？？"}, {"uid": "147123", "content": "？？？草"}, {"uid": "12321065", "content": "哈哈哈哈"}, {"uid": "38381207", "content": "23333"}, {"uid": "316966922", "content": "草"}, {"uid": "16312917", "content": "斯巴拉西！"}, {"uid": "45087547", "content": "草"}, {"uid": "86954029", "content": "草"}, {"uid": "122366604", "content": "草"}, {"uid": "122366604", "content": "ん？"}, {"uid": "194175206", "content": "fake cup"}, {"uid": "30514029", "content": "哈哈哈哈哈哈哈哈哈哈"}, {"uid": "30582459", "content": "斯巴拉西"}, {"uid": "45927838", "content": "？？？？？"}, {"uid": "11491610", "content": "草"}, {"uid": "15588298", "content": "草"}, {"uid": "15588298", "content": "？？"}, {"uid": "15588298", "content": "？？？"}, {"uid": "11344630", "content": "草？？？"}, {"uid": "230337405", "content": "草"}, {"uid": "2525737", "content": "盾 反"}, {"uid": "326981983", "content": "草"}, {"uid": "116791", "content": "？？？"}, {"uid": "2935232", "content": "草"}, {"uid": "49915678", "content": "不对劲！"}, {"uid": "23001624", "content": "草"}, {"uid": "475596", "content": "已经变成ATfield了啊！"}, {"uid": "15447441", "content": "自我催眠"}, {"uid": "494002", "content": "草"}, {"uid": "10908755", "content": "镜面反射"}, {"uid": "259249832", "content": "草"}, {"uid": "36769691", "content": "草"}, {"uid": "194175206", "content": "？？？"}, {"uid": "15513859", "content": "草"}, {"uid": "5915411", "content": "草"}, {"uid": "12416622", "content": "草"}, {"uid": "574345", "content": "草"}, {"uid": "2203831", "content": "？？"}, {"uid": "402133", "content": "草"}, {"uid": "15588298", "content": "？？？？"}, {"uid": "415382982", "content": "不对劲"}, {"uid": "351975302", "content": "草"}, {"uid": "8844791", "content": "大嘘"}, {"uid": "33935601", "content": "草"}, {"uid": "2109984", "content": "boing"}, {"uid": "219233", "content": "草"}, {"uid": "15509041", "content": "草"}, {"uid": "16543843", "content": "？？？"}, {"uid": "633832436", "content": "komori shield"}, {"uid": "334926483", "content": "？？？？？？？"}, {"uid": "334926483", "content": "草哈哈哈哈"}, {"uid": "334926483", "content": "233333"}, {"uid": "334926483", "content": "草"}, {"uid": "30982451", "content": "打假赛"}, {"uid": "194175206", "content": "草"}, {"uid": "194175206", "content": "完全胜利"}, {"uid": "5858424", "content": "？？？？？？"}, {"uid": "954660", "content": "草"}, {"uid": "2629851", "content": "？？？？？"}, {"uid": "341048421", "content": "草"}, {"uid": "2655419", "content": "草"}, {"uid": "39869252", "content": "？？？？"}, {"uid": "12700753", "content": "草"}, {"uid": "2203831", "content": "？"}, {"uid": "2629851", "content": "？？？？？？"}, {"uid": "2629851", "content": "草"}, {"uid": "400380207", "content": "好钢板"}, {"uid": "12321065", "content": "哈哈哈"}, {"uid": "326981983", "content": "草"}, {"uid": "326981983", "content": "草"}, {"uid": "38000529", "content": "草"}, {"uid": "38107783", "content": "草"}, {"uid": "33583757", "content": "草"}, {"uid": "291392091", "content": "草"}, {"uid": "219233", "content": "这…"}, {"uid": "219233", "content": "太anti了"}, {"uid": "475596", "content": "草"}, {"uid": "30159944", "content": "？！"}, {"uid": "2629851", "content": "草"}, {"uid": "221220", "content": "草"}, {"uid": "38651533", "content": "？？？"}, {"uid": "18220418", "content": "草"}, {"uid": "8298552", "content": "草"}, {"uid": "15513859", "content": "？？？"}, {"uid": "30514029", "content": "草"}, {"uid": "755531", "content": "跳弹！"}, {"uid": "574345", "content": "草"}, {"uid": "32423963", "content": "草"}, {"uid": "2629851", "content": "草"}, {"uid": "656894", "content": "????"}, {"uid": "6221030", "content": "wwww"}, {"uid": "6221030", "content": "wwwwwwwwwwwww"}, {"uid": "114964846", "content": "草"}, {"uid": "383074963", "content": "熊孩子！"}, {"uid": "400380207", "content": "草"}, {"uid": "238596", "content": "草"}, {"uid": "66960942", "content": "？？？"}, {"uid": "415382982", "content": "草"}, {"uid": "415382982", "content": "草"}, {"uid": "67655543", "content": "草"}, {"uid": "2935232", "content": "草"}, {"uid": "470345017", "content": "完全胜利！"}, {"uid": "2629851", "content": "草"}, {"uid": "50017501", "content": "黑哨啊"}, {"uid": "356779446", "content": "草"}, {"uid": "357070186", "content": "吸收了"}, {"uid": "22421009", "content": "草"}, {"uid": "36769691", "content": "草"}, {"uid": "954660", "content": "？？？？"}, {"uid": "85999950", "content": "草"}, {"uid": "2203831", "content": "草"}, {"uid": "443853879", "content": "草"}, {"uid": "88535755", "content": "草"}, {"uid": "21482042", "content": "小圆盾"}, {"uid": "1591623", "content": "草"}, {"uid": "13792286", "content": "草"}, {"uid": "147123", "content": "草"}, {"uid": "12321065", "content": "这配音"}, {"uid": "415382982", "content": "草"}, {"uid": "67655543", "content": "草"}, {"uid": "316966922", "content": "草"}, {"uid": "2907196", "content": "草"}, {"uid": "87712480", "content": "草"}, {"uid": "408467088", "content": "草"}, {"uid": "33919342", "content": "假的"}, {"uid": "351891174", "content": "草"}, {"uid": "9190626", "content": "草"}, {"uid": "9190626", "content": "草"}, {"uid": "87688072", "content": "草"}, {"uid": "194175206", "content": "wwwww"}, {"uid": "14505577", "content": "？？"}, {"uid": "38274277", "content": "草"}, {"uid": "30514029", "content": "草"}, {"uid": "2629851", "content": "草草草"}, {"uid": "2629851", "content": "草"}, {"uid": "656894", "content": "草"}, {"uid": "2683805", "content": "草"}, {"uid": "12321065", "content": "绝壁"}, {"uid": "12321065", "content": "草"}, {"uid": "351975302", "content": "？？？"}, {"uid": "351975302", "content": "草"}, {"uid": "32883386", "content": "草"}, {"uid": "1371808", "content": "呵呵"}, {"uid": "15509041", "content": "草"}, {"uid": "19547639", "content": "你必被杀害"}, {"uid": "50505623", "content": "？"}, {"uid": "248271737", "content": "? "}, {"uid": "194175206", "content": "wwwwww"}, {"uid": "194175206", "content": "wwww"}, {"uid": "38274277", "content": "抽"}, {"uid": "314029132", "content": "？"}, {"uid": "230215617", "content": "绝壁"}, {"uid": "12321065", "content": "戏好多"}, {"uid": "415382982", "content": "？？？"}, {"uid": "657704", "content": "？"}, {"uid": "23001624", "content": "？"}]