[{"uid": "518530216", "content": "完全没有(即答)"}, {"uid": "35641505", "content": "whl"}, {"uid": "33031792", "content": "草，P家卡卡西"}, {"uid": "7374249", "content": "写轮眼大草"}, {"uid": "153338083", "content": "弔图一堆"}, {"uid": "153338083", "content": "www"}, {"uid": "153338083", "content": "草"}, {"uid": "153338083", "content": "梅开二度"}, {"uid": "1164105590", "content": "草，同步了"}, {"uid": "32997433", "content": "芝"}, {"uid": "50939322", "content": "hhhhhhhhhhhh"}, {"uid": "415382982", "content": "草"}, {"uid": "415382982", "content": "草"}, {"uid": "415382982", "content": "草"}, {"uid": "500189", "content": "草"}, {"uid": "428626830", "content": "草"}, {"uid": "348504366", "content": "，草"}, {"uid": "179848040", "content": "草"}, {"uid": "179848040", "content": "。"}, {"uid": "5718643", "content": "你觉得是对着罗马音在唱吧（笑哭）"}, {"uid": "33491", "content": "以为我们听不懂是吧！"}, {"uid": "393114", "content": "芝芝芝"}, {"uid": "393114", "content": "芝"}, {"uid": "28275", "content": "一起晃"}, {"uid": "239870250", "content": "草"}, {"uid": "12208925", "content": "嘿那一下好憨啊w"}, {"uid": "4760671", "content": "草"}, {"uid": "4760671", "content": "草"}, {"uid": "4148560", "content": "？？？"}, {"uid": "2629851", "content": "草"}, {"uid": "194175206", "content": "草草"}, {"uid": "194175206", "content": "wwwww"}, {"uid": "194175206", "content": "ww"}, {"uid": "194175206", "content": "草"}, {"uid": "7535331", "content": "草"}, {"uid": "9111145", "content": "草"}, {"uid": "4130547", "content": "www"}, {"uid": "16633967", "content": "哈哈"}, {"uid": "45087547", "content": "草"}, {"uid": "13792286", "content": "啊～"}, {"uid": "23153039", "content": "同步率逐渐上升"}, {"uid": "803587", "content": "草"}, {"uid": "23562069", "content": "草"}, {"uid": "198687504", "content": "233333"}, {"uid": "2856263", "content": "草"}, {"uid": "2856263", "content": "草"}, {"uid": "36769691", "content": "草"}, {"uid": "36769691", "content": "草"}, {"uid": "2699074", "content": "草"}, {"uid": "457355", "content": "shakeit"}, {"uid": "13275281", "content": "草"}, {"uid": "457355", "content": "Kanon Style 幻听"}, {"uid": "6221030", "content": "wwww"}, {"uid": "6221030", "content": "wwwwww"}, {"uid": "5582949", "content": "草"}, {"uid": "7607529", "content": "哈哈哈哈哈哈"}, {"uid": "273252538", "content": "嘿嘿嘿嘿"}, {"uid": "12648204", "content": "草"}, {"uid": "4040911", "content": "草"}, {"uid": "3603486", "content": "西八"}, {"uid": "3603486", "content": "草"}, {"uid": "244836465", "content": "太草了"}, {"uid": "244836465", "content": "这写轮眼也太草了吧"}, {"uid": "32423963", "content": "233333"}, {"uid": "32423963", "content": "草"}, {"uid": "129601", "content": "不用站立起舞了吗？哦，是30啊，没事了"}, {"uid": "9028227", "content": "前方大草"}, {"uid": "14058350", "content": "草"}, {"uid": "38274277", "content": "以前我还能唱空耳来着（捂脸笑"}, {"uid": "26774591", "content": "做日常任务是吧"}, {"uid": "35520443", "content": "草"}, {"uid": "30514029", "content": "草"}, {"uid": "316966922", "content": "草"}, {"uid": "316966922", "content": "草"}, {"uid": "30514029", "content": "逐渐同步"}, {"uid": "5718643", "content": "草"}, {"uid": "10947551", "content": "草"}, {"uid": "2662523", "content": "草"}, {"uid": "499880463", "content": "江南丝带哦？"}, {"uid": "3226900", "content": "这韩语脏话可真地道"}, {"uid": "417662", "content": "草"}, {"uid": "112776970", "content": "这股奶味是真的像啊，不愧是30啊2333"}, {"uid": "417662", "content": "写轮眼大草"}, {"uid": "349490384", "content": "洗吧"}, {"uid": "20619959", "content": "草"}, {"uid": "20619959", "content": "这里日语字幕错了"}, {"uid": "1740584", "content": "草"}, {"uid": "5731509", "content": "草"}, {"uid": "12738614", "content": "kksk"}, {"uid": "26355078", "content": "草"}, {"uid": "354624", "content": "啊～～西八"}, {"uid": "88025177", "content": "唉，走了，还没呢（"}, {"uid": "88025177", "content": "草"}, {"uid": "88025177", "content": "草"}, {"uid": "88025177", "content": "草"}, {"uid": "88025177", "content": "宁就是旗木卡卡西？"}, {"uid": "22363074", "content": "草，开幕雷击"}, {"uid": "88025177", "content": "神威，草"}, {"uid": "16640794", "content": "拷贝忍者是吧"}, {"uid": "476606", "content": "草，卡卡西"}, {"uid": "437144121", "content": "卡威！！"}, {"uid": "432055588", "content": "嗯?!万花筒写轮眼!"}, {"uid": "5731509", "content": "这个写轮眼草"}, {"uid": "10159973", "content": "写轮眼草"}, {"uid": "49915678", "content": "草 写轮眼"}, {"uid": "266255540", "content": "字幕草"}, {"uid": "2686738", "content": "？"}, {"uid": "316966922", "content": "草"}, {"uid": "403388920", "content": "写轮眼啊 草"}, {"uid": "158229081", "content": "撒拉黑"}, {"uid": "5582949", "content": "草"}, {"uid": "4098326", "content": "解！"}, {"uid": "2629851", "content": "草"}, {"uid": "305072215", "content": "草"}, {"uid": "403388920", "content": "草"}, {"uid": "36769691", "content": "草"}, {"uid": "129859374", "content": "……"}, {"uid": "38274277", "content": "草"}]