[{"uid": "6486338", "content": "发情了"}, {"uid": "6486338", "content": "我家的小母猫就这样"}, {"uid": "23134800", "content": "awsl"}, {"uid": "45087547", "content": "草"}, {"uid": "86954029", "content": "草"}, {"uid": "248627858", "content": "贝西~"}, {"uid": "194175206", "content": "发情期www"}, {"uid": "5731509", "content": "在家有猫还去d别的猫"}, {"uid": "8309253", "content": "太屑了"}, {"uid": "3579588", "content": "幼猫？"}, {"uid": "9028227", "content": "人气NO.1啊草"}, {"uid": "9028227", "content": "草"}, {"uid": "33004481", "content": "可爱"}, {"uid": "37190312", "content": "医生还行"}, {"uid": "194175206", "content": "？？这就是冥冥民犬化的起源吗"}, {"uid": "17002040", "content": "猫猫发情期"}, {"uid": "217797936", "content": "我听出了nano的味道（？）"}, {"uid": "2193135", "content": "妹啊你这是发情的猫吧"}, {"uid": "19028270", "content": "超级像"}, {"uid": "3109422", "content": "草，真的像"}, {"uid": "262284680", "content": "草"}, {"uid": "15138435", "content": "你才是小奶狗吧"}, {"uid": "127876", "content": "刚放假的肉到了都开学了才烤"}, {"uid": "7066749", "content": "草"}, {"uid": "10778462", "content": "为什么你的猫叫和别人不一样啊（"}, {"uid": "2203831", "content": "咩啊草"}, {"uid": "2203831", "content": "猫咪发情啦"}, {"uid": "283743875", "content": "这也太像了"}, {"uid": "283743875", "content": "这不是猴子吗"}, {"uid": "41767058", "content": "好乖好乖"}, {"uid": "3924121", "content": "？"}, {"uid": "7269000", "content": "要拿第一位就得选择不做人了（"}, {"uid": "23001624", "content": "我家狗听到马上就来了"}, {"uid": "2629851", "content": "奶狗suki"}, {"uid": "88025177", "content": "狗吗，草"}, {"uid": "85999950", "content": "？？"}, {"uid": "3579588", "content": "草，真像"}, {"uid": "243669927", "content": "京中有善口技者"}, {"uid": "3109422", "content": "真实的猫叫"}, {"uid": "1225837659", "content": "踩了猫尾巴了吧"}, {"uid": "9272615", "content": "草"}, {"uid": "12738614", "content": "草"}, {"uid": "2203831", "content": "可爱"}, {"uid": "442580518", "content": "草"}, {"uid": "75379", "content": "草"}, {"uid": "49541249", "content": "草"}, {"uid": "217797936", "content": "哈哈哈哈哈"}, {"uid": "13594081", "content": "咩啊"}, {"uid": "200863", "content": "草"}, {"uid": "68555", "content": "小奶狗"}, {"uid": "15513859", "content": "草"}, {"uid": "1808632", "content": "awsl"}, {"uid": "15717988", "content": "很真实，已经开始心烦了"}, {"uid": "98169", "content": "不是狗啊，是JOJO黄金之风里那段"}, {"uid": "15138435", "content": "有一说一，很像"}, {"uid": "30845", "content": "？？？"}, {"uid": "346303328", "content": "？？？"}, {"uid": "50220265", "content": "不能说很像，只能说一模一样"}, {"uid": "221169958", "content": "？"}, {"uid": "125720", "content": "野猫啊"}, {"uid": "37005707", "content": "mea"}, {"uid": "314029132", "content": "乖（摸头"}, {"uid": "142347", "content": "你竟然当着我的面看其他猫！"}, {"uid": "4360410", "content": "草"}, {"uid": "23001624", "content": "老猫了"}, {"uid": "3156545", "content": "草"}, {"uid": "13174935", "content": "发青猫猫"}, {"uid": "12321065", "content": "草"}, {"uid": "327388057", "content": "好气！取关了！！"}, {"uid": "434780627", "content": "草"}, {"uid": "2203831", "content": "你就是模仿之神！"}, {"uid": "4219371", "content": "奶狗爱死了"}, {"uid": "25460126", "content": "草"}, {"uid": "25620319", "content": "老吴～"}, {"uid": "3603486", "content": "草"}, {"uid": "334926483", "content": "草"}, {"uid": "19824793", "content": "草"}, {"uid": "38000529", "content": "咩啊"}, {"uid": "101193063", "content": "好像啊"}, {"uid": "262284680", "content": "草"}, {"uid": "1574139", "content": "草"}, {"uid": "8151074", "content": "草"}, {"uid": "19824793", "content": "草"}, {"uid": "351975302", "content": "？？"}, {"uid": "32423963", "content": "草"}, {"uid": "68555", "content": "小奶猫"}, {"uid": "15138435", "content": "草"}, {"uid": "30845", "content": "www"}, {"uid": "249500479", "content": "屑"}, {"uid": "221169958", "content": "草"}, {"uid": "200863", "content": "并不会"}, {"uid": "262284680", "content": "草"}, {"uid": "38788991", "content": "草"}, {"uid": "283743875", "content": "草"}, {"uid": "19028270", "content": "草"}, {"uid": "19724079", "content": "草"}, {"uid": "321394966", "content": "草"}, {"uid": "67393034", "content": "？？？"}]