[{"uid": "9062012", "content": "然后飞升成了太阳神"}, {"uid": "9062012", "content": "十年的好人卡  太惨了"}, {"uid": "15654133", "content": "孩子已经找到贴贴了！！！！！"}, {"uid": "88040445", "content": "你也是幻想杀手？！"}, {"uid": "8401742", "content": "老  好  人"}, {"uid": "12664732", "content": "太惨了"}, {"uid": "10826451", "content": "草，注入灵魂"}, {"uid": "10826451", "content": "白学水族馆（混乱）"}, {"uid": "194175206", "content": "好人的诅咒"}, {"uid": "431778772", "content": "才想起来在现场"}, {"uid": "22421009", "content": "中之人黑子说"}, {"uid": "122366604", "content": "然后帕里变成太阳神了"}, {"uid": "4792886", "content": "此时的帕里：Zzzz"}, {"uid": "2264478", "content": "平时说话腔调就有点像了，这句话刻意一下简直一摸一样草"}, {"uid": "7787601", "content": "落 井 下 石"}, {"uid": "18745037", "content": "今天也没什么干劲呢"}, {"uid": "343038735", "content": "帕里已经飞升了"}, {"uid": "293601433", "content": "草幻想杀手可还行"}, {"uid": "1404857", "content": "互相自闭"}, {"uid": "733086", "content": "自己跟自己说漫才。。。"}, {"uid": "4744344", "content": "怪不得后面摸不着头脑23333"}, {"uid": "4093010", "content": "然后帕里成神了"}, {"uid": "30077460", "content": "好人配好人有甚摸问题吗"}, {"uid": "10778462", "content": "可是帕里成神了啊"}, {"uid": "17784911", "content": "你俩在一起吧（bushi"}, {"uid": "5731509", "content": "rabbit！30！best match！"}, {"uid": "39083", "content": "当然呢  接下来的直播要好好努力"}, {"uid": "39126077", "content": "打破孤独传说"}, {"uid": "4410865", "content": "十年之后，我们是好人，还可以问候。。"}, {"uid": "23371852", "content": "好人组合"}, {"uid": "5824243", "content": "孤独传说"}, {"uid": "2784710", "content": "然后帕里成太阳神了"}, {"uid": "35354722", "content": "草太损了"}, {"uid": "29454431", "content": "冥冥民只会哭哭"}, {"uid": "25873203", "content": "草！！哈哈哈哈"}, {"uid": "50539085", "content": "帕里永远的好人"}, {"uid": "2203831", "content": "草"}, {"uid": "1597017", "content": "草，这句好像！！"}, {"uid": "57578913", "content": "背 推 兔"}, {"uid": "14362084", "content": "好人配好人，绝了啊！"}, {"uid": "5678750", "content": "这句好像啊"}, {"uid": "17784911", "content": "孤独传说"}, {"uid": "314029132", "content": "草，十年"}, {"uid": "144358", "content": "帕里从好人毕业，成太阳神了"}, {"uid": "1596750", "content": "帕里现在是太阳神哒"}, {"uid": "86954029", "content": "上 条 三 零"}, {"uid": "5582949", "content": "十 年 孤 独"}, {"uid": "255783601", "content": "孤独传说"}, {"uid": "44409686", "content": "那一起啊"}, {"uid": "194175206", "content": "《十年》"}, {"uid": "38000529", "content": "现在甚至要和驴贴贴了"}, {"uid": "490127301", "content": "草 好像"}, {"uid": "18745037", "content": "赞美太阳"}, {"uid": "343038735", "content": "演到一半出来解说草"}, {"uid": "54944074", "content": "有内味了"}, {"uid": "17784911", "content": "你两在一起吧（doge）"}, {"uid": "2854211", "content": "挺好.jpg"}, {"uid": "6034957", "content": "父慈子孝"}, {"uid": "144358", "content": "然后你们就在MC里互砍？这种组合也不差"}, {"uid": "29305599", "content": "不应该是某魔法的禁书目录吗"}, {"uid": "2683805", "content": "草"}, {"uid": "1886382", "content": "已经是太阳神了"}, {"uid": "434675161", "content": "泪目"}, {"uid": "21896921", "content": "草"}, {"uid": "7950335", "content": "这不很匹配吗"}, {"uid": "18745037", "content": "这个声音笑死了"}, {"uid": "397698233", "content": "夺笋啊"}, {"uid": "33919342", "content": "夹击妹抖"}, {"uid": "511011949", "content": "泪目"}, {"uid": "1808632", "content": "现在白猫也是好人了"}, {"uid": "544972", "content": "草"}, {"uid": "831693", "content": "陪帕里十年了，是糖"}, {"uid": "314029132", "content": "斩首再放送"}, {"uid": "11843907", "content": "好像黑子"}, {"uid": "86646887", "content": "泪目"}, {"uid": "86954029", "content": "草 好像"}, {"uid": "25636", "content": "然后就真毕业了"}, {"uid": "231667339", "content": "泪目，哭了！"}, {"uid": "9872808", "content": "封面离谱"}, {"uid": "35354722", "content": "好女儿"}, {"uid": "10518197", "content": "我想吃咪帕糖"}, {"uid": "442250487", "content": "整活的king"}, {"uid": "475941532", "content": "你承认啦"}, {"uid": "5915411", "content": "草"}, {"uid": "285826982", "content": "泪目"}, {"uid": "10778462", "content": "绝配"}, {"uid": "544972", "content": "对神有意见？"}, {"uid": "17784911", "content": "太损了"}, {"uid": "217797936", "content": "等等你。。这么说也行"}, {"uid": "23371852", "content": "哈哈哈哈哈哈"}, {"uid": "131478", "content": "龙与虎第一集"}, {"uid": "46402981", "content": "注入灵魂"}, {"uid": "669433764", "content": "草"}, {"uid": "21851472", "content": "草"}, {"uid": "2203831", "content": "泪目泪目"}, {"uid": "22421009", "content": "暗妃鲁当麻"}, {"uid": "562257281", "content": "草"}, {"uid": "343038735", "content": "哈哈哈"}, {"uid": "401099828", "content": "十年之前……"}, {"uid": "36769691", "content": "草"}, {"uid": "52453166", "content": "草"}, {"uid": "22363074", "content": "草"}, {"uid": "351975302", "content": "带孝女"}, {"uid": "425237", "content": "草"}, {"uid": "45927838", "content": "别说，真像黑子"}, {"uid": "3603486", "content": "草"}, {"uid": "456308956", "content": "(・∀・)"}, {"uid": "6034957", "content": "草"}, {"uid": "39126077", "content": "也确实"}, {"uid": "305617742", "content": "泪目"}, {"uid": "5582949", "content": "也不是不行（？"}, {"uid": "33031792", "content": "草"}, {"uid": "491863306", "content": "十年之前……"}, {"uid": "5915411", "content": "太惨了"}, {"uid": "10826451", "content": "草"}, {"uid": "374374149", "content": "封面anti"}, {"uid": "193099038", "content": "草"}, {"uid": "343038735", "content": "蕾咪"}, {"uid": "343038735", "content": "草"}, {"uid": "3773507", "content": "泪目"}, {"uid": "5598346", "content": "草"}, {"uid": "351975302", "content": "草"}, {"uid": "351975302", "content": "草"}, {"uid": "32423963", "content": "草"}, {"uid": "151184", "content": "泪目"}, {"uid": "10778462", "content": "不贴大叔"}, {"uid": "11025420", "content": "草"}, {"uid": "153427707", "content": "艾丽娅来了，可以贴贴了"}, {"uid": "88535755", "content": "草"}, {"uid": "86954029", "content": "草"}, {"uid": "396685", "content": "草"}, {"uid": "101225", "content": "草"}, {"uid": "6221030", "content": "？？？"}, {"uid": "350834655", "content": "草"}, {"uid": "334926483", "content": "草"}, {"uid": "237178802", "content": "草"}, {"uid": "293601433", "content": "上条30"}, {"uid": "60772", "content": "草"}, {"uid": "19028270", "content": "泪目"}, {"uid": "17784911", "content": "泪目"}, {"uid": "39126077", "content": "草"}, {"uid": "23367498", "content": "草"}, {"uid": "217797936", "content": "草"}, {"uid": "589810425", "content": "草"}, {"uid": "225339852", "content": "？"}, {"uid": "9062012", "content": "草"}, {"uid": "29454431", "content": "030"}, {"uid": "334926483", "content": "？？？？"}, {"uid": "10581", "content": "不也挺好吗"}, {"uid": "669433764", "content": "泪目"}, {"uid": "194175206", "content": "草"}, {"uid": "194175206", "content": "www"}, {"uid": "194175206", "content": "泪目"}, {"uid": "2203831", "content": "泪目"}, {"uid": "2163611", "content": "草，宅不宅啊？太宅了。这个解释自己在玩的动画梗的既视感啊啊啊啊"}, {"uid": "401099828", "content": "说实话，30确实挺像黑子"}, {"uid": "4148560", "content": "？？？？"}, {"uid": "4744344", "content": "?"}, {"uid": "17784911", "content": "草"}, {"uid": "3603486", "content": "草"}, {"uid": "44678312", "content": "泪目"}, {"uid": "40613413", "content": "人家一年你才多久啊  Wwwwww"}, {"uid": "9271508", "content": "十年之前，你不认识我我不认识你，我们不是好人"}, {"uid": "71329244", "content": "虚拟新井里美"}, {"uid": "6034957", "content": "好人联组！兔子 30  锤子！"}, {"uid": "50505623", "content": "??"}, {"uid": "12321065", "content": "草"}, {"uid": "10518197", "content": "好人只剩下你一个了30，帕里已经是太阳神了 已经好人毕业了"}, {"uid": "293601433", "content": "??????????夹击妹抖？"}]