[{"uid": "8075595", "content": "不至于不至于哈哈哈"}, {"uid": "38107783", "content": "草"}, {"uid": "38107783", "content": "臭晕了"}, {"uid": "351975302", "content": "眉  开  眼  笑"}, {"uid": "351975302", "content": "危"}, {"uid": "351975302", "content": "草"}, {"uid": "482434839", "content": "草"}, {"uid": "334926483", "content": "2333"}, {"uid": "194175206", "content": "草"}, {"uid": "314029132", "content": "嗅觉系统错乱（"}, {"uid": "7577621", "content": "草，离谱哈哈哈哈"}, {"uid": "7420452", "content": "这不马上加个告白抒情BGM？！"}, {"uid": "266163123", "content": "臭臭0宝"}, {"uid": "153338083", "content": "流向改变了"}, {"uid": "153338083", "content": "www"}, {"uid": "36107010", "content": "开幕雷击"}, {"uid": "61509437", "content": "草，流向哪里变了"}, {"uid": "35354722", "content": "屑 30 屑"}, {"uid": "35354722", "content": "kimomo"}, {"uid": "35354722", "content": "昆卡昆卡"}, {"uid": "3970880", "content": "草，不愧是整活女王"}, {"uid": "35354722", "content": "臭臭0宝"}, {"uid": "190650", "content": "流向变了！"}, {"uid": "9849680", "content": "草"}, {"uid": "298744227", "content": "公然报答"}, {"uid": "2392243", "content": "ん？"}, {"uid": "24213285", "content": "草"}, {"uid": "5036", "content": "流向又变了，孩子这每天流向都在变"}, {"uid": "385460843", "content": "绽放出了满意的笑容"}, {"uid": "190650", "content": "总之就是非常可爱"}, {"uid": "6849370", "content": "《我已经忘不了艾莉娅了》"}, {"uid": "3086006", "content": "热知识 这里的bgm是原片"}, {"uid": "153736", "content": "桌子hp-3"}, {"uid": "356929963", "content": "哈哈哈哈哈哈哈哈"}, {"uid": "346007544", "content": "草"}, {"uid": "346007544", "content": "草"}, {"uid": "93557384", "content": "30…30…suki"}, {"uid": "153338083", "content": "看茉莉花"}, {"uid": "22863629", "content": "你哪来这么多bgm啊（"}, {"uid": "391318423", "content": "ん？"}, {"uid": "36107010", "content": "这xp建议去看看"}, {"uid": "22209485", "content": "ん？"}, {"uid": "35354722", "content": "酸了（不是"}, {"uid": "35354722", "content": "30踩我"}, {"uid": "128541", "content": "心满意足地笑了"}, {"uid": "53305", "content": "哈哈哈"}, {"uid": "172412045", "content": "kimomo"}, {"uid": "106021", "content": "草"}, {"uid": "1739853", "content": "草"}, {"uid": "544972", "content": "草"}, {"uid": "401992636", "content": "kimo"}, {"uid": "11864221", "content": "ん？ん？ん？"}, {"uid": "47263689", "content": "ん？"}, {"uid": "35354722", "content": "30踩我"}, {"uid": "190650", "content": "安详"}, {"uid": "17703518", "content": "要来力"}, {"uid": "10826451", "content": "草"}, {"uid": "19628", "content": "宝真可爱"}, {"uid": "35354722", "content": "不洗鞋子到底哪里可爱啊"}, {"uid": "6221030", "content": "什么ganchi"}, {"uid": "2957060", "content": "哈哈哈哈哈差评"}, {"uid": "237178802", "content": "草"}, {"uid": "5773287", "content": "好"}, {"uid": "509927626", "content": "ん？"}, {"uid": "383074963", "content": "熊孩子很会整活"}, {"uid": "351975302", "content": "草"}, {"uid": "299339", "content": "草"}, {"uid": "6361313", "content": "草"}, {"uid": "96128446", "content": "ん?"}, {"uid": "231667339", "content": "臭臭0宝卡哇伊"}, {"uid": "3724721", "content": "ん？"}, {"uid": "45927838", "content": "臭臭0宝"}, {"uid": "401992636", "content": "草"}, {"uid": "1397128", "content": "?"}, {"uid": "1838902", "content": "好活"}, {"uid": "153338083", "content": "她在狂笑"}, {"uid": "7980705", "content": "草"}, {"uid": "89655052", "content": "好"}, {"uid": "1858404199", "content": "xswl"}, {"uid": "5773287", "content": "草"}, {"uid": "334926483", "content": "草w"}, {"uid": "334926483", "content": "草"}, {"uid": "334926483", "content": "哦？"}, {"uid": "6793712", "content": "草"}, {"uid": "194175206", "content": "草w"}, {"uid": "12866889", "content": "ん？"}, {"uid": "2629851", "content": "草"}, {"uid": "33935601", "content": "好活"}, {"uid": "37498399", "content": "wwwwwwwww"}, {"uid": "6221030", "content": "草"}, {"uid": "10481048", "content": "草"}, {"uid": "10440446", "content": "ん？"}, {"uid": "351975302", "content": "草"}, {"uid": "194175206", "content": "www"}, {"uid": "194175206", "content": "？？"}, {"uid": "362567202", "content": "草"}, {"uid": "241480", "content": "ん？"}, {"uid": "15588298", "content": "草"}, {"uid": "9272615", "content": "草"}, {"uid": "525207", "content": "宝太可爱了"}, {"uid": "6221030", "content": "www"}, {"uid": "408645838", "content": "酸了"}, {"uid": "32191148", "content": "草"}, {"uid": "346007544", "content": "草"}, {"uid": "153338083", "content": "臭臭"}, {"uid": "2163611", "content": "嗯？"}, {"uid": "12208925", "content": "30踩我！"}, {"uid": "83983086", "content": "ん?"}, {"uid": "408645838", "content": "草"}, {"uid": "1858404199", "content": "kksk"}, {"uid": "2424237", "content": "8分钟好耶"}, {"uid": "434150859", "content": "这是甲铁城的bgm?"}, {"uid": "32818399", "content": "可爱"}, {"uid": "10162553471", "content": "草"}]