[{"uid": "67778694", "content": "草，究极好人"}, {"uid": "9111145", "content": "什么掉san广告"}, {"uid": "401099828", "content": "好用"}, {"uid": "8357250", "content": "妹阿你正常点"}, {"uid": "5582949", "content": "这商品也太怪了"}, {"uid": "38719627", "content": "我的kindle压泡面可太好用了"}, {"uid": "22421009", "content": "确石～"}, {"uid": "22421009", "content": "向冥冥组致敬！！！"}, {"uid": "34839925", "content": "巴  麻美"}, {"uid": "544972", "content": "好家伙"}, {"uid": "776174994", "content": "像飞机 什么的使用方式希望也能使用"}, {"uid": "272664650", "content": "草"}, {"uid": "217797936", "content": "她怕了？"}, {"uid": "11480940", "content": "草"}, {"uid": "1605225", "content": "遗珍：冥界女王的头颅"}, {"uid": "194175206", "content": "草，真  首办"}, {"uid": "19686150", "content": "所以男妈妈=帕里=好人=太阳神？！（"}, {"uid": "2203831", "content": "什么怪商品"}, {"uid": "1772506", "content": "这孩子真可爱"}, {"uid": "1772506", "content": "草"}, {"uid": "88025177", "content": "抱枕的话感觉可以接受"}, {"uid": "30342074", "content": "草"}, {"uid": "1416488", "content": "可能会被当成腿音"}, {"uid": "417662", "content": "油库里么23333"}, {"uid": "23196727", "content": "？？？"}, {"uid": "11960415", "content": "想了一下画面，我开始掉san了"}, {"uid": "1548774", "content": "高技术"}, {"uid": "38274277", "content": "草"}, {"uid": "75379", "content": "草"}, {"uid": "217797936", "content": "有点诡异"}, {"uid": "76082817", "content": "防 腐 之 首"}, {"uid": "10518197", "content": "草"}, {"uid": "51427", "content": "草"}, {"uid": "326981983", "content": "草"}, {"uid": "3153180", "content": "草"}, {"uid": "107122", "content": "你是指头以下不好用吗？"}, {"uid": "82569222", "content": "草"}, {"uid": "82569222", "content": "草"}, {"uid": "86954029", "content": "草"}, {"uid": "67778694", "content": "草"}, {"uid": "12700753", "content": "草"}, {"uid": "35354722", "content": "那么在哪可以买到呢"}, {"uid": "12648204", "content": "草草草"}, {"uid": "3651311", "content": "kandle("}, {"uid": "10159973", "content": "草"}, {"uid": "10518197", "content": "sososo"}, {"uid": "194175206", "content": "会被抓进精神病院的（"}, {"uid": "10947551", "content": "草"}, {"uid": "305617742", "content": "草"}, {"uid": "12589975", "content": "出个团子装饰还挺不错"}, {"uid": "56595", "content": "？？？"}, {"uid": "6221030", "content": "www"}, {"uid": "2290738", "content": "草"}, {"uid": "11344630", "content": "草"}, {"uid": "488206434", "content": "草"}, {"uid": "351975302", "content": "草"}, {"uid": "351975302", "content": "草"}, {"uid": "195663725", "content": "草"}, {"uid": "22421009", "content": "首办2333"}, {"uid": "217797936", "content": "找到了和帕里贴贴的新思路"}, {"uid": "36769691", "content": "确实"}, {"uid": "305617742", "content": "不愧是你"}, {"uid": "33935601", "content": "草"}, {"uid": "262284680", "content": "草"}, {"uid": "9089370", "content": "草"}, {"uid": "30860563", "content": "草"}, {"uid": "24213285", "content": "草"}, {"uid": "2707746", "content": "草"}, {"uid": "39662", "content": "草"}, {"uid": "401099828", "content": "草"}, {"uid": "482842353", "content": "草"}, {"uid": "334926483", "content": "草"}, {"uid": "194175206", "content": "太怪了"}, {"uid": "10947551", "content": "这不买爆？"}, {"uid": "2203831", "content": "草"}, {"uid": "326981983", "content": "草"}, {"uid": "12129539", "content": "那么哪里才能买到呢"}, {"uid": "56595", "content": "草"}, {"uid": "440900688", "content": "草"}, {"uid": "294464633", "content": "推销起来了"}, {"uid": "71993", "content": "好活"}, {"uid": "23001624", "content": "草"}, {"uid": "10945629", "content": "太哈人了"}, {"uid": "3168569", "content": "买爆"}, {"uid": "493627762", "content": "草"}, {"uid": "3844363", "content": "草"}, {"uid": "10826451", "content": "草"}, {"uid": "544972", "content": "草"}, {"uid": "56957", "content": "iPad"}, {"uid": "2629851", "content": "草"}, {"uid": "36769691", "content": "草"}, {"uid": "5189501", "content": "kindle（"}, {"uid": "32423963", "content": "草"}, {"uid": "360189560", "content": "草"}, {"uid": "694641688", "content": "草"}, {"uid": "487279", "content": "草"}, {"uid": "49674977", "content": "草"}, {"uid": "2389349", "content": "草"}, {"uid": "23001624", "content": "笑死"}, {"uid": "3168569", "content": "买爆！"}, {"uid": "334926483", "content": "？？？？"}, {"uid": "10826451", "content": "好活"}, {"uid": "13275281", "content": "会呢"}, {"uid": "113654724", "content": "草"}, {"uid": "194175206", "content": "wwww"}, {"uid": "695183725", "content": "ないわー"}, {"uid": "36118032", "content": "草"}, {"uid": "14505577", "content": "草"}, {"uid": "190085081", "content": "草"}, {"uid": "4912018", "content": "草"}, {"uid": "291031618", "content": "草"}, {"uid": "13594081", "content": "首办草"}, {"uid": "11491610", "content": "草"}, {"uid": "2149006", "content": "草"}, {"uid": "21125816", "content": "首办还行"}, {"uid": "11284853", "content": "草"}, {"uid": "28954108", "content": "便利"}, {"uid": "8648597", "content": "草"}, {"uid": "482842353", "content": "会吧？"}, {"uid": "3844363", "content": "kindle"}, {"uid": "285826982", "content": "草"}, {"uid": "2245028", "content": "草"}, {"uid": "29657893", "content": "草"}, {"uid": "2629851", "content": "草"}, {"uid": "36769691", "content": "草"}, {"uid": "470952496", "content": "草"}, {"uid": "115651", "content": "草"}, {"uid": "37214925", "content": "草"}, {"uid": "23001624", "content": "古尔丹是吧"}, {"uid": "355015489", "content": "sodayo"}, {"uid": "9111145", "content": "草"}, {"uid": "482842353", "content": "草"}, {"uid": "285826982", "content": "草"}, {"uid": "75379", "content": "？？？"}, {"uid": "2629851", "content": "草"}, {"uid": "326981983", "content": "草"}, {"uid": "2163611", "content": "草"}, {"uid": "230337405", "content": "草"}, {"uid": "102584891", "content": "草"}, {"uid": "417662", "content": "草"}, {"uid": "82569222", "content": "草"}, {"uid": "442250487", "content": "没有"}, {"uid": "9824302", "content": "草"}, {"uid": "70308482", "content": "草"}, {"uid": "20680", "content": "？"}, {"uid": "194175206", "content": "草"}, {"uid": "8058782", "content": "草"}, {"uid": "1872542", "content": "草"}, {"uid": "9824302", "content": "草"}, {"uid": "10778462", "content": "？？？？"}, {"uid": "37913832", "content": "古   尔   丹   之   颅"}]