[{"uid": "737724", "content": "声音这么小还想爱?"}, {"uid": "737724", "content": "你好温柔"}, {"uid": "737724", "content": "这病的不轻,爱的太沉重了罢"}, {"uid": "1433095", "content": "kksk"}, {"uid": "430099272", "content": "草，3都这么高"}, {"uid": "432135", "content": "快跑！"}, {"uid": "10733398", "content": "我还以为我的真的一瞬间聋了"}, {"uid": "470128546", "content": "-3-"}, {"uid": "470128546", "content": "谢谢打钱好可爱"}, {"uid": "236973", "content": "企业级理解"}, {"uid": "21170", "content": "夜晚我的超人"}, {"uid": "143124393", "content": "虚 晃 一 枪"}, {"uid": "143124393", "content": "大 地 球 急 停"}, {"uid": "6664981", "content": "感觉像是空袭来了，伏仆前进了，却告诉我是演习"}, {"uid": "20101180", "content": "警 觉"}, {"uid": "67778694", "content": "打断施法"}, {"uid": "17784911", "content": "哈哈哈哈哈哈"}, {"uid": "170204766", "content": "害怕"}, {"uid": "170204766", "content": "？"}, {"uid": "22184176", "content": "30，谢谢你"}, {"uid": "3651311", "content": "宝，你好可爱"}, {"uid": "3651311", "content": "宝，你好温柔"}, {"uid": "291031618", "content": "O_-"}, {"uid": "246633442", "content": "草，原来你早就准备好了"}, {"uid": "7607529", "content": "你好温柔30"}, {"uid": "112776970", "content": "快跑啊！她可是冥界女王啊，会把我们一波带走的！"}, {"uid": "112776970", "content": "千万别学猫猫！！！2333"}, {"uid": "2758221", "content": "我突然听不见声了，各位有什么头绪吗"}, {"uid": "327388057", "content": "声音还是大了"}, {"uid": "38000529", "content": "宝是你守护了大家的耳朵吗你好温柔"}, {"uid": "480362513", "content": "前 方 低 能"}, {"uid": "480362513", "content": "草  别学这个，嗓子受不住"}, {"uid": "75040882", "content": "30，你好温柔"}, {"uid": "2178366", "content": "别别别你已经很优秀了"}, {"uid": "3970880", "content": "你刚突然大声我还说赶紧调小声，结果你又徐晃"}, {"uid": "89543", "content": "橘猫破喉咙"}, {"uid": "1464060", "content": "待机没用，声波来的更快"}, {"uid": "89543", "content": "啾啾猫猫"}, {"uid": "13455418", "content": "梅开二度"}, {"uid": "423338401", "content": "《我们一起学猫叫》"}, {"uid": "3519756", "content": "你学个锤子啊"}, {"uid": "93557384", "content": "不要学啊"}, {"uid": "194175206", "content": "你学到了个锤子！！"}, {"uid": "194175206", "content": "完全学歪了"}, {"uid": "11625907", "content": "想到结果了"}, {"uid": "694492738", "content": "寸       止"}, {"uid": "88025177", "content": "30，我的温柔女王"}, {"uid": "18741474", "content": "草 不愧是宝"}, {"uid": "590223", "content": "你那海豚音一下就把我们整没了"}, {"uid": "88025177", "content": "微妙"}, {"uid": "2424237", "content": "你别学着学着就超越了啊宝"}, {"uid": "40613413", "content": "好勇呀"}, {"uid": "600274002", "content": "草！！！！！！！！！！！！"}, {"uid": "600274002", "content": "危"}, {"uid": "418025", "content": "30，你好善良"}, {"uid": "418025", "content": "不是每个人都能学猫叫"}, {"uid": "437417502", "content": "kksk"}, {"uid": "243971358", "content": "草，拉到3都挺大声"}, {"uid": "2004764", "content": "“Serena姐姐，同样的招数无法对冥界女王使用两次”——30"}, {"uid": "297679665", "content": "你学个锤子学"}, {"uid": "45512609", "content": "这么小的声还想开军舰？！"}, {"uid": "297679665", "content": "要来力！"}, {"uid": "21020487", "content": "宝，感觉你痰要出来了"}, {"uid": "44512795", "content": "30，你好温柔"}, {"uid": "12208925", "content": "小声好可爱！"}, {"uid": "7577621", "content": "哈哈哈哈哈哈哈"}, {"uid": "7577621", "content": "哈哈哈你好温柔"}, {"uid": "99453925", "content": "我音量都拉满了你就让我听这个？"}, {"uid": "5718643", "content": "30你好温柔"}, {"uid": "6602257", "content": "总能给我整出新花样"}, {"uid": "5718643", "content": "这孩子不会想第一段骗音量 第二段直接暴击吧（细思恐极）"}, {"uid": "2109984", "content": "草，但你Serena姐姐只是只猫"}, {"uid": "5718643", "content": "草 打断施法"}, {"uid": "20035369", "content": "这么小声还想当VTB，重来！"}, {"uid": "2178186", "content": "草"}, {"uid": "130958", "content": "奥术魔刃?"}, {"uid": "291754035", "content": "我才不会被骗，？？草，我被骗了。"}, {"uid": "14293639", "content": "可爱"}, {"uid": "1739853", "content": "没有精神"}, {"uid": "10778462", "content": "等 错 了"}, {"uid": "1858404199", "content": "kkksk"}, {"uid": "6486338", "content": "没吃饭是不是"}, {"uid": "6486338", "content": "提前调小音量"}, {"uid": "41231115", "content": "瞧把孩子吓得"}, {"uid": "12505763", "content": "声微，饭否"}, {"uid": "348464383", "content": "哈哈哈哈哈哈音量调最小"}, {"uid": "348464383", "content": "害怕，提前调小音量（）"}, {"uid": "85317680", "content": "要 来 了"}, {"uid": "131962", "content": "我聋了？"}, {"uid": "68021351", "content": "非静止画面"}, {"uid": "8648597", "content": "你学到啥了"}, {"uid": "440900688", "content": "不愧是你"}, {"uid": "305072215", "content": "等等，我先去那备用耳朵"}, {"uid": "75040882", "content": "信我！调大音量！"}, {"uid": "394620", "content": "我真的 她怎么 我哭死"}, {"uid": "25392714", "content": "音量逐渐减小"}, {"uid": "1808632", "content": "宝，你好温柔"}, {"uid": "17007081", "content": "学猫叫"}, {"uid": "28755431", "content": "深吸一口气深吸一口气"}, {"uid": "112776970", "content": "我都小声了2333"}, {"uid": "405142", "content": "30，你好溫柔！"}, {"uid": "151368", "content": "经过盖亚的特训，这算得了什么"}, {"uid": "49531935", "content": "帮我们把音量拉小了，你还温柔"}, {"uid": "216412", "content": "30你好温柔"}, {"uid": "216412", "content": "大地球急停"}, {"uid": "7577621", "content": "草，瑟瑟发抖"}, {"uid": "327623", "content": "打断施法"}, {"uid": "6602257", "content": "不愧是你"}, {"uid": "14293639", "content": "猫猫大叫"}, {"uid": "1739853", "content": "虚晃一枪"}, {"uid": "668800", "content": "你学到了什么啊！"}, {"uid": "668800", "content": "虚 晃 一 枪"}, {"uid": "1821770", "content": "是让你不要学啊啊啊啊"}, {"uid": "49776249", "content": "音量拉满了"}, {"uid": "32408541", "content": "打断施法"}, {"uid": "28275", "content": "等等是猫猫！"}, {"uid": "3078826", "content": "30这是节目效果之神哈哈哈哈真的是素人投奔帕里吗哈哈哈哈哈"}, {"uid": "354624", "content": "30你好亚撒西"}, {"uid": "287379979", "content": "前排出售耳膜"}, {"uid": "8544751", "content": "谢谢你，30"}, {"uid": "131530", "content": "病名为耳膜撕裂"}, {"uid": "432135", "content": "你别学！！！"}, {"uid": "319720", "content": "打断施法"}, {"uid": "511011949", "content": "学猫叫"}, {"uid": "17784911", "content": "反应好快"}, {"uid": "6187025", "content": "谢谢你30"}, {"uid": "32687510", "content": "谢谢你，30"}, {"uid": "22863629", "content": "yamero！！"}, {"uid": "6760836", "content": "yamero"}, {"uid": "112776970", "content": "yamero！！！！"}, {"uid": "907844", "content": "病名为失聪"}, {"uid": "1873796", "content": "谢谢你30"}, {"uid": "13455418", "content": "虚晃一枪"}, {"uid": "429737535", "content": "大地球急停"}, {"uid": "833342", "content": "别学，千万别学"}, {"uid": "36769691", "content": "我超勇的"}, {"uid": "590223", "content": "谢谢你30"}, {"uid": "590223", "content": "您饶了我们吧？"}, {"uid": "88025177", "content": "微妙"}, {"uid": "1597017", "content": "你别学啊！！！"}, {"uid": "131478", "content": "千万不要学猫猫"}, {"uid": "1932262", "content": "你好温柔"}, {"uid": "309027183", "content": "还没 等会才聋"}, {"uid": "7828677", "content": "要 来 了"}, {"uid": "21192835", "content": "30你好温柔"}, {"uid": "21192835", "content": "战术打断"}, {"uid": "21550586", "content": "鼠标随时在音量处待机"}, {"uid": "487279", "content": "30，你好温柔"}, {"uid": "517422766", "content": "带耳机，音量拉满"}, {"uid": "8648597", "content": "有备而来"}, {"uid": "432135", "content": "宝 亚撒西"}, {"uid": "432135", "content": "窝草"}, {"uid": "27841213", "content": "她懂了"}, {"uid": "305072215", "content": "吓死我了"}, {"uid": "163633", "content": "hhh"}, {"uid": "357274793", "content": "可爱女王"}, {"uid": "41767058", "content": "谢谢你 30"}, {"uid": "773126", "content": "yamero"}, {"uid": "22184176", "content": "？别学"}, {"uid": "351975302", "content": "谢谢你，30"}, {"uid": "351975302", "content": "寸止草"}, {"uid": "32423963", "content": "危"}, {"uid": "48350017", "content": "蚌埠住了"}, {"uid": "228462", "content": "谢谢你30"}, {"uid": "37498399", "content": "要 来 了"}, {"uid": "93557384", "content": "谢谢你，30"}, {"uid": "194175206", "content": "爆破开始"}, {"uid": "391254279", "content": "谢谢你，30"}, {"uid": "23153039", "content": "草，别学啊"}, {"uid": "418025", "content": "急刹车"}, {"uid": "5718643", "content": "谢谢你30"}, {"uid": "91797693", "content": "还是30やさし啊"}, {"uid": "31498", "content": "她防住了"}, {"uid": "6221030", "content": "？？？？？？"}, {"uid": "4912018", "content": "草"}, {"uid": "26631631", "content": "反应很快"}, {"uid": "440900688", "content": "宝啊，这可不兴学啊，学多了嗓子疼"}, {"uid": "404353327", "content": "谢谢你，30"}, {"uid": "10314148", "content": "？？？？？？？？？"}, {"uid": "22184176", "content": "谢谢你"}, {"uid": "22863629", "content": "太多冲击"}, {"uid": "22863629", "content": "哈哈哈哈哈哈哈哈"}, {"uid": "85999950", "content": "？？？"}, {"uid": "383126698", "content": "谢谢你30"}, {"uid": "429737535", "content": "谢谢你 30"}, {"uid": "194175206", "content": "声微饭否"}, {"uid": "525207", "content": "大地球急停"}, {"uid": "600274002", "content": "草！！！！"}, {"uid": "600274002", "content": "yamero!!!!!!!"}, {"uid": "437417502", "content": "谢谢你，30"}, {"uid": "418025", "content": "那个要来了"}, {"uid": "418025", "content": "音量处随时待机草"}, {"uid": "297679665", "content": "草"}, {"uid": "19784544", "content": "谢谢你 30"}, {"uid": "14293639", "content": "kksk"}, {"uid": "1739853", "content": "草"}, {"uid": "6486338", "content": "虚晃一枪"}, {"uid": "379288971", "content": "危！"}, {"uid": "245168353", "content": "30是真的勇"}, {"uid": "430099272", "content": "草"}, {"uid": "27228190", "content": "前方高能"}, {"uid": "432135", "content": "快逃！"}, {"uid": "670021157", "content": "你是个好人"}, {"uid": "184752", "content": "已经调小音量了"}, {"uid": "353746155", "content": "打断施法"}, {"uid": "8422", "content": "the world"}, {"uid": "17784911", "content": "草"}, {"uid": "17784911", "content": "音量注意"}, {"uid": "41767058", "content": "谢谢你"}, {"uid": "403452", "content": "这小表情"}, {"uid": "22863629", "content": "可爱"}, {"uid": "1651709806", "content": "谢谢你，30"}, {"uid": "442581629", "content": "要来了"}, {"uid": "5365941", "content": "0o0"}, {"uid": "32423963", "content": "yamero！"}, {"uid": "67655543", "content": "草0."}, {"uid": "349229621", "content": "妙哉"}, {"uid": "37498399", "content": "kksk"}, {"uid": "590223", "content": "要来了"}, {"uid": "92141719", "content": "根本听不见！"}, {"uid": "600274002", "content": "？？？？？？？"}, {"uid": "418025", "content": "草"}, {"uid": "418025", "content": "有备而来"}, {"uid": "12208925", "content": "你可别了"}, {"uid": "99453925", "content": "？？？？？？？？"}, {"uid": "356023188", "content": "？？？"}, {"uid": "21896921", "content": "kksk"}, {"uid": "1932262", "content": "危"}, {"uid": "131391165", "content": "震撼30"}, {"uid": "19784544", "content": "谢谢你 30"}, {"uid": "10836463", "content": "爱不出来"}, {"uid": "369310006", "content": "斯哈斯哈"}, {"uid": "1858404199", "content": "30suki"}, {"uid": "11889844", "content": "kksk"}, {"uid": "487279", "content": "草"}, {"uid": "131962", "content": "要来了"}, {"uid": "627175230", "content": "草"}, {"uid": "354624", "content": "太草了"}, {"uid": "5773287", "content": "卡住了"}, {"uid": "236973", "content": "草"}, {"uid": "236973", "content": "很专注嘛"}, {"uid": "11453613", "content": "亚撒西的30"}, {"uid": "474316513", "content": "草"}, {"uid": "17784911", "content": "草"}, {"uid": "22863629", "content": "危"}, {"uid": "1580112", "content": "要来了"}, {"uid": "351975302", "content": "kksk"}, {"uid": "351975302", "content": "kks"}, {"uid": "351975302", "content": "？？？？？"}, {"uid": "2758221", "content": "谢谢30"}, {"uid": "38000529", "content": "草"}, {"uid": "67655543", "content": "快跑！"}, {"uid": "67655543", "content": "草."}, {"uid": "67655543", "content": "草"}, {"uid": "430100906", "content": "草"}, {"uid": "194175206", "content": "？？？"}, {"uid": "194175206", "content": "ww"}, {"uid": "36769691", "content": "好耶"}, {"uid": "677020343", "content": "我才 刚换的耳膜"}, {"uid": "9564193", "content": "草"}, {"uid": "297679665", "content": "？"}, {"uid": "12208925", "content": "no"}, {"uid": "9190626", "content": "草"}, {"uid": "21550586", "content": "3...."}, {"uid": "11960415", "content": "大的要来了"}, {"uid": "500703005", "content": "害怕"}, {"uid": "3020373", "content": "草"}, {"uid": "245168353", "content": "草"}, {"uid": "19028270", "content": "kksk"}, {"uid": "354624", "content": "草"}, {"uid": "334926483", "content": "草"}, {"uid": "8075595", "content": "这？。。"}, {"uid": "10049572", "content": "草"}, {"uid": "2253671", "content": "音量注意"}, {"uid": "376102605", "content": "草"}, {"uid": "6455994", "content": "危"}, {"uid": "1302850", "content": "草"}, {"uid": "67655543", "content": "不要啊啊"}, {"uid": "37985350", "content": "净不学好"}, {"uid": "194175206", "content": "草"}, {"uid": "9028227", "content": "??????????"}, {"uid": "36769691", "content": "草"}, {"uid": "8021583", "content": "草"}, {"uid": "4433912", "content": "可爱"}, {"uid": "92141719", "content": "草"}, {"uid": "600274002", "content": "我超勇的"}, {"uid": "613858", "content": "??????"}, {"uid": "13930173", "content": "危"}, {"uid": "35953765", "content": "白等了"}, {"uid": "20948774", "content": "危"}, {"uid": "87712480", "content": "？？？"}, {"uid": "14293639", "content": "？？？"}, {"uid": "369310006", "content": "草"}, {"uid": "65272457", "content": "草"}, {"uid": "441344288", "content": "草"}, {"uid": "245168353", "content": "草"}, {"uid": "11795853", "content": "？？？"}, {"uid": "3078826", "content": "哈哈哈哈"}, {"uid": "430099272", "content": "mute"}, {"uid": "411946345", "content": "草"}, {"uid": "574862", "content": "草"}, {"uid": "286659008", "content": "???"}, {"uid": "106305855", "content": "+"}, {"uid": "294152", "content": "草"}, {"uid": "10474818", "content": "前方音量过小，请调大音量"}, {"uid": "18893076", "content": "没吃饭吗？"}, {"uid": "23001624", "content": "？？"}, {"uid": "217797936", "content": "草"}, {"uid": "194175206", "content": "草"}, {"uid": "36769691", "content": "草"}, {"uid": "7607529", "content": "不是"}, {"uid": "11491610", "content": "草"}, {"uid": "437417502", "content": "no"}, {"uid": "297679665", "content": "没有精神！"}, {"uid": "2109984", "content": "草"}, {"uid": "245686433", "content": "？"}, {"uid": "91797693", "content": "kksk"}, {"uid": "20035369", "content": "没有精神！"}, {"uid": "30514029", "content": "害怕"}, {"uid": "13551973", "content": "???"}, {"uid": "54724", "content": "你懂了，没完全懂"}, {"uid": "369310006", "content": "草"}, {"uid": "369310006", "content": "草"}, {"uid": "1858404199", "content": "kksk"}, {"uid": "266163123", "content": "草"}, {"uid": "39212142", "content": "我声音都调小了你就这个？没有劲！没有精神！"}, {"uid": "245168353", "content": "？？？"}, {"uid": "8227407", "content": "要发病了"}, {"uid": "1580112", "content": "？？？妹啊，你到底行不行啊"}, {"uid": "11887978", "content": "没有精神"}, {"uid": "194175206", "content": "砸挖了多"}, {"uid": "8021583", "content": "wwwww"}, {"uid": "266255540", "content": "别别别"}, {"uid": "437417502", "content": "别呀"}, {"uid": "16586347", "content": "草"}, {"uid": "131391165", "content": "危"}, {"uid": "21550586", "content": "不不不"}, {"uid": "19004116", "content": "草"}, {"uid": "179429919", "content": "草"}, {"uid": "35641505", "content": "草"}, {"uid": "245168353", "content": "这么没精神 "}, {"uid": "85317680", "content": "没有精神！"}, {"uid": "106305855", "content": "+++++++++++++++++++++++++++++"}, {"uid": "106305855", "content": "+++++++++++++++++++++"}, {"uid": "151368", "content": "就这？"}]