[{"uid": "8648597", "content": "\\30/\\30/\\30/"}, {"uid": "574345", "content": "好可爱的30"}, {"uid": "10945629", "content": "30发音这么好啊"}, {"uid": "2629851", "content": "awsl"}, {"uid": "2629851", "content": "她真可爱"}, {"uid": "37270891", "content": "字正腔圆"}, {"uid": "17480001", "content": "awsl"}, {"uid": "7438473", "content": "8888888"}, {"uid": "11843907", "content": "kksk"}, {"uid": "35950363", "content": "第一次发现30的中文如此标准"}, {"uid": "1909545", "content": "锤语：女煮饺"}, {"uid": "22363074", "content": "论孩子正常的时候有多可爱"}, {"uid": "499880463", "content": "你的外表和歌声是我此生永不变的理想，唯我暗妃鲁咪蕾永世长存"}, {"uid": "499880463", "content": "你的外表和歌声是我此生永不变的理想，唯我暗妃鲁咪蕾永世长存"}, {"uid": "89543", "content": "太可爱了 抱回家"}, {"uid": "89543", "content": "咪雷真可爱"}, {"uid": "649551", "content": "呜呜呜呜呜超可爱啊"}, {"uid": "32582570", "content": "字正腔圆"}, {"uid": "32582570", "content": "字正腔圆"}, {"uid": "457326", "content": "暴击"}, {"uid": "285226", "content": "真可爱"}, {"uid": "30514029", "content": "小奶猫(〜￣▽￣)〜"}, {"uid": "86963067", "content": "学的好好！"}, {"uid": "13275281", "content": "太可爱了"}, {"uid": "28704270", "content": "学成了。。"}, {"uid": "482434839", "content": "k"}, {"uid": "431234601", "content": "字正腔圆"}, {"uid": "544299387", "content": "kksk"}, {"uid": "3168569", "content": "30303"}, {"uid": "326981983", "content": "awsl"}, {"uid": "212101", "content": "kksk "}, {"uid": "1645810", "content": "kksk"}, {"uid": "499880463", "content": "你的外表和歌声是我此生永不变的理想，唯我暗妃鲁咪蕾永世长存"}, {"uid": "11927551", "content": "孩子终于正常一点了"}, {"uid": "34703702", "content": "我就知道她得整活"}, {"uid": "89543", "content": "可爱"}, {"uid": "874234", "content": "很难不gachi"}, {"uid": "28275", "content": "喵"}, {"uid": "553697", "content": "温柔的~~"}, {"uid": "1808632", "content": "ohhhhhhhhhhhhh"}, {"uid": "30982451", "content": "ohhhhh"}, {"uid": "33935601", "content": "awsl"}, {"uid": "12174612", "content": "太标准了"}, {"uid": "1406025", "content": "3连了"}, {"uid": "20228958", "content": "awsl"}, {"uid": "495093707", "content": "kksk"}, {"uid": "25438232", "content": "awsl"}, {"uid": "431234601", "content": "哇哦"}, {"uid": "38862493", "content": "awsl"}, {"uid": "495093707", "content": "kksk"}, {"uid": "2203831", "content": "喵喵喵喵喵的30可爱"}, {"uid": "544972", "content": "可爱"}, {"uid": "212101", "content": "好标准"}, {"uid": "9872808", "content": "可爱"}, {"uid": "20680", "content": "可爱"}, {"uid": "4040911", "content": "AWSL"}, {"uid": "1591623", "content": "我又好了"}, {"uid": "431234601", "content": "啾啾猫猫"}, {"uid": "1434386", "content": "可爱"}, {"uid": "411563011", "content": "女猪脚"}, {"uid": "350808009", "content": "awsl"}, {"uid": "29063382", "content": "awsl"}, {"uid": "2629851", "content": "kksk"}, {"uid": "88450629", "content": "可爱"}, {"uid": "260187081", "content": "kksk"}, {"uid": "194175206", "content": "awsl"}, {"uid": "8284532", "content": "30妹妹Kawaiiiiiiiiiiii!!!!!!!"}, {"uid": "9872808", "content": "jio"}, {"uid": "10778462", "content": "啾啾"}, {"uid": "470952496", "content": "kksk"}, {"uid": "544299387", "content": "上手"}, {"uid": "1808632", "content": "awsl"}, {"uid": "1591623", "content": "awsl"}, {"uid": "10057535", "content": "热乎"}, {"uid": "113654724", "content": "awsl"}, {"uid": "5785365", "content": "awsl"}, {"uid": "544972", "content": "awsl"}, {"uid": "10491189", "content": "awsl"}, {"uid": "22363074", "content": "kawaii"}, {"uid": "404333864", "content": "女主脚"}, {"uid": "16052375", "content": "awsl"}, {"uid": "12348017", "content": "awsl"}]