[{"uid": "30332785", "content": "安详  （闭眼不想看这幅画面）"}, {"uid": "153338083", "content": "太惨力"}, {"uid": "4893114", "content": "表情草"}, {"uid": "480362513", "content": "同传正开心地在复制歌词 没想到30改词了"}, {"uid": "480362513", "content": "草这表情"}, {"uid": "33224269", "content": "唐突歌会"}, {"uid": "33224269", "content": "麻了"}, {"uid": "46252062", "content": "小眼神"}, {"uid": "20095870", "content": "弱小、可怜又无助"}, {"uid": "93547721", "content": "生无可恋   30"}, {"uid": "2178186", "content": "表情死了"}, {"uid": "2178186", "content": "哈哈哈"}, {"uid": "67778694", "content": "30：I can't breath"}, {"uid": "67778694", "content": "30：小丑竟是我自己"}, {"uid": "12947599", "content": "草"}, {"uid": "4468279", "content": "有英语也行"}, {"uid": "1915743556", "content": "改词才能真好，可以去和oto对决一下"}, {"uid": "13275281", "content": "惨哦哈哈哈哈"}, {"uid": "4057377", "content": "三人不行那就直接二人的吧"}, {"uid": "30735542", "content": "眼神，眼神死了"}, {"uid": "5582949", "content": "注入感情"}, {"uid": "4383405", "content": "草车底神曲"}, {"uid": "194175206", "content": "wwwww"}, {"uid": "194175206", "content": "蚌埠住了"}, {"uid": "7653623", "content": "虾仁还要猪心！！！"}, {"uid": "101962542", "content": "生无可恋的30好惨"}, {"uid": "283743875", "content": "哭腔"}, {"uid": "326981983", "content": "草"}, {"uid": "12180664", "content": "眼神失去高光"}, {"uid": "38000529", "content": "手打BV"}, {"uid": "401099828", "content": "十个泪目九个笑，还有一个在狂笑"}, {"uid": "401099828", "content": "草"}, {"uid": "401099828", "content": "转起来了"}, {"uid": "401099828", "content": "草"}, {"uid": "32905695", "content": "30：没眼看"}, {"uid": "248271737", "content": "可怜的好人"}, {"uid": "88154", "content": "草"}, {"uid": "23928217", "content": "转起来了"}, {"uid": "7991044", "content": "一脚油门"}, {"uid": "1371808", "content": "我不该在这里 我应该在车底"}, {"uid": "295583822", "content": "蚌埠住了"}, {"uid": "295583822", "content": "破防了"}, {"uid": "217797936", "content": "狂笑"}, {"uid": "45927838", "content": "惨 30 惨"}, {"uid": "13936795", "content": "泪目"}, {"uid": "13936795", "content": "0：？？"}, {"uid": "13936795", "content": "孩子被刀傻了"}, {"uid": "384796790", "content": "头又断了"}, {"uid": "434780627", "content": "生草"}, {"uid": "434780627", "content": "是已经死了的眼神"}, {"uid": "221612674", "content": "神tm抱头痛哭"}, {"uid": "676610", "content": "还带醒目特效"}, {"uid": "98559881", "content": "震撼30"}, {"uid": "85999950", "content": "伤害性极强"}, {"uid": "7577621", "content": "过于生草"}, {"uid": "7577621", "content": "失去了梦想.jpg"}, {"uid": "11960415", "content": "绷不住了"}, {"uid": "7577621", "content": "哭的很大声啊！"}, {"uid": "337487", "content": "呜呜呜"}, {"uid": "15509041", "content": "草"}, {"uid": "10474818", "content": "30=酸柠"}, {"uid": "30982451", "content": "哈哈哈哈"}, {"uid": "10826451", "content": "manano回吗"}, {"uid": "38107783", "content": "草"}, {"uid": "27657907", "content": "经典老番"}, {"uid": "434780627", "content": "太草了"}, {"uid": "16312917", "content": "转起来了"}, {"uid": "153338083", "content": "好可怕哦"}, {"uid": "602770583", "content": "眼神坏掉了"}, {"uid": "67778694", "content": "哈哈哈"}, {"uid": "67778694", "content": "承受了太多"}, {"uid": "5582949", "content": "只有mana的土味能击穿nano的防御"}, {"uid": "194175206", "content": "太多冲击"}, {"uid": "50711397", "content": "我闭上眼睛就是天黑"}, {"uid": "15939713", "content": "30整活yyds"}, {"uid": "401099828", "content": "转起来了"}, {"uid": "375996855", "content": "建议给普通话加上日语字幕，方便P家人巡回"}, {"uid": "859834", "content": "笑死我了"}, {"uid": "351975302", "content": "弔图一堆"}, {"uid": "1323379", "content": "开幕雷击"}, {"uid": "217797936", "content": "草是这个"}, {"uid": "434780627", "content": "好活啊"}, {"uid": "5718643", "content": "草 好活"}, {"uid": "105094517", "content": "30的眼神！"}, {"uid": "10826451", "content": "我错了。。。"}, {"uid": "32423963", "content": "草"}, {"uid": "286621735", "content": "太多冲击"}, {"uid": "15588298", "content": "草"}, {"uid": "419624288", "content": "去贴妹妹呀，反正都被帕里MC杀过"}, {"uid": "5718643", "content": "草"}, {"uid": "13944251", "content": "草"}, {"uid": "37498399", "content": "无眼看"}, {"uid": "4893114", "content": "草"}, {"uid": "30982451", "content": "好活"}, {"uid": "8422", "content": "30这表情..."}, {"uid": "88154", "content": "草"}, {"uid": "3265778", "content": "虾仁还要猪心？"}, {"uid": "85999950", "content": "开幕暴击！"}, {"uid": "15509041", "content": "草"}, {"uid": "67655543", "content": "开幕雷击"}, {"uid": "8648597", "content": "好土味wwwww"}, {"uid": "158229081", "content": "抱头痛哭"}, {"uid": "195663725", "content": "好活"}, {"uid": "2178186", "content": "草"}, {"uid": "2178186", "content": "草"}, {"uid": "334926483", "content": "草"}, {"uid": "122366604", "content": "草"}, {"uid": "267413102", "content": "草"}, {"uid": "7451126", "content": "30：什么也不想看"}, {"uid": "38274277", "content": "草草草"}, {"uid": "38274277", "content": "e_e"}, {"uid": "38274277", "content": "草"}, {"uid": "32905695", "content": "(눈_눈)"}, {"uid": "13892333", "content": "土味情话草"}, {"uid": "434780627", "content": "小丑竟是30"}, {"uid": "434780627", "content": "转起来了"}, {"uid": "434780627", "content": "已经心死了"}, {"uid": "434780627", "content": "草"}, {"uid": "434780627", "content": "开幕雷击"}, {"uid": "21199", "content": "太多冲击"}, {"uid": "49915678", "content": "眼神已经死了"}, {"uid": "16312917", "content": "草"}, {"uid": "11025420", "content": "草草草草"}, {"uid": "230337405", "content": "金木水火mana"}, {"uid": "195663725", "content": "开幕雷击"}, {"uid": "602770583", "content": "草阿"}, {"uid": "2424237", "content": "太多葱鸡"}, {"uid": "87688072", "content": "草"}, {"uid": "194175206", "content": "草"}, {"uid": "38381207", "content": "草"}, {"uid": "286621735", "content": "草"}, {"uid": "434780627", "content": "好活"}, {"uid": "5718643", "content": "草"}, {"uid": "10256519", "content": "可爱"}, {"uid": "7577621", "content": "眼神已经死了"}, {"uid": "11960415", "content": "30，我的30"}, {"uid": "18751506", "content": "妙"}, {"uid": "2178186", "content": "快跑啊"}, {"uid": "25255360", "content": "草"}, {"uid": "30982451", "content": "太多冲击"}, {"uid": "194175206", "content": "www"}, {"uid": "101962542", "content": "30"}, {"uid": "7713860", "content": "草"}, {"uid": "4792886", "content": "                                                                                  败犬"}, {"uid": "326981983", "content": "草"}, {"uid": "401099828", "content": "草"}, {"uid": "33327261", "content": "麻了"}, {"uid": "434780627", "content": "小丑"}, {"uid": "10135066", "content": "哦呀?"}, {"uid": "12317057", "content": "草"}, {"uid": "13275281", "content": "草"}, {"uid": "194175206", "content": "ww"}, {"uid": "194175206", "content": "wwww"}, {"uid": "114964846", "content": "啊啊啊啊啊啊啊"}, {"uid": "495673718", "content": "输麻了"}, {"uid": "30342074", "content": "草"}, {"uid": "434780627", "content": "30不想看了"}, {"uid": "10778462", "content": "为什么要给0岁孩子看这个"}, {"uid": "544972", "content": "草"}, {"uid": "14199490", "content": "草"}]