[{"uid": "13275281", "content": "哈哈哈哈哈哈"}, {"uid": "13275281", "content": "可爱"}, {"uid": "13275281", "content": "草"}, {"uid": "938551", "content": "突然意识到是从负数变为0"}, {"uid": "194175206", "content": "情绪失控到语言模块崩坏"}, {"uid": "194175206", "content": "www"}, {"uid": "194175206", "content": "你永远无法达到的真实（）"}, {"uid": "194175206", "content": "太多冲击"}, {"uid": "100732", "content": "太多冲击"}, {"uid": "1596728", "content": "「你是个好人」"}, {"uid": "1821770", "content": "每日任务1/1"}, {"uid": "1821770", "content": "睁一只眼闭一只眼"}, {"uid": "130563356", "content": "草"}, {"uid": "112776970", "content": "到现在还有打莱月的，真就忘不了莱月昂这名呗2333"}, {"uid": "13784559", "content": "暗妃鲁咪蕾姆"}, {"uid": "565180", "content": "草"}, {"uid": "40899320", "content": "太多冲击，我无法发声"}, {"uid": "212101", "content": "太多冲击"}, {"uid": "68555", "content": "三十酱"}, {"uid": "107122", "content": "原作有时是汉字有时是片假，对应异世界与现实世界"}, {"uid": "1334103", "content": "为什么会变成这样呢……第一次有了喜欢的人"}, {"uid": "38651533", "content": "困难模式"}, {"uid": "38651533", "content": "白狐社，Re滴神"}, {"uid": "38651533", "content": "一模一样"}, {"uid": "106531445", "content": "忘了自己名怎么写了doge"}, {"uid": "544972", "content": "啊这..."}, {"uid": "175530433", "content": "草"}, {"uid": "574345", "content": "草"}, {"uid": "5582949", "content": "发现了悲哀的事实"}, {"uid": "4014727", "content": "草，想模仿还要用前置技能"}, {"uid": "13792286", "content": "bon不jour了"}, {"uid": "252552936", "content": "草"}, {"uid": "11843907", "content": "又是这个BGM.太草了"}, {"uid": "38274277", "content": "草"}, {"uid": "391254279", "content": "太多冲击"}, {"uid": "38651533", "content": "这个BGM出现好多回了"}, {"uid": "194175206", "content": "草"}, {"uid": "22911008", "content": "哈哈哈  不会写可还行"}, {"uid": "68555", "content": "太多冲击"}, {"uid": "294464633", "content": "486竟是你自己"}, {"uid": "7244673", "content": "瞄准"}, {"uid": "322569054", "content": "太多衝擊"}, {"uid": "30982451", "content": "太多冲击"}, {"uid": "68021351", "content": "太多冲击"}, {"uid": "544972", "content": "草"}, {"uid": "388700862", "content": "草"}, {"uid": "10256519", "content": "666"}, {"uid": "30982451", "content": "太多冲击"}, {"uid": "8488421", "content": "菜月"}, {"uid": "10778462", "content": "好"}, {"uid": "28205495", "content": "3min热乎的！"}, {"uid": "76358929", "content": "0_o"}, {"uid": "212101", "content": "草"}, {"uid": "4130547", "content": "阿这"}]