[{"uid": "3659719", "content": "太草了"}, {"uid": "13001670", "content": "可能直播人少，但字幕组会切啊"}, {"uid": "574345", "content": "哈哈哈哈哈哈哈，太草了"}, {"uid": "6486338", "content": "熊孩子"}, {"uid": "501320013", "content": "草"}, {"uid": "334926483", "content": "草 哈哈哈哈哈哈"}, {"uid": "23134800", "content": "这个笑也太可爱了叭"}, {"uid": "2207090", "content": "精准迫害"}, {"uid": "6486338", "content": "这还不被斩首"}, {"uid": "6486338", "content": "这孩子幸灾乐祸"}, {"uid": "401099828", "content": "草"}, {"uid": "217797936", "content": "草"}, {"uid": "217797936", "content": "版本更新太快了"}, {"uid": "12187793", "content": "哈哈哈哈哈"}, {"uid": "194175206", "content": "好耀眼的颜色（"}, {"uid": "194175206", "content": "自我伤害啊"}, {"uid": "328422", "content": "绿叶伞……"}, {"uid": "5043517", "content": "建议字幕组把“原”改成“现”"}, {"uid": "180313117", "content": "太强了"}, {"uid": "11317118", "content": "绷不住了"}, {"uid": "2091174", "content": "（；へ：）"}, {"uid": "305617742", "content": "草"}, {"uid": "225339852", "content": "呀卡马戏哇"}, {"uid": "225339852", "content": "..."}, {"uid": "28662020", "content": "哈哈哈"}, {"uid": "5582949", "content": "图穷匕见"}, {"uid": "258613", "content": "一场不可思议的外遇"}, {"uid": "258613", "content": "一场不可思议的外遇"}, {"uid": "4150584", "content": "这孩子太强了"}, {"uid": "470522", "content": "草 强强剪辑"}, {"uid": "92901099", "content": "战术清嗓"}, {"uid": "14234348", "content": "听着听着泪就落下来了"}, {"uid": "35354722", "content": "提问：画面上有几个好人？"}, {"uid": "35354722", "content": "好人（指30"}, {"uid": "35354722", "content": "草今天听这首歌不是在迫害自己吗"}, {"uid": "10945629", "content": "草"}, {"uid": "45087547", "content": "在现场，笑死我了"}, {"uid": "45087547", "content": "幸灾乐祸"}, {"uid": "6520612", "content": "草"}, {"uid": "291031618", "content": "kksk"}, {"uid": "437220026", "content": "图 穷 匕 见"}, {"uid": "88025177", "content": "绷不住了"}, {"uid": "334926483", "content": "太皮了"}, {"uid": "334926483", "content": "好活儿"}, {"uid": "683473", "content": "哈哈哈哈哈"}, {"uid": "37498399", "content": "屑"}, {"uid": "37498399", "content": "草"}, {"uid": "6222255", "content": "熊孩子wwww"}, {"uid": "291031618", "content": "虽然没人看，可是不要忘了会切片啊"}, {"uid": "38865763", "content": "哈哈哈哈哈"}, {"uid": "457326", "content": "唱得有点可爱啊www"}, {"uid": "1164105590", "content": "牛批"}, {"uid": "3659719", "content": "不愧是你"}, {"uid": "3659719", "content": "草"}, {"uid": "44569825", "content": "太搞了"}, {"uid": "23134800", "content": "草哈哈哈哈哈"}, {"uid": "2207090", "content": "这才是你的目的吗？"}, {"uid": "401099828", "content": "绷不住了"}, {"uid": "179972398", "content": "草"}, {"uid": "12738614", "content": "太可爱了"}, {"uid": "2207090", "content": "你消息真灵通啊"}, {"uid": "29454431", "content": "哈哈哈哈哈"}, {"uid": "194175206", "content": "外遇www"}, {"uid": "20200533", "content": "班"}, {"uid": "240999265", "content": "那不就是备胎吗 "}, {"uid": "2178186", "content": "草"}, {"uid": "10256519", "content": "哈哈"}, {"uid": "10256519", "content": "hahah"}, {"uid": "12348017", "content": "草"}, {"uid": "16421103", "content": "草"}, {"uid": "22866390", "content": "有了贴贴就是不一样"}, {"uid": "22866390", "content": "绝活"}, {"uid": "116791", "content": "草"}, {"uid": "30982451", "content": "草"}, {"uid": "36769691", "content": "草"}, {"uid": "66960942", "content": "草"}, {"uid": "15588298", "content": "草"}, {"uid": "28954108", "content": "哈哈哈"}, {"uid": "33935601", "content": "草"}, {"uid": "88025177", "content": "草"}, {"uid": "334926483", "content": "草"}, {"uid": "385058580", "content": "你怎么跳 P家知道吗"}, {"uid": "401099828", "content": "草"}, {"uid": "2203831", "content": "草"}, {"uid": "194175206", "content": "wwwww"}, {"uid": "194175206", "content": "草"}, {"uid": "95271", "content": "草"}, {"uid": "5043517", "content": "不行了。我不忍心看下去了。字幕组怎么总是慢一步啊QAQ"}, {"uid": "786526", "content": "草"}, {"uid": "8943990", "content": "草"}, {"uid": "470522", "content": "草"}, {"uid": "179215596", "content": "草"}, {"uid": "6221030", "content": "草"}, {"uid": "101962542", "content": "666666"}, {"uid": "325181", "content": "草"}, {"uid": "35354722", "content": "草问心有愧"}, {"uid": "384796790", "content": "热乎"}, {"uid": "56595", "content": "草"}, {"uid": "22866390", "content": "带制作"}, {"uid": "24971901", "content": "草"}, {"uid": "474316513", "content": "草"}, {"uid": "3200922", "content": "www"}, {"uid": "385058580", "content": "疯狂背刺"}, {"uid": "6486338", "content": "绿的"}, {"uid": "2203831", "content": "草"}, {"uid": "2203831", "content": "？"}, {"uid": "21128558", "content": "草"}, {"uid": "194175206", "content": "草"}, {"uid": "28954108", "content": "草"}, {"uid": "266679665", "content": "呀卡吗洗"}, {"uid": "442250487", "content": "你也雨刮？"}, {"uid": "37498399", "content": "wwww"}, {"uid": "291031618", "content": "草"}, {"uid": "2310085", "content": "草"}, {"uid": "24971901", "content": "草"}, {"uid": "124003524", "content": "草"}, {"uid": "35208018", "content": "草"}, {"uid": "7690412", "content": "草"}, {"uid": "22866390", "content": "草"}, {"uid": "12630046", "content": "绝"}, {"uid": "19522252", "content": "草"}, {"uid": "1921751", "content": "草"}, {"uid": "194175206", "content": "www"}, {"uid": "13792286", "content": "草"}, {"uid": "2699074", "content": "www"}, {"uid": "10803083", "content": "草"}, {"uid": "21532255", "content": "草"}, {"uid": "255897367", "content": "草"}, {"uid": "2872996", "content": "草"}, {"uid": "41280198", "content": "hahaha"}, {"uid": "2966412", "content": "带制作"}, {"uid": "501320013", "content": "草"}, {"uid": "385058580", "content": "xswl"}, {"uid": "12700753", "content": "草"}, {"uid": "12955730", "content": "草"}, {"uid": "314512251", "content": "草wwwwwwwwwwwwww"}]