[{"uid": "21817346", "content": "一瞬间以为听到了海鸥的叫声"}, {"uid": "364751473", "content": "？？？？what happened？？？？"}, {"uid": "693944360", "content": "专业"}, {"uid": "27586015", "content": "草"}, {"uid": "27586015", "content": "口 嫌 体 正 直"}, {"uid": "700391572", "content": "其他V：hso 30：你是便秘了吗？"}, {"uid": "299081966", "content": "？？？"}, {"uid": "299081966", "content": "ovo"}, {"uid": "116467714", "content": "？"}, {"uid": "520826796", "content": "manano可还行"}, {"uid": "21192835", "content": "还是你会玩啊30"}, {"uid": "14293639", "content": "给30听愣了"}, {"uid": "14293639", "content": "屑起来了"}, {"uid": "645471253", "content": "这是我能免费看的吗"}, {"uid": "162461394", "content": "麻吉亚巴库内"}, {"uid": "558011", "content": "没有aria就拿我的凑合一下吧"}, {"uid": "373946678", "content": "我也想多听点"}, {"uid": "373946678", "content": "你怎么这么懂啊（滑稽）"}, {"uid": "52700307", "content": "? ? ?"}, {"uid": "52700307", "content": "姐姐大人~"}, {"uid": "52700307", "content": "咪蕾，我的快乐源泉"}, {"uid": "5031979", "content": "草"}, {"uid": "31955486", "content": "专业"}, {"uid": "1596732", "content": "？？？？？？"}, {"uid": "25789049", "content": "太懂了"}, {"uid": "337487", "content": "草"}, {"uid": "348502020", "content": "这个色小鬼"}, {"uid": "345624223", "content": "憋不住了（"}, {"uid": "28020815", "content": "草"}, {"uid": "3938997", "content": "今天的nano视频鉴赏就到此结束，下播了"}, {"uid": "25636", "content": "专业"}, {"uid": "351975302", "content": "？？？"}, {"uid": "12976826", "content": "ki kimomo"}, {"uid": "22363074", "content": "正 合 我 意"}, {"uid": "70561", "content": "听得出来，这里30是真的害怕了2333"}, {"uid": "2290738", "content": "草"}, {"uid": "166407177", "content": "？？？"}, {"uid": "166407177", "content": "你好会啊"}, {"uid": "784365", "content": "这也太专业了"}, {"uid": "32423963", "content": "草"}, {"uid": "7787601", "content": "小菜是吧"}, {"uid": "5138000", "content": "色小鬼"}, {"uid": "1838902", "content": "下回让nano把游戏声音关掉 嘿嘿嘿"}, {"uid": "9892542", "content": "NTR大神啊"}, {"uid": "3970880", "content": "你怎么这么熟练"}, {"uid": "3970880", "content": "30快把耳朵堵上，你还小，不能听这个"}, {"uid": "3970880", "content": "0 0"}, {"uid": "45087547", "content": "草草草"}, {"uid": "3651311", "content": "好家伙，现在两个女人都忘不掉了是吧"}, {"uid": "4231953", "content": "专业"}, {"uid": "6038651", "content": "0o0"}, {"uid": "3168569", "content": "hso"}, {"uid": "14632931", "content": "情感抑制模块绷不住了"}, {"uid": "36769691", "content": "不仅切出来了，还烤熟了"}, {"uid": "36769691", "content": "mua"}, {"uid": "1931345", "content": "懂了， 这就切片给nano看"}, {"uid": "1931345", "content": "草，太懂了"}, {"uid": "2629851", "content": "你可太懂了"}, {"uid": "3062824", "content": "草"}, {"uid": "546643", "content": "太草了吧"}, {"uid": "546643", "content": "?"}, {"uid": "1808632", "content": "已经切出来了，而且她还看了"}, {"uid": "1808632", "content": "草"}, {"uid": "2957833", "content": "东 施 效 颦"}, {"uid": "10256519", "content": "草"}, {"uid": "431778772", "content": "切片已经出了，等死吧（狗头）"}, {"uid": "431778772", "content": "草哈哈哈哈哈哈哈哈哈"}, {"uid": "1110906", "content": "..........."}, {"uid": "6188895", "content": "哈哈哈哈哈哈哈！！！！"}, {"uid": "286472323", "content": "草"}, {"uid": "7269129", "content": "草"}, {"uid": "112776970", "content": "你为什么笑得这么贱啊2333"}, {"uid": "18208014", "content": "她太会惹"}, {"uid": "18208014", "content": "没事，我也能涩"}, {"uid": "18208014", "content": "完了，她涩起来了"}, {"uid": "1915743556", "content": "涩小鬼！"}, {"uid": "28353073", "content": "草"}, {"uid": "241215341", "content": "？？？？"}, {"uid": "476554199", "content": "专业"}, {"uid": "88025177", "content": "？？？？"}, {"uid": "88025177", "content": "草"}, {"uid": "1361936", "content": "30你为什么这么懂啊"}, {"uid": "5795384", "content": "草"}, {"uid": "480362513", "content": "aria玩健身环hso"}, {"uid": "480362513", "content": "求生欲爆表"}, {"uid": "480362513", "content": "看把宝吓得"}, {"uid": "86918711", "content": "草。"}, {"uid": "5662342", "content": "？？？？？？"}, {"uid": "925980", "content": "绝了"}, {"uid": "1825150", "content": "✿ヽ(°▽°)ノ✿"}, {"uid": "3207714", "content": "[情绪不稳定]"}, {"uid": "3207714", "content": "带入nano 已经羞死了"}, {"uid": "23928217", "content": "？"}, {"uid": "1825150", "content": "草"}, {"uid": "25968061", "content": "交给你了！"}, {"uid": "25968061", "content": "草哈哈哈哈哈"}, {"uid": "22911008", "content": "极限一换一"}, {"uid": "22911008", "content": "哈哈哈哈"}, {"uid": "22911008", "content": "玩还是30会玩"}, {"uid": "22911008", "content": "瞬间兴奋了 哈哈哈"}, {"uid": "6221030", "content": "？？？？"}, {"uid": "8308058", "content": "太懂了"}, {"uid": "226009589", "content": "草"}, {"uid": "226009589", "content": "这不是很可爱吗"}, {"uid": "5773287", "content": "拍大腿"}, {"uid": "12208925", "content": "习惯性的想欺负nano但是心里已经是0宝的形状了"}, {"uid": "482434839", "content": "草"}, {"uid": "46252062", "content": "哈哈哈"}, {"uid": "10778462", "content": "？？？？？？？？？"}, {"uid": "298744227", "content": "泪目"}, {"uid": "4219371", "content": "这就是自己输了的原因"}, {"uid": "2961711", "content": "你别乱配音啊草！"}, {"uid": "93756174", "content": "好专业"}, {"uid": "430100906", "content": "？？？"}, {"uid": "21896921", "content": "？？？？？？？？？？"}, {"uid": "121243704", "content": "作为现场怪，在现场"}, {"uid": "39662", "content": "不对劲"}, {"uid": "121243704", "content": "（1/1）"}, {"uid": "180313117", "content": "色小鬼多来点"}, {"uid": "2874576", "content": "30你还是忘不了她"}, {"uid": "62498191", "content": "放这图也太怪了吧？"}, {"uid": "212101", "content": "求生欲极强"}, {"uid": "487279", "content": "草"}, {"uid": "408645838", "content": "0o0"}, {"uid": "232551011", "content": "草"}, {"uid": "408645838", "content": "看着nano却想着0宝"}, {"uid": "544972", "content": "你这..."}, {"uid": "40613413", "content": "说出心声了  草www"}, {"uid": "40100531", "content": "完  全  一  致"}, {"uid": "12850349", "content": "mua"}, {"uid": "12850349", "content": "OoO"}, {"uid": "37680383", "content": "nano是天然发出这种声音的，30你是学不来的("}, {"uid": "8648597", "content": "玩还是你会玩"}, {"uid": "53571040", "content": "好 30好兄弟！"}, {"uid": "17499117", "content": "拉不出来是吧w"}, {"uid": "291885623", "content": "你怎么这么懂呀"}, {"uid": "2629851", "content": "你可太懂了"}, {"uid": "323444608", "content": "这语气不是黑白狐吗（狗头）"}, {"uid": "337588", "content": "东施效颦"}, {"uid": "3970880", "content": "看着nano，心里却想着0，该买哪个股，你们知道了吧？"}, {"uid": "3651311", "content": "○软体不稳定"}, {"uid": "3168569", "content": "nano punch已经在路上了"}, {"uid": "3168569", "content": "谢谢你老任"}, {"uid": "546643", "content": "太草了"}, {"uid": "1915743556", "content": "臭小鬼www"}, {"uid": "88025177", "content": "交给你了，aibo"}, {"uid": "2924626", "content": "太屑了"}, {"uid": "22911008", "content": "不 是你比较奇怪"}, {"uid": "134896305", "content": "不愧是你"}, {"uid": "544972", "content": "你真懂啊"}, {"uid": "40100531", "content": "你好懂啊"}, {"uid": "232551011", "content": "色小鬼"}, {"uid": "37455019", "content": "耳膜爆破"}, {"uid": "490827406", "content": "好耶"}, {"uid": "2345310", "content": "谢谢任天堂"}, {"uid": "3657234", "content": "哈哈哈"}, {"uid": "8648597", "content": "谢谢你任天堂"}, {"uid": "520826796", "content": "斯哈思哈"}, {"uid": "14293639", "content": "新活预定"}, {"uid": "14293639", "content": "草"}, {"uid": "645471253", "content": "太懂了吧！"}, {"uid": "558011", "content": "30好兄弟，谢谢你"}, {"uid": "511181482", "content": "谢谢你，任天堂"}, {"uid": "2629851", "content": "色小鬼"}, {"uid": "347125292", "content": "草"}, {"uid": "2264478", "content": "勉强能涩"}, {"uid": "1619662", "content": "你还是忘不了她"}, {"uid": "21550586", "content": "啊，这"}, {"uid": "3970880", "content": "求生欲极强"}, {"uid": "3970880", "content": "草，好动"}, {"uid": "36769691", "content": "谢谢你，任天堂"}, {"uid": "36769691", "content": "色小鬼"}, {"uid": "1808632", "content": "你可真会玩"}, {"uid": "6188895", "content": "太坏了！！！"}, {"uid": "9271508", "content": "谢谢你，任天堂"}, {"uid": "37498399", "content": "哈哈哈哈哈哈"}, {"uid": "345426473", "content": "这何尝不是一种ntr"}, {"uid": "8308058", "content": "草"}, {"uid": "5773287", "content": "好！！好兄弟"}, {"uid": "105771", "content": "什么真心话www"}, {"uid": "1858404199", "content": "哈哈哈"}, {"uid": "197816147", "content": "草"}, {"uid": "96196916", "content": "古守怪叫（"}, {"uid": "1858404199", "content": "涩小鬼"}, {"uid": "212101", "content": "草"}, {"uid": "40613413", "content": "那只猫涩的很   涩小鬼玩不过她的 她专业对口呀"}, {"uid": "508998499", "content": "封面魔鬼"}, {"uid": "67778694", "content": "草"}, {"uid": "645471253", "content": "草"}, {"uid": "352174215", "content": "草"}, {"uid": "17703518", "content": "kimo"}, {"uid": "206908264", "content": "萌混过关"}, {"uid": "347125292", "content": "大实话"}, {"uid": "161856307", "content": "qs"}, {"uid": "161856307", "content": "草"}, {"uid": "334926483", "content": "太懂了"}, {"uid": "334926483", "content": "233333"}, {"uid": "414422", "content": "o_O"}, {"uid": "9892542", "content": "求胜欲极强"}, {"uid": "4989204", "content": "←要是你对0岁宝宝色起来了你就该进警局了"}, {"uid": "30132937", "content": "卡住的声音"}, {"uid": "28353073", "content": "闭眼新世界"}, {"uid": "1361936", "content": "完全色不起来啊 怎么办"}, {"uid": "25968061", "content": "？？？"}, {"uid": "25968061", "content": "真懂啊"}, {"uid": "13234278", "content": "色小鬼"}, {"uid": "198687504", "content": "摩多摩多"}, {"uid": "13001670", "content": "OoO"}, {"uid": "32818399", "content": "草"}, {"uid": "10137826", "content": "你果然还是忘不了她，看着人都能说漏嘴"}, {"uid": "212101", "content": "30好兄弟"}, {"uid": "286750", "content": "你也忘不了她？"}, {"uid": "34435038", "content": "色小鬼"}, {"uid": "364397883", "content": "拜托了，30好兄弟"}, {"uid": "35316646", "content": "草"}, {"uid": "645471253", "content": "？？？"}, {"uid": "4225009", "content": "30好兄弟！"}, {"uid": "179429919", "content": "？"}, {"uid": "434780627", "content": "色小鬼"}, {"uid": "436120258", "content": "草"}, {"uid": "36769691", "content": "awsl"}, {"uid": "86918711", "content": "草"}, {"uid": "925980", "content": "真有你的"}, {"uid": "11889844", "content": "看着nano想着0，屑小鬼"}, {"uid": "316966922", "content": "草"}, {"uid": "198687504", "content": "草"}, {"uid": "28275", "content": "我也很在意"}, {"uid": "197816147", "content": "草"}, {"uid": "21896921", "content": "色小鬼！！！"}, {"uid": "134896305", "content": "你还是忘不了她"}, {"uid": "70672", "content": "摩多摩多"}, {"uid": "26631", "content": "草"}, {"uid": "40613413", "content": "求生欲"}, {"uid": "544972", "content": "草..."}, {"uid": "2232769", "content": "色小鬼反应这么大ww"}, {"uid": "802107341", "content": "草"}, {"uid": "14293639", "content": "草"}, {"uid": "2178186", "content": "草"}, {"uid": "24847798", "content": "87"}, {"uid": "5031979", "content": "草"}, {"uid": "3690746", "content": "草草草"}, {"uid": "1596732", "content": "草，臭小鬼"}, {"uid": "334926483", "content": "nice"}, {"uid": "39204203", "content": "30色小鬼"}, {"uid": "7218098", "content": "草"}, {"uid": "7021272", "content": "色小鬼"}, {"uid": "11872189", "content": "\"凑合”"}, {"uid": "16541722", "content": "草"}, {"uid": "1838902", "content": "草"}, {"uid": "3970880", "content": "那不更好？"}, {"uid": "35488721", "content": "mua"}, {"uid": "45087547", "content": "草"}, {"uid": "3651311", "content": "谢谢你，30"}, {"uid": "6038651", "content": "草，你到底忘不了谁？"}, {"uid": "36769691", "content": "草"}, {"uid": "36769691", "content": "草"}, {"uid": "29420546", "content": "色小鬼"}, {"uid": "14713845", "content": "今天开始30是我大哥"}, {"uid": "1825150", "content": "sodane"}, {"uid": "198687504", "content": "0O0"}, {"uid": "4439854", "content": "来了"}, {"uid": "30514029", "content": "淦"}, {"uid": "574345", "content": "一起涩艾莉娅？"}, {"uid": "574345", "content": "色小鬼"}, {"uid": "16421103", "content": "草"}, {"uid": "27657907", "content": "专业"}, {"uid": "70672", "content": "？？？"}, {"uid": "180313117", "content": "裂开"}, {"uid": "40613413", "content": "你这就是告诉切片man快剪辑"}, {"uid": "77050834", "content": "说得对！！。。。不对不许涩nano！！"}, {"uid": "8151074", "content": "草"}, {"uid": "431333322", "content": "涩小鬼"}, {"uid": "350727660", "content": "李在赣神魔"}, {"uid": "520826796", "content": "草"}, {"uid": "67778694", "content": "色小鬼"}, {"uid": "645471253", "content": "太离谱了"}, {"uid": "5031979", "content": "草"}, {"uid": "7896115", "content": "真会整"}, {"uid": "25789049", "content": "草"}, {"uid": "334926483", "content": "草"}, {"uid": "23576276", "content": "草"}, {"uid": "31955486", "content": "专业"}, {"uid": "3168569", "content": "色小鬼"}, {"uid": "36769691", "content": "草"}, {"uid": "546643", "content": "？"}, {"uid": "8298552", "content": "色小鬼"}, {"uid": "12700753", "content": "？"}, {"uid": "88025177", "content": "0o0"}, {"uid": "1825150", "content": "拜托了！"}, {"uid": "22911008", "content": "草"}, {"uid": "1574139", "content": "草"}, {"uid": "8308058", "content": "草"}, {"uid": "30514029", "content": "草啊"}, {"uid": "30514029", "content": "涩小鬼"}, {"uid": "1858404199", "content": "草"}, {"uid": "1858404199", "content": "草ooo"}, {"uid": "2874576", "content": "色小鬼"}, {"uid": "544972", "content": "草 = ="}, {"uid": "544972", "content": "？？？"}, {"uid": "37455019", "content": "草好像"}, {"uid": "485709481", "content": "030贴贴！"}, {"uid": "40613413", "content": "涩小鬼"}, {"uid": "56595", "content": "OoO"}, {"uid": "453198753", "content": "草"}, {"uid": "40613413", "content": "色小鬼"}, {"uid": "693944360", "content": "色小鬼"}, {"uid": "802107341", "content": "草"}, {"uid": "520826796", "content": "草"}, {"uid": "11069977", "content": "0.o"}, {"uid": "6793712", "content": "草"}, {"uid": "14293639", "content": "草"}, {"uid": "645471253", "content": "？？？？？"}, {"uid": "347125292", "content": "草"}, {"uid": "17499117", "content": "谢谢你，30"}, {"uid": "52433747", "content": "确实做了"}, {"uid": "630303", "content": "草，30学得还挺像的"}, {"uid": "434780627", "content": "草"}, {"uid": "11872189", "content": "草"}, {"uid": "37766610", "content": "草"}, {"uid": "6038651", "content": "草"}, {"uid": "88025177", "content": "色小鬼"}, {"uid": "1825150", "content": "拜托了"}, {"uid": "13234278", "content": "草"}, {"uid": "8308058", "content": "好耶"}, {"uid": "13792286", "content": "草"}, {"uid": "21896921", "content": "？？"}, {"uid": "21896921", "content": "屑"}, {"uid": "40613413", "content": "很懂嘛   臭小鬼"}, {"uid": "212101", "content": "草"}, {"uid": "212101", "content": "色小鬼"}, {"uid": "453198753", "content": "草"}, {"uid": "34435038", "content": "色小鬼"}, {"uid": "520826796", "content": "草"}, {"uid": "8403689", "content": "hso"}, {"uid": "373946678", "content": "你好奇怪啊这"}, {"uid": "511181482", "content": "断手吧！"}, {"uid": "347125292", "content": "xswl"}, {"uid": "13275281", "content": "那还是算了"}, {"uid": "1596732", "content": "卧槽"}, {"uid": "334926483", "content": "？？？？？？？"}, {"uid": "1619662", "content": "草"}, {"uid": "557252", "content": "草"}, {"uid": "807315", "content": "草"}, {"uid": "36769691", "content": "色小鬼"}, {"uid": "36769691", "content": "确实"}, {"uid": "1361936", "content": "拜托了！30！"}, {"uid": "21143310", "content": "hso"}, {"uid": "25968061", "content": "草"}, {"uid": "4073161", "content": "草"}, {"uid": "198687504", "content": "草"}, {"uid": "30982451", "content": "色小鬼"}, {"uid": "30514029", "content": "草"}, {"uid": "482434839", "content": "1/1"}, {"uid": "32818399", "content": "草"}, {"uid": "1858404199", "content": "吧卟"}, {"uid": "408645838", "content": "草"}, {"uid": "212101", "content": "专业"}, {"uid": "544972", "content": "草"}, {"uid": "21128558", "content": "草"}, {"uid": "22416942", "content": "草"}, {"uid": "16586347", "content": "色小鬼"}, {"uid": "645471253", "content": "色小鬼"}, {"uid": "1858404199", "content": "1/1"}, {"uid": "351975302", "content": "草"}, {"uid": "351975302", "content": "草"}, {"uid": "9111377", "content": "えろがき"}, {"uid": "3207714", "content": "你为什么这么懂啊 为什么你总是要做我做过的事啊"}, {"uid": "30514029", "content": "曹操"}, {"uid": "12208925", "content": "030好耶"}, {"uid": "487279", "content": "色小鬼"}, {"uid": "453198753", "content": "草"}]