[{"uid": "431178194", "content": "下面有个毒液瞩目"}, {"uid": "3165318", "content": "众所皆知30的视频不用配乐"}, {"uid": "27631997", "content": "一次直播下来就是mmm和女王斗智斗勇"}, {"uid": "40088221", "content": "草"}, {"uid": "236549527", "content": "同款显示屏"}, {"uid": "121243704", "content": "当时极限拉扯笑死了"}, {"uid": "19124424", "content": "为什么还有个毒液"}, {"uid": "406078912", "content": "看到了，小胖手"}, {"uid": "15823004", "content": "nozomi"}, {"uid": "10778462", "content": "草 还贴心放大"}, {"uid": "288684418", "content": "这bgm一响，我DNA动了，圣京！"}, {"uid": "43077580", "content": "黑屏了草"}, {"uid": "946444", "content": "草"}, {"uid": "17499117", "content": "毕业吧，无慈悲"}, {"uid": "222626867", "content": "这是三轮车的声音"}, {"uid": "1464060", "content": "聪明的孩子"}, {"uid": "27631997", "content": "这都能给你们找出来啊"}, {"uid": "27631997", "content": "拉拉人激怒"}, {"uid": "295583822", "content": "麻烦不要把屏幕举过头顶来看"}, {"uid": "1361936", "content": "粉色的指甲"}, {"uid": "12754387", "content": "在？监控拆一下"}, {"uid": "12321065", "content": "还有这种挑战的吗"}, {"uid": "442250487", "content": "？？？？？"}, {"uid": "290304840", "content": "第一下笑声难不成是本音的吗"}, {"uid": "22992267", "content": "因为当时在现场，所以完全被时轴已故笑到了"}, {"uid": "6221030", "content": "debu的手！"}, {"uid": "194175206", "content": "耿鬼什么时候能站起来啊！气抖冷"}, {"uid": "352120003", "content": "这里可以看见手指了"}, {"uid": "217797936", "content": "看到一点点"}, {"uid": "217797936", "content": "mmm专业诈骗"}, {"uid": "60676559", "content": "笑死我了"}, {"uid": "230232", "content": "这个停顿就很灵性"}, {"uid": "11101454", "content": "臭小鬼别得意太久"}, {"uid": "25066697", "content": "上当了"}, {"uid": "88968514", "content": "开幕雷击"}, {"uid": "334926483", "content": "草还特意看了一眼"}, {"uid": "154093980", "content": "不要太过分了字幕组"}, {"uid": "17511044", "content": "听到本音了"}, {"uid": "626973414", "content": "好人！"}, {"uid": "2109984", "content": "她太会了"}, {"uid": "326919506", "content": "听到这个BGM我总是想到圣京"}, {"uid": "65353029", "content": "开幕雷击"}, {"uid": "266812299", "content": "草"}, {"uid": "436423516", "content": "？？？？"}, {"uid": "23562069", "content": "防出去了"}, {"uid": "43077580", "content": "？？？？我刚才听到什么了"}, {"uid": "405142", "content": "列文虎克是吧"}, {"uid": "21550586", "content": "哪啊？"}, {"uid": "480362513", "content": "还看了就离谱"}, {"uid": "27766502", "content": "臭30"}, {"uid": "2169040", "content": "看不见！！！！"}, {"uid": "55451350", "content": "屑"}, {"uid": "115981", "content": "上当了"}, {"uid": "194175206", "content": "wwwww"}, {"uid": "3384706", "content": "希厨震怒("}, {"uid": "217797936", "content": "好奇怪的p图啊"}, {"uid": "3156545", "content": "屑"}, {"uid": "36769691", "content": "好耶"}, {"uid": "27631997", "content": "小的要来了"}, {"uid": "112776970", "content": "这是东条希啊30，你在搞笑吗2333"}, {"uid": "6402603", "content": "她太稳健了呀"}, {"uid": "217797936", "content": "早有准备"}, {"uid": "8540678", "content": "结束了 全完了"}, {"uid": "266255540", "content": "嗯？"}, {"uid": "316966922", "content": "草"}, {"uid": "9043674", "content": "草"}, {"uid": "4678650", "content": "草"}, {"uid": "36769691", "content": "？我不信，除非让我看"}, {"uid": "8778050", "content": "草"}, {"uid": "194175206", "content": "套路失败了"}, {"uid": "5858424", "content": "太糊了"}, {"uid": "9043674", "content": "？？？"}, {"uid": "180327825", "content": "草"}, {"uid": "13747104", "content": "ん?"}, {"uid": "4675964", "content": "草"}, {"uid": "548598279", "content": "看见了！"}, {"uid": "27631997", "content": "草"}, {"uid": "21550586", "content": "？"}, {"uid": "2203831", "content": "看不到，指一下在哪里呗"}, {"uid": "228814122", "content": "赢了，赢了"}, {"uid": "194175206", "content": "屑小鬼"}, {"uid": "194175206", "content": "www"}, {"uid": "6793712", "content": "东条希？"}, {"uid": "235612269", "content": "列文虎克是吧"}, {"uid": "217797936", "content": "耿鬼倒了，强迫症看了很不舒服，可以扶一下吗"}, {"uid": "29257080", "content": "？？？？"}, {"uid": "305072215", "content": "这键盘能吃吗"}, {"uid": "305072215", "content": "看不见"}, {"uid": "2935232", "content": "草"}, {"uid": "262284680", "content": "开幕雷击"}, {"uid": "334926483", "content": "草"}, {"uid": "27631997", "content": "可恶！臭小鬼！"}, {"uid": "4360410", "content": "草"}, {"uid": "612499773", "content": "看到了"}, {"uid": "295583822", "content": "草"}, {"uid": "2088359704", "content": "看不见"}, {"uid": "221220", "content": "草"}, {"uid": "442250487", "content": "声线想黑子"}, {"uid": "2576633", "content": "ん?"}, {"uid": "194175206", "content": "wwww"}, {"uid": "194175206", "content": "草"}, {"uid": "2424237", "content": "上当了"}, {"uid": "28275", "content": "捏拳头会显的肥哈~小肥手"}, {"uid": "7245334", "content": "草"}, {"uid": "8979804", "content": "屑"}, {"uid": "21550586", "content": "好家伙"}, {"uid": "2088359704", "content": "屑"}, {"uid": "588079", "content": "前面早就露过了"}, {"uid": "491117", "content": "啊这"}, {"uid": "544972", "content": "可爱"}, {"uid": "194175206", "content": "？？"}, {"uid": "65353029", "content": "屑30"}, {"uid": "6667382", "content": "草"}, {"uid": "661503907", "content": "看到我你就不是第一了"}, {"uid": "239139", "content": "???"}, {"uid": "15823004", "content": "臭小鬼啊"}, {"uid": "490416621", "content": "草"}, {"uid": "88773915", "content": "典"}, {"uid": "27631997", "content": "可恶啊"}, {"uid": "82373094", "content": "可以按一下esc吗"}, {"uid": "12321065", "content": "见光死"}, {"uid": "449643834", "content": "草"}, {"uid": "442250487", "content": "？？？？"}, {"uid": "194175206", "content": "草草"}, {"uid": "217797936", "content": "按的哪个键盘啊"}, {"uid": "71037", "content": "臭小鬼"}, {"uid": "8021583", "content": "wwww"}, {"uid": "4297640", "content": "?????????????????????????????????????????????"}, {"uid": "21550586", "content": "草"}, {"uid": "11927551", "content": "臭小鬼"}, {"uid": "35641505", "content": "她太谨慎了"}]