[{"uid": "449221457", "content": "笑场的屑"}, {"uid": "21170", "content": "不管你变成什么样都是个好人啊"}, {"uid": "16541722", "content": "要来了"}, {"uid": "7374249", "content": "抱头痛哭xs"}, {"uid": "429649", "content": "草草！"}, {"uid": "429649", "content": "草"}, {"uid": "2629851", "content": "噔噔咚"}, {"uid": "68129973", "content": "结果真的成好人了"}, {"uid": "3970880", "content": "不不不，别人也尝试过了，但只有你的头是完全断了"}, {"uid": "3970880", "content": "冥界女王头断了不但没事，反而更方便了"}, {"uid": "71531183", "content": "ん？"}, {"uid": "5425162", "content": "艾伦.耶格尔"}, {"uid": "30027536", "content": "草"}, {"uid": "198421419", "content": "草"}, {"uid": "413182762", "content": "帕里早期最喜欢玩的缝合"}, {"uid": "413182762", "content": "太感动了，大家把嘲笑打在公屏上"}, {"uid": "3651311", "content": "草拉链取头哈哈哈哈"}, {"uid": "2629851", "content": "kksk"}, {"uid": "153338083", "content": "完全胜利"}, {"uid": "359653873", "content": "为毛这颗眼球还能动，马萨卡？眼球才是本体"}, {"uid": "6089656", "content": "ん?"}, {"uid": "334926483", "content": "草"}, {"uid": "334926483", "content": "嗯？"}, {"uid": "341093139", "content": "哈哈哈哈还有"}, {"uid": "401099828", "content": "盲猜左下南小鸟"}, {"uid": "401099828", "content": "草"}, {"uid": "401099828", "content": "流向改变了"}, {"uid": "401099828", "content": "我们没受过专业的训练，所以直接笑"}, {"uid": "401099828", "content": "活着个头还行"}, {"uid": "28319173", "content": "有闪光灯就闭眼太真实了"}, {"uid": "333192", "content": "zawa是开司的梗"}, {"uid": "39540940", "content": "噔噔咚"}, {"uid": "5276373", "content": "哈哈哈哈"}, {"uid": "30327137", "content": "帕青姬和打工鬼笑死"}, {"uid": "291709147", "content": "自己整自己的活就"}, {"uid": "37498399", "content": "流向，改变了）"}, {"uid": "37498399", "content": "全员anti"}, {"uid": "37498399", "content": "伤心（嘴角上扬）"}, {"uid": "37498399", "content": "草"}, {"uid": "26748349", "content": "你自己拿着头的么"}, {"uid": "26748349", "content": "她们早就以身试过法了"}, {"uid": "5582949", "content": "噔噔咚"}, {"uid": "5582949", "content": "这个她们可熟了"}, {"uid": "5582949", "content": "生命力极强"}, {"uid": "290090344", "content": "哈哈哈哈哈"}, {"uid": "499880463", "content": "19人"}, {"uid": "38637870", "content": "为什么这头这么大"}, {"uid": "30514029", "content": "在现场，草"}, {"uid": "435098815", "content": "流向改变了！"}, {"uid": "200834752", "content": "放心吧！无论你变成什么样子我都会笑你的"}, {"uid": "14389923", "content": "新dd看到估计都懵了"}, {"uid": "395940582", "content": "ん？"}, {"uid": "325181", "content": "毫 无 违 和"}, {"uid": "7438473", "content": "现在都看习惯了"}, {"uid": "7438473", "content": "流向变了"}, {"uid": "500703005", "content": "嗯？"}, {"uid": "314029132", "content": "赢了，赢了，赢了"}, {"uid": "2874576", "content": "你也是个好人"}, {"uid": "297679665", "content": "没事，你也是个好人"}, {"uid": "262562160", "content": "草"}, {"uid": "11111982", "content": "流向改变了"}, {"uid": "4014727", "content": "分头行动"}, {"uid": "7653623", "content": "哈哈哈哈哈哈"}, {"uid": "194175206", "content": "无头骑士异闻录"}, {"uid": "194175206", "content": "噔噔噔"}, {"uid": "194175206", "content": "gachi控距离（"}, {"uid": "194175206", "content": "提前害怕"}, {"uid": "194175206", "content": "流向改变了"}, {"uid": "194175206", "content": "还有一个在狂笑"}, {"uid": "12866889", "content": "ん?"}, {"uid": "194175206", "content": "我们都是受过训练的人，一般不会笑，除非忍不住——hhhhhhhh"}, {"uid": "194175206", "content": "对不起，你是个好人"}, {"uid": "194175206", "content": "真是一个令人伤心的故事"}, {"uid": "194175206", "content": "可可爱爱，只有脑袋（"}, {"uid": "194175206", "content": "活着个头"}, {"uid": "194175206", "content": "fa国断头台实录"}, {"uid": "7072562", "content": "已经菠萝菠萝哒"}, {"uid": "194175206", "content": "虚拟路易十六"}, {"uid": "194175206", "content": "未曾设想的道路.jpg"}, {"uid": "33919342", "content": "ん？"}, {"uid": "75076", "content": "ん？"}, {"uid": "37913832", "content": "母慈子孝"}, {"uid": "217797936", "content": "zawa好像是人群嘈杂声来着？"}, {"uid": "217797936", "content": "看得我右眼有点疼啊"}, {"uid": "217797936", "content": "你刚刚自己都笑了吧！"}, {"uid": "391254279", "content": "ん？"}, {"uid": "14234348", "content": "一提更想笑了"}, {"uid": "1464060", "content": "熟悉的演讲台"}, {"uid": "185872154", "content": "草"}, {"uid": "185872154", "content": "ん？"}, {"uid": "221220", "content": "哈哈"}, {"uid": "438353447", "content": "还挺好看"}, {"uid": "230337405", "content": "流向改变了！"}, {"uid": "438353447", "content": "现在哭的话是不是就是抱头痛哭了"}, {"uid": "230337405", "content": "草 太真实了"}, {"uid": "230337405", "content": "泪目"}, {"uid": "438353447", "content": "这个喂说的好标准"}, {"uid": "20183607", "content": "只剩一个头了哈哈啊哈哈"}, {"uid": "524428254", "content": "绷不住了"}, {"uid": "807315", "content": "字还是绿的，不愧是你们"}, {"uid": "95142335", "content": "流向改变"}, {"uid": "524428254", "content": "翻译：下次还敢"}, {"uid": "524428254", "content": "草"}, {"uid": "43661514", "content": "草"}, {"uid": "485929845", "content": "？？混入两只牵丝蝠"}, {"uid": "22363074", "content": "守子哥，白菜，你们在干什么啊！"}, {"uid": "431234601", "content": "锤子还没登上巅峰就后继有人了"}, {"uid": "431234601", "content": "赢了 赢了 赢了【好像走错片场了】"}, {"uid": "36769691", "content": "要来了"}, {"uid": "70561", "content": "前车之鉴.....不对，应该是后车之鉴"}, {"uid": "455929063", "content": "失去高光"}, {"uid": "59997782", "content": "悲伤的bgm   免费"}, {"uid": "544972", "content": "草..."}, {"uid": "11872189", "content": "ん？"}, {"uid": "11872189", "content": "这不是笑场了吗"}, {"uid": "327623", "content": "第一时间赶来嘲笑"}, {"uid": "234559312", "content": "整活大师"}, {"uid": "11872189", "content": "气抖冷"}, {"uid": "49776249", "content": "suki（A酱限定"}, {"uid": "19547639", "content": "白菜：这个我懂"}, {"uid": "378981", "content": "这么低的视角，可以随意直视桃子的胸部了"}, {"uid": "21482042", "content": "绷不住了"}, {"uid": "1483030", "content": "流向改变了"}, {"uid": "556547", "content": "你倒是别笑场啊www"}, {"uid": "172937660", "content": "太草了"}, {"uid": "12589975", "content": "十个泪目九个笑"}, {"uid": "411280417", "content": "かわいい！（"}, {"uid": "4661588", "content": "整活女王"}, {"uid": "13303076", "content": "《世 界 名 画》"}, {"uid": "71329244", "content": "没事，反正都是AA"}, {"uid": "65272457", "content": "草"}, {"uid": "65272457", "content": "杀鸡儆猴"}, {"uid": "23196727", "content": "草整活字幕组"}, {"uid": "696295302", "content": "草"}, {"uid": "696295302", "content": "完全胜利"}, {"uid": "201300", "content": "ん？"}, {"uid": "696295302", "content": "看到了头后面的身子……"}, {"uid": "696295302", "content": "活着是活着，但是……"}, {"uid": "8084176", "content": "bgm 悲 无料"}, {"uid": "3197175", "content": "看见画面就开始笑了"}, {"uid": "6667382", "content": "(不要把我和那只兔子相比"}, {"uid": "122366604", "content": "锤子后记有人了"}, {"uid": "39675854", "content": "草"}, {"uid": "153338083", "content": "世界名画"}, {"uid": "153338083", "content": "开幕雷击"}, {"uid": "39540940", "content": "抱头痛哭"}, {"uid": "37498399", "content": "哈哈哈哈哈哈"}, {"uid": "409618457", "content": "哈哈哈哈哈哈哈哈"}, {"uid": "14389923", "content": "为什么只有一个打工鬼"}, {"uid": "11329290", "content": "路易十六草"}, {"uid": "25184876", "content": "整活大师"}, {"uid": "694492738", "content": "哈哈哈哈哈哈哈哈哈哈哈哈"}, {"uid": "7653623", "content": "第一时间赶来嘲笑"}, {"uid": "194175206", "content": "冥界真奇妙"}, {"uid": "194175206", "content": "路易30"}, {"uid": "217797936", "content": "我比较喜欢。。我不对劲"}, {"uid": "217797936", "content": "斩首实况"}, {"uid": "216412", "content": "好活儿"}, {"uid": "230337405", "content": "全员anti 草"}, {"uid": "485929845", "content": "记得此刻我边洗头边看直播笑死了"}, {"uid": "3225540", "content": "草"}, {"uid": "11872189", "content": "因为变成了油库里"}, {"uid": "19547639", "content": "未曾设想的道路（"}, {"uid": "12589975", "content": "哈哈哈哈哈哈哈哈哈哈哈"}, {"uid": "611080", "content": "不愧是jo粉23333"}, {"uid": "411280417", "content": "《那只兔子》"}, {"uid": "384796790", "content": "四分钟热乎"}, {"uid": "6667382", "content": "已经没有什么好怕的了"}, {"uid": "198421419", "content": "哈哈哈哈"}, {"uid": "131587740", "content": "偷瞄弹幕ing"}, {"uid": "77845357", "content": "等等咚"}, {"uid": "37637193", "content": "哈哈哈哈哈哈哈哈哈"}, {"uid": "12700753", "content": "草"}, {"uid": "38637870", "content": "ohhhhhhhhhhhhhhhhhh"}, {"uid": "14389923", "content": "泪目"}, {"uid": "7218098", "content": "从头说起"}, {"uid": "280824206", "content": "幻士，乙民，天涎呢"}, {"uid": "427000496", "content": "杜拉罕"}, {"uid": "47079996", "content": "好人竟是我自己"}, {"uid": "37913832", "content": "泪，拉了出来"}, {"uid": "217797936", "content": "可爱（"}, {"uid": "217797936", "content": "此处应有闪光效果"}, {"uid": "24896030", "content": "哈哈哈哈"}, {"uid": "24896030", "content": "草"}, {"uid": "4792886", "content": "呜呜呜我哭了（）"}, {"uid": "65563726", "content": "不，我们只会哈哈哈哈"}, {"uid": "95142335", "content": "哈哈哈哈哈哈"}, {"uid": "95142335", "content": "开幕雷击"}, {"uid": "2784710", "content": "不要把我和那只兔子相提并论啊（嫌弃状）"}, {"uid": "431234601", "content": "失去高光"}, {"uid": "2424237", "content": "哈哈哈哈哈哈"}, {"uid": "696295302", "content": "失去高光"}, {"uid": "131962", "content": "草"}, {"uid": "696295302", "content": "好人一生平安"}, {"uid": "696295302", "content": "开幕雷击"}, {"uid": "67369443", "content": "好活！"}, {"uid": "10778462", "content": "活挺好"}, {"uid": "30332785", "content": "亚人酱有话要说。。。"}, {"uid": "11256385", "content": "油库里"}, {"uid": "442486202", "content": "草"}, {"uid": "198421419", "content": "草哈哈哈哈哈哈哈"}, {"uid": "401099828", "content": "草"}, {"uid": "401099828", "content": "草"}, {"uid": "1268209", "content": "现在你和帕里都是好人了"}, {"uid": "37498399", "content": "哈哈哈哈哈哈哈"}, {"uid": "30514029", "content": "草"}, {"uid": "340360939", "content": "【钢链手指】"}, {"uid": "314029132", "content": "不要避重就轻啊，关键的是没说的另一句话啊"}, {"uid": "194175206", "content": "草"}, {"uid": "6221030", "content": "哈哈哈哈哈哈哈哈哈哈哈哈哈"}, {"uid": "4792886", "content": "草草草草"}, {"uid": "17759414", "content": "哈哈哈哈哈"}, {"uid": "35015381", "content": "哈哈哈哈"}, {"uid": "70561", "content": "太现实了23333"}, {"uid": "4219371", "content": "因为是gachi恋距离直播doge"}, {"uid": "326989748", "content": "好草"}, {"uid": "257951", "content": "绿色的太阳神"}, {"uid": "201300", "content": "整活的神"}, {"uid": "46802761", "content": "会！"}, {"uid": "696295302", "content": "太阳神帕里sun"}, {"uid": "10918145", "content": "好活"}, {"uid": "8084176", "content": "3——0——"}, {"uid": "38107783", "content": "草"}, {"uid": "9089370", "content": "草"}, {"uid": "349898206", "content": "会"}, {"uid": "176032", "content": "草"}, {"uid": "93027965", "content": "泪目"}, {"uid": "30027536", "content": "那只兔子？"}, {"uid": "198421419", "content": "哈哈哈哈哈"}, {"uid": "7003158", "content": "草"}, {"uid": "5699237", "content": "哈哈哈哈哈"}, {"uid": "5036", "content": "我打的sc哈哈哈哈哈哈哈哈"}, {"uid": "500703005", "content": "ohhhhhhhhhhh？"}, {"uid": "1772506", "content": "草"}, {"uid": "13792286", "content": "草"}, {"uid": "239870250", "content": "背后的弹幕速度离谱"}, {"uid": "194175206", "content": "好活ww"}, {"uid": "217797936", "content": "反正我笑了"}, {"uid": "1295223", "content": "草"}, {"uid": "16633967", "content": "哈哈"}, {"uid": "95142335", "content": "好活"}, {"uid": "327623", "content": "来了来了"}, {"uid": "193099038", "content": "草"}, {"uid": "75379", "content": "草"}, {"uid": "27616427", "content": "哈哈哈哈哈哈"}, {"uid": "333082064", "content": "八分钟，有些烫"}, {"uid": "32250348", "content": "草"}, {"uid": "10162553503", "content": "一语成谶"}, {"uid": "11480940", "content": "草"}, {"uid": "349898206", "content": "草草草"}, {"uid": "2629851", "content": "？？？？？"}, {"uid": "2629851", "content": "草"}, {"uid": "334926483", "content": "？？？？？"}, {"uid": "10159973", "content": "草"}, {"uid": "33417534", "content": "哈哈哈哈哈哈哈哈哈"}, {"uid": "1932208", "content": "飞 头 蛮"}, {"uid": "5582949", "content": "一语成谶"}, {"uid": "38637870", "content": "ohhhhhhhhhhhhhhhhhh"}, {"uid": "394620", "content": "草"}, {"uid": "314029132", "content": "你的身体倒是遮好啊"}, {"uid": "13792286", "content": "草"}, {"uid": "58263616", "content": "什么v什么组，草"}, {"uid": "262562160", "content": "哈哈"}, {"uid": "185872154", "content": "会"}, {"uid": "221220", "content": "刑天"}, {"uid": "230337405", "content": "草"}, {"uid": "226009589", "content": "草"}, {"uid": "524428254", "content": "泪目"}, {"uid": "11758259", "content": "草"}, {"uid": "63672982", "content": "让我康康！"}, {"uid": "485929845", "content": "草"}, {"uid": "2856263", "content": "好人"}, {"uid": "455929063", "content": "?草"}, {"uid": "2935232", "content": "草"}, {"uid": "340360939", "content": "草"}, {"uid": "3844363", "content": "不会"}, {"uid": "11872189", "content": "震撼30"}, {"uid": "178421596", "content": "草"}, {"uid": "200863", "content": "喂  草"}, {"uid": "12589975", "content": "哈哈哈哈哈哈"}, {"uid": "107122", "content": "哈哈哈"}, {"uid": "4661588", "content": "无头骑士异闻录"}, {"uid": "8084176", "content": "布姐草"}, {"uid": "8084176", "content": "草还有背景音"}, {"uid": "85790419", "content": "草"}, {"uid": "190650", "content": "守子哥！"}, {"uid": "87668847", "content": "草"}, {"uid": "441505277", "content": "草"}, {"uid": "697916053", "content": "草"}, {"uid": "508346209", "content": "会"}, {"uid": "43074", "content": "草"}, {"uid": "30027536", "content": "哈哈哈"}, {"uid": "24213285", "content": "草"}, {"uid": "198421419", "content": "草"}, {"uid": "2629851", "content": "草"}, {"uid": "28662020", "content": "草"}, {"uid": "10159973", "content": "带头冲锋"}, {"uid": "351975302", "content": "草"}, {"uid": "37498399", "content": "草"}, {"uid": "26748349", "content": "卡沙卡沙卡沙~"}, {"uid": "305617742", "content": "你确实是我好人"}, {"uid": "2686738", "content": "谁说的，叉出去"}, {"uid": "217797936", "content": "挺可爱的"}, {"uid": "185872154", "content": "草"}, {"uid": "365334196", "content": "草"}, {"uid": "16016233", "content": "草"}, {"uid": "524428254", "content": "叉出去"}, {"uid": "95142335", "content": "哈哈哈哈哈哈"}, {"uid": "524428254", "content": "我将带头冲锋"}, {"uid": "524428254", "content": "草"}, {"uid": "6098626", "content": "草"}, {"uid": "754937", "content": "草"}, {"uid": "36769691", "content": "草"}, {"uid": "36769691", "content": "风水轮流转"}, {"uid": "455929063", "content": "(｡>∀<｡)"}, {"uid": "36769691", "content": "草"}, {"uid": "327623", "content": "完美"}, {"uid": "19547639", "content": "草"}, {"uid": "696295302", "content": "好家伙"}, {"uid": "10918145", "content": "这是个轮回"}, {"uid": "696295302", "content": "帕里：-30"}, {"uid": "2109984", "content": "草"}, {"uid": "9617502", "content": "草"}, {"uid": "15972203", "content": "草"}, {"uid": "30027536", "content": "草"}, {"uid": "39675854", "content": "草"}, {"uid": "334926483", "content": "草"}, {"uid": "12700753", "content": "草"}, {"uid": "4792886", "content": "草"}, {"uid": "93804194", "content": "草"}, {"uid": "365334196", "content": "草"}, {"uid": "95142335", "content": "哈哈哈哈哈"}, {"uid": "485929845", "content": "草"}, {"uid": "326989748", "content": "会"}, {"uid": "431234601", "content": "会"}, {"uid": "161856307", "content": "草"}, {"uid": "36769691", "content": "草"}, {"uid": "36077319", "content": "哈哈哈"}, {"uid": "193099038", "content": "草"}, {"uid": "201300", "content": "草"}, {"uid": "23040983", "content": "好活"}, {"uid": "27616427", "content": "不会"}, {"uid": "384796790", "content": "草"}, {"uid": "7974801", "content": "弔图一堆"}, {"uid": "184752", "content": "???"}, {"uid": "2629851", "content": "草"}, {"uid": "30027536", "content": "好人"}, {"uid": "493627762", "content": "草"}, {"uid": "198421419", "content": "好家伙"}, {"uid": "477069918", "content": "手拿着头"}, {"uid": "285826982", "content": "草"}, {"uid": "1434386", "content": "草"}, {"uid": "401099828", "content": "好活"}, {"uid": "90262367", "content": "DIO"}, {"uid": "5582949", "content": "会的"}, {"uid": "12700753", "content": "草"}, {"uid": "499880463", "content": "hi"}, {"uid": "30514029", "content": "草"}, {"uid": "2845170", "content": "草"}, {"uid": "2203831", "content": "草"}, {"uid": "90601028", "content": "Flag"}, {"uid": "500703005", "content": "草"}, {"uid": "67809222", "content": "草"}, {"uid": "21622878", "content": "草"}, {"uid": "21622878", "content": "草"}, {"uid": "26891399", "content": "弹幕又卡了"}, {"uid": "95142335", "content": "啊这"}, {"uid": "36769691", "content": "泪目"}, {"uid": "455929063", "content": "30 yyds"}, {"uid": "6776899", "content": "这就是NTD形态吗？"}, {"uid": "11872189", "content": "114"}, {"uid": "11872189", "content": "在这一周  里 完全 没有 反省"}, {"uid": "44662122", "content": "草"}, {"uid": "2424237", "content": "草"}, {"uid": "144166", "content": "草"}, {"uid": "46802761", "content": "！"}, {"uid": "128541", "content": "哈哈哈"}, {"uid": "4093010", "content": "草"}, {"uid": "9617502", "content": "www"}, {"uid": "70308482", "content": "dio"}, {"uid": "100408696", "content": "这"}, {"uid": "334926483", "content": "草"}, {"uid": "32423963", "content": "草"}, {"uid": "434780627", "content": "草"}, {"uid": "194175206", "content": "草"}, {"uid": "4313611", "content": "cao"}, {"uid": "403372435", "content": "草"}, {"uid": "107122", "content": "冥冥民，为什么你只是在看着呀冥冥民"}, {"uid": "23040983", "content": "草"}, {"uid": "2629851", "content": "哈哈哈哈哈哈哈哈哈哈哈哈哈哈哈"}, {"uid": "455929063", "content": "哈哈哈哈哈哈哈哈哈哈哈哈哈哈哈哈哈"}]