[{"uid": "627941053", "content": "每日一遍"}, {"uid": "7713860", "content": "[\"900\",\"500\",\"1-1\",4.5,\"恭喜十万播放！\",\"240\",0,\"900\",\"500\",500,0,1,\"SimHei\",1]"}, {"uid": "7713860", "content": "[\"900\",\"500\",\"1-1\",4.5,\"恭喜十万播放！\",\"230\",0,\"900\",\"500\",500,0,1,\"SimHei\",1]"}, {"uid": "7713860", "content": "[\"900\",\"500\",\"1-1\",4.5,\"恭喜十万播放！\",\"190\",0,\"900\",\"500\",500,0,1,\"SimHei\",1]"}, {"uid": "7713860", "content": "[\"900\",\"500\",\"1-1\",4.5,\"恭喜十万播放！\",\"180\",0,\"900\",\"500\",500,0,1,\"SimHei\",1]"}, {"uid": "7713860", "content": "[\"900\",\"500\",\"1-1\",4.5,\"恭喜十万播放！\",\"170\",0,\"900\",\"500\",500,0,1,\"SimHei\",1]"}, {"uid": "7713860", "content": "[\"900\",\"500\",\"1-1\",4.5,\"恭喜十万播放！\",\"100\",0,\"900\",\"500\",500,0,1,\"SimHei\",1]"}, {"uid": "7713860", "content": "[\"900\",\"500\",\"1-1\",4.5,\"恭喜十万播放！\",\"90\",0,\"900\",\"500\",500,0,1,\"SimHei\",1]"}, {"uid": "7713860", "content": "[\"900\",\"500\",\"1-1\",4.5,\"恭喜十万播放！\",\"80\",0,\"900\",\"500\",500,0,1,\"SimHei\",1]"}, {"uid": "7713860", "content": "[\"900\",\"500\",\"1-1\",4.5,\"恭喜十万播放！  \",\"70\",0,\"900\",\"500\",500,0,1,\"SimHei\",1]"}, {"uid": "7713860", "content": "[\"900\",\"500\",\"1-1\",4.5,\"恭喜十万播放！ \",\"60\",0,\"900\",\"500\",500,0,1,\"SimHei\",1]"}, {"uid": "7713860", "content": "[\"900\",\"500\",\"1-1\",4.5,\"恭喜十万播放！\",\"50\",0,\"900\",\"500\",500,0,1,\"SimHei\",1]"}, {"uid": "7713860", "content": "[\"900\",\"500\",\"1-1\",4.5,\"恭喜十万播放！\",\"50\",0,\"900\",\"500\",500,0,1,\"SimHei\",1]"}, {"uid": "7713860", "content": "[\"900\",\"500\",\"1-1\",4.5,\"恭喜十万播放！\",\"40\",0,\"900\",\"500\",500,0,1,\"SimHei\",1]"}, {"uid": "7713860", "content": "[\"900\",\"500\",\"1-1\",4.5,\"恭喜十万播放！\",\"30\",0,\"900\",\"500\",500,0,1,\"SimHei\",1]"}, {"uid": "15053846", "content": "恭喜十万播放"}, {"uid": "7713860", "content": "恭喜十万播放！！！！！"}, {"uid": "7713860", "content": "恭喜十万播放！！！！"}, {"uid": "7713860", "content": "恭喜十万播放！！！"}, {"uid": "7713860", "content": "恭喜十万播放！！"}, {"uid": "7713860", "content": "恭喜十万播放！"}, {"uid": "37498399", "content": "10万再生助攻"}, {"uid": "7713860", "content": "[0,0,\"1-1\",4.5,\"\\n\\n\\n\\n\\n\\n\\n\\n\\n\\n\\n\\n\\n\\n\\n          俺の愛馬が\\n          俺の愛馬が\\n          俺の愛馬が\\n          俺の愛馬が\\n          俺の愛馬が\",0,0,0,0,500,0,1,\"SimHei\",1]"}, {"uid": "7713860", "content": "[0,0,\"1-1\",4.5,\"\\n\\n\\n\\n\\n\\n\\n\\n\\n\\n          俺の愛馬が\\n          俺の愛馬が\\n          俺の愛馬が\\n          俺の愛馬が\\n          俺の愛馬が\",0,0,0,0,500,0,1,\"SimHei\",1]"}, {"uid": "7713860", "content": "[0,0,\"1-1\",4.5,\"\\n\\n\\n\\n\\n          俺の愛馬が\\n          俺の愛馬が\\n          俺の愛馬が\\n          俺の愛馬が\\n          俺の愛馬が\",0,0,0,0,500,0,1,\"SimHei\",1]"}, {"uid": "7713860", "content": "[0,0,\"1-1\",4.5,\"          俺の愛馬が\\n          俺の愛馬が\\n          俺の愛馬が\\n          俺の愛馬が\\n          俺の愛馬が\",0,0,0,0,500,0,1,\"SimHei\",1]"}, {"uid": "7713860", "content": "[0,0,\"1-1\",4.5,\"\\n\\n\\n\\n\\n\\n\\n\\n\\n\\n\\n\\n\\n\\n\\n\\n俺の愛馬が\\n俺の愛馬が\\n俺の愛馬が\\n俺の愛馬が\",0,0,0,0,500,0,1,\"SimHei\",1]"}, {"uid": "7713860", "content": "[0,0,\"1-1\",4.5,\"\\n\\n\\n\\n\\n\\n\\n\\n\\n\\n\\n\\n俺の愛馬が\\n俺の愛馬が\\n俺の愛馬が\\n俺の愛馬が\",0,0,0,0,500,0,1,\"SimHei\",1]"}, {"uid": "7713860", "content": "[0,0,\"1-1\",4.5,\"\\n\\n\\n\\n\\n\\n\\n\\n俺の愛馬が\\n俺の愛馬が\\n俺の愛馬が\\n俺の愛馬が\",0,0,0,0,500,0,1,\"SimHei\",1]"}, {"uid": "7713860", "content": "[0,0,\"1-1\",4.5,\"\\n\\n\\n\\n俺の愛馬が\\n俺の愛馬が\\n俺の愛馬が\\n俺の愛馬が\",0,0,0,0,500,0,1,\"SimHei\",1]"}, {"uid": "2831241", "content": "俺のミレイが！！！！！！"}, {"uid": "7713860", "content": "[0,0,\"1-1\",4.5,\"俺の愛馬が\\n俺の愛馬が\\n俺の愛馬が\\n俺の愛馬が\",0,0,0,0,500,0,1,\"SimHei\",1]"}, {"uid": "19234455", "content": "30，suki！超可爱！"}, {"uid": "5915411", "content": "可爱#@#@#！！！！！！"}, {"uid": "76082817", "content": "无敌的女王"}, {"uid": "91417414", "content": "冥界女王可爱，awsl"}, {"uid": "2629851", "content": "awsl"}, {"uid": "487279", "content": "AWSL"}, {"uid": "336568", "content": "再次来听咪蕾能量~~~"}, {"uid": "2629851", "content": "俺のミレイが！！！"}, {"uid": "39204203", "content": "再来亿遍"}, {"uid": "33707835", "content": "双涡轮（幻视）"}, {"uid": "355015489", "content": "可爱！！"}, {"uid": "7856744", "content": "这首歌有让我坚定了要买个耳机的决定，隔壁女生看我眼神不对へ(゜∇、°)へ"}, {"uid": "3970880", "content": "太可爱了，我...贫血了"}, {"uid": "7713860", "content": "[\"900\",\"900\",\"1-1\",4.5,\"\\n\\n\\n\\n\\n\\n\\n\\n\\n\\n\\n\\n\\n\\n\\n                                   俺の愛馬が \\n                                   俺の愛馬が \\n                                   俺の愛馬が \",\"0\",\"0\",\"0\",\"0\",500,0,1,\"\\\"Microsoft YaHei\\\"\",1]"}, {"uid": "7713860", "content": "[\"900\",\"900\",\"1-1\",4.5,\"\\n\\n\\n\\n\\n\\n\\n\\n\\n\\n\\n\\n                                   俺の愛馬が \\n                                   俺の愛馬が \\n                                   俺の愛馬が \",\"0\",\"0\",\"0\",\"0\",500,0,1,\"\\\"Microsoft YaHei\\\"\",1]"}, {"uid": "7713860", "content": "[\"900\",\"900\",\"1-1\",4.5,\"\\n\\n\\n\\n\\n\\n\\n\\n\\n                                   俺の愛馬が \\n                                   俺の愛馬が \\n                                   俺の愛馬が \",\"0\",\"0\",\"0\",\"0\",500,0,1,\"\\\"Microsoft YaHei\\\"\",1]"}, {"uid": "7713860", "content": "[\"900\",\"900\",\"1-1\",4.5,\"\\n\\n\\n\\n\\n\\n                                   俺の愛馬が \\n                                   俺の愛馬が \\n                                   俺の愛馬が \",\"0\",\"0\",\"0\",\"0\",500,0,1,\"\\\"Microsoft YaHei\\\"\",1]"}, {"uid": "7713860", "content": "[\"900\",\"900\",\"1-1\",4.5,\"\\n\\n\\n                                   俺の愛馬が \\n                                   俺の愛馬が \\n                                   俺の愛馬が \",\"0\",\"0\",\"0\",\"0\",500,0,1,\"\\\"Microsoft YaHei\\\"\",1]"}, {"uid": "7713860", "content": "[\"900\",\"900\",\"1-1\",4.5,\"                                   俺の愛馬が \\n                                   俺の愛馬が \\n                                   俺の愛馬が \",\"0\",\"0\",\"0\",\"0\",500,0,1,\"\\\"Microsoft YaHei\\\"\",1]"}, {"uid": "7713860", "content": "[\"900\",\"900\",\"1-1\",4.5,\"                                   俺の愛馬が \\n                                   俺の愛馬が \\n                                   俺の愛馬が \",\"0\",\"0\",\"0\",\"0\",500,0,1,\"\\\"Microsoft YaHei\\\"\",1]"}, {"uid": "7713860", "content": "[\"900\",\"900\",\"1-1\",4.5,\"                                   俺の愛馬が \\n                                   俺の愛馬が \\n                                   俺の愛馬が \",\"0\",\"0\",\"0\",\"0\",500,0,1,\"\\\"Microsoft YaHei\\\"\",1]"}, {"uid": "7713860", "content": "[\"0\",\"700\",\"1-1\",4.5,\"呜— — — —\\n呜— — — —\\n呜— — — —\\n呜— — — —\\n呜— — — —\\n呜— — — —\\n呜— — — —\",\"0\",\"30\",\"700\",\"0\",500,0,1,\"\\\"Microsoft YaHei\\\"\",1]"}, {"uid": "7713860", "content": "[\"0\",\"0\",\"1-1\",4.5,\"呜— — — —\\n呜— — — —\\n呜— — — —\\n呜— — — —\\n呜— — — —\\n呜— — — —\\n呜— — — —\",\"10\",\"35\",\"700\",\"300\",500,0,1,\"\\\"Microsoft YaHei\\\"\",1]"}, {"uid": "550661269", "content": "30...30....结婚"}, {"uid": "511735213", "content": "八号打假赛提前倒下"}, {"uid": "3690746", "content": "俺のミレイが！！"}, {"uid": "3690746", "content": "俺のミレイが！！！"}, {"uid": "3690746", "content": "俺のミレイが！"}, {"uid": "91579995", "content": "kksk"}, {"uid": "95415367", "content": "我已经出不去了"}, {"uid": "441344288", "content": "每天亿遍"}, {"uid": "33767", "content": "[\"0.3\",\"0.9\",\"1-1\",\"1.5\",\"今天的胜利女神\",0,0,\"0.3\",\"0.9\",500,0,1,\"SimHei\",1]"}, {"uid": "33767", "content": "[\"0.1\",\"0.8\",\"1-1\",\"1.5\",\"歌词：Yasuhara\\n高级弹幕制作：ENA_Channel\",0,0,\"0.1\",\"0.8\",500,0,1,\"SimHei\",1]"}, {"uid": "33767", "content": "[\"0.3\",\"0.8\",\"1-1\",\"1.5\",\"3 2 1(呜ーーFight！！)\",0,0,\"0.3\",\"0.8\",500,0,1,\"SimHei\",1]"}, {"uid": "33767", "content": "[\"0.3\",\"0.8\",\"1-1\",\"1.5\",\"开开心心 Honey\",0,0,\"0.3\",\"0.8\",500,0,1,\"SimHei\",1]"}, {"uid": "33767", "content": "[\"0.3\",\"0.8\",\"1-1\",\"1.5\",\"3 2 1 Go Fight\",0,0,\"0.3\",\"0.8\",500,0,1,\"SimHei\",1]"}, {"uid": "33767", "content": "[\"0.3\",\"0.8\",\"1-1\",\"1.5\",\"快快乐乐 Darling\",0,0,\"0.3\",\"0.8\",500,0,1,\"SimHei\",1]"}, {"uid": "33767", "content": "[\"0.3\",\"0.8\",\"1-1\",\"1.5\",\"今天依ー然奏响ー着ー\",0,0,\"0.3\",\"0.8\",500,0,1,\"SimHei\",1]"}, {"uid": "33767", "content": "[\"0.1\",\"0.8\",\"1-1\",\"1.5\",\"BakyunBukyun 最喜欢ー你ー了ー呀ー\",0,0,\"0.1\",\"0.8\",500,0,1,\"SimHei\",1]"}, {"uid": "33767", "content": "[\"0.1\",\"0.8\",\"1-1\",\"1.5\",\"ZukyunDokyun 心中一颤\\n(呼っ呼ー)\",0,0,\"0.1\",\"0.8\",500,0,1,\"SimHei\",1]"}, {"uid": "33767", "content": "[\"0.1\",\"0.8\",\"1-1\",\"1.5\",\"我还是第一次(3 2 1 Fight！！)\",0,0,\"0.1\",\"0.8\",500,0,1,\"SimHei\",1]"}, {"uid": "33767", "content": "[\"0.1\",\"0.8\",\"1-1\",\"1.5\",\"像这样ー的心ー情啊ー\",0,0,\"0.1\",\"0.8\",500,0,1,\"SimHei\",1]"}, {"uid": "33767", "content": "[\"0.1\",\"0.8\",\"1-1\",\"1.5\",\"BakyunBukyun 就要疾ー驰ー而ー去ー\",0,0,\"0.1\",\"0.8\",500,0,1,\"SimHei\",1]"}, {"uid": "33767", "content": "[\"0.3\",\"0.8\",\"1-1\",\"1.5\",\"ZukyunDokyun 开始奔跑ー\\n(呼っ呼ー)\",0,0,\"0.3\",\"0.8\",500,0,1,\"SimHei\",1]"}, {"uid": "33767", "content": "[\"0.3\",\"0.8\",\"1-1\",\"1.5\",\"3 2 1(呜ーーFight！！)\",0,0,\"0.3\",\"0.8\",500,0,1,\"SimHei\",1]"}, {"uid": "33767", "content": "[\"0.3\",\"0.8\",\"1-1\",\"1.5\",\"开开心心 Honey\",0,0,\"0.3\",\"0.8\",500,0,1,\"SimHei\",1]"}, {"uid": "33767", "content": "[\"0.3\",\"0.8\",\"1-1\",\"1.5\",\"3 2 1 Go Fight\",0,0,\"0.3\",\"0.8\",500,0,1,\"SimHei\",1]"}, {"uid": "33767", "content": "[\"0.3\",\"0.8\",\"1-1\",\"1.5\",\"快快乐乐 Darling\",0,0,\"0.3\",\"0.8\",500,0,1,\"SimHei\",1]"}, {"uid": "33767", "content": "[\"0.1\",\"0.8\",\"1-1\",\"1.5\",\"今天依ー然奏响ー着ー\",0,0,\"0.1\",\"0.8\",500,0,1,\"SimHei\",1]"}, {"uid": "33767", "content": "[\"0.1\",\"0.8\",\"1-1\",\"1.5\",\"BakyunBukyun 最喜欢ー你ー了ー呀ー\",0,0,\"0.1\",\"0.8\",500,0,1,\"SimHei\",1]"}, {"uid": "33767", "content": "[\"0.25\",\"0.8\",\"1-1\",\"1.5\",\"ZukyunDokyun 心中一颤\\n(呼っ呼ー)\",0,0,\"0.25\",\"0.8\",500,0,1,\"SimHei\",1]"}, {"uid": "33767", "content": "[\"0.25\",\"0.8\",\"1-1\",\"1.5\",\"(3 2 1 Fight！！)\",0,0,\"0.25\",\"0.8\",500,0,1,\"SimHei\",1]"}, {"uid": "33767", "content": "[\"0.25\",\"0.8\",\"1-1\",\"1.5\",\"我还是第一次\",0,0,\"0.25\",\"0.8\",500,0,1,\"SimHei\",1]"}, {"uid": "33767", "content": "[\"0.1\",\"0.8\",\"1-1\",\"1.5\",\"像这样ー的ー比ー赛ー\",0,0,\"0.1\",\"0.8\",500,0,1,\"SimHei\",1]"}, {"uid": "33767", "content": "[\"0.1\",\"0.8\",\"1-1\",\"1.5\",\"BakyunBukyun 就要疾ー驰ー而ー去ー\",0,0,\"0.1\",\"0.8\",500,0,1,\"SimHei\",1]"}, {"uid": "33767", "content": "[\"0.25\",\"0.8\",\"1-1\",\"1.5\",\"ZukyunDokyun 开始奔跑ー(呼っ呼ー)\",0,0,\"0.25\",\"0.8\",500,0,1,\"SimHei\",1]"}, {"uid": "33767", "content": "[\"0.25\",\"0.8\",\"1-1\",\"1.5\",\"呜ーーー(我砰！！)\",0,0,\"0.25\",\"0.8\",500,0,1,\"SimHei\",1]"}, {"uid": "33767", "content": "[\"0.1\",\"0.8\",\"1-1\",\"1.5\",\" 果ー然不行吧ー\",0,0,\"0.1\",\"0.8\",500,0,1,\"SimHei\",1]"}, {"uid": "33767", "content": "[\"0.1\",\"0.8\",\"1-1\",\"1.5\",\"就只凭ー 这样子的我ー\",0,0,\"0.1\",\"0.8\",500,0,1,\"SimHei\",1]"}, {"uid": "33767", "content": "[\"0.1\",\"0.8\",\"1-1\",\"1.5\",\"即刻就会ー染上ー你ー的ー色ー彩ー\",0,0,\"0.1\",\"0.8\",500,0,1,\"SimHei\",1]"}, {"uid": "33767", "content": "[\"0.1\",\"0.8\",\"1-1\",\"1.5\",\"我这份心情ー 若能传达ー\",0,0,\"0.1\",\"0.8\",500,0,1,\"SimHei\",1]"}, {"uid": "33767", "content": "[\"0.1\",\"0.8\",\"1-1\",\"1.5\",\"( 呜ーーーー)\",0,0,\"0.1\",\"0.8\",500,0,1,\"SimHei\",1]"}, {"uid": "33767", "content": "[\"0.1\",\"0.8\",\"1-1\",\"1.5\",\"剪刀 石头 布」(咻！！)\",0,0,\"0.1\",\"0.8\",500,0,1,\"SimHei\",1]"}, {"uid": "33767", "content": "[\"0.1\",\"0.8\",\"1-1\",\"1.5\",\"「不出就判你输掉了哦\",0,0,\"0.1\",\"0.8\",500,0,1,\"SimHei\",1]"}, {"uid": "33767", "content": "[\"0.1\",\"0.8\",\"1-1\",\"1.5\",\"「对啦 接着来玩后出猜拳吧」\\n(啥ー！？)\",0,0,\"0.1\",\"0.8\",500,0,1,\"SimHei\",1]"}, {"uid": "33767", "content": "[\"0.1\",\"0.8\",\"1-1\",\"1.5\",\"真的好开心ーー(运ーー动ーー会)\",0,0,\"0.1\",\"0.8\",500,0,1,\"SimHei\",1]"}, {"uid": "33767", "content": "[\"0.1\",\"0.8\",\"1-1\",\"1.5\",\"在奔跑结束 来瓶苏打水(爆死)\",0,0,\"0.1\",\"0.8\",500,0,1,\"SimHei\",1]"}, {"uid": "33767", "content": "[\"0.1\",\"0.8\",\"1-1\",\"1.5\",\"晨练中止(ShoobyDoobyFuwaー)\",0,0,\"0.1\",\"0.8\",500,0,1,\"SimHei\",1]"}, {"uid": "33767", "content": "[\"0.1\",\"0.8\",\"1-1\",\"1.5\",\"拎着浮板 扔出去结果又飞了回来\",0,0,\"0.1\",\"0.8\",500,0,1,\"SimHei\",1]"}, {"uid": "33767", "content": "[\"0.1\",\"0.8\",\"1-1\",\"1.5\",\"长挠黑板(指甲经受得起)\",0,0,\"0.1\",\"0.8\",500,0,1,\"SimHei\",1]"}, {"uid": "33767", "content": "[\"0.1\",\"0.8\",\"1-1\",\"1.5\",\"哦好哦好 彻底变为女王\",0,0,\"0.1\",\"0.8\",500,0,1,\"SimHei\",1]"}, {"uid": "33767", "content": "[\"0.1\",\"0.8\",\"1-1\",\"1.5\",\"黄道吉日(随意而行)\",0,0,\"0.1\",\"0.8\",500,0,1,\"SimHei\",1]"}, {"uid": "33767", "content": "[\"0.1\",\"0.8\",\"1-1\",\"1.5\",\"好啦好啦 俊俏的各位\",0,0,\"0.1\",\"0.8\",500,0,1,\"SimHei\",1]"}, {"uid": "33767", "content": "[\"0.1\",\"0.8\",\"1-1\",\"1.5\",\"(3 2 1 哦呀！！)\",0,0,\"0.1\",\"0.8\",500,0,1,\"SimHei\",1]"}, {"uid": "33767", "content": "[\"0.1\",\"0.8\",\"1-1\",\"1.5\",\"还ー不仅仅仅仅仅仅只是这样而已ー\\n(3 2 1 哦呀！！)\",0,0,\"0.1\",\"0.8\",500,0,1,\"SimHei\",1]"}, {"uid": "33767", "content": "[\"0.1\",\"0.8\",\"1-1\",\"1.5\",\"好啦现场的气氛已经有这么热烈啦！\\n(呼ーー)\",0,0,\"0.1\",\"0.8\",500,0,1,\"SimHei\",1]"}, {"uid": "33767", "content": "[\"0.3\",\"0.8\",\"1-1\",\"1.5\",\"开开心心 Honey 3 2 1\",0,0,\"0.3\",\"0.8\",500,0,1,\"SimHei\",1]"}, {"uid": "33767", "content": "[\"0.3\",\"0.8\",\"1-1\",\"1.5\",\"3 2 1 Go Fight\",0,0,\"0.3\",\"0.8\",500,0,1,\"SimHei\",1]"}, {"uid": "33767", "content": "[\"0.3\",\"0.8\",\"1-1\",\"1.5\",\"快快乐乐 Darling\",0,0,\"0.3\",\"0.8\",500,0,1,\"SimHei\",1]"}, {"uid": "33767", "content": "[\"0.3\",\"0.8\",\"1-1\",\"1.5\",\"今天依ー然奏响ー着ー\",0,0,\"0.3\",\"0.8\",500,0,1,\"SimHei\",1]"}, {"uid": "33767", "content": "[\"0.3\",\"0.8\",\"1-1\",\"1.5\",\"BakyunBukyun \\n最喜欢ー你ー了ー呀ー\",0,0,\"0.3\",\"0.8\",500,0,1,\"SimHei\",1]"}, {"uid": "33767", "content": "[\"0.3\",\"0.8\",\"1-1\",\"1.5\",\"ZukyunDokyun \\n心中一颤(呼っ呼ー)\",0,0,\"0.3\",\"0.8\",500,0,1,\"SimHei\",1]"}, {"uid": "33767", "content": "[\"0.3\",\"0.8\",\"1-1\",\"1.5\",\"(3 2 1 Fight！！)\",0,0,\"0.3\",\"0.8\",500,0,1,\"SimHei\",1]"}, {"uid": "33767", "content": "[\"0.3\",\"0.8\",\"1-1\",\"1.5\",\"我还是第一次\",0,0,\"0.3\",\"0.8\",500,0,1,\"SimHei\",1]"}, {"uid": "33767", "content": "[\"0.3\",\"0.8\",\"1-1\",\"1.5\",\"像这样ー的心ー情啊ー\",0,0,\"0.3\",\"0.8\",500,0,1,\"SimHei\",1]"}, {"uid": "33767", "content": "[\"0.3\",\"0.8\",\"1-1\",\"1.5\",\"BakyunBukyun \\n就要疾ー驰ー而ー去ー\",0,0,\"0.3\",\"0.8\",500,0,1,\"SimHei\",1]"}, {"uid": "33767", "content": "[\"0.3\",\"0.8\",\"1-1\",\"1.5\",\"ZukyunDokyun 开始奔跑ー\\n(呼っ呼ー)\",0,0,\"0.3\",\"0.8\",500,0,1,\"SimHei\",1]"}, {"uid": "33767", "content": "[\"0.3\",\"0.8\",\"1-1\",\"1.5\",\"你的爱马啊！\",0,0,\"0.3\",\"0.8\",500,0,1,\"SimHei\",1]"}, {"uid": "33767", "content": "[\"0.1\",\"0.8\",\"1-1\",\"1.5\",\"(喜ー欢喜欢喜欢喜欢喜欢喜欢喜欢稀饭)\",0,0,\"0.1\",\"0.8\",500,0,1,\"SimHei\",1]"}, {"uid": "33767", "content": "[\"0.25\",\"0.8\",\"1-1\",\"1.5\",\"要在你的心中 照亮黑暗\",0,0,\"0.25\",\"0.8\",500,0,1,\"SimHei\",1]"}, {"uid": "33767", "content": "[\"0.25\",\"0.8\",\"1-1\",\"1.5\",\"擦去汗水 撇去泪水\",0,0,\"0.25\",\"0.8\",500,0,1,\"SimHei\",1]"}, {"uid": "33767", "content": "[\"0.25\",\"0.8\",\"1-1\",\"1.5\",\"奔向彩虹的彼端吧\",0,0,\"0.25\",\"0.8\",500,0,1,\"SimHei\",1]"}, {"uid": "33767", "content": "[\"0.25\",\"0.8\",\"1-1\",\"1.5\",\"只会拥抱我一人\",0,0,\"0.25\",\"0.8\",500,0,1,\"SimHei\",1]"}, {"uid": "33767", "content": "[\"0.25\",\"0.8\",\"1-1\",\"1.5\",\"今天的舞台女神\",0,0,\"0.25\",\"0.8\",500,0,1,\"SimHei\",1]"}, {"uid": "33767", "content": "[\"0.25\",\"0.8\",\"1-1\",\"1.5\",\"涂了红汞也没用\\n(我才不ー涂)(啥ーっ？)\",0,0,\"0.25\",\"0.8\",500,0,1,\"SimHei\",1]"}, {"uid": "33767", "content": "[\"0.25\",\"0.8\",\"1-1\",\"1.5\",\"占取先机(哦哦っ)\\n不要超过我啊ー！(喂っ)\",0,0,\"0.25\",\"0.8\",500,0,1,\"SimHei\",1]"}, {"uid": "33767", "content": "[\"0.25\",\"0.8\",\"1-1\",\"1.5\",\"全赌我身上 拜托啦(好不好嘛)\",0,0,\"0.25\",\"0.8\",500,0,1,\"SimHei\",1]"}, {"uid": "33767", "content": "[\"0.25\",\"0.8\",\"1-1\",\"1.5\",\"我就是种子选手(才不要当第二)\",0,0,\"0.25\",\"0.8\",500,0,1,\"SimHei\",1]"}, {"uid": "33767", "content": "[\"0.25\",\"0.8\",\"1-1\",\"1.5\",\"泳衣(制服)睡衣(不要睡啊！！)\",0,0,\"0.25\",\"0.8\",500,0,1,\"SimHei\",1]"}, {"uid": "33767", "content": "[\"0.25\",\"0.8\",\"1-1\",\"1.5\",\"目标向可爱进攻\\n(一件上衣数种搭配)\",0,0,\"0.25\",\"0.8\",500,0,1,\"SimHei\",1]"}, {"uid": "33767", "content": "[\"0.25\",\"0.8\",\"1-1\",\"1.5\",\"这下岂不是无敌\\n(说不准还没开始)\",0,0,\"0.25\",\"0.8\",500,0,1,\"SimHei\",1]"}, {"uid": "33767", "content": "[\"0.25\",\"0.8\",\"1-1\",\"1.5\",\"闪电冲刺！(顶级跳跃！)\",0,0,\"0.25\",\"0.8\",500,0,1,\"SimHei\",1]"}, {"uid": "33767", "content": "[\"0.25\",\"0.8\",\"1-1\",\"1.5\",\"要迟到啦快追上去！\\n(马场积水！咣当)\",0,0,\"0.25\",\"0.8\",500,0,1,\"SimHei\",1]"}, {"uid": "33767", "content": "[\"0.2\",\"0.8\",\"1-1\",\"1.5\",\"世纪的觉醒(回笼觉ー 回笼觉ー)\",0,0,\"0.2\",\"0.8\",500,0,1,\"SimHei\",1]"}, {"uid": "33767", "content": "[\"0.2\",\"0.8\",\"1-1\",\"1.5\",\"好困哦ー(好懒哦ー)\\n饿扁了ー(给我饭勺ー)\",0,0,\"0.2\",\"0.8\",500,0,1,\"SimHei\",1]"}, {"uid": "33767", "content": "[\"0.2\",\"0.8\",\"1-1\",\"1.5\",\"再睡5分钟ー(来个早安的亲吻)\",0,0,\"0.2\",\"0.8\",500,0,1,\"SimHei\",1]"}, {"uid": "33767", "content": "[\"0.2\",\"0.8\",\"1-1\",\"1.5\",\"达达吧嗒嗒嗒嗒嗒嗒嗒嗒嗒嗒嗒嗒\\n(3 2 1 Fight！！)\",0,0,\"0.2\",\"0.8\",500,0,1,\"SimHei\",1]"}, {"uid": "33767", "content": "[\"0.35\",\"0.8\",\"1-1\",\"1.5\",\"呜ーー(噢っ)　\\n呜ーー(噢噢っ)\",0,0,\"0.35\",\"0.8\",500,0,1,\"SimHei\",1]"}, {"uid": "33767", "content": "[\"0.35\",\"0.8\",\"1-1\",\"1.5\",\"(马儿跳 马儿跃)\",0,0,\"0.35\",\"0.8\",500,0,1,\"SimHei\",1]"}, {"uid": "33767", "content": "[\"0.35\",\"0.8\",\"1-1\",\"1.5\",\"(马儿哒骑)\",0,0,\"0.35\",\"0.8\",500,0,1,\"SimHei\",1]"}, {"uid": "33767", "content": "[\"0.25\",\"0.8\",\"1-1\",\"1.5\",\"3 2 1(呜ーーFight！！)\",0,0,\"0.25\",\"0.8\",500,0,1,\"SimHei\",1]"}, {"uid": "33767", "content": "[\"0.25\",\"0.8\",\"1-1\",\"1.5\",\"开开心心 Honey\",0,0,\"0.25\",\"0.8\",500,0,1,\"SimHei\",1]"}, {"uid": "33767", "content": "[\"0.25\",\"0.8\",\"1-1\",\"1.5\",\"3 2 1 Go Fight\",0,0,\"0.25\",\"0.8\",500,0,1,\"SimHei\",1]"}, {"uid": "33767", "content": "[\"0.25\",\"0.8\",\"1-1\",\"2\",\"快快乐乐 Darling\",0,0,\"0.25\",\"0.8\",500,0,1,\"SimHei\",1]"}, {"uid": "33767", "content": "[\"0.25\",\"0.8\",\"1-1\",\"2\",\"今天依ー然奏响ー着ー\",0,0,\"0.25\",\"0.8\",500,0,1,\"SimHei\",1]"}, {"uid": "33767", "content": "[\"0.25\",\"0.8\",\"1-1\",\"2\",\"BakyunBukyun \\n最喜欢ー你ー了ー呀ー\",0,0,\"0.25\",\"0.8\",500,0,1,\"SimHei\",1]"}, {"uid": "33767", "content": "[\"0.25\",\"0.8\",\"1-1\",\"2\",\"ZukyunDokyun 心中一颤\\n(呼っ呼ー)\",0,0,\"0.25\",\"0.8\",500,0,1,\"SimHei\",1]"}, {"uid": "33767", "content": "[\"0.25\",\"0.8\",\"1-1\",\"2\",\"像这样ー的ー比ー赛ー \\n我还是第一次(3 2 1 Fight！！)\",0,0,\"0.25\",\"0.8\",500,0,1,\"SimHei\",1]"}, {"uid": "33767", "content": "[\"0.25\",\"0.8\",\"1-1\",\"2\",\"BakyunBukyun \\n就要疾ー驰ー而ー去ー\",0,0,\"0.25\",\"0.8\",500,0,1,\"SimHei\",1]"}, {"uid": "33767", "content": "[\"0.25\",\"0.8\",\"1-1\",\"1.5\",\"ZukyunDokyun 开始奔跑ー\\n(呼っ呼ー)\",0,0,\"0.25\",\"0.8\",500,0,1,\"SimHei\",1]"}, {"uid": "33767", "content": "[\"0.25\",\"0.8\",\"1-1\",\"1.5\",\"你的爱马啊！\",0,0,\"0.25\",\"0.8\",500,0,1,\"SimHei\",1]"}, {"uid": "33767", "content": "[\"0.25\",\"0.8\",\"1-1\",\"1.5\",\"(心ー动心动心动心\\n动心动心动心动心动)\",0,0,\"0.25\",\"0.8\",500,0,1,\"SimHei\",1]"}, {"uid": "33767", "content": "[\"0.25\",\"0.8\",\"1-1\",\"1.5\",\"要在你的心中 点亮光芒\",0,0,\"0.25\",\"0.8\",500,0,1,\"SimHei\",1]"}, {"uid": "33767", "content": "[\"0.25\",\"0.8\",\"1-1\",\"1.5\",\"划破风儿 脚踹大地\",0,0,\"0.25\",\"0.8\",500,0,1,\"SimHei\",1]"}, {"uid": "33767", "content": "[\"0.25\",\"0.8\",\"1-1\",\"1.5\",\"奔向彩虹的彼端吧\",0,0,\"0.25\",\"0.8\",500,0,1,\"SimHei\",1]"}, {"uid": "33767", "content": "[\"0.25\",\"0.8\",\"1-1\",\"1.5\",\"只会亲吻我一人\",0,0,\"0.25\",\"0.8\",500,0,1,\"SimHei\",1]"}, {"uid": "33767", "content": "[\"0.25\",\"0.8\",\"1-1\",\"1.5\",\"きょうの勝利の女神は\",0,0,\"0.25\",\"0.8\",500,0,1,\"SimHei\",1]"}, {"uid": "33767", "content": "[\"0.25\",\"0.8\",\"1-1\",\"1.5\",\"涂了红汞也没用\\n(治不好的啦っ)(啥ーっ？)\",0,0,\"0.25\",\"0.8\",500,0,1,\"SimHei\",1]"}, {"uid": "33767", "content": "[\"0.25\",\"0.8\",\"1-1\",\"1.5\",\"不要再哭啦(嗨っ)　\\n还擦什么擦啊ー(喂っ)\",0,0,\"0.25\",\"0.8\",500,0,1,\"SimHei\",1]"}, {"uid": "33767", "content": "[\"0.25\",\"0.8\",\"1-1\",\"1.5\",\"不管是哪个家伙都 \\n哎呀呀(体重全反弹)\",0,0,\"0.25\",\"0.8\",500,0,1,\"SimHei\",1]"}, {"uid": "33767", "content": "[\"0.25\",\"0.8\",\"1-1\",\"1.5\",\"那孩子的是(华夫饼)\\n这孩子的是(百吉圈)\",0,0,\"0.25\",\"0.8\",500,0,1,\"SimHei\",1]"}, {"uid": "33767", "content": "[\"0.15\",\"0.8\",\"1-1\",\"1.5\",\"好想吃大米啊(可又想瘦下身子！)\",0,0,\"0.15\",\"0.8\",500,0,1,\"SimHei\",1]"}, {"uid": "33767", "content": "[\"0.15\",\"0.8\",\"1-1\",\"1.5\",\"真要追到头哦(不需要糖分)\",0,0,\"0.15\",\"0.8\",500,0,1,\"SimHei\",1]"}, {"uid": "33767", "content": "[\"0.15\",\"0.8\",\"1-1\",\"1.5\",\"今天也要乱七八糟痛痛快快大闹一场\\n(恰ー！)\",0,0,\"0.15\",\"0.8\",500,0,1,\"SimHei\",1]"}, {"uid": "33767", "content": "[\"0.15\",\"0.8\",\"1-1\",\"1.5\",\"眼球经不起阳光折腾也要开跑(嗨っ！)\",0,0,\"0.15\",\"0.8\",500,0,1,\"SimHei\",1]"}, {"uid": "33767", "content": "[\"0.15\",\"0.8\",\"1-1\",\"1.2\",\"       第一第二第三四五\\n(马不停蹄马上就要轮到我们上场)\",0,0,\"0.15\",\"0.8\",500,0,1,\"SimHei\",1]"}, {"uid": "33767", "content": "[\"0.2\",\"0.8\",\"1-1\",\"1.2\",\"不经意间迈着小碎步\\n(慌ー张っ So What)\",0,0,\"0.2\",\"0.8\",500,0,1,\"SimHei\",1]"}, {"uid": "33767", "content": "[\"0.1\",\"0.8\",\"1-1\",\"1\",\"太阳高挂天气晴朗准备比赛\\n(嗨っ)\",0,0,\"0.1\",\"0.8\",500,0,1,\"SimHei\",1]"}, {"uid": "33767", "content": "[\"0.25\",\"0.8\",\"1-1\",\"1\",\"呜马呜马呜喵呜喵 \\n  3 2 1 Fight！！\",0,0,\"0.25\",\"0.8\",500,0,1,\"SimHei\",1]"}, {"uid": "33767", "content": "[\"0.25\",\"0.8\",\"1-1\",\"1\",\"呜ーー(马儿扑抑)\",0,0,\"0.25\",\"0.8\",500,0,1,\"SimHei\",1]"}, {"uid": "33767", "content": "[\"0.25\",\"0.8\",\"1-1\",\"1\",\"呜ーー(马儿扑抑)\",0,0,\"0.25\",\"0.8\",500,0,1,\"SimHei\",1]"}, {"uid": "33767", "content": "[\"0.25\",\"0.8\",\"1-1\",\"1\",\"心动哒骑 心动哒骑\",0,0,\"0.25\",\"0.8\",500,0,1,\"SimHei\",1]"}, {"uid": "33767", "content": "[\"0.38\",\"0.9\",\"1-1\",\"1\",\"呜ーーー\",0,0,\"0.38\",\"0.9\",500,0,1,\"SimHei\",1]"}, {"uid": "33767", "content": "[\"0.38\",\"0.9\",\"1-1\",\"1\",\"马儿哒骑\",0,0,\"0.38\",\"0.9\",500,0,1,\"SimHei\",1]"}, {"uid": "33767", "content": "[\"0.2\",\"0.9\",\"1-1\",\"1\",\"呜ーーーー(马儿哒骑)\",0,0,\"0.2\",\"0.9\",500,0,1,\"SimHei\",1]"}, {"uid": "85456150", "content": "俺のミレイが！"}, {"uid": "474316513", "content": "俺のミレイが!!!"}, {"uid": "474316513", "content": "俺のミレイが!!!"}, {"uid": "503914057", "content": "k k s k"}, {"uid": "89498", "content": "再来一遍"}, {"uid": "544972", "content": "这也太可爱了吧"}, {"uid": "9336930", "content": "太可爱了巴"}, {"uid": "72228009", "content": "冥冥民参见女王陛下！"}, {"uid": "37498399", "content": "俺のミレイが！！！"}, {"uid": "34199064", "content": "双涡轮!双涡轮!()"}, {"uid": "125720", "content": "太可爱了!"}, {"uid": "37498399", "content": "俺のミレイが！！！"}, {"uid": "19416553", "content": "当她出现在赛场的时候，全场都在欢呼她的名字"}, {"uid": "93572463", "content": "30 B站特攻记忆恢复"}, {"uid": "487279", "content": "俺のミレイが！！"}, {"uid": "93557384", "content": "30太可爱了\\30/\\30/\\30/"}, {"uid": "93572463", "content": "当时的SSR卡可不是吹的"}, {"uid": "48021609", "content": "awsl"}, {"uid": "19628", "content": "超高质量的PV"}, {"uid": "29454431", "content": "白菜和白猫"}, {"uid": "442250487", "content": "我的天太可爱了"}, {"uid": "8752457", "content": "投币比点赞多就离谱"}, {"uid": "3632616", "content": "突然可爱"}, {"uid": "7079884", "content": "爱马仕狂喜"}, {"uid": "23001624", "content": "问题来了，30健身环能跑多久"}, {"uid": "13966525", "content": "冥界女王可爱！"}, {"uid": "10947551", "content": "俺のミレイが！！！"}, {"uid": "16633125", "content": "左耳白菜？"}, {"uid": "36269533", "content": "世界最可爱的女王大人"}, {"uid": "794038", "content": "针不戳！"}, {"uid": "125164", "content": "俺の愛ミレイが——！"}, {"uid": "95415367", "content": "30可爱！"}, {"uid": "37498399", "content": "俺のミレイが"}, {"uid": "10159973", "content": "太可爱了，是本音吗"}, {"uid": "14275487", "content": "非战斗人员请撤离"}, {"uid": "525207", "content": "我的宝太可爱了！！！！"}, {"uid": "12850349", "content": "冥界女王可爱！"}, {"uid": "12850349", "content": "冥界女王可爱！"}, {"uid": "67655543", "content": "太可爱了！！！"}, {"uid": "67655543", "content": "俺のミダレ！！！"}, {"uid": "35520443", "content": "无敌！无敌！无敌！"}, {"uid": "1433095", "content": "30 foo foo！"}, {"uid": "3418605", "content": "30 +白菜+ 古守哥=三人合唱组 同时期待今年的BML能见到你们"}, {"uid": "6038651", "content": "俺のミレイが！！！！！"}, {"uid": "11194170", "content": "可爱"}, {"uid": "6406310", "content": "冥界女王可愛い！"}, {"uid": "18719921", "content": "吃可爱长大的冥界女王"}, {"uid": "286420910", "content": "可愛い！！俺のミレイが！！"}, {"uid": "95415367", "content": "冥界女王可爱！"}, {"uid": "7626017", "content": "三头犬可爱！冥界女王可爱！"}, {"uid": "2174486", "content": "俺のミレイが！！！！"}, {"uid": "2174486", "content": "俺のミレイが！！！！"}, {"uid": "8901297", "content": "30suki！！！！！"}, {"uid": "2174486", "content": "俺のミレイが！！！！"}, {"uid": "9240116", "content": "30好可爱！！！！！"}, {"uid": "31476143", "content": "冥界女王可爱！！！！"}, {"uid": "67655543", "content": "冥界女王可爱！！"}, {"uid": "9050193", "content": "冥界女王超可爱"}, {"uid": "13455418", "content": "俺のミレイが！"}, {"uid": "15053846", "content": "就是这么可爱啊"}, {"uid": "97284", "content": "太可爱了！！！"}, {"uid": "106021", "content": "30！suki！30！suki！"}, {"uid": "37498399", "content": "俺のミレイが"}, {"uid": "11202938", "content": "有点魔性，循环了"}, {"uid": "2505198", "content": "30可愛い"}, {"uid": "375634", "content": "かわいい"}, {"uid": "894897", "content": "太可爱了吧!"}, {"uid": "62596118", "content": "双涡轮(x) 30(✓) "}, {"uid": "175263", "content": "怎么会有如此可爱的人啊啊啊啊啊啊"}, {"uid": "9050193", "content": "awsl"}, {"uid": "8168131", "content": "键盘冒奶了"}, {"uid": "35917848", "content": "这个30！太棒了！"}, {"uid": "15389190", "content": "俺のミレイが！！！！！！"}, {"uid": "116791", "content": "俺のミレイが！！！！！"}, {"uid": "6406310", "content": "冥界女王可爱！"}, {"uid": "3651311", "content": "俺のミレイが！！"}, {"uid": "125720", "content": "画得好可爱啊啊啊啊"}, {"uid": "4073161", "content": "俺のミレイが！"}, {"uid": "7713860", "content": "教练我要这个双涡轮30！！！！"}, {"uid": "19628", "content": "30太可爱了！！！！！！"}, {"uid": "6221030", "content": "奶味这么组？！"}, {"uid": "11834504", "content": "30可爱单推了"}, {"uid": "719853867", "content": "30 可爱！！！"}, {"uid": "21896921", "content": "十万助攻"}, {"uid": "29420546", "content": "每天一遍"}, {"uid": "627941053", "content": "心动的感觉"}, {"uid": "19654470", "content": "10万再生助攻！"}, {"uid": "3814233", "content": "单曲循环!"}, {"uid": "186721", "content": "ずきゅん、どきゅん、胸がない~"}, {"uid": "12738614", "content": "呜————————"}, {"uid": "1528657", "content": "30suki"}, {"uid": "99453925", "content": "再来亿遍"}, {"uid": "666834058", "content": "来了来了"}, {"uid": "3963973", "content": "这就要1000了"}, {"uid": "27228190", "content": "30超可爱"}, {"uid": "30132937", "content": "双涡轮（有端联想）"}, {"uid": "2629851", "content": "俺のミレイが！！！"}, {"uid": "2629851", "content": "俺のミレイが！！！"}, {"uid": "6370967", "content": "30...30...suki"}, {"uid": "3970880", "content": "30"}, {"uid": "37498399", "content": "俺のミレイが！"}, {"uid": "1808632", "content": "awsl"}, {"uid": "1591623", "content": "俺のミイレが！！！"}, {"uid": "441344288", "content": "每天亿编"}, {"uid": "1692486", "content": "为什么我感觉像布丁"}, {"uid": "37913832", "content": "要来了"}, {"uid": "107113728", "content": "初见 可爱 单推"}, {"uid": "10778462", "content": "日常循环"}, {"uid": "44000870", "content": "太可爱了"}, {"uid": "37498399", "content": "可爱的30斯哈斯哈斯哈"}, {"uid": "3955222", "content": "双涡轮师匠！"}, {"uid": "22404848", "content": "俺のミレイが！"}, {"uid": "37498399", "content": "俺のミレイが！！！"}, {"uid": "313897", "content": "俺の愛馬が!​"}, {"uid": "313897", "content": "经费在燃烧"}, {"uid": "93572463", "content": "可爱爆了"}, {"uid": "93572463", "content": "30  我的30！我要哭了"}, {"uid": "93572463", "content": "首页推荐！MMM 可以开始哭了"}, {"uid": "67655543", "content": "最后亿遍"}, {"uid": "29420546", "content": "宝太可爱了，出不去了"}, {"uid": "7491757", "content": "双涡轮，我的超人"}, {"uid": "36769691", "content": "awsl"}, {"uid": "89498", "content": "这个321很白菜"}, {"uid": "10947551", "content": "俺のミレイが！"}, {"uid": "35538918", "content": "可爱"}, {"uid": "19416553", "content": "真的用心了"}, {"uid": "194175206", "content": "30suki"}, {"uid": "31955486", "content": "Awsl"}, {"uid": "95415367", "content": "欢迎回来"}, {"uid": "1591623", "content": "俺のミレイが！！"}, {"uid": "108086108", "content": "俺のミレイが！"}, {"uid": "25400947", "content": "俺のミレイが！"}, {"uid": "51418548", "content": "kksk"}, {"uid": "43843812", "content": "awsl"}, {"uid": "38107783", "content": "awsl"}, {"uid": "67655543", "content": "俺のミレイが！！！"}, {"uid": "67655543", "content": "30sukiki"}, {"uid": "32615824", "content": "30可愛い～"}, {"uid": "6038651", "content": "(￣3￣)(￣3￣)"}, {"uid": "198687504", "content": "foo foo"}, {"uid": "11344630", "content": "俺のミレイが！"}, {"uid": "1677778", "content": "我的爱马！双涡轮（不是）"}, {"uid": "35021176", "content": "30...30...suki"}, {"uid": "31298127", "content": "30太可爱了"}, {"uid": "29566289", "content": "开头见"}, {"uid": "474316513", "content": "可爱"}, {"uid": "3629442", "content": "♬30♬眼镜长裙子上了"}, {"uid": "65845356", "content": "30最可爱了！胸口是冥界3头驴吗？"}, {"uid": "8901297", "content": "30suki！！！！！"}, {"uid": "19724079", "content": "初见！可爱！结婚！！！"}, {"uid": "104381989", "content": "Suki suki可爱的30"}, {"uid": "5036", "content": "冥界女王可爱"}, {"uid": "46252062", "content": "kksk"}, {"uid": "286420910", "content": "30sukiki"}, {"uid": "230337405", "content": "30世界第一可爱！"}, {"uid": "9062519", "content": "kawaii"}, {"uid": "29566289", "content": "kawaii"}, {"uid": "262284680", "content": "太可爱了"}, {"uid": "1941721212", "content": "30sukiki"}, {"uid": "33440686", "content": "30303030"}, {"uid": "73856508", "content": "太可爱了 我化了"}, {"uid": "35917848", "content": "太可爱了，妈耶"}, {"uid": "15053846", "content": "太可爱了"}, {"uid": "37498399", "content": "高质量！"}, {"uid": "19628", "content": "(￣3￣)(￣3￣)30真可爱"}, {"uid": "2511085", "content": "太可爱了这个30"}, {"uid": "12752668", "content": "好！"}, {"uid": "457326", "content": "好可爱啊"}, {"uid": "6038651", "content": "来了来了"}, {"uid": "198687504", "content": "可爱，suki"}, {"uid": "8901297", "content": "30可爱！！！！"}, {"uid": "297037", "content": "ツインミレイしか勝たん"}, {"uid": "33962", "content": "俺のミレイが!!!"}, {"uid": "231348", "content": "suki 30 suki  30可爱死了！"}, {"uid": "19628", "content": "超高质量PV"}, {"uid": "413308722", "content": "awsl"}, {"uid": "9824302", "content": "来了"}, {"uid": "719853867", "content": "30 kawaii !"}, {"uid": "56595", "content": "10w冲鸭"}, {"uid": "29420546", "content": "都别想跑"}, {"uid": "503914057", "content": "kksk"}, {"uid": "314816", "content": "kksk"}, {"uid": "40055502", "content": "awsl"}, {"uid": "12738614", "content": "太可爱了宝"}, {"uid": "2944190", "content": "可爱"}, {"uid": "106021", "content": "30！ 可爱！！"}, {"uid": "203157", "content": "俺のミレイが！！！"}, {"uid": "72228009", "content": "30...30...suki~"}, {"uid": "8284532", "content": "30……30……结婚！"}, {"uid": "36269533", "content": "30 sukiki"}, {"uid": "34357302", "content": "可爱"}, {"uid": "336568", "content": "俺の愛馬が！！"}, {"uid": "441344288", "content": "开头见"}, {"uid": "229803165", "content": "kksk"}, {"uid": "2629851", "content": "awsl"}, {"uid": "13275281", "content": "可爱可爱可爱可爱可爱"}, {"uid": "355015489", "content": "kksk"}, {"uid": "355015489", "content": "好耶"}, {"uid": "2629851", "content": "30 sukiki"}, {"uid": "487279", "content": "啊啊啊啊啊啊"}, {"uid": "116791", "content": "俺のミレイが！"}, {"uid": "1619259792", "content": "可爱"}, {"uid": "1891943", "content": "双涡轮"}, {"uid": "355015489", "content": "enfer kawaii!"}, {"uid": "355015489", "content": "可愛い！！"}, {"uid": "3690746", "content": "awsl"}, {"uid": "427507", "content": "俺のミレイが！！！"}, {"uid": "352414987", "content": "awsl"}, {"uid": "13792286", "content": "awsl"}, {"uid": "91579995", "content": "kksk"}, {"uid": "91579995", "content": "kksk"}, {"uid": "190179641", "content": "suki"}, {"uid": "474316513", "content": "30...30...suki"}, {"uid": "35538918", "content": "我又来了"}, {"uid": "36774639", "content": "今年bml没30我不看"}, {"uid": "487279", "content": "awsl"}, {"uid": "21896921", "content": "ohhhhhh"}, {"uid": "19504602", "content": "awsl"}, {"uid": "474316513", "content": "俺のミレイが!!!"}, {"uid": "32615824", "content": "awsl"}, {"uid": "544972", "content": "好耶"}, {"uid": "7556405", "content": "kawaii"}, {"uid": "384795131", "content": "awsl"}, {"uid": "116791", "content": "可可爱爱"}, {"uid": "1821119", "content": "30可爱"}, {"uid": "736530", "content": "suki suki 30"}, {"uid": "93572463", "content": "B站特攻~二次元王者"}, {"uid": "93572463", "content": "30可爱的可不止有声音哦 性格更"}, {"uid": "22866390", "content": "奶狗"}, {"uid": "19628", "content": "这里白菜跟aria的声音真明显www"}, {"uid": "658115", "content": "俺のaiboが！！"}, {"uid": "42564296", "content": "Awsl"}, {"uid": "23001624", "content": "uuuuuuuuuu"}, {"uid": "340551134", "content": "芝"}, {"uid": "37498399", "content": "我可爱的30"}, {"uid": "23001624", "content": "冒奶冒奶"}, {"uid": "441344288", "content": "awsl"}, {"uid": "37498399", "content": "俺のミレイが！！！！"}, {"uid": "194175206", "content": "awsl"}, {"uid": "351232820", "content": "咪蕾大好き"}, {"uid": "37498399", "content": "俺のミレイが！！！！！"}, {"uid": "487279", "content": "可爱"}, {"uid": "326989748", "content": "爱了爱了"}, {"uid": "51418548", "content": "可爱死啦！！"}, {"uid": "27947969", "content": "来了"}, {"uid": "28233581", "content": "来了来了"}, {"uid": "212101", "content": "\\30/\\30/\\30/"}, {"uid": "212101", "content": "sukiki"}, {"uid": "212101", "content": "来了来了"}, {"uid": "434780627", "content": "吃可爱长大的吗？"}, {"uid": "4022374", "content": "kawaii"}, {"uid": "403327", "content": "kksk."}, {"uid": "4114637", "content": "俺の愛ミレイが！！！！！"}, {"uid": "286420910", "content": "30可愛い！！！！！"}, {"uid": "631278760", "content": "30可爱！"}, {"uid": "3863519", "content": "可爱"}, {"uid": "764389", "content": "好耶"}, {"uid": "658115", "content": "俺のミレイが！！！"}, {"uid": "6780433", "content": "实在太可爱了"}, {"uid": "12372377", "content": "来了来了"}, {"uid": "492346115", "content": "ohhhhhhhh"}, {"uid": "36283238", "content": "可爱可爱！！"}, {"uid": "37498399", "content": "可爱！！！！"}, {"uid": "15574129", "content": "kawaii"}, {"uid": "9050193", "content": "来了来了"}, {"uid": "198345176", "content": "孩子好可爱"}, {"uid": "165115", "content": "Fight！"}, {"uid": "19824793", "content": "awsl"}, {"uid": "82569222", "content": "可爱!"}, {"uid": "131775", "content": "好耶好耶~"}, {"uid": "116791", "content": "俺のミレイが！！"}, {"uid": "139659", "content": "喜欢kksk"}, {"uid": "2874576", "content": "30太可爱了啊"}, {"uid": "29566289", "content": "三连了"}, {"uid": "12955730", "content": "可爱！！！"}, {"uid": "14764586", "content": "30可爱！"}, {"uid": "188392736", "content": "来了"}, {"uid": "106021", "content": "草"}, {"uid": "487109", "content": "我的30"}, {"uid": "1451375", "content": "30真可爱"}, {"uid": "91579995", "content": "sukisuki"}, {"uid": "355817", "content": "suki"}, {"uid": "28522767", "content": "可爱"}, {"uid": "267221", "content": "AA可爱"}, {"uid": "1921281", "content": "来了来了"}, {"uid": "109849307", "content": "30sukiiiiiiiiiiiiiiiiiiiiii"}, {"uid": "125164", "content": "俺のミレイが！！！"}, {"uid": "19028270", "content": "来了来了"}, {"uid": "116791", "content": "其实也没什么好听，我也就一天循环听几百遍而已~"}, {"uid": "2629851", "content": "awsl"}, {"uid": "80394520", "content": "纯路人,请问这是双涡轮吗doge"}, {"uid": "355015489", "content": "kawaii!"}, {"uid": "355015489", "content": "Good"}, {"uid": "2629851", "content": "awsl"}, {"uid": "404257649", "content": "俺の愛馬が!!!"}, {"uid": "4056116", "content": "awsl"}, {"uid": "441344288", "content": "awsl"}, {"uid": "2881638", "content": "awsl"}, {"uid": "5785365", "content": "awsl"}, {"uid": "15233575", "content": "俺の愛馬が！！"}, {"uid": "355015489", "content": "阔爱"}, {"uid": "355015489", "content": "可愛い"}, {"uid": "355015489", "content": "kawaii"}, {"uid": "9019692", "content": "30我的超人"}, {"uid": "9629", "content": "爱马人士不请自来"}, {"uid": "8657042", "content": "太可爱了"}, {"uid": "474316513", "content": "awsl"}, {"uid": "37913832", "content": "芝"}, {"uid": "19628", "content": "30太可爱了~"}, {"uid": "19628", "content": "kksk"}, {"uid": "22991717", "content": "俺の愛馬が！！"}, {"uid": "290551999", "content": "awsl"}, {"uid": "29420546", "content": "30sukiki"}, {"uid": "12738614", "content": "sukiki"}, {"uid": "520386210", "content": "冲冲冲"}, {"uid": "11202938", "content": "萌萌哒"}, {"uid": "7043663", "content": "来了"}, {"uid": "9824164", "content": "来了来了"}, {"uid": "106021", "content": "30！30！30！"}, {"uid": "13146318", "content": "俺の愛馬が！！！"}, {"uid": "10229089", "content": "3.0？？？"}, {"uid": "36774639", "content": "无限循环"}, {"uid": "40670484", "content": "sukiki"}, {"uid": "2969964", "content": "弹幕支援"}, {"uid": "93572463", "content": "30，VTB，帕里的女儿"}, {"uid": "93572463", "content": "MMM 开始哭"}, {"uid": "10256519", "content": "kawai"}, {"uid": "2854211", "content": "神秘."}, {"uid": "434408610", "content": "手机冒奶了"}, {"uid": "36769691", "content": "awsl"}, {"uid": "11691053", "content": "好听好听，kawaiiii"}, {"uid": "3632616", "content": "大制作"}, {"uid": "23001624", "content": "好耶"}, {"uid": "441344288", "content": "开头见"}, {"uid": "487145767", "content": "awsl"}, {"uid": "339323", "content": "用心了，30加油！"}, {"uid": "167865345", "content": "30可爱"}, {"uid": "167865345", "content": "来了"}, {"uid": "194175206", "content": "已经出不去了"}, {"uid": "194175206", "content": "可爱可爱"}, {"uid": "88228422", "content": "30suki"}, {"uid": "223494", "content": "30"}, {"uid": "24788725", "content": "可爱"}, {"uid": "9190626", "content": "30可爱死了"}, {"uid": "525985906", "content": "30可爱"}, {"uid": "212101", "content": "开头见"}, {"uid": "212101", "content": "kksk"}, {"uid": "196819410", "content": "awsl"}, {"uid": "9869584", "content": "单推   结婚  MUA"}, {"uid": "116791", "content": "俺の爱马30が！！！！！！"}, {"uid": "474316513", "content": "suki"}, {"uid": "520386210", "content": "厉害"}, {"uid": "30211336", "content": "kksk  mua  ！！！！"}, {"uid": "3418605", "content": "不错 很卡哇伊"}, {"uid": "3994475", "content": "30.....30....我的好人"}, {"uid": "131391165", "content": "\\30/\\30/\\30/"}, {"uid": "1485557", "content": "来了来了来了"}, {"uid": "116791", "content": "俺の爱马30が！！！！！！"}, {"uid": "2707746", "content": "真不错"}, {"uid": "295360372", "content": "俺のミレイが！！！"}, {"uid": "82569222", "content": "好可爱啊"}, {"uid": "198345176", "content": "宝好可爱"}, {"uid": "1658923", "content": "kksk"}, {"uid": "286420910", "content": "可爱！！！！"}, {"uid": "45087547", "content": "30冲冲冲"}, {"uid": "10778462", "content": "来了来了 宝"}, {"uid": "28306190", "content": "可爱死了"}, {"uid": "19628", "content": "抽卡出货了！！"}, {"uid": "12208925", "content": "可爱！"}, {"uid": "31298127", "content": "来了来了"}, {"uid": "1808632", "content": "awsl"}, {"uid": "16391204", "content": "哈哈"}, {"uid": "1657783056", "content": "可爱！！"}, {"uid": "355015489", "content": "qwq"}, {"uid": "12738614", "content": "fofo"}, {"uid": "12738614", "content": "可爱可爱可爱"}, {"uid": "19234455", "content": "高级弹幕好耶"}, {"uid": "19234455", "content": "Mua"}, {"uid": "34357302", "content": "30suki"}, {"uid": "76082817", "content": "可爱3000000"}, {"uid": "277813809", "content": "30可爱"}, {"uid": "3261544", "content": "wwww"}, {"uid": "2527952", "content": "1000"}, {"uid": "470952496", "content": "30赛高！"}, {"uid": "350593", "content": "俺の30が"}, {"uid": "857549", "content": "30太可爱了"}, {"uid": "35538918", "content": "30......30........可爱"}, {"uid": "441344288", "content": "awsl"}, {"uid": "441344288", "content": "好耶"}, {"uid": "441344288", "content": "awsl"}, {"uid": "2629851", "content": "awsl"}, {"uid": "52700307", "content": "私も"}, {"uid": "355015489", "content": "30sukiki"}, {"uid": "3970880", "content": "来了来了"}, {"uid": "23140612", "content": "30可爱"}, {"uid": "297992", "content": "师匠"}, {"uid": "23838334", "content": "可爱"}, {"uid": "45927838", "content": "奶味儿30"}, {"uid": "487279", "content": "kksk"}, {"uid": "336240813", "content": "每天一遍"}, {"uid": "20986764", "content": "awsl"}, {"uid": "355015489", "content": "冥冥民來了"}, {"uid": "23001624", "content": "高级弹幕好耶！"}, {"uid": "23001624", "content": "uuuuuuuuuu"}, {"uid": "95415367", "content": "awsl"}, {"uid": "474316513", "content": "开头见"}, {"uid": "11491610", "content": "俺の愛馬が！！！[打call]​"}, {"uid": "290551999", "content": "awsl"}, {"uid": "85456150", "content": "俺の愛馬が！！！[打call]​"}, {"uid": "735591", "content": "奶味的咪蕾"}, {"uid": "37498399", "content": "awsl"}, {"uid": "495729529", "content": "30suki"}, {"uid": "207458634", "content": "awsl"}, {"uid": "1004978539", "content": "好可爱啊"}, {"uid": "93557384", "content": "心脏骤停\\30/\\30/\\30/"}, {"uid": "42564296", "content": "俺の愛馬が！"}, {"uid": "29454431", "content": "做白菜"}, {"uid": "37498399", "content": "我要萌化了"}, {"uid": "36769691", "content": "30 suki"}, {"uid": "42862772", "content": "30 30 suki"}, {"uid": "441344288", "content": "awsl"}, {"uid": "16167891", "content": "可爱死了"}, {"uid": "16005444", "content": "俺の愛馬が"}, {"uid": "590223", "content": "30 suki"}, {"uid": "2487356", "content": "俺の愛馬が！"}, {"uid": "207458634", "content": "来了"}, {"uid": "31955486", "content": "30可爱！！！！！！！！"}, {"uid": "1591623", "content": "欢迎回来"}, {"uid": "272935999", "content": "来了来了"}, {"uid": "25400947", "content": "狂喜"}, {"uid": "293646936", "content": "强强"}, {"uid": "293646936", "content": "可爱"}, {"uid": "2002682", "content": "俺の愛馬が"}, {"uid": "2751512", "content": "俺の愛馬が！！！"}, {"uid": "212101", "content": "kawaii"}, {"uid": "520386210", "content": "厉害"}, {"uid": "564572276", "content": "是30"}, {"uid": "11344630", "content": "sukiki"}, {"uid": "3418605", "content": "期待30的新衣服和3D 同时也是期待30登上BML舞台"}, {"uid": "474316513", "content": "kksk"}, {"uid": "8901297", "content": "30suki！！！！！"}, {"uid": "520386210", "content": "可爱"}, {"uid": "17264017", "content": "suki 30 suki"}, {"uid": "6038651", "content": "kksk"}, {"uid": "8254260", "content": "强强30"}, {"uid": "2957060", "content": "暗妃鲁咪蕾kawaii！！！！！"}, {"uid": "239935528", "content": "30suki！！！"}, {"uid": "938551", "content": "awsl"}, {"uid": "219593399", "content": "太可爱了吧"}, {"uid": "198687504", "content": "awsl"}, {"uid": "22992267", "content": "30kawaiiiiiii（AWSL）"}, {"uid": "7626017", "content": "30可爱~"}, {"uid": "544299387", "content": "爱马"}, {"uid": "35917848", "content": "不行了，太可爱了"}, {"uid": "3418605", "content": "不错"}, {"uid": "37680383", "content": "脖子上的地狱三头犬"}, {"uid": "31476143", "content": "awsl"}, {"uid": "11015243", "content": "抢先三连"}, {"uid": "44689654", "content": "kawaiii"}, {"uid": "4946248", "content": "来了"}, {"uid": "1068629489", "content": "kksk"}, {"uid": "40088221", "content": "芜湖"}, {"uid": "8657042", "content": "太可爱了"}, {"uid": "12738614", "content": "我爱你啊"}, {"uid": "67655543", "content": "kksk"}, {"uid": "441344288", "content": "awsl"}, {"uid": "212101", "content": "来了来了"}, {"uid": "72228009", "content": "俺の愛馬が！！"}, {"uid": "27947969", "content": "suki 30 suki"}, {"uid": "12648204", "content": "我想做30小姐的狗"}, {"uid": "4086878", "content": "30!30!30!30!"}, {"uid": "108179159", "content": "30可爱！！！"}, {"uid": "2091174", "content": "可爱"}, {"uid": "109849307", "content": "awsl"}, {"uid": "355015489", "content": "kawaii"}, {"uid": "2629851", "content": "awsl"}, {"uid": "2629851", "content": "30sukiki"}, {"uid": "4929933", "content": "俺の愛馬が"}, {"uid": "153338083", "content": "awsl"}, {"uid": "51964726", "content": "俺の愛馬が"}, {"uid": "355015489", "content": "wwwwwww"}, {"uid": "355015489", "content": "30 suki"}, {"uid": "385639537", "content": "俺の愛馬が！"}, {"uid": "385639537", "content": "sukisuki"}, {"uid": "313383", "content": "俺の愛馬が"}, {"uid": "355015489", "content": "来了来了"}, {"uid": "316966922", "content": "awsl"}, {"uid": "316966922", "content": "可愛"}, {"uid": "3690746", "content": "suki 30 suki"}, {"uid": "153802", "content": "awsl"}, {"uid": "501320013", "content": "泪目"}, {"uid": "32818399", "content": "宝！真可爱！"}, {"uid": "363371696", "content": "awsl"}, {"uid": "520386210", "content": "可爱"}, {"uid": "12891523", "content": "awsl"}, {"uid": "15050575", "content": "来了来了"}, {"uid": "107113728", "content": "初见 可爱 结婚"}, {"uid": "107113728", "content": "初见 可爱 结婚"}, {"uid": "661503907", "content": "awsl"}, {"uid": "520386210", "content": "真不错"}, {"uid": "97664640", "content": "30可爱，可爱死了"}, {"uid": "185872154", "content": "30好可爱"}, {"uid": "55058075", "content": "卡哇伊!!!!!!"}, {"uid": "349250359", "content": "可爱！！！！"}, {"uid": "23001624", "content": "打call草"}, {"uid": "35538918", "content": "我又来了"}, {"uid": "436949608", "content": "厉害呀"}, {"uid": "1591623", "content": "awsl"}, {"uid": "442250487", "content": "好棒啊30"}, {"uid": "141178947", "content": "sukiki"}, {"uid": "765350", "content": "30かわいい"}, {"uid": "12321065", "content": "太可爱了吧"}, {"uid": "441344288", "content": "awsl"}, {"uid": "1284494", "content": "可爱"}, {"uid": "3205441", "content": "俺の愛馬が!​"}, {"uid": "207458634", "content": "可爱"}, {"uid": "116791", "content": "awsl"}, {"uid": "295708", "content": "Awsl"}, {"uid": "487279", "content": "awsl"}, {"uid": "68021351", "content": "KKSK"}, {"uid": "71582897", "content": "kawaii"}, {"uid": "316966922", "content": "awsl"}, {"uid": "2264478", "content": "可爱死了"}, {"uid": "423802212", "content": "3030"}, {"uid": "2178186", "content": "30"}, {"uid": "1371808", "content": "AWSL"}, {"uid": "33935601", "content": "suki"}, {"uid": "509869512", "content": "太可爱了"}, {"uid": "212101", "content": "awsl"}, {"uid": "434780627", "content": "kawaii"}, {"uid": "520386210", "content": "好听"}, {"uid": "51907052", "content": "30"}, {"uid": "9824164", "content": "可爱"}, {"uid": "2505198", "content": "以后就看30抽卡了！"}, {"uid": "474316513", "content": "awsl"}, {"uid": "29566289", "content": "开头见"}, {"uid": "29566289", "content": "开头见"}, {"uid": "520386210", "content": "女王"}, {"uid": "520386210", "content": "我抱走了"}, {"uid": "255897367", "content": "俺のミレイが！！(￣3￣)(￣3￣)​"}, {"uid": "15588298", "content": "可爱suki"}, {"uid": "1591623", "content": "30我爱你！"}, {"uid": "2874576", "content": "awsl"}, {"uid": "46252062", "content": "kksk"}, {"uid": "7901924", "content": "可爱死了"}, {"uid": "429649", "content": "30看到我了吗～"}, {"uid": "5855044", "content": "可爱可爱可爱可爱"}, {"uid": "2807491", "content": "awsl"}, {"uid": "67655543", "content": "30我爱你"}, {"uid": "95415367", "content": "awsl"}, {"uid": "15279194", "content": "ovo"}, {"uid": "67655543", "content": "好耶！！"}, {"uid": "8250049", "content": "[喜欢]​"}, {"uid": "32451375", "content": "来啦来啦"}, {"uid": "19628", "content": "太可爱了~"}, {"uid": "95902727", "content": "已经三连了"}, {"uid": "29566289", "content": "kawaii"}, {"uid": "243715515", "content": "awsl"}, {"uid": "454119302", "content": "可爱"}, {"uid": "2310085", "content": "来了来了"}, {"uid": "183966153", "content": "(￣3￣)(￣3￣)​"}, {"uid": "279805", "content": "承包"}, {"uid": "20680", "content": "没玩过赛马娘，不过30很可爱！"}, {"uid": "42470468", "content": "az前排"}, {"uid": "719853867", "content": "kksk"}, {"uid": "509623911", "content": "kawaiii"}, {"uid": "627941053", "content": "呼 呼！"}, {"uid": "15053846", "content": "冲呀！10万了！"}, {"uid": "1451375", "content": "俺の愛馬が！！！"}, {"uid": "12738614", "content": "kawaiiii"}, {"uid": "364734033", "content": "10w点赞！！"}, {"uid": "51427", "content": "看看"}, {"uid": "262284680", "content": "可爱"}, {"uid": "5915411", "content": "可爱"}, {"uid": "405142", "content": "wuuuuuuuuuuuu~~~"}, {"uid": "588704", "content": "冲冲冲"}, {"uid": "525207", "content": "宝超级可爱"}, {"uid": "106021", "content": "30可爱！我爱你！！！"}, {"uid": "267221", "content": "来了，来了"}, {"uid": "93557384", "content": "ohhhhhhhhh"}, {"uid": "229803165", "content": "suki"}, {"uid": "65212146", "content": "俺の愛馬が！！！"}, {"uid": "355015489", "content": "KKSK"}, {"uid": "355015489", "content": "30dasuki！"}, {"uid": "2629851", "content": "awsl"}, {"uid": "30110297", "content": "俺の愛馬が"}, {"uid": "2629851", "content": "awsl"}, {"uid": "2629851", "content": "awsl"}, {"uid": "16573803", "content": "俺の愛馬が！！！"}, {"uid": "109849307", "content": "awsl"}, {"uid": "441344288", "content": "awsl"}, {"uid": "2766182", "content": "这是什么可爱生物"}, {"uid": "6361313", "content": "awsl"}, {"uid": "336240813", "content": "每天一遍"}, {"uid": "10803083", "content": "awsl"}, {"uid": "355015489", "content": "kawaii"}, {"uid": "441344288", "content": "awsl"}, {"uid": "349962230", "content": "fight！！！"}, {"uid": "520386210", "content": "好"}, {"uid": "520386210", "content": "来了"}, {"uid": "94721476", "content": "30可爱"}, {"uid": "11677460", "content": "喂"}, {"uid": "18745037", "content": "唔！"}, {"uid": "22991717", "content": "俺の愛馬が！！"}, {"uid": "7245334", "content": "好耶"}, {"uid": "39204203", "content": "我又来了"}, {"uid": "474316513", "content": "awsl"}, {"uid": "520386210", "content": "很不错"}, {"uid": "44000870", "content": "可爱死啦"}, {"uid": "520386210", "content": "可爱"}, {"uid": "40055502", "content": "awsl"}, {"uid": "7556405", "content": "咪蕾赛高！"}, {"uid": "316241838", "content": "俺の愛馬が！！！"}, {"uid": "438410870", "content": "嗯~~"}, {"uid": "19824793", "content": "awsl"}, {"uid": "23001624", "content": "sukisuki"}, {"uid": "5706677", "content": "要来了"}, {"uid": "153802", "content": "awsl"}, {"uid": "2957060", "content": "可爱，啊啊啊啊啊，30可爱"}, {"uid": "29420546", "content": "awsl"}, {"uid": "37498399", "content": "欢迎回来"}, {"uid": "37498399", "content": "无限循环+1"}, {"uid": "35186217", "content": "kawaii！"}, {"uid": "27228190", "content": "俺の愛馬が！！！"}, {"uid": "294152", "content": "可爱可爱"}, {"uid": "27890669", "content": "可爱"}, {"uid": "2091174", "content": "可爱！"}, {"uid": "22363074", "content": "可爱死了"}, {"uid": "91579995", "content": "30sukisuki"}, {"uid": "86926515", "content": "俺の愛馬が！"}, {"uid": "470952496", "content": "开头见"}, {"uid": "7891796", "content": "awsl"}, {"uid": "27947969", "content": "30 30 suki suki"}, {"uid": "434780627", "content": "可爱可爱可爱"}, {"uid": "22987058", "content": "太可爱了"}, {"uid": "19824793", "content": "suki！！！！！"}, {"uid": "520386210", "content": "30"}, {"uid": "23994857", "content": "可爱可爱"}, {"uid": "5855044", "content": "30 i love you!!"}, {"uid": "2790068", "content": "可爱！！！"}, {"uid": "300846", "content": "30可爱！！！！！"}, {"uid": "19540577", "content": "awsl"}, {"uid": "6119508", "content": "我的30可爱"}, {"uid": "30162874", "content": "30 suiki"}, {"uid": "328041824", "content": "可爱suki"}, {"uid": "1821770", "content": "俺の愛馬が！！！​"}, {"uid": "3876644", "content": "foo foo"}, {"uid": "5729021", "content": "可爱"}, {"uid": "8745736", "content": "30可爱，可爱死了"}, {"uid": "24946243", "content": "awsl"}, {"uid": "46252062", "content": "可爱30可爱"}, {"uid": "10690257", "content": "可爱！！！！！！！！！"}, {"uid": "2203831", "content": "什么时候出这个UR"}, {"uid": "11202938", "content": "质量好高"}, {"uid": "2203831", "content": "这个美少女是谁"}, {"uid": "231348", "content": "30可爱死了！"}, {"uid": "8254260", "content": "wwwww"}, {"uid": "7569830", "content": "可爱"}, {"uid": "37557694", "content": "来了"}, {"uid": "2966412", "content": "ダブルジェットミレイ！"}, {"uid": "12630046", "content": "可爱"}, {"uid": "719853867", "content": "30suki"}, {"uid": "503914057", "content": "俺の愛馬が！！"}, {"uid": "91579995", "content": "俺的爱马"}, {"uid": "21905057", "content": "俺の愛馬が！！！"}, {"uid": "666834058", "content": "每天亿遍"}, {"uid": "12738614", "content": "awsl"}, {"uid": "65353029", "content": "30suki"}, {"uid": "99453925", "content": "来了来了"}, {"uid": "91417414", "content": "awsi"}, {"uid": "6329996", "content": "来了来了"}, {"uid": "3963973", "content": "1000不是简简单单？"}, {"uid": "2091174", "content": "1000弹幕助攻"}, {"uid": "93557384", "content": "muamua"}, {"uid": "19028270", "content": "kawaii"}, {"uid": "109849307", "content": "suki"}, {"uid": "2629851", "content": "awsl"}, {"uid": "2629851", "content": "awsl"}, {"uid": "441344288", "content": "awsl"}, {"uid": "36769691", "content": "awsl"}, {"uid": "441344288", "content": "awsl"}, {"uid": "65212146", "content": "俺の愛馬が！！！"}, {"uid": "355015489", "content": "awsl"}, {"uid": "106021", "content": "awsl"}, {"uid": "2629851", "content": "30....30....大好き"}, {"uid": "1903595", "content": "马儿跳 马儿跳"}, {"uid": "33902337", "content": "俺の愛馬が！"}, {"uid": "2957060", "content": "每日一刷"}, {"uid": "116791", "content": "awsl"}, {"uid": "10778462", "content": "爽耶"}, {"uid": "487269238", "content": "awsl"}, {"uid": "27228190", "content": "awsl"}, {"uid": "110390", "content": "俺の愛馬が"}, {"uid": "41986107", "content": "3030"}, {"uid": "520386210", "content": "有点厉害"}, {"uid": "520386210", "content": "很不错"}, {"uid": "520386210", "content": "太可爱了"}, {"uid": "12891523", "content": "来了来了"}, {"uid": "3122121", "content": "俺の愛馬が！"}, {"uid": "177308575", "content": "awsl"}, {"uid": "474316513", "content": "kksk"}, {"uid": "10945629", "content": "30可爱！！！"}, {"uid": "213577149", "content": "!"}, {"uid": "194175206", "content": "awsl~"}, {"uid": "475596", "content": "30世界第一可爱！"}, {"uid": "9336930", "content": "awsl"}, {"uid": "17480001", "content": "awsl"}, {"uid": "573864", "content": "俺の愛馬が！"}, {"uid": "701010", "content": "双喷射"}, {"uid": "19571256", "content": "awsl"}, {"uid": "40743242", "content": "看半天才看出来，是双涡轮小天使"}, {"uid": "93557384", "content": "俺の30が!"}, {"uid": "93572463", "content": "foofoo"}, {"uid": "48021609", "content": "太奶了"}, {"uid": "341048421", "content": "awsl！！！"}, {"uid": "4912018", "content": "かわいいいいいいい"}, {"uid": "141178947", "content": "awsl"}, {"uid": "25022944", "content": "30 30 结婚！"}, {"uid": "12321065", "content": "究极可爱！"}, {"uid": "12321065", "content": "kksk"}, {"uid": "95415367", "content": "开头见"}, {"uid": "16019595", "content": "我阵亡了"}, {"uid": "12730176", "content": "俺の30が"}, {"uid": "364653020", "content": "噢噢噢噢噢噢噢噢哦哦哦"}, {"uid": "470952496", "content": "30suki！！"}, {"uid": "11440", "content": "sukisuki"}, {"uid": "88744305", "content": "爱了爱了"}, {"uid": "51418548", "content": "mua！！"}, {"uid": "158526024", "content": "可爱！！！！！！！！！！！"}, {"uid": "151002", "content": "可爱"}, {"uid": "403327", "content": "awsl"}, {"uid": "356139413", "content": "\\30/\\30/\\30/"}, {"uid": "22987058", "content": "30——————"}, {"uid": "403327", "content": "kksk"}, {"uid": "403327", "content": "超棒的30"}, {"uid": "259427670", "content": "来了"}, {"uid": "1648055", "content": "多发弹幕，孩子喜欢"}, {"uid": "239935528", "content": "30suki！"}, {"uid": "300846", "content": "我的爱马！！！！！"}, {"uid": "2575146", "content": "awsl"}, {"uid": "198687504", "content": "suki"}, {"uid": "33744652", "content": "30我爱你"}, {"uid": "27228190", "content": "打call的是白菜和白猫吧"}, {"uid": "948851", "content": "俺の30が！"}, {"uid": "331058", "content": "很难不三连"}, {"uid": "471608519", "content": "30suki"}, {"uid": "95415367", "content": "30可爱"}, {"uid": "12348017", "content": "kawaiiiiiiiiiiii"}, {"uid": "19628", "content": "kksk"}, {"uid": "19628", "content": "awsl"}, {"uid": "20360149", "content": "kawayiiii"}, {"uid": "5043517", "content": "我已经三连了。mmm呢？"}, {"uid": "9062519", "content": "Kawaii"}, {"uid": "28954108", "content": "可爱！"}, {"uid": "7653623", "content": "好耶"}, {"uid": "106356", "content": "可爱！"}, {"uid": "1941721212", "content": "来了来了"}, {"uid": "355015489", "content": "可爱！！"}, {"uid": "25246381", "content": "哦哦哦，是高级弹幕"}, {"uid": "1730280178", "content": "kksk"}, {"uid": "106021", "content": "30！30！30！"}, {"uid": "6370967", "content": "俺の愛馬が！"}, {"uid": "9564193", "content": "30suki"}, {"uid": "135084608", "content": "awsl"}, {"uid": "12738614", "content": "sukiki"}, {"uid": "267942576", "content": "awsl"}, {"uid": "234035161", "content": "可爱"}, {"uid": "106021", "content": "女王大人！！"}, {"uid": "456213483", "content": "30，这视频可不兴发啊，开局一片绿，不是好人到了家？"}, {"uid": "3963973", "content": "www"}, {"uid": "65353029", "content": "3030"}, {"uid": "30949266", "content": "来了"}, {"uid": "3963973", "content": "1000"}, {"uid": "525207", "content": "宝太可爱了吧"}, {"uid": "15053846", "content": "来了来了"}, {"uid": "3963973", "content": "1000"}, {"uid": "487109", "content": "30结婚！"}, {"uid": "198709647", "content": "可爱sl"}, {"uid": "2629851", "content": "30！30！30！"}, {"uid": "106021", "content": "30！30！30！30！"}, {"uid": "355015489", "content": "可爱"}, {"uid": "385639537", "content": "muamua！"}, {"uid": "474845216", "content": "awsl"}, {"uid": "487279", "content": "可爱可爱"}, {"uid": "3633228", "content": "每天一刷"}, {"uid": "355015489", "content": "kksk"}, {"uid": "355015489", "content": "好耶！"}, {"uid": "501320013", "content": "awsl"}, {"uid": "441344288", "content": "awsl"}, {"uid": "11553986", "content": "wu~~~~~~~"}, {"uid": "503914057", "content": "30 foo foo"}, {"uid": "544299387", "content": "可爱"}, {"uid": "51656536", "content": "kksk"}, {"uid": "23506796", "content": "开头见"}, {"uid": "520386210", "content": "好啊"}, {"uid": "520386210", "content": "好"}, {"uid": "520386210", "content": "大制作"}, {"uid": "185872154", "content": "好可爱"}, {"uid": "10579112", "content": "awsl"}, {"uid": "19824793", "content": "俺の愛馬が！"}, {"uid": "19824793", "content": "俺の愛馬が！"}, {"uid": "12955730", "content": "可爱！！！"}, {"uid": "5859507", "content": "30太可爱了"}, {"uid": "10319", "content": "30 可爱"}, {"uid": "2869455", "content": "kawaii"}, {"uid": "42564296", "content": "俺の愛馬が！！！"}, {"uid": "7775751", "content": "awsl"}, {"uid": "457326", "content": "30 foo foo"}, {"uid": "8284532", "content": "30超可爱！"}, {"uid": "194175206", "content": "俺の愛馬が！！！"}, {"uid": "68021351", "content": "KKSK"}, {"uid": "602770583", "content": "高质量投稿阿"}, {"uid": "2002682", "content": "俺の愛馬が"}, {"uid": "11440", "content": "太可爱了！"}, {"uid": "3165461", "content": "kksk"}, {"uid": "28233581", "content": "kksk"}, {"uid": "35520443", "content": "来啦来啦！"}, {"uid": "67655543", "content": "我回来了"}, {"uid": "520386210", "content": "二刷"}, {"uid": "36774639", "content": "超可爱"}, {"uid": "3690746", "content": "ฅ۶•ﻌ•♡"}, {"uid": "356139413", "content": "\\30/\\30/\\30/"}, {"uid": "20200533", "content": "哦也来了，"}, {"uid": "474316513", "content": "kksk"}, {"uid": "356139413", "content": "30可爱~suki!!"}, {"uid": "1648055", "content": "可爱可爱"}, {"uid": "9336930", "content": "suki 30 suki"}, {"uid": "367154750", "content": "不错"}, {"uid": "520386210", "content": "30"}, {"uid": "384827453", "content": "30desuki！"}, {"uid": "29566289", "content": "可爱"}, {"uid": "857549", "content": "她怎么这么可爱"}, {"uid": "871564", "content": "30可爱！~"}, {"uid": "20946146", "content": "好好看"}, {"uid": "5661239", "content": "mua"}, {"uid": "37479986", "content": "来了"}, {"uid": "484927", "content": "sukiki"}, {"uid": "19628", "content": "foo foo"}, {"uid": "3927288", "content": "来了来了"}, {"uid": "3629442", "content": "可爱"}, {"uid": "12850349", "content": "suki"}, {"uid": "10778462", "content": "awsl"}, {"uid": "41989904", "content": "(￣3￣)(￣3￣)​"}, {"uid": "1591623", "content": "俺の30が！"}, {"uid": "1808632", "content": "她真可爱"}, {"uid": "142347", "content": "奶味马娘"}, {"uid": "620059", "content": "30 suki！！！"}, {"uid": "3926879", "content": "可爱可爱"}, {"uid": "198687504", "content": "可爱可爱"}, {"uid": "153802", "content": "来了"}, {"uid": "27947969", "content": "30可爱"}, {"uid": "31298127", "content": "kawaii"}, {"uid": "149018", "content": "来啦~"}, {"uid": "2957060", "content": "可爱！！！！！！！！！！"}, {"uid": "19731959", "content": "来了"}, {"uid": "35538918", "content": "来了来了"}, {"uid": "3814233", "content": "可爱!"}, {"uid": "302546247", "content": "俺の愛馬が"}, {"uid": "4889365", "content": "kksk"}, {"uid": "339323", "content": "冲冲冲"}, {"uid": "385639537", "content": "mua"}, {"uid": "4258081", "content": "太棒了！"}, {"uid": "421907", "content": "可爱可爱"}, {"uid": "234035161", "content": "suki"}, {"uid": "576350077", "content": "你们是真的快"}, {"uid": "262284680", "content": "俺の愛馬が！！"}, {"uid": "5915411", "content": "可爱！！！！！"}, {"uid": "194175206", "content": "30可爱"}, {"uid": "65353029", "content": "刷个弹幕"}, {"uid": "525207", "content": "奶奶的"}, {"uid": "11585931", "content": "来了来了"}, {"uid": "198345176", "content": "30kawaii！"}, {"uid": "35538918", "content": "回味来了"}, {"uid": "106021", "content": "awsl"}, {"uid": "10229089", "content": "30特攻"}, {"uid": "229803165", "content": "awsl"}, {"uid": "2957060", "content": "30～30～suki"}, {"uid": "2629851", "content": "かわいい"}, {"uid": "297992", "content": "俺の愛馬が！"}, {"uid": "128681635", "content": "用蓝色打call啊"}, {"uid": "355015489", "content": "(:3_ヽ)_"}, {"uid": "441344288", "content": "来了"}, {"uid": "349962230", "content": "俺の愛馬が！！！​"}, {"uid": "23001624", "content": "wuuuuuuuuu"}, {"uid": "28978060", "content": "可爱可爱"}, {"uid": "501320013", "content": "awsl"}, {"uid": "520386210", "content": "厉害"}, {"uid": "10893394", "content": "俺の愛馬が！"}, {"uid": "25841526", "content": "awsl"}, {"uid": "520386210", "content": "很不错"}, {"uid": "2687115", "content": "うーー！うーー！"}, {"uid": "55058075", "content": "awsl"}, {"uid": "139659", "content": "30suki！！！"}, {"uid": "191306536", "content": "AWSL"}, {"uid": "19824793", "content": "俺の愛馬が！"}, {"uid": "487279", "content": "8888888"}, {"uid": "10405148", "content": "可爱可爱"}, {"uid": "573864", "content": "kksk"}, {"uid": "2850203", "content": "kawaiiiiiiii"}, {"uid": "30874795", "content": "俺の愛馬が！！！"}, {"uid": "7556405", "content": "sukiki"}, {"uid": "2938845", "content": "awsl"}, {"uid": "7459133", "content": "30可爱可爱可爱"}, {"uid": "23001624", "content": "uuuuuuuuuuuuuuu？？？？"}, {"uid": "35538918", "content": "听着睡觉"}, {"uid": "878197", "content": "awsl"}, {"uid": "14581726", "content": "30 30 suki suki！"}, {"uid": "47079996", "content": "suki"}, {"uid": "423802212", "content": "awsl"}, {"uid": "22456868", "content": "来了来了"}, {"uid": "38107783", "content": "mmm快乐歌"}, {"uid": "28233581", "content": "啊啊啊啊"}, {"uid": "80640152", "content": "awsl"}, {"uid": "158526024", "content": "可爱！！！！！"}, {"uid": "17825171", "content": "awsl"}, {"uid": "3885523", "content": "♪⸜(๑ ॑꒳ ॑๑)⸝♪✰"}, {"uid": "3885523", "content": "来了来了来了"}, {"uid": "19028270", "content": "awsl"}, {"uid": "383126698", "content": "awsl"}, {"uid": "12752668", "content": "30能量up↑"}, {"uid": "23070351", "content": "kawaii"}, {"uid": "94382017", "content": "30！"}, {"uid": "1821770", "content": "俺の愛馬が！！！​"}, {"uid": "31298127", "content": "30suki！"}, {"uid": "438837491", "content": "sukiki"}, {"uid": "286420910", "content": "来了来了"}, {"uid": "33912505", "content": "俺の愛馬が!"}, {"uid": "1941721212", "content": "\\30/\\30/\\30/"}, {"uid": "9869584", "content": "30303030"}, {"uid": "1808632", "content": "awsl"}, {"uid": "39204203", "content": "30可爱 已三连"}, {"uid": "46252062", "content": "kksk"}, {"uid": "4884578", "content": "可！爱！"}, {"uid": "409618457", "content": "来了"}, {"uid": "19824793", "content": "awsl"}, {"uid": "109849307", "content": "(￣3￣)(￣3￣)(￣3￣)"}, {"uid": "871564", "content": "(￣3￣)(￣3￣)(￣3￣)"}, {"uid": "1355519", "content": "俺の愛馬が"}, {"uid": "22732246", "content": "俺の愛馬が！！！俺の愛馬が！！！俺の愛馬が！！！"}, {"uid": "1607865511", "content": "呜— — — — 呜— — — — 呜— — — — 呜— — — — 呜— — — — 呜— — — — 呜— — — —"}, {"uid": "35538918", "content": "(￣3￣)(￣3￣)(￣3￣)​"}, {"uid": "35538918", "content": "(￣3￣)(￣3￣)(￣3￣)​"}, {"uid": "19824793", "content": "俺の愛馬が！！俺の愛馬が！！俺の愛馬が！！俺の愛馬が！！俺の愛馬が！！俺の愛馬が！！"}, {"uid": "19824793", "content": "\\(￣3￣)/\\(￣3￣)\\/(￣3￣)/"}, {"uid": "19824793", "content": "\\(￣3￣)/\\(￣3￣)\\/(￣3￣)/"}, {"uid": "4616946", "content": "冥冥民！冥冥民！冥冥民！冥冥民"}, {"uid": "7556405", "content": "可爱可爱可爱可爱可爱可爱！！！"}, {"uid": "470952496", "content": "俺の愛馬が！！俺の愛馬が！！俺の愛馬が！！俺の愛馬が！！俺の愛馬が！！俺の愛馬が！！"}, {"uid": "38107783", "content": "(≧3≦)(≧3≦)(≧3≦)(≧3≦)(≧3≦)"}, {"uid": "35520443", "content": "俺の愛馬が！！！俺の愛馬が！！！俺の愛馬が！！！"}, {"uid": "131394304", "content": "哭！都给爷哭"}, {"uid": "35520443", "content": "俺の愛馬が！！！俺の愛馬が！！！俺の愛馬が！！！"}, {"uid": "19824793", "content": "俺の愛馬が！！俺の愛馬が！！俺の愛馬が！！俺の愛馬が！！俺の愛馬が！！"}, {"uid": "19824793", "content": "俺の愛馬が！！俺の愛馬が！！俺の愛馬が！！俺の愛馬が！！俺の愛馬が！！俺の愛馬が！！"}, {"uid": "2174486", "content": "俺のミレイが！！！！！！！！！！！！！！！！！！！！！！！！！！！！！！！！！！！！！！！！！！！！！！！！！！！！！！！！！！！！"}, {"uid": "19824793", "content": "！！！！！！！！！！！！！！！！！！！！！！！！！！"}, {"uid": "19824793", "content": "！！！！！！！！！！！！！！！！！！！！！！1"}, {"uid": "16440140", "content": "俺の愛馬が！！！"}, {"uid": "328041824", "content": "\\30/\\30/\\30/\\30/"}, {"uid": "19824793", "content": "！！！！！！！！！！！！！！！！！！！！！！！！！！"}]