[{"uid": "27631997", "content": "你好香啊"}, {"uid": "198700234", "content": "oto不会上厕所，古守说的"}, {"uid": "1607865511", "content": "好了，下锅吧"}, {"uid": "196561696", "content": "jo里jo气的bgm"}, {"uid": "10826451", "content": "草"}, {"uid": "141178947", "content": "香香30"}, {"uid": "191154", "content": "只是一部分菜清淡吧"}, {"uid": "693929898", "content": "为什么我吃最辣那种吃不出辣味"}, {"uid": "2693867", "content": "我在吃饭阿喂！"}, {"uid": "2203831", "content": "这种事就不用报告了！"}, {"uid": "23134800", "content": "中文越来越好了啊咪蕾宝贝"}, {"uid": "21905057", "content": "香香咪蕾"}, {"uid": "22574447", "content": "冥 界 土 特 产"}, {"uid": "482434839", "content": "草"}, {"uid": "5690785", "content": "美少女是不会OOO的"}, {"uid": "40613413", "content": "喉咙强但是菊花脆弱呀  妹"}, {"uid": "112776970", "content": "还来？求求你别来了，上次真的把我吓坏了！2333"}, {"uid": "112776970", "content": "菊花是不是可爽了？2333"}, {"uid": "12312798", "content": "bgm 是什么"}, {"uid": "51009459", "content": "香香30"}, {"uid": "355015489", "content": "害怕"}, {"uid": "20865617", "content": "指定没你好果子吃"}, {"uid": "1739853", "content": "夫 唱 妇 随"}, {"uid": "35626727", "content": "re0经典bgm"}, {"uid": "89498", "content": "她还专门把眼睛闭上然后把高光调回来www"}, {"uid": "13792286", "content": "危 菊花 危"}, {"uid": "7269129", "content": "草，RE0的"}, {"uid": "40899320", "content": "那敢情好，夏天降暑"}, {"uid": "40899320", "content": "30闻着臭吃着香"}, {"uid": "40899320", "content": "害怕"}, {"uid": "40899320", "content": "那估计在我们看来就是不辣"}, {"uid": "327623", "content": "我不信 除非你给我闻"}, {"uid": "13047177", "content": "进行一个气味的变"}, {"uid": "435283627", "content": "嫌辣你放两大勺糖就完了"}, {"uid": "23001624", "content": "臭臭"}, {"uid": "1255939087", "content": "失去高光"}, {"uid": "10803083", "content": "？？？？？"}, {"uid": "23506796", "content": "似曾相识啊"}, {"uid": "22838895", "content": "薛定谔的30"}, {"uid": "217797936", "content": "请务必来我家，我家还挺大的"}, {"uid": "128541", "content": "又来一个幻想杀手"}, {"uid": "52433747", "content": "P家全称：snp家"}, {"uid": "1595754", "content": "压制：香香南鸟"}, {"uid": "5774948", "content": "还有这种好事？"}, {"uid": "6486338", "content": "战略性停顿"}, {"uid": "121243704", "content": "p家帽子戏法！"}, {"uid": "3970880", "content": "我不信，除非你演示给我看看"}, {"uid": "2629851", "content": "SNP女王"}, {"uid": "190650", "content": "臭臭30"}, {"uid": "693929898", "content": "拉给我看看的那个你赔我键盘和显示器"}, {"uid": "2203831", "content": "香香咪蕾"}, {"uid": "47386516", "content": "菊部预警"}, {"uid": "22574447", "content": "O_o"}, {"uid": "355015489", "content": "还有这种好事"}, {"uid": "40899320", "content": "臭臭30"}, {"uid": "3254961", "content": "草"}, {"uid": "814854", "content": "我懂了，30是臭豆腐"}, {"uid": "21532255", "content": "SNP天使二位"}, {"uid": "764389", "content": "香香30"}, {"uid": "37498399", "content": "香香"}, {"uid": "5774948", "content": "草  三回啊三回"}, {"uid": "27631997", "content": "太可怕了！什么时候来我家？"}, {"uid": "1931345", "content": "这材料名就很冥界"}, {"uid": "12321065", "content": "香香"}, {"uid": "88154", "content": "可可爱爱恶作剧"}, {"uid": "938551", "content": "香香30"}, {"uid": "5690785", "content": "臭臭30"}, {"uid": "130804664", "content": "。。。。。你搁这炼金哪.."}, {"uid": "194175206", "content": "雪碧民狂喜（"}, {"uid": "194175206", "content": "还会有果子吃？"}, {"uid": "252100619", "content": "身体洁净了，形意上臭臭"}, {"uid": "32423963", "content": "草"}, {"uid": "9062012", "content": "害怕"}, {"uid": "544972", "content": "香香OTO"}, {"uid": "89023065", "content": "继aria，0宝之后，又来一个"}, {"uid": "5858424", "content": "臭臭"}, {"uid": "36769691", "content": "?"}, {"uid": "314029132", "content": "屁股痛吗"}, {"uid": "6370967", "content": "香香30"}, {"uid": "86918711", "content": "还有这种好事？"}, {"uid": "38746113", "content": "草"}, {"uid": "1808632", "content": "香香30"}, {"uid": "521676", "content": "吃不出辣味+1"}, {"uid": "66583234", "content": "害怕"}, {"uid": "693929898", "content": "害怕"}, {"uid": "12321065", "content": "菊花灿烂"}, {"uid": "5690785", "content": "我不信，除非你给我看"}, {"uid": "32423963", "content": "指定没你好果汁吃嗷"}, {"uid": "558161", "content": "香香鸡"}, {"uid": "89023065", "content": "视频的弹幕和直播的弹幕完全不同"}, {"uid": "375634", "content": "菊花残"}, {"uid": "7052933", "content": "臭30.我不想知道这些 T T"}, {"uid": "37498399", "content": "香香30"}, {"uid": "694971", "content": "臭臭咪蕾"}, {"uid": "19571256", "content": "香香30"}, {"uid": "1891111", "content": "草"}, {"uid": "1808632", "content": "草"}, {"uid": "4360410", "content": "臭臭30"}, {"uid": "1931345", "content": "果子？哪里有果子？"}, {"uid": "3651311", "content": "果然是小孩子"}, {"uid": "2629851", "content": "？？？？？？"}, {"uid": "25400947", "content": "来了还想走？"}, {"uid": "693929898", "content": "香香0宝"}, {"uid": "423569446", "content": "焦土吧"}, {"uid": "29188246", "content": "哇，臭鸡！"}, {"uid": "529748", "content": "这是什么听上去就很不妙的食材啊"}, {"uid": "23562069", "content": "？？"}, {"uid": "2629851", "content": "？？？？"}, {"uid": "194175206", "content": "臭香30"}, {"uid": "194175206", "content": "草"}, {"uid": "14135915", "content": "臭臭30"}, {"uid": "334926483", "content": "bgm什么鬼"}, {"uid": "198345176", "content": "幻想杀手"}, {"uid": "9028227", "content": "我不信，除非你拉给我看看"}, {"uid": "3406905", "content": "香香咪蕾"}, {"uid": "198687504", "content": "AA30"}, {"uid": "1402682786", "content": "香臭二相性"}, {"uid": "4114593", "content": "坏苹果"}, {"uid": "88225737", "content": "golden wind？（幻听）"}, {"uid": "23134800", "content": "咪蕾排泄的不是大便！是黄金"}, {"uid": "7855856", "content": "酱香30"}, {"uid": "12321065", "content": "aria，铃宝现在到你了"}, {"uid": "5690785", "content": "害怕"}, {"uid": "11453613", "content": "臭臭p家()"}, {"uid": "20865617", "content": "幻想杀手"}, {"uid": "544972", "content": "你这个小鬼要说啥.."}, {"uid": "6817966", "content": "香香咪蕾"}, {"uid": "9028227", "content": "香辣30"}, {"uid": "7052933", "content": "?"}, {"uid": "20619959", "content": "香香30"}, {"uid": "23506796", "content": "香香30"}, {"uid": "3062824", "content": "香辣咪蕾"}, {"uid": "217797936", "content": "呃"}, {"uid": "198687504", "content": "AA30"}, {"uid": "4022374", "content": "那个extra hot的根本不辣啊。。。"}, {"uid": "19784544", "content": "草"}, {"uid": "8540019", "content": "家里只有可乐，狂喜"}, {"uid": "34087545", "content": "草"}, {"uid": "5774948", "content": "啊这"}, {"uid": "27631997", "content": "难道不是吗？"}, {"uid": "293802639", "content": "坏果子我也可以"}, {"uid": "24951", "content": "草"}, {"uid": "67778694", "content": "草"}, {"uid": "746108", "content": "bgm5乔的处刑曲"}, {"uid": "13275281", "content": "帕里不会！"}, {"uid": "115678", "content": "臭臭30"}, {"uid": "5690785", "content": "草"}, {"uid": "194175206", "content": "臭豆腐30"}, {"uid": "194175206", "content": "？？"}, {"uid": "112776970", "content": "那当然！真正的可爱美少女是不会上厕所拉大便的！2333"}, {"uid": "355015489", "content": "臭臭30"}, {"uid": "355015489", "content": "害怕"}, {"uid": "116416610", "content": "香香咪蕾"}, {"uid": "6674397", "content": "还有这种好事？快来"}, {"uid": "544972", "content": "草"}, {"uid": "13001670", "content": "觉得"}, {"uid": "313383", "content": "臭臭30"}, {"uid": "6361313", "content": "幻想杀手"}, {"uid": "1915743556", "content": "香香咪蕾！"}, {"uid": "51427", "content": "香香30"}, {"uid": "16541722", "content": "幻想杀手"}, {"uid": "19836828", "content": "香臭叠加态"}, {"uid": "2780116", "content": "香香30"}, {"uid": "693929898", "content": "害怕"}, {"uid": "272458461", "content": "日本那饮食很清淡导致基本不能吃辣，不能吃辣到一盘青椒炒肉都会觉得辣"}, {"uid": "13486215", "content": "翔翔30笑死了"}, {"uid": "12348017", "content": "香香30"}, {"uid": "2686738", "content": "？"}, {"uid": "334926483", "content": "草？"}, {"uid": "805779", "content": "翔翔30"}, {"uid": "36769691", "content": "香香30"}, {"uid": "1351302", "content": "草"}, {"uid": "87128591", "content": "草"}, {"uid": "217797936", "content": "裂开"}, {"uid": "23676807", "content": "什么？"}, {"uid": "5774948", "content": "114514"}, {"uid": "7067213", "content": "？？？"}, {"uid": "5774948", "content": "裂开"}, {"uid": "4114593", "content": "在？30才不是薛定谔那个老头子的"}, {"uid": "3970880", "content": "还有这种好事？那我也说，臭臭30"}, {"uid": "2511085", "content": "臭臭30"}, {"uid": "181075734", "content": "不错"}, {"uid": "16919703", "content": "AA20"}, {"uid": "24951", "content": "害怕"}, {"uid": "115678", "content": "臭臭"}, {"uid": "12321065", "content": "你们几个过分了！！你们一家子都是幻想杀手吗？"}, {"uid": "529748", "content": "果然是小孩子的恶作剧么"}, {"uid": "27797837", "content": "30  AA"}, {"uid": "3204753", "content": "那想看拉一个"}, {"uid": "13792286", "content": "草"}, {"uid": "101962542", "content": "？？？"}, {"uid": "36769691", "content": "?"}, {"uid": "3254961", "content": "hahahaha"}, {"uid": "4912018", "content": "草"}, {"uid": "7215508", "content": " 臭い"}, {"uid": "9028227", "content": "臭臭30"}, {"uid": "2357728", "content": "害怕"}, {"uid": "41231115", "content": "香香30"}, {"uid": "198687504", "content": "香香30"}, {"uid": "242277591", "content": "草"}, {"uid": "4114593", "content": "浓香30"}, {"uid": "45927838", "content": "臭臭30"}, {"uid": "1776512", "content": "??"}, {"uid": "516397260", "content": "xx30"}, {"uid": "68021351", "content": "草"}, {"uid": "33919342", "content": "香香30"}, {"uid": "12208925", "content": "香香30"}, {"uid": "23329540", "content": "喷射战士？"}]