[{"uid": "24872048", "content": "哪来的海鸥？"}, {"uid": "823979", "content": "涩 不 起 来"}, {"uid": "302450574", "content": "整活的神"}, {"uid": "40357592", "content": "那就洗澡然后睡觉"}, {"uid": "57247744", "content": "吃饭先把饿了"}, {"uid": "360249", "content": "biang成，像抻面那样biang么"}, {"uid": "175117840", "content": "打游戏真实"}, {"uid": "434364483", "content": "吓我一跳"}, {"uid": "67778694", "content": "当然是睡觉（即答）"}, {"uid": "67778694", "content": "闭麦骂人草"}, {"uid": "489705", "content": "《我有一个梦想》—暗妃噜米金"}, {"uid": "334926483", "content": "awsl，我没了"}, {"uid": "693929898", "content": "哈哈哈哈 无情"}, {"uid": "86954029", "content": "正解：和30一起洗澡"}, {"uid": "71545650", "content": "在吃一顿饭"}, {"uid": "766706", "content": "KAF驻场"}, {"uid": "6361313", "content": "洗完澡打游戏啊"}, {"uid": "11631037", "content": "睡觉，帮我关下灯谢谢"}, {"uid": "432866", "content": "我会自己上厕所（"}, {"uid": "32883386", "content": "你的单推 你接受罢！"}, {"uid": "32883386", "content": "草"}, {"uid": "25184876", "content": "滑稽表情"}, {"uid": "359404038", "content": "仰望天空，陷入沉思"}, {"uid": "803587", "content": "敢不敢跟我比划比划？"}, {"uid": "9062012", "content": "那肯定是洗澡！"}, {"uid": "9062012", "content": "干饭人，干饭魂，我选择吃饭"}, {"uid": "442250487", "content": "wwwwww尝试挣扎后失败"}, {"uid": "22093138", "content": "饿了，干饭"}, {"uid": "231348", "content": "吃饭 洗澡 睡觉觉"}, {"uid": "667229452", "content": "很多时候只是开玩笑"}, {"uid": "29454431", "content": "这bgm又30自己配的吧"}, {"uid": "401099828", "content": "她的眼神已经死掉了"}, {"uid": "8308058", "content": "摸了(睡"}, {"uid": "34398770", "content": "化物语的猫猫绕口令可还行"}, {"uid": "434780627", "content": "wwwww"}, {"uid": "35488721", "content": "好可爱"}, {"uid": "32423963", "content": "@@@"}, {"uid": "3207714", "content": "好吐槽"}, {"uid": "3651311", "content": "你啊（即答"}, {"uid": "12321065", "content": "hhh"}, {"uid": "45044118", "content": "干饭人干饭魂"}, {"uid": "131391165", "content": "什么v什么粉"}, {"uid": "314029132", "content": "累了累了"}, {"uid": "49776249", "content": "吃饭吃个爽"}, {"uid": "546643", "content": "王牌机师"}, {"uid": "546643", "content": "自带弹幕草"}, {"uid": "13936795", "content": "睡觉吧（无慈悲"}, {"uid": "1595754", "content": "这只30怎么回事，那么可爱"}, {"uid": "645471253", "content": "开满音量的我被吓到了"}, {"uid": "482434839", "content": "你别随便弄我被动技能！"}, {"uid": "29188246", "content": "欲言又止"}, {"uid": "8284532", "content": "草，这表情绝了"}, {"uid": "60772", "content": "哈？"}, {"uid": "71329244", "content": "把牌子当成名字了2333"}, {"uid": "2776567", "content": "mmm老傲娇了"}, {"uid": "11872189", "content": "睡觉，然后30刷碗"}, {"uid": "6221030", "content": "睡觉！（果决）"}, {"uid": "6221030", "content": "草"}, {"uid": "11872189", "content": "我洗澡，咪蕾洗碗"}, {"uid": "6221030", "content": "洗澡，然后睡觉！"}, {"uid": "11872189", "content": "欺负起来真好玩"}, {"uid": "35520443", "content": "一只地狱三头犬失去了梦想"}, {"uid": "35520443", "content": "你是个好人！"}, {"uid": "15688413", "content": "干杯！"}, {"uid": "26631631", "content": "好家伙，多来点"}, {"uid": "437173802", "content": "前方音量放送"}, {"uid": "40357592", "content": "那肯定要睡觉啊"}, {"uid": "190800352", "content": "是啊，到底谁像谁啊"}, {"uid": "38107783", "content": "mmm到点了"}, {"uid": "6361313", "content": "都洗了澡那就睡吧"}, {"uid": "16287499", "content": "刷碗呐当然是"}, {"uid": "803587", "content": "apex哈哈哈哈哈哈"}, {"uid": "574345", "content": "草"}, {"uid": "33442374", "content": "对啊，像谁呢？"}, {"uid": "49776249", "content": "肯定洗澡啊"}, {"uid": "5785365", "content": "吃饭后洗澡"}, {"uid": "23731516", "content": "再吃一顿"}, {"uid": "2405004", "content": "哈哈哈哈"}, {"uid": "645471253", "content": "那必定吃饭"}, {"uid": "1794231", "content": "哈哈哈哈哈哈哈"}, {"uid": "345870904", "content": "再吃一顿"}, {"uid": "56456352", "content": "花谱驻唱是吧"}, {"uid": "212101", "content": "睡觉（冷漠"}, {"uid": "212101", "content": "草草"}, {"uid": "1404857", "content": "哈哈哈哈哈哈"}, {"uid": "1821770", "content": "失去高光"}, {"uid": "212101", "content": "哈哈哈"}, {"uid": "173983308", "content": "和大姐姐洗澡去了"}, {"uid": "408645838", "content": "宝生气好可爱"}, {"uid": "86918711", "content": "哈哈"}, {"uid": "35520443", "content": "恕我拒绝！"}, {"uid": "430099272", "content": "你是个好人"}, {"uid": "57247744", "content": "洗完澡我先睡了，明天还要工作"}, {"uid": "184752", "content": "洗澡"}, {"uid": "399282911", "content": "西北老汉，搭噶口头哇路"}, {"uid": "336568", "content": "字幕组是神，好会棒咪蕾整货啊www"}, {"uid": "486868318", "content": "太会玩了"}, {"uid": "3156545", "content": "草"}, {"uid": "2629851", "content": "可爱"}, {"uid": "2629851", "content": "干杯！"}, {"uid": "11631037", "content": "洗完睡了"}, {"uid": "6486338", "content": "洗完澡再睡觉"}, {"uid": "24213285", "content": "困了，睡觉吧"}, {"uid": "22093138", "content": "洗澡"}, {"uid": "31298127", "content": "累了，睡了"}, {"uid": "3047348", "content": "哈哈哈哈哈"}, {"uid": "626973414", "content": "越看越心疼"}, {"uid": "10183614", "content": "闭麦骂人"}, {"uid": "39204203", "content": "BGM起"}, {"uid": "45044118", "content": "熬夜会秃头"}, {"uid": "91417414", "content": "肯定是洗澡"}, {"uid": "49776249", "content": "澡都洗过了不睡觉还干嘛"}, {"uid": "546643", "content": "吃宵夜"}, {"uid": "64658534", "content": "这表情像个汤姆"}, {"uid": "2708151", "content": "干饭人干饭魂"}, {"uid": "645471253", "content": "hso"}, {"uid": "11202938", "content": "看到我自己了"}, {"uid": "18139194", "content": "睡觉"}, {"uid": "18139194", "content": "看mmm哭是真的壮观"}, {"uid": "212101", "content": "震撼30"}, {"uid": "225158048", "content": "你是个好人"}, {"uid": "255897367", "content": "别点我技能啊"}, {"uid": "1739853", "content": "叉出去"}, {"uid": "174150111", "content": "什么v什么粉（"}, {"uid": "3855346", "content": "什么V什么粉"}, {"uid": "56595", "content": "标题不对劲"}, {"uid": "1730280178", "content": "你很勇哦"}, {"uid": "1730280178", "content": "混入其中"}, {"uid": "150566331", "content": "洗洗睡了"}, {"uid": "429372", "content": "睡觉"}, {"uid": "15138435", "content": "草"}, {"uid": "12262543", "content": "ご飯(无慈悲）"}, {"uid": "6793712", "content": "洗澡"}, {"uid": "3927288", "content": "耳膜爆破"}, {"uid": "67778694", "content": "多重打击"}, {"uid": "351975302", "content": "草"}, {"uid": "98258", "content": "西北口音！"}, {"uid": "86954029", "content": "enfer tsubasa"}, {"uid": "25438232", "content": "？"}, {"uid": "198687504", "content": "哈哈哈"}, {"uid": "2629851", "content": "草"}, {"uid": "68129973", "content": "好，绝活"}, {"uid": "2203831", "content": "睡觉"}, {"uid": "401099828", "content": "洗澡"}, {"uid": "13784559", "content": "我也看到我自己了"}, {"uid": "194175206", "content": "草ww"}, {"uid": "22863629", "content": "明知故问"}, {"uid": "12589975", "content": "睡了睡了"}, {"uid": "2874576", "content": "先吃饭"}, {"uid": "294670308", "content": "吃牢饭吧！"}, {"uid": "5785365", "content": "干杯"}, {"uid": "37498399", "content": "kksk！"}, {"uid": "4326713", "content": "草"}, {"uid": "3812324", "content": "这就是放置play吗"}, {"uid": "29420546", "content": "睡觉"}, {"uid": "409618457", "content": "洗澡"}, {"uid": "16713196", "content": "wwwwwww"}, {"uid": "12752668", "content": "草"}, {"uid": "34764024", "content": "草"}, {"uid": "28265197", "content": "睡觉"}, {"uid": "351975302", "content": "草"}, {"uid": "198687504", "content": "我只会心疼30"}, {"uid": "6361313", "content": "睡觉"}, {"uid": "2203831", "content": "洗澡吧"}, {"uid": "430522", "content": "30:怎么没人色我"}, {"uid": "401099828", "content": "草"}, {"uid": "434780627", "content": "真可爱"}, {"uid": "194175206", "content": "www"}, {"uid": "11453613", "content": "洗澡，我不想变臭臭"}, {"uid": "13936795", "content": "洗澡"}, {"uid": "495659119", "content": "梅开二度"}, {"uid": "544972", "content": "草"}, {"uid": "482434839", "content": "草"}, {"uid": "8745736", "content": "看见自己"}, {"uid": "212101", "content": "睡觉"}, {"uid": "29420546", "content": "草"}, {"uid": "29420546", "content": "洗澡"}, {"uid": "212101", "content": "不对劲"}, {"uid": "23562069", "content": "草"}, {"uid": "7985555", "content": "草"}, {"uid": "403900622", "content": "啊啊啊啊啊啊啊啊啊"}, {"uid": "56595", "content": "kksk"}, {"uid": "184752", "content": "睡眠"}, {"uid": "8778050", "content": "草"}, {"uid": "12262543", "content": "神椿大物驻场"}, {"uid": "9190626", "content": "草"}, {"uid": "9190626", "content": "草"}, {"uid": "3603486", "content": "草草草"}, {"uid": "334926483", "content": "草"}, {"uid": "336568", "content": "wwww"}, {"uid": "198687504", "content": "什么V什么粉"}, {"uid": "12754387", "content": "kksk"}, {"uid": "30514029", "content": "先吃饭吧"}, {"uid": "442250487", "content": "草"}, {"uid": "3168569", "content": "再来一碗"}, {"uid": "562820", "content": "可爱死了！！"}, {"uid": "73802844", "content": "睡觉"}, {"uid": "73802844", "content": "草"}, {"uid": "574345", "content": "哈哈哈哈哈哈"}, {"uid": "252100619", "content": "洗澡"}, {"uid": "434780627", "content": "草"}, {"uid": "39204203", "content": "草"}, {"uid": "2023792", "content": "草"}, {"uid": "11453613", "content": "像你啊"}, {"uid": "344725794", "content": "草"}, {"uid": "55451350", "content": "再吃一顿"}, {"uid": "294670308", "content": "洗洗睡了吧"}, {"uid": "5785365", "content": "114"}, {"uid": "464788", "content": "睡觉"}, {"uid": "645471253", "content": "洗澡"}, {"uid": "10464050", "content": "指指点点"}, {"uid": "91797693", "content": "お休み"}, {"uid": "8284532", "content": "草"}, {"uid": "18139194", "content": "洗澡"}, {"uid": "1776512", "content": "吃饭"}, {"uid": "21896921", "content": "草ww"}, {"uid": "4912018", "content": "草"}, {"uid": "6221030", "content": "吃饭先吧"}, {"uid": "693777931", "content": "草"}, {"uid": "400280840", "content": "先点菜吧"}, {"uid": "23699718", "content": "毕竟结婚的话可以养大后.......(doge)"}, {"uid": "40806824", "content": "先以撒.jpg"}, {"uid": "354624", "content": "草 蚌埠住了"}, {"uid": "6793712", "content": "可爱"}, {"uid": "351975302", "content": "kaf！"}, {"uid": "334926483", "content": "哈哈哈哈"}, {"uid": "2629851", "content": "草"}, {"uid": "6361313", "content": "mmm除了哭还会啥"}, {"uid": "12700753", "content": "草"}, {"uid": "24585681", "content": "寝る"}, {"uid": "176576144", "content": "女子人"}, {"uid": "30514029", "content": "草"}, {"uid": "2203831", "content": "吃饭吧"}, {"uid": "3168569", "content": "洗洗睡了"}, {"uid": "8308058", "content": "wwwwwww"}, {"uid": "194175206", "content": "wwww"}, {"uid": "7980705", "content": "草"}, {"uid": "40100531", "content": "睡觉"}, {"uid": "12589975", "content": "洗洗睡了"}, {"uid": "12208925", "content": "？做什么"}, {"uid": "645471253", "content": "困了困了"}, {"uid": "37498399", "content": "可爱"}, {"uid": "13259694", "content": "先吃饭"}, {"uid": "29188246", "content": "饮茶先"}, {"uid": "212101", "content": "洗澡"}, {"uid": "212101", "content": "什么v什么粉"}, {"uid": "30982451", "content": "hso"}, {"uid": "409618457", "content": "草"}, {"uid": "409618457", "content": "洗澡"}, {"uid": "408645838", "content": "哼"}, {"uid": "1808632", "content": "？？？？"}, {"uid": "4912018", "content": "草www"}, {"uid": "11872189", "content": "吃第二份饭"}, {"uid": "22303657", "content": "草"}, {"uid": "86918711", "content": "草"}, {"uid": "1739853", "content": "你们mmm都这么怪的吗"}, {"uid": "15688413", "content": "声有点小，建议跳高"}, {"uid": "57247744", "content": "zzzzzzzzzzzz"}, {"uid": "6793712", "content": "睡觉"}, {"uid": "693929898", "content": "谁再说V没有哭这个表情的？拖出去枪毙"}, {"uid": "2629851", "content": "kksk"}, {"uid": "193571614", "content": "干饭"}, {"uid": "9062012", "content": "草"}, {"uid": "22093138", "content": "睡觉"}, {"uid": "2203831", "content": "你是个好人"}, {"uid": "2203831", "content": "？"}, {"uid": "667229452", "content": "混入其中"}, {"uid": "3168569", "content": "饮茶先"}, {"uid": "3168569", "content": "好好好"}, {"uid": "401099828", "content": "草"}, {"uid": "73802844", "content": "洗澡"}, {"uid": "91417414", "content": "睡觉吧"}, {"uid": "546643", "content": "吃饭"}, {"uid": "2874576", "content": "睡觉吧"}, {"uid": "2874576", "content": "洗澡"}, {"uid": "5785365", "content": "game"}, {"uid": "25460126", "content": "可爱"}, {"uid": "8284532", "content": "草"}, {"uid": "5598346", "content": "草"}, {"uid": "212101", "content": "吃饭"}, {"uid": "212101", "content": "草"}, {"uid": "16713196", "content": "洗澡"}, {"uid": "25636", "content": "草"}, {"uid": "86918711", "content": "hhhh"}, {"uid": "168147920", "content": "bgm是什么啊"}, {"uid": "3795665", "content": "先以撒"}, {"uid": "6455994", "content": "草"}, {"uid": "9190626", "content": "首页"}, {"uid": "334926483", "content": "草w"}, {"uid": "766706", "content": "kksk"}, {"uid": "6361313", "content": "洗澡"}, {"uid": "401099828", "content": "吃饭"}, {"uid": "401099828", "content": "草"}, {"uid": "34398770", "content": "困了困了"}, {"uid": "252100619", "content": "睡觉"}, {"uid": "33919342", "content": "草？"}, {"uid": "434780627", "content": "洗澡"}, {"uid": "194175206", "content": "草"}, {"uid": "2758221", "content": "干杯"}, {"uid": "45044118", "content": "人不洗澡不舒服"}, {"uid": "5043517", "content": "干杯！"}, {"uid": "5785365", "content": "洗澡吧"}, {"uid": "14505577", "content": "草"}, {"uid": "37498399", "content": "草"}, {"uid": "464788", "content": "洗澡"}, {"uid": "56456352", "content": "apex on"}, {"uid": "56456352", "content": "睡"}, {"uid": "35641505", "content": "一起吧"}, {"uid": "409618457", "content": "睡觉"}, {"uid": "16713196", "content": "草"}, {"uid": "1808632", "content": "干杯"}, {"uid": "1894297", "content": "草"}, {"uid": "377796660", "content": "草"}, {"uid": "28954108", "content": "草"}, {"uid": "15688413", "content": "建议音量调大，声有点小。"}, {"uid": "28954108", "content": "wwww"}, {"uid": "2870", "content": "能去打游戏吗？"}, {"uid": "351975302", "content": "草"}, {"uid": "2629851", "content": "像你啊"}, {"uid": "350727660", "content": "lol（"}, {"uid": "3168569", "content": "晚安"}, {"uid": "7556405", "content": "草"}, {"uid": "314029132", "content": "确实"}, {"uid": "5785365", "content": "睡觉吧"}, {"uid": "37498399", "content": "30！！"}, {"uid": "56456352", "content": "Apex on"}, {"uid": "2848296", "content": "草"}, {"uid": "240360", "content": "草"}, {"uid": "2565976", "content": "草"}, {"uid": "482434839", "content": "嗷嗷嗷嗷嗷嗷嗷啊啊啊啊啊啊啊啊"}]