[{"uid": "2152951", "content": "ｂｇｍ　あなたの夜が明けるまで"}, {"uid": "49117231", "content": "脑髓吸食"}, {"uid": "24946243", "content": "是诚哥"}, {"uid": "3168569", "content": "关起来给她做饭"}, {"uid": "3168569", "content": "哭 都给我哭"}, {"uid": "2182394", "content": "nice boat"}, {"uid": "2182394", "content": "草 是失恋巧克力职人的主题曲"}, {"uid": "2276520", "content": "诚哥经典永流传"}, {"uid": "2629851", "content": "草草草"}, {"uid": "222030498", "content": "《婚姻是坟墓》"}, {"uid": "401099828", "content": "卡纳西米诺"}, {"uid": "401099828", "content": "黑云鲁咪蕾"}, {"uid": "194175206", "content": "wwwwww"}, {"uid": "7220745", "content": "可是30本来就可以断首配信，这不是nice boat完美人选（滑稽）"}, {"uid": "7220745", "content": "nano的时候是五个钻石（还没届到），30你怎么一个钻石就被收买啦"}, {"uid": "260488", "content": "天气还很配合23333"}, {"uid": "57578913", "content": "here's Jhonny~"}, {"uid": "57578913", "content": "这狗怎么咬人啊（恼"}, {"uid": "269900382", "content": "114"}, {"uid": "441433041", "content": "畸形的爱doge"}, {"uid": "2220830", "content": "草"}, {"uid": "5718643", "content": "草"}, {"uid": "216412", "content": "咱俩凑合凑合过呗"}, {"uid": "190650", "content": "第一次见到这样求婚的"}, {"uid": "88025177", "content": "女王终于有出息了（爆哭"}, {"uid": "88025177", "content": "好了，一根手指"}, {"uid": "36769691", "content": "nice boat"}, {"uid": "1648055", "content": "可……可怕"}, {"uid": "1648055", "content": "好沉重，这份爱好沉重"}, {"uid": "237178802", "content": "毕竟是互相唱过貴方解剖純愛歌的纯（病）爱（娇）cp呢"}, {"uid": "13936795", "content": "完了，一听这个就泪目"}, {"uid": "9272615", "content": "哈哈哈哈哈哈哈哈哈"}, {"uid": "87159285", "content": "闪现进场"}, {"uid": "480362513", "content": "脑  髓  吸  食"}, {"uid": "34571766", "content": "赢了！！！"}, {"uid": "87159285", "content": "先砍一刀"}, {"uid": "7653623", "content": "114"}, {"uid": "7653623", "content": "草"}, {"uid": "7653623", "content": "你是病娇吗"}, {"uid": "7653623", "content": "草，恐怖游戏"}, {"uid": "12589975", "content": "冥界女王的特殊体质可以天天烧开水"}, {"uid": "11872189", "content": "30及时开启了滤镜"}, {"uid": "73354022", "content": "草，脑髓吸食"}, {"uid": "1371808", "content": "诚哥笑哈哈"}, {"uid": "411259207", "content": "硬是演出了一个番的感觉"}, {"uid": "11491610", "content": "来了来了"}, {"uid": "4281493", "content": "红 围 巾 的 狗"}, {"uid": "56309415", "content": "nice bot"}, {"uid": "6221030", "content": "脑髓吸食！"}, {"uid": "6221030", "content": "我哭了！"}, {"uid": "34331125", "content": "诚哥！！"}, {"uid": "3168569", "content": "你惊动了围棋"}, {"uid": "15138435", "content": "我以为是命运石之门的曲子"}, {"uid": "433181313", "content": "草，这都不忘迫害兔子"}, {"uid": "1464471827", "content": "诚哥狂怒"}, {"uid": "115078780", "content": "祖传bgm"}, {"uid": "194175206", "content": "艾莉亚：永远都不要离开我哦~"}, {"uid": "38491311", "content": "草日在校园"}, {"uid": "12445084", "content": "他要吃人了～"}, {"uid": "266679665", "content": "脑髓吸食"}, {"uid": "22266446", "content": "我们冥冥民真的很会哭"}, {"uid": "7653623", "content": "这份爱，有点沉重"}, {"uid": "176593409", "content": "这个翻译好评"}, {"uid": "39757532", "content": "脑髓吸食"}, {"uid": "398495933", "content": "闰土？"}, {"uid": "11491479", "content": "bgm    last kiss"}, {"uid": "401099828", "content": "我哭了，我装的"}, {"uid": "2784710", "content": "rua！"}, {"uid": "12535989", "content": "nice boat"}, {"uid": "23134800", "content": "啊啊啊可爱30"}, {"uid": "408645838", "content": "BGM：《命》"}, {"uid": "36769691", "content": "草"}, {"uid": "13936795", "content": "孩子没get到"}, {"uid": "10778462", "content": "直接暴风哭泣"}, {"uid": "239139", "content": "病娇"}, {"uid": "56595", "content": "草"}, {"uid": "3603486", "content": "我哭了"}, {"uid": "76082817", "content": "女王这是第几次撞鬼了"}, {"uid": "431234601", "content": "脑髓吸食"}, {"uid": "19028270", "content": "nice boat"}, {"uid": "804600", "content": "冥界虹吸"}, {"uid": "1808632", "content": "ohhhhhhh"}, {"uid": "6221030", "content": "成哥！"}, {"uid": "207613158", "content": "nice boat"}, {"uid": "1808632", "content": "草"}, {"uid": "172301379", "content": "草"}, {"uid": "141422", "content": "ohhhhhhhhhhh"}, {"uid": "441625058", "content": "桂言叶"}, {"uid": "23134800", "content": "草哈哈哈哈哈哈"}, {"uid": "4014727", "content": "生 命 虹 吸"}, {"uid": "680433", "content": "nice boat"}, {"uid": "385746108", "content": "好沉重…"}, {"uid": "385746108", "content": "草"}, {"uid": "384796790", "content": "？？？？？？？？"}, {"uid": "652139775", "content": "好人毕业典礼"}, {"uid": "36769691", "content": "nice boat"}, {"uid": "10778462", "content": "柴刀好船"}, {"uid": "2203831", "content": "泪目"}, {"uid": "22421009", "content": "女————王————！"}, {"uid": "253419", "content": "吓死我了草"}, {"uid": "1397128", "content": "nice boat"}, {"uid": "4912018", "content": "草"}, {"uid": "56595", "content": "草 奎恩"}, {"uid": "21872412", "content": "当时在现场"}, {"uid": "4709323", "content": "草"}, {"uid": "284055179", "content": "泪目"}, {"uid": "1808632", "content": "哈哈哈哈哈哈"}, {"uid": "291885623", "content": "猴子叫"}, {"uid": "3814233", "content": "泪目"}, {"uid": "401099828", "content": "字幕组NB"}, {"uid": "286621735", "content": "太多冲击"}, {"uid": "171002522", "content": "nice boat"}, {"uid": "385746108", "content": "草"}, {"uid": "67975386", "content": "草"}, {"uid": "1679449", "content": "寂静岭wwwww"}, {"uid": "9272615", "content": "草"}, {"uid": "4912018", "content": "草."}, {"uid": "8470813", "content": "nice boat"}, {"uid": "50936678", "content": "我哭了"}, {"uid": "1808632", "content": "nice boat"}, {"uid": "438353447", "content": "BGM：BV1QE411N7ii"}, {"uid": "2629851", "content": "草"}, {"uid": "5598346", "content": "草"}, {"uid": "194175206", "content": "草"}, {"uid": "10042939", "content": "nice boat"}, {"uid": "10826451", "content": "好活"}, {"uid": "363811137", "content": "哈哈哈"}, {"uid": "911137", "content": "寂静岭可还行"}, {"uid": "408645838", "content": "害怕"}, {"uid": "293788239", "content": "他是nanoha"}, {"uid": "532875431", "content": "求bgm"}, {"uid": "65272457", "content": "草"}, {"uid": "443691851", "content": "泪目"}, {"uid": "253419", "content": "好活"}, {"uid": "7653623", "content": "笑死我了"}, {"uid": "35354722", "content": "草"}, {"uid": "765801", "content": "nice boat"}, {"uid": "403327", "content": "诚哥"}, {"uid": "35196152", "content": "把眼睛隔壁的那两个小黑点当眼睛了"}, {"uid": "76358929", "content": "灵魂吮吸"}, {"uid": "50936678", "content": "草"}, {"uid": "1808632", "content": "哈哈哈哈"}, {"uid": "3168569", "content": "哭 都给我哭！"}, {"uid": "523440453", "content": "泪目"}, {"uid": "334926483", "content": "草"}, {"uid": "401099828", "content": "草"}, {"uid": "21482042", "content": "草"}, {"uid": "194175206", "content": "nice bota"}, {"uid": "194175206", "content": "泪目"}, {"uid": "12700753", "content": "草"}, {"uid": "12700753", "content": "草"}, {"uid": "12700753", "content": "草"}, {"uid": "408645838", "content": "合葬"}, {"uid": "57578913", "content": "rua！"}, {"uid": "385746108", "content": "病娇"}, {"uid": "15513859", "content": "我记得aria给了nano5个钻石？"}, {"uid": "37412152", "content": "RTX on"}, {"uid": "5718643", "content": "诚哥"}, {"uid": "694492738", "content": "我怕是以后一听这歌就想到30了"}, {"uid": "3938997", "content": "卡纳西 米诺"}, {"uid": "87159285", "content": "ma'am"}, {"uid": "87159285", "content": "nice boat"}, {"uid": "275245", "content": "好糊啊..."}, {"uid": "3603486", "content": "nice boat"}, {"uid": "403327", "content": "危"}, {"uid": "8698085", "content": "草"}, {"uid": "470243161", "content": "bgm好评"}, {"uid": "359404038", "content": "诚哥www"}, {"uid": "487279", "content": "草"}, {"uid": "351481748", "content": "草"}, {"uid": "13784559", "content": "便秘吗"}, {"uid": "17784911", "content": "草"}, {"uid": "523440453", "content": "害怕"}, {"uid": "523440453", "content": "草"}, {"uid": "49144633", "content": "ohhhhhhhhhhhhhh"}, {"uid": "49144633", "content": "哭"}, {"uid": "1939565", "content": "什么歌"}, {"uid": "7454324", "content": "好家伙"}, {"uid": "15513859", "content": "草"}, {"uid": "36769691", "content": "草"}, {"uid": "36769691", "content": "赢了"}, {"uid": "121112364", "content": "草"}, {"uid": "3603486", "content": "草"}, {"uid": "403327", "content": "草"}, {"uid": "633832436", "content": "草"}, {"uid": "28613830", "content": "草"}, {"uid": "238865667", "content": "nice boat"}, {"uid": "523440453", "content": "草"}, {"uid": "2629851", "content": "草"}, {"uid": "194175206", "content": "wwww"}, {"uid": "11331084", "content": "寂静岭有点气氛"}, {"uid": "385746108", "content": "草"}, {"uid": "385746108", "content": "诚哥"}, {"uid": "1821770", "content": "冥冥民只会哭和投降"}, {"uid": "266679665", "content": "诚哥？"}, {"uid": "652139775", "content": "泪目"}, {"uid": "32423963", "content": "quin"}, {"uid": "36283238", "content": "草"}, {"uid": "114528748", "content": "求bgm"}, {"uid": "179972398", "content": "草"}, {"uid": "20792494", "content": "泪目"}, {"uid": "1596750", "content": "？？？？"}, {"uid": "284055179", "content": "草"}, {"uid": "351481748", "content": "草"}, {"uid": "27766502", "content": "草"}, {"uid": "207613158", "content": "病娇既视感"}, {"uid": "6221030", "content": "我哭了"}, {"uid": "16586347", "content": "第一个，出息了"}, {"uid": "194175206", "content": "wwwww"}, {"uid": "194175206", "content": "www"}, {"uid": "33935601", "content": "草"}, {"uid": "22866390", "content": "不可名状的奶狗惨叫"}]