[{"uid": "626987596", "content": "帕里你死的好惨啊，"}, {"uid": "9190626", "content": "草！你是真的皮"}, {"uid": "22863629", "content": "泪目"}, {"uid": "32997433", "content": "切 尔 诺 贝 利 4 号 反 应 堆"}, {"uid": "229095718", "content": "翻译可以接地气，但不能通地府"}, {"uid": "615602646", "content": "“帕里”"}, {"uid": "27631997", "content": "答错了你个臭崽子（咔嚓"}, {"uid": "14193675", "content": "好甜！"}, {"uid": "6628100", "content": "（冥界女王）示意敌人已不见踪影"}, {"uid": "85276137", "content": "活埋2333"}, {"uid": "30875809", "content": "苇 名 艾 莉 娅"}, {"uid": "33672012", "content": "这不往下挖给艾莉亚一个惊喜"}, {"uid": "683473", "content": "君の帧数not good"}, {"uid": "442580518", "content": "不行了，听这歌心很痛。"}, {"uid": "15138435", "content": "方言都出来了www"}, {"uid": "14234348", "content": "应景"}, {"uid": "14234348", "content": "真就角色歌"}, {"uid": "77437", "content": "雨停了！"}, {"uid": "26631", "content": "草"}, {"uid": "327388057", "content": "是糖！"}, {"uid": "327388057", "content": "镇定自若"}, {"uid": "327388057", "content": "冥界自助传送机"}, {"uid": "11215336", "content": "原来这个坑是这么来的"}, {"uid": "2629851", "content": "糖里没有一滴血了"}, {"uid": "2629851", "content": "草"}, {"uid": "429737535", "content": "歌词太对了"}, {"uid": "429737535", "content": "噔噔咚"}, {"uid": "198687504", "content": "歌词有对上了2333"}, {"uid": "1744319469", "content": "那样岂不是更像成哥啦"}, {"uid": "480362513", "content": "这里是30自己放的bgm"}, {"uid": "10826451", "content": "贴贴"}, {"uid": "480362513", "content": "翻译，接地气，草"}, {"uid": "10826451", "content": "你怎么知道埋哪里了"}, {"uid": "22911008", "content": "吃饱上路"}, {"uid": "22912099", "content": "冥界一库贼"}, {"uid": "754937", "content": "bgm好配合"}, {"uid": "328422", "content": "仨数吓唬一辈子……"}, {"uid": "93875339", "content": "草，直接翻译了"}, {"uid": "28275", "content": "海贼王OP么~"}, {"uid": "1939565", "content": "？？？"}, {"uid": "695183725", "content": "雨停了草"}, {"uid": "695183725", "content": "烤兔肉www"}, {"uid": "16919703", "content": "留了半个呼吸"}, {"uid": "194175206", "content": "血糖结晶了"}, {"uid": "194175206", "content": "wwww"}, {"uid": "194175206", "content": "《爱情的坟墓》"}, {"uid": "194175206", "content": "危 首 危"}, {"uid": "194175206", "content": "一脸坏笑.jpg"}, {"uid": "194175206", "content": "草"}, {"uid": "4408249", "content": "好甜好甜"}, {"uid": "71576436", "content": "灵魂拷问"}, {"uid": "212101", "content": "贴贴"}, {"uid": "3603486", "content": "草"}, {"uid": "6253745", "content": "酸酸酸酸酸酸"}, {"uid": "7245793", "content": "报复心极强的猫"}, {"uid": "7245793", "content": "草，见面先吃饱"}, {"uid": "102584891", "content": "花谱在旁边唱bgm"}, {"uid": "56595", "content": "变化怪出现人传人现象"}, {"uid": "393323928", "content": "自带BGM"}, {"uid": "393323928", "content": "草，光速切BGM"}, {"uid": "158229081", "content": "卑微姐姐30"}, {"uid": "33030701", "content": "舒 坦"}, {"uid": "9892542", "content": "《发光的圣剑》？有点牙白呐"}, {"uid": "76082817", "content": "歌词对上了"}, {"uid": "16586347", "content": "草"}, {"uid": "253419", "content": "《怎么全特喵是圆石》"}, {"uid": "2178186", "content": "突然就皮起来了"}, {"uid": "177849603", "content": "花谱草"}, {"uid": "217797936", "content": "标题就离谱"}, {"uid": "10933851", "content": "天降老婆"}, {"uid": "13792286", "content": "草，这个笑容我爱了"}, {"uid": "10933851", "content": "主动好船"}, {"uid": "485709481", "content": "绝活"}, {"uid": "1796309", "content": "二人幸终"}, {"uid": "2854211", "content": "一转攻势"}, {"uid": "417044524", "content": "那么你们要怎么出去呢"}, {"uid": "25392714", "content": "这bgm是什么"}, {"uid": "68129973", "content": "好活"}, {"uid": "287379979", "content": "BGM逐渐欢乐"}, {"uid": "7974801", "content": "应该放黑曜石"}, {"uid": "170034278", "content": "nice boat"}, {"uid": "98559881", "content": "你看她笑得多开心"}, {"uid": "212101", "content": "角色歌233"}, {"uid": "56595", "content": "标题离谱"}, {"uid": "2907196", "content": "名场面"}, {"uid": "3165318", "content": "这是30放的BGM吧"}, {"uid": "9190626", "content": "30是真的皮又能整活"}, {"uid": "145098453", "content": "孝出强大"}, {"uid": "229095718", "content": "30真的是整活带师"}, {"uid": "3254961", "content": "草"}, {"uid": "22912099", "content": "冥界一库贼"}, {"uid": "5822548", "content": "好耶，来点土JK"}, {"uid": "131391165", "content": "30当时自己放的bgm"}, {"uid": "351746678", "content": "危"}, {"uid": "30514029", "content": "截图表情"}, {"uid": "6221030", "content": "草"}, {"uid": "73836846", "content": "为什么这么熟练啊"}, {"uid": "37680383", "content": "砍的就是你，坏坏30"}, {"uid": "5780385", "content": "花谱唱的，草"}, {"uid": "229095718", "content": "噔噔咚"}, {"uid": "2773928", "content": "通往冥界"}, {"uid": "149120128", "content": "开创造，放基岩"}, {"uid": "84389", "content": "为什么不是黑曜石"}, {"uid": "38107783", "content": "草"}, {"uid": "38107783", "content": "出汗了吧妹妹"}, {"uid": "194175206", "content": "wwwwww"}, {"uid": "226009589", "content": "草"}, {"uid": "27657907", "content": "草"}, {"uid": "67393034", "content": "标题离谱"}, {"uid": "2907196", "content": "草"}, {"uid": "107122", "content": "114514可还行"}, {"uid": "36769691", "content": "草"}, {"uid": "2854211", "content": "噔噔咚"}, {"uid": "23562069", "content": "BGM为什么这么熟练啊"}, {"uid": "88154", "content": "花谱"}, {"uid": "266679665", "content": "30处刑曲"}, {"uid": "35086599", "content": "吃好喝好该上路了"}, {"uid": "93875339", "content": "整活之王"}, {"uid": "25968061", "content": "昂起头乐"}, {"uid": "35004205", "content": "源石？！哪有源石？！"}, {"uid": "88154", "content": "2333333"}, {"uid": "229095718", "content": "吃饱上路"}, {"uid": "23001624", "content": "？"}, {"uid": "23001624", "content": "草"}, {"uid": "324829729", "content": "哈哈哈"}, {"uid": "101387632", "content": "泪目"}, {"uid": "10826451", "content": "草"}, {"uid": "4014727", "content": "祈祷nia"}, {"uid": "66983838", "content": "快进到30好人"}, {"uid": "34593348", "content": "草"}, {"uid": "194175206", "content": "蹭毛呢你这ww"}, {"uid": "4408249", "content": "孝死我了"}, {"uid": "212101", "content": "草"}, {"uid": "212101", "content": "草"}, {"uid": "512030744", "content": "啊?啊这，好别致的僵尸"}, {"uid": "88025177", "content": "paryi"}, {"uid": "5276373", "content": "心乱了"}, {"uid": "16543843", "content": "就这么喜欢花谱吗"}, {"uid": "3109422", "content": "草"}, {"uid": "7991044", "content": "揍两下就行"}, {"uid": "158229081", "content": "kusogaki"}, {"uid": "487279", "content": "草"}, {"uid": "11329290", "content": "剪辑man怕不是kaf的gachi"}, {"uid": "253419", "content": "好欢快草"}, {"uid": "36769691", "content": "噔噔咚"}, {"uid": "36769691", "content": "经典"}, {"uid": "9190626", "content": "草"}, {"uid": "13421456", "content": "哈哈哈哈"}, {"uid": "683473", "content": "花谱没收版权费亏炸"}, {"uid": "442580518", "content": "明知道aria最讨厌胡萝卜hhh"}, {"uid": "334926483", "content": "233333"}, {"uid": "5718643", "content": "草"}, {"uid": "10042939", "content": "hypo means low"}, {"uid": "694492738", "content": "草"}, {"uid": "1853150", "content": "草"}, {"uid": "1853150", "content": "角色曲"}, {"uid": "194175206", "content": "危"}, {"uid": "194175206", "content": "www"}, {"uid": "4102252", "content": "还好不是黑曜石"}, {"uid": "2178186", "content": "可怕"}, {"uid": "253419", "content": "坏小鬼"}, {"uid": "36769691", "content": "草"}, {"uid": "1808632", "content": "草"}, {"uid": "16976784", "content": "草"}, {"uid": "2629851", "content": "草"}, {"uid": "356779446", "content": "？"}, {"uid": "131391165", "content": "草"}, {"uid": "6038651", "content": "这是30当时放的也是这个，应该说是30喜欢这个"}, {"uid": "221220", "content": "草"}, {"uid": "30514029", "content": "草"}, {"uid": "2907196", "content": "23333333"}, {"uid": "2178186", "content": "草"}, {"uid": "300846", "content": "熊孩子哈哈哈哈哈哈"}, {"uid": "1717932183", "content": "怎么不用黑曜石"}, {"uid": "101387632", "content": "泪目"}, {"uid": "334926483", "content": "草"}, {"uid": "3690746", "content": "草"}, {"uid": "194175206", "content": "？？？"}, {"uid": "3603486", "content": "草"}, {"uid": "56595", "content": "乐了"}, {"uid": "2178186", "content": "草"}, {"uid": "89498", "content": "抱抱30"}, {"uid": "2854211", "content": "BGM"}, {"uid": "197816147", "content": "草"}, {"uid": "523440453", "content": "草"}, {"uid": "523440453", "content": "草"}]