[{"uid": "36077319", "content": "？？"}, {"uid": "6486338", "content": "咪蕾=A A"}, {"uid": "2956619", "content": "草"}, {"uid": "7653623", "content": "AA"}, {"uid": "90962120", "content": "AA（既答"}, {"uid": "67285291", "content": "AA（无慈悲）"}, {"uid": "6759353", "content": "米斯达比A大"}, {"uid": "24574", "content": "我赌你的枪里都是橡皮子弹"}, {"uid": "23994857", "content": "BGM应景"}, {"uid": "100233606", "content": "当然是AA了"}, {"uid": "166658055", "content": "我投降我投降"}, {"uid": "21087005", "content": "来玩俄罗斯转盘，子弹装满的那种"}, {"uid": "112776970", "content": "你别像上次一样换阴间背景，再把头拿下来对我们开枪就行，那是真的吓人啊2333"}, {"uid": "142252343", "content": "我只要还有一天活着，就不会停止乳A"}, {"uid": "142252343", "content": "用你的手枪，打你的钢板，能不能打穿呢"}, {"uid": "128681635", "content": "草"}, {"uid": "2724569", "content": "说 你是猪"}, {"uid": "24277143", "content": "大人，时代变了"}, {"uid": "24277143", "content": "点 名 批 评"}, {"uid": "3844363", "content": "有能翻译图"}, {"uid": "22363074", "content": "点名表扬"}, {"uid": "3844363", "content": "还有这种好事？"}, {"uid": "3844363", "content": "你脖子下那个眼睛在瞄准了"}, {"uid": "434780627", "content": "点名表扬"}, {"uid": "2203831", "content": "请手下留情......"}, {"uid": "354624", "content": "整活大师"}, {"uid": "92720526", "content": "我赌你的枪里没有子弹"}, {"uid": "2203831", "content": "请饶我一命！"}, {"uid": "10778462", "content": "bgm冥界了起来"}, {"uid": "291031618", "content": "地狱少女30酱"}, {"uid": "100389047", "content": "经典背景"}, {"uid": "37498399", "content": "暗妃鲁咪蕾AAすきです"}, {"uid": "76082817", "content": "咒怨"}, {"uid": "391784152", "content": "AA（即答）"}, {"uid": "351481748", "content": "性感手枪镇魂曲（"}, {"uid": "15138435", "content": "这个表情绝了"}, {"uid": "6034957", "content": "turn A"}, {"uid": "10123604", "content": "性感手枪没有追踪效果吧"}, {"uid": "408645838", "content": "对话触发boss战"}, {"uid": "45087547", "content": "害怕"}, {"uid": "45087547", "content": "茶佬笑死我了"}, {"uid": "5774948", "content": "还有这种好事？"}, {"uid": "5774948", "content": "我们喜欢的是AA的30"}, {"uid": "9347062", "content": "喜欢咪蕾的aa"}, {"uid": "10256519", "content": "还带改名？"}, {"uid": "28954108", "content": "好久不见了呢A"}, {"uid": "7451126", "content": "不 性 感 手 枪"}, {"uid": "40899320", "content": "公  开  表  扬"}, {"uid": "13052443", "content": "生气（指二阶段"}, {"uid": "19724079", "content": "谁不想呢（"}, {"uid": "112776970", "content": "别别别！我们错了！"}, {"uid": "4661588", "content": "我喜欢的是三十酱"}, {"uid": "354624", "content": "草 好活"}, {"uid": "408645838", "content": "boss二阶段"}, {"uid": "408645838", "content": "boss一阶段"}, {"uid": "3049767", "content": "我想做个好人 对捂住 我系差人"}, {"uid": "8367382", "content": "点名表扬"}, {"uid": "2193135", "content": "不性感手枪"}, {"uid": "23153039", "content": "30suki，AAsuki，AA30daisuki"}, {"uid": "697976254", "content": "哈哈哈哈哈哈哈"}, {"uid": "12675513", "content": "30のAAすき"}, {"uid": "85456150", "content": "还有这种好事？"}, {"uid": "196529", "content": "M1917美国制史密斯威森！"}, {"uid": "3404022", "content": "转阶段注意"}, {"uid": "111194286", "content": "还有这好事！"}, {"uid": "12685672", "content": "好可怕"}, {"uid": "8540019", "content": "草，A酱。。"}, {"uid": "45087547", "content": "阶段转换"}, {"uid": "755531", "content": "你这个坏东西.jpg"}, {"uid": "441033668", "content": "生气了吗A"}, {"uid": "43519151", "content": "眼睛闭反了。。。"}, {"uid": "93875339", "content": "草"}, {"uid": "38381207", "content": "草"}, {"uid": "3579588", "content": "草是这段"}, {"uid": "2082446", "content": "you know the rules and so do i (doge)"}, {"uid": "112776970", "content": "不要啊！！！"}, {"uid": "23153039", "content": "欲しい"}, {"uid": "4661588", "content": "M1917美国制史密斯维森"}, {"uid": "12675513", "content": "请务必"}, {"uid": "92005751", "content": "我喜欢平板"}, {"uid": "13213559", "content": "我只喜欢aa的30"}, {"uid": "938939", "content": "美 式 vtuber"}, {"uid": "286517710", "content": "还有这好事"}, {"uid": "45087547", "content": "不性感手枪"}, {"uid": "11534726", "content": "咪蕾病娇说"}, {"uid": "38258587", "content": "都suki"}, {"uid": "7244673", "content": "还有这种好事"}, {"uid": "49144633", "content": "还有这等好事"}, {"uid": "1853150", "content": "时代变了"}, {"uid": "238865667", "content": "草"}, {"uid": "15588298", "content": "草"}, {"uid": "30159944", "content": "草"}, {"uid": "47079996", "content": "草"}, {"uid": "36594642", "content": "aa"}, {"uid": "11872189", "content": "DD"}, {"uid": "10159973", "content": "恐龙快打BOSS"}, {"uid": "38293891", "content": "SAY GOODBYE"}, {"uid": "4661588", "content": "哈哈哈哈哈哈"}, {"uid": "2724569", "content": "草"}, {"uid": "13594081", "content": "AA"}, {"uid": "22363074", "content": "不是很性感手枪"}, {"uid": "22363074", "content": "请务必"}, {"uid": "7066749", "content": "草"}, {"uid": "12653563", "content": "好耶"}, {"uid": "100389047", "content": "草"}, {"uid": "37498399", "content": "加大力度"}, {"uid": "4912018", "content": "草"}, {"uid": "2874576", "content": "A酱好久不见"}, {"uid": "230337405", "content": "草"}, {"uid": "755531", "content": "倒a可还行，你就是白色人偶？"}, {"uid": "90962120", "content": "AA酱suki"}, {"uid": "2051462", "content": "我于杀戮之中绽放"}, {"uid": "9028227", "content": "草"}, {"uid": "346729278", "content": "害怕"}, {"uid": "12700753", "content": "草"}, {"uid": "456278309", "content": "aa"}, {"uid": "22363074", "content": "二阶段"}, {"uid": "22363074", "content": "想"}, {"uid": "434780627", "content": "点名表"}, {"uid": "2203831", "content": "害怕"}, {"uid": "111194286", "content": "A酱siki"}, {"uid": "2203831", "content": "害怕"}, {"uid": "14597675", "content": "草"}, {"uid": "73354022", "content": "这女人怎么这么多BGM"}, {"uid": "32423963", "content": "米斯达233"}, {"uid": "128541", "content": "A酱"}, {"uid": "12993427", "content": "务必"}, {"uid": "75379", "content": "草"}, {"uid": "11872189", "content": "沙雕网友有什么好怕的"}, {"uid": "3109422", "content": "草"}, {"uid": "574345", "content": "草"}, {"uid": "3083310", "content": "我喜欢30，也喜欢AA，这两种喜欢加在了一起不是让我更加喜欢了吗"}, {"uid": "457277894", "content": "说你是猪"}, {"uid": "676610", "content": "三十酱好汀"}, {"uid": "7949054", "content": "好可怕 啥玩意"}, {"uid": "67655543", "content": "草"}, {"uid": "230337405", "content": "茶佬 草"}, {"uid": "33417534", "content": "AA酱"}, {"uid": "6759353", "content": "米斯达比aa"}, {"uid": "102584891", "content": "草"}, {"uid": "112776970", "content": "别再来一次了啊，上次吓到我了2333"}, {"uid": "15509041", "content": "草"}, {"uid": "200863", "content": "棒读"}, {"uid": "12653563", "content": "想"}, {"uid": "14007884", "content": "？？？"}, {"uid": "128541", "content": "草"}, {"uid": "262284680", "content": "草"}, {"uid": "36077319", "content": "草"}, {"uid": "12993427", "content": "草"}, {"uid": "10778462", "content": "好活"}, {"uid": "2683805", "content": "草"}]