[{"uid": "1623532871", "content": "哪来的鹅啊"}, {"uid": "33491", "content": "同意，这里应该是指oto绝对能唱"}, {"uid": "11015243", "content": "她不摇了"}, {"uid": "20680", "content": "草"}, {"uid": "695183725", "content": "已经相当强了"}, {"uid": "418805098", "content": "怀疑人生"}, {"uid": "159245284", "content": "她不是低音下不去 皮套限制了oto的实力"}, {"uid": "6361313", "content": "30的奶狗叫超可爱"}, {"uid": "9028227", "content": "这孩子真的太可爱了"}, {"uid": "327388057", "content": "字幕大草"}, {"uid": "31546332", "content": "咪蕾：其实我已经赢了，赢oto太多了"}, {"uid": "128541", "content": "这时候oto嗓子刚好"}, {"uid": "25720923", "content": "草啊清楚咳嗽"}, {"uid": "6361313", "content": "草，大数据她又来了www"}, {"uid": "7653623", "content": "30不摇了wwwwww"}, {"uid": "17511044", "content": "真的很像小奶狗啊"}, {"uid": "3359570", "content": "电动狗叫声"}, {"uid": "52453166", "content": "其实早就没上到调上了wwww"}, {"uid": "52453166", "content": "草"}, {"uid": "12507285", "content": "同步左右摇"}, {"uid": "11015243", "content": "开始怀疑人生"}, {"uid": "5731509", "content": "关注了的，估计是30网页端没登录"}, {"uid": "194175206", "content": "水壶漏风"}, {"uid": "9272615", "content": "hhhhhhhhhhhhhhhhhh"}, {"uid": "194175206", "content": "要蚌埠住了"}, {"uid": "48153444", "content": "草，竟然没关注"}, {"uid": "194175206", "content": "此刻终于意识到自己说出了不得了的话"}, {"uid": "194175206", "content": "目瞪口呆.jpg"}, {"uid": "194175206", "content": "地狱难度"}, {"uid": "194175206", "content": "困难难度"}, {"uid": "194175206", "content": "普通难度"}, {"uid": "449131541", "content": "天啊，不愧是冥界的女王，已经到达了超声波的境界"}, {"uid": "438625358", "content": "有可能账号没登"}, {"uid": "23163677", "content": "听着唱不上去了，破音了"}, {"uid": "5731509", "content": "没有的事，低音她下不去的（"}, {"uid": "33919342", "content": "草，清楚（大虚）"}, {"uid": "90601028", "content": "好可爱哈哈哈"}, {"uid": "144358", "content": "别勉强自己"}, {"uid": "2203831", "content": "对于不是龙的普通冥界女王来说已经可以了"}, {"uid": "442250487", "content": "哈哈哈哈哈哈"}, {"uid": "3844363", "content": "这不是奶狗音吗？俗称狗叫"}, {"uid": "3844363", "content": "满屏幕的“算了算了”"}, {"uid": "327388057", "content": "已经快不行了"}, {"uid": "43077580", "content": "汽车锁车音效"}, {"uid": "378981", "content": "不不，那是龙不是怪物"}, {"uid": "412823904", "content": "这孩子吃惊的表情"}, {"uid": "9994946", "content": "甚至没点关注"}, {"uid": "6378905", "content": "谁的电动车在响"}, {"uid": "907844", "content": "字幕草"}, {"uid": "30327137", "content": "奶狗太草了"}, {"uid": "3493611", "content": "像豚鼠的叫声"}, {"uid": "112776970", "content": "看30这震惊的表情2333"}, {"uid": "2358500", "content": "不，我觉得这里指的是oto能唱不是自己"}, {"uid": "73689556", "content": "怎么是唱的和唢呐吹得差不多了www"}, {"uid": "19784544", "content": "经典直播发视频"}, {"uid": "284955022", "content": "这不是兔子的笑声吗？"}, {"uid": "6361313", "content": "字幕效果有了"}, {"uid": "6361313", "content": "嘎好评"}, {"uid": "9028227", "content": "草哈哈哈"}, {"uid": "11279100", "content": "人和龙的体质是不一样的"}, {"uid": "52453166", "content": "然而这时候oto的声带是受伤了的，才刚开始有一点恢复"}, {"uid": "544972", "content": "草..."}, {"uid": "15768226", "content": "这哪是水开了，这是壶裂了"}, {"uid": "194175206", "content": "试试就逝世"}, {"uid": "194175206", "content": "去世难度"}, {"uid": "194175206", "content": "30笑容逐渐消失"}, {"uid": "417662", "content": "草，塔冲脸了"}, {"uid": "10042939", "content": "汽车草"}, {"uid": "2244887", "content": "没关注姐姐的屑"}, {"uid": "43077580", "content": "瞬间关掉"}, {"uid": "10320770", "content": "有潜力的"}, {"uid": "30327137", "content": "太可爱了"}, {"uid": "668800", "content": "事实证明，字幕组确实忘记发视频了，那么谢罪呢？"}, {"uid": "33059216", "content": "孩子傻了"}, {"uid": "28233581", "content": "oto强"}, {"uid": "512770", "content": "目瞪口呆"}, {"uid": "3404022", "content": "哪来的海豹"}, {"uid": "2636764", "content": "草"}, {"uid": "94116608", "content": "草"}, {"uid": "31546332", "content": "裂开了"}, {"uid": "128541", "content": "这推荐第三个就离谱...."}, {"uid": "8722647", "content": "字幕组好活"}, {"uid": "52453166", "content": "逐渐停止响应"}, {"uid": "200863", "content": "她的狗叫太有意思了"}, {"uid": "30514029", "content": "草，哈哈哈哈哈哈"}, {"uid": "194175206", "content": "是要把声带清出去吗（"}, {"uid": "153338083", "content": "痛苦面具"}, {"uid": "16016233", "content": "妹啊怎么没点关注啊（半恼"}, {"uid": "283743875", "content": "笑死了  嘎"}, {"uid": "23588755", "content": "草这个嘴巴"}, {"uid": "13784559", "content": "小狗的声音"}, {"uid": "26797237", "content": "警笛声？"}, {"uid": "10320770", "content": "可别小看了我家神龙啊"}, {"uid": "128681635", "content": "把30看傻了"}, {"uid": "31829694", "content": "自取其辱"}, {"uid": "42195795", "content": "谁家的奶狗跑出来了"}, {"uid": "28522623", "content": "这分明是海豹音。"}, {"uid": "574345", "content": "草"}, {"uid": "85255397", "content": "把关注给点了kora"}, {"uid": "13704083", "content": "哈哈哈哈哈"}, {"uid": "24213285", "content": "有能字幕组"}, {"uid": "30514029", "content": "666666"}, {"uid": "5582949", "content": "30倒下了"}, {"uid": "96995158", "content": "我是谁我在哪里我在干什么"}, {"uid": "2400519", "content": "逊爆"}, {"uid": "33919342", "content": "真就奶狗呗"}, {"uid": "153338083", "content": "草"}, {"uid": "153338083", "content": "欲言又止"}, {"uid": "153338083", "content": "震撼30"}, {"uid": "130804664", "content": "震撼30"}, {"uid": "2854211", "content": "？？？"}, {"uid": "8809686", "content": "怪叫哈哈哈哈"}, {"uid": "21482042", "content": "大数据草"}, {"uid": "11279100", "content": "草，这个推荐视频"}, {"uid": "7438473", "content": "不愧是你"}, {"uid": "70117955", "content": "我水开了，我不看了"}, {"uid": "107122", "content": "ccll是这样的啦"}, {"uid": "50711397", "content": "已断气"}, {"uid": "384796790", "content": "一分钟！热乎"}, {"uid": "101225", "content": "皮套是拘束装甲么"}, {"uid": "252463588", "content": "草"}, {"uid": "13936795", "content": "我的妈"}, {"uid": "552227908", "content": "算了算了"}, {"uid": "30514029", "content": "草"}, {"uid": "9347062", "content": "30不摇了hhhhh"}, {"uid": "183203", "content": "没关注草"}, {"uid": "38107783", "content": "草"}, {"uid": "23588755", "content": "草"}, {"uid": "7438473", "content": "秒关"}, {"uid": "3153180", "content": "战损oto"}, {"uid": "694492738", "content": "感觉她起高了"}, {"uid": "694492738", "content": "哈哈哈哈哈哈哈哈哈"}, {"uid": "13784559", "content": "海豹音"}, {"uid": "1397947", "content": "草"}, {"uid": "30327137", "content": "嘎笑死了"}, {"uid": "590223", "content": "孩子又傻了"}, {"uid": "332954495", "content": "震撼30"}, {"uid": "20680", "content": "震惊30"}, {"uid": "14597675", "content": "哈哈哈哈哈"}, {"uid": "490127301", "content": "草"}, {"uid": "3726514", "content": "建议看一下推荐第三个（bushi）"}, {"uid": "19024476", "content": "草"}, {"uid": "3924121", "content": "哈哈哈哈哈"}, {"uid": "7653623", "content": "孩子傻了"}, {"uid": "546643", "content": "你很弱诶"}, {"uid": "13936795", "content": "小海豹？"}, {"uid": "30514029", "content": "孩子被吓傻了"}, {"uid": "271562871", "content": "失去同步"}, {"uid": "33919342", "content": "阿哈哈哈哈"}, {"uid": "33919342", "content": "阿草？"}, {"uid": "153338083", "content": "30辛苦了"}, {"uid": "1225837659", "content": "关注了 "}, {"uid": "2961711", "content": "草"}, {"uid": "408645838", "content": "字幕好活"}, {"uid": "408645838", "content": "少女震惊"}, {"uid": "36769691", "content": "草"}, {"uid": "36769691", "content": "水开了"}, {"uid": "36769691", "content": "草"}, {"uid": "575664", "content": "没点关注"}, {"uid": "1397947", "content": "差距"}, {"uid": "1397947", "content": "噶"}, {"uid": "233671", "content": "字幕太anti了"}, {"uid": "26774591", "content": "??"}, {"uid": "107122", "content": "推荐里居然有塔"}, {"uid": "3404022", "content": "哨子精"}, {"uid": "197471427", "content": "30震惊中"}, {"uid": "9028227", "content": "啊哈哈哈哈哈哈"}, {"uid": "9028227", "content": "草"}, {"uid": "3690746", "content": "能摸到7"}, {"uid": "38293891", "content": "算了算了"}, {"uid": "38293891", "content": "草"}, {"uid": "41895461", "content": "草"}, {"uid": "1500913", "content": "这表情"}, {"uid": "544972", "content": "草"}, {"uid": "24213285", "content": "草"}, {"uid": "194175206", "content": "www"}, {"uid": "225339852", "content": "？？"}, {"uid": "8605613", "content": "名为ccll的怪物"}, {"uid": "32423963", "content": "草"}, {"uid": "2602270", "content": "？？"}, {"uid": "2244887", "content": "你很弱唉"}, {"uid": "334926483", "content": "草"}, {"uid": "2854211", "content": "rua"}, {"uid": "442250487", "content": "水开了"}, {"uid": "43077580", "content": "牢记设定"}, {"uid": "90601028", "content": "谁家的奶狗"}, {"uid": "26797237", "content": "@oto"}, {"uid": "5276373", "content": "哈哈哈哈"}, {"uid": "412823904", "content": "差距"}, {"uid": "226009589", "content": "草"}, {"uid": "419371", "content": "太多冲击"}, {"uid": "31546332", "content": "我，不行"}, {"uid": "27569774", "content": "没点关注"}, {"uid": "52453166", "content": "草"}, {"uid": "544972", "content": "太强了"}, {"uid": "552227908", "content": "草"}, {"uid": "5310222", "content": "？？"}, {"uid": "30514029", "content": "草"}, {"uid": "30514029", "content": "草"}, {"uid": "20317592", "content": "草"}, {"uid": "38107783", "content": "草"}, {"uid": "11279100", "content": "OロO！"}, {"uid": "74079829", "content": "草"}, {"uid": "2784445", "content": "狗叫？？"}, {"uid": "2280651", "content": "逐渐离谱"}, {"uid": "95142335", "content": "啊这"}, {"uid": "328318938", "content": "可以啊"}, {"uid": "305617742", "content": "草"}, {"uid": "2109984", "content": "kksk"}, {"uid": "237178802", "content": "草"}, {"uid": "2386943", "content": "草"}, {"uid": "13129396", "content": "草"}, {"uid": "258613", "content": "低音倒确实能下去，但也不能下去..."}, {"uid": "125088731", "content": "水开了"}, {"uid": "52453166", "content": "草"}, {"uid": "200863", "content": "震撼30"}, {"uid": "228538491", "content": "可以了"}, {"uid": "205633122", "content": "草"}, {"uid": "11927551", "content": "666"}, {"uid": "417662", "content": "水开了"}, {"uid": "33919342", "content": "草"}, {"uid": "41895461", "content": "草"}, {"uid": "2203831", "content": "？"}, {"uid": "8809686", "content": "草"}, {"uid": "3844363", "content": "草 塔冲过来了"}, {"uid": "442250487", "content": "www"}, {"uid": "7438473", "content": "难产吗www"}, {"uid": "85772570", "content": "太搞了"}, {"uid": "4964290", "content": "哦"}, {"uid": "328318938", "content": "可惜啊"}, {"uid": "95142335", "content": "啊这"}, {"uid": "20680", "content": "可爱"}, {"uid": "10159973", "content": "奶狗叫"}, {"uid": "194175206", "content": "wwww"}, {"uid": "271562871", "content": "0o0"}, {"uid": "38349569", "content": "？？"}, {"uid": "694492738", "content": "草"}, {"uid": "293977339", "content": "草草草草草"}, {"uid": "328318938", "content": "可以了"}]