[{"uid": "23001624", "content": "噔噔咚"}, {"uid": "25520962", "content": "猜到结局"}, {"uid": "7942705", "content": "siri牛批"}, {"uid": "45087547", "content": "草"}, {"uid": "3651311", "content": "xuashi哈哈哈哈哈哈"}, {"uid": "10042939", "content": "不亏是你"}, {"uid": "15568897", "content": "我的siri告诉我它更善于倾听"}, {"uid": "51009459", "content": "字 正 腔 圆"}, {"uid": "31955486", "content": "字正腔圆"}, {"uid": "452601929", "content": "哈哈哈哈哈"}, {"uid": "6602257", "content": "草还真会说啊"}, {"uid": "5672026", "content": "为什么是中文?"}, {"uid": "2207090", "content": "学术气息浓厚"}, {"uid": "550661269", "content": "前面的，这个意思是说日语来翻译成中英文"}, {"uid": "615602646", "content": "“苍蝇”"}, {"uid": "6849370", "content": "一般点赞XuAsahi"}, {"uid": "166413848", "content": "见siri进，和goo酱并列V圈快乐源泉"}, {"uid": "2351463", "content": "大 数 据"}, {"uid": "23001624", "content": "好人！"}, {"uid": "3603486", "content": "字正腔圆"}, {"uid": "21482042", "content": "学名太正经了 一般不会用的"}, {"uid": "500703005", "content": "不愧是你"}, {"uid": "398955884", "content": "哈哈哈哈哈哈哈"}, {"uid": "93746613", "content": "草，双用法"}, {"uid": "15138435", "content": "草www绷不住了"}, {"uid": "153338083", "content": "字正腔圆"}, {"uid": "153338083", "content": "ohhhh"}, {"uid": "12664732", "content": "大数据"}, {"uid": "21781204", "content": "哈哈哈哈哈哈"}, {"uid": "128681635", "content": "好屑哦，这语音"}, {"uid": "12321065", "content": "？？"}, {"uid": "328422", "content": "同款笑声……"}, {"uid": "2031947", "content": "大 数 据"}, {"uid": "612499773", "content": "我要笑死了"}, {"uid": "23001624", "content": "噔噔咚"}, {"uid": "23001624", "content": "字正腔圆"}, {"uid": "24489981", "content": "哈哈哈哈哈哈哈哈哈"}, {"uid": "22421009", "content": "不愧是你"}, {"uid": "29140567", "content": "草"}, {"uid": "7577621", "content": "哈哈哈哈哈哈"}, {"uid": "143275225", "content": "草"}, {"uid": "153802", "content": "草"}, {"uid": "82373094", "content": "草"}, {"uid": "1607640", "content": "？？？"}, {"uid": "2109984", "content": "草"}, {"uid": "1808632", "content": "?"}, {"uid": "2655419", "content": "草。。。"}, {"uid": "1891111", "content": "草"}, {"uid": "11585931", "content": "草"}, {"uid": "23001624", "content": "？？？？？？？？"}, {"uid": "34764024", "content": "草"}, {"uid": "11342575", "content": "？？？"}, {"uid": "240061", "content": "草"}, {"uid": "11344630", "content": "草"}, {"uid": "3262791", "content": "wtf"}, {"uid": "225094024", "content": "？？？？？？"}, {"uid": "448925969", "content": "他要是说帕里你不得真吓死"}, {"uid": "351975302", "content": "？？？？"}, {"uid": "23001624", "content": "草"}, {"uid": "109670399", "content": "草"}, {"uid": "23134800", "content": "www你还笑呢！"}, {"uid": "260488", "content": "标准"}, {"uid": "683432", "content": "?"}, {"uid": "2203831", "content": "谢谢你，siri"}, {"uid": "37498399", "content": "草"}, {"uid": "94721476", "content": "刁图一堆"}, {"uid": "2193135", "content": "苍蝇"}, {"uid": "2212470", "content": "草"}, {"uid": "334926483", "content": "草"}, {"uid": "28587221", "content": "草"}, {"uid": "1626145", "content": "草"}, {"uid": "27301097", "content": "silly～（误）"}, {"uid": "696295302", "content": "你是个好人"}, {"uid": "5672026", "content": "绷不住了"}, {"uid": "351975302", "content": "草"}, {"uid": "351975302", "content": "？？？？"}, {"uid": "7577621", "content": "草"}, {"uid": "8254260", "content": "草"}, {"uid": "383074963", "content": "小样！可可爱爱"}, {"uid": "5425162", "content": "被特定了"}, {"uid": "240355", "content": "？？"}, {"uid": "492112368", "content": "草"}, {"uid": "474019100", "content": "草"}, {"uid": "217797936", "content": "草"}, {"uid": "6038651", "content": "确实也没错啊"}, {"uid": "7991044", "content": "草"}, {"uid": "26060294", "content": "没有日语？"}, {"uid": "152675890", "content": "假的"}, {"uid": "3230099", "content": "蚌埠住了"}, {"uid": "79114649", "content": "草"}, {"uid": "45087547", "content": "草草草"}, {"uid": "2629851", "content": "草草草"}, {"uid": "16586347", "content": "草"}, {"uid": "291392091", "content": "草"}, {"uid": "2573568", "content": "???"}, {"uid": "147058372", "content": "？？？"}, {"uid": "38633334", "content": "草"}, {"uid": "351975302", "content": "？？？"}, {"uid": "11331084", "content": "不是山雀？"}, {"uid": "11070957", "content": "好人"}, {"uid": "1415463", "content": "草"}, {"uid": "4720499", "content": "???????????"}, {"uid": "683432", "content": "?？"}, {"uid": "25520962", "content": "草"}, {"uid": "7942705", "content": "草"}, {"uid": "1225837659", "content": "真会整活"}, {"uid": "2629851", "content": "？？？？？？？？"}, {"uid": "2629851", "content": "草"}, {"uid": "2766392", "content": "？？？？？？？"}, {"uid": "170267763", "content": "www"}, {"uid": "7577621", "content": "哈哈哈哈哈用中文说不错呀"}, {"uid": "81948530", "content": "草"}, {"uid": "23001624", "content": "？？？"}, {"uid": "167865345", "content": "草ww"}, {"uid": "34518556", "content": "草"}, {"uid": "13704083", "content": "no"}, {"uid": "408645838", "content": "草"}, {"uid": "8354617", "content": "？？？"}, {"uid": "23928217", "content": "？"}, {"uid": "316966922", "content": "草"}, {"uid": "36283238", "content": "好人"}, {"uid": "6038651", "content": "草"}, {"uid": "453839177", "content": "草"}, {"uid": "697916053", "content": "?"}, {"uid": "2629851", "content": "色小鬼"}, {"uid": "45087547", "content": "wtf"}, {"uid": "341093139", "content": "草"}, {"uid": "73354022", "content": "草"}, {"uid": "439410591", "content": "没毛病"}, {"uid": "453398159", "content": "草"}, {"uid": "11491610", "content": "草"}, {"uid": "23562069", "content": "草"}, {"uid": "23134800", "content": "可可爱爱~~"}, {"uid": "32883386", "content": "草"}, {"uid": "86918711", "content": "草"}, {"uid": "25249842", "content": "草"}, {"uid": "2203831", "content": "害怕"}, {"uid": "36769691", "content": "好人"}, {"uid": "85790419", "content": "草"}, {"uid": "6486338", "content": "小30"}, {"uid": "36169346", "content": "草"}, {"uid": "26797237", "content": "？？？？"}, {"uid": "2280651", "content": "?为什么是中文和英文？"}, {"uid": "5036", "content": "？？？"}, {"uid": "34809510", "content": "？？？"}, {"uid": "10838855", "content": "蚌埠住了"}, {"uid": "7021272", "content": "？？？？？？"}, {"uid": "6361313", "content": "好人"}, {"uid": "6361313", "content": "草"}, {"uid": "476554199", "content": "草"}, {"uid": "23562069", "content": "草"}, {"uid": "13792286", "content": "草"}, {"uid": "33935601", "content": "草"}, {"uid": "435356088", "content": "草"}, {"uid": "3629442", "content": "草"}, {"uid": "2203831", "content": "草"}, {"uid": "441344288", "content": "草"}, {"uid": "21143310", "content": "草"}, {"uid": "6486338", "content": "太坏了"}, {"uid": "26797237", "content": "刚刚那些的意思是让siri用不同语言说话，系统本身还是日语的，中文英语，一个是用的人最多，一个是用的范围最大"}, {"uid": "485709481", "content": "xu佬赞了"}, {"uid": "152675890", "content": "停停"}, {"uid": "94721476", "content": "草"}, {"uid": "600274002", "content": "草"}, {"uid": "439410591", "content": "草草草"}, {"uid": "696295302", "content": "草"}, {"uid": "500728322", "content": "草"}, {"uid": "10159973", "content": "草"}, {"uid": "9028227", "content": "?"}, {"uid": "3401118", "content": "色小鬼"}, {"uid": "3603486", "content": "草草草"}, {"uid": "93746613", "content": "????"}, {"uid": "36283238", "content": "？？？？？"}, {"uid": "1808632", "content": "好人"}, {"uid": "28954108", "content": "好人"}, {"uid": "128681635", "content": "啊这"}, {"uid": "4912018", "content": "草"}, {"uid": "1825150", "content": "cao"}, {"uid": "9190626", "content": "草"}, {"uid": "68060881", "content": "草"}, {"uid": "291392091", "content": "？？？"}, {"uid": "351975302", "content": "好人"}, {"uid": "23562069", "content": "？？？"}, {"uid": "24213285", "content": "草"}, {"uid": "23994857", "content": "草"}, {"uid": "39662", "content": "草"}, {"uid": "36769691", "content": "草"}, {"uid": "252463588", "content": "？？？"}, {"uid": "32423963", "content": "？？？"}, {"uid": "4912018", "content": "草wwwww"}, {"uid": "9272615", "content": "？"}, {"uid": "44512795", "content": "？？？"}]