[{"uid": "8648597", "content": "竟然有这么多vtb"}, {"uid": "503914057", "content": "来自天堂的的60"}, {"uid": "285049079", "content": "完 全 失 败"}, {"uid": "360735841", "content": "233有两个"}, {"uid": "131775", "content": "今天 30也很可爱啊"}, {"uid": "131775", "content": "所以这图有三个?30 好耶"}, {"uid": "51009459", "content": "！"}, {"uid": "51009459", "content": "？"}, {"uid": "286420910", "content": "kksk"}, {"uid": "86954029", "content": "草哈哈哈哈哈哈哈"}, {"uid": "18636769", "content": "莉泽我也看到两个"}, {"uid": "18636769", "content": "一个白，一个黑，"}, {"uid": "506267305", "content": "一眼看到修女"}, {"uid": "93547721", "content": "这波是手动整活"}, {"uid": "93547721", "content": "好家伙，耳朵这么显眼的嘛"}, {"uid": "523503993", "content": "草，大刺蛇"}, {"uid": "167332435", "content": "居然有餅月"}, {"uid": "3860516", "content": "这一秒四行七老大哥"}, {"uid": "36480329", "content": "双荔？"}, {"uid": "470243161", "content": "30的头和身体是可以分开的"}, {"uid": "23838334", "content": "原来30也有俩"}, {"uid": "23838334", "content": "刚刚看见皇女有两个了"}, {"uid": "21622878", "content": "草"}, {"uid": "33327261", "content": "秦川草"}, {"uid": "12653563", "content": "暂停成功，是mannano0"}, {"uid": "512770", "content": "看到团长了"}, {"uid": "512770", "content": "看到家主了"}, {"uid": "512770", "content": "看到oto了"}, {"uid": "512770", "content": "小秦草"}, {"uid": "4057377", "content": "一个灵魂指向黑暗，一个灵魂指向光明，混沌战士30"}, {"uid": "70308482", "content": "我成替身了"}, {"uid": "23613704", "content": "拜托了，另一个我！"}, {"uid": "11044651", "content": "kksk"}, {"uid": "4148560", "content": "打断施法"}, {"uid": "194175206", "content": "草"}, {"uid": "194175206", "content": "wwww"}, {"uid": "194175206", "content": "？？草"}, {"uid": "194175206", "content": "灵异事件（）"}, {"uid": "4604144", "content": "呜呜我的结衣妹妹"}, {"uid": "4604144", "content": "我看到猫猫了"}, {"uid": "15138435", "content": "30AA"}, {"uid": "15138435", "content": "草"}, {"uid": "15138435", "content": "老二次元了"}, {"uid": "15138435", "content": "二重身"}, {"uid": "15138435", "content": "噔 噔 咚"}, {"uid": "10104126", "content": "我看到老大哥了"}, {"uid": "179232007", "content": "草"}, {"uid": "179232007", "content": "mana！"}, {"uid": "454409066", "content": "凑数的石锤了"}, {"uid": "8298552", "content": "草"}, {"uid": "1886382", "content": "看到mana了"}, {"uid": "484927", "content": "禁忌的二重存在"}, {"uid": "1847299", "content": "仔细看，这上面可不止一刀"}, {"uid": "25488910", "content": "知道并且找到了你"}, {"uid": "13275281", "content": "我都爱怎么办"}, {"uid": "13275281", "content": "哈哈哈哈哈"}, {"uid": "75379", "content": "一眼看到狗头人"}, {"uid": "694492738", "content": "她哪来的那么多BGM呀？？ww"}, {"uid": "417051", "content": "那个大川一彩是指谁啊"}, {"uid": "32423963", "content": "草"}, {"uid": "359404038", "content": "吼帕里啊"}, {"uid": "2061607", "content": "靠，第一眼就是狗头人"}, {"uid": "128541", "content": "kksk"}, {"uid": "468373", "content": "草"}, {"uid": "11491955", "content": "看到团长了，一闪而过"}, {"uid": "217797936", "content": "dd图鉴"}, {"uid": "11593250", "content": "刚一眼找到了oto"}, {"uid": "546072", "content": "孩子太可爱了"}, {"uid": "546072", "content": "草"}, {"uid": "5582949", "content": "真 相 大 白"}, {"uid": "5582949", "content": "完 全 失 败"}, {"uid": "266770035", "content": "不用了，我要姆蕾"}, {"uid": "238865667", "content": "草结衣这还吃刀"}, {"uid": "366759668", "content": "果然我还是D得太少了"}, {"uid": "6971266", "content": "哪来的狗啊"}, {"uid": "857549", "content": "二 次 失 败"}, {"uid": "857549", "content": "完 全 失 败"}, {"uid": "2203831", "content": "完 全 失 败"}, {"uid": "2203831", "content": "终于找到了"}, {"uid": "4893114", "content": "一眼看到守子哥"}, {"uid": "20225797", "content": "米蕾可爱"}, {"uid": "36769691", "content": "草"}, {"uid": "36769691", "content": "梅开二度"}, {"uid": "36769691", "content": "经典"}, {"uid": "5425162", "content": "没想好草"}, {"uid": "5425162", "content": "ん？"}, {"uid": "23153039", "content": "kksk"}, {"uid": "472502034", "content": "不可饶恕 不可饶恕"}, {"uid": "141262511", "content": "是mana"}, {"uid": "67778694", "content": "kksk"}, {"uid": "803587", "content": "整活小天才"}, {"uid": "803587", "content": "草怎么还有ののの 一把刀插我脸上"}, {"uid": "10518197", "content": "30A和30B"}, {"uid": "803587", "content": "你还是忘不了她（泪）"}, {"uid": "10518197", "content": "不用了 我觉得60也挺可爱的 这样就行"}, {"uid": "10518197", "content": "草"}, {"uid": "10518197", "content": "没说不能重复，我就看到好几个重复的"}, {"uid": "17461471", "content": "帕里草"}, {"uid": "10518197", "content": "一眼找到nano却找不到自己，太悲伤了"}, {"uid": "1821770", "content": "自己都不自信吗"}, {"uid": "1821770", "content": "没说只能有一个啊"}, {"uid": "73478180", "content": "我看到no叔了这都有刀的吗！！！"}, {"uid": "252100619", "content": "看黑影，比较容易发现，然后旁边就是了"}, {"uid": "99938198", "content": "可爱"}, {"uid": "2400519", "content": "草，狗头人"}, {"uid": "3860516", "content": "这里有猫猫"}, {"uid": "130205137", "content": "正下方也有一张30"}, {"uid": "5280343", "content": "怎么还有夏色保护协会的啊"}, {"uid": "26890410", "content": "看到耳朵了"}, {"uid": "25184876", "content": "没丢 就在那"}, {"uid": "131775", "content": "啊这 下面偏左一点就是了"}, {"uid": "131775", "content": "啊这 你还是忘不了她"}, {"uid": "3024532", "content": "ん？？？？？"}, {"uid": "15138435", "content": "职业跟枪是吧"}, {"uid": "626904916", "content": "就在这里正下方"}, {"uid": "25281442", "content": "看见桃子了"}, {"uid": "633832436", "content": "这边太蓝了"}, {"uid": "200863", "content": "请记住现在这个动作"}, {"uid": "4709884", "content": "我看见缺狗狗了"}, {"uid": "112776970", "content": "我看到了ccm 2333"}, {"uid": "14350243", "content": "水龙敬也有草"}, {"uid": "86954029", "content": "整活失败"}, {"uid": "93547721", "content": "看到团长了"}, {"uid": "700257", "content": "看到了汐宝"}, {"uid": "8298552", "content": "草，过于anti"}, {"uid": "694492738", "content": "红红火火恍恍惚惚"}, {"uid": "128541", "content": "草"}, {"uid": "803587", "content": "看到白菜了"}, {"uid": "2063566", "content": "草一眼看到老爷子"}, {"uid": "176593409", "content": "看到两次oto"}, {"uid": "42146867", "content": "看见金憨憨了"}, {"uid": "667114349", "content": "草"}, {"uid": "128541", "content": "右边还有一个"}, {"uid": "238865667", "content": "左下角"}, {"uid": "14713845", "content": "狗头人上面是柚子哈，怪起来了"}, {"uid": "131775", "content": "← 结衣的刀子可以收回去了 nonono的刀子还在"}, {"uid": "51009459", "content": "ん？"}, {"uid": "14350243", "content": "右下太阳神？"}, {"uid": "291885623", "content": "为什么会有马赛克"}, {"uid": "123307013", "content": "找到30了"}, {"uid": "70308482", "content": "看到夏小姐了"}, {"uid": "248627858", "content": "草"}, {"uid": "194175206", "content": "草"}, {"uid": "35950363", "content": "分身之术！"}, {"uid": "13275281", "content": "草"}, {"uid": "694492738", "content": "看到帕里了"}, {"uid": "200863", "content": "草，怎么还有个凯露阿？？凑数的嘛"}, {"uid": "238865667", "content": "猫猫"}, {"uid": "25184876", "content": "两个"}, {"uid": "4709884", "content": "水龙敬草"}, {"uid": "1527383", "content": "wwwwwww"}, {"uid": "187273", "content": "输了输了输了。"}, {"uid": "378981", "content": "黑色剪影旁边……"}, {"uid": "99938198", "content": "草"}, {"uid": "133518891", "content": "草，怪东西"}, {"uid": "93547721", "content": "oto"}, {"uid": "7438473", "content": "草"}, {"uid": "179232007", "content": "男人领域发动"}, {"uid": "179232007", "content": "看到犬山哥了"}, {"uid": "694492738", "content": "萨摩耶！！"}, {"uid": "359404038", "content": "烂了"}, {"uid": "359404038", "content": "哈哈哈哈哈哈"}, {"uid": "128541", "content": "整活失败"}, {"uid": "10256519", "content": "可以可以"}, {"uid": "238865667", "content": "帕里"}, {"uid": "2203831", "content": "嗯？"}, {"uid": "1397947", "content": "草"}, {"uid": "9737373", "content": "草 哪来的狗？"}, {"uid": "477571439", "content": "帕里！"}, {"uid": "179232007", "content": "桃子！"}, {"uid": "409153034", "content": "找到了"}, {"uid": "13275281", "content": "算了，30算了"}, {"uid": "36769691", "content": "草"}, {"uid": "100732", "content": "？？？"}, {"uid": "2036597", "content": "？哪来的狗"}, {"uid": "50939322", "content": "oto"}, {"uid": "64564226", "content": "看到天天"}, {"uid": "13275281", "content": "？"}, {"uid": "75379", "content": "草"}, {"uid": "359404038", "content": "oto"}, {"uid": "200863", "content": "ん？？"}, {"uid": "35509930", "content": "草"}, {"uid": "258613", "content": "quin"}, {"uid": "297679665", "content": "____------------------------------猫猫"}]