[{"uid": "509623911", "content": "？？？？？？？"}, {"uid": "291023187", "content": "JOJO"}, {"uid": "8648597", "content": "夏哥"}, {"uid": "404353327", "content": "弔图一堆"}, {"uid": "5718643", "content": "弔图一堆"}, {"uid": "40634071", "content": "30这孩子真好"}, {"uid": "434431", "content": "dd全责"}, {"uid": "3404022", "content": "在学了在学了，背到あ行了"}, {"uid": "22987058", "content": "原来是观众的锅吗"}, {"uid": "2662523", "content": "这句话的语气怎么有点像屑精灵的呢"}, {"uid": "323280042", "content": "草"}, {"uid": "33919342", "content": "哇你谁？好可爱"}, {"uid": "436317741", "content": "温暖（大嘘）"}, {"uid": "2907196", "content": "这一段好喜感wwww"}, {"uid": "2629851", "content": "くそガキ草wwwwwwww"}, {"uid": "3651311", "content": "发吃人陷阱的别以为你们躲开了其实都跑不掉（）"}, {"uid": "556547", "content": "毕竟力天使"}, {"uid": "77845357", "content": "一张没用（确信）"}, {"uid": "36810930", "content": "直播间要变成沙雕图的样子了"}, {"uid": "401099828", "content": "prprprprprprprprpr"}, {"uid": "401099828", "content": "我DNA动了，我不看了"}, {"uid": "11679924", "content": "字幕组温暖友好?anti起来可当1000个dd"}, {"uid": "544972", "content": "怪起来了"}, {"uid": "39256560", "content": "草"}, {"uid": "39256560", "content": "完全一致"}, {"uid": "38274277", "content": "草"}, {"uid": "15784954", "content": "冲国沙雕文化"}, {"uid": "2297252", "content": "哈哈哈"}, {"uid": "179133117", "content": "0_-"}, {"uid": "9111145", "content": "指oppai"}, {"uid": "4360410", "content": "草"}, {"uid": "8063179", "content": "吃人！"}, {"uid": "93875339", "content": "完全一致"}, {"uid": "17461471", "content": "先辈那个就离谱"}, {"uid": "23588755", "content": "草"}, {"uid": "694492738", "content": "草"}, {"uid": "194175206", "content": "www"}, {"uid": "194175206", "content": "惨 字幕组"}, {"uid": "9047004", "content": "完 全 一 致"}, {"uid": "85999950", "content": "oto肌肉那么强，一脚一个小朋友"}, {"uid": "85999950", "content": "哈哈"}, {"uid": "200863", "content": "看过好多版本了 ww"}, {"uid": "14462903", "content": "精神支柱"}, {"uid": "20619959", "content": "q群30お前草"}, {"uid": "4143186", "content": "恋口上还行"}, {"uid": "11872189", "content": "是吃人陷阱"}, {"uid": "3900958", "content": "开启斗图模式"}, {"uid": "22363074", "content": "吃人陷阱"}, {"uid": "21550586", "content": "哇！刻在DNA里的东西"}, {"uid": "22363074", "content": "发情棉花糖瞩目"}, {"uid": "2163611", "content": "草"}, {"uid": "51208176", "content": "你竟敢对我们尊敬的oto龙王大放厥词？（狗头）"}, {"uid": "6422553", "content": "QQ群在恋口上"}, {"uid": "299718231", "content": "就哪壶不开提哪壶是吧？前面弹幕？"}, {"uid": "13185222", "content": "一键联想到白菜的同款动图草"}, {"uid": "37881820", "content": "草，我一看到这个就想到仙贝"}, {"uid": "23366441", "content": "prpr"}, {"uid": "23366441", "content": "kawaii？？"}, {"uid": "392970681", "content": "弔图一堆"}, {"uid": "23366441", "content": "叠词词，恶心心"}, {"uid": "392970681", "content": "草"}, {"uid": "22014219", "content": "真的吊图一堆"}, {"uid": "3153180", "content": "弔图交流"}, {"uid": "153338083", "content": "欺骗小朋友的屑字幕组"}, {"uid": "30973172", "content": "妹啊这不是一张都没有吗（"}, {"uid": "7872215", "content": "在学了在学了.jpg"}, {"uid": "5731509", "content": "JO梗无处不在的30"}, {"uid": "89342995", "content": "？？？？？"}, {"uid": "153338083", "content": "awsl"}, {"uid": "72277644", "content": "在学了，已经开始背五十音了"}, {"uid": "2629851", "content": "我被击沉了"}, {"uid": "10187656", "content": "这不是什么都没有吗（恼"}, {"uid": "23588755", "content": "大姐是天使啊 不会这样的"}, {"uid": "4964376", "content": "秘技……左右横跳！"}, {"uid": "44765190", "content": "当场吃人"}, {"uid": "22363074", "content": "你到底有多少啊"}, {"uid": "6221030", "content": "awsl"}, {"uid": "29188246", "content": "是松鼠"}, {"uid": "5718643", "content": "草 怎么还有nano的"}, {"uid": "5785365", "content": "awsl"}, {"uid": "280824206", "content": "羊毛出在羊身上"}, {"uid": "401099828", "content": "草"}, {"uid": "401099828", "content": "你QQ响了"}, {"uid": "544972", "content": "草"}, {"uid": "14960", "content": "这个太好笑了"}, {"uid": "9111145", "content": "女王吃人了"}, {"uid": "9028227", "content": "不，是大松鼠！"}, {"uid": "30342074", "content": "awsl"}, {"uid": "2542492", "content": "在学了，下飞机了"}, {"uid": "82569222", "content": "草"}, {"uid": "75379", "content": "多少张 怎么是空的（狗头）"}, {"uid": "8926346", "content": "我看到一个红包"}, {"uid": "1597203", "content": "突然吃人"}, {"uid": "8648597", "content": "吃人陷阱"}, {"uid": "3651311", "content": "一脚一个dd"}, {"uid": "556547", "content": "多少个？我没听清（"}, {"uid": "13513180", "content": "一模一样"}, {"uid": "512770", "content": "awsl"}, {"uid": "512770", "content": "应该是龙形态oto最重"}, {"uid": "443853879", "content": "力天使"}, {"uid": "2297252", "content": "awsl"}, {"uid": "29420546", "content": "awsl"}, {"uid": "85999950", "content": "？？？"}, {"uid": "272664650", "content": "草"}, {"uid": "22363074", "content": "你们在干嘛！！"}, {"uid": "5043517", "content": "不急不急。五十音马上安排上"}, {"uid": "32250348", "content": "草"}, {"uid": "154684", "content": "草，这个群有问题"}, {"uid": "544299387", "content": "kksk"}, {"uid": "113654724", "content": "awsl"}, {"uid": "497441789", "content": "前方夏哥警告"}, {"uid": "15823004", "content": "我谢谢你们啊"}, {"uid": "434780627", "content": "oto从来不踩人，别乱说，乙民太怪了"}, {"uid": "434780627", "content": "竟然是个吃人陷阱"}, {"uid": "1434386", "content": "发情棉花糖草"}, {"uid": "23366441", "content": "她吃人了"}, {"uid": "14199490", "content": "草"}, {"uid": "6221030", "content": "wwwwwwwwwwwwww"}, {"uid": "22209485", "content": "草"}, {"uid": "8077876", "content": "我觉得老龙oto会踩的比较重"}, {"uid": "401343", "content": "右边对话什么鬼（臭小鬼）"}, {"uid": "291023187", "content": "草"}, {"uid": "14493102", "content": "大松鼠我可以"}, {"uid": "6423682", "content": "kksk"}, {"uid": "546072", "content": "所以图呢"}, {"uid": "87688072", "content": "awsl"}, {"uid": "401099828", "content": "awsl"}, {"uid": "2178186", "content": "草"}, {"uid": "93875339", "content": "这些弔图"}, {"uid": "36769691", "content": "草"}, {"uid": "6760836", "content": "很温暖（火"}, {"uid": "4964376", "content": "刷屏预订"}, {"uid": "9028227", "content": "awsl"}, {"uid": "15138435", "content": "awsl"}, {"uid": "11872189", "content": "让我康康"}, {"uid": "30342074", "content": "草"}, {"uid": "21550586", "content": "在线吃人"}, {"uid": "3773507", "content": "草"}, {"uid": "3153180", "content": "怎么是帕里啊"}, {"uid": "693929898", "content": "图穷匕见www"}, {"uid": "32511532", "content": "兴奋了"}, {"uid": "28341505", "content": "草"}, {"uid": "3265778", "content": "这玩意是日本偶像文化产物，跟过世企业有个p关系"}, {"uid": "2758221", "content": "Mua"}, {"uid": "2629851", "content": "草"}, {"uid": "13275281", "content": "可爱！"}, {"uid": "20579837", "content": "怎么一张都没有啊"}, {"uid": "544972", "content": "可爱"}, {"uid": "11202938", "content": "我觉得最重的是mana。。。。"}, {"uid": "39256560", "content": "吃人陷阱"}, {"uid": "185872154", "content": "草"}, {"uid": "74511795", "content": "草"}, {"uid": "2297252", "content": "草"}, {"uid": "194175206", "content": "弔图一堆"}, {"uid": "7713860", "content": "草"}, {"uid": "140230087", "content": "我检查了一下QQ"}, {"uid": "22363074", "content": "kimomo"}, {"uid": "5773287", "content": "草"}, {"uid": "2163611", "content": "沙雕女网友"}, {"uid": "487374066", "content": "芜湖～"}, {"uid": "5731509", "content": "这些弔"}, {"uid": "100191", "content": "草"}, {"uid": "15879761", "content": "小李已经下飞机了"}, {"uid": "834633", "content": "想起0宝"}, {"uid": "239804354", "content": "30"}, {"uid": "207613158", "content": "草"}, {"uid": "23366441", "content": "awsl"}, {"uid": "392970681", "content": "mua~"}, {"uid": "35086599", "content": "吃人陷阱石锤"}, {"uid": "475548090", "content": "吃人了"}, {"uid": "408485428", "content": "666666"}, {"uid": "9028227", "content": "mua"}, {"uid": "2972442", "content": "踩DD最多的应该是hana吧"}, {"uid": "29420546", "content": "mua"}, {"uid": "17480001", "content": "mua"}, {"uid": "2629851", "content": "awsl"}, {"uid": "512770", "content": "妹啊，怎么你发的图都是空白的啊"}, {"uid": "38274277", "content": "草"}, {"uid": "12674688", "content": "草"}, {"uid": "262284680", "content": "吃人陷阱"}, {"uid": "155098", "content": "草"}, {"uid": "9028227", "content": "吃起来了"}, {"uid": "22679", "content": "多少张？"}, {"uid": "1434386", "content": "草"}, {"uid": "1434386", "content": "草"}, {"uid": "378981", "content": "其他V的字幕组苦于没亮点，30的字幕组苦于亮点太多"}, {"uid": "185872154", "content": "30可爱"}, {"uid": "2629851", "content": "awsl"}, {"uid": "2203831", "content": "大姐病娇说"}, {"uid": "32250348", "content": "草"}, {"uid": "6782481", "content": "17个臭弟弟"}]