[{"uid": "195521716", "content": "不能发声的原因：法力值不足"}, {"uid": "195521716", "content": "不能发生"}, {"uid": "1271003355", "content": "帽子戴好象征勇气力量与智慧"}, {"uid": "1271003355", "content": "不知道为什么想笑"}, {"uid": "795948831", "content": "你是个好人（滑稽）"}, {"uid": "795948831", "content": "真漂亮（满足你，滑稽）"}, {"uid": "246633442", "content": "来了，要来了吗"}, {"uid": "43550380", "content": "太多葱鸡"}, {"uid": "180025394", "content": "我怎么品出了新房味"}, {"uid": "1953995", "content": "030的季节又到了"}, {"uid": "2629851", "content": "宿  命  的  对  手"}, {"uid": "2629851", "content": "《哈？？》"}, {"uid": "9062012", "content": "AA 30 你是个好人"}, {"uid": "9062012", "content": "不行了，我本来想泪目 结果实在没忍住对不起 30 草哈哈哈哈哈"}, {"uid": "9062012", "content": "谷歌娘：贴贴？  什么？"}, {"uid": "51009459", "content": "OHHHHHHHHHHHHHHHHHHH！谷歌对了！"}, {"uid": "147123", "content": "AA 好人"}, {"uid": "2456508", "content": "星光爆裂"}, {"uid": "57517150", "content": "《冥 界 圣 经》"}, {"uid": "35509930", "content": "《3  0  圣  经》"}, {"uid": "14187629", "content": "常回家看看"}, {"uid": "1943956199", "content": "黑暗圣经"}, {"uid": "17495264", "content": "杀人还要诛心，多笋啊！"}, {"uid": "283247905", "content": "草"}, {"uid": "57578913", "content": "三回啊三回"}, {"uid": "57578913", "content": "谷歌娘の疑惑"}, {"uid": "15138435", "content": "卧槽，这孩子太会整了"}, {"uid": "59437971", "content": "草奈叶"}, {"uid": "72277644", "content": "颜色还挺喜庆的"}, {"uid": "503894", "content": "这娃太能整了哈哈哈哈哈"}, {"uid": "503894", "content": "草"}, {"uid": "3156545", "content": "谷歌生草机"}, {"uid": "105771", "content": "快乐都是她们的"}, {"uid": "14293639", "content": "草"}, {"uid": "2212470", "content": "小学水嘛草"}, {"uid": "4554202", "content": "泪目"}, {"uid": "9019692", "content": "珍惜这个会笑的30"}, {"uid": "327388057", "content": "本来节目效果爆炸，结果被谷歌生草机耽误了wwwww"}, {"uid": "37913832", "content": "宿命的对手草"}, {"uid": "105180090", "content": "《狮 子 猿》"}, {"uid": "33246467", "content": "明明我先来的，我都这么努力了"}, {"uid": "27586015", "content": "白学现场"}, {"uid": "128541", "content": "气的头都掉了"}, {"uid": "25542314", "content": "谷歌娘的疑惑?jpg"}, {"uid": "88556721", "content": "经典抹布洗"}, {"uid": "221372", "content": "不亏是生草机"}, {"uid": "221372", "content": "宿命的对手"}, {"uid": "221372", "content": "太多冲击"}, {"uid": "221372", "content": "冥冥民也太狠了"}, {"uid": "221372", "content": "草杀人诛心啊"}, {"uid": "221372", "content": "30：我应该在车底"}, {"uid": "36042930", "content": "草"}, {"uid": "2699074", "content": "可怜的30"}, {"uid": "13275281", "content": "很喜庆的颜色呢"}, {"uid": "131652679", "content": "谷歌生草机，整活的神"}, {"uid": "38274277", "content": "草"}, {"uid": "38651533", "content": "整活的王"}, {"uid": "37913832", "content": "说不出话的30"}, {"uid": "2629851", "content": "泪目"}, {"uid": "182056229", "content": "弹幕姬倒了！"}, {"uid": "321394966", "content": "草"}, {"uid": "321394966", "content": "小丑竟是我自己"}, {"uid": "3905055", "content": "感觉这里可以翻译成“我无语凝噎”"}, {"uid": "775716", "content": "二阶段了，该涂火松脂了"}, {"uid": "114864562", "content": "你是个好人"}, {"uid": "34764024", "content": "黑暗圣经"}, {"uid": "4219371", "content": "好的A酱，最喜欢你了"}, {"uid": "153338083", "content": "草"}, {"uid": "23373092", "content": "谷歌开始生草"}, {"uid": "157763", "content": "30你说句话啊，妈妈怕"}, {"uid": "96567562", "content": "【这副身体不会哭泣】"}, {"uid": "23153039", "content": "其实，现在在屏幕里的3个人都是推nano的ww"}, {"uid": "4675964", "content": "杀人还要诛心？"}, {"uid": "10042939", "content": "奈叶草"}, {"uid": "330122916", "content": "翻译过于标准化。（"}, {"uid": "11253844", "content": "不愧是生草机"}, {"uid": "305617742", "content": "泪目（"}, {"uid": "45942840", "content": "狮子猿草"}, {"uid": "45942840", "content": "真的好阴间啊草"}, {"uid": "45942840", "content": "《宿命的对手》"}, {"uid": "275515", "content": "下意识的弹掉了"}, {"uid": "3024532", "content": "进二阶段了，新攻击模式全体注意。"}, {"uid": "3024532", "content": "主要是机翻还把句子分成几段，意思太生草了"}, {"uid": "275208703", "content": "冥界活已经不能用阴间形容了"}, {"uid": "275208703", "content": "失去高光"}, {"uid": "131391165", "content": "草"}, {"uid": "4250284", "content": "生草"}, {"uid": "4250284", "content": "慘 30 慘"}, {"uid": "108061820", "content": "完美继承了帕里的精神的孩子。。。"}, {"uid": "2881638", "content": "这个bgm也太惨了"}, {"uid": "2881638", "content": "仿佛听到了心碎的声音（bushi）"}, {"uid": "84006587", "content": "草"}, {"uid": "226824908", "content": "？"}, {"uid": "6361313", "content": "冥界圣经要来了"}, {"uid": "6361313", "content": "欢 度 新 春"}, {"uid": "50711397", "content": "弹幕姬卡了而已"}, {"uid": "401099828", "content": "莫妮卡你看看你带出来的好徒弟"}, {"uid": "401099828", "content": "谷歌生草机，让你在世界的任何一个角落颠沛流离"}, {"uid": "337358511", "content": "又可怕又难过，极致好活"}, {"uid": "1842529", "content": "确实挺喜庆的"}, {"uid": "166377053", "content": "cao"}, {"uid": "477224340", "content": "失去高光"}, {"uid": "84240", "content": "虽然是整活，但请加大力度"}, {"uid": "31498", "content": "tom 30 tom"}, {"uid": "2358500", "content": "等等，这张阴间图还翻译了我差点没发现"}, {"uid": "85999950", "content": "弹幕姬疯了"}, {"uid": "13792286", "content": "我是你的爸爸（dna错乱"}, {"uid": "506720562", "content": "得不到的爱情"}, {"uid": "1508719", "content": "奈叶草"}, {"uid": "152257071", "content": "30第二阶段（血量只剩一条了）"}, {"uid": "35950363", "content": "30真的是整活大师"}, {"uid": "35950363", "content": "太能整活了"}, {"uid": "30514029", "content": "可怜的30，泪目，抱抱30"}, {"uid": "23140612", "content": "才听出来bgm是白色相蒲"}, {"uid": "76082817", "content": "帕里:确实，你是个好人"}, {"uid": "194486751", "content": "好了帕里刚晋升太阳神，日本好人一位就交给你了，重振好人荣光，30义不容辞"}, {"uid": "2686738", "content": "来了来了，名场面"}, {"uid": "194486751", "content": "人类的悲欢。。。。。"}, {"uid": "25520962", "content": "失去高光"}, {"uid": "488701432", "content": "30 你 是个好人"}, {"uid": "508734070", "content": "bgm骤停"}, {"uid": "2784710", "content": "提 头 来 见"}, {"uid": "237157497", "content": "完美继承帕里好人血统"}, {"uid": "59861", "content": "真漂亮（指好人"}, {"uid": "2854211", "content": "奈叶（"}, {"uid": "22390536", "content": "这才是帕里亲生的"}, {"uid": "194175206", "content": "害怕"}, {"uid": "194175206", "content": "你是个好人.mp3"}, {"uid": "35777504", "content": "可怜的30"}, {"uid": "212101", "content": "泪目。。"}, {"uid": "21098678", "content": "二阶段的你搁这狮子猿呢（"}, {"uid": "14611348", "content": "泪~流了下来"}, {"uid": "194175206", "content": "《冥经》"}, {"uid": "35777504", "content": "可怜的30，被nanoha玩弄于鼓掌之中"}, {"uid": "10918145", "content": "点歌 活动小丑（"}, {"uid": "128541", "content": "圣经吟唱"}, {"uid": "22363074", "content": "第三次冲击"}, {"uid": "306977659", "content": "加把劲骑士（误"}, {"uid": "1397128", "content": "届かない恋をしていても"}, {"uid": "1397128", "content": "谁より 惹かれていた"}, {"uid": "22363074", "content": "世 界 名 画"}, {"uid": "4924179", "content": "好人一位"}, {"uid": "10159973", "content": "届不到的爱恋"}, {"uid": "5774948", "content": "纪念邮递wwww"}, {"uid": "22363074", "content": "快乐都是他们的，呜呜呜"}, {"uid": "4368164", "content": "你看她笑得好开心"}, {"uid": "5774948", "content": "奈叶的姐姐哈哈哈"}, {"uid": "3153180", "content": "泪目"}, {"uid": "3207714", "content": "奈叶草"}, {"uid": "259427670", "content": "果然是这个"}, {"uid": "25720923", "content": "30：这就是贴贴吗 这就是届不到的爱恋吗"}, {"uid": "309567811", "content": "悲（实际上都快笑死了23333）"}, {"uid": "127876", "content": "鸽屁兄贵发了个绿帽子草"}, {"uid": "25720923", "content": "草哈哈哈哈哈哈哈哈哈哈哈"}, {"uid": "194175206", "content": "《世界名画》"}, {"uid": "6353762", "content": "这里nano来看了，被吓到"}, {"uid": "456853764", "content": "太多充饥，看来是吃撑了"}, {"uid": "86006122", "content": "真正的恐怖游戏"}, {"uid": "24185769", "content": "杀人还要诛心"}, {"uid": "309567811", "content": "草，届不到的爱恋"}, {"uid": "432055588", "content": "这就是传说中的?）气的把自己头拧下来吗？"}, {"uid": "114964846", "content": "太会整活了"}, {"uid": "5582949", "content": "此时，弹幕开始迫害了起来"}, {"uid": "31298127", "content": "30：我应该在车底"}, {"uid": "31298127", "content": "30：我已经在车底的"}, {"uid": "490127301", "content": "AA（在现场）"}, {"uid": "35509930", "content": "破  防  了"}, {"uid": "49868465", "content": "。。。？"}, {"uid": "5582949", "content": "机翻出了敌意与宿命感"}, {"uid": "490127301", "content": "机翻kusa"}, {"uid": "5582949", "content": "前方默剧"}, {"uid": "35509930", "content": "要  来  力"}, {"uid": "35509930", "content": "《  哈？》"}, {"uid": "34571766", "content": "被nano玩弄于鼓掌之中"}, {"uid": "35509930", "content": "《圣  经  吟  唱》"}, {"uid": "490127301", "content": "我们重新战斗吧"}, {"uid": "407370531", "content": "大过年的红彤彤真喜庆"}, {"uid": "3344957", "content": "草"}, {"uid": "757545", "content": "sono chi no sadamie"}, {"uid": "349250359", "content": "在现场"}, {"uid": "8410443", "content": "AA（震声）"}, {"uid": "7912919", "content": "前方惊悚注意（）"}, {"uid": "8410443", "content": "表情逐渐变形"}, {"uid": "3735621", "content": "快乐是她们的，我什么也没有"}, {"uid": "7926861", "content": "声音：再见了妈妈今晚我就要远航～"}, {"uid": "573864", "content": "mana：30，别想了，她们都和我贴贴"}, {"uid": "1271003355", "content": "鹅鹅鹅鹅鹅鹅"}, {"uid": "4924201", "content": "《对手》"}, {"uid": "795948831", "content": "30的表情中充满了淡淡的忧伤……"}, {"uid": "733086", "content": "来了来了！"}, {"uid": "9272615", "content": "哈哈哈哈哈哈哈"}, {"uid": "112776970", "content": "我靠！真的吓到我了！2333"}, {"uid": "34357302", "content": "这就是，好人的世界吗...(笑)"}, {"uid": "16866274", "content": "AA"}, {"uid": "27586015", "content": "太多冲击"}, {"uid": "30982451", "content": "太多冲击"}, {"uid": "17495264", "content": "草，草，草，草"}, {"uid": "57578913", "content": "泪全被谷歌生草机摁回去了"}, {"uid": "305004827", "content": "AA"}, {"uid": "2466863", "content": "不行了，我要笑死了"}, {"uid": "3690746", "content": "boss暴怒阶段！"}, {"uid": "3690746", "content": "boss暴怒阶段！"}, {"uid": "72277644", "content": "本来很伤感，这生草翻译整得我一直笑"}, {"uid": "2629851", "content": "二 阶 段 突 入"}, {"uid": "327388057", "content": "冥风纯朴"}, {"uid": "128541", "content": "圣经吟唱"}, {"uid": "22363074", "content": "二 阶 段"}, {"uid": "221372", "content": "你是个好人"}, {"uid": "221372", "content": "失去高光"}, {"uid": "438353447", "content": "真•抱头痛哭（没哭呢"}, {"uid": "131652679", "content": "草，我害怕"}, {"uid": "131652679", "content": "AA，别哭-妈妈爱你"}, {"uid": "37637193", "content": "哈哈哈哈哈哈哈哈哈"}, {"uid": "112776970", "content": "注意：由于30太会整活，本视频略恐怖，后半段请做好心理准备！"}, {"uid": "38934324", "content": "自投罗网"}, {"uid": "2629851", "content": "哈哈哈哈哈哈哈哈哈哈"}, {"uid": "321394966", "content": "笑着笑着就哭了"}, {"uid": "289345", "content": "二阶段草"}, {"uid": "696295302", "content": "只有30受伤的世界"}, {"uid": "57314", "content": "字幕组还翻译了草"}, {"uid": "1835266", "content": "暗妃鲁咪蕾真漂亮"}, {"uid": "13977709", "content": "草  还怕"}, {"uid": "10042939", "content": "抹布洗，土豆卡乃"}, {"uid": "45942840", "content": "不要把一句话分成两段给生草机翻译啊kora！"}, {"uid": "10123604", "content": "声音有它的想法"}, {"uid": "32584263", "content": "流向 改变了"}, {"uid": "22462743", "content": "世 界 名 画"}, {"uid": "131391165", "content": "新的圣经出现了"}, {"uid": "2935232", "content": "啊~~~可爱"}, {"uid": "50711397", "content": "刷的AA太多，弹幕姬卡了"}, {"uid": "477224340", "content": "吓人"}, {"uid": "6759353", "content": "吓人"}, {"uid": "101331207", "content": "推荐这个视频的列位在地球上还想家吗？"}, {"uid": "2203831", "content": "杀手30！"}, {"uid": "85999950", "content": "孩子疯了233333"}, {"uid": "5638839", "content": "橘外人"}, {"uid": "12700753", "content": "噔噔咚"}, {"uid": "47079996", "content": "你是个好人"}, {"uid": "2854211", "content": "抹 布 西"}, {"uid": "19686150", "content": "虽然是白色的季节，但是喔依然想笑"}, {"uid": "5662342", "content": "冥界圣经要来了！"}, {"uid": "194175206", "content": "抱头痛哭"}, {"uid": "22390536", "content": "谢谢，胃已经在痛了"}, {"uid": "21098678", "content": "抹布吸"}, {"uid": "544972", "content": "草..."}, {"uid": "4661588", "content": "草哈哈哈哈哈哈"}, {"uid": "22363074", "content": "你是个好人"}, {"uid": "1397128", "content": "ぼやけた答えが 见え始めるまでは"}, {"uid": "1397128", "content": "気づけば いつのまにか"}, {"uid": "552082", "content": "给个机会吧，我不想做好人了"}, {"uid": "5774948", "content": "生草机"}, {"uid": "3098091", "content": "草，白起来了"}, {"uid": "194175206", "content": "白学家不请自来（"}, {"uid": "131962", "content": "好人(混入其中)"}, {"uid": "6760836", "content": "又到了白色的季节"}, {"uid": "11329290", "content": "为什么你这么熟练啊！"}, {"uid": "86963067", "content": "nano在等土味情话"}, {"uid": "19836828", "content": "现在已经得到了，还是正面冲拳"}, {"uid": "490127301", "content": "变异"}, {"uid": "31876947", "content": "好家伙有点味了"}, {"uid": "312585963", "content": "那天我笑了一晚上"}, {"uid": "5582949", "content": "杀人诛心"}, {"uid": "312585963", "content": "草，笑了出来"}, {"uid": "82569222", "content": "吓死我了"}, {"uid": "5425162", "content": "草，才反应过来bgm是届不到的恋"}, {"uid": "11645412", "content": "怎么都是好人"}, {"uid": "28982241", "content": "《真 好》"}, {"uid": "29860653", "content": "怎么全是A啊，草"}, {"uid": "17699054", "content": "AA 好人"}, {"uid": "29073198", "content": "我水开了，我不看了"}, {"uid": "1271003355", "content": "+哈哈哈哈哈哈"}, {"uid": "1271003355", "content": "笑声越来越大"}, {"uid": "430099272", "content": "坏掉了"}, {"uid": "180025394", "content": "？？？？？我凑"}, {"uid": "163633", "content": "boss转阶段了"}, {"uid": "24213285", "content": "太多冲击"}, {"uid": "2629851", "content": "太多冲击"}, {"uid": "9062012", "content": "不愧是谷歌生草机"}, {"uid": "9062012", "content": "太多冲击"}, {"uid": "2109984", "content": "失去高光"}, {"uid": "358908736", "content": "届けない"}, {"uid": "2466863", "content": "草，又来"}, {"uid": "491412075", "content": "我一刀一个白学家"}, {"uid": "23576276", "content": "前方高能"}, {"uid": "20317592", "content": "哈哈哈"}, {"uid": "2629851", "content": "AA"}, {"uid": "2629851", "content": "哈？"}, {"uid": "168016375", "content": "风向变了"}, {"uid": "316929569", "content": "哈哈啊，0宝就是个百合厨"}, {"uid": "19906390", "content": "草，抹布洗"}, {"uid": "1363022", "content": "谢谢，要做噩梦了"}, {"uid": "577841", "content": "AA别哭~我们在"}, {"uid": "26206587", "content": "哈哈哈，笑飞了"}, {"uid": "221372", "content": "邮递哈哈哈哈哈"}, {"uid": "326989748", "content": "又来一遍"}, {"uid": "419371", "content": "BGM杀疯了"}, {"uid": "36524377", "content": "冥界秘术"}, {"uid": "359653873", "content": "不知道为啥，又想笑，又兴奋"}, {"uid": "145051562", "content": "届不到的恋爱"}, {"uid": "8253639", "content": "有趣的女人"}, {"uid": "502266615", "content": "（自我安慰）"}, {"uid": "696295302", "content": "吓死了"}, {"uid": "133218741", "content": "前方高能预警"}, {"uid": "34764024", "content": "直接发日文我反而看得懂啊Kora"}, {"uid": "2178366", "content": "谷歌生草机"}, {"uid": "38107783", "content": "哈哈哈哈哈哈哈哈"}, {"uid": "330122916", "content": "boss2阶段强化。（"}, {"uid": "28404570", "content": "我在这进的直播间..."}, {"uid": "45942840", "content": "やりません（即答）"}, {"uid": "19522252", "content": "草吓到了"}, {"uid": "3024532", "content": "BGM一响，我就知道我很难不点赞投币了（笑"}, {"uid": "12129539", "content": "草"}, {"uid": "4250284", "content": "危"}, {"uid": "2881638", "content": "真是吓死人"}, {"uid": "2881638", "content": "你们也太狠毒了"}, {"uid": "23360177", "content": "血之宿命（无端）"}, {"uid": "6361313", "content": "失去高光"}, {"uid": "166377053", "content": "白学，，，，，"}, {"uid": "10060183", "content": "酸到屏幕外边了"}, {"uid": "34398770", "content": "AA，你是个好人"}, {"uid": "193571614", "content": "我笑疯了"}, {"uid": "266255540", "content": "恢复高光"}, {"uid": "85999950", "content": "弹幕太坏了"}, {"uid": "38993985", "content": "机翻弄的更生草了啊"}, {"uid": "115678", "content": "2333333"}, {"uid": "6226974", "content": "好人30"}, {"uid": "152257071", "content": "前方暗之圣经"}, {"uid": "266255540", "content": "失去高光"}, {"uid": "23140612", "content": "草"}, {"uid": "2938845", "content": "输了输了!! 泪目!"}, {"uid": "22390536", "content": "草，残血开二段了"}, {"uid": "35777504", "content": "噔噔咚"}, {"uid": "212101", "content": "草 害怕"}, {"uid": "194175206", "content": "真好人"}, {"uid": "21098678", "content": "二阶段草"}, {"uid": "21098678", "content": "声音有自己的想法（）"}, {"uid": "8605613", "content": "hhhhhhhh"}, {"uid": "23758110", "content": "AA"}, {"uid": "4661588", "content": "草，吓死"}, {"uid": "22363074", "content": "黑魂4"}, {"uid": "36339998", "content": "耀眼"}, {"uid": "22363074", "content": "泪冲了回去"}, {"uid": "403410081", "content": "小心吃人陷阱"}, {"uid": "12321065", "content": "也太草了这弹幕"}, {"uid": "1397128", "content": "镜に映るの？"}, {"uid": "12321065", "content": "还停顿了"}, {"uid": "1397128", "content": "どうすれば この心は"}, {"uid": "25356035", "content": "咪蕾suki"}, {"uid": "286517710", "content": "孩子要黑化力"}, {"uid": "103094", "content": "AA"}, {"uid": "354624", "content": "哭了，泪目"}, {"uid": "25720923", "content": "30jpg"}, {"uid": "25720923", "content": "小学生de愛"}, {"uid": "210768", "content": "你这怎么和小学生揪辫子一样呢"}, {"uid": "86006122", "content": "失去高光"}, {"uid": "41298178", "content": "二阶段了"}, {"uid": "21587890", "content": "在现场"}, {"uid": "31298127", "content": "这是这晚30弄的我做了噩梦"}, {"uid": "393294", "content": "？？？？？？？？？？"}, {"uid": "114964846", "content": "白学家探头"}, {"uid": "16438254", "content": "你们是人啊！！！"}, {"uid": "34571766", "content": "可怜的30"}, {"uid": "2542136", "content": "草"}, {"uid": "4093010", "content": "生草机太生草了2333"}, {"uid": "8410443", "content": "失去高光"}, {"uid": "21548527", "content": "表情一致"}, {"uid": "105771", "content": "0宝不哭"}, {"uid": "72277644", "content": "恐龙快打"}, {"uid": "423802212", "content": "冥界圣经"}, {"uid": "693929898", "content": "马得帕里哪里挖的宝贝啊，整活王"}, {"uid": "24213285", "content": "AA"}, {"uid": "355015489", "content": "再来亿遍"}, {"uid": "2629851", "content": "噔噔咚"}, {"uid": "9062012", "content": "杀人诛心"}, {"uid": "6427855", "content": "火 生草机 火"}, {"uid": "235447695", "content": "兰陵王（幻听）"}, {"uid": "33224269", "content": "你是好人"}, {"uid": "33224269", "content": "30破防了"}, {"uid": "3168569", "content": "明明是我先来的"}, {"uid": "27586015", "content": "太多冲击"}, {"uid": "15138435", "content": "三回啊三回"}, {"uid": "3156545", "content": "草，害怕"}, {"uid": "423802212", "content": "(  ･᷄ὢ･᷅)"}, {"uid": "23576276", "content": "前方高能"}, {"uid": "9617502", "content": "太多冲击"}, {"uid": "285826982", "content": "泪目"}, {"uid": "2629851", "content": "抹布吸"}, {"uid": "5915411", "content": "草"}, {"uid": "221372", "content": "快去请太阳神"}, {"uid": "221372", "content": "突然阴间了起来"}, {"uid": "221372", "content": "败犬输的明白"}, {"uid": "9617502", "content": "《圣经》"}, {"uid": "239139", "content": "草"}, {"uid": "13275281", "content": "哈哈哈哈哈哈"}, {"uid": "13275281", "content": "终于对了一句"}, {"uid": "1943956199", "content": "草，害怕"}, {"uid": "100408696", "content": "我错了"}, {"uid": "38274277", "content": "《不也挺好"}, {"uid": "38274277", "content": "杀人诛心？"}, {"uid": "38274277", "content": "草"}, {"uid": "359653873", "content": "不知道为啥有点怀念玩DDLC的时候了"}, {"uid": "37913832", "content": "你一下输一句话啊，不然翻译机不明白"}, {"uid": "19884310", "content": "草"}, {"uid": "2629851", "content": "AA"}, {"uid": "28662020", "content": "泪目::>_<::"}, {"uid": "12589975", "content": "你是个好人"}, {"uid": "34764024", "content": "生草机"}, {"uid": "33591862", "content": "你这还不如不翻译"}, {"uid": "186788539", "content": "怖い！！！！"}, {"uid": "328422", "content": "封面不对劲……"}, {"uid": "12129539", "content": "吓死个人"}, {"uid": "403986795", "content": "前方高能（突脸）！！！"}, {"uid": "2881638", "content": "惨 30 惨"}, {"uid": "125088731", "content": "前方高能"}, {"uid": "401099828", "content": "草"}, {"uid": "11373949", "content": "咚咚咚"}, {"uid": "7438473", "content": "AA要来了"}, {"uid": "38993985", "content": "泪，笑了回去"}, {"uid": "39540940", "content": "草"}, {"uid": "12700753", "content": "二阶段了（"}, {"uid": "8244866", "content": "哈哈哈哈哈哈啊哈哈哈"}, {"uid": "221220", "content": "白学？！"}, {"uid": "11021437", "content": "吓人卧槽"}, {"uid": "7960242", "content": "来了来了！"}, {"uid": "239154", "content": "泪目"}, {"uid": "194175206", "content": "好人"}, {"uid": "4661588", "content": "AB CUP"}, {"uid": "13671989", "content": "草"}, {"uid": "23758110", "content": "草"}, {"uid": "23758110", "content": "你是个好人"}, {"uid": "544972", "content": "草"}, {"uid": "693315475", "content": "想哭，又想笑"}, {"uid": "10159973", "content": "草"}, {"uid": "40025213", "content": "草"}, {"uid": "5774948", "content": "AA，别哭"}, {"uid": "144358", "content": "提着头唱歌的部分呢？"}, {"uid": "25720923", "content": "你们好狠毒啊！"}, {"uid": "74150713", "content": "暗妃鲁咪蕾真漂亮"}, {"uid": "438325544", "content": "哈哈哈"}, {"uid": "1397128", "content": "BGM草"}, {"uid": "30973172", "content": "你电脑响了（"}, {"uid": "16438254", "content": "哈哈哈哈哈哈"}, {"uid": "490127301", "content": "危"}, {"uid": "17784911", "content": "噔噔咚"}, {"uid": "733350", "content": "害 怕"}, {"uid": "59997782", "content": "第一时间赶来嘲笑"}, {"uid": "5582949", "content": "珍惜现在的欢笑"}, {"uid": "5425162", "content": "噔噔咚"}, {"uid": "34232103", "content": "kowa"}, {"uid": "491117", "content": "禁止白学"}, {"uid": "6221030", "content": "不行了，开始笑起来了"}, {"uid": "187273", "content": "泪目"}, {"uid": "14078362", "content": "草"}, {"uid": "423697", "content": "法力值"}, {"uid": "795948831", "content": "失去高光……"}, {"uid": "56807622", "content": "Bible Black"}, {"uid": "100695733", "content": "Fake Cup"}, {"uid": "88025177", "content": "这就是旗木鲁咪蕾的起点吗"}, {"uid": "19824793", "content": "草"}, {"uid": "7374249", "content": "太多冲击"}, {"uid": "71129403", "content": "AA"}, {"uid": "348502020", "content": "0宝老亮了"}, {"uid": "68129973", "content": "声音离家出走"}, {"uid": "84066376", "content": "草"}, {"uid": "17495264", "content": "草"}, {"uid": "283247905", "content": "？！！"}, {"uid": "67655543", "content": "泪目"}, {"uid": "15138435", "content": "小丑就是我的推"}, {"uid": "176032", "content": "草"}, {"uid": "3690746", "content": "太多冲击"}, {"uid": "29140567", "content": "害 怕"}, {"uid": "12564556", "content": "弹幕宕机了？"}, {"uid": "89414338", "content": "30你说句话啊30"}, {"uid": "4554202", "content": "泪目了（www"}, {"uid": "2629851", "content": "危"}, {"uid": "9019692", "content": "抹布西"}, {"uid": "5915411", "content": "爱了爱了"}, {"uid": "12282331", "content": "害怕"}, {"uid": "26206587", "content": "失去高光"}, {"uid": "221372", "content": "哈？"}, {"uid": "221372", "content": "届不到届不到"}, {"uid": "239139", "content": "她酸了"}, {"uid": "13275281", "content": "哈哈哈哈哈哈哈"}, {"uid": "34535631", "content": "弹幕姬阵亡了"}, {"uid": "182056229", "content": "我爱你！！！"}, {"uid": "17252893", "content": "无首狮子猿"}, {"uid": "38274277", "content": "草"}, {"uid": "38274277", "content": "真好人"}, {"uid": "326989748", "content": "太惨了，30"}, {"uid": "62061128", "content": "AA daisuki"}, {"uid": "133218741", "content": "前方高能预警"}, {"uid": "7066749", "content": "同步张嘴"}, {"uid": "13977709", "content": "草  这生草机"}, {"uid": "385746108", "content": "草"}, {"uid": "3879029", "content": "在现场"}, {"uid": "309425785", "content": "泪，笑了出来"}, {"uid": "309425785", "content": "草"}, {"uid": "157771998", "content": "女王"}, {"uid": "186788539", "content": "吓死我了"}, {"uid": "275208703", "content": "好人骑士（）"}, {"uid": "524428254", "content": "草"}, {"uid": "524428254", "content": "要来了"}, {"uid": "401099828", "content": "AA"}, {"uid": "7991044", "content": "害怕"}, {"uid": "754937", "content": "你们哪还算是人！"}, {"uid": "193571614", "content": "Fcup 咪蕾"}, {"uid": "85999950", "content": "难为谷歌娘了"}, {"uid": "85999950", "content": "别人的爱情与我无关233333"}, {"uid": "30514029", "content": "泪目"}, {"uid": "20335327", "content": "AA"}, {"uid": "9272615", "content": "aa"}, {"uid": "194646715", "content": "害怕"}, {"uid": "2854211", "content": "噔噔咚"}, {"uid": "2220830", "content": "黑暗圣经"}, {"uid": "21098678", "content": "草，"}, {"uid": "212101", "content": "害怕"}, {"uid": "21098678", "content": "谷歌，不愧是你"}, {"uid": "3585598", "content": "抹布吸"}, {"uid": "11758259", "content": "草"}, {"uid": "590223", "content": "全输了"}, {"uid": "25720923", "content": "囍"}, {"uid": "25720923", "content": "泪目"}, {"uid": "59997782", "content": "喜庆"}, {"uid": "4744344", "content": "草"}, {"uid": "13644883", "content": "你错了"}, {"uid": "5582949", "content": "噔噔咚"}, {"uid": "353026532", "content": "开幕雷击"}, {"uid": "7003158", "content": "草"}, {"uid": "432055588", "content": "第一时间赶来嘲笑"}, {"uid": "396284759", "content": "草"}, {"uid": "29860653", "content": "草"}, {"uid": "255783601", "content": "hhhhhhhhhh"}, {"uid": "295835355", "content": "、"}, {"uid": "494825751", "content": "真漂亮"}, {"uid": "37825567", "content": "泪目"}, {"uid": "33779152", "content": "草"}, {"uid": "434364483", "content": "干得漂亮"}, {"uid": "2629851", "content": "草草草"}, {"uid": "2629851", "content": "害怕"}, {"uid": "478721283", "content": "坏女人mana"}, {"uid": "212101", "content": "草"}, {"uid": "2109984", "content": "太多冲击"}, {"uid": "3924121", "content": "hhhh"}, {"uid": "17495264", "content": "草"}, {"uid": "57578913", "content": "要做"}, {"uid": "57578913", "content": "sc杀疯了"}, {"uid": "15496318", "content": "草"}, {"uid": "240061", "content": "太多冲击"}, {"uid": "266679665", "content": "nano秒答绝了"}, {"uid": "503894", "content": "草"}, {"uid": "3156545", "content": "草"}, {"uid": "87595325", "content": "草"}, {"uid": "27185926", "content": "草"}, {"uid": "3690746", "content": "太多冲击"}, {"uid": "89414338", "content": "ACPU"}, {"uid": "248627858", "content": "草"}, {"uid": "2398338", "content": "打本二阶段"}, {"uid": "532875431", "content": "白学！草"}, {"uid": "67360122", "content": "害怕"}, {"uid": "26774591", "content": "抹布洗"}, {"uid": "328831269", "content": "哇卡立马死"}, {"uid": "328831269", "content": "太阴间了我去"}, {"uid": "194175206", "content": "sukimo（doge"}, {"uid": "221372", "content": "你在车底"}, {"uid": "221372", "content": "惨30惨"}, {"uid": "131652679", "content": "草"}, {"uid": "131652679", "content": "噔噔咚"}, {"uid": "23001624", "content": "神回"}, {"uid": "23001624", "content": "草吓死"}, {"uid": "38651533", "content": "草"}, {"uid": "38651533", "content": "要来力"}, {"uid": "38651533", "content": "泪目"}, {"uid": "21622878", "content": "泪目"}, {"uid": "6054140", "content": "泪目"}, {"uid": "557252", "content": "草"}, {"uid": "12589975", "content": "破涕为笑"}, {"uid": "54190486", "content": "AA"}, {"uid": "128681635", "content": "卡哇伊"}, {"uid": "85583949", "content": "AA"}, {"uid": "35777504", "content": "哈？"}, {"uid": "9037767", "content": "红纸白字你讲喜庆。。。"}, {"uid": "385746108", "content": "虾仁猪心"}, {"uid": "10042939", "content": "贴贴是てぇてぇ吧"}, {"uid": "292065147", "content": "OMO"}, {"uid": "305617742", "content": "泪目"}, {"uid": "10123604", "content": "抹布洗"}, {"uid": "241837504", "content": "害怕"}, {"uid": "675467190", "content": "真的适合直播"}, {"uid": "3024532", "content": "你说话啊~ 你说句话啊30~~~（"}, {"uid": "275208703", "content": "生草机绝了"}, {"uid": "273318519", "content": "泪目"}, {"uid": "4250284", "content": "wwwwwwwwwwwwwww"}, {"uid": "524428254", "content": "要来力"}, {"uid": "403986795", "content": "做好心理准备"}, {"uid": "29657893", "content": "草"}, {"uid": "202326727", "content": "学得好像w"}, {"uid": "108726297", "content": "吓我一跳"}, {"uid": "337358511", "content": "罪歌。。"}, {"uid": "8400509", "content": "她急了他急了"}, {"uid": "299629496", "content": "要来了"}, {"uid": "2298174", "content": "哈哈哈哈哈哈哈哈哈哈"}, {"uid": "2203831", "content": "害怕"}, {"uid": "296892719", "content": "草"}, {"uid": "85999950", "content": "又开始整活儿了？"}, {"uid": "272896583", "content": "弹幕突然停止"}, {"uid": "6226974", "content": "AA"}, {"uid": "30514029", "content": "草"}, {"uid": "266255540", "content": "泪目"}, {"uid": "524428254", "content": "草"}, {"uid": "2686738", "content": "AA！"}, {"uid": "4614402", "content": "破防了"}, {"uid": "6970335", "content": "泪目"}, {"uid": "11872189", "content": "别哭 ，AB"}, {"uid": "2686738", "content": "哈？"}, {"uid": "66583234", "content": "泪目"}, {"uid": "161613", "content": "30好人"}, {"uid": "212101", "content": "害怕"}, {"uid": "212101", "content": "草"}, {"uid": "212101", "content": "好人"}, {"uid": "10918145", "content": "草"}, {"uid": "151184", "content": "泪目"}, {"uid": "15601523", "content": "害怕"}, {"uid": "4661588", "content": "草，原来没看过这个啊"}, {"uid": "4661588", "content": "笑死"}, {"uid": "40025213", "content": "草"}, {"uid": "128541", "content": "生草翻译"}, {"uid": "23758110", "content": "日本好人唯一神"}, {"uid": "12321065", "content": "闪瞎了"}, {"uid": "12321065", "content": "好悲伤"}, {"uid": "1397128", "content": "孤独なふりをしてるの？"}, {"uid": "27314017", "content": "卸载声卡.exe"}, {"uid": "28954108", "content": "草"}, {"uid": "65212146", "content": "泪目"}, {"uid": "24241879", "content": "てぇてぇ"}, {"uid": "99518530", "content": "好活"}, {"uid": "396284759", "content": "草"}, {"uid": "203157", "content": "Aちゃん――"}, {"uid": "490127301", "content": "危"}, {"uid": "2874576", "content": "30圣经"}, {"uid": "568137", "content": "邮递ww"}, {"uid": "16438254", "content": "我笑的好大声"}, {"uid": "6221030", "content": "草"}, {"uid": "8410443", "content": "AA"}, {"uid": "14389923", "content": "同步率200%"}, {"uid": "325860451", "content": "草"}, {"uid": "383084018", "content": "AA"}, {"uid": "430099272", "content": "草"}, {"uid": "357191362", "content": "完全一致"}, {"uid": "385460843", "content": "惨"}, {"uid": "8031692", "content": "7"}, {"uid": "100695733", "content": "泪目"}, {"uid": "49805658", "content": "是cc蛟（"}, {"uid": "3659719", "content": "草"}, {"uid": "2629851", "content": "草"}, {"uid": "30982451", "content": "我喜欢的人居然在讨好别人"}, {"uid": "67655543", "content": "草"}, {"uid": "15138435", "content": "太多冲击"}, {"uid": "15138435", "content": "草www"}, {"uid": "15138435", "content": "好活儿"}, {"uid": "3773507", "content": "泪目"}, {"uid": "3773507", "content": "泪目"}, {"uid": "3156545", "content": "泪目"}, {"uid": "13310817", "content": "草"}, {"uid": "14293639", "content": "好家伙"}, {"uid": "173988043", "content": "あなたはいい人です"}, {"uid": "532875431", "content": "泪目"}, {"uid": "128541", "content": "AA"}, {"uid": "128541", "content": "草"}, {"uid": "221372", "content": "泪目"}, {"uid": "221372", "content": "草"}, {"uid": "221372", "content": "太惨了"}, {"uid": "36042930", "content": "草"}, {"uid": "660236743", "content": "泪目"}, {"uid": "2699074", "content": "整活的神"}, {"uid": "353269079", "content": "草"}, {"uid": "28587221", "content": "呐"}, {"uid": "23001624", "content": "泪目"}, {"uid": "35641505", "content": "弹幕还正好卡住了，草"}, {"uid": "21622878", "content": "草"}, {"uid": "21622878", "content": "泪目"}, {"uid": "28662020", "content": "泪目"}, {"uid": "690823746", "content": "泪目"}, {"uid": "12630046", "content": "sc是魔鬼"}, {"uid": "22077434", "content": "草"}, {"uid": "696295302", "content": "泪，冲了出来"}, {"uid": "696295302", "content": "泪目"}, {"uid": "6611155", "content": "现场ntr"}, {"uid": "114864562", "content": "これとても怖いですね！！"}, {"uid": "385746108", "content": "橘外人"}, {"uid": "24213285", "content": "草"}, {"uid": "326981983", "content": "弹幕姬爆了？？？"}, {"uid": "305617742", "content": "虾仁猪心"}, {"uid": "4709884", "content": "17分钟 一句话没说 笑死了"}, {"uid": "675467190", "content": "好会整活啊"}, {"uid": "736530", "content": "真美丽"}, {"uid": "2935232", "content": "、、、"}, {"uid": "2655419", "content": "害怕"}, {"uid": "4250284", "content": "草"}, {"uid": "431234601", "content": "真漂亮"}, {"uid": "21622878", "content": "草"}, {"uid": "501410275", "content": "建议和帕里h交流一下心得"}, {"uid": "91757345", "content": "AA"}, {"uid": "31498", "content": "快请太阳神"}, {"uid": "12700753", "content": "草"}, {"uid": "3109422", "content": "在现场"}, {"uid": "524428254", "content": "虾仁猪心"}, {"uid": "474316513", "content": "AA"}, {"uid": "36042930", "content": "泪目"}, {"uid": "2854211", "content": "害怕"}, {"uid": "5779356", "content": "草"}, {"uid": "89032", "content": "草"}, {"uid": "544972", "content": "AA草"}, {"uid": "49776249", "content": "AA"}, {"uid": "544972", "content": "麻了"}, {"uid": "15601523", "content": "草"}, {"uid": "22363074", "content": "二阶段"}, {"uid": "4368164", "content": "眩しい"}, {"uid": "22363074", "content": "草"}, {"uid": "22363074", "content": "真好啊"}, {"uid": "23758110", "content": "草"}, {"uid": "40025213", "content": "泪目"}, {"uid": "3153180", "content": "机翻草"}, {"uid": "5774948", "content": "哈？"}, {"uid": "427550197", "content": "草"}, {"uid": "2061607", "content": "二阶段？"}, {"uid": "438325544", "content": "草"}, {"uid": "438325544", "content": "草www"}, {"uid": "172852529", "content": "喜庆"}, {"uid": "15588298", "content": "泪目"}, {"uid": "114964846", "content": "草"}, {"uid": "108175685", "content": "提前泪目"}, {"uid": "7985555", "content": "害怕"}, {"uid": "114964846", "content": "哈哈哈哈哈"}, {"uid": "1561880", "content": "AA"}, {"uid": "23059843", "content": "噔噔咚"}, {"uid": "4197830", "content": "草"}, {"uid": "35509930", "content": "BGM超神"}, {"uid": "76358929", "content": "弹幕不是AA就是好人"}, {"uid": "38318919", "content": "泪目"}, {"uid": "2178186", "content": "草"}, {"uid": "397822530", "content": "打死白学家"}, {"uid": "6221030", "content": "草"}, {"uid": "100808668", "content": "草"}, {"uid": "292746228", "content": "0宝不哭"}, {"uid": "648490173", "content": "小鸟不再唱歌了"}, {"uid": "29374939", "content": ".0..."}, {"uid": "355015489", "content": "草"}, {"uid": "2629851", "content": "抹布洗"}, {"uid": "2629851", "content": "破防了破防了"}, {"uid": "19824793", "content": "草"}, {"uid": "235447695", "content": "泪目"}, {"uid": "235447695", "content": "泪目"}, {"uid": "147123", "content": "好人"}, {"uid": "147123", "content": "哭，都给我哭"}, {"uid": "172142419", "content": "真漂亮"}, {"uid": "21896921", "content": "は？"}, {"uid": "283247905", "content": "哈哈哈哈"}, {"uid": "57578913", "content": "草生麻了"}, {"uid": "4130547", "content": "草"}, {"uid": "12564556", "content": "麻了"}, {"uid": "215177739", "content": "害怕"}, {"uid": "23346132", "content": "草"}, {"uid": "3773507", "content": "泪目"}, {"uid": "12372377", "content": "泪目"}, {"uid": "436120258", "content": "真漂亮"}, {"uid": "136884739", "content": "泪目"}, {"uid": "3156545", "content": "30你说句话啊"}, {"uid": "14293639", "content": "好家伙"}, {"uid": "89414338", "content": "AA"}, {"uid": "30342074", "content": "草"}, {"uid": "20317592", "content": "草"}, {"uid": "471885913", "content": "病娇好耶"}, {"uid": "2629851", "content": "は？"}, {"uid": "12282331", "content": "害怕"}, {"uid": "128541", "content": "真好啊"}, {"uid": "696295302", "content": "危"}, {"uid": "9065270", "content": "草"}, {"uid": "443059438", "content": "真漂亮"}, {"uid": "398428631", "content": "害怕"}, {"uid": "388125842", "content": "AA"}, {"uid": "36042930", "content": "草"}, {"uid": "13275281", "content": "真漂亮"}, {"uid": "29062293", "content": "害怕"}, {"uid": "8913562", "content": "害怕"}, {"uid": "23001624", "content": "害怕"}, {"uid": "23001624", "content": "草"}, {"uid": "62061128", "content": "害怕"}, {"uid": "334926483", "content": "草"}, {"uid": "153338083", "content": "什么？"}, {"uid": "153338083", "content": "泪目"}, {"uid": "157763", "content": "杀人？？？还要诛心？？？！！！"}, {"uid": "14143547", "content": "草最gachi的一期"}, {"uid": "799816", "content": "白学？"}, {"uid": "241837504", "content": "草"}, {"uid": "2305370", "content": "草"}, {"uid": "524428254", "content": "害怕"}, {"uid": "40064018", "content": "草"}, {"uid": "73436492", "content": "飞头蛮"}, {"uid": "2525737", "content": "噔噔咚"}, {"uid": "6027937", "content": "哈哈哈哈"}, {"uid": "34514312", "content": "害怕"}, {"uid": "9272615", "content": "哭了"}, {"uid": "9272615", "content": "(*꒦ິ⌓꒦ີ)"}, {"uid": "2686738", "content": "弹幕都炸了"}, {"uid": "21905057", "content": "AA"}, {"uid": "474316513", "content": "AA"}, {"uid": "383084364", "content": "类目"}, {"uid": "15972203", "content": "草"}, {"uid": "5803427", "content": "要来了"}, {"uid": "2854211", "content": "啊"}, {"uid": "87802844", "content": "太多葱鸡"}, {"uid": "212101", "content": "草"}, {"uid": "194175206", "content": "破防了"}, {"uid": "194175206", "content": "(°o° )"}, {"uid": "544972", "content": "生草"}, {"uid": "10778462", "content": "泪目"}, {"uid": "544972", "content": "啊这..."}, {"uid": "401643351", "content": "草"}, {"uid": "34398770", "content": "AA"}, {"uid": "10159973", "content": "泪目"}, {"uid": "10159973", "content": "草"}, {"uid": "11218282", "content": "泪目"}, {"uid": "10159973", "content": "草"}, {"uid": "589810425", "content": "草"}, {"uid": "1548774", "content": "马不吸"}, {"uid": "74150713", "content": "泪目"}, {"uid": "70682013", "content": "？？？？？"}, {"uid": "114964846", "content": "草"}, {"uid": "19547639", "content": "生草机"}, {"uid": "36769691", "content": "泪目"}, {"uid": "353113011", "content": "。。"}, {"uid": "8410443", "content": "泪目"}, {"uid": "36769691", "content": "提前泪目"}, {"uid": "441776977", "content": "草"}, {"uid": "1271003355", "content": "红红火火恍恍惚惚"}, {"uid": "84006587", "content": "届不到"}, {"uid": "355015489", "content": "太多冲击"}, {"uid": "3659719", "content": "真漂亮"}, {"uid": "87845931", "content": "AA"}, {"uid": "11237495", "content": "草"}, {"uid": "283247905", "content": "？？？"}, {"uid": "30982451", "content": "AA"}, {"uid": "67655543", "content": "草"}, {"uid": "9220087", "content": "害怕"}, {"uid": "253419", "content": "哭了"}, {"uid": "40900416", "content": "输麻了"}, {"uid": "21180775", "content": "泪目"}, {"uid": "285826982", "content": "泪目"}, {"uid": "436120258", "content": "AA"}, {"uid": "436120258", "content": "泪目"}, {"uid": "13310817", "content": "草"}, {"uid": "29140567", "content": "草"}, {"uid": "89414338", "content": "30真漂亮"}, {"uid": "89414338", "content": "就由我来和30贴贴吧"}, {"uid": "285826982", "content": "世界名画"}, {"uid": "85354406", "content": "AA"}, {"uid": "2629851", "content": "害怕"}, {"uid": "5915411", "content": "爱了"}, {"uid": "328831269", "content": "呐"}, {"uid": "22363074", "content": "AA"}, {"uid": "22363074", "content": "噗嗤"}, {"uid": "22363074", "content": "圣经"}, {"uid": "650858699", "content": "干得漂亮"}, {"uid": "221372", "content": "危"}, {"uid": "239139", "content": "二阶段"}, {"uid": "36042930", "content": "害怕"}, {"uid": "36042930", "content": "害怕"}, {"uid": "8913562", "content": "害怕"}, {"uid": "38274277", "content": "假唱（"}, {"uid": "38274277", "content": "泪目"}, {"uid": "21622878", "content": "草"}, {"uid": "6054140", "content": "危"}, {"uid": "2629851", "content": "害怕"}, {"uid": "28662020", "content": "心乱了"}, {"uid": "690823746", "content": "草"}, {"uid": "690823746", "content": "泪目"}, {"uid": "62061128", "content": "泪目"}, {"uid": "289345", "content": "怖い"}, {"uid": "696295302", "content": "要来了！"}, {"uid": "114864562", "content": "害怕"}, {"uid": "12076833", "content": "泪目"}, {"uid": "4675964", "content": "草"}, {"uid": "305617742", "content": "害怕"}, {"uid": "546643", "content": "？"}, {"uid": "938551", "content": "暗之圣经"}, {"uid": "515141436", "content": "AA"}, {"uid": "418420482", "content": "要来了（狂喜）"}, {"uid": "418420482", "content": "就离谱"}, {"uid": "383829926", "content": "洗海带哟"}, {"uid": "39540940", "content": "草"}, {"uid": "66679875", "content": "届不到"}, {"uid": "12700753", "content": "AA"}, {"uid": "2542492", "content": "AA"}, {"uid": "8244866", "content": "好像"}, {"uid": "23140612", "content": "泪目"}, {"uid": "266255540", "content": "草"}, {"uid": "33919342", "content": "草"}, {"uid": "143990866", "content": "泪目"}, {"uid": "508734070", "content": "草"}, {"uid": "5779356", "content": "草"}, {"uid": "5779356", "content": "wwwwww"}, {"uid": "21098678", "content": "害怕"}, {"uid": "35777504", "content": "破防了"}, {"uid": "212101", "content": "泪目"}, {"uid": "35777504", "content": "泪目"}, {"uid": "22363074", "content": "AA"}, {"uid": "7991044", "content": "泪目"}, {"uid": "22363074", "content": "贴贴"}, {"uid": "354560772", "content": "草"}, {"uid": "4368164", "content": "いいなあ　あたしも　てえてえしたいな"}, {"uid": "28560800", "content": "30蕉哥哥说"}, {"uid": "7991044", "content": "已经黑化了"}, {"uid": "22363074", "content": "新圣经"}, {"uid": "12321065", "content": "这翻译不行啊"}, {"uid": "231667339", "content": "泪目"}, {"uid": "10159973", "content": "泪目"}, {"uid": "231667339", "content": "做个人吧你们"}, {"uid": "10960750", "content": "草"}, {"uid": "74150713", "content": "哈？"}, {"uid": "351232820", "content": "AA"}, {"uid": "432055588", "content": "草"}, {"uid": "21587890", "content": "草"}, {"uid": "114964846", "content": "30也是好人了"}, {"uid": "237825306", "content": "草"}, {"uid": "35509930", "content": "前方连续两次高能！！！！！！！！"}, {"uid": "130195179", "content": "要来了"}, {"uid": "16543693", "content": "好活"}, {"uid": "34456903", "content": "打死"}, {"uid": "36769691", "content": "草"}, {"uid": "8410443", "content": "草"}, {"uid": "11810609", "content": "草"}, {"uid": "73478180", "content": "草"}, {"uid": "1597203", "content": "失去高光"}, {"uid": "441776977", "content": "？"}, {"uid": "1271003355", "content": "我闪"}, {"uid": "795948831", "content": "害怕"}, {"uid": "147123", "content": "ん"}, {"uid": "147123", "content": "危"}, {"uid": "3078826", "content": "恐怖"}, {"uid": "2874576", "content": "圣经"}, {"uid": "17495264", "content": "泪目"}, {"uid": "9182476", "content": "*什么"}, {"uid": "415382982", "content": "草"}, {"uid": "415382982", "content": "哈？"}, {"uid": "2629851", "content": "泪目"}, {"uid": "423802212", "content": "AB"}, {"uid": "650858699", "content": "害怕"}, {"uid": "221372", "content": "害怕"}, {"uid": "2699074", "content": "200%"}, {"uid": "233632503", "content": "草"}, {"uid": "23001624", "content": "草"}, {"uid": "696295302", "content": "哈？"}, {"uid": "128681635", "content": "可怕"}, {"uid": "4675964", "content": "害怕"}, {"uid": "24213285", "content": "AA"}, {"uid": "309425785", "content": "www"}, {"uid": "14703147", "content": "草"}, {"uid": "524428254", "content": "弹幕yyds"}, {"uid": "84006587", "content": "害怕"}, {"uid": "11373949", "content": "呐"}, {"uid": "9535416", "content": "www"}, {"uid": "12700753", "content": "草"}, {"uid": "524428254", "content": "害怕"}, {"uid": "9272615", "content": "泪目"}, {"uid": "2100499539", "content": "泪目"}, {"uid": "580347", "content": "弹幕卡了？"}, {"uid": "25520962", "content": "别别别"}, {"uid": "508734070", "content": "害怕"}, {"uid": "349638723", "content": "AA"}, {"uid": "212101", "content": "泪目"}, {"uid": "35777504", "content": "泪目"}, {"uid": "10778462", "content": "害怕"}, {"uid": "108417410", "content": "？？？"}, {"uid": "12321065", "content": "草"}, {"uid": "12321065", "content": "好难受"}, {"uid": "4661588", "content": "草"}, {"uid": "5774948", "content": "麻布洗"}, {"uid": "1397128", "content": "AA"}, {"uid": "5774948", "content": "草"}, {"uid": "482434839", "content": "草"}, {"uid": "6760836", "content": "AA"}, {"uid": "99518530", "content": "草"}, {"uid": "5718643", "content": "草"}, {"uid": "813330", "content": "aa"}, {"uid": "99518530", "content": "草"}, {"uid": "679880", "content": "草"}, {"uid": "423802212", "content": "泪目"}, {"uid": "34232103", "content": "草"}, {"uid": "4115180", "content": "？？？、"}, {"uid": "22421009", "content": "哈哈哈哈哈哈哈哈哈哈哈哈哈哈哈哈哈"}, {"uid": "31071931", "content": "喜慶 草WWWWWWWWWWWW"}, {"uid": "300846", "content": "0宝是多余的草"}, {"uid": "4250284", "content": "危!!!!!!!!!!!!!!!!!!!!!!!!!!!!!!!"}, {"uid": "35509930", "content": "前  方  高  能  ！  ！   ！  ！"}, {"uid": "35509930", "content": "前    方    高    能"}]