[{"uid": "26448489", "content": "帕里已死，30当立"}, {"uid": "437426398", "content": "帕里不给女儿裤子"}, {"uid": "492994120", "content": "ohhhhhhhhhhhh"}, {"uid": "1811848", "content": "神宣"}, {"uid": "11758259", "content": "草"}, {"uid": "11758259", "content": "反噬"}, {"uid": "174091713", "content": "太会了太会了"}, {"uid": "470128546", "content": "恐怖游戏"}, {"uid": "670021157", "content": "此曲一出，非死即伤"}, {"uid": "670021157", "content": "弑神者与弑神者被反杀"}, {"uid": "285826982", "content": "《神罚》"}, {"uid": "30332785", "content": "同归于尽（殉情）"}, {"uid": "385746108", "content": "霜之哀伤"}, {"uid": "337358511", "content": "你俩隔着猜拳呢"}, {"uid": "153338083", "content": "草"}, {"uid": "153338083", "content": "相对无言，惟有泪千行"}, {"uid": "153338083", "content": "大变活人"}, {"uid": "2874576", "content": "30还是拔起了霜之哀伤"}, {"uid": "22969328", "content": "草"}, {"uid": "804600", "content": "信号斧"}, {"uid": "4661588", "content": "这首是《あなたの夜が明けるまで》伞村大大的歌，30播放的是花谱翻唱的版本"}, {"uid": "511181482", "content": "区区凡人竟敢弑神"}, {"uid": "511181482", "content": "《超度亲妈》"}, {"uid": "511181482", "content": "手刃亲母"}, {"uid": "29454431", "content": "一只大姐路过"}, {"uid": "7374249", "content": "全部特效和音乐都是自己放的"}, {"uid": "66874794", "content": "草孩子也太会了"}, {"uid": "388280251", "content": "想看帕里视角233333"}, {"uid": "3938997", "content": "女啊，你缺一把霜之哀伤啊"}, {"uid": "3938997", "content": "啪叽！"}, {"uid": "3938997", "content": "this is Sparta！"}, {"uid": "406172884", "content": "太阳神的戏弄"}, {"uid": "2874576", "content": "她笑了"}, {"uid": "19520854", "content": "不穿裤子"}, {"uid": "3168569", "content": "噔噔咚"}, {"uid": "448925969", "content": "敌军还有五秒到达战场"}, {"uid": "3168569", "content": "冥冥民真的很会哭"}, {"uid": "480362513", "content": "看孩子多开心啊"}, {"uid": "480362513", "content": "流向改变了！"}, {"uid": "351746678", "content": "ん？"}, {"uid": "351746678", "content": "好——人————！"}, {"uid": "31759443", "content": "可爱"}, {"uid": "222030498", "content": "嘲讽蹲起"}, {"uid": "222030498", "content": "神罚（指指令杀）"}, {"uid": "3342564", "content": "非静止画面"}, {"uid": "3168569", "content": "我们是冠军！！！"}, {"uid": "3168569", "content": "还可以爆装备  草"}, {"uid": "3168569", "content": "燃起来了"}, {"uid": "3168569", "content": "好人 30 好人"}, {"uid": "3970880", "content": "因为她随时都可以赢你2333"}, {"uid": "3970880", "content": "草"}, {"uid": "158229081", "content": "nice boat！！！"}, {"uid": "5598346", "content": "哈哈哈哈哈哈哈"}, {"uid": "10319", "content": "帕里黑料找到了"}, {"uid": "32749220", "content": "熟悉的bgm"}, {"uid": "334926483", "content": "草"}, {"uid": "334926483", "content": "？？？咋死的"}, {"uid": "334926483", "content": "哈哈哈哈哈"}, {"uid": "2854211", "content": "哈人"}, {"uid": "14234348", "content": "带了摔落保护吧"}, {"uid": "241837504", "content": "整活的神"}, {"uid": "28662020", "content": "呼呼呼/."}, {"uid": "13198149", "content": "草，原来被小黑打是为了控血？"}, {"uid": "13198149", "content": "敌进我退，敌退我打"}, {"uid": "13198149", "content": "《默剧》"}, {"uid": "13198149", "content": "退后两步是认真的？"}, {"uid": "93875339", "content": "草"}, {"uid": "16287499", "content": "《庶 民 的 胜 利》"}, {"uid": "440787739", "content": "听音识区"}, {"uid": "147123", "content": "好家伙"}, {"uid": "147123", "content": "草"}, {"uid": "11453613", "content": "ohhhhhhhhhhh"}, {"uid": "23916192", "content": "哈哈哈哈哈哈哈哈哈哈"}, {"uid": "275813", "content": "字幕组不需要后期"}, {"uid": "138510172", "content": "不，是太阳神的恩赐"}, {"uid": "204675440", "content": "此为借刀杀人"}, {"uid": "17784911", "content": "亡语"}, {"uid": "17784911", "content": "草"}, {"uid": "17784911", "content": "ohhhhhhhhh"}, {"uid": "22421009", "content": "打断咏唱"}, {"uid": "134025", "content": "哈哈哈哈哈哈哈哈哈"}, {"uid": "12664732", "content": "蓄力中"}, {"uid": "102328199", "content": "奥拉夫草"}, {"uid": "102328199", "content": "ohhhhhhhhhhh"}, {"uid": "23091283", "content": "召雷弹！"}, {"uid": "305617742", "content": "他说可以上了"}, {"uid": "23091283", "content": "降下神罚，太阳神怒火！"}, {"uid": "512770", "content": "草"}, {"uid": "512770", "content": "帕里：我作为管理的权力是无限的"}, {"uid": "652139775", "content": "危"}, {"uid": "694641688", "content": "草"}, {"uid": "694641688", "content": "草"}, {"uid": "4250284", "content": "好強"}, {"uid": "4250284", "content": "草 To be continued"}, {"uid": "4250284", "content": "BGM爆炸"}, {"uid": "4250284", "content": "草"}, {"uid": "4250284", "content": "BGM完美配合"}, {"uid": "512770", "content": "ohhhhhhhhhhhh"}, {"uid": "512770", "content": "面面相觑"}, {"uid": "512770", "content": "噔噔咚"}, {"uid": "14462903", "content": "没有裤子？"}, {"uid": "4410865", "content": "再见了，帕里妈妈，还有我的懦弱"}, {"uid": "4250284", "content": "ohhhhhhhhhhhhhh"}, {"uid": "544972", "content": "草"}, {"uid": "544972", "content": "众所周知，MC是恐怖游戏"}, {"uid": "23140612", "content": "草"}, {"uid": "23140612", "content": "帕里桑，你为什么只是看着"}, {"uid": "130195081", "content": "帕里调过血量了吧"}, {"uid": "23140612", "content": "一般路过的大姐"}, {"uid": "23140612", "content": "ohhhhhhhh"}, {"uid": "56595", "content": "梅开二度"}, {"uid": "32423963", "content": "它说可以上了"}, {"uid": "29420546", "content": "我的女王，上吧！你必将成王"}, {"uid": "23371852", "content": "她 终将弑神为王"}, {"uid": "1838902", "content": "草 绝活"}, {"uid": "15174876", "content": "哈哈哈哈哈"}, {"uid": "15174876", "content": "ohhhhhhhhhh"}, {"uid": "7950335", "content": "打断施法"}, {"uid": "7950335", "content": "王权没有永恒"}, {"uid": "7950335", "content": "转头就神罚"}, {"uid": "33673642", "content": "可以上了"}, {"uid": "3000350", "content": "哈哈哈哈哈哈哈哈"}, {"uid": "523440453", "content": "ohhhhhhhhhhhhhhhhhhhhhhhhhhhhhhhhhhh"}, {"uid": "12535989", "content": "正义执行"}, {"uid": "5731509", "content": "怒气条要满了"}, {"uid": "34839925", "content": "自己放的草"}, {"uid": "472891135", "content": "上一秒开心下一秒死亡"}, {"uid": "7991044", "content": "母慈女孝"}, {"uid": "77845357", "content": "ohhhhhhhhhhhhhhhhhhhhhh"}, {"uid": "45087547", "content": "天罚哈哈哈"}, {"uid": "45087547", "content": "狂战士哈哈哈"}, {"uid": "22363074", "content": "你太阳神还是你太阳神"}, {"uid": "22363074", "content": "草"}, {"uid": "22363074", "content": "搁着大变活人那"}, {"uid": "22363074", "content": "噔 噔 咚"}, {"uid": "398545659", "content": "整自己的活让字幕组无活可整(好人色)"}, {"uid": "398545659", "content": "反复调戏女儿的帕里是屑(好人色)"}, {"uid": "258465313", "content": "举起了霜之哀伤"}, {"uid": "398545659", "content": "故意残血的帕里是鉴(好人色)"}, {"uid": "359404038", "content": "草，两个屑"}, {"uid": "12700753", "content": "ohhhhhhhhh"}, {"uid": "12700753", "content": "草"}, {"uid": "122366604", "content": "哈哈哈哈哈哈"}, {"uid": "565180", "content": "双斧狂战士"}, {"uid": "400380207", "content": "危"}, {"uid": "56165532", "content": "可爱可爱可爱可爱可爱可爱"}, {"uid": "13477546", "content": "草"}, {"uid": "2629851", "content": "ohhhhhhhhhhhhhhhhhhhhhhhhhh"}, {"uid": "114964846", "content": "草，好活"}, {"uid": "2244887", "content": "这股仪式感是怎么回事"}, {"uid": "408645838", "content": "首尾呼应"}, {"uid": "1269992", "content": "太阳神发动了他的主神权能！"}, {"uid": "3924121", "content": "哈哈哈"}, {"uid": "1269992", "content": "“你在做什么？我的女儿”“继承你的王位，父亲”"}, {"uid": "434675161", "content": "哈哈哈哈"}, {"uid": "9737373", "content": "《 神  罚 》"}, {"uid": "7647144", "content": "深  海  少  女"}, {"uid": "2203831", "content": "直播里怎么做到这种效果的"}, {"uid": "2203831", "content": "泪目……"}, {"uid": "2203831", "content": "草"}, {"uid": "2203831", "content": "完 全 胜 利"}, {"uid": "2203831", "content": "加油啊！咪蕾！不要输，咪蕾！"}, {"uid": "6422553", "content": "这里是切屏出去放bgm 所以直播画面就保持这样了"}, {"uid": "2203831", "content": "做到了！"}, {"uid": "2203831", "content": "那该死的兔子，竟然对女王无礼……"}, {"uid": "351975302", "content": "绝活"}, {"uid": "57578913", "content": "那一天，我们失去了太阳"}, {"uid": "351975302", "content": "ohhhhhhh"}, {"uid": "194175206", "content": "赢了"}, {"uid": "194175206", "content": "ohhhhhhhhh"}, {"uid": "274336853", "content": "深 海 少 女"}, {"uid": "13704083", "content": "哈哈哈哈哈"}, {"uid": "4014727", "content": "山 丘 之 王"}, {"uid": "258465313", "content": "霜之哀伤"}, {"uid": "38381207", "content": "2333"}, {"uid": "38381207", "content": "ohhhhhhhhhh"}, {"uid": "38381207", "content": "它说可以上了"}, {"uid": "12738614", "content": "狂战士"}, {"uid": "7438473", "content": "太懂了"}, {"uid": "7438473", "content": "草"}, {"uid": "445597361", "content": "ん？"}, {"uid": "2290738", "content": "草"}, {"uid": "7083389", "content": "直播有延迟的啊草，这么卡时间，简直离谱"}, {"uid": "427439806", "content": "失去高光"}, {"uid": "431778772", "content": "歌词应景草"}, {"uid": "153427707", "content": "P家奥拉夫？"}, {"uid": "33200197", "content": "p家孤独传说"}, {"uid": "3529224", "content": "驱虎吞狼"}, {"uid": "1361936", "content": "哈哈哈哈"}, {"uid": "1361936", "content": "兔之哀伤"}, {"uid": "1361936", "content": "上啊30！"}, {"uid": "1361936", "content": "OHHHHHHHHHHHHHHHHHH"}, {"uid": "7577621", "content": "自己配bgm的好孩子30"}, {"uid": "16312917", "content": "草"}, {"uid": "7577621", "content": "帕里你好歹让孩子把开心的话说完啊"}, {"uid": "7577621", "content": "哈哈哈哈哈哈哈"}, {"uid": "7577621", "content": "然后就……被帕里太阳神之力了"}, {"uid": "70983972", "content": "草哈哈哈"}, {"uid": "7577621", "content": "弑神者！"}, {"uid": "7577621", "content": "帕里确实是故意的，为了配合30，太宠了"}, {"uid": "7577621", "content": "太阳神使用了他的神力"}, {"uid": "7577621", "content": "再见了帕里！"}, {"uid": "7577621", "content": "ohhhhhhhhhh"}, {"uid": "7577621", "content": "给30吓一跳哈哈哈"}, {"uid": "7577621", "content": "就像恐怖游戏一样，太强了"}, {"uid": "7577621", "content": "帕里这波卡视角闪现，节目效果爆炸"}, {"uid": "7577621", "content": "帕里完美的配合，是糖！"}, {"uid": "7577621", "content": "30唱这首歌的时候也很催泪……"}, {"uid": "22421009", "content": "后期找回了茂密的头发～"}, {"uid": "2061607", "content": "再见了妈妈，还有我的软弱"}, {"uid": "197471427", "content": "玩还是你会玩"}, {"uid": "22421009", "content": "哈哈哈哈哈节目效果爆炸"}, {"uid": "68129973", "content": "md绝了"}, {"uid": "258465313", "content": "never gonna give you up～～"}, {"uid": "88228422", "content": "好快の刀"}, {"uid": "21550586", "content": "哈哈哈哈"}, {"uid": "6221030", "content": "草"}, {"uid": "21550586", "content": "ohhhhhhhhhhhhhhh！"}, {"uid": "31221807", "content": "危 帕里 危"}, {"uid": "221220", "content": "无 慈 悲"}, {"uid": "9190626", "content": "哈哈哈哈哈"}, {"uid": "10778462", "content": "帕里，现在的你真的很卑鄙"}, {"uid": "10778462", "content": "打断咏唱"}, {"uid": "25520962", "content": "噔噔噔～"}, {"uid": "10778462", "content": "ohhhhhh"}, {"uid": "12321065", "content": "草"}, {"uid": "25520962", "content": "30发动技能:召唤小黑"}, {"uid": "35354722", "content": "《你也是一个人吗？》"}, {"uid": "35354722", "content": "一般路过大姐"}, {"uid": "3900958", "content": "前方高能"}, {"uid": "3900958", "content": "草，怒气条"}, {"uid": "10778462", "content": "即使被攻击也要唱完的30是鉴"}, {"uid": "2856263", "content": "一般路过小黑"}, {"uid": "184760590", "content": "ohhhhhhhhhhhhhh"}, {"uid": "2856263", "content": "这阴影hso"}, {"uid": "596699", "content": "30举起了霜之哀伤"}, {"uid": "121243704", "content": "好家伙，没有字幕组搞事的余地了"}, {"uid": "30254330", "content": "自己切bgm，做剪辑点"}, {"uid": "25636", "content": "标准结局"}, {"uid": "6361313", "content": "ohhhhhhhhhhhhhh"}, {"uid": "33935601", "content": "ohhhhhhhhhhhhhhhhhh"}, {"uid": "25636", "content": "神罚ww"}, {"uid": "125720", "content": "草"}, {"uid": "147641", "content": "含笑半步癫！"}, {"uid": "37212035", "content": "第二箭——落在脚边"}, {"uid": "9847", "content": "kafyyds"}, {"uid": "626904916", "content": "玩脱了"}, {"uid": "88025177", "content": "切换自如，草"}, {"uid": "88025177", "content": "元气弹，草"}, {"uid": "10518197", "content": "我记得这个是神回来的 笑死了这次直播"}, {"uid": "87678727", "content": "草 小黑玩不起"}, {"uid": "13052443", "content": "一般通过大姐"}, {"uid": "32385", "content": "欢乐颂"}, {"uid": "225940256", "content": "军备竞赛"}, {"uid": "37212035", "content": "帕里卸甲了，能赢（）"}, {"uid": "442250487", "content": "草"}, {"uid": "225940256", "content": "它说可以上了"}, {"uid": "442250487", "content": "双持"}, {"uid": "487279", "content": "草w"}, {"uid": "487279", "content": "草"}, {"uid": "138510172", "content": "帕里:我输了什么？你说啊"}, {"uid": "230337405", "content": "泪目"}, {"uid": "138510172", "content": "太阳神之神力"}, {"uid": "230337405", "content": "屑 帕里 屑"}, {"uid": "442250487", "content": "蹲起嘲讽草"}, {"uid": "2389349", "content": "神は死んだ"}, {"uid": "22838895", "content": "下面大姐一般路过哈哈哈"}, {"uid": "306977659", "content": "《冥界女王与太阳神的战争》"}, {"uid": "37212035", "content": "不会留情（指被吓到呆滞）"}, {"uid": "306977659", "content": "天 地 之 争"}, {"uid": "442250487", "content": "ohhhhhhhhhhhh"}, {"uid": "96196916", "content": "丢蛋嘲讽"}, {"uid": "306977659", "content": "亡 语"}, {"uid": "37212035", "content": "好家伙，唱了一天一夜"}, {"uid": "11553986", "content": "草"}, {"uid": "442250487", "content": "弑神计划"}, {"uid": "442250487", "content": "aria奴隶房瞩目"}, {"uid": "2874576", "content": "草"}, {"uid": "16287499", "content": "正义执行"}, {"uid": "491117", "content": "平地摔死"}, {"uid": "207613158", "content": "草"}, {"uid": "230337405", "content": "这一段真的效果拉满"}, {"uid": "288758321", "content": "帅不过三秒"}, {"uid": "288758321", "content": "攻敌不备（"}, {"uid": "95415367", "content": "草"}, {"uid": "95415367", "content": "刀它"}, {"uid": "288758321", "content": "红红火火恍恍惚惚"}, {"uid": "2814433", "content": "帕——里——"}, {"uid": "2207090", "content": "绝了"}, {"uid": "153338083", "content": "母慈女孝"}, {"uid": "222030498", "content": "一般通过小黑"}, {"uid": "37218987", "content": "它说，可以上了"}, {"uid": "93875339", "content": "ohhhhh帕里这太懂了吧"}, {"uid": "93875339", "content": "草，狗管理"}, {"uid": "94721476", "content": "帕————里————"}, {"uid": "33324348", "content": "あなたの夜が明けるまで　　花譜"}, {"uid": "17784911", "content": "噔噔咚"}, {"uid": "22421009", "content": "ohhhhhhhhhhhhhhhhhh"}, {"uid": "305617742", "content": "它说可以上了"}, {"uid": "512770", "content": "绝了"}, {"uid": "4250284", "content": "超慘"}, {"uid": "130195081", "content": "神 罚"}, {"uid": "1838902", "content": "注入灵魂"}, {"uid": "22363074", "content": "帕里，你为什么只是看着"}, {"uid": "6027937", "content": "效果满满wwww"}, {"uid": "13477546", "content": "跃跃欲逝"}, {"uid": "2629851", "content": "噔噔咚"}, {"uid": "2203831", "content": "？！"}, {"uid": "351800333", "content": "帕里玩不起.jpg"}, {"uid": "475208", "content": "皇城对决"}, {"uid": "1361936", "content": "这是什么灵异事件"}, {"uid": "7577621", "content": "前方节目效果爆炸"}, {"uid": "144358", "content": "不要把我和那只兔子混为一谈呀！！"}, {"uid": "10778462", "content": "相顾无言"}, {"uid": "323864030", "content": "花谱的声音好好认啊"}, {"uid": "25636", "content": "下面来回干活的大姐和白菜"}, {"uid": "71329244", "content": "冥冥民，举起你们的双手"}, {"uid": "514000755", "content": "冥场景：面壁者30，我是你的破壁人"}, {"uid": "107122", "content": "太阳神的神力"}, {"uid": "32385", "content": "BGM：欢乐颂"}, {"uid": "733086", "content": "草 这个构图"}, {"uid": "40781307", "content": "草paryi这几个场景太到位了"}, {"uid": "230337405", "content": "帕里当时一定在看直播"}, {"uid": "2466863", "content": "屑兔子"}, {"uid": "171200899", "content": "故意残血，帕里太懂了"}, {"uid": "4661588", "content": "花谱？"}, {"uid": "3603486", "content": "OMO"}, {"uid": "428626830", "content": "兄弟们，我做的对不对？"}, {"uid": "3168569", "content": "噔噔咚"}, {"uid": "1607865511", "content": "加油………………帕里"}, {"uid": "241837504", "content": "绝了"}, {"uid": "16287499", "content": "亡语发动"}, {"uid": "93557384", "content": "帕—里—"}, {"uid": "17784911", "content": "噔噔咚"}, {"uid": "12664732", "content": "展示手牌阶段"}, {"uid": "39869252", "content": "现在我也变成了光!"}, {"uid": "512770", "content": "神出鬼没的神"}, {"uid": "23140612", "content": "再见 ，妈妈，还有我的懦弱"}, {"uid": "23371852", "content": "感情太强烈了"}, {"uid": "7950335", "content": "《羞辱》"}, {"uid": "33673642", "content": "OMO"}, {"uid": "523440453", "content": "再见了，妈妈！还有我的懦弱！"}, {"uid": "143275225", "content": "no 帕…里"}, {"uid": "22363074", "content": "好人对视"}, {"uid": "22363074", "content": "草"}, {"uid": "400380207", "content": "一铁一哟"}, {"uid": "2616636", "content": "王侯将相，宁有种乎？"}, {"uid": "14597675", "content": "哈哈哈哈哈哈"}, {"uid": "13930173", "content": "太阳神天罚"}, {"uid": "57578913", "content": "一刀999，爆神装"}, {"uid": "357639", "content": "前情提要：所有BGM都是30在直播的时候自己加的"}, {"uid": "80079897", "content": "搁这石头剪刀布呢啊"}, {"uid": "7083389", "content": "goushi兔子！"}, {"uid": "36769691", "content": "我一招秒了，有什么好说的"}, {"uid": "907844", "content": "极品装备 点击就送"}, {"uid": "1361936", "content": "要淹死了"}, {"uid": "3603486", "content": "噔噔咚"}, {"uid": "197471427", "content": "帕————里————"}, {"uid": "1363022", "content": "军 备 代 差"}, {"uid": "68129973", "content": "快准狠"}, {"uid": "533161", "content": "寂静岭草"}, {"uid": "2268466", "content": "殺せ"}, {"uid": "13955187", "content": "疯狂wink"}, {"uid": "9190626", "content": "卑鄙的goushi兔子"}, {"uid": "10778462", "content": "神罚"}, {"uid": "25520962", "content": "梅开二度"}, {"uid": "184760590", "content": "大草"}, {"uid": "6361313", "content": "吓到了，神出鬼没的神"}, {"uid": "37212035", "content": "第一箭——从头顶飞过"}, {"uid": "158526024", "content": "帕里故意残血的吧wwww"}, {"uid": "10518197", "content": "飘过一支穿云箭"}, {"uid": "3401118", "content": "非静止画面"}, {"uid": "3401118", "content": "p家整活最强"}, {"uid": "230337405", "content": "火 帕里 火"}, {"uid": "6038651", "content": "冲啊，30！！！"}, {"uid": "95415367", "content": "没有裤子就离谱"}, {"uid": "288758321", "content": "宛如闹鬼"}, {"uid": "5548883", "content": "我破防了"}, {"uid": "492994120", "content": "孝女"}, {"uid": "11758259", "content": "节目效果拉满"}, {"uid": "174091713", "content": "草草"}, {"uid": "385746108", "content": "深海少女"}, {"uid": "33672012", "content": "ohhhhhh "}, {"uid": "222030498", "content": "一般通过大姐"}, {"uid": "3168569", "content": "ohhhhhhhhhh"}, {"uid": "3168569", "content": "上吧30000000！"}, {"uid": "3168569", "content": "上啊！！！！"}, {"uid": "3168569", "content": "无慈悲"}, {"uid": "5598346", "content": "？？？？？？？？？？？"}, {"uid": "334926483", "content": "草？？"}, {"uid": "22363074", "content": "草"}, {"uid": "8357250", "content": "？？？"}, {"uid": "25400947", "content": "无慈悲"}, {"uid": "17784911", "content": "OMO"}, {"uid": "217797936", "content": "这里的bgm：BV1QE411N7ii"}, {"uid": "217797936", "content": "举起双手是投降吧"}, {"uid": "102328199", "content": "草"}, {"uid": "305617742", "content": "草"}, {"uid": "512770", "content": "?!?!?!"}, {"uid": "1858404199", "content": "草 泪目"}, {"uid": "7950335", "content": "你真的背叛了我们吗"}, {"uid": "409858059", "content": "莫名踩点"}, {"uid": "398545659", "content": "卑鄙的帕里人"}, {"uid": "25520962", "content": "军备竞赛"}, {"uid": "5948639", "content": "这老梗 会玩啊"}, {"uid": "194175206", "content": "噔噔咚"}, {"uid": "7577621", "content": "30甚至自己配了bgm"}, {"uid": "6221030", "content": "哈哈哈哈"}, {"uid": "10778462", "content": "这个暗中观察帕里绝了"}, {"uid": "10778462", "content": "天堂制造"}, {"uid": "10778462", "content": "射落太阳的女人"}, {"uid": "6361313", "content": "天罚"}, {"uid": "25636", "content": "神之力www"}, {"uid": "13913041", "content": "卑鄙的帕里"}, {"uid": "37212035", "content": "第三箭！！"}, {"uid": "35784689", "content": "ohhhhhhhhhhhhhhhh"}, {"uid": "626904916", "content": "再见了，妈妈！还有我的懦弱！"}, {"uid": "10518197", "content": "他装备比你好"}, {"uid": "8758638", "content": "你为什么只是看着"}, {"uid": "8758638", "content": "OMO"}, {"uid": "442250487", "content": "指令草"}, {"uid": "442126063", "content": "求BGM"}, {"uid": "442250487", "content": "梅开二度"}, {"uid": "385619139", "content": "30唱得好好听！"}, {"uid": "442250487", "content": "非禁止动画"}, {"uid": "7654379", "content": "OMO"}, {"uid": "589419106", "content": "无高光"}, {"uid": "153338083", "content": "ohhhhhhhhhhhhh"}, {"uid": "153338083", "content": "梅开二度"}, {"uid": "14960", "content": "噔噔咚"}, {"uid": "305617742", "content": "草"}, {"uid": "8077876", "content": "暗 裔 剑 魔"}, {"uid": "512770", "content": "草"}, {"uid": "248627858", "content": "ohhhhhhhhhhhhhhhhhhhhh"}, {"uid": "221372", "content": "草恐怖片吗"}, {"uid": "22010327", "content": "神力"}, {"uid": "523440453", "content": "草"}, {"uid": "2616636", "content": "苍天已死，黄天当立"}, {"uid": "1330183", "content": "刀他！！！"}, {"uid": "351975302", "content": "ohhhhhh"}, {"uid": "194175206", "content": "太多冲击"}, {"uid": "194175206", "content": "帕里——"}, {"uid": "3833366", "content": "OMO"}, {"uid": "38381207", "content": "ohhhhhhhhhhhhhh"}, {"uid": "283743875", "content": "我军，必胜！"}, {"uid": "212014886", "content": "刚才被推下去了啊"}, {"uid": "144358", "content": "全部音乐都是30加的"}, {"uid": "31221807", "content": "求bgm"}, {"uid": "21550586", "content": "刀刀刀刀刀！"}, {"uid": "10778462", "content": "噔噔咚"}, {"uid": "33935601", "content": "草"}, {"uid": "33935601", "content": "泪目"}, {"uid": "88025177", "content": "Full Throttle！"}, {"uid": "10518197", "content": "30这时候是被卡住了 有bug动不了"}, {"uid": "87678727", "content": "指令kill了"}, {"uid": "88025177", "content": "kusa"}, {"uid": "88025177", "content": "OMO"}, {"uid": "37212035", "content": "OMO"}, {"uid": "88025177", "content": "它说，可以上了"}, {"uid": "13787857", "content": "我就是未来的你"}, {"uid": "442250487", "content": "goushi兔子"}, {"uid": "442250487", "content": "草"}, {"uid": "102506508", "content": "对等火力"}, {"uid": "230337405", "content": "帕——里——"}, {"uid": "102506508", "content": "OMO"}, {"uid": "21550586", "content": "帕里！！！"}, {"uid": "4290466", "content": "CAO"}, {"uid": "11758259", "content": "OMO"}, {"uid": "174091713", "content": "草"}, {"uid": "153338083", "content": "唐突结束"}, {"uid": "153338083", "content": "kksk"}, {"uid": "2854211", "content": "再见了 我的懦弱"}, {"uid": "2874576", "content": "草"}, {"uid": "2874576", "content": "哭了哭了"}, {"uid": "1464471827", "content": "惨"}, {"uid": "351746678", "content": "草"}, {"uid": "222030498", "content": "附魔斧233"}, {"uid": "3168569", "content": "草"}, {"uid": "5598346", "content": "草"}, {"uid": "8357250", "content": "？？？？？？？"}, {"uid": "8357250", "content": "？？？？？"}, {"uid": "28662020", "content": "柏！里！"}, {"uid": "33935601", "content": "kksk"}, {"uid": "9376014", "content": "是替身！"}, {"uid": "3781241", "content": "神罚"}, {"uid": "17784911", "content": "OMO"}, {"uid": "2854211", "content": "30射日"}, {"uid": "512770", "content": "动手！现在！就在这里！"}, {"uid": "4250284", "content": "0v0"}, {"uid": "23140612", "content": "神罚"}, {"uid": "1858404199", "content": "火 帕里 火"}, {"uid": "32423963", "content": "OMO"}, {"uid": "32423963", "content": "绯红之王"}, {"uid": "3000350", "content": "哈哈哈哈哈哈"}, {"uid": "523440453", "content": "草"}, {"uid": "38107783", "content": "草"}, {"uid": "22363074", "content": "ohhhhhhhhh"}, {"uid": "22363074", "content": "冥冥民永不投降"}, {"uid": "325181", "content": "草"}, {"uid": "122366604", "content": "花谱！！！"}, {"uid": "434675161", "content": "草"}, {"uid": "408645838", "content": "花谱的歌一响就开哭"}, {"uid": "2203831", "content": "屑"}, {"uid": "2203831", "content": "这里bgm都是30直播时候自己加的哦"}, {"uid": "2203831", "content": "完美啊"}, {"uid": "71576436", "content": "花谱"}, {"uid": "22866390", "content": "她说可以上了"}, {"uid": "38381207", "content": "帕里！！！"}, {"uid": "36769691", "content": "ohhhhhhhhhh"}, {"uid": "532417", "content": "ん"}, {"uid": "11843907", "content": "这是威胁！"}, {"uid": "1361936", "content": "冲啊30"}, {"uid": "11292122", "content": "泪目"}, {"uid": "7577621", "content": "ohhhhhhhhhhhhhh"}, {"uid": "7577621", "content": "复仇者30！"}, {"uid": "515141436", "content": "刀上去啊"}, {"uid": "10778462", "content": "冲啊"}, {"uid": "10778462", "content": "提前泪目"}, {"uid": "6361313", "content": "ohhhhhhhhhhhhhhhhhhh"}, {"uid": "6361313", "content": "草"}, {"uid": "33935601", "content": "亡语"}, {"uid": "35784689", "content": "证据确凿 帕里有罪 斩首！！！！"}, {"uid": "19540577", "content": "分一点元气给我吧！"}, {"uid": "30104808", "content": "泪目"}, {"uid": "442250487", "content": "卑鄙的权限狗"}, {"uid": "16287499", "content": "攻撃！！！！！！"}, {"uid": "442250487", "content": "？？？"}, {"uid": "88025177", "content": "goushi兔子"}, {"uid": "442250487", "content": "ohhhhhhhhhh！"}, {"uid": "2424237", "content": "ohhhhhh"}, {"uid": "21851472", "content": "草"}, {"uid": "11491610", "content": "来了来了"}, {"uid": "2814433", "content": "草"}, {"uid": "174091713", "content": "hhhhhh"}, {"uid": "174091713", "content": "绝了"}, {"uid": "285826982", "content": "神罚"}, {"uid": "285826982", "content": "草"}, {"uid": "153338083", "content": "要来了"}, {"uid": "153338083", "content": "泪目"}, {"uid": "7374249", "content": "花谱！呜哇"}, {"uid": "38862493", "content": "OMO"}, {"uid": "2854211", "content": "omo"}, {"uid": "24946243", "content": "创造了？"}, {"uid": "351746678", "content": "ohhhhhhhhhhhhhhhhhhhh"}, {"uid": "3168569", "content": "？？？"}, {"uid": "3168569", "content": "泪目"}, {"uid": "334926483", "content": "噔噔咚"}, {"uid": "754937", "content": "ohhhhhhhh"}, {"uid": "241837504", "content": "草"}, {"uid": "8357250", "content": "草"}, {"uid": "8357250", "content": "玩起来了"}, {"uid": "8357250", "content": "一刀斩"}, {"uid": "201300", "content": "草"}, {"uid": "26331022", "content": "花谱"}, {"uid": "23916192", "content": "ohhhhhhhhhhhhhh"}, {"uid": "3066976", "content": "/kill"}, {"uid": "17784911", "content": "草"}, {"uid": "512770", "content": "草"}, {"uid": "4250284", "content": "草"}, {"uid": "4250284", "content": "完美"}, {"uid": "221372", "content": "草"}, {"uid": "7950335", "content": "兽人永不为奴"}, {"uid": "3000350", "content": "完全胜利"}, {"uid": "4219371", "content": "剪刀石头布呢？"}, {"uid": "38107783", "content": "泪目"}, {"uid": "22363074", "content": "打不过打不过"}, {"uid": "22363074", "content": "草"}, {"uid": "12700753", "content": "草"}, {"uid": "434675161", "content": "害怕"}, {"uid": "2756033", "content": "(｡•ㅅ•｡)"}, {"uid": "36769691", "content": "草"}, {"uid": "36769691", "content": "草"}, {"uid": "22421009", "content": "草"}, {"uid": "68129973", "content": "对暗号呢"}, {"uid": "270372781", "content": "害怕"}, {"uid": "6221030", "content": "草"}, {"uid": "9190626", "content": "哈哈哈哈哈"}, {"uid": "35354722", "content": "危"}, {"uid": "184760590", "content": "草"}, {"uid": "10778462", "content": "来了来了，终于等到了"}, {"uid": "10518197", "content": "闹鬼了"}, {"uid": "497441789", "content": "哈哈哈哈"}, {"uid": "626904916", "content": "再见了，妈妈，还有我的懦弱…"}, {"uid": "2466863", "content": "草"}, {"uid": "230337405", "content": "ohhhhhhhhhhhhhhh"}, {"uid": "442250487", "content": "草帕里"}, {"uid": "158526024", "content": "草"}, {"uid": "230337405", "content": "泪目"}, {"uid": "207613158", "content": "指令杀？"}, {"uid": "351232820", "content": "草"}, {"uid": "207613158", "content": "草"}, {"uid": "288758321", "content": "帕里死了（"}, {"uid": "16391204", "content": "ohhhhh"}, {"uid": "285826982", "content": "ohhhhhh"}, {"uid": "285826982", "content": "帕里!"}, {"uid": "344725794", "content": "草"}, {"uid": "511181482", "content": "帕里——"}, {"uid": "388280251", "content": "草"}, {"uid": "697553101", "content": "？？？？？"}, {"uid": "697553101", "content": "草"}, {"uid": "351746678", "content": "加油啊！咪蕾！不要输给祂！上啊——！"}, {"uid": "24203976", "content": "Omo"}, {"uid": "241837504", "content": "草"}, {"uid": "37560903", "content": "ohhhhhhhhhh"}, {"uid": "93875339", "content": "草"}, {"uid": "93875339", "content": "草"}, {"uid": "33935601", "content": "泪目"}, {"uid": "27657907", "content": "泪目"}, {"uid": "19504602", "content": "/kill"}, {"uid": "102328199", "content": "草"}, {"uid": "305617742", "content": "OMO"}, {"uid": "305617742", "content": "泪目"}, {"uid": "512770", "content": "30冲冲冲"}, {"uid": "2686738", "content": "掏出信号斧"}, {"uid": "4250284", "content": "wwwwwwww 自動BGM"}, {"uid": "23140612", "content": "草"}, {"uid": "23371852", "content": "泪目"}, {"uid": "523440453", "content": "帕里"}, {"uid": "10282385", "content": "可以上了"}, {"uid": "6027937", "content": "bgm是花谱？？"}, {"uid": "2203831", "content": "紧张"}, {"uid": "7438473", "content": "草"}, {"uid": "36769691", "content": "草"}, {"uid": "2030305", "content": "草"}, {"uid": "497441789", "content": "帕里"}, {"uid": "83846519", "content": "可以上了"}, {"uid": "10518197", "content": "草"}, {"uid": "158526024", "content": "草"}, {"uid": "2466863", "content": "绝了"}, {"uid": "230337405", "content": "泪目"}, {"uid": "36118032", "content": "草"}, {"uid": "442250487", "content": "花谱yyds"}, {"uid": "101706630", "content": "OMO"}, {"uid": "95415367", "content": "ohhhhhhhhhhhh"}, {"uid": "495729529", "content": "泪目"}, {"uid": "153338083", "content": "n？"}, {"uid": "57517150", "content": "OMO"}, {"uid": "351746678", "content": "草"}, {"uid": "474898409", "content": "ohhhhhhhhhhhhhh"}, {"uid": "13198149", "content": "你不配和我争斗！就让我之眷属和你斗一斗法吧！"}, {"uid": "2178186", "content": "草"}, {"uid": "17784911", "content": "冲鸭"}, {"uid": "17784911", "content": "草"}, {"uid": "305617742", "content": "ohhhhhh"}, {"uid": "512770", "content": "OHHHHHHHHHHHHHHHHHHHHH"}, {"uid": "512770", "content": "OMO"}, {"uid": "14462903", "content": "权利的游戏"}, {"uid": "4250284", "content": "KKSK"}, {"uid": "13594081", "content": "草"}, {"uid": "544972", "content": "草"}, {"uid": "23140612", "content": "ttk！"}, {"uid": "23140612", "content": "花谱！"}, {"uid": "221372", "content": "啊这"}, {"uid": "523440453", "content": "ohhhhhhhhhhhhhhhhhhhhhhhhhhhhhhhhhhhhh"}, {"uid": "523440453", "content": "草"}, {"uid": "423802212", "content": "冲"}, {"uid": "12700753", "content": "草"}, {"uid": "2629851", "content": "ohhhhhhhhhhhhhhhhhhhhhhhhhh"}, {"uid": "2629851", "content": "害怕"}, {"uid": "5948639", "content": "UC也是自己加的？"}, {"uid": "194175206", "content": "www"}, {"uid": "194175206", "content": "wwwww"}, {"uid": "194175206", "content": "提前泪目"}, {"uid": "112776970", "content": "哈哈哈哈哈哈"}, {"uid": "1361936", "content": "草"}, {"uid": "3603486", "content": "ohhhhhhhhh"}, {"uid": "101962542", "content": "上吧30"}, {"uid": "10518197", "content": "猜拳"}, {"uid": "83846519", "content": "（上吧）"}, {"uid": "544299387", "content": "复仇！！！！！！！！！！！"}, {"uid": "25636", "content": "草"}, {"uid": "226824908", "content": "？"}, {"uid": "21896921", "content": "？？？"}, {"uid": "88025177", "content": "Full Throttle！"}, {"uid": "351033523", "content": "草"}, {"uid": "442250487", "content": "草"}, {"uid": "16421103", "content": "草"}, {"uid": "230337405", "content": "草"}, {"uid": "385619139", "content": "草"}, {"uid": "294464633", "content": "草"}, {"uid": "2466863", "content": "草"}, {"uid": "2424237", "content": "我哭了"}, {"uid": "21851472", "content": "草"}, {"uid": "21550586", "content": "不！！！！"}, {"uid": "4290466", "content": "草"}, {"uid": "95415367", "content": "来了来了"}, {"uid": "351746678", "content": "草"}, {"uid": "31759443", "content": "草"}, {"uid": "222030498", "content": "om"}, {"uid": "334926483", "content": "草"}, {"uid": "22363074", "content": "c"}, {"uid": "7220745", "content": "只能说太阳神也是整活王，这都能配合30卡视角也是绝了，母 女 同 心"}, {"uid": "22749986", "content": "草"}, {"uid": "17784911", "content": "啊这"}, {"uid": "305617742", "content": "草"}, {"uid": "4250284", "content": "OHHHHHHHHHHHHHHHHHHHHHHHH"}, {"uid": "4897675", "content": "泪目"}, {"uid": "523440453", "content": "OMO"}, {"uid": "361477970", "content": "草"}, {"uid": "194175206", "content": "动手啊"}, {"uid": "21515866", "content": "狗管理 哦不 兔管理"}, {"uid": "1361936", "content": "OHHHHHHHHHHHHHHH"}, {"uid": "3603486", "content": "草"}, {"uid": "30254330", "content": "这里说下音乐是30自己加的"}, {"uid": "226824908", "content": "？"}, {"uid": "226824908", "content": "？"}, {"uid": "442250487", "content": "wwwwww"}, {"uid": "351232820", "content": "草"}, {"uid": "23140612", "content": "帕ˉˉˉˉˉˉˉ里ˉˉˉˉˉˉ"}]