[{"uid": "108061820", "content": "开 幕 核 打 击"}, {"uid": "293802639", "content": "闻声不见的美 悄然的落泪，想爱一回 "}, {"uid": "88154", "content": "啊夸头像"}, {"uid": "318161777", "content": "高！实在是高！！！"}, {"uid": "45927838", "content": "我悟了！我学会了！！！"}, {"uid": "55516965", "content": "失去高光"}, {"uid": "65212146", "content": "天空是蔚蓝色，窗外有千纸鹤"}, {"uid": "65212146", "content": "天空是蔚蓝色，窗外有千纸鹤"}, {"uid": "253419", "content": "我竟然哭了出来…明明只是对她稍微温柔了一点"}, {"uid": "1490673", "content": "宇 称 不 守 恒"}, {"uid": "14293639", "content": "一点点（指尖宇宙）"}, {"uid": "37913832", "content": "反正吃米就能长回来嘛（无慈悲）"}, {"uid": "22574447", "content": "AC，是交流电（"}, {"uid": "519746163", "content": "早安洋葱人"}, {"uid": "230337405", "content": "高得我有点喘不过气来了"}, {"uid": "37815622", "content": "弹幕“是攻略点”草www"}, {"uid": "37815622", "content": "懂了，我喜欢BB（女少口阿）"}, {"uid": "401099828", "content": "放我下去，我恐高"}, {"uid": "401099828", "content": "天空是蔚蓝色，窗外有千纸鹤"}, {"uid": "1821770", "content": "暗夜精灵弓箭手？"}, {"uid": "89498", "content": "怎么变成关西话了"}, {"uid": "1932262", "content": "30专用bgm"}, {"uid": "13275281", "content": "多一个字幕，不得"}, {"uid": "13275281", "content": "你不是冥界人吗"}, {"uid": "434780627", "content": "A酱"}, {"uid": "434780627", "content": "没听说过"}, {"uid": "22363074", "content": "我哭了，我装的"}, {"uid": "9028227", "content": "高，实在是高"}, {"uid": "37498399", "content": "草草草"}, {"uid": "30514029", "content": "草，我特喵笑傻了"}, {"uid": "194175206", "content": "wwww"}, {"uid": "194175206", "content": "泪目"}, {"uid": "360735841", "content": "ac就是a cup"}, {"uid": "349490384", "content": "让我想起了happy sugar life"}, {"uid": "23001624", "content": "草"}, {"uid": "23001624", "content": "《AB》"}, {"uid": "217797936", "content": "那叫你a酱可以吗"}, {"uid": "217797936", "content": "啊原来是那么早的切片吗"}, {"uid": "32423963", "content": "草"}, {"uid": "128541", "content": "草"}, {"uid": "7438473", "content": "这得怪守子哥"}, {"uid": "88025177", "content": "唯一的色彩，草"}, {"uid": "88025177", "content": "草草"}, {"uid": "76082817", "content": "此时的30还没有发现这个sc头像是别的女人"}, {"uid": "87678727", "content": "草  高情商  笑死我了"}, {"uid": "87678727", "content": "就像J旁边就是S一样？（）"}, {"uid": "140230087", "content": "非禁静止画面"}, {"uid": "86963067", "content": "是S键（无情）"}, {"uid": "545451056", "content": "这女人也太好哄了"}, {"uid": "71329244", "content": "长度都半块键盘了"}, {"uid": "25636", "content": "高情商"}, {"uid": "1603425", "content": "这特效好酷"}, {"uid": "587140", "content": "地精视角没错了"}, {"uid": "67778694", "content": "高，实在是高！"}, {"uid": "3900958", "content": "这情商高的我都缺氧了"}, {"uid": "38000529", "content": "隔挺远的"}, {"uid": "2031947", "content": "天空是蔚蓝色，窗外有千纸鹤"}, {"uid": "15138435", "content": "我DNA动了"}, {"uid": "4150584", "content": "开始了开始了wwww"}, {"uid": "9028227", "content": "哈哈哈哈"}, {"uid": "102423205", "content": "这表情太憨了"}, {"uid": "11354807", "content": "都让你高完了"}, {"uid": "15823004", "content": "高，都让你高完了"}, {"uid": "43400923", "content": "BBC滤镜"}, {"uid": "140230087", "content": "非静止画面"}, {"uid": "7220745", "content": "AB和AA有什么区别的必要呢"}, {"uid": "91417414", "content": "高，实在是高"}, {"uid": "32191148", "content": "泪目"}, {"uid": "7896115", "content": "宇称不守恒，草"}, {"uid": "37367240", "content": "高光消失"}, {"uid": "3930046", "content": "弓箭手 AC米兰"}, {"uid": "33591862", "content": "wasd，你别骗我（）"}, {"uid": "631896", "content": "sc的色彩仿佛透过了30"}, {"uid": "15138435", "content": "卧槽，这得有三四层楼那么高了"}, {"uid": "2699074", "content": "高情商！"}, {"uid": "694492738", "content": "开幕暴击"}, {"uid": "8211935", "content": "上上下下左右左右ABAB"}, {"uid": "13275281", "content": "巧合，巧合"}, {"uid": "2629851", "content": "高 实在是高"}, {"uid": "194175206", "content": "点名表扬"}, {"uid": "194175206", "content": "高情商"}, {"uid": "14007884", "content": "一个A一个B可笑死我了"}, {"uid": "20619959", "content": "高情商"}, {"uid": "10256519", "content": "伤心"}, {"uid": "37214925", "content": "AB 一大一小"}, {"uid": "260485060", "content": "哈哈哈，太高了"}, {"uid": "11843907", "content": "结果是个 DD呢"}, {"uid": "42260922", "content": "AD怎么样"}, {"uid": "18242480", "content": "高，实在是高！"}, {"uid": "13787857", "content": "太简单了"}, {"uid": "252100619", "content": "哇嘎奶"}, {"uid": "15138435", "content": "草"}, {"uid": "434780627", "content": "AA"}, {"uid": "9028227", "content": "那说明他们喜欢的不是你啊"}, {"uid": "38274277", "content": "草"}, {"uid": "37498399", "content": "草"}, {"uid": "12664732", "content": "特写草"}, {"uid": "23001624", "content": "高情商"}, {"uid": "354624", "content": "草 好活"}, {"uid": "545451056", "content": "震撼30"}, {"uid": "285826982", "content": "草"}, {"uid": "25636", "content": "还有特效www"}, {"uid": "35641505", "content": "高情商"}, {"uid": "12330041", "content": "a接w接q接一刀斩"}, {"uid": "334926483", "content": "好活儿"}, {"uid": "67655543", "content": "高啊"}, {"uid": "22363074", "content": "经典bgm"}, {"uid": "24872048", "content": "自毁人设"}, {"uid": "28954108", "content": "哈哈哈"}, {"uid": "194175206", "content": "草"}, {"uid": "32423963", "content": "高情商"}, {"uid": "11872189", "content": "OP有Acup，头有Ccup"}, {"uid": "195663725", "content": "哇嘎奶"}, {"uid": "293802639", "content": "高处不胜寒"}, {"uid": "241837504", "content": "高！实在是高"}, {"uid": "4416126", "content": "A的旁边就是DD"}, {"uid": "297542726", "content": "galgame？"}, {"uid": "10455913", "content": "天空是蔚蓝色"}, {"uid": "31337711", "content": "草"}, {"uid": "13787857", "content": "草"}, {"uid": "12321065", "content": "你不是很期待被斩首的吗？23333"}, {"uid": "13275281", "content": "哈哈哈哈哈哈哈"}, {"uid": "434780627", "content": "草"}, {"uid": "4150584", "content": "A+，B-"}, {"uid": "496700788", "content": "我还以为是一个A一个B"}, {"uid": "22363074", "content": "高情商"}, {"uid": "22363074", "content": "草"}, {"uid": "693929898", "content": "洋葱……"}, {"uid": "9028227", "content": "开幕雷击"}, {"uid": "30514029", "content": "惨30惨"}, {"uid": "194175206", "content": "惨 30 惨"}, {"uid": "20619959", "content": "啊？"}, {"uid": "23001624", "content": "左a又b"}, {"uid": "574345", "content": "草"}, {"uid": "217797936", "content": "并不会挡住吧"}, {"uid": "15823004", "content": "学废了"}, {"uid": "116081", "content": "？？？"}, {"uid": "23001624", "content": "草"}, {"uid": "294580442", "content": "看不到才怪"}, {"uid": "88025177", "content": "草"}, {"uid": "19193596", "content": "草"}, {"uid": "11300145", "content": "草"}, {"uid": "93875339", "content": "草"}, {"uid": "337779553", "content": "刺客信条"}, {"uid": "13977709", "content": "草"}, {"uid": "11344630", "content": "草"}, {"uid": "4130547", "content": "哭了"}, {"uid": "20293616", "content": "草"}, {"uid": "10455913", "content": "草"}, {"uid": "434780627", "content": "AA"}, {"uid": "9028227", "content": "草"}, {"uid": "37498399", "content": "高情商！"}, {"uid": "38274277", "content": "嗯？"}, {"uid": "292065147", "content": "哈哈哈哈哈哈哈"}, {"uid": "10256519", "content": "？？？"}, {"uid": "6221030", "content": "wwwww"}, {"uid": "88025177", "content": "草"}, {"uid": "299718231", "content": "截图草"}, {"uid": "475435999", "content": "草"}, {"uid": "11220073", "content": "草"}, {"uid": "94137427", "content": "記筆記"}, {"uid": "430099272", "content": "不对称"}, {"uid": "351975302", "content": "高"}, {"uid": "24946243", "content": "草"}, {"uid": "334926483", "content": "草"}, {"uid": "33324348", "content": "aa+"}, {"uid": "4130547", "content": "高"}, {"uid": "4130547", "content": "！！"}, {"uid": "12648204", "content": "太高了"}, {"uid": "38274277", "content": "高情商"}, {"uid": "38274277", "content": "草，是腊"}, {"uid": "30514029", "content": "泪目"}, {"uid": "50505623", "content": "哈哈哈哈哈"}, {"uid": "128541", "content": "太远了"}, {"uid": "88025177", "content": "血型，草"}, {"uid": "285226", "content": "真好搞定"}, {"uid": "285826982", "content": "泪目"}, {"uid": "356929963", "content": "草"}, {"uid": "9357928", "content": "AS"}, {"uid": "351975302", "content": "草"}, {"uid": "50939322", "content": "AAA"}, {"uid": "449131541", "content": "哭哭哭哭哭哭"}, {"uid": "8284532", "content": "草"}, {"uid": "57578913", "content": "怪话"}, {"uid": "230337405", "content": "草"}, {"uid": "12630046", "content": "0_o"}, {"uid": "166377053", "content": "AA"}, {"uid": "50505623", "content": "高"}, {"uid": "23001624", "content": "草"}, {"uid": "26355078", "content": "草"}, {"uid": "299718231", "content": "草"}, {"uid": "299718231", "content": "草"}, {"uid": "285826982", "content": "草"}, {"uid": "9357928", "content": "草"}, {"uid": "262284680", "content": "草"}, {"uid": "262284680", "content": "泪目"}, {"uid": "13275281", "content": "笑死我了"}, {"uid": "36077319", "content": "草"}, {"uid": "28954108", "content": "草"}]