[{"uid": "38005523", "content": "好耶！和我同一天"}, {"uid": "27631997", "content": "白 雪 公 主"}, {"uid": "20619959", "content": "艾蕾（（"}, {"uid": "14389923", "content": "懂了，是本体"}, {"uid": "293348647", "content": "dna动了"}, {"uid": "32147060", "content": "典狱长佐瓦尔米蕾"}, {"uid": "221220", "content": "是管家吗？还以为是靠枕呢"}, {"uid": "22942981", "content": "这装修拉夸，阴间"}, {"uid": "8408147", "content": "いいよ、こいよ"}, {"uid": "13275281", "content": "这就去做坏事"}, {"uid": "13275281", "content": "……好耶！"}, {"uid": "13275281", "content": "哈哈哈哈哈哈"}, {"uid": "15389190", "content": "好啊！快来！ 来啊！"}, {"uid": "3603486", "content": "草"}, {"uid": "3603486", "content": "还有这种好事"}, {"uid": "157763", "content": "小————刻——————"}, {"uid": "2807491", "content": "还有这种好事"}, {"uid": "6423682", "content": "草"}, {"uid": "8698085", "content": "草"}, {"uid": "97284", "content": "这里说的中间那个头的眼球被溶掉垂下来"}, {"uid": "334926483", "content": "草。"}, {"uid": "334926483", "content": "地狱三头驴"}, {"uid": "334926483", "content": "草"}, {"uid": "5043517", "content": "还有这种好事？"}, {"uid": "8033913", "content": "阿床！！"}, {"uid": "326981983", "content": "快来啊"}, {"uid": "21482042", "content": "很快到你家门口"}, {"uid": "35538918", "content": "狗王"}, {"uid": "36769691", "content": "噔噔咚"}, {"uid": "36769691", "content": "30把我关起来了，她心里有我"}, {"uid": "67778694", "content": "马上到你家门口"}, {"uid": "67778694", "content": "咪蕾什基迦勒"}, {"uid": "1808632", "content": "aria"}, {"uid": "415673", "content": "是inga"}, {"uid": "1808632", "content": "114514"}, {"uid": "1808632", "content": "？？？？"}, {"uid": "1808632", "content": "草"}, {"uid": "1808632", "content": "艾蕾的笼子（"}, {"uid": "29077245", "content": "草"}, {"uid": "10826451", "content": "是棒冰"}, {"uid": "10826451", "content": "谁监视谁啊"}, {"uid": "10826451", "content": "草"}, {"uid": "10826451", "content": "快来啊"}, {"uid": "10826451", "content": "太老了没看过x"}, {"uid": "10826451", "content": "哪有胸"}, {"uid": "10826451", "content": "酸 笼子 酸"}, {"uid": "112776970", "content": "好恐怖啊2333"}, {"uid": "10826451", "content": "我要把你的碗当头盖骨使"}, {"uid": "10826451", "content": "外部装甲植入"}, {"uid": "112776970", "content": "刻俄柏的头2333"}, {"uid": "6674397", "content": "还有这种好事？"}, {"uid": "574738295", "content": "生 死 簿"}, {"uid": "12321065", "content": "？？"}, {"uid": "1295223", "content": "草"}, {"uid": "231246214", "content": "他在说我可爱他心里有我！"}, {"uid": "260422750", "content": "我10月13日，真贴贴"}, {"uid": "293890694", "content": "anti头子太草了"}, {"uid": "13052443", "content": "女王的设定真的便利呢"}, {"uid": "22866390", "content": "草"}, {"uid": "178553196", "content": "大白猫"}, {"uid": "11491610", "content": "看得见哦"}, {"uid": "37540372", "content": "还有这种好事"}, {"uid": "125127", "content": "有这等好事？"}, {"uid": "408645838", "content": "教室后门你的班主任悄悄出现"}, {"uid": "490885747", "content": "草"}, {"uid": "1886382", "content": "咪蕾什基伽勒"}, {"uid": "32818399", "content": "草"}, {"uid": "88174095", "content": "凋 零 玫 瑰"}, {"uid": "25228492", "content": "看着挺像野良神的那种眼球"}, {"uid": "39813625", "content": "你房间里有头驴"}, {"uid": "33935601", "content": "还有这种好事？"}, {"uid": "8844791", "content": "戌 亥 床"}, {"uid": "11111982", "content": "害怕"}, {"uid": "336240813", "content": "草"}, {"uid": "487145767", "content": "哈哈，草"}, {"uid": "1808632", "content": "地狱三头驴"}, {"uid": "24213285", "content": "草"}, {"uid": "39813625", "content": "草~~"}, {"uid": "544972", "content": "草"}, {"uid": "1808632", "content": "草"}, {"uid": "10826451", "content": "狗狗～不～"}, {"uid": "101193063", "content": "哈哈哈哈哈哈哈"}, {"uid": "144358", "content": "不应该是三只柯基吗？"}, {"uid": "20619959", "content": "？"}, {"uid": "25520962", "content": "???"}, {"uid": "34143100", "content": "草"}, {"uid": "3346365", "content": "？"}, {"uid": "578283", "content": "草"}, {"uid": "20619959", "content": "？！"}, {"uid": "32423963", "content": "草"}, {"uid": "101193063", "content": "草"}, {"uid": "434431", "content": "真有你的"}, {"uid": "326981983", "content": "草"}, {"uid": "17002040", "content": "『稍微』"}, {"uid": "485929845", "content": "草"}, {"uid": "16919703", "content": "草"}, {"uid": "442250487", "content": "草"}, {"uid": "252084554", "content": "草"}, {"uid": "8698085", "content": "草"}, {"uid": "351975302", "content": "草"}, {"uid": "326981983", "content": "草"}, {"uid": "508734070", "content": "草"}, {"uid": "10826451", "content": "啊这"}, {"uid": "87688072", "content": "草"}, {"uid": "29454431", "content": "探头"}, {"uid": "1872542", "content": "草"}, {"uid": "51181043", "content": "草"}, {"uid": "954660", "content": "草"}, {"uid": "10826451", "content": "草"}, {"uid": "896694", "content": "草"}, {"uid": "55451350", "content": "三头驴"}, {"uid": "34143100", "content": "三头驴"}, {"uid": "351975302", "content": "草"}]