[{"uid": "26631", "content": "那不是更糟糕了吗！"}, {"uid": "33879675", "content": "60P是战地"}, {"uid": "23562069", "content": "？"}, {"uid": "4213301", "content": "原来你好这口"}, {"uid": "18208014", "content": "哦，我还以为是斗地主你瞅瞅"}, {"uid": "223993", "content": "派派风评被害"}, {"uid": "500402", "content": "妹啊，你可少看点H的东西吧"}, {"uid": "88025177", "content": "色小鬼"}, {"uid": "2203831", "content": "嗯？"}, {"uid": "106021", "content": "这个红桶的白猫是什么情况www"}, {"uid": "1825150", "content": "她太会了"}, {"uid": "3168569", "content": "一缺二"}, {"uid": "17461471", "content": "“而已”"}, {"uid": "1808632", "content": "色小鬼"}, {"uid": "203821", "content": "草"}, {"uid": "2629851", "content": "？？？？？？"}, {"uid": "37214925", "content": "32p战地"}, {"uid": "6923975", "content": "草"}, {"uid": "9182476", "content": "比游戏还刺激"}, {"uid": "23001624", "content": "蒙混过关"}, {"uid": "474316513", "content": "草"}, {"uid": "37498399", "content": "草"}, {"uid": "220222544", "content": "？？？草"}, {"uid": "2972442", "content": "好害羞（无感情）"}, {"uid": "8818984", "content": "草"}, {"uid": "305072215", "content": "？？？"}, {"uid": "37913832", "content": "好康的，是新游戏哦？"}, {"uid": "3651311", "content": "？？？"}, {"uid": "487279", "content": "？？？？？？？？？？"}, {"uid": "487279", "content": "色小鬼"}, {"uid": "354560772", "content": "啊这"}, {"uid": "12558597", "content": "三个p家玩apex"}, {"uid": "22863629", "content": "同人音声？？？"}, {"uid": "3156545", "content": "？"}, {"uid": "351975302", "content": "草"}, {"uid": "105771", "content": "？？？？"}, {"uid": "324829729", "content": "草"}, {"uid": "1931345", "content": "？？？？？？、"}, {"uid": "321394966", "content": "？？？？"}, {"uid": "30982451", "content": "色小鬼"}, {"uid": "194215177", "content": "？？"}, {"uid": "2686738", "content": "我信了"}, {"uid": "6486338", "content": "这个小色鬼"}, {"uid": "1677778", "content": "？？？？？？"}, {"uid": "36058", "content": "？"}, {"uid": "4501418", "content": "草"}, {"uid": "3168569", "content": "草"}, {"uid": "3091724", "content": "？"}, {"uid": "409618457", "content": "？？？？？？"}, {"uid": "107827300", "content": "？"}, {"uid": "487279", "content": "色小鬼"}, {"uid": "21851472", "content": "？？？"}, {"uid": "20317592", "content": "？？？？？？"}, {"uid": "1915743556", "content": "？？？"}, {"uid": "321394966", "content": "？？？？？？？？"}, {"uid": "24149271", "content": "不是 有1p 2p 手柄啊 任地狱大乱斗"}, {"uid": "9182476", "content": "30p是pcr会战【"}, {"uid": "9182476", "content": "7p是战舰世界工会战"}, {"uid": "305617742", "content": "？"}, {"uid": "6811048", "content": "."}, {"uid": "3168569", "content": "有罪"}, {"uid": "25520962", "content": "???"}, {"uid": "645471253", "content": "？？？"}, {"uid": "2309452", "content": "为什么不是3A"}, {"uid": "8937535", "content": "？"}, {"uid": "20904953", "content": "有罪"}, {"uid": "295583822", "content": "救世呀"}, {"uid": "413308722", "content": "ilidiliid"}, {"uid": "36769691", "content": "草"}, {"uid": "10803083", "content": "？？？"}, {"uid": "2203831", "content": "有罪！"}, {"uid": "36005920", "content": "？？？"}, {"uid": "334926483", "content": "草"}, {"uid": "334926483", "content": "？？？？？？？？"}, {"uid": "2629851", "content": "？？？？？？？？？"}, {"uid": "73354022", "content": "草"}, {"uid": "88025177", "content": "草"}, {"uid": "2203831", "content": "草"}, {"uid": "5884160", "content": "？"}, {"uid": "6811048", "content": "草"}, {"uid": "53829602", "content": "？"}, {"uid": "10826451", "content": "我们也没想别的"}, {"uid": "645471253", "content": "色小鬼"}, {"uid": "24489981", "content": "？？？？"}, {"uid": "13234278", "content": "草"}, {"uid": "36769691", "content": "草"}, {"uid": "33030701", "content": "草"}, {"uid": "13924851", "content": "那战地是32p？"}, {"uid": "16586347", "content": "草"}, {"uid": "8926346", "content": "二缺一"}, {"uid": "1853150", "content": "地铁 帕里  看手机"}, {"uid": "477790984", "content": "？"}, {"uid": "4213301", "content": "？"}, {"uid": "30982451", "content": "？？？？？"}, {"uid": "1528495", "content": "???????????????"}]