[{"uid": "10731400", "content": "草"}, {"uid": "529249", "content": "草"}, {"uid": "12976291", "content": "草"}, {"uid": "1684604", "content": "哈哈哈哈哈哈哈"}, {"uid": "1684604", "content": "草"}, {"uid": "370334032", "content": "草"}, {"uid": "5709033", "content": "笑死"}, {"uid": "240896556", "content": "草"}, {"uid": "6591477", "content": "空降00:40"}, {"uid": "6591477", "content": "空降00:40"}, {"uid": "336496", "content": "草"}, {"uid": "6591477", "content": "空降00:40"}]