[{"uid": "7502012", "content": "我的宝，太可爱了"}, {"uid": "98945713", "content": "宝你好甜，齁死了"}, {"uid": "38217828", "content": "太甜了；；"}, {"uid": "289040874", "content": "飞机偷窥狂（bushi"}, {"uid": "349705090", "content": "超级好听！"}, {"uid": "3848287", "content": "草 这个视角有点哈人了"}, {"uid": "9164482", "content": "我以为标题只是说说"}, {"uid": "499974612", "content": "好甜！！！"}, {"uid": "28609326", "content": "好可爱；；"}, {"uid": "32796174", "content": "你这MV真的好好笑啊草"}, {"uid": "3302713", "content": "好可爱的外星人"}, {"uid": "686213", "content": "角角kwiiiii"}, {"uid": "12976291", "content": "还在抖草"}, {"uid": "37314441", "content": "好可爱；"}, {"uid": "2308450", "content": "太可爱了啊啊啊啊啊啊"}, {"uid": "38217828", "content": "又怪又可爱ww"}, {"uid": "353695075", "content": "。。。"}, {"uid": "28609326", "content": "草"}, {"uid": "10045957", "content": "草这图"}, {"uid": "5406382", "content": "？！"}, {"uid": "51180071", "content": "草"}, {"uid": "391128282", "content": "大庆油田是吧"}, {"uid": "5709033", "content": "草"}, {"uid": "473974438", "content": "虽然但是，这个pv好草啊"}, {"uid": "484040884", "content": "哈人"}, {"uid": "60686076", "content": "呜呜呜呜呜你好可爱"}, {"uid": "23814501", "content": "恐怖~"}, {"uid": "2011179761", "content": "太爱了"}, {"uid": "10550972", "content": "草"}, {"uid": "92434481", "content": "？为什么我突然想笑"}, {"uid": "1498954548", "content": "惊艳"}, {"uid": "240896556", "content": "草"}, {"uid": "11844279", "content": "可爱"}, {"uid": "279218424", "content": "好高清哦！"}, {"uid": "1846108", "content": "kwiiiiii"}, {"uid": "389900984", "content": "哈哈哈"}, {"uid": "49160225", "content": "草"}, {"uid": "9164482", "content": "草"}, {"uid": "676759992", "content": "草"}, {"uid": "12197842", "content": "草"}, {"uid": "26494805", "content": "我想给你一拳"}, {"uid": "518739618", "content": "草"}, {"uid": "313727289", "content": "可爱"}, {"uid": "1498954548", "content": "惊艳"}]