[{"uid": "150795083", "content": "你好怪哦"}, {"uid": "10731400", "content": "怪耶！"}, {"uid": "10731400", "content": "漏气声"}, {"uid": "188996007", "content": "不那么好的？"}, {"uid": "83203003", "content": "ohhhhhhhhhhhhhhh"}, {"uid": "83203003", "content": "哥你的鼻音好重反而很有情感（）"}, {"uid": "83203003", "content": "蜗牛当主厨踏马笑死我了哈哈哈哈哈那是一道菜啦桃宝！"}, {"uid": "4364094", "content": "嗯？大哥(？)"}, {"uid": "4364094", "content": "笑死"}, {"uid": "4364094", "content": "5 a 面 板"}, {"uid": "4364094", "content": "草"}, {"uid": "4364094", "content": "凯旋门草"}, {"uid": "184671691", "content": "笑死"}, {"uid": "184671691", "content": "草哦"}, {"uid": "184671691", "content": "红红火火恍恍惚惚"}, {"uid": "3021182", "content": "hhhhhhhh买房子，笑得想死"}, {"uid": "85778526", "content": "雷区蹦迪哈哈哈"}, {"uid": "85778526", "content": "只解决温饱怎么可能自己还能保养的漂漂亮亮化妆啊"}, {"uid": "298007341", "content": "语擦人（bushi"}, {"uid": "742701", "content": "？？？？"}, {"uid": "41399532", "content": "草"}, {"uid": "240896556", "content": "草？kos还行"}, {"uid": "266999730", "content": "？？？蜗牛当主厨哈哈哈哈"}, {"uid": "266999730", "content": "猎星人"}]