[{"uid": "60686076", "content": "野生字幕：结城幸枝_"}, {"uid": "60686076", "content": "两人现在 向夜晚飞奔而去"}, {"uid": "60686076", "content": "凉爽的风如同泳于夜空一般吹拂而过"}, {"uid": "60686076", "content": "紧握住你向我伸出的双手"}, {"uid": "60686076", "content": "像是沉溺溶化一般 染上的氤氲终于散开"}, {"uid": "60686076", "content": "你温柔地指引向终结"}, {"uid": "60686076", "content": "对于这样一成不变的日子里哭泣的我"}, {"uid": "60686076", "content": "在我的眼中却无比动人"}, {"uid": "60686076", "content": "在喧嚣的日子里失去笑容的你"}, {"uid": "60686076", "content": "「想要结束了啊」 当我不由说出这句话的时候"}, {"uid": "60686076", "content": "为了你而准备的话语一句都不能传达给你"}, {"uid": "60686076", "content": "无论多少次"}, {"uid": "60686076", "content": "看啊  在这时针仍然不停转动的世界里"}, {"uid": "60686076", "content": "「已经受够了啊」「已经疲惫了啊」 其实我也想这样说啊"}, {"uid": "60686076", "content": "将我不顾一切向你伸出的手甩开"}, {"uid": "60686076", "content": "两人紧紧相依吧"}, {"uid": "60686076", "content": "直到黎明再次降临"}, {"uid": "60686076", "content": "我也会用相拥时的温暖将其溶化"}, {"uid": "60686076", "content": "来  抓住我的手吧"}, {"uid": "60686076", "content": "献上所能想象到的一切耀眼的明天"}, {"uid": "60686076", "content": "为在喧嚣的日子里失去笑容的你"}, {"uid": "60686076", "content": "今后定会重蹈覆辙 那时一定会生气地哭出来吧"}, {"uid": "60686076", "content": "那种事情不论如何"}, {"uid": "60686076", "content": "虽然曾想要去相信却无法相信"}, {"uid": "60686076", "content": "讨厌你那看得入迷一般 坠入爱河一般的表情"}, {"uid": "60686076", "content": "讨厌一直凝视着什么的你"}, {"uid": "60686076", "content": "无论多少次"}, {"uid": "60686076", "content": "眼神却显得如此寂寞"}, {"uid": "60686076", "content": "缠绕着飘渺氤氲的你"}, {"uid": "60686076", "content": "从相遇的那天开始"}, {"uid": "60686076", "content": "但仅仅这三个字我就明白了一切"}, {"uid": "60686076", "content": "你只留下了一句「再见了」"}, {"uid": "15380721", "content": "try to make me angry"}, {"uid": "13813138", "content": "帅！"}, {"uid": "18925793", "content": "出不去了"}, {"uid": "307343425", "content": "效率高高好诶"}, {"uid": "60686076", "content": "即便如此我仍然相信着"}, {"uid": "60686076", "content": "像是沉溺溶化一般"}, {"uid": "424733030", "content": "好耶  单推了"}, {"uid": "60686076", "content": "一定能寻找到属于我们的平凡的喜悦"}, {"uid": "60686076", "content": "你第一次绽放了笑容"}, {"uid": "38056389", "content": "声音！！有那个味道了啊啊啊！"}, {"uid": "13592489", "content": "好听的诶"}, {"uid": "60686076", "content": "即便如此我仍然相信着"}, {"uid": "343876457", "content": "开口跪"}, {"uid": "60686076", "content": "不要松开紧紧牵住的双手哦"}, {"uid": "60686076", "content": "在想要尽数忘却的封闭的日子中"}, {"uid": "60686076", "content": "也会因为你的笑容而消散"}, {"uid": "60686076", "content": "除了你什么也看不见"}, {"uid": "60686076", "content": "去触碰那残酷之言刺耳之声 都会泫然欲泣"}, {"uid": "60686076", "content": "我的内心全部都被你夺去"}, {"uid": "60686076", "content": "在围栏的外侧重叠在一起"}, {"uid": "60686076", "content": "日落时分的天空与你的身影"}, {"uid": "37314441", "content": "转场牛逼！唱得也好赞~\\(≧▽≦)/~"}, {"uid": "313300991", "content": "老婆"}, {"uid": "60686076", "content": "但若是两个人的话"}, {"uid": "60686076", "content": "终有一天我们一定能够 心意相通"}, {"uid": "60686076", "content": "即使是那些想要尽数忘却的封闭的日子"}, {"uid": "60686076", "content": "在这时针不停转动的世界里"}, {"uid": "60686076", "content": "在只有你我二人的广阔夜空之下"}, {"uid": "37314441", "content": "救命，这个画面好美"}, {"uid": "1160260", "content": "niubility"}, {"uid": "60686076", "content": "你说着「已经受够了啊」「已经疲惫了啊」"}, {"uid": "371679", "content": "跑跑跑跑跑"}, {"uid": "60686076", "content": "没有什么害怕的哦"}, {"uid": "17572617", "content": "日文发音要是再标准点就更好了 加油"}]