[{"uid": "10550972", "content": "草"}, {"uid": "34637188", "content": "涩飞了呜呜"}, {"uid": "34637188", "content": "这首好耶！"}, {"uid": "34637188", "content": "草"}, {"uid": "34637188", "content": "裤裤飞飞了家人们"}, {"uid": "5709033", "content": "草"}, {"uid": "395287027", "content": "草"}, {"uid": "395287027", "content": "草 鼻子有点精髓的"}, {"uid": "395287027", "content": "？这个好吓人 san值狂掉"}, {"uid": "8167325", "content": "草哈哈哈哈哈"}, {"uid": "8167325", "content": "乱唱了"}, {"uid": "8167325", "content": "？"}, {"uid": "37006471", "content": "草草草"}, {"uid": "366504749", "content": "哈哈哈哈哈哈哈哈哈哈哈"}, {"uid": "690608704", "content": "好智能的bgm"}]