[{"uid": "521696303", "content": "好好听！！"}, {"uid": "6843563", "content": "kksk"}, {"uid": "240896556", "content": "电满了"}, {"uid": "529249", "content": "好听好听！！！"}, {"uid": "27172536", "content": "好电"}, {"uid": "686213", "content": "这里电音好酷"}, {"uid": "434094074", "content": "帅的"}, {"uid": "38217828", "content": "kksk"}, {"uid": "40072514", "content": "这里的nainai好可爱呜"}, {"uid": "15003760", "content": "来了"}, {"uid": "445714861", "content": "h so"}, {"uid": "28609326", "content": "好好听；；"}]