[{"uid": "699945354", "content": "太强了推推推推"}, {"uid": "205249356", "content": "土的歌欸！！"}, {"uid": "1921064", "content": "这也太棒了"}, {"uid": "605022885", "content": "Onhhh"}, {"uid": "179992849", "content": "哈哈哈这里"}, {"uid": "402734887", "content": "噗"}, {"uid": "108445836", "content": "我的天！！！！！！"}, {"uid": "5678098", "content": "这里尾音喜欢！"}, {"uid": "38056389", "content": "虽然但是这个我看不懂ne"}, {"uid": "107839025", "content": "爱了！！！"}, {"uid": "521696303", "content": "桃桃太牛牪犇掰了！"}]