[{"uid": "21537526", "content": "好聪明"}, {"uid": "11622504", "content": "草"}, {"uid": "678669019", "content": "好。。。好生草"}, {"uid": "8932298", "content": "草"}, {"uid": "496326892", "content": "草"}, {"uid": "11622504", "content": "草"}, {"uid": "226732377", "content": "草"}, {"uid": "446698451", "content": "草"}, {"uid": "446698451", "content": "草"}, {"uid": "456673443", "content": "好傻"}, {"uid": "107282759", "content": "?"}, {"uid": "1024607084", "content": "草"}, {"uid": "1967745", "content": "草"}, {"uid": "475540006", "content": "草"}, {"uid": "677781962", "content": "草"}, {"uid": "85474891", "content": "草"}, {"uid": "85474891", "content": "草"}, {"uid": "490092323", "content": "草"}, {"uid": "17047257", "content": "草"}]