[{"uid": "10550972", "content": "好笨笨！"}, {"uid": "10550972", "content": "草"}, {"uid": "10550972", "content": "草哈哈哈哈哈"}, {"uid": "385082429", "content": "危"}, {"uid": "518516704", "content": "？"}, {"uid": "20276021", "content": "和bgm吵架哈哈哈哈哈哈哈"}, {"uid": "239903332", "content": "chhhhhh好可爱"}, {"uid": "239903332", "content": "草"}, {"uid": "239903332", "content": "chhhh手持大爷"}, {"uid": "2308450", "content": "可能是因为有些词不能唱出来（"}, {"uid": "107839025", "content": "woc，是这首！！爱了！！"}, {"uid": "87712145", "content": "确实"}, {"uid": "107839025", "content": "谢谢椅子哈哈哈哈哈哈哈"}, {"uid": "107839025", "content": "要命，他一开口声音好抓我耳朵"}, {"uid": "49160225", "content": "草"}, {"uid": "1034373442", "content": "好可爱呜呜呜呜呜"}, {"uid": "170608465", "content": "打鸣"}, {"uid": "170608465", "content": "打鸣"}, {"uid": "170608465", "content": "笑死了卡了"}, {"uid": "170608465", "content": "好长的片头（）"}, {"uid": "170608465", "content": "好长的片头（）"}, {"uid": "15421005", "content": "?"}, {"uid": "2030738", "content": "哈哈哈哈哈哈哈哈你好努力"}, {"uid": "27473770", "content": "手持大爷的扫帚草"}, {"uid": "60686076", "content": "VirtuaReal：“男0？”"}, {"uid": "107974301", "content": "草"}, {"uid": "3871485", "content": "手持大爷"}, {"uid": "295519666", "content": "兄啊歌词是在你嘴里打你了吗"}, {"uid": "295519666", "content": "跟bgm比大声草"}, {"uid": "295519666", "content": "这首播混乱程度跟kos有的一拼"}, {"uid": "295519666", "content": "草，你要笑死我了"}, {"uid": "295519666", "content": "刚刚你绝对笑场了吧笑场了吧"}, {"uid": "295519666", "content": "草，你也好吵啊啊"}, {"uid": "295519666", "content": "救命是卡宝和锤子的结合体"}, {"uid": "2011426621", "content": "可爱可爱"}, {"uid": "2011426621", "content": "哈哈哈哈哈"}, {"uid": "391348968", "content": "梦回起哈鲁的大家一起来找茬"}, {"uid": "15392477", "content": "？？？？草啊 "}, {"uid": "179039226", "content": "帅哥"}, {"uid": "1921064", "content": "昨天因为这个笑到头掉233"}, {"uid": "1921064", "content": "？"}, {"uid": "2133574", "content": "笑死"}, {"uid": "1921064", "content": "对，是你卡了"}, {"uid": "500712971", "content": "所以结尾是逃离地球吗"}, {"uid": "1921064", "content": "来重温昨晚的欢乐了ww"}, {"uid": "205069876", "content": "哈哈哈哈哈哈哈哈"}, {"uid": "500712971", "content": "听起来好努力www"}, {"uid": "500712971", "content": "哈哈哈哈哈哈哈，系统提示音瞩目"}, {"uid": "19852721", "content": "确实"}, {"uid": "395287027", "content": "统治地球是吧"}, {"uid": "108445836", "content": "笑飞了"}, {"uid": "5709033", "content": "果然还有草"}, {"uid": "5709033", "content": "草还有"}, {"uid": "5709033", "content": "kwiiiii"}, {"uid": "12976291", "content": "kwii"}, {"uid": "5709033", "content": "回声草"}, {"uid": "5709033", "content": "草"}, {"uid": "5709033", "content": "？"}, {"uid": "5709033", "content": "快跑！！！"}, {"uid": "5709033", "content": "快跑！！"}, {"uid": "5709033", "content": "草"}, {"uid": "5709033", "content": "声音hsosuki！!"}, {"uid": "5709033", "content": "啊啊啊winksuki！！！"}, {"uid": "5709033", "content": "男0是吧"}, {"uid": "5709033", "content": "冲没了？"}, {"uid": "5709033", "content": "？"}, {"uid": "5709033", "content": "怪"}, {"uid": "5709033", "content": "草"}, {"uid": "5709033", "content": "腿哈哈哈哈"}, {"uid": "5709033", "content": "好跳草"}, {"uid": "5709033", "content": "笑死了，好可爱"}, {"uid": "5709033", "content": "草哈哈哈哈哈哈哈哈"}, {"uid": "5709033", "content": "怪叫感谢（？"}, {"uid": "34637188", "content": "2021还能听到活动小丑！"}, {"uid": "5897423", "content": "草 你怎么在弹幕感谢"}, {"uid": "34637188", "content": "噗哈哈哈好怪哦你"}, {"uid": "14151008", "content": "笑死了 自己夸自己也太可爱了"}, {"uid": "34637188", "content": "草草！say so！这首超涩的！"}, {"uid": "34637188", "content": "有RM诶！！！"}, {"uid": "14043921", "content": "？"}, {"uid": "178066677", "content": "牛蛙牛蛙，学到了学到了"}, {"uid": "34637188", "content": "是易燃易爆炸！色飞了嗷嗷嗷！"}, {"uid": "45872690", "content": "好怪？"}, {"uid": "4119406", "content": "好家伙，乳勺是吧）"}, {"uid": "4119406", "content": "哈哈哈哈哈aza"}, {"uid": "3849388", "content": "是的你又卡了"}, {"uid": "3849388", "content": "非静止画面"}, {"uid": "11069011", "content": "男0 懂得都懂"}, {"uid": "11069011", "content": "草 这个弹幕 笑死了"}, {"uid": "11069011", "content": "草 真 露胸"}, {"uid": "11069011", "content": "？？？？？？"}, {"uid": "11069011", "content": "这也太好笑了哈哈哈哈哈哈哈哈哈"}, {"uid": "811947", "content": "BGM好听好厉害哦"}, {"uid": "811947", "content": "？？？"}, {"uid": "1846108", "content": "是啊听了五分半钟呢（疲惫"}, {"uid": "1846108", "content": "哈哈哈哈哈哈草 再看一遍还是想笑"}, {"uid": "811947", "content": "双厨落泪"}, {"uid": "811947", "content": "QmQ喜欢"}, {"uid": "811947", "content": "录播 也卡了草"}, {"uid": "13570442", "content": "这不是小0嘛"}, {"uid": "288456361", "content": "好帅的片头"}, {"uid": "4655921", "content": "虽然我听不清你唱了什么，但你唱的确实好好听"}, {"uid": "171730020", "content": "开头的bgm本来打算看完就去搜的，居然是自己做的！你好棒，桃星tocci"}, {"uid": "11069011", "content": "永世难忘哈哈哈哈哈哈哈哈哈哈哈哈"}]