[{"uid": "60686076", "content": "野生字幕：结城幸枝_"}, {"uid": "60686076", "content": "♢•YOU ARE KING•♢"}, {"uid": "60686076", "content": "Left side Right side 伸出獠牙"}, {"uid": "60686076", "content": "♢•張り詰めた思い込め•♢"}, {"uid": "60686076", "content": "♢•無いのあなたにお願い一つ•♢"}, {"uid": "60686076", "content": "♢•嫌い嫌いの最低　泣いて　ダウン•♢"}, {"uid": "60686076", "content": "天真无邪的玩闹"}, {"uid": "60686076", "content": "♢•無邪気に遊ぶ•♢"}, {"uid": "60686076", "content": "♢•照れくさいね•♢"}, {"uid": "60686076", "content": "♢•張り詰めた思い込め•♢"}, {"uid": "60686076", "content": "♢•無いの新たにお願い一つ•♢"}, {"uid": "60686076", "content": "♢•一足先に始めてたいような•♢"}, {"uid": "60686076", "content": "♢•人様願う　欠片のアイロニ•♢"}, {"uid": "60686076", "content": "♢•幽閉 ストップ　知ってないし•♢"}, {"uid": "60686076", "content": "♢•幽閉　利口　逝く前に•♢"}, {"uid": "60686076", "content": "啊桃也唱这个了"}, {"uid": "394937650", "content": "牛蛙！！"}, {"uid": "60686076", "content": "Left side Right side  伸出獠牙"}, {"uid": "60686076", "content": "向新生的虚无 许下愿望"}, {"uid": "60686076", "content": "每次许下 崭新的愿望"}, {"uid": "60686076", "content": "♢•健気に笑う　痛い痛いの消える•♢"}, {"uid": "60686076", "content": "♢•レフトサイド　ライトサイド 歯をむき出して•♢"}, {"uid": "60686076", "content": "♢•無いのあなたにお願い一つ•♢"}, {"uid": "60686076", "content": "♢•先が見えないヴァージンハッピーショー•♢"}, {"uid": "60686076", "content": "♢•ユーヘイじゃ利口に難儀ダーリン•♢"}, {"uid": "60686076", "content": "幽闭 伶俐 在逝去之前"}, {"uid": "6591477", "content": "每日一遍！"}, {"uid": "60686076", "content": "♢•レフトサイド　ライトサイド 歯を突き出して•♢"}, {"uid": "60686076", "content": "♢•レフトサイド　ライトサイド 歯をむき出して•♢"}, {"uid": "60686076", "content": "♢•邪魔くさいね•♢"}, {"uid": "60686076", "content": "爱也依旧未变 Pickup的"}, {"uid": "60686076", "content": "狼狈不堪地死去 苦涩的回忆也随之消逝"}, {"uid": "60686076", "content": "♢•YOU ARE KING•♢"}, {"uid": "60686076", "content": "向新生的虚无 许下愿望"}, {"uid": "60686076", "content": "♢•だれもが願う無機質なような•♢"}, {"uid": "6591477", "content": "好诶！"}, {"uid": "6591477", "content": "每日一遍"}, {"uid": "60686076", "content": "♢•YOU ARE KING•♢"}, {"uid": "60686076", "content": "♢•愛も変わらずピックアップの•♢"}, {"uid": "60686076", "content": "♢•無様に○(し)ねる　苦い思いもなくなって•♢"}, {"uid": "60686076", "content": "向新生的虚无许下愿望"}, {"uid": "60686076", "content": "像是任何人都渴求的 无机物 那样"}, {"uid": "60686076", "content": "♢•勘弁にしといて　なんて惨忍•♢"}, {"uid": "6591477", "content": "好听！！！"}, {"uid": "402363910", "content": "好帅好帅好帅wwwww"}, {"uid": "60686076", "content": "♢•レフトサイド　ライトサイド 歯をむき出して•♢"}, {"uid": "60686076", "content": "坚强勇敢地微笑 那些疼痛都变得无影无踪"}, {"uid": "60686076", "content": "「HAHA」"}, {"uid": "60686076", "content": "Left side Right side 伸出獠牙"}, {"uid": "60686076", "content": "旁人所祈祷的 那零碎的讽刺"}, {"uid": "24157265", "content": "每个vber都要唱这个?"}, {"uid": "6591477", "content": "好帅！"}, {"uid": "5709033", "content": "来了来了——"}, {"uid": "60686076", "content": "真是碍事啊"}, {"uid": "60686076", "content": "Warning Warning"}, {"uid": "60686076", "content": "♢•毎度新たにお願い一つ•♢"}, {"uid": "60686076", "content": "满怀期待的 Darling"}, {"uid": "60686076", "content": "屏气凝神 深信不疑"}, {"uid": "60686076", "content": "♢•愛も変わらずおまけにワーニング　ワーニング•♢"}, {"uid": "60686076", "content": "想要 先行一步那样"}, {"uid": "60686076", "content": "你讨厌那个伶俐 真是个难题Darling"}, {"uid": "424733030", "content": "来力"}, {"uid": "371783403", "content": "姐就是女王"}, {"uid": "1879135770", "content": "有待加强啊，狂气没多少，面瘫挺明显"}, {"uid": "436197407", "content": "还意外的好听哎！"}, {"uid": "60686076", "content": "强强"}, {"uid": "5343740", "content": "听过的最可爱的哈哈，kwiiii"}, {"uid": "60686076", "content": "「HAHA」"}, {"uid": "60686076", "content": "Left side Right side 露出獠牙"}, {"uid": "60686076", "content": "深恶痛绝地 低声 哭泣 Down"}, {"uid": "60686076", "content": "看不到未来的 Virgin Happy Show"}, {"uid": "60686076", "content": "高抬贵手吧 真是残忍"}, {"uid": "60686076", "content": "幽闭 停止 我不知道啊"}, {"uid": "6591477", "content": "帅！"}, {"uid": "6591477", "content": "帅"}, {"uid": "5099797", "content": "\\桃星/\\桃星/\\桃星/"}, {"uid": "266999730", "content": "好听呜呜呜"}, {"uid": "28609326", "content": "好帅好苏"}, {"uid": "697960722", "content": "啊啊啊桃！"}, {"uid": "259230627", "content": "太帅了啊啊啊啊啊啊啊啊啊"}, {"uid": "60686076", "content": "♢•期待期待のダーリンダーリン•♢"}, {"uid": "60686076", "content": "真是羞耻啊"}, {"uid": "6591477", "content": "笑声我死了呜呜"}, {"uid": "60686076", "content": "桃桃桃桃我的桃桃"}, {"uid": "6591477", "content": "！！"}, {"uid": "38056389", "content": "我好早"}, {"uid": "38217828", "content": "来力来力"}, {"uid": "60686076", "content": "屏气敛息 深信不疑"}, {"uid": "60686076", "content": "♢•ワーニング　ワーニング•♢"}, {"uid": "60686076", "content": "爱也依旧未变 况且 Warning Warning"}, {"uid": "6591477", "content": "救命"}, {"uid": "6591477", "content": "！"}, {"uid": "6591477", "content": "好好听！"}, {"uid": "12717027", "content": "ohhhhh"}, {"uid": "34637188", "content": "宝你好帅啊啊啊！"}, {"uid": "27172536", "content": "热乎"}, {"uid": "5709033", "content": "kksk——"}, {"uid": "5709033", "content": "尾音好可爱！"}, {"uid": "402363910", "content": "好帅好帅好帅！"}, {"uid": "12976291", "content": "好帅"}, {"uid": "424733030", "content": "好耶"}]