[{"uid": "52707998", "content": "草"}, {"uid": "32974030", "content": "@吃素的狮子"}, {"uid": "1837673", "content": "太草了"}, {"uid": "1024607084", "content": "您直说就好 伙食费就拜托了"}, {"uid": "1024607084", "content": "意思就是 伙食费拜托大家了"}, {"uid": "53728904", "content": "卡其脱离太"}, {"uid": "11069011", "content": "哈哈哈哈哈哈哈哈哈哈哈哈"}, {"uid": "31281033", "content": "迪士尼在逃公主？？？"}, {"uid": "6036414", "content": "这是把打碎的杯子改面具了"}, {"uid": "3849388", "content": "哪种事情？你说清楚"}, {"uid": "401099828", "content": "草"}, {"uid": "1367653", "content": "兄啊，你该不会是以吵子哥的风格作为目标的吧"}, {"uid": "3015134", "content": "精神鉴定草"}, {"uid": "506467031", "content": "？？。？？"}, {"uid": "4900101", "content": "他逃，她们追，他插翅难飞"}, {"uid": "424733030", "content": "草"}, {"uid": "28674485", "content": "草 莫名喜欢"}, {"uid": "346802319", "content": "我也好麻"}, {"uid": "4111042", "content": "十级英语翻译"}, {"uid": "28698976", "content": "这边建议用过去时that was（狗头"}, {"uid": "445714861", "content": "草"}, {"uid": "240896556", "content": "你也是外星人？"}, {"uid": "57870268", "content": "yua：同行呀"}, {"uid": "346707128", "content": "我 被 骗 了"}, {"uid": "629692141", "content": "真的是一本正经的瞎说呐"}, {"uid": "629692141", "content": "好家伙，光明正大撸大猫猫！"}, {"uid": "481441556", "content": "我一人就是一个乐队.jpg"}, {"uid": "313725906", "content": "好帅的男人，但是我好麻"}, {"uid": "475826619", "content": "草"}, {"uid": "323549419", "content": "？？？"}, {"uid": "351729982", "content": "？？草"}, {"uid": "1621310", "content": "草"}, {"uid": "4149831", "content": "简简单单开个盒"}, {"uid": "48170913", "content": "啊啊啊啊可可可这个声音"}, {"uid": "302457062", "content": "？？？？梅开二度"}, {"uid": "302457062", "content": "？？？？？？？？"}, {"uid": "277788534", "content": "非常支持"}, {"uid": "12332430", "content": "草"}, {"uid": "45872690", "content": "？"}, {"uid": "1024607084", "content": "草 VR在逃新成员"}, {"uid": "450780625", "content": "草"}, {"uid": "424733030", "content": "草"}, {"uid": "346802319", "content": "草 还没投呢"}, {"uid": "442655618", "content": "草"}, {"uid": "6531436", "content": "？？？草"}, {"uid": "1024607084", "content": "？"}, {"uid": "1367653", "content": "草"}, {"uid": "38056389", "content": "不是吧小丑居然是买票的"}, {"uid": "22460464", "content": "草"}, {"uid": "481441556", "content": "I' m hungry right now."}, {"uid": "241259389", "content": "《He ran》"}, {"uid": "49160225", "content": "？？？"}, {"uid": "10404835", "content": "燃起来了"}, {"uid": "31903720", "content": "草"}, {"uid": "32318148", "content": "好耶"}, {"uid": "356001889", "content": "润了"}, {"uid": "266999730", "content": "唱歌好听！！"}, {"uid": "1024607084", "content": "草"}, {"uid": "65418468", "content": "小心福瑞控"}, {"uid": "519330139", "content": "哈哈哈"}, {"uid": "313725906", "content": "？？？"}, {"uid": "2182403", "content": "草"}, {"uid": "277788534", "content": "不相信"}, {"uid": "1024607084", "content": "？？"}, {"uid": "506467031", "content": "他跑了。"}, {"uid": "8251882", "content": "？"}, {"uid": "4761312", "content": "草草草"}, {"uid": "498239", "content": "他润了"}, {"uid": "307343425", "content": "不要停！"}, {"uid": "31444333", "content": "草"}, {"uid": "6531436", "content": "草"}, {"uid": "506467031", "content": "那个晚上"}, {"uid": "482095314", "content": "？？？？"}, {"uid": "5747003", "content": "歌势好耶"}, {"uid": "15416745", "content": "草"}, {"uid": "33192454", "content": "草"}, {"uid": "12976291", "content": "yatto"}, {"uid": "5747003", "content": "草"}, {"uid": "409580464", "content": "？草"}, {"uid": "6434260", "content": "？"}]