[{"uid": "431250445", "content": "kksk"}, {"uid": "431250445", "content": "好帅！"}, {"uid": "38217828", "content": "kksk "}, {"uid": "85474891", "content": "kksk"}, {"uid": "604939973", "content": "kksk"}, {"uid": "155636395", "content": "是这首！桃宝厉害耶"}, {"uid": "342270391", "content": "wwwkksk"}, {"uid": "37314441", "content": "桃宝！！好帅；；"}, {"uid": "12976291", "content": "kksk"}, {"uid": "34637188", "content": "桃宝发新歌啦！！！"}, {"uid": "2021131071", "content": "啊啊啊啊啊啊啊啊啊啊！！！！！！！！~~~~~~~~~~~"}]