[{"uid": "10064413", "content": "这大丈夫还不色你入土吧"}, {"uid": "2774760", "content": "经典hokahoka"}, {"uid": "30757160", "content": "突然罕见"}, {"uid": "450252042", "content": "桌子———！"}, {"uid": "364751473", "content": "又疯一个"}, {"uid": "237853214", "content": "自我攻略"}, {"uid": "223811341", "content": "这个不许爱了"}, {"uid": "223811341", "content": "观众人才"}, {"uid": "23742926", "content": "给你玩会了"}, {"uid": "628662136", "content": "哈哈哈哈哈，厉害了我的宝"}, {"uid": "28501896", "content": "让她玩明白了"}, {"uid": "4515283", "content": "突然恋爱"}, {"uid": "700934484", "content": "外 神 的 低 语"}, {"uid": "24746254", "content": "像螃蟹（能夹）"}, {"uid": "360307541", "content": "年龄突然拔地而起"}, {"uid": "442035520", "content": "力的作用是相互的"}, {"uid": "27034187", "content": "力的作用是相互的"}, {"uid": "25026651", "content": "声优专业是吧"}, {"uid": "12074638", "content": "这一嗓子中文把我虾尾了"}, {"uid": "15225041", "content": "草"}, {"uid": "15225041", "content": "桌子hp-10086"}, {"uid": "109344596", "content": "这个女人她太会了"}, {"uid": "71198738", "content": "妹啊，你这完全涩不起来啊"}, {"uid": "3804880", "content": "她太懂了"}, {"uid": "23880843", "content": "P话，明明是一起看么妹子的好兄弟"}, {"uid": "34607028", "content": "你吼辣么大声干什么嘛！"}, {"uid": "163713878", "content": "awsl"}, {"uid": "51202585", "content": "确实很绿茶的捏"}, {"uid": "19506352", "content": "请以实物为准"}, {"uid": "112719833", "content": "请以实物为准"}, {"uid": "11453613", "content": "“清楚”"}, {"uid": "1641301", "content": "最高伤害"}, {"uid": "1319850", "content": "东雪莲疯了"}, {"uid": "1319850", "content": "这就很绿茶"}, {"uid": "180126405", "content": "你谁啊？（）"}, {"uid": "222337584", "content": "她太懂了"}, {"uid": "193381982", "content": "他○的，我○，你○○谁啊"}, {"uid": "31996265", "content": "你好懂啊"}, {"uid": "171293757", "content": "缺少点BGM"}, {"uid": "109344596", "content": "不够涩！（大声）"}, {"uid": "8300580", "content": "哈哈哈哈哈"}, {"uid": "22765357", "content": "东雪莲：他○的，我○，你○○谁啊"}, {"uid": "7021272", "content": "哈哈哈哈哈哈哈"}, {"uid": "190154325", "content": "清楚（大嘘）"}, {"uid": "10313446", "content": "快快快快快快哈哈哈哈哈"}, {"uid": "790793", "content": "哈哈哈哈哈哈哈哈哈哈哈哈哈"}, {"uid": "671968", "content": "你好懂喔"}, {"uid": "630666745", "content": "古神咆哮"}, {"uid": "49801792", "content": "像罕见"}, {"uid": "223811341", "content": "《不是很明白》"}, {"uid": "23742926", "content": "柬埔寨"}, {"uid": "2514057", "content": "你钩八谁"}, {"uid": "482594302", "content": "我寄吧谁啊"}, {"uid": "291249238", "content": "你一大老爷们疼个啥"}, {"uid": "204108147", "content": "可爱可爱"}, {"uid": "14458191", "content": "看你吃瘪我开心"}, {"uid": "497520296", "content": "当然是钛合金辣"}, {"uid": "4130547", "content": "好兄弟"}, {"uid": "33491", "content": "少年音针不戳"}, {"uid": "11660144", "content": "哈哈哈哈哈"}, {"uid": "1357302", "content": "我们是贫农成分啊"}, {"uid": "8802110", "content": "完全没有涩起来啊"}, {"uid": "11453613", "content": "我们是比你胸还硬的铁anti("}, {"uid": "790793", "content": "哈哈哈哈哈哈哈"}, {"uid": "11020956", "content": "哈哈哈哈哈哈"}, {"uid": "390350989", "content": "wc你谁"}, {"uid": "9136361", "content": "像夹子"}, {"uid": "14961398", "content": "你○○谁啊"}, {"uid": "22765357", "content": "你○○谁啊"}, {"uid": "350633181", "content": "每天一遍"}, {"uid": "89116187", "content": "涩起来啊哦咩"}, {"uid": "12876", "content": "什么v什么粉草"}, {"uid": "174872030", "content": "这不是温柔大姐姐嘛（"}, {"uid": "202517", "content": "少年音好耶"}, {"uid": "11970914", "content": "你好会哦"}, {"uid": "27482684", "content": "很难不流汗"}, {"uid": "18226", "content": "哈哈哈哈哈哈"}, {"uid": "23111281", "content": "草"}, {"uid": "452515684", "content": "相互作用力"}, {"uid": "36769691", "content": "草"}, {"uid": "9437212", "content": "厉害了"}, {"uid": "438832999", "content": "蚌埠住了"}, {"uid": "30845762", "content": "哈哈哈"}, {"uid": "267765", "content": "？？？？"}, {"uid": "23562069", "content": "太懂了"}, {"uid": "51202585", "content": "胸口疼"}, {"uid": "790793", "content": "草（植物）死了"}, {"uid": "4130547", "content": "草"}, {"uid": "9131508", "content": "hp-10"}, {"uid": "351124820", "content": "罕见"}, {"uid": "1298644677", "content": "音量诉控"}, {"uid": "364821367", "content": "OK"}, {"uid": "223811341", "content": "哈哈哈"}, {"uid": "8028573", "content": "像大磨坊"}, {"uid": "514765837", "content": "你○○谁啊"}, {"uid": "544332690", "content": "我寄吧吧主"}, {"uid": "22228929", "content": "YUE了"}, {"uid": "4513326", "content": "卧槽"}, {"uid": "6413166", "content": "查成分是吧"}, {"uid": "40258316", "content": "你就不能多保持一会么"}, {"uid": "14458191", "content": "再拍钛合金是吧？"}, {"uid": "231515663", "content": "强"}, {"uid": "22006334", "content": "太懂了"}, {"uid": "5903881", "content": "草"}, {"uid": "52913620", "content": "哈哈哈哈哈"}, {"uid": "16019304", "content": "80了"}, {"uid": "267620", "content": "败犬hhhh"}, {"uid": "15596859", "content": "？"}, {"uid": "51202585", "content": "好强啊哥哥"}, {"uid": "438515263", "content": "这一段我爱了"}, {"uid": "7991044", "content": "醒醒"}, {"uid": "796668", "content": "草"}, {"uid": "5571115", "content": "结婚了"}, {"uid": "1071174901", "content": "要聋了"}, {"uid": "580140019", "content": "你○○谁啊"}, {"uid": "611619155", "content": "山本"}, {"uid": "692127297", "content": "很好很好很好"}, {"uid": "60166153", "content": "?"}, {"uid": "6413166", "content": "他寄吧吧主"}, {"uid": "14817", "content": "蚌埠住了"}, {"uid": "89802115", "content": "可爱"}, {"uid": "29312736", "content": "现在6w了"}, {"uid": "46034255", "content": "不够涩"}, {"uid": "8219014", "content": "草"}, {"uid": "19506352", "content": "什么V什么粉"}, {"uid": "131652679", "content": "awsll"}, {"uid": "790793", "content": "草"}, {"uid": "9131508", "content": "hp-8"}, {"uid": "288577083", "content": "热乎的"}, {"uid": "23742926", "content": "太会了"}, {"uid": "7023352", "content": "别夹了，爹要吐了"}, {"uid": "9340753", "content": "现在12w"}, {"uid": "16184661", "content": "？"}, {"uid": "470690359", "content": "像寄吧"}, {"uid": "398211891", "content": "？你寄吧谁啊"}, {"uid": "4130547", "content": "笑死"}, {"uid": "4130547", "content": "恶心心"}, {"uid": "23880843", "content": "这一段是真的败犬Lee"}, {"uid": "23562069", "content": "？"}, {"uid": "51202585", "content": "牛的"}, {"uid": "2639451", "content": "？"}, {"uid": "39204203", "content": "草"}, {"uid": "4813502", "content": "蚌埠住了"}, {"uid": "351731484", "content": "awsl"}, {"uid": "351731484", "content": "kksk"}, {"uid": "1833672213", "content": "大傻嗨"}, {"uid": "351124820", "content": "早该霸凌了"}, {"uid": "522027360", "content": "草"}, {"uid": "10064413", "content": "好了好了"}, {"uid": "386365179", "content": "老阿姨"}, {"uid": "271231724", "content": "你寄吧谁啊"}, {"uid": "14458191", "content": "确实!"}, {"uid": "30276335", "content": "像萨科可以了吧"}, {"uid": "29312736", "content": "我们是C H O N P S 组成的有机化合物和一部分无机物组合成的个体"}, {"uid": "47766839", "content": "え?"}, {"uid": "11660144", "content": "蚌埠住了"}, {"uid": "1548031", "content": "都是anti"}, {"uid": "344425257", "content": "OK"}, {"uid": "6775499", "content": "给自己贴金是吧"}, {"uid": "11329290", "content": "恶臭哼啊啊啊啊啊"}, {"uid": "2037200148", "content": "awsllllllllll"}, {"uid": "131652679", "content": "kksk"}, {"uid": "351731484", "content": "？？？？？"}, {"uid": "364821367", "content": "？"}, {"uid": "11660144", "content": "?"}, {"uid": "23362230", "content": "草"}, {"uid": "12891523", "content": "wwww"}, {"uid": "3587548", "content": "哈哈哈哈哈哈哈哈哈哈哈哈哈哈哈哈哈哈"}]