[{"uid": "1298644677", "content": "让他朋友倒立，他来洗头"}, {"uid": "10792679", "content": "情景剧天才是吧"}, {"uid": "20482446", "content": "黑恶势力"}, {"uid": "85120465", "content": "草"}, {"uid": "1716968", "content": "缺德啊"}, {"uid": "38568957", "content": "哈哈哈哈哈哈哈"}, {"uid": "106311575", "content": "笑死了"}, {"uid": "508734070", "content": "杀人诛心"}, {"uid": "18225027", "content": "因为是倒立，所以是洗下面的头"}, {"uid": "8262207", "content": "谢谢兄弟 车轱辘都吧我脸撵平了"}, {"uid": "6609157", "content": "草"}, {"uid": "78075936", "content": "莲宝真的太有才了。"}, {"uid": "19506352", "content": "我的天呐~"}, {"uid": "21418604", "content": "？？？？？？？？？？？"}, {"uid": "21418604", "content": "怪起来了"}, {"uid": "34481368", "content": "太混沌了"}, {"uid": "5166", "content": "怪了起来"}, {"uid": "5166", "content": "草"}, {"uid": "3377669", "content": "草"}, {"uid": "26066866", "content": "哈哈哈哈哈哈"}, {"uid": "7233432", "content": "？？？？"}, {"uid": "1425459", "content": "太混沌了"}, {"uid": "37051501", "content": "离谱"}, {"uid": "37051501", "content": "草"}, {"uid": "492236526", "content": "草"}, {"uid": "492236526", "content": "梦幻联动"}, {"uid": "85589092", "content": "此处应该改为，我已经忍了两个星期了"}, {"uid": "15854982", "content": "草"}, {"uid": "13677312", "content": "？"}, {"uid": "81027414", "content": "好快"}, {"uid": "12662897", "content": "洗头佬"}, {"uid": "19506352", "content": "这可..................."}]