[{"uid": "85462115", "content": "图片仅供参考 一切以实物为准"}, {"uid": "104449304", "content": "好可爱的立绘"}, {"uid": "595459953", "content": "你寄吧谁？"}, {"uid": "501197749", "content": "小兔崽子晚安!!"}, {"uid": "501197749", "content": "我是你爹"}, {"uid": "94275371", "content": "好听好听"}, {"uid": "478009147", "content": "让我康康"}, {"uid": "4422247", "content": "你姬芭谁啊  我车雷莲呢"}, {"uid": "524875425", "content": "莲宝的声音好听"}, {"uid": "1333206684", "content": "柬埔寨"}, {"uid": "189227947", "content": "車雪莲呢？"}, {"uid": "27074685", "content": "你寄吧谁啊"}, {"uid": "8923519", "content": "你寄吧谁？我车雷达呢？"}, {"uid": "397896801", "content": "我车雷达呢"}, {"uid": "4108985", "content": "认真唱还是很好听的嘛"}, {"uid": "123946301", "content": "热乎"}, {"uid": "188124122", "content": "？？？你谁？？？"}, {"uid": "98850345", "content": "我直接：嘿，老婆"}, {"uid": "229533166", "content": "好快"}, {"uid": "22154564", "content": "suki"}, {"uid": "1802114018", "content": "好听"}, {"uid": "404353327", "content": "誰？"}, {"uid": "544205798", "content": "可可爱爱车雷达"}, {"uid": "1223654643", "content": "车雪莲"}, {"uid": "4130547", "content": "这是谁"}, {"uid": "1842971925", "content": "4分钟"}, {"uid": "249059859", "content": "东雪花啊啊啊啊啊啊啊啊"}, {"uid": "7979798", "content": "你○○谁啊（狗头）"}, {"uid": "332137838", "content": "老婆，你谁？（doge）"}, {"uid": "36769691", "content": "清楚"}, {"uid": "14268936", "content": "你寄吧谁啊"}, {"uid": "494679229", "content": "六分钟"}, {"uid": "352913657", "content": "热乎"}, {"uid": "33549", "content": "谁"}, {"uid": "299344226", "content": "第一个"}, {"uid": "401722457", "content": "车雷达，我爱你。"}, {"uid": "27596895", "content": "可爱捏"}, {"uid": "438892258", "content": "这寄吧谁啊？"}, {"uid": "508651237", "content": "这谁啊？"}, {"uid": "16526552", "content": "你特么谁阿"}, {"uid": "210175091", "content": "你寄吧谁"}, {"uid": "494679229", "content": "六分钟"}, {"uid": "22270857", "content": "四分钟我有出息了"}, {"uid": "25569864", "content": "你寄吧谁啊？"}, {"uid": "1409457", "content": "可可爱爱"}, {"uid": "525811148", "content": "可爱，结婚 "}, {"uid": "453402043", "content": "你谁啊？"}, {"uid": "441431979", "content": "4分钟好耶"}, {"uid": "222337584", "content": "我的车雷达呢"}, {"uid": "498811554", "content": "你谁"}, {"uid": "1715362023", "content": "换人了？"}, {"uid": "70714556", "content": "东雪莲谁啊"}, {"uid": "65016604", "content": "你寄吧是谁啊，我的東雪莲呢"}, {"uid": "31514457", "content": "说，你不是車雷達，你到底是谁"}, {"uid": "353478541", "content": "你谁？"}, {"uid": "528159195", "content": "好耶"}, {"uid": "342103595", "content": "谁？"}, {"uid": "212533565", "content": "你谁"}, {"uid": "42781519", "content": "白色"}, {"uid": "498811554", "content": "谁？"}, {"uid": "222337584", "content": "可爱"}, {"uid": "12891523", "content": "可爱"}, {"uid": "139678764", "content": "骗谁呢"}, {"uid": "8587169", "content": "我想要做車雪莲的狗"}, {"uid": "365962760", "content": "你寄吧谁啊"}, {"uid": "81726642", "content": "你寄吧谁啊（）"}, {"uid": "14034876", "content": "好听"}, {"uid": "523008805", "content": "***"}, {"uid": "304735009", "content": "寄吧的好t"}, {"uid": "26392757", "content": "抱抱莲宝"}, {"uid": "510051808", "content": "你寄吧谁？"}, {"uid": "20155733", "content": "这玩意也就唱歌的时候正常一点"}, {"uid": "357916366", "content": "你寄吧谁啊"}, {"uid": "15375036", "content": "这是250度的东雪莲吗"}, {"uid": "46802794", "content": "柬埔寨好耶～"}, {"uid": "14034876", "content": "好耶"}, {"uid": "523008805", "content": "你机吧谁"}, {"uid": "5850765", "content": "你寄吧谁啊"}, {"uid": "7359933", "content": "你寄吧谁啊？"}, {"uid": "8587169", "content": "你寄吧谁啊"}, {"uid": "382544688", "content": "你寄吧是谁啊，我的東雪莲呢"}, {"uid": "16935080", "content": "可可爱爱东雪莲"}, {"uid": "9840147", "content": "？？？你是谁"}, {"uid": "524692083", "content": "你寄吧谁啊"}, {"uid": "400396227", "content": "你寄吧谁呀你"}, {"uid": "38533407", "content": "够罕见"}, {"uid": "229533166", "content": "谁？"}, {"uid": "523008805", "content": "****************"}, {"uid": "841608", "content": "你寄吧谁啊"}, {"uid": "628247487", "content": "你寄吧谁啊，我爹哪里去了"}, {"uid": "23710385", "content": "柬埔寨被盗号了"}, {"uid": "289889108", "content": "你寄吧谁啊"}, {"uid": "515962374", "content": "你基吧谁呀"}, {"uid": "61116929", "content": "你寄吧谁呀？"}, {"uid": "35615585", "content": "卧槽，莲！"}, {"uid": "35615585", "content": "我超，莲！"}, {"uid": "33056099", "content": "这不是柬埔寨"}, {"uid": "482548134", "content": "没了"}]