[{"uid": "161636725", "content": "bba。。。师匠举起了双枪"}, {"uid": "399678551", "content": "谨防新型网络诈骗"}, {"uid": "399678551", "content": "最后一次警告，把监控器给我摘了！"}, {"uid": "174394415", "content": "太屑了"}, {"uid": "522027360", "content": "懂了"}, {"uid": "434729544", "content": "哈哈哈哈哈哈哈"}, {"uid": "434729544", "content": "都给她玩明白了"}, {"uid": "434729544", "content": "你好懂啊"}, {"uid": "51239181", "content": "我怀疑1800是日元显示（"}, {"uid": "34179798", "content": "草（屑女人得寸进尺doge）"}, {"uid": "34179798", "content": "确实"}, {"uid": "35742423", "content": "草"}, {"uid": "43123421", "content": "666"}, {"uid": "4985413", "content": "是的！（秒答）"}, {"uid": "75835002", "content": "。。。"}, {"uid": "51239181", "content": "哈哈哈哈哈23"}, {"uid": "31804554", "content": "警防新型网络诈骗"}, {"uid": "291210746", "content": "sodayo"}, {"uid": "402165004", "content": "哈哈哈哈哈哈哈哈"}, {"uid": "401099828", "content": "草"}, {"uid": "401099828", "content": "还是原来的配方，还是熟悉的味道"}, {"uid": "415382982", "content": "第二个确实免费"}, {"uid": "2881638", "content": "居然真的有人信！"}, {"uid": "305914266", "content": "再 放 送"}, {"uid": "382308462", "content": "疯狂暗示doge"}, {"uid": "189755914", "content": "明抢"}, {"uid": "323953409", "content": "优美的祖国话"}, {"uid": "389880", "content": "草"}, {"uid": "473125214", "content": "是138不是一千八嗷 錘一下校对​"}, {"uid": "430176789", "content": "得想个办法骗她"}, {"uid": "430176789", "content": "哈哈哈哈"}, {"uid": "289843132", "content": "把自己绕进去了"}, {"uid": "14143833", "content": "我蚌埠住了"}, {"uid": "36592674", "content": "请继续骂我！"}, {"uid": "34460", "content": "退款三连"}, {"uid": "3970880", "content": "嗯？？？老活新整"}, {"uid": "7991044", "content": "警惕新型网络诈骗"}, {"uid": "34179798", "content": "草"}, {"uid": "51239181", "content": "叔叔派来的卧底"}, {"uid": "454725641", "content": "老活新整"}, {"uid": "100816504", "content": "叔叔好"}, {"uid": "10650378", "content": "草"}, {"uid": "344946909", "content": "bba"}]