[{"uid": "214689460", "content": "暴露本性想吃人了是吧"}, {"uid": "223811341", "content": "僵尸吃掉了你的脑子"}, {"uid": "419319527", "content": "终于暴露原型，准备要吃人了吗？"}, {"uid": "261107019", "content": "我直接笑嘻了"}, {"uid": "74150713", "content": "满脸口水"}, {"uid": "11018261", "content": "你正常点 我害怕"}, {"uid": "86458", "content": "脑髓吸食"}, {"uid": "937826", "content": "开幕雷击"}, {"uid": "244267557", "content": "脑浆都得吸干"}, {"uid": "265501", "content": "亲亲！"}, {"uid": "4539726", "content": "脑髓吸食"}, {"uid": "4461236", "content": "muamua"}, {"uid": "36769691", "content": "你别过来啊"}, {"uid": "3970880", "content": "？？？"}, {"uid": "364821367", "content": "好恐怖"}, {"uid": "522323085", "content": "灵魂吸吮"}, {"uid": "242241190", "content": "？？？？"}, {"uid": "389880", "content": "？？？？？？？？？？"}, {"uid": "364821367", "content": "好恐怖"}, {"uid": "31514457", "content": "尼玛"}, {"uid": "455007726", "content": "草"}, {"uid": "24531252", "content": "mua"}, {"uid": "411706135", "content": "什么铸币"}, {"uid": "244267557", "content": "啊这，wc"}, {"uid": "433145766", "content": "？？？？"}, {"uid": "390167458", "content": "awsl"}, {"uid": "370846568", "content": "吃寄吧是吧"}, {"uid": "364821367", "content": "？？？？？？？？？？？？？？？？"}, {"uid": "42559454", "content": "？？？？？？？？？？？？？？？？"}]