[{"uid": "102785958", "content": "草 这个BGM！！"}, {"uid": "668666835", "content": "榜自己一"}, {"uid": "455722183", "content": "我耳朵啊啊啊啊啊啊！"}, {"uid": "41854421", "content": "捏？东雪莲是嘉心糖是吧"}, {"uid": "662893175", "content": "耳机党表示死亡"}, {"uid": "400720024", "content": "O"}, {"uid": "473259998", "content": "这样子真是够罕见的"}, {"uid": "170153631", "content": "夠罕见"}, {"uid": "33919342", "content": "女粉竟是我自己"}, {"uid": "451037219", "content": "哦嗨哟～～～！"}, {"uid": "16501019", "content": "超管:听你这么说，你很勇哦?"}, {"uid": "222337584", "content": "哈哈哈哈哈哈哈哈"}, {"uid": "11193090", "content": "哈哈哈哈，打钱"}, {"uid": "15879510", "content": "来了莲宝来了莲宝!"}, {"uid": "11617693", "content": "罕见"}, {"uid": "2102135", "content": "超管能忍？"}, {"uid": "277811443", "content": "绷不住了"}, {"uid": "9172044", "content": "家乡的话"}, {"uid": "9172044", "content": "大佐在左右横跳属于是"}, {"uid": "5629692", "content": "差点给我送走"}, {"uid": "14916621", "content": "哈哈哈哈哈"}, {"uid": "398495933", "content": "对于超管来说不需要给你提示，直接断掉就行。"}, {"uid": "247829", "content": "？？？？？"}, {"uid": "526203216", "content": "审核看见这个ID就已经过了"}, {"uid": "94218353", "content": "好家伙"}, {"uid": "94218353", "content": "？？？？？"}, {"uid": "94218353", "content": "哈哈哈哈哈"}, {"uid": "2955391", "content": "语言重组失败"}, {"uid": "404333864", "content": "传统艺能"}, {"uid": "294721736", "content": "草（一种植物）"}, {"uid": "386845290", "content": "超管:习以为常"}, {"uid": "32484931", "content": "不至于不至于"}, {"uid": "1760695329", "content": "我亲我自己"}, {"uid": "1244046175", "content": "woc，吓死我了"}, {"uid": "1244046175", "content": "超管：你好像很勇呢？！"}, {"uid": "175763345", "content": "吃橘子"}, {"uid": "36399239", "content": "大家总是在这种时候出奇的团结"}, {"uid": "646252006", "content": "图片仅供参考，与实物不符"}, {"uid": "517467445", "content": "开幕雷击"}, {"uid": "241294827", "content": "《凭什么》"}, {"uid": "248877799", "content": "哈哈哈哈哈"}, {"uid": "38270000", "content": "卷自己"}, {"uid": "165824369", "content": "这是假酒喝多了？还是没睡醒"}, {"uid": "33314730", "content": "你超勇哦"}, {"uid": "290537570", "content": "试图把我激怒"}, {"uid": "5629692", "content": "我的耳朵"}, {"uid": "3587548", "content": "？？？？？"}, {"uid": "8254614", "content": "救命"}, {"uid": "144010496", "content": "草，是lbg"}, {"uid": "8300580", "content": "哈哈哈哈哈哈"}, {"uid": "12168903", "content": "反复横跳"}, {"uid": "388670478", "content": "56分钟凉了"}, {"uid": "70911356", "content": "哈哈哈哈哈"}, {"uid": "343157107", "content": "热乎的"}, {"uid": "406077010", "content": "17分钟烫嘴"}, {"uid": "643801291", "content": "(눈_눈)"}, {"uid": "15913449", "content": "哈哈哈哈哈"}, {"uid": "2094594556", "content": "好家伙"}, {"uid": "354135260", "content": "哈哈哈哈哈哈"}, {"uid": "178442859", "content": "哈哈哈哈哈哈哈哈哈哈、"}, {"uid": "191453668", "content": "流利的霓虹语"}, {"uid": "142652497", "content": "？？？？？？？？"}, {"uid": "94218353", "content": "哈哈哈哈哈哈哈"}, {"uid": "23762888", "content": "h'h哈哈哈哈"}, {"uid": "404333864", "content": "图片仅供参考请以实物为准"}, {"uid": "1244046175", "content": "我的耳朵啊！"}, {"uid": "241294827", "content": "笑死"}, {"uid": "431330978", "content": "克嘛"}, {"uid": "1779586", "content": "++-"}, {"uid": "81132653", "content": "哈哈哈哈"}, {"uid": "9172044", "content": "家乡的话"}, {"uid": "3587548", "content": "笑嘻辽"}, {"uid": "494647086", "content": "太狂了"}, {"uid": "1244046175", "content": "哈哈哈哈哈"}, {"uid": "599270299", "content": "50分钟"}, {"uid": "38085845", "content": "热乎的"}, {"uid": "389436289", "content": "¿¿"}, {"uid": "10162553222", "content": "哈哈哈哈哈哈哈哈"}, {"uid": "69311375", "content": "24分钟凉了"}, {"uid": "1598477", "content": "哈哈哈哈哈哈哈"}, {"uid": "1779586", "content": "+"}, {"uid": "95437857", "content": "+"}, {"uid": "70911356", "content": "笑死"}, {"uid": "526745187", "content": "热乎"}, {"uid": "22084610", "content": "笑死"}, {"uid": "8300580", "content": "哈哈哈哈哈哈"}, {"uid": "275593997", "content": "2分钟"}, {"uid": "104513322", "content": "？？？"}, {"uid": "668666835", "content": "啊这"}, {"uid": "668666835", "content": "？？？？？？？？？？？？？？"}, {"uid": "668666835", "content": "被掐了"}, {"uid": "8520067", "content": "给自己上舰 似曾相识"}, {"uid": "448324355", "content": "……"}, {"uid": "448324355", "content": "？？？？？？？"}, {"uid": "288353222", "content": "要聋了"}, {"uid": "12048905", "content": "啥   贝塔"}, {"uid": "474034432", "content": "勾♂引"}, {"uid": "1943918071", "content": "耳机党当场炸裂"}, {"uid": "513738106", "content": "耳机党当场暴毙"}, {"uid": "348648444", "content": "花钱买骂"}, {"uid": "162552121", "content": "把超管也拉下水"}, {"uid": "62072633", "content": "ki木鸡哇路易"}, {"uid": "12845862", "content": "什么人格分裂"}, {"uid": "422192", "content": "没有了 谢谢"}, {"uid": "310331803", "content": "听得见吗，这样的声音大小合适吗？听得见吗。"}, {"uid": "10064413", "content": "原地TP"}, {"uid": "320007508", "content": "？"}, {"uid": "27380482", "content": "？？？"}, {"uid": "364821367", "content": "？？？？？？？？？？？？"}, {"uid": "486986576", "content": "草"}, {"uid": "22307582", "content": "什么牛马"}, {"uid": "521307482", "content": "？"}, {"uid": "272912036", "content": "你吼辣么大声干什么嘛"}, {"uid": "354135260", "content": "草"}, {"uid": "110651489", "content": "耳机党当场暴毙"}, {"uid": "182769630", "content": "饥饿营销 牛蛙"}, {"uid": "13891137", "content": "？？？？？？？什么电子宠物"}, {"uid": "403302861", "content": "B站赚了"}, {"uid": "28573281", "content": "？？"}, {"uid": "15608420", "content": "皮鞭沾糖水是吧"}, {"uid": "223811341", "content": "响度战争"}, {"uid": "41059103", "content": "谁？"}, {"uid": "11193090", "content": "给钱也是傻狗的意思吗"}, {"uid": "66504140", "content": "你吼那么大声干嘛？半夜三更别人以为我在杀猪…"}, {"uid": "247367482", "content": "经典自刎"}, {"uid": "8904253", "content": "是大锅（哥）"}, {"uid": "273402505", "content": "草"}, {"uid": "331390111", "content": "？？？"}, {"uid": "331390111", "content": "？？？"}, {"uid": "234062556", "content": "原 地 T P"}, {"uid": "3057254", "content": "贱不贱呐，真的太贱了"}, {"uid": "200327457", "content": "生出你的寄吧啊"}, {"uid": "1150544371", "content": "草"}, {"uid": "354135260", "content": "草草草草草草草草草"}, {"uid": "284646228", "content": "抱歉，我家水壶开了"}, {"uid": "13923038", "content": "雀食"}, {"uid": "13923038", "content": "大点声，没吃饭吗？"}, {"uid": "11392380", "content": "自吻"}, {"uid": "628247487", "content": "杀人啊，吼那么大声"}, {"uid": "628247487", "content": "你谁啊"}, {"uid": "9172044", "content": "说出母语了属于是"}, {"uid": "219027836", "content": "纯纯的啥b了属于是"}, {"uid": "10458057", "content": "很高兴以这种方式认识你"}, {"uid": "5629692", "content": "我去"}, {"uid": "5629692", "content": "闻闻我的jio"}, {"uid": "8588499", "content": "这○○谁啊"}, {"uid": "200327457", "content": "可不就是嘛"}, {"uid": "3587548", "content": "弹幕东雪花给车雷莲上舰笑死了"}, {"uid": "178442859", "content": "？？？？？？？？？？？？？"}, {"uid": "314840710", "content": "笑死了"}, {"uid": "2514057", "content": "谁？"}, {"uid": "503487797", "content": "你的B一定很N吧"}, {"uid": "355340140", "content": "？？？"}, {"uid": "37596", "content": "？？？"}, {"uid": "318620218", "content": "好家伙为什么我关注你的时候才千粉丝，现在的雪莲已经13万粉丝了"}, {"uid": "287547086", "content": "你吼辣么大声干嘛"}, {"uid": "1695045", "content": "我不是很懂这些，我是特么太懂这些了"}, {"uid": "475552457", "content": "japs"}, {"uid": "255162", "content": "我聋了"}, {"uid": "255162", "content": "屑女人"}, {"uid": "22255967", "content": "草"}, {"uid": "71339412", "content": "。"}, {"uid": "291032", "content": "奈姬niki：你再骂"}, {"uid": "473359553", "content": "花钱挨骂"}, {"uid": "12262543", "content": "有快手内味了"}, {"uid": "366535468", "content": "草"}, {"uid": "587264311", "content": "聋了"}, {"uid": "587264311", "content": "聋了"}, {"uid": "115046881", "content": "美妙的国骂"}, {"uid": "32974431", "content": "草"}, {"uid": "481960899", "content": "？"}, {"uid": "494647086", "content": "秀↑"}, {"uid": "494647086", "content": "你是不是瞎~"}, {"uid": "4530718", "content": "不懂就问 这是电棍的皮套吗"}, {"uid": "10162553222", "content": "hso"}, {"uid": "94218353", "content": "好骂！"}, {"uid": "500382500", "content": "我在我弟面前社死了"}, {"uid": "8254614", "content": "草"}, {"uid": "8254614", "content": "什么鬼东西www"}, {"uid": "404272", "content": "？？？？？"}, {"uid": "9869881", "content": "耳机党猝死"}, {"uid": "23762888", "content": "草草"}, {"uid": "23762888", "content": "哈哈哈哈哈"}, {"uid": "23762888", "content": "草"}, {"uid": "2271035", "content": "付费挨骂"}, {"uid": "2271035", "content": "草"}, {"uid": "404333864", "content": "我谢我自己"}, {"uid": "437685947", "content": "秒变脸"}, {"uid": "20626868", "content": "你寄吧谁啊，你能勾鬼差不多"}, {"uid": "669782851", "content": "我OO自己 有点勇啊"}, {"uid": "291240470", "content": "自吻"}, {"uid": "10286763", "content": "你吼那么大声干什么"}, {"uid": "10286763", "content": "超管寄吧谁啊"}, {"uid": "10286763", "content": "好骂"}, {"uid": "87242246", "content": "虾～"}, {"uid": "87242246", "content": "聋了"}, {"uid": "11717697", "content": "?"}, {"uid": "8300580", "content": "太草了"}, {"uid": "2465450", "content": "？"}, {"uid": "294936549", "content": "你寄吧谁"}, {"uid": "8300580", "content": "草"}, {"uid": "344146250", "content": "yysy，这片尾ai了"}, {"uid": "51281740", "content": "好家伙，整这给b站交份子钱呢"}, {"uid": "70714556", "content": "？？"}, {"uid": "37004207", "content": "笑嘻了"}, {"uid": "361684314", "content": "你脸红个泡泡茶壶"}, {"uid": "32642387", "content": "他都能回你听不见你怎么这么傻啊？"}, {"uid": "768171", "content": "delay no more"}, {"uid": "157635278", "content": "你寄吧谁啊"}, {"uid": "313033747", "content": "脱口而出"}, {"uid": "482028987", "content": "没有"}, {"uid": "482028987", "content": "你寄吧谁啊"}, {"uid": "283610124", "content": "？？？？？？？？？？？？？？"}, {"uid": "425357552", "content": "我○女粉     给我上了榜一"}, {"uid": "1760695329", "content": "新型网络诈骗"}, {"uid": "1760695329", "content": "前方声音调大"}, {"uid": "1244046175", "content": "啊这"}, {"uid": "11851976", "content": "可爱捏"}, {"uid": "39982756", "content": "乐了"}, {"uid": "65409195", "content": "这个怎么过的审啊 我的天"}, {"uid": "402739191", "content": "半小时，没凉透"}, {"uid": "70911356", "content": "笑嘻了"}, {"uid": "26568301", "content": "柬埔寨就是超管诱捕器"}, {"uid": "70911356", "content": "X管"}, {"uid": "241294827", "content": "你寄吧谁啊"}, {"uid": "26944429", "content": "你寄吧谁啊"}, {"uid": "6350097", "content": "？？"}, {"uid": "26944429", "content": "谁？"}, {"uid": "1760695329", "content": "？"}, {"uid": "3918868", "content": "你很勇哦！"}, {"uid": "1760695329", "content": "草"}, {"uid": "241294827", "content": "大草"}, {"uid": "1760695329", "content": "?"}, {"uid": "36769691", "content": "牛头人"}, {"uid": "3918868", "content": "jio"}, {"uid": "241294827", "content": "思考并组织语言"}, {"uid": "241294827", "content": "m语言"}, {"uid": "8923519", "content": "你吼辣么大声干什么嘛"}, {"uid": "12298752", "content": "五分钟，热乎的"}, {"uid": "23936900", "content": "b语言"}, {"uid": "15517837", "content": "耳朵炸了"}, {"uid": "111137700", "content": "你后辣妈大声干什么嘛!"}, {"uid": "111137700", "content": "?"}, {"uid": "23936900", "content": "这翻脸跟翻书似的"}, {"uid": "668666835", "content": "？？？？？？？？？？？？？？？？？？？？？？？？？？？？？？？？？？？？？？？？？？？？？？？？？？？？？？？？？？？？？？？？？？？？？？？？？？？？？？"}, {"uid": "282448239", "content": "滚滚滚滚滚滚滚滚滚滚滚滚滚滚滚滚滚滚滚滚滚滚滚滚滚滚滚滚滚滚"}, {"uid": "297525184", "content": "没有活谁给你刷礼物没有活谁给你刷礼物"}, {"uid": "402222340", "content": "为什么这种东西都能有十几万粉？看不懂b站的审美了"}, {"uid": "3587548", "content": "哈哈哈哈哈哈哈哈哈哈哈哈哈哈哈哈"}, {"uid": "213832879", "content": "哈哈哈红红火火恍恍惚惚哈哈哈哈"}, {"uid": "112404560", "content": "。。。。。。。。。。。。。。。。。。。。。。。"}, {"uid": "69206731", "content": "啥b"}]