[{"uid": "580140019", "content": "绿色"}, {"uid": "1298644677", "content": "你咋不脱（doge）"}, {"uid": "10064413", "content": "不许染！"}, {"uid": "364751473", "content": "四川非遗文化"}, {"uid": "531397293", "content": "外国人讲语文？"}, {"uid": "237853214", "content": "果断绿色"}, {"uid": "223811341", "content": "绿色代表剧毒"}, {"uid": "223811341", "content": "奶茶色是什么色"}, {"uid": "223811341", "content": "我在地心"}, {"uid": "516276979", "content": "别做了，伤身体"}, {"uid": "203493072", "content": "你这个b到底是哪的人"}, {"uid": "203493072", "content": "你这个吧"}, {"uid": "162950240", "content": "绿的"}, {"uid": "32178924", "content": "阿巴顿黑都来了，联想刀斯林"}, {"uid": "10879866", "content": "白毛不香吗？"}, {"uid": "1860038296", "content": "胶佬家有"}, {"uid": "1860038296", "content": "绿色得染头发上"}, {"uid": "2909394", "content": "银色"}, {"uid": "504467225", "content": "紫色，#202134那种"}, {"uid": "12662897", "content": "灰指甲草"}, {"uid": "95425899", "content": "吸血鬼，黑色"}, {"uid": "31392201", "content": "然后问你你怎么这么懂"}, {"uid": "351733835", "content": "冲国人不会背叛自己的xp"}, {"uid": "351733835", "content": "白色"}, {"uid": "19219", "content": "草"}, {"uid": "1942253448", "content": "我在大气层"}, {"uid": "30925196", "content": "在地下十八层"}, {"uid": "4458870", "content": "绿色"}, {"uid": "4458870", "content": "又不是没见过"}, {"uid": "29312736", "content": "绿色这个不用多说"}, {"uid": "29312736", "content": "认识你的妈"}, {"uid": "29312736", "content": "五彩斑斓到极致确实是黑的"}, {"uid": "29312736", "content": "随便了"}, {"uid": "351802829", "content": "绿色"}, {"uid": "180336025", "content": "“诶，这么在意我的看法吗”"}, {"uid": "8254614", "content": "我靠我竟然想对了"}, {"uid": "15568897", "content": "黑色（即答"}, {"uid": "15568897", "content": "送命题"}, {"uid": "249582751", "content": "她急了她急了"}, {"uid": "6624799", "content": "我要把这玩意染成绿的.jpg"}, {"uid": "5564749", "content": "燃 烧 你 的 梦"}, {"uid": "39219543", "content": "妊娠囊代码"}, {"uid": "39219543", "content": "乳酸钠丹麦"}, {"uid": "1641301", "content": "我想把这玩意染成绿的"}, {"uid": "1641301", "content": "燃烧你的梦"}, {"uid": "3500192", "content": "为什么你会那么清楚啊？？"}, {"uid": "383929692", "content": "你没卡，莲宝蚌埠住了"}, {"uid": "34403114", "content": "白毛不香吗"}, {"uid": "34403114", "content": "突然正常"}, {"uid": "34403114", "content": "爽起来了？"}, {"uid": "39104123", "content": "认 识 你 的 美"}, {"uid": "7752926", "content": "这个问题的答案必须是绿色"}, {"uid": "220300782", "content": "？？？？"}, {"uid": "108163108", "content": "啊这"}, {"uid": "11159754", "content": "？？？？"}, {"uid": "230149088", "content": "我想把这玩意染成绿的"}, {"uid": "295135", "content": "白色"}, {"uid": "100816504", "content": "蚌埠住了"}, {"uid": "286284470", "content": "kksk"}, {"uid": "45029989", "content": "绿色"}, {"uid": "191067342", "content": "kksk"}, {"uid": "191067342", "content": "老磨刀人了"}, {"uid": "191067342", "content": "好家伙，全是最佳答案"}, {"uid": "191067342", "content": "凭实力单身"}, {"uid": "191067342", "content": "三 重 爱 恋 （错乱"}, {"uid": "34481368", "content": "字正腔圆"}, {"uid": "12543074", "content": "你吼那么大声干嘛嘛！？"}, {"uid": "22331103", "content": "都有哪些颜色阿"}, {"uid": "397052179", "content": "哈哈哈哈哈哈哈"}, {"uid": "66604039", "content": "绿色"}, {"uid": "73139361", "content": "铁绿色"}, {"uid": "397139765", "content": "2333"}, {"uid": "457221149", "content": "可爱"}, {"uid": "34403114", "content": "川剧变脸"}, {"uid": "96413663", "content": "好啊来就来（doge）"}, {"uid": "229863512", "content": "我刘路啊"}, {"uid": "237853214", "content": "人 生 那 么 短"}, {"uid": "223811341", "content": "太麻烦了，不谈了"}, {"uid": "203493072", "content": "有这闲钱不和我去网吧征战峡谷吗"}, {"uid": "1942253448", "content": "我在臭氧层"}, {"uid": "36180732", "content": "那干脆不要做了"}, {"uid": "872810", "content": "？？？？？？"}, {"uid": "3500192", "content": "woc？？字正腔圆的四川话？居然是个四川娃娃？？"}, {"uid": "219557572", "content": "绿色，老妖婆"}, {"uid": "3182442", "content": "噔 噔 咚"}, {"uid": "400785204", "content": "干......"}, {"uid": "11453613", "content": "变脸("}, {"uid": "11159754", "content": "2333"}, {"uid": "1609635", "content": "都是anti了~"}, {"uid": "550508829", "content": "班里同学都是被女生打，命太苦了，日子不好过。"}, {"uid": "19219", "content": "好啊，来呀，你也脱啊"}, {"uid": "191067342", "content": "气出四川话（"}, {"uid": "402165004", "content": "吡罗红"}, {"uid": "1609635", "content": "hhhhhhhhhh1"}, {"uid": "66604039", "content": "懂了，做个灰指甲"}, {"uid": "2683721", "content": "........."}, {"uid": "223811341", "content": "不好玩"}, {"uid": "661119872", "content": "关我什么事？"}, {"uid": "93233427", "content": "你说这个谁懂啊"}, {"uid": "412915139", "content": "认识你的美"}, {"uid": "178142367", "content": "草草草"}, {"uid": "1557718", "content": "爽起来了"}, {"uid": "214549766", "content": "啊？哦。我就这样回应同学的。"}, {"uid": "3377669", "content": "？？？？"}, {"uid": "36095600", "content": "气出四川话"}, {"uid": "223811341", "content": "建议红色"}, {"uid": "14462903", "content": "182万粉丝"}, {"uid": "37971766", "content": "草"}, {"uid": "872810", "content": "哈哈哈哈哈哈哈哈哈哈哈"}, {"uid": "507947803", "content": "（？）"}, {"uid": "373571", "content": "邪能指甲"}, {"uid": "108163108", "content": "雅"}, {"uid": "100816504", "content": "rnm退钱！"}, {"uid": "402165004", "content": "az，那我也就不装了啊"}, {"uid": "24996702", "content": "哈哈哈"}, {"uid": "34248392", "content": "跟你开个玩笑，你当真干什么，你是不是玩不起"}, {"uid": "14369002", "content": "白色"}, {"uid": "343693451", "content": "米黄色"}, {"uid": "4458870", "content": "做什么指甲，浪费钱"}, {"uid": "442050458", "content": "草"}, {"uid": "83203094", "content": "灰指甲笑死我了"}, {"uid": "36180732", "content": "你这说的谁懂啊"}, {"uid": "507947803", "content": "《》"}, {"uid": "9131508", "content": "好渣啊"}, {"uid": "13994651", "content": "草"}, {"uid": "37051501", "content": "五光十色的白"}, {"uid": "11453613", "content": "好啊，你又看不见"}, {"uid": "402165004", "content": "？？？"}, {"uid": "10007226", "content": "草"}, {"uid": "5853147", "content": "别尬黑 豆沙绿的美甲还挺好看的"}, {"uid": "2229105", "content": "这是四川话？"}, {"uid": "872810", "content": "kimo"}, {"uid": "37051501", "content": "草"}, {"uid": "23113844", "content": "甲基绿"}, {"uid": "5596982", "content": "可以吗？"}, {"uid": "1859960", "content": "好前!"}, {"uid": "85481134", "content": "好前好前"}, {"uid": "33732600", "content": "透明"}, {"uid": "1298644677", "content": "镶嵌"}, {"uid": "438832999", "content": "？"}, {"uid": "18653637", "content": "宜宾？"}, {"uid": "286474220", "content": "？"}, {"uid": "32824727", "content": "原色"}, {"uid": "39104123", "content": "草"}, {"uid": "402165004", "content": "我一眼就看懂什么意思了，我是不是祖安毕业了"}, {"uid": "305099", "content": "？"}, {"uid": "73139361", "content": "????"}, {"uid": "106311575", "content": "笑死"}, {"uid": "40693947", "content": "RNM，退钱!"}, {"uid": "393618893", "content": "人生难得吗"}, {"uid": "66604039", "content": "做不做都丑，剁了吧"}]