[{"uid": "171692173", "content": "你这种情况确实挺罕见的，还属狗"}, {"uid": "413311040", "content": "这又是哪个丧尸开大啊，夜魔了属于是"}, {"uid": "222293677", "content": "事罕见（即答"}, {"uid": "32744360", "content": "狗罕见"}, {"uid": "291314182", "content": "是罕见"}, {"uid": "427770397", "content": "这个再大点至少是大佐级别的"}, {"uid": "13746724", "content": "佐迪亚克？"}, {"uid": "431068597", "content": "嚯嚯，真是让人看扁了呀"}, {"uid": "431068597", "content": "自  我  介  绍"}, {"uid": "422192", "content": "没过生日"}, {"uid": "153338083", "content": "生吃个人"}, {"uid": "153338083", "content": "这么拉（伸）了"}, {"uid": "153338083", "content": "哈哈哈"}, {"uid": "7798530", "content": "wc 大司马附体了么这是"}, {"uid": "31514457", "content": "吃人啦"}, {"uid": "364821367", "content": "《我不属狗》"}, {"uid": "345565365", "content": "什么寄吧（翻译"}, {"uid": "37513210", "content": "组长：这是我没有想到的"}, {"uid": "37513210", "content": "这叫恨铁不成钢"}, {"uid": "434322012", "content": "就尼玛离谱，同样的折磨我收两次"}, {"uid": "434322012", "content": "耳机党当场去世"}, {"uid": "183566442", "content": "雪莲胖了"}, {"uid": "9044072", "content": "发动机打不着火"}, {"uid": "23309308", "content": "一口能把头咬掉"}, {"uid": "52685987", "content": "小嘴真甜"}, {"uid": "415235253", "content": "耳机党当场去世。"}, {"uid": "662781220", "content": "烧水壶是吧"}, {"uid": "644217774", "content": "莫名猪叫，woc"}, {"uid": "6753382", "content": "草未成年"}, {"uid": "488843856", "content": "不是，雪莲是什么时候生日"}, {"uid": "32872712", "content": "蜡笔小新是吧"}, {"uid": "356758357", "content": "蒸汽机是吧"}, {"uid": "21325242", "content": "烧 水 壶"}, {"uid": "319887258", "content": "夜鸟在大气层"}, {"uid": "499668391", "content": "好嘞，小妹妹。"}, {"uid": "290673497", "content": "小孩子才做选择题，东雪莲全都要"}, {"uid": "252297342", "content": "嘴好臭呀"}, {"uid": "401549563", "content": "《出  口  成  章》"}, {"uid": "31286105", "content": "水壶开了，草"}, {"uid": "269405291", "content": "《我是狗》"}, {"uid": "44110581", "content": "这脑袋好像让大锤咂了"}, {"uid": "3550380", "content": "音量诉讼！"}, {"uid": "351523123", "content": "哥，用不用垫个馒头，如果不垫的话我吃了。"}, {"uid": "21240747", "content": "前辈，suki!"}, {"uid": "6971266", "content": "你就是吞噬秦川的埃尔德里奇？"}, {"uid": "228494532", "content": "能一口吃下去为什么要折磨啊doge"}, {"uid": "6819689", "content": "好开心呐hhh"}, {"uid": "508437043", "content": "本音暴露（确信）"}, {"uid": "66741664", "content": "《d o g》"}, {"uid": "66741664", "content": "《我是狗》"}, {"uid": "685227", "content": "鬼！"}, {"uid": "11453613", "content": "这谁啊↓不认识"}, {"uid": "33715350", "content": "大脑被吃掉了，不正常了"}, {"uid": "33715350", "content": "一口都能吃掉了吧"}, {"uid": "463174", "content": "WIDE AZUMA"}, {"uid": "8254614", "content": "这头跟螳螂似的"}, {"uid": "8254614", "content": "哈哈哈哈哈哈"}, {"uid": "8254614", "content": "这都让你算到了，组长"}, {"uid": "326303428", "content": "是狗罕见nia"}, {"uid": "426965200", "content": "当我以为她比我大的时候却发现她比我还小"}, {"uid": "407269281", "content": "狗（直球）"}, {"uid": "67246310", "content": "淦，我被破防了"}, {"uid": "439768767", "content": "你吼辣么大声干什么！"}, {"uid": "37513210", "content": "你认识到自己的错误了吗，狗子？"}, {"uid": "37513210", "content": "大声的做自我介绍"}, {"uid": "16501019", "content": "小嘴太甜了"}, {"uid": "16501019", "content": "自   我   描   绘"}, {"uid": "30274304", "content": "惊现高音"}, {"uid": "34908669", "content": "狗饭桶2333"}, {"uid": "516982908", "content": "巧了俺也一样"}, {"uid": "28403502", "content": "自 我 介 绍"}, {"uid": "43454946", "content": "等等同龄的话组长也是狗东西（doge）"}, {"uid": "162291287", "content": "感情是未成年啊"}, {"uid": "431507223", "content": "直接自我介绍了"}, {"uid": "150390016", "content": "水壶涨了"}, {"uid": "68156211", "content": "耳机党麻了"}, {"uid": "1732450", "content": "被十二生肖算计了可还行"}, {"uid": "96822935", "content": "《我是狗》"}, {"uid": "122347978", "content": "耳机党请小心食用"}, {"uid": "523840721", "content": "这笑声也太鬼畜了吧"}, {"uid": "489074194", "content": "擦盘子喽doge"}, {"uid": "23404176", "content": "是罕见捏"}, {"uid": "7798530", "content": "大佐你差点把我送走"}, {"uid": "65270709", "content": "狗罕见"}, {"uid": "544205798", "content": "到 底 是 谁 吵"}, {"uid": "1558030", "content": "是罕见捏"}, {"uid": "4731407", "content": "巧了，我也14岁"}, {"uid": "455587298", "content": "14岁就能开直播？"}, {"uid": "18261160", "content": "狗饭桶"}, {"uid": "866075", "content": "组长，车子准备好了"}, {"uid": "866075", "content": "14岁（二周目）"}, {"uid": "1582771785", "content": "一只名字叫做饭桶的狗"}, {"uid": "11044651", "content": "居然比我小10岁.."}, {"uid": "91244446", "content": "你哄那么大声干嘛啊"}, {"uid": "29265794", "content": "有被冒犯到）"}, {"uid": "401397890", "content": "耳机爆炸"}, {"uid": "122490497", "content": "这是警报器"}, {"uid": "4932328", "content": "卧槽，炫狗！"}, {"uid": "662018818", "content": "耳机党爆炸"}, {"uid": "20695192", "content": "你是柬埔寨"}, {"uid": "160262941", "content": "组长，这也在你的计划之中吗"}, {"uid": "8611855", "content": "好嘴（）"}, {"uid": "100344408", "content": "哈哈哈，狗东西"}, {"uid": "375502824", "content": "为什么那么扁"}, {"uid": "433451248", "content": "自 我 介 绍"}, {"uid": "12145221", "content": "尖  啸  女  妖"}, {"uid": "1767437", "content": "笑死"}, {"uid": "8220249", "content": "娘的耳朵废了"}, {"uid": "16685612", "content": "4:3"}, {"uid": "361472264", "content": "郭老师亲传弟子是吧"}, {"uid": "85508526", "content": "你吵到我家狗睡觉了"}, {"uid": "17600100", "content": "进击的巨人就照你拍的吧www"}, {"uid": "17365452", "content": "旗鼓相当的对手"}, {"uid": "34669726", "content": "草"}, {"uid": "254104808", "content": "？？？我也是2006"}, {"uid": "23204322", "content": "√罕见"}, {"uid": "426965200", "content": "当然指的是年龄（补充刚发的弹幕）"}, {"uid": "507135308", "content": "神秘嘉宾"}, {"uid": "588676696", "content": "是立本人"}, {"uid": "402669876", "content": "是狗罕见"}, {"uid": "99265045", "content": "狗罕见"}, {"uid": "38770836", "content": "罕见"}, {"uid": "628662136", "content": "莲宝跟我一样大！"}, {"uid": "16501019", "content": "你们是真的狗?( "}, {"uid": "29126808", "content": "防空警报了属于是"}, {"uid": "304260958", "content": "耳机党暴毙"}, {"uid": "861581347", "content": "居然比我小"}, {"uid": "474293372", "content": "我有被冒犯到"}, {"uid": "343550682", "content": "？这是我家水壶开了"}, {"uid": "515557428", "content": "巧了，我也06年生的"}, {"uid": "502895976", "content": "尖啸女妖的别走，我也看过泰坦无人声"}, {"uid": "291145065", "content": "握草你和我同岁"}, {"uid": "310062313", "content": "刀哥"}, {"uid": "310062313", "content": "猪鼻吧这不知道"}, {"uid": "35461683", "content": "蚌埠住了"}, {"uid": "286474220", "content": "这么拉了"}, {"uid": "11773507", "content": "向06年出生的道歉啊，草"}, {"uid": "416575175", "content": "我家水开了？"}, {"uid": "669481314", "content": "郭老师是你吗"}, {"uid": "100816504", "content": "不忘设定"}, {"uid": "14370850", "content": "耳朵瞎了"}, {"uid": "13102149", "content": "√罕见"}, {"uid": "531397293", "content": "同岁的呀"}, {"uid": "493687268", "content": "这比郭老师还郭老师 "}, {"uid": "493687268", "content": "这比郭老师还郭老师 "}, {"uid": "88888334", "content": "我2007草"}, {"uid": "12474269", "content": "音量诉讼"}, {"uid": "352435312", "content": "狗饭桶"}, {"uid": "267328661", "content": "我是狗？"}, {"uid": "457619102", "content": "狗饭桶"}, {"uid": "33727645", "content": "那你要是属猪是不是得叫你铸币"}, {"uid": "350187646", "content": "对呀，你是狗"}, {"uid": "160298613", "content": "34装14是吧"}, {"uid": "160298613", "content": "比我还小？"}, {"uid": "179733718", "content": "魔鬼笑声"}, {"uid": "24409244", "content": "哈哈哈哈哈哈哈哈"}, {"uid": "519034166", "content": "2倍速出奇迹"}, {"uid": "158063", "content": "巧了，我也是狗"}, {"uid": "485886411", "content": "旗鼓相当啊"}, {"uid": "335349146", "content": "我也是狗，嘿嘿嘿嘿嘿"}, {"uid": "523840721", "content": "这中文是真的牙白"}, {"uid": "604582629", "content": "呀，你是狗"}, {"uid": "476303391", "content": "14?"}, {"uid": "732692", "content": "草"}, {"uid": "178142367", "content": "nmd"}, {"uid": "1644648", "content": "刚刚好，组长什么都算到了"}, {"uid": "4130547", "content": "开幕雷击"}, {"uid": "9604396", "content": "耳机党当场阵亡"}, {"uid": "10064413", "content": "哎啊～"}, {"uid": "8532776", "content": "狗罕见"}, {"uid": "226711366", "content": "07年出生的属猪"}, {"uid": "98251314", "content": "好大儿"}, {"uid": "398509149", "content": "这个屑女人让我好兴奋呀​"}, {"uid": "200072723", "content": "巧了"}, {"uid": "409713956", "content": "感觉有被冒犯到。"}, {"uid": "490452477", "content": "害怕"}, {"uid": "36769691", "content": "好问题"}, {"uid": "450185600", "content": "你好柬埔寨"}, {"uid": "37513210", "content": "至少不是狗东西"}, {"uid": "515727752", "content": "什么…再大点"}, {"uid": "25853346", "content": "草了"}, {"uid": "25853346", "content": "盖亚~！！"}, {"uid": "506602541", "content": "俺也一样 "}, {"uid": "399803050", "content": "刑！"}, {"uid": "189096412", "content": "你是真的狗"}, {"uid": "411685765", "content": "比我小两岁"}, {"uid": "52093260", "content": "14（笑）"}, {"uid": "237880744", "content": "难道不能都是？"}, {"uid": "416331289", "content": "害怕"}, {"uid": "139504438", "content": "融合怪是吧"}, {"uid": "353901578", "content": "+"}, {"uid": "638748383", "content": "这样看得到弹幕（）"}, {"uid": "14313714", "content": "这开头"}, {"uid": "34871965", "content": "草"}, {"uid": "34871965", "content": "？"}, {"uid": "316954869", "content": "虚拟宋丹丹"}, {"uid": "690480158", "content": "当场去世"}, {"uid": "12922304", "content": "今年不是2021吗(ﾟOﾟ)"}, {"uid": "74553192", "content": "郭子是吧"}, {"uid": "1984584", "content": "奈斯啊"}, {"uid": "20799297", "content": "整挺好的，至少有胸了"}, {"uid": "3973958", "content": "果然是狗"}, {"uid": "26620068", "content": "前方高能"}, {"uid": "4270565", "content": "哈哈哈哈"}, {"uid": "197735546", "content": "○○"}, {"uid": "8400263", "content": "《我是狗》"}, {"uid": "13677312", "content": "？"}, {"uid": "171692173", "content": "这里是中国，说英语的都给我滚出去"}, {"uid": "290198848", "content": "是我跌"}, {"uid": "60645957", "content": "实名举报"}, {"uid": "528159195", "content": "？？？？"}, {"uid": "434322012", "content": "。。。。死了"}, {"uid": "650314110", "content": "是大佐"}, {"uid": "33118709", "content": "音量诉讼"}, {"uid": "12465868", "content": "？？？？？？"}, {"uid": "33907523", "content": "耶斯莫拉"}, {"uid": "29058026", "content": "逆天"}, {"uid": "85817999", "content": "火车鸣笛"}, {"uid": "116183732", "content": "确实"}, {"uid": "1804057071", "content": "烧开水"}, {"uid": "159681476", "content": "14岁！！？"}, {"uid": "361759285", "content": "woc我06的"}, {"uid": "6177685", "content": "？？？？"}, {"uid": "496706", "content": "勾都不看"}, {"uid": "34871965", "content": "草"}, {"uid": "94872051", "content": "草"}, {"uid": "74553192", "content": "郭子是吧"}, {"uid": "88758844", "content": "好"}, {"uid": "20642543", "content": "？？？"}, {"uid": "1767437", "content": "草"}, {"uid": "8300580", "content": "草"}, {"uid": "139007", "content": "我是狗？"}, {"uid": "12891523", "content": "草"}, {"uid": "212909", "content": "anti"}, {"uid": "36178387", "content": "草"}, {"uid": "523840721", "content": "这波组长在第几层？_____"}, {"uid": "178142367", "content": "笑死了"}, {"uid": "290794921", "content": "草了我06年的"}, {"uid": "8254614", "content": "笑死"}, {"uid": "226711366", "content": "狗都够好的了，没抽个猪不错了"}, {"uid": "33079125", "content": "？？？"}, {"uid": "326156804", "content": "苟罕见"}, {"uid": "861235", "content": "内涵肥宅是吧"}, {"uid": "528159195", "content": "我也属狗好耶"}, {"uid": "515727752", "content": "我也是06怎么了，，怒，07的还属"}, {"uid": "328319103", "content": "巧了我也是“狗”"}, {"uid": "523739860", "content": "草"}, {"uid": "353629211", "content": "我也是狗东西对不起"}, {"uid": "327270459", "content": "096"}, {"uid": "39907435", "content": "女版炫狗？"}, {"uid": "488843856", "content": "别算了，我2020年14岁属狗"}, {"uid": "350187646", "content": "对，你是狗"}, {"uid": "8134464", "content": "06?15岁?"}, {"uid": "343460537", "content": "龙鸣"}, {"uid": "35863467", "content": "06震怒"}, {"uid": "10098749", "content": "？"}, {"uid": "2622028", "content": "666这也行"}, {"uid": "419730067", "content": "我也06的……"}, {"uid": "690480158", "content": "?"}, {"uid": "470801488", "content": "饭桶"}, {"uid": "23111235", "content": "草"}, {"uid": "212909", "content": "草"}, {"uid": "188622110", "content": "是老婆"}, {"uid": "85120465", "content": "啊这"}, {"uid": "489074194", "content": "debubu"}, {"uid": "8254614", "content": "wwww"}, {"uid": "164130337", "content": "罕见"}, {"uid": "309425785", "content": "秋田犬罢"}, {"uid": "302663162", "content": "14?不能吧"}, {"uid": "343271215", "content": "草"}, {"uid": "526404037", "content": "狗"}, {"uid": "434729544", "content": "草"}, {"uid": "386480949", "content": "都是"}, {"uid": "241353", "content": "明年就是猪了捏"}, {"uid": "476165762", "content": "比我大一岁"}, {"uid": "23165331", "content": "？"}, {"uid": "511573512", "content": "这女的好欠扁"}, {"uid": "100903096", "content": "草"}, {"uid": "515830071", "content": "2021前来报道"}, {"uid": "404914922", "content": "为什么不是2021减"}, {"uid": "66792673", "content": "夏亚是吧"}, {"uid": "54681528", "content": "2006年现在才读初中"}, {"uid": "23380305", "content": "狗饭桶"}, {"uid": "34392662", "content": "老婆"}, {"uid": "1732450", "content": "又打鸣又鹅叫的，还是条狗，合成兽？"}, {"uid": "33100594", "content": "我是狗。。"}, {"uid": "34871965", "content": "草"}, {"uid": "23762888", "content": "草"}, {"uid": "1767437", "content": "草"}, {"uid": "8300580", "content": "草"}, {"uid": "8748858", "content": "？"}, {"uid": "471498863", "content": "啊这"}, {"uid": "8988076", "content": "你是狗"}, {"uid": "1641301", "content": "明年就是猪鼻了"}, {"uid": "1641301", "content": "真是狗东西"}, {"uid": "7942705", "content": "？？、"}, {"uid": "19088354", "content": "？？？"}, {"uid": "23791266", "content": "？"}, {"uid": "525120453", "content": "是大爹"}, {"uid": "476165762", "content": "老婆"}, {"uid": "277632755", "content": "我06的，怎么了。"}, {"uid": "34203831", "content": "在"}, {"uid": "21553112", "content": "我就2006的"}, {"uid": "473412673", "content": "是我老婆"}, {"uid": "8283049", "content": "？"}, {"uid": "483785230", "content": "wdf"}, {"uid": "30973389", "content": "2018"}, {"uid": "2794398", "content": "你是狗"}, {"uid": "393865622", "content": "？"}, {"uid": "21087655", "content": "？"}, {"uid": "27964422", "content": "？"}, {"uid": "8748858", "content": "我超"}, {"uid": "30839233", "content": "二周目哈哈哈哈哈哈哈哈哈哈哈哈，"}, {"uid": "179733718", "content": "我想多半是他只是想骂他而已。"}, {"uid": "38841214", "content": "————————————————————————————————————"}, {"uid": "471744614", "content": "狗东西"}, {"uid": "463174", "content": "w  i  d  e     a  z  u  m  a"}]