[{"uid": "39495218", "content": "我听成是我吃的一个寄吧了"}, {"uid": "1298644677", "content": "。。。。。"}, {"uid": "110503861", "content": "？"}, {"uid": "2977464", "content": "ん？"}, {"uid": "12262543", "content": "穿连帽衫怎么解决"}, {"uid": "12262543", "content": "？"}, {"uid": "10064413", "content": "今天的风儿真的喧嚣"}, {"uid": "10064413", "content": "啊？？？？"}, {"uid": "11034414", "content": "自 作 多 情"}, {"uid": "223811341", "content": "你是？？？"}, {"uid": "223811341", "content": "正在卸载bilibili"}, {"uid": "223811341", "content": "。。。。"}, {"uid": "223811341", "content": "草"}, {"uid": "223811341", "content": "这我要消化3年，我这高中很充实"}, {"uid": "223811341", "content": "未成年人保护法提醒您退出播放"}, {"uid": "223811341", "content": "。。。"}, {"uid": "99018733", "content": "这是台湾腔吧哈哈哈哈哈哈"}, {"uid": "522027360", "content": "？"}, {"uid": "533621", "content": "？？？"}, {"uid": "34974280", "content": "突发恶疾"}, {"uid": "96223620", "content": "系嗦"}, {"uid": "13137240", "content": "锦户亮抱紧了"}, {"uid": "13137240", "content": "这不是吃播吗"}, {"uid": "286483572", "content": "俩个女朋友去男同酒吧"}, {"uid": "25026651", "content": "蚌埠住了，哈哈哈哈"}, {"uid": "25026651", "content": "开心的拍起了肚皮"}, {"uid": "252950288", "content": "哪块的拉链？"}, {"uid": "6522084", "content": "这两声笑的"}, {"uid": "18147117", "content": "这一刻我都觉得是你被她钓了"}, {"uid": "18147117", "content": "原形毕露"}, {"uid": "18147117", "content": "啊？"}, {"uid": "18147117", "content": "一般这种情况，你朋友要不就是放弃思考，要不就是情况相同"}, {"uid": "34764024", "content": "啊这"}, {"uid": "16018222", "content": "?????"}, {"uid": "23562069", "content": "有女朋友的？"}, {"uid": "17365452", "content": "兴奋的拍起了肚皮"}, {"uid": "106311575", "content": "笑死了"}, {"uid": "459476", "content": "哈哈哈"}, {"uid": "30233613", "content": "麻了"}, {"uid": "65573150", "content": "震撼车宝"}, {"uid": "400043191", "content": "好家伙"}, {"uid": "74173597", "content": "草"}, {"uid": "74173597", "content": "草"}, {"uid": "74173597", "content": "？？？"}, {"uid": "256256526", "content": "草绝了"}, {"uid": "256256526", "content": "草"}, {"uid": "3561759", "content": "？"}, {"uid": "10650378", "content": "好家伙"}, {"uid": "5676856", "content": "？？？？？？"}, {"uid": "5676856", "content": "震撼吸血鬼300年"}, {"uid": "624652", "content": "草"}, {"uid": "226246917", "content": "？？？？？？？？？？？、"}, {"uid": "24531252", "content": "校对:冬雪莲"}, {"uid": "24531252", "content": "？？？"}, {"uid": "24531252", "content": "咿……极度嫌弃"}, {"uid": "10852917", "content": "好家伙，我被养了"}, {"uid": "35080575", "content": "？？？？？"}, {"uid": "89588934", "content": "0异事件我笑傻了哈哈哈哈哈"}, {"uid": "12313498", "content": "对面直接来一句，我超你寄吧睡啊"}, {"uid": "122078", "content": "四舍五入就是赵本山"}, {"uid": "4313978", "content": "哈哈哈"}, {"uid": "4313978", "content": "好家伙"}, {"uid": "9131508", "content": "你再骂！"}, {"uid": "9131508", "content": "《下饭》"}, {"uid": "9131508", "content": "房间还挺大的"}, {"uid": "19740914", "content": "两个女朋友"}, {"uid": "97136358", "content": "震撼直女"}, {"uid": "18279790", "content": "为爱当0"}, {"uid": "39104123", "content": "草"}, {"uid": "39104123", "content": "0异事件"}, {"uid": "4461236", "content": "《  仰  天  长  啸  》"}, {"uid": "4461236", "content": "《大床房》"}, {"uid": "6093268", "content": "车碾脸上了"}, {"uid": "6725754", "content": "我坐在屏幕前光听都快蚌埠住了"}, {"uid": "226728593", "content": "老渣女了"}, {"uid": "413412738", "content": "危  莱宝  危"}, {"uid": "55950", "content": "我冷我就说一句“今天的风好喧嚣啊”然后继续走"}, {"uid": "37958104", "content": "？？？？？？？这开头"}, {"uid": "33140882", "content": "？"}, {"uid": "1662774", "content": "哈哈哈哈哈哈哈哈哈"}, {"uid": "26620068", "content": "《吃播》"}, {"uid": "13994651", "content": "麻了"}, {"uid": "104349408", "content": "草"}, {"uid": "104349408", "content": "好"}, {"uid": "24531252", "content": "獂形毕露"}, {"uid": "2683721", "content": "恶心心"}, {"uid": "24896030", "content": "草"}, {"uid": "508734070", "content": "草"}, {"uid": "221817011", "content": "开后宫"}, {"uid": "74173597", "content": "？"}, {"uid": "172654", "content": "你在说NM呢"}, {"uid": "76437103", "content": "信息量有点大"}, {"uid": "10567655", "content": "？？？？？"}, {"uid": "104349408", "content": "哈哈哈哈"}, {"uid": "535182277", "content": "突然想到了百日百合里面的女同吧"}, {"uid": "25381178", "content": "yue"}, {"uid": "459476", "content": "喝花酒？"}, {"uid": "30233613", "content": "下酒"}, {"uid": "14217210", "content": "？"}, {"uid": "624652", "content": "好家伙，这已经三个男的了"}, {"uid": "13994651", "content": "草"}, {"uid": "223811341", "content": "你是女同？？？"}, {"uid": "223811341", "content": "未成年人保护法"}, {"uid": "495415397", "content": "草"}, {"uid": "15976040", "content": "草"}, {"uid": "223811341", "content": "响度战争"}, {"uid": "38568957", "content": "？？？？"}, {"uid": "408467088", "content": "？"}, {"uid": "83820955", "content": "世界观开阔了"}, {"uid": "13677312", "content": "?"}, {"uid": "100816504", "content": "郭言郭语"}, {"uid": "399763559", "content": "艾斯比？"}, {"uid": "522027360", "content": "？"}, {"uid": "287788086", "content": "？？？"}, {"uid": "400352068", "content": "？？？？？？？？"}, {"uid": "27927825", "content": "三观打击"}, {"uid": "288614515", "content": "音量控诉"}, {"uid": "34764024", "content": "这也太淦了"}, {"uid": "449675945", "content": "！？？"}, {"uid": "122078", "content": "艾就一个滋"}, {"uid": "1670310", "content": "？"}, {"uid": "433848133", "content": "？"}, {"uid": "353907481", "content": "kimo"}, {"uid": "231667339", "content": "展开说说"}, {"uid": "459476", "content": "妈耶"}, {"uid": "1298644677", "content": "你搁这搁这呢？"}, {"uid": "400352068", "content": "？？？？？？？"}, {"uid": "148255870", "content": "好臭啊"}, {"uid": "495415397", "content": "？"}, {"uid": "29312736", "content": "？"}, {"uid": "34764024", "content": "草"}, {"uid": "16501019", "content": "不要男妈妈不要男妈妈不要男妈妈"}]