[{"uid": "21877314", "content": "有的人活着"}, {"uid": "21877314", "content": "二人幸终"}, {"uid": "648783098", "content": "垂直起跳"}, {"uid": "24916314", "content": "未曾设想的道路"}, {"uid": "1464471827", "content": "刺:我当时害怕极了"}, {"uid": "223811341", "content": "哈哈哈"}, {"uid": "223811341", "content": "响度-1.0db"}, {"uid": "153338083", "content": "耳膜爆破"}, {"uid": "763978", "content": "一个屁崩出去哈哈哈"}, {"uid": "37574586", "content": "绷不住了"}, {"uid": "693747557", "content": "这笑的。。。"}, {"uid": "244267557", "content": "xswl，还盖上了"}, {"uid": "244267557", "content": "这小腿踢的，可见是多么快的手速"}, {"uid": "690116821", "content": "千辛万苦"}, {"uid": "390290689", "content": "棺材铺"}, {"uid": "390290689", "content": "这个笑声真的好特么刺耳"}, {"uid": "123794902", "content": "血压上来了"}, {"uid": "425618521", "content": "两肋插刀"}, {"uid": "19506352", "content": ".............."}, {"uid": "19506352", "content": "这两个女人啊"}, {"uid": "26209315", "content": "草"}, {"uid": "7021272", "content": "？？？？？"}, {"uid": "20635097", "content": "365种死法（doge"}, {"uid": "346304264", "content": "殉情"}, {"uid": "474055029", "content": "好活(✪▽✪)"}, {"uid": "255838177", "content": "哈哈哈哈哈哈"}, {"uid": "32097499", "content": "笑死我了"}, {"uid": "401994972", "content": "置换反应"}, {"uid": "13225909", "content": "草"}, {"uid": "352952441", "content": "草，耳朵没了"}, {"uid": "8636627", "content": "二 人 幸 终"}, {"uid": "27510211", "content": "自 寻 死 路"}, {"uid": "39970468", "content": "过于混沌"}, {"uid": "173538869", "content": "离成功最近的一次"}, {"uid": "448279939", "content": "凤雏卧龙"}, {"uid": "53979849", "content": "耳朵要没了"}, {"uid": "234467281", "content": "动量守恒"}, {"uid": "108919924", "content": "连磕三个响头"}, {"uid": "495404535", "content": "扛着棺材板跑"}, {"uid": "687224062", "content": "卒"}, {"uid": "687224062", "content": "ohhhhhh（手动滑稽）"}, {"uid": "108953532", "content": "屑女人的声线"}, {"uid": "282291594", "content": "灵魂跑出去了"}, {"uid": "94872051", "content": "草"}, {"uid": "392353813", "content": "惊了，三百六十五里路"}, {"uid": "11689130", "content": "草"}, {"uid": "1615171", "content": "耳膜耐久-1"}, {"uid": "1615171", "content": "耳膜炸裂"}, {"uid": "81466010", "content": "卧槽，掀翻棺材板"}, {"uid": "302287481", "content": "我的耳膜"}, {"uid": "325880614", "content": "笑死我了"}, {"uid": "21674164", "content": "音量诉讼"}, {"uid": "24515146", "content": "老菊，，"}, {"uid": "484415748", "content": "泪目"}, {"uid": "10420596", "content": "开始吟唱"}, {"uid": "6237793", "content": "我的耳膜"}, {"uid": "518315750", "content": "原地高跳运动员"}, {"uid": "31447353", "content": "草"}, {"uid": "34669726", "content": "草草草"}, {"uid": "36592674", "content": "棺材盖"}, {"uid": "19125568", "content": "有的人活着但已经死了"}, {"uid": "13850278", "content": "盖  棺"}, {"uid": "13850278", "content": "东  惊"}, {"uid": "1464471827", "content": "自杀式袭击"}, {"uid": "314840710", "content": "笑死我了"}, {"uid": "27045409", "content": "死了啦，都你害的啦，拜托"}, {"uid": "628815974", "content": "被屁崩飞了？"}, {"uid": "53979849", "content": "我的耳朵!"}, {"uid": "33569261", "content": "哈哈哈哈哈哈哈"}, {"uid": "19125568", "content": "奇怪的姿势奇怪的动作"}, {"uid": "222337584", "content": "棺材铺"}, {"uid": "223811341", "content": "响度战争2"}, {"uid": "3945280", "content": "盖了帽了我的大baby"}, {"uid": "11461408211", "content": "哈哈哈哈"}, {"uid": "96835657", "content": "夏哥？"}, {"uid": "10420596", "content": "笑死哈哈哈"}, {"uid": "514590540", "content": "耳机党阵亡"}, {"uid": "476005540", "content": "dai佐行为"}, {"uid": "400847680", "content": "你是哪国人？"}, {"uid": "223811341", "content": "响度战争3"}, {"uid": "223811341", "content": "响度战争"}, {"uid": "690116821", "content": "自身难保"}, {"uid": "287747377", "content": "gusha"}, {"uid": "22956551", "content": "死了啦，都是你害的"}, {"uid": "352319737", "content": "返祖"}, {"uid": "687224062", "content": "危"}, {"uid": "28958270", "content": "草"}, {"uid": "425618521", "content": "卧龙凤雏…"}, {"uid": "270457325", "content": "铁咩"}, {"uid": "17895270", "content": "流口水了"}, {"uid": "448279939", "content": "凤雏卧龙"}, {"uid": "687224062", "content": "危"}, {"uid": "2087691", "content": "草"}, {"uid": "10420596", "content": "草"}, {"uid": "4130547", "content": "？？？"}, {"uid": "524875425", "content": "吵死了！"}, {"uid": "1613023", "content": "哈哈哈"}, {"uid": "5903881", "content": "哈哈哈哈哈哈哈"}, {"uid": "108953532", "content": "mea？"}, {"uid": "27373707", "content": "草"}, {"uid": "3045225", "content": "草"}, {"uid": "85120465", "content": "？？？"}, {"uid": "36172992", "content": "热乎"}, {"uid": "318527607", "content": "《 作 用 力 与 反 作 用 力 的 实 际 应 用 》"}]