[{"uid": "27678783", "content": "天国的r4c后坐力"}, {"uid": "8923519", "content": "经典一杀一剪"}, {"uid": "5205980", "content": "siege"}, {"uid": "411462343", "content": "身上留四个诡雷我的天"}, {"uid": "3207714", "content": "平点好啊"}, {"uid": "100816504", "content": "纳尼？？？？"}, {"uid": "5500159", "content": "但是很翘"}, {"uid": "5500159", "content": "没事，反正我们没视力，只要子弹不打错人什么都能打错"}, {"uid": "5530910", "content": "祖传诡雷"}, {"uid": "101665385", "content": "hhhhhhhhhhhhhhhh"}, {"uid": "101665385", "content": "ん?"}, {"uid": "15466877", "content": "这翻译一看就是老玩家了"}, {"uid": "9847", "content": "草"}, {"uid": "323953409", "content": "awsl好可爱"}, {"uid": "282593060", "content": "突然发现下面的siege打错了"}, {"uid": "18681713", "content": "草"}, {"uid": "516798404", "content": "《 你 继 续 录 啊 》"}, {"uid": "104349408", "content": "wwwww"}, {"uid": "27492118", "content": "这地方我就偷成功过一次"}, {"uid": "37051501", "content": "燃起来了"}, {"uid": "1958038", "content": "wwwwww"}, {"uid": "1958038", "content": "画 中 画"}, {"uid": "9322456", "content": "kksk"}, {"uid": "362915735", "content": "音乐不对劲，草"}, {"uid": "8876105", "content": "awsl"}, {"uid": "100816504", "content": "禁止套娃"}, {"uid": "691226984", "content": "莫名奇妙燃起来了"}, {"uid": "4461236", "content": "草"}, {"uid": "470391639", "content": "可爱"}, {"uid": "528159195", "content": "谁"}, {"uid": "24083924", "content": "彩虹六号sei哥"}, {"uid": "525780156", "content": "打仗的时候看教学学习如何用枪！！"}, {"uid": "7610133", "content": "妹阿，你这么老是不放诡雷阿"}, {"uid": "104349408", "content": "怎么就逮虾户了"}, {"uid": "6725754", "content": "草"}, {"uid": "652369", "content": "草"}, {"uid": "727769", "content": "可爱"}, {"uid": "473782843", "content": "第一我的"}, {"uid": "351731484", "content": "好平"}, {"uid": "104349408", "content": "草"}, {"uid": "9031492", "content": "mdxs"}]