[{"uid": "18647215", "content": "罕见"}, {"uid": "416624", "content": "老罕见了"}, {"uid": "85294497", "content": "爹，我刘路啊"}, {"uid": "288312525", "content": "这下听得懂了"}, {"uid": "672908657", "content": "我超，你寄吧睡啊"}, {"uid": "44915472", "content": "属于是说起母语张口就来了"}, {"uid": "513454695", "content": "汝为何物"}, {"uid": "438644773", "content": "不对劲，我不对劲"}, {"uid": "4580868", "content": "这意思反了吧"}, {"uid": "510051808", "content": "老婆，听话，回家再唱"}, {"uid": "18134518", "content": "声卡的力量"}, {"uid": "10964811", "content": "太清楚拉"}, {"uid": "477791433", "content": "母语放松"}, {"uid": "59180157", "content": "虽然罕见，不过还挺好听的"}, {"uid": "301961434", "content": "营业声线"}, {"uid": "95444785", "content": "一袋米哟扛几楼"}, {"uid": "454823574", "content": "图片仅供参考，请以实物为准"}, {"uid": "25576097", "content": "横 殓"}, {"uid": "259470043", "content": "BGM：君が生まれた日"}, {"uid": "13542798", "content": "这一句笑出声了"}, {"uid": "157635278", "content": "你寄吧谁啊"}, {"uid": "598825", "content": "勇敢追自己的梦想，我真的"}, {"uid": "6170532", "content": "你把我的莲宝藏哪里去了"}, {"uid": "57474887", "content": "坏了，还挺好听"}, {"uid": "273408", "content": "怪起来了"}, {"uid": "218804569", "content": "oh~!是kano的《君が生まれた日》"}, {"uid": "1668444611", "content": "↑此地无银三百两（doge）"}, {"uid": "445644158", "content": "骗人的嘴！"}, {"uid": "8031704", "content": " 不是我点进来是来听你骂我的"}, {"uid": "29552145", "content": "小溜一下"}, {"uid": "30216615", "content": "你寄巴誰啊？"}, {"uid": "12328639", "content": "严查！"}, {"uid": "42561710", "content": "可爱，喜欢"}, {"uid": "8014080", "content": "不对劲"}, {"uid": "387888580", "content": "我再给你十分钟自己想一下"}, {"uid": "524540747", "content": "声音好可爱！唱的好好听！"}, {"uid": "11623009", "content": "莲宝这是把东哥打晕了出来了么？"}, {"uid": "402418998", "content": "不对劲不对劲"}, {"uid": "284751978", "content": "怪起来了"}, {"uid": "1676972", "content": "ohhhhh～"}, {"uid": "524875425", "content": "回家了还唱"}, {"uid": "75957672", "content": "在现场QAQ非常感动，虽然不是唱给我的"}, {"uid": "18084781", "content": "有点离谱的好听"}, {"uid": "81726642", "content": "您还是多骂骂我吧"}, {"uid": "409712947", "content": "新概念傲娇"}, {"uid": "250458209", "content": "强强"}, {"uid": "59347396", "content": "好稳啊！！！"}, {"uid": "597226231", "content": "莲宝你被绑架了就眨个眼！"}, {"uid": "4513326", "content": "好可爱"}, {"uid": "27914733", "content": "真甜"}, {"uid": "1430963228", "content": "?"}, {"uid": "144034994", "content": "kksk"}, {"uid": "36192943", "content": "罕见"}, {"uid": "489540233", "content": "馋死我了"}, {"uid": "37574586", "content": "罕见"}, {"uid": "188930711", "content": "波～"}, {"uid": "393768449", "content": "这谁！？"}, {"uid": "5883412", "content": "だれ？"}, {"uid": "14769282", "content": "惊恐"}, {"uid": "283715", "content": "不对劲"}, {"uid": "306085", "content": "草"}, {"uid": "401314172", "content": "爹！你咋啦！！？"}, {"uid": "7564718", "content": "我关注你是来看这个的？！"}, {"uid": "355789319", "content": "不对劲"}, {"uid": "12205147", "content": "味儿不对呢"}, {"uid": "440865019", "content": "这歌歌名是什么"}, {"uid": "649603682", "content": "啊，这样的也不错"}, {"uid": "397896801", "content": "僕と結婚してくたさい"}, {"uid": "30741392", "content": "你寄吧谁啊？！"}, {"uid": "107806065", "content": "不对劲"}, {"uid": "28688134", "content": "不对劲"}, {"uid": "24314117", "content": "好清楚"}, {"uid": "31606398", "content": "不对劲"}, {"uid": "292699422", "content": "热爱250度的你"}, {"uid": "24634736", "content": "有才啊"}, {"uid": "1214494734", "content": "可爱，好可爱啊"}, {"uid": "29103784", "content": "波~"}, {"uid": "8760074", "content": "还好，一切如愿以偿"}, {"uid": "3728547", "content": "好耶 她心里有我"}, {"uid": "6985495", "content": "画风不对啊"}, {"uid": "7699988", "content": "好清楚啊"}, {"uid": "250458209", "content": "太强了"}, {"uid": "8301825", "content": "天才天才"}, {"uid": "3323751", "content": "666"}, {"uid": "295686339", "content": "佐宝！"}, {"uid": "275541996", "content": "热乎"}, {"uid": "437690643", "content": "18分钟，热热还能吃"}, {"uid": "10251066", "content": "好耶"}, {"uid": "439096642", "content": "醒醒这才不是莲宝"}, {"uid": "443257759", "content": "这下听懂了"}, {"uid": "52784500", "content": "你寄吧谁啊"}, {"uid": "192264410", "content": "你寄吧谁"}, {"uid": "347074253", "content": "i了"}, {"uid": "431048963", "content": "泪目"}, {"uid": "514746525", "content": "？"}, {"uid": "24340298", "content": "yue"}, {"uid": "13168433", "content": "强强uo"}, {"uid": "522027360", "content": "好听哎"}, {"uid": "1244046175", "content": "我耳朵融化了"}, {"uid": "224928401", "content": "爱了爱了"}, {"uid": "480300701", "content": "伞兵"}, {"uid": "551221972", "content": "？？？"}, {"uid": "8587508", "content": "老双标了"}, {"uid": "32972994", "content": "啊这，我，啊这，这"}, {"uid": "354135260", "content": "你谁啊"}, {"uid": "66719729", "content": "这....代播？"}, {"uid": "438578935", "content": "燃起来了"}, {"uid": "42561710", "content": "清楚清楚"}, {"uid": "32310467", "content": "淦"}, {"uid": "350538517", "content": "你寄吧谁啊？"}, {"uid": "17723492", "content": "？？"}, {"uid": "14444896", "content": "君が生まれた日"}, {"uid": "277330500", "content": "你这不行啊"}, {"uid": "15526584", "content": "你寄吧谁啊"}, {"uid": "94489566", "content": "快跑！"}, {"uid": "15138435", "content": "确实不错"}, {"uid": "8209300", "content": "谁？"}, {"uid": "294936549", "content": "wtf"}, {"uid": "442035520", "content": "你寄吧谁啊"}, {"uid": "397882373", "content": "不对劲"}, {"uid": "2784506", "content": "谁？"}, {"uid": "521856491", "content": "你哪位"}, {"uid": "1667033678", "content": "在现场"}, {"uid": "2476380", "content": "这味不对啊"}, {"uid": "89330969", "content": "不对劲"}, {"uid": "108098899", "content": "两小时，热热还能吃"}, {"uid": "6350097", "content": "不对劲"}, {"uid": "10879866", "content": "蚌埠住了"}, {"uid": "652061871", "content": "还好听过原版"}, {"uid": "4513326", "content": "鼓掌"}, {"uid": "487480278", "content": "好耶"}, {"uid": "3309119", "content": "君が生まれた日！"}, {"uid": "523931396", "content": "你寄吧谁啊"}, {"uid": "35984573", "content": "你寄吧谁啊？？"}, {"uid": "379429607", "content": "泪目"}, {"uid": "19160434", "content": "你寄吧谁呀"}, {"uid": "32972994", "content": "虽然但是，真好听啊"}, {"uid": "53292741", "content": "你谁呀！"}, {"uid": "94264860", "content": "你寄吧谁啊"}, {"uid": "480105619", "content": "这个好"}, {"uid": "400569955", "content": "谁？"}, {"uid": "549602076", "content": "？？"}, {"uid": "480300701", "content": "伞兵"}, {"uid": "4130547", "content": "谁？？"}, {"uid": "502807463", "content": "你不是我老婆，我老婆只会骂我"}, {"uid": "1212287751", "content": "这谁呀"}, {"uid": "34605735", "content": "好听"}, {"uid": "354135260", "content": "草"}, {"uid": "18292444", "content": "不对味啊"}, {"uid": "439071978", "content": "泪目"}, {"uid": "68156211", "content": "怪诶"}, {"uid": "493770952", "content": "快走！"}, {"uid": "143541", "content": "你寄吧谁啊"}, {"uid": "321009746", "content": "？？？？谁？"}, {"uid": "32555989", "content": "你寄吧谁啊"}, {"uid": "12388754", "content": "？"}, {"uid": "93745273", "content": "寄吧吧主"}, {"uid": "28613620", "content": "我勒个去"}, {"uid": "8042625", "content": "？"}, {"uid": "108140630", "content": "不对劲"}, {"uid": "1314600", "content": "谁"}, {"uid": "693453705", "content": "你寄吧谁，我要听骂人那个"}, {"uid": "28581469", "content": "营业？"}, {"uid": "352710372", "content": "你谁啊？"}, {"uid": "355671773", "content": "可爱"}, {"uid": "25464862", "content": "首页通知书"}, {"uid": "1770766712", "content": "这寄吧是谁"}, {"uid": "4340935", "content": "谁"}, {"uid": "79853202", "content": "你寄吧谁啊？"}, {"uid": "1890419", "content": "这是谁啊？"}, {"uid": "430693272", "content": "你寄吧谁啊"}, {"uid": "329434944", "content": "你寄吧谁啊？"}, {"uid": "4471661", "content": "在现场的"}, {"uid": "86623358", "content": "？？？？"}, {"uid": "438644773", "content": "我竟然觉得还好听"}, {"uid": "36095600", "content": "你寄吧谁啊"}, {"uid": "16844757", "content": "你寄吧谁啊？"}, {"uid": "38558002", "content": "你寄吧谁啊"}, {"uid": "95444785", "content": "你币有了"}, {"uid": "349785922", "content": "谁？"}, {"uid": "223601274", "content": "你是谁"}, {"uid": "2413839", "content": "？？？"}, {"uid": "603070689", "content": "这踏酿的谁啊。"}, {"uid": "523893577", "content": "你谁啊，我老婆只会骂我"}, {"uid": "4130547", "content": "谁"}, {"uid": "10829284", "content": "你寄吧谁啊"}, {"uid": "11119633", "content": "你寄吧谁啊"}, {"uid": "66950945", "content": "谁？"}, {"uid": "34268173", "content": "泪目"}, {"uid": "2371947", "content": "你寄吧谁呀"}, {"uid": "8899706", "content": "你还是骂骂我吧"}, {"uid": "1450513309", "content": "？"}, {"uid": "6847880", "content": "你寄吧谁啊"}, {"uid": "20617536", "content": "？？？？"}, {"uid": "107806065", "content": "你寄吧谁啊"}, {"uid": "94264860", "content": "你寄吧谁啊"}, {"uid": "14974465", "content": "这谁啊，不对劲"}, {"uid": "85806651", "content": "怎么跟个人一样"}, {"uid": "156822569", "content": "你寄吧谁啊"}, {"uid": "24634736", "content": "好清楚哦"}, {"uid": "259886820", "content": "太好听了，所以你寄吧谁啊？"}, {"uid": "6985495", "content": "???"}, {"uid": "32210065", "content": "谁？？"}, {"uid": "439096642", "content": "你寄吧谁"}, {"uid": "10846774", "content": "你寄吧谁啊？"}, {"uid": "349623017", "content": "这踏马是谁"}, {"uid": "223811341", "content": "混响？"}, {"uid": "36726370", "content": "你寄吧谁啊"}, {"uid": "565774741", "content": "你寄吧谁啊"}, {"uid": "244364695", "content": "你寄吧谁啊"}, {"uid": "695591934", "content": "你寄吧谁"}, {"uid": "192264410", "content": "谁？"}, {"uid": "19731959", "content": "你寄吧谁？"}, {"uid": "253800458", "content": "你寄吧谁啊"}, {"uid": "96822935", "content": "你寄吧谁啊"}, {"uid": "1244046175", "content": "坏了，还怪好听的"}, {"uid": "38946458", "content": "你寄吧谁啊？"}, {"uid": "394411128", "content": "骂我老婆"}, {"uid": "212357350", "content": "换人是吧？"}, {"uid": "218804569", "content": "原版应该是初音的"}, {"uid": "8593700", "content": "你寄吧谁啊？"}, {"uid": "8593700", "content": "你寄吧谁啊"}, {"uid": "470633049", "content": "你寄吧谁啊"}, {"uid": "628247487", "content": "你谁啊"}, {"uid": "100672338", "content": "你寄吧谁"}, {"uid": "34333693", "content": "谁？"}, {"uid": "499638949", "content": "你谁"}, {"uid": "83978569", "content": "你谁啊你"}, {"uid": "499350125", "content": "这是什么歌？"}, {"uid": "5280644", "content": "？？？？灵魂呢"}, {"uid": "57254535", "content": "你寄吧谁啊？"}, {"uid": "28613620", "content": "？？？？？？？？？？？？？"}, {"uid": "440865019", "content": "这歌名是什么"}, {"uid": "2784506", "content": "誰？"}, {"uid": "165424308", "content": "你谁啊"}, {"uid": "30762751", "content": "你寄吧谁啊"}, {"uid": "32141333", "content": "这寄吧谁"}, {"uid": "39237841", "content": "好好好好好"}, {"uid": "15913449", "content": "在现场"}, {"uid": "3784448", "content": "太强了"}, {"uid": "668666835", "content": "..........."}, {"uid": "3057859", "content": "居然不是250℃ 取关！"}, {"uid": "503305200", "content": "你寄吧谁啊"}, {"uid": "107806065", "content": "草"}, {"uid": "70806521", "content": "这寄吧谁啊？"}, {"uid": "233935451", "content": "这寄吧谁呀?"}, {"uid": "34398770", "content": "你寄吧谁啊"}, {"uid": "361416948", "content": "你寄吧谁爱"}, {"uid": "34248392", "content": "你寄吧谁啊"}, {"uid": "250458209", "content": "这不是能清楚的嘛"}, {"uid": "439096642", "content": "草，给她装到了"}, {"uid": "410050704", "content": "你寄巴谁啊"}, {"uid": "438644773", "content": "你寄吧谁啊？"}, {"uid": "4580868", "content": "？？？？不会吧"}, {"uid": "78624", "content": "？？？？？？？"}, {"uid": "272440827", "content": "你寄吧谁啊"}, {"uid": "2371947", "content": "你寄吧谁呀？"}, {"uid": "1244046175", "content": "啊这"}, {"uid": "470059335", "content": "你寄吧谁你寄吧谁你寄吧谁"}, {"uid": "43733298", "content": "？"}, {"uid": "16017224", "content": "不骂人了是吧"}, {"uid": "16017224", "content": "你寄吧谁啊"}, {"uid": "432347848", "content": "你谁啊"}, {"uid": "11250747", "content": "谁"}, {"uid": "347756342", "content": "你寄吧谁啊？"}, {"uid": "29552145", "content": "你寄吧谁啊"}, {"uid": "15139255", "content": "很陌生，你是谁"}, {"uid": "173568332", "content": "你寄吧谁"}, {"uid": "4047453", "content": "你是谁？把柬埔寨还给我"}, {"uid": "28613620", "content": "？？？？？？？？？？？？"}, {"uid": "23169697", "content": "？？？日语特供？"}, {"uid": "38055629", "content": "谁？"}, {"uid": "49457975", "content": "???????"}, {"uid": "233217", "content": "你寄吧谁啊"}, {"uid": "316380411", "content": "？？？"}, {"uid": "11469429", "content": "？谁"}, {"uid": "15138435", "content": "溜大了是吧"}, {"uid": "3784448", "content": "2"}, {"uid": "354681205", "content": "爹别这样"}, {"uid": "27531590", "content": "你是谁！你不是柬埔寨！"}, {"uid": "23443481", "content": "你寄吧誰啊"}, {"uid": "22748314", "content": "谁？"}, {"uid": "62455861", "content": "这谁¿"}, {"uid": "6766372", "content": "管人痴就是我"}, {"uid": "13353491", "content": "谁？"}, {"uid": "38939980", "content": "9分钟，热乎"}, {"uid": "3773187", "content": "？？？？？？？？"}, {"uid": "37311931", "content": "被她装到了"}, {"uid": "731127", "content": "你寄吧谁"}, {"uid": "22588530", "content": "你寄吧谁啊"}, {"uid": "7359933", "content": "原来是YHM吗？"}, {"uid": "305744405", "content": "你寄把谁啊？"}, {"uid": "88190722", "content": "你寄吧谁呀"}, {"uid": "118920800", "content": "这寄吧谁？"}, {"uid": "730215", "content": "你谁啊？"}, {"uid": "456700060", "content": "你谁啊"}, {"uid": "184807525", "content": "你寄吧谁啊"}, {"uid": "470059335", "content": "真烧"}, {"uid": "691663626", "content": "呜呜呜呜呜"}, {"uid": "79593367", "content": "你谁？"}, {"uid": "456700060", "content": "您哪位？"}, {"uid": "8593700", "content": "这寄吧谁呀?"}, {"uid": "513222561", "content": "你寄吧谁啊？"}, {"uid": "726814", "content": "？？？"}, {"uid": "130141874", "content": "被她装到了"}, {"uid": "3298242", "content": "up主不整活了吗！"}, {"uid": "29552145", "content": "你钩巴谁啊"}, {"uid": "68156211", "content": "？？？？？？？"}, {"uid": "243849950", "content": "谁？"}, {"uid": "5835810", "content": "莲宝，我的莲宝"}, {"uid": "60330125", "content": "这不是能清楚的嘛"}, {"uid": "168246692", "content": "听过鹿"}, {"uid": "61116929", "content": "你寄吧誰呀？"}, {"uid": "1565224", "content": "你谁，把寄爸还回来"}, {"uid": "24314117", "content": "这寄吧谁啊？"}, {"uid": "219650570", "content": "你寄吧谁啊"}, {"uid": "565180", "content": "你寄吧谁呀"}, {"uid": "115538698", "content": "？"}, {"uid": "88188400", "content": "尼寄吧谁呀？"}, {"uid": "2932289", "content": "你寄吧谁"}, {"uid": "874234", "content": "这寄吧谁啊"}, {"uid": "236280714", "content": "你寄吧谁"}, {"uid": "15669539", "content": "¿ 你寄吧谁啊"}, {"uid": "597226231", "content": "这和管人痴是同一个人作词演唱的？"}, {"uid": "740607", "content": "谁？"}, {"uid": "8318700", "content": "爱你呦莲宝"}, {"uid": "278056651", "content": "你寄吧谁"}, {"uid": "37311931", "content": "你谁？"}, {"uid": "35452193", "content": "你寄吧谁？"}, {"uid": "95344412", "content": "你寄吧谁呀"}, {"uid": "32872712", "content": "?"}, {"uid": "91856804", "content": "这寄吧谁啊"}, {"uid": "350833587", "content": "我超你寄吧谁"}, {"uid": "33891386", "content": "你寄柏谁啊"}, {"uid": "473423221", "content": "你寄吧谁啊"}, {"uid": "244116402", "content": "你谁啊"}, {"uid": "438227298", "content": "日语翻唱我力挺叽叽"}, {"uid": "142270213", "content": "不是高跟鞋不溜"}, {"uid": "355082277", "content": "你寄吧谁啊"}, {"uid": "355082277", "content": "你寄吧谁啊"}, {"uid": "8593700", "content": "这寄吧谁呀"}, {"uid": "25475726", "content": "这寄吧谁啊"}, {"uid": "8153489", "content": "这谁？"}, {"uid": "54817919", "content": "你寄吧谁啊"}, {"uid": "7440127", "content": "你寄吧谁阿"}, {"uid": "267765", "content": "日语就换了个人似的"}, {"uid": "2796543", "content": "这谁？"}, {"uid": "4896203", "content": "谁啊？"}, {"uid": "735320742", "content": "你寄吧谁啊"}, {"uid": "10717330", "content": "？？？你谁"}, {"uid": "14444896", "content": "你所诞生之日"}, {"uid": "21500873", "content": "你寄吧谁啊"}, {"uid": "168246692", "content": "味不对"}, {"uid": "521314790", "content": "一天不挨骂，我浑身难受啊 "}, {"uid": "61116929", "content": "你寄吧誰呀？"}, {"uid": "649603682", "content": "这不对啊，没内味啊"}, {"uid": "49457975", "content": "?"}, {"uid": "13435866", "content": "你谁啊"}, {"uid": "180915498", "content": "你寄吧谁？不是这个味"}, {"uid": "2784506", "content": "你寄吧谁呀"}, {"uid": "52247454", "content": "《不 知 道 是 哪 个 b》"}, {"uid": "405504898", "content": "热乎"}, {"uid": "53504789", "content": "不对劲怎么有感觉好听的呀"}, {"uid": "314702785", "content": "你寄吧谁？！"}, {"uid": "760582", "content": "谁？"}, {"uid": "11746012", "content": "你谁啊"}, {"uid": "22866199", "content": "还是中国话比较优美"}, {"uid": "391984", "content": "你寄吧谁啊"}, {"uid": "104594096", "content": "这谁?"}, {"uid": "351561118", "content": "你寄吧谁啊"}, {"uid": "438644773", "content": "你寄吧谁呀"}, {"uid": "28378780", "content": "你寄吧谁啊"}, {"uid": "610129025", "content": "我觉得这画风好像有点不太对劲，"}, {"uid": "431048963", "content": "你寄吧谁呀"}, {"uid": "744694", "content": "你寄吧谁啊"}, {"uid": "262805240", "content": "家乡的语言嗷"}, {"uid": "3587548", "content": "你寄把谁啊"}, {"uid": "13633613", "content": "???"}, {"uid": "13633613", "content": "你寄吧谁啊"}, {"uid": "232589939", "content": "这寄把谁啊？"}, {"uid": "3142817", "content": "谁？"}, {"uid": "240387211", "content": "你寄吧谁啊"}, {"uid": "438578935", "content": "你寄吧谁啊？"}, {"uid": "29292049", "content": "打扰了"}, {"uid": "100230852", "content": "你寄吧谁啊"}, {"uid": "291323293", "content": "你寄吧谁啊？"}, {"uid": "18763826", "content": "你寄吧谁"}, {"uid": "17056473", "content": "这谁？"}, {"uid": "163917", "content": "你谁"}, {"uid": "123855443", "content": "你寄吧谁啊"}, {"uid": "159905328", "content": "你他酿谁"}, {"uid": "18881078", "content": "这不是能清楚么"}, {"uid": "7937503", "content": "你谁啊？"}, {"uid": "228016594", "content": "来错地方了？"}, {"uid": "104996226", "content": "你寄吧谁啊"}, {"uid": "25026651", "content": "？？？？一转攻势"}, {"uid": "3152311", "content": "这寄吧谁啊"}, {"uid": "16018222", "content": "这寄吧谁啊"}, {"uid": "51239181", "content": "把他举报了就行了"}, {"uid": "6023686", "content": "?"}, {"uid": "433259104", "content": "谁？"}, {"uid": "295686339", "content": "母语"}, {"uid": "603694294", "content": "？？"}, {"uid": "30076142", "content": "怎么日语这么好啊"}, {"uid": "30076142", "content": "UP主是哪国人啊"}, {"uid": "30076142", "content": "他不走哪个人啊"}, {"uid": "491670829", "content": "你寄吧谁啊"}, {"uid": "19109567", "content": "脑白金混点白开水"}, {"uid": "19109567", "content": "热爱着做管人痴的你"}, {"uid": "19109567", "content": "八月顶着大太阳  热水多喝点"}, {"uid": "19109567", "content": "Super idol 的ガチ都没你能舔"}, {"uid": "217937453", "content": "不对劲，取关了"}, {"uid": "471744614", "content": "狗罕见"}, {"uid": "126928745", "content": "谁？"}, {"uid": "17353720", "content": "？？？？？"}, {"uid": "11796908", "content": "没内味"}, {"uid": "606000385", "content": "好听啊，这样的你也不错嘛，东。。。话说你寄吧谁？"}, {"uid": "606000385", "content": "你谁？你寄吧谁呀？这不是雪莲的视频？"}, {"uid": "10070903", "content": "你谁啊"}, {"uid": "267038620", "content": "太假了太假了"}, {"uid": "19103358", "content": "你谁呀"}, {"uid": "39237841", "content": "我寄吧谁啊"}, {"uid": "39237841", "content": "你寄吧谁啊？"}, {"uid": "83034871", "content": "你寄吧谁啊？"}, {"uid": "102953401", "content": "过于夹了属于是"}, {"uid": "86455834", "content": "你基吧谁呀"}, {"uid": "104208282", "content": "我眠大佐呢？"}, {"uid": "34179798", "content": "？？？？？？？？？？？？？？？？？？？？？？？？？"}]