[{"uid": "499246281", "content": "乔鲁诺（bushi）"}, {"uid": "4360643", "content": "不，你还是c语言十级"}, {"uid": "4360643", "content": "翻译一下：喜欢口吐芬芳，梦想是学会万国喷"}, {"uid": "494673734", "content": "能不能说中文"}, {"uid": "697190345", "content": "法语在第三个，算你识相"}, {"uid": "249276465", "content": "请记住现在的她"}, {"uid": "1455160232", "content": "初见，可爱，单推"}, {"uid": "13542798", "content": "(所以那一手优美的中国话是跟谁学的(DOGE"}, {"uid": "32324487", "content": "不如说喜欢吃人类（doge）"}, {"uid": "325695292", "content": "请记住现在还很清楚的她"}, {"uid": "451293489", "content": "我是长颈鹿"}, {"uid": "33980787", "content": "一开口就是老歌手了"}, {"uid": "2373192", "content": "大致确认"}, {"uid": "4130547", "content": "学到四国我但推"}, {"uid": "80548136", "content": "厉害厉害"}, {"uid": "402140880", "content": "草，在看词板吧（doge）"}, {"uid": "11660729", "content": "三 語"}, {"uid": "1961342", "content": "初见 可爱 单推 结婚"}, {"uid": "57083274", "content": "我先来，直接快进到结婚"}, {"uid": "32218237", "content": "眠的味道（doge）"}, {"uid": "70819", "content": "好家伙，这就是你耳朵上带两个十字架的原因么"}, {"uid": "11970696", "content": "東雪莲国际机场"}, {"uid": "4026467", "content": "蛮可爱的"}, {"uid": "251372915", "content": "可爱"}, {"uid": "87912219", "content": "自称boku太戳了"}, {"uid": "301562", "content": "期待"}, {"uid": "19506352", "content": "是个厉害的孩子呢。"}, {"uid": "30303230", "content": "好可爱单推了单推了"}, {"uid": "550276063", "content": "大象歌"}, {"uid": "492072355", "content": "又是个多语学霸！？"}, {"uid": "1473465939", "content": "塞高尼嗨，铁鸭子哒 ！"}, {"uid": "47288811", "content": "珍惜现在这个样子的雪莲/doge"}, {"uid": "11991315", "content": "这么可爱一定不会唱大象歌吧"}, {"uid": "3819831", "content": "这么可爱一定不会唱大象歌吧"}, {"uid": "485305596", "content": "熟悉的声音，回来了啊！！！！"}, {"uid": "434620101", "content": "草"}, {"uid": "5695293", "content": "宁就是乔鲁诺（"}, {"uid": "38626480", "content": "《波涛澎湃》"}, {"uid": "363966", "content": "这是苹果开机界面吗（"}, {"uid": "8000357", "content": "给你个微笑自己体会"}, {"uid": "131652679", "content": "莱宝亲自市场调研"}, {"uid": "21558211", "content": "眠大佐好啊"}, {"uid": "595459953", "content": "明明就是魅魔"}, {"uid": "5317804", "content": "眠大佐好久不见"}, {"uid": "295686339", "content": "好罕见的女孩啊"}, {"uid": "1536472", "content": "东教授的孙女(不是)"}, {"uid": "33980787", "content": "太强了"}, {"uid": "34959019", "content": "让我来数数，我们现在有多少只吸血鬼了？"}, {"uid": "28613079", "content": "可爱单推"}, {"uid": "3500192", "content": "这个英语，真的好耳熟啊！"}, {"uid": "338285838", "content": "可以呀"}, {"uid": "169223605", "content": "虽然但是你的头为什么总在晃来晃去"}, {"uid": "13196831", "content": "？？？？？"}, {"uid": "393339966", "content": "出现幻觉了"}, {"uid": "1959976", "content": "不是18以下不能直播么？！"}, {"uid": "66827847", "content": "初见  可爱  结婚"}, {"uid": "210182366", "content": "单推了单推了"}, {"uid": "456055602", "content": "钢板，白发，三语，超可爱，单推！"}, {"uid": "18366775", "content": "这小子真出息了"}, {"uid": "521314790", "content": "请记住现在的她"}, {"uid": "32872712", "content": "为什么下次再见就是热爱250℃的你啊"}, {"uid": "442098360", "content": "大家不要被骗了啊啊啊啊"}, {"uid": "31474674", "content": "混沌的开始"}, {"uid": "61897044", "content": "乔鲁诺.乔巴拿"}, {"uid": "33980787", "content": "？？？？？？？？？？？？？"}, {"uid": "392738318", "content": "《如你所见》"}, {"uid": "338285838", "content": "意大利语"}, {"uid": "171982195", "content": "你是不是也有个梦想"}, {"uid": "1309445868", "content": "自信点，把的食物去掉"}, {"uid": "23111281", "content": "欢迎出生"}, {"uid": "24114220", "content": "ぼく（察觉）"}, {"uid": "131652679", "content": "好耶"}, {"uid": "13449720", "content": "僕"}, {"uid": "178074389", "content": "？？？？？"}, {"uid": "53829782", "content": "盲猜一波，莱宝会来"}, {"uid": "309807746", "content": "jp人混血"}, {"uid": "603779698", "content": "记住现在的她！"}, {"uid": "22948389", "content": "然而唯独就是不会中文"}, {"uid": "16881547", "content": "上头"}, {"uid": "27163051", "content": "大佬，太强了"}, {"uid": "338285838", "content": "期待"}, {"uid": "448851860", "content": "咲    夜"}, {"uid": "371656071", "content": "初见，单推"}, {"uid": "652537855", "content": "话说不是17岁吗？"}, {"uid": "35302716", "content": "刀锋战士（警觉）"}, {"uid": "301562", "content": "boingboing"}, {"uid": "19506352", "content": "多语系！强"}, {"uid": "1273235031", "content": "眠大佐"}, {"uid": "1959570", "content": "过来找找清纯的感觉"}, {"uid": "26568301", "content": "下次见面就是管人痴了"}, {"uid": "53240182", "content": "喜欢骂人？"}, {"uid": "22832475", "content": "佐大作"}, {"uid": "445148722", "content": "五JO"}, {"uid": "176723767", "content": "热爱250度的你是吧"}, {"uid": "454823574", "content": "口音好标准啊"}, {"uid": "11092118", "content": "能唱大象吗"}, {"uid": "441265281", "content": "大象大象"}, {"uid": "4130547", "content": "88888"}, {"uid": "491117", "content": "吸血鬼级别的fcup"}, {"uid": "94904685", "content": "西班牙语"}, {"uid": "296677974", "content": "“如你所见”"}, {"uid": "12768559", "content": "强啊"}, {"uid": "36104675", "content": "德语？"}, {"uid": "107648057", "content": "草"}, {"uid": "25542637", "content": "感觉有点傻气，哈哈哈"}, {"uid": "475626042", "content": "不管了先贴贴"}, {"uid": "160887269", "content": "哪里变强？狗头"}, {"uid": "13461882", "content": "法语 草"}, {"uid": "13461882", "content": "法语草"}, {"uid": "6402532", "content": "黄金精神"}, {"uid": "74173597", "content": "BiongBiong"}, {"uid": "636235263", "content": "柬埔寨難民"}, {"uid": "442937187", "content": "你**谁"}, {"uid": "5251340", "content": "大佐"}, {"uid": "494673734", "content": "你是中国人！！！！！"}, {"uid": "23451760", "content": "八嘎！"}, {"uid": "3835066", "content": "很喜欢吃人类()"}, {"uid": "71110590", "content": "考古这就是传说的女仆声线吗？i了i了"}, {"uid": "15057973", "content": "你也会在玩糖豆人的时候唱好汉歌吗"}, {"uid": "508734070", "content": "不管了，先贴了再说"}, {"uid": "27030398", "content": "秧歌star体质"}, {"uid": "1734919", "content": "英国不也是欧洲吗……啊现在不是，那没事了"}, {"uid": "23576276", "content": "すごい"}, {"uid": "92578829", "content": "？？？"}, {"uid": "406031652", "content": "？？？？？？"}, {"uid": "292723237", "content": "老粉不请自来"}, {"uid": "235617022", "content": "欢迎欢迎"}, {"uid": "195409137", "content": "是白毛"}, {"uid": "15662203", "content": "好耶"}, {"uid": "100816504", "content": "？？？？？"}, {"uid": "131652679", "content": "下次见"}, {"uid": "3350290", "content": "好耶，我要入狱了"}, {"uid": "603779698", "content": "你是中国的"}, {"uid": "2957809", "content": "狗罕见"}, {"uid": "1473465939", "content": "我要听火星语 "}, {"uid": "32986231", "content": "^^"}, {"uid": "268782321", "content": "阿巴巴"}, {"uid": "455067783", "content": "宁就是乔鲁诺"}, {"uid": "255582427", "content": "草"}, {"uid": "106301394", "content": "加油！"}, {"uid": "11798168", "content": "哈哈"}, {"uid": "812617", "content": "C++，java之类的语言有兴趣学吗"}, {"uid": "179162519", "content": "可爱可爱"}, {"uid": "148693333", "content": "!"}, {"uid": "40066081", "content": "不要讲这个，我听不懂"}, {"uid": "2000279173", "content": "针不戳"}, {"uid": "131652679", "content": "建议锤子来挖人"}, {"uid": "11329290", "content": "那喜欢吃毛血旺吗"}, {"uid": "441025410", "content": "所以说，我不知道UP是哪国人了"}, {"uid": "21239529", "content": "罕见！"}, {"uid": "442098360", "content": "这个女人，他会骂人"}, {"uid": "318527607", "content": "谁？"}, {"uid": "110506104", "content": "登dua郎"}, {"uid": "12537798", "content": "？？？"}, {"uid": "33980787", "content": "强啊"}, {"uid": "2854211", "content": "虚构"}, {"uid": "8605613", "content": "阿巴阿巴阿巴"}, {"uid": "340783275", "content": "tql"}, {"uid": "212499787", "content": "喜欢吃作为食物的人类（"}, {"uid": "28337175", "content": "好耶"}, {"uid": "546461266", "content": "好！！！！"}, {"uid": "498812992", "content": "加油！"}, {"uid": "31266958", "content": "d起来了"}, {"uid": "456327519", "content": "法语草"}, {"uid": "15956224", "content": "乔鲁诺 乔巴纳"}, {"uid": "23111281", "content": "？？？"}, {"uid": "210182366", "content": "好可爱"}, {"uid": "131652679", "content": "JS"}, {"uid": "194370032", "content": "大佐好!"}, {"uid": "400593401", "content": "别问了是罕见人"}, {"uid": "451361954", "content": "白毛赛高"}, {"uid": "2373192", "content": "耳熟"}, {"uid": "296677974", "content": "boku 察觉"}, {"uid": "347941446", "content": "意大利语吗？"}, {"uid": "195654114", "content": "三年"}, {"uid": "100816504", "content": "喜欢吃人"}, {"uid": "370846568", "content": "柬埔寨飞机场"}, {"uid": "370846568", "content": "哪国的吸血鬼"}, {"uid": "40488371", "content": "才知道.............."}, {"uid": "4151474", "content": "初见..... 初见！！可爱！！！ 单推！！！！"}, {"uid": "503391695", "content": "初見可愛單推 "}]