[{"uid": "24746254", "content": "笑裂了这里"}, {"uid": "2271035", "content": "好汉 欧内的手"}, {"uid": "475236191", "content": "莲宝只有唱歌时是正常的"}, {"uid": "20111550", "content": "好听好听"}, {"uid": "1461338330", "content": "我相信他會紅"}, {"uid": "267038620", "content": "破音高能"}, {"uid": "9108710", "content": "试图把我修复"}, {"uid": "25381178", "content": "不，你有"}, {"uid": "456278309", "content": "↓啊这                 "}, {"uid": "3377669", "content": "只有在唱歌的时候才清楚的莲宝"}, {"uid": "39098391", "content": "好炫的字幕"}, {"uid": "2271035", "content": "试图把我激怒"}, {"uid": "2271035", "content": "试图把我激怒"}, {"uid": "20695192", "content": "混响劝退"}, {"uid": "508734070", "content": "字幕好评"}, {"uid": "25624893", "content": "呲牙"}, {"uid": "26620068", "content": "热乎好耶"}, {"uid": "535087127", "content": "正是在下"}, {"uid": "8425102", "content": "试图把我激怒"}, {"uid": "225535865", "content": "好听呜呜呜"}, {"uid": "20111550", "content": "好听好听"}, {"uid": "443257759", "content": "欧内的手好汉"}]