[{"uid": "1701407", "content": "哈哈哈哈"}, {"uid": "30216615", "content": "逆了大天"}, {"uid": "15976040", "content": "草，好活，六一快乐"}, {"uid": "189790025", "content": "逆天"}, {"uid": "28573281", "content": "逆天"}, {"uid": "10650378", "content": "逆天"}, {"uid": "223811341", "content": "讨厌土嗨"}, {"uid": "231667339", "content": "好活"}, {"uid": "39556181", "content": "www"}, {"uid": "223811341", "content": "我恨土嗨"}, {"uid": "431360424", "content": "离谱"}]