[{"uid": "9044072", "content": "懂了，莲宝喜欢默克尔"}, {"uid": "109691490", "content": "以后骂人可就不是这样了（）"}, {"uid": "85120465", "content": "啊这"}, {"uid": "23562069", "content": "冲国人"}, {"uid": "5073421", "content": "啊这"}, {"uid": "3970880", "content": "啊，所以你去染头发了？"}, {"uid": "265501", "content": "好！好好好好好！"}, {"uid": "4130547", "content": "这说的是我"}, {"uid": "4130547", "content": "是我"}, {"uid": "362915735", "content": "雾枝大好"}, {"uid": "728158", "content": "我喜欢我自己"}, {"uid": "2956750", "content": "、"}, {"uid": "4151474", "content": "女粉！！！"}, {"uid": "18422187", "content": "指狐狸（又指羊驼）"}, {"uid": "13156791", "content": "好耶"}, {"uid": "141375962", "content": "啊这"}, {"uid": "2510994", "content": "我爱你"}, {"uid": "37051501", "content": "草"}, {"uid": "231667339", "content": "这个少点味道啊"}, {"uid": "5488297", "content": "日语骂人给她整不会了"}, {"uid": "4130547", "content": "阿这"}, {"uid": "23695934", "content": "这谜语人啊"}]