[{"uid": "441025410", "content": "你不是晕血吗？（"}, {"uid": "349939206", "content": "不错诶"}, {"uid": "20111550", "content": "芜湖"}, {"uid": "12137727", "content": "超棒！"}, {"uid": "3885523", "content": "♪⸜(๑ ॑꒳ ॑๑)⸝♪✰"}, {"uid": "502914806", "content": "好温柔的声音"}, {"uid": "528159195", "content": "这个笑绝了"}, {"uid": "3885523", "content": "来了来了来了"}, {"uid": "493950170", "content": "kksk"}, {"uid": "20111550", "content": "太好听辣"}, {"uid": "627799217", "content": "本色出演"}, {"uid": "18422187", "content": "可爱可爱"}, {"uid": "492633594", "content": "＼爹/＼爹/＼爹/＼爹/＼爹/＼爹/＼爹/＼爹/＼爹/"}, {"uid": "492633594", "content": "＼爹/＼爹/＼爹/＼爹/＼爹/＼爹/＼爹/＼爹/＼爹/"}]