[{"uid": "10313446", "content": "很难不gachi"}, {"uid": "10313446", "content": "awsl"}, {"uid": "384008962", "content": "理解了沒啦"}, {"uid": "678837134", "content": "想被爱是机密事件"}, {"uid": "678837134", "content": "还未被满足"}, {"uid": "678837134", "content": "你所有的一切"}, {"uid": "678837134", "content": "I   love you"}, {"uid": "678837134", "content": "呐   不要离开这里好吗"}, {"uid": "2683721", "content": "awsl"}, {"uid": "398825879", "content": "莲宝！"}, {"uid": "3885523", "content": "♪⸜(๑ ॑꒳ ॑๑)⸝♪✰"}, {"uid": "3885523", "content": "来了来了来了"}, {"uid": "678837134", "content": "吃下这个后"}, {"uid": "678837134", "content": "I  have  you"}, {"uid": "678837134", "content": "你的体温与心脏"}, {"uid": "18647215", "content": "你寄吧谁啊？"}, {"uid": "678837134", "content": "还未被满足"}, {"uid": "214642094", "content": "看成草履虫了"}, {"uid": "3290821", "content": "来了"}, {"uid": "678837134", "content": "请不要离开这里"}, {"uid": "22207796", "content": "这是我听过的最好听的版本了"}, {"uid": "1815616", "content": "好听"}, {"uid": "678837134", "content": "想被爱"}, {"uid": "678837134", "content": "都是我的就好了"}, {"uid": "678837134", "content": "so"}, {"uid": "4832051", "content": "理芽！"}, {"uid": "678837134", "content": "爱"}, {"uid": "678837134", "content": "就能忘掉讨厌的事物吗？"}, {"uid": "678837134", "content": "吃下这个后"}, {"uid": "290794921", "content": "好耶"}, {"uid": "131652679", "content": "味太足了，好病娇哦"}, {"uid": "678837134", "content": "爱"}, {"uid": "488481106", "content": "可爱www"}]