[{"uid": "2955391", "content": "丈育"}, {"uid": "27489567", "content": "很快就到你家门口"}, {"uid": "388346328", "content": "debu猫（）"}, {"uid": "5983382", "content": "草"}, {"uid": "270084390", "content": "上一个蛮清楚的英V叫做耳朵猫"}, {"uid": "796668", "content": "草"}, {"uid": "24531252", "content": "笑得有西方味了www"}, {"uid": "4461236", "content": "绷不住了"}, {"uid": "402626700", "content": "来抓观众的"}, {"uid": "327452498", "content": "草"}, {"uid": "10852917", "content": "我的心被逮捕了"}, {"uid": "543308016", "content": "坐等牢底坐穿（我就在龙王隔壁）"}, {"uid": "358362890", "content": "？"}, {"uid": "2356088", "content": "草"}, {"uid": "16155730", "content": "猫：rnm别碰爷！"}, {"uid": "16155730", "content": "猫：rnm爷饿了，给爷吃的"}, {"uid": "16155730", "content": "猫：rnm快来！"}, {"uid": "16155730", "content": "我爱你（确信）[doge]"}, {"uid": "16155730", "content": "我akm"}, {"uid": "4471661", "content": "女警play吗，我兴奋起来了"}, {"uid": "38746859", "content": "行云流水"}, {"uid": "523591113", "content": "中情局"}, {"uid": "52123", "content": "其实吧……CIA在外面的黑话里有个名字就叫公司"}, {"uid": "571715", "content": "这句是蓮蓮打的吧"}, {"uid": "17483819", "content": "我也被FBI警告过好多次了都没当回事"}, {"uid": "179162519", "content": "可爱"}, {"uid": "39219543", "content": "中央情报局"}, {"uid": "246570696", "content": "fbi来中国也没用"}]