[{"uid": "1667511", "content": "怎 么 老 是 你"}, {"uid": "22765357", "content": "本性逐渐暴露"}, {"uid": "241701464", "content": "红       渡"}, {"uid": "2455215", "content": "我将于二月20号11点进行首次直播"}, {"uid": "1577520", "content": "刀 锋 战 士"}, {"uid": "25879025", "content": "我一眼就看出你不是人"}, {"uid": "177757300", "content": "所以届时请来到我的直播间与我聊天"}, {"uid": "177757300", "content": "我会尽力说英语"}, {"uid": "177757300", "content": "我还有许多话题能聊"}, {"uid": "177757300", "content": "你是用英语还是其他语言直播？"}, {"uid": "177757300", "content": "所以我可能会做一些有游戏直播"}, {"uid": "177757300", "content": "我主要会上传一些唱见视频"}, {"uid": "177757300", "content": "一位生活在日本的vtb"}, {"uid": "1689785", "content": "这chillout我爱了"}, {"uid": "7727321", "content": "8888888"}, {"uid": "65573150", "content": "？！"}, {"uid": "2149640", "content": "《我 英 语 不 太 好》"}, {"uid": "39742212", "content": "骗过上帝"}, {"uid": "35988337", "content": "byebye"}, {"uid": "24716296", "content": "经典开头"}, {"uid": "101665385", "content": "I just said：hi，my Sweety"}, {"uid": "519164", "content": "那还挺罕见的"}, {"uid": "121888415", "content": "这片头就离谱"}, {"uid": "2455215", "content": "no, i don't"}, {"uid": "5773287", "content": "自己都犹豫了下"}, {"uid": "177757300", "content": "你在未来计划做什么"}, {"uid": "177757300", "content": "但一般来说我是吸血鬼"}, {"uid": "177757300", "content": "从开始到结束请留在这里"}, {"uid": "498812992", "content": "好眼熟的开头啊"}, {"uid": "13311419", "content": "66!"}, {"uid": "293844122", "content": "？！！"}, {"uid": "305617742", "content": "？"}, {"uid": "160213825", "content": "hello gays（错乱）"}, {"uid": "177757300", "content": "请关上您的嘴"}, {"uid": "15295192", "content": "你对未来有什么打算吗"}, {"uid": "7727321", "content": "yeeeeeeeah"}, {"uid": "472239571", "content": "开幕雷击"}, {"uid": "101703278", "content": "罕见"}, {"uid": "7896115", "content": "哈哈哈"}, {"uid": "34741026", "content": "？？？？？？？？？"}, {"uid": "177757300", "content": "我想要人来教我英语"}, {"uid": "177757300", "content": "此外，我喜欢fps游戏"}, {"uid": "177757300", "content": "并且会有许多原创的歌曲和CD"}, {"uid": "177757300", "content": "你是人类吗"}, {"uid": "177757300", "content": "只是我的自我介绍视频"}, {"uid": "177757300", "content": "你想我吗？"}, {"uid": "219213", "content": "来了"}, {"uid": "247273887", "content": "新物种，建议抓起来研究（？）"}, {"uid": "51277600", "content": "你不是16吗（错乱）"}, {"uid": "31392201", "content": "珍惜之前的吸血鬼"}, {"uid": "177757300", "content": "你们想我吗"}, {"uid": "76774705", "content": "www"}, {"uid": "44127617", "content": "？"}, {"uid": "36272588", "content": "???"}, {"uid": "663072713", "content": "简简单单溜条√@東雪蓮Official​"}, {"uid": "87315273", "content": "中国口音？"}, {"uid": "872810", "content": "虚空对线，有內味了"}, {"uid": "235617022", "content": "？"}, {"uid": "177757300", "content": "我的首次直播将会在2月20号日本时间上午11点开始"}, {"uid": "177757300", "content": "希望在直播里看见你"}, {"uid": "177757300", "content": "我14（0）岁了"}, {"uid": "177757300", "content": "我有一位吸血鬼妈妈和一位人类爸爸"}, {"uid": "177757300", "content": "所以我们开始吧"}, {"uid": "3439717", "content": "彩六！"}, {"uid": "76774705", "content": "！？？"}, {"uid": "98332349", "content": "yeeeeeeeees！！"}, {"uid": "222337584", "content": "介娘们可不像好人啊"}, {"uid": "249059859", "content": "我○○怎能不是人，你○○长眼睛上了吗"}, {"uid": "16636115", "content": "这是哪国的"}, {"uid": "315601837", "content": "I love shooting games,too"}, {"uid": "13792286", "content": "？？？？？"}, {"uid": "1714989819", "content": "我想死你了！"}, {"uid": "437235905", "content": "？？？？？？"}, {"uid": "106296575", "content": "快速暴露"}, {"uid": "177757300", "content": "我英语不是很好"}, {"uid": "177757300", "content": "我的意思是虚拟日本"}, {"uid": "15295192", "content": "与未来打算做"}, {"uid": "10251066", "content": "草，人鬼混血？"}, {"uid": "50344455", "content": "？？？"}, {"uid": "13916182", "content": "^^"}, {"uid": "13356152", "content": "?"}, {"uid": "177757300", "content": "拜托"}, {"uid": "350161899", "content": "彩六好耶！"}, {"uid": "179162519", "content": "可爱"}, {"uid": "305914266", "content": "？"}, {"uid": "345640540", "content": "华科有"}, {"uid": "493870712", "content": "我一眼看出你不是人，你不说中文我听不懂"}, {"uid": "36172992", "content": "東雪蓮假面骑士说"}, {"uid": "316329719", "content": "？"}, {"uid": "872810", "content": "14了14了"}, {"uid": "37051501", "content": "草"}, {"uid": "177757300", "content": "你看起来年龄很小，请问你的实际年龄"}, {"uid": "10251066", "content": "yes"}, {"uid": "26002622", "content": "？？？"}, {"uid": "346312304", "content": "？"}, {"uid": "74173597", "content": "？？？？？"}, {"uid": "37051501", "content": "？"}, {"uid": "279923705", "content": "www"}]