[{"uid": "33732600", "content": "？？？？"}, {"uid": "354135260", "content": "↑嘴角逐渐上扬"}, {"uid": "354135260", "content": "？奇怪的风吹起来了"}, {"uid": "36095600", "content": "？？？？？？"}, {"uid": "36095600", "content": "自导自演"}, {"uid": "36095600", "content": "高二考大学"}, {"uid": "1429374043", "content": "185才60公斤 瘦出来的吧身材吧"}, {"uid": "106154676", "content": "在这"}, {"uid": "251589", "content": "老精分了"}, {"uid": "29475979", "content": "傻孩子，男女光骨骼密度和体积就差了不少重量了啊"}, {"uid": "393510578", "content": "柬埔寨"}, {"uid": "401571733", "content": "有个把"}, {"uid": "4458870", "content": "体积又不是和长度等比例的"}, {"uid": "22765357", "content": "185全身都是肌肉，你男朋友充气的是吧"}, {"uid": "22765357", "content": "【我高二的时候去考大学】"}, {"uid": "19177338", "content": "果然还是平"}, {"uid": "4220840", "content": "跟着疯子走，疯子是杀手"}, {"uid": "31392201", "content": "满足你"}, {"uid": "296777304", "content": "不至于不至于，A-再低一点吧"}, {"uid": "7178882", "content": "再骂"}, {"uid": "508734070", "content": "老精分了（不是）"}, {"uid": "508734070", "content": "天才"}, {"uid": "452515684", "content": "裤裤代播"}, {"uid": "14462903", "content": "私立高中"}, {"uid": "21991212", "content": "这是什么暗号啊"}, {"uid": "588910661", "content": "说明没有外置装甲....."}, {"uid": "588910661", "content": "没有办法再编更多了...."}, {"uid": "15976040", "content": "草"}, {"uid": "4313978", "content": "爱了"}, {"uid": "6237793", "content": "？"}, {"uid": "20317592", "content": "草"}, {"uid": "84671972", "content": "？流向改变了"}, {"uid": "3930046", "content": "你好西蓝花"}, {"uid": "11453613", "content": "那AA稳了"}, {"uid": "11453613", "content": "想屁吃"}, {"uid": "11453613", "content": "1.85和60kg和大腹肌不能并存，太瘦了"}, {"uid": "219557572", "content": "好耶，155"}, {"uid": "219557572", "content": "看故事认时间。"}, {"uid": "399607958", "content": "天 空 寺 尊(ghost并感)"}, {"uid": "2373192", "content": "上次葵花，这次手"}, {"uid": "18545467", "content": "185 60公斤哪有肌肉"}, {"uid": "27030398", "content": "身高185CM，有胸肌，有腹肌，长得像吴彦祖。。。。我知道了！你喜欢古尔丹！！"}, {"uid": "6285775", "content": "近大远小"}, {"uid": "11169707", "content": "不愧是你"}, {"uid": "13677312", "content": "那也是竹竿啊草"}, {"uid": "19787117", "content": "大家好 我是步非車"}, {"uid": "13677312", "content": "流向改变了！！"}, {"uid": "109219882", "content": "草"}, {"uid": "348473259", "content": "我不做吸血鬼了(误"}, {"uid": "348473259", "content": "彩蛋注意"}, {"uid": "7991044", "content": "最高指令"}, {"uid": "3970880", "content": "莲宝，恭喜你，终于有男朋友了（doge）"}, {"uid": "109857316", "content": "我是前男友（）"}, {"uid": "109857316", "content": "我是北雨莲"}, {"uid": "100582806", "content": "？"}, {"uid": "5391314", "content": "大学"}, {"uid": "34403114", "content": "懂了，我相信我跟莲莲贴贴"}, {"uid": "3958443", "content": "蚌埠住了"}, {"uid": "3958443", "content": "東哥我是你的粉丝啊！（飞扑）"}, {"uid": "3958443", "content": "完 全 胜 利"}, {"uid": "323953409", "content": "然后你会发现你原本的声线回不来了"}, {"uid": "24757647", "content": "自我呼吸"}, {"uid": "101665385", "content": "图片仅供参考"}, {"uid": "2648843", "content": "莲宝，我好想你"}, {"uid": "39098391", "content": "？"}, {"uid": "39098391", "content": "完 全 胜 利"}, {"uid": "583460247", "content": "完全胜利"}, {"uid": "44684796", "content": "好的·剪了"}, {"uid": "303096421", "content": "？"}, {"uid": "20705879", "content": "185全身肌肉60公斤，这是竹竿吗"}, {"uid": "13844656", "content": "编不下去了.jpg"}, {"uid": "3958443", "content": "牛啤！"}, {"uid": "1940949", "content": "勇，真的勇"}, {"uid": "5488297", "content": "学士还是副学士"}, {"uid": "85120465", "content": "ohhhhhhhhhhhh"}, {"uid": "508734070", "content": "想起了眠宝的向日葵"}, {"uid": "27476751", "content": "妹啊，你这个条件的估计是肉都长在胸上的火柴人啊"}, {"uid": "13483106", "content": "天才少女"}, {"uid": "49858331", "content": "ん？"}, {"uid": "4151474", "content": "hso"}, {"uid": "194881", "content": "我编不下去了。。。"}, {"uid": "323953409", "content": "草"}, {"uid": "258198826", "content": "ん？"}, {"uid": "136807923", "content": "高学历vtuber"}, {"uid": "40874233", "content": "dna动了"}, {"uid": "46518093", "content": "这个我熟，垫刀"}, {"uid": "1915176", "content": "人均长得像吴彦祖"}, {"uid": "11474490", "content": "大体积学校是什么"}, {"uid": "11034414", "content": "竹竿人"}, {"uid": "23576276", "content": "ん？"}, {"uid": "350230238", "content": "185，60公斤怕是啥肌肉都没有（"}, {"uid": "94635647", "content": "完全胜利"}, {"uid": "10313446", "content": "莲宝，永远的神！！！"}, {"uid": "11952703", "content": "debu学校"}, {"uid": "222337584", "content": "完全胜利"}, {"uid": "521314790", "content": "你好，西兰花 "}, {"uid": "29475979", "content": "185CM60kg？？？？"}, {"uid": "22765357", "content": "最高指令"}, {"uid": "12662897", "content": "60kg没有肌肉的，80还差不多"}, {"uid": "1993462", "content": "ohhhhhhhhhhhhhhhhhh"}, {"uid": "136807923", "content": "v我50"}, {"uid": "11453613", "content": "西门庆潘金莲？"}, {"uid": "10313446", "content": "说的太对了·"}, {"uid": "219557572", "content": "在这呢"}, {"uid": "4471661", "content": "牛逼"}, {"uid": "37051501", "content": "草"}, {"uid": "13994651", "content": "damedesu"}, {"uid": "34403114", "content": "？？？？？"}, {"uid": "234070129", "content": "大学？高中？"}, {"uid": "24757647", "content": "hso"}, {"uid": "101665385", "content": "好的手宝！"}, {"uid": "101665385", "content": "草"}, {"uid": "39098391", "content": "HSO"}, {"uid": "439948878", "content": "高中？大学？"}, {"uid": "222337584", "content": "最高指令"}, {"uid": "393510578", "content": "完全胜利"}, {"uid": "6782340", "content": "快马加编"}, {"uid": "588910661", "content": "完全胜利"}, {"uid": "4313978", "content": "nb"}, {"uid": "7991044", "content": "太励志了"}, {"uid": "4895170", "content": "三二分段的大专？"}, {"uid": "13677312", "content": "ん？"}, {"uid": "34403114", "content": "大专吧"}, {"uid": "101665385", "content": "在这"}, {"uid": "508734070", "content": "牛逼"}, {"uid": "9376014", "content": "185 60kg就别想着什么肌肉了.."}, {"uid": "91505306", "content": "hso"}, {"uid": "100582806", "content": "害怕"}, {"uid": "3958443", "content": "草"}, {"uid": "11542374", "content": "草"}, {"uid": "354135260", "content": "完全胜利"}, {"uid": "505922359", "content": "nb"}, {"uid": "24268804", "content": "UNICORN！"}, {"uid": "13608799", "content": "所以说大体积和中体积不是大学中学，哪是什么学"}, {"uid": "3392900", "content": "7470"}, {"uid": "219557572", "content": "啊，在场"}, {"uid": "18545467", "content": "185 60kg"}, {"uid": "91505306", "content": "草"}, {"uid": "13288755", "content": "高中吗？"}, {"uid": "83743167", "content": "出不起高中学费能上的起大学?"}, {"uid": "470903375", "content": "有人吗？"}, {"uid": "470903375", "content": "自导自演"}, {"uid": "470903375", "content": "疯子竟是我自己"}, {"uid": "470903375", "content": "诶就不听就是玩"}, {"uid": "296777304", "content": "呸，滚，你寄吧谁呀（认真脸）"}, {"uid": "34403114", "content": "噢噢噢噢噢噢噢噢噢噢噢噢噢噢噢噢哦哦哦"}, {"uid": "101665385", "content": "？？？？？？？？？？？？？？？？？？？？？？？？？？？？？？？？？？？？？？？？？？？？？？？？？？？？？？？？？"}]