[{"uid": "1298644677", "content": "？？？？？？？？？？？？？？"}, {"uid": "1298644677", "content": "妈"}, {"uid": "12845862", "content": "斯巴拉西"}, {"uid": "400940990", "content": "好怪哦，关注了"}, {"uid": "400940990", "content": "教坏莱宝"}, {"uid": "521314790", "content": "但你就应该看看我的电脑 "}, {"uid": "521314790", "content": "生命诞生的神圣仪式 "}, {"uid": "668666835", "content": "你到底有多少"}, {"uid": "668666835", "content": "正义"}, {"uid": "94506", "content": "你的爱马仕本也太多了吧"}, {"uid": "76082817", "content": "死肥宅都是电脑硬盘里的学习资料"}, {"uid": "690480158", "content": "???"}, {"uid": "183448871", "content": "我的耳朵啊~"}, {"uid": "472275647", "content": "wwwww"}, {"uid": "11660144", "content": "???"}, {"uid": "23208158", "content": "？？"}, {"uid": "136043", "content": "知识↑ 知识↑"}, {"uid": "623336", "content": "虎狼之词"}, {"uid": "588910661", "content": "?????"}, {"uid": "6291373", "content": "肥宅的笑声"}, {"uid": "498665", "content": "虽然我不懂 但我大受震撼"}, {"uid": "68129973", "content": "碧蓝幻想？"}, {"uid": "38568957", "content": "杀猪了？"}, {"uid": "3460455", "content": "我们现在都上网看"}, {"uid": "61249699", "content": "你吼辣么大声干什么嘛"}, {"uid": "191067342", "content": "不要在奇怪的地方当导游啊喂！"}, {"uid": "191067342", "content": "草"}, {"uid": "191067342", "content": "家 底 抄 不 尽"}, {"uid": "191067342", "content": "脑子里面一直有画面是怎么回事（（（"}, {"uid": "402165004", "content": "懂了！是棍子！("}, {"uid": "3970880", "content": "因为她家里到处都是这种书"}, {"uid": "3970880", "content": "震惊"}, {"uid": "3970880", "content": "你们没有的东西，我已经知道是什么了"}, {"uid": "18208014", "content": "莱宝被登dua朗了（悲"}, {"uid": "3182442", "content": "没看过，我都是看1080p的（"}, {"uid": "3182442", "content": "草"}, {"uid": "3182442", "content": "自 知 之 明"}, {"uid": "11453613", "content": "我只会心疼giegie("}, {"uid": "230149088", "content": "为什么我们总要局限于天空而不是地下呢（"}, {"uid": "812617", "content": "这是喝了多少"}, {"uid": "2854211", "content": "太怪了"}, {"uid": "2854211", "content": "悲剧啊！！！"}, {"uid": "2854211", "content": "莱宝打开了新世界的大门"}, {"uid": "33549", "content": "酸"}, {"uid": "7896115", "content": "斗地主吗不是"}, {"uid": "66102947", "content": "清楚清楚"}, {"uid": "11314", "content": "你们没有的也太多了"}, {"uid": "219213", "content": "哈哈哈哈"}, {"uid": "219213", "content": "噢"}, {"uid": "9131508", "content": "爱马仕鲨疯了"}, {"uid": "9131508", "content": "《纯爱》"}, {"uid": "9131508", "content": "你叫那么大声干嘛嚯"}, {"uid": "26620068", "content": "好耶"}, {"uid": "580140019", "content": "卧槽？？？"}, {"uid": "11624146", "content": "纯爱，好耶"}, {"uid": "3970880", "content": "？？？？还真没看过"}, {"uid": "33569261", "content": "？？？？？"}, {"uid": "17365452", "content": "斗地主吗"}, {"uid": "544332690", "content": "0.5块快"}, {"uid": "400940990", "content": "不是，你们都不看的吗doge"}, {"uid": "521314790", "content": "我知道了,脑子 !"}, {"uid": "30216615", "content": "？？？？"}, {"uid": "31804554", "content": "小女孩和小女孩？毛玉老师？"}, {"uid": "76082817", "content": "《纯爱》"}, {"uid": "11660144", "content": "?"}, {"uid": "43024040", "content": "异世界那本？"}, {"uid": "21208161", "content": "瘟度持续升高"}, {"uid": "373571", "content": "碧之轨迹"}, {"uid": "141375962", "content": "如数家珍"}, {"uid": "2517516", "content": "？？？？？"}, {"uid": "24946243", "content": "懂了 是胸！"}, {"uid": "9131508", "content": "你好骚啊"}, {"uid": "1298644677", "content": "为什么会有小姐姐能笑出这种声音"}, {"uid": "400940990", "content": "肥宅之笑"}, {"uid": "36118784", "content": "你们都不看的吗？（bushi"}, {"uid": "23401240", "content": "笑死"}, {"uid": "23401240", "content": "我大概知道是啥本了"}, {"uid": "78817", "content": "？？？？？"}, {"uid": "12184508", "content": "哈？"}, {"uid": "38568957", "content": "？？？"}, {"uid": "191067342", "content": "持续掉san中"}, {"uid": "14394214", "content": "？？？"}, {"uid": "2854211", "content": "XP公开"}, {"uid": "33549", "content": "肥宅震怒"}, {"uid": "1298644677", "content": "？？？？？？？？？？？？"}, {"uid": "544332690", "content": "0.5"}, {"uid": "9467813", "content": "好耶"}, {"uid": "170765984", "content": "我懂了，是脑子！"}, {"uid": "266893150", "content": "啤酒肚"}, {"uid": "43024040", "content": "异世界那本？"}, {"uid": "33549", "content": "？"}, {"uid": "24531252", "content": "ymr"}, {"uid": "3211729", "content": "？？？？？？？"}, {"uid": "30216615", "content": "1v4"}, {"uid": "30216615", "content": "1080p"}, {"uid": "30216615", "content": "沒有"}, {"uid": "31804554", "content": "斯给……"}, {"uid": "32169317", "content": "？？？？"}, {"uid": "32169317", "content": "？？"}, {"uid": "1475255", "content": "纯爱战士给您点了个赞"}, {"uid": "74670019", "content": "？？？？"}, {"uid": "15976040", "content": "草"}, {"uid": "17771410", "content": "不要纯爱，牛头人天下第一"}, {"uid": "11329290", "content": "kimo"}, {"uid": "473377515", "content": "好康的("}, {"uid": "4461236", "content": "开幕雷击"}, {"uid": "380740", "content": "xiong"}, {"uid": "22409459", "content": "草"}, {"uid": "1298644677", "content": "到底是谁该安静"}, {"uid": "471025806", "content": "弹幕有点少啊"}, {"uid": "1630276661", "content": "懂了 是头"}, {"uid": "668666835", "content": "……"}, {"uid": "668666835", "content": "……"}, {"uid": "94635647", "content": "肥宅震怒"}, {"uid": "43210220", "content": "？"}, {"uid": "351603540", "content": "？？？？？？？"}, {"uid": "11013264", "content": "春夏秋冬？"}, {"uid": "34481368", "content": "。？？？"}, {"uid": "1474544", "content": "草"}, {"uid": "143421811", "content": "kimo"}, {"uid": "403422153", "content": "我去，我好像看过这本"}, {"uid": "176104", "content": "？？？"}, {"uid": "570569", "content": "气孔师gcj"}, {"uid": "9227657", "content": "草"}, {"uid": "10720344", "content": "牛牛？"}, {"uid": "668666835", "content": "主啊"}, {"uid": "668666835", "content": "没有"}, {"uid": "243736685", "content": "？？？"}, {"uid": "29940575", "content": "kimo"}, {"uid": "34764024", "content": "？？？"}, {"uid": "68129973", "content": "好耶，xp和我一样"}, {"uid": "68129973", "content": "我都是1080p的"}, {"uid": "17365452", "content": "发病了，她发病了"}, {"uid": "291249238", "content": "封了封了封了！！！这谁给放出来的这是？？？"}, {"uid": "690480158", "content": "???"}, {"uid": "70127940", "content": "？？"}, {"uid": "243736685", "content": "磨**"}, {"uid": "29940575", "content": "???????"}, {"uid": "190650", "content": "胸"}, {"uid": "7978767", "content": "不是 你们都不看的吗"}, {"uid": "74670019", "content": "胸吗？"}, {"uid": "671968", "content": "沃草"}, {"uid": "219213", "content": "？"}, {"uid": "2854211", "content": "...."}, {"uid": "610719", "content": "？？？？"}, {"uid": "812617", "content": "死肥宅也不会有这么多本吧"}]