[{"uid": "65219882", "content": "这么可爱的姑娘，一定不会说粗话吧（doge）"}, {"uid": "90458041", "content": "阿伟走了，白发人送绿发人了（狗头）"}, {"uid": "29525210", "content": "笑嘻辽"}, {"uid": "25614148", "content": "嘴嘴好像一碗饭(DNA错乱)"}, {"uid": "11153747", "content": "張嘴那瞬間想起申䒕雅233333"}, {"uid": "39622053", "content": "可爱，如果不说话的话"}, {"uid": "30029855", "content": "热水多喝点"}, {"uid": "30029855", "content": "八月顶着大太阳"}, {"uid": "34179798", "content": "你是真的屑（doge）"}, {"uid": "470477790", "content": "这么可爱的妹子说话一定很好听吧"}, {"uid": "393892", "content": "awsl"}, {"uid": "185559412", "content": "哈哈哈哈哈"}, {"uid": "459321", "content": "老婆！"}, {"uid": "37083032", "content": "超可爱"}, {"uid": "32451375", "content": "是白毛，爱了爱了"}, {"uid": "23341583", "content": "可爱可爱！"}, {"uid": "8876105", "content": "awsl"}, {"uid": "10064413", "content": "可可爱爱"}, {"uid": "565774741", "content": "可爱!"}, {"uid": "371786757", "content": "可爱"}, {"uid": "437235905", "content": "可爱"}, {"uid": "282998291", "content": "可爱！"}, {"uid": "31804554", "content": "我死了"}, {"uid": "33980787", "content": "可爱"}, {"uid": "98913492", "content": "可爱"}, {"uid": "482927152", "content": "かわいい"}, {"uid": "496536555", "content": "为什么就是长了个嘴"}, {"uid": "43664175", "content": "Super idol 的ガチ都没你能舔"}, {"uid": "10082056", "content": "可惜长了张嘴"}, {"uid": "46510241", "content": "可惜长了张嘴"}, {"uid": "414676828", "content": "你寄吧谁啊"}, {"uid": "89383581", "content": "可爱"}, {"uid": "16751991", "content": "可爱！"}, {"uid": "498812992", "content": "可愛"}, {"uid": "35988337", "content": "我死了"}]