[{"uid": "412912714", "content": "你寄吧谁啊"}, {"uid": "628662136", "content": "好耶"}, {"uid": "128617921", "content": "凉拌"}, {"uid": "646992073", "content": "害怕。。"}, {"uid": "84105758", "content": "好耶！！！！"}, {"uid": "96821972", "content": "芜湖"}, {"uid": "26944429", "content": "你寄吧谁啊"}, {"uid": "437724288", "content": "nice"}, {"uid": "456700060", "content": "woc"}, {"uid": "456700060", "content": "您哪位"}, {"uid": "4724169", "content": "谁？"}, {"uid": "17041633", "content": "你寄吧谁啊"}, {"uid": "113524160", "content": "谁？"}, {"uid": "237998510", "content": "你开了弹幕"}, {"uid": "628662136", "content": "芜湖！！！！！！！！！！！！！！！！！！！！！！！！！！！！！！！！！！！！！！！！！！！！"}]