[{"uid": "244997598", "content": "打你条棱（珠海方言）"}, {"uid": "223811341", "content": "你家猫会骂人吗"}, {"uid": "1687716162", "content": "无中生友"}, {"uid": "400940990", "content": "你再骂！"}, {"uid": "400940990", "content": "妹天堂"}, {"uid": "400940990", "content": "四海皆表哥"}, {"uid": "301961434", "content": "生旧叉烧都好过生你"}, {"uid": "357680913", "content": "我是猫的臂膀"}, {"uid": "661119872", "content": "就可以去看其他老婆了"}, {"uid": "23341583", "content": "你笑你〇个凑嗨（doge）"}, {"uid": "611619155", "content": "你家猫会对线吗"}, {"uid": "29640423", "content": "经典野鸟冲上去了"}, {"uid": "45431656", "content": "还有柬埔寨的"}, {"uid": "4985413", "content": "master"}, {"uid": "25026651", "content": "是好康的动画片"}, {"uid": "16501019", "content": "战术失忆"}, {"uid": "16501019", "content": " 各   种   地   方"}, {"uid": "20482446", "content": "我看你是什么都懂哦"}, {"uid": "3804880", "content": "莲 太 后"}, {"uid": "2007142", "content": "钢化玻璃"}, {"uid": "1474544", "content": "魔鬼"}, {"uid": "323953409", "content": "茄子哈哈哈哈"}, {"uid": "323953409", "content": "然后我就被打了"}, {"uid": "323953409", "content": "？？？？？草"}, {"uid": "3970880", "content": "那观众上播，你不得上个jian…上个会员？"}, {"uid": "265501", "content": "叉烧还能拿来吃"}, {"uid": "265501", "content": "哈哈哈哈哈哈哈哈"}, {"uid": "7797597", "content": "企图萌混过关"}, {"uid": "13184136", "content": "所以是大家族嘛"}, {"uid": "34403114", "content": "语言天赋太好了"}, {"uid": "22839675", "content": "这叫毒舌哈哈哈"}, {"uid": "5676856", "content": "草 传统艺能"}, {"uid": "258080603", "content": "好家伙，女爷爷"}, {"uid": "35660705", "content": "让我康康！！！！"}, {"uid": "9847", "content": "草"}, {"uid": "914133", "content": "太一和嘉儿"}, {"uid": "49998877", "content": "你肯定看过对不对"}, {"uid": "583460247", "content": "茄里茄气"}, {"uid": "4895170", "content": "传统异能自爆"}, {"uid": "336289132", "content": "咋还骂人捏？"}, {"uid": "336289132", "content": "太清楚了"}, {"uid": "371656071", "content": "坐  享  其  成"}, {"uid": "400815477", "content": "你好屑"}, {"uid": "521314790", "content": "我妹妹不可能那么__"}, {"uid": "3000953", "content": "不是外孙吗？"}, {"uid": "323953409", "content": "优美的祖国话"}, {"uid": "1668444611", "content": "原地tp"}, {"uid": "235617022", "content": "《我不会说》"}, {"uid": "150219910", "content": "好家伙，这波是yygq，再多骂点"}, {"uid": "31717785", "content": "小嘴抹了蜜"}, {"uid": "107806065", "content": "？"}, {"uid": "3338264", "content": "想个烧叉 好可爱哦"}, {"uid": "24409244", "content": "哈哈哈哈哈哈哈哈"}, {"uid": "24409244", "content": "？？？"}, {"uid": "484879959", "content": "衍太太给迅哥儿看的那种？？？"}, {"uid": "178142367", "content": "你再骂"}, {"uid": "5773287", "content": "草"}, {"uid": "323953409", "content": "草你在骂"}, {"uid": "5439557", "content": "优美的广东话"}, {"uid": "5676856", "content": "那种动♂画片"}, {"uid": "11453613", "content": "hhhhhhh"}, {"uid": "235617022", "content": "哈哈哈"}, {"uid": "59437971", "content": "天才"}, {"uid": "256104315", "content": "哈哈哈哈哈哈"}, {"uid": "336289132", "content": "《清楚》"}, {"uid": "237853214", "content": "病句"}, {"uid": "223811341", "content": "缘分的天空"}, {"uid": "400940990", "content": "那我也有数码宝贝"}, {"uid": "400940990", "content": "黄字不对劲"}, {"uid": "42260922", "content": "直接发收款码吧"}, {"uid": "25026651", "content": "孝心变质是吧"}, {"uid": "374374149", "content": "草"}, {"uid": "456055602", "content": "？？"}, {"uid": "24531252", "content": "天才"}, {"uid": "24531252", "content": "wdnmd我浏览器动了"}, {"uid": "6237793", "content": "草"}, {"uid": "3916674", "content": "草"}, {"uid": "34905126", "content": "钢化玻璃"}, {"uid": "4270565", "content": "哈哈哈哈哈哈哈哈哈"}, {"uid": "5983382", "content": "？？？？"}, {"uid": "16501019", "content": "(好康的)动画片"}, {"uid": "175448550", "content": "你再骂！"}, {"uid": "1668444611", "content": "优美的祖国话"}, {"uid": "456055602", "content": "那么快就会广东话，天才吸血鬼"}, {"uid": "456055602", "content": "啊？"}, {"uid": "578283", "content": "草"}, {"uid": "628414664", "content": "你再骂?"}, {"uid": "34846717", "content": "？"}, {"uid": "336289132", "content": "开屏雷击"}, {"uid": "223811341", "content": "动画的片"}, {"uid": "489811523", "content": "拉扯"}, {"uid": "42260922", "content": "嗯？"}, {"uid": "22054142", "content": "三季啊不错啊"}, {"uid": "1841279558", "content": "身为一个中国人…我丢人了"}, {"uid": "106311575", "content": "笑死了"}, {"uid": "27254", "content": "草"}, {"uid": "37083032", "content": "草"}, {"uid": "3377669", "content": "？？？？"}, {"uid": "3970880", "content": "你唤醒了我心中悲伤的记忆，我摔倒了，要你骂我才能起来"}, {"uid": "456055602", "content": "？"}, {"uid": "4460435", "content": "淦，我看的第一部数码也是广door话配的"}, {"uid": "11453613", "content": "“请以实物为准”"}, {"uid": "234473376", "content": "草"}, {"uid": "24531252", "content": "？"}, {"uid": "4270565", "content": "草"}, {"uid": "42559454", "content": "？？？"}, {"uid": "336289132", "content": "《清楚》"}, {"uid": "336289132", "content": "？？？"}, {"uid": "336289132", "content": "一定是好康的"}, {"uid": "3370940", "content": "什么恶剪"}, {"uid": "223811341", "content": "会亏"}, {"uid": "223811341", "content": "越南的"}, {"uid": "1566983", "content": "好康的"}, {"uid": "438832999", "content": "缘( ）空"}, {"uid": "36401464", "content": "？"}, {"uid": "484879959", "content": "？？？？？？"}, {"uid": "30335145", "content": "草草草"}, {"uid": "12891523", "content": "tql"}, {"uid": "12891523", "content": "草"}, {"uid": "22674080", "content": "草"}, {"uid": "265501", "content": "草"}, {"uid": "5439557", "content": "啊这"}, {"uid": "104349408", "content": "草"}, {"uid": "24750783", "content": "缘什么空"}, {"uid": "796668", "content": "？草"}, {"uid": "235617022", "content": "计划通"}, {"uid": "3674812", "content": "？？？"}, {"uid": "8642461", "content": "我来！"}, {"uid": "371656071", "content": "WDNMD"}, {"uid": "10720344", "content": "什么话这叫，就不能有孙女吗"}, {"uid": "8281009", "content": "？？？？"}, {"uid": "12672555", "content": "虚拟美利坚"}, {"uid": "30335145", "content": "草"}, {"uid": "30335145", "content": "動畫片？"}, {"uid": "34403114", "content": "？？？？？"}, {"uid": "796668", "content": "？"}, {"uid": "2655419", "content": "？？？？？"}, {"uid": "235617022", "content": "数码宝贝！"}, {"uid": "24531252", "content": "？？"}, {"uid": "35660705", "content": "草"}, {"uid": "4130547", "content": "太强了吧"}, {"uid": "251372915", "content": "？？？？"}, {"uid": "336289132", "content": "咋又骂人捏？"}, {"uid": "19867924", "content": "里番？"}, {"uid": "16501019", "content": "缘( ）空"}, {"uid": "36842639", "content": "外孙子"}, {"uid": "1474544", "content": "www"}, {"uid": "508734070", "content": "？？？"}, {"uid": "30335145", "content": "草"}, {"uid": "3377669", "content": "草"}, {"uid": "12891523", "content": "草草"}, {"uid": "34403114", "content": "啊这"}, {"uid": "428773492", "content": "？"}, {"uid": "4461236", "content": "？？？"}, {"uid": "49998877", "content": "草"}, {"uid": "4130547", "content": "？？？"}, {"uid": "96934710", "content": "？？"}, {"uid": "222337584", "content": "？"}, {"uid": "9887113", "content": "然后你就看了杰哥视频？"}, {"uid": "240636362", "content": "清楚"}, {"uid": "5596982", "content": "？？？"}, {"uid": "470903375", "content": "叫爷爷"}, {"uid": "470903375", "content": "我是你爷爷"}, {"uid": "354135260", "content": "？？？？？:？？——去？？？？？？？"}, {"uid": "5676856", "content": "哈哈哈哈哈哈哈哈哈哈哈哈哈哈哈"}]