[{"uid": "237266342", "content": "罕见认贼作父是吧"}, {"uid": "244997598", "content": "蛋散（dei xing）在我这边是该死的意思"}, {"uid": "244997598", "content": "这句话听懂"}, {"uid": "9163784", "content": "我能怎么办 我也很绝育啊"}, {"uid": "32981192", "content": "鬼咪日眼呢"}, {"uid": "30793882", "content": "潮汕话脏话才多"}, {"uid": "19457291", "content": "宝藏up"}, {"uid": "386245810", "content": "《拜托，你很弱诶》"}, {"uid": "433048591", "content": "工仨消"}, {"uid": "26944429", "content": "草，广东人听懂了"}, {"uid": "24340298", "content": "闽南话hhhhhhh"}, {"uid": "24340298", "content": "闽南语很像日语"}, {"uid": "507602671", "content": "干林木鸡"}, {"uid": "455007726", "content": "北京普通话也挺文明"}, {"uid": "24447380", "content": "散装塑料英语"}, {"uid": "500382500", "content": "woc闽南人震惊"}, {"uid": "37513210", "content": "不被你教坏算是万幸"}, {"uid": "22075332", "content": "你现在知道谁是老大吼"}, {"uid": "174361505", "content": "真的我来演示一下，赛林姆寄卖"}, {"uid": "34605735", "content": "草"}, {"uid": "34605735", "content": "哈哈哈这么会这么多语言啊"}, {"uid": "10569068", "content": "小喇叭"}, {"uid": "6835427", "content": "你在淦三小啦"}, {"uid": "237824160", "content": "你好会啊"}, {"uid": "80911834", "content": "太标准了"}, {"uid": "234383638", "content": "《我不会说》"}, {"uid": "9340753", "content": "哈哈哈哈哈哈哈哈哈哈"}, {"uid": "357680913", "content": "初见，可爱，单推"}, {"uid": "344490069", "content": "你个67"}, {"uid": "60160", "content": "欺负观众不会广东话骂人"}, {"uid": "512945063", "content": "广东人狂喜"}, {"uid": "31989228", "content": "完了他懂了"}, {"uid": "31989228", "content": "笑着说脏话"}, {"uid": "12223654", "content": "太标准了"}, {"uid": "12223654", "content": "草 广东人笑死"}, {"uid": "27034187", "content": "《逼良为娼》"}, {"uid": "32772829", "content": "你是广东吸血鬼吧？？？"}, {"uid": "2774760", "content": "没吃饭啊！大声点！！"}, {"uid": "43123421", "content": "录好了，闹铃安排"}, {"uid": "43123421", "content": "绷不住了"}, {"uid": "36530671", "content": "哇，这开头，有点东西"}, {"uid": "358373013", "content": "哈哈哈"}, {"uid": "1288042", "content": "甘霖良 太经典了 大佐"}, {"uid": "1926655", "content": "活学活用"}, {"uid": "23712366", "content": "就挺突然的"}, {"uid": "407325402", "content": "他竟然不会嗦再见"}, {"uid": "23920568", "content": "你是广东人吧？？？"}, {"uid": "22023139", "content": "我自闭了身为广东人普通话没她标准，粤语没她一半"}, {"uid": "125829415", "content": "哈哈哈哈哈 广东人狂喜"}, {"uid": "260427", "content": "建议柒头"}, {"uid": "19219", "content": "草，第四声"}, {"uid": "5115380", "content": "狂喜"}, {"uid": "241768915", "content": "怎么。。。这是把拼音全打了吗？"}, {"uid": "25026651", "content": "不要什么都往DNA里刻啊"}, {"uid": "502501044", "content": "《礼貌》"}, {"uid": "11913789", "content": "校对：東 雪蓮"}, {"uid": "37613995", "content": "你怎么这么懂啊草"}, {"uid": "37613995", "content": "你咋会这么多方言粗口啊"}, {"uid": "37613995", "content": "on9草"}, {"uid": "2476380", "content": "《我不会说》"}, {"uid": "32309681", "content": "草"}, {"uid": "12967428", "content": "你个蛋散"}, {"uid": "231290717", "content": "哈哈哈哈哈哈哈哈哈哈哈哈"}, {"uid": "866075", "content": "抛 下 狠 话"}, {"uid": "48228982", "content": "当然是两票三宝四措一交底"}, {"uid": "2547640", "content": "你不要看我好好先生吼"}, {"uid": "6433566", "content": "哈哈哈哈哈"}, {"uid": "576036", "content": "很好，她逐渐理解了一切"}, {"uid": "174360398", "content": "草"}, {"uid": "14477842", "content": "小声骂好可爱"}, {"uid": "14477842", "content": "你要是踩到了我的地雷，那我很难搞吼"}, {"uid": "16956293", "content": "？？？？？"}, {"uid": "16956293", "content": "蛋应该和散一个声调，不过…hhh好久没听到这句了"}, {"uid": "50936678", "content": "草"}, {"uid": "5822438", "content": "？"}, {"uid": "21317807", "content": "《我不会说》"}, {"uid": "293858", "content": "？？？？"}, {"uid": "70127940", "content": "童贞AI"}, {"uid": "70127940", "content": "你好机车诶"}, {"uid": "196856", "content": "工三小其实类似闽南话音译"}, {"uid": "4709323", "content": "精髓还没出来，这样骂就感觉好可爱"}, {"uid": "12537798", "content": "？？？？？"}, {"uid": "12537798", "content": "啊哈哈哈"}, {"uid": "17365452", "content": "请你好好放低"}, {"uid": "456817853", "content": "非凡哥再来一回？"}, {"uid": "55480851", "content": "草"}, {"uid": "226246917", "content": "cao"}, {"uid": "66744611", "content": "你会多少啊23333"}, {"uid": "14048860", "content": "这个V怎么回事，骂得我都兴奋起来了"}, {"uid": "34907734", "content": "草，我dna动了"}, {"uid": "905908", "content": "草"}, {"uid": "14191135", "content": "现学现用"}, {"uid": "101665385", "content": "嗦句类老么同我了"}, {"uid": "15109173", "content": "草"}, {"uid": "101665385", "content": "我滴卤蛋老dulei"}, {"uid": "1690835", "content": "林北不要再忍了"}, {"uid": "177626738", "content": "上海话草"}, {"uid": "843137", "content": "草"}, {"uid": "10852917", "content": "广州人狂喜"}, {"uid": "10852917", "content": "也太文明了吧"}, {"uid": "37051501", "content": "离谱"}, {"uid": "37051501", "content": "好久没用这次词"}, {"uid": "24531252", "content": "大声点听不清"}, {"uid": "104349408", "content": "草"}, {"uid": "15383491", "content": "哈哈哈哈哈哈哈哈哈哈哈哈哈"}, {"uid": "15383491", "content": "厉害了"}, {"uid": "438515263", "content": "熟悉的声音熟悉的脏话，我们一定在梦里见。"}, {"uid": "4130547", "content": "《我不说脏话》"}, {"uid": "15099220", "content": "？"}, {"uid": "30254330", "content": "草"}, {"uid": "235617022", "content": "草"}, {"uid": "402305073", "content": "眠宝是你吗眠宝"}, {"uid": "544205798", "content": "《被怂恿的》"}, {"uid": "24340298", "content": "闽南话意思是你在说什么"}, {"uid": "12358169", "content": "你条粉肠"}, {"uid": "1715515", "content": "可爱，单推了"}, {"uid": "94862705", "content": "好家伙"}, {"uid": "1473465939", "content": "被挟持的 "}, {"uid": "7949584", "content": "on9"}, {"uid": "208293444", "content": "拜托，我超勇的"}, {"uid": "37665009", "content": "娘希匹！"}, {"uid": "9437212", "content": "dna动了"}, {"uid": "3439957", "content": "你工虾小"}, {"uid": "267436021", "content": "日浓包"}, {"uid": "30173649", "content": "册那侬啧小乖崽"}, {"uid": "812617", "content": "“我检索到了台湾销量最高的5种机车”"}, {"uid": "51239181", "content": "再 骂 一 个"}, {"uid": "2480393", "content": "你怎么那么金币的慢啊cnn"}, {"uid": "44801033", "content": "好好学一下"}, {"uid": "96836147", "content": "太标准了"}, {"uid": "16956293", "content": "上海话hhh"}, {"uid": "234373702", "content": "林纳姆勒，林北不要忍了"}, {"uid": "12537798", "content": "我懂了。。。"}, {"uid": "768171", "content": "delay no more"}, {"uid": "66744611", "content": "你这不是都说出来了啊"}, {"uid": "66744611", "content": "我看你也挺乐在其中的啊"}, {"uid": "3500192", "content": "草！我tm外放，周围全看过来了！"}, {"uid": "476498836", "content": "你个鸟巢"}, {"uid": "74150713", "content": "太可爱了"}, {"uid": "305914266", "content": "我DNA动了，你也是长颈鹿？"}, {"uid": "27030398", "content": "听不见！这么小声还想说脏话！"}, {"uid": "1690835", "content": "又是你！朱振亿！gnn"}, {"uid": "133056", "content": "《哪个B拽我！》"}, {"uid": "7896115", "content": "哈哈哈"}, {"uid": "472275647", "content": "It means \"WTF are you talking about?\""}, {"uid": "472275647", "content": "......果然有人来教这个"}, {"uid": "472275647", "content": "不 要 学"}, {"uid": "5099950", "content": "AI听不懂的反正"}, {"uid": "265230027", "content": "槽"}, {"uid": "21023093", "content": "你在说什么√8  大概就是这种语境"}, {"uid": "306970492", "content": "粵語才是髒話的天堂啊（doge"}, {"uid": "267101890", "content": "吔X啦"}, {"uid": "94862705", "content": "哈哈哈哈"}, {"uid": "11105679", "content": "大概是ky"}, {"uid": "5711287", "content": "被裹挟了是吧"}, {"uid": "2804034", "content": "工三小就是，讲什么东西，粗话"}, {"uid": "2063165", "content": "册那！"}, {"uid": "37512828", "content": "没有劲，根本听不见"}, {"uid": "16501019", "content": "我   不   会   说"}, {"uid": "43123421", "content": "哈哈哈"}, {"uid": "17194682", "content": "峦抛！"}, {"uid": "2479412", "content": "机掰"}, {"uid": "11358815", "content": "阿嫲你很机车唉"}, {"uid": "5819868", "content": "我DNA动了"}, {"uid": "382079181", "content": "我台我要笑死了"}, {"uid": "3758055", "content": "好可爱，我号了"}, {"uid": "3309452", "content": "草还以为切错屏了"}, {"uid": "22612678", "content": "草"}, {"uid": "33299980", "content": "非凡哥出来一下"}, {"uid": "174360398", "content": "蛋散不算骂人吧"}, {"uid": "14477842", "content": "老婆再骂一个"}, {"uid": "8351435", "content": "其实闽南话里面确实有（"}, {"uid": "16132707", "content": "册那上海话"}, {"uid": "35378424", "content": "我很难搞哦（DNA突变）"}, {"uid": "366008", "content": "这……这开头……"}, {"uid": "27631997", "content": "草"}, {"uid": "53987583", "content": "草，我DNA动了"}, {"uid": "372226284", "content": "啊，这开头？？？不是？"}, {"uid": "208888044", "content": "送人了不玩了"}, {"uid": "8456965", "content": "DNA动了"}, {"uid": "3916674", "content": "草"}, {"uid": "112776970", "content": "甘霖老木2333"}, {"uid": "4130547", "content": "卧槽"}, {"uid": "11329290", "content": "那你好机车哦"}, {"uid": "11329290", "content": "你这家伙，明明是你自己想说吧"}, {"uid": "235617022", "content": "《我不会说》"}, {"uid": "357639", "content": "不上道的意思，因为台湾摩托车不能上高速"}, {"uid": "491719944", "content": "Youtube审核跟个机车一样"}, {"uid": "476350453", "content": "I am not.I am not afraid anything"}, {"uid": "473627730", "content": "毕生所学"}, {"uid": "477178469", "content": "她会粤语"}, {"uid": "500382500", "content": "台湾话其实就是嗲一点的闽南话"}, {"uid": "12358169", "content": "草"}, {"uid": "417472673", "content": "优美的中国话"}, {"uid": "505922359", "content": "重新定义礼貌"}, {"uid": "12496497", "content": "册那"}, {"uid": "34605735", "content": "哈哈哈哈"}, {"uid": "1473465939", "content": "还有，东阳话"}, {"uid": "1473465939", "content": "就算你这么说，也不看直播 "}, {"uid": "208293444", "content": "听说你很懂哦"}, {"uid": "450678216", "content": "林木卡和"}, {"uid": "12223654", "content": "草"}, {"uid": "11916429", "content": "草"}, {"uid": "32918430", "content": "突然罕见"}, {"uid": "43123421", "content": "估计系香港妹"}, {"uid": "1579860", "content": "里公三小"}, {"uid": "22916673", "content": "？"}, {"uid": "6177685", "content": "？？？？"}, {"uid": "5806095", "content": "你再骂？"}, {"uid": "40816106", "content": "就这？广东话粗口很多的"}, {"uid": "576036", "content": "总之机车就完事了"}, {"uid": "76393097", "content": "不上道…诶？那不就是我们说的离谱吗"}, {"uid": "62483537", "content": "on9"}, {"uid": "27327823", "content": "这还用教？"}, {"uid": "21674164", "content": "骗过上帝"}, {"uid": "18226", "content": "《她不会说》"}, {"uid": "15854982", "content": "草！"}, {"uid": "15854982", "content": "dna动力！"}, {"uid": "1690835", "content": "是吵闹的意思"}, {"uid": "402482140", "content": "卧槽广东人"}, {"uid": "1733237", "content": "rnm这也太精通了"}, {"uid": "42559454", "content": "草"}, {"uid": "34403114", "content": "你很机车诶！"}, {"uid": "2238805", "content": "DNA動了"}, {"uid": "91505306", "content": "草"}, {"uid": "12329182", "content": "装 可 爱"}, {"uid": "24531252", "content": "？？？？我在学校"}, {"uid": "33030701", "content": "傻笑suki"}, {"uid": "31652937", "content": "加油"}, {"uid": "31652937", "content": "真实"}, {"uid": "491719944", "content": "真nb标准啊"}, {"uid": "37513210", "content": "娘希匹！"}, {"uid": "86635886", "content": "裹挟啊！！！"}, {"uid": "259886820", "content": "好清楚啊，所以你寄吧谁啊？"}, {"uid": "199598", "content": "dna中的节奏"}, {"uid": "25635543", "content": "就是闽南话版的普通发啦"}, {"uid": "474845216", "content": "DNA动了"}, {"uid": "19488015", "content": "草"}, {"uid": "2221998", "content": "哈哈哈哈哈哈"}, {"uid": "622153798", "content": "???"}, {"uid": "19219", "content": "笑出声"}, {"uid": "1270140", "content": "你这叫不会？"}, {"uid": "362588181", "content": "草"}, {"uid": "108919924", "content": "好好先生"}, {"uid": "288697672", "content": "哈哈哈哈哈哈哈哈"}, {"uid": "12967428", "content": "草"}, {"uid": "137227715", "content": "开幕雷击"}, {"uid": "13613475", "content": "《不会》"}, {"uid": "27208694", "content": "说片头的全部拷走"}, {"uid": "66744611", "content": "草"}, {"uid": "3786370", "content": "shin knee move"}, {"uid": "225924560", "content": "是  你讲什么  的意思啦"}, {"uid": "7942705", "content": "上海话还行"}, {"uid": "4471661", "content": "草"}, {"uid": "1808632", "content": "草"}, {"uid": "37051501", "content": "草"}, {"uid": "391886586", "content": "草"}, {"uid": "30254330", "content": "你这不是很精通吗"}, {"uid": "539284117", "content": "なんか見たことあるw"}, {"uid": "1606613257", "content": "反过来读"}, {"uid": "34673995", "content": "你个三小"}, {"uid": "7256143", "content": "讲什么洨"}, {"uid": "223811341", "content": "俄语欢迎您"}, {"uid": "358650076", "content": "丢"}, {"uid": "544205798", "content": "《我不会说》"}, {"uid": "522027360", "content": "草"}, {"uid": "37513210", "content": "我觉得这个人怪怪的"}, {"uid": "174361505", "content": "杰哥不要啊"}, {"uid": "34605735", "content": "草"}, {"uid": "7949584", "content": "哈哈哈哈哈哈哈哈哈"}, {"uid": "37034895", "content": "册那"}, {"uid": "8037519", "content": "你空港啊"}, {"uid": "51530424", "content": "讲什么的意思"}, {"uid": "516982908", "content": "我不会说"}, {"uid": "8061908", "content": "草"}, {"uid": "287024234", "content": "快进到靠恁娘"}, {"uid": "2500994", "content": "换个字就对了，从闽南换成河南"}, {"uid": "100782903", "content": "……"}, {"uid": "5115380", "content": "变本加厉"}, {"uid": "91190885", "content": "草"}, {"uid": "3398493", "content": "你好 是的"}, {"uid": "868161", "content": "闽南语"}, {"uid": "6177685", "content": "？？？"}, {"uid": "288697672", "content": "就是闽南话啊"}, {"uid": "353863397", "content": "好喜欢"}, {"uid": "517556452", "content": "你在說甚麼...就是你在工山小"}, {"uid": "11084781", "content": "不事台语事闽南语啦【"}, {"uid": "2890361", "content": "草，你懂好多"}, {"uid": "5115380", "content": "你要是惹到我，我跟你说我很难搞哦"}, {"uid": "267620", "content": "？？？什么片头"}, {"uid": "34764024", "content": "DNA动了"}, {"uid": "391051", "content": "白话啊这是"}, {"uid": "66744611", "content": "她懂了"}, {"uid": "19965286", "content": "？？？？？？？？？？"}, {"uid": "26620068", "content": "那个逼推我"}, {"uid": "245686433", "content": "DNA动了"}, {"uid": "121493", "content": "草"}, {"uid": "10852917", "content": "草"}, {"uid": "10852917", "content": "这不来一句吊你楼某"}, {"uid": "10650378", "content": "草"}, {"uid": "1808632", "content": "草?"}, {"uid": "7850139", "content": "太会了"}, {"uid": "104349408", "content": "www"}, {"uid": "168348959", "content": "拉 胯"}, {"uid": "26494031", "content": "日 恁 毛"}, {"uid": "8091287", "content": "大象 大象"}, {"uid": "6237793", "content": "草"}, {"uid": "123830050", "content": "《裹挟》"}, {"uid": "30371262", "content": "？？？？？？？？"}, {"uid": "7256143", "content": "是闽南话没错啊"}, {"uid": "46095635", "content": "握草苏州话"}, {"uid": "491719944", "content": "没吃饭吗！"}, {"uid": "604906655", "content": "册那"}, {"uid": "26944429", "content": "什么白话，不是白话的"}, {"uid": "507602671", "content": "扑街啦雷！"}, {"uid": "522027360", "content": "记住她这句话"}, {"uid": "22061585", "content": "台语是什么成分阿，那个弹幕是他生了他爸吗"}, {"uid": "205471175", "content": "闽南话"}, {"uid": "1288042", "content": "0."}, {"uid": "1554681382", "content": "听不懂啊"}, {"uid": "27526462", "content": "就用你训练yotub的AI识别脏话了"}, {"uid": "34394881", "content": "好家伙"}, {"uid": "40763702", "content": "你再骂"}, {"uid": "39508483", "content": "我是长颈鹿"}, {"uid": "36264188", "content": "自己嗦"}, {"uid": "571154", "content": "用潮汕话骂摘赛和铺粘膜应该没事"}, {"uid": "10161488", "content": "雀食"}, {"uid": "27619974", "content": "不上道的意思"}, {"uid": "357507", "content": "啊这"}, {"uid": "23188206", "content": "就是闽南话"}, {"uid": "7380144", "content": "开头生草"}, {"uid": "12039747", "content": "用我们教？"}, {"uid": "171774", "content": "DNA动了"}, {"uid": "29091682", "content": "亚撒西"}, {"uid": "476498836", "content": "教材"}, {"uid": "123830050", "content": "《裹挟》"}, {"uid": "208888044", "content": "你在狂笑"}, {"uid": "219858211", "content": "？？"}, {"uid": "424788094", "content": "?"}, {"uid": "22691374", "content": "淦，广东人笑裂了"}, {"uid": "121493", "content": "你这不是很会吗"}, {"uid": "121493", "content": "草"}, {"uid": "121493", "content": "草"}, {"uid": "732692", "content": "草"}, {"uid": "37083032", "content": "？为什么要学"}, {"uid": "249208206", "content": "淦霖娜"}, {"uid": "472275647", "content": "机车差不多是“d*ckhead”的意思"}, {"uid": "45029989", "content": "草"}, {"uid": "241395", "content": "草"}, {"uid": "342774279", "content": "闽南人狂喜"}, {"uid": "31652937", "content": "干的好"}, {"uid": "5676856", "content": "我信了"}, {"uid": "399282919", "content": "广东人笑死"}, {"uid": "94218353", "content": "是闽南的"}, {"uid": "98729846", "content": "那我可得好好学一下了学一下了学一下了"}, {"uid": "153338083", "content": "强啊"}, {"uid": "8552835", "content": "典中典"}, {"uid": "498069965", "content": "你是说什么，理解成什么鬼东西也行"}, {"uid": "158515840", "content": "放屁，来学四川话，来骂街"}, {"uid": "1473465939", "content": "工地英语 ！"}, {"uid": "189096412", "content": "吵闹"}, {"uid": "550508829", "content": "阿伟，出来死一下"}, {"uid": "138445585", "content": "台湾机车不上道"}, {"uid": "43123421", "content": "噗嗤"}, {"uid": "1288042", "content": "大象 大象"}, {"uid": "23920568", "content": "这广东话你在哪学的？？？"}, {"uid": "15771745", "content": "？？？"}, {"uid": "1017075360", "content": "难道不是么"}, {"uid": "1017075360", "content": "台语是个什么鬼"}, {"uid": "14228632", "content": "闽南语啦"}, {"uid": "8130852", "content": "？？？？"}, {"uid": "396893700", "content": "你工三小就是你說啥，那個「小」只是加重語氣"}, {"uid": "65812610", "content": "西八老馬"}, {"uid": "382079181", "content": "完了"}, {"uid": "22612678", "content": "草"}, {"uid": "260363927", "content": "？？？？？？？？？"}, {"uid": "1317731", "content": "？"}, {"uid": "81466010", "content": "建议说哈麻皮"}, {"uid": "8351435", "content": "工三小大概意思相当于“说什么逼话“"}, {"uid": "293858", "content": "危"}, {"uid": "293858", "content": "？？"}, {"uid": "11778532", "content": "ai看不懂中文"}, {"uid": "1346318", "content": "靠北"}, {"uid": "70127940", "content": "裹挟"}, {"uid": "234373702", "content": "你要si踩中我的地雷，我很难搞哦"}, {"uid": "18226", "content": "？？？？？？？？"}, {"uid": "1290180", "content": "蛋散不算骂人吧。。和混蛋差不多程度。。"}, {"uid": "4382947", "content": "的确是闽南话"}, {"uid": "19806399", "content": "这粤语好"}, {"uid": "3930046", "content": "哪个B抓我"}, {"uid": "36283238", "content": "草"}, {"uid": "23274551", "content": "草"}, {"uid": "23421600", "content": "前面的 机车突突突 很吵 形容人唠叨"}, {"uid": "12662927", "content": "？"}, {"uid": "4130547", "content": "啊这"}, {"uid": "2138211", "content": "册那"}, {"uid": "1853279964", "content": "哈哈哈哈"}, {"uid": "223811341", "content": "初中英语"}, {"uid": "479075107", "content": "死了啦，都是你害得"}, {"uid": "24340298", "content": "？？？"}, {"uid": "52766", "content": "讲啥？"}, {"uid": "288303", "content": "已经没什么好怕的了"}, {"uid": "13797215", "content": "草"}, {"uid": "506446675", "content": "闽南人暴怒"}, {"uid": "34605735", "content": "草"}, {"uid": "234383638", "content": "草"}, {"uid": "9340753", "content": "草"}, {"uid": "2939583", "content": "台湾话就是闽南语"}, {"uid": "392253528", "content": "建议学学粤语"}, {"uid": "86956327", "content": "广东人笑死"}, {"uid": "2804034", "content": "差不多"}, {"uid": "12114085", "content": "大象"}, {"uid": "12223654", "content": "草"}, {"uid": "22057736", "content": "册那"}, {"uid": "398635658", "content": "粤语"}, {"uid": "33531752", "content": "講啥痟"}, {"uid": "1288042", "content": "."}, {"uid": "100782903", "content": "你再骂"}, {"uid": "33761676", "content": "草"}, {"uid": "7933520", "content": "？？？？？？？？？？？"}, {"uid": "2726984", "content": "草"}, {"uid": "517556452", "content": "不要學"}, {"uid": "5822438", "content": "狂喜"}, {"uid": "17349064", "content": "广东人狂喜"}, {"uid": "33980787", "content": "好憨啊"}, {"uid": "9854233", "content": "这？"}, {"uid": "5129054", "content": "？？？？？？"}, {"uid": "66744611", "content": "大草"}, {"uid": "178142367", "content": "草"}, {"uid": "3970880", "content": "听着听着…泪流了下来，对不起，这声音真的太想我认识的某个V了，对不起"}, {"uid": "40102065", "content": "？？？"}, {"uid": "193086", "content": "草"}, {"uid": "23274551", "content": "啊这"}, {"uid": "453839177", "content": "这开头草"}, {"uid": "4151474", "content": "你再装"}, {"uid": "12891523", "content": "草"}, {"uid": "2134000", "content": "草"}, {"uid": "10852917", "content": "上海？"}, {"uid": "472275647", "content": "www"}, {"uid": "358762544", "content": "大象~大象~你的脖子为什么那么长"}, {"uid": "98729846", "content": "那我可得好好学一下了学一下了学一下了"}, {"uid": "498069965", "content": "机车意思是很多余 因为台湾人手一个机车"}, {"uid": "506446675", "content": "北七诶"}, {"uid": "278592878", "content": "????"}, {"uid": "12114085", "content": "日脓"}, {"uid": "33059854", "content": "？？"}, {"uid": "19219", "content": "草"}, {"uid": "76678766", "content": "粉肠"}, {"uid": "27217564", "content": "广东人狂喜"}, {"uid": "6809843", "content": "hhhh"}, {"uid": "42786064", "content": "我最讨厌说脏话和不让我说脏话的人了"}, {"uid": "85446372", "content": "傻狗的意思吧"}, {"uid": "22612678", "content": "草草"}, {"uid": "25758056", "content": "¿"}, {"uid": "440543156", "content": "我很随和哦"}, {"uid": "171942550", "content": "？"}, {"uid": "96150764", "content": "impolite"}, {"uid": "1885789", "content": "？？？？？？？"}, {"uid": "34403114", "content": "这声音太可爱了！！！爱了，单推了"}, {"uid": "15436414", "content": "震怒"}, {"uid": "235617022", "content": "草"}, {"uid": "3224816", "content": "草"}, {"uid": "229863512", "content": "我刘路啊"}, {"uid": "356650", "content": "你说泥马呢。可以这么理解"}, {"uid": "411598133", "content": "拜托你很弱哎"}, {"uid": "371846757", "content": "？？？？？？？？？？？？？？？"}, {"uid": "33980787", "content": "？？？？？？？？？？？？？？？"}, {"uid": "18510114", "content": "哪个逼拉我？"}, {"uid": "476498836", "content": "读方言呢，一定要笑，嘻嘻嘻嘻惺惺惜惺惺嘻嘻嘻嘻"}, {"uid": "4270565", "content": "哈哈哈哈哈哈哈哈哈哈哈哈哈哈哈"}]