[{"uid": "3240758", "content": "这是我最喜欢的版本了，可惜不是完全版"}, {"uid": "496582070", "content": "罕见罕见"}, {"uid": "135185233", "content": "儿子唱的真好。"}, {"uid": "512249144", "content": "《家 乡 の 小 调》"}, {"uid": "45140303", "content": "好听！！！豪庭！！！薅町！！好停！​"}, {"uid": "226946381", "content": "我爹声音真好听"}, {"uid": "27634129", "content": "\\蓮宝/\\蓮宝/\\蓮宝/"}, {"uid": "354135260", "content": "来了来了"}, {"uid": "466911", "content": "好强"}, {"uid": "286755372", "content": "好听惹"}, {"uid": "364695434", "content": "哟，热乎的"}, {"uid": "25026375", "content": "暗示点踩"}, {"uid": "13719545", "content": "罕见？"}, {"uid": "96836147", "content": "好好好好好好好好好"}, {"uid": "5676856", "content": "ohhhhhhhhhh"}, {"uid": "29001803", "content": "点满了"}, {"uid": "513193141", "content": "\\眠大佐嗯造菠萝包/ \\眠大佐嗯造菠萝包/"}, {"uid": "21091669", "content": "来了来了！！"}, {"uid": "13461646", "content": "不考虑投下网易云吗"}, {"uid": "123736448", "content": "好耶"}, {"uid": "10162553222", "content": "寄吧唱的真好"}, {"uid": "17141091", "content": "\\柬埔寨/\\柬埔寨/柬埔寨/"}, {"uid": "3299249", "content": "你寄吧谁啊，我爹不可能这么清楚！！！！！！！！"}, {"uid": "44586", "content": "柬埔寨柬埔寨"}, {"uid": "676184229", "content": "真不错"}, {"uid": "170153631", "content": "勾罕见是这样的"}, {"uid": "454181951", "content": "罕见"}, {"uid": "452306709", "content": "这个封面真滴好好看"}, {"uid": "20940886", "content": "kksk"}, {"uid": "513193141", "content": "\\眠大佐嗯造菠萝包/ \\眠大佐嗯造菠萝包/"}, {"uid": "13742770", "content": "逆天"}, {"uid": "497893", "content": "哇，厉害"}, {"uid": "9871481", "content": "莲宝我的莲宝"}, {"uid": "222280264", "content": "苟罕见"}, {"uid": "282448239", "content": "罕见"}, {"uid": "26367633", "content": "宝贝你好甜"}, {"uid": "94210257", "content": "寄吧!寄吧@！"}, {"uid": "13288770", "content": "谁？"}, {"uid": "518824618", "content": "20号直播都没看成╯﹏╰"}, {"uid": "11323850", "content": "好棒"}, {"uid": "265629236", "content": "kksk"}, {"uid": "668666835", "content": "爹"}, {"uid": "110747891", "content": "罕见"}, {"uid": "178144988", "content": "ccc"}, {"uid": "69908023", "content": "妈 妈"}, {"uid": "350600424", "content": "清楚清楚"}, {"uid": "487498578", "content": "来了"}, {"uid": "455407157", "content": "热乎"}, {"uid": "193407124", "content": "fu wa fu wa好阔爱"}, {"uid": "275541996", "content": "这么清楚真的是蝶吗"}, {"uid": "350633181", "content": "好帅啊啊啊啊"}, {"uid": "528159195", "content": "ohhhhhhhhhhh"}, {"uid": "480855306", "content": "！"}, {"uid": "365361681", "content": "母语？"}, {"uid": "1767437", "content": "寄唱的还行吧"}, {"uid": "16132707", "content": "\\柬埔寨/\\柬埔寨/柬埔寨/"}, {"uid": "37622309", "content": "来た!"}, {"uid": "343098350", "content": "到了到了"}, {"uid": "1345934520", "content": "来了来了"}, {"uid": "69934219", "content": "来了来了"}, {"uid": "354938136", "content": "kksk"}, {"uid": "8130852", "content": "莲宝！！！！！"}, {"uid": "668666835", "content": "赛高你嗨铁鸭子打"}, {"uid": "455292728", "content": "来了！"}, {"uid": "356245828", "content": "嚎"}, {"uid": "24173908", "content": "直接打call"}, {"uid": "5765038", "content": "车雷达"}, {"uid": "3240758", "content": "柬埔寨我好喜欢你啊"}, {"uid": "471744614", "content": "罕见罕见罕见"}, {"uid": "521314790", "content": "真寄吧好听 "}, {"uid": "512249144", "content": "爹我刘路啊！"}, {"uid": "405504898", "content": "来力"}, {"uid": "28730837", "content": "好棒啊！"}, {"uid": "297778899", "content": "罕见"}, {"uid": "83480603", "content": "爹唱的真好"}, {"uid": "218748694", "content": "电脑电满了"}, {"uid": "17141091", "content": "来了来了"}, {"uid": "231233264", "content": "？？？？？"}, {"uid": "4513337", "content": "来了来了"}, {"uid": "471744614", "content": "狗罕见"}, {"uid": "513193141", "content": "\\柬埔寨/ \\柬埔寨/ \\柬埔寨/\\柬埔寨/ \\柬埔寨/ \\柬埔寨/"}, {"uid": "513193141", "content": "\\柬埔寨/ \\柬埔寨/ \\柬埔寨/\\柬埔寨/ \\柬埔寨/ \\柬埔寨/"}, {"uid": "513193141", "content": "\\柬埔寨/ \\柬埔寨/ \\柬埔寨/\\柬埔寨/ \\柬埔寨/ \\柬埔寨/"}, {"uid": "513193141", "content": "八嘎牙路！八嘎牙路！八嘎牙路！八嘎牙路！"}, {"uid": "475310292", "content": "\\柬埔寨/\\柬埔寨/柬埔寨/\\柬埔寨/\\柬埔寨/柬埔寨/\\柬埔寨/\\柬埔寨/柬埔寨/"}, {"uid": "6458481", "content": "\\爹/\\爹/\\爹/\\爹/\\爹/\\爹/\\爹/\\爹/\\爹/\\爹/\\爹/\\\\爹/\\爹/\\爹/\\爹//"}, {"uid": "17141091", "content": "\\柬埔寨/\\柬埔寨/柬埔寨/\\柬埔寨/\\柬埔寨/柬埔寨/\\柬埔寨/\\柬埔寨/柬埔寨/"}]