[{"uid": "26164771", "content": "."}, {"uid": "290825414", "content": "kksk"}, {"uid": "675054912", "content": "i了i了"}, {"uid": "494670561", "content": "好耶"}, {"uid": "198529954", "content": "awsl"}, {"uid": "25754468", "content": "针不戳"}, {"uid": "174096124", "content": "出生前我就已经单推啦"}, {"uid": "336289132", "content": "卡哇伊"}, {"uid": "25705051", "content": "kawaiiiiiiiiiiii——"}, {"uid": "13018743", "content": "眠。。。。。东宝我是你的单推啊！"}, {"uid": "23012766", "content": "suki"}, {"uid": "22936257", "content": "可爱"}, {"uid": "30932427", "content": "好耶！"}, {"uid": "450683256", "content": "可爱"}, {"uid": "15127213", "content": "好汀！！"}, {"uid": "3357028", "content": "❤"}, {"uid": "5562126", "content": "kksk"}, {"uid": "13994651", "content": "awsl"}, {"uid": "13994651", "content": "kksk"}, {"uid": "1883945", "content": "现在我就是老粉啦"}, {"uid": "336289132", "content": "可爱"}, {"uid": "336289132", "content": "好听~"}, {"uid": "26318185", "content": "好听"}, {"uid": "35763225", "content": "好耶"}]