[{"uid": "9847", "content": "！！！！！！"}, {"uid": "123736448", "content": "好听"}, {"uid": "3088916", "content": "声音挺好听的"}, {"uid": "440749864", "content": "awsl！"}, {"uid": "387806137", "content": "莲宝赛高！"}, {"uid": "387806137", "content": "是莲宝"}, {"uid": "3885523", "content": "来了来了来了"}, {"uid": "107806065", "content": "好听！！！1"}, {"uid": "86909332", "content": "\\莲宝/\\莲宝/\\莲宝/​"}, {"uid": "14505577", "content": "好耶"}, {"uid": "290825414", "content": "好耶"}, {"uid": "539999401", "content": "哇哦"}]