[{"uid": "431173704", "content": "六万变五万属于是输了"}, {"uid": "161636725", "content": "十七张牌你能把东雪莲秒了"}, {"uid": "246547076", "content": "高兴得当场做了起来（doge）"}, {"uid": "123007078", "content": "被承太郎打得重开了，上辈子是谁我知道但我不说"}, {"uid": "26944429", "content": "天空是蔚蓝色，窗外有千纸鹤~"}, {"uid": "223811341", "content": "你怎么就有80w了"}, {"uid": "223811341", "content": "《超级加倍》"}, {"uid": "405729206", "content": "？？？"}, {"uid": "107673214", "content": "快乐王子确实快乐起来了"}, {"uid": "7741721", "content": "-96万"}, {"uid": "22588530", "content": "风  险  回  避"}, {"uid": "26068454", "content": "音  量  诉  讼"}, {"uid": "26068454", "content": "flag立起来了"}, {"uid": "11530864", "content": "口吐芬芳"}, {"uid": "385056579", "content": "鹅鹅鹅"}, {"uid": "1489125204", "content": "好家伙  败家娘们"}, {"uid": "24409244", "content": "哈哈哈哈，nb"}, {"uid": "348662794", "content": "她上头了她上头了！"}, {"uid": "39603445", "content": "慈善"}, {"uid": "39603445", "content": "哈哈哈哈哈哈哈哈哈哈"}, {"uid": "39603445", "content": "哈哈哈哈哈哈"}, {"uid": "15608420", "content": "？"}, {"uid": "59059001", "content": "蚌埠住了"}, {"uid": "647074868", "content": "拿去做慈善了"}, {"uid": "14458191", "content": "笑不出……噗"}, {"uid": "39117721", "content": "直接连裤衩都没了"}, {"uid": "1667511", "content": "商品请以实物为准"}, {"uid": "1667511", "content": "我超，阳寿牌啊"}, {"uid": "1667511", "content": "《十七张牌你能秒我》"}, {"uid": "1667511", "content": "上头了上头了"}, {"uid": "356336260", "content": "和谐的交流"}, {"uid": "427596960", "content": "剪 辑：夜 鸟"}, {"uid": "360405222", "content": "斗递主"}, {"uid": "419853979", "content": "帮你多份稳定的收入（指保底）"}, {"uid": "19958125", "content": "整个人生都灰暗了"}, {"uid": "38461407", "content": "开心得拍起了肚皮"}, {"uid": "28102888", "content": "裂开了"}, {"uid": "67891109", "content": "天台多了两个人"}, {"uid": "67891109", "content": "性质变了"}, {"uid": "108186290", "content": "祖安up爱了爱了"}, {"uid": "482949058", "content": "好家伙"}, {"uid": "36018474", "content": "喜 出 望外 "}, {"uid": "105129298", "content": "草"}, {"uid": "35367774", "content": "ki bo no hs na"}, {"uid": "5777989", "content": "我 爱 你"}, {"uid": "318560935", "content": "心肌梗塞"}, {"uid": "40154285", "content": "一切以实物为准"}, {"uid": "13742770", "content": "？"}, {"uid": "2755316", "content": "音 量 诉 讼"}, {"uid": "275580454", "content": "恶魔"}, {"uid": "44999247", "content": "一把直接初始了"}, {"uid": "438768956", "content": "不 用 害 怕"}, {"uid": "28613079", "content": "优美的中国话"}, {"uid": "22850592", "content": "开心的拍起了肚皮"}, {"uid": "41393566", "content": "孩子笑的多开心"}, {"uid": "358805", "content": "逐渐嚣张"}, {"uid": "28167194", "content": "什么奇怪笑声啊"}, {"uid": "28167194", "content": "？？？？"}, {"uid": "122947464", "content": "《欢 乐 斗 地 主》"}, {"uid": "108619203", "content": "？？？？"}, {"uid": "121782233", "content": "简单的嘴臭，极致的享受"}, {"uid": "13995224", "content": "两个伤心人抑郁难寝"}, {"uid": "32699918", "content": "真不是人啊"}, {"uid": "12793023", "content": "笑容逐渐消失在脸上"}, {"uid": "43348350", "content": "《我 赚 钱》"}, {"uid": "56286687", "content": "真 性 情"}, {"uid": "88236884", "content": "及  时  止  损"}, {"uid": "11931587", "content": "这都行吗？"}, {"uid": "19146830", "content": "蚌埠住了"}, {"uid": "19466099", "content": "小嘴抹了蜜"}, {"uid": "8021583", "content": "草"}, {"uid": "38043326", "content": "看到了看到了"}, {"uid": "32097499", "content": "两岸猿声啼不住"}, {"uid": "25460944", "content": "文明友好的问候"}, {"uid": "81466010", "content": "吸血鬼打鸣现场"}, {"uid": "81466010", "content": "哈哈哈哈哈哈哈哈哈哈哈哈哈哈"}, {"uid": "21256218", "content": "虚晃一枪"}, {"uid": "343693451", "content": "你看她笑的多开心啊"}, {"uid": "476662266", "content": "欢 乐 斗 地 主"}, {"uid": "10221342", "content": "7岁就会出口成章了"}, {"uid": "82435921", "content": "一把回到解放前"}, {"uid": "82435921", "content": "坏了  给她装到了"}, {"uid": "6291373", "content": "-100"}, {"uid": "202517", "content": "草"}, {"uid": "182773339", "content": "草"}, {"uid": "8988076", "content": "？？？"}, {"uid": "413148521", "content": "卧槽"}, {"uid": "34959019", "content": "音  量  诉  讼"}, {"uid": "34959019", "content": "熟悉的言语"}, {"uid": "23562069", "content": "草"}, {"uid": "17332504", "content": "《超 级 N B》"}, {"uid": "56262331", "content": "好优美的中国话"}, {"uid": "14462903", "content": "留下两个伤心人"}, {"uid": "23684952", "content": "这放肆的笑声"}, {"uid": "37055", "content": "慈善大师啊"}, {"uid": "74033617", "content": "2225"}, {"uid": "74033617", "content": "欢——乐——豆——"}, {"uid": "74033617", "content": "夜鸟：危"}, {"uid": "34268012", "content": "谁家的拖拉机啊"}, {"uid": "245686433", "content": "打鸣"}, {"uid": "9131508", "content": "她做到了，真的是100w（负的）"}, {"uid": "13936795", "content": "？？？"}, {"uid": "8811953", "content": "草"}, {"uid": "2400519", "content": "-96W"}, {"uid": "289681624", "content": "初见，牛B，嘴抹蜜，suki，单推了！"}, {"uid": "402087680", "content": "快乐到拍肚皮的東雪蓮"}, {"uid": "1548552", "content": "我给你打回来。jpg"}, {"uid": "1667511", "content": "这是我最后一次在这个游戏里充钱（）"}, {"uid": "75205941", "content": "114岁（指正）"}, {"uid": "226060302", "content": "不认识夜鸟的打开简介看看"}, {"uid": "397322648", "content": "敲里吗"}, {"uid": "87187423", "content": "初见，嘴臭，单推了"}, {"uid": "269587530", "content": "高情商：以你的名义做慈善"}, {"uid": "95098367", "content": "完了，让她装起来了"}, {"uid": "23305093", "content": "好听 再骂一句！"}, {"uid": "499178376", "content": "猿形毕露"}, {"uid": "244935990", "content": "都挤碎了，还这么害羞"}, {"uid": "13995224", "content": "止损失败）"}, {"uid": "12793023", "content": "可恶 让她装起来了（doge"}, {"uid": "400667057", "content": "坏了，让他装到了"}, {"uid": "38043326", "content": "一把清光"}, {"uid": "82083166", "content": "卧槽好喜欢"}, {"uid": "36214192", "content": "警惕新型诈骗（"}, {"uid": "88587596", "content": "优美的中国话"}, {"uid": "38568957", "content": "猿型毕露"}, {"uid": "282593060", "content": "你看她笑得多开心啊"}, {"uid": "163713878", "content": "惨 夜鸟 惨"}, {"uid": "478829676", "content": "夜鸟：＆#%#＆:)"}, {"uid": "3045225", "content": "优美的中国话"}, {"uid": "672908657", "content": "哈哈哈哈哈哈"}, {"uid": "223811341", "content": "夜鸟失去了请吃饭的机会"}, {"uid": "522027360", "content": "小嘴抹了蜜"}, {"uid": "334928396", "content": "最简单的嘴臭，最顶级的享受"}, {"uid": "39603445", "content": "阳光好刺眼啊"}, {"uid": "346385965", "content": "慈善警告"}, {"uid": "14432161", "content": "在，恁就是莲本伟在世？"}, {"uid": "1667511", "content": "1906年（指正）"}, {"uid": "647074868", "content": "看，她飘了"}, {"uid": "255093690", "content": "我十七张牌，你能秒我？"}, {"uid": "645936944", "content": "小嘴抹蜜"}, {"uid": "1667511", "content": "听取一片妈声"}, {"uid": "346659376", "content": "完了完了"}, {"uid": "1407694206", "content": "是返祖，还是猿形毕露"}, {"uid": "35194390", "content": "这什么神仙牌"}, {"uid": "485407474", "content": "初见，嘴臭，爱了"}, {"uid": "19219", "content": "不行了肚子笑痛了"}, {"uid": "249276465", "content": "一把回到发家前"}, {"uid": "168853870", "content": "止损"}, {"uid": "44999247", "content": "经典上头  谨防诈骗"}, {"uid": "12474269", "content": "谨防新型网络诈骗"}, {"uid": "28167194", "content": "空气突然沉默"}, {"uid": "65679195", "content": "谨防新型网络诈骗"}, {"uid": "170865942", "content": "草，过于混沌"}, {"uid": "7017675", "content": "一把清台"}, {"uid": "299206271", "content": "姐姐快骂我呜呜呜"}, {"uid": "296041381", "content": "可恶让她装到了"}, {"uid": "296041381", "content": "超级慈善，照应标题"}, {"uid": "38738235", "content": "给阿姨一个西红柿╭☞( ￣ ▽￣)╭☞"}, {"uid": "654405782", "content": "字正腔圆"}, {"uid": "8811799", "content": "超级加倍"}, {"uid": "8811799", "content": "慈善赌王是吧"}, {"uid": "231667339", "content": "让她装到了"}, {"uid": "34959019", "content": "优美的中国话系列"}, {"uid": "286284470", "content": "我想吃面包了（"}, {"uid": "74033617", "content": "老板野性消费"}, {"uid": "282593060", "content": "《我赚钱》"}, {"uid": "351731484", "content": "畏罪潜逃"}, {"uid": "1576595511", "content": "打是亲骂是爱"}, {"uid": "168204001", "content": "细U带落"}, {"uid": "30274304", "content": "说好喜欢人类的食物呢？"}, {"uid": "2271035", "content": "莲哥麦克风真好，这都不爆麦"}, {"uid": "197879131", "content": "再来亿遍"}, {"uid": "34179798", "content": "屑女人（doge）"}, {"uid": "223980046", "content": "优美的中国话"}, {"uid": "244964384", "content": "甜言蜜语"}, {"uid": "12148947", "content": "他在狂笑。"}, {"uid": "419853979", "content": "你看她笑得多开心呀"}, {"uid": "88773915", "content": "初见，单推"}, {"uid": "4142765", "content": "僕と結婚してください​"}, {"uid": "21550586", "content": "？"}, {"uid": "28167194", "content": "准备跑路"}, {"uid": "12793023", "content": "优美的中国话"}, {"uid": "99029351", "content": "豆递主"}, {"uid": "7291864", "content": "十万rmb和一百万欢乐豆是吧"}, {"uid": "305099", "content": "进度条告诉我们事情没有这么简单"}, {"uid": "56262331", "content": "《100w》"}, {"uid": "56262331", "content": "《nb》"}, {"uid": "17600100", "content": "1906（更正）"}, {"uid": "34481368", "content": "当年莲刀仔"}, {"uid": "55950", "content": "对胃了对胃了"}, {"uid": "478829676", "content": "让她装到了"}, {"uid": "33013269", "content": "Well, are you Chinese?"}, {"uid": "223811341", "content": "这qq声音是我的？"}, {"uid": "697458759", "content": "赌怪啊这是"}, {"uid": "481996520", "content": "我好爱，推了推了"}, {"uid": "14458191", "content": "装到了"}, {"uid": "276261439", "content": "蚌埠住了"}, {"uid": "73835536", "content": "帮你慈善"}, {"uid": "520137486", "content": "耳机党暴毙"}, {"uid": "9272540", "content": "阳光好刺眼啊"}, {"uid": "114209730", "content": "i了i了"}, {"uid": "95996068", "content": "牛批"}, {"uid": "396923779", "content": "优美的中国话"}, {"uid": "244491268", "content": "全体起立"}, {"uid": "135389628", "content": "十七张牌你能秒我？"}, {"uid": "28613079", "content": "耻辱下播"}, {"uid": "7845547", "content": "一把梭哈"}, {"uid": "323792443", "content": "这不给你搞个超级慈善"}, {"uid": "400667057", "content": "野鸡，危"}, {"uid": "400667057", "content": "《清楚》"}, {"uid": "8939554", "content": "谁家的拖拉机？"}, {"uid": "21256218", "content": "反向赚钱"}, {"uid": "22390536", "content": "初见，牛逼，单推了"}, {"uid": "14125999", "content": "可恶，让让装到了"}, {"uid": "8988076", "content": "哈哈哈哈哈哈哈哈哈哈"}, {"uid": "2655419", "content": "开幕雷击！"}, {"uid": "1829428", "content": "吸血鬼的低语"}, {"uid": "24531252", "content": "欢乐    斗地主"}, {"uid": "440690964", "content": "？草"}, {"uid": "491719944", "content": "谢谢你，现在听不见了"}, {"uid": "648850988", "content": "大慈善家"}, {"uid": "369168051", "content": "出口成章"}, {"uid": "223811341", "content": "哈哈哈哈哈"}, {"uid": "223811341", "content": "斯"}, {"uid": "200890623", "content": "骂组长的屑"}, {"uid": "30274304", "content": "希望人没事"}, {"uid": "510282376", "content": "开玩笑我超勇的好不好"}, {"uid": "17281232", "content": "114514岁"}, {"uid": "291157", "content": "故技重施是吧 还有新招吗"}, {"uid": "647074868", "content": "感觉要玩完"}, {"uid": "438569255", "content": "砍刀没有"}, {"uid": "24341470", "content": "蚌埠住了"}, {"uid": "360405222", "content": "你qq响了"}, {"uid": "73835536", "content": "顶级慈善"}, {"uid": "13028055", "content": "这是不是眠大佐？"}, {"uid": "344479364", "content": "耻辱下播"}, {"uid": "67891109", "content": "血压开始上来了"}, {"uid": "286592355", "content": "音量诉讼"}, {"uid": "44999247", "content": "《赚钱》"}, {"uid": "23281765", "content": "？？？？"}, {"uid": "688912554", "content": "面包想吃我"}, {"uid": "7278103", "content": "阳光好刺眼呐"}, {"uid": "296041381", "content": "照应标题"}, {"uid": "318029451", "content": "我也想吃面包"}, {"uid": "415509036", "content": "我帮你做慈善"}, {"uid": "404640652", "content": "是不是对赚钱有什么误解？"}, {"uid": "89073038", "content": "开幕雷击"}, {"uid": "231667339", "content": "？？？？？？"}, {"uid": "477224340", "content": "？？？？"}, {"uid": "171982195", "content": "当年陈刀仔"}, {"uid": "34959019", "content": "老板要跑路了"}, {"uid": "34959019", "content": "好耶！"}, {"uid": "23562069", "content": "3000草"}, {"uid": "16899207", "content": "好优美啊"}, {"uid": "52490916", "content": "这是最后的波纹了"}, {"uid": "1872542", "content": "哈哈哈"}, {"uid": "38418251", "content": "c语言"}, {"uid": "74033617", "content": "草"}, {"uid": "9972335", "content": "开幕雷击"}, {"uid": "245686433", "content": "哈哈哈哈"}, {"uid": "282593060", "content": "戒赌现场"}, {"uid": "9131508", "content": "差点手抖翻车"}, {"uid": "2259806", "content": "草"}, {"uid": "32970198", "content": "《赚钱》"}, {"uid": "4893511", "content": "3000....."}, {"uid": "76991139", "content": "队友NB"}, {"uid": "1576595511", "content": "甜言蜜语"}, {"uid": "9755516", "content": "爱了爱了"}, {"uid": "510282376", "content": "超级慈善"}, {"uid": "34816376", "content": "remake了属于是"}, {"uid": "14458191", "content": "土块"}, {"uid": "462696036", "content": "开口国粹"}, {"uid": "26895860", "content": "有人说电棍在B站做V，我刚开始还不信，现在我相信了"}, {"uid": "442875142", "content": "我的耳朵"}, {"uid": "21550586", "content": "勇士"}, {"uid": "8075037", "content": "蚌埠"}, {"uid": "319887258", "content": "哈哈哈哈哈哈哈"}, {"uid": "631340024", "content": "暴击"}, {"uid": "244482940", "content": "？？？？"}, {"uid": "38043326", "content": "嘶。。"}, {"uid": "38043326", "content": "哈哈哈哈哈哈"}, {"uid": "22390536", "content": "？？？？？？？"}, {"uid": "6291373", "content": "蚌埠住了"}, {"uid": "231667339", "content": "我帮你赚钱"}, {"uid": "8254614", "content": "wwwww"}, {"uid": "12603318", "content": "我不能接受"}, {"uid": "242773802", "content": "负一百万"}, {"uid": "245686433", "content": "一把干没"}, {"uid": "24899651", "content": "危"}, {"uid": "100816504", "content": "？？？？？？？？？？？？？"}, {"uid": "478829676", "content": "厉害厉害"}, {"uid": "20193333", "content": "土块！？"}, {"uid": "24531252", "content": "牛壁"}, {"uid": "4218620", "content": "草"}, {"uid": "85120465", "content": "哈哈哈哈"}, {"uid": "522027360", "content": "草"}, {"uid": "10591741", "content": "单推"}, {"uid": "39603445", "content": "土块"}, {"uid": "291249238", "content": "野鸟裂开"}, {"uid": "28613620", "content": "慈善"}, {"uid": "28613620", "content": "？？？？？？？？？"}, {"uid": "647074868", "content": "未成年？"}, {"uid": "456504915", "content": "哈哈哈哈"}, {"uid": "14458191", "content": "谁？"}, {"uid": "24341470", "content": "蚌埠住了"}, {"uid": "88773915", "content": "混沌系"}, {"uid": "235754311", "content": "钢板"}, {"uid": "43842450", "content": "危"}, {"uid": "168203668", "content": "q都能q歪来"}, {"uid": "28613079", "content": "BGM不对劲"}, {"uid": "379640812", "content": "？¿"}, {"uid": "114639576", "content": "嘴臭up，爱了爱了，马上就推"}, {"uid": "40900416", "content": "帮你积德"}, {"uid": "203268803", "content": "啊这"}, {"uid": "13542798", "content": "(危)"}, {"uid": "4795758", "content": "草"}, {"uid": "96781322", "content": "这个6了"}, {"uid": "2618664", "content": "？？？"}, {"uid": "8254614", "content": "爽了"}, {"uid": "11018261", "content": "我绷不住了"}, {"uid": "402165004", "content": "屑"}, {"uid": "402165004", "content": "哈哈哈哈"}, {"uid": "231033", "content": "cao"}, {"uid": "1872542", "content": "哈哈哈"}, {"uid": "290794921", "content": "草了我是06的"}, {"uid": "74033617", "content": "危"}, {"uid": "100816504", "content": "有内味了"}, {"uid": "347157328", "content": "666666"}, {"uid": "395870292", "content": "要来了要来了"}, {"uid": "223811341", "content": "草"}, {"uid": "111984910", "content": "10w块赚到100块"}, {"uid": "189096412", "content": "当年"}, {"uid": "521314790", "content": "建议改成20060821，然后我就和我老婆同一天了 "}, {"uid": "455587298", "content": "妈耶菜鸡 "}, {"uid": "3274592", "content": "从10万赢到100万 不是问题"}, {"uid": "34179798", "content": "让这屑女人装到了"}, {"uid": "162699201", "content": "清楚"}, {"uid": "414690071", "content": "当年野鸟能用3000块赢到6万块，我冬雪莲用6万块赢到一百万，不是问题，我们一般称这种人为两个字：傻鸟"}, {"uid": "473319870", "content": "屑"}, {"uid": "13742770", "content": "混沌"}, {"uid": "94701370", "content": "草"}, {"uid": "19219", "content": "这女人怎么回事？怎么上来就骂人（兴奋）"}, {"uid": "34383625", "content": "？？？"}, {"uid": "375773066", "content": "没救了"}, {"uid": "375773066", "content": "危"}, {"uid": "28167194", "content": "笑死"}, {"uid": "28167194", "content": "？？？"}, {"uid": "358558466", "content": "蚌埠住了"}, {"uid": "100678607", "content": "cao，我也06"}, {"uid": "441204192", "content": "。？。"}, {"uid": "32231397", "content": "？？？"}, {"uid": "174717576", "content": "味对了"}, {"uid": "13542798", "content": "乐了"}, {"uid": "42260922", "content": "？"}, {"uid": "38979129", "content": "3000"}, {"uid": "123793564", "content": "草"}, {"uid": "8988076", "content": "爽了"}, {"uid": "64514961", "content": "草"}, {"uid": "23762888", "content": "草草"}, {"uid": "23762888", "content": "草"}, {"uid": "22409459", "content": "草"}, {"uid": "395870292", "content": "不科学"}, {"uid": "327900115", "content": "鉴定完毕，纯种中国人"}, {"uid": "28106105", "content": "草，单推了"}, {"uid": "436220571", "content": "草"}, {"uid": "32231397", "content": "危"}, {"uid": "99029351", "content": "？"}, {"uid": "8425102", "content": "？？？"}, {"uid": "33980787", "content": "草"}, {"uid": "16678788", "content": "危"}, {"uid": "245686433", "content": "跑了"}, {"uid": "32387672", "content": "？"}, {"uid": "174854244", "content": "？？？"}, {"uid": "13936795", "content": "草"}, {"uid": "55950", "content": "泪目"}, {"uid": "472953846", "content": "草"}, {"uid": "50479375", "content": "为什么天天给我推眠眠啊？ 属实卉气"}, {"uid": "74033617", "content": "不要停下来阿啊啊啊啊啊啊啊啊啊啊"}]