[{"uid": "270191026", "content": "爱了爱了"}, {"uid": "326718247", "content": "卧槽罕见"}, {"uid": "38740754", "content": "蚌埠住了"}, {"uid": "503615442", "content": "蚌埠住了"}, {"uid": "503615442", "content": "蚌埠住了"}, {"uid": "8222978", "content": "罕见"}, {"uid": "441090538", "content": "这是哪个罕见啊"}, {"uid": "596539002", "content": "哈哈哈哈"}, {"uid": "511907605", "content": "罕见"}, {"uid": "525032573", "content": "老婆老婆，嗷呜"}, {"uid": "298001851", "content": "今天的蚌埠就住到这了"}, {"uid": "17850460", "content": "[\"0.095\",\"0.067\",\"1-1\",\"7\",\"你永远可以相信東雪蓮\",\"0\",\"0\",\"0.446\",\"0.519\",500,0,1,\"SimSun\",1]"}, {"uid": "418875098", "content": "蚌埠住了"}, {"uid": "281637111", "content": "上头"}, {"uid": "313200357", "content": "嗨，老婆!"}, {"uid": "667963738", "content": "快乐源泉"}, {"uid": "667963738", "content": "上头"}, {"uid": "27338177", "content": "啊，上头了"}, {"uid": "475723091", "content": "上头"}, {"uid": "28340574", "content": "太上头了"}, {"uid": "23890657", "content": "上头"}, {"uid": "2302506", "content": "好上头啊"}, {"uid": "52454496", "content": "完了完了上头了"}, {"uid": "175301666", "content": "哈哈哈哈"}, {"uid": "31187158", "content": "好。。好可爱"}, {"uid": "407673325", "content": "上头了"}, {"uid": "4205338", "content": "哈哈哈哈哈哈哈哈哈"}, {"uid": "491161960", "content": "一天一遍，烦恼再见"}, {"uid": "43471867", "content": "罕见是吧"}, {"uid": "32579456", "content": "僕ど結婚しでください"}, {"uid": "266984763", "content": "哈哈哈哈哈哈"}, {"uid": "11778815", "content": "太对了我的宝！！"}, {"uid": "11778815", "content": "太对了我的宝！！！!"}, {"uid": "23868531", "content": "哈哈哈"}, {"uid": "381957797", "content": "哈哈哈哈哈"}, {"uid": "7595889", "content": "上头了"}, {"uid": "280078501", "content": "你再骂（恳求）"}, {"uid": "32918430", "content": "这下罕见了"}, {"uid": "350861169", "content": "血条空了"}, {"uid": "2036099342", "content": "不错不错，太现实了"}, {"uid": "323709341", "content": "这个眨眼，我爱了"}, {"uid": "149947060", "content": "好听关注了"}, {"uid": "351607834", "content": "好好好好好好好好好"}, {"uid": "288377495", "content": "每天一遍！！！！"}, {"uid": "1920587667", "content": "笑嬉了属于是"}, {"uid": "603836603", "content": "妙啊"}, {"uid": "278446277", "content": "[\"974\",\"602\",\"1-1\",4.5,\"✩脑瘫✩\",\"\",\"\",\"110\",\"52\",500,0,1,\"SimHei, \\\"Microsoft JhengHei\\\"\",1]"}, {"uid": "617736062", "content": "哈哈哈哈哈哈哈哈"}, {"uid": "514260580", "content": "拼了！"}, {"uid": "3262161", "content": "关注了关注了"}, {"uid": "431676779", "content": "哈哈哈"}, {"uid": "13198013", "content": "逆大天了属于是"}, {"uid": "163582", "content": "小嘴抹了蜜"}, {"uid": "29226789", "content": "破防了"}, {"uid": "81611356", "content": "蚌埠住了"}, {"uid": "85695885", "content": "《超甜翻唱》"}, {"uid": "634365469", "content": "罕见"}, {"uid": "353038870", "content": "罕见"}, {"uid": "12044975", "content": "罕见"}, {"uid": "441408873", "content": "蚌埠住了"}, {"uid": "2315456", "content": "我超，罕见"}, {"uid": "228166001", "content": "罕见"}, {"uid": "178545701", "content": "蚌埠住了"}, {"uid": "44545929", "content": "罕见"}, {"uid": "103545755", "content": "罕见"}, {"uid": "1500307", "content": "蚌埠住了"}, {"uid": "28204645", "content": "每天一遍"}, {"uid": "230808290", "content": "我超，罕见"}, {"uid": "8908285", "content": "每日一遍"}, {"uid": "95303682", "content": "爱了爱了"}, {"uid": "444183990", "content": "爱了爱了"}, {"uid": "342719748", "content": "罕见"}, {"uid": "3801793", "content": "蚌埠住了"}, {"uid": "192318139", "content": "上头"}, {"uid": "501429698", "content": "哈哈哈"}, {"uid": "471136537", "content": "每日亿遍"}, {"uid": "644251", "content": "大佐！"}, {"uid": "5134", "content": "每天一遍"}, {"uid": "86676633", "content": "蚌埠住了"}, {"uid": "583385322", "content": "每天一遍"}, {"uid": "583385322", "content": "每天亿遍"}, {"uid": "583385322", "content": "破防了"}, {"uid": "95729737", "content": "蚌埠住了"}, {"uid": "561659611", "content": "上头了"}, {"uid": "408801032", "content": "好可爱"}, {"uid": "259677441", "content": "哈哈哈哈"}, {"uid": "539455557", "content": "新粉报道"}, {"uid": "23230661", "content": "太可爱了"}, {"uid": "594603734", "content": "还好还好"}, {"uid": "580140019", "content": "我崩溃了"}, {"uid": "35772513", "content": "蚌埠住了"}, {"uid": "1729123959", "content": "結婚しましょう"}, {"uid": "1729123959", "content": "毎日一回"}, {"uid": "193096047", "content": "哈哈哈哈哈"}, {"uid": "347442065", "content": "蚌埠住了"}, {"uid": "678113917", "content": "⊙∀⊙！"}, {"uid": "13937758", "content": "蚌埠住了"}, {"uid": "15921309", "content": "罕见"}, {"uid": "21698990", "content": "蚌埠住了"}, {"uid": "81249233", "content": "hh"}, {"uid": "355643755", "content": "罕见"}, {"uid": "1669257770", "content": "每天一遍"}, {"uid": "36748073", "content": "+"}, {"uid": "450573686", "content": "完了，已中毒"}, {"uid": "381957797", "content": "爱了爱了"}, {"uid": "451037219", "content": "《超甜》"}, {"uid": "5428140", "content": "蚌埠住了"}, {"uid": "172292779", "content": "蚌埠住了"}, {"uid": "488383200", "content": "新粉报道"}, {"uid": "81249233", "content": "kksk"}, {"uid": "32718961", "content": "蚌埠住了"}, {"uid": "224928401", "content": "打卡"}, {"uid": "12524080", "content": "蚌埠住了"}, {"uid": "248484047", "content": "绷不住了"}, {"uid": "2011149", "content": "蚌埠住了"}, {"uid": "11778815", "content": "太对了我的宝！！！"}, {"uid": "252831897", "content": "上头了"}, {"uid": "2096733535", "content": "老婆yyds"}, {"uid": "283373722", "content": "每日亿遍"}, {"uid": "476130410", "content": "哈哈"}, {"uid": "252325118", "content": "hhhh"}, {"uid": "669997184", "content": "上头"}, {"uid": "273599712", "content": "可爱"}, {"uid": "49827100", "content": "蚌埠住了"}, {"uid": "72358400", "content": "哈哈哈哈哈哈哈"}, {"uid": "544024095", "content": "老婆！！！！！！！！！！！"}, {"uid": "524875425", "content": "我爱了"}, {"uid": "181025758", "content": "哈哈哈"}, {"uid": "154122", "content": "蚌埠住了"}, {"uid": "295292837", "content": "蚌埠住了"}, {"uid": "27624154", "content": "蚌埠住了"}, {"uid": "29226789", "content": "破防了！"}, {"uid": "497449009", "content": "好家伙"}, {"uid": "88163341", "content": "上头"}, {"uid": "25716533", "content": "罕见！"}, {"uid": "326718247", "content": "罕见"}, {"uid": "2488551", "content": "罕见来了"}, {"uid": "806606", "content": "罕见是吧"}, {"uid": "424186193", "content": "好甜啊"}, {"uid": "87372352", "content": "蚌埠住了"}, {"uid": "446561991", "content": "好耶"}, {"uid": "649565445", "content": "蚌埠住了"}, {"uid": "9816787", "content": "罕见"}, {"uid": "583385322", "content": "蚌埠住了"}, {"uid": "697815178", "content": "我火了"}, {"uid": "697815178", "content": "卧槽"}, {"uid": "1409081587", "content": "哈哈哈"}, {"uid": "406349620", "content": "wink啊啊啊啊啊啊啊啊啊啊啊啊啊啊啊"}, {"uid": "241375726", "content": "哈哈哈"}, {"uid": "87471942", "content": "破防了"}, {"uid": "594603734", "content": "妙啊"}, {"uid": "74845807", "content": "蚌埠住了"}, {"uid": "384793174", "content": "上头了"}, {"uid": "1729123959", "content": "好家伙"}, {"uid": "354732618", "content": "蚌埠住了"}, {"uid": "429666397", "content": "每天一遍"}, {"uid": "106994", "content": "好听"}, {"uid": "505713699", "content": "每天亿遍"}, {"uid": "684825223", "content": "上头"}, {"uid": "39596992", "content": "可爱 "}, {"uid": "23562069", "content": "蚌埠住了"}, {"uid": "288377495", "content": "300万了！！！"}, {"uid": "286755372", "content": "300w好耶"}, {"uid": "26944429", "content": "笑死我了"}, {"uid": "285763761", "content": "可爱"}, {"uid": "101732087", "content": "牛批"}, {"uid": "628662136", "content": "蚌埠住了"}, {"uid": "688389764", "content": "可爱"}, {"uid": "509016307", "content": "再来一遍"}, {"uid": "589278643", "content": "上头"}, {"uid": "188930711", "content": "再来一遍"}, {"uid": "345581625", "content": "爱了爱了"}, {"uid": "394890683", "content": "好耶"}, {"uid": "431676779", "content": "哈哈"}, {"uid": "255624922", "content": "上头"}, {"uid": "673658321", "content": "啊"}, {"uid": "447547865", "content": "蚌埠住了"}, {"uid": "106617913", "content": "蚌埠住了"}, {"uid": "483170406", "content": "上头"}, {"uid": "350812886", "content": "罕见"}, {"uid": "1394587611", "content": "一天一刷"}, {"uid": "2057390888", "content": "蚌埠住了"}, {"uid": "583385322", "content": "每天N遍"}, {"uid": "346116416", "content": "上头啊"}, {"uid": "241375726", "content": "哈哈哈"}, {"uid": "677540106", "content": "最后看亿遍"}, {"uid": "1301801494", "content": "330w祝贺！！"}, {"uid": "8445293", "content": "哇哦"}, {"uid": "98729846", "content": "爱了爱了爱了爱了"}, {"uid": "81249233", "content": "上头"}, {"uid": "38710180", "content": "好耶"}, {"uid": "452046910", "content": "666"}, {"uid": "43471867", "content": "蚌埠住了"}, {"uid": "38770836", "content": "√罕见"}, {"uid": "651446480", "content": "300万了！"}, {"uid": "523321184", "content": "上头了"}, {"uid": "1301801494", "content": "290万！！！！！"}, {"uid": "12358169", "content": "上头"}, {"uid": "435778134", "content": "好!"}, {"uid": "296952341", "content": "可爱"}, {"uid": "28050317", "content": "？？？？？？？"}, {"uid": "339224955", "content": "好活"}, {"uid": "179556787", "content": "立场不定"}, {"uid": "503615442", "content": "你再骂！！"}, {"uid": "503615442", "content": "老婆"}, {"uid": "441408873", "content": "蓮"}, {"uid": "3320615", "content": "你再骂"}, {"uid": "46784935", "content": "一天不听浑身难受"}, {"uid": "2315456", "content": "臭罕见"}, {"uid": "2315456", "content": "眠大佐好"}, {"uid": "2315456", "content": "大佐什么时候看樱花啊"}, {"uid": "2315456", "content": "狗罕见"}, {"uid": "499205436", "content": "爹！！！（超大声）"}, {"uid": "499205436", "content": "2点多了，还有20多个好兄弟沉迷在这无法入眠"}, {"uid": "499205436", "content": "爹！骂我！"}, {"uid": "499205436", "content": "爹！我来了"}, {"uid": "2084904", "content": "为什么说中文"}, {"uid": "2513038", "content": "罕见！"}, {"uid": "38215123", "content": "别骂了"}, {"uid": "4135928", "content": "兄弟们我上当了 "}, {"uid": "267808751", "content": "骂得好"}, {"uid": "38915829", "content": "這種情況挺罕見的"}, {"uid": "30598249", "content": "蚌埠住了"}, {"uid": "198660429", "content": "逆天"}, {"uid": "516105226", "content": "你再骂"}, {"uid": "457720065", "content": "逆天"}, {"uid": "31043493", "content": "罕见好骂"}, {"uid": "533115", "content": "大佐的中文发音真标准"}, {"uid": "151983031", "content": "逆天"}, {"uid": "19956844", "content": "大佐"}, {"uid": "30064564", "content": "老婆"}, {"uid": "471189196", "content": "老婆"}, {"uid": "8640711", "content": "？？？什么鬼"}, {"uid": "187584551", "content": "溜大了属于是"}, {"uid": "433200643", "content": "好家伙，你骂我？！"}, {"uid": "409507282", "content": "初见，可爱，单挑了"}, {"uid": "10064413", "content": "老婆"}, {"uid": "10064413", "content": "老婆骂我"}, {"uid": "117558678", "content": "逆天"}, {"uid": "109375595", "content": "每日亿遍"}, {"uid": "596539002", "content": "43秒变1.25倍真好听"}, {"uid": "499246281", "content": "别骂了别骂了"}, {"uid": "11622625", "content": "有点上头"}, {"uid": "639415161", "content": "笑嘻了"}, {"uid": "135738", "content": "？"}, {"uid": "422330", "content": "？。？？？"}, {"uid": "474997121", "content": "大锁嗨 666"}, {"uid": "289005744", "content": "草"}, {"uid": "83528079", "content": "好"}, {"uid": "323648985", "content": "老婆！！！！"}, {"uid": "323648985", "content": "老婆！"}, {"uid": "25822391", "content": "逆天"}, {"uid": "25822391", "content": "逆天"}, {"uid": "344630677", "content": "老婆在骂我呢，可爱"}, {"uid": "349723573", "content": "请和我结婚吧"}, {"uid": "123226461", "content": "笑死，从来没喊过老婆"}, {"uid": "123226461", "content": "笑死，从来不看老婆"}, {"uid": "35331516", "content": "老婆骂我"}, {"uid": "384729315", "content": "还知道脑白金"}, {"uid": "50001990", "content": "？？"}, {"uid": "288160371", "content": "东雪莲我好喜欢你啊我要给你妈妈过清明节然后我给你母爱"}, {"uid": "289677", "content": "眠大佐热水多喝点"}, {"uid": "150493983", "content": "老婆好可爱"}, {"uid": "35331516", "content": "老婆骂我"}, {"uid": "283373722", "content": "老婆"}, {"uid": "499258855", "content": "你再骂!（恳求）"}, {"uid": "1064404689", "content": "爱了爱了，每日一遍"}, {"uid": "51762639", "content": "初见，可恨，单杀"}, {"uid": "8117065", "content": "对对对，太对了"}, {"uid": "402663450", "content": "kusa"}, {"uid": "384775882", "content": "你再骂"}, {"uid": "442423157", "content": "破防了破防了破防了"}, {"uid": "62102864", "content": "你再骂"}, {"uid": "438650052", "content": "单推了"}, {"uid": "484709874", "content": "你◎◎谁啊"}, {"uid": "1182097226", "content": "你再骂！"}, {"uid": "444183990", "content": "医疗兵！我需要医疗兵！！！！"}, {"uid": "306812358", "content": "你再骂"}, {"uid": "248626384", "content": "她骂我，她关心我，她心里有我"}, {"uid": "70748000", "content": "只要我出生的够快，我就永远是单推人"}, {"uid": "500340422", "content": "爱"}, {"uid": "500340422", "content": "结婚"}, {"uid": "86302227", "content": "你再骂？"}, {"uid": "348648444", "content": "可爱可爱可爱可爱可爱可爱"}, {"uid": "178529039", "content": "绑不住了"}, {"uid": "474303352", "content": "好骂！"}, {"uid": "1470890525", "content": "真实"}, {"uid": "508739146", "content": "什么罕见"}, {"uid": "410939103", "content": "老婆"}, {"uid": "436632777", "content": "虽然我有点气，但是你币有了"}, {"uid": "355422703", "content": "上大头"}, {"uid": "484709874", "content": "老婆别骂了"}, {"uid": "621986778", "content": "老婆"}, {"uid": "11320809", "content": "你再骂"}, {"uid": "11320809", "content": "草"}, {"uid": "1543900590", "content": "你再骂你再骂"}, {"uid": "550706222", "content": "han  dai"}, {"uid": "1361991298", "content": "你别太过分，小心我连夜把你扛回家。"}, {"uid": "626852329", "content": "岂可修，你再骂"}, {"uid": "626852329", "content": "你再骂"}, {"uid": "493927700", "content": "。。"}, {"uid": "170032864", "content": "嗨，老婆"}, {"uid": "36125090", "content": "虚拟偶像骂我沉迷虚拟偶像了"}, {"uid": "282165439", "content": "伞兵"}, {"uid": "598626314", "content": "老婆骂我！"}, {"uid": "7478417", "content": "那我走？"}, {"uid": "1151938348", "content": "你再骂"}, {"uid": "325811537", "content": "初见 单推"}, {"uid": "476881772", "content": "我补上一句每天对着屏幕骂，像个傻颠婆"}, {"uid": "476881772", "content": "你再骂把你透le"}, {"uid": "1232274377", "content": "我丢？客家话？"}, {"uid": "583385322", "content": "看我直接叫你老婆，我超勇的"}, {"uid": "583385322", "content": "你再骂（恳求）"}, {"uid": "583385322", "content": "）上头了！"}, {"uid": "105262438", "content": "你再骂"}, {"uid": "600244799", "content": "初见，可爱，单推"}, {"uid": "631347360", "content": "大师，我悟了，现在就去学习，谢谢。"}, {"uid": "503150587", "content": "你再骂（祈求）"}, {"uid": "310223139", "content": "单推了"}, {"uid": "1394587611", "content": "我是脑瘫"}, {"uid": "351975663", "content": "笑死，我们都喝肾宝"}, {"uid": "389411279", "content": "求求你骂我"}, {"uid": "645498794", "content": "别骂了别骂了～"}, {"uid": "1676984510", "content": "头:为什么老是要上我"}, {"uid": "4529248", "content": "好喷"}, {"uid": "170153631", "content": "勾罕见是这样的"}, {"uid": "258899229", "content": "喝热水更容易降低自身温度"}, {"uid": "12793944", "content": "史诗级好活"}, {"uid": "33426670", "content": "狗罕见"}, {"uid": "489361722", "content": "你谁啊"}, {"uid": "150990065", "content": "？？"}, {"uid": "424232355", "content": "和我结婚吧！我竟然听懂了"}, {"uid": "265143193", "content": "你再骂！"}, {"uid": "265143193", "content": "你再骂！"}, {"uid": "565774741", "content": "爹"}, {"uid": "565774741", "content": "爹"}, {"uid": "13491917", "content": "你在骂！"}, {"uid": "351975663", "content": "你再骂！"}, {"uid": "101145323", "content": "你再骂！！"}, {"uid": "62072633", "content": "就凭这对尖牙我关注了"}, {"uid": "516124903", "content": "上头"}, {"uid": "33034022", "content": "？？？？？？？？？？？"}, {"uid": "525664785", "content": "生活不易雪妹卖艺"}, {"uid": "318902594", "content": "小嘴抹了蜜"}, {"uid": "422192", "content": "草"}, {"uid": "241375726", "content": "草"}, {"uid": "92333707", "content": "老婆"}, {"uid": "92333707", "content": "老婆"}, {"uid": "588766962", "content": "草"}, {"uid": "1098556849", "content": "好可爱"}, {"uid": "562358096", "content": "你再骂！"}, {"uid": "562358096", "content": "老婆继续骂我"}, {"uid": "17685692", "content": "ガチ"}, {"uid": "4108466", "content": "害怕日语"}, {"uid": "631018782", "content": "DD舒服啦，多来点儿我还要_(:D)M∠)_"}, {"uid": "38156339", "content": "草"}, {"uid": "1301801494", "content": "350w礼炮！！！！"}, {"uid": "662038590", "content": "草，上头了"}, {"uid": "352558688", "content": "这句日语什么意思"}, {"uid": "230510695", "content": "草"}, {"uid": "6485164", "content": "你再骂"}, {"uid": "501295216", "content": "啊他说的是我吗？"}, {"uid": "102125897", "content": "你再骂"}, {"uid": "248180782", "content": "老婆！！！"}, {"uid": "32883247", "content": "温州人听到这句日语人傻了"}, {"uid": "452518215", "content": "你再骂？"}, {"uid": "510912618", "content": "老婆你接着骂。"}, {"uid": "510912618", "content": "老婆接着骂我，老婆骂我。"}, {"uid": "510912618", "content": "老婆，接着骂"}, {"uid": "117403288", "content": "每天最后一次"}, {"uid": "480248222", "content": "靠，一边被骂一边笑，最后投币加搜藏"}, {"uid": "484725447", "content": "改到点了"}, {"uid": "2302506", "content": "别骂了"}, {"uid": "34223756", "content": "这不投币！我还是不是人！"}, {"uid": "351403442", "content": "gusha"}, {"uid": "691911790", "content": "你再骂"}, {"uid": "348474196", "content": "“我会中文 日语 英语 所以国籍对我并不重要”[给心心][给心心][给心心]​"}, {"uid": "510051808", "content": "老婆！"}, {"uid": "510051808", "content": "老婆老婆老婆老婆老婆老婆"}, {"uid": "278655", "content": "大佐骂得好"}, {"uid": "220821496", "content": "提前预言"}, {"uid": "220821496", "content": "四百万要五百万了"}, {"uid": "563610645", "content": "你再骂？！"}, {"uid": "1402694620", "content": "别骂了别骂了别骂了"}, {"uid": "491719944", "content": "我不管，白织我老婆"}, {"uid": "518892094", "content": "多喝热水"}, {"uid": "241375726", "content": "。。。"}, {"uid": "241375726", "content": "广东人还行"}, {"uid": "354370691", "content": "三百五十万了我滴宝"}, {"uid": "7143154", "content": "好骂"}, {"uid": "998530324", "content": "老婆！！！！！！"}, {"uid": "436911281", "content": "摩多摩多"}, {"uid": "4842675", "content": "你再骂"}, {"uid": "604678268", "content": "不就是要硬币吗，给你就是了"}, {"uid": "32969558", "content": "老婆"}, {"uid": "387956192", "content": "什么寄吧"}, {"uid": "671212759", "content": "？"}, {"uid": "496725862", "content": "老婆骂的对"}, {"uid": "37127800", "content": "老婆"}, {"uid": "484686168", "content": "那我走？"}, {"uid": "484686168", "content": "？"}, {"uid": "627020410", "content": "我男的我也会"}, {"uid": "447490784", "content": "？"}, {"uid": "473250685", "content": "辛苦了！"}, {"uid": "1820416768", "content": "老婆使劲骂我！！！"}, {"uid": "445540678", "content": "老婆"}, {"uid": "445540678", "content": "老婆"}, {"uid": "445540678", "content": "老婆"}, {"uid": "364760877", "content": "你再骂"}, {"uid": "194050793", "content": "逆天"}, {"uid": "612648704", "content": "家妻献丑了，这就拖回去"}, {"uid": "418973777", "content": "你再骂？"}, {"uid": "329644739", "content": "汉流了下来"}, {"uid": "435600180", "content": "厉害"}, {"uid": "23158647", "content": "什么珠人？"}, {"uid": "8294501", "content": "笑死"}, {"uid": "14233435", "content": "别骂了别骂了"}, {"uid": "471098431", "content": "老婆"}, {"uid": "477791433", "content": "你寄吧谁呀"}, {"uid": "2767238", "content": "草"}, {"uid": "510146453", "content": "老婆骂我"}, {"uid": "284568099", "content": "三连加关注了 "}, {"uid": "113684200", "content": "很遗憾以这种方式认识你"}, {"uid": "491719944", "content": "你再骂？"}, {"uid": "491719944", "content": "你再骂！"}, {"uid": "411196210", "content": "母语出来了"}, {"uid": "248187487", "content": "好傻"}, {"uid": "544198551", "content": "老婆"}, {"uid": "283310441", "content": "草"}, {"uid": "394493234", "content": "老婆骂我！！！"}, {"uid": "501048093", "content": "坏人"}, {"uid": "347718793", "content": "继续啊 别停"}, {"uid": "347718793", "content": "你再骂"}, {"uid": "522038531", "content": "你再骂！（恳求）"}, {"uid": "522038531", "content": "你再骂！"}, {"uid": "1893067", "content": "？？？？"}, {"uid": "10928742", "content": "哈哈哈哈哈别骂了别骂了"}, {"uid": "521378478", "content": "勾罕见"}, {"uid": "294751312", "content": "wink～"}, {"uid": "30214277", "content": "草"}, {"uid": "1108501461", "content": "草"}, {"uid": "595587934", "content": "家妻献丑了"}, {"uid": "226130475", "content": "草"}, {"uid": "1992235950", "content": "肯定看不见我"}, {"uid": "401314172", "content": "老婆"}, {"uid": "169165358", "content": "？"}, {"uid": "491719944", "content": "？"}, {"uid": "398229429", "content": "你再骂（再来亿遍）"}, {"uid": "410192784", "content": "再骂！"}, {"uid": "402588235", "content": "你再骂"}, {"uid": "1729123959", "content": "草"}, {"uid": "4236358", "content": "你多骂"}, {"uid": "284864230", "content": "你再骂"}, {"uid": "1729123959", "content": "莫名其妙就被骂了。"}, {"uid": "401328729", "content": "草草草"}, {"uid": "185559412", "content": "不行了，已经三天没停下了，这次最后一遍"}, {"uid": "98729846", "content": "打嗦嗨"}, {"uid": "437845181", "content": "草"}, {"uid": "588676696", "content": "家乡の话"}, {"uid": "588676696", "content": "眠大佐都有人d"}, {"uid": "515521304", "content": "这小嘴跟抹了蜜似的"}, {"uid": "1327051", "content": "老婆辛苦了"}, {"uid": "381957797", "content": "白嫖"}, {"uid": "381957797", "content": "别骂了别骂了"}, {"uid": "381957797", "content": "笑嘻了"}, {"uid": "381957797", "content": "老婆"}, {"uid": "381957797", "content": "别骂了"}, {"uid": "1990100223", "content": "草草草"}, {"uid": "94535311", "content": "草"}, {"uid": "6843752", "content": "？"}, {"uid": "256875048", "content": "你再骂"}, {"uid": "373069202", "content": "还是这个离天下之大稽"}, {"uid": "442643734", "content": "草"}, {"uid": "691609410", "content": "老婆骂我"}, {"uid": "400860879", "content": "草"}, {"uid": "349073631", "content": "老婆"}, {"uid": "110906463", "content": "我喜欢她的这对虎牙"}, {"uid": "36801119", "content": "你再骂"}, {"uid": "490080067", "content": "八嘎"}, {"uid": "26202146", "content": "罕见"}, {"uid": "401293126", "content": "草"}, {"uid": "592713073", "content": "老婆骂我"}, {"uid": "9994802", "content": "天狗"}, {"uid": "19002193", "content": "你再骂？"}, {"uid": "407661238", "content": "啊啊啊别骂了"}, {"uid": "43677378", "content": "草"}, {"uid": "415248640", "content": "你再骂！"}, {"uid": "510463211", "content": "这个白吃在说啥呀你叫我现在娶老婆那叫早恋"}, {"uid": "272417286", "content": "草"}, {"uid": "415452939", "content": "你再骂"}, {"uid": "6751524", "content": "你寄吧谁啊"}, {"uid": "21524502", "content": "罕见"}, {"uid": "1064712213", "content": "她骂我！她心里还有我！！"}, {"uid": "7418631", "content": "草"}, {"uid": "345935941", "content": "你再骂"}, {"uid": "99943402", "content": "广door人"}, {"uid": "539455557", "content": "求多骂我，老婆最近直播不骂人了，好难受"}, {"uid": "27475633", "content": "你再骂！"}, {"uid": "27475633", "content": "草"}, {"uid": "474421678", "content": "你再骂!"}, {"uid": "474421678", "content": "草"}, {"uid": "434597315", "content": "老婆"}, {"uid": "19677615", "content": "草"}, {"uid": "456512684", "content": "你再骂"}, {"uid": "384797200", "content": "老婆"}, {"uid": "28137664", "content": "老婆老婆啊"}, {"uid": "471978", "content": "别骂了别骂了"}, {"uid": "2091545821", "content": "尼玛没了"}, {"uid": "404692525", "content": "镇站之宝"}, {"uid": "148218229", "content": "老婆"}, {"uid": "2074993740", "content": "你再骂"}, {"uid": "82195850", "content": "草"}, {"uid": "28012142", "content": "下次一定"}, {"uid": "39063575", "content": "草"}, {"uid": "250799877", "content": "。。。。"}, {"uid": "250799877", "content": "。。。。。"}, {"uid": "550353579", "content": "老婆"}, {"uid": "509952636", "content": "老婆"}, {"uid": "361020907", "content": "老婆老婆老婆老婆"}, {"uid": "6611973", "content": "草"}, {"uid": "224806200", "content": "？"}, {"uid": "224928401", "content": "已经忘记原版歌词是怎么样的了"}, {"uid": "224928401", "content": "逐渐我家原版"}, {"uid": "129935004", "content": "我也笑嘻了"}, {"uid": "129935004", "content": "你再骂"}, {"uid": "4886847", "content": "日语困惑害怕"}, {"uid": "561959446", "content": "流批流批"}, {"uid": "32067936", "content": "老婆"}, {"uid": "412885173", "content": "老婆"}, {"uid": "11882767", "content": "？？"}, {"uid": "543922054", "content": "你再骂"}, {"uid": "90705443", "content": "老婆"}, {"uid": "386112858", "content": "？你再骂！"}, {"uid": "3819924", "content": "104人正在观看草"}, {"uid": "452356461", "content": "你再骂！"}, {"uid": "34266000", "content": "草"}, {"uid": "175963149", "content": "？"}, {"uid": "383069276", "content": "老婆 骂我！"}, {"uid": "39231995", "content": "僕と結婚してください"}, {"uid": "37317194", "content": "再来亿遍"}, {"uid": "85312408", "content": "老婆"}, {"uid": "352150032", "content": "别骂了"}, {"uid": "11459171", "content": "草"}, {"uid": "352170671", "content": "310万"}, {"uid": "8668241", "content": "现在还有87个人！！！"}, {"uid": "252429297", "content": "好耶！有意义的视频！考上复旦了，9月我就来上海上学啦！！"}, {"uid": "488383200", "content": "草"}, {"uid": "157235604", "content": "逆天"}, {"uid": "237758955", "content": "老婆！"}, {"uid": "450090218", "content": "草"}, {"uid": "745115", "content": "草"}, {"uid": "280768503", "content": " 点歌 我爱中国 "}, {"uid": "280768503", "content": "呦西你滴歌唱滴大大滴好"}, {"uid": "349917619", "content": "大佐能唱一首《大刀向鬼子头上砍去》"}, {"uid": "280768503", "content": "哟西哟西"}, {"uid": "349917619", "content": "大佐能唱一首《大刀向鬼子头上砍去》"}, {"uid": "64309113", "content": "还骂呢，有趣，太损了"}, {"uid": "394890683", "content": "老婆"}, {"uid": "401475189", "content": "草"}, {"uid": "401475189", "content": "草"}, {"uid": "441617465", "content": "僕と結婚してください​!"}, {"uid": "493900182", "content": "老婆"}, {"uid": "493900182", "content": "老婆"}, {"uid": "95993967", "content": "别骂了别骂了"}, {"uid": "12440019", "content": "每日一溜"}, {"uid": "12440019", "content": "老婆老婆！"}, {"uid": "581411561", "content": "老婆"}, {"uid": "1684915859", "content": "老婆"}, {"uid": "1980498520", "content": "老婆在骂我！！！"}, {"uid": "649923101", "content": "草"}, {"uid": "339975698", "content": "你再骂"}, {"uid": "50878767", "content": "？？？"}, {"uid": "670624391", "content": "你礼貌吗？"}, {"uid": "439287911", "content": "老婆关心我呢（理直气壮）"}, {"uid": "297114554", "content": "槽"}, {"uid": "397582362", "content": "老婆"}, {"uid": "397582362", "content": "老婆"}, {"uid": "631418020", "content": "草"}, {"uid": "455456973", "content": "你再骂"}, {"uid": "1213337275", "content": "她在关心我 怕我中暑叫我多喝热水"}, {"uid": "158523421", "content": "300W了！莲宝YYDS"}, {"uid": "87054716", "content": "老婆！！"}, {"uid": "101781700", "content": "300w了"}, {"uid": "9899616", "content": "骂不醒了"}, {"uid": "9899616", "content": "草"}, {"uid": "19502817", "content": "草"}, {"uid": "10064413", "content": "她冲我眨眼了，他喜欢我"}, {"uid": "23087522", "content": "老婆骂我！"}, {"uid": "455930854", "content": "老婆"}, {"uid": "455930854", "content": "老婆"}, {"uid": "515053897", "content": "白嫖"}, {"uid": "388846354", "content": "草"}, {"uid": "388846354", "content": "草"}, {"uid": "499309712", "content": "你再骂一句试试"}, {"uid": "499309712", "content": "老婆"}, {"uid": "43460323", "content": "草"}, {"uid": "43460323", "content": "你在骂"}, {"uid": "34467230", "content": "草"}, {"uid": "164892381", "content": "老婆别骂了"}, {"uid": "301881895", "content": "脑白金混点白开水"}]