[{"uid": "650363636", "content": "为什么日语这么熟练啊"}, {"uid": "350633181", "content": "来了来了！！！！"}, {"uid": "3728547", "content": "初见、单推丶莲宝"}, {"uid": "15818369", "content": "好听"}, {"uid": "16155730", "content": "莲宝莲宝"}, {"uid": "498901251", "content": "好耶"}, {"uid": "432223835", "content": "好听"}, {"uid": "341709937", "content": "好耶"}, {"uid": "3885523", "content": "♪⸜(๑ ॑꒳ ॑๑)⸝♪✰"}, {"uid": "3885523", "content": "来了来了来了"}, {"uid": "258080603", "content": "很好听，要加油哦！"}, {"uid": "11323850", "content": "好耶"}, {"uid": "437235905", "content": "suki"}, {"uid": "178947053", "content": "好き"}, {"uid": "11247581", "content": "哇伊！"}, {"uid": "179162519", "content": "好听好听！！！"}]