[{"uid": "382856012", "content": "谢谢你，让我找回了刚到中国时遇见的那些珠三角萌二的感觉。"}, {"uid": "382856012", "content": "好听好听"}, {"uid": "14520080", "content": "别说真的好听嗷"}, {"uid": "351124820", "content": "罕见罕见罕见"}, {"uid": "1824419", "content": "？"}, {"uid": "456879989", "content": "很甜"}, {"uid": "455778397", "content": "见证一下"}, {"uid": "16935080", "content": "\\莲宝/\\莲宝/\\莲宝/"}, {"uid": "35855568", "content": "蛮好听的"}, {"uid": "1052884132", "content": "有一说一唱的真不错"}, {"uid": "44594334", "content": "。"}, {"uid": "7875055", "content": "只有唱歌才清楚的车雷达"}, {"uid": "630864243", "content": "好听"}, {"uid": "473134530", "content": "东雪莲你是窝叠"}, {"uid": "7914882", "content": "太好听了吧"}, {"uid": "15749868", "content": "莲宝莲宝莲宝莲宝"}, {"uid": "145908723", "content": "一个小时，热热还能吃"}, {"uid": "161636725", "content": "好耶好耶"}, {"uid": "9343021", "content": "好可爱"}, {"uid": "35787748", "content": "热乎。"}, {"uid": "458191445", "content": "勾罕见"}, {"uid": "175781884", "content": "車雪莲我事你叠"}, {"uid": "163862068", "content": "好好听！"}, {"uid": "32857076", "content": "48分钟 还能热"}, {"uid": "442289291", "content": "两小时凉了"}, {"uid": "23824762", "content": "还是热的"}, {"uid": "528773160", "content": "刚刚，热乎！"}, {"uid": "90092281", "content": "罕见"}, {"uid": "40011191", "content": "罕见"}, {"uid": "242215796", "content": "✓罕见"}, {"uid": "34796189", "content": "够罕见"}, {"uid": "222337584", "content": "热乎的੧ᐛ੭"}, {"uid": "431173704", "content": "看来是我来早了"}, {"uid": "36053854", "content": "2小时，凉了凉了"}, {"uid": "606000385", "content": "冬雪花我好想你啊"}, {"uid": "2042917311", "content": "平板"}, {"uid": "372543524", "content": "罕见"}, {"uid": "153378969", "content": "热乎"}, {"uid": "17751704", "content": "好耶"}, {"uid": "287448877", "content": "谁？"}, {"uid": "18261160", "content": "这么清楚，你是谁？"}, {"uid": "356977567", "content": "骂我"}, {"uid": "342119591", "content": "14分钟"}, {"uid": "505967227", "content": "刚刚，热乎。"}, {"uid": "35364664", "content": "确实"}, {"uid": "180313534", "content": "热乎的"}, {"uid": "398393818", "content": "12分钟，热乎"}, {"uid": "335349146", "content": "母语演唱就是好"}, {"uid": "162098777", "content": "寄"}, {"uid": "672908657", "content": "刚刚"}, {"uid": "11717697", "content": "?"}, {"uid": "499860102", "content": "57分钟 "}, {"uid": "351124820", "content": "眠大佐眠大佐眠大佐 √罕见√罕见√罕见"}, {"uid": "443257759", "content": "女铸币"}, {"uid": "294087095", "content": "\\柬埔寨/\\柬埔寨/\\柬埔寨/\\柬埔寨/\\柬埔寨/"}]