[{"uid": "220891", "content": "女人花心就各种被原谅...不会像吴亦凡那样被制裁真好！"}, {"uid": "23375036", "content": "她急了她急了哈哈哈"}, {"uid": "222337584", "content": "急了急了"}, {"uid": "445518456", "content": "图片仅供参考，具体以实物为准"}, {"uid": "425357552", "content": "喜欢追人（手持武器）"}, {"uid": "861581347", "content": "哈哈哈哈个"}, {"uid": "205294919", "content": "尝试反杀"}, {"uid": "4640689", "content": "？"}, {"uid": "3732733", "content": "?"}, {"uid": "93800903", "content": "是不是得先买急支糖浆？"}, {"uid": "231667339", "content": "开心的都拍起了小手"}, {"uid": "348901318", "content": "哈哈哈哈哈哈哈哈"}, {"uid": "508734070", "content": "蚌埠住了"}, {"uid": "508734070", "content": "一转攻势"}, {"uid": "508734070", "content": "逐渐暴躁"}, {"uid": "100816504", "content": "m发言"}, {"uid": "133056", "content": "九X一x（幻视）"}, {"uid": "11574648", "content": "你看她笑得多开心呀"}, {"uid": "479015122", "content": "一转攻势"}, {"uid": "7991044", "content": "一转攻势"}, {"uid": "443981601", "content": "哈?她都追到家门口了，说要我追她 doge"}, {"uid": "5676856", "content": "病  名  为  爱"}, {"uid": "183834259", "content": "一进来就看到常威在打来福"}, {"uid": "356245395", "content": "上头了"}, {"uid": "23570480", "content": "尝试转移话题"}, {"uid": "35660705", "content": "不要解释了，解释就是掩饰"}, {"uid": "29565974", "content": "nice"}, {"uid": "84671972", "content": "很喜欢奈姬Niki的一句话：你寄吧谁啊"}, {"uid": "388394514", "content": "女同事（错）女同，是（对）"}, {"uid": "45029989", "content": "岔开话题草"}, {"uid": "11169707", "content": "一转攻势"}, {"uid": "687224062", "content": "一进来就看见常威在打来福"}, {"uid": "4640689", "content": "这个我懂 先打个窝子"}, {"uid": "4445976", "content": "七擒孟获"}, {"uid": "4640689", "content": "她在狂笑"}, {"uid": "7939428", "content": "十技零力"}, {"uid": "18226", "content": "七擒孟获"}, {"uid": "451037219", "content": "好的老婆"}, {"uid": "454691143", "content": "确实，追人的时候手上拿的东西口径不能小于12.7"}, {"uid": "277568786", "content": "《哈哈》"}, {"uid": "22861029", "content": "奇怪的play"}, {"uid": "24531252", "content": "在现场，晚自习笑出声"}, {"uid": "10808498", "content": "初见，这就是m么"}, {"uid": "1298644677", "content": "钓鱼执法"}, {"uid": "23371852", "content": "女人只会影响我拔刀的速度"}, {"uid": "24409244", "content": "哈哈哈哈哈"}, {"uid": "170520290", "content": "嬉皮笑脸"}, {"uid": "59785975", "content": "经典钓鱼"}, {"uid": "8254614", "content": "哈哈哈哈哈哈哈哈哈哈哈哈"}, {"uid": "456055602", "content": "经典倒打一耙"}, {"uid": "413412738", "content": "莱宝要哭了。。。"}, {"uid": "445306318", "content": "《宝贝》"}, {"uid": "415063450", "content": "开幕雷击"}, {"uid": "222337584", "content": "溜鱼是吧"}, {"uid": "413282857", "content": "ybb"}, {"uid": "51858795", "content": "病名为爱"}, {"uid": "33980787", "content": "？？？？？？？？？"}, {"uid": "2854211", "content": "？？？？？？？？？"}, {"uid": "443981601", "content": "???"}, {"uid": "1930419", "content": "玩挺大"}, {"uid": "2854211", "content": "老猎人了"}, {"uid": "219858211", "content": "十曝一寒"}, {"uid": "14370850", "content": "？"}, {"uid": "33980787", "content": "草"}, {"uid": "6237793", "content": "草"}]