[{"uid": "27380482", "content": "woc天才"}, {"uid": "3587548", "content": "逻辑鬼才"}, {"uid": "222806978", "content": "小C：听说虚拟区有人聊我?"}, {"uid": "419319527", "content": "格局小了，那后宫还佳丽三千呢，我们怀抱两千多个妹妹怎么了"}, {"uid": "419319527", "content": "小Z是ZI-O"}, {"uid": "128617921", "content": "爷又来听电报了"}, {"uid": "470903375", "content": "团结就是力量"}, {"uid": "30135394", "content": "蚌住了"}, {"uid": "1357302", "content": "你可以建佐久间眠的"}, {"uid": "22765357", "content": "这吸血鬼也太上道了"}, {"uid": "34669726", "content": "挤 眉 弄 眼"}, {"uid": "54770275", "content": "suki"}, {"uid": "55950", "content": "集体的力量"}, {"uid": "351907371", "content": "泽塔and杰特"}, {"uid": "8123188", "content": "隔壁网友小z"}, {"uid": "790793", "content": "草（一种植物"}, {"uid": "4539726", "content": "熟练"}, {"uid": "4587298", "content": "有生肉版本的吗我想练练日语听力（狗头）"}, {"uid": "219213", "content": "业务熟练"}, {"uid": "3916674", "content": "草"}, {"uid": "94817824", "content": "阿哈哈哈哈哈"}, {"uid": "8417344", "content": "哈哈哈哈确实"}, {"uid": "398825879", "content": "你能给我开个房吗？我有个女性朋友要过来住几天"}, {"uid": "2694029", "content": "当然是你老婆菜包的啊"}, {"uid": "4895170", "content": "业务熟练"}, {"uid": "519034166", "content": "弹幕自古出天才。我眠我自己"}, {"uid": "3587548", "content": "眠大佐的捏"}, {"uid": "364821367", "content": "会聊游戏（）"}, {"uid": "21042407", "content": "李吼辣么大声干什么嘛！找物管啊！"}, {"uid": "508734070", "content": "那只羊驼的"}, {"uid": "9276970", "content": "太懂了"}, {"uid": "323953409", "content": "哈哈哈哈哈哈哈"}, {"uid": "4151474", "content": "我们可以聊小M"}, {"uid": "18272094", "content": "我 们 都 是 小 D"}, {"uid": "100582806", "content": "绷不住了"}, {"uid": "22588530", "content": "这v老懂了"}, {"uid": "294865091", "content": "zio"}, {"uid": "419319527", "content": "纳入后宫，嘿嘿嘿"}, {"uid": "82192602", "content": "阿Q里的小D"}, {"uid": "872810", "content": "她绷住了"}, {"uid": "790793", "content": "哈哈哈哈哈哈哈哈哈哈哈哈哈"}, {"uid": "1729042", "content": "永遠都有N+1"}, {"uid": "496540998", "content": "不不不，我们可以聊小N"}, {"uid": "2631519", "content": "刚D的"}, {"uid": "37318256", "content": "建眠大佐的吧"}, {"uid": "40258316", "content": "您好，是的"}, {"uid": "8417344", "content": "好喷"}, {"uid": "8123188", "content": "您好，是的"}, {"uid": "11018261", "content": "建个羊驼的粉丝群吧"}, {"uid": "3290821", "content": "舒服了"}, {"uid": "364821367", "content": "草"}, {"uid": "24409244", "content": "哈哈哈哈哈哈哈哈"}, {"uid": "231515663", "content": "眠大佐的"}, {"uid": "576036", "content": "不聊别的女人还能干嘛"}, {"uid": "366848228", "content": "草"}, {"uid": "260422750", "content": "天才"}, {"uid": "790793", "content": "草"}, {"uid": "26475721", "content": "我要害人不浅的粉丝群啊(°ー°〃)"}, {"uid": "4471661", "content": "不是你的就行了"}, {"uid": "3916674", "content": "天才"}, {"uid": "59180157", "content": "是大佐"}, {"uid": "514765837", "content": "我们联合！"}, {"uid": "528159195", "content": "对"}, {"uid": "42390016", "content": "眠帶佐的"}, {"uid": "1402027191", "content": "聊金轮"}, {"uid": "52067667", "content": "小c的群里面我们一般聊大司马(笑)"}, {"uid": "576036", "content": "你太小看DD了，字母排完了都不一定够"}, {"uid": "872810", "content": "过来人了"}, {"uid": "49457975", "content": "鬼才"}, {"uid": "419319527", "content": "小D是Drive"}, {"uid": "2683721", "content": "对"}, {"uid": "100582806", "content": "DD"}, {"uid": "1455530", "content": "是的"}, {"uid": "389880", "content": "好家伙"}, {"uid": "30254330", "content": "菜包的"}, {"uid": "10650378", "content": "草"}, {"uid": "251372915", "content": "是老婆"}, {"uid": "449198749", "content": "dd"}, {"uid": "794986", "content": "c皇震怒"}, {"uid": "168853870", "content": "对的"}, {"uid": "20799297", "content": "莱宝，团长，帕里，冰糖，锤子，茶宝，远哥，床，真宵，叽叽，30，雪狐，老大哥，驴宝，羽衣妈妈，小话痨，罗爷，希萝，勾勾...写不下乐"}, {"uid": "8417344", "content": "好喷好喷"}, {"uid": "1670310", "content": "草"}, {"uid": "1425459", "content": "DD"}, {"uid": "100582806", "content": "是"}, {"uid": "30254330", "content": "前世"}, {"uid": "245686433", "content": "嘴臭冠军"}, {"uid": "107806065", "content": "快骂！"}, {"uid": "628414664", "content": "草"}, {"uid": "389880", "content": "想！"}, {"uid": "470903375", "content": "乖叫爷爷"}, {"uid": "470903375", "content": "我是你爷爷"}]