[{"uid": "34899356", "content": "《文静的女孩子》"}, {"uid": "22530262", "content": "日V"}, {"uid": "22530262", "content": "这货谁啊"}, {"uid": "22530262", "content": "淦"}, {"uid": "26568301", "content": "现在变成了柬埔寨和车浴球"}, {"uid": "26568301", "content": "《文静》"}, {"uid": "26568301", "content": "140哈哈哈哈哈"}, {"uid": "26568301", "content": "现在完全变了一个模样"}, {"uid": "3422578", "content": "柬埔寨"}, {"uid": "3422578", "content": "结果变成了车雷达"}, {"uid": "71991520", "content": "这句晚上好，我DNA动了"}, {"uid": "36769691", "content": "清楚"}, {"uid": "67270019", "content": "你寄吧谁阿"}, {"uid": "286592355", "content": "就怕来一句你寄吧谁啊"}, {"uid": "527983690", "content": "蛋？"}, {"uid": "35742423", "content": "属实蚌埠住了"}, {"uid": "360403688", "content": "行你个寄吧"}, {"uid": "35742423", "content": "真的有这么清楚吗("}, {"uid": "35742423", "content": "清楚，可爱，乖巧"}, {"uid": "227530491", "content": "明明是吸血鬼却带着十字架"}, {"uid": "227530491", "content": "ohhhhhhhhh"}, {"uid": "305061245", "content": "吸血鬼讨厌红色"}, {"uid": "8254614", "content": "www"}, {"uid": "85120465", "content": "自学成才，天才啊"}, {"uid": "85120465", "content": "草"}, {"uid": "85120465", "content": "原来是华裔"}, {"uid": "85120465", "content": "《不 擅 长 聊 天》"}, {"uid": "12537798", "content": "泪目 找到了 呜呜呜"}, {"uid": "1474544", "content": "这是真的头发，不是假发，不会掉色的"}, {"uid": "1474544", "content": "又晕血又讨厌番茄，这就是吸血鬼吗"}, {"uid": "54770275", "content": "这里的“实际”貌似应该是“时差” (*^▽^*) "}, {"uid": "2622802", "content": "这个C发音成cei哈哈哈"}, {"uid": "383929692", "content": "哪个b抓我"}, {"uid": "3970880", "content": "好久不…初次见面！可爱，结婚！"}, {"uid": "219858211", "content": "我懂了！是西瓜"}, {"uid": "109857316", "content": "可以叫老婆了（）"}, {"uid": "7896115", "content": "憨"}, {"uid": "7896115", "content": "这弹幕能让我眼花"}, {"uid": "5911", "content": "魅魔"}, {"uid": "25754468", "content": "危"}, {"uid": "25754468", "content": "不吃人这点要扣分"}, {"uid": "25754468", "content": "字幕组竟有我自己！"}, {"uid": "37862565", "content": "永远的14岁呢(确信)"}, {"uid": "270084390", "content": "《还有很多》"}, {"uid": "270084390", "content": "《说的顺畅的》"}, {"uid": "9111377", "content": "看起来有点憨"}, {"uid": "3570640", "content": "hso"}, {"uid": "2356088", "content": "草"}, {"uid": "11323850", "content": "好听"}, {"uid": "11323850", "content": "好耶"}, {"uid": "2149640", "content": "这个用日语给不懂日语的人解释的操作wwwww"}, {"uid": "18236810", "content": "大嘘"}, {"uid": "18236810", "content": "emmm"}, {"uid": "18236810", "content": "原来是这样"}, {"uid": "14394214", "content": "莲宝！"}, {"uid": "194368175", "content": "我差点信了"}, {"uid": "194368175", "content": "莲宝!"}, {"uid": "194368175", "content": "番茄鲷鱼寿司还行"}, {"uid": "194368175", "content": "草"}, {"uid": "194368175", "content": "懂了，我要变成猫"}, {"uid": "27108126", "content": "自我催眠"}, {"uid": "174872030", "content": "这太幼了（doge"}, {"uid": "351907371", "content": "好！很有精神"}, {"uid": "39219543", "content": "有中文的直播吗"}, {"uid": "39219543", "content": "卧槽？作曲？"}, {"uid": "39219543", "content": "你不吃血还吸血鬼"}, {"uid": "1733237", "content": "已经预见了，是会拍桌子大叫的类型"}, {"uid": "16155730", "content": "你不要过来啊！doge"}, {"uid": "3439717", "content": "看完了！"}, {"uid": "3439717", "content": "丈育吸血鬼"}, {"uid": "1689785", "content": "需要需要需要需要需要"}, {"uid": "1808632", "content": "嗯？这声音好像哪听过"}, {"uid": "1958038", "content": "大嘘"}, {"uid": "20146440", "content": "字幕组，我的超人"}, {"uid": "96413663", "content": "草"}, {"uid": "498901251", "content": "听得见听得见"}, {"uid": "38746859", "content": "加油吧"}, {"uid": "255687509", "content": "快进到お風呂配信"}, {"uid": "38746859", "content": "你谁"}, {"uid": "1294569", "content": "她真可爱"}, {"uid": "38746859", "content": "草www要压不住了"}, {"uid": "431138003", "content": "明明是吸血鬼却不喜欢血吗ww"}, {"uid": "101665385", "content": "鼻子快找不到了啊啊啊啊啊！"}, {"uid": "251372915", "content": "可爱"}, {"uid": "151548296", "content": "每"}, {"uid": "101665385", "content": "莲宝，我的超人！"}, {"uid": "52123", "content": "箭头就生草了w"}, {"uid": "351907371", "content": "一般来讲说自己清楚的到后面就没几个是真正清楚的了"}, {"uid": "504018856", "content": "空降0：01：00"}, {"uid": "732692", "content": "箭头草"}, {"uid": "305914266", "content": "好耶"}, {"uid": "288636739", "content": "走在夜晚的街道上，我啃了一口中午吃剩下的馒头。刚刚结束忙碌的一天，在回家的路上，我看见在路边仰头望月的一位女生，当我走过她身旁时——“这里是？啊，你好！”她转头看向我，发丝下与发丝同样银白的双眼注视着"}]