[{"uid": "351124820", "content": "可惜是个罕见"}, {"uid": "286437508", "content": "孝心变质"}, {"uid": "2546793", "content": "不算一下转生前的吗"}, {"uid": "1298644677", "content": "《说话好听》"}, {"uid": "1298644677", "content": "耳机党当场暴毙"}, {"uid": "20234730", "content": "眠大佐相亲大会"}, {"uid": "455063435", "content": "车雷达换衣服了呀"}, {"uid": "665850961", "content": "叫你妈"}, {"uid": "516625334", "content": "这下罕见了"}, {"uid": "101438", "content": "女婿不嫌多"}, {"uid": "700172121", "content": "别以为自己匿名了，老子就不知道了"}, {"uid": "1883945", "content": "岳母好哈哈哈哈哈"}, {"uid": "27040086", "content": "广door♂人"}, {"uid": "3882130", "content": "车头相？2333"}, {"uid": "17544711", "content": "咱妈同意了"}, {"uid": "628247487", "content": "爹你在干什么，这样子叫对我耳朵不好"}, {"uid": "27531590", "content": "两斤粉丝"}, {"uid": "358773668", "content": "谁听到了谁听，她刚刚好像哽咽了耶"}, {"uid": "91709921", "content": "耳机党炸裂，能不好听嘛"}, {"uid": "430208242", "content": "图片仅供参考，请以实物为准"}, {"uid": "37501735", "content": "哥哥说的在理"}, {"uid": "20155733", "content": "柬埔寨电报员说话好听？（doge）"}, {"uid": "30335145", "content": "一家子"}, {"uid": "35235997", "content": "200多p，生出来的儿子也不怎么谁的，那娃怕不是多了200多个亲爸爸"}, {"uid": "268690633", "content": "草 黑白"}, {"uid": "37091154", "content": "妈，我刘路啊！ 刘路！是你小子，差点给老子走了眼"}, {"uid": "197625432", "content": "哈哈哈哈哈哈哈哈哈哈哈哈"}, {"uid": "1667511", "content": "中日英柬四国混血（确信）"}, {"uid": "422192", "content": "你下去吧 让咱妈播 她好像更会玩（"}, {"uid": "85040314", "content": "纠正一下，妈妈你有14.8万个女婿"}, {"uid": "1421721", "content": "字正腔圆的开喷"}, {"uid": "9892542", "content": "桃 李 满 天 下"}, {"uid": "476408642", "content": "《复古》"}, {"uid": "476408642", "content": "言出法随"}, {"uid": "476408642", "content": "妻 人 值"}, {"uid": "16526552", "content": "图片仅供参考"}, {"uid": "33919342", "content": "那好，说定了，原地结婚"}, {"uid": "33919342", "content": "咱妈真同意了？好，明天就结婚"}, {"uid": "17751271", "content": "音  量  注  意"}, {"uid": "17751271", "content": "音  量  注  意"}, {"uid": "102462692", "content": "危！"}, {"uid": "922362", "content": "阿姨中文真好"}, {"uid": "8810406", "content": "《没问题啊》"}, {"uid": "37787028", "content": "别说，妈妈确实咬字清晰"}, {"uid": "339812835", "content": "毕 业 照"}, {"uid": "1464471827", "content": "母亲的震惊"}, {"uid": "279245011", "content": "永失好兄弟"}, {"uid": "458226982", "content": "谢谢，新的钢化耳膜很好用"}, {"uid": "489074194", "content": "怪耶"}, {"uid": "32798816", "content": "广西的吗"}, {"uid": "28573281", "content": "妈妈就是会说笑"}, {"uid": "57254535", "content": "草"}, {"uid": "43584977", "content": "可能只有兄弟（悲）"}, {"uid": "1032536499", "content": "↑弟弟说的对↑"}, {"uid": "43584977", "content": "气人值确实"}, {"uid": "14728738", "content": "母慈母孝"}, {"uid": "1032536499", "content": "姐姐！（破音）"}, {"uid": "6170532", "content": "《高情商》"}, {"uid": "255162", "content": "妈含量极高"}, {"uid": "93732457", "content": "两百多个女婿没问题"}, {"uid": "305661915", "content": "字正腔圆可还行"}, {"uid": "39826491", "content": "咱妈也是开玩笑的"}, {"uid": "458181976", "content": "哇，广东的猫猫耶贴贴"}, {"uid": "335639757", "content": "干妈也是妈，有奶便是娘"}, {"uid": "352457524", "content": "妈明知啊"}, {"uid": "85103455", "content": "广东人深感亲切hh"}, {"uid": "16704450", "content": "亲妈呀这是"}, {"uid": "94264860", "content": "岳母好"}, {"uid": "268690633", "content": "足球队？"}, {"uid": "509538044", "content": "别人家的妈妈，我慕了!"}, {"uid": "3917321", "content": "咱妈真好"}, {"uid": "9180311", "content": "属于是有其母必有其女了"}, {"uid": "240379337", "content": "气人值hhh"}, {"uid": "18261160", "content": "你吓死我了"}, {"uid": "471098431", "content": "岳母好"}, {"uid": "100989153", "content": "柬埔寨人"}, {"uid": "87623558", "content": "收到收到收到"}, {"uid": "521307482", "content": "咱妈真好"}, {"uid": "27678783", "content": "好家伙散养笑死，圈养吧还是"}, {"uid": "2741721", "content": "哦豁，粤语"}, {"uid": "262179863", "content": "聖旨"}, {"uid": "420296825", "content": "广东人！太感动了"}, {"uid": "20271783", "content": "咱妈不会是个语文老师吧？"}, {"uid": "267811130", "content": "咱妈同意了"}, {"uid": "225535865", "content": "都排到京都了"}, {"uid": "85156559", "content": "不是，她到底哪人啊？"}, {"uid": "5071902", "content": "广普都看不下去了"}, {"uid": "154122", "content": "咱妈也是人才"}, {"uid": "96223620", "content": "《黑白比较复古》"}, {"uid": "66719729", "content": "就报告一下？您还想都收入囊中了？"}, {"uid": "26813641", "content": "笑疯了"}, {"uid": "36769691", "content": "草"}, {"uid": "182808660", "content": "寄念"}, {"uid": "106154676", "content": "咱妈"}, {"uid": "37902899", "content": "？？？？？"}, {"uid": "399282919", "content": "广东人太感动了，是粤语"}, {"uid": "516625334", "content": "我超，双份罕见"}, {"uid": "516625334", "content": "卧槽，中日混血"}, {"uid": "12268751", "content": "女婿多多益善"}, {"uid": "352457524", "content": "哈哈哈"}, {"uid": "1553165546", "content": "福建人，无比恐惧"}, {"uid": "595459953", "content": "耳朵炸了"}, {"uid": "519034166", "content": "我喜欢插队。"}, {"uid": "403302861", "content": "十五万了"}, {"uid": "489094", "content": "亲妈营业"}, {"uid": "334382", "content": "口吐芬芳"}, {"uid": "6985495", "content": "？？？？"}, {"uid": "83940299", "content": "办学校吧"}, {"uid": "208293444", "content": "骂我"}, {"uid": "208293444", "content": "真就震惊亲妈一样整年"}, {"uid": "1667511", "content": "高  情  商"}, {"uid": "26944429", "content": "咱妈同意了"}, {"uid": "446167525", "content": "怎么说呢 爷就是好这一口音"}, {"uid": "386365179", "content": "就我觉得被坑了？"}, {"uid": "4782691", "content": "痛失兄弟"}, {"uid": "68443755", "content": "咱妈真好"}, {"uid": "231239516", "content": "柬埔寨人"}, {"uid": "12262543", "content": "完了 这下遗像了"}, {"uid": "32798816", "content": "妈（颤抖"}, {"uid": "382079181", "content": "草"}, {"uid": "3156545", "content": "草"}, {"uid": "15258689", "content": "嗓子好尖……耳膜要爆破了"}, {"uid": "231290717", "content": "草"}, {"uid": "255162", "content": "图穷匕见"}, {"uid": "10286763", "content": "《好听》"}, {"uid": "471747501", "content": "4分钟出息了我"}, {"uid": "68119591", "content": "妈，我刘路啊"}, {"uid": "3361278", "content": "听着像香港那边的口音"}, {"uid": "14535152", "content": "不如家乡话"}, {"uid": "2822061", "content": "阴阳两隔"}, {"uid": "458181976", "content": "说话的确好听"}, {"uid": "3633228", "content": "高情商"}, {"uid": "12268751", "content": "整活还得看老妈"}, {"uid": "12268751", "content": "孝出自信"}, {"uid": "144034994", "content": "超越生物极限"}, {"uid": "35364664", "content": "是立本楞捏"}, {"uid": "6942492", "content": "广东话"}, {"uid": "4253637", "content": "哈哈哈哈"}, {"uid": "505470667", "content": "草"}, {"uid": "30335145", "content": "草"}, {"uid": "330560928", "content": "妈妈好"}, {"uid": "410533721", "content": "妈"}, {"uid": "173568332", "content": "笑嘻了"}, {"uid": "329371802", "content": "干妈好"}, {"uid": "175679844", "content": "妈"}, {"uid": "672908657", "content": "咱妈说的对​"}, {"uid": "33919342", "content": "妈妈妈妈妈妈妈"}, {"uid": "410540995", "content": "蚌埠住了"}, {"uid": "87707401", "content": "我拿他们没得办法"}, {"uid": "728158", "content": "绷不住"}, {"uid": "671968", "content": "草 黑白"}, {"uid": "274829702", "content": "妈"}, {"uid": "595459953", "content": "岳母说得对"}, {"uid": "595459953", "content": "耳机党炸裂"}, {"uid": "313018654", "content": "咱妈真好"}, {"uid": "313018654", "content": "岳母好"}, {"uid": "25853346", "content": "妈妈声音也好听~"}, {"uid": "631018782", "content": "破防了啊，被贱卖了呢(ಥ_ಥ)"}, {"uid": "437209178", "content": "至少不是107个兄弟姐妹"}, {"uid": "28869871", "content": "岳母好"}, {"uid": "101665385", "content": "岳母好！！！"}, {"uid": "244338074", "content": "小舅子们好"}, {"uid": "526544480", "content": "17分钟，热热还能吃"}, {"uid": "293751957", "content": "六分钟出息了"}, {"uid": "1244046175", "content": "哈哈哈哈哈哈"}, {"uid": "10286763", "content": "哈哈哈哈哈"}, {"uid": "33027528", "content": "柬埔寨"}, {"uid": "1883945", "content": "岳母"}, {"uid": "473805506", "content": "跟着我念字正腔圆"}, {"uid": "403302861", "content": "你妈"}, {"uid": "686247030", "content": "口吐芬芳能不好听吗"}, {"uid": "286187174", "content": "在现场"}, {"uid": "703050772", "content": "逆天"}, {"uid": "393639998", "content": "广东人狂喜！"}, {"uid": "222656712", "content": "妈妈妈妈妈"}, {"uid": "34244453", "content": "别说包围了，分两半在你家周围打个堑壕战都没问题。"}, {"uid": "12195382", "content": "斗地主都没这么加倍的"}, {"uid": "168076123", "content": "广东人狂喜"}, {"uid": "1760695329", "content": "颤音"}, {"uid": "4782691", "content": "咱妈真好"}, {"uid": "329998515", "content": "广东人狂喜"}, {"uid": "24634736", "content": "xswl老妈也好逗"}, {"uid": "12651745", "content": "2333"}, {"uid": "3156545", "content": "草"}, {"uid": "43584977", "content": "说话又好听"}, {"uid": "43584977", "content": "我关了个啥"}, {"uid": "85892325", "content": "散养"}, {"uid": "7523295", "content": "叫你妈"}, {"uid": "13480555", "content": "超级加倍"}, {"uid": "1052884132", "content": "咱妈说话是真的好听（））"}, {"uid": "938785142", "content": "技高一筹"}, {"uid": "2453836", "content": "还有女儿"}, {"uid": "352457524", "content": "岳母好"}, {"uid": "8987576", "content": "妈妈好"}, {"uid": "104449304", "content": "粤语好耶"}, {"uid": "292015599", "content": "hh"}, {"uid": "629343523", "content": "妈！"}, {"uid": "58069", "content": "草"}, {"uid": "325811537", "content": "岳母好"}, {"uid": "99734733", "content": "把我放在红雪莲的婚纱照里"}, {"uid": "859933", "content": "广door人"}, {"uid": "197625432", "content": "？？？？？？？？"}, {"uid": "208293444", "content": "建议摆个几十围"}, {"uid": "20672900", "content": "广东人狂喜哈哈哈哈"}, {"uid": "370960679", "content": "大佐"}, {"uid": "422192", "content": "咱妈似乎是海外华人"}, {"uid": "432218404", "content": "喷麦喷的好严重"}, {"uid": "85040314", "content": "都是广东人"}, {"uid": "222337584", "content": "妈"}, {"uid": "30820145", "content": "日语说的好"}, {"uid": "14214183", "content": "是非常不好"}, {"uid": "313018654", "content": "草"}, {"uid": "1760695329", "content": "唠嗑女王"}, {"uid": "12434837", "content": "??"}, {"uid": "193159322", "content": "岳母好"}, {"uid": "350077164", "content": "气人值绝了"}, {"uid": "140489364", "content": "寄吧是吧"}, {"uid": "60160", "content": "粤语我爱了"}, {"uid": "4326082", "content": "水煲开了"}, {"uid": "209643095", "content": "广东人狂喜"}, {"uid": "489074194", "content": "草"}, {"uid": "12159389", "content": "妈"}, {"uid": "34975046", "content": "妈妈o(≧v≦)o"}, {"uid": "12302742", "content": "报销啊你"}, {"uid": "85488575", "content": "咱妈好可爱"}, {"uid": "621685039", "content": "妈！"}, {"uid": "441570271", "content": "妈妈"}, {"uid": "241395", "content": "蚌埠住了"}, {"uid": "421673847", "content": "妈"}, {"uid": "197267348", "content": "音量诉讼"}, {"uid": "351124820", "content": "日本心中国人捏"}, {"uid": "402197452", "content": "妈~"}, {"uid": "106154676", "content": "妈"}, {"uid": "7749450", "content": "妈！"}, {"uid": "7749450", "content": "万一有女粉喊老婆呢？"}, {"uid": "12268751", "content": "草"}, {"uid": "52784500", "content": "广东DD狂喜"}, {"uid": "3025457", "content": "果然有其母必有**"}, {"uid": "1883945", "content": "搞孝"}, {"uid": "349559692", "content": "前方声音较小  建议调大音量 "}, {"uid": "34662004", "content": "9万"}, {"uid": "229095718", "content": "草"}, {"uid": "35235997", "content": "哈人"}, {"uid": "16104560", "content": "什么歌者文明（）"}, {"uid": "524779", "content": "妈我刘路啊"}, {"uid": "222337584", "content": "岳母好"}, {"uid": "332870753", "content": "草"}, {"uid": "398495933", "content": "低情商：嘴臭。高情商：说话好听。"}, {"uid": "222337584", "content": "出口成章能不好听么"}, {"uid": "3783917", "content": "带孝女"}, {"uid": "351532747", "content": "妈！"}, {"uid": "174494941", "content": "岳母"}, {"uid": "314840710", "content": "好耶"}, {"uid": "671968", "content": "抵消"}, {"uid": "431121584", "content": "草"}, {"uid": "313018654", "content": "妈"}, {"uid": "1760695329", "content": "14.7"}, {"uid": "329371802", "content": "狂喜"}, {"uid": "375226905", "content": "不是日本人吗"}, {"uid": "229533166", "content": "在现场"}, {"uid": "16935080", "content": "最高指令（）"}, {"uid": "339812835", "content": "寄 吧"}, {"uid": "35509991", "content": "不是不好，是烂"}, {"uid": "46747940", "content": "这是亲妈还是他妈？"}, {"uid": "471093717", "content": "广州人路过"}, {"uid": "3156545", "content": "草"}, {"uid": "3156545", "content": "蚌埠住了"}, {"uid": "13353491", "content": "？？？"}, {"uid": "441570271", "content": "妈"}, {"uid": "1244046175", "content": "干的漂亮"}, {"uid": "36769691", "content": "气人值"}, {"uid": "249098668", "content": "放棺材铺里（确信）"}, {"uid": "14535152", "content": "你妈"}, {"uid": "1298644677", "content": "放养"}, {"uid": "512410647", "content": "够罕见"}, {"uid": "349493183", "content": "广东人好评了熬"}, {"uid": "1772606", "content": "大妈海贼团是吧"}, {"uid": "33933227", "content": "草"}, {"uid": "629000105", "content": "妈"}, {"uid": "489094", "content": "说话像日本人"}, {"uid": "11897380", "content": "广东话好听"}, {"uid": "44915472", "content": "母语说的能不好嘛"}, {"uid": "374750374", "content": "母亲说母语啦？"}, {"uid": "192522780", "content": "草"}, {"uid": "222337584", "content": "妈"}, {"uid": "22153557", "content": "？"}, {"uid": "82715161", "content": "bigmom？"}, {"uid": "1466343906", "content": "妈"}, {"uid": "6525052", "content": "草"}, {"uid": "8548576", "content": "不是日本人嘛"}, {"uid": "872810", "content": "墓碑用的不就是大头贴吗？"}, {"uid": "895491", "content": "在现场"}, {"uid": "525120453", "content": "奶奶好"}, {"uid": "24634736", "content": "xswl"}, {"uid": "458226982", "content": "超级加倍"}, {"uid": "402711232", "content": "草"}, {"uid": "174005262", "content": "？"}, {"uid": "382079181", "content": "妈声音比较好听，要不妈也直播吧"}, {"uid": "10811219", "content": "那我就喊 外母"}, {"uid": "43584977", "content": "低情商：嘴臭"}, {"uid": "24772543", "content": "www"}, {"uid": "471747501", "content": "4"}, {"uid": "10064413", "content": "岳母好"}, {"uid": "244997598", "content": "你寄吧谁啊？​"}, {"uid": "14535152", "content": "不说家乡话?"}, {"uid": "90458041", "content": "我们联合!!!"}, {"uid": "304735009", "content": "中国籍日本人"}, {"uid": "7749450", "content": "全中国放养"}, {"uid": "4791528", "content": "什么blb"}, {"uid": "700172121", "content": "真臭！"}, {"uid": "700172121", "content": "呵呵呵呵呵呵呵呵！"}, {"uid": "493673", "content": "2333"}, {"uid": "1818184", "content": "高情商"}, {"uid": "595459953", "content": "老婆别叫那么大声，耳朵受不了"}, {"uid": "13405715", "content": "尼玛妈"}, {"uid": "508369213", "content": "岳母好"}, {"uid": "505470667", "content": "？？？"}, {"uid": "701822307", "content": "不，15万"}, {"uid": "12315976", "content": "说话好听"}, {"uid": "26380873", "content": "东雪莲是我爹，我管奶奶叫妈，我和东雪莲是兄弟姐妹"}, {"uid": "27649089", "content": "东雪花的妈是我妈，东雪花是我爹，这怎么拎？"}, {"uid": "1443642430", "content": "方言a"}, {"uid": "174494941", "content": "妈"}, {"uid": "672908657", "content": "zha"}, {"uid": "381480838", "content": "前面推荐音量调成一格"}, {"uid": "33919342", "content": "我我我我我"}, {"uid": "12195382", "content": "低情商：垃圾话太多了"}, {"uid": "313018654", "content": "妈！"}, {"uid": "87623558", "content": "啊？？？？？"}, {"uid": "4497214", "content": "说的不是不好，就是有点烂"}, {"uid": "88773915", "content": "果然不是中国人是吧"}, {"uid": "489074194", "content": "草"}, {"uid": "489074194", "content": "寄"}, {"uid": "27372338", "content": "草"}, {"uid": "33549", "content": "？"}, {"uid": "14728738", "content": "耳機黨陣亡"}, {"uid": "1244046175", "content": "好耶"}, {"uid": "5730780", "content": "这下子苟罕见了"}, {"uid": "516374893", "content": "东莞路过"}, {"uid": "403302861", "content": "你妈"}, {"uid": "2319500", "content": "不是舰长不算女婿么"}, {"uid": "289473004", "content": "草"}, {"uid": "342032633", "content": "妈"}, {"uid": "65679195", "content": "好听"}, {"uid": "13677340", "content": "不是柬埔寨人吗"}, {"uid": "525120453", "content": "奶奶！！！！"}, {"uid": "20271783", "content": "贵州？"}, {"uid": "1196574666", "content": "妈"}, {"uid": "10811219", "content": "广州路过"}, {"uid": "36769691", "content": "好耶"}, {"uid": "20672900", "content": "哈哈哈哈妈妈肯定是我大广东人！"}, {"uid": "439041817", "content": "你不日本人嗎"}, {"uid": "325367519", "content": "村子"}, {"uid": "516625334", "content": "为什么不嘴臭为什么不嘴臭为什么不嘴臭为什么不嘴臭"}, {"uid": "516625334", "content": "不是日语？不是日语？不是日语？不是日语？"}, {"uid": "178114094", "content": "妈妈妈妈妈妈妈妈妈妈妈妈妈妈妈妈妈妈"}, {"uid": "243920344", "content": "日语吗"}, {"uid": "8548576", "content": "？"}, {"uid": "525120453", "content": "我 爹 在 和 奶 奶 讲 话"}]