[{"uid": "222337584", "content": "草"}, {"uid": "595459953", "content": "心跳骤停"}, {"uid": "528159195", "content": "草"}, {"uid": "528159195", "content": "谁"}, {"uid": "27489567", "content": "越 南 战 争"}, {"uid": "74150713", "content": "无缝衔接"}, {"uid": "597889", "content": "好活"}, {"uid": "65758183", "content": "打五把csgo"}, {"uid": "179162519", "content": "好可爱"}, {"uid": "358571362", "content": "草，吓我一跳"}, {"uid": "3377669", "content": "不愧是你"}, {"uid": "88037869", "content": "草"}, {"uid": "10950614", "content": "草"}, {"uid": "6725754", "content": "草"}, {"uid": "6842921", "content": "好活草"}, {"uid": "349932126", "content": "草"}, {"uid": "6705775", "content": "草"}, {"uid": "374374149", "content": "草"}, {"uid": "220973259", "content": "好活"}, {"uid": "44381726", "content": "ん?"}, {"uid": "796668", "content": "草"}, {"uid": "4130547", "content": "草"}, {"uid": "1958038", "content": "草"}, {"uid": "21723142", "content": "草"}, {"uid": "2814417", "content": "草"}, {"uid": "13401732", "content": "可爱"}, {"uid": "475184510", "content": "打五把csgo"}, {"uid": "4661588", "content": "草"}, {"uid": "11323850", "content": "草"}, {"uid": "401949515", "content": "草"}, {"uid": "3377669", "content": "草"}, {"uid": "2134000", "content": "草"}, {"uid": "12891523", "content": "草"}, {"uid": "9643544", "content": "可爱"}, {"uid": "23013012", "content": "草"}, {"uid": "65758183", "content": "kusa"}, {"uid": "85120465", "content": "草"}, {"uid": "290782190", "content": "草"}, {"uid": "44381726", "content": "ん?"}, {"uid": "37083032", "content": "草"}, {"uid": "323953409", "content": "草"}, {"uid": "362232846", "content": "草"}, {"uid": "130955536", "content": "草"}, {"uid": "3957428", "content": "就离谱"}, {"uid": "4270565", "content": "哈哈哈哈哈哈哈"}, {"uid": "349932126", "content": "草"}, {"uid": "309420", "content": "草"}, {"uid": "5442661", "content": "草"}, {"uid": "222337584", "content": "草"}, {"uid": "85120465", "content": "草"}, {"uid": "3377669", "content": "草"}, {"uid": "235617022", "content": "草"}, {"uid": "18267849", "content": "？？？？？？？？？？？？"}, {"uid": "434729544", "content": "草"}, {"uid": "10650378", "content": "草"}, {"uid": "32191148", "content": "草"}, {"uid": "6274620", "content": "说国语不就好了嘛"}]