[{"uid": "354135260", "content": "国际友好手势"}, {"uid": "778410657", "content": "我哥在手臂上纹了一个青龙"}, {"uid": "749030", "content": "日语困惑害怕"}, {"uid": "564164", "content": "看到母语就忍不住说了属于是"}, {"uid": "256243111", "content": "草"}, {"uid": "17381763", "content": "清楚的声音，混沌的手势"}, {"uid": "36769691", "content": "国际友好手势"}, {"uid": "12806449", "content": "说起母语了"}, {"uid": "22588530", "content": "草，真的涩起来了"}, {"uid": "499638949", "content": "prprprprprprprprprprprpr"}, {"uid": "18261160", "content": "卧槽，这腿，我舔"}, {"uid": "11617693", "content": "罕见"}, {"uid": "3326244", "content": "关注了关注了"}, {"uid": "21037888", "content": "平板hhhh"}, {"uid": "5324598", "content": "每个人手心都白，因为不会生成黑色素，晒不黑的"}, {"uid": "266669110", "content": "奶油面包拳（幻视）"}, {"uid": "265501", "content": "久违的营业声线"}, {"uid": "319398", "content": "很高兴以这种方式认识你"}, {"uid": "24139", "content": "奶油面包拳那个站住"}, {"uid": "174050062", "content": "手摇乳法器"}, {"uid": "9180311", "content": "腿子当膝枕不戳捏"}, {"uid": "34887887", "content": "这瘦得跟原画一样"}, {"uid": "4210058", "content": "绝对平板"}, {"uid": "70963921", "content": "上色时，手扶着警车（雾）"}, {"uid": "46455233", "content": "跟我比起来还是差点意思（）"}, {"uid": "1499036", "content": "可以说瘦的快只剩皮了 对自己好点宝"}, {"uid": "2715538", "content": "同款鼠标"}, {"uid": "588815601", "content": "？肌肉不松弛真就锻炼摸不着背"}, {"uid": "88773915", "content": "爹"}, {"uid": "88221087", "content": "《帝王引擎》"}, {"uid": "39235532", "content": "好家伙同款鼠标"}, {"uid": "85645809", "content": "怎么吼出电音了"}, {"uid": "17558213", "content": "前言不搭后语"}, {"uid": "10091725", "content": "有国际友好手势，关注了（）"}, {"uid": "36401464", "content": "爹我馋坏了"}, {"uid": "11469429", "content": "小学生kana"}, {"uid": "361684314", "content": "暗示白给"}, {"uid": "7619077", "content": "肌肉一般不松弛吧"}, {"uid": "197354", "content": "奶油。。算了"}, {"uid": "350780389", "content": "说这些话的时候还不忘放个中指 "}, {"uid": "498096860", "content": "3岁小孩迫真"}, {"uid": "37320747", "content": "阿，这个腿子"}, {"uid": "602567", "content": "你在说什么？？？"}, {"uid": "443160322", "content": "草，创骑那个别走！"}, {"uid": "104655981", "content": "懂了，你是我宝贝"}, {"uid": "300613746", "content": "开心的拍起了肚皮"}, {"uid": "4177591", "content": "很多人都只注意到了腿，但是却没有注意到一块黑漆漆的钢板"}, {"uid": "503131639", "content": "我看歪来还以为是烧伤"}, {"uid": "1357302", "content": "约莱拉要擦指甲对不起我想多了"}, {"uid": "2600563", "content": "手的影子很成熟摆出国际友好手势"}, {"uid": "256104315", "content": "完   蛋"}, {"uid": "354196496", "content": "肉在抖不是因为胖，而是缺乏锻炼"}, {"uid": "19506352", "content": "啊，是个大佬）"}, {"uid": "19506352", "content": "高音女王"}, {"uid": "354370691", "content": "老婆好瘦"}, {"uid": "354370691", "content": "完了突然清楚的不认识了"}, {"uid": "104412753", "content": "我能嗦干净了（bushi"}, {"uid": "2007142", "content": "要是不抖那得是有多瘦"}, {"uid": "9131508", "content": "魔术中指*3"}, {"uid": "100356820", "content": "虎狼之词"}, {"uid": "33569261", "content": "不是没肌肉，那些抖的肉就是松驰的肌肉"}, {"uid": "12039747", "content": "友谊变质"}, {"uid": "319994912", "content": "这属于是母语了"}, {"uid": "12148947", "content": "卧槽 莲！"}, {"uid": "12651745", "content": "懂了竹竿加平板，是模特"}, {"uid": "12651745", "content": "草"}, {"uid": "30933816", "content": "真的很瘦，瘦过了的那种"}, {"uid": "347738744", "content": "身份识别"}, {"uid": "283610124", "content": "在？能有点新花样？"}, {"uid": "288646969", "content": "你吼那么大声干什么啦！"}, {"uid": "1819564", "content": "短裤hso"}, {"uid": "295686339", "content": "是yhm！太罕见了！"}, {"uid": "174050062", "content": "woc，真白，死了几天这是？（doge）"}, {"uid": "15225041", "content": "筷子腿"}, {"uid": "34845760", "content": "吃起来不柴（）"}, {"uid": "872810", "content": "老婆的手真好看"}, {"uid": "7928879", "content": "奶油面包.....算了"}, {"uid": "10131643", "content": "太阳拳的我蚌埠住了"}, {"uid": "11219290", "content": "哈哈哈哈哈哈哈哈，有趣的女人"}, {"uid": "243131261", "content": "我直接当场关注"}, {"uid": "69835597", "content": "耳机党已阵亡"}, {"uid": "270687103", "content": "太阳拳的我直接蚌埠住了"}, {"uid": "42260922", "content": "黑人的手背黑，手心也是很白"}, {"uid": "23643252", "content": "好漂亮的腿"}, {"uid": "296904187", "content": "？你不是吸血鬼吗（"}, {"uid": "296904187", "content": "国际友好手势"}, {"uid": "178142367", "content": "草，那天晚上的直播更草"}, {"uid": "846359", "content": "同款鼠标，贴贴"}, {"uid": "240999265", "content": "手扶拖拉机 ，Build驱动器 "}, {"uid": "623336", "content": "这腿我能给你舔骨折"}, {"uid": "19506352", "content": "妹啊，你除了中指不会点别的吗"}, {"uid": "13483106", "content": "《挺 胖》"}, {"uid": "66876246", "content": "这个腿我当场就好了"}, {"uid": "231667339", "content": "我推了个什么东西？"}, {"uid": "9131508", "content": "吸  血  鬼"}, {"uid": "23136768", "content": "草"}, {"uid": "100356820", "content": "好家伙"}, {"uid": "2356088", "content": "奶油面包拳"}, {"uid": "97136358", "content": "好苗条啊"}, {"uid": "30335145", "content": "開 幕 雷 擊"}, {"uid": "778410657", "content": "你还是被把腿收去吧"}, {"uid": "470725955", "content": "笑死，长门不比这瘦？（doge"}, {"uid": "466642", "content": "？？？？？"}, {"uid": "19132909", "content": "狐叫"}, {"uid": "612499773", "content": "惹不起惹不起"}, {"uid": "16684710", "content": "草抖成这样这是得多瘦啊"}, {"uid": "56444140", "content": "骂我!快"}, {"uid": "480362513", "content": "凸 键盘 凸"}, {"uid": "295686339", "content": "母语！"}, {"uid": "414423682", "content": "看得我以为我是中之人"}, {"uid": "297219582", "content": "还剩啥？"}, {"uid": "12329657", "content": "手纹全磨没了"}, {"uid": "3066247", "content": "我彻底好了"}, {"uid": "87187423", "content": "草，我好喜欢"}, {"uid": "13893362", "content": "草"}, {"uid": "11592282", "content": "真就开幕雷击"}, {"uid": "19905533", "content": "味太冲了嗷"}, {"uid": "84123368", "content": "还以为是疤呢"}, {"uid": "7652293", "content": "感觉好瘦，没什么肉"}, {"uid": "1967311", "content": "怎么还有两条香肠？"}, {"uid": "384045974", "content": "管这个叫正常粗细？"}, {"uid": "150191860", "content": "草"}, {"uid": "6941691", "content": "虎狼之词"}, {"uid": "3500192", "content": "我DNA动了（"}, {"uid": "294718051", "content": "草"}, {"uid": "11913789", "content": "同款903"}, {"uid": "9135359", "content": "全程看着左下角"}, {"uid": "313960339", "content": "纯种黑人（雾"}, {"uid": "14879290", "content": "还以为要铁公鸡呢"}, {"uid": "544024095", "content": "╮(￣⊿￣)╭"}, {"uid": "2573666", "content": "这腿真的就和画的纸片人一样了"}, {"uid": "296904187", "content": "我信你个鬼"}, {"uid": "19506352", "content": "你这中指停不下咯"}, {"uid": "354370691", "content": "大腿缝!"}, {"uid": "570438", "content": "草，疯狂比中指"}, {"uid": "8052485", "content": "maga!"}, {"uid": "121920", "content": "这腿 prprprpr"}, {"uid": "8254614", "content": "大花臂"}, {"uid": "9131508", "content": "社畜发言doge"}, {"uid": "33569261", "content": "？？？？？？？？"}, {"uid": "37090720", "content": "好纤细的身材"}, {"uid": "97136358", "content": "这多棒啊！我受不了了！bp环节"}, {"uid": "34669726", "content": "给点给点草"}, {"uid": "29381261", "content": "平平无奇"}, {"uid": "778410657", "content": "你在炫耀？"}, {"uid": "399678551", "content": "不愧是吸血鬼"}, {"uid": "202652", "content": "？？？？？？"}, {"uid": "223811341", "content": "那不是电音，那叫失真"}, {"uid": "11617693", "content": "ybb"}, {"uid": "265501", "content": "prprprprprprprprprpr"}, {"uid": "35929787", "content": "ybb"}, {"uid": "2183614", "content": "耳机党阵亡"}, {"uid": "4340935", "content": "突然日语"}, {"uid": "12629157", "content": "手控狂喜"}, {"uid": "29726756", "content": "哪来的太阳拳啊"}, {"uid": "510282376", "content": "？？？？？？"}, {"uid": "34179798", "content": "草"}, {"uid": "2775138", "content": "纹的是眼Q吗"}, {"uid": "28573281", "content": "怎么没有声音啊"}, {"uid": "19905533", "content": "味太冲了嗷"}, {"uid": "868161", "content": "草"}, {"uid": "260622918", "content": "草，星爵"}, {"uid": "1088525977", "content": "直播唱歌简直不是一个人"}, {"uid": "286474220", "content": "我小爱怎么出来了？"}, {"uid": "3500192", "content": "诶是花臂！爱了爱了"}, {"uid": "2175640", "content": "？？？"}, {"uid": "12662897", "content": "什么toooog"}, {"uid": "299548198", "content": "prprprpror"}, {"uid": "32138296", "content": "草"}, {"uid": "219013917", "content": "没肉啊"}, {"uid": "44808915", "content": "啥啊？我怎么san值狂掉"}, {"uid": "166694837", "content": "看饿了"}, {"uid": "1478643333", "content": "开幕雷击"}, {"uid": "37460205", "content": "这也太瘦了"}, {"uid": "23208158", "content": "你三岁小孩吗"}, {"uid": "489074194", "content": "太懂了"}, {"uid": "846359", "content": "前面的小僵尸别跑"}, {"uid": "846359", "content": "确实有点太瘦了"}, {"uid": "9250409", "content": "草？"}, {"uid": "355340140", "content": "草了"}, {"uid": "2885389", "content": "这腿子"}, {"uid": "27699194", "content": "其实是手背太黑（"}, {"uid": "39104123", "content": "奶油面包拳（幻视）"}, {"uid": "260422750", "content": "完了，我馋了"}, {"uid": "778410657", "content": "额有些人能不能正经一点"}, {"uid": "499620", "content": "哼哼啊啊啊啊啊啊啊啊"}, {"uid": "36769691", "content": "prpr"}, {"uid": "612499773", "content": "太罕见了"}, {"uid": "24738669", "content": "鹅鹅鹅鹅鹅鹅鹅鹅鹅"}, {"uid": "84211923", "content": "？？？"}, {"uid": "433427836", "content": "这是什么牛马"}, {"uid": "485713812", "content": "草"}, {"uid": "611232400", "content": "啊～啥？！"}, {"uid": "21087655", "content": "是真的纹身还是贴上去的？"}, {"uid": "4340935", "content": "平板"}, {"uid": "174005262", "content": "prprprpr"}, {"uid": "14707489", "content": "ybb"}, {"uid": "3081737", "content": "草"}, {"uid": "16034028", "content": "好社会啊"}, {"uid": "3066247", "content": "好细啊"}, {"uid": "11232184", "content": "prprprprprprpr"}, {"uid": "31848658", "content": "gusha"}, {"uid": "34383625", "content": "？？？"}, {"uid": "5182204", "content": "你再比"}, {"uid": "348901318", "content": "草"}, {"uid": "5533382", "content": "老婆！！！！！"}, {"uid": "484735", "content": "草"}, {"uid": "71037", "content": "瘦过头"}, {"uid": "79646219", "content": "好家伙"}, {"uid": "8254614", "content": "多来点，喜欢"}, {"uid": "9131508", "content": "中指*6"}, {"uid": "9131508", "content": "中指*2"}, {"uid": "23136768", "content": "prprprprprprprpr"}, {"uid": "2885389", "content": "都是瘦肉"}, {"uid": "3377669", "content": "草"}, {"uid": "262337541", "content": "平板"}, {"uid": "13677312", "content": "草"}, {"uid": "2013864", "content": "手心白，脚心黑（"}, {"uid": "21557650", "content": "腊肠吗"}, {"uid": "399678551", "content": "你寄吧谁？"}, {"uid": "202652", "content": "太平了。。。"}, {"uid": "7920028", "content": "日语害怕"}, {"uid": "1760695329", "content": "有 趣"}, {"uid": "4135928", "content": "请加强末端循环"}, {"uid": "348826830", "content": "寄吧人"}, {"uid": "1920596508", "content": "ohhhhhhhhhhhhh"}, {"uid": "389294674", "content": "蚌埠住了"}, {"uid": "21653034", "content": "prprpr"}, {"uid": "1819564", "content": "hobo是吧"}, {"uid": "858885", "content": "ybb"}, {"uid": "4393677", "content": "一狗平川"}, {"uid": "21037888", "content": "笑死，比我粗"}, {"uid": "8578450", "content": "ybb"}, {"uid": "3916674", "content": "太阳拳草"}, {"uid": "13185050", "content": "rua"}, {"uid": "13185050", "content": "ybb"}, {"uid": "438832999", "content": "太阳拳是吧"}, {"uid": "36833268", "content": "？D区"}, {"uid": "15225041", "content": "草"}, {"uid": "510329", "content": "maga"}, {"uid": "10316221", "content": "小猪佩奇是吧"}, {"uid": "28573281", "content": "这腿"}, {"uid": "350780389", "content": "怎么还是像中指啊 "}, {"uid": "88038730", "content": "星爵嗷"}, {"uid": "3597371", "content": "寄吧人"}, {"uid": "150191860", "content": "草"}, {"uid": "85113266", "content": "草"}, {"uid": "13742770", "content": "草"}, {"uid": "13742770", "content": "？"}, {"uid": "12662897", "content": "小丑把戏"}, {"uid": "740607", "content": "我手心也白"}, {"uid": "23762888", "content": "草"}, {"uid": "23762888", "content": "草"}, {"uid": "260363927", "content": "草"}, {"uid": "81507506", "content": "草"}, {"uid": "177318400", "content": "不会缺血吧....没有最好"}, {"uid": "13608799", "content": "皮包骨了"}, {"uid": "33030701", "content": "腿真的细过头了。。多吃点吧"}, {"uid": "126385506", "content": "黑人手心也很白"}, {"uid": "1958038", "content": "？？？？"}, {"uid": "429623881", "content": "你吼那么大声干嘛"}, {"uid": "37460205", "content": "还特么没完了草"}, {"uid": "44678312", "content": "prprprprprprprprprprprprprprpr"}, {"uid": "11849167", "content": "我先prpr"}, {"uid": "276801302", "content": "草"}, {"uid": "2007142", "content": "重新定义胖"}, {"uid": "674264043", "content": "这也太瘦了"}, {"uid": "79646219", "content": "？？？"}, {"uid": "5435", "content": "惹不起惹不起"}, {"uid": "97136358", "content": "星爵"}, {"uid": "12651745", "content": "？有不同咩"}, {"uid": "12651745", "content": "？"}, {"uid": "146123700", "content": "好细"}, {"uid": "4135928", "content": "钢板是吧"}, {"uid": "348826830", "content": "害怕"}, {"uid": "4672547", "content": "ybb"}, {"uid": "4393677", "content": "prprprprprprprp"}, {"uid": "1203010229", "content": "我接受不了"}, {"uid": "27030332", "content": "蚌埠住辽"}, {"uid": "265501", "content": "prprprprprprprpr"}, {"uid": "497424548", "content": "草"}, {"uid": "12727351", "content": "丁真"}, {"uid": "560684190", "content": "如果不是为了《》谁会对着一群dubu"}, {"uid": "1554681382", "content": "ybb"}, {"uid": "344479364", "content": "吸血鬼"}, {"uid": "496706", "content": "ybb"}, {"uid": "163758", "content": "ybb"}, {"uid": "275640479", "content": "这不纹身贴吗？都快洗掉了"}, {"uid": "478778878", "content": "说人话"}, {"uid": "12681894", "content": "¿"}, {"uid": "34179798", "content": "屑女人"}, {"uid": "7089489", "content": "？"}, {"uid": "302534621", "content": "不结实"}, {"uid": "156952", "content": "这个滤镜看得能看到吗？？"}, {"uid": "2775138", "content": "奶油面包拳模仿?"}, {"uid": "510329", "content": "这么瘦啊"}, {"uid": "68101649", "content": "就属于气功炮就是"}, {"uid": "38013605", "content": "日憑毛"}, {"uid": "323953409", "content": "prprprprprpr"}, {"uid": "39850381", "content": "经典"}, {"uid": "8300580", "content": "草"}, {"uid": "5182204", "content": "草"}, {"uid": "690480158", "content": "????"}, {"uid": "12343898", "content": "小学生吗草"}, {"uid": "454031", "content": "气功炮是吧"}, {"uid": "8687376", "content": "hso"}, {"uid": "66719729", "content": "emm....这身形......原来皮套是源于生活的啊....."}, {"uid": "8219975", "content": "？？？"}, {"uid": "602770583", "content": "草"}, {"uid": "489074194", "content": "草"}, {"uid": "5115380", "content": "要饭是吧"}, {"uid": "36592674", "content": "好棒！"}, {"uid": "36592674", "content": "这腿太棒了prprprprpr"}, {"uid": "354370691", "content": "kksk"}, {"uid": "66876246", "content": "冲的？？？"}, {"uid": "66876246", "content": "你再比？"}, {"uid": "801086", "content": "一马平川"}, {"uid": "33569261", "content": "？？？？？？去干嘛"}, {"uid": "13677312", "content": "草小学男生嘛你是"}, {"uid": "1915176", "content": "腿上肉在抖因为没肌肉"}, {"uid": "2708473", "content": "草"}, {"uid": "5015995", "content": "加强末端循环"}, {"uid": "286659008", "content": "???"}, {"uid": "3773187", "content": "？"}, {"uid": "295290870", "content": "细了"}, {"uid": "293903200", "content": "什么√罕见"}, {"uid": "27047637", "content": "这是什么手语"}, {"uid": "388550", "content": "怕弹幕听不懂中文换日文了，她真的 好温柔，我气死"}, {"uid": "628247487", "content": "你谁啊"}, {"uid": "528159195", "content": "p r p r p r p r p r p r p r p r p r p r p r p r"}, {"uid": "524875425", "content": "吵死了"}, {"uid": "455292728", "content": "prprprprprprprprprprprprpr"}, {"uid": "5903881", "content": "草"}, {"uid": "1660060", "content": "ybb"}, {"uid": "10162553222", "content": "那你喊什么？你一定要喊吗？"}, {"uid": "3224359", "content": "《挺胖》"}, {"uid": "258516237", "content": "纹的这是个鸟窝吗？上面还有蛋"}, {"uid": "88773915", "content": "太好了"}, {"uid": "516959746", "content": " 应该说红豆泥阿里嘎多"}, {"uid": "7845547", "content": "是小腹的心形纹身？"}, {"uid": "34462477", "content": "?"}, {"uid": "36401464", "content": "prprpr"}, {"uid": "441431979", "content": "prprprprprpr"}, {"uid": "325845592", "content": "给我甜甜"}, {"uid": "105130699", "content": "草"}, {"uid": "23086488", "content": "草"}, {"uid": "358483060", "content": "？？？？"}, {"uid": "1417393993", "content": "？？？？"}, {"uid": "318586", "content": "瘦"}, {"uid": "219013917", "content": "淦"}, {"uid": "262702", "content": "确实"}, {"uid": "12847343", "content": "什么脏比佳佳"}, {"uid": "35503351", "content": "天津饭是吧"}, {"uid": "19506352", "content": "你能不能好好干活"}, {"uid": "2007142", "content": "纹得啥啊"}, {"uid": "79646219", "content": "泪目"}, {"uid": "1474544", "content": "？？？"}, {"uid": "27699194", "content": "草"}, {"uid": "34481368", "content": "g903"}, {"uid": "34481368", "content": "你再比中指"}, {"uid": "22244376", "content": "？？？"}, {"uid": "39104123", "content": "瘦啊"}, {"uid": "1916392", "content": "好了"}, {"uid": "11895359", "content": "草"}, {"uid": "39104123", "content": "草"}, {"uid": "11453613", "content": "prprprprpr"}, {"uid": "11453613", "content": "平"}, {"uid": "3513134", "content": "？"}, {"uid": "354135260", "content": "草"}, {"uid": "6094084", "content": "你这还胖吗"}, {"uid": "17887038", "content": "我冲了"}, {"uid": "3370940", "content": "debu"}, {"uid": "5048459", "content": "日恁毛"}, {"uid": "1963354248", "content": "我超，刘路"}, {"uid": "146123700", "content": "挺胖？？？"}, {"uid": "188930711", "content": "啥玩意儿啊，看不清"}, {"uid": "65679195", "content": "捏马"}, {"uid": "66645509", "content": "尼"}, {"uid": "612499773", "content": "小学生吗"}, {"uid": "499638949", "content": "草"}, {"uid": "3935427", "content": "ybb"}, {"uid": "352627493", "content": "离谱"}, {"uid": "5396360", "content": "ybb"}, {"uid": "49998877", "content": "草"}, {"uid": "403302861", "content": "好了"}, {"uid": "275640479", "content": "一马平川"}, {"uid": "692127297", "content": "有区别？"}, {"uid": "349590076", "content": "prprprpr"}, {"uid": "45539111", "content": "对她使用炎拳吧"}, {"uid": "282392720", "content": "草"}, {"uid": "84378303", "content": "草"}, {"uid": "1579860", "content": "是不是开磨皮了，纹身都看不清"}, {"uid": "28573281", "content": "好瘦"}, {"uid": "17056473", "content": "？？？"}, {"uid": "8300580", "content": "钢板"}, {"uid": "37320747", "content": "草"}, {"uid": "318586", "content": "小磁怪？"}, {"uid": "690480158", "content": "?"}, {"uid": "26028470", "content": "装yhm是吧"}, {"uid": "33556516", "content": "???"}, {"uid": "431138003", "content": "草"}, {"uid": "33030701", "content": "这。。。还是多吃点吧"}, {"uid": "421769925", "content": "awsl"}, {"uid": "296904187", "content": "？"}, {"uid": "15854982", "content": "好瘦啊"}, {"uid": "37460205", "content": "？"}, {"uid": "1271798", "content": "吸血鬼是吧"}, {"uid": "5115380", "content": "？"}, {"uid": "44678312", "content": "草"}, {"uid": "3222240", "content": "903+1"}, {"uid": "2007142", "content": "巨好看"}, {"uid": "391886586", "content": "草"}, {"uid": "202204", "content": "？？？？"}, {"uid": "13559154", "content": "prprprpr"}, {"uid": "4964176", "content": "大眼？"}, {"uid": "406322329", "content": "p r p r p r p r p r p r"}, {"uid": "146123700", "content": "草"}, {"uid": "527840", "content": "就这？"}, {"uid": "231290717", "content": "允许你们发日语弹幕不允许别人用日语回复？"}, {"uid": "612499773", "content": "平板"}, {"uid": "485713812", "content": "？？？"}, {"uid": "101286020", "content": "tnnd，举报举报"}, {"uid": "36810601", "content": "？"}, {"uid": "1484073", "content": "这么。屑"}, {"uid": "12699672", "content": "whl"}, {"uid": "15225041", "content": "？？？"}, {"uid": "1982336", "content": "?"}, {"uid": "35986995", "content": "不是，你们都不看的嘛"}, {"uid": "30845762", "content": "？？？"}, {"uid": "6669708", "content": "？？？"}, {"uid": "4114326", "content": "还好啊，哪里细过头了，正常粗细吧"}, {"uid": "1685613", "content": "瘦猴"}, {"uid": "12625199", "content": "太阳拳是吧"}, {"uid": "644996124", "content": "？？？？"}, {"uid": "39219543", "content": "这不废话"}, {"uid": "34481368", "content": "平板"}, {"uid": "262337541", "content": "prprprprpr"}, {"uid": "521083531", "content": "草"}, {"uid": "97136358", "content": "又是一个死去的男友的纪念吗"}, {"uid": "494145454", "content": "好瘦"}, {"uid": "39104123", "content": "？"}, {"uid": "21201795", "content": "苟罕见！"}, {"uid": "470903375", "content": "像个傻狗"}, {"uid": "28573281", "content": "芜湖prprprprprprprp"}, {"uid": "383768376", "content": "目力"}, {"uid": "38518967", "content": "罗技g903无线"}]