[{"uid": "33426670", "content": "罕见"}, {"uid": "690095044", "content": "你没有啊眠大佐"}, {"uid": "249645770", "content": "罕见"}, {"uid": "516011", "content": "？？？？！！！"}, {"uid": "11372349", "content": "什么大实话我哭了呜呜呜"}, {"uid": "6775759", "content": "罕见"}, {"uid": "15160795", "content": "哈哈哈真实事件改编是吧"}, {"uid": "35502235", "content": "两小时 "}, {"uid": "2175640", "content": "草哈哈哈哈哈哈"}, {"uid": "36053854", "content": "1小时，还能吃"}, {"uid": "510505140", "content": "一小时"}, {"uid": "1196574666", "content": "可爱！"}, {"uid": "174758111", "content": "热乎"}, {"uid": "144770364", "content": "罕见"}, {"uid": "447648295", "content": "莱宝？"}, {"uid": "6878521", "content": "2333"}, {"uid": "248955351", "content": "《刘路的重生之路》"}, {"uid": "13086876", "content": "自我介绍是吧"}, {"uid": "116186806", "content": "确实"}, {"uid": "174163390", "content": "宁配说中文吗"}, {"uid": "174163390", "content": "宁配说中文"}, {"uid": "282448239", "content": "纯正霓虹血统"}, {"uid": "14949821", "content": "刘路啊 没认出来"}, {"uid": "348929035", "content": "什么赛马娘"}, {"uid": "351607834", "content": "ybb"}, {"uid": "235164897", "content": "草"}, {"uid": "3181415", "content": "什么罕见"}, {"uid": "690095044", "content": "眠大佐别喊了你没有"}, {"uid": "690155338", "content": "就离谱"}, {"uid": "14430997", "content": "那你确实"}, {"uid": "350633181", "content": "草"}, {"uid": "527595710", "content": "罕见"}, {"uid": "53605610", "content": "很抱歉以这种方式认识你"}, {"uid": "473447119", "content": "草"}, {"uid": "57799651", "content": "操"}, {"uid": "543844447", "content": "罕见小孩"}, {"uid": "393685013", "content": "确实"}, {"uid": "297609550", "content": "？？？草"}, {"uid": "15210123", "content": "？"}, {"uid": "2711162", "content": "B限【学中文】"}, {"uid": "24531252", "content": "？"}, {"uid": "12315581", "content": "孝死了"}, {"uid": "476350385", "content": "根据真实事件改编是吧"}, {"uid": "90204137", "content": "嘶"}, {"uid": "346695487", "content": "什么大实话"}, {"uid": "87707401", "content": "把你喂大"}, {"uid": "87707401", "content": "把你喂大"}, {"uid": "289549988", "content": "草"}, {"uid": "19809294", "content": "草"}, {"uid": "36769691", "content": "草"}, {"uid": "36769691", "content": "草"}, {"uid": "5056459", "content": "草"}, {"uid": "101665385", "content": "I don't wanna die!"}, {"uid": "265143193", "content": "草"}, {"uid": "8923519", "content": "草"}, {"uid": "4341751", "content": "雪菜！"}, {"uid": "276261439", "content": "国服马超"}, {"uid": "7947483", "content": "???怒涛发展"}, {"uid": "610592690", "content": "把你喂大"}, {"uid": "2042917311", "content": "啧"}, {"uid": "4580868", "content": "草"}, {"uid": "412636452", "content": "草"}, {"uid": "57799651", "content": "蚌不住了"}, {"uid": "4135928", "content": "我们妈妈"}, {"uid": "332137838", "content": "诶"}, {"uid": "3189258", "content": "勉强接受"}, {"uid": "21578137", "content": "白学"}, {"uid": "45312365", "content": "?"}, {"uid": "42858512", "content": "诸葛雪菜"}, {"uid": "499822604", "content": "？"}, {"uid": "94872051", "content": "咱妈没了？？？"}, {"uid": "153378969", "content": "她私信我，她心里有我！"}, {"uid": "8232854", "content": "草"}, {"uid": "364694913", "content": "诶，好女儿"}, {"uid": "510505140", "content": "凉了"}, {"uid": "8916023", "content": "雪...雪菜？"}, {"uid": "265143193", "content": "草"}, {"uid": "9322456", "content": "草"}, {"uid": "9322456", "content": "？"}, {"uid": "16935080", "content": "前方音量＋版权控诉警告，建议外放到最大声"}, {"uid": "43584977", "content": "草"}, {"uid": "43584977", "content": "草"}, {"uid": "22255967", "content": "草，好活"}, {"uid": "11755075", "content": "雪菜币池   冬马赛高"}, {"uid": "438515263", "content": "草"}, {"uid": "350633181", "content": "草"}, {"uid": "8405434", "content": "草"}, {"uid": "8405434", "content": "？"}, {"uid": "103299", "content": "草"}, {"uid": "274557395", "content": "？"}, {"uid": "45565676", "content": "ybb"}, {"uid": "222293677", "content": "啥b"}, {"uid": "38739838", "content": "别蹭了别蹭了"}, {"uid": "45278880", "content": "一眼假"}, {"uid": "484314", "content": "东雪菜！"}, {"uid": "346418700", "content": "40分钟，热热还能吃"}]