[{"uid": "14520080", "content": "kksk"}, {"uid": "14520080", "content": "可爱！"}, {"uid": "36891073", "content": "绷不住了"}, {"uid": "481868836", "content": "图片仅供参考"}, {"uid": "310433326", "content": "快戴耳机！"}, {"uid": "399678551", "content": "图片仅供参考"}, {"uid": "4384149", "content": "宝藏？"}, {"uid": "37909996", "content": "冲冲冲"}, {"uid": "544024095", "content": "爱了爱了"}, {"uid": "257763747", "content": "这么好的怎么没多少人发弹幕啊"}, {"uid": "507552386", "content": "轻易实物为准"}, {"uid": "505922359", "content": "赠红包"}, {"uid": "505922359", "content": "嗯~嗯~嗯嗯"}, {"uid": "505922359", "content": "共度"}, {"uid": "8058043", "content": "营业声线"}, {"uid": "8058043", "content": "你寄吧谁啊"}, {"uid": "150560704", "content": "希尔薇？"}, {"uid": "33980787", "content": "可爱"}, {"uid": "31456630", "content": "阿伟，来走个流程"}, {"uid": "13770606", "content": "垫了！（确信）"}, {"uid": "107806065", "content": "awsl"}, {"uid": "3377669", "content": "只有唱歌的时候才清楚的莲宝"}, {"uid": "111984910", "content": "你寄吧谁啊"}, {"uid": "589562591", "content": "好耶好耶"}, {"uid": "3885523", "content": "♪⸜(๑ ॑꒳ ॑๑)⸝♪✰"}, {"uid": "65016604", "content": "你寄吧谁啊"}, {"uid": "505922359", "content": "共苦"}, {"uid": "521314790", "content": "i了，单推了"}, {"uid": "94624689", "content": "桃子"}, {"uid": "3885523", "content": "来了来了来了"}, {"uid": "107806065", "content": "ohhhhhhhhhh"}, {"uid": "521161003", "content": "大佐是吧"}, {"uid": "505922359", "content": "无数"}, {"uid": "3769102", "content": "好汀！！"}, {"uid": "424402753", "content": "kksk"}, {"uid": "398280088", "content": "好听"}, {"uid": "26004391", "content": "在？为什么发原曲? (狗头苟命) "}, {"uid": "3916674", "content": "kksk"}, {"uid": "214463635", "content": "啊啊啊啊啊啊啊啊啊"}, {"uid": "175679844", "content": "你寄吧谁啊"}, {"uid": "4422247", "content": "垫是肯定垫了"}, {"uid": "248516", "content": "摆摆摆摆"}, {"uid": "7123230", "content": "kks"}, {"uid": "222337584", "content": "你寄吧谁啊"}, {"uid": "25569864", "content": "你寄吧谁啊"}, {"uid": "544024095", "content": "好听"}, {"uid": "505922359", "content": "同甘"}, {"uid": "441756741", "content": "只有唱歌才清楚的柬埔寨"}, {"uid": "290873534", "content": "好耶"}, {"uid": "33980787", "content": "好耶"}, {"uid": "30932427", "content": "好耶！"}, {"uid": "1424155", "content": "好听"}, {"uid": "60160", "content": "老婆我爱你"}, {"uid": "505922359", "content": "摆~摆~摆~摆~~"}, {"uid": "505922359", "content": "嘿啍~"}, {"uid": "505922359", "content": "惜福"}, {"uid": "661119872", "content": "不对，你寄把谁啊"}, {"uid": "4422247", "content": "？？屑女人唱歌还蛮好听的  可恶"}, {"uid": "400945758", "content": "kksk"}, {"uid": "4151474", "content": "垫了（暴言）"}, {"uid": "10313446", "content": "双厨狂喜～"}, {"uid": "164529997", "content": "你寄吧谁啊"}, {"uid": "476367772", "content": "ohhhhhhhh"}, {"uid": "319077098", "content": "ppt是吧（"}, {"uid": "31367769", "content": "发现宝藏了"}, {"uid": "358571362", "content": "好耶"}, {"uid": "505922359", "content": "良辰"}, {"uid": "476367772", "content": "浴球！！！！"}, {"uid": "100816504", "content": "好耶"}, {"uid": "12891523", "content": "来了来了"}, {"uid": "30932427", "content": "双厨狂喜"}, {"uid": "596852455", "content": "为什么我脑子里有谱面了"}, {"uid": "2628837", "content": "讚！！！！！！！！！！！！！！！"}, {"uid": "87418408", "content": "柬埔寨怎么都不动一下的哦？"}, {"uid": "20466900", "content": "✿ヽ(°▽°)ノ✿✿ヽ(°▽°)ノ✿✿ヽ(°▽°)ノ✿"}]