[{"uid": "184752", "content": "泪目"}, {"uid": "1587596", "content": "zawazawa"}, {"uid": "5806095", "content": "开幕雷击"}, {"uid": "270090812", "content": "                                                          可爱"}, {"uid": "430552726", "content": "D 都可以D"}, {"uid": "14293639", "content": "这是要去战场了吗"}, {"uid": "10977097", "content": "直接入土可还行"}, {"uid": "403388920", "content": "草 光能使者"}, {"uid": "403388920", "content": "Debu酱？"}, {"uid": "403388920", "content": "我逐渐理解了一切"}, {"uid": "8348405", "content": "这不是西瓜单推人sakuya嘛"}, {"uid": "628893796", "content": "哈哈哈"}, {"uid": "2423679", "content": "都是土豆雷"}, {"uid": "4439854", "content": "大召唤术"}, {"uid": "180198995", "content": "                                                      在"}, {"uid": "913363", "content": "烧完入土，我懂了，我是豆萁"}, {"uid": "2500994", "content": "这太像诀别诗了"}, {"uid": "2500994", "content": "???这么快就结束了？"}, {"uid": "25577881", "content": "土土土土土土"}, {"uid": "154095", "content": "老开司了"}, {"uid": "266812299", "content": "懂了，大小姐是茅山道士"}, {"uid": "266812299", "content": "回收片头"}, {"uid": "266812299", "content": "噗这什么比喻啊"}, {"uid": "43696692", "content": "在"}, {"uid": "2559692", "content": "老黑听人了"}, {"uid": "49457975", "content": "噔噔咚"}, {"uid": "49457975", "content": "耶"}, {"uid": "49457975", "content": "草"}, {"uid": "23359247", "content": "请回到土里"}, {"uid": "289109448", "content": "砸瓦鲁多（手动狗头）"}, {"uid": "214664670", "content": "这个炎是我点的"}, {"uid": "4203312", "content": "おつのわーるど"}, {"uid": "3563269", "content": "好机会小杜！！"}, {"uid": "12903913", "content": "wwwww"}, {"uid": "8204920", "content": "no民都是越共呢（"}, {"uid": "153836704", "content": "zawazawa"}, {"uid": "49981668", "content": "这种技能还是早点忘记吧"}, {"uid": "49981668", "content": "懂了，火化后再入土"}, {"uid": "49981668", "content": "入土了"}, {"uid": "49981668", "content": "我直接天动万象"}, {"uid": "3093093", "content": "烽 火 戏 诸 侯"}, {"uid": "27327039", "content": "直接入土了"}, {"uid": "52453166", "content": "谁教的！"}, {"uid": "8891610", "content": "在吗？不在"}, {"uid": "165438", "content": "然后d了别人"}, {"uid": "405378", "content": "在在在"}, {"uid": "606940993", "content": "我也喜欢"}, {"uid": "26429699", "content": "no～"}, {"uid": "26429699", "content": "大小姐不会看了赌博默示录吧，zawa"}, {"uid": "26429699", "content": "zawazawa"}, {"uid": "305617742", "content": "草"}, {"uid": "10995457", "content": "太棒了，我逐渐理解一切了"}, {"uid": "1555770", "content": "然后就去了别人"}, {"uid": "4784719", "content": "我逐渐理解一切"}, {"uid": "5906911", "content": "dna动了"}, {"uid": "93811978", "content": "好家伙，生死离别发言"}, {"uid": "34325153", "content": "Debu酱？？？"}, {"uid": "24750", "content": "没有不在，这不是真的弹幕"}, {"uid": "24750", "content": "草。弹幕这么快的么"}, {"uid": "106409898", "content": "                                       在"}, {"uid": "30514029", "content": "土中探头"}, {"uid": "30514029", "content": "哈哈哈哈哈哈哈哈"}, {"uid": "30514029", "content": "欢迎入土可还行，哈哈哈哈哈哈"}, {"uid": "30514029", "content": "滑稽.jpg"}, {"uid": "129874412", "content": "入土吧，赶紧的"}, {"uid": "15557832", "content": "欢  迎  入  土"}, {"uid": "456055602", "content": "越共no民"}, {"uid": "67393034", "content": "土土"}, {"uid": "24425071", "content": "召唤术"}, {"uid": "5077801", "content": "破土而出"}, {"uid": "36729433", "content": "土土土"}, {"uid": "403388920", "content": "回到草丛中去了呐"}, {"uid": "5911", "content": "？？お疲れ様です？？草？"}, {"uid": "49457975", "content": "好耶"}, {"uid": "165438", "content": "不知不觉就打字了"}, {"uid": "26429699", "content": "草"}, {"uid": "544972", "content": "bgm草"}, {"uid": "244116402", "content": "草"}, {"uid": "12184508", "content": "おつのわるーど～～"}, {"uid": "535801", "content": "dna动了"}, {"uid": "10579112", "content": "好耶"}, {"uid": "23668399", "content": "在在在"}, {"uid": "2281084", "content": "no民越共说"}, {"uid": "5325646", "content": "在现场"}, {"uid": "52453166", "content": "草"}, {"uid": "93811978", "content": "wei zaima"}, {"uid": "40832806", "content": "开幕雷击"}, {"uid": "642721", "content": "混入其中"}, {"uid": "30514029", "content": "(〜￣▽￣)〜"}, {"uid": "52564", "content": "bz"}, {"uid": "1776512", "content": "草"}, {"uid": "20361042", "content": "混入其中"}, {"uid": "4130547", "content": "在"}, {"uid": "266812299", "content": "？？？"}, {"uid": "675187", "content": "土行僧"}, {"uid": "11393868", "content": "探头"}, {"uid": "59861", "content": "哈哈哈"}, {"uid": "222907228", "content": "草"}, {"uid": "279241258", "content": "在"}, {"uid": "93811978", "content": "草"}, {"uid": "40832806", "content": "草"}, {"uid": "469247", "content": "草"}, {"uid": "3298698", "content": "在在在"}, {"uid": "6489594", "content": "混入其中"}, {"uid": "2385384", "content": "草"}, {"uid": "5353777", "content": "d"}, {"uid": "153836704", "content": "在"}, {"uid": "49981668", "content": "草"}, {"uid": "165438", "content": "在在在"}, {"uid": "305617742", "content": "草"}, {"uid": "1555770", "content": "在"}, {"uid": "1555770", "content": "草"}, {"uid": "93811978", "content": "草"}, {"uid": "5077801", "content": "23333"}, {"uid": "35777504", "content": "草"}, {"uid": "436852215", "content": "在"}, {"uid": "21546054", "content": "探头"}, {"uid": "222803115", "content": "草"}, {"uid": "26191410", "content": "草                                                                                                   "}, {"uid": "12903913", "content": "土土土"}, {"uid": "165438", "content": "草"}, {"uid": "606940993", "content": "在的"}, {"uid": "522075354", "content": "在？"}, {"uid": "4929611", "content": "在"}, {"uid": "12237757", "content": "草"}, {"uid": "456055602", "content": "草"}, {"uid": "67393034", "content": "好耶"}, {"uid": "1587596", "content": "在"}, {"uid": "19195611", "content": "土土土"}, {"uid": "6639288", "content": "草"}, {"uid": "31809760", "content": "有点吓人"}, {"uid": "2182008", "content": "草"}, {"uid": "12903913", "content": "在"}, {"uid": "12903913", "content": "在"}, {"uid": "12903913", "content": "草"}, {"uid": "49981668", "content": "在"}, {"uid": "1540548", "content": "土遁"}, {"uid": "356892", "content": "在"}, {"uid": "3827357", "content": "草"}, {"uid": "9050973", "content": "草"}, {"uid": "85447589", "content": "在"}, {"uid": "26191410", "content": "草                                                                                                   "}, {"uid": "19195611", "content": "草"}, {"uid": "49981668", "content": "在"}, {"uid": "32423963", "content": "草"}, {"uid": "1540548", "content": "土"}, {"uid": "359970", "content": "......"}, {"uid": "356892", "content": "在"}, {"uid": "26429699", "content": "草"}, {"uid": "1501697", "content": "草"}, {"uid": "469247", "content": "在"}, {"uid": "403388920", "content": "在"}, {"uid": "10938463", "content": "                           在"}, {"uid": "20920242", "content": "在"}, {"uid": "7821", "content": "垚"}, {"uid": "10455913", "content": "no民越共说"}, {"uid": "5906911", "content": "草"}, {"uid": "286292642", "content": "                                                                        不在"}, {"uid": "286292642", "content": "不在"}, {"uid": "574651632", "content": "?"}, {"uid": "12930385", "content": "草"}, {"uid": "38724068", "content": "草"}, {"uid": "1587596", "content": "在"}, {"uid": "87082952", "content": "在                                                                       "}, {"uid": "22619894", "content": "在"}, {"uid": "4894259", "content": "?"}, {"uid": "36729433", "content": "越共般的黑听人"}, {"uid": "196507", "content": "                     飙车                              。"}]