[{"uid": "39345655", "content": "好听"}, {"uid": "7606569", "content": "夜深独自安静工作时帮大忙了"}, {"uid": "547785920", "content": "我肝疼，谁来救一下"}, {"uid": "93811978", "content": "肝开始疼了"}, {"uid": "93811978", "content": "草"}, {"uid": "1464060", "content": "啊，白兔子，你也当博士了吗"}, {"uid": "9460893", "content": "我的DNA动了"}, {"uid": "286635840", "content": "cool"}, {"uid": "93045615", "content": "女博士"}, {"uid": "525258788", "content": "胃疼"}, {"uid": "1586544", "content": "。www"}, {"uid": "165108", "content": "好耶，双厨狂喜"}, {"uid": "547785920", "content": "草"}, {"uid": "457819995", "content": "双厨狂喜"}, {"uid": "267413102", "content": "多可塔"}, {"uid": "89352941", "content": "草"}, {"uid": "57884729", "content": "草"}, {"uid": "482680735", "content": "肝疼"}]