[{"uid": "32266002", "content": "爱了"}, {"uid": "39463349", "content": "开口跪あああwsl"}, {"uid": "64810774", "content": "好耶"}, {"uid": "387004208", "content": "妈妈！是天使！"}, {"uid": "701832366", "content": "泪目"}, {"uid": "5077801", "content": "仙乐化我心，长情伴NOIR"}, {"uid": "32266002", "content": "太好听了"}, {"uid": "4474246", "content": "真正的清楚"}, {"uid": "26280352", "content": "泪目"}, {"uid": "31378880", "content": "泪目"}, {"uid": "13412014", "content": "泪目"}, {"uid": "273176317", "content": "厉害了"}, {"uid": "1371341", "content": "哇，厉害了"}, {"uid": "485646", "content": "昭和大小姐"}, {"uid": "52511059", "content": "整个人都平静下来了"}, {"uid": "15103917", "content": "泪目"}, {"uid": "438654892", "content": "泪目"}, {"uid": "357724792", "content": "类目"}, {"uid": "7612167", "content": "卧槽"}, {"uid": "801086", "content": "哇哦"}]