[{"uid": "184752", "content": "k'k"}, {"uid": "433427836", "content": "太单纯了大小姐"}, {"uid": "433427836", "content": "你的名字"}, {"uid": "88436676", "content": "在"}, {"uid": "26429699", "content": "哈哈哈，大小姐太懂了"}, {"uid": "26429699", "content": "草"}, {"uid": "10579112", "content": "草"}, {"uid": "315692", "content": "在"}, {"uid": "381003", "content": "在"}, {"uid": "14231270", "content": "在~"}, {"uid": "14231270", "content": "草"}, {"uid": "355644762", "content": "wwwwwwww"}, {"uid": "6427261", "content": "不在不在"}, {"uid": "6427261", "content": "嘘"}, {"uid": "45352729", "content": "酸 dio 酸"}, {"uid": "683473", "content": "zai"}, {"uid": "2440534", "content": "一个布丁就能收买的女人("}, {"uid": "288469", "content": "在在在"}, {"uid": "21550586", "content": "不在的举个手！"}, {"uid": "2485036", "content": "我的天，太可爱了"}, {"uid": "86294176", "content": "你是谁，我想了结你（）"}, {"uid": "43878975", "content": "可可爱爱"}, {"uid": "15784954", "content": "都是黑听侠"}, {"uid": "16808495", "content": "欺骗纯真的大小姐"}, {"uid": "456055602", "content": "太可爱了"}, {"uid": "456055602", "content": "你们好坏，居然骗这么可爱的大小姐！"}, {"uid": "131445582", "content": "缺爱.jpg"}, {"uid": "44678312", "content": "报上名来！"}, {"uid": "379005081", "content": "在在在"}, {"uid": "3467193", "content": "我的名字是吉良吉影"}, {"uid": "270826518", "content": "ko no dio da"}, {"uid": "21968408", "content": "好可爱"}, {"uid": "356162213", "content": "在"}, {"uid": "24425071", "content": "为什么她会说这句   草"}, {"uid": "97589655", "content": "草"}, {"uid": "299629496", "content": "迪奥：有这好事？"}, {"uid": "498157260", "content": "在的，大小姐。"}, {"uid": "15784954", "content": "草，当真了"}, {"uid": "202517", "content": "太可爱了"}, {"uid": "13817196", "content": "报上名来"}, {"uid": "8589451", "content": "在~"}, {"uid": "3242643", "content": "一直 在"}, {"uid": "633439", "content": "在"}, {"uid": "4045162", "content": "有罪！"}, {"uid": "4045162", "content": "哈哈哈哈哈"}, {"uid": "4045162", "content": "被骗了草"}, {"uid": "4045162", "content": "草"}, {"uid": "4045162", "content": "草"}, {"uid": "5911", "content": "黑听人冒头"}, {"uid": "5911", "content": "在买在"}, {"uid": "12903913", "content": "在"}, {"uid": "86215666", "content": "在"}, {"uid": "231348", "content": "刚刚的事情就原谅你们了 才不是因为布丁呢 噗噗"}, {"uid": "22421009", "content": "在哦"}, {"uid": "279652083", "content": "君的名字"}, {"uid": "36834868", "content": "dio酱配面包"}, {"uid": "286292642", "content": "土地冒出"}, {"uid": "7661115", "content": "在吗？"}, {"uid": "1371341", "content": "哈哈，可爱"}, {"uid": "36729433", "content": "火 DIO 火"}, {"uid": "1773142", "content": "このdioだ！"}, {"uid": "12891523", "content": "在"}, {"uid": "8376997", "content": "DIO酱！"}, {"uid": "11598913", "content": "黑听人探头"}, {"uid": "26002622", "content": "在在在"}, {"uid": "32423963", "content": "草"}, {"uid": "15013161", "content": "好可爱"}, {"uid": "15013161", "content": "报上名来，草"}, {"uid": "7117607", "content": "叫你一声你敢答应吗"}, {"uid": "447274", "content": "到！（草丛冒头）"}, {"uid": "2500994", "content": "哈哈哈，都在黑听"}, {"uid": "2500994", "content": "一直都在"}, {"uid": "2500994", "content": "画一张病娇大小姐吧"}, {"uid": "40832806", "content": "开幕雷击"}, {"uid": "3775876", "content": "太可爱了"}, {"uid": "14502788", "content": "在"}, {"uid": "5069038", "content": "kono dio da!"}, {"uid": "1328057", "content": "乌鲁特拉满泽塔"}, {"uid": "30514029", "content": "快来个布丁安慰一下"}, {"uid": "325347", "content": "又溜了还行"}, {"uid": "4912018", "content": "太可爱了"}, {"uid": "325347", "content": "报上名来草"}, {"uid": "433427836", "content": "dio酱！！"}, {"uid": "219885510", "content": "ko no DIO da"}, {"uid": "23676807", "content": "极道大小姐"}, {"uid": "456055602", "content": "君の名は？"}, {"uid": "32755742", "content": "哈哈哈哈哈哈哈"}, {"uid": "32755742", "content": "哈哈哈哈哈哈"}, {"uid": "15784954", "content": "偷看偷看"}, {"uid": "38000723", "content": "哦斯~~~！！！"}, {"uid": "170861942", "content": "三语询问草"}, {"uid": "184752", "content": "草"}, {"uid": "255783601", "content": "委屈"}, {"uid": "255783601", "content": "草"}, {"uid": "8215660", "content": "草"}, {"uid": "456055602", "content": "dna动起来了"}, {"uid": "25460126", "content": "zaima"}, {"uid": "316704192", "content": "报菜名"}, {"uid": "4496833", "content": "哈哈哈"}, {"uid": "498157260", "content": "哈哈哈哈！"}, {"uid": "23185591", "content": "wei，zaima？"}, {"uid": "4045162", "content": "太可爱了"}, {"uid": "4045162", "content": "你的名字是"}, {"uid": "1773142", "content": "草"}, {"uid": "12891523", "content": "可爱"}, {"uid": "229808", "content": "KONO DIO!!!"}, {"uid": "188050024", "content": "芜湖男同包不同"}, {"uid": "30514029", "content": "她跑了，生气了"}, {"uid": "325347", "content": "草"}, {"uid": "3298698", "content": "草"}, {"uid": "355644762", "content": "爱了爱了"}, {"uid": "32972319", "content": "扣檽dio哒！"}, {"uid": "3467193", "content": "kono DIO da！"}, {"uid": "4496833", "content": "哈哈"}, {"uid": "483498", "content": "草"}, {"uid": "12903913", "content": "哈哈哈"}, {"uid": "35768624", "content": "草"}, {"uid": "30514029", "content": "在现场"}, {"uid": "281411797", "content": "草"}, {"uid": "10579112", "content": "草草草"}, {"uid": "355644762", "content": "草"}, {"uid": "241837504", "content": "草"}, {"uid": "3467193", "content": "kono DIO da！"}, {"uid": "343166", "content": "草"}, {"uid": "439720959", "content": "哈哈哈哈哈哈"}, {"uid": "21550586", "content": "逮！来者何人？"}, {"uid": "4045162", "content": "zaima？"}, {"uid": "161994719", "content": "awsl"}, {"uid": "5437118", "content": "zaima？"}, {"uid": "8204920", "content": "草"}, {"uid": "255783601", "content": "太草了"}, {"uid": "10579112", "content": "草"}, {"uid": "195417138", "content": "suki"}, {"uid": "10032619", "content": "好可爱"}, {"uid": "299629496", "content": "啊这"}, {"uid": "5598346", "content": "报上名来"}, {"uid": "68181386", "content": "草"}, {"uid": "12700753", "content": "草"}, {"uid": "4045162", "content": "草"}, {"uid": "4045162", "content": "好可爱"}, {"uid": "10187656", "content": "草"}, {"uid": "12891523", "content": "kksk"}, {"uid": "12891523", "content": "草"}, {"uid": "174327", "content": "可爱"}, {"uid": "675187", "content": "报上名来"}, {"uid": "130683153", "content": "盖亚！"}, {"uid": "30514029", "content": "草"}, {"uid": "20768166", "content": "666666"}, {"uid": "45352729", "content": "草"}, {"uid": "690948", "content": "草"}, {"uid": "25460126", "content": "草"}, {"uid": "241644943", "content": "草"}, {"uid": "6027937", "content": "awsl"}, {"uid": "68021351", "content": "在吗"}, {"uid": "4496833", "content": "嗯？"}, {"uid": "15784954", "content": "草"}, {"uid": "9050973", "content": "草"}, {"uid": "8376997", "content": "DIO"}, {"uid": "12891523", "content": "草"}, {"uid": "15013161", "content": "kksk"}, {"uid": "2956619", "content": "草"}, {"uid": "4912018", "content": "かわいいいいいいいいいいいい"}, {"uid": "896694", "content": "草"}, {"uid": "255783601", "content": "草"}, {"uid": "3107431", "content": "我我我我我"}, {"uid": "456055602", "content": "你们怎么好意思骗这么可爱的大小姐啊！（请加大力度"}, {"uid": "26056332", "content": "草"}, {"uid": "3467193", "content": "吉良吉影"}, {"uid": "15784954", "content": "中日英"}, {"uid": "309660220", "content": "awsl"}, {"uid": "12891523", "content": "草草草草草草"}, {"uid": "52453166", "content": "草"}, {"uid": "26002622", "content": "草"}, {"uid": "93811978", "content": "草"}, {"uid": "10938463", "content": "泽塔奥特曼"}, {"uid": "184752", "content": "wwwwwww"}, {"uid": "669241", "content": "name plz"}, {"uid": "628815495", "content": "草"}, {"uid": "690948", "content": "草"}, {"uid": "8930179", "content": "cao"}, {"uid": "36183024", "content": "www"}, {"uid": "3237054", "content": "wwwwwwwwwwww"}, {"uid": "343166", "content": "hhhhhhhhh"}, {"uid": "950587", "content": "在吗"}, {"uid": "53223895", "content": "草"}, {"uid": "11532016", "content": "草"}, {"uid": "22908181", "content": "草"}, {"uid": "4795758", "content": "草"}, {"uid": "174327", "content": "草"}, {"uid": "2956619", "content": "草"}, {"uid": "174574049", "content": "？"}, {"uid": "37083474", "content": "wwwwwwwwwww"}, {"uid": "95415367", "content": "在吗"}, {"uid": "30145681", "content": "草"}, {"uid": "3242643", "content": "啊这"}, {"uid": "15926186", "content": "buzai，cmn"}]