[{"uid": "24425071", "content": "太可爱了"}, {"uid": "8640711", "content": "这粤语挺飘准的"}, {"uid": "3748756", "content": "好耶"}, {"uid": "21782267", "content": "想亲"}, {"uid": "80640152", "content": "挺好听的嘛！"}, {"uid": "529989", "content": "好耶"}, {"uid": "529989", "content": "是嘴里面有个爱心吧哈哈哈"}, {"uid": "10579112", "content": "恭喜！"}, {"uid": "10579112", "content": "太可爱了wwww"}, {"uid": "10579112", "content": "kksk"}, {"uid": "2063566", "content": "孩子米的红包里是纸巾吗"}, {"uid": "42269715", "content": "单推狗妈瞩目"}, {"uid": "7269129", "content": "草"}, {"uid": "247069213", "content": "我的天呀！"}, {"uid": "433238547", "content": "DD狂喜"}, {"uid": "286292642", "content": "美术是谁，给我出来！！！！"}, {"uid": "6576815", "content": "好耶"}, {"uid": "286635840", "content": "哈哈哈哈，太可爱了"}, {"uid": "23588755", "content": "草"}, {"uid": "659209", "content": "挺可爱的声音"}, {"uid": "176104", "content": "我天"}, {"uid": "24772543", "content": "www"}, {"uid": "24750", "content": "好可爱"}, {"uid": "11691053", "content": "恭喜恭喜发财"}, {"uid": "176104", "content": "这让我想起白箱，喵森的两个玩偶"}, {"uid": "544972", "content": "好耶"}, {"uid": "52453166", "content": "草"}, {"uid": "6716136", "content": "啊这"}, {"uid": "398930", "content": "强啊"}, {"uid": "30514029", "content": "好耶好耶"}, {"uid": "1371341", "content": "有点可爱"}, {"uid": "13345404", "content": "可爱"}, {"uid": "10579112", "content": "awsl"}, {"uid": "10579112", "content": "wwwwwww"}, {"uid": "10579112", "content": "好耶！"}, {"uid": "2361179", "content": "www"}, {"uid": "3242643", "content": "大唇的站住，我TM被你带歪了"}, {"uid": "8640711", "content": "哈哈哈哈"}, {"uid": "24639494", "content": "哈哈哈哈哈"}, {"uid": "11691053", "content": "好耶"}, {"uid": "475271141", "content": "大小姐你的嘴肿么了？"}, {"uid": "171644268", "content": "wwww"}, {"uid": "32266002", "content": "这图hh"}, {"uid": "15462946", "content": "大小姐今天怎么嘴唇变厚了"}, {"uid": "11446781", "content": "草"}, {"uid": "2559692", "content": "哈哈"}, {"uid": "286635840", "content": "好耶"}, {"uid": "101667250", "content": "这个嘴型233"}, {"uid": "2361179", "content": "恭喜恭喜"}, {"uid": "199876838", "content": "有点上头"}]