[{"uid": "184752", "content": "嘿嘿嘿"}, {"uid": "6119188", "content": "在，睡了"}, {"uid": "10242605", "content": "嘿嘿awsl"}, {"uid": "333932157", "content": "发生甚么事了？"}, {"uid": "2250322", "content": "wei zaima"}, {"uid": "171204", "content": "buzai"}, {"uid": "33272900", "content": "老anti了"}, {"uid": "306797", "content": "zai"}, {"uid": "10579112", "content": "kksk"}, {"uid": "30514029", "content": "在在在，嘿嘿嘿"}, {"uid": "2500994", "content": "???刚才发生了什么"}, {"uid": "24425071", "content": "嘿嘿 awsl"}, {"uid": "165438", "content": "太可爱了，我被击沉了"}, {"uid": "11110394", "content": "嘿嘿太可爱了"}, {"uid": "36729433", "content": "绯红之王"}, {"uid": "773433", "content": "buzai~"}, {"uid": "35768624", "content": "草"}, {"uid": "34959019", "content": "awsl"}, {"uid": "439819", "content": "awsl"}, {"uid": "286404", "content": "没钱 不在"}, {"uid": "34593810", "content": "buzai"}, {"uid": "299629496", "content": "好可爱"}, {"uid": "286635840", "content": "在在在"}, {"uid": "33222680", "content": "时间被删了"}, {"uid": "286635840", "content": "awsl"}, {"uid": "463723", "content": "在"}, {"uid": "5077801", "content": "zai!"}, {"uid": "94558176", "content": "一直都在"}, {"uid": "730671", "content": "在"}, {"uid": "3225540", "content": "不在"}, {"uid": "11446781", "content": "在"}, {"uid": "11446781", "content": "嗯？"}, {"uid": "10944776", "content": "草"}, {"uid": "2562617", "content": "heihei"}, {"uid": "317382", "content": "buzai"}, {"uid": "10579112", "content": "在在在"}, {"uid": "131377892", "content": "在"}, {"uid": "26002622", "content": "嘿嘿"}, {"uid": "5905760", "content": "嘿嘿"}, {"uid": "153836704", "content": "在在"}, {"uid": "549256", "content": "在！"}, {"uid": "242170483", "content": "在"}, {"uid": "1597017", "content": "在"}, {"uid": "5565962", "content": "不在"}, {"uid": "15833875", "content": "嘿嘿"}, {"uid": "27037", "content": "不在"}, {"uid": "116416610", "content": "在"}, {"uid": "10319", "content": "在"}, {"uid": "13669372", "content": "草"}, {"uid": "5598346", "content": "不在"}, {"uid": "104349408", "content": "不在"}, {"uid": "41648881", "content": "在的"}, {"uid": "286635840", "content": "哎嘿嘿"}, {"uid": "165438", "content": "在！"}, {"uid": "339732835", "content": "在在在"}, {"uid": "26002622", "content": "草"}, {"uid": "5582949", "content": "在"}, {"uid": "94558176", "content": "在在"}, {"uid": "100732", "content": "在了"}, {"uid": "7153723", "content": "在在在"}, {"uid": "1677778", "content": "不在"}, {"uid": "26429699", "content": "在"}, {"uid": "26429699", "content": "草"}, {"uid": "683473", "content": "嘿嘿"}, {"uid": "88730101", "content": "在在在"}, {"uid": "380086122", "content": "在在"}, {"uid": "13213559", "content": "不在，_______"}, {"uid": "36729433", "content": "buzai"}, {"uid": "348770", "content": "在哦"}, {"uid": "475271141", "content": "在在在"}, {"uid": "11326106", "content": "草"}, {"uid": "186874", "content": "無事"}, {"uid": "12903913", "content": "在"}, {"uid": "131024", "content": "在在在"}, {"uid": "13345404", "content": "嘿嘿"}, {"uid": "13345404", "content": "在"}, {"uid": "22916673", "content": "在呢"}, {"uid": "30338833", "content": "在！"}, {"uid": "184752", "content": "草"}, {"uid": "11326106", "content": "在"}, {"uid": "40310031", "content": "不在"}, {"uid": "887949", "content": "不在"}, {"uid": "564572276", "content": "不在"}, {"uid": "10566462", "content": "不在"}, {"uid": "339732835", "content": "嘿嘿"}, {"uid": "30514029", "content": "在在在"}, {"uid": "7821", "content": "在在在"}, {"uid": "29402604", "content": "在！"}, {"uid": "184752", "content": "在哦"}, {"uid": "1540548", "content": "不在"}, {"uid": "887949", "content": "再"}, {"uid": "44127617", "content": "在"}, {"uid": "100732", "content": "不在"}, {"uid": "6375299", "content": "在在在"}, {"uid": "471598735", "content": "草"}, {"uid": "10579112", "content": "在"}, {"uid": "10579112", "content": "草"}, {"uid": "690948", "content": "在在在"}, {"uid": "29402604", "content": "在！"}, {"uid": "40025213", "content": "在"}, {"uid": "41648881", "content": "在"}, {"uid": "2288347", "content": "在"}, {"uid": "131445582", "content": "逆反心理，buzai"}]