[{"uid": "2305095", "content": "内心平静了"}, {"uid": "5077801", "content": "人声如仙灵飞于空中,一会近你,一会远你"}, {"uid": "109655557", "content": "好耶"}, {"uid": "286635840", "content": "好舒服"}, {"uid": "13403731", "content": "哼嗯"}, {"uid": "3885523", "content": "Ｏ(≧▽≦)Ｏ "}, {"uid": "10925978", "content": "太高了，可以当助眠"}, {"uid": "186783016", "content": "好听"}, {"uid": "6597563", "content": "好耶"}, {"uid": "5077801", "content": "ohhhh"}]