[{"uid": "184752", "content": "好"}, {"uid": "286292642", "content": "嚯～嚯～"}, {"uid": "11691053", "content": "好听好听"}, {"uid": "13345404", "content": "森林中的精灵大小姐"}, {"uid": "4203312", "content": "foo foo"}, {"uid": "730671", "content": "ほーほー"}, {"uid": "3885523", "content": "Ｏ(≧▽≦)Ｏ "}, {"uid": "286635840", "content": "foo~foo"}, {"uid": "3827357", "content": "foo~foo~"}, {"uid": "380086122", "content": "好好听~"}, {"uid": "380086122", "content": "i了i了"}, {"uid": "11691053", "content": "好听"}, {"uid": "180596754", "content": "来看"}]