[{"uid": "24425071", "content": "电脑就放在钢琴旁边吗wwww"}, {"uid": "5523210", "content": "配bgm233"}, {"uid": "398428631", "content": "柯南草"}, {"uid": "7569830", "content": "哈哈大小姐太可爱了"}, {"uid": "7569830", "content": "草，听出来了"}, {"uid": "88154", "content": "2333333"}, {"uid": "2361179", "content": "草"}, {"uid": "7909650", "content": "哈哈哈哈哈哈哈"}, {"uid": "328964917", "content": "亚里亚老星际玩家了"}, {"uid": "52453166", "content": "aria老瞎了www"}, {"uid": "23635901", "content": "马鹿sds呜呜"}, {"uid": "3142817", "content": "可爱"}, {"uid": "243491", "content": "好家伙，这里面没有一个我没D的"}, {"uid": "615353", "content": "草"}, {"uid": "34507923", "content": "手动bgm"}, {"uid": "11110394", "content": "碎碎念可爱"}, {"uid": "11110394", "content": "wwwww"}, {"uid": "408645838", "content": "草"}, {"uid": "1921751", "content": "草"}, {"uid": "35090361", "content": "草"}, {"uid": "1328864", "content": "滚筒洗衣机"}, {"uid": "23576276", "content": "wwwww"}, {"uid": "22680307", "content": "aria酱老盲人了"}, {"uid": "5670014", "content": "半泽noir草"}, {"uid": "49981668", "content": "气到弹琴"}, {"uid": "346174687", "content": "草"}, {"uid": "346174687", "content": "大小姐在干什么"}, {"uid": "3502850", "content": "气得弹琴"}, {"uid": "2933474", "content": "居然还配起bgm了"}, {"uid": "1626851", "content": "草"}, {"uid": "5185535", "content": "草"}, {"uid": "1885789", "content": "柯南？"}, {"uid": "24750", "content": "草。柯南"}, {"uid": "231348", "content": "被刀后居然。。。。。"}, {"uid": "128918", "content": "很柯南"}, {"uid": "2485036", "content": "哈哈哈，毫无作用死的"}, {"uid": "86589291", "content": "新碟路"}, {"uid": "346174687", "content": "这不是柯南的BGM吗"}, {"uid": "5523210", "content": "愤而弹琴"}, {"uid": "34507923", "content": "dame dane"}, {"uid": "52453166", "content": "笑死我了，亚里亚这个瞎子wwww"}, {"uid": "355644762", "content": "草"}, {"uid": "32423963", "content": "草"}, {"uid": "19165001", "content": "草"}]