[{"uid": "21180997", "content": "歌頑張って！"}, {"uid": "34475684", "content": "好耶✺◟(∗❛ัᴗ❛ั∗)◞✺"}, {"uid": "26675005", "content": "ここ好き"}, {"uid": "12891523", "content": "kksk"}, {"uid": "11691053", "content": "好听suki"}, {"uid": "3885523", "content": "来了来了来了"}, {"uid": "12558023", "content": "kksk"}, {"uid": "86458", "content": "一开口心都化了"}, {"uid": "24750", "content": "\\NoiR/\\NoiR/"}, {"uid": "24750", "content": "\\NoiR/"}, {"uid": "67196", "content": "和声suki"}, {"uid": "355076409", "content": "好听到爆"}, {"uid": "12869156", "content": "自己和自己和声，好听"}, {"uid": "3234581", "content": "来了来了"}, {"uid": "1284494", "content": "好耶"}, {"uid": "263152", "content": "不错不错"}, {"uid": "1458991", "content": "喜歡 好溫柔"}, {"uid": "380086122", "content": "♪NoiR♪NoiR♪"}, {"uid": "35488721", "content": "好好听"}, {"uid": "9596185", "content": "kksk"}, {"uid": "1788946", "content": "好听"}, {"uid": "3885523", "content": "♪⸜(๑ ॑꒳ ॑๑)⸝♪✰"}, {"uid": "4505932", "content": "来了来了"}, {"uid": "10579112", "content": "好耶！"}, {"uid": "544972", "content": "好耶"}, {"uid": "355076409", "content": "爱了"}, {"uid": "35777504", "content": "好耶"}, {"uid": "2282808", "content": "\\NoiR/\\NoiR/\\NoiR/"}, {"uid": "24750", "content": "\\NoiR/\\NoiR/\\NoiR/\\NoiR/\\NoiR/\\NoiR/\\NoiR/"}, {"uid": "24750", "content": "\\NoiR/\\NoiR/\\NoiR/\\NoiR/\\NoiR/\\NoiR/"}, {"uid": "24750", "content": "\\NoiR/\\NoiR/\\NoiR/\\NoiR/"}, {"uid": "24750", "content": "\\NoiR/\\NoiR/\\NoiR/"}, {"uid": "24750", "content": "\\NoiR/\\NoiR/\\NoiR/\\NoiR/\\NoiR/"}, {"uid": "380086122", "content": "♪NoiR♪NoiR♪NoiR♪"}]