[{"uid": "185872154", "content": "好可爱"}, {"uid": "730671", "content": "ウルトラマンNoiR！"}, {"uid": "52453166", "content": "大小姐的技能树越点越歪了"}, {"uid": "52453166", "content": "草"}, {"uid": "174574049", "content": "草"}, {"uid": "486470922", "content": "超兽:谢谢夸奖我也觉得我很帅 "}, {"uid": "486470922", "content": "亚波人:?谢谢夸奖 "}, {"uid": "279923705", "content": "草"}, {"uid": "429632118", "content": "来了来了"}, {"uid": "608496", "content": "来了来了"}, {"uid": "355644762", "content": "草"}, {"uid": "12903913", "content": "草"}, {"uid": "12903913", "content": "wwwww"}, {"uid": "6489594", "content": "wwwwww"}, {"uid": "8216036", "content": "草"}, {"uid": "155954839", "content": "？？"}, {"uid": "40025213", "content": "草"}, {"uid": "40025213", "content": "草"}, {"uid": "1535584", "content": "DNA动了"}, {"uid": "23359247", "content": "草"}, {"uid": "11110394", "content": "草，童年来了"}, {"uid": "49981668", "content": "草草草"}, {"uid": "2956619", "content": "草"}, {"uid": "50197721", "content": "对的"}, {"uid": "50197721", "content": "嗯"}, {"uid": "48504207", "content": "草"}, {"uid": "15187307", "content": "DD们被干掉了"}, {"uid": "262126999", "content": "草"}, {"uid": "23861489", "content": "kusa"}, {"uid": "5013984606", "content": "草"}, {"uid": "19615556", "content": "？"}, {"uid": "19615556", "content": "可爱"}, {"uid": "32423963", "content": "草"}, {"uid": "1586544", "content": "www"}, {"uid": "2956619", "content": "草"}, {"uid": "33024843", "content": "双厨狂喜"}, {"uid": "5013984606", "content": "wwww"}, {"uid": "27160754", "content": "第一哦哦哦！"}, {"uid": "38424251", "content": "草"}, {"uid": "2361179", "content": "www"}, {"uid": "19555457", "content": "已经起鸡皮疙瘩了"}, {"uid": "174574049", "content": "草"}, {"uid": "4045162", "content": "草"}, {"uid": "97454929", "content": "？"}, {"uid": "69468157", "content": "好家伙"}, {"uid": "288469", "content": "草"}]