[{"uid": "526340662", "content": "！"}, {"uid": "526340662", "content": "只要你肺活量够大，你就能直接飞过关"}, {"uid": "526340662", "content": "好活"}, {"uid": "2256631", "content": "冥土追魂"}, {"uid": "266812299", "content": "这也行？？？"}, {"uid": "24355777", "content": "这也能救回来？？？"}, {"uid": "90791557", "content": "ohhhhhhhhhhhhhhhhhhhhhhhhh"}, {"uid": "515763338", "content": "莫粽子也上去过"}, {"uid": "37111016", "content": "学 以 致 用"}, {"uid": "21438853", "content": "大吼大叫得大小姐好可爱"}, {"uid": "37382873", "content": "我傻了"}, {"uid": "38681920", "content": "亚 洲 鸡 霸"}, {"uid": "2907196", "content": "厉害了"}, {"uid": "8352860", "content": "草从顶上过去了"}, {"uid": "36729433", "content": "回不来了"}, {"uid": "21433351", "content": "哼"}, {"uid": "4203312", "content": "？？？？这也能救？？？？"}, {"uid": "32709540", "content": "这都能救回来？！？"}, {"uid": "112776970", "content": "这是隐藏通关方法吗2333"}, {"uid": "75379", "content": "游 戏 速 通"}, {"uid": "10114662", "content": "大小姐真他喵的可爱"}, {"uid": "24182984", "content": "超级玛丽：这个我熟"}, {"uid": "33909566", "content": "kksk"}, {"uid": "72317145", "content": "？？？？？？？？？"}, {"uid": "13460343", "content": "耳机党已经去世了"}, {"uid": "22900168", "content": "她学会了"}, {"uid": "279923705", "content": "？？？？？？"}, {"uid": "279923705", "content": "？？？？"}, {"uid": "2007142", "content": "也许可以三人一起嚎"}, {"uid": "18227800", "content": "？？？"}, {"uid": "21550586", "content": "这是高手"}, {"uid": "10579112", "content": "ohhhhhhhhh"}, {"uid": "185610915", "content": "草"}, {"uid": "381613996", "content": "草"}, {"uid": "51418548", "content": "医学奇迹"}, {"uid": "381613996", "content": "草"}, {"uid": "51418548", "content": "太可爱了"}, {"uid": "4993348", "content": "偷鸡"}, {"uid": "87213085", "content": "ohhhhhh"}, {"uid": "2392415", "content": "wwwwwwwwww"}, {"uid": "114964846", "content": "卡bug哈哈哈"}, {"uid": "5883580", "content": "又飞上来了还行233333"}, {"uid": "526340662", "content": "露西娅是笑上去的"}, {"uid": "442250487", "content": "从未设想的道路"}, {"uid": "401099828", "content": "这游戏免费给你玩真是亏大发了"}, {"uid": "27021522", "content": "熟练起来了"}, {"uid": "429632118", "content": "ohhhhhhh"}, {"uid": "44577489", "content": "草"}, {"uid": "32423963", "content": "还能这样？！"}, {"uid": "135693", "content": "八分音符skip"}, {"uid": "16074732", "content": "瑕疵里做了一张图"}, {"uid": "51418548", "content": "瑕疵图"}, {"uid": "1371341", "content": "起飞了"}, {"uid": "500728322", "content": "草"}, {"uid": "266812299", "content": "？？？"}, {"uid": "88154", "content": "牛的"}, {"uid": "20278361", "content": "这也能救！？"}, {"uid": "20278361", "content": "草"}, {"uid": "132895", "content": "计划通"}, {"uid": "24425071", "content": "这也行 哈哈"}, {"uid": "170861942", "content": "某橘子就上去过，给我看傻了"}, {"uid": "393294", "content": "偷鸡了"}, {"uid": "354064901", "content": "马里奥1-2直呼内行"}, {"uid": "417436105", "content": "∑(°口°๑)❢❢"}, {"uid": "20739099", "content": "草，马里奥一般的操作"}, {"uid": "21180997", "content": "聪明"}, {"uid": "10938463", "content": "大小姐熟练的卡bugwww"}, {"uid": "376863", "content": "ohhhhhhhhhhh"}, {"uid": "51418548", "content": "精准降落"}, {"uid": "30514029", "content": "哈哈哈哈哈哈哈哈哈哈哈哈"}, {"uid": "526340662", "content": "粽子是笑上去的"}, {"uid": "74049327", "content": "偷鸡了"}, {"uid": "266812299", "content": "？？？"}, {"uid": "196775368", "content": "?"}, {"uid": "26002622", "content": "？？？？"}, {"uid": "240155589", "content": "离 谱"}, {"uid": "349229621", "content": "这都行"}, {"uid": "33787489", "content": "？？？"}, {"uid": "10579112", "content": "power！！！！"}, {"uid": "7611231", "content": "这也能偷"}, {"uid": "184752", "content": "哈哈哈哈"}, {"uid": "51418548", "content": "这也能偷？？？"}, {"uid": "1520239", "content": "速通"}, {"uid": "14540064", "content": "老安度因了"}, {"uid": "442250487", "content": "嗯？？？？"}, {"uid": "23291370", "content": "？？？？？？"}, {"uid": "8211248", "content": "？？？？？？？"}, {"uid": "399364", "content": "？？？？？？"}, {"uid": "393294", "content": "？？？？？？？？"}, {"uid": "32423963", "content": "草"}, {"uid": "553945", "content": "有瑕疵啊"}, {"uid": "1811997", "content": "？？？"}, {"uid": "44689654", "content": "这也能偷鸡？"}, {"uid": "11864221", "content": "???????????"}, {"uid": "350307194", "content": "哈哈哈哈哈哈"}, {"uid": "266812299", "content": "草"}, {"uid": "6964070", "content": "哈哈哈"}, {"uid": "5371980", "content": "这是什么power？"}, {"uid": "21782267", "content": "可爱"}, {"uid": "429632118", "content": "草"}, {"uid": "194175206", "content": "草"}, {"uid": "23031322", "content": "草"}, {"uid": "2023792", "content": "？？？？？？"}, {"uid": "2023792", "content": "？？？？"}, {"uid": "21608624", "content": "wwwwwww"}, {"uid": "176104", "content": "？？？？？？"}, {"uid": "15319081", "content": "不严谨"}, {"uid": "1597203", "content": "wwwwww"}, {"uid": "10579112", "content": "草"}, {"uid": "10579112", "content": "？？？？"}, {"uid": "17850931", "content": "？？？？？？"}, {"uid": "51418548", "content": "可爱啊啊啊啊啊啊啊啊啊"}, {"uid": "13171500", "content": "？？？？"}, {"uid": "1358817497", "content": "？？？"}, {"uid": "438705391", "content": "草"}, {"uid": "442250487", "content": "起飞"}, {"uid": "442250487", "content": "？？"}, {"uid": "170865942", "content": "还能这样玩？"}, {"uid": "170865942", "content": "？？？？？？"}, {"uid": "2005051", "content": "1"}, {"uid": "37382873", "content": "？？？"}, {"uid": "487558747", "content": "？？？？？？"}, {"uid": "10733398", "content": "这不是那谁的通关方法么……往上面走……"}, {"uid": "262379130", "content": "www"}, {"uid": "1993908", "content": "？？？"}, {"uid": "3653840", "content": "？？？？？"}, {"uid": "23359247", "content": "wwww"}, {"uid": "100032699", "content": "学会了卡bug"}, {"uid": "493039203", "content": "这也能偷鸡？"}, {"uid": "35236311", "content": "这不是粽子之前的吗 "}, {"uid": "23291370", "content": "？？？？"}, {"uid": "8352860", "content": "草"}, {"uid": "522847", "content": "www"}, {"uid": "177330827", "content": "要来了"}, {"uid": "2837874", "content": "？？？？？"}, {"uid": "2837874", "content": "？？？"}, {"uid": "21550586", "content": "???/"}, {"uid": "23602702", "content": "草"}, {"uid": "184752", "content": "Wwwwww"}, {"uid": "2740817", "content": "？"}, {"uid": "114964846", "content": "？？？？？"}, {"uid": "196775368", "content": "?"}, {"uid": "304150247", "content": "这算"}, {"uid": "142343", "content": "?"}, {"uid": "24425071", "content": "bug了?"}, {"uid": "2250322", "content": "？？"}, {"uid": "11250747", "content": "啊啊啊啊啊啊啊啊啊"}, {"uid": "169523006", "content": "这也行w"}, {"uid": "349229621", "content": "这都行"}, {"uid": "2007142", "content": "草"}, {"uid": "553945", "content": "这也能拉"}, {"uid": "10579112", "content": "wwwww"}, {"uid": "574862", "content": "邪道"}, {"uid": "24357615", "content": "wwwwwwww"}, {"uid": "386432", "content": "！？？"}, {"uid": "1857231500", "content": "？？？？？？？？竟然可以走上面"}, {"uid": "266812299", "content": "离谱"}, {"uid": "82604801", "content": "???"}, {"uid": "84113071", "content": "？"}, {"uid": "24978154", "content": "草c"}, {"uid": "8586092", "content": "这是啥bug哈哈哈哈"}, {"uid": "37054748", "content": "wwwwwwwwwwwww"}, {"uid": "113842146", "content": "？？？"}, {"uid": "326081815", "content": "啊？？？？？？？？？？？？？？"}]