[{"uid": "28540468", "content": "每日一溜"}, {"uid": "184752", "content": "温柔天使！"}, {"uid": "184752", "content": "好听"}, {"uid": "452122289", "content": "好温柔的赶脚"}, {"uid": "12903913", "content": "好听"}, {"uid": "919764", "content": "啊，好残酷"}, {"uid": "4025058", "content": "来了来了"}, {"uid": "544972", "content": "好耶"}, {"uid": "14016742", "content": "好听啊啊啊"}, {"uid": "9464076", "content": "封面好评"}, {"uid": "32626611", "content": "6666"}]