[{"uid": "184752", "content": "草"}, {"uid": "2956619", "content": "草"}, {"uid": "2956619", "content": "草"}, {"uid": "2297252", "content": "www"}, {"uid": "608496", "content": "Wwww"}, {"uid": "21143310", "content": "草"}, {"uid": "26002622", "content": "草"}, {"uid": "10464050", "content": "鬼知道我回来看了多少次"}, {"uid": "93811978", "content": "梦幻联动"}, {"uid": "15187307", "content": "太可爱了"}, {"uid": "40832806", "content": "草"}, {"uid": "93811978", "content": "草"}, {"uid": "185872154", "content": "草"}, {"uid": "23635901", "content": "草"}, {"uid": "385746108", "content": "草"}, {"uid": "40832806", "content": "开幕雷击"}, {"uid": "1921751", "content": "草"}, {"uid": "429537583", "content": "kksk"}]