[{"uid": "184752", "content": "草"}, {"uid": "21180997", "content": "草"}, {"uid": "430552726", "content": "这就是清楚系的魅力吗，爱了爱了"}, {"uid": "2506132", "content": "把ANTI们一个个记下来"}, {"uid": "286635840", "content": "好家伙"}, {"uid": "286635840", "content": "草"}, {"uid": "30514029", "content": "太温柔了(〜￣▽￣)〜"}, {"uid": "368079691", "content": "草"}, {"uid": "32423963", "content": "草"}, {"uid": "7961635", "content": "草"}, {"uid": "4203312", "content": "草"}, {"uid": "11110394", "content": "绝了"}, {"uid": "945802", "content": "草"}, {"uid": "11582977", "content": "草"}, {"uid": "26002622", "content": "草"}, {"uid": "558161", "content": "奇怪的记忆增加了"}, {"uid": "49981668", "content": "草"}, {"uid": "45098717", "content": "草"}, {"uid": "49981668", "content": "这是未还的sc吧"}, {"uid": "451703080", "content": "啊啊啊啊，这一段大小姐超可爱"}, {"uid": "451703080", "content": "草"}, {"uid": "8031528", "content": "草"}, {"uid": "262686", "content": "豆芽眉毛"}, {"uid": "171204", "content": "“全部记下来”"}, {"uid": "380086122", "content": "草"}, {"uid": "385746108", "content": "草"}, {"uid": "544972", "content": "哈哈哈哈"}, {"uid": "27636715", "content": "草"}, {"uid": "73230", "content": "请告诉我你的名字，我想了结你。"}, {"uid": "17961189", "content": "这个“哼”我爱了"}, {"uid": "3827357", "content": "前方高能"}, {"uid": "15436414", "content": "草"}, {"uid": "3827357", "content": "得意洋洋www"}, {"uid": "339732835", "content": "请告诉我你的名字"}, {"uid": "430552726", "content": "草"}, {"uid": "8540019", "content": "豆芽！"}, {"uid": "67196", "content": "草"}, {"uid": "11110394", "content": "介也太可爱了"}, {"uid": "32250348", "content": "草"}, {"uid": "171204", "content": "可爱"}, {"uid": "544972", "content": "草"}, {"uid": "446578305", "content": "草"}, {"uid": "544972", "content": "可爱"}, {"uid": "4439854", "content": "弔图一堆"}, {"uid": "30514029", "content": "可爱，awsl"}, {"uid": "1626851", "content": "草"}, {"uid": "262126999", "content": "草"}, {"uid": "291392091", "content": "太怪了"}, {"uid": "23177078", "content": "草"}, {"uid": "8623451", "content": "？"}, {"uid": "30514029", "content": "草"}, {"uid": "945802", "content": "可爱"}, {"uid": "380086122", "content": "awsl"}, {"uid": "669067636", "content": "草"}, {"uid": "35777504", "content": "dn草"}, {"uid": "286635840", "content": "好怪"}, {"uid": "491117", "content": "啊这"}]