[{"uid": "27185926", "content": "好耶"}, {"uid": "14231270", "content": "绝美"}, {"uid": "14231270", "content": "太帅了"}, {"uid": "14231270", "content": "每天一遍"}, {"uid": "62455861", "content": "好耶！"}, {"uid": "21180997", "content": "卧槽？！这是大小姐？！"}, {"uid": "14106624", "content": "是我喜欢的曲风"}, {"uid": "4203312", "content": "帅帅帅帅帅帅帅帅！！"}, {"uid": "4203312", "content": "大小姐这声线又御又帅啊，小女孩突然变御姐"}, {"uid": "277682671", "content": "堪称『綺麗』的构图"}, {"uid": "4203312", "content": "这声线太帅了"}, {"uid": "51418548", "content": "ohhhhhhh"}, {"uid": "297978332", "content": "太帅了"}, {"uid": "13345404", "content": "太帅了大小姐"}, {"uid": "42603638", "content": "？？？？？？？？？？"}, {"uid": "4487676", "content": "用本音不就好了啊doge"}, {"uid": "2361179", "content": "帅炸"}, {"uid": "6964070", "content": "这画面"}, {"uid": "272754630", "content": "？？？？？？？"}, {"uid": "7269129", "content": "大小姐本音很御啊！"}, {"uid": "101667250", "content": "好听好听好听！"}, {"uid": "380086122", "content": "ohhhhhhhhh"}, {"uid": "3827357", "content": "卧槽！这是大小姐本音！？"}, {"uid": "121315533", "content": "帅！！"}, {"uid": "26002622", "content": "帅"}, {"uid": "35488721", "content": "太帅了"}, {"uid": "12903913", "content": "帅呀"}, {"uid": "12903913", "content": "好听呀"}, {"uid": "56456352", "content": "revive? 幻世"}, {"uid": "142496360", "content": "ohhhhhhhhhhhhhhhhhh"}, {"uid": "355307887", "content": "这声线，我人傻了"}, {"uid": "35347348", "content": "好耶"}, {"uid": "14231270", "content": "超好听"}, {"uid": "1512100", "content": "御姐音好棒！！！"}, {"uid": "4203312", "content": "前方高能，大小姐封印解除"}, {"uid": "429632118", "content": "好听！"}, {"uid": "15833875", "content": "再来一次"}, {"uid": "281403190", "content": "卧槽，本音吗》？？？？？？"}, {"uid": "121315533", "content": "ohhhhhhhhhhh"}, {"uid": "35768624", "content": "好耶"}, {"uid": "7269129", "content": "她用本音了！"}, {"uid": "11691053", "content": "ohhhhh"}, {"uid": "544972", "content": "大小姐耶！！"}, {"uid": "544972", "content": "好耶"}, {"uid": "202798624", "content": "好耶"}, {"uid": "19061517", "content": "三厨狂喜"}, {"uid": "51418548", "content": "ohhhhhhh好御啊啊啊啊"}, {"uid": "534545", "content": "好耶"}, {"uid": "18872533", "content": "好听"}, {"uid": "376863", "content": "omg"}, {"uid": "81178294", "content": "dare？"}, {"uid": "7269129", "content": "封印解除了的大小姐唱歌还是很强的嘛"}, {"uid": "376863", "content": "TQL"}, {"uid": "1183390089", "content": "好耶"}, {"uid": "297978332", "content": "。。。"}, {"uid": "380086122", "content": "爱了爱了"}, {"uid": "1504756349", "content": "梦幻联动"}, {"uid": "34893540", "content": "好耶"}, {"uid": "153802", "content": "kksk"}, {"uid": "168187239", "content": "好耶"}, {"uid": "429632118", "content": "好听"}, {"uid": "518049219", "content": "太棒了！！"}, {"uid": "399229028", "content": "来了来了"}, {"uid": "380086122", "content": "好耶"}, {"uid": "15227798", "content": "封印解除了"}, {"uid": "11691053", "content": "好呀好呀"}, {"uid": "1501697", "content": "？？？"}, {"uid": "103329501", "content": "大小姐太帅了啊啊啊啊"}, {"uid": "429632118", "content": "来了来了"}, {"uid": "442878248", "content": "我好爱啊"}, {"uid": "442878248", "content": "牛啊牛啊"}, {"uid": "272754630", "content": "release！"}, {"uid": "101667250", "content": "太强了"}, {"uid": "14231270", "content": "太帅了"}, {"uid": "277721786", "content": "？？？？？？"}, {"uid": "2256631", "content": "？？？？？？？？"}, {"uid": "376863", "content": "没听过的声线"}, {"uid": "286635840", "content": "Ohhhhhhhhhhhhhhhhhh"}, {"uid": "39925319", "content": "大小姐，冲！"}, {"uid": "12783859", "content": "ohhhhh"}, {"uid": "5486604", "content": "好听"}, {"uid": "435890012", "content": "？？？"}]