[{"uid": "382544688", "content": "我愿意！"}, {"uid": "10579112", "content": "www"}, {"uid": "950587", "content": "哈哈哈哈"}, {"uid": "2998551", "content": "好耶"}, {"uid": "374794871", "content": "DNA转录"}, {"uid": "15833875", "content": "对不起，你是个好棱"}, {"uid": "42981809", "content": "她心里有我"}, {"uid": "386323", "content": "好耶"}, {"uid": "352069", "content": "布丁布丁"}, {"uid": "305072215", "content": "23333"}, {"uid": "495404441", "content": "她心里有我！！！"}, {"uid": "161994719", "content": "哈哈"}, {"uid": "6448665", "content": "草"}, {"uid": "49891469", "content": "她心里有我"}, {"uid": "4113427", "content": "可爱"}, {"uid": "2961711", "content": "草"}, {"uid": "535164403", "content": "好耶"}, {"uid": "256243111", "content": "ww"}]