[{"uid": "6819689", "content": "语言它就是个交流工具"}, {"uid": "31876947", "content": "西班牙语同传来了"}, {"uid": "6971266", "content": "你去学薯条语吧，那玩应国人都听不太懂"}, {"uid": "206961", "content": "不了不了谢谢了"}, {"uid": "294563346", "content": "拉丁语"}, {"uid": "32865795", "content": "这不找inga恶补一下"}, {"uid": "363437109", "content": "毕生所学"}, {"uid": "243971358", "content": "毕生所学"}, {"uid": "87867504", "content": "世上无人事，只怕有心男（anti）"}, {"uid": "87867504", "content": "这边建议温州话"}, {"uid": "154093980", "content": "算了妹啊，放弃英语罢"}, {"uid": "31546332", "content": "《一波》"}, {"uid": "803587", "content": "鹅↑鹅↑鹅↑鹅↑鹅↑"}, {"uid": "4384284", "content": "草"}, {"uid": "15568897", "content": "学个荷兰语之类的"}, {"uid": "537937", "content": "希顶语（"}, {"uid": "22416445", "content": "学哑语吧 这样就没人传了"}, {"uid": "1739853", "content": "汉语 英语 日语"}, {"uid": "36260832", "content": "敢说学起来就问题不大"}, {"uid": "249321", "content": "BGM？？？？近月？"}, {"uid": "74116971", "content": "《毕  生  所  学》"}, {"uid": "74116971", "content": "吐火罗文？（）"}, {"uid": "2881638", "content": "毕竟是专业的嘛"}, {"uid": "36937908", "content": "我预判了你的想法！满月！"}, {"uid": "491117", "content": "学Ada吧，全球就没几家在用了"}, {"uid": "28205495", "content": "高哥特语"}, {"uid": "2167061", "content": "你也要学隔壁粉猫？"}, {"uid": "234584532", "content": "这英语怎么一股中国口音"}, {"uid": "31002085", "content": "学德语还能唱唱泽野弘之的歌（"}, {"uid": "1292223", "content": "塔语"}, {"uid": "3019210", "content": "学拉丁语）"}, {"uid": "10910103", "content": "比本人还要懂本人想说什么"}, {"uid": "20022534", "content": "毕生所学"}, {"uid": "10474110", "content": "世界语"}, {"uid": "1478011", "content": "别忘了你的mana前辈"}, {"uid": "21087005", "content": "草（一种植物）"}, {"uid": "11544628", "content": "义务教育漏网之鱼"}, {"uid": "13486215", "content": "阿拉伯语，请学阿拉伯语。"}, {"uid": "142224411", "content": "建议学汇编语言（）"}, {"uid": "9070169", "content": "广东广表示不虚"}, {"uid": "335250821", "content": "格陵兰语"}, {"uid": "508948", "content": "阿拉伯语梵语"}, {"uid": "84445188", "content": "机器语言"}, {"uid": "117478348", "content": "丘丘语("}, {"uid": "31546332", "content": "毕竟mana"}, {"uid": "1739853", "content": "学温州话"}, {"uid": "23226070", "content": "C语言"}, {"uid": "6971266", "content": "温州地区某方言"}, {"uid": "288758321", "content": "拉丁语"}, {"uid": "11322229", "content": "C"}, {"uid": "49384356", "content": "郭语"}, {"uid": "35509930", "content": "c语言"}, {"uid": "803587", "content": "学个Python吧"}, {"uid": "514191336", "content": "不要棒语不要棒语"}, {"uid": "21180775", "content": "汇编语言"}, {"uid": "3800057", "content": "西夏文"}, {"uid": "156330232", "content": "学python吧"}, {"uid": "29657893", "content": "c语言"}, {"uid": "12731456", "content": "德语我会翻呀"}, {"uid": "294563346", "content": "c++"}, {"uid": "7656653", "content": "闽南话吧，也就一点点难"}, {"uid": "36769691", "content": "草"}, {"uid": "89023065", "content": "梵语"}]