[{"uid": "12630046", "content": "好听"}, {"uid": "239870250", "content": "\\满月/\\满月/\\满月/\\满月/\\满月/"}, {"uid": "14655580", "content": "\\满月/\\满月/\\满月/\\满月/\\满月/\\满月/\\满月/"}, {"uid": "14655580", "content": "kksk"}, {"uid": "442250487", "content": "kksk"}, {"uid": "151037933", "content": "\\兔兔/\\兔兔/\\兔兔/\\兔兔/\\兔兔/\\兔兔/\\兔兔/\\兔兔/\\兔兔/\\兔兔/\\兔兔/\\兔兔/\\兔兔/\\兔兔/"}, {"uid": "7246706", "content": "好听"}, {"uid": "14655580", "content": "好听！！！！"}, {"uid": "23001624", "content": "来了"}, {"uid": "4384284", "content": "\\满月/\\王兎/\\月色真美/"}, {"uid": "143275225", "content": "兔兔...兔兔..."}, {"uid": "19093390", "content": "\\みつき/\\みつき/\\みつき/\\みつき/"}, {"uid": "35213456", "content": "\\天使/\\满月/\\天使/\\满月/"}, {"uid": "19093390", "content": "kksk"}, {"uid": "151037933", "content": "好汀"}, {"uid": "88190997", "content": "兔兔"}, {"uid": "3885523", "content": "♪⸜(๑ ॑꒳ ॑๑)⸝♪✰"}, {"uid": "8417344", "content": "这段好好听"}, {"uid": "19093390", "content": "来了"}, {"uid": "37455019", "content": "hso"}, {"uid": "454599062", "content": "୧(⁎˃ ◡˂⁎)୨ꔛ♩来听歌"}, {"uid": "13553559", "content": "喜欢！！！"}, {"uid": "3240428", "content": "hso"}, {"uid": "3885523", "content": "来了来了来了"}, {"uid": "8417344", "content": "KKSK"}, {"uid": "10778462", "content": "兔宝"}, {"uid": "143275225", "content": "\\满月/\\满月/\\满月/\\满月/\\满月/"}, {"uid": "14655580", "content": "好听！"}, {"uid": "46575793", "content": "好棒！！"}, {"uid": "21128558", "content": "prprprprprprpr"}, {"uid": "143275225", "content": "\\满月/\\满月/\\满月/\\满月/\\满月/\\满月/"}, {"uid": "143275225", "content": "\\满月/\\满月/\\满月/\\满月/\\满月/\\满月/"}]