[{"uid": "12278969", "content": "趾"}, {"uid": "11856826", "content": "比你高一點好耶"}, {"uid": "15027139", "content": "人体工学椅？"}, {"uid": "393892", "content": "hso"}, {"uid": "18208014", "content": "一米六九…就算你一米七吧，座凳子脚碰不到地，椅子是首饰店买的吗"}, {"uid": "191349861", "content": "加耳朵"}, {"uid": "807315", "content": "自己在座位上比划了一下……这兔子是……学前班的？？？"}, {"uid": "807315", "content": "脚碰不到地，这是有多矮？？"}, {"uid": "61134", "content": "我信了"}, {"uid": "8687067", "content": "真的吗，我不信"}, {"uid": "8687067", "content": "哈哈哈"}, {"uid": "3500192", "content": "否定那么干脆一定是在掩饰什么"}, {"uid": "367927085", "content": "意思是飞机场跑道要加长啊"}, {"uid": "7754398", "content": "手长过膝？"}, {"uid": "476498836", "content": "请问是悠木碧长到宫野真守的身高吗[妙啊]"}, {"uid": "476498836", "content": "不错不错，有我高了→165cm"}, {"uid": "1808632", "content": "好小只"}, {"uid": "1808632", "content": "草"}, {"uid": "11202938", "content": "？？？？？"}, {"uid": "326981983", "content": "不是够不着桌子没必要拉高椅子OvO"}, {"uid": "1676354", "content": "可可爱爱，莫得脑袋"}, {"uid": "175360800", "content": "哈哈哈"}, {"uid": "474019100", "content": "hhhh"}, {"uid": "36937908", "content": "好哎！"}, {"uid": "414996747", "content": "脚是脚趾啊hhhhh"}, {"uid": "11856826", "content": "說你幾歲了"}, {"uid": "11856826", "content": "欸滿月那麼高嗎"}, {"uid": "350557742", "content": "，"}]