[{"uid": "88190997", "content": "哈哈"}, {"uid": "88190997", "content": "画力骤降"}, {"uid": "6503940", "content": "xswl"}, {"uid": "11856826", "content": "針不戳"}, {"uid": "142224411", "content": "《卡比兽给奥特之母撑伞》（不是）"}, {"uid": "2091174", "content": "我知道了 卡比兽"}, {"uid": "38052103", "content": "右下角邪神"}, {"uid": "480362513", "content": "完蛋，完全一致"}, {"uid": "207613158", "content": "好家伙"}, {"uid": "474019100", "content": "hhhh"}, {"uid": "19540577", "content": "你也是0岁"}, {"uid": "1808632", "content": "你也零岁?"}]