[{"uid": "4211233", "content": "草"}, {"uid": "266812299", "content": "草"}, {"uid": "281159434", "content": "？？？？？"}, {"uid": "11971893", "content": "！？？？"}, {"uid": "674264043", "content": "突然发现这头好大"}, {"uid": "34988307", "content": "草"}, {"uid": "20317592", "content": "草"}, {"uid": "108430026", "content": "兔兔!"}, {"uid": "1574139", "content": "草"}, {"uid": "26533580", "content": "草"}, {"uid": "602770583", "content": "可爱"}, {"uid": "23762888", "content": "草草"}, {"uid": "114522730", "content": "？？？？"}, {"uid": "28662020", "content": "可爱捏"}, {"uid": "6221030", "content": "？？？"}, {"uid": "85790419", "content": "草"}, {"uid": "30876955", "content": "草"}]