[{"uid": "6503940", "content": "惨"}, {"uid": "11856826", "content": "真是個好人"}, {"uid": "40613413", "content": "备胎？！"}, {"uid": "24099677", "content": "草"}, {"uid": "1739853", "content": "这个话好伤人啊"}, {"uid": "7374249", "content": "草"}, {"uid": "178257", "content": "男兔子？  警觉"}, {"uid": "178257", "content": "物种天赋"}, {"uid": "286744957", "content": "战兔:巧了，我还真没谈过恋爱"}, {"uid": "286744957", "content": "桐生战兔（确信"}, {"uid": "37190312", "content": "把你当成兄弟了"}, {"uid": "13012206", "content": "（幻视）帕里"}, {"uid": "552082", "content": "好人满月"}, {"uid": "35932904", "content": "那不叫暧昧叫委婉"}, {"uid": "29454431", "content": "天真的满月"}, {"uid": "46575793", "content": "哈哈哈，不对，呜呜呜"}, {"uid": "24310513", "content": "满月打嗝www"}, {"uid": "18208014", "content": "炎 男兔子 炎"}, {"uid": "52433747", "content": "这种 只能当兄弟的感觉也是有的"}, {"uid": "482127988", "content": "好家伙完全没戏了"}, {"uid": "482127988", "content": "这不叫被甩，这叫还没开始就结束了（dog"}, {"uid": "110156989", "content": "设  定  崩  坏"}, {"uid": "110156989", "content": "纯情兔兔suki"}, {"uid": "175360800", "content": "？"}, {"uid": "5043517", "content": "懂了。想绝交就跟她表白QAQ"}, {"uid": "5043517", "content": "我拿你当兄弟你居然想跟我交往。jpg"}, {"uid": "52151939", "content": "基因决定一切"}, {"uid": "20655236", "content": "经典直男"}, {"uid": "19540577", "content": "这bgm。。。近月啊"}, {"uid": "351731484", "content": "坚持设定的鉴"}, {"uid": "108430026", "content": "兔兔.."}, {"uid": "302546247", "content": "近月"}, {"uid": "40613413", "content": "帕里？！直男♂"}, {"uid": "178333693", "content": "好人啊"}]