[{"uid": "217797936", "content": "对不起，下次还敢"}, {"uid": "88190997", "content": "她急了"}, {"uid": "128409442", "content": "草"}, {"uid": "9028227", "content": "怕是不知道中文里咬这个字是可以拆开的。。。"}, {"uid": "110156989", "content": "我错了，下次还敢"}, {"uid": "272919255", "content": "这眼睛都快闭上了"}, {"uid": "341048421", "content": "草"}, {"uid": "29454431", "content": "好家伙"}, {"uid": "36769691", "content": "好家伙"}, {"uid": "6614647", "content": "她承认了！她的钢板！她是钢板！"}, {"uid": "175360800", "content": "咬我，快！"}, {"uid": "15505781", "content": "那个家伙233333"}, {"uid": "37241311", "content": "好家伙"}, {"uid": "26631631", "content": "虚心认错，坚决不改"}, {"uid": "38735237", "content": "可爱"}, {"uid": "258887204", "content": "那不得气死"}, {"uid": "360184591", "content": "下次还敢"}, {"uid": "88190997", "content": "哈哈"}, {"uid": "190650", "content": "kksk"}, {"uid": "31498", "content": "草"}]