[{"uid": "551160709", "content": "我看到狗妈"}, {"uid": "11856826", "content": "沒你色"}, {"uid": "314505584", "content": "好像是阿米娅的衣服耶"}, {"uid": "12915929", "content": "冰糖！！！"}, {"uid": "20799297", "content": "不会的，因为帕里是好人"}, {"uid": "20157703", "content": "噗哈哈哈哈"}, {"uid": "28576412", "content": "呦西"}, {"uid": "33919342", "content": "噗草哈哈哈哈哈l"}, {"uid": "434364483", "content": "血亏"}, {"uid": "667894959", "content": "鹅叫→"}, {"uid": "15027139", "content": "画师好恐怖"}, {"uid": "190650", "content": "画师的作用体现出来了"}, {"uid": "614962", "content": "好人不怕"}, {"uid": "243971358", "content": "草"}, {"uid": "243971358", "content": "不愧是画师啊。。。厉害，这我得在那描个10几分钟"}, {"uid": "731025", "content": "帕里：你再骂"}, {"uid": "154093980", "content": "你懂我！！！"}, {"uid": "3724721", "content": "草"}, {"uid": "168120921", "content": "帕里的表情好恐怖"}, {"uid": "234337189", "content": "给我康康！"}, {"uid": "15568897", "content": "鼠标中键了解一下"}, {"uid": "231052509", "content": "paryi这是第几个要给他介绍的了"}, {"uid": "360753945", "content": "孝心变质。"}, {"uid": "434431", "content": "好怪哦，再看一眼"}, {"uid": "17784911", "content": "能变成女朋友的都被他变成女儿了"}, {"uid": "17784911", "content": "草"}, {"uid": "159170", "content": "兔兔涩的拍桌子"}, {"uid": "456213483", "content": "大姐全中"}, {"uid": "34839925", "content": "噔噔咚"}, {"uid": "40613413", "content": "甩了二次   哈哈哈"}, {"uid": "10778462", "content": "内部秘传"}, {"uid": "2167061", "content": "让我康康！"}, {"uid": "1739853", "content": "会"}, {"uid": "631278760", "content": "草"}, {"uid": "5731509", "content": "因为他把有机会成为女朋友的人都变成女儿了"}, {"uid": "36769691", "content": "草"}, {"uid": "36769691", "content": "hso"}, {"uid": "36769691", "content": "帕里确实好康"}, {"uid": "107122", "content": "作大死"}, {"uid": "107122", "content": "地面视角"}, {"uid": "31876947", "content": "太色了被ban了么"}, {"uid": "11344630", "content": "草"}, {"uid": "20022534", "content": "草"}, {"uid": "351731484", "content": "不愧是画师"}, {"uid": "306797", "content": "草"}, {"uid": "294464633", "content": "你好懂哦"}, {"uid": "294464633", "content": "你妈真好看"}, {"uid": "18208014", "content": "她好懂啊"}, {"uid": "474019100", "content": "草"}, {"uid": "474019100", "content": "帕里：吐血"}, {"uid": "1808632", "content": "草"}, {"uid": "1808632", "content": "哈哈哈哈哈哈"}, {"uid": "1808632", "content": "糊了"}, {"uid": "1808632", "content": "pad"}, {"uid": "1808632", "content": "哈哈哈哈哈哈哈哈哈"}, {"uid": "328422", "content": "女儿们共同的疑问……"}, {"uid": "9217274", "content": "京华：？？？？？"}, {"uid": "2018229", "content": "草"}, {"uid": "10910103", "content": "好骚"}, {"uid": "1457815", "content": "灵 魂 拷 问"}, {"uid": "154093980", "content": "因为他要娶锤子啊（）"}, {"uid": "18765382", "content": "会做饭的温柔大姐姐 那不是大姐吗？！"}, {"uid": "677412", "content": "草"}, {"uid": "807315", "content": "画师就是这样的呢，不愧也是只兔子呢（喝茶"}, {"uid": "807315", "content": "其实很简单，有几个女人能接受包围在帕里身边一圈女儿而不吃醋的呢（笑"}, {"uid": "190650", "content": "杀人诛心"}, {"uid": "68060881", "content": "草"}, {"uid": "16543693", "content": "因为都变成了女儿"}, {"uid": "7088156", "content": "也许有一天，但不是今天"}, {"uid": "17784911", "content": "女儿们的共同疑问"}, {"uid": "561780", "content": "卡其脱离太"}, {"uid": "15027139", "content": "然后又多个女儿吗？"}, {"uid": "154734468", "content": "yysy,qs"}, {"uid": "500703005", "content": "ohhhhhhhh"}, {"uid": "196805295", "content": "问就是被绿了两次不信任女人了（）"}, {"uid": "408645838", "content": "草"}, {"uid": "7412768", "content": "真理"}, {"uid": "281159434", "content": "？？那不是大姐么"}, {"uid": "36769691", "content": "确实，帕里好人"}, {"uid": "11446781", "content": "草"}, {"uid": "10910103", "content": "功劳大大滴"}, {"uid": "432055588", "content": "都变成女儿了"}, {"uid": "10910103", "content": "翻译：我滴，花姑娘滴，介绍滴干活"}, {"uid": "3660749", "content": "好懂。。。"}, {"uid": "511181482", "content": "断手警告"}, {"uid": "259427670", "content": "草"}, {"uid": "30342074", "content": "草"}, {"uid": "614962", "content": "m字腿2333"}, {"uid": "91274780", "content": "草"}, {"uid": "88025177", "content": "因为他是goushi兔子"}, {"uid": "8687067", "content": "hso"}, {"uid": "3900958", "content": "所有帕里女儿共同的疑问"}, {"uid": "3900958", "content": "你很懂嘛"}, {"uid": "700698", "content": "这么几笔就画的如此形象"}, {"uid": "4922797", "content": "草"}, {"uid": "7412768", "content": "哈哈哈哈"}, {"uid": "326981983", "content": "草"}, {"uid": "36769691", "content": "草"}, {"uid": "107122", "content": "扎心了"}, {"uid": "8063179", "content": "草，你想复活三次吗？"}, {"uid": "3020681", "content": "现场还原"}, {"uid": "1808632", "content": "草"}, {"uid": "190650", "content": "懂！"}, {"uid": "1478011", "content": "因为都变成女儿了呀"}, {"uid": "99938198", "content": "草，截图"}, {"uid": "1739853", "content": "草"}, {"uid": "281159434", "content": "女儿为啥急着把妈妈嫁出去"}, {"uid": "5731509", "content": "燃起来了"}, {"uid": "36769691", "content": "prpr"}, {"uid": "399039390", "content": "好家伙，直接把相册给忘了"}, {"uid": "294464633", "content": "介绍你自己"}, {"uid": "294464633", "content": "惨"}, {"uid": "474019100", "content": "草"}, {"uid": "1808632", "content": "嗯？大姐？"}, {"uid": "1808632", "content": "他是被甩了啊"}, {"uid": "11101454", "content": "搜索啊宝贝"}, {"uid": "8367382", "content": "这三张叽叽的视频有"}, {"uid": "434364483", "content": "帕里的确长得帅"}, {"uid": "236973", "content": "草"}, {"uid": "5627417", "content": "灵魂质问"}, {"uid": "419033", "content": "这次断什么"}, {"uid": "10836463", "content": "草"}, {"uid": "40613413", "content": "那不是 大姐嘛？"}, {"uid": "1478011", "content": "-30警告"}, {"uid": "128541", "content": "那不是大姐吗"}, {"uid": "10579112", "content": "草"}, {"uid": "51181043", "content": "ohhhhhh"}, {"uid": "13959556", "content": "帕里是好人"}]