[{"uid": "351731484", "content": "可爱"}, {"uid": "1932262", "content": "自欺欺人游戏法"}, {"uid": "4098529", "content": "一米之外五官不分"}, {"uid": "143275225", "content": "兔兔...兔兔..."}, {"uid": "359404038", "content": "切，让她逃过一劫"}, {"uid": "4384284", "content": "耳朵瞎了怎么办"}, {"uid": "9109587", "content": "她擦玻璃一直很行的"}, {"uid": "14135892", "content": "激动激动激动"}, {"uid": "36769691", "content": "草"}, {"uid": "641355", "content": "鹅鹅鹅鹅鹅鹅鹅鹅鹅"}, {"uid": "41001864", "content": "5米外人畜不分"}, {"uid": "5884160", "content": "wwww"}, {"uid": "353159081", "content": "躲过了"}, {"uid": "232650756", "content": "我的兔兔！"}]