[{"uid": "39348789", "content": "草"}, {"uid": "2874576", "content": "混沌白猫"}, {"uid": "36769691", "content": "草"}, {"uid": "130804664", "content": "懂得最多的估计不是妮妮就是老大哥"}, {"uid": "128541", "content": "她只是刚睡醒"}, {"uid": "128541", "content": "怪不得自我介绍拖了那么久"}, {"uid": "300763005", "content": "哈哈哈哈hi"}, {"uid": "831693", "content": "见一个爱一个"}, {"uid": "22380295", "content": "我悟到了，因果是好人"}, {"uid": "7374249", "content": "そうだよ（震声）"}, {"uid": "1739853", "content": "好家伙"}, {"uid": "1739853", "content": "结果……"}, {"uid": "217797936", "content": "兔加班"}, {"uid": "217797936", "content": "然后。。然后"}, {"uid": "11202938", "content": "不不不，她只是习惯通宵"}, {"uid": "9272615", "content": "跟谁贴不是贴啊（"}, {"uid": "11496519", "content": "114"}, {"uid": "101962542", "content": "aria .....aria..."}, {"uid": "1808632", "content": "原来如此"}, {"uid": "1808632", "content": "结果你就盯上了aria"}, {"uid": "1808632", "content": "哈哈哈哈"}, {"uid": "13800766", "content": "驴宝现在是海王了"}, {"uid": "10709920", "content": "屑兔子发言"}, {"uid": "110156989", "content": "见一个喜欢一个是吧"}, {"uid": "12994394", "content": "败犬的开始（？）"}, {"uid": "88190997", "content": "你不能这样(加大力度)"}, {"uid": "19093390", "content": "草"}, {"uid": "11496519", "content": "哈哈哈哈哈哈哈哈哈哈哈哈哈哈哈哈哈"}]