[{"uid": "49855683", "content": "暴露本体"}, {"uid": "350727660", "content": "huan哈哈哈"}, {"uid": "3500192", "content": "啊草？？才发现是小马的视频笑死"}, {"uid": "3970880", "content": "P：都是我的单推"}, {"uid": "3109422", "content": "新恒结衣"}, {"uid": "683473", "content": "大哥亲传中文"}, {"uid": "31876947", "content": "小N版本"}, {"uid": "334926483", "content": "草"}, {"uid": "5773287", "content": "这还押韵了"}, {"uid": "383061847", "content": "还有我配的丽塔"}, {"uid": "383061847", "content": "这熟悉的画面，是小N！这是小N的那个视频"}, {"uid": "11496519", "content": "八重樱哈哈哈"}, {"uid": "1590430", "content": "兔兔不可以这样骂自己"}, {"uid": "196805295", "content": "新恒结衣草"}, {"uid": "37241311", "content": "开幕大实话"}, {"uid": "334926483", "content": "开幕雷击"}, {"uid": "1808632", "content": "哈哈哈哈哈"}, {"uid": "11856826", "content": "你為什麼那麼了解"}, {"uid": "34075924", "content": "开幕雷击"}, {"uid": "31876947", "content": "开幕雷击"}, {"uid": "11856826", "content": "被妳發現了"}, {"uid": "23001624", "content": "草"}]