[{"uid": "22103012", "content": "潘多拉之心！！！"}, {"uid": "32753613", "content": "太可爱了"}, {"uid": "8648597", "content": "你醒啦"}, {"uid": "97217948", "content": "可爱"}, {"uid": "16989422", "content": "遮天蔽日，梦魇降临"}, {"uid": "14400807", "content": "幻视美有姬老师"}, {"uid": "8318991", "content": "网络连载的话是加强表现力，如果是周刊月刊这样搞混页数就要收刀片了"}, {"uid": "2409157", "content": "好！"}, {"uid": "429632118", "content": "草，前面的你给我站住"}, {"uid": "20721561", "content": "电锯人？"}, {"uid": "33272900", "content": "可能已经退学了"}, {"uid": "33272900", "content": "我也十分憧憬"}, {"uid": "2420259", "content": "然后被孤立 无视 校园暴力的治愈故事"}, {"uid": "8630003", "content": "「希望你不要不识好歹，不然我就跪下来求你」"}, {"uid": "97217948", "content": "可爱可爱"}, {"uid": "97217948", "content": "可爱"}, {"uid": "143564249", "content": "学校没有校服的怎么说（）"}, {"uid": "34231899", "content": "活在自己的热爱里，而不是别人的眼光中"}, {"uid": "34231899", "content": "然后面试不过被退学了"}, {"uid": "8170587", "content": "wow"}, {"uid": "1584626", "content": "11区祖传xp系统：后脖颈"}, {"uid": "2775138", "content": "2"}, {"uid": "68100017", "content": "2"}, {"uid": "169255560", "content": "2"}, {"uid": "160639", "content": "1"}, {"uid": "27132110", "content": "2"}, {"uid": "2359331", "content": "1"}, {"uid": "1864463", "content": "2"}, {"uid": "18208014", "content": "2"}, {"uid": "344706631", "content": "2"}, {"uid": "2828714", "content": "2"}, {"uid": "110904566", "content": "2"}, {"uid": "4070334", "content": "2"}, {"uid": "2249988", "content": "2"}, {"uid": "88953979", "content": "2"}, {"uid": "30104230", "content": "1"}, {"uid": "248574128", "content": "2"}, {"uid": "245646743", "content": "1"}, {"uid": "3162", "content": "1"}, {"uid": "8424692", "content": "2"}, {"uid": "1876620", "content": "2"}, {"uid": "738606", "content": "1"}, {"uid": "109221", "content": "2"}, {"uid": "1754439", "content": "2"}, {"uid": "130725346", "content": "1"}, {"uid": "275320711", "content": "2"}, {"uid": "5657654", "content": "2"}, {"uid": "664180", "content": "2"}, {"uid": "1753006", "content": "2"}, {"uid": "39900795", "content": "2"}, {"uid": "220930328", "content": "2"}, {"uid": "157716828", "content": "2"}, {"uid": "12673727", "content": "1"}, {"uid": "879957", "content": "2"}, {"uid": "400163759", "content": "2"}, {"uid": "227345232", "content": "2"}, {"uid": "693935595", "content": "2"}, {"uid": "51311492", "content": "2"}, {"uid": "34628076", "content": "1"}, {"uid": "261209542", "content": "1"}, {"uid": "577835", "content": "2"}, {"uid": "2562400", "content": "2"}, {"uid": "6344089", "content": "1"}, {"uid": "289542622", "content": "2"}, {"uid": "7735805", "content": "2"}, {"uid": "11765157", "content": "2"}, {"uid": "32223851", "content": "2"}, {"uid": "7202714", "content": "2"}, {"uid": "14441806", "content": "2"}, {"uid": "24942391", "content": "2"}, {"uid": "69448862", "content": "2"}, {"uid": "242192840", "content": "1"}, {"uid": "3036408", "content": "2"}, {"uid": "91655294", "content": "2"}, {"uid": "503634", "content": "2"}, {"uid": "79938810", "content": "2"}, {"uid": "26937214", "content": "2"}, {"uid": "4031066", "content": "1"}, {"uid": "11096833", "content": "1"}, {"uid": "216083815", "content": "2"}, {"uid": "23800624", "content": "2"}, {"uid": "1305522", "content": "2"}, {"uid": "366963504", "content": "1"}, {"uid": "36107612", "content": "1"}, {"uid": "3116736", "content": "2"}, {"uid": "392182", "content": "1"}, {"uid": "351462156", "content": "2"}, {"uid": "36996358", "content": "2"}, {"uid": "295702946", "content": "2"}, {"uid": "2997881", "content": "1"}, {"uid": "82913972", "content": "2"}, {"uid": "28464940", "content": "希希这语气听起来像是亲身经历一样，好顶"}, {"uid": "4647617", "content": "好可爱"}, {"uid": "248631779", "content": "视ping（）"}, {"uid": "10791090", "content": "当我看见这个脖子的时候，说起来有点下流，我..."}, {"uid": "429510590", "content": "开学第一天，还没发校服啊"}, {"uid": "830157", "content": "律队？"}, {"uid": "21426298", "content": "谢谢，阿伟已经死了"}, {"uid": "830157", "content": "挺可爱的"}, {"uid": "21363074", "content": "牛牛的亲身经历？"}, {"uid": "21426298", "content": "牛牛专业配音！"}, {"uid": "21426298", "content": "噢，这个镜头"}, {"uid": "11773507", "content": "这个超好看"}, {"uid": "220891", "content": "没什么就是费点作者的肝 手 什么的"}, {"uid": "24159590", "content": "有画面了"}, {"uid": "757106", "content": "？？？？？？HSO"}, {"uid": "400145985", "content": "学校不给啊"}, {"uid": "8015136", "content": "\\牛牛/"}, {"uid": "195560086", "content": "视瓶"}, {"uid": "429632118", "content": "来了来了"}, {"uid": "8630003", "content": "配音好棒！"}, {"uid": "7554731", "content": "想生女娃了"}, {"uid": "757106", "content": "?????"}, {"uid": "113842146", "content": "7分钟，好耶"}, {"uid": "8366283", "content": "好！！！"}, {"uid": "5185535", "content": "视瓶"}, {"uid": "39411662", "content": "好耶"}, {"uid": "14234348", "content": "一般（"}, {"uid": "5661239", "content": "bl漫画吗？好耶"}, {"uid": "6620231", "content": "好角度"}, {"uid": "8366283", "content": "这个真的好看，真的为什么这些女孩子能这么美好"}, {"uid": "11237031", "content": "视屏"}, {"uid": "21426298", "content": "事凭"}, {"uid": "118920800", "content": "视屏"}, {"uid": "178501119", "content": "好耶"}, {"uid": "830157", "content": "prpr"}, {"uid": "429632118", "content": "hso"}, {"uid": "96964692", "content": "视屏"}, {"uid": "435628439", "content": "20分钟"}, {"uid": "344706631", "content": "好耶"}, {"uid": "398688143", "content": "少女的美好不用展示，因为展不展示我都没有"}, {"uid": "39411662", "content": "好耶"}]