[{"uid": "14910449", "content": "希希超级可爱"}, {"uid": "231644227", "content": "牛牛"}, {"uid": "34365", "content": "是一头牛牛"}, {"uid": "39411662", "content": "男妈妈来了"}, {"uid": "39411662", "content": "好耶"}, {"uid": "1292223", "content": "离不开右下角啊"}, {"uid": "44374843", "content": "这是要窜了嘛（doge）"}, {"uid": "2907196", "content": "不对，还是可爱"}, {"uid": "1308161388", "content": "Awsl∠( ᐛ 」∠)_"}, {"uid": "336191345", "content": "awsl"}, {"uid": "336191345", "content": "父愁者"}, {"uid": "10076039", "content": "男妈妈来了"}, {"uid": "37865026", "content": "是一头牛牛!"}, {"uid": "74050663", "content": "音容犹存"}, {"uid": "181666", "content": "是一头牛牛"}, {"uid": "175445896", "content": "Hhh"}, {"uid": "11777681", "content": "是牛牛"}, {"uid": "14458099", "content": "“一头”"}, {"uid": "443092", "content": "可爱牛牛"}, {"uid": "1729042", "content": "牛牛"}, {"uid": "2907196", "content": "草，收回前言（"}, {"uid": "2360303", "content": "牛牛！"}, {"uid": "441381740", "content": "是牛牛！"}, {"uid": "23804286", "content": "牛牛"}, {"uid": "23804286", "content": "是牛牛"}, {"uid": "97217948", "content": "牛牛"}, {"uid": "481532458", "content": "是一头牛牛"}, {"uid": "2907196", "content": "可是真的可爱"}, {"uid": "2907196", "content": "awsl"}, {"uid": "102956368", "content": "牛牛"}, {"uid": "11777681", "content": "欸"}, {"uid": "37865026", "content": "诶"}, {"uid": "6970335", "content": "是一头欢乐水牛"}, {"uid": "26937214", "content": "草"}, {"uid": "4677339", "content": "真的有这么Q弹吗"}, {"uid": "7435963", "content": "草"}, {"uid": "7749450", "content": "喝奶奶？"}, {"uid": "6757156", "content": "我咋想到了夹子音"}, {"uid": "2705066", "content": "一头。。。"}, {"uid": "216083815", "content": "我铐 刑啊"}, {"uid": "13347634", "content": "放屁还哭的臭宝宝"}, {"uid": "39411662", "content": "专业"}, {"uid": "2907196", "content": "爸爸：你这不是会说么，你演我？"}, {"uid": "10579112", "content": "一头"}, {"uid": "44961308", "content": "一头"}, {"uid": "3222240", "content": "是一坨肥牛哒"}, {"uid": "351583401", "content": "草"}, {"uid": "88011462", "content": "草"}, {"uid": "58201345", "content": "你不要过来啊"}, {"uid": "362305", "content": "你不要过来啊！（快点"}, {"uid": "82096187", "content": "是牛牛哒"}, {"uid": "253388672", "content": "巨婴"}, {"uid": "453846329", "content": "好诡异呀"}, {"uid": "225460900", "content": "草"}, {"uid": "453846329", "content": "真实"}, {"uid": "561780", "content": "胖三斤"}, {"uid": "13918667", "content": "你不要过来啊"}, {"uid": "13918667", "content": "草"}, {"uid": "24239506", "content": "草"}, {"uid": "1703169", "content": "奶里奶气的"}, {"uid": "1703169", "content": "男妈妈在此，牛宝快到怀里来"}, {"uid": "1703169", "content": "？"}, {"uid": "2440807", "content": "梦魇那不是马娘么？"}, {"uid": "1796309", "content": "她要吃人啦"}, {"uid": "641355", "content": "草"}, {"uid": "1796309", "content": "亲子关系融洽"}, {"uid": "34656808", "content": "米兰达妈麻德小宝宝"}, {"uid": "17471437", "content": "是牛牛哒"}, {"uid": "74050663", "content": "草"}, {"uid": "33614239", "content": "这是尿出来了吗"}, {"uid": "196837133", "content": "扎不多德勒"}]