[{"uid": "1597017", "content": "你这一头白发还不容易发现吗"}, {"uid": "38383810", "content": "低头倒着走，大陀螺"}, {"uid": "14822073", "content": "一位路过身穿绚辉龙贝塔套的一般哑巴工具人苍蓝星∠( ᐛ 」∠)_"}, {"uid": "14822073", "content": "雾瘴尸套龙（确信）"}, {"uid": "23877300", "content": "《苹果》"}, {"uid": "18292018", "content": "你这苹果保熟吗"}, {"uid": "34245823", "content": "你这头发属实"}, {"uid": "652198876", "content": "真的有那么好吃嘛"}, {"uid": "8941002", "content": "毒 妖 鸟"}, {"uid": "2764027", "content": "指瓜为果"}, {"uid": "429632118", "content": "希希能有什么坏心思呢"}, {"uid": "429632118", "content": "来了来了"}, {"uid": "84671972", "content": "某不愿透露姓名的牛牛勇者"}, {"uid": "159081833", "content": "我红点呢？"}, {"uid": "483773", "content": "硬编"}, {"uid": "12754387", "content": "g t a 5"}, {"uid": "577205", "content": "友人竟是我自己"}, {"uid": "37303577", "content": "格 外 显 眼 的 白 发"}, {"uid": "4062798", "content": "全身黑，我懂了，是牛牛形态"}, {"uid": "95246440", "content": "我听说过有魅魔圣武士但没听说过有梦魇勇者啊"}, {"uid": "13373302", "content": "小话痨能有什么坏心眼呢"}, {"uid": "1634", "content": "lancer不行"}, {"uid": "31804554", "content": "不愧是你"}, {"uid": "11308341", "content": "真的么？我不信！"}, {"uid": "11308341", "content": "好好好，你说你说"}, {"uid": "6287676", "content": "会变成new type"}, {"uid": "6287676", "content": "草 钮泰普音效"}, {"uid": "675843", "content": "搁这带货呢！"}, {"uid": "675843", "content": "这么大的苹果砸到头上一定很疼吧"}, {"uid": "10791090", "content": "长树上的应该是榴莲"}, {"uid": "6970335", "content": "上当了"}, {"uid": "101694476", "content": "指梦魇为勇者(doge)"}, {"uid": "440667531", "content": "洗脑（不是）"}, {"uid": "239686428", "content": "前方傻牛牛高能"}, {"uid": "446974155", "content": "屑国王"}, {"uid": "381881997", "content": "哈哈哈哈哈"}, {"uid": "104940", "content": "比如抢银行"}, {"uid": "49820321", "content": "突然jo化"}, {"uid": "125294191", "content": "就硬编，友人惨惨（"}, {"uid": "125294191", "content": "全身黑（指白发白衣黑口罩"}, {"uid": "125294191", "content": "胡说你这卖的明明是梨（doge"}, {"uid": "205166292", "content": "苹果（大嘘）"}, {"uid": "429632118", "content": "这不是西瓜怎么几天不见，开始装苹果了"}, {"uid": "22177665", "content": "你这身打扮更显眼啊"}, {"uid": "37865026", "content": "hhhhh"}, {"uid": "11308341", "content": "你不要骗我啊，这明明是西瓜"}, {"uid": "239686428", "content": "全身白的牛牛因为戴上黑口罩所以赢了魔王"}, {"uid": "239686428", "content": "放屁，这外绿内红的分明是榴莲"}, {"uid": "125294191", "content": "你这勇者怎么像个魔王一样（"}, {"uid": "121938661", "content": "你这瓜保熟吗"}, {"uid": "1281497", "content": "你又觉着自己能行了"}, {"uid": "652198876", "content": "真的（强调）"}, {"uid": "29877960", "content": "指瓜为果"}, {"uid": "11226372", "content": "全身黑（大嘘）"}, {"uid": "234315366", "content": "笑死，一袭白发的高挑动物还不容易找"}, {"uid": "18368921", "content": "夜 光  口 罩 "}, {"uid": "11308341", "content": "我信你个鬼啊！！！"}, {"uid": "37865026", "content": "原来希希是勇者啊"}, {"uid": "3163493", "content": "优势很大"}, {"uid": "14424272", "content": "原来瘴毒之王是new type"}, {"uid": "2324029", "content": "牛牛全身黑，牛牛秃啦（"}, {"uid": "30921315", "content": "这明明是希瓜！"}, {"uid": "4528978", "content": "这不是西红柿？红色的果肉（"}, {"uid": "125294191", "content": "自我想象很美好wwwwwww"}, {"uid": "318527607", "content": "这不就是西瓜吗草（"}, {"uid": "2720956", "content": "国王好可爱"}, {"uid": "1415724", "content": "不愧是德军，一眼就看穿了我完美的伪装"}, {"uid": "159081833", "content": "你更像是放毒的那个好吧"}, {"uid": "7698936", "content": "阿姨压一压"}, {"uid": "26797237", "content": "我什么都做得到（"}, {"uid": "440667531", "content": "被乳（确信）"}, {"uid": "26197864", "content": "全 身 黑"}, {"uid": "381881997", "content": "只西瓜为苹果"}, {"uid": "52956702", "content": "这叫苹果？"}, {"uid": "143564249", "content": "《苹果》"}, {"uid": "13095247", "content": "你这瓜包熟吗？"}, {"uid": "75379", "content": "耐瘴3"}, {"uid": "4494836", "content": "迫真苹果"}, {"uid": "675843", "content": "下次你也会这么说的"}, {"uid": "39411662", "content": "听你说"}, {"uid": "169975330", "content": "纯  黑  的  噩  梦"}, {"uid": "1481623", "content": "你和我说这是苹果？"}, {"uid": "364653020", "content": "咕撒了我"}, {"uid": "4972873", "content": "小话痨的本体就是嘴吗！！"}, {"uid": "4972873", "content": "你这苹果"}, {"uid": "8409742", "content": "魅魔圣武士是啥"}, {"uid": "29532419", "content": "觉得自己能行"}, {"uid": "429632118", "content": "来了来了！"}, {"uid": "429632118", "content": "来了！"}, {"uid": "429632118", "content": "来了"}, {"uid": "3197678", "content": "这不是桃子吗"}, {"uid": "21526969", "content": "牛牛声线"}, {"uid": "159081833", "content": "红豆哒哟"}, {"uid": "402958578", "content": "驱魇赶瘴（不是）"}, {"uid": "483773", "content": "苹果(西瓜)"}, {"uid": "6457353", "content": "正解"}, {"uid": "90559379", "content": "tabby草"}, {"uid": "38063411", "content": "你给路达哟"}, {"uid": "10579112", "content": "草"}, {"uid": "49820321", "content": "那是因为你的主色调是白的"}, {"uid": "374176323", "content": "hhhh"}, {"uid": "11308341", "content": "草"}, {"uid": "31076307", "content": "苹果（西瓜）"}, {"uid": "675979", "content": "忍杀可还行"}, {"uid": "24357615", "content": "草"}, {"uid": "32423963", "content": "草"}, {"uid": "65219882", "content": "魔族内战是吧？"}, {"uid": "429632118", "content": "这是西瓜"}, {"uid": "467357", "content": "这bgm笑死"}, {"uid": "10314148", "content": "Perfect time！"}, {"uid": "37865026", "content": "好家伙"}, {"uid": "675843", "content": "你这除了口罩还哪黑了？"}, {"uid": "3163493", "content": "？？？？？？？？？？？"}, {"uid": "675843", "content": "她觉得又行了"}, {"uid": "354328561", "content": "黑色的黎明"}, {"uid": "2385384", "content": "哈哈哈哈"}, {"uid": "275271664", "content": "萍瓜"}, {"uid": "11622504", "content": "她就是"}, {"uid": "652198876", "content": "就这？"}, {"uid": "616073998", "content": "debu音"}, {"uid": "4062798", "content": "草"}, {"uid": "8409742", "content": "Tabby"}, {"uid": "11308341", "content": "？？？？？？"}, {"uid": "37865026", "content": "但是希希也不是全身黑啊"}, {"uid": "37865026", "content": "草"}, {"uid": "39411662", "content": "牛"}, {"uid": "239686428", "content": "牛牛"}, {"uid": "4087405", "content": "我觉得可以行"}, {"uid": "484542949", "content": "一分钟，很快"}, {"uid": "29532419", "content": "？"}, {"uid": "73674638", "content": "草"}, {"uid": "88154", "content": "2333333"}, {"uid": "4134946", "content": "苹果"}, {"uid": "13399970", "content": "草"}, {"uid": "234315366", "content": "小笨比。"}, {"uid": "12754387", "content": "勇者战败该放什么cg不用我多说了吧"}, {"uid": "577205", "content": "？？苹果？？"}, {"uid": "35515149", "content": "？"}, {"uid": "24141412", "content": "？？？？？？"}, {"uid": "39411662", "content": "？"}, {"uid": "5151584", "content": "是牛牛"}, {"uid": "171991910", "content": "啊这？"}, {"uid": "27375765", "content": "瘴气？哼，哼哼，啊啊啊啊啊啊啊啊啊啊啊啊"}, {"uid": "354328561", "content": "苹果？"}, {"uid": "503163130", "content": "你的白头发不是更显眼吗？"}]