[{"uid": "188778758", "content": "莺ying"}, {"uid": "259085151", "content": "啊，不是龟裂吗？我一直这么读的"}, {"uid": "31804554", "content": "完了，据选票看，物以类聚，观众也丈育起来了"}, {"uid": "433632920", "content": "真有这么Q弹吗"}, {"uid": "351746678", "content": "V界又一个丈育（悲）"}, {"uid": "32091370", "content": "前面的不要解释牛宝是啥，个给我留点念想"}, {"uid": "34270286", "content": "正在部署nox侵蚀气体（bushi）"}, {"uid": "648684322", "content": "营夜莺的莺"}, {"uid": "475579885", "content": "前方喝水"}, {"uid": "74035925", "content": "还有侏罗纪也是，想起来了没"}, {"uid": "74035925", "content": "这么多不会的是没想起来哪字吧"}, {"uid": "245100357", "content": "无味的沙律"}, {"uid": "245100357", "content": "无味的沙律"}, {"uid": "167380284", "content": "草这BGM"}, {"uid": "398752991", "content": "芜湖（即答"}, {"uid": "70763", "content": "少壮不努力，长大变丈育"}, {"uid": "20195026", "content": "少壮不努力，老大vup"}, {"uid": "1278193", "content": "草"}, {"uid": "652198876", "content": "看来这只牛傻了"}, {"uid": "37865026", "content": "漏网之牛hhh"}, {"uid": "17049801", "content": "虚晃一枪"}, {"uid": "17049801", "content": "我笑的裂开"}, {"uid": "295590109", "content": "1"}, {"uid": "225401981", "content": "2"}, {"uid": "409903899", "content": "1"}, {"uid": "27839057", "content": "2"}, {"uid": "7775751", "content": "1"}, {"uid": "7174649", "content": "1"}, {"uid": "281226656", "content": "1"}, {"uid": "205471175", "content": "2"}, {"uid": "2169040", "content": "2"}, {"uid": "350967013", "content": "1"}, {"uid": "2169752", "content": "2"}, {"uid": "25532377", "content": "1"}, {"uid": "1726664", "content": "2"}, {"uid": "27750908", "content": "1"}, {"uid": "16052375", "content": "1"}, {"uid": "38299835", "content": "1"}, {"uid": "440667531", "content": "1"}, {"uid": "19560232", "content": "2"}, {"uid": "22174071", "content": "2"}, {"uid": "85775334", "content": "1"}, {"uid": "19884060", "content": "1"}, {"uid": "23457022", "content": "1"}, {"uid": "1481487", "content": "1"}, {"uid": "166223446", "content": "1"}, {"uid": "15835551", "content": "1"}, {"uid": "51210388", "content": "1"}, {"uid": "49404876", "content": "2"}, {"uid": "2090044", "content": "2"}, {"uid": "28184352", "content": "2"}, {"uid": "859303", "content": "2"}, {"uid": "11356469", "content": "2"}, {"uid": "13460141", "content": "2"}, {"uid": "6004408", "content": "2"}, {"uid": "292049196", "content": "1"}, {"uid": "21744152", "content": "1"}, {"uid": "13967713", "content": "2"}, {"uid": "22014547", "content": "2"}, {"uid": "19475403", "content": "2"}, {"uid": "1113051", "content": "1"}, {"uid": "5185535", "content": "2"}, {"uid": "4696364", "content": "1"}, {"uid": "604071060", "content": "1"}, {"uid": "226222", "content": "2"}, {"uid": "90290088", "content": "1"}, {"uid": "35179981", "content": "1"}, {"uid": "4070245", "content": "1"}, {"uid": "8301696", "content": "1"}, {"uid": "14458099", "content": "整段垮掉"}, {"uid": "23600628", "content": "1"}, {"uid": "2447854", "content": "1"}, {"uid": "19032054", "content": "2"}, {"uid": "2266822", "content": "1"}, {"uid": "8759541", "content": "1"}, {"uid": "33738503", "content": "2"}, {"uid": "365319267", "content": "1"}, {"uid": "8447121", "content": "2"}, {"uid": "34295251", "content": "1"}, {"uid": "38711340", "content": "无畏的杀nve"}, {"uid": "402958578", "content": "这两个词给我整懵了"}, {"uid": "22588530", "content": "少壮不努力，长大vtb"}, {"uid": "97167601", "content": "呜呼"}, {"uid": "492898083", "content": "草长莺飞"}, {"uid": "19088544", "content": "少壮不努力长大vtb"}, {"uid": "353997696", "content": "文化沙漠"}, {"uid": "34779171", "content": "无畏的傻驴（"}, {"uid": "371883940", "content": "九年义务教育是怎么教育出这样子的货色的"}, {"uid": "43153741", "content": "杀绿的欲望正在高涨"}, {"uid": "298995", "content": "我裂开了"}, {"uid": "446940537", "content": "麻了麻了，人麻了"}, {"uid": "1431859", "content": "国民性存疑"}, {"uid": "1764234", "content": "？什么地精还是矮人"}, {"uid": "3538191", "content": "？？？？？？？？？？？麻了"}, {"uid": "335769025", "content": "这是什么阴间只狼("}, {"uid": "178501119", "content": "哈哈"}, {"uid": "1608908", "content": "少壮不努力，老大vtb"}, {"uid": "299059385", "content": "OMG_New"}, {"uid": "48375724", "content": "诺莺ying"}, {"uid": "31804554", "content": "少壮不努力，老大vtb"}, {"uid": "41235367", "content": "哈哈哈哈哈哈哈哈哈哈"}, {"uid": "354573279", "content": "给我整的也不会读了"}, {"uid": "7545846", "content": "ying"}, {"uid": "9887113", "content": "少壮不努力，老大vtb"}, {"uid": "181666", "content": "鸡眼茧"}, {"uid": "74035925", "content": "看怪名应该是侏儒或地精的反应问题"}, {"uid": "245100357", "content": "nuguri"}, {"uid": "18422187", "content": "芜   芜"}, {"uid": "1734863", "content": "卖萌可耻"}, {"uid": "59596679", "content": "杀chuo"}, {"uid": "74050663", "content": "杀戮（"}, {"uid": "1754439", "content": "完了，这么多选2点（）"}, {"uid": "746035", "content": "骊字也够呛认识"}, {"uid": "8990919", "content": "沙律懂不懂沙律"}, {"uid": "469640", "content": "一口水喷出来"}, {"uid": "4458870", "content": "无味的沙律（"}, {"uid": "652198876", "content": "这是漏了多少"}, {"uid": "11062371", "content": "芜湖！"}, {"uid": "41751388", "content": "这个我也不知道，原来是没有gui裂的说法的吗"}, {"uid": "11773507", "content": "ying"}, {"uid": "94390904", "content": "我也是读龟裂来着"}, {"uid": "651993634", "content": "杀戮（lu）"}, {"uid": "56822207", "content": "丈育"}, {"uid": "16938711", "content": "芜湖"}, {"uid": "1431859", "content": "无谓的沙律"}, {"uid": "24139", "content": "草"}, {"uid": "652198876", "content": "好家伙"}, {"uid": "652198876", "content": "好一个《漏网之牛"}, {"uid": "39740517", "content": "莺莺燕燕"}, {"uid": "675979", "content": "ohhhhhhhh"}, {"uid": "178501119", "content": "哈哈哈哈哈"}, {"uid": "7978767", "content": "杀绿"}, {"uid": "142637086", "content": "ohhhhhhhhh"}, {"uid": "23874332", "content": "这是个啥mod啊草"}, {"uid": "33270469", "content": "红红火火恍恍惚惚"}, {"uid": "45348721", "content": "哈哈哈哈哈"}, {"uid": "15122949", "content": "无味的沙律"}, {"uid": "11425785", "content": "芜湖起飞"}, {"uid": "13530387", "content": "草笑死"}, {"uid": "49628169", "content": "开幕雷击"}, {"uid": "5864188", "content": "哈哈哈哈哈哈哈"}, {"uid": "245100357", "content": "无味的沙律"}, {"uid": "652198876", "content": "我裂开来"}, {"uid": "652198876", "content": "这个不会"}, {"uid": "115140130", "content": "鸡眼茧"}, {"uid": "2110835", "content": "指杀牛头人"}, {"uid": "276242672", "content": "杀绿天使"}, {"uid": "26644301", "content": "芜湖"}, {"uid": "200561382", "content": "草，观众怎么一多半都是丈育"}, {"uid": "82309978", "content": "请张京华来教中文吧doge"}, {"uid": "16175729", "content": "噗，"}, {"uid": "28803932", "content": "麻了"}, {"uid": "1531160", "content": "牛宝？？"}, {"uid": "1464514", "content": "草"}, {"uid": "429632118", "content": "草"}, {"uid": "429632118", "content": "来了"}, {"uid": "429632118", "content": "来了来了"}, {"uid": "624652", "content": "笑死"}, {"uid": "7749450", "content": "芜湖"}, {"uid": "7749450", "content": "哈哈哈哈哈"}, {"uid": "2705066", "content": "草"}, {"uid": "6422553", "content": "侏罗纪的侏啊"}, {"uid": "187570", "content": "诺鸟"}, {"uid": "203860467", "content": "杀绿"}, {"uid": "234315366", "content": "？重读吧"}, {"uid": "11308341", "content": "?麻了"}, {"uid": "859933", "content": "丈育"}, {"uid": "346403209", "content": "纱雾"}, {"uid": "758602881", "content": "退钱！"}, {"uid": "114116470", "content": "只狼2077？"}, {"uid": "110738949", "content": "傻牛宝"}, {"uid": "732795", "content": "这。。。"}, {"uid": "2025333", "content": "夜莺"}, {"uid": "39502795", "content": "芜湖"}, {"uid": "13832139", "content": "芜湖"}, {"uid": "12387876", "content": "？？？"}, {"uid": "7998266", "content": "草"}, {"uid": "401891", "content": "太笨了草"}, {"uid": "159081833", "content": "龟龟我裂开了"}, {"uid": "19560232", "content": "？！"}, {"uid": "178501119", "content": "笑死"}, {"uid": "4262314", "content": "草"}, {"uid": "178501119", "content": "好耶"}, {"uid": "3384911", "content": "？？？？？？"}, {"uid": "11773507", "content": "龟jun裂"}, {"uid": "88953979", "content": "nuguri"}, {"uid": "1821119", "content": "哪儿啊我都没看到字"}, {"uid": "181647898", "content": "？"}, {"uid": "95996068", "content": "..."}, {"uid": "59126652", "content": "纱布？"}, {"uid": "648684322", "content": "杀戮，lu"}, {"uid": "24393844", "content": "杀戮"}, {"uid": "14156746", "content": "沙律就是沙拉"}, {"uid": "5773287", "content": "杀驴"}, {"uid": "22674080", "content": "？？？？"}, {"uid": "26937214", "content": "草"}, {"uid": "651993634", "content": "草"}, {"uid": "429632118", "content": "芜湖"}, {"uid": "298995", "content": "杀驴？"}, {"uid": "159081833", "content": "不读虫算不错了"}, {"uid": "203860467", "content": "笑的我裂开了"}, {"uid": "37884293", "content": "！！！"}, {"uid": "25545324", "content": "刚刚"}, {"uid": "1481623", "content": "不是gui吗 我一直都以为是gui裂2333"}, {"uid": "19112139", "content": "芜湖"}, {"uid": "20502793", "content": "文化沙漠"}, {"uid": "13680668", "content": "xswl"}, {"uid": "548176", "content": "笨死了啦，都是你害的"}, {"uid": "203302803", "content": "。"}, {"uid": "79154627", "content": "?"}, {"uid": "1464514", "content": "草"}, {"uid": "651993634", "content": "笑死"}, {"uid": "318586", "content": "我裂了"}, {"uid": "17511044", "content": "啊  我以为读  ying呢  我也漏了"}, {"uid": "63353", "content": "cao"}, {"uid": "32423963", "content": "？？？"}, {"uid": "1431859", "content": "牛牛的母语怕不是深渊语吧，中文是刚刚学的吗？"}, {"uid": "203860467", "content": "？"}, {"uid": "33616296", "content": "wuyi"}, {"uid": "652198876", "content": "额"}, {"uid": "159081833", "content": "呃呃呃"}, {"uid": "159081833", "content": "芜湖"}, {"uid": "11076060", "content": "想斯卡蒂想疯了"}, {"uid": "2889408", "content": "."}, {"uid": "158229081", "content": "杀戮lu"}, {"uid": "550828", "content": "美国人是这样的"}, {"uid": "245100357", "content": "沙律"}, {"uid": "256867140", "content": "死"}, {"uid": "919389043", "content": "6666"}, {"uid": "6287676", "content": "？"}, {"uid": "3384911", "content": "哈哈哈哈哈哈哈哈哈哈哈哈哈哈哈哈哈！"}]