[{"uid": "20918656", "content": "我甚至在一瞬间以为她是对的，而一秒本能就开始否定自己。"}, {"uid": "346403209", "content": "玩洪恩识字不更爽？"}, {"uid": "190055146", "content": "我已经不知道该怎么念了"}, {"uid": "497037779", "content": "那和水有关肯定是三点水啊哈哈哈哈"}, {"uid": "241395", "content": "但凡选歪都对了"}, {"uid": "81598320", "content": "朱棣：喵喵喵？"}, {"uid": "442733527", "content": "忤逆小队的给我停下，你也是指挥官"}, {"uid": "23920568", "content": "就拜托你了噢（啧）"}, {"uid": "34745820", "content": "1"}, {"uid": "21259791", "content": "1"}, {"uid": "2405004", "content": "1"}, {"uid": "30702710", "content": "1"}, {"uid": "157758251", "content": "1"}, {"uid": "2521475", "content": "1"}, {"uid": "8332185", "content": "1"}, {"uid": "2773037", "content": "1"}, {"uid": "3973958", "content": "1"}, {"uid": "4832659", "content": "1"}, {"uid": "2034386", "content": "1"}, {"uid": "13919544", "content": "1"}, {"uid": "13109059", "content": "1"}, {"uid": "266767146", "content": "1"}, {"uid": "26107242", "content": "1"}, {"uid": "523074", "content": "1"}, {"uid": "504953255", "content": "1"}, {"uid": "231083679", "content": "1"}, {"uid": "7893728", "content": "1"}, {"uid": "12039679", "content": "1"}, {"uid": "1940384", "content": "1"}, {"uid": "90651817", "content": "1"}, {"uid": "39248810", "content": "1"}, {"uid": "75954216", "content": "1"}, {"uid": "2300272", "content": "1"}, {"uid": "498665", "content": "1"}, {"uid": "87664556", "content": "1"}, {"uid": "255269139", "content": "1"}, {"uid": "6091318", "content": "1"}, {"uid": "23802706", "content": "1"}, {"uid": "31229509", "content": "1"}, {"uid": "69840516", "content": "1"}, {"uid": "49848711", "content": "2"}, {"uid": "33393903", "content": "1"}, {"uid": "3154771", "content": "1"}, {"uid": "6344089", "content": "1"}, {"uid": "40730948", "content": "1"}, {"uid": "34058679", "content": "1"}, {"uid": "9385460", "content": "1"}, {"uid": "228448490", "content": "1"}, {"uid": "14574241", "content": "1"}, {"uid": "1728860", "content": "1"}, {"uid": "3342564", "content": "1"}, {"uid": "15134348", "content": "2"}, {"uid": "1277922", "content": "1"}, {"uid": "14037139", "content": "1"}, {"uid": "37055", "content": "1"}, {"uid": "107040560", "content": "1"}, {"uid": "11194286", "content": "1"}, {"uid": "23418360", "content": "2"}, {"uid": "39890791", "content": "1"}, {"uid": "34765063", "content": "1"}, {"uid": "13191491", "content": "1"}, {"uid": "226184471", "content": "1"}, {"uid": "33030701", "content": "讲道理义务教育里我好像没见过这几个字"}, {"uid": "273298386", "content": "夫子喟然叹曰"}, {"uid": "38550786", "content": "神tm部首"}, {"uid": "429632118", "content": "哈哈哈哈哈哈"}, {"uid": "41587", "content": "吃了文化的亏"}, {"uid": "30448289", "content": "经典病句：好多的莘莘学子们"}, {"uid": "23181281", "content": "有口有胃，读作干饭"}, {"uid": "22642237", "content": "月下门童喟叹，昨夜太平长安"}, {"uid": "1464514", "content": "草"}, {"uid": "3538191", "content": "牛是文盲不是很正常嘛？（滑稽）"}, {"uid": "2504851", "content": "嗯就全不会是吧哈哈哈"}, {"uid": "6970335", "content": "九年义务教育的漏网之牛"}, {"uid": "84671972", "content": "青木笃（du）志"}, {"uid": "23230504", "content": "不愧是义务教育的漏网之牛"}, {"uid": "291738", "content": "青梅竹马的竹马"}, {"uid": "675979", "content": "全靠猜"}, {"uid": "1479112", "content": "广东那边肯定熟这个词，栋笃笑"}, {"uid": "4715580", "content": "哈哈哈哈哈哈哈哈哈哈哈哈哈哈"}, {"uid": "2705066", "content": "好家伙，一个没对"}, {"uid": "2923796", "content": "拐了拐了"}, {"uid": "8688327", "content": "老师能气死系列"}, {"uid": "88719442", "content": "《不会有素材的》"}, {"uid": "294537034", "content": "真就义务教育漏网之鱼呗"}, {"uid": "37865026", "content": "牛牛老丈育了"}, {"uid": "3959430", "content": "腌笃鲜"}, {"uid": "196856", "content": "牛牛怕不是住在内华达沙漠里哦"}, {"uid": "8097846", "content": "忤逆小队的，老少前玩家了"}, {"uid": "29081127", "content": "竹马"}, {"uid": "285478273", "content": "回收开头"}, {"uid": "57054444", "content": "渭水啊"}, {"uid": "35224307", "content": "忤逆小队暴怒"}, {"uid": "17554515", "content": "喟然长叹"}, {"uid": "11773507", "content": "博学而笃志，du"}, {"uid": "317774371", "content": "这都不算漏网之鱼，这只能算还没参加义务教育"}, {"uid": "429632118", "content": "《高级》"}, {"uid": "2458267", "content": "《部首》"}, {"uid": "85892347", "content": "经典认半边"}, {"uid": "189865", "content": "文化沙漠"}, {"uid": "65067621", "content": "这个是笔画，不叫部首"}, {"uid": "757106", "content": "《不 可 能》"}, {"uid": "31368535", "content": "上海人熟啊，这个字"}, {"uid": "344706631", "content": "《不可能会有素材的》"}, {"uid": "35224307", "content": "喉哝，绝了"}, {"uid": "14156746", "content": "不读书以后只能耕田"}, {"uid": "6275162", "content": "你敢忤逆我"}, {"uid": "33660", "content": "笃定啊。。。。"}, {"uid": "8564690", "content": "这个我不认识"}, {"uid": "294537034", "content": "文化沙漠"}, {"uid": "163272594", "content": "朱棣哭死"}, {"uid": "38533592", "content": "忤，忤逆小队的忤"}, {"uid": "216083815", "content": "则刘病日笃"}, {"uid": "25269629", "content": "这里指的是，陷在素材之中，无处切片"}, {"uid": "231667339", "content": "听得语文老师们要义愤填膺了"}, {"uid": "4343095", "content": "草 血压高升"}, {"uid": "353574972", "content": "好多指挥官啊"}, {"uid": "2923796", "content": "肯 定"}, {"uid": "94390904", "content": "“马”"}, {"uid": "100915645", "content": "笃定"}, {"uid": "37884293", "content": "《高级》"}, {"uid": "1591555", "content": "义愤填膺"}, {"uid": "11594263", "content": "念食管"}, {"uid": "190800352", "content": "就不能好好选不知道吗"}, {"uid": "326981983", "content": "《不可能会有素材》"}, {"uid": "45348721", "content": "义愤填膺啊"}, {"uid": "5262188", "content": "笃定"}, {"uid": "439324576", "content": "喟叹"}, {"uid": "49341552", "content": "《高级》"}, {"uid": "6639288", "content": "鸿浩之志"}, {"uid": "259085151", "content": "渭水"}, {"uid": "60186157", "content": "马腚"}, {"uid": "23874332", "content": "贴个B限吧"}, {"uid": "429632118", "content": "23333"}, {"uid": "429632118", "content": "《不可能有》"}, {"uid": "429632118", "content": "来了来了！"}, {"uid": "429632118", "content": "来了！"}, {"uid": "4498724", "content": "我也不认识"}, {"uid": "38043326", "content": "哦～～！"}, {"uid": "26568890", "content": "忤逆小队草"}, {"uid": "94750501", "content": "不用剪，原切牛排"}, {"uid": "30132937", "content": "你也该贴b限了"}, {"uid": "3864927", "content": "念xin作地名莘庄"}, {"uid": "7626135", "content": "膺"}, {"uid": "838885", "content": "它笃什么啊"}, {"uid": "35710979", "content": "好的呀"}, {"uid": "57054444", "content": "桎梏（gu）"}, {"uid": "35224307", "content": "忤wu 逆 小 队"}, {"uid": "14156746", "content": "不都是以后只能耕田"}, {"uid": "9373340", "content": "经典读半边"}, {"uid": "259085151", "content": "笃定啊"}, {"uid": "3757977", "content": "大字不识，香辣肥牛"}, {"uid": "794282", "content": "许先生！"}, {"uid": "429632118", "content": "哈哈哈"}, {"uid": "30448289", "content": "少壮不努力"}, {"uid": "6374269", "content": "笃定啊"}, {"uid": "1703169", "content": "草，这声音"}, {"uid": "34584168", "content": "第二个好像是渭水？"}, {"uid": "277721043", "content": "回收开头"}, {"uid": "1783173", "content": "喟叹"}, {"uid": "51405689", "content": "又一个50w兄弟们"}, {"uid": "625323104", "content": "渭水"}, {"uid": "7190", "content": "笃定"}, {"uid": "429632118", "content": "来了来了"}, {"uid": "38043326", "content": "哈哈"}, {"uid": "38043326", "content": "哈哈哈哈哈哈哈"}, {"uid": "8838222", "content": "都笃"}, {"uid": "22727883", "content": "莘莘（shen）学子"}, {"uid": "33432888", "content": "上海莘庄，没错（（"}, {"uid": "245004918", "content": "竖折啊"}, {"uid": "79572129", "content": "23分钟，好烫"}, {"uid": "10953781", "content": "少壮不努力，老大vtb"}, {"uid": "190055146", "content": "？？？？"}, {"uid": "1905803", "content": "许嵩的歌"}, {"uid": "23762888", "content": "草"}, {"uid": "29202026", "content": "笃"}, {"uid": "88011462", "content": "好耶"}, {"uid": "429632118", "content": "来了"}, {"uid": "8564690", "content": "？"}, {"uid": "37872804", "content": "右下角离谱？？？"}, {"uid": "12312755", "content": "这个配音不会读后鼻音吗"}, {"uid": "32423963", "content": "？"}, {"uid": "277721043", "content": "草"}, {"uid": "229815085", "content": "渭水啊"}, {"uid": "26937214", "content": "草"}, {"uid": "3197678", "content": "赝品"}, {"uid": "675979", "content": "不可能没有素材的"}, {"uid": "361033321", "content": "du"}, {"uid": "13391011", "content": "莘莘学子"}, {"uid": "2686404", "content": "忤逆的的忤，忤逆小队的那个忤逆"}, {"uid": "1960188", "content": "莘莘学子"}, {"uid": "277721043", "content": "莘莘学子啊"}]