[{"uid": "37474280", "content": "仙人模式就离谱"}, {"uid": "22961813", "content": "发sc就行了啊"}, {"uid": "296777304", "content": "矮十米"}, {"uid": "296777304", "content": "才八点，该睡了"}, {"uid": "296777304", "content": "你睡了吗"}, {"uid": "433632920", "content": "所以我想知道这形象谁画的"}, {"uid": "35535905", "content": "经 典 再 放 送"}, {"uid": "4416126", "content": "我闻到了刻在DNA之间的味道"}, {"uid": "230951989", "content": "v圈咋这么多千岁儿童（恼）"}, {"uid": "807670", "content": "“小黄，你还在吗小黄？”经典复刻hhhhhh"}, {"uid": "26093258", "content": "笨比一下"}, {"uid": "2921535", "content": "草"}, {"uid": "10090385", "content": "草 天国的2077"}, {"uid": "475872275", "content": "事啊，真的事非常紧张呢（便乘"}, {"uid": "77214271", "content": "play"}, {"uid": "22184176", "content": "？？？"}, {"uid": "5830979", "content": "你醒菈，你家大米被吃完了"}, {"uid": "14191135", "content": "（大声密谋）"}, {"uid": "7896115", "content": "熬夜人更好"}, {"uid": "7896115", "content": "角装反了吧"}, {"uid": "298241298", "content": "草"}, {"uid": "8254614", "content": "wwwww"}, {"uid": "357156230", "content": "当代青少年都爱的（狗头）"}, {"uid": "4174612", "content": "我特么直呼内行"}, {"uid": "4174612", "content": "草"}, {"uid": "43269257", "content": "掰断不会痛吗？"}, {"uid": "43269257", "content": "永不毕业"}, {"uid": "108551", "content": "终于……终于找到你了！！！！"}, {"uid": "2921530", "content": "害怕"}, {"uid": "2921530", "content": "你在嗦撒？"}, {"uid": "2921530", "content": "特困生"}, {"uid": "2921530", "content": "可还是个笨比"}, {"uid": "2921530", "content": "原来是设定吗？我还以为是模型出问题了"}, {"uid": "2921530", "content": "小本币"}, {"uid": "2921530", "content": "这塔冲出来一头装在我脸上"}, {"uid": "27048448", "content": "我找我自己"}, {"uid": "27048448", "content": "你怎么变谜语人了"}, {"uid": "27048448", "content": "直播事故（"}, {"uid": "27048448", "content": "我们会换的（"}, {"uid": "27048448", "content": "你睡啦"}, {"uid": "27048448", "content": "好家伙"}, {"uid": "27048448", "content": "信了（锤子）"}, {"uid": "27048448", "content": "草不愧是你"}, {"uid": "8790890", "content": "太草了"}, {"uid": "165304160", "content": "哇，一听声音，果然是"}, {"uid": "27558344", "content": "你醒了，是双胞胎"}, {"uid": "2209", "content": "理解理解，饺子饺子。"}, {"uid": "2209", "content": "满 ！开 ！"}, {"uid": "2209", "content": "有BGM的时候，听不出底噪的……"}, {"uid": "2209", "content": "你醒啦，手术很成功（"}, {"uid": "1281497", "content": "营业声线suki"}, {"uid": "12648039", "content": "一丈…我拿手机看不到了"}, {"uid": "510523149", "content": "声线变了但还是那个笨比味（悲）"}, {"uid": "16550441", "content": "有一说一，确实"}, {"uid": "16550441", "content": "妙啊"}, {"uid": "16550441", "content": "buzai"}, {"uid": "16550441", "content": "早安"}, {"uid": "16550441", "content": "哈哈哈哈哈，你醒啦？"}, {"uid": "226943077", "content": "仙 人 模 式"}, {"uid": "272023985", "content": "酱就对了嘛"}, {"uid": "110254", "content": "美国5G建设刻不容缓"}, {"uid": "110254", "content": "老笨比了"}, {"uid": "192522780", "content": "好家伙"}, {"uid": "163601126", "content": "非常紧张（棒读）"}, {"uid": "1900588", "content": "横瞳好色哦"}, {"uid": "1900588", "content": "好活"}, {"uid": "250707884", "content": "性了"}, {"uid": "381881997", "content": "牛头人"}, {"uid": "381881997", "content": "都是调查员"}, {"uid": "381881997", "content": "就挺克苏鲁的"}, {"uid": "381881997", "content": "角断了！！"}, {"uid": "108239957", "content": "獠牙"}, {"uid": "503739686", "content": "仙人模式"}, {"uid": "2861327", "content": "这个角是可拆卸的吗  如果不能 我应该如何吻她的脸颊"}, {"uid": "503739686", "content": "才八点"}, {"uid": "503739686", "content": "才八点"}, {"uid": "219799886", "content": "小话痨（察觉）"}, {"uid": "3022088", "content": "啵啵！"}, {"uid": "33005241", "content": "buzaicmn"}, {"uid": "1478371", "content": "这钱，我能不能躺着把它赚了？"}, {"uid": "1478371", "content": "肚大鼓"}, {"uid": "405781983", "content": "阿巴阿巴说一大堆（bushi）"}, {"uid": "2067268", "content": "守夜人，梦幻联动，好耶"}, {"uid": "6285775", "content": "bba("}, {"uid": "425451131", "content": "一根（"}, {"uid": "37046893", "content": "胖三斤）"}, {"uid": "37046893", "content": "草 上当了"}, {"uid": "37046893", "content": "懂了 D花久"}, {"uid": "35431084", "content": "玩泰坦陨落心疼bt到哭"}, {"uid": "175445896", "content": "你醒了"}, {"uid": "175445896", "content": "这....好家伙，直接MOD3吧"}, {"uid": "175445896", "content": "我头疼"}, {"uid": "175445896", "content": "蕾丝眼罩？"}, {"uid": "175445896", "content": "我只是一个路过的平平奇奇的女水友罢了，给我记好了（）"}, {"uid": "175445896", "content": "早安"}, {"uid": "175445896", "content": "你醒了"}, {"uid": "150481512", "content": "都看过诡秘之主"}, {"uid": "693929898", "content": "守夜人可还行"}, {"uid": "693929898", "content": "请叫身体 no模型（狗头）"}, {"uid": "693929898", "content": "不吸夸？"}, {"uid": "29532419", "content": "B"}, {"uid": "4469038", "content": "我信了"}, {"uid": "527381602", "content": "呀，你还是这么矮呢，一点都没变"}, {"uid": "128139452", "content": "小天（ben）才（bi）"}, {"uid": "128139452", "content": "合适的不得了"}, {"uid": "3569", "content": "笨比设定哈哈哈哈"}, {"uid": "377523", "content": "我想看全身"}, {"uid": "377523", "content": "上厕所补充水分"}, {"uid": "377523", "content": "报丧女妖"}, {"uid": "71548462", "content": "？？？"}, {"uid": "2141248", "content": "250岁"}, {"uid": "2141248", "content": "草"}, {"uid": "7028138", "content": "小话痨"}, {"uid": "38040323", "content": "装了光反"}, {"uid": "359425684", "content": "比我早一天"}, {"uid": "6034957", "content": "口霍尔"}, {"uid": "58770105", "content": "好像角就是这样设计的"}, {"uid": "241829974", "content": "接着睡吧"}, {"uid": "241829974", "content": "好老。。。。"}, {"uid": "22863702", "content": "才8点，再睡会嘛"}, {"uid": "11395426", "content": "？"}, {"uid": "396809552", "content": "笨比"}, {"uid": "15453843", "content": "终于疯了，一个嘴不够话唠用的"}, {"uid": "2850040", "content": "什么 才几百岁嘛"}, {"uid": "1507296", "content": "巧了我也 同一天"}, {"uid": "344762347", "content": "？？这眼罩好涩啊"}, {"uid": "344762347", "content": "圣经开启者"}, {"uid": "344762347", "content": "这个牛太生草了"}, {"uid": "510817", "content": "希皮笑脸"}, {"uid": "474660310", "content": "真是犀利的眼神呢"}, {"uid": "474660310", "content": "好家伙"}, {"uid": "28032899", "content": "好家伙，右上角开始打牌了hhh"}, {"uid": "4800748", "content": "似李，防火女"}, {"uid": "13523047", "content": "Welcome home Ashen one"}, {"uid": "23297023", "content": "中之人形象暴露（）"}, {"uid": "2250259", "content": "hso"}, {"uid": "350925019", "content": "一坨（"}, {"uid": "1513716", "content": "防睡女"}, {"uid": "1513716", "content": "防谁女"}, {"uid": "1513716", "content": "233333"}, {"uid": "1513716", "content": "好活233333"}, {"uid": "73829529", "content": "吹牛人"}, {"uid": "642532586", "content": "小笨比("}, {"uid": "196837133", "content": "花酒喔"}, {"uid": "642532586", "content": "一车("}, {"uid": "73674638", "content": "草？"}, {"uid": "4062798", "content": "单口相声"}, {"uid": "6677", "content": "免子哥：嘻嘻"}, {"uid": "241703516", "content": "buzai，cmn"}, {"uid": "241703516", "content": "才8:00"}, {"uid": "429632118", "content": "哈哈哈"}, {"uid": "565415", "content": "自己的设计（不对称丝袜，腿环）"}, {"uid": "234315366", "content": "笨气话马，你好脸大"}, {"uid": "836923", "content": "炫辉龙成精xswl"}, {"uid": "2344024", "content": "好，我们来打牌duel"}, {"uid": "100467311", "content": "大米吃光了"}, {"uid": "297168402", "content": "这个角好奇怪"}, {"uid": "41287274", "content": ">_<"}, {"uid": "85332492", "content": "当我入梦，世界将为止颤抖"}, {"uid": "41287274", "content": "？？？"}, {"uid": "41287274", "content": "？？？"}, {"uid": "203255776", "content": "zzzzzzzzz"}, {"uid": "203255776", "content": "信了信了"}, {"uid": "393892", "content": "hso"}, {"uid": "150409433", "content": "我上当了？"}, {"uid": "5353825", "content": "梦魇道，堂堂连载！"}, {"uid": "150409433", "content": "草，哈哈哈哈，憨起来了"}, {"uid": "150409433", "content": "首播整活，不愧是你"}, {"uid": "9849637", "content": "暗示asacoco播片（"}, {"uid": "9849637", "content": "才八点，再睡会"}, {"uid": "9849637", "content": "我苏醒之日，便是新纪元的开始"}, {"uid": "112836", "content": "韦天化不可避"}, {"uid": "112836", "content": "报 丧 女 妖"}, {"uid": "16796381", "content": "右下角那头牛好可爱"}, {"uid": "400916208", "content": "海盗船，你，值得拥有"}, {"uid": "400916208", "content": "海盗船，乳希快人一步，有了它，你的打字速度也可以直线上升"}, {"uid": "8548576", "content": "和我同天耶"}, {"uid": "36898776", "content": "巧了我16号"}, {"uid": "303120656", "content": "自己的设计（指腿环"}, {"uid": "388573999", "content": "黑夜女神狂喜"}, {"uid": "388573999", "content": "守夜人俱会讨论魔药"}, {"uid": "12207977", "content": "希希：绷不住了"}, {"uid": "10468278", "content": "顶着牛角！这是一头牛！（确信）"}, {"uid": "6572791", "content": "害怕"}, {"uid": "44020162", "content": "食 梦 貘"}, {"uid": "6572791", "content": "害怕"}, {"uid": "6572791", "content": "可爱"}, {"uid": "15693595", "content": "debu表情包"}, {"uid": "308492696", "content": "好神秘哦"}, {"uid": "9618449", "content": "希牛当然是一头啊"}, {"uid": "500310169", "content": "胖三斤！胖三斤！胖三斤！"}, {"uid": "4993884", "content": "《平平奇奇》"}, {"uid": "351906", "content": "山猪女王"}, {"uid": "3799877", "content": "可以得永生吗"}, {"uid": "3799877", "content": "等一手2.0"}, {"uid": "289012264", "content": "传统艺能单口相声"}, {"uid": "12687610", "content": "110磅（无慈悲）"}, {"uid": "74523563", "content": "还有这种好事"}, {"uid": "9848267", "content": "遮天蔽日梦魇降临"}, {"uid": "53757020", "content": "同一天生日好耶！"}, {"uid": "148242915", "content": "仙 人 模 式"}, {"uid": "2502051", "content": "这皮是真的清楚美丽可爱迷人，但是话一多之后就憨了"}, {"uid": "101964944", "content": "你醒啦，手术很成功"}, {"uid": "701457", "content": "HSO"}, {"uid": "283455048", "content": "角都可动性也挺高的（）"}, {"uid": "24978154", "content": "早安"}, {"uid": "24978154", "content": "胖三斤"}, {"uid": "283455048", "content": "首播人咋没了"}, {"uid": "283455048", "content": "底噪暴露了（）"}, {"uid": "283455048", "content": "szb！"}, {"uid": "24573", "content": "防火女？"}, {"uid": "283455048", "content": "草笑死"}, {"uid": "1467203", "content": "好几百岁的笨比"}, {"uid": "27896265", "content": "熟悉的憨憨声线压不住了"}, {"uid": "77359626", "content": "我  上  当  了"}, {"uid": "10961945", "content": "草，角尖的模型是不是没拉伸，都裂了"}, {"uid": "486937583", "content": "恶魔人"}, {"uid": "104655981", "content": "磁悬浮的角？"}, {"uid": "18368921", "content": "大牛牛"}, {"uid": "667868715", "content": "小天才"}, {"uid": "1672502", "content": "不觉得"}, {"uid": "667868715", "content": "宅"}, {"uid": "85062600", "content": "大型精分现场"}, {"uid": "34740787", "content": "确实"}, {"uid": "232833350", "content": "手术很成功哈哈哈"}, {"uid": "232833350", "content": "笨  比"}, {"uid": "347682449", "content": "小话唠（雾）"}, {"uid": "232833350", "content": "《掰 碎 了》"}, {"uid": "232833350", "content": "《太 普 通 了》"}, {"uid": "43241372", "content": "小话唠爱了爱了"}, {"uid": "7698936", "content": "whl"}, {"uid": "232833350", "content": "ohhhhhhhhhhhhhhhhhhhhhhhhhh"}, {"uid": "28102181", "content": "千歲吧"}, {"uid": "667868715", "content": "草"}, {"uid": "667868715", "content": "还是笨比"}, {"uid": "7019905", "content": "经典精分(等等，我为什么说经典？)"}, {"uid": "33266442", "content": "演技拉满草"}, {"uid": "358904932", "content": "buxin（"}, {"uid": "358904932", "content": "战术忘词"}, {"uid": "358904932", "content": "懂了，这就去D花久"}, {"uid": "353019078", "content": "下次就是三角兽了（不是）"}, {"uid": "14871886", "content": "白发有角一头（只？匹？）兽"}, {"uid": "7950098", "content": "好家伙，这是绚辉龙成精了么"}, {"uid": "1993462", "content": "眼罩HSO"}, {"uid": "11822247", "content": "防火女"}, {"uid": "4087637", "content": "快乐"}, {"uid": "241235000", "content": "懂了，憨的事都可以甩锅给老年痴呆了"}, {"uid": "11822247", "content": "才八点"}, {"uid": "31333636", "content": "野 兽 派"}, {"uid": "326329775", "content": "双倍的小话痨"}, {"uid": "9354201", "content": "草"}, {"uid": "2640011", "content": "懂了，用海盗船"}, {"uid": "50659", "content": "刻在DNA里的憨气"}, {"uid": "166190", "content": "噔噔咚"}, {"uid": "9354201", "content": "大宇宙银河"}, {"uid": "326329775", "content": "我宿舍没那么长。。。"}, {"uid": "379551", "content": "早安"}, {"uid": "6091318", "content": "眼罩好色"}, {"uid": "23179696", "content": "双角兽（"}, {"uid": "10826569", "content": "草，特意买了鼓吗"}, {"uid": "1988897", "content": "你 上 当 了"}, {"uid": "238879366", "content": "前方恶魔猎手高能"}, {"uid": "11191284", "content": "信就有"}, {"uid": "2679447", "content": "坏女人，siki"}, {"uid": "45029989", "content": "生日和希希差两天好耶"}, {"uid": "475832", "content": "信了"}, {"uid": "265282669", "content": "？？？？？？？？？"}, {"uid": "3986899", "content": "草"}, {"uid": "2679447", "content": "hso！"}, {"uid": "140230087", "content": "仙人模式"}, {"uid": "11690600", "content": "原来小话痨还是落语表演家"}, {"uid": "2961711", "content": "单口相声草"}, {"uid": "3384911", "content": "别说话，快给我加点。"}, {"uid": "77030063", "content": "起夜人"}, {"uid": "87082952", "content": "舟游人探头"}, {"uid": "2679447", "content": "胖三斤！"}, {"uid": "2679447", "content": "我睡了"}, {"uid": "627521", "content": "一丈距离 适合发育"}, {"uid": "85332492", "content": "笨比本质暴露无遗"}, {"uid": "11743521", "content": "一个人说对口相声"}, {"uid": "219858211", "content": "胖三斤"}, {"uid": "4800345", "content": "椅牟什么？"}, {"uid": "10242738", "content": "一双弱冰的大角"}, {"uid": "27366504", "content": "老年痴呆(确信"}, {"uid": "168348959", "content": "懂了，用海盗船，乳爽快人一步"}, {"uid": "486019", "content": "没有画师和模型师漂亮"}, {"uid": "4556743", "content": "海苔男:这我太熟了"}, {"uid": "203549882", "content": "体重呢（"}, {"uid": "8177328", "content": "这角竟然是断开的还真没注意"}, {"uid": "15972203", "content": "这个角老觉得会掉了"}, {"uid": "203549882", "content": "你再骂（恳求）"}, {"uid": "87056237", "content": "海苔男：这个我熟"}, {"uid": "8256756", "content": "防 火 女"}, {"uid": "35753605", "content": "不是初次见面，是好久不见(破涕为笑)"}, {"uid": "4605645", "content": "一条梦魇"}, {"uid": "53571040", "content": "懂~"}, {"uid": "357156230", "content": "角断开了！"}, {"uid": "89037035", "content": "你话这么多，就叫你小话痨吧"}, {"uid": "13322718", "content": "一个人说对口相声"}, {"uid": "12017288", "content": "初次见面（大嘘）"}, {"uid": "96212045", "content": "那谁是爽哥？"}, {"uid": "536114", "content": "158腿那么长"}, {"uid": "21526969", "content": "我懂了，首播之后全是女水友在播（悲）"}, {"uid": "20145", "content": "你是北极熊"}, {"uid": "15453843", "content": "直接中之人还行，比犬山还直接"}, {"uid": "26937214", "content": "Ohhhhhhhhh"}, {"uid": "4062798", "content": "初次见面（迫真）"}, {"uid": "107666141", "content": "海盗船的救赎"}, {"uid": "429632118", "content": "来了来了"}, {"uid": "308492696", "content": "海盗船，乳爽快人一步"}, {"uid": "38138383", "content": "总觉得刘海底下藏着一只角"}, {"uid": "279016", "content": "两根角两个人"}, {"uid": "4993884", "content": "经典精分"}, {"uid": "3346769", "content": "这个女人终于疯了"}, {"uid": "14191135", "content": "ohhhhhhhhhhhhhhh"}, {"uid": "9354201", "content": "憨起来了"}, {"uid": "10826569", "content": "懂了，海盗船已就绪"}, {"uid": "57546359", "content": "这是单口相声嘛"}, {"uid": "627521", "content": "天蝎座狂喜  同一天真开心"}, {"uid": "5407945", "content": "精分现场"}, {"uid": "17332504", "content": "憨 起 来 了"}, {"uid": "36622056", "content": "开幕睡觉"}, {"uid": "486019", "content": "啊你又出道了"}, {"uid": "87056237", "content": "模型不憨了……但是语气还是以前的味道"}, {"uid": "8177328", "content": "单口相声说起来了"}, {"uid": "85312408", "content": "来了来了"}, {"uid": "289193305", "content": "梦魇精分现场"}, {"uid": "9674", "content": "这种症状持续多久了？"}, {"uid": "39718475", "content": "体重呢www"}, {"uid": "39718475", "content": "来啦！！！"}, {"uid": "34223575", "content": "渣 渣 辉 白 毛 版"}, {"uid": "53571040", "content": "海星海星（习惯就好）"}, {"uid": "53571040", "content": "欢迎回来！嘛"}, {"uid": "17759414", "content": "初次见面（dog）"}, {"uid": "20216896", "content": "哇！（棒读）"}, {"uid": "13322718", "content": "谢谢，已经精分了"}, {"uid": "241744843", "content": "肩膀不会动"}, {"uid": "27631997", "content": "绝了哈哈哈"}, {"uid": "393249", "content": "经典双簧"}, {"uid": "15453843", "content": "噩梦没了，见到希希，变成春梦"}, {"uid": "15453843", "content": "首播（可是很熟呢）"}, {"uid": "112836", "content": "单口相声"}, {"uid": "474660310", "content": "好家伙，联想到了吸食脑髓，害怕"}, {"uid": "31250", "content": "小话痨永远可爱"}, {"uid": "29857", "content": "一吨"}, {"uid": "24185324", "content": "用海盗船，乳爽快人一步"}, {"uid": "45841950", "content": "233"}, {"uid": "345306920", "content": "你是小笨比"}, {"uid": "22982875", "content": "ohhhhhhhhh"}, {"uid": "437697", "content": "你是织命者-凯洛斯。"}, {"uid": "31804554", "content": "恭喜出道！！！"}, {"uid": "143564249", "content": "一条也挺好"}, {"uid": "12830857", "content": "好的，独角兽，没问题，独角兽"}, {"uid": "14000472", "content": "好活"}, {"uid": "14191135", "content": "我已经在哭了"}, {"uid": "6091318", "content": "笑出声了（草）"}, {"uid": "518150659", "content": "精分现场"}, {"uid": "11743521", "content": "等会这个角是磁悬浮的？"}, {"uid": "159081833", "content": "可爱可爱’"}, {"uid": "238879366", "content": "这是ao的"}, {"uid": "123963767", "content": "哈哈哈哈哈哈哈好违和啊哈哈哈"}, {"uid": "1489739", "content": "一丈有3.3啊，我什么都看不到了kora"}, {"uid": "12295812", "content": "胖三斤！！！"}, {"uid": "33224269", "content": "虚空牛角"}, {"uid": "33224269", "content": "不是我没有她胡说！"}, {"uid": "2309271", "content": "还有这种操作的么"}, {"uid": "244938464", "content": "草"}, {"uid": "2921530", "content": "一匹很对啊，哪里不对了？"}, {"uid": "27048448", "content": "人已经傻了"}, {"uid": "341536", "content": "韦天？"}, {"uid": "27328493", "content": "有那味了"}, {"uid": "22824668", "content": "梦回首播"}, {"uid": "58320696", "content": "怎么还是这么矮"}, {"uid": "68383087", "content": "右上角爽球出现了"}, {"uid": "2622802", "content": "捕捉有点厉害啊"}, {"uid": "33432888", "content": "好好好，你嗦四辣就四"}, {"uid": "54746623", "content": "全体起立，欢迎小话唠回归"}, {"uid": "5817377", "content": "一坨"}, {"uid": "154804", "content": "全体起立！"}, {"uid": "429632118", "content": "经典精分"}, {"uid": "429632118", "content": "来了！"}, {"uid": "27835959", "content": "这个好诶"}, {"uid": "286366479", "content": "拜托了，另一个我"}, {"uid": "921754", "content": "我房间可能都没有一丈宽"}, {"uid": "43783608", "content": "食梦貘（）"}, {"uid": "97928", "content": "啊哈哈"}, {"uid": "32695832", "content": "这就去买海盗船"}, {"uid": "31804554", "content": "初次见面！请多指教！"}, {"uid": "2075668", "content": "经典精分"}, {"uid": "95324", "content": "亿点点"}, {"uid": "2476421", "content": "homolive特有假哭"}, {"uid": "19551800", "content": "好看哦"}, {"uid": "37430435", "content": "单口相声"}, {"uid": "11094477", "content": "这个皮没有原来的憨"}, {"uid": "23364592", "content": "爱了爱了"}, {"uid": "14191135", "content": "你是小话唠"}, {"uid": "361340145", "content": "好耶！！！！！！！"}, {"uid": "23179696", "content": "一匹（"}, {"uid": "99719791", "content": "一秒破功"}, {"uid": "365143761", "content": "能吃，只能吃一点点"}, {"uid": "6091318", "content": "女水友还行"}, {"uid": "518150659", "content": "单口相声"}, {"uid": "2679447", "content": "好家伙"}, {"uid": "5083894", "content": "草"}, {"uid": "88277216", "content": "可爱死了~~~"}, {"uid": "8177328", "content": "别初次见面紧张了懂得都懂"}, {"uid": "516596418", "content": "还真是"}, {"uid": "35603063", "content": "一坨"}, {"uid": "110254", "content": "初次见面(笑"}, {"uid": "22136662", "content": "中之人暴露"}, {"uid": "2141248", "content": "野 兽"}, {"uid": "2141248", "content": "初次见面（多周目）"}, {"uid": "21098678", "content": "啊？这是独角兽吗"}, {"uid": "4188964", "content": "单口相声"}, {"uid": "33419982", "content": "DNA动力"}, {"uid": "5067278", "content": "嗨，老婆！"}, {"uid": "428562", "content": "好涩"}, {"uid": "13630131", "content": "好耶！！！"}, {"uid": "914948", "content": "声线好像变了"}, {"uid": "23364592", "content": "？？？？？？"}, {"uid": "2642252", "content": "坏耶"}, {"uid": "37888311", "content": "不对劲，怎么还没开始憨"}, {"uid": "23179696", "content": "初次见面（"}, {"uid": "19032054", "content": "好耶！"}, {"uid": "174819150", "content": "精分现场"}, {"uid": "56413", "content": "瞬间破功"}, {"uid": "17425150", "content": "一丈还行"}, {"uid": "23570480", "content": "草"}, {"uid": "12295812", "content": "塔，冲了过来"}, {"uid": "37474280", "content": "好耶！"}, {"uid": "2424187", "content": "嗨，老婆"}, {"uid": "33224269", "content": "精分"}, {"uid": "34090859", "content": "buriburiburi。。。（"}, {"uid": "2921530", "content": "我都可以"}, {"uid": "520260517", "content": "初次见面"}, {"uid": "110254", "content": "一吨"}, {"uid": "163601126", "content": "中之人草"}, {"uid": "27952610", "content": "嘻嘻嘻嘻"}, {"uid": "12017288", "content": "野兽（"}, {"uid": "2017322", "content": "欢迎回来"}, {"uid": "29532419", "content": "体重呢"}, {"uid": "29532419", "content": "158"}, {"uid": "39411662", "content": "hso"}, {"uid": "377523", "content": "小笨比！！！！"}, {"uid": "8538867", "content": "太怪了"}, {"uid": "15453843", "content": "一只小猪"}, {"uid": "344762347", "content": "草"}, {"uid": "107330710", "content": "精 分"}, {"uid": "89271366", "content": "草"}, {"uid": "642532586", "content": "初次见面，D了()"}, {"uid": "395927742", "content": "草"}, {"uid": "24334910", "content": "吃噩梦胖三斤"}, {"uid": "429632118", "content": "来了"}, {"uid": "111374417", "content": "希张飞"}, {"uid": "12731561", "content": "hso"}, {"uid": "606121", "content": "绷不住了"}, {"uid": "46219929", "content": "好好好，真拿你没办法"}, {"uid": "670825110", "content": "一坨"}, {"uid": "754937", "content": "这就换上海贼船"}, {"uid": "143564249", "content": "拜托了另一个希希"}, {"uid": "37268234", "content": "胖三斤！"}, {"uid": "23120016", "content": "一头！"}, {"uid": "3773187", "content": "音量诉讼"}, {"uid": "232833350", "content": "初次见面"}, {"uid": "17313746", "content": "精分现场"}, {"uid": "7698936", "content": "早安！！！！"}, {"uid": "14137707", "content": "草"}, {"uid": "326329775", "content": "吊得一匹"}, {"uid": "1267833", "content": "玩起来了"}, {"uid": "9354201", "content": "草"}, {"uid": "11690600", "content": "希希最棒！"}, {"uid": "171991910", "content": "原来角是分离的吗"}, {"uid": "11743521", "content": "awsl"}, {"uid": "445165", "content": "sgnb（"}, {"uid": "8453533", "content": "一张"}, {"uid": "334228662", "content": "拜托了，另一个我！"}, {"uid": "661723675", "content": "角裂开了"}, {"uid": "53571040", "content": "哇！"}, {"uid": "170976360", "content": "草"}, {"uid": "27048448", "content": "一只小猪"}, {"uid": "227507544", "content": "草"}, {"uid": "12648039", "content": "是是是，第一次"}, {"uid": "9335231", "content": "哆来咪"}, {"uid": "13322718", "content": "草"}, {"uid": "622135", "content": "好大！"}, {"uid": "392818346", "content": "一座"}, {"uid": "7154335", "content": "初见，单推"}, {"uid": "38040323", "content": "好耶"}, {"uid": "169140", "content": "角！"}, {"uid": "473986676", "content": "感觉有点矮呢"}, {"uid": "395927742", "content": "蚌埠住了"}, {"uid": "429632118", "content": "哈哈哈哈哈"}, {"uid": "429632118", "content": "来了来了！"}, {"uid": "179630679", "content": "？？？"}, {"uid": "347356957", "content": "好耶"}, {"uid": "4188964", "content": "别笑场啊"}, {"uid": "150409433", "content": "草"}, {"uid": "3133310", "content": "害怕"}, {"uid": "3078826", "content": "草"}, {"uid": "1736080", "content": "dna动了"}, {"uid": "22982875", "content": "草"}, {"uid": "22982875", "content": "三米草"}, {"uid": "3799877", "content": "双角兽"}, {"uid": "46219929", "content": "草"}, {"uid": "293892532", "content": "hso"}, {"uid": "279016", "content": "？？？？？？"}, {"uid": "279016", "content": "好耶！"}, {"uid": "227530491", "content": "草"}, {"uid": "232833350", "content": "wwwww"}, {"uid": "23364592", "content": "拜托了，另一个我"}, {"uid": "436821103", "content": "野兽先辈"}, {"uid": "2102772", "content": "这是牛？"}, {"uid": "87132234", "content": "好好说话"}, {"uid": "6091318", "content": "音量诉讼"}, {"uid": "6091318", "content": "老婆！"}, {"uid": "2961711", "content": "我直接好家伙"}, {"uid": "11743521", "content": "神奇"}, {"uid": "11978121", "content": "草"}, {"uid": "2679447", "content": "jio裂开了？"}, {"uid": "297539430", "content": "草"}, {"uid": "87056237", "content": "特有演技"}, {"uid": "262888585", "content": "好耶"}, {"uid": "334228662", "content": "经典"}, {"uid": "84665465", "content": "草"}, {"uid": "154824", "content": "？"}, {"uid": "16550441", "content": "这是某个独角兽夺舍的梦魇吗"}, {"uid": "111374417", "content": "好耶"}, {"uid": "37046893", "content": "草草"}, {"uid": "227530491", "content": "哆来咪"}, {"uid": "175445896", "content": "真好看"}, {"uid": "26888199", "content": "李在赣神魔"}, {"uid": "344762347", "content": "太憨了"}, {"uid": "4062798", "content": "hso"}, {"uid": "150409433", "content": "dna动了"}, {"uid": "22407569", "content": "不是一架?"}, {"uid": "1766973", "content": "涩"}, {"uid": "3078826", "content": "草"}, {"uid": "3078826", "content": "嘴不够大"}, {"uid": "15693595", "content": "吃三斤"}, {"uid": "33767172", "content": "全程无尿点"}, {"uid": "46219929", "content": "AIBOOOOOO"}, {"uid": "2075668", "content": "这个好耶"}, {"uid": "13726624", "content": "草"}, {"uid": "34260922", "content": "丝滑"}, {"uid": "27513598", "content": "好耶"}, {"uid": "19962246", "content": "干杯"}, {"uid": "29392807", "content": "同天生日哎"}, {"uid": "667868715", "content": "草"}, {"uid": "87603969", "content": "老婆！"}, {"uid": "14191135", "content": "迫真"}, {"uid": "11690600", "content": "谁？"}, {"uid": "11978121", "content": "草"}, {"uid": "231667339", "content": "草"}, {"uid": "8453533", "content": "一杯"}, {"uid": "1511520648", "content": "ohhhhhhh"}, {"uid": "334228662", "content": "hso"}, {"uid": "571994", "content": "哇"}, {"uid": "96927042", "content": "草"}, {"uid": "126052293", "content": "角怎么了"}, {"uid": "948239", "content": "くさ"}, {"uid": "53571040", "content": "喜欢"}, {"uid": "2209", "content": "那么inm（yin 梦）可以么"}, {"uid": "12648039", "content": "是是是"}, {"uid": "32366005", "content": "好耶！"}, {"uid": "37046893", "content": "草"}, {"uid": "383397", "content": "好韦啊"}, {"uid": "10980713", "content": "你谁啊"}, {"uid": "12343783", "content": "草"}, {"uid": "89271366", "content": "cao"}, {"uid": "65366698", "content": "草"}, {"uid": "107990562", "content": "好聊"}, {"uid": "173774", "content": "一条"}, {"uid": "26659255", "content": "？"}, {"uid": "26659255", "content": "！"}, {"uid": "12731561", "content": "？"}, {"uid": "112836", "content": "独角兽（NTD）"}, {"uid": "112836", "content": "迷惑表演"}, {"uid": "179391942", "content": "我喜欢希希，不喜欢拉希"}, {"uid": "2973797", "content": "好耶"}, {"uid": "17719524", "content": "太憨了"}, {"uid": "8207865", "content": "？"}, {"uid": "92823535", "content": "就是本人"}, {"uid": "409067383", "content": "好耶"}, {"uid": "740726", "content": "好耶"}, {"uid": "878808", "content": "？"}, {"uid": "14191135", "content": "？"}, {"uid": "19032054", "content": "？"}, {"uid": "11519381", "content": "打卡啊"}, {"uid": "11690600", "content": "这就开始表演了？"}, {"uid": "48787730", "content": "好耶"}, {"uid": "518150659", "content": "？"}, {"uid": "53462571", "content": "？？？？？？？？？？？？？？"}, {"uid": "2982319", "content": "这个v的声音好像civia啊（狗头"}, {"uid": "87056237", "content": "？"}, {"uid": "71898642", "content": "图图妈妈"}, {"uid": "108551", "content": "我是应该说初次见面呢？还是说……好久不见！！！"}, {"uid": "108551", "content": "离屏幕一丈远我看不到也打不了字啦！！！！！！"}, {"uid": "6764986", "content": "你不就是小话痨嘛"}, {"uid": "4034043", "content": "角马"}, {"uid": "11827508", "content": "？？？？？"}, {"uid": "279016", "content": "一屁"}, {"uid": "159338952", "content": "用海盗船键....啊不是走错了"}, {"uid": "2397018", "content": "这个角是断的吗"}, {"uid": "6221030", "content": "谁？"}, {"uid": "34260922", "content": "？"}, {"uid": "23248116", "content": "啊这"}, {"uid": "9491324", "content": "就问一句 什么时候角色崩坏（"}, {"uid": "358904932", "content": "啊，刚出道就有10万粉？"}, {"uid": "9354201", "content": "哈？"}, {"uid": "11690600", "content": "一头"}, {"uid": "696285183", "content": "hso"}, {"uid": "163701816", "content": "老笨比"}, {"uid": "325380339", "content": "2...2B?????"}, {"uid": "26711374", "content": "玩尬的？"}]