[{"uid": "16956293", "content": "这个还蛮好玩的"}, {"uid": "429632118", "content": "来了来了"}, {"uid": "23920568", "content": "我还以为会写“这个世界太乱”（不是）"}, {"uid": "344706631", "content": "哈哈哈哈哈哈"}, {"uid": "26190509", "content": "2"}, {"uid": "6165418", "content": "2"}, {"uid": "98733646", "content": "2"}, {"uid": "372195981", "content": "2"}, {"uid": "259242027", "content": "2"}, {"uid": "28414090", "content": "2"}, {"uid": "20311684", "content": "2"}, {"uid": "46074207", "content": "2"}, {"uid": "44587358", "content": "2"}, {"uid": "18208014", "content": "2"}, {"uid": "73734350", "content": "1"}, {"uid": "8106504", "content": "1"}, {"uid": "15993428", "content": "2"}, {"uid": "6449283", "content": "2"}, {"uid": "467357", "content": "2"}, {"uid": "8990919", "content": "2"}, {"uid": "34365", "content": "2"}, {"uid": "10924413", "content": "2"}, {"uid": "26321336", "content": "2"}, {"uid": "556570", "content": "2"}, {"uid": "316965", "content": "2"}, {"uid": "23762888", "content": "2"}, {"uid": "9116307", "content": "2"}, {"uid": "5829343", "content": "2"}, {"uid": "6725754", "content": "2"}, {"uid": "11939764", "content": "2"}, {"uid": "46056377", "content": "2"}, {"uid": "16472448", "content": "2"}, {"uid": "37006489", "content": "2"}, {"uid": "140217572", "content": "2"}, {"uid": "1540213", "content": "2"}, {"uid": "351125212", "content": "2"}, {"uid": "90421296", "content": "1"}, {"uid": "3799319", "content": "1"}, {"uid": "36753266", "content": "1"}, {"uid": "109107768", "content": "2"}, {"uid": "933205", "content": "2"}, {"uid": "34787785", "content": "2"}, {"uid": "436538924", "content": "1"}, {"uid": "130725346", "content": "1"}, {"uid": "39724977", "content": "2"}, {"uid": "4599455", "content": "1"}, {"uid": "379278118", "content": "2"}, {"uid": "66695", "content": "2"}, {"uid": "282172312", "content": "2"}, {"uid": "291113455", "content": "1"}, {"uid": "29379508", "content": "2"}, {"uid": "11021391", "content": "2"}, {"uid": "22765357", "content": "2"}, {"uid": "456278309", "content": "1"}, {"uid": "75965312", "content": "2"}, {"uid": "182744161", "content": "2"}, {"uid": "4525755", "content": "2"}, {"uid": "4023175", "content": "2"}, {"uid": "38253577", "content": "1"}, {"uid": "2165632", "content": "2"}, {"uid": "8314891", "content": "2"}, {"uid": "1399266", "content": "2"}, {"uid": "1765435", "content": "2"}, {"uid": "272739268", "content": "1"}, {"uid": "1281497", "content": "1"}, {"uid": "57588", "content": "2"}, {"uid": "24378334", "content": "2"}, {"uid": "470645749", "content": "2"}, {"uid": "50460444", "content": "2"}, {"uid": "279323", "content": "图 灵 测 试"}, {"uid": "97217948", "content": "希希数学第一"}, {"uid": "97217948", "content": "哈哈哈哈"}, {"uid": "384637", "content": "DNA动了"}, {"uid": "384637", "content": "过载了"}, {"uid": "37865026", "content": "希希果然是牛牛吧"}, {"uid": "26150080", "content": "逐位异或"}, {"uid": "26150080", "content": "左移三位"}, {"uid": "26150080", "content": "左移3位"}, {"uid": "14651140", "content": "哈哈哈"}, {"uid": "429632118", "content": "哈哈哈哈哈"}, {"uid": "22773837", "content": "好家伙"}, {"uid": "14651140", "content": "光速计算中"}, {"uid": "429632118", "content": "希希是牛牛"}, {"uid": "1608908", "content": "删库跑路～"}, {"uid": "39411662", "content": "草"}, {"uid": "280515656", "content": "这么多jump差评"}, {"uid": "305661915", "content": "白神遥化"}, {"uid": "125294191", "content": "直播间有猪但我不说是谁"}, {"uid": "4062798", "content": "有人是猪，但我不说是谁"}, {"uid": "21560660", "content": "啊这"}, {"uid": "2201628", "content": "到底谁是猪我想大家都知道了"}, {"uid": "326919", "content": "快速幂了解一下"}, {"uid": "7909989", "content": "草"}, {"uid": "399197477", "content": "骂游戏的屑"}, {"uid": "21648202", "content": "猪脑过载"}, {"uid": "22420132", "content": "弔图一堆"}, {"uid": "352411", "content": "草"}, {"uid": "88011462", "content": "草"}, {"uid": "43783608", "content": "牛牛已经会了，牛牛好聪明，牛牛好天才"}, {"uid": "23979248", "content": "直接什么了？"}, {"uid": "8263167", "content": "少壮不努力，老大vtb"}, {"uid": "297675596", "content": "学废了学废了"}, {"uid": "14651140", "content": "草"}]