[{"uid": "455269421", "content": "《负增长》"}, {"uid": "399926630", "content": "这可是你说的"}, {"uid": "31804554", "content": "打成一片（物理）"}, {"uid": "205459135", "content": "打成一片（物理）"}, {"uid": "185515484", "content": "守夜人风评被害（"}, {"uid": "557127", "content": "WWE"}, {"uid": "422487202", "content": "《狂 喜》"}, {"uid": "20983966", "content": "你答我问"}, {"uid": "9617099", "content": "哈↑哈↓大笑"}, {"uid": "418290477", "content": "预防新型网络诈骗"}, {"uid": "206583", "content": "你才是哈宝儿"}, {"uid": "612424970", "content": "打成一片（物理）"}, {"uid": "34518556", "content": "你才是哈板儿"}, {"uid": "104655981", "content": "你才是哈宝儿"}, {"uid": "436089929", "content": "哈哈哈哈哈"}, {"uid": "6190465", "content": "可↑爱↓"}, {"uid": "625817354", "content": "发SC的时候(确信)"}, {"uid": "37513210", "content": "打成一团（物理）"}, {"uid": "2720956", "content": "这个哈哈对味了"}, {"uid": "1853351", "content": "好家伙，成负的了"}, {"uid": "32423963", "content": "打成一团（物理）"}, {"uid": "28667796", "content": "哈↓哈↑大笑"}, {"uid": "651993634", "content": "打成一片（物理）"}, {"uid": "136043", "content": "可是总督只能一个月一个月上（"}, {"uid": "2090044", "content": "打劫是吧"}, {"uid": "6522294", "content": "科普：哈板（川渝方言）是笨笨的意思"}, {"uid": "33538463", "content": "这下欧亨利了"}, {"uid": "1672820", "content": "打成一片（物理）"}, {"uid": "1698481", "content": "哈哈哈哈"}, {"uid": "351753197", "content": "三句话让牛牛讲了三句话"}, {"uid": "1451236", "content": "小话痨独角兽"}, {"uid": "1676165", "content": "預言 大師"}, {"uid": "181666", "content": "打成一片（物理）"}, {"uid": "589879888", "content": "?你在想peach"}, {"uid": "97217948", "content": "哈↑哈↓大笑"}, {"uid": "49732", "content": "已经超过三句了！"}, {"uid": "369829", "content": "哈哈哈哈哈"}, {"uid": "6431072", "content": "活在梦里"}, {"uid": "6941016", "content": "打成一片(物理)"}, {"uid": "436089929", "content": "哈哈哈哈哈"}, {"uid": "20742990", "content": "也就1.8个守夜人啊"}, {"uid": "481532458", "content": "哈哈哈哈哈哈哈哈"}, {"uid": "124665656", "content": "哈哈哈哈哈哈哈哈哈哈哈哈哈"}, {"uid": "75983566", "content": "打（物理）"}, {"uid": "37513210", "content": "视频投币上限二个（悲）"}, {"uid": "11778532", "content": "哈哈哈哈哈哈"}, {"uid": "32423963", "content": "你才是哈板儿哦"}, {"uid": "4062798", "content": "打成一片（物理）"}, {"uid": "8564690", "content": "哈哈哈哈哈哈"}, {"uid": "1597017", "content": "欺负我听不懂方言吗？？"}, {"uid": "12672555", "content": "肯定是打sc的时候最帅啊"}, {"uid": "40632764", "content": "四川人震怒"}, {"uid": "32352767", "content": "打成一片（物理）"}, {"uid": "1676165", "content": "ScSc"}, {"uid": "87849964", "content": "？？？？希宝是西南这边的？？"}, {"uid": "6121773", "content": "打成一片（物理）"}, {"uid": "84671972", "content": "打成一团（物理）"}, {"uid": "37872262", "content": "四川人震怒"}, {"uid": "23362230", "content": "哈哈哈哈"}, {"uid": "3501566", "content": "手打牛丸？"}, {"uid": "296256", "content": "牛牛！牛牛牛牛！"}, {"uid": "384637", "content": "明抢是吧"}, {"uid": "446619556", "content": "打成一片变成一团了"}, {"uid": "21205574", "content": "四川人震怒"}, {"uid": "7539356", "content": "哈哈哈哈"}, {"uid": "27279919", "content": "哈哈哈哈哈哈"}, {"uid": "14952842", "content": "我永远单挑希亚娜！"}, {"uid": "2775138", "content": "哈哈哈"}, {"uid": "8154476", "content": "开桃园"}, {"uid": "206583", "content": "明抢？"}, {"uid": "73674638", "content": "哈哈哈"}, {"uid": "9616666", "content": "哈哈大笑"}, {"uid": "24150171", "content": "《打成一片》"}, {"uid": "89703810", "content": "重庆人震怒"}, {"uid": "32878480", "content": "明抢了"}, {"uid": "435628439", "content": "打成一片（物理）"}, {"uid": "11527146", "content": "明抢是吧"}, {"uid": "133635770", "content": "打成一片（物理）"}, {"uid": "4789311", "content": "笑死"}, {"uid": "1590901", "content": "希希有十万个视频？好耶！"}, {"uid": "88011462", "content": "草已经在笑了"}, {"uid": "589879888", "content": "打成一片（物理）"}, {"uid": "7916556", "content": "好御的声线"}, {"uid": "15682438", "content": "登舰"}, {"uid": "62070632", "content": "伞兵"}, {"uid": "429632118", "content": "来了来了"}, {"uid": "161031228", "content": "？？？？？？？"}, {"uid": "1631946", "content": "？？？？？"}, {"uid": "15990509", "content": "哈宝儿"}, {"uid": "52110191", "content": "舍友代播是吗"}, {"uid": "1304580", "content": "哈哈哈"}, {"uid": "352411", "content": "？？？？？"}, {"uid": "615353", "content": "cr狂喜"}, {"uid": "38644463", "content": "哈哈哈"}, {"uid": "23698302", "content": "打成一片（物理）"}, {"uid": "4062798", "content": "？？？？？？？"}, {"uid": "34173864", "content": "这礼乐可太带了"}, {"uid": "1729042", "content": "比手畫腳"}, {"uid": "346315905", "content": "hhhhh"}, {"uid": "545652513", "content": "？？？？？"}, {"uid": "580356043", "content": "哈哈哈哈"}, {"uid": "73808927", "content": "敢不敢和我比划比划？！"}, {"uid": "174488913", "content": "笑死"}, {"uid": "243796444", "content": "希希是debu"}, {"uid": "186658065", "content": "伞兵"}, {"uid": "37865026", "content": "hhhhh"}, {"uid": "214032325", "content": "笑死"}, {"uid": "136043", "content": "泡沫经济十八"}, {"uid": "2372268", "content": "？？？？？"}, {"uid": "8648597", "content": "超负荷是吧"}, {"uid": "337724029", "content": "坏了，这牛通人性了"}, {"uid": "37872804", "content": "woc"}, {"uid": "242774031", "content": "勇敢牛牛，不怕困难"}, {"uid": "134591097", "content": "谢谢您"}, {"uid": "270374045", "content": "草耶"}, {"uid": "13918667", "content": "笑死"}, {"uid": "88995784", "content": "芝"}, {"uid": "407198952", "content": "发sc的时候"}, {"uid": "2740360", "content": "草"}, {"uid": "23362230", "content": "草"}, {"uid": "400809891", "content": "草"}, {"uid": "31804554", "content": "草"}, {"uid": "14430997", "content": "？"}, {"uid": "15682438", "content": "通 人 性"}, {"uid": "315585996", "content": "三句话，让我做了个美梦"}, {"uid": "429632118", "content": "你才是"}, {"uid": "7846303", "content": "你再骂！"}, {"uid": "11342575", "content": "打成一团（动词）"}, {"uid": "11342575", "content": "草"}, {"uid": "185515484", "content": "？？？"}, {"uid": "185515484", "content": "草"}, {"uid": "209522132", "content": "得 陇 望 蜀"}, {"uid": "18640547", "content": "？？？"}, {"uid": "21639219", "content": "？？？"}, {"uid": "97217948", "content": "???"}, {"uid": "19731959", "content": "希希好活"}, {"uid": "1630121", "content": "头笑秃了"}, {"uid": "70714556", "content": "？"}, {"uid": "1722211649", "content": "？"}, {"uid": "532784477", "content": "孩子，该醒醒啦！"}, {"uid": "1524680296", "content": "三句话让我爸一秒钟抽我18下"}, {"uid": "123736448", "content": "草"}, {"uid": "352509036", "content": "草！"}, {"uid": "21550586", "content": "在哪打？你家还是我家"}, {"uid": "143580", "content": "你再骂？！"}, {"uid": "6164849", "content": "？"}, {"uid": "437301957", "content": "？？？"}, {"uid": "230798", "content": "你再骂"}, {"uid": "612424970", "content": "草"}, {"uid": "7539356", "content": "？"}, {"uid": "24213285", "content": "？？？"}, {"uid": "266710480", "content": "你哈ber！！"}, {"uid": "26068454", "content": "百  年  如  一  梦"}, {"uid": "163281", "content": "草"}, {"uid": "11585931", "content": "？？？"}, {"uid": "2777381", "content": "锤子哦，你再骂！"}, {"uid": "33556516", "content": "你很闲吗"}, {"uid": "29019722", "content": "贪 得 无 厌"}, {"uid": "26505753", "content": "冲 出 亚 洲"}, {"uid": "208043", "content": "坠 入 虚 空"}, {"uid": "208043", "content": "给一万个视频点十万个赞，那最后等于没点啊"}, {"uid": "208043", "content": "精 通 人 性"}, {"uid": "21183232", "content": "好活草"}, {"uid": "282441161", "content": "？？？？"}, {"uid": "282441161", "content": "草"}, {"uid": "847627", "content": "这只牛没睡醒吧？"}, {"uid": "6931450", "content": "草"}, {"uid": "5950001", "content": "？"}, {"uid": "206583", "content": "草"}, {"uid": "2258193", "content": "？？？"}, {"uid": "3038448", "content": "110"}, {"uid": "73674638", "content": "？？？"}, {"uid": "19784544", "content": "你再骂？"}, {"uid": "37865026", "content": "草"}, {"uid": "9616666", "content": "？？？？？？？？？？？？"}, {"uid": "3371929", "content": "？"}, {"uid": "458181976", "content": "牛牛憨憨"}, {"uid": "352411", "content": "草"}, {"uid": "3189600", "content": "抢钱啊"}, {"uid": "352411", "content": "想屁吃"}, {"uid": "34703901", "content": "？"}, {"uid": "89703810", "content": "中国人已经不够了对吗"}, {"uid": "8002633", "content": "草"}, {"uid": "174220030", "content": "？？？"}, {"uid": "8021583", "content": "草"}, {"uid": "11239677", "content": "大过年的你没事干嘛 你不会真的喜欢我吧(doge)"}, {"uid": "287457026", "content": "草"}, {"uid": "6459518", "content": "你再骂"}, {"uid": "757106", "content": "草"}, {"uid": "409623896", "content": "草"}, {"uid": "3828950", "content": "锤子哦"}, {"uid": "409623896", "content": "卄"}, {"uid": "651993634", "content": "涨粉鬼才"}, {"uid": "342903957", "content": "？？？"}, {"uid": "39411662", "content": "？？？"}, {"uid": "1206546812", "content": "什么劫匪"}, {"uid": "1791955", "content": "草"}, {"uid": "39411662", "content": "草"}, {"uid": "39411662", "content": "草"}, {"uid": "34522335", "content": "跟个哈巴一样"}, {"uid": "23698302", "content": "草"}, {"uid": "4062798", "content": "草"}, {"uid": "4062798", "content": "编弹幕是吧？"}, {"uid": "4062798", "content": "你再骂？"}, {"uid": "4062798", "content": "希希你是最胖的！"}, {"uid": "37603096", "content": "希希你个瓜娃子"}, {"uid": "245100357", "content": "笨蛋"}, {"uid": "10857120", "content": "所以牛牛有两亿一千四百万粉丝？"}, {"uid": "10579112", "content": "草"}, {"uid": "436361810", "content": "什么也不干的懒牛牛"}, {"uid": "267317620", "content": "你再骂！"}, {"uid": "267317620", "content": "希希真胖"}, {"uid": "11131285", "content": "疯牛病了属于"}, {"uid": "39274453", "content": "你再骂！（你这头肥牛！）"}, {"uid": "13918667", "content": "你再骂"}, {"uid": "2494856", "content": "通人性的牛牛"}, {"uid": "1672820", "content": "牛牛最胖！"}, {"uid": "185882516", "content": "你在想屁吃"}, {"uid": "10072689", "content": "你再骂"}, {"uid": "10072689", "content": "草"}, {"uid": "1698481", "content": "什么粉什么v好吧"}, {"uid": "574651632", "content": "？"}, {"uid": "2745155", "content": "你敢说我就敢取关"}, {"uid": "8648597", "content": "看一辈子是吧"}, {"uid": "291028083", "content": "草"}, {"uid": "5185535", "content": "？？？？？？"}, {"uid": "239686428", "content": "牛牛好吃"}, {"uid": "351753197", "content": "？"}, {"uid": "610463", "content": "？"}, {"uid": "9972335", "content": "？？"}, {"uid": "1729042", "content": "???"}, {"uid": "1729042", "content": "先發一萬個視頻~才有辦法看1萬個阿"}, {"uid": "472335101", "content": "？"}, {"uid": "256196172", "content": "草"}, {"uid": "2474312", "content": "你再骂"}, {"uid": "2474312", "content": "希希好胖！"}, {"uid": "101321462", "content": "?"}, {"uid": "67111875", "content": "草好活"}, {"uid": "14193675", "content": "草"}, {"uid": "3827357", "content": "草"}, {"uid": "38982153", "content": "草"}, {"uid": "38982153", "content": "抢钱啊"}, {"uid": "38982153", "content": "草"}, {"uid": "38982153", "content": "草"}, {"uid": "33660", "content": "打成一片（物理），然后被打成一片（手切肥牛）"}, {"uid": "5973948", "content": "春牛"}, {"uid": "5973948", "content": "首先你得有这么多视频"}, {"uid": "47733964", "content": "管人痴了属于是"}, {"uid": "5973948", "content": "你再骂？"}, {"uid": "6676614", "content": "草"}, {"uid": "13241430", "content": "？？？？"}, {"uid": "36169346", "content": "那希希你得先做1万个视频"}, {"uid": "382130842", "content": "你再骂！"}, {"uid": "8861851", "content": "四川这边的？"}, {"uid": "73894960", "content": "你只会水1w动态"}, {"uid": "367487279", "content": "虚 空  直 播"}, {"uid": "68060881", "content": "草"}, {"uid": "3166081", "content": "？"}, {"uid": "589879888", "content": "?你再骂"}, {"uid": "3324370", "content": "草"}, {"uid": "84671972", "content": "可是你总共也只有59个视频啊"}, {"uid": "84671972", "content": "希希真胖！"}, {"uid": "20068589", "content": "好活"}, {"uid": "5696150", "content": "精通人性的牛牛"}, {"uid": "27291023", "content": "你再骂！"}, {"uid": "171170539", "content": "草"}, {"uid": "11186884", "content": "草"}, {"uid": "22423657", "content": "草"}, {"uid": "2851600", "content": "好活"}]