[{"uid": "352962266", "content": "摸了"}, {"uid": "252680600", "content": "《蓄谋已久》"}, {"uid": "34365", "content": "屑女人"}, {"uid": "22205615", "content": "这种时候就应该旋转掘进挖下去"}, {"uid": "110395450", "content": "MT实锤"}, {"uid": "9983157", "content": "你 什么都没干"}, {"uid": "345903981", "content": "摔死的"}, {"uid": "570569", "content": "世界名画《希希在打末影龙》"}, {"uid": "35760206", "content": "草 有个洋葱"}, {"uid": "2375330", "content": "贻误战机，希希当斩！（"}, {"uid": "47122712", "content": "“我大发慈悲地认错了，你要诚心诚意地原谅我”"}, {"uid": "149220575", "content": "你别看它的头啊"}, {"uid": "59885647", "content": "这整个落地水是不是可以？"}, {"uid": "17784911", "content": "倒水啊"}, {"uid": "6620231", "content": "危"}, {"uid": "10424359", "content": "？"}, {"uid": "20145", "content": "牛头马面！"}, {"uid": "2268837", "content": "拿着最好的装备 潜着最深的海"}, {"uid": "125294191", "content": "《 结 束 了 》"}, {"uid": "26644301", "content": "装备里出个诅咒让她知道人心险恶"}, {"uid": "481431629", "content": "最高等级套装自带属性比钻石甲还硬"}, {"uid": "26937214", "content": "牦牛草"}, {"uid": "320298", "content": "这里改成三百五十六里路别有一番风味"}, {"uid": "37855316", "content": "这个mod末地还是黑的草"}, {"uid": "37855316", "content": "没保护三，下界合金也是脆"}, {"uid": "10617114", "content": "歹人休走，吃我一拳"}, {"uid": "10617114", "content": "你当肉盾被打之外还有啥用吗（doge）"}, {"uid": "66972225", "content": "禁止投食"}, {"uid": "591504322", "content": "信你个鬼"}, {"uid": "159081833", "content": "这是牛皮肤哈哈"}, {"uid": "159081833", "content": "摸哪儿呢！"}, {"uid": "159081833", "content": "这钢铁侠摇头笑死我了"}, {"uid": "159081833", "content": "有的人活着，她已经4了"}, {"uid": "8197006", "content": "没错，这个是本音（"}, {"uid": "389603893", "content": "我没得选"}, {"uid": "38003291", "content": "狗狗"}, {"uid": "3765945", "content": "干脆整箱子拿了算了"}, {"uid": "38019964", "content": "这个老哥，好像是第一个摔死的？？？"}, {"uid": "2907196", "content": "给点w"}, {"uid": "169532651", "content": "不是延迟，刚刚掉门里了"}, {"uid": "169532651", "content": "看到床就知道结局了"}, {"uid": "84671972", "content": "你手上的是什么？"}, {"uid": "84671972", "content": "血压起来了"}, {"uid": "6970335", "content": "#希希因为太摸鱼被小黑们追着打屁股#"}, {"uid": "5757985", "content": "摸了"}, {"uid": "37646306", "content": "毛了"}, {"uid": "429518", "content": "2"}, {"uid": "160112638", "content": "1"}, {"uid": "8564690", "content": "2"}, {"uid": "661539102", "content": "2"}, {"uid": "423158246", "content": "2"}, {"uid": "517962311", "content": "2"}, {"uid": "764380", "content": "1"}, {"uid": "365319267", "content": "1"}, {"uid": "2470863", "content": "2"}, {"uid": "21799358", "content": "1"}, {"uid": "86809749", "content": "1"}, {"uid": "13270019", "content": "2"}, {"uid": "226277369", "content": "2"}, {"uid": "162697064", "content": "2"}, {"uid": "37500724", "content": "2"}, {"uid": "1876620", "content": "1"}, {"uid": "12351094", "content": "1"}, {"uid": "745098", "content": "2"}, {"uid": "162691235", "content": "2"}, {"uid": "249582751", "content": "2"}, {"uid": "6531826", "content": "2"}, {"uid": "8536400", "content": "2"}, {"uid": "33040309", "content": "2"}, {"uid": "262450111", "content": "2"}, {"uid": "23648445", "content": "2"}, {"uid": "8302640", "content": "2"}, {"uid": "12467098", "content": "2"}, {"uid": "27641480", "content": "2"}, {"uid": "122423", "content": "2"}, {"uid": "3929122", "content": "2"}, {"uid": "3143612", "content": "2"}, {"uid": "115324", "content": "2"}, {"uid": "3599140", "content": "2"}, {"uid": "12039679", "content": "2"}, {"uid": "2441032", "content": "2"}, {"uid": "497893", "content": "2"}, {"uid": "391887899", "content": "2"}, {"uid": "37666366", "content": "2"}, {"uid": "3348942", "content": "1"}, {"uid": "417436", "content": "2"}, {"uid": "350967013", "content": "2"}, {"uid": "614602600", "content": "2"}, {"uid": "40080777", "content": "2"}, {"uid": "225462990", "content": "2"}, {"uid": "49067873", "content": "2"}, {"uid": "305217172", "content": "1"}, {"uid": "7430622", "content": "2"}, {"uid": "45598562", "content": "1"}, {"uid": "28830603", "content": "2"}, {"uid": "23366441", "content": "1"}, {"uid": "32198236", "content": "2"}, {"uid": "11587934", "content": "2"}, {"uid": "27211110", "content": "2"}, {"uid": "204436216", "content": "2"}, {"uid": "24440799", "content": "2"}, {"uid": "79891938", "content": "2"}, {"uid": "94337622", "content": "2"}, {"uid": "37336704", "content": "但下次还敢"}, {"uid": "53385003", "content": "希希人呢？233333"}, {"uid": "37336704", "content": "结 束 了"}, {"uid": "104655981", "content": "牛牛在骑马来的路上"}, {"uid": "344706631", "content": "草，这牵了个什么啊?kuso"}, {"uid": "4211233", "content": "哈哈哈哈"}, {"uid": "27750908", "content": "回收开头"}, {"uid": "174533459", "content": "像极了被踩着尾巴的狗狗"}, {"uid": "254088638", "content": "好高的延迟"}, {"uid": "399211813", "content": "牵着牛"}, {"uid": "59885647", "content": "床？？？？！"}, {"uid": "12651745", "content": "电视购物"}, {"uid": "2629851", "content": "奶狗叫whl"}, {"uid": "21526969", "content": "我牵着牛"}, {"uid": "10579112", "content": "给点给点www"}, {"uid": "675979", "content": "牵着牛"}, {"uid": "4211233", "content": "经典战场逛淘宝 笑死"}, {"uid": "1791955", "content": "不对，这是牛啊"}, {"uid": "2375330", "content": "经典骇人鲸"}, {"uid": "21708388", "content": "希希希希彻底学坏了"}, {"uid": "2629851", "content": "哈哈哈哈哈哈哈哈哈哈哈"}, {"uid": "37855316", "content": "这套装有点东西"}, {"uid": "429632118", "content": "来了来了"}, {"uid": "159081833", "content": "末影人一把抓住牛囤"}, {"uid": "12352836", "content": "末地玩床？？？"}, {"uid": "143564249", "content": "草"}, {"uid": "11167521", "content": "捡了个寂寞"}, {"uid": "23762888", "content": "哈哈哈哈哈哈哈"}, {"uid": "6131415", "content": "给亿点"}, {"uid": "28310552", "content": "毛 人 希"}, {"uid": "561780", "content": "白龙牛"}, {"uid": "27750908", "content": "不是马，是牛牛"}, {"uid": "45312365", "content": "太草了"}, {"uid": "254088638", "content": "草"}, {"uid": "351975302", "content": "chu~"}, {"uid": "26628492", "content": "真·吃瓜群众"}, {"uid": "121920", "content": "草 洛克人bgm"}, {"uid": "26937214", "content": "希游记草"}, {"uid": "435438982", "content": "细增游难"}, {"uid": "1559924", "content": "才看到右下角牛高达www"}, {"uid": "38003291", "content": "哇和我家狗狗一个声音"}, {"uid": "675979", "content": "还好没来哦"}, {"uid": "288585004", "content": "草 给点"}, {"uid": "8988076", "content": "？？？？"}, {"uid": "23762888", "content": "哈哈哈哈哈哈哈哈哈哈"}, {"uid": "36324515", "content": "牦牛"}, {"uid": "4469038", "content": "草"}, {"uid": "278471451", "content": "牛魔王"}, {"uid": "6729269", "content": "狗头人希希"}, {"uid": "777520", "content": "在路上了"}, {"uid": "2324029", "content": "村好剑"}, {"uid": "42309576", "content": "给点给点"}, {"uid": "22991633", "content": "草"}, {"uid": "561780", "content": "灵 异 事 件"}, {"uid": "604757897", "content": "你不是高ping战士"}, {"uid": "12651745", "content": "23333"}, {"uid": "121264443", "content": "哈哈哈哈哈哈哈哈哈哈哈哈"}, {"uid": "131962", "content": " 这是牛吧"}, {"uid": "37855316", "content": "可不是攒出来的吗，一天的碎片量www"}, {"uid": "17149397", "content": "小狗叫"}, {"uid": "38460558", "content": "365里路哟~~"}, {"uid": "523984", "content": "？"}, {"uid": "11191284", "content": "给点给点"}, {"uid": "344706631", "content": "记住这个床！"}, {"uid": "1366391", "content": "哈哈哈哈哈"}, {"uid": "86718074", "content": "太草了"}, {"uid": "650707993", "content": "草"}, {"uid": "178074389", "content": "hso"}, {"uid": "546120330", "content": "你需要来点薄荷糖"}, {"uid": "604757897", "content": "好菜"}, {"uid": "6620231", "content": "摸了"}, {"uid": "429632118", "content": "草"}, {"uid": "11925939", "content": "钢铁侠觉得不行"}, {"uid": "561780", "content": "死了，但没完全死"}, {"uid": "15272612", "content": "我的我的都是我的！"}, {"uid": "14166404", "content": "不能"}, {"uid": "27048448", "content": "草"}, {"uid": "15784954", "content": "给点给点"}, {"uid": "6970335", "content": "难度增加max"}, {"uid": "32423963", "content": "草"}, {"uid": "7117138", "content": "hobo啊"}, {"uid": "761900", "content": "故意的草"}, {"uid": "13109380", "content": "草"}, {"uid": "1791955", "content": "gan"}, {"uid": "384637", "content": "床？"}, {"uid": "384637", "content": "希瓜片"}, {"uid": "384637", "content": "乞求者"}, {"uid": "267317620", "content": "草"}, {"uid": "7541368", "content": "草"}, {"uid": "215928567", "content": "动量带到末地了，不灵异"}, {"uid": "3391392", "content": "hhhhhhhhhh"}, {"uid": "3630081", "content": "高PING战士"}, {"uid": "208010860", "content": "结束了"}, {"uid": "628995749", "content": "哈哈哈"}, {"uid": "159081833", "content": "希游记"}, {"uid": "14141665", "content": "草"}, {"uid": "84671972", "content": "这游戏风格跟某个丢人狗头人如出一辙……"}, {"uid": "8988076", "content": "等等你要干什么"}, {"uid": "37646306", "content": "草"}, {"uid": "22986750", "content": "给点给点"}, {"uid": "278471451", "content": "牦牛"}, {"uid": "37336704", "content": "钢铁侠摇头"}, {"uid": "37055", "content": "666"}, {"uid": "761900", "content": "危"}, {"uid": "7535012", "content": "全没了"}, {"uid": "4211233", "content": "哈哈哈哈"}, {"uid": "12556738", "content": "血压拉满"}, {"uid": "1729042", "content": "獄髓裝備!?"}, {"uid": "254088638", "content": "希希什么都没做全程被带飞打龙啊"}, {"uid": "17792597", "content": "草"}, {"uid": "352659296", "content": "喂牛呢"}, {"uid": "7428076", "content": "屑"}, {"uid": "22093138", "content": "什么mt"}, {"uid": "5207187", "content": "哈哈哈"}, {"uid": "15712027", "content": "3"}, {"uid": "143564249", "content": "草"}, {"uid": "638246", "content": "草"}, {"uid": "1876620", "content": "床伏笔？"}, {"uid": "16209", "content": "2333333"}, {"uid": "3773507", "content": "哈哈哈哈"}, {"uid": "9994946", "content": "hso"}, {"uid": "163938960", "content": "草"}, {"uid": "10071738", "content": "草"}, {"uid": "86718074", "content": "草"}, {"uid": "254088638", "content": "乞讨流"}, {"uid": "5987688", "content": "草"}, {"uid": "7554731", "content": "？"}, {"uid": "604757897", "content": "落地水就完事了"}, {"uid": "36466406", "content": "哈哈哈"}, {"uid": "131962", "content": "你就是mt本牛？"}, {"uid": "227530491", "content": "伏笔"}, {"uid": "26937214", "content": "草"}, {"uid": "73827141", "content": "狗狗叫"}, {"uid": "245669", "content": "草"}, {"uid": "4795758", "content": "草"}, {"uid": "109389235", "content": "3"}, {"uid": "344706631", "content": "哈哈哈哈哈哈哈"}, {"uid": "15933149", "content": "？？？？"}, {"uid": "399211813", "content": "？"}, {"uid": "10579112", "content": "草"}, {"uid": "38003291", "content": "草"}, {"uid": "514665", "content": "草"}]