[{"uid": "171479400", "content": "猫咪使用反击"}, {"uid": "5937392", "content": "绝育了槽哈哈哈哈"}, {"uid": "41925658", "content": "兄弟们，只虫是什么游戏？和只狼一样吗？（doge）"}, {"uid": "556032843", "content": "这糟糕的台词"}, {"uid": "13367938", "content": "杀虫剂含有菊酯，对猫有毒"}, {"uid": "37055", "content": "键盘走的很安详"}, {"uid": "157979", "content": "每个人的家里都有猫猫"}, {"uid": "401099828", "content": "不愧是你"}, {"uid": "308492696", "content": "海——盗——船——"}, {"uid": "21183232", "content": "阿船，你又在DD哦"}, {"uid": "15148042", "content": "蜘蛛属于节肢动物（蜘蛛侠如是说）"}, {"uid": "17784911", "content": "哈哈哈哈哈哈哈"}, {"uid": "544024095", "content": "哈哈哈哈"}, {"uid": "16134994", "content": "蜘蛛不是昆虫，后期小朋友记住了嘛"}, {"uid": "429632118", "content": "来了来了！"}, {"uid": "4379107", "content": "只虫：影逝二度"}, {"uid": "8844791", "content": "蜘 蛛 子"}, {"uid": "27044763", "content": "吊图一堆.jpg"}, {"uid": "24139", "content": "草，阿船又用公费DD"}, {"uid": "22131282", "content": "c语言"}, {"uid": "11743521", "content": "只虫？我知道，是空洞骑士（？？）"}, {"uid": "10857120", "content": "床被猫尿对穿，键盘被杀虫剂尿（？）对穿，不愧是你"}, {"uid": "2409157", "content": "猫随主人得出希希很重"}, {"uid": "116132", "content": "弔图一堆"}, {"uid": "30579781", "content": "应该是抓蟑螂的那种高脚蛛"}, {"uid": "23762888", "content": "草   DD船"}, {"uid": "3741", "content": "好家伙 包的好严实"}, {"uid": "2921530", "content": "《卑微》"}, {"uid": "1339393", "content": "怕是养了只猪（）"}, {"uid": "71252293", "content": "蜘--蛛--"}, {"uid": "38018678", "content": "猫猫：大概是没有"}, {"uid": "79902177", "content": "换套新的指猫和键盘"}, {"uid": "202290861", "content": "小嘴抹蜜？"}, {"uid": "22773837", "content": "好傢伙心疼鍵盤"}, {"uid": "248899839", "content": "蜘蛛不是虫。。。"}, {"uid": "19683002", "content": "养了个橘猪？"}, {"uid": "6677", "content": "我要是猫猫我就骂牛牛屁用没有"}, {"uid": "401099828", "content": "猫危"}, {"uid": "12891523", "content": "弔图一堆"}, {"uid": "108745999", "content": "估计是高额白脚蛛"}, {"uid": "51202585", "content": "有只猪！"}, {"uid": "6385195", "content": "没关系，可以买一个新的海盗船的键盘"}, {"uid": "24139", "content": "你不要过来啊啊啊啊啊啊"}, {"uid": "39154154", "content": "我最怕蜘蛛。。"}, {"uid": "1278543039", "content": "消音消了葛寂寞wwwww"}, {"uid": "8633829", "content": "蜘——蛛——"}, {"uid": "11773507", "content": "贼船来卖他们的ip32键盘了"}, {"uid": "22773837", "content": "貓有點慘"}, {"uid": "406349620", "content": "老dd了"}, {"uid": "58138017", "content": "哈哈哈"}, {"uid": "401099828", "content": "哪都有你"}, {"uid": "10821792", "content": "这位更是重量级"}, {"uid": "45348721", "content": "希语言"}, {"uid": "61205987", "content": "下次也不一定"}, {"uid": "30402071", "content": "已经没有卵子了(悲)"}, {"uid": "206581", "content": "这家不能要了"}, {"uid": "67911599", "content": "经典笨比哈哈哈"}, {"uid": "377523", "content": "我好像在现场"}, {"uid": "499733", "content": "只虫好玩吗("}, {"uid": "290496781", "content": "表情包太傻了"}, {"uid": "181959228", "content": "没打过"}, {"uid": "11750868", "content": "有bug啊"}, {"uid": "7786667", "content": "虎狼之词"}, {"uid": "35281720", "content": "有 bug"}, {"uid": "28544764", "content": "角断了"}, {"uid": "9271508", "content": "哈哈哈哈哈哈哈哈哈哈哈哈哈哈"}, {"uid": "4538756", "content": "草"}, {"uid": "91949873", "content": "有只有点多啊"}, {"uid": "84671972", "content": "可是蜘蛛不是昆虫"}, {"uid": "15069346", "content": "DD船真的无处不在"}, {"uid": "32021142", "content": "我哭了"}, {"uid": "643580315", "content": "不要带着黄色眼镜看问题啊"}, {"uid": "490656445", "content": "sekibug"}, {"uid": "6620231", "content": "DD船，我的超人"}, {"uid": "20356753", "content": "关于我转生成蜘蛛秒死这件事"}, {"uid": "11743521", "content": "DD船"}, {"uid": "1027143238", "content": "猫亡了"}, {"uid": "56909534", "content": "蜘蛛那么可爱为什么要杀蜘蛛"}, {"uid": "4320138", "content": "哈哈哈"}, {"uid": "24911306", "content": "猫 我绝育了，没有"}, {"uid": "429632118", "content": "来了！"}, {"uid": "429632118", "content": "来了来了"}, {"uid": "10579112", "content": "草"}, {"uid": "8542147", "content": "只虫"}, {"uid": "159081833", "content": "卧槽，别"}, {"uid": "20865617", "content": "草"}, {"uid": "2840969", "content": "噔噔咚"}, {"uid": "340360939", "content": "rua"}, {"uid": "18722246", "content": "图！"}, {"uid": "283247905", "content": "哈哈哈"}, {"uid": "2375330", "content": "希希。。。凋零了。。。"}, {"uid": "2562852", "content": "草"}, {"uid": "6677", "content": "兄弟们有虫"}, {"uid": "8645666", "content": "有bug！"}, {"uid": "1292223", "content": "下次也不一定"}, {"uid": "3242801", "content": "草"}, {"uid": "64869715", "content": "有bug"}, {"uid": "5594510", "content": "有考虑海盗船吗"}, {"uid": "1921752", "content": "换海盗船"}, {"uid": "16240383", "content": "！！"}, {"uid": "1493626", "content": "进水的键盘抽了，换海盗船吧"}, {"uid": "159081833", "content": "没卵用怪谁，还不是你把他绝育了"}, {"uid": "1278543039", "content": "弔图一堆"}, {"uid": "189865", "content": "吊图一堆"}, {"uid": "32021142", "content": "隻虫"}, {"uid": "527495238", "content": "离我远点"}, {"uid": "219799886", "content": "小麦"}, {"uid": "11743521", "content": "草"}, {"uid": "191184", "content": "我擦 我擦"}, {"uid": "22118413", "content": "d y i n g"}, {"uid": "3999470", "content": "惹啊"}, {"uid": "20195026", "content": "有也被你弄没了"}, {"uid": "26937214", "content": "草"}, {"uid": "544024095", "content": "蜘蛛子"}, {"uid": "544024095", "content": "？？？？？？"}, {"uid": "22118413", "content": "在现场"}, {"uid": "5100854", "content": "蜘蛛是虫吗？"}, {"uid": "11743521", "content": "草"}, {"uid": "406349620", "content": "？"}, {"uid": "439819", "content": "快快快快快"}, {"uid": "170113516", "content": "草"}, {"uid": "105631096", "content": "哈哈哈"}, {"uid": "544024095", "content": "哇！"}, {"uid": "889930", "content": "蜘蛛不是昆虫，但它是虫，虫不等于昆虫"}, {"uid": "5790137", "content": "海盗船？"}, {"uid": "245669", "content": "草"}, {"uid": "10821792", "content": "要被只虫忍杀了"}, {"uid": "429632118", "content": "来了"}, {"uid": "130654", "content": "什么傻子"}, {"uid": "5683348", "content": "我要是希亚娜我就骂猫猫屁用没有"}, {"uid": "486019", "content": "评论啥"}, {"uid": "27402145", "content": "库——玛——"}, {"uid": "3510653", "content": "快快快快快快快"}, {"uid": "33693906", "content": "找沃玛"}, {"uid": "191155969", "content": "中文里虫可以指代动物，老虎就叫大虫，你不能说老虎是昆虫吧"}, {"uid": "355650540", "content": "草"}, {"uid": "401099828", "content": "啊——啊——啊——啊——啊——啊——啊——"}]