[{"uid": "4832325", "content": "哈哈哈哈希希破音"}, {"uid": "873118", "content": "让  我  访  问"}, {"uid": "4023175", "content": "牛牛，你的爽到，别人不懂"}, {"uid": "700698", "content": "我做过类似的事情, 把木勺碳化了一部分"}, {"uid": "536114", "content": "波斯风情"}, {"uid": "441381740", "content": "失败料理（确信）"}, {"uid": "441381740", "content": "牛食没有啦"}, {"uid": "142637086", "content": "冷群小能手"}, {"uid": "8844791", "content": "不 买 立 省 百 分 百"}, {"uid": "344706631", "content": "草草草草草草"}, {"uid": "344706631", "content": "这波啊，这波是感谢哼哼大佬"}, {"uid": "356409255", "content": "然后被野猪人拱成速八"}, {"uid": "84671972", "content": "笨比希希"}, {"uid": "38550786", "content": "《没有了》"}, {"uid": "843137", "content": "力量与农药，喂了部落！"}, {"uid": "5175324", "content": "一般人竟是我自己"}, {"uid": "8943204", "content": "万代：PB限定"}, {"uid": "402958578", "content": "气死偶嘞（俄国老大哥腔）"}, {"uid": "8988076", "content": "草，半截木勺"}, {"uid": "4677339", "content": "好圆润的肚皮"}, {"uid": "401294617", "content": "心机之蛙一直摸你肚子"}, {"uid": "10039113", "content": "但是黑色口罩不是很多都人戴吗hhh"}, {"uid": "29532419", "content": "汤姆变大药"}, {"uid": "933957", "content": "尿对穿"}, {"uid": "406109427", "content": "真实"}, {"uid": "8341876", "content": "真实"}, {"uid": "8341876", "content": "图片仅供参考"}, {"uid": "675979", "content": "健身环（落灰的）"}, {"uid": "8097846", "content": "魔镜啊魔镜，谁是世界上最强的替身使者"}, {"uid": "158526024", "content": "真实"}, {"uid": "3064329", "content": "让我看看"}, {"uid": "443708698", "content": "草，老子在外放，"}, {"uid": "142637086", "content": "又摸了一天好累哦"}, {"uid": "9131508", "content": "一年的运动量"}, {"uid": "4677339", "content": "怎么会把薯片放冰箱里啊！！！"}, {"uid": "159081833", "content": "牛の冰箱"}, {"uid": "159081833", "content": "麻麻的我在外放呢"}, {"uid": "393825984", "content": "让我看看！（震声）"}, {"uid": "4062798", "content": "猫猫能有什么坏心眼呢"}, {"uid": "39718475", "content": "胖三斤!"}, {"uid": "24882391", "content": "月下三希"}, {"uid": "20934536", "content": "草，锅都烧穿了吧"}, {"uid": "700698", "content": "然后你就踏入陷阱啦"}, {"uid": "5721218", "content": "罗爷那有吃的"}, {"uid": "32447868", "content": "裂口女dejavu（"}, {"uid": "4494836", "content": "jo希"}, {"uid": "1940384", "content": "下次还来！"}, {"uid": "3589061", "content": "这是……长条形紫菜包饭"}, {"uid": "343478", "content": "联盟部落"}, {"uid": "228462", "content": "我根本……无法拒绝"}, {"uid": "159081833", "content": "还可以当眼罩"}, {"uid": "401897", "content": "开幕雷击"}, {"uid": "3118871", "content": "开幕雷击"}, {"uid": "23549706", "content": "没 有 了"}, {"uid": "8409742", "content": "奇怪的姿势"}, {"uid": "44521421", "content": "根本拒绝不了"}, {"uid": "11403496", "content": "李荣浩（幻听）"}, {"uid": "4017936", "content": "牛牛物流！"}, {"uid": "10826569", "content": "杂鱼体力希希"}, {"uid": "8097846", "content": "糯米，*都不玩"}, {"uid": "429632118", "content": "真实"}, {"uid": "429632118", "content": "来了来了"}, {"uid": "229034361", "content": "野猪人yyds！"}, {"uid": "38550786", "content": "awsl"}, {"uid": "65186526", "content": "“没有”指堆满冰箱"}, {"uid": "24882391", "content": "草"}, {"uid": "34410203", "content": "牛  车"}, {"uid": "32423963", "content": "木牛流马"}, {"uid": "558554", "content": "草"}, {"uid": "208043", "content": "这体力也太杂鱼了www"}, {"uid": "17010613", "content": "还说你不是牛头人！"}, {"uid": "216412", "content": "圣堂刺客？"}, {"uid": "1631946", "content": "awsl"}, {"uid": "159081833", "content": "手还真像牛蹄子哎"}, {"uid": "4449559", "content": "该歇了"}, {"uid": "204436216", "content": "awsl"}, {"uid": "675979", "content": "根本无法拒绝"}, {"uid": "24239506", "content": "因为色"}, {"uid": "73827141", "content": "草"}, {"uid": "28869871", "content": "一 般 人"}, {"uid": "271215247", "content": "为了部落！"}, {"uid": "344706631", "content": "真香"}, {"uid": "344706631", "content": "你谁?"}, {"uid": "344706631", "content": "awsl"}, {"uid": "74173597", "content": "杂鱼体力"}, {"uid": "208043", "content": "switch就放着吃灰，很真实"}, {"uid": "750751", "content": "戴好戴满"}, {"uid": "50397478", "content": "草"}, {"uid": "275746", "content": "你不是说没有零食了吗=。="}, {"uid": "180406091", "content": "让我康康"}, {"uid": "8943204", "content": "野猪人yyds"}, {"uid": "8988076", "content": "打起来！快打起来！"}, {"uid": "37646306", "content": "草"}, {"uid": "37646306", "content": "真是"}, {"uid": "1483030", "content": "真香"}, {"uid": "1907262", "content": "hso"}, {"uid": "446584137", "content": "无法抗拒"}, {"uid": "446584137", "content": "啊我要中间那个游戏机"}, {"uid": "441381740", "content": "冷群王"}, {"uid": "429632118", "content": "草"}, {"uid": "344706631", "content": "草草草草草草"}, {"uid": "344706631", "content": "草"}, {"uid": "182463030", "content": "hso"}, {"uid": "11569469", "content": "hso"}, {"uid": "30802460", "content": "木牛流马"}, {"uid": "6970335", "content": "哼哼干得好啊"}, {"uid": "291741724", "content": "kksk"}, {"uid": "12731561", "content": "hso"}, {"uid": "700698", "content": "下次一定"}, {"uid": "143564249", "content": "杂牛体力"}, {"uid": "27684367", "content": "HSO!"}, {"uid": "344706631", "content": "好家伙"}, {"uid": "344706631", "content": "好家伙"}, {"uid": "589879888", "content": "HSO"}, {"uid": "74173597", "content": "草"}, {"uid": "21610715", "content": "元素，   都不玩！"}, {"uid": "32146316", "content": "是虚荣心"}, {"uid": "2281084", "content": "hso"}, {"uid": "452282", "content": "到底是联盟还是部落？"}, {"uid": "5696150", "content": "让我康康！"}, {"uid": "4887565", "content": "不要！"}, {"uid": "33147", "content": "？？？"}, {"uid": "14037876", "content": "苹果卖手机就是卖你这种人吧"}, {"uid": "143564249", "content": "牛杂体力"}, {"uid": "441381740", "content": "hso"}, {"uid": "101962542", "content": "你就被骗了"}, {"uid": "344706631", "content": "hso"}, {"uid": "467357", "content": "草"}, {"uid": "50397478", "content": "？？？"}, {"uid": "30448289", "content": "太怪了"}, {"uid": "933957", "content": "诺米，狗都不玩"}, {"uid": "365143761", "content": "awsl"}, {"uid": "34832700", "content": "hso"}, {"uid": "56822207", "content": "笑死"}, {"uid": "24372016", "content": "1551"}, {"uid": "651993634", "content": "hso"}]