[{"uid": "2444453", "content": "十三香有了，下锅吧"}, {"uid": "2444453", "content": "你唱的是十三香吧"}, {"uid": "35973793", "content": "果然我喜欢的人都是丈育"}, {"uid": "35973793", "content": "？？？？"}, {"uid": "23804286", "content": "牛牛你别光嚼不咽啊"}, {"uid": "37825567", "content": "牛牛震惊"}, {"uid": "10579112", "content": "草"}, {"uid": "13463994", "content": "这哪没在调上啊"}, {"uid": "24080644", "content": "垮起个小牛批脸.jpg"}, {"uid": "18208014", "content": "生活不易，牛牛叹气"}, {"uid": "5788806", "content": "？？？？？？？"}, {"uid": "1255939087", "content": "丈育牛牛 认字认一半"}, {"uid": "143580", "content": "你唱的是王守义十三香"}, {"uid": "7603945", "content": "试图把我激怒.jpg"}, {"uid": "429632118", "content": "来了来了！"}, {"uid": "429632118", "content": "来了！"}, {"uid": "8495801", "content": "声音太小，听不见"}, {"uid": "6970335", "content": "吓得牛牛直接吃草"}, {"uid": "589879888", "content": "哈哈哈哈哈哈哈"}, {"uid": "344706631", "content": "开幕雷击"}, {"uid": "352411", "content": "牛牛  是牛牛"}, {"uid": "12787904", "content": "《一两句》"}, {"uid": "429632118", "content": "来了来了"}, {"uid": "3510164", "content": "哈哈哈哈"}, {"uid": "278808263", "content": "王阳明"}, {"uid": "143580", "content": "跑调了啊桀桀"}, {"uid": "143580", "content": "？？？"}, {"uid": "2178366", "content": "为什么这样子~"}, {"uid": "23804286", "content": "丈育牛牛"}, {"uid": "86698062", "content": "？"}, {"uid": "32250348", "content": "草"}, {"uid": "429632118", "content": "来了"}, {"uid": "89514622", "content": "伟大的ndwd？"}, {"uid": "497893", "content": "草"}, {"uid": "23762888", "content": "草"}, {"uid": "23804286", "content": "草"}, {"uid": "82361327", "content": "草"}, {"uid": "344706631", "content": "草"}, {"uid": "1278543039", "content": "好可爱"}, {"uid": "88011462", "content": "好耶"}, {"uid": "429632118", "content": "是牛牛"}, {"uid": "94390904", "content": "垮起个牛牛批臉→"}, {"uid": "65418468", "content": "自己给自己混上去了哈哈哈哈"}, {"uid": "65418468", "content": "y1s1这个混音兄弟这两句也没在调上"}, {"uid": "10329974", "content": "被砸场子了"}, {"uid": "6766372", "content": "自信点，不止这几句"}, {"uid": "201270351", "content": "已经开始笑了！"}, {"uid": "12080096", "content": "麻了"}, {"uid": "17194837", "content": "可以呦"}, {"uid": "13783509", "content": "我似乎听见了几段粤语"}, {"uid": "12151738", "content": "小强A杖"}, {"uid": "5700087", "content": "?"}, {"uid": "259427670", "content": "草"}, {"uid": "433250377", "content": "试图把我激怒"}, {"uid": "347428728", "content": "试图把我激怒"}, {"uid": "1940384", "content": "右上角怎么这么憨！"}, {"uid": "27750908", "content": "不至于不至于"}, {"uid": "11773507", "content": "除了最后一句，我真听出来是七里香"}, {"uid": "18415403", "content": "气到吃草"}, {"uid": "5973948", "content": "我Jay粉朋友听到怕不是要心脏骤停"}, {"uid": "5973948", "content": "？"}, {"uid": "1955634", "content": "血 压 飙 升"}, {"uid": "4537032", "content": "地铁老人看手机.jpg"}, {"uid": "181666", "content": "牛 爷 爷"}, {"uid": "58138017", "content": "现出原形"}, {"uid": "15576675", "content": "…"}, {"uid": "15576675", "content": "？"}, {"uid": "13376077", "content": "？？！"}, {"uid": "5294260", "content": "绝活"}, {"uid": "5294260", "content": "草"}, {"uid": "2388725", "content": "被嘲讽了啊"}, {"uid": "401099828", "content": "这就是强者的世界吗"}, {"uid": "401099828", "content": "周董？周董是你吗？"}, {"uid": "401099828", "content": "←咋哪都有海盗船"}, {"uid": "26937214", "content": "草"}, {"uid": "17820716", "content": "卧槽！"}, {"uid": "35001379", "content": "这这"}, {"uid": "512616", "content": "太强了"}, {"uid": "2244887", "content": "高血压唱法"}, {"uid": "20443590", "content": "住口！！！"}, {"uid": "410927962", "content": "牛牛自闭叫什么？来，跟我一起念！牛逼(（闭）！"}, {"uid": "11308341", "content": "她还没有意识到问题的严重性"}, {"uid": "472491943", "content": "这可真实丟牛了"}, {"uid": "472491943", "content": "厉害了"}, {"uid": "472491943", "content": "草"}, {"uid": "472491943", "content": "你确定是这几句词，不是整首歌"}, {"uid": "472491943", "content": "好家伙，你确定是在场，不是再念"}, {"uid": "2259991", "content": "自闭牛牛"}, {"uid": "22901176", "content": "牛牛你这在调上吗"}, {"uid": "3274967", "content": "她笑的多开心啊"}, {"uid": "54792110", "content": "牛牛你别光吃不嚼啊"}, {"uid": "54792110", "content": "希w。希亚娜这个唱我最喜欢了"}, {"uid": "27421060", "content": "草"}, {"uid": "2360303", "content": "牛牛你说话啊"}, {"uid": "10579112", "content": "wwww"}, {"uid": "10579112", "content": "\\不便透露/\\不便透露/\\不便透露/"}, {"uid": "10579112", "content": "草"}, {"uid": "476817", "content": "草"}, {"uid": "32250348", "content": "草"}, {"uid": "32250348", "content": "草"}, {"uid": "31804554", "content": "woc……"}, {"uid": "388900", "content": "调呢"}, {"uid": "18208014", "content": "kksk"}, {"uid": "3592817", "content": "？"}, {"uid": "9340753", "content": "谢谢，已经开始笑了"}, {"uid": "84019990", "content": "草"}, {"uid": "12900452", "content": "tql"}, {"uid": "429632118", "content": "233333"}, {"uid": "429632118", "content": "脸上的笑容渐渐消失"}, {"uid": "429632118", "content": "哈哈哈"}, {"uid": "429632118", "content": "哈哈哈哈"}, {"uid": "1464514", "content": "草"}, {"uid": "8021583", "content": "草"}, {"uid": "11569469", "content": "声音好像牛牛 是本音吗"}, {"uid": "245669", "content": "不错啊"}, {"uid": "7749450", "content": "这可以啊"}, {"uid": "7749450", "content": "七里香"}, {"uid": "7749450", "content": "十三香，哈哈哈哈"}, {"uid": "1637115663", "content": "xswl"}, {"uid": "1637115663", "content": "哈哈哈哈哈哈哈哈哈哈哈哈红红火火恍恍惚惚"}, {"uid": "1637115663", "content": "哈哈哈"}, {"uid": "8564690", "content": "？？"}, {"uid": "1698481", "content": "作为一个从小学开始就听周董和七里香的人，我确实会"}, {"uid": "2777381", "content": "\\不便透露/\\不便透露/\\不便透露/\\不便透露/\\不便透露/​"}, {"uid": "4376492", "content": "哈哈哈哈"}, {"uid": "1399607", "content": "职业选手禁止炸鱼"}, {"uid": "1399607", "content": "？？？？"}, {"uid": "174118483", "content": "一般"}, {"uid": "2178366", "content": "我听这首歌长大的"}, {"uid": "2178366", "content": "对"}, {"uid": "33660", "content": "《痛苦面具》"}, {"uid": "33660", "content": "《震撼希牛》"}, {"uid": "33660", "content": "你好，会的"}, {"uid": "15903069", "content": "哼，哼哼哼啊啊啊啊啊啊啊啊啊啊啊啊啊啊啊啊啊啊啊"}, {"uid": "1314433", "content": "哈哈哈哈"}, {"uid": "7541368", "content": "好家伙直接手撕牛牛"}, {"uid": "37193295", "content": "垮起个小牛批脸"}, {"uid": "2629851", "content": "震撼牛牛"}, {"uid": "2629851", "content": "草"}, {"uid": "2149063", "content": "?"}, {"uid": "6457353", "content": "好家伙"}, {"uid": "109389235", "content": "草"}, {"uid": "13469368", "content": "孙一峰你又藏牛"}, {"uid": "193196055", "content": "出道！出道！"}, {"uid": "14716424", "content": "小母牛（草）"}, {"uid": "11025036", "content": "？"}, {"uid": "4106927", "content": "失去高光"}, {"uid": "53571040", "content": "生活不易 牛牛叹气"}, {"uid": "3510164", "content": "组里都是人才"}, {"uid": "53571040", "content": "wwwww"}, {"uid": "3510164", "content": "丈育牛牛"}, {"uid": "113864", "content": "牛牛自闭"}, {"uid": "80167", "content": "算了算了"}, {"uid": "27684367", "content": "草"}, {"uid": "22644407", "content": "完全不再调"}, {"uid": "12754387", "content": "半 岛 铁 盒"}, {"uid": "12754387", "content": "这真假声转换不错"}, {"uid": "8224784", "content": "？？？"}, {"uid": "2907196", "content": "不至于不至于"}, {"uid": "12754387", "content": "草"}, {"uid": "12754387", "content": "丈育"}, {"uid": "2907196", "content": "·诶呦不错呦"}, {"uid": "12754387", "content": "草"}, {"uid": "6696", "content": "死亡歌姬？"}, {"uid": "324561", "content": "输麻了）"}, {"uid": "177644547", "content": "好家伙"}, {"uid": "8153040", "content": "这字幕也太anti了"}, {"uid": "12645857", "content": "草"}, {"uid": "6602477", "content": "hhhhhhh"}, {"uid": "1483030", "content": "震撼牛牛"}, {"uid": "5219663", "content": "\\混音/\\混音/\\混音/"}, {"uid": "5219663", "content": "用了海盗船，乳希快人一步"}, {"uid": "5219663", "content": "丈育牛"}, {"uid": "10165668", "content": "草"}, {"uid": "327503824", "content": "出道！现在！立刻！"}, {"uid": "327503824", "content": "你是第一个我唱歌比你好听的vup"}, {"uid": "2823844", "content": "震撼话痨"}, {"uid": "82750956", "content": "埋地牛"}, {"uid": "11613319", "content": "唱得好啊"}, {"uid": "28579256", "content": "草"}, {"uid": "305617742", "content": "草"}, {"uid": "27048448", "content": "草"}, {"uid": "305617742", "content": "？"}, {"uid": "166868", "content": "照妖镜"}, {"uid": "33510675", "content": "垮起个小牛批脸.jpg"}, {"uid": "2608934", "content": "别唱了别唱了孩子傻了"}, {"uid": "37280277", "content": "我直接疑惑"}, {"uid": "38232342", "content": "开口跪"}, {"uid": "4062798", "content": "打 回 原 形"}, {"uid": "29532419", "content": "？？"}, {"uid": "85332492", "content": "人类恶 显现"}, {"uid": "13691080", "content": "牛牛在这一刻，感受到了世界的参差"}, {"uid": "352411", "content": "哈哈哈哈哈哈哈哈"}, {"uid": "4503404", "content": "十三香"}, {"uid": "780014", "content": "哈哈哈哈哈哈"}, {"uid": "780014", "content": "草"}, {"uid": "14917900", "content": "哈哈哈哈哈"}, {"uid": "15232067", "content": "瞳孔地震"}, {"uid": "344706631", "content": "目瞪牛呆"}, {"uid": "344706631", "content": "草草草草草草"}, {"uid": "344706631", "content": "哈哈哈哈哈哈"}, {"uid": "17002873", "content": "这句话好可爱呀"}, {"uid": "344706631", "content": "回收"}, {"uid": "239361804", "content": "希希不高兴.jpg"}, {"uid": "344706631", "content": "哈哈哈哈哈哈哈"}, {"uid": "344706631", "content": "?"}, {"uid": "286517710", "content": "太好听了！"}, {"uid": "94811338", "content": "牛的呀"}, {"uid": "10826451", "content": "打 回 原 形"}, {"uid": "10826451", "content": "钻地牛"}, {"uid": "10579112", "content": "草"}, {"uid": "32130835", "content": "这兄弟录音设备好点直接乱杀"}, {"uid": "10826451", "content": "会"}, {"uid": "10826451", "content": "五音缺了六到八个"}, {"uid": "2861327", "content": "像我念英文课文"}, {"uid": "23762888", "content": "哈哈哈哈哈哈哈"}, {"uid": "887322", "content": "哈哈哈哈哈"}, {"uid": "15043380", "content": "打 回 原 形"}, {"uid": "23762888", "content": "？？"}, {"uid": "3384911", "content": "牛牛委屈。"}, {"uid": "38204320", "content": "哈哈哈哈"}, {"uid": "6970044", "content": "草"}, {"uid": "1271777662", "content": "目瞪牛呆"}, {"uid": "3384911", "content": "哈哈哈，我可以想象之后的画面了。"}, {"uid": "8341876", "content": "本 体 显 现"}, {"uid": "10673941", "content": "流下了不会剪辑的泪水（）"}, {"uid": "1734919", "content": "一转半岛铁盒"}, {"uid": "8341876", "content": "记住这个嚣张的牛牛"}, {"uid": "228462", "content": "草（指食物）"}, {"uid": "1734919", "content": "牛牛.exe停止响应"}, {"uid": "10673941", "content": "草"}, {"uid": "455090", "content": "输麻了"}, {"uid": "169255560", "content": "牛牛停止了思考，开始了吃草"}, {"uid": "3538191", "content": "混音出道吧，这不比牛牛强多了？（滑稽）"}, {"uid": "169255560", "content": "哈哈哈哈哈哈哈哈"}, {"uid": "27683485", "content": "希希叹气，生活不易"}, {"uid": "27683485", "content": "哈哈哈哈哈"}, {"uid": "23442119", "content": "草"}, {"uid": "13373302", "content": "希希停止了思考"}, {"uid": "8087553", "content": "注意希希表情，hiahiahia"}, {"uid": "675979", "content": "震惊牛牛"}, {"uid": "8087553", "content": "老板换碟！（doge）"}, {"uid": "2724527", "content": "草"}, {"uid": "53223895", "content": "这跳脸"}, {"uid": "11174284", "content": "目瞪牛呆"}, {"uid": "23109048", "content": "过于丢梦魇了"}, {"uid": "20443590", "content": "生活不易，牛牛叹气"}]