[{"uid": "545584", "content": "报丧女妖草"}, {"uid": "6775075", "content": "一进来就是完全胜利，草啊"}, {"uid": "51889896", "content": "黑化独角兽"}, {"uid": "3734054", "content": "完 全 失 败"}, {"uid": "400145985", "content": "你好，爱了，单推，还有，欢迎回来！！！"}, {"uid": "12419605", "content": "报丧女妖的曲子"}, {"uid": "12419605", "content": "可能性之兽"}, {"uid": "37513210", "content": "这个亚子，一定很聪慧吧"}, {"uid": "37513210", "content": "荣 耀 终 归 于 你"}, {"uid": "37513210", "content": "要好起来了，好起来了"}, {"uid": "37513210", "content": "流向变了"}, {"uid": "159944244", "content": "wtm直呼老婆"}, {"uid": "527381602", "content": "好熟悉的声音"}, {"uid": "335349146", "content": "独角兽到报丧女妖，希希下一张皮不会是菲尼克斯吧"}, {"uid": "1478371", "content": "独角兽变报丧女妖"}, {"uid": "197354", "content": "独   角   兽"}, {"uid": "2211884", "content": "回来了都回来了"}, {"uid": "408577795", "content": "花酒老师？？？"}, {"uid": "22707409", "content": "腿环。。。你画师在米哈游工作吗"}, {"uid": "8799328", "content": "流向改变了"}, {"uid": "352411", "content": "有胸 惊了"}, {"uid": "2264478", "content": "Code Name : Ciyana"}, {"uid": "13813138", "content": "暗 之 恶 魔"}, {"uid": "31013959", "content": "《雙 角 獸》"}, {"uid": "1503934", "content": "提前蹲个手办（"}, {"uid": "153338083", "content": "流向改变了"}, {"uid": "78024056", "content": "灭 亡 迅 雷"}, {"uid": "291392091", "content": "流向变了！"}, {"uid": "9354201", "content": "报  丧  女  妖"}, {"uid": "9354201", "content": "没 能 胜 利"}, {"uid": "9354201", "content": "要 来 了"}, {"uid": "2921530", "content": "还以为会一转希望之花"}, {"uid": "362208875", "content": "可能性の兽"}, {"uid": "3192906", "content": "真就独角兽四号机"}, {"uid": "12496799", "content": "报  丧  女  妖"}, {"uid": "2316613", "content": "这种 boss 出场的感觉"}, {"uid": "15568897", "content": "你的小笨比闪亮登场"}, {"uid": "4657928", "content": "UNICORN!!!!!!!"}, {"uid": "436546231", "content": "刚好是打完工的那天，好耶！"}, {"uid": "7338963", "content": "用独角兽的BGM就很有灵性"}, {"uid": "5579648", "content": "好家伙，情人节出道，还是我生日"}, {"uid": "9972335", "content": "合成大希瓜"}, {"uid": "65219882", "content": "ohhhhhhhhhh胸缩水了！"}, {"uid": "1562936", "content": "好可爱！！！！！！！"}, {"uid": "13273740", "content": "流 向 改 变 了"}, {"uid": "9225159", "content": "太棒了小话唠"}, {"uid": "348826830", "content": "流向转变了"}, {"uid": "9618449", "content": "这是！？希牛！！！！"}, {"uid": "675843", "content": "总感觉后面要接希望之花"}, {"uid": "1619563", "content": "流向，改变了"}, {"uid": "8287248", "content": "RX-0-4 代号ciyana"}, {"uid": "4062798", "content": "她 将 如 闪 电 般 归 来"}, {"uid": "11523891", "content": "听到这个bgm就想起雪兔的腿。。。。"}, {"uid": "499733", "content": "流向改变了"}, {"uid": "19328229", "content": "流向改变了"}, {"uid": "14838593", "content": "流向 改变了"}, {"uid": "38232342", "content": "东边一声巨响，希希闪亮登场"}, {"uid": "3916674", "content": "流向...改变了"}, {"uid": "37666366", "content": "出现了，秃头马"}, {"uid": "290568417", "content": "老婆，我就说吧，咱孩子像你。"}, {"uid": "1829115374", "content": "我直接进行一个震的惊"}, {"uid": "19493797", "content": "完 全 勝 利"}, {"uid": "19784544", "content": "带 制 作"}, {"uid": "11191284", "content": "色，好！"}, {"uid": "11191284", "content": "一  转  攻 势"}, {"uid": "5953304", "content": "花酒老师，我的岳母！！！！"}, {"uid": "23720897", "content": "完 全 胜 利"}, {"uid": "30331603", "content": "流向改变了！"}, {"uid": "2317840", "content": "我要抽卡（doge）"}, {"uid": "3763236", "content": "哈哈，好小（直球"}, {"uid": "282103", "content": "完 全 胜 利"}, {"uid": "15411564", "content": "胖三斤！"}, {"uid": "7869430", "content": "替我带句话我不回去了"}, {"uid": "16792884", "content": "可爱初见单推三联一气呵成"}, {"uid": "32886755", "content": "流向改变了！"}, {"uid": "885528", "content": "好像变小了（指发饰）"}, {"uid": "759088", "content": "转场过多诉讼"}, {"uid": "226258108", "content": "完 全 败 北"}, {"uid": "39411662", "content": "胸口的环太涩了"}, {"uid": "32731081", "content": "打 断 吟 唱"}, {"uid": "3439393", "content": "哇，金色传说！"}, {"uid": "4211233", "content": "牛头马面 是你吗"}, {"uid": "389216358", "content": "我直接自信大喊：嘿!老婆"}, {"uid": "409195936", "content": "流 向 改 变 了"}, {"uid": "34832700", "content": "好的叙事，该如何陈述"}, {"uid": "121938661", "content": "报丧女妖号"}, {"uid": "4520543", "content": "报丧女妖- -"}, {"uid": "517798512", "content": "什么 龟  电影吗"}, {"uid": "228138596", "content": "希希欢迎回来！！！"}, {"uid": "243704217", "content": "小话唠！！！"}, {"uid": "3734054", "content": "流向转变了？"}, {"uid": "498837829", "content": "真就独角兽"}, {"uid": "28344802", "content": "赢了！赢了！"}, {"uid": "142102172", "content": "报丧女妖"}, {"uid": "11632151", "content": "完 全 失 败"}, {"uid": "18253454", "content": "来了来了！"}, {"uid": "3869945", "content": "联邦的新的MS的性能，就让我见识一下吧"}, {"uid": "1665347", "content": "裂  角"}, {"uid": "283765022", "content": "哇！金色普通"}, {"uid": "348502020", "content": "本体出动"}, {"uid": "344762347", "content": "独角兽变成牛牛了,啊这"}, {"uid": "27760807", "content": "谢谢，有被笑到"}, {"uid": "25687750", "content": "报 丧 女 妖"}, {"uid": "197354", "content": "我直接进行一个o的h"}, {"uid": "442611109", "content": "欢迎回来！"}, {"uid": "5076645", "content": "好平啊哈哈哈哈哈啊"}, {"uid": "9354201", "content": "流向改变了"}, {"uid": "8810972", "content": "回来了回来了"}, {"uid": "2921530", "content": "我不会成为回忆！！！"}, {"uid": "4087405", "content": "牛头马面，来！"}, {"uid": "11019692", "content": "报丧女妖"}, {"uid": "175574981", "content": "热门通知书"}, {"uid": "282956289", "content": "看到这突然没电！"}, {"uid": "19958359", "content": "欢迎回来"}, {"uid": "2677726", "content": "复！活！"}, {"uid": "57285", "content": "赢了，赢了，赢了"}, {"uid": "26996107", "content": "ohhhhhhhhhhhhhhhhhhh"}, {"uid": "573864", "content": "猪头马！归来！"}, {"uid": "30448289", "content": "第 十 放 映 室"}, {"uid": "11475790", "content": "流向改变"}, {"uid": "21113884", "content": "她将如闪电般归来"}, {"uid": "26494031", "content": "暗示独角兽kana"}, {"uid": "159081833", "content": "合成大希牛环节"}, {"uid": "102529", "content": "独角兽二号机"}, {"uid": "429632118", "content": "来了来了！"}, {"uid": "2249988", "content": "极简线条"}, {"uid": "495993", "content": "这不是双角马吗？"}, {"uid": "36936734", "content": "哟哟哟 这不摇摆马吗"}, {"uid": "176925737", "content": "变了，诶，没变呢"}, {"uid": "4334611", "content": "大片即视感"}, {"uid": "13404005", "content": "ohhhhhhhhhhhhhh"}, {"uid": "3264777", "content": "悲，平了"}, {"uid": "19328229", "content": "Ohhhhhhhhhhhhh"}, {"uid": "42413020", "content": "ohhhhhhhhhhhhhhhhhh"}, {"uid": "21686250", "content": "来啦！！！恭迎希希归位！！"}, {"uid": "86548221", "content": "我这就抽"}, {"uid": "313786649", "content": "好家伙这么快"}, {"uid": "11191284", "content": "诶，没有转"}, {"uid": "167157559", "content": "然而，什么也没有发生"}, {"uid": "388070", "content": "很懂的人设"}, {"uid": "328306802", "content": "赢了，赢了，赢了（）"}, {"uid": "5096563", "content": "流向变了"}, {"uid": "15145095", "content": "胖三斤"}, {"uid": "19919425", "content": "赶上了~"}, {"uid": "303309", "content": "来了来了！"}, {"uid": "38221616", "content": "哈哈哈哈哈"}, {"uid": "30559101", "content": "我们的希希回来了"}, {"uid": "352050113", "content": "来了！！！！！！！！！！"}, {"uid": "21179675", "content": "好色 我好爱"}, {"uid": "7386017", "content": "看着感觉随时会哦吼吼吼"}, {"uid": "204697033", "content": "完 全 胜 利"}, {"uid": "8117301", "content": "无 事 发 生"}, {"uid": "42269715", "content": "ohhhhhhhhhhhhhhhhhhhhhhh"}, {"uid": "8937535", "content": "三秒重播"}, {"uid": "763908", "content": "ohhhhhhhhhhhhhhhhhh"}, {"uid": "3002765", "content": "登登咚"}, {"uid": "411482073", "content": "ohhhhhhhhhhhhhhh"}, {"uid": "285384244", "content": "暗之恶魔出场"}, {"uid": "35711307", "content": "ohhhhhhhhhhhhhhhhhhh"}, {"uid": "7269129", "content": "我还以为会一转希望之花"}, {"uid": "4211233", "content": "嗯？"}, {"uid": "121920", "content": "让我康康谁不好好看直播"}, {"uid": "352961", "content": "来了来了！"}, {"uid": "33147", "content": "赶上直播"}, {"uid": "10963414", "content": "钢之魂！燃起来了"}, {"uid": "475757465", "content": "赢了，赢了，赢了"}, {"uid": "468282", "content": "流れ変わったな"}, {"uid": "788573", "content": "刚大木！！"}, {"uid": "12404176", "content": "unicorn！！"}, {"uid": "28391945", "content": "哈哈哈哈哈哈"}, {"uid": "308492696", "content": "已连接灭亡迅雷"}, {"uid": "73299233", "content": "ohhhhhhhh"}, {"uid": "510761", "content": "来了来了"}, {"uid": "25771449", "content": "Ohhhhhhhh"}, {"uid": "33838947", "content": "ohhhhhhhhhhhh"}, {"uid": "86504226", "content": "好熟悉的声音，是你吗"}, {"uid": "228462", "content": "二号机了？"}, {"uid": "93701", "content": "DNA动了"}, {"uid": "91522", "content": "黑色的....独角兽"}, {"uid": "22255967", "content": "ohhhhhhhhhhh"}, {"uid": "341093139", "content": "ohhhhhhhhhhhhh"}, {"uid": "12470415", "content": "终于来力，好耶！"}, {"uid": "13109356", "content": "真独角兽"}, {"uid": "523606154", "content": "Ohhhhhhhhhhhhhhhhh"}, {"uid": "11051206", "content": "遮天蔽日，梦魇降临"}, {"uid": "129274289", "content": "这WWE出场音乐一般的氛围是咋回事？"}, {"uid": "1415533631", "content": "好熟悉？？？"}, {"uid": "208677486", "content": "ohhhhhhhhhhhh"}, {"uid": "9354201", "content": "二号机"}, {"uid": "9354201", "content": "完 全 胜 利"}, {"uid": "4087405", "content": "来了！来了！"}, {"uid": "14285292", "content": "来了来了来了"}, {"uid": "8635662", "content": "ohhhhhhhhhhh"}, {"uid": "31804554", "content": "来了来了！"}, {"uid": "46966348", "content": "ohhhhhhhhhhhhhhhhhh"}, {"uid": "7585861654", "content": "爽爽子怎么没来发贺电"}, {"uid": "512770", "content": "没 能 胜 利"}, {"uid": "10951472", "content": "ohhhhhhhhhhhhhhhhhhhhhh"}, {"uid": "4657928", "content": "啊是banshee（"}, {"uid": "5693124", "content": "多了个角"}, {"uid": "10579112", "content": "OHHHHHHHHHHHHHHH!!!"}, {"uid": "7107252", "content": "虚晃一枪"}, {"uid": "128615365", "content": "好家伙，大制作"}, {"uid": "12603318", "content": "ohhhhhhhhhhhhhhhhhh"}, {"uid": "283915", "content": "突然UC"}, {"uid": "5824243", "content": "DNA动了"}, {"uid": "400444500", "content": "ohhhhhhhhhhhhhhhhh"}, {"uid": "240882152", "content": "那个有趣的女人，回来了！"}, {"uid": "13667577", "content": "ohhhhhhhhhh"}, {"uid": "1619563", "content": "大制作～～"}, {"uid": "20145", "content": "ohhhhhhhhhhhhhhhhhhh"}, {"uid": "26513706", "content": "ohhhhhhhhhhhhhhhhhhh"}, {"uid": "26080473", "content": "ohhhhhhhhhhh"}, {"uid": "15116045", "content": "ohhhhhhhh"}, {"uid": "19328229", "content": "ohhhhhhhhhhhhhhhhhhhhhh"}, {"uid": "21686250", "content": "好耶！！欢迎回来！！"}, {"uid": "295835355", "content": "ヾ(❀╹◡╹)ﾉﾞ❀~"}, {"uid": "295835355", "content": "ヾ(❀╹◡╹)ﾉﾞ❀~"}, {"uid": "1829115374", "content": "ohhhhhhhhhhhhhhhhh"}, {"uid": "143564249", "content": "这是debu希希？我直接嗨，老婆"}, {"uid": "1423462", "content": "ohhhhhhhhhhhhhhhhh"}, {"uid": "4094019", "content": "有头发了"}, {"uid": "35815064", "content": "燃起来了！"}, {"uid": "549256", "content": "ohhhhhhhhhhhhhhhhhhh"}, {"uid": "175574981", "content": "ohhhhhhhhhhhhh"}, {"uid": "2317840", "content": "希希的任务罢了"}, {"uid": "64857920", "content": "来了来了来了来了"}, {"uid": "77623015", "content": "o h h h h h h h h h h h"}, {"uid": "13667577", "content": "ohhhhhhhhhh"}, {"uid": "57588", "content": "奉命来下次一定！"}, {"uid": "1917432", "content": "ohhhhhhhhhhhhhhhhh"}, {"uid": "13161234", "content": "ohhhhhhhhhhh"}, {"uid": "42269715", "content": "ohhhhhhhhhhhhhhhhhhhhhhhh"}, {"uid": "41340074", "content": "ohhhhhhhhhhhhhhh"}, {"uid": "21433351", "content": "ohhhhhhhh"}, {"uid": "23305766", "content": "ohhhhhhhhhhhhh"}, {"uid": "3439393", "content": "变成牛牛了"}, {"uid": "357833642", "content": "来了！！"}, {"uid": "479972187", "content": "nice～～～～～"}, {"uid": "763908", "content": "Unicorn 还行"}, {"uid": "5721303", "content": "ohhhhhhhhhhhhh"}, {"uid": "285384244", "content": "来了来了了来了来了"}, {"uid": "17198303", "content": "来了来了"}, {"uid": "476765", "content": "是希希awsl"}, {"uid": "7637699", "content": "ohhhhhhhh"}, {"uid": "85639451", "content": "banshee！"}, {"uid": "91777036", "content": "报丧女妖!"}, {"uid": "41269087", "content": "灭亡迅雷"}, {"uid": "32097499", "content": "来了来了"}, {"uid": "468282", "content": "まだ人間"}, {"uid": "433331533", "content": "小话痨"}, {"uid": "28573281", "content": "ohhhhhhhh"}, {"uid": "6094084", "content": "ohhhhhhhhhhhhh"}, {"uid": "8707781", "content": "欢迎回来"}, {"uid": "99094467", "content": "ohhhhhhhhhhhhhhhh"}, {"uid": "97036713", "content": "小话痨想死你了啊啊啊啊啊"}, {"uid": "51007090", "content": "赢了！"}, {"uid": "123855443", "content": "带制作"}, {"uid": "398909250", "content": "ohhhhhhhhhhhhhhhh"}, {"uid": "322238787", "content": "ohhhhhhhhhhhhh"}, {"uid": "474947461", "content": "牛牛来了"}, {"uid": "501787433", "content": "来了来了"}, {"uid": "477063317", "content": "ん？"}, {"uid": "8810972", "content": "你回来了！"}, {"uid": "362496944", "content": "完全胜利"}, {"uid": "22936257", "content": "ohhhhhhhhhhhhhh"}, {"uid": "178240160", "content": "ohhhhh"}, {"uid": "387749079", "content": "ohhhhhhhhhhhhhhh"}, {"uid": "2810783", "content": "OHHHHHHHHHHHHHHHHHHH"}, {"uid": "16015740", "content": "lover~"}, {"uid": "10874250", "content": "ohhhhh"}, {"uid": "520516525", "content": "打断施法"}, {"uid": "4529248", "content": "燃起来了！"}, {"uid": "3787433", "content": "ohhhhhhhh"}, {"uid": "9227657", "content": "来了来了来了"}, {"uid": "13329867", "content": "Banshee!!"}, {"uid": "371679", "content": "まだ人間"}, {"uid": "188522675", "content": "ohhhhh"}, {"uid": "14458099", "content": "ohhhhhhhh"}, {"uid": "364758068", "content": "ohhhhhhhhhhhhhhhhhhhhhhhh"}, {"uid": "364758068", "content": "ohhhhhhhhhhhhhhhhhhhhhhhh"}, {"uid": "190234054", "content": "ohhhhhhhhhhhhhhhhhhhhhh！"}, {"uid": "110390", "content": "大制作"}, {"uid": "16978010", "content": "ohhhhhhhhhhhh"}, {"uid": "14838593", "content": "ohhhhhhhhhhhhhhh"}, {"uid": "16911787", "content": "ohhhhhhhhhhhhhhhhhh"}, {"uid": "8564690", "content": "来了来了"}, {"uid": "354108260", "content": "ohhhhhhhh"}, {"uid": "32703597", "content": "ohhhhhhhhhh"}, {"uid": "414422", "content": "好耶~~"}, {"uid": "30331603", "content": "ohhhhhhhhhhhhhhhhhh"}, {"uid": "17784911", "content": "ohhhhhhhhhhhh"}, {"uid": "4494836", "content": "ohhhhhhhhhhhhhhhhhhhhhh"}, {"uid": "2854208", "content": "来了来了"}, {"uid": "2629851", "content": "来了来了"}, {"uid": "7637699", "content": "不可名状"}, {"uid": "175574981", "content": "ohhhhhhhhhhhhh"}, {"uid": "175574981", "content": "ohhhhhhhhhhhhh"}, {"uid": "33672012", "content": "ohhhhhhhhh"}, {"uid": "7637699", "content": "来了来了"}, {"uid": "88709781", "content": "ohhhhhhhhhhhhhhhhh"}, {"uid": "228836336", "content": "ohhhhhhhhhhhhhhhhh"}, {"uid": "106356294", "content": "来了来了"}, {"uid": "4524504", "content": "好歹有个壁"}, {"uid": "322268", "content": "来了来了"}, {"uid": "39707667", "content": "ohhhhhhhhhhhhhhhhhh"}, {"uid": "11895359", "content": "那还蛮怪的"}, {"uid": "91254105", "content": "ohhhhhhhhhhh"}, {"uid": "267317620", "content": "怎么感jio有点平"}, {"uid": "360618246", "content": "ohhhhhhhhhhhhhhhhhh"}, {"uid": "296560", "content": "Ohhhhhhh"}, {"uid": "10996489", "content": "ohhhhhhhhhhhhhhhhhh"}, {"uid": "39411662", "content": "ohhhhhhhhhhhh"}, {"uid": "182637697", "content": "ohhhhhhhh"}, {"uid": "32343351", "content": "流向改变了？"}, {"uid": "86625246", "content": "好家伙，我直接好家伙"}, {"uid": "296560", "content": "来了来了"}, {"uid": "84421830", "content": "爱了爱了"}, {"uid": "3072545", "content": "来了来了"}, {"uid": "88011462", "content": "来了来了"}, {"uid": "34673152", "content": "来了来了"}, {"uid": "11101483", "content": "来了来了"}, {"uid": "394411941", "content": "ohhhhhhhhhhhh"}, {"uid": "189279877", "content": "这个BGM"}, {"uid": "200627809", "content": "来了来了"}, {"uid": "243704217", "content": "独角兽！！"}, {"uid": "468282", "content": "啥啊 嘛 kitty猫啊"}, {"uid": "91777036", "content": "报丧女妖"}, {"uid": "320184353", "content": "來了來了"}, {"uid": "510761", "content": "ohhhhhhh"}, {"uid": "59885647", "content": "好耶！！！"}, {"uid": "335349146", "content": "banshee！"}, {"uid": "26937214", "content": "Ohhhhhhhhhh"}, {"uid": "372391070", "content": "复活！！！"}, {"uid": "2505283", "content": "ohhhhhhhhhhhh"}, {"uid": "10890200", "content": "麻了麻了"}, {"uid": "199536224", "content": "ohhhhhhhhhhhh"}, {"uid": "3869945", "content": "刚大木希亚娜，出击！"}, {"uid": "241288865", "content": "ohhhhhhhhhhhhhhhh"}, {"uid": "24134375", "content": "ohhhhhhhhhhhhhhhh"}, {"uid": "11625907", "content": "这是牛头人吗"}, {"uid": "281392636", "content": "ohhhhhhhhhhh"}, {"uid": "359462956", "content": "ん？"}, {"uid": "25687750", "content": "好涩"}, {"uid": "11691053", "content": "ohhhhhhh"}, {"uid": "384679421", "content": "来了来了"}, {"uid": "532417", "content": "ohhhhhhhhhhhh"}, {"uid": "99453925", "content": "好耶！老婆真漂亮！"}, {"uid": "31804554", "content": "ohhhhhhhhhhh"}, {"uid": "34260922", "content": "ohhhhhhhhhhhhhhhh"}, {"uid": "88799415", "content": "ohhhhhhhh"}, {"uid": "11691053", "content": "ohhhhhh"}, {"uid": "11691053", "content": "来了来了"}, {"uid": "3081195", "content": "燃起来了"}, {"uid": "110742027", "content": "意义不明"}, {"uid": "344706631", "content": "好家伙"}, {"uid": "22266793", "content": "燃起来了"}, {"uid": "1838163", "content": "ohhhhhhhhhhhhh"}, {"uid": "258763244", "content": "啥 也 没 有"}, {"uid": "28119423", "content": "ohhhhhhhhhhhhhh"}, {"uid": "810277", "content": "ohhhhhhhhhh"}, {"uid": "8117301", "content": "黒い…ユニコーン…？"}, {"uid": "49457975", "content": "噔噔咚"}, {"uid": "81178294", "content": "ohhhhhhhhhhhhhh"}, {"uid": "429632118", "content": "来了来了"}, {"uid": "198271304", "content": "ん?"}, {"uid": "8154476", "content": "你是谁"}, {"uid": "24891300", "content": "钢之魂！"}, {"uid": "699085643", "content": "来了来了"}, {"uid": "4792368", "content": "ohhhhhhhhhhhh"}, {"uid": "40278466", "content": "ohhhhhhhhhhhhh"}, {"uid": "2992567", "content": "来了来了"}, {"uid": "75091732", "content": "大制作"}, {"uid": "41130405", "content": "痉 挛"}, {"uid": "318915410", "content": "好像某个地方缩水了呢"}, {"uid": "19784544", "content": "奉命前来"}, {"uid": "313786649", "content": "拉了裤里"}, {"uid": "180337942", "content": "ohhhhhhhhhhhhhhhhhh"}, {"uid": "28978325", "content": "SSR"}, {"uid": "17784911", "content": "ohhhhhhhhhhhhh"}, {"uid": "20669331", "content": "好耶好耶"}, {"uid": "33672012", "content": "ohhhhhhhhhhh"}, {"uid": "7637699", "content": "心脏骤停"}, {"uid": "7637699", "content": "大制作"}, {"uid": "10961710", "content": "情人节"}, {"uid": "190636625", "content": "遮天蔽日，梦魇降临"}, {"uid": "22595737", "content": "来了来了"}, {"uid": "12767276", "content": "まだ弱い"}, {"uid": "40028179", "content": "来了来了"}, {"uid": "15293121", "content": "来了来了"}, {"uid": "481408519", "content": "ohhhhhhhhhhhhhhhhh"}, {"uid": "35136928", "content": "来了来"}, {"uid": "22908181", "content": "好家伙"}, {"uid": "22982875", "content": "水友"}, {"uid": "16253766", "content": "ohhhhhhhhhhhhhhhhh"}, {"uid": "39411662", "content": "ohhhhhhhhhhhh"}, {"uid": "330395225", "content": "ohhhhh"}, {"uid": "110835449", "content": "来了来了"}, {"uid": "60666", "content": "=- ="}, {"uid": "88011462", "content": "来了来了"}, {"uid": "286517710", "content": "来了来了"}, {"uid": "13564503", "content": "直播来了！"}, {"uid": "1597017", "content": "来了来了"}, {"uid": "16256143", "content": "UC独角兽"}, {"uid": "226713306", "content": "ん?"}, {"uid": "189279877", "content": "完全失败"}, {"uid": "335349146", "content": "banshee！"}, {"uid": "142102172", "content": "那还蛮怪的"}, {"uid": "349391286", "content": "ohhhhhhhhhhhhh"}, {"uid": "88165299", "content": "带制作！"}, {"uid": "1478371", "content": "带制作"}, {"uid": "1478371", "content": "完全胜利！"}, {"uid": "50540192", "content": "好耶！"}, {"uid": "542247035", "content": "来了哟"}, {"uid": "239360774", "content": "awsl"}, {"uid": "341093139", "content": "ん？"}, {"uid": "37949858", "content": "ohhhhhhhhhhhhh"}, {"uid": "309109225", "content": "ohhhhhhh"}, {"uid": "241288865", "content": "好耶！"}, {"uid": "27760807", "content": "好耶！"}, {"uid": "248902284", "content": "小笨比!!!!!!!!"}, {"uid": "348821209", "content": "ohhhhhhhhhhhhhhh"}, {"uid": "477063317", "content": "ohhhhhhhhhhhhhh"}, {"uid": "248968098", "content": "ん？"}, {"uid": "384679421", "content": "ohhhhhhhhhh"}, {"uid": "347356957", "content": "来了来了"}, {"uid": "8635662", "content": "ohhhhhhhhhhhhhhhhhh"}, {"uid": "46966348", "content": "ohhhhhhhhhhh"}, {"uid": "298306586", "content": "unicorn！"}, {"uid": "2278297", "content": "嗯？"}, {"uid": "36708488", "content": "RX-00-4"}, {"uid": "10009384", "content": "ん"}, {"uid": "78121", "content": "什么情况"}, {"uid": "10579112", "content": "来了来了"}, {"uid": "2518699", "content": "ohhhhhhhhhhhhhhhhhhhhhhhhhhhhhhhhhhhhhhhh"}, {"uid": "38467178", "content": "ohhhhhhhhhhhh"}, {"uid": "13918667", "content": "什么大片"}, {"uid": "5625128", "content": "完全失败"}, {"uid": "2684344", "content": "Unicorn！！！"}, {"uid": "33754201", "content": "ohhhhhhhhhhhhhhhh"}, {"uid": "429632118", "content": "来了！"}, {"uid": "7775751", "content": "ohhhhhhhhhhhhhh"}, {"uid": "13085354", "content": "ohhhhhhhhhhhhhhhhhhhhhhhhhhhhhh"}, {"uid": "6455994", "content": "ohhhhhhhhhhhhhhhhhhhhhhhhhh"}, {"uid": "2011556", "content": "ん？"}, {"uid": "19784544", "content": "ohhhhhhhhh"}, {"uid": "3169546", "content": "好耶好耶！！！"}, {"uid": "76099408", "content": "噔噔咚"}, {"uid": "21128558", "content": "ohhhhhhhhhhhhhhhhhh!!!!!!!!!!!!!!!!!!!!!!!!!"}, {"uid": "28978325", "content": "ん？"}, {"uid": "739848", "content": "Ohhhhhhhhhhhhhhhhhhhhhhhhhhhh"}, {"uid": "35515149", "content": "ohhhhhhhhhhhh"}, {"uid": "36296621", "content": "来了来了"}, {"uid": "123793500", "content": "好耶！"}, {"uid": "602083", "content": "来了！"}, {"uid": "12767276", "content": "流れが変わった"}, {"uid": "7861806", "content": "ん？"}, {"uid": "65664239", "content": "来了来了"}, {"uid": "429626172", "content": "ohhhhhhhhhhhhhh"}, {"uid": "77623015", "content": "来了来了"}, {"uid": "159081833", "content": "大希牛来辣"}, {"uid": "2075668", "content": "来了来了"}, {"uid": "316382", "content": "BANSHEE还行"}, {"uid": "307490", "content": "ん？"}, {"uid": "42269715", "content": "本体"}, {"uid": "177804625", "content": "ohhhhhhhhhh"}, {"uid": "42269715", "content": "欸，没出呢"}, {"uid": "267317620", "content": "ohhhhhhhhhhhhhhhhhhhhhhhhhhhhhhhhhhhhhhhhhhhh"}, {"uid": "12364481", "content": "debu兽​"}, {"uid": "8678061", "content": "ohhhhhhhhhhhhhhh"}, {"uid": "171501113", "content": "大制作"}, {"uid": "28727824", "content": "？？？？？？？？？？？？"}, {"uid": "237525133", "content": "ohhhhhhhhhh"}, {"uid": "2777883", "content": "hso"}, {"uid": "2123458", "content": "ohhhhhhh"}, {"uid": "24910338", "content": "？？？？？？？？？？？？？"}, {"uid": "15627352", "content": "来了来了"}, {"uid": "86625246", "content": "好家伙"}, {"uid": "8607104", "content": "抢第一"}, {"uid": "2976227", "content": "来了来了"}, {"uid": "22677079", "content": "来了嗷"}, {"uid": "21449829", "content": "来了来了"}, {"uid": "16982174", "content": "来了来了"}, {"uid": "215214397", "content": "来了来了"}, {"uid": "37055", "content": "双角驴?"}, {"uid": "74137762", "content": "ん"}, {"uid": "123963767", "content": "啊啊啊啊啊啊啊啊啊啊啊啊"}, {"uid": "423502", "content": "ん？"}, {"uid": "40387072", "content": "ん？"}, {"uid": "178689316", "content": "芜湖！"}, {"uid": "453808985", "content": "ん?"}, {"uid": "8850984", "content": "芜湖～"}, {"uid": "39908265", "content": "banshee"}, {"uid": "2401431", "content": "变牛牛了"}, {"uid": "544697", "content": "好耶！！！"}, {"uid": "160196", "content": "unicornnnnn！"}, {"uid": "85645809", "content": "嗯？"}, {"uid": "211536893", "content": "ohhhhhh"}, {"uid": "1802359", "content": "高达厨狂喜"}, {"uid": "1869006", "content": "ohhhhhhhhhhh"}, {"uid": "11952703", "content": "带制作"}, {"uid": "3927288", "content": "带制作"}, {"uid": "6970044", "content": "拉了"}, {"uid": "34703901", "content": "！！！！！！！！"}, {"uid": "3584931", "content": "？？？？？"}, {"uid": "783909", "content": "好耶！！！！！"}, {"uid": "491769277", "content": "ohhhhhhhhhh"}, {"uid": "89978", "content": "钢之魂"}, {"uid": "89978", "content": "嗯？"}, {"uid": "4798574", "content": "我已恭候多时"}, {"uid": "477063317", "content": "ん！"}, {"uid": "8355537", "content": "来了"}, {"uid": "310907855", "content": "ohhhhhhhhhhhhhhhhhhhhhh"}, {"uid": "203549882", "content": "ohhhhhhhhhhhhhhh"}, {"uid": "400145985", "content": "带制作"}, {"uid": "46966348", "content": "ohhhhhhhhhhhhh"}, {"uid": "512770", "content": "ohhhhhhhhhhhhhhhh"}, {"uid": "8997801", "content": "带制作"}, {"uid": "479564589", "content": "ohhhhhhhhh"}, {"uid": "193573309", "content": "ohhhhhhhhhhhhhhh！"}, {"uid": "7532524", "content": "Banshee"}, {"uid": "353019078", "content": "来了！"}, {"uid": "10579112", "content": "好耶！"}, {"uid": "190187012", "content": "嗨，老婆！"}, {"uid": "81529048", "content": "ohhh"}, {"uid": "1734140", "content": "是双角马"}, {"uid": "107500003", "content": "好家伙"}, {"uid": "1933130", "content": "banshee！"}, {"uid": "375244603", "content": "ohhhhhhhhhhhh"}, {"uid": "3075828", "content": "钢之魂！"}, {"uid": "36936734", "content": "ohhhhhhhhhhhhhhhhh"}, {"uid": "176925737", "content": "ん？"}, {"uid": "32356937", "content": "希希！！！"}, {"uid": "178659", "content": "这不比博人传燃？？"}, {"uid": "19784544", "content": "来了来了"}, {"uid": "41587", "content": "大片"}, {"uid": "40028179", "content": "ohhhhhhhhhhhhh"}, {"uid": "3775101", "content": "hso"}, {"uid": "11482378", "content": "ん？"}, {"uid": "38221616", "content": "起飞"}, {"uid": "179429919", "content": "ohhhhhhhhh"}, {"uid": "4338135", "content": "ohhhhhh"}, {"uid": "419059558", "content": "ohhhhhhhhhh"}, {"uid": "32886755", "content": "来了"}, {"uid": "26372008", "content": "裤袜hso"}, {"uid": "66589800", "content": "？？？？？？"}, {"uid": "11519381", "content": "来了"}, {"uid": "276555844", "content": "ohhhhhhh"}, {"uid": "26114535", "content": "大制作"}, {"uid": "35751631", "content": "好耶！（跳起）"}, {"uid": "32343351", "content": "ohhhhhhhhhhhh"}, {"uid": "23762888", "content": "ohhhhh"}, {"uid": "15488811", "content": "燃起来了"}, {"uid": "8386647", "content": "ohhhhhhhhhh"}, {"uid": "190636625", "content": "我永远喜欢希亚娜"}, {"uid": "10099734", "content": "？？？？？？？？"}, {"uid": "15627352", "content": "希希最胖了"}, {"uid": "3109110", "content": "来了来"}, {"uid": "7484330", "content": "抢！"}, {"uid": "651993634", "content": "ohhhhhhhhhhh"}, {"uid": "637568695", "content": "吃瓜"}, {"uid": "28727824", "content": "芜湖！"}, {"uid": "138563", "content": "？？？？"}, {"uid": "24910338", "content": "？？？？？？？"}, {"uid": "1511520648", "content": "来了来了"}, {"uid": "37474280", "content": "ん？"}, {"uid": "6115285", "content": "ん？"}, {"uid": "38550786", "content": "好起来了"}, {"uid": "5267917", "content": "嗯？"}, {"uid": "121938661", "content": "阿这"}, {"uid": "27375466", "content": "ん？"}, {"uid": "3734054", "content": "嗯？"}, {"uid": "40387072", "content": "草"}, {"uid": "12419605", "content": "ohhhhhhhhhhhhhhhhhhhhhhhhhhhhhhhhhhhhhhhhhhhhhhhhhhhh"}, {"uid": "28802506", "content": "ん?"}, {"uid": "6253473", "content": "草"}, {"uid": "349391286", "content": "芜湖!"}, {"uid": "12651745", "content": "ohhhhhhhhhh"}, {"uid": "12651745", "content": "？？？"}, {"uid": "14165866", "content": "夜魇诶！"}, {"uid": "14165866", "content": "ん？"}, {"uid": "309109225", "content": "QAQ画质感人"}, {"uid": "180966928", "content": "ん?"}, {"uid": "12722828", "content": "ん？"}, {"uid": "1869006", "content": "ohhhhhhhhhhh我prprprprprpr"}, {"uid": "42283233", "content": "好耶！"}, {"uid": "437837122", "content": "OHHHHHHHHHHHHHH"}, {"uid": "233654875", "content": "ohho"}, {"uid": "248902284", "content": "小了!!小了!!"}, {"uid": "899952", "content": "这不比博人传燃？"}, {"uid": "256080894", "content": "ん？"}, {"uid": "417469644", "content": "ohhhhhhhhhh"}, {"uid": "97988", "content": "虚拟韦天"}, {"uid": "477063317", "content": "ohhhhhhhhhhhhhhhh"}, {"uid": "477063317", "content": "？？？！"}, {"uid": "477063317", "content": "好耶"}, {"uid": "353177980", "content": "ohhhhhhhhhhhhhhhhhhhhhhhhhhhhhhhhhhhhh"}, {"uid": "282956289", "content": "好耶"}, {"uid": "67216739", "content": "ohhhhhhhhhh"}, {"uid": "24122201", "content": "ん？"}]