[{"uid": "649309419", "content": "恭喜你找到宝藏"}, {"uid": "649309419", "content": "好耶ヾ(✿ﾟ▽ﾟ)ノ三连了"}, {"uid": "25305781", "content": "舞台少女希希"}, {"uid": "25305781", "content": "类目了"}, {"uid": "25305781", "content": "eva起来了"}, {"uid": "30331603", "content": "血压上来了"}, {"uid": "13757738", "content": "熊光"}, {"uid": "453971335", "content": "我是在外轻松自如，在家就被压死"}, {"uid": "96403026", "content": "心态真好"}, {"uid": "85130023", "content": "小西八"}, {"uid": "19506352", "content": "若是在外界压力如山，在家里还受气的话，多半就抑郁了，要不就自闭症"}, {"uid": "481403092", "content": "呃~要不我走？"}, {"uid": "4494836", "content": "说得对"}, {"uid": "437058592", "content": "梦魇一般的杂乱回响"}, {"uid": "15735574", "content": "灵能百分百"}, {"uid": "329401944", "content": "被震撼到了"}, {"uid": "176972336", "content": "泪目"}, {"uid": "26243215", "content": "阴阳人"}, {"uid": "2764027", "content": "还以为我手机响了"}, {"uid": "34977735", "content": "树海化警告"}, {"uid": "170314131", "content": "牛牛"}, {"uid": "1703169", "content": "明明是感情牌的手书为啥我看笑了"}, {"uid": "3579584", "content": "是JK希，好耶！"}, {"uid": "3095959", "content": "少歌的铃声！"}, {"uid": "33432888", "content": "这个侧脸看起来好像我高中喜欢的女生啊！！"}, {"uid": "7909989", "content": "不想吃就不吃，没关系的"}, {"uid": "7909989", "content": "压力上来了"}, {"uid": "2854208", "content": "牛老师（"}, {"uid": "7909989", "content": "牛呀"}, {"uid": "350525750", "content": "小西八"}, {"uid": "467357", "content": "血压拉满"}, {"uid": "1802662", "content": "哇"}, {"uid": "650913443", "content": "牛牛声乱入"}, {"uid": "15956224", "content": "快进到1000%"}, {"uid": "97112504", "content": "这手机摄像头的设计让人高血压啊哈哈哈哈"}, {"uid": "335769025", "content": "早安"}, {"uid": "1997790", "content": "小筑手"}, {"uid": "8876105", "content": "2"}, {"uid": "11252606", "content": "2"}, {"uid": "443038690", "content": "2"}, {"uid": "323868652", "content": "1"}, {"uid": "35951012", "content": "1"}, {"uid": "2176892", "content": "2"}, {"uid": "35498153", "content": "2"}, {"uid": "21884474", "content": "1"}, {"uid": "35141535", "content": "1"}, {"uid": "15333261", "content": "1"}, {"uid": "13654852", "content": "2"}, {"uid": "3735123", "content": "2"}, {"uid": "169255560", "content": "1"}, {"uid": "8015788", "content": "2"}, {"uid": "23211917", "content": "2"}, {"uid": "102622629", "content": "1"}, {"uid": "442175215", "content": "2"}, {"uid": "33120869", "content": "1"}, {"uid": "2423315", "content": "2"}, {"uid": "399293153", "content": "2"}, {"uid": "100481705", "content": "2"}, {"uid": "456089615", "content": "1"}, {"uid": "30254330", "content": "2"}, {"uid": "4756838", "content": "2"}, {"uid": "90559379", "content": "1"}, {"uid": "19065088", "content": "2"}, {"uid": "111086948", "content": "2"}, {"uid": "23768336", "content": "2"}, {"uid": "20591463", "content": "2"}, {"uid": "86825692", "content": "2"}, {"uid": "96302436", "content": "2"}, {"uid": "89130267", "content": "2"}, {"uid": "23320103", "content": "2"}, {"uid": "39205510", "content": "2"}, {"uid": "105515006", "content": "1"}, {"uid": "10126555", "content": "2"}, {"uid": "235630525", "content": "1"}, {"uid": "177139919", "content": "2"}, {"uid": "2843210", "content": "小西八"}, {"uid": "15689069", "content": "1"}, {"uid": "34876999", "content": "1"}, {"uid": "20232990", "content": "2"}, {"uid": "50543880", "content": "2"}, {"uid": "2678781", "content": "2"}, {"uid": "9987919", "content": "1"}, {"uid": "14068098", "content": "1"}, {"uid": "14714084", "content": "2"}, {"uid": "355899085", "content": "1"}, {"uid": "7103095", "content": "小西巴"}, {"uid": "22699178", "content": "1"}, {"uid": "33266990", "content": "2"}, {"uid": "24348619", "content": "2"}, {"uid": "37083474", "content": "2"}, {"uid": "11428397", "content": "1"}, {"uid": "24501353", "content": "2"}, {"uid": "5782952", "content": "2"}, {"uid": "26513246", "content": "2"}, {"uid": "7103095", "content": "2"}, {"uid": "78107426", "content": "2"}, {"uid": "27657907", "content": "答不对才是课代表的日常"}, {"uid": "21479073", "content": "1"}, {"uid": "182744161", "content": "1"}, {"uid": "620082", "content": "猫猫可爱"}, {"uid": "27657907", "content": "2"}, {"uid": "2126142", "content": "bgm配的好好 起鸡皮疙瘩了都"}, {"uid": "6970335", "content": "不要！"}, {"uid": "6970335", "content": "这声线才是真的牛牛"}, {"uid": "675979", "content": "压力上来了"}, {"uid": "675979", "content": "牛老师（不是"}, {"uid": "651993634", "content": "感觉这个视频氛围好沉闷啊"}, {"uid": "6970335", "content": "地铁 希希 看手机.jpg"}, {"uid": "6970335", "content": "牛牛的茶室"}, {"uid": "79989728", "content": "太对了，最烦这种"}, {"uid": "79989728", "content": "灵能"}, {"uid": "7698936", "content": "血压上来了"}, {"uid": "79989728", "content": "啊这句，血压起来了"}, {"uid": "10791090", "content": "要不，我走？"}, {"uid": "10791090", "content": "neta 灵能100%"}, {"uid": "74906", "content": "别的不说，就不请自来这一点就该回去了"}, {"uid": "2517893", "content": "《完 美 的 一 天》"}, {"uid": "10791090", "content": "老师才是本音！！！"}, {"uid": "262104075", "content": "是eva的BGM！"}, {"uid": "86718074", "content": "有被震撼到"}, {"uid": "186645063", "content": "真实"}, {"uid": "82750956", "content": "小什么吧？"}, {"uid": "82750956", "content": "生理行为？"}, {"uid": "650684", "content": "底特律？"}, {"uid": "2324029", "content": "hhhhhh这个声线才是我认识的牛牛（不是"}, {"uid": "88011462", "content": "牛牛！"}, {"uid": "6970335", "content": "血压飙升了"}, {"uid": "189159297", "content": "你"}, {"uid": "429632118", "content": "来了来了"}, {"uid": "33432888", "content": "eva梗了"}, {"uid": "3955741", "content": "c吧"}, {"uid": "2324029", "content": "正经牛"}, {"uid": "651993634", "content": "血压上来了"}, {"uid": "69741125", "content": "C"}]