[{"uid": "672620239", "content": "我还警察味呢"}, {"uid": "429632118", "content": "来了来了！"}, {"uid": "429632118", "content": "来了来了"}, {"uid": "23196261", "content": "所以，阵线这个AI的装束怎么感觉一股子德味"}, {"uid": "4498724", "content": "嘿嘿嘿"}, {"uid": "142644945", "content": "开头幻听成了eve的月之暗面"}, {"uid": "38550786", "content": "卧槽"}, {"uid": "757106", "content": "wuhu"}, {"uid": "95906602", "content": "ohhhhhh"}, {"uid": "37865026", "content": "牛牛好棒"}, {"uid": "11519381", "content": "太棒了"}, {"uid": "10579112", "content": "来了来了"}, {"uid": "429632118", "content": "来了！"}, {"uid": "2424187", "content": "来嘞"}, {"uid": "62061624", "content": "哇哇哇"}, {"uid": "429632118", "content": "来了"}, {"uid": "416959395", "content": "一般"}]