[{"uid": "384637", "content": "缪撒"}, {"uid": "258487755", "content": "螺丝刀～"}, {"uid": "22390536", "content": "你看她笑的多开心"}, {"uid": "2848902", "content": "噢！这个游戏！怀念"}, {"uid": "746349", "content": "哈哈哈就摁冲"}, {"uid": "746349", "content": "没脑子(指自己"}, {"uid": "10071738", "content": "《好接》"}, {"uid": "10071738", "content": "《搓澡》"}, {"uid": "7913449", "content": "莫斯科莫斯科"}, {"uid": "2592271", "content": "理该理该"}, {"uid": "17252654", "content": "丢人牛牛"}, {"uid": "292547", "content": "准"}, {"uid": "429632118", "content": "哈哈哈哈哈哈"}, {"uid": "429632118", "content": "哈哈哈哈"}, {"uid": "429632118", "content": "《没脑子》"}, {"uid": "429632118", "content": "草"}, {"uid": "942871", "content": "哈哈哈哈哈哈哈"}, {"uid": "942871", "content": "草"}, {"uid": "11672894", "content": "切，被发现了"}, {"uid": "13373302", "content": "在现场，当时看的胃口大开"}, {"uid": "551587", "content": "好接"}, {"uid": "479564589", "content": "坑自己"}, {"uid": "12754387", "content": "没脑子是吧"}, {"uid": "12754387", "content": "草草草"}, {"uid": "180256226", "content": "梅开二度"}, {"uid": "76742337", "content": "哈哈哈哈哈哈哈"}, {"uid": "9535416", "content": "好接"}, {"uid": "8743833", "content": "她理解了"}, {"uid": "8743833", "content": "草"}, {"uid": "8743833", "content": "从跳脸到吃瘪"}, {"uid": "23762888", "content": "哈哈哈哈哈"}, {"uid": "84671972", "content": "哈哈哈哈哈哈哈哈哈哈哈"}, {"uid": "84671972", "content": "就是牛牛，就是牛牛！"}, {"uid": "15671762", "content": "节奏非常有规律"}, {"uid": "12645857", "content": "hhhhhh"}, {"uid": "351906", "content": "牛牛装修"}, {"uid": "205555640", "content": "这BOSS打击感好棒"}, {"uid": "325181", "content": "草"}, {"uid": "35515149", "content": "她  懂  了"}, {"uid": "14216021", "content": "草"}, {"uid": "267738", "content": "有希有希"}, {"uid": "159081833", "content": "什么自我介绍"}, {"uid": "429632118", "content": "23333"}, {"uid": "344706631", "content": "哈哈哈哈哈哈哈哈哈"}, {"uid": "746349", "content": "哈哈哈哈哈"}, {"uid": "429632118", "content": "哈哈哈哈哈哈哈"}, {"uid": "8743833", "content": "草，全中"}, {"uid": "34365", "content": "hhhhh"}, {"uid": "20938703", "content": "这也有舰W玩家？"}, {"uid": "1502767", "content": "《没脑子》"}, {"uid": "35515149", "content": "草"}, {"uid": "919389043", "content": ",草"}, {"uid": "88154", "content": "槑脑脑"}, {"uid": "21526969", "content": "好多牛牛"}, {"uid": "57588", "content": "因为有脑子了"}, {"uid": "886141", "content": "草"}, {"uid": "129377", "content": "233333"}, {"uid": "344706631", "content": "ohhhhh"}, {"uid": "11735729", "content": "草"}, {"uid": "28579256", "content": "草"}, {"uid": "2634260", "content": "草"}, {"uid": "2494856", "content": "莫斯科，莫斯科，你的核心那么高，你的船体那么长"}, {"uid": "886141", "content": "草w"}, {"uid": "34542475", "content": "草草草，笨比啊"}, {"uid": "2491876", "content": "经典癞皮狗"}, {"uid": "18731565", "content": "{OoO}"}, {"uid": "31804554", "content": "草，什么东西，哈哈哈哈哈哈哈哈"}, {"uid": "165435363", "content": "没脑子终究是没脑子（余音绕梁）"}, {"uid": "10071738", "content": "www"}, {"uid": "5851309", "content": "哈哈哈哈哈哈哈哈哈"}, {"uid": "260109398", "content": "不要疑惑，反正你也打不过"}]