[{"uid": "175309396", "content": "上面那个yoyo，串戏了啊"}, {"uid": "5710090", "content": "猫猫：这个牛牛就是逊啦"}, {"uid": "393593453", "content": "傀儡阴间婴儿更吓人"}, {"uid": "104599259", "content": "真实母韦天hh"}, {"uid": "474100350", "content": "调皮捣蛋猫咪大队（dog）"}, {"uid": "49067873", "content": "歪日，可可爱爱"}, {"uid": "1466343906", "content": "你吼那么大声干什么嘛！"}, {"uid": "225460900", "content": "好强哦"}, {"uid": "1548031", "content": "一切的恐惧来自火力不足"}, {"uid": "1808632", "content": "wwwwwww"}, {"uid": "38467178", "content": "幼犬ahhh"}, {"uid": "291393852", "content": "我可了"}, {"uid": "4056932", "content": "3D解密，啊，还得看你希亚娜哥！"}, {"uid": "236973", "content": "本音暴露"}, {"uid": "34365", "content": "牛牛原来是小狗"}, {"uid": "17049801", "content": "凋零骑士的哈哈哈哈哈"}, {"uid": "1590901", "content": "co↑la↓"}, {"uid": "161277154", "content": "一切恐惧来源于火力不足"}, {"uid": "131791210", "content": "hso"}, {"uid": "94415671", "content": "猫猫:一切为了节目效果"}, {"uid": "94415671", "content": "0.5倍新世界"}, {"uid": "84671972", "content": "？？？"}, {"uid": "11277358", "content": "kksk"}, {"uid": "16956293", "content": "我家猫惊恐地看了我一眼"}, {"uid": "6413404", "content": "草,唐突土味"}, {"uid": "6520124", "content": "摸鱼好累啊"}, {"uid": "2562852", "content": "儒雅随和"}, {"uid": "228462", "content": "辣你去找物管啊！"}, {"uid": "95172565", "content": "土味牛牛，土牛"}, {"uid": "6620231", "content": "草"}, {"uid": "10857120", "content": "吓出狗叫声海星"}, {"uid": "11777681", "content": "可爱"}, {"uid": "33909327", "content": "猫猫队背大锅"}, {"uid": "499964", "content": "我骂我自己"}, {"uid": "327185631", "content": "她开观众一直可以的"}, {"uid": "652198876", "content": "yoyo"}, {"uid": "33919342", "content": "可爱"}, {"uid": "482577692", "content": "抱抱？？"}, {"uid": "10071738", "content": "草，debu音"}, {"uid": "37055", "content": "相煎何太急"}, {"uid": "10071738", "content": "牛牛说谁呢(恼)"}, {"uid": "30371980", "content": "你这是美伢的小宝宝"}, {"uid": "345837962", "content": "前方奶狗叫（doge）"}, {"uid": "13141483", "content": "我窗帘动了，我不玩了"}, {"uid": "271326677", "content": "debu音草"}, {"uid": "4346877", "content": "怎么怪起来了"}, {"uid": "225460900", "content": "？？？？？？？？？？？"}, {"uid": "27180715", "content": "我是猛男0号"}, {"uid": "31804554", "content": "可爱牛牛"}, {"uid": "19328229", "content": "小新草"}, {"uid": "296137", "content": "一下来就上我一跳（"}, {"uid": "600521", "content": "发出了狗狗被碾过的声音"}, {"uid": "359948937", "content": "你就是小伟天"}, {"uid": "71386228", "content": "所有的恐惧都来源于火力不足"}, {"uid": "11672716", "content": "闷倒象（"}, {"uid": "1269650", "content": "如果在这里漏出来的话，直播生涯就要结束了吧"}, {"uid": "353019078", "content": "吓死我了"}, {"uid": "15069346", "content": "开局快乐水"}, {"uid": "1808632", "content": "？？？？？？？？"}, {"uid": "503009007", "content": "呼伦贝尔大草原"}, {"uid": "74523563", "content": "一下来就上我一跳"}, {"uid": "279016", "content": "大象行为"}, {"uid": "84671972", "content": "有点那个大病"}, {"uid": "4656", "content": "野原希之助？"}, {"uid": "6620231", "content": "vtb勇气传说"}, {"uid": "27684367", "content": "？？？？？？？"}, {"uid": "257575729", "content": "你这个debu"}, {"uid": "19462162", "content": "欺软怕硬"}, {"uid": "652198876", "content": "凋零骑士"}, {"uid": "22167821", "content": "闷倒象（）"}, {"uid": "8988076", "content": "？？？？？？？？"}, {"uid": "33144479", "content": "可爱"}, {"uid": "475822515", "content": "猿形毕露"}, {"uid": "52809560", "content": "猫猫队立大功"}, {"uid": "236973", "content": "草"}, {"uid": "40846678", "content": "吓出狗叫"}, {"uid": "3598372", "content": "小新hhh"}, {"uid": "420370974", "content": "猴子叫"}, {"uid": "32423963", "content": "你再骂"}, {"uid": "32423963", "content": "草"}, {"uid": "5788806", "content": "草"}, {"uid": "1491854", "content": "你也是韦天"}, {"uid": "11350175", "content": "谢谢你，猫猫"}, {"uid": "23329213", "content": "23366"}, {"uid": "537937", "content": "确实好喝，不过现在不敢喝汽水了555"}, {"uid": "15635972", "content": "一下来就上我一跳"}, {"uid": "176272552", "content": "一下来就上我一跳"}, {"uid": "209022896", "content": "下次一定，真的"}, {"uid": "92337", "content": "您就是韦天？"}, {"uid": "26528889", "content": "有土人～"}, {"uid": "38467178", "content": "草草草，幼狗"}, {"uid": "4656", "content": "吓出狗叫还行，你是牛啊！"}, {"uid": "6620231", "content": "debu音"}, {"uid": "2968030", "content": "蜡笔小新"}, {"uid": "33919342", "content": "太debu了"}, {"uid": "8831030", "content": "？？？？？"}, {"uid": "8988076", "content": "哈哈哈哈哈哈哈哈"}, {"uid": "14910449", "content": "hso"}, {"uid": "12651745", "content": "2333"}, {"uid": "9382309", "content": "这是什么叫声"}, {"uid": "475822515", "content": "挨你的态度能不能好点熬"}, {"uid": "278199", "content": "？？？？"}, {"uid": "151927987", "content": "debu"}, {"uid": "104599259", "content": "虚拟韦天草"}, {"uid": "38823915", "content": "好可爱"}, {"uid": "225460900", "content": "hso"}, {"uid": "225460900", "content": "？？？？？？？？？？？？"}, {"uid": "28040434", "content": "笑死我了"}, {"uid": "22836238", "content": "哪里动了？"}, {"uid": "754937", "content": "是韦天！"}, {"uid": "12514431", "content": "虚拟韦天"}, {"uid": "429632118", "content": "草"}, {"uid": "429632118", "content": "来了来了"}, {"uid": "239361804", "content": "谢谢你，猫猫"}, {"uid": "529178215", "content": "?"}, {"uid": "181666", "content": "不要牛妈妈不要牛妈妈"}, {"uid": "23329213", "content": "希希说牛牛是吧"}, {"uid": "33979659", "content": "全程小奶狗"}, {"uid": "482577692", "content": "所以我不喜欢我房子里有任何活物"}, {"uid": "8577989", "content": "4分钟，新鲜牛肉"}, {"uid": "37055", "content": "哈哈哈哈"}, {"uid": "1596509", "content": "？"}, {"uid": "311596366", "content": "哈哈哈"}, {"uid": "238785", "content": "虚拟韦天"}, {"uid": "30280433", "content": "确实吓人www"}, {"uid": "6819689", "content": "米神母兰达"}, {"uid": "26937214", "content": "草"}, {"uid": "675979", "content": "？？？？"}, {"uid": "38467178", "content": "草"}, {"uid": "3985607", "content": "草"}, {"uid": "279016", "content": "应该放好运来"}, {"uid": "10579112", "content": "草"}, {"uid": "650019141", "content": "勇敢牛牛,不怕困难"}, {"uid": "389305977", "content": "hso"}, {"uid": "24376790", "content": "狗叫"}, {"uid": "13373302", "content": "？你再骂？"}, {"uid": "351449139", "content": "把我家狗吓一跳起来吠我是没想到的"}, {"uid": "89476875", "content": "23333"}, {"uid": "3792847", "content": "草"}, {"uid": "82066634", "content": "？？？？？？？"}, {"uid": "357191362", "content": "热乎的"}, {"uid": "24501353", "content": "太像了"}, {"uid": "311596366", "content": "我擦"}, {"uid": "104599259", "content": "开什么玩笑，要吐了"}, {"uid": "12042919", "content": "天哥实锤啊"}, {"uid": "6819689", "content": "？瓦斯？这个劲大！"}, {"uid": "28040434", "content": "草"}, {"uid": "32423963", "content": "233"}, {"uid": "529178215", "content": "哈哈哈"}, {"uid": "23762888", "content": "？？"}, {"uid": "41023311", "content": "有懦夫22号吗？"}, {"uid": "23329213", "content": "??"}, {"uid": "350311224", "content": "？"}, {"uid": "219799886", "content": "土啊"}, {"uid": "4870798", "content": "草"}, {"uid": "159681476", "content": "？？？"}, {"uid": "38467178", "content": "草"}, {"uid": "1674138138", "content": "前方狗叫高能"}, {"uid": "73853959", "content": "比懦夫1号还懦夫是吧"}, {"uid": "30357390", "content": "你这准是有点毛病"}, {"uid": "389305977", "content": "hso"}, {"uid": "44695125", "content": "笑死"}, {"uid": "4656", "content": "哈哈哈哈哈哈"}, {"uid": "2423315", "content": "debu"}, {"uid": "23762888", "content": "草"}, {"uid": "7539356", "content": "？"}, {"uid": "169256771", "content": "草"}, {"uid": "2372268", "content": "233333"}, {"uid": "409197441", "content": "3分钟"}, {"uid": "5294260", "content": "狗叫"}, {"uid": "1808632", "content": "吓出狗叫"}, {"uid": "10579112", "content": "？？？"}, {"uid": "352411", "content": "？"}, {"uid": "5987688", "content": "草"}, {"uid": "557127", "content": "哈哈哈哈哈哈哈哈哈哈哈哈哈哈哈哈哈哈哈哈哈哈哈哈哈哈哈"}]