[{"uid": "471871822", "content": "倒A"}, {"uid": "17112070", "content": "这句声色沙得心动"}, {"uid": "598860423", "content": "好空灵的嗓音啊"}, {"uid": "598860423", "content": "woc！居然有人喜欢这首！ユニバース！"}, {"uid": "158560671", "content": "月 光 蝶"}, {"uid": "43716", "content": "……我以为这话痨只会WTSM+1"}, {"uid": "175574981", "content": "awsl"}, {"uid": "97224893", "content": "美哭了，单推了"}, {"uid": "36986161", "content": "倒A除掉机设丑，其他是真的没毛病"}, {"uid": "27937", "content": "月姬（"}, {"uid": "638246", "content": "kksk"}, {"uid": "14642417", "content": "泪目"}, {"uid": "573864", "content": "月光蝶！摧毁旧世界的农用器具"}, {"uid": "34487476", "content": "白色恶魔（确信）"}, {"uid": "94529170", "content": "每个人听出来的感觉都不一样"}, {"uid": "1802359", "content": "真整的刚之魂.jpg"}, {"uid": "39411662", "content": "8888888"}, {"uid": "2943847", "content": "希亚娜本身唱歌就很好听，而且之前老喜欢唱音乐剧的歌"}, {"uid": "619481", "content": "月！光！蝶————！！！！！"}, {"uid": "4964376", "content": "倒A和一般的高达，甚至是一般的机器人动画气质都很不一样"}, {"uid": "400544", "content": "整了个转头，还挺美"}, {"uid": "400544", "content": "真安静啊"}, {"uid": "73442773", "content": "月光蝶！"}, {"uid": "836923", "content": "熬听！"}, {"uid": "4067521", "content": "事月光蝶，上个文明毁灭的原因xdl"}, {"uid": "19207343", "content": "想起二小姐了"}, {"uid": "349519200", "content": "20210303!加油下去！"}, {"uid": "6944494", "content": "太好听了5555555"}, {"uid": "306307", "content": "爽哥唯一指定vtb"}, {"uid": "413547", "content": "钢之魂，燃烧起来了！"}, {"uid": "65219882", "content": "噗，希希太有趣了"}, {"uid": "391357", "content": "ww刚想夸希希日语进步了，一个ha笑到了！不过好听！"}, {"uid": "23974521", "content": "钢之魂的传承"}, {"uid": "11691053", "content": "好听"}, {"uid": "29651355", "content": "是倒A！好感动！"}, {"uid": "3095959", "content": "好听！"}, {"uid": "3095959", "content": "希希"}, {"uid": "6970335", "content": "kksk"}, {"uid": "93299", "content": "awsl"}, {"uid": "159081833", "content": "希希唱日语歌，泪目"}, {"uid": "24201646", "content": "倒A开着月光蝶绕地球（）"}, {"uid": "2123652", "content": "月 光 蝶"}, {"uid": "112836", "content": "钢之魂得了传承，泪目"}, {"uid": "112836", "content": "事钢之魂，好耶"}, {"uid": "2199242", "content": "您才是真正的钢之魂！"}, {"uid": "26710167", "content": "蓝蓝路 蓝蓝路"}, {"uid": "573864", "content": "钢之魂此刻依旧存在！"}, {"uid": "7269129", "content": "月光蝶！"}, {"uid": "2178366", "content": "硬是唱出了德语的感觉"}, {"uid": "743190", "content": "您才是钢之魂"}, {"uid": "15580576", "content": "不装了，我摊牌了，我就是十年gachi"}, {"uid": "598860423", "content": "月光蝶！"}, {"uid": "8191276", "content": "月光蝶！！"}, {"uid": "8191276", "content": "您才是钢之魂"}, {"uid": "39411662", "content": "希希真的好棒"}, {"uid": "836923", "content": "钢之魂！钢之魂！"}, {"uid": "429632118", "content": "来了来了"}, {"uid": "179110884", "content": "8/7p+-****///7450."}, {"uid": "6535173", "content": "月之茧，我哭了"}, {"uid": "2025333", "content": "月光蝶"}, {"uid": "357248", "content": "月光蝶还行"}, {"uid": "629637", "content": "惊了高达歌姬"}, {"uid": "14617076", "content": "Univers—————"}, {"uid": "2199242", "content": "我直接进行了一个三的连"}, {"uid": "65403357", "content": "卧槽卧槽！i了i了"}, {"uid": "30247150", "content": "神，白富野巅峰"}, {"uid": "208043", "content": "natsu，不是matsu…"}, {"uid": "50067314", "content": "爷青结"}, {"uid": "39411662", "content": "希希唱日语啦还是钢之魂"}, {"uid": "112836", "content": "月光蝶"}, {"uid": "591314", "content": "钢之魂"}, {"uid": "91777036", "content": "啦啦噜"}, {"uid": "353019078", "content": "来了铁铁们"}, {"uid": "216083815", "content": "kksk"}, {"uid": "542247035", "content": "热乎"}, {"uid": "28196776", "content": "是我最爱的倒a"}, {"uid": "13126334", "content": "是月光蝶"}, {"uid": "1268865", "content": "刚之魂燃起来了"}, {"uid": "86917710", "content": "钢之魂!"}, {"uid": "165532263", "content": "爱了爱了"}, {"uid": "2629851", "content": "双厨狂喜"}, {"uid": "51281390", "content": "百万调音"}, {"uid": "400544", "content": "钢之魂"}, {"uid": "19207343", "content": "Universe！！！！"}, {"uid": "9854490", "content": "钢之魂"}, {"uid": "208043", "content": "oboro，不是ohoro"}, {"uid": "3095959", "content": "好好汀"}, {"uid": "335349146", "content": "月光蝶！"}, {"uid": "1676165", "content": "鋼之魂！！"}, {"uid": "26488510", "content": "月光蝶"}, {"uid": "811775", "content": "听的都不想回去直播间了，对了，去双开吧"}, {"uid": "266412627", "content": "神"}, {"uid": "836923", "content": "钢之魂在闪耀！"}, {"uid": "1025312469", "content": "好听呀"}, {"uid": "238879366", "content": "10W！"}, {"uid": "1880196", "content": "钢之魂!"}, {"uid": "51155633", "content": "turn A"}, {"uid": "134980", "content": "月光蝶———————"}, {"uid": "75379", "content": "卧槽"}, {"uid": "26495119", "content": "卧槽？谁？？"}, {"uid": "1507922", "content": "草儿"}, {"uid": "4938637", "content": "好听！"}, {"uid": "28801260", "content": "月光蝶"}, {"uid": "165532263", "content": "Alal"}, {"uid": "55593", "content": "\\牛牛/\\牛牛/\\牛牛/"}, {"uid": "14642417", "content": "好听"}, {"uid": "384977631", "content": "提妈！"}, {"uid": "44778243", "content": "爷青结"}, {"uid": "71114815", "content": "你是谁？"}, {"uid": "88011462", "content": "好耶"}, {"uid": "35279368", "content": "好听"}, {"uid": "55593", "content": "\\牛牛/\\牛牛/"}, {"uid": "5987688", "content": "gachi了"}, {"uid": "2562852", "content": "钢之魂"}, {"uid": "33018344", "content": "turna 喜欢的人喜欢的不得了 不喜欢的可能就听下歌"}, {"uid": "22663985", "content": "百万调音"}, {"uid": "3095959", "content": "好美"}, {"uid": "1549096", "content": "刚之魂！"}, {"uid": "811775", "content": "啊啊希希"}, {"uid": "9409650", "content": "喔嗨喲"}, {"uid": "19334250", "content": "！"}, {"uid": "86917710", "content": "u"}, {"uid": "305072215", "content": "大胡子"}, {"uid": "2854208", "content": "好耶"}, {"uid": "36986161", "content": "挺好的歌，配了最丑的高达......"}, {"uid": "55593", "content": "\\牛牛/\\牛牛/\\牛牛/\\牛牛/\\牛牛/\\牛牛/"}, {"uid": "55593", "content": "\\牛牛/\\牛牛/\\牛牛/\\牛牛/\\牛牛/\\牛牛/"}, {"uid": "55593", "content": "\\牛牛/\\牛牛/\\牛牛/\\牛牛/\\牛牛/\\牛牛/\\牛牛/\\牛牛/\\牛牛/"}, {"uid": "475921922", "content": "没看过这部高达作品，怎么样？"}]