[{"uid": "341752440", "content": "奇 怪 牛 牛"}, {"uid": "16538629", "content": "这是mong男？"}, {"uid": "400327421", "content": "牛牛你的角碎了"}, {"uid": "12110758", "content": "叫嚣的希希"}, {"uid": "403010135", "content": "所以后面那条围巾是尾巴吗？"}, {"uid": "646569510", "content": "什么魅魔明明是肥牛"}, {"uid": "24224028", "content": "确实"}, {"uid": "18216019", "content": "成人型？什么样的成人型？"}, {"uid": "18216019", "content": "醒来还是很感动"}, {"uid": "23368005", "content": ":我的锯肉刀动了，今晚加入狩猎!。。。"}, {"uid": "35378424", "content": "那确实"}, {"uid": "2592271", "content": "当然我啊，难道叶问啊"}, {"uid": "18094963", "content": "是小人，玩看到了跳舞的小人！"}, {"uid": "83210315", "content": "好怪哦"}, {"uid": "7849353", "content": "是牛牛！！"}, {"uid": "19195611", "content": "我笑得超大声"}, {"uid": "16957767", "content": "！"}, {"uid": "22390536", "content": "千言万语汇成一句话：极其能整活"}, {"uid": "22390536", "content": "等下，从哪掏的？"}, {"uid": "22390536", "content": "你再骂？"}, {"uid": "22390536", "content": "吾即大灾变！"}, {"uid": "61205987", "content": "没用扣篮的方式就知足吧"}, {"uid": "23874332", "content": "那你也太弱了吧"}, {"uid": "267317620", "content": "泪！喷了出来"}, {"uid": "267317620", "content": "确实"}, {"uid": "76742337", "content": "这个魂儿笑死我了"}, {"uid": "7658255", "content": "迫 真 棒 读"}, {"uid": "39411662", "content": "确实"}, {"uid": "39411662", "content": "确实"}, {"uid": "4888525", "content": "反向梦魇？"}, {"uid": "40114821", "content": "蚌埠住了"}, {"uid": "174934587", "content": "开始催眠"}, {"uid": "228462", "content": "好家伙，耐萨里奥"}, {"uid": "228462", "content": "被打哭"}, {"uid": "26093258", "content": "变了！变了！！"}, {"uid": "18368921", "content": "鳄鱼的眼泪"}, {"uid": "16870806", "content": "胖三斤的安全感"}, {"uid": "172995951", "content": "鲍勃：这游戏就是这么玩儿的！你还真是个人才啊，朋友！ "}, {"uid": "2907196", "content": "出现了一只鬼？！"}, {"uid": "244962", "content": "我……我没烧热水啊？"}, {"uid": "28848775", "content": "还是一头优质和牛"}, {"uid": "28848775", "content": "夺走以后身体就论斤买了吧，多钱一斤"}, {"uid": "8497625", "content": "牛牛大战老大哥"}, {"uid": "51007090", "content": "确实"}, {"uid": "51007090", "content": "破音了，草"}, {"uid": "27227752", "content": "啊，你发现你自己是个猎人"}, {"uid": "49813537", "content": "下次做梦带点孜然"}, {"uid": "49813537", "content": "战术破音"}, {"uid": "49813537", "content": "像牛像马又像羊"}, {"uid": "38467178", "content": "草，星星眼"}, {"uid": "1322068", "content": "坏女人"}, {"uid": "752672", "content": "我看了个啥"}, {"uid": "2848992", "content": "爷真可爱"}, {"uid": "24239506", "content": "话痨"}, {"uid": "24239506", "content": "这个高贵而威严的角……是断了吧"}, {"uid": "24239506", "content": "是牛牛哒"}, {"uid": "15499112", "content": "是酒馆那个鲍勃吧"}, {"uid": "12343783", "content": "确实"}, {"uid": "52453166", "content": "好家伙，横冲出来一头牛牛"}, {"uid": "31368535", "content": "确实，小话痨"}, {"uid": "2296000", "content": "《前摇过长》"}, {"uid": "22031839", "content": "你确定这不是狮吼功"}, {"uid": "20059488", "content": "陷入疯狂：对未知疯狂的追求"}, {"uid": "1649145", "content": "蚌扒住了"}, {"uid": "351906", "content": "金汤(眼泪)肥牛"}, {"uid": "3359235", "content": "你也是钓鱼王？"}, {"uid": "7821", "content": "色自己的屑牛牛"}, {"uid": "35818081", "content": "米哈游画师的xp管理"}, {"uid": "366986", "content": "妈妈我想娶她"}, {"uid": "7831668", "content": "绣眼鸟（）"}, {"uid": "356549697", "content": "我盯着看眼睛没注意到口水掉下来了，太草了"}, {"uid": "187570", "content": "听snp"}, {"uid": "33224269", "content": "真是个话痨啊2333"}, {"uid": "33224269", "content": "前摇太长23333"}, {"uid": "668611833", "content": "仰望星空………是我想的哪个藏尸案吗？？？"}, {"uid": "668611833", "content": "这味儿也太正了吧………"}, {"uid": "227530491", "content": "虚晃一枪"}, {"uid": "16807747", "content": "不对称的腿环，花酒太懂了"}, {"uid": "318655", "content": "然后这只牛就鸽了。"}, {"uid": "8409742", "content": "你这鲍勃是不是一股大蒜味，苏阿姨是不是爱打牌"}, {"uid": "34959019", "content": "???"}, {"uid": "13828590", "content": "牛 头 马 面"}, {"uid": "29115472", "content": "草"}, {"uid": "20865617", "content": "话痨"}, {"uid": "26654683", "content": "一直哭包梦魇"}, {"uid": "10826569", "content": "？？？"}, {"uid": "19108459", "content": "确实"}, {"uid": "401958469", "content": "牛牛大战恶龙"}, {"uid": "597889", "content": "啊这！"}, {"uid": "401958469", "content": "怪话王希希"}, {"uid": "401958469", "content": "debu希希"}, {"uid": "401958469", "content": "我直呼大草"}, {"uid": "401958469", "content": "好家伙希希钓鱼确定"}, {"uid": "29052755", "content": "那确实"}, {"uid": "37280277", "content": "草"}, {"uid": "37280277", "content": "是什么蒙蔽了我的双眼！"}, {"uid": "675843", "content": "看久了会笑出来"}, {"uid": "675843", "content": "为什么我在不应该笑的地方笑了出来"}, {"uid": "23762888", "content": "我信了（）"}, {"uid": "2548775", "content": "牛牛你正常点233"}, {"uid": "23762888", "content": "那确实"}, {"uid": "8564690", "content": "汪汪队大哭"}, {"uid": "10673941", "content": "牛要是有涌泉穴，我手指头还能这样吗.jpg"}, {"uid": "13373302", "content": "好怪哦，多来点"}, {"uid": "6306681", "content": "懂了，点了关注希希就会开始摸"}, {"uid": "558539", "content": "rua"}, {"uid": "12075514", "content": "报 丧 女 妖"}, {"uid": "4062798", "content": "做人不能太韦天啊"}, {"uid": "4062798", "content": "那确实"}, {"uid": "4062798", "content": "不！你是坏女人"}, {"uid": "454366767", "content": "难道是~变身时的圣光时刻在穿衣服（）"}, {"uid": "454366767", "content": "一直都有个问题~兽形态变身是怎么直接穿上衣服成人的形态的（）"}, {"uid": "4062798", "content": "是个大聪明"}, {"uid": "208043", "content": "从奶油中伸出的两根牛角面包"}, {"uid": "255955170", "content": "是号啕大哭"}, {"uid": "173025181", "content": "汪汪大哭"}, {"uid": "37646306", "content": "宇宙超人，睁开眼睛"}, {"uid": "564182", "content": "瘦 腿 神 器"}, {"uid": "267738", "content": "打电动和打电动"}, {"uid": "397835007", "content": "好家伙又从翻译腔变成说书了"}, {"uid": "397835007", "content": "哦，我那该死的上帝啊请不要用这翻译腔跟我说话好吗"}, {"uid": "381084", "content": "别的游戏像你那么好看的都被抓去当压寨夫人了"}, {"uid": "381084", "content": "歪比巴卜那个鲍勃么，还是酒馆那个?"}, {"uid": "154400716", "content": "蚌埠住了"}, {"uid": "361033321", "content": "如奶油般柔顺的长发，指头很久没洗油了"}, {"uid": "124030231", "content": "光怪（破音）陆离"}, {"uid": "2494856", "content": "像雾像云又像风"}, {"uid": "33624173", "content": "当然叶问啊，难道我啊（"}, {"uid": "19207343", "content": "可可爱爱"}, {"uid": "53385003", "content": "小话痨"}, {"uid": "185515484", "content": "不是，是小笨比"}, {"uid": "3592817", "content": "老板，这肥牛怎么卖"}, {"uid": "55940206", "content": "好青春啊"}, {"uid": "98356643", "content": "是牛头人战士（"}, {"uid": "4494836", "content": "你赔我屏幕！"}, {"uid": "4494836", "content": "草"}, {"uid": "14661338", "content": "牛 头 马 面"}, {"uid": "11356469", "content": "真的吗？我不信"}, {"uid": "11207444", "content": "听到这我真的忍不住了，笑的肚子疼"}, {"uid": "38719521", "content": "胡萝ber～"}, {"uid": "488940", "content": "配乐诗朗诵"}, {"uid": "21179675", "content": "炫辉龙破头演示（"}, {"uid": "567313", "content": "这就是你的神之眼么喵"}, {"uid": "41130405", "content": "提妈（幻视"}, {"uid": "1584940", "content": "是牛牛！！！"}, {"uid": "5795384", "content": "草"}, {"uid": "21563", "content": "宇宙超人，你不必睁开眼睛"}, {"uid": "34958531", "content": "眼泪，设了出来"}, {"uid": "1691677", "content": "牛头人酋长"}, {"uid": "8831030", "content": "双马尾好可爱！"}, {"uid": "8831030", "content": "赛我嘴里！"}, {"uid": "3916674", "content": "草，生了出来"}, {"uid": "20145", "content": "所以让你不要单推牛牛"}, {"uid": "8831030", "content": "哇，你好韦天"}, {"uid": "34958531", "content": "不就是一块石头嘛！看我把它推回去！"}, {"uid": "23120016", "content": "记住这句话"}, {"uid": "49820321", "content": "我可真信了"}, {"uid": "338447", "content": "每次见到她，都觉得她比之前胖了三斤"}, {"uid": "402960679", "content": "神奇的裙子"}, {"uid": "8876105", "content": "袜！腿还能动诶（"}, {"uid": "8172211", "content": "果然是魅魔"}, {"uid": "49820321", "content": "加了亿点点特效"}, {"uid": "44078585", "content": "好的牛牛，没问题牛牛"}, {"uid": "8172211", "content": "是牛牛！！！"}, {"uid": "8172211", "content": "是魅魔！！！！！"}, {"uid": "144655736", "content": "我san值开始掉了"}, {"uid": "2016017407", "content": "牛  马"}, {"uid": "472335101", "content": "你吼辣么大声干什么嘛"}, {"uid": "2025333", "content": "赛文输给了泽迪"}, {"uid": "20145", "content": "牛头马面！"}, {"uid": "438892258", "content": "哦！是牛马！"}, {"uid": "95742078", "content": "啊！我的2k曲面屏！"}, {"uid": "533245", "content": "兄啊奴这是过灵感失败了的症状啊"}, {"uid": "95172565", "content": "奶油这玩意柔顺吗(疑惑)"}, {"uid": "2259991", "content": "是牛角面包，啊我看饿了"}, {"uid": "2259991", "content": "啊，是牛牛"}, {"uid": "89739012", "content": "牛牛～～～～"}, {"uid": "687541849", "content": "好耶！让我看"}, {"uid": "17252654", "content": "是牛牛哒！"}, {"uid": "4734099", "content": "原来是牛牛"}, {"uid": "7905448", "content": "洛斯里克哈哈哈哈哈"}, {"uid": "228462", "content": "小心变傻"}, {"uid": "16870806", "content": "胖三斤 胖三斤"}, {"uid": "8062540", "content": "你目睹了不可理解的超自然现象CS成功减1失败减1D6"}, {"uid": "5973948", "content": "牛牛出现了"}, {"uid": "6831379", "content": "好的牛牛，知道了牛牛"}, {"uid": "12700753", "content": "牛牛！"}, {"uid": "205958682", "content": "是富婆龙！"}, {"uid": "33147", "content": "胖三斤！"}, {"uid": "8490104", "content": "牛~~~牛~~~"}, {"uid": "4087405", "content": "就，很神秘"}, {"uid": "31368535", "content": "不愧是你"}, {"uid": "732692", "content": "绷不住了"}, {"uid": "220143", "content": "是牛牛 是牛牛"}, {"uid": "20625089", "content": "稍加思索，这是指睡懒觉吗"}, {"uid": "1764308", "content": "误看成琪亚娜了"}, {"uid": "318655", "content": "等等，这BGM肯定是某个Galgame里的！"}, {"uid": "921754", "content": "san check成功减1d10失败减1d100"}, {"uid": "2306512", "content": "千年眼（误）"}, {"uid": "6686710", "content": "411回合结束复活"}, {"uid": "74403703", "content": "克 苏 鲁 神 话"}, {"uid": "31076307", "content": "三个金色随从不能三连"}, {"uid": "4825165", "content": "工作日11点睡觉的屑"}, {"uid": "401958469", "content": "书接上回"}, {"uid": "18422187", "content": "初次见面（笑）"}, {"uid": "523267039", "content": "是牛牛！！！"}, {"uid": "18422187", "content": "Bon不jour了"}, {"uid": "208043", "content": "突然出现一只鬼"}, {"uid": "4469038", "content": "一只牛牛"}, {"uid": "303326", "content": "是牛牛！"}, {"uid": "3201514", "content": "牛牛 我爱牛牛！"}, {"uid": "1525202", "content": "裙子手穿模了（"}, {"uid": "467357", "content": "草 死亡之翼呢"}, {"uid": "36752293", "content": "是牛牛！"}, {"uid": "3030947", "content": "车车？好快的车车？"}, {"uid": "35515149", "content": "这特效，我瞎了"}, {"uid": "4494836", "content": "ko no 牛牛 da！！！！"}, {"uid": "102694902", "content": "从哪里掏出来的？"}, {"uid": "84671972", "content": "每次见到牛牛，牛牛都胖了三斤"}, {"uid": "27683485", "content": "羊（洋）马doge"}, {"uid": "5048838", "content": "真的这么Q弹嘛"}, {"uid": "8564690", "content": "我迷迷糊糊就被你忽悠了"}, {"uid": "18280655", "content": "牛牛要来了！！！"}, {"uid": "7698936", "content": "方便饿的时候掰下来吃"}, {"uid": "451928", "content": "香蕉辉映笑死我了"}, {"uid": "476668", "content": "交相辉映"}, {"uid": "89476875", "content": "是牛牛"}, {"uid": "22022192", "content": "左后腿怎么卖？能直接烤好了卖吗"}, {"uid": "482577692", "content": "我要吃牛里脊"}, {"uid": "513296921", "content": "哦原来你是奶牛啊"}, {"uid": "2259991", "content": "是牛牛是希牛"}, {"uid": "8274004", "content": "知道了牛牛"}, {"uid": "1483030", "content": "好的牛牛"}, {"uid": "9969121", "content": "是牛牛！"}, {"uid": "132159", "content": "好，下次一定"}, {"uid": "267317620", "content": "是牛牛！"}, {"uid": "356015996", "content": "叶问"}, {"uid": "219799886", "content": "独  角  兽"}, {"uid": "77641108", "content": "守护最好的牛头人"}, {"uid": "381003", "content": "是牛牛！！！"}, {"uid": "46222721", "content": "期待歌剧！！！！"}, {"uid": "8211248", "content": "反重力符文"}, {"uid": "241307", "content": "原来是牛牛阿"}, {"uid": "16870806", "content": "是牛牛哒！！"}, {"uid": "19174622", "content": "好神秘"}, {"uid": "28848775", "content": "五A和牛"}, {"uid": "82764230", "content": "不愧是你"}, {"uid": "33147", "content": "好奇是不是胖三斤"}, {"uid": "30385031", "content": "绷不住了"}, {"uid": "24239506", "content": "我……笑出了声"}, {"uid": "79352987", "content": "马头牛牛！"}, {"uid": "89386629", "content": "梦魇赤兔马"}, {"uid": "2556696", "content": "还我牛牛不要希希"}, {"uid": "220143", "content": "这是恐怖小说啊"}, {"uid": "12370332", "content": "纱布-尼古拉斯（SAN:0）"}, {"uid": "334479273", "content": "真好看啊啊啊"}, {"uid": "227530491", "content": "碎月（）"}, {"uid": "6782340", "content": "报丧女妖（独角兽二号机）"}, {"uid": "6782340", "content": "报丧女妖 草"}, {"uid": "245841517", "content": "这个破音笑死我了"}, {"uid": "34959019", "content": "太生草了"}, {"uid": "2767190", "content": "牛牛！架！"}, {"uid": "401958469", "content": "草，我这就去看"}, {"uid": "2658192", "content": "一脚蹄子"}, {"uid": "5377902", "content": "原来你一直在我身边，我真正的导师，我的月光"}, {"uid": "22584063", "content": "调查员上线（）"}, {"uid": "401958469", "content": "被希希勾走魂魄了"}, {"uid": "4454271", "content": "已经开始笑了"}, {"uid": "675843", "content": "吾即大灾变（"}, {"uid": "675843", "content": "卡姿兰打钱！"}, {"uid": "675843", "content": "这角看起来很好吃"}, {"uid": "4383405", "content": "是牛牛！"}, {"uid": "863527", "content": "大表哥掀桌了"}, {"uid": "558539", "content": "莫名生草"}, {"uid": "208043", "content": "四次元裤衩子吗？"}, {"uid": "4062798", "content": "草，太玛丽苏了"}, {"uid": "4062798", "content": "蚌埠住了兄弟萌"}, {"uid": "208043", "content": "不然会san check"}, {"uid": "4062798", "content": "就是牛牛！就是牛牛！"}, {"uid": "33656061", "content": "是 是牛牛"}, {"uid": "267738", "content": "绚辉龙"}, {"uid": "394344189", "content": "醒来还是很感动"}, {"uid": "381084", "content": "见手青吃多了么"}, {"uid": "361033321", "content": "傻了！被傻气传染了！"}, {"uid": "110742027", "content": "答案是希牛！"}, {"uid": "12754387", "content": "大制作"}, {"uid": "8542147", "content": "懂了是指希希在首播之后的一段规律直播之后开始摸了"}, {"uid": "2740360", "content": "好耶，是牛牛！"}, {"uid": "3844666", "content": "蚌埠住了兄弟萌"}, {"uid": "263117031", "content": "我不行了，笑死了2333"}, {"uid": "355562", "content": "你好肯尼！"}, {"uid": "1853686", "content": "是牛牛！！！"}, {"uid": "11378814", "content": "破功了"}, {"uid": "1853686", "content": "是牛牛！！"}, {"uid": "99719791", "content": "这不是暗淡无光吗（）"}, {"uid": "8564690", "content": "原来我长这样"}, {"uid": "23120016", "content": "怂（）"}, {"uid": "8564690", "content": "那是牛角！"}, {"uid": "13399970", "content": "手机屏 危"}, {"uid": "8172211", "content": "是魅魔（确信）"}, {"uid": "15133592", "content": "话痨牛牛"}, {"uid": "1631946", "content": "什么竟然是羊角"}, {"uid": "341752440", "content": "好大的星空"}, {"uid": "121938661", "content": "牛头马面"}, {"uid": "12891523", "content": "给我变！"}, {"uid": "5398005", "content": "双角马，好涩哦"}, {"uid": "2981401", "content": "牛头马面 →_→"}, {"uid": "24681812", "content": "看久了会近视"}, {"uid": "18541981", "content": "胖三斤！！！！"}, {"uid": "267317620", "content": "下次一定"}, {"uid": "39411662", "content": "希翼德"}, {"uid": "77641108", "content": "你可少看点小说吧"}, {"uid": "100148789", "content": "是牛牛"}, {"uid": "7527066", "content": "请过一次sancheck"}, {"uid": "65403357", "content": "害怕怕"}, {"uid": "245100357", "content": "好的牛牛"}, {"uid": "22896758", "content": "馄饨哪有馄饨"}, {"uid": "55593", "content": "\\牛牛/\\牛牛/\\牛牛/"}, {"uid": "66709330", "content": "不要问问就是牛牛"}, {"uid": "40846947", "content": "用魔法粘起来的断角有个毛威严啊kora"}, {"uid": "11117352", "content": "是牛牛！"}, {"uid": "14822073", "content": "是你！绚辉龙"}, {"uid": "23268903", "content": "哈哈哈哈哈哈哈哈"}, {"uid": "94885196", "content": "怪起来了"}, {"uid": "675979", "content": "是牛牛！"}, {"uid": "429632118", "content": "是牛牛"}, {"uid": "26654683", "content": "好神秘哦"}, {"uid": "26654683", "content": "绷不住了"}, {"uid": "26654683", "content": "是牛牛！"}, {"uid": "450775", "content": "是牛牛！"}, {"uid": "66745947", "content": "O(∩_∩)O哈哈~"}, {"uid": "10826569", "content": "草"}, {"uid": "401958469", "content": "牛头马面"}, {"uid": "29052755", "content": "是牛牛"}, {"uid": "109389235", "content": "好快的牛牛"}, {"uid": "675843", "content": "要过一个SAN CHECK"}, {"uid": "2535605", "content": "就是牛牛！就是牛牛！"}, {"uid": "8058941", "content": "win~win~win~"}, {"uid": "8058941", "content": "过一个sancheck"}, {"uid": "168376557", "content": "经典不对称"}, {"uid": "99608199", "content": "就有生草的感觉"}, {"uid": "4062798", "content": "是牛牛！"}, {"uid": "4043262", "content": "交出牛牛"}, {"uid": "12051048", "content": "好的牛牛"}, {"uid": "216083815", "content": "这么喜欢湍流置换"}, {"uid": "12754387", "content": "嗯？"}, {"uid": "12754387", "content": "害怕"}, {"uid": "33624173", "content": "骂谁老火鸡呢（"}, {"uid": "1817647", "content": "该过一个san check了"}, {"uid": "3844666", "content": "“头”"}, {"uid": "355562", "content": "哇 你好韦天"}, {"uid": "6287676", "content": "是牛牛哒"}, {"uid": "2279296", "content": "莫名生草"}, {"uid": "5817377", "content": "是牛牛"}, {"uid": "21179675", "content": "肥牛！"}, {"uid": "21564241", "content": "哈哈哈哈哈"}, {"uid": "1769722", "content": "懂了，异世界相声"}, {"uid": "56413", "content": "是牛牛！"}, {"uid": "84671972", "content": "我才不长这样！"}, {"uid": "7698936", "content": "嗯？？？"}, {"uid": "5795384", "content": "是牛牛！"}, {"uid": "8564690", "content": "每天三斤"}, {"uid": "584397", "content": "这身好耶"}, {"uid": "169947483", "content": "是牛牛哒"}, {"uid": "8831030", "content": "是牛牛！"}, {"uid": "511603", "content": "我不信，让我尝尝"}, {"uid": "8857368", "content": "御姐牛牛"}, {"uid": "179513674", "content": "牛牛!牛牛!牛牛!"}, {"uid": "871133", "content": "是牛牛！"}, {"uid": "531602675", "content": "是牛牛！"}, {"uid": "34656808", "content": "是牛牛！"}, {"uid": "12891523", "content": "草，蚌埠住了"}, {"uid": "8274004", "content": "一只牛牛"}, {"uid": "8274004", "content": "是牛牛！"}, {"uid": "2266822", "content": "牛牛"}, {"uid": "83210315", "content": "蚌埠住了"}, {"uid": "61205987", "content": "鲍勃：来了七个新对手准备好了吗"}, {"uid": "10579112", "content": "是牛牛！"}, {"uid": "40114821", "content": "草"}, {"uid": "37152145", "content": "爷先笑为敬"}, {"uid": "35020102", "content": "牛牛好大啊"}, {"uid": "5973948", "content": "开始笑了"}, {"uid": "21526969", "content": "红烧牛肉面，就是这个味儿"}, {"uid": "12700753", "content": "牛牛！"}, {"uid": "100481705", "content": "是牛牛！"}, {"uid": "6034957", "content": "绷不住了"}, {"uid": "6034957", "content": "是小话痨"}, {"uid": "279229672", "content": "洛斯里克城"}, {"uid": "5423488", "content": "好的牛牛"}, {"uid": "31368535", "content": "一牛牛"}, {"uid": "2296224", "content": "蚌埠住了"}, {"uid": "5790137", "content": "咕 鲨了我吧"}, {"uid": "5790137", "content": "是牛牛哒！"}, {"uid": "70938480", "content": "太草"}, {"uid": "220143", "content": "然后就是一辈子、"}, {"uid": "20625089", "content": "是牛牛"}, {"uid": "1768394", "content": "不是牛，是牛牛"}, {"uid": "8403416", "content": "是牛牛"}, {"uid": "14956955", "content": "真会说话吗？害怕"}, {"uid": "14956955", "content": "害怕"}, {"uid": "429632118", "content": "来了来了"}, {"uid": "20865617", "content": "扭曲的梦境"}, {"uid": "1704410", "content": "是牛牛"}, {"uid": "5377902", "content": "路德维希"}, {"uid": "4825165", "content": "蚌埠住了"}, {"uid": "10760191", "content": "是牛牛！"}, {"uid": "5512", "content": "是牛牛！"}, {"uid": "13373302", "content": "牛牛！牛牛！牛牛！"}, {"uid": "208043", "content": "这眼睛也太怪了"}, {"uid": "12326867", "content": "好的牛牛"}, {"uid": "3400", "content": "但是是个憨憨"}, {"uid": "394344189", "content": "牛牛！"}, {"uid": "381084", "content": "害怕。jpg"}, {"uid": "3201514", "content": "HSO"}, {"uid": "330674", "content": "害怕"}, {"uid": "8542147", "content": "给我变"}, {"uid": "88011462", "content": "牛牛！"}, {"uid": "53385003", "content": "哈哈哈哈哈哈"}, {"uid": "773271", "content": "是牛牛"}, {"uid": "7270816", "content": "我居然看完了"}, {"uid": "3844666", "content": "香蕉？哪里有香蕉？"}, {"uid": "3844666", "content": "牛牛别念了"}, {"uid": "3030947", "content": "是牛牛！"}, {"uid": "6287676", "content": "不然会变傻"}, {"uid": "13926374", "content": "绷不住了"}, {"uid": "5795384", "content": "草"}, {"uid": "215505279", "content": "她好认真，但我还是想笑"}, {"uid": "20145", "content": "肥牛"}, {"uid": "402960679", "content": "让我看？？？？"}, {"uid": "436361810", "content": "真的有那么Q弹吗"}, {"uid": "414422", "content": "是牛牛~"}, {"uid": "1631946", "content": "来了 来了"}, {"uid": "21639219", "content": "看了个什么玩意？"}, {"uid": "13361442", "content": "牛马战士"}, {"uid": "1961342", "content": "牛牛！"}, {"uid": "20195026", "content": "大表哥！！！"}, {"uid": "1869006", "content": "像牛像马又像希"}, {"uid": "8274004", "content": "是牛牛"}, {"uid": "432336386", "content": "这是羊还是马"}, {"uid": "345306920", "content": "我好想在哪见过你"}, {"uid": "4519275", "content": "是牛牛"}, {"uid": "10603887", "content": "就好人外"}, {"uid": "91316236", "content": "牛马"}, {"uid": "27553810", "content": "哇，你太韦天了"}, {"uid": "23874332", "content": "太草了"}, {"uid": "267317620", "content": "牛牛！"}, {"uid": "10579112", "content": "草"}, {"uid": "39411662", "content": "这里好好看"}, {"uid": "39411662", "content": "做成牛排一定很多油吧"}, {"uid": "39411662", "content": "可爱"}, {"uid": "37756280", "content": "上个舰呗老板"}, {"uid": "40114821", "content": "哈哈哈哈哈"}, {"uid": "8167105", "content": "草"}, {"uid": "279229672", "content": "Yes,indeed"}, {"uid": "16968095", "content": "prprprpr"}, {"uid": "283765022", "content": "kuacha"}, {"uid": "4731103", "content": "海绵宝宝克苏鲁？"}, {"uid": "5830939", "content": "可惜张了张嘴"}, {"uid": "33147", "content": "头 梦魇"}, {"uid": "24239506", "content": "当然萌王啦，难道我啊？"}, {"uid": "31368535", "content": "魂er"}, {"uid": "1502767", "content": "san check"}, {"uid": "5790137", "content": "《曼妙》"}, {"uid": "5790137", "content": "牛牛！"}, {"uid": "33224269", "content": "四不像2333"}, {"uid": "73674638", "content": "？？？"}, {"uid": "227530491", "content": "心肺骤停"}, {"uid": "227530491", "content": "这一声笑死我了"}, {"uid": "35754270", "content": "肥牛"}, {"uid": "32844917", "content": "这里我笑出声了"}, {"uid": "9021804", "content": "好生草"}, {"uid": "429632118", "content": "？？？？？？"}, {"uid": "429632118", "content": "草"}, {"uid": "13877243", "content": "是牛牛"}, {"uid": "401958469", "content": "可爱"}, {"uid": "29052755", "content": "是牛牛"}, {"uid": "610463", "content": "是牛牛"}, {"uid": "12894391", "content": "是牛牛"}, {"uid": "34380163", "content": "牛牛！"}, {"uid": "2958758", "content": "我看了个啥"}, {"uid": "7269129", "content": "HSO"}, {"uid": "126052293", "content": "呲溜"}, {"uid": "4062798", "content": "hso"}, {"uid": "1961342", "content": "我扣起来了"}, {"uid": "356015996", "content": "是不是笑场了？"}, {"uid": "580076", "content": "安心感，指胖"}, {"uid": "23088521", "content": "是牛牛"}, {"uid": "23088521", "content": "害怕"}, {"uid": "22177665", "content": "xklz？"}, {"uid": "6404594", "content": "是牛牛！"}, {"uid": "3844666", "content": "如奶牛般（）"}, {"uid": "355562", "content": "rua"}, {"uid": "35515149", "content": "？"}, {"uid": "4494836", "content": "真的有那么q弹吗"}, {"uid": "35515149", "content": "牛牛！"}, {"uid": "3384911", "content": "牛牛！"}, {"uid": "11207444", "content": "是牛牛"}, {"uid": "21179675", "content": "牛牛！"}, {"uid": "20375255", "content": "是牛牛！"}, {"uid": "1716299", "content": "我tm笑死"}, {"uid": "20375255", "content": "牛牛！"}, {"uid": "34958531", "content": "怪话来力"}, {"uid": "56413", "content": "牛牛！"}, {"uid": "16086823", "content": "我看了个啥"}, {"uid": "8831030", "content": "好耶！"}, {"uid": "49820321", "content": "歌剧2？"}, {"uid": "49820321", "content": "真香"}, {"uid": "1271249", "content": "kono牛牛哒！"}, {"uid": "20145", "content": "我饿了"}, {"uid": "11454057", "content": "是牛牛！"}, {"uid": "18280655", "content": "是牛牛"}, {"uid": "7698936", "content": "奶油？能吃吗？"}, {"uid": "129157", "content": "话说这jio是不是断了"}, {"uid": "16361699", "content": "为什么这只梦魇这么傻，感受不到涩呢？"}, {"uid": "26139801", "content": "希牛！"}, {"uid": "66587181", "content": "是希牛！"}, {"uid": "443610176", "content": "？"}, {"uid": "482577692", "content": "牛魔王"}, {"uid": "300120155", "content": "好家伙"}, {"uid": "27164642", "content": "奶油？"}, {"uid": "197332069", "content": "saki？？？"}, {"uid": "35957769", "content": "草"}, {"uid": "85062600", "content": "牛牛"}, {"uid": "39411662", "content": "胖三斤"}, {"uid": "4734099", "content": "牛牛!"}, {"uid": "40114821", "content": "草"}, {"uid": "8635662", "content": "可能是单推吧"}, {"uid": "230951989", "content": "犀牛哒！"}, {"uid": "26093258", "content": "牛牛！"}, {"uid": "1508562", "content": "牛牛！"}, {"uid": "3925549", "content": "牛牛！"}, {"uid": "76816827", "content": "好的爷走了"}, {"uid": "14191135", "content": "草草草"}, {"uid": "12700753", "content": "草"}, {"uid": "6034957", "content": "草"}, {"uid": "1987384", "content": "是牛牛"}, {"uid": "182744827", "content": "哈哈哈哈"}, {"uid": "33147", "content": "是牛牛"}, {"uid": "752672", "content": "蚌埠住了"}, {"uid": "108953532", "content": "四不像"}, {"uid": "1649145", "content": "蚌埠住了"}, {"uid": "34155330", "content": "大鲍勃又做错了什么呢？"}, {"uid": "351906", "content": "是牛牛哒"}, {"uid": "7821", "content": "奶牛"}, {"uid": "8606088", "content": "是希牛！"}, {"uid": "227530491", "content": "草"}, {"uid": "8409742", "content": "？！"}, {"uid": "40321008", "content": "老鲍勃了"}, {"uid": "5892901", "content": "蚌埠住了"}, {"uid": "4313978", "content": "看这就好吃"}, {"uid": "61048436", "content": "是牛牛"}, {"uid": "207559743", "content": "是牛牛"}, {"uid": "26654683", "content": "牛牛"}, {"uid": "10826569", "content": "希张飞"}, {"uid": "4825165", "content": "韦天怪话"}, {"uid": "19108459", "content": "prprprprpr"}, {"uid": "401958469", "content": "debu"}, {"uid": "401958469", "content": "suki"}, {"uid": "401958469", "content": "草"}, {"uid": "29052755", "content": "是牛牛"}, {"uid": "37280277", "content": "草"}, {"uid": "109389235", "content": "牛牛"}, {"uid": "175445896", "content": "草"}, {"uid": "23762888", "content": "草"}, {"uid": "126052293", "content": "哧溜"}, {"uid": "19977915", "content": "芳心暗许"}, {"uid": "558539", "content": "san check 1d20"}, {"uid": "4062798", "content": "害怕"}, {"uid": "3400", "content": "是牛牛"}, {"uid": "3400", "content": "\\牛牛/\\牛牛/\\牛牛/"}, {"uid": "15122874", "content": "牛牛"}, {"uid": "303326", "content": "牛牛！"}, {"uid": "216083815", "content": "大表哥是吧"}, {"uid": "19367097", "content": "月读（"}, {"uid": "50853646", "content": "是牛牛"}, {"uid": "53385003", "content": "希希我单推你"}, {"uid": "19207343", "content": "牛牛！"}, {"uid": "2740360", "content": "牛牛我来啦"}, {"uid": "29657893", "content": "牛牛！"}, {"uid": "1579429", "content": "米哈游腿环"}, {"uid": "4494836", "content": "？？？"}, {"uid": "402690065", "content": "有跑团内味儿了！"}, {"uid": "4494836", "content": "hso"}, {"uid": "138538471", "content": "蚌埠住了，兄弟们"}, {"uid": "481755", "content": "草"}, {"uid": "56413", "content": "牛牛！"}, {"uid": "5795384", "content": "草"}, {"uid": "16870806", "content": "\\牛牛/\\牛牛/\\牛牛/"}, {"uid": "159081833", "content": "哈人"}, {"uid": "8564690", "content": "牛牛！"}, {"uid": "4529248", "content": "是牛牛"}, {"uid": "170314131", "content": "是牛牛"}, {"uid": "325288", "content": "牛牛！’"}, {"uid": "34656808", "content": "是牛牛"}, {"uid": "27967346", "content": "牛牛"}, {"uid": "27164642", "content": "？"}, {"uid": "27164642", "content": "你正常点"}, {"uid": "189865", "content": "牛牛"}, {"uid": "39718475", "content": "韦天?似李"}, {"uid": "2259991", "content": "是牛牛"}, {"uid": "16957767", "content": "rua"}, {"uid": "346377960", "content": "？？？"}, {"uid": "23874332", "content": "怪东西"}, {"uid": "267317620", "content": "草"}, {"uid": "344764348", "content": "hhhhhh"}, {"uid": "33978432", "content": "是希牛"}, {"uid": "33978432", "content": "hhhhhhhhhhhhh"}, {"uid": "33538463", "content": "草"}, {"uid": "40114821", "content": "好耶"}, {"uid": "40114821", "content": "蚌埠住了"}, {"uid": "37152145", "content": "kksk"}, {"uid": "8211248", "content": "草"}, {"uid": "223650750", "content": "是犀牛哒"}, {"uid": "5973948", "content": "是牛牛"}, {"uid": "73436492", "content": "椰羊！"}, {"uid": "6034957", "content": "莫娜"}, {"uid": "38467178", "content": "好！冲了！"}, {"uid": "33147", "content": "是牛牛"}, {"uid": "8424454", "content": "牛头人"}, {"uid": "31368535", "content": "牛牛"}, {"uid": "289012264", "content": "草"}, {"uid": "226731806", "content": "角是断了吗？"}, {"uid": "4267841", "content": "绷不住了"}, {"uid": "220143", "content": "是牛牛"}, {"uid": "227530491", "content": "草"}, {"uid": "16807747", "content": "过个sc"}, {"uid": "6552137", "content": "月球？"}, {"uid": "34959019", "content": "生草"}, {"uid": "22798829", "content": "别急别急"}, {"uid": "207559743", "content": "牛牛，牛牛"}, {"uid": "429632118", "content": "牛牛"}, {"uid": "8975100", "content": "希牛牛"}, {"uid": "20865617", "content": "牛牛"}, {"uid": "66745947", "content": "草"}, {"uid": "4825165", "content": "牛角包"}, {"uid": "401958469", "content": "牛牛牛牛"}, {"uid": "675843", "content": "塞我塞我！"}, {"uid": "8564690", "content": "？"}, {"uid": "13373302", "content": "是牛牛"}, {"uid": "219858211", "content": "不行，好好笑"}, {"uid": "2854208", "content": "是牛牛"}, {"uid": "24501353", "content": "草"}, {"uid": "5824243", "content": "HSO"}, {"uid": "173994805", "content": "是牛"}, {"uid": "4117386", "content": "牛牛"}, {"uid": "204886", "content": "蚌埠住了"}, {"uid": "473409494", "content": "来了"}, {"uid": "402690065", "content": "专业"}, {"uid": "4494836", "content": "草"}, {"uid": "4494836", "content": "牛牛牛"}, {"uid": "4494836", "content": "是牛牛"}, {"uid": "11519381", "content": "牛牛牛"}, {"uid": "305617742", "content": "牛牛"}, {"uid": "386432", "content": "就是牛牛"}, {"uid": "7015483", "content": "是牛牛（）"}, {"uid": "34958531", "content": "蛋黄酱茄子"}, {"uid": "338447", "content": "是牛牛"}, {"uid": "34958531", "content": "是牛头人"}, {"uid": "451928", "content": "prpr"}, {"uid": "8172211", "content": "牛牛"}, {"uid": "360983509", "content": "草"}, {"uid": "228968166", "content": "草"}, {"uid": "511603", "content": "草"}, {"uid": "14487912", "content": "亚诺尔隆德"}, {"uid": "27164642", "content": "？"}, {"uid": "27164642", "content": "？"}, {"uid": "89338727", "content": "希牛"}, {"uid": "12891523", "content": "草"}, {"uid": "39718475", "content": "邦不住了"}, {"uid": "309485298", "content": "牛牛"}, {"uid": "39411662", "content": "牛牛"}, {"uid": "39411662", "content": "牛牛"}, {"uid": "93672377", "content": "牛牛"}, {"uid": "11474582", "content": "草"}, {"uid": "1608908", "content": "怪猎里的羊羊？"}, {"uid": "16968095", "content": "san check"}, {"uid": "46222721", "content": "我不要啊啊啊啊啊啊，我刚写的回想录就是用梦为引入写的啊……"}, {"uid": "2480236", "content": "牛来"}, {"uid": "22844787", "content": "牛牛"}, {"uid": "69924445", "content": "牛牛"}, {"uid": "38467178", "content": "awsl"}, {"uid": "38467178", "content": "嘶"}, {"uid": "38467178", "content": "草草草"}, {"uid": "11712203", "content": "牛牛"}, {"uid": "32824471", "content": "牛牛"}, {"uid": "627521", "content": "是没打SC吧？"}, {"uid": "732692", "content": "我看了个啥"}, {"uid": "351906", "content": "牛牛"}, {"uid": "351906", "content": "牛牛"}, {"uid": "289012264", "content": "草"}, {"uid": "174389285", "content": "这念的时候不尬嘛"}, {"uid": "142637086", "content": "牛牛"}, {"uid": "142637086", "content": "牛牛"}, {"uid": "85312408", "content": "牛牛"}, {"uid": "73674638", "content": "草"}, {"uid": "227530491", "content": "草"}, {"uid": "1478643333", "content": "蚌埠住了"}, {"uid": "2693306", "content": "红烧还是清蒸？"}, {"uid": "2775138", "content": "牛牛"}, {"uid": "10826451", "content": "\\希牛/\\希牛/\\希牛/"}, {"uid": "9021804", "content": "我好想笑"}, {"uid": "488290900", "content": "是牛牛"}, {"uid": "11206861", "content": "馄饨的空间？请务必带我去！"}, {"uid": "4825165", "content": "我笑了"}, {"uid": "10760191", "content": "好耶"}, {"uid": "10760191", "content": "好耶"}, {"uid": "11584488", "content": "hso"}, {"uid": "558539", "content": "是憨憨"}, {"uid": "2854208", "content": "那确实"}, {"uid": "25060449", "content": "好家伙"}, {"uid": "267738", "content": "我尴尬癌发作了"}, {"uid": "110742027", "content": "？"}, {"uid": "11617693", "content": "什么发病"}, {"uid": "23088521", "content": "又胖了"}, {"uid": "23088521", "content": "？？？？"}, {"uid": "1566230", "content": "牛牛"}, {"uid": "8542147", "content": "什么四不像"}, {"uid": "22177665", "content": "黑驴蹄子"}, {"uid": "88011462", "content": "草"}, {"uid": "185515484", "content": "草"}, {"uid": "35515149", "content": "草"}, {"uid": "35515149", "content": "草草草"}, {"uid": "35515149", "content": "草"}, {"uid": "27684367", "content": "草"}, {"uid": "4494836", "content": "草"}, {"uid": "83699", "content": "死亡之翼 ； 就这？"}, {"uid": "27683485", "content": "prprprprprprprpr"}, {"uid": "356691", "content": "hso"}, {"uid": "174992", "content": "奶牛？"}, {"uid": "34958531", "content": "噢,我的上帝啊,你再用这种糟糕的语气说话,我一定会用隔壁布鲁斯先生的动力高跟鞋狠狠的踢你的屁股"}, {"uid": "18280655", "content": "牛牛"}, {"uid": "4529248", "content": "牛牛"}, {"uid": "6944494", "content": "???"}, {"uid": "27098073", "content": "草"}, {"uid": "402960679", "content": "？？？？？？？？？"}, {"uid": "38879095", "content": "kimomo"}, {"uid": "6944494", "content": "草"}, {"uid": "6677", "content": "？"}, {"uid": "402960679", "content": "憨憨"}, {"uid": "34601660", "content": "害怕"}, {"uid": "286983695", "content": "是羊角啊"}, {"uid": "443610176", "content": "？"}, {"uid": "107143840", "content": "傻子吧"}, {"uid": "124508925", "content": "牛牛"}, {"uid": "13395179", "content": "遨游"}, {"uid": "482577692", "content": "断了？"}, {"uid": "21594070", "content": "？？？"}, {"uid": "58138017", "content": "牛牛"}, {"uid": "8274004", "content": "牛牛"}, {"uid": "33934585", "content": "阿巴阿巴"}, {"uid": "381509703", "content": "害怕"}, {"uid": "3734054", "content": "我要尬死了"}, {"uid": "12343783", "content": "草"}, {"uid": "31368535", "content": "牛牛"}, {"uid": "1635298", "content": "四不像"}, {"uid": "174389285", "content": "吹起来了"}, {"uid": "180191269", "content": "草"}, {"uid": "67417034", "content": "牛牛"}, {"uid": "2019321", "content": "马"}, {"uid": "142094", "content": "头"}, {"uid": "138267", "content": "wwwwww"}, {"uid": "675979", "content": "好怪哦"}, {"uid": "53223895", "content": "牛"}, {"uid": "14956955", "content": "好摇"}, {"uid": "417469644", "content": "草"}, {"uid": "45591207", "content": "草"}, {"uid": "1785339", "content": "牛牛"}, {"uid": "401958469", "content": "自夸，呕"}, {"uid": "8564690", "content": "啊？"}, {"uid": "911960", "content": "？"}, {"uid": "88011462", "content": "好耶"}, {"uid": "352411", "content": "牛牛"}, {"uid": "452946227", "content": "黑山羊？"}, {"uid": "35515149", "content": "草"}, {"uid": "38384952", "content": "告辞各位我先去一下洗手间"}, {"uid": "159081833", "content": "是个傻子"}, {"uid": "34958531", "content": "是肥仔"}, {"uid": "43419695", "content": "嘶"}, {"uid": "5594510", "content": "牛牛"}, {"uid": "38191212", "content": "是独角兽"}, {"uid": "43419695", "content": "hso"}, {"uid": "511603", "content": "晚了"}, {"uid": "6464266", "content": "草"}, {"uid": "121938661", "content": "我的手机屏幕啊啊啊啊啊啊啊啊啊啊"}, {"uid": "55593", "content": "\\牛牛/\\牛牛/\\牛牛/\\牛牛/\\牛牛/\\牛牛/\\牛牛/\\牛牛/"}, {"uid": "55593", "content": "\\牛牛/\\牛牛/\\牛牛/\\牛牛/\\牛牛/\\牛牛/\\牛牛/\\牛牛/\\牛牛/"}, {"uid": "55593", "content": "\\牛牛/\\牛牛/\\牛牛/\\牛牛/"}, {"uid": "55593", "content": "\\牛牛/\\牛牛/\\牛牛/\\牛牛/\\牛牛/\\牛牛/"}, {"uid": "12031241", "content": "哈哈哈哈哈哈哈哈哈哈哈哈哈哈哈"}, {"uid": "10303444", "content": "不行，感觉有点尬。。。"}]