[{"uid": "20157703", "content": "噗哈哈哈哈哈哈哈哈哈哈哈哈"}, {"uid": "20157703", "content": "噗哈哈哈哈哈哈"}, {"uid": "398211891", "content": "爽哥你在干嘛啊！爽哥！"}, {"uid": "488371", "content": "配合这个表情就很到位"}, {"uid": "37865026", "content": "血压飙升"}, {"uid": "33270469", "content": "红红火火恍恍惚惚"}, {"uid": "354319425", "content": "hhhhh"}, {"uid": "7661198", "content": "哈哈哈哈哈哈哈哈哈哈"}, {"uid": "314456286", "content": "我喜欢上室友了doge"}, {"uid": "434644751", "content": "你脸红了"}, {"uid": "84922589", "content": "哈哈哈哈哈哈"}, {"uid": "453103734", "content": "buff拉满"}, {"uid": "1869006", "content": "又生气又疑惑.jph"}, {"uid": "1869006", "content": "鸟魂夺舍"}, {"uid": "680664", "content": "心 肺 骤 停"}, {"uid": "2777381", "content": "心脏骤停"}, {"uid": "18541981", "content": "舍友好可爱"}, {"uid": "23762888", "content": "哈哈哈哈哈哈哈哈"}, {"uid": "23762888", "content": "哈哈哈哈哈这表情太到位了"}, {"uid": "23762888", "content": "草   哈哈哈哈哈哈哈哈"}, {"uid": "326981983", "content": "这脸仿佛挨了一顿毒打"}, {"uid": "175574981", "content": "多    嘴"}, {"uid": "184840747", "content": "心 跳 骤 停"}, {"uid": "208043", "content": "量子叠加态的嘴还行"}, {"uid": "287523487", "content": "弹幕：《多动动》"}, {"uid": "36331119", "content": "友人e好可爱"}, {"uid": "15043380", "content": "灵魂出窍"}, {"uid": "23037165", "content": "玩坏了哈哈哈哈"}, {"uid": "15043380", "content": "人 生 重 来"}, {"uid": "22663985", "content": "玩坏了"}, {"uid": "344706631", "content": "直接给我送走"}, {"uid": "344706631", "content": "?室友还想什么没了吗？带我一个doge"}, {"uid": "915022", "content": "进入驾驶舱"}, {"uid": "344706631", "content": "谢谢室友大佬doge"}, {"uid": "4062798", "content": "diannaobaozhale"}, {"uid": "46419438", "content": "夺 舍"}, {"uid": "3304862", "content": "裂 唇 症"}, {"uid": "7839246", "content": "瞬间不憨了"}, {"uid": "159081833", "content": "多动症哈哈"}, {"uid": "1961342", "content": "《我只是看一看而已嘛》"}, {"uid": "37825567", "content": "这表情还挺可爱的hh"}, {"uid": "203485418", "content": "气 傻 了"}, {"uid": "6256968", "content": "原来这个角是可拆卸的"}, {"uid": "1734919", "content": "这个表情很灵性"}, {"uid": "747998", "content": "哈哈哈哈哈哈哈"}, {"uid": "28522623", "content": "表情越来越多了？"}, {"uid": "55501125", "content": "姐姐声音好好听啊"}, {"uid": "7863518", "content": "diannaobaozhale"}, {"uid": "26937214", "content": "哈哈哈哈哈哈哈"}, {"uid": "26937214", "content": "后期大草"}, {"uid": "11308341", "content": "哈哈哈哈"}, {"uid": "371152", "content": "哈哈哈哈哈哈哈哈哈"}, {"uid": "434644751", "content": "你脸红了"}, {"uid": "4656", "content": "这西游记音效～"}, {"uid": "38959139", "content": "每日一遍"}, {"uid": "181666", "content": "一人血书Erica出道"}, {"uid": "100455265", "content": "每天一遍"}, {"uid": "746035", "content": "不讲话的时候真是美人"}, {"uid": "100672338", "content": "MUA！可爱，单推舍友了"}, {"uid": "95240312", "content": "哈哈哈哈哈"}, {"uid": "150567629", "content": "《恶魔系》"}, {"uid": "127311", "content": "开始脱衣服了23333"}, {"uid": "4238631", "content": "diannaobaozhale"}, {"uid": "11356469", "content": "Wasted"}, {"uid": "159081833", "content": "erica地声音好催眠，挺适合梦魇设定的"}, {"uid": "177804625", "content": "表 情 到 位"}, {"uid": "185468094", "content": "草"}, {"uid": "536114", "content": "diannaobaozhale"}, {"uid": "42905809", "content": "假 面 骑 士 电 王"}, {"uid": "197744987", "content": "王牌机师"}, {"uid": "287523487", "content": "《布料解算》"}, {"uid": "344706631", "content": "草草草草草草c"}, {"uid": "344706631", "content": "她太可爱了"}, {"uid": "352411", "content": "立马高了起来"}, {"uid": "580076", "content": "这个表情就很应景"}, {"uid": "21433351", "content": "草，地狱绘图"}, {"uid": "35990517", "content": "蓝瓶钙，好喝的钙"}, {"uid": "267317620", "content": "草 当场夺舍"}, {"uid": "343478", "content": "西游记特效"}, {"uid": "30146686", "content": "哈哈哈哈"}, {"uid": "32336703", "content": "哈哈哈哈"}, {"uid": "12110758", "content": "：("}, {"uid": "237718269", "content": "牛牛，我的牛牛"}, {"uid": "99608199", "content": "这机师不行啊，机体都不熟"}, {"uid": "527966050", "content": "diannaolanpingle"}, {"uid": "4876302", "content": "诶，你脸红了，让我康康"}, {"uid": "453103734", "content": "buff拉满"}, {"uid": "2342385", "content": "吊图一堆的网友.jpg"}, {"uid": "1570297", "content": "草 可拆卸角"}, {"uid": "222030498", "content": "哈哈哈哈"}, {"uid": "454464837", "content": "坏姐姐的声音好棒啊！"}, {"uid": "2054401", "content": "diannaobaozhale"}, {"uid": "16475062", "content": "赶紧找说明书"}, {"uid": "11984983", "content": "牛牛飞了"}, {"uid": "3271640", "content": "草"}, {"uid": "12019249", "content": "hhhhhhhhh"}, {"uid": "20564529", "content": "茄 狂 喜"}, {"uid": "761900", "content": "diannaobaozhale"}, {"uid": "245100357", "content": "让我访问"}, {"uid": "133056", "content": "哟，你脸红了，啊"}, {"uid": "429632118", "content": "哈哈哈哈"}, {"uid": "14441260", "content": "叠buff"}, {"uid": "1940384", "content": "友人e好懂啊"}, {"uid": "4211233", "content": "哈哈哈哈"}, {"uid": "308004559", "content": "you computer have an virus,sir!"}, {"uid": "8424454", "content": "重启可以解决百分之九十的问题"}, {"uid": "7847164", "content": "diannaobaozhale"}, {"uid": "6427806", "content": "顿时不憨了"}, {"uid": "35515149", "content": "是牛牛（"}, {"uid": "36331119", "content": "这表情太草了"}, {"uid": "10071738", "content": "草，牛牛脱体而出"}, {"uid": "1961342", "content": "这声线不比希希梦魇多了"}, {"uid": "429964467", "content": "哈哈哈哈哈哈哈哈哈哈哈哈哈或"}, {"uid": "82195850", "content": "哈哈哈"}, {"uid": "3500192", "content": "这个舍友，怎么那么像仓鼠呀！"}, {"uid": "529178215", "content": "哈哈哈"}, {"uid": "277599076", "content": "哈哈哈哈哈哈哈"}, {"uid": "26937214", "content": "草草草"}, {"uid": "86504226", "content": "什么都按了=什么都没按"}, {"uid": "30261989", "content": "元神出窍"}, {"uid": "383061847", "content": "每日一遍"}, {"uid": "37865026", "content": "画 皮"}, {"uid": "11984983", "content": "叫你重启程序你重启电脑？"}, {"uid": "86438393", "content": "我终于明白了女生嘴里的 我什么都没按 是啥意思了"}, {"uid": "33270469", "content": "哈哈哈哈哈哈哈哈哈哈"}, {"uid": "407202876", "content": "SP室友"}, {"uid": "82539877", "content": "叠起来了"}, {"uid": "5973948", "content": "草啊"}, {"uid": "1869006", "content": "脱衣服了草"}, {"uid": "131318508", "content": "哈哈哈"}, {"uid": "222030498", "content": "《夺舍》"}, {"uid": "107854333", "content": "哈哈哈哈哈哈哈"}, {"uid": "6165418", "content": "这声线太色孽了"}, {"uid": "2629851", "content": "草草草"}, {"uid": "148895260", "content": "哈哈哈"}, {"uid": "159081833", "content": "已经。。回不去了"}, {"uid": "18650892", "content": "BSOD"}, {"uid": "69703", "content": "哈哈哈哈哈哈哈"}, {"uid": "42905809", "content": "电 王"}, {"uid": "356691", "content": "草草草"}, {"uid": "356691", "content": "mua"}, {"uid": "6677", "content": "被玩弄过身体的牛牛已经回不去了（"}, {"uid": "25545324", "content": "哈哈哈"}, {"uid": "8564690", "content": "哈哈哈哈哈哈"}, {"uid": "25200157", "content": "哈哈哈哈哈表情太应景了"}, {"uid": "352411", "content": "哈哈哈"}, {"uid": "13918667", "content": "这表情太草"}, {"uid": "1819580", "content": "草  夺舍了"}, {"uid": "434709556", "content": "？！？！"}, {"uid": "379008658", "content": "是快捷键黏贴"}, {"uid": "486457", "content": "《夺舍》"}, {"uid": "82195850", "content": "哈哈哈"}, {"uid": "82195850", "content": "哈哈哈"}, {"uid": "628727246", "content": "这室友爱了"}, {"uid": "1631946", "content": "顿时不憨了"}, {"uid": "488371", "content": "完了啊"}, {"uid": "485713812", "content": "草草草草"}, {"uid": "11926045", "content": "草草草c"}, {"uid": "39411662", "content": "草"}, {"uid": "228062254", "content": "什 么 都 按 了"}, {"uid": "9427881", "content": "一下给我整不会了"}, {"uid": "12394243", "content": "草"}, {"uid": "89055773", "content": "草"}, {"uid": "26937214", "content": "草"}, {"uid": "1509391", "content": "草"}, {"uid": "1869006", "content": "草"}, {"uid": "9892542", "content": "讲真 最好盖上摄像头再弄"}, {"uid": "30006548", "content": "已经。。。回不去了"}, {"uid": "37731100", "content": "草"}, {"uid": "21183232", "content": "笨蛋是会互相吸引的"}, {"uid": "35530748", "content": "草"}, {"uid": "3773507", "content": "哈哈哈哈"}, {"uid": "23442119", "content": "好活"}, {"uid": "2303485", "content": "爽哥草"}, {"uid": "73406901", "content": "草"}, {"uid": "429632118", "content": "哈哈哈哈哈"}, {"uid": "75379", "content": "草"}, {"uid": "495634958", "content": "身 体 开 发"}, {"uid": "23037165", "content": "哈哈哈哈哈"}, {"uid": "4533602", "content": "您不是看一看，您才是希亚娜"}, {"uid": "17497377", "content": "画皮"}, {"uid": "35968773", "content": "这表情很应景"}, {"uid": "344706631", "content": "太草了"}, {"uid": "5299785", "content": "哈哈哈"}, {"uid": "228138596", "content": "这何尝不是一种牛头人？"}, {"uid": "19195611", "content": "草"}, {"uid": "267317620", "content": "草"}, {"uid": "54899060", "content": "草"}, {"uid": "5776381", "content": "1 0 4 9 2"}, {"uid": "10579112", "content": "草"}, {"uid": "520516525", "content": "《看一看》"}, {"uid": "6256968", "content": "草"}, {"uid": "74173597", "content": "？？？？？？"}, {"uid": "74173597", "content": "草"}, {"uid": "169270129", "content": "草"}, {"uid": "488371", "content": "是坏女人，爱了爱了"}, {"uid": "11984983", "content": "直接remake吧(重启)"}, {"uid": "340360939", "content": "牛魂出窍"}, {"uid": "13667577", "content": "草"}, {"uid": "7950335", "content": "笑死"}, {"uid": "303655422", "content": "草"}, {"uid": "37418763", "content": "woc爽哥？"}, {"uid": "32298053", "content": "我什么都按了"}, {"uid": "7676091", "content": "可爱"}, {"uid": "18541981", "content": "室友好耶"}, {"uid": "2629851", "content": "草"}, {"uid": "12681894", "content": "谢谢，血压已经500了"}, {"uid": "277563657", "content": "jio怎么断了"}, {"uid": "326981983", "content": "这表情绝了"}, {"uid": "2724318", "content": "哈哈哈哈"}, {"uid": "545652513", "content": "草"}, {"uid": "65403357", "content": "草"}, {"uid": "12651745", "content": "23333"}, {"uid": "97484217", "content": "草"}, {"uid": "7749450", "content": "awsl"}, {"uid": "73406901", "content": "哟，你脸红了"}, {"uid": "429632118", "content": "来了来了！"}, {"uid": "429632118", "content": "来了"}, {"uid": "86198499", "content": "草"}, {"uid": "23037165", "content": "表情一致"}, {"uid": "17820716", "content": "可爱！"}, {"uid": "1749918", "content": "好活"}, {"uid": "23874332", "content": "草"}, {"uid": "352411", "content": "草"}, {"uid": "5299785", "content": "这脸真的太草了"}, {"uid": "13918667", "content": "草"}, {"uid": "630855010", "content": "这是把能按的都按了吗"}, {"uid": "7218098", "content": "梦魇的身体要被友人玩坏了"}, {"uid": "28587221", "content": "离谱"}, {"uid": "434709556", "content": "掉san"}, {"uid": "24239506", "content": "草"}, {"uid": "23570480", "content": "草"}, {"uid": "8795238", "content": "草"}, {"uid": "24367396", "content": "好家伙"}, {"uid": "82195850", "content": "脱衣服了！"}, {"uid": "348821209", "content": "草"}, {"uid": "192522780", "content": "草"}, {"uid": "1821119", "content": "什么都按了"}, {"uid": "74173597", "content": "草"}, {"uid": "29141466", "content": "室友声音好像蜡笔小新国配"}, {"uid": "56538740", "content": "草"}, {"uid": "346081674", "content": "mua"}, {"uid": "34871965", "content": "草"}, {"uid": "34871965", "content": "草"}, {"uid": "37872804", "content": "角是不是断了"}, {"uid": "314456286", "content": "她真的太可爱了"}, {"uid": "35767253", "content": "让我看看"}, {"uid": "39411662", "content": "Erica可爱"}, {"uid": "39411662", "content": " 快进到Erica出道"}, {"uid": "6989751", "content": "草"}, {"uid": "325440924", "content": "草"}, {"uid": "1869006", "content": "蓝瓶的钙"}, {"uid": "1869006", "content": "大?什么大?"}, {"uid": "10935965", "content": "草"}, {"uid": "414289943", "content": "草"}, {"uid": "2629851", "content": "草"}, {"uid": "36164218", "content": "表情草"}, {"uid": "610463", "content": "草"}, {"uid": "8926521", "content": "草"}, {"uid": "17784911", "content": "草"}, {"uid": "327724638", "content": "草"}, {"uid": "51007090", "content": "草"}, {"uid": "11019692", "content": "草"}, {"uid": "17795045", "content": "草"}, {"uid": "429632118", "content": "来了！"}, {"uid": "429632118", "content": "来了来了"}, {"uid": "227530491", "content": "王牌机师"}, {"uid": "4748747", "content": "？？？？"}, {"uid": "32423963", "content": "？？？"}, {"uid": "37051501", "content": "笑死"}, {"uid": "2634260", "content": "草"}, {"uid": "1927678", "content": "夺舍"}, {"uid": "915022", "content": "草"}, {"uid": "915022", "content": "什么都按了"}, {"uid": "344706631", "content": "离谱"}, {"uid": "10579112", "content": "草"}, {"uid": "1409881", "content": "夺舍"}, {"uid": "325181", "content": "草"}, {"uid": "10071738", "content": "然后电脑蓝屏了"}, {"uid": "76958508", "content": "无中生友"}, {"uid": "86504226", "content": "诶？？？？牛角都没了"}, {"uid": "86504226", "content": "嗯？衣服是不是少了"}, {"uid": "2629851", "content": "草"}, {"uid": "361746943", "content": "hso，，"}, {"uid": "19195611", "content": "草"}, {"uid": "289534989", "content": "草"}, {"uid": "346081674", "content": "好可爱"}, {"uid": "34871965", "content": "表情绝了"}, {"uid": "34871965", "content": "？？？？？"}, {"uid": "452270811", "content": "好可爱啊"}, {"uid": "35767253", "content": "给我看看啊"}, {"uid": "747998", "content": "哈哈哈哈哈哈哈哈哈哈哈哈"}, {"uid": "260624615", "content": "哈哈哈哈哈"}, {"uid": "26937214", "content": "夺舍"}, {"uid": "1869006", "content": "蜜汁表情"}, {"uid": "222030498", "content": "经典不知道怎么重置就重启"}, {"uid": "3916674", "content": "草"}, {"uid": "89739012", "content": "草"}, {"uid": "4078261", "content": "草"}, {"uid": "3288529", "content": "草"}, {"uid": "13373302", "content": "草"}, {"uid": "326981983", "content": "草"}, {"uid": "227507544", "content": "草"}, {"uid": "2724318", "content": "草"}, {"uid": "69703", "content": "草"}, {"uid": "439731", "content": "太可爱了"}, {"uid": "83790237", "content": "草"}, {"uid": "75379", "content": "草"}, {"uid": "36331119", "content": "友人e"}, {"uid": "9969121", "content": "笑死"}, {"uid": "4211233", "content": "哈哈哈"}, {"uid": "454798231", "content": "好色啊"}, {"uid": "15043380", "content": "夺舍"}, {"uid": "26197864", "content": "草"}, {"uid": "344706631", "content": "草"}, {"uid": "153082203", "content": "这脸我越看越草"}, {"uid": "1819580", "content": "什么都按了"}, {"uid": "219858211", "content": "？？"}, {"uid": "2461528", "content": "草"}, {"uid": "2461528", "content": "草"}, {"uid": "35515149", "content": "？？？"}, {"uid": "2954926", "content": "草"}, {"uid": "1961342", "content": "笑死"}, {"uid": "506396186", "content": "这角原来可以拿下来啊。"}, {"uid": "398911108", "content": "阿库娅c"}, {"uid": "34365", "content": "角也没了"}, {"uid": "433039226", "content": "草"}, {"uid": "1434386", "content": "草"}, {"uid": "348821209", "content": "草"}, {"uid": "4213301", "content": "？"}, {"uid": "10579112", "content": "草"}, {"uid": "2629851", "content": "hso"}, {"uid": "74173597", "content": "危"}, {"uid": "289534989", "content": "草"}, {"uid": "346081674", "content": "草"}, {"uid": "35936806", "content": "草"}, {"uid": "672452583", "content": "草"}, {"uid": "116416610", "content": "舍友出道"}, {"uid": "3107431", "content": "她什么都做过了"}, {"uid": "88784310", "content": "谢谢 已经有错误和警告了"}, {"uid": "1509391", "content": "草"}, {"uid": "1869006", "content": "两个笨蛋"}, {"uid": "1570297", "content": "草"}, {"uid": "3916674", "content": "草"}, {"uid": "30006548", "content": "经典重启"}, {"uid": "414573739", "content": "QAQ画质感人"}, {"uid": "401099828", "content": "草"}, {"uid": "18541981", "content": "表情太应景了"}, {"uid": "326981983", "content": "草"}, {"uid": "830472", "content": "草"}, {"uid": "8246062", "content": "草"}, {"uid": "131962", "content": "草"}, {"uid": "17784911", "content": "离谱"}, {"uid": "4538756", "content": "草"}, {"uid": "24150171", "content": "草"}, {"uid": "4229577", "content": "爽哥？"}, {"uid": "11491610", "content": "草"}, {"uid": "309425785", "content": "哈哈哈哈"}, {"uid": "17820716", "content": "草"}, {"uid": "50506034", "content": "草"}, {"uid": "23874332", "content": "夺舍"}, {"uid": "344706631", "content": "mua！"}, {"uid": "153082203", "content": "草"}, {"uid": "391886586", "content": "草"}, {"uid": "35515149", "content": "草"}, {"uid": "35515149", "content": "草"}, {"uid": "2954926", "content": "草"}, {"uid": "3958443", "content": "草"}, {"uid": "400107221", "content": "草"}, {"uid": "153338083", "content": "危"}, {"uid": "348821209", "content": "芝"}, {"uid": "348821209", "content": "芝"}, {"uid": "35930984", "content": "好像河神呀"}, {"uid": "74173597", "content": "草"}, {"uid": "476138053", "content": "草"}, {"uid": "33270469", "content": "哈哈哈哈哈哈哈哈哈哈哈哈"}, {"uid": "34871965", "content": "？？？"}, {"uid": "1502767", "content": "030"}, {"uid": "89242970", "content": "哈哈哈哈"}, {"uid": "5294260", "content": "q弹"}, {"uid": "17495264", "content": "草"}, {"uid": "20641065", "content": "/remake"}, {"uid": "148895260", "content": "草"}, {"uid": "3288529", "content": "草"}, {"uid": "61205987", "content": "下次一定"}, {"uid": "326981983", "content": "草"}, {"uid": "17784911", "content": "草"}, {"uid": "244972345", "content": "草"}, {"uid": "285721137", "content": "草"}, {"uid": "393619960", "content": "草"}, {"uid": "23362230", "content": "hso"}, {"uid": "22390536", "content": "草"}, {"uid": "227530491", "content": "这啥啊"}, {"uid": "27684367", "content": "草"}, {"uid": "4211233", "content": "草"}, {"uid": "32423963", "content": "草"}, {"uid": "176398246", "content": "草"}, {"uid": "1816224", "content": "哈哈哈"}, {"uid": "348821209", "content": "表情太合适了哈哈哈哈哈哈哈哈哈哈哈哈哈"}]