[{"uid": "289086960", "content": "不是纸飞飞吗hhhhh"}, {"uid": "552521942", "content": "仙人板太草了"}, {"uid": "214726422", "content": "这个背时的时怎么是巴中口音哈哈哈"}, {"uid": "485995018", "content": "该背时：活该"}, {"uid": "501009601", "content": "在，摄像头拆一下"}, {"uid": "22448885", "content": "四川人骂人口音听起来也这么温柔的嘛www真可爱"}, {"uid": "21455415", "content": "安逸＝巴适＝安逸"}, {"uid": "14461578", "content": "我的口水下来了"}, {"uid": "31373123", "content": "冒:不要"}, {"uid": "31373123", "content": "牙巴:牙齿"}, {"uid": "31373123", "content": "膀子:手臂"}, {"uid": "31373123", "content": "抓梦脚:打瞌睡"}, {"uid": "31373123", "content": "爪子:干什么"}, {"uid": "31373123", "content": "窝起:躺着"}, {"uid": "453445795", "content": "肥宅震怒"}, {"uid": "171450964", "content": "乒（bing）乓（bong）"}, {"uid": "28951606", "content": "你硬是说的我自己都饿了"}, {"uid": "483737389", "content": "这句也是本意"}, {"uid": "483737389", "content": "不过我跟你说，上一个像你那样吃那样睡的人"}, {"uid": "483737389", "content": "啊，说的我自己都饿了"}, {"uid": "483737389", "content": "这两句就是原意了"}, {"uid": "483737389", "content": "又闷头睡到下午起了"}, {"uid": "483737389", "content": "还在床上躺着？"}, {"uid": "477236299", "content": "内蒙人全听懂了诶"}, {"uid": "52843575", "content": "那不是男主，是摄影棚吧"}, {"uid": "589673441", "content": "只要我听我的，就听不出来他在骂我"}, {"uid": "107139740", "content": "卡哇伊"}, {"uid": "5672975", "content": "建议使用black的板板呢"}, {"uid": "1855157509", "content": "别忘了血小板是男的（狗头保命）"}, {"uid": "5372512", "content": "准确点说，叫先人板板，意思是祖宗牌位"}, {"uid": "397046956", "content": "饿了。。。。"}, {"uid": "161160264", "content": "“未必”=难道"}, {"uid": "297633241", "content": "骗子 血小板才不是这个声音"}, {"uid": "39367776", "content": "沟子:臀部"}, {"uid": "90160047", "content": "我就是喜欢在床上窝起塞"}, {"uid": "401682981", "content": "四川方言"}, {"uid": "1445687757", "content": "FBI，open the door ！"}, {"uid": "31373123", "content": "乒(bing)乓(bong):脑壳有问题"}, {"uid": "31373123", "content": "翻译君上线"}, {"uid": "483737389", "content": "迟早要我我跟你说"}, {"uid": "483737389", "content": "你未必相当大明星吧"}, {"uid": "483737389", "content": "疼疼疼，（该背时翻译不了）"}, {"uid": "483737389", "content": "难道是梦里头才能和二次元老婆见一面吗"}, {"uid": "483737389", "content": "你一天到晚除了躺着床上还会什么"}, {"uid": "449968", "content": "口水滴下来了"}, {"uid": "278019185", "content": "请在多骂一点"}, {"uid": "35431736", "content": "炸鸡串串！好吃！"}, {"uid": "53866741", "content": "四川官话和方言不一样的说"}, {"uid": "18484886", "content": "听你的"}, {"uid": "646792630", "content": "太可爱了"}, {"uid": "587151883", "content": "仙人板不是梅州的一种小吃吗"}, {"uid": "12958155", "content": "仙 人 板 板"}, {"uid": "8311189", "content": "纸飞飞儿老婆"}, {"uid": "437321362", "content": "哈哈哈哈哈哈"}, {"uid": "192501072", "content": "摄像头给我拆了！"}, {"uid": "687494256", "content": "在？摄？拆？懂？"}, {"uid": "20721058", "content": "摄像头给我马上拆啦！！！"}, {"uid": "94465760", "content": "你再骂（恳求）"}, {"uid": "424612804", "content": "已经收藏投币我拿走了"}, {"uid": "435800857", "content": "我死了我没了"}, {"uid": "483737389", "content": "这几句就是本意"}, {"uid": "483737389", "content": "我要回去了，下次别再让自己受伤了"}, {"uid": "483737389", "content": "就这样做下去"}, {"uid": "483737389", "content": "是本意，大明星就是大明星"}, {"uid": "483737389", "content": "一会脖子疼"}, {"uid": "483737389", "content": "这句听不懂"}, {"uid": "589673441", "content": "只要我听不懂，就听不出来他在骂我(上面发错了）"}, {"uid": "12937265", "content": "这也太可爱了"}, {"uid": "85547532", "content": "再骂人都给骂傻了"}, {"uid": "9212109", "content": "哈哈哈哈哈哈"}, {"uid": "93983321", "content": "傻孩子们，快跑啊！"}, {"uid": "299653198", "content": "我死了"}, {"uid": "523101867", "content": "勒个四川话听切好安逸勒"}, {"uid": "21221105", "content": "得罪你仙人"}, {"uid": "174070044", "content": "屑小板"}, {"uid": "27173244", "content": "仙人板板/doge"}, {"uid": "266882260", "content": "ass pain"}, {"uid": "117554880", "content": "血老板"}, {"uid": "190926454", "content": "饿了"}, {"uid": "410030450", "content": "在？摄，拆"}, {"uid": "485044705", "content": "监视我?"}, {"uid": "483737389", "content": "还能是什么明星"}, {"uid": "483737389", "content": "睡久了又要说脑子疼"}, {"uid": "4345000", "content": "你是在监视我吗"}, {"uid": "33099920", "content": "牙巴，哈哈哈   "}, {"uid": "33099920", "content": "阿伟快出来"}, {"uid": "297189654", "content": "别念了别念了"}, {"uid": "35431736", "content": "好可爱！！！"}, {"uid": "697006307", "content": "可可爱爱"}, {"uid": "349805142", "content": "所以我那个都会说陈静然"}, {"uid": "18484886", "content": "哈哈哈"}, {"uid": "18484886", "content": "哈哈哈"}, {"uid": "524158144", "content": "这是我妈"}, {"uid": "630474639", "content": "这是四川友人吗"}, {"uid": "602379330", "content": "血老板"}, {"uid": "522777091", "content": "沟子痛是哪里痛。。。"}, {"uid": "510645178", "content": "傻孩子，快跑啊"}, {"uid": "351628999", "content": "bin  bong"}, {"uid": "28951606", "content": "注：“膀子疼”是指肩膀疼，胳膊疼，不是“脖子疼”"}, {"uid": "483737389", "content": "我们累惨了"}, {"uid": "483737389", "content": "下午起来又吃什么"}, {"uid": "483737389", "content": "一会脊柱疼"}, {"uid": "483737389", "content": "天天做梦"}, {"uid": "503241477", "content": "哈哈哈哈"}, {"uid": "355447391", "content": "在床上呢"}, {"uid": "594601003", "content": "我都听得懂-重庆人"}, {"uid": "1683789666", "content": "半夜饿了"}, {"uid": "385868784", "content": "重庆话"}, {"uid": "395680268", "content": "吃了"}, {"uid": "1389151390", "content": "钩子=屁股"}, {"uid": "18484886", "content": "好好好"}, {"uid": "526341740", "content": "仙人板板"}, {"uid": "318598011", "content": "ahhhh"}, {"uid": "410790707", "content": "球大爷"}, {"uid": "522311512", "content": "hhhhhhhh"}, {"uid": "569869772", "content": "开幕生草"}, {"uid": "522777091", "content": "宜宾话的感觉"}, {"uid": "499906633", "content": "我r你个仙人板板"}, {"uid": "8325432", "content": "风车车"}, {"uid": "66104717", "content": "哈哈哈哈哈哈哈"}, {"uid": "1501540883", "content": "震怒"}, {"uid": "21472095", "content": "你真棒"}, {"uid": "31795210", "content": "再来一遍"}, {"uid": "483737389", "content": "走路不知道看路"}, {"uid": "483737389", "content": "什么，什么大明星？"}, {"uid": "483737389", "content": "你倒是舒服啊"}, {"uid": "483737389", "content": "一会牙疼"}, {"uid": "483737389", "content": "早饭吃了吗"}, {"uid": "476733717", "content": "憋说了"}, {"uid": "97393666", "content": "前来找骂"}, {"uid": "35431736", "content": "抓梦脚好耶"}, {"uid": "443832239", "content": "吃了"}, {"uid": "296594740", "content": "你再骂"}, {"uid": "487948929", "content": "不是正在吃吗"}, {"uid": "25145742", "content": "别骂了别骂了"}, {"uid": "187293783", "content": "你再骂"}, {"uid": "308582073", "content": "哈哈哈哈哈哈哈哈哈"}, {"uid": "455851114", "content": "仙人板"}, {"uid": "1953832914", "content": "饿了"}, {"uid": "32195006", "content": "被骂了"}, {"uid": "8629790", "content": "感觉被骂了"}, {"uid": "453445795", "content": "阿伟出来"}, {"uid": "21472095", "content": "你真棒"}, {"uid": "36251857", "content": "&hhhhhhh"}, {"uid": "107807592", "content": "不吃了"}, {"uid": "20572767", "content": "你再骂"}, {"uid": "297189654", "content": "你再骂？（）"}, {"uid": "40140920", "content": "你再骂（"}, {"uid": "475969247", "content": "你喂嘛"}, {"uid": "358040380", "content": "来了"}, {"uid": "35431736", "content": "吃枣药丸23333"}, {"uid": "221739741", "content": "乒乓正确读法（bing  bong）"}, {"uid": "94444473", "content": "早贴早轻松"}, {"uid": "308582073", "content": "笑死了"}, {"uid": "96444312", "content": "痛痛痛，贴贴贴"}, {"uid": "18732482", "content": "....."}, {"uid": "21184921", "content": "你再骂？"}, {"uid": "674269641", "content": "莫骂老"}, {"uid": "57163025", "content": "钵钵鸡？"}, {"uid": "99636531", "content": "勾子，是那个吗？"}, {"uid": "483737389", "content": "多舒服嘛"}, {"uid": "439504302", "content": "崽？"}, {"uid": "80948279", "content": "没吃老婆"}, {"uid": "650919199", "content": "太可爱了"}, {"uid": "378944286", "content": "山本"}, {"uid": "319483209", "content": "钵钵鸡钵钵鸡"}, {"uid": "437802733", "content": "工作细胞的身体是吉良吉影的身体，black的是空调承太郎的身体"}, {"uid": "15077743", "content": "刚吃"}, {"uid": "49839780", "content": "十一分钟，热乎"}, {"uid": "455711090", "content": "真实"}, {"uid": "35431736", "content": "安逸！"}, {"uid": "594601003", "content": "三分钟"}, {"uid": "227880443", "content": "草"}, {"uid": "21221105", "content": "你再骂"}, {"uid": "288552774", "content": "黑人抬棺？"}, {"uid": "383200989", "content": "活该背时"}, {"uid": "95075008", "content": "草"}, {"uid": "451561869", "content": "，，，"}, {"uid": "780440147", "content": "你在骂"}, {"uid": "88736146", "content": "别骂了别骂了"}, {"uid": "360802202", "content": "别骂了，别骂了"}, {"uid": "1529290285", "content": "bingbong"}, {"uid": "689381923", "content": "AWSl"}, {"uid": "521157186", "content": "BLACK"}, {"uid": "21472095", "content": "你真棒"}, {"uid": "483737389", "content": "在"}, {"uid": "107807592", "content": "没吃"}, {"uid": "661304242", "content": "2333"}, {"uid": "470185064", "content": "没得"}, {"uid": "436177821", "content": "卡哇伊"}, {"uid": "1096446588", "content": "好活"}, {"uid": "85547532", "content": "别骂了别骂了"}, {"uid": "693606547", "content": "来了"}, {"uid": "286562796", "content": "老婆"}, {"uid": "291363925", "content": "你在骂"}, {"uid": "925907", "content": "没吃"}, {"uid": "13307475", "content": "有被冒犯"}, {"uid": "37142080", "content": "骂回形针"}, {"uid": "406584552", "content": "别骂了别骂了"}, {"uid": "28951606", "content": "“该背时”就是“该倒霉”，“活该”的意思"}, {"uid": "28951606", "content": "“莫得名堂”，个别地方又叫“莫搞场”，就是“没意思”，“无聊”，“没有意义的意思"}, {"uid": "483737389", "content": "好啊，吃的滴汤掉水的，都不认真吃（滴汤掉水还是GG）"}, {"uid": "483737389", "content": "是脑子有病？"}, {"uid": "483737389", "content": "在吗"}, {"uid": "443832239", "content": "为啥要用四川话？"}, {"uid": "413312695", "content": "不吃了"}, {"uid": "569869772", "content": "大          清          药            丸"}, {"uid": "487196804", "content": "我在睡觉"}]