[{"uid": "38567004", "content": "折折儿"}, {"uid": "1421827400", "content": "牛皮"}, {"uid": "39269623", "content": "川南口音？"}, {"uid": "509859713", "content": "啷个，重庆发音，四川表示应该说咋个"}, {"uid": "11241969", "content": "记得把台词改一哈，不够口语哈"}, {"uid": "13615597", "content": "有点重庆话的味道"}, {"uid": "108314641", "content": "追剧是不是四川的都还好，我只想请up来一遍四川版本的蜘蛛咆哮唱歌"}, {"uid": "249540456", "content": "1"}, {"uid": "286508630", "content": "1"}, {"uid": "164615873", "content": "1"}, {"uid": "57872680", "content": "2"}, {"uid": "178672355", "content": "2"}, {"uid": "263233821", "content": "点错了，是2"}, {"uid": "263233821", "content": "1"}, {"uid": "350818828", "content": "2"}, {"uid": "263233821", "content": "卧槽"}, {"uid": "51722604", "content": "2"}, {"uid": "928422", "content": "2"}, {"uid": "25596485", "content": "唐突结束，我都没看过瘾"}, {"uid": "342738827", "content": "2"}, {"uid": "57443819", "content": "2"}, {"uid": "1344773547", "content": "2"}, {"uid": "8873663", "content": "1"}, {"uid": "16903911", "content": "2"}, {"uid": "28161757", "content": "1"}, {"uid": "1686958091", "content": "1"}, {"uid": "71150480", "content": "2"}, {"uid": "14227333", "content": "2"}, {"uid": "160319630", "content": "2"}, {"uid": "271961058", "content": "2"}, {"uid": "31919192", "content": "1"}, {"uid": "441934247", "content": "1"}, {"uid": "13910316", "content": "2"}, {"uid": "10933918", "content": "2"}, {"uid": "17446621", "content": "2"}, {"uid": "12929863", "content": "2"}, {"uid": "348409228", "content": "2"}, {"uid": "177231706", "content": "1"}, {"uid": "202427699", "content": "2"}, {"uid": "7689571", "content": "2"}, {"uid": "352755178", "content": "1"}, {"uid": "3862413", "content": "2"}, {"uid": "7934289", "content": "1"}, {"uid": "1280760", "content": "2"}, {"uid": "341133703", "content": "2"}, {"uid": "298588576", "content": "2"}, {"uid": "9869099", "content": "2"}, {"uid": "304954368", "content": "2"}, {"uid": "2637834", "content": "2"}, {"uid": "9576379", "content": "2"}, {"uid": "24703189", "content": "1"}, {"uid": "252293088", "content": "1"}, {"uid": "91812890", "content": "2"}, {"uid": "5037241", "content": "2"}, {"uid": "7097553", "content": "2"}, {"uid": "434309787", "content": "1"}, {"uid": "248595318", "content": "2"}, {"uid": "21395960", "content": "2"}, {"uid": "353819744", "content": "蜘蛛不应该是:折猪儿么"}, {"uid": "375306097", "content": "1"}, {"uid": "393914568", "content": "2"}, {"uid": "177964684", "content": "2"}, {"uid": "267089436", "content": "2"}, {"uid": "113901884", "content": "2"}, {"uid": "11717971", "content": "1"}, {"uid": "204318928", "content": "1"}, {"uid": "43379226", "content": "2"}, {"uid": "252059267", "content": "1"}, {"uid": "156498062", "content": "2"}, {"uid": "9114047", "content": "2"}, {"uid": "21012376", "content": "2"}, {"uid": "24826291", "content": "1"}, {"uid": "456316989", "content": "2"}, {"uid": "139139885", "content": "2"}, {"uid": "104421949", "content": "2"}, {"uid": "3218561", "content": "巴适！！！"}, {"uid": "25596485", "content": "这里不错"}, {"uid": "25596485", "content": "？"}, {"uid": "3242011", "content": "开幕四川话，kusa"}, {"uid": "114911742", "content": "牛啊兄弟"}, {"uid": "11846045", "content": "快进到波蛛子"}, {"uid": "401470334", "content": "笑死，哈哈哈"}, {"uid": "25596485", "content": "这个没叫出来啊"}, {"uid": "19506352", "content": "哈哈哈哈哈"}, {"uid": "1517535751", "content": "别纠结了统称西南官话"}, {"uid": "509859713", "content": "四川没有嗲音，重庆的人才这样说"}, {"uid": "10724860", "content": "这是云南话吧，口音太重了"}, {"uid": "19974838", "content": "安逸，阔得平"}, {"uid": "19506352", "content": "太合适了"}, {"uid": "6944494", "content": "哈哈哈哈哈"}, {"uid": "346043368", "content": "我来了"}, {"uid": "12688427", "content": "呵哟，我咋个成疙瘩咯哟"}, {"uid": "13075668", "content": "川南的，川东不这样说"}, {"uid": "277494894", "content": "妈耶…"}, {"uid": "35431736", "content": "2333333"}, {"uid": "35431736", "content": "hhhhh"}, {"uid": "114911742", "content": "重庆是直辖市"}, {"uid": "437387547", "content": "不存正哦"}, {"uid": "32890324", "content": "3"}, {"uid": "475969722", "content": "爱了爱了"}, {"uid": "472260465", "content": "来啦"}, {"uid": "106069582", "content": "可耐"}, {"uid": "117407850", "content": "波丝"}, {"uid": "2404136", "content": "四川人表示这四川话不标准"}, {"uid": "84113071", "content": "？？？"}, {"uid": "248076455", "content": "四川和重庆不是一个地方吗？没记错的话重庆是四川的省会啊"}, {"uid": "21315183", "content": "好耶"}]