[{"uid": "330377028", "content": "咬牙切齿可爱死了"}, {"uid": "67343307", "content": "八十！八十！"}, {"uid": "11436145", "content": "三蓄转转乐啊"}, {"uid": "578234689", "content": "萌妹纸抡大锤233"}, {"uid": "1480803", "content": "锤王菠萝丁"}, {"uid": "15475629", "content": "头来锤法"}, {"uid": "19560027", "content": "最开心的 捡东西环节"}, {"uid": "25596485", "content": "无奈地承认自己菜"}, {"uid": "25596485", "content": "哈哈哈哈，疯狂miss"}, {"uid": "25596485", "content": "这小怪还挺硬的"}, {"uid": "25596485", "content": "哇，锤得这么顺利"}, {"uid": "13998856", "content": "起杀心了！"}, {"uid": "25596485", "content": "开头就是渣操"}, {"uid": "25596485", "content": "哈哈这小怪身手敏捷精通打断"}, {"uid": "19506352", "content": "开幕四川话！"}, {"uid": "3040417", "content": "不蓄力变化吗……"}, {"uid": "25596485", "content": "这龙听到你要冲它屁股赶紧把头伸过来"}, {"uid": "67343307", "content": "哈哈哈哈"}, {"uid": "25596485", "content": "气出四川话"}, {"uid": "32208768", "content": "八十 八十"}, {"uid": "10150328", "content": "更像重庆话"}, {"uid": "12679", "content": "哈哈哈"}, {"uid": "6427855", "content": "这雌火也太演了吧"}, {"uid": "25596485", "content": "是很害羞的雌火龙"}, {"uid": "25596485", "content": "哇，好高伤害"}, {"uid": "25596485", "content": "梅开二度"}, {"uid": "25596485", "content": "来了来了"}, {"uid": "19506352", "content": "哈哈哈哈哈哈"}, {"uid": "11436145", "content": "可以啊"}, {"uid": "43027646", "content": "发满酱好阔爱"}]