[{"uid": "630878992", "content": "好，你换个辣妹装hhh"}, {"uid": "630878992", "content": "哦这该死的翻译腔"}, {"uid": "95445223", "content": "温柔的满满最棒了！"}, {"uid": "95445223", "content": "要要要"}, {"uid": "82948170", "content": "好嘛都是我的错！"}, {"uid": "82948170", "content": "不记得了"}, {"uid": "100692770", "content": "开始了，我好怕"}, {"uid": "19578738", "content": "等等。我是来听你唱歌的"}, {"uid": "19578738", "content": "要听。你倒是唱啊"}, {"uid": "13805660", "content": "我的网真的卡了……"}, {"uid": "6944494", "content": "我不是，我没有"}, {"uid": "3370637", "content": "害怕"}, {"uid": "17370053", "content": "麻麻，病娇好怕怕"}, {"uid": "25596485", "content": "？你砍了摄像头哪条线？"}, {"uid": "25596485", "content": "不，现在是怪习惯了（"}, {"uid": "25596485", "content": "小村姑也喜欢啊"}, {"uid": "399658238", "content": "这段确实比较揪心啊"}, {"uid": "71539900", "content": "诸君我好兴奋！！！！"}, {"uid": "71539900", "content": "画风突变"}, {"uid": "121243704", "content": "不不不，您收着点就行"}, {"uid": "275349729", "content": "害怕"}, {"uid": "25596485", "content": "！我要听啊！"}, {"uid": "330377028", "content": "awsl"}, {"uid": "330377028", "content": "我直接干掉三大碗（"}, {"uid": "1751649", "content": "害怕"}, {"uid": "25596485", "content": "想得美，哈哈哈哈"}, {"uid": "25596485", "content": "忽然病娇"}, {"uid": "86162862", "content": "啊，被发现了"}, {"uid": "30392551", "content": "害怕"}, {"uid": "8492951", "content": "昏睡牛奶"}, {"uid": "25596485", "content": "气氛渐渐不对劲"}, {"uid": "675147267", "content": "楸咪！！！"}, {"uid": "630878992", "content": "？？？？？？？？？？"}, {"uid": "19578738", "content": "这次就换女鹅吧"}, {"uid": "22973630", "content": "最后的牛奶~~~"}, {"uid": "25596485", "content": "我的死兆星在天上闪耀"}, {"uid": "330377028", "content": "不！！不要花满！！！"}, {"uid": "1044751483", "content": "可怕可怕可怕"}, {"uid": "237578433", "content": "开启风见幽香模式"}, {"uid": "5690431", "content": "害怕"}, {"uid": "455711090", "content": "？？？？？？"}, {"uid": "224608541", "content": "我不是，我没有，你别听他们瞎说。"}, {"uid": "13805660", "content": "要"}, {"uid": "372643492", "content": "害怕了"}, {"uid": "71539900", "content": "。。？？？"}, {"uid": "628346283", "content": "啊啊啊啊啊害怕"}, {"uid": "267196", "content": "吨吨吨吨吨"}, {"uid": "472955458", "content": "害怕"}, {"uid": "1044751483", "content": "我喜欢"}, {"uid": "95445223", "content": "危"}, {"uid": "549108", "content": "危"}, {"uid": "86162862", "content": "不记得了"}, {"uid": "623844540", "content": "............."}, {"uid": "19506352", "content": "害怕"}, {"uid": "409635985", "content": "害怕"}, {"uid": "330377028", "content": "我只喜欢花满！！"}, {"uid": "30392551", "content": "害怕 ，"}, {"uid": "419345", "content": "危！"}, {"uid": "1266609918", "content": "不是啊！"}, {"uid": "696339594", "content": "好耶"}, {"uid": "696339594", "content": "？？？"}, {"uid": "28914956", "content": "不是！！！"}, {"uid": "6944494", "content": "危"}, {"uid": "628346283", "content": "9命"}]