[{"uid": "432338563", "content": "上头了卧槽"}, {"uid": "237578433", "content": "右边歌词又可爱又生草hh"}, {"uid": "414382928", "content": "怠惰"}, {"uid": "2154428", "content": "我已经开始笑了"}, {"uid": "3478067", "content": "太可爱了，爱了爱了"}, {"uid": "324830123", "content": "我裂开了"}, {"uid": "429109486", "content": "从百草园杀到三味书屋"}, {"uid": "698831896", "content": "宝儿姐哈哈哈哈"}, {"uid": "84448555", "content": "？？？王德发！"}, {"uid": "362200002", "content": "太草了，哈哈哈哈哈"}, {"uid": "425731890", "content": "宝儿姐直呼内行"}, {"uid": "171752313", "content": "我裂开来"}, {"uid": "297568661", "content": "从零开始的四川话"}, {"uid": "523009719", "content": "反手就是一个赞"}, {"uid": "312663428", "content": "完了完了，笑死我了"}, {"uid": "425623983", "content": "沃日，太香了，我四川人直呼内行"}, {"uid": "13298607", "content": "赫斯提亚！都是水濑祈"}, {"uid": "472875382", "content": "如果真爱有颜色，一定是蓝色的"}, {"uid": "629391439", "content": "跨国对话"}, {"uid": "273414633", "content": "这声音，爱了爱了"}, {"uid": "19798790", "content": "哈哈哈有内味了"}, {"uid": "504649510", "content": "BGM都改了，辛苦了"}, {"uid": "123573662", "content": "用“有好高兴”才有内味"}, {"uid": "18182317", "content": "gai头哈哈哈哈哈哈"}, {"uid": "485732572", "content": "你的小可爱突然出现"}, {"uid": "291143991", "content": "连bgm也是四川话就离谱"}, {"uid": "65782473", "content": "散装486可还行？哈哈哈哈"}, {"uid": "65782473", "content": "WC，天才啊，哈哈哈哈哈哈"}, {"uid": "477624346", "content": "填词太强了！"}, {"uid": "36641175", "content": "歌唱得很好"}, {"uid": "100490943", "content": "每次看表白到这段就会哭"}, {"uid": "357666772", "content": "来了来了"}, {"uid": "206479721", "content": "一战封神，全文背诵"}, {"uid": "206479721", "content": "啪我就是一个三连，很快啊"}, {"uid": "359438043", "content": "带球撞人"}, {"uid": "145002213", "content": "加藤惠加藤惠！"}, {"uid": "38952352", "content": "摆龙门阵2333333"}, {"uid": "368163164", "content": "bgm都翻佩了就离谱哈哈哈哈"}, {"uid": "4472932", "content": "我去，这个太6了"}, {"uid": "32208768", "content": "突然就想找个四川妹妹谈恋爱了doge"}, {"uid": "267696174", "content": "笑出声了，对不起啊"}, {"uid": "40839738", "content": "扯霍闪牛了呀哈哈哈"}, {"uid": "313317979", "content": "本来打算哭的，但最后还是笑了"}, {"uid": "160814575", "content": "明明是要哭的，为什么我在笑"}, {"uid": "699877043", "content": "哈哈哈哈哈哈忍不住忍不住"}, {"uid": "455983293", "content": "哈哈哈，根本着不住"}, {"uid": "57803701", "content": "哈哈哈哈，我裂开"}, {"uid": "395053349", "content": "我裂开23333"}, {"uid": "440572709", "content": "不知道为啥，就是很想笑。"}, {"uid": "74189472", "content": "第一次笑着看完雷姆的表白哈哈哈"}, {"uid": "670024627", "content": "我裂开"}, {"uid": "482326650", "content": "有点上头。。。"}, {"uid": "17588702", "content": "这up我真的爱了 "}, {"uid": "1417965", "content": "四川人表示裂开。。。。。"}, {"uid": "302128485", "content": "突然袭击"}, {"uid": "411173998", "content": "哈哈哈哈哈哈哈哈哈哈"}, {"uid": "100013532", "content": "宝儿姐直呼内行"}, {"uid": "6899615", "content": "太串味儿拉"}, {"uid": "401607", "content": "来了来了"}, {"uid": "346043368", "content": "高木同学"}, {"uid": "439267879", "content": "为什么有点想笑"}, {"uid": "302220508", "content": "为什么会觉得好想笑呀hh"}, {"uid": "40748112", "content": "心窝窝哈哈哈"}, {"uid": "433772743", "content": "四川的我也要!!!"}, {"uid": "171752313", "content": "我裂开来"}, {"uid": "312663428", "content": "哈哈哈哈哈哈"}, {"uid": "219933107", "content": "草(一种植物)"}, {"uid": "699877043", "content": "哈哈哈哈哈哈忍不住忍不住"}, {"uid": "517347106", "content": "有内味了"}, {"uid": "176594468", "content": "哈哈哈哈哈哈哈哈哈哈哈哈"}, {"uid": "299647781", "content": "哈哈哈哈哈哈"}, {"uid": "487416167", "content": "鹅鹅鹅鹅"}, {"uid": "434049668", "content": "想笑怎么办(⊙o⊙)！"}, {"uid": "493668096", "content": "泪目"}, {"uid": "40861998", "content": "哈哈哈  歌儿也唱了"}, {"uid": "352973432", "content": "妈耶想哭哭不出来啊哈哈哈哈哈"}, {"uid": "454577844", "content": "从零开始的四川生活"}, {"uid": "351418536", "content": "太生草了"}, {"uid": "23182495", "content": "坂上智代"}, {"uid": "400375730", "content": "才发现bgm也是四川话哈哈哈"}, {"uid": "95402709", "content": "哈哈哈哈"}, {"uid": "283690018", "content": "我裂开。。。。。"}, {"uid": "383863993", "content": "爱啦爱啦"}, {"uid": "49851651", "content": "霍闪是闪电"}, {"uid": "4980261", "content": "爷鸡皮疙瘩都听起来了"}, {"uid": "229625151", "content": "两个小时还热乎啊"}, {"uid": "22635200", "content": "破防了破防了"}, {"uid": "345075613", "content": "2233"}, {"uid": "410581680", "content": "这bgm我才发现不对劲....."}, {"uid": "13265492", "content": "bgm太草了"}, {"uid": "38610970", "content": "我裂开了"}, {"uid": "489505355", "content": "歇斯底里"}, {"uid": "477661159", "content": "上头"}, {"uid": "676124649", "content": "我裂开了"}, {"uid": "5979242", "content": "想听怠惰"}, {"uid": "491578858", "content": "卧槽"}, {"uid": "171979903", "content": "味太冲了！"}, {"uid": "698831896", "content": "宝儿姐"}, {"uid": "26024633", "content": "哈哈哈哈哈哈"}, {"uid": "451974593", "content": "泪目"}, {"uid": "28561250", "content": "shiguojingqian"}, {"uid": "479343974", "content": "你是来搞笑的吧"}, {"uid": "141542585", "content": "不行，我要笑了"}, {"uid": "43255476", "content": "草"}, {"uid": "693606547", "content": "这bgm我才发现不对劲"}, {"uid": "693606547", "content": "这。。。配乐。。。"}, {"uid": "693606547", "content": "来了来了"}, {"uid": "670024627", "content": "头皮发麻"}, {"uid": "429961708", "content": "早"}, {"uid": "488347239", "content": "有点想笑"}, {"uid": "36641175", "content": "来个拉姆"}, {"uid": "59375244", "content": "我裂开了"}, {"uid": "496254777", "content": "bgm我透，有内味儿"}, {"uid": "797687911", "content": "哈哈哈哈"}, {"uid": "154009900", "content": "这里说洗白应该更好一点"}, {"uid": "479988906", "content": "有味道了"}, {"uid": "498183288", "content": "感觉还挺好的"}, {"uid": "517347106", "content": "我裂开了"}, {"uid": "241559728", "content": "我也想笑"}, {"uid": "544620815", "content": "晚上好"}, {"uid": "312071762", "content": " 23333"}, {"uid": "86826350", "content": "裂开"}, {"uid": "36140999", "content": "bgm 忍不住哭（笑）了起来"}, {"uid": "352408701", "content": "哈哈哈哈哈"}, {"uid": "245181702", "content": "草"}, {"uid": "429961708", "content": "woc"}, {"uid": "377546193", "content": "味太冲了"}, {"uid": "509272787", "content": "来了来了"}, {"uid": "438892199", "content": "都给我哭，不准笑，打给我哭"}, {"uid": "37886191", "content": "斯巴鲁可还行"}, {"uid": "285006478", "content": "哇~"}, {"uid": "27188128", "content": "感情好到位"}, {"uid": "37072929", "content": "我裂开了"}, {"uid": "220003157", "content": "可爱qwqqqq"}, {"uid": "13265492", "content": "草"}, {"uid": "531800082", "content": "好棒！！！"}, {"uid": "25249222", "content": "BGM????????"}, {"uid": "676124649", "content": "草"}, {"uid": "523126266", "content": "裂开了"}, {"uid": "267696174", "content": "哈哈哈哈哈哈哈"}, {"uid": "385052048", "content": "八点可还行"}, {"uid": "296498615", "content": "加藤惠谢谢"}, {"uid": "628241849", "content": "2333"}, {"uid": "107799666", "content": "牛逼"}, {"uid": "425623983", "content": "清早八晨，哈哈哈"}, {"uid": "517347106", "content": "哦买噶的"}, {"uid": "517347106", "content": "裂开了"}, {"uid": "424426458", "content": "好家伙"}, {"uid": "693903308", "content": "绝了绝了"}, {"uid": "670024627", "content": "来来"}, {"uid": "382144803", "content": "看歌词好牛"}, {"uid": "1802442588", "content": "薄儿姐"}, {"uid": "690116536", "content": "爱死了"}, {"uid": "440174263", "content": "麻衣麻衣"}, {"uid": "518160506", "content": "爱了爱了"}, {"uid": "7806976", "content": "黑猫"}, {"uid": "28417257", "content": "四川人不仔细听都听不懂"}, {"uid": "283263685", "content": "草"}, {"uid": "229625151", "content": "草"}, {"uid": "19722296", "content": "裂开"}, {"uid": "483230826", "content": "真离谱"}, {"uid": "250591795", "content": "裂开"}, {"uid": "586840127", "content": "你币没了"}, {"uid": "320563519", "content": "打错了"}, {"uid": "320563519", "content": "koko"}, {"uid": "385441679", "content": "裂开"}, {"uid": "482359926", "content": "我裂开"}, {"uid": "505975312", "content": "草草草"}, {"uid": "153329224", "content": "裂开"}, {"uid": "563193522", "content": "好吊"}, {"uid": "626612915", "content": "BGMnb"}, {"uid": "499439354", "content": "有内味了"}, {"uid": "489410383", "content": "hhh"}, {"uid": "606629783", "content": "草"}, {"uid": "517347106", "content": "裂开了"}, {"uid": "24735670", "content": "。。"}, {"uid": "383854984", "content": "bgm哈哈好细"}, {"uid": "176594468", "content": "BGM哈哈哈"}, {"uid": "141601637", "content": "啊这……………"}, {"uid": "693606547", "content": "先来三连"}, {"uid": "243693969", "content": "你老婆呀，说了那么多遍，别始乱终弃呀"}, {"uid": "670024627", "content": "这bgm"}, {"uid": "11807374", "content": "为什么我想笑"}, {"uid": "471875522", "content": "啊这……"}, {"uid": "4373003", "content": "裂开"}, {"uid": "509272787", "content": "wc"}, {"uid": "430212389", "content": "蕾姆我老婆"}, {"uid": "206479721", "content": "蕾打不动"}, {"uid": "629376883", "content": "我裂开"}, {"uid": "3016003", "content": "草xswl"}, {"uid": "19722296", "content": "woc"}, {"uid": "489505355", "content": "喂喂喂"}, {"uid": "471451228", "content": "牛批"}, {"uid": "451974593", "content": "张宝宝？？？"}, {"uid": "320563519", "content": "配jojo"}, {"uid": "342684343", "content": "我裂开了"}, {"uid": "353738337", "content": "草"}, {"uid": "472244298", "content": "如果真爱有颜色，那它一定是蓝色；如果真爱有语言，那它一定是四川话"}, {"uid": "480314455", "content": "流批"}, {"uid": "365324412", "content": "？"}, {"uid": "517347106", "content": "鸡皮疙瘩"}, {"uid": "395959184", "content": "你币没了"}, {"uid": "475075683", "content": "草"}, {"uid": "521590271", "content": "草"}, {"uid": "1191616586", "content": "草"}, {"uid": "40861998", "content": "棒"}, {"uid": "388928892", "content": "hhhh"}, {"uid": "289688651", "content": "裂开"}, {"uid": "440174263", "content": "麻衣呀"}, {"uid": "197812597", "content": "草"}, {"uid": "523506763", "content": "好活"}, {"uid": "354554794", "content": "awsl"}, {"uid": "4300386", "content": "爱了"}, {"uid": "489505355", "content": "去世"}, {"uid": "32208768", "content": "摆龙门阵可把我逗乐了hhhhhhhhhh"}, {"uid": "435894355", "content": "呃呃呃"}, {"uid": "302220508", "content": "为什么会觉得好想笑呀？"}, {"uid": "669718049", "content": "我爱了"}, {"uid": "247495152", "content": "草"}, {"uid": "320563519", "content": "jojo"}, {"uid": "320563519", "content": "jojo"}, {"uid": "342684343", "content": "awsl"}, {"uid": "1752680819", "content": "裂开"}, {"uid": "481750021", "content": "？"}, {"uid": "498183288", "content": "啊这"}, {"uid": "489410383", "content": "23333333"}, {"uid": "93344504", "content": "6666"}, {"uid": "606629783", "content": "草"}, {"uid": "606629783", "content": "草"}, {"uid": "634726146", "content": "怎么说呢。"}, {"uid": "572170987", "content": "草"}, {"uid": "521590271", "content": "草"}, {"uid": "471532084", "content": "02"}, {"uid": "457848844", "content": "草"}, {"uid": "15688009", "content": "哭了  看动漫感动到哭  看这个笑到哭"}, {"uid": "35431736", "content": "好耶"}, {"uid": "509272787", "content": "wcwcwcwc"}, {"uid": "283263685", "content": "草"}, {"uid": "106069582", "content": "听不懂"}, {"uid": "689483368", "content": "热乎"}, {"uid": "511477372", "content": "草"}, {"uid": "368016296", "content": "裂开"}, {"uid": "505975312", "content": "草"}, {"uid": "415125824", "content": "草"}, {"uid": "489410383", "content": "？？"}, {"uid": "24525047", "content": "裂开"}, {"uid": "407827146", "content": "我裂开"}, {"uid": "629663354", "content": "nmb，我裂开了"}, {"uid": "156764748", "content": "蕾姆我老婆"}, {"uid": "20368345", "content": "草"}, {"uid": "171848437", "content": "蕾姆"}, {"uid": "509272787", "content": "爱了爱了"}, {"uid": "3016003", "content": "草"}, {"uid": "382682160", "content": "草"}, {"uid": "505975312", "content": "草草草草草草草草草草草草草草草"}, {"uid": "2032638352", "content": "卧槽卧槽卧槽卧槽卧槽卧槽卧槽卧槽卧槽卧槽卧槽卧槽卧槽卧槽卧槽卧槽卧槽卧槽卧槽卧槽卧槽卧槽卧槽"}]