[{"uid": "548174731", "content": "直接跳到精华"}, {"uid": "1183713169", "content": "呜呜呜，跟姐姐私奔吧"}, {"uid": "455711090", "content": "这个吼我以为是关注错人了"}, {"uid": "171848437", "content": "你这一声欧尼酱我的心都快化了"}, {"uid": "1668376486", "content": "好软的声音！"}, {"uid": "385087642", "content": "这难道不是花满本人声线吗"}, {"uid": "9212109", "content": "裂开哈哈哈哈"}, {"uid": "8468333", "content": "蜜汁口音"}, {"uid": "297610011", "content": "牛蛙满满"}, {"uid": "30260456", "content": "只能(草)了"}, {"uid": "7269129", "content": "草"}, {"uid": "598725724", "content": "越来越离谱"}, {"uid": "295073445", "content": "这哪里是绿茶，这是姐姐的好宝贝"}, {"uid": "550956870", "content": "本视频应息屏收听"}, {"uid": "6944494", "content": "草www"}]