[{"uid": "479095544", "content": "中 日 合 拍"}, {"uid": "12358001", "content": "这是重庆话"}, {"uid": "237578433", "content": "哈哈好亲切好可爱"}, {"uid": "236176548", "content": "扯拐了（出问题了）"}, {"uid": "456431306", "content": "完蛋了，他们说卡哇伊的时候我第一反应是他们怎么也会中文"}, {"uid": "488649245", "content": "川东南充遂宁重庆口音基本一样"}, {"uid": "403493908", "content": "神特喵自摸三家23333333"}, {"uid": "487948929", "content": "反帽妹儿，怪可爱的"}, {"uid": "34810869", "content": "痛痛好可爱！！"}, {"uid": "629956484", "content": "跨 语 言 交 流"}, {"uid": "247199637", "content": "川日对话"}, {"uid": "266676294", "content": "立刻四川麻将哈哈哈不好意思"}, {"uid": "177967251", "content": "你可以站在最上头啊"}, {"uid": "22321081", "content": "重庆话跟四川话本来就是一样的"}, {"uid": "197605278", "content": "因为我对这片土地爱的深沉"}, {"uid": "108708933", "content": "hhahhah 萌死了我的天呢"}, {"uid": "549160493", "content": "空耳：贴贴"}, {"uid": "34244453", "content": "这可能是输过东北的血"}, {"uid": "425962036", "content": "同  声  传  译"}, {"uid": "2378982", "content": "哈哈哈四川话爱说叠词"}, {"uid": "33203490", "content": "跨语言聊天"}, {"uid": "278001834", "content": "有个血小板摔倒了！快让我去扶起他！"}, {"uid": "227840938", "content": "原来第一季就有帽子反戴君"}, {"uid": "67780910", "content": "血小板还是好可爱！！！"}, {"uid": "351703884", "content": "一点都不歪哈哈哈哈哈哈哈"}, {"uid": "399581771", "content": "团结一切可团结的有生力量"}, {"uid": "630496880", "content": "扯拐了哈哈哈哈哈哈哈哈"}, {"uid": "37508922", "content": "重庆话和四川话区别很大吗，在这里一直念"}, {"uid": "2501960", "content": "自摸三家那个你站住你笑到我了赔钱"}, {"uid": "40638668", "content": "印度血小板"}, {"uid": "12442762", "content": "跨服聊天"}, {"uid": "471348744", "content": "这个听起来更像重庆话啊"}, {"uid": "374383384", "content": "阿伟，出来走一下流程"}, {"uid": "10011991", "content": "他扒拉我车"}, {"uid": "14290739", "content": "其实，我更想看看天津话的版本"}, {"uid": "6030762", "content": "川东口音吧"}, {"uid": "345055420", "content": "巴蜀是一家的，重庆和四川算是兄弟"}, {"uid": "193632", "content": "没错，软萌翻了"}, {"uid": "15153528", "content": "跨服聊天"}, {"uid": "400793643", "content": "跨语种交流"}, {"uid": "623228", "content": "重庆话就是四川方言之一"}, {"uid": "623228", "content": "重庆都是四川省划分出去的"}, {"uid": "90160047", "content": "啧，我现在都不敢磕着碰着 生怕少一个血小板"}, {"uid": "13889817", "content": "成都人感觉良好"}, {"uid": "10964291", "content": "也可能是川东口音噻"}, {"uid": "650005027", "content": "看了半天祖安板终于看个可爱的"}, {"uid": "401019379", "content": "戴反帽酱好可爱"}, {"uid": "489827814", "content": "莫挨老子！"}, {"uid": "38816026", "content": "川北人表示听不出来是哪的口音"}, {"uid": "28573335", "content": "语速有点慢没有精髓了但是还是好阔爱哟"}, {"uid": "489505355", "content": "我皮痒了"}, {"uid": "11309922", "content": "川味+血小板就想起道爷"}, {"uid": "29252222", "content": "下次一……算咯，这次一定咯"}, {"uid": "2094774410", "content": "这让我沉浸在四川方言"}, {"uid": "386894668", "content": "以为是日语，仔细听听是四川话哈哈哈"}, {"uid": "353115", "content": "听着四川话总感觉下一秒就掏出把铁锹要埋人了。。。"}, {"uid": "335370842", "content": "说一句血小板都是男的"}, {"uid": "407068121", "content": "因为我是半个四川人"}, {"uid": "617293325", "content": "这个“痛痛”我也就听了几百遍"}, {"uid": "435691627", "content": "因为我对自己的血液爱得深沉"}, {"uid": "1546459", "content": "跨语言交流"}, {"uid": "316559141", "content": "跨国对话"}, {"uid": "525437116", "content": "口型对上了就离谱"}, {"uid": "44161518", "content": "毫无违和感"}, {"uid": "20583153", "content": "这才是猛男该看的"}, {"uid": "442011302", "content": "因为我很疼爱我的血液"}, {"uid": "336531799", "content": "宝儿姐口音即视感"}, {"uid": "432700586", "content": "尼玛啥子地方都吵的起来，都是西南官话"}, {"uid": "33905346", "content": "我一个川东北的想问哪里重庆口音了？"}, {"uid": "471069862", "content": "日本的红细胞和白细胞和四川的血小板对话是无缝连接呀！！！"}, {"uid": "24364874", "content": "太可爱了妈呀"}, {"uid": "40260850", "content": "我的天，好软啊~好喜欢"}, {"uid": "23084780", "content": "宝儿姐要埋人了"}, {"uid": "289550178", "content": "遂宁表示差不多，莫得紧到念老，川渝是一家"}, {"uid": "14365154", "content": "重庆话川东北基本一样，所以别争了"}, {"uid": "267472043", "content": "达州表示口音不是这样的"}, {"uid": "13013407", "content": "戳拐了笑死我了"}, {"uid": "480236977", "content": "还会下次一定"}, {"uid": "436865151", "content": "跨服聊天"}, {"uid": "214726422", "content": "别争了，重庆四川不都一家人？火锅整起！"}, {"uid": "61406040", "content": "宝儿姐，我到处找你，你怎么在这"}, {"uid": "130799351", "content": "重庆口音重点"}, {"uid": "225988408", "content": "这人再说什么"}, {"uid": "34183387", "content": "跨服聊天？"}, {"uid": "155932475", "content": "撒东西？？？哈哈哈哈哈哈"}, {"uid": "265509470", "content": "啊  好可爱啊"}, {"uid": "509689753", "content": "跨时空对话"}, {"uid": "493897672", "content": "阔耐的血小板"}, {"uid": "511861464", "content": "好像宝儿姐的声音，但是更嫩一点"}, {"uid": "516300312", "content": "阿伟出来死一下"}, {"uid": "352450072", "content": "川渝不分家。。。。"}, {"uid": "230519", "content": "四川的血...毛血旺？？？"}, {"uid": "180910370", "content": "广安表示良好"}, {"uid": "6876290", "content": "等一下，血小板是男孩纸吗？"}, {"uid": "108994921", "content": "没错这就是我身体里的"}, {"uid": "483503376", "content": "三哥直呼内行"}, {"uid": "407320", "content": "因为我要学四川话！"}, {"uid": "259299015", "content": "勒怕不是主城区的口音哟"}, {"uid": "57753304", "content": "中日语言直接交流"}, {"uid": "515020816", "content": "逗算是楞个，我也要嗦下次一定"}, {"uid": "107892682", "content": "豪无违和感"}, {"uid": "212912489", "content": "哈哈哈哈，太可爱了吧"}, {"uid": "502939983", "content": "卧槽，我为什么要想"}, {"uid": "940140", "content": "好可爱哈哈哈哈"}, {"uid": "4639007", "content": "毛焦火辣的哈哈哈"}, {"uid": "32590709", "content": "对不起，今天把血小板献了"}, {"uid": "358190117", "content": "四川妹子声音都这么细的吗"}, {"uid": "523813683", "content": "好可爱的血小板"}, {"uid": "667611082", "content": "一切请以实物为主"}, {"uid": "647416014", "content": "因为封面和我QQ头像一样"}, {"uid": "493886540", "content": "印度血小板 "}, {"uid": "220003157", "content": "反帽妹儿草"}, {"uid": "525987989", "content": "论中国的方言和日语是如何交流的"}, {"uid": "435691627", "content": "哈哈哈哈哈哈 可爱死了"}, {"uid": "351291492", "content": "帽子反戴酱"}, {"uid": "351291492", "content": "石锤了，混血儿"}, {"uid": "28338411", "content": "太可爱了！！！"}, {"uid": "402960488", "content": "密码正确，账号错误"}, {"uid": "396868408", "content": "还是好可爱啊"}, {"uid": "234315366", "content": "沃们血小板力量大"}, {"uid": "231228689", "content": "反戴帽亲摔了​"}, {"uid": "1417591723", "content": "犯错错，啊！好萌"}, {"uid": "35431736", "content": "哈哈哈哈太可爱了！"}, {"uid": "36612604", "content": "好可爱啊"}, {"uid": "15386240", "content": "卧槽！中日混血?"}, {"uid": "349805142", "content": "笑死我了嘞，笑死我了累"}, {"uid": "12358001", "content": "川南确实不这样 成都话不是这样"}, {"uid": "488649245", "content": "川东涪江嘉陵江流域口音"}, {"uid": "513095", "content": "冯宝宝血小板！"}, {"uid": "247199637", "content": "川日对话"}, {"uid": "26625002", "content": "川日对话"}, {"uid": "14911283", "content": "这哪里重庆口味儿了？"}, {"uid": "14154953", "content": "鬼知道我看了好多道"}, {"uid": "369742458", "content": "好可爱啊啊啊！"}, {"uid": "19240029", "content": "自摸三家"}, {"uid": "523101867", "content": "四川巴中死宅路过"}, {"uid": "27789891", "content": "好可爱！！！！！！"}, {"uid": "472050205", "content": "哈哈哈哈，太可爱啦"}, {"uid": "469371291", "content": "淦，四川人不背锅"}, {"uid": "348828344", "content": "走成华大道"}, {"uid": "203079828", "content": "好可爱！！！！！"}, {"uid": "189976652", "content": "拐了哈哈哈"}, {"uid": "189976652", "content": "四川人表示awsl"}, {"uid": "50099657", "content": "这也太可爱了吧！！"}, {"uid": "29209614", "content": "带反帽亲"}, {"uid": "122702118", "content": "正所谓川渝不分家"}, {"uid": "522880498", "content": "语言无障碍"}, {"uid": "385201279", "content": "语 言 不 通 文 字 难 辨"}, {"uid": "26846362", "content": "重庆口音重一点"}, {"uid": "352450072", "content": "川渝不分家。。"}, {"uid": "175302426", "content": "来black的版本"}, {"uid": "18257716", "content": "更像重庆口音一点"}, {"uid": "396380083", "content": "搞怪咯，我口水滴到手机上来唠"}, {"uid": "244406202", "content": "体内，反客为主"}, {"uid": "430241816", "content": "有一点宝儿姐的感觉"}, {"uid": "237268659", "content": "好可爱！！！"}, {"uid": "9375816", "content": "犯错错，哈哈哈哈"}, {"uid": "9032917", "content": "犯错错～"}, {"uid": "588905609", "content": "反戴帽亲"}, {"uid": "3353375", "content": "一万快两万"}, {"uid": "488004249", "content": "啊啊啊啊，好可爱啊"}, {"uid": "453913072", "content": "cctv6马上就开始播了"}, {"uid": "281191270", "content": "哈哈哈哈哈哈哈哈哈哈哈，爱了"}, {"uid": "39841090", "content": "麻辣味的血小板"}, {"uid": "73398020", "content": "哈哈哈哈哈哈人"}, {"uid": "14499159", "content": "你那个动作难度完全不同吧"}, {"uid": "485902966", "content": "四川话跟日语能交流我是没想到的"}, {"uid": "435800857", "content": "啊——猫冬"}, {"uid": "435800857", "content": "拐了拐了"}, {"uid": "489505355", "content": "二次元的人生赢家"}, {"uid": "396094793", "content": "当然是为了血小板"}, {"uid": "488649245", "content": "重庆本来就是属川东口音"}, {"uid": "27865439", "content": "白嫖失败"}, {"uid": "33256781", "content": "不愧是你"}, {"uid": "93223732", "content": "哈哈哈，拐了"}, {"uid": "476564322", "content": "这真的是重庆口音啊，我有个表妹她说话就是这样的，口音太像了。"}, {"uid": "12858894", "content": "攒劲哈哈哈哈"}, {"uid": "434735849", "content": "帽子反戴菌"}, {"uid": "173973011", "content": "毫无违和感"}, {"uid": "1714345", "content": "哈哈哈哈哈哈"}, {"uid": "206479721", "content": "还是会想起雷姆哈哈"}, {"uid": "49624032", "content": "我可能是个假的四川人"}, {"uid": "10822884", "content": "不该是嘿捉嘿捉吗233"}, {"uid": "16608852", "content": "比较偏重庆话"}, {"uid": "229816786", "content": "重庆话还不是四川话的一种"}, {"uid": "673068702", "content": "四川人直呼内行"}, {"uid": "8582546", "content": "别争了，重庆以前是四川的"}, {"uid": "4953526", "content": "好可爱！！！"}, {"uid": "518620144", "content": "方言，好喜欢"}, {"uid": "514969974", "content": "成都人路过"}, {"uid": "449975116", "content": "你们莫挨老子"}, {"uid": "75844985", "content": "nmp的重庆妹儿，劳资广安的第一个不服"}, {"uid": "523077643", "content": "跟六道的天壤之别"}, {"uid": "22083682", "content": "哈哈哈哈哈哈哈哈哈哈哈"}, {"uid": "53594572", "content": "好萌啊"}, {"uid": "423374293", "content": "前面的，红细胞就是香菜配的音"}, {"uid": "131520552", "content": "妈呀！好可爱"}, {"uid": "30211157", "content": "阿伟死了"}, {"uid": "30211157", "content": "好可爱"}, {"uid": "598676599", "content": "拐了，哈哈哈哈哈哈哈"}, {"uid": "177768745", "content": "哈哈哈哈哈哈哈哈哈哈哈哈哈"}, {"uid": "54404166", "content": "太可爱了"}, {"uid": "410463623", "content": "啊啊好可爱"}, {"uid": "483458268", "content": "反帽妹儿。。。"}, {"uid": "45531874", "content": "你这个能拉吗"}, {"uid": "28383110", "content": "痛痛 哈哈哈哈哈"}, {"uid": "102652964", "content": "已经1.8万了"}, {"uid": "515020816", "content": "重庆人想听一下"}, {"uid": "382690", "content": "哈哈哈哈哈哈哈哈哈"}, {"uid": "381929998", "content": "痛痛?绝了绝了"}, {"uid": "91763112", "content": "哈哈哈哈哈哈哈哈哈哈哈哈哈"}, {"uid": "523359113", "content": "头头最可爱"}, {"uid": "479192256", "content": "四川话是可以当声优的，与日语相媲美"}, {"uid": "691070360", "content": "我死了！好可爱啊"}, {"uid": "34727664", "content": "自摸三家"}, {"uid": "435800857", "content": "啊——我没了"}, {"uid": "365774866", "content": "太可爱了！！！"}, {"uid": "49819910", "content": "戴反帽君"}, {"uid": "489505355", "content": "当时我就…"}, {"uid": "489505355", "content": "头疼死了awa"}, {"uid": "455436016", "content": "毛焦火辣四川方言"}, {"uid": "523191259", "content": "风车车，我是假老练！！！！"}, {"uid": "523567602", "content": "戴反帽亲"}, {"uid": "294754632", "content": "阿伟出来死一下"}, {"uid": "30281421", "content": "血老板来配个音"}, {"uid": "354363416", "content": "6000了"}, {"uid": "62806284", "content": "让我不禁想起了冯宝宝"}, {"uid": "435691627", "content": "猛男必看血小板"}, {"uid": "37938325", "content": "鹅鹅鹅鹅鹅鹅鹅鹅鹅鹅鹅鹅鹅鹅"}, {"uid": "148246709", "content": "离谱哈哈哈"}, {"uid": "1285620", "content": "为什么点进来？因为川妹纸？"}, {"uid": "396868408", "content": "哈哈哈哈，笑死了"}, {"uid": "336531799", "content": "宝儿姐即视感"}, {"uid": "624605018", "content": "不愧是花满！努力加油！"}, {"uid": "21239781", "content": "。。。。哈哈哈哈"}, {"uid": "10887355", "content": "扯拐了草"}, {"uid": "1714345", "content": "哈哈哈笑死我了"}, {"uid": "6944494", "content": "花满好棒！"}, {"uid": "134519632", "content": "耒阳人表示也挺熟悉 "}, {"uid": "181345", "content": "很重庆口音"}, {"uid": "436031969", "content": "对上了"}, {"uid": "1462749837", "content": "毫无沟通障碍"}, {"uid": "387084279", "content": "好可爱"}, {"uid": "7784018", "content": "哈哈哈哈哈哈哈哈哈"}, {"uid": "12358001", "content": "这不是重庆味儿？"}, {"uid": "393173268", "content": "刚看完河南话"}, {"uid": "7616107", "content": "重庆口音"}, {"uid": "30660647", "content": "笨戳戳草"}, {"uid": "34810869", "content": "好可爱啊"}, {"uid": "687313000", "content": "你的问重庆"}, {"uid": "52648858", "content": "哈哈哈哈哈哈哈哈哈哈哈哈哈"}, {"uid": "19073282", "content": "犯错错了～"}, {"uid": "628473773", "content": "好可爱"}, {"uid": "291965244", "content": "好，可爱"}, {"uid": "22083682", "content": "哈哈哈哈哈哈哈哈哈哈哈哈哈哈"}, {"uid": "591897683", "content": "冯宝宝的身体里的血小板"}, {"uid": "480093462", "content": "好可爱！！！！！！！"}, {"uid": "156746803", "content": "啊啊啊啊好乖"}, {"uid": "277269848", "content": "下次一定"}, {"uid": "107479876", "content": "自摸三万"}, {"uid": "337450858", "content": "达州也是这个口音啊"}, {"uid": "358537556", "content": "好可爱"}, {"uid": "526466967", "content": "好可爱"}, {"uid": "8532933", "content": "好可爱"}, {"uid": "111030004", "content": "好耶，四川人狂喜"}, {"uid": "470261839", "content": "上来就王炸？"}, {"uid": "8925943", "content": "重庆人笑死了"}, {"uid": "453913072", "content": "中配版CCTV6 2月13号开播"}, {"uid": "263242367", "content": "好可爱啊！！！"}, {"uid": "32314101", "content": "1.5万了"}, {"uid": "10957357", "content": "哈哈哈哈哈哈哈哈"}, {"uid": "87536094", "content": "不好意思，自摸三家"}, {"uid": "12250592", "content": "川东口音和重庆很像的，不要啥都说是重庆话"}, {"uid": "411242888", "content": "hhhh"}, {"uid": "299837922", "content": "我竟流下口水"}, {"uid": "145194977", "content": "可爱死了"}, {"uid": "1524129380", "content": "哈哈哈哈哈哈哈哈哈哈哈"}, {"uid": "88556721", "content": "确实有点重庆味儿"}, {"uid": "403222776", "content": "是血老板"}, {"uid": "87154003", "content": "前面那个说四川重庆像的，重启以前就是四川的后头画出切了"}, {"uid": "202275972", "content": "重庆口音和四川口音很像的"}, {"uid": "276864237", "content": "反戴帽亲"}, {"uid": "237642250", "content": "下次一定"}, {"uid": "18244196", "content": "戴反帽亲(●✿∀✿●)"}, {"uid": "435171549", "content": "哈哈哈哈哈"}, {"uid": "303375533", "content": "冒椒伙着的"}, {"uid": "7269129", "content": "太可爱了"}, {"uid": "523012494", "content": "哈哈哈哈哈哈哈"}, {"uid": "564949691", "content": "想想你为什么点进来。"}, {"uid": "624605018", "content": "来晚了来晚了八个小时"}, {"uid": "479019361", "content": "老四川人了"}, {"uid": "1714345", "content": "太可爱了"}, {"uid": "176893992", "content": "酥了"}, {"uid": "5721303", "content": "可爱！！！"}, {"uid": "406140366", "content": "我酥了"}, {"uid": "256379427", "content": "可可爱爱"}, {"uid": "96943993", "content": "反帽酱"}, {"uid": "850654", "content": "还是四川话好听"}, {"uid": "52899819", "content": "这是重庆话吧"}, {"uid": "164140152", "content": "刚从河南话那过来"}, {"uid": "567422583", "content": "麻辣味的血小板"}, {"uid": "492107803", "content": "德阳表示良好"}, {"uid": "357715752", "content": "好可爱"}, {"uid": "494129399", "content": "可爱死了"}, {"uid": "591109470", "content": "这个不是四川方言"}, {"uid": "7005787", "content": "好可爱"}, {"uid": "499034880", "content": "川日混血"}, {"uid": "7593557", "content": "因为六道？"}, {"uid": "84420286", "content": "好可爱"}, {"uid": "384639964", "content": "哈哈哈哈"}, {"uid": "439097989", "content": "好甜啊"}, {"uid": "598676599", "content": "痛痛，哈哈哈"}, {"uid": "337450858", "content": "已经2.6w了"}, {"uid": "457245641", "content": "好可爱啊"}, {"uid": "470957128", "content": "带反帽的"}, {"uid": "50099657", "content": "赶快更新"}, {"uid": "145914843", "content": "好可爱"}, {"uid": "124086638", "content": "毛焦火辣爱了"}, {"uid": "269420281", "content": "这个血小板是男生哦"}, {"uid": "506234260", "content": "猝不及防"}, {"uid": "487072184", "content": "戴反帽亲"}, {"uid": "117540002", "content": "啊～～～～～～"}, {"uid": "482820928", "content": "哈哈哈哈"}, {"uid": "515348295", "content": "重庆表示反对"}, {"uid": "31327889", "content": "哈哈哈哈哈"}, {"uid": "355566165", "content": "哈哈哈哈哈哈哈哈哈"}, {"uid": "121901896", "content": "哈哈哈哈"}, {"uid": "689634811", "content": "上上下下左右左右BA"}, {"uid": "400951911", "content": "这不配血老板"}, {"uid": "515020816", "content": "我重庆人还听得懂"}, {"uid": "157675104", "content": "这不是重庆口音"}, {"uid": "437860267", "content": "犯错错..."}, {"uid": "36295777", "content": "我是双语人"}, {"uid": "383927282", "content": "重庆都是从四川里分出去的，都差不多"}, {"uid": "18484886", "content": "哈哈哈哈哈哈"}, {"uid": "18484886", "content": "哈哈哈哈哈"}, {"uid": "14190872", "content": "宝枇龙"}, {"uid": "386484882", "content": "哈哈哈哈"}, {"uid": "28006969", "content": "哈哈哈哈"}, {"uid": "435800857", "content": "可爱死我了"}, {"uid": "358654568", "content": "我想看black版"}, {"uid": "429162533", "content": "说个方言都有人带节奏"}, {"uid": "73388183", "content": "up应该是社会板那边的"}, {"uid": "129859374", "content": "香菜的声音？？"}, {"uid": "407693463", "content": "哈哈哈哈哈哈"}, {"uid": "148246709", "content": "哈哈哈哈"}, {"uid": "349801537", "content": "不会语言不通么"}, {"uid": "123964278", "content": "啊啊啊啊啊，奶音"}, {"uid": "662719336", "content": "一键三连你有了"}, {"uid": "1417591723", "content": "意涩"}, {"uid": "22272356", "content": "针不戳"}, {"uid": "341876982", "content": "对啊 一群杠精烦死了"}, {"uid": "29528595", "content": "笑死什么叫重庆味"}, {"uid": "16207823", "content": "可爱！"}, {"uid": "7084748", "content": "叠罗汉"}, {"uid": "491451352", "content": "哈哈哈哈哈"}, {"uid": "14927310", "content": "阿伟死了"}, {"uid": "16817667", "content": "中江话？"}, {"uid": "30088253", "content": "哈哈哈"}, {"uid": "406006603", "content": "awsl"}, {"uid": "122484825", "content": "非要分个重庆和四川，以前川渝本来就是一家，后来成直辖市了而已。说话本来就差不多"}, {"uid": "591109470", "content": "重庆话吧这是"}, {"uid": "701812665", "content": "好阔爱"}, {"uid": "24496561", "content": "犯错错了"}, {"uid": "112154577", "content": "化了化了"}, {"uid": "242067598", "content": "2万了"}, {"uid": "61406040", "content": "宝儿姐"}, {"uid": "24628194", "content": "重庆口音"}, {"uid": "435492481", "content": "绝了"}, {"uid": "102517441", "content": "下次一定"}, {"uid": "23813144", "content": "？？？？？？？？？？？？？？"}, {"uid": "1193132115", "content": "痛痛绝了"}, {"uid": "651425931", "content": "awsl"}, {"uid": "219969512", "content": "犯错错了"}, {"uid": "29392912", "content": "应该是重起"}, {"uid": "110906404", "content": "哈哈哈"}, {"uid": "57270224", "content": "川妹川妹"}, {"uid": "283642183", "content": "有些重庆味"}, {"uid": "32957538", "content": "哈哈哈"}, {"uid": "49624032", "content": "四川人进来看看"}, {"uid": "105226728", "content": "广安口音有点像"}, {"uid": "11144263", "content": "为了川妹纸！"}, {"uid": "42335570", "content": "四川哪里的口音？没听出来"}, {"uid": "46937949", "content": "哈哈哈哈"}, {"uid": "33711206", "content": "没你配音我不看"}, {"uid": "18484886", "content": "哈哈哈哈哈哈"}, {"uid": "485990", "content": "味太冲了"}, {"uid": "206562773", "content": "哈哈哈哈"}, {"uid": "507693375", "content": "阿伟乱葬岗"}, {"uid": "75742572", "content": "劳慰了"}, {"uid": "503889902", "content": "啊啊啊啊啊啊啊啊啊啊"}, {"uid": "502933694", "content": "不好意思 自摸三家"}, {"uid": "164987543", "content": "啊我没了"}, {"uid": "171450964", "content": "麻了麻了"}, {"uid": "493886540", "content": "呆毛 "}, {"uid": "484901271", "content": "犯错的错喽"}, {"uid": "1501540883", "content": "哈哈哈"}, {"uid": "1128878280", "content": "卧槽我要麻了"}, {"uid": "434173947", "content": "开口跪"}, {"uid": "336738455", "content": "百草园"}, {"uid": "93223732", "content": "哈哈哈"}, {"uid": "622823114", "content": "可爱惨了"}, {"uid": "176183620", "content": "哈哈哈"}, {"uid": "176183620", "content": "可以有"}, {"uid": "318868967", "content": "哈哈哈哈"}, {"uid": "35431736", "content": "痛痛～"}, {"uid": "485044705", "content": "我化了，犯错错"}, {"uid": "485044705", "content": "哈哈哈哈哈"}, {"uid": "1529017640", "content": "我也不知道"}, {"uid": "267738", "content": "花小满"}, {"uid": "35431736", "content": "痛痛！"}, {"uid": "87036560", "content": "nice"}, {"uid": "1087448395", "content": "河南话带我一个"}, {"uid": "98818906", "content": "666"}, {"uid": "42587582", "content": "宝儿姐"}, {"uid": "415500573", "content": "哈哈哈"}, {"uid": "439366876", "content": "哦豁"}, {"uid": "233741256", "content": "这不是重庆话？"}, {"uid": "212291849", "content": "达州确实不是这个口音 。"}, {"uid": "1048967604", "content": "扯拐了xsw"}, {"uid": "494129399", "content": "awsl"}, {"uid": "302556121", "content": "哦哟"}, {"uid": "17943535", "content": "不得行"}, {"uid": "17943535", "content": "得不得行"}, {"uid": "260702445", "content": "这是武汉话吧？"}, {"uid": "36495666", "content": "awsl"}, {"uid": "107745680", "content": "辣子吃多了"}, {"uid": "670301927", "content": "四川妹儿"}, {"uid": "18144945", "content": "阿伟滚出来受死"}, {"uid": "598676599", "content": "爱了！"}, {"uid": "598676599", "content": "哈哈哈哈哈"}, {"uid": "57844144", "content": "歪？"}, {"uid": "520412439", "content": "awsl"}, {"uid": "476461985", "content": "阿伟死了"}, {"uid": "677503993", "content": "这个是四川蔡文姬？"}, {"uid": "702031564", "content": "川妹纸"}, {"uid": "13610653", "content": "达州是这口音吗？"}, {"uid": "29875325", "content": "666666"}, {"uid": "175488806", "content": "跨服聊天"}, {"uid": "179565549", "content": "噗"}, {"uid": "488812964", "content": "哈哈"}, {"uid": "97527246", "content": "awsl"}, {"uid": "89515114", "content": "嘿左！嘿左！"}, {"uid": "410392631", "content": "哇可爱"}, {"uid": "50356232", "content": "awsl"}, {"uid": "352577178", "content": "声音好小"}, {"uid": "1940399", "content": "不是重庆味"}, {"uid": "176653074", "content": "宝儿姐"}, {"uid": "379033651", "content": "Peach "}, {"uid": "42361118", "content": "下次一定"}, {"uid": "285400059", "content": "听不懂"}, {"uid": "427999107", "content": "内个内个"}, {"uid": "8629790", "content": "哈哈"}, {"uid": "40134386", "content": "awsl"}, {"uid": "485583645", "content": "awsl"}, {"uid": "426686666", "content": "放屁，我从开不干这事"}, {"uid": "506877737", "content": "男的，男的，男的"}, {"uid": "434541371", "content": "哈哈"}, {"uid": "435691627", "content": "awsl"}, {"uid": "19098822", "content": "不会！"}, {"uid": "477013382", "content": "？？？？？？"}, {"uid": "148246709", "content": "哈哈哈"}, {"uid": "89250119", "content": "想起来六道"}, {"uid": "508673058", "content": "没有一点违和感"}, {"uid": "35431736", "content": "好耶"}, {"uid": "6944494", "content": "2333333"}, {"uid": "526028065", "content": "哪来重庆是四川崽之说?"}, {"uid": "82630055", "content": "。。。。。。。。。"}, {"uid": "260678952", "content": "好甜"}, {"uid": "174020042", "content": "宝儿姐"}, {"uid": "526275745", "content": "他是日本人，你是四川人"}, {"uid": "26625002", "content": "下次"}, {"uid": "320863", "content": "果然有重庆人，重庆人是不是认为四川除了成都话就没别的了？"}, {"uid": "269543317", "content": "小醉？"}, {"uid": "311585698", "content": "宝儿姐？"}, {"uid": "67593374", "content": "反帽君"}, {"uid": "41163659", "content": "下次丕定"}, {"uid": "1658885581", "content": "哈哈哈哈哈"}, {"uid": "546653386", "content": "？？"}, {"uid": "1008084360", "content": "求中文"}, {"uid": "8657321", "content": "痛痛"}, {"uid": "598676599", "content": "爱了！"}, {"uid": "598676599", "content": "来了"}, {"uid": "121958415", "content": "woc"}, {"uid": "487120951", "content": "我死啦！！！！"}, {"uid": "700108624", "content": "宝儿姐"}, {"uid": "700108624", "content": "宝儿姐"}, {"uid": "700108624", "content": "宝儿姐"}, {"uid": "565618577", "content": "四川人的正常打开方式：*********"}, {"uid": "33441425", "content": "痛痛"}, {"uid": "24628194", "content": "嘿作"}, {"uid": "543919464", "content": "妹？"}, {"uid": "40120537", "content": "他"}, {"uid": "110899451", "content": "你体内没有，别看啦"}, {"uid": "27622096", "content": "裂开了"}, {"uid": "372115097", "content": "aa"}, {"uid": "107892682", "content": "卧槽"}, {"uid": "357198192", "content": "宝儿姐"}, {"uid": "210419366", "content": "好像也不是不行"}, {"uid": "21931016", "content": "脑壳痛，四川那么大，动不动就这就是重庆口音。四川话你都听过？"}, {"uid": "497263601", "content": "哈哈哈"}, {"uid": "427999107", "content": "毛动？"}, {"uid": "677895162", "content": "好可爱"}, {"uid": "435800857", "content": "香！"}, {"uid": "435432502", "content": "危"}, {"uid": "7351141", "content": "？？？？？"}, {"uid": "62894603", "content": "8000了"}, {"uid": "88766380", "content": "遭不住啊"}, {"uid": "345899708", "content": "awsl"}, {"uid": "435691627", "content": "犯错错"}, {"uid": "11200333", "content": "应该是nei guo吧"}, {"uid": "115096418", "content": "宝儿姐？"}, {"uid": "294591487", "content": "够不着"}, {"uid": "7020335", "content": "kksk"}, {"uid": "318215550", "content": "？？？"}, {"uid": "448229133", "content": "可爱吗？"}, {"uid": "210077576", "content": "爱了"}, {"uid": "351804397", "content": "awsl"}, {"uid": "45229186", "content": "awsl"}, {"uid": "210343443", "content": "awsl"}, {"uid": "54913633", "content": "？？？"}, {"uid": "7269129", "content": "kksk"}, {"uid": "31714116", "content": "？？？？？"}, {"uid": "31714116", "content": "？？？？"}, {"uid": "8154476", "content": "草"}, {"uid": "35431736", "content": "犯错错啦"}, {"uid": "34244453", "content": "这是哪个日本人输了四川人的血吗？"}, {"uid": "20121885", "content": "人家up主都表明了四川话，还提重庆，够无语"}, {"uid": "20121885", "content": "重庆人又来ky了，烦不烦，四川话多的是口音ok?"}, {"uid": "387084279", "content": "awwwww"}, {"uid": "387084279", "content": "awwwww"}, {"uid": "341876982", "content": "四川话 说的是 不是成都话 不是重庆话 杠精些"}, {"uid": "304208786", "content": "下次一定"}, {"uid": "439473988", "content": "日本人？"}, {"uid": "410853829", "content": "前面的中江的别走，这不是中江话，有区别哦"}, {"uid": "212291849", "content": "达州确实不是这个口音 。不过正常说话也不会这样说 ，学还是学的出来（达州土著，24岁）"}, {"uid": "486956544", "content": "猫一样"}, {"uid": "679470977", "content": "2.8万了"}, {"uid": "675479933", "content": "瓜的一逼"}, {"uid": "674134034", "content": "戴反帽君"}, {"uid": "616791074", "content": "成渝片区话都差不多这个样"}, {"uid": "598676599", "content": "四川的"}, {"uid": "598676599", "content": "我是四川的"}, {"uid": "74621975", "content": "并不是重庆味，听过重庆话再来评论，别在这里开黄腔。"}, {"uid": "26407247", "content": "四川人听着感觉好尬"}, {"uid": "359483473", "content": "四川方言怎么听着和我家乡方言一样？"}, {"uid": "12172870", "content": "重庆口音个锤子，看不懂中文写的四川？"}, {"uid": "427043637", "content": "awsl"}, {"uid": "32743303", "content": "因为我喜欢川妹子。我永远爱川妹子（杭州男孩子发言）"}, {"uid": "348009382", "content": "我笑了"}, {"uid": "20574346", "content": "重庆"}, {"uid": "401421003", "content": "啊啊啊"}, {"uid": "439419176", "content": "成都"}, {"uid": "412862718", "content": "kasl"}, {"uid": "164921593", "content": "都是男的"}, {"uid": "38564550", "content": "啊啊啊"}, {"uid": "91306421", "content": "重庆人表示，这不是重庆的口音。。"}, {"uid": "15671124", "content": "pp"}, {"uid": "3621884", "content": "哈哈哈，这是重庆妹儿，就算四川，也是川东广安靠重庆那边"}, {"uid": "79540401", "content": "是吗？四川人听着表示很尬。"}, {"uid": "689782920", "content": "达州口音"}, {"uid": "33711206", "content": "meijip"}, {"uid": "478737431", "content": "一些人不懂awsl是什么意思，我科普一下，awsl是American wrestling superstars live 美国全明星摔跤大赛直播的缩写  如果一个人跟你说awsl 意思是他想跟你摔♂跤"}, {"uid": "599358691", "content": "第几集？"}, {"uid": "1085449593", "content": "下次一定"}, {"uid": "75625530", "content": "犯错错咯"}, {"uid": "435432502", "content": "危"}, {"uid": "258962719", "content": "重庆方言大部分地区都是西南官话成渝小片。你说像不像"}, {"uid": "1202897597", "content": "哈哈"}, {"uid": "489505355", "content": "三连"}, {"uid": "1479109020", "content": "沃玛？"}, {"uid": "687008394", "content": "？？？？"}, {"uid": "300631053", "content": "後ろ前ちんꉂ(ˊᗜˋ*)ヶﾗヶﾗ"}, {"uid": "184323970", "content": "？？？？"}, {"uid": "3242011", "content": "kawaiiiiiiiiiiiiiiiiiiii!"}, {"uid": "365978323", "content": "不是应该是naigonaigo吗？"}, {"uid": "22044514", "content": "啥子都你们重庆的行了嘛"}, {"uid": "427902219", "content": "四川很大，不是只有成都话才是四川的"}, {"uid": "526028065", "content": "重庆和四川的关系是这样的:四川，重庆-四川-四川，重庆"}, {"uid": "526028065", "content": "重庆只是一段时间划给了四川，本来就不是四川的"}, {"uid": "22963540", "content": "阆中表示赞同"}, {"uid": "17943535", "content": "毛焦火辣滴哈哈哈哈哈哈哈哈哈哈哈哈哈哈哈哈哈哈"}, {"uid": "8266498", "content": "哈哈哈哈哈哈哈哈哈哈哈哈哈哈哈哈哈哈哈哈哈哈救命啊"}, {"uid": "8266498", "content": "哈哈哈哈哈哈哈哈哈哈哈哈哈哈哈哈哈哈哈哈"}, {"uid": "1029836641", "content": "哈哈哈哈哈哈哈哈哈哈哈哈哈哈哈"}, {"uid": "1193132115", "content": "哈哈哈哈哈哈哈哈哈哈哈哈哈哈哈嗝"}, {"uid": "402764943", "content": "啊啊啊啊啊啊啊啊啊啊啊，我死了"}, {"uid": "89489223", "content": "都说了是四川话，还尼玛不要脸的在那说是重庆话"}, {"uid": "355566165", "content": "哈哈哈哈哈哈哈哈哈哈哈哈哈哈哈哈哈哈哈哈哈哈哈哈哈哈哈哈哈哈哈哈哈哈哈哈哈哈哈哈哈哈哈哈哈哈哈哈哈哈哈哈哈"}, {"uid": "19257461", "content": "啊啊啊啊啊啊啊啊我四川话太可爱了啊啊啊啊啊啊啊啊"}, {"uid": "352927995", "content": "这是川北口音，川南发音不是这样的"}, {"uid": "109387787", "content": "听到四川话就只知道个宝儿姐，那我听你们一说普通话我就觉得你们像葛优咯？"}, {"uid": "543301896", "content": "人不能，至少不应该，但我想试试"}, {"uid": "470389352", "content": "血包啊啊啊啊啊啊啊啊啊啊啊啊awsl"}]