[{"uid": "403292923", "content": "我男生165cm，94斤"}, {"uid": "436031969", "content": "我体毛很少（除了胡子）唉，好难过(┯_┯)我想要络腮胡！"}, {"uid": "436031969", "content": "洛丽塔是真的好，但是只建议娇小可爱的人穿或者身材好的"}, {"uid": "436031969", "content": "我腰子阔33公分"}, {"uid": "436031969", "content": "不，我要当超级硬汉！"}, {"uid": "237578433", "content": "不敢尝试是因为怕停不下来……"}, {"uid": "401978894", "content": "肩宽小"}, {"uid": "79914", "content": "暗示DD们没有头发？"}, {"uid": "341115447", "content": "完了我兄弟一米八，怎么办"}, {"uid": "565401700", "content": "一米九瑟瑟发抖"}, {"uid": "536399098", "content": "我鲻鱼头就感觉好香呀‘’"}, {"uid": "10209425", "content": "一米九大汉没退，反而看的津津有味"}, {"uid": "36589102", "content": "好家伙都在无中生有"}, {"uid": "92948708", "content": "我喉结有点明显..."}, {"uid": "622817849", "content": "请诸位思索为何我们会在此相遇……［doge］"}, {"uid": "297378962", "content": "不是假发，是桂"}, {"uid": "18626697", "content": "我把我朋友捆过来学习学习"}, {"uid": "523681217", "content": "我一个男的腰细的跟女的差不多。。。。。。这正常吗？"}, {"uid": "303540787", "content": "求进阶！哦不对，我朋友需要看进阶教程"}, {"uid": "303540787", "content": "我朋友，对朋友他一米八五咋办"}, {"uid": "475027323", "content": "我一个女孩子看这个干嘛【突然反应过来】"}, {"uid": "624347533", "content": "跑起来都飞毛。。。"}, {"uid": "381759497", "content": "我有亿点肉"}, {"uid": "107010536", "content": "我不是，我帮朋友看的"}, {"uid": "39153837", "content": "自带长发的那位带上我"}, {"uid": "38144468", "content": "蛋白质女王太草了"}, {"uid": "493750964", "content": "反重力裙子"}, {"uid": "283440631", "content": "好藏那个太真实了"}, {"uid": "572617395", "content": "一米八大汉默默退出了该视频"}, {"uid": "26171404", "content": "收藏比赞多2333"}, {"uid": "422839603", "content": "帮朋友“了解”一下"}, {"uid": "379757955", "content": "建议手机长在脸上"}, {"uid": "347680974", "content": "不是效果好就不会羞耻吗hhh"}, {"uid": "435576506", "content": "不一定，头发可以自己留长"}, {"uid": "262360421", "content": "我留过两年多，但留一定长度就不涨了。"}, {"uid": "7321756", "content": "lo服"}, {"uid": "105396142", "content": "何 相 遇"}, {"uid": "430423632", "content": "草"}, {"uid": "217797936", "content": "生活所迫"}, {"uid": "595977618", "content": "所以，大骨架体脂低的女生都撩到小姐姐了（OK）"}, {"uid": "296434231", "content": "好巧，我也是帮朋友看看"}, {"uid": "85716476", "content": "大佬家的假毛就很棒"}, {"uid": "509842735", "content": "只是帮兄弟康康"}, {"uid": "86162862", "content": "我还以为是我的书"}, {"uid": "628921263", "content": "收藏数大于点赞"}, {"uid": "398851435", "content": "帮兄弟康康"}, {"uid": "111082687", "content": "如果太圆润了呢"}, {"uid": "24422751", "content": "其实没有胸才是显肩宽的最重要的点"}, {"uid": "13990000", "content": "？？？？"}, {"uid": "362409555", "content": "蛋白质女神"}, {"uid": "139138749", "content": "打理假发怎么太难了。哭"}, {"uid": "8418367", "content": "我是扁胯 好耶"}, {"uid": "8366546", "content": "我不是，我没有( ˙-˙ )"}, {"uid": "11568073", "content": "欧洲贵族既视感"}, {"uid": "322381275", "content": "都在认真学习啊"}, {"uid": "594601003", "content": "正道的光！！！"}, {"uid": "693606547", "content": "受到雷击"}, {"uid": "477624346", "content": "看了看自己的肤色"}, {"uid": "2086194256", "content": "得了，两个都不具备"}, {"uid": "455242459", "content": "喵哇我肩比我们班女生还窄"}, {"uid": "26051506", "content": "我直接!戴口罩（）"}, {"uid": "496292323", "content": "一米七无所畏惧"}, {"uid": "290767235", "content": "我朋友想了解下"}, {"uid": "34453626", "content": "194天不怕地不怕"}, {"uid": "353185970", "content": "想想你为什么会点进来"}, {"uid": "341115447", "content": "巧了我兄弟一米八，70公斤"}, {"uid": "36589102", "content": "我就不一样了我帮你们看一看"}, {"uid": "456931139", "content": "我在留长发hhh"}, {"uid": "1681441925", "content": "我男的，现在头发都在半背了特别长"}, {"uid": "523821764", "content": "出现了！无中生友！"}, {"uid": "67665760", "content": "疯狂截表情包"}, {"uid": "446060841", "content": "没喉结+1 (指暂时)"}, {"uid": "499926277", "content": "秒变巨人"}, {"uid": "499926277", "content": "想想你为什么会点进来"}, {"uid": "413094963", "content": "生活所迫"}, {"uid": "275021250", "content": "不说了，直接三连"}, {"uid": "406081601", "content": "我其实在帮我的朋友看"}, {"uid": "4482515", "content": "倒 吊 人"}, {"uid": "2161903", "content": "？？？？？为什么！！！！！"}, {"uid": "7763034", "content": "因为jk好买好穿好藏"}, {"uid": "82188129", "content": "？？?？"}, {"uid": "161911898", "content": "我尼玛肌肉猛男"}, {"uid": "88193871", "content": "只有第一次和无数次"}, {"uid": "527524521", "content": "反重力裙子"}, {"uid": "20572767", "content": "气抖冷"}, {"uid": "37123657", "content": "我骨架小的不得了，而且脚还小"}, {"uid": "477790984", "content": "气抖冷"}, {"uid": "35431736", "content": "过于真实"}, {"uid": "403292923", "content": "阿我真的，肩膀再窄一点就是女生了"}, {"uid": "298562770", "content": "气抖冷"}, {"uid": "65549479", "content": "没有脖子的我。。。"}, {"uid": "102439599", "content": "初一就有喉结的我哭了"}, {"uid": "37408066", "content": "留过长发，去年剪了"}, {"uid": "259608997", "content": "比♂利也会更可♂爱"}, {"uid": "197560364", "content": "气抖冷"}, {"uid": "617225739", "content": "我有一个朋友"}, {"uid": "363245868", "content": "你再骂？？？"}, {"uid": "10321187", "content": "没有喉结233"}, {"uid": "21224097", "content": "奇怪的知识又增加了"}, {"uid": "196498610", "content": "巧了老子一米八"}, {"uid": "49854375", "content": "气抖冷"}, {"uid": "513454657", "content": "主要我兄弟想看"}, {"uid": "519616428", "content": "帮朋友看看"}, {"uid": "8258423", "content": "我为什么会打开这个视频"}, {"uid": "351364054", "content": "帮好兄弟看看"}, {"uid": "201686569", "content": "气抖冷"}, {"uid": "12773769", "content": "戴头壳就行"}, {"uid": "691574719", "content": "无中生友"}, {"uid": "7763034", "content": "夏尔好评"}, {"uid": "519616428", "content": "帮朋友看看"}, {"uid": "217003267", "content": "太强了"}, {"uid": "28128002", "content": "完了，我骨架子巨大"}, {"uid": "325352038", "content": "毛腿大汉，wwwww"}, {"uid": "2904365", "content": "草"}, {"uid": "25332173", "content": "你再说？"}, {"uid": "139138749", "content": "气抖冷"}, {"uid": "37123657", "content": "我没有喉结，而且脖子细长，不说了，说多了都是泪"}, {"uid": "37123657", "content": "我非常白，而且没有体毛"}, {"uid": "31255980", "content": "做不到～～～"}, {"uid": "483161087", "content": "jio板太大了怎么办"}, {"uid": "472260465", "content": "气抖冷"}, {"uid": "4130065", "content": "气抖冷"}, {"uid": "29226677", "content": "？？？开幕雷击"}, {"uid": "455855985", "content": "我把握不住"}, {"uid": "511788287", "content": "我比较瘦，跟图片完全不一样"}, {"uid": "351749790", "content": "夏尔我还真穿过"}, {"uid": "408270593", "content": "我帮我朋友看一下"}, {"uid": "23151476", "content": "正道的光"}, {"uid": "647469275", "content": "帮兄弟康康"}, {"uid": "99160147", "content": "天选之子"}, {"uid": "497685489", "content": "收藏比点赞多"}, {"uid": "494225689", "content": "草"}, {"uid": "2042890556", "content": "帮同学看看"}, {"uid": "302605473", "content": "洛丽塔天下第一！！！！"}, {"uid": "567744189", "content": "听见没有用狗链，套住"}, {"uid": "8932286", "content": "起都冷"}, {"uid": "413652918", "content": "我一个男生腰宽肩也比较窄，555"}, {"uid": "701898796", "content": "哇，我怎么感觉我很适合？"}, {"uid": "447765433", "content": "帮兄弟看"}, {"uid": "49390052", "content": "帮兄弟康复"}, {"uid": "289623167", "content": "帮好兄弟看看"}, {"uid": "245747655", "content": "气抖冷"}, {"uid": "319861716", "content": "气抖冷"}, {"uid": "398830604", "content": "好巧呀，我也是帮朋友看看"}, {"uid": "18816732", "content": "戴口罩"}, {"uid": "285874235", "content": "帮兄弟看看"}, {"uid": "8345001", "content": "胳膊怎么办"}, {"uid": "4780694", "content": "你再骂"}, {"uid": "319771603", "content": "崎岖 2333333"}, {"uid": "1714345", "content": "haruta"}, {"uid": "470651444", "content": "糙"}, {"uid": "5094342", "content": "你再骂"}, {"uid": "483161087", "content": "气抖冷"}, {"uid": "11573727", "content": "气抖冷"}, {"uid": "12555064", "content": "啊，小理好可爱！"}, {"uid": "26190642", "content": "草"}, {"uid": "399830628", "content": "吾有一友"}, {"uid": "237578433", "content": "hhh"}, {"uid": "285693795", "content": "161/40.1kg但是体脂率3%我感觉我有毛病"}, {"uid": "52843575", "content": "比利：老子也是萌萌哒"}, {"uid": "352715802", "content": "真实（"}, {"uid": "268127976", "content": "我已经17了还没喉结，我觉得我有问题"}, {"uid": "500015467", "content": "我只是好奇点进来"}, {"uid": "294316470", "content": "帮兄弟看的"}, {"uid": "85615649", "content": "气抖冷"}, {"uid": "2048659", "content": "气抖冷"}, {"uid": "33275611", "content": "气抖冷"}, {"uid": "8852984", "content": "算了我就坦白了吧 我就是弹幕们的朋友"}, {"uid": "183505950", "content": "呜 就是有鼻子一样大的喉结"}, {"uid": "378596698", "content": "你再骂"}, {"uid": "401057548", "content": "帮兄弟看看"}, {"uid": "434632746", "content": "不是，我为什么会打开这个视频，还点了个收藏？"}, {"uid": "402246837", "content": "帮我朋友看的"}, {"uid": "82188129", "content": "不是很对劲？"}, {"uid": "15672695", "content": "我帮我自己看看"}, {"uid": "652366316", "content": "很瘦，但是高"}, {"uid": "434532298", "content": "起都冷"}, {"uid": "718761", "content": "还有疤痕"}, {"uid": "8049170", "content": "气抖冷"}, {"uid": "333939467", "content": "好狠毒"}, {"uid": "401607", "content": "？？？？？？？？"}, {"uid": "267196", "content": "弔图一堆"}, {"uid": "477624346", "content": "气抖冷"}, {"uid": "630901274", "content": "卷子 假发子"}, {"uid": "83867815", "content": "帮朋友看看"}, {"uid": "668626986", "content": "我14喉结就一点点。。。"}, {"uid": "668626986", "content": "帮朋友看看"}, {"uid": "484994925", "content": "怎么看远不圆润。"}, {"uid": "436031969", "content": "哈哈哈哈"}, {"uid": "31125350", "content": "太真实了"}, {"uid": "434066705", "content": "无中生友"}, {"uid": "504502204", "content": "草"}, {"uid": "546676276", "content": "帮“兄弟”看看"}, {"uid": "39445207", "content": "为室好看一下。"}, {"uid": "12999920", "content": "帮好兄弟看看"}, {"uid": "550406545", "content": "我替我室友来看看"}, {"uid": "4028119", "content": "骨架太大嘤嘤嘤"}, {"uid": "2514120", "content": "弔图一堆"}, {"uid": "701898796", "content": "我肤色好白～"}, {"uid": "353758687", "content": "ciel草"}, {"uid": "501423335", "content": "666"}, {"uid": "61565811", "content": "奇怪的视频又来了"}, {"uid": "438661809", "content": "QWQ我就肩膀白"}, {"uid": "7332758", "content": "2333"}, {"uid": "386393446", "content": "替好兄弟看看"}, {"uid": "46941416", "content": "来了"}, {"uid": "46941416", "content": "帮朋友看看"}, {"uid": "20353471", "content": "没我啥事了"}, {"uid": "352090165", "content": "阎魔爱！"}, {"uid": "8665187", "content": "骨架老大了"}, {"uid": "27335410", "content": "气抖冷"}, {"uid": "12442303", "content": "气抖冷"}, {"uid": "24422751", "content": "自带长发可不可以"}, {"uid": "215898772", "content": "你再骂"}, {"uid": "32923663", "content": "nice啊！"}, {"uid": "82427603", "content": "弔图一堆"}, {"uid": "8049170", "content": "？？？"}, {"uid": "50690543", "content": "气抖冷"}, {"uid": "35431736", "content": "花满可爱！"}, {"uid": "4130065", "content": "草"}, {"uid": "7020335", "content": "气抖冷"}, {"uid": "520954182", "content": "气抖冷"}, {"uid": "37974632", "content": "zya"}, {"uid": "401978894", "content": "学废了"}, {"uid": "647469275", "content": "气抖冷"}, {"uid": "115152098", "content": "气抖冷"}, {"uid": "480082998", "content": "你怎么知道"}, {"uid": "101678335", "content": "帮朋友看看"}, {"uid": "1355953224", "content": "我也帮朋友了解一下"}, {"uid": "244947280", "content": "草"}, {"uid": "288790027", "content": "白色是正义"}, {"uid": "431671807", "content": "我溜了"}, {"uid": "81269654", "content": "我一个女生看到了最后。"}, {"uid": "701898796", "content": "斯，初二男生表示没喉结"}, {"uid": "309895517", "content": "替舍友看看"}, {"uid": "28044956", "content": "哈哈哈哈通过头大显得身体小"}, {"uid": "19565155", "content": "185表示很凎"}, {"uid": "14393759", "content": "认真学习"}, {"uid": "543916010", "content": "你再骂!"}, {"uid": "18017692", "content": "没有喉结狂喜"}, {"uid": "8852984", "content": "帮朋友看看"}, {"uid": "523543308", "content": "我没有毛腿"}, {"uid": "630578133", "content": "？"}, {"uid": "15508513", "content": "我男的，在留长发哈哈"}, {"uid": "491772375", "content": "我很"}, {"uid": "661582025", "content": "nnn"}, {"uid": "416089901", "content": "喉结不明显，狂喜"}, {"uid": "188072011", "content": "拖鞋"}, {"uid": "569714130", "content": "反重力群 "}, {"uid": "1714345", "content": "学到了"}, {"uid": "111014290", "content": "气抖冷"}, {"uid": "8418367", "content": "你好怪哦"}, {"uid": "511900153", "content": "高一狂喜"}, {"uid": "693606547", "content": "气抖冷。。。。"}, {"uid": "35431736", "content": "好！跳过！"}, {"uid": "1956341", "content": "？？？？？"}, {"uid": "106069582", "content": "不想"}, {"uid": "12555064", "content": "气抖冷"}, {"uid": "11409181", "content": "你再骂！！"}, {"uid": "272436649", "content": "帮朋友看看"}, {"uid": "296819128", "content": "我腿部肌肉无比发达，劝退"}, {"uid": "36308110", "content": "气抖冷"}, {"uid": "283790533", "content": "我163cm 50kg 巨瘦 有天份??"}, {"uid": "335281225", "content": "我就转转。"}, {"uid": "22722362", "content": "头大"}, {"uid": "178894693", "content": "太高了咋办，"}, {"uid": "87506347", "content": "头发快到胸了，不会搭理"}, {"uid": "17647579", "content": "草"}, {"uid": "321339717", "content": "气抖冷"}, {"uid": "176519222", "content": "替我朋友看看"}, {"uid": "701898796", "content": "额，155，身材小巧算不算天选之子"}, {"uid": "397139234", "content": "帮朋友看看"}, {"uid": "526270216", "content": "帮朋友看看"}, {"uid": "7332758", "content": "气抖冷"}, {"uid": "52966702", "content": "哈哈哈哈哈哈哈哈哈哈"}, {"uid": "52966702", "content": "哈哈哈哈哈哈哈"}, {"uid": "629566115", "content": "贵啊"}, {"uid": "21967463", "content": "167cm 47kg 自我感觉还不错"}, {"uid": "46941416", "content": "气抖冷"}, {"uid": "20353471", "content": "帮朋友看看"}, {"uid": "21621345", "content": "p个臭鼬/学姐头就行了"}, {"uid": "25014915", "content": "我瘦，还没肉"}, {"uid": "99079881", "content": "无中生友"}, {"uid": "18017692", "content": "没有喉结，快乐"}, {"uid": "423403985", "content": "awsl"}, {"uid": "139138749", "content": "羡慕"}, {"uid": "1136101459", "content": "谢谢up主"}, {"uid": "431405438", "content": "草"}, {"uid": "233489428", "content": "气抖冷"}, {"uid": "70799975", "content": "倒立？"}, {"uid": "27977767", "content": "放心不会告诉你徐锦江老师入住B站了，更不会告诉你已经@这位红袍圣诞老公公了"}, {"uid": "313734050", "content": "哈子卡西"}, {"uid": "282382798", "content": "？"}, {"uid": "131643427", "content": "我替yjz看看"}, {"uid": "174035929", "content": "替朋友看的 "}, {"uid": "24534510", "content": "来啦"}, {"uid": "298220609", "content": "好狠"}, {"uid": "433430237", "content": "轩墨宝宝"}, {"uid": "400094913", "content": "我舍友想看"}, {"uid": "350667074", "content": "我肉感拉满"}, {"uid": "19565155", "content": "你再骂"}, {"uid": "22733775", "content": "？？？"}, {"uid": "415119064", "content": "我也是帮朋友看看"}, {"uid": "3487044", "content": "hhh"}, {"uid": "398830604", "content": "我巨肥"}, {"uid": "2308177", "content": "你再骂！"}, {"uid": "2582957", "content": "狗圈"}, {"uid": "168786494", "content": "初中还没有喉结狂喜"}, {"uid": "228092838", "content": "草"}, {"uid": "1714345", "content": "梅露露"}, {"uid": "449322478", "content": "我高一狂喜"}, {"uid": "82813136", "content": "气抖冷"}, {"uid": "67277992", "content": "草"}, {"uid": "7436843", "content": "气抖冷"}, {"uid": "1136101459", "content": "我不是"}, {"uid": "594601003", "content": "气抖冷"}, {"uid": "693606547", "content": "真实"}, {"uid": "693606547", "content": "这。。。。"}, {"uid": "35431736", "content": "非洲人表示疑惑"}, {"uid": "35431736", "content": "气抖冷！！"}, {"uid": "1956341", "content": "气抖冷"}, {"uid": "4130065", "content": "？？？"}, {"uid": "455711090", "content": "气抖冷"}, {"uid": "51519742", "content": "危"}, {"uid": "402610002", "content": "没有喉结"}, {"uid": "9042896", "content": "b站啥都能学"}, {"uid": "465883", "content": "给我推这个？？？"}, {"uid": "480952365", "content": "靠"}, {"uid": "17907850", "content": "凑个热闹"}, {"uid": "350667074", "content": "我肉感拉满"}, {"uid": "284595855", "content": "我点进来干嘛"}, {"uid": "629343523", "content": "1.8痛苦，1.8别走"}, {"uid": "364020214", "content": "帮朋友看看"}, {"uid": "20124900", "content": "？？？"}, {"uid": "24422751", "content": "厚一点的白袜其实还好，这样的腿该避雷的是薄丝袜"}, {"uid": "20572767", "content": "打扰了"}, {"uid": "448540619", "content": "我了"}, {"uid": "23171282", "content": "气抖冷"}, {"uid": "294869332", "content": "气抖冷"}, {"uid": "302546446", "content": "气抖冷"}, {"uid": "369620916", "content": "关键是我腿白但腿毛又少该怎么办⊙▽⊙"}, {"uid": "302449758", "content": "气抖冷"}, {"uid": "294961305", "content": "气抖冷"}, {"uid": "294961305", "content": "气抖冷"}, {"uid": "294961305", "content": "气抖冷"}]