[{"uid": "472520251", "content": "听到肚子叫我的肚子也叫了"}, {"uid": "436031969", "content": "全损音质"}, {"uid": "436031969", "content": "哎嘿嘿"}, {"uid": "436031969", "content": "哎嘿嘿"}, {"uid": "436031969", "content": "全损音质，还是躺平吧，等一会"}, {"uid": "299424001", "content": "没"}, {"uid": "1458143", "content": "动次打次"}, {"uid": "1714345", "content": "摸摸头"}, {"uid": "255232272", "content": "花满多注意休息呀"}, {"uid": "89910586", "content": "有点吓人。。。"}, {"uid": "2393589", "content": "咋还摆上摊了"}, {"uid": "11159746", "content": "www"}]