[{"uid": "372747832", "content": "太危险了 你要小心"}, {"uid": "25596485", "content": "《花满才不危险呢》"}, {"uid": "25596485", "content": "狡辩来了"}, {"uid": "25596485", "content": "那些马尾都扎在肩膀以下这么低了"}, {"uid": "25596485", "content": "狡辩"}, {"uid": "25596485", "content": "危"}, {"uid": "25596485", "content": "哈哈哈哈，全世界都在说危险"}, {"uid": "91273464", "content": "可爱"}, {"uid": "1956341", "content": "狡辩一下"}, {"uid": "1837471", "content": "草"}, {"uid": "37624410", "content": "危险的发型。"}, {"uid": "25596485", "content": "就是啊，明明是再松一点位置再低一点"}, {"uid": "25596485", "content": "太太？哪儿呢？"}, {"uid": "20450690", "content": "嗯嗯，危险了"}]