[{"uid": "14362852", "content": "有火锅诶，重庆人狂笑"}, {"uid": "237578433", "content": "你好呀，纸片人朋友"}, {"uid": "498791452", "content": "有！"}, {"uid": "25596485", "content": "有的有的（举手）"}, {"uid": "25596485", "content": "等等等等，年不会流动的话，还需要500年的防秃头果实不就凉了？"}, {"uid": "828649", "content": "纸片人哈哈哈"}, {"uid": "13787857", "content": "怪起来了"}, {"uid": "294087724", "content": "有！！"}, {"uid": "86162862", "content": "啊，是清楚系的小姐姐！"}, {"uid": "424150239", "content": "asahi！"}, {"uid": "503504689", "content": "加油！"}, {"uid": "381365873", "content": "配色好治愈"}, {"uid": "11461", "content": "居然是这歌，赞"}, {"uid": "13259173", "content": "兄弟们 偷花冲！"}, {"uid": "284231287", "content": "请多指教！"}, {"uid": "438701539", "content": "撞ID但我却唱不出这种美妙的歌呜呜呜呜"}, {"uid": "35795567", "content": "防秃头果实请务必给我来一个"}, {"uid": "5769352", "content": "wink suki"}, {"uid": "238030135", "content": "太可爱了！"}, {"uid": "100357090", "content": "清纯又可爱的孩子"}, {"uid": "280451468", "content": "声音好温柔啊"}, {"uid": "8481415", "content": "真实"}, {"uid": "8692417", "content": "丰满设定的鉴"}, {"uid": "35653838", "content": "是小天使!"}, {"uid": "1300786", "content": "好可爱啊"}, {"uid": "455552343", "content": "哈哈哈哈哈"}, {"uid": "455552343", "content": "害怕"}, {"uid": "23919438", "content": "文案棒！"}, {"uid": "401607", "content": "哇~ 单挑了~！！！！"}, {"uid": "234315366", "content": "又d了个锤子"}, {"uid": "234315366", "content": "哦，那就没事了。"}, {"uid": "110121461", "content": "可爱！单推了！"}, {"uid": "287437189", "content": "万恶的异世界"}, {"uid": "26190642", "content": "这个电量hhhhh"}, {"uid": "177393662", "content": "花满！！！？"}, {"uid": "39038802", "content": "越共探头"}, {"uid": "92374046", "content": "可爱"}, {"uid": "491124332", "content": "卡哇伊"}, {"uid": "479101530", "content": "D了！！！"}, {"uid": "106392661", "content": "立体人，草"}, {"uid": "82813136", "content": "给俺来一打"}, {"uid": "100678703", "content": "seclet clover！"}, {"uid": "14976272", "content": "为什么是锤"}, {"uid": "11827274", "content": "还需要500年淦"}, {"uid": "700448771", "content": "？"}, {"uid": "485782615", "content": "好神！！！"}, {"uid": "234315366", "content": "贵庚（biss）"}]