[{"uid": "43027646", "content": "可可爱爱~"}, {"uid": "43027646", "content": "花满的声线太棒了"}, {"uid": "1714345", "content": "好听"}, {"uid": "473058071", "content": "后面挂画上有只花满!"}, {"uid": "3885523", "content": "♪⸜(๑ ॑꒳ ॑๑)⸝♪✰"}, {"uid": "3885523", "content": "来了来了来了"}, {"uid": "46254622", "content": "芜湖"}, {"uid": "3242011", "content": "ohhhhhhhhhhhhhh"}, {"uid": "331220", "content": "好听好听"}, {"uid": "477624346", "content": "爱了爱了"}]