[{"uid": "1266609918", "content": "哈哈哈晕了"}, {"uid": "1266609918", "content": "哈哈哈哈"}, {"uid": "67343307", "content": "嘶"}, {"uid": "67343307", "content": "眉清目秀张翼德"}, {"uid": "12485245", "content": "可恶你知道我上课偷看这个憋笑有多痛苦吗哈哈哈哈哈哈"}, {"uid": "24855997", "content": "你为什魔流口水"}, {"uid": "96016676", "content": "居然见封进了哈哈哈"}, {"uid": "483161087", "content": "《关于妈妈不知孩子是不是自己生的那些事》"}, {"uid": "395696233", "content": "草"}, {"uid": "147166871", "content": "花满好可爱啊啊啊啊啊啊啊啊"}, {"uid": "9161681", "content": "牛"}, {"uid": "1956341", "content": "我们未能在这张照片中找到人脸。请选择其他照片。"}, {"uid": "330377028", "content": "hhhhhhhh"}, {"uid": "25596485", "content": "软件：人都是两个眼睛一个鼻子一张嘴巴，你鼻子呢？"}, {"uid": "25596485", "content": "整个人都绿了"}, {"uid": "12555064", "content": "第一：花满棒棒"}, {"uid": "14024601", "content": "二次元角色平的识别不了"}, {"uid": "25596485", "content": "好高的难度，软件改得嘴都变形了"}, {"uid": "1266609918", "content": "哈哈哈哈笑死"}, {"uid": "395696233", "content": "？？？"}, {"uid": "16521991", "content": "哈哈哈"}, {"uid": "25596485", "content": "发际线高得"}, {"uid": "10967597", "content": "可爱"}, {"uid": "38509696", "content": "哈哈哈"}, {"uid": "330377028", "content": "点点鼻子没有啦hhhhhhhhhhh"}]