[{"uid": "170235325", "content": "好棒啊"}, {"uid": "107100", "content": "为什么我想听走音版本"}, {"uid": "3218561", "content": "声卡你下岗吧！有你没你都一样！"}, {"uid": "3218561", "content": "我已经循环一万遍了"}, {"uid": "395965003", "content": "哈哈哈哈哈哈哈哈电死了"}, {"uid": "5824243", "content": "爱了爱了"}, {"uid": "9212109", "content": "哈哈哈哈哈"}, {"uid": "685439", "content": "好听好听"}, {"uid": "330377028", "content": "想！！！（来自dd的危险发言"}, {"uid": "25596485", "content": "满满说过自己麦克风花了大价钱附魔"}, {"uid": "25596485", "content": "倒吸一口凉气"}, {"uid": "25596485", "content": "哈哈哈哈，陶醉其中"}, {"uid": "25596485", "content": "！？声卡坏了不是没有声音吗？"}, {"uid": "685439", "content": "懂了懂了这就投币"}, {"uid": "400362441", "content": "哈哈哈"}, {"uid": "25596485", "content": "已经三连了已经三连了"}, {"uid": "74173597", "content": "草"}, {"uid": "3478067", "content": "少了点空间感"}, {"uid": "3016003", "content": "混响没了"}, {"uid": "25596485", "content": "明显差不了多少"}, {"uid": "25596485", "content": "哈哈哈哈"}, {"uid": "696339594", "content": "？？？"}, {"uid": "19506352", "content": "花满你欠我的用什么还！"}, {"uid": "19506352", "content": "Oh！"}, {"uid": "3274967", "content": "还了还了"}, {"uid": "25596485", "content": "\\花满/\\花满/\\花满/\\花满/\\花满/"}, {"uid": "25596485", "content": "\\花满/\\花满/\\花满/\\花满/\\花满/"}]