[{"uid": "181345", "content": "hhh"}, {"uid": "43027646", "content": "瑟瑟发抖"}, {"uid": "43027646", "content": "妈耶~瞅瞅这小孩儿…脸都扭曲成啥样了"}, {"uid": "24298325", "content": "？？？？？？？"}, {"uid": "3218561", "content": "满脸震惊，只能三连了"}, {"uid": "31714116", "content": "23333"}, {"uid": "31714116", "content": "？？？？？？？？？？"}, {"uid": "35431736", "content": "2333啵啵冲击我的脑子"}, {"uid": "35431736", "content": "花满可爱hhhhh"}, {"uid": "472260465", "content": "可爱死了"}, {"uid": "472260465", "content": "23333333"}, {"uid": "1576513334", "content": "我的妈呀"}, {"uid": "10179044", "content": "我吓到了"}, {"uid": "299424001", "content": "来了"}, {"uid": "19506352", "content": "妈耶........我可不记得小时候有这个"}]