[{"uid": "248682721", "content": "懂了 本人去借也借不到了"}, {"uid": "16953304", "content": "哈哈哈哈哈"}, {"uid": "507455860", "content": "啥子东西哈哈哈哈哈"}, {"uid": "6071825", "content": "录音机？"}, {"uid": "84113071", "content": "哦，我知道了，你是男装up主。（doge）"}, {"uid": "693606547", "content": "可爱"}, {"uid": "693606547", "content": "记下了"}, {"uid": "20572767", "content": "警惕新型网络诈骗（）"}, {"uid": "86162862", "content": "一模一样"}, {"uid": "439146171", "content": "像有一大堆声线的我都不知道自己本来声线是什么了"}, {"uid": "35431736", "content": "弹幕大军何在"}, {"uid": "77221288", "content": "哈哈哈哈哈哈哈哈哈"}, {"uid": "227478434", "content": "懂了，所以花满的电话是？"}, {"uid": "46770020", "content": "哈哈哈"}, {"uid": "348576057", "content": "awsl"}, {"uid": "38375119", "content": "hhhhhc"}, {"uid": "38375119", "content": "震惊一整年"}, {"uid": "46254622", "content": "只有一丢丢像"}, {"uid": "11573727", "content": "夸夸人不请自来"}, {"uid": "594601003", "content": "我要听花满说‘爱我’（doge）"}, {"uid": "35431736", "content": "花满摸鱼想法破裂"}, {"uid": "35431736", "content": "10段可还行"}, {"uid": "35431736", "content": "可爱"}, {"uid": "434532298", "content": "导弹！"}, {"uid": "1714345", "content": "对哦"}, {"uid": "1714345", "content": "哈哈哈哈哈"}, {"uid": "1714345", "content": "哈哈哈哈哈"}, {"uid": "1714345", "content": "这么快"}, {"uid": "1714345", "content": "夸夸"}, {"uid": "1714345", "content": "突然鬼畜哈哈哈哈"}, {"uid": "1714345", "content": "真这么神奇么"}, {"uid": "1714345", "content": "来啦"}, {"uid": "12555064", "content": "震惊花满一整年"}, {"uid": "12555064", "content": "笔记记好了！"}, {"uid": "11738126", "content": "花满想要摸鱼的梦想破灭了"}, {"uid": "11738126", "content": "震惊花满"}, {"uid": "4685956", "content": "好家伙 这里是2077吗"}, {"uid": "7020335", "content": "233333"}, {"uid": "594601003", "content": "花满+人工智能（zhang）"}, {"uid": "95446346", "content": "哈哈哈"}, {"uid": "4685956", "content": "不太像"}, {"uid": "35431736", "content": "哈哈哈哈哈"}, {"uid": "693606547", "content": "哈"}, {"uid": "693606547", "content": "受到惊吓"}, {"uid": "1714345", "content": "不像诶"}, {"uid": "652366316", "content": "不像诶"}]