[{"uid": "53866741", "content": "四川人听了好惊喜好意外QAQ"}, {"uid": "349805142", "content": "眼睛亮啵一下的昨天声音"}, {"uid": "349805142", "content": "我是觉得他们说话的嘞"}, {"uid": "665792289", "content": "不行太洗脑了我已经忘了原来的歌词了"}, {"uid": "101215751", "content": "大爷快来看美女"}, {"uid": "6384432", "content": "快乐社畜哈哈哈"}, {"uid": "634165187", "content": "我去，这个片头曲，比央视妈妈好"}, {"uid": "586837437", "content": "四川人表示正宗"}, {"uid": "479149875", "content": "开幕雷击"}, {"uid": "183669828", "content": "忘记原版系列"}, {"uid": "171577249", "content": "毫无违和感"}, {"uid": "412670", "content": "I want to be with you."}, {"uid": "20122409", "content": "哈哈哈好可爱"}, {"uid": "1837968", "content": "哈哈哈哈哈哈哈哈哈"}, {"uid": "224676246", "content": "用最温柔的语气说最恨的话"}, {"uid": "25596485", "content": "啥？悄悄咪咪不还是摸鱼了"}, {"uid": "1837471", "content": "哈哈哈哈嗝"}, {"uid": "171450964", "content": "上头"}, {"uid": "3398166", "content": "上头"}, {"uid": "289086960", "content": "我这个四川的已经笑飞了"}, {"uid": "49566265", "content": "贴合原版"}, {"uid": "453559280", "content": "饿了"}, {"uid": "634165187", "content": "不阔以在我身体里耍男女朋友"}, {"uid": "101218272", "content": "大爷快来看美女"}, {"uid": "14062367", "content": "整活了，配词挺好！支持"}, {"uid": "456137543", "content": "哈哈哈哈哈哈"}, {"uid": "250878049", "content": "喜欢这个狠话"}, {"uid": "9633037", "content": "笑死了哈哈哈"}, {"uid": "688256", "content": "四川人狂喜！"}, {"uid": "67343307", "content": "哈哈哈哈"}, {"uid": "443879697", "content": "哈哈哈哈哈哈哈哈"}, {"uid": "443879697", "content": "哈哈哈哈哈哈哈"}, {"uid": "32152495", "content": "hhhhhhhhhh"}, {"uid": "321243618", "content": "???"}, {"uid": "8475459", "content": "爱了爱了"}, {"uid": "7644658", "content": "哈哈哈哈哈"}, {"uid": "20927423", "content": "妹儿…哎，要不得哦"}, {"uid": "19547849", "content": "卧槽我我擦擦卧槽我我"}, {"uid": "256428227", "content": "哈哈哈"}, {"uid": "2912820", "content": "。。。卧槽，喜欢怎办？？"}, {"uid": "432389894", "content": "可爱(๑• . •๑)"}, {"uid": "7784018", "content": "哈哈哈哈哈哈哈哈哈"}, {"uid": "13136008", "content": "哈哈哈哈"}, {"uid": "9451113", "content": "开幕雷击  直接呛到了"}, {"uid": "1982516", "content": "摸了！"}, {"uid": "336238769", "content": "哈哈哈哈哈"}, {"uid": "903135", "content": "一开始我没听出来"}, {"uid": "15089326", "content": "哈哈哈哈"}, {"uid": "508072797", "content": "牛皮"}, {"uid": "14181589", "content": "awsl，现在就嗝屁"}, {"uid": "281494516", "content": "好可爱hhhhh"}, {"uid": "349805142", "content": "不服我要杀死你"}, {"uid": "7784018", "content": "哈哈哈哈哈"}, {"uid": "8475459", "content": "龟儿"}, {"uid": "20808497", "content": "？？？？草"}, {"uid": "1040765168", "content": "哈哈哈哈哈笑死我了"}, {"uid": "336238769", "content": "哈哈哈哈哈哈"}, {"uid": "22571033", "content": "哈哈哈哈哈"}, {"uid": "12373378", "content": "写味儿针不戳"}, {"uid": "1956341", "content": "可可爱爱"}, {"uid": "289086960", "content": "不是应该 he你吗hhhhh"}, {"uid": "1040765168", "content": "哈哈"}, {"uid": "548394520", "content": "哈哈哈哈哈哈哈哈"}, {"uid": "160500551", "content": "笑死"}, {"uid": "42569195", "content": "哈哈哈哈哈"}, {"uid": "404479486", "content": "有点儿意思"}, {"uid": "85280874", "content": "？"}, {"uid": "16739249", "content": "哈哈哈哈哈哈"}, {"uid": "26893546", "content": "？"}, {"uid": "35431736", "content": "ohhhhhhh"}, {"uid": "35431736", "content": "雄起雄起~"}, {"uid": "44782398", "content": "可爱！！"}, {"uid": "559508", "content": "哈哈哈哈哈"}, {"uid": "27013098", "content": "满满\\(^o^)/~"}, {"uid": "1462749837", "content": "三连啊"}, {"uid": "1040765168", "content": "草"}, {"uid": "516992308", "content": "笑死了哈哈哈哈哈哈哈哈哈哈哈"}, {"uid": "483349579", "content": "哈哈哈"}, {"uid": "21277", "content": "？？？？？？？？？"}, {"uid": "586837437", "content": "nb"}, {"uid": "3934955", "content": "哈哈哈"}, {"uid": "35431736", "content": "oooooo"}, {"uid": "25596485", "content": "哈哈哈哈"}, {"uid": "6944494", "content": "233333"}, {"uid": "102850291", "content": "哈哈哈哈哈哈哈笑死"}, {"uid": "49446415", "content": "白嫖失败"}, {"uid": "1040765168", "content": "wc"}, {"uid": "99993746", "content": "哈哈哈哈"}, {"uid": "1310935772", "content": "？？？"}, {"uid": "9264857", "content": "风车车和假老练"}, {"uid": "15089326", "content": "笑死我了"}, {"uid": "310030871", "content": "！！！"}, {"uid": "412670", "content": "要得"}, {"uid": "29062777", "content": "信达雅"}, {"uid": "27881109", "content": "不是我想要黑你"}, {"uid": "268146942", "content": "2333"}, {"uid": "1462749837", "content": "哈哈哈哈啊哈"}, {"uid": "349805142", "content": "不行我都不记得，我都不记得歌词了嘞"}, {"uid": "32318290", "content": "草"}, {"uid": "31469787", "content": "靠"}, {"uid": "354249953", "content": "哈哈哈哈哈哈哈哈哈"}, {"uid": "2734107", "content": "可爱"}, {"uid": "21277", "content": "？？？？？"}, {"uid": "12587929", "content": "…"}, {"uid": "105359528", "content": "不行！！！不可以耍朋友！！不可以在我的身体里谈恋爱！！！！"}, {"uid": "36276427", "content": "哈达拉裤"}, {"uid": "6944494", "content": "可爱"}, {"uid": "101671112", "content": "反弹"}, {"uid": "41170282", "content": "要不得"}, {"uid": "15739193", "content": "草"}, {"uid": "542310099", "content": "真的啊？太好了啊"}, {"uid": "25407494", "content": "为你大call"}, {"uid": "493508278", "content": "哈哈哈哈哈哈"}, {"uid": "321243618", "content": "哈哈哈哈哈哈哈哈哈哈哈哈不行了"}, {"uid": "516992308", "content": "哈哈哈哈哈哈哈哈哈哈哈哈哈哈哈哈"}, {"uid": "19547849", "content": "、。。。。。。。。。。。。。。。"}, {"uid": "293613373", "content": "草哈哈哈哈哈哈哈哈哈哈哈哈哈哈哈"}]