[{"uid": "1044751483", "content": "好听，声音好可爱！"}, {"uid": "294087724", "content": "花满声音好好听！！！"}, {"uid": "544021615", "content": "kksk"}, {"uid": "106392661", "content": "以后一定会越来越棒的！"}, {"uid": "106392661", "content": "好棒好棒好棒好棒！"}, {"uid": "501025956", "content": "阿，虎纹 鲨鱼"}, {"uid": "238189200", "content": "有能"}, {"uid": "37881530", "content": "好好听～"}, {"uid": "477624346", "content": "好听"}, {"uid": "44914466", "content": "\\花满/\\花满/\\花满/\\花满/\\花满/"}]