[{"uid": "1266609918", "content": "梅开二度哈哈哈"}, {"uid": "1266609918", "content": "笑死哈哈"}, {"uid": "695158634", "content": "草"}, {"uid": "21044012", "content": "哈哈哈哈哈哈哈哈哈"}, {"uid": "21052515", "content": "nb"}, {"uid": "505696718", "content": "笑死了，紧跟时事"}, {"uid": "106069582", "content": "白嫖失败"}, {"uid": "9212109", "content": "哈哈哈哈哈"}, {"uid": "35431736", "content": "23333"}, {"uid": "67343307", "content": "哈哈哈哈"}, {"uid": "26902739", "content": "+"}, {"uid": "282129774", "content": "啧啧"}, {"uid": "395696233", "content": "紧跟时事，好活"}, {"uid": "1266609918", "content": "哈哈哈哈笑死"}, {"uid": "38375119", "content": "i了i了"}, {"uid": "1266609918", "content": "白嫖失败"}]