[{"uid": "295527361", "content": "好像字飘右边去了，看不见"}, {"uid": "12679", "content": "好听"}, {"uid": "19506352", "content": "[\"0.101\",\"0.869\",\"1-1\",\"5\",\"Thank   you   for   watching\",\"0\",\"\",\"0.101\",\"0.869\",500,0,1,\"FangSong\",1]"}, {"uid": "19506352", "content": "[\"0.334\",\"0.831\",\"1-1\",\"3\",\"地 球 规 模\",\"0\",\"\",\"0.334\",\"0.831\",500,0,1,\"FangSong\",1]"}, {"uid": "19506352", "content": "[\"0.801\",\"0.434\",\"1-1\",\"0.5\",\"就\\n像\",\"0\",\"\",\"0.801\",\"0.434\",500,0,1,\"FangSong\",1]"}, {"uid": "19506352", "content": "[\"0.624\",\"0.242\",\"1-1\",\"1.5\",\"想\\n要\\n被\\n爱\\n的\\n情\\n感\",\"15\",\"\",\"0.624\",\"0.242\",500,0,1,\"FangSong\",1]"}, {"uid": "19506352", "content": "[\"0.334\",\"0.831\",\"1-1\",\"3.5\",\"想  要  被  爱\",\"\",\"\",\"0.334\",\"0.831\",500,0,1,\"FangSong\",1]"}, {"uid": "19506352", "content": "[\"0.334\",\"0.149\",\"1-1\",\"4.5\",\"想  要  被  爱\",\"\",\"\",\"0.334\",\"0.149\",500,0,1,\"FangSong\",1]"}, {"uid": "19506352", "content": "[\"0.804\",\"0.264\",\"1-1\",\"1.5\",\"所\\n\\n以\\n\\n、\\n\\n讨\\n\\n厌\",\"\",\"\",\"0.804\",\"0.264\",500,0,1,\"FangSong\",1]"}, {"uid": "19506352", "content": "[\"0.663\",\"0.241\",\"1-1\",\"1.5\",\"因\\n为\\n\\n\\n满\\n足\\n不\\n了\",\"25\",\"\",\"0.663\",\"0.241\",500,0,1,\"FangSong\",1]"}, {"uid": "19506352", "content": "[\"0.334\",\"0.831\",\"1-1\",\"3.5\",\"想  要  被  满  足\",\"0\",0,\"0.334\",\"0.831\",500,0,1,\"FangSong\",1]"}, {"uid": "19506352", "content": "[\"0.334\",\"0.149\",\"1-1\",\"4.5\",\"想  要  被  满  足\",\"0\",0,\"0.334\",\"0.149\",500,0,1,\"FangSong\",1]"}, {"uid": "19506352", "content": "[\"0.804\",\"0.264\",\"1-1\",\"1.5\",\"的\\n\\n是\\n\\n地\\n\\n球\\n\\n规\\n\\n模\",\"0\",0,\"0.804\",\"0.264\",500,0,1,\"FangSong\",1]"}, {"uid": "19506352", "content": "[\"0.561\",\"0.238\",\"1-1\",\"1.5\",\"理\\n\\n解\\n\\n\\n不\\n\\n\\n了\",\"15\",0,\"0.561\",\"0.238\",500,0,1,\"FangSong\",1]"}, {"uid": "19506352", "content": "[\"0.334\",\"0.831\",\"1-1\",\"3.5\",\"想  要  理  解\",0,0,\"0.334\",\"0.831\",500,0,1,\"FangSong\",1]"}, {"uid": "19506352", "content": "[\"0.334\",\"0.149\",\"1-1\",\"4.5\",\"不  能  理  解\",0,0,\"0.334\",\"0.149\",500,0,1,\"FangSong\",1]"}, {"uid": "19506352", "content": "[\"0.802\",\"0.306\",\"1-1\",\"2\",\"这\\n\\n躁\\n\\n动\\n\\n情\\n\\n感\",0,0,\"0.802\",\"0.306\",500,0,1,\"FangSong\",1]"}, {"uid": "19506352", "content": "[\"0.752\",\"0.3\",\"1-1\",\"2\",\"的\\n\\n是\",0,0,\"0.752\",\"0.3\",500,0,1,\"FangSong\",1]"}, {"uid": "19506352", "content": "[\"0.325\",\"0.234\",\"1-1\",\"1.5\",\"感\\n\\n     不\\n\\n         到\\n\\n               满\\n\\n                    足\",0,0,\"0.325\",\"0.234\",500,0,1,\"FangSong\",1]"}, {"uid": "19506352", "content": "[\"0.334\",\"0.831\",\"1-1\",\"3.5\",\"感  不  到  满  足\",0,0,\"0.334\",\"0.831\",500,0,1,\"FangSong\",1]"}, {"uid": "19506352", "content": "[\"0.334\",\"0.149\",\"1-1\",\"4.5\",\"感  不  到  满  足\",0,0,\"0.334\",\"0.149\",500,0,1,\"FangSong\",1]"}, {"uid": "19506352", "content": "[\"0.804\",\"0.264\",\"1-1\",\"1\",\"要\\n是\\n那\\n孩\\n子\\n就\\n好\\n了\",0,0,\"0.804\",\"0.264\",500,0,1,\"FangSong\",1]"}, {"uid": "19506352", "content": "[\"0.804\",\"0.264\",\"1-1\",\"2\",\"我\\n\\n所\\n\\n有\\n\\n的\\n\\n一\\n\\n切\",0,0,\"0.804\",\"0.264\",500,0,1,\"FangSong\",1]"}, {"uid": "19506352", "content": "[\"0.299\",\"0.763\",\"1-1\",\"1\",\"调  查  工  具 \",0,0,\"0.299\",\"0.763\",500,0,1,\"FangSong\",1]"}, {"uid": "19506352", "content": "[\"0.299\",\"0.763\",\"1-1\",\"1\",\"问            卷\",0,0,\"0.299\",\"0.763\",500,0,1,\"FangSong\",1]"}, {"uid": "19506352", "content": "[\"0.48\",\"0.8\",\"1-1\",\"0.5\",\"的\",0,0,\"0.48\",\"0.8\",500,0,1,\"FangSong\",1]"}, {"uid": "19506352", "content": "[\"0.376\",\"0.736\",\"1-1\",\"1\",\"开   发   中\",0,0,\"0.376\",\"0.736\",500,0,1,\"FangSong\",1]"}, {"uid": "19506352", "content": "[\"0.376\",\"0.736\",\"1-1\",\"1\",\"现       在\",0,0,\"0.376\",\"0.736\",500,0,1,\"FangSong\",1]"}, {"uid": "19506352", "content": "[\"0.804\",\"0.264\",\"1-1\",\"1.5\",\"就\\n\\n想\\n\\n要\\n\\n消\\n\\n失\\n\\n？\",0,0,\"0.804\",\"0.264\",500,0,1,\"FangSong\",1]"}, {"uid": "19506352", "content": "[\"0.804\",\"0.264\",\"1-1\",\"1.5\",\"因\\n\\n为\\n\\n不\\n\\n可\\n\\n爱\",0,0,\"0.804\",\"0.264\",500,0,1,\"FangSong\",1]"}, {"uid": "19506352", "content": "[\"0.804\",\"0.264\",\"1-1\",\"1.5\",\"完\\n\\n全\\n\\n不\\n\\n可\\n\\n爱  \",0,0,\"0.804\",\"0.264\",500,0,1,\"FangSong\",1]"}, {"uid": "19506352", "content": "[\"0.804\",\"0.264\",\"1-1\",\"1.5\",\"完\\n\\n全\\n\\n不\\n\\n可\\n\\n爱\",0,0,\"0.804\",\"0.264\",500,0,1,\"FangSong\",1]"}, {"uid": "19506352", "content": "[\"0.804\",\"0.264\",\"1-1\",\"2.5\",\"即\\n便\\n潸   也\\n然   为\\n泪   时\\n下   已\\n     晚\",0,0,\"0.804\",\"0.264\",500,0,1,\"FangSong\",1]"}, {"uid": "19506352", "content": "[\"0.804\",\"0.264\",\"1-1\",\"1\",\"不\\n\\n说\\n\\n出\\n\\n的\\n\\n话  \",0,0,\"0.804\",\"0.264\",500,0,1,\"FangSong\",1]"}, {"uid": "19506352", "content": "[\"0.804\",\"0.424\",\"1-1\",\"0.5\",\"再\",0,0,\"0.804\",\"0.424\",500,0,1,\"FangSong\",1]"}, {"uid": "19506352", "content": "[\"0.804\",\"0.264\",\"1-1\",\"1\",\"不\\n\\n说\\n\\n出\\n\\n的\\n\\n话\",0,0,\"0.804\",\"0.264\",500,0,1,\"FangSong\",1]"}, {"uid": "19506352", "content": "[\"0.804\",\"0.264\",\"1-1\",\"1.5\",\"是\\n\\n机\\n\\n密\\n\\n事\\n\\n项\\n\\n！\",0,0,\"0.804\",\"0.264\",500,0,1,\"FangSong\",1]"}, {"uid": "19506352", "content": "[\"0.315\",\"0.24\",\"1-1\",\"1.5\",\"这\\n   渴\\n      望\\n          爱\\n              的\\n                 情\\n                    感\",0,0,\"0.315\",\"0.24\",500,0,1,\"FangSong\",1]"}, {"uid": "19506352", "content": "[\"0.334\",\"0.831\",\"1-1\",\"3.5\",\"想   要   着   被   爱\",0,0,\"0.334\",\"0.831\",500,0,1,\"FangSong\",1]"}, {"uid": "19506352", "content": "[\"0.334\",\"0.149\",\"1-1\",\"4.5\",\"想   要   着   被   爱\",0,0,\"0.334\",\"0.149\",500,0,1,\"FangSong\",1]"}, {"uid": "19506352", "content": "[\"0.807\",\"0.302\",\"1-1\",\"1.5\",\"躁\\n\\n动\\n\\n情\\n\\n感\",0,0,\"0.807\",\"0.302\",500,0,1,\"FangSong\",1]"}, {"uid": "19506352", "content": "[\"0.751\",\"0.293\",\"1-1\",\"1\",\"的\\n\\n是\",0,0,\"0.751\",\"0.293\",500,0,1,\"FangSong\",1]"}, {"uid": "19506352", "content": "[\"0.531\",\"0.205\",\"1-1\",\"1\",\"         未\\n \\n      被\\n  \\n   满\\n  \\n足\",0,0,\"0.531\",\"0.205\",500,0,1,\"FangSong\",1]"}, {"uid": "19506352", "content": "[\"0.334\",\"0.831\",\"1-1\",\"1\",\"还   不   够   满   足\",0,0,\"0.334\",\"0.831\",500,0,1,\"FangSong\",1]"}, {"uid": "19506352", "content": "[\"0.334\",\"0.149\",\"1-1\",\"1\",\"感   不   到   满   足\",0,0,\"0.334\",\"0.149\",500,0,1,\"FangSong\",1]"}, {"uid": "19506352", "content": "[\"0.804\",\"0.157\",\"1-1\",\"1.5\",\"只\\n\\n有\\n\\n我\\n\\n就\\n\\n好\\n\\n了\",0,0,\"0.804\",\"0.157\",500,0,1,\"FangSong\",1]"}, {"uid": "19506352", "content": "[\"0.804\",\"0.264\",\"1-1\",\"1.5\",\"你\\n\\n所\\n\\n有\\n\\n的\\n\\n一\\n\\n切\",0,0,\"0.804\",\"0.264\",500,0,1,\"FangSong\",1]"}, {"uid": "19506352", "content": "[\"0.196\",\"0.659\",\"1-1\",\"1\",\"我       恨        你\",0,0,\"0.196\",\"0.659\",500,0,1,\"FangSong\",1]"}, {"uid": "19506352", "content": "[\"0.324\",\"0.676\",\"1-1\",\"1\",\"我        我\",0,0,\"0.324\",\"0.676\",500,0,1,\"FangSong\",1]"}, {"uid": "19506352", "content": "[\"0.484\",\"0.676\",\"1-1\",\"0.5\",\"和\",0,0,\"0.484\",\"0.676\",500,0,1,\"FangSong\",1]"}, {"uid": "19506352", "content": "[\"0.288\",\"0.644\",\"1-1\",\"1.5\",\"我   爱   你\",0,0,\"0.288\",\"0.644\",500,0,1,\"FangSong\",1]"}, {"uid": "19506352", "content": "[\"0.288\",\"0.644\",\"1-1\",\"1\",\" 爱       爱\",0,0,\"0.288\",\"0.644\",500,0,1,\"FangSong\",1]"}, {"uid": "19506352", "content": "[\"0.804\",\"0.264\",\"1-1\",\"3\",\"你    心\\n\\n的    脏\\n\\n体\\n\\n温\\n\\n与\",0,0,\"0.804\",\"0.264\",500,0,1,\"FangSong\",1]"}, {"uid": "19506352", "content": "[\"0.852\",\"0.264\",\"1-1\",\"1\",\"你\\n\\n不\\n\\n要\\n\\n离\\n\\n开\",0,0,\"0.852\",\"0.264\",500,0,1,\"FangSong\",1]"}, {"uid": "19506352", "content": "[\"0.785\",\"0.264\",\"1-1\",\"1\",\"呐~\",0,0,\"0.785\",\"0.264\",500,0,1,\"FangSong\",1]"}, {"uid": "19506352", "content": "[\"0.804\",\"0.264\",\"1-1\",\"1\",\"你\\n\\n不\\n\\n要\\n\\n离\\n\\n开\",0,0,\"0.804\",\"0.264\",500,0,1,\"FangSong\",1]"}, {"uid": "19506352", "content": "[\"0.804\",\"0.264\",\"1-1\",\"2\",\"怎\\n能\\n让   那\\n我   些\\n忘   不\\n却   愉\\n     快？\",0,0,\"0.804\",\"0.264\",500,0,1,\"FangSong\",1]"}, {"uid": "19506352", "content": "[\"0.804\",\"0.264\",\"1-1\",\"1\",\"若\\n\\n是\\n\\n不\\n\\n吃\\n\\n下  \",0,0,\"0.804\",\"0.264\",500,0,1,\"FangSong\",1]"}, {"uid": "19506352", "content": "[\"0.804\",\"0.264\",\"1-1\",\"1\",\"若\\n\\n是\\n\\n不\\n\\n吃\\n\\n下\",0,0,\"0.804\",\"0.264\",500,0,1,\"FangSong\",1]"}, {"uid": "3885523", "content": "♪⸜(๑ ॑꒳ ॑๑)⸝♪✰"}, {"uid": "3885523", "content": "来了来了来了"}, {"uid": "35431736", "content": "我来组成弹幕"}, {"uid": "24836377", "content": "kksk"}, {"uid": "67343307", "content": "❀花满❀花满❀花满❀花满❀花满❀花满❀～"}]