[{"uid": "624605018", "content": "红红火火恍恍惚惚"}, {"uid": "520035951", "content": "记得魔法少女小圆的片尾曲，那个很治愈"}, {"uid": "35431736", "content": "一级甲等hhhhh"}, {"uid": "35431736", "content": "一级甲等哈哈哈哈哈哈"}, {"uid": "96132793", "content": "真的有这么Q弹吗"}, {"uid": "472260465", "content": "可爱可爱"}, {"uid": "284044784", "content": "好憨啊"}, {"uid": "175445896", "content": "Hhh"}, {"uid": "3885523", "content": "Ｏ(≧▽≦)Ｏ "}, {"uid": "91273464", "content": "好活"}, {"uid": "35431736", "content": "hhhhhhh"}, {"uid": "624605018", "content": "笑死"}, {"uid": "472260465", "content": "瞎说的，华蛮可爱"}, {"uid": "12422888", "content": "差劲，这里差读第四声"}]