[{"uid": "84786554", "content": "哈哈哈哈哈"}, {"uid": "214456198", "content": "哈哈哈"}, {"uid": "51364855", "content": "某种意义上也是天才"}, {"uid": "51364855", "content": "草"}, {"uid": "25596485", "content": "哈哈哈哈！咪普利老师完全说不出话了"}, {"uid": "25596485", "content": "猜猜这是什么声音？"}, {"uid": "25596485", "content": "好家伙，你就是专门冲着炸弹去的吧哈哈哈哈"}, {"uid": "25596485", "content": "哈哈哈哈，您好，不是的，是你菜"}, {"uid": "25596485", "content": "咪普利老师都被你整无语了，给了给了，一分。"}, {"uid": "7020335", "content": "草"}, {"uid": "25596485", "content": "《给一分也可以呀》"}, {"uid": "25596485", "content": "哈哈哈哈0分x3"}, {"uid": "25596485", "content": "排名上都是你当然第一名"}, {"uid": "25596485", "content": "你就狡辩吧"}, {"uid": "25596485", "content": "再次0分"}, {"uid": "25596485", "content": "哈哈哈哈，XSWL"}, {"uid": "25596485", "content": "记住这个30分，等下就要超越这个分数了"}, {"uid": "25596485", "content": "0分哈哈哈哈"}, {"uid": "267196", "content": "吓得我ns都摔了"}, {"uid": "25596485", "content": "漂亮，完美避开所有得分"}, {"uid": "9212109", "content": "不愧是你哈哈哈哈"}, {"uid": "25596485", "content": "前方高萌"}, {"uid": "106069582", "content": "好家伙"}, {"uid": "25596485", "content": "挖咖喱妈洗哒"}]