[{"uid": "375213003", "content": "重庆人表示很舒服，不愧是我老婆"}, {"uid": "489505355", "content": "乐 趣 多 多"}, {"uid": "7829232", "content": "上海人笑疯了"}, {"uid": "440874456", "content": "我感觉我声音开得低一点完全听着上日语"}, {"uid": "319350048", "content": "摸鱼的意思~"}, {"uid": "57803701", "content": "建议以后动漫国语配音都改成四川话"}, {"uid": "28171145", "content": "问题是486念起来还真像日语"}, {"uid": "12736155", "content": "乱日白=乱耍，摸鱼的意思"}, {"uid": "1355947687", "content": "Re:从零开始的异四川生活"}, {"uid": "2296000", "content": "这个瓜娃子醒咯"}, {"uid": "508784386", "content": "总之就是非常可爱！"}, {"uid": "64647432", "content": "鬼迷日眼可太草了哈哈哈哈"}, {"uid": "398405877", "content": "从百草园到三味书屋"}, {"uid": "13156271", "content": "毫无违和"}, {"uid": "43224378", "content": "哈哈哈哈，听到好安逸"}, {"uid": "488780775", "content": "毫无违和感"}, {"uid": "239202803", "content": "跨服聊天"}, {"uid": "401572114", "content": "没得你乖得"}, {"uid": "477145644", "content": "重庆人感觉好亲切"}, {"uid": "355718847", "content": "我怎么感觉有冯姐的气息"}, {"uid": "550938720", "content": "人生巅峰"}, {"uid": "6622987", "content": "一股自贡味……"}, {"uid": "667797659", "content": "《荒木飞吕彦的漫画术》"}, {"uid": "667797659", "content": "一开始我就要准备笑了"}, {"uid": "12963662", "content": "毫无违和感"}, {"uid": "25385504", "content": "街娃儿，四川话普遍指不良混混"}, {"uid": "486511402", "content": "雷姆声线加四川方言，我寻思这不就是宝儿姐吗"}, {"uid": "290301952", "content": "嘞也太秀了"}, {"uid": "141354347", "content": "还挺好听哈哈哈哈"}, {"uid": "107799666", "content": "这就是软萌四川妹嘛"}, {"uid": "695754171", "content": "总感觉冯宝宝在说话……"}, {"uid": "420428510", "content": "左下角鼠标光标"}, {"uid": "432478742", "content": "居然他麻德毫无违和感"}, {"uid": "526551774", "content": "我听日语都比听四川话懂的多，是不是没救了"}, {"uid": "285102504", "content": "你爪子嘛，浪凯就配完了嘛"}, {"uid": "667176013", "content": "拔刀吧，诸君，让我来斩断你们对我老婆的念想！"}, {"uid": "358537909", "content": "就因为他们对话，我前期都没分清雷姆和拉姆，哈哈。"}, {"uid": "37961571", "content": "注入灵魂"}, {"uid": "61956186", "content": "可爱  d了"}, {"uid": "139814300", "content": "这里太有阴影了怕他背后直接掏出一个流星锤"}, {"uid": "206479721", "content": "夸服务器交流"}, {"uid": "400571592", "content": "都怪你滴不好~"}, {"uid": "170332010", "content": "还真的是哪个可爱"}, {"uid": "330901399", "content": "违和又不违和  我裂开了"}, {"uid": "209557450", "content": "动作指导：佐藤和真"}, {"uid": "84922589", "content": "川日双声道红红火火恍恍惚惚"}, {"uid": "33524154", "content": "哈哈哈哈太草了"}, {"uid": "634420361", "content": "哦～搜嘎！！"}, {"uid": "634420361", "content": "从零开始的中日友谊（"}, {"uid": "478235742", "content": "中日无障碍交流"}, {"uid": "633202142", "content": "如果真爱有颜色那么一定是蓝色！"}, {"uid": "220758423", "content": "妈妈救救你儿媳妇吧"}, {"uid": "525210718", "content": "各位lsp们出来吧！"}, {"uid": "264909006", "content": "太有内味了"}, {"uid": "288209257", "content": "川日双声道哈哈哈哈哈哈"}, {"uid": "516439657", "content": "可以哦~！！！"}, {"uid": "599149857", "content": "突然感觉四川话也好温柔，东北话能弄成啥味儿？"}, {"uid": "3189048", "content": "subaru君读的太有那味儿"}, {"uid": "37473021", "content": "心肺骤停"}, {"uid": "234315366", "content": "幺儿，你啷个敢停嗷（半恼）"}, {"uid": "432338563", "content": "上头"}, {"uid": "489505355", "content": "配音的故事"}, {"uid": "38057457", "content": "震惊"}, {"uid": "172460538", "content": "对，宝儿姐内味！"}, {"uid": "290477159", "content": "色迷日眼好评"}, {"uid": "508784386", "content": "卡！哇！伊！"}, {"uid": "41870135", "content": "这四川雷姆，包软不？"}, {"uid": "273414633", "content": "这声音，爱了爱了"}, {"uid": "40861998", "content": "对对对，都怪我，老婆"}, {"uid": "100479298", "content": "我已经开始笑了"}, {"uid": "341414793", "content": "哈哈哈哈哈哈哈哈哈哈哈哈哈哈"}, {"uid": "36750192", "content": "哈哈哈哈哈哈哈"}, {"uid": "11354330", "content": "乱日白=乱讲话"}, {"uid": "34663220", "content": "这奇妙体验"}, {"uid": "4124264", "content": "太可爱了"}, {"uid": "87036560", "content": "呜呜呜，好可"}, {"uid": "430635231", "content": "其实是因为普通话翻译起来比较书面化，方言就不存在了"}, {"uid": "266288674", "content": "世界线收束"}, {"uid": "272365964", "content": "色迷日眼哈哈哈哈"}, {"uid": "73391771", "content": "哈哈哈哈哈哈"}, {"uid": "171848437", "content": "三连给了，还想再来一期"}, {"uid": "342276137", "content": "四川人直接懵逼"}, {"uid": "480691767", "content": "有点怪怪的感觉，但好有意思(✪▽✪)"}, {"uid": "696789213", "content": "重庆大叔觉得还要得"}, {"uid": "26636145", "content": "ohhhhhhhhhhhh"}, {"uid": "224398436", "content": "日白尿逛立"}, {"uid": "2446983", "content": "四川话的乖有漂亮的意思"}, {"uid": "243829095", "content": "哈哈哈哈哈哈"}, {"uid": "502524963", "content": "你的小可爱，突然出现。"}, {"uid": "15194374", "content": "よめです（幻听）"}, {"uid": "838830", "content": "毫无违和感"}, {"uid": "32640012", "content": "太可爱了叭"}, {"uid": "411340108", "content": "四川人表示很淦"}, {"uid": "454725155", "content": "莫得灵魂"}, {"uid": "285102504", "content": "你龟儿少拿原版字幕来骗我"}, {"uid": "495252632", "content": "居然毫无违和感"}, {"uid": "43027646", "content": "好软萌"}, {"uid": "498578036", "content": "本地人表示彳亍"}, {"uid": "702404616", "content": "と、いうと、それはず。"}, {"uid": "628425127", "content": "牛批牛批"}, {"uid": "503911758", "content": "重庆人直呼内行"}, {"uid": "3695216", "content": "本四川人惊了"}, {"uid": "34530685", "content": "莫名有点好听"}, {"uid": "454577844", "content": "从零开始的四川生活"}, {"uid": "111081053", "content": "这句话不看字幕还以为再说日文"}, {"uid": "266631179", "content": "你已经死了"}, {"uid": "13450352", "content": "色迷日眼hhh"}, {"uid": "34717364", "content": "上头"}, {"uid": "410239315", "content": "毫无违和感"}, {"uid": "12937265", "content": "开幕雷击"}, {"uid": "3311881", "content": "你不是喜欢四川话，你就是馋她声线"}, {"uid": "404633715", "content": "竟然没有什么违和感"}, {"uid": "228529520", "content": "开幕雷击"}, {"uid": "40861998", "content": "哦对对对 都怪我都怪我"}, {"uid": "484352988", "content": "这个在第几集啊"}, {"uid": "341414793", "content": "哈哈哈哈哈哈哈哈哈哈哈哈哈"}, {"uid": "110236781", "content": "现在关注就是老粉了（滑稽）"}, {"uid": "673954421", "content": "点明开头"}, {"uid": "8931805", "content": "风车车与假老练"}, {"uid": "497045960", "content": "从零开始的四川生活"}, {"uid": "694142948", "content": "真·486"}, {"uid": "406571153", "content": "代入感极强"}, {"uid": "443162810", "content": "哈哈哈哈哈"}, {"uid": "423336675", "content": "毫无违和啊"}, {"uid": "38567004", "content": "不是的川南的口音"}, {"uid": "46750719", "content": "？？？哈哈哈"}, {"uid": "310029854", "content": "白嫖失败"}, {"uid": "29197858", "content": "草"}, {"uid": "29197858", "content": "草"}, {"uid": "23481797", "content": "血书下一集"}, {"uid": "38952352", "content": "嘶哑"}, {"uid": "676018022", "content": "好好好可爱"}, {"uid": "8372784", "content": "草、老街娃儿了"}, {"uid": "171491368", "content": "所以说都该过年了"}, {"uid": "14026114", "content": "这个蕾姆带着花椒味233"}, {"uid": "49896874", "content": "沈幼楚"}, {"uid": "454725155", "content": "四川人觉得……莫非"}, {"uid": "285102504", "content": "妖艳八斤嘞"}, {"uid": "285102504", "content": "这rnm太牛逼了嘛"}, {"uid": "337433922", "content": "a w s l"}, {"uid": "550661446", "content": "极致丝滑"}, {"uid": "38919324", "content": "啊啊啊啊啊啊啊啊好可爱！！"}, {"uid": "631902894", "content": "哈哈哈哈哈哈哈"}, {"uid": "365565", "content": "疯狂生草"}, {"uid": "490895358", "content": "不亏是我老婆"}, {"uid": "454577844", "content": "从零开始的四川生活"}, {"uid": "278082446", "content": "宝儿姐啊~"}, {"uid": "3189048", "content": "好可爱！！！！！！"}, {"uid": "438654892", "content": "ohhhhh"}, {"uid": "401607", "content": "开幕雷击。。。"}, {"uid": "110121461", "content": "哈哈哈，可爱可爱"}, {"uid": "432338563", "content": "笑疯了"}, {"uid": "25800995", "content": "自贡话和这个差远了。。"}, {"uid": "368016296", "content": "哈哈哈哈"}, {"uid": "489505355", "content": "老箱底"}, {"uid": "489505355", "content": "f法w王"}, {"uid": "487651604", "content": "幺妹儿"}, {"uid": "237685071", "content": "哈哈哈哈哈哈"}, {"uid": "36034283", "content": "开幕雷击"}, {"uid": "284432402", "content": "所以说，是雷姆啦"}, {"uid": "434187650", "content": "就特么离谱"}, {"uid": "10955303", "content": "哈哈哈"}, {"uid": "373106781", "content": "我裂开来"}, {"uid": "40802282", "content": "拐了哈哈哈哈"}, {"uid": "15741965", "content": "直接冯宝宝"}, {"uid": "35282966", "content": "我好喜欢啊"}, {"uid": "35282966", "content": "我好喜欢"}, {"uid": "341414793", "content": "正片开始"}, {"uid": "1835959", "content": "雷姆四川分姆"}, {"uid": "673954421", "content": "四川幺妹"}, {"uid": "28114151", "content": "我人傻了"}, {"uid": "496787028", "content": "小哥买苹果吗"}, {"uid": "351670237", "content": "我很庆幸我是四川人"}, {"uid": "694142948", "content": "三连了！！！！！！！"}, {"uid": "478089813", "content": "卫生员呢？"}, {"uid": "627795486", "content": "再来亿遍"}, {"uid": "544163559", "content": "分我一个重庆人，我还听懂了。"}, {"uid": "89066912", "content": "摇的，摇的可以可以。"}, {"uid": "671390126", "content": "好带劲啊awa"}, {"uid": "489400376", "content": "好瓜皮"}, {"uid": "838830", "content": "无缝连接"}, {"uid": "22780570", "content": "我裂开了"}, {"uid": "285102504", "content": "怪我不好"}, {"uid": "479130695", "content": "awsl"}, {"uid": "185907503", "content": "哈哈哈哈哈哈哈哈哈哈哈哈哈"}, {"uid": "364959891", "content": "BGM……有点吵"}, {"uid": "433708441", "content": "草"}, {"uid": "702404616", "content": "あんな音が！"}, {"uid": "158590400", "content": "太过生草"}, {"uid": "49839780", "content": "h h hh h c"}, {"uid": "17073709", "content": "斯巴鲁？"}, {"uid": "8430481", "content": "武隆那边的口音吗"}, {"uid": "492545473", "content": "停可爱的"}, {"uid": "87201980", "content": "太草了"}, {"uid": "39302183", "content": "哈哈哈哈哈哈哈哈哈哈，嘿嘿嘿"}, {"uid": "568343435", "content": "我靠草率了"}, {"uid": "473568118", "content": "ohhhh"}, {"uid": "13432505", "content": "红红火火恍恍惚惚"}, {"uid": "361190405", "content": "开幕雷击"}, {"uid": "531800082", "content": "awsl"}, {"uid": "486039072", "content": "祖安蕾姆"}, {"uid": "693606547", "content": "上头"}, {"uid": "693606547", "content": "上头"}, {"uid": "475367429", "content": "哈哈哈哈哈哈哈"}, {"uid": "50115016", "content": "哈哈哈哈"}, {"uid": "290322698", "content": "awsl"}, {"uid": "673954421", "content": "拐了"}, {"uid": "382612489", "content": "hhhh"}, {"uid": "241761685", "content": "草草草"}, {"uid": "694142948", "content": "啊啊啊～wsl"}, {"uid": "344676591", "content": "？？？？？？"}, {"uid": "2121548", "content": "下次一定"}, {"uid": "443162810", "content": "牛逼牛逼"}, {"uid": "92085817", "content": "笑疯了"}, {"uid": "26064236", "content": "有点好听"}, {"uid": "548916106", "content": "草草草草草草草草草草草草"}, {"uid": "3900014", "content": "草"}, {"uid": "365086251", "content": "哈哈哈哈"}, {"uid": "86979787", "content": "哈哈哈哈"}, {"uid": "176819325", "content": "我TM直接好活"}, {"uid": "84200269", "content": "HAHHAHAHAHA"}, {"uid": "51477182", "content": "awsl"}, {"uid": "247158", "content": "awsl"}, {"uid": "446591820", "content": "离谱"}, {"uid": "363410803", "content": "太行了"}, {"uid": "472559188", "content": "哈哈哈"}, {"uid": "206479721", "content": "上头了"}, {"uid": "457134225", "content": "草"}, {"uid": "498578036", "content": "真不戳"}, {"uid": "533998106", "content": "毫无违和感"}, {"uid": "568343435", "content": "我靠草率了"}, {"uid": "555841801", "content": ".！！.！！"}, {"uid": "330901399", "content": "我感觉炸裂"}, {"uid": "365565", "content": "草"}, {"uid": "651814735", "content": "你币有了…我币没了"}, {"uid": "429849580", "content": "哈哈哈哈"}, {"uid": "7020335", "content": "有趣！已三连！"}, {"uid": "537327", "content": "广东人笑了"}, {"uid": "7269129", "content": "开幕雷击"}, {"uid": "154481", "content": "眉mi"}, {"uid": "489505355", "content": "志存高远"}, {"uid": "591472582", "content": "可愛いね"}, {"uid": "518160506", "content": "awsl"}, {"uid": "28171145", "content": "街娃"}, {"uid": "517912792", "content": "见蕾进"}, {"uid": "285260102", "content": "川日游好"}, {"uid": "86116314", "content": "下次一定"}, {"uid": "100393686", "content": "？？"}, {"uid": "567625168", "content": "awsl"}, {"uid": "317276050", "content": "？？？？？？？？？？？？"}, {"uid": "258075843", "content": "绝了"}, {"uid": "2344476", "content": "听着好喜感"}, {"uid": "341414793", "content": "哈哈哈哈"}, {"uid": "443144500", "content": "流批流批"}, {"uid": "36750192", "content": "笑死我了"}, {"uid": "504051064", "content": "不知道为什么，有点不爽"}, {"uid": "34663220", "content": "？？？。"}, {"uid": "445828361", "content": "加内，拜拜"}, {"uid": "408791329", "content": "嗯？？？"}, {"uid": "687817981", "content": "爱了爱了"}, {"uid": "434266043", "content": "i了"}, {"uid": "235045738", "content": "宝儿姐?"}, {"uid": "30363570", "content": "我裂开了"}, {"uid": "188581659", "content": "wsl"}, {"uid": "488105256", "content": "卡哇伊~"}, {"uid": "156500029", "content": "草"}, {"uid": "689483368", "content": "咔哇伊"}, {"uid": "436920672", "content": "四川的雷姆吗，爱了爱了"}, {"uid": "314107510", "content": "草"}, {"uid": "206479721", "content": "怪我怪我"}, {"uid": "6754964", "content": "绝了"}, {"uid": "521937710", "content": "宝儿姐，是蕾姆"}, {"uid": "495252632", "content": "草"}, {"uid": "285478636", "content": "想看东北话配的"}, {"uid": "509760107", "content": "太草了"}, {"uid": "533998106", "content": "雷击"}, {"uid": "150717936", "content": "看来wo"}, {"uid": "690614195", "content": "因为486这个四川话读音跟日语发音差别不大所以听起来像没变"}, {"uid": "440843997", "content": "awsl"}, {"uid": "124648664", "content": "危"}, {"uid": "568343435", "content": "炒算了。"}, {"uid": "399808499", "content": "233333"}, {"uid": "678624729", "content": "我裂开了呀"}, {"uid": "6859192", "content": "草"}, {"uid": "262282312", "content": "好喜欢雷姆"}, {"uid": "633202142", "content": "awsl"}, {"uid": "631178070", "content": "我丟你雷姆"}, {"uid": "2618340", "content": "kksk"}, {"uid": "880744", "content": "23333"}, {"uid": "13265492", "content": "草"}, {"uid": "597230499", "content": "可以可以"}, {"uid": "400783791", "content": "NB"}, {"uid": "650248558", "content": "阿伟死了"}, {"uid": "481651822", "content": "要得"}, {"uid": "403682317", "content": "keaiq"}, {"uid": "40849753", "content": "下次一订"}, {"uid": "38010324", "content": "草"}, {"uid": "449322478", "content": "爱了"}, {"uid": "421220144", "content": "？？？？？"}, {"uid": "341414793", "content": "AWSL"}, {"uid": "502019802", "content": "草"}, {"uid": "478089813", "content": "AWSL"}, {"uid": "111868", "content": "拢棍儿"}, {"uid": "351075761", "content": "。。。。。。"}, {"uid": "5773287", "content": "66666"}, {"uid": "15235113", "content": "小醉～"}, {"uid": "474673874", "content": "阿伟，受死吧"}, {"uid": "697241829", "content": "草草草"}, {"uid": "689483368", "content": "对不起"}, {"uid": "184496510", "content": "暂停成功"}, {"uid": "395997759", "content": "有趣"}, {"uid": "22780570", "content": "？？？？"}, {"uid": "1144543105", "content": "这也太像了吧"}, {"uid": "37961571", "content": "hhhhhhh"}, {"uid": "414614734", "content": "哈哈"}, {"uid": "517302580", "content": "三联了三联了"}, {"uid": "470388932", "content": "草"}, {"uid": "529574367", "content": "486"}, {"uid": "209685651", "content": "？？？"}, {"uid": "20094217", "content": "草"}, {"uid": "702404616", "content": "あれ？"}, {"uid": "343891160", "content": "草"}, {"uid": "451108001", "content": "awsl"}, {"uid": "87201980", "content": "hhhh"}, {"uid": "7611231", "content": "夢です"}, {"uid": "621994229", "content": "。。。"}, {"uid": "399808499", "content": "可爱"}, {"uid": "501738428", "content": "上头了"}, {"uid": "522284317", "content": "我擦"}, {"uid": "262179447", "content": "草"}, {"uid": "22304091", "content": "hhh"}, {"uid": "22549109", "content": "233"}, {"uid": "49682183", "content": "Awsl"}, {"uid": "287606", "content": "草"}, {"uid": "278082446", "content": "牛批"}, {"uid": "507636605", "content": "优秀。"}, {"uid": "438654892", "content": "草"}, {"uid": "234315366", "content": "都怪我不好！"}, {"uid": "4004345", "content": "草"}, {"uid": "224140017", "content": "？？？"}, {"uid": "489505355", "content": "申购"}, {"uid": "30346086", "content": "好活"}, {"uid": "188385220", "content": "nb"}, {"uid": "152540142", "content": "别有一番韵味。"}, {"uid": "693606547", "content": "啊这"}, {"uid": "362788578", "content": "草"}, {"uid": "421220144", "content": "？？？？？？？"}, {"uid": "697119219", "content": "好可爱"}, {"uid": "122556104", "content": "？？？"}, {"uid": "237807028", "content": "草"}, {"uid": "603986380", "content": "ohhhhhhhhhhhhhhhhhhhhhhhhhhhhhhhhhhhhhhhhhhhhhhhhhhhhhhhhh"}, {"uid": "227447182", "content": "？？？？"}, {"uid": "629604551", "content": "牌位"}, {"uid": "134758090", "content": "乱日白"}, {"uid": "34384100", "content": "这是哪集啊怎么没看过好像"}, {"uid": "84627125", "content": "？？？？"}, {"uid": "310029854", "content": "可爱"}, {"uid": "612540163", "content": "我一男的都能模仿雷姆叫486"}, {"uid": "6669708", "content": "草"}, {"uid": "689483368", "content": "你币有了"}, {"uid": "391570979", "content": "草"}, {"uid": "363410803", "content": "taix"}, {"uid": "130111008", "content": "草"}, {"uid": "1144543105", "content": "666"}, {"uid": "309462433", "content": "懵"}, {"uid": "206479721", "content": "雷打不动"}, {"uid": "514982598", "content": "nice"}, {"uid": "65943754", "content": "草"}, {"uid": "509760107", "content": "草"}, {"uid": "84113071", "content": "草"}, {"uid": "14012809", "content": "拉姆"}, {"uid": "503911758", "content": "哇哇哇"}, {"uid": "636744767", "content": "裂开"}, {"uid": "424240043", "content": "我嗯是听完了，还当真有嘞个味道哈"}, {"uid": "568343435", "content": "草率了。"}, {"uid": "80259271", "content": "冯宝宝"}, {"uid": "354021557", "content": "草"}, {"uid": "354021557", "content": "草"}, {"uid": "696956706", "content": "卧槽"}, {"uid": "102067749", "content": "草"}, {"uid": "438654892", "content": "太像了"}, {"uid": "1956341", "content": "awsl"}, {"uid": "6898", "content": "草"}, {"uid": "503296661", "content": "欧啦欧啦欧啦欧啦欧啦"}, {"uid": "13947495", "content": "鸡皮疙瘩"}, {"uid": "4134946", "content": "草"}, {"uid": "17381671", "content": "这比国漫有些配音舒服多了"}, {"uid": "405302988", "content": "草"}, {"uid": "22097315", "content": "？"}, {"uid": "74082670", "content": "草"}, {"uid": "128535794", "content": "？？？"}, {"uid": "89512601", "content": "是我老婆"}, {"uid": "433611451", "content": "草"}, {"uid": "433458288", "content": "离谱"}, {"uid": "409730586", "content": "好听"}, {"uid": "241761685", "content": "已三连"}, {"uid": "94819652", "content": "666"}, {"uid": "431092366", "content": "？"}, {"uid": "570853896", "content": "草"}, {"uid": "548916106", "content": "？"}, {"uid": "15235113", "content": "小…小醉是你嘛？"}, {"uid": "314877278", "content": "6666"}, {"uid": "23730604", "content": "离谱"}, {"uid": "91318814", "content": "？"}, {"uid": "502524963", "content": "好可爱"}, {"uid": "581492370", "content": "太草了"}, {"uid": "2636072", "content": "草"}, {"uid": "676018022", "content": "哇哇哇哇"}, {"uid": "5880330", "content": "够味"}, {"uid": "345816097", "content": "？？"}, {"uid": "382084204", "content": "离谱"}, {"uid": "436920672", "content": "艾米莉亚归你们雷姆归我来谁也别和我抢爱了爱了。"}, {"uid": "693606547", "content": "你币有了"}, {"uid": "646686998", "content": "我死了"}, {"uid": "433708441", "content": "草"}, {"uid": "87903548", "content": "有表白那一段吗"}, {"uid": "350911405", "content": "？？？？"}, {"uid": "14012809", "content": "啊"}, {"uid": "669447490", "content": "可爱"}, {"uid": "13432505", "content": "草"}, {"uid": "481687997", "content": "承包弹幕"}, {"uid": "38875792", "content": "草"}, {"uid": "475493296", "content": "awsl"}, {"uid": "35795567", "content": "草"}, {"uid": "651814735", "content": "你币有了"}, {"uid": "633202142", "content": "雷姆是我老婆，雷姆老公是我！"}, {"uid": "507636605", "content": "我蕾姆老婆"}, {"uid": "690729756", "content": "。。"}, {"uid": "690729756", "content": "。。。。"}, {"uid": "438654892", "content": "离谱"}, {"uid": "154481", "content": "重庆的还听不懂丢nm的脸"}, {"uid": "400783791", "content": "NB"}, {"uid": "400783791", "content": "NB"}, {"uid": "346307488", "content": "？"}, {"uid": "1674267577", "content": "？？？"}, {"uid": "36124234", "content": "啊这"}, {"uid": "86425556", "content": "f"}, {"uid": "477145644", "content": "？"}, {"uid": "21781204", "content": "kksk"}, {"uid": "523009719", "content": "？？？"}, {"uid": "482087426", "content": "斯国一"}, {"uid": "631565393", "content": "ohhhhhhhhhhhhhhhhhhhhhhhhhhhhhhhhhhhhhhhhhhhhhhhhhhhhhhhhhhhhhh"}, {"uid": "671628517", "content": "？"}, {"uid": "12548045", "content": "？"}, {"uid": "548916106", "content": "？？？"}, {"uid": "386927758", "content": "草率了本以为是大汉配音没想到啊"}, {"uid": "510420425", "content": "大写的牝"}, {"uid": "502524963", "content": "轰！（我。。。我被击沉了！救我……）"}, {"uid": "474285391", "content": "？？？"}, {"uid": "271974166", "content": "蕾姆赛高"}, {"uid": "509272787", "content": "草"}, {"uid": "695412340", "content": "笑死了哈哈哈哈哈"}, {"uid": "453404321", "content": "来吧让我先来，，冯宝宝过来配音了"}, {"uid": "433455442", "content": "我想要冯宝宝滴，可以撒？"}, {"uid": "498915894", "content": "？？？"}, {"uid": "360175643", "content": "雷姆！"}, {"uid": "693606547", "content": "？？？"}, {"uid": "1144543105", "content": "我老婆啊"}, {"uid": "1973596", "content": "啊这"}, {"uid": "395696233", "content": "awsl"}, {"uid": "286367373", "content": "为啥没人，发一句。"}, {"uid": "615282720", "content": "草"}, {"uid": "153879397", "content": "不知道为啥一个东北人喜欢四川话"}, {"uid": "700830059", "content": "！！！！！！！！？？？？？？？？？"}, {"uid": "185907503", "content": "哈哈哈哈哈哈哈哈哈哈哈哈哈哈哈哈哈哈"}, {"uid": "244391672", "content": "？？？？？？？？？？？？？？？"}, {"uid": "633202142", "content": "雷姆雷姆雷姆雷姆雷姆雷姆雷姆雷姆雷姆雷姆雷姆雷姆雷姆雷姆雷姆雷姆雷姆雷姆雷姆雷姆雷姆雷姆雷姆雷姆雷姆雷姆雷姆雷姆雷姆雷姆雷姆雷姆雷姆雷姆雷姆雷姆雷姆雷姆雷姆雷姆雷姆雷姆雷姆雷姆雷姆雷姆雷姆雷姆雷姆雷姆"}, {"uid": "690729756", "content": "雷打不动"}]