[{"uid": "370265066", "content": "小龙龙"}, {"uid": "370265066", "content": "这种画风我喜欢"}, {"uid": "137135719", "content": "你脸红啥？"}, {"uid": "666821705", "content": "这个巨龙好可爱哦！"}, {"uid": "55070647", "content": "这勇者怎么头和屁股在一边？"}, {"uid": "89647111", "content": "这勇士有事业线啊"}, {"uid": "167978946", "content": "↑这是肚子？哈哈哈哈哈哈"}, {"uid": "408210501", "content": "我已经懵逼了"}, {"uid": "573049", "content": "这勇者刀疤比公主深！"}, {"uid": "15340397", "content": "以下画面请在家长陪同下观看"}, {"uid": "32298563", "content": "贝爷的徒弟 ？"}, {"uid": "21162", "content": "回合制呢"}, {"uid": "410435860", "content": "哪里可怕"}, {"uid": "1809056592", "content": "赛尔达:？？？？？"}, {"uid": "1110765071", "content": "坎特伯雷公主与骑士唤醒冠军之剑的奇幻冒险"}, {"uid": "16294923", "content": "龙龙！"}, {"uid": "483712877", "content": "昆特牌，停，来一局"}, {"uid": "630461799", "content": "这伤痕见证，这胸口这道疤确实"}, {"uid": "495586030", "content": "百元好合"}, {"uid": "1509789121", "content": "等等，这是同性恋"}, {"uid": "43497320", "content": "配猫ing....."}, {"uid": "1123991608", "content": "在下点了第1234个赞。"}, {"uid": "526959933", "content": "百合?"}, {"uid": "487599158", "content": "昆特牌"}, {"uid": "393085340", "content": "自信点，中国人第一次听都听不出来"}, {"uid": "670235838", "content": "好激烈的战斗场面。"}, {"uid": "26331515", "content": "巨龙好可爱"}, {"uid": "1340043932", "content": "这首歌放到外国人中文听力考试里，应该没人能答出来吧"}, {"uid": "1340043932", "content": "这首歌放到外国人的中文听力考试，估计没人能写出来"}, {"uid": "491625337", "content": "有点意思，唱的很好"}, {"uid": "382951055", "content": "林克：？"}, {"uid": "304202937", "content": "赛尔达:???"}, {"uid": "84107266", "content": "喜欢洛天依言和的那位可以善用退出"}, {"uid": "354277558", "content": "可爱!"}, {"uid": "2139435359", "content": "爱护野生动物"}, {"uid": "8305630", "content": "太激烈了"}, {"uid": "22598634", "content": "塞尔达·咪普利"}, {"uid": "1392007233", "content": "激烈"}, {"uid": "453477948", "content": "我发誓要做老大"}, {"uid": "3078826", "content": "村里最好的剑"}, {"uid": "84107266", "content": "不喜欢请善用左上角退出键"}, {"uid": "435268338", "content": "达拉崩吧斑得贝迪卜多比鲁翁"}, {"uid": "2530066", "content": "又疯一个？"}, {"uid": "8305630", "content": "？？？？？"}, {"uid": "406575510", "content": "不是班德贝比多鲁比鲁翁吗"}, {"uid": "73877570", "content": "??"}, {"uid": "89148868", "content": "又疯一个"}, {"uid": "32298563", "content": "这算是文艺复兴？"}, {"uid": "517400839", "content": "塞尔达公主草（"}, {"uid": "16161639", "content": "击剑"}, {"uid": "549179761", "content": "激烈运动"}, {"uid": "678798766", "content": "恶龙要是真的长这个样子，我能把他抢走"}, {"uid": "12501319", "content": "翻唱要改词"}, {"uid": "142129369", "content": "，，，"}, {"uid": "24653264", "content": "tcp三次握手"}, {"uid": "171754737", "content": "又疯一个"}, {"uid": "5947208", "content": "这猫的胸怎么垂到了腰上？"}, {"uid": "33817319", "content": "还不如先问性别"}, {"uid": "188650037", "content": "王浩然"}, {"uid": "16545135", "content": " 我会。"}, {"uid": "695784069", "content": "这巨龙我"}, {"uid": "514099228", "content": "上头了(ง ˙o˙)ว"}, {"uid": "517400839", "content": "塞尔达草"}, {"uid": "383882923", "content": "O泡！(混乱)"}, {"uid": "495586030", "content": "卧槽"}, {"uid": "521981884", "content": "塞尔达传说好评"}, {"uid": "81663264", "content": "又疯一个"}, {"uid": "671182744", "content": "芜湖"}, {"uid": "573452632", "content": "比博燃"}, {"uid": "1230432632", "content": "塞尔达？"}, {"uid": "34020913", "content": "我听懵圈了"}, {"uid": "9308527", "content": "卧槽，你脸红个屁啊，他还没做什么！"}, {"uid": "20603518", "content": "又疯一个？"}, {"uid": "353660", "content": "疯狂贴贴"}, {"uid": "95605863", "content": "国好剑"}, {"uid": "179395279", "content": "反"}, {"uid": "647958400", "content": "大吉吉？"}, {"uid": "28227062", "content": "哈哈哈哈哈哈哈哈哈哈哈哈哈哈哈哈哈哈哈哈哈哈哈哈哈哈哈哈哈哈哈哈哈哈哈哈哈哈哈哈哈哈哈哈哈哈哈哈哈哈哈哈哈哈哈哈哈哈哈哈哈哈哈哈哈哈哈哈哈哈哈哈哈哈哈哈哈哈哈哈哈哈哈哈哈哈哈哈哈哈哈哈哈哈哈哈哈哈哈哈"}, {"uid": "484590831", "content": "好血腥好暴力"}, {"uid": "514188132", "content": "塞尔达公主哈哈哈我真的完全不打算去救你（"}]