[{"uid": "1542602503", "content": "人与人之间的信任呢 "}, {"uid": "36940382", "content": "好家伙，毛吐出来不仅打成线了，还捆好了"}, {"uid": "103402735", "content": "右边那个是我按的。"}, {"uid": "1654871", "content": "怎么这么涩？？"}, {"uid": "25630548", "content": "哈哈哈哈哈哈哈笑死了"}, {"uid": "484935848", "content": "打码不地道啊"}, {"uid": "130271235", "content": "大吉大利今晚"}, {"uid": "11326398", "content": "我是个盲人，想问问视频里在做什么"}, {"uid": "1819467", "content": "？"}, {"uid": "24739403", "content": "草"}, {"uid": "30584738", "content": "不能说完全相同，只能说一毛一样"}, {"uid": "91713026", "content": "？"}, {"uid": "74173597", "content": "？？？？"}, {"uid": "13126104", "content": "笑死"}, {"uid": "1984053213", "content": "。。。。。"}, {"uid": "70251165", "content": "草"}, {"uid": "344706631", "content": "草"}]