[{"uid": "9896371", "content": "还来是吧"}, {"uid": "305638598", "content": "原声大碟"}, {"uid": "30584738", "content": "这个儿子是不是gay啊"}, {"uid": "30584738", "content": "座敷童子是吧"}, {"uid": "74173597", "content": "草"}, {"uid": "11663478", "content": "好的 中奖就给你打钱"}, {"uid": "439819", "content": "铁甲依然在!"}, {"uid": "439819", "content": "我觉得这进度条并不简单"}, {"uid": "61953958", "content": "嫁 衣 神 功"}, {"uid": "53829902", "content": "时守星沙罪大恶极"}, {"uid": "15524745", "content": "因为进度条还么完啊！"}, {"uid": "2068234", "content": "原 声 大 碟"}, {"uid": "1431859", "content": "招财猫的名字叫：豪德寺三花"}, {"uid": "179144968", "content": "减肥也挺好的"}, {"uid": "486523137", "content": "梅开二度"}, {"uid": "811947", "content": "眼睛太可爱了"}, {"uid": "1024607084", "content": "我要可以吗"}, {"uid": "339108707", "content": "我还在！"}, {"uid": "379994198", "content": "草"}, {"uid": "324285050", "content": "梅开二度"}, {"uid": "111569154", "content": "草，你也是拉拉人？"}, {"uid": "70251165", "content": "你要小心xs姐哦"}, {"uid": "70251165", "content": "回收开头"}, {"uid": "70251165", "content": "草"}, {"uid": "668611833", "content": "这味儿真正………"}, {"uid": "2457881", "content": "哈哈哈哈哈哈"}, {"uid": "2457881", "content": "笑死"}, {"uid": "31903720", "content": "确实"}, {"uid": "31903720", "content": "草"}, {"uid": "30334195", "content": "草，生了出来"}, {"uid": "375743647", "content": "草草草"}, {"uid": "401099828", "content": "废话，进度条暴露一切"}, {"uid": "401099828", "content": "梅开二度是么"}, {"uid": "401099828", "content": "吉吉国王"}, {"uid": "3727259", "content": "草可爱！"}, {"uid": "64192193", "content": "我虽然 不是很清楚"}, {"uid": "1024607084", "content": "下一届园艺大师！别投票了！就吉吉吧"}, {"uid": "85474891", "content": "草"}, {"uid": "1654871", "content": "草ller狂喜"}, {"uid": "486523137", "content": "草。声音很还原（不是"}, {"uid": "34763367", "content": "笑死了，是原版吧"}, {"uid": "401958469", "content": "好活我跟"}, {"uid": "86852060", "content": "你好绝我好爱"}, {"uid": "31444333", "content": "草"}, {"uid": "439819", "content": "吉吉国王"}, {"uid": "75310742", "content": "xswl"}, {"uid": "22460464", "content": "拉拉人狂笑"}, {"uid": "1452425", "content": "草"}, {"uid": "401099828", "content": "@千幽Chiyuu"}, {"uid": "1024607084", "content": "草"}, {"uid": "22460464", "content": "草生了出来"}, {"uid": "13789422", "content": "草"}, {"uid": "302590325", "content": "草"}, {"uid": "21853443", "content": "草草草"}, {"uid": "27639497", "content": "草"}, {"uid": "32354219", "content": "绝了"}, {"uid": "351902482", "content": "星沙姐 草"}, {"uid": "451232533", "content": "草"}, {"uid": "650016459", "content": "草"}, {"uid": "13126104", "content": "拉拉人狂喜"}, {"uid": "580506799", "content": "草"}, {"uid": "401958469", "content": "是的捏"}, {"uid": "401958469", "content": "ssxs打钱"}, {"uid": "31444333", "content": "草"}, {"uid": "31444333", "content": "草草草"}, {"uid": "1819467", "content": "草"}, {"uid": "179144968", "content": "草"}, {"uid": "24143705", "content": "太对味了"}, {"uid": "1269771", "content": "那不上了"}, {"uid": "248990233", "content": "国王"}, {"uid": "8251882", "content": "草"}, {"uid": "317747377", "content": "关注你可以抽出六星吗？hhhhh"}, {"uid": "67964", "content": "SSXS吗"}, {"uid": "401099828", "content": "草"}, {"uid": "28609326", "content": "xxssxs"}, {"uid": "1228594902", "content": "jj"}, {"uid": "2457881", "content": "草"}, {"uid": "31903720", "content": "草"}, {"uid": "27639497", "content": "草"}, {"uid": "401099828", "content": "叫你模仿没叫你从模子里跳出来！"}, {"uid": "5724605", "content": "草"}, {"uid": "31444333", "content": "草啊"}, {"uid": "175444978", "content": "草"}, {"uid": "580506799", "content": "草"}]