[{"uid": "1280024", "content": "小暗劲敌"}, {"uid": "8165378", "content": "看样子张无忌妈妈说的没错"}, {"uid": "34868295", "content": "板凳警告（狗头"}, {"uid": "502754822", "content": "天  下   布  魔"}, {"uid": "430435069", "content": "封面的意思是我成了奥特曼"}, {"uid": "476295552", "content": "强颜欢笑"}, {"uid": "449794874", "content": "你看她笑得多开心"}, {"uid": "103308828", "content": "哈哈哈，完了完了"}, {"uid": "262922695", "content": "哈哈哈哈哈哈哈"}, {"uid": "624652", "content": "笑死"}, {"uid": "27133385", "content": "自 我 否 定"}, {"uid": "442776508", "content": "买爱疯"}, {"uid": "481185184", "content": "我 不 信 我 自 己"}, {"uid": "1837794127", "content": "干的漂亮"}, {"uid": "3162178", "content": "你看她笑的多开心啊"}, {"uid": "481185184", "content": "我 骂 我 自 己"}, {"uid": "69943570", "content": "人不可相貌这都不知道吗"}, {"uid": "1837794127", "content": "你看她笑的多开心啊"}, {"uid": "256371728", "content": "@AR12"}, {"uid": "20721561", "content": "妈爱送"}, {"uid": "69943570", "content": "人心隔肚皮啊"}, {"uid": "32882093", "content": "买爱送的~"}, {"uid": "277746487", "content": "在现场"}, {"uid": "2016897494", "content": "美少女能有什么坏心思呢？"}, {"uid": "329571299", "content": "啊？啊，不会啊？"}, {"uid": "29775082", "content": "@奶果醬"}, {"uid": "329571299", "content": "啊？啊"}, {"uid": "484569921", "content": "对  自  己  の  质  疑"}, {"uid": "661299351", "content": "六分钟好耶"}]