[{"uid": "497354133", "content": "因为你没有字典是吗？［doge］"}, {"uid": "582051373", "content": "《刹那已经将她的真名告诉了我》"}, {"uid": "1319409306", "content": "鸭鲁！DIO！（）"}, {"uid": "40970147", "content": "是替身【确信】"}, {"uid": "400629127", "content": "我不是，我没有"}, {"uid": "452291899", "content": "中二（狗头）"}, {"uid": "474119332", "content": "内社♂联动（意味深）"}, {"uid": "13953463", "content": "天使？"}, {"uid": "436561184", "content": "MC，这个好耶"}, {"uid": "436561184", "content": "你是吸血鬼不是法老王啊喂"}, {"uid": "392546278", "content": "又多了个妈(doge)"}, {"uid": "610225905", "content": "可以可以可以(疯狂点头)"}, {"uid": "549134935", "content": "撰长书以为贽"}, {"uid": "502086456", "content": "屑（doge"}, {"uid": "494572407", "content": "很高兴以这种方式认识你（指冲着mc）"}, {"uid": "70251165", "content": "等等，你是……"}, {"uid": "499709969", "content": "我叫你DIO"}, {"uid": "448304428", "content": "草，刻在DNA里的回忆"}, {"uid": "484519030", "content": "露珀塔•莱斯•巴托丽妈妈"}, {"uid": "484519030", "content": "妈妈妈妈"}, {"uid": "5312643", "content": "DNA里的高塔"}, {"uid": "23111281", "content": "可以"}, {"uid": "23111281", "content": "魔  王  开  锁"}, {"uid": "748043", "content": "Max 大变身！"}, {"uid": "74173597", "content": "好的露珀塔•莱斯•巴托丽妈妈"}, {"uid": "414422", "content": "人质（宠物）"}, {"uid": "35334146", "content": "泪目啊啊啊"}, {"uid": "30233268", "content": "大爷！"}, {"uid": "89381310", "content": "可爱，单挑了"}, {"uid": "2648843", "content": "给你我的全部的爱"}, {"uid": "3144973", "content": "这个动作太可爱了呜呜呜"}, {"uid": "4108289", "content": "大爷能唱个rap吗"}, {"uid": "31054779", "content": "楚雨荨草"}, {"uid": "108988053", "content": "露珀塔！"}, {"uid": "12574252", "content": "叮———咚———"}, {"uid": "8635662", "content": "我看爆！"}, {"uid": "12574252", "content": "还不可以休息哦"}, {"uid": "6508168", "content": "脑 花 刺 身"}, {"uid": "22267655", "content": "奇奇怪怪（期待"}, {"uid": "33030701", "content": "再看。。。再看就把你喝掉！"}, {"uid": "69098484", "content": "这就是被关在高塔中的原因吗？(笑"}, {"uid": "1323945", "content": "你也住在魔王城？"}, {"uid": "1280024", "content": "你是楚雨荨？"}, {"uid": "2081536832", "content": "那就让我们帮你补上去"}, {"uid": "42515129", "content": "？？？？？？？？？？"}, {"uid": "646169073", "content": "你就是大名鼎鼎的“v”"}, {"uid": "258121800", "content": "妈妈!"}, {"uid": "30006548", "content": "moba？？？露宝居然玩moba了！好耶！"}, {"uid": "30006548", "content": "这个bubu是黑白熊的声音吧哈哈，可爱！"}, {"uid": "21314917", "content": "？"}, {"uid": "270489874", "content": "ruperta！"}, {"uid": "14419217", "content": "露珀塔"}, {"uid": "38509696", "content": "那从你那买字典有点亏๑乛v乛๑"}, {"uid": "32815351", "content": "高速神言suki"}, {"uid": "11441617", "content": "ruperta"}, {"uid": "34880930", "content": "这设定，书接上回？"}, {"uid": "24144279", "content": "妈妈！"}, {"uid": "542524", "content": "露珀塔！露珀塔！"}, {"uid": "542524", "content": "辣椒汁懂得"}, {"uid": "87679071", "content": "妈妈"}, {"uid": "293936191", "content": "魔王开锁"}, {"uid": "515138", "content": "？？？？？"}, {"uid": "398119055", "content": "我哭了 你还在啊"}, {"uid": "411144852", "content": "ruperta"}, {"uid": "74173597", "content": "鲁珀塔"}, {"uid": "8254614", "content": "变身！"}, {"uid": "8254614", "content": "可以可以可以可以"}, {"uid": "228490495", "content": "可以"}, {"uid": "298434", "content": "嗨 老婆！"}, {"uid": "12574252", "content": "高速神言"}, {"uid": "12574252", "content": "妈妈！"}, {"uid": "26150803", "content": "下次一定"}, {"uid": "31116664", "content": "妈妈！"}, {"uid": "22267655", "content": "莱斯"}, {"uid": "32815351", "content": "妈妈！！！"}, {"uid": "91713026", "content": "可以"}, {"uid": "6851959", "content": "巴托丽让我想到了熟悉的东西"}, {"uid": "6774196", "content": "有恐怖游戏吗()"}, {"uid": "3627170", "content": "？"}, {"uid": "542524", "content": "大爷出道了好耶"}, {"uid": "8635662", "content": "露珀塔！"}, {"uid": "3130177", "content": "妈妈o(≧v≦)o"}, {"uid": "615692726", "content": "我爱送"}, {"uid": "455678152", "content": "？？"}, {"uid": "34778034", "content": "买iPhone"}, {"uid": "343581993", "content": "！！！！"}, {"uid": "636428982", "content": "要不你还是去配黄油吧"}, {"uid": "470885120", "content": "萝卜塔"}, {"uid": "481185184", "content": "没错，我干的"}, {"uid": "43783608", "content": "背后灵（）"}, {"uid": "687547769", "content": "妈妈～"}, {"uid": "95999697", "content": "好耶"}, {"uid": "30006548", "content": "哈哈哈可爱！"}, {"uid": "8635662", "content": "太憨了"}, {"uid": "7252868", "content": "？"}, {"uid": "256266582", "content": "期待！！！"}, {"uid": "2840596", "content": "无内鬼，来点dota"}, {"uid": "1819467", "content": "www憨憨"}, {"uid": "285376066", "content": "唱歌好耶！！"}, {"uid": "22267655", "content": "露宝！！！！"}, {"uid": "20274869", "content": "邪恶天使"}, {"uid": "14148297", "content": "您的侍从成分是不是不太对"}, {"uid": "6774196", "content": "妈妈好"}, {"uid": "16117061", "content": "下次一定"}, {"uid": "1323945", "content": "喂！"}, {"uid": "604165197", "content": "（抱着我的狗妈）"}, {"uid": "1409473039", "content": "好中二我喜欢"}, {"uid": "9099210", "content": "妈妈"}, {"uid": "38484761", "content": "什么高塔"}, {"uid": "38523561", "content": "妈妈！"}, {"uid": "489807101", "content": "正片开始"}, {"uid": "489807101", "content": "reporter"}, {"uid": "498930907", "content": "露珀塔！"}, {"uid": "5087116", "content": "好可爱，我的妈"}, {"uid": "256266582", "content": "mc哭了"}, {"uid": "256266582", "content": "这设定好高级"}, {"uid": "515204", "content": "hso"}, {"uid": "4990087", "content": "（楚雨荨"}, {"uid": "12574252", "content": "？？？"}, {"uid": "15448691", "content": "妈妈好"}, {"uid": "26642253", "content": "HSO"}, {"uid": "318645208", "content": "老蛇皮"}, {"uid": "164878790", "content": "马什么梅"}, {"uid": "400629127", "content": "？？？"}, {"uid": "13953463", "content": "替身"}, {"uid": "610225905", "content": "妈！"}, {"uid": "7884052", "content": "可爱"}, {"uid": "495750672", "content": "冲着mc关注了"}, {"uid": "277683387", "content": "露珀塔"}, {"uid": "74173597", "content": "DOTA，请"}, {"uid": "74173597", "content": "？？？？"}, {"uid": "74173597", "content": "hso"}, {"uid": "8254614", "content": "铁咩！"}, {"uid": "8254614", "content": "我不叫喂"}, {"uid": "47692095", "content": "太可爱了吧乌乌乌乌"}, {"uid": "298434", "content": "露珀塔"}, {"uid": "85770900", "content": "嗨！老婆！"}, {"uid": "12574252", "content": "转场可爱"}, {"uid": "625059", "content": "妈妈！"}, {"uid": "1819467", "content": "wwww憨憨"}, {"uid": "32815351", "content": "妈妈的妈妈"}, {"uid": "22267655", "content": "草"}, {"uid": "8635662", "content": "妈妈!"}, {"uid": "102975909", "content": "露珀塔"}, {"uid": "20610690", "content": "ruperta！"}, {"uid": "69098484", "content": "经典缝合"}, {"uid": "306971116", "content": "ruperta"}, {"uid": "1323945", "content": "可恶"}, {"uid": "1069427347", "content": "我的世界这个可以！"}, {"uid": "1069427347", "content": "是本小姐"}, {"uid": "34778034", "content": "买iPhone"}, {"uid": "636428982", "content": "不能"}, {"uid": "456054795", "content": "草"}, {"uid": "400629127", "content": "？"}, {"uid": "1497695", "content": "草，阿米娅写的信？"}, {"uid": "515141436", "content": "吸血鬼做什么人？"}, {"uid": "489807101", "content": "大家好，我叫reporter"}, {"uid": "383034810", "content": "可恶"}, {"uid": "383034810", "content": "可以可以可以可以"}, {"uid": "8254614", "content": "呜呜呜"}, {"uid": "7555910", "content": "做鬼"}, {"uid": "102207", "content": "kksk"}, {"uid": "8635662", "content": "捏！"}, {"uid": "1819467", "content": "bubu—"}, {"uid": "1819467", "content": "经典口胡"}, {"uid": "21399537", "content": "露宝"}, {"uid": "89381310", "content": "肘子"}, {"uid": "108988053", "content": "露珀塔！"}, {"uid": "16146766", "content": "妈妈5555"}, {"uid": "6508168", "content": "这个声音"}, {"uid": "525948620", "content": "喂"}, {"uid": "173474375", "content": "妈妈"}, {"uid": "472107780", "content": "妈妈！！"}, {"uid": "6774196", "content": "呜呜呜"}, {"uid": "32964301", "content": "n妈妈！"}, {"uid": "1323945", "content": "moba好耶"}, {"uid": "453118002", "content": "下次一定"}, {"uid": "1069427347", "content": "妈妈！"}, {"uid": "313333514", "content": "好耶！有mc"}, {"uid": "87679071", "content": "露珀塔"}, {"uid": "394228874", "content": "妈"}, {"uid": "610225905", "content": "露珀塔 · 莱斯 · 巴托丽！！！"}, {"uid": "171730020", "content": "鲁珀塔"}, {"uid": "280923249", "content": "那不可以"}, {"uid": "280923249", "content": "可以可以"}, {"uid": "74173597", "content": "変身"}, {"uid": "3144973", "content": "kksk"}, {"uid": "38509696", "content": "好的露珀塔•莱斯•巴托丽妈妈，没问题露珀塔•莱斯•巴托丽妈妈"}, {"uid": "8635662", "content": "hso"}, {"uid": "91713026", "content": "那算了"}, {"uid": "472107780", "content": "来了"}, {"uid": "175460567", "content": "?"}, {"uid": "33030701", "content": "舒服了"}, {"uid": "1323945", "content": "？？？"}, {"uid": "313333514", "content": "嗨！老婆！"}, {"uid": "414124446", "content": "？？？"}, {"uid": "197530675", "content": "可爱"}, {"uid": "13009779", "content": "我大爷名字叫郭老四，52岁，孩子在上大学，孙子一岁半"}, {"uid": "696325008", "content": "下次丕定"}, {"uid": "489807101", "content": "友军+1"}, {"uid": "7884052", "content": "草"}, {"uid": "30006548", "content": "hso！"}, {"uid": "554865869", "content": "妈"}, {"uid": "74173597", "content": "妈"}, {"uid": "27254", "content": "妈妈"}, {"uid": "85770900", "content": "那个那个"}, {"uid": "3188288", "content": "wwwww"}, {"uid": "888299", "content": "妈妈"}, {"uid": "12574252", "content": "老婆！！！"}, {"uid": "303705571", "content": "露宝！"}, {"uid": "13119058", "content": "铁咩"}, {"uid": "37499873", "content": "草"}, {"uid": "131412609", "content": "泪目"}, {"uid": "4728906", "content": "吸血鬼妈妈阿米娅说"}, {"uid": "8635662", "content": "？？？"}, {"uid": "296792857", "content": "芜湖"}, {"uid": "17158084", "content": "？？？"}, {"uid": "638812040", "content": "妈妈"}, {"uid": "111961", "content": "妈妈"}, {"uid": "7685728", "content": "好耶"}, {"uid": "91713026", "content": "mc。。"}, {"uid": "91713026", "content": "高塔"}, {"uid": "48712545", "content": "老实说  这声音还不如乔大妈，捏着嗓子不累吗"}]