[{"uid": "31597861", "content": "Nya！"}, {"uid": "238127526", "content": "我没开弹幕？？？"}, {"uid": "223582773", "content": "好帅"}, {"uid": "35224307", "content": "可爱"}, {"uid": "35224307", "content": "好听，本色出演"}, {"uid": "30105492", "content": "好听的呀，收藏了"}, {"uid": "8792206", "content": "nya"}, {"uid": "455678152", "content": "都没人发弹幕吗，我起个头，朕的皇家翻译呢（doge）"}, {"uid": "268594902", "content": "还很烫手。热呼着呢。"}, {"uid": "357663350", "content": "热乎的"}, {"uid": "303705571", "content": "Nya！"}, {"uid": "223582773", "content": "属于本色 出演了"}, {"uid": "8254614", "content": "好可爱"}, {"uid": "149236966", "content": "热乎"}, {"uid": "1738577", "content": "惊了"}, {"uid": "29444736", "content": "哈哈哈哈"}, {"uid": "453118002", "content": "热乎"}, {"uid": "491252327", "content": "热乎"}]