[{"uid": "95445223", "content": "噔 噔 咚"}, {"uid": "95445223", "content": "危"}, {"uid": "263744342", "content": "《没有人在》"}, {"uid": "6653058", "content": "动 画 片"}, {"uid": "404333864", "content": "新机之蛙一直摸你肚子"}, {"uid": "356001889", "content": "虽然但是，为什么不闭麦呢"}, {"uid": "21402189", "content": "你！我！我们出去说！"}, {"uid": "384748925", "content": "弹幕有个预言家"}, {"uid": "475569179", "content": "很遗憾以这种方式认识你"}, {"uid": "176004134", "content": "井底之蛙，一直摸你肚子！"}, {"uid": "404783952", "content": "哈哈哈哈"}, {"uid": "13968370", "content": "很遗憾以这种方式认识你"}, {"uid": "30006548", "content": "草，露宝慌张的样子太可爱了！"}, {"uid": "482794694", "content": "转移话题"}, {"uid": "482794694", "content": "《先给我打电话》"}, {"uid": "30013755", "content": "动 画 片"}, {"uid": "238127526", "content": "哈哈哈哈哈"}, {"uid": "521580412", "content": "我直接大笑hhhhh"}, {"uid": "398752991", "content": "《没》"}, {"uid": "106049050", "content": "标题改了阿"}, {"uid": "35224307", "content": "看过柯南哈哈哈"}, {"uid": "90853337", "content": "《没有人在》"}, {"uid": "26374277", "content": "暂停"}, {"uid": "23212212", "content": "看动画片"}, {"uid": "401099828", "content": "新机子哇伊兹莫黑多次！"}, {"uid": "486661282", "content": "买iPhone！"}, {"uid": "29837418", "content": "《你在看动画片吗?》"}, {"uid": "26374277", "content": "哈哈哈哈哈哈哈哈哈哈哈哈"}, {"uid": "26374277", "content": "《柯南》"}, {"uid": "15446154", "content": "很高兴以这种方式认识你（doge"}, {"uid": "3727259", "content": "可爱哈哈哈"}, {"uid": "225390556", "content": "开始了"}, {"uid": "358360152", "content": "在看动画片吗"}, {"uid": "350727660", "content": "（没有人在）"}, {"uid": "36230342", "content": "大声告诉她，爷是二次元！"}, {"uid": "49783722", "content": "很抱歉以这种方式认识你"}, {"uid": "12891523", "content": "哈哈哈哈哈哈哈哈哈"}, {"uid": "14367824", "content": "大有人在"}, {"uid": "18226", "content": "看过柯南"}, {"uid": "2912902", "content": "不好意思，姑娘，这不是檀木的这是桃木的"}, {"uid": "32423963", "content": "草"}, {"uid": "35224307", "content": "我已经想笑了"}, {"uid": "3474325", "content": "笑死！！！！"}, {"uid": "72311588", "content": "我会说!新机子哇～一兜子!"}, {"uid": "354560772", "content": "危"}, {"uid": "354560772", "content": "非静止画面"}, {"uid": "545675857", "content": "尴尬死"}, {"uid": "26374277", "content": "全是人"}, {"uid": "282584626", "content": "我已经开始笑了"}, {"uid": "205072331", "content": "23333333"}, {"uid": "30006548", "content": "应该不是演的"}, {"uid": "20721561", "content": "买iPhone！"}, {"uid": "414916311", "content": "大有人在"}, {"uid": "521580412", "content": "hhhhh"}, {"uid": "545675857", "content": "危"}, {"uid": "539987231", "content": "热乎"}, {"uid": "32250348", "content": "草"}, {"uid": "6930170", "content": "演技堪忧"}, {"uid": "243690449", "content": "我很抱歉以这种方式认识你doge"}, {"uid": "957295", "content": "尬"}, {"uid": "4421158", "content": "哈哈"}, {"uid": "18541981", "content": "完了"}, {"uid": "499052618", "content": "一小时，还热乎"}, {"uid": "1323945", "content": "我也看过动画片的"}, {"uid": "354560772", "content": "危"}]