[{"uid": "27229996", "content": "听得我一愣一愣的"}, {"uid": "22810004", "content": "不应该是按在墙上吗"}, {"uid": "79593367", "content": "我差点以为是怼墙上"}, {"uid": "128496680", "content": "好家伙"}, {"uid": "107393630", "content": "莱瓦汀！（既答）"}, {"uid": "28060919", "content": "鲁智深也是二次元"}, {"uid": "257639", "content": "？"}, {"uid": "283994397", "content": "我180cm！（突然想起曾经失忆忘却的内容）"}, {"uid": "8064784", "content": "冷知识，mon3tr是附在凯爹身上的"}, {"uid": "176097542", "content": "不是鲁智深不是人"}, {"uid": "400606516", "content": "Mon3tr撑着凯喵？"}, {"uid": "349570932", "content": "檀神的健康笑容"}, {"uid": "21044404", "content": "倒下...凯爹压我...幸运色狼事件?!好耶！"}, {"uid": "227823949", "content": "代理人试图掐死M4A1"}, {"uid": "94154", "content": "花费多少的力度不是问题  泰拉大陆有太多体能怪物 古米直接徒手拆银行保险柜门"}, {"uid": "412469942", "content": "你算少了，凯尔希是将劳资按在墙上的，所有还有向前的力"}, {"uid": "6288263", "content": "懂了，是mon3ter把凯皇钉在地上了"}, {"uid": "355356003", "content": "？？？？？？"}, {"uid": "630875", "content": "不，从PV来看，太后和我们的身高差不会超过5cm简单的说由于还有M3的存在太后轻易可以做到"}, {"uid": "185849143", "content": "夏目的BGM"}, {"uid": "368470401", "content": "硬核"}, {"uid": "359707263", "content": "何况凯爹还是直着手臂的。。"}, {"uid": "317143781", "content": "哇"}, {"uid": "22427381", "content": "好"}, {"uid": "22427381", "content": "好家伙"}, {"uid": "122046990", "content": "不知道"}, {"uid": "36844712", "content": "我感觉加上源石的力量，我可能当场身首异处"}, {"uid": "8635662", "content": "露珀塔倒把垂杨柳"}, {"uid": "429996566", "content": "笑死根本没有凯尔希"}, {"uid": "73047017", "content": "右手博士左手M3"}, {"uid": "1628257", "content": "可是图片博士后背接着墙啊"}, {"uid": "11322495", "content": "简称贴贴"}, {"uid": "21314917", "content": "这么硬核？"}, {"uid": "227878713", "content": "摁墙上？？？？"}, {"uid": "13462172", "content": "哇 你好认真在讲"}, {"uid": "23103318", "content": "夏目友人帐BGM好评！"}, {"uid": "94154", "content": "加上mon3tr不是问题  那玩意就寄生在凯尔希脊椎附近"}, {"uid": "368470401", "content": "挖槽"}, {"uid": "404914922", "content": "摁墙上"}, {"uid": "11322495", "content": "快把M3扔出来配重"}, {"uid": "36648498", "content": "草，真就讲物理"}, {"uid": "504312799", "content": "还有墙呢啊"}, {"uid": "13732358", "content": "mon3rd肯定有"}, {"uid": "404876806", "content": "？？？？？？？"}, {"uid": "3162178", "content": "实际上，博士后面是墙，这是把博士按在墙上……"}, {"uid": "102520906", "content": "169吧凯尔希"}, {"uid": "13462172", "content": "？？"}, {"uid": "630875", "content": "200KG对于太后和M3来说也不算重吧"}, {"uid": "1468322", "content": "？？？？？？"}, {"uid": "39652671", "content": "100斤？！"}, {"uid": "24230508", "content": "400斤啊。。。"}, {"uid": "304759788", "content": "超凡脚趾力量"}, {"uid": "152439", "content": "？？？"}, {"uid": "3135054", "content": "遇事不决点凯旋（唐突"}, {"uid": "272989634", "content": "哦豁第一"}, {"uid": "235901", "content": "凯尔希169"}, {"uid": "355307887", "content": "正经分析？是就关注了hhhh"}, {"uid": "12059250", "content": "用m3托着啊"}, {"uid": "16488424", "content": "？"}, {"uid": "289448111", "content": "前面那个老指挥官了"}, {"uid": "4571299", "content": "草"}, {"uid": "27630200", "content": "?"}, {"uid": "500410477", "content": "靠墙"}, {"uid": "2021003900", "content": "加上有mon3tr应该够了"}, {"uid": "440801309", "content": "莱瓦汀！！"}, {"uid": "433897970", "content": "博士176"}, {"uid": "526565465", "content": "靠着墙不就行了"}, {"uid": "3446233", "content": "？？？？"}, {"uid": "3323397", "content": "?"}, {"uid": "291695329", "content": "nldg"}, {"uid": "442976593", "content": "？？"}, {"uid": "355356003", "content": "。。。。。。？"}, {"uid": "3702127", "content": "?????"}, {"uid": "400379258", "content": "？"}]