[{"uid": "290614676", "content": "高一生物必修一内容"}, {"uid": "701675231", "content": "盐析"}, {"uid": "2805909", "content": "九漏鱼"}, {"uid": "16801939", "content": "我记得是高中生物啊"}, {"uid": "17928423", "content": "木叶大学"}, {"uid": "485271090", "content": "？"}, {"uid": "3337952", "content": "（超能力人类培训基地"}, {"uid": "35176869", "content": "意念力~"}, {"uid": "102667510", "content": "？？？？？？"}, {"uid": "290054243", "content": "《初三》"}]