[{"uid": "1594155", "content": "（这里的角应该是つの？）"}, {"uid": "36086089", "content": "c"}, {"uid": "561748162", "content": "233333"}, {"uid": "1120322462", "content": "见标题进"}, {"uid": "28060330", "content": "大家好"}, {"uid": "722354725", "content": "都是铁，你怎么那么锈"}, {"uid": "1595596432", "content": "片尾见~"}, {"uid": "444081183", "content": "弹幕支援"}, {"uid": "660349708", "content": "哦喲"}, {"uid": "1407381333", "content": "片尾见~"}, {"uid": "2106127702", "content": "赞！！"}, {"uid": "485564678", "content": "差点忘记投币"}, {"uid": "474732848", "content": "没事 就进来坐坐"}, {"uid": "1989587041", "content": "全线承包"}, {"uid": "497608256", "content": "见标题进"}, {"uid": "1276835218", "content": "收藏大于弹幕系列"}, {"uid": "646065431", "content": "棒棒棒"}, {"uid": "434071946", "content": "有内味了"}, {"uid": "561748162", "content": "来迟了 罪过罪过"}, {"uid": "29443210", "content": "听名字进来的"}, {"uid": "9637282", "content": "潼妹妹好可爱"}, {"uid": "1979222504", "content": "男粉丝+1"}, {"uid": "1967380063", "content": "好可爱的UP"}, {"uid": "2035079779", "content": "把私藏的硬币都给你！"}, {"uid": "1584434187", "content": "卡在开头"}, {"uid": "1801842679", "content": "给我继续更！！！！！更！！更更更！！[doge]"}, {"uid": "2029027955", "content": "卡在开头"}, {"uid": "239935974", "content": "把私藏的硬币都给你！"}, {"uid": "353746155", "content": "草"}, {"uid": "43172336", "content": "まじ"}, {"uid": "697044811", "content": "喜欢！"}, {"uid": "1015112848", "content": "听名字进来的"}, {"uid": "1289446635", "content": "差一点第一- --- -"}, {"uid": "1471211028", "content": "收藏大于弹幕系列"}, {"uid": "645965236", "content": "听名字进来的"}, {"uid": "434407681", "content": "UPUPUPUP"}, {"uid": "631568194", "content": "我喜欢UP"}, {"uid": "234851255", "content": "赞"}, {"uid": "1097878187", "content": "来了来了"}, {"uid": "442178512", "content": "红红火火恍恍惚惚"}, {"uid": "651417523", "content": "有内味了"}, {"uid": "471202147", "content": "\\潼潼/\\潼潼/\\潼潼/"}, {"uid": "1847249999", "content": "我来了"}, {"uid": "27255662", "content": "我要封面！！！！！"}, {"uid": "602637350", "content": "UPUPUPUP"}, {"uid": "232826513", "content": "前100弹幕助攻"}, {"uid": "324080514", "content": "赞"}, {"uid": "1491562576", "content": "来了来了"}, {"uid": "39585831", "content": "赞！！"}, {"uid": "36967537", "content": "？"}, {"uid": "271616526", "content": "棒棒棒"}, {"uid": "703131370", "content": "男粉丝+1"}, {"uid": "404105062", "content": "赞"}, {"uid": "1252393674", "content": "赞"}, {"uid": "1573242501", "content": "收藏收藏"}, {"uid": "397384430", "content": "好"}, {"uid": "524586935", "content": "可爱"}, {"uid": "1727081104", "content": "果断投币"}, {"uid": "1252393674", "content": "赞"}, {"uid": "88044998", "content": "先来占个位"}]