[{"uid": "1849938", "content": "抱歉 再让我睡5分钟"}, {"uid": "1849938", "content": "知道啦，知道啦，这就起"}, {"uid": "131962", "content": "天啊太可爱了呜呜呜"}, {"uid": "31337711", "content": "吵死啦！"}, {"uid": "31337711", "content": "草"}, {"uid": "179162519", "content": "可爱可爱"}, {"uid": "4130547", "content": "草，醒了"}, {"uid": "1522907", "content": "wwwwwww"}, {"uid": "203821", "content": "不够大声！"}, {"uid": "203821", "content": "啊我睡了"}, {"uid": "9298840", "content": "没有劲，根本听不见，是没有吃饭吗？"}, {"uid": "3885523", "content": "来了来了来了"}, {"uid": "4130547", "content": "www"}]