[{"uid": "5353777", "content": "本音暴露"}, {"uid": "14432161", "content": "豆子的痴汉笑也太生草了"}, {"uid": "13490311", "content": "悲伤逆流成河"}, {"uid": "95335980", "content": "什么痴汉笑！"}, {"uid": "494145454", "content": "智慧的眼神wwwwww"}, {"uid": "89498", "content": "wwwwwe"}, {"uid": "4130547", "content": "DD斩首"}, {"uid": "4130547", "content": "病娇"}, {"uid": "4130547", "content": "草"}, {"uid": "247962269", "content": "可爱"}, {"uid": "39204203", "content": "草"}, {"uid": "5582949", "content": "老爷子技高一筹"}, {"uid": "35895024", "content": "hhhhhhhhhh"}, {"uid": "4858102", "content": "早知如此，何必当初呢( ﾟ∀ ﾟ)"}, {"uid": "5613715", "content": "wwwwwwwwwww"}, {"uid": "350216793", "content": "第一时间赶来嘲笑"}, {"uid": "179162519", "content": "可爱可爱"}, {"uid": "4130547", "content": "老爷子"}, {"uid": "350216793", "content": "w"}, {"uid": "35895024", "content": "草"}, {"uid": "350216793", "content": "ww"}, {"uid": "350216793", "content": "ww"}]