[{"uid": "2193135", "content": "草"}, {"uid": "179162519", "content": "可爱可爱"}, {"uid": "126619", "content": "迷迭迷迭前辈桑"}, {"uid": "203821", "content": "好强"}, {"uid": "26910", "content": "hso"}, {"uid": "561780", "content": "学妹你变了"}, {"uid": "9298840", "content": "不是我，我只是好奇是怎么固定的？"}, {"uid": "188050024", "content": "卧槽"}, {"uid": "4284131", "content": "所以说塞的变成榴莲了是吗www"}, {"uid": "7245334", "content": "？"}, {"uid": "71957927", "content": "愚人节的巨大化"}, {"uid": "4284131", "content": "好晃！！我晕了"}]