[{"uid": "131962", "content": "完了wwww"}, {"uid": "6584741", "content": "油灯"}, {"uid": "203821", "content": "跳起来的样子太可爱了"}, {"uid": "11083062", "content": "你在干什么"}, {"uid": "95699", "content": "没了"}, {"uid": "2080611", "content": "草，这是在造圣杯？"}, {"uid": "2838738", "content": "万能的干爆鸡"}, {"uid": "2838738", "content": "圣杯"}, {"uid": "350216793", "content": "666"}, {"uid": "10580876", "content": "开心到手舞足蹈"}, {"uid": "89862483", "content": "陶艺带师小豆"}, {"uid": "4858102", "content": "制作圣杯（无误）"}, {"uid": "55950", "content": "天才天才"}, {"uid": "55950", "content": "要断了要断了！！"}, {"uid": "67676085", "content": "夜壶"}, {"uid": "5386012", "content": "陶豆"}, {"uid": "203821", "content": "細すぎ"}, {"uid": "350216793", "content": "天之圣杯"}, {"uid": "350216793", "content": "ww这是什么"}, {"uid": "482007265", "content": "越看越像圣杯了"}, {"uid": "14177198", "content": "草"}, {"uid": "203821", "content": "細すぎ"}]