[{"uid": "749199", "content": "我还能学！"}, {"uid": "350216793", "content": "加油加油"}, {"uid": "350216793", "content": "努力"}, {"uid": "350216793", "content": "可爱"}, {"uid": "350216793", "content": "好可爱的图"}, {"uid": "350216793", "content": "都有光明的未来"}, {"uid": "13367534", "content": "都有光明的未来"}, {"uid": "35287562", "content": "扶我起来我还能学"}, {"uid": "268809466", "content": "我这就去复读！"}, {"uid": "179162519", "content": "太可爱了"}, {"uid": "350216793", "content": "客气"}, {"uid": "350216793", "content": "很有精神！"}, {"uid": "350216793", "content": "加油！"}, {"uid": "350216793", "content": "加油哦！"}, {"uid": "350216793", "content": "OVO"}, {"uid": "350216793", "content": "继续学！"}, {"uid": "77011436", "content": "很有力度"}, {"uid": "373951", "content": "可爱"}, {"uid": "350216793", "content": "加油！"}, {"uid": "350216793", "content": "加油哦！"}, {"uid": "350216793", "content": "还能学"}, {"uid": "350216793", "content": "加油！"}, {"uid": "350216793", "content": "OVO"}, {"uid": "3885523", "content": "加油"}, {"uid": "350216793", "content": "谢谢学妹"}, {"uid": "749199", "content": "好耶"}, {"uid": "350216793", "content": "加油！！"}, {"uid": "350216793", "content": "加油加油"}, {"uid": "350216793", "content": "诶嘿嘿"}, {"uid": "350216793", "content": "可爱"}, {"uid": "350216793", "content": "加油加油加油"}, {"uid": "350216793", "content": "加油"}, {"uid": "350216793", "content": "好！"}, {"uid": "350216793", "content": "喜欢n"}, {"uid": "373951", "content": "加油！！！"}, {"uid": "350216793", "content": "谢谢"}, {"uid": "350216793", "content": "一直"}, {"uid": "350216793", "content": "w w w w"}, {"uid": "350216793", "content": "冲鸭！"}, {"uid": "373951", "content": "加油"}, {"uid": "350216793", "content": "ww"}, {"uid": "350216793", "content": "加油"}, {"uid": "350216793", "content": "加油"}, {"uid": "350216793", "content": "加油加油加油加油加油"}, {"uid": "350216793", "content": "好"}, {"uid": "350216793", "content": "好！"}]