[{"uid": "259169", "content": "众所都周知 可爱的学妹是A"}, {"uid": "350216793", "content": "深刻反思"}, {"uid": "350216793", "content": "anti"}, {"uid": "350216793", "content": "?????"}, {"uid": "350216793", "content": "awsl"}, {"uid": "350216793", "content": "太可爱了"}, {"uid": "494145454", "content": "草"}, {"uid": "40613413", "content": "哈哈哈哈"}, {"uid": "179162519", "content": "太可爱了！！！"}, {"uid": "350216793", "content": "草"}, {"uid": "350216793", "content": "？？"}, {"uid": "110156989", "content": "你再骂？"}, {"uid": "349229621", "content": "好诗好诗"}, {"uid": "22008355", "content": "你再骂（恳求）"}, {"uid": "131962", "content": "kksk"}, {"uid": "520386210", "content": "哈哈哈哈哈哈哈"}, {"uid": "35752144", "content": "kksk"}, {"uid": "350216793", "content": "可可爱爱"}, {"uid": "6706385", "content": "kksk"}, {"uid": "259169", "content": "？？？？"}, {"uid": "520386210", "content": "哈哈哈"}, {"uid": "45255034", "content": "kksk"}, {"uid": "4912018", "content": "可爱！！"}, {"uid": "520386210", "content": "哈哈哈哈哈哈哈"}, {"uid": "520386210", "content": "哈哈哈哈哈"}, {"uid": "520386210", "content": "哈哈哈哈"}, {"uid": "350216793", "content": "kksk"}, {"uid": "33440686", "content": "www"}, {"uid": "350216793", "content": "可爱"}, {"uid": "350216793", "content": "卡哇伊"}, {"uid": "350216793", "content": "你再骂"}, {"uid": "494145454", "content": "？"}, {"uid": "307992580", "content": "好活"}, {"uid": "175328294", "content": "为什么无人看呢"}, {"uid": "350216793", "content": "AA ！！"}, {"uid": "350216793", "content": "wwwwwww"}, {"uid": "350216793", "content": "wwwww"}, {"uid": "350216793", "content": "好（快骂"}, {"uid": "77488393", "content": "www"}, {"uid": "350216793", "content": "喜欢"}, {"uid": "520386210", "content": "嗯嗯笨蛋"}, {"uid": "350216793", "content": "23333"}, {"uid": "350216793", "content": "www"}, {"uid": "350216793", "content": "笑死"}, {"uid": "350216793", "content": "在看"}, {"uid": "350216793", "content": "草"}, {"uid": "307992580", "content": "好耶"}, {"uid": "350216793", "content": "www"}]