[{"uid": "22863629", "content": "wwwwww"}, {"uid": "1713109", "content": "草"}, {"uid": "350216793", "content": "汪汪汪"}, {"uid": "34489427", "content": "怪起来了"}, {"uid": "350216793", "content": "来了来了"}, {"uid": "179162519", "content": "可爱可爱"}, {"uid": "9213380", "content": "你这样说我就很不高兴汪汪汪"}, {"uid": "350216793", "content": "汪"}, {"uid": "87896682", "content": "可怕"}, {"uid": "350216793", "content": "好耶"}, {"uid": "11329290", "content": "像泰迪"}]