[{"uid": "14389923", "content": "↓鸵鸟"}, {"uid": "14389923", "content": "纸人就是这样的，跑等于慢走"}, {"uid": "3789279", "content": "反 复 去 世"}, {"uid": "232621587", "content": "太惨了"}, {"uid": "95335980", "content": "草"}, {"uid": "500703005", "content": "已经麻了"}, {"uid": "281756083", "content": "试图唤回前辈"}, {"uid": "281756083", "content": "放弃治疗nattu酱"}, {"uid": "11561388", "content": "看把孩子吓得"}, {"uid": "11561388", "content": "E了"}, {"uid": "350216793", "content": "勇哥————"}, {"uid": "350216793", "content": "前面的 大地球拉枪别走"}, {"uid": "350216793", "content": "www"}, {"uid": "350216793", "content": "草"}, {"uid": "350216793", "content": "欸嘿嘿"}, {"uid": "179162519", "content": "可爱可爱"}, {"uid": "229532401", "content": "大地球拉枪"}, {"uid": "350216793", "content": "ww"}, {"uid": "35295644", "content": "日本的电脑普及率也太低了吧，shift都不知道在哪里"}, {"uid": "25249643", "content": "这立绘太顶了"}, {"uid": "6540114", "content": "草"}, {"uid": "112776970", "content": "这手也太残了吧2333"}, {"uid": "442580518", "content": "有的人还活着"}, {"uid": "35752144", "content": "陈妈来了"}, {"uid": "289805837", "content": "？？你电脑是捡回来的"}, {"uid": "87494082", "content": "hhhh"}, {"uid": "124003524", "content": "可爱"}, {"uid": "407217061", "content": "？"}, {"uid": "497893", "content": "草，好慢"}, {"uid": "497893", "content": "操"}, {"uid": "497893", "content": "吓到了"}, {"uid": "11625907", "content": "害怕"}, {"uid": "5707639", "content": "爸爸"}]