[{"uid": "11469957", "content": "刀了吧"}, {"uid": "24104760", "content": "Awsl"}, {"uid": "202517", "content": "好耶"}, {"uid": "11925447", "content": "哎呦，你脸红啦"}, {"uid": "270040493", "content": "十秒过去了"}, {"uid": "28849541", "content": "加油"}, {"uid": "4912018", "content": "可爱"}, {"uid": "7577621", "content": "确实，太会了"}, {"uid": "89498", "content": "她可真会"}, {"uid": "10853631", "content": "草"}, {"uid": "328318938", "content": "臉紅了"}, {"uid": "328318938", "content": "土"}, {"uid": "12541106", "content": "桃"}, {"uid": "12541106", "content": "好家伙"}]