[{"uid": "3344957", "content": "草"}, {"uid": "33104289", "content": "期待这句话某天出现在某日漫里（嗯）"}, {"uid": "33104289", "content": "你永远不知道给你打sc的是什么人"}, {"uid": "33104289", "content": "土味情话（确信）"}, {"uid": "33104289", "content": "声色很有佐仓的感觉，御姐音有李依李的感觉"}, {"uid": "1512927", "content": "ちょろい"}, {"uid": "179162519", "content": "好可爱！！"}, {"uid": "442580518", "content": "弹幕说的萝卜可还行。"}, {"uid": "350216793", "content": "你好帅气"}, {"uid": "350216793", "content": "peach～"}, {"uid": "350216793", "content": "www"}, {"uid": "12960561", "content": "强制获得前辈土味情话"}, {"uid": "8886332", "content": "好棒"}, {"uid": "36294254", "content": "suki"}, {"uid": "350216793", "content": "傲娇~"}, {"uid": "36294254", "content": "除了你以外还有别的人吗"}, {"uid": "373951", "content": "敲可爱的"}, {"uid": "350216793", "content": "wwww"}]