[{"uid": "350216793", "content": "www"}, {"uid": "2117421276", "content": "初见 "}, {"uid": "481193936", "content": "单推"}, {"uid": "602702440", "content": "可爱 "}, {"uid": "1570386140", "content": "初见 "}, {"uid": "1280348966", "content": "可爱 "}, {"uid": "350216793", "content": "～～～"}, {"uid": "350216793", "content": "really？"}, {"uid": "350216793", "content": "其不是变态"}, {"uid": "350216793", "content": "www"}, {"uid": "350216793", "content": "耳机党狂喜"}, {"uid": "350216793", "content": "是吗w"}, {"uid": "350216793", "content": "www"}, {"uid": "350216793", "content": "晚安"}, {"uid": "350216793", "content": "抓到啦！"}, {"uid": "12960561", "content": "前方音量高能"}, {"uid": "5707639", "content": "晚安！"}, {"uid": "5707639", "content": "被抓了！"}, {"uid": "2057701425", "content": "妈妈 "}, {"uid": "350216793", "content": "跑不掉啦"}, {"uid": "1467004632", "content": "可爱 "}, {"uid": "1443472005", "content": "妈妈 "}, {"uid": "350216793", "content": "抱抱"}, {"uid": "1456567681", "content": "单推"}, {"uid": "1754298513", "content": "初见 "}]