[{"uid": "34489427", "content": "？"}, {"uid": "50037287", "content": "kksk"}, {"uid": "35961136", "content": "不是项圈吗"}, {"uid": "4351422", "content": "对对对对对"}, {"uid": "4351422", "content": "学妹， 把柴刀放下吧。。。"}, {"uid": "4351422", "content": "这是领带对吧学妹， 但是为什么绑住我手了？"}, {"uid": "31378880", "content": "suki！"}, {"uid": "25744", "content": "AWSL!!"}, {"uid": "12960561", "content": "我觉得榴莲，挺可以的"}, {"uid": "12960561", "content": "要变成凸坐了"}, {"uid": "9298840", "content": "你醒醒啊！前辈是neet，怎么会有不在的时候啊！"}]