[{"uid": "10535551", "content": "跪下了！"}, {"uid": "126619", "content": "啊被打了"}, {"uid": "179162519", "content": "可爱可爱"}, {"uid": "4130547", "content": "阿这"}, {"uid": "31286105", "content": "太可爱了≧∇≦"}, {"uid": "31286105", "content": "哈哈哈哈哈哈"}, {"uid": "31286105", "content": "无中生友"}, {"uid": "5733660", "content": "这穿模"}, {"uid": "7245334", "content": "哈哈"}, {"uid": "74150713", "content": "我是他朋友"}, {"uid": "9298840", "content": "不，我眼中只有腿，prprprprpr"}, {"uid": "15279466", "content": "然后愚人节那天真长大了（活动限定"}, {"uid": "23550209", "content": "草"}, {"uid": "4912018", "content": "草"}]