[{"uid": "259169", "content": "被带偏了"}, {"uid": "259169", "content": "好开心"}, {"uid": "259169", "content": "好认真的学妹"}, {"uid": "259169", "content": "过时的客套话"}, {"uid": "259169", "content": "wwww"}, {"uid": "259169", "content": "可以可以 吐槽点很密集"}, {"uid": "91833791", "content": "我这边关店前30分钟就last order了"}, {"uid": "439417972", "content": "wwww"}, {"uid": "693777931", "content": "来了"}, {"uid": "2902699", "content": "大和号"}, {"uid": "2902699", "content": "草"}, {"uid": "27701255", "content": "川剧变脸"}, {"uid": "27701255", "content": "国民性存疑"}, {"uid": "27701255", "content": "国民性存疑"}, {"uid": "16185129", "content": "还挺细节，擦的都不是同一面hhh"}, {"uid": "350216793", "content": "啊！"}, {"uid": "350216793", "content": "神奇"}, {"uid": "14642417", "content": "草"}, {"uid": "21508395", "content": "掉坑里了。"}, {"uid": "21508395", "content": "好好学习日料礼仪"}, {"uid": "21508395", "content": "已经真假难辨了。"}, {"uid": "350216793", "content": "哦吼"}, {"uid": "1512927", "content": "这是驱鬼的盐吧？"}, {"uid": "1512927", "content": "雑巾"}, {"uid": "6678334", "content": "擦完砧板又擦脸还擦刀，我真接受不了啊"}, {"uid": "471978", "content": "这个视频可怕就在于半真半假"}, {"uid": "412983464", "content": "这你没反驳啊？"}, {"uid": "2089736", "content": "zoukin用中文写是“桌巾”，就是抹布"}, {"uid": "350216793", "content": "满口否认w"}, {"uid": "350216793", "content": "哈哈哈哈哈祸害无数"}, {"uid": "350216793", "content": "www"}, {"uid": "350216793", "content": "震撼nattu"}, {"uid": "350216793", "content": "诶"}, {"uid": "350216793", "content": "草草"}, {"uid": "350216793", "content": "草"}, {"uid": "350216793", "content": "认真的吐槽"}, {"uid": "350216793", "content": "学会了w"}, {"uid": "350216793", "content": "草 没反驳"}, {"uid": "350216793", "content": "大叔w"}, {"uid": "350216793", "content": "草"}, {"uid": "350216793", "content": "wwwww"}, {"uid": "350216793", "content": "哈哈哈哈哈哈哈"}, {"uid": "350216793", "content": "w w w"}, {"uid": "388628103", "content": "这个你不反驳啊"}, {"uid": "2007142", "content": "七分幻的真实"}, {"uid": "1298262", "content": "这么认真吐槽的不多了"}, {"uid": "13443040", "content": "wwwwww"}, {"uid": "179162519", "content": "可爱可爱"}, {"uid": "25249643", "content": "她真可爱"}, {"uid": "31546332", "content": "确实应该只有日本会说"}, {"uid": "7577621", "content": "哈哈哈哈哈果然是这个"}, {"uid": "4270565", "content": "哈哈哈哈"}, {"uid": "4270565", "content": "草"}, {"uid": "4270565", "content": "哈哈哈哈"}, {"uid": "131962", "content": "嘛嘛嘛嘛"}, {"uid": "6971266", "content": "注意这里的字幕，“大将”有一瞬间变成了“时臣”"}, {"uid": "472071", "content": "疑惑"}, {"uid": "4912018", "content": "草ww"}, {"uid": "520386210", "content": "好可爱"}, {"uid": "350216793", "content": "哦吼"}, {"uid": "350216793", "content": "奇怪的内容增加了"}, {"uid": "259169", "content": "？？？？"}, {"uid": "82539877", "content": "开张滴干活"}, {"uid": "350216793", "content": "这是什么啊w"}, {"uid": "350216793", "content": "草"}, {"uid": "350216793", "content": "草"}, {"uid": "259169", "content": "日v必修课"}, {"uid": "520386210", "content": "哈哈哈"}, {"uid": "350216793", "content": "好诶"}, {"uid": "350216793", "content": "ww"}, {"uid": "350216793", "content": "呜呜呜呜"}, {"uid": "14702420", "content": "哦没反驳"}, {"uid": "4912018", "content": "草"}, {"uid": "259169", "content": "这系列最可怕的地方就是把正确的表现的非常做作，把错误的表现的非常认真"}, {"uid": "2902699", "content": "草"}, {"uid": "350216793", "content": "ww"}, {"uid": "350216793", "content": "wwww草"}, {"uid": "179162519", "content": "可爱"}, {"uid": "350216793", "content": "www"}, {"uid": "2634396", "content": "祸害了无数vtb"}, {"uid": "314038744", "content": "2333"}]