[{"uid": "385746108", "content": "头能旋转180度真厉害呢（"}, {"uid": "203821", "content": "阿森纳草www"}, {"uid": "138876304", "content": "防 弹 插 板"}, {"uid": "10580876", "content": "是不是出现了一个奇怪的表情"}, {"uid": "9298840", "content": "咬到舌头变亚丝娜真可爱"}, {"uid": "6971266", "content": "终于反应过来了？"}, {"uid": "201631582", "content": "我在狂笑"}, {"uid": "179162519", "content": "可爱可爱"}, {"uid": "350216793", "content": "草"}, {"uid": "350216793", "content": "可爱"}, {"uid": "350216793", "content": "wwww"}, {"uid": "350216793", "content": "草"}, {"uid": "350216793", "content": "wwww"}, {"uid": "350216793", "content": "哈哈哈哈哈哈笑死"}, {"uid": "350216793", "content": "wwwwww"}, {"uid": "350216793", "content": "(◐‿◑)﻿"}, {"uid": "350216793", "content": "ww"}, {"uid": "12960561", "content": "事实证明，确实有前辈被吓死（组长）"}, {"uid": "291403393", "content": "她承认了"}, {"uid": "350216793", "content": "加油"}, {"uid": "77488393", "content": "kksk"}, {"uid": "2193135", "content": "嗯？"}, {"uid": "350216793", "content": "wwwww"}]