[{"uid": "9028227", "content": "本来没想笑的，看到刘醒真的绷不住了"}, {"uid": "2174698", "content": "土土p"}, {"uid": "28954108", "content": "草"}, {"uid": "828227", "content": "草"}, {"uid": "126619", "content": "发桃大使2333"}, {"uid": "69340", "content": "很臭 警惕"}, {"uid": "351328719", "content": "草。"}, {"uid": "26631", "content": "草"}, {"uid": "26631", "content": "草"}, {"uid": "108417410", "content": "！草真丢出桃子了"}, {"uid": "22534652", "content": "刘醒！"}, {"uid": "40730948", "content": "我是你爸爸"}, {"uid": "30254330", "content": "草"}, {"uid": "1592759", "content": "哎，没见过的衣服"}, {"uid": "11469957", "content": "玩清楚了"}, {"uid": "11469957", "content": "草"}, {"uid": "11469957", "content": "論持久戰"}, {"uid": "11469957", "content": "草"}, {"uid": "228150199", "content": "哈哈哈哈"}, {"uid": "419371", "content": "草"}, {"uid": "419371", "content": "草这后期"}, {"uid": "74150713", "content": "土起来了"}, {"uid": "3344957", "content": "草"}, {"uid": "4858102", "content": "草，这桃子"}, {"uid": "11033771", "content": "草"}, {"uid": "422330", "content": "草"}, {"uid": "306797", "content": "草"}, {"uid": "11469957", "content": "草"}]