[{"uid": "3285476", "content": "屑前辈与屑后辈"}, {"uid": "5707639", "content": "危"}, {"uid": "5707639", "content": "你把手里那个东西放下我就不后退"}, {"uid": "1522907", "content": "没有，只是想分手"}, {"uid": "179162519", "content": "可爱可爱"}, {"uid": "12960561", "content": "通常这种时候前辈已经被看成两半或者动不了了"}, {"uid": "12960561", "content": "吼吼。没有逃跑。反而是朝着我前辈走来了吗"}, {"uid": "270040493", "content": "哽咽草"}, {"uid": "13412014", "content": "害怕，于是向前走"}, {"uid": "350216793", "content": "www"}, {"uid": "88596436", "content": "害怕"}, {"uid": "350216793", "content": "呜呜"}, {"uid": "1611852", "content": "稍微睡一觉（永眠）"}, {"uid": "13868857", "content": "精罗狂喜"}]