[{"uid": "350216793", "content": "www"}, {"uid": "350216793", "content": "可爱"}, {"uid": "350216793", "content": "塑料袋兔子"}, {"uid": "350216793", "content": "很高兴见到你"}, {"uid": "350216793", "content": "你好！"}, {"uid": "350216793", "content": "请多骂点！谢谢！"}, {"uid": "350216793", "content": "那么..."}, {"uid": "350216793", "content": "好的～"}, {"uid": "350216793", "content": "在听"}, {"uid": "350216793", "content": "学妹～"}, {"uid": "350216793", "content": "www"}, {"uid": "350216793", "content": "拜托了"}, {"uid": "350216793", "content": "请多关照"}, {"uid": "350216793", "content": "向日葵！"}, {"uid": "350216793", "content": "单推"}, {"uid": "11337444", "content": "是个傲娇呢"}, {"uid": "8795238", "content": "这是塑料袋成精吗"}, {"uid": "13542638", "content": "战术后退"}, {"uid": "86012845", "content": "好耶！"}, {"uid": "11329290", "content": "可爱！"}, {"uid": "11329290", "content": "直接踩我吧"}, {"uid": "11329290", "content": "啊，再来"}, {"uid": "11329290", "content": "请骂我"}, {"uid": "132904749", "content": "穿模了草"}, {"uid": "78965", "content": "你好，向日葵"}, {"uid": "179162519", "content": "可爱可爱"}, {"uid": "357639", "content": "初见 可爱 单推"}, {"uid": "350216793", "content": "快骂我"}, {"uid": "350216793", "content": "可爱"}, {"uid": "14330083", "content": "这冲文国语标准 听成了方言"}, {"uid": "478829676", "content": "可爱！"}, {"uid": "350216793", "content": "小兔子"}, {"uid": "350216793", "content": "awsl"}, {"uid": "350216793", "content": "你好"}, {"uid": "350216793", "content": "ohhh"}, {"uid": "23782572", "content": "ひまひま​"}, {"uid": "350216793", "content": "好的哦"}, {"uid": "350216793", "content": "hhhhh"}, {"uid": "350216793", "content": "yamero"}, {"uid": "350216793", "content": "嗯嗯？？"}, {"uid": "350216793", "content": "好哦"}, {"uid": "350216793", "content": "嗯哼"}, {"uid": "350216793", "content": "向日葵！"}, {"uid": "519625453", "content": "声优？"}, {"uid": "86012845", "content": "请骂我，越难听越好"}, {"uid": "3657234", "content": "终于 跟小豆子一起摆脱 黑中介了  恭喜重生"}, {"uid": "13421656", "content": "迷你q"}, {"uid": "486937583", "content": "助かる"}, {"uid": "350216793", "content": "www"}, {"uid": "350216793", "content": "不听不听"}, {"uid": "350216793", "content": "好"}, {"uid": "132680", "content": "草"}, {"uid": "350216793", "content": "是什么样的呢"}, {"uid": "2114", "content": "什么冲文"}, {"uid": "476808970", "content": "冲文"}, {"uid": "350216793", "content": "好耶！"}, {"uid": "350216793", "content": "ww"}]