[{"uid": "442580518", "content": "带着3d的仪器都能翻跟头，太强了。"}, {"uid": "4113427", "content": "妈耶"}, {"uid": "4113427", "content": "太高了对不起"}, {"uid": "4113427", "content": "躺好了还行"}, {"uid": "4113427", "content": "？？？？"}, {"uid": "4113427", "content": "膝击"}, {"uid": "266667409", "content": "练舞蹈？"}, {"uid": "86458", "content": "身体真柔软"}, {"uid": "8858537", "content": "草"}, {"uid": "10603887", "content": "狠狠的踩！"}, {"uid": "10603887", "content": "？"}, {"uid": "24198830", "content": "强"}, {"uid": "31286105", "content": "哇，这么强"}, {"uid": "2984580", "content": "有点强啊"}, {"uid": "31286105", "content": "awsl"}, {"uid": "408485428", "content": "好有活力的感觉"}, {"uid": "131962", "content": "我的妈耶！"}, {"uid": "131962", "content": "草草草，救命她真可爱"}, {"uid": "214869704", "content": "kksk"}]