[{"uid": "12614054", "content": "土"}, {"uid": "25184876", "content": "但是学妹很开心是吧"}, {"uid": "214869704", "content": "(///▽///)"}, {"uid": "520386210", "content": "可爱啊啊啊"}, {"uid": "520386210", "content": "哈哈哈哈哈哈哈"}, {"uid": "270090812", "content": " ٩(๑′0`๑)۶"}, {"uid": "110156989", "content": "舒服了"}, {"uid": "25249643", "content": "太短了太短了"}, {"uid": "25249643", "content": "太短了"}, {"uid": "25249643", "content": "变成学姐了"}, {"uid": "25249643", "content": "(⊙o⊙)哇"}, {"uid": "304145349", "content": "嘶～whl"}, {"uid": "7783083", "content": "hso"}, {"uid": "25184876", "content": "草"}, {"uid": "12960561", "content": "系妈妈"}, {"uid": "520386210", "content": "有趣"}, {"uid": "25249643", "content": "哇！"}, {"uid": "8540019", "content": "?"}, {"uid": "25184876", "content": "这谁啊 "}, {"uid": "4270565", "content": "哇"}]