[{"uid": "7274072", "content": "一直觉得nattu和佐仓声音好像，岛风一色彩羽之类的"}, {"uid": "77488393", "content": "是的(即答)"}, {"uid": "77488393", "content": "真的哦("}, {"uid": "7274072", "content": "一直觉得nattu声音很像佐仓绫音"}, {"uid": "1569516", "content": "语气很像"}, {"uid": "26631", "content": "www"}, {"uid": "179162519", "content": "可爱可爱≧∇≦"}, {"uid": "179162519", "content": "可爱可爱"}, {"uid": "10853631", "content": "一模一样"}, {"uid": "11469957", "content": "哈哈哈哈"}, {"uid": "408485428", "content": "哈哈"}, {"uid": "31546332", "content": "草"}, {"uid": "1522907", "content": "233333"}, {"uid": "179162519", "content": "草"}, {"uid": "4858102", "content": "草，哪里来的崩三玩家"}, {"uid": "4211233", "content": "有樱小姐那味了"}, {"uid": "10853631", "content": "草"}]