[{"uid": "89543", "content": "四年级老大哥"}, {"uid": "7615169", "content": "熊熊，想rua耳朵"}, {"uid": "112151", "content": "北极熊啊"}, {"uid": "3979258", "content": "好温柔的声音"}, {"uid": "28184461", "content": "？？？？？？？看我刷出来了什么？？？？"}, {"uid": "354124368", "content": "好可爱好可爱～声音好温柔鸭"}, {"uid": "733173", "content": "营 业 声 线"}, {"uid": "131962", "content": "好软好可爱啊"}, {"uid": "25277610", "content": "这次嘴巴动的多一点，动捕好像优化了"}, {"uid": "299882328", "content": "苦命住宿生看不了sos"}, {"uid": "186742460", "content": "嗨 女士 初次见面 你好"}, {"uid": "143682675", "content": "好的"}, {"uid": "701234058", "content": "白色米老鼠？"}, {"uid": "426830505", "content": "可爱可爱"}, {"uid": "142333226", "content": "声音很温柔哦"}, {"uid": "354124368", "content": "呜呜呜太可爱了"}, {"uid": "361717600", "content": "看过了（迟钝）"}, {"uid": "21136730", "content": "Yahoo！"}, {"uid": "455512469", "content": "来了来了来了！关注了！"}, {"uid": "4179396", "content": "可可爱爱捏"}, {"uid": "1512927", "content": "这是只老鼠？"}, {"uid": "28184461", "content": "出配信翻译成首次直播是不是好点？"}, {"uid": "2918786", "content": "这BGM …… 有牧场物语的感觉……"}, {"uid": "142333226", "content": "好耶"}, {"uid": "13980930", "content": "才知道这个企业名"}, {"uid": "1477229736", "content": "可爱"}, {"uid": "288313", "content": "三天后"}, {"uid": "251905344", "content": "沙雕网友预定"}, {"uid": "7749450", "content": "10℃"}, {"uid": "37628238", "content": "一定"}, {"uid": "2008817", "content": "把2期生翻译成二年级，1期生岂不是一年级"}, {"uid": "3102591", "content": "好耶"}, {"uid": "8153883", "content": "好耶"}, {"uid": "3333545", "content": "白熊"}, {"uid": "39656230", "content": "请记住这个清楚的女孩子"}, {"uid": "1538360", "content": "好快"}, {"uid": "14112487", "content": "好耶！"}, {"uid": "1477229736", "content": "看过了哟"}, {"uid": "170523477", "content": "好欸"}, {"uid": "1477229736", "content": "看过了哟"}, {"uid": "272780439", "content": "你好"}, {"uid": "226320820", "content": "啊啊啊 白毛"}, {"uid": "80500121", "content": "可爱可爱"}, {"uid": "22902249", "content": "好耶"}, {"uid": "643274", "content": "初见可爱单推结婚"}, {"uid": "3045069", "content": "yeah！"}, {"uid": "129174322", "content": "太好了"}, {"uid": "272780439", "content": "好耶"}, {"uid": "8540740", "content": "prprpr"}, {"uid": "170204766", "content": "仓鼠？"}, {"uid": "179162519", "content": "可爱可"}, {"uid": "37628238", "content": "拜拜"}, {"uid": "354124368", "content": "欢迎呜呜呜"}, {"uid": "606601", "content": "好耶"}, {"uid": "288313", "content": "看过了"}, {"uid": "170523477", "content": "看过了"}, {"uid": "382739732", "content": "好耶"}, {"uid": "15652685", "content": "好耶!"}, {"uid": "481952714", "content": "啥？prprprpr的？๑乛◡乛๑ "}, {"uid": "3125109", "content": "好耶"}, {"uid": "250599881", "content": "直接冲了"}, {"uid": "312730605", "content": "34分钟烫手"}, {"uid": "11289785", "content": "prprpr"}, {"uid": "10042939", "content": "不安です"}, {"uid": "94770496", "content": "好耶"}, {"uid": "25269308", "content": "新老婆"}, {"uid": "1128935123", "content": "看了看了"}, {"uid": "397383094", "content": "芜湖"}, {"uid": "61820221", "content": "是首次直播吧"}, {"uid": "3885523", "content": "你好"}, {"uid": "1477229736", "content": "拜拜"}, {"uid": "2929196", "content": "双推？"}, {"uid": "9210576", "content": "1期生是3年级吧"}, {"uid": "32829285", "content": "看了！"}]