[{"uid": "25277610", "content": "全体起立！"}, {"uid": "25277610", "content": "透入骨髓的清澈"}, {"uid": "247408831", "content": "只能说nb！！！"}, {"uid": "480768", "content": "再来亿遍"}, {"uid": "480768", "content": "这真的是免费可以听的等级吗？简直演唱会水准啊"}, {"uid": "33055915", "content": "小葵真是太棒了(๑＞ڡ＜)☆"}, {"uid": "2556144", "content": "好听 清楚 单推"}, {"uid": "3289432", "content": "群青是真的难唱，群青天下第一！"}, {"uid": "14678599", "content": "好听！"}, {"uid": "195310658", "content": "Kksk"}, {"uid": "10093770", "content": "好听！！！"}, {"uid": "10093770", "content": "这字幕也强啊(゜o゜;"}, {"uid": "10093770", "content": "好听耶！"}, {"uid": "45530205", "content": "太棒了这个高音"}, {"uid": "599509489", "content": "斯国一"}, {"uid": "357957865", "content": "好稳"}, {"uid": "357957865", "content": "好厉害！！！"}, {"uid": "179162519", "content": "好听好听"}, {"uid": "179162519", "content": "可爱可爱"}, {"uid": "245686433", "content": "好听啊"}, {"uid": "6937831", "content": "歌力拉满"}, {"uid": "25400434", "content": "好耶"}, {"uid": "307315372", "content": "好听"}, {"uid": "164395", "content": "\\小葵/\\小葵/\\小葵/\\小葵/\\小葵/\\小葵/\\小葵/"}]