[{"uid": "504149810", "content": "怎么那么好听"}, {"uid": "158501017", "content": "太好听了吧"}, {"uid": "430618231", "content": "这个张嘴好可爱，不行了"}, {"uid": "10093770", "content": "好听的耶"}, {"uid": "28184461", "content": "哇万岁感谢切片佬"}, {"uid": "24939691", "content": "A！o！i！"}, {"uid": "33919131", "content": "很好听啊"}, {"uid": "18931047", "content": "给小葵倒一杯卡布奇诺"}, {"uid": "179162519", "content": "可爱可爱"}, {"uid": "11964871", "content": "好听"}, {"uid": "164395", "content": "\\小葵/\\小葵/\\小葵/\\小葵/\\小葵/\\小葵/\\小葵/\\小葵/\\小葵/\\小葵/\\小葵/\\小葵/\\小葵/\\小葵/\\小葵/\\小葵/\\小葵/"}]