[{"uid": "179162519", "content": "好听好听"}, {"uid": "24287256", "content": "スタプラチナ！"}, {"uid": "909651", "content": "小葵！小葵！最喜欢小葵了！"}, {"uid": "68394832", "content": "clamp味羽毛满天飞"}, {"uid": "30848247", "content": "太稳了宝贝儿"}, {"uid": "430618231", "content": "小葵小葵小葵"}, {"uid": "430618231", "content": "Ohhhhhhhhhhhh"}, {"uid": "38402240", "content": "suki"}, {"uid": "38402240", "content": "好听"}, {"uid": "33949882", "content": "小葵小葵小葵"}, {"uid": "5270664", "content": "好听"}, {"uid": "61728859", "content": "太好听了呜呜呜"}, {"uid": "30848247", "content": "三连冲到首页"}, {"uid": "362210358", "content": "三连走起···"}, {"uid": "28184461", "content": "OHHHHHHHHHHHHHHHH"}, {"uid": "430618231", "content": "Ohhhhhhhhhh"}, {"uid": "30848247", "content": "再来亿遍"}, {"uid": "17516677", "content": "ohhhhhhhhhhhhhhhhhh"}, {"uid": "25277610", "content": "ohhhhhhhhhhhhhhhhhhhh"}, {"uid": "651302395", "content": "prprprprpr"}, {"uid": "38402240", "content": "ohhhhhhhhh"}, {"uid": "7589370", "content": "可爱"}, {"uid": "5270664", "content": "呜呼呜呼"}, {"uid": "38402240", "content": "可爱"}, {"uid": "7684262", "content": "小葵小葵小葵"}, {"uid": "164395", "content": "小葵加油！冲冲冲！"}, {"uid": "28184461", "content": "果然是小葵最喜欢的歌，还带PV的"}, {"uid": "78157366", "content": "PV质量很一般 奈何唱的太好了"}, {"uid": "523346680", "content": "老婆"}, {"uid": "38402240", "content": "小葵小葵"}, {"uid": "33949882", "content": "水蓝色"}, {"uid": "6011384", "content": "这个size不对劲"}, {"uid": "37622309", "content": "不得不说这个pv不咋滴，但老婆歌声很好听"}, {"uid": "103304849", "content": "x想被踩"}, {"uid": "391421892", "content": "亚撒西"}, {"uid": "588993701", "content": "小葵"}, {"uid": "167255099", "content": "老婆老婆老婆老婆老婆！！！"}, {"uid": "40620826", "content": "小葵小葵小葵"}, {"uid": "17516677", "content": "我来组成弹幕"}, {"uid": "17516677", "content": "10人再看"}, {"uid": "7684262", "content": "\\小葵/\\小葵/\\小葵/\\小葵/\\小葵/"}, {"uid": "430618231", "content": "\\小葵/\\小葵/\\小葵/\\小葵/\\小葵/"}, {"uid": "157584782", "content": "葵！"}, {"uid": "2946958", "content": "\\aoi/\\aoi/\\aoi/\\aoi/\\aoi/"}]