[{"uid": "11382425", "content": "算上耳朵wwww好可爱"}, {"uid": "7554731", "content": "好耶"}, {"uid": "11289785", "content": "声音好听，可惜不会张嘴（doge）"}, {"uid": "470594319", "content": "期待"}, {"uid": "510438714", "content": "害怕可怕的东西"}, {"uid": "510438714", "content": "两侧头发少了点"}, {"uid": "36290097", "content": "建议光明冰棍"}, {"uid": "33901200", "content": "背景是熊“成精”的？"}, {"uid": "318161777", "content": "声音好甜啊！"}, {"uid": "361717600", "content": "这声音！我爱了"}, {"uid": "361717600", "content": "从小舞那里过来的"}, {"uid": "141658", "content": "北极熊吃海豹"}, {"uid": "27204064", "content": "q版还挺可爱的"}, {"uid": "8153883", "content": "这声音太清楚了"}, {"uid": "354293575", "content": "呼叫俄罗斯人"}, {"uid": "3519011", "content": "再见（*＾ワ＾*）"}, {"uid": "13062034", "content": "应该是有点病娇的属性"}, {"uid": "20562406", "content": "声音不错，皮总感觉有点不对劲的地方"}, {"uid": "31189625", "content": "爱了爱了"}, {"uid": "4352553", "content": "清楚 可爱 d了"}, {"uid": "4352553", "content": "加油啊 応援しますから"}, {"uid": "85024137", "content": "恐怖游戏安排上"}, {"uid": "372450095", "content": "所以什么时候崩坏呢(doge)"}, {"uid": "27912649", "content": "你就是冰柜里的糯米滋！"}, {"uid": "1538360", "content": "守护最后一份清楚"}, {"uid": "277703153", "content": "宠物女孩"}, {"uid": "1525228", "content": "记住现在这个清楚的白濑葵（"}, {"uid": "354293575", "content": "港诡实录安排上"}, {"uid": "295604283", "content": "初见 喜欢 单推  结婚"}, {"uid": "94736805", "content": "女子力max"}, {"uid": "332874057", "content": "好极端，一个24万岁一个7岁"}, {"uid": "5906569", "content": "这耳朵想 小白鼠啊"}, {"uid": "551969916", "content": "啊啊啊啊啊啊我好喜欢！超甜"}, {"uid": "325815459", "content": "耳朵动了ww"}, {"uid": "33901200", "content": "请出个中国版葵，168的"}, {"uid": "400977871", "content": "长得太像天选姬了"}, {"uid": "277703153", "content": "病娇？！"}, {"uid": "277703153", "content": "21岁合法"}, {"uid": "6014716", "content": "好甜的声音哦"}, {"uid": "35374982", "content": "声音好好听！"}, {"uid": "94736805", "content": "初见清楚单推"}, {"uid": "19824793", "content": "再见"}, {"uid": "51300591", "content": "好家伙北极熊"}, {"uid": "643274", "content": "初见喜欢单挑叉出去斩首"}, {"uid": "4352553", "content": "メンヘラポイント 大概是类似精神上的病弱点"}, {"uid": "28184461", "content": "这个皮看上去嘴部动作好少"}, {"uid": "535276000", "content": "白发蓝瞳"}, {"uid": "470594319", "content": "有病指数hhh"}, {"uid": "36290097", "content": "只狼港诡实录的真是魔鬼"}, {"uid": "18790750", "content": "初见喜欢结婚"}, {"uid": "23562069", "content": "7岁？"}, {"uid": "11749108", "content": "熊的力量！"}, {"uid": "198558568", "content": "好清楚"}, {"uid": "101158976", "content": "可爱！！"}, {"uid": "2021518680", "content": "没关系你直播久了就会多了老公"}, {"uid": "2826213", "content": "来了来了！"}, {"uid": "483225475", "content": "同一天生日（狂喜"}, {"uid": "25113774", "content": "这位和小舞比起来，歌力强的爆炸。"}, {"uid": "21866918", "content": "耳朵会动诶！"}, {"uid": "248829272", "content": "来了来了"}, {"uid": "8192650", "content": "来了来了"}, {"uid": "49855683", "content": "艾特哈根达斯"}, {"uid": "1519692", "content": "北极熊是吧"}, {"uid": "34589673", "content": "你能吐舌头吗"}, {"uid": "31189625", "content": "初见喜欢单推"}, {"uid": "8153883", "content": "这是什么指数.."}, {"uid": "28184461", "content": "lei了lei了"}, {"uid": "10912938", "content": "动了！"}, {"uid": "4759840", "content": "声音好好听啊"}, {"uid": "18757802", "content": "声音好听"}, {"uid": "37622309", "content": "跟我同一天诶"}, {"uid": "361717600", "content": "再见~"}, {"uid": "277703153", "content": "好啊好啊"}, {"uid": "510637115", "content": "草和我同天"}, {"uid": "28020815", "content": "声音好听"}, {"uid": "16135", "content": "嘴型对不上"}, {"uid": "321426867", "content": "21,好耶，合法了"}, {"uid": "20921747", "content": "清楚"}, {"uid": "14233435", "content": "貴様、何者だ"}, {"uid": "33935601", "content": "清楚清楚"}, {"uid": "332874057", "content": "逃生2安排"}, {"uid": "31189625", "content": "这不得支持一波"}, {"uid": "18229697", "content": "我tm直接单推"}, {"uid": "13024389", "content": "白毛，冲"}, {"uid": "38697389", "content": "这不行，还是不太会啊"}, {"uid": "35568469", "content": "清楚 可爱 单推"}, {"uid": "35568469", "content": "哈哈哈哈有病 ，这翻译"}, {"uid": "446355864", "content": "？？？"}, {"uid": "12350258", "content": "乌拉！"}, {"uid": "568085", "content": "快进到撕皮"}, {"uid": "277703153", "content": "再见"}, {"uid": "266605943", "content": "啊？"}, {"uid": "2326228", "content": "这皮有点可惜"}, {"uid": "263395", "content": "清楚！！"}, {"uid": "7893169", "content": "只狼安排"}, {"uid": "37245347", "content": "请亏我全"}, {"uid": "31189625", "content": "应援起来"}, {"uid": "1477229736", "content": "女子力upup"}, {"uid": "437944019", "content": "邻家女孩的感觉"}, {"uid": "186742460", "content": "已关注"}, {"uid": "4929611", "content": "清楚清楚"}, {"uid": "31449746", "content": "欢迎你～～～"}, {"uid": "327926743", "content": "awsl"}, {"uid": "179162519", "content": "好可爱"}, {"uid": "179162519", "content": "可爱可爱"}, {"uid": "11289785", "content": "prprprprpr笑死..."}, {"uid": "10444384", "content": "好小"}, {"uid": "3782975", "content": "加油"}, {"uid": "7615169", "content": "熊熊"}, {"uid": "22900168", "content": "可爱"}, {"uid": "25470934", "content": "草"}, {"uid": "643274", "content": "D了D了"}, {"uid": "5906569", "content": "清楚清楚？？"}, {"uid": "25745327", "content": "400公斤"}, {"uid": "300703", "content": "老实说这耳朵还不如去掉"}, {"uid": "5710433", "content": "好好听的声音"}, {"uid": "179162519", "content": "想捏耳朵"}, {"uid": "18757802", "content": "这是什么玩意！！"}, {"uid": "35757574", "content": "好耶"}, {"uid": "53510752", "content": "结婚"}, {"uid": "8971025", "content": "喜欢单推结婚"}, {"uid": "1459699014", "content": "建议蜜雪冰城"}, {"uid": "470594319", "content": "哈"}, {"uid": "16881547", "content": "我"}, {"uid": "22900168", "content": "病娇？"}, {"uid": "8192650", "content": "前面的魔鬼啊"}, {"uid": "307315372", "content": "白毛"}, {"uid": "419371", "content": "清楚清楚"}, {"uid": "2872557", "content": "乌拉"}, {"uid": "36769691", "content": "清楚"}, {"uid": "14029496", "content": "好耶"}, {"uid": "31449746", "content": "哦！！"}, {"uid": "36782157", "content": "哈哈哈哈哈哈哈"}, {"uid": "35374982", "content": "狂喜"}, {"uid": "14100368", "content": "吧啦"}, {"uid": "307315372", "content": "清楚"}, {"uid": "39204203", "content": "好耶"}, {"uid": "7648495", "content": "好耶"}, {"uid": "27228190", "content": "病娇？"}, {"uid": "31449746", "content": "！！"}, {"uid": "22421009", "content": "哇。。。。。。。太太太太清楚了。。。。"}, {"uid": "51364855", "content": "清楚!!!!!!!!!!!!!"}]