[{"uid": "25277610", "content": "最喜欢这首了，搬运视频后赶紧补个弹幕"}, {"uid": "25277610", "content": "Kira~！"}, {"uid": "25277610", "content": "全体起立！"}, {"uid": "35468616", "content": "熊熊可爱！"}, {"uid": "45530205", "content": "空灵啊"}, {"uid": "84026475", "content": "可爱"}, {"uid": "84026475", "content": "对，好期待他的奥数"}, {"uid": "24992120", "content": "她奥数魔忍一定很好听"}, {"uid": "1835009201", "content": "好可爱"}, {"uid": "1463081", "content": "是天哥（"}, {"uid": "23716047", "content": "芜湖"}]