[{"uid": "28802506", "content": "装 不 下 了"}, {"uid": "107032584", "content": "被球淹没不知所措"}, {"uid": "11076934", "content": "《长啥样啊》"}, {"uid": "431615956", "content": "《我可以开始了》"}, {"uid": "7315022", "content": "这句我在学习资料里听过…"}, {"uid": "7315022", "content": "密恐:淦"}, {"uid": "35013144", "content": "被砸下去，都干点啥呢？？"}, {"uid": "11863595", "content": "笑死了"}, {"uid": "117801386", "content": "川剧变脸"}, {"uid": "650746644", "content": "人都被砸没了"}, {"uid": "1870229", "content": "到底是谁断气？"}, {"uid": "8375733", "content": "怒 形 于 色"}, {"uid": "383421549", "content": "三个一百就满屏"}, {"uid": "319044221", "content": "糟糕的台词"}, {"uid": "21264743", "content": "老板尸体健康"}, {"uid": "375560182", "content": "哈哈哈哈"}, {"uid": "527641162", "content": "别弄了，要坏掉了"}, {"uid": "346391869", "content": "车速有点快"}, {"uid": "246295887", "content": "才看见砸得头都上不来，哈哈哈嗝"}, {"uid": "11279001", "content": "什么显微镜切片"}, {"uid": "28503187", "content": "我已经不知道是该同情还是该大笑了"}, {"uid": "381574498", "content": "帧数爆炸"}, {"uid": "527664419", "content": "我一打开视频我就开始不对劲了，我还是白色的吧"}, {"uid": "102537791", "content": "这是什么组织的切片显微镜照片吗"}, {"uid": "276465673", "content": "草"}, {"uid": "176283877", "content": "这，只有一个反光头发直播"}, {"uid": "310898820", "content": "便秘的你"}, {"uid": "23658275", "content": "终于看清了"}, {"uid": "23658275", "content": "直接人没了"}, {"uid": "244222395", "content": "新型网络诈骗"}, {"uid": "89242970", "content": "哈哈哈哈哈"}, {"uid": "92994834", "content": "二次元专用日语"}, {"uid": "95445223", "content": "奇怪的发言"}, {"uid": "37541601", "content": "这不也能播吗"}, {"uid": "382643758", "content": "震惊"}, {"uid": "284265676", "content": "生出来，诶，还没呢"}, {"uid": "281164158", "content": "断气hhh"}, {"uid": "7028559", "content": "节目效果拉满"}, {"uid": "477790984", "content": "掉san"}, {"uid": "30022092", "content": "虽然一直没看到V，但还是觉得很有趣呐。"}, {"uid": "22642822", "content": "卧槽哈哈哈哈哈哈"}, {"uid": "604232194", "content": "京观（bushi"}, {"uid": "2426430", "content": "这个不应该一个一个投才好玩么"}, {"uid": "11491379", "content": "老板大气"}, {"uid": "159445134", "content": "中文夹着日文听的真的难受。。。"}, {"uid": "44917043", "content": "闭眼新天地"}, {"uid": "9892542", "content": "为什么直播屏幕保护程序？"}, {"uid": "477052733", "content": "白色不明物体突然出现"}, {"uid": "507672214", "content": "看到头了大成功"}, {"uid": "98762969", "content": "开幕雷击"}, {"uid": "244222395", "content": "不要停下来啊！希望之花"}, {"uid": "5773287", "content": "节目效果夸张"}, {"uid": "417032521", "content": "草有点掉san"}, {"uid": "176862574", "content": "刚露头就被压下去"}, {"uid": "36615451", "content": "NT?"}, {"uid": "30160524", "content": "闭上眼睛"}, {"uid": "905306", "content": "实际开心的一批"}, {"uid": "3778193", "content": "我甚至没能看清长什么样"}, {"uid": "437069615", "content": "哈哈哈哈哈哈哈"}, {"uid": "45864857", "content": "这是些什么东西"}, {"uid": "330419850", "content": "害怕"}, {"uid": "44743814", "content": "有声音就行"}, {"uid": "44743814", "content": "这也太好玩了"}, {"uid": "50963303", "content": "好可爱哦"}, {"uid": "26158080", "content": "画质好像有点低"}, {"uid": "488136436", "content": "笑出惊了 "}, {"uid": "26213230", "content": "好吧 哈哈哈哈"}, {"uid": "508734070", "content": "终于看到脸了"}, {"uid": "7494010", "content": "哈哈哈哈哈"}, {"uid": "500727279", "content": "????"}, {"uid": "500727279", "content": "?！"}, {"uid": "187573876", "content": "xswl"}, {"uid": "19958212", "content": "很奇怪！"}, {"uid": "231677513", "content": "？？？"}, {"uid": "449028048", "content": "哈哈哈哈哈哈哈哈哈哈"}, {"uid": "28060308", "content": "有画面了"}, {"uid": "261188372", "content": "纸巾"}, {"uid": "29420290", "content": "这啥啊"}, {"uid": "512832464", "content": "不好了，不好了"}, {"uid": "9833278", "content": "妙法莲华"}, {"uid": "1251544985", "content": "来个大伊万！"}, {"uid": "349778098", "content": "露个小头都得死. jpg"}, {"uid": "158261855", "content": "卧槽"}, {"uid": "13589559", "content": "“架住了，架死了，谁露头谁死”"}, {"uid": "23075693", "content": "入土为安"}, {"uid": "35653838", "content": "哈哈哈哈哈哈好吧"}, {"uid": "13737892", "content": "你也是赛马娘？牡蛎牡蛎"}, {"uid": "365069145", "content": "哈哈哈哈"}, {"uid": "228965099", "content": "阿尔法"}, {"uid": "431615956", "content": "不亏，钱多《》"}, {"uid": "431615956", "content": "笑死我了"}, {"uid": "97375913", "content": "海拉细胞？"}, {"uid": "89880797", "content": "要溺死力，要溺死力（朴秀并感）"}, {"uid": "27073454", "content": "哈哈哈"}, {"uid": "631857645", "content": "有钱人"}, {"uid": "83055495", "content": "合 成 大 楠 酮"}, {"uid": "105631096", "content": "是的"}, {"uid": "13905358", "content": "原来长这样"}, {"uid": "408467088", "content": "再不能起"}, {"uid": "6806887", "content": "？？？"}, {"uid": "112209993", "content": "？？？什么东西？"}, {"uid": "411310350", "content": "卧槽"}, {"uid": "439055783", "content": "？"}, {"uid": "455934888", "content": "下雨"}, {"uid": "241253544", "content": "哇哦"}, {"uid": "176283877", "content": "凉了。。。"}, {"uid": "287378817", "content": "23333"}, {"uid": "35653838", "content": "哈哈哈哈哈哈哈哈好吧"}, {"uid": "105631096", "content": "不可能"}, {"uid": "6549319", "content": "？又是一种新型网络暴力？"}, {"uid": "4130547", "content": "太多了吧"}, {"uid": "19047235", "content": "外国人能在国内平台播吗？"}, {"uid": "1870229", "content": "细胞直播间"}, {"uid": "6825846", "content": "可爱，d了"}, {"uid": "3246888", "content": "我老公呢"}, {"uid": "219557923", "content": "哈哈哈哈哈"}, {"uid": "39341987", "content": "这个up长啥样啊？"}, {"uid": "105631096", "content": "不可以"}, {"uid": "3778193", "content": "这也太多了"}, {"uid": "88755478", "content": "人没了"}, {"uid": "1671956", "content": "？？？？"}, {"uid": "5339957", "content": "人家两个x520都没满，你5个x100就满了"}, {"uid": "23658275", "content": "卧槽"}, {"uid": "108951258", "content": "superchat？这…"}, {"uid": "15460782", "content": "日，本人？"}, {"uid": "354424788", "content": "◢■■■■■■■■■■■◤                      ■                      ■                      ■◣             "}]