[{"uid": "32329633", "content": "好听诶"}, {"uid": "24828728", "content": "开口跪"}, {"uid": "473519490", "content": "小松鼠就是会唱捏"}, {"uid": "18754179", "content": "短，没听够"}, {"uid": "413462642", "content": "少女般的清澈感～～"}, {"uid": "396376748", "content": "好听"}, {"uid": "4933710", "content": "这也太好听了叭？？？"}, {"uid": "442253120", "content": "我来组成头部"}, {"uid": "169267263", "content": "再见了，所有的EVA"}, {"uid": "1598477", "content": "太稳了吧！！！"}, {"uid": "5004232", "content": "太短了不过瘾"}, {"uid": "35224307", "content": "好听kksk"}, {"uid": "356768074", "content": "不错"}, {"uid": "228158254", "content": "再见"}, {"uid": "457369495", "content": "卧槽"}, {"uid": "25689036", "content": "音色很好听"}, {"uid": "473519490", "content": "没有律花的一天"}, {"uid": "9583797", "content": "好唱！"}, {"uid": "1598477", "content": "有点短意犹未尽"}, {"uid": "1598477", "content": "\\律花/\\律花/\\律花/\\律花/\\律花/\\律花/"}, {"uid": "8983470", "content": "新老婆"}, {"uid": "11902445", "content": "直接就是女主角歌声的感觉，太好听了"}]