[{"uid": "46430127", "content": "到时候回来看会有多羞耻呢"}, {"uid": "1971279", "content": "DNA动了"}, {"uid": "499376", "content": "wwwww"}, {"uid": "57903016", "content": "我可以选英语吗"}, {"uid": "499262468", "content": "这个好有意思"}, {"uid": "499262468", "content": "能变成人形就已经很不普通了"}, {"uid": "499262468", "content": "好棒！"}, {"uid": "473519490", "content": "可爱小松鼠"}, {"uid": "473519490", "content": "可爱小松鼠"}, {"uid": "745204", "content": "我手机响了（不是）"}, {"uid": "263560426", "content": "这q版太可爱了"}, {"uid": "8635662", "content": "OHHHHHH"}, {"uid": "473519490", "content": "《唱歌好听的普通松鼠》"}, {"uid": "473519490", "content": "awsl"}, {"uid": "1819467", "content": "原来我就是普罗丢瑟"}, {"uid": "8635662", "content": "english"}, {"uid": "1819467", "content": "ww"}, {"uid": "1819467", "content": "是呢"}, {"uid": "1819467", "content": "妈咪——"}, {"uid": "34880930", "content": "《普通的松鼠》"}, {"uid": "5004232", "content": "棒！！！"}, {"uid": "8635662", "content": "可爱大松鼠"}, {"uid": "8635662", "content": "啊！"}, {"uid": "8635662", "content": "T T好听"}, {"uid": "455929063", "content": "*⸜( •ᴗ• )⸝**⸜( •ᴗ• )⸝**⸜( •ᴗ• )⸝*"}]