[{"uid": "482112", "content": "已经不再孤独了"}, {"uid": "482112", "content": "别害怕 已经不再是一个人"}, {"uid": "482112", "content": "天的河川 向远方 飘呀飘地"}, {"uid": "482112", "content": "天乃平原 缓缓地缓缓地 漂流"}, {"uid": "482112", "content": "风吹天空 用双手双手 聚集"}, {"uid": "482112", "content": "风吹天空 用双手双手 聚集"}, {"uid": "482112", "content": "天的河川 向远方 飘呀飘地"}, {"uid": "482112", "content": "天乃平原 缓缓地缓缓地 漂流"}, {"uid": "482112", "content": "回来了呀"}, {"uid": "482112", "content": "太想要 这般"}, {"uid": "482112", "content": "总是 这般"}, {"uid": "482112", "content": "依然 这般"}, {"uid": "482112", "content": "但是 这般"}, {"uid": "482112", "content": "深绿 渗出血液"}, {"uid": "482112", "content": "已经无法停止 如此反覆"}, {"uid": "482112", "content": "那时的我 至今 仍紧握著纸灯笼"}, {"uid": "482112", "content": "你在哪里 这里为何处 夏夜芬芳"}, {"uid": "482112", "content": "无法解开 远方国度的思念"}, {"uid": "482112", "content": "喧闹大地 摸索著湿润的泥土 捧起"}, {"uid": "482112", "content": "下起了雨 草发出的热气 将我完全围起"}, {"uid": "482112", "content": "别害怕 已经不再是一个人"}, {"uid": "482112", "content": "风吹天空 用双手双手 聚集"}, {"uid": "482112", "content": "天乃平原 缓缓地缓缓地 漂流"}, {"uid": "482112", "content": "也无法看清"}, {"uid": "482112", "content": "无法出声"}, {"uid": "482112", "content": "还想著 如此"}, {"uid": "482112", "content": "仅仅 如此"}, {"uid": "482112", "content": "依然 如此"}, {"uid": "482112", "content": "但是 如此"}, {"uid": "482112", "content": "忆起 正午的月亮"}, {"uid": "482112", "content": "不走吗 笛声呼唤著我"}, {"uid": "482112", "content": "悄悄握住 远方的手 「这里好冷喔」"}, {"uid": "482112", "content": "水从暗处流泻而出"}, {"uid": "482112", "content": "打开紧握的手 阖起坚定的双眼"}, {"uid": "473519490", "content": "宝藏松鼠！"}, {"uid": "26214471", "content": "这段太空灵了 太好听了"}, {"uid": "482112", "content": "天的河川 向远方 飘呀飘地"}, {"uid": "482112", "content": "百年仅有一次的光亮"}, {"uid": "482112", "content": "别害怕 已经不再是一个人"}, {"uid": "482112", "content": "朝著我的天空"}, {"uid": "482112", "content": "度过暗处的河 在阳光之下 徬徨"}, {"uid": "482112", "content": "缩起膝盖 在圆井的对面"}, {"uid": "204471043", "content": "kksk"}, {"uid": "1598477", "content": "哇~尾巴！想rua！"}, {"uid": "26214471", "content": "这是个宝藏啊！！"}, {"uid": "482112", "content": "湄公河 现在就要飞越"}, {"uid": "1598477", "content": "⎛⎝≥⏝⏝≤⎠⎞律花⎛⎝≥⏝⏝≤⎠⎞律花⎛⎝≥⏝⏝≤⎠⎞律花"}]