[{"uid": "101709938", "content": "百万调音师[/狗头]"}, {"uid": "12572568", "content": "？？？"}, {"uid": "945018", "content": "？"}, {"uid": "3854647", "content": "？？？"}, {"uid": "3335051", "content": "草"}, {"uid": "331253820", "content": "好好听"}, {"uid": "3595792", "content": "虽然我不认识你，但冲着你把我逗笑了我给你两个币哈哈哈哈"}, {"uid": "38891424", "content": "啊这"}, {"uid": "8037280", "content": "你在干什么啊？"}, {"uid": "10113162", "content": "来真的？我以为是来搞笑的"}, {"uid": "331253820", "content": "？？？？"}, {"uid": "5416736", "content": "龟龟好厉害"}, {"uid": "3595792", "content": "哈哈哈哈"}]