[{"uid": "441618315", "content": "画的比我好"}, {"uid": "441618315", "content": "两个"}, {"uid": "630450553", "content": "草"}, {"uid": "407790952", "content": "嵩"}, {"uid": "503676287", "content": "吾有一友，欲知其事，托吾观之"}, {"uid": "1135495297", "content": "我开扎古捡"}, {"uid": "307992580", "content": "5555"}, {"uid": "855040", "content": "放着我来捡"}, {"uid": "510536499", "content": "哈哈哈哈哈哈，社死现场"}, {"uid": "402958578", "content": "有守株待兔那味了"}, {"uid": "1658016676", "content": "666"}, {"uid": "626843634", "content": "很抱歉以这种方式认识你"}, {"uid": "75032722", "content": "笑飞了"}, {"uid": "627316369", "content": "很抱歉以这种方式认识你"}, {"uid": "670947184", "content": "大爷：哎呀被抢了"}, {"uid": "34372369", "content": "好怪啊哈哈哈"}, {"uid": "427202173", "content": "你不捡，没人知道是你的，你捡了，谁都知道是你的"}, {"uid": "346413588", "content": "很抱歉这个胖子没有被窝捡到，如果我捡到的话，是不是就成粉丝中的老大了"}, {"uid": "2140111903", "content": "送给别人多好呀"}, {"uid": "310249201", "content": "你看她笑的多开心啊"}, {"uid": "409775459", "content": "很抱歉以这种方式认识你"}, {"uid": "449263022", "content": "让我去捡！"}, {"uid": "255018502", "content": "全是感情，毫无技巧"}, {"uid": "22244376", "content": "这么不环保，我去舔哦不，我去捡"}, {"uid": "383863993", "content": "不要动，让我来"}, {"uid": "80436424", "content": "黑暗中还有更多人在窥视(bushi"}, {"uid": "298247332", "content": "大爷：我刚想去捡来着"}, {"uid": "499376", "content": "笑死"}, {"uid": "1509512", "content": "家人们"}, {"uid": "219695", "content": "蕾姆"}, {"uid": "20877518", "content": "您觉得在互联网上暴露就没事儿吗（）"}, {"uid": "20877518", "content": "这么少女的颜色（）"}, {"uid": "1598477", "content": "555555泪目"}, {"uid": "1598477", "content": "生 动 形 象"}, {"uid": "23208158", "content": "粉红色，hso"}, {"uid": "1559176", "content": "哈哈哈哈哈哈哈"}, {"uid": "314148372", "content": "hhhhhh"}, {"uid": "1760695329", "content": "很抱歉以这样的方式认识你"}, {"uid": "559646094", "content": "很抱歉以这样的方式认识你"}, {"uid": "20877518", "content": "在大森林里张贴寻物启事"}, {"uid": "1598477", "content": "很抱歉以这方式认识你"}, {"uid": "407370034", "content": "哈哈哈哈"}, {"uid": "36503676", "content": "很抱歉以这种方式认识你"}, {"uid": "452316558", "content": "纳尼"}, {"uid": "20877518", "content": "该用伞遮脸了"}, {"uid": "471137184", "content": "很抱歉以这样的方式认识你"}, {"uid": "307992580", "content": "好耶"}, {"uid": "1845523901", "content": "下雨为什么不收衣服嘞？"}, {"uid": "545691380", "content": "没错，被我检到了"}, {"uid": "1466343906", "content": "以这种奇怪的方式认识你，我很抱歉。"}, {"uid": "1598477", "content": "哈哈哈哈哈哈哈"}, {"uid": "30254330", "content": "哈哈哈哈"}, {"uid": "180841266", "content": "草"}, {"uid": "29644843", "content": "wwww"}, {"uid": "20877518", "content": "小事儿"}, {"uid": "1598477", "content": "来火星吧，地球不适合你"}, {"uid": "629274364", "content": "快给我"}, {"uid": "313706473", "content": "火钳刘明"}, {"uid": "8723233", "content": "?"}, {"uid": "259179966", "content": "hhhc"}, {"uid": "479618682", "content": "我首页来的"}, {"uid": "565428910", "content": "哈哈哈红红火火恍恍惚惚哈哈哈哈哈哈哈哈哈哈哈哈哈哈哈哈哈哈哈哈"}]