[{"uid": "5004232", "content": "好顶 腻害腻害"}, {"uid": "31461992", "content": "【它确实 就在你心里】"}, {"uid": "31461992", "content": "【真实的心声 让我听见它放声回响吧】"}, {"uid": "31461992", "content": "【不知不觉中所隐藏的】"}, {"uid": "31461992", "content": "【真实的心声 让我听见它放声回响吧】"}, {"uid": "31461992", "content": "【不知不觉中所隐藏的】"}, {"uid": "31461992", "content": "【是最真实的我】"}, {"uid": "31461992", "content": "【即便现在还是会感到害怕】"}, {"uid": "31461992", "content": "【终于找到的 青色(涩)的光芒】"}, {"uid": "31461992", "content": "【赌上一切 用心描绘】"}, {"uid": "31461992", "content": "【触碰到小小的光】"}, {"uid": "31461992", "content": "【第一次感到的这份痛苦】"}, {"uid": "31461992", "content": "【可就算这样】"}, {"uid": "31461992", "content": "【即使是现在我依然没有自信】"}, {"uid": "31461992", "content": "【积累的点滴 终究会成为你的实力】"}, {"uid": "31461992", "content": "【你看 一张又一张】"}, {"uid": "31461992", "content": "【但真的能坚持下去吗？】"}, {"uid": "31461992", "content": "【坚持做自己喜欢的事】"}, {"uid": "31461992", "content": "【揉着困倦双眼的夜晚】"}, {"uid": "31461992", "content": "【朝着感受到的方向前行】"}, {"uid": "31461992", "content": "【便越是难过】"}, {"uid": "31461992", "content": "【令人难为情】"}, {"uid": "31461992", "content": "【还在慌乱的挣扎中】"}, {"uid": "31461992", "content": "【越是伸长双手 便感到它离得越远】"}, {"uid": "31461992", "content": "【啊啊 想伸手抓住】"}, {"uid": "31461992", "content": "【终于遇见到 真正的自己】"}, {"uid": "31461992", "content": "【虽然满心充满恐惧】"}, {"uid": "31461992", "content": "【充满困意的空气 笼罩的清晨】"}, {"uid": "31461992", "content": "【如实描绘出所感受到的】"}, {"uid": "31461992", "content": "【就算你熟视无睹】"}, {"uid": "31461992", "content": "【真实的心声 让我听见它放声回响吧】"}, {"uid": "31461992", "content": "【这样的感受】"}, {"uid": "31461992", "content": "【清晨今天依然 降临在涩谷的街道】"}, {"uid": "31461992", "content": "【啊啊 像往常一样】"}, {"uid": "62918058", "content": "好家伙，一开始以为是原唱"}, {"uid": "31461992", "content": "【穿越喧嚣嘈杂的夜晚】"}, {"uid": "165847774", "content": "我去，一模一样"}, {"uid": "38384974", "content": "原唱？"}, {"uid": "31461992", "content": "【可它的确就在那里】"}, {"uid": "31461992", "content": "【不曾知道的思绪】"}, {"uid": "31461992", "content": "【用你选的颜色】"}, {"uid": "31461992", "content": "【不知不觉中所隐藏的】"}, {"uid": "31461992", "content": "【但我已不是以前那个 像空气一般的透明人】"}, {"uid": "31461992", "content": "【无论白天或黑夜 一直向前奔跑】"}, {"uid": "31461992", "content": "【就算环视周围】"}, {"uid": "31461992", "content": "【一张又一张】"}, {"uid": "31461992", "content": "【虽然心里也有些不安】"}, {"uid": "31461992", "content": "【走下自己选的这条路】"}, {"uid": "31461992", "content": "【我越是陷入其中】"}, {"uid": "31461992", "content": "【冲着逝去的日子 打个哈欠】"}, {"uid": "638200447", "content": "目测要火"}, {"uid": "348839038", "content": "太棒"}, {"uid": "9583797", "content": "妈妈，她好会唱！"}, {"uid": "499827054", "content": "爱了"}, {"uid": "7111960", "content": "一个字，绝"}, {"uid": "56907935", "content": "呜呜呜呜呜律子花酱"}, {"uid": "31461992", "content": "【就算你熟视无睹】"}, {"uid": "31461992", "content": "【现在就在那里】"}, {"uid": "31461992", "content": "【就算你熟视无睹】"}, {"uid": "31461992", "content": "【是无可替代 独一无二的我】"}, {"uid": "31461992", "content": "【认真面对自己热爱的事物】"}, {"uid": "31461992", "content": "【没事的 出发吧 接下来只需要好好享受就好】"}, {"uid": "31461992", "content": "【那一天 迈出步伐】"}, {"uid": "31461992", "content": "【一次又一次】"}, {"uid": "31461992", "content": "【并不是只有快乐】"}, {"uid": "31461992", "content": "【也更是心痛】"}, {"uid": "31461992", "content": "【那份不甘心】"}, {"uid": "31461992", "content": "【今天也过的不太如意】"}, {"uid": "31461992", "content": "【却感觉】"}, {"uid": "31461992", "content": "【对喜欢的事物 说出喜欢】"}, {"uid": "31461992", "content": "【青色的世界来到】"}, {"uid": "31461992", "content": "【可它的确就在那里】"}, {"uid": "31461992", "content": "【总感觉少许空虚】"}, {"uid": "281212282", "content": "神"}, {"uid": "325394675", "content": "！！好好听！"}, {"uid": "431569631", "content": "kks k！"}, {"uid": "31461992", "content": "【用只有你才调得出的色彩】"}, {"uid": "31461992", "content": "【未曾体会过的感受】"}, {"uid": "31461992", "content": "【和别人对比】"}, {"uid": "31461992", "content": "【正因缺乏自信 我才一路描绘着 走了过来】"}, {"uid": "31461992", "content": "【青色(涩)的誓言 紧紧抱着】"}, {"uid": "31461992", "content": "【流下眼泪】"}, {"uid": "31461992", "content": "【不都是那样么】"}, {"uid": "62918058", "content": "？？？"}, {"uid": "638200447", "content": "真的好听！！UP主加油呀"}, {"uid": "31461992", "content": "【现在也在那里】"}, {"uid": "31461992", "content": "【通过面对自己热爱的事物】"}, {"uid": "31461992", "content": "【没劲透了】"}, {"uid": "431569631", "content": "「不曾知道的思绪」"}, {"uid": "431569631", "content": "感谢字幕菌~"}, {"uid": "31461992", "content": "【就这样吧】"}, {"uid": "31461992", "content": "【但没劲就没劲吧】"}]