[{"uid": "25274885", "content": "鸡皮疙瘩直接起来…"}, {"uid": "482927152", "content": "一群艺考生混进了个毕加索"}, {"uid": "482927152", "content": "这就是职业选手吗"}, {"uid": "9280162", "content": "芜湖发歌了"}, {"uid": "1565146", "content": "右边推荐栏你可以听到漪月灵：小河淌水；龚琳娜：银河倒悬；腾格尔：大江东去"}, {"uid": "11663478", "content": "掀起我的牙膏在身上"}, {"uid": "12320913", "content": "太强了"}, {"uid": "1306478", "content": "好家伙，直接好家伙"}, {"uid": "1400358", "content": "非常感谢你的上传"}, {"uid": "86647544", "content": "鸡皮疙瘩起来了"}, {"uid": "75096095", "content": "小河淌水，云南民歌"}, {"uid": "45654278", "content": "？？？ 这什么神仙"}, {"uid": "895802", "content": "这转音太标准了，不愧是职业队"}, {"uid": "527443802", "content": "小河淌水的源头就在我家旁边的那个县里哈哈哈"}, {"uid": "305121259", "content": "还以为是方言  哈哈哈"}, {"uid": "321394966", "content": "禁止职业选手参赛"}, {"uid": "14300001", "content": "来自职业选手的降维打击！"}, {"uid": "18091166", "content": "天呐民族唱法的感觉 厉害啊"}, {"uid": "3064113", "content": "好家伙降维打击"}, {"uid": "2186597", "content": "千言万语汇成一句：卧槽"}, {"uid": "6891325", "content": "这真的是职业选手"}, {"uid": "1442528548", "content": "莫名想起咱大爷……诲人不倦的经典啊"}, {"uid": "417225263", "content": "谢谢你带来这么好听的歌！"}, {"uid": "4661588", "content": "姐姐终于发新歌了！"}, {"uid": "388280251", "content": "鸡皮疙瘩直接起来了"}, {"uid": "651121956", "content": "小荷才露尖尖角 封面进"}, {"uid": "5902834", "content": "云南人报到！！！"}, {"uid": "385197762", "content": "太强了"}, {"uid": "28078875", "content": "跪了跪了，膜拜大神"}, {"uid": "878477", "content": "评委请回到自己位子上去"}, {"uid": "3108310", "content": "好家伙这个花腔"}, {"uid": "21973428", "content": "这是真的好听"}, {"uid": "1746055", "content": "耳机老外流泪.gif"}, {"uid": "10951472", "content": "orz请收下我的膝盖"}, {"uid": "482927152", "content": "禁止职业选手参赛"}, {"uid": "105091348", "content": "很棒！期待下一次投稿！"}, {"uid": "5662342", "content": "好听！"}, {"uid": "504558", "content": "好家伙 我直接好家伙"}, {"uid": "13278447", "content": "ge这个音发的好准啊"}, {"uid": "29643", "content": "高雅艺术进校园"}, {"uid": "16166386", "content": "开幕雷击"}, {"uid": "1690448", "content": "学院派科班出身的音乐剧演员，造诣确实还没到“成名成家”的地步，但这么年轻，未来可期"}, {"uid": "457131", "content": "绝了"}, {"uid": "351425876", "content": "同志，终于找到你了"}, {"uid": "220143", "content": "卧槽"}, {"uid": "13194949", "content": "金典咏流传"}, {"uid": "7088521", "content": "我的天灵盖飞走了！"}, {"uid": "15704209", "content": "职业选手下场就是不一样"}, {"uid": "75096095", "content": "唱见！？唱见？！"}, {"uid": "6094084", "content": "终于发了！！！！！！！！"}, {"uid": "11691053", "content": "飞飞飞ohhhhh"}, {"uid": "39540940", "content": "高雅艺术进校园"}, {"uid": "78458", "content": "评委请坐回评委席……"}, {"uid": "5095", "content": "一发入魂"}, {"uid": "30514029", "content": "太强了，跪着听"}, {"uid": "4275500", "content": "这妥妥的民族唱法啊……"}, {"uid": "5437517", "content": "我这样的老干部就好这口"}, {"uid": "86373398", "content": "声音真的甜美，天籁之音啊"}, {"uid": "8423734", "content": "开幕雷击"}, {"uid": "511245977", "content": "广东中考音乐考试曲目之一"}, {"uid": "921629", "content": "来了！！！！"}, {"uid": "255452", "content": "太妙了！"}, {"uid": "7037368", "content": "来了来了"}, {"uid": "94687", "content": "真好听，发音也挺准的"}, {"uid": "5244791", "content": "谢谢这么好听的歌声"}, {"uid": "25375745", "content": "啪地一下就点进来了"}, {"uid": "538422", "content": "鸡皮疙瘩起来了"}, {"uid": "1800386", "content": "好家伙，我直呼好家伙！"}, {"uid": "4322459", "content": "来了！！"}, {"uid": "21673941", "content": "请收下我的膝盖"}, {"uid": "2359368", "content": "这首好绝"}, {"uid": "10047872", "content": "太强了！"}, {"uid": "27977765", "content": "年更VTB"}, {"uid": "10579112", "content": "来了来了！"}, {"uid": "146264", "content": "唱的好好听啊QAQ"}, {"uid": "51729446", "content": "真的好好听啊"}, {"uid": "3350901", "content": "开口跪"}, {"uid": "2319920", "content": "声线太稳了"}, {"uid": "54165540", "content": "首页通知书"}, {"uid": "437131", "content": "来了来了！！！"}, {"uid": "349726333", "content": "来了来了"}, {"uid": "2606771", "content": "春晚没你我不看"}, {"uid": "252983990", "content": "直接三连"}, {"uid": "8327430", "content": "气太稳了吧"}, {"uid": "2854211", "content": "唯一指定T0"}, {"uid": "162227863", "content": "我童年回忆涌上心头"}, {"uid": "21143310", "content": "这句好标准"}, {"uid": "34260922", "content": "ohhhhhhhhhhhhhhhh"}, {"uid": "117699", "content": "vtb唱小河淌水这是第一位吧……"}, {"uid": "67162", "content": "能E出来的V。。太强了"}, {"uid": "105091348", "content": "开口跪"}, {"uid": "8084176", "content": "听见了听见了"}, {"uid": "14216863", "content": "直接把我送走了"}, {"uid": "61572556", "content": "好家伙"}, {"uid": "277445199", "content": "这降维打击awsl"}, {"uid": "27739379", "content": "太强了。。。"}, {"uid": "1394267", "content": "来了来了"}, {"uid": "4679143", "content": "前面几句有点民族唱法的味儿了"}, {"uid": "378583472", "content": "来了"}, {"uid": "8432768", "content": "来了来了"}, {"uid": "15922", "content": "真好听呀，月灵姐姐～"}, {"uid": "803147", "content": "开口跪！天籁！"}, {"uid": "351425876", "content": "开口跪"}, {"uid": "11691053", "content": "ohhhhhh"}, {"uid": "394120228", "content": "来了来了"}, {"uid": "13194949", "content": "woc真的强"}, {"uid": "237859318", "content": "是真的牛"}, {"uid": "67272646", "content": "太强了"}, {"uid": "3557542", "content": "我的媽我一直在雞皮疙瘩"}, {"uid": "303492281", "content": "来了来了"}, {"uid": "1488009", "content": "woc好牛"}, {"uid": "156027188", "content": "芜湖起飞！！！"}, {"uid": "10212329", "content": "太强了"}, {"uid": "11691053", "content": "ohhhhhh"}, {"uid": "20404502", "content": "很好听，很喜欢"}, {"uid": "235515220", "content": "不许放原唱！！！"}, {"uid": "22661411", "content": "直接投币"}, {"uid": "2443942", "content": "好家伙"}, {"uid": "7611231", "content": "开口跪"}, {"uid": "174327", "content": "太强了"}, {"uid": "1273624", "content": "值得鼓励"}, {"uid": "552465", "content": "来了来了！"}, {"uid": "7775751", "content": "开口跪"}, {"uid": "105091348", "content": "来了来了"}, {"uid": "2938845", "content": "开口跪"}, {"uid": "546176054", "content": "开口跪"}, {"uid": "332759750", "content": "我的荣幸"}, {"uid": "2526427", "content": "来了来了"}, {"uid": "29644843", "content": "来啦来啦"}, {"uid": "20907", "content": "跪了！"}, {"uid": "11871240", "content": "好听！"}, {"uid": "1954671", "content": "哇~~"}, {"uid": "11017629", "content": "来了来了"}, {"uid": "285889", "content": "专业"}, {"uid": "5733702", "content": "ohhhhhhhhhhhh"}, {"uid": "1911598", "content": "好耶！！！"}, {"uid": "2436125", "content": "卧槽！"}, {"uid": "8376997", "content": "ohhhhhhhhhhhhhhhh"}, {"uid": "33786927", "content": "首页通知书"}, {"uid": "31154642", "content": "美好静谧"}, {"uid": "18091166", "content": "太牛了"}, {"uid": "8037567", "content": "开口跪"}, {"uid": "187753110", "content": "漪月灵"}, {"uid": "115459056", "content": "来了来了"}, {"uid": "351891174", "content": "来了来了"}, {"uid": "12669774", "content": "太强了"}, {"uid": "932103", "content": "好棒的声音"}, {"uid": "242986493", "content": "太强了"}, {"uid": "1273624", "content": "先赞后看"}, {"uid": "30462482", "content": "太强了"}, {"uid": "54276839", "content": "开口跪……tql"}, {"uid": "5731005", "content": "对味了"}, {"uid": "33754", "content": "来了来了"}, {"uid": "5244791", "content": "开口跪"}, {"uid": "573864", "content": "开口跪！"}, {"uid": "1451538", "content": "来啦来啦"}, {"uid": "48649733", "content": "3分钟还热着！"}, {"uid": "536826", "content": "牛的"}, {"uid": "30290581", "content": "好家伙"}, {"uid": "6514399", "content": "音色太美，想听标准，月灵姐姐学中文！！！！！、"}, {"uid": "8017220", "content": "awsl"}, {"uid": "12891523", "content": "好家伙"}, {"uid": "8315637", "content": "神仙"}, {"uid": "11691053", "content": "ohhhh"}, {"uid": "383826", "content": "Y]\\\\"}, {"uid": "516836553", "content": "中考必考曲目"}, {"uid": "3064113", "content": "强啊"}, {"uid": "252983990", "content": "好家伙"}, {"uid": "67632", "content": "名曲"}, {"uid": "5437517", "content": "考验干部？"}, {"uid": "31276090", "content": "我滴妹"}, {"uid": "23053482", "content": "来了来了"}, {"uid": "370148933", "content": "一听感觉不是中国人唱的。"}, {"uid": "21566896", "content": "ohhhhhhhhhh"}, {"uid": "28559635", "content": "首页通知书"}, {"uid": "242986493", "content": "太强了"}, {"uid": "8084176", "content": "好听！！"}, {"uid": "8001082", "content": "好家伙"}, {"uid": "7797578", "content": "tql"}, {"uid": "3045815", "content": "跪了"}, {"uid": "219475198", "content": "好听"}, {"uid": "2526427", "content": "kksk"}, {"uid": "14389016", "content": "云南人狂喜"}, {"uid": "33754", "content": "美声也行啊 TQL"}, {"uid": "14455611", "content": "好听啊好听"}, {"uid": "10192687", "content": "好耶好耶！"}, {"uid": "13609100", "content": "妹妹！哥哥来了"}, {"uid": "288758321", "content": "我的天"}, {"uid": "18767324", "content": "三连再看"}, {"uid": "1355519", "content": "好听！！！！"}, {"uid": "34795461", "content": "太棒了！！！"}, {"uid": "12153120", "content": "开口跪"}, {"uid": "344688176", "content": "我的天啊"}, {"uid": "31968178", "content": "歌唱家不至于，专业是肯定的，怎么感觉传的离谱起来了"}, {"uid": "9622924", "content": "阿啊阿啊阿啊阿啊喜欢"}, {"uid": "2209525", "content": "中国方言那么多 你可以想象是云南阿妹在唱山歌"}, {"uid": "13479883", "content": "OMG！！！"}, {"uid": "34026414", "content": "这胸衣不如不穿"}, {"uid": "3980062", "content": "？？"}, {"uid": "11691053", "content": "芜湖起飞"}, {"uid": "2118544388", "content": "好听"}, {"uid": "2114913", "content": "大理弥渡人来了"}, {"uid": "552465", "content": "太强了"}, {"uid": "36065815", "content": "tqltql！！！"}, {"uid": "3254961", "content": "up可是日本歌唱家啊……正经的，不是玩票的"}, {"uid": "2886253", "content": "还以为是方言"}, {"uid": "3885523", "content": "来了来了来了"}, {"uid": "5773287", "content": "(⊙o⊙)哇好棒"}, {"uid": "2230640", "content": "来了来了"}, {"uid": "4975944", "content": "来liao"}, {"uid": "44506599", "content": "好象真的在听一个普通话不那么标准的云南大姐姐在唱山歌的感觉"}, {"uid": "35299806", "content": "汉语！！！"}, {"uid": "187346506", "content": "呜呜呜"}, {"uid": "9872808", "content": "来啦"}, {"uid": "10951472", "content": "太美丽了"}, {"uid": "87449630", "content": "不用谢"}, {"uid": "29644843", "content": "必须三连"}, {"uid": "29644843", "content": "热乎"}, {"uid": "7954646", "content": "麻了"}, {"uid": "5451699", "content": "卧槽"}, {"uid": "28676781", "content": "惊喜"}, {"uid": "31337711", "content": "来啦来啦"}, {"uid": "197078", "content": "这也太顶了"}, {"uid": "2673557", "content": "月灵姐姐 yyds！"}, {"uid": "22014219", "content": "冲锋！"}, {"uid": "803147", "content": "来啦来啦！"}, {"uid": "74216835", "content": "我去"}, {"uid": "690787740", "content": "好家伙"}, {"uid": "8913562", "content": "绝了绝了"}, {"uid": "2198122", "content": "高雅艺术进b站"}, {"uid": "26890649", "content": "(・◇・)"}, {"uid": "11691053", "content": "太强了"}, {"uid": "3179958", "content": "pro"}, {"uid": "86647544", "content": "妙啊"}, {"uid": "246292791", "content": "外国人？"}, {"uid": "75096095", "content": "民歌"}, {"uid": "284616949", "content": "？在抖啊。"}, {"uid": "258890", "content": "妹我来了"}, {"uid": "2780116", "content": "好听！"}, {"uid": "98698433", "content": "中国最好听的民歌之一"}, {"uid": "610933", "content": "好嗓子 要不起"}, {"uid": "953394", "content": "妹啊妹啊妹啊"}, {"uid": "237889117", "content": "前面的大师把我笑死了"}, {"uid": "482009724", "content": "确定不是龚琳娜老师？？？？"}, {"uid": "65219882", "content": "评委你好，你亲自参加新手歌唱大赛是违规的哦！"}, {"uid": "86477954", "content": "啊啊啊啊啊！"}, {"uid": "34260922", "content": "！"}, {"uid": "276320810", "content": "我直接好"}, {"uid": "208257", "content": "姐姐我喜欢你啊！！！"}, {"uid": "16633967", "content": "好1"}, {"uid": "911193", "content": "离谱"}, {"uid": "10455913", "content": "跪了"}, {"uid": "3056135", "content": "来了"}, {"uid": "234446316", "content": "开幕暴击"}, {"uid": "4744344", "content": "听歌ing"}, {"uid": "52365274", "content": "好耶"}, {"uid": "4583498", "content": "？？？？？？"}, {"uid": "4661588", "content": "我去"}, {"uid": "178580429", "content": "怎么霓虹人学民美啊"}, {"uid": "5733702", "content": "sugo"}, {"uid": "400754", "content": "像听方言版的，别有一番风味"}, {"uid": "2436125", "content": "硬币比赞多"}, {"uid": "1539679", "content": "开幕雷击"}, {"uid": "525026750", "content": "!"}, {"uid": "35514686", "content": "好耶！！"}, {"uid": "8376997", "content": "可"}, {"uid": "1896291", "content": "有点方言的意思"}, {"uid": "26337587", "content": "好听啊"}, {"uid": "36065815", "content": "！！！！！！！！！！！！"}, {"uid": "271973487", "content": "真的强你是音乐学院的吗"}, {"uid": "6243686", "content": "tql"}, {"uid": "2998551", "content": "关于我在B站听日本唱见唱我没听过的中文歌这件事"}, {"uid": "18051689", "content": "太棒啦"}, {"uid": "344612853", "content": "首页"}, {"uid": "40310031", "content": "来哟"}, {"uid": "28253056", "content": "真正的艺术是没有国界额"}, {"uid": "5774810", "content": "卧槽"}, {"uid": "224354528", "content": "山歌"}, {"uid": "91518979", "content": "棒"}, {"uid": "151742", "content": "老妹，哥来了"}, {"uid": "748182", "content": "好耶好耶好耶"}, {"uid": "5244791", "content": "!"}, {"uid": "133056", "content": "双厨狂嘻"}, {"uid": "93791342", "content": "好耶"}, {"uid": "6475974", "content": "好耶"}, {"uid": "2673557", "content": "xdm 有女神"}, {"uid": "1785200", "content": "没人看吗"}, {"uid": "23828724", "content": "就这三个哥，没有多少人能唱好，那些网络歌手流量明星绝对唱不好"}, {"uid": "2436125", "content": "V圈啊。。。"}, {"uid": "39021449", "content": "要是《歌手》那个版本就更好了"}, {"uid": "31950837", "content": "。。。舒服"}, {"uid": "437424638", "content": "0"}, {"uid": "271973487", "content": "开口赞"}, {"uid": "2218620", "content": "好耶！"}, {"uid": "9089424", "content": "？？？"}, {"uid": "13791887", "content": "开幕雷击"}, {"uid": "1024567761", "content": "斩劲"}, {"uid": "362389", "content": "沃"}, {"uid": "244302637", "content": "看看和国家队选手的差距在哪"}, {"uid": "162759845", "content": "我还是听龚琳娜老师唱过才知道这首民歌的"}, {"uid": "42043792", "content": "好棒"}, {"uid": "245594764", "content": "好耶"}, {"uid": "13609100", "content": "喜欢"}, {"uid": "25375745", "content": "可以"}, {"uid": "1378242", "content": "好耶"}, {"uid": "99496813", "content": "双厨狂喜"}, {"uid": "52453166", "content": "？？？？我们的民族唱法也能唱？"}, {"uid": "690787740", "content": "这啥啊，没见过"}, {"uid": "2837874", "content": "好听好听好听好听好听好听好听好听好听好听好听"}, {"uid": "50941833", "content": "sdfdsf"}, {"uid": "842734", "content": "？？？？？？？？？？？？？？？？？？？？？"}, {"uid": "11360156", "content": "小邪神飞踢"}]