[{"uid": "480468", "content": "适合这首歌"}, {"uid": "329085", "content": "wwww"}, {"uid": "2842433", "content": "味道太对了"}, {"uid": "436807490", "content": "要哭"}, {"uid": "57162", "content": "别扶我，，，我只是没站稳而已"}, {"uid": "303476", "content": "这个啊，太艺术了"}, {"uid": "303476", "content": "职业选手下场"}, {"uid": "24992120", "content": "这是我个凡人能免费听的么"}, {"uid": "24992120", "content": "最近一直听这首呢"}, {"uid": "3082371", "content": "!!!"}, {"uid": "480094313", "content": "余音绕梁 不绝如缕"}, {"uid": "19468967", "content": "这首唱的是真好"}, {"uid": "19468967", "content": "我爱了啊啊啊啊啊！！"}, {"uid": "19468967", "content": "23333"}, {"uid": "19468967", "content": "笑死"}, {"uid": "1464514", "content": "可爱"}, {"uid": "33902337", "content": "草"}, {"uid": "714506", "content": "啊啊"}, {"uid": "11623894", "content": "这个语速同传太难了"}, {"uid": "34734744", "content": "好像原唱！！"}, {"uid": "2436125", "content": "这个音也就D5，怎么可能唱不上去，更高的都唱过"}, {"uid": "52201827", "content": "拉了"}, {"uid": "75096095", "content": "卧槽"}, {"uid": "8937535", "content": "？"}, {"uid": "1939461", "content": "好怀念的歌曲啊上高中的时候天天听"}, {"uid": "224321737", "content": "这是我能免费听的吗？"}, {"uid": "16512343", "content": "卧槽"}, {"uid": "38233197", "content": "太强了"}, {"uid": "14630447", "content": "tql"}, {"uid": "8670831", "content": "这就是全民养成吗"}, {"uid": "8708545", "content": "我想起了高兴的事情"}, {"uid": "11360156", "content": "tql"}, {"uid": "2359368", "content": "哈哈哈哈哈哈"}, {"uid": "2359368", "content": "太用心了吧"}, {"uid": "2359368", "content": "唱音乐剧肯定不能有口音啦"}, {"uid": "2359368", "content": "都准备了不同的背景啊ww，"}, {"uid": "2359368", "content": "好好听呜呜"}, {"uid": "2359368", "content": "好家伙"}, {"uid": "2359368", "content": "b"}, {"uid": "2359368", "content": "太强了"}, {"uid": "2359368", "content": "哈哈哈哈好耶"}, {"uid": "2359368", "content": "好好听"}, {"uid": "582833", "content": "凡尔赛歌手"}, {"uid": "33244570", "content": "唱 得 不 太 好"}, {"uid": "487787", "content": "跪了"}, {"uid": "2063530", "content": "太美了 享受啊"}, {"uid": "2063530", "content": "可爱 哈哈哈"}, {"uid": "10282149", "content": "！"}, {"uid": "807019", "content": "好便宜hhhhhhhhhhh"}, {"uid": "1690448", "content": "kksk"}, {"uid": "807019", "content": "卧槽"}, {"uid": "1690448", "content": "小拉不算拉"}, {"uid": "552465", "content": "太强了"}, {"uid": "921629", "content": "啊啊啊，错过了直播终于等到视频了"}, {"uid": "12784622", "content": "美声都要出来了"}, {"uid": "2359368", "content": "好喜欢这首"}, {"uid": "451257706", "content": "有一首叫月桂女神的歌  好像也是这样的"}, {"uid": "31157014", "content": "太棒了！"}, {"uid": "33843308", "content": "太强了"}, {"uid": "1312957", "content": "直接跳过来先爽一下"}, {"uid": "451257706", "content": "这绝对是应该上冰与火之歌的啊  想看月灵和阿梓对决啊"}, {"uid": "29857", "content": "哦哦哦哦哦"}, {"uid": "349507680", "content": "她真的想让我们作曲吗？"}, {"uid": "633358", "content": "好漂亮"}, {"uid": "6683157", "content": "太像了"}, {"uid": "31498", "content": "dna动了"}, {"uid": "29857", "content": "开口这气息 跪了"}, {"uid": "38065", "content": "卧槽"}, {"uid": "481911", "content": "上不去不至于，应该不会有流行曲目能对这位构成威胁——"}, {"uid": "21397998", "content": "“唱的不好，只是兴趣”"}, {"uid": "21397998", "content": "这是我能免费听到的么"}, {"uid": "394892", "content": "感觉不像上不去，像是中途要换一种呼吸，然后卡了！"}, {"uid": "130563356", "content": "移动cd机"}, {"uid": "130563356", "content": "这小舌音爱了"}, {"uid": "130563356", "content": "懂了，这是月灵角色歌"}, {"uid": "130563356", "content": "符合设定"}, {"uid": "130563356", "content": "太舒服了啊"}, {"uid": "3517180", "content": "错词了wwww"}, {"uid": "361689585", "content": "太强了"}, {"uid": "355627", "content": "鸡皮疙瘩起来了...."}, {"uid": "399941969", "content": "强"}, {"uid": "399941969", "content": "芜湖"}, {"uid": "97224893", "content": "翻译机是世界上最好的相声演员"}, {"uid": "60276", "content": "妖精的旋律诶"}, {"uid": "1751459", "content": "唐突凡尔赛"}, {"uid": "1751459", "content": "原来拉丁文的火是伊格尼斯啊"}, {"uid": "2950464", "content": "她好可爱"}, {"uid": "4122612", "content": "妈问跪"}, {"uid": "220577", "content": "！！"}, {"uid": "334906", "content": "带恶人"}, {"uid": "2950464", "content": "《不是很好》"}, {"uid": "2950464", "content": "我死了"}, {"uid": "5215500", "content": "翻注：这里漏翻了re 万分抱歉"}, {"uid": "8670831", "content": "哈哈升不上去"}, {"uid": "93160314", "content": "跪了..."}, {"uid": "2250322", "content": "开口跪"}, {"uid": "12575701", "content": "Tql"}, {"uid": "2951804", "content": "老外耳机.jpg"}, {"uid": "25099921", "content": "太强了降维打击"}, {"uid": "266185592", "content": "呜呜呜呜呜呜"}, {"uid": "262337541", "content": "美丽之物的前奏真的好听"}, {"uid": "262337541", "content": "美丽之物！！！！！！！"}, {"uid": "3472643", "content": "兴趣使然的歌手（"}, {"uid": "266185592", "content": "hhhh"}, {"uid": "262337541", "content": "太稳了"}, {"uid": "262337541", "content": "跪了"}, {"uid": "4213301", "content": "淦 好便宜"}, {"uid": "262337541", "content": "ohhhhh！我最期待的！"}, {"uid": "4213301", "content": "对粉丝好好 还去专门购入了"}, {"uid": "4213301", "content": "基本没有口音 tql"}, {"uid": "4213301", "content": "跪了"}, {"uid": "4213301", "content": "“只是兴趣爱好”"}, {"uid": "4213301", "content": "卧槽"}, {"uid": "24843278", "content": "鸡皮疙瘩起来了"}, {"uid": "28041545", "content": "？上来就王炸啊"}, {"uid": "895261", "content": "开口跪"}, {"uid": "310457", "content": "“我唱得也不是很好”"}, {"uid": "189645", "content": "老外耳机"}, {"uid": "118048", "content": "一上来就银龙背"}, {"uid": "10358236", "content": "我人没了"}, {"uid": "2260184", "content": "来看来看"}, {"uid": "310457", "content": "小拉不算拉w"}, {"uid": "21666706", "content": "太好听了..."}, {"uid": "3643893", "content": "呜呜呜太感动了"}, {"uid": "40294", "content": "_(:3 」∠)_ 再看一遍熟肉版"}, {"uid": "908772", "content": "晚睡的鸟儿有歌听"}, {"uid": "14300115", "content": "好强啊"}, {"uid": "291403393", "content": "草，这张力"}, {"uid": "380276", "content": "来了来了"}, {"uid": "807019", "content": "哈哈哈哈哈哈哈哈哈哈哈哈哈哈哈唱错也好可爱"}, {"uid": "11360156", "content": "小邪神飞踢"}]