[{"uid": "24992120", "content": "江苏人表示味太正了"}, {"uid": "2107746", "content": "《发音不准确》"}, {"uid": "75096095", "content": "禁止炸鱼"}, {"uid": "10059993", "content": "5000分大佬下场屠幼"}, {"uid": "23828724", "content": "出现了，六边形战士"}, {"uid": "10047872", "content": "好家伙，我直呼好家伙"}, {"uid": "34443231", "content": "职业选手禁止参赛"}, {"uid": "942830", "content": "老外都听哭了"}, {"uid": "942830", "content": "我在b站突然沉迷老歌"}, {"uid": "4416126", "content": "卧槽，不亏是三首歌吸引了3万粉的女人，"}, {"uid": "4416126", "content": "卧槽，专业选手请出门去隔壁家参赛"}, {"uid": "374367144", "content": "点关注不迷路实力唱见"}, {"uid": "70796148", "content": "国家队的？？？？？"}, {"uid": "10078298", "content": "职业选手禁止参赛"}, {"uid": "7468864", "content": "职业选手不愧是职业选手"}, {"uid": "8937535", "content": "穿透灵魂的歌声"}, {"uid": "2232133", "content": "真的专业，江苏人被感动了"}, {"uid": "24213285", "content": "在？为什么斗地主开局王炸？"}, {"uid": "24213285", "content": "职业选手禁止参赛"}, {"uid": "335396940", "content": "人家本职工作是唱歌剧的，职业选手。。"}, {"uid": "20945817", "content": "这个语调才是真正的吴语茉莉花啊……"}, {"uid": "636367", "content": "这也 太猛了"}, {"uid": "22277524", "content": "禁止职业选手参赛"}, {"uid": "276583051", "content": "大佬卧槽我的"}, {"uid": "277381540", "content": "卧槽？！！！牛逼"}, {"uid": "25244663", "content": "震 撼 我 妈"}, {"uid": "3730645", "content": "姐姐太强了"}, {"uid": "9857586", "content": "字 正 腔 圆！"}, {"uid": "189645", "content": "职业选手禁止参赛"}, {"uid": "412193703", "content": "扬州人在这！！！"}, {"uid": "5882602", "content": "职业选手下场直接干碎其他人"}, {"uid": "106513572", "content": "这波是满级大佬屠杀新手村"}, {"uid": "6451359", "content": "哇这个转音，awsl"}, {"uid": "3216374", "content": "老外，二级，流泪"}, {"uid": "32407447", "content": "职业选手禁止参赛"}, {"uid": "8090062", "content": "老外 耳朵 流泪"}, {"uid": "33836760", "content": "职业选手禁止下场殴打小朋友"}, {"uid": "2854211", "content": "叔叔的大手开始了"}, {"uid": "9187169", "content": "职业选手"}, {"uid": "3890973", "content": "老外 耳机 流泪"}, {"uid": "5734672", "content": "好家伙，我直接好家伙"}, {"uid": "8633829", "content": "好一朵美丽的茉莉花"}, {"uid": "270359608", "content": "这就是强者的世界吗？（探头"}, {"uid": "3179958", "content": "好家伙，自带方言味"}, {"uid": "13594918", "content": "好家伙上来就开大"}, {"uid": "67632", "content": "我很喜欢这首传统音乐《茉莉花》"}, {"uid": "573864", "content": "江浙一块的表示这个摘下说得很有我们这方言的感觉"}, {"uid": "1929945", "content": "职业选手炸鱼了"}, {"uid": "7577254", "content": "茉莉花并不是吴语，是今南京六合，曾经是扬州属"}, {"uid": "277661508", "content": "字正腔圆"}, {"uid": "38044998", "content": "第一个视频可还行"}, {"uid": "1470412", "content": "卧槽我跪了好强"}, {"uid": "6206284", "content": "中文学了几天就直接唱了"}, {"uid": "11329290", "content": "这就叫专业.jpg"}, {"uid": "455452", "content": "惊了！我愣住了！这么强的么"}, {"uid": "24591927", "content": "这真的是 这真的是太牛了"}, {"uid": "12232857", "content": "禁止职业选手参赛"}, {"uid": "171204", "content": "这就是强者的世界"}, {"uid": "112845", "content": "耳机 老外 流泪"}, {"uid": "71993", "content": "老外 耳机 眼泪"}, {"uid": "1467133", "content": "禁止职业选手参赛"}, {"uid": "3023253", "content": "职 业 首 秀"}, {"uid": "1750251", "content": "字正腔圆"}, {"uid": "20507313", "content": "我的天，好家伙！太厉害了"}, {"uid": "4231495", "content": "一般人还真不敢选这歌"}, {"uid": "2250322", "content": "跪了，职业选手"}, {"uid": "10223419", "content": "这中文太标准了吧"}, {"uid": "7612167", "content": "老外耳机流泪"}, {"uid": "2080426", "content": "不愧是专业选手"}, {"uid": "390629573", "content": "请让我叫你一声神仙姐姐"}, {"uid": "575379", "content": "这里是音乐教室吗"}, {"uid": "906544", "content": "老外，耳机，流泪"}, {"uid": "19223291", "content": "职业选手炸鱼啊"}, {"uid": "7085771", "content": "评委请不要下场打架！"}, {"uid": "7408316", "content": "第一个视频竟然是翻唱茉莉花！"}, {"uid": "674198", "content": "日语口音唱意外的味很正"}, {"uid": "2405824", "content": "专业人士下场了"}, {"uid": "255985", "content": "还有自填词！"}, {"uid": "8439446", "content": "老外 耳机 眼泪"}, {"uid": "4677339", "content": "xdm这可太强了"}, {"uid": "4677339", "content": "唱见这个词也太古老了我的姐姐"}, {"uid": "20663104", "content": "这个“摘下”有吴语的味儿了"}, {"uid": "297406", "content": "卧槽，天才"}, {"uid": "281755009", "content": "有种吴言侬语的感觉"}, {"uid": "12784622", "content": "鸡皮疙瘩都起来了"}, {"uid": "15445535", "content": "卧槽，这也太标准了"}, {"uid": "112033", "content": "老外耳机流泪"}, {"uid": "187942", "content": "好家伙我直接好家伙"}, {"uid": "5244791", "content": "老外 耳机 流泪"}, {"uid": "5244791", "content": "专业选手"}, {"uid": "10283861", "content": "必须发个弹幕支持一下，太强了！"}, {"uid": "70687775", "content": "《专业》"}, {"uid": "8630003", "content": "等一个「开口跪」"}, {"uid": "11583565", "content": "真·神仙下凡啊"}, {"uid": "2951354", "content": "好家伙  神仙降维打击"}, {"uid": "7924963", "content": "这中文发音有点准啊"}, {"uid": "942830", "content": "每天一遍"}, {"uid": "4661588", "content": "歌力天花板的VTB"}, {"uid": "13242931", "content": "每天一遍，太好听啦"}, {"uid": "620146628", "content": "这完全是不同级别了"}, {"uid": "10192687", "content": "厉害了！我的姐！！！！"}, {"uid": "10920735", "content": "教练我也想学"}, {"uid": "3064113", "content": "直呼内行"}, {"uid": "10920735", "content": "神仙vup"}, {"uid": "10920735", "content": "鸡皮疙瘩掉一地"}, {"uid": "75096095", "content": "额滴娘嘞"}, {"uid": "31255973", "content": "国家队下场了"}, {"uid": "107806065", "content": "职业选手啊啊啊啊啊啊啊"}, {"uid": "26269043", "content": "天籁之音！"}, {"uid": "15968925", "content": "职业选手怎么都参赛了？"}, {"uid": "272744377", "content": "人是歌剧演员"}, {"uid": "20945817", "content": "再来一遍！"}, {"uid": "636367", "content": "老外 耳机 流泪"}, {"uid": "4744344", "content": "职业玩家下场"}, {"uid": "12957780", "content": "卧槽，好听"}, {"uid": "8985751", "content": "好狠"}, {"uid": "84175253", "content": "你搁这炸鱼来了"}, {"uid": "4876370", "content": "直接首页惊了"}, {"uid": "683241", "content": "真是专业的"}, {"uid": "12140193", "content": "欢迎回来"}, {"uid": "290231", "content": "这是哪路神仙呀，加推了"}, {"uid": "257951", "content": "真的是开口跪"}, {"uid": "442407860", "content": "我嘞个去!"}, {"uid": "10283861", "content": "强就一个字！"}, {"uid": "7664769", "content": "鸡皮疙瘩起来了，无敌"}, {"uid": "4879751", "content": "直接首页太强了"}, {"uid": "304418", "content": "卧槽，不是刚说要学吗"}, {"uid": "25753570", "content": "起鸡皮疙瘩了"}, {"uid": "25084008", "content": "woc，这么标准？"}, {"uid": "27399809", "content": "太强了！！！"}, {"uid": "14317692", "content": "我人傻了"}, {"uid": "624267306", "content": "茉莉花"}, {"uid": "471447402", "content": "开口跪"}, {"uid": "21352", "content": "耳机 流泪老外 耳机"}, {"uid": "950587", "content": "来了个关羽"}, {"uid": "4205886", "content": "起鸡皮疙瘩了"}, {"uid": "62371", "content": "老外，耳机，流泪"}, {"uid": "24141412", "content": "这事真的牛"}, {"uid": "24141412", "content": "这又是什么神仙"}, {"uid": "20907", "content": "开口跪了"}, {"uid": "450220", "content": "等一手直播啊"}, {"uid": "21355980", "content": "姐姐好强"}, {"uid": "5293368", "content": "神仙！！！中文才学多久呀"}, {"uid": "552465", "content": "卧槽！"}, {"uid": "2355811", "content": "神仙姐姐！！！！！！！！！"}, {"uid": "6991977", "content": "上上手！！！"}, {"uid": "78458", "content": "热门上榜祝贺！"}, {"uid": "4484045", "content": "！！！这么标准"}, {"uid": "573864", "content": "卧槽！我回老家了？"}, {"uid": "753723", "content": "好家伙，关注了"}, {"uid": "2854211", "content": "老外 耳机 流泪"}, {"uid": "2673557", "content": "恭喜上首页！"}, {"uid": "115832", "content": "专业选手"}, {"uid": "9963240", "content": "人民艺术家"}, {"uid": "66589527", "content": "强！！！"}, {"uid": "1471133", "content": "这就叫专业水准！"}, {"uid": "11266730", "content": "这就是专业"}, {"uid": "97928", "content": "这开口惊了"}, {"uid": "82550329", "content": "这就叫专业！"}, {"uid": "5826610", "content": "老外耳机流泪"}, {"uid": "95756790", "content": "好家伙！有bear来！"}, {"uid": "1978870", "content": "老外 耳机 眼泪"}, {"uid": "488371", "content": "這開口真的炸了啊"}, {"uid": "23176930", "content": "我跪了"}, {"uid": "4698918", "content": "ears 外人 泪目"}, {"uid": "161942365", "content": "为姐姐发弹幕，好听"}, {"uid": "6683157", "content": "神仙"}, {"uid": "5501129", "content": "非常好听！"}, {"uid": "10818861", "content": "老外 耳机 流泪"}, {"uid": "5501129", "content": "太强了吧"}, {"uid": "394892", "content": "这真得单推"}, {"uid": "24141412", "content": "一个人弄的就很牛！"}, {"uid": "62371", "content": "卧槽神仙唱歌"}, {"uid": "8630003", "content": "发音好标准！"}, {"uid": "32724924", "content": "好家伙，单推了"}, {"uid": "11474022", "content": "？？！这个也太强了吧"}, {"uid": "3827357", "content": "太棒了！suki！"}, {"uid": "10153233", "content": "卧槽！！！"}, {"uid": "2854211", "content": "真实降维打击"}, {"uid": "3654502", "content": "来了来了！"}, {"uid": "12329050", "content": "专业 好听 卧槽"}, {"uid": "15197160", "content": "？？？好准"}, {"uid": "415427122", "content": "来了来了"}, {"uid": "98698433", "content": "声音太稳了，佩服！"}, {"uid": "351891174", "content": "直接好家伙"}, {"uid": "374367144", "content": "大家喜欢的记得点个关注"}, {"uid": "748161", "content": "满鸡鸭哈哈哈哈哈哈哈哈哈"}, {"uid": "11902800", "content": "???!!!!好牛！！"}, {"uid": "24269363", "content": "woc？这太强了"}, {"uid": "34532172", "content": "神仙姐姐"}, {"uid": "3064113", "content": "我直呼内行"}, {"uid": "950587", "content": "起一身鸡皮"}, {"uid": "51314238", "content": "再来一遍"}, {"uid": "282172335", "content": "天呐太强了吧"}, {"uid": "1306478", "content": "让我们开头再见！"}, {"uid": "1451538", "content": "惊艳，关注姐姐了"}, {"uid": "1303760", "content": "nb"}, {"uid": "11293683", "content": "卧槽 卧槽 卧槽"}, {"uid": "8985751", "content": "这tm好狠"}, {"uid": "11327647", "content": "开无双乱杀"}, {"uid": "367225002", "content": "歌力MAX"}, {"uid": "4753220", "content": "姐姐太强了"}, {"uid": "28713", "content": "专 业"}, {"uid": "149259", "content": "真正的专业水平"}, {"uid": "11436219", "content": "有被麻到，强"}, {"uid": "1478251", "content": "来了来了"}, {"uid": "7982322", "content": "专 业"}, {"uid": "2500994", "content": "忒标准了"}, {"uid": "4744344", "content": "wor"}, {"uid": "19485953", "content": "江苏人爱了"}, {"uid": "39294647", "content": "神仙"}, {"uid": "35869753", "content": "动听的歌声！"}, {"uid": "187130", "content": "来了来了"}, {"uid": "284474012", "content": "卧槽！"}, {"uid": "436311157", "content": "起鸡皮疙瘩了"}, {"uid": "15234688", "content": "有方言的味道"}, {"uid": "95268116", "content": "专业"}, {"uid": "68010785", "content": "摘~~下~~~"}, {"uid": "97224893", "content": "大佬来了！"}, {"uid": "24329830", "content": "直接好家伙"}, {"uid": "739530", "content": "职业选手"}, {"uid": "5244791", "content": "卧槽"}, {"uid": "10951472", "content": "太强了！！！"}, {"uid": "913781", "content": "职业选手"}, {"uid": "6206284", "content": "禁止炸鱼塘"}, {"uid": "3409621", "content": "这是什么神仙"}, {"uid": "3409621", "content": "这也太强了"}, {"uid": "4205886", "content": "开口跪"}, {"uid": "2230640", "content": "这也太标准了吧"}, {"uid": "2230640", "content": "来了来了"}, {"uid": "170280", "content": "跪了跪了"}, {"uid": "135395986", "content": "好强的翻译版"}, {"uid": "2539273", "content": "好厉害！！"}, {"uid": "115832", "content": "素晴らしい"}, {"uid": "10850411", "content": "热门榜祝贺"}, {"uid": "2022429", "content": "这什么神仙阿"}, {"uid": "9002165", "content": "卧槽，好听"}, {"uid": "8461", "content": "这声音太通透了吧。"}, {"uid": "147123", "content": "好强！！"}, {"uid": "13397166", "content": "我大E了，没有闪，单推！"}, {"uid": "328831269", "content": "the big is coming"}, {"uid": "4777092", "content": "什么叫国际 （后仰"}, {"uid": "2747601", "content": "来了来了！"}, {"uid": "203299898", "content": "这就是专业吗"}, {"uid": "176730478", "content": "姐姐太强了！"}, {"uid": "50928", "content": "大的要来了"}, {"uid": "803147", "content": "woc 开口跪"}, {"uid": "2408710", "content": "神仙"}, {"uid": "7678292", "content": "无言中，开口跪"}, {"uid": "3386387", "content": "看到没有，这就是专业"}, {"uid": "921629", "content": "爱了爱了！终于来啦！"}, {"uid": "3386387", "content": "她来啦！！！"}, {"uid": "325181", "content": "太强了！！！"}, {"uid": "6515731", "content": "我直接好家伙"}, {"uid": "3827357", "content": "ohhhhhhhhhhhhhhhhhhh"}, {"uid": "3827357", "content": "来了来了！"}, {"uid": "464788", "content": "这太强了"}, {"uid": "24992120", "content": "这是艺术家了"}, {"uid": "7960168", "content": "降维打击"}, {"uid": "14984180", "content": "ohhhhhhhh"}, {"uid": "4661588", "content": "大佬"}, {"uid": "12361663", "content": "卧槽"}, {"uid": "288573287", "content": "这也太强了吧"}, {"uid": "260253631", "content": "强到离谱"}, {"uid": "237859318", "content": "也太稳了"}, {"uid": "57950045", "content": "真的开口跪"}, {"uid": "950587", "content": "来看神仙"}, {"uid": "75096095", "content": "卧槽"}, {"uid": "75096095", "content": "我滴妈？"}, {"uid": "107806065", "content": "我人傻了"}, {"uid": "85357443", "content": "卧槽"}, {"uid": "11174672", "content": "厉害"}, {"uid": "351362510", "content": "我爱你啊姐姐"}, {"uid": "163938960", "content": "我去好强"}, {"uid": "336540832", "content": "卧槽"}, {"uid": "412898866", "content": "跪了"}, {"uid": "8985751", "content": "卧槽"}, {"uid": "26538089", "content": "专业"}, {"uid": "25274885", "content": "？！！？！？！！！"}, {"uid": "374921", "content": "卧槽"}, {"uid": "10709692", "content": "太强了"}, {"uid": "429737535", "content": "降维打击"}, {"uid": "45180554", "content": "降维打击"}, {"uid": "8710512", "content": "看看，这就叫专业"}, {"uid": "115678", "content": "有点厉害啊"}, {"uid": "1720300", "content": "太标准了"}, {"uid": "11159746", "content": "一小时1w强强eteru"}, {"uid": "34752613", "content": "强"}, {"uid": "3916187", "content": "大的药来了"}, {"uid": "4043958", "content": "起了鸡皮疙瘩"}, {"uid": "5710433", "content": "神仙"}, {"uid": "1555245", "content": "这个。太强了。。"}, {"uid": "97224893", "content": "三连了，三连了"}, {"uid": "290453573", "content": "厉害啊"}, {"uid": "5801534", "content": "扬州人狂喜"}, {"uid": "1761668", "content": "太强了"}, {"uid": "624267306", "content": "好厉害！！！"}, {"uid": "5244791", "content": "ohhhhhhhhhhhhh"}, {"uid": "5244791", "content": "ohhhhhhhhhhhhhhhhhhhhhhh"}, {"uid": "1876475", "content": "太强了"}, {"uid": "8399437", "content": "专业"}, {"uid": "25630548", "content": "来了来了"}, {"uid": "34507923", "content": "太标准了"}, {"uid": "2105", "content": "无敌"}, {"uid": "14145951", "content": "这个可以 牛逼"}, {"uid": "20907", "content": "神仙！！！"}, {"uid": "155269277", "content": "专业"}, {"uid": "147123", "content": "首页通知书"}, {"uid": "147123", "content": "首页警告"}, {"uid": "8541606", "content": "来了来了"}, {"uid": "591990", "content": "降维打击"}, {"uid": "170280", "content": "卧槽！"}, {"uid": "11836161", "content": "卧槽"}, {"uid": "8226120", "content": "强"}, {"uid": "90918", "content": "卧槽"}, {"uid": "4421158", "content": "哇！！！"}, {"uid": "231667339", "content": "期待阿B首播啊。"}, {"uid": "630303", "content": "太强了"}, {"uid": "115832", "content": "来了来了"}, {"uid": "6374723", "content": "首页通知书"}, {"uid": "15297456", "content": "太强了"}, {"uid": "6348454", "content": "卧槽"}, {"uid": "10455913", "content": "我的膝盖……"}, {"uid": "2636434", "content": "功底很厉害"}, {"uid": "4777092", "content": "强"}, {"uid": "8956859", "content": "大的要来了"}, {"uid": "71602721", "content": "来了来了"}, {"uid": "6590030", "content": "なんか、中国語の後に「aegisub」の操作方法を習えば、自分で字幕作れそうな気がした。"}, {"uid": "24141412", "content": "这是大物了吧"}, {"uid": "13669372", "content": "卧槽"}, {"uid": "3386387", "content": "日语版毫无违和"}, {"uid": "3683473", "content": "来了来了"}, {"uid": "3386387", "content": "爱了爱了！！"}, {"uid": "2080718", "content": "好家伙"}, {"uid": "344612853", "content": "来了来了"}, {"uid": "11691053", "content": "专业人士"}, {"uid": "3827357", "content": "太强了！"}, {"uid": "178109419", "content": "我人傻了"}, {"uid": "147893091", "content": "专业专业"}, {"uid": "254192", "content": "卧槽"}, {"uid": "1293027", "content": "卧槽"}, {"uid": "19683409", "content": "流弊！！！！！！！"}, {"uid": "70796148", "content": "过于pro"}, {"uid": "13975172", "content": "好家伙"}, {"uid": "498459", "content": "厉害"}, {"uid": "21540310", "content": "我被净化了"}, {"uid": "285720243", "content": "卧槽"}, {"uid": "35805329", "content": "降维打击"}, {"uid": "94087310", "content": "太强了"}, {"uid": "4078261", "content": "卧槽"}, {"uid": "40832705", "content": "牛笔"}, {"uid": "13479883", "content": "我死了"}, {"uid": "107806065", "content": "太强了吧"}, {"uid": "12448506", "content": "太强了"}, {"uid": "276351", "content": "这河里吗"}, {"uid": "5269035", "content": "一会儿fa一会儿hua"}, {"uid": "387231", "content": "卧槽"}, {"uid": "319058062", "content": "好家伙"}, {"uid": "319058062", "content": "棒！！！"}, {"uid": "11293683", "content": "卧槽"}, {"uid": "356141652", "content": "kksk!!!"}, {"uid": "10579112", "content": "卧槽"}, {"uid": "10579112", "content": "好听！！"}, {"uid": "3216584", "content": "好棒啊啊啊"}, {"uid": "7473228", "content": "专业"}, {"uid": "109778425", "content": "一骑绝尘"}, {"uid": "15871106", "content": "太强了吧"}, {"uid": "1478251", "content": "天才"}, {"uid": "323279", "content": "强"}, {"uid": "1921751", "content": "太强了"}, {"uid": "2741721", "content": "太强了"}, {"uid": "52495540", "content": "真的好强"}, {"uid": "108249775", "content": "无敌了"}, {"uid": "13759059", "content": "太强了"}, {"uid": "153802", "content": "太强了"}, {"uid": "402883", "content": "我的天"}, {"uid": "11026778", "content": "卧槽"}, {"uid": "2209382", "content": "怎么这么粤语"}, {"uid": "377650533", "content": "哇"}, {"uid": "34876999", "content": "开口跪"}, {"uid": "602715", "content": "好家伙"}, {"uid": "179920473", "content": "强"}, {"uid": "36077319", "content": "好强"}, {"uid": "33902337", "content": "好强"}, {"uid": "203299898", "content": "这就是专业吗"}, {"uid": "3848638", "content": "厉害厉害"}, {"uid": "455328247", "content": "kksk"}, {"uid": "170280", "content": "d T_T b"}, {"uid": "591990", "content": "卧槽"}, {"uid": "8780727", "content": "强啊"}, {"uid": "2295189", "content": "惊了"}, {"uid": "27680427", "content": "炸鱼，"}, {"uid": "27620715", "content": "神仙啊！"}, {"uid": "8017220", "content": "太强了"}, {"uid": "99496813", "content": "首页通知书"}, {"uid": "33658952", "content": "太好听了"}, {"uid": "147123", "content": "上来就开大，好耶！"}, {"uid": "4053279", "content": "卧槽"}, {"uid": "310907855", "content": "太强了"}, {"uid": "310907855", "content": "来了来了"}, {"uid": "8439446", "content": "太强了"}, {"uid": "4677339", "content": "这也太强了"}, {"uid": "2673557", "content": "太强了"}, {"uid": "94374", "content": "来了！！"}, {"uid": "12255032", "content": "太强了太强了"}, {"uid": "2309780", "content": "太强了"}, {"uid": "203299898", "content": "哭唧唧"}, {"uid": "5501129", "content": "卧槽"}, {"uid": "131829030", "content": "太强了"}, {"uid": "918416", "content": "开口跪"}, {"uid": "918416", "content": "哦哦哦来了来了"}, {"uid": "14441297", "content": "太强了"}, {"uid": "6515731", "content": "牛逼"}, {"uid": "344612853", "content": "太强了"}, {"uid": "264832", "content": "太强了！"}, {"uid": "4741752", "content": "太强了"}, {"uid": "32204447", "content": "我人傻了"}, {"uid": "1542899", "content": "好强"}, {"uid": "20619959", "content": "专业"}, {"uid": "281159434", "content": "卧槽"}, {"uid": "2342385", "content": "南方人听出了家乡味"}, {"uid": "12391506", "content": "开口跪"}, {"uid": "290297072", "content": "卧槽"}, {"uid": "187753110", "content": "好听啊！啊啊啊啊啊啊！"}, {"uid": "34532172", "content": "卧槽。。"}, {"uid": "22710346", "content": "好家伙"}, {"uid": "323804109", "content": "好家伙"}, {"uid": "2636434", "content": "88888888"}, {"uid": "97126", "content": "卧槽"}, {"uid": "11599050", "content": "我滴妈"}, {"uid": "242574180", "content": "小姐姐强强"}, {"uid": "10048377", "content": "鱼塘局？"}, {"uid": "84958627", "content": "跪了"}, {"uid": "8937535", "content": "鱼塘乱杀"}, {"uid": "89054259", "content": "awsl"}, {"uid": "2914977", "content": "???"}, {"uid": "278122715", "content": "专业"}, {"uid": "13625416", "content": "wok"}, {"uid": "584669", "content": "强"}, {"uid": "456811", "content": "太厉害了"}, {"uid": "297609550", "content": "卧槽"}, {"uid": "482775720", "content": "不错"}, {"uid": "252983990", "content": "太厉害了"}, {"uid": "29525768", "content": "上海人民泪目"}, {"uid": "86597226", "content": "woc"}, {"uid": "144545245", "content": "第一个发布首页"}, {"uid": "10283861", "content": "强！强！强！"}, {"uid": "419520248", "content": "牛的"}, {"uid": "12384810", "content": "卧槽？？"}, {"uid": "356412", "content": "专业"}, {"uid": "405221307", "content": "开口跪"}, {"uid": "6398929", "content": "哇专业"}, {"uid": "60678525", "content": "肝疼的bgm"}, {"uid": "35728766", "content": "降维打击"}, {"uid": "10283861", "content": "好听！！！！"}, {"uid": "15689024", "content": "好家伙"}, {"uid": "12809842", "content": "真不错啊"}, {"uid": "754569", "content": "首页恭喜！"}, {"uid": "13134330", "content": "开口跪"}, {"uid": "284474012", "content": "卧槽"}, {"uid": "2352517", "content": "好厉害……"}, {"uid": "32765601", "content": "888888"}, {"uid": "2636072", "content": "开口跪"}, {"uid": "3228966", "content": "我的妈呀"}, {"uid": "283743875", "content": "关注了"}, {"uid": "4879751", "content": "专业"}, {"uid": "11174672", "content": "好厉害"}, {"uid": "608496", "content": "太强了"}, {"uid": "2872911", "content": "我去！！！！！"}, {"uid": "624267306", "content": "棒棒哒！"}, {"uid": "624267306", "content": "见封进"}, {"uid": "2556696", "content": "我惊了"}, {"uid": "168091", "content": "太哈人了"}, {"uid": "34507923", "content": "好仃"}, {"uid": "348682", "content": "内行内行"}, {"uid": "216412", "content": "ohhhhhhhhhhhhhhhhh"}, {"uid": "2706845", "content": "太强了"}, {"uid": "146091", "content": "也太强了"}, {"uid": "1594386", "content": "跪了"}, {"uid": "85728329", "content": "pro！！"}, {"uid": "297992", "content": "吴侬软语"}, {"uid": "3308087", "content": "woc"}, {"uid": "1378242", "content": "强"}, {"uid": "15058663", "content": "卧槽？"}, {"uid": "100972", "content": "好家伙"}, {"uid": "16581195", "content": "卧槽"}, {"uid": "147123", "content": "来了 来了"}, {"uid": "2219632", "content": "麻了"}, {"uid": "4661900", "content": "来了来了"}, {"uid": "2747601", "content": "suki"}, {"uid": "26996107", "content": "PRO"}, {"uid": "394892", "content": "88888888"}, {"uid": "38384952", "content": "江苏人狂喜"}, {"uid": "4203312", "content": "这炸鱼啊"}, {"uid": "285889", "content": "推了推了"}, {"uid": "565898", "content": "绝了"}, {"uid": "5662342", "content": "好听！"}, {"uid": "12405758", "content": "自己弹得"}, {"uid": "123160125", "content": "太强了"}, {"uid": "482970599", "content": "强强强"}, {"uid": "15704209", "content": "我的天。。。。"}, {"uid": "6054140", "content": "太强了"}, {"uid": "11131285", "content": "卧槽"}, {"uid": "405142", "content": "wocao"}, {"uid": "236185472", "content": "前面几句根本听不出不是中国人后面的那个故意模仿方言唱的"}, {"uid": "75096095", "content": "卧槽"}, {"uid": "75096095", "content": "啊啊啊？？？"}, {"uid": "162371", "content": "降维打击"}, {"uid": "4661588", "content": "WOCAO"}, {"uid": "29521407", "content": "？？？？"}, {"uid": "36065815", "content": "卧槽"}, {"uid": "7364162", "content": "tql"}, {"uid": "11902800", "content": "tql"}, {"uid": "30365657", "content": "这个模型是那个。软件吧"}, {"uid": "21600681", "content": "啊啊巴巴。。。惊到说不出话"}, {"uid": "1828640", "content": "pro"}, {"uid": "10920735", "content": "太厉害了"}, {"uid": "950587", "content": "！！！！！！？？？？？"}, {"uid": "482322", "content": "卧槽？？？"}, {"uid": "651972850", "content": "好听！！！"}, {"uid": "89054259", "content": "awsl"}, {"uid": "235685", "content": "这合理吗"}, {"uid": "14482312", "content": "卧槽"}, {"uid": "2133560", "content": "我的天"}, {"uid": "412898866", "content": "wc"}, {"uid": "100655005", "content": "88888888"}, {"uid": "10283861", "content": "强！支持！"}, {"uid": "19952352", "content": "wwwwwwwwwwwwww"}, {"uid": "601665792", "content": "马自立（混乱"}, {"uid": "20621164", "content": "."}, {"uid": "4750455", "content": "lei了lei了"}, {"uid": "6282048", "content": "专业"}, {"uid": "4753220", "content": "专业"}, {"uid": "526222", "content": "恐怖如斯"}, {"uid": "1631505", "content": "麻了。"}, {"uid": "2741721", "content": "？？？"}, {"uid": "26542556", "content": "ohhhhhhhh"}, {"uid": "32071473", "content": "枝丫那句真的有南方话的味道了"}, {"uid": "26294788", "content": "开口跪"}, {"uid": "4879751", "content": "卧槽"}, {"uid": "3580236", "content": "恭喜首页"}, {"uid": "3185275", "content": "吴语？"}, {"uid": "9522", "content": "卧槽"}, {"uid": "516374", "content": "头皮发麻"}, {"uid": "321394966", "content": "TQL!"}, {"uid": "117565740", "content": "来啦来啦"}, {"uid": "11329290", "content": "太强了"}, {"uid": "12788650", "content": "、、"}, {"uid": "30650247", "content": "这是中国人日本人？"}, {"uid": "652292215", "content": "卧槽"}, {"uid": "400366210", "content": "爱了爱了"}, {"uid": "950587", "content": "!!!!!!!!!!!!!"}, {"uid": "24141412", "content": "？？？？？？这是哪来的大物"}, {"uid": "176730478", "content": "第n遍"}, {"uid": "905174", "content": "卧槽"}, {"uid": "905174", "content": "卧槽"}, {"uid": "5928992", "content": "tql"}, {"uid": "15689069", "content": "8888888"}, {"uid": "8226120", "content": "卧槽"}, {"uid": "3616405", "content": "唱的粤语版吗"}, {"uid": "650330842", "content": "!!!!"}, {"uid": "1739523", "content": "卧槽"}, {"uid": "367486145", "content": "卧槽"}, {"uid": "390629573", "content": "耳机流泪"}, {"uid": "36296676", "content": "日本人？"}, {"uid": "45095978", "content": "卧槽"}, {"uid": "12329050", "content": "再來1次"}, {"uid": "465266", "content": "卧槽"}, {"uid": "5972885", "content": "开口跪"}, {"uid": "102476596", "content": "翘舌音还是太难了"}, {"uid": "4677339", "content": "88888888"}, {"uid": "575379", "content": "lei了lei了"}, {"uid": "20663104", "content": "太强了"}, {"uid": "100454352", "content": "太强了"}, {"uid": "390516998", "content": "伴奏也是自己做的"}, {"uid": "138491", "content": "才女"}, {"uid": "10358236", "content": "王炸"}, {"uid": "658385", "content": "太强了"}, {"uid": "74216835", "content": "卧槽"}, {"uid": "315937", "content": "强强"}, {"uid": "12644473", "content": "好家伙"}, {"uid": "12405758", "content": "；；"}, {"uid": "2080718", "content": "pro"}, {"uid": "6515731", "content": "好家伙"}, {"uid": "36171757", "content": "太强了"}, {"uid": "901245", "content": "太强了"}, {"uid": "178109419", "content": "卧槽"}, {"uid": "20619959", "content": "卧槽"}, {"uid": "2038071", "content": "太pro了吧"}, {"uid": "4681997", "content": "上流"}, {"uid": "8913562", "content": "卧槽"}, {"uid": "4533414", "content": "hua fa不分"}, {"uid": "12513493", "content": "卧槽。。"}, {"uid": "229686", "content": "好听"}, {"uid": "14574000", "content": "日本人怎么会发不好家这个音？"}, {"uid": "9872808", "content": "卧槽"}, {"uid": "4728575", "content": "fa"}, {"uid": "28872159", "content": "阿这"}, {"uid": "26429699", "content": "卧槽"}, {"uid": "75096095", "content": "你是专业的？"}]