[{"uid": "24992120", "content": "太美了，我连大气都不敢喘"}, {"uid": "21192928", "content": "爱了"}, {"uid": "908772", "content": "股宗啊啊啊啊"}, {"uid": "487787", "content": "太强了"}, {"uid": "20730561", "content": "这个断句好美"}, {"uid": "314828389", "content": "这是我能免费听的？"}, {"uid": "40294", "content": "职业选手进场 《乱鲨》"}, {"uid": "1838902", "content": "卧槽 要哭了"}, {"uid": "3190850", "content": "好强啊"}, {"uid": "18701844", "content": "太好听了"}, {"uid": "2658694", "content": "谢谢"}, {"uid": "8776456", "content": "这个停顿！好强大的唱功，气息收放自如"}, {"uid": "86635886", "content": "dd"}, {"uid": "347494518", "content": "净若白瓷，如沁琼浆"}, {"uid": "4589675", "content": "回来补弹幕 听入迷了忘记发"}, {"uid": "348502020", "content": "职业选手太强了"}, {"uid": "8446166", "content": "一瞬间，鸡皮疙瘩起来了！"}, {"uid": "5885499", "content": "泪 耳机 泪"}, {"uid": "942830", "content": "大家多三连催月灵姐姐回来搬歌和更新啊"}, {"uid": "19692637", "content": "回忆涌上心头"}, {"uid": "109230065", "content": "太好听了"}, {"uid": "475596", "content": "最后这段真是听的我不行了，awsl"}, {"uid": "36065815", "content": "每天基本都要刷十几次，太强了"}, {"uid": "171991910", "content": "青歌赛级别的神仙下场打架，这打个锤子啊"}, {"uid": "2436125", "content": "相遇恐山"}, {"uid": "2800902", "content": "声音又稳又清脆，穿透力很强"}, {"uid": "9872808", "content": "全身起鸡皮"}, {"uid": "4218925", "content": "每天来都有人在陪我反复回味"}, {"uid": "942830", "content": "求姐姐多唱这样的歌"}, {"uid": "3064113", "content": "这就是职业选手吗太强了"}, {"uid": "3064113", "content": "小哭腔绝了"}, {"uid": "1739929", "content": "这个歌曲越听越上瘾"}, {"uid": "8376997", "content": "与你相遇的"}, {"uid": "10579112", "content": "kksk"}, {"uid": "39163262", "content": "每天一遍彩虹还愿"}, {"uid": "21352", "content": "你跟我说这个是“唱见”？"}, {"uid": "5244791", "content": "太棒了"}, {"uid": "695706", "content": "耳机 老外 泪目"}, {"uid": "8640711", "content": "厉害了，听得陶醉"}, {"uid": "72258642", "content": "好听"}, {"uid": "407324", "content": "居然翻唱这首！！！爱了爱了"}, {"uid": "7037368", "content": "又重新上来啦"}, {"uid": "27381082", "content": "听完头皮发麻，完全忘了发弹幕"}, {"uid": "18898564", "content": "小生叫猫又股宗，喜欢的事是，浪迹天涯"}, {"uid": "475034221", "content": "tql"}, {"uid": "319125892", "content": "月灵姐姐好强啊！！"}, {"uid": "413073339", "content": "最后这段太美了"}, {"uid": "3429759", "content": "我妈都说好听"}, {"uid": "1597944", "content": "恐山！！！猫又股宗啊呜呜"}, {"uid": "7003158", "content": "出不去了"}, {"uid": "4458746", "content": "牛逼"}, {"uid": "5095", "content": "= =这声线，太强了"}, {"uid": "28717968", "content": "我啪的一下三连，很快啊"}, {"uid": "68010785", "content": "最近要忙12月初的舞台剧演出，暂时来不了QAQ"}, {"uid": "19856251", "content": "溢出的底力...tql"}, {"uid": "266588", "content": "太强了"}, {"uid": "14166175", "content": "她更了她更了，Ohhhh"}, {"uid": "289581", "content": "好家伙，你们不睡觉的吗"}, {"uid": "12329050", "content": "再去看通灵王漫画"}, {"uid": "12329050", "content": "月灵姐姐好棒啊o(≧v≦)o"}, {"uid": "321366", "content": "太好听了"}, {"uid": "105091348", "content": "好听！"}, {"uid": "2436125", "content": "ReVoir"}, {"uid": "2436125", "content": "再戴上透明的头纱"}, {"uid": "2436125", "content": "头顶上闪耀着的"}, {"uid": "2436125", "content": "只要看到你的一个微笑便已足够"}, {"uid": "2436125", "content": "纵使被认为无情"}, {"uid": "2436125", "content": "若在新年贺正时与你相遇"}, {"uid": "2436125", "content": "众生中孑然长寿"}, {"uid": "2436125", "content": "卸下了寂寞而沉重的躯壳"}, {"uid": "2436125", "content": "再戴上透明的头纱"}, {"uid": "2436125", "content": "也会特别想要那张照片"}, {"uid": "2436125", "content": "与白昼拥抱 寂寞而沉重的秘密"}, {"uid": "2436125", "content": "与黑夜拥抱 寂寞而沉重的秘密"}, {"uid": "2436125", "content": "再戴上透明的头纱"}, {"uid": "268089679", "content": "太厉害了"}, {"uid": "570889", "content": "任何的寂寞"}, {"uid": "38713497", "content": "超喜欢月灵"}, {"uid": "93299", "content": "素敌~"}, {"uid": "33556516", "content": "真的听醉了"}, {"uid": "124909", "content": "这是女王本人！？"}, {"uid": "28304635", "content": "求求月灵姐姐来一次b限"}, {"uid": "14302568", "content": "期待来个B限"}, {"uid": "814854", "content": "来了来了，好听，喜欢，想吃桃"}, {"uid": "431258596", "content": "非常好听"}, {"uid": "392182", "content": "神仙姐姐又来啦"}, {"uid": "1758519", "content": "woc我刚刚关注的官方号就投稿了！"}, {"uid": "236185472", "content": "科班出身的"}, {"uid": "28622250", "content": "鸡皮疙瘩起来了，太好听了"}, {"uid": "13479883", "content": "永远有人系列"}, {"uid": "245594764", "content": "永 远 的 神"}, {"uid": "142569102", "content": "啪叽就是一个三连，都是你的"}, {"uid": "19692637", "content": "唱的太棒了"}, {"uid": "38933879", "content": "厉害！"}, {"uid": "471296792", "content": "这段太好听了"}, {"uid": "92459850", "content": "很特别的声音"}, {"uid": "7928879", "content": "每日签到"}, {"uid": "5906569", "content": "说真的 这首真是百听不厌"}, {"uid": "252899038", "content": "耳机 泪目 老外 泪目 耳机"}, {"uid": "4458746", "content": "感情太充沛了"}, {"uid": "19993", "content": "居然有人敢翻这首"}, {"uid": "340666", "content": "哇，上热门了"}, {"uid": "3827357", "content": "来了来了"}, {"uid": "31531596", "content": "永 远 的 神"}, {"uid": "2436125", "content": "戴上透明的头纱"}, {"uid": "2436125", "content": "怯懦的心"}, {"uid": "2436125", "content": "至少如此"}, {"uid": "570889", "content": "等待着你的"}, {"uid": "570889", "content": "等待着你的"}, {"uid": "1306478", "content": "再来一遍"}, {"uid": "1924905", "content": "来支持啦！！"}, {"uid": "319477", "content": "晚睡有神仙！"}, {"uid": "398928249", "content": "神仙！"}, {"uid": "145305555", "content": "这段我听麻了，太有感情了"}, {"uid": "670397442", "content": "鸡皮疙瘩起来了"}, {"uid": "351891174", "content": "每日一遍"}, {"uid": "277493816", "content": "桃之爱，宜乎众矣"}, {"uid": "450755", "content": "这段太棒了"}, {"uid": "27354463", "content": "綺麗の音…"}, {"uid": "23040023", "content": "太强了，真的太强了"}, {"uid": "385197762", "content": "降维打击。。。"}, {"uid": "39978655", "content": "这个唱腔很符合这首曲子啊！"}, {"uid": "9198648", "content": "真的是太强了  "}, {"uid": "8376997", "content": "等待著你的"}, {"uid": "39163262", "content": "每一昼里，沉重而未知的寂寞，不断折返，挥之不去"}, {"uid": "3254961", "content": "突然首页"}, {"uid": "13479883", "content": "我死而无憾了"}, {"uid": "37881530", "content": "好~好听啊~"}, {"uid": "49926124", "content": "感谢弹幕老哥翻译"}, {"uid": "1597944", "content": "给叶"}, {"uid": "9809991", "content": "ohhhhhhhhhhh！！"}, {"uid": "8833312", "content": "三连以示支持"}, {"uid": "15307198", "content": "电脑首页通知书"}, {"uid": "181868807", "content": "哇塞"}, {"uid": "14302568", "content": "完美"}, {"uid": "10283861", "content": "喜欢！好听！"}, {"uid": "2436125", "content": "这首诗歌"}, {"uid": "2436125", "content": "一并凋零"}, {"uid": "2436125", "content": "多么悲伤"}, {"uid": "2436125", "content": "纵使死无葬身 纵使死无葬身"}, {"uid": "2436125", "content": "强颜欢笑着"}, {"uid": "3955409", "content": "suki"}, {"uid": "9639428", "content": "换个地方再听几遍"}, {"uid": "3056135", "content": "好希望来个中文翻译版"}, {"uid": "3056135", "content": "真好！！！"}, {"uid": "2837874", "content": "在听几遍"}, {"uid": "27977765", "content": "币比赞多，就离谱"}, {"uid": "296409521", "content": "有改动诶"}, {"uid": "9464076", "content": "来了来了"}, {"uid": "5733702", "content": "这里好耶"}, {"uid": "7381988", "content": "好听！"}, {"uid": "34952901", "content": "职业选手"}, {"uid": "9872808", "content": "40人正在看"}, {"uid": "84522943", "content": "太强了"}, {"uid": "8432768", "content": "SUKI"}, {"uid": "37524392", "content": "我永远喜欢漪月灵"}, {"uid": "2022945", "content": "洗脑循环on"}, {"uid": "80640152", "content": "爱了爱了"}, {"uid": "3254961", "content": "字幕君好评"}, {"uid": "640068", "content": "好耶！！！"}, {"uid": "319257059", "content": "叔叔出手了"}, {"uid": "455328247", "content": "茉莉花，yyds"}, {"uid": "33451508", "content": "鸡皮疙瘩"}, {"uid": "8084176", "content": "虽然没看过番，但好感动"}, {"uid": "3827357", "content": "太强了！"}, {"uid": "117565740", "content": "来啦来啦"}, {"uid": "16058565", "content": "ohhhhhhhhhh"}, {"uid": "13571718", "content": "首页通知书！！"}, {"uid": "4496833", "content": "强月姐强"}, {"uid": "378583472", "content": "恭喜首页"}, {"uid": "12329050", "content": "单曲循环开始"}, {"uid": "2436125", "content": "至少如此"}, {"uid": "2436125", "content": "爱是邂逅"}, {"uid": "2436125", "content": "黛色的千羽鹤"}, {"uid": "275384036", "content": "suki"}, {"uid": "857629", "content": "神仙姐姐i了i了"}, {"uid": "305140917", "content": "熬夜党得胜利！！！"}, {"uid": "285958420", "content": "生活必须品"}, {"uid": "128541", "content": "提前三连"}, {"uid": "4661588", "content": "这里好好听"}, {"uid": "70796148", "content": "乱杀"}, {"uid": "27354463", "content": "ここ好き"}, {"uid": "570438", "content": "都在专心听"}, {"uid": "223286080", "content": "66666"}, {"uid": "8376997", "content": "至少如此"}, {"uid": "96826616", "content": "情绪"}, {"uid": "39163262", "content": "每天一遍网抑再见"}, {"uid": "1767437", "content": "OHHHHHHHHHHHHHHHHHHHHHHHH！！！！！"}, {"uid": "11653766", "content": "太好听了"}, {"uid": "441597872", "content": "哇好多人"}, {"uid": "8439446", "content": "好耶"}, {"uid": "199578912", "content": "好听！"}, {"uid": "27878304", "content": "经典老番"}, {"uid": "23285024", "content": "昭和风"}, {"uid": "4496833", "content": "首页了阿·"}, {"uid": "1658412", "content": "与恐山会面"}, {"uid": "4677339", "content": "和声suki"}, {"uid": "2436125", "content": "多么欢喜"}, {"uid": "30514029", "content": "熬夜党大胜利"}, {"uid": "12382094", "content": "太强了"}, {"uid": "455570399", "content": "好耶！"}, {"uid": "18701844", "content": "直播的时候肯能紧张了，唱的太用力了"}, {"uid": "39246199", "content": "感觉比原版还强啊喂"}, {"uid": "1911598", "content": "wsl！"}, {"uid": "8913562", "content": "落泪"}, {"uid": "12689971", "content": "神……………………"}, {"uid": "12045647", "content": "有一说一，这个皮挺瑟的"}, {"uid": "374367144", "content": "老外耳机眼泪"}, {"uid": "521166785", "content": "都不睡觉的在听歌"}, {"uid": "38933879", "content": "声音太爱了"}, {"uid": "34532172", "content": "太好听了！"}, {"uid": "471296792", "content": "永远忘不了的声音"}, {"uid": "3064113", "content": "强啊"}, {"uid": "3064113", "content": "实力强劲"}, {"uid": "1316252", "content": "惊艳"}, {"uid": "8376997", "content": "不会让你感到"}, {"uid": "3515525", "content": "好耶！"}, {"uid": "690009", "content": "."}, {"uid": "10579112", "content": "awsl"}, {"uid": "4496833", "content": "来了"}, {"uid": "2902513", "content": "通灵王永远的神"}, {"uid": "417225263", "content": "哭了……"}, {"uid": "407781382", "content": "ohhhhhhhh"}, {"uid": "2673557", "content": "首页通知"}, {"uid": "90530166", "content": "ohhhhh"}, {"uid": "1597944", "content": "给安娜"}, {"uid": "1597944", "content": "通灵王"}, {"uid": "872047", "content": "涙目"}, {"uid": "117565740", "content": "好听呀！"}, {"uid": "2044270", "content": "无敌"}, {"uid": "12044255", "content": "太棒了"}, {"uid": "5293368", "content": "好听，哭咧"}, {"uid": "2436125", "content": "爱是邂逅"}, {"uid": "2436125", "content": "恐山ReVoir"}, {"uid": "2436125", "content": "小生终于"}, {"uid": "2436125", "content": "年岁逾千"}, {"uid": "2436125", "content": "会故作坚忍的"}, {"uid": "2436125", "content": "黛色的千羽鹤"}, {"uid": "2436125", "content": "心灰意懒"}, {"uid": "2436125", "content": "与你相遇的"}, {"uid": "570889", "content": "都不会让你感到"}, {"uid": "3690008", "content": "太强了"}, {"uid": "1378242", "content": "爱了爱了"}, {"uid": "76601", "content": "新鲜"}, {"uid": "27977765", "content": "真歌姬了"}, {"uid": "3733064", "content": "你们那么快的吗？"}, {"uid": "10027213", "content": "d TAT b"}, {"uid": "250922799", "content": "太好听了"}, {"uid": "36065815", "content": "tql"}, {"uid": "9872808", "content": "6分半的舒适"}, {"uid": "94538", "content": "就是这首歌"}, {"uid": "2274177", "content": "至福...."}, {"uid": "3064113", "content": "awsl"}, {"uid": "107303632", "content": "喜欢她的声音"}, {"uid": "4771999", "content": "好耶"}, {"uid": "10579112", "content": "好耶！"}, {"uid": "40148730", "content": "好听的忘记发弹幕了…"}, {"uid": "3575603", "content": "好耶"}, {"uid": "28864786", "content": "tql"}, {"uid": "5244791", "content": "好听"}, {"uid": "293858", "content": "好听！！"}, {"uid": "2436125", "content": "恐山啊......"}, {"uid": "2436125", "content": "是哪个国度"}, {"uid": "2436125", "content": "爱是邂逅"}, {"uid": "2436125", "content": "摆脱了寂寞的忧思"}, {"uid": "2436125", "content": "恐山ReVoir"}, {"uid": "2436125", "content": "离别"}, {"uid": "2436125", "content": "那个人一直"}, {"uid": "2436125", "content": "而闷闷不乐"}, {"uid": "2436125", "content": "那人是一定"}, {"uid": "2436125", "content": "我来补充下字幕"}, {"uid": "3362553", "content": "好耶！"}, {"uid": "25375745", "content": "好耶"}, {"uid": "1849037", "content": "好耶"}, {"uid": "2218620", "content": "好耶！"}, {"uid": "5244791", "content": "好耶"}, {"uid": "407781382", "content": "真棒！"}, {"uid": "2950464", "content": "好"}, {"uid": "3254961", "content": "热乎"}, {"uid": "15013732", "content": "经典老番"}, {"uid": "413427066", "content": "好棒啊啊啊"}, {"uid": "451257706", "content": "太好听了"}, {"uid": "5733702", "content": "好耶"}, {"uid": "35682111", "content": "tql"}, {"uid": "174212", "content": "qaq"}, {"uid": "26337587", "content": "真棒"}, {"uid": "51900945", "content": "33"}, {"uid": "1876475", "content": "好耶"}, {"uid": "8376997", "content": "那人是一定"}, {"uid": "80640152", "content": "好听呀"}, {"uid": "39163262", "content": "每天一遍云过天晴"}, {"uid": "12255032", "content": "素敵だ"}, {"uid": "5710433", "content": "神仙唱歌"}, {"uid": "123160125", "content": "好耶！"}, {"uid": "444094355", "content": "o'o"}, {"uid": "2436125", "content": "离别"}, {"uid": "2436125", "content": "爱慕之情也谈不上的"}, {"uid": "2436125", "content": "也不用在意"}, {"uid": "2436125", "content": "纵使是不肖的我"}, {"uid": "2436125", "content": "那个人一直"}, {"uid": "2436125", "content": "爱是邂逅"}, {"uid": "2436125", "content": "任何的寂寞"}, {"uid": "11678719", "content": "签到"}, {"uid": "25193913", "content": "太强了"}, {"uid": "316095", "content": "好耶！"}, {"uid": "196952", "content": "tqqqql!!!!!!!!!!"}, {"uid": "22737864", "content": "好耶"}, {"uid": "27977765", "content": "我永远单推漪月灵"}, {"uid": "27977765", "content": "月灵姐姐 yyds"}, {"uid": "2780187", "content": "来支持了"}, {"uid": "229451", "content": "啪"}, {"uid": "4681997", "content": "上流"}, {"uid": "245594764", "content": "爱了"}, {"uid": "438494013", "content": "好耶"}, {"uid": "2044760", "content": "雅"}, {"uid": "5885499", "content": "，"}, {"uid": "8530749", "content": "要哭哭惹"}, {"uid": "18588442", "content": "太美了"}, {"uid": "49926124", "content": "好耶"}, {"uid": "18898564", "content": "猫又股宗。。。。。"}, {"uid": "3270336", "content": "好耶"}, {"uid": "168022728", "content": "好耶！"}, {"uid": "12211712", "content": "正版！"}, {"uid": "12803811", "content": "好耶"}, {"uid": "34574719", "content": "好耶"}, {"uid": "1999296", "content": "hao !"}, {"uid": "12329050", "content": "听到这真的破防（ ;  ; ）"}, {"uid": "2436125", "content": "恐山ReVoir"}, {"uid": "2436125", "content": "地藏王菩萨是否就在那里"}, {"uid": "428828", "content": "好耶"}, {"uid": "2436125", "content": "以上这些就到此为止"}, {"uid": "2436125", "content": "至高的喜悦"}, {"uid": "2436125", "content": "这一次也会"}, {"uid": "2436125", "content": "离别"}, {"uid": "2436125", "content": "纵使一切如梦似幻 纵使一切如梦似幻"}, {"uid": "2436125", "content": "小生终于"}, {"uid": "2436125", "content": "恐山ReVoir"}, {"uid": "2436125", "content": "离别"}, {"uid": "2436125", "content": "路上曾被舍弃"}, {"uid": "2436125", "content": "都不会让你感受"}, {"uid": "570889", "content": "至少如此"}, {"uid": "55519483", "content": "tql"}, {"uid": "2250322", "content": "好耶！"}, {"uid": "4589675", "content": "芜湖"}, {"uid": "1869006", "content": "好听"}, {"uid": "9639428", "content": "唱见。。？"}, {"uid": "10579112", "content": "tql"}, {"uid": "39163262", "content": "你一定就是要与我相会的那个人，至少，至少绝不会让你感觉到丝毫的寂寞。（硬核翻译）"}, {"uid": "10579112", "content": "泪目"}, {"uid": "273858244", "content": "ddd"}, {"uid": "105091348", "content": "好耶！"}, {"uid": "93657683", "content": "好耶"}, {"uid": "10103467", "content": "好耶"}, {"uid": "570889", "content": "那人是一定"}, {"uid": "11135747", "content": "好耶"}, {"uid": "32237298", "content": "好耶"}, {"uid": "303117", "content": "！！！！"}, {"uid": "357724792", "content": "好听"}, {"uid": "10652781", "content": "这里说的是恐山au revior 是法语再见的意思"}]