[{"uid": "5710433", "content": "好听！"}, {"uid": "97224893", "content": "可爱！超级无敌大可爱！"}, {"uid": "1911598", "content": "昭和偶像"}, {"uid": "21600681", "content": "间奏"}, {"uid": "87449630", "content": "不用谢"}, {"uid": "2186597", "content": ">3<"}, {"uid": "253419", "content": "丢啊"}, {"uid": "1911598", "content": "昭和歌姬"}, {"uid": "240888031", "content": "月灵姐姐情人节快乐"}, {"uid": "174212", "content": "qaq"}, {"uid": "4661588", "content": "awsl"}, {"uid": "8060694", "content": "我要变成gachi了！"}, {"uid": "385197762", "content": "可爱可爱"}, {"uid": "469285334", "content": "好好听"}, {"uid": "86477954", "content": "震惊！"}, {"uid": "7642836", "content": "声音好稳啊，都没听到吸气声"}, {"uid": "4752695", "content": "丢哇丢哇"}, {"uid": "277742", "content": "awsl"}, {"uid": "2186597", "content": "好可爱啊ww"}, {"uid": "20353893", "content": "awsl"}, {"uid": "174212", "content": "88888888"}, {"uid": "174212", "content": "kisskiss"}, {"uid": "184896429", "content": "来了"}, {"uid": "5244791", "content": "这种月灵姐姐我也好爱"}, {"uid": "11947669", "content": "丢啊丢啊"}, {"uid": "110552", "content": "啊，可爱"}, {"uid": "110552", "content": "大姐姐好久不见～"}, {"uid": "20404502", "content": "suki"}, {"uid": "224354528", "content": "唉"}, {"uid": "381979240", "content": "好耶"}, {"uid": "2950464", "content": "好可爱。。。awsl"}, {"uid": "25375745", "content": "情人节快乐～"}, {"uid": "1297517", "content": "情人节快乐"}, {"uid": "7632450", "content": "好的好的"}, {"uid": "6055124", "content": "可爱！！！！"}, {"uid": "1961342", "content": "好耶！"}, {"uid": "5244791", "content": "好耶"}, {"uid": "397017", "content": "惊了，全新的风格"}, {"uid": "7825771", "content": "好耶"}, {"uid": "319441715", "content": "可爱风格诶~"}, {"uid": "1911598", "content": "平成歌姬"}, {"uid": "10579112", "content": "可爱"}, {"uid": "10579112", "content": "来了来了！"}, {"uid": "2480626", "content": "哈哈哈，昭和偶像"}, {"uid": "1976554", "content": "好耶"}, {"uid": "1567236", "content": "\\Sayori/"}, {"uid": "349726333", "content": "来了"}, {"uid": "70561", "content": "可爱"}, {"uid": "167334", "content": "此方翻唱过"}, {"uid": "16063948", "content": "我被净化了"}, {"uid": "1911598", "content": "经典老番"}, {"uid": "81178294", "content": "要gachi勒要gachi勒！"}, {"uid": "12903913", "content": "甜甜甜甜甜甜"}, {"uid": "336540832", "content": "来了"}, {"uid": "88556721", "content": "好可愛"}, {"uid": "38933879", "content": "情人节快乐！"}, {"uid": "8511707", "content": "可爱"}, {"uid": "3254961", "content": "好耶"}, {"uid": "15138354", "content": "好耶！经典情人节曲目"}, {"uid": "1704714", "content": "i love u! i love u!"}, {"uid": "12814608", "content": "哦吼吼吼吼吼吼吼吼吼吼吼吼吼吼吼吼吼吼"}, {"uid": "1828736", "content": "好耶！！！"}, {"uid": "1400358", "content": "晚睡的孩子有姐姐的歌听"}, {"uid": "4750455", "content": "iloveu"}, {"uid": "14299079", "content": "kksk"}, {"uid": "3493644", "content": "这里可爱"}, {"uid": "33556516", "content": "suki!!!!!!!!!!"}, {"uid": "1548142", "content": "好甜！"}, {"uid": "10773851", "content": "情人节爱了"}, {"uid": "27143585", "content": "丢啊丢啊"}, {"uid": "3930046", "content": "丢啊 丢诶"}, {"uid": "651878766", "content": "诶"}, {"uid": "96411455", "content": "kiss kiss kiss"}, {"uid": "28244955", "content": "好耶，可爱风的"}, {"uid": "42043792", "content": "綺麗"}, {"uid": "351891174", "content": "好耶"}, {"uid": "12051802", "content": "姐姐情人节快乐！！！！！"}, {"uid": "2480626", "content": "弹幕这么少不科学！"}, {"uid": "1739523", "content": "好耶"}, {"uid": "9639428", "content": "晚睡的惊喜"}, {"uid": "349726333", "content": "好听"}, {"uid": "15761128", "content": "昭  和  歌  姬"}, {"uid": "167334", "content": "情人节专曲"}, {"uid": "419371", "content": "可爱"}, {"uid": "1324347", "content": "她说她爱我"}, {"uid": "13156113", "content": "新年快乐"}, {"uid": "2629377", "content": "I LOVE YOU！"}, {"uid": "10311501", "content": "好耶～"}, {"uid": "81570", "content": "好耶"}, {"uid": "80640152", "content": "很好听呀！"}, {"uid": "686344", "content": "哇哦"}, {"uid": "249752", "content": "哇哦，好久之前的老歌了"}, {"uid": "3125109", "content": "awsl"}, {"uid": "466503", "content": "来了！"}, {"uid": "20921747", "content": "可爱可爱"}, {"uid": "12891523", "content": "好耶"}, {"uid": "17924416", "content": "第一次听见有人好好唱这首歌，很感动"}, {"uid": "20334429", "content": "情人节快乐月灵妹妹"}, {"uid": "7037368", "content": "来了来了"}, {"uid": "10133767", "content": "广西人听到也笑喷了"}, {"uid": "18767324", "content": "好耶，新年快乐啊月灵姐姐"}, {"uid": "11691053", "content": "可可爱爱"}, {"uid": "88936852", "content": "可爱！"}, {"uid": "31566203", "content": "来晚了！"}, {"uid": "2077711", "content": "哈哈哈哈听到丢啊感觉不对劲，看了弹幕就笑出来了"}, {"uid": "167334", "content": "好家伙，赶上前排了"}]