[{"uid": "480468", "content": "享受"}, {"uid": "556547", "content": "嘻嘻"}, {"uid": "9037", "content": "爱了爱了"}, {"uid": "4213301", "content": "气好长"}, {"uid": "3484010", "content": "是真的很厉害了"}, {"uid": "401891", "content": "草，这一句全身鸡皮疙瘩"}, {"uid": "398928249", "content": "你就不需要考虑能不能唱好"}, {"uid": "368199", "content": "0 - 0 不愧是职业选手"}, {"uid": "813588", "content": "拍子真稳"}, {"uid": "4514790", "content": "牛"}, {"uid": "344688176", "content": "怎么这鸡皮疙瘩一阵阵的"}, {"uid": "26337587", "content": "好听"}, {"uid": "179162519", "content": "太好听了！！！"}, {"uid": "1603668", "content": "耳机眼泪老外眼泪耳机"}, {"uid": "141422", "content": "这声音  太强了"}, {"uid": "20353893", "content": "再来亿遍"}, {"uid": "874234", "content": "嘻嘻"}, {"uid": "97224893", "content": "啊啊啊，可爱！"}, {"uid": "2390882", "content": "这是我能免费听的东西吗"}, {"uid": "4890158", "content": "这衣服乍一看hso"}, {"uid": "398928249", "content": "这种空灵，我喜欢"}, {"uid": "487787", "content": "真厉害"}, {"uid": "1278193", "content": "这就是天籁吧"}, {"uid": "85116715", "content": "完了有EVA的画面了"}, {"uid": "97224893", "content": "不管看多少次还是觉得月灵好美啊"}, {"uid": "1338630", "content": "这衣服hso"}, {"uid": "29156370", "content": "太好听了"}, {"uid": "1828736", "content": "这是天堂吗"}, {"uid": "6677", "content": "谢谢你 免费佬"}, {"uid": "813588", "content": "啊，这歌听过好多次"}, {"uid": "179162519", "content": "好听好听"}, {"uid": "179162519", "content": "好美…好大"}, {"uid": "29136408", "content": "我最喜欢你了"}, {"uid": "592967", "content": "橙汁警告"}]