[{"uid": "8533685", "content": "珂朵莉～珂朵莉！"}, {"uid": "239547717", "content": "发音还可以再提高下，唱的很棒"}, {"uid": "3257419", "content": "哪里稍微有点跑调？"}, {"uid": "3257419", "content": "太强了！又稳又清楚呜呜呜"}, {"uid": "10579112", "content": "好耶"}, {"uid": "28078875", "content": "woc月灵姐居然唱这首了！！！狂喜"}, {"uid": "1767437", "content": "哈利路亚"}, {"uid": "2450199", "content": "后面唱得比前面放松了些，前面可能有点紧张了"}, {"uid": "1558064", "content": "不愧是职业选手"}, {"uid": "3659432", "content": "太好听了"}, {"uid": "2959340", "content": "1播放13赞3收藏"}, {"uid": "548355941", "content": "Damn~~~~~"}, {"uid": "8998204", "content": "有点厉害啊"}, {"uid": "1316252", "content": "惊了"}, {"uid": "38752164", "content": "好耶"}, {"uid": "9845124", "content": "太强了真的"}, {"uid": "97303", "content": "好听"}, {"uid": "176344539", "content": "确实好听呀！！"}, {"uid": "30498975", "content": "？？？！！！"}, {"uid": "401891", "content": "真的开口跪"}, {"uid": "11021051", "content": "月灵姐姐"}, {"uid": "5454342", "content": "厉害啊"}, {"uid": "2199242", "content": "好耶"}, {"uid": "526164994", "content": "厉害"}, {"uid": "5731005", "content": "雅"}, {"uid": "56103998", "content": "发音有点。。。"}, {"uid": "11360156", "content": "小邪神飞踢"}]