[{"uid": "719853867", "content": "kksk"}, {"uid": "719853867", "content": "awsl"}, {"uid": "422330", "content": "右下角这表情www"}, {"uid": "8670831", "content": "哈哈哈"}, {"uid": "398928249", "content": "二次"}, {"uid": "398928249", "content": "这是被踩到尾巴吗"}, {"uid": "398928249", "content": "姐姐我喜欢你的歌啊！"}, {"uid": "190911079", "content": "草，这方言好可爱"}, {"uid": "190911079", "content": "草，前面弹幕说出了一样的话"}, {"uid": "190911079", "content": "猫咪是月灵的唯一救赎"}, {"uid": "2359368", "content": "wwwww"}, {"uid": "2359368", "content": "笑劈了 不是那边的门解锁吗"}, {"uid": "2359368", "content": "好可爱哦"}, {"uid": "2359368", "content": "好可爱wwww"}, {"uid": "362624449", "content": "狗勾"}, {"uid": "130563356", "content": "哈哈哈哈哈"}, {"uid": "130563356", "content": "五步蛇毒"}, {"uid": "130563356", "content": "关西腔卡哇伊内"}, {"uid": "130563356", "content": "88888888"}, {"uid": "130563356", "content": "我柜子动了"}, {"uid": "130563356", "content": "给up换裤子用"}, {"uid": "130563356", "content": "（虽然知道不是那个手纸）好喜感"}, {"uid": "130563356", "content": "字幕组太搞笑了"}, {"uid": "497061211", "content": "前方高能"}, {"uid": "497061211", "content": "声音好好听"}, {"uid": "56595", "content": "草"}, {"uid": "56595", "content": "在崩溃边缘讲出的双关冷笑话"}, {"uid": "56595", "content": "草"}, {"uid": "56595", "content": "草"}, {"uid": "179162519", "content": "太可爱了！！！！"}, {"uid": "468373", "content": "KKSK"}, {"uid": "157677962", "content": "中之狗暴露"}, {"uid": "4677339", "content": "草草草居然是这个"}, {"uid": "130554", "content": "kksk"}, {"uid": "390957", "content": "这是中之狗在直播？"}, {"uid": "2954926", "content": "太像尾巴被踩的小狗了hh"}, {"uid": "24165368", "content": "关西腔欸"}, {"uid": "14961000", "content": "你说这我可就不困了啊"}, {"uid": "14961000", "content": "草"}, {"uid": "434780627", "content": "中之人也是萨摩耶？"}, {"uid": "97224893", "content": "您是哪国的古代公主吗？"}, {"uid": "355077", "content": "中之狗暴露"}, {"uid": "5244791", "content": "提前害怕"}, {"uid": "85486579", "content": "这我可就睡不着了啊"}, {"uid": "2260184", "content": "竟然没注意动了一下"}, {"uid": "173530634", "content": "和小狗一样"}, {"uid": "58069", "content": "草，眼睛都睁大了"}, {"uid": "219475198", "content": "太可爱了"}, {"uid": "179162519", "content": "清楚清楚！"}, {"uid": "398928249", "content": "啊啊新歌吗！"}, {"uid": "56595", "content": "文艺复兴？"}, {"uid": "18622370", "content": "你没卡"}, {"uid": "269532191", "content": "芜湖"}, {"uid": "269532191", "content": "芜湖"}]