[{"uid": "15564", "content": "お疲れ様"}, {"uid": "4284131", "content": "【欢迎下次再来观看"}, {"uid": "5451699", "content": "バイバイ～"}, {"uid": "556243", "content": "Good night~"}, {"uid": "1690448", "content": "下次见"}, {"uid": "273923", "content": "バイバイ〜"}, {"uid": "420773", "content": "下次见"}, {"uid": "12953806", "content": "晚安"}, {"uid": "1690448", "content": "月灵辛苦了，晚安！"}, {"uid": "4284131", "content": "【月灵的直播，一般都是1小时"}, {"uid": "12953806", "content": "辛苦了"}, {"uid": "665420958", "content": "88888887"}, {"uid": "553413", "content": "お疲れ様でした"}, {"uid": "422330", "content": "辛苦啦"}, {"uid": "2801201", "content": "お疲れ様"}, {"uid": "390925768", "content": "下次见"}, {"uid": "12480042", "content": "お疲れ様です。"}, {"uid": "9540498", "content": "好"}, {"uid": "739198", "content": "おつおつ"}, {"uid": "24149299", "content": "辛苦了"}, {"uid": "71653748", "content": "お疲れ様でした"}, {"uid": "17725365", "content": "加油"}, {"uid": "20353893", "content": "辛苦了"}, {"uid": "2147879", "content": "お疲れ様です～"}, {"uid": "210157", "content": "辛苦了"}, {"uid": "4284131", "content": "【请大家查看"}, {"uid": "4284131", "content": "【下次直播会在动态里面说的"}, {"uid": "2088554", "content": "下次见"}, {"uid": "135711", "content": "辛苦了"}, {"uid": "39754580", "content": "。"}, {"uid": "1268209", "content": "88"}, {"uid": "5863535", "content": "お疲れ様"}, {"uid": "4284131", "content": "【那么大家下次见"}, {"uid": "273923", "content": "月灵姐辛苦啦~"}, {"uid": "2063530", "content": "消火器を！"}, {"uid": "4284131", "content": "【下次会继续玩分手厨房"}, {"uid": "8181819", "content": "今日はお疲れ様でした。"}, {"uid": "420773", "content": "辛苦了"}, {"uid": "3101500", "content": "辛苦了"}, {"uid": "273923", "content": "お疲れ様でした〜"}, {"uid": "4284131", "content": "【武藏没事吧ww"}, {"uid": "556243", "content": "火 武藏 火"}, {"uid": "5451699", "content": "お疲れ様でした～"}, {"uid": "2709718", "content": "辛苦了"}, {"uid": "4284131", "content": "【虽然打算在这里锻炼一下料理能力"}, {"uid": "4736509", "content": "も行くの？寂しい"}, {"uid": "2262727", "content": "辛苦了"}, {"uid": "15564", "content": "炎 武蔵 炎"}, {"uid": "4284131", "content": "【这个游戏真的比想象要难"}, {"uid": "37806065", "content": "武藏快跑阿"}, {"uid": "2063530", "content": "辛苦了"}, {"uid": "556243", "content": "我不是，我没有"}, {"uid": "4284131", "content": "【今天非常谢谢大家过来玩"}, {"uid": "420773", "content": "ありがとう、楽しかった"}, {"uid": "5451699", "content": "武藏"}, {"uid": "5451699", "content": "武藏你要被炎了"}, {"uid": "15210148", "content": "可以观众参与型呢"}, {"uid": "4284131", "content": "【日本跟大家有1小时时差"}, {"uid": "4679143", "content": "888888"}, {"uid": "390925768", "content": "才8点"}, {"uid": "1690448", "content": "火 武藏 火"}, {"uid": "4284131", "content": "【日本11点对呢"}, {"uid": "1690448", "content": "啊？"}, {"uid": "4284131", "content": "【才八点ww"}, {"uid": "5451699", "content": "としてｑｗｑ"}, {"uid": "1751459", "content": "武藏佬狂喜"}, {"uid": "4284131", "content": "【武藏要是一起玩就太有趣了ww"}, {"uid": "37806065", "content": "阿？"}, {"uid": "5451699", "content": "武蔵？？？？"}, {"uid": "556243", "content": "啊？"}, {"uid": "273923", "content": "一人でやれば確かに難しいよ"}, {"uid": "4284131", "content": "【可能会叫其他V一起玩"}, {"uid": "5451699", "content": "？？？？？？？？？？？"}, {"uid": "152744", "content": "こんばんは～"}, {"uid": "855779", "content": "确实，一个人太难了"}, {"uid": "24149299", "content": "一个人还是太难了www"}, {"uid": "420773", "content": "wwww"}, {"uid": "1804822", "content": "日本那边11点了吧"}, {"uid": "4284131", "content": "【会更热闹"}, {"uid": "42245121", "content": "才八点"}, {"uid": "4284131", "content": "【的确两个人的话"}, {"uid": "4284131", "content": "【帮手啊"}, {"uid": "4284131", "content": "【突然想去了解了"}, {"uid": "3732", "content": "wwwwww"}, {"uid": "739198", "content": "wwww"}, {"uid": "4284131", "content": "【世界的墙壁ww"}, {"uid": "2063530", "content": "时间过得真快"}, {"uid": "15210148", "content": "这个一个人玩还是太难了"}, {"uid": "196952", "content": "找一个感情最好的朋友来玩吧，嘿嘿"}, {"uid": "4284131", "content": "【几点啊ww"}, {"uid": "556243", "content": "拒绝加班，从你我做起"}, {"uid": "4284131", "content": "【对已经10点了"}, {"uid": "4284131", "content": "【要是下次大家也来支持我就太好了"}, {"uid": "310457", "content": "找几个猛男怕不是瞬间给你通关了"}, {"uid": "11629923", "content": "23333"}, {"uid": "24149299", "content": "其实是胡闹厨房（）"}, {"uid": "5451699", "content": "不加班月灵姐"}, {"uid": "4284131", "content": "【会继续玩的ww"}, {"uid": "4284131", "content": "【下一次分手厨房？"}, {"uid": "372782509", "content": "分手厨房www"}, {"uid": "1804822", "content": "分手厨房w"}, {"uid": "2452572", "content": "一个人还是太难了"}, {"uid": "5863535", "content": "このゲーム一人でプレイすると難しいね"}, {"uid": "3101500", "content": "wwww"}, {"uid": "2088554", "content": "还是找个帮手吧"}, {"uid": "4284131", "content": "【没有拿到星星"}, {"uid": "1690448", "content": "世界的壁"}, {"uid": "17792060", "content": "www"}, {"uid": "71653748", "content": "突然很想知道"}, {"uid": "4284131", "content": "【今天啊"}, {"uid": "4284131", "content": "【料理的世界真的太难了"}, {"uid": "71653748", "content": "没了在哪学的哈哈哈哈哈哈"}, {"uid": "556547", "content": "发挥很稳定w"}, {"uid": "4284131", "content": "【不行了啊"}, {"uid": "15210148", "content": "啊来晚了啊"}, {"uid": "147063", "content": "ダメだね、ダメよ"}, {"uid": "4284131", "content": "【太可惜了"}, {"uid": "71653748", "content": "wwww"}, {"uid": "5451699", "content": "没了草"}, {"uid": "1690448", "content": "没了可还行"}, {"uid": "4284131", "content": "【没了"}, {"uid": "2049413", "content": "wwwww还是90"}, {"uid": "4284131", "content": "【太可惜了"}, {"uid": "556243", "content": "90的壁"}, {"uid": "273923", "content": "没了wwww"}, {"uid": "24149299", "content": "可惜"}, {"uid": "4679143", "content": "wwww"}, {"uid": "20921747", "content": "苦呀西"}, {"uid": "4284131", "content": "【完全没有成长"}, {"uid": "2801201", "content": "90 90 90"}, {"uid": "273923", "content": "草"}, {"uid": "4284131", "content": "【跟刚刚一样的分数啊ww"}, {"uid": "310457", "content": "ダメだね"}, {"uid": "1804822", "content": "可惜"}, {"uid": "4284131", "content": "【啊啊啊"}, {"uid": "4284131", "content": "【来了来了"}, {"uid": "4284131", "content": "【还要把这个丢回来"}, {"uid": "556243", "content": "可惜"}, {"uid": "3101500", "content": "可惜"}, {"uid": "420773", "content": "可惜"}, {"uid": "273923", "content": "前回のレコード達成（）"}, {"uid": "4284131", "content": "【赶紧啊！"}, {"uid": "1268209", "content": "1个人太难了"}, {"uid": "4284131", "content": "【炸土豆"}, {"uid": "1690448", "content": "低血压治疗time"}, {"uid": "556243", "content": "没了"}, {"uid": "4284131", "content": "【糟了糟了"}, {"uid": "4284131", "content": "【要集中精神"}, {"uid": "2063530", "content": "时间要到了"}, {"uid": "4284131", "content": "【土豆炸好然后交出去"}, {"uid": "420773", "content": "太难了"}, {"uid": "3986345", "content": "一个人属实不容易呢"}, {"uid": "4284131", "content": "【然后"}, {"uid": "4284131", "content": "【好难"}, {"uid": "4284131", "content": "【不能犯错误啊"}, {"uid": "4284131", "content": "【把丢过来的东西切好"}, {"uid": "4284131", "content": "【然后切"}, {"uid": "4284131", "content": "【这个丢过来比较好"}, {"uid": "1804822", "content": "感觉一个人玩的时候思路比操作跟难ww"}, {"uid": "273923", "content": "順調順調！"}, {"uid": "4284131", "content": "【然后切"}, {"uid": "4284131", "content": "【按错了"}, {"uid": "4284131", "content": "【土豆也丢过去"}, {"uid": "878477", "content": "食品衛生法違反警告"}, {"uid": "4284131", "content": "【然后交出去"}, {"uid": "4284131", "content": "【然后等鸡肉扎好"}, {"uid": "4284131", "content": "【丢过去"}, {"uid": "273923", "content": "がんば！"}, {"uid": "4284131", "content": "【炸的时候，把鸡肉丢过去"}, {"uid": "4284131", "content": "【然后炸鸡"}, {"uid": "9540498", "content": "飘回来了！！"}, {"uid": "4284131", "content": "【有点火大.."}, {"uid": "420773", "content": "我明白了水里的鱼才是客人"}, {"uid": "1690448", "content": "大厨的自信"}, {"uid": "273923", "content": "投げます（）"}, {"uid": "4284131", "content": "【切啊！为什么浮起来ww"}, {"uid": "1268209", "content": "啊，回来了"}, {"uid": "556243", "content": "BUG了草"}, {"uid": "2063530", "content": "草"}, {"uid": "4284131", "content": "【然后切土豆.."}, {"uid": "273923", "content": "危な！"}, {"uid": "1751459", "content": "魚衆狂喜"}, {"uid": "4284131", "content": "【鸡肉切好了，丢回来"}, {"uid": "4789", "content": "这 自己玩？"}, {"uid": "5451699", "content": "居然回来了"}, {"uid": "1268209", "content": "这个也能加观众"}, {"uid": "4284131", "content": "【丢好多过去，丢3个左右"}, {"uid": "309185026", "content": "顺手喂鱼 大厨的余裕"}, {"uid": "5451699", "content": "草"}, {"uid": "2088554", "content": "这还能达标么……"}, {"uid": "420773", "content": "草"}, {"uid": "4284131", "content": "【丢过去"}, {"uid": "273923", "content": "正常操作"}, {"uid": "4284131", "content": "【 土豆"}, {"uid": "4284131", "content": "【放下，切"}, {"uid": "29643", "content": "下次来个观众参与型游戏吧，孤独传说太悲伤了"}, {"uid": "4284131", "content": "【为什么会丢出去"}, {"uid": "2709718", "content": "哈哈哈哈哈"}, {"uid": "556547", "content": "喂鱼模拟器"}, {"uid": "4284131", "content": "【好难啊"}, {"uid": "9540498", "content": "www"}, {"uid": "2147879", "content": "丢河里～"}, {"uid": "4284131", "content": "【等等"}, {"uid": "1690448", "content": "好活"}, {"uid": "4284131", "content": "【wwww"}, {"uid": "310457", "content": "草"}, {"uid": "4284131", "content": "【切鸡肉"}, {"uid": "1268209", "content": "草"}, {"uid": "71653748", "content": "姉ちゃんは怖い職人だわ"}, {"uid": "556243", "content": "喂鱼么？"}, {"uid": "558539", "content": "草"}, {"uid": "4284131", "content": "【鸡肉"}, {"uid": "4284131", "content": "【丢肌肉"}, {"uid": "4284131", "content": "【厨师不能这么干ww"}, {"uid": "420773", "content": "草"}, {"uid": "273923", "content": "草"}, {"uid": "4284131", "content": "【就算不卫生也要完成任务"}, {"uid": "5451699", "content": "草"}, {"uid": "273923", "content": "床に投げればOK"}, {"uid": "4284131", "content": "【左ctrl能丢对吧"}, {"uid": "1268209", "content": "料理修行"}, {"uid": "390925768", "content": "（￣▽￣）"}, {"uid": "2063530", "content": "ダッシュを使おう"}, {"uid": "4284131", "content": "【我记得了"}, {"uid": "4284131", "content": "【想3星通关"}, {"uid": "2801201", "content": "好耶"}, {"uid": "390925768", "content": "行吧，以后我烧饭"}, {"uid": "4284131", "content": "【再来一次"}, {"uid": "4284131", "content": "【键盘操作"}, {"uid": "4284131", "content": "【果然太难了啊"}, {"uid": "5451699", "content": "确实，至少没燃起来"}, {"uid": "71653748", "content": "シェフを投げるなよwww"}, {"uid": "556243", "content": "至少没爆炸"}, {"uid": "5703200", "content": "行了行了，以后我煮饭"}, {"uid": "4284131", "content": "【还是1-7那种程度的关卡ww"}, {"uid": "4284131", "content": "【太难了"}, {"uid": "34544282", "content": "（￣▽￣）"}, {"uid": "4284131", "content": "【完全不像是厨房"}, {"uid": "4678650", "content": "厨艺皮里如一"}, {"uid": "1751459", "content": "また魚の餌になってしまいました"}, {"uid": "4284131", "content": "【厨师不能一起行动真的太难了"}, {"uid": "273923", "content": "シェフ、危"}, {"uid": "4284131", "content": "【对月灵来说炸物还是太早了"}, {"uid": "310457", "content": "食品衛生法違反ですが…"}, {"uid": "309185026", "content": "开始血压上升"}, {"uid": "4284131", "content": "【太难了啊"}, {"uid": "420773", "content": "太难了ww"}, {"uid": "4284131", "content": "【才90点..."}, {"uid": "16702", "content": "憨憨大姐姐"}, {"uid": "1804822", "content": "太难了ww"}, {"uid": "4907423", "content": "阿阿"}, {"uid": "4284131", "content": "【wwwww"}, {"uid": "556243", "content": "可惜"}, {"uid": "4284131", "content": "【赶紧】"}, {"uid": "5863535", "content": "wwwwwwwwwwwww"}, {"uid": "855779", "content": "www"}, {"uid": "4284131", "content": "【炸鸡赶紧啊"}, {"uid": "372782509", "content": "wwww"}, {"uid": "556243", "content": "能吃就行"}, {"uid": "4284131", "content": "【丢掉了w"}, {"uid": "5451699", "content": "wwwwwwwwwwwwwwwww"}, {"uid": "422330", "content": "这游戏四个人都手忙脚乱"}, {"uid": "71653748", "content": "人食うの！？"}, {"uid": "1268209", "content": "wwwwwwwwwww"}, {"uid": "4284131", "content": "【厨师要是能变成材料丢来丢去就好了"}, {"uid": "2801201", "content": "草"}, {"uid": "24149299", "content": "wwwwww"}, {"uid": "1804822", "content": "草"}, {"uid": "2147879", "content": "三秒ルール　草"}, {"uid": "420773", "content": "梅开二度"}, {"uid": "210157", "content": "哈哈哈哈哈哈"}, {"uid": "1690448", "content": "什么gachi发言w"}, {"uid": "420773", "content": "草"}, {"uid": "12480042", "content": "草"}, {"uid": "1804822", "content": "地上的捡起来也能用的ww"}, {"uid": "273923", "content": "草"}, {"uid": "4284131", "content": "【好"}, {"uid": "4284131", "content": "【切"}, {"uid": "35347348", "content": "."}, {"uid": "4284131", "content": "【把鸡肉丢过去"}, {"uid": "5884160", "content": "晚上玩分手厨房，我看饿了"}, {"uid": "2709718", "content": "没事的。只要是月灵做的都能吃下去！"}, {"uid": "420773", "content": "nice catch"}, {"uid": "4284131", "content": "【煎好了"}, {"uid": "4678650", "content": "毕竟是分手厨房"}, {"uid": "4284131", "content": "【3秒规则对啊"}, {"uid": "4284131", "content": "【要煎啊"}, {"uid": "4284131", "content": "【样？"}, {"uid": "88750026", "content": "《三秒原则》"}, {"uid": "1690448", "content": "月灵，你在做什么啊月灵！"}, {"uid": "4284131", "content": "【这个呢？怎么円"}, {"uid": "4284131", "content": "【太不卫生了ww"}, {"uid": "422330", "content": "孤独传说"}, {"uid": "5884160", "content": "www"}, {"uid": "4284131", "content": "【把肉.."}, {"uid": "4284131", "content": "【土豆？丢过去？"}, {"uid": "8225246", "content": "www"}, {"uid": "4284131", "content": "【然后呢"}, {"uid": "4284131", "content": "【要跑歪了"}, {"uid": "4284131", "content": "【把这个"}, {"uid": "4284131", "content": "【捡起来，放下，切"}, {"uid": "4678650", "content": "月灵姐！"}, {"uid": "1751459", "content": "魚の餌になりましたね"}, {"uid": "4284131", "content": "【总之就丢过去"}, {"uid": "4284131", "content": "【把材料丢过去"}, {"uid": "4284131", "content": "【不能丢哦"}, {"uid": "88750026", "content": "草"}, {"uid": "67126", "content": "爽朗的笑声"}, {"uid": "30892380", "content": "outplayed"}, {"uid": "4284131", "content": "【收到，然后去切"}, {"uid": "2063530", "content": "《なるほど》"}, {"uid": "4284131", "content": "【丢下河里"}, {"uid": "2088554", "content": "这咋整"}, {"uid": "17725365", "content": "kksk"}, {"uid": "3543303", "content": "www"}, {"uid": "12480042", "content": "草"}, {"uid": "1690448", "content": "名场面"}, {"uid": "334906", "content": "健康的笑声"}, {"uid": "553413", "content": "www"}, {"uid": "28750341", "content": "草"}, {"uid": "4284131", "content": "【不行啊这样ww"}, {"uid": "2801201", "content": "爽朗"}, {"uid": "12953806", "content": "哈哈哈哈哈"}, {"uid": "272554804", "content": "来了"}, {"uid": "14405710", "content": "草"}, {"uid": "2063530", "content": "いやいや"}, {"uid": "556243", "content": "鱼饵？"}, {"uid": "1268209", "content": "wwwwwwwwwwwwww"}, {"uid": "2147879", "content": "草"}, {"uid": "481297", "content": "www"}, {"uid": "210157", "content": "草"}, {"uid": "4284131", "content": "【wwwwww"}, {"uid": "2829715", "content": "kksk"}, {"uid": "273923", "content": "天才だわw"}, {"uid": "3101500", "content": "草"}, {"uid": "855779", "content": "完了"}, {"uid": "24149299", "content": "草"}, {"uid": "181230", "content": "草"}, {"uid": "4284131", "content": "【原来如此啊"}, {"uid": "1804822", "content": "草"}, {"uid": "372782509", "content": "www"}, {"uid": "4284131", "content": "【难受啊"}, {"uid": "556243", "content": "？"}, {"uid": "420773", "content": "草"}, {"uid": "4284131", "content": "【要丢食材？？"}, {"uid": "273923", "content": "草"}, {"uid": "4284131", "content": "【不过丢盘子有点危险"}, {"uid": "5451699", "content": "草"}, {"uid": "5884160", "content": "好难"}, {"uid": "4284131", "content": "【刚刚好像也丢过几次了ww"}, {"uid": "4284131", "content": "【起码想拿2个星"}, {"uid": "5451699", "content": "wwwwww"}, {"uid": "4284131", "content": "【会变成怎么样呢"}, {"uid": "4284131", "content": "【要分开料理了吗"}, {"uid": "4284131", "content": "【又来了奇怪的关卡"}, {"uid": "4284131", "content": "【去荒野得穿越海洋呢"}, {"uid": "273923", "content": "そうだよ"}, {"uid": "5451699", "content": "这个要扔东西的"}, {"uid": "556243", "content": "魔法车"}, {"uid": "4284131", "content": "【有点期待"}, {"uid": "4284131", "content": "【会出现什么样的料理呢"}, {"uid": "273923", "content": "揚げ物のステージ！"}, {"uid": "4284131", "content": "【荒野的地图"}, {"uid": "4284131", "content": "【今天打完1-7就下播吧？"}, {"uid": "4284131", "content": "【就是这样"}, {"uid": "5884160", "content": "可爱"}, {"uid": "1690448", "content": "国王声线suki"}, {"uid": "4284131", "content": "【刚刚你明明也着急了ww"}, {"uid": "4284131", "content": "【诶?去荒野？"}, {"uid": "390925768", "content": "好耶"}, {"uid": "4284131", "content": "【的确是ww"}, {"uid": "47255683", "content": "2333"}, {"uid": "273923", "content": "ワン！"}, {"uid": "394892", "content": "哈哈"}, {"uid": "4284131", "content": "【（读剧情"}, {"uid": "4284131", "content": "【国王大人~"}, {"uid": "36140422", "content": "希望這自信能保持下去呢"}, {"uid": "4284131", "content": "【去看看"}, {"uid": "3101500", "content": "强强"}, {"uid": "4284131", "content": "【那边吗？"}, {"uid": "4284131", "content": "【我迷路了"}, {"uid": "273923", "content": "お城に帰よう"}, {"uid": "4284131", "content": "【1-7在哪里呢？"}, {"uid": "4284131", "content": "【这是啥"}, {"uid": "4284131", "content": "【位置在哪呢"}, {"uid": "8891546", "content": "www"}, {"uid": "4284131", "content": "【想去1-7"}, {"uid": "25994352", "content": "8888"}, {"uid": "1690448", "content": "这孩子怎么还骄傲起来了（不是"}, {"uid": "4284131", "content": "【加油吧"}, {"uid": "4284131", "content": "【有自信了"}, {"uid": "4284131", "content": "【我料理能力增长了"}, {"uid": "4681997", "content": "快乐"}, {"uid": "24149299", "content": "ohhhhhhhhh"}, {"uid": "4284131", "content": "【谢谢"}, {"uid": "4284131", "content": "【对吧对吧，很强很强"}, {"uid": "4284131", "content": "【月灵是想干就能成功的孩子"}, {"uid": "273923", "content": "www"}, {"uid": "4681997", "content": "8888888"}, {"uid": "4284131", "content": "【刚刚0星，现在的这个成长"}, {"uid": "2147879", "content": "つよい！"}, {"uid": "17725365", "content": "强"}, {"uid": "2063530", "content": "成長速い"}, {"uid": "4284131", "content": "【这个太好了"}, {"uid": "556243", "content": "极端月灵"}, {"uid": "4284131", "content": "【对呢对呢"}, {"uid": "121249", "content": "配合其实还不错"}, {"uid": "5451699", "content": "强强月灵"}, {"uid": "4284131", "content": "【跟刚刚完全不一样"}, {"uid": "556547", "content": "强强强强"}, {"uid": "744780", "content": "88888888"}, {"uid": "4284131", "content": "【三星啊"}, {"uid": "2147879", "content": "强！"}, {"uid": "12480042", "content": "すごい"}, {"uid": "310457", "content": "流石未来視"}, {"uid": "4284131", "content": "【好厉害！"}, {"uid": "2049413", "content": "888888"}, {"uid": "4284131", "content": "【煮饭时间不够了"}, {"uid": "35207407", "content": "ohhhhhhhhhh"}, {"uid": "556243", "content": "三星！！！！！！！！！"}, {"uid": "855779", "content": "ohhhhhhhhhhhhhhh"}, {"uid": "1690448", "content": "ohhhhhhhhhhhh"}, {"uid": "556243", "content": "OHHHHHHHHHHHHHHHHH"}, {"uid": "4284131", "content": "【拿上海苔"}, {"uid": "4284131", "content": "【卷心菜丢了"}, {"uid": "12480042", "content": "時間外せば案外一人でもやれるね"}, {"uid": "4284131", "content": "【总之先拿这个"}, {"uid": "4284131", "content": "【怎么办"}, {"uid": "4284131", "content": "【不是做沙拉的时候了"}, {"uid": "4284131", "content": "【沙拉可能有点不够时间"}, {"uid": "556243", "content": "草"}, {"uid": "4284131", "content": "【拿起沙拉，分配给客人"}, {"uid": "5451699", "content": "草"}, {"uid": "4284131", "content": "【点沙拉的客人也差不多要到了"}, {"uid": "273923", "content": "二人とも月灵なんだけどw"}, {"uid": "4284131", "content": "【所以月灵洗盘子"}, {"uid": "4284131", "content": "【全部都是月灵ww"}, {"uid": "4284131", "content": "【这个给了之后就去洗盘子"}, {"uid": "4284131", "content": "【没沙拉了，有了w"}, {"uid": "558539", "content": "是洋葱，我加了洋葱"}, {"uid": "420773", "content": "玩星际争霸的既视感"}, {"uid": "4284131", "content": "【竟然只需要卷心菜就能做好的沙拉"}, {"uid": "5451699", "content": "稳辽"}, {"uid": "481297", "content": "上手上手"}, {"uid": "4284131", "content": "【已经开始稳当了"}, {"uid": "4284131", "content": "【番茄也要切呢"}, {"uid": "556243", "content": "神厨小月灵"}, {"uid": "4284131", "content": "【但是也会有沙拉"}, {"uid": "4284131", "content": "【虽然是寿司屋"}, {"uid": "1690448", "content": "厨师的极意"}, {"uid": "3986345", "content": "一个人玩就不用分手了呢"}, {"uid": "855779", "content": "坚强www"}, {"uid": "4284131", "content": "【黄瓜也切一下"}, {"uid": "4284131", "content": "【切卷心菜"}, {"uid": "420773", "content": "慢慢熟练了起来"}, {"uid": "4284131", "content": "【就算天塌下来都不管"}, {"uid": "6436965", "content": "孤独厨房。。。。"}, {"uid": "4284131", "content": "【真正的厨师是不会在意的"}, {"uid": "4284131", "content": "【就算气球掉下来了"}, {"uid": "273923", "content": "そんな簡単に倒れない！"}, {"uid": "4284131", "content": "【应该能拿星了"}, {"uid": "310457", "content": "200分了"}, {"uid": "10567852", "content": "拜拜"}, {"uid": "4284131", "content": "【节奏不错"}, {"uid": "8129904", "content": "_(:3 ⌒ﾞ)_"}, {"uid": "4284131", "content": "【拿起盘子"}, {"uid": "420773", "content": "ohhhhhhhhhhh"}, {"uid": "4284131", "content": "【洗好"}, {"uid": "4284131", "content": "【盘子喜好了"}, {"uid": "6502888", "content": "这是着了吗？"}, {"uid": "4284131", "content": "【卷心菜切好了吧"}, {"uid": "4284131", "content": "【然后把所有用过的盘子全洗了"}, {"uid": "2709718", "content": "工作环境极其恶劣"}, {"uid": "4284131", "content": "【盘子没有了"}, {"uid": "4284131", "content": "【这样就不错了"}, {"uid": "4284131", "content": "【做番茄沙拉的话"}, {"uid": "4284131", "content": "【洗盘子等3盘再去洗"}, {"uid": "24149299", "content": "烧了会掉下去的吧"}, {"uid": "4284131", "content": "【这个暴风雨"}, {"uid": "3986345", "content": "这是一个人操纵两个角色？"}, {"uid": "4284131", "content": "【切番茄也非常必要"}, {"uid": "4284131", "content": "【还有番茄沙拉"}, {"uid": "33823825", "content": "这是单人？"}, {"uid": "5703200", "content": "热气球全责！"}, {"uid": "4284131", "content": "【所以切卷心菜非常重要"}, {"uid": "16192432", "content": "在和谁一起玩嘞"}, {"uid": "10567852", "content": "燃起来了"}, {"uid": "4284131", "content": "【卷心菜是所有沙拉都需要的"}, {"uid": "4284131", "content": "【递交"}, {"uid": "4284131", "content": "【然后底胶"}, {"uid": "4284131", "content": "【因为所有料理都需要"}, {"uid": "4284131", "content": "【切卷心菜"}, {"uid": "4284131", "content": "【我在说啥ww"}, {"uid": "4284131", "content": "【有这种使命感"}, {"uid": "1690448", "content": "这不比博人传燃？"}, {"uid": "4284131", "content": "【我只管做饭"}, {"uid": "4284131", "content": "【不管气球烧了，还是来暴风雨了"}, {"uid": "420773", "content": "来吧，通关的世界线"}, {"uid": "5451699", "content": "使命感草"}, {"uid": "10567852", "content": "都是气球的问题，月灵没有错wwwwww"}, {"uid": "4284131", "content": "【自信满满"}, {"uid": "914133", "content": "我爱你"}, {"uid": "310457", "content": "未来视"}, {"uid": "4284131", "content": "【因为已经知道要发生什么是了"}, {"uid": "914133", "content": "哈哈哈"}, {"uid": "4284131", "content": "【刚刚190分，200分就能通关对吧"}, {"uid": "24149299", "content": "加油"}, {"uid": "273923", "content": "フラグ立ちましたね"}, {"uid": "4284131", "content": "【冷静玩的话姑且能过？"}, {"uid": "4284131", "content": "【这样一个人能继续玩下去吗.."}, {"uid": "1690448", "content": "月灵加油！"}, {"uid": "273923", "content": "がんばれ"}, {"uid": "4284131", "content": "【太难了"}, {"uid": "556243", "content": "再来一次"}, {"uid": "12566597", "content": "!!"}, {"uid": "4284131", "content": "【世界之墙啊ww"}, {"uid": "420773", "content": "加油"}, {"uid": "4284131", "content": "【0星ww"}, {"uid": "4284131", "content": "【不会吧"}, {"uid": "4284131", "content": "【还掉下去了"}, {"uid": "30892380", "content": "不是月灵的错对吧？"}, {"uid": "4284131", "content": "【因为气球都烧起来了"}, {"uid": "5451699", "content": "草"}, {"uid": "273923", "content": "そうだよ、空中で料理してる二人が悪いのです！"}, {"uid": "4284131", "content": "【那个料理场所真的不行"}, {"uid": "10567852", "content": "到此为止了"}, {"uid": "4284131", "content": "【因为是气球的错对吧"}, {"uid": "4284131", "content": "【月灵的错？"}, {"uid": "420773", "content": "这关比较难"}, {"uid": "310457", "content": "そうだよ"}, {"uid": "2063530", "content": "game over"}, {"uid": "3101500", "content": "可惜"}, {"uid": "481297", "content": "wwww"}, {"uid": "264842", "content": "可惜"}, {"uid": "1690448", "content": "这就是世界壁了，月灵"}, {"uid": "4284131", "content": "【一颗星都没有"}, {"uid": "855779", "content": "哈哈哈"}, {"uid": "12480042", "content": "惜しい"}, {"uid": "10567852", "content": "zero"}, {"uid": "4284131", "content": "【骗人的吧"}, {"uid": "556243", "content": "ZE-----RO----------"}, {"uid": "310457", "content": "失敗した"}, {"uid": "28750341", "content": "可惜"}, {"uid": "4284131", "content": "【哇啊啊啊.."}, {"uid": "4284131", "content": "【番茄沙拉"}, {"uid": "420773", "content": "残念"}, {"uid": "210157", "content": "好家伙"}, {"uid": "24149299", "content": "草"}, {"uid": "273923", "content": "寿司屋でサラダ作ってるエーテルwww"}, {"uid": "4284131", "content": "【番茄给我赶上啊！"}, {"uid": "556243", "content": "草"}, {"uid": "1690448", "content": "ww"}, {"uid": "556243", "content": "可惜"}, {"uid": "5451699", "content": "草"}, {"uid": "4284131", "content": "【不做沙拉之外的食物"}, {"uid": "420773", "content": "草"}, {"uid": "556243", "content": "差一点"}, {"uid": "4284131", "content": "【请大家注意"}, {"uid": "4284131", "content": "【只能做沙拉了，寿司做不了了"}, {"uid": "5451699", "content": "wwwwwwwwwwwwwwwww"}, {"uid": "556243", "content": "没时间了"}, {"uid": "4284131", "content": "【洗盘子的位置也没有了"}, {"uid": "10567852", "content": "time over"}, {"uid": "4284131", "content": "【盘子没有了，得去洗盘子"}, {"uid": "273923", "content": "難しいよねwww"}, {"uid": "24149299", "content": "同传man，我的超人"}, {"uid": "4284131", "content": "【盘子"}, {"uid": "4284131", "content": "【切卷心菜的地方没有了"}, {"uid": "273923", "content": "それとお皿洗わないと"}, {"uid": "4284131", "content": "【切番茄，然后变成沙拉"}, {"uid": "4284131", "content": "【切个卷心菜吧"}, {"uid": "4284131", "content": "【太艰难了"}, {"uid": "4284131", "content": "【竟然会有米，材料增加了"}, {"uid": "4284131", "content": "【为什么会有米转过来了？"}, {"uid": "4284131", "content": "【然后切卷心菜"}, {"uid": "4284131", "content": "【可以可以"}, {"uid": "4284131", "content": "【这样"}, {"uid": "4284131", "content": "【不是黄瓜沙拉啊.."}, {"uid": "4284131", "content": "【一份做错了？"}, {"uid": "273923", "content": "急げ！"}, {"uid": "4284131", "content": "【全部都不对劲"}, {"uid": "4284131", "content": "【作为厨师来说"}, {"uid": "147123", "content": "月灵姐！晚上好"}, {"uid": "310457", "content": "就是这样的世界啦"}, {"uid": "273923", "content": "あっ"}, {"uid": "4284131", "content": "【黄瓜的接球游戏ww"}, {"uid": "10567852", "content": "敬业"}, {"uid": "4284131", "content": "【我搞不懂了"}, {"uid": "273923", "content": "驚いたw"}, {"uid": "420773", "content": "草"}, {"uid": "4284131", "content": "【为什么一点事都没有就开始做饭了"}, {"uid": "2801201", "content": "就算事故了还是得工作"}, {"uid": "556243", "content": "月灵当机了wwwww"}, {"uid": "4284131", "content": "【活下来简直就是奇迹"}, {"uid": "5451699", "content": "草"}, {"uid": "196952", "content": "就算从天上掉下来，也要做料理！"}, {"uid": "4284131", "content": "【完全搞不懂了"}, {"uid": "11653382", "content": "宕机了"}, {"uid": "2063530", "content": "落ちたｗ"}, {"uid": "4284131", "content": "【怎么回事"}, {"uid": "556547", "content": "单人厨房？"}, {"uid": "10567852", "content": "转场了"}, {"uid": "4284131", "content": "【出大问题了w"}, {"uid": "8778512", "content": "落地了呢"}, {"uid": "3580236", "content": "自己玩吗"}, {"uid": "1690448", "content": "www"}, {"uid": "15564", "content": "それでも続くのだ"}, {"uid": "273923", "content": "寿司店に落ちたwww"}, {"uid": "4284131", "content": "【诶？"}, {"uid": "4284131", "content": "【我要切黄瓜了"}, {"uid": "4284131", "content": "【在摇了"}, {"uid": "4284131", "content": "【不是卷心菜是黄瓜"}, {"uid": "556243", "content": "wait what"}, {"uid": "273923", "content": "wwww"}, {"uid": "4284131", "content": "【没有只有卷心菜的沙拉吗"}, {"uid": "5451699", "content": "草"}, {"uid": "2147879", "content": "工作环境极其恶劣"}, {"uid": "4284131", "content": "【这个强风真可恶"}, {"uid": "4284131", "content": "【切，我来切"}, {"uid": "3101500", "content": "wwww"}, {"uid": "4284131", "content": "【重新做一个厨房更好"}, {"uid": "10567852", "content": "炎炎"}, {"uid": "4284131", "content": "【赶紧收工啊"}, {"uid": "2709718", "content": "着火了！"}, {"uid": "4284131", "content": "【这厨房怎么搞的啊"}, {"uid": "4284131", "content": "【大炎上ww"}, {"uid": "273923", "content": "炎上厨房"}, {"uid": "67126", "content": "绝赞炎上中"}, {"uid": "4284131", "content": "【还在摇"}, {"uid": "4284131", "content": "【为什么还要干活"}, {"uid": "4284131", "content": "【这种天气直接不干就行了啊"}, {"uid": "38752164", "content": "姐姐叫我一起玩呀，你一个人太孤单了"}, {"uid": "273923", "content": "草"}, {"uid": "5451699", "content": "大炎上草"}, {"uid": "10983562", "content": "燃起来了"}, {"uid": "4284131", "content": "【怎么回事"}, {"uid": "4284131", "content": "【而且还有暴风雨"}, {"uid": "2801201", "content": "着火啦"}, {"uid": "310457", "content": "这种事情绝对很奇怪啊"}, {"uid": "4284131", "content": "【都烧起来了"}, {"uid": "4284131", "content": "【好怪啊"}, {"uid": "4284131", "content": "【这厨房什么构造啊"}, {"uid": "23366305", "content": "(⌒▽⌒)"}, {"uid": "4284131", "content": "【不能通过的意思？"}, {"uid": "196952", "content": "火！！火！！"}, {"uid": "4284131", "content": "【为什么烧起来了"}, {"uid": "1804822", "content": "着火了啊ww"}, {"uid": "420773", "content": "草"}, {"uid": "4284131", "content": "【怎么回事"}, {"uid": "4284131", "content": "【火灾了"}, {"uid": "273923", "content": "消火器を使って"}, {"uid": "4284131", "content": "【等等"}, {"uid": "4284131", "content": "【为什么？"}, {"uid": "4284131", "content": "【为什么烧起来了"}, {"uid": "273923", "content": "このあと、場所が変わります（）"}, {"uid": "4284131", "content": "【也不会烤焦"}, {"uid": "12480042", "content": "燃えてるよ"}, {"uid": "4284131", "content": "【沙拉小孩子都能做出来"}, {"uid": "556243", "content": "lmao"}, {"uid": "310457", "content": "会掉下去我记得"}, {"uid": "4284131", "content": "【最初就开始学的"}, {"uid": "4284131", "content": "【这次是沙拉啊"}, {"uid": "2063530", "content": "日本的11点吗？"}, {"uid": "5451699", "content": "火！！！"}, {"uid": "11653382", "content": "ダッシュを使わないの？"}, {"uid": "4284131", "content": "【那么"}, {"uid": "4284131", "content": "【1-6"}, {"uid": "4284131", "content": "【又要来风了吗"}, {"uid": "4284131", "content": "【今天玩到11点左右"}, {"uid": "1690448", "content": "月灵游戏本当上手"}, {"uid": "854962", "content": "可爱姐姐！"}, {"uid": "4284131", "content": "【请大家为我加油"}, {"uid": "4284131", "content": "【接下来也要加油玩"}, {"uid": "4284131", "content": "【谢谢送礼物的粉丝，谢谢上舰的粉丝"}, {"uid": "49177400", "content": "solo master lol"}, {"uid": "4284131", "content": "【马上就蹬鼻子上脸"}, {"uid": "20587747", "content": "来了来了"}, {"uid": "4284131", "content": "【变好了？对吧"}, {"uid": "4284131", "content": "【谢谢大家"}, {"uid": "556243", "content": "是的"}, {"uid": "4284131", "content": "【还有上舰的粉丝"}, {"uid": "273923", "content": "上手上手！"}, {"uid": "4284131", "content": "【还有梦幻翅膀"}, {"uid": "4284131", "content": "【抱歉不会念.."}, {"uid": "4284131", "content": "【光字不会念"}, {"uid": "9540498", "content": "单人游戏大师ww"}, {"uid": "4284131", "content": "【谢谢刚刚送礼物的粉丝"}, {"uid": "310457", "content": "でも上手になった"}, {"uid": "11653382", "content": "准备下班？"}, {"uid": "17725365", "content": "月灵妹妹玩得好欢乐啊"}, {"uid": "4284131", "content": "【单人估计是活干的更多吧"}, {"uid": "20587747", "content": "？"}, {"uid": "4284131", "content": "【可能就有200分了"}, {"uid": "4284131", "content": "【要是送上那一盘的话"}, {"uid": "4284131", "content": "【还差那么一丢丢"}, {"uid": "4284131", "content": "【太可惜了"}, {"uid": "4284131", "content": "【就真的差一步"}, {"uid": "4284131", "content": "【还差一步"}, {"uid": "2063530", "content": "ダッシュは"}, {"uid": "4284131", "content": "【赶不及ww"}, {"uid": "9540498", "content": "苦呀西www"}, {"uid": "4284131", "content": "【绝望了"}, {"uid": "4284131", "content": "【太悲伤了"}, {"uid": "4284131", "content": "【为什么啊"}, {"uid": "4284131", "content": "【还差一点"}, {"uid": "481297", "content": "惜しかった"}, {"uid": "10567852", "content": "苦呀西"}, {"uid": "11653382", "content": "惜しい"}, {"uid": "28750341", "content": "草"}, {"uid": "4284131", "content": "【太可惜了"}, {"uid": "420773", "content": "差一点点"}, {"uid": "1804822", "content": "可惜"}, {"uid": "855779", "content": "厉害"}, {"uid": "135711", "content": "草"}, {"uid": "4284131", "content": "【放过去ww"}, {"uid": "481297", "content": "wwww"}, {"uid": "855779", "content": "单人还能有两颗星"}, {"uid": "310457", "content": "あああああああ"}, {"uid": "273923", "content": "間に合わなかったwww惜しい"}, {"uid": "4284131", "content": "【风不要过莱了啊"}, {"uid": "9994415", "content": "大脑过载了"}, {"uid": "556243", "content": "差一点"}, {"uid": "5451699", "content": "惜しい！！！！"}, {"uid": "4284131", "content": "【强风ww"}, {"uid": "4284131", "content": "【赶紧煮好啊番茄"}, {"uid": "12983420", "content": "www"}, {"uid": "420773", "content": "ohhhhhhhhhhhhhhhhhhh"}, {"uid": "5451699", "content": "wwwwwwwwwwwwww"}, {"uid": "4284131", "content": "【意面！没在煮啊"}, {"uid": "273923", "content": "www"}, {"uid": "4284131", "content": "【还有30秒"}, {"uid": "556243", "content": "绝望"}, {"uid": "9540498", "content": "有了读心术，读到的都是自己不想知道的事情就糟了呢"}, {"uid": "4284131", "content": "【意面在哪"}, {"uid": "4284131", "content": "【搬过去"}, {"uid": "4284131", "content": "【放番茄，切掉"}, {"uid": "273923", "content": "www"}, {"uid": "10567852", "content": "越来越熟练了"}, {"uid": "4284131", "content": "【放盘子，再交出去"}, {"uid": "4284131", "content": "【这样煮好番茄之后"}, {"uid": "71653748", "content": "もう読めるになったと思うが"}, {"uid": "4284131", "content": "【现在平底锅放在上面"}, {"uid": "1804822", "content": "草"}, {"uid": "4284131", "content": "【月灵想拥有读心术"}, {"uid": "13299794", "content": "单线程"}, {"uid": "273923", "content": "それは当然なりたいw"}, {"uid": "30892380", "content": "完全忘记番茄了"}, {"uid": "4284131", "content": "【但是事与愿违"}, {"uid": "4284131", "content": "【其实我是有在想的"}, {"uid": "1604668", "content": "左右互搏"}, {"uid": "4284131", "content": "【月灵究竟想干嘛"}, {"uid": "273923", "content": "www"}, {"uid": "13299794", "content": "一个人左右开弓"}, {"uid": "4284131", "content": "【也搞不懂顺序"}, {"uid": "38752164", "content": "姐姐好"}, {"uid": "4284131", "content": "【在咖啡厅打工的时候"}, {"uid": "30892380", "content": "TOMATO!"}, {"uid": "38752164", "content": "姐姐怎么一个人玩这个"}, {"uid": "273923", "content": "トマトを切る"}, {"uid": "4284131", "content": "【洗盘子"}, {"uid": "11653382", "content": "是分脑厨房（）"}, {"uid": "4284131", "content": "【然后这里煮"}, {"uid": "4284131", "content": "【推厨房跑ww"}, {"uid": "38752164", "content": "姐姐好"}, {"uid": "4284131", "content": "【赶紧过去ww"}, {"uid": "9540498", "content": "大风车转呀转悠悠"}, {"uid": "17792060", "content": "一个人的厨房"}, {"uid": "4284131", "content": "【就成了"}, {"uid": "310457", "content": "幻想风靡"}, {"uid": "4284131", "content": "【把盘子拿过来"}, {"uid": "4284131", "content": "【为什么拿意面过来了ww"}, {"uid": "4284131", "content": "【在这爽朗的空气中干活"}, {"uid": "556243", "content": "要拿新盘子啊"}, {"uid": "11653382", "content": "走的可悠闲w"}, {"uid": "1635457", "content": "这是一个人玩两边吗？"}, {"uid": "273923", "content": "風神招来！"}, {"uid": "4284131", "content": "【时机真好"}, {"uid": "4284131", "content": "【番茄煮好了"}, {"uid": "4284131", "content": "【然后去洗个盘子"}, {"uid": "1751459", "content": "空投物资（确信）"}, {"uid": "3109422", "content": "晚上好"}, {"uid": "4284131", "content": "【放这里"}, {"uid": "4284131", "content": "【把番茄"}, {"uid": "4284131", "content": "【可以可以"}, {"uid": "310457", "content": "这是送给谁吃了啊"}, {"uid": "4284131", "content": "【加油切啊倒是"}, {"uid": "4284131", "content": "【番茄也要切的啊..真可惜"}, {"uid": "10567852", "content": "这比打团难多了"}, {"uid": "15400731", "content": "我来了 月灵妹妹"}, {"uid": "9540498", "content": "话说这关做好的菜卖给谁了呢？"}, {"uid": "4284131", "content": "【番茄意面已经能交出去了吧？"}, {"uid": "4284131", "content": "【可以可以"}, {"uid": "4284131", "content": "【时间掌握真的难"}, {"uid": "420773", "content": "草"}, {"uid": "273923", "content": " www"}, {"uid": "4284131", "content": "【番茄也会煮糊的吗"}, {"uid": "11653382", "content": "ダッシュを使って"}, {"uid": "22014219", "content": "起火啦"}, {"uid": "4284131", "content": "【糟了"}, {"uid": "4284131", "content": "【还能煮2份"}, {"uid": "4284131", "content": "【意面"}, {"uid": "4284131", "content": "【还要切好多东西"}, {"uid": "4284131", "content": "【太麻烦了"}, {"uid": "4284131", "content": "【番茄也要煮啊"}, {"uid": "4284131", "content": "【好了好了"}, {"uid": "4284131", "content": "【等等等等"}, {"uid": "273923", "content": "落ちないように気をつけてw"}, {"uid": "4284131", "content": "【着火了"}, {"uid": "2088554", "content": "差点糊了"}, {"uid": "372782509", "content": "www"}, {"uid": "4284131", "content": "【意面要招呼了"}, {"uid": "1804822", "content": "要咋了哟"}, {"uid": "4284131", "content": "【怎么回事"}, {"uid": "273923", "content": "www"}, {"uid": "4284131", "content": "【什么机关？"}, {"uid": "4284131", "content": "【位置改变了.."}, {"uid": "932103", "content": "www"}, {"uid": "556243", "content": "要起火了"}, {"uid": "310457", "content": "好大的风"}, {"uid": "4284131", "content": "【怎么回事"}, {"uid": "4284131", "content": "【骗人的吧？"}, {"uid": "4284131", "content": "【拿上意面，煮"}, {"uid": "4284131", "content": "【姑且先切了"}, {"uid": "273923", "content": "www"}, {"uid": "4284131", "content": "【拿上番茄"}, {"uid": "5451699", "content": "小心掉下去哦"}, {"uid": "11653382", "content": "逐渐折磨"}, {"uid": "2088554", "content": "这可坏事了"}, {"uid": "10567852", "content": "要扔食材了"}, {"uid": "4284131", "content": "【看起来这个店，只有肉末意面"}, {"uid": "1804822", "content": "越来越复杂了"}, {"uid": "556243", "content": "完了，月灵要遭重了"}, {"uid": "5451699", "content": "完了，要大脑宕机了"}, {"uid": "4284131", "content": "【新菜单了"}, {"uid": "4284131", "content": "【意面"}, {"uid": "4284131", "content": "【那么开始吧"}, {"uid": "273923", "content": "達人はね、どこでも料理できるだから（違う）"}, {"uid": "4284131", "content": "【为啥"}, {"uid": "4284131", "content": "【有热气球"}, {"uid": "4284131", "content": "【在空中煮饭的意思？"}, {"uid": "4284131", "content": "【你看"}, {"uid": "4284131", "content": "【飞起来？"}, {"uid": "4284131", "content": "【按那个按钮就行了？"}, {"uid": "420773", "content": "哇，这关蛮难的"}, {"uid": "556243", "content": "芜湖~ 起飞~"}, {"uid": "5451699", "content": "这个会掉下去的"}, {"uid": "1804822", "content": "感觉还是现实中做菜简单一些啊ww"}, {"uid": "5451699", "content": "起飞~"}, {"uid": "4284131", "content": "【这里不能上去"}, {"uid": "1690448", "content": "加油啊，学做菜的魔族大姐姐"}, {"uid": "273923", "content": "空中ステージ！"}, {"uid": "4284131", "content": "【原来如此，有这种设定啊"}, {"uid": "4284131", "content": "【不过我想把不可能变成可能"}, {"uid": "4284131", "content": "【对，真的很难"}, {"uid": "273923", "content": "消火器は宝具なんですよw"}, {"uid": "17792060", "content": "加油啊月灵姐"}, {"uid": "238106", "content": "尽力了"}, {"uid": "4284131", "content": "【如果煮饭烧了的话"}, {"uid": "420773", "content": "是的"}, {"uid": "11653382", "content": "もし米が焼いたらそれが必要です"}, {"uid": "37806065", "content": "经典一核有难多核围观"}, {"uid": "13707858", "content": "一个人很难哟"}, {"uid": "2063530", "content": "对对对"}, {"uid": "273923", "content": "そうそうw"}, {"uid": "10567852", "content": "超频了"}, {"uid": "17792060", "content": "尽力了"}, {"uid": "12480042", "content": "え？一人でふだきゃりゃを操るのは難しくない？"}, {"uid": "4284131", "content": "【要是平时能煮饭的话"}, {"uid": "1804822", "content": "尽力了呀"}, {"uid": "137955", "content": "いつも自分で自分で邪魔する"}, {"uid": "4284131", "content": "【怎么样才能变成3星啊"}, {"uid": "310457", "content": "クリアだと？！"}, {"uid": "2049413", "content": "wwwww"}, {"uid": "9540498", "content": "www"}, {"uid": "4284131", "content": "【2星啊.."}, {"uid": "3101500", "content": "www"}, {"uid": "4284131", "content": "【啊啊啊"}, {"uid": "2072005", "content": "草"}, {"uid": "4284131", "content": "【不是洗盘子的时候啊"}, {"uid": "5095", "content": "手忙脚乱"}, {"uid": "4270565", "content": "ww"}, {"uid": "420773", "content": "8888888"}, {"uid": "855779", "content": "单核硬跑多核www"}, {"uid": "273923", "content": "時間切れw"}, {"uid": "5451699", "content": "www"}, {"uid": "1804822", "content": "ww"}, {"uid": "1690448", "content": "经典偷懒多核了"}, {"uid": "11653382", "content": "消火器だよ"}, {"uid": "4284131", "content": "【放在这"}, {"uid": "4284131", "content": "【黄瓜借我一下"}, {"uid": "2063530", "content": "消火器"}, {"uid": "4284131", "content": "【糟了糟了，盘子放这里"}, {"uid": "4284131", "content": "【啊啊着急了"}, {"uid": "4284131", "content": "【我拿了啥"}, {"uid": "8670831", "content": "多核现状"}, {"uid": "4284131", "content": "【这是啥"}, {"uid": "4284131", "content": "【【我拿了什么"}, {"uid": "2801201", "content": "逐渐熟练"}, {"uid": "4284131", "content": "【才能做成寿司"}, {"uid": "4284131", "content": "【鱼，还有海苔"}, {"uid": "4284131", "content": "【在这里洗盘子对吧"}, {"uid": "98665343", "content": "（￣▽￣）"}, {"uid": "4284131", "content": "【真希望能获得跟劳动相对应的酬劳"}, {"uid": "4284131", "content": "【这么难才赚那么点"}, {"uid": "4284131", "content": "【终于能做好一份了"}, {"uid": "556243", "content": "加油"}, {"uid": "4270565", "content": "wwwwwwwww"}, {"uid": "4284131", "content": "【把鱼放一起"}, {"uid": "4284131", "content": "【而且还捡不了"}, {"uid": "273923", "content": "チップないからwww"}, {"uid": "8778512", "content": "自抛自接"}, {"uid": "4284131", "content": "【不能丢"}, {"uid": "4284131", "content": "【为什么能丢黄瓜出去"}, {"uid": "4284131", "content": "【丢出去了？"}, {"uid": "4284131", "content": "【用冲刺，哦这样"}, {"uid": "9540498", "content": "好勇"}, {"uid": "420773", "content": "草"}, {"uid": "4284131", "content": "【不对，切"}, {"uid": "4284131", "content": "【切鱼"}, {"uid": "137955", "content": "自分は自分で邪魔する"}, {"uid": "6436965", "content": "steam还是switch上的啊？"}, {"uid": "4284131", "content": "【去切一些素材"}, {"uid": "310457", "content": "いいタイミング"}, {"uid": "4284131", "content": "【然而还没煮饭"}, {"uid": "4284131", "content": "【到此为止最棒的操作了"}, {"uid": "4284131", "content": "【让他看着饭"}, {"uid": "1804822", "content": "草"}, {"uid": "4284131", "content": "【让开让开"}, {"uid": "855779", "content": "这么一股子既视感，哦，是我啊，那没事了"}, {"uid": "4284131", "content": "【总之先煮饭"}, {"uid": "4284131", "content": "【把盘子放中间看来是不错的选择"}, {"uid": "239284916", "content": "泪目"}, {"uid": "137955", "content": "全部米じゃん"}, {"uid": "4284131", "content": "【难道是利用传送带进行冲刺吗"}, {"uid": "11653382", "content": "分脑厨房"}, {"uid": "2164651", "content": "孤独传说啊"}, {"uid": "4284131", "content": "【用传送带可能比较快"}, {"uid": "8778512", "content": "单人模式？"}, {"uid": "10567852", "content": "精分厨房"}, {"uid": "4284131", "content": "【啊啊还行"}, {"uid": "2164651", "content": "单人分手厨房"}, {"uid": "4284131", "content": "【让开让开"}, {"uid": "22014219", "content": "(⌒▽⌒)"}, {"uid": "400642687", "content": "こんばんはお姉さん"}, {"uid": "4284131", "content": "【材料全部放出来"}, {"uid": "4284131", "content": "【总之先把"}, {"uid": "4284131", "content": "【下个要做什么"}, {"uid": "273923", "content": "このステージは難しいよwww"}, {"uid": "239284916", "content": "这游戏一个人完不成目标吧"}, {"uid": "4284131", "content": "【厨房真要这东西？"}, {"uid": "4284131", "content": "【为什么要用传送带？"}, {"uid": "9540498", "content": "不经意的说出非凡的话ww"}, {"uid": "420773", "content": "没有的"}, {"uid": "2063530", "content": "快快快"}, {"uid": "4284131", "content": "【还是寿司"}, {"uid": "4284131", "content": "【开始了哦"}, {"uid": "4284131", "content": "【别在厨房跑啊"}, {"uid": "4284131", "content": "【想说不用冲刺就赶不上的意思？"}, {"uid": "4284131", "content": "【冲刺"}, {"uid": "4284131", "content": "【那么去1-4吧"}, {"uid": "310457", "content": "不不不这个更可怕"}, {"uid": "4284131", "content": "【真的太感谢了"}, {"uid": "4284131", "content": "【做饭的厨师，父母"}, {"uid": "11653382", "content": "友が必要ですねw"}, {"uid": "2024288634", "content": "好耶"}, {"uid": "71653748", "content": "爆弾厨房にならないようにwww"}, {"uid": "4284131", "content": "【太难了"}, {"uid": "2063530", "content": "食材可以扔给对方"}, {"uid": "4284131", "content": "【地狱厨房ww真是呢"}, {"uid": "23988752", "content": "左右互搏是时候练起来了"}, {"uid": "4284131", "content": "【真的太难了"}, {"uid": "4284131", "content": "【啥都想干，啥都干不好的感觉"}, {"uid": "6375299", "content": "w"}, {"uid": "135711", "content": "说不定多人玩更有意思"}, {"uid": "4284131", "content": "【看来要把虾先做好"}, {"uid": "2063530", "content": "可爱可爱"}, {"uid": "137955", "content": "地獄厨房"}, {"uid": "4284131", "content": "【这次真的慌了啊"}, {"uid": "394892", "content": "游戏体验太差，需要一个队友让游戏更难。"}, {"uid": "372782509", "content": "食材可以扔出去"}, {"uid": "4284131", "content": "【终于变成2星了"}, {"uid": "9540498", "content": "www"}, {"uid": "97701940", "content": "孤独传说"}, {"uid": "4284131", "content": "【啊啊啊2星啊"}, {"uid": "1309495527", "content": "ｗｗｗ"}, {"uid": "23988752", "content": "不错了"}, {"uid": "1804822", "content": "太难了"}, {"uid": "1804822", "content": "草ww"}, {"uid": "4284131", "content": "【时间到www"}, {"uid": "23416514", "content": "wwwwww"}, {"uid": "114242", "content": "手忙脚乱的月玲姐姐好可爱"}, {"uid": "4284131", "content": "【米已经煮不来了"}, {"uid": "855779", "content": "才注意到，这不是孤独传说么www"}, {"uid": "420773", "content": "88888888"}, {"uid": "2801201", "content": "."}, {"uid": "4284131", "content": "【糟了"}, {"uid": "4284131", "content": "【盘子好远"}, {"uid": "372782509", "content": "wwww"}, {"uid": "556243", "content": "lmao"}, {"uid": "4284131", "content": "【总之先把虾交出去"}, {"uid": "5451699", "content": "wwwwwwwwwwwwwww"}, {"uid": "234702", "content": "はい"}, {"uid": "4284131", "content": "【黄瓜在哪w"}, {"uid": "4284131", "content": "【还要切虾"}, {"uid": "9540498", "content": "真的考验心态"}, {"uid": "11653382", "content": "做虾吧w"}, {"uid": "1626145", "content": "1"}, {"uid": "4284131", "content": "【现在才做了一份ww"}, {"uid": "4284131", "content": "【让这个人交出去"}, {"uid": "420773", "content": "斜角的东西拿不到www"}, {"uid": "310457", "content": "是不是在用键盘玩哦，用手柄比较好吧"}, {"uid": "4284131", "content": "【放在这里"}, {"uid": "4284131", "content": "【总之先变成寿司"}, {"uid": "234702", "content": "キュリーは切れされたくないようだ"}, {"uid": "388280251", "content": "晚上好"}, {"uid": "4284131", "content": "【黄瓜呢ww"}, {"uid": "273923", "content": " www"}, {"uid": "67126", "content": "bug吧"}, {"uid": "4284131", "content": "【黄瓜不能用了"}, {"uid": "4284131", "content": "【黄瓜ww"}, {"uid": "137955", "content": "キュウリ!鍋!米!皿!燃える!"}, {"uid": "6436965", "content": "草"}, {"uid": "372782509", "content": "www"}, {"uid": "2147879", "content": "我自己solo了没几关就放弃了"}, {"uid": "4284131", "content": "【诶？"}, {"uid": "273923", "content": "取れないw"}, {"uid": "4284131", "content": "【切好的黄瓜，放到海苔哪里"}, {"uid": "210157", "content": "没炸就算赢"}, {"uid": "4284131", "content": "【黄瓜啊ww"}, {"uid": "420773", "content": "草"}, {"uid": "5451699", "content": "草"}, {"uid": "4284131", "content": "【海苔.."}, {"uid": "310457", "content": "ｋｋｓｋ"}, {"uid": "16988189", "content": "需要一个人来帮"}, {"uid": "4284131", "content": "【恩"}, {"uid": "1804822", "content": "至少没炸ww"}, {"uid": "4284131", "content": "【这样然后"}, {"uid": "5451699", "content": "大脑宕机"}, {"uid": "4284131", "content": "【虽然有点不妙"}, {"uid": "67126", "content": "极限救家"}, {"uid": "49177400", "content": "厨房要爆炸了 哈哈"}, {"uid": "4284131", "content": "【这个应该还能用的吧ww"}, {"uid": "234702", "content": "食べます！"}, {"uid": "4284131", "content": "【好危险"}, {"uid": "1804822", "content": "草"}, {"uid": "9540498", "content": "来了来了"}, {"uid": "4284131", "content": "【糟了"}, {"uid": "273923", "content": "血圧上昇中（）"}, {"uid": "5381614", "content": "wwwww"}, {"uid": "4284131", "content": "【等等"}, {"uid": "4284131", "content": "【黄瓜ww"}, {"uid": "474239996", "content": "草"}, {"uid": "2801201", "content": "需要加个朋友"}, {"uid": "4284131", "content": "【饭锅"}, {"uid": "420773", "content": "ohhhhh"}, {"uid": "4284131", "content": "【去切黄瓜吧"}, {"uid": "8670831", "content": "哈哈"}, {"uid": "210157", "content": "草"}, {"uid": "4284131", "content": "【还要洗盘子"}, {"uid": "11653382", "content": "solo也太地狱难度了"}, {"uid": "273923", "content": "wwwww"}, {"uid": "556243", "content": "好难啊"}, {"uid": "420773", "content": "加油"}, {"uid": "4284131", "content": "【放米进去"}, {"uid": "263051117", "content": "solo这个好难啊"}, {"uid": "4284131", "content": "【糟了糟了"}, {"uid": "3231082", "content": "双线厉害了"}, {"uid": "4284131", "content": "【有点黑ww"}, {"uid": "4284131", "content": "【饭要烧起来了"}, {"uid": "4284131", "content": "【然后饭"}, {"uid": "374367144", "content": "锅巴~"}, {"uid": "4284131", "content": "【海苔"}, {"uid": "2063530", "content": "可以扔过去"}, {"uid": "4284131", "content": "【放到盘子上，交出去"}, {"uid": "6436965", "content": "双线程"}, {"uid": "9540498", "content": "这关都自己来是很难呀"}, {"uid": "59141949", "content": "晚上好！"}, {"uid": "11818513", "content": "为什么有点孤独的说"}, {"uid": "4284131", "content": "【这边"}, {"uid": "293858", "content": "要洗碟子了"}, {"uid": "4284131", "content": "【得用下脑子了"}, {"uid": "4284131", "content": "【煮饭的饭锅好远啊"}, {"uid": "137955", "content": "米を投げる"}, {"uid": "273923", "content": "だからお台を利用して〜"}, {"uid": "420773", "content": "极限双线操作"}, {"uid": "4284131", "content": "【把黄瓜全部交给这个人"}, {"uid": "11818513", "content": "一个人玩啊"}, {"uid": "2063530", "content": "gkd"}, {"uid": "2147879", "content": "晚上好～"}, {"uid": "4284131", "content": "【快快快"}, {"uid": "1804822", "content": "一个人做一个半区的事情会清晰很多哟"}, {"uid": "310457", "content": "ｇｋｄ　ｇｋｄ"}, {"uid": "69162177", "content": "晚上好"}, {"uid": "4284131", "content": "【用中文聊天就可以了"}, {"uid": "25114564", "content": "虽然自称妹妹但感觉是姐姐"}, {"uid": "11653382", "content": "快快快"}, {"uid": "234702", "content": "そうそうｗ"}, {"uid": "273923", "content": "快！"}, {"uid": "2063530", "content": "难起来了"}, {"uid": "4284131", "content": "【切东西的位置在哪"}, {"uid": "3231082", "content": "晚上好ヽ(ﾟ∀ﾟ)ﾉ!"}, {"uid": "4284131", "content": "【至今为止的料理要全部都做对吧"}, {"uid": "10943886", "content": "晚上好"}, {"uid": "4284131", "content": "【刚刚的画面有点恐怖"}, {"uid": "374367144", "content": "感觉一些常用口语可惜不用翻译？"}, {"uid": "273923", "content": "お皿を洗う、それは悪夢なんですよ"}, {"uid": "4284131", "content": "【现在开始要自己洗了"}, {"uid": "4284131", "content": "【之前是直接用新盘子"}, {"uid": "358368", "content": "来了来了"}, {"uid": "4284131", "content": "【来了，要洗盘子"}, {"uid": "8472067", "content": "守护厨师的荣耀，厨房没炸就算成功"}, {"uid": "4284131", "content": "【诶？"}, {"uid": "234702", "content": "ご飯がこけ続けると、キッチンが燃えるよ"}, {"uid": "4284131", "content": "【好"}, {"uid": "293858", "content": "这翻译机……"}, {"uid": "5451699", "content": "完了"}, {"uid": "4284131", "content": "【今天是游戏回，在玩分手厨房"}, {"uid": "11653382", "content": "是月灵姐姐啊(✪▽✪)"}, {"uid": "4284131", "content": "【很高兴认识你"}, {"uid": "273923", "content": "エーテル：お客様、鍋で食べてください！"}, {"uid": "4284131", "content": "【今天请多指教"}, {"uid": "4284131", "content": "【晚上好，我是漪月灵"}, {"uid": "8670831", "content": "战术变声"}, {"uid": "4284131", "content": "【谢谢来看直播"}, {"uid": "4284131", "content": "【那个倒是开心的事啊ww"}, {"uid": "293858", "content": "地狱在后面的关卡"}, {"uid": "4284131", "content": "【真的是ww"}, {"uid": "4284131", "content": "【最后直接把煲给客人了真的着急了"}, {"uid": "15993007", "content": "www"}, {"uid": "37806065", "content": "こんばんは！"}, {"uid": "2709718", "content": "太强了"}, {"uid": "374367144", "content": "笑出鹅叫哈哈哈"}, {"uid": "4284131", "content": "【草www8888"}, {"uid": "1751459", "content": "最强孤独传说"}, {"uid": "4284131", "content": "【谢谢大家"}, {"uid": "4284131", "content": "【着急了"}, {"uid": "173530634", "content": "强强"}, {"uid": "4284131", "content": "【姑且能拿到满星了"}, {"uid": "8472067", "content": "wwwwwww"}, {"uid": "20353893", "content": "wwww"}, {"uid": "273923", "content": "思ったより優しいよねwこのゲーム"}, {"uid": "4284131", "content": "【太好了"}, {"uid": "81189217", "content": "wwwwwww"}, {"uid": "4284131", "content": "【但是3星了"}, {"uid": "293858", "content": "强强"}, {"uid": "469644", "content": "差一点点"}, {"uid": "4284131", "content": "【wwww"}, {"uid": "1804822", "content": "锅wwww"}, {"uid": "310457", "content": "没有炸啊、失望"}, {"uid": "4284131", "content": "【等等"}, {"uid": "355627", "content": "wwwwwwwwwwwwww"}, {"uid": "4284131", "content": "【在生气了！！"}, {"uid": "293858", "content": "草"}, {"uid": "855779", "content": "哈哈哈"}, {"uid": "286104", "content": "www"}, {"uid": "556243", "content": "LMAO"}, {"uid": "137955", "content": "哪来的队友"}, {"uid": "131405816", "content": "草"}, {"uid": "4284131", "content": "【不要直接给盘子客人啊"}, {"uid": "2130977", "content": "哈哈"}, {"uid": "273923", "content": " www"}, {"uid": "4284131", "content": "【米快祝好啊"}, {"uid": "420773", "content": "加油"}, {"uid": "5451699", "content": "wwwwwwwwwwww"}, {"uid": "4284131", "content": "【加油啊"}, {"uid": "4284131", "content": "【提交"}, {"uid": "6436965", "content": "草，摸鱼队友"}, {"uid": "234702", "content": "鍋出すなｗ"}, {"uid": "4284131", "content": "【糟了啊"}, {"uid": "210157", "content": "草"}, {"uid": "4284131", "content": "【真的能做好吗"}, {"uid": "420773", "content": "草"}, {"uid": "4284131", "content": "【还有30秒.."}, {"uid": "4284131", "content": "【饭不够了"}, {"uid": "4284131", "content": "【先煮饭"}, {"uid": "273923", "content": "焦んないでw"}, {"uid": "1804822", "content": "草ww"}, {"uid": "4284131", "content": "【碍事"}, {"uid": "234702", "content": "コントローラー二つ使ってみたらｗ"}, {"uid": "4284131", "content": "【让开让开"}, {"uid": "310457", "content": "不不不、这才第二关"}, {"uid": "22913129", "content": "hello"}, {"uid": "12953806", "content": "www"}, {"uid": "4284131", "content": "【果然普通人做不好啊"}, {"uid": "44360", "content": "ww"}, {"uid": "121249", "content": "可以邀请 大家一起玩的"}, {"uid": "4284131", "content": "【这个只有饭在里面ww"}, {"uid": "4284131", "content": "【寿司好难啊"}, {"uid": "2063530", "content": "没煮饭"}, {"uid": "4284131", "content": "【糟了糟了"}, {"uid": "4284131", "content": "【怎么回事？"}, {"uid": "4284131", "content": "【没在切啊"}, {"uid": "4284131", "content": "【让这个人"}, {"uid": "152386049", "content": "草 一个人玩胡闹厨房"}, {"uid": "293858", "content": "上手"}, {"uid": "4284131", "content": "【可以了"}, {"uid": "4284131", "content": "【然后放饭上去"}, {"uid": "5451699", "content": "www"}, {"uid": "1690448", "content": "ohhhhhhhhhh"}, {"uid": "4284131", "content": "【然后拿上，装盘"}, {"uid": "4284131", "content": "【切好了？"}, {"uid": "1751459", "content": "在游戏里做饭也会爆炸的月灵女士（悲）"}, {"uid": "273923", "content": "魚を切るながら考えよう"}, {"uid": "4284131", "content": "【等等"}, {"uid": "4284131", "content": "【让他切"}, {"uid": "101219", "content": "_(:3」∠)_"}, {"uid": "4284131", "content": "【然后？"}, {"uid": "4284131", "content": "【盘子就只有这里有"}, {"uid": "374367144", "content": "在化学实验室做饭~"}, {"uid": "4284131", "content": "【拿上去，然后交给厨师"}, {"uid": "4284131", "content": "【鱼"}, {"uid": "4284131", "content": "【做好了"}, {"uid": "4284131", "content": "【海苔放这里"}, {"uid": "35173225", "content": "分手厨房？"}, {"uid": "137955", "content": "姐姐好可爱"}, {"uid": "4284131", "content": "【这个不是ww"}, {"uid": "23371852", "content": "www"}, {"uid": "67126", "content": "等一个火烧厨房"}, {"uid": "4284131", "content": "【怎么办才好啊"}, {"uid": "101219", "content": "好想和月灵一起玩啊"}, {"uid": "4284131", "content": "【糟了，危险"}, {"uid": "310457", "content": "公共厕所吗，想来就来，想走就走"}, {"uid": "5451699", "content": "手忙脚乱www"}, {"uid": "420773", "content": "开始手忙脚乱"}, {"uid": "4284131", "content": "【所以煮饭就肯定对了"}, {"uid": "273923", "content": "www"}, {"uid": "1804822", "content": "3个一起煮要炸的www"}, {"uid": "4284131", "content": "【这个回合是只会出现寿司"}, {"uid": "394892", "content": "嘛嘛嘛嘛，哦多多多"}, {"uid": "4284131", "content": "【煮饭"}, {"uid": "310457", "content": "怎么厨房还有人过来过去的"}, {"uid": "4284131", "content": "【这个人赶紧干活啊"}, {"uid": "2063530", "content": "会煮糊"}, {"uid": "4284131", "content": "【但是1个的话有点难办吧"}, {"uid": "4284131", "content": "【好难"}, {"uid": "4284131", "content": "【不能弄太热了？"}, {"uid": "1690448", "content": "跟霓虹金说起中国就是小笼包一样，实际上也不是每个人都会做"}, {"uid": "7178353", "content": "姉ちゃんこんばんは"}, {"uid": "4284131", "content": "【什么？"}, {"uid": "4284131", "content": "【做对了"}, {"uid": "4284131", "content": "【恩？"}, {"uid": "4284131", "content": "【糟了"}, {"uid": "4284131", "content": "【熟练的职人才能做好"}, {"uid": "5451699", "content": "会烧的（）"}, {"uid": "4679143", "content": "soga"}, {"uid": "28914079", "content": "是孤独传说吗"}, {"uid": "4284131", "content": "【果然还是"}, {"uid": "1804822", "content": "预感要炸锅"}, {"uid": "67126", "content": "捏寿司还是技术活啊"}, {"uid": "273923", "content": "できたよ〜"}, {"uid": "4284131", "content": "【要做成好吃的寿司"}, {"uid": "4284131", "content": "【怎么说，规则？"}, {"uid": "4284131", "content": "【寿司也有很多"}, {"uid": "4284131", "content": "【但是不是每个人都会做的"}, {"uid": "1715196", "content": "啊"}, {"uid": "273923", "content": "そうなの？おにぎりは？"}, {"uid": "4284131", "content": "【说起日本就是寿司"}, {"uid": "556243", "content": "加油！"}, {"uid": "4284131", "content": "【日本人的话"}, {"uid": "4284131", "content": "【没问题吧啊"}, {"uid": "4284131", "content": "【开始变难了"}, {"uid": "1976291", "content": "晚上好"}, {"uid": "4284131", "content": "【还要海苔"}, {"uid": "1804822", "content": " 后面会越来越乱的ww"}, {"uid": "4284131", "content": "【鱼和米"}, {"uid": "310457", "content": "しす"}, {"uid": "4284131", "content": "【要做寿司了呢"}, {"uid": "4284131", "content": "【寿司"}, {"uid": "374367144", "content": "中国男生个个都是厨师长"}, {"uid": "4284131", "content": "【那么开始1-2"}, {"uid": "4284131", "content": "【这车什么都能推开ww"}, {"uid": "855779", "content": "晚上好~"}, {"uid": "293858", "content": "分手厨房草"}, {"uid": "36435893", "content": "晚上好"}, {"uid": "4284131", "content": "【最近也会办歌回的"}, {"uid": "379755085", "content": "頑張れ!"}, {"uid": "4284131", "content": "【月灵厉害谢谢"}, {"uid": "4284131", "content": "【一个人都能玩下去？厉害"}, {"uid": "121249", "content": "分手厨房  哈哈哈"}, {"uid": "273923", "content": "大丈夫、地面に一分間置いても全然大丈夫だよ、このお客さん達は"}, {"uid": "4284131", "content": "【所以当做锻炼"}, {"uid": "2063530", "content": "書いてるかｗ"}, {"uid": "4284131", "content": "【平常因为不会煮饭"}, {"uid": "4284131", "content": "【来玩分手厨房了"}, {"uid": "2829715", "content": "ｗｗｗ"}, {"uid": "8472067", "content": "晚上好～月灵姐"}, {"uid": "44360", "content": "分手厨房还行"}, {"uid": "4284131", "content": "【今天是游戏回，分手厨房"}, {"uid": "4284131", "content": "【我是漪月灵"}, {"uid": "4284131", "content": "【晚上好，刚刚来的朋友"}, {"uid": "196952", "content": "反正客人看不到，多少秒都没关系啦！"}, {"uid": "434408610", "content": "强强月灵"}, {"uid": "4284131", "content": "【可爱谢谢"}, {"uid": "20353893", "content": "强强月灵"}, {"uid": "17725365", "content": "great!"}, {"uid": "374367144", "content": "会有音游么？"}, {"uid": "4284131", "content": "【3秒规则ww"}, {"uid": "4284131", "content": "【但是有点悲伤"}, {"uid": "12598528", "content": "强强"}, {"uid": "4284131", "content": "【谢谢大家"}, {"uid": "234702", "content": "一人でもパーティーゲームクリアできるぞｗ"}, {"uid": "1690448", "content": "强强月灵"}, {"uid": "196952", "content": "8888"}, {"uid": "4284131", "content": "【那么继续下一关"}, {"uid": "135711", "content": "上手"}, {"uid": "12413342", "content": "啊"}, {"uid": "4284131", "content": "【很棒"}, {"uid": "67126", "content": "居然是三星厨房"}, {"uid": "2063530", "content": "上手上手"}, {"uid": "4284131", "content": "【月灵有好好做到了"}, {"uid": "4284131", "content": "【大家看到了吗"}, {"uid": "432002", "content": "88888"}, {"uid": "114242", "content": "8888888"}, {"uid": "9540498", "content": "88888"}, {"uid": "310457", "content": "でも悲しいな…"}, {"uid": "4284131", "content": "【3星！太好了！"}, {"uid": "114242", "content": "手忙脚乱"}, {"uid": "2829715", "content": "こんばんは！かわいい！"}, {"uid": "273923", "content": "偉い偉い！"}, {"uid": "1804822", "content": "多人玩的时候可是把食材丢来丢去的啊ww"}, {"uid": "4284131", "content": "【时间到了"}, {"uid": "2088554", "content": "三星！"}, {"uid": "374367144", "content": "timeup"}, {"uid": "372782509", "content": "可可爱爱"}, {"uid": "234702", "content": "おおおお"}, {"uid": "4284131", "content": "【啊啊啊"}, {"uid": "556243", "content": "三星，强啊"}, {"uid": "4284131", "content": "【虾，不是虾！"}, {"uid": "9540498", "content": "月灵给吹一下还可以吃（桃）"}, {"uid": "2088554", "content": "time up"}, {"uid": "420773", "content": "8888888"}, {"uid": "5451699", "content": "やった！"}, {"uid": "4284131", "content": "【糟了糟了"}, {"uid": "4284131", "content": "【放盘子"}, {"uid": "4284131", "content": "【接下来也是虾"}, {"uid": "273923", "content": "wwww"}, {"uid": "4284131", "content": "【把虾放盘子"}, {"uid": "4284131", "content": "【可以可以"}, {"uid": "4284131", "content": "【在盘子面前的你赶紧干活哦"}, {"uid": "4284131", "content": "【糟了还有30秒"}, {"uid": "2709718", "content": "ww"}, {"uid": "4284131", "content": "【只是心情的问题ww"}, {"uid": "481297", "content": "汚いよww"}, {"uid": "234702", "content": "このゲームはもっと緩いぞｗ何秒でもオッケーｗ"}, {"uid": "2063530", "content": "駄目だよ"}, {"uid": "4284131", "content": "【3秒内的话就还能继续吃下去"}, {"uid": "34795461", "content": "草"}, {"uid": "1690448", "content": "三秒w"}, {"uid": "1804822", "content": "草"}, {"uid": "4284131", "content": "【就算掉地面上"}, {"uid": "67126", "content": "后厨实际场景"}, {"uid": "2088554", "content": "这不行吧……"}, {"uid": "273923", "content": "www"}, {"uid": "23371852", "content": "www"}, {"uid": "196952", "content": "kusa"}, {"uid": "12953806", "content": "哈哈哈哈哈"}, {"uid": "310457", "content": "食品卫生安全法违反"}, {"uid": "4284131", "content": "【日本有3秒规则"}, {"uid": "481297", "content": "草"}, {"uid": "210157", "content": "草"}, {"uid": "3101500", "content": "草"}, {"uid": "88750026", "content": "草"}, {"uid": "4284131", "content": "【鱼掉地上了ww"}, {"uid": "9872488", "content": "三秒规则"}, {"uid": "20353893", "content": "草"}, {"uid": "8670831", "content": "草"}, {"uid": "556243", "content": "没事"}, {"uid": "5451699", "content": "草"}, {"uid": "372782509", "content": "www"}, {"uid": "420773", "content": "草"}, {"uid": "310457", "content": "いよいよ"}, {"uid": "530085", "content": "www"}, {"uid": "4284131", "content": "【鱼还没切，切吧切吧"}, {"uid": "4284131", "content": "【然后提交"}, {"uid": "4284131", "content": "【我去切下虾"}, {"uid": "273923", "content": "がんばれ！"}, {"uid": "4284131", "content": "【听说非常受欢迎"}, {"uid": "4284131", "content": "【之前了解到一些盘子上面有画着虾的团"}, {"uid": "234702", "content": "エビ？"}, {"uid": "53000206", "content": "（￣▽￣）"}, {"uid": "423569446", "content": "看饿了"}, {"uid": "273923", "content": "順番に提供したらtipがもらえるよ"}, {"uid": "196952", "content": "是的是的"}, {"uid": "5919003", "content": "一个人玩很容易三星的（"}, {"uid": "4284131", "content": "【糟了不能直接放盘子上"}, {"uid": "4284131", "content": "【之前在日本"}, {"uid": "234702", "content": "話が進まない草"}, {"uid": "394892", "content": "无法和自己和解的游戏"}, {"uid": "4284131", "content": "【鱼有点受欢迎呢"}, {"uid": "13897560", "content": "我当时也是一个人玩的。——。"}, {"uid": "4284131", "content": "【把这个放盘子，递上"}, {"uid": "4284131", "content": "【这边是鱼"}, {"uid": "4284131", "content": "【给客人先上"}, {"uid": "4284131", "content": "【首先把虾放在盘子上"}, {"uid": "461826", "content": "一个人玩这个游戏也太悲伤了"}, {"uid": "4284131", "content": "【两边分别能切虾和鱼"}, {"uid": "310457", "content": "你还没开始切啊"}, {"uid": "4284131", "content": "【在这边切"}, {"uid": "248516", "content": "(\"▔□▔)/"}, {"uid": "4284131", "content": "【两边都有客人呢"}, {"uid": "4284131", "content": "【菜单"}, {"uid": "4284131", "content": "【有两种彩蛋呢"}, {"uid": "374367144", "content": "经典单人玩多人游戏。。。"}, {"uid": "4284131", "content": "【虾和鱼的刺身"}, {"uid": "4284131", "content": "【突然来了个难的"}, {"uid": "10983562", "content": "单 身 厨 房"}, {"uid": "4284131", "content": "【刺身ww"}, {"uid": "4284131", "content": "【开始干活了哦"}, {"uid": "4284131", "content": "【那么今天也"}, {"uid": "4161178", "content": "こんばんは＼(^▽^)／！"}, {"uid": "273923", "content": "事故キッチン"}, {"uid": "4284131", "content": "【走这里就行了吧"}, {"uid": "11629923", "content": "www"}, {"uid": "4284131", "content": "【这是..事故了"}, {"uid": "12414", "content": "w"}, {"uid": "23495468", "content": "(°∀°)ﾉ"}, {"uid": "518043", "content": "孤独传说"}, {"uid": "4284131", "content": "【姑且先打故事模式"}, {"uid": "10567852", "content": "分朽厨房"}, {"uid": "67126", "content": "分手厨房X 孤独厨房√"}, {"uid": "4284131", "content": "【刚刚打完新手教程"}, {"uid": "114242", "content": "分手厨房"}, {"uid": "273923", "content": "事故w"}, {"uid": "4284131", "content": "【首先来攻克第一关"}, {"uid": "481297", "content": "こんばんは"}, {"uid": "23495468", "content": "什么游戏啊"}, {"uid": "3651311", "content": "就自己一个人玩？"}, {"uid": "10038784", "content": "晚上好"}, {"uid": "4284131", "content": "【因为是初见"}, {"uid": "614905", "content": "可爱"}, {"uid": "273923", "content": "がんばれ〜"}, {"uid": "4284131", "content": "【我是漪月灵，今天玩的是分手厨房"}, {"uid": "3101500", "content": "草"}, {"uid": "135711", "content": "可爱"}, {"uid": "2063530", "content": "www"}, {"uid": "491274", "content": "晚上好"}, {"uid": "19836828", "content": "好诶"}, {"uid": "5451699", "content": "草"}, {"uid": "4284131", "content": "【大家晚上好谢谢大家来看直播"}, {"uid": "4284131", "content": "【可爱ww谢谢"}, {"uid": "1751459", "content": "最强孤独传说"}, {"uid": "374367144", "content": "厨艺Duel！"}, {"uid": "310457", "content": "自演漪 草"}, {"uid": "4284131", "content": "【这边就行了吧？"}, {"uid": "4284131", "content": "【被骂了呢ww"}, {"uid": "4284131", "content": "【国王大人"}, {"uid": "1690448", "content": "自演漪"}, {"uid": "4284131", "content": "【去哪里好？"}, {"uid": "4284131", "content": "【能动了呢"}, {"uid": "1690448", "content": "紫演漪"}, {"uid": "4284131", "content": "【日语有点搞笑ww"}, {"uid": "9540498", "content": "月灵小剧场"}, {"uid": "4284131", "content": "【感觉ww有点"}, {"uid": "273923", "content": "外"}, {"uid": "2063530", "content": "国王CV好可爱"}, {"uid": "273923", "content": "www"}, {"uid": "4284131", "content": "【那是啥?"}, {"uid": "4284131", "content": "【那个狗狗是警卫啊"}, {"uid": "273923", "content": "クリアは多分簡単だけど、ハイスコアは難しいよ"}, {"uid": "420773", "content": "晚上好"}, {"uid": "4284131", "content": "【只能做出两种沙拉了啊"}, {"uid": "13897560", "content": "啥游戏=="}, {"uid": "344145584", "content": "分手厨房"}, {"uid": "1690448", "content": "苦手月灵"}, {"uid": "9540498", "content": "第一次玩的话还算挺好的"}, {"uid": "2063530", "content": "可爱"}, {"uid": "67126", "content": "wwwww"}, {"uid": "4284131", "content": "【这个太难了吧"}, {"uid": "234702", "content": "まだチュートリアルでしょうｗｗ"}, {"uid": "584518", "content": "来晚了"}, {"uid": "20353893", "content": "www"}, {"uid": "12953806", "content": "wwww"}, {"uid": "10567852", "content": "比现实要更乱"}, {"uid": "310457", "content": "玩这个就不大可能看弹幕了吧，手忙脚乱"}, {"uid": "23988752", "content": "ww"}, {"uid": "1804822", "content": "ww"}, {"uid": "584518", "content": "www"}, {"uid": "4284131", "content": "【糟了糟了"}, {"uid": "135711", "content": "wwwww"}, {"uid": "37735382", "content": "草"}, {"uid": "3101500", "content": "wwwww"}, {"uid": "147063", "content": "草"}, {"uid": "20353893", "content": "手忙脚乱"}, {"uid": "491274", "content": "手忙脚乱www"}, {"uid": "273923", "content": "wwwww"}, {"uid": "469644", "content": "那个厨房爆炸的能力在餐厅打工还真可怕ww"}, {"uid": "4284131", "content": "【糟了怎么办"}, {"uid": "5451699", "content": "www"}, {"uid": "4284131", "content": "【越来越着急了"}, {"uid": "804600", "content": "wwwww"}, {"uid": "234702", "content": "てんぱってんなｗｗ"}, {"uid": "4284131", "content": "【下面有时间限制"}, {"uid": "556243", "content": "加油啊"}, {"uid": "4284131", "content": "【是不是会更好"}, {"uid": "4284131", "content": "【先切好"}, {"uid": "234702", "content": "草"}, {"uid": "4284131", "content": "【先把两种沙拉都需要的材料"}, {"uid": "310457", "content": "メイドカフェか？"}, {"uid": "1690448", "content": "ww"}, {"uid": "4284131", "content": "【被店长骂了"}, {"uid": "4284131", "content": "【因为太手忙脚乱了"}, {"uid": "4284131", "content": "【那个时候"}, {"uid": "4284131", "content": "【现实中"}, {"uid": "4284131", "content": "【月灵其实有试过在咖啡厅打过工"}, {"uid": "34319657", "content": "晚上好"}, {"uid": "210157", "content": "单人好像还挺好玩的"}, {"uid": "4284131", "content": "【怎么办"}, {"uid": "4284131", "content": "【客人开始变多了"}, {"uid": "81189217", "content": "晚上好"}, {"uid": "4284131", "content": "【糟了还在继续"}, {"uid": "4284131", "content": "【还要继续？"}, {"uid": "744780", "content": "单人手忙脚乱"}, {"uid": "4284131", "content": "【对吧对吧？"}, {"uid": "4284131", "content": "【这样沙拉就做好了"}, {"uid": "2709718", "content": "手忙脚乱哈哈哈"}, {"uid": "4284131", "content": "【黄瓜切好了"}, {"uid": "9540498", "content": "月灵小姐想要朋友"}, {"uid": "4284131", "content": "【直接一根搬过去了w"}, {"uid": "23988752", "content": "左右互搏"}, {"uid": "467582", "content": "竟然是一个人玩！"}, {"uid": "804600", "content": "手忙脚乱啊"}, {"uid": "4284131", "content": "【www黄瓜"}, {"uid": "153692", "content": "手忙脚乱"}, {"uid": "4679143", "content": "孤独厨房"}, {"uid": "4284131", "content": "【黄瓜..还没切"}, {"uid": "556243", "content": "lmao"}, {"uid": "1690448", "content": "一个人的分手厨房，是指左右手分手吗"}, {"uid": "4284131", "content": "【那个"}, {"uid": "4284131", "content": "【开始着急了"}, {"uid": "2063530", "content": "黄瓜没切"}, {"uid": "2801201", "content": "缺个工具人"}, {"uid": "5451699", "content": "www"}, {"uid": "4284131", "content": "【在切番茄..怎么办"}, {"uid": "273923", "content": " wwww"}, {"uid": "4284131", "content": "【拿上黄瓜"}, {"uid": "33019958", "content": "孤独传说wwww"}, {"uid": "23988752", "content": "什么孤独传说"}, {"uid": "4284131", "content": "【只有3种素材"}, {"uid": "273923", "content": "そうですねw"}, {"uid": "4284131", "content": "【这个新手教程"}, {"uid": "804600", "content": "我多久没看到这种孤独传说了"}, {"uid": "2709718", "content": "一人分饰两角"}, {"uid": "4284131", "content": "【番茄，然后"}, {"uid": "4284131", "content": "【把菜放在盘子上"}, {"uid": "4284131", "content": "【按标准做好"}, {"uid": "1804822", "content": "一个人玩的话"}, {"uid": "310457", "content": "一人分饰两角？"}, {"uid": "67126", "content": "空气朋友"}, {"uid": "4284131", "content": "【这样ww"}, {"uid": "4284131", "content": "【原来如此"}, {"uid": "273923", "content": "一人では、孤独伝説（）になる"}, {"uid": "1690448", "content": "新手教程草"}, {"uid": "4284131", "content": "【姑且试一下"}, {"uid": "4284131", "content": "【或许已经有人玩过了会觉得有点无聊"}, {"uid": "4284131", "content": "【这个是新手教程"}, {"uid": "4284131", "content": "【开始了哦！"}, {"uid": "9540498", "content": "好喜欢这嚣张又中二的笑声ww"}, {"uid": "4284131", "content": "【下面看不太清楚"}, {"uid": "18817288", "content": "来了来了"}, {"uid": "8663232", "content": "天使！是天使啊！"}, {"uid": "273923", "content": "玉ねぎの王"}, {"uid": "556243", "content": "Bio Hazard"}, {"uid": "17792060", "content": "草"}, {"uid": "7015180", "content": "来晚了"}, {"uid": "4284131", "content": "【开始变奇怪了"}, {"uid": "469644", "content": "不愧是ネクロ"}, {"uid": "17924416", "content": "（￣▽￣）"}, {"uid": "8478123", "content": "姐姐姐姐"}, {"uid": "4284131", "content": "【怎么了？"}, {"uid": "4284131", "content": "【你看，有目的"}, {"uid": "4284131", "content": "【没问题吗.."}, {"uid": "273923", "content": "トーストのお墓"}, {"uid": "2452572", "content": "这游戏一个人能玩吗"}, {"uid": "196952", "content": "wwwwwwwwwww"}, {"uid": "4284131", "content": "【抹布..不是抹布ww"}, {"uid": "469644", "content": "确实是发面吧"}, {"uid": "273923", "content": "パンですねw"}, {"uid": "4284131", "content": "【完全是..在做面包吧"}, {"uid": "4284131", "content": "【懂..这个是做的什么.."}, {"uid": "1690448", "content": "月灵孤独传说"}, {"uid": "273923", "content": "ワン！"}, {"uid": "67126", "content": "孤独的料理人"}, {"uid": "11440111", "content": "裂开厨房"}, {"uid": "161942365", "content": "挺萌的"}, {"uid": "4284131", "content": "【那个也算是料理法吗？？"}, {"uid": "17792060", "content": "来了来了"}, {"uid": "310457", "content": "还带演的，这是职业病吗w"}, {"uid": "372782509", "content": "孤独厨房（"}, {"uid": "4284131", "content": "【比起那个更像是料理手册一样的东西ww"}, {"uid": "2063530", "content": "来晚了"}, {"uid": "8347878", "content": "一个人玩分手厨房可还行"}, {"uid": "273923", "content": "ワンッ"}, {"uid": "10707815", "content": "呜哇 弹幕有自动翻译 好酷"}, {"uid": "394892", "content": "我不算来晚吧"}, {"uid": "161942365", "content": "好耶"}, {"uid": "30452427", "content": "是姐姐！"}, {"uid": "4284131", "content": "【（读剧情中"}, {"uid": "4284131", "content": "【姑且有点主线故事"}, {"uid": "2278544", "content": "能看到暴怒月灵吗"}, {"uid": "4284131", "content": "【所以选第二作了"}, {"uid": "26495119", "content": "こんばんは"}, {"uid": "735509", "content": "主要是上次联动效果太地狱了，月灵不敢双人"}, {"uid": "223097542", "content": "月灵姐姐！"}, {"uid": "4284131", "content": "【听说这作比较优秀"}, {"uid": "556243", "content": "CookingX Explosion√"}, {"uid": "1804822", "content": "是初见吗ww"}, {"uid": "4284131", "content": "【是第二作"}, {"uid": "11440111", "content": "老板大气"}, {"uid": "4284131", "content": "【其实分手厨房"}, {"uid": "10707815", "content": "有comment区惹！"}, {"uid": "9540498", "content": "料理修炼ww"}, {"uid": "4284131", "content": "【我从最开始尝试玩"}, {"uid": "4679143", "content": "lets go!"}, {"uid": "4284131", "content": "【单人，新游戏"}, {"uid": "4284131", "content": "【好耶谢谢"}, {"uid": "310457", "content": "第一次玩这个吗"}, {"uid": "1690448", "content": "月灵晚上好！"}, {"uid": "4284131", "content": "【所以打算能做修炼"}, {"uid": "273923", "content": "頑張れ〜"}, {"uid": "10103467", "content": "晚上好"}, {"uid": "357724792", "content": "(￣3￣)"}, {"uid": "4284131", "content": "【因为我不会做饭"}, {"uid": "469644", "content": "单身厨房www"}, {"uid": "4679143", "content": "ohhhhhhhhhhhhhh"}, {"uid": "2737073", "content": "晚上好"}, {"uid": "4284131", "content": "【为了让大家看的开心我要努力了"}, {"uid": "1804822", "content": "晚上好"}, {"uid": "357724792", "content": "(￣3￣)"}, {"uid": "135711", "content": "笑声好可爱"}, {"uid": "114242", "content": "月灵姉さん、こんばんは"}, {"uid": "4284131", "content": "【今天是B站首次游戏直播"}, {"uid": "6474368", "content": "月灵姐晚上好！"}, {"uid": "4284131", "content": "【谢谢大家来看直播"}, {"uid": "5451699", "content": "あ！"}, {"uid": "273923", "content": "はおいえ！"}, {"uid": "422330", "content": "一个人玩…"}, {"uid": "4284131", "content": "【有了"}, {"uid": "4284131", "content": "【正在把弹幕弄出来"}, {"uid": "234702", "content": "ぼっちオーバークックｗ"}, {"uid": "34302091", "content": "来了"}, {"uid": "240061", "content": "晚上好"}, {"uid": "4284131", "content": "【是个好游戏"}, {"uid": "4284131", "content": "【是多人游戏来着"}, {"uid": "4284131", "content": "【这个分手厨房"}, {"uid": "4284131", "content": "【那么马上开始游戏"}, {"uid": "4284131", "content": "【等下调整一下"}, {"uid": "4284131", "content": "【今天本来是想把弹幕放在我头上的"}, {"uid": "71653748", "content": "両手を分けるつもりwwwwwww"}, {"uid": "4284131", "content": "【谢谢大家来看"}, {"uid": "4284131", "content": "【来玩分手厨房了"}, {"uid": "210157", "content": "太对了 分手厨房"}, {"uid": "4284131", "content": "【今天是分手厨房"}, {"uid": "4284131", "content": "【好高兴认识你"}, {"uid": "10707815", "content": "分手厨房！"}, {"uid": "210157", "content": "草 是分手厨房"}, {"uid": "196952", "content": "草，分手厨房！"}, {"uid": "273923", "content": "こんばんは〜"}, {"uid": "1492258", "content": "每次都提前开直播间"}, {"uid": "573580", "content": "来了来了"}, {"uid": "5451699", "content": "こんばんは！"}, {"uid": "196952", "content": "来了来了！！！！玩还是那个好！"}, {"uid": "317080", "content": "晚上好！"}, {"uid": "16522266", "content": "晚上好啊"}, {"uid": "605751", "content": "吃惊"}, {"uid": "71653748", "content": "ホラー大好き"}, {"uid": "556243", "content": "NO HORROR!"}, {"uid": "309185026", "content": "晚上好"}, {"uid": "5451699", "content": "ホラーゲームいいな"}, {"uid": "1825301994", "content": "不是恐怖遊戯（笑）"}, {"uid": "701832366", "content": "晩上好"}, {"uid": "270255", "content": "晩上好！"}, {"uid": "4907423", "content": "晚上好！"}, {"uid": "135163", "content": "晚上好！"}, {"uid": "1825301994", "content": "晩上好！"}, {"uid": "2130977", "content": "是恐怖游戏吗？"}, {"uid": "36769691", "content": "好耶"}, {"uid": "8668319", "content": "来啦"}, {"uid": "12953806", "content": "来了来了"}, {"uid": "1955", "content": " 来了"}, {"uid": "186748", "content": "晚上好呀"}, {"uid": "2278544", "content": "来了来了"}, {"uid": "6055124", "content": "来了，月灵晚上好啊"}, {"uid": "1751459", "content": "又播了？这么勤的么"}, {"uid": "2012404", "content": "（￣▽￣）"}, {"uid": "11838968", "content": "好耶"}, {"uid": "114242", "content": "来了来了"}, {"uid": "11783857", "content": "(￣3￣)"}, {"uid": "518043", "content": "来了！"}, {"uid": "11157021", "content": "来了来了"}, {"uid": "556243", "content": "来了"}, {"uid": "210157", "content": "全裸待机"}, {"uid": "469644", "content": "来了"}, {"uid": "12563440", "content": "1"}, {"uid": "7037368", "content": "来了来了"}, {"uid": "355627", "content": "晚上好~"}, {"uid": "487787", "content": "_(:3」∠)_"}, {"uid": "4284131", "content": "【谢谢大家来看直播"}, {"uid": "534545", "content": "晚上好"}, {"uid": "739198", "content": "ごきげんようのだ！"}, {"uid": "24972", "content": "大神"}, {"uid": "310457", "content": "这样一个人玩还是挺有意思的"}, {"uid": "210157", "content": "孤独传说"}, {"uid": "20182059", "content": "晚上好月灵"}, {"uid": "4284131", "content": "【月灵是预定是1个人玩的"}, {"uid": "2959340", "content": "分手厨房！"}, {"uid": "5451699", "content": "声ちょと小っちゃい"}, {"uid": "2012404", "content": "晚上好"}, {"uid": "52433747", "content": "晚上好~"}, {"uid": "196952", "content": "晚上好~"}, {"uid": "512557", "content": "晚上好~"}, {"uid": "135711", "content": "老婆晚上好"}, {"uid": "42245121", "content": "来了"}, {"uid": "4800761", "content": "哦"}, {"uid": "556243", "content": "Good evening~"}, {"uid": "1331685", "content": "来了"}, {"uid": "341560498", "content": "来了"}, {"uid": "5089892", "content": "好耶"}, {"uid": "1825301994", "content": "来てくださってありがとうございます！"}, {"uid": "4284131", "content": "【番茄沙拉来了哦"}, {"uid": "5752392", "content": "孤独传说"}, {"uid": "34801369", "content": "晚上好"}, {"uid": "4284131", "content": "【那个啊"}, {"uid": "4284131", "content": "【盘子？"}, {"uid": "4284131", "content": "【在哭"}, {"uid": "422330", "content": "来了来了"}, {"uid": "4284131", "content": "【发音读对了吗"}, {"uid": "2088554", "content": "over cooked"}, {"uid": "111004177", "content": "晚上好"}, {"uid": "1663192", "content": "胡闹厨房啊"}, {"uid": "20605", "content": "(〜￣△￣)〜"}, {"uid": "10707815", "content": "来力！"}, {"uid": "36769691", "content": "晚上好"}, {"uid": "123781", "content": "来了"}, {"uid": "102584891", "content": "来了"}, {"uid": "739198", "content": "孤独传说又要出现了吗"}, {"uid": "20353893", "content": "分手厨房"}, {"uid": "744780", "content": "晚上好"}, {"uid": "2573773", "content": "晚上好"}, {"uid": "341560498", "content": "晚上好！"}, {"uid": "12207174", "content": "晚上好"}, {"uid": "7021272", "content": "晚上好！"}, {"uid": "1825301994", "content": "お時間まで少々おまちくださいませ"}, {"uid": "4284131", "content": "【有这么多种类的菜吗？"}, {"uid": "369310006", "content": "孤独传说"}, {"uid": "12598528", "content": "孤独传说www"}, {"uid": "4284131", "content": "【按照客人点的菜"}, {"uid": "196952", "content": "这个。。。。好难！"}, {"uid": "4284131", "content": "【OKOK"}, {"uid": "34302091", "content": "给我看饿了"}, {"uid": "33133708", "content": "最近播这么勤的吗"}, {"uid": "273923", "content": "お別れキッチン（）"}, {"uid": "4284131", "content": "【晚上好"}, {"uid": "135711", "content": "老婆晚上好"}, {"uid": "4284131", "content": "【这样呢？"}, {"uid": "12598528", "content": "晚上好"}, {"uid": "187071163", "content": "晚上好"}, {"uid": "30920633", "content": "晚上好"}, {"uid": "9540498", "content": "晚上好"}, {"uid": "12953806", "content": "晚上好"}, {"uid": "2023792", "content": "晚上好"}, {"uid": "7668966", "content": "晚上好晚上好"}, {"uid": "114242", "content": "晚上好"}, {"uid": "4284131", "content": "晚上好"}, {"uid": "5244791", "content": "晚上好!"}, {"uid": "20353893", "content": "晚上好！"}, {"uid": "135163", "content": "今天玩游戏吧"}, {"uid": "1825301994", "content": "谢谢大家"}, {"uid": "131405816", "content": "leilr"}, {"uid": "1744521", "content": "来了"}, {"uid": "4907423", "content": "待机！"}, {"uid": "309185026", "content": "好耶"}, {"uid": "512557", "content": "待机"}, {"uid": "5451699", "content": "0w0"}, {"uid": "4284131", "content": "【好了好了"}, {"uid": "273923", "content": "キーボードでやってるのですか？"}, {"uid": "1804822", "content": "很考验左右脑协调的哟"}, {"uid": "2088554", "content": "这真的没问题嘛？"}, {"uid": "4284131", "content": "【恩？"}, {"uid": "1433095", "content": "晚上好"}, {"uid": "17792060", "content": "www"}, {"uid": "270255", "content": "晚上好！"}, {"uid": "4284131", "content": "【声音小？"}, {"uid": "234702", "content": "こんばんは！初見です"}, {"uid": "2012404", "content": "草"}, {"uid": "1492258", "content": "晚上好"}, {"uid": "8670831", "content": "晚上好"}, {"uid": "193886", "content": "晚上好"}, {"uid": "8670831", "content": "听说有嘉宾？"}, {"uid": "2709718", "content": "晚上好"}, {"uid": "556243", "content": "lmao"}, {"uid": "341560498", "content": "月灵晚上好！"}, {"uid": "1076167585", "content": "晚上好各位"}, {"uid": "17277422", "content": "好耶"}, {"uid": "3101500", "content": "晚上好！"}, {"uid": "4284131", "content": "【切番茄"}, {"uid": "16585", "content": "晚上好啊"}, {"uid": "605751", "content": "草"}, {"uid": "530153", "content": "晚上好"}, {"uid": "1663192", "content": "晚上好"}, {"uid": "516006", "content": "晚上好"}, {"uid": "11157021", "content": "晚上好"}, {"uid": "196952", "content": "晚上好！"}, {"uid": "34390555", "content": "晚上好"}, {"uid": "5451699", "content": "www"}, {"uid": "9230750", "content": "suki"}, {"uid": "293059889", "content": "好耶"}, {"uid": "110593596", "content": "(°∀°)ﾉ"}, {"uid": "4284131", "content": "【把料理放在这里对吧"}, {"uid": "37954929", "content": "晚上好"}, {"uid": "804600", "content": "晚上好"}, {"uid": "44320262", "content": "晚上好"}, {"uid": "8181819", "content": "晚上好～"}, {"uid": "5836711", "content": "hello hello"}, {"uid": "1955", "content": "晚上好"}, {"uid": "36622570", "content": "晚上好"}, {"uid": "18021731", "content": "晚上好"}, {"uid": "206753", "content": "晚好"}, {"uid": "4167431", "content": "好耶"}, {"uid": "5451699", "content": "ああああああああああああああああああああ"}, {"uid": "6656013", "content": "(￣3￣)(￣3￣)(￣3￣)"}]