[{"uid": "2107746", "content": "老克算v不（"}, {"uid": "53787129", "content": "阳春白雪"}, {"uid": "1881217", "content": "这首唱的是真好"}, {"uid": "925980", "content": "传颂之物真是各种神曲..."}, {"uid": "255494071", "content": "？！！噢噢噢eva厨狂喜"}, {"uid": "8094170", "content": "88888888"}, {"uid": "49080331", "content": "大佬的谦虚"}, {"uid": "219634577", "content": "耳机 男人 流泪"}, {"uid": "297798", "content": "！！！！！"}, {"uid": "687422722", "content": "第一首直接茉莉花"}, {"uid": "602567", "content": "强的"}, {"uid": "398928249", "content": "错过太多了"}, {"uid": "28079003", "content": "流泪"}, {"uid": "805779", "content": "小美人鱼"}, {"uid": "2526427", "content": "好紧张啊 哈哈哈"}, {"uid": "34536619", "content": "音准绝了啊"}, {"uid": "406876", "content": "猫又全宗"}, {"uid": "406876", "content": "唱的好用心"}, {"uid": "406876", "content": "888888"}, {"uid": "406876", "content": "88888"}, {"uid": "406876", "content": "各有各的好，女王就是恐山自己"}, {"uid": "406876", "content": "wa"}, {"uid": "406876", "content": "听多少次都很感动"}, {"uid": "8914135", "content": "吐槽自己好可爱！"}, {"uid": "315878", "content": "经典对比小鬼又来了"}, {"uid": "1682578", "content": "传颂之物！！！"}, {"uid": "1690448", "content": "ohhhhhhhhhhhhhhh"}, {"uid": "1690448", "content": "这真的是我可以免费听的歌声吗，流泪T.T"}, {"uid": "1690448", "content": "太强了，基本听不出来是外国人……"}, {"uid": "1690448", "content": "强强月灵"}, {"uid": "1380208", "content": "开口跪"}, {"uid": "3215958", "content": "耳机 眼泪 老外 眼泪 耳机"}, {"uid": "33491", "content": "太强了"}, {"uid": "8708545", "content": "不也挺好的.jpg"}, {"uid": "2942957", "content": "信手拈来"}, {"uid": "2942957", "content": "88888"}, {"uid": "6625496", "content": "太通透了"}, {"uid": "1603668", "content": "自带混响的嗓子"}, {"uid": "1603668", "content": "亏了一个亿"}, {"uid": "14212046", "content": "这块真的听哭了。。"}, {"uid": "6683157", "content": "比之前视频唱的还到位"}, {"uid": "6683157", "content": "开启大物联动"}, {"uid": "6683157", "content": "坚持设定"}, {"uid": "6683157", "content": "感觉地位和国内的让我们荡起双桨类似"}, {"uid": "6683157", "content": "这个真的是能免费听的吗"}, {"uid": "6683157", "content": "听了下林原的，和月灵姐的味道差太多了"}, {"uid": "6683157", "content": "这实力配得上"}, {"uid": "6683157", "content": "不止录了，还烤了"}, {"uid": "6683157", "content": "都是经典"}, {"uid": "6683157", "content": "上天了"}, {"uid": "4678650", "content": "职业选手禁止...咳咳，再来点再来点！"}, {"uid": "633358", "content": "严重怀疑笑声是这样八成是笑着也在颤音"}, {"uid": "633358", "content": "这笑声好家伙"}, {"uid": "874234", "content": "别学，他们只会谢谢打钱"}, {"uid": "874234", "content": "锤子（"}, {"uid": "874234", "content": "误会大了草"}, {"uid": "874234", "content": "高情商"}, {"uid": "2480626", "content": "感动"}, {"uid": "874234", "content": "草"}, {"uid": "874234", "content": "开口跪"}, {"uid": "874234", "content": "太正常了，酝酿这么久了"}, {"uid": "874234", "content": "开幕雷击"}, {"uid": "874234", "content": "她的歌声实在是太好听了"}, {"uid": "874234", "content": "我错亿，呜呜呜呜"}, {"uid": "551976", "content": "草"}, {"uid": "551976", "content": "空降成功"}, {"uid": "407432208", "content": "kksk"}, {"uid": "807019", "content": "！！！！！"}, {"uid": "1831263", "content": "惊了"}, {"uid": "8061609", "content": "吃人陷阱"}, {"uid": "304418", "content": "甚至混响都没有"}, {"uid": "186874", "content": "太可爱了"}, {"uid": "17396845", "content": "阿这"}, {"uid": "2072005", "content": "森立快乐"}, {"uid": "2072005", "content": "叠词词，恶心心"}, {"uid": "323759929", "content": "kksk"}, {"uid": "73347", "content": "跪了"}, {"uid": "29054", "content": "字正腔圆，TQL"}, {"uid": "39246199", "content": "这个难度好高啊"}, {"uid": "6193502", "content": "kksk"}, {"uid": "12891523", "content": "哇"}, {"uid": "12891523", "content": "好听"}, {"uid": "12891523", "content": "可爱"}, {"uid": "1837250", "content": "为你 好耶"}, {"uid": "23112641", "content": "对啊，没有混响，麦也很一般"}, {"uid": "546643", "content": "？"}, {"uid": "14961000", "content": "更可爱了"}, {"uid": "14961000", "content": "草"}, {"uid": "14961000", "content": "应该可以吧"}, {"uid": "14961000", "content": "不忘设定"}, {"uid": "14961000", "content": "不 是 唱 的 好"}, {"uid": "14961000", "content": "重新定义没准备"}, {"uid": "14961000", "content": "太强了"}, {"uid": "14961000", "content": "不  忘  初  心"}, {"uid": "53060", "content": "高雅艺术下乡"}, {"uid": "53060", "content": "好耶"}, {"uid": "1961328", "content": "耳机  老外流泪  耳机"}, {"uid": "1961328", "content": "太强了！月灵姐！"}, {"uid": "1961328", "content": "!!!!!!!!!!!"}, {"uid": "14961000", "content": "啊这"}, {"uid": "14961000", "content": "太nb了"}, {"uid": "23072925", "content": "没 那 么 好"}, {"uid": "3515525", "content": "要爆了"}, {"uid": "1961328", "content": "当时这个b限直接把月灵姐抬到那个时段的直播榜第三吧"}, {"uid": "1961328", "content": "上次看到了最后几首曲特别激动"}, {"uid": "1961328", "content": "月灵姐姐tql"}, {"uid": "2569323", "content": "这就叫专业"}, {"uid": "32964374", "content": "这就是职业选手"}, {"uid": "32964374", "content": "太好听了吧"}, {"uid": "28023770", "content": "月灵姐姐的歌声是宝藏呜呜呜呜"}, {"uid": "44433020", "content": "为什么是草莓啊"}, {"uid": "269532191", "content": "淦！怎么错过了！"}, {"uid": "293348647", "content": "woc"}, {"uid": "689141", "content": "ptsd……"}, {"uid": "20743803", "content": "冰锤接机？"}, {"uid": "20743803", "content": "i了i了"}, {"uid": "20743803", "content": "确实是段佳话"}, {"uid": "20743803", "content": "真神nb"}, {"uid": "20743803", "content": "？？？"}, {"uid": "2956406", "content": "日本是月灵小姐姐填的词哦"}, {"uid": "17547106", "content": "只是听声音我就不能再好了"}, {"uid": "17547106", "content": "专业"}, {"uid": "17547106", "content": "kksk"}, {"uid": "19468967", "content": "哈哈哈哈哈哈"}, {"uid": "32071473", "content": "口音好评"}, {"uid": "334382", "content": "这比会员贵多了"}, {"uid": "663811", "content": "喜欢"}, {"uid": "126196", "content": "！！！！！"}, {"uid": "110552", "content": "好，PTSD全出来了（"}, {"uid": "110552", "content": "牢记设定"}, {"uid": "437131", "content": "她真可爱她真迷人"}, {"uid": "110552", "content": "连擦盘子都如此高贵hhhh"}, {"uid": "437131", "content": "这也太快了吧"}, {"uid": "110552", "content": "看孩子笑的多开心"}, {"uid": "110552", "content": "草"}, {"uid": "110552", "content": "一首一百6666"}, {"uid": "110552", "content": "老外，耳机，流泪"}, {"uid": "110552", "content": "这需求风格好跳跃"}, {"uid": "110552", "content": "科班大佬"}, {"uid": "437131", "content": "妈耶 首播百舰吗"}, {"uid": "437131", "content": "生疏得可爱"}, {"uid": "110552", "content": "卧槽光速百舰"}, {"uid": "437131", "content": "好耶"}, {"uid": "110552", "content": "调皮，可爱"}, {"uid": "437131", "content": "收放自如"}, {"uid": "437131", "content": "可以了已经吊打一大堆的V了"}, {"uid": "437131", "content": "很可爱 很真实的声音啊"}, {"uid": "2043808", "content": "小时候看的简直是童年阴影"}, {"uid": "2043808", "content": "中文歌也能现场唱出来啊"}, {"uid": "2043808", "content": "哎哟 牛逼"}, {"uid": "2998551", "content": "传颂之物啊"}, {"uid": "10880822", "content": "wc"}, {"uid": "2998551", "content": "中文名竟然是这样来的"}, {"uid": "16809101", "content": "这！！！！！为什么没早发现这个宝藏"}, {"uid": "2678595", "content": "不管中国还是日本，那个时代的歌我都挺喜欢的，神必"}, {"uid": "16809101", "content": "职业选手吧，这vtuber"}, {"uid": "466503", "content": "太棒了！"}, {"uid": "466503", "content": "耳机  老外  眼泪.jpg"}, {"uid": "1801897", "content": "88888888"}, {"uid": "130563356", "content": "西瓜给的实在太多了"}, {"uid": "130563356", "content": "这是没准备的？"}, {"uid": "5863535", "content": "传颂之物粉丝泪目+1"}, {"uid": "130563356", "content": "哈哈哈哈哈"}, {"uid": "130563356", "content": "技巧感情全满了"}, {"uid": "130563356", "content": "5555555"}, {"uid": "130563356", "content": "不忘设定"}, {"uid": "130563356", "content": "！！！！！"}, {"uid": "130563356", "content": "头皮发麻"}, {"uid": "130563356", "content": "然而录下来了"}, {"uid": "130563356", "content": "摘出来了！"}, {"uid": "130563356", "content": "！！！！"}, {"uid": "56374456", "content": "可爱"}, {"uid": "130563356", "content": "破防了"}, {"uid": "2063530", "content": "呜~~~"}, {"uid": "1542899", "content": "好强"}, {"uid": "364676968", "content": "太强了"}, {"uid": "757746", "content": "好听"}, {"uid": "883406", "content": "之前明明说草莓的，这个善变的女人"}, {"uid": "590190", "content": "？？！！！！"}, {"uid": "883406", "content": "好厉害"}, {"uid": "2909446", "content": "实在唱的太好了"}, {"uid": "4213301", "content": "top歌v"}, {"uid": "4213301", "content": "好可爱"}, {"uid": "883406", "content": "好可爱"}, {"uid": "883406", "content": "???"}, {"uid": "883406", "content": "？？？"}, {"uid": "44969464", "content": "昭和猛男"}, {"uid": "1615513", "content": "张锤子整快点！"}, {"uid": "1615513", "content": "这嗓子得吞多少张CD才行啊"}, {"uid": "3257419", "content": "咬字也好有感觉"}, {"uid": "3257419", "content": "这首实在太好听了"}, {"uid": "3257419", "content": "来了"}, {"uid": "6393409", "content": "wc"}, {"uid": "1615513", "content": "是紫色"}, {"uid": "1615513", "content": "记得这首歌是邓丽君传到日本的"}, {"uid": "3257419", "content": "完美！！！"}, {"uid": "24374222", "content": "这首实在是太好听了"}, {"uid": "10707083", "content": "爷青回"}, {"uid": "208119", "content": "来了来了"}, {"uid": "3215958", "content": "耳机 眼泪 老外 眼泪 耳机"}, {"uid": "3215958", "content": "耳机眼泪老外眼泪耳机"}, {"uid": "3215958", "content": "耳机 眼泪 老外 眼泪 耳机"}, {"uid": "3215958", "content": "我立刻表演一个舰的上"}, {"uid": "447424", "content": "老外，耳机，流泪.gif"}, {"uid": "2199242", "content": "耳机流泪老外流泪耳机"}, {"uid": "96934676", "content": "免费听真的可以吗"}, {"uid": "96934676", "content": "辛苦了"}, {"uid": "8402219", "content": "tql"}, {"uid": "419067", "content": "老外 耳机 老外"}, {"uid": "419067", "content": "传颂"}, {"uid": "256610210", "content": "这里双重所以没唱"}, {"uid": "340666", "content": "CD音质牛逼"}, {"uid": "354750756", "content": "哈哈哈"}, {"uid": "524922", "content": "太强了"}, {"uid": "354750756", "content": "哈哈哈，这孩子一直在笑，就没停过"}, {"uid": "183868", "content": "比上次更加标准了！！！"}, {"uid": "1371808", "content": "唉 忽然听得好伤感"}, {"uid": "1371808", "content": "绝了……"}, {"uid": "1371808", "content": "超爱的"}, {"uid": "354750756", "content": "好可爱呜呜呜"}, {"uid": "17610205", "content": "脑子里全是Eva的画面。。。"}, {"uid": "8160317", "content": "哦---我的老天啊，四舍五入我错过了一个亿！！！"}, {"uid": "871090", "content": "被净化了。。"}, {"uid": "14604335", "content": "经典再现"}, {"uid": "13299794", "content": "哭了，太棒了"}, {"uid": "353883", "content": "惊了"}, {"uid": "97224893", "content": "前面那段根本听不出是一个不会中文的人唱的"}, {"uid": "97224893", "content": "专业！"}, {"uid": "97224893", "content": "意境太好了"}, {"uid": "58069", "content": "!!!传颂还能再战十年！"}, {"uid": "493615", "content": "woc"}, {"uid": "9995958", "content": "这翻译有问题吧... "}, {"uid": "3066482", "content": "不知道是不是我们刚去推特找月灵姐时我点的，月灵姐真的唱了太感动了"}, {"uid": "32056848", "content": "入坑曲"}, {"uid": "39602524", "content": "卧槽"}, {"uid": "529026", "content": "我就把一切 都托付给你"}, {"uid": "12422483", "content": "「那就三小时后再唱恐山再会吧」 翻译小错"}, {"uid": "34625305", "content": "真的好听啊"}, {"uid": "94347", "content": "2021年了还是有人记得传颂之物的嘛"}, {"uid": "65008330", "content": "生草翻译"}, {"uid": "353779156", "content": "来了来了"}, {"uid": "17881453", "content": "唱的跟cd一样，真的太强"}, {"uid": "353779156", "content": "这样很好，很自然呀哈哈哈"}, {"uid": "595532", "content": "传颂...哭了"}, {"uid": "24978154", "content": "！！！！！！！！！"}, {"uid": "8802110", "content": "传颂之物里最欢这首了"}, {"uid": "34625305", "content": "传颂之物"}, {"uid": "2942957", "content": "震惊 真就是我想点的"}, {"uid": "2942957", "content": "88888"}, {"uid": "267060698", "content": "这首的曲子有种行星组曲里朱庇特的味道"}, {"uid": "613086", "content": "！！！"}, {"uid": "40846947", "content": "我记得这一场开播十分钟就冲上百舰了"}, {"uid": "84686287", "content": "看成南北半球…"}, {"uid": "743101", "content": "好好好！！！！！！"}, {"uid": "614905", "content": "太厉害了"}, {"uid": "9368484", "content": "888888"}, {"uid": "219475198", "content": "呱唧呱唧，真好听"}, {"uid": "1842035", "content": "爷青回"}, {"uid": "1842035", "content": "666666"}, {"uid": "11899741", "content": "唱的太好了"}, {"uid": "2022945", "content": "通过这首歌认识月灵姐姐"}, {"uid": "2022945", "content": "很好听！"}, {"uid": "11899741", "content": "S级别的歌力"}, {"uid": "11899741", "content": "这位专业人士"}, {"uid": "31021460", "content": "一开口气氛就不一样了"}, {"uid": "31021460", "content": "机翻的标题有点生草www"}, {"uid": "2359368", "content": "好好听呜呜"}, {"uid": "8070713", "content": "这个笑声www"}, {"uid": "599019282", "content": "肯定能系列"}, {"uid": "34741236", "content": "o(*≧▽≦)ツ"}, {"uid": "34741236", "content": "！！！"}, {"uid": "3311530", "content": "卧槽"}, {"uid": "3990752", "content": "2021年了还能听到传颂之物的歌，泪目"}, {"uid": "2450675", "content": "真的厉害啊"}, {"uid": "10567852", "content": "Happy Birthday to you"}, {"uid": "1842035", "content": "666"}, {"uid": "11880017", "content": "恐山 yyds"}, {"uid": "15728725", "content": "居然有b限了！支持！！！"}, {"uid": "196952", "content": "月饼饼！"}, {"uid": "1712875", "content": "挖槽，这首，把我炸出来了"}, {"uid": "1110432", "content": "好强哦"}, {"uid": "2941909", "content": "好耶..."}, {"uid": "2277157", "content": "太强了，人形cd机啊"}, {"uid": "10567852", "content": "恭喜什么先生"}, {"uid": "4487676", "content": "还是漪月灵的恐山好听"}, {"uid": "8439446", "content": "啊好耶"}, {"uid": "10567852", "content": "好听死了！！！！！！"}, {"uid": "10567852", "content": "茉莉fa"}, {"uid": "2941909", "content": "牛的..."}, {"uid": "1821887031", "content": "打卡，错过直播只能看录播"}, {"uid": "10567852", "content": "有画面了"}, {"uid": "10567852", "content": "这是练了多久啊"}, {"uid": "10567852", "content": "月灵姐姐！"}, {"uid": "7768481", "content": "空降 0:45"}, {"uid": "179162519", "content": "可爱可爱"}, {"uid": "417811858", "content": "月灵姐姐我的超人！！！！"}, {"uid": "19468967", "content": "哈哈哈哈哈哈哈"}, {"uid": "437131", "content": "亏爆"}, {"uid": "179162519", "content": "好可爱"}, {"uid": "3040820", "content": "我错过了什么"}, {"uid": "243944219", "content": "来了来了"}, {"uid": "269532191", "content": "亏了一个亿"}, {"uid": "746349", "content": "是因为疫情没法活动才有时间直播的吗？"}, {"uid": "110552", "content": "可爱"}, {"uid": "437131", "content": "很棒了"}, {"uid": "110552", "content": "来了来了"}, {"uid": "5863535", "content": "惊了，错过一个亿"}, {"uid": "310457", "content": "接地气，这样更好"}, {"uid": "663811", "content": "好耶"}, {"uid": "5095", "content": "啊这？？？是什么时候开的啊？？"}, {"uid": "2450675", "content": "好强"}, {"uid": "9617326", "content": "好耶！"}, {"uid": "108745999", "content": "好可爱www"}, {"uid": "23371852", "content": "好耶"}, {"uid": "49080331", "content": "好可爱"}, {"uid": "3515525", "content": "哇"}, {"uid": "16809101", "content": "！！！！！！！！！！！！！！！！！！！！！！！！！！！！！！！！"}, {"uid": "16809101", "content": "！！！！！！！！！！！！！！！！！！！！！！！！！！！！！！！！"}]