[{"uid": "26071937", "content": "情人节之吻"}, {"uid": "257987122", "content": "丢哇～丢哇～"}, {"uid": "17240308", "content": "好听好听"}, {"uid": "582833", "content": "昭 和 偶 像"}, {"uid": "83142924", "content": "好耶，是月姐姐"}, {"uid": "395958768", "content": "不晓得～"}, {"uid": "4661588", "content": "姐姐可爱"}, {"uid": "27934961", "content": "aed……这人心脏骤停了"}, {"uid": "49926124", "content": "月灵姐姐好强"}, {"uid": "67162", "content": "可爱但是生草"}, {"uid": "86477954", "content": "哈哈哈这个pv好可爱"}, {"uid": "1464514", "content": "可爱！！！好听！！！"}, {"uid": "1779815", "content": "刻入dna的免费素材"}, {"uid": "8670831", "content": "灵魂画师"}, {"uid": "942830", "content": "月灵姐姐祝大家节日快乐"}, {"uid": "942830", "content": "什么叫可爱啊 这就是"}, {"uid": "942830", "content": "腿不自觉抖了起来"}, {"uid": "942830", "content": "虽然都是免费素材 这pv却出奇可爱"}, {"uid": "1800905", "content": "左下角！！！"}, {"uid": "113855638", "content": "哈哈哈哈哈哈"}, {"uid": "3478896", "content": "这里 喜欢"}, {"uid": "329085", "content": "姐姐可爱"}, {"uid": "1517311", "content": "这首歌好像在很多地方听过。。"}, {"uid": "51729446", "content": "好甜啊"}, {"uid": "1911598", "content": "？？？？"}, {"uid": "1911598", "content": "平成歌姬"}, {"uid": "1911598", "content": "我又可以了！"}, {"uid": "288758321", "content": "确实，可爱而生草"}, {"uid": "99496813", "content": "手作りCVで面白い"}, {"uid": "437131", "content": "草"}, {"uid": "660963", "content": "草"}, {"uid": "6027937", "content": "suki~"}, {"uid": "15922", "content": "月灵姐姐！可爱！！"}, {"uid": "33556516", "content": "私食！！！！"}, {"uid": "33556516", "content": "可爱！！！"}, {"uid": "406876", "content": "哈哈好棒 suki"}, {"uid": "67162", "content": "ohhhhh！"}, {"uid": "20404502", "content": "月灵姐姐好可爱啊"}, {"uid": "7502818", "content": "草"}, {"uid": "3045815", "content": "wwww"}, {"uid": "463853", "content": "好耶！"}, {"uid": "11691053", "content": "可可爱爱"}, {"uid": "7828163", "content": "太可爱了8"}, {"uid": "942830", "content": "darling～"}, {"uid": "8376997", "content": "我吃"}, {"uid": "11691053", "content": "daling"}, {"uid": "1204011508", "content": "可爱"}, {"uid": "674132715", "content": "太可爱了！"}, {"uid": "71059310", "content": "可爱"}, {"uid": "11329290", "content": "可爱！"}, {"uid": "158518790", "content": "月灵姐！月灵姐！月灵姐！"}, {"uid": "783327", "content": "芜湖，动画版"}, {"uid": "7632450", "content": "好听"}, {"uid": "130554", "content": "可爱"}, {"uid": "288758321", "content": "危"}, {"uid": "88936852", "content": "可爱！"}, {"uid": "437131", "content": "好耶"}, {"uid": "6027937", "content": "好赞~"}, {"uid": "561780", "content": "cocosuki"}, {"uid": "3621864", "content": "草"}, {"uid": "5244791", "content": "好耶"}, {"uid": "469285334", "content": "哈哈哈"}, {"uid": "8670831", "content": "草这图"}, {"uid": "20921747", "content": "草"}, {"uid": "88936852", "content": "草"}, {"uid": "8432768", "content": "233333"}, {"uid": "113855638", "content": "かわい"}, {"uid": "437131", "content": "姐11111"}, {"uid": "697525029", "content": "awsl"}, {"uid": "174212", "content": "草"}, {"uid": "5542207", "content": "好耶"}, {"uid": "208257", "content": "重投了啊"}, {"uid": "1464514", "content": "草"}, {"uid": "2186597", "content": "可爱"}, {"uid": "5710433", "content": "Awsl"}, {"uid": "5710433", "content": "草"}, {"uid": "3045815", "content": "草"}, {"uid": "15823004", "content": "看到白边好想抠图（"}, {"uid": "419371", "content": "可爱"}, {"uid": "1750251", "content": "好耶！"}, {"uid": "94687", "content": "草"}, {"uid": "5244791", "content": "可爱"}, {"uid": "39257", "content": "早起冠军"}, {"uid": "351764613", "content": "来晚了"}, {"uid": "37837123", "content": "可爱"}, {"uid": "23001624", "content": "草"}, {"uid": "6293484", "content": "草"}, {"uid": "8376997", "content": "我全吃"}, {"uid": "22077434", "content": "好耶"}, {"uid": "19179225", "content": "sha la la la"}, {"uid": "319441715", "content": "啊这"}, {"uid": "22517411", "content": "草死"}, {"uid": "793009", "content": "草"}, {"uid": "1911598", "content": "好耶！！！"}, {"uid": "4681997", "content": "suki"}, {"uid": "437131", "content": "危"}, {"uid": "469285334", "content": "可爱"}, {"uid": "466503", "content": "我是冠军！"}]