[{"uid": "87644963", "content": "啊，那风景画，是多么的美丽啊"}, {"uid": "18701844", "content": "这句真的头皮发麻"}, {"uid": "390957", "content": "哭哭"}, {"uid": "12891523", "content": "88888888"}, {"uid": "108745999", "content": "请评委回到评委席"}, {"uid": "942830", "content": "大家多三连催月灵姐姐回来搬歌和更新啊"}, {"uid": "2480626", "content": "这声音让我想哭，是感动的想哭"}, {"uid": "2480626", "content": "太好听了！"}, {"uid": "4661588", "content": "这念白美哭我了"}, {"uid": "4661588", "content": "完成度太高了"}, {"uid": "70796148", "content": "职业哥禁止炸鱼"}, {"uid": "2956406", "content": "吐字太清晰了，可以做听力课程了"}, {"uid": "237859318", "content": "这个发音方式太专业了"}, {"uid": "469285334", "content": "我想，我永远也不会忘记月灵姐姐的歌声吧。"}, {"uid": "29181157", "content": "？！"}, {"uid": "32704656", "content": "高  雅  之  物"}, {"uid": "10455913", "content": "高音嘹亮顺滑丝毫不刺耳"}, {"uid": "469285334", "content": "太美了"}, {"uid": "15927832", "content": "kksk"}, {"uid": "293672805", "content": "时长绝了！！！大爱！！！"}, {"uid": "14344777", "content": "88888"}, {"uid": "32807813", "content": "8888"}, {"uid": "1420463", "content": "泪，喷了出来"}, {"uid": "59758", "content": "青回"}, {"uid": "878477", "content": "いいえ、一番美しい光は君だよ。"}, {"uid": "29775380", "content": "awsl"}, {"uid": "2147879", "content": "鼓掌鼓掌！！"}, {"uid": "26308271", "content": "suki"}, {"uid": "376223092", "content": "(ﾟoﾟ;"}, {"uid": "34536619", "content": "听着很顺畅很舒服"}, {"uid": "419002", "content": "「其処にロマンは在るのかしら？」"}, {"uid": "942830", "content": "姐姐都不用换气的"}, {"uid": "12405758", "content": "私は世界で一番美しい『焔』(ひかり)を見た…その花を胸に抱いて…ロランの分も詠い続けよう…"}, {"uid": "12405758", "content": "我呢 看见了这世上最美丽的『光』(焰)… 将那花朵抱在胸前…包括Laurant的份一起 继续歌唱…"}, {"uid": "12405758", "content": "翩翩的天使 托起了窗沿为框的画布(Toile)…"}, {"uid": "12405758", "content": "你最喜欢的这段旋律…"}, {"uid": "12405758", "content": "为了寻找「美丽之物」纵横驰骋"}, {"uid": "12405758", "content": "那天真的好开心…虽然有些害羞…但我感到自豪……"}, {"uid": "12405758", "content": "也变成了个小小的姐姐――"}, {"uid": "12405758", "content": "「啊…真美丽呢」…你笑着告别人世…"}, {"uid": "12405758", "content": "正是众生离去的价值……"}, {"uid": "12405758", "content": "「美丽之物」…采撷世间之美…"}, {"uid": "12405758", "content": "美丽的音色…歌吟的少女(Monica)…时间的凋零…指针的前进→"}, {"uid": "12405758", "content": "景中是――白雪皑皑…银原无垠…冬之追忆…"}, {"uid": "12405758", "content": "景中是――窗前夜浓…月儿微颔…秋之追忆…"}, {"uid": "12405758", "content": "那时你的容颜(Visage)…我一生不忘……"}, {"uid": "12405758", "content": "「不用担心哦」…你笑着说道…"}, {"uid": "12405758", "content": "你所拥有的 短暂的季节(Saison) …"}, {"uid": "12405758", "content": "「美丽之物」…采撷世间之美…正是众生降临的意义……"}, {"uid": "12405758", "content": "美丽的音色…歌唱的少女(Monica)…蝉鸣伴时雨…指针的前进→"}, {"uid": "12405758", "content": "景中是――清风传香…淡淡花瓣…春之追忆…"}, {"uid": "12405758", "content": "翩翩的天使 托起了窗沿为框的画布(Toile)"}, {"uid": "12405758", "content": "在天空中回响的是那口琴(Harmonica)的乐声…"}, {"uid": "12405758", "content": "你最喜欢的这段旋律(Melodie)"}, {"uid": "2626005", "content": "素敵"}, {"uid": "1446892", "content": "治愈的声音"}, {"uid": "10579112", "content": "TQL"}, {"uid": "4907423", "content": "喜欢"}, {"uid": "3368067", "content": "有茅原实里的味道了"}, {"uid": "376223092", "content": "这个啊啊，就很灵性"}, {"uid": "376223092", "content": "真的绝了这段，这段好适合美声唱出来啊"}, {"uid": "110552", "content": "啊啊啊这里对白，我哭了"}, {"uid": "97224893", "content": "气是真的足，这种发音方式大多数人唱完一句就得断气"}, {"uid": "110552", "content": "姐姐的舞台气场很足，完全符合"}, {"uid": "62371", "content": "老外 耳机 流泪"}, {"uid": "874234", "content": "太棒了"}, {"uid": "21589622", "content": "据说是音乐剧演员"}, {"uid": "11266730", "content": "还有念白"}, {"uid": "11266730", "content": "直接三连，月灵姐这就叫专业"}, {"uid": "100404098", "content": "一夜之间上首页"}, {"uid": "5824243", "content": "开口跪专业太专业了"}, {"uid": "17232385", "content": "辛苦了"}, {"uid": "17232385", "content": "蜜汁耳熟旋律"}, {"uid": "10283861", "content": "听了好多遍了！"}, {"uid": "186552928", "content": "88888888"}, {"uid": "27587177", "content": "今晚挂着睡觉kksk"}, {"uid": "1898028", "content": "suki"}, {"uid": "127876", "content": "耳机老外眼泪.jpg"}, {"uid": "11691053", "content": "kksk"}, {"uid": "11691053", "content": "飘逸唯美的月灵姐爱了"}, {"uid": "12329050", "content": "聽到最後終於回神發彈幕"}, {"uid": "1828736", "content": "suki"}, {"uid": "872047", "content": "小姐姐加油，爱你！"}, {"uid": "1451538", "content": "我睡一觉，错过了好多"}, {"uid": "4965981", "content": "欢迎回来"}, {"uid": "872047", "content": "眼泪不争气地落下来了草"}, {"uid": "292030", "content": "惊了 B站这是来了什么神仙歌手。。。"}, {"uid": "2643178", "content": "这个美丽之物简直了"}, {"uid": "7612167", "content": "第一首学会的日语歌"}, {"uid": "3690008", "content": "这种声音是真的厉害啊！强烈的震撼"}, {"uid": "8084176", "content": "念白suki"}, {"uid": "93791342", "content": "00：00"}, {"uid": "286734014", "content": "888888"}, {"uid": "4750455", "content": "88888"}, {"uid": "473377515", "content": "kksk"}, {"uid": "8861309", "content": "看看我们发现了什么！"}, {"uid": "3580236", "content": "这一段，也太棒了"}, {"uid": "209704926", "content": "空降：00：00"}, {"uid": "8439446", "content": "各位开头再见了"}, {"uid": "8432768", "content": "好听"}, {"uid": "68010785", "content": "重录了，还是b站限定投稿，月灵姐太棒了"}, {"uid": "108745999", "content": "居然是这首！！！"}, {"uid": "942830", "content": "姐姐多更一点吧！！！"}, {"uid": "2526427", "content": "kksk"}, {"uid": "43714437", "content": "职业选手请不要下场"}, {"uid": "385197762", "content": "我要这硬币有何用"}, {"uid": "39257", "content": "首页通知书"}, {"uid": "12405758", "content": "你的脸庞(Image)…我永远不会忘记……"}, {"uid": "12405758", "content": "你所驰骋的…炫目的季节(Saison)…"}, {"uid": "57950045", "content": "不愧是唱功为S的V"}, {"uid": "110552", "content": "55555爷青回，太美了"}, {"uid": "62371", "content": "老外 耳机 流泪"}, {"uid": "13669372", "content": "PC首页通知书"}, {"uid": "776797", "content": "来了来了！！！"}, {"uid": "3660903", "content": "耳机  老外  泪"}, {"uid": "13525269", "content": "我感觉到了心的宁静"}, {"uid": "8084176", "content": "我直接预定首页"}, {"uid": "2096537", "content": "重新制作好评！"}, {"uid": "1706369", "content": "居然还没睡，来围观"}, {"uid": "1634772", "content": "卧槽，当年单曲循环的歌"}, {"uid": "23998419", "content": "超喜欢的一首！"}, {"uid": "447516185", "content": "这是职业选手"}, {"uid": "383280399", "content": "kksk"}, {"uid": "1911598", "content": "经典 好耶！！"}, {"uid": "5545292", "content": "发音太学院了，必是专业的"}, {"uid": "108745999", "content": "以前特别喜欢这首"}, {"uid": "2480626", "content": "好听啊"}, {"uid": "194175206", "content": "竟然是这首"}, {"uid": "5946016", "content": "变声期之后就再也唱不了高难歌了，每每听到这种优美的声音总是很羡慕"}, {"uid": "9639428", "content": "首页通知书"}, {"uid": "12405758", "content": "景中是――蓝天无云…流云朵朵…夏之追忆…"}, {"uid": "378583472", "content": "PC首页"}, {"uid": "247300627", "content": "昭和金曲"}, {"uid": "10579112", "content": "来了来了！"}, {"uid": "376223092", "content": "真的是顶啊，太好听了"}, {"uid": "110552", "content": "不bad end么，她弟没了"}, {"uid": "32204447", "content": "来了来了"}, {"uid": "279917", "content": "这不比博人转热血？"}, {"uid": "746349", "content": "好耶！我最喜欢的日语歌"}, {"uid": "394037868", "content": "来了！"}, {"uid": "349726333", "content": "太好听了"}, {"uid": "438337", "content": "这首歌太怀念了"}, {"uid": "203299898", "content": "这么忙也重录，B先投 辛苦了"}, {"uid": "7037368", "content": "这里超爱"}, {"uid": "49575", "content": "耳机 老外 泪"}, {"uid": "8402219", "content": "这声音太美了"}, {"uid": "473166800", "content": "哇啊！！！"}, {"uid": "349843", "content": "美丽之物"}, {"uid": "2480626", "content": "真正的美丽之物"}, {"uid": "33715542", "content": "太厉害了"}, {"uid": "4744344", "content": "杀疯了已经"}, {"uid": "1585586", "content": "这唱法简直降维打击"}, {"uid": "1268865", "content": "kksk"}, {"uid": "49464645", "content": "0202了还有人唱SH，落泪了"}, {"uid": "11005123", "content": "神仙"}, {"uid": "389578", "content": "kksk"}, {"uid": "2945897", "content": "ohhhhhhhhhhhhhhh"}, {"uid": "124485146", "content": "鞠萍？？？？"}, {"uid": "2717110", "content": "感谢漪月灵姐姐"}, {"uid": "8376997", "content": "首页通知"}, {"uid": "12405758", "content": "才是最美丽的……"}, {"uid": "312757596", "content": "牛逼"}, {"uid": "162227863", "content": "感觉大脑被暴打"}, {"uid": "376223092", "content": "好像是新录的，感觉以前那个这段处理更好"}, {"uid": "4470920", "content": "Tql"}, {"uid": "21352", "content": "耳机 泪 老外 泪 耳机"}, {"uid": "13122940", "content": "kksk"}, {"uid": "11202855", "content": "kksk"}, {"uid": "34686715", "content": "kksk"}, {"uid": "25375745", "content": "来了来了"}, {"uid": "1591376", "content": "喜欢这一段"}, {"uid": "88556721", "content": "来了来了"}, {"uid": "78458", "content": "太好听了！！！"}, {"uid": "49575", "content": "我已经转了10个群了"}, {"uid": "89032", "content": "ohhhhhhhhhhhhhhh"}, {"uid": "7037368", "content": "来了来了"}, {"uid": "2209525", "content": "入迷到忘记发弹幕"}, {"uid": "7775751", "content": "来了"}, {"uid": "319125892", "content": "月灵姐姐好耶！"}, {"uid": "5136316", "content": "假装看得懂日文"}, {"uid": "773433", "content": "来了！"}, {"uid": "630303", "content": "这个经典"}, {"uid": "5733702", "content": "好耶"}, {"uid": "1911598", "content": "爱了"}, {"uid": "457021575", "content": "不懂就问，kksk是什么"}, {"uid": "942830", "content": "每天一遍仙乐"}, {"uid": "4661588", "content": "鸡皮疙瘩"}, {"uid": "1353239", "content": "爱了"}, {"uid": "29775380", "content": "3连了"}, {"uid": "3575285", "content": "疯狂循环"}, {"uid": "26404032", "content": "开口跪"}, {"uid": "117565740", "content": "来啦来啦"}, {"uid": "54276839", "content": "真的是享受啊……"}, {"uid": "7092947", "content": "好美的歌声///"}, {"uid": "43411608", "content": "重新录制的 好耶"}, {"uid": "8402219", "content": "ohhhhh"}, {"uid": "8402219", "content": "ohhhhh"}, {"uid": "857629", "content": "好耶"}, {"uid": "260253631", "content": "大佬好"}, {"uid": "38752164", "content": "好棒棒"}, {"uid": "1911598", "content": "经典老番 泪目"}, {"uid": "1628337", "content": "好耶"}, {"uid": "128541", "content": "耳机 眼泪 原来我是老外"}, {"uid": "2480626", "content": "好宁静"}, {"uid": "6850285", "content": "单曲循环预定曲"}, {"uid": "23955182", "content": "这歌 没电技术敢唱？"}, {"uid": "4244862", "content": "す　すごい"}, {"uid": "3827357", "content": "太好听了！"}, {"uid": "8937535", "content": "666"}, {"uid": "10579112", "content": "tql"}, {"uid": "228333728", "content": "首页首页"}, {"uid": "26308271", "content": "哭了"}, {"uid": "9354201", "content": "这十足的余裕感"}, {"uid": "5269035", "content": "死脑循环中"}, {"uid": "448599542", "content": "好耶"}, {"uid": "99496813", "content": "首页通知书"}, {"uid": "12405758", "content": "在天空中回响的是那口琴(Harmonica)的乐声…"}, {"uid": "12405758", "content": "真美呢…有你在其中的美景…我永远不忘…"}, {"uid": "12405758", "content": "美丽的音色…歌吟的少女(Monica)…昆虫的振翅…指针的前进→"}, {"uid": "449968", "content": "泪目"}, {"uid": "13456881", "content": "太厉害了"}, {"uid": "9134350", "content": "专业"}, {"uid": "172888283", "content": "kksk"}, {"uid": "453938", "content": "sound horizon....泪目"}, {"uid": "17232385", "content": "有一说一这个旋律真的耳熟"}, {"uid": "17232385", "content": "空灵的感觉"}, {"uid": "3064113", "content": "什么是大佬啊"}, {"uid": "1876475", "content": "这里太棒了"}, {"uid": "13479883", "content": "泪目"}, {"uid": "58832", "content": "美丽之物是roman专辑难得的不是bad end的歌曲，其他几个都挺虐的"}, {"uid": "2951354", "content": "天使"}, {"uid": "5774810", "content": "awsl"}, {"uid": "5774810", "content": "awsl"}, {"uid": "8084176", "content": "太治愈了"}, {"uid": "226021", "content": "专业"}, {"uid": "14710308", "content": "好听"}, {"uid": "13664392", "content": "来了来了，好听好听"}, {"uid": "814296", "content": "热乎"}, {"uid": "8376997", "content": "ohhhhhhhhhhh"}, {"uid": "8376997", "content": "哇呜"}, {"uid": "146091", "content": "热乎的！"}, {"uid": "40294", "content": "开口跪了。。。"}, {"uid": "1911598", "content": "i了"}, {"uid": "619489", "content": "这个0902是不是打错了呀"}, {"uid": "432368194", "content": "感动"}, {"uid": "2480626", "content": "几刷了？"}, {"uid": "4661588", "content": "好美"}, {"uid": "1316252", "content": "太强了"}, {"uid": "4244862", "content": "すごい　すげー"}, {"uid": "2244887", "content": "爷青回"}, {"uid": "36164218", "content": "suki"}, {"uid": "34260922", "content": "卧槽"}, {"uid": "14838593", "content": "kirei"}, {"uid": "831569", "content": "好耶"}, {"uid": "872447", "content": "开口赞"}, {"uid": "12405758", "content": "在这摇曳着痛苦 生命的荒野上"}, {"uid": "12405758", "content": "原本是个爱哭鬼的我…"}, {"uid": "12405758", "content": "在你诞生的那天早上…"}, {"uid": "174118483", "content": "おおおおおおおおおおおお"}, {"uid": "26190509", "content": "第186条弹幕"}, {"uid": "2926109", "content": "好耶！"}, {"uid": "10579112", "content": "tql"}, {"uid": "376223092", "content": "。。。。好强"}, {"uid": "97224893", "content": "不是重录的，但是修改过"}, {"uid": "493615", "content": "kksk"}, {"uid": "150597365", "content": "入坑曲"}, {"uid": "27587177", "content": "好耶"}, {"uid": "11691053", "content": "kksk"}, {"uid": "2230640", "content": "来了来了"}, {"uid": "5244791", "content": "!"}, {"uid": "18513", "content": "kksk"}, {"uid": "34052376", "content": "suki"}, {"uid": "2209525", "content": "好听"}, {"uid": "3827357", "content": "ohhhhhhhhh"}, {"uid": "13271371", "content": "太棒了！"}, {"uid": "29141249", "content": "好耶"}, {"uid": "12803811", "content": "好耶"}, {"uid": "34795461", "content": "好汀"}, {"uid": "475643", "content": "强的离谱。。。"}, {"uid": "157507441", "content": "kksk"}, {"uid": "7769945", "content": "SH！"}, {"uid": "39331826", "content": "就是这味"}, {"uid": "18168108", "content": "爱剪辑靠。"}, {"uid": "12405758", "content": "真美呢…你所告诉我的美景…我永远不忘…"}, {"uid": "12405758", "content": "美丽的景色…咏唱的少女(Monica)…鸟儿的鸣叫…指针的旋律→"}, {"uid": "407781382", "content": "ohhhh"}, {"uid": "80063842", "content": "好耶"}, {"uid": "2348300", "content": "突然感觉半夜醒来也不错嘛，舒服"}, {"uid": "5244791", "content": "好耶"}, {"uid": "349726333", "content": "好耶"}, {"uid": "1954671", "content": "好耶好耶！"}, {"uid": "49575", "content": "在在在"}, {"uid": "2209525", "content": "好耶"}, {"uid": "14710308", "content": "有内味了"}, {"uid": "26649", "content": "很前排"}, {"uid": "8069644", "content": "热乎的"}, {"uid": "11559247", "content": "好听！"}, {"uid": "12803811", "content": "好耶"}, {"uid": "1324347", "content": "？？"}, {"uid": "438494013", "content": "好耶"}, {"uid": "11691053", "content": "好耶"}, {"uid": "2450569", "content": "鸟肌"}, {"uid": "347042511", "content": "好耶"}, {"uid": "2747601", "content": "赞"}, {"uid": "12405758", "content": "尽管会有病魔…灼烧着身体…"}, {"uid": "12405758", "content": "尽管会有痛苦…如落雨沉沉…"}, {"uid": "376223092", "content": "硬实力啊，没的说"}, {"uid": "110552", "content": "换气suki"}, {"uid": "13456881", "content": "哇"}, {"uid": "575379", "content": "好耶"}, {"uid": "17232385", "content": "不得不说真的强，高音随便拉"}, {"uid": "7796238", "content": "口水不争气地从眼角拉了下来"}, {"uid": "1849037", "content": "好耶"}, {"uid": "15400731", "content": "美丽之物 哎"}, {"uid": "6677", "content": "好耶"}, {"uid": "220631262", "content": "好听"}, {"uid": "43411608", "content": "好听"}, {"uid": "796296", "content": "好耶"}, {"uid": "184896429", "content": "更了"}, {"uid": "328831269", "content": "是这首"}, {"uid": "34574719", "content": "好耶"}, {"uid": "1911598", "content": "i了"}, {"uid": "26429699", "content": "awsl"}, {"uid": "297097818", "content": "好耶"}, {"uid": "596029514", "content": "I了I了"}, {"uid": "2681643", "content": "怎么sh的歌都有人说昭和曲了"}, {"uid": "5034643", "content": "好耶！"}, {"uid": "99530402", "content": "好耶"}, {"uid": "863201", "content": "好耶"}, {"uid": "290818236", "content": "没话说，棒"}, {"uid": "24213285", "content": "好耶"}, {"uid": "95268116", "content": "好听"}, {"uid": "210247581", "content": "龟龟"}, {"uid": "476428057", "content": "好耶"}, {"uid": "2175928", "content": "haoye1"}, {"uid": "34437835", "content": "nice"}, {"uid": "3308087", "content": "来了来了来了来了来了来了来了来了来了来了来了来了"}, {"uid": "110747928", "content": "片头总给人一种爱剪辑的感觉。"}]